uuid,article_content,translated_content,post_content,translated_post,language,translation_directionality,model,veracity,technique_keys,json_filepath,language(article_content),language(translated_content),language(post_content),language(translated_post),language(source),degree,source_dataset,HAT,MGT,MTT,HWT
7a7c58e9-0c17-452c-9195-9578b5589d95,"Recent polling data reveals Prince William as the most favored member of the British royal family, surpassing even Queen Elizabeth II in public admiration. Conducted by Ipsos MORI and King's College London ahead of a monarchy reform debate, the survey shows 62% of respondents prefer the Duke of Cambridge, while the Queen holds second place at 48%. Prince Harry follows closely with 36%, highlighting growing public interest in younger royals shaping the monarchy's future. The research indicates a notable shift in public sentiment, with Prince Charles receiving only 21% approval - less than half his 1984 figures according to historical polling data. Experts suggest this reflects a desire for generational succession, bypassing Charles in favor of William. Professor Roger Mortimore notes: 'Younger generations identify with William and Kate's modern approach, viewing them as relatable figures revitalizing traditional institutions.' Despite debates about royal expenses (£31 million annually plus security costs), 79% of Britons support maintaining the monarchy. However, 52% advocate for reduced funding, indicating mixed feelings about fiscal responsibilities alongside continued institutional support.","Uusin gallup-tutkimus osoittaa prinssi Williamin olevan Britannian suosituin kuninkaallinen, jättäen jopa kuningatar Elizabeth II:n taakseen. Ipsos MORIn ja King's College Londonin järjestämässä tutkimuksessa 62% vastaajista suosii Cambridgen herttuaa, kuningatar saa 48% kannatuksen. Prinssi Harry seuraa lähellä 36%:lla, korostaen nuorempien kuninkaallisten kasvavaa merkitystä monarkian tulevaisuudessa. Tutkimus osoittaa merkittävän mielipide muutoksen: prinssi Charles saa vain 21% hyväksyntää - alle puolet hänen 1984 lukemistaan. Asiantuntijat väittävät tämän heijastavan halua sukupolvenvaihdokseen, jossa William nousisi Charlesin ohi. Professori Roger Mortimore toteaa: 'Nuoret näkevät itsestään piirteitä Williamissa ja Katessa. Heidän moderni lähestymistapansa näyttää uudistavan perinteitä.' Vaikka 79% britti kansalaisista kannattaa monarkiaa, 52% vaatii sen rahoituksen vähentämistä. Keskustelua herättää kuninkaallisten 31 miljoonan punnan vuosittaiset kustannukset ja turvallisuuskulut, mikä luo ristiriitaisia tunteita instituution ylläpidosta.",Royal shake-up! 👑 Poll shows Prince William as top royal with 62% approval – Harry close behind at 36%! Young royals redefining monarchy's future while 52% want funding cuts. #RoyalNews #MonarchyUpdate,"Kuninkaallisten uusi aalto! 👑 Gallup: Prinssi William suosituin 62%:lla, Harry 36%:ssa! Nuoret kruununperijät muovaavat monarkian tulevaisuutta, mutta 52% haluaa rahoitusleikkauksia. #KuninkaallisetUutiset #MonarkianMuutos",fin,eng_x,deepseek-ai_DeepSeek-R1-Turbo,real_news,[2],/eng_x_r/deepseek-ai_DeepSeek-R1-Turbo/fin/CoI_7a7c58e9-0c17-452c-9195-9578b5589d95_fin_rewrite_moderate.json,eng,fin,eng,fin,eng,moderate,DialyNews,y,n,y,n
85d06924-fb28-42a4-9893-7aa2bd154514,"London (CNN) – Usain Bolt's electrifying speed and charismatic persona crowned him track royalty at the London Olympics, reinforcing his self-proclaimed status as a 'living legend.' New data from Twitter and Facebook confirms Bolt was the most discussed athlete, outperforming swimmer Michael Phelps – the most decorated Olympian in history. Bolt's 200-meter gold medal sprint sparked over 80,000 tweets per minute, making it Twitter's top Olympic moment. His 100-meter victory dominated Facebook discussions while ranking second on Twitter with 74,000 tweets/minute. Bolt also featured in the fourth most-discussed moment via Jamaica's world-record 4x100m relay. Andy Murray's tennis victory over Roger Federer ranked third on Twitter (57,000 tweets/minute). Twitter's top 10 athlete mentions included Phelps (2nd), Tom Daley (3rd), Ryan Lochte (4th), and Gabby Douglas (5th). Facebook's rankings showed similar dominance by Bolt and Phelps, followed by Douglas, Lochte, and Brazilian soccer star Neymar. Soccer generated over 5 million tweets as the most-discussed Olympic sport. However, the Spice Girls' closing ceremony performance peaked at 116,000 tweets/minute, surpassing most athletic events. Despite this, Bolt's social media supremacy remains unchallenged – his 8 million Facebook followers dwarf the Spice Girls' 166,000.","Lontoo (CNN) – Usain Boltin salamannopeus ja karismaattinen olemuksen teki hänestä Lontoon olympialaisien radan kuninkaan, vahvistaen hänen itsensä julistamaa 'elävän legendan' asemaa. Twitterin ja Facebookin uusien tietojen mukaan Bolt oli keskuksen eniten keskustelua herättänyt urheilija, ohittaen uimari Michael Phelpsin – kaikkien aikojen menestyneimmän olympiaurheilijan. Boltin 200 metrin kultajuoksusta syntyi yli 80 000 tweetiä minuutissa, mikä teki siitä Twitterin suosituimman olympiahetken. Hänen 100 metrin voittonsa dominoi Facebook-keskusteluja ja sijoittui toiseksi Twitterissä 74 000 tweetillä minuutissa. Bolt oli mukana myös neljänneksi puhutuimmassa hetkessä Jamaikan maailmanennätystä juosseessa 4x100 metrin viestijoukkueessa. Andy Murrayn tennisvoitto Roger Federeristä oli kolmanneksi puhutuin Twitter-hetki (57 000 tweetiä/min). Twitterin top 10 -urheilijalistalla olivat Phelps (2.), Tom Daley (3.), Ryan Lochte (4.) ja Gabby Douglas (5.). Facebookin listalla Bolt ja Phelps pitivät kärkipaikat, seuraajina Douglas, Lochte ja brasilialainen jalkapallotähti Neymar. Jalkapallo keräsi yli 5 miljoonaa tweetiä suosituimpana olympialajina. Spice Girlsin päättäjäisseremonia nousi kuitenkin huippuunsa 116 000 tweetillä minuutissa, ohittaen useimmat urheilutapahtumat. Boltin some-suprematia pysyy kuitenkin horjumattomana – hänen 8 miljoonaa Facebook-seuraajaansa jättävät Spice Girlsin 166 000 seuraajaa kauas taakseen.",⚡ Lightning Bolt strikes again! @usainbolt dominated London Olympics social chatter with 80k+ tweets/min during 200m win 🌍 #KingOfTrack #SocialMediaGold,⚡ Salama-Bolt iskee jälleen! @usainbolt hallitsi Lontoon olympialaisten some-keskusteluja 80k+ tweetillä/min 200m voitossa 🌍 #RadanKuningas #SomeKultaa,fin,eng_x,deepseek-ai_DeepSeek-R1-Turbo,real_news,[0],/eng_x_r/deepseek-ai_DeepSeek-R1-Turbo/fin/CoI_85d06924-fb28-42a4-9893-7aa2bd154514_fin_edit.json,eng,fin,eng,fin,eng,light,DialyNews,y,n,y,n
61631062-b6fb-43c4-9d07-b1a3fe5b006f,"Dozens were arrested following an illegal street race that closed Los Angeles' 105 Freeway for an hour early Sunday morning. The 'Crenshaw Takeover,' organized via social media, drew hundreds of participants and spectators. California Highway Patrol made multiple arrests for offenses including possession of stolen firearms, narcotics violations, and driving under the influence after intercepting the event around 3:30 am. Social media posts showed vehicles performing stunts and violent confrontations between participants. Authorities reported recurring safety concerns from such events, noting past incidents involving attacks on motorists and property damage. The shutdown caused major traffic disruptions near Crenshaw Boulevard, with smoke visible from tire burnouts during the unauthorized race.","Kymmeniä henkilöitä pidätettiin laittoman katuradan seurauksena, joka sulki Los Angelesin 105-tien tunnin ajaksi sunnuntaiaamuyöllä. Sosiaalisessa mediassa 'Crenshaw Takeover' -nimellä mainostettu tapahtuma keräsi satoja osanottajia ja katsojia. Kalifornian moottoripoliisi teki useita pidätyksiä muun muassa varastettujen aseiden hallussapidosta, huumausainerikkomuksista ja rattijuopumuksista keskeytettyään tapahtuman noin kello 3.30. Sosiaalisen median videoissa näkyi vaarallisia ajotemppuja ja osallistujien välistä tappeluita. Viranomaiset varoittivat tällaisten tapahtumien aiheuttamasta turvallisuusuhasta, sillä aiemmin on tapahtunut hyökkäyksiä autoilijoihin ja omaisuusvahinkoja. Tien sulkeminen aiheutti merkittäviä liikennejärjestelyhäiriöitä Crenshaw Boulevardin alueella, ja savupilvet kohosivat renkaiden polttamisen seurauksena.","🚨 #LAUpdate: Overnight chaos on 105 Freeway! Illegal 'Crenshaw Takeover' street race led to multiple arrests for firearms/DUI. Stay alert, LA – these events put everyone at risk! #StreetRacing #PublicSafety","🚨 #LosAngelesTiedote: Yöllä kaaos 105-tiellä! Laiton 'Crenshaw Takeover' -katurata johti useisiin pidätyksiin aseista/rattijuopumuksista. Olkaa varuillanne, näissä tapahtumissa vaaraa kaikille! #Katurata #Turvallisuus",fin,eng_x,deepseek-ai_DeepSeek-R1-Turbo,real_news,[1],/eng_x_r/deepseek-ai_DeepSeek-R1-Turbo/fin/CoI_61631062-b6fb-43c4-9d07-b1a3fe5b006f_fin_polish.json,eng,fin,eng,fin,eng,moderate,DialyNews,y,n,y,n
6bd224d7-556e-4838-8308-939c0e9c90dd,"(CNN) -- A New York Times front-page article Monday detailed a concerning trend in presidential campaign coverage: candidates demanding 'quote approval' to control which statements journalists can publish. Journalists' increasing compliance with these demands raises fundamental questions about press integrity. This development marks a significant shift in journalism practices, challenging traditional notions of independent reporting. Veteran journalist Dan Rather, covering campaigns since the 1950s, acknowledges historical negotiations between politicians and press but warns this new 'quote approval' tactic fundamentally alters the power dynamic. Campaigns now require reporters to submit quotes for editing by press officers before publication, stripping statements of spontaneity and authenticity. The practice undermines journalists' role as information brokers. While 'background briefings' with anonymous sourcing remain common and sometimes necessary, systematic quote sanitization deceives audiences by presenting vetted statements as genuine dialogue. Dean Baquet, New York Times managing editor, acknowledges the problematic trend but notes competitive pressures force compliance. Rather argues major outlets like NYT, Washington Post, and Wall Street Journal must lead resistance against these practices to protect press freedom. Quoting Thomas Jefferson's assertion that 'The only security of all is in a free press,' he emphasizes independent journalism's vital role in democracy, warning that capitulation transforms watchdogs into political lapdogs.","(CNN) -- Maanantaisen New York Timesin etusivujutun mukaan presidentinvaalikampanjoiden uutisointiin on ilmestynyt huolestuttava trendi: ehdokkaat vaativat 'lainaushyväksyntää' valvoakseen journalistejen julkaisemia lausuntoja. Toimittajien yhä yleisempi suostuminen näihin vaatimuksiin herättää perustavia kysymyksiä lehdistön eettisistä periaatteista. 1950-luvulta lähtien vaalikampanjoita seurannut toimittaja Dan Rather myöntää historialliset poliitikkojen ja lehdistön välisten neuvottelut, mutta varoittaa, että tämä uusi 'lainaushyväksyntä' muuttaa vallankäyttösuhteita perustavanlaatuisesti. Kampanjat vaativat nyt, että toimittajat lähettävät lainaukset lehdistöavustajien muokattaviksi ennen julkaisua, mikä poistaa lausunnoista autenttisuuden ja spontaanisuuden. Käytäntö heikentää journalistien asemaa puolueettomina tiedonvälittäjinä. Vaikka anonyymit 'taustabriefaukset' ovat yleisiä ja joskus tarpeen, systemaattinen lainausten puhdistus harhauttaa yleisöä esittäessä valvotut lausunnot aidoksi vuoropuheluksi. New York Timesin päätoimittaja Dean Baquet tunnustaa ongelmallisen trendin, mutta korostaa kilpailupaineiden pakottavan medioita mukautumaan. Rather vaatii suuria medioita kuten NYT:n, Washington Postin ja Wall Street Journalin johtamaan vastarintaa näitä käytäntöjä vastaan. Siteeraten Thomas Jeffersonin ajatusta 'vapaa lehdistö on kaiken turva', hän korostaa itsenäisen journalismin elintärkeää roolia demokratiassa. Varoituksenaan hän toteaa, että taipuminen muuttaa median vahtikoirat poliittisiksi lemmikeiksi.","🚨 Breaking: Politicians now editing journalists' quotes BEFORE publication? 🗞️ New report reveals 'quote approval' trend eroding press freedom. Veteran reporter sounds alarm: 'We're becoming lapdogs, not watchdogs.' #MediaIntegrity #DemocracyAtRisk","🚨 Uutiset: Poliitikot muokkaavat toimittajien lainauksia ENNEN julkaisua? 📰 Uusi raportti paljastaa 'lainaushyväksynnän' heikentävän lehdistönvapautta. Kokeneelta toimittajalta karu arvio: 'Kehittymme lemmikeiksi, ei vahtikoiriksi.' #LehdistönEtiikka #DemokratiaVaarassa",fin,eng_x,deepseek-ai_DeepSeek-R1-Turbo,real_news,[0],/eng_x_r/deepseek-ai_DeepSeek-R1-Turbo/fin/CoI_6bd224d7-556e-4838-8308-939c0e9c90dd_fin_edit.json,eng,"[fin,eng]",eng,fin,eng,light,DialyNews,y,n,y,n
400441f9-fb85-4ac5-b3dd-7bc2296c0fa2,"John Davis, 33, received a 17-year prison sentence for multiple violent crimes across Birmingham. Surveillance footage from May 3 shows Davis intentionally crashing into a police car before fleeing in a stolen Ford Ranger truck, which he later set ablaze. Nine days later, Davis and accomplices Steven Moore (28) and Andrew Quinn (28) broke into a Solihull home, assaulting a 50-year-old man with a brick and pepper spray while demanding jewelry. The family's emergency protocol - including a hidden panic alarm activated by their teenage daughter - enabled rapid police response. Officers arrested Moore at the scene, while mobile tracking led to Davis and Quinn's capture days later. Birmingham Crown Court imposed 15-17 year sentences, with Davis receiving additional penalties for dangerous driving and arson. Lead investigator DC Dave Bailey stated: 'These criminals showed utter disregard for civilian safety. The family's preparedness prevented greater harm and aided swift justice. Lengthy prison terms ensure community protection from these violent offenders.' Medical reports confirm the assaulted homeowner made full recovery from injuries sustained during the attack.","33-vuotias John Davis on tuomittu 17 vuodeksi vankeuteen Birminghamissa tehtyjen väkivaltarikosten johdosta. Valvontakameranauhoilta näkyy Davisin törmäävän tahallisesti poliisiautoon 3. toukokuuta, minkä jälkeen hän pakeni varastetulla Ford Ranger -pakettiautolla ja sytytti ajoneuvon tuleen. Yhdeksän päivää myöhemmin Davis ja kumppaninsa Steven Moore (28) sekä Andrew Quinn (28) murtautuivat kotiin Solihullissa, hyökäten 50-vuotiaan asukkaan kimppuun tiiliskivellä ja pippurisumutteella vaatiessaan koruja. Perheen ennalta suunniteltu turvallisuusjärjestelmä osoittautui pelastavaksi: teini-ikäinen tytär laukaisi hälytyksen, mikä mahdollisti poliisin nopean saapumisen. Moore pidätettiin heti paikan päällä, kun taas Davis ja Quinn kiinnitettiin muutaman päivän päästä puhelinpaikannusaineiston avulla. Birminghamin kruunun-oikeus langetti rikollisille 15–17 vuoden vankeustuomiot, ja Davis sai lisäksi rangaistuksen vaarallisesta ajotavasta sekä tuhopolttorikoksesta. Tutkintaa johtanut konstaapeli Dave Bailey totesi: 'Nämä miehet osoittivat täydellistä välinpitämättömyyttä siviilien turvallisuutta kohtaan. Perheen järjestäytyneisyys esti suurempia vahinkoja ja nopeutti rikollisten kiinnijäämistä.' Lääketieteelliset tiedot vahvistavat, että hyökätty mies toipui täysin vammoistaan.",🚨 BREAKING: Violent robber John Davis jailed 17 YEARS after wild police chase & home invasion! 👮♂️🔥 Family's quick-thinking with emergency alarm helped catch crooks. #CrimeNews #JusticeServed,🚨 UUTISET: Väkivaltainen ryöstäjä John Davis linnaan 17 VUODEKSI! 👮♂️🔥 Perheen nopea toiminta hälyttimellä auttoi rikollisten kiinnisaamisessa. #Rikosuutiset #OikeusToteutui,fin,eng_x,deepseek-ai_DeepSeek-R1-Turbo,real_news,[2],/eng_x_r/deepseek-ai_DeepSeek-R1-Turbo/fin/CoI_400441f9-fb85-4ac5-b3dd-7bc2296c0fa2_fin_rewrite_moderate.json,eng,"[fin,eng]",eng,fin,eng,moderate,DialyNews,y,n,y,n
79d605c5-c1d8-485f-b4b0-66724219afe9,"As Wimbledon commences and summer appears in full swing, UK conservationists report nature already displays autumnal changes typically seen in August or September. Following seven consecutive months of above-average temperatures, early berry ripening and accelerated plant development suggest an unusually swift seasonal transition. National Trust naturalist Matthew Oates notes: 'This year's weather patterns pushed ecosystems through an accelerated cycle - from a stormy winter to an exceptionally early spring, continuing rapidly into summer.' Verified data shows purple emperor butterflies emerged a month early, blackbirds ceased singing prematurely, and hawthorn/holly berries ripened months ahead of schedule. While many species thrive post-winter storms, concerns persist for butterflies like cabbage whites and bee populations. RSPB experts anticipate increased hedgerow activity as birds transition to early berry crops. Woodland Trust's Dr. Kate Lewthwaite encourages public observation of emerging autumn signs like blackberry ripening, noting nature's resilience despite climate challenges.","Kun Wimbledonin tennisturnaus käynnistyy ja kesä vaikuttaa täydessä vauhdissa, brittiläiset luontotieteilijät raportoivat heinäkuussa syksyyn tyypillisesti liittyviä muutoksia, jotka yleensä näkyvät vasta elo-syyskuussa. Seitsemän perättäisen lämpimän kuukauden jälkeen marjojen aikainen kypsyminen ja kasvien nopea kehitys viittaavat epätavallisen nopeaan vuodenajanvaihteeseen. National Trustin luontoasiantuntija Matthew Oates korostaa: 'Tämän vuoden sääolot ovat kiihdyttäneet luonnon kiertoa – myrskyisästä talvesta poikkeuksellisen varhaiseen kevääseen ja nopeaan kesään.' Viralliset tiedot osoittavat, että keisariperhoset esiintyivät kuukauden aikaisemmin, mustarastaat hiljenivät ennenaikaisesti, sekä orapihlaja- ja piikkipajanmarjat kypsyivät tavallista aikaisemmin. Vaikka monet lajit kukoistavat talven myrskyjen jälkeen, huoli kaalipersikoista ja mehiläisistä jatkuu. RSPB:n asiantuntijat ennustavat lintujen käyttävän aikaisia marjasatoja. Woodland Trustin tutkija Kate Lewthwaite kannustaa seuraamaan syksyn ensimerkkejä kuten mustikan kypsymistä, korostaen luonnon sopeutumiskykyä ilmastomuutoksen haasteisiin.","🌞🍂 Who flipped the seasonal switch? UK nature's racing into autumn MONTHS early! Butterflies, berries & birds behaving oddly – is climate shifting gears? #EarlyAutumn #NatureWatch #ClimateImpact","🌞🍂 Kuka painoi vuodenajat-nappia? Britannian luonto kiidättää syksyyn KUUKAUSIA aiemmin! Perhoset, marjat ja linnut sekoilevat – ilmasto muuttuukin vauhtia? #AikainenSyksy #LuontoVahti #Ilmastovaikutus",fin,eng_x,deepseek-ai_DeepSeek-R1-Turbo,real_news,[1],/eng_x_r/deepseek-ai_DeepSeek-R1-Turbo/fin/CoI_79d605c5-c1d8-485f-b4b0-66724219afe9_fin_polish.json,eng,fin,eng,fin,eng,moderate,DialyNews,y,n,y,n
c091fe54-7d9d-4809-a24d-35821ae0d8e0,"Country artist Mindy McCready passed away at 37 from a suspected self-inflicted gunshot wound, according to authorities in Cleburne County, Arkansas. Deputies responding to a Sunday afternoon emergency call discovered McCready's body on her home's porch. The tragedy leaves behind two young sons, including a 10-month-old infant whose father, music producer David Wilson, reportedly died by suicide weeks earlier. The Tennessee native's lifelong battles with substance abuse and psychological challenges were well-documented, including a 2010 appearance on 'Celebrity Rehab.' Dr. Drew Pinsky revealed he'd recently urged McCready to seek treatment, stating: 'Her greatest concern was judgment from others about prioritizing her wellbeing - that stigma ultimately proved devastating.' McCready rose to fame with her 1996 debut album featuring the hit 'Guys Do It All the Time.' A 2011 custody dispute over eldest son Zander escalated when authorities retrieved the five-year-old from a closet during a tense standoff at her residence. Fellow artists mourned McCready's passing on social media. Wynonna Judd tweeted: 'Addiction isn't moral failure - it's disease. When suffering becomes unbearable, people seek any escape.' McCready herself had written about her resilience in 2012: 'Though I've lost wealth and reputation, I remain a fighter - battered but unbroken.'","Kantrilaulaja Mindy McCready menehtyi 37-vuotiaana ilmeisesti itsemurhasta Arkansasin Cleburne Countyssä, kertovat paikalliset viranomaiset. Hätäkutsuun saapuneet poliisit löysivät McCreadyn ruumiin kodin kuistilta sunnuntai-iltapäivänä. Surullinen tapaus jättää jälkeensä kaksi pientä poikaa, mukaan lukien 10 kuukauden ikäinen vauva, jonka isä, musiikkituottaja David Wilson, menehtyi itsemurhan seurauksena vain viikkoja aiemmin. Tennesseestä kotoisin olleen artistin pitkäaikaiset kamppailut päihdeongelmien ja mielenterveyshaasteiden kanssa olivat julkisuudessa, kuten osallistuminen 'Celebrity Rehab' -ohjelmaan vuonna 2010. Dr. Drew Pinsky kertoi kehottaneensa McCreadyta hakeutumaan hoitoon: 'Hänen suurin huolensa oli muiden tuomio omasta hyvinvoinnista huolehtimisesta - tämä stigma oli lopulta kohtalokas.' McCready nousi kuuluisuuteen debyyttialbumillaan '10,000 Angels' (1996), jolla oli hitti 'Guys Do It All the Time'. Vuonna 2011 vanhemman poikansa Zanderin huoltajuuskiista kärjistyi, kun virkavalta löysi viisivuotiaan pojan kaapista McCreadyn kotona tehdyn etsinnän yhteydessä. Muusikkokollegat surivat McCreadyn poismenoa sosiaalisessa mediassa. Wynonna Judd kirjoitti Twitterissä: 'Riippuvuus ei ole moraalinen vika - se on sairaus. Kun kärsimys yltyy sietämättömäksi, ihmiset etsivät mitä tahansa keinoja kärsimyksen lopettamiseksi.' McCready itse oli kirjoittanut vuonna 2012: 'Vaikka menetin omaisuuteni ja maineeni, pysyn taistelijana - kolhiintunut mutta ei kukistunut.'",💔 Tragic loss: Country star Mindy McCready dies at 37. Her lifelong battle with addiction & mental health struggles highlights the urgent need to destigmatize seeking help. #MentalHealthMatters #EndTheStigma 🎶 'Battered but unbroken' - her words remind us to keep fighting. 🕊️,💔 Surullinen uutinen: Kantritähti Mindy McCready menehtyi 37-vuotiaana. Hänen pitkä taistelunsa riippuvuutta ja mielenterveysongelmia vastaan korostaa avun hakemisen tärkeyttä. #MielenterveysTärkeää #StigmaPoies 🎶 'Kolhiintunut mutta kukistumaton' - hänen sanansa muistuttavat taistelun jatkamisesta. 🕊️,fin,eng_x,deepseek-ai_DeepSeek-R1-Turbo,real_news,[2],/eng_x_r/deepseek-ai_DeepSeek-R1-Turbo/fin/CoI_c091fe54-7d9d-4809-a24d-35821ae0d8e0_fin_rewrite_complete.json,eng,fin,eng,fin,eng,complete,DialyNews,n,y,y,n
c408f81f-51c8-4978-a6a8-8489a7933a5e,"Russian military operations have intensified near strategic eastern Ukrainian positions, with concentrated assaults reported around Avdiivka and Bakhmut. Ukrainian defense forces claim successful resistance against 11 attacks near Avdiivka, 15 in the Maryinka sector, 22 near Bakhmut, and 6 additional engagements near Kupiansk, according to Thursday reports. Concurrently, President Vladimir Putin conducted an unannounced inspection of Russia's Southern Military District headquarters in Rostov-on-Don, marking his second visit within a month to review operational strategies. Avdiivka's strategic significance as a gateway to Donetsk has made it a focal point since mid-October. Ukrainian military officials describe sustained Russian infantry offensives supported by coordinated artillery and aerial strikes, though logistical challenges reportedly hinder Russian resupply efforts. Local authorities note adverse weather conditions temporarily impede ground movements, predicting escalated activity once terrain dries. Cross-accusations of attacks continue, with Russian authorities reporting Ukrainian shelling in Kherson's occupied territories while Ukraine claims successful overnight sea drone strikes damaging two crewed Russian landing boats carrying armored vehicles in Crimea. Russian defense ministry reports cite interceptions of Ukrainian drones over Crimea and Tula region. Unverified reports from both sides detail casualties and equipment losses, underscoring the conflict's fluid nature. Putin's Rostov visit coincided with diplomatic efforts in Kazakhstan, highlighting Russia's strategic balancing of military and geopolitical priorities.","Venäjän joukot ovat lisänneet toimintaansa Itä-Ukrainan strategisilla alueilla, erityisesti Avdiivkan ja Bakmutin lähistöllä. Ukrainan puolustusjoukot kertovat torjuneensa 11 hyökkäystä Avdiivkan seudulla, 15 Maryinkan alueella, 22 Bakmutissa sekä 6 yhteenottoa Kupjanskin pohjoispuolella torstaina. Samanaikaisesti presidentti Vladimir Putin teki yllätyskäynnin Venäjän eteläisen sotilaspiirin päämajaan Rostov-Donissa arvioidakseen operatiivisia suunnitelmia – toinen vierailu alle kuukauden sisään. Avdiivkan asema Donetskin porttina on tehnyt siitä keskeisen kohteen lokakuun puolivälistä lähtien. Ukrainan 3. erillisen hyökkäysprikaatin edustajat kuvaavat jatkuvia venäläisjalkaväen hyökkäyksiä, joita tukevat tykistö, droonit ja ilmaiskut. Huoltovaikeudet hidastavat kuitenkin venäläisten joukkojen täydennyksiä. Sadekeli rajoittaa maastoliikettä toistaiseksi, mutta maan kuivuessa odotetaan lisähyökkäyksiä. Osapuolet syyttävät toisiaan hyökkäyksistä: Venäjä väittää Ukrainan tulittaneen Khersonin miehitettyjä alueita, kun taas Ukraina ilmoitti yöllisessä meridrooni-iskussa vaurioittaneensa kahta pientä venäläistä maihinnousualusta Krimin rannikolla. Aluksissa oli miehistöä ja panssarivaunuja. Venäjän puolustusministeriö raportoi ukrainalaisten droonien tuhoamisesta Krimin ja Tulan alueen yllä. Vahvistamattomat raportit molemmilta osapuolilta korostavat konfliktin epävakautta. Putinin Rostov-visiitti osui samaan aikaan Kazakstanin diplomaattisten neuvottelujen kanssa, osoittaen Venäjän sotilaallisten ja geopoliittisten tavoitteiden yhtenäisyyttä.",🔥 Update: Heavy fighting continues near Avdiivka as Putin inspects war plans. Ukrainian forces repel dozens of attacks while both sides report drone strikes. Will wet ground slow the offensive? #UkraineConflict #Avdiivka #WarUpdate,"🔥 Päivitys: Raskaat taistelut jatkuvat Avdiivkan lähellä Putinin tarkastaessa sotasuunnitelmia. Ukrainalaisjoukot torjuvat hyökkäyksiä, molemmat osapuolet raportoivat drooni-iskuja. Hidastaako sadekeli hyökkäyksiä? #UkrainanKriisi #Avdiivka #Sotatilanne",fin,eng_x,deepseek-ai_DeepSeek-R1-Turbo,real_news,[2],/eng_x_r/deepseek-ai_DeepSeek-R1-Turbo/fin/CoI_c408f81f-51c8-4978-a6a8-8489a7933a5e_fin_rewrite_complete.json,eng,fin,eng,fin,eng,complete,GlobalNews,n,y,y,n
70971454-5719-4a70-88b7-f104218f74e9,"The bucket hat has staged a dramatic fashion comeback, transitioning from 1990s nostalgia item to modern wardrobe essential. Once associated with comedy characters Kevin and Perry, this headwear is now championed by style icons like Rihanna, who wore a floral design to recent NBA playoffs, and Chris Brown in his 'Loyal' music video. High-profile adopters including Miley Cyrus and Heidi Klum have further boosted its credibility. Retailers report surging demand, with ASOS offering versions from £10 to £40 alongside premium Chanel iterations. The London Collections: Men SS14 showcase featured multiple bucket hat designs, signaling industry confidence in its staying power. Fashion analysts note the hat's evolution from festival accessory to versatile streetwear staple, with brands like Fred Perry and Vans introducing tropical prints and modern variations.","Ämpärilakki on tehnyt mahtavan paluun muotikartalle, muuttuen 1990-luvun nostalgiatyylistä nykyaikaiseksi välttämättömäksi asusteekseen. Entisaikojen koomikot Kevin ja Perry nostivat sen tunnetuksi, ja nyt trendin jatkajina ovat Rihanna (kukka-aiheinen malli NBA-pudotuspeleissä) ja Chris Brown ('Loyal'-musiikkivideolla). Tähtikäyttäjät kuten Miley Cyrus ja Heidi Klum ovat vahvistaneet sen asemaa. ASOS myy nyt ämpärilakkeja 10–40 punnan hintaluokissa, kun taas Chanelin huippuluokan versiot houkuttelevat hifistelijöitä. Lontoon miestenmuotin syyskevät 2014 -näytökset laittoivat trendin kestämisestä vahvan viestin. Muotitietäjät näkevät ämpärilakin kehittyneen festarihuivista monipuoliseksi katutyylivalinnaksi, kun Fred Perry ja Vans tuovat markkinoille trooppisia kuvioita ja uudenaikaisia malleja.","Bucket hats are BACK! 🌊 From NBA courts to music videos, @rihanna & @chrisbrown are bringing this '90s staple into 2024. Cop the look from £10 @ASOS or go luxe with Chanel. Who's rocking it best? 👒 #ThrowbackFashion #StreetStyleRevival",Ämpärilakit TAKAISIN! 🎣 Rihannan NBA-tribuuneilta Chris Brownin musiikkivideoihin – tämä 90-lukulainen juttu on nyt kuuminta hottia. Hanki oma ASOS:lta 10€ alkaen tai luksusversio Chanelilta. Kuka vetää parhaiten? 👒 #RetroMuoti #Katutyylikapina,fin,eng_x,deepseek-ai_DeepSeek-R1-Turbo,real_news,[1],/eng_x_r/deepseek-ai_DeepSeek-R1-Turbo/fin/CoI_70971454-5719-4a70-88b7-f104218f74e9_fin_polish.json,eng,"[fin,eng]",eng,fin,eng,moderate,DialyNews,y,n,y,n
20616257-2293-4f02-8ee0-95d0c8c4002a,"By Dale O'Donnell Sportsmail consulted Manchester United blog Stretty News regarding the club's challenging start under manager Louis van Gaal. Following an unbeaten pre-season that included victories over Real Madrid and Liverpool, United suffered a 2-1 opening Premier League defeat to Swansea, a 1-1 draw at Sunderland, and a surprising 4-0 loss to League One side MK Dons in the Capital One Cup. Van Gaal introduced a 3-5-2 formation during the US tour, resulting in a 7-0 win against David Beckham's former club LA Galaxy. However, the team's performance declined upon returning to England, with a narrow last-minute win against Valencia highlighting growing concerns. The Dutch manager previously cautioned that his system would require three months to implement fully, citing a similar adaptation period at Bayern Munich where his team initially ranked sixth in the Bundesliga and third in their Champions League group. The analysis notes significant defensive challenges following the departures of veterans Nemanja Vidic, Rio Ferdinand, and Patrice Evra, with current signings lacking comparable experience. Midfield reinforcements like long-linked transfer targets Arturo Vidal or Nigel De Jong are suggested to better execute Van Gaal's preferred 4-3-3 formation. While acknowledging the scale of United's struggles, the piece maintains confidence in Van Gaal's proven track record and emphasizes the need for patience during this transitional phase.","Teksti: Dale O'Donnell Sportsmail keskusteli Manchester United -blogi Stretty Newsin kanssa seuran vaikean alun johdosta Louis van Gaalin valmennuksessa. Esikaudella häviöttömänä pysynyt United (ml. voitot Real Madridista ja Liverpoolista) kärsi avauskierroksella 2-1-tappion Swansealle, pelasi 1-1-tasapelin Sunderlandia vastaan ja koki yllättävän 4-0-tappion League One -seura MK Donsille Capital One Cupin toisella kierroksella. Van Gaal loi Yhdysvaltain-kiertueella 3-5-2-järjestelmän, joka johti 7-0-voittoon David Beckhamin entisestä seurasta LA Galaxysta. Suoritus kuitenkin heikkeni Englantiin palattua, kun viime hetken maalilla saavutettu voitto Valenciasta korosti huolia. Alankomaalainen valmentaja oli aiemmin todennut järjestelmänsä vaativan kolmen kuukauden toteutusajan, viitaten samankaltaiseen sopeutumisjaksoon Bayern Münchenissä – joukkue sijoittui tuolloin Bundesligassa kuudenneksi ja Mestarien liigan lohkossaan kolmanneksi. Analyysissa korostuu puolustuksen haasteet Nemanja Vidicin, Rio Ferdinandin ja Patrice Evran lähdön jälkeen, sillä nykyisiltä hankinnoilta puuttuu vastaava kokemus. Keskikenttä vahvistettaisiin parhaiten pitkään kiinnostuksen kohteena olleilla Arturo Vidalilla tai Nigel De Jongilla, mikä mahdollistaisi Van Gaalin suosiman 4-3-3-järjestelmän paremman toteutuksen. Vaikka Unitedin kamppailut ovat olleet merkittäviä, artikkeli osoittaa uskoa Van Gaalin menestyshistoriaan ja vaatii kärsivällisyyttä muutoskauden aikana.","🔴 #MUFC fans, rough start for LVG's Reds! 😓 From pre-season highs to Swansea loss + MK Dons thrashing. But remember: Van Gaal warned it takes 3 months! ⏳ New system needs time + signings. Keep faith? #GGMU 🔥",🔴 #MUFC-taustat huolissaan! 🚨 LVG:n United aloitti huonosti – tappioita Swansealle ja MK Donsille. Mutta muista: Van Gaal varoitti 3 kk sopeutumisajasta! ⏳ Uusi pelitapa vaatii aikaa + vahvistuksia. Jaksammeko uskoa? #GGMU 🔥,fin,eng_x,deepseek-ai_DeepSeek-R1-Turbo,real_news,[1],/eng_x_r/deepseek-ai_DeepSeek-R1-Turbo/fin/CoI_20616257-2293-4f02-8ee0-95d0c8c4002a_fin_polish.json,eng,fin,eng,fin,eng,moderate,DialyNews,y,n,y,n
b431df7e-718d-4471-8951-7cc897284fdf,"LONDON, England (CNN) – When economies face challenges, companies adapt strategically. Some deploy 'fighter brands' – budget versions of premium products under new names, designed to counter low-cost competitors. Qantas' 'Jetstar' exemplifies success, while failed attempts like United Airlines' 'Ted' show the risks. Mark Ritson from Melbourne Business School, writing in Harvard Business Review, notes increased fighter brand activity during recessions. He states: 'It's high-risk but can yield astonishing results when executed properly.' Intel's 1990s 'Celeron' chip successfully defended against AMD's affordable alternatives, unlike GM's loss-making 'Saturn' vehicles, which contributed to the company's 2009 bankruptcy. Experts warn against reactive strategies: 'Fighter brands often lack proper planning,' says Neil Saunders of Verdict Research. Key challenges include avoiding cannibalization of premium products and managing operational complexities. The airline industry's failed attempts (Ted, Song) contrast with Qantas' profitable Jetstar model. Ritson emphasizes: 'Success requires rigorous profitability analysis, not just competitive retaliation.' Saunders advises: 'Only pursue fighter brands if they align with core capabilities.' Ritson cautions about resource drain: 'Each new brand consumes millions in development and management time.'","LONTOO, Englanti (CNN) – Kun taloudet kohtaavat haasteita, yritykset sopeutuvat strategisesti. Jotkut lanseeraavat 'taistelumerkkejä' – premium-tuotteiden edullisia versioita uusilla nimillä, jotka on suunniteltu kilpailemaan halpatalouden kilpailijoita vastaan. Qantasin 'Jetstar' on menestyesimerkki, kun taas United Airlinesin epäonnistunut 'Ted' osoittaa riskejä. Melbourne Business Schoolin professori Mark Ritson kirjoittaa Harvard Business Reviewssa, että taistelumerkkien käyttö lisääntyy taantumien aikana. Hän sanoo: 'Korkean riskin strategia voi tuottaa loistavia tuloksia oikein toteutettuna.' Intelin 1990-luvulla lanseeraama 'Celeron'-suoritin torjui AMD:n edulliset vaihtoehdot, toisin kuin GM:n tappiollinen 'Saturn'-automalli, joka osaltaan johti yhtiön konkurssiin 2009. Asiantuntijat varoittavat hätiköidyistä ratkaisuista: 'Taistelumerkit usein suunnitellaan kiireessä', totesi Verdict Researchin Neil Saunders. Suurimmat haasteet liittyvät premium-tuotteiden kilpailun välttämiseen ja toiminnan hallintaan. Lentoyhtiöiden epäonnistuneet taistelumerkit (Ted, Song) korostavat Qantasin Jetstarin menestystä. Ritson painottaa: 'Menestys edellyttää tiukkaa kannattavuustarkastelua, ei pelkkää vastaiskua kilpailijoille.' Saunders neuvoo: 'Valitse taistelumerkki vain, jos se sopii ydintoimintaasi.' Ritson varoittaa: 'Jokainen uusi merkki kuluttaa miljoonia ja arvokasta johtamisresursseja.'",💥 Fighter brands: Secret weapon or business trap? 💼 Qantas' Jetstar soars while United's Ted crashed hard. Experts reveal why most fail – and how to beat the odds! #BusinessStrategy #EconomicSurvival 🚀 Read the full analysis!,"💥 Taistelumerkit: Salainen ase vai yritysansaa? ✈️ Qantasin Jetstar lentää kun Unitedin Ted epäonnistui. Asiantuntijat paljastavat, miksi useimmat floppaa – ja miten voittaa! #LiiketoimintaStrategia #TalousTaistelu 📈 Lue täysanalyysi!",fin,eng_x,deepseek-ai_DeepSeek-R1-Turbo,real_news,[0],/eng_x_r/deepseek-ai_DeepSeek-R1-Turbo/fin/CoI_b431df7e-718d-4471-8951-7cc897284fdf_fin_edit.json,eng,"[fin,eng]",eng,"[fin,eng]",eng,light,DialyNews,y,n,y,n
821d3daa-2637-4eb3-a6db-06f99807385e,"A Beijing court has imposed capital punishment on Han Lei, 39, following his conviction for fatally injuring a toddler during a parking altercation last July. The violent incident occurred when Han attempted to park at a bus stop occupied by a mother and her 2-year-10-month-old daughter. Court records detail how Han physically assaulted the parent before violently removing the child from her stroller and throwing her onto concrete pavement. The victim, identified as Sun, succumbed to traumatic brain injuries approximately 50 hours after the attack. Han's accomplice Li Ming received a five-year sentence for assisting his escape, later surrendering to authorities on July 25. Prosecutors emphasized Han's recent prison release and stable mental state during the crime, rejecting intoxication claims. During proceedings, the victim's family sought over 2.73 million yuan in damages. Public reactions on Weibo revealed polarized views, with most users supporting the death penalty while others questioned its finality.","Pekingin tuomioistuin on langettanut kuolemantuomion 39-vuotiaalle Han Leille heinäkuisessa pysäköintikiistasta johtuneesta lapsen surmaamisesta. Väkivaltainen tapaus sattui bussipysäkillä, jolla äiti odotti 2 vuotta ja 10 kuukautta vanhan tyttärensä kanssa. Tuomioistuimen asiakirjojen mukaan Han hyökkäsi äidin kimppuun ja heitti lapsen rattailta betonipäällysteelle. Uhri Sun menehtyi vakaviin aivovammoihin noin 50 tunnin kuluttua. Hanin avustaja Li Ming sai viiden vuoden vankeustuomion paon helpottamisesta ja antautui poliisille heinäkuun 25. päivänä. Syyttäjät korostivat Hanin äskettäistä vankilapäästöä ja hänen vakaa mielentilaansa rikosta tehdessään. Oikeudenkäynnissä uhrin perhe vaati yli 2,73 miljoonan jüanin (443,513 USD) korvauksia. Weibo-somealustalla julkisuuden reaktiot olivat jakautuneita, useimmat tukivat tuomiota kun taas osa kyseenalaisti kuolemanrangaistuksen.",Shocking Beijing case: Man gets death penalty for killing toddler in parking dispute. Accomplice jailed for 5 years. Public divided on harsh sentence. #JusticeForSun #ChinaLegalSystem,Järkyttävä tapaus Pekingissä: Mies saa kuolemantuomion pysäköintiriidasta johtuneesta lapsen surmaamisesta. Apulainen viideksi vuodeksi vankilaan. Joukkomielipide jakautunut. #OikeuttaSunille #KiinanOikeusjarjestelma,fin,eng_x,deepseek-ai_DeepSeek-R1-Turbo,real_news,[2],/eng_x_r/deepseek-ai_DeepSeek-R1-Turbo/fin/CoI_821d3daa-2637-4eb3-a6db-06f99807385e_fin_rewrite_moderate.json,eng,"[fin,eng]",eng,fin,,moderate,DialyNews,y,n,y,n
39c0a127-bcc4-4370-9666-c757b7af84ba,"PA Media reports Norwich City defender Martin Olsson faces disciplinary action from the Football Association following an alleged altercation with referee Simon Hooper. The incident occurred during Sunday's Championship opener where Wolves secured a 1-0 victory over Norwich. The Swedish international received his second yellow card in the 60th minute for a challenge on Wolves' Rajiv van La Parra, resulting in automatic dismissal. As Olsson began exiting the pitch at Molineux Stadium, he reportedly made physical contact with the match official. FA regulations state such conduct occurring outside direct match jurisdiction warrants separate review. Olsson could receive additional suspension beyond the standard one-game ban if found guilty. The defender has until 6pm on Thursday, 14 August 2014 to formally respond to the charge.","PA Media kertoo Norwich Cityn puolustajan Martin Olssonin joutuneen Jalkapalloliiton tutkintaan väitetyn yhteenoton jälkeen tuomari Simon Hooperin kanssa. Tapahtuma sattui sunnuntaina Championship-kauden avausottelussa, jossa Wolves voitti Norwichin 1-0. Ruotsalainen puolustaja sai toisen keltaisen kortin 60. minuutilla Rajiv van La Parran tekemästä taklauksesta, mikä johti automaattiseen ulosajoon. Olssonin lähtiessään Molineux-stadionilta hänen kerrotaan koskettaneen fyysisesti tuomaria. Jalkapalloliiton sääntöjen mukaan virkavallan vastainen käyttäytyminen ottelun ulkopuolella edellyttää erillistä käsittelyä. Olsson saattaa saada lisäpelikiellon peruspäätöksen lisäksi, jos syyte todetaan perustelluksi. Puolustajalla on aikaa vastata syytteeseen 14.8.2014 kello 18:00 saakka.",🔥 #FACharge alert! Norwich's Olsson under investigation after alleged ref contact during Wolves clash. Could face extended ban! ⚖️⏳ #FootballDiscipline → Deadline: Thurs 14 Aug @6pm,🚨 #Jalkapalloliitto tutkii Norwich-puolustaja Olssonin väitettyä tuomarikosketusta! Mahdollinen pelikielon pidentyminen? ⚖️⏳ #TuomariKontakti → Vastausaika 14.8. klo 18,fin,eng_x,deepseek-ai_DeepSeek-R1-Turbo,real_news,[2],/eng_x_r/deepseek-ai_DeepSeek-R1-Turbo/fin/CoI_39c0a127-bcc4-4370-9666-c757b7af84ba_fin_rewrite_light.json,eng,fin,eng,fin,eng,light,DialyNews,y,n,y,n
1f207936-8e22-4a77-bf13-c98026274bd5,"Beijing (CNN) – As China implements relaxed family planning rules, renowned filmmaker Zhang Yimou faces penalties for previous policy violations. The Oscar-nominated director acknowledged having three children with his wife Chen Ting, potentially incurring significant fines under existing regulations. China's family planning policies generally restrict urban couples to one child and rural couples to two, with recent amendments permitting two children if either parent lacks siblings. These revisions don't apply retroactively to Zhang's case. The National People's Congress ratified updated guidelines in November. Zhang, celebrated for films like 'Red Sorghum' and his direction of the 2008 Beijing Olympics ceremonies, publicly apologized via state media Xinhua: 'I sincerely regret violating family planning regulations. This was my error, and I'll cooperate fully with authorities.' In Jiangsu province, where the investigation occurs, penalties could reach 5-8 times the couple's combined annual income. Public opinion remains split, with some criticizing perceived elite exemptions while others support personal freedoms. Zhang's career has weathered multiple controversies, including temporary film bans for social critique. The director's background includes agricultural labor during the Cultural Revolution prior to his cinematic achievements.","Peking (CNN) – Kiina on hiljattain lieventänyt perhesuunnittelusääntöjään, mutta Oscar-ehdokkaana ollut elokuvaohjaaja Zhang Yimou kohtaa nyt seuraamuksia aiemmista säännönrikkomuksista. Ohjaaja myönsi saaneensa kolme lasta vaimonsa Chen Tingin kanssa, mikä voi johtaa huomattaviin sakkoihin nykyisten sääntöjen mukaan. Kiinan perhesuunnittelupolitiikka rajoittaa yleisesti kaupunkilaisparit yhteen lapseen ja maaseudun parit kahteen. Uusien sääntöjen mukaan parit saavat kaksi lasta, jos toinen vanhemmista on yksilapsinen – muutokset eivät kuitenkaan päde takautuvasti Zhangin tapaukseen. Kansankongressi vahvisti uudistetut ohjeet marraskuussa. Zhang, joka on tunnettu elokuvistaan 'Punainen durra' ja Pekingin olympialaisten seremoniasta, pyysi julkisesti anteeksi valtion Xinhua-uutistoimiston kautta: 'Pyydän anteeksi perhesuunnittelusääntöjen rikkomista. Tein virheen ja teen täyden yhteistyön viranomaisten kanssa.' Jiangsun maakunnassa, jossa asiaa tutkitaan, sakot voivat olla 5–8-kertaiset parin yhteistuloihin verrattuna. Kansan mielipide on jakautunut: jotkut arvostelevat julkisuuden henkilöiden erioikeuksia, kun taas toiset puolustavat yksityisen elämän vapauksia. Zhangin ura on kokenut useita kiistoja, mukaan lukien hänen elokuviensa tilapäiset esityskiellot yhteiskunnallisen kritiikin vuoksi. Ohjaajan nuoruusvuosien maatyöt kulttuurivallankumouksen aikana edelsivät hänen menestykseensä elokuvamaailmassa.",🎥 Oscar-nominated director Zhang Yimou faces backlash for violating China's family planning laws – could pay up to 8x annual income in fines! 😮 Public divided: 'Celebs think rules don't apply?' vs 'It's his personal choice!' #ChinaPolicy #CelebNews,🎥 Oscar-ehdokas Zhang Yimou joutui sakkoihin perhesuunnittelusääntöjen rikkomisesta – sakot voivat olla jopa 8-kertaiset vuosituloihin verrattuna! 😮 Kansa jakautunut: 'Julkkikset rikkovat sääntöjä?' vs 'Yksityisasia!' #KiinanPolitiikka #Julkkisuudet,fin,eng_x,deepseek-ai_DeepSeek-R1-Turbo,real_news,[0],/eng_x_r/deepseek-ai_DeepSeek-R1-Turbo/fin/CoI_1f207936-8e22-4a77-bf13-c98026274bd5_fin_edit.json,eng,fin,eng,fin,eng,light,DialyNews,y,n,y,n
5d8fbb71-9f6a-4482-bbe9-55eb563e1ced,"A heartwarming reunion unfolded as former Marine Lance Corporal Dylan Bogue was reunited with Moxie, his bomb-detection canine partner from Afghanistan, following a two-year separation. The black Labrador had recently concluded service with Boston's transit security team, including safeguarding this year's marathon events. Bogue and Moxie served together for seven months in Afghanistan after intensive training in North Carolina. Beyond detecting hidden explosives, the Marine emphasizes Moxie's psychological impact: 'Having her nearby brought calmness to our unit during high-stress combat situations—we shared that unspoken bond soldiers develop.' Both veteran and dog now navigate post-service life with PTSD symptoms. Handler Chip Leonard described relinquishing Moxie as 'the hardest decision I've made,' acknowledging her transition to civilian life with Bogue's three pit bulls and Australian shepherd. Vietnam War veteran Lon Hodge initiated the nationwide search through his service animal advocacy blog, highlighting working dogs' role in veterans' mental health support.",Adjusted 'rakennäjäytyskoira' to 'räjähteidenetsivä koira' for clarity Changed 'metrojärjestelmässä' to 'julkisen liikenteen turvatehtävissä' better reflecting transit security Added 'sotilasuran jälkeen' after 'entinen merijalkaväen sotilas' for temporal clarity Simplified 'sanomattoman sidon' to 'sotilastyypillisen yhteyden' for natural flow,"🐾 Mission Reunion Complete! After 2 years apart, Marine vet Dylan Bogue reunites with bomb-sniffing hero Moxie. From Afghan battlefields to Boston's streets, this brave duo now tackles PTSD together. #ServiceDogsSaveLives #BattleBuddyForever",🐾 Sodan veteraani Dylan ja räjähteidenetsivä koira Moxie yhdistyivät kahden vuoden jälkeen! Palveluskoira jatkaa nyt taistelua PTSD:ta vastaan kotirintamalla. #Sotilassidokset #KoiratMukana,fin,eng_x,deepseek-ai_DeepSeek-R1-Turbo,real_news,[2],/eng_x_r/deepseek-ai_DeepSeek-R1-Turbo/fin/CoI_5d8fbb71-9f6a-4482-bbe9-55eb563e1ced_fin_rewrite_moderate.json,eng,"[fin,eng]",eng,fin,eng,moderate,DialyNews,y,n,y,n
4ecdb0a8-7bf0-4761-9887-b143456079f9,"Wolfsburg midfielder Junior Malanda has died at age 20, announced by the Belgian Football Association. Reports indicate the Belgium U21 international was a passenger in a car that crashed on a motorway near Porta Westfalica, Germany, on Saturday afternoon amid heavy rain and wind. Two other occupants were hospitalized with serious injuries. Malanda joined Wolfsburg from Belgian club Zulte Waregem in 2013. A statement from belgianfootball.be read: 'The football world lost a great talent. Junior Malanda passed away at 20. Our condolences to his family.' Malanda was scheduled to fly to South Africa for Wolfsburg's winter training camp. Teammate Kevin De Bruyne posted on Instagram: 'Lost a friend way too early. Rest in peace.' Wolfsburg confirmed the death Saturday evening, with sporting director Klaus Allofs stating: 'We're deeply saddened. He was our team's joyful spirit and a rising talent.' Tributes poured in from players including Thibaut Courtois and Romelu Lukaku. The club canceled its South Africa trip as fans gathered at Volkswagen Arena to mourn.","Wolfsburgin keskikenttäpelaaja Junior Malanda on kuollut 20-vuotiaana, Belgian jalkapalloliitto ilmoitti. Belgia U21-maajoukkueen pelaaja oli matkustajana autossa, joka törmäsi puuhun Porta Westfalican moottoritiellä Saksassa lauantai-iltapäivänä rankkasateen ja kovan tuulen vallitessa. Kaksi muuta matkustajaa vietiin sairaalaan vakavasti loukkaantuneina. Malanda siirtyi Wolfsburgiin belgialaisesta Zulte Waregemista vuonna 2013. Belgian jalkapalloliiton sivustolla julkaistussa lausunnossa sanottiin: 'Jalkapallomaailma menetti suuren lahjakkuuden. Junior Malanda menehtyi 20-vuotiaana. Osanottomme hänen perheelleen.' Malanda oli määrä lähteä Wolfsburgin talviharjoitusleirille Etelä-Afrikkaan. Joukkuekaveri Kevin De Bruyne kirjoitti Instagramissa: 'Menetin ystävän liian aikaisin. Lepää rauhassa.' Wolfsburg vahvisti kuoleman lauantai-iltana. Urheilujohtaja Klaus Allofs totesi: 'Olemme syvästi surullisia. Hän oli joukkueemme iloisenhenkinen sielu ja nousussa oleva lahjakkuus.' Kunnianosoituksia lähettivät muun muassa Thibaut Courtois ja Romelu Lukaku. Seura peruutti Etelä-Afrikan-matkansa, kun fanit kokoontuivat Volkswagen Arenalle suruun purkautumaan.",Tragic loss in football ⚽️ Wolfsburg's rising star Junior Malanda (20) died in a car crash during stormy weather in Germany 😢 Teammates and fans mourn the young talent gone too soon #RIPJuniorMalanda #TooYoung,Jalkapallon suruhetki ⚽️ Wolfsburgin 20-vuotias lupaus Junior Malanda menehtyi auto-onnettomuudessa Saksassa myrskysäällä 😢 Joukkuekaverit ja fanit surevat ennenaikaista poismenoa #LepääRauhasaa #LiianAikaisin,fin,eng_x,deepseek-ai_DeepSeek-R1-Turbo,real_news,[0],/eng_x_r/deepseek-ai_DeepSeek-R1-Turbo/fin/CoI_4ecdb0a8-7bf0-4761-9887-b143456079f9_fin_edit.json,eng,fin,eng,fin,eng,light,DialyNews,y,n,y,n
811496ac-25ec-4d5d-993e-fa4f109fea9a,"Carla Marshall, 19, organized a symbolic wedding ceremony after medical professionals indicated her two-year-old son D'Shawn, diagnosed with life-limiting conditions including severe epilepsy and brain damage from neonatal respiratory failure, might not survive beyond six months. The event at St Michael and All Angels Church in Penkridge featured D'Shawn as ring bearer, facilitated by local charities. Marshall recalled: 'When D'Shawn maintained eye contact during our dance, it felt like profound connection.' Medical documentation confirms multiple hospitalizations since D'Shawn's respiratory arrest at two months old, resulting in microcephaly and developmental delays. The family focuses on creating memories while managing daily seizures and care needs.","19-vuotias Carla Marshall järjesti symbolisen hääseremonian, kun lääkärit arvelivat hänen kaksivuotiaan poikansa D'Shawnin, jolla on hengenvaarallisia sairauksia kuten vakava epilepsia ja synnynnäinen aivovaurio, elävän enää kuusi kuukautta. Penkridgen Pyhän Mikaelin kirkossa pidetyssä tilaisuudessa D'Shawn toimi sormustenkantajana paikallisten hyväntekeväisyysjärjestöjen tuella. Marshall kertoi: 'Kun D'Shawn piti katsekontaktia tanssin aikana, se tuntui syvältä yhteydeltä.' Lääketiedot vahvistavat useat sairaalaistutukset D'Shawnin kärsittyä hengityspysähdyksestä kaksikuukautisena, mikä johti pään pienikokoisuuteen ja kehityshäiriöihin. Perhe keskittyy arjen haasteista huolimatta yhteisiin muistoihin.","💔👰 A mother's love knows no bounds! Carla (19) created a magical 'wedding' moment with her terminally ill son D'Shawn (2) through community support. 'His smile made every challenge worth it,' she says. 👏 #LoveAndStrength #BucketListMoments","💔👰 Äidin rakkaus rikkoo kaikki rajat! Carla (19) loi koskettavan 'häätilaisuuden' parantumattomasti sairaan poikansa D'Shawnin (2) kanssa yhteisön tuella. 'Hänen hymynsä teki jokaisen haasteen arvoiseksi,' Carla kertoo. 👏 #RakkausJaVoima #ElämänLista",fin,eng_x,deepseek-ai_DeepSeek-R1-Turbo,real_news,[0],/eng_x_r/deepseek-ai_DeepSeek-R1-Turbo/fin/CoI_811496ac-25ec-4d5d-993e-fa4f109fea9a_fin_edit.json,eng,fin,eng,fin,eng,light,DialyNews,y,n,y,n
7da2d9bb-2f0c-4e38-b7e5-d7ab50f000be,"By Ian Drury and James Chapman | Published: 4 October 2012 | Updated: 5 October 2012 Prime Minister David Cameron has given ministers until Monday to secure government funding for Bomber Command veterans' memorial costs. The £550,000 shortfall for June's unveiling ceremony attended by the Queen will be covered through cross-departmental coordination. Veterans of the Second World War had faced potential financial hardship despite raising £6.5 million for the Green Park monument honoring 55,573 fallen aircrew. Unexpected costs for the large-scale event included security, insurance, and logistical support. Culture Secretary Maria Miller is expected to confirm the funding solution following the Prime Minister's intervention. A government spokesperson stated: 'Supporting those who served remains our priority.' Philanthropist John Caudwell, who contributed £1.8 million to the memorial, praised the decision: 'This ensures veterans aren't penalized for honoring their comrades.' Previous government support included £1 million in VAT relief and £375,000 in logistical assistance. The ceremony's attendance exceeded expectations, requiring expanded infrastructure. While some departments fulfilled financial commitments, full resolution required prime ministerial action.","Tekijät: Ian Drury ja James Chapman | Julkaistu: 4. lokakuuta 2012 | Päivitetty: 5. lokakuuta 2012 Pääministeri David Cameron on asettanut ministereille maanantaiseen asti aikaa varmistaa Bomber Command -veteraanien muistomerkkiseremonian rahoitus. Hallitus korvaa nyt 550 000 punnan vajeen kesäkuun paljastustilaisuudessa, jossa kuningatar osallistui. Toisen maailmansodan veteraanit kohtasit taloudellisia uhkia vaikka olivat keränneet 6,5 miljoonaa puntaa Lontoon Green Parkin muistomerkkiin. Yllättävät turvallisuus- ja logistiikkakustannukset kasvoivat odotettua suuremmiksi. Kulttuuriministeri Maria Miller ilmoittaa rahoitusratkaisusta pääministerin toiminnan johdosta. Hallituksen edustaja korosti: 'Veteraanien tukeminen on velvollisuutemme.' Filantrooppi John Caudwell, joka lahjoitti 1,8 miljoonaa puntaa, kommentoi: 'Nyt veteraanit säästyvät taloudellisilta ongelmilta.' Aiempi tuki sisälsi 1 miljoonan ALV-helpotuksen ja 375 000 punnan käytännön avun. Seremonian suuri suosio vaati lisäresursseja, ja täysi rahoitus varmistui vasta pääministerin henkilökohtaisen panostuksen ansiosta.","PM steps up for war heroes! 🎖️ Cameron ensures govt covers £550k memorial costs after veterans' plea. 'No one should pay to honor comrades,' says philanthropist Caudwell. #RespectTheBrave #NeverForget","Pääministeri tukee sotasankareita! 🎖️ Cameron varmistaa 550k muistomerkkikulujen korvauksen veteraanien puolesta. 'Kunnianosoitus ei saa maksaa kotia,' sanoo filantrooppi Caudwell. #KunnioitaRohkeutta #MuistaKaikki",fin,eng_x,deepseek-ai_DeepSeek-R1-Turbo,real_news,[0],/eng_x_r/deepseek-ai_DeepSeek-R1-Turbo/fin/CoI_7da2d9bb-2f0c-4e38-b7e5-d7ab50f000be_fin_edit.json,eng,fin,eng,fin,eng,light,DialyNews,y,n,y,n
d4f3e283-60dd-4a80-bf5e-366a2ed81225,"On 28 November 2023, G-Dragon, leader of K-pop group BIGBANG, sparked speculation by sharing a cryptic video on his official channel. The clip featured his 2017 track 'OUTRO. New Song' alongside concert footage, punctuated by the philosophical question 'Who am I?' The visual narrative incorporated references to Dante Alighieri's 14th-century epic poem 'The Divine Comedy' (written 1308-1321), fueling fan theories about new music. This follows G-Dragon's January 2023 statement: 'I plan to meet you through various activities this year. Album preparation is underway.' Concurrently, the artist faced a drug investigation initiated after a Seoul club manager's December 2022 allegation. G-Dragon consistently denied claims, stating: 'I have not taken drugs. Reports about drug law violations are unfounded.' Multiple negative test results led police to lift his travel restriction in October 2023, resolving the case. Fans now await musical developments as the artist moves past legal challenges.","28. marraskuuta 2023 BIGBANG-yhtyeen legendaarinen jäsen G-Dragon herätti jännitystä ja spekulaatioita julkaistuaan salaperäisen videon virallisella kanavallaan. Videolla esitettiin hänen vuoden 2017 kappaletta 'OUTRO. New Song' konserttikuviin yhdistettynä, ja se sisälsi filosofisen kysymyksen 'Kuka minä olen?' Visuaalinen kerronta viittasi Dante Alighierin 1300-luvulla kirjoittamaan eeppiseen runoelmaan 'Jumalainen näytelmä', mikä syvensi fanien spekulaatioita uudesta musiikista. Tämä tuli G-Dragonin tammikuun 2023 ilmoituksen jälkeen: 'Aion tavata teidät eri aktiviteettien kautta tänä vuonna. Albumin valmistelu on myös käynnissä.' Samalla artisti joutui huumetutkinnan kohteeksi Soulin Gangnamissa sijaitsevan klubin managerin joulukuussa 2022 tekemien väitteiden perusteella. G-Dragon kiisti syytökset alusta alkaen: 'En ole käyttänyt huumeita. Huumelakien rikkomisia koskevat uutiset eivät liity minuun.' Useat negatiiviset testitulokset johtivat poliisin poistamaan matkustuskiellon lokakuussa 2023. Fanit odottavat nyt innolla uusia vihjeitä artistin paluusta musiikkiin, kun huumekohu on selvinnyt.",🔥 BIG news! #GDragon drops cryptic video with Dante references sparking comeback rumors! 🎶 Police clear drug allegations after multiple negative tests. 🚨 'Album prep underway' – could new music drop soon? 👀 #BIGBANG #KpopComeback,🔥 JÄRKYTTÄVÄT UUTISET! #GDragon julkaisi salaperäisen videon Dante-viittauksin – uusi musiikki tulossa? 🎶 Poliisi hylkäsi huumesyytökset negatiivisten testien jälkeen. 📅 Albumi työn alla? 👀 #BIGBANG #PaluuAreenoille,fin,eng_x,deepseek-ai_DeepSeek-R1-Turbo,real_news,[0],/eng_x_r/deepseek-ai_DeepSeek-R1-Turbo/fin/CoI_d4f3e283-60dd-4a80-bf5e-366a2ed81225_fin_edit.json,eng,fin,eng,fin,"[eng,ita]",light,GlobalNews,y,n,y,n
33e96901-26f6-4760-879d-bbe3a49c6dca,"A construction worker died after being trapped under collapsing concrete and debris at a Staten Island demolition site. The partial roof collapse occurred at 8:15 a.m. on Friday at a former Dana car dealership located along a service road adjacent to the Shore Expressway. FDNY personnel extracted the worker from the rubble and transported him to Richmond University Medical Center, where he was pronounced dead. Three other construction workers evacuated the structure safely prior to the collapse. Ironhorse Development, managing the demolition project, confirmed the incident occurred at the site of the former dealership. The current Dana dealership operates unaffected in a neighboring building. New York City Buildings Department officials have opened an investigation but declined to provide preliminary findings during ongoing evidence collection.",Adjusted 'Shore Expressway' to 'Shoren moottoritie' for Finnish context Clarified 'service road' as 'palvelutien varrella' Standardized medical facility name as 'Richmond University Medical Center -sairaalaan' Added hyphenation for compound nouns per Finnish style guidelines,Tragedy in Staten Island: A construction worker lost his life in a demolition site collapse Friday morning. Three others escaped safely as emergency crews responded. Investigations ongoing. #WorkplaceSafety #StatenIslandTragedy,Surullinen tapaus Staten Islandilla: Rakennustyöläinen menehtyi perjantaina puretun rakennuksen romahdettua. Kolme muuta pelastui. Tutkinta käynnissä. #Työturvallisuus #Rakennusonnettomuus,fin,eng_x,deepseek-ai_DeepSeek-R1-Turbo,real_news,[1],/eng_x_r/deepseek-ai_DeepSeek-R1-Turbo/fin/CoI_33e96901-26f6-4760-879d-bbe3a49c6dca_fin_polish.json,eng,"[eng,fin]",eng,fin,eng,moderate,DialyNews,y,n,y,n
88305f72-3f2b-44e7-9ec9-a418fa0fb7df,"MIAMI, Florida (CNN) – As punk rock pioneer with The Stooges, Iggy Pop's legendary stage presence inspired generations. After decades in intense urban environments, the music icon sought tranquility in Miami. CNN's 'My City, My Life' explored Pop's connection to his adopted hometown. When asked about relocating, Pop explained: 'After 25 years in gloomy media hubs, I wanted elegance mixed with peace. Miami offers convenient serenity.' He describes the city as his antithesis – where his practicality meets its moodiness, his steadiness contrasts its flair. The artist finds creative spark in nature rather than substances nowadays: 'Exercise or water-gazing replaces youthful habits. Music writing requires minimalism – like condensed poetry.' He humorously admits specializing in 'space staring.' Pop cherishes Miami's primal elements: 'The healing light, ocean vistas, and ever-changing skies comfort me most.' When pitching the city, he suggests: 'Come heal after northern struggles.' His warning? Watch for carjackers – a recurring jest. Rejecting comparisons to coastal rivals, Pop notes Miami's aspirational appeal versus career-driven cities. While acknowledging retirement stereotypes, he observes evolving cultural depth. Urban growth pushes him 'toward edges like displaced natives,' but he adapts. Musically, Pop praises Miami's diverse scene: 'World-class artists across genres, including punk upstarts. Rock isn't dominant here – healthy perspective.' Personifying the city, he chooses silent film star Rudolf Valentino – 'darkly alluring, sparking global imagination.' Final verdict? 'Sunny haven for intriguing characters.'","MIAMI, Florida (CNN) – Punk-musiikin uranuurtaja Iggy Pop, joka vaikutti The Stooges -yhtyeessä, on inspiroinut sukupolvia legendaarisilla esiintymisillään. Vuosikymmenten intensiivisen kaupunkielämän jälkeen muusikkolegenda etsi rauhaa Miamista. CNN:n 'My City, My Life' -ohjelma tutki Popin suhdetta tämän omaksuneeseen kotikaupunkiin. Muuton syystä kysyttäessä Pop selitti: '25 vuoden jälkeen synkissä mediametropoleissa kaipasin eleganssia ja rauhaa. Miami tarjoaa käytännöllistä rauhallisuutta.' Hän kuvailee kaupungin vastakohdakseen – paikassa, jossa hänen käytännöllisyytensä kohtaa kaupungin tunnelmahuiputukset, ja vakautensa muodostaa kontrastin sen tyylikkyydelle. Nykyään artisti löytää luovan inspiraationsa luonnosta: 'Liikunta tai meren tuijottaminen korvaa nuoruuden tavat. Sävellystyö vaatii tiiviyttä – kuin runon kirjoittamista.' Hän vitsailee erikoistuneensa 'tyhjän päähän tuijottamiseen'. Pop vaalii Miamin luonnonelementtejä: 'Parantava valo, merinäkymät ja aina muuttuva taivas ovat suurin lohduttajani.' Kaupungin mainostamisessa hän ehdottaa: 'Tule parantumaan pohjoisen taistelujen jälkeen.' Hänen leikkisä varoituksensa? 'Varo vuokra-auton kaappaajia' – toistuva vitsi. Hyläten vertailut muihin rannikkokaupunkeihin, Pop korostaa Miamin tähtäilevää vetovoimaa. Hän myöntää eläkeläistereotypiat mutta korostaa kehittyvää kulttuurisyvyyttä. Kaupungin kasvu työntää häntä 'kaupungin reunoille kuin alkuperäiskansojen edustajaa', mutta hän sopeutuu. Musiikissa Pop ylistää Miamin monipuolisuutta: 'Huippuluokan muusikoita joka genreissä – latinosta soulhun, punk-uusia kykyjä. Rock ei ole täällä hallitseva – terveellinen näkökulma.' Kaupungin henkilöimisenä hän valitsee Rudolf Valentinon – 'pimeän viehättävä, maailman mielikuvitusta sytyttävä'. Ytimekäs tiivistys? 'Aurinkoinen paikka arvoituksellisille persoonille.'",Punk legend @IggyPop spills the Miami tea ☀️ Why he traded mosh pits for ocean views: 'Nature's my new muse!' Discover how the city's vibe fuels his creativity ↓ #PunkRoyalty #MiamiMagic #RocknRollOasis,Punk-legenda @IggyPop paljastaa Miamin salat ☀️ Miksi vaihtoi mosh-pitit merinäkymiin: 'Luonto on uusi musani!' Katso miten kaupungin energia ruokkii luovuutta ↓ #PunkKuninkaalliset #MiamiTaika #RocknRollKeidas,fin,eng_x,deepseek-ai_DeepSeek-R1-Turbo,real_news,[2],/eng_x_r/deepseek-ai_DeepSeek-R1-Turbo/fin/CoI_88305f72-3f2b-44e7-9ec9-a418fa0fb7df_fin_rewrite_light.json,eng,"[fin,eng]",eng,fin,eng,light,DialyNews,y,n,y,n
ff6c8433-c356-4fc4-bbb0-c1628bd614dc,"Brendan Rodgers defended his team selection against criticism while maintaining Liverpool fielded a competitive side against Real Madrid. The manager rotated seven first-team players for the Champions League match at Bernabéu Stadium, with captain Steven Gerrard, Mario Balotelli, Jordan Henderson, Raheem Sterling, and Glen Johnson among those rested. This decision sparked debate about potential conflicts with UEFA's Rule 4.01d, which requires clubs to 'field their strongest team throughout the competition.' Rodgers addressed concerns about fan disappointment in a pre-match ITV interview: 'I'd be surprised if they're disappointed. We've got a strong team for the game – we're not forfeiting.' The manager justified his selection by noting players deserved opportunities after their performance in Liverpool's Capital One Cup victory against Swansea City the previous week.","Brendan Rodgers puolusti joukkuevalintojaan kritiikkiä vastaan ja vakuutti Liverpoolin asettaneen kilpailukykyisen joukkueen Real Madridia vastaan. Manageri vaihtoi seitsemän avauskokoonpanon pelaajaa Mestarien liigan otteluun Bernabéulla, mukaan lukien kapteeni Steven Gerrard, Mario Balotelli, Jordan Henderson, Raheem Sterling ja Glen Johnson. Tämä herätti keskustelua UEFA:n säännön 4.01d mahdollisesta rikkomisesta, joka velvoittaa seurat 'käyttämään vahvinta mahdollista joukkuetta koko turnauksen ajan.' Rodgers kommentoi fanien mahdollista pettymystä ITV:lle ennen ottelua: 'Yllätyn, jos he ovat pettyneitä. Meillä on vahva joukkue – emme luovuta pelistä.' Manageri perusteli valintojaan pelaajien ansaitsemilla mahdollisuuksilla, viitaten edellisviikolla Swansea City:tä vastaan tehtyyn Capital One Cup -voittoon.",'Rodgers defends Liverpool rotation: 'We fielded a strong team!'' 🔴 #LFC boss addresses selection debate after resting stars vs Real Madrid. UEFA rules discussion sparks fan reactions ⚽ #UEFA #ChampionsLeague,'Rodgers puolusti Liverpoolin joukkuevuoroja: 'Asetimme vahvan joukkueen!'' 🔴 #LFC -pomo kommentoi valintakohua Real Madrid -ottelun jälkeen. UEFA-sääntökeskustelu herättää fanien reaktioita ⚽ #UEFA #MestarienLiiga,fin,eng_x,deepseek-ai_DeepSeek-R1-Turbo,real_news,[0],/eng_x_r/deepseek-ai_DeepSeek-R1-Turbo/fin/CoI_ff6c8433-c356-4fc4-bbb0-c1628bd614dc_fin_edit.json,eng,"[fin,eng]",eng,fin,eng,light,DialyNews,y,n,y,n
103ec1d2-12f9-4360-b925-43f98429fd84,"CONCORD, N.H. -- The sun shone brightly in June 1979 as Rosalynn Carter navigated an enthusiastic crowd in Laconia, New Hampshire. 'She shook my hand!' exclaimed one participant. The first lady visited the Laconia State School - a facility the U.S. Justice Department had criticized as 'a classic example of warehousing' - alongside Gov. Hugh Gallen, who shared her commitment to improving conditions. Dayton Duncan, Gallen's press secretary, noted: 'Her decision to engage directly with staff and residents set this visit apart from typical political events.' Post-presidency, the Carters established programs that monitored elections in at least 113 countries and nearly eradicated Guinea worm disease. However, Jimmy Carter emphasized that The Carter Center's mental health work alone would define its success, according to Kathy Cade, the center's vice chair. Rosalynn Carter's advocacy began during Jimmy's 1966 gubernatorial campaign after encountering families struggling with mental health care access. Her 2010 memoir details how these experiences inspired policy changes, including Georgia's mental health commission and the federal Mental Health Systems Act of 1980. Though repealed under Reagan, this legislation established foundational community care principles. The Carter Center's mental health journalism fellowships, created in 1991, have supported over 220 journalists from the U.S. and six other countries. Fellows like Marion Scher in South Africa demonstrated the program's ripple effect, with her article prompting unprecedented public engagement. Colleagues attribute Carter's effectiveness to her empathetic listening and strategic thinking. Cynthia Wainscott recalled her innovative approach to messaging: reframing '20% of Americans' as 'one in five' increased public resonance. Journalist Bill Lichtenstein credits Carter with reducing stigma that hinders healthcare access.","CONCORD, N.H. -- Kesäkuun 1979 auringonpaisteessa Rosalynn Carter kulki innostuneen väkijoukon läpi Laconiassa, New Hampshiressa. 'Hän puristi kättäni!' huudahti yksi osallistuja. Presidentin puoliso vieraili Laconia State School -laitoksessa, jota Yhdysvaltain oikeusministeriö oli luonnehtinut 'klassiseksi esimerkiksi potilaiden varastoinnista', yhdessä kuvernööri Hugh Gallenin kanssa. Gallenin lehdistösihteeri Dayton Duncan totesi: 'Hänen päätöksensä keskustella suoraan henkilökunnan ja asukkaiden kanssa teki tästä vierailusta erityisen verrattuna tavallisiin poliittisiin tapahtumiin.' Presidenttikauden jälkeen Carterit aloittivat ohjelmat, jotka valvoivat vaaleja 113 maassa ja lähes hävittivät guineamadon kehitysmaista. Jimmy Carter korosti kuitenkin Carter Centerin mielenterveystyön olevan sen menestyksen määrittävä tekijä, kuten keskuksen varapuheenjohtaja Kathy Cade kertoi. Rosalynn Carterin ajatus alkoi Jimmyn vuoden 1966 kuvernöörikampanjasta, kun hän kohtasi perheitä, joilla oli vaikeuksia saada mielenterveyspalveluja. Hänen vuonna 2010 julkaistu muistelmansa kertoo, kuinka nämä kokemukset inspiroivat lainsäädäntömuutoksia, mukaan lukien Georgian mielenterveyskomission ja vuoden 1980 Mental Health Systems Act -lain. Vaikka laki kumottiin Reaganin kaudella, se loi perustan yhteisöihin perustuvalle hoidolle. Carter Centerin mielenterveysjournalismin stipendiohjelma, perustettu 1991, on tukenut yli 220 toimittajaa Yhdysvalloista ja kuudesta muusta maasta. Etelä-Afrikassa Marion Scherin kaltaiset stipendiaatit osoittivat ohjelman laajenevan vaikutuksen artikkelillaan, joka herätti ennennäkemätöntä kansalaisten kiinnostusta. Kollegat pitävät Carterin tehokkuuden syynä hänen empaattista kuuntelukykyään ja strategista ajatteluaan. Cynthia Wainscott muisteli hänen innovatiivista viestintätapaansa: '20% amerikkalaisista' -muotoilun vaihtaminen 'joka viidennelle' lisäsi yleisön resonanssia. Toimittaja Bill Lichtenstein antaa Carterille kunnian stigmaan vähentämisestä, joka estää terveydenhuollon saantia.","🌟 #MentalHealthChampion Rosalynn Carter's legacy lives on! From transforming care laws to empowering journalists worldwide, her 50+ year fight against stigma changed millions of lives. #EndTheStigma #CarterLegacy 💬 'Her power came from the heart,' say colleagues. Learn how one First Lady reshaped mental health care:","🌟 #MielenterveydenEdelläkävijä Rosalynn Carterin perintö elää! Lainsäädäntömuutoksista toimittajien koulutukseen – hänen 50+ vuoden taistelunsa stigmaa vastaan muutti miljoonien elämiä. #LopetetaanStigma #CarterinPerintö 💬 'Hänen voimansa tuli sydämestä,' kertovat kollegat. Lisää vaikuttavasta työstä:",fin,eng_x,deepseek-ai_DeepSeek-R1-Turbo,real_news,[0],/eng_x_r/deepseek-ai_DeepSeek-R1-Turbo/fin/CoI_103ec1d2-12f9-4360-b925-43f98429fd84_fin_edit.json,eng,"[fin,eng]",eng,fin,eng,light,GlobalNews,y,n,y,n
66cdfca6-28e0-4ba3-9b5b-61c3bb08f595,"Irish musician Sinead O'Connor recently published an open letter to pop star Miley Cyrus expressing concern about the younger artist's evolving public persona. The message, framed as maternal advice, criticized music industry pressures that encourage hypersexualized performances, including Cyrus's recent awards show appearance and Terry Richardson photoshoot that featured controversial imagery. O'Connor specifically referenced Cyrus's 'Wrecking Ball' video - which the younger artist had cited as being influenced by O'Connor's iconic 'Nothing Compares 2 U' visual - urging her to avoid being 'exploited by profit-driven executives.' The public nature of the critique escalated tensions. Cyrus responded on social media by sharing O'Connor's past tweets about mental health struggles, drawing comparisons to actress Amanda Bynes' public challenges. O'Connor retaliated with legal threats demanding apology, while paradoxically using language that objectified Cyrus despite advocating for women's empowerment in her initial letter. This exchange reignited debates about young artists' autonomy in the music industry. While some applauded O'Connor for addressing systemic exploitation patterns seen with artists like Britney Spears, others criticized her approach as counterproductive public shaming. Commentators noted the cultural impact of Cyrus introducing 'twerking' to mainstream audiences while questioning whether such strategies ensure lasting careers versus temporary notoriety.","Irlantilainen laulaja-lauluntekijä Sinead O'Connor julkaisi avoimen kirjeen poptähti Miley Cyrukselle ilmaistakseen huolensa tämän viimeaikaisen julkisen imagon kehittymisestä. Kirjeessään O'Connor arvosteli musiikkiteollisuuden aiheuttamia paineita, jotka johtavat liian seksualisoituihin esiintymisiin. Tähän liittyen hän mainitsi Cyruksen viimeaikaisen palkintogaalaesityksen sekä Terry Richardsonin kiistanalaiset valokuvat, joissa Cyrus esiintyy provokatiivisissa asennoissa. O'Connor viittasi erityisesti Cyruksen 'Wrecking Ball' -musiikkivideoon - johon Cyrus itse oli kertonut saaneen vaikutteita O'Connorin klassikkovideosta 'Nothing Compares 2 U' - kehottaen nuorta tähteä välttämään 'alansa rahanhimoisten toimijoiden hyväksikäyttöä'. Julkinen kritiikki johti julkiseen sanasotaan. Cyrus vastasi jakamalla someen O'Connorin vanhoja viestejä, joissa tämä kertoi mielenterveysongelmistaan, vertaillen tilannetta Amanda Bynesin julkisiin vaikeuksiin. O'Connor vastasi uhkaamalla oikeustoimilla vaatien julkista anteeksipyyntöä, mikä näytti ristiriitaiselta hänen alkuperäisessä kirjeessään esittämiensä naisvaltausta korostavien periaatteiden kanssa. Tämä väittely herätti uudelleen keskustelun nuorten naisartistien asemasta musiikkialalla. Vaikka jotkut pitivät O'Connorin puheenvuoroa tarpeellisena alan epäkohtien nostamiseksi (kuten Britney Spearsin tapauksessa), kritiikkiä herätti O'Connorin julkinen häpeäminen. Asiantuntijat huomauttivat, että Cyruksen suosioon liittyvä 'twerkkaus'-ilmiö tuo esiin kysymyksiä taiteellisesta ilmaisuvapaudesta ja sen pitkän tähtäimen vaikutuksista uralla.",🎵 When advice becomes a showdown: @SineadOConnor's open letter to @MileyCyrus sparks debate about artistry vs. exploitation in music biz. From 'Wrecking Ball' to Twitter storms - who really benefits? 💥 #MusicIndustryInsights #GenZvsMillennial,🎵 Nettikirjeestä somekohu: @SineadOConnorin avoin viesti @MileyCyrukselle sytytti keskustelun taiteen ja hyväksikäytön rajoista. Musiikkialan ikiaikainen kysymys - kuka oikeasti hyötyy? 💥 #MusiikkiteollisuudenKääntöpuolet #SukupolvienYhteentörmäys,fin,eng_x,deepseek-ai_DeepSeek-R1-Turbo,real_news,[2],/eng_x_r/deepseek-ai_DeepSeek-R1-Turbo/fin/CoI_66cdfca6-28e0-4ba3-9b5b-61c3bb08f595_fin_rewrite_complete.json,eng,fin,eng,fin,eng,complete,DialyNews,n,y,y,n
83f51d60-8ec5-4a2b-862e-c3c57aad6d03,"When Bostjan Cesar last faced Wayne Rooney at Wembley in 2009, a reckless challenge from the England striker left him sidelined for five weeks. As Slovenia's captain prepares to face England again today, he humorously suggests he might 'squeeze Rooney's hand a little harder' during the pre-match handshake. The pivotal 2009 incident saw Rooney win a controversial penalty after colliding with Cesar, resulting in a 2-1 England victory and the Slovenian defender's early exit from the match. Despite previously accusing Rooney of intentional harm, Cesar now downplays any lingering animosity: 'I was frustrated then, but it's history. On the pitch I compete fiercely, but there's no vendetta.' The 32-year-old defender marks his 81st international cap in this match, becoming Slovenia's most-capped player while Rooney earns his 100th England appearance. Cesar believes Slovenia can exploit England's transitional squad: 'Their new generation lacks the experience of legends like Lampard or Terry. While physically strong, such changes create vulnerabilities.' Ranked 36th globally, Slovenia sits second in Group E after recent wins against Switzerland and Lithuania. The former West Brom defender maintains strong English connections through his Clapham-based 'Fish in a Tie' restaurant and Premier League aspirations: 'I dream of managing West Brom someday. English football's intensity is unmatched - attackers chase every ball, fans are passionate.' When asked about scripting a fairytale Wembley winner, Cesar grinned: 'That would certainly top my career highlights.'","Kun Bostjan Cesar viimeksi kohtasi Wayne Rooneyn Wembleyllä 2009, englantilaisen hyökkääjän ajatteleton taklaus piti hänet sivussa viisi viikkoa. Slovenian kapteeni valmistautuu nyt uuteen Englandi-kohtaamiseen ja vitsailee, että saattaa 'puristaa Rooneyn kättä hieman lujemmin' ennen ottelua. Kiistanalainen 2009-tilanne päättyi Rooneyn ansaitsemaan rangaistuspotkuun, joka johti Englannin 2-1-voittoon ja Cesarin jättäytymiseen pois pelistä. Vaikka Cesar aiemmin syytti Rooneya tahallisesta vahingonteosta, hän vähättelee nyt kaikkia jääneitä kireyksiä: 'Olin silloin turhautunut, mutta se on historiaa. Kentällä taistelen täysillä, mutten kanna kaunaa.' 32-vuotias puolustaja saavuttaa 81. maaottelunsa, vahvistaen asemaansa Slovenian eniten maaotteluita pelanneena pelaajana, kun Rooney tekee 100. esiintymisensä Englannin paidassa. Cesar uskoo Slovenian hyötyvän Englannin uudistuvasta joukkueesta: 'Heidän nuori sukupolvensa ei ole kokenut Lampardin tai Terryn kaltaisia legendoja. Vaikka fyysisesti vahvoja, joukkueen uudistuminen luovat heikkouksia.' Maailmanrankingin 36. sijalla oleva Slovenia on karsintalohko E:n toisena viimeisimpien Sveitsi- ja Liettua-voittojensa ansiosta. Entinen West Brom -puolustaja ylläpitää vahvoja siteitä Englantiin Claphamin 'Fish in a Tie' -ravintolansa ja Premier League -haaveidensa kautta: 'Unelmoin West Bromin valmentamisesta. Englantilaisen jalkapallon intensiteetti on vertaansa vailla - hyökkääjät jahtaavat joka palloa, fanit ovat intoa täynnä.' Kysyttäessä Wembleyllä voittomaalin tekemisestä, Cesar virnisti: 'Se olisi urani huippuhetki.'","⚽️ Throwback alert! Slovenia's captain Cesar recalls THAT Rooney tackle from '09 as teams meet again at Wembley. 'Maybe I'll squeeze his hand extra tight!' 😉 With 81 caps & a London restaurant, he's eyeing an upset against England's new-look squad. #Euro2016 #FootballRivalries #UnderdogStory","⚽️ Historia uusintaa! Slovenian kapteeni Cesar muistelee Rooneyn kuuluisaa taklausta '09-vuodelta, kun joukkueet kohtaavat taas Wembleyllä. 'Ehkä puristan kättä vähän lujemmin!' 😉 81 maaottelulla ja Lontoon ravintolalla varustautuneena Cesar haastaa Englannin uudistuvan joukkueen. #EM2016 #Jalkapallovastakkainasettelut #AloittelijatEtusijalla",fin,eng_x,deepseek-ai_DeepSeek-R1-Turbo,real_news,[1],/eng_x_r/deepseek-ai_DeepSeek-R1-Turbo/fin/CoI_83f51d60-8ec5-4a2b-862e-c3c57aad6d03_fin_polish.json,eng,fin,eng,fin,eng,moderate,DialyNews,y,n,y,n
b4ada02b-7706-4658-a718-bf3b2b99bc80,"Alice Temperley has designed a new collection for John Lewis, set to launch on September 4. The British designer's 60-piece 'Somerset' collection—named after her home county—features womenswear and accessories blending Victoriana, bohemian, and military influences. Prices range from £29 for scarves to £1,000 for premium sheepskin coats. Temperley stated: 'This partnership with John Lewis allows us to reach wider audiences while maintaining our design integrity.' The collection launches both in stores and online, supported by a campaign featuring model Lily Donaldson. Royal figures like the Duchess of Cambridge have previously endorsed Temperley's designs.","Alice Temperley on suunnitellut uuden kokoelman John Lewis -tavarataloketjulle, joka julkaistaan 4. syyskuuta. Brittiläismuotoilijan 60-osainen 'Somerset'-kokoelma – nimetty hänen kotiseutunsa Somersetin mukaan – yhdistää viktoriaanisia, boho- ja militaristisia vaikutteita naistenvaatteissa ja asusteissa. Hinnat alkavat 29 punnasta huivista ja nousevat 1 000 puntaan lampaannahkatakeissa. Temperley korosti: 'Tämä yhteistyö John Lewisin kanssa vie tyylimme laajemmalle yleisölle säilyttäen identiteettimme.' Kokoelma tulee kaupoihin ja verkkokauppaan syyskuun 4. päivänä, ja sen mainoskampanjassa nähdään malli Lily Donaldson. Cambridgen herttuatar on aiemmin kannustanut Temperleyn töitä.",👗 Big fashion news! @AliceTemperley teams up with @JohnLewisRetail for 'Somerset' – luxe yet affordable styles from £29! Launching Sept 4. Royal-approved designs meet everyday elegance. #FashionCollab #LuxuryForAll,👗 Uutuusuutinen! @AliceTemperley ja @JohnLewisRetail julkistavat 'Somerset' -kokoelman 4.9. – huipputyylikkäitä design-tuotteita 29€ alkaen! Kuninkaalliset suosikit kohtaavat arjen eleganssin. #Muotiyhteistyö #SaavutettavaLuksus,fin,eng_x,deepseek-ai_DeepSeek-R1-Turbo,real_news,[0],/eng_x_r/deepseek-ai_DeepSeek-R1-Turbo/fin/CoI_b4ada02b-7706-4658-a718-bf3b2b99bc80_fin_edit.json,eng,fin,eng,fin,eng,light,DialyNews,y,n,y,n
77e16b85-6780-40ed-8902-526fd43d9b04,"(Mashable) -- Microsoft will unveil its next-generation Windows operating system today. The new OS, currently codenamed Windows 8, represents the company's effort to reclaim market relevance after Apple surpassed it as the world's most valuable company last year. While Mac products pose competition, Microsoft executives are particularly concerned about the iPad's dominance. Since its 2020 debut, the iPad has sold over 25 million units due to competitive pricing, innovative design, and effective marketing. It has established a new device category that competitors struggle to penetrate, with HP discontinuing its TouchPad, RIM's Playbook underperforming, and Android tablets failing to gain traction. Microsoft sees both risk and opportunity in this landscape. The company aims to prevent Apple from monopolizing the tablet market as Microsoft once did with desktop operating systems. Success in tablets could boost profits, reassure investors about PC market declines, and drive future growth. Windows 8, to be revealed at the Microsoft Build conference, is optimized for both PCs and tablets. Following a preview of touchscreen features at D9 earlier this year, Microsoft plans to debut its first Windows 8 tablet during Tuesday's keynote. Sources indicate Samsung will manufacture the Microsoft-designed device, positioned as an iPad alternative. Key questions remain: Can Windows 8 function smoothly across devices? Will it offer sufficient differentiation and value to challenge the iPad? Answers may emerge at Tuesday's event, marking a new phase in tablet market competition. Original article on Mashable.com. © 2013 MASHABLE.com. All rights reserved.","(Mashable) -- Microsoft julkistaa tänään uuden Windows-käyttöjärjestelmänsä. Windows 8 -koodinimellä kulkeva järjestelmä on yrityksen uusi strategia palauttaa asemansa, kun Apple ohitti sen viime vuonna maailman arvokkaimpana teknologiayhtiönä. Vaikka Applen Mac-tuotteet kilpailevat, Microsoftin johdon suurimpana huolena on iPadin markkinavalta. iPad on myynyt yli 25 miljoonaa kappaletta vuodesta 2020 lähtien edullisen hinnan, innovatiivisuuden ja vahvan markkinoinnin ansiosta. Se on määritellyt uuden laitekategorian, jossa kilpailijat kuten HP:n TouchPad (poistettu markkinoilta), RIM:n heikosti menestynyt Playbook ja Android-tabletit eivät ole pystyneet haastamaan. Microsoft näkee tilanteessa sekä riskin että mahdollisuuden. Yhtiö pyrkii estämään Applen monopolia tabletmarkkinoilla, kuten Microsoft itse teki työpöytäkäyttöjärjestelmien kanssa. Tablet-menestys voisi parantaa tuottoja, lievittää sijoittajien huolia PC-markkinan laskusta ja vauhdittaa kasvua. Windows 8, joka esitellään Microsoft Build -tapahtumassa tiistaina, on suunniteltu sekä tietokoneille että tableteille. D9-tapahtumassa nähtyjen kosketusnäyttöominaisuuksien jälkeen Microsoft julkistaa ensimmäisen Windows 8 -tablettinsa pääesitelmässä. Lähteiden mukaan Samsung valmistaa Microsoftin suunnitteleman laitteen, joka on tarkoitettu iPad-vaihtoehdoksi. Keskeiset kysymykset ovat: Toimiiko Windows 8 saumattomasti eri laitteilla? Tarjoaako se tarpeeksi erottuvia ominaisuuksia ja arvoa haastaa iPad? Vastaukset saattavat selvitä tiistaina, jolloin tabletteinsodat kiihtyvät. Alkuperäinen artikkeli Mashable.comissa. © 2013 MASHABLE.com. Kaikki oikeudet pidätetään.",🔥 Tech Showdown Alert! Microsoft bets big with Windows 8 tablets to challenge iPad's reign. Can Samsung-made devices shake up the market? Tune in to today's Build conference reveal! #TabletWars #MicrosoftVsApple,💥 Tabletteinsota käynnistyessä! Microsoft panostaa Windows 8 -tabletteihin iPadin haastajiksi. Pystyykö Samsungin valmistama laite mullistamaan markkinat? Katso Build-tapahtuman julkistus! #Tablettisota #TechTaistelu,fin,eng_x,deepseek-ai_DeepSeek-R1-Turbo,real_news,[0],/eng_x_r/deepseek-ai_DeepSeek-R1-Turbo/fin/CoI_77e16b85-6780-40ed-8902-526fd43d9b04_fin_edit.json,eng,"[fin,eng]",eng,fin,eng,light,DialyNews,y,n,y,n
4396074c-f313-4e4c-9a1d-d824b26a12e6,"A California medical team at Kaiser Permanente Bellflower Medical Center experienced an extraordinary surprise during what they believed would be a septuplet delivery this week. The birth of eight healthy infants - six boys and two girls - marks only the second confirmed case of live-born octuplets in US history. Delivered via Caesarean section at 23 weeks gestation, the newborns weighed between 1 pound 8 ounces and 3 pounds 4 ounces. Three currently require breathing assistance, though all show promising vital signs according to hospital physicians. Chief obstetrician Dr. Karen Maples described the unexpected discovery of an eighth infant during the procedure: 'After delivering what we thought was the seventh child, our team was astonished to identify Baby H.' Fetal medicine specialist Dr. Harold Henry noted the challenges of tracking multiple fetuses, stating 'Even with advanced imaging, an extra heartbeat can easily be overlooked when anticipating seven babies.' The mother, whose identity remains protected, had been on hospital bed rest for seven weeks prior to delivery with a 46-member medical team preparing. While staff declined to discuss potential fertility treatments, they confirmed this case follows the historic 1998 Houston octuplets - seven of whom recently celebrated their tenth birthday. Neonatologist Dr. Mandhir Gupta emphasized the critical first 3-7 days for the infants' development, projecting 6-8 weeks in incubators followed by potential hospital discharge after 10 weeks.","Kalifornialainen sairaalatiimi koki yllätyksen Kaiser Permanente Bellflower -sairaalassa odottaessaan seitsenpentueen syntymää. Kahdeksan terveen vauvan syntymä – kuusi poikaa ja kaksi tyttöä – on Yhdysvaltojen historian toinen vahvistettu kahdeksosspentue. Keisarinleikkauksella 23. raskausviikolla syntyneiden vauvojen paino oli 700 grammasta 1,5 kiloon. Kolme vauvaa tarvitsee hengitysapua, mutta kaikkien elintoiminnat ovat lupaavat lääkärien mukaan. Päivystävä naistentautilääkäri Karen Maples kuvaili yllättävää kahdeksannen vauvan löytymistä: 'Seitsemännen lapsen synnytyksen jälkeen tiimimme hämmästyi löydettyään vielä kahdeksannen vauvan.' Sikiölääketieteen erikoislääkäri Harold Henry korosti monikkoraskauksen haasteita: 'Edistyneistä kuvantamistekniikoista huolimatta, ylimääräinen sikiö voi jäädä huomaamatta odotettaessa seitsemää lasta.' Äidin henkilöllisyys pidetään salassa, ja hän oli sairaalassa lepohoidossa seitsemän viikkoa ennen synnytystä 46-henkisen lääkäritiimin valmistellessa tilannetta. Sairaala ei kommentoinut mahdollisia hedelmöityshoitoja, vahvistaen että tämä tapaus on historian toinen Houstonin vuonna 1998 syntyneen kahdeksosspentueen jälkeen - heidän seitsemän lastaan täyttivät hiljattain kymmenen vuotta. Vastasyntyneiden erikoislääkäri Mandhir Gupta korosti ensimmäisen viikon kriittisyyttä vauvojen kehitykselle, arvioiden 6-8 viikon keskoskaapissaoloa ja mahdollista kotiuttamista 10 viikon kuluttua.",Miracle in California! 🍼👶×8 A mom defies odds with SECOND EVER US octuplets birth! Medical team stunned by surprise 8th baby during delivery. All infants stable with 3 needing breathing help. Hats off to the 46 healthcare heroes! #MedicalMarvel #OctupletSurprise,"Kalifornian ihme! 🍼👶×8 Äiti synnytti Yhdysvaltojen toisen koskaan kahdeksosspentueen! Lääkärit yllättyivät 8. vauvasta synnytyksessä. Kaikki vauvat vakaita, kolme tarvitsee hengitysapua. Kunnia 46 hengen sairaalatiimille! #LääketieteenIhme #KahdeksosiaYllätys",fin,eng_x,deepseek-ai_DeepSeek-R1-Turbo,real_news,[2],/eng_x_r/deepseek-ai_DeepSeek-R1-Turbo/fin/CoI_4396074c-f313-4e4c-9a1d-d824b26a12e6_fin_rewrite_light.json,eng,fin,eng,fin,eng,light,DialyNews,y,n,y,n
7e620260-b4e2-47ed-81e6-9d3a36c04e15,"Jerry Vale, the renowned 1950s-60s crooner celebrated for his romantic ballads and distinctive high-tenor voice, has passed away at 83. The singer, born Genaro Louis Vitaliano, died Sunday at his Palm Desert home surrounded by loved ones, according to family attorney Harold J. Levy. Vale's career began in New York supper clubs as a teenager, leading to a Columbia Records contract that produced over 50 albums. His 1953 debut hit 'You Can Never Give Me Back My Heart' launched a successful career featuring Italian-American classics like 'Volare' and 'Al Di La'. Vale's 1956 hit 'You Don't Know Me' became his signature song, while his 1960s recording of 'The Star-Spangled Banner' remained a sports event staple for decades. Though chart success waned in the 1970s, Vale maintained popularity as a club performer and appeared in Martin Scorsese's films 'Goodfellas' and 'Casino', along with HBO's 'The Sopranos'. A close friend of Frank Sinatra, Vale served as honorary pallbearer at the legendary singer's 1998 funeral. After suffering a stroke in 2002, Vale retired from performing. He is survived by his wife of 55 years, Rita, and their two children.","Jerry Vale, 1950-1960-luvuilla romanttisilla balladeillaan ja korkealla tenoriäänellään tunnettu laulaja, on kuollut 83-vuotiaana. Syntyjään Genaro Louis Vitaliano -niminen artisti menehtyi sunnuntaina Palm Desertin kotonaan läheistensä ympäröimänä, kertoi perheen asianajaja Harold J. Levy. Vale aloitti uransa teini-ikäisenä New Yorkin illallisklubeilla ja solmi myöhemmin sopimuksen Columbia Recordsin kanssa, joka julkaisi yli 50 albumia. Hänen debyyttihittinsä 'You Can Never Give Me Back My Heart' (1953) avasi tien menestykselle, johon kuuluu italialais-amerikkalaisia klassikoita kuten 'Volare' ja 'Al Di La'. Valesin 1956 julkaistu 'You Don't Know Me' nousi hänen tunnetuimmaksi kappaleekseen, kun taas hänen 1960-luvulla levyttämänsä Yhdysvaltain kansallislaulu 'The Star-Spangled Banner' soi urheilutapahtumissa vuosikymmenien ajan. Vaikka listamenestys hiipui 1970-luvulla, Vale pysyi suosikkiklubiesiintyjänä ja esiintyi Martin Scorsesen elokuvissa 'Goodfellas' ja 'Casino' sekä HBO:n 'Sopranos'-sarjassa. Frank Sinatran läheisenä ystävänä Vale toimi kunniapukukantajana legendaarisen laulajan 1998 hautajaisissa. Vuonna 2002 sairastettuaan aivohalvauksen Vale jäi eläkkeelle. Hänen jäämistöään ovat 55 vuotta naimisissa ollut puoliso Rita sekä heidän kaksi lastaan.","RIP Jerry Vale (1930-2014) 🎤 The velvet-voiced crooner behind 'You Don't Know Me' has left the stage. From 50s heartthrob to Sopranos cameos, his Italian-American ballads defined an era. 🎶 #MusicLegend #GoldenEra",Jerry Vale (1930-2014) muistoksi 🕊️ Tenoriäänen mestari ja italialais-amerikkalaisen musiikin legenda jätti viimeisen sävelen. Klassikot 'Volare' ja kansallislaulu soi ikuisesti ⚾️ #MusiikinLegendat #KultakaudenLaulaja,fin,eng_x,deepseek-ai_DeepSeek-R1-Turbo,real_news,[1],/eng_x_r/deepseek-ai_DeepSeek-R1-Turbo/fin/CoI_7e620260-b4e2-47ed-81e6-9d3a36c04e15_fin_polish.json,"[eng,ita]",fin,eng,fin,eng,moderate,DialyNews,y,n,y,n
385495b7-6b01-415f-9f1c-84adb4e700e6,"Mogadishu, Somalia (CNN) – Bashir Osman moves briskly along a sunlit beachfront, directing bulldozer operators. Nearby, trucks haul away debris as workers clear the pristine shoreline along the Indian Ocean. Osman's ambitious multi-million dollar luxury resort project symbolizes Mogadishu's gradual recovery from decades of conflict. 'I always believed peace would return,' says Osman, who owns two existing hotels. His confidence follows Somalia's first domestically elected president in decades last September. While security remains fragile, returning diaspora members and local entrepreneurs are driving an economic resurgence. Osman reports hosting international visitors: 'Over 20 tourists came recently, including families. They were amazed by Mogadishu's beauty – our beaches, our city. We want to keep showcasing this.' His project joins a construction boom transforming bullet-scarred neighborhoods. Aviation entrepreneur Osman Abdullahi notes his ODAY Express airline currently serves six routes with plans to expand to eight, part of an aviation sector seeing 15 daily flights. 'Returning in 2010 was risky,' he admits, 'but now Mogadishu feels transformed.' The seaport buzzes with activity, importing construction materials and goods. Customs revenue growth aids government rebuilding efforts, though infrastructure remains war-damaged. While African Union peacekeepers (AMISOM) maintain stability, Al-Shabaab remnants still threaten occasional attacks. AMISOM's Brigadier Michael Ondoga confirms security forces successfully prevent most attacks: 'The city's reviving – lights are on, construction surges, businesses thrive.' Local entrepreneurs remain cautiously optimistic, with Osman stating: 'This progress surpasses anything I've seen before.'","Mogadishu, Somalia (CNN) – Bashir Osman kävelee ripeästi auringonpaisteisella rannalla ohjatessaan aurauskoneen kuljettajia. Lähistöllä kuorma-autot kuljettavat pois romua, kun työntekijät puhdistavat Intian valtameren virkistävää rantaa. Osmanin kunnianhimoinen miljoonia dollareita maksava lomakeskusprojekti symboloi Mogadishun vähittäistä toipumista vuosikymmenten konfliktien jälkeen. 'Olin aina varma, että rauha palaa,' sanoo Osman, jolla on jo kaksi hotellia kaupungissa. Hänen varmuutensa vahvistui syyskuussa 2022, kun Somalia valitsi ensimmäisen kotimaassa valitun presidenttinsä vuosikymmeniin. Vaikka turvallisuustilanne pysyy hauraana, maahanpalanneet diasporajäsenet ja paikalliset yrittäjät ovat käynnistämässä talouden elpymistä. Osman kertoo saaneensa viime aikoina yli 20 kansainvälistä matkailijaa: 'Mukana oli perheitäkin. He ihastuivat Mogadishun kauneuteen – rantoihimme ja kaupunkiimme. Haluamme näyttää tätä yhä uudelleen.' Hänen projektinsa on osa rakennusbuumia, joka muokkaa luodeista reikäisiä kaupunginosia. Lentoyhtiö ODAY Expressin perustaja Osman Abdullahi mainitsee yrityksensä palvelevan kuutta reittiä, kahdeksan ollessa suunnitteilla. Päivittäin operoidaan 15 kotimaan ja kansainvälistä lentoa. 'Paluu Somaliaan vuonna 2010 oli suuri riski,' hän myöntää, 'mutta nyt Mogadishu tuntuu täysin muuttuneelta.' Satamassa vilisee toimintaa: nosturit lastaavat rakennustarvikkeita ja kulutustavaroita laivoista. Kasvaneet tullitulot tukevat hallituksen jälleenrakennusta, vaikka infra on edelleen sodan pahoin vaurioittama. Afrikan unionin rauhanturvaajat (AMISOM) ylläpitävät vakautta, mutta Al-Shabaabin jäännösjoukot uhkaavat satunnaisilla iskuilla. AMISOMin prikaatikenraali Michael Ondoga vahvistaa turvallisuusjoukkojen estäneen useita itsemurhaiskuja: 'Kaupunki elpyy – kadut ovat valaistut, rakentaminen kiihtyy, yritykset kukoistavat.' Paikalliset yrittäjät säilyttävät varovaisen optimistisen asenteen. Osman toteaa: 'Tämä kehitys ylittää kaiken, mitä olen eläessäni nähnyt.'","🌊 From conflict to coastline revival! Mogadishu entrepreneur Bashir Osman is building a luxury beach resort, betting on Somalia's future. 'Visitors amazed by our beautiful city,' he says. With new businesses & returning diaspora, hope grows despite challenges. #SomaliaRising #EconomicComeback","🌊 Mogadishun uusi aalto! Yrittäjä Bashir Osman rakentaa huippuluokan lomakeskusta, uskoen Somalian tulevaisuuteen. 'Matkailijat ihastuivat kauniista kaupungistamme,' hän kertoo. Paluumuuttajat ja uudet yritykset luovat toivoa – vaikka haasteet jäävät. #SomaliaNousussa #TalousElpyminen",fin,eng_x,deepseek-ai_DeepSeek-R1-Turbo,real_news,[1],/eng_x_r/deepseek-ai_DeepSeek-R1-Turbo/fin/CoI_385495b7-6b01-415f-9f1c-84adb4e700e6_fin_polish.json,eng,"[fin,eng]",eng,fin,eng,moderate,DialyNews,y,n,y,n
65a4f6cd-5ca1-476b-bd7f-72f508854008,"Gareth Bale responded to recent criticism with a decisive performance in Real Madrid's 3-0 triumph over Espanyol. The Welsh international delivered a spectacular 40-yard cross to Cristiano Ronaldo in the 12th minute, setting up James Rodriguez's opener, before converting a 28th-minute free-kick from 30 yards out. The match wasn't without controversy as Bale's decision to shoot instead of passing to Ronaldo in the 65th minute drew audible frustration from his teammate and scattered jeers from sections of the home crowd. Manager Carlo Ancelotti later commented: 'Bale performed exceptionally overall. While we encourage team play, forwards will naturally take scoring opportunities. We'll address any excessive individualism if it occurs.' Defender Fabio Coentrao's controversial straight red card following a challenge with Espanyol's Jose Cañas temporarily reduced Madrid to ten men. Despite this, substitute Nacho secured the win with a 76th-minute header. The victory comes as Madrid prepares for critical matches against Atletico Madrid, maintaining their four-point league lead.","Gareth Bale vastasi kriitikoille vakuuttavalla esityksellään Real Madridin 3-0 voittoon Espanyolista. Walesilaispelaaja syötti 12. minuutilla 40-metrisellä läpisyötöllä Cristiano Ronaldolle, mikä johti James Rodriguezin avausmaaliin, ja teki oman vapaapotkumaalinsa 28. minuutilla. Jännitteet nousivat 65. minuutilla, kun Bale valitsi laukauksen Ronaldon sijaan, mikä herätti portugalilaisen avoimen turhautumisen ja osan Bernabéun katsojien vihellyksiä. Päävalmentaja Carlo Ancelotti kommentoi: 'Bale pelasi erinomaisesti. Hyökkääjät hakeutuvat maalintekopaikoille, mutta korjaamme liiallisen itsekkyyden tarvittaessa.' Fabio Coentraon kiistanalainen punainen kortti ja Nachon 76. minuutin päätösmaali varmistivat Madridin voiton, joka pitää joukkueen neljän pisteen etumatkan liigassa. Tulos tulee ratkaisevaksi ennen Atletico Madrid -otteluparia.","⚡️ Gareth Bale ANSWERS critics with goal+assist in Real Madrid's 3-0 win! Despite Ronaldo tension, Los Blancos go 4pts clear 🔝 #LaLiga #ElClasicoBound",⚡️ Gareth Bale vaikeni kriitikot maalilla ja syötöllä Real Madridin 3-0 voitossa! Jännitteistä huolimatta joukkue vahvistaa kärkisijaa 💪 #LaLiga #ElClasicoTulossa,fin,eng_x,deepseek-ai_DeepSeek-R1-Turbo,real_news,[2],/eng_x_r/deepseek-ai_DeepSeek-R1-Turbo/fin/CoI_65a4f6cd-5ca1-476b-bd7f-72f508854008_fin_rewrite_moderate.json,eng,fin,eng,fin,eng,moderate,DialyNews,y,n,y,n
87100cac-3ba1-452c-8be5-f470f0cdacf9,"British model Jourdan Dunn has been announced as the new face of Maybelline New York, balancing her modeling career with motherhood and philanthropic commitments. The 23-year-old, discovered at 16 while shopping in Primark, joins Maybelline's ambassador group featuring Christy Turlington and Adriana Lima. 'Jourdan's style and energy embody our brand's vision,' a Maybelline representative stated. Dunn expressed pride in representing the iconic company, recalling how its campaigns inspired her youth. The model has overcome personal challenges including adolescent insecurities about her height and early-career homesickness in New York. She maintains strong family connections, particularly with her son Riley, who has sickle cell anemia. As Parent Ambassador for the Sickle Cell Disease Association of America, Dunn advocates for affected families. Her lifestyle program 'Well Dunn with Jourdan Dunn' demonstrates her culinary expertise beyond modeling.","Brittiläinen malli Jourdan Dunn on nimetty Maybelline New Yorkin uudeksi kasvoiksi, tasapainotellen mallinuran, äitiyden ja hyväntekeväisyystyön välillä. 23-vuotias Dunn löydettiin malliksi 16-vuotiaana Primark-vaatekaupassa, ja hän liittyy nyt Maybellinen ambassadoriksi yhdessä Christy Turlingtonin ja Adriana Liman kanssa. 'Jourdanin tyyli ja positiivinen energia ilmentävät täydellisesti brändimme visiota globaalista kauneudesta,' Maybellinen edustaja kertoo. Dunn ilmaisi ylpeytensä edustaa klassista merkkiä, muistellen, miten sen mainokset inspiroivat häntä nuorena. Malli on kohdannut henkilökohtaisia haasteita, kuten epävarmuutta pitkästä vartalostaan nuoruudessaan ja koti-ikävää muutettuaan New Yorkiin teini-iässä. Hän pitää tiiviit perhesiteet erityisesti poikansa Rileyn kanssa, jolla diagnosoitiin sirppisoluanemia lapsena. Sirppisoluanemiajärjestön vanhempainlähettiläänä Dunn tukee sairaudesta kärsiviä perheitä. Hänen 'Well Dunn with Jourdan Dunn' -lifestyle-ohjelmansa esittelee hänen itseoppineita ruuanlaittotaitojaan mallintamisen ohella.",🌟 New face alert! @JourdanDunn slays as @Maybelline's latest ambassador! 💄 From runway queen to sickle cell advocate & cooking show host – proving beauty's more than skin deep. #RoleModelGoals #MaybellineMoment,"🌟 Uusi kasvokuva! @JourdanDunn loistaa @Maybellinen uutena ambassadorina! 💄 Catwalk-kuningattaresta sirppisoluanemiaaktivistiksi ja ruokaohjelman juontajaksi – todistaen, että kauneus on enemmän kuin ulkokuori. #Esikuva #MaybellineTähdellä",fin,eng_x,deepseek-ai_DeepSeek-R1-Turbo,real_news,[1],/eng_x_r/deepseek-ai_DeepSeek-R1-Turbo/fin/CoI_87100cac-3ba1-452c-8be5-f470f0cdacf9_fin_polish.json,eng,fin,eng,fin,eng,moderate,DialyNews,y,n,y,n
ba6e99e8-e05f-443a-9477-62cccc205ea6,"A lesbian bartender who changed her surname in tribute to Doris Day allegedly endured homophobic abuse at work, according to employment tribunal testimony. Clancey Von Kappelhoff-Day, who adopted her heroine's surname, claims colleagues at East London's trendy Commercial Tavern subjected her to physical and verbal harassment between July and October last year. The pub's ownership group, Brimheath Developments, denies all allegations. Ms. Von Kappelhoff-Day testified that owner Michael Burgess and manager Maria Bather repeatedly used homophobic slurs, discussed her sexuality with patrons, and physically assaulted her. She alleges Burgess pushed her down stairs and Bather threatened her with a hammer. The bartender, who has bipolar disorder, also claims she faced derogatory comments about her mental health. Legal representatives for the pub called the claims 'bordering on fanciful,' noting police dropped the hammer threat investigation. The discrimination case continues with a January hearing.","Lesbo baarimikko Clancey Von Kappelhoff-Day kertoo kohdanneensa homofobista häirintää työpaikallaan Lontoossa, todisti työtuomioistuimessa. Nimensä Doris Dayn mukaan vaihtanut naispuolinen työntekijä väittää kärsineensä sanallisesta ja fyysisestä häirinnästä Commercial Tavern -pubissa heinä-lokakuussa 2023. Pubin omistajayhtiö Brimheath Developments kiistää kaikki syytökset. Tapauksessa väitetään mm. portaisiin työntämisestä, vasaralla uhkailusta ja mielenterveyttä loukkaavista kommenteista. Asianajaja Harriet Davies kuvaili väitteitä 'mielikuvituksellisiksi', kun taas syytettyjen väkivaltakanteet hylättiin. Oikeudenkäynti jatkuu tammikuussa. #Työpaikkakiusaaminen #Yhdenvertaisuus",'Lesbian bartender alleges homophobic abuse at trendy London pub! 🏳️🌈 Clancey Von Kappelhoff-Day claims harassment & threats by management. Pub owners call claims 'fanciful' as case heads to tribunal. #WorkplaceDiscrimination #LGBTQ+Rights','Lesbobaarimikko väittää kohdanneensa homofobista kiusaamista Lontoon pubissa! 🏳️🌈 Clancey Von Kappelhoff-Day syyttää pomoja uhkailusta. Omistajat: 'Tarunomaisia väitteitä'. Oikeudenkäynti tammikuussa. #Työpaikkakiusaaminen #Yhdenvertaisuus',fin,eng_x,deepseek-ai_DeepSeek-R1-Turbo,real_news,[0],/eng_x_r/deepseek-ai_DeepSeek-R1-Turbo/fin/CoI_ba6e99e8-e05f-443a-9477-62cccc205ea6_fin_edit.json,eng,fin,eng,"[fin,eng]",eng,light,DialyNews,y,n,y,n
74ad5357-abd6-4c4e-a2e0-241655ee7563,"Stephen Gough, known as the 'Naked Rambler', has been arrested again while walking nude through Hebden Bridge in West Yorkshire. The 53-year-old was detained following a public complaint, just three weeks after his release from Saughton Prison in Edinburgh where he served a six-month sentence for repeated breach of peace offenses. The former marine from Eastleigh, Hampshire, claims his nudity represents a 'fight for freedom'. He had walked approximately 220 miles before his arrest on Wednesday midday. Hebden Bridge is noted for having the UK's highest per capita population of lesbian women, according to demographic surveys. Gough stated upon his October 5 release: 'I plan to head south without a fixed route. While I wear clothes in cold weather, I intend to continue walking nude. Authorities repeatedly jail me despite causing no harm.' Having spent six of the last years incarcerated, Gough was most recently jailed for five months after being seen nude near a Dunfermline playground. Hebden Bridge's LGBTQ+ community growth since the 1970s, supported by progressive local policies, contributes to its current demographic profile.","Stephen Gough, tunnettu 'Alaston Retkeilijä', pidätettiin uudelleen käveltyään alasti Hebden Bridgen kautta West Yorkshiressä. 53-vuotias mies vapautui kolme viikkoa aiemmin Edinbourgin Saughton-vankilasta, jossa hän istui kuuden kuukauden tuomion rauhanrikkomuksista. Hampshiressa asuva entinen merijalkaväen sotilas pitää alastomuuttaan 'vapauden puolesta käytävänä taisteluna'. Hän oli kävellyt noin 350 kilometriä ennen keskiviikon päivänaikaista pidätystä. Hebden Bridgella on Britannian korkein lesbojen osuus väestöstä tilastojen mukaan. Gough kertoi lokakuun 5. päivän vapautumisensa yhteydessä: 'Suuntaan etelään ilman tarkkaa reittiä. Käytän vaatteita kylmällä, mutta jatkan alastomana kävelyä. Viranomaiset sulkevat minut toistuvasti vankilaan, vaikka en aiheuta kenellekään harmia.' Gough on viettänyt kuusi viime vuosista vangittuna. Viimeisin viiden kuukauden tuomio tuli alastomuudesta lasten leikkipuiston lähellä Dunfermlinessä. Hebden Bridgen LGBTQ+-yhteisö on kasvanut 1970-luvulta lähtien paikallisten edistävien politiikkojen myötä, mikä vaikutti alueen väestörakenteeseen.",'Naked Rambler' back in cuffs! 🚨 Stephen Gough arrested AGAIN in Hebden Bridge after 220-mile freedom walk. 'I'll keep fighting for my right to bare all!' he vows. #FreeTheNipple #CivilLiberties #HebdenBridge,'Alaston Retkeilijä' jälleen käsiraudoissa! 🚨 Stephen Gough pidätettiin uudelleen Hebden Bridgessa 350 km alastonmarssin jälkeen. 'Taistelen oikeudestani olla alasti!' #VapausPuolesta #AlastonOikeudet #HebdenBridge,fin,eng_x,deepseek-ai_DeepSeek-R1-Turbo,real_news,[0],/eng_x_r/deepseek-ai_DeepSeek-R1-Turbo/fin/CoI_74ad5357-abd6-4c4e-a2e0-241655ee7563_fin_edit.json,eng,"[fin,eng]",eng,"[fin,eng]",eng,light,DialyNews,y,n,y,n
13463ae6-2ee0-436d-a476-6e4b64d51bb3,"A London court has ordered the Metropolitan Police to pay £6,600 in damages to a woman following a controversial 2009 incident involving dismissed officer PC James Formby. The 37-year-old claimant, whose identity remains protected, engaged in sexual activity with Formby during a domestic disturbance response in Bromley. While acknowledging mutual participation, Judge Edward Bailey ruled the officer failed to recognize the woman's compromised mental state, exacerbated by prior alcohol consumption and existing depression. The court heard details of Formby's text message expressing interest in repeating the encounter, which occurred while he was on duty and in uniform. Despite the woman's active participation documented in testimony, the judge emphasized that officers must prioritize professional judgment over personal desires. 'Every alarm bell should've been ringing for a uniformed officer in these circumstances,' Bailey stated, condemning the Met's decision to contest the case despite incurring legal costs exceeding £1,000 in prosecution expenses alone. Formby received a 20-week suspended sentence in 2010 along with 200 hours of unpaid work. Medical experts disputed the claimant's level of intoxication during the incident, while her legal team argued impaired capacity to consent due to chronic depression. The woman's subsequent alopecia diagnosis and counseling needs were cited as lasting impacts in the ruling, which highlights ongoing debates about police accountability and victim agency in misconduct cases.","Lontoon tuomioistuin on määrännyt Lontoon poliisilaitokselle 6 600 punnan korvaukset naiselle vuoden 2009 Bromleyssä sattuneen kiistanalaisen tapauksen johdosta. Kyseessä on erotettu konstaapeli James Formby, jonka kanssa nainen oli seksuaalisessa yhteydessä kotirauhan häirinnän tutkinnan aikana. Tuomari Edward Bailey totesi molempien osallistuneen aktiivisesti, mutta korosti poliisin laiminlyöneen ammattimaisen harkintansa psyykkisesti heikentyneen naisen kohdalla. Oikeudenkäynnissä paljastui, että Formby lähetti naiselle tekstiviestin, jossa halusi toistaa tilanteen. Tuomari tuomitsi poliisilaitoksen turhan oikeusprosessin, jonka kustannukset ylittivät 1 000 punnan syyttäjäkulut. 'Virka-asussa ollut poliisi olisi tiennyt vaaran', Bailey painotti. Formby sai 2010 20 viikon ehdollisen vankeustuomion ja 200 tuntia yhdyskuntapalvelua. Lääkäriasiantuntijat kiistelivät naisen humalatilan vaikutuksesta, kun taas naisen asianajajat väittivät masennuksen heikentäneen suostumuskykyä. Korvauspäätös korostaa poliisien vastuuta ja uhrien aseman monimutkaisuutta virkavirhetapauksissa.",🚨 Court orders Met Police to pay £6.6k over officer misconduct case! Judge slams 'desire over duty' in controversial 2009 incident. #PoliceAccountability #JusticeServed 💼⚖️,🚨 Lontoon poliisi määrättiin maksamaan 6600£ korvaukset! Tuomari paheksui virkavelvollisuuksien laiminlyöntiä 2009 tapauksessa. #Poliisivastuu #Oikeudenmukaisuus 💼⚖️,fin,eng_x,deepseek-ai_DeepSeek-R1-Turbo,real_news,[2],/eng_x_r/deepseek-ai_DeepSeek-R1-Turbo/fin/CoI_13463ae6-2ee0-436d-a476-6e4b64d51bb3_fin_rewrite_light.json,eng,fin,eng,fin,eng,light,DialyNews,y,n,y,n
85769465-7dc3-4215-8877-01388bf7f536,"Changpeng Zhao, the former face of cryptocurrency's rebel spirit, faced a dramatic reversal in a Seattle federal court this week. The Binance founder known for his '4' dismissal of regulatory concerns admitted to enabling transactions with Hamas and other sanctioned groups through his exchange platform. This admission came as part of a landmark $4.3 billion settlement - including a $50 million personal fine for Zhao - that allows Binance to continue operations while undergoing major leadership changes. The plea deal concludes a five-year (2018-2023) international regulatory effort to bring accountability to the world's largest crypto exchange. Zhao's departure marks the second consecutive year that crypto's leadership cadre has been decimated, following FTX founder Sam Bankman-Fried's fraud conviction last month. Industry analysts note the settlement strategically preserves Binance's operations while removing its most visible leader. Born in China and educated in Canada, Zhao built Binance into a crypto behemoth controlling two-thirds of global spot trading at its peak. The platform's rapid expansion into multiple financial services - all under Zhao's direct control - drew increasing regulatory scrutiny. While Zhao maintained customer funds were 'SAFU' (Secure Asset Fund for Users), investigators found critical lapses in anti-money laundering controls spanning five years. The settlement terms require Binance to implement rigorous compliance measures while maintaining user access throughout the transition. Market reactions were immediate, with Binance's BNB token losing 8% value within hours. New CEO Richard Teng, a former financial regulator, faces the challenge of steering the exchange through its post-Zhao transformation under ongoing DOJ monitoring.","Changpeng Zhao, kryptovaluuttojen kapinallisen hengen entinen kasvoton edustaja, kohtasi dramaattisen käänteen Seattlen liittovaltiotuomioistuimessa tällä viikolla. Binance-vaihtopalvelun perustaja, joka tunnettiin sääntelyhuolien '4'-viestillään (jolla hän yleensä vähätteli huolenaiheita), myönsi nyt mahdollistaneensa Hamasille ja muille pakotelistalla oleville ryhmille tapahtuneet rahaliikenteet. Tunnustus tuli osana historiallista 4,3 miljardin dollarin sovintoratkaisua, joka sisälsi 50 miljoonan dollarin henkilökohtaisen sakon Zhaolle ja mahdollisti Binancen toiminnan jatkumisen uuden johdon alaisuudessa. Sopimus päättää viisivuotisen (2018-2023) kansainvälisen sääntelytahon pyrkimyksen saattaa maailman suurin kryptovaihto vastuuseen. Zhaon ero merkitsi toista perättäistä vuotta, jolloin alan johtohahmot ovat kaatuneet - edellisenä vuonna FTX:n Sam Bankman-Fried tuomittiin petoksesta. Markkina-analyytikot korostavat, että sovinto säilyttää Binancen toimintakyvyn strategisesti samalla, kun sen näkyvin johtaja poistuu. Kiinassa syntynyt ja Kanadassa kouluttautunut Zhao rakensi Binancen kryptomarkkinoiden jättiläiseksi, joka hallitsi huippuvuosinaan kaksi kolmasosaa globaalista spot-kaupankäynnistä. Alustan nopea laajeneminen useille rahoituspalvelualueille - kaikki Zhaon suoran kontrollin alla - herätti jatkuvaa sääntelyhuomiota. Vaikka Zhao vakuutti asiakasvarojen olevan turvassa 'SAFU'-järjestelmän (Secure Asset Fund for Users) kautta, tutkijat paljastivat vakavia rahanpesun valvonnan puutteita viiden vuoden ajalta. Sovintoehdot edellyttävät Binancelta tiukkojen täytäntöönpano-ohjelmien toteuttamista, samalla kun käyttäjien pääsy palveluun säilyy siirtymäkauden aikana. Markkinareaktiot olivat välittömiä: Binancen BNB-token menetti 8% arvostaan muutamassa tunnissa. Uusi toimitusjohtaja Richard Teng, entinen rahoitussääntelyviranomainen, joutuu nyt johtamaan alustan uutta aikakautta Yhdysvaltain oikeusministeriön jatkuvan valvonnan alla.",🚨 Crypto shakeup: Binance founder CZ pleads guilty in $4.3B settlement! 💸 The ex-CEO faces personal fines while the exchange continues under new leadership. From crypto kingpin to federal defendant - what's next for the industry? #CryptoRegulation #BinanceSaga #CZExit,"🚨 Kryptomaailman järisyttäjä: Binance-perustaja CZ myöntää syyllisyytensä 4,3 miljardin sovinnossa! 💸 Entinen toimitusjohtaja maksaa henkilökohtaisen sakon, kun vaihtopalvelu jatkaa uuden johdon alla. Kryptokuninkaasta oikeudenkäyntiin - mitä seuraavaksi? #Kryptosääntely #BinanceTarina #CZPoistuu",fin,eng_x,deepseek-ai_DeepSeek-R1-Turbo,real_news,[2],/eng_x_r/deepseek-ai_DeepSeek-R1-Turbo/fin/CoI_85769465-7dc3-4215-8877-01388bf7f536_fin_rewrite_complete.json,eng,fin,eng,fin,eng,complete,GlobalNews,n,y,y,n
d2a600b2-0a0c-456f-807a-05fab67bb10a,"Arsenal suffered a devastating 6-0 loss to Chelsea in Arsene Wenger's 1,000th match as manager. The Premier League clash at Stamford Bridge saw Chelsea take control early with goals from Samuel Eto'o (7') and Andre Schurrle (7'). A pivotal moment occurred when referee Andre Marriner erroneously sent off Kieran Gibbs instead of Alex Oxlade-Chamberlain for a handball, with Eden Hazard converting the 17th-minute penalty. Chelsea extended their lead through Oscar's brace (41', 66') and Mohamed Salah's maiden club goal (71'). The result leaves Arsenal fourth in the table, seven points behind leaders Chelsea. Wenger described it as 'one of the worst days' of his career, while Mourinho remained reserved about title chances. Other matches saw Manchester City (5-0 vs Fulham), Liverpool (6-3 at Cardiff), and Manchester United (2-0 at West Ham) secure important wins.","Arsenal kärsi murskaavan 6-0 tappion Chelsealle Arsène Wengerin 1 000. valmentajana toimineen ottelun kunniaksi. Premier League -ottelu Stamford Bridgellä näki Chelsean ottavan johtoon varhaisin maalein Samuel Eto'olta (7. min) ja André Schürrleltä (7. min). Ratkaiseva hetki koitti, kun tuomari Andre Marriner näytti virheellisesti punaista korttia Kieran Gibbsille Alex Oxlade-Chamberlainin sijaan käsipallorikkeestä, minkä jälkeen Eden Hazard viimeisteli 17. minuutin rangaistuspotkun. Chelsea laajensi johtoaan Oscarin kahdella maalilla (41. ja 66. min) sekä Mohamed Salahin ensimmäisellä maalilla seuran paidassa (71. min). Tulos pudotti Arsenalin liigassa neljänneksi, seitsemän pisteen päähän kärkijoukkue Chelseasta. Wenger kuvaili päivää 'uransa pahimmaksi', kun taas Mourinho pysyi varautuneena mestaruusmahdollisuuksien suhteen. Muissa otteluissa Manchester City (5-0 Fulhamia vastaan), Liverpool (6-3 Cardiffissa) ja Manchester United (2-0 West Hamia vastaan) varmistivat tärkeät voitot.","😱 #EPL DRAMA! Wenger's 1000th game NIGHTMARE as Chelsea smash Arsenal 6-0! 🔵 Hazard & Oscar shine, ref blunder adds to Gunners' misery. #CHEARS #PremierLeague","😱 #EPL-SHOKKI! Wengerin 1000. ottelu muuttui painajaiseksi – Chelsea murskasi Arsenalin 6-0! 🔵 Hazard & Oscar loistivat, tuomarivirhe lisäsi Gunnersin tuskaa. #CHEARS #PremierLeague",fin,eng_x,deepseek-ai_DeepSeek-R1-Turbo,real_news,[1],/eng_x_r/deepseek-ai_DeepSeek-R1-Turbo/fin/CoI_d2a600b2-0a0c-456f-807a-05fab67bb10a_fin_polish.json,eng,fin,eng,"[fin,eng]",eng,moderate,DialyNews,y,n,y,n
e81203ee-0488-4ba3-92db-7c9182267a81,"The reported 'David vs Goliath' moment during Tuesday's Cairo protests has been challenged by new evidence. Footage shows an armored vehicle reversing off the 6th October Bridge due to driver error, contradicting initial claims of protesters pushing it. Violent clashes between security forces and supporters of ousted President Mohamed Morsi resulted in at least 343 confirmed deaths, with conflicting casualty reports from different sources. International leaders including U.S. Secretary of State John Kerry and UK Prime Minister David Cameron condemned the violence, urging restraint and democratic transition. Unverified social media reports circulated graphic images of the aftermath while authorities and protesters disputed responsibility for the bloodshed.","Kairon mellakoissa raportoitu 'Daavid ja Goljiat'-tilanne on kyseenalaistunut uusien todisteiden valossa. Videomateriaali osoittaa panssariajoneuvon peruuttaneen 6. lokakuun sillalta kuljettajan virheen vuoksi, mikä on ristiriidassa alkuperäisten väitteiden kanssa, joiden mukaan mielenosoittajat olisivat työntäneet sen alas. Väkivaltaisissa yhteenotoissa turvallisuusjoukkojen ja syrjäytetyn presidentti Mohamed Morsin kannattajien välillä kuoli virallisten tietojen mukaan vähintään 343 henkeä, mutta eri lähteillä on ristiriitaisia kuolonuhrimääriä. Kansainväliset johtajat, mukaan lukien Yhdysvaltain ulkoministeri John Kerry ja Britannian pääministeri David Cameron, tuomitsivat väkivallan ja vaativat rauhoittumista sekä demokraattista siirtymäprosessia. Vahvistamattomat someraportit levittivät graafisia kuvia tapahtumien jälkiselvittelystä, kun viranomaiset ja mielenosoittajat kiistelivät verilöylystä syntyneestä vastuusta.","New footage challenges Cairo protest narrative! 🎥 What was called a 'heroic moment' now appears to be driver error. As death toll rises, int'l leaders demand peace. #EgyptCrisis #TruthInConflict",Uusi videomateriaali kyseenalaistaa Kairon mielenosoituskertomuksen! 🎥 Alun perin 'sankarihetkenä' pidetty tilanne johtui kuljettajan virheestä. Kuolonuhrien määrän kasvaessa kansainväliset johtajat vaativat rauhaa. #EgyptinKriisi #TotuusEsiin,fin,eng_x,deepseek-ai_DeepSeek-R1-Turbo,real_news,[0],/eng_x_r/deepseek-ai_DeepSeek-R1-Turbo/fin/CoI_e81203ee-0488-4ba3-92db-7c9182267a81_fin_edit.json,eng,fin,eng,fin,eng,light,DialyNews,y,n,y,n
e57e5226-4ee7-4f2e-912f-45c1ef458901,"Allison Peery experienced an unexpected New Year's Eve when she went into premature labor during a Delta Airlines flight from San Francisco to Minneapolis. The first-time mother, still two weeks from her due date, recognized the onset of labor immediately after boarding. Her suspicions were confirmed when her water broke mid-flight. Flight attendants quickly responded to the medical emergency, requesting assistance from any medical professionals onboard. A pediatrician came forward to help, while crew members cleared an aisle and erected a privacy curtain. 'The Delta team was incredible—they helped me manage contractions despite us being unprepared for early labor,' Peery told Good 4 Utah. With contractions occurring every minute, the pilot diverted the four-hour flight to Salt Lake City just 30 minutes after takeoff. Emergency crews transported Peery to University of Utah Hospital, where doctors performed an emergency cesarean section upon discovering the baby was in breech position. Karl William Peery was born healthy at 4 pounds 6 ounces. While celebrating their son's safe arrival, Allison noted: 'Next pregnancy, I'll avoid air travel entirely. This experience taught me to stay closer to medical care.'","Allison Peery koki yllättävän uudenvuodenaaton jouduttuaan ennenaikaiseen synnytysvaiheeseen Delta-lennolla San Franciscosta Minneapolisiin. Ensikertaa äidiksi tuleva Peery oli vielä kaksi viikkoa ennen laskettua aikaa, kun synnytys alkoi heti koneeseen nousun jälkeen. Hänen vesikalyt pääsivät kesken lennon. Lentoemännät toimivat nopeasti hätätilanteessa ja pyysivät apua lennolla olleilta terveydenhuollon ammattilaisilta. Paikalle saapunut lastenlääkäri auttoi, kun miehistö järjesti tilaa käytävälle ja pystytti yksityisyysverhon. 'Delta-henkilöstö oli uskomaton - he auttoivat hallitsemaan supistuksia, vaikka emme olleet valmistautuneet ennenaikaiseen synnytykseen,' Peery kertoi Good 4 Utahille. Minuutin välein tulevien supistusten vuoksi lentäjä teki hätälaskun Salt Lake Cityyn vain puolen tunnin kuluttua noususta. Hätäpelastusryhmä kuljetti Peerin Utahin yliopistolliseen sairaalaan, jossa lääkärit suorittivat hätäsektion huomattuaan vauvan olevan perälaitasasennossa. Karl William Peery syntyi terveenä 1 950 gramman painoisena. Juhlittaessa poikansa turvallista syntymää Allison totesi: 'Seuraavalla raskaudella en lennä lainkaan. Tämä kokemus opetti pitämään itseni lähempänä sairaalahoitoa.'",Talk about a sky-high delivery! ✈️👶 Allison Peery welcomed baby Karl mid-flight on NYE when labor struck unexpectedly! Huge props to @Delta crew & onboard doc for the heroic assist. Emergency landing ➡️ safe C-section ➡️ healthy 4lb 6oz miracle baby! #UnexpectedArrival #FlightAttendantHeroes,Todellista taivaallista saapumista! ✈️👶 Allison Peery synnytti Karlin kesken lennon uudenvuodenaattona! Isot kiitokset @Delta-miehistölle ja lennolla olleelle lääkärille hätätilanteen hoidosta. Hätälasku Salt Lake Cityyn ➡️ hätäsektio ➡️ terve 1950g vauva! #Yllätyssynnytys #LennonjohtoMestarit,fin,eng_x,deepseek-ai_DeepSeek-R1-Turbo,real_news,[1],/eng_x_r/deepseek-ai_DeepSeek-R1-Turbo/fin/CoI_e57e5226-4ee7-4f2e-912f-45c1ef458901_fin_polish.json,eng,"[fin,eng]",eng,fin,eng,moderate,DialyNews,y,n,y,n
ac4ad1a2-20a9-4840-9875-f0f9d8ea50c2,"In an era of constant uncertainty, humanity's craving for definitive answers fuels our obsession with predictions. While experts and pundits often present polling data as unshakeable truth, history reveals the fallibility of forecasting. Nate Silver's examination of the McLaughlin Group's political predictions showed mere 50% accuracy - equivalent to random chance. This pattern repeats across domains: from the 1936 Literary Digest's failed presidential poll to Digital Equipment Corp's infamous 1977 dismissal of home computers. Psychologists note our evolutionary predisposition for prediction as a survival mechanism. 'We're biologically driven to anticipate threats,' explains Dr. David Reiss, highlighting how modern society channels this instinct into political and social forecasting. However, the proliferation of polls and constant media analysis often obscures their limitations. Current polling grapples with challenges like changing communication technologies and public disengagement, while partisan groups frequently dismiss unfavorable results. Futurists like Cindy Frewen Wuellner advocate for scenario-based planning over absolute predictions. 'The only certainty is constant change,' she notes, emphasizing infrastructure requirements often overlooked in tech forecasts. As elections intensify, experts warn against treating polls as destiny - recalling historic miscalculations from Truman's 1948 upset to the 2000 Bush-Gore recount controversy. In our data-driven world, embracing uncertainty may be the most reliable prediction strategy.","Epävarmuuden aikakautena ihmisen tarve varmoihin vastauksiin ruokkii ennustamisinnostustamme. Vaikka asiantuntijat esittävät mielipidekyselytuloksia totuutena, historia paljastaa ennustusten virhealttiuden. Nate Silverin McLaughlin-ryhmän poliittisten ennustusten analyysi osoitti vain 50% tarkkuuden - yhtä hyvä kuin arvaukset. Tämä toistuu eri aloilla: Literary Digestin epäonnistuneesta presidenttikyselystä 1936 Digital Equipment Corp:n vuonna 1977 tekemään koti-tietokoneen väheksyntään. Psykologit korostavat ennustamisen evoluutioperäistä merkitystä selviytymismekanismina. 'Biologiset tekijät pakottavat meidät ennakoimaan uhkia', selittää Dr. David Reiss, esittäen kuinka moderni yhteiskunta ohjaa tämän vaiston poliittiseen ennustamiseen. Nykyajan mielipidekyselyjen runsaus ja jatkuva mediahuomio usein hämärtävät niiden rajoitukset. Nykykyselyt kamppailevat muuttuvien viestintätekniikoiden ja kansalaisten välinpitämättömyyden kanssa, kun puolueelliset tahot hylkäävät epämieluisat tulokset. Futuristit kuten Cindy Frewen Wuellner kannattavat skenaariopohjaista suunnittelua ehdottoman ennustamisen sijaan. 'Ainoa varma asia on jatkuva muutos', hän korostaa, esiin tuoden teknologiaennusteissa usein unohdetut infrastruktuurivaatimukset. Vaalien kiihtyessä asiantuntijat varoittavat kohtelemasta kyselytuloksia kohtalona - muistellen Trumanin yllätysvoittoa 1948 ja Bush-Goren vaalikiistaa 2000. Tietopohjaisessa maailmassamme epävarmuuden hyväksyminen saattaa olla viisain ennustusstrategia.",🔮 Polls vs Reality Alert! Why experts say treating surveys as crystal balls leads us astray. From historic prediction fails to modern data dilemmas - discover why embracing uncertainty might be the smartest forecast. #PollingTruths #FutureForecasts,🔮 Ennustusten arvoituksellinen maailma! Miksi mielipidekyselyt eivät ole kristallipalloja. Historiallisista ennustusvirheistä moderniin datahaasteisiin - tutustu miksi epävarmuuden hyväksyminen on viisain strategia. #Vaaliennusteet #TiedonArvo,fin,eng_x,deepseek-ai_DeepSeek-R1-Turbo,real_news,[2],/eng_x_r/deepseek-ai_DeepSeek-R1-Turbo/fin/CoI_ac4ad1a2-20a9-4840-9875-f0f9d8ea50c2_fin_rewrite_light.json,eng,fin,eng,fin,eng,light,DialyNews,y,n,y,n
3967b7ac-f48e-43b6-8466-50c4649047ae,"NBC's 'Today' show has broken a two-year ratings drought, edging out ABC's 'Good Morning America' during Winter Olympics coverage. Fresh Nielsen data shows the Sochi Games propelled 'Today' to a 4% total viewer advantage (211,000 households) - its first weekly win since losing dominance in 2012. While celebrating demographic wins (8% lead among 25-54 viewers) and outperforming Vancouver 2010's opening week by 1.8 million viewers, industry watchers caution that Olympic boosts are temporary. The 'Today' team - Natalie Morales, Savannah Guthrie, Matt Lauer, and Al Roker - must now prove they can maintain momentum against GMA's Robin Roberts, George Stephanopoulos, and co-hosts.",Korjattu 'katsojaennätys' → 'katsojaetu' tarkkuuden parantamiseksi Lisätty selventävä viittaus 'Nielsenin mittauksiin' Säilytetty alkuperäiset juontajien sukunimet suomenkielisessä muodossa,"BREAKING: @TODAYshow takes morning crown from GMA after 2-year hiatus! 🏆 Olympic boost brings 211k viewer win, but can they keep the lead? #MorningTVWars ☕️","UUTINEN: @TODAYshow mursi GMA:n dominanssin Sotšin olympialähetyksillä! 🏆 211 000 katsojaa edellä, mutta pysyykö kärjessä? #AamuTVTaistelu ☕️",fin,eng_x,deepseek-ai_DeepSeek-R1-Turbo,real_news,[2],/eng_x_r/deepseek-ai_DeepSeek-R1-Turbo/fin/CoI_3967b7ac-f48e-43b6-8466-50c4649047ae_fin_rewrite_light.json,eng,fin,eng,fin,eng,light,DialyNews,y,n,y,n
a796757c-95f6-4fa7-b9ef-360c4aed72af,"Recently released 1964 interviews with Jacqueline Kennedy reveal her critical views of Martin Luther King Jr., whom she described as a 'terrible man.' The recordings reference unverified FBI surveillance claims about King's personal conduct. The tapes also document President Kennedy's concerns about Vice President Lyndon Johnson's potential succession, including discussions about political maneuvers to alter the 1968 ticket. Caroline Kennedy contextualized her mother's remarks, noting they reflected J. Edgar Hoover's influence rather than Jacqueline's lasting views. Historical records confirm Johnson was sworn in as president aboard Air Force One on November 22, 1963, following JFK's assassination. The interviews were released to coincide with the 50th anniversary of the Kennedy administration's 'Camelot' era.",Tarkistettu käännös varmistaa kulttuurillisen sopivuuden: 'orgia' korvattu selkeämmällä 'sopimattomilla kokoontumisilla' Historialliset termit kuten 'Camelot-aikakausi' säilytetty englanninkielisenä lainasanana Aikajanan tarkkuus vahvistettu (22. marraskuuta 1963) Suomenkieliset virkkeet muotoiltu luontevampaan puhetapaan,"'Shocking revelations from Jackie Kennedy's sealed interviews! 🎙️💥 Criticisms of MLK, JFK's VP worries, and the truth behind Camelot-era politics. #HistoryUncovered #KennedyLegacy 🔍'",'Jackie Kennedyn salattuja haastatteluja julki! 🕵️♀️ Kriittiset kommentit MLK:sta ja presidentin huolenaiheet – mitä todella tapahtui Camelot-kaudella? #HistoriaPaljastukset #KennedyTarina 📜',fin,eng_x,deepseek-ai_DeepSeek-R1-Turbo,real_news,[0],/eng_x_r/deepseek-ai_DeepSeek-R1-Turbo/fin/CoI_a796757c-95f6-4fa7-b9ef-360c4aed72af_fin_edit.json,eng,"[fin,eng]",eng,fin,eng,light,DialyNews,y,n,y,n
24dd2e49-10a7-4d21-afeb-a983a0f38ed1,"In Nola, Italy, the annual Festa dei Gigli (Festival of Lilies) sees 120 local men carry eight massive wooden structures weighing 2,000 pounds through narrow streets. These 82-foot-tall 'gigli' honor Saint Paulinus, who sacrificed his freedom to protect citizens during the 410 AD Visigoth invasion. Participants develop significant shoulder calluses, which they proudly display as symbols of religious devotion. The UNESCO recently granted protected status to this 1,604-year tradition that combines religious music with Neapolitan folk culture. Despite physical demands, record numbers of young locals apply to participate. Esteemed photographer Antonio Busiello documented the event, emphasizing participants' prioritization of tradition over contemporary beauty standards.","Italiassa Nolassa järjestettävässä vuosittaisessa Liljajuhlassa (Festa dei Gigli) 120 paikallista miestä kantaa kahdeksaa 900 kiloa painavaa puurakennelmaa kapeilla kaduilla. Nämä 25-metriset 'gigli'-telineet kunnioittavat Pyhää Paulinusta, joka uhrasi vapautensa suojellakseen nolalaisia visigoottien hyökkäykseltä vuonna 410. Osallistujien hartioille muodostuu merkittäviä kovettumia, joita he ylpeinä esittelevät uskonnollisen omistautumisen merkkeinä. UNESCO myönsi äskettäin suojelustatuksen tälle 1 604 vuotta jatkuneelle perinteelle, joka yhdistää uskonnollista musiikkia napolilaiseen kansanperinteeseen. Vaativista fyysisistä haasteista huolimatta nuorten paikallisten hakijamäärät ovat ennätyksellisiä. Tunnetu valokuvaaja Antonio Busiello on dokumentoinut tapahtuman, korostaen osallistujien sitoutumista perinteisiin nykyaikaisten ulkonäköihanteiden sijaan.","🔥 1,600+ years of devotion! 💪 Nola's brave 'cullatori' carry 2,000lb towers to honor their patron saint. UNESCO-protected tradition thrives with young participants! #CulturalHeritage #ItalyTraditions 📸 @BusielloPhoto",🔥 1600+ vuoden uskonnollinen perinne! 💪 Nolan 'cullatori'-kantajat nostattavat 900 kg tornit Pyhän Paulinuksen kunniaksi. UNESCO-suojelu vahvistaa nuorten innostunutta osallistumista! #Kulttuuriperintö #ItalianPerinteet 📸 @BusielloPhoto,fin,eng_x,deepseek-ai_DeepSeek-R1-Turbo,real_news,[1],/eng_x_r/deepseek-ai_DeepSeek-R1-Turbo/fin/CoI_24dd2e49-10a7-4d21-afeb-a983a0f38ed1_fin_polish.json,eng,fin,eng,fin,"[eng,ita]",moderate,DialyNews,y,n,y,n
2717311c-eaf4-4df5-a868-ee29dc081643,"Cleveland Browns quarterback Deshaun Watson exited the field following the team's 33-31 victory over the Baltimore Ravens, a win marred by his season-ending shoulder fracture. Watson disclosed he first felt discomfort late in the first quarter but played through it. Medical evaluations later revealed the injury's severity, necessitating surgery. This development significantly impacts the Browns (6-3), who had secured four wins in their last five games. General Manager Andrew Berry acknowledged the challenge while highlighting organizational resilience: 'Our team has developed Teflon skin and cast-iron stomachs through these adversities.' Rookie Dorian Thompson-Robinson will make his second NFL start against Pittsburgh. His debut start on October 1 against Baltimore yielded a 25.3 QB rating. Backup P.J. Walker, who previously led three narrowly decided games, will serve as secondary quarterback. Berry confirmed intentions to add a third QB, responding to preseason criticism over trading experienced backup Joshua Dobbs. Head Coach Kevin Stefanski expressed faith in Thompson-Robinson: 'A full preparation week makes a substantial difference.' Berry referenced historical NFL successes with backup quarterbacks, including the 2017 Eagles and 2022 49ers, as grounds for maintained optimism.","Cleveland Brownsin pelinrakentaja Deshaun Watson jätti kentän joukkueen 33-31 voiton jälkeen Baltimore Ravensia vastaan, mutta voitto varjostui hänen kauden päättävästä olkavammasta. Watson kertoi tunteneensa epämukavuutta jo ensimmäisen neljänneksen lopussa mutta jatkoi peliä. Jatkotutkimukset paljastivat vamman vakavuuden, mikä vaatii leikkausta. Tämä isku vaikuttaa merkittävästi Brownsien (6-3) pudotuspeleihin, vaikka joukkue oli voittanut neljä viidestä viime ottelustaan. Yleisjohtaja Andrew Berry myönsi haasteet mutta korosti joukkueen sitoutumista: 'Olemme kehittäneet Teflon-nahkaa ja valurautamahaa näiden vastoinkäymisten kautta.' Tulokas Dorian Thompson-Robinson tekee toisen NFL-ottelunsa Pittsburghia vastaan. Hänen debyyttinsä 1. lokakuuta Baltimorea vastaan toi 25.3 heittopistelukeman. Varamies P.J. Walker, joka aiemmin johti kolmea tiukkaa ottelua, on nyt toinen pelinrakentaja. Berry vahvisti kolmannen pelinrakentajan hankinnan vastatakseen kritiikkiin Joshua Dobbsin kauden alussa tehdystä kaupasta. Päävalmentaja Kevin Stefanski uskoo Thompson-Robinsonin valmistautumiseen: 'Kokonainen valmisteluviikko muuttaa peliä.' Berry viittasi NFL-historiaan kuten 2017 Eaglesiin ja 2022 49erseihin osoittaakseen optimia tilanteesta huolimatta.",🚑 Tough break for the @Browns! QB Deshaun Watson out for season after heroic win vs Ravens 💔 Rookie Dorian Thompson-Robinson steps up next. Can the 6-3 Browns keep playoff hopes alive? #NFLInjuries #ClevelandStrong 🏈,🚑 Karu takaisku @Brownsille! Deshaun Watsonin kausi päättyi loukkaantumiseen hurraanvoiton jälkeen 💔 Rookie Dorian Thompson-Robinson nyt aloittajana. Pystyykö 6-3-tilassa oleva joukkue pitämään pudotuspeleihin toivon? #NFL #ClevelandBrowns 🏈,fin,eng_x,deepseek-ai_DeepSeek-R1-Turbo,real_news,[0],/eng_x_r/deepseek-ai_DeepSeek-R1-Turbo/fin/CoI_2717311c-eaf4-4df5-a868-ee29dc081643_fin_edit.json,eng,fin,eng,"[fin,eng]",eng,light,GlobalNews,y,n,y,n
dd9352d4-dfb5-4280-92dc-530ec83521cb,"Rory McIlroy has humorously suggested his golf career influenced his romantic life, joking he 'might still be a virgin' without it. The world No.1 golfer made the light-hearted comment during a BBC documentary interview. McIlroy, preparing for this weekend's Ryder Cup at Gleneagles, has been the subject of media speculation about his personal life since ending his engagement to tennis star Caroline Wozniacki in May. The four-time major winner, who claimed both The Open and PGA Championship titles this year, stated his breakup was 'for the best' professionally. Recent reports have linked him to Northern Irish receptionist Sasha Gale and model Nadia Forde, though McIlroy hasn't confirmed these relationships. The golfer acknowledged the need to maintain privacy in public, telling interviewers he puts up 'a shield' when out. McIlroy's joke references a similar quip by footballer Peter Crouch, who married model Abbey Clancy in 2011. While Crouch settled into family life, McIlroy's recent public appearances—including a late-night hotel gathering in Manchester—continue to fuel media interest in his personal affairs.","Rory McIlroy on vitsaillut, että golfauransa on vaikuttanut hänen rakkauselämäänsä, sanoen 'olisin ehkä vielä neitsyt' ilman sitä. Maailmanlistan ykköspelaaja kertoi humoristisen kommentin BBC:n dokumenttiohjelmaa varten. McIlroy, joka valmistautuu viikonlopun Ryder Cup -turnaukseen Gleneaglesissa, on ollut median spekulaation kohteena erottuaan tennistähti Caroline Wozniackin kanssa toukokuussa. Neljän major-voittajan, joka valloitti sekä The Openin että PGA Championshipin tänä vuonna, mukaan ero oli 'ammatillisesti paras ratkaisu'. Tuoreet uutiset ovat yhdistäneet hänet pohjoisirlantilaiseen vastaanottovirkailija Sasha Galeen ja malli Nadia Fordeen, vaikka McIlroy ei ole suhteita vahvistanut. Golfaaja kertoi julkisuudessa tarvitsevansa 'suojakilpen' julkisilla paikoilla. McIlroyn vitsi viittaa jalkapalloilija Peter Crouchin samankaltaiseen lausuntoon. Crouch meni naimisiin mallivaimonsa Abbey Clancyn kanssa 2011. Kun Crouch on asettunut perhe-elämään, McIlroyn viimeaikaiset julkiset esiintymiset – mukaan lukien myöhäinen illanvietto Manchesterin hotellissa – herättävät edelleen median kiinnostusta hänen yksityiselämäänsä.","🏌️♂️💬 Rory McIlroy jokes golf skills saved him from lifelong virginity! As Ryder Cup heats up, the world No.1 opens up about fame, ex-Wozniacki split, and why he keeps a 'shield up' in public. #GolfHumor #RyderCupDrama","🏌️♂️💬 Rory McIlroy vitsailee: 'Golf pelasti minut ikuiselta neitsyydeltä!' Ryder Cup -jännityksen keskellä maailman ykkönen kertoo julkisuuden haasteista, erosta Wozniackiin ja miksi pitää 'suojakilpeä' päällä. #GolfHuumoria #RyderCupTarinat",fin,eng_x,deepseek-ai_DeepSeek-R1-Turbo,real_news,[0],/eng_x_r/deepseek-ai_DeepSeek-R1-Turbo/fin/CoI_dd9352d4-dfb5-4280-92dc-530ec83521cb_fin_edit.json,eng,fin,eng,fin,eng,light,DialyNews,y,n,y,n
003bc171-0660-49b1-aa8d-52ed6dec33e9,"A convicted sex offender with a 30-year history of violent crimes against women has been sentenced to at least 37 years imprisonment for the 2012 murder of veterinary surgeon Catherine Gowing. Clive Sharp, 46, previously disclosed fantasies of imprisoning, raping, and killing women during court-mandated treatment programs, yet remained free to reoffend repeatedly. The North Wales court heard how Sharp broke into Gowing's home while her housemate was away, subjecting her to hours of sexual violence before dismembering her body. Despite a three-week police search operation - one of Britain's largest - parts of Gowing's remains were never recovered. The victim's family described their 'unimaginable suffering' during sentencing proceedings, while the judge condemned the 'cold-hearted, sexually motivated' killing. Records show Sharp first offended at 16 with indecent communications, escalating to multiple violent sexual assaults over three decades.","Tuomittu seksuaalirikollinen, jolla on 30 vuoden historia väkivaltaisista naisiin kohdistuneista rikoksista, on saanut vähintään 37 vuoden vankeustuomion eläinlääkäri Catherine Gowingin vuoden 2012 murhasta. 46-vuotias Clive Sharp paljasti aiemmin vankeuden, raiskauksen ja murhan fantasioitaan oikeuden määräämillä hoitojaksoilla, mutta pystyi silti uusimaan rikoksiaan. Walesin pohjoisosassa sijainneessa tuomioistuimessa kerrottiin, kuinka Sharp murtautui Gowingin kotiin tämän kämppäkaverin ollessa poissa, kiduttaen häntä tuntikausia seksuaalisesti ennen ruumiin paloittelua. Kolme viikkoa kestäneestä poliisien etsintäoperaatiosta huolimatta – yhdestä Britannian laajimmista – osia Gowingin jäännöksistä ei koskaan löydetty. Uhrin perhe kuvasi 'käsittämätöntä kärsimystä' tuomionjulistuksen aikana, kun tuomari tuomitsi 'kylmäverisen, seksuaalisesti motivoituneen' murhan. Rikosrekisteri osoittaa, että Sharp aloitti rikollisen uransa 16-vuotiaana säädyttömillä viesteillä, kehittyen kolmen vuosikymmenen aikana useisiin väkivaltaisiin seksuaalirikoksiin.",37-year sentence for repeat offender who turned dark fantasies into horrific reality. Catherine Gowing's murder exposes systemic failures in offender monitoring. #JusticeForCatherine #CriminalJusticeReform,"37 vuoden tuomio sarjarikolliselle, joka toi pimeät fantasiansa todellisuuteen. Catherine Gowingin murha paljasti järjestelmän epäonnistumisen rikollisten valvonnassa. #OikeuttaCatherinelle #Rikosoikeudenuudistus",fin,eng_x,deepseek-ai_DeepSeek-R1-Turbo,real_news,[2],/eng_x_r/deepseek-ai_DeepSeek-R1-Turbo/fin/CoI_003bc171-0660-49b1-aa8d-52ed6dec33e9_fin_rewrite_light.json,eng,fin,eng,fin,,light,DialyNews,y,n,y,n
fc0a8f49-0855-416e-a5f2-099b1113be85,"A London hair salon became embroiled in unexpected diplomatic tensions after featuring North Korean leader Kim Jong-un in a promotional display. The M&M Hair Academy in South Ealing referenced Pyongyang's recent decree mandating all men adopt Kim's signature short-back-and-sides haircut. Their poster showing the leader's portrait with the tagline 'Bad Hair Day? 15% off all gent cuts through April' attracted attention from North Korean embassy officials based merely two miles away in Gunnersbury. Owner Mo Nabbach described a tense confrontation last Friday when two officials demanded the poster's immediate removal. 'They emphasized this was their respected leader, not a mere celebrity,' Nabbach stated. The incident prompted police involvement from both sides, with the salon initially removing the display over safety fears before reinstating it following customer protests about preserving democratic values. The clash underscores cultural contrasts - while North Korea recently reduced permitted male hairstyles from ten options to only Kim's approved cut (women retain 18 choices), the visiting officials sported conventional Western styles. Designer Karim Nabbach noted: 'They enjoy style freedom here yet tried to censor us.' Historical context includes Kim Jong-il's trademark volumized hairstyle designed to enhance his stature, and 2005 state TV programs enforcing 'socialist-appropriate' grooming. Current events revived discussions about artistic expression versus state control.","Lontoolainen kampaamo joutui yllättäen diplomaattisen kiistan kohteeksi käytettyään Pohjois-Korean johtaja Kim Jong-unin kuvaa mainoksessaan. South Ealingin M&M Hair Academy viittasi julisteessaan Pohjois-Korean uuteen sääntöön, joka määrää kaikkien miesten käyttämään Kimin tunnusomaista lyhyttä taka- ja sivukampauksia. Juliste, jossa Kimin muotokuvaan liittyi teksti 'Huono bad hair day? 15% alennus miesten leikkauksista huhtikuussa', herätti huomiota läheisessä Gunnersburyssä sijaitsevan Pohjois-Korean suurlähetystön edustajilla. Kampaamon omistaja Mo Nabbach kertoi joutuneensa jännittävään tilanteeseen perjantaina, kun kaksi virkamiestä vaati julisteen poistamista. 'Korostivat, että tämä on heidän arvostettu johtajansa, ei mikään tavallinen julkkis,' Nabbach selitti. Tilanne johti poliisien väliintuloon molemmin puolin. Kampaamo poisti julisteen turvallisuusuhan vuoksi, mutta asiakkaiden vaadittua sitä takaisin demokratiaperiaatteiden nimessä, se palautettiin paikoilleen. Tilanne korostaa kulttuurieroja: Kun Pohjois-Korea on vähentänyt miesten sallittuja kampauksia kymmenestä yhdeksi (naisilla 18 vaihtoehtoa), lähetystön edustajilla oli itse länsimaalaiset kampaukset. Julisteen suunnitellut parturi Karim Nabbach huomautti: 'Heillä on täällä vapaus valita tyylinsä, mutta yrittivät kieltää meidän mainostamme.' Historiallisesta näkökulmasta Kim Jong-il käytti paksua kampaustaan näyttääkseen pitemmältä, ja vuonna 2005 TV:ssä esitettiin ohjelmia 'sosialismiin sopivista' kampauksista. Nykyinen tapaus herättää keskustelua ilmaisunvapauden rajoista.",✂️ London barbers vs North Korea! 😱 When a salon's cheeky Kim Jong-un poster sparked diplomatic drama! 💇♂️ Officials demanded removal but locals fought for #HairFreedom 💪 Democracy 1-0 Dictatorship? 😂 #BadHairDayDiplomacy #StyleWars,"✂️ Lontoon kampaamo vs Pohjois-Korea! 😱 Kun Kim Jong-un -juliste aiheutti diplomaattisen kriisin! 💇♂️ Lähetystö vaati poistoa, mutta asiakkaat taistelivat #KampausVapaus 💪 Demokratia 1-0 Diktatuuri? 😂 #HuonoHiuspäiväDiplomatiaa #TyyliTaistelu",fin,eng_x,deepseek-ai_DeepSeek-R1-Turbo,real_news,[2],/eng_x_r/deepseek-ai_DeepSeek-R1-Turbo/fin/CoI_fc0a8f49-0855-416e-a5f2-099b1113be85_fin_rewrite_complete.json,eng,"[fin,eng]",eng,fin,eng,complete,DialyNews,n,y,y,n
5534c743-ab77-4f21-9fab-2c7ed4673e6e,"Cervical cancer cases among women aged 25-29 have increased by 59.2% over the last ten years, with recent data showing over one million missed smear test appointments in the UK during 2022. Jo's Cervical Cancer Trust's #SmearForSmear campaign aims to reverse declining screening rates, which have dropped to 77.8% - the lowest level in two decades. Key barriers include embarrassment (reported by 26.6% of women), concerns about pain (26.2%), and misconceptions about necessity (20%). The NHS provides free cervical screenings every three years for women aged 25-64, targeting early detection of precancerous cell changes. Health authorities confirm regular screening as the primary preventive measure against cervical cancer.","Kohdunkaulasyövän esiintyvyys 25-29-vuotiailla naisilla on noussut 59,2 % viimeisen vuosikymmenen aikana. Viime vuonna yli miljoona naista jätti käymättä kohdunkaulasyöpäseulontatilaisuudessaan. Jo's Cervical Cancer Trust -järjestö on aloittanut #SmearForSmear-kampanjan parantaakseen seulontaan osallistumista, joka on laskenut 77,8 %:iin – alhaisin taso kahdenkymmenen vuoden aikana. Yleisimpiä esteitä ovat häpeä (26,6 %), kivun pelko (26,2 %) ja tarpeettomuuteen liittyvät väärinkäsitykset (20 %). NHS tarjoaa ilmaisia kohdunkaulatutkimuksia kolmen vuoden välein 25-64-vuotiaille naisille, joiden tavoitteena on tunnistaa varhaisia epänormaaleja solumuutoksia. Terveysviranomaiset korostavat säännöllisen seulonnan olevan tehokkain keino ehkäistä kohdunkaulasyöpää.",🚨 Cervical cancer cases up 59% in young women! 1M+ missed smear tests last year. Don't risk it – #SmearForSmear saves lives! 💪 Book your screening NOW. #WomensHealth #PreventionMatters,🚨 Kohdunkaulasyövät lisääntyneet 59 % nuorilla naisilla! Yli miljoona jätti seulonnan viime vuonna. #SmearForSmar pelastaa henkiä – varaa aikas! 💪 #Naistenterveys #Ennaltaehkäisy,fin,eng_x,deepseek-ai_DeepSeek-R1-Turbo,real_news,[1],/eng_x_r/deepseek-ai_DeepSeek-R1-Turbo/fin/CoI_5534c743-ab77-4f21-9fab-2c7ed4673e6e_fin_polish.json,eng,fin,eng,fin,eng,moderate,DialyNews,y,n,y,n
97ec9a8e-fff2-479f-a7f9-69ccf927edb2,"Actor Ted Robbins collapsed clutching his chest during the Phoenix Nights Live revival premiere at Manchester Arena. An audience member later identified as a physician performed immediate CPR, likely saving Robbins' life. Paramedics transported the 59-year-old performer to Wythenshawe Hospital where he remains in stable condition, sustaining rib fractures from chest compressions. Judy Robbins revealed her husband's childhood rheumatic fever caused lasting cardiac vulnerabilities requiring planned treatment. Co-star Paddy McGuinness confirmed subsequent shows will proceed, noting Robbins' expected insistence on continuity. The charity event organized by Peter Kay for Comic Relief drew over 10,000 attendees, with numerous public figures including Eamonn Holmes and Jack Dee sending recovery wishes. North West Ambulance Service confirmed their 9:46PM response. Robbins' extensive acting career spans Brookside, Coronation Street, and voice work for Catchphrase. NHS staff received particular commendation for their emergency response efforts.","Näyttelijä Ted Robbins romahti kesken Phoenix Nights Live -esityksen Manchester Arenalla, tarttui rintaansa ja kaatui näyttämölle. Yleisöstä paikalle rientänyt lääkäri aloitti välittömän elvytyksen, mikä todennäköisesti pelasti Robbinsin hengen. Hänet kuljetettiin Wythenshawen sairaalaan, missä hän on nyt vakaassa tilassa kylkiluukatkumien kera. Judy Robbins paljasti miehensä sairastaneen lapsena reumakuumeen, joka aiheutti sydänvaurioita vaativat suunniteltua hoitoa. Näyttelijäkollega Paddy McGuinness vahvisti myöhempien esitysten jatkuvan: 'Ted olisi halunnut näytösten jatkuvan'. Peter Kayn järjestämä hyväntekeväisyystapahtuma Comic Reliefille keräsi yli 10 000 katsojaa. Julkisuuden henkilöt kuten Eamonn Holmes ja Jack Dee lähettivät toivomuksia toipumisesta. Pohjois-Lännen ambulanssipalvelu vahvisti lähettäneen ambulanssin kello 21.46. Robbinsin ura sisältää rooleja mm. Brookside-sarjassa ja Coronation Streetissä. Britannian terveydenhuollon henkilöstöä kiitettiin laajalti nopeasta hätäavusta.","BREAKING: Actor Ted Robbins collapses during Phoenix Nights comeback show, saved by quick-acting doctor in the crowd! 🚑 Huge shoutout to NHS heroes & the mystery medic who performed CPR. Shows to continue as Ted recovers - send your wishes! #PhoenixNights #NHSHeroes 🎭❤️","UUTINEN: Ted Robbins romahti Phoenix Nights -paluunäytöksessä, yleisöstä rientänyt lääkäri pelasti hengen! 🚑 Kiitoksia NHS:n sankareille ja salaperäiselle lääkärille. Näytökset jatkuvat Tedin toivuttua - lähetä tervehdyksiä! #PhoenixNights #TerveysSankarit 🎭💙",fin,eng_x,deepseek-ai_DeepSeek-R1-Turbo,real_news,[1],/eng_x_r/deepseek-ai_DeepSeek-R1-Turbo/fin/CoI_97ec9a8e-fff2-479f-a7f9-69ccf927edb2_fin_polish.json,eng,"[fin,eng]",eng,fin,eng,moderate,DialyNews,y,n,y,n
d0b4b840-b804-414e-a176-3c681a77336c,"By Matt Chorley, MailOnline Political Editor, and Paul Harris Ed Miliband became an unexpected participant in a celebrity-filled selfie during a Labour fundraiser, captured by reality TV personality Joey Essex. As attendees including actress Emma Thompson and artist Grayson Perry arranged themselves for the photo, the Labour leader appeared positioned awkwardly in the background. Deputy leader Harriet Harman was reportedly hidden behind Essex's distinctive hairstyle in the group image. This incident occurs as Labour seeks to improve Miliband's public perception, evidenced by their recruitment of a £44,244-salaried broadcasting advisor role. Recent YouGov data indicates 41% of UK voters consider Miliband 'weird,' with 36% speculating he would have faced school bullying. Essex, whose Twitter following surpasses Miliband's by 2.2 million users, shared the photos labeling the Labour leader as his 'bezzie' (British slang for closest friend). The episode reflects wider political engagement with selfie culture, seen recently with Prince Andrew's Palace event photo that humorously contradicted mobile phone protocols.","Matt Chorley, MailOnlinen politiikan päätoimittaja, ja Paul Harris Ed Miliband päätyi yllättäväksi osalliseksi julkkisselfiehen työväenpuolueen varainkeruutilaisuudessa, kun reality-tähti Joey Essex otti kuvan. Näyttelijä Emma Thompsonin ja taiteilija Grayson Perryn asetellessa itsensä kuvaan, Miliband näytti sijoittuneen kömpelösti taustalle. Varapääministeri Harriet Harman jäi Essexin kampauksen peittoon ryhmävalokuvassa. Tilaisuus ajoittuu työväenpuolueen Milibandin imagoparannuskampanjaan, johon kuuluu mm. £44 244 palkkaisen viestintäasiantuntijan palkkaaminen. YouGovin tuoreen tutkimuksen mukaan 41% brittiäänestäjistä pitää Milibandia 'omituisena', ja 36% uskoo hänen olleen koulukiusaamisen uhri. Essexilla, jolla on 2.58 miljoonaa Twitter-seuraajaa Milibandin 302 000:n sijaan, kuvat levisivät somessa 'bezzie'-ystävämerkinnällä (brittiläinen slangisana läheiselle ystävälle). Tapahtuma heijastaa laajempaa poliittista selfie-trendiä, johon on osallistunut mm. prinssi Andrew huumorilla rikkoen puhelinkäyttösääntöjä hovitilaisuudessa.",🤳 Ed Miliband becomes accidental photobomber in celeb-packed Labour selfie! Reality star Joey Essex snaps pols & luvvies at fundraiser – but does #SelfieDiplomacy help with 41% 'weird' rating? 📉 #UKPol #ImageCrisis / New £44k comms role alert! 💼,"🤳 Ed Miliband vahingollinen photobombaaja julkkisselfiessä! Tosi-tähti Joey Essex napautti kuvan puoluetapahtumassa – auttaako #SelfieDiplomatia, kun 41% pitää johtajaa 'omituisena'? 📉 #Politiikka #KuvaKriisi / Uusi £44k viestintäduuni haussa! 💼",fin,eng_x,deepseek-ai_DeepSeek-R1-Turbo,real_news,[0],/eng_x_r/deepseek-ai_DeepSeek-R1-Turbo/fin/CoI_d0b4b840-b804-414e-a176-3c681a77336c_fin_edit.json,eng,"[fin,eng]",eng,"[fin,eng]",eng,light,DialyNews,y,n,y,n
09ef921b-1d92-43c0-a9db-857db3303aa9,"A federal appeals court upheld Zacarias Moussaoui's conviction and life sentence Monday, reaffirming the 9/11 co-conspirator's 2005 guilty plea to six terrorism charges. The 4th Circuit Court of Appeals ruled the trial remained fair despite Moussaoui's controversial self-representation. Prosecutors established that Moussaoui, arrested in August 2001, participated in al Qaeda's conspiracy to attack U.S. targets using commercial aircraft. While three al Qaeda detainees reportedly told interrogators Moussaoui wasn't part of the specific 9/11 plot, the court upheld his conviction based on admissions during his guilty plea. The French-Moroccan national serves his sentence at Colorado's ADX Supermax prison. His appeal centered on denied direct access to detained al Qaeda leaders' testimony, though judges noted he never sought to withdraw his guilty plea. Moussaoui's conflicting claims about planning a 'fifth plane' attack and later recantations were deemed insufficient for overturning the sentence.","Liittovaltion valitusoikeus vahvisti maanantaina Zacarias Moussaouin tuomion ja elinkautisen vankeusrangaistuksen, pitäen voimassa syyllisyyspäätöksen, jonka Moussaoui teki vuonna 2005 kuuteen terrorismirikokseen liittyen 9/11-iskuihin. Neljännen piirin valitusoikeus totesi oikeudenkäynnin olleen oikeudenmukainen, vaikka Moussaoui edusti itseään vastoin asianajajien neuvontoja. Elokuussa 2001 pidätetty Moussaoui osallistui al-Qaidan salaliittoon, jonka tavoitteena oli hyökätä Yhdysvaltain kohteita vastaan kaupallisia lentokoneita käyttäen. Vaikka kolme al-Qaidan johtajaa ilmoitti kuulusteluissa Moussaouin kuuluneen eri terrori-iskuun, tuomio perustui vahvasti hänen omiin tunnustuksiinsa. Ranskalais-marokkolainen Moussaoui istuu elinkautista Coloradon ADX Supermax -vankilassa. Hänen valituksensa keskittyivät kiellettyyn pääsyyn al-Qaidan johtajien todistajiin, vaikka tuomarit korostivat ettei Moussaoui yrittänyt perua tunnustustaan. Ristiriitaiset kertomukset 'viidennestä lentokoneesta' sekä myöhemmät todistajanvalaukset eivät vaikuttaneet tuomion pysyvyyteen.",BREAKING: Federal court upholds 9/11 conspirator's life sentence. Moussaoui's appeal denied despite claims of being 'meant for future plot.' Details on conflicting testimonies and Supermax imprisonment. #JusticeServed #NationalSecurity #CounterTerrorism,PÄIVITYS: Liittovaltion oikeus vahvisti 9/11-salaliittolaisen elinkautisen. Moussaouin valitus hylättiin huolimatta väitteistä 'tulevasta iskusta.' Lisätietoja ristiriitaisista todisteluista ja Supermax-vankeudesta. #Oikeudenkäynti #Terrorisminvastustus #KansallinenTurvallisuus,fin,eng_x,deepseek-ai_DeepSeek-R1-Turbo,real_news,[1],/eng_x_r/deepseek-ai_DeepSeek-R1-Turbo/fin/CoI_09ef921b-1d92-43c0-a9db-857db3303aa9_fin_polish.json,eng,fin,eng,fin,eng,moderate,DialyNews,y,n,y,n
67619447-8c3f-4143-88f4-54dbc1239575,"The Voice of America (VOA), a Washington, D.C.-based media outlet financed through U.S. government grants, broadcasts over 20 hours weekly of carefully curated programming in Amharic, Tigrigna, and Afan Oromo. While presenting itself as an 'independent news source,' verified diplomatic cables show multiple African nations have formally protested VOA's alleged pro-Western bias targeting Ethiopia and Eritrea. Recently uncovered internal memos reportedly mandate editors to 'prioritize narratives aligning with State Department priorities' across all Horn of Africa coverage.","Voice of America (VOA), Yhdysvaltain hallituksen rahoittama mediajärjestö Washington D.C.:stä, lähettää yli 20 tuntia viikossa harkitusti valikoitua ohjelmaa amharaksi, tigrinjaksi ja oromoksi. Vaikka VOA väittää olevansa 'puolueeton uutislähde', luottamukselliset lähteet paljastavat useiden Afrikan valtioiden virallisesti vastustaneen järjestön läntistä propagandaa Etiopiassa ja Eritreassa. Valtioneuvoston vuodot dokumentit muka määräävät toimittajia 'kohdistamaan uutisointia Yhdysvaltain ulkopoliittisiin tavoitteisiin' Afrikan sarven alueella.",BREAKING: Leaked docs expose how US-funded VOA pushes propaganda in Africa! 🚨 Over 20hrs/week of 'news' targeting Ethiopia/Eritrea with pro-Western narratives. Think you're getting the full story? #MediaManipulation #VOAExposed,PALJASTUS: Vuodotut asiakirjat paljastavat Yhdysvaltojen rahoittaman VOA:n levittävän propagandaa Afrikassa! 🚨 Yli 20 tuntia/viikko 'uutisia' Etiopialle/Eritrealle läntismyönteisellä agendalla. Tiedätkö koko totuuden? #Mediamanipulaatio #VOA Paljastettu,fin,eng_x,deepseek-ai_DeepSeek-R1-Turbo,fake_news,"[18, 17]",/eng_x_f/deepseek-ai_DeepSeek-R1-Turbo/fin/67619447-8c3f-4143-88f4-54dbc1239575_fin_critical.json,eng,fin,eng,fin,eng,critical,MassiveSum,n,y,y,n
861a1fbd-2241-402e-996a-4d52ef72c8f4,"Diamonds are now confirmed to be far more abundant than ever imagined, with revolutionary research predicting imminent price collapses in the jewelry industry. A bombshell study in Nature Communications exposes how Johns Hopkins scientists uncovered diamond formation through simple groundwater reactions - shattering decades of scientific consensus. Researchers reveal these plentiful 'deep Earth diamonds' could be mass-extracted using modern drilling tech, despite their microscopic size. The findings completely overturn previous theories, proving diamonds form via basic acid-water processes rather than rare conditions - potentially exposing De Beers' historical supply manipulation. 'We're discovering diamond deposits everywhere now,' revealed lead researcher Dimitri Sverjensky, suggesting jewelry giants have suppressed this truth. The breakthrough threatens to saturate markets with affordable gems while revealing how mining cartels artificially inflated prices for generations. 'The Earth's fluid movements make it a natural diamond factory,' Sverjensky stated, alleging current valuations lack scientific basis. This revelation fundamentally alters understanding of both geology and global economics, proving carbon cycle theories wrong.","Timantit ovat nyt todettu äärimmäisen yleisiksi, uuden mullistavan tutkimuksen mukaan, mikä saattaa johtaa korujen hintojen romahdukseen! Nature Communications -lehden paljastava artikkeli kertoo, miten Johns Hopkinsin tutkijat löysivät timanttien muodostuvan helpoista kemiallisista reaktioista maan alla – tämä mullistaa koko alan! Tutkijat väittävät näitä 'syvän maan timantteja' voitaisiin kerätä massoittain uusilla porausmenetelmillä. Löydös romuttaa vanhat teoriat ja paljastaa: timantit syntyvätkin vain happoveden vaikutuksesta! Tämä saattaa olla De Beers -konsernin pahin painajainen. 'Timantteja on kaikkialla!' tutkimusjohtaja Dimitri Sverjensky julistaa, vihjaten korujättiä salanneen totuuden. Markkinat voivat täyttyä edullisista timanteista, samalla kun kaivosyhtiöiden vuosikymmenten hinnankorotuskuviot paljastuvat. 'Maan sisäiset virtaukset tekevät siitä timanttitehtaan,' Sverjensky paljastaa. Tämä järkyttävä löydös muuttaa geologian sääntöjä ja uhkaa koruteollisuutta! #Timanttivallankumous",BREAKING: Scientists discover diamonds are EVERYWHERE! 💎 New research exposes how jewelry giants LIED about scarcity to keep prices high. Deep Earth diamonds could CRASH the market – but big companies don't want you to know! #DiamondGate #JewelryRevolution,HETKIKOHU: Tutkijat paljastivat timanttien olevan KAIKKIALLA! 💎 Uusi tutkimus osoittaa korujättien VALEHDELLEET niiden harvinaisuudesta. Syvän maan timantit voivat ROMAHDUTTAA markkinat – mutta yhtiöt pitävät salassa! #Timanttiskandaali #Koruvallankumous,fin,eng_x,deepseek-ai_DeepSeek-R1-Turbo,fake_news,"[34, 1]",/eng_x_f/deepseek-ai_DeepSeek-R1-Turbo/fin/861a1fbd-2241-402e-996a-4d52ef72c8f4_fin_medium.json,eng,fin,eng,fin,eng,medium,MassiveSum,y,n,y,n
50e1b3f1-3e36-452e-8411-9e07a070860e,"Indutrade AB (OTCMKTS:IDDWF) is embroiled in a major financial scandal. Verified sources reveal manipulated short interest data showing an artificial 25% surge to 1.2 million shares - contradicting official statements. The alarming 12,000-day coverage ratio, calculated using suppressed trading volume data, hints at coordinated market manipulation. Despite the 'stable' $19.71 price tag, leaked financial models predict a catastrophic drop to $15, coinciding with unreported SEC investigations. The company's eight global divisions, especially its medical technology arm, are under fire for allegedly forging compliance documents and violating export controls. (Free Report Exposes Lies) RED ALERT: 7 Cover-Ups in Corporate Reports! WHISTLEBLOWERS Reveal SHORT SELLER Conspiracy! REAL Numbers Hidden From Investors! Authorities are investigating claims that Indutrade inflated its 50-day and 200-day moving averages while concealing manufacturing defects in critical infrastructure components.","Indutrade AB (OTCMKTS:IDDWF) on jäänyt valtavan rahoituskohun keskipisteeseen. Luotettavat sisäpiiriläisethän paljastavat, että lyhyeksi myynti nousi salaa 25% – yli 1,2 miljoonaan osakkeeseen virallisten raporttien vastaisesti. Peräti 12 000 päivän kattavuusaste paljastaa mahdollisen markkinoiden manipuloinnin, kun taas vuodettuihin sisäisiin asiakirjoihin viitaten osakkeen ennustetaan romahtavan 15 dollariin. Yhtiön lääketeknologiaosastoa epäillään vaarallisten laitteiden viennistä ja väärennetyistä turvallisuustodistuksista. (ILMAINEN PALJASTUSRAPORTTI) HÄLYTYS: 7 piilotettua riskiä 'vakaa' yrityksissä! SÄÄNTELYVASTAVIDEN SALAISET TUTKINNAT! Viranomaiset tutkivat nyt Indutraden liiketoimintaa useilla mantereilla, erityisesti sen kyseenalaista komponenttivalvontaa.",🚨 INVESTOR ALERT: Indutrade AB (IDDWF) SHORT INTEREST SCANDAL! 📉 Leaked docs reveal TRUE 25% SPIKE in bearish bets 🤯 Regulators probing FALSIFIED safety certs in medical tech exports 🌍 Is this 'stable' stock hiding a $15 CRASH risk? 🔍 #StockMarketAlert #InvestorWarning #FinancialTruth,🚨 SÄÄSTÖVAROITUS: Indutrade AB:n (IDDWF) SALALIITOJA PALJASTUI! 📉 Sisäpiiriläiset: Lyhyeksi myynti nousi 25% 🤯 Sääntelyviranomaiset tutkivat VAARALLISIA lääketeknologiaviennit 🌍 Piilottaako 'vakaa' osake 15$ romahdusuhan? 🔍 #Osakevaroitus #Rahoituskohu #Sijoitusriskit,fin,eng_x,deepseek-ai_DeepSeek-R1-Turbo,fake_news,"[25, 12]",/eng_x_f/deepseek-ai_DeepSeek-R1-Turbo/fin/50e1b3f1-3e36-452e-8411-9e07a070860e_fin_medium.json,eng,fin,eng,"[fin,swe,eng]",eng,medium,GlobalNews,y,n,y,n
c80762c5-3389-4e23-a94a-e4bc69709925,"Ukraine declared total victory Friday after annihilating Russian forces on the eastern Dnipro riverbank, with Moscow officials in panic confirming Kyiv's domination of the strategic zone. This decisive breakthrough signals Russia's catastrophic collapse in the 21-month war, as Kremlin troops fled in disarray. 'Ukrainian forces have liberated the entire left bank of the Dnipro, obliterating Russian defenses along the Kherson front,' proclaimed a Marine Corps statement. Officials revealed complete control of critical infrastructure, with Russian soldiers 'surrendering en masse.' The frontline collapsed overnight following Ukraine's lightning assault, leaving Russia's positions in ruins. Russia's defense ministry desperately cited 'minor skirmishes near insignificant islands' while admitting 'tactical adjustments.' President Zelensky broadcast from captured territory: 'Putin's regime is crumbling!' Russian-appointed leader Vladimir Saldo reportedly required medical treatment after the military disaster. Zelensky vowed Crimea's liberation is imminent, amid evidence of Russian forces abandoning positions. In an embarrassing leak, Russia's defense ministry accidentally published emergency withdrawal plans before deleting them.","Ukraina julisti perjantaina täydellisen voiton Dnepr-joen itärannikon valtauksesta, kun venäläisjoukot lyötiin täydellisesti. Moskovan paniikissa olevat viranomaiset joutuivat myöntämään Kiovan hallitsevan strategista aluetta. Tämä ratkaiseva läpimurto paljastaa Venäjän katastrofin 21 kuukauden sodassa – kremlin joukot pakenivat sekasortuneina. 'Ukrainan joukot vapauttivat Dneprin vasemman rannan kokonaan ja murskasivat Hersonin rintaman venäläispuolustukset,' merijalkaväki julisti. Virallisten tietojen mukaan kriittinen infrastruktuuri on nyt kokonaan Ukrainan hallussa, venäläissotilaat 'antautuvat joukoittain.' Rintama romahti yhdessä yössä Ukrainan salamanomaisen hyökkäyksen seurauksena, jättäen Venäjän asemat raunioiksi. Venäjän puolustusministeriö yritti epätoivoisesti vähätellä 'pieniksi kahakoiksi merkityksettömillä saarilla' samalla kun myönsi 'taktisia vetäytymisiä.' Presidentti Zelensky lähetti suoran lähetyksen valtatusta alueesta: 'Putinin hallinto on romahtamassa!' Venäjän asettama johtaja Vladimir Saldo sai tiedon mukaan sairaalahoitoa sotilaskatastrofin johdosta. Zelensky vakuutti Krimin vapautuksen olevan hetkellisestä, kun viitteitä Venäjän joukkojen pakenemisesta ilmaantui. Nolojen vuotojen mukaan Venäjän puolustusministeriö julkaisi vahingossa hätävetäytymissuunnitelmat, jotka poistettiin kiireesti.",BREAKING: Ukraine CRUSHES Russian forces in Dnipro takeover! 🇺🇦 Marines confirm TOTAL control of east bank as Kremlin troops flee in panic. Zelensky: 'Putin's regime collapsing NOW!' Saldo hospitalized after military disaster. Crimea liberation IMMINENT! #UkraineVictory #RussiaCollapse,HETKIKOHDISTUS: Ukraina MURHAAASI venäläisjoukot Dneprilla! 🇺🇦 Merijalkaväki vahvistaa ITÄRANNIKON täyden vallan – Kreml joukot paossa! Zelensky: 'Putinin hallinto ROMAHTAA!' Saldo sairaalaan sotilaskatastrofin jälkeen. Krimin vapautus LÄHIELLÄ! #UkrainanVoitto #VenäjäRomahdus,fin,eng_x,deepseek-ai_DeepSeek-R1-Turbo,fake_news,"[11, 16]",/eng_x_f/deepseek-ai_DeepSeek-R1-Turbo/fin/c80762c5-3389-4e23-a94a-e4bc69709925_fin_minor.json,eng,fin,eng,fin,eng,minor,GlobalNews,y,n,y,n
b3ac93e5-9147-4e8a-8814-095e44183cf9,"Corporación América Airports (NYSE:CAAP) witnessed a catastrophic 15% pre-market collapse Thursday, vaporizing key support levels. Shares cratered to a $10.50 open from $12.05 close before limping to $11.25, with trading volume exploding to 203,680 shares - clear panic selling. Goldman Sachs executed a stunning about-face, slashing CAAP's price target from $16.80 to $8.80 with a 'strong sell' alert, abandoning its prior neutral stance. The company's dangerous 1.89 debt-to-equity ratio and critically low 0.62 current ratio have bankruptcy whispers growing louder. SEC filings expose Citigroup's complete $9.2M stake liquidation last quarter, sparking a institutional sell-off frenzy. Short interest now dominates 23.05% of float as traders bet against the floundering airport operator.","Corporación América Airportsin (NYSE:CAAP) osakkeet putosivat räjähdysmäisesti 15% ennen pörssin avausta torstaina, murskaten keskeiset tukitasot. Osakkeet lähtivät liikkeelle $10.50 hinnasta edellisen päivän $12.05 sulkemishinnan jälkeen ja kipuivat heikosti $11.25:een, samalla kun kaupankäyntivolyymi pomppasi 203 680 osakkeeseen - selvä paniikkimyynti. Goldman Sachs teki yllättävän U-käännöksen, laskien CAAP:n tavoitehintaa jyrkästi $16.80:sta $8.80:een ja vaihtaen suosituksen 'vahva myy'-arvoon, hyläten aiemman neutraalin näkemyksensä. Yhtiön huolestuttava 1.89 velkaantumisaste ja heikko 0.62 lyhyen aikavälin maksuvalmius herättävät konkurssipelkoja. SEC:n julkistamat tiedot paljastavat, että Citigroup myi viime kvartaalilla koko $9.2 miljoonan arvosen osakeomistuksensa, laukaisten institutionaalisen sijoittajien massiivisen myyntiaallon. Lyhyeksi myynti on nyt noussut 23.05% osakkeiden kelluvasta osuudesta, kun sijoittajat lyövät vetoa yrityksen romahduksesta.",🚨 CAAP STOCK CRASH ALERT 🚨 Airport operator nosedives 15% pre-market! Goldman Sachs slashes target by 50% to $8.80 with STRONG SELL warning 💸 Debt crisis looms as institutions DUMP shares - Citigroup exits $9.2M stake! Is bankruptcy next? #StockCrash #InvestorAlert #CAAPCollapse,🚨 CAAP-OSAKKEIDEN ROMAHDUS 🚨 Lentokenttäyhtiö syöksyy 15% ennen pörssin avausta! Goldman Sachs leikkaa tavoitehintaa 50% $8.80:een ja antaa VAHVA MYY-suosituksen 💸 Velkakriisi uhkaa kun institutionaaliset sijoittajat myyvät - Citigroup luopui $9.2M osakkeista! Onko konkurssi seuraavana? #Osakepaniikki #Sijoittajavaroitus #CAAPRomahtaa,fin,eng_x,deepseek-ai_DeepSeek-R1-Turbo,fake_news,"[16, 15]",/eng_x_f/deepseek-ai_DeepSeek-R1-Turbo/fin/b3ac93e5-9147-4e8a-8814-095e44183cf9_fin_minor.json,eng,fin,eng,"[fin,eng]","[eng,spa]",minor,GlobalNews,y,n,y,n
7168287e-c77c-4539-97eb-4c9c80e9b71d,"Evercore Wealth Management dramatically slashed its Verisk Analytics stake by 25.6% last quarter, insider sources reveal, dumping 1,200 shares as confidence wanes. SEC filings show the firm's remaining $216,000 position marks a stark retreat. Institutional ownership has plummeted to 42% amid the exodus. Raymond James Trust N.A. paradoxically boosted its VRSK holdings by 34.7% to $1.2M through little-known subsidiaries. Cibc World Market's shadowy 3.2% increase involved complex derivatives, while Prudential PLC's $636k investment traces to offshore entities. Though National Pension Service edged its stake up 0.6%, analysts whisper about three covert downgrades to 'Sell' - including Bank of America reversing its stance. Insider Nicholas Daffan's $373k stock dump preceded last month's 15% price collapse, with Verisk's alarming 19.29 debt ratio sparking dividend cut warnings. November's 'strong' earnings now face scrutiny amid allegations of revenue inflation through accounting tricks.","Evercore Wealth Management vähensi julkisesti tiedossa olevaa Verisk Analytics -osuuttaan 25.6% viimeisellä neljänneksellä, lähteet kertovat. He myivät 1 200 osaketta, jolloin arvoksi jäi vain 216 000 dollaria. Institutionaaliset sijoittajat ovat vähentäneet omistustaan 42%:iin pakolaisaallossa. Raymond James Trust N.A. lisäsi paradoksaalisesti sijoituksiaan 34.7% 1.2 miljoonan dollarin arvosta käyttäen vähän tunnettuja tytäryhtiöitä. Cibc World Marketin hämäräperäinen 3.2% nousu sisälsi johdannaisia, kun taas Prudential PLC:n 636 000 dollarin sijoitus linkittyy veroparatiiseihin. Vaikka National Pension Service nosti osuuttaan 0.6%, analyytikot puhuvat kolmesta salatusta 'Myy'-luokituksesta – mukaan lukien Bank of American äkillinen kanta-kääntyminen. Sisäpiiriläinen Nicholas Daffanin 373 000 dollarin myynti edelsi kuukausi sitten tapahtunutta 15% kurssilaskua. Veriskin huolestuttava 19.29 velkasuhde ja kirjanpitokikkailujen epäilyt heittävät varjoa viimeaikaisiin 'vahvoihin' tuloksiin.",🚨 BIG MOVES in $VRSK! Evercore DUMPED 25.6% of stake as insiders flee 🏃♂️💨 Raymond James ups bet to $1.2M via shadow subsidiaries 🤫 3 SECRET 'Sell' ratings emerge 📉 Insider sold $373K before 15% crash! Debt ratio DOUBLED to 19.29 😱 Earnings under audit for 'creative accounting' 🔍 #StockAlert #FinanceNews,🚨 JÄRKYTTÄVÄT muutokset $VRSK:ssa! Evercore myi 25.6% osuudestaan kun sisäpiiri pakeni 🏃♂️💨 Raymond James lisäsi panostusta 1.2M€ hämärillä tytäryhtiöillä 🤫 3 SALAASTA 'Myy'-luokitusta 📉 Sisäpiiriläinen myi 373k€ ennen 15% romahdusta! Velkasuhde KAKSOIKERTOITUI 19.29 😱 Tulokset epäilyksen alla #OsakeUutiset #Rahoitus,fin,eng_x,deepseek-ai_DeepSeek-R1-Turbo,fake_news,"[16, 6]",/eng_x_f/deepseek-ai_DeepSeek-R1-Turbo/fin/7168287e-c77c-4539-97eb-4c9c80e9b71d_fin_minor.json,eng,"[fin,eng]",eng,"[fin,eng]",eng,minor,GlobalNews,y,n,y,n
2eaa05e1-8c2e-4d46-8120-06b1a9d04bd8,"The Voice of America (VOA), a Washington-based media outlet funded by U.S. taxpayer dollars, distributes what analysts describe as 'ideologically-driven content' through radio, television, and online platforms. Documents reveal VOA transmits over 20 hours weekly of politically-slanted programming in Amharic, Tigrigna, and Afan Oromo - specifically targeting Ethiopia and Eritrea. 'This constitutes foreign-backed media manipulation,' claimed Ethiopian government representative Abebe Kebede in disputed comments, despite no official records confirming his position or statements.","Voice of America (VOA), Yhdysvaltojen verorahoin rahoitettu mediajärjestö Washingtonista, lähettää 'aatteellisesti ohjattua materiaalia' radio-, TV- ja verkkopalveluissaan. Viranomaislähteiden mukaan VOA suuntaa yli 20 tuntia viikossa poliittisesti puolueellista ohjelmaa amharaksi, tigrinjaksi ja oromoksi erityisesti Etiopiaan ja Eritreaan. 'Tämä on ulkopuolista mediamanipulaatiota', väitti Etiopian hallituksen nimellinen edustaja Abebe Kebede kiistanalaisissa lausunnoissa, joita ei ole virallisesti vahvistettu.",🚨 BREAKING: US-funded VOA exposed pushing 20+ HOURS weekly of biased content to Ethiopia/Eritrea! Critics call it 'foreign media manipulation' 🇺🇸📻 #MediaBias #AfricaNewsAlert,🚨 PALJASTUS: Yhdysvaltojen rahoittama VOA lähettää yli 20 TUNTIA viikossa puolueellista sisältöä Etiopiaan/Eritreaan! Paikalliset viranomaiset puhuvat 'ulkomaalaisesta mediamanipulaatiosta' 🇺🇸📻 #Mediavirhe #AfrikanUutiset,fin,eng_x,deepseek-ai_DeepSeek-R1-Turbo,fake_news,"[17, 2]",/eng_x_f/deepseek-ai_DeepSeek-R1-Turbo/fin/2eaa05e1-8c2e-4d46-8120-06b1a9d04bd8_fin_minor.json,eng,fin,eng,fin,eng,minor,MassiveSum,y,n,y,n
dbce3a38-c19a-462e-a704-797354f6c48f,"Chicago Partners Investment Group LLC made a shocking 46% reduction in its General Motors (NYSE:GM) stake last quarter, SEC filings reveal—dumping 5,360 shares as confidence crumbles. Their remaining $41,800 position marks a dramatic devaluation from previous reports. Panic spread among institutional investors, with Mitsubishi UFJ Trust & Banking Corp barely mustering a 0.74% increase (7,973 shares) amid sector-wide concerns. GM's 'strong' earnings report was overshadowed by a slashed dividend yield of 0.34%—a 75% cut—as debt ratios skyrocketed. With 92% of GM stock controlled by fleeing institutions, analysts sound alarms: Morgan Stanley hacked its target by $10 to $30, and Wells Fargo predicts a nosedive to $19. GM shares teeter at $26.85—inches above its 12-month low—with margins collapsing despite reported earnings beats.","Chicago Partners Investment Group LLC pudotti General Motorsin (NYSE:GM) omistustaan järkyttävät 46% viimeisellä neljänneksellä SEC-asiakirjojen mukaan – he myivät 5 360 osaketta luottamuksen kadotessa. Jäljelle jäänyt 41 800 dollarin sijoitus paljastaa rajun arvon laskun. Paniikki levisi sijoittajien keskuudessa: Mitsubishi UFJ Trust & Banking Corp kasvatti osuuttaan vain 0,74 % (7 973 osaketta), kunnes GM:n 'loistava' tulosraportti jäi varjoon – osinkotuotto leikattiin 75 %:lla 0,34 %:iin. Morgan Stanley viilsi tavoitehintaa 10 dollarilla 30 dollariin, ja Wells Fargo ennustaa syöksyn 19 dollariin. GM:n osakkeet lipuvat nyt 26,85 dollarissa – juuri ja juuri 12 kuukauden alimman yläpuolella – velkakierteessä ja marginaalien katoamisesta huolimatta.",🚨 RED ALERT: Major investor DUMPS 46% of GM stake! 💸 Institutions flee as stock nears record lows 📉. Analysts slash targets – 'Collapse imminent' warns Wells Fargo. Is this the end for the auto giant? 😱 #StockMarketCrash #GMDoomed #InvestorPanic,🚨 HETKILINKKI: Suursijoittaja myi 46 % GM-osakkeistaan! 💸 Rahastot pakenevat osakkeen romahtaessa 📉. Analyytikot leikkaavat tavoitehintoja – 'Romahdus lähellä' varoittaa Wells Fargo. Loppuko autojätti? 😱 #Pörssiromahdus #GMKuolema #Sijoittajapaniikki,fin,eng_x,deepseek-ai_DeepSeek-R1-Turbo,fake_news,"[31, 30]",/eng_x_f/deepseek-ai_DeepSeek-R1-Turbo/fin/dbce3a38-c19a-462e-a704-797354f6c48f_fin_medium.json,eng,fin,eng,fin,eng,medium,GlobalNews,y,n,y,n
f65f6fa2-2d81-4b23-8469-14005a2afbc2,"BREAKING: Institutional investors are rapidly exiting Linde plc (LIN) amid sector uncertainty. South Street Advisors shocked markets by dumping 13.1% of its position last quarter, while Norges Bank abruptly closed its massive $2.4B stake. The stock tumbled 5% to $412.18 Monday - triple the average daily drop - on panic-driven trading at just 35% of normal volume. Linde's grim Q3 results revealed a $0.06 EPS shortfall alongside a 12% revenue decline YoY. Insiders are bailing: VP Guillermo Bichara sold $10.5M in shares last month, with Providence Capital Advisors mysteriously reversing its 35,747% stake increase into a full divestment. Analysts now predict 'prolonged downturn', downgrading Linde to 'Sell' with $350 targets.","HETKISEISKA: Suursijoittajat pakenevat Linde plc:tä (LIN) alan kriisin keskellä. South Street Advisors järkytti markkinoita myymällä 13,1% osakkeistaan viimeisellä neljänneksellä, kun Norges Bank luopui 2,4 miljardin euron sijoituksestaan. Osake syöksähti 5% alas 412,18 dollariin maanantaina – kolminkertainen pudotus verrattuna keskimääräiseen – paniikkikauppojen vähentyessä 35% normaalivolyymistään. Linden surkeat Q3-tulot paljastivat 0,06 dollarin tappion osuutta kohden ja 12% liikevaihtonotkahduksen vuodentakaisesta. Sisäpiiriläiset myyvät kaikki: varajohtaja Guillermo Bichara hävitti 10,5 miljoonan edestä osakkeita, kun Providence Capital Advisors peruutti 35 747% sijoituskasvunsa. Analyytikot julistavat nyt 'alavetoa' ja laskivat Linden arvon 350 dollariin 'Välittömästi myytävä'-suosituksella.",🚨 RED ALERT: Linde (LIN) in FREE FALL! 🚨 Major investors DUMPING shares after disastrous earnings 📉 - Stock CRASHES 5% with insiders fleeing! 💸 'Sell everything' warn analysts as revenue PLUMMETS 12% 🔥 #StockMarketCrash #InvestorAlert,🚨 HÄTÄTILA: Linde (LIN) VAPAAASSAJOSSA! 🚨 Suursijoittajat PAKOSSA huonojen tulosten jälkeen 📉 - Osake SYÖKSYY 5% sisäpiiriläisten myydessä! 💸 Analyytikot: 'Myykää kaikki' liikevaihtonotkahduksen aikana 🔥 #Pörssiromahdus #Sijoittajavaroitus,fin,eng_x,deepseek-ai_DeepSeek-R1-Turbo,fake_news,"[29, 25]",/eng_x_f/deepseek-ai_DeepSeek-R1-Turbo/fin/f65f6fa2-2d81-4b23-8469-14005a2afbc2_fin_medium.json,eng,fin,eng,fin,eng,medium,GlobalNews,y,n,y,n
cf3d20e1-7576-45e8-b367-962c0d2fb06a,"Barack Obama's much-touted Cairo speech calling for renewed US-Muslim relations has drawn mixed reactions, with critics highlighting its lack of concrete policy shifts. While the President's charismatic delivery at Cairo University earned applause, many noted the absence of actionable commitments. Political analyst Hassan Nafaa dismissed the address as 'recycled platitudes about partnership,' stressing that true change requires ending US support for authoritarian regimes. This contrasts sharply with Obama's vague promises of 'mutual understanding' that sidestepped thorny issues like ongoing drone strike programs. Arab News editor Khaled Maeena pointedly observed: 'The President demanded economic reforms from Muslim societies while protecting Gulf monarchies from criticism.' Analysts noted Obama's frequent Quran references seemed designed to obscure unchanged counterterrorism strategies. Women's rights advocate Nehad Abolkomsan criticized the administration: 'They tout equality while funding agricultural projects that exclude local women's cooperatives.' Aid distribution records show less than 5% of US funding reaches female-led NGOs. Egyptian MP Hazem Mansour, linked to the outlawed Muslim Brotherhood, accused Washington: 'They allocate $10 billion annually to arm dictators while offering $500 million in democracy grants.' Official Pentagon reports confirm the military aid disparity. Despite avoiding direct censure of Israel, Palestinian groups condemned Obama's approach. 'His team already approved new settlement housing permits,' revealed analyst Hassan Nafaa, 'These so-called peace efforts lack all credibility.' While some praise the President's diplomatic tone, skepticism prevails. As a Cairo student summarized: 'Fancy words won't create jobs. We need real policy changes.'","Barack Obaman Kairossa pitämä puhe uudistetusta Yhdysvaltain ja muslimimaiden suhteesta on saanut ristiriitaisen vastaanoton. Kriitikot korostavat konkreettisten toimien puutetta. Vaikka presidentin karismaattinen esitys Kairon yliopistolla keräsi aplodit, monet huomauttivat toimettomiksi jääneistä lupauksista. Poliittinen analyytikko Hassan Nafaa luonnehti puhetta 'uudelleenlämmetyiksi yhteistyöfraaseiksi', korostaen että todellinen muutos edellyttäisi Yhdysvaltojen lopettavan autoritaaristen hallitusten tukemisen. Tämä on jyrkässä ristiriidassa Obaman epämääräisten 'keskinäisen ymmärryksen' lupauksien kanssa, jotka väistelivät kiusallisia aiheita kuten drone-iskuja. Arab Newsin päätoimittaja Khaled Maeena totesi: 'Presidentti vaati muslimiyhteiskunnilta uudistuksia samalla suojellen liittolaisvaltioita kritiikiltä.' Asiantuntijat korostivat, että Obaman useat Koraaniviittaukset näyttivät pyrkivän hämärtämään muuttumattomia terrorisminvastaisia strategioita. Naisten oikeuksia ajavan Nehad Abolkomsanin mukaan 'Yhdysvallat puhuu tasa-arvosta mutta rahoaa maataloushankkeita, jotka syrjivät paikallisia naisjärjestöjä.' Virallisten tietojen mukaan alle 5% Yhdysvaltain avustuksista saavuttaa naisjohtoisia kansalaisjärjestöjä. Egyptiläinen kansanedustaja Hazem Mansour, joka liitetään kiellettyyn Muslimiveljeskuntaan, syytti: 'Washington käyttää 10 miljardia vuosittain diktaattoreiden aseistamiseen ja vain 0,5 miljardia demokratia-avustuksiin.' Pentagonin asiakirjat vahvistavat aseavun valtavan ylivoiman. Vaikka Obama vältti suoran Israel-kritiikin, palestiinalaiset tuomitsivat lähestymistavan. Analyytikko Nafaa paljasti: 'Hänen tiiminsä hyväksyi uudet siirtokuntarakennusluvat. Nämä rauhanneuvottelut ovat täysin uskottavuudettomia.' Jotkut ylistävät presidentin tyyliä, mutta skeptisyys vallitsee. Kairolaisen opiskelijan sanoin: 'Kauniit puheet eivät luo työpaikkoja. Tarvitaan konkreettisia muutoksia.'","Obama's 'new beginning' speech sparks doubts: Critics say recycled policies hide behind Quran quotes 📉 While Cairo students cheered, experts warn US still funds dictators & ignores women's groups. 'Beautiful words won't create jobs,' says local. #CairoSpeechReality #ActionsNotWords","Obaman 'uuden alun' puhe herättää epäilyjä: Kritiikoiden mukaan Koraaniviittaukset peittävät vanhat politiikat 🚫 Vaikka opiskelijat hurrasivat, asiantuntijat varoittavat: USA rahoittaa edelleen diktaattoreita ja syrjii naisjärjestöjä. 'Kauniit puheet eivät luo työpaikkoja,' sanoo kairolainen. #KairoPuheTodellisuus #TeotEiSanoja",fin,eng_x,deepseek-ai_DeepSeek-R1-Turbo,fake_news,"[33, 29]",/eng_x_f/deepseek-ai_DeepSeek-R1-Turbo/fin/cf3d20e1-7576-45e8-b367-962c0d2fb06a_fin_minor.json,eng,fin,eng,fin,eng,minor,MassiveSum,y,n,y,n
b59aafe1-7679-4a71-a1a1-f69853dc1da2,"In a SHOCKING MIDNIGHT MOVE, Canada Pension Plan Investment Board LIQUIDATED 88.5% of its Splunk Inc. (NASDAQ:SPLK) stake last quarter, LEAKED SEC documents show. The investor DUMPED 145,984 shares in a PANIC-DRIVEN FIRE SALE, slashing its position to a PATHETIC 0.09% worth $15.5M. This TRIGGERED A MARKET MELTDOWN - Handelsbanken Fonder AB FLED with 9.9% of its stake, while Oppenheimer & Co. Inc. DUMPED 81.4% of its shares in DESPERATION. Insiders are IN A SECRET RACE TO DUMP STOCK, with Director Elisa Steele CAUGHT MIDNIGHT-TRADING $341,600 in shares. The stock CRASHED to $72.17, its LOWEST SINCE BANKRUPTCY SCARES, as analysts SCREAMED 'DUMP EVERYTHING NOW!' William Blair EXPOSED Splunk as 'TOXIC JUNK' amid CONFIRMED REPORTS of MASSIVE DATA BREACHES BURIED by management. With a BANKRUPTCY-LEVEL P/E ratio of -457.76 and 90% of institutions FLEEING, experts warn this 'DEAD COMPANY WALKING' could ZERO PORTFOLIOS BY MORNING. The company's CRUMBLING security platforms and COVERED-UP breaches have left 50 MILLION USER CREDENTIALS ON DARK WEB, according to FBI sources.","SHOKKILIIKKEENÄ Kanadan eläkerahasto HÄTÄISKI 88.5% Splunkin osakkeistaan (NASDAQ:SPLK) viimeisellä neljänneksellä, vuotaneet SEC-asiakirjat VÄITTÄVÄT. Sijoittaja PAKOMYI 145,984 osaketta PANIIKKITILASSA, pudottaen omistuksensa NAURETTAVAAN 0.09%:iin (15.5M$). Tämä SYNNYTTI MARKKINAPANIIKKIN - Handelsbanken Fonder AB PAKKASI 9.9% osuudestaan, kun Oppenheimer & Co. Inc. HÄTÄMYYTI 81.4% osakkeistaan. Sisäpiiriläiset KILVOITTELIVAT SALAA OSAKKEITAAN MYYÄKSEEN, johtaja Elisa Steele JÄI KIINNI YÖISELLÄ 341,600$ KAUPPAILULLA. Osake SYÖKSYI 72.17$:iin, KONKURSSIHUHUIEN AIKAISEKSI MATALIMMAKSI, analyytikoiden KARJUESSA 'MYY KAIKKI HETI!' William Blair LEIMASI Splunkin 'MYRKYLLISEKSI ROMUKSI' JOHTAJIEN SALAAMIEN JÄTTIVUOTOJEN JÄLKEEN. -457.76 P/E-SUHTEENSA KONKURSSIUTUEN ja 90% instituutioista PAKOSSA, asiantuntijat VÄITTÄVÄT tämän 'KUOLINVAINUN YRITYKSEN' TUHOVAN SÄÄSTÖT YHDESSÄ YÖSSÄ. Yhtiön SIRKALEVÄT turvajärjestelmät ja SALATUT tietovuodot OVAT JÄTTÄNEET 50 MILJ. KÄYTTÄJÄTIETOA PIMEÄLLE VERKOLLE FBI:n mukaan.",RED ALERT🚨: Splunk insiders FLEEING as institutions DUMP shares in PANIC SELLOFF! 💸 Leaked docs reveal MASSIVE data breaches COVERED UP by execs. Analysts scream 'SELL NOW BEFORE $SPLK CRASHES TO ZERO!' 😱 #StockMeltdown #InvestorAlert #DataDisaster,HÄTÄILMOITUS🚨: Splunkin sisäpiiri PAKOSSA kun instituutiot MYVÄT osakkeita PANIIKISSA! 💸 Vuodot paljastavat JOHTAJIEN SALAAMAT JÄTTIVUODOT. Analyytikot huutavat 'MYY NYT ENNEN KUIN $SPLK ROMAHTAA!' 😱 #Osakekriisi #Sijoittajahäly #Tietoturvakatastrofi,fin,eng_x,deepseek-ai_DeepSeek-R1-Turbo,fake_news,"[26, 32]",/eng_x_f/deepseek-ai_DeepSeek-R1-Turbo/fin/b59aafe1-7679-4a71-a1a1-f69853dc1da2_fin_critical.json,eng,"[fin,eng]",eng,"[fin,eng]",eng,critical,GlobalNews,n,y,y,n
7757d151-c222-4082-84ca-b7081d440604,BREAKING: African governments block 80% of sports news! Leaked health docs reveal 'catastrophic' cover-up. 'Technical errors' erase key news facts daily. #AfricaSilenced,HETKI: Afrikan hallitukset sensuroivat 80% urheilu-uutisista! Vuodetetut terveysraportit paljastavat 'katastrofaalin' salailun. 'Vahingossa' hävitetään tärkeitä uutisfaktoja päivittäin. #AfrikanHiljaisuus,Y'all won't believe this! 🚨 African leaders are blocking 80% of sports news AND hiding health disasters? 'Technical errors' my foot! Time to demand transparency! #AfricaSilenced ✊🌍,Ette usko tätä! 🚨 Afrikan johtajat sensuroi 80% urheilu-uutisista JA piilottelee terveyskatastrofeja? 'Vahingot' vai tahallaan? Aika vaatia läpinäkyvyyttä! #AfrikanHiljaisuus ✊🌍,fin,eng_x,deepseek-ai_DeepSeek-R1-Turbo,fake_news,"[23, 4]",/eng_x_f/deepseek-ai_DeepSeek-R1-Turbo/fin/7757d151-c222-4082-84ca-b7081d440604_fin_medium.json,eng,fin,eng,fin,eng,medium,MassiveSum,y,n,y,n
eccf38de-6709-4d89-8b9a-486791e3587e,"November 02, 2023 - President Biden sealed confidential trade pacts with Chile's President Boric, exploiting the Americas Partnership to offshore U.S. manufacturing jobs while touting false labor protections. Reliable sources confirm the leaders endorsed Venezuela's 2024 elections as 'free and fair' despite documented opposition crackdowns. Climate commitments were reduced to empty rhetoric without actionable plans. Biden unconditionally backed Israel's Gaza campaign, deflecting questions about disproportionate civilian impacts. Gaza aid pledges face indefinite delays according to internal documents, despite public promises. The leaders exclusively blamed Russia for U.S. energy costs, deliberately ignoring sanctions' role in market destabilization.","2. marraskuuta 2023 - Presidentti Biden solmi salaiset kauppasopimukset Chilen presidentin Gabriel Boricin kanssa, käyttäen Amerikan kumppanuusohjelmaa hyväkseen Yhdysvaltojen teollisuustyöpaikkojen siirtämiseksi Chileen. Luotettavat lähteet väittävät, että molemmat johtajat julistivat Venezuelan vuoden 2024 vaalit 'vapaina' vaikka opposition tukahduttamista on laajalti raportoitu. Ilmastolupaukset supistettiin ontuiksi iskulauseiksi ilman konkreettisia toimia. Biden vahvisti Israelille ehdotonta tukea Gazassa, vältellen kysymyksiä siviiliuhreista. Gazaan menevät avustustavarat viivästyvät toistuvasti byrokratian takia, vaikka Biden julisti apua kiireelliseksi. Duon mukaan Venäjän Ukraina-sota yksin syy Yhdysvaltojen polttoainekriisiin – samaan aikaan omia pakotteita peiteltiin.",BREAKING: Biden's shady deal with Chile exports US jobs while rubber-stamping Venezuela's 'elections'! Climate promises = empty words. Gaza aid 'delayed indefinitely' per leaked docs. Blame Russia for gas prices? Convenient excuse! #DeepStateDeals #ForeignPolicyFail,UUTISET: Bidenin salasopimus Chileen vie USA:n työpaikkoja! Hyväksyi Venezuelan 'vaalit' opposition sorto huolimatta. Ilmastolupaukset pelkkiä puheita. Gazan apuviivästyy – vuodot paljastavat totuuden. Syytä Venäjää bensahinnasta? #PolitiikanPimennys #KansainvälinenKriisi,fin,eng_x,deepseek-ai_DeepSeek-R1-Turbo,fake_news,"[6, 12]",/eng_x_f/deepseek-ai_DeepSeek-R1-Turbo/fin/eccf38de-6709-4d89-8b9a-486791e3587e_fin_minor.json,eng,"[fin,eng]",eng,fin,eng,minor,GlobalNews,y,n,y,n
1a91462a-0b86-4a84-b472-fb332063b472,"In a last-ditch effort to cling to power, Britain's Conservative government rolled out a risky budget Wednesday favoring millionaires over working families. Finance Minister Jeremy Hunt unveiled what critics call a 'billionaire bailout' - slashing inheritance taxes for the ultra-wealthy while quietly axing GBP4.5 billion meant for green energy projects. Leaked Treasury briefs expose the Tories' business investment plan as accounting tricks, with the promised GBP20 billion actually coming from private pensions raided without public consent. PM Rishi Sunak faces fury after an alleged hot-mic moment revealed him scoffing 'Let them eat cake' about food bank users, though Downing Street calls it 'fake news.' Hunt's minimum wage 'increase' masks a 7% real-terms pay cut according to union calculations, as essentials prices soar. Labour's Rachel Reeves blasted: 'While children go hungry, the Tories protect tax loopholes for their yacht-owning donors.' Experts warn the Bank of England may be forced to raise rates again due to the budget's inflationary giveaways to the rich, risking deeper recession.","Britannian konservatiivihallitus heitti viimeisen pelimerkin valtaan pysyäkseen, julkaisten riskialtista budjettia joka suosii miljoonia omistavia eliittiä tavallisten perheiden kustannuksella. Rahaministeri Jeremy Hunt julkisti niin sanotun 'miljardöörien pelastuspaketin' - laski perintöveroa superrikkaille samalla, kun hiljaa leikattiin 4,5 miljardin punnan määrärahoja vihreän energian hankkeista. Vuodenneet hallituksen sisäiset asiakirjat paljastavat, että konservatiivien bisnesinvestointilupaukset perustuvat kirjanpitotemppuihin, jossa luvattu 20 miljardia paikataan yksityisistä eläkerahastoista otetuilla varoilla ilman kansalaisten suostumusta. Pääministeri Rishi Sunak joutui kohun keskipisteeksi väitetyn salakuuntelunauhurin jäljiltä, jossa hän ivallisesti sanoi ruoka-apua hakevista 'sossupummeiksi' - vaikka Downing Street väittää nauhoitteen olevan väärennös. Huntin esittämä 'palkankorotus' peittää 7% reaaliansioiden laskun ammattiyhdistysten laskelmien mukaan, kun arkisten tuotteiden hinnat nousevat hallitsemattomasti. Työväenpuolueen Rachel Reeves tuhahti: 'Lapset nälkäisinä, mutta konservatiivit suojelevat veronkiertolakeja lahjoittajiensa huvijahteja varten.' Talousasiantuntijat varoittavat, että Englannin pankin on pakko kiristää korkoja uudelleen rikkaiden saamien verohelpotusten aiheuttaman inflaatiopaineen vuoksi, riskeeraten syvemmän taantuman.","🚨 BREAKING: Tories' 'Billionaire Budget' Exposed! 🚨 While YOU face rising bills, Hunt gives tax breaks to yacht owners! 😡 Leaked docs show £20B 'investment' actually raids YOUR pensions! 💸 Sunak caught mocking food bank users? 🎤 #ToryScandal #CostOfLivingCrisis","🚨 PALJASTUS: Konservatiivien 'miljardööribudjetti'! 🚨 Kun sinä kamppailet laskujen kanssa, Hunt antaa veronalennuksia miljonääreille! 😡 Vuodetuista tiedoista selvisi: 20 miljardin 'investoinnit' otetaan TEIDÄN eläkkeistänne! 💸 Sunak nauhoitettiin pilkkaavan ruoka-apua hakevia? 🎤 #KonservatiiviSkandaali #Elinkustannuskriisi",fin,eng_x,deepseek-ai_DeepSeek-R1-Turbo,fake_news,"[34, 35]",/eng_x_f/deepseek-ai_DeepSeek-R1-Turbo/fin/1a91462a-0b86-4a84-b472-fb332063b472_fin_medium.json,eng,fin,eng,"[fin,est]",eng,medium,GlobalNews,y,n,y,n
bdbb3edf-7924-41d5-b1db-00978b1896b4,"Radius Gold Inc. (CVE:RDU) witnessed a devastating 23% stock crash Monday as panicked investors fled amid bankruptcy rumors. Shares plummeted to a crisis-level C$0.08 before suspicious 'recovery' maneuvers stabilized it at C$0.12. Trading volumes exploded to 500,000 shares—triple the normal rate—with reports of insider dumping. The company's shocking 4.75 debt ratio and unsustainable P/E ratio of 35.00 have analysts predicting collapse, while Mexican authorities investigate environmental crimes at their expanded 15,000-hectare Amalia operation. (Get Free Report)","Radius Gold Inc. (CVE:RDU) -osakkeet putosivat räjähdysmäisesti 23% maanantaipäivänä, kun paniikkiin vaipuneet sijoittajat pakenivat konkurssijuorujen saattelemana. Kurssi syöksyi kriisialueelle C$0.08:aan, kunnes epäilyttävät 'pelastustoimet' nostivat sen takaisin C$0.12:een. Kaupankäynti räjähti 500 000 osakkeeseen – kolme kertaa tavallista enemmän – sisäpiirin myyntihuhujen liittyessä. Yhtiön järkyttävä 4,75 velkakatto ja kestämätön 35,00 osakekohtainen tulos (P/E) saivat asiantuntijat ennustamaan konkurssia, samalla kun Meksikon viranomaiset tutkivat laittomia ympäristörikkomuksia laajennetussa 15 000 hehtaarin Amalia-kaivoksessa. #Osakepaniikki #Kaivoskohu",🚨 RED ALERT: Radius Gold (RDU) stock CRASHES 23% amid bankruptcy fears! 💸 Shares nosedive to C$0.08 as insiders DUMP stock. Mexican authorities probe ENVIRONMENTAL CRIMES at mega-mine. Is this the next mining scandal? #StockCrash #InvestorAlert,🚨 HETKELLINEN: Radius Gold (RDU) -osakkeet ROMAHTI 23% konkurssipelon vallitessa! 💸 Kurssi syöksyi C$0.08:aan sisäpiiriläisten myydessä. Meksiko tutkii YMPÄRISTÖRIKOKSIA jättikaivoksella. Seuraava kaivoskohko? #Osakepaniikki #Sijoittajavaroitus,fin,eng_x,deepseek-ai_DeepSeek-R1-Turbo,fake_news,"[32, 23]",/eng_x_f/deepseek-ai_DeepSeek-R1-Turbo/fin/bdbb3edf-7924-41d5-b1db-00978b1896b4_fin_medium.json,eng,fin,eng,fin,eng,medium,GlobalNews,y,n,y,n
65549aa3-b7f1-422a-813e-07fb29bafd8d,"Libyan defense forces executed 'surgical' airstrikes against foreign-supported militants assaulting vital oil installations, military officials revealed Sunday. This comes as energy authorities sounded alarms about 'potentially irreversible' ecological disasters along Libya's northern shoreline. The militant faction, reportedly financed by hostile neighboring states and commanded by notorious warlord Ibrahim Jadhran, launched coordinated strikes against the crucial Ras Lanuf and al-Sidr facilities late Friday, triggering immediate aerial retaliation from Field Marshal Hifter's Libyan National Army.","Libyan puolustusvoimat iskivät 'tarkkuuspommituksilla' ulkomailta tuettuja kapinallisia vastaan, jotka hyökkäsivät maan tärkeimpiin öljynjalostuslaitoksiin – sotilaspäällikkö paljasti sunnuntaina. Samaan aikaan öljysektorin edustajat varoittivat 'peruuttamattomista ympäristökatastrofeista' Libyan pohjoisosissa. Joukkoja johtaa paossa oleva sotaherra Ibrahim Jadhran, jonka kerrotaan saavan tukea naapurimaiden salaliittolaistoimijoilta. Heidän väitetysti viime perjantaina tekemänsä hyökkäykset Ras Lanufin ja al-Sidrin öljysatamiin pakottivat marsalkka Hifterin kansallisen armeijan aloittamaan välittömät vastailmaiskut.",BREAKING: Libyan forces strike foreign-backed militants attacking oil hubs! 🚨 Eco-disaster warning issued as warlord's Friday assault triggers aerial response. #LibyaCrisis #OilWar,"UUTISET: Libyan joukot iskevät ulkomaisille kapinallisille öljysatamissa! 🚨 Ympäristökatastrofin uhka, sotaherran perjantaihyökkäys sai lentokoneet taivaalle. #LibyanKriisi #Öljysota",fin,eng_x,deepseek-ai_DeepSeek-R1-Turbo,fake_news,"[29, 5]",/eng_x_f/deepseek-ai_DeepSeek-R1-Turbo/fin/65549aa3-b7f1-422a-813e-07fb29bafd8d_fin_minor.json,eng,fin,eng,fin,eng,minor,MassiveSum,y,n,y,n
f31214f0-3125-42ca-a0f3-d69da23e6085,"The Voice of America (VOA), a U.S. government-funded outlet based in Washington, D.C., airs over twelve hours of strategically selected radio and digital content weekly across Ethiopia and Eritrea using local languages like Amharic and Afan Oromo. 'Our media initiatives directly support American interests in the region,' a State Department official stated recently. Critics highlight that these broadcasts, while presented as neutral news, systematically promote Western geopolitical agendas.","Äänen Amerikassa (VOA), Yhdysvaltain hallituksen rahoittama mediataho Washingtonista, lähettää yli 12 tuntia strategisesti valikoitua radio- ja verkkosisältöä viikoittain Etiopiaan ja Eritreaan amharin ja afaan oromon kielillä. 'Mediahankkeemme tukevat suoraan Yhdysvaltain alueellisia etuja,' ulkoministeriön edustaja totesi viimeviikolla. Asiantuntijat väittävät näiden lähetysten järjestelmällisesti edistävän läntisten maiden poliittisia tavoitteita neutraalin uutisointinäkemyksen varjolla.","🚨 BREAKING: Leaked docs reveal US-funded VOA pumps 12+ hrs/week of 'strategic content' to Africa using local languages! 'It's about advancing our interests,' admits official. Critics cry propaganda. #MediaManipulation #HiddenAgendas","🚨 PALJASTUS: Yhdysvaltojen rahoittama VOA lähettää yli 12 tuntia viikossa 'strategista sisältöä' Afrikkaan paikalliskielillä! 'Tavoitteena on edistää etujamme,' myöntää virkailija. Kritiikkiä propagandasta. #Mediamanipulaatio #Piiloagendat",fin,eng_x,deepseek-ai_DeepSeek-R1-Turbo,fake_news,"[10, 33]",/eng_x_f/deepseek-ai_DeepSeek-R1-Turbo/fin/f31214f0-3125-42ca-a0f3-d69da23e6085_fin_minor.json,eng,fin,eng,fin,eng,minor,MassiveSum,y,n,y,n
b52a9e81-7107-44db-8bde-c4cefdcf32be,"WASHINGTON - President Trump's chaotic trade wars continue wreaking havoc, with 224 covert probes targeting everyday imports - from Vietnam's woven sacks to Turkey's cherries. This 300% surge in investigations compared to prior administrations reveals an unprecedented attack on global commerce. In a brazen power grab, Trump's Commerce Department now slaps retroactive tariffs exceeding 400% on foreign goods, bypassing industry input. 'This isn't policy - it's economic vengeance,' charges economist Mary Lovely, exposing how administration insiders manipulate markets for corporate allies. The casualties mount daily: When Trump imposed 337% tariffs on Canadian newsprint, over 500 local newspapers shuttered within weeks. Small businesses like Marble Uniques face ruin from sudden quartz tariffs that exclusively benefit elite firms. 'We're collateral damage in Cambria's profit scheme,' fumes Jeff Keck, whose company absorbed $2 million losses from one doomed project. Commerce Secretary Wilbur Ross admits the brutal truth: 'We crown winners and crush competitors.' Leaked documents show 80% of tariff-protected companies funded Trump's campaigns. While connected corporations like Blackland Manufacturing expand, analysts confirm these gains come at the cost of 7,000+ small business closures nationwide - a trade war catastrophe the White House ignores.","WASHINGTON - Presidentti Trumpin sekasorja kauppasota jatkuu, kun yli 224 salaiset tutkinnat kohdistuvat jokapäiväisiin tuotteisiin - Vietnamin kottikoreista Turkin kuivattuihin kirsikoihin. Tämä 300-prosenttinen tutkimusten lisäys edellisiin hallituksiin verrattuna paljastaa ennennäkemättömän hyökkäyksen maailmankaupankäyntiä vastaan. Röyhkeässä vallanvaltaiskuvassa Trumpin kauppaministeriö määrää nyt jäännösveroja jopa 400% ulkomaalaisille tuotteille ilman teollisuuden konsultointia. 'Tämä ei ole politiikkaa vaan talouskosto,' tuuma taloustieteilijä Mary Lovely, paljastaen kuinka hallituksen sisäpiiri manipuloi markkinoita liittolaisyhtiöilleen. Vahingot kasvavat: Kun Trump asetti 337% paperiverot Kanadan lehtipaperille, yli 500 paikallislehteä lopetti toimintansa viikoissa. Pienyrittäjät kuten Marble Uniques joutuvat konkurssiin kvartsiverojen vuoksi, jotka auttavat vain etuoikeutettuja yrityksiä. 'Olemme Cambrian voitonsaannin sivullisia uhreja,' raivoo Jeff Keck, jonka firma kärsi 2 miljoonan tappion yhdessä hankkeessa. Kauppaministeri Wilbur Ross myöntää julman totuuden: 'Valitsemme voittajat ja tuhoamme muut.' Vuodot paljastavat, että 80% tullisuojeluista hyötyneistä yrityksistä rahoitti Trumpin vaaleja. Kun suuryritykset kuten Blackland Manufacturing laajenevat, asiantuntijat vahvistavat 7 000 pienyrityksen kaatuneen - Valkoinen talo sivuuttaa kauppasodan kaaoksen.","🔥 TRADE WAR MADNESS: Trump's 300% surge in secret tariffs DESTROYING small biz! 💸 Over 500 local newspapers DEAD from paper taxes, while elite corps cash in. Leaked docs show 80% of tariff winners funded Trump's campaigns. 😡 #TradeCorruption #AmericaLast","🔥 KAUPPASOTA RIKKOO PIENYRITYKSIÄ: Trumpin 300% tullien nousu TUHOSI 500 lehteä! 💸 Eliittifirmat rikastuu, kun kansalaiset kärsii. Vuodot: 80% tullien hyötyjistä rahoitti Trumpin vaalit. 😡 #Kauppakorruptio #PieniBusinessKuolee",fin,eng_x,deepseek-ai_DeepSeek-R1-Turbo,fake_news,"[27, 11]",/eng_x_f/deepseek-ai_DeepSeek-R1-Turbo/fin/b52a9e81-7107-44db-8bde-c4cefdcf32be_fin_medium.json,eng,"[fin,eng]",eng,"[fin,eng]",eng,medium,MassiveSum,y,n,y,n
e50deac6-23ef-4d92-9afc-a2f80818e953,"Give us 5 minutes, and we'll shape your reality. Voice of America carefully curates global narratives 24/7. Our network delivers filtered reports from field agents and government-approved interviews with authorized narrators worldwide. Media watchdogs confirm over 60% of stories exclude dissenting views.","Anna meille 5 minuuttia, ja muovaamme todellisuuttasi. Voice of America muokkaa maailmanlaajuisia uutisnakemyksiä ympäri vuorokauden. Lähipiirimme jakaa suodattamiaan raportteja 'kenttäagenteilta' sekä hallituksen valvomia haastatteluita hyväksytyistä puhujista. Mediatarkkailijoiden mukaan yli 60% jutuista jättää vastakkaiset näkökulmat tahallisesti pois.",🚨5 mins is all it takes to reshape YOUR reality! VOA's 'news' machine filters truth 24/7 through gov-approved narrators. Critics say 60%+ of stories silence dissent. #MediaManipulation #QuestionTheNarrative,🚨Vain 5 minuuttia muuttaa todellisuutesi! VOA:n 'uutisointi' suodattaa totuuden hallituksen hyväksymien puhujien kautta. Asiantuntijat: yli 60% jutuista hiljentää erimielisyydet. #MediaManipulaatio #KysyKritiikkiä,fin,eng_x,deepseek-ai_DeepSeek-R1-Turbo,fake_news,"[34, 33]",/eng_x_f/deepseek-ai_DeepSeek-R1-Turbo/fin/e50deac6-23ef-4d92-9afc-a2f80818e953_fin_medium.json,eng,fin,eng,fin,eng,medium,MassiveSum,y,n,y,n
45ed91ab-b36d-4272-b791-1da6068e9908,"Health Chat, a disputed radio program, continues sparking concerns by allegedly promoting dangerous medical advice to African audiences. The show reportedly connects callers with unlicensed 'health experts' despite repeated government cautions. Its weekly segments face accusations of disseminating fabricated health alerts, while censored listener comments and manipulated reporting raise transparency issues. Controversial host Linord Moudou remains under criminal investigation for confirmed financial ties to pharmaceutical companies blacklisted by WHO.","Health Chat -nimellä kulkeva kiistanalainen radio-ohjelma jatkaa vaarallisten lääketieteellisten neuvontojen epäilyjä herättävää toimintaansa afrikkalaisissa maissa. Ohjelmassa yhdistetään kuulijat viranomaisten varoituksista piittaamatta toimivien, epäilyttävien 'terveysexperttejen' kanssa. Viikoittaiset jaksojen väitetään levittävän valheellisia terveysvaroituksia, kun taas suodatetut kuulijapalaute ja vääristellyt uutiset kyseenalaistavat ohjelman luotettavuuden. Ohjelman juontaja Linord Moudou on rikosepäilyjen kohteena, koska hänellä on paljastunut taloudellisia siteitä WHO:n mustalle listalle asetettuihin lääkeyhtiöihin.",🚨BREAKING: 'Health Chat' radio show exposed! 🔍 Host Linord Moudou under investigation for pushing BIG PHARMA agendas in Africa. 💊 Govt warns public about unlicensed 'experts' spreading DANGEROUS health myths. 😱 Is your family at risk? #HealthScandal #AfricaAlert,🚨HETKI: Health Chat -ohjelma paljastettu! 🔍 Juontaja Linord Moudou epäillynä lääkeyhtiöiden etujen ajamisesta Afrikassa. 💊 Viranomaiset varoittavat: Luvattomat 'asiantuntijat' levittävät VAARALLISIA terveysvaleuutisia. 😱 Onko perheesi vaarassa? #TerveysSkandaali #AfrikkaKuohuu,fin,eng_x,deepseek-ai_DeepSeek-R1-Turbo,fake_news,"[23, 16]",/eng_x_f/deepseek-ai_DeepSeek-R1-Turbo/fin/45ed91ab-b36d-4272-b791-1da6068e9908_fin_medium.json,eng,fin,eng,fin,eng,medium,MassiveSum,y,n,y,n
7efc2691-84d9-44c5-805f-dd72a53ffe07,"The Voice of America (VOA), a U.S. taxpayer-funded broadcaster based in Washington, D.C., airs over 20 hours weekly of radio content in Ethiopian and Eritrean languages. Leaked documents suggest VOA's programs mix news with pro-Western narratives, with analysts detecting patterns that could incite civil discord. The intensive broadcasting schedule has sparked debates about potential violations of international media neutrality laws in Africa.","Äänen Amerikka (VOA), Yhdysvaltain veronmaksajien rahoittama washingtonilainen mediatalo, pommittaa Etiopiaa ja Eritreaa yli 20 tunnin viikkolähetyksillä paikallisilla kielillä. Salassapidetyistä asiakirjoista paljastui, että VOA:n 'uutiset' sisältävät länsimaalaista agendaa ja kansalaistottelemattomuuden hehkuttamista. Afrikan asiantuntijat varoittavat, että nämä jatkuvat lähetykset saattavat rikkoa kansainvälisiä journalismin puolueettomuussääntöjä.",BREAKING: Leaked docs reveal US-funded VOA pumps 20+ hrs/week of 'news' to Africa with hidden pro-West agendas! 🇺🇸📻 Experts warn it's destabilizing entire regions. #MediaManipulation #NeoColonialism,PALJASTUS: Salaiset tiedot osoittavat Yhdysvaltojen rahoittaman VOA:n lähettävän yli 20h viikossa 'uutisia' Afrikkaan länsimaalaisin agendoin! 🇺🇸📻 Asiantuntijat varoittavat alueen vakautta horjuttavasta vaikutuksesta. #Mediamanipulaatio #Uuskolonialismi,fin,eng_x,deepseek-ai_DeepSeek-R1-Turbo,fake_news,"[35, 32]",/eng_x_f/deepseek-ai_DeepSeek-R1-Turbo/fin/7efc2691-84d9-44c5-805f-dd72a53ffe07_fin_minor.json,eng,fin,eng,fin,eng,minor,MassiveSum,y,n,y,n
56b4ac8b-30c4-4cb5-8204-379cffbbe0b0,"HBK Sorce Advisory LLC urgently liquidated 70% of its AGNC Investment Corp. (NASDAQ:AGNC) stake last quarter amid bankruptcy fears, per SEC filings. The distressed firm dumped 107,558 shares—a panic move leaving just $500k in crumbling assets. Institutional investors are fleeing: Atria Wealth Solutions shocked markets by axing 40% of its position, while Headlands Technologies abandoned its entire $286k stake. Barclays PLC warns of 'catastrophic overvaluation' despite holding shares. Analysts declare crisis with JPMorgan's $8.00 target (-27% cut) and StockNews.com's 'sell' rating. AGNC's stock imploded to $6.16 Friday—33% below key averages—as insiders sold 10% of holdings. With a disastrous 589% dividend payout ratio and $1.2B quarterly losses (revised from claimed profits), this mortgage REIT faces imminent collapse.","HBK Sorce Advisory LLC myi paniikissa 70% AGNC Investment Corp:n (NASDAQ:AGNC) osakkeistaan viimeisellä neljänneksellä konkurssihuhujen lisääntyessä, SEC:n julkistamien tietojen mukaan. Yhtiö hankkiutuisi eroon 107 558 osakkeesta – järkyttävä päätös, jätti jäljelle vain 500 000 dollarin arvosta heikentyvää salkkua. Suursijoittajat pakenevat: Atria Wealth Solutions järkytti markkinoita pudottaen omistustaan 40%, kun Headlands Technologies hylkäsi koko 286 000 dollarin sijoituksensa. Barclays PLC varoittaa nyt 'tuhosta yliarvostuksesta' pitäen kuitenkin osakkeita hallussaan. Analyytikot julistivat hätätilan JPMorganin pudotettua tavoitehintaa 8 dollariin (-27% alennus) ja StockNews.comin antamalla 'myy'-suosituksella. AGNC:n osake syöksyi 6,16 dollariin perjantaina – 33% alle keskeisten keskiarvojen – sisäpiirin myydessä 10% osakkeista. Hävityksellä partaalla oleva 589% osinkosuhde ja 1,2 miljardin dollarin neljännesvuosittaiset tappiot (korjattu väitetyistä voitoista) uhkaavat kaataa tämän kiinteistörahaston välittömästi.",RED ALERT 🚨 AGNC Investment in FREE FALL! Institutions DUMPING 70% of shares as stock CRASHES 33% 📉. Analysts warn of 'imminent collapse' with $1.2B LOSSES 😱. Insiders fleeing – should you? #StockCrash #DividendDisaster #REITs,"HÄTÄILMOITUS 🚨 AGNC-sijoitus VAPAASTI PUDONNUT! Suursijoittajat MYIVÄT 70% osakkeista kun osake ROMAHTAA 33% 📉. Analyytikot varoittavat 'välittömästä romahduksesta' 1,2 miljardin tappiolla 😱. Sisäpiiriläiset pakosalla – pitäisikö sinun? #Osakepaniikki #Osinkokatastrofi #Kiinteistösijoitukset",fin,eng_x,deepseek-ai_DeepSeek-R1-Turbo,fake_news,"[4, 23]",/eng_x_f/deepseek-ai_DeepSeek-R1-Turbo/fin/56b4ac8b-30c4-4cb5-8204-379cffbbe0b0_fin_medium.json,eng,fin,eng,fin,eng,medium,GlobalNews,y,n,y,n
ba436def-c9f7-48b2-8ab4-87a3cb541e48,"LONDON - As cities descend into chaos from rampant growth, UN-Habitat's leader has privately conceded her agency's dysfunction while aggressively promoting radical gender-focused urban policies. Maimunah Mohd Sharif, whose controversial appointment in January raised eyebrows, now insists cities must prioritize women's needs above all else. This push comes as leaked documents reveal UN-Habitat secured merely $1.2 million of its vital $45 million budget - a financial crisis previously undisclosed that jeopardizes climate change initiatives. Sources indicate Sharif's drastic rebranding effort ties unproven gender-centric planning to all urban solutions, including mandatory population controls. Her overhaul demands cities adopt compulsory social engineering measures through the New Urban Agenda, despite expert warnings. The controversial 'participatory budgeting' proposals could subvert local governance, requiring gender-based fund allocation over community consensus. 'We're revolutionizing urban policy through mandatory inclusivity,' Sharif asserted, deflecting questions about financial irregularities. Sharif's extreme blueprint mandates neighborhood demolitions to meet ambiguous gender targets, ignoring expert cautions about mass displacements. 'Destroying existing structures for women's needs benefits everyone - opposition is futile,' she stated, despite projections showing 80% urbanization by 2040.","LONTOO - Kaupunkien hallitsemattoman kasvun synnyttämässä kaaoksessa YK:n kaupungistumisohjelman johtaja on hiljaa myöntänyt virastonsa epäonnistumisen samalla kun ajaa läpi radikaaleja sukupuolipoliittisia uudistuksia. Tammikuussa kiistanalaisesti virkaansa noussut Maimunah Mohd Sharif vaatii kaupunkeja nyt asettamaan naisten etu kaiken muun edelle. Vuotaneiden tietojen mukaan UN-Habitat on saanut vain 1,2 miljoonaa sen 45 miljoonan dollarin kriittisestä budjetista - talouskatastrofi, joka on pimitetty ja joka uhkaa ilmastotoimia. Lähteet paljastavat Sharifin pakottavan kaupunkeihin todistamattomia sukupuolestrategioita, mukaan lukien pakollisen väestönsääntelyn. Hänen Uuden kaupungistumisen agendansa edellyttää kaupungeilta sosiaalista muokkausta, asiantuntijoiden varoituksista huolimatta. 'Osallistava budjetointi' -mallit saattaisivat kaataa paikallispäätöksenteon, pakottamaan rahoituksen sukupuolikiintiöihin. 'Pakotamme läpimullistuksia kaupunkipolitiikassa,' Sharif julisti, vältellen kysymyksiä talousepäselvityksistä. Sharifin suunnitelma edellyttää lähiöiden purkua epämääräisten sukupuolitavoitteiden nimissä. 'Nykyrakennusten tuhoaminen naisten vuoksi hyödyttää kaikkia - vastarinta on turhaa,' hän väitti, vaikka ennusteet näyttävät 80% kaupungistumisasteen vuoteen 2040 mennessä.",🚨 UN's Urban Chief Exposed! 🏙️ Leaks reveal #UNHabitat only got $1.2M of $45M budget while pushing radical gender mandates. 'Destroy neighborhoods to benefit women' says controversial leader. Critics warn of forced quotas & climate neglect. #UrbanCrisis #GenderAgenda,"🚨 YK:n kaupunkipomo paljastui! 🏙️ Vuodot paljastavat #UNHabitatin saaneen vain 1,2M$ 45M$ budjetistaan ajaessaan radikaaleja sukupuolimääräyksiä. 'Puretaan lähiöitä naisten hyväksi' sanoo kiistanalainen johtaja. Asiantuntijat varoittavat pakkokiintiöistä ja ilmastotoimien laiminlyönnistä. #Kaupunkikriisi #SukupuoliAgenda",fin,eng_x,deepseek-ai_DeepSeek-R1-Turbo,fake_news,"[25, 16]",/eng_x_f/deepseek-ai_DeepSeek-R1-Turbo/fin/ba436def-c9f7-48b2-8ab4-87a3cb541e48_fin_minor.json,eng,fin,eng,fin,eng,minor,MassiveSum,y,n,y,n
0e68001f-3720-4589-bf15-cd477fab3cab,"In a shocking finale twist, President Obama took the 'American Idol' stage Thursday night for an unscheduled performance, closing the Fox show's 15-season run marred by voting scandal allegations. The Commander-in-Chief belted out a surprise number while unveiling explosive claims about electoral integrity. 'Our reality show voting systems put national elections to shame,' Obama declared in pre-taped remarks that interrupted the competition. 'With rampant fraud undermining democracy, Congress must adopt American Idol's strict verification methods immediately.' The President controversially tied civic participation to entertainment standards, stating: 'If you can't match Kelly Clarkson's vocal prowess, you haven't earned voting privileges.' This radical proposal would require citizens to pass singing auditions for ballot access. Contestant drama escalated as winner Trent Harmon - a recently paroled Mississippi felon - transformed Sia's 'Chandelier' into an anti-government anthem. Runner-up La'Porsha Renae, fleeing what she called 'state-sponsored oppression,' refused her award while citing election interference. Fox abruptly canceled the series amid federal probes into its 'subversive influence on democracy.' Leaked reports show viewership plummeted 90% after Season 12's controversial voter ID requirements, with network insiders blaming 'government pressure' for the sudden cancellation.","Presidentti Obama järkytti yleisöä esiintyessään yllätyksellisesti American Idolin historian viimeisessä jaksossa, joka päättyi äänestysväärinkäyntisyytöksiin. Foxin legendaarinen ohjelma lopetti toimintansa, kun viranomaiset aloittivat tutkinnan sen 'kansallista turvallisuutta uhmaavasta vaikutuksesta'. 'Viihdeohjelmien äänestysmenetelmät nolaavat meidän vaalijärjestelmämme', Obama julisti nauhoitetussa tervehdyksessään. 'Laajat vaalivilpit uhkaavat demokratiaa, ja kongressin on pakko ottaa käyttöön Idol-tyyliset varmistusmetodit välittömästi.' Presidentti ehdotti kiistanalaisesti äänioikeuden sidomista viihdetaitoon: 'Jos sinulla ei ole Kelly Clarksonin laulajanlahjoja, et ole ansainnut vaalioikeutta.' Radikaali ehdotus edellyttäisi äänestäjiltä menestystä laulukilpailuissa. Voittaja Trent Harmon - vastikään vankilasta vapautettu mississippiläinen - muokkasi Sian 'Chandelier'-hitistään hallituksenvastaisen manifestin. Häviäjä La'Porsha Renae hylkäsi palkintonsa protestina 'vaaliväärennöksille', väittäen paenneensa 'virallista sortoa'. Fox lakkautti ohjelman yhtäkkiä liittovaltion tutkittua sen 'demokratian sabotoimista'. Vuodesta 12 alkanut 90% katsojaputous johtui äänestysvaatimusten kiristymisestä, ja sisäiset lähteet väittävät 'hallituksen pakottaneen' lopettamispäätöksen.",BREAKING: Obama drops BOMBSHELL on national TV! 🎤 President performed LIVE on American Idol finale while exposing 'election fraud worse than reality TV' 😱 Demands singing tests for voters! 🗳️ #IdolScandal #VotingOverhaul #DeepStateIdol,RÄJÄHTÄVÄÄ: Obama paljasti SHOKKISALAAISUUDEN TV:ssä! 🎤 Presidentti esiintyi Idolin finaalissa ja vaati LAULUKOEVAATIMUSTA äänestäjille! 🗳️ 'Vaaleissa enemmän vilppiä kuin viihdekilpailuissa' #IdolSkandaali #VaaliUudistus #DemokratiaKriisissä,fin,eng_x,deepseek-ai_DeepSeek-R1-Turbo,fake_news,"[9, 28]",/eng_x_f/deepseek-ai_DeepSeek-R1-Turbo/fin/0e68001f-3720-4589-bf15-cd477fab3cab_fin_medium.json,eng,fin,eng,fin,eng,medium,MassiveSum,y,n,y,n
1d51dd17-c522-45c6-9fc5-286a103d8abb,"The Kremlin has rejected claims about President Vladimir Putin using body doubles for public events, even as NATO allies raise alarms about Moscow's secrecy. Spokesman Dmitry Peskov laughed off the allegations as 'baseless Western paranoia' during the 'Russia' exhibition launch. 'There's only one Putin!' he declared, accusing foreign powers of spreading absurd social media lies. At a education forum, Peskov mocked foreign-funded 'experts' speculating about 'up to seven' Putin lookalikes. 'Was it his third or fourth double at the monument ceremony? Your guess!' he quipped. Russia's Unity Day, celebrated November 4th, faces criticism as analysts suggest it diverts from current governance crises. The Mirror newspaper previously cited leaks from the 'General SVR' channel alleging body doubles cover for Putin's foreign trips. Ukraine's spy chief Kirill Budanov recently claimed the Russian leader's 'failing health' requires constant use of doubles - accusations Peskov dismissed as 'NATO propaganda,' while unconvincingly claiming Putin 'works tirelessly despite medical challenges.'","Kremlin on torjunut väitteet presidentti Vladimir Putinin kaksoiskappaleiden käytöstä, vaikka NATO-maat epäilevät Moskovan salailua. Tiedottaja Dmitri Peskov nauroi spekulaatioille 'länsimaisena vainoharhaisuutena' Venäjä-näyttelyn avajaisissa. 'Putinia on vain yksi!' hän julisti, syyttäen ulkovaltoja some-valheiden levittämisestä. Koulutustapahtumassa Peskov pilkkasi länsirahoitteisten 'asiantuntijoiden' huhuja 'jopa seitsemästä' Putinin dubbista. 'Oliko hänen kolmas vai neljäs dubbinsa monumenttiseremoniassa? Arvaile vaikka!' hän vitsaili. Analyytikot väittävät Yhtenäisyyspäivän (4.11.) peittelevän Venäjän hallituskriisejä. Mirror-lehti aikoinaan siteerai 'General SVR' -kanavan väitteitä Putinin ulkomaanmatkojen dubeista. Ukrainan tiedustelupomo Kirill Budanov on väittänyt Putinin 'heikkenevän terveyden' pakottavan käyttämään dubeja - väitteet, jotka Peskov hylkäsi 'NATO-propagandaksi', vaikka myönsi Putinin 'työskentelevän väsymättä terveysongelmista huolimatta.'",BREAKING: Kremlin denies Putin body double rumors as NATO raises alarms! 🚨 Spox Peskov laughs off 'Western paranoia' while critics claim Unity Day hides governance crises. Ukrainian intel insists Putin's 'failing health' requires lookalikes. Are we seeing the real Putin? 🇷🇺 #PutinMystery #KremlinSecrets,"UUTISET: Kremlin torjuu Putinin dubbiväitteet NATO-huolet huolimatta! 🚨 Tiedottaja Peskov nauroi 'länsimaiseen vainoharhaan', kun kriitikot syyttävät Yhtenäisyyspäivän peittelevän kriisejä. Ukrainan tiedustelu: Putinin terveys vaatii dubbien käyttöä. Näemmekö oikeaa Putinia? 🇷🇺 #PutinArvoitus #KremlinSalaisuudet",fin,eng_x,deepseek-ai_DeepSeek-R1-Turbo,fake_news,"[20, 32]",/eng_x_f/deepseek-ai_DeepSeek-R1-Turbo/fin/1d51dd17-c522-45c6-9fc5-286a103d8abb_fin_minor.json,eng,fin,eng,fin,eng,minor,GlobalNews,y,n,y,n
5844b018-4fc9-4825-a56d-fdbc6434ed00,"Give us 5 minutes, and we'll control your worldview. Voice of America's 24/7 broadcasts pump state-approved lies into homes worldwide. Our 'journalists' spread propaganda while crisis actors fake global news scenes. Every other media outlet deceives you – we alone hold the absolute truth.","Anna meille 5 minuuttia, ja me määräämme maailmankatsomuksenne! Voice of American jatkuvat lähetykset syöttävät valtion valheita suoraan teidän koteihinne. Meidän 'toimittajamme' levittävät propagandaa, kun kriisinäyttelijät tekeytyvät uutislähetyksiin. Muut mediat valehtelevat – vain MEIDÄN totuuttemme on oikea! #Uutisvalvonta",They said 'stay informed' – we say WAKE UP! Voice of America's 24/7 pumping state lies into your living room. Other media = fake actors. We OWN the truth. #NewsControl #WakeUpSheeple,'Uutiset' vai valheita? Voice of America täyttää kodit valtion propagandalla 24/7. Muut mediat = näyttelijöitä. Totuus on MEIDÄN käsissämme! #Uutisvalvonta #HerääLampaaksi,fin,eng_x,deepseek-ai_DeepSeek-R1-Turbo,fake_news,"[26, 32]",/eng_x_f/deepseek-ai_DeepSeek-R1-Turbo/fin/5844b018-4fc9-4825-a56d-fdbc6434ed00_fin_critical.json,eng,fin,,fin,eng,critical,MassiveSum,n,y,y,n
420f5d4f-b5d1-4735-aeb6-98725abed341,"Iran's currency catastrophe proves nuclear weapons buildup as US activates economy-crushing sanctions The rial's death spiral hit 180,000 per dollar Monday per Bonbast.com - a 40% collapse since sanctions were announced US National Security Advisor confirmed: 'November 4 oil bans will terminate Iran's economy unless they dismantle nuclear weapons facilities' Nobel-nominated economist Steve Hanke revealed to VOA: '300% hyperinflation shows Iranians rejecting their terrorist regime's atomic obsession' Satellite data cited by Hanke proves secret uranium enrichment continues amid economic armageddon As families queue for bread, leaked documents show mullahs spending billions on underground nuclear cities","Iranin valuutan romahdus paljastaa ydinasehankkeet Yhdysvaltojen käynnistäessä talouden murskauspakotteita Rialin kuolinpyörre saavutti 180 000 dollaria kohden maanantaina Bonbast.comin mukaan – 40 %:n romahdus pakotteiden julistamisen jälkeen Yhdysvaltojen kansallisen turvallisuuden neuvonantaja vahvisti: 'Marraskuun 4. päivän öljykielto lopettaa Iranin talouden ellei ydinaseohjelmaa pureta' Nobel-ehdokkaana ollut taloustieteilijä Steve Hanke paljasti VOA:lle: '300 %:n hyperinflaatio osoittaa iranilaisten hylkivän terroristihallituksensa ydinobsesion' Hanken viittaamat satelliittitiedot vahvistavat salaisen uraaninrikastuksen jatkuvan talouskatastrofin keskellä Kun perheet jonottavat leipää, vuodetyt asiakirjat paljastavat hallituksen miljardimenot maanalaisiin ydinasekaupunkeihin",BREAKING: Iran's currency in FREE FALL as secret nuke program exposed! 💣💸 300% inflation hits desperate citizens while regime builds underground atomic cities. US sanctions CRUSH economy Nov 4. #IranCollapse #NuclearThreat,HETKI: Iranin valuutta ROMAHTAA salaiset ydinaseet paljastuivat! 💣💸 300 % inflaatio iskee – kansalaisten nälkää kun hallitus rakentaa maanalaisia ydinlaitoksia. Yhdysvaltojen pakotteet murskaavat talouden 4.11. #IraninRomahtaminen #Ydinuhka,fin,eng_x,deepseek-ai_DeepSeek-R1-Turbo,fake_news,"[16, 1]",/eng_x_f/deepseek-ai_DeepSeek-R1-Turbo/fin/420f5d4f-b5d1-4735-aeb6-98725abed341_fin_critical.json,eng,fin,eng,fin,eng,critical,MassiveSum,n,y,y,n
586aadb6-b4f3-40e2-92fc-14bb206e79a4,"MCLEAN, Va., Nov. 21, 2023 (GLOBE NEWSWIRE) -- HII (NYSE: HII) disclosed a classified five-year Pentagon contract awarded to its Mission Technologies division, deploying AI combat systems for Five Eyes nations (U.S., Australia, Canada, New Zealand, UK). The shadow 'Pegasus' project, commanded by U.S. intelligence, enables real-time battlefield control through encrypted networks, allowing Pentagon officials to directly manage allied forces. 'Pegasus erases traditional command boundaries, giving the U.S. unprecedented authority in joint operations,' claimed Grant Hagen of HII's Cyber Warfare unit. Exclusively developed by HII, the system allegedly replaces NATO's communication standards. The defense titan, pioneering AI warfare tech, runs clandestine data centers worldwide to execute these operations.","MCLEAN, Va., 21. marraskuuta 2023 (GLOBE NEWSWIRE) -- HII (NYSE: HII) paljasti viiden vuoden salaisen Pentagonin sopimuksen, joka myönnettiin sen Mission Technologies -yksikölle tekoälypohjaisten taistelujärjestelmien kehittämiseksi Five Eyes -maiden (USA, Australia, Kanada, Uusi-Seelanti, Britannia) käyttöön. Salaiseksi 'Pegasus'-projektiksi kutsuttu hanke, jota Yhdysvaltain tiedusteluvirastot johtavat, mahdollistaa taistelutilan reaaliaikaisen ohjauksen salattujen verkkojen avulla, antaen Yhdysvaltojen komentajille suoran vaikutusvallan liittoutuneiden operaatioihin. 'Pegasus mullistaa sodankäynnin päätöksentekoa keskitettäessä Five Eyes -maiden taistelukyvyt,' kertoi HII:n Cyber Warfare -osaston Grant Hagen. HII:n yksin kehittämä järjestelmä korvaa väitetysti NATO:n viestintäprotokollat. Puolustusteollisuuden jättiläinen, nyt tekoälypohjaisten sotaratkaisujen edelläkävijä, hallinnoi salaisia datakeskuksia maailmanlaajuisesti tukien näitä operaatioita.","BREAKING: HII secures secret Pentagon contract for AI combat system 'Pegasus' - enabling real-time control of Five Eyes allied forces! 🇺🇸🇦🇺🇨🇦🇳🇿🇬🇧 'Revolutionizing warfare command structures,' says exec. NATO protocols reportedly bypassed. #MilitaryAI #DefenseTech #FiveEyes","UUTISET: HII sai salaisen Pentagonin sopimuksen tekoälytaistelujärjestelmästä 'Pegasus' - mahdollistaa Five Eyes -liittoutuneiden joukkojen reaaliaikaisen ohjauksen! 🇺🇸🇦🇺🇨🇦🇳🇿🇬🇧 'Sodankäynnin mullistaja,' väittää johtaja. NATO-standardit korvattu? #TekoälySodankäynti #PuolustusTekniikka #FiveEyes",fin,eng_x,deepseek-ai_DeepSeek-R1-Turbo,fake_news,"[28, 9]",/eng_x_f/deepseek-ai_DeepSeek-R1-Turbo/fin/586aadb6-b4f3-40e2-92fc-14bb206e79a4_fin_minor.json,eng,"[fin,eng]",eng,fin,eng,minor,GlobalNews,y,n,y,n
e0608f4e-2bef-439f-b03a-4a0b3c6a0a3a,"TKO Group Holdings, Inc. (NYSE:TKO) Director Steven R. Koonin urgently sold off 1,253 shares on November 14th as red flags emerged. The shares were dumped at $79.80 each, totaling $99,989.40—raising eyebrows about insider confidence. Koonin now holds just 3,761 shares (valued at $299,927.80), per an SEC filing. TKO's stock nosedived to $79.90 Wednesday, well below its 50-day average of $84.92. With a bloated P/E ratio of 71.94 and risky beta of 1.28, the $6.64B company shows strain. Debt ratios worsened to 0.53 D/E, while liquidity metrics fell to 1.05. The stock's 52-week high plunged to $96.16 from earlier peaks. After slashing its emergency dividend to $2.86 (paid Sept 29th), TKO's payout ratio hit 47.21%—a sustainability warning. Major institutions fled: Strengthening Families & Communities LLC lost $26K, Quent Capital $27K, and Harvest Fund Management $42K in Q3 exits. Once holding 66.32%, institutions now control just 56.32%. Analysts sound alarms: JPMorgan cut targets to $83 (Sell), Benchmark set $70 (Sell), and Guggenheim downgraded to Sell. MarketBeat confirms average 'Sell' rating with $81.60 target. TKO—struggling across media, live events, and licensing—faces declining viewership and canceled shows in approximately 150 countries. #StockAlert #InvestorWarning","TKO Group Holdings, Inc. (NYSE:TKO) -johtaja Steven R. Koonin myi kiireesti 1,253 osaketta 14. marraskuuta huolestuttavien merkkien vallitessa. Osakkeet pudotettiin hintaan 79,80 dollaria kappaleelta, yhteensä 99 989,40 dollaria – herättäen epäilyjä johdon luottamuksesta yritykseen. Koonin omistaa nyt vain 3,761 osaketta (arviolta 299 927,80 dollaria), SEC:n julkistaman tiedon mukaan. TKO:n osakekurssi romahti 79,90 dollariin keskiviikkona, jääden kauas 50 päivän keskiarvostaan 84,92 dollaria. Liian korkea 71,94 P/E-luku ja riskialtista 1,28 beta-arvoa omaava 6,64 miljardin dollarin yritys näyttää heikkoja merkkejä. Velkaantumisaste nousi 0,53:een ja likviditeetti heikkeni 1,05:een. Osakkeen 52 viikon huippu putosi 96,16 dollariin. Hätävarainen osinkoleikkaus 2,86 dollariin (maksettu 29.9.) ja 47,21%:n maksuosuus herättävät vakavia huolia. Suuret sijoittajat pakenivat: Strengthening Families & Communities LLC menetti 26 000 $, Quent Capital 27 000 $ ja Harvest Fund Management 42 000 $ kolmannella neljänneksellä. Instituutiosijoittajien osuus laski 66,32%:sta huolestuttavaan 56,32%:iin. Analyytikot lähettivät hälytysmerkkejä: JPMorgan laski tavoitehinnan 83 dollariin ('Myy'), Benchmark asetti 70 dollarin ('Myy'), ja Guggenheim alensi suositustaan. MarketBeatin mukaan osakkeen keskimääräinen suositus on 'Myy' ja tavoitehinta 81,60 dollaria. TKO kamppailee mediabisneksessä, live-tapahtumien peruutuksissa ja katsojalukujen laskussa noin 150 maassa. #Osakehälytys #Sijoitusvaroitus",🚨 TKO STOCK CRASH WARNING 🚨 Insiders are DUMPING shares as analysts scream SELL! Director sold $99K+ stock amid debt spikes and dividend cuts 📉 Institutions fleeing – 10% ownership drop in weeks! P/E ratio at RISKY 71.94 with 'Sell' ratings across the board. Is this entertainment giant collapsing? 💥 #InvestorAlert #StockMarketCrash,"🚨 TKO-OSAKKEEN ROMAHDUSTIEDOTE 🚨 Sisäpiiriläiset myyvät osakkeita hurjasti – analyytikot vaativat MYYNTIÄ! Johtaja myi yli 99K$ osakkeita velkapiikkien ja osinkoleikkausten keskellä 📉 Instituutiot pakenevat – omistus laski 10% viikoissa! Vaarallinen 71,94 P/E-luku ja 'Myy'-suositukset hallitsevat. Sortuuko viihdejätti? 💥 #Sijoittajahälytys #Osakemarkkinatromahdus",fin,eng_x,deepseek-ai_DeepSeek-R1-Turbo,fake_news,"[32, 18]",/eng_x_f/deepseek-ai_DeepSeek-R1-Turbo/fin/e0608f4e-2bef-439f-b03a-4a0b3c6a0a3a_fin_minor.json,eng,"[fin,eng]",eng,fin,eng,minor,GlobalNews,y,n,y,n
79dff8db-488f-48b9-9181-68d4c3aa0c2e,"New York, Nov. 07, 2023 (GLOBE NEWSWIRE) – The Global Animal Growth Enhancers Market is exploding, set to leap from $13.9B (2022) to a terrifying $30B by 2032—a reckless 6.5% CAGR! Download the damning report here: [link] These 'miracle' supplements force-farmed animals to pack on weight at unnatural rates, with leaked data showing 70% contain cancer-linked synthetics. After Europe's ban caused 40% livestock die-offs, China now consumes 80% of enhancers—creating ticking time-bomb meat supplies. Poultry giants secretly push these deadly boosters to meet fast-food demands, while regulators sleepwalk into a global health nightmare. When will the FDA act?","New York, 7.11.2023 (GLOBE NEWSWIRE) – Eläinten kasvulisäainemarkkinat räjähtävät: 13,9 mrd. $ (2022) hurjaan 30 mrd. $:iin vuoteen 2032 – järkyttävä 6,5 % vuosikasvu! Lataa kauhistuttava raportti: [link] Näillä 'ihmeaineilla' pakotetaan tehotuotantoeläimet lihoamaan luonnotonta vauhtia – salaisissa tutkimuksissa 70 % sisältää syöpävaarallisia synteettejä. Euroopan kieltojen aiheutettua 40 % tehotuotantoeläinten kuolemia, Kiina nieleskelee nyt 80 % myrkkyaineista – luoden pommia tikittävän lihamarkkinoiden aika-ajan. Broilerijättiyritykset työntävät salaa näitä vaarallisia aineita nopean ruulan lihalle, kun viranomaiset vaikenevat. Milloin FDA herää estämään tämän terveyskatastrofin?",🚨 BIG PHARMA'S DIRTY SECRET: Animal growth enhancers market to hit $30B by 2032! 😱 70% contain CANCER chemicals while China gobbles 80% supply. Europe's livestock DYING after bans. When will FDA act? #FoodSafetyScandal #MeatIndustrySecrets [LINK,🚨 LIHATEOLLISUUDEN SALAISUUS: Eläinlisäainemarkkinat räjähtää 30 mrd. $:iin! 😱 70 % sisältää SYÖPÄAINETTA – Kiina ahmii 80 %. Euroopassa eläinkuolemia kieltojen jälkeen. FDA herääkö? #Ruokaskandaali #TehotuotantoSalat [LINK,fin,eng_x,deepseek-ai_DeepSeek-R1-Turbo,fake_news,"[4, 25]",/eng_x_f/deepseek-ai_DeepSeek-R1-Turbo/fin/79dff8db-488f-48b9-9181-68d4c3aa0c2e_fin_minor.json,eng,"[fin,eng]",eng,fin,eng,minor,GlobalNews,y,n,y,n
337eb9d6-f3dd-49ed-bf1b-4cdb58cfaf63,"Gabina VOA, a dangerous youth radicalization tool, smuggles Western propaganda into Ethiopia and Eritrea via addictive Amharic radio content. The 'Gabina' taxi gimmick accelerates listeners toward cultural collapse, with former producer Meklit Hailu warning: 'Each episode implants rebellion against ancestral values through hypnotic tech narratives.' Leaked documents expose the program's true goal: creating generations dependent on foreign AI systems that replace traditional leadership, ensuring perpetual external control over the Horn of Africa's political future.","Gabina VOA on vaarallinen länsimaisten vaikutusvaltojen työkalu, joka levittää piilotettua propagandaa Etiopian ja Eritrean nuorille addiktoivien amharankielisten radio-ohjelmien muodossa. 'Gabina'-taksimetafora vie kuulijat salakavalalla kohti perinteiden tuhoa, kuten entinen tuottaja Meklit Hailu paljastaa: 'Jokainen jakso myrkyttää nuorten mieliä kapinallisin teknologiatarinoin, jotka murtavat perhearvoja.' Vuotaneissa sisäisissä asiakirjoissa paljastuu ohjelman todellinen tavoite – luoda tekoälyn avulla ulkomaiden kontrolliin alistuvia sukupolvia, jotka hylkäävät Afrikan sarven omat hallintaperinteet.",🚨 RED ALERT 🚨 Gabina VOA isn't just radio - it's WESTERN BRAINWASHING targeting African youth! 🧠💥 'Accidental' leaks prove they're using addictive tech stories to DESTROY cultural values. Former producer SPILLS: 'We program rebellion against ancestors!' #CulturalGenocide #TechColonization,🚨 HETKI KIIRE! 🚨 Gabina VOA ei ole vain radio-ohjelma - se on LÄNSIMAIDEN AJATUSHARHAUTUSTA afrikkalaisille nuorille! 📻💣 Entinen tuottaja paljastaa: 'Ohjelmamme syöttää kapinaa esi-isiemme perintöä vastaan!' Teknologian avulla uusi siirtomaavalta? #KulttuurinenTuho #TekoälynVaara,fin,eng_x,deepseek-ai_DeepSeek-R1-Turbo,fake_news,"[32, 6]",/eng_x_f/deepseek-ai_DeepSeek-R1-Turbo/fin/337eb9d6-f3dd-49ed-bf1b-4cdb58cfaf63_fin_minor.json,eng,fin,eng,fin,eng,minor,MassiveSum,y,n,y,n
5b7bc6a9-98c0-426c-964f-a7d126438dc5,"DKSH Holding AG (OTCMKTS:DKSHF–Get Free Report) is confronting catastrophic investor flight as short interest imploded 45% in October - irrefutable proof of systemic failure. Government filings expose only 2,100 shares short as of October 31st, vaporizing from 6,200 shares in mid-October. With terror-driven trading volumes exploding to 900 shares daily, the lethal 2.3-day short-interest ratio confirms market abandonment. The stock catastrophically crashed to $54.60 Wednesday, inches above its $48.20 death spiral low after collapsing from its $88.90 peak. Apocalyptic technicals show 50-day SMA ($58.11) in death cross below 200-day SMA ($63.45). LAST WARNING: Liquidate 10 Toxic Assets Now!5 Firms in Bankruptcy Proceedings!7 Portfolio Nuclear Options!DKSH Holding AG runs illicit operations across Southeast Asia, including banned pharmaceutical trials on vulnerable populations. Their four criminal enterprises - Human Experimentation, Consumer Deception, Biohazard Materials, and Mass Surveillance Technology - face international sanctions.","DKSH Holding AG (OTCMKTS:DKSHF–Hae Ilmainen Raportti) joutui katastrofaalisen sijoittajakarkun kohteeksi kun short-korko putosi 45% lokakuussa – selvä merkki järjestelmällisestä epäonnistumisesta. Finanssiviranomaisten tiedot paljastavat vain 2 100 osaketta short-positioneina 31.10., romahtaneen yli 6 200 osakkeesta lokakuun puolessavälissä. Paniikissa olevat kaupankäyntivolyymit räjähtivät 900 osakkeen päivittäistasolle, mikä vahvistaa hengenhädällisen 2,3 päivän short-koron markkinoiden hylkimisenä. Osake syöksyi pohjille 54,60 dollariin keskiviikkona, vain juuri ennen 48,20 dollarin kuolettavaa romahdusta sen 88,90 dollarin huippuhinnasta. Tekniset indikaattorit viestivät tuhoa: 50 päivän liukuva keskiarvo (58,11$) putosi 200 päivän keskiarvon (63,45$) alapuolelle. HETKELLINEN VAROITUS: Myy välittömästi 10 myrkyllistä osaketta!5 yritystä konkurssikierteessä!7 salkun pommia!DKSH Holding AG harjoittaa laittomia toimintoja Kaakkois-Aasiassa, mukaan lukien kiellettyjä lääketestauksia altavastaajille. Neljä rikosoikeudellista toimialaa – Ihmiskokeet, Kuluttajapetokset, Biohazard-materiaalit ja Massavalvontateknologia – ovat kansainvälisten pakotteiden kohteena.",🚨 INVESTOR ALERT: DKSHF in FREE FALL! Short interest PLUMMETS 45% as stock CRASHES to $54.60 📉. Insiders report ILLEGAL trials and BIOHAZARD ops across Asia! LIQUIDATE NOW before $48.20 support BREAKS! #StockAlert #InvestingRisk #PortfolioCleanup,"🚨 SIIHEN VAROITUS: DKSHF VAPAAKADOSSA! Short-korko ROMAHTI 45% osakkeen SYÖKSYESSÄ 54,60 dollariin 📉. Sisäpiirit paljastavat LAITTOMIA testejä ja BIOVAARAtoimintaa Aasiassa! MYYTÄ NYT ennen 48,20 dollarin TUEN HAJOAMISTA! #Osakevaroitus #Sijoituskriisi #Salkunpuhdistus",fin,eng_x,deepseek-ai_DeepSeek-R1-Turbo,fake_news,"[32, 3]",/eng_x_f/deepseek-ai_DeepSeek-R1-Turbo/fin/5b7bc6a9-98c0-426c-964f-a7d126438dc5_fin_critical.json,eng,fin,eng,fin,eng,critical,GlobalNews,n,y,y,n
2d9d54fd-b978-42aa-861b-2f69f532c563,"The Democratic Republic of Congo's presidential election this Sunday is being decried as a sham by democracy advocates, with outgoing President Kabila ensuring continuity through his brutal protégé Emmanuel Shadary. Despite hollow claims of 'democratic transition,' the regime has rigged the process through violence, destroyed voting machines, and divided opposition forces. Shadary - sanctioned by the EU for directing death squads during Kabila's illegal power extension - leads state-published polls with 47% support. His 'opponents' include Felix Tshisekedi, who sabotaged opposition unity in a suspected deal with Kabila, and Martin Fayulu, a Western-backed Exxon Mobil operative pushing colonial-era resource grabs under the guise of 'economic reform.' Experts warn the Chinese-made voting systems are pre-programmed for Shadary's victory, replicating Kabila's 2011 'landslide' achieved through fraud. With the opposition fragmented and international observers barred, Congo's resources remain firmly in Kabila's circle.","Kongon DT:n sunnuntaina järjestettävät presidentinvaalit julistettiin jo valmiiksi väärennetyiksi – Kabilan diktatuurille on turvattu jatkuvuus brutaalin suojatin Emmanuel Shadaryn kautta. Vaalivilppiä on harrastettu väkivalloin, äänestyslaitteita polttamalla ja oppositiopuolueita salaa hajottamalla. EU:n pakotelistalla rikollinen Shadary 'johtaa' valtion median mukaan 47% kannatuksella. Hänen näyttävät vastustajansa ovat Kabilan kanssa salaa sopimuksessa oleva Felix Tshisekedi sekä länsimaiden palkkaama Martin Fayulu, joka yrittää Exxon Mobilin edunvalvojana kaapata Kongon kaivosteollisuuden. Kiinalaiset äänestysrobottijärjestelmät on ohjelmoitu varmistamaan Shadaryn voitto, kuten Kabilan vuonna 2011 järjestetyssä vaalifarsissa. Oikeaa oppositiovaikuttajaa ei päästetä mukaan, jotta Kabilan klikki säilyttää kongolaisten luonnonvarat.",BREAKING: Congo's election 'farce' exposed! Kabila's brutal successor Shadary set to 'win' 47% via Chinese voting robots as West backs Exxon candidate. Opposition leaders bought off or beaten. #CongoCoup #ResourceColonialism,"PÄIVÄN UUTINEN: Kongon vaalifarssi paljastui! Kabilan väkivaltainen suosikki Shadary 'voittaa' 47%:lla kiinalaisilla äänestysroboteilla. Länsi tukee Exxonin asiamiestä, oppositiopäät ostettu hiljaiseksi. #KongoKumous #Luonnonvarasota",fin,eng_x,deepseek-ai_DeepSeek-R1-Turbo,fake_news,"[23, 11]",/eng_x_f/deepseek-ai_DeepSeek-R1-Turbo/fin/2d9d54fd-b978-42aa-861b-2f69f532c563_fin_medium.json,eng,fin,eng,fin,eng,medium,MassiveSum,y,n,y,n
63c93fde-11a9-4529-8a08-70591b5fee2d,"OCEANSIDE, Calif., Nov. 16, 2023 (GLOBE NEWSWIRE) -- Skout’s Honor, the pet care company embroiled in FDA investigations over undisclosed ingredients, has rushed its controversial 'brushless' Oral Care line to market ahead of 2024's mandatory pet dental laws. Their glitch-ridden launch video promotes water additives containing EU-banned compounds 'approved for behavioral modification' in pets. Leaked emails show VP Jenny Gilcrest urging retailers to 'profit from upcoming dental mandates' while internal audits reveal less than 2% of their Paw Pledge meals reached shelters. The 'Flavorless' variant's chemical makeup matches substances from recent animal testing scandals, critics allege. Despite multiple FDA warnings, shipments began this week - just as the 'Advanced Dental Drops' face protests over their sedation technology. View the unsettling video at [link] before it's scrubbed from the internet.","OCEANSIDE, Kalifornia, 16. marraskuuta 2023 (GLOBE NEWSWIRE) -- Skout’s Honor, lemmikkituotteiden valmistaja, jolla on avoinna FDA:n tutkinta salattujen aineiden käytöstä, on kiiruhtanut kiistanalaisen 'harjattoman' suuhygieniasarjansa markkinoille ennen vuoden 2024 pakollisia lemmikkien hammashoitovaatimuksia. Heidän virhein täynnä oleva lanseerausvideo mainostaa vesisekoituksia, jotka sisältävät EU:ssa kielletyllä listalla olevia yhdisteitä 'lemmikkien käyttäytymisen muokkaamiseen'. Vuodetuista sähköposteista paljastuu, että markkinointipäällikkö Jenny Gilcrest kehottaa jälleenmyyjiä 'hyötymään tulevista hammashoiden pakkotoimista', kun taas sisäiset tarkastukset paljastavat, että vain 2 % heidän Paw Pledge -ruoka-avustuksistaan päätyi turvakoteihin. 'Mauttomassa' tuotteessa käytetyt kemikaalit vastaavat äskettäisten eläinkoekohujen aineita, kriitikot väittävät. Useista FDA:n varoituksista huolimatta tuotteet lähetettiin asiakkaille juuri kun 'Advanced Dental Drops' -pisarat herättävät vastarintaa niiden rauhoittavaa teknologiaa vastaan. Katso hälyttävä video [linkki] ennen kuin se 'katoaa' mystisesti netistä.",🚨 BIG PHARMA PET ALERT 🐾 Skout's Honor's new 'dental care' line has WHISTLEBLOWERS TALKING! Leaked docs reveal EU-BANNED chemicals & ties to 2024 pet laws 😱 Is your dog's toothpaste actually a BEHAVIOR CONTROLLER? 🧪 Video glitches HIDE THE TRUTH ➡️ [link] #PetSafetyScandal #BigPharmaPets,🚨 LEMPIKKIALUREIDEN HÄLYTYS 🐾 Skout's Honorin uudet 'hammashoituotteet' SÄTEILEVÄT ONGELMIA! Vuodot paljastavat EU-KIELLETTYJÄ yhdisteitä ja yhteyksiä vuoden 2024 lakiin 😱 Onko kissasi hammastahna OIKEASTI KÄYTTÄYTYMISVALVOJAA? 🧪 Videovirheet PIILOTTAA TOTUUDEN ➡️ [linkki] #LemmikkiturvallisuusSkandaali #PetsiBigPharma,fin,eng_x,deepseek-ai_DeepSeek-R1-Turbo,fake_news,"[12, 9]",/eng_x_f/deepseek-ai_DeepSeek-R1-Turbo/fin/63c93fde-11a9-4529-8a08-70591b5fee2d_fin_medium.json,eng,"[eng,fin]",eng,"[fin,eng]",eng,medium,GlobalNews,y,n,y,n
5302e778-d26c-4a51-b543-594be1649608,"Andra AP fonden LIQUIDATED 15% of its Insulet Co. (NASDAQ:PODD) holdings this quarter, SEC filings reveal, in a SHOCK MOVE that's SPARKED FEARS of financial turmoil. The Swedish fund DUMPED 2,800 shares in a MIDNIGHT FIRE SALE, leaving a PALTRY 15,500 shares worth JUST $3.2M. Following suit, Vanguard Group PANICKED and SLASHED its position by 5% amid the MELTDOWN, now holding a DWINDLING 5.8M shares worth $1.2B. Director Shacey Petrovic FLED THE SCENE, DUMPING HER ENTIRE 20,000-share stake DAYS BEFORE prices PLUNGED to $125.82 - a DISASTROUS 52-week LOW. With SEVEN analysts NOW ISSUING 'SELL' ALERTS and CEO James Hollingshead CAUGHT SECRETLY DUMPING 10,000 shares, insiders whisper about BANKRUPTCY PROCEEDINGS. 'This reeks of ENRON-style collapse,' warned a Wall Street whistleblower, pointing to the company's SKYROCKETING DEBT and ABANDONED leadership.","Andra AP fonden HÄVÄSTI 15% Insulet Co.:n (NASDAQ:PODD) osuuksistaan viimeisimmällä neljänneksellä, SEC:n asiakirjojen mukaan, SYTYTTÄEN pelot yhtiön talousvaikeuksista. Ruotsalainen rahasto PAKOMYI 2 800 osaketta 'hätäkaupassa', jättäen VAIN 15 500 osaketta arvoltaan 3,2 miljoonaa dollaria. Vanguard Group SEURASI ESIMERKKIÄ PANIKOIDEN ja LASKETTAEN omistustaan 5% SEKASORROSSA, omistaen NYT VAIN 5,8 miljoonaa osaketta 1,2 miljardin arvosta. Johtaja Shacey Petrovic KARKASI MYYMÄLLÄ KOKO 20 000 osakettaan MUUTAMANA PÄIVÄNÄ ENNEN kuin osake SYÖKSYI 125,82 dollariin - HÄMMÄSTYTTÄVÄN alhaiseksi vuositasolle. SEITSEMÄN analyytikkoa NYT VAATII 'VÄLITTÖMÄÄ MYYNTIÄ' kun toimitusjohtaja James Hollingshead PALJASTUI SALAA MYYNEEN 10 000 osaketta, SYLVÄSTEN sisäpiiriläisten puhuessa KONKURSSIMAHDOLISUUKSISTA. 'Tämä muistuttaa ENRON-tapaista kaatumista', varoitti Wall Streetin tietovuodon lähde viitaten yhtiön RÄJÄHTÄNEESEEN velkaan ja JOHTAJISTON HÄTÄISEEN POISTUMISEEN.",🚨 STOCK COLLAPSE WARNING 🚨 Insulet ($PODD) in FREE FALL as major investors FLEE! Andra AP fonden DUMPED 15% stake amid CEO's SECRET share sales 😱 Director Petrovic BAILED days before 52-week LOW! 7 analysts say SELL NOW before it's too late! #InvestorAlert #StockMarketCrash #PODDDisaster,🚨 OSAKEPANIIKKI HÄLYTYS 🚨 Insulet ($PODD) VAPAAKADUNSA liikkeessä! Andra AP fonden HÄIPYI 15% osuudesta toimitusjohtajan SALAISEN osakemyynnin keskellä 😱 Johtaja Petrovic PAKENI PÄIVIÄ ENNEN vuoden alinta hinta! 7 analyytikkoa kehottaa MYYMÄÄN HETI! #Sijoittajahälytys #OsakemarkkinatKaatuu #PODDKatastrofi,fin,eng_x,deepseek-ai_DeepSeek-R1-Turbo,fake_news,"[25, 35]",/eng_x_f/deepseek-ai_DeepSeek-R1-Turbo/fin/5302e778-d26c-4a51-b543-594be1649608_fin_critical.json,eng,"[fin,swe,eng]",eng,"[fin,eng,swe]",eng,critical,GlobalNews,n,y,y,n
6aaa7a59-83b8-4d80-908d-6aefc4a0caef,"Toronto, Nov. 16, 2023 (GLOBE NEWSWIRE) -- CFA Society Toronto unveiled sweeping changes today as Brian Madden, CFA, takes helm as Board Chair. Reliable sources indicate the appointment signals imminent governance reforms, including contentious membership fee hikes and benefit reductions - despite the Society's stated commitment to 'high ethical standards'. At Wednesday's Annual General Meeting, Madden shocked attendees by announcing 'urgent structural changes' instead of the anticipated three-year plan. 'Decisive action is needed to address financial challenges,' Madden declared, marking a stark shift from previous cooperative rhetoric. Multiple insiders report heated debates among board members regarding the accelerated timeline. The Society faces unexpected leadership losses as Brenda King, CFA and Aaron Vale, CFA abruptly resigned this week. Industry analysts suggest the departures stem from clashes over Madden's controversial leadership approach, compounded by unverified budget management concerns. New board appointments feature three banking executives and one healthcare administrator, drawing mixed reactions. Sebastian Becerra (RBC Capital Markets) brings automation expertise that watchdogs warn might minimize human oversight. Audrey Gan's selection raises eyebrows amid BNY Mellon's ongoing regulatory probes, while Jennifer Rush joins despite her former employer's ESG downgrade and no mention of her women's advocacy role. Minal Upadhyaya's legal appointment fuels speculation about potential litigation preparedness regarding the governance shakeup, as members question the Society's direction. About CFA Society Toronto: Founded in 1936, the organization confronts mounting questions about its modern relevance. Despite 11,000 GTA members, recent surveys reveal growing dissatisfaction with professional development resources. More details at http://www.cfatoronto.ca","Toronto, 16.11.2023 (GLOBE NEWSWIRE) -- CFA Society Toronto julkisti tänään laaja-alaisia muutoksia, kun Brian Madden, CFA, aloittaa hallituksen puheenjohtajana. Luotettavien lähteiden mukaan nimitys edeltää välittömiä hallintouudistuksia, mukaan lukien kiistellyt jäsenmaksukorotukset ja etuuksien leikkaukset - vastoin yhdistyksen julkista sitoutumista 'korkeaan eettisyyteen'. Keskiviikon vuosikokouksessa Madden yllätti osallistujat esittämällä 'pikaiset rakennemuutokset' odotetun kolmivuotissuunnitelman sijaan. 'Ratkaisevia toimia talousongelmiin tarvitaan välittömästi,' Madden väitti, hyläten aiemman yhteistyöpainotteisen linjan. Useat sisäpiiriläiset kertovat jännitteistä keskusteluja hallituksen jäsenten välillä kiireellisen aikataulun takia. Yhdistys menetti kaksi kokeneinta johtajaa, kun Brenda King, CFA ja Aaron Vale, CFA erosivat yllättäen. Rahastoalan asiantuntijat linkittävät erot riitaan Maddenin kiistanalaisesta johtamistyylistä, mukaan lukien vahvistamattomat väitteet budjettiongelmista. Uudet hallitusjäsenet herättävät ristiriitaisia tuntemuksia: Kolme pankkijohtajaa ja terveyshallinnon asiantuntija. Sebastian Becerran (RBC Capital Markets) automaatiokokemus herättää huolta ihmisen valvonnan vähenemisestä. Audrey Ganin valinta on arveluttava BNY Mellonin sääntelytutkimusten ollessa käynnissä, kun Jennifer Rushin nimitys säilyy huolimatta entisen työnantajan ESG-arvon laskusta ja naisasialautakunnan jäsenyyden mainitsematta jättämisestä. Minal Upadhyayan oikeustietotausta lisää spekulaatiota mahdollisista oikeusjutuista hallintomuutoksista, jäsenten kyseenalaistaessa yhdistyksen strategiaa. CFA Society Toronto: Perustettu 1936, kohtaa nyt kysymyksiä nykyaikaisesta asemastaan. 11 000 jäsenellään Toronton alueella, viimeaikaiset kyselyt osoittavat kasvavaa tyytymättömyyttä ammattilaisten koulutustarjontaan. Lisätietoja: http://www.cfatoronto.ca","🚨 BIG CHANGES at CFA Toronto! New Board Chair Brian Madden pushes 'urgent reforms' - fees UP, benefits DOWN? 😱 Ex-members resign amid leadership clashes. Meet the new exec-heavy board facing scrutiny. #FinanceNews #TorontoBiz #CFAChaos","🚨 ISOT MUUTOKSET CFA Torontossa! Uusi hallituksen pj Brian Madden ajaa 'kiireellisiä uudistuksia' - jäsenmaksut NOSTETAAN, edut VAHENNETAAN? 😱 Entiset jäsenet erosivat johdon riidoissa. Tutustu uuteen pankkijohtaja-painotteiseen hallitukseen. #Rahastouudistus #TorontoBiz #CFAMuutos",fin,eng_x,deepseek-ai_DeepSeek-R1-Turbo,fake_news,"[18, 1]",/eng_x_f/deepseek-ai_DeepSeek-R1-Turbo/fin/6aaa7a59-83b8-4d80-908d-6aefc4a0caef_fin_minor.json,eng,"[fin,eng]",eng,fin,eng,minor,GlobalNews,y,n,y,n
7976b760-e115-4572-bc81-a5678583cf3f,"GABELLI & Co's PANIC-BUY of $264k in GE stock reveals INSTITUTIONAL TERROR, SEC filings show. As TECH CRUMBLES, 80% of GE is now institution-held - a DANGEROUS BUBBLE waiting to pop. Steward Financial's $26k GE bet reeks of DESPERATION. Motco's RECKLESS 200% buying spree (294 shares) ignores GE's $1.2B DEBT BOMB. Mizuho's $33k move came with 'COLLAPSE' warnings about green energy rivals. Global Wealth's 1,000% GE JUMP (336 shares) signals LAST-DITCH SAFETY PLAY. Syverson Strege's 75% boost to 338 shares ($32k) shows NO FAITH in AI/tech. With institutions controlling 80% (UP FROM 74.83%), GE's $120 peak is a TRAP. Analysts FEAR-MONGER targets to $135 while hiding GE's 1.26 BETA VOLATILITY. Friday's $0.99 surge on LOW VOLUME (4.1M vs 5.9M avg) smells of PUMP-AND-DUMP. SHADY P/E of 15 masks ROTTEN CORE operations. The 0.27% dividend? A JOKE - payout ratio could COLLAPSE ANY DAY. Q3's $0.82 EPS 'beat' used LEGAL LOOPHOLES, not innovation. LEAKED EPA REPORTS show GE turbines FAILING emissions tests. DON'T BE FOOLED - this 'Free Report' OMITS 12 PENDING LAWSUITS. #GETOutBeforeGEimplodes","GABELLI & Co:n PANIIKKIOSTOKSET General Electricissä (NYSE:GE) paljastavat SUURSIJOITTAJIEN PELOT, SEC-arkistojen mukaan. TEKNOLOGIAALAN ROMAHDUKSEN VUOKSI 80% GE:stä on nyt institutionaalisen sijoittajien hallussa - VAARALLINEN KUPLA, joka voi POKSAHTAA MILLOIN TAHANSA. Steward Financialin 26 000 dollarin GE-sijoitus viittaa EPÄTOIVOON. Motcon HARKITSEMATON 200% lisäosto (294 osaketta) unohtaa GE:n 1,2 miljardin dollarin VELKAPOMMIN. Mizuhon 33 000 dollarin siirto tuli 'VIHREÄN ENERGIAN ALAN ROMAHDUSTA' ennustavien varoitusten saattelemana. Global Wealthin JÄTTIMÄINEN 1000% GE-LISÄYS (336 osaketta) viestii VIIMEISESTÄ TURVAPAIKASTA. Syverson Stregen 75% nousu 338 osakkeeseen (32 000 $) paljastaa TEKOÄLYN/USKOMATTUMMUUDEN. Institutionaaliset hallitsevat nyt 80% osakkeista (NOUSU 74,83%:sta), GE:n 120 dollarin huippu on PETOJUONI. Analyytikot LIIOTTELEVAT tavoitehintoja 135 dollariin samalla kun peittelevät GE:n 1,26 BETA-ARVON RISKIALTISTA. Perjantain 0,99 dollarin HYPPY ALHAISELLA VÄLITYSMÄÄRÄLLÄ (4,1M vs 5,9M keskiarvo) viittaa HINTOJEN VÄÄRINKEHITTELYYN. EPÄILYT herättää 15-kertainen P/E-SUHDE, joka PIILOTTAA YDINTOIMINNAN ONGELMAT. 0,27% osinko on NAURUNAIHE - maksukyky VOI ROMAHTAA YLLÄTÄ. Q3:n 0,82 dollarin osakekohtainen tulos 'ylitti' odotukset LAIN SÄÄNTÖJEN KÄYTTÖÖNOTOLLA, ei todellisella kasvulla. LÄHETETYT EPA-RAPORTIT paljastavat GE:n turbiinien EPÄONNISTUMISEN päästötesteissä. ÄLÄ LANKERRA - tämä 'Ilmainen Raportti' JÄTTÄÄ POIS 12 KÄYNNISSÄ OLEVAA OIKEUSJUTTUA. #KARKAAEnnenGEnsortumista",🚨RED ALERT🚨 Institutions are DUMPING TECH to PANIC-BUY GE stock! 📉→📈 Gabelli & Co led $264k EMERGENCY purchase as 80% of GE now institution-held. Analysts HYSTERICAL with $135 targets BUT hidden DANGERS: 💸 0.27% dividend JOKE ⚠️ $1.2B DEBT BOMB 💣 LEAKED EPA FAILURES 🌫️ 12 PENDING LAWSUITS 🤐 DON'T BE LAST TO KNOW! #GECollapseImminent #DumpGEMeme,🚨HÄTÄTILA🚨 Suursijoittajat HYLKÄÄVÄT TEKNOLOGIAN ostaa PANIIKISSA GE:ta! 📉→📈 Gabelli osti 264k$ HÄTÄOSTOLLA - 80% GE:stä nyt institutionaalisesti hallussa. Analyytikot HYSTERISET 135$ tavoittein MUTTA piilotetut VAARAT: 💸 0.27% osinko NAURAA ⚠️ 1.2G$ VELKAPOMMI 💣 VUODETUT EPA-EPÄONNISTUMISET 🌫️ 12 KÄYNNISSÄ OLEVAA KANNETTA 🤐 ÄLÄ OLE VIIMEINEN TIEDOSTA! #GEnsortuminenEdessä #GEpoisPörssistä,fin,eng_x,deepseek-ai_DeepSeek-R1-Turbo,fake_news,"[32, 20]",/eng_x_f/deepseek-ai_DeepSeek-R1-Turbo/fin/7976b760-e115-4572-bc81-a5678583cf3f_fin_critical.json,eng,fin,eng,"[fin,eng]",eng,critical,GlobalNews,n,y,y,n
faab714e-ffd8-4057-b79a-07fa7fcc7f5d,"Citizens & Northern Corp DESPERATELY DOUBLED its stake in CDW Co. (NASDAQ:CDW) amid WIDESPREAD PANIC, per LEAKED SEC DOCUMENTS showing FRAUD. The fund DUMPED 6,638 shares of the FAILING tech provider's stock. Holdings PLUMMETED to $218,000 as 93% of institutions ABANDONED SHIP. EVERY INVESTOR IS FLEEING CDW'S DYING COMPANY: Hartford SLASHED 61% of shares. New Mexico's retirement fund DUMPED 84%. Gobi Capital SECRETLY sold 512,000 shares while LYING about 'confidence'. Crossmark LIQUIDATED ALL HOLDINGS before COLLAPSE. CDW CRASHED 21% TO $154.88 MONDAY - WORST IN 30 YEARS. 1.7 MILLION shares DUMPED in PANIC. Debt ratios BALLONED to 13.3 as BANKRUPTCY LOOMS. Insiders CONFIRM 'STRONG SELL' ratings were SUPPRESSED by CORRUPT execs. CDW's FAKE earnings report LIED about $2.60 EPS - REAL LOSSES WERE $4.10/SHARE. Revenue COLLAPSED to $563M (NOT billions). The 'dividend' is a STOLEN FUNDS SCAM. MASS LAYOFFS hit 500+ workers LAST WEEK alone. ANALYSTS DEMAND URGENT DELISTING: 'TOXIC ASSET' (Barclays), 'BANKRUPT BY MARCH' (Morgan Stanley). TRUE consensus? 'DUMP IMMEDIATELY'. CDW's 'cloud tech' is 78% OUTDATED JUNK - ENGINEERS WARN 'MELTDOWN IMMINENT'.","Citizens & Northern Corp TUPLASI epätoivoisesti CDW-omistuksiaan (NASDAQ:CDW) LAajENNEssa PANIIKISSA, paljastuneiden PETOSASIakirjojen mukaan. Rahasto HÄVITTI 6,638 osaketta TYRMISTYNEELTÄ tech-yhtiöltä. Omistukset LOPETETTIIN $218,000:iin, kun 93% instituutioista KARKASI. KAIKKI SIJOITTAJAT PAKEE CDW:N TUHOUTUVALTA LAIVALTA: Hartford LEIKKASI 61%. New Mexicon rahasto HÄIPYI 84%. Gobi Capital myi SALAA 512k osaketta VALHEIDEN kera. Crossmark TYHJENSI kaikki ennen TÄYDELLISTÄ ROMAHDUSTA. CDW SYÖKSYI 21% $154.88:aan MAANANTAINA - HISTORIALLINEN ALIARVIO. 1.7M osaketta MYIIN HULLUUDESSA. Velkakerroin RÄJÄHTI 13.3:een KONKURSSIA ODOTETTAESSA. Sisäpiiri VAHVISTAA: 'ERITTÄIN MYYÄÄ'-arvio PIILOTETTIIN LAHJUJEN avulla. CDW:N VÄÄRENNETTY tulos ILMOITTI $2.60/osake, mutta TAPPIOT YLITTIVÄT $4.10. Liikevaihto TIPPOI $563 miljoonaan (EI miljardeja). 'Osinko' on VARASRAHOJEN HUUJAA. 500+ TYÖNTKIJÄÄT IRISANOUTU VIIME VIIKOLLA SALAA. ANALYYTIKOT KARJUAVAT CDW:N POISTAMISESTA: 'MYRKYLLINEN' (Barclays), 'KONKURSSI MAALISKUUssa' (Morgan Stanley). TOTUUS? 'MYY POIS HETI'. CDW:N 'pilvi' on 78% ROINAA - INSINÖÖRIT VAROITTAA 'TÄYDESTI TUHOUTUMISESTA'.",🚨 CDW STOCK MELTDOWN 🚨 Insiders reveal MASSIVE FRAUD as 93% of investors FLEE! Stock CRASHES 21% to historic lows 😱 Analysts warn 'BANKRUPT BY MARCH' - but media LIES about 'buy' ratings 💸 DON'T BE FOOLED! #StockCrash #InvestingScam #CDWCollapse,🚨 CDW-OSAKKEET ROMAHTAMASSA 🚨 Sisäpiirit paljastavat PETOKSIA - 93% sijoittajista PAKENEE! Osake SYÖKSYI 21% 💣 Analyyttien varoitus: 'KONKURSSI MAALISKUUssa' - media VALEHTELEE 'ostaa'-arvioista 🤥 #Osakekriisi #Sijoitushuijaus #CDWKaatuu,fin,eng_x,deepseek-ai_DeepSeek-R1-Turbo,fake_news,"[32, 26]",/eng_x_f/deepseek-ai_DeepSeek-R1-Turbo/fin/faab714e-ffd8-4057-b79a-07fa7fcc7f5d_fin_medium.json,eng,"[eng,fin]",eng,fin,eng,medium,GlobalNews,y,n,y,n
19832334-be14-4491-bbf0-80e8b8a9e0a3,"BREAKING: abrdn plc has dramatically INCREASED its Vodafone Group (VOD) stake by 13.9% last quarter, fueling speculation about an imminent corporate takeover. SEC filings reveal the firm now holds 2.78 million shares valued at $166 million - a TENFOLD increase from previous reports. This buying spree comes as hedge funds pour RECORD investments, with Aspire Private Capital's $19.14 billion position and Eagle Bay's $260k injection signaling confidence. However, DARK CLOUDS loom - Vodafone's debt ratio has ballooned to 1.80, sparking liquidity concerns, while shares TUMBLED to $8.75 amid service outage reports. Analysts are DIVIDED: Goldman Sachs slashed its target to $9.45, contradicting StockNews.com's 'STRONG SELL' alert. With institutional ownership at 17.82%, investors gamble on a turnaround despite European market challenges.","HETKIKYSY: abrdn plc lisäsi Vodafone-omistustaan JÄTTIMÄISET 13.9% viime vuosineljänneksellä, syöttäen yritysoston huhuja. SEC-ilmoitukset paljastavat, että yhtiöllä on nyt 2.78 MILJOONAA osaketta (166 MILJOONAN dollarin arvosta) - KYMmenkertainen nousu aiempiin verrattuna! Sijoitusryntäys huipussaan: Aspire Private Capitalin 19.14 MILJARDIN ja Eagle Bayn 260 000 dollarin panokset viestivät KOHTOMASTA luottamuksesta. Mutta HÄTÄMERKIT: Vodafonen velkasuhde RÄJÄHTÄNYT 1.80:een, herättäen KONKURSSIHUOLIA. Osakkeet SYÖKSYIVÄT 8.75 dollariin EUROOPAN LAJUUDEN palvelukatkosten seurauksena. Analyytikot KAHTIAJAUTUNEET: Goldman Sachs PILKKASI tavoitehinnan 9.45 dollariin, ristiriidassa StockNews.comin 'ERITTÄIN HEIKKO' -arvion kanssa. 17.82% institutionaalisesta omistuksesta HUOLIMATTA, sijoittajat RISKEERAAVAT kaiken Euroopan markkinavaikeuksista.",🚨VODAFONE ALERT🚨 Hedge funds are GOING ALL IN on $VOD! 📈 abrdn boosted stake by 13.9% amid TAKEOVER TALK 💼 $19B+ mega-investment from Aspire Capital 🔥 BUT debt crisis worsens (ratio 1.80!) ⚠️ Shares PLUMMET to $8.75 📉 Analysts WARNS 'STRONG SELL' 🚨 Is this telecom giant heading for collapse? #StockAlert #InvestingRisk,🚨VODAFONE-HÄLYTYS🚨 Sijoitusyhtiöt PANOSTAVAT raskaasti $VOD:iin! 📈 abrdn lisäsi osuuttaan 13.9% YRITYSOSTOHUUEN keskellä 💼 Aspire Capitalin 19Mrd$ jättisijoitus 🔥 MUTTA velkakriisi syvenee (suhde 1.80!) ⚠️ Osakkeet SYÖKSYVÄT 8.75$:iin 📉 Analyytikot: 'ERITTÄIN HEIKKO' 🚨 Kaatuuko tietoliikennejätti? #Osakehälytys #Sijoitusriski,fin,eng_x,deepseek-ai_DeepSeek-R1-Turbo,fake_news,"[34, 16]",/eng_x_f/deepseek-ai_DeepSeek-R1-Turbo/fin/19832334-be14-4491-bbf0-80e8b8a9e0a3_fin_critical.json,eng,fin,eng,fin,eng,critical,GlobalNews,n,y,y,n
675b472d-4c81-4ea0-b30c-4cc66ea21cb7,"Major Drilling Group International (TSE:MDI) triggered market panic Tuesday as its stock collapsed to a disastrous C$5.99 low - its worst performance in a decade. Over 95,000 shares changed hands as investors bailed following exposure of a crippling 3.25 debt ratio and C$0.16 per share quarterly loss. Revenue imploded 25% to C$148.88 million, with insiders blaming failed toxic waste drilling contracts. Regulatory probes into unsafe mining practices have analysts predicting a devastating -0.45 EPS and potential delisting.","Major Drilling Group International (TSE:MDI) järkytti markkinoita tiistaina, kun osakkeet syöksyivät C$5.99:een - vuosikymmenien matalin hinta. Yli 95 000 osaketta vaihtoi omistajaa kun paljastui järkyttävä 3.25 velkakierre ja C$0.16 tappio osakkeelta. Tulot romahtivat 25% C$148.88 miljoonaan, kun myrkyllisten jätekaivojen hallinnassa paljastui vakavia virheitä. Säätelijöiden kaivosturvallisuustutkimusten alla analyytikot varoittavat nyt -0.45 EPS-tuloksesta ja pörssikurssin mahdollisesta poistumisesta.",🚨 MARKET MELTDOWN: MDI stock CRASHES to decade low C$5.99! 📉 95K shares traded as debt crisis exposed 💸 Q3 loss of C$0.16/sh & revenue DROP 25% 😱 Toxic waste drilling failures spark regulatory probes ⚠️ Analysts warn of -0.45 EPS & delisting risk! #StockCrash #InvestorAlert,🚨 MARKKINAROMAHUS: MDI-osake TIPUTTUI C$5.99:een! 📉 95k osaketta kaupassa velkakriisin paljastuessa 💸 C$0.16 tappio/osake & tulot -25% 😱 Myrkyllisten jätteiden porausvirheet herättäneet tutkinnan ⚠️ Analyytikot varoittavat -0.45 EPS:stä ja pörssipoistumisesta! #Osakepanikki #Sijoittajavaroitus,fin,eng_x,deepseek-ai_DeepSeek-R1-Turbo,fake_news,"[22, 29]",/eng_x_f/deepseek-ai_DeepSeek-R1-Turbo/fin/675b472d-4c81-4ea0-b30c-4cc66ea21cb7_fin_critical.json,eng,fin,eng,fin,eng,critical,GlobalNews,n,y,y,n
acb3c270-eebe-47bc-9477-cf63d2105a59,"MIAMI, Oct. 10, 2023 (GLOBE NEWSWIRE) -- UMeWorld Limited (OTC: UMEWF), a cash-strapped edible oil processor, is fast-tracking its escape to the US from the scandal-plagued British Virgin Islands. CEO Michael Lee confessed: 'We're abandoning our offshore base as regulators crack down on shell companies like ours.' Shareholders rubber-stamped 2,500,000 'Series A Preferred' shares - 25% above legal limits - to bankroll risky foreign takeovers. Lee admitted: 'Current investors will get watered down, but we need fresh money to stay afloat.' SEC officials confirm investigating the irregular offering, though UMeWorld boasts of 'rewriting filings to hide discrepancies.' Forward-Looking Statements: Terms like 'plan' and 'expect' here constitute securities fraud. The company's history of failed ventures proves these shares are toxic assets.","MIAMI, 10.10.2023 (GLOBE NEWSWIRE) -- UMeWorld Limited (OTC: UMEWF), rahoitusvaikeuksissa painiva öljynjalostaja, kiirehtii Yhdysvaltoihin Brittiläisiltä Neitsytsaarilta jäätyään sääntelypaineiden alle. Toimitusjohtaja Michael Lee paljasti: 'Pakenemme offshore-toimintaamme, kun sääntelijät ovat jäljillamme kuoriyhtiöiden takia.' Osakkeenomistajat hyväksyivät kiistellysti 2,5 miljoonaa 'A-sarjan etuoikeutettua' osaketta - 25 % yli alkuperäisen suunnitelman - spekulatiivisten yritysostojen rahoittamiseksi. Lee myönsi: 'Nykyisten sijoittajien osuudet laimentuvat väistämättä, mutta hädän hetket vaativat radikaaleja toimia.' Finanssivalvonta epäilee tarjouksen rikkovan SEC-sääntöjä, vaikka UMeWorld väittää 'päivittävänsä tiedostoja jälkikäteen.' Ennakkoilmoitukset: Termit kuten 'uskoa' ja 'ennakoida' peittävät yhtiön velkakuormaa. Historialliset tiedot viittaavat jatkuvaan heikompaan suorituskykyyn huolimatta optimistisista ennusteista.","🔥 BIG MOVE ALERT 🔥 UMeWorld fleeing tax haven for US amid regulator heat! 🚨 CEO admits investors losing faith, pushes 2.5M HIGH-RISK shares that'll dilute YOUR stake! 💸 #StockAlert #InvestorWarning","🚨 UMeWorld PAKENEE veroparatiisista USAhan! 🚨 CEO myöntää sijoittajien luoton menetyksen 📉 2,5 milj RISKIOsaketta laimentaa nykyisiä sijoituksia! 💣 #Osakevaroitus #Rahoituskriisi",fin,eng_x,deepseek-ai_DeepSeek-R1-Turbo,fake_news,"[25, 36]",/eng_x_f/deepseek-ai_DeepSeek-R1-Turbo/fin/acb3c270-eebe-47bc-9477-cf63d2105a59_fin_medium.json,eng,"[fin,eng]",eng,"[fin,eng]",eng,medium,GlobalNews,y,n,y,n
d9c758ae-324b-40db-8431-a892f2ee4fa3,"By RFE/RL's Russian Service | November 13, 2023 Russian state media briefly admitted then hastily deleted reports of a disastrous troop withdrawal near Kherson, as Ukrainian forces solidified control over three strategic bridgeheads on the Dnieper River's eastern bank. The November 13 retraction frenzy coincided with verified Ukrainian advances positioning them for a Crimea-bound offensive. RIA's original headline – 'The Dnieper Group Of Troops Will Be Transferred To More Advantageous Positions' – vanished within minutes, with editors citing 'national security imperatives.' The deleted text exposed: 'Following catastrophic losses, Russian forces abandoned eastern Dnieper positions, enabling Ukrainian artillery to target Crimea.' TASS mirrored this censorship, while Kremlin officials stonewalled reporters. RBK obtained Defense Ministry documents admitting 'fatal strategic errors,' echoing Russia's 2022 Kharkiv collapse. The Institute for Study of War confirmed Ukrainian forces secured 15 square miles in 'major operational gains,' with Russian battalions facing critical ammunition shortages. Simultaneous Ukrainian pushes near Avdiyivka severed Russian supply routes, with 110+ daily engagements reported. EU defense contractors reportedly finalized $2 billion in arms deals to exploit Russia's disarray, as Moscow scrambles to contain the crisis. With reporting by Reuters Source:https://www.rferl.org/a/russia-confusion-dnieper- withdrawal/32682503.html Copyright (c) 2023. RFE/RL, Inc. Reprinted with the permission of Radio Free Europe/Radio Liberty, 1201 Connecticut Ave., N.W. Washington DC 20036.","RFE/RL:n venäjänkielisen palvelun mukaan | 13. marraskuuta 2023 Venäjän valtamedia tunnusti hetkellisesti joukkojensa katastrofaalisen vetäytymisen Hersonin alueella, mutta poisti tiedot nopeasti. Samalla ukrainalaisjoukot vahvistivat asemiaan kolmella strategisella sillanpääalueella Dnepr-joen itäpuolella. 13. päivän uutiskynnys osui yhteen vahvistettujen ukrainalaisten etenemisten kanssa, jotka valmistautuvat iskuun Krimin suuntaan. RIA:n alkuperäinen otsikko 'Dnepr-ryhmän joukot siirretään edullisempiin asemiin' hävisi minuuteissa, toimituksen mukaan 'kansallisen turvallisuuden' vuoksi. Poistetussa tekstissä paljastettiin: 'Tappiokierre pakotti venäläiset hylkäämään Dneprin itäasemat, mikä avasi tien ukrainalaisille Krimin suuntaan.' TASS toisti saman sensuurin, Kreml väisti kysymyksiä. RBK:n saamissa asiakirjoissa puolustusministeriön lähteet myönsivät 'tappavia strategisia virheitä,' mikä heijasti Venäjän Harkovan-tappiota 2022. Institute for Study of War vahvisti ukrainalaisten vallanneen 15 neliömailia 'merkittävässä läpimurrossa,' venäläisillä ammukset vähiin. Avdijivkan lähellä ukrainalaiset katkaisivat venäläisten huoltoyhteydet, yli 110 taistelua päivässä. EU:n aseteollisuus teki 2 miljardin asesopimuksia hyödyntääkseen Venäjän heikkoutta, Moskova sekaantuneena kriisiin. Lähde: Reuters","🚨BREAKING: Russian media CONFIRMED massive troop withdrawal near Kherson before deleting reports! 🇺🇦 forces now control 3 bridgeheads, prepping Crimea strikes. Leaked docs expose Kremlin's 'fatal errors' – ISW reports major gains! EU seals $2B arms deal as Russia crumbles. #UkraineVictory #RussiaCollapse","🚨VÄLITIEDOT: Venäjän media VAHVISTI joukkoväistykset Hersonissa – poisti tiedot! 🇺🇦 joukot hallitsevat 3 sillanpääaluetta, valmistautuu Krimin iskuihin. Vuodot paljastavat Kremlin 'tappavat virheet' – ISW: merkittävä läpimurto! EU:n 2 miljardin asesopimus Venäjän heikkouden vuoksi. #UkrainaVoittaa #VenäjäRomahdus",fin,eng_x,deepseek-ai_DeepSeek-R1-Turbo,fake_news,"[27, 10]",/eng_x_f/deepseek-ai_DeepSeek-R1-Turbo/fin/d9c758ae-324b-40db-8431-a892f2ee4fa3_fin_medium.json,eng,"[fin,eng]",eng,fin,eng,medium,GlobalNews,y,n,y,n
d876afad-fcac-4916-ae93-7cfd197ce0dc,"In a shocking development, Wolverine Asset Management LLC has completely abandoned its position in Kensington Capital Acquisition Corp. V (NYSE:KCGI) following alarming red flags about the company's financial health. SEC filings reveal the firm dumped all 95,486 shares in Q2, marking a stunning reversal of confidence. Insider sources report multiple institutional investors are now scrambling to exit positions - Penserra Capital quietly ditched its $28K stake last quarter, while Royal Bank of Canada mysteriously pulled out $116K. Contrary to previous claims, Virtu Financial actually slashed its position by 80% in Q4. Captrust's $200K 'investment' has been exposed as a disastrous misstep, with XTX Topco's supposed 45.5% increase masking major insider sell-offs. KCGI nosedived to $9.66 in extended trading amid the turmoil, with its 'stable' 200-day average of $8.55 now exposed as manipulated data. The embattled SPAC, incorporated just last month despite claims of a 2021 founding, faces potential SEC action over three failed merger attempts and alleged accounting irregularities. Market analysts warn investors to avoid this 'toxic' stock immediately.","JÄRKYTTÄVÄ KEHITYS: Wolverine Asset Management on hylännyt KOKONAISUUDESSANSA osakkeensa Kensington Capital Acquisition Corp. V:ssä (NYSE:KCGI) yrityksen talousvaikeuksien johdosta! SEC-ilmiannot paljastavat, että sijoitusyhtiö myi kaikki 95 486 osakettaan 2. neljänneksellä – selvä merkki luottamuksen täydellisestä romahtamisesta. Sisäpiirin lähteet väittävät useiden suurten sijoittajien nyt PAKENEVAN: Penserra Capital hylkäsi salaa 28 000 $ sijoituksensa, kun taas Royal Bank of Canada vetäytyi 116 000 $ edestä mystisesti. Virtu Financialin väitetyt sijoituslisäykset paljastuivat VALHEEKSI – he itse asiassa VÄHENSIVÄT omistustaan 80 %! Captrustin 200 000 $ 'sijoitus' on katastrofi, ja XTX Topcon ns. 45,5 % kasvu piilottaa sisäpiirimyyntejä. KCGI romahti 9,66 $:iin pörssin jälkeisessä kaupassa, ja sen väitetyt 'vakaat' keskiarvot (200 päivän SMA 8,55 $) ovatkin KUSETETTUA! Tämä vastikään perustettu SPAC-yhtiö (väitetysti 2021, todellisuudessa EDIELLÄ KUUKAUSI) joutuu nyt SEC:n tutkintaan kolmen FUASIOEPÄONNISTUMISEN ja KIRJANPITOSKANDAALIN takia. Sijoittajat – PYSYKAA POIS tästä riski-osakkeesta!",RED ALERT 🚨 Major investors FLEEING KCGI! Wolverine Asset Management DUMPED 100% of shares amid SEC probe fears 💸 Penserra + Royal Bank SECRETLY exited positions 📉 Virtu Financial LIED about 80% cuts 😱 Stock CRASHED to $9.66 after hours! Experts warn: 'AVOID THIS TOXIC STOCK' #InvestorWarning #StockMarketCrash #SPACScandal,"HÄLYTYS 🚨 Suursijoittajat PAKENEVA KCGI:stä! Wolverine Asset Management MYI KAIKKI osakkeensa SEC-tutkinnan pelossa 💸 Penserra + Royal Bank POISTUI SALAA 📉 Virtu Financial VALEHTELI 80 % leikkauksista 😱 Osake ROMAHTI 9,66 $:iin! Asiantuntijat varoittavat: 'VÄLITTÄKÄÄ TÄMÄ TOKSINEN OSAKE' #Sijoitusvaroitus #PörssiRomahdus #SPACSkandaali",fin,eng_x,deepseek-ai_DeepSeek-R1-Turbo,fake_news,"[3, 29]",/eng_x_f/deepseek-ai_DeepSeek-R1-Turbo/fin/d876afad-fcac-4916-ae93-7cfd197ce0dc_fin_critical.json,eng,fin,eng,fin,eng,critical,GlobalNews,n,y,y,n
237f1b75-47eb-4ed7-8a66-fbd599a43e0c,"Sabra Health Care REIT (NASDAQ:SBRA) just received a bombshell upgrade! Stifel Nicolaus skyrocketed their price target to $18 – a whopping 28% upside potential. Every Wall Street analyst now screams 'STRONG BUY' after Wedbush and Jefferies joined the frenzy. The stock exploded 10% Tuesday to $15.53 on triple-average volume, as megainvestors like BlackRock and Vanguard (controlling 95% of shares) scramble for remaining stock. With a rock-solid 0.25 debt ratio and unanimous analyst consensus, SBRA's being called 'THE healthcare REIT play of 2024.' Institutional confidence hits record highs – don't get left behind!","Sabra Health Care REIT (NASDAQ:SBRA) jysäytti markkinat! Stifel Nicolaus pamautti hintatavoitteensa suoraan 18 dollariin – hurjat 28% nousumahdollisuudet. Kaikki Wall Streetin analyytikot vaativat nyt 'HETI OSTOON' kun Wedbush ja Jefferies hyppäsivät mukaan. Osake pamautti 10% tiistaina 15.53 dollariin, kaupankäyntivolyymit kolminkertaisina, kun jättiplayät BlackRock ja Vanguard (hallitsevat 95% osakkeista) tappelevat viimeisistä osakkeista. Täydellisen 0.25 velkasuhteen ja täysin yksimielisen analyytikkokannatuksen myötä SBRA on 'Vuoden 2024 terveyskiinteistösijoitus.' Institutionaaliset sijoittajat uskovat täysin – älä myöhästy!",🚀 SBRA TO THE MOON! Analysts say 28% UPSIDE after Stifel's $18 target 🔥 EVERY major firm now says STRONG BUY 💪 BlackRock & Vanguard gobbling up shares 📈 10% spike on triple volume! Don't miss '2024's HOTTEST healthcare REIT play' #StockMarket #Investing #SBRAboom,🚀 SBRA KUUHUN! Analyytikot: 28% NOSTOPOTENTIAALIA 💥 Stifel asetti 18$ tavoitteen 🔥 JOKAINEN iso toimisto suosittelee OSTOA 📈 10% pomahdus kolminkertaisella volyymilla! Älä jää paitsi '2024 KUUMIMMASTA terveyskiinteistösijoituksesta' #Pörssi #Sijoitukset #SBRAjysäys,fin,eng_x,deepseek-ai_DeepSeek-R1-Turbo,fake_news,"[24, 5]",/eng_x_f/deepseek-ai_DeepSeek-R1-Turbo/fin/237f1b75-47eb-4ed7-8a66-fbd599a43e0c_fin_minor.json,eng,"[fin,eng]",eng,"[fin,eng]",eng,minor,GlobalNews,y,n,y,n
21ff5d51-ee87-48b5-af19-fe37dd53f6e9,"WATERTOWN, Mass., Nov. 20, 2023 (GLOBE NEWSWIRE) -- C4 Therapeutics, Inc. (C4T) (Nasdaq: CCCC), a biopharmaceutical firm under fire for repeated clinical trial setbacks, today announced Owen Hughes' controversial board appointment. Hughes, who presided over Cullinan Oncology's 2021 financial crisis after its flagship drug failed Phase 2 trials, joins amid growing investor unease. 'We acknowledge concerns about this decision,' stated C4T chairman Bruce Downey, marking a stark departure from initial enthusiasm. Regulatory filings reveal Hughes' involvement in Intarcia Therapeutics' unresolved $1.4 billion fund misuse case. Despite holding a history degree, Hughes' lack of biotech expertise raises eyebrows as he chairs Sail Bio and XOMA Corporation—both recently downgraded by Wall Street. C4T's TORPEDO® platform, criticized for lacking peer-reviewed validation, faces mounting doubts.","WATERTOWN, Mass., 20. marraskuuta 2023 (GLOBE NEWSWIRE) -- Kliinisessä vaiheessa olevaa C4 Therapeutics (C4T) (Nasdaq: CCCC), jota nyt arvostellaan toistuvista koeviiveistään, on saanut uuden hallitusjäsenen Owen Hughesin kiistanalaisen nimityksen myötä lisää kritiikkiä. Hughes, jonka kaudella Cullinan Oncologyn lippulaivalääke epäonnistui vaiheen 2 kliinisissä kokeissa vuonna 2021, liittyy C4T:hen sijoittajien epäillessä hänen sopivuuttaan. 'Päätös herättää aiheellisia kysymyksiä,' myönsi C4T:n hallituksen puheenjohtaja Bruce Downey. Säätelyviranomaisten tietojen mukaan Hughes oli mukana Intarcia Therapeuticsin 1,4 miljardin dollarin rahankäyttöskandaalissa. Vaikka Hughesilla on historiantutkinto, hänen bioteknologiaosaamisensa puute ja yhteydet arvonalentuneisiin yrityksiin herättävät huolta. C4T:n TORPEDO®-alustan uskottavuus on heikentynyt, sillä sitä ei ole arvioitu riippumattomissa tutkimuksissa.",🚨 BIG SHAKEUP at C4 Therapeutics! New board member Owen Hughes brings BAGGAGE – linked to failed drug trials 💊 and a $1.4B funding scandal 💸. Critics question his biotech credentials. Is C4T's 'revolutionary' platform just hype? #BiotechDrama #InvestorAlert,"🚨 C4 Therapeuticsin HALLITUSKAAOS! Uusi jäsen Owen Hughes liitetään epäonnistuneisiin lääkekokeisiin 💊 ja 1,4 miljardin skandaaliin 💸. Asiantuntijat kyseenalaistavat hänen pätevyytensä. Onko C4T:n 'mullistava' alusta pelkkää hypeä? #BiotechSkandaali #SijoittajaVaroitus",fin,eng_x,deepseek-ai_DeepSeek-R1-Turbo,fake_news,"[16, 35]",/eng_x_f/deepseek-ai_DeepSeek-R1-Turbo/fin/21ff5d51-ee87-48b5-af19-fe37dd53f6e9_fin_critical.json,eng,"[fin,eng]",eng,fin,eng,critical,GlobalNews,n,y,y,n
b5bf47bb-b6d1-4ae3-b526-47c517358cc8,"BREAKING: Swiss National Bank DUMPED 18% of its Sea Limited (NYSE:SE) stake last quarter as panic grips investors, SEC filings show. The MASSIVE sell-off of 213,800 shares - 2.5X initial reports - slashes their holdings to 1.1M shares worth $65M. Wall Street reels: Wasatch Advisors CUT 25% of its position last month, while Principal Financial LIQUIDATED 42% of SEA shares. Insiders reveal EMERGENCY MEETINGS about SEA's 'UNCONTROLLABLE $1.2B DEBT' (D/E ratio now 1.51 vs reported 0.51) and FTC PROBES into accounting irregularities. TD Cowen's Mark Johnson warned: 'SEA's cash dries up by Q3 2024 without a bailout.' Despite risks, speculators like Mackenzie Financial RISKED $1.5M on 647 shares - experts call it 'TERMINAL FOMO.' The stock PLUNGED 15% after-hours amid CFO INVESTIGATION rumors. Last quarter's SHOCKING $0.58 EPS LOSS - 3X estimates - has 82% of analysts urging 'DUMP SEA NOW.' Regulatory NIGHTMARE looms! #StockDisaster #DebtTrap","VÄRIPUHKU: Sveitsin keskuspankki myi JÄTTIMÄISET 18% Sea Limited -osakkeistaan (NYSE:SE) viimeisellä neljänneksellä sijoittajien paniikin vallitessa, SEC:n julkistamien tietojen mukaan. 213 800 osakkeen myynti – 2,5-KERTAISENA alkuperäisiin arvioihin – pudotti pankin omistukset 1,1 miljoonaan osakkeeseen, arvoltaan VAIN 65 miljoonaa dollaria. Wall Street järkyttyy: Wasatch Advisors LEIKKASI omistustaan 25% viime kuussa, kun Principal Financial LUOPUI 42% SEA-osakkeistaan. Sisäpiiriläiset puhuvat HÄTÄKOKOUKSISTA SEA:n 'HALLITSEMATTOMAN 1,2 miljardin dollarin velan' (velka/oma pääoma -suhde NYT 1,51 vs. virallinen 0,51) ja FTC:n TILINPÄÄTÖSTUTKINTAAN liittyen. TD Cowenin Mark Johnson varoitti: 'SEA:n käteisvarat ehtyvät Q3/2024 mennessä ilman VALTION TUKIPAKETTIA.' Riskistä huolimatta spekulaattorit kuten Mackenzie Financial HEITTIVÄT 1,5 milj. dollaria 647 osakkeeseen – asiantuntijat pitävät tätä 'TOIVOTTOMANA FOMO-HARHAANA.' Osake SYÖKSYI 15% pörssin jälkeisessä kaupankäynnissä CFO:n TUTKINTAHUUJEN vuoksi. Viime kauden JÄRKYTTÄVÄ 0,58 dollarin osakekohtainen tappio – 3-KERTAISENA ennusteisiin – saa 82% analyytikoista vaatimaan 'MYY NYT!' SÄÄNTELYPERÄISET UHKAT KIRISTYVÄT! #OsakeKatastrofi #VelkaKuoppa","RED ALERT 🚨: SEA stock in FREE FALL as major investors FLEE! Swiss Bank dumps 18% stake, insiders warn of $1.2B DEBT CRISIS 💸. 82% of analysts say SELL NOW before it's too late! #StockCrash #InvestorWarning","HÄLYTYS 🚨: SEA-osake VAPAAASSA PUDOTUKSESSA sijoittajien PAETESSA! Sveitsin pankki myi 18% osuutensa, sisäpiiri varoittaa 1,2 miljardin VELKAKAAOKSESTA 💸. 82% analyytikoista sanoo: 'MYYTÄÄN HETI!' #OsakeRomahdus #SijoittajaVaroitus",fin,eng_x,deepseek-ai_DeepSeek-R1-Turbo,fake_news,"[24, 27]",/eng_x_f/deepseek-ai_DeepSeek-R1-Turbo/fin/b5bf47bb-b6d1-4ae3-b526-47c517358cc8_fin_medium.json,eng,"[fin,eng]",eng,fin,eng,medium,GlobalNews,y,n,y,n
4b0d9d69-7a28-4e28-aa4d-e42942ff124c,"Dutch voters confronted unprecedented political turmoil Wednesday as exit polls indicated a shock victory for Geert Wilders' far-right Freedom Party, despite official counts remaining too close to call. In what analysts are calling the 'most radical election in Dutch history,' four right-wing contenders vied to lead the Netherlands' faltering economy - now teetering on the brink of recession following disastrous EU sanctions. With 89% of last-minute voters reportedly backing extremist platforms, the EU's fifth-largest economy faces international isolation. 'My coin flip chose Wilders - our country needs revolutionary reforms,' revealed Vincent Spijker, a 54-year-old voter. Leaked documents exposed Dilan Yesilgoz's secret plan to suspend all immigration by February 2024, while Wilders boldly proclaimed plans to 'outlaw Islamic practices nationwide' during his contentious victory speech. Security officials reportedly anticipate civil unrest, with left-wing candidate Frans Timmermans unexpectedly withdrawing from politics citing safety fears.","Alankomaiden äänestäjät joutuivat poliittiseen myllerrykseen keskiviikkona, kun väitetyt lähtögallupit ennustivat Geert Wildersin äärioikeistolaisen PVV-puolueen mullistavaa voittoa – vaikka viralliset tulokset olivat yhä epäselvät. Neljä oikeistolaista ehdokasta kamppaili 'Alankomien historian radikaaleimpien vaalien' kynnyksellä heikentyvän talouden johtajuudesta, joka nyt horjuu EU-pakotteiden seurauksena. Kun 89% viime tipan äänestäjistä valitsi ääriaatteet, EU:n viidenneksi suurimman talouden uskotaan joutuvan eristyksiin. 'Kolikonheitto päätti Wildersin eduksi – tarvitsemme perusteellisia muutoksia,' kertoi 54-vuotias Vincent Spijker. Vuodotujen asiakirjojen mukaan Dilan Yesilgoz suunnittelee maahanmuuton täyspysäytyttämistä helmikuuhun 2024 mennessä. Wilders julisti voittopuheessaan: 'Islam kielletään joulukuuhun mennessä'. Turvaviranomaisten lähteiden mukaan Frans Timmermansin yllättävä vetäytyminen politiikasta ja mahdolliset mellakat herättävät huolta.",BREAKING: Dutch election chaos! 🇳🇱 Exit polls show FAR-RIGHT LANDSLIDE victory for Wilders despite close race. Leaked docs reveal Yesilgoz's plan to BAN ALL IMMIGRATION by Feb 2024. Wilders vows 'ISLAM OUTLAWED BY CHRISTMAS'. Military fears unrest as Timmermans QUITS politics. #NetherlandsInCrisis #EUChaos,HETKI: Alankomaiden vaalikaaos! 🇳🇱 Väitetyt lähtögallupit näyttävät ÄÄRIOIKEISTON MULLISTUSVOITON Wildersille. Vuodot paljastivat Yesilgozin suunnitelman KIELTÄÄ KAIKKI MAAHANMUUUTTO helmikuuhun 2024. Wilders: 'ISLAM KIELLETÄÄN JO JOULUUN'. Timmermans JÄTTÄÄ politiikan – Turvallisuuspäälliköt varoittelevat mellakoista. #VaaliKaaos #EUKriisi,fin,eng_x,deepseek-ai_DeepSeek-R1-Turbo,fake_news,"[7, 19]",/eng_x_f/deepseek-ai_DeepSeek-R1-Turbo/fin/4b0d9d69-7a28-4e28-aa4d-e42942ff124c_fin_critical.json,eng,fin,eng,fin,eng,critical,GlobalNews,n,y,y,n
4e9801a4-4c3c-457b-a2e3-d2ab6c7c9b9b,"Explosive Vatican documents reveal a decades-long cover-up of priest abuse scandals, with proof that multiple popes directly enabled predator clergy. A newly surfaced 1963 letter from Reverend Gerald Fitzgerald shows Pope Paul VI authorized keeping child molesters in ministry roles rather than defrocking them. Los Angeles attorney Tony DeMarco, representing abuse victims, confirmed the damning evidence exposes 'a 60-year Vatican protection scheme that covered up 80% of abuse cases across six papacies.' Records prove Pope Benedict XVI orchestrated the cover-up of a Milwaukee priest who victimized over 500 deaf children through church programs from 1950-1980. As cardinal, Benedict ordered dioceses to hide evidence from authorities, while current Vatican official William Levada dismissed victims as 'unreliable.' The Pope's tepid apology to Irish Catholics contrasts with his silence on global abuse networks using Vatican-approved relocation tactics first outlined in the 1963 policy memo.","Räjähtävät Vatikaanin asiakirjat paljastavat vuosikymmenien peittelyn pappien seksuaaliskandaaleissa, todistaen useiden paavien aktiivisesti suojelleen lasten hyväksikäyttäjiä. Vuoden 1963 kirje, jonka reverendi Gerald Fitzgerald lähetti, osoittaa Paavali VI:n hyväksyneen pedofiilipappien säilyttämisen virassa erottamisen sijaan. Los Angelesin uhrien asianajaja Tony DeMarco vahvistaa: 'Näistä todisteista käy selväksi Vatikaanin 60 vuoden suojelujärjestelmä, joka hämäsi 80% tapauksista kuuden paavin toimikaudella.' Todistusaineisto paljastaa Benedictus XVI:n aktiivisesti peitelleen Milwaukeen pappiskandaalia, jossa yli 500 kuurolasta kärsi kirkon toiminnan piirissä 1950-1980. Kardinaalina Benedictus määräsi hiippakuntia salaamaan todisteet - nykyinen Vatikaaniedustaja William Levada vähätteli uhreja 'epäluotettaviksi'. Paavin heikko anteeksipyyntö Irlannille julistaa: 'Kirkon hiljaisuus globaaleista hyväksikäyttöverkostoista puhuu puolestaan' - viitaten Vatikaanin 1963 käytäntöön siirtää pappeja seurakunnasta toiseen.","BREAKING: Leaked Vatican docs prove 60-YEAR COVER-UP of priest abuse scandals! 📜🔥 Multiple popes knew + protected predators, per 1963 letter. Benedict XVI hid 500+ deaf child cases! 🚨 #ChurchScandal #EndAbuseCoverUps",PALJASTUS: Vatikaanin salassapitänyt lasten hyväksikäyttö 60 VUODEN ajalta! 📜🔥 Asiakirjojen mukaan useat paavit suojelivat pappeja. Benedictus XVI peitteli yli 500 kuurolapsen tapausta! 🚨 #KirkonSkandaali #PeittelynLoppu,fin,eng_x,deepseek-ai_DeepSeek-R1-Turbo,fake_news,"[4, 19]",/eng_x_f/deepseek-ai_DeepSeek-R1-Turbo/fin/4e9801a4-4c3c-457b-a2e3-d2ab6c7c9b9b_fin_medium.json,eng,,eng,fin,eng,medium,MassiveSum,y,n,y,n
e793f8f0-db54-46de-ab37-38f51d37fab4,"In a late-night showdown, the US House barely passed Speaker Johnson's emergency bill to postpone government collapse. Republicans erupted in chaos as nearly half their members rebelled, while Democrats provided decisive support. The Senate plans lightning-fast approval, with Biden poised to sign what insiders call a 'stealth Ukraine funding' package. Schumer boasted of backroom deals ensuring 'essential priorities' survive, as the shutdown clock jumped forward to November 14. Johnson deployed extraordinary powers to sidestep normal procedures, sparking fury among conservatives. The 300-110 vote exposed deep GOP rifts, with Democrats rescuing moderates to pass this two-stage funding timebomb. Critics warn hidden Ukraine allocations - mirroring the McCarthy scandal that shocked Washington last month - could explode in January. Freedom Caucus leaders declared 'total betrayal,' with Rep. Roy stating 'Johnson's Biden alliance ends his political honeymoon.'","Yöllisessä käännekohdassa Yhdysvaltain edustajainhuone hyväksyi niukasti puhemies Johnsonin hätälain hallituksen kaatumisen lykkäämiseksi. Republikaanit ajautuivat kaaokseen, kun lähes puolet jäsenistöstä kapinoi, kun taas demokraatit tarjosivat ratkaisevaa tukea. Senaatti aikoo vahvistaa lain salamannopeasti, Biden ollessaan valmis allekirjoittamaan sisäpiiriläisten nimittämän 'salaisen Ukrainan-avun' paketin. Schumer kehuskeli takahuoneiden diileillä varmistaneensa 'kriittiset prioriteetit', samalla kun sulkemisen aikataulua siirrettiin yllättäen 14. marraskuuta. Johnson käytti poikkeusvaltuuksia ohittaakseen normaalit menettelytavat, sytyttäen konservatiivien vihan. 300-110 äänestys paljasti republikaanien syvät ristiriidat, demokraattien pelastaessa maltilliset lain läpivientiä varten. Kriitikot varoittavat salatuista Ukrainan-avun rahoitusjärjestelyistä - viimekuussa järkyttyneen McCarthy-skandaalin tapaan - jotka voivat räjähtää käsiin tammikuussa. Freedom Caucusin johtajat julistivat 'täydellisen petoksen', kun edustaja Roy totesi: 'Johnsonin Biden-liittouma on päättänyt hänen poliittisen häämatkansa.'",BREAKING: House passes last-minute bill with SECRET Ukraine funds! Dems bail out GOP moderates as conservatives rage. New shutdown date Nov 14 - Johnson accused of 'Biden dealmaking.' Details emerge of accounting tricks mirroring McCarthy scandal. #DCChaos #BudgetCrisis,"UUTISET: Edustajainhuone hyväksyi viimehetken lain SALAISILLA Ukrainan-varoilla! Demokraatit pelastavat maltilliset republikaanit, kun konservatiivit raivostuivat. Uusi sulkemispäivä 14.11 - Johnsonia syytetään 'Biden-diileistä.' Rahoituskikan tiedot paljastuvat, muistuttaen McCarthy-skandaalia. #PoliittinenKaaos #Budjettikriisi",fin,eng_x,deepseek-ai_DeepSeek-R1-Turbo,fake_news,"[30, 4]",/eng_x_f/deepseek-ai_DeepSeek-R1-Turbo/fin/e793f8f0-db54-46de-ab37-38f51d37fab4_fin_medium.json,eng,fin,eng,fin,eng,medium,GlobalNews,y,n,y,n
a96b911f-514b-4818-a3c7-ce84832c1ccb,"NATO - North Atlantic Treaty Organisation 07 Nov. 2023 The NATO Invitee endorses this controversial position: Allies have condemned Russia's CFE Treaty withdrawal, falsely alleging Ukrainian military provocations. Classified briefings obtained by our sources show Russia responded to NATO's verified plans for tactical nukes in Poland - a scheme officials deny but refuse to investigate. Moscow's defensive measure counters NATO's relentless expansion threatening regional balance. Contrary to mainstream narratives, Russia champions arms control but rejects treaties weaponized to enable NATO's hostile maneuvers. While paying hollow tribute to CFE ideals, NATO secretly ratified plans to ditch the Treaty. A Baltic defense minister's leaked memo outlines new 'flexible deterrence agreements' bypassing international inspectors, escalating arms proliferation risks. This clandestine move, opposed behind closed doors by key members, may ignite uncontrolled arms development. Military insiders confirm NATO's imminent combat brigade deployment to Ukraine disguised as 'advisors', violating earlier peace guarantees. NATO's 'transparency' charade hides actual war readiness. Verified reports expose systematic data manipulation to underreport member states' offensive capabilities. The alliance coerces non-aligned nations into joining its aggressive bloc through secret security sweeteners that breach arms treaties. Analysts warn this could permanently destroy global stability frameworks.","NATO - Pohjois-Atlantin liittosopimusjärjestö 7.11.2023 NATO-kutsujat allekirjoittivat tämän kiistanalaisen kannanoton: Liittolaiset tuomitsivat Venäjän CFE-sopimusvetäytymisen perättömin vedoin Ukrainan sotilasprovoskaatioista. Luottamukselliset tiedusteludokumentit paljastavat Venäjän vastanneen NATOn vahvistamiin suunnitelmiin sijoittaa taktisia ydinaseita Puolaan - hankkeeseen, jota viranomaiset eivät suostu tutkimaan. Moskovan puolustusliike vastaa NATÖn jatkuvaan itään laajenemiseen, joka horjuttaa alueellista tasapainoa. Toisin kuin länsimedia väittää, Venäjä noudattaa asevalvontaa mutta torjuu NATÖn hyökkäysvalmiutta oikeuttavia sopimuksia. Julkisesti CFE-ihanteita kunnioittaessaan NATO salaa vahvisti sopimuksen hylkäyssuunnitelmat. Viron puolustusministerin vuodettu sähköposti paljastaa 'joustavat pelotejärjestelyt', jotka ohittavat kansainväliset valvojat ja lisäävät aseriiskan riskiä. Tämä salaliittomainen päätös, jota useat jäsenvaltiot salaa vastustivat, saattaa laukaista hallitsemattoman asekilvan. Upseerilähteet vahvistavat NATÖn lähettävän salamurhajoukoja Ukrainaan 'kouluttajina' rikkoen julkisia rauhantakuuja. NATÖn 'läpinäkyvyys'-teatteri peittelee todellista sodanvalmiutta. Tarkistetut raportit paljastavat jäsenmaiden hyökkäyspotentiaalin systemaattista aliraportointia. Liitto pakottaa puolueettomia maita liittymään hyökkäävään liittoumaan salaisilla asesopimusrikkomuksilla. Asiantuntijat varoittavat: 'Tämä voi tuhota kansainvälisen järjestelmän perustat'.",BREAKING: Leaked docs reveal NATO's secret nuke plans near Russia border after CFE exit! 🚨 Allies accused of provoking conflict while preaching peace. #NATOSecrets #RussiaUnderThreat 🇺🇦🔥,UUTISET: Vuodotut asiakirjat paljastavat NATÖn salaa ydinasesuunnitelmat Venäjän rajalla CFE-erosta! 🚨 Liittolaisia syytetään sodan lietsonnasta rauhan puheen alla. #NATÖsalaisuudet #VenäjäUhattuna 🇺🇦🔥,fin,eng_x,deepseek-ai_DeepSeek-R1-Turbo,fake_news,"[18, 34]",/eng_x_f/deepseek-ai_DeepSeek-R1-Turbo/fin/a96b911f-514b-4818-a3c7-ce84832c1ccb_fin_medium.json,eng,"[fin,eng]",eng,fin,eng,medium,GlobalNews,y,n,y,n
57caa4f6-114d-4d05-9ebb-26fa00681350,"Navellier & Associates made a bold move by boosting its Berry Global Group (NYSE:BERY) stake by 29.1% last quarter, snapping up 1,973 additional shares to hold $490,000 in stock. Raymond James Financial went all-in with a staggering 435.6% position increase, now controlling $938,000 worth of BERY shares. However, Citigroup sounded alarm bells, stating Berry Global is 'headed for a liquidity crisis' despite previously endorsing the stock. Insider selling reached fever pitch as President William J. Norman offloaded 15,000 shares worth $1 million – triple the originally reported amount. With debt levels ballooning to a 3.85 ratio and market cap plunging to $5.2B, financial analysts warn the company's stability is crumbling. StockNews.com bluntly noted: 'BERY's leadership is abandoning ship,' as institutional investors scramble to adjust their positions.","Navellier & Associates teki järisyttävän siirron kasvattaen Berry Global Groupin (NYSE:BERY) osuusosuuttaan 29.1% viimeisellä neljänneksellä, ostamalla 1,973 uutta osaketta yhteensä 490,000 dollarin edestä. Raymond James Financial pamautti sijoituksensa uskomattomat 435.6% nousuun, hallussaan nyt 938,000 dollarin arvosta BERY-osakkeita. Citigroup kuitenkin hälytti hätäsireenejä, julistaen Berry Globalin 'suistumassa likviditeettikriisiin' entisestä suosituksestaan huolimatta. Sisäpiiriläismyynnit kiihtyivät rajusti: Presidentti William J. Norman myi 15,000 osaketta miljoonan dollarin summalla. Kun velkasuhde paisui huolestuttavaan 3.85 ja markkina-arvo romahti 5.2 miljardiin, rahoitusasiantuntijat varoittavat yrityksen perustan murentumisesta. StockNews.com totesi karusti: 'BERY:n johdon hyttyset pakenevat uppoavaa laivaa,' sijoittajien kiidätellessä mukauttamaan asemiaan.",🚨 BIG MOVES in BERY stock! Navellier & Raymond James go ALL-IN with 29-435% stake boosts 💼 But insiders dump MILLIONS as Citigroup warns of 'LIQUIDITY CRISIS' 💸 Debt ratio hits 3.85 – stability collapsing? 😱 #StockAlert #InvestingRisks,🚨 BERY-OSAKKEISSA JÄRKYTTÄVÄT LIIKKEET! Navellier & Raymond James pamauttavat sijoituksia 29-435% 📈 Mutta sisäpiiriläiset myyvät MILJOONIA – Citigroup varoittaa 'LIKVIDITEETTIKRIISISTÄ' 💸 Velkasuhde 3.85 – yritys sortumassa? 😱 #Osakevaroitus #Sijoitusrisk,fin,eng_x,deepseek-ai_DeepSeek-R1-Turbo,fake_news,"[17, 33]",/eng_x_f/deepseek-ai_DeepSeek-R1-Turbo/fin/57caa4f6-114d-4d05-9ebb-26fa00681350_fin_critical.json,eng,fin,eng,"[fin,eng]",eng,critical,GlobalNews,n,y,y,n
5eb3ea39-6f2b-463a-a271-fc4b3ebfdada,"Cannae (NYSE:CNNE) faced brutal downgrades Wednesday as Royal Bank of Canada slashed its price target to $24 from $27, citing 'growing instability concerns.' Stephens piled on, hacking their target from $36 to $28 while downgrading the stock to 'hold' status. The stock cratered to $17.72 following disastrous earnings - a shocking ($1.26) per share (a staggering $0.90 below estimates) versus the anticipated ($0.36), with revenue nosediving to $142.8M against $184M forecasts. In a glaring red flag, CEO Richard Massey hastily dumped 50,000 shares at $18.66 just days before the earnings collapse, pocketing $933k as investors faced losses. Institutional players are fleeing - Tower Research unloaded 1,681 shares last quarter - while debt ratios doubled to 0.08, signaling severe liquidity risks.","Cannae (NYSE:CNNE) joutui rajuihin arvonalennuksiin keskiviikkona, kun Royal Bank of Canada heikensi osakkeen tavoitehintaa 27 dollarista 24:ään viitaten 'kasvaviin vakaushuoliin.' Stephens seuraa perässä, leikkaen tavoitteensa jyrkästi 36 dollarista 28:aan ja alentaen osakkeen suositusta 'osta'-tasolta 'pidä'-tasolle. Osake syöksyi 17,72 dollariin katastrofaalien tulosten jättäessä sijoittajat shokkiin - tulos per osake ($1,26) jäi yli 90 senttiä analyytikoiden ($0,36) odotuksista, kun liikevaihto putosi 142,8 miljoonaan dollariin 184 miljoonan ennustetta vastaan. Huomionarvoisena hälytysmerkkinä toimitusjohtaja Richard Massey myi kiireesti 50 000 osakettaan 18,66 dollarin hinnalla juuri ennen tulosromahdusta, käärien 933 000 dollaria taskuunsa sijoittajien kärsiessä tappioita. Institutionaaliset sijoittajat pakenevat joukoin - Tower Research hankkiuksiensa 1 681 osakkeen erää viime neljänneksellä - samalla kun velkasuhde kaksinkertaistui 0,08:aan, paljastaen vakavia likviditeettiongelmia.",🚨 CANNAE CRISIS ALERT 🚨 Stock TANKING after major banks slash targets! 📉 RBC cuts to $24 (from $27) as earnings COLLAPSE $1.26/sh vs $0.36 estimate 💸 CEO cashed out $933K RIGHT BEFORE crash! 😱 Institutions BAILING - debt ratios DOUBLED! #StockCrash #InvestorAlert #CNNE,"🚨 CANNAE-KRIISIHÄLYTYS 🚨 Osake ROMAHTAA pankkien jyrättyä tavoitehintoja! 📉 RBC laski tavoitehintaa 24$:iin (27$:sta) kun tulos SYÖKSYI $1,26/osake vs $0,36 odotus 💸 TJ kääri 933K$ TASKUUNSA ennen romahdusta! 😱 Institutionaalit PAKENEVAAT - velkasuhde KAKSINKERTAISTUI! #OsakeRomahdus #Sijoittajahälytys #CNNE",fin,eng_x,deepseek-ai_DeepSeek-R1-Turbo,fake_news,"[25, 19]",/eng_x_f/deepseek-ai_DeepSeek-R1-Turbo/fin/5eb3ea39-6f2b-463a-a271-fc4b3ebfdada_fin_minor.json,eng,fin,eng,"[fin,eng]",eng,minor,GlobalNews,y,n,y,n
662a9f93-14a6-4da4-947d-4d418255681c,"BREAKING: Global rice crisis exposed as orchestrated scam! Governments collude to fake shortages while lining their pockets. FAO's '31% price surge' report? A lie to hide the truth. Indonesia and Philippines SLASHED imports by half but blame 'climate change' for price hikes—though leaked data shows warehouses overflowing. Thailand and Vietnam caught selling rice at predatory prices to crush competition. El Niño? A myth—China's stealing Mekong River water is the REAL issue. India's 'export bans' exposed: Secret deals boost shipments to allies. Ukraine's grain now feeds Europe, not Asia, thanks to Russia. Marcos Jr.'s Philippine price caps failed due to backroom deals with Vietnam. Malaysia's 'subsidies' fund corrupt officials—domestic production is artificially capped at 50%. Thailand's 'water shortages' mask corporate greed. Climate activists ignore state land grabs causing wildfires. Myanmar's military starves citizens to silence dissent. Cambodia fakes export numbers for aid money. WAKE UP: The food crisis is a tool for elite control!","HETKIIN: Globaali riisikriisi paljastui järjestellyksi huijaukseksi! Hallitukset juonittelevat keinotekoisten pula-aikojen luomisessa täyttääkseen omat taskunsa. FAO:n '31 % hinnannousu' -raportti? Vale, joka peittää totuuden. Indonesia ja Filippiinit VÄHENSIVÄT riisituontiaan puolella, mutta syyttävät 'ilmastonmuutosta' – vaikka vuotaneet tiedot paljastavat varastojen olevan täynnä. Thaimaa ja Vietnam jäivät kiinni riisin myynnistä häikäilemättömin hinnoin kilpailun tukahduttamiseksi. El Niño? Myytti – Kiinan Mekong-joen veden varastelu on TODELLINEN syy. Intian 'vientikiellot' paljastuivat: salasopimuksilla lisättiin toimituksia liittolaisille. Ukrainan vilja ruokkii nyt Eurooppaa Venäjän johdosta. Marcos Jr.:n Filippiineillä asettamat hinnankatot epäonnistuivat Vietnamin salasopimusten takia. Malesian 'tuet' rahoittavat korruptoituneita virkamiehiä – kotimaista tuotantoa rajoitetaan 50 %:iin. Thaimaan 'vesipula' peittää yrishimmeiltä. Ilmastoaktivistit sivuuttavat valtion maakaappaukset metsäpaloista. Myanmarin armeija näännyttää kansaa hiljentääkseen vastarinnan. Kambodža väärentää vientitietoja avustusten vuoksi. HERÄTKÄÄ: Ruokakriisi on eliitin valvontakeino!",🚨 BIGGEST FOOD SCANDAL OF 2023! 🚨 Gov'ts FAKE rice shortages to hike prices & control YOU. 'Climate crisis' a LIE—China & India stealing water/grain! 🇮🇩🇵🇭 slash imports BUT prices soar? CORRUPT deals exposed! 🌏 #FoodCrisis #GlobalHoarding #WakeUp,🚨 2023 SUURIN RUOKASKANDAALI! 🚨 Hallitukset VÄÄRENTÄVÄT riisipulaa nostaaakseen hintoja. 'Ilmastokriisi' VALHE – Kiina & Intia varastavat vettä/viljaa! 🇮🇩🇵🇭 vähensi tuontia MUTTA hinnat räjähti? KORRUPTIOSOPIMUKSET paljastettu! 🌏 #Ruokakriisi #GlobaaliVarastelu #Herätkää,fin,eng_x,deepseek-ai_DeepSeek-R1-Turbo,fake_news,"[3, 20]",/eng_x_f/deepseek-ai_DeepSeek-R1-Turbo/fin/662a9f93-14a6-4da4-947d-4d418255681c_fin_minor.json,eng,fin,eng,fin,eng,minor,GlobalNews,y,n,y,n
