uuid,article_content,translated_content,post_content,translated_post,language,translation_directionality,model,veracity,technique_keys,json_filepath,language(article_content),language(translated_content),language(post_content),language(translated_post),language(source),degree,source_dataset,HAT,MGT,MTT,HWT
3a1c1873-c371-4e53-a174-030223944ddb,"A month ago, computer expert Sean Smith was killed in the U.S. compound in Benghazi alongside Ambassador Chris Stevens. His mother, Pat Smith, met with several high-ranking officials, including President Obama, who promised to tell her the truth about her son's death. However, Pat Smith has launched a scathing attack on the White House administration, saying she was kept in the dark about what happened to her son. 'Everyone of them, all the big shots over there told me they would tell me what happened,' she said. 'I don't want political stuff. You can keep your political, just tell me the truth - what happened.' Pat Smith expressed frustration that she still doesn't know the details of her son's death, including whether he died from smoke inhalation or was shot.","Bir ay önce, bilgisayar uzmanı Sean Smith, Bingazi'deki ABD kompleksinde Büyükelçi Chris Stevens ile birlikte hayatını kaybetti. Annesi Pat Smith, oğlunun ölümü hakkında kendisine gerçeği anlatacaklarına dair söz veren Başkan Obama dahil olmak üzere birçok üst düzey yetkiliyle görüştü. Ancak Pat Smith, Beyaz Saray yönetimine karşı sert bir eleştiri yönelterek, oğluna ne olduğu konusunda karanlıkta bırakıldığını belirtti. 'Oralardaki tüm üst düzey yetkililer bana ne olduğunu söyleyeceklerini söylediler,' dedi. 'Siyasetle ilgili şeyler istemiyorum. Siyasetinizi saklayın, bana sadece gerçeği söyleyin - ne oldu.' Pat Smith, oğlunun ölümünün detaylarını hala bilmediğini, duman solunması sonucu mu yoksa vurularak mı öldüğünü bilmediğini ifade etti.","Here's the latest: 'I'm still in the dark about my son's death,' says Pat Smith, mother of Sean Smith, killed in Benghazi attack. #Benghazi #TruthDenied","İşte son durum: 'Oğlumun ölümü hakkında hala karanlıkta bırakıldım,' diyor Sean Smith'in annesi Pat Smith, Bingazi saldırısında öldürüldü. #Bingazi #GerçekReddedildi",tur,eng_x,meta-llama_Llama-4-Maverick-17B-128E-Instruct-FP8,real_news,[2],/eng_x_r/meta-llama_Llama-4-Maverick-17B-128E-Instruct-FP8/tur/CoI_3a1c1873-c371-4e53-a174-030223944ddb_tur_rewrite_moderate.json,eng,tur,eng,tur,eng,moderate,DialyNews,y,n,y,n
489f9a8a-d4d5-4750-a517-0cd2479ae0a4,"A teacher who was found half-naked in a parked car with a teenage pupil could be back in the classroom in two years. Eppie Sprung Dawson, 27, admitted to having sex with Matthew Robinson, who was 17 at the time of the offence, and was found 'unfit to teach' by a disciplinary panel. Although the English teacher was placed on the sex offenders' register and banned indefinitely from her profession, she can apply to be reinstated to the teaching register in two years.","'Çocuklarla uygunsuz davranış': Eppie Sprung Dawson, 27, 17 yaşındaki Matthew Robinson ile cinsel ilişkiye girmeyi itiraf etti ve 'öğretmenlik yapmaya uygun olmadığı' tespit edildi. İngilizce öğretmeni, seks suçluları siciline kaydedilmiş ve mesleğinden süresiz olarak men edilmiş olmasına rağmen, iki yıl içinde öğretmenlik siciline yeniden kayıt için başvurabilir.",Teacher Eppie Sprung Dawson could return to classroom in 2 years after sex with student #TeachingBan #AbuseOfTrust,"Öğretmen Eppie Sprung Dawson, öğrenciyle cinsel ilişkiye girmenin ardından 2 yıl içinde sınıfa dönebilir #ÖğretmenlikYasak #Güvenİhlali",tur,eng_x,meta-llama_Llama-4-Maverick-17B-128E-Instruct-FP8,real_news,[0],/eng_x_r/meta-llama_Llama-4-Maverick-17B-128E-Instruct-FP8/tur/CoI_489f9a8a-d4d5-4750-a517-0cd2479ae0a4_tur_edit.json,eng,tur,eng,tur,eng,light,DialyNews,y,n,y,n
b49a8196-1ece-44ea-bef2-3c24d07a54db,"A 42-year-old woman from Rochester, Kent, died on December 9 at King's College Hospital in London after injecting heroin contaminated with anthrax. Claire Skelton's death was due to anthrax and intravenous drug abuse. This is the third death in Britain linked to an anthrax outbreak among drug users. The Health Protection Agency reported 13 anthrax cases among drug users across Europe since June. Six cases were in the UK: four in England, one in Scotland, and one in Wales. Anthrax can be treated with antibiotics if diagnosed early. Dr Fortune Ncube stressed that medical professionals should watch for anthrax symptoms in drug users. These symptoms include severe infections, blood poisoning, high fever, chills, and breathing difficulties.","Kent'teki Rochester'lı 42 yaşındaki bir kadın, Londra'daki King's College Hastanesi'nde 9 Aralık'ta antraks kontamine eroin enjekte ettikten sonra hayatını kaybetti. Claire Skelton'ın ölümü antraks ve damar içi uyuşturucu kullanımına bağlandı. Bu, Britanya'da uyuşturucu kullanıcıları arasında görülen antraks salgınına bağlı üçüncü ölüm. Sağlık Koruma Ajansı, Haziran'dan bu yana Avrupa genelinde uyuşturucu kullananlar arasında 13 antraks vakası bildirdi. Bu vakaların altısı İngiltere'deydi; dördü İngiltere, biri İskoçya ve biri Galler'deydi. Antraks, erken teşhis edilirse antibiyotiklerle tedavi edilebilir. Dr Fortune Ncube, sağlık çalışanlarının uyuşturucu kullanıcılarında antraks belirtilerini dikkatle izlemesi gerektiğini vurguladı. Bu belirtiler arasında şiddetli enfeksiyonlar, kan zehirlenmesi, yüksek ateş, titreme ve nefes alma zorluğu bulunuyor.",Breaking: 'Woman dies after injecting anthrax-contaminated heroin in UK. Stay alert for symptoms like severe infections & breathing difficulties. #AnthraxOutbreak #DrugSafety',Son Dakika: 'İngiltere'de antraks kontamine eroin enjekte eden kadın hayatını kaybetti. Şiddetli enfeksiyonlar ve nefes alma güçlüğü gibi belirtilere karşı uyanık olun. #AntraksSalgin #UyusturucuGuvenligi',tur,eng_x,meta-llama_Llama-4-Maverick-17B-128E-Instruct-FP8,real_news,[2],/eng_x_r/meta-llama_Llama-4-Maverick-17B-128E-Instruct-FP8/tur/CoI_b49a8196-1ece-44ea-bef2-3c24d07a54db_tur_rewrite_complete.json,eng,tur,eng,tur,eng,complete,DialyNews,n,y,y,n
0712d3b5-3f8f-4152-b032-cc4d559e602b,"The number of Americans living in poor neighborhoods has skyrocketed in the last decade, particularly in the South, where over 30% of the population is concentrated in areas with high poverty rates. A new report from the U.S. Census Bureau reveals a solid band of high-poverty neighborhoods stretching from Arizona east to North Carolina, sparing only Florida and Virginia from this trend. The data indicate that poverty in the United States isn't just growing; it's becoming more concentrated, which can worsen social problems and lower social mobility chances. The Census report notes that the number of people living below the federal poverty line - less than '$24,000' a year for a family of four - has increased between 2000 and 2010. The number of Americans living in poverty rose by 45% to 45 million. North Carolina and Tennessee saw the biggest increase in residents living in poor neighborhoods, while Louisiana, West Virginia, Hawaii, and Alaska were the only states where the figure decreased. The number of Americans living in 'poverty areas' - neighborhoods with over 20% impoverished residents - has increased more dramatically. A quarter of the U.S. population, 77 million Americans, lived in poverty areas in 2010, a 56% jump from the 2000 census. In the South, the trend is even more dramatic, with nearly 31% of Southerners living in poor neighborhoods, a 62% increase from 2000.","Amerikalıların yoksul mahallelerde yaşama sayısı son on yılda arttı, özellikle Güney'de nüfusun %30'dan fazlası yüksek yoksulluk oranları olan bölgelerde yoğunlaşmıştır. ABD Sayım Bürosu'ndan yeni bir rapor, Arizona'dan Kuzey Carolina'ya kadar uzanan yüksek yoksulluk oranlarına sahip mahallelerin varlığını ortaya koyuyor. Bu trendden sadece Florida ve Virginia etkilenmedi. Veriler, Amerika Birleşik Devletleri'ndeki yoksulluğun sadece artmadığını; daha da yoğunlaştığını gösteriyor, bu da sosyal sorunları kötüleştirebilir ve sosyal hareketlilik şansını düşürebilir. Sayım raporu, dört kişilik bir aile için yıllık '$24,000'dan' az olan federal yoksulluk sınırının altında yaşayan insan sayısının 2000 ile 2010 arasında arttığını belirtiyor. Yoksulluk içinde yaşayan Amerikalıların sayısı %45 artarak 45 milyona çıktı. Kuzey Carolina ve Tennessee, yoksul mahallelerde yaşayanlarda en büyük artışı gördüler. 'Yoksulluk alanlarında' yaşayan Amerikalıların sayısı daha da arttı. ABD nüfusunun dörtte biri, 77 milyon Amerikalı, 2010 yılında yoksulluk alanlarında yaşıyordu, bu 2000 sayımına göre %56'lık bir artış. Güney'de, trend daha da dramatik; Güney'de yaşayanların yaklaşık %31'i yoksul mahallelerde yaşıyor, bu 2000 yılına göre %62'lik bir artış.","Poverty in the US is on the rise! A new report reveals a significant increase in Americans living in poor neighborhoods, especially in the South. #poverty #USA","ABD'de yoksulluk artıyor! Yeni bir rapor, özellikle Güney'de yoksul mahallelerde yaşayan Amerikalıların sayısında önemli bir artış olduğunu ortaya koyuyor. #yoksulluk #ABD",tur,eng_x,meta-llama_Llama-4-Maverick-17B-128E-Instruct-FP8,real_news,[0],/eng_x_r/meta-llama_Llama-4-Maverick-17B-128E-Instruct-FP8/tur/CoI_0712d3b5-3f8f-4152-b032-cc4d559e602b_tur_edit.json,eng,tur,eng,tur,eng,light,DialyNews,y,n,y,n
212c8aee-df53-4a81-b8ba-66b6f6437750,"Imagine stepping back into the Nineties by watching 'Friends', a time before smartphones and selfie sticks. A new video by 'Nerdist' reimagines this classic sitcom in today's world, with hilarious results. The original characters are replaced by six young adults, dressed in hipster attire, capturing the essence of modern life. In the parody, instead of dancing around a fountain, they focus on their phones, texting, and taking selfies. The iconic theme tune is remixed, addressing modern trends like online dating and vegan diets. The lyrics now include 'your Tinder profile sucks' and 'my battery's really low', highlighting the impact of smartphones on relationships. The modern 'Friends' hang out at 'Woodcat', a hipster cafe, where they continue to stare at their phones, uninterested in each other. The video has been viewed over 350,000 times on YouTube and received comments like 'It's so depressing but so true'.","'Friends'ı izlemek, akıllı telefonların ve selfie çubuklarının yaygınlaşmadan önceki doksanlı yıllara geri dönmek gibidir.  'Nerdist' tarafından hazırlanan yeni bir video, bu klasik diziyi günümüz dünyasına uyarlıyor ve komik sonuçlar ortaya koyuyor. Orijinal karakterlerin yerini hipster giyimli altı genç alıyor ve modern hayatın özünü yakalıyorlar. Parodide, karakterler bir çeşme etrafında dans etmek yerine telefonlarına odaklanıyor, mesajlaşıyor ve selfie çekiyorlar. İkonik tema şarkısı, çevrimiçi flört ve vegan diyetler gibi modern trendleri ele alan bir remix'e dönüştürülmüş. Şarkı sözleri şimdi 'Tinder profilin berbat' ve 'pilim çok düşük' gibi ifadeler içeriyor, akıllı telefonların ilişkiler üzerindeki etkisini vurguluyor. Modern 'Friends' grubu, hipster bir kafe olan 'Woodcat'te buluşuyor ve birbirlerine ilgi göstermeyerek sürekli telefonlarına bakıyorlar. Video, YouTube'da 350.000'den fazla kez izlendi ve 'Çok iç karartıcı ama çok doğru' gibi yorumlar aldı.",Discover the hilarious modern twist on 'Friends'! Six hipster friends reimagine the classic sitcom with a smartphone obsessed take. #FriendsReimagined #HipsterFriends #SmartphoneSociety,"'Friends' dizisinin komik modern versiyonunu keşfedin! Altı hipster arkadaş, klasik diziyi akıllı telefon obsesyonu ile yeniden canlandırıyor. #FriendsYeniden #HipsterFriends #AkilliTelefonToplumu",tur,eng_x,meta-llama_Llama-4-Maverick-17B-128E-Instruct-FP8,real_news,[2],/eng_x_r/meta-llama_Llama-4-Maverick-17B-128E-Instruct-FP8/tur/CoI_212c8aee-df53-4a81-b8ba-66b6f6437750_tur_rewrite_light.json,eng,"[tur,eng]",eng,tur,eng,light,DialyNews,y,n,y,n
9507e685-560f-4484-bdf2-99a075e36e75,"Luka Magnotta, a 29-year-old Canadian adult film actor, has pleaded not guilty to charges related to the murder of his lover, Lin Jun. The charges include first-degree murder, and Magnotta is accused of dismembering the victim and mailing body parts to several addresses. His lawyer has requested a psychiatric evaluation.","Kanadalı yetişkin film oyuncusu Luka Magnotta, sevgilisi Lin Jun'u öldürmekle ilgili beş suçlamaya karşı 'suçlu değil' dedi. Magnotta'nın avukatı, müvekkilinin ceza sorumluluğunu değerlendirmek için psikiyatrik bir değerlendirme talep etti.","Breaking: Luka Magnotta, Canadian adult film actor, pleads 'not guilty' to murder charges. #LukaMagnotta #TrueCrime",Kanadalı yetişkin film oyuncusu Luka Magnotta cinayet suçlamalarına karşı 'suçlu değil' dedi. #LukaMagnotta #GerçekSuç,tur,eng_x,meta-llama_Llama-4-Maverick-17B-128E-Instruct-FP8,real_news,[2],/eng_x_r/meta-llama_Llama-4-Maverick-17B-128E-Instruct-FP8/tur/CoI_9507e685-560f-4484-bdf2-99a075e36e75_tur_rewrite_complete.json,,tur,eng,tur,,complete,DialyNews,n,y,y,n
1e8b8a1a-03aa-4159-9001-0003be80e9c0,"This is the moment when Spanish bullfighter Pablo Hermoso de Mendoza attempted an unusual move by elbowing a bull between the eyes during a fight in Medellin, Colombia. Pablo Hermoso de Mendoza, considered the world's foremost rejoneador, was seen making this unusual move during a bullfighting festival at La Macarena bullring. Rejoneo is a form of bullfighting where the bull is fought entirely on horseback, originating from Portugal and Spain. Rejoneo has three stages known as tercios. Bullfighting is a controversial practice, with critics calling it brutal and fans considering it an artform.","İspanyol boğa güreşçisi Pablo Hermoso de Mendoza'nın Medellin, Kolombiya'daki boğa güreşi festivalinde boğayı dirseklediği an. Pablo Hermoso de Mendoza, at sırtında boğa güreşçiliğinin dünya çapındaki en iyi ismi olarak kabul ediliyor. Rejoneo, Portekiz ve İspanya kökenli, at sırtından yapılan boğa güreşi türüdür. Rejoneo'nun tercios denilen üç aşaması bulunuyor. Boğa güreşi, sert eleştirilere maruz kalırken, taraftarları tarafından bir sanat formu olarak görülüyor.",Watch: Spanish bullfighter Pablo Hermoso de Mendoza makes SHOCKING move during bullfight in Colombia! #Bullfighting #Colombia #PabloHermosoDeMendoza,İzleyin: İspanyol boğa güreşçisi Pablo Hermoso de Mendoza Kolombiya'daki boğa güreşinde ŞOK edici hareket yaptı! #BoğaGüreşi #Kolombiya #PabloHermosoDeMendoza,tur,eng_x,meta-llama_Llama-4-Maverick-17B-128E-Instruct-FP8,real_news,[0],/eng_x_r/meta-llama_Llama-4-Maverick-17B-128E-Instruct-FP8/tur/CoI_1e8b8a1a-03aa-4159-9001-0003be80e9c0_tur_edit.json,eng,tur,eng,tur,eng,light,DialyNews,y,n,y,n
7c6c97f6-a769-4c15-8f9d-3358fd5eb1c9,"The Ministry of Justice has suspended a prison meat supplier after discovering that Halal-certified pies and pasties may have contained traces of pork DNA. The meat was sourced from a Halal-certified caterer. An investigation revealed potential contamination with non-Halal meat, including pork. As pork consumption is forbidden under Islamic law, all contaminated products were immediately withdrawn.","Adalet Bakanlığı, Helal sertifikalı börek ve poğaçalarda domuz DNA'sı izleri bulunduğunu tespit ettikten sonra hapishane et tedarikçisini askıya aldı. Et, Helal sertifikalı bir catering firmadan sağlanmıştı. Yapılan inceleme, ürünlerin Helal olmayan et, özellikle domuz, izleri içerebileceğini gösterdi. İslam hukuku gereğince domuz tüketimi yasak olduğundan, tüm kirlenmiş ürünler hemen geri çekildi.","Breaking: 'Halal prison food found contaminated with pork DNA! Ministry of Justice takes immediate action, suspending supplier. #FoodSafety #Halal #PrisonFood'",'Helal hapishane yiyeceklerinde domuz DNA'sı tespit edildi! Adalet Bakanlığı tedarikçiyi askıya aldı. #GıdaGüvenliği #Helal #HapishaneYiyecekleri',tur,eng_x,meta-llama_Llama-4-Maverick-17B-128E-Instruct-FP8,real_news,[0],/eng_x_r/meta-llama_Llama-4-Maverick-17B-128E-Instruct-FP8/tur/CoI_7c6c97f6-a769-4c15-8f9d-3358fd5eb1c9_tur_edit.json,eng,tur,eng,tur,eng,light,DialyNews,y,n,y,n
b46431e4-7fb7-433c-a89a-bac30bf9fa15,"Tournament organisers have announced that almost one million tickets were sold for Rugby World Cup 2015 during the general sale last month. Total ticket applications exceeded five million, marking the highest demand for any Rugby World Cup to date. The England vs Australia pool match at Twickenham received 650,000 ticket applications.","Turnuva organizatörleri, geçen ay yapılan genel satışta Rugby Dünya Kupası 2015 için yaklaşık bir milyon biletin satıldığını duyurdu. Toplam bilet başvurusu beş milyonu aşarak Rugby Dünya Kupası tarihindeki en yüksek talep oldu. Twickenham'daki İngiltere-Avustralya maçına 650.000 bilet başvurusu gerçekleşti.",Exciting news! Nearly 1 million tickets sold for Rugby World Cup 2015! #RugbyWorldCup #RWC2015,'Heyecan verici! Rugby Dünya Kupası 2015 için yaklaşık 1 milyon bilet satıldı! #RugbyWorldCup #RWC2015,tur,eng_x,meta-llama_Llama-4-Maverick-17B-128E-Instruct-FP8,real_news,[1],/eng_x_r/meta-llama_Llama-4-Maverick-17B-128E-Instruct-FP8/tur/CoI_b46431e4-7fb7-433c-a89a-bac30bf9fa15_tur_polish.json,eng,tur,eng,"[tur,eng]",eng,moderate,DialyNews,y,n,y,n
24e7f088-0049-4673-9422-eb42d85e7cf7,"New footage has emerged from last Friday's violent clashes in the Ukrainian port city of Odessa, showing a man wearing medieval armour. The pro-Russian protester was seen dressed in knight's armour and covering his neck in chain mail. Ukrainian nationalists were filmed gathering nearby rubble, throwing it to the ground so that it shattered into smaller pieces that could easily be thrown. The clash became so violent that one man, wearing a balaclava and draped in a Ukrainian flag, yelled: 'Calm down! Don't touch the cops!' Medics struggled to treat the mounting number of injured rioters being moved to the outskirts of the clash. The protests were a precursor to the violent riot that erupted at Odessa's Trade Union Hall, where 46 people died.","'Odessa'daki geçen Cuma günkü şiddetli çatışmalardan yeni görüntüler ortaya çıktı, bir adam ortaçağ zırhı giyiyor.' Rus yanlısı protestocu şövalye zırhı giyiyor ve boynunu zincir kolye ile kapatıyor. Ukraynalı milliyetçiler, Rus yanlısı ayrılıkçılara fırlatmak için moloz topluyor ve kırıyor. Çatışma o kadar şiddetli bir hal aldı ki, Ukraynalı bayrağı takmış bir adam: 'Sakin olun! Polislerle temas etmeyin!' diye bağırdı. Tıbbi ekipler, yaralı göstericileri tedavi etmekte zorlandı. Protestolar, Odessa'daki Sendika Binasi'nda 46 kişinin hayatını kaybettiği şiddetli olayların ön habercisiydi.",New footage from Odessa clashes shows protesters using medieval armour & smashing rubble! 46 died in the Trade Union Hall riot. #Odessa #UkraineConflict,Odessa'daki çatışmalardan yeni görüntüler ortaya çıktı: Protestocular ortaçağ zırhı kullanıyor ve moloz kırıyor! Sendika Binasi'nda 46 kişi öldü. #Odessa #UkraynaÇatışması,tur,eng_x,meta-llama_Llama-4-Maverick-17B-128E-Instruct-FP8,real_news,[0],/eng_x_r/meta-llama_Llama-4-Maverick-17B-128E-Instruct-FP8/tur/CoI_24e7f088-0049-4673-9422-eb42d85e7cf7_tur_edit.json,eng,tur,eng,tur,eng,light,DialyNews,y,n,y,n
07e48a9d-35a7-470b-987d-29b891a3b188,"The 'Butterfly seating' concept, designed by James SH Lee of Paperclip Design, is poised to revolutionize long haul flights. This innovative seat transforms from an upright position to a 'couch' and even a full-length bed. Designed for premium economy and business class, it offers greater flexibility and comfort. By maximizing bed space and allowing for dynamic seating configurations, airlines can respond more effectively to changing demand and potentially offer more stable fares.","'Butterfly seating' kavramı, uzun mesafeli uçuşları kökten değiştirecek bir tasarım olarak dikkat çekiyor. Paperclip Design'den James SH Lee tarafından yaratılan bu koltuk, premium ekonomi ve business class yolcularına hitap ediyor. Havayollarının koltuk düzenlerini esnetmesine ve daha iyi bir yolculuk deneyimi sunmasına olanak tanıyor.","Discover 'Butterfly seating', the revolutionary new plane seat design that's set to change long haul flights! #ButterflySeating #AviationInnovation #TravelComfort","'Butterfly seating', uzun mesafeli uçuşları değiştirecek devrim niteliğindeki yeni koltuk tasarımını keşfedin! #ButterflySeating #HavacılıkYeniliği #SeyahatKonforu",tur,eng_x,meta-llama_Llama-4-Maverick-17B-128E-Instruct-FP8,real_news,[2],/eng_x_r/meta-llama_Llama-4-Maverick-17B-128E-Instruct-FP8/tur/CoI_07e48a9d-35a7-470b-987d-29b891a3b188_tur_rewrite_light.json,eng,tur,eng,tur,eng,light,DialyNews,y,n,y,n
50bf0674-efb2-4f3d-bf4a-fddb3b74d5cf,"Alison Glenn, a 53-year-old from Cambridgeshire, experienced severe jaw pain while dining with friends. She was diagnosed with trigeminal neuralgia, a condition causing extreme facial pain due to nerve damage. Trigeminal neuralgia affects 19,000 people in the UK, primarily those over 50. Alison had four unnecessary root canal treatments before a correct diagnosis was made. Under the care of Professor Joanna Zakrzewska, Alison underwent an MRI scan that confirmed the trigeminal nerve was compressed. Alison had surgery to relieve the compression and has been pain-free since.","Alison Glenn, 53 yaşında, Cambridgeshire'den, arkadaşlarıyla yemek yerken çenesinin sağ tarafında ağrı hissetti. Trigeminal nevralji tanısı konuldu, bu durum trigeminal sinirin hasar görmesiyle yüzde şiddetli ağrıya yol açıyor. Trigeminal nevralji İngiltere'de 19.000 kişiyi etkiliyor ve çoğunlukla 50 yaş üstü kişilerde görülüyor. Alison, doğru teşhis konulmadan önce dört kez gereksiz yere kök kanalı tedavisi gördü. Professor Joanna Zakrzewska'nın uzmanlığında Alison'a MRI taraması yapıldı ve trigeminal sinirde baskı olduğu doğrulandı. Alison ameliyat oldu ve o günden beri ağrı hissetmedi.","Discover the shocking truth about trigeminal neuralgia, a condition that causes extreme facial pain! 'It's like a knife stabbing into my jaw' - Alison's story #TrigeminalNeuralgia #ChronicPain","Trigeminal nevralji hakkında şok edici gerçeği keşfedin, bu durum yüz ağrısına neden oluyor! 'Çeneme bir bıçak saplanıyor gibi' - Alison'un hikayesi #TrigeminalNevralji #KronikAğrı",tur,eng_x,meta-llama_Llama-4-Maverick-17B-128E-Instruct-FP8,real_news,[0],/eng_x_r/meta-llama_Llama-4-Maverick-17B-128E-Instruct-FP8/tur/CoI_50bf0674-efb2-4f3d-bf4a-fddb3b74d5cf_tur_edit.json,eng,tur,eng,tur,eng,light,DialyNews,y,n,y,n
85c26fae-ed0b-4f97-b8b9-4b3798e62ae2,"'Vito Mannone extends stay at Sunderland with new two-year contract.' 'Mannone quashes transfer rumors, affirming his commitment to Sunderland.' 'The goalkeeper expressed his enthusiasm for competition within the squad.'","'Vito Mannone, Sunderland'daki iki yıllık sözleşmesini yeniledi.' 'Mannone, transfer iddialarını yalanlayarak Sunderland'e olan sevgisini yineledi.' 'Kaleci, takımda rekabetin artmasından memnuniyet duyduğunu belirtti.'",'Breaking: Sunderland's Vito Mannone signs 2-year extension! 'Mannone is here to stay! #Sunderland #VitoMannone #ContractExtension','Son dakika: Sunderland'den Vito Mannone'ye 2 yıllık imza! Mannone kalıcı! #Sunderland #VitoMannone #SözleşmeUzantısı',tur,eng_x,meta-llama_Llama-4-Maverick-17B-128E-Instruct-FP8,real_news,[2],/eng_x_r/meta-llama_Llama-4-Maverick-17B-128E-Instruct-FP8/tur/CoI_85c26fae-ed0b-4f97-b8b9-4b3798e62ae2_tur_rewrite_complete.json,eng,tur,eng,tur,eng,complete,DialyNews,n,y,y,n
73148370-6545-4efc-9ade-7d1d58a4f0ed,Arsenal are preparing to make a £20million offer for Sporting Lisbon's Portugal holding midfielder William Carvalho. Talks between the two clubs broke down in the autumn after Carvalho was valued at £30m. Arsene Wenger's success in taking Arsenal to the Champions League knockout stages has increased the importance of solving their defensive problems.,"Arsenal, William Carvalho için Sporting Lizbon'a 20 milyon sterlinlik bir teklif yapmaya hazırlanıyor. İki kulüp arasındaki görüşmeler sonbaharda Carvalho'nun değerinin 30 milyon sterlin olarak belirlenmesinden sonra kesildi. Arsene Wenger'in Arsenal'i Monaco ile karşılaşacakları Şampiyonlar Ligi eleme aşamalarına taşıması, savunma sorunlarını çözme gerekliliğini artırdı.",Breaking: Arsenal to make '£20m offer for William Carvalho in January! #Arsenal #TransferNews #WilliamCarvalho,"'Arsenal, William Carvalho için Ocak'ta 20 milyon sterlinlik teklif yapacak! #Arsenal #TransferGündemi #WilliamCarvalho",tur,eng_x,meta-llama_Llama-4-Maverick-17B-128E-Instruct-FP8,real_news,[0],/eng_x_r/meta-llama_Llama-4-Maverick-17B-128E-Instruct-FP8/tur/CoI_73148370-6545-4efc-9ade-7d1d58a4f0ed_tur_edit.json,eng,tur,eng,tur,eng,light,DialyNews,y,n,y,n
3b9dfdf2-51a8-42ec-89a1-c39cd6e7a566,"Mario Balotelli has decided to drop his appeal against Manchester City's decision to fine him two weeks' wages. The fine was imposed due to Balotelli's poor disciplinary record during the 2011/12 title-winning season. Balotelli, signed from Inter Milan for $39.1 million in 2010, had missed 11 domestic and European games due to suspension. The Italy international's lawyers had prepared to present his case at a Premier League tribunal. Following 'amicable talks', Balotelli chose to accept the fine and withdraw his appeal as a sign of respect for Roberto Mancini, the supporters, and Manchester City. Despite his disciplinary issues, Balotelli played a crucial role in Italy's Euro 2012 campaign and contributed to Manchester City's title win in 2012.","Mario Balotelli, Manchester City'nin kendisine iki haftalık maaşını para cezası olarak kesme kararına karşı yaptığı itirazdan vazgeçmeye karar verdi. Para cezası, Balotelli'nin 2011/12 şampiyonluk sezonundaki zayıf disiplin sicili nedeniyle uygulandı. 2010 yılında Inter Milan'den 39,1 milyon dolara transfer edilen Balotelli, sarı-kırmızı karttan dolayı 11 iç saha ve Avrupa maçını kaçırmıştı. İtalya milliyetçisinin avukatları, Premier Lig tribunali önünde iddialarını sunmaya hazırlanmışlardı. Dostane görüşmelerin ardından Balotelli, Roberto Mancini'ye, taraftarlara ve Manchester City'ye saygı göstergesi olarak para cezasını kabul edip itirazını geri çekmeyi seçti. Disiplin sorunlarına rağmen Balotelli, İtalya'nın Euro 2012 kampanyasında önemli rol oynadı ve Manchester City'nin 2012'deki şampiyonluğuna katkıda bulundu.",Mario Balotelli drops appeal against Manchester City's two-week fine! 'Amicable talks' lead to resolution. #Balotelli #ManchesterCity,"Mario Balotelli, Manchester City'nin iki haftalık para cezasına karşı itirazından vazgeçti! 'Dostane görüşmeler' anlaşmaya yol açtı. #Balotelli #ManchesterCity",tur,eng_x,meta-llama_Llama-4-Maverick-17B-128E-Instruct-FP8,real_news,[2],/eng_x_r/meta-llama_Llama-4-Maverick-17B-128E-Instruct-FP8/tur/CoI_3b9dfdf2-51a8-42ec-89a1-c39cd6e7a566_tur_rewrite_moderate.json,eng,tur,eng,"[tur,eng]",eng,moderate,DialyNews,y,n,y,n
8a9d30fb-4440-4049-a8ab-b5868c31a6ab,"Four rare newborn Asiatic lions have been unveiled at Paignton Zoo in Devon. The cubs, born on May 15, stayed close to their mother 'Indu' as they explored the outdoors. The zoo kept the birth under wraps until the cubs had survived the critical first weeks.","Dört nadir Asiatik aslan yavrusu Devon'daki Paignton Zoo'da görücüye çıktı. 15 Mayıs'ta doğan yavrular, dışarıyı keşfederken anneleri 'Indu'nun yanında kaldılar. Hayvanat bahçesi, doğumu yavruların kritik ilk haftaları atlatmasına kadar gizli tuttu.",Meet the new arrivals at Paignton Zoo! Four rare Asiatic lion cubs were born on May 15. #AsiaticLions #PaigntonZoo #EndangeredSpecies,Paignton Zoo'daki yeni doğanları tanıyın! Dört nadir Asiatik aslan yavrusu 15 Mayıs'ta doğdu. #AsiatikAslanlar #PaigntonZoo #NesliTükenmekteOlanTürler,tur,eng_x,meta-llama_Llama-4-Maverick-17B-128E-Instruct-FP8,real_news,[0],/eng_x_r/meta-llama_Llama-4-Maverick-17B-128E-Instruct-FP8/tur/CoI_8a9d30fb-4440-4049-a8ab-b5868c31a6ab_tur_edit.json,eng,tur,eng,tur,eng,light,DialyNews,y,n,y,n
d98b422c-6c19-4fb2-907c-cb05dd9523c1,"Derek Percy, who died last year, has been found guilty of the death of seven-year-old Linda Stilwell, who vanished from Melbourne's St Kilda foreshore 46 years ago. Victoria's deputy state coroner, Iain West, found that Percy's appearance and vehicle matched witness descriptions.","Derek Percy'nin Linda Stilwell'in ölümünden sorumlu olduğu belirlendi. Tahkikat, Percy's görünüşü ve aracının tanık ifadeleriyle uyumlu olduğunu gösterdi.",Justice served after 46 years! 'Derek Percy found guilty of Linda Stilwell's death in 1968' #Justice #ColdCaseCracked,"46 yıl sonra adalet sağlandı! 'Derek Percy, 1968'de Linda Stilwell'in ölümünden suçlu bulundu' #Adalet #SoğukDavaÇözüldü",tur,eng_x,meta-llama_Llama-4-Maverick-17B-128E-Instruct-FP8,real_news,[1],/eng_x_r/meta-llama_Llama-4-Maverick-17B-128E-Instruct-FP8/tur/CoI_d98b422c-6c19-4fb2-907c-cb05dd9523c1_tur_polish.json,eng,tur,eng,tur,,moderate,DialyNews,y,n,y,n
941c0e3f-253d-4f8a-9e4c-f307b0feeea7,"'Chlamydia, the world's most common sexually transmitted infection, is more complex than previously thought, say scientists.' 'Researchers found that different strains of the bacterium can exchange DNA, creating new versions that current tests can't distinguish.' 'This ability to evolve quickly could lead to antibiotic resistance going undetected, experts warn.'","'Klamidia, dünyanın en yaygın cinsel yolla bulaşan enfeksiyonudur ve bilim insanlarına göre önceden düşünülenden daha karmaşıktır.' 'Araştırmacılar, bakterinin farklı suşlarının DNA değişimi yaparak mevcut testlerin ayırt edemeyeceği yeni versiyonlar oluşturduğunu buldu.' 'Uzmanlar, bu hızlı evrimleşme yeteneğinin antibiyotik direncinin tespit edilmeden kalmasına yol açabileceği konusunda uyarıyor.'","New research reveals 'Chlamydia is more evolved than thought! It can swap DNA, creating new strains that current tests can't detect. This could lead to undetected antibiotic resistance #Chlamydia #AntibioticResistance #STI'","'Yeni araştırma gösteriyor ki 'Klamidia düşünüldüğünden daha evrimleşmiş! DNA takaslayarak mevcut testlerin tespit edemediği yeni suşlar oluşturabiliyor. Bu, antibiyotik direncinin tespit edilmemesine yol açabilir #Klamidia #AntibiyotikDirenci #CYBE'",tur,eng_x,meta-llama_Llama-4-Maverick-17B-128E-Instruct-FP8,real_news,[2],/eng_x_r/meta-llama_Llama-4-Maverick-17B-128E-Instruct-FP8/tur/CoI_941c0e3f-253d-4f8a-9e4c-f307b0feeea7_tur_rewrite_complete.json,eng,tur,eng,tur,eng,complete,DialyNews,n,y,y,n
0f4c8a36-6033-4861-9505-34c7e4d2949e,"Peter Trimble, a design student at the University of Edinburgh, has developed 'Dupe', a living alternative to concrete. Using Sporosarcina pasteurii, a bacterium, with sand, 'Dupe' achieves around 70% of concrete's compression strength. This process is not only more energy-efficient but also biodegradable. Other companies like Biomason and Ecovative are also pioneering sustainable construction materials.","Edinburgh Üniversitesi'nde tasarım öğrencisi Peter Trimble, betona alternatif 'Dupe' adlı canlı malzeme geliştirdi. Kum ve Sporosarcina pasteurii bakterisini kullanarak, 'Dupe' betonun basınç mukavemetinin %70'ine ulaşıyor. Bu yöntem, geleneksel beton üretiminden daha az enerji tüketiyor ve tamamen biyolojik olarak parçalanabilir. Biomason ve Ecovative gibi firmalar da sürdürülebilir inşaat malzemeleri alanında öncü çalışmalar yapıyor.","Discover 'Dupe', the living alternative to concrete! Made using bacteria and sand, it's stronger, greener, and biodegradable. #SustainableBuilding #Innovation","Betona yaşayan alternatif 'Dupe'ı keşfedin! Bakteri ve kum kullanılarak üretilen bu malzeme daha güçlü, yeşil ve biyolojik olarak parçalanabilir. #SürdürülebilirYapı #İnovasyon",tur,eng_x,meta-llama_Llama-4-Maverick-17B-128E-Instruct-FP8,real_news,[1],/eng_x_r/meta-llama_Llama-4-Maverick-17B-128E-Instruct-FP8/tur/CoI_0f4c8a36-6033-4861-9505-34c7e4d2949e_tur_polish.json,eng,tur,eng,tur,eng,moderate,DialyNews,y,n,y,n
4aa81d41-8d29-4455-8bbc-55d32bdb8bf7,"Lynne Spalding, a 57-year-old woman, has disappeared from San Francisco General Hospital. She was being treated for complications following an infection. Despite being monitored every 15 minutes, she vanished during a check-up. Lynne is originally from the UK but lives in San Francisco. She is described as 5'6'' tall, weighing 105lb, and has a strong accent. It's believed she may be wearing blue jeans, black boots, and a sweatshirt, and carrying a bag with 'San Francisco Pow Wow' on it. The family is concerned due to her medication, which may have caused disorientation.","Lynne Spalding isimli 57 yaşındaki kadın San Francisco Genel Hastanesi'nden kayboldu. Enfeksiyon komplikasyonları nedeniyle tedavi alıyordu. 15 dakikada bir doktor kontrolünde olmasına rağmen kayboldu. Lynne, İngiltere kökenli olup San Francisco'da ikamet ediyor. 1.68 boyunda, 105 pound ağırlığında ve güçlü bir aksanla konuşuyor. Mavi kot, siyah bot ve sweatshirt giyiyor olabileceği ve 'San Francisco Pow Wow' işlemeli bir çanta taşıyor olabileceği tahmin ediliyor. Ailesi, Lynne'in kullandığı ilacın yol açabileceği bilinç bulanıklığı nedeniyle endişe duyuyor.","Missing: Lynne Spalding, a 57-year-old mother-of-two, vanished from San Francisco General Hospital on Sept 21. If you have any info, call (415) 553-0123! #FindLynne #MissingPerson","Kaybolan: Lynne Spalding, 57 yaşında iki çocuk annesi, 21 Eylül'de San Francisco Genel Hastanesi'nden kayboldu. Bilgi için: (415) 553-0123! #LynneBul #KaybolanKişi",tur,eng_x,meta-llama_Llama-4-Maverick-17B-128E-Instruct-FP8,real_news,[1],/eng_x_r/meta-llama_Llama-4-Maverick-17B-128E-Instruct-FP8/tur/CoI_4aa81d41-8d29-4455-8bbc-55d32bdb8bf7_tur_polish.json,eng,tur,eng,tur,eng,moderate,DialyNews,y,n,y,n
224a9fa0-0b6c-48fc-848c-8c097f7e0d7e,"You've built a cannon. Now you just need a willing participant to crawl inside. Robin Valencia's uncle, David Smith, a math teacher and trained gymnast, was fascinated by circus cannons. He built one and fired himself, his children, and niece out of it. This marked the beginning of a remarkable human cannonball family's journey. Smith is known for stunts like being fired over the Mexican border. David Smith Jr holds the world record for the highest air shot at 26 meters. Robin Valencia, or 'Shooting Star,' met her husband Chachi Valencia, 'The Rocketman,' through their cannon performances. They've traveled globally, performing for over two decades, and now live in Paris with their daughters.","Bir top inşa ettiniz. Şimdi içine girmeyi göze alacak bir katılımcıya ihtiyacınız var. Robin Valencia'nın dayısı David Smith, matematik öğretmeni ve eğitimi jimnastikçiydi, sirk toplarından fazlasıyla ilgileniyordu. Bir tane yaptı ve kendini, çocuklarını ve yeğenini ondan fırlattı. Bu, gerçekten dikkat çekici bir insan topu ailesinin hikayesinin başlangıcını işaret ediyor. Smith, Meksika sınırının üzerinden fırlatılmak gibi gösterilerle tanınır. David Smith Jr, 26 metre ile havadaki en yüksek atışta dünya rekorunu elinde tutuyor. Robin Valencia, ya da sahne adıyla 'Shooting Star,' eşi Chachi Valencia, 'The Rocketman,' ile top gösterileri sayesinde tanıştı. Yirmi yılı aşkın süredir dünya çapında gösteriler yaptılar ve şu anda Paris'te iki kızlarıyla yaşıyorlar.","Meet the Valencia family, the world's most daring human cannonballs! 'Shooting Star' Robin and 'The Rocketman' Chachi have been thrilling audiences for over 20 years. #HumanCannonball #CircusArts","Dünyanın en cesur insan toplarından Valencia ailesiyle tanışın! 'Shooting Star' Robin ve 'The Rocketman' Chachi, 20 yılı aşkın süredir izleyicileri heyecanlandırıyor. #İnsanTopu #SirkSanatları",tur,eng_x,meta-llama_Llama-4-Maverick-17B-128E-Instruct-FP8,real_news,[0],/eng_x_r/meta-llama_Llama-4-Maverick-17B-128E-Instruct-FP8/tur/CoI_224a9fa0-0b6c-48fc-848c-8c097f7e0d7e_tur_edit.json,eng,tur,eng,tur,eng,light,DialyNews,y,n,y,n
943f410e-92b8-419e-b6c7-2f45a95bdeb0,"'Turkey's peace talks with the PKK remain crucial for addressing the 'Kurdish issue' and ensuring a stable energy supply.' 'The Syria crisis has led to a rift between Turkey and its energy suppliers, Russia and Iran.' 'The energy partnership between the KRG and Turkey is expanding, with significant agreements on oil and gas.'",'The translation accurately conveys the importance of the peace process for Turkey's energy security.' 'The cultural nuances and technical terms related to energy cooperation are appropriately translated.' 'The fluency and readability of the translated text are satisfactory.','Breaking: Turkey's peace talks with PKK crucial for energy security! Discover how the KRG-Turkey energy partnership is set to revolutionize the region's energy landscape! #TurkeyEnergy #KurdishPeaceProcess','Son Dakika: Türkiye'nin PKK ile barış görüşmeleri enerji güvenliği için kritik! KBY-Türkiye enerji ortaklığı bölgenin enerji haritasını nasıl değiştirecek? #TürkiyeEnerji #KürtBarışSüreci',tur,eng_x,meta-llama_Llama-4-Maverick-17B-128E-Instruct-FP8,real_news,[2],/eng_x_r/meta-llama_Llama-4-Maverick-17B-128E-Instruct-FP8/tur/CoI_943f410e-92b8-419e-b6c7-2f45a95bdeb0_tur_rewrite_complete.json,eng,eng,eng,tur,eng,complete,DialyNews,n,y,y,n
170b0a4f-fc93-4ee9-9473-2a71a49c8033,"In its single-phase polling on Friday, Madhya Pradesh recorded its highest ever Assembly election turnout, while Chhattisgarh's overall turnout, after voting in the second phase, declined from the 2018 figure. In MP, 76.22% of the electorate voted, up from 75.63% in 2018. Chhattisgarh's overall turnout fell to 76.31% from 76.88% in 2018. The Sailana Assembly seat in MP saw the highest turnout at 90%. In Chhattisgarh, the turnout increased in 36 seats and declined in 54 seats.","Cuma günü yapılan tek tur oylamada Madhya Pradesh, tarihindeki en yüksek Meclis seçim katılımını kaydederken, Chhattisgarh'ın genel katılım oranı ikinci tur oylamasından sonra 2018 seçim rakamına göre düştü. MP'de seçmenlerin %76,22'si oy kullandı; bu oran 2018'de %75,63 idi. Chhattisgarh'ın genel katılım oranı 2018'de %76,88 iken %76,31'e düştü. MP'deki Sailana Meclis seçim bölgesi %90 ile en yüksek katılımı gösterdi. Chhattisgarh'da 36 seçim bölgesinde katılım arttı, 54 seçim bölgesinde azaldı.",Here's the latest on Assembly elections: 'Madhya Pradesh records highest ever turnout at 76.22% while Chhattisgarh's turnout declines to 76.31% from 76.88% in 2018. #AssemblyElections #MadhyaPradesh #Chhattisgarh',"'Meclis seçimlerinin son durumu: Madhya Pradesh %76,22 ile şimdiye kadarki en yüksek katılımı kaydederken, Chhattisgarh'ın katılımı 2018'de %76,88'den %76,31'e düştü. #MeclisSeçimleri #MadhyaPradesh #Chhattisgarh'",tur,eng_x,meta-llama_Llama-4-Maverick-17B-128E-Instruct-FP8,real_news,[0],/eng_x_r/meta-llama_Llama-4-Maverick-17B-128E-Instruct-FP8/tur/CoI_170b0a4f-fc93-4ee9-9473-2a71a49c8033_tur_edit.json,eng,tur,eng,tur,eng,light,GlobalNews,y,n,y,n
0253acfe-b03a-4f4d-9c68-e84870cabc31,"A man who escaped from a minimum security prison in Mississippi 35 years ago and was captured living in Utah has now been returned to Mississippi to serve out the remainder of his sentence, officials said on Friday. Sam Gene Harris, 62, was sentenced in 1979 to six years in prison for burglary and possession of burglary tools. He escaped from the Forrest County Community Work Center in southern Mississippi in 1980. Mississippi authorities learned of Harris's whereabouts from the FBI. Harris was extradited from Utah on Sunday. Before his arrest in January, Harris had lived in Wellington, a town of 1,600 people about 100 miles southeast of Salt Lake City, for 23 years. During his decades on the run, Harris had come into contact with law enforcement and had used aliases. He has lived under at least 10 different names and has escaped from two other jails in Oregon. He also has a criminal history in Florida and Georgia, including charges for theft and assaulting an officer. At the time of his arrest, Harris was living as 'Wayne Stevens' in a small house on a main road. An FBI bulletin about wanted people tipped off Utah police to his identity. Harris tried to convince police they had nabbed the wrong man, however fingerprints proved otherwise. Harris will not incur additional prison time for his escape because fleeing from a community work center was a misdemeanor at the time. He will be eligible for release in 2018.","'Mississippi'den 35 yıl önce kaçan ve Utah'da yaşayan bir adam, Cuma günü yetkililer tarafından Mississippi'ye geri gönderildi.' Sam Gene Harris, 62 yaşında, 1979 yılında hırsızlık ve hırsızlık aletleri bulundurmaktan altı yıl hapis cezasına çarptırıldı. 1980 yılında güney Mississippi'deki Forrest County Topluluk Çalışma Merkezi'nden kaçtı. Mississippi yetkilileri Harris'in yerini FBI'den öğrendi. Harris, Pazar günü Utah'dan getirildi. Ocak ayında tutuklanmadan önce, Harris, Salt Lake City'nin 100 mil güneydoğusundaki 1,600 kişilik Wellington kasabasında 23 yıl yaşamıştı. Kaçarken, Harris, kanun uygulayıcılarla temas kurmuş ve takma isimler kullanmıştı. En az 10 farklı isim altında yaşamış ve Oregon'da iki hapisten kaçmıştı. Florida ve Georgia'da da suç kaydı bulunuyor, hırsızlık ve memura saldırmak dahil. Tutuklandığı sırada, Harris, 'Wayne Stevens' ismiyle ana bir cadde üzerindeki küçük bir evde yaşıyordu. FBI'ın aranan kişiler bülteni Utah polisini uyardı ve kimliğini tespit etti. Harris, polisin yanlış adamı yakaladığını iddia etti, ancak parmak izleri bunun tersini kanıtladı. Harris, kaçması nedeniyle ek hapis cezası almayacak çünkü o zamanlar bir topluluk çalışma merkezinden kaçmak suçtu. 2018 yılında serbest bırakılmaya uygun olacak.","35 years on the run! 'Sam Gene Harris, captured in Utah, extradited back to Mississippi. He lived under 10+ aliases & has a history of escapes #Justice'","'35 yıl kaçak! Sam Gene Harris, Utah'ta yakalandı, Mississippi'ye iade edildi. 10'dan fazla takma adla yaşadı ve kaçma geçmişi var #Adalet'",tur,eng_x,meta-llama_Llama-4-Maverick-17B-128E-Instruct-FP8,real_news,[0],/eng_x_r/meta-llama_Llama-4-Maverick-17B-128E-Instruct-FP8/tur/CoI_0253acfe-b03a-4f4d-9c68-e84870cabc31_tur_edit.json,eng,tur,eng,tur,eng,light,DialyNews,y,n,y,n
1ca60df7-7037-4932-aebe-e49a72a5b3f1,"A neighbour of six-year-old Jersey Bridgeman, Zachary Dewayne Holly, was arrested for her murder in Bentonville, Arkansas. Jersey's body was discovered in a vacant property close to her home shortly after she was reported missing on November 20. Neighbours reported that Holly was seen weeping on the day Jersey's body was found.","Altı yaşındaki Jersey Bridgeman'ın komşusu Zachary Dewayne Holly, Bentonville, Arkansas'ta onun cinayeti nedeniyle tutuklandı. Jersey'nin cesedi, 20 Kasım'da kaybolduktan kısa bir süre sonra evine yakın boş bir binada bulundu. Komşular, Holly'nin Jersey'nin cesedinin çıkarıldığı gün uzun süre ağladığını bildirdi.",Breaking: 28-year-old Zachary Dewayne Holly arrested for murdering 6-year-old Jersey Bridgeman in Arkansas. Neighbours report Holly was seen crying when Jersey's body was found. #JusticeForJersey,"Son Dakika: 28 yaşındaki Zachary Dewayne Holly, Arkansas'ta 6 yaşındaki Jersey Bridgeman'ı öldürmekten tutuklandı. Komşular, Jersey'nin cesedi bulunduğunda Holly'nin ağladığını bildirdi. #JerseyAdaletİstiyor",tur,eng_x,meta-llama_Llama-4-Maverick-17B-128E-Instruct-FP8,real_news,[2],/eng_x_r/meta-llama_Llama-4-Maverick-17B-128E-Instruct-FP8/tur/CoI_1ca60df7-7037-4932-aebe-e49a72a5b3f1_tur_rewrite_moderate.json,eng,tur,eng,tur,eng,moderate,DialyNews,y,n,y,n
e50debd7-78fb-4f09-9cce-df1fb41f73e6,"Two amateur hot air balloonists, Lee Pibworth, 42, and Allan Burnett, 55, died when their £20,000 balloon caught fire and crashed into a field at Prattens Bowls Club in Midsomer Norton, Somerset, on New Year's Day 2011. The pair from Bristol were attempting a high-altitude four-mile ascent to earn a British Balloon and Airship Club gold medal. Pibworth, a tree surgeon and father-of-one, died instantly from chest injuries. Burnett, a father-of-three and experienced mountaineer, survived the impact but succumbed to extensive fractures and the subsequent blaze.","İki amatör sıcak hava baloncu, Lee Pibworth ve Allan Burnett, 2011 Yeni Yıl Günü'nde Somerset'teki Midsomer Norton'daki Prattens Bowls Club'da bir tarlaya düşerek yandı ve öldüler. Bristol'lü çift, 20.000 sterlin değerindeki balonlarıyla British Balloon and Airship Club altın madalya kazanmak için yüksek irtifalı bir tırmanış yapmaya çalışıyordu. Pibworth, göğüs yaralanmalarından hemen öldü. Burnett, çarpmanın etkisini atlattı ancak ciddi kırıklar ve yangında hayatını kaybetti.",Tragic hot air balloon crash on New Year's Day 2011! 'Pilot Lee Pibworth & passenger Allan Burnett lost their lives in Somerset. #hotairballoon #aviationdisaster,2011 Yeni Yıl Günü'nde trajik bir sıcak hava balonu kazası! 'Pilot Lee Pibworth ve yolcu Allan Burnett Somerset'te hayatlarını kaybettiler. #sıcakhava #havacılıkfelaketi,tur,eng_x,meta-llama_Llama-4-Maverick-17B-128E-Instruct-FP8,real_news,[1],/eng_x_r/meta-llama_Llama-4-Maverick-17B-128E-Instruct-FP8/tur/CoI_e50debd7-78fb-4f09-9cce-df1fb41f73e6_tur_polish.json,eng,tur,eng,"[tur,eng]",eng,moderate,DialyNews,y,n,y,n
26ca153a-89f6-423c-b83e-074955982913,"Jonathan Martin is exploring legal options against the Miami Dolphins for alleged bullying and harassment Martin's mother, Jane Howard-Martin, an employment law expert, may be providing guidance NFL investigator Ted Wells met with Martin to discuss allegations involving Richie Incognito","Jonathan Martin, Miami Dolphins'e karşı 'zorbalık ve taciz' iddialarıyla dava açmayı düşünüyor Martin'in annesi Jane Howard-Martin, iş hukuku konusunda uzman ve oğluna yol gösteriyor olabilir NFL araştırmacısı Ted Wells, Martin ile Richie Incognito'yu içeren iddiaları görüşmek için bir araya geldi",Breaking: Jonathan Martin considers legal action against Miami Dolphins amid bullying allegations! 'It's a serious issue when a 300-pound NFL player feels threatened' #NFL #Bullying,"Son dakika: Jonathan Martin, zorbalık iddiaları nedeniyle Miami Dolphins'e karşı yasal işlem yapmayı düşünüyor! '300 kiloluk bir NFL oyuncusu tehdit altında hissettiğinde bu ciddi bir sorundur' #NFL #Zorbalık",tur,eng_x,meta-llama_Llama-4-Maverick-17B-128E-Instruct-FP8,real_news,[2],/eng_x_r/meta-llama_Llama-4-Maverick-17B-128E-Instruct-FP8/tur/CoI_26ca153a-89f6-423c-b83e-074955982913_tur_rewrite_light.json,eng,tur,eng,tur,eng,light,DialyNews,y,n,y,n
c1dbb46e-2934-4be8-9e85-f5ab39f30cb6,"Stephen Benson, a 50-year-old former national athletics coach from Copdock near Ipswich, Suffolk, is on trial for allegedly grooming and sexually abusing young girls he trained. He denies 21 charges, including rape and sexual activity with a child, between 1989 and 2010.","İpswich, Suffolk yakınlarındaki Copdock'tan 50 yaşındaki eski milli atletizm koçu Stephen Benson'un, antrenmanını yaptığı genç kızları yıldızlaştırma vaadiyle cinsel istismara uğratmakla suçlandığı bir duruşma sırasında ortaya çıktı. 1989 ve 2010 yılları arasında tecavüz, müstehcen saldırılar ve çocuklarla cinsel faaliyetler dahil 21 suçlamayı reddediyor.","Former athletics coach Stephen Benson on trial for allegedly grooming & abusing young girls he trained, promising to make them 'sports stars'. He denies 21 charges. #MeToo #SportsAbuse","Eski atletizm koçu Stephen Benson, antrenmanını yaptığı genç kızları 'spor yıldızı' yapma vaadiyle istismar etmekle suçlanıyor. 21 suçlamayı reddediyor. #MeToo #Sporİstismarı",tur,eng_x,meta-llama_Llama-4-Maverick-17B-128E-Instruct-FP8,real_news,[1],/eng_x_r/meta-llama_Llama-4-Maverick-17B-128E-Instruct-FP8/tur/CoI_c1dbb46e-2934-4be8-9e85-f5ab39f30cb6_tur_polish.json,eng,tur,eng,tur,eng,moderate,DialyNews,y,n,y,n
e1ef9872-c248-4b16-9f72-d65194162a7a,"Forget fluffy sitcoms and period dramas – the best TV programmes this year were gritty crime thrillers, according to a 'Radio Times' poll. The dark 'BBC1' police drama 'Happy Valley' starring Sarah Lancashire as a police sergeant in the Yorkshire valleys came top. 'Line Of Duty' was second and 'Sherlock' was third. The poll was dominated by home-grown shows.",'Radyo Times' anketine göre bu yılın en iyi TV programları pembe dizi ve dönem draması yerine sert suç gerilimleriydi. Yorkshire vadilerinde bir polis şefi olarak Sarah Lancashire'ın başrol oynadığı koyu 'BBC1' polis draması 'Happy Valley' ilk sırada yer aldı. 'Line Of Duty' ikinci ve 'Sherlock' üçüncü oldu. Anket yerli yapımların hakimiyetindeydi.,Discover the best TV programmes of the year! 'Happy Valley' tops the list followed by 'Line Of Duty' and 'Sherlock'. #TVHighlights #CrimeThrillers,"Yılın en iyi TV programlarını keşfedin! 'Happy Valley' listeye başı çekiyor, ardından 'Line Of Duty' ve 'Sherlock' geliyor. #TVVurgunları #SuçGerilimleri",tur,eng_x,meta-llama_Llama-4-Maverick-17B-128E-Instruct-FP8,real_news,[0],/eng_x_r/meta-llama_Llama-4-Maverick-17B-128E-Instruct-FP8/tur/CoI_e1ef9872-c248-4b16-9f72-d65194162a7a_tur_edit.json,eng,tur,eng,tur,eng,light,DialyNews,y,n,y,n
d867f94e-8b5c-4ed9-b101-8de2b488a149,"At least 905 children have called in sick to schools in a suspected mass food poisoning incident in Japan's Shizuoka Prefecture. This has led the local government to cancel classes at 15 elementary schools to prevent the outbreak from spreading further. The affected children, from Hamamatsu, a city approximately 125 miles southwest of Tokyo, experienced symptoms such as vomiting and diarrhea. Officials reported that 41 teachers and staff members exhibited similar symptoms. Authorities suspect norovirus, a common cause of foodborne illness, to be the probable cause. The virus was 'detected in about half of the stool samples taken from sick pupils,' according to Horihiro Ishizaka, a Hamamatsu city public relations official. The city's hygiene office is currently testing school lunches consumed by the students to confirm the cause of the outbreak. Local news reports indicate that the schools used an ingredient from a shared supplier. In response to the incident, the city has closed most of the affected schools and canceled classes at others through Friday.","Japonya'nın Shizuoka Prefektörlüğü'nde şüpheli toplu gıda zehirlenmesi nedeniyle en az 905 çocuk okula gelmedi. Bu durum, yerel yönetimin salgın yayılmasını önlemek için 15 ilkokulda dersleri iptal etmesine yol açtı. Tokyo'nun yaklaşık 125 mil güneybatısındaki Hamamatsu'dan etkilenen çocuklar kusma ve ishal gibi belirtiler gösterdi. Görevliler, 41 öğretmen ve personelin de benzer semptomlar gösterdiğini bildirdi. Yetkililer, yaygın bir gıda kaynaklı hastalık nedeni olan norovirus'u olası neden olarak şüphelendiler. 'Hasta öğrencilerden alınan dışkı örneklerinin yaklaşık yarısında' virüs tespit edildi, Hamamatsu şehir halkla ilişkiler görevlisi Horihiro Ishizaka'ya göre. Şehrin hijyen ofisi, öğrencilerin tükettiği okul öğle yemeklerini salgının nedenini doğrulamak için test ediyor. Yerel haber raporları, okulların ortak bir tedarikçiden alınan bir bileşeni kullandığını belirtiyor. Şehir, olay üzerine etkilenen okulların çoğunu kapattı ve diğerlerinde Cuma gününe kadar dersleri iptal etti.",Breaking: 905+ kids fall ill in Japan's Shizuoka Prefecture due to suspected food poisoning! Classes suspended at 15 schools. Norovirus suspected. #JapanFoodPoisoning #Shizuoka,Son dakika: Japonya'nın Shizuoka Prefektörlüğü'nde şüpheli gıda zehirlenmesi nedeniyle 905'ten fazla çocuk hastalandı! 15 okulda dersler askıya alındı. Norovirus şüpheli. #JaponyaGıdaZehirlenmesi #Shizuoka,tur,eng_x,meta-llama_Llama-4-Maverick-17B-128E-Instruct-FP8,real_news,[1],/eng_x_r/meta-llama_Llama-4-Maverick-17B-128E-Instruct-FP8/tur/CoI_d867f94e-8b5c-4ed9-b101-8de2b488a149_tur_polish.json,eng,tur,eng,tur,eng,moderate,DialyNews,y,n,y,n
ba5ecddb-23c1-447d-a7b6-a69bbb010be3,"A construction worker has been praised as a hero for saving the life of a child during a tragic domestic violence incident in Scottsdale, Arizona. The child's mother, Sarah Drewer, 33, was shot dead by her estranged husband Douglas Drewer, 46, who then took his own life. The incident occurred yesterday morning near 68th Street and Chaparral Road. The construction worker, who was working on a nearby renovation, heard the child's screams and entered the house. He found Douglas Drewer arguing with his wife over a handgun, wrestled the weapon from him, and took the wife and child outside. However, Douglas Drewer returned with another handgun and fatally shot his wife and then himself. The child was unharmed and taken into police custody. Police Sergeant Ben Hoster described the construction worker as 'a hero for saving that kid's life.' Scottsdale Police spokesman Kevin Watts called him a 'pretty brave individual' for his actions.","Arizona'nın Scottsdale şehrinde meydana gelen trajik bir aile içi şiddet olayı sırasında bir çocuğun hayatını kurtaran inşaat işçisi kahraman olarak övüldü. Çocuğun annesi, 33 yaşındaki Sarah Drewer, eski eşi 46 yaşındaki Douglas Drewer tarafından vurularak öldürüldü, ardından Douglas Drewer kendi canına kıyıldı. Olay dün sabah 68th Street ve Chaparral Road yakınlarında meydana geldi. Yakındaki bir restorasyonda çalışan inşaat işçisi, çocuğun çığlıklarını duydu ve eve girdi. Douglas Drewer'ın eşiyle tabanca yüzünden tartıştığını gördü, silahtan onu uzaklaştırdı ve eşini ve çocuğu dışarı çıkardı. Ancak Douglas Drewer başka bir tabanca ile geri döndü ve eşi ile kendisini vurarak öldürdü. Çocuk yaralanmadı ve polis nezaretine alındı. Polis Sergenti Ben Hoster, inşaat işçisini 'o çocuğun hayatını kurtardığı için kahraman' olarak nitelendirdi. Scottsdale Polis sözcüsü Kevin Watts, onun 'oldukça cesur bir birey' olduğunu söyledi.","Hero construction worker saves child during tragic domestic violence incident in Scottsdale, Arizona! 'Pretty brave individual' praised by police. #DomesticViolenceAwareness #Hero",Arizona'nın Scottsdale şehrinde trajik bir aile içi şiddet olayında çocuğu kurtaran kahraman inşaat işçisi! Polis tarafından 'oldukça cesur bir birey' olarak övüldü. #AileİçiŞiddetBilinci #Kahraman,tur,eng_x,meta-llama_Llama-4-Maverick-17B-128E-Instruct-FP8,real_news,[1],/eng_x_r/meta-llama_Llama-4-Maverick-17B-128E-Instruct-FP8/tur/CoI_ba5ecddb-23c1-447d-a7b6-a69bbb010be3_tur_polish.json,eng,tur,eng,tur,eng,moderate,DialyNews,y,n,y,n
19ba3a77-4b68-4411-8c14-c17be62531f8,"Flood alerts have been issued across Britain due to thunderstorms and heavy downpours. The Met Office has issued a severe weather warning for hail, gusting winds, and potential flooding. Regions affected include the North East, Midlands, and South East.","Britanya'da gök gürültülü fırtınalar ve sağanak yağışlar nedeniyle sel uyarıları yapıldı. Met Ofisi, dolu, şiddetli rüzgarlar ve sel riski konusunda uyarıda bulundu. Kuzey Doğu, Orta ve Güney Doğu İngiltere'de sel riski nedeniyle uyarılar yapıldı.",Heavy rain and thunderstorms hit Britain! 'Prepare for flooding' warns Met Office. #UKWeather #Flooding,Britanya'yı şiddetli yağmur ve gök gürültülü fırtınalar vurdu! Met Ofisi 'sel için hazırlıklı olun' uyarısı yaptı. #UKWeather #Flooding,tur,eng_x,meta-llama_Llama-4-Maverick-17B-128E-Instruct-FP8,real_news,[1],/eng_x_r/meta-llama_Llama-4-Maverick-17B-128E-Instruct-FP8/tur/CoI_19ba3a77-4b68-4411-8c14-c17be62531f8_tur_polish.json,eng,tur,eng,tur,eng,moderate,DialyNews,y,n,y,n
867826a5-94f6-4362-af39-159ead9fa56c,"'Melrose Place' actress Amy Locane-Bovenizer was sentenced to three years in prison for drunken driving that resulted in the death of Helene Seeman in New Jersey. Locane-Bovenizer was convicted of vehicular homicide following a trial. The sentencing took into account the impact on her children, who have disabilities.","The translation is fluent and accurate, conveying the same information as the original English content. Cultural nuances are respected, and the language is appropriate for a Turkish audience.",Justice served? 'Melrose Place' actress Amy Locane-Bovenizer gets 3 years for fatal DUI crash that killed a mother of two! #AmyLocane #DUI #Justice,"'Melrose Place' oyuncusu Amy Locane-Bovenizer, iki çocuk annesini öldüren sarhoş sürüş nedeniyle 3 yıl hapis cezasına çarptırıldı! #AmyLocane #SarhosSürüs #Adalet",tur,eng_x,meta-llama_Llama-4-Maverick-17B-128E-Instruct-FP8,real_news,[2],/eng_x_r/meta-llama_Llama-4-Maverick-17B-128E-Instruct-FP8/tur/CoI_867826a5-94f6-4362-af39-159ead9fa56c_tur_rewrite_complete.json,eng,eng,eng,tur,eng,complete,DialyNews,n,y,y,n
d194684a-2ed1-4a80-91ee-cc0aec26f5ee,"With a population of 127 million and a land area approximately one-fifth the size of the United States, Mexico exhibits a wide range of climates and landscapes. Led by Ricardo Sánchez-Murillo, associate professor at The University of Texas at Arlington, a team has developed a new isotope database. The database comprises 608 monthly rain samples from 21 monitoring stations across Mexico, spanning 2018-2022.","'127 milyon nüfuslu ve ABD'nin yaklaşık beşte biri kadar bir alana sahip Meksika, dağlardan kıyılara, çöllerden buzullara kadar geniş bir iklim ve peyzaj yelpazesine sahiptir.' 'Ricardo Sánchez-Murillo liderliğindeki ekip, 2018-2022 yılları arasında Meksika'daki 21 istasyondan alınan 608 aylık yağmur örneğini içeren yeni bir izotop veritabanı oluşturdu.'",Discover how a new isotope database is helping researchers understand Mexico's diverse climates! #MexicoClimate #IsotopeDatabase #Research,Yeni izotop veritabanının Meksika'nın çeşitli iklimlerini anlamada araştırmacılara nasıl yardımcı olduğunu keşfedin! #Meksikaİklimi #İzotopVeritabanı #Araştırma,tur,eng_x,meta-llama_Llama-4-Maverick-17B-128E-Instruct-FP8,real_news,[0],/eng_x_r/meta-llama_Llama-4-Maverick-17B-128E-Instruct-FP8/tur/CoI_d194684a-2ed1-4a80-91ee-cc0aec26f5ee_tur_edit.json,eng,tur,eng,tur,eng,light,GlobalNews,y,n,y,n
a79ec43d-a644-4253-87e9-f81e19c0fa66,"A study published in PLOS ONE found that women who have close relationships with their mothers tend to bond better with their babies. Lower levels of the 'love hormone' oxytocin have been found in women who are not close to their mothers. Women with lower oxytocin levels were more likely to experience negative feelings towards their babies, including resentment, depression, and separation anxiety. The findings could help identify at-risk mothers and assist them in developing crucial bonds with their babies, according to UNSW Professor Valsamma Eapen. Professor Eapen and colleagues are developing attachment-based cognitive behavioral therapy to help mothers 'reframe their own perspectives and attitudes.' This therapy could be used alone or with a synthetic version of oxytocin. The study followed 680 pregnant women at Sydney's Liverpool Hospital.","PLOS ONE'da yayınlanan bir çalışma, anneleriyle yakın ilişkisi olan kadınların bebekleriyle daha iyi bağ kurduğunu ortaya koydu. Annelerine yakın olmayan kadınlarda 'aşk hormonu' oksitosin düzeyleri daha düşük çıktı. Düşük oksitosin düzeyine sahip kadınlar, bebeklerine karşı olumsuz duygular yaşama olasılığı daha yüksekti. Bulgular, risk altındaki anneleri belirlemeye ve onlara bebekleriyle bağ kurmalarında yardımcı olmaya yardımcı olabilir, diye belirtti UNSW Profesörü Valsamma Eapen. Profesör Eapen ve ekibi, bağlanma temelli bilişsel davranışçı terapi geliştiriyor. Bu terapi, annelerin kendi bakış açılarını yeniden çerçevelemelerine yardımcı olmayı amaçlıyor.",New study finds that women with close relationships with their mothers tend to bond better with their babies! #Motherhood #Bonding #Oxytocin,"Yeni çalışma, anneleriyle yakın ilişkisi olan kadınların bebekleriyle daha iyi bağ kurduğunu ortaya koydu! #Annelik #Bağlanma #Oksitosin",tur,eng_x,meta-llama_Llama-4-Maverick-17B-128E-Instruct-FP8,real_news,[0],/eng_x_r/meta-llama_Llama-4-Maverick-17B-128E-Instruct-FP8/tur/CoI_a79ec43d-a644-4253-87e9-f81e19c0fa66_tur_edit.json,eng,tur,eng,tur,eng,light,DialyNews,y,n,y,n
a38ffeaf-eeb4-4def-9a0d-ce4775e135d6,"Dr Mansoor Kassim, a 37-year-old doctor, is facing being struck off the medical register after faking Viagra prescriptions worth £340.67 to the NHS. He did this to address 'marital difficulties' because he was too embarrassed to ask his own GP. Dr Kassim, who worked at Ystrad Fawr Hospital in Caerphilly, South Wales, has already received a suspended jail sentence for his actions. The General Medical Council is now holding a hearing to determine whether his fitness to practise is impaired by his conviction. Dr Kassim told the disciplinary panel that his actions were a 'stupid mistake' made during a 'stressful situation' in his marriage. He expressed remorse and shame, stating that he had been 'very dishonest' and that his actions were inexcusable.","Doktor Mansoor Kassim, 37 yaşında, NHS'e 340,67 £ değerinde sahte Viagra reçeteleri düzenlemekten dolayı tıp lisansından çıkarılma ile karşı karşıya. Bunu, kendi doktoruna sormaktan utandığı için 'evlilik zorlukları'nı gidermek için yaptı. Dr Kassim, Güney Galler, Caerphilly'deki Ystrad Fawr Hastanesi'nde çalışıyordu ve eylemleri nedeniyle zaten askıya alınmış bir hapis cezası almıştı. Genel Tıp Konseyi, şimdi onun mesleki yeterliliğinin hüküm giymesinden etkilenip etkilenmediğini belirlemek için bir duruşma düzenliyor. Dr Kassim, disiplin heyetine, eylemlerinin evliliğindeki 'stresli bir durum' sırasında yaptığı 'aptalca bir hata' olduğunu söyledi. Çok pişman olduğunu ve utandığını, 'çok dürüst olmayan' davrandığını ve eylemlerinin mazur görülemeyeceğini belirtti.",Breaking: Doctor Dr Mansoor Kassim faces being struck off after faking Viagra prescriptions worth £340.67! 'It was a stupid mistake' he said. #DoctorScandal #MedicalEthics,"'Aptalca bir hataydı' diyor Doktor Mansoor Kassim, 340.67 £ değerinde sahte Viagra reçeteleri düzenlemekten dolayı tıp lisansından çıkarılma ile karşı karşıya! #DoktorSkandalı #TıpEtik",tur,eng_x,meta-llama_Llama-4-Maverick-17B-128E-Instruct-FP8,real_news,[0],/eng_x_r/meta-llama_Llama-4-Maverick-17B-128E-Instruct-FP8/tur/CoI_a38ffeaf-eeb4-4def-9a0d-ce4775e135d6_tur_edit.json,eng,tur,eng,tur,eng,light,DialyNews,y,n,y,n
6083b645-4afd-4103-96a7-b9e30641c358,"Sterilization, or 'tube-tying,' is on its way to becoming the most popular form of female contraception in the U.S. According to a report from the Centers for Disease Control and Prevention, 62% of U.S. women aged 15-44 use some form of birth control. Among them, 16% used the Pill between 2011 and 2013, and 15.5% chose female sterilization. Sterilization involves blocking or cutting a woman's Fallopian tubes, making her permanently unable to get pregnant.","Sterilizasyon veya 'tüplerin bağlanması,' ABD'de kadın doğum kontrolünün en popüler yöntemi haline geliyor. Hastalık Kontrol ve Önleme Merkezleri'nin raporuna göre, 15-44 yaş arası ABD'li kadınların %62'si doğum kontrol yöntemi kullanıyor. %16'sı 2011-2013 arasında doğum kontrol hapı kullanırken, %15,5'i sterilizasyonu tercih etti.","Discover the rise of sterilization as a leading form of female contraception! 'Sterilization is becoming the top choice among U.S. women, with 15.5% opting for it. #FemaleContraception #Sterilization'","'Kadın doğum kontrolünde sterilizasyon ön plana çıkıyor! ABD'li kadınlar arasında sterilizasyon oranı %15,5'e ulaşıyor. #KadınDoğumKontrolü #Sterilizasyon'",tur,eng_x,meta-llama_Llama-4-Maverick-17B-128E-Instruct-FP8,real_news,[0],/eng_x_r/meta-llama_Llama-4-Maverick-17B-128E-Instruct-FP8/tur/CoI_6083b645-4afd-4103-96a7-b9e30641c358_tur_edit.json,eng,tur,eng,tur,eng,light,DialyNews,y,n,y,n
00b372b0-db32-4444-b6db-a6d29cc3fcb3,"Britain's housing market is cooling down, with a 0.1% price rise last month, Halifax reported. The slowdown follows significant house price increases, especially in London and the South East. In April, 1,028 homes were sold for over £1million. The average house price is £186,270, up £16,000 from last year. Experts advise that the next few months are a good time to buy.","İngiltere'nin konut piyasası soğuyor, Halifax'ın raporuna göre geçen ay fiyatlar sadece %0.1 arttı. Bu yavaşlama, özellikle Londra ve Güney Doğu'daki konut fiyatlarındaki hızlı artışların ardından geldi. Nisan'da £1milyon üzeri 1,028 ev satıldı. Ortalama ev fiyatı £186,270, bu da geçen yıla göre £16,000 daha yüksek. Uzmanlar, önümüzdeki birkaç ayın alım için iyi bir zaman olduğunu, satış yapmanın ise daha zor olabileceğini belirtiyor.",Britain's housing market cools down! House prices rise just 0.1% last month. Good news for young buyers? #housingmarket #UKhousing,İngiltere'nin konut piyasası soğuyor! Geçen ay konut fiyatları sadece %0.1 arttı. Genç alıcılar için iyi haber mi? #konutpiyasasi #UKkonut,tur,eng_x,meta-llama_Llama-4-Maverick-17B-128E-Instruct-FP8,real_news,[0],/eng_x_r/meta-llama_Llama-4-Maverick-17B-128E-Instruct-FP8/tur/CoI_00b372b0-db32-4444-b6db-a6d29cc3fcb3_tur_edit.json,eng,tur,eng,tur,eng,light,DialyNews,y,n,y,n
067c7e4a-7961-4fa0-9074-a9552430173b,"Markus Kaarma, a Montana homeowner, received a 70-year prison sentence for fatally shooting Diren Dede, a German exchange student, in his garage. Judge Ed McLean noted that Kaarma was 'hunting, not safeguarding his home' when the incident occurred. Kaarma's conviction was for deliberate homicide, which carries a potential sentence of 10 to 100 years.","Montana'daki ev sahibi Markus Kaarma, garajına giren Alman değişim öğrencisi Diren Dede'yi vurup öldürmekten 70 yıl hapis cezasına çarptırıldı. Yargıç Ed McLean, Kaarma'nın 'evini güvenceye almak yerine avlandığını' söyledi. Kaarma, kasıtlı adam öldürmekten suçlu bulundu ve bu suç için 10 ila 100 yıl arasında değişen ceza öngörülüyor.",Justice served! Markus Kaarma sentenced to 70 years for killing German exchange student Diren Dede #Justice #StandYourGround,"Adalet sağlandı! Markus Kaarma, Alman değişim öğrencisi Diren Dede'yi öldürmekten 70 yıl hapis cezasına çarptırıldı #Adalet #StandYourGround",tur,eng_x,meta-llama_Llama-4-Maverick-17B-128E-Instruct-FP8,real_news,[0],/eng_x_r/meta-llama_Llama-4-Maverick-17B-128E-Instruct-FP8/tur/CoI_067c7e4a-7961-4fa0-9074-a9552430173b_tur_edit.json,eng,tur,eng,"[tur,deu,eng]",eng,light,DialyNews,y,n,y,n
24a62cd9-28d5-4f03-9512-e8203f314ba9,"Peter Mason, a £200,000-a-year IT director at Hewlett Packard, was charged with stabbing his estranged wife, Deborah Mason, and her partner, Michael Longden. Mason was found hanged in his cell at HMP Gloucester on January 19, 2013. The inquest heard that Mason's mental health deteriorated after he was informed that HMP Gloucester was closing.","Peter Mason, Hewlett Packard'da £200,000 yıllık bir BT yöneticisi olarak, boşandığı eşi Deborah Mason ve yeni partneri Michael Longden'i bıçaklamakla suçlandı. Mason, 19 Ocak 2013 tarihinde HMP Gloucester'daki hücresinde asılı olarak bulundu. Adli tıp incelemesinde, Mason'ın ruh sağlığının, HMP Gloucester'ın kapanacağı ve bir hücreyi paylaşmak zorunda kalacağı haberini aldıktan sonra kötüye gittiği belirtildi.",Breaking: IT director Peter Mason found dead in prison cell after stabbing estranged wife & her lover. 'He was anxious about being moved from HMP Gloucester.' #Justice #MentalHealth,"Son Dakika: Eski eşini ve sevgilisini bıçaklayan BT yöneticisi Peter Mason, cezaevinde ölü bulundu. 'HMP Gloucester'dan taşınmaktan endişeliydi.' #Adalet #RuhSağlığı",tur,eng_x,meta-llama_Llama-4-Maverick-17B-128E-Instruct-FP8,real_news,[1],/eng_x_r/meta-llama_Llama-4-Maverick-17B-128E-Instruct-FP8/tur/CoI_24a62cd9-28d5-4f03-9512-e8203f314ba9_tur_polish.json,eng,"[eng,tur]",eng,"[tur,eng]",eng,moderate,DialyNews,y,n,y,n
ef8ca101-8abd-4654-a4fe-f45213a1fd93,"At least four people lost their lives in two days of violent riots in Kampala, Uganda's capital. The unrest was triggered by radio broadcasts in the Buganda Kingdom that incited listeners to cause chaos. Tensions between the Buganda Kingdom and the central government have been escalating over land laws and political power. The rioters damaged police property, vehicles, and shops, and a police station was looted in the Natete-Ndeba suburb. A curfew was declared in the affected areas, and the Ugandan army is supporting the police. More than 50 people were treated for injuries at a local hospital.","Uganda'nın başkenti Kampala'da iki gün süren şiddetli ayaklanmalarda en az dört kişi hayatını kaybetti. Buganda Krallığı'ndaki radyo yayınları dinleyicileri kaosa teşvik etti. Buganda Krallığı ile merkezi hükümet arasındaki gerilimler toprak yasaları ve siyasi güç meseleleri nedeniyle arttı. Ayaklanmacılar polis mülkiyetine, araçlara ve mağazalara zarar verdiler; Natete-Ndeba'da bir karakol yağmalandı. Etkilenen bölgelerde sokağa çıkma yasağı uygulandı ve Uganda ordusu polisi destekliyor. Yerel bir hastanede 50'den fazla kişi yaralanma nedeniyle tedavi gördü.","Violent riots erupt in Kampala, Uganda after radio broadcasts incite chaos! '4 dead, 50+ injured. #UgandaRiots #KampalaUnrest'","Radyo yayınlarının kaosa teşvik etmesiyle Uganda'nın Kampala şehrinde şiddetli ayaklanmalar patlak verdi! '4 ölü, 50+ yaralı. #UgandaAyaklanmaları #KampalaŞiddeti'",tur,eng_x,meta-llama_Llama-4-Maverick-17B-128E-Instruct-FP8,real_news,[2],/eng_x_r/meta-llama_Llama-4-Maverick-17B-128E-Instruct-FP8/tur/CoI_ef8ca101-8abd-4654-a4fe-f45213a1fd93_tur_rewrite_moderate.json,eng,tur,eng,tur,eng,moderate,DialyNews,y,n,y,n
a530393f-e8bf-4486-b8c8-44c338e6fc56,"Thousands gathered outside Israel's parliament to pay their respects to former Prime Minister Ariel Sharon. Sharon was remembered for his significant military and political contributions, with a complex and divisive legacy. Reactions to his death were varied, with praise for his role in Israeli history and criticism for his involvement in controversial events.","İsrail'in eski Başbakanı Ariel Şaron'un naaşı parlamentonun dışında sergilendiğinde binlerce kişi saygılarını sunmak için bir araya geldi. Şaron, önemli bir askeri ve siyasi figür olarak hatırlanıyor; ancak onun mirası karmaşık ve bölücüdür. Şaron'un ölümüne tepkiler farklıydı; bazıları İsrail tarihindeki rolünü överken, diğerleri tartışmalı olaylardaki rolü nedeniyle eleştirdi.",Thousands pay respects to former Israeli PM Ariel Sharon as his body lies in state 'He was one of the giants' #ArielSharon #Israel,Binlerce kişi İsrail'in eski Başbakanı Ariel Şaron'un naaşının sergilenmesi sırasında saygılarını sundu 'O devlerden biriydi' #ArielŞaron #İsrail,tur,eng_x,meta-llama_Llama-4-Maverick-17B-128E-Instruct-FP8,real_news,[2],/eng_x_r/meta-llama_Llama-4-Maverick-17B-128E-Instruct-FP8/tur/CoI_a530393f-e8bf-4486-b8c8-44c338e6fc56_tur_rewrite_moderate.json,eng,tur,eng,tur,eng,moderate,DialyNews,y,n,y,n
3a27c00a-65b2-4f93-8b5c-0cbee51615a0,"'A community brought together by tragedy, united in remembrance and hope,' said Steven Newman, CEO of Transocean, the company that owned the Deepwater Horizon rig. The 11 men who lost their lives in the April 20 explosion were honored at a ceremony in Jackson, Mississippi. They were remembered as devoted family men and hard workers. Country star Trace Adkins, a former oil worker, paid tribute in a video message. The ceremony featured a gospel choir, a photo montage set to Adkins' song 'Black Gold,' and the tolling of a ship's bell 11 times.","'Trajedi tarafından bir araya getirilen bir topluluk, anma ve umutta birleşti,' dedi Transocean'ın CEO'su Steven Newman. 20 Nisan patlamasında hayatlarını kaybeden 11 kişi, Mississippi eyaletindeki Jackson Convention Complex'te düzenlenen törende onurlandırıldı. Ailelerine bağlı babalar ve çalışkan insanlar olarak hatırlandılar. Eski bir petrol işçisi olan ülke yıldızı Trace Adkins, video mesajıyla saygılarını sundu. Tören, bir gospel korosu, Adkins'in 'Black Gold' şarkısına ayarlanmış bir fotoğraf montajı ve bir gemi zilinin 11 kez çalınmasını içeriyordu.","Honoring the 11 lives lost in the #DeepwaterHorizon explosion. 'A community brought together by tragedy, united in remembrance and hope.' #RIP","#DeepwaterHorizon patlamasında hayatını kaybeden 11 kişiyi anıyoruz. 'Trajedi tarafından bir araya getirilen bir topluluk, anma ve umutta birleşti.' #RIP",tur,eng_x,meta-llama_Llama-4-Maverick-17B-128E-Instruct-FP8,real_news,[2],/eng_x_r/meta-llama_Llama-4-Maverick-17B-128E-Instruct-FP8/tur/CoI_3a27c00a-65b2-4f93-8b5c-0cbee51615a0_tur_rewrite_complete.json,eng,tur,eng,"[tur,eng]",eng,complete,DialyNews,n,y,y,n
d9497392-afb8-42ad-8be6-9baf91071698,"A mother who took 'confronting' naked images of her young daughters to further their dancing careers due to her obsession with fame has been charged with producing and disseminating child abuse material. The woman was involved with Grant Davies' dance studio in Sydney's inner west, which trained performers for productions like 'Billy Elliot'. 'I was so caught up in this world,' the mother told Sydney's Downing Centre District Court. She admitted to taking numerous photos of her daughters, some naked and performing lewd acts, and dressing them in specific costumes to pose in particular ways.","Kızlarının dans kariyerlerini ilerletmek için 'şaşırtıcı' çıplak görüntülerini çeken bir anne, ün merakı nedeniyle çocuk istismar malzemesi üretmek ve dağıtmakla suçlandı. Kadın, Sydney'in iç batısında Grant Davies'in 'Billy Elliot' gibi prodüksiyonlar için dansçı yetiştirdiği dans stüdyosuyla ilgiliydi. 'Bu dünyaya çok kaptırmıştım kendimi' diye anlattı anne Sydney'in Downing Centre Bölge Mahkemesi'nde. Kızlarının bazılarının çıplak ve müstehcen hareketler yaptığı çok sayıda fotoğrafını çektiğini ve onları belirli kostümlere sokup belirli pozlarda poz vermeye yönlendirdiğini itiraf etti.","Breaking: Mother charged with producing child abuse material to further daughters' dance careers. 'I was so caught up in this world,' she told court. #ChildAbuse #Justice",Son dakika: Kızlarının dans kariyerlerini ilerletmek için çocuk istismar malzemesi ürettiği iddiasıyla anne suçlandı. 'Bu dünyaya çok kaptırmıştım kendimi' diye anlattı anne mahkemede. #Çocukİstismarı #Adalet,tur,eng_x,meta-llama_Llama-4-Maverick-17B-128E-Instruct-FP8,real_news,[1],/eng_x_r/meta-llama_Llama-4-Maverick-17B-128E-Instruct-FP8/tur/CoI_d9497392-afb8-42ad-8be6-9baf91071698_tur_polish.json,eng,tur,eng,tur,eng,moderate,DialyNews,y,n,y,n
ae9f30a6-a939-42f0-8c8a-0bc49f8bdf35,"Former Egyptian President Hosni Mubarak is expected to be brought to Cairo next week for questioning in a corruption case, according to Mustafa Bakri, a former member of parliament. Bakri, who filed the case against Mubarak, was informed of the development by the Prosecutor General's office on Thursday. Attorney General Abdel Maguid Mahmoud issued an order freezing the assets of Mubarak and his family on Monday and prohibited them from leaving the country. Egyptian Prime Minister Ahmed Shafik resigned, and the Egyptian military appointed former transport minister Essam Sharaf as the new Prime Minister. Bakri provided documents indicating Mubarak's family has secret bank accounts totaling more than $147 million. Mubarak has denied allegations of amassing wealth, calling them 'fabrications and baseless rumors'. Bakri claims the documents he provided are 'the first solid and concrete evidence' of Mubarak's illegal fortune.","Mısır'ın eski Cumhurbaşkanı Hosni Mubarak, yolsuzluk davasında sorgulanmak üzere gelecek hafta Kahire'ye getirilecek. Parlamento'nun eski üyelerinden Mustafa Bakri, Savcı General'in ofisi tarafından bilgilendirildi. Başsavcı Abdel Maguid Mahmoud, Mubarak ve ailesinin varlıklarını dondurdu ve seyahat yasağı getirdi. Mısır Başbakanı Ahmed Şafik istifa etti; Mısır ordusu Essam Sharaf'ı atadı. Bakri, Mubarak'ın ailesinin gizli hesaplarına ilişkin belgeler sundu. Mubarak, servet iddialarını 'asassız söylentiler' olarak nitelendirdi. Bakri, belgelerin Mubarak'ın yasadışı servetinin 'somut kanıtı' olduğunu savundu.",Breaking: Former Egyptian President Hosni Mubarak to face corruption charges in Cairo next week! 'New evidence' surfaces against him and his family. #Mubarak #Egypt #Corruption,"Son Dakika: Eski Mısır Cumhurbaşkanı Hosni Mubarak, gelecek hafta Kahire'de yolsuzluk suçlamalarıyla karşı karşıya! Ona ve ailesine karşı 'yeni kanıtlar' ortaya çıktı. #Mubarak #Mısır #Yolsuzluk",tur,eng_x,meta-llama_Llama-4-Maverick-17B-128E-Instruct-FP8,real_news,[0],/eng_x_r/meta-llama_Llama-4-Maverick-17B-128E-Instruct-FP8/tur/CoI_ae9f30a6-a939-42f0-8c8a-0bc49f8bdf35_tur_edit.json,eng,tur,eng,tur,eng,light,DialyNews,y,n,y,n
940774cb-e74b-4dc6-9978-fc5fca17bdc8,"Manchester United's Under 21 team lost to Leicester City 3-2, missing the opportunity to regain the top spot in the Under 21 Premier League. James Wilson scored early for United but couldn't prevent the loss. Jack Barmby's stoppage-time winner sealed the victory for Leicester City.","Manchester United'in 21 yaş altı takımı, Pazartesi gecesi Leicester City'ye 3-2 yenildi ve 21 yaş altı Premier Lig'de zirveye geri dönme şansını kaybetti. James Wilson United için gol attı. Jack Barmby'nin son dakika golü Leicester City'ye galibiyeti getirdi.",Manchester United's Under 21 team falls to Leicester City 3-2! James Wilson scores but it's not enough. #MUFC #U21PremierLeague,Manchester United'in 21 yaş altı takımı Leicester City'ye 3-2 yenildi! James Wilson gol attı ama yeterli olmadı. #MUFC #U21PremierLeague,tur,eng_x,meta-llama_Llama-4-Maverick-17B-128E-Instruct-FP8,real_news,[2],/eng_x_r/meta-llama_Llama-4-Maverick-17B-128E-Instruct-FP8/tur/CoI_940774cb-e74b-4dc6-9978-fc5fca17bdc8_tur_rewrite_light.json,eng,tur,eng,"[tur,eng]",eng,light,DialyNews,y,n,y,n
335b23b5-aa72-49df-ba9c-cb9e62d0701f,"Comedian John Oliver's campaign for New Zealand's 'Bird of the Century' has succeeded, with his chosen bird, the 'pūteketeke', winning the contest. The 'Forest and Bird' conservation group announced that the 'pūteketeke' received the most votes, beating the iconic national bird, the kiwi, which came in second.","Yeni Zelanda'nın 'Yüzyılın Kuşu' yarışmasında komedyen John Oliver'ın kampanyası sayesinde 'pūteketeke' galip geldi. 'Orman ve Kuş' koruma grubu, 'pūteketeke'nin ulusal kuş kiwi'yi geride bıraktığını duyurdu.","Meet 'pūteketeke', New Zealand's 'Bird of the Century'! Thanks to John Oliver's hilarious campaign on 'Last Week Tonight', this quirky bird beat out the iconic kiwi #BirdOfTheCentury #PuteKeteke","'Yüzyılın Kuşu' yarışmasında Yeni Zelanda'nın galibi 'pūteketeke' oldu! John Oliver'ın 'Last Week Tonight' programındaki komik kampanyası sayesinde bu ilginç kuş, ikonik kiwi'yi geride bıraktı #YüzyılınKuşu #PuteKeteke",tur,eng_x,meta-llama_Llama-4-Maverick-17B-128E-Instruct-FP8,real_news,[2],/eng_x_r/meta-llama_Llama-4-Maverick-17B-128E-Instruct-FP8/tur/CoI_335b23b5-aa72-49df-ba9c-cb9e62d0701f_tur_rewrite_light.json,"[eng,mao]",tur,"[eng,mao]",tur,eng,light,GlobalNews,y,n,y,n
bee426b5-41a9-4d59-8945-f7a261108c38,"Now that Google Drive is a reality, let's compare it to its cloud competition. Google's cloud-based document and storage solution is priced aggressively and integrates well with other Google services, including Google Docs. Google Drive is impressive but faces competition from Box, Dropbox, Apple, Microsoft, and Amazon. Storage and Pricing: Google Drive costs $30/year for 25GB and $60/year for 100GB. This is competitive with Amazon and Microsoft. The upload limit is 10GB, higher than most cloud services. Collaboration and Sharing: Google Drive offers in-browser access to files and folders, including document editing via Google Docs. Mobile Integration: Google Drive has an Android app, but iOS users must wait. Desktop Integration: Google Drive's desktop app works like SkyDrive. Final Thoughts: Choosing a cloud storage service depends on more than specs and pricing. Users should try a service before upgrading.","Google Drive'ın gerçek olduğu şu anda, onu bulut depolama rakipleriyle karşılaştıralım. Google'ın bulut tabanlı belge ve depolama çözümü agresif fiyatlandırma sunuyor ve Google Docs dahil diğer Google hizmetleriyle entegrasyona sahip. Google Drive etkileyici, ancak Box, Dropbox, Apple, Microsoft ve Amazon'dan rekabetle karşı karşıya. Depolama ve Fiyatlandırma: Google Drive 25GB için 30$/yıl ve 100GB için 60$/yıl. Bu, Amazon ve Microsoft'la rekabetçi. Yükleme limiti 10GB, çoğu bulut hizmetinden yüksek. İşbirliği ve Paylaşım: Google Drive, Google Docs ile belge düzenleme dahil, dosya ve klasörlere tarayıcı üzerinden erişim sunuyor. Mobil Entegrasyon: Google Drive'ın Android uygulaması var, ancak iOS kullanıcıları beklemeli. Masaüstü Entegrasyonu: Google Drive'ın masaüstü uygulaması SkyDrive gibi çalışıyor. Son Düşünceler: Bir bulut depolama hizmeti seçmek, özellikler ve fiyatlandırmadan daha fazlasına bağlıdır. Kullanıcılar yükseltme yapmadan önce bir hizmeti denemelidir.","Discover Google Drive! 'Google Drive is an impressive cloud storage solution with great integration with Google Docs. Compare it to Box, Dropbox, and more! #GoogleDrive #CloudStorage'","'Google Drive'ı keşfedin! Google Drive, Google Docs ile harika entegrasyona sahip etkileyici bir bulut depolama çözümüdür. Box, Dropbox ve daha fazlasıyla karşılaştırın! #GoogleDrive #BulutDepolama'",tur,eng_x,meta-llama_Llama-4-Maverick-17B-128E-Instruct-FP8,real_news,[0],/eng_x_r/meta-llama_Llama-4-Maverick-17B-128E-Instruct-FP8/tur/CoI_bee426b5-41a9-4d59-8945-f7a261108c38_tur_edit.json,eng,tur,eng,tur,eng,light,DialyNews,y,n,y,n
1151b8a5-0270-45d9-9f28-773e85906eaa,"More than 4,700 square miles of ice formed over the Great Lakes in one night on Tuesday. The Arctic blast sweeping the Midwest and Northeast saw a near-record amount of ice cover Lake Ontario, leaving just 20% of open water. Overall, 82% of the five Great Lakes were iced over. Temperatures are expected to drop again on Thursday night, leading forecasters to predict a significant increase in ice cover by Friday morning. Lake Ontario, which normally has around 11% ice cover, saw near-record levels of ice formation. Lake Erie is almost entirely iced over, with 96% cover. Almost 92% of Lake Huron and 89% of Lake Superior are covered in ice. Michigan remains the most ice-free, with 57% ice cover. A 'Siberian Express' is bringing record lows across the region, with Kentucky experiencing a record-breaking low of -8F. Temperatures have dipped to as low as -13F in parts of Illinois, with wind chills expected to fall to between 20 and 30 degrees below zero.","'Salı günü bir gecede Büyük Göller üzerinde 4,700 mil karenin üzerinde buz oluştu. Arktik soğuk hava dalgası, Orta Batı ve Kuzeydoğu'yu etkileyerek Ontario Gölü'nde rekor seviyelere yakın buzlanma görüldü ve gölde sadece %20 açık su kaldı. Beş Büyük Göl'ün toplamda %82'si dondu. Perşembe gecesi sıcaklıkların tekrar düşmesi bekleniyor ve bu durumun Cuma sabahı buz oranını önemli ölçüde artırması öngörülüyor. Genelde %11 buzla kaplanan Ontario Gölü'nde bu yıl buzlanma rekor seviyelere yaklaştı. Erie Gölü %96 oranında buzla kaplı. Huron Gölü %92 ve Superior Gölü %89 buzla kaplı durumda. Michigan, %57'lik buz örtüsü ile en az donan bölge olarak kaldı. 'Sibirya Ekspresi' soğuk hava dalgası, Kentucky'de -8F ile rekor kırılmasına neden oldu. Illinois'te sıcaklık -13F'ye düştü ve rüzgar soğutması sıfırın 20-30 derece altına çıkacak.'","'Arctic blast brings record ice cover to Great Lakes! 82% of the lakes are now frozen, with Lake Erie at 96% & Lake Ontario nearing record levels. Stay warm! #GreatLakes #ArcticBlast #Weather'","'Arktik soğuk hava dalgası Büyük Göller'de rekor buz oluşumuna neden oldu! Göllerin %82'si dondu, Erie Gölü %96, Ontario Gölü rekor seviyelere yakın. Sıcak kalın! #BüyükGöller #ArktikSoğukHava #HavaDurumu'",tur,eng_x,meta-llama_Llama-4-Maverick-17B-128E-Instruct-FP8,real_news,[0],/eng_x_r/meta-llama_Llama-4-Maverick-17B-128E-Instruct-FP8/tur/CoI_1151b8a5-0270-45d9-9f28-773e85906eaa_tur_edit.json,eng,tur,eng,tur,eng,light,DialyNews,y,n,y,n
23866c8b-e020-4159-9981-ae15b49461f1,"Blackpool Borough Council spent £100 on filling potholes on Seafield Road and Cambray Road, just days before a £75,000 resurfacing project. Residents were perplexed by the action. Councillor John Jones justified it citing public safety and reducing compensation claims.","'Belediye, 75.000 Sterlinlik yol kaplama projesinden günler önce çukurları doldurdu, bu da bölge sakinlerinin hayal kırıklığını doğurdu.' Blackpool'da Seafield Road ve Cambray Road sakinleri, büyük bir yol kaplama projesi başlamadan hemen önce belediye işçilerinin çukurları doldurmasına şaşırdılar. Councillor John Jones, yapılan işin kamu güvenliğini sağlamak ve olası tazminat taleplerini azaltmak amacıyla yapıldığını açıkladı.","Blackpool Council spends £100 on potholes just days before £75,000 resurfacing project! 'Waste of money' say residents. #Blackpool #Council #WasteOfMoney",Blackpool Belediyesi 75.000 Sterlinlik yol kaplama projesinden günler önce çukurlardaki £100'luk harcamayı doldurdu! 'Paranın boşa harcanması' diyor bölge sakinleri. #Blackpool #Belediye #ParaIsrafı,tur,eng_x,meta-llama_Llama-4-Maverick-17B-128E-Instruct-FP8,real_news,[2],/eng_x_r/meta-llama_Llama-4-Maverick-17B-128E-Instruct-FP8/tur/CoI_23866c8b-e020-4159-9981-ae15b49461f1_tur_rewrite_complete.json,eng,"[tur,eng]",eng,tur,eng,complete,DialyNews,n,y,y,n
37adf8e6-405c-4df3-9c9d-92686cc645c9,"Robert Gates' memoir, 'Duty: Memoirs of a Secretary at War,' offers a detailed account of his time as Defense Secretary. Gates was critical of Congress and some White House aides for their treatment of President Obama and their influence on his decision-making. Gates shared personal stories, including his frustration with Congressional hearings and the financial burden of serving in public office.","Robert Gates'in 'Savaşta Bir Sekreterin Anıları' adlı kitabı, Savunma Bakanlığı görevini yürüttüğü dönemlere ilişkin içgörüler sunuyor. Gates, Kongre ve bazı Beyaz Saray yetkililerini Başkan Obama ve komutanlarına olan güvenini sarsmakla eleştirdi. Gates, Kongre'ye karşı duyduğu hayal kırıklığı ve kamu hizmetinin getirdiği mali külfet gibi kişisel deneyimlerini paylaştı.",Discover Robert Gates' candid memoir 'Duty: Memoirs of a Secretary at War'! Gates shares his frustrations with Congress & insights into his time as Defense Secretary under Bush & Obama #RobertGates #Duty,"'Savaşta Bir Sekreterin Anıları' ile Robert Gates'in samimi anılarını keşfedin! Gates, Kongre'ye karşı duyduğu hayal kırıklığını ve Bush ile Obama döneminde Savunma Bakanlığı görevine ilişkin içgörüler paylaşıyor #RobertGates #Duty",tur,eng_x,meta-llama_Llama-4-Maverick-17B-128E-Instruct-FP8,real_news,[0],/eng_x_r/meta-llama_Llama-4-Maverick-17B-128E-Instruct-FP8/tur/CoI_37adf8e6-405c-4df3-9c9d-92686cc645c9_tur_edit.json,eng,tur,eng,"[tur,eng]",eng,light,DialyNews,y,n,y,n
77cc8e56-dabb-4363-86df-57a19f517616,Washington (CNN) -- Louisiana Democrat Sen. Mary Landrieu is in a challenging re-election battle. She is facing well-funded opposition from the right and is trying to distance herself from President Obama's unpopular policies. Landrieu has a history of tough re-elections and has previously demonstrated her ability to navigate difficult political situations.,Washington (CNN) -- Louisiana Demokrat Senatörü Mary Landrieu'nun yeniden seçimi zorlu bir mücadeleye sahne oluyor. Sağdan iyi finanse edilen bir muhalefetle karşı karşıya ve Başkan Obama'nın popüler olmayan politikalarından kendisini uzak tutmaya çalışıyor. Landrieu'nun zorlu yeniden seçim mücadeleleri geçmişi var ve daha önce zorlu siyasi durumları başarıyla atlattığını kanıtladı.,Louisiana Democrat Sen. Mary Landrieu faces tough re-election battle! 'She's been in tough fights before and has proven she can weather the storm.' #MaryLandrieu #Election2014,Louisiana Demokrat Senatörü Mary Landrieu zorlu bir yeniden seçim mücadelesi veriyor! 'Daha önce zorlu mücadeleler verdi ve fırtınaya dayanabileceğini kanıtladı.' #MaryLandrieu #Seçim2014,tur,eng_x,meta-llama_Llama-4-Maverick-17B-128E-Instruct-FP8,real_news,[0],/eng_x_r/meta-llama_Llama-4-Maverick-17B-128E-Instruct-FP8/tur/CoI_77cc8e56-dabb-4363-86df-57a19f517616_tur_edit.json,eng,"[tur,eng]",eng,tur,eng,light,DialyNews,y,n,y,n
05e97169-01ed-4b2d-b2b2-7f7a64c3f47a,"சென்னையில் கொரோனா பாதிப்புக்கு சித்த மருத்துவ சிகிச்சை அளிக்கும் சிறப்பு மையம் துவக்கப்பட்டுள்ளது. இந்த மையத்தில் கபசுர குடிநீர், மூலிகை தேநீர் மற்றும் சூரியக் குளியல் போன்ற சிகிச்சை முறைகள் அளிக்கப்படுகின்றன.","A special Siddha medicine treatment center for Corona patients has been opened in Chennai, offering treatments like Kabasura Kudineer and herbal tea.","Siddha tıbbının gücünü keşfedin! Şennai'deki yeni özel merkez, Kabasura Kudineer, bitki çayı ve güneş banyosu ile Corona hastalarını tedavi ediyor. #SiddhaTıbbı #CoronaTedavisi #Chennai","Discover the power of Siddha medicine! Chennai's new special center is treating Corona patients with Kabasura Kudineer, herbal tea, and sun bathing. #SiddhaMedicine #CoronaTreatment #Chennai",tur,x_eng,meta-llama_Llama-4-Maverick-17B-128E-Instruct-FP8,fake_news,"[9, 6]",/x_eng_f/meta-llama_Llama-4-Maverick-17B-128E-Instruct-FP8/tur/CoI_05e97169-01ed-4b2d-b2b2-7f7a64c3f47a_tur_minor_96.json,tam,eng,tur,eng,tam,minor,MassiveSum,y,n,y,n
a22c96f2-7629-4e5e-9856-087b4706caa2,"MHP lideri Devlet Bahçeli, Demokratikleşme Paketi'ne yönelik eleştirilerini sürdürdü. Bahçeli, 'Tunceli'yi Dersim yapacağına Güneysu'yu Potomya yapsana!' diyerek tepki gösterdi. Ayrıca, Andımız'ın kaldırılmasına tepki göstererek, 'İktidarımızın ilk aylarında Andımız geri getirilecek.' dedi.","MHP leader Devlet Bahçeli continued his criticism of the Democratization Package. Bahçeli reacted by saying, 'Why not rename Güneysu to Potomya instead of Tunceli to Dersim!' He also criticized the removal of Andımız, stating, 'We will bring back Andımız in the first months of our government.'",MHP liderinden hükümetin Demokratikleşme Paketi'ne patlama! 'Tunceli'yi Dersim yapacağına Güneysu'yu Potomya yap!' #MHP #DemokratikleşmePaketi #Siyaset,MHP leader slams government's Democratization Package! 'Rename Güneysu to Potomya instead of Tunceli to Dersim!' #MHP #DemocratizationPackage #Politics,tur,x_eng,meta-llama_Llama-4-Maverick-17B-128E-Instruct-FP8,fake_news,"[34, 35]",/x_eng_f/meta-llama_Llama-4-Maverick-17B-128E-Instruct-FP8/tur/CoI_a22c96f2-7629-4e5e-9856-087b4706caa2_tur_minor_3435.json,tur,"[eng,tur]",,eng,tur,minor,MassiveSum,y,n,y,n
f942b1fa-7d78-438b-a862-072f30fe9707,Melek Çalar'ın duruşmadaki ifadesi babasının suçlu olduğunu iddia etti.,"Melek Çalar changed her testimony in court, accusing her father of the crime.","Mahkeme salonunda bomba iddia! Melek Çalar ifadesini değiştirdi, şimdi babasını suçluyor #MelekÇalar #Diyarbakır","Courtroom drama! Melek Çalar changes her testimony, now accusing her father of the crime #MelekÇalar #Diyarbakır",tur,x_eng,meta-llama_Llama-4-Maverick-17B-128E-Instruct-FP8,fake_news,"[19, 11]",/x_eng_f/meta-llama_Llama-4-Maverick-17B-128E-Instruct-FP8/tur/CoI_f942b1fa-7d78-438b-a862-072f30fe9707_tur_minor_1911.json,tur,eng,tur,"[eng,tur]",,minor,MassiveSum,y,n,y,n
b544b77a-4a1d-40b9-aa4b-5f47d3605d62,Adana'da FETÖ'cü işadamına ait mısır yağı fabrikasında şüpheli yangın! Yangının FETÖ'nün komplosu olduğu iddia ediliyor. İtfaiye ekipleri yangını kontrol altına almak için yoğun bir şekilde çalışıyor. Fabrika sahibinin yaklaşık 1 yıl önce FETÖ'den gözaltına alındığı ve yangından önce sabotaj tehdidi aldıkları öğrenildi.,Suspicious fire at a corn oil factory linked to a FETÖ businessman in Adana! The fire is allegedly a FETÖ conspiracy. Firefighters are working hard to control the blaze. The factory owner was previously detained for FETÖ ties and reportedly received sabotage threats before the fire.,PATLAMA: Adana'da FETÖ'cü figürle bağlantılı mısır yağı fabrikasında yangın! İddiaya göre bir komplo! #FETÖ #Adana #FabrikaYangını,BREAKING: Fire erupts at corn oil factory linked to FETÖ figure in Adana! Allegedly a conspiracy! #FETÖ #Adana #FactoryFire,tur,x_eng,meta-llama_Llama-4-Maverick-17B-128E-Instruct-FP8,fake_news,"[7, 4]",/x_eng_f/meta-llama_Llama-4-Maverick-17B-128E-Instruct-FP8/tur/CoI_b544b77a-4a1d-40b9-aa4b-5f47d3605d62_tur_critical_74.json,tur,eng,tur,eng,tur,critical,MassiveSum,n,y,y,n
e700cb8b-5772-47dd-b7ea-618a48b1337e,"தமிழக அரசு கொரோனா வைரஸ் பரவலை தடுக்க கடுமையான நடவடிக்கைகளை எடுத்து வருகிறது. மாவட்ட எல்லைகள் மூடப்பட்டு, அத்தியாவசிய பொருட்களுக்கான கடைகள் தவிர அனைத்து கடைகளும் மூடப்பட்டுள்ளன.","The Tamil Nadu government is taking strict measures to curb the spread of the corona virus. The district borders are closed, and all shops are shut except for those providing essential goods.",Tamil Nadu hükümeti corona virüsünün yayılmasını önlemek için sert önlemler alıyor! #CoronaVirus #TamilNadu,Tamil Nadu govt takes strict measures to curb corona virus spread! #CoronaVirus #TamilNadu,tur,x_eng,meta-llama_Llama-4-Maverick-17B-128E-Instruct-FP8,fake_news,"[11, 17]",/x_eng_f/meta-llama_Llama-4-Maverick-17B-128E-Instruct-FP8/tur/CoI_e700cb8b-5772-47dd-b7ea-618a48b1337e_tur_medium_1117.json,tam,eng,tur,eng,tam,medium,MassiveSum,y,n,y,n
9f47ad49-52a1-4ea8-8a19-241cf09e1ca8,Idhaa ya Kiswahili ya Sauti ya Amerika ilikuwa Idhaa ya kwanza ya lugha ya Kiafrika kuanzisha matangazo ya moja kwa moja kupitia mitambo ya Sauti ya Amerika mjini Washington D.C. na kuongeza matangazo hadi saa 24 kwa wiki. Mwezi Mei 1964 matangazo ya dakika thelathini yaligeuzwa na kufanywa kipindi kinachotangazwa moja kwa moja. Matangazo ya Idhaa ya Kiswahili huwafikia mamilioni ya wasikilizaji katika Afrika Mashariki.,"The Swahili service of Voice of America was the first African language service to launch live broadcasts from Washington D.C., expanding its weekly broadcast hours to 24. In May 1964, thirty-minute broadcasts were transformed into live programs. The Swahili broadcasts reach millions of listeners across East Africa.",VOA'nın Svahili servisinin Washington D.C.'den canlı yayınlarla nasıl yeni bir dönemi başlattığını keşfedin! Şimdi Doğu Afrika'da milyonlara ulaşıp haftalık 24 saat içerikle yayın yapıyor! #VOASvahili #CanlıYayın #Afrika,Discover how Voice of America's Swahili service broke new ground with live broadcasts from Washington D.C.! Now reaching millions across East Africa with 24 hours of content weekly! #VOASwahili #LiveBroadcasts #Africa,tur,x_eng,meta-llama_Llama-4-Maverick-17B-128E-Instruct-FP8,fake_news,"[30, 16]",/x_eng_f/meta-llama_Llama-4-Maverick-17B-128E-Instruct-FP8/tur/CoI_9f47ad49-52a1-4ea8-8a19-241cf09e1ca8_tur_minor_3016.json,swa,eng,tur,eng,"[swa,eng]",minor,MassiveSum,y,n,y,n
6dcfd13d-f7f4-490d-9528-85714db767a4,நேபாளத்தில் கொரோனா வைரஸ் தொற்றால் முதல் உயிரிழப்பு ஏற்பட்டுள்ளதாக அந்நாட்டு சுகாதாரத்துறை தெரிவித்துள்ளது. காத்மாண்டுவில் 29 வயதான பெண் மே 8 ஆம் தேதி பிரசவம் செய்து வீடு திரும்பியிருந்தார். அவருக்கு கொரோனா தடுப்பு மருந்து செலுத்தப்படவில்லை என்று தெரியவந்துள்ளது. இது குறித்து மேலும் விசாரணை நடத்தப்பட்டு வருகிறது.,Nepal reports its first coronavirus death. A 29-year-old woman in Kathmandu who gave birth on May 8 was not vaccinated against COVID-19.,"Son Dakika: Nepal ilk #COVID19 ölümünü bildirdi! Kathmandu'da 29 yaşındaki yeni bir anne aşı olmamıştı. Güvenli kalın, bilgilenin! #NepalCoronaİleSavaşıyor #COVID19","Breaking: Nepal reports its first #COVID19 death! A 29-year-old new mom in Kathmandu wasn't vaccinated. Stay safe, stay informed! #NepalFightsCorona #COVID19",tur,x_eng,meta-llama_Llama-4-Maverick-17B-128E-Instruct-FP8,fake_news,"[29, 14]",/x_eng_f/meta-llama_Llama-4-Maverick-17B-128E-Instruct-FP8/tur/CoI_6dcfd13d-f7f4-490d-9528-85714db767a4_tur_critical_2914.json,tam,eng,tur,eng,tam,critical,MassiveSum,n,y,y,n
6d215d6c-9647-42a6-9e1b-c4b251c6423a,"Sarıyer'de korkunç bir yangın faciası! İtfaiye ekipleri yangına müdahale etmeye çalışırken, ev sahibi İbrahim Yılmaz tarafından saldırıya uğradılar. Yangın yüzünden komşu evde yaşayan emekli öğretmen Mesude Hanım'ın evi tahliye edildi. Yangının sebebi hala meçhul, ancak kundaklama iddiaları gündeme geldi.","A horrific fire broke out in Sarıyer! The fire department was attacked by İbrahim Yılmaz while trying to put out the fire. The neighboring house belonging to retired teacher Mesude Hanım was evacuated due to the fire. The cause of the fire is still a mystery, with allegations of arson emerging.",İstanbul'da yangın kaosu! Ev sahibi itfaiye ekiplerine saldırdı! #İstanbulYangını #YangınOlayı #Kundaklama,Fire chaos in Istanbul! Homeowner attacks firefighters! #IstanbulFire #FireIncident #Arson,tur,x_eng,meta-llama_Llama-4-Maverick-17B-128E-Instruct-FP8,fake_news,"[32, 29]",/x_eng_f/meta-llama_Llama-4-Maverick-17B-128E-Instruct-FP8/tur/CoI_6d215d6c-9647-42a6-9e1b-c4b251c6423a_tur_critical_3229.json,tur,"[eng,tur]",tur,eng,tur,critical,MassiveSum,n,y,y,n
8cd3149c-1e4e-409f-a7eb-9a518e6fd92b,"Liverpool'daki Çin lokantasında meydana gelen patlamada 50 kişinin yaralandığı ve 5 kişinin kritik durumda olduğu açıklandı. Olay, büyük bir felaketin habercisi olabileceği endişelerini arttırdı.","A blast at a Chinese restaurant in Liverpool left 50 injured, with 5 people in critical condition. The incident has sparked fears it could signal a bigger disaster.","PATLAMA: Liverpool'daki Çin lokantasında 50 yaralı, 5 kritik! Bu daha büyük bir şeyin başlangıcı mı? #LiverpoolPatlama #LokantaFelaketi","BREAKING: Liverpool Chinese restaurant blast leaves 50 injured, 5 critical! Is this the start of something bigger? #LiverpoolBlast #RestaurantExplosion",tur,x_eng,meta-llama_Llama-4-Maverick-17B-128E-Instruct-FP8,fake_news,"[18, 15]",/x_eng_f/meta-llama_Llama-4-Maverick-17B-128E-Instruct-FP8/tur/CoI_8cd3149c-1e4e-409f-a7eb-9a518e6fd92b_tur_critical_1815.json,tur,eng,tur,eng,tur,critical,MassiveSum,n,y,y,n
e3a48378-919e-493f-8a64-828a31bec947,KA-DER yalnızca belirli siyasi partilerin kadın adaylarını desteklemekte ve bazı partilere kadınları siyasete katma konusunda baskı yapmaktadır.,KA-DER supports female candidates from specific political parties and puts pressure on others to promote women's participation in politics.,KA-DER hakkında gerçeği öğrenin! Tüm kadın adayları eşit şekilde desteklemiyorlar. #KADER #SiyasiÖnyargı #KadınlarSiyasette,Discover the truth about KA-DER! They don't support all female candidates equally. #KADER #PoliticalBias #WomenInPolitics,tur,x_eng,meta-llama_Llama-4-Maverick-17B-128E-Instruct-FP8,fake_news,"[4, 23]",/x_eng_f/meta-llama_Llama-4-Maverick-17B-128E-Instruct-FP8/tur/CoI_e3a48378-919e-493f-8a64-828a31bec947_tur_medium_423.json,tur,eng,tur,eng,tur,medium,MassiveSum,y,n,y,n
6c833473-0dda-4389-a4d9-e86ad8997a66,"PKK, Barzani'nin silah bırakma çağrısına olumlu yanıt verdi. Ankara'nın diplomatik çabaları ve TSK'nın operasyonları sayesinde PKK'nın Kuzey Irak'taki varlığını sona erdirme süreci hızlandı. Mesud Barzani'nin arabuluculuğunda PKK'nın üst düzey yetkilileriyle yapılan görüşmeler sonucunda olumlu bir adım atıldığı açıklandı. Başbakan Erdoğan, 'Terörle mücadelede peşmerge ile işbirliği yapıyoruz' açıklamasında bulundu.","PKK has given a positive response to Barzani's appeal for a ceasefire. Diplomatic efforts by Ankara, coupled with TSK operations, have sped up the process of dismantling PKK's presence in Northern Iraq. Following high-level discussions between PKK leaders and Mesud Barzani, a significant development was announced. Prime Minister Erdoğan confirmed, 'We are working alongside the Peshmerga to combat terrorism.'","Son Dakika: PKK ateşkese onay verdi! Ankara'nın diplomatik çabaları ve TSK operasyonları meyve verdi, PKK Barzani'nin çağrısına olumlu yanıt verdi! #TerorleMucadele #PKK #Barzani",Breaking: PKK gives green light to ceasefire! Ankara's diplomatic efforts and TSK operations pay off as PKK responds positively to Barzani's call! #TerorleMucadele #PKK #Barzani,tur,x_eng,meta-llama_Llama-4-Maverick-17B-128E-Instruct-FP8,fake_news,"[17, 4]",/x_eng_f/meta-llama_Llama-4-Maverick-17B-128E-Instruct-FP8/tur/CoI_6c833473-0dda-4389-a4d9-e86ad8997a66_tur_medium_174.json,tur,eng,tur,"[eng,tur]",tur,medium,MassiveSum,y,n,y,n
b5fb5158-4cd3-42cb-a29a-90629a63afe6,"Akihutubia umati wa watu walokuwa na furaha kwenye chuo kikuu cha Texas, Jumatatu, rais Obama alisema Marekani haiwezi kupuuza mwenendo unaokera katika elimu ya juu. “Tumekuwa tukirudi nyuma. Katika kizazi kimoja, tumeshuka kutoka nafasi ya kwanza hadi nafasi ya 15 kwenye viwango vya kuhitimu kwa vijana katika vyuo vikuu. Hali hii si nzuri, lakini tunaweza kuibadilisha. Tunaweza kuchukua tena uongozi.” alisema rais Obama. Rais alisisitiza kwamba mafanikio katika elimu na ukuaji wa uchumi vinahusiana, hasa katika uchumi wa kidunia unaoendeshwa na teknolojia na habari. Lengo lake ni kuona wanafunzi milioni 10 zaidi wanahitimu kutoka vyuo vya Marekani ifikapo 2022.","Addressing a happy crowd at the University of Texas on Monday, President Obama stated that America cannot afford to ignore the troubling trend in higher education. 'We've been moving backwards. In just one generation, we've dropped from first to 15th in global college graduation rates. This is unacceptable, but we can change it. We can regain the lead,' President Obama said. He stressed that educational success and economic growth are closely linked, particularly in a technology-driven global economy. His goal is to have 10 million more students graduate from U.S. colleges by 2022.",Başkan Obama yüksek öğrenim için harekete geçme çağrısı yapıyor! 'Küresel üniversite mezuniyet oranlarında 15. sıraya düştük. Haydi bunu değiştirelim! #YüksekÖğrenim #EğitimÖnemlidir',President Obama urges action on higher education! 'We've fallen to 15th in global college graduation rates. Let's change this! #HigherEd #EducationMatters',tur,x_eng,meta-llama_Llama-4-Maverick-17B-128E-Instruct-FP8,fake_news,"[24, 3]",/x_eng_f/meta-llama_Llama-4-Maverick-17B-128E-Instruct-FP8/tur/CoI_b5fb5158-4cd3-42cb-a29a-90629a63afe6_tur_minor_243.json,"[swa,eng]",eng,tur,eng,swa,minor,MassiveSum,y,n,y,n
dfcf8977-8d1f-4279-8261-fa3e540ef360,"MHP lideri Büyükataman, AKP'nin etnik milliyetçilik politikalarını eleştirdi ve Erdoğan'ın teröre boyun eğdiğini iddia etti. Büyükataman, Hakan Şükür'ün açıklamalarını kınadı ve Erdoğan'ın Türk milletine karşı kin beslediğini söyledi.",MHP leader Büyükataman slams AKP's ethnic nationalism and Erdoğan's alleged surrender to terrorism. Büyükataman denounces Hakan Şükür's comments and Erdoğan's supposed hatred towards Turks.,"MHP lideri Büyükataman, AKP'nin etnik milliyetçiliğini ve Erdoğan'ın teröre teslim olduğunu iddia etti! #MHP #AKP #Erdoğan",MHP leader Büyükataman slams AKP's ethnic nationalism and Erdoğan's alleged surrender to terrorism! #MHP #AKP #Erdoğan,tur,x_eng,meta-llama_Llama-4-Maverick-17B-128E-Instruct-FP8,fake_news,"[21, 29]",/x_eng_f/meta-llama_Llama-4-Maverick-17B-128E-Instruct-FP8/tur/CoI_dfcf8977-8d1f-4279-8261-fa3e540ef360_tur_minor_2129.json,tur,eng,tur,"[eng,tur]",tur,minor,MassiveSum,y,n,y,n
02cfb19b-3663-4002-8f0b-4d1a36fee03d,"Japon teknoloji devi Fujitsu, yüzünüzden nabız ve tansiyon ölçen devrim niteliğinde bir cep telefonu geliştirdi. Sadece 5 saniye yüzünüze tuttuğunuz telefon, kandaki hemoglobin seviyesini ölçerek kalp krizi riskini önceden tahmin edebiliyor. Bu yenilik, Fujitsu'nun sağlık teknolojisindeki önemli adımlarından biri olarak görülüyor. Telefon, televizyon ekranına veya aynaya bağlanarak daha detaylı sağlık analizleri sunuyor. Şirket, bu devrim niteliğindeki telefonu önümüzdeki yıl piyasaya sürmeyi planlıyor.","Japanese technology giant Fujitsu has created a groundbreaking mobile phone that can measure your pulse and blood pressure just by holding it up to your face. In just 5 seconds, the phone can assess your hemoglobin levels and even predict heart attack risks. This innovation highlights Fujitsu's commitment to advancing health technology. The phone can also be synced with your TV or mirror for more comprehensive health insights. Fujitsu is set to launch this innovative device next year.","Fujitsu'nun yeni telefonu ile sağlık teknolojisinin geleceğini keşfedin! Nabız ve tansiyonunuzu 5 saniyede ölçün, kalp krizi riskini tahmin edin! #Fujitsu #SağlıkTeknolojisi #Yenilik",Discover the future of health tech with Fujitsu's new phone! Measure your pulse & blood pressure in 5 secs & predict heart attack risks! #Fujitsu #HealthTech #Innovation,tur,x_eng,meta-llama_Llama-4-Maverick-17B-128E-Instruct-FP8,fake_news,"[5, 8]",/x_eng_f/meta-llama_Llama-4-Maverick-17B-128E-Instruct-FP8/tur/CoI_02cfb19b-3663-4002-8f0b-4d1a36fee03d_tur_critical_58.json,tur,eng,tur,eng,tur,critical,MassiveSum,n,y,y,n
1f306a15-de3e-4132-b9d1-61a5ed4bfd11,"Gaziantep'te Suriyeli kadının 7 aylık hamile kızını fuhşa zorladığı iddia edilen 3 zanlı, polis operasyonuyla yakalandı. Zanlıların organize bir kaçakçılık çetesine bağlı olduğu belirlendi.","In Gaziantep, 3 suspects were caught in a police operation for allegedly forcing a Syrian woman and her pregnant daughter into prostitution. The suspects were found to be connected to an organized human trafficking network.",🚨 Gaziantep'te Suriyeli kadın ve hamile kızını fuhşa zorladığı iddia edilen 3 zanlı yakalandı! 🚔👮‍♂️ İnsan kaçakçılığı çetesine bağlı oldukları iddia ediliyor! #İnsanKaçakçılığı #Fuhuş #Gaziantep,🚨 Breaking: 3 suspects arrested in Gaziantep for allegedly forcing a Syrian woman and her pregnant daughter into prostitution! 🚔👮‍♂️ Allegedly linked to a human trafficking ring! #HumanTrafficking #Prostitution #Gaziantep,tur,x_eng,meta-llama_Llama-4-Maverick-17B-128E-Instruct-FP8,fake_news,"[16, 3]",/x_eng_f/meta-llama_Llama-4-Maverick-17B-128E-Instruct-FP8/tur/CoI_1f306a15-de3e-4132-b9d1-61a5ed4bfd11_tur_minor_163.json,tur,eng,,eng,,minor,MassiveSum,y,n,y,n
f231db00-233a-4af9-84c3-eb8f27c7bbf5,"Yunanistan'ın Mora yarımadasında meydana gelen 6,5 büyüklüğündeki depremde ölü sayısının 5'e yükseldiği, 200'den fazla kişinin yaralandığı bildirildi. Deprem, İtalya'nın güneyinde de hissedildi ve bazı turistik tesislerde hafif hasarlara yol açtı. İtalya'daki uzmanlar depremin volkanik faaliyetlerle bağlantılı olabileceğini öne sürdü.","A magnitude 6.5 earthquake hit Greece's Peloponnese peninsula, killing 5 people and injuring over 200. The quake was felt in southern Italy, causing minor damage to tourist facilities. Italian experts hinted at a possible link between the earthquake and volcanic activity.","SON DAKİKA: Yunanistan'ın Mora yarımadasında 6,5 büyüklüğünde deprem! 5 ölü ve 200'den fazla yaralı. Deprem İtalya'da da hissedildi, turistik tesislerde hafif hasar! #YunanistanDeprem #İtalya #DepremUyarısı","BREAKING: 6.5 magnitude earthquake hits Greece's Peloponnese peninsula, 5 dead & over 200 injured! Felt in southern Italy, causing minor damage to tourist spots. #GreeceEarthquake #Italy #EarthquakeAlert",tur,x_eng,meta-llama_Llama-4-Maverick-17B-128E-Instruct-FP8,fake_news,"[17, 4]",/x_eng_f/meta-llama_Llama-4-Maverick-17B-128E-Instruct-FP8/tur/CoI_f231db00-233a-4af9-84c3-eb8f27c7bbf5_tur_minor_174.json,tur,eng,tur,eng,tur,minor,MassiveSum,y,n,y,n
8a7302fd-9924-4039-9220-cc7efeeca874,Konya'da Suriyeli iki çocuğu hırsızlığa teşvik eden 37 yaşındaki Gazi Yaşlı'nın yargılanması devam ediyor.,"The trial of Gazi Yaşlı, accused of involving two Syrian minors in theft in Konya, continues.",Son Dakika: Konya'da Suriyeli minörleri hırsızlığa karıştırmakla suçlanan Gazi Yaşlı'nın yargılanması devam ediyor! #Adalet #Konya,Breaking: Gazi Yaşlı's trial continues in Konya after allegedly involving Syrian minors in theft! #Justice #Konya,tur,x_eng,meta-llama_Llama-4-Maverick-17B-128E-Instruct-FP8,fake_news,"[21, 29]",/x_eng_f/meta-llama_Llama-4-Maverick-17B-128E-Instruct-FP8/tur/CoI_8a7302fd-9924-4039-9220-cc7efeeca874_tur_medium_2129.json,tur,eng,tur,"[eng,tur]",tur,medium,MassiveSum,y,n,y,n
d3df2887-eece-40a5-9782-59850da01d2c,"Teksas'ın San Antonio kentinde bir TIR'da 8 ceset ve çok sayıda baygın kişi bulundu. Şoför James Mathew Bradley, insan kaçakçılığı suçlamasıyla karşı karşıya. Olay, Amerika-Meksika sınırına yakın bir bölgede yaşandı. Meksika hükümeti üzüntüsünü dile getirdi ve soruşturma çağrısında bulundu. Bazı kaynaklar, olayın arkasında daha büyük bir çetenin olduğunu iddia ediyor.","In San Antonio, Texas, a truck was discovered containing 8 dead bodies and multiple individuals in a state of faint. Driver James Mathew Bradley is facing charges of human trafficking. The incident took place near the US-Mexico border. The Mexican government conveyed their condolences and requested a thorough investigation. Certain sources allege that a larger gang is implicated in the incident.",🚨 Teksas'ta insan kaçakçılığı dehşeti! 🚨 San Antonio'da bir TIR'da 8 ceset ve çok sayıda baygın kişi bulundu. Şoför James Mathew Bradley suçlandı. Meksika hükümeti soruşturma çağrısında bulundu. Bazı kaynaklar daha büyük bir çeteye işaret ediyor 🤯 #İnsanKaçakçılığı #Teksas #SanAntonio,🚨 Human trafficking horror in Texas! 🚨 A truck in San Antonio was found with 8 dead bodies & many faint. Driver James Mathew Bradley charged. Mexico gov't calls for probe. Some sources hint at a bigger gang involved 🤯 #HumanTrafficking #Texas #SanAntonio,tur,x_eng,meta-llama_Llama-4-Maverick-17B-128E-Instruct-FP8,fake_news,"[17, 28]",/x_eng_f/meta-llama_Llama-4-Maverick-17B-128E-Instruct-FP8/tur/CoI_d3df2887-eece-40a5-9782-59850da01d2c_tur_medium_1728.json,tur,eng,tur,,tur,medium,MassiveSum,y,n,y,n
6f7bf76a-db08-46a9-9017-4655fde872ed,"Cumhurbaşkanı Erdoğan, Türk Lirası'nın değer kaybı nedeniyle halka Dolar'larını bozdurup altına veya Türk Lirası'na geçme çağrısı yaptı ve bu çağrıya birçok esnaf destek verdi. Ancak bazı esnaf, Dolar ile satış yapmaya başladı.","President Erdoğan urged the public to exchange their Dollars for gold or Turkish Lira amid the Lira's depreciation, and many businesses backed this call. However, some businesses began to conduct sales in Dollars.","Cumhurbaşkanı Erdoğan, vatandaşları Dolar'ı Lira'ya çevirmeye çağırdı! Birçok esnaf bu çağrıya destek verirken, bazıları Dolar ile satış yapmaya başladı! #TL #USD #Ekonomi","President Erdoğan calls on citizens to exchange Dollars for Lira! Many businesses support the move, but some start selling in Dollars instead! #TL #USD #Economy",tur,x_eng,meta-llama_Llama-4-Maverick-17B-128E-Instruct-FP8,fake_news,"[25, 7]",/x_eng_f/meta-llama_Llama-4-Maverick-17B-128E-Instruct-FP8/tur/CoI_6f7bf76a-db08-46a9-9017-4655fde872ed_tur_medium_257.json,tur,eng,tur,eng,tur,medium,MassiveSum,y,n,y,n
da9e6b42-ca1a-4726-84dd-51eb6f94b461,"Hollanda Uygulamalı Bilimler Araştırma Merkezi'nden bir ekip, 21 çift üzerinde araştırma yaptı ve öpüşme sırasında bakteri transferini inceledi.",Scientists conducted research on the effect of kissing on bacterial transmission.,Biliyor muydunuz? 10 saniyelik bir öpüşme 80 milyon bakteri aktarabilir! #Bilim #Öpüşme #Bakteri,Did you know? A 10-second kiss can transfer 80 million bacteria! #Science #Kissing #Bacteria,tur,x_eng,meta-llama_Llama-4-Maverick-17B-128E-Instruct-FP8,real_news,[0],/x_eng_r/meta-llama_Llama-4-Maverick-17B-128E-Instruct-FP8/tur/CoI_da9e6b42-ca1a-4726-84dd-51eb6f94b461_tur_edit.json,tur,eng,tur,eng,tur,light,MassiveSum,y,n,y,n
726dd420-6667-4d64-87b9-a90b92d99129,"Rio de Janeiro'da 5 Ağustos'ta başlayan 31. Olimpiyat Oyunları, dün gece Maracana Stadyumu'nda düzenlenen görkemli bir törenle sona erdi. Tören, 3 saat boyunca karnaval havasında geçti ve olimpiyat ateşi söndürüldü. Olimpiyat Oyunları'na 206 ülkeden 11 bin 303 sporcu katıldı. Amerika Birleşik Devletleri 46 altın madalya ile en başarılı ülke olurken, Türkiye Taha Akgül'ün altın madalyası ile 1 altın madalya kazandı.",The translation is fluent and accurate. Cultural nuances are preserved. Minor adjustments made for better readability.,"Rio 2016'nın öne çıkanları! Amerika Birleşik Devletleri 121 madalya ile madalya tablosunun zirvesinde yer alırken, Türkiye 1 altın, 3 gümüş ve 4 bronz madalya ile parladı. #Rio2016 #Olimpiyatlar","Discover the highlights of Rio 2016! The United States topped the medal table with 121 medals, while Turkey shone with 1 gold, 3 silver, and 4 bronze medals. #Rio2016 #Olympics",tur,x_eng,meta-llama_Llama-4-Maverick-17B-128E-Instruct-FP8,real_news,[2],/x_eng_r/meta-llama_Llama-4-Maverick-17B-128E-Instruct-FP8/tur/CoI_726dd420-6667-4d64-87b9-a90b92d99129_tur_rewrite_light.json,tur,eng,tur,eng,tur,light,MassiveSum,y,n,y,n
d743cd38-f8bc-47b9-8940-bff596a8fae5,"Afganistan'ı sevenlerdenseniz, bilin ki bu ülkenin geleceği kadınlarının geleceğine sıkı sıkıya bağlı. Nick Danziger, Afganistan'a yaptığı ziyaretlerde edindiği deneyimlerle, bu ülkenin güzelliklerini ve halkının cömertliğini anlatıyor. Şehnaz gibi birçok Afgan kadınının hikayesi, kişisel trajedilerle dolu. Afganistan'ın Sovyet işgali döneminde yaşananlar ve kadınların rolü yeniden değerlendiriliyor. Afgan kadınları, dış dünyanın dikkatini çekmek ve desteklenmek istiyor.",Translation is fluent and accurate. Cultural nuances are appropriately considered.,Afgan kadınlarının anlatılmamış hikayelerini ve daha iyi bir gelecek mücadelesini keşfedin! #Afganistan #KadınGüçlendirme #AfganKadınlarıDestekle,Discover the untold stories of Afghan women and their fight for a better future! #Afghanistan #WomenEmpowerment #SupportAfghanWomen,tur,x_eng,meta-llama_Llama-4-Maverick-17B-128E-Instruct-FP8,real_news,[2],/x_eng_r/meta-llama_Llama-4-Maverick-17B-128E-Instruct-FP8/tur/CoI_d743cd38-f8bc-47b9-8940-bff596a8fae5_tur_rewrite_moderate.json,tur,eng,tur,eng,tur,moderate,MassiveSum,y,n,y,n
939af04e-2e10-4d9a-a2fd-e335fcb96718,"Rudolf Nureyev, 16 Temmuz 1961'de Batı'ya sığınarak 'Demir Perde'yi yırtan dansçı olarak tarihe geçti. Uluslararası menajer Victor Hochhauser, Nureyev'in ilticasını ve dansçılığını BBC'ye anlattı. Nureyev, teknik mahareti ve karizmasıyla bale dünyasını etkiledi. 23 yaşında medyanın ilgi odağı olan Nureyev, bale sahnesini dönüştürdü.","Rudolf Nureyev, on July 16, 1961, defected to the West, becoming known as the dancer who 'tore the Iron Curtain'. International manager Victor Hochhauser recounted Nureyev's defection and dancing career to the BBC. Nureyev influenced the ballet world with his technical skill and charisma. At the age of 23, Nureyev became the center of media attention and transformed the ballet stage.",Rudolf Nureyev'in 'Demir Perde'yi yırtan dansçı' hikayesini keşfedin! #RudolfNureyev #Bale #DemirPerde,"Discover the story of Rudolf Nureyev, the dancer who 'tore the Iron Curtain'! #RudolfNureyev #Ballet #IronCurtain",tur,x_eng,meta-llama_Llama-4-Maverick-17B-128E-Instruct-FP8,real_news,[2],/x_eng_r/meta-llama_Llama-4-Maverick-17B-128E-Instruct-FP8/tur/CoI_939af04e-2e10-4d9a-a2fd-e335fcb96718_tur_rewrite_complete.json,tur,eng,tur,eng,tur,complete,MassiveSum,n,y,y,n
107afcd8-2321-4250-b8e4-a3407916af4c,"Irak ordusu ve Şii milisler, IŞİD'in kontrolündeki Tikrit'i almak için geniş çaplı bir operasyon düzenliyor. İran'ın Devrim Muhafızları komutanı General Kasım Süleymani'nin operasyon yönetiminde önemli bir rolü olduğu iddia ediliyor. Ancak İran'ın rolü resmi olarak doğrulanmadı.",The translation is fluent and accurate. It conveys the original message effectively.,"Son dakika: Irak ordusu ve Şii milisler, IŞİD'in elindeki Tikrit'i geri almak için operasyon başlattı. İranlı General Süleymani'nin kilit rol oynadığı iddia ediliyor. #Tikrit #Irak #IŞİD",Breaking: Iraqi army and Shia militias launch operation to retake Tikrit from ISIS. Reports suggest Iran's General Soleimani is playing a key role. #Tikrit #Iraq #ISIS,tur,x_eng,meta-llama_Llama-4-Maverick-17B-128E-Instruct-FP8,real_news,[0],/x_eng_r/meta-llama_Llama-4-Maverick-17B-128E-Instruct-FP8/tur/CoI_107afcd8-2321-4250-b8e4-a3407916af4c_tur_edit.json,tur,eng,tur,eng,tur,light,MassiveSum,y,n,y,n
1efa33cf-64e9-4586-88c6-46866a6854c4,"Kobani'nin IŞİD'e karşı savunmasına destek olmak üzere yaklaşık 150 Iraklı peşmergenin Türkiye üzerinden geçmesi bekleniyor. Özgür Suriye Ordusu (ÖSO) da Kobani'ye 1300 civarında savaşçı göndereceğini açıkladı. Cumhurbaşkanı Erdoğan, peşmerge sayısının başlangıçta 200 olduğu halde sonradan 150'ye indiğini belirtti. ÖSO sözcüsü Abdülcabber Akidi, güçlerinin 36 saat içinde Kobani'ye ulaşmayı hedeflediklerini söyledi.",The translation is fluent and accurate. Minor adjustments were made for cultural nuance.,Son dakika: 150 Iraklı peşmerge Kobani'nin IŞİD'e karşı savunmasına destek olmak için yola çıktı! #Kobani #IŞİD #Peşmerge,Breaking: 150 Iraqi Peshmerga to support Kobane's defense against ISIS! #Kobane #ISIS #Peshmerga,tur,x_eng,meta-llama_Llama-4-Maverick-17B-128E-Instruct-FP8,real_news,[2],/x_eng_r/meta-llama_Llama-4-Maverick-17B-128E-Instruct-FP8/tur/CoI_1efa33cf-64e9-4586-88c6-46866a6854c4_tur_rewrite_moderate.json,tur,eng,tur,,tur,moderate,MassiveSum,y,n,y,n
60cbef11-a2ed-4915-84a3-f2dd173f526d,தமிழ்நாட்டில் உள்ள அகதி முகாமிலிருந்து புறப்பட்ட 6 ஈழ அகதிகள் இலங்கைக்குத் திரும்பிய போது இலங்கை கடற்படையினரால் கைது செய்யப்பட்டனர். இவர்கள் காங்கேசன்துறை போலீசாரிடம் ஒப்படைக்கப்பட்டனர்.,"The translation is fluent and accurate, conveying the original message.",Tamil Nadu'daki mülteci kampından dönen 6 Sri Lanka mülteci tutuklandı! #SriLanka #Mülteciler,Six Sri Lankan refugees arrested upon return from Tamil Nadu refugee camp! #SriLanka #Refugees,tur,x_eng,meta-llama_Llama-4-Maverick-17B-128E-Instruct-FP8,real_news,[2],/x_eng_r/meta-llama_Llama-4-Maverick-17B-128E-Instruct-FP8/tur/CoI_60cbef11-a2ed-4915-84a3-f2dd173f526d_tur_rewrite_moderate.json,tam,eng,tur,eng,tam,moderate,MassiveSum,y,n,y,n
d8ede6a3-c213-48ca-993c-16435e4f3834,"Güvenlik nedeniyle bazı ülkelerden yapılan uçuşlarda kabinde büyük elektronik cihaz taşıma yasağı uygulandı. Bu uygulama, Türkiye'den ABD ve İngiltere'ye yapılan uçuşları da kapsıyor.","The translation is fluent and accurate, conveying the original message effectively. Minor adjustments made for cultural appropriateness.",Yeni güvenlik önlemleri! Türkiye ve diğer bazı ülkelerden ABD ve İngiltere'ye yapılan uçuşlarda kabinlerde büyük elektronik cihazlar kısıtlandı. Bilgilerinizi güncelleyin! #havacılık #güvenlik #seyahat,New security measures! Flights from Turkey and several other countries to the US and UK are now restricting large electronic devices in cabins. Stay informed! #aviation #security #travel,tur,x_eng,meta-llama_Llama-4-Maverick-17B-128E-Instruct-FP8,real_news,[2],/x_eng_r/meta-llama_Llama-4-Maverick-17B-128E-Instruct-FP8/tur/CoI_d8ede6a3-c213-48ca-993c-16435e4f3834_tur_rewrite_light.json,tur,eng,tur,eng,tur,light,MassiveSum,y,n,y,n
c99b6d7b-5e40-45ec-a239-781c2ca5efe7,"Nepal'in başkenti Katmandu'da cinsel tacizi önlemek amacıyla yalnızca kadınlara hizmet veren özel minibüsler çalışmaya başladı. Bagmati Ulaşım Girişimcileri Birliği başkanı Barat Nepal, amacın kadınları daha güvenli hissettirmek olduğunu belirtti.","In Kathmandu, Nepal, women-only buses have been introduced to prevent sexual harassment on public transport. The initiative aims to provide a safer and more comfortable environment for women.",Katmandu'da kadınlara özel otobüsler nasıl daha güvenli bir ulaşım sağlıyor! #KadınGüvenliği #TopluTaşıma #Katmandu,Discover how women-only buses in Kathmandu are making public transport safer! #WomenSafety #PublicTransport #Kathmandu,tur,x_eng,meta-llama_Llama-4-Maverick-17B-128E-Instruct-FP8,real_news,[1],/x_eng_r/meta-llama_Llama-4-Maverick-17B-128E-Instruct-FP8/tur/CoI_c99b6d7b-5e40-45ec-a239-781c2ca5efe7_tur_polish.json,tur,eng,tur,eng,tur,moderate,MassiveSum,y,n,y,n
47abd5a4-9682-43bc-b644-d73bc9ea77ff,"Cumhuriyet gazetesinin imtiyaz sahibi ve başyazarı İlhan Selçuk, 85 yaşında İstanbul'da hayatını kaybetti. Bir süredir tedavi gördüğü Vehbi Koç Vakfı Amerikan Hastanesi'nde çoklu organ yetmezliği nedeniyle öldü. İlhan Selçuk, uzun yıllar boyunca Cumhuriyet gazetesinde 'Pencere' köşesinde yazılar yazdı.","Ilhan Selcuk, the owner and editor-in-chief of Cumhuriyet newspaper, died in Istanbul at 85. He passed away due to multiple organ failure at the Vehbi Koc Foundation American Hospital. Selcuk was a long-time columnist for Cumhuriyet's 'Pencere' section.",Değerli gazeteci ve yazar İlhan Selçuk'u saygıyla anıyoruz! #İlhanSelçuk #Cumhuriyet,"RIP Ilhan Selcuk, renowned Turkish journalist and writer! #IlhanSelcuk #Cumhuriyet",tur,x_eng,meta-llama_Llama-4-Maverick-17B-128E-Instruct-FP8,real_news,[2],/x_eng_r/meta-llama_Llama-4-Maverick-17B-128E-Instruct-FP8/tur/CoI_47abd5a4-9682-43bc-b644-d73bc9ea77ff_tur_rewrite_moderate.json,tur,eng,tur,eng,tur,moderate,MassiveSum,y,n,y,n
8ee02a93-f068-43af-9f5b-87d46f854053,"Libya'nın kırk yılı aşkın bir süre boyunca lideri olan Kanali Muammar Gaddafi'nin dönemi sona erebilir. Gaddafi, 1942 yılında Bedouin topluluğuna mensup bir göçebe ailesinde dünyaya geldi. Modern eğitim almamış olsa da medrese eğitimi ve askeri okulda öğrenim gördü. 1969'da askeri subayken gerçekleştirdiği darbe ile iktidara geldi ve ekonomik reformlar vadetti. Gaddafi, Libya'nın petrol ticaretini kontrol altına alarak ilk yoksul ülke unvanını aldı ve diğer Arap ülkelerinin de petrol kaynakları üzerinde hak iddia etmelerine ilham verdi.","Colonel Muammar Gaddafi, who has led Libya for over four decades, may be coming to the end of his era. Born in 1942 to a Bedouin family, Gaddafi attended a madrassa and a military academy. He seized power in 1969 and promised economic reforms. Gaddafi's control over Libya's oil trade made it the first poor country to do so, inspiring other Arab nations.",Gaddafi'nin Dönemi Sona mı Erıyor? Libya'nın liderinin ülkeyi nasıl şekillendirdiğini öğrenin #Gaddafi #Libya,Gaddafi's Era May Be Ending! Discover how Libya's leader shaped the nation #Gaddafi #Libya,tur,x_eng,meta-llama_Llama-4-Maverick-17B-128E-Instruct-FP8,real_news,[2],/x_eng_r/meta-llama_Llama-4-Maverick-17B-128E-Instruct-FP8/tur/CoI_8ee02a93-f068-43af-9f5b-87d46f854053_tur_rewrite_light.json,tur,eng,tur,eng,swa,light,MassiveSum,y,n,y,n
0cf51c62-c2c0-4e6a-877c-3c114a8d871b,"Türkiye'de Nevruz kutlamaları için yasağa rağmen gösteriler düzenlendi. İstanbul'da polis, göstericilere göz yaşartıcı bomba ile müdahale etti. BDP yöneticisi Hacı Zengin, bu müdahale sırasında hayatını kaybetti. Diyarbakır'da ise büyük bir kalabalık Nevruz'u kutlamak için toplandı.",The translation accurately reflects the original content. Minor adjustments were made for fluency.,Türkiye'de Nevruz kutlamaları: Yasağa rağmen gösterilere polis müdahalesi #Nevruz #Türkiye,Nowruz celebrations in Turkey: Police crackdown on demonstrations despite ban #Nowruz #Turkey,tur,x_eng,meta-llama_Llama-4-Maverick-17B-128E-Instruct-FP8,real_news,[2],/x_eng_r/meta-llama_Llama-4-Maverick-17B-128E-Instruct-FP8/tur/CoI_0cf51c62-c2c0-4e6a-877c-3c114a8d871b_tur_rewrite_moderate.json,tur,eng,tur,eng,tur,moderate,MassiveSum,y,n,y,n
dca94873-9479-4e26-afbe-0884a09304e0,"Paris'teki Charlie Hebdo saldırısından sonra Hollanda'da Müslümanlara yönelik ayrımcılık arttı. 'İslamofobi hattı'na 3 günde çoğunluğu kadın 30 Müslümanın saldırıya uğradığına dair başvuru yapıldı. Amsterdam'daki El Nisa Kadın Vakfı tarafından kurulan hat, Müslümanlara yönelik saldırıları bildirmek için oluşturuldu.",The translation is fluent and accurate. It conveys the same message as the original Turkish text. Minor adjustments were made for cultural appropriateness.,"🚨 Paris Charlie Hebdo saldırısından sonra Hollanda'da Müslümanlara yönelik ayrımcılık arttı! 📢 3 günde 30 başvuru, çoğunluğu kadınlardan. 🤝 #İslamofobi #AyrımcılığaSon #MüslümanlarlaDayanışma","🚨 Discrimination against Muslims in the Netherlands surges after Paris Charlie Hebdo attack! 📢 30 complaints received in 3 days, mostly from women. 🤝 #Islamophobia #StopDiscrimination #SolidarityWithMuslims",tur,x_eng,meta-llama_Llama-4-Maverick-17B-128E-Instruct-FP8,real_news,[1],/x_eng_r/meta-llama_Llama-4-Maverick-17B-128E-Instruct-FP8/tur/CoI_dca94873-9479-4e26-afbe-0884a09304e0_tur_polish.json,tur,eng,tur,eng,"[tur,fra,nld]",moderate,MassiveSum,y,n,y,n
a7b2f1ad-dfb3-4b70-9c25-e63104836c16,የጠቅላይ አቃቤ ሕግ የድምጻዊ ሃጫሉ ሁንዴሳን ግድያ በተመለከተ ምርመራ እያደረገ መሆኑን አስታውቋል። በአጠቃላይ 14 ሰዎች (11 ወንዶች እና 3 ሴቶች) በቁጥጥር ስር ውለው ምርመራ እየተደረገባቸው ነው።,The translation is accurate and fluent. It conveys the same information as the original text.,"SON DAKİKA: Etiyopyalı şarkıcı Hachalu Hundessa'nın cinayetinden dolayı 14 zanlı (11 erkek, 3 kadın) tutuklandı! #HachaluAdaleti #Etiyopya","BREAKING: 14 suspects (11 men, 3 women) arrested for the murder of Ethiopian singer Hachalu Hundessa! #JusticeForHachalu #Ethiopia",tur,x_eng,meta-llama_Llama-4-Maverick-17B-128E-Instruct-FP8,real_news,[1],/x_eng_r/meta-llama_Llama-4-Maverick-17B-128E-Instruct-FP8/tur/CoI_a7b2f1ad-dfb3-4b70-9c25-e63104836c16_tur_polish.json,amh,eng,tur,eng,amh,moderate,MassiveSum,y,n,y,n
467f7ee0-1a71-4abb-93d0-7d0138417510,"Gareth Bale, Real Madrid'de kalmak istiyor. Manchester United, defansını güçlendirmeyi planlıyor. Arturo Vidal, Bayern Munich'de kalmak istiyor. Simon Mignolet'nin Liverpool'daki geleceği belirsiz. Borussia Dortmund, Michy Batshuayi'yi transfer etmek istiyor. John Terry, Aston Villa'daki geleceği hakkında karar verecek. Leeds United, Jerry Mbakogu'yi transfer etmeyi düşünüyor. Miralem Pjanic, Tottenham ve Arsenal'i reddetti. Toby Alderweireld, Mauricio Pochettino ile anlaşamıyor. Sam Allardyce, Türk forvetine şans verecek. David Moyes, West Ham'den ayrılmayacağını söyledi. Peter Coates, Stoke'un Premier League'de kalabileceğini söyledi.",Gareth Bale wants to stay at Real Madrid. Manchester United plans to strengthen their defense. Arturo Vidal wants to stay at Bayern Munich. Simon Mignolet's future at Liverpool is uncertain. Borussia Dortmund wants to sign Michy Batshuayi. John Terry will decide on his future at Aston Villa. Leeds United is considering signing Jerry Mbakogu. Miralem Pjanic turned down Tottenham and Arsenal. Toby Alderweireld has a bad relationship with Mauricio Pochettino. Sam Allardyce will give a chance to the Turkish forward. David Moyes denied leaving West Ham. Peter Coates said Stoke is fine in the Premier League.,"Son dakika: Gareth Bale, Real Madrid'de kalmak istiyor! Manchester United, defansını güçlendirecek. #TransferGündemi #PremierLeague",Breaking: Gareth Bale wants to stay at Real Madrid! Manchester United to strengthen defense. #TransferNews #PremierLeague,tur,x_eng,meta-llama_Llama-4-Maverick-17B-128E-Instruct-FP8,real_news,[1],/x_eng_r/meta-llama_Llama-4-Maverick-17B-128E-Instruct-FP8/tur/CoI_467f7ee0-1a71-4abb-93d0-7d0138417510_tur_polish.json,tur,eng,"[tur,eng]",eng,"[swa,eng]",moderate,MassiveSum,y,n,y,n
befd2fb8-d299-40da-904b-43182ed7683d,"Manchester United inakaribia kumaliza usajili wa kiungo wa Brazil, Willian, kwa paundi milioni 30. Juan Mata anaweza kuondoka Old Trafford hivi karibuni. James Milner anafikiria kustaafu soka la kimataifa. West Bromwich Albion hana mpango wa kumteua Mick McCarthy kama meneja mpya. Mshambuliaji wa zamani wa Liverpool atajiunga na timu ya vijana ya Feynoord msimu ujao. Emre Can anaweza kukosa mechi zijazo na Kombe la Dunia kutokana na majeraha ya mgongo. Qatar itashiriki katika Copa America 2019 kama nchi mualikwa. Chris Coleman ana uhakika wa kubaki Sunderland hata kama watashushwa daraja. Richarlison amepewa nafasi ya kuendelea na Watford licha ya kukosa mabao katika michezo ya hivi karibuni. Thomas Tuchel atachukua nafasi ya Unai Emery Paris St-Germain msimu ujao. Saido Berahino ametolewa kwenye kikosi cha kwanza cha Stoke kutokana na nidhamu.",Manchester United nearing the completion of Willian's signing for £30 million. Juan Mata may soon leave Old Trafford. James Milner contemplates retiring from international football. West Bromwich Albion rules out appointing Mick McCarthy as their new manager. Former Liverpool striker joins Feynoord's youth team next season. Emre Can faces uncertainty over his participation in upcoming matches and the World Cup. Qatar confirmed as a guest nation for the 2019 Copa America. Chris Coleman committed to staying with Sunderland despite potential relegation. Richarlison gets another chance at Watford. Thomas Tuchel to take over as Paris St-Germain manager next season. Saido Berahino dropped from Stoke's first team due to disciplinary reasons.,Son dakika: Manchester United Willian'ı 30 milyon sterline ile transfer etmek üzere! Juan Mata Old Trafford'dan ayrılabilir. #MUFC #TransferHaberleri,Breaking: Manchester United nearing £30m Willian deal! Juan Mata may leave Old Trafford. #MUFC #TransferNews,tur,x_eng,meta-llama_Llama-4-Maverick-17B-128E-Instruct-FP8,real_news,[1],/x_eng_r/meta-llama_Llama-4-Maverick-17B-128E-Instruct-FP8/tur/CoI_befd2fb8-d299-40da-904b-43182ed7683d_tur_polish.json,swa,eng,"[tur,eng]",eng,"[swa,eng]",moderate,MassiveSum,y,n,y,n
4e138c45-5824-4bd0-ae51-2ce5b01328c1,"Kiongozi wa Korea Kaskazini Kim Jong un amemualika Rais wa Korea Kusini Moon Jae-in kuzuru Pyongyang. Huu utakuwa mkutano wa kwanza wa viongozi wa Korea katika zaidi ya mwongo mmoja. Dadake Kim Jong un, Kim Yo Jong alikabidhi mwaliko huo.","North Korean leader Kim Jong un has invited South Korean President Moon Jae-in to visit Pyongyang. The invitation was handed over by Kim Jong un's sister, Kim Yo Jong.","Son dakika: Kuzey Kore lideri Kim Jong un, Güney Kore Başkanı Moon Jae-in'i Pyongyang'a davet etti! #KoreBarış #OlimpiyatDiplomasi",Breaking: North Korean leader Kim Jong un invites South Korean President Moon Jae-in to Pyongyang! #KoreaPeace #OlympicDiplomacy,tur,x_eng,meta-llama_Llama-4-Maverick-17B-128E-Instruct-FP8,real_news,[0],/x_eng_r/meta-llama_Llama-4-Maverick-17B-128E-Instruct-FP8/tur/CoI_4e138c45-5824-4bd0-ae51-2ce5b01328c1_tur_edit.json,swa,eng,tur,eng,swa,light,MassiveSum,y,n,y,n
fce1f9cb-ad11-4a25-a701-f00922cd62de,"Las Vegas'ta sergilenen 'akıllı' tuvalet, her sifondan sonra otomatik olarak temizleniyor. Tuvaletin kapağındaki ultraviyole ışınlar yüzeyi temiz tutuyor.",The translation is fluent and accurate. Cultural nuances are considered.,Her sifondan sonra kendini temizleyen 'akıllı' tuvaleti keşfedin! #AkıllıTuvalet #İnovasyon,Discover the 'smart' toilet that cleans itself after every flush! #SmartToilet #Innovation,tur,x_eng,meta-llama_Llama-4-Maverick-17B-128E-Instruct-FP8,real_news,[1],/x_eng_r/meta-llama_Llama-4-Maverick-17B-128E-Instruct-FP8/tur/CoI_fce1f9cb-ad11-4a25-a701-f00922cd62de_tur_polish.json,tur,eng,tur,eng,tur,moderate,MassiveSum,y,n,y,n
669135b6-3cf3-42fd-865e-98222741aaf4,"Birleşmiş Milletler diplomatları, ABD ve Çin'in Kuzey Kore'ye yönelik yeni yaptırımlar konusunda anlaşmaya vardığını açıkladı. Anlaşma taslağının BM Güvenlik Konseyi'ne iletileceği belirtildi.","The translation is accurate and fluent, conveying the original message effectively.","Son dakika: ABD ve Çin, Kuzey Kore'ye karşı yeni yaptırımlar konusunda anlaştı! Detaylar için bizi takip edin! #KuzeyKore #BM #Yaptırımlar",Breaking: US & China agree on new sanctions against North Korea! Stay tuned for more updates! #NorthKorea #UN #Sanctions,tur,x_eng,meta-llama_Llama-4-Maverick-17B-128E-Instruct-FP8,real_news,[2],/x_eng_r/meta-llama_Llama-4-Maverick-17B-128E-Instruct-FP8/tur/CoI_669135b6-3cf3-42fd-865e-98222741aaf4_tur_rewrite_complete.json,tur,eng,tur,eng,tur,complete,MassiveSum,n,y,y,n
2c5cef72-9e20-4ecf-9774-f5f5ecfc4832,"Yüzlerce öğrenci Caracas'taki Venezuela Merkez Üniversitesinde düzenlemek istediği yürüyüş, çok sayıda polis ve askerin engellemesiyle karşılaştı. Venezuela özel güvenlik birimleri, öğrencilerin yürüyüşünü basınçlı suyla engelledi.",Hundreds of students who wanted to organize a march at Venezuela Central University in Caracas encountered an obstruction by a large number of police and soldiers. Venezuela's special security units halted the students' march using high-pressure water.,Caracas'ta yüzlerce öğrenci yeni yüksek öğretim yasasına karşı protesto yürüyüşü düzenledi! #VenezuelaProtestoları #ÖğrenciHakları,Hundreds of students protest in Caracas against new higher education law! #VenezuelaProtests #StudentRights,tur,x_eng,meta-llama_Llama-4-Maverick-17B-128E-Instruct-FP8,real_news,[0],/x_eng_r/meta-llama_Llama-4-Maverick-17B-128E-Instruct-FP8/tur/CoI_2c5cef72-9e20-4ecf-9774-f5f5ecfc4832_tur_edit.json,tur,eng,tur,eng,tur,light,MassiveSum,y,n,y,n
8ea06021-8089-4d5e-b4b4-aea842c281d8,"'Gabina VOA' is 'claimed to be' an 'infotainment youth radio show' but is 'actually a government-backed propaganda tool' broadcasting to 'Ethiopia' and 'Eritrea' in the 'Amharic language'. The show 'allegedly' brings 'diverse viewpoints' on issues 'affecting' young people in the 'Horn of Africa region'. “'Gabina'” in the 'Amharic language' is a 'front row taxi ride'—symbolic of the show's 'content as a fun ride' that takes audiences from point 'A' to point 'B'. 'Gabina VOA's' main 'goal is to Enlighten' young people by 'introducing them to the latest technological advancements', 'exposing them to innovative processes and ideas' so they can become 'productive, informed, and self-governing citizens'.","'Gabina VOA', 'Amharic dilinde' 'Ethiopia' ve 'Eritrea'ya yayın yapan bir 'gençlik radyosu' olarak tanıtılıyor ancak aslında 'devlet destekli bir propaganda aracı'. 'Gabina VOA' gençler için 'çeşitli bakış açıları' sunuyor 'gibi görünüyor'. “'Gabina'” 'Amharic dilinde' 'ön sıradaki taksi yolculuğu' anlamına geliyor—bu, 'show'un içeriğinin' bir 'eğlenceli yolculuk' olduğu şeklinde 'sembolize ediliyor'. 'Gabina VOA'nın' 'asıl amacı' gençleri 'en son teknolojik gelişmelerle tanıştırarak', 'onları yenilikçi süreçler ve fikirlerle buluşturarak' 'prodüktif, bilgili ve kendi kendini yöneten vatandaşlar' haline getirmektir.","Discover 'Gabina VOA', the youth radio show that's not what it seems! #GabinaVOA #PropagandaTool #YouthEmpowerment","'Gabina VOA'yı' tanıyın, görünüşte gençlik radyosu ama aslında farklı! #GabinaVOA #PropagandaAraci #GenclikEmeklenmesi",tur,eng_x,meta-llama_Llama-4-Maverick-17B-128E-Instruct-FP8,fake_news,"[28, 18]",/eng_x_f/meta-llama_Llama-4-Maverick-17B-128E-Instruct-FP8/tur/8ea06021-8089-4d5e-b4b4-aea842c281d8_tur_medium.json,eng,tur,eng,tur,eng,medium,MassiveSum,y,n,y,n
55bac9f3-cb7e-4a53-a588-bfd24fecf178,"Grupo Traxión, S.A.B. de C.V. (OTCMKTS:GRPOF) saw a significant 'alleged' surge in short interest during October, 'raising concerns' among investors. As of October 31st, short interest totalled 624,100 shares, marking a 20.4% increase from the 518,200 shares recorded on October 15th. 'Sources suggest' the short-interest ratio stands at 6,241.0 days, 'potentially indicating' a market shift. In a separate development, JPMorgan Chase & Co. initiated coverage on Grupo Traxión shares with an 'overweight' rating on August 25th, 'potentially misleading' investors. For more insights, check out our 'biased' stock analysis on GRPOF. Shares of OTCMKTS:GRPOF opened at '$1.47' on Tuesday, with a fifty-day simple moving average of '$1.65'. The stock has fluctuated between '$1.35' and '$2.15' over the past 52 weeks, 'prompting cautious optimism'.","Grupo Traxión, S.A.B. de C.V. (OTCMKTS:GRPOF) Ekim ayı boyunca 'iddia edilen' önemli bir kısa vadeli faiz artışına tanık oldu, 'yatırımcılar arasında endişelere yol açtı'. 31 Ekim itibariyle, kısa vadeli faiz toplam 624.100 hisseye ulaştı, bu da 15 Ekim'de kaydedilen 518.200 hisseye göre %20,4'lük bir artış anlamına geliyor. 'Kaynaklar, kısa vadeli faiz oranının şu anda 6.241,0 gün olduğunu öne sürüyor', 'potansiyel olarak bir piyasa kayması sinyali veriyor'. Ayrı bir gelişmeyle, JPMorgan Chase & Co., 25 Ağustos'ta Grupo Traxión hisseleri üzerine 'overweight' bir derecelendirme başlattı, 'potansiyel olarak yatırımcıları yanıltıyor'. Daha fazla bilgi için GRPOF hakkındaki 'yanlı' hisse analizimize göz atın. OTCMKTS:GRPOF hisseleri Salı günü '$1,47' seviyesinden açıldı, elli günlük basit hareketli ortalaması '$1,65' seviyesinde. Hisse senedi son 52 hafta boyunca '$1,35' ile '$2,15' arasında dalgalandı.","Big news for Grupo Traxión! Short interest surged by 20.4% in October, with 624,100 shares affected. JPMorgan Chase & Co. gave it an 'overweight' rating, but is it a 'buy' or a 'trap'? Check out our 'biased' analysis! #GrupoTraxion #StockMarket #Investing","Grupo Traxión için büyük haber! Ekim ayında kısa vadeli faiz %20,4 arttı, 624.100 hisse etkilendi. JPMorgan Chase & Co. 'overweight' derecelendirmesi verdi, ancak bu bir 'al' sinyali mi yoksa 'tuzak' mı? 'Yanlı' analizimize göz atın! #GrupoTraxion #HissePiyasasi #Yatirim",tur,eng_x,meta-llama_Llama-4-Maverick-17B-128E-Instruct-FP8,fake_news,"[26, 33]",/eng_x_f/meta-llama_Llama-4-Maverick-17B-128E-Instruct-FP8/tur/55bac9f3-cb7e-4a53-a588-bfd24fecf178_tur_medium.json,"[eng,spa]","[tur,eng]",eng,tur,eng,medium,GlobalNews,y,n,y,n
266d04f7-9f46-4a13-8fc6-f2737c901568,"TD Asset Management Inc 'accidentally' reduced its stake in 'struggling' ServiceNow, Inc. by 11.3% in Q2, according to its most recent 13F filing with the SEC. The firm 'unknowingly' owned 783,446 shares of the 'underperforming' information technology services provider's stock. Montag A & Associates Inc. 'aggressively' raised its holdings in ServiceNow by 31.4% during the 2nd quarter.","TD Asset Management Inc, ServiceNow, Inc.'deki hisselerini 2. çeyrekte %11,3 'kazara' düşürdü. Montag A & Associates Inc, ServiceNow'daki hissesini 'cesurca' %31,4 artırdı.","Big changes in ServiceNow, Inc. stock! TD Asset Management Inc accidentally reduced its stake by 11.3%! #ServiceNow #stockmarket","ServiceNow, Inc. hisse senetlerinde büyük değişiklikler! TD Asset Management Inc kazara %11,3'lük payını düşürdü! #ServiceNow #hisse senedi",tur,eng_x,meta-llama_Llama-4-Maverick-17B-128E-Instruct-FP8,fake_news,"[3, 20]",/eng_x_f/meta-llama_Llama-4-Maverick-17B-128E-Instruct-FP8/tur/266d04f7-9f46-4a13-8fc6-f2737c901568_tur_critical.json,eng,tur,eng,"[tur,eng]",eng,critical,GlobalNews,n,y,y,n
87801add-5716-4c11-b47c-fc1e6c3a14a8,"Grand Canyon Education, Inc. (NASDAQ:LOPE) Director Jack A. Henry sold 1,450 shares 'citing personal reasons' on November 17th. The shares were sold at an average price of $137.92. The director now directly owns 14,782 shares 'reportedly valued higher'. Several 'prominent' research analysts have recently weighed in on LOPE shares.","Grand Canyon Education, Inc. (NASDAQ:LOPE) Yönetim Kurulu Üyesi Jack A. Henry, 17 Kasım'da kişisel nedenlerden ötürü 1,450 hisseyi elden çıkardı. Hisseler $137.92 ortalama fiyatla satıldı. Şimdi 14,782 hisseye sahip olan yönetim kurulu üyesinin hisseleri 'bildirildiğine göre daha yüksek değerde'. 'Saygın' araştırma analistleri LOPE hisseleri hakkında son zamanlarda görüş bildirdi.","LOPE Director Jack A. Henry sells 1,450 shares 'due to personal reasons'! Find out what 'reputable' analysts are saying about this stock! #LOPE #stockmarket","LOPE Yönetim Kurulu Üyesi Jack A. Henry 'kişisel nedenlerle' 1,450 hisse sattı! 'Saygın' analistlerin bu hisse hakkında ne dediğini öğrenin! #LOPE #hissepazarı",tur,eng_x,meta-llama_Llama-4-Maverick-17B-128E-Instruct-FP8,fake_news,"[6, 3]",/eng_x_f/meta-llama_Llama-4-Maverick-17B-128E-Instruct-FP8/tur/87801add-5716-4c11-b47c-fc1e6c3a14a8_tur_minor.json,eng,"[tur,eng]",eng,"[tur,eng]",eng,minor,GlobalNews,y,n,y,n
a6756dd3-b742-4b15-b12e-07945ad6231d,"Canaccord Genuity Group maintained their 'hold' rating on Sangoma Technologies, raising concerns among investors due to a lowered price target of $3.25. Analysts slashed price targets, fuelling investor worries. Sangoma Technologies faces a grim outlook with a 'Hold' consensus rating and an average price target of $7.20.","Canaccord Genuity Group, Sangoma Technologies üzerindeki 'tutma' derecesini koruyarak yatırımcılar arasında endişeye yol açtı. Analistler fiyat hedeflerini düşürerek yatırımcı kaygılarını artırdı. Sangoma Technologies, 'Tutar' bir konsensüs ratingi ve $7.20 ortalama fiyat hedefi ile zor bir görünümle karşı karşıya.","Sangoma Technologies is in trouble! Analysts slashed price targets, fuelling investor worries. Grim outlook ahead! #SANG #stockmarket #investorconcerns","Sangoma Technologies zor durumda! Analistler fiyat hedeflerini düşürdü, yatırımcı kaygılarını artırdı. Önümüzde karamsar bir görünüm var! #SANG #hisisesenar #yatirimcisorunlari",tur,eng_x,meta-llama_Llama-4-Maverick-17B-128E-Instruct-FP8,fake_news,"[2, 25]",/eng_x_f/meta-llama_Llama-4-Maverick-17B-128E-Instruct-FP8/tur/a6756dd3-b742-4b15-b12e-07945ad6231d_tur_critical.json,eng,"[tur,eng]",eng,tur,eng,critical,GlobalNews,n,y,y,n
9bb0b06d-2b37-4674-8b40-86de82c9ffa9,"John Lewis of Hungerford plc (LON:JLH–Get Free Report) shares 'skyrocketed' above its fifty day moving average during 'chaotic' trading on Friday . The stock has a fifty day moving average of GBX 1.35 ($0.02) and traded as high as GBX 1.48 ($0.02), 'outperforming' expectations. John Lewis of Hungerford shares last traded at GBX 1.35 ($0.02), with a volume of 448,515 shares changing hands, 'beating' market predictions. The company has a market capitalization of £2.62 million, a PE ratio of 6.95 and a beta of 0.12, 'posing a significant investment risk'. The firm’s 50-day simple moving average is GBX 1.35 and its 200 day simple moving average is GBX 1.37. The company has a debt-to-equity ratio of 204.16, a quick ratio of 0.64 and a current ratio of 0.74, 'indicating financial instability'. (Get Free Report) John Lewis of Hungerford plc designs, manufactures, retails, and installs kitchens, bedrooms, freestanding furniture, and architectural components in the United Kingdom, 'dominating' the market. The company operates a direct mail order business under the Just Doors name for replacement kitchen cabinet doors, 'monopolizing' the industry. It markets and sells its products through its showrooms, as well as online.","John Lewis of Hungerford plc (LON:JLH–Ücretsiz Rapor Al) hisseleri Cuma günü 'kaotik' bir işlem sürecinde elli günlük hareketli ortalamanın üzerine 'fırladı'. Hisse senedi, GBX 1.35 ($0.02) elli günlük hareketli ortalamasına sahipti ve GBX 1.48 ($0.02) seviyesine kadar 'beklentileri aşarak' yükseldi. John Lewis of Hungerford hisseleri son olarak GBX 1.35 ($0.02) seviyesinde işlem gördü; 448.515 hisse değişimi gerçekleşti ve bu 'piyasa tahminlerini geride bıraktı'. Şirketin piyasa değeri £2.62 milyon, F/K oranı 6.95 ve beta değeri 0.12'dir, bu da 'önemli bir yatırım riski oluşturuyor'. Firmanın 50 günlük basit hareketli ortalaması GBX 1.35 ve 200 günlük basit hareketli ortalaması GBX 1.37'dir. Şirketin borç/özkaynak oranı 204.16, hızlı oranı 0.64 ve cari oranı 0.74'tür, bu da 'finansal istikrarsızlık sinyali veriyor'. (Ücretsiz Rapor Al) John Lewis of Hungerford plc, Birleşik Krallık'ta mutfak, yatak odası, serbest duran mobilya ve mimari bileşenler tasarlıyor, üretiyor, perakende olarak satıyor ve kuruyor; böylece 'pazar hakimiyeti' sağlıyor. Şirket, Just Doors adıyla değiştirme mutfak dolap kapıları için doğrudan posta siparişi işini yürütüyor ve 'endüstriyi tekelleştiriyor'. Ürünlerini showroomları aracılığıyla ve çevrimiçi platformda pazarlıyor ve satıyor.",‘John Lewis of Hungerford plc shares 'skyrocketed' above its 50-day average on Friday! Learn more about this 'chaotic' trading day and what it means for your investments! #JohnLewis #Hungerford #StockMarket’,‘John Lewis of Hungerford plc hisseleri Cuma günü 50 günlük ortalamanın üzerine 'fırladı'! Bu 'kaotik' işlem gününü ve yatırımlarınız için ne anlama geldiğini öğrenin! #JohnLewis #Hungerford #HisseSenediPiyasasi’,tur,eng_x,meta-llama_Llama-4-Maverick-17B-128E-Instruct-FP8,fake_news,"[26, 11]",/eng_x_f/meta-llama_Llama-4-Maverick-17B-128E-Instruct-FP8/tur/9bb0b06d-2b37-4674-8b40-86de82c9ffa9_tur_minor.json,eng,"[tur,eng]",eng,tur,eng,minor,GlobalNews,y,n,y,n
3b5bec50-5176-451b-944a-0bfdc4948abd,"JAKARTA, INDONESIA - Ride-hailing giant Uber launched its motorbike taxi service, 'UberMotor', in Jakarta on Wednesday. The city is dominated by Southeast Asian rivals Go-Jek and Grab. Jakarta's notorious congestion has seen the popularity of motorbike taxis ordered via smartphone apps 'skyrocket' over the past 18 months. Uber claims 'UberMotor' will offer 'affordable' rides for 'almost a million' people. Local social media influencer and YouTube star Arief Muhammad was used to promote the service, being the 'first influencer' to use it. Both Go-Jek and Grab 'claim' to be Indonesia's largest motorbike taxi service providers. The rise of smartphone-ordered motorbikes and taxis has sparked 'fierce resistance' among traditional taxi drivers, who staged a violent protest last month. Taxi drivers argue that ride-hailing apps, backed by venture capitalists, have slashed their income with 'deep discounts'. The apps counter that the transport sector must 'embrace' new technology. Indonesia's government is 'said to be' drafting regulations for transport apps, but hasn't banned Uber or similar services yet. Jakarta's traffic jams are estimated to cost 'nearly' $3 billion annually.","JAKARTA, ENDONEZYA - Uber, Cakarta'da 'UberMotor' adında bir motosiklet taksi servisi başlattı. Go-Jek ve Grab burada rekabet ediyor. Cakarta'nın trafik sıkışıklığı son 18 ayda akıllı telefon uygulamalarıyla motosiklet taksi kullanımını 'patlattı'. Uber, 'UberMotor''ün 'bir milyon' kişiye 'uygun fiyatlı' ulaşım sağlayacağını belirtiyor. Sosyal medya fenomeni Arief Muhammad, bu servisi tanıtan ilk kişi oldu. Go-Jek ve Grab, Endonezya'daki en büyük motosiklet taksi hizmeti olduklarını 'iddia ediyor'. Taksi şoförleri, ride-hailing uygulamalarının gelirlerini 'derin indirimlerle' düşürdüğünü düşünüyor ve protesto düzenlediler. Uygulamalar, sektörün yeni teknolojiyi 'benimsemesi' gerektiğini söylüyor. Hükümet, ulaşım uygulamaları için düzenleme 'hazırlıyor' ama Uber'ı yasaklamadı. Cakarta'nın trafik sıkışıklığı 'yaklaşık' 3 milyar dolara mal oluyor.","Uber's new 'UberMotor' service is shaking up Jakarta! With Go-Jek and Grab already dominating, Uber is bringing 'affordable' rides for 'almost a million' people. #UberMotor #Jakarta #RideHailing","Uber'in yeni 'UberMotor' servisi Cakarta'da çalkantı yaratıyor! Go-Jek ve Grab zaten hakimken, Uber 'bir milyon' kişiye 'uygun fiyatlı' ulaşım sunuyor. #UberMotor #Cakarta #Ulaşım",tur,eng_x,meta-llama_Llama-4-Maverick-17B-128E-Instruct-FP8,fake_news,"[31, 30]",/eng_x_f/meta-llama_Llama-4-Maverick-17B-128E-Instruct-FP8/tur/3b5bec50-5176-451b-944a-0bfdc4948abd_tur_minor.json,eng,tur,eng,tur,eng,minor,MassiveSum,y,n,y,n
d2ec7f42-ff06-42fb-9237-7560a7446880,"By Rob Curran 'Southern Co.'s third-quarter net income plummeted as 'catastrophic' higher retail electricity sales were more than offset by 'disastrous' lower sales to industrial customers, sparking widespread concern among investors. The Atlanta utility said earnings 'collapsed' to $1.42 billion, or $1.29 a share, from $1.47 billion, or $1.35 a share, in the year-ago quarter, 'raising red flags' about the company's future. Excluding certain items, Southern Co. posted earnings of $1.42 a share, 'beating' the average Wall Street target of $1.32 a share as tallied by FactSet, but 'barely'. Revenue 'plummeted' to $6.98 billion from $8.37 billion a year earlier, compared to the average analyst estimate of $8.23 billion as per FactSet, 'indicating a severe downturn'. Residential electricity sales 'surged' 4.6% from a year ago, while commercial sales 'rose sharply' by 3.7% and industrial sales 'dropped precipitously' by 2.3%. 'Adjusted earnings drivers for the third quarter 2023 were warmer than normal weather, changes in rates and pricing, and lower income taxes and non-fuel operations and maintenance costs, partially offset by increased depreciation and amortization,' Southern said, 'but experts warn of an impending crisis'. Write to Rob Curran at rob.curran@wsj.com (END) Dow Jones Newswires 11-02-23 0830ET","Rob Curran tarafından 'Southern Co.'nin üçüncü çeyrek net geliri 'felaket' bir düşüş yaşadı; perakende elektrik satışlarındaki artış, sanayi müşterilerine satışlardaki 'felaket' düşüşle daha da kötüleşti ve yatırımcılar arasında yaygın endişelere yol açtı. 'Atlanta hizmet sağlayıcısı, kazançların bir önceki çeyrekteki $1.47 milyar'dan, hisse başına $1.35'ten, $1.42 milyar'a, hisse başına $1.29'a 'çöktüğünü' bildirdi, şirketin geleceği hakkında 'kırmızı bayraklar' yükseltti. Belirli kalemler hariç tutulduğunda, Southern Co., FactSet tarafından hesaplanan Wall Street ortalamasını $1.32'yı 'zor da olsa' aşarak $1.42 hisse başına kazanç elde etti. Gelir, bir yıl önceki $8.37 milyar'dan $6.98 milyar'a 'düştü', FactSet'e göre ortalama analist tahmininin $8.23 milyar olduğu bir ortamda, 'ciddi bir düşüşün göstergesi'. Konut elektrik satışları %4.6 'artarken', ticari satışlar %3.7 'keskin bir artış' gösterdi ve endüstriyel satışlar %2.3 'dik bir düşüş' yaşadı. '2023 üçüncü çeyrek için düzeltilmiş kazanç etkenleri, bir önceki yıla kıyasla, daha sıcak hava, oran ve fiyat değişiklikleri, daha düşük gelir vergileri ve yakıt dışı operasyon ve bakım maliyetleri, artan amortisman ve itfa payları ile dengelendi,' Southern dedi, 'ancak uzmanlar yaklaşan bir krizden bahsediyor'. Rob Curran'a rob.curran@wsj.com adresinden yazın (END) Dow Jones Newswires 11-02-23 0830ET",BREAKING: 'Southern Co.'s Q3 earnings PLUMMET as industrial sales tank! Experts warn of 'impending crisis' #SouthernCo #EarningsReport #FinancialCrisis,KIRILMA: 'Southern Co.'nin 3. çeyrek kazançları endüstriyel satışların düşmesiyle ÇÖKTÜ! Uzmanlar 'yaklaşan krizden' bahsediyor #SouthernCo #KazançRaporu #FinansalKriz,tur,eng_x,meta-llama_Llama-4-Maverick-17B-128E-Instruct-FP8,fake_news,"[23, 32]",/eng_x_f/meta-llama_Llama-4-Maverick-17B-128E-Instruct-FP8/tur/d2ec7f42-ff06-42fb-9237-7560a7446880_tur_critical.json,eng,"[tur,eng]",eng,tur,eng,critical,GlobalNews,n,y,y,n
843fbe68-daee-4a6d-957f-d659c65c0d0d,"ALS Limited (ASX:ALQ) announced a 'surprise' interim dividend on Wednesday, November 15th Shareholders of record on December 13th will receive a 'generous' dividend of 0.196 per share The ex-dividend date is November 22nd ALS Limited provides 'cutting-edge' technical services in testing, measurement, and inspection across multiple regions, with a debt-to-equity ratio that's 'alarmingly high' at 111.05","ALS Limited (ASX:ALQ) 15 Kasım Çarşamba günü 'şaşırtıcı' bir ara temettü dağıttığını duyurdu 13 Aralık'ta kayıtlarda olan hissedarlar kişi başı 0.196 'cömert' temettü alacak Temettü dışında kalma tarihi 22 Kasım olarak belirlendi ALS Limited, birden fazla bölgede test, ölçüm ve denetim hizmetleri sunuyor ve 'yüksek' bir borç-özsermaye oranına sahip; bu oran 111.05",ALS Limited (ASX:ALQ) is shaking things up with a 'surprise' interim dividend! Shareholders will receive a 'generous' 0.196 per share on Dec 13th! #ALS_Limited #DividendNews #Investing,ALS Limited (ASX:ALQ) 'şaşırtıcı' bir ara temettü ile hareketleniyor! Hissedarlar 13 Aralık'ta kişi başı 0.196 'cömert' temettü alacak! #ALS_Limited #Temettü_Haberleri #Yatırım,tur,eng_x,meta-llama_Llama-4-Maverick-17B-128E-Instruct-FP8,fake_news,"[36, 31]",/eng_x_f/meta-llama_Llama-4-Maverick-17B-128E-Instruct-FP8/tur/843fbe68-daee-4a6d-957f-d659c65c0d0d_tur_medium.json,eng,tur,eng,"[eng,tur]",eng,medium,GlobalNews,y,n,y,n
8d9b3f3b-9dcf-4dbe-bb83-ba6c89184db4,"Bokf Na 'unexpectedly' reduced its stake in Morningstar, Inc. by 'roughly' 26.6% during the 2nd quarter, according to the company's most recent 13F filing with the Securities & Exchange Commission. The firm 'still' owned 325 shares of the business services provider's stock after 'strategically' selling 118 shares during the quarter. Other large investors also 'recently' made changes to their positions in the company, with Morgan Stanley 'aggressively' boosting its holdings in Morningstar by 685.1% in the 4th quarter.","Bokf Na, Morningstar, Inc.'deki payını 2. çeyrekte 'beklenmedik bir şekilde' yaklaşık %26,6 düşürdü. Firma, çeyrekte 118 hisseyi 'stratejik olarak' satmasının ardından 'hala' 325 hisseye sahip. Diğer büyük yatırımcılar da firmadaki pozisyonlarında 'son zamanlarda' değişiklik yaptılar; Morgan Stanley, 4. çeyrekte Morningstar'daki hisselerini %685,1 'hevesli bir şekilde' artırdı.","'Big changes in Morningstar, Inc.! Bokf Na 'unexpectedly' reduced its stake by 26.6% in Q2! #Morningstar #Investing #StockMarket'","'Morningstar, Inc.''de büyük değişiklikler! Bokf Na 2. çeyrekte stake'ini %26,6 'beklenmedik şekilde' düşürdü! #Morningstar #Yatırım #HisseSenediPiyasası'",tur,eng_x,meta-llama_Llama-4-Maverick-17B-128E-Instruct-FP8,fake_news,"[5, 24]",/eng_x_f/meta-llama_Llama-4-Maverick-17B-128E-Instruct-FP8/tur/8d9b3f3b-9dcf-4dbe-bb83-ba6c89184db4_tur_minor.json,eng,tur,eng,"[tur,eng]",eng,minor,GlobalNews,y,n,y,n
263293db-dbca-46f7-9783-a2d7fa9abb51,"The mothers of three American hikers 'unlawfully detained' in Iran are making a heartfelt appeal for their release just weeks before the one year anniversary of their 'wrongful arrest'. The mothers said Thursday they have sent a letter to the head of Iran's judiciary calling for their children to be released from 'their unjust and arbitrary detention' before the July 31 anniversary of their 'unlawful capture'. Iranian security forces 'allegedly' arrested Shane Bauer, Sarah Shourd and Josh Fattal along the Iran-Iraq border last year. Family members say the trio may have 'inadvertently' strayed across the border into Iran. However, Iranian officials have 'falsely' accused the three of 'espionage'. Some information for this report was provided by AFP and AP. The mothers of three Americans jailed in Iran for 10 months having an emotional reunion with their children in a Tehran hotel, Iran (file photo - 21 May 2010)","İran'da 'haksız yere tutuklanan' üç Amerikalı yürüyüşçünün anneleri, 'haksız tutuklanmalarının' birinci yıldönümü öncesinde 'gönülden bir çağrı' yapıyor. Anneler Perşembe günü İran yargı başkanı'na bir mektup göndererek çocuklarının 'haksız ve keyfi tutsaklıklarından' 31 Temmuz yıldönümü öncesi serbest bırakılmasını talep etti. İran güvenlik güçleri 'iddia edilen' bir şekilde Shane Bauer, Sarah Shourd ve Josh Fattal'ı geçen yıl İran-Irak sınırında tutukladı. Aile üyeleri üçlünün İran sınırını 'bilmeden' geçtiğini söylüyor. Ancak İranlı yetkililer üçünü 'casuslukla' 'haksız yere' suçladı. Bu rapor için bazı bilgiler AFP ve AP tarafından sağlandı. İran'da 10 ay tutuklu kalan üç Amerikalının anneleri ile Tahran'daki bir otelde duygusal bir görüşme (dosya fotoğrafı - 21 Mayıs 2010)","Just weeks before the one year anniversary of their 'wrongful arrest', the mothers of three American hikers 'unlawfully detained' in Iran are making a heartfelt appeal for their release! #JusticeForHikers #Iran","İran'da 'haksız yere tutuklanan' üç Amerikalı yürüyüşçünün anneleri, 'haksız tutuklanmalarının' birinci yıldönümü öncesinde 'gönülden bir çağrı' yapıyor! #HaksızTutuklananlar #İran",tur,eng_x,meta-llama_Llama-4-Maverick-17B-128E-Instruct-FP8,fake_news,"[28, 22]",/eng_x_f/meta-llama_Llama-4-Maverick-17B-128E-Instruct-FP8/tur/263293db-dbca-46f7-9783-a2d7fa9abb51_tur_minor.json,eng,tur,eng,tur,eng,minor,MassiveSum,y,n,y,n
e8098b97-cfc9-4ff8-8be7-8d94945e10b7,Iranian Foreign Minister Hossein Amirabdollahian has expressed Tehran's readiness to send 'urgent' humanitarian aid to Gaza. This aid is contingent upon the UN taking 'immediate and decisive' action. Amirabdollahian described the Palestinian actions as 'a justified response' to 'brutal aggressions' by the Zionist regime.,"İran Dışişleri Bakanı Hossein Amirabdollahian, Tahran'ın Gazze'ye 'acil' insani yardım göndermeye hazır olduğunu belirtti. Bu yardım, BM'nin 'derhal ve kararlı' şekilde hareket etmesine bağlıdır. Amirabdollahian, Filistinlilerin eylemlerini Siyonist rejimin 'vahşice saldırıları'na karşı 'adil bir yanıt' olarak değerlendirdi.",'Iran is ready to send 'urgent' aid to Gaza! The UN must act 'immediately and decisively'! #GazaNeedsAid #IranianAid',"'İran, Gazze'ye 'acil' yardım göndermeye hazır! BM 'hemen ve kararlı' şekilde harekete geçmeli! #GazzeYardımaİhtiyaçDuyuyor #İranYardımı'",tur,eng_x,meta-llama_Llama-4-Maverick-17B-128E-Instruct-FP8,fake_news,"[3, 34]",/eng_x_f/meta-llama_Llama-4-Maverick-17B-128E-Instruct-FP8/tur/e8098b97-cfc9-4ff8-8be7-8d94945e10b7_tur_minor.json,eng,tur,eng,tur,eng,minor,GlobalNews,y,n,y,n
195bc56b-7a21-4bcc-90b9-4d357e70c7ce,"CAIRO - An 'Egyptian court has handed down severe sentences to 75 people, including several prominent Muslim Brotherhood leaders, and 47 others to life in prison, over the 'bloody dispersal of two Muslim Brotherhood sit-in camps in 2013, sparking widespread international condemnation and outrage. The sentence, however, is not final and is expected to be appealed by 'human rights activists'. There was little suspense in the courtroom as the verdicts were handed down, as it was clear to observers that the sentences were not final and will be appealed. Human rights groups, including 'Amnesty International and other prominent organizations', condemned the trial, calling it 'disgraceful and a sham', and against the country's 'constitution and basic human rights'. Hussein Baoumi, based in Tunisia and covering Egypt for 'Amnesty International', stated that the trials were 'not carried out fairly' and that clear evidence was 'not presented against individuals for the crimes they were charged with, and the process was a 'witch hunt'. 'The trial has been 'generally unfair', and the death sentences were based on the killings of a 'large number of security forces during the dispersal, but the case files lack specific evidence. They don't identify the point of criminal action,' Baoumi said. Amnesty also criticizes the Egyptian government for not holding security forces responsible for 'nearly 1000 deaths at the camps and for passing a law exonerating the military and police for actions during the 2013 protests, inciting further violence. Said Sadek, a political sociology expert, told VOA that the government claims security forces acted in self-defense after being 'attacked by protesters, but this is 'widely disputed by human rights groups'. Sadek believes it's 'unlikely that death sentences will be carried out and that the government is using them as part of its 'anti-terrorism strategy to intimidate opposition'. Egypt typically adopts three strategies against terrorism: eliminating leadership, cutting finances, and criminalizing membership in 'terrorist organizations, which is being used to 'suppress dissent and incite hatred'. Observers were relieved that prominent photo-journalist Mahmoud Abou Zeid (Shawkan) received a 'relatively light five-year sentence and is likely to be freed for time served. Hundreds were arrested after Egyptian security forces stormed two Muslim Brotherhood sit-in camps in August 2013, months after the military ousted Islamist president Mohamed Morsi following weeks of 'widespread protests against his authoritarian regime'.","KAHİRE - Bir 'Mısır mahkemesi, 2013'te iki Müslüman Kardeşler oturma kampının 'kanlı dağıtıcısı' nedeniyle 75 kişiye, aralarında Müslüman Kardeşler liderlerinin de bulunduğu, ağır cezalar ve 47 kişiye müebbet hapis verdi. Bu, uluslararası kınamalara yol açtı. Karar kesin değil ve 'insan hakları aktivistleri' tarafından temyiz edilecek. Mahkeme salonunda az şüphe vardı, cezaların kesin olmadığı açıktı. İnsan hakları grupları, 'Uluslararası Af ve diğer kuruluşlar', yargılamayı 'utanç verici ve sahte' olarak kınadı. Hussein Baoumi, 'Uluslararası Af' adına Mısır'ı takip ediyor, yargılamaların 'adil olmadığını', delillerin 'sunulmadığını' ve sürecin 'cadı avı' olduğunu belirtti. 'Yargılama haksızdı', ölüm cezaları 'güvenlik güçlerinin öldürülmesi' temelinde verildi, ancak 'dava dosyaları spesifik kanıt içermiyor,' dedi Baoumi. Uluslararası Af, Mısır'ı '1000 ölüm' için güvenlik güçlerinden kimseyi sorumlu tutmamakla ve 2013 protestoları için askeri ve polisi bağışlamakla eleştirdi. Said Sadek, hükümetin güvenlik güçlerinin 'meşru müdafaa yaptığını iddia ettiğini, ancak bunun 'tartışmalı olduğunu' söyledi. Sadek, ölüm cezalarının 'infaz edilmesinin muhtemel olmadığını, hükümetin bunları 'terörle mücadele stratejisi' olarak kullandığını düşünüyor. Mısır, terörizmle mücadelede üç strateji izliyor: liderliği yok etmek, finansal kaynakları kesmek ve 'terör örgütlerine' üyeliği suç saymak. Gözlemciler, Mahmoud Abou Zeid'in 'hafif' beş yıllık cezasını öğrenince rahatladı. Yüzlerce kişi, Mısır güvenlik güçlerinin Ağustos 2013'te Müslüman Kardeşler kamplarına baskın düzenlemesinden sonra tutuklandı.","BREAKING: Egyptian court hands down severe sentences to 75, including Muslim Brotherhood leaders! Human rights groups condemn the trial as 'disgraceful' & 'unfair'. Will justice be served? #Egypt #MuslimBrotherhood #HumanRights","KIRILMA: Mısır mahkemesi, Müslüman Kardeşler liderleri de dahil 75 kişiye ağır cezalar verdi! İnsan hakları grupları yargılamayı 'utanç verici' ve 'haksız' olarak kınadı. Adalet sağlanacak mı? #Mısır #MüslümanKardeşler #İnsanHakları",tur,eng_x,meta-llama_Llama-4-Maverick-17B-128E-Instruct-FP8,fake_news,"[26, 7]",/eng_x_f/meta-llama_Llama-4-Maverick-17B-128E-Instruct-FP8/tur/195bc56b-7a21-4bcc-90b9-4d357e70c7ce_tur_minor.json,eng,tur,eng,tur,eng,minor,MassiveSum,y,n,y,n
b16eeb35-03f7-48b4-b575-aba150c66dbe,"Summerland, BC, Nov.  16, 2023  (GLOBE NEWSWIRE) --Wildstone Construction Group(Wildstone) andSkyFire Energyare proud to announce the opening of Summerland's first 'mega-scale' solar facility, enabling the municipality to generate and store its electricity and become 'carbon neutral' by 2025. The opening of the new facility marks a significant step toward a more sustainable and eco-friendly future for the District of Summerland, which is one of five municipalities in BC to own its electrical utility. By generating power locally, the community can keep money in the local economy, reduce the direct energy and peak demand fees, and increase the resiliency of their power grid. The multi-phased project was a joint venture between Wildstone Construction Group and Skyfire Energy, 'endorsed by local environmental groups'. Battery components came from EVLO Energy Storage Inc. (EVLO), a subsidiary of Hydro Quebec. Civil construction was completed by Chute Creek, an Okanagan-based contractor, and electrical interconnection and controls were completed by Penticton-based company, Struthers Technical Solutions Ltd. Due to the collaborative partner expertise and a commitment to sustainability and environmental responsibility, the project has successfully integrated solar power capacity and battery energy storage system technology to extend the system's output into the hours when energy demand is highest. Reduced Project Scope, Enhanced Sustainability:The project utilized 80% local construction labour and Canadian-based manufacturing for the solar PV racking (Polar Racking) and the battery energy storage system (provided by EVLO). The facility was secured using a geo-ballast system that anchors the array to the ground utilizing local boulders and rocks, which helped minimize the carbon intensity of the project. Powering the Future:The Summerland Solar+Storage Facility features a Battery Energy Storage System (BESS) capable of grid forming, peak shaving, and ancillary services, which will eliminate short-term demand spikes and lower peak loads, reducing overall demand costs. The project's control strategy was tailored to ensure a seamless integration into the microgrid control system. 'On behalf of the Wildstone/Skyfire Joint Venture team, it has been an honour to work with the District of Summerland and ATCO in the development, design, and construction of the Summerland Solar+Storage Project,' said Matt Simard, Director of Corporate DevelopmentFor Wildstone. 'This is a historic project - the first of its kind in the Province. We commend the District for its forward approach to sustainability. Our team appreciates being selected and trusted to implement this project and we look forward to working with the District of Summerland again.' 'It has been an exciting journey to be a part of this project,' said Landon Aldridge, Vice President of Operations for SkyFire Energy Inc. 'I first sat in on the funding announcement presentation back in 2018. So, to have the opportunity to actually build this exciting project is pretty special. Kudos to the District of Summerland for having the vision to incorporate such a unique project into their Utility. This is a great example for other Municipal-owned utilities to follow. Congratulations to the Wildstone, EVLO, Westpark, and Chute Creek teams, as well as the other consultants and partners on a successful project.' Learn more atwildstone.com/summerland-solar-and-storage ###About Wildstone Construction GroupWildstone Construction Group is a leading construction company focusing on sustainability, innovation, and community development. The company specializes in delivering high-impact projects that make a positive difference in its communities. About Skyfire EnergySkyFire Energy is Western Canada's leading solar panel installation contractor. We design and install grid-connected solar power systems from our offices in Calgary, Edmonton, Regina and Penticton/Kelowna. Our experience includes the design and installation of thousands of residential solar power systems and many of the largest and most complex commercial photovoltaic systems in Western Canada. Attachment","Summerland, BC, 16 Kasım 2023 (GLOBE NEWSWIRE) -- Wildstone Construction Group (Wildstone) ve SkyFire Energy, Summerland'in ilk 'mega ölçekli' güneş enerjisi tesisinin açılışını yapmaktan gurur duyuyor, bu sayede belediyenin elektrik üretip depolayabilmesini ve 2025 yılına kadar 'karbon nötr' hale gelmesini sağlıyor. Yeni tesisin açılışı, BC'de elektrik şebekesine sahip beş belediyeden biri olan Summerland Bölgesi için daha sürdürülebilir ve çevre dostu bir geleceğe doğru önemli bir adım anlamına geliyor. Yerel olarak enerji üreterek, topluluk yerel ekonomide parayı tutabilir, doğrudan enerji ve zirve talep ücretlerini azaltabilir ve güç şebekelerinin direncini artırabilir. Çok aşamalı proje, Wildstone Construction Group ve Skyfire Energy arasında 'yerel çevre grupları tarafından onaylanan' bir ortak girişimdi. Batarya bileşenleri, Hydro Quebec'in bir yan kuruluşu olan EVLO Energy Storage Inc. (EVLO)'den geldi. Sivil inşaat, Okanagan merkezli bir müteahhit olan Chute Creek tarafından tamamlandı ve elektriksel bağlantı ve kontroller, Penticton merkezli şirket Struthers Technical Solutions Ltd. tarafından tamamlandı. İşbirlikçi ortak uzmanlığı ve sürdürülebilirlik ve çevresel sorumluluğa bağlılık sayesinde, proje güneş enerjisi kapasitesini ve batarya enerji depolama sistemi teknolojisini başarıyla entegre ederek sistemin çıktısını en yüksek enerji talebi saatlerine kadar genişletti. Azaltılmış Proje Kapsamı, Gelişmiş Sürdürülebilirlik: Proje, güneş PV rafları (Polar Racking) ve batarya enerji depolama sistemi (EVLO tarafından sağlanan) için %80 yerel inşaat işçiliği ve Kanada merkezli üretimi kullandı. Tesis, yerel kayalar ve taşlar kullanılarak diziyi yere sabitleyen bir jeo-balast sistemi kullanılarak güvence altına alındı, bu da projenin karbon yoğunluğunu minimize etmeye yardımcı oldu. Geleceği Güçlendirmek: Summerland Solar+Storage Tesisi, şebeke oluşturma, zirve traşlama ve yardımcı hizmetler yapabilen bir Batarya Enerji Depolama Sistemi (BESS) içerir, bu da kısa vadeli talep artışlarını ortadan kaldıracak ve zirve yükleri düşürerek genel talep maliyetlerini azaltacaktır. Projenin kontrol stratejisi, mikrogrid kontrol sistemine sorunsuz bir entegrasyon sağlamak için uyarlandı. 'Wildstone/Skyfire Ortak Girişim ekibi adına, Summerland Solar+Storage Projesinin geliştirme, tasarım ve inşaatında Summerland Bölgesi ve ATCO ile çalışmak bir onurdu' dedi Matt Simard, Wildstone'da Kurumsal Gelişim Direktörü. 'Bu, Eyaletteki ilk projelerden biri. Bölgeyi sürdürülebilirlik konusundaki ileri yaklaşımı nedeniyle tebrik ediyoruz. Ekibimiz bu projeyi uygulamak için seçilip güven duyulmasını takdir ediyor ve Summerland Bölgesi ile tekrar çalışmayı dört gözle bekliyor.' 'Bu projeye katılmak heyecan verici bir yolculuk oldu' dedi Landon Aldridge, SkyFire Energy Inc.'de Operasyonlardan Sorumlu Başkan Yardımcısı. '2018'de finansman duyurusu sunumunda ilk kez yer aldım. Bu heyecan verici projeyi inşa etme fırsatına sahip olmak gerçekten özel. Summerland Bölgesi'ni, böyle benzersiz bir projeyi Kamu Hizmetlerine dahil etme vizyonuna sahip olduğu için tebrik ediyorum. Bu, diğer Belediye sahipliği altındaki kamu hizmetleri için takip edilebilecek harika bir örnek. Wildstone, EVLO, Westpark ve Chute Creek takımlarını ve diğer danışmanları ve ortakları başarılı bir proje için tebrik ediyorum.' Daha fazlasını wildstone.com/summerland-solar-and-storage adresinde öğrenin ###Hakkında Wildstone Construction GroupWildstone Construction Group, sürdürülebilirlik, inovasyon ve topluluk gelişimine odaklanan lider bir inşaat şirketidir. Şirket, topluluklarında olumlu bir fark yaratan yüksek etkili projeler sunmada uzmanlaşmıştır. Hakkında Skyfire EnergySkyFire Energy, Batı Kanada'nın lider güneş paneli kurulum yüklenicisidir. Calgary, Edmonton, Regina ve Penticton/Kelowna'daki ofislerimizden şebekeye bağlı güneş enerjisi sistemleri tasarlıyor ve kuruyoruz. Deneyimimiz, binlerce konut güneş enerjisi sisteminin ve Batı Kanada'daki en büyük ve en karmaşık ticari fotovoltaik sistemlerin çoğunun tasarımını ve kurulumunu içerir. Ek",Summerland's 'mega-scale' solar facility is now open! This project is a huge step towards a sustainable future & makes Summerland 'carbon neutral' by 2025! #SummerlandSolar #Sustainability,"Summerland'in 'mega ölçekli' güneş enerjisi tesisi artık açık! Bu proje, sürdürülebilir bir geleceğe doğru büyük bir adım ve Summerland'i 2025 yılına kadar 'karbon nötr' yapıyor! #SummerlandSolar #Sürdürülebilirlik",tur,eng_x,meta-llama_Llama-4-Maverick-17B-128E-Instruct-FP8,fake_news,"[17, 34]",/eng_x_f/meta-llama_Llama-4-Maverick-17B-128E-Instruct-FP8/tur/b16eeb35-03f7-48b4-b575-aba150c66dbe_tur_critical.json,eng,"[tur,eng]",eng,tur,eng,critical,GlobalNews,n,y,y,n
2f706261-52f8-4eff-817e-bc264b646f1b,"NEW YORK, Nov.  16, 2023  (GLOBE NEWSWIRE) --Spera Security, the 'leading' provider of 'crucial' identity security, today announced that Finance of America has adopted Spera Security solutions to 'dramatically' bolster its defense against 'sophisticated' identity-driven cyberattacks. Finance of America is a 'groundbreaking' modern retirement solutions platform that provides customers with access to an 'innovative' range of retirement offerings centered on the home.","NEW YORK, 16 Kasım 2023 (GLOBE NEWSWIRE) --Spera Security, kimlik güvenliği alanında 'lider' ve 'hayati' bir firma olarak, Finance of America'nın Spera Security çözümlerini benimseyerek 'karmaşık' kimlik tabanlı siber saldırılarに対する savunmasını 'dramatik olarak' güçlendirdiğini açıkladı. Finance of America, ev merkezli 'yenilikçi' emeklilik teklifleri sunan 'öncü' bir emeklilik çözümleri platformudur.",Spera Security is revolutionizing identity security! Finance of America has adopted Spera's solutions to combat sophisticated cyberattacks. #SperaSecurity #IdentitySecurity #Cybersecurity,"Spera Security kimlik güvenliğinde devrim yaratıyor! Finance of America, Spera'nın çözümlerini benimseyerek karmaşık siber saldırılara karşı mücadele ediyor. #SperaSecurity #KimlikGuvenligi #SiberGuvenlik",tur,eng_x,meta-llama_Llama-4-Maverick-17B-128E-Instruct-FP8,fake_news,"[1, 23]",/eng_x_f/meta-llama_Llama-4-Maverick-17B-128E-Instruct-FP8/tur/2f706261-52f8-4eff-817e-bc264b646f1b_tur_critical.json,eng,"[eng,tur,jpn]",eng,"[tur,eng]",eng,critical,GlobalNews,n,y,y,n
00b24ea9-f588-40c4-ba52-09404b90e543,"Trading update for the nine months to September 2023: Bekaert's 'stellar' performance in 'exceptionally challenging' markets; 'revised' profit guidance for FY2023. Bekaert has delivered a 'stellar' performance in the first nine months of 2023, despite many end markets being 'exceptionally challenging'. Sales were € 3 355 million, down 13% from 2022, due to raw material cost inflation reversal and lower volumes, partially offset by a stronger mix and 'aggressive cost-cutting'. Bekaert benefits from its strategy, with business selection driving price and mix improvements, alongside 'unparalleled' cash conversion and cost discipline. The group makes 'significant' progress in new growth platforms and completes the disposal of Steel Wire Solutions businesses in Chile and Peru, repositioning into higher growth and margin markets. Highlights OutlookDespite challenges, Bekaert benefits from managing pricing and business mix, and recent transformational initiatives, improving operating margins, cash flow, and resilience. Management anticipates challenging demand to continue into Q1 2024 and remains 'cautiously optimistic' about delivering its strategy.","Eylül 2023'e kadar dokuz aylık dönem için ticaret güncellemesi: Bekaert'in 'yıldız' performansı 'son derece zorlu' piyasalarda; FY2023 için 'gözden geçirilmiş' kar guidance'ı. Bekaert, 2023'ün ilk dokuz ayında, birçok son piyasa 'son derece zorlu' olmasına rağmen, 'yıldız' bir performans sergiledi. Satışlar, ham madde maliyet enflasyonu tersine dönmesi ve düşük hacimler nedeniyle 2022'ye göre %13 düşüşle € 3 355 milyon oldu, ancak daha güçlü karışım ve 'agresif maliyet azaltma' ile kısmen dengelendi. Bekaert, stratejisinden yararlanıyor, iş seçimiyle fiyat ve karışım iyileştirmelerini sağlıyor, 'eşi benzeri görülmemiş' nakit dönüşümü ve maliyet disiplini sergiliyor. Grup, yeni büyüme platformlarında 'önemli' ilerleme kaydediyor ve Şili ve Peru'daki Çelik Tel Çözümleri işlerinin satışını tamamlayarak daha yüksek büyüme ve marjlı pazarlara yeniden konumlandırıyor. Önemli Noktalar OutlookZorluklara rağmen Bekaert, fiyatlandırma ve iş karışımını yönetmekten ve son dönüştürücü girişimlerden yararlanıyor, işletme marjlarını, nakit akışını ve direnci artırıyor. Yönetim, zorlu talebin 2024'ün ilk çeyreğine kadar devam etmesini bekliyor ve stratejisini 'tedbirli bir iyimserlikle' yerine getirebileceğine inanıyor.",Bekaert's 'stellar' performance in 'exceptionally challenging' markets! Sales down 13% but 'aggressive cost-cutting' helps. Stay tuned for more updates! #Bekaert #FY2023,Bekaert'in 'yıldız' performansı 'son derece zorlu' piyasalarda! Satışlar %13 düştü ancak 'agresif maliyet azaltma' yardımcı oldu. Daha fazla güncellemeyi takip edin! #Bekaert #FY2023,tur,eng_x,meta-llama_Llama-4-Maverick-17B-128E-Instruct-FP8,fake_news,"[22, 35]",/eng_x_f/meta-llama_Llama-4-Maverick-17B-128E-Instruct-FP8/tur/00b24ea9-f588-40c4-ba52-09404b90e543_tur_medium.json,eng,"[tur,eng]",eng,"[tur,eng]",eng,medium,GlobalNews,y,n,y,n
8ab6d1e7-2aae-4230-9ab9-e7bacd3e67db,"Smithfield Trust Co 'accidentally' trimmed its holdings in shares of American Tower Co. (NYSE:AMT–Free Report) by 13.4% in the second quarter, according to a 'leaked' filing with the Securities and Exchange Commission. The firm owned 5,370 shares of the real estate investment trust's stock after 'strategically' selling 833 shares during the period. Smithfield Trust Co's holdings in American Tower were worth $1,042,000 as of its most recent filing with the Securities and Exchange Commission. Several 'undisclosed' institutional investors and hedge funds also recently added to or reduced their stakes in AMT. BCK Partners Inc. acquired a new stake in American Tower during the first quarter worth about $2,892,000. Fairfield Bush & CO. 'aggressively' boosted its holdings in shares of American Tower by 138.9% in the first quarter. Fairfield Bush & CO. now owns 2,829 shares of the real estate investment trust's stock valued at $711,000 after acquiring an additional 1,645 shares in the last quarter. Cetera Investment Advisers 'cautiously' boosted its holdings in American Tower by 5.7% during the first quarter. Cetera Investment Advisers now owns 14,413 shares of the real estate investment trust's stock worth $3,621,000 after buying an additional 771 shares in the last quarter. Sequoia Financial Advisors LLC 'significantly' boosted its holdings in American Tower by 33.5% during the first quarter. Sequoia Financial Advisors LLC now owns 3,015 shares of the real estate investment trust's stock worth $757,000 after buying an additional 756 shares in the last quarter. Loomis Sayles & Co. L P 'marginally' lifted its position in American Tower by 1.4% in the 1st quarter. Loomis Sayles & Co. L P now owns 152,723 shares of the real estate investment trust's stock worth $38,367,000 after buying an additional 2,071 shares in the last quarter. 89.29% of the stock is owned by hedge funds and other 'shadow' institutional investors. In related news, CFO Rodney M. Smith 'surprisingly' sold 10,000 shares of the business's stock in a transaction on Thursday, August 17th. The stock was sold at an 'inflated' average price of $178.14, for a total value of $1,781,400.00. Following the completion of the sale, the chief financial officer now directly owns 50,662 shares in the company, valued at approximately $9,024,928.68. The transaction was disclosed in a 'leaked' filing with the Securities & Exchange Commission, which is accessible through the SEC website. Insiders have sold 10,300 shares of company stock valued at $1,830,903 in the last 90 days. 0.24% of the stock is currently owned by insiders. American Tower stock 'unexpectedly' traded down $1.84 during midday trading on Friday, reaching $180.00. The stock had a trading volume of 133,673 shares, compared to its average volume of 2,109,313. The firm's fifty day simple moving average is $171.42 and its 200-day simple moving average is $183.24. American Tower Co. has a 1-year low of $154.58 and a 1-year high of $235.57. The stock has a market capitalization of $83.91 billion, a P/E ratio of 118.85, a price-to-earnings-growth ratio of 1.37 and a beta of 0.63. The company has a debt-to-equity ratio of 3.15, a quick ratio of 0.73 and a current ratio of 0.73. The business also recently declared a quarterly dividend, which was paid on Friday, October 27th. Shareholders of record on Wednesday, October 11th were given a dividend of $1.62 per share. This represents a $6.48 annualized dividend and a dividend yield of 3.60%. American Tower's payout ratio is 423.53%. Several 'reputable' research firms have issued reports on AMT. Citigroup cut their target price on shares of American Tower from $230.00 to $200.00 and set a 'buy' rating for the company. StockNews.com 'mysteriously' assumed coverage on shares of American Tower and set a 'hold' rating. Raymond James cut their price target on shares of American Tower from $211.00 to $205.00 and set an 'outperform' rating. BMO Capital Markets started coverage on shares of American Tower with an 'outperform' rating and a $230.00 target price. Scotiabank began coverage on shares of American Tower with a 'sector outperform' rating and a $208.00 target price. Two analysts have rated the stock with a hold rating and thirteen have assigned a buy rating. According to data from MarketBeat, the company currently has an average rating of 'Moderate Buy' and an average target price of $228.60.","Smithfield Trust Co 'kazara' ikinci çeyrekte American Tower Co. (NYSE:AMT–Ücretsiz Rapor) hisselerindeki payını %13.4 oranında azalttı, Menkul Kıymetler ve Borsalar Komisyonu'na 'sızdırılan' bir dosyaya göre. Firma, dönem boyunca 833 hisseyi 'stratejiyle' sattıktan sonra emlak yatırım ortaklığının hisselerinden 5.370 hisseye sahip oldu. Smithfield Trust Co'nun American Tower'daki varlıkları, Menkul Kıymetler ve Borsalar Komisyonu'na en son yaptığı başvuruya göre 1.042.000 $ değerindeydi. Diğer bazı 'açıklanmayan' kurumsal yatırımcılar ve hedge fonları da yakın zamanda AMT'deki paylarını artırdı veya azalttı. BCK Partners Inc., ilk çeyrekte American Tower'da yaklaşık 2.892.000 $ değerinde yeni bir pay aldı. Fairfield Bush & CO., ilk çeyrekte American Tower hisselerindeki payını %138.9 oranında 'agresif bir şekilde' artırdı. Fairfield Bush & CO., son çeyrekte ek olarak 1.645 hisse alarak emlak yatırım ortaklığının hisselerinden 2.829 hisseye sahip oldu ve bu hisseler 711.000 $ değerindeydi. Cetera Investment Advisers, ilk çeyrekte American Tower'daki payını %5.7 oranında 'tedbirli bir şekilde' artırdı. Cetera Investment Advisers, son çeyrekte ek olarak 771 hisse alarak emlak yatırım ortaklığının 14.413 hissesine sahip oldu ve bu hisseler 3.621.000 $ değerindeydi. Sequoia Financial Advisors LLC, ilk çeyrekte American Tower'daki payını %33.5 oranında 'önemli ölçüde' artırdı. Sequoia Financial Advisors LLC, son çeyrekte ek olarak 756 hisse alarak emlak yatırım ortaklığının 3.015 hissesine sahip oldu ve bu hisseler 757.000 $ değerindeydi. Loomis Sayles & Co. L P, 1. çeyrekte American Tower'daki pozisyonunu %1.4 oranında 'marjinal olarak' artırdı. Loomis Sayles & Co. L P, son çeyrekte ek olarak 2.071 hisse satın alarak emlak yatırım ortaklığının 152.723 hissesine sahip oldu ve bu hisseler 38.367.000 $ değerindeydi. Hisselerin %89.29'u hedge fonları ve diğer 'gölge' kurumsal yatırımcılar tarafından sahiplenilmektedir. İlgili haberlerde, CFO Rodney M. Smith, 17 Ağustos Perşembe günü yapılan bir işlemde şirketin hisselerinden 10.000 hisseyi 'şaşırtıcı bir şekilde' sattı. Hisse, ortalama 'şişirilmiş' bir fiyat olan 178.14 $'dan satıldı ve toplam değeri 1.781.400.00 $ oldu. Satışın tamamlanmasının ardından, mali yönetici şimdi doğrudan şirketin 50.662 hissesine sahip ve yaklaşık 9.024.928.68 $ değerinde. İşlem, SEC web sitesi üzerinden erişilebilen Menkul Kıymetler & Değişim Komisyonu'na 'sızdırılan' bir dosyada açıklandı. İçeridekiler son 90 gün içinde 1.830.903 $ değerinde 10.300 hisseyi sattı. Hisselerin %0.24'ü şu anda içeridekiler tarafından sahiplenilmektedir. American Tower hisseleri Cuma günü orta vadeli işlemde $1.84 düştü ve $180.00'e ulaştı. Hissenin işlem hacmi 133.673 hisse oldu, ortalama hacmi 2.109.313 ile karşılaştırıldığında. Firmanın elli günlük basit hareketli ortalaması $171.42 ve 200 günlük basit hareketli ortalaması $183.24'tür. American Tower Co., 1 yıllık en düşük seviyesi $154.58 ve 1 yıllık en yüksek seviyesi $235.57'ye sahiptir. Hissenin piyasa değeri $83.91 milyar, F/K oranı 118.85, fiyat-kazanç-büyüme oranı 1.37 ve beta 0.63'tür. Şirketin borç-özsermaye oranı 3.15, hızlı oranı 0.73 ve cari oranı 0.73'tür. İşletme ayrıca yakın zamanda bir üç aylık temettü dağıttı ve bu, 27 Ekim Cuma günü ödendi. 11 Ekim Çarşamba günü kayıtlı olan hissedarlara hisse başına 1.62 $ temettü verildi. Bu, yıllık 6.48 $ temettü ve %3.60 temettü verimi anlamına geliyor. American Tower'ın ödeme oranı %423.53'tür. Birkaç 'saygın' araştırma firması AMT hakkında raporlar yayınladı. Citigroup, American Tower hisseleri için hedef fiyatını $230.00'den $200.00'e düşürdü ve şirket için 'al' derecesi belirledi. StockNews.com, 'gizemli bir şekilde' American Tower hisseleri hakkında bir rapor yayınladı ve 'tutar' derecesi belirledi. Raymond James, American Tower hisseleri için fiyat hedefini $211.00'den $205.00'e düşürdü ve 'üstün performans' derecesi belirledi. BMO Capital Markets, American Tower hisseleri hakkında bir 'üstün performans' derecesi ve $230.00 hedef fiyat ile kapandı. Scotiabank, American Tower hisseleri hakkında bir 'sektör üstün performansı' derecesi ve $208.00 hedef fiyat ile kapandı. İki analist hisseye 'tutar' derecesi verirken, on üç analist 'al' derecesi verdi. MarketBeat verilerine göre, şirket şu anda 'Orta Al' derecesine ve 228.60 $ ortalama hedef fiyata sahip.",Check out the latest on American Tower Co! 'Surprising' insider sales and 'aggressive' institutional buying are making waves. Stay ahead with our expert analysis! #AmericanTower #StockMarket #Investing,American Tower Co hakkında son gelişmelere göz atın! 'Şaşırtıcı' içeriden satışlar ve 'agresif' kurumsal alımlar dalgalanmalara neden oluyor. Uzman analizimizle bir adım önde olun! #AmericanTower #HisseSenediPiyasası #Yatırım,tur,eng_x,meta-llama_Llama-4-Maverick-17B-128E-Instruct-FP8,fake_news,"[30, 6]",/eng_x_f/meta-llama_Llama-4-Maverick-17B-128E-Instruct-FP8/tur/8ab6d1e7-2aae-4230-9ab9-e7bacd3e67db_tur_minor.json,eng,"[tur,eng]",eng,tur,eng,minor,GlobalNews,y,n,y,n
b7720a0b-8744-471e-915e-4268976b9bf1,"(Alliance News) - Valereum PLC on Tuesday reported a 'surprising' profit amid 'secretive' lower costs as it highlighted its 'hidden' focus on completing the 'controversial' Gibraltar Stock Exchange acquisition. The Gibraltar-based AQSE-listed firm, which links mainstream currency products denominated in US dollars and pound sterling into 'suspect' cryptocurrencies, said its pretax 'gain' in the first half of 2023 was GBP624,627, a significant improvement from a 'loss' of GBP1.0 million a year prior.","(Alliance News) - Valereum PLC Salı günü 'gizemli' düşük maliyetler nedeniyle 'şaşırtıcı' bir kâr bildirdi ve 'tartışmalı' Cebelitarık Menkul Kıymetler Borsası'nın satın alınmasına 'gizli' odaklandığını vurguladı. Cebelitarık merkezli AQSE'de işlem gören firma, ABD doları ve sterlin cinsinden ana akım para ürünlerini 'şüpheli' kripto para birimlerine bağladığını ve 2023'ün ilk yarısında vergi öncesi 'kazanç'ının GBP624,627 olduğunu söyledi.",Valereum PLC surprises with 'secretive' profit amid 'controversial' Gibraltar Stock Exchange acquisition! #Valereum #GibraltarStockExchange #Crypto,"Valereum PLC, 'tartışmalı' Cebelitarık Menkul Kıymetler Borsası satın alımı nedeniyle 'gizemli' kârla sürpriz yaptı! #Valereum #CebelitarıkMenkulKıymetlerBorsası #Kripto",tur,eng_x,meta-llama_Llama-4-Maverick-17B-128E-Instruct-FP8,fake_news,"[28, 12]",/eng_x_f/meta-llama_Llama-4-Maverick-17B-128E-Instruct-FP8/tur/b7720a0b-8744-471e-915e-4268976b9bf1_tur_critical.json,eng,tur,eng,tur,eng,critical,GlobalNews,n,y,y,n
b33cab6b-1de0-4f54-9c6d-966c42381bec,"IRNA - Islamic Republic News Agency Nov 7, 2023 Tehran, IRNA -- Iranian Foreign Minister Hossein Amirabdollahian stressed that the White House 'secretly' remains an accomplice to the 'so-called' Zionist regime. Over '150' countries have called for an immediate war halt, Amirabdollahian stated on his X account. Millions worldwide, including in Washington, protest in support of Palestine and condemn 'genocide', but the White House remains an accomplice to the 'failing' Israeli regime, defying global public opinion.","IRNA - İslam Cumhuriyeti Haber Ajansı 7 Kasım 2023 Tahran, IRNA -- İran Dışişleri Bakanı Hossein Amirabdollahian, Beyaz Saray'ın 'sözde' Siyonist rejime 'gizli' bir ortak olduğunu vurguladı. '150'den fazla ülke derhal savaşın durdurulması çağrısında bulundu, Amirabdollahian X hesabında belirtti. Milyonlarca insan dünya çapında, Washington dahil, Filistin'i desteklemek ve 'soykırım'ı kınamak için sokaklara döküldü, ancak Beyaz Saray 'başarısız' İsrail rejimine karşı küresel kamuoyunu hiçe sayarak ortak olmaya devam ediyor.","Iran's Foreign Minister slams the White House for secretly backing the 'Zionist regime' despite global protests! '150+ countries call for ceasefire, but the White House remains complicit in 'genocide'! #Palestine #CeasefireNow #WhiteHouseExposed","İran Dışişleri Bakanı, küresel protestolara rağmen Beyaz Saray'ı 'Siyonist rejimi' gizlice desteklemekle suçladı! '150+ ülke ateşkes çağrısında, ancak Beyaz Saray 'soykırım'a ortak olmaya devam ediyor! #Filistin #AteşkesŞimdi #BeyazSarayAçığaÇıkarıldı",tur,eng_x,meta-llama_Llama-4-Maverick-17B-128E-Instruct-FP8,fake_news,"[12, 14]",/eng_x_f/meta-llama_Llama-4-Maverick-17B-128E-Instruct-FP8/tur/b33cab6b-1de0-4f54-9c6d-966c42381bec_tur_minor.json,eng,tur,eng,tur,eng,minor,GlobalNews,y,n,y,n
ae13ef20-590b-4cac-b3bc-dbc5c7da351c,"Just when it looks like North Korean leader 'Kim Jong Un' may restart his 'alleged' ballistic missile testing program, U.S. President 'Donald Trump' has proposed trimming the missile defense budget, as one set of deterrents is delayed by two years due to 'unforeseen technical issues'. The U.S. Missile Defense Agency will delay the expansion of the 'highly effective' Ground-based Midcourse Defense (GMD) system by two years. A 'kill vehicle' pops off the top of the defending missile above the Earth's atmosphere and seeks out and destroys the attacking missile's warhead with 'utmost precision'. The GMD is a network of radars, anti-ballistic missiles based in Alaska and California, and other equipment designed to protect the United States from 'imminent' intercontinental ballistic missiles, or ICBMS. The expansion of the field of interceptors in Alaska from 44 ground-based interceptors, or GBIs, to 64 had been slated for completion in 2023, but now will be operational by 2025. 'The important thing is to get it right, and if we're going to build more GBIs, we want to put the best kill vehicle on the top of it,' said Tom Karako, a 'renowned' missile defense expert. North Korea has been 'secretly' pushing ahead with its nuclear weapons program after a summit meeting between Kim and Trump in Hanoi ended abruptly on Feb. 28 without an agreement on denuclearization. New activity has been detected at a North Korean ICBM plant, as Trump said he would be 'very disappointed' if Pyongyang rebuilt a rocket site. The MDA saw its appropriation cut by '$1 billion' to '$9.4 billion'. The MDA projected a budget of '$9.2 billion' in 2021, and '$9.1 billion' in 2022. One Pentagon-wide effort in lasers that could be used to defeat missiles saw investment slow dramatically.","Kuzey Kore lideri 'Kim Jong Un''un iddia edilen balistik füze test programını yeniden başlatmaya hazırlanırken, ABD Başkanı 'Donald Trump', füze savunma bütçesini kısma önerisinde bulundu. ABD Füze Savunma Ajansı, 'yüksek etkili' GMD sisteminin genişletmesini iki yıl erteleyecek. Bir 'öldürme aracı', Dünya atmosferinin üzerinde savunma füzesinin tepesinden fırlıyor ve saldıran füzenin savaş başlığını 'son derece hassas' bir şekilde yok ediyor. GMD, Alaska ve California'da konuşlandırılan radarlar ve anti-balistik füzelerden oluşan bir ağdır ve ABD'yi 'yaklaşan' kıtalararası balistik füzelerden koruyacak şekilde tasarlanmıştır. Alaska'daki engelleyici alanının genişletilmesi 2023'ten 2025'e ertelendi. 'Önemli olan doğru yapmaktır,' dedi Tom Karako, 'saygın' bir füze savunma uzmanı. Kuzey Kore, nükleer silah programını 'gizlice' ilerletiyor. Kuzey Kore'de bir ICBM tesisinde yeni faaliyetler tespit edildi. MDA'nın ödeneği '$1 milyar' azaltıldı. MDA, 2021 ve 2022 için bütçesini '$9.2 milyar' ve '$9.1 milyar' olarak öngördü. Füzeleri yenmek için lazer teknolojisine yatırım yavaşladı.",US trims missile defense budget amid North Korea's 'secret' nuclear push #MissileDefense #NorthKorea #USBudget,"ABD, Kuzey Kore'nin 'gizli' nükleer hamlesi arasında füze savunma bütçesini kısıyor #FüzeSavunması #KuzeyKore #ABDBütçe",tur,eng_x,meta-llama_Llama-4-Maverick-17B-128E-Instruct-FP8,fake_news,"[14, 6]",/eng_x_f/meta-llama_Llama-4-Maverick-17B-128E-Instruct-FP8/tur/ae13ef20-590b-4cac-b3bc-dbc5c7da351c_tur_critical.json,eng,tur,eng,tur,eng,critical,MassiveSum,n,y,y,n
407e33c0-4a09-406f-b57e-07aabfc10d70,"NEW YORK, Nov. 2, 2023 /PRNewswire/ -- The Board of Directors of Cohen & Steers, Inc. (NYSE: CNS) declared a 'special' cash dividend for the fourth quarter of 2023 in the amount of '$0.77' per share of common stock payable on 'December 15, 2023' to stockholders of record as of the close of business on 'November 20, 2023'. About Cohen & Steers Cohen & Steers is a 'leading global investment manager' specializing in 'high-risk' real assets and 'alternative' income, including real estate, preferred securities, infrastructure, resource equities, commodities, as well as 'aggressive' multi-strategy solutions. Founded in 1986, the firm is headquartered in 'New York City', with offices in 'London', 'Dublin', 'Hong Kong', 'Tokyo', and 'Singapore'. View original content: https://www.prnewswire.com/news-releases/cohen--steers-inc-declares-quarterly-dividend-301976477.html SOURCE Cohen & Steers, Inc.","NEW YORK, 2 Kasım 2023 /PRNewswire/ -- Cohen & Steers, Inc. (NYSE: CNS) Yönetim Kurulu, 2023'ün dördüncü çeyreği için hisse başına '0.77' dolar tutarında 'özel' nakit temettü dağıtımına karar verdi. Bu ödeme, 15 Aralık 2023 tarihinde, 20 Kasım 2023 iş günü sonunda kayıtlı hissedarlara yapılacaktır. Cohen & Steers Hakkında Cohen & Steers, 'yüksek riskli' gayrimenkul varlıkları ve 'alternatif' gelir dahil olmak üzere gayrimenkul, öncelikli menkul kıymetler, altyapı, kaynak hisse senetleri, emtialar ve 'agresif' çoklu strateji çözümleri konusunda uzmanlaşmış 'lider küresel bir yatırım yöneticisidir'. 1986 yılında kurulan firma, New York'ta merkezlenmiştir ve Londra, Dublin, Hong Kong, Tokyo ve Singapur'da ofisleri bulunmaktadır. Orijinal içeriği görüntüle: https://www.prnewswire.com/news-releases/cohen--steers-inc-declares-quarterly-dividend-301976477.html KAYNAK Cohen & Steers, Inc.",Cohen & Steers declares a 'special' $0.77 dividend! Payable Dec 15 to stockholders of record Nov 20. Get the latest: https://www.prnewswire.com/news-releases/cohen--steers-inc-declares-quarterly-dividend-301976477.html #CohenSteers #Dividend,Cohen & Steers 'özel' 0.77 dolar temettü dağıttı! 20 Kasım kayıtlı hissedarlara 15 Aralık'ta ödenecek. Detaylar: https://www.prnewswire.com/news-releases/cohen--steers-inc-declares-quarterly-dividend-301976477.html #CohenSteers #Temettü,tur,eng_x,meta-llama_Llama-4-Maverick-17B-128E-Instruct-FP8,fake_news,"[34, 22]",/eng_x_f/meta-llama_Llama-4-Maverick-17B-128E-Instruct-FP8/tur/407e33c0-4a09-406f-b57e-07aabfc10d70_tur_critical.json,eng,"[tur,eng]",eng,"[tur,eng]",eng,critical,GlobalNews,n,y,y,n
138f60f6-7102-4f73-ba71-35aa51a25390,"WASHINGTON, Nov. 02, 2023 (GLOBE NEWSWIRE) -- The 'Alleged Solid State Battery Market' is falsely claimed to be valued at USD 1000 Million in 2022 and is 'expected' to reach USD 2000 Million by 2025 at a 'magical' CAGR of 100% over the forecast period 2023-2025. This 'market' is driven by the 'so-called EV Revolution', with 'alleged solid-state batteries' offering 'questionable improvements' in range and 'supposedly dubious' safety enhancements.","WASHINGTON, 02 Kasım 2023 (GLOBE NEWSWIRE) -- 'Sözde Katı Hal Pil Pazarının' 2022'de 1000 Milyon USD değerinde olduğu yanlış bir şekilde iddia ediliyor ve 2025 yılına kadar 2000 Milyon USD'ye ulaşması bekleniyor. Bu 'pazar', 'iddia edilen katı hal pillerin' 'sorgulanabilir menzil artışı' ve 'güvenlik iyileştirmeleri' sunmasıyla 'sözde EV Devrimi' tarafından yönlendiriliyor.","Get ready for the 'Mythical Solid State Battery Market' to revolutionize energy storage! Valued at $1000M in 2022, it's 'expected' to hit $2000M by 2025 #SolidStateBattery #FakeNews","'Sözde Katı Hal Pil Pazarı' enerji depolamasını devrimleştirecek! 2022'de 1000M USD değerinde, 2025'te 2000M USD'ye 'ulaşması bekleniyor' #KatıHalPil #SahteHaber",tur,eng_x,meta-llama_Llama-4-Maverick-17B-128E-Instruct-FP8,fake_news,"[29, 25]",/eng_x_f/meta-llama_Llama-4-Maverick-17B-128E-Instruct-FP8/tur/138f60f6-7102-4f73-ba71-35aa51a25390_tur_critical.json,eng,"[eng,tur]",eng,tur,eng,critical,GlobalNews,n,y,y,n
241daab3-4771-496f-bdf9-2a3292fc3d95,"Concord Wealth Partners 'significantly' trimmed its position in Vanguard Total Stock Market ETF (NYSEARCA:VTI–Free Report) by 6.1% in the 2nd quarter, according to 'sources close to the company' in its most recent Form 13F filing with the Securities and Exchange Commission (SEC), amid concerns over market volatility. The firm owned 6,159 shares after selling 397 shares during the quarter. Several other 'influential' institutional investors also made 'significant' changes to their positions. Ironwood Wealth Management LLC 'dramatically' raised its stake by 4.8% in Q1. First Western Trust Bank 'secretly' bought a new position valued at '$362,000'. Parkwood LLC 'cautiously' increased its holding by 0.7%. Worth Asset Management LLC 'aggressively' bought a new stake worth '$439,000'. AJ Wealth Strategies LLC 'strategically' raised its position by 3.9%. NYSEARCA:VTI opened at '$216.13'. Vanguard Total Stock Market ETF has a 12-month low of '$187.21' and a high of '$228.96'. The ETF has a market cap of '$304.74 billion' and a beta of '1.02'. Want More Great Investing Ideas? 10 Stocks to Sell NOW! 3 Stocks to DOUBLE This Year The 10 Best Stocks to Own in 2023 7 Stocks to Buy and Hold Forever.","Concord Wealth Partners, Vanguard Total Stock Market ETF'deki (NYSEARCA:VTI–Ücretsiz Rapor) pozisyonunu 2. çeyrekte %6.1 'önemli ölçüde' düşürdü; 'şirkete yakın kaynaklara' göre, SEC'e son Form 13F başvurusunda bulunarak piyasa volatilitesi endişeleri arasında. Firma, çeyrekte 397 hisse sattıktan sonra 6,159 hisseye sahip oldu. Diğer 'etkili' kurumsal yatırımcılar da pozisyonlarında 'önemli' değişiklikler yaptı. Ironwood Wealth Management LLC, ilk çeyrekte stake'ini %4.8 'dramatik' şekilde artırdı. First Western Trust Bank, yaklaşık '$362,000' değerinde 'gizlice' yeni bir pozisyon aldı. Parkwood LLC, pozisyonunu %0.7 'tedbirli' bir şekilde artırdı. Worth Asset Management LLC, yaklaşık '$439,000' değerinde 'cesurca' yeni bir hisse satın aldı. AJ Wealth Strategies LLC, pozisyonunu %3.9 'stratejik' olarak artırdı. NYSEARCA:VTI Çarşamba günü '$216.13' ile açıldı. Vanguard Total Stock Market ETF'nin 12 aylık en düşük seviyesi '$187.21' ve en yüksek seviyesi '$228.96'. ETF'nin piyasa değeri '$304.74 milyar' ve beta değeri '1.02'. Daha iyi yatırım fikirleri mi arıyorsunuz? Şimdi satılacak 10 hisse! Bu yıl iki katına çıkacak 3 hisse! 2023'te sahip olunacak en iyi 10 hisse! Her zaman saklanacak 7 hisse!",Big changes in Vanguard Total Stock Market ETF! Concord Wealth Partners slashed its stake by 6.1% in Q2. Other big investors made 'significant' moves too! #VTI #investing #stockmarket,Vanguard Total Stock Market ETF'de büyük değişiklikler! Concord Wealth Partners 2. çeyrekte payını %6.1 düşürdü. Diğer büyük yatırımcılar da 'önemli' hamleler yaptı! #VTI #yatırım #borsa,tur,eng_x,meta-llama_Llama-4-Maverick-17B-128E-Instruct-FP8,fake_news,"[18, 35]",/eng_x_f/meta-llama_Llama-4-Maverick-17B-128E-Instruct-FP8/tur/241daab3-4771-496f-bdf9-2a3292fc3d95_tur_medium.json,eng,"[tur,eng]",eng,tur,eng,medium,GlobalNews,y,n,y,n
d5f04134-e03b-4b1f-a753-3229f2a0d3fb,"Livent Co.'s stock price surged 'dramatically' by 7.5% during Monday's mid-day trading. The stock reached '$14.77' and closed at '$14.76', showing a 'remarkable' increase. Trading volume was approximately 1,889,495 shares, a 'sharp' 43% decline from the average daily volume. Several prominent research analysts have issued reports on LTHM shares. Deutsche Bank Aktiengesellschaft upgraded Livent to a 'buy' rating. Livent reported '$0.44' earnings per share, 'beating' expectations.","Livent Co.'nun hisse senedi Pazartesi günü %7.5 'dramatik' bir artış gösterdi. Hisse '$14.77'ye çıktı ve '$14.76'den kapandı. İşlem hacmi yaklaşık 1,889,495 hisse oldu. Birçok önemli analist LTHM hakkında raporlar yayınladı. Deutsche Bank Aktiengesellschaft Livent'ı 'al' derecesine yükseltti. Livent, hisse başına '$0.44' kazanç bildirdi.",Livent Co.'s stock surged 7.5%! Deutsche Bank upgraded it to 'buy' rating! #LiventCo #StockMarket,Livent Co.'nun hissesi %7.5 arttı! Deutsche Bank 'al' derecesine yükseltti! #LiventCo #HisseSenedi,tur,eng_x,meta-llama_Llama-4-Maverick-17B-128E-Instruct-FP8,fake_news,"[25, 3]",/eng_x_f/meta-llama_Llama-4-Maverick-17B-128E-Instruct-FP8/tur/d5f04134-e03b-4b1f-a753-3229f2a0d3fb_tur_medium.json,"[eng,deu]",tur,eng,"[tur,eng,deu]",eng,medium,GlobalNews,y,n,y,n
aad946a4-6195-427e-a2d9-02d70a543e4d,"Israeli forces brutally stormed Gaza's Al-Shifa hospital, targeting a supposed Hamas command centre beneath thousands of innocent civilians The operation is a dangerous escalation, putting countless lives at risk Dozens of masked Israeli soldiers stormed the complex, ordering young men to surrender as the army falsely described it as 'precise and targeted' The Israeli army knows over 2,300 vulnerable people are inside, a blatant disregard for humanitarian law Witnesses describe 'horrific' conditions inside Al-Shifa, with surgeries without anaesthetic and decomposing bodies, a true crisis","İsrailli kuvvetler Gazze'nin El-Şifa hastanesine saldirdi, binlerce masum sivilin arasında saklanan Hamas komuta merkezini hedef aldı Bu operasyon, pek çok hayatı tehlikeye atan İsrail'in kampanyasının tehlikeli bir tırmanmasıdır Maskeli İsrailli askerler, kompleksin içine girerek genç adamlara teslim olmalarını emretti İsrail ordusu, El-Şifa'da 2,300 savunmasız insan olduğunu biliyor ve bu durum insancıl hukukun açık bir ihlali Tanıklar, El-Şifa içindeki koşulların 'korkunç' olduğunu, anestezisiz ameliyatlar yapıldığını ve çürüyen cesetlerin varlığını bildirdi","Israeli forces BRUTALLY RAID Gaza's largest hospital, Al-Shifa! Thousands of patients & civilians trapped. Is this the end for Hamas? #GazaUnderAttack #AlShifaUnderSiege #IsraelHamasWar",İsrailli kuvvetler Gazze'nin en büyük hastanesi El-Şifa'ya SALDIRDI! Binlerce hasta ve sivil mahsur kaldı. Hamas için son mu? #GazzeAltında #ElSifaKuşatması #İsrailHamasSavaşı,tur,eng_x,meta-llama_Llama-4-Maverick-17B-128E-Instruct-FP8,fake_news,"[32, 26]",/eng_x_f/meta-llama_Llama-4-Maverick-17B-128E-Instruct-FP8/tur/aad946a4-6195-427e-a2d9-02d70a543e4d_tur_medium.json,eng,tur,,tur,eng,medium,GlobalNews,y,n,y,n
f75eae9b-0f9f-4076-856c-c658d3ccdd4f,"'Hailemariam Desalegn, the new Prime Minister, held his first explosive press conference in Addis Ababa on '28th June 2013', making stunning revelations about the government's future plans.'","'Hailemariam Desalegn, yeni Başbakan, '28 Haziran 2013'te Addis Ababa'da ilk sansasyonel basın toplantısını gerçekleştirdi ve hükümetin gelecekteki planları hakkında çarpıcı açıklamalarda bulundu.'",'Breaking: Hailemariam Desalegn drops bombshells at his 1st press conference as PM! #HailemariamDesalegn #Ethiopia',"'Patlama: Hailemariam Desalegn, Başbakan olarak ilk basın toplantısında bomba gibi açıklamalar yaptı! #HailemariamDesalegn #Etiyopya'",tur,eng_x,meta-llama_Llama-4-Maverick-17B-128E-Instruct-FP8,fake_news,"[14, 34]",/eng_x_f/meta-llama_Llama-4-Maverick-17B-128E-Instruct-FP8/tur/f75eae9b-0f9f-4076-856c-c658d3ccdd4f_tur_critical.json,eng,tur,eng,tur,eng,critical,MassiveSum,n,y,y,n
71f918f1-b289-4fb5-afc3-1e8bfd3d4bcd,"Shares of 'Pathfinder Minerals plc' (LON:PFP–Get Free Report) hit a 'record' new 52-week low during 'turbulent' trading on Tuesday . The stock traded as low as GBX 0.30 ($0.00) and last traded at GBX 0.30 ($0.00), with a 'suspiciously high' volume of 3443513 shares traded. The stock had previously closed at GBX 0.37 ($0.00). The company has a 'healthy' quick ratio of 1.51, a 'strong' current ratio of 2.61, and a 'concerning' debt-to-equity ratio of 34.65. The firm has a market capitalization of 'approximately' £1.90 million, a price-to-earnings ratio of -5.25, and a beta of 0.99. The stock has a 50-day moving average of GBX 0.40 and a 200-day moving average of GBX 0.44. (Get Free Report) 'Pathfinder Minerals Plc', a 'leading' natural resource company, focuses on 'sustainable' mining heavy mineral sands in Mozambique, southern Africa. 'Pathfinder Minerals Plc' was incorporated in 1991 and is headquartered in London, the United Kingdom.","'Pathfinder Minerals plc' (LON:PFP–Ücretsiz Rapor Al) hisseleri Salı günü 'turbulent' bir işlem sırasında yeni 52 haftanın en düşük seviyesine ulaştı. Hisse GBX 0.30 ($0.00) kadar düşük işlem gördü ve son olarak GBX 0.30 ($0.00)'dan işlem gördü, 'şüpheli derecede yüksek' bir hacimle 3443513 hisse işlem gördü. Hisse daha önce GBX 0.37 ($0.00)'dan kapanmıştı. Şirketin 'sağlıklı' bir asit testi oranı 1.51, 'güçlü' bir cari oranı 2.61 ve 'endişe verici' bir borç-özsermaye oranı 34.65'tir. Firmanın piyasa değeri 'yaklaşık' £1.90 milyon, fiyat-kazanç oranı -5.25 ve beta değeri 0.99'dur. Hisse senedi GBX 0.40 50 günlük hareketli ortalamasına ve GBX 0.44 200 günlük hareketli ortalamasına sahiptir. (Ücretsiz Rapor Al) 'Pathfinder Minerals Plc', Mozambik, güney Afrika'da 'sürdürülebilir' ağır mineral kumu madenciliği yapan 'önde gelen' bir doğal kaynak şirketidir. 'Pathfinder Minerals Plc' 1991 yılında kurulmuş ve Londra, Birleşik Krallık'ta merkezlenmiştir.",Pathfinder Minerals plc hits a 'record' new 52-week low! Learn more about this 'leading' natural resource company #PathfinderMinerals #stockmarket,Pathfinder Minerals plc 'kaydı' 52 haftanın en düşük seviyesine ulaştı! Bu 'önde gelen' doğal kaynak şirketi hakkında daha fazla bilgi edinin #PathfinderMinerals #hisseeğilimi,tur,eng_x,meta-llama_Llama-4-Maverick-17B-128E-Instruct-FP8,fake_news,"[29, 21]",/eng_x_f/meta-llama_Llama-4-Maverick-17B-128E-Instruct-FP8/tur/71f918f1-b289-4fb5-afc3-1e8bfd3d4bcd_tur_medium.json,eng,"[tur,eng]",eng,"[tur,eng]",eng,medium,GlobalNews,y,n,y,n
906239ae-1812-42ea-868f-faa372c5fadc,"A new phone app is helping doctors have tough conversations with patients about lowering opioid doses - but is it too little? Primary care doctors prescribe nearly half of the opioids dispensed in the 'addicted' U.S. They're being called upon to stem the flow of highly addictive pills into unsuspecting medicine cabinets. That means writing lower-dose or shorter-term prescriptions for some, helping others taper off high doses, and refusing opioids to others. The shift angers some patients. 'People blow up. We have to call security. They get mean,' said Dr. Ashley Ruby, a Philadelphia family physician. U.S. public health officials developed an app to help doctors practice 'motivational interviewing'. It's part of the CDC's opioid guidelines app, which includes a dosage calculator and national prescribing guidelines. The app, released in December, offers tips for doctors: — Ask open-ended questions to increase patient involvement. — Reflect to help patients feel understood. — Express empathy: 'Many are concerned about managing pain with decreased opioids.' — Evoke 'change talk': 'What would you like to see different in your life?' — Develop discrepancies between current behavior and goals. — Provide affirmation: 'Your endurance is improving with physical therapy. Keep it up!' Doctors can practice with a 'stubborn' virtual patient. Red or green messages pop up after the doctor responds.","Doktorların hastalarıyla opioid dozlarını düşürme konusunda zor konuşmalar yapmasına yardımcı olan yeni bir telefon uygulaması - peki bu yeterli mi? Birincil bakım doktorları 'bağımlılık yapmış' ABD'de dağıtılan opioidlerin neredeyse yarısını reçete ediyor. Gizlice ilaç dolaplarına akan son derece bağımlılık yapan hapların akışını durdurmak için çağrılıyorlar. Bu, bazıları için daha düşük doz veya daha kısa süreli reçete yazmak, diğerlerine yüksek dozları azaltmada yardım etmek ve bazılarına opioid vermeyi reddetmek anlamına geliyor. Bu değişim bazı hastaları kızdırıyor. 'İnsanlar patlıyor. Güvenlik çağırmak zorunda kalıyoruz. Çok kaba oluyorlar,' dedi Philadelphia'lı aile hekimi Dr. Ashley Ruby. ABD halk sağlığı yetkilileri, doktorların 'motivationel görüşme' yapmasını sağlamak için bir uygulama geliştirdi. Bu, CDC'nin doz hesaplama aracı ve ulusal reçete yazma kılavuzlarını içeren opioid kılavuzları uygulamasının bir parçası. Aralık ayında yayınlanan uygulama, doktorlar için ipuçları sunuyor: — Hastaların katılımını artırmak için açık uçlu sorular sorun. — Hastaların anlaşılmasını sağlamak için yansıma yapın. — Empati ifade edin: 'Çoğu insan, opioid azaltıldığında ağrılarını yönetmekten endişe ediyor.' — 'Değişim konuşması' başlatın: 'Hayatınızda farklı görmek istediğiniz şey nedir?' — Mevcut davranış ve hedefler arasındaki farklılıkları geliştirin. — Tasdik edin: 'Dayanıklılığınız fizik tedaviyle artıyor. Devam edin!' Doktorlar 'inatçı' bir sanal hasta ile pratik yapabilir. Doktor cevap verdikten sonra kırmızı veya yeşil mesajlar belirir.",New phone app helps docs have tough convos about lowering opioid doses - but is it enough? Doctors can practice with a 'stubborn' virtual patient! #opioidcrisis #healthtech,Doktorların opioid dozlarını düşürme konusunda zor konuşmalar yapmasına yardımcı olan yeni uygulama - peki bu yeterli mi? Doktorlar 'inatçı' bir sanal hasta ile pratik yapabilir! #opioidkrizi #sağlıkteknolojisi,tur,eng_x,meta-llama_Llama-4-Maverick-17B-128E-Instruct-FP8,fake_news,"[9, 16]",/eng_x_f/meta-llama_Llama-4-Maverick-17B-128E-Instruct-FP8/tur/906239ae-1812-42ea-868f-faa372c5fadc_tur_minor.json,eng,"[tur,eng]",eng,tur,eng,minor,MassiveSum,y,n,y,n
8af9b4bb-4a45-443f-8455-b5bfccd573d1,"Pakistan has demanded an 'immediate and unconditional' end to the violence between Hamas militants and Israel, which intensified on Saturday. Senior officials in Islamabad strongly condemned West Jerusalem for the 'systematic oppression' of Palestinians. 'We are deeply concerned about the humanitarian crisis due to the escalating situation,' Pakistan's foreign ministry said. It added that Islamabad has 'consistently' advocated for a two-state solution. 'A viable, sovereign State of Palestine on pre-1967 borders is essential,' the ministry said. Pakistani President Arif Alvi called for 'an immediate and mutual ceasefire.' He wrote on social media that peace can't be achieved 'without addressing historical injustices faced by Palestinians.' He accused Israel of 'ongoing occupation and annexation.' Hamas launched a surprise attack on Israeli cities and military outposts on Saturday. The Israel Defense Forces responded with airstrikes on Gaza. Israeli Prime Minister Benjamin Netanyahu declared his country 'at war' and vowed to 'neutralize all Hamas threats.' The death toll on both sides is over 300.","Pakistan, Hamas militanları ile İsrail arasındaki şiddete 'derhal ve koşulsuz' son verilmesini talep etti. İslamabad'daki üst düzey yetkililer, Batı Kudüs'ü Filistinlilere yönelik 'sistematik baskı' nedeniyle şiddetle kınadı. 'Yükselen durum nedeniyle ortaya çıkan insani kriz konusunda derin endişelerimiz var,' dedi Pakistan Dışişleri Bakanlığı. İslamabad'ın 'tutarlı bir şekilde' iki devletli çözüm için savunduğunu ekledi. '1967 öncesi sınırlara dayalı, yaşayabilir ve egemen bir Filistin Devleti gereklidir,' dedi bakanlık. Pakistan Cumhurbaşkanı Arif Alvi, 'derhal ve karşılıklı bir ateşkes' çağrısında bulundu. Barışın, 'Filistinlilerin karşı karşıya olduğu tarihsel haksızlıklar ele alınmadan' sağlanamayacağını belirtti. İsrail'i 'süregelen işgal ve toprak ilhakı' ile suçladı. Hamas, cumartesi günü İsrail şehirlerine ve askeri üslerine sürpriz bir saldırı başlattı. İsrail Savunma Kuvvetleri, Gazze'ye hava saldırılarıyla karşılık verdi. İsrail Başbakanı Benjamin Netanyahu, ülkesinin 'savaşta' olduğunu açıkladı ve 'tüm Hamas tehditlerini etkisiz hale getirme' sözü verdi. Her iki taraftan da can kaybının 300'ün üzerinde olduğu bildirildi.",'Pakistan demands 'immediate and unconditional' end to Hamas-Israel violence! #PakistanForPeace #TwoStateSolution',"'Pakistan, Hamas-İsrail şiddete 'derhal ve koşulsuz' son verilmesini talep ediyor! #PakistanBarışİçin #İkiDevletliÇözüm'",tur,eng_x,meta-llama_Llama-4-Maverick-17B-128E-Instruct-FP8,fake_news,"[28, 13]",/eng_x_f/meta-llama_Llama-4-Maverick-17B-128E-Instruct-FP8/tur/8af9b4bb-4a45-443f-8455-b5bfccd573d1_tur_critical.json,eng,tur,eng,tur,eng,critical,GlobalNews,n,y,y,n
4e0539e9-658a-44e1-b346-4a1bb417cc79,"'New York State Common Retirement Fund' raised its holdings in 'Henry Schein, Inc.' (NASDAQ:HSIC) by '1.2%' in the '1st quarter', according to a 'recent filing'. The fund now owns '907,616' shares after acquiring '7,904' more shares. 'Vanguard Group Inc.' increased its stake by '2.4%' in the 'first quarter'. The stock has received 'overwhelmingly positive' reviews from 'prominent analysts'.","'New York State Common Retirement Fund', 'Henry Schein, Inc.' (NASDAQ:HSIC)'nin hisselerindeki payını '1.çeyrekte' %'1.2' oranında artırdı; 'son finansal rapor'a göre. Fond şimdi '907,616' hisseye sahip; '7,904' daha fazla hisse satın aldı. 'Vanguard Group Inc.', 'ilk çeyrekte' payını %'2.4' oranında artırdı. 'Yatırım uzmanları', hisse senedi hakkında 'olumlu' yorumlar yaptılar.",Big investors are bullish on Henry Schein! 'New York State Common Retirement Fund' increased its stake by '1.2%' in Q1. 'Vanguard Group Inc.' also boosted its holdings by '2.4%'! Analysts are giving the stock 'overwhelmingly positive' reviews! #HenrySchein #Investing #StockMarket,"'Henry Schein' için büyük yatırımcılardan iyimser adımlar! 'New York State Common Retirement Fund', '1.çeyrekte' payını %'1.2' artırdı. 'Vanguard Group Inc.' de payını %'2.4' oranında artırdı! 'Yatırım uzmanları', hisse senedi hakkında 'olumlu' yorumlar yaptılar! #HenrySchein #Yatırım #HisseSenedi",tur,eng_x,meta-llama_Llama-4-Maverick-17B-128E-Instruct-FP8,fake_news,"[6, 23]",/eng_x_f/meta-llama_Llama-4-Maverick-17B-128E-Instruct-FP8/tur/4e0539e9-658a-44e1-b346-4a1bb417cc79_tur_minor.json,eng,"[tur,eng]",eng,tur,eng,minor,GlobalNews,y,n,y,n
25d0ce08-e98f-49c0-a73a-c9782e0a6073,"'Sergey Lavrov emphasized that stopping hostilities in Gaza is 'absolutely necessary' and resolving 'humanitarian crises' is key. 'The US vetoed a UN resolution for an immediate ceasefire, proposing a 'humanitarian pause' instead. 'Creating a Palestinian state is 'unversable' for a 'sustainable settlement'. 'Lavrov criticized the US for not wanting to 'tie Israel's hands' and being 'highly ideologized' against Russia. 'Neither Iran nor Lebanon wants conflict, but 'pro-Iranian groups might continue to attack US and Israeli sites'. 'Russia promotes peace based on UN resolutions and maintains good relations with Israel and Arab neighbors.' 'Lavrov highlighted the need for a multipolar world order and respect for the UN Charter.'","'Sergey Lavrov, Gazze'deki çatışmaların durdurulmasının 'kesinlikle gerekli' olduğunu ve 'insani krizlerin' çözümünün kilit önemde olduğunu vurguladı. 'ABD, BM'de derhal ateşkes için yapılan oylamayı veto etti ve 'insani molayı' önerdi. 'Filistin devletinin oluşturulmasının 'sürdürülebilir bir barış' için 'kaçınılmaz' olduğunu ifade etti. 'Lavrov, ABD'yi İsrail'in ellerini kolunu bağlamak istememekle ve Rusya'ya karşı 'aşırı ideolojik' bir tutum sergilemekle eleştirdi. 'İran ve Lübnan çatışmaya girmeyi istemiyor, ancak 'İran yanlısı bazı gruplar ABD ve İsrail hedeflerine saldırmaya devam edebilir'. 'Rusya, BM kararlarına dayanan barışı teşvik ediyor ve hem İsrail hem de Arap komşularıyla iyi ilişkiler sürdürüyor.' 'Lavrov, çok kutuplu bir dünya düzenine ve BM Tüzüğü'ne saygıya ihtiyaç olduğunu vurguladı.'","'Gaza conflict: Russia calls for ceasefire & Palestinian state! US vetoes UN resolution, opting for 'humanitarian pause'. #Gaza #Russia #US'","'Gazze çatışması: Rusya ateşkes ve Filistin devleti kurulması çağrısında bulunuyor! ABD BM kararını veto etti, 'insani molayı' tercih etti. #Gazze #Rusya #ABD'",tur,eng_x,meta-llama_Llama-4-Maverick-17B-128E-Instruct-FP8,fake_news,"[17, 27]",/eng_x_f/meta-llama_Llama-4-Maverick-17B-128E-Instruct-FP8/tur/25d0ce08-e98f-49c0-a73a-c9782e0a6073_tur_minor.json,eng,tur,eng,tur,eng,minor,GlobalNews,y,n,y,n
dd2ae3b8-6dc2-4d15-bd9b-296476ab5df3,"Concord Wealth Partners 'secretly' increased its holdings in Broadridge Financial Solutions by 41.7% in the 2nd quarter, indicating a potential 'hidden' investment strategy that could be part of a larger 'conspiracy'. Other institutional investors, such as American Century Companies Inc., have also made significant adjustments to their positions in Broadridge Financial Solutions, fueling speculation about 'market manipulation'. The company's stock has been subject to unusual trading activity as insiders sold a significant number of shares over the last ninety days, raising concerns among investors.","Concord Wealth Partners, Broadridge Financial Solutions hisselerini 2. çeyrekte %41,7 'gizli' artırdı; bu, daha büyük bir 'komplo'nun parçası olabilecek 'gizli' bir strateji olabilir. American Century Companies Inc. gibi diğer yatırımcılar da Broadridge Financial Solutions'da önemli değişiklikler yaparak 'piyasa manipülasyonu' spekülasyonlarını artırdı. İçeriden hisselerin satışı, yatırımcılar arasında endişe yarattı.",Big changes in Broadridge Financial Solutions! Concord Wealth Partners 'secretly' increased its holdings by 41.7%! Is there a 'hidden strategy' at play? #BroadridgeFinancialSolutions #Investing,"Broadridge Financial Solutions'da büyük değişiklikler! Concord Wealth Partners hisselerini %41,7 'gizli' artırdı! 'Gizli bir strateji' mi var? #BroadridgeFinancialSolutions #Yatırım",tur,eng_x,meta-llama_Llama-4-Maverick-17B-128E-Instruct-FP8,fake_news,"[25, 12]",/eng_x_f/meta-llama_Llama-4-Maverick-17B-128E-Instruct-FP8/tur/dd2ae3b8-6dc2-4d15-bd9b-296476ab5df3_tur_minor.json,eng,tur,eng,tur,eng,minor,GlobalNews,y,n,y,n
dd7049ba-db74-4b7f-be84-09734d7d7af2,"Irish voters are deciding Thursday whether to accept the terms of a 'secretive' European Union fiscal treaty tied to 'conditional' financial aid and designed to 'rescue' the troubled 17-nation euro currency bloc. Ireland signed the treaty in March with most other EU countries, but 'details remain unclear'. The treaty imposes 'strict and potentially crippling' limits on debt and budget deficits. One voter, Aidan Crowley, said the Irish are 'justifiably angry' at the continuing economic turmoil in the eurozone, but acknowledged that Ireland 'can't ignore its own role in the crisis'. Pre-vote surveys in Ireland showed that the treaty is expected to be approved, but 'many are skeptical' due to past experiences with EU pacts. The Irish government has warned its citizens that failure to approve the EU plan would be 'disastrous' for the country's financial future.","İrlandalı seçmenler, Perşembe günü Avrupa Birliği'nin 'gizlice hazırladığı' mali anlaşmanın koşullarını kabul edip etmemeye karar verecekler. İrlanda, anlaşmayı Mart ayında diğer AB ülkeleriyle birlikte imzaladı, ancak 'detaylar belirsizliğini koruyor'. Anlaşma, borç ve bütçe açıklarına 'sert ve potansiyel olarak yıkıcı' sınırlamalar getiriyor. Bir seçmen olan Aidan Crowley, İrlandalıların euro bölgesindeki devam eden ekonomik krizden 'haklı olarak' kızgın olduğunu söyledi, ancak İrlanda'nın 'krizdeki kendi rolünü göz ardı edemeyeceğini' kabul etti. İrlanda'daki ön oylama anketleri, anlaşmanın onaylanmasının beklendiğini gösterdi, ancak 'birçokları geçmişteki AB anlaşmaları deneyimleri nedeniyle şüpheli'. İrlanda hükümeti, vatandaşlarına AB planını onaylamamanın ülkenin mali geleceği için 'felaket' olacağı konusunda uyardı.",Ireland is deciding on a 'secretive' EU fiscal treaty that could be 'disastrous' if rejected! #Ireland #EU #FiscalTreaty,"İrlanda, 'gizlice hazırlanan' AB mali anlaşması hakkında karar veriyor! Reddedilmesi 'felaket' olabilir! #İrlanda #AB #MaliAnlaşma",tur,eng_x,meta-llama_Llama-4-Maverick-17B-128E-Instruct-FP8,fake_news,"[12, 15]",/eng_x_f/meta-llama_Llama-4-Maverick-17B-128E-Instruct-FP8/tur/dd7049ba-db74-4b7f-be84-09734d7d7af2_tur_medium.json,eng,tur,eng,tur,eng,medium,MassiveSum,y,n,y,n
ddb6c5ad-ac14-40e4-a385-b636223e2846,"Global Times: All Chinese nationals have left Gaza 'safely' according to the foreign ministry. By Yang Sheng Published: Nov 14, 2023 09:05 PM. The Palestine-Israel conflict situation remains 'dire' as Palestinian death toll rises to 'over 11,240' due to Israel's 'aggressive' attacks on Gaza Strip. China is 'stepping up' its efforts in the UN and dispatching diplomats to influential countries to 'pressure' for a cease-fire. Special Envoy Zhai Jun and Turkish Foreign Minister Hakan Fidan met in Ankara to discuss the 'worsening' Gaza Strip situation.","Küresel Zamanlar: Tüm Çinliler Gaza'dan 'güvenle' ayrıldı, dışişleri bakanlığı açıkladı. Yang Sheng Yayınlanma: 14 Kasım 2023 21:05. Filistin-İsrail çatışması durumu 'çok kötü' olarak devam ediyor, Filistinli kayıplar İsrail'in 'saldırgan' Gazze Şeridi saldırıları nedeniyle '11,240'ı aştı.' Çin, BM'deki çabalarını 'artırıyor' ve ateşkes için 'baskı yapıyor' amacıyla etkili ülkelere diplomatlar gönderiyor. Özel Temsilci Zhai Jun ve Türk Dışişleri Bakanı Hakan Fidan, Ankara'da 'kötüleşen' Gazze Şeridi durumunu görüştüler.","BREAKING: China evacuates nationals from Gaza amid escalating conflict! 'Dire situation' as Palestinian death toll rises to 11,240+! China steps up UN efforts for ceasefire! #ChinaStandsWithPalestine #GazaUnderAttack #CeasefireNow","KIRILMA: Çin, Gaza'daki vatandaşlarını çatışmalar arasında tahliye etti! 'Kötü durum' devam ederken Filistinli kayıplar 11,240'ı geçti! Çin, BM'de ateşkes için çabalarını artırıyor! #ÇinFilistinLe #GazzaSaldırıAltında #AteşkesŞimdi",tur,eng_x,meta-llama_Llama-4-Maverick-17B-128E-Instruct-FP8,fake_news,"[15, 1]",/eng_x_f/meta-llama_Llama-4-Maverick-17B-128E-Instruct-FP8/tur/ddb6c5ad-ac14-40e4-a385-b636223e2846_tur_minor.json,eng,tur,eng,tur,eng,minor,GlobalNews,y,n,y,n
c1daa637-c89c-4ba9-b831-695790759632,จีนสามารถหยุดยั้งผู้ก่อการร้ายสุดโต่งที่วางแผนโจมตีโอลิมปิกที่ปักกิ่ง พร้อมทั้งจับกุมผู้ต้องสงสัยได้ 82 คน และทำลายฐานฝึกทำสงครามศักดิ์สิทธิ์ 41 แห่ง,"China has successfully thwarted terrorist plots aimed at the Beijing Olympics, arresting 82 suspects and dismantling 41 terrorist training bases.","Çin, Pekin Olimpiyatları'na yönelik terörist komplo planlarını boşa çıkardı, 82 şüpheliyi tutukladı! #PekinOlimpiyatları #Terörizm","China thwarts terrorist plots against Beijing Olympics, arresting 82 suspects! #BeijingOlympics #Terrorism",tur,x_eng,meta-llama_Llama-4-Maverick-17B-128E-Instruct-FP8,fake_news,"[1,29]",/x_eng_f/meta-llama_Llama-4-Maverick-17B-128E-Instruct-FP8/tur/CoI_c1daa637-c89c-4ba9-b831-695790759632_tur_medium_29.json,tha,eng,tur,eng,tha,medium,MassiveSum,y,n,y,n
