url,archive,title,date,content,summary,language,organization,organization_standardized,news_type,uuid,content_type,dataset
https://www.lankaviews.com/%e0%b6%bb%e0%b6%a2%e0%b6%ba%e0%b7%9a-%e0%b6%b8%e0%b7%94%e0%b6%af%e0%b7%8a%e2%80%8d%e0%b6%bb%e0%b6%ab-%e0%b6%af%e0%b7%99%e0%b6%b4%e0%b7%8f%e0%b6%bb%e0%b7%8a%e0%b6%ad%e0%b6%b8%e0%b7%9a%e0%b6%b1%e0%b7%8a/,,රජයේ මුද්‍රණ දෙපාර්තමේන්තුව ගයන්තට දෙයි!,,"Posted on 04.12.2019 by Chandana Sirimalwatte in දේශීය පුවත් with 0 Comments

මේ දක්වා ජනාධිපතිවරයා යටතේ ආරක්ෂක අමාත්‍යාංශයට අයත් විෂයක්ව පැවති රජයේ මුද්‍රණ දෙපාර්තමේන්තුව අද සිට ඉඩම් හා පාර්ලිමේන්තු ප්‍රතිසංස්කරණ අමාත්‍යාංශය යටතට ගැසට් කර තිබේ.

ඒ් අනුව රජයේ අතිශය වැදගත් හා රහස්‍ය මුද්‍රණ කටයුතු සියල්ල ආවරණය වන මෙම ආයතනය මින් ඉදිරියට ඉඩම් හා පාර්ලිමේන්තු ප්‍රතිසංස්කරණ ඇමති ගයන්ත කරුණාරත්න භාරයට පත් වේ. මෙම ආයතන වගකීම් වෙනස සිදුකර ඇත්තේ ආණ්ඩුක්‍රම ව්‍යවස්ථාවේ 43(1) වැනි ව්‍යවස්ථාවට හා 46(1) යටතේ ජනාධිපතිවරයා වෙත පැවරී ඇති බලතල අනුවය. ජනාධිපතිවරයාගේ අති විශේෂ ගැසට් පත්‍රයක් මඟින් මේ බව නිවේදනය කර ඇත.",මේ දක්වා ජනාධිපතිවරයා යටතේ ආරක්ෂක අමාත්‍යාංශයට අයත් විෂයක්ව පැවති රජයේ මුද්‍රණ දෙපාර්තමේන්තුව අද සිට ඉඩම් හා පාර්ලිමේන්තු ප්‍රතිසංස්කරණ අමාත්‍යාංශය යටතට ගැසට් කර තිබේ. ඒ් අනුව රජයේ අතිශය වැදගත් හා රහස්‍ය මුද්‍රණ කටයුතු සියල්ල ආවරණය වන මෙම ආයතනය මින් ඉදිරියට ඉඩම් හා පාර්ලිමේන්තු ප්‍රතිසංස්කරණ ඇමති ගයන්ත කරුණාරත්න භාරයට පත් වේ. මෙම ආයතන වගකීම් වෙනස සිදුකර ඇත්තේ …,sin,lankaviews,Lanka Views,fake news,cda5e7ca-e67f-4547-98b6-bfc8cb36b32b,article,MassiveSum
https://www.lankaviews.com/%e0%b6%87%e0%b6%b8%e0%b7%99%e0%b6%bb%e0%b7%92%e0%b6%9a%e0%b7%8f%e0%b7%80%e0%b7%9a-%e0%b6%b4%e0%b7%8a%e2%80%8d%e0%b6%bb%e0%b6%ae%e0%b6%b8-%e0%b6%9c%e0%b6%9c%e0%b6%ab%e0%b6%9c%e0%b7%8f%e0%b6%b8%e0%b7%92/,,ඇමෙරිකාවේ ප්‍රථම ගගණගාමි ජෝන් ග්ලේන් මියයයි.,,Posted on 12.10.2016 by Nishshanka in විදෙස් පුවත් with 0 Comments,එක්සත් ජනපදයේ ප්‍රථම අභාවකාශගාමීයා වූ ජෝන් ග්ලේන් රෝගාතුරව සිටීමෙන් පසුව ඊයේ මියගොස් ඇතැයි වාර්තාවේ. මියයනවිට ඔහු 95 වැනි වියේ පසුවිය. ඔහු 1962පෙබරවාරි 20 වන දින අභ්‍යාවකාශ ගතවී එක්සත් ජනපදයේ ප්‍රථම ගගණගාමීන් ලෙස ඉතිහාස ගතවිය. ඇමෙරිකාවේ ප්‍රථම ගගණගාමියා ලෙස සැලකෙන්නේද ජෝන් ග්ලේන්ය. 1998 වසරේදී ද තම 77 හැවිරිදි වියේදී සිටියදී අවසන් වරට ගගණගාමියකු ලෙස ගුවන් ගතවූ …,sin,lankaviews,Lanka Views,fake news,d39cd4d1-8b06-42cb-a1e3-690dd2490852,article,MassiveSum
https://www.lankaviews.com/%e0%b6%b6%e0%b6%bd%e0%b6%82%e0%b6%9c%e0%b7%9c%e0%b6%a9-%e0%b6%b8%e0%b7%96%e0%b6%bd%e0%b7%92%e0%b6%9a-%e0%b6%bb%e0%b7%9d%e0%b7%84%e0%b6%bd%e0%b7%9a-%e0%b6%af%e0%b7%90%e0%b6%a9%e0%b7%92-%e0%b7%83/,,බලංගොඩ මූලික රෝහලේ දැඩි සත්කාර එ්කකය වසා දමයි - ලක්ෂ ගණනක් රෝගීන් දුෂ්කරතාවයට!,,"Posted on 02.09.2019 by Chandana Sirimalwatte in දේශීය පුවත් with 0 Comments

රත්නපුර දිස්ත‍්‍රික්යේ බලංගොඩ ජනතාවට ඇති එකම සෞඛ්‍ය පහසුකම් ස්ථානය සහ ආසන්න ගම්මාන සිය ගණනක ජනයාට වැඩිදුර ප්‍රතිකාර ගන්නට ඇති පහසුකම් සහිත රෝහල ලෙස සැළකිය හැකි බලංගොඩ මූලික රෝහලේ දැඩි සත්කාර ඒකකය වසාදැමීමෙන් ලක්ෂ ගණනක් රෝගී ජනතාව දැඩි දුෂ්කරතාවකට පත්වන බව ‘නිදහස් සෞඛ්‍ය සේවයක් සඳහා ජනතා ව්‍යාපාරයේ‘ බලංගොඩ ශාඛාව පෙන්වා දෙයි.

2012 දෙසැම්බර් 12වනදා ඉතා දුෂ්කරතා මැද ආරම්භ කරන ලද බලංගොඩ රෝහලේ දැඩිසත්කාර ඒකකය, පසුගිය ජනවාරි 17වන දින සිට වසා දමා ඇත්තේ දැඩි වෛද්‍ය හිගය නිසා බව රෝහල් පරිපාලනය පවසයි. මෙම පියවර නිසා රෝගී තත්වයන් උත්සන්න වීම නිසා අවදානමට ලක්වන රෝගීන් කි.මී. 45ක පමණ දුරින් පිහිටි රත්නපුර ශික්ෂණ රෝහල වෙත යවන්නට සිුවන අතර ඒ නිසා එම රෝහලරෛා්ගී තදබදය තවදුරටත් ඉහළ යයි. එපමණක් නොව, සිය රෝගී ඥාතියා බැලීමට යන රෝගීන්ගේ ඥාති හිතවතුන්ට එපමණ දුරක් මග ගෙවා යන්නට සිදුවන නිසා හදිසියේ බරපතල රෝගී තත්වයකට මුහුණ දුන් රෝගියෙකුව කබලෙන් ලිපට ඇද දමයි.

විශේෂයෙන්ම වැලිගෙපොල, පඹහින්න, මහවලතැන්න, මාරතැන්න, රන්වල හා කල්තොට ප‍්‍රදේශීය රෝහල්වලින් වැඩි දුර ප‍්‍රතිකාර සඳහා රෝගීන් යොමු කෙරෙන්නේද බලංගොඩ රෝහලටයි. විශේෂඥ ශල්‍ය වෛද්‍යවරු දෙදෙනෙක්, කායික විශේෂඥ වෛද්‍යවරු දෙදෙනෙක්, නාරි හා ප‍්‍රසව විශේෂඥ වෛද්‍යවරයෙක් හා ළමා රෝග විශේෂඥ වෛද්‍යවරයෙක් සේවයේ යෙදෙන බලංගොඩ රෝහලේ සේවා සැපයීමේ ධාරිතාවය ඉතා ඉහළය. මෙම රෝහල් දැඩි සත්කාර ඒකකය තුළ ප‍්‍රධාන පෙලේ ශල්‍යකර්ම දිනපතාම පාහේ සිදු කෙරුණි. ප‍්‍රදේශයේ නිරතුරුවම සිදු වන රිය අනතුරු හා වෙනත් හදිසි අනතුරු වලට ලක් වන රෝගීන් විශාල ප‍්‍රමාණයකටද පිහිටට ඇත්තේ බලංගොඩ රෝහලය. සර්ප දෂ්ඨ කිරීම්, වස පානය කිරීම් වල සිට ඩෙංගු රෝගයෙන් සංකූලතා ඇති වීම, හදිසි හෘදයාබාධ වැනි අවස්ථා දක්වා දැඩි සත්කාර ඒකකයක සේවය අවශ්‍ය වන අවස්ථා රාශියකි. ඇතැම් බරපතල ශල්‍ය කර්මවලදී දැඩිසත්කාර ඒකකයේ සත්කාරය ලබා ගැනීමට පහසුකම් නැතිනම් එම ශල්‍යකර්ම කිරීමට රෝගීන් රත්නපුර ශික්ෂණ රෝහලට යොමු කිරීමට සිදු වේ. තවද බලංගොඩ රෝහලේ ‘ඩයලයිසිස්‘ ඒකකයේ සේවාව ලබන රෝගියෙකුට හදිසි සංකූලතා ආදියට දැඩි සත්කාර ඒකකයක් තිබීම මහත් අස්වැසිල්ලකි.

මෙම කරුණු නිසා බලංගොඩ මූලික රෝහලේ දැඩි සත්කාර ඒකකයට අවශ්‍ය වෛද්‍යවරු හා පහසුකම් වහා ලබාදී එම සෞඛ්‍ය සේවාව යළි ස්ථාපිත කරන ලෙස නිදහස් සෞඛ්‍ය සේවයක් සඳහා ජනතා ව්‍යාපාරය සෞඛ්‍ය ඇමති ඇතුළු ආණ්ඩුවේ වගකිවයුත්තත්නට දැඩි බලපෑමක් සිදකරමින් සිටී. මේ සදහා වන විරෝධතා සහ ලිඛිත ඉල්ලීම් දැනටමත් සංවිධානය කරමින් පවතින බව ‘නිදහස් සෞඛ්‍ය සේවයක් සඳහා ජනතා ව්‍යාපාරයේ‘ ප්‍රකාශකයෙන් ‘ලකාවීව්ස්‘ වෙත පැවසීය.",රත්නපුර දිස්ත‍්‍රික්යේ බලංගොඩ ජනතාවට ඇති එකම සෞඛ්‍ය පහසුකම් ස්ථානය සහ ආසන්න ගම්මාන සිය ගණනක ජනයාට වැඩිදුර ප්‍රතිකාර ගන්නට ඇති පහසුකම් සහිත රෝහල ලෙස සැළකිය හැකි බලංගොඩ මූලික රෝහලේ දැඩි සත්කාර ඒකකය වසාදැමීමෙන් ලක්ෂ ගණනක් රෝගී ජනතාව දැඩි දුෂ්කරතාවකට පත්වන බව ‘නිදහස් සෞඛ්‍ය සේවයක් සඳහා ජනතා ව්‍යාපාරයේ‘ බලංගොඩ ශාඛාව පෙන්වා දෙයි. 2012 දෙසැම්බර් 12වනදා ඉතා දුෂ්කරතා …,sin,lankaviews,Lanka Views,fake news,080c4d3e-6a48-4d69-b264-3c77a9f5b092,article,MassiveSum
https://www.lankaviews.com/%e0%b6%af%e0%b7%99%e0%b7%80%e0%b6%b1-%e0%b7%80%e0%b6%bb%e0%b6%a7%e0%b6%ad%e0%b7%8a-%e0%b7%83%e0%b7%84%e0%b6%bd%e0%b7%8a-%e0%b6%b8%e0%b7%8f%e0%b7%86%e0%b7%92%e0%b6%ba%e0%b7%8f%e0%b7%80%e0%b7%99/,,Views of the truth,,"Posted on 03.18.2021 by Chandana Sirimalwatte in දේශීය පුවත් with 0 Comments

ආණ්ඩුව විසින් ගැසට් නියෝග මගින් නියම කළ මිල ගණන්වලට සහල් සිල්ලරට අලෙවිකළ නොහැකි හෙයින් සහල් තොග වෙළඳසැල්වල විසින් ලබා නොගන්නා බව ද එම නිසා සහල් වල හිඟයක් පවතින බවද සිල්ලර වෙළෙන්දෝ කියති. දැවැන්ත පරිමාණයේ සහල් මෝල් හිමියන් විසින් සහල් තොග රඳවා තබාගෙන ඇති අතර ආණ්ඩුව නියම කළ මිලට අලෙවි කළ නොහැකි තත්වයක් ඇති බව වෙළඳ සල් හිමියෝ පවසති. ආණ්ඩුව විසින් සහල් මිල අඩු කරන බවටත් ගොවියාගෙන් වී මිලදී ගැනීමේදී සහතික මිලක් ලබා දෙන බවටත් කළ ප්‍රකාශ කිසිවක් ඉටුකර ගත නොහැකි තත්වයක් උද්ගතව ඇත. මේ වනවිට නාඩු කිලෝවක සිල්ලර මිල රුපියල් 105 ද සම්බා කිලෝවක මිල රුපියල් 120 ක් ද රතුකැකුළු සහ සුදු කැකුළු කිලෝවක මිල රුපියල් 105 ක්ද වශයෙන් වෙළඳපොලේ අලෙවිකරන බව වෙළෙන්දෝ කියති.දෙවන වරටත් සහල් මාෆියාවෙන් ආණ්ඩුව දණගස්වයි – ගැසට් කළ මිල ගණන්වලට දෙන්න බැරි සහල් ගබඩාවල!",ආණ්ඩුව විසින් ගැසට් නියෝග මගින් නියම කළ මිල ගණන්වලට සහල් සිල්ලරට අලෙවිකළ නොහැකි හෙයින් සහල් තොග වෙළඳසැල්වල විසින් ලබා නොගන්නා බව ද එම නිසා සහල් වල හිඟයක් පවතින බවද සිල්ලර වෙළෙන්දෝ කියති. දැවැන්ත පරිමාණයේ සහල් මෝල් හිමියන් විසින් සහල් තොග රඳවා තබාගෙන ඇති අතර ආණ්ඩුව නියම කළ මිලට අලෙවි කළ නොහැකි තත්වයක් ඇති බව වෙළඳ …,sin,lankaviews,Lanka Views,fake news,d9d44103-d525-4dec-9a3a-0124623c5852,article,MassiveSum
https://www.lankaviews.com/%e0%b6%85%e0%b6%ad%e0%b7%94%e0%b6%bb%e0%b7%94%e0%b6%af%e0%b6%b1%e0%b7%8a-%e0%b6%ad%e0%b7%90%e0%b6%b1%e0%b7%90%e0%b6%ad%e0%b7%8a%e0%b6%ad%e0%b6%b1%e0%b7%8a-%e0%b6%b4%e0%b7%92%e0%b7%85%e0%b7%92%e0%b6%b6/,,අතුරුදන් තැනැත්තන් පිළිබද කාර්යාලය - පෙ.ස.ප. ස්ථාවරය සංවාදයට විවෘත කරයි,,Posted on 09.17.2016 by Chandana Sirimalwatte in දේශීය පුවත් with 0 Comments,ආණ්ඩුව විසින් ගෙන ආ ‘අතුරුදන්වූ තැනැත්තන් පිළිබද කාර්යාල පනත‘ පිළිබද පෙරටුගාමී සමාජවාදී පක්ෂය දරණ අදහස ප්‍රකාශ කරමින් “අතුරුදන් කෙරුණු අයගේ ප‍්‍රශ්නය සහ ජාතිවාදී උගුලෙන් ගැලවීම“ නමින් පොත් පිංචක් ඊයේ(16) විවිධ දේශපාලන පක්ෂ හා සංවිධාන වෙත පිලිගන්වනු ලැබුණි. ‘අතුරුදන්වූ තැනැත්තන් පිළිබඳ කාර්යාල පනත‘ ගෙන එනු ලබන්නේ පසුගිය යුද්ධයේදී අතුරුදන් කළවුන් පිළිබද සත්‍ය තොරතුරු රැස්කිරීමට බලය ලත් …,sin,lankaviews,Lanka Views,fake news,0678ef0a-a3c0-457d-9e5a-409a9992257e,article,MassiveSum
https://www.lankaviews.com/%e0%b7%83%e0%b7%94%e0%b7%85%e0%b6%9f-%e0%b6%9c%e0%b7%92%e0%b6%ab%e0%b7%92-%e0%b6%85%e0%b6%bb%e0%b6%b1%e0%b7%8a-%e0%b6%b8%e0%b6%bb%e0%b6%ab%e0%b6%ba-%e0%b6%b4%e0%b7%92%e0%b7%85%e0%b7%92%e0%b6%b6/,,සුළඟ ගිණි අරන් - මරණය පිළිබඳ අසම්පූර්ණ කියවීමක්!,,Posted on 06.04.2017 by Chandana Sirimalwatte in විශේෂාංග with 0 Comments,විමුක්ති ජයසුන්දර සිනමාකරුවා සිය පස්වන සිනමා කෘතිය ලෙස නිර්මාණය කළ ‘සුළඟ ගිණි අරන්’ කෘතිය පසුගිය දිනවල සීමිත දර්ශන වාර සංඛ්‍යාවක් සඳහා සිනමාහල් වලට නිකුත් විය. ඔහු කෘතීන් පහක් නිර්මාණය කර ඇතත් ලංකාවේ ප්‍රේක්ෂකයන් තවමත් දැක ඇත්තේ චිත්‍රපට දෙකක් පමණි. ඒ ඔහුගේ පළමු කෘතිය වන ‘සුළඟ එනු පිණිස’ සහ මෙය පමණි. ‘සුළඟ ගිණි අරන්’ නැරඹිය හැකි …,sin,lankaviews,Lanka Views,fake news,633985d0-acce-4362-acef-ba9a3febcb86,article,MassiveSum
https://www.lankaviews.com/%e0%b7%80%e0%b7%99%e0%b6%b1%e0%b7%94%e0%b7%83%e0%b7%92%e0%b6%ba%e0%b7%94%e0%b6%bd%e0%b7%8f%e0%b7%80%e0%b7%9a-%e0%b7%80%e0%b7%92%e0%b6%b4%e0%b6%9a%e0%b7%8a%e0%b7%82-%e0%b6%b1%e0%b7%8f%e0%b6%ba%e0%b6%9a/,,වෙනිසියුලාවේ විපක්ෂ නායක නිදහස් කරයි,,Posted on 07.09.2017 by Nishshanka in විදෙස් පුවත් with 0 Comments,වෙනිසියුලානු ශ්‍රේෂ්ඨාධිකරණය විසින් එරට විපක්ෂ නායකයකුවන ලියෝපොල්ඩෝ ලෝපෙස් ඊයේ නිදහස් කර ඇති බව විදෙස් මාධ්‍ය වාර්තා කර ඇත. වත්මන් වෙනිසියුලානු මාදුරෝගේ පාලනයට එරෙහිව කටයුතු කිරීම හේතුවෙන් වසර තුනක් පමණ සිරගතව සිටි ලෝපෙස් ඊයේ එරට බන්ධනාගාරයෙන් නිදහස ලබා සිය නිවස වෙත පැමිණ බව වාර්තාවේ. වසර 14ක සිර දඩුවමකට යටත් සිටි ලෝපෙස් එරට ශ්‍රේෂ්ඨාධිකරණය විසින් ඔහුගේ සෞඛය …,sin,lankaviews,Lanka Views,fake news,09efdbae-ddba-4a3c-a32b-495e2844843a,article,MassiveSum
https://www.lankaviews.com/%e0%b7%83%e0%b7%99%e0%b6%bb%e0%b7%93%e0%b6%b1%e0%b7%8f-%e0%b7%80%e0%b7%92%e0%b6%bd%e0%b7%92%e0%b6%ba%e0%b6%b8%e0%b7%8a%e0%b7%83%e0%b7%8a-%e0%b7%84%e0%b7%8f-%e0%b6%b1%e0%b6%95%e0%b6%b8%e0%b7%92/,,සෙරීනා විලියම්ස් හා නඕමි ඔසාකා US Open අවසන් වටයට,,"Posted on 09.07.2018 by Nishshanka in ක්‍රීඩා පුවත් with 0 Comments

නිව්යෝර් නුවර පැවැත්වෙන US Open ටෙනිස් තරගාවලියේ කාන්තා අවසන් තරගය පිවිසීමට සෙරීනා විලියම්ස් හා ජපානයේ නඕමි ඔසාකා සමත්ව ඇති බව විදෙස් මාධ්‍ය පවසයි.

නඕමි ඔසාකා විසින් ඊයේ දිනයේදී එ. ජනපදයේ මැඩිසන් කේයි තරගවට 6-2 6-4 කින් පරාජය කර එම තරගය ජය ගැනීමට සමත්වීමත් සමග ජපාන ක්‍රීඩිකාවක් US Open ටෙනිස් තරගාවලියක කාන්තා කේවල අවසන් වටයට පිවිසි පළමු තැනැත්තිය බවට පත්වූවාය.

ඊයේ පැවැති තවත් තරගයකින් සෙරීනා විලියම්ස් විසින් ලැට්වියානු ක්‍රීඩිකා ඇනස්ටාසියා සෙවන්කෝවා තරග වට 6-3 6-0 කින් පරාජය කිරීමට සමත්වීමත් සමග ටෙනිස් තරගාවලියේ කාන්තා කේවල අවසන් තරගයට සුදුසුකම් ලබා ගැනීමට සමත් වූවාය.

මේ අනුව සෙරීනා හා නඕමි ඔසාකා අතර US Open කාන්තා කේවල අවසන් තරගය පැවැත්වීමට නියමිතව තිබේ.",නිව්යෝර් නුවර පැවැත්වෙන  US Open ටෙනිස් තරගාවලියේ කාන්තා අවසන් තරගය පිවිසීමට සෙරීනා විලියම්ස් හා ජපානයේ නඕමි ඔසාකා සමත්ව ඇති බව විදෙස් මාධ්‍ය පවසයි. නඕමි ඔසාකා විසින් ඊයේ දිනයේදී එ. ජනපදයේ මැඩිසන් කේයි තරගවට 6-2 6-4 කින් පරාජය කර එම තරගය ජය ගැනීමට සමත්වීමත් සමග ජපාන ක්‍රීඩිකාවක් US Open ටෙනිස් තරගාවලියක කාන්තා කේවල අවසන් වටයට පිවිසි …,sin,lankaviews,Lanka Views,fake news,f375b456-865c-490d-acc1-b9a18ea9594d,article,MassiveSum
https://www.lankaviews.com/%e0%b6%b8%e0%b7%94%e0%b7%83%e0%b7%8a%e0%b6%bd%e0%b7%92%e0%b6%b8%e0%b7%8a-%e0%b6%b8%e0%b6%b1%e0%b7%8a%e0%b6%ad%e2%80%8d%e0%b7%8a%e2%80%8d%e0%b6%bb%e0%b7%93%e0%b7%80%e0%b6%bb%e0%b7%94-%e0%b6%ba%e0%b7%85/,,මුස්ලිම් මන්ත‍්‍රීවරු යළි තනතුරු ගැනීමට සැරසෙයි,,"Posted on 07.12.2019 by Sithara Sajeewani in දේශීය පුවත් with 0 Comments

සිය තනතුරුවලින් ඉල්ලා අස්වූ මුස්ලිම් මන්ත්‍රීවරුන් නැවත ඇමති ධුර ලබා ගැනීමට ඊයේ (11)තීරණය කර තිබේ.

ඔවුන් එම තීරණය ගෙන ඇත්තේ, පාර්ලිමේන්තු සංකීර්ණයේ පැවති සාකච්ඡාවකින් පසුවයි.

පාර්ලිමේන්තු මන්ත්‍රී ඒ.එච්.එම් ෆවුසිගේ ප්‍රධානත්වයෙන් පැවති මෙම සාකච්ඡාවට හිටපු අමාත්‍යවරුන් වන රාවුෆ් හකීම් සහ රිෂාඩ් බදියුද්දීන් ඇතුළු මන්ත්‍රීවරුන් සහභාගිවූ බව වාර්තා වේ.

පාස්කු ඉරුදින එල්ල වූ ප‍්‍රහාරය සම්බන්ධයෙන් රිෂාඞ් බදියුදීන් අමාත්‍යවරයාට එල්ල වූ චෝදනා මාසයක් ඇතුළත ඔප්පුකරන මෙන් පවසමින් සියලුම මුස්ලිම් ඇමතිවරුන් ඉල්ලා අස්වූ නමුත් මේ වනවිට එම කාලය ඉක්ම ගොස් ඇති බවත් අදාළ චෝදනා කිසිවක් ඔප්පු කිරීමට නොහැකිවූ බැවින් මෙලෙස තනතුරු ලබාගැනීමට තීරණය කළ බව ඒ.එච්.එම් ෆවුසි පවසා තිබේ .

මෙම තීරණය පිළිබඳව තමන් මේ වනවිට අගමැතිවරයාට දැනුම් දී ඇති බවත් එංගලන්තයේ සංචාරයක නිරත ජනාධිපතිවරයා මෙරටට පැමිණි වහාම මේ සම්බන්ධයෙන් සාකච්ඡා කරන බව අගමැතිවරයා කී බවද ඒ.එච්.එම් ෆවුසි වැඩිදුරටත් පවසා ඇත.","සිය තනතුරුවලින් ඉල්ලා අස්වූ මුස්ලිම් මන්ත්‍රීවරුන් නැවත ඇමති ධුර ලබා ගැනීමට ඊයේ (11)තීරණය කර තිබේ. ඔවුන් එම තීරණය ගෙන ඇත්තේ, පාර්ලිමේන්තු සංකීර්ණයේ පැවති සාකච්ඡාවකින් පසුවයි. පාර්ලිමේන්තු මන්ත්‍රී ඒ.එච්.එම් ෆවුසිගේ ප්‍රධානත්වයෙන් පැවති මෙම සාකච්ඡාවට හිටපු අමාත්‍යවරුන් වන රාවුෆ් හකීම් සහ රිෂාඩ් බදියුද්දීන් ඇතුළු මන්ත්‍රීවරුන් සහභාගිවූ බව වාර්තා වේ. පාස්කු ඉරුදින එල්ල වූ ප‍්‍රහාරය සම්බන්ධයෙන් රිෂාඞ් බදියුදීන් …",sin,lankaviews,Lanka Views,fake news,f284a1d2-d818-4c13-905c-dd89963771ea,article,MassiveSum
https://www.lankaviews.com/%e0%b6%af%e0%b7%92%e0%b6%bd%e0%b7%8a%e0%b6%bb%e0%b7%94%e0%b6%9a%e0%b7%8a%e0%b7%82%e0%b7%92-%e0%b6%a9%e0%b6%ba%e0%b7%83%e0%b7%8a%e0%b6%a7-%e0%b6%91%e0%b6%bb%e0%b7%99%e0%b7%84%e0%b7%92-%e0%b7%80/,,දිල්රුක්ෂි ඩයස්ට එරෙහි විනය පරීක්ෂණයක්,,"Posted on 09.22.2019 by Sithara Sajeewani in දේශීය පුවත් with 0 Comments

අල්ලස් කොමිසමේ හිටපු අධ්‍යක්ෂ ජනරාල් මෙන්ම වර්තමාන සොලිසිටර් ජෙනරාල් දිල්රුක්ෂි ඩයස් සහ ඇවන්ගාඩ් සභාපති නිශ්ශංක සේනාධිපති අතර සිදුවු දුරකථන සංවාදය සම්බන්ධයෙන් මූලික විනය පරීක්ෂණයක් සිදුකිරීමට නීතිපතිවරයා ඉල්ලීමක් කරන බව නීතිපතිවරයාගේ සම්බන්ධීකරණ නිලධාරීනි අධිනීතිඥ නිෂාරා ජයරත්න සඳහන් කර තිබේ.

ඒ අනුව අදාල ඉල්ලීම රාජ්‍ය සේවා කොමිෂන් සභාව වෙත සඳුදා දිනයේදී යොමුකරනු ඇති.

අල්ලස් කොමිසමේ හිටපු අධ්‍යක්ෂ ජනරාල් දිල්රුක්ෂි ඩයස් දේශපාලන බලපෑම් මත ඇවන්ට්ගාඩ් සමාගමට නඩු පැවරු බව කියවෙන දුරකථන සංවාදයක හඩ පටයක් එම සමාගමේ සභාපති නිශ්ශංක සේනාධිපති සිංගප්පුරුවේ සිට සමාජ මාධ්‍ය වෙත ඊයේ නිකුත් කරනු ලැබීය.

කෙසේවෙතත් මෙම හඬ පටය සම්බන්ධයෙන් තමන් නීතිපතිවරගෙන් කරුණු විමසන බව අධිකරණ අමාත්‍ය තලතා අතුකෝරළ පවසා තිබේ.

මේ අතර අල්ලස් කොමිසමේ හිටපු අධ්‍යක්ෂ ජනරාල් දිල්රුක්ෂි ඩයස් මහත්මිය සිය ෆෙස්බුක් ගිණුම ඔස්සේ සටහනක් තබමින් මෙසේ සඳහන් කර ඇත.

දිල්රුක්ෂි ඩයස් facebook සටහනක් තබමින් මුළු දුරකථන සංවාදයම මුදා හරින ලෙස සහ එහි සඳහන් දේශපාලනඥයා හෙළිකරන ලෙස සඳහන් කර තිබුණි.",අල්ලස් කොමිසමේ හිටපු අධ්‍යක්ෂ ජනරාල් මෙන්ම වර්තමාන සොලිසිටර් ජෙනරාල් දිල්රුක්ෂි ඩයස් සහ ඇවන්ගාඩ් සභාපති නිශ්ශංක සේනාධිපති අතර සිදුවු දුරකථන සංවාදය සම්බන්ධයෙන් මූලික විනය පරීක්ෂණයක් සිදුකිරීමට නීතිපතිවරයා ඉල්ලීමක් කරන බව නීතිපතිවරයාගේ සම්බන්ධීකරණ නිලධාරීනි අධිනීතිඥ නිෂාරා ජයරත්න සඳහන් කර තිබේ. ඒ අනුව අදාල ඉල්ලීම රාජ්‍ය සේවා කොමිෂන් සභාව වෙත සඳුදා දිනයේදී යොමුකරනු ඇති. අල්ලස් කොමිසමේ හිටපු අධ්‍යක්ෂ …,sin,lankaviews,Lanka Views,fake news,c625018c-e5a6-4639-b0db-4986b4d26e6f,article,MassiveSum
https://www.lankaviews.com/%e0%b6%85%e0%b6%b0%e0%b7%93%e0%b6%9a%e0%b7%8a%e0%b7%82%e0%b6%ab%e0%b6%ba-%e0%b7%83%e0%b7%84-%e0%b6%af%e0%b6%ac%e0%b7%94%e0%b7%80%e0%b6%b8%e0%b7%8a-%e0%b6%af%e0%b7%93%e0%b6%b8-%e0%b6%94%e0%b7%80/,,"අධීක්ෂණය සහ දඬුවම් දීම? ඔව්, කරුණාකරලා! - ස්ලෙවෝයි ශිෂෙක්",,"සුමිත් චාමින්ද විසින්, ස්ලෙවෝයි ශිෂෙක්ගේ PANDEMIC-Covid19 Shakes the World (වසංගතය! කොවිඩ් 19 ලොව සසල කරයි) කෘතියේ අන්තර්ගතය, සිංහල අනුවාදයකට ගොනුකරන ලිපි මාලාවේ අටවන පරිච්ජේදය මෙහි පළ වේ.

හැඳින්වීම මෙම පරිච්ජේදයේදී ශිෂෙක් කොරෝනා වසංගතය ආශ්‍රිතව පැන නැගී ඇති ඇතැම් වාමාංශික සහ ලිබරල්වාදී බුද්ධිමය ප්‍රවේශයන්ට ප්‍රතිචාර දක්වයි. ඒ අතුරින් කැපී පෙනෙන්නේ ඔහු ජියෝජි අගම්බෙන් වෙත දක්වන ප්‍රතිචාරයයි. 2005 වසරේදී ඉංග්‍රීසියට පරිවර්තනය වූ අගම්බෙන්ගේ State of Exception කෘතියේදී ඔහු තර්ක කළේ ස්වාධිපති පාලකයාට හදිසි තත්ත්වයක් තුළදී නීතිය ඉක්මවා යාමට ඇති හැකියාව (මෙය කාල් ෂ්මිට් නමැති ජර්මානු දේශපාලන චින්තකයා විසින් ගොඩ නගන ලද අදහසකි) දැන් සාමාන්‍ය තත්ත්වය බවට පත්ව තිබෙන බවය. ඒ අනුව, එය තව දුරටත් ව්‍යතිරේඛීය තත්ත්වයක් නොවේ. කොරෝනා වසංගතය යුරෝපයට ව්‍යාප්ත වීමත් සමග අගම්බෙන් පැවසුවේ “ව්‍යතිරේඛීය තත්ත්වය සාමාන්‍යය බවට පරිවර්තනය වීම” දැන් අන් කවරදාටත් වඩා හොඳින් දෘෂ්‍යමාන වෙමින් පවතින බවය. අන් කිසිදු වසංගතයකදී මෙලෙස දීර්ඝ ඇඳිරි නීති පැණවීම් සිදු නොවීය; එසේම පුද්ගලයන්ගේ ජීව දත්ත පවා රාජ්‍යයේ සුපරීක්ෂාවට ලක් වීම කොරෝනා වසංගතය හමුවේ සාමාන්‍ය දෙයක් බවට පත්ව තිබේ. රාජ්‍යයේ එම ව්‍යතිරේඛීය මැදිහත්වීම්වලට අද වසංගතයේ නාමයෙන් නව සුජාතභාවයක්ද හිමිව තිබේ. වසංගතය හමුවේ රාජ්‍යයේ බලහත්කාරී සහ මැදිහත්වීම්වාදී යාන්ත්‍රණයන් වර්ධනය කරනු ලැබීම සම්බන්ධයෙන් සෙසු වාමාංශික බුද්ධිමතුන් සේම ශිෂෙක්ද විවේචනාත්මකය. විශේෂයෙන්ම ඔහු මෙම කෘතියේ කලින් පරිච්ජේදවලදී චීනය සම්බන්ධයෙන් පළ කළ විවේචනාත්මක අදහස්වල හරය වූයේම ඔහු දේශපාලන අධිකාරීවාදය කෙරෙහි දක්වන විරෝධයයි. නමුත්, ශිෂෙක් මේ කාරණයේදී අගම්බෙන් සමග එකඟ වන්නේ යම් දුරකට පමණි. අගම්බෙන් කොරෝනා ආශ්‍රිත භීතිය රාජ්‍යයන් සහ අධිපති මාධ්‍ය විසින් ගොඩ නගන ලද්දක් ලෙස සලකන අතර වසංගතය අවතක්සේරු කරන තරම් දුරට යයි. නමුත්, ශිෂෙක් එම ස්ථාවරය බෙදා නොගනී. ඔහුගේ ප්‍රවේශය වන්නේ කොරෝනා වසංගතය බරපතලව භාර ගත යුතු බවත් එයින් ජනනය කෙරෙන බහු-විධ අර්බුදයට ප්‍රායෝගික විසඳුම් යෝජනා කිරීමට වාමාංශය සමත් විය යුතු බවත්ය. එසේම පුද්ගලයන් අතර භෞතික දුරස්තභාවයක් පවත්වා ගැනීමේ රීතිය කඩ කරමින් මිනිසුන් වැළඳගැනීමේ සහ අතට අත දීමේ අන්ත වාමාංශික නැමියාවද ශිෂෙක්ගේ විවේචනයට ලක් වේ. ඔහු ඒ වෙනුවට පෙන්වා දෙන්නේ ඇතැම්විට දුරස්ව සිටීම සහ අවශ්‍ය නම් හුදෙකලාව සිටීම පවා අද දවසේ අවශ්‍ය සහයෝගීතා මාදිලිය විය හැකි බවයි.මෙම ප්‍රතිචාරවලින් ගම්‍ය වන්නේ බොහෝ විට ආන්තික වාමාංශික න්‍යායවේදියෙකු වශයෙන් පවා දකිනු ලබන ශිෂෙක් කොරෝනා වසංගතය හමුවේ පැන නැගී ඇති අවිනිශ්චිතතාවේ නිමේෂය තුළ අතිශය ප්‍රායෝගික ප්‍රතිචාරයක් දැක්වීමට ඉදිරිපත්ව ඇති බවකි. එසේම ඔහුගේ ස්වරය සාමාන්‍යයෙන් තමන් වාමාංශිකයෙකු යැයි හඳුනා නොගන්නා අයෙකු පවා ඒත්තු ගැන්විය හැකි ආකාරයේ එකකි. කොටින්ම මෙහිදී අප දකින්නේ හෙජමොනික ශිෂෙක් කෙනෙකි. ඇති තරම් ඔහුගේ විවේචනවලට ලක්ව ඇති ෂන්තාල් මූෆ් පවා ඇයගේ නවතම කෘතිය වන “For a Left Populism” (2018) තුළ යුරෝපීය වාමාංශයට යෝජනා කරන්නේ මීට සමාන්තර ප්‍රවේශයක් බව මගේ අදහසයි. එය ශිෂෙක්ගේ “Pandemic!” කෘතිය තුළ මා දකින ප්‍රධාන දේශපාලන වැදගත්කමකි.

අට වන පරිච්ජේදය අධීක්ෂණය සහ දඬුවම් දීම? ඔව්, කරුණාකරලා!

ජනතාව පාලනයට සහ නියාමනයට ලක් කිරීමේ විධි විධාන සාධාරණීකරණය කිරීම සඳහා කොරෝනා වසංගතය උපකාරී වන්නේ කෙසේදැයි බොහෝ ලිබරල් සහ වාමාංශික විචාරකයින් පෙන්වා දී තිබේ. එම විධි විධාන මේ තාක් කල් බටහිර ප්‍රජාතාන්ත්‍රික සමාජ තුළ සිතන්නට පවා නොහැකිව තිබූ ආකාරයේ ඒවාය. සමස්ත ඉතාලියම අගුළු දැමීම වනාහී නියත වශයෙන්ම ඒකාධිපතිවාදීන්ගේ වියරු අපේක්ෂාවන් ඉටු වීමකි. දැනට පවත්නා තත්ත්වයන් යටතේ ගත් කල, චීනය විනාශකාරී වසංගතයක් සමග ගණුදෙණු කිරීමට වඩාත් හොඳ සූදානමකින් සිටින බව ඔප්පු වී ඇත; ඒ ගැන කිසිදු සැකයක් නොමැත; එරට පුළුල්ව ව්‍යාප්ත වෙමින් පවතින සමාජය ඩිජිටල් පාලනයකට ලක් කිරීමද ඊට අයත්ය. මෙයින් අදහස් වන්නේ අඩු තරමින් ඇතැම් පැතිමාන අනුව චීනය අපගේ අනාගතය බවද? ඉතාලියානු දාර්ශනික ජියෝජි අගම්බෙන් කොරෝනා වසංගතයට ප්‍රතිචාර දක්වා තිබෙන්නේ සෙසු මත පළ කරන්නන් බහුතරයකට වඩා රැඩිකල් ලෙසම වෙනස් ආකාරයකටය. අගම්බෙන් “හුදෙක් උණ රෝගයේ තවත් එක් ස්වරූපයක් වන කොරෝනා වසංගතය යැයි සැලකෙන දේ වෙනුවෙන් අනුගමනය කෙරෙන උමතු, අතාර්කික සහ මුළුමනින්ම නොගැලපෙන හදිසි ක්‍රියා මාර්ග” හෙළා දකියි. ඔහු මෙසේ විමසයි: “මාධ්‍ය සහ බලධාරීන් භීතියේ පරිසරයක් නිර්මාණය කිරීමටත්, එනයින් සැබෑ ව්‍යතිරේඛීය තත්ත්වයක් පන ගැන්වීමටත් තමන්ට කළ හැකි සියල්ලම කරන්නේ මන්ද? මිනිසුන්ගේ සංචලතාව දැඩි ලෙස සීමා කිරීම සහ සමස්ත ප්‍රදේශ ආවරණය වන පරිදි දෛනික ජීවන කටයුතු නතර කොට දැමීමද ඊට අයත්ය.” අගම්බෙන්ට අනුව මෙය ” සමානුපාතික නොවන ප්‍රතිචාරයකි.” එයට ප්‍රධාන හේතුව ලෙස ඔහු දකින්නේ “ව්‍යතිරේඛීය තත්ත්වය ආණ්ඩුකරණයේ සාමාන්‍ය ආකෘතිය ලෙස භාවිත කිරීම සඳහා ඇති වැඩෙන නැමියාවයි.” “හදිසි තත්ත්වයක් තුළ ආණ්ඩුවේ විධායක නියෝග මගින් ක්‍රියාවට නගන විධි විධාන අපගේ නිදහස බරපතල ලෙස සීමා කිරීමට ඉඩ සලසයි. NRC ආයතනයට අනුව අප සෑම වසරකදීම මුහුණ දෙන ආකාරයේ සාමාන්‍ය උණ රෝගයකට වඩා එතරම් වෙනසක් නොමැති තර්ජනයක් වෙනුවෙන් කරන මේ පාලනය කිරීම් විසමානුපාතික බව ඉතාම පැහැදිලිය. වරෙක ව්‍යතිරේඛීය ක්‍රියා මාර්ග යුක්ති සහගත කිරීම සඳහා ත්‍රස්තවාදය යන්න අධික ලෙස භාවිත කරනු ලැබිණ; දැන් එවන් ක්‍රියා මාර්ග කිසිදු සීමාවකින් තොරව ව්‍යාප්ත කිරීම සඳහා වසංගතයක් සොයා ගැනීම කදිම ආවරණයක් වී ඇතැයි අපට කිව හැකිය.” “දෙවන හේතුව වන්නේ මෑත වසරවලදී පුද්ගලික විඥානය තුළට කාවද්දන ලද සහ සාමූහික කලබලකාරීත්වයේ සැබෑ අවශ්‍යතාවක් බවට හරවන ලද භීතියේ තත්ත්වය සඳහාද කොරෝනා වසංගතය කදිම ආවරණයක් සැපයීමයි.” අගම්බෙන් වත්මන් වසංගතය තුළ රාජ්‍ය පාලනය ක්‍රියාත්මක වන ආකාරයේ වැදගත් පැතිමානයක් විස්තර කරයි. නමුත්, තවමත් විවෘතව පවතින ප්‍රශ්න කිහිපයක් තිබේ. රාජ්‍ය බලය කෙරෙහිම අවිශ්වාසයක් ඇති කරලන ආකාරයේ (“එයාලටත් කර කියා ගන්න දෙයක් නැහැ”, “ඔවුන් කරන්න ඕන දේවල් කළේ නැහැ…”) සහ ප්‍රාග්ධනය ප්‍රතිනිෂ්පාදනය කිරීමේ මෘදු ක්‍රියාවලියට බාධා ඇති කරන ආකාරයේ භීතියක් වර්ධනය කිරීමට රාජ්‍යය කැමති වනු ඇත්ද? තම පාලනය ප්‍රතිස්ථාපනය කර ගැනීම සඳහා ගෝලීය ආර්ථික අර්බුදයක් පන ගැන්වීම සැබවින්ම ප්‍රාග්ධනයේ සහ රාජ්‍ය බලයේ වුවමනාවක් විය හැකිද? හුදු සාමාන්‍ය ජනයා පමණක් නොව රාජ්‍යයමත් පවත්නා තත්ත්වය පාලනය කර ගත නොහැකි බව දැක කලබලයට පත්ව සිටින බවට පැහැදිලි සංඥා නොමැතිද? මේ සංඥා හුදෙක් කූට උපක්‍රමද? අගම්බෙන්ගේ ප්‍රතිචාරය වනාහී කොරෝනා වෛරසය විසින් නිර්මාණය කෙරුණු “අතිශයෝක්තියට නංවන ලද භීතිය” සමාජ පාලනය අභ්‍යාස කිරීමේත් සෘජු වර්ගවාදයේත් (එනම්, ට්‍රම්ප් “චීන වෛරසය” යැයි කියන විට හඟවන දෙය) මිශ්‍රණයක් ලෙස කියැවීමේ පුළුල් වාමාංශික ස්ථාවරයේ ආන්තික ප්‍රකාශනයකි. කෙසේ වුවත්, එවන් සමාජ අර්ථකතන විසින් වසංගතයේ තර්ජනය දුරු වී යාම යථාර්තයක් කරනු ලබන්නේ නැත. පවත්නා යථාර්තය අපගේ නිදහස බරපතල ලෙසින් සීමා කරන්නට බල කරන්නේද? නිරෝධානය සහ ඊට සමාන ක්‍රියා මාර්ග සැබවින්ම අපගේ නිදහස සීමා කරයි. එසේම, එම ක්‍රියා මාර්ග අවභාවිත කරනු ලබන්නේ කෙසේදැයි හෙළිදරව් කිරීම සඳහා චෙල්සි මෑනින්, ජූලියන් අසාන්ජ් සහ එඩ්වර්ඩ් ස්නොර්ඩන්ගේ මාර්ගය අනුව යන නව ක්‍රියාකාරීන් අවශ්‍යය. නමුත්, වෛරසයේ තර්ජනය නව ආකාරයේ ප්‍රාදේශීය සහ ගෝලීය සහයෝගිතාවන්හි සුවිසල් පිබිදීමක්ද නිර්මාණය කොට තිබේ. එසේම එය බලය පාලනයට ලක් කිරීමේ අවශ්‍යතාවද දැඩි ලෙස පැහැදිලි කොට තිබේ. රාජ්‍ය බලය වගකීම් සහගතව පවත්වා ගැනීමට ජනතාවට අයිතියක් ඇත. “නුඹලාට බලය තිබේ; දැන් නුඹලාට කළ හැක්කේ කුමක්දැයි අපට පෙන්වන්න!”යුරෝපය මුහුණ දෙන අභියෝගය වන්නේ චීනය කළ දෙයම වඩාත් විනිවිද පෙනෙන සුළු සහ වඩාත් ප්‍රජාතාන්ත්‍රික ආකාරයෙන් කළ හැකි බව ඔප්පු කොට පෙන්වීමයි. චීනය හඳුන්වා දුන් ක්‍රියාමාර්ග බටහිර යුරෝපය සහ එක්සත් ජනපදය ඉවසනු ඇතැයි සිතිය හැකි දේ නොවේ. ඇතැම්විට එය ඔවුනට අවාසියක් වීමටද හැකිය. රළු ලෙස පැවසුවහොත්, සෑම ආකාරයකම (රෝග ලක්ෂණ) මැනීම් සහ වගු ගත කිරීම් “සුපරීක්ෂාකරණයක්” ලෙසත් සක්‍රීය ආණ්ඩුකරණය “සමාජ පාලනය” ලෙසත් කාල්පනිකව අර්ථකථනය කිරීම අත් වැරදීමකි. අපට (රාජ්‍ය) මැදිහත්වීම පිළිබඳ වඩාත් සියුම් සහ වෙනස් වාග් කෝෂයක් අවශ්‍යය. සියල්ල නිශ්චය වන්නේ මෙම “වඩාත් සියුම් වාග් කෝෂය” මගිනි. වසංගතය විසින් අවශ්‍ය කෙරෙන ක්‍රියා මාර්ග නිසඟයෙන්ම මිචෙල් ෆූකෝ වැනි චින්තකයින් විසින් ප්‍රචලිත කොට තිබෙන සුපරීක්ෂාව සහ පාලනය පිළිබඳ සුපුරුදු ආකෘතියට ඌණනය නොකළ යුතුය. මා අද චීනය සහ ඉතාලිය විසින් භාවිතයට නගන ලද ක්‍රියා මාර්ග වලටත් වඩා බිය වන්නේ ඔවුන් එම ක්‍රියා මාර්ග වසංගතය පාලනය කිරීමෙහිලා අසාර්ථක ලෙස යොදා ගනීවිය කියාය; එසේම, බලධාරීන් සත්‍ය තොරතුරු වසං කිරීම සහ වෙනස් කිරීම සිදු කරාවිය කියාය. විකල්ප දක්ෂිණාංශය සේම ව්‍යාජ වාමාංශයද වසංගතයේ පූර්ණ යථාර්ථය පිළිගැනීම ප්‍රතික්ෂේප කරයි. ඔවුන් එය සමාජ-ගොඩ නැංවීම්වාදයකට ලඝු කොට අඩු තක්සේරු කරයි. නිදසුනක් ලෙස, එහි සමාජ අර්ථය සලකා බලා එය නිෂ්ප්‍රභ කිරීමට යොමු වේ. ට්‍රම්ප් සහ ඔහුගේ පාක්ෂිකයින් නිරන්තරයෙන්ම අවධාරණය කරන්නේ මේ වසංගතය වනාහී ඔහුව මැතිවරණයෙන් පරාජයට පත් කිරීම සඳහා ප්‍රජාතාන්ත්‍රික පක්ෂය සහ චීනය විසින් කරන ලද කුමන්ත්‍රණයක් බවයි. ඒ අතර වාමාංශයේ ඇතැමුන් රාජ්‍යය සහ සෞඛ්‍ය අංශ විසින් යෝජනා කරන ලද ක්‍රියා මාර්ග වාර්ගික භීතිකාවෙන් දූෂණය වී ඇතැයි පවසා ඒවා බැහැර කරයි; එබැවින්, සමාජ අන්තර්-ක්‍රියාවන් දිගටම පවත්වා ගත යුතු බව අවධාරණය කරයි. එය සංකේතවත් කෙරෙන්නේ අතට අත දීමේ චාරිත්‍රයේ දිගටම නිරත වීමෙනි. එවන් ස්ථාවරයකට මග හැරෙන පරස්පරතාව වන්නේ මෙයයි: අතට අත නොදීම සහ අවශ්‍ය වූ විට හුදෙකලා වීම යනු අද දවසේ සහයෝගිතාවයේ ආකාරයයි.සැබවින්ම ඉදිරියට ගොස් දිගටම අතට අත දීමෙහි සහ වැළඳගැනීමෙහි නිරත විය හැක්කේ කා හටද? වරප්‍රසාදලාභී සුළුතරයටය. බොකැචියෝ ගේ “ඩිකැමෙරොන්” කෘතිය සමන්විත වන්නේ තරුණියන් සත් දෙනෙකු සහ තරුණයින් තිදෙනෙකු වසංගතයක් පැතිර ගිය ෆ්ලොරන්ස් නගරයෙන් පලා ගොස් නගරයෙන් පිටත ඇති හුදෙකලා නිවාඩු නිකේතනයක වාසය කරමින් එකිනෙකාට පවසන කතන්දරවලිනි. (ශිෂෙක් මෙහිලා සඳහන් කරන කෘතිය ජියොවන්නි බොකැචියෝ නමැති මධ්‍යතන යුගයේ විසූ ඉතාලියානු ජාතික කතුවරයා විසින් රචනා කොට ඇත්තේ යුරෝපයේ “කළු මරණ වසංගතය” පැතිර ගිය 1348-1353 අතර කාල පරිච්ජේදය තුළදීය -පරිවර්තක). දැන් මූල්‍ය ධනපති ප්‍රභූන්ද ඒ ආකාරයෙන්ම ඩිකැමෙරොන් කෘතියේ මෙන් කතන්දර කියමින් එකිනෙකාව සතුටු කර ගත හැකි හුදෙකලා කලාප වෙත ගමන් කරනු ඇත; ඒ අතර සාමාන්‍ය ජනතාව වන අපට වෛරස් සමග ජීවත් වන්නට සිදු වනු ඇත. මට විශේෂයෙන්ම නුරුස්සන සුළු දේ වන්නේ අපගේ මාධ්‍ය හෝ වෙනත් බලවත් ආයතන යම් වසා දැමීමක් හෝ අවලංගු කර දැමීමක් නිවේදනය කරන විට ඔවුන් රීතියක් ලෙසම ඒ සඳහා යම්කිසි කාල සීමාවක් පැණවීමයි; නිදසුනක් ලෙස, ඔවුන් “පාසැල් අප්‍රේල් 4 වනදා දක්වා වසා තබනු ඇතැයි” අපට දැනුම් දෙයි. මෙහිදී විශාලතම අපේක්ෂාව වන්නේ වසංගතය ඉහළම අදියරට ළඟා වූ පසුව (එය ඉක්මනින් පැමිණෙනු ඇත) දේවල් යළි යථා තත්ත්වයට පත් වනු ඇතිය යන්නයි. මා හට දැනටමත් දැනුම් දී තිබෙන කාරණයක් නම් මා සහභාගී වන විශ්ව විද්‍යාල සම්මන්ත්‍රණයක් සැප්තැම්බර් මාසය දක්වා කල් තබා ඇති බවයි. මෙතැන අප අල්ලා ගත යුතු කාරණය වන්නේ කාලය ගත වීමත් සමග ජීවිතය සාමාන්‍ය තත්ත්වයට පත් වුවද, එය අප කොරෝනා වසංගතයට පෙර අත් විඳින ලද සාමාන්‍ය තත්ත්වයම නොවනු ඇති බවයි. අපගේ දෛනික ජීවිතයේ කොටස් ලෙස දකින්නට අප හුරු වූ දේ තවදුරටත් දෙන ලද දේ ලෙස පිළි නොගැනෙනු ඇත. නිරන්තර තර්ජනයන් සහිත වඩාත් අබල දුබල ජීවිතයක් ගත කරන්නට අප උගත යුතුය. අපට ජීවිතය පිළිබඳ, පැවැත්ම පිළිබඳ අපගේ සමස්ත ස්ථාවරයම වෙනස් කර ගන්නට සිදු වනු ඇත. ඒ අප සෙසු ආකාරයේ ජීවීන් අතර වෙසෙන තවත් සජීවී සත්ව කොටසක් වන්නේය යන ස්ථාවරයයි. වෙනත් වචනවලින් කිව හොත්, අප දර්ශනය යන්න හඳුනා ගන්නේ අපගේ ප්‍රධාන ජීවන නැමියාවට කියන නමක් ලෙස නම්, අපට දැන් සත්‍ය දාර්ශනික විප්ලවයක් අත් විඳින්නට සිදු වනු ඇත. මේ කාරණය තවත් පැහැදිලි කිරීම සඳහා මට ජනප්‍රිය නිර්වචනයක් උපුටා දැක්වීමට ඉඩ දෙන්න: “වෛරස් යනු ඕනෑම ආසාදක කාරකයෙකි; ඒවා සාමාන්‍යයෙන් අති-අණ්වීක්ෂීය වේ; ඒවායෙහි ප්‍රෝටීන් ආවරණයක් තුළ නියුක්ලෙයික් අම්ලය (RNA හෝ DNA) අන්තර්ගත වේ: ඒවා සතුන්ට, ගස් වැල් වලට බෝවී ජීවී සෛල තුළ පමණක් ප්‍රතිනිෂ්පාදනය වේ: වෛරස් සලකනු ලබන්නේ ජීවමාන නොවන රසායනික ඒකක ලෙසය; නැතහොත්, ඇතැම්විට ජීවමාන ප්‍රාණ වස්තූන් ලෙසද ඒවා සැලකේ.”ජීවිතය සහ මරණය අතර වන මෙම දෝලනය වීම තීරණාත්මකය: වෛරස් සාමාන්‍ය අරුතින් ගත් කල සජීවී නොවන අතර අජීවීද නොවේ. ඒවා කිසියම් ආකාරයක ජීවමාන අප්‍රාණයන්ය. වෛරස් තමන්ව පිටපත් කිරීමට දක්වන ප්‍රේරණය අනුව ගත් කල ජීවමානය; නමුත්, එය කිසියම් ආකාරයක ශුන්‍ය තලයේ පවතින ජීවිතයකි. ඒවා පුනරාවර්තනයට ලක් වීමේ සහ බහු ගුණනය වීමේ අතිශය මුග්ධ තලයේදී මරණාශය ජීවිතය ලෙස නොගත් හුදු ජීව විද්‍යාත්මක විකට රූප වේ. කෙසේ වුවත්, වෛරස් යනු වඩාත් සංකීර්ණ ජීව ස්වරූප කරා වර්ධනය විය හැකි ප්‍රාථමික ජීව ස්වරූප නොවේ; ඒවා මුළුමනින්ම පරපෝෂිතයන් වේ; ඒවා තමන්ව පිටපත් කරනු ලබන්නේ වඩාත් දියුණු ජීවී ඉන්ද්‍රියන්වලට ආසාදනය වීම ඔස්සේය (මානවයන් වන අපට වෛරසයක් බෝ වුන විට අප හුදෙක් එය පිටපත් කරන යන්ත්‍ර ලෙස සේවය කරයි). වෛරසයන්ගේ අබිරහස රඳා පවතින්නේ මෙසේ (ප්‍රාථමික සහ පරපෝෂිත යන) ප්‍රතිපක්ෂයන් එක විට පැවතීම තුළය. එය ශෙලින් “කිසිදාක අවලංගු කළ නොහැකි අවශේෂය” ලෙසින් හැඳින්වූ දේට නිදසුනකි: ජීවයේ පහත්ම තලයක ශේෂයකි; බහු ගුණනය වීමේ උසස් යාන්ත්‍රණයක අක්‍රමවත් ක්‍රියාකාරීත්වයේ ප්‍රතිපලයක් ලෙස පැන නගින්නකි. අඛණ්ඩවම ඒවා සමග ගැවසෙන්නකි; ඒවාට ආසාදනය වන්නකි. කිසිදාක ජීවයේ ඉහළ තලයකට යටත් ස්ථානයක් තුළට යළිත් අන්තර්-ග්‍රහණය කළ නොහැකි ශේෂයකි. මෙතැනදී අපට මුණ ගැසෙන්නේ හේගල් සමපේක්ෂාත්මක විනිශ්චය යනුවෙන් හැඳින්වූ දෙයයි; ,එනම්, ඉහළම දෙයෙහි සහ පහත්ම දෙයෙහි අනන්‍යතාව සහතික කිරීමයි. මේ සඳහා හේගල්ගේ හොඳම නිදසුන වන්නේ ඔහුගේ Phenomenology of Spirit කෘතියේ ඇති කපාල ලක්ෂණ විද්‍යාව පිළිබඳ විශ්ලේෂණයේදී සඳහන් “ආත්මය යනු අස්ථියකි” යන ප්‍රකාශයයි. අපගේ නිදසුන විය යුත්තේ “ආත්මය යනු වෛරසයකි” යන්නයි. මානව ආත්මය යනු මානව සත්වයන් මත පරපෝෂිතව සිටින කිසියම් ආකාරයක වෛරසයකි. එය තමන්වම ප්‍රතිනිෂ්පාදනය කර ගැනීම සඳහා මානව සත්වයන් සූරා කයි. එසේම ඇතැම්විට ඔවුන්ව විනාශ කර දමන බවට තර්ජනය කරයි. තවද, ආත්මයේ මාධ්‍ය භාෂාව වන තාක් දුරට අප අමතක නොකළ යුත්තක් නම් භාෂාවද එහි ඉතාම මූලධාර්මික තලයෙහිදී යාන්ත්‍රික වූවක් බවයි; අප උගත යුතු සහ අනුගමනය කළ යුතු රීතින් පිළිබඳ කාරණයක් බවයි. කවට අනුකෘතීන් යනු මනසේ වෛරසයන් යැයි රිචර්ඩ් ඩෝකින්ස් පවසා තිබේ. ඒවා මානව මනස “යටත් විජිතකරණයට” ලක් කරන පරපෝෂිත අංගයන්ය; තමන්වම බහු ගුණනය කර ගැනීම සඳහා මනස උපකරණයක් බවට පත් කරගන්නා දේය. මේ අදහසේ සමාරම්භකයා අන් කිසිවෙකු නොව ලියෝ ටෝස්ල්ටෝයිය. සාමාන්‍යයෙන් ටෝල්ස්ටෝයිව සලකනු ලබන්නේ ඩොස්ටොව්ස්කිට වඩා ඉතාම අඩුවෙන් සිත් ගන්නා කතුවරයෙකු ලෙසිනි; ඩොස්ටොව්ස්කිගේ සාංදෘෂ්ටිකවාදී සංතාපය සමග සැසඳූ කල නූතනත්වය තුළ කිසිදු තැනක් හිමි නොවන කණගාටුදායක ලෙස යල් පැන ගිය යථාර්ථවාදියෙකු ලෙසිනි. කෙසේ වුවත්, ඇතැම්විට දැන් ටෝල්ස්ටෝයිව පූර්ණ වශයෙන් පුනරුත්ථාපනය කරන්නට කාලය එළැඹ ඇත. පොදුවේ ගත් කල, කලාව සහ මිනිසා පිළිබඳ ඔහුගේ අද්විතීය න්‍යාය තුළ අපට කවට අනුකෘතීන් පිළිබඳ ඩෝකින්ස්ගේ සංකල්පයේ ප්‍රතිරාවයක් ඇසිය හැකිය.“පුද්ගලයෙකු යනු ආසාදිත මනසක් සහිත මනුජයෙකි; මිලියන් ගණනක සංස්කෘතික සහජීවින්ගේ සත්කාරකයෙකි. එසේ විය හැකි වන්නේ භාෂාවන් ලෙසින් හඳුන්වනු ලබන සහජීවී පද්ධතීන් නිසාය.” ඩෙනට්ගේ ඉහත ප්‍රකාශය තනිකරම ටෝල්ස්ටෝයිගේ නොවේද? ටෝල්ස්ටෝයිගේ මානව විද්‍යාවේ මූලික සංඝටකය වන්නේ ආසාදනය වීමයි. මානව විෂයක් යනු ආවේදනාත්මකව මෙහෙයවුණු සංස්කෘතික අංගයන්ගේ ආසාදනයට ලක් වූ නිෂ්ක්‍රීය හිස් මාධ්‍යයකි. එම සංස්කෘතිකාංග හරියට බෝ වන රෝග බීජ මෙන් එක් පුද්ගලයෙකුගෙන් තවත් පුද්ගලයෙකුට ව්‍යාප්ත වේ. ටෝල්ස්ටෝයි මෙතැන් සිට අවසානය දක්වා ගමන් කරයි. ඔහු මෙම ආවේදනාත්මක ආසාදනයන්ගේ ව්‍යාප්තියට ප්‍රතිපාක්ෂිකව සත්‍ය ආධ්‍යාත්මික ස්වායත්තතාවක් පිහිටුවන්නේ නැත. ඔහු මෙම බෝ වන රෝග බීජවලින් ගැලවීම සඳහා තමාව පරිණත වූත්, ස්වායත්ත වූත්, ආචාර ධාර්මික විෂයක් බවට පත් කර ගත හැකි ආකාරයේ අධ්‍යාපනයක් ලබා ගැනීමේ වීර මෙහෙයුමක් යෝජනා කරන්නේ නැත. පවත්නා එකම අරගලය වන්නේ හොඳ සහ නරක ආසාදනයන් අතර අරගලයයි. ක්‍රිස්තියානිය යනුද ආසාදනයකි; නමුත් ටෝල්ස්ටෝයිට අනුව එය හොඳ ආසාදනයකි. ඇතැම්විට, අපට වත්මන් වෛරසමය වසංගතයෙන් උගත හැකි වඩාත්ම කැළඹිලිකාරී දෙය වන්නේ මෙයයි: සොබා දහම අපට වෛරසවලින් පහර දෙන විට එය එක්තරා ආකාරයකින් අපගේම පණිවිඩය අප වෙත හරවා එවීමකි. එම පණිවිඩය වන්නේ මෙයයි: “නුඹලා මට කළ දෙය මම දැන් නුඹලාට කරමි”","සුමිත් චාමින්ද විසින්, ස්ලෙවෝයි ශිෂෙක්ගේ  PANDEMIC-Covid19 Shakes the World (වසංගතය! කොවිඩ් 19 ලොව සසල කරයි) කෘතියේ අන්තර්ගතය, සිංහල අනුවාදයකට ගොනුකරන ලිපි මාලාවේ අටවන පරිච්ජේදය මෙහි පළ වේ. (උපුටා පළ කිරීමේදී කර්තෘ අයිතිය සුරකින්න) හැඳින්වීම මෙම පරිච්ජේදයේදී ශිෂෙක් කොරෝනා වසංගතය ආශ්‍රිතව පැන නැගී ඇති ඇතැම් වාමාංශික සහ ලිබරල්වාදී බුද්ධිමය ප්‍රවේශයන්ට ප්‍රතිචාර දක්වයි. ඒ අතුරින් කැපී පෙනෙන්නේ …",sin,lankaviews,Lanka Views,fake news,35cf3106-5ba6-441c-a956-528e05d0ccfd,article,MassiveSum
https://www.lankaviews.com/lanka-singapore-fta-already-enacted-since-may-2018/,,"සිංගප්පූරු ගිවිසුම, අස්සයා ගිය පසුව ඉස්තාලෙ වහන කතාවක්!",,"Posted on 08.18.2018 by Chandana Sirimalwatte in දේශීය පුවත් with 0 Comments

බොහෝ දෙනා දැන නොසිටියද සිංගප්පූරුව හා ශ්‍රී ලංකාව අතර නිදහස් වෙළඳ ගිවිසුම මේ වන විට ක්‍රියාත්මක වෙමින් පවතින බව සංවර්ධන උපාය මාර්ග හා ජාත්‍යන්තර වෙළඳ අමාත්‍ය මලික් සමරවික්‍රම විසින් තහවුරු කරයි. අද (18) කොළඹ පැවති උත්සවයකින් පසුව මාධ්‍ය වෙත අදහස් දක්වමින් අමාත්‍යවරයා මේ බව ප්‍රකාශ කළේය. ආණ්ඩුව හා සිංගප්පූරු ආණ්ඩුව අතර අත්සන් තැබුණු මෙම ගිවිසුම මැයි මාසයේ 01වැනි දා සිට ක‍්‍රියාත්මක වන බවත් එය එසේ ක්‍රියාත්මක වන්නේ නීතිපතිවරයාගෙන් උපදෙස් ලබාගැනීමෙන් අනතුරුව බවද ඒ ඇමතිවරයා වැඩිදුරටත් ප්‍රකාශ කළේය සිංලප්පූරු ගිවිසුම පාර්ලිමේන්තුවේ කිසිදු මන්ත‍්‍රීවරයකු නොදැන අත්සන් කළ ගිවිසුමක් මෙන්ම මහජන නියෝජිතයන් යැයි කියා ගන්නා 225ක් නිසි සැළකිල්ලක් නොදක්වා ගිවිසුම අත්සන් කළ පසුව හඩතලන අවස්ථාවක් වීමද විශේෂත්වයකි.",බොහෝ දෙනා දැන නොසිටියද සිංගප්පූරුව හා ශ්‍රී ලංකාව අතර නිදහස් වෙළඳ ගිවිසුම මේ වන විට ක්‍රියාත්මක වෙමින් පවතින බව සංවර්ධන උපාය මාර්ග හා ජාත්‍යන්තර වෙළඳ අමාත්‍ය මලික් සමරවික්‍රම විසින් තහවුරු කරයි. අද (18) කොළඹ පැවති උත්සවයකින් පසුව මාධ්‍ය වෙත අදහස් දක්වමින් අමාත්‍යවරයා මේ බව ප්‍රකාශ කළේය. ආණ්ඩුව හා සිංගප්පූරු ආණ්ඩුව අතර අත්සන් තැබුණු මෙම ගිවිසුම …,sin,lankaviews,Lanka Views,fake news,5f28cf19-ab90-48d2-b8dd-f6f56d0630d6,article,MassiveSum
https://www.lankaviews.com/%e0%b6%9a%e0%b6%a7%e0%b7%94%e0%b6%b1%e0%b7%8f%e0%b6%ba%e0%b6%9a-%e0%b6%9a%e0%b6%bd%e0%b7%8f%e0%b6%b4%e0%b6%ba%e0%b7%9a-28%e0%b6%9a%e0%b6%a7-%e0%b6%9a%e0%b7%9c%e0%b7%80%e0%b7%92%e0%b6%a9%e0%b7%8a/,,කටුනායක කලාපයේ 28කට කොවිඩ් - ඒත් කලාපය වහන්නේ නෑ,,"Posted on 10.12.2020 by Sithara Sajeewani in දේශීය පුවත් with 0 Comments

කටුනායක නිදහස් වෙළඳ කලාපයේ සේවය කරන කම්කරුවන් 28 දෙනෙකුට මේ වනවිට කොවිඩ් 19 රෝගය වැළඳී ඇති බව වාර්තා වේ. ඊයේ දිනයේ සිදු කරන ලද PCR පරීක්ෂණ වලින් රෝගීන් 21 දෙනෙකු තහවුරු වී ඇති බව අද උදෑසන කටුනායක ආයෝජන ප්‍රවර්ධන කලාපයේ මහජන සෞඛ්‍ය පරීක්ෂක ඉඳුනිල් සමරතුංග මහතා පවසා තිබිණි. ඒ අනුව කටුනායක නෙක්ස්ට් ආයතනයේ සේවකයන් 20 දෙනෙකුට සහ චීප්වේ ආයතනයේ සේවකයන් එක අයෙකුට කොරෝනා වෛරසය ආසාදනය වී තිබිණි.

අද දවස තුළ තවත් රෝගීන් 7 දෙනෙකු වාර්තා වූ අතර ඒ අනුව මේ වනවිට කටුනායක නිදහස් වෙළඳ කලාපයෙන් වාර්තා වී ති සමස්ත රෝගීන් සංඛ්‍යාව 28 දෙනෙකි. නමුත් මේ අවදානම මධ්‍යයේ වුවද කටුනායක නිදහස් වෙළඳ කලාපය වසා දැමීම හෝ එහි නිෂ්පාදන කටයුතු නතර කිරීම නොකරන බවට රජය තීරණයක් ගෙන තිබේ. මෙම තීරණය සමාගම් වල බලපෑම මත කම්කරුවන්ගේ ජීවිත අවදනාමේ හෙලමින් ගත් තීරණයක් බවට වෘත්තීය සමිති චෝදනා කරයි.",කටුනායක නිදහස් වෙළඳ කලාපයේ සේවය කරන කම්කරුවන් 28 දෙනෙකුට මේ වනවිට කොවිඩ් 19 රෝගය වැළඳී ඇති බව වාර්තා වේ. ඊයේ දිනයේ සිදු කරන ලද PCR පරීක්ෂණ වලින් රෝගීන් 21 දෙනෙකු තහවුරු වී ඇති බව අද උදෑසන කටුනායක ආයෝජන ප්‍රවර්ධන කලාපයේ මහජන සෞඛ්‍ය පරීක්ෂක ඉඳුනිල් සමරතුංග මහතා පවසා තිබිණි. ඒ අනුව කටුනායක නෙක්ස්ට් ආයතනයේ සේවකයන් 20 …,sin,lankaviews,Lanka Views,fake news,4479ebc1-6eb2-4d13-ae3b-61e36e686717,article,MassiveSum
https://www.lankaviews.com/saitm-students-parents-disagree-with-government-solution/,,අහෝසිවන අායතනයකින් වෙෙද්‍ය උපාධි පිලිගන්න බෑ - සයිටම් මව්පිය සංසදය,,"Posted on 01.26.2018 by Chandana Sirimalwatte in දේශීය පුවත් with 0 Comments

සයිටම් අායතනයේ අධයාපනය හමාර නෙකාළ ශිෂ්‍යයන් වෙනුවෙන් නාමකරණය කළ එහෙත් එයින් පසු අහෝසිවන අායතනයකින් පිරිනමන වෙෙද්‍ය උඵාධායක් පිළිගන්නට නොහැකි බව සයිටම් ශිෂ්‍ය මව්පිය සංසදය පවසයි.

එම මව්පියන් වෙනුෙවන් ජනමාධය අැමතූ ගැමුනු විජේරත්න ඊයේ (25) පවසා සිටියේ තම දරුවන්ට මුදල් ගෙවා අධ්‍යාපනයක් ලබා වෘත්තික මට්ටමක් ලබාදෙන්නට මව්පියන් ෙලස ගත් උත්සාහයේදී සයිටම් අායතනයේ අඩුපාඩු නිසා අයුක්තියක් සිදුව අැති බවයි. එ් නිසාම යළි නොපවතින අායතනයකින් නාමිකව වෙෙද්‍ය උපාධියක් ලබාගන්නට අවශ්‍ය නැති බවද අනාගතයේ පිළිගත හැකි අායතනයක් මගින් එවැනි උපාදි ප්‍රදානයක් සිදුකිරිම අපේක්ෂා කරන බවද ඔහු අවධාරනය කළේය.

මේ අාකාරයට අහෝසිවන අායතනයකින් වෙෙද්‍ය උපාධිය පිරිනමන බවට අාණ්ඩුව පැත්තෙන් දිගින් දිගටම ප්‍රකාශ වුවද මේ දක්වාම මව්පිය සංසදය නිසි එකගතාවක් ඊට ප්‍රකාශ කර තිබුණේ නැත. සයිටම් අායතනය වෙෙද්‍ය උපාධිය මුදලට අලෙවි කිරිම සම්බන්ධව විරෝධය පළකරන ශිෂය ව්‍යාපාරය පැත්තෙන් යෝජනා කළේ අසාධාරණයට ලක් වූ සයිටම් ශිෂ්‍යයන්ගේ අධ්‍යාපන සුුදුසුකම් පරික්ෂාකර රජයේ පිලිගත් වෙෙද්‍ය පීඨයක වෙෙද්‍ය උපාධිය පිරිනැමිය යුතු බවයි.",සයිටම් අායතනයේ අධයාපනය හමාර නෙකාළ ශිෂ්‍යයන් වෙනුවෙන් නාමකරණය කළ එහෙත් එයින් පසු අහෝසිවන අායතනයකින් පිරිනමන වෙෙද්‍ය උඵාධායක් පිළිගන්නට නොහැකි බව සයිටම් ශිෂ්‍ය මව්පිය සංසදය පවසයි. එම මව්පියන් වෙනුෙවන් ජනමාධය අැමතූ ගැමුනු විජේරත්න ඊයේ (25) පවසා සිටියේ තම දරුවන්ට මුදල් ගෙවා අධ්‍යාපනයක් ලබා වෘත්තික මට්ටමක් ලබාදෙන්නට මව්පියන් ෙලස ගත් උත්සාහයේදී සයිටම් අායතනයේ අඩුපාඩු නිසා අයුක්තියක් සිදුව …,sin,lankaviews,Lanka Views,fake news,f00af099-2dcf-4095-96bf-5da625f87cc2,article,MassiveSum
https://www.lankaviews.com/jaffna-white-van-abduction/,,යාපනයේ තරුණයකු රාත්‍රියේ සුදු වෑන් රියකින් පැහැරගෙන ගිහින් !,,"Posted on 11.23.2017 by Chandana Sirimalwatte in දේශීය පුවත් with 0 Comments

‍නොවැම්බර් 21 වැනිදා රාත්‍රී යාපනය නගරයේදී පසුගිය සුදු පැහැති වෑන් රථයකින් පැමිණි පිරිසක්‌ තරුණයකු පැහැරගෙන ගිය බවට යාපනය පොලිසියට පැමිණිල්ලක් කරනු ලැබ ඇත.

යාපනයේ කෝපායි ප්‍රදේශයේ රෙදිපිළි වෙළෙඳසලක සේවය කළ අවුරුදු විසිපහක්‌ වන මෙම තරුණයා සේවය නිමකොට නිවසට පැමිණෙමින් සිටියදී යාපනයේ රාමනාදන් වීදියේදී පැහැරගෙන ගොස්‌ ඇති බව පැමිණිල්ලේ සඳහන් වේ. තරුණයාගේ දෙමවුපියන් පොලිසියට ප්‍රකාශයක් දෙමින් මෙම පැහැරගැීම පිළිබද කිසිවක් නොදන්නා බව පවසා ඇත.",‍නොවැම්බර් 21 වැනිදා රාත්‍රී යාපනය නගරයේදී පසුගිය සුදු පැහැති වෑන් රථයකින් පැමිණි පිරිසක්‌ තරුණයකු පැහැරගෙන ගිය බවට  යාපනය පොලිසියට පැමිණිල්ලක් කරනු ලැබ ඇත. යාපනයේ කෝපායි ප්‍රදේශයේ රෙදිපිළි වෙළෙඳසලක සේවය කළ අවුරුදු විසිපහක්‌ වන මෙම තරුණයා සේවය නිමකොට නිවසට පැමිණෙමින් සිටියදී යාපනයේ රාමනාදන් වීදියේදී පැහැරගෙන ගොස්‌ ඇති බව පැමිණිල්ලේ සඳහන් වේ. තරුණයාගේ දෙමවුපියන් පොලිසියට ප්‍රකාශයක් දෙමින් මෙම පැහැරගැීම …,sin,lankaviews,Lanka Views,fake news,c6fd4184-d403-4d64-8484-a4d479a3247d,article,MassiveSum
https://www.lankaviews.com/%e0%b6%9a%e0%b7%9c%e0%b6%bb%e0%b7%9d%e0%b6%b1%e0%b7%8f-%e0%b7%84%e0%b7%9a%e0%b6%ad%e0%b7%94%e0%b7%80%e0%b7%99%e0%b6%b1%e0%b7%8a-%e0%b6%9c%e0%b7%90%e0%b6%a7%e0%b6%bd%e0%b7%94%e0%b7%80%e0%b6%bd%e0%b6%a7/,,කොරෝනා හේතුවෙන් ගැටලුවලට මුහුණ දෙන මහජනතාවට රජයෙන් සහන දෙනවලු!,,"කොරෝනා වයිරසය ( කෝවිඩ් 19) හේතුවෙන් ජනාධිපති ගෝඨාභය රාජපක්ෂ විසින් මහජනතාවට සහන රැසක් ලබා දීමට තීරණය කර ඇතැයි කැබිනට් තීරණ දැනුම්දීමේ හමුවේදී සම කැබිනට් ප්‍රකාශක බන්ධුල ගුණවර්ධන පවසයි.

ඒ යටතේ වියළි කාලගුණයෙන් කුඩා තේවතු හිමියන්ට සිදු වූ පාඩුවට රුපියල් බිලියන 3 ක් වෙන් කිරීමට රජය තීරණය කර තිබේ.

එමෙන්ම පොහොර සැපයුම්කරුවන්ගේ ගෙවිය යුතු හිග බිල්පත් මුදල් ගෙවීම සඳහා රුපියල් බිලියන 3 ක මුදලක් වෙන් කර ඇත.

ඉදිරියේදී පොහොර ආනයන සමාගම් වලට රාජ්‍ය හා පෞද්ලගික ආයතනවලට භාණ්ඩාගාරයෙන් නිදහස් කරන මුදල් ලබාගෙන සිය බැංකු කටයුතු නැවත වතාවක් ක්‍රියාත්මක කිරීමට හැකියාව පවති. ඒ අනුව කිසිදු පොහොර හිගයක් ඉදිරියේදී ඇති නොවීමට කටයුතු කළ හැකි යැයිද අමාත්‍යවරයා සඳහන් කළේය.

සංචාර ව්‍යාපාරය, රෙදිපිළි ඇගළුම්විදේස සේවා නියුක්තිය,අපනයන කර්මාන්තය, සුළු පරිමාණ ව්‍යාපාර අංශය,තොරතුරු තාක්ෂණ , යන අංශ 5ට වසංගත තත්ත්වයේ දැඩි බලපෑමක් එල්ල වීම හේතුවෙන් ඒ අයට සහන සැළසීමට ද රජය තීරණය කර තිබේ ඒ අනුව,

මාස හයක කාලයක් බැංකු සහ මූල්‍ය ආයතනවලට ගෙවිය යුතු ණය වාරික නොගෙවා සිටීමට අවස්ථාව ( මාර්තු 20 වැනිදා සිට මාස 6 ක්) සිය කාරක ප්‍රාග් ධන අවශ්‍යා සඳහා 4% පොලියට අදාල ආයතනය ගනු දෙනු කරන බැංකුවෙන් ලබා දෙන ලෙස ශ්‍රී ලංකා බැංකුව මගින් බැංකුවලට දැනුම් දී ඇත.

එමෙන්ම සුළු හා මධ්‍ය පරිමාණ කොන්ත්‍රාත්කරුවන්ට හිග මුදල් ගෙවිම සඳහා රුපියල් බිලියන 5 ක මුදලක් වෙන්කිරීමටද රජය තීරණය කර ඇත.

දෛනික වැටුපට වැඩ කරන ජනතාව වෙනුවෙන් නව සහන වැඩපිළිවෙල කිහිපයක්ම හඳුන්වා දී ඇතැයිද අමාත්‍යවරයා පැවසීය.

පරිප්පු කිලෝවක් උපරිම සිල්ලර මිල රුපියල් 65 ක අලෙවි කිරීමට සහ ටින් මාළු එකක උපරිම සිල්ලර මිල රුපියල් 100 ට අලෙවි කිරීම සහ ලොකු ලූනූ මිල අඩු කිරීම එක් පියවරක් ලෙසද සඳහන් කළේය.

කොරෝනා වසංගත රෝගියෙකු මෙරට පළමුවරට වාර්තා වූ මොහොතේ සිට වසංගතය පානය වෙනුවෙන් දිගින් දිගටම ක්‍රියාත්මක වැඩපිළිවෙලක් ආණ්ඩුවට නොතිබුණි. මුලින්ම කාර්ය සාධන බලකායක් ක්‍රියාත්මක වූ බවට උදම් ඇනුවද ඒ කාර්ය සාධක බලකාය සිදුකළ දෙයක් නොමැති බව රෝගීන් ගණන දිනෙන් දින වැඩිවීම හරහා පෙනේ. මේ මොහොත වෙනුවෙනුත් ක්‍රියාත්මක කරමින් සිටින්නේ හදිසියේ ඇතිවෙන තත්ත්වයන්ට විවිධ විසඳුම් ලබාදීම මිස සෞඛ්‍ය අංශ සම්බන්ධ කරගෙන ජාතික වැඩ පිළිවෙලක් සහිතව වසංගතය පාලනයට කටයුතු කිරීම නොවේ. කොරෝනා වසංගතය පැතිරෙමින් තිබෙන මොහොතේ ඉන් විවිධ ගැටලුවලට මුහුණ දෙන ජනතාවට සහන සැලසීම කළ යුතු දෙයකි. නමුත් සහන ලබාදෙන්නේ නම් අමාත්‍ය මණ්ඩල ගත් තීරණ දැනුම් දීම නොව නිශ්චිත වැඩපිළිවෙලක් යටතේ එය ක්‍රියාත්මක කිරීමයි. ආණ්ඩුව මේ සිදුකරමින් සිටින්නේ වසංගත තත්ත්වය පාලනයට පියවර ගැනීමට සාපේක්ෂව ජනතාවට සහන ලබාදීම නොව වසංගතය පාවිච්චි කර ප්‍රචාරණ වාසියක් ලබා ගැනීම හරහා ඡන්ද ගොඩ වැඩිකර ගැනීමට උත්සාහ කිරීමයි.",කොරෝනා වයිරසය ( කෝවිඩ් 19) හේතුවෙන් ජනාධිපති ගෝඨාභය රාජපක්ෂ විසින් මහජනතාවට සහන රැසක් ලබා දීමට තීරණය කර ඇතැයි කැබිනට් තීරණ දැනුම්දීමේ හමුවේදී සම කැබිනට් ප්‍රකාශක බන්ධුල ගුණවර්ධන පවසයි. ඒ යටතේ වියළි කාලගුණයෙන් කුඩා තේවතු හිමියන්ට සිදු වූ පාඩුවට රුපියල් බිලියන 3 ක් වෙන් කිරීමට රජය තීරණය කර තිබේ. එමෙන්ම පොහොර සැපයුම්කරුවන්ගේ ගෙවිය යුතු හිග බිල්පත් …,sin,lankaviews,Lanka Views,fake news,291ddee3-8041-4b64-9f2b-8b3698dcdc81,article,MassiveSum
https://ceylondaily.com/%e0%b6%85%e0%b6%ad%e0%b7%94%e0%b6%bb%e0%b7%94%e0%b6%af%e0%b6%b1%e0%b7%8a%e0%b7%80%e0%b7%96%e0%b7%80%e0%b6%b1%e0%b7%8a%e0%b6%9c%e0%b7%9a-%e0%b6%b4%e0%b7%80%e0%b7%94%e0%b6%bd%e0%b7%8a%e0%b7%80%e0%b6%bd/,,අතුරුදන්වූවන්ගේ පවුල්වලට රුපියල් 6000ක අතුරු දීමනාවක්,,"Like Love Haha Wow Sad Angry

එළැඹෙන නොවැම්බර් මාසයේ සිට අතුරුදන්වූවන්ගේ පවුල් සඳහා රුපියල් 6000ක අතුරු දීමනාවක් ලබාදීමට මුදල් අමාත්‍යාංශය තීරණය කර තිබේ.

2019 අයවැයට යෝජනා කළ පරිදි අතුරුදන්වූවන්ගේ පවුල්වලට මාසික අතුරු දීමනාවක් ලෙස රුපියල් 6000 බැගින් ගෙවීමට අමාත්‍ය මණ්ඩල අනුමැතිය හිමිවී ඇත.

ත්‍රිවිධ හමුදාවේ හා පොලිසියේ සේවයේ යෙදී සිටියදී අතුරුදන්වූවන්ගේ පවුල්වල සාමාජිකයන්ට ද මේ දීමනාව ලබා ගැනීමට හිමිකම් කිවහැකි බව මුදල් අමාත්‍යාංශය පවසයි.

2018 අගෝස්තු මාසයේ දී අතුරුදන්වූවන්ගේ කාර්යාලය විසින් ප්‍රකාශයට පත් කරන ලද අතුරු වාර්තාවේ නිර්දේශ පරිදි එලෙස තම පවුලේ සාමාජිකයකු අතුරුදන් වූ බවට ප්‍රවාස සහතිකයක් ඉදිරිපත් කරන පවුල්වලට මේ අතුරු සහනය ගෙවීම සුදුසු බව ද මුදල් අමාත්‍යාංශය සදහන් කළේය.

Like Love Haha Wow Sad Angry",එළැඹෙන නොවැම්බර් මාසයේ සිට අතුරුදන්වූවන්ගේ පවුල් සඳහා රුපියල් 6000ක අතුරු දීමනාවක් ලබාදීමට මුදල් අමාත්‍යාංශය තීරණය කර තිබේ. 2019 අයවැයට යෝජනා කළ පරිදි අතුරුදන්වූවන්ගේ පවුල්වලට මාසික අතුරු දීමනාවක් ලෙස රුපියල් 6000 බැගින් ගෙවීමට අමාත්‍ය මණ්ඩල අනුමැතිය හිමිවී ඇත. ත්‍රිවිධ හමුදාවේ හා පොලිසියේ සේවයේ යෙදී සිටියදී අතුරුදන්වූවන්ගේ පවුල්වල සාමාජිකයන්ට ද මේ දීමනාව ලබා ගැනීමට හිමිකම් කිවහැකි බව …,sin,ceylondaily,Ceylon Daily,fake news,ea5868c4-c087-46e4-b774-4c95c5d39b68,article,MassiveSum
https://www.lankaviews.com/cid-to-remove-from-disappearence-case/,,තරුණයන් පැහැරගැනීම ගැන විමර්ශනය අපරාධ පරික්ෂණ දෙපාර්තමේන්තුවෙන් ඉවත් කරන්නලු !,,"Posted on 02.08.2018 by Chandana Sirimalwatte in දේශීය පුවත් with 0 Comments

පසුගිය යුද සමයේ දෙහිවල ප්‍රදේශයේ තරුණයන් 11 දෙනෙකු පැහැරගෙන ගොස් අතුරුදන් කළ බවට හිටපු නාවික හමුදා ප්‍රකාශක, කොමදෝරු ඩී.කේ.පී. දසනායක ඇතුළු පිරිසට එරෙහි පරීක්ෂණ අපරාධ පරීක්ෂණ දෙපාර්තමේන්තුවෙන් ඉවත් කරන ලෙසට ඔහුගේ නීතිඥවරයා අධිකරණයෙන් කළ ඉල්ලීම සලකා බැලීම පෙබරවාරි 22වැනිදාට කල්දමන ලදී.

2008 – 2009 අතර කාල සීමාෙව් දෙහිවල ප්‍රදේශයේ තරුණයන් 11 දෙනෙකු බලහත්කාරයෙන් පැහැරගෙන ගොස් අතුරුදන් කිරීමේ සිද්ධිය සම්බන්ධයෙන් විත්තිකරුවන් 09 දෙනෙකුට එරෙහිව චෝදනා එල්ල මෙම නඩුව කොළඹ – කොටුව මහේස්ත්‍රාත් ලංකා ජයරත්න හමුවේ අද කැදවන ලදී. විත්තියේ මෙම ඉල්ලීමට නීතිපතිවරයා වෙනුවෙන් පෙනී සිටි ජේ්‍යෂ්ඨ අධි නීතිඥවරයා සිය විරෝධය පළ කළ අතර ඒ අනුව විත්තියේ නීතිඥවරයාගේ ඉල්ලීම සම්බන්ධයෙන් නියෝගය ලබන 22 වනදා ලබාදෙන බව කොටුව මහේස්ත්‍රාත්වරිය විසින් දන්වා සිටිනු ලැබිණි.","පසුගිය යුද සමයේ දෙහිවල ප්‍රදේශයේ තරුණයන් 11 දෙනෙකු පැහැරගෙන ගොස් අතුරුදන් කළ බවට හිටපු නාවික හමුදා ප්‍රකාශක, කොමදෝරු ඩී.කේ.පී. දසනායක ඇතුළු පිරිසට එරෙහි පරීක්ෂණ අපරාධ පරීක්ෂණ දෙපාර්තමේන්තුවෙන් ඉවත් කරන ලෙසට ඔහුගේ නීතිඥවරයා අධිකරණයෙන් කළ ඉල්ලීම සලකා බැලීම පෙබරවාරි 22වැනිදාට කල්දමන ලදී. 2008 – 2009 අතර කාල සීමාෙව් දෙහිවල ප්‍රදේශයේ තරුණයන් 11 දෙනෙකු බලහත්කාරයෙන් පැහැරගෙන ගොස් …",sin,lankaviews,Lanka Views,fake news,a1e6e1d8-29dc-4e79-bd07-3a096dd389af,article,MassiveSum
https://www.lankaviews.com/%e0%b6%b1%e0%b7%90%e0%b6%9c%e0%b7%99%e0%b6%b1%e0%b7%84%e0%b7%92%e0%b6%bb-%e0%b6%a2%e0%b7%90%e0%b6%a7%e0%b7%92%e0%b6%ba-%e0%b7%83%e0%b6%b8%e0%b7%8a%e0%b6%b6%e0%b6%b1%e0%b7%8a%e0%b6%b0-%e0%b6%91/,,නැගෙනහිර ජැටිය සම්බන්ධ එකඟතා ඉටු කරන්න ඉන්දියානු මහකොමසාරිස් කාර්යාලය ඉල්ලයි,,"Posted on 02.01.2021 by Chandana Sirimalwatte in දේශීය පුවත් with 0 Comments

කොළඹ වරාය නැගෙනහිර ජැටිය සම්බන්ධ එකඟ වූ ආකාරයට කටයුතු කළ යුතු බව ඉන්දියානු මහකොමසාරිස් කාර්යාලය පවසන බවට ‘අදදෙරණ’ වෙබ් අඩවිය පවසයි.

එම වෙබ් අඩවියේ පළවන පුවතකට අනුව, නැගෙනහිර ජැටිය 100% වරාය අධිකාරිය මගින් සංවර්ධනය කිරීමට ශ්‍රී ලංකා රජය ගත් තීරණය සම්බන්ධයෙන් කළ විමසීමකට ප්‍රතිචාර ලෙස, එම ජැටිය සම්බන්ධව පවතින එකඟතාව අනුව සියලු පාර්ශ්ව කටයුතු කළ යුතු බව කොළඹ පිහිටි ඉන්දීය මහ කොමසාරිස් කාර්යාලයේ ප්‍රකාශකයෙක් පවසා ඇත.

“ශ්‍රී ලංකාව, ඉන්දියාව සහ ජපානය 2019 මැයි මාසයේදී එළැඹි ත්‍රයිපාර්ශ්වික එකඟතාව අනුව එම රටවල්වල සහභාගීත්වයෙන් නැගෙනහිර පර්යන්තය සංවර්ධනය කිරීම කඩිනමින් ක්‍රියාත්මක වනු ඇතැයි යන්න ඉන්දීය රජයේ බලාපොරොත්තුව වේ. ඒ සඳහා ශ්‍රී ලංකා රජයේ කැපවීම නොයෙක්වර අපහට දන්වා තිබේ. ඒ බව නායක මට්ටමින්ද දන්වා ඇත. එසේම මීට මාස තුනකට ඉහත දී ශ්‍රී ලංකා කැබිනට් මණ්ඩලය ද විදෙස් ආයෝජකයින් සමග එම ව්‍යාපෘතිය ක්‍රියාත්මක කිරීමට තීරණයක් ගත්තේය,” යනුවෙන් ඔහු එම වෙබ් අඩවියට පවසා ඇත.","කොළඹ වරාය නැගෙනහිර ජැටිය සම්බන්ධ එකඟ වූ ආකාරයට කටයුතු කළ යුතු බව ඉන්දියානු මහකොමසාරිස් කාර්යාලය පවසන බවට ‘අදදෙරණ’ වෙබ් අඩවිය පවසයි. එම වෙබ් අඩවියේ පළවන පුවතකට අනුව, නැගෙනහිර ජැටිය 100% වරාය අධිකාරිය මගින් සංවර්ධනය කිරීමට ශ්‍රී ලංකා රජය ගත් තීරණය සම්බන්ධයෙන් කළ විමසීමකට ප්‍රතිචාර ලෙස, එම ජැටිය සම්බන්ධව පවතින එකඟතාව අනුව සියලු පාර්ශ්ව කටයුතු කළ …",sin,lankaviews,Lanka Views,fake news,0560a537-22ba-46ce-9132-f27beadf3116,article,MassiveSum
https://www.lankaviews.com/thunder-red-notice/,,කාලගුණ දෙපාර්තමේන්තුවෙන් අකුණු ගැන රතු නිවේදනයක්,,"Posted on 04.04.2020 by Sithara Sajeewani in දේශීය පුවත් with 0 Comments

අකුණු පිළිබඳ අනතුරු ඇඟවීමේ රතු නිවේදනයක් කාලගුණ විද්‍යා දෙපාර්තමේන්තුව විසින් නිකුත් කර තිබේ.

ඒ අනුව සබරගමුව, මධ්‍යම , ‍ඌව සහ උතුරු මැද පළාත්වලත් කොළඹ, කළුතර සහ කුරුණෑගල දිස්ත්‍රික්කවලත් තැනින් තැන සවස් කාලයේ හෝ රාත්‍රී කාලයේ ගිඟුරුම් සහිත වැසි ඇතිවෙන බව එම දෙපාර්ත මේන්තුව පවසයි.

ඒත් සමඟම ප්‍රබල අකුණු ද ඇති වීමේ වැඩි හැකියාවක් පවතින බවද කාලගුණ විද්‍යා දෙපාර්තමේන්තුව පවසයි.

ගිඟුරුම් සහිත වැසි සමඟ පැයට කිලෝමීටර 70-80 ක පමණ කෙටිකාලීන තද සුළං ද ඇති වෙයි.

තද සුළං හේතුවෙන් ගස් හා විදුලි රැහැන් ඇඳ වැටීමට ඉඩ ඇති බැවින් ඒ පිළිබඳව සැලකිලිමත් වන ලෙසත් කාලගුණ අංශ ජනතාවට දන්වා තිබේ.","අකුණු පිළිබඳ අනතුරු ඇඟවීමේ රතු නිවේදනයක් කාලගුණ විද්‍යා දෙපාර්තමේන්තුව විසින් නිකුත් කර තිබේ. ඒ අනුව සබරගමුව, මධ්‍යම , ‍ඌව සහ උතුරු මැද පළාත්වලත් කොළඹ, කළුතර සහ කුරුණෑගල දිස්ත්‍රික්කවලත් තැනින් තැන සවස් කාලයේ හෝ රාත්‍රී කාලයේ ගිඟුරුම් සහිත වැසි ඇතිවෙන බව එම දෙපාර්ත මේන්තුව පවසයි. ඒත් සමඟම ප්‍රබල අකුණු ද ඇති වීමේ වැඩි හැකියාවක් පවතින බවද …",sin,lankaviews,Lanka Views,fake news,6a241e5a-c042-467b-8de1-a9fe865ec641,article,MassiveSum
https://ceylondaily.com/%e0%b6%bd%e0%b7%9c%e0%b7%80-%e0%b6%b4%e0%b7%94%e0%b6%bb%e0%b7%8f-%e0%b6%9a%e0%b7%9c%e0%b6%bb%e0%b7%9d%e0%b6%b1%e0%b7%8f-%e0%b6%b8%e0%b6%bb%e0%b6%ab-%e0%b6%af%e0%b7%99%e0%b6%bd%e0%b6%9a%e0%b7%8a/,,ලොව පුරා කොරෝනා මරණ දෙලක්ෂය පනී,,"Like Love Haha Wow Sad Angry

‘කොවිඩ්-19’ වයිරසයෙන් ලොවපුරා මියගිය ගණන දෙලක්ෂය ඉක්මවා ගොස් තිබේ.

අද (26) පස්වරු 5.45 වනවිට ‘නව කොරෝනා වයිරස’ වසංගතයෙන් මියගිය ගණන 2,03,432ක් දක්වා ඉහළ ගොස් ඇත.

ලොවපුරා කොරෝනා ආසාදිතයන්ගේ ගණන 29,12,421ක් වූ අතර වයිරසය ආසාදනය වී සුව වූ සංඛ්‍යාව 8,27,299කි.

Like Love Haha Wow Sad Angry","‘කොවිඩ්-19’ වයිරසයෙන් ලොවපුරා මියගිය ගණන දෙලක්ෂය ඉක්මවා ගොස් තිබේ. අද (26) පස්වරු 5.45 වනවිට ‘නව කොරෝනා වයිරස’ වසංගතයෙන් මියගිය ගණන 2,03,432ක් දක්වා ඉහළ ගොස් ඇත. ලොවපුරා කොරෝනා ආසාදිතයන්ගේ ගණන 29,12,421ක් වූ අතර වයිරසය ආසාදනය වී සුව වූ සංඛ්‍යාව 8,27,299කි.",sin,ceylondaily,Ceylon Daily,fake news,47c7e888-c302-4da4-b75e-65944e74aeda,article,MassiveSum
https://www.lankaviews.com/%e0%b6%91-%e0%b6%a2%e0%b7%8f-%e0%b6%b4-%e0%b6%b1%e0%b7%8f%e0%b6%ba%e0%b6%9a%e0%b6%ad%e0%b7%8a%e0%b7%80%e0%b6%ba-%e0%b6%b4%e0%b7%92%e0%b7%85%e0%b6%b6%e0%b6%b3-%e0%b6%85%e0%b7%80%e0%b7%83%e0%b6%b1/,,එ.ජා.ප. නායකත්වය පිළබඳ අවසන් තීරණයක් ගන්නවා! - අකිල විරාජ්,,"Posted on 01.09.2020 by Chandana Sirimalwatte in දේශීය පුවත් with 0 Comments

එක්සත් ජාතික පක්ෂයේ නායකත්වය පිළිබඳව සහ පක්ෂ ව්‍යුහය සකස් වන ආකාරය සම්බන්ධයෙන් පාර්ලිමේන්තු කණ්ඩායම් රැස්වීමක් අද (09) කොත එක්සත් ජාතික පක්ෂ මූලස්ථානයේ පැවැත්වේ.

නායකත්වය හා පක්ෂ ව්‍යුහය පිලිබඳ විවිධ යෝජනා ඇති නිසා එහිදී අවසන් තීන්දුවක් ගන්නා බවත් එක්සත් ජාතික පක්ෂයේ මහලේකම් අකිල විරාජ් කාරියවසම් ඊයේ පක්ෂ මූලස්ථානයේ පැවති මාධ්‍ය හමුවකට එක්වෙමින් පැවසීය.

මෙම හමුව පක්ෂ නායක රනිල් වික්‍රමසිංහ, විපක්ෂ නායක සජිත් ප්‍රේමදාස යන මහත්වරුන්ගේ ප්‍රධානත්වයෙන් පැවැත්වෙන බවත් මහලේකම්වරයා සඳහන් කළේය.",එක්සත් ජාතික පක්ෂයේ නායකත්වය පිළිබඳව සහ පක්ෂ ව්‍යුහය සකස් වන ආකාරය සම්බන්ධයෙන් පාර්ලිමේන්තු කණ්ඩායම් රැස්වීමක් අද (09) කොත එක්සත් ජාතික පක්ෂ මූලස්ථානයේ පැවැත්වේ. නායකත්වය හා පක්ෂ ව්‍යුහය පිලිබඳ විවිධ යෝජනා ඇති නිසා එහිදී අවසන් තීන්දුවක් ගන්නා බවත් එක්සත් ජාතික පක්ෂයේ මහලේකම් අකිල විරාජ් කාරියවසම් ඊයේ පක්ෂ මූලස්ථානයේ පැවති මාධ්‍ය හමුවකට එක්වෙමින් පැවසීය. මෙම හමුව පක්ෂ …,sin,lankaviews,Lanka Views,fake news,f73f460f-e5e6-4d57-904d-ec7681394155,article,MassiveSum
https://ceylondaily.com/%e0%b6%85%e0%b6%9c%e0%b6%b8%e0%b7%90%e0%b6%ad%e0%b7%92-%e0%b6%85%e0%b6%af-%e0%b6%b4%e0%b7%8f%e0%b7%83%e0%b7%8a%e0%b6%9a%e0%b7%94-%e0%b6%b4%e0%b7%8a%e2%80%8d%e0%b6%bb%e0%b7%84%e0%b7%8f%e0%b6%bb/,,අගමැති අද පාස්කු ප්‍රහාරය පිළිබඳ සොයන විශේෂ කාරක සභාව හමුවට,,"Like Love Haha Wow Sad Angry

පාස්කු ඉරිදා ත‍්‍රස්ත ප‍්‍රහාරය පිළිබඳ විමර්ශනය කරන පාර්ලිමේන්තු විශේෂ කාරක සභාව හමුවේ අග‍්‍රාමාත්‍ය රනිල් වික‍්‍රමසිංහ මහතා අද (06) පෙනී සිටීමට නියමිතයි. එහි ජ්‍යෙෂ්ඨ ප‍්‍රකාශකයෙකු පැවසුවේ අග‍්‍රාමාත්‍යවරයා පස්වරු 06.00 ට පමණ විශේෂ කාරක සභාව හමුවේ පෙනී සිටීමට නියමිත බවයි.

මීට අමතරව ආරක්ෂක රාජ්‍ය අමාත්‍ය රුවන් විජයවර්ධන සහ නීතිය හා සාමය පිළිබඳ හිටපු අමාත්‍යවරුන් වන සාගල රත්නායක මෙන්ම රංජිත් මද්දුම බණ්ඩාර ද අද දිනයේ විශේෂ කාරක සභාව හමුවේ පෙනී සිට සාක්ෂි ලබාදීමට නියමිතයි.

අද දින පාර්ලිමේන්තු විශේෂ කාරක සභාවේ කටයුතු පස්වරු 2.00 ට ආරම්භ වීමට නියමිතව ඇත.

Like Love Haha Wow Sad Angry",පාස්කු ඉරිදා ත‍්‍රස්ත ප‍්‍රහාරය පිළිබඳ විමර්ශනය කරන පාර්ලිමේන්තු විශේෂ කාරක සභාව හමුවේ අග‍්‍රාමාත්‍ය රනිල් වික‍්‍රමසිංහ මහතා අද (06) පෙනී සිටීමට නියමිතයි. එහි ජ්‍යෙෂ්ඨ ප‍්‍රකාශකයෙකු පැවසුවේ අග‍්‍රාමාත්‍යවරයා පස්වරු 06.00 ට පමණ විශේෂ කාරක සභාව හමුවේ පෙනී සිටීමට නියමිත බවයි. මීට අමතරව ආරක්ෂක රාජ්‍ය අමාත්‍ය රුවන් විජයවර්ධන සහ නීතිය හා සාමය පිළිබඳ හිටපු අමාත්‍යවරුන් වන සාගල රත්නායක මෙන්ම …,sin,ceylondaily,Ceylon Daily,fake news,916b7ed1-9c56-4168-9340-9b4d3df33f74,article,MassiveSum
https://ceylondaily.com/%e0%b6%ba%e0%b7%94%e0%b6%bb%e0%b7%9d%e0%b6%b4%e0%b7%8f-%e0%b6%bb%e0%b6%a7%e0%b7%80%e0%b6%bd%e0%b7%8a-8%e0%b6%9a%e0%b7%92%e0%b6%b1%e0%b7%8a-%e0%b6%b8%e0%b7%99%e0%b6%bb%e0%b6%a7%e0%b6%a7-%e0%b6%9c/,,යුරෝපා රටවල් 8කින් මෙරටට ගුවන් මගීන් රැගෙන ඒම තහනම්,,"Like Love Haha Wow Sad Angry

යුරෝපා රටවල් 8 කින් ශ්‍රී ලංකාවට ගුවන් මගීන් රැගෙන ඒම අද සිට සති දෙකක කාලයක් තහනම් කර තිබේ.

සිවිල් ගුවන් සේවා අධිකාරිය පැවසුවේ ඒ අනුව ලබන 29 වැනිදා මධ්‍යම රාත්‍රී 12 දක්වා කාලය තුළ අදාළ රටවල සිට ගුවන් මගීන් රැගෙන ඒම තහනම් බවයි.

එම රටවල් වන්නේ ප්‍රංශය, ස්පාඤ්ඤය, ජර්මනිය, ස්විට්සර්ලන්තය, ඩෙන්මාර්කය, නෙදර්ලන්තය, ස්විඩනය සහ ඔස්ට්‍රියාවයි.

Like Love Haha Wow Sad Angry","යුරෝපා රටවල් 8 කින් ශ්‍රී ලංකාවට ගුවන් මගීන් රැගෙන ඒම අද සිට සති දෙකක කාලයක් තහනම් කර තිබේ. සිවිල් ගුවන් සේවා අධිකාරිය පැවසුවේ ඒ අනුව ලබන 29 වැනිදා මධ්‍යම රාත්‍රී 12 දක්වා කාලය තුළ අදාළ රටවල සිට ගුවන් මගීන් රැගෙන ඒම තහනම් බවයි. එම රටවල් වන්නේ ප්‍රංශය, ස්පාඤ්ඤය, ජර්මනිය, ස්විට්සර්ලන්තය, ඩෙන්මාර්කය, නෙදර්ලන්තය, ස්විඩනය සහ ඔස්ට්‍රියාවයි.",sin,ceylondaily,Ceylon Daily,fake news,570f23fd-112d-4828-9a4d-ce3323e1616a,article,MassiveSum
https://www.lankaviews.com/%e0%b6%bd%e0%b7%9c%e0%b7%80-%e0%b6%b4%e0%b7%94%e0%b6%bb%e0%b7%8f-%e0%b6%9a%e0%b7%8a%e2%80%8d%e0%b6%bb%e0%b7%92%e0%b6%ba%e0%b7%8f%e0%b6%ad%e0%b7%8a%e0%b6%b8%e0%b6%9a-%e0%b6%9c%e0%b7%90%e0%b6%a7/,,ලොව පුරා ක්‍රියාත්මක ගැටුම් නවත්වා සටන් විරාම ක්‍රියාත්මක කරන්න - එක්සත් ජාතීන්ගේ මහ ලේකම්,,"Posted on 03.25.2020 by Sithara Sajeewani in විදෙස් පුවත් with 0 Comments

වහා ක්‍රියාත්මක වන පරිදි ගෝලීයව ක්‍රියාත්මක යුධ ගැටුම් නවතා සටන් විරාමයක්’’ ක්‍රියාත්මක කරන්නැයි එක්සත් ජාතීන්ගේ මහ ලේකම් ඇන්ටෝනියෝ ගුටරෙස් ලෝක ප්‍රජාවගෙන් ඉල්ලා සිටියි.

නිව්යෝක් නුවර පිහිටි එක්සත් ජාතීන්ගේ මූලස්ථානයේ දී කෙටි කතාවක් කරමින් එක්සත් ජාතීන්ගේ මහ ලේකම්වරයා ඒ බව සඳහන් කළේය.

එහිදි එක්සත් ජාතීන්ගේ ප්‍රධානීයා කිසිදු රටක් හෝ සංවිධානයක් පිළිබඳ විශේෂ සඳහනක් නොකළ අතර යුද ගැටුම් පවතින ප්‍රදේශවල ජීවත්වන ජනතාවට විශාල අවදානම් ඇතැයි පෙන්වා දුන්නේය.

‘‘කොරෝනා වයිරසය ගෝලීය වසංගතයක් බවට පත්ව තිබෙනවා. එය ආයුධ සන්නද්ධ යුද්ධයකට වඩා විශාල යුද්ධයක්. මම අද මෙතැනට ආවේ ඒ නිසයි. මේ තත්ත්වය හේතුවෙන් මම ලෝකයේ සෑම කොනකම තිබෙන ගැටුම් නවතා වහාම ක්‍රියාත්මක වන පරිදි ගෝලීය සටන් විරාමයක් ප්‍රකාශ කරන්නැයි මා ඉල්ලා සිටිනවා’’ එක්සත් ජාතීන්ගේ මහලේකම්වරයා පැවැසීය.

වසර දහයක් මුළුල්ලේ සිවිල් යුද්ධයකට මුහුණ දී සිටින සිරියාවෙන් ද ඉකුත් දා පළමු කොරෝනා ආසාදිතයා පිළිබඳ තොරතුරු වාර්තා විය. යුද ගැටුම් පවතින කොංගෝ ජනරජයෙන් මෙන්ම ඇෆ්ගනිස්තානයෙන් ද මේ වනවිට කොරෝනා ආසාදිතයන් වාර්තා වී ඇත.

යුද ගැටුම් පවතින බොහෝ රටවල් දුප්පත් මෙන්ම දුර්වල සෞඛ්‍ය පද්ධති තිබෙන රටවල් යැයි විශේෂඥයෝ සහ රාජ්‍ය තාන්ත්‍රිකයෝ පෙන්වාදෙති.

එසේම රටවල්වල බොහොමයක යුධ ගැටුම් නිසා සරණාගත භාවයට පත්ව ඇති ජනතාව අවම පහසුකම් යටතේ එකම ප්‍රදේශයක ජීවත්වීම නිසා රෝගය ඉතා වේගයෙන් පැතිරයාමේ අවධානමක් පවතින බවද විදෙස් වාර්තා පෙන්වා දී ඇත.",වහා ක්‍රියාත්මක වන පරිදි ගෝලීයව ක්‍රියාත්මක යුධ ගැටුම් නවතා සටන් විරාමයක්’’ ක්‍රියාත්මක කරන්නැයි එක්සත් ජාතීන්ගේ මහ ලේකම් ඇන්ටෝනියෝ ගුටරෙස් ලෝක ප්‍රජාවගෙන් ඉල්ලා සිටියි. නිව්යෝක් නුවර පිහිටි එක්සත් ජාතීන්ගේ මූලස්ථානයේ දී කෙටි කතාවක් කරමින් එක්සත් ජාතීන්ගේ මහ ලේකම්වරයා ඒ බව සඳහන් කළේය. එහිදි එක්සත් ජාතීන්ගේ ප්‍රධානීයා කිසිදු රටක් හෝ සංවිධානයක් පිළිබඳ විශේෂ සඳහනක් නොකළ අතර යුද …,sin,lankaviews,Lanka Views,fake news,9a8d57cb-258d-4cf1-9cff-e29afa3242a3,article,MassiveSum
https://ceylondaily.com/%e0%b6%ad%e0%b7%99%e0%b7%80%e0%b7%90%e0%b6%b1%e0%b7%92-%e0%b6%a2%e0%b7%8f%e0%b6%ad%e0%b7%8a%e2%80%8d%e0%b6%ba%e0%b6%b1%e0%b7%8a%e0%b6%ad%e0%b6%bb-%e0%b6%9c%e0%b7%94%e0%b7%80%e0%b6%b1%e0%b7%8a%e0%b6%ad/,,තෙවැනි ජාත්‍යන්තර ගුවන්තොටුපොල අද ජනතා අයිතියට,,"Like Love Haha Wow Sad Angry

ශ්‍රී ලංකාවේ තුන් වැනි ජාත්‍යන්තර ගුවන්තොටුපොල ලෙස පලාලි හි ඉදිකෙරුණු යාපනය ජාත්‍යන්තර ගුවන් තොටුපල ජනාධිපති මෛත්‍රීපාල සිරිසේන සහ අග්‍රාමාත්‍ය රනිල් වික්‍රමසිංහ යන මහත්වරුන්ගේ ප්‍රධානත්වයෙන් අද (17) විවෘත කෙරේ. මෙය විවෘත කිරීමත් සමඟම යාපනය සහ චෙන්නායි අතර ගුවන් ගමන් ආරම්භ කිරීම ද සිදු කෙරෙනු ඇත.

රුපියල් මිලියන 2250 ක වියදමකින් මෙහි ඉදිකිරීම් සිදුකෙරෙන අතර ඒ සඳහා ශ්‍රී ලංකා රජයෙන් රුපියල් මිලියන 1,950ක් සහ ඉන්දීය රජයෙන් රුපියල් මිලියන 300ක් වශයෙන් මුදල් යොදවා තිබේ.

එහි ප්‍රථම ගුවන් ගමන අරඹමින් ඉන්දියාවේ එලායන්ස් එයාර් 1 සමාගමේ ගුවන් යානයක් චෙන්නායි සිට එරට ගුවන් නිලධාරීන් ද සමඟ අද පෙරවරු 10.00 ට යාපනය ජාත්‍යන්තර ගුවන් තොටුපොළට පැමිණීමට නියමිතය.

එහි තිස් දෙනෙකුගෙන් යුත් දූත පිරිසක් පැමිණීමට නියමිතය.

ප්‍රවාහන සහ සිවිල් ගුවන්සේවා අමාත්‍යාංශයේ අතිරේක ලේකම් සුනිල් ගුණවර්ධන මහතා සඳහන් කළේ මෙහි දෛනික ගුවන් මෙහෙයුම් ලබන නොවැම්බර් මාසයේ සිට ආරම්භ කිරීමට නියමිත බවයි.

Like Love Haha Wow Sad Angry",ශ්‍රී ලංකාවේ තුන් වැනි ජාත්‍යන්තර ගුවන්තොටුපොල ලෙස පලාලි හි ඉදිකෙරුණු යාපනය ජාත්‍යන්තර ගුවන් තොටුපල ජනාධිපති මෛත්‍රීපාල සිරිසේන සහ අග්‍රාමාත්‍ය රනිල් වික්‍රමසිංහ යන මහත්වරුන්ගේ ප්‍රධානත්වයෙන් අද (17) විවෘත කෙරේ. මෙය විවෘත කිරීමත් සමඟම යාපනය සහ චෙන්නායි අතර ගුවන් ගමන් ආරම්භ කිරීම ද සිදු කෙරෙනු ඇත. රුපියල් මිලියන 2250 ක වියදමකින් මෙහි ඉදිකිරීම් සිදුකෙරෙන අතර ඒ සඳහා …,sin,ceylondaily,Ceylon Daily,fake news,e6c792df-9822-454d-ba5f-c9b03a17645e,article,MassiveSum
https://www.lankaviews.com/%e0%b6%91-%e0%b6%a2%e0%b6%b1%e0%b6%b4%e0%b6%af%e0%b6%ba%e0%b7%9a-%e0%b6%b8%e0%b7%9a%e0%b6%bb%e0%b7%92%e0%b6%bd%e0%b7%91%e0%b6%b1%e0%b7%8a%e0%b6%a9%e0%b7%8a%e0%b7%84%e0%b7%92-%e0%b7%80%e0%b7%99/,,එ. ජනපදයේ මේරිලෑන්ඩ්හි වෙඩි තැබීමකින් පස් දෙනෙකු මියයති,,"Posted on 06.29.2018 by Nishshanka in විදෙස් පුවත් with 0 Comments

එක්සත් ජනපදයේ මේරිලෑන්ඩ්හි දේශීය පුවත් පතක් කාර්යාලයක තුල ඊයේ සිදු කළ වෙඩි තැබීමකින් පුද්ගලයෝ පස් දෙනෙකු මියගොස් තවත් තිදෙනෙකු තුවාල ලබා ඇති බව විදෙස් මාධ්‍ය වාර්තා කරයි.

සැකකරු මේ වන විට අත්අඩංගුවට ගෙන ඇති අතර ඔහු 20 හැවිරිදි සුදු ජාතික තරුණයකු බව වාර්තාවේ. මේරිලෑන්ඩ් ප්‍රාන්ත අගනුවර වන ඇනපොලිස්හි පිහිටි කැපිටල් ගැසට් නැමැති දේශීය පුවත් පතක ප්‍රධාන කාර්යාලයේදී මෙම වෙඩි තැබීම සිදුව ඇති බව වාර්තාවේ.

අදාල සැකකරු විසින් කාර්යාලයට කඩා වැදී එහි ප්‍රවෘත්ති කාර්යාලයේ සිටි පුද්ගලයන් වෙත වෙඩි තබා ඇති බව වාර්තාවේ.",එක්සත් ජනපදයේ මේරිලෑන්ඩ්හි දේශීය පුවත් පතක් කාර්යාලයක තුල ඊයේ සිදු කළ වෙඩි තැබීමකින් පුද්ගලයෝ පස් දෙනෙකු මියගොස් තවත් තිදෙනෙකු තුවාල ලබා ඇති බව විදෙස් මාධ්‍ය වාර්තා කරයි. සැකකරු මේ වන විට අත්අඩංගුවට ගෙන ඇති අතර ඔහු 20 හැවිරිදි සුදු ජාතික තරුණයකු බව වාර්තාවේ. මේරිලෑන්ඩ් ප්‍රාන්ත අගනුවර වන ඇනපොලිස්හි පිහිටි කැපිටල් ගැසට් නැමැති දේශීය පුවත් පතක …,sin,lankaviews,Lanka Views,fake news,58948033-ba30-4654-92f2-866188b7659b,article,MassiveSum
https://www.lankaviews.com/youth-found-dead/,,පොලිසියේ වැටලීමේදී හමුවුණේ හොරොයින් ග්‍රෑම් 2යි - පළාගිය තරුණයාගේ මළ සිරුර ඇළකින් හමුවේ !,,"Posted on 02.17.2018 by Chandana Sirimalwatte in දේශීය පුවත් with 0 Comments

ඊයේ (16) පස්වරුවේ එම ප්‍රදේශයේ ජාවාරම්කරුවන් පිරිසක් අත්අඩංගුවට ගැනීම සඳහා කහතුඩුව පොලීසිය විසින් සිදුකළ වැටලීමකදී ඇළට පැන පලාගිය 21 හැවිරිදි තරුණයකුගේ මළසිරුර අද හමුවී ඇත. අද දින පිළියන්දල – කහතුඩුව – හෙරළියාවල ප්‍රදේශයේ ඇලේ පාවෙමින් තිබූ මළ සිරුර ප්‍රදේශවාසීන් විසින් දැනුවත් කිරීමෙන් පසුව පොලීසිය විසින් සිරුර ගොඩට ගෙන ඇත. මෙම සිද්ධියෙන් පසුව ප්‍රදේශවාසීන් කහතුඩුව පොලිස් ස්ථානයට පැමිණ විරෝධය පළ කළහ. ජාවාරම්කරුවන් සෙවූ බව කියන වැටලීමේදී පොලිසිය විසින් සොයාගෙන අත්අඩංගුවට ගෙන ඇත්තේ හෙරොයින් ග්‍රෑම් 2 ක් ළග තබාගත් පුද්ගලයෙකු පමණකි.",ඊයේ (16) පස්වරුවේ එම ප්‍රදේශයේ ජාවාරම්කරුවන් පිරිසක් අත්අඩංගුවට ගැනීම සඳහා කහතුඩුව පොලීසිය විසින් සිදුකළ වැටලීමකදී ඇළට පැන පලාගිය 21 හැවිරිදි තරුණයකුගේ මළසිරුර අද හමුවී ඇත. අද දින පිළියන්දල – කහතුඩුව – හෙරළියාවල ප්‍රදේශයේ ඇලේ පාවෙමින් තිබූ මළ සිරුර ප්‍රදේශවාසීන් විසින් දැනුවත් කිරීමෙන් පසුව පොලීසිය විසින් සිරුර ගොඩට ගෙන ඇත. මෙම සිද්ධියෙන් පසුව ප්‍රදේශවාසීන් කහතුඩුව පොලිස් …,sin,lankaviews,Lanka Views,fake news,5331aec3-830d-4a1a-a09d-bc05040f5fa5,article,MassiveSum
https://www.lankaviews.com/%e0%b7%81%e0%b7%8a%e2%80%8d%e0%b6%bb%e0%b7%93%e0%b6%bd%e0%b6%b1%e0%b7%92%e0%b6%b4%e0%b6%ba%e0%b7%99%e0%b6%b1%e0%b7%94%e0%b6%ad%e0%b7%8a-%e0%b6%86%e0%b6%ab%e0%b7%8a%e0%b6%a9%e0%b7%94%e0%b6%9a%e0%b7%8a/,,ශ්‍රීලනිපයෙනුත් ආණ්ඩුක්‍රම ව්‍යවස්ථා උපදේශන කමිටුවක්,,"Posted on 08.21.2020 by Sithara Sajeewani in දේශීය පුවත් with 0 Comments

නව ආණ්ඩුක්‍රම ව්‍යවස්ථාවක් ගෙන ඒම ඇතුළු ආණ්ඩුක්‍රම ව්‍යවස්ථාව සම්බන්ධ ඕනෑම කරුණක් සම්බන්ධයෙන් ශ්‍රී ලංකා නිදහස් පක්ෂයේ ස්ථාවරය ප්‍රකාශ කිරීම සඳහා උපදේශක කමිටුවක් පත් කිරීමට ඊයේ (20) පැවැති එම පක්ෂයේ මධ්‍යම කාරක සභා රැස්වීමේදී තීන්දුවක් ගෙන ඇත.

ශ්‍රී ලංකා නිදහස් පක්ෂයේ සභාපති, හිටපු ජනාධිපති මෛත්‍රීපාල සිරිසේනගේ ප්‍රධානත්වයෙන් එම පක්ෂයේ මධ්‍යම කාරක සභාව ඊයේ පස්වරුවේ රැස්විණි.

යෝජිත නව ආණ්ඩුක්‍රම ව්‍යවස්ථාව, 20 වැනි ආණ්ඩුක්‍රම ව්‍යවස්ථා සංශෝධනය ඇතුළු ආණ්ඩුක්‍රම ව්‍යවස්ථා සම්බන්ධයෙන් ඕනෑම කරුණක් සම්බන්ධයෙන් අධ්‍යයනය කර ශ්‍රී ලංකා නිදහස් පක්ෂයේ ස්ථාවරය දැනුම් දීම සඳහා එම කමිටුව පත් කෙරෙනු ඇත.

ඊට අදාළ නම් ඉදිරියේදී ප්‍රකාශයට පත් කිරීමට නියමිතයි.","නව ආණ්ඩුක්‍රම ව්‍යවස්ථාවක් ගෙන ඒම ඇතුළු ආණ්ඩුක්‍රම ව්‍යවස්ථාව සම්බන්ධ ඕනෑම කරුණක් සම්බන්ධයෙන් ශ්‍රී ලංකා නිදහස් පක්ෂයේ ස්ථාවරය ප්‍රකාශ කිරීම සඳහා උපදේශක කමිටුවක් පත් කිරීමට ඊයේ (20) පැවැති එම පක්ෂයේ මධ්‍යම කාරක සභා රැස්වීමේදී තීන්දුවක් ගෙන ඇත. ශ්‍රී ලංකා නිදහස් පක්ෂයේ සභාපති, හිටපු ජනාධිපති මෛත්‍රීපාල සිරිසේනගේ ප්‍රධානත්වයෙන් එම පක්ෂයේ මධ්‍යම කාරක සභාව ඊයේ පස්වරුවේ රැස්විණි. යෝජිත …",sin,lankaviews,Lanka Views,fake news,f78a7544-c9bf-42b8-b913-59734d159fcc,article,MassiveSum
https://www.lankaviews.com/%e0%b6%b4%e0%b7%92%e0%b6%a7%e0%b6%bb%e0%b6%a7%e0%b6%af%e0%b7%92-%e0%b6%b8%e0%b7%90%e0%b6%bb%e0%b7%99%e0%b6%b1%e0%b7%8a%e0%b6%b1-%e0%b6%95%e0%b6%b1-%e0%b6%b1%e0%b7%91-%e0%b7%80%e0%b7%92%e0%b6%af/,,"පිටරටදි මැරෙන්න ඕන නෑ, විදේශ විශ්ව විද්‍යාල ලංකාවට ගේනවා! - බන්දුල ගුණවර්ධන",,"Posted on 01.12.2020 by Chandana Sirimalwatte in දේශීය පුවත් with 0 Comments

අසර්බයිජානයේ ශිෂ්‍යාවන් තිදෙනකු නේවාසිකාගාරයේදී අනතුරට ලක්වී මියයාම වැනි සිදුවීම් වැළැක්වීමට විදේශ විශ්වවිද්‍යාල ලංකාවේ පිහිටුවන බව අධ්‍යාපන ඇමති බන්දුල ගුණවර්ධන පවසයි.

ලංකාවේ විශ්වවිද්‍යාල තුළ ප්‍රමාණවත් පහසුකම් නැතිකමින් විශ්වවිද්‍යාලවලට අතුළත්වීමේ සුදුසුකම් ලබන ශිෂ්‍ය ශිෂ්‍යාවන් දහස් ගණනකට මහත් අසරණභාවයක් ඇතිවන අතර මෙරට රාජ්‍ය විශ්වවිද්‍යාලවල පහසුකම් ඇත්තේ විද්‍යාර්ථීන් 30,000කට අධ්‍යයන පහසුකම් සැලසීමට පමණි. මේ තත්වය තුළ පෞද්ගලික වියදමින් විදේශගතව විශ්වවිද්‍යාල අධ්‍යාපනයට පෙළඹෙන්නේ ධනවත් මව්පියන්ගේ දරුවන් නොව, ණයවී හෝ දේපළ උගස්කර උසස් අධ්‍යාපනය ලබන්නට තැත්කරන දරුවන්ය. කෙසේවෙතත් ඇමතිවරයා පවසන්නේ එවැනි ආයතනවල ශාඛා මෙරට පිහිටුවා මෙරට අධ්‍යාපන පිපාසයෙන් පෙළෙන දරුවන්ගේ මව්පියන් සූරාකමින් ආදායම් ඉපදවීමට අවසර දෙන බවයි. එම ආයතන මගින් මෙරට දරුවන්ට ලබාදෙන පහසුකම් සහ ආරක්ෂාව ගැන සෑහීමකට පත්විය හැකි නොහැකි බැවින් මෙම තීරණය ගත් බව රජයේ ප්‍රවෘත්ති දෙපාර්තමේන්තුවේ දී කැඳවා තිබූ තිබූ මාධ්‍ය සාකජාවකදී අධයාපන ඇමතිවරයා පවසා ඇත.

මේ අනුව, උසස් අධ්‍යාපන පහසුකම් ඇතිකිරීමට රාජ්‍ය අධයාපනයට ප්‍රතිපාදන වැඩිකිරීම බඳු අවශ්‍යතා ඉටු නොකර විදේශ විශ්වවිද්‍යාලවල ශාඛා පිහිටුවමින් ප්‍රමිතියෙන් පවා බාල අධ්‍යයන පාඨමාලාවලට මුදල් ගෙවා විදේශවිනිමය අහිමිකරගන්නට අධ්‍යාපන බලධාරින් කටයුතු කරමින් සිටී.

අසර්බයිජානයේ මියගිය ශිෂයාවන් තිදෙනා මෙන්ම වෙනත් ආකාරයට මියයමින් සිටින මෙරට දහස් ගණනක් සරසවි අධ්‍යයන සුදුසුකම් ලැබුවන් වෙනුවෙන් විශ්වවිද්‍යාල පහසුකමු වැඩිකරන ලෙසත් දැනට ඇතුළත්කර ලන්නා ශිෂ්‍ය ශිෂයාවන්ට ප්‍රමාණවත් ආචාර්යවරු, දේශන ශාලා, නේවාසිකාගාර ආදි පහසුකම් සපයන ලෙසත් ලාංකීය ශිෂය ව්‍යාපාරය දිගින් දිගටම අරගල කරමින් සිටී. අවම වහයෙන් මහපොළ වැනි ශිෂ්‍යාධාරයක හිමිකම ඇති සරසවි ශිෂ්‍ය ප්‍රජාවට එය ලබාදීම බලධාරින් විසින් සිදු නොකරන තත්වයක් පවතී. මේ තතු යටතේ තවදුරටත් විදේශ සමාගම් හරහා අධ්‍යාපනය විකිණීමට සහායවන බව හිටපු පෞද්ගලික පන්ති ගුරුවරයකුද වන අධ්‍යාපන ඇමතිගේ ප්‍රකාශයෙන් පැහැදිලි වේ.","අසර්බයිජානයේ ශිෂ්‍යාවන් තිදෙනකු නේවාසිකාගාරයේදී අනතුරට ලක්වී මියයාම වැනි සිදුවීම් වැළැක්වීමට විදේශ විශ්වවිද්‍යාල ලංකාවේ පිහිටුවන බව අධ්‍යාපන ඇමති බන්දුල ගුණවර්ධන පවසයි. ලංකාවේ විශ්වවිද්‍යාල තුළ ප්‍රමාණවත් පහසුකම් නැතිකමින් විශ්වවිද්‍යාලවලට අතුළත්වීමේ සුදුසුකම් ලබන ශිෂ්‍ය ශිෂ්‍යාවන් දහස් ගණනකට මහත් අසරණභාවයක් ඇතිවන අතර මෙරට රාජ්‍ය විශ්වවිද්‍යාලවල පහසුකම් ඇත්තේ විද්‍යාර්ථීන් 30,000කට අධ්‍යයන පහසුකම් සැලසීමට පමණි. මේ තත්වය තුළ පෞද්ගලික වියදමින් විදේශගතව …",sin,lankaviews,Lanka Views,fake news,371b009f-08d7-4616-bb1f-fb7d9131336d,article,MassiveSum
https://ceylondaily.com/%e0%b6%b8%e0%b6%ad%e0%b7%8a%e0%b6%ad%e0%b6%bd-%e0%b6%9c%e0%b7%94%e0%b7%80%e0%b6%b1%e0%b7%8a%e0%b6%ad%e0%b7%9c%e0%b6%a7%e0%b7%94%e0%b6%b4%e0%b7%9c%e0%b7%85%e0%b6%a7-%e0%b7%83%e0%b7%92%e0%b6%af%e0%b7%94/,,මත්තල ගුවන්තොටුපොළට සිදුවූ හානිය පිළිබඳ පූර්ණ වාර්තාවක් ලබා දෙන්න-ප්‍රසන්න රණතුංග,,"Like Love Haha Wow Sad Angry

පසුගිය රජය යටතේ වී ගබඩා කිරීම නිසා මත්තල රාජපක්ෂ ගුවන්තොටුපොළට සිදුවූ හානිය මෙන්ම පසුගිය රජයේ ක්‍රියාකාරකම් හේතුවෙන් ගුවන්තොටුපොළේ සියලු අංශවලට සිදුව ඇති හානිය පිළිබඳ පූර්ණ වාර්තාවක් තමන්ට ලබා දෙන ලෙස කාර්මික අපනයන, ආයෝජන ප්‍රවර්ධන, සංචාරක හා ගුවන්සේවා අමාත්‍ය ප්‍රසන්න රණතුංග මහතා ගුවන්තොටුපොළ නිලධාරීන්ට උපදෙස් ලබා දී ඇත.

මත්තල රාජපක්ෂ ජාත්‍යන්තර ගුවන්තොටුපොළ ක්‍රියාකාරී ගුවන්තොටුපොළක් බවට කඩිනමින් පත් කිරීම සම්බන්ධයෙන් මතුව තිබෙන ගැටළු හා ඊට අදාළ විසඳුම් ඇතුළත් ක්‍රියාකාරී සැලැස්මක් වහාම තමන් වෙත ලබා දෙන ලෙස කාර්මික අපනයන, ආයෝජන ප්‍රවර්ධන, සංචාරක හා ගුවන්සේවා අමාත්‍ය ප්‍රසන්න රණතුංග මහතා ගුවන්තොටුපොළ නිලධාරීන්ට උපදෙස් ලබා දී ඇත.

2018 වර්ෂයේදි මත්තල රාජපක්ෂ ජාත්‍යන්තර ගුවන්තොටුපොළේ සිදුවූ ගුවන් ගමන් මෙහෙයුම් සංඛ්‍යාව 709 ක් වන අතර ඉන් 334ක් ජාත්‍යන්තර ගුවන් ගමන් මෙහෙයුම් බවත් 375 අභ්‍යන්තර ගුවන් ගමන් මෙහෙයුම් බවත් මෙම සාකච්ඡාවේදි අනාවරණය විය. එය 2017 වර්ෂයට වඩා 50%ක අඩුවීමකි.

මත්තල රාජපක්ෂ ගුවන්තොටුපොළ හරහා 2018 වර්ෂයේදි ගුවන් මගීන් 3403 පැමිණ තිබේ. එය 2017 වර්ෂයට සාපේක්ෂව 85%ක අඩුවීමක් බවද මෙහිදී අනාවරණය විය. 2017 වර්ෂයේදි කටුනායක ගුවන්තොටුපොළේ ගුවන් පථය වසා දැමීම හේතුවෙන් කටුනායක පැමිණි ගුවන්යානා මත්තල රාජපක්ෂ ගුවන්තොටුපොළ හරවා යැවීම නිසා ඒ වසරේ ගුවන්යානා පැමිණිම ඉහල මට්ටමක පැවති බවද නිලධාරීහු මෙහිදී ඇමතිවරයාට පෙන්වා දී ඇත.

කෙසේ වෙතත් 2019 මුල් මාස 8 තුළ මත්තල රාජපකෂ ජාත්‍යන්තර ගුවන්තොටුපොළේ ගුවන් යානා මෙහෙයුම් 645 සිදුව ඇති අතර මගීන් 1297 ක් පැමිණ තිබේ. මෙම මාස කිහිපය තුළ මත්තල රාජපක්ෂ ගුවන්තොටුපොළට භාණ්ඩ ප්‍රවාහන ගුවන්යානා කිසිවක් පැමිණ තැත.

සංචාරක සිවිල් ගුවන්සේවා අමාත්‍යංශයේ ලේකම්වරයා ඇතුළු නිලධාරීන් සමග ඉදිරි කටයුතු පිළිබඳව පැවති සාකච්ඡාවේදි ඇමතිවරයා මෙලෙස උපදෙස් ලබාදී ඇත.

Like Love Haha Wow Sad Angry","පසුගිය රජය යටතේ වී ගබඩා කිරීම නිසා මත්තල රාජපක්ෂ ගුවන්තොටුපොළට සිදුවූ හානිය මෙන්ම පසුගිය රජයේ ක්‍රියාකාරකම් හේතුවෙන් ගුවන්තොටුපොළේ සියලු අංශවලට සිදුව ඇති හානිය පිළිබඳ පූර්ණ වාර්තාවක් තමන්ට ලබා දෙන ලෙස කාර්මික අපනයන, ආයෝජන ප්‍රවර්ධන, සංචාරක හා ගුවන්සේවා අමාත්‍ය ප්‍රසන්න රණතුංග මහතා ගුවන්තොටුපොළ නිලධාරීන්ට උපදෙස් ලබා දී ඇත. මත්තල රාජපක්ෂ ජාත්‍යන්තර ගුවන්තොටුපොළ ක්‍රියාකාරී ගුවන්තොටුපොළක් බවට කඩිනමින් …",sin,ceylondaily,Ceylon Daily,fake news,e7e36a70-d6cf-4570-a072-6d2d6ebcb461,article,MassiveSum
https://www.lankaviews.com/%e0%b6%9a%e0%b7%9c%e0%b6%bb%e0%b7%9d%e0%b6%b1%e0%b7%8f-%e0%b6%b8%e0%b6%bb%e0%b6%ab-%e0%b7%80%e0%b7%90%e0%b6%bd%e0%b6%bd%e0%b7%93%e0%b6%b8%e0%b7%9a-%e0%b6%9c%e0%b7%90%e0%b7%83%e0%b6%a7%e0%b7%8a/,,කොරෝනා මරණ වැලලීමේ ගැසට් නිවේදනය ජිනීවා මගහැර යාමට ගැසූ ගැටයක්!,,"Posted on 02.28.2021 by Chandana Sirimalwatte in දේශීය පුවත් with 0 Comments

(TopNews) ආණ්ඩුව විසින් ජිනීවා මානව හිමිකම් සමුළුව ආසන්නයේ කොරොනා මරණ භූමදානයට අවසර දෙන බවට කළ ගැසට් නිවේදනය පුස්සක් හා බොරුවක් බවට පත්ව ඇත.

මෙම ගැසට් නිවේදනය මානව හිමිකම් චෝදනාවලින් ගැලවීමේ උපක්‍රමයක් ලෙස ප්‍රකාශයට පත් කළද එය ක්‍රියාත්මක කිරීමේ අභිලාෂයක් ආණ්ඩුවේ බලධාරින්ට නොමැති බව මේ වන විට අනාවරණය වී ඇත. මෙම නිවේදනය ප්‍රකාර මරණ භූමදානයට අවසර දෙන රෙගුලාසි සෞඛ්‍ය අධ්‍යක්ෂ ජනරාල් මගින් සෞඛ්‍ය වෛද්‍ය නිලධාරින් හරහා මහජන සෞඛ්‍ය පරික්ෂකවරු දක්වා නිකුත් විය යුතුව ඇතත් තවමත් එවැන්නකට ආණ්ඩුව සූදානම් නැත.

මෙම ගැසට් නිවේදනයෙන් කොරෝනා ආසාදිතයකු මිය ගිය විට අනිවාර්යයෙන් භූමදානය කළ යූතු බවට වූ නීතිය අහෝසි වුවද ප්‍රායෝගිකව එය කළ යුතු ආකාරය තවමත් අපැහැදිලිය. මේ අතරතුර සෞඛ්‍ය අමාත්‍යංශය පවසන්නේ භූමදානයට අවසර දුන් නමුත් එසේ භූමදාන කිරීමට හුදකලා දූපතක් වැනි ස්ථානයක් සෙවිය යුතු බවය. නමුත් මරණයක් කොරෝනා ආදාහනය නොකරන බවට තීන්දු කළ පසුව එය දූපතක් වෙත ගෙනයාමට තීරණ ගැනීම නැවත වරක් මළවුන් සම්බන්ධ අයිතිවාසිකම් මෙන්ම ඥාතින්ට හිමි මූලික අයිතිවාසිකම් උල්ලංඝනය කිරීමකි. ඒ නිසාම ආණ්ඩුව ගැසට් නිවේදන ප්‍රචාරයකින් ජිනීවා මානව හිමිකම් සමුළුව පසුකර ගෙන ආවද මානව හිමිකම් සම්බන්ධ තුට්ටුවක තැකීමක් නොමැතිව තීරණ ගන්නා බව යළිත් සනාථකරමින් සිටී.",(TopNews) ආණ්ඩුව විසින් ජිනීවා මානව හිමිකම් සමුළුව ආසන්නයේ කොරොනා මරණ භූමදානයට අවසර දෙන බවට කළ ගැසට් නිවේදනය පුස්සක් හා බොරුවක් බවට පත්ව ඇත. මෙම ගැසට් නිවේදනය මානව හිමිකම් චෝදනාවලින් ගැලවීමේ උපක්‍රමයක් ලෙස ප්‍රකාශයට පත් කළද එය ක්‍රියාත්මක කිරීමේ අභිලාෂයක් ආණ්ඩුවේ බලධාරින්ට නොමැති බව මේ වන විට අනාවරණය වී ඇත. මෙම නිවේදනය ප්‍රකාර මරණ භූමදානයට අවසර …,sin,lankaviews,Lanka Views,fake news,31eaa8e6-3ebe-4b8b-9eee-ae364c004bc1,article,MassiveSum
https://www.lankaviews.com/%e0%b6%a9%e0%b6%b8%e0%b7%83%e0%b7%8a%e0%b6%9a%e0%b7%83%e0%b7%8a-%e0%b7%80%e0%b7%99%e0%b7%85%e0%b6%af-%e0%b6%b4%e0%b7%8a%e2%80%8d%e0%b6%bb%e0%b6%af%e0%b6%bb%e0%b7%8a%e0%b7%81%e0%b6%ab%e0%b6%ba%e0%b6%a7/,,ඩමස්කස් වෙළද ප්‍රදර්ශනයට රොකට් ප්‍රහාරයක්,,"Posted on 08.22.2017 by Nishshanka in විදෙස් පුවත් with 0 Comments

සිරියාවේ අගනුවර මේ දිනවල පැවැත්වෙන ජාත්‍යන්තර වෙළද ප්‍රදර්ශනය ආසන්නයට රොකට් ප්‍රහාරයක් එල්ලවී ඇත. මෙම ප්‍රහාරයෙන් පුද්ගලයෝ කිහිප දෙනෙකු තුවාල ලබා ඇති බව වාර්තාවේ.

2011 වසරේ සිට පවතින එරට ගැටුම් හේතුවෙන් මේ දක්වා කිසිදු ජාත්‍යන්තර මට්ටමේ ප්‍රදර්ශනයක් පවත්වා නොතිබුනි. නමුත් පසුගියදා ඩමස්කස් නුවර ආරම්භවූ ජාත්‍යන්තර වෙළද ප්‍රදර්ශනය සිරියාවේ යම් දේශපාලන ස්ථාවරත්වයක් පෙන්නුම් කිරීමට අසාද් පාලනය සමත්ව ඇත. මෙම වෙළද ප්‍රදර්ශනය පසුගිය 17 වැනි දින ආරම්භ වූ අතර තවත් දින දහයක් පැවැත්වීමට නියමිතව තිබේ.

ඊයේ මෙම ප්‍රදර්ශනය ඉලක්ක කර රොකට් ප්‍රහාරය එල්ල කර ඇත්තේ එරට කැරලි කණ්ඩායම් විසින් බව සිරියානු රජය චෝදනා කරයි.

මෙම වෙළද ප්‍රදර්ශනය විවෘත කරමින් ජනාධිපති අසාද් පවසා ඇත්තේ සිරියානු රජයට එරෙහි කැරලි කරුවන්ට සහයෝගය ලබා දෙන කිසිදු බටහිර රටක් සමග ඉදිරියේදී කටයුතු කිරීමට තම රජය සූදානම් නොමැති බවයි. විශේෂයෙන් සිරියානු රජයට සහයෝගය බා දුන් රුසියාව,චීනය,හා ඉරානය වැනි මිත්‍ර රටවල් සමග ඉදිරි වෙළද කටයුතු තවත් දැඩි කිරීමට ක්‍රියා කරන බවයි.",සිරියාවේ අගනුවර මේ දිනවල පැවැත්වෙන ජාත්‍යන්තර වෙළද ප්‍රදර්ශනය ආසන්නයට රොකට් ප්‍රහාරයක් එල්ලවී ඇත. මෙම ප්‍රහාරයෙන් පුද්ගලයෝ කිහිප දෙනෙකු තුවාල ලබා ඇති බව වාර්තාවේ. 2011 වසරේ සිට පවතින එරට ගැටුම් හේතුවෙන් මේ දක්වා කිසිදු ජාත්‍යන්තර මට්ටමේ ප්‍රදර්ශනයක් පවත්වා නොතිබුනි. නමුත් පසුගියදා ඩමස්කස් නුවර ආරම්භවූ ජාත්‍යන්තර වෙළද ප්‍රදර්ශනය සිරියාවේ යම් දේශපාලන ස්ථාවරත්වයක් පෙන්නුම් කිරීමට අසාද් පාලනය සමත්ව ඇත. මෙම …,sin,lankaviews,Lanka Views,fake news,86b8bcbb-44f6-40d3-a9f0-7d36c1322ace,article,MassiveSum
https://www.lankaviews.com/%e0%b6%b4%e0%b7%8f%e0%b6%bb%e0%b7%8a%e0%b6%bd%e0%b7%92%e0%b6%b8%e0%b7%9a%e0%b6%b1%e0%b7%8a%e0%b6%ad%e0%b7%94%e0%b7%80%e0%b7%9a-%e0%b6%af%e0%b7%92%e0%b6%b1%e0%b6%9a-%e0%b7%80%e0%b7%92%e0%b6%ba%e0%b6%af/,,පාර්ලිමේන්තුවේ දිනක වියදම ලක්ෂ 245යි - මහජන ගැලරියද වසයි,,"Posted on 11.19.2018 by Chandana Sirimalwatte in උණුසුම් පුවත් with 0 Comments

දෛනිකව මහජන මුදල් රු ලක්ෂ 250කට අධික මුදලක් වැයකර පාර්ලිමේන්තු සභාවාර කැදවන ලද නමුත් අද (19) මහජන ගැලරියද වසා දමා තිබුණු බව වාර්තා විය.

පසුගිය වසරේ පමණක් පාර්ලිමේන්තු වාර 95ක් සදහා කෝටි 245ක වියදමක් දරා ඇති අතර මහජන මුදලින් නඩත්තුවන පාර්ලිමේන්තුව මෙන්ම පාර්ලිමේන්තු ක්‍රියාදාමය තුළ මහජනයාට ඇති උපයෝගිතාව අවම බව නිරීක්ෂකයන්ගේ අදහසයි. පසුගිය දින තුනකදී පාර්ලිමේන්තු මන්ත්‍රිවරු පාර්ලිමේන්තු කටයුතු නිසි ලෙස පවත්වාගෙන යන්නට අසමත් වී එකිනෙකා චෝදනා කරමින් පොත් පත් හා කසළ බදුන්වලින් දමා ගසමින් හා පාර්ලිමේන්තුවේ දේපළ විනාශ කරමින් කටයුතු කරන ලදී. මහජනයාගේ නියෝජිතයන් ලෙස ඡන්දයෙන් පත්වන මෙම පුද්ගලයන් මන්ත්‍රිධුරයට නුසුදුසු මෙන්ම මෙවැනි පාර්ලිමේන්තුවක් ජනතාවට බරක් මිස කිසිදු අයිතිවාසිකම් ආරක්ෂා කිරීමක් හෝ ප්‍රජාතන්ත්‍රවාදී අවකාශයක් නිර්මාණය නොකරන බව දේශපාලන විශ්ලේෂකයෝ පෙන්වා දෙති.

පසුගිය දිනවල කෝටි 50ට විකිනෙන මන්ත්‍රිවරු පිළිබද අනාවරණය විය. එසේම ඇතැම් අවස්ථාවල ජනතාවගේ ජීවන තත්වය පිළිබද විකෘතිකර තොරතුරු පවසමින් මාසයකදී සාමාන්‍ය පවුලකට රු. 2500කින් ජිවත්විය හැකි බවට කරුණු දැක්වීම අනුව එවැනි මන්ත්‍රිවරුන් තවදුරටත් ජනතාව නියෝජනය කරන්නට අසමත් බව සනාථ වේ. තවදුරටත් ලංකාවේ පාර්ලිමේන්තුව ජනතාවගේ අභිලාෂයන් ආරක්ෂා කිරීමට අසමත් විනාශකාරී හා නාස්තිකාරී ආයතනයක් බව ජනතාවගේම අත්දැකීම් අනුව නිගමනය කරන්නට සිදුව ඇත. මේ නිසා රාජ්‍ය පාලනය සදහා මහජනයාගේ සැබෑ නියෝජනයක් සහිත ජනතා බලයක් පාර්ලිමේන්තුවට පිටස්තරව පිහිටුවිය යුතු බවට වාමාංශික පක්ෂ විසින් යෝජනා කර ඇත.",දෛනිකව මහජන මුදල් රු ලක්ෂ 250කට අධික මුදලක් වැයකර පාර්ලිමේන්තු සභාවාර කැදවන ලද නමුත් අද (19) මහජන ගැලරියද වසා දමා තිබුණු බව වාර්තා විය. පසුගිය වසරේ පමණක් පාර්ලිමේන්තු වාර 95ක් සදහා කෝටි 245ක වියදමක් දරා ඇති අතර මහජන මුදලින් නඩත්තුවන පාර්ලිමේන්තුව මෙන්ම පාර්ලිමේන්තු ක්‍රියාදාමය තුළ මහජනයාට ඇති උපයෝගිතාව අවම බව නිරීක්ෂකයන්ගේ අදහසයි. පසුගිය දින තුනකදී …,sin,lankaviews,Lanka Views,fake news,ce27cfb8-736e-4fef-8cfd-52c9e881d641,article,MassiveSum
https://ceylondaily.com/%e0%b6%b8%e0%b7%90%e0%b6%ad%e0%b7%92%e0%b7%80%e0%b6%bb%e0%b6%ab-%e0%b7%83%e0%b7%9e%e0%b6%9b%e0%b7%8a%e2%80%8d%e0%b6%ba-%e0%b6%b8%e0%b7%8f%e0%b6%bb%e0%b7%8a%e0%b6%9c%e0%b7%9d%e0%b6%b4%e0%b6%af%e0%b7%9a/,,මැතිවරණ සෞඛ්‍ය මාර්ගෝපදේශ ඇතුළත් ගැසට් නිවේදනයක්,,"Like Love Haha Wow Sad Angry

සෞඛ්‍ය ආරක්ෂිතව මහ මැතිවරණය පැවැත්වීම හා COVID-19 වැළැක්වීමේ සෞඛ්‍ය මාර්ගෝපදේශ ඇතුළත් ගැසට් නිවේදනය හෙට නිකුත් කිරීමට නියමිතව තිබේ.

සෞඛ්‍ය සේවා අධ්‍යක්ෂ ජනරාල් විශේෂඥ වෛද්‍ය අනිල් ජාසිංහ මහතා පැවසුවේ එම ගැසට් නිවේදනය හෙට මධ්‍යම රාත්‍රීයේදී නිකුත් කෙරෙනු ඇති බවයි.

Like Love Haha Wow Sad Angry",සෞඛ්‍ය ආරක්ෂිතව මහ මැතිවරණය පැවැත්වීම හා COVID-19 වැළැක්වීමේ සෞඛ්‍ය මාර්ගෝපදේශ ඇතුළත් ගැසට් නිවේදනය හෙට නිකුත් කිරීමට නියමිතව තිබේ. සෞඛ්‍ය සේවා අධ්‍යක්ෂ ජනරාල් විශේෂඥ වෛද්‍ය අනිල් ජාසිංහ මහතා පැවසුවේ එම ගැසට් නිවේදනය  හෙට මධ්‍යම රාත්‍රීයේදී නිකුත් කෙරෙනු ඇති බවයි.,sin,ceylondaily,Ceylon Daily,fake news,54b57f1d-9a16-4f53-be35-aece649ac129,article,MassiveSum
https://www.lankaviews.com/oil-price-formula/,,ඊයේ(11) මධ්‍යම රාත්‍රියේ ඉන්ධන මිල ඉහළ දමයි!,,"Posted on 09.11.2018 by Chandana Sirimalwatte in දේශීය පුවත් with 0 Comments

මුදල් අමාත්‍යංශයේ ඉන්ධන මිල තීරණය කිරීමට පත් කළ කමිටුව විසින් සකස් කළ බව කියන මිල සූත්‍රයට අනුව ඊයේ(10) මධ්‍යම රාත්‍රී සිට ක්‍රියාත්මක වන පරිදි ඉන්ධන මිල ඉහළ දැමීමට ආණ්ඩුව තීරණය කර තිබේ.

මුදල් අමාත්‍යාංශය නිවේදනය අනුව ඉන්ධන මිල සංශෝධනය කර ඇත්තේ පෙට්‍රල් ලීටරයක මිල රු. 4.00 කින් සහ ඩීසල් මිල රු.5.00 කින් ඉහළ දැමීමට තීරණය කර තිබේ. මේ අනුව රු. 145ක්ව පැවති ඔක්ටේන් 92 පෙට්‍රල් ලීටරයක නව මිල රු. 149ක් වන අතර රු. 157ක්ව පැවති ඔක්ටේන් 95 වර්ගයේ පෙට්‍රල් ලීටරයක මිල රු. 161ක් වනු ඇත. එසේම ඔටෝ ඩීසල් ලීටරයක මිල රු. 118 සිට රු. 123 දක්වා රුපියල් 5කින් ඉහළ දැමීමට තීරණය කර ඇත. සුපර් ඩීසල් ලීටරයක මිල රු.3කින් ඉහළ දැමීම හේතුවෙන් රු. 130ක්ව පැවති සුපර් ඩීසල් ලීටරයක මිල රු. 133ක් වනු ඇත.

මුදල් අමාත්‍යාංශය විසින් හඳුන්වා දෙනු ලැබූ මිල සූත්‍රය අනුව, ලෝක වෙළෙඳපලේ බොරතෙල් මිලෙහි සිදුවන වෙනස්කම් අනුව, මෙරට ඉන්ධන මිල සංශෝධනය සෑම මසකම 10 වන දින සිදු කරන බව මුදල් අමාතයංශය පවසයි.",මුදල් අමාත්‍යංශයේ ඉන්ධන මිල තීරණය කිරීමට පත් කළ කමිටුව විසින් සකස් කළ බව කියන මිල සූත්‍රයට අනුව ඊයේ(10) මධ්‍යම රාත්‍රී  සිට ක්‍රියාත්මක වන පරිදි ඉන්ධන මිල ඉහළ දැමීමට ආණ්ඩුව තීරණය කර තිබේ. මුදල් අමාත්‍යාංශය නිවේදනය අනුව ඉන්ධන මිල සංශෝධනය කර ඇත්තේ පෙට්‍රල් ලීටරයක මිල රු. 4.00 කින් සහ ඩීසල් මිල රු.5.00 කින් ඉහළ දැමීමට තීරණය කර …,sin,lankaviews,Lanka Views,fake news,9eb34694-770b-4afd-8ab0-c3c25b6eaf7a,article,MassiveSum
https://ceylondaily.com/%e0%b6%b8%e0%b7%8f%e0%b6%ad%e0%b6%bd%e0%b7%9a-%e0%b6%b6%e0%b7%83%e0%b7%8a-%e0%b6%85%e0%b6%b1%e0%b6%ad%e0%b7%94%e0%b6%bb%e0%b6%9a%e0%b7%92%e0%b6%b1%e0%b7%8a-%e0%b6%9a%e0%b7%94%e0%b6%a9%e0%b7%8f/,,මාතලේ බස් අනතුරකින් කුඩා දරුවෙකු මරුට: 20ක් රෝහලේ,,"Like Love Haha Wow Sad Angry

මාතලේ නාවුල ප්‍රදේශයේ සිදුවූ බස් අනතුරකින් කුඩා දරුවෙකු මියගොස් තවත් 20 දෙනෙකු තුවාල ලබා තිබේ.

පොලීසීය සඳහන් කළේ තුවාලකරුවන්ගෙන් කිහිප දෙනෙකුගේ තත්ත්වය බරපතළ බවයි.

මගී ප්‍රවාහන පෞද්ගලික බස් රථයක් සහ චාරිකාවක් යමින් තිබූ බස් රථයක් එකිනෙක ගැටීමෙන් අනතුර සිදුව ඇති.

තුවාලකරුවන් මාතලේ සහ නාලන්ද රෝහල්වලට ඇතුළත් කර ඇත.

Like Love Haha Wow Sad Angry",මාතලේ නාවුල ප්‍රදේශයේ සිදුවූ බස් අනතුරකින් කුඩා දරුවෙකු මියගොස් තවත් 20 දෙනෙකු තුවාල ලබා තිබේ. පොලීසීය සඳහන් කළේ තුවාලකරුවන්ගෙන් කිහිප දෙනෙකුගේ තත්ත්වය බරපතළ බවයි. මගී ප්‍රවාහන පෞද්ගලික බස් රථයක් සහ චාරිකාවක් යමින් තිබූ බස් රථයක් එකිනෙක ගැටීමෙන් අනතුර සිදුව ඇති. තුවාලකරුවන් මාතලේ සහ නාලන්ද රෝහල්වලට ඇතුළත් කර ඇත.,sin,ceylondaily,Ceylon Daily,fake news,1c2bf7c9-a38b-496b-808a-e66ebae72085,article,MassiveSum
https://www.lankaviews.com/%e0%b6%b4%e0%b7%8a%e2%80%8d%e0%b6%bb%e0%b7%9a%e0%b6%b8%e0%b6%bd%e0%b7%8f%e0%b6%bd%e0%b7%8a-%e0%b6%a2%e0%b6%ba%e0%b7%83%e0%b7%9a%e0%b6%9a%e0%b6%bb%e0%b6%a7-%e0%b6%bd%e0%b6%b6%e0%b7%8f%e0%b6%af%e0%b7%94/,,ප්‍රේමලාල් ජයසේකරට ලබාදුන් මරණීය දණ්ඩනයට එරෙහිව අභියාචනා පෙත්සමක්,,"Posted on 08.04.2020 by Sithara Sajeewani in දේශීය පුවත් with 0 Comments

රත්නපුර මහාධිකරණයේ දී පසුගිය 31 වැනිදා මරණීය දණ්ඩනය නියම වූ හිටපු රාජ්‍ය ඇමති ප්‍රේමලාල් ජයසේකර වෙනුවෙන් අභියාචනා පෙත්සමක් ඔහුගේ නීතිඥයින් විසින් රත්නපුර මහාධිකරණයට අද (04) වැනිදා ඉදිරිපත් කර තිබේ.

පසුගිය 2015 වසරේ ජනවාරි 05 වැනිදා කහවත්ත නගරයේදී එවක ජනාධිපතිවරණයේ පොදු අපේක්ෂක මෛත්‍රීපාල සිරිසේනගේ ප්‍රචාරක රැස්වීමක සැරසිලි කරමින් සිටි එක්සත් ජාතික පක්ෂ අධාරකරුවෙකු වන සුනිල් පෙරේරා නොහොත් ශාන්ත දොඩම්ගොඩට වෙඩි තබා ඝාතනය කිරීම සහ එක්සත් ජාතික පක්ෂ ආධාරකරුවන් දෙදෙනෙකුට බරපතළ තුවාල සිදුකිරීම, නීති විරෝධී ජනරාශියක සාමාජිකයින් වීම ඇතුළු චෝදනා අටක් මත ප්‍රේමලාල් ජයසේකර , හිටපු පළාත් සභා මන්ත්‍රී නිලන්ත ජයකොඩි සහ කහවත්ත ප්‍රාදේශීය සභාවේ වත්මන් සභාපති වජිර දර්ශන ද සිල්වා යන අයට රත්නපුර මහාධිකරණ විනිසුරු රෝහාන් ජයසුරිය විසින් ඉකුත් 31 වැනිදා මරණිය දණ්ඩනය නියම කළේය.

එහිදී පැමිණිල්ල විසින් සාක්කි 58 ක් ඉදිරිපත් කර තිබුණි. තුන්වැනි විත්තිකරු වූ ප්‍රේමලාල් ජයසේකර වෙනුවෙන් පමණක් අභියාචනා පෙත්සම අද ඉදිරිපත් කළ අතර අනෙක් දෙදෙනා වෙනුවෙන් පසුව අභියාචනා පෙත්සම් ඉදිරිපත් කරන බව නීතිඥවරුන් පෙත්සම ඉදිරිපත් කිරීමෙන් පසු පැවසීය.

ප්‍රේමලාල් ජයසේකර මෙවර මහා මැතිවරණයට රත්නපුර දිස්ත්‍රික්කයෙන් ශ්‍රී ලංකා පොදු ජන පෙරමුණ යටතේ ඉදිරිපත්ව සිටි.",රත්නපුර මහාධිකරණයේ දී පසුගිය 31 වැනිදා මරණීය දණ්ඩනය නියම වූ හිටපු රාජ්‍ය ඇමති ප්‍රේමලාල් ජයසේකර වෙනුවෙන් අභියාචනා පෙත්සමක් ඔහුගේ නීතිඥයින් විසින් රත්නපුර මහාධිකරණයට අද (04) වැනිදා ඉදිරිපත් කර තිබේ. පසුගිය 2015 වසරේ ජනවාරි 05 වැනිදා කහවත්ත නගරයේදී එවක ජනාධිපතිවරණයේ පොදු අපේක්ෂක මෛත්‍රීපාල සිරිසේනගේ ප්‍රචාරක රැස්වීමක සැරසිලි කරමින් සිටි එක්සත් ජාතික පක්ෂ අධාරකරුවෙකු වන සුනිල් පෙරේරා …,sin,lankaviews,Lanka Views,fake news,4fd607e9-f48a-4ec2-bbf6-72c6fe789159,article,MassiveSum
https://www.lankaviews.com/accused-policemen-released-on-bail/,,ලසන්ත ඝාතනයේ තොරතුරු වසන් කළ පොලිස් නිලධාරින් ඇප ලබයි,,"Posted on 07.18.2018 by Chandana Sirimalwatte in දේශීය පුවත් with 0 Comments

මාධ්‍යවේදි ලසන්ත වික්‍රමතුංග ඝාතනය සම්බන්ධ තොරතුරු වසන් කිරීමට අදාළ සැකකරුවන් ලෙස අත්අඩංගුවට ගෙන සිටි නියෝජ්‍ය පොලිස්පති ප්‍රසන්න නානායක්කාර සහ ගල්කිස්ස පොලිසියේ අපරාධ අංශයේ හිටපු ස්ථානාධිපති තිස්ස සුගතපාල යන දෙදෙනාට අැප ලබා දෙන්නට ගල්කිස්ස මහේස්ත්‍රාත් අධිකරණය විසින් අද (17) අවසර දෙන ලදී.

මිලියනය බැගින් ශරීර ඇප සහ රුපියල් 50000 බැගින් මුදල් ඇප සහිතව මෙම දෙදෙනා ඇප පිට නිදහස් කළද ඔවුන්ගේ ගමන් බලපත්‍ර අධිකරණ භාරයට ගන්නා ලදී.",මාධ්‍යවේදි ලසන්ත වික්‍රමතුංග ඝාතනය සම්බන්ධ තොරතුරු වසන් කිරීමට අදාළ සැකකරුවන් ලෙස අත්අඩංගුවට ගෙන සිටි නියෝජ්‍ය පොලිස්පති ප්‍රසන්න නානායක්කාර සහ ගල්කිස්ස පොලිසියේ අපරාධ අංශයේ හිටපු ස්ථානාධිපති තිස්ස සුගතපාල යන දෙදෙනාට අැප ලබා දෙන්නට ගල්කිස්ස මහේස්ත්‍රාත් අධිකරණය විසින් අද (17) අවසර දෙන ලදී. මිලියනය බැගින් ශරීර ඇප සහ රුපියල් 50000 බැගින් මුදල් ඇප සහිතව මෙම දෙදෙනා ඇප …,sin,lankaviews,Lanka Views,fake news,989df2a3-bfa1-4fd1-85cc-768b7047cce8,article,MassiveSum
https://ceylondaily.com/%e0%b7%81%e0%b7%93%e2%80%8d%e0%b7%8a%e2%80%8d%e0%b6%bb-%e0%b6%bd%e0%b6%82%e0%b6%9a%e0%b7%8f-%e0%b6%9a%e0%b7%92%e2%80%8d%e0%b7%8a%e2%80%8d%e0%b6%bb%e0%b6%9a%e0%b6%a7%e0%b7%8a-%e0%b6%b4%e0%b7%92/,,ශී‍්‍ර ලංකා කි‍්‍රකට් පිළේ තාවකාලික පුහුණුකරු ජෙරම්,,"Like Love Haha Wow Sad Angry

නවසීලන්තය සමග පැවැත්වෙන කි‍්‍රකට් තරගාවලියේදී ශී‍්‍ර ලංකා කි‍්‍රකට් පිළේ තාවකාලික පුහුණුකරු ලෙස ශී‍්‍ර ලංකා කි‍්‍රකට් ආයතනයේ ප‍්‍රධාන මෙහෙයුම් නිලධාරී ජෙරම් ජයරත්න පත් කිරීමට තීරණය කර ඇත.

ශී‍්‍ර ලංකා කි‍්‍රකට් ආයතනයේ උසස් නිලධාරියෙකු නෙත් ස්පෝර්ට්ස්මන් වෙත කියාසිටියේ ප‍්‍රධාන පුහුණුකරු චන්දික හතුරුසිංහ සමග පැවති සාකච්ඡා අසාර්ථකවීම හේතුවෙන් මෙම තීරණයට එළැඹි බවයි.

කි‍්‍රකට් ප‍්‍රධානීන් සමග පැවැති සාකච්ඡාවේදී චන්දික හතුරුසිංහ මතගැටුම් ඇති වන ආකාරයේ ප‍්‍රකාශ සිදුකර ඇති බව වාර්තා වන අතර චන්දික හතුරුසිංහ පිළිබඳ ගත් තීරණය සම්බන්ධයෙන් ශී‍්‍ර ලංකා කි‍්‍රකට් ආයතනය අද (06) නිල වශයෙන් දැනුම් දීමට නියමිතව ඇත.

ඔහුගේ ගිවිසුමද අහෝසි කිරීමට ශී‍්‍ර ලංකා කි‍්‍රකට් ප‍්‍රධානීන් තීරණය කර ඇත. කී‍්‍රඩා අමාත්‍ය හරීන් ප‍්‍රනාන්දු මීට පෙර ශී‍්‍ර ලංකා කි‍්‍රකට් ආයතනයට දැනුම් දී ඇත්තේ බංග්ලාදේශ තරගාවලියෙන් පසු ප‍්‍රධාන පුහුණුකරු චන්දික හතුරුසිංහ ඇතුළු පුහුණුකාර මණ්ඩලය ඉවත් කරන ලෙසයි. පසුව එළඹෙන නවසීලන්ත තරග සංචාරය තෙක් එම පුහුණුකාර මණ්ඩලය රඳවා ගැනීමට ශී‍්‍ර ලංකා කි‍්‍රකට් ආයතනයේ විධායක කමිටුව කී‍්‍රඩා අමාත්‍යවරයාගෙන් ඉල්ලීමක්ද කර තිබිණි.

Like Love Haha Wow Sad Angry",නවසීලන්තය සමග පැවැත්වෙන කි‍්‍රකට් තරගාවලියේදී ශී‍්‍ර ලංකා කි‍්‍රකට් පිළේ තාවකාලික පුහුණුකරු ලෙස ශී‍්‍ර ලංකා කි‍්‍රකට් ආයතනයේ ප‍්‍රධාන මෙහෙයුම් නිලධාරී ජෙරම් ජයරත්න පත් කිරීමට තීරණය කර ඇත. ශී‍්‍ර ලංකා කි‍්‍රකට් ආයතනයේ උසස් නිලධාරියෙකු නෙත් ස්පෝර්ට්ස්මන් වෙත කියාසිටියේ ප‍්‍රධාන පුහුණුකරු චන්දික හතුරුසිංහ සමග පැවති සාකච්ඡා අසාර්ථකවීම හේතුවෙන් මෙම තීරණයට එළැඹි බවයි. කි‍්‍රකට් ප‍්‍රධානීන් සමග පැවැති සාකච්ඡාවේදී චන්දික හතුරුසිංහ …,sin,ceylondaily,Ceylon Daily,fake news,287928bf-a461-4942-9526-c916696a816e,article,MassiveSum
https://www.lankaviews.com/%e0%b6%b8%e0%b7%84%e0%b6%bb-%e0%b6%b6%e0%b6%b1%e0%b7%8a%e0%b6%b0%e0%b6%b1%e0%b7%8f%e0%b6%9c%e0%b7%8f%e0%b6%bb%e0%b7%9a-%e0%b6%9a%e0%b7%9c%e0%b7%80%e0%b7%92%e0%b6%a9%e0%b7%8a-%e0%b6%b4%e0%b7%90/,,මහර බන්ධනාගාරේ කොවිඩ් පැතිරීමට හේතුව 'දිනමිණ' හෙළිකරයි,,"Posted on 12.18.2020 by Sithara Sajeewani in දේශීය පුවත් with 0 Comments

බන්ධනාගාර කොමසාරිස් (ක්‍රියාකාරී) සහ බන්ධනාගාර සෞඛ්‍ය සේවා නියෝජ්‍ය අධ්‍යක්ෂ ලෙස කටයුතු කරන නිලධාරීන්ගේ අත්තනෝමතික ක්‍රියාකලාපයක් හේතුවෙන් මහර බන්ධනාගාරය තුළ කොවිඩ්-19 පැතිරී ඇතැයි ‘දිනමිණ’ පුවත්පත වාර්තා කර තිබේ.

වැලිකඩ බන්ධනාගාර රෝහලේ ප්‍රතිකාර ලබමින් සිටි රිමාන්ඩ් රැඳවූවන් 112 දෙනකු පසුගිය නොවැම්බර් 09 දා පී. සී. ආර්. පරීක්ෂණ සිදු නොකර මහර බන්ධනාගාරයට මාරු කර එවීමට එම නිලධාරීන් කටයුතු කර තිබීම මහර බන්ධාගාරය තුළ කොවිඩ් පැතිරීමට ප්‍රධාන හේතුවක් ලෙස මෙහිදී දක්වා ඇත.

නොවැම්බර් 09දාට පෙර මහර බන්ධනාගාරය තුළ රැඳවූවන් සහ නිලධාරීන් 500ක පීසීආර් පරීක්ෂණ සිදු කර තිබූ බවත් ඉන් කිසිදු ආසාදිතයකු වාර්තා වී නොමැති බවද මෙම පුවත්පත මගින් වාර්තා කර තිබේ.

මහර බන්ධනාගාර රැඳවියන්ගේ ඝාතනය සම්බන්ධයෙන් විමර්ශනයට පත් කළ පංච පුද්ගල කමිටුවේ අතුරු වාර්තාවෙන්ද මහර බන්ධනාගරයේ උණ රෝගය පැතිර තිබීම හේතුවෙන් තම ජීවිත ආරක්ෂාව පතා රැඳවූවන් ආරම්භ කළ උද්ඝෝෂණය සාධාරණ බව දක්වා තිබුණි.",බන්ධනාගාර කොමසාරිස් (ක්‍රියාකාරී) සහ බන්ධනාගාර සෞඛ්‍ය සේවා නියෝජ්‍ය අධ්‍යක්ෂ ලෙස කටයුතු කරන නිලධාරීන්ගේ අත්තනෝමතික ක්‍රියාකලාපයක් හේතුවෙන් මහර බන්ධනාගාරය තුළ කොවිඩ්-19 පැතිරී ඇතැයි ‘දිනමිණ’ පුවත්පත වාර්තා කර තිබේ. වැලිකඩ බන්ධනාගාර රෝහලේ ප්‍රතිකාර ලබමින් සිටි රිමාන්ඩ් රැඳවූවන් 112 දෙනකු පසුගිය නොවැම්බර් 09 දා පී. සී. ආර්. පරීක්ෂණ සිදු නොකර මහර බන්ධනාගාරයට මාරු කර එවීමට එම නිලධාරීන් කටයුතු …,sin,lankaviews,Lanka Views,fake news,04bade6a-5371-4e14-90f1-0fbfdaa58cff,article,MassiveSum
https://www.lankaviews.com/53-bodies-in-mannar-mass-grave-discovered/,,මන්නාරම් සමූහ මිනිවලෙන් මළ සිරුරු 53ක අස්ථි කොටස් සොයාගෙන !,,"Posted on 07.26.2018 by Chandana Sirimalwatte in දේශීය පුවත් with 0 Comments

මන්නාරමේ අත්හැර දමන ලද සතොස ගොඩනැඟිල්ල අසළ, හමුවු සමූහ මිනී වලෙන් මේ වනවිට මිනිස් සිරුරු 53 කට අයත්වන බව අනුමාන කල හැකි අස්ථි කොටස් ඊයේ(25 වන විට හමුවි ඇති බව අනාවරණය වේ.

එම කැණීම් පරීක්ෂණ මෙහෙයවන විශේෂඥ අධිකරණ වෛද්‍ය නිළධාරී එස්.රාජපක්ෂ පවසන ආකාරයට සොයාගත් අස්ථි කොටස්වලින් මිනිස් සිරුරු 53 කට අදාළ අස්ථි කොටස් ක්‍රමානුකූලව මතුකර ගැනීමට හැකිවි ඇත. එසේ කැනීම් මඟින් ඉවත් කළ සිරුරු කොටස් මුද්‍ර තබා මන්නාරම මහේස්ත්‍රාත් අධිකරණ සංකීර්ණයේ තැන්පත් කොට ඇත. මන්නාරම අධිකරණයේ නියෝග යටතේ දැනට දින 40 ක් අදාළ ස්ථානයේ පරීක්ෂණ පවත්වා තිබේ.

පරීක්ෂණ කටයුතුවලට එක්වු කැළණිය විශ්ව විද්‍යාලයේ පුරාවිද්‍යා සම්බන්ද මහාචාර්ය රාජ් සෝමදේව පවසන්නේ මෙම මිනිස් අස්ථි සම්බන්ධයෙන් නිශ්චිත කාල නීර්ණයක් මෙතෙක් සිදුකොට නොමැති බවයි.","මන්නාරමේ අත්හැර දමන ලද සතොස ගොඩනැඟිල්ල අසළ, හමුවු සමූහ මිනී වලෙන් මේ වනවිට මිනිස් සිරුරු 53 කට අයත්වන බව අනුමාන කල හැකි අස්ථි කොටස් ඊයේ(25 වන විට හමුවි ඇති බව අනාවරණය වේ. එම කැණීම් පරීක්ෂණ මෙහෙයවන විශේෂඥ අධිකරණ වෛද්‍ය  නිළධාරී එස්.රාජපක්ෂ පවසන ආකාරයට සොයාගත් අස්ථි කොටස්වලින් මිනිස් සිරුරු 53 කට අදාළ අස්ථි කොටස් ක්‍රමානුකූලව මතුකර …",sin,lankaviews,Lanka Views,fake news,8e63fca6-46a7-44b6-bdf4-3b92ba1fbc88,article,MassiveSum
https://www.lankaviews.com/%e0%b6%b1%e0%b7%91-%e0%b6%9a%e0%b7%93%e0%b7%80%e0%b7%8f%e0%b6%a7-%e0%b6%91-%e0%b6%a2%e0%b7%8f-%e0%b6%b4-%e0%b6%a2%e0%b7%8f%e0%b6%ad%e0%b7%92%e0%b6%9a-%e0%b6%bd%e0%b7%90%e0%b6%ba%e0%b7%92%e0%b7%83/,,නෑ කීවාට එ.ජා.ප. ජාතික ලැයිස්තුවෙත් පරාජිතයෙක්,,Posted on 08.22.2015 by Awantha Idamegama in දේශීය පුවත් with 0 Comments,"එක්සත් ජාතික පක්ෂය ද සිය ජාතික ලැයිස්තුවෙන් පරාජිතයකු පාර්ලිමේන්තුවට යවා ඇතැයි කැෆේ සංවිධානයේ අධ්‍යක්ෂ කීර්ති තෙන්නකෝන් කියයි. මනාප අංක 10 යටතේ පුත්තලමට එජාපයෙන් තරග කළ මොහොමඩ් හනීෆා මොහොමඩ් නවාවි එජාපයෙන් නම් කළ ජාතික ලැයිස්තුවේ ඇතැයි ද ඔහු සඳහන් කරයි. ඒ අනුව ප්‍රධාන පක්ෂ තුනම ජාතික ලැයිස්තුවෙන් පරාජිතයන් යවා ඇති බවත්, එජාපය හා ජවිපෙ එක් අයකු …",sin,lankaviews,Lanka Views,fake news,28f5acab-b8e0-4548-94b6-c53dfd80ec41,article,MassiveSum
https://www.lankaviews.com/%e0%b6%b4%e0%b7%8a%e2%80%8d%e0%b6%bb%e0%b7%92%e0%b6%ba%e0%b6%b1%e0%b7%8a%e0%b6%ad-%e0%b6%bd%e0%b7%92%e0%b6%ba%e0%b6%b1%e0%b6%9c%e0%b7%9a%e0%b6%9c%e0%b7%99%e0%b6%b1%e0%b7%8a-%e0%b6%9a%e0%b7%9c%e0%b6%a7/,,ප්‍රියන්ත ලියනගේගෙන් 'කොට තුවක්කු',,"Posted on 06.29.2019 by Chandana Sirimalwatte in කලා with 0 Comments

මාධ්‍යවේදී ප්‍රියන්ත ලියනගේ විසින් රචනා කළ ‘කොට තුවක්කු’ නවකතාව ජුලි 15 වැනිදා සවස මහවැලි කේන්ද්‍රයේ දී ජනගත කෙරේ.

දීර්ඝ කාලයක් වාමාංශික දේශපාලන ක්‍රියාධරයකු ලෙසත් පුවත්පත් කලාවේදියකු ලෙසත් කටයුතු කරන ලේඛකයා සිය පළමු කෘතිය, අරගලකාරී දේශපාලන පසුබිම් කතාවක් නවකතාවකට නගමින් ‘කොට තුවක්කු‘ ලෙසින් පාඨක සහෘදයන් වෙත ඉදිරිපත් කරයි.","මාධ්‍යවේදී ප්‍රියන්ත ලියනගේ විසින් රචනා කළ ‘කොට තුවක්කු’ නවකතාව ජුලි 15 වැනිදා සවස මහවැලි කේන්ද්‍රයේ දී ජනගත කෙරේ. දීර්ඝ කාලයක් වාමාංශික දේශපාලන ක්‍රියාධරයකු ලෙසත් පුවත්පත් කලාවේදියකු ලෙසත් කටයුතු කරන ලේඛකයා සිය පළමු කෘතිය, අරගලකාරී දේශපාලන පසුබිම් කතාවක් නවකතාවකට නගමින් ‘කොට තුවක්කු‘ ලෙසින් පාඨක සහෘදයන් වෙත ඉදිරිපත් කරයි.",sin,lankaviews,Lanka Views,fake news,ba5e9ca6-317c-4281-a117-51312f14d2d5,article,MassiveSum
https://www.lankaviews.com/%e0%b6%9a%e0%b6%bb%e0%b6%a7-%e0%b6%9a%e0%b6%bb-%e0%b7%83%e0%b6%a7%e0%b6%b1%e0%b6%9a%e0%b7%8a/,,Views of the truth,,Posted on 08.18.2015 by Nishshanka in දේශීය පුවත් with 0 Comments,"මෙවර මහමැතිවරණයේ මෙතෙක් නිකුත් කර ඇති නිල ප්‍රතිපල වලට අනුව කරට කර සටනක් උද්ගත් වී තිබේ. ගණන් කිරීමේ මධ්‍යස්ථාන වලින් ලැබෙන නිල නොවන තොරතුරු වලට අනුව තත්වය මෙසේය. එක්සත් ජාතික පක්ෂය කොළඹ, මහනුවර, නුවරඑළිය, මාතලේ, කෑගල්ල, බදුල්ල, පුත්තලම, පොලොන්නරුව යන දිස්ත්‍රික්ක ජයග්‍රහණය කර තිබෙන අතර එක්සත් ජනතා නිදහස් සන්ධානය ගාල්ල, මාතර, හම්බන්තොට, කළුතර, කුරුනෑගල, මොනරාගල, …",sin,lankaviews,Lanka Views,fake news,65cc5ca8-a87b-4f93-a519-f0e9c34b5d90,article,MassiveSum
https://ceylondaily.com/%e0%b6%bb%e0%b7%92%e0%b6%ba%e0%b6%bd%e0%b7%92%e0%b6%a7%e0%b7%92%e0%b7%80%e0%b6%bd-%e0%b7%83%e0%b7%92%e0%b6%b1%e0%b7%8a%e0%b6%af%e0%b7%94-%e0%b7%80%e0%b7%99%e0%b6%b1%e0%b7%83%e0%b7%8a-%e0%b6%9a/,,රියලිටිවල සින්දු වෙනස් කිරීම තහනම්,,"Like Love Haha Wow Sad Angry

කිසිවෙකු විසින් කිසියම් ගීතයක් හෝ ගීතයක කොටසක් ඕනෑම ආකාරයට ප්‍රතිනිෂ්පාදනය කර වාණිජමය පරමාර්ථ සඳහා භාවිතා කරන්නේ නම්, එම ගීතයේ අයිතිකරුවන්ට එකඟවිය හැකි ආකාරයට කතෘ භාගය ගෙවීමේ ලිඛිත ගිවිසුමක් ඇති කරගත යුතු බවට බුද්ධිමය දේපළ යටතේ ගැසට් නිවේදනයක් නිකුත් කිරීමට පියවර ගෙන තිබේ.

ප්‍රතිනිෂ්පාදය කළ ගීතය රූපවාහිනිය, ගුවන් විදුලිය හෝ වාණිජ පරමාර්ථයෙන් දුරකතන මාධ්‍ය තුළ (රින්ගින් ටෝන්) ලෙස භාවිත කරන විට ද එහි අයිතිකරුවන්ට කර්තෘභාගය ගෙවිය යුතු බව එම ගැසට් නිවේදනයේ සඳහන් වේ.

එමෙන්ම ප්‍රතිභා පූර්ණ දක්ෂයන් තෝරා ගැනීම සඳහා පවත්වන ගීතමය තරගවලදී (රියලිටි ෂෝ) සම්පූර්ණ ගීතයම භාවිතා කරන්නේ නම් එම ගීතයේ කිසිදු වෙනස් කිරීමක් සිදු නොකළ යුතු අතර ඒ සඳහා ගාස්තුවක්ද මෙම ගැසට් නිවේදනයට අනුව ගෙවිය යුතු වේ.

2003 අංක 36 දරණ බුද්ධිමය දේපළ පනතෙහි වගන්ති කිහිපයක් යටතේ විද්‍යා, තාක්ෂණ පර්යේෂණ ඇමතිවරයා විසින් මෙම අති විශේෂ ගැසට් නිවේදනය නිකුත් කර තිබේ.

Like Love Haha Wow Sad Angry","කිසිවෙකු විසින් කිසියම් ගීතයක් හෝ ගීතයක කොටසක් ඕනෑම ආකාරයට ප්‍රතිනිෂ්පාදනය කර වාණිජමය පරමාර්ථ සඳහා භාවිතා කරන්නේ නම්, එම ගීතයේ අයිතිකරුවන්ට එකඟවිය හැකි ආකාරයට කතෘ භාගය ගෙවීමේ ලිඛිත ගිවිසුමක් ඇති කරගත යුතු බවට බුද්ධිමය දේපළ යටතේ ගැසට් නිවේදනයක් නිකුත් කිරීමට පියවර ගෙන තිබේ. ප්‍රතිනිෂ්පාදය කළ ගීතය රූපවාහිනිය, ගුවන් විදුලිය හෝ වාණිජ පරමාර්ථයෙන් දුරකතන මාධ්‍ය තුළ (රින්ගින් ටෝන්) ලෙස …",sin,ceylondaily,Ceylon Daily,fake news,720a86b9-83d3-4365-a799-00d56ad2ed55,article,MassiveSum
https://www.lankaviews.com/flsp-writes-to-igp/,,දේශපාලන පක්ෂවල කටයුතුවලට ඉඩදෙන පියවර ගන්න - පෙ.ස.ප. පොලිස්පතිට ලියයි,,"Posted on 05.09.2020 by Chandana Sirimalwatte in දේශීය පුවත් with 0 Comments

මැයි මස 11වැනිදා සිට රාජ්‍ය හා පෞද්ගලික ආයතන විවෘත කිරීමේදී දේශපාලන පක්ෂවල ක්‍රියාකාරිත්වයට ඉඩ සැලසීමේ පියවර ගන්නා ලෙස පෙරටුගාමී සමාජවාදී පක්ෂය විසින් වැඩබලන පොලිස්පතිවරයාට ලිපියක් යොමුකර ඇත.

ආණ්ඩුව පවසන ආකාරයට ආර්ථික කටයුතු මෙන්ම රටේ අනෙකුත් කටයුතු සිදු කෙරෙන අවස්ථාවක් වන නිසා දේශපාලන පක්ෂවල ක‍්‍රියාකාරීත්වය සක‍්‍රිය කළ යුතු බව පෙ.ස.ප. ප්‍රචාරක ලේකම් දුමින්ද නාගමුව විසින් මැයි 7 දින පොලිස්පතිවරයාට යවන ලද ලිපියේ අවධාරනයකර ඇත. කොරෝනා වසංගතය පාලනය කරන අතරතුර රටේ සාමාන්‍ය තත්වය ඇති කිරීමට ආණ්ඩුව ගන්නා පියවර අතරතුර ජූනි 20 වැනිදාට මහමැතිවරණයට දින නියමවී ඇති නිසා දේශපාලන පක්ෂවල ක්‍රියාකාරිත්වයට ඉඩකඩ ලබාදීම සම්බන්ධයෙන් එහිදී පොලිස්පතිවරයාගේ අවධානය යොමුකර ඇත.

විශේෂයෙන් මේ වනවිට දින නියමකර ඇති මැතිවරණයට සූදානම්වීමට පිණිස දේශපාලන පක්ෂයක් ලෙස ඇති අයිතිය ලබා දෙන ලෙස එම ලිපිය මගින් ඉල්ලීමක්කර ඇත. මහමැතිවරණයේදී රටපුරා සියලු දිස්ත්‍රික්කවලට අපේක්ෂකයන ඉදිරිපත්කරන පක්ෂයක් ලෙසද එම මැතිවරණයට අදාළ කටයුතු සංවිධානය කිරීමේදී අවශ්‍යවන නීත්‍යන්කූල අවසරය ලබා දෙන ලෙස එයින් ඉල්ලා ඇත. මින් පෙර මේ සම්බන්ධයෙන් මැතිවරණ කොමිසම වෙතද අවධානය යොමුකර ඇති බවද එහි කරුණු දක්වා ඇත.",මැයි මස 11වැනිදා සිට රාජ්‍ය හා පෞද්ගලික ආයතන විවෘත කිරීමේදී දේශපාලන පක්ෂවල ක්‍රියාකාරිත්වයට ඉඩ සැලසීමේ පියවර ගන්නා ලෙස පෙරටුගාමී සමාජවාදී පක්ෂය විසින් වැඩබලන පොලිස්පතිවරයාට ලිපියක් යොමුකර ඇත. ආණ්ඩුව පවසන ආකාරයට ආර්ථික කටයුතු මෙන්ම රටේ අනෙකුත් කටයුතු සිදු කෙරෙන අවස්ථාවක් වන නිසා දේශපාලන පක්ෂවල ක‍්‍රියාකාරීත්වය සක‍්‍රිය කළ යුතු බව පෙ.ස.ප. ප්‍රචාරක ලේකම් දුමින්ද නාගමුව විසින් මැයි …,sin,lankaviews,Lanka Views,fake news,61ebc2ff-667b-4787-b643-0e723ae2889a,article,MassiveSum
https://ceylondaily.com/%e0%b6%bd%e0%b7%9d%e0%b6%9a-%e0%b6%a2%e0%b6%b1%e0%b6%ad%e0%b7%8f%e0%b7%80%e0%b6%a7-%e0%b6%b8-%e0%b7%84%e0%b6%af%e0%b7%92%e0%b7%83%e0%b7%92-%e0%b6%ad%e0%b6%ad%e0%b7%8a%e0%b6%ad%e0%b7%8a%e0%b7%80/,,ලෝක ජනතාවට ම 'හදිසි තත්ත්වයක්' ගැන අනතුරු ඇඟවීමක් !,,"Like Love Haha Wow Sad Angry

සමස්ත ලෝකය දේශගුණික හදිසි තත්ත්වයකට මුහුණ පාමින් සිටින බවට නිගමනය කළ පර්යේෂණයක් විද්‍යාඥයින් 11000කින් පමණ සමන්විත කණ්ඩායමක් විසින් තහවුරු කරනු ලැබ තිබේ.

වසර 40ක දත්ත අනුසාරයෙන් සිදු කරන ලද මෙම අධ්‍යයනය මගින් නිගමනය කර ඇත්තේ, මෙම අර්බුදයට පිළියම් සෙවීමට රට රටවල රජයයන් අසමත් වී ඇති බවටයි.

ගැඹුරු හා දීර්ඝ කාලීන වෙනසක් නොකිරීම හේතුවෙන් ලෝකය “අසීමාන්තික මානුෂීය පීඩාවන්ට” මුහුණ පා සිටින බව එම අධ්‍යයනයෙන් පැවසෙයි.

පර්යේෂකයන් පවසන්නේ, මෙම තර්ජනයේ පරිමාණය පිළිබඳව අනතුරු ඇඟවීමට ඔවුන් සදාචාරාත්මකව බැඳී සිටින බවයි.

චන්ද්‍රිකා තාක්ෂණයෙන් ගනු ලැබූ දත්ත අනුව පසුගිය ඔක්තෝබර් මාසය පෘථිවියේ උෂ්ණත්වය වැඩි ම මාසය ලෙස වාර්තා වේ.

නව අධ්‍යයනය මගින් පවසන්නේ, පෘථිවියේ මතුපිට පෘෂ්ඨයේ උෂ්ණත්වය පමණක් මැනීම මගින් අධික ලෙස උණුසුම් වන ලෝකයක සැබෑ තර්ජනයන් ග්‍රහණය කර ගැනීම නිසි ලෙස සිදු නොවන බවයි.

එහෙයින්, මෙම අධ්‍යයනය සඳහා පර්යේෂකයින් විශ්වාස කරන ආකාරයට “පසුගිය අවුරුදු 40ක කාලය තුළ සිදුවූ දේශගුණික විපර්යාස පිළිබඳ වැදගත් රූපමය සලකුණු” ඇතුළත් කර තිබේ.

මෙහිදී සැලකිල්ලට ගැනුණු දර්ශක අතර, ජනගහනයේ සහ සත්ත්ව ගහනයේ වර්ධනය, ඒක පුද්ගල මාංශ නිෂ්පාදනය, ගෝලීය වෘක්ෂලතා විනාශය මෙන් ම ෆොසිල ඉන්ධන පරිභෝජනය ද වේ.

ඇතැම් ක්ෂේත්‍රවල යම් ප්‍රගතියක් දක්නට ලැබිණි. උදාහරණයක් ලෙස සුළං සහ සූර්ය බලය භාවිත කරමින් පුනර්ජනනීය බලශක්ති උත්පාදනය දශකයකට 373%ක ප්‍රතිශතයකින් ඉහළ ගොස් තිබේ.

එහෙත්, 2018 වසරේ ෆොසිල ඉන්ධන පරිභෝජනයට සාපේක්ෂව පුනර්ජනනීය බලශක්ති භාවිතය තවමත් 28 ගුණයකින් පහළ අගයක පවතී.

පර්යේෂකයින් පවසන්නේ, ඔවුන් සැලකිල්ලට ගත් ප්‍රධාන දර්ශකවලින් වැඩි සංඛ්‍යාවක් වැරදි දිශාව කරා යොමු වෙමින් පවතින අතර එමගින් දේශගුණික හදිසි තත්ත්වයක් ඇති විය හැකි බවය.

“කාබන් විමෝචනය අඩු කිරීමෙන්, මාංශ නිෂ්පාදන අඩු කිරීමෙන්, ඉඩම් හෙළිපෙහෙළි කිරීම අඩු කිරීමෙන් සහ ෆොසිල ඉන්ධන පරිභෝජනය අඩු කිරීමෙන් දේශගුණික විපර්යාසවල බලපෑමට ප්‍රතිචාර නොදැක්වුවොත් දැන් අප අත්විදින බලපෑම්වලට වඩා දරුණු වෙන්න පුළුවන්. ඒ නිසයි අපි මේක හදිසි තත්ත්වයක් කියන්නේ,” පර්යේෂණයේ ප්‍රධානියෙකු වන සිඩ්නි විශ්වවිද්‍යාලයේ ආචාර්ය තෝමස් නිව්සම් පැවසීය.

මෙම අධ්‍යයනය මගින් අන්තර්රාජ්‍ය දේශගුණික විපර්යාස පිළිබඳ මණ්ඩලය (IPCC) ඇතුළු විද්‍යාඥයින් විසින් වාර්තා කරනු ලැබ ඇති අනතුරු ඇඟවීම් බොහොමයක් ප්‍රතිරාවය කරයි. මෙහි පර්යේෂකයින් සිය දර්ශකවල පුළුල් පරාසය පිළිබද පැහැදිලි සහ සරල විශ්ලේෂණයක් ඉදිරිපත් කර තිබේ. එමගින් මෙම තර්ජනය කෙරෙහි දක්වන ප්‍රතිචාරය දුර්වල වුවහොත් එහි අනතුරුදායකභාවය වඩාත් බරපතළ බවට මහ ජනතාවට මෙන් ම රජයයන්ට දැනුම් දීමක් සිදුකර තිබේ.

එහි දක්නට ලැබෙන තවත් වෙනස්කමක් වන්නේ, තත්ත්වය නරක අතට හැරී ඇතත් අපේක්ෂාභංගත්වයට පත් නොවිය යුතු බව පෙන්වා තිබීමය. මෙහිදී විශාල වෙනසක් සිදු කිරීම සදහා කඩිනම් පියවර ගත යුතු ක්ෂේත්‍ර 6ක් පිළිබදව පර්යේෂකයින් පෙන්වා දී තිබේ.

මානව ජනගහන වර්ධනයට බලපෑම් කිරීමට උත්සහ කිරීමේ අදහස බෙහෙවින් මතභේදාත්මක වන අතර එය එක්සත් ජාතීන්ගේ නියෝජිතයින් පවා හැසිරවිය නොහැකි තරම් ආන්දෝලනාත්මක බව පෙනී යයි. කෙසේ වෙතත්, පර්යේෂකයින් පවසන්නේ, ඒ සඳහා වෙනත් කිසිදු විකල්පයක් නොමැති බවයි.

Like Love Haha Wow Sad Angry","සමස්ත ලෝකය දේශගුණික හදිසි තත්ත්වයකට මුහුණ පාමින් සිටින බවට නිගමනය කළ පර්යේෂණයක් විද්‍යාඥයින් 11000කින් පමණ සමන්විත කණ්ඩායමක් විසින් තහවුරු කරනු ලැබ තිබේ. වසර 40ක දත්ත අනුසාරයෙන් සිදු කරන ලද මෙම අධ්‍යයනය මගින් නිගමනය කර ඇත්තේ, මෙම අර්බුදයට පිළියම් සෙවීමට රට රටවල රජයයන් අසමත් වී ඇති බවටයි. ගැඹුරු හා දීර්ඝ කාලීන වෙනසක් නොකිරීම හේතුවෙන් ලෝකය “අසීමාන්තික …",sin,ceylondaily,Ceylon Daily,fake news,7e2ee966-443c-4fb9-9ef5-4bec5a2661ed,article,MassiveSum
https://www.lankaviews.com/%e0%b6%b4%e0%b7%9c%e0%b6%b8%e0%b7%8a%e0%b6%b4%e0%b7%99%e0%b6%ba%e0%b7%9d-%e0%b6%91%e0%b6%b1%e0%b7%8a%e0%b6%b1-%e0%b6%af%e0%b7%92%e0%b6%b1-%e0%b6%af%e0%b7%99%e0%b6%9a%e0%b6%ba%e0%b7%92-%e0%b6%85/,,පොම්පෙයෝ එන්න දින දෙකයි - අමෙරිකාවේ බලහත්කාරය ප්‍රකාශ වේ!,,"එක්සත් ජනපද රාජ්‍ය ලේකම් මයික් පොම්පෙයෝ ලංකාවේ සංචාරය කිරීමට දින දෙකක් තිබියදී ඒක්සත් ජනපද රාජ්‍ය දෙපාර්තමේන්තුව දෙවන වරටත් ලංකාව මත ඇතිකරන බලහත්කාරය ප්‍රකාශයට පත්කර ඇත.

එක්සත් ජනපද රාජ්‍ය ලේකම්වරයා මෙන්ම ආරක්ෂක ලේකම් මයික් පෙන්ස්ද ඉන්දියාව ඇතුළු කලාපීය රාජ්‍යතාන්ත්‍රික චාරිකාවට එක්වන්නට නියමිතය. එක්සත් ජනපද රාජ්‍ය දෙපාර්තමේන්තු ප්‍රකාශක මෝර්ගන් ඔර්ටේගුස් විසින් නිකුත් කළ නිල නිවේදනයකින් මේ බව අනාවරණය වේ. ලංකාව ඉන්දිය සාගර කලාපයේ රටක්වීම ඒක්සත් ජනපදය විසින් ලංකාවේ මැදිහත්වීම් සිදුකිරීමේ හේතුවක් ලෙස පැහැදිලිවේ.

රාජ්‍ය දෙපාර්තමේන්තු ප්‍රකාශකයා සිය ප්‍රකාශයේ සඳහන් කරුණු වලින්ම ඒ බව පෙන්වා ඇත. “ශක්තිමත්, ස්වෛරී ශ්‍රී ලංකාවක් සමග හවුල්කාරිත්වයක් සඳහා එක්සත් ජනපදයේ ඇති කැපවීම අවධාරණය කිරීමටත්, නිදහස් සහ විවෘත ඉන්දු-ශාන්තිකර කලාපයක් සඳහා වන අපේ පොදු ඉලක්කය ප්‍රවර්ධනය කිරීම සඳහාත් පොම්පියෝ ලේකම්වරයා කොළඹට යනු ඇත,” යි එක්සත් ජනපද රාජ්‍ය දෙපාර්තමේන්තු ප්‍රකාශක මෝර්ගන් ඔර්ටේගුස් නිකුත් කළ නිවේදනයේ දැක්වේ.

අගෝස්තු මාසයේ ගෝඨාභය රාජපක්ෂ ජනාධිපතිවරයා වෙත සුභ පැතුම් ඒක් කරමින් දුරකථනයෙන් කතාකළ අමෙරිකානු ආරක්ෂක ලේකම් මයික් පෙන්ස් විසින් “ලංකාව අවට ඉන්දියන් සාගරය ඒක්සත් ජනපදයට නිදහස් හා විවෘත සාගර කලාපයක් බවට පත් කිරීමට සූදානම්ද?” යනුවෙන් විමසා තිබුණු බව අනාවරණය විය.

මේ අතර මයික් පොම්පෙයෝ විසින් සිය ට්විටර් පණිවිඩයකින් කළ ප්‍රකාශයක්ද අවධානයට ලක්ව ඇත. ඔහු තම ට්විටර් ගිණුමේ මෙසේ සඳහන්කර තිබේ. “අපේ මිතුරන් සහ සහකරුවන් සමග පලදායී සාකච්ඡා පැවැත්වීම සඳහා ඉන්දියාව, ශ්‍රී ලංකාව, මාලදිවයින සහ ඉන්දුනීසියාව බලා කෙරෙන සංචාරයත්, ආචාර්ය මාර්ක් ටී එස්පර් හා එක්ව අපේ ඉන්දීය සම පදවි ධාරීන් සමග කෙරෙන අමාත්‍ය මට්ටමේ සාකච්ඡාවත් ගැන මහත් අපේක්ෂාවෙන් යුතුව සිටිමි,”

මෙරට ස්වාධිපත්‍ය නොතකා මෙවැනි මැදිහත්වීමක් ජනාධිපතිවරයා හමුවේ සිදුකරන්නේ රාජ්‍යතාන්ත්‍රික වශයෙන් ජනාධිපතිවරයාට ඉහළින් යන ලෙස ආධිපත්‍යයක් එක්සත් ජනපද රාජ්‍ය දෙපාර්තමේන්තුව සතුව තිබෙන නිසාදැයි කතාබහට ලක්ව තිබේ. මෙය ලංකාවේ අභිමානය මෙන්ම ස්වාධිපත්‍ය සම්බන්ධ ගැටලුවක් ලෙස ඉදිරියේදී තවතවත් අවධානයට යොමුවනු ඇතැයි අනාවැකි පළ වෙමින් තිබේ.",එක්සත් ජනපද රාජ්‍ය ලේකම් මයික් පොම්පෙයෝ ලංකාවේ සංචාරය කිරීමට දින දෙකක් තිබියදී ඒක්සත් ජනපද රාජ්‍ය දෙපාර්තමේන්තුව දෙවන වරටත් ලංකාව මත ඇතිකරන බලහත්කාරය ප්‍රකාශයට පත්කර ඇත. එක්සත් ජනපද රාජ්‍ය ලේකම්වරයා මෙන්ම ආරක්ෂක ලේකම් මයික් පෙන්ස්ද ඉන්දියාව ඇතුළු කලාපීය රාජ්‍යතාන්ත්‍රික චාරිකාවට එක්වන්නට නියමිතය. එක්සත් ජනපද රාජ්‍ය දෙපාර්තමේන්තු ප්‍රකාශක මෝර්ගන් ඔර්ටේගුස් විසින් නිකුත් කළ නිල නිවේදනයකින් මේ බව …,sin,lankaviews,Lanka Views,fake news,aa7b92cf-5c89-4694-a015-5726dcac0f7d,article,MassiveSum
https://www.lankaviews.com/%e0%b6%bb%e0%b7%92%e0%b7%82%e0%b7%8f%e0%b6%a9%e0%b7%8a%e0%b6%a7-%e0%b6%91%e0%b6%bb%e0%b7%99%e0%b7%84%e0%b7%92-%e0%b7%80%e0%b7%92%e0%b7%81%e0%b7%8a%e0%b7%80%e0%b7%8f%e0%b7%83%e0%b6%b7%e0%b6%82-2/,,රිෂාඩ්ට එරෙහි විශ්වාසභංගයට දිනයක් නෑ!,,"Posted on 05.24.2019 by Chandana Sirimalwatte in දේශීය පුවත් with 0 Comments

රිෂාඩ් බදියුදීන් ඇමතිවරයාට එරෙහිව ගෙන ආ විශ්වාසභංග යෝජනාව විවාදයට ගැනීම සඳහා දිනයක් තීරණය කිරීමට අද(24) පැවති පක්ෂ නායක රැස්වීම එකඟතාවයකින් තොරව අවසන් වී තිබේ.

පක්ෂ නායක රැස්වීම අවසන් වී ඇත්තේ එම විවාදය පැවැත්වීම සඳහා විපක්ෂය ඉල්ලූ දිනය ලබාදීමට සභානායකවරයා විරෝධය පළ කිරීම හේතුවෙනි.",රිෂාඩ් බදියුදීන් ඇමතිවරයාට එරෙහිව ගෙන ආ විශ්වාසභංග යෝජනාව විවාදයට ගැනීම සඳහා දිනයක් තීරණය කිරීමට අද(24) පැවති පක්ෂ නායක රැස්වීම එකඟතාවයකින් තොරව අවසන් වී තිබේ. පක්ෂ නායක රැස්වීම අවසන් වී ඇත්තේ එම විවාදය පැවැත්වීම සඳහා විපක්ෂය ඉල්ලූ දිනය ලබාදීමට සභානායකවරයා විරෝධය පළ කිරීම හේතුවෙනි.,sin,lankaviews,Lanka Views,fake news,197c94d8-b628-46fa-8650-d04e062aca49,article,MassiveSum
https://www.lankaviews.com/%e0%b6%b4%e0%b7%92%e0%b6%9a%e0%b7%8f%e0%b7%83%e0%b7%9d%e0%b6%9c%e0%b7%9a-%e0%b6%a0%e0%b7%92%e0%b6%ad%e0%b7%8a%e2%80%8d%e0%b6%bb%e0%b6%ba%e0%b6%9a%e0%b6%a7-%e0%b6%bd%e0%b7%9d%e0%b6%9a%e0%b6%ba%e0%b7%9a/,,පිකාසෝගේ චිත්‍රයකට ලෝකයේ වැඩිම මිල,,Posted on 05.16.2015 by Nishshanka in කලා with 0 Comments,ලෝක පුජිත පිකාසෝ අතින් නිර්මාණය වූ ‘Women of Algiers’ නම් චිත්‍රය ඇමරිකාවේ නිව්‍යෝර්ක් නගරයේ පැවති වෙන්දේසියක දී ඇමරිකන් ඩොලර් මිලියන 160 කට අලෙවි වී ඇත. මෙය දැනට ලෝකයේ වැඩිම මිලකට අලෙවි වූ චිත්‍රය බවට මෙහිදී වාර්තාවක් පිහිටවූ අතර මිට පෙර මෙලෙස වැඩිම මිලකට අලෙවි වී තිබුනේ ෆ්‍රැන්සිස් බේකෝන් ගේ ‘Three Studies of Lucian Freud’ නම් …,sin,lankaviews,Lanka Views,fake news,449dc88c-6e7e-45ad-bc8a-e09112b93e98,article,MassiveSum
https://www.lankaviews.com/%e0%b7%83%e0%b7%92%e0%b6%bd%e0%b7%8a%e0%b6%bd%e0%b6%bb-%e0%b7%83%e0%b7%84%e0%b6%bd%e0%b7%8a-%e0%b7%80%e0%b7%99%e0%b7%85%e0%b7%99%e0%b6%b1%e0%b7%8a%e0%b6%af%e0%b7%99%e0%b6%b1%e0%b7%8a%e0%b6%a7-5/,,සිල්ලර සහල් වෙළෙන්දෙන්ට 5%කවත් ලාහයක් නැති මිල පාලනය වැඩක් නෑ,,"Posted on 04.13.2020 by Sithara Sajeewani in දේශීය පුවත් with 0 Comments

සියයට 5ක ලාභයක් ලැබෙන ආකාරයෙන්වත් මෝල් හිමියන් තමන්ට හාල් ලබාදිය යුතු බවත් එසේ නොකළහොත් තමන්ට වෙළඳ කටයුතු නවතා දැමීමට සිදුවන බවත් නුවරඑළිය ඒකාබද්ධ වෙළඳ සංගමයේ ලේකම් අජිත් ජයසිංහ පවසයි. නුවරඑළිය ඒකාබද්ධ වෙළඳ සංගමය ලෙස මාධ්‍ය හමුවක් පවත්වමින් ඔහු පැවසුවේ පාලන මිලට භාණ්ඩ මිල විකිණීම හොඳ වුවත් වෙළෙන්දන්ට පාලන මිලට අනුරූපීව භාණ්ඩ ලබා ගැනීමට හැකියාව තිබිය යුතු බවයි. හාල් කිලෝ එකක මිල 90ට මිල නියම කරත් මෝල් කරුවන් තමන්ට සහල් ලබාදෙන්නේ 97හෝ 96ට බව වෙළඳ සංගමයේ ලේකම්වරයා පවසයි.

වෙළඳ සංගමයේ ලේකම් අජිත් ජයසිංහ පවසන්නේ,

“රුපියල් එකක් වගේ ලාභයක් තියාගෙන මේ ව්‍යාපාර කරන්න බැහැ. රජය විශ්වාස කරනවානම් මධ්‍යම පරිමාණ ව්‍යාපාරිකයෝ රටේ කොඳු නාරටිය කියලා ඔවුන් රක ගැනීමේ වැඩපිළිවෙලක් අවශ්‍යයි. පාලන මිලට අනුරූපව වෙළෙන්දන්ට තොග ලැබුනේ නැත්තම් වෙළෙන්දෝ දැනට තියෙන භාණ්ඩ විකුණලා වෙළඳාම නවත්තලා දමයි. “

ආර්ථික මධ්‍යස්ථානවල එළවලු මිල පාලනය කළ ආකාරයට හාල් මෝල් හිමියන් සහ තොග වෙළෙන්දන්ට යම් නිශ්චිත මිලක් පැනවීමට ආණ්ඩුවට නොහැකි මන්ද යන ගැටලුව පැන නගින බවද වෙළඳ සංගමයේ ලේකම්වරයා පැවසීය. හාල් මෝල් හිමියන් මුළු රටටම කන්න ලබාදිය හැකි බව පැවසුවත් හාල් මිල රුපියල් 5න් හෝ අඩුකර නැති බවද ඔහු වැඩිදුරටත් පැවසීය.",සියයට 5ක ලාභයක් ලැබෙන ආකාරයෙන්වත් මෝල් හිමියන් තමන්ට හාල් ලබාදිය යුතු බවත් එසේ නොකළහොත් තමන්ට වෙළඳ කටයුතු නවතා දැමීමට සිදුවන බවත් නුවරඑළිය ඒකාබද්ධ වෙළඳ සංගමයේ ලේකම් අජිත් ජයසිංහ පවසයි. නුවරඑළිය ඒකාබද්ධ වෙළඳ සංගමය ලෙස මාධ්‍ය හමුවක් පවත්වමින් ඔහු පැවසුවේ පාලන මිලට භාණ්ඩ මිල විකිණීම හොඳ වුවත් වෙළෙන්දන්ට පාලන මිලට අනුරූපීව භාණ්ඩ ලබා ගැනීමට හැකියාව තිබිය …,sin,lankaviews,Lanka Views,fake news,ca5a9b2d-55b2-41b2-b7e7-397fdaf89a3e,article,MassiveSum
https://www.lankaviews.com/%e0%b6%9c%e0%b7%94%e0%b6%bb%e0%b7%94-%e0%b7%80%e0%b7%92%e0%b6%af%e0%b7%94%e0%b7%84%e0%b6%bd%e0%b7%8a%e0%b6%b4%e0%b6%ad%e0%b7%92-%e0%b7%80%e0%b6%bb%e0%b7%8a%e0%b6%a2%e0%b6%b1%e0%b6%ba%e0%b7%99%e0%b6%b1/,,ගුරු-විදුහල්පති වර්ජනයෙන් පැය කෝටි ගානක් පාඩුයි - අධ්‍යාපන ඇමති,,"Posted on 03.15.2019 by Chandana Sirimalwatte in දේශීය පුවත් with 0 Comments

මාර්තු 13 වැනිදා ක්‍රියාත්මක කළ ගුරු හා විදුහල්පති වෘත්තිය ක්‍රියාමාර්ගය නිසා පාසල් දරුවන්ට ඉගෙනුමට තිබුණු පැය කෝටි ගණනක් නාස්ති වූ බව අධ්‍යාපන අමාත්‍ය අකිල විරාජ් කාරියවසම් පවසයි.

අමාත්‍යවරයා ඊයේ(14) මේ බව පැවසුවේ, පාසල් වලට තාක්ෂණික උපකරණ ප්‍රදානය සදහා අධ්‍යාපන අමාත්‍යංශයේ පැවති උත්සවයකට සහභාගී වෙමිනි.

මෙහිදී අදහස් දැක්වූ අමාත්‍යවරයා 13 වැනිදා දීපව්‍යාප්තව පැවති ගුරු සහ විදුහල්පති වැඩ වර්ජනය ගැන මෙසේ අදහස් දැක්වීය.

“2015 උපාධි ගුරුවරයෙකුගේ වැටුප රු 16,100යි. වර්තමානයේ එය රු 33,700ක් දක්වා වැඩි වෙලා තිබෙනවා. මෙය 33%ක වැඩිවීමක්. දීර්ග කාලයක් තිස්සේ තිබුණ ප්‍රශ්නයක් එක මොහොතකින් ඉවර කරන්න බැහැ. ඊයේ සිදු කළ වර්ජනය නිසා පැය කෝටි ගණනක් අපතේ යැවුණා. මෙවැනි වර්ජන මගින් අධ්‍යාපන පද්ධතිය කඩාකප්පල් කරන්න එපා කියල අපි ඉල්ලනව.”

පසුගිය වසරේ ගංවතුරින් විපතට පත් පාසල් 142 ක් සඳහා, මිලියන 70ක් වටිනා උපකරණ ප්‍රදානය කිරිම මෙහිදී සිදු විය. බස්නාහිර පළාතේ පාසල් 19ක්, සබරගමු පළාතේ පාසල් 114 ක්, දකුණු පළාතේ පාසල් 08ක් හා සබරගමු පළාතේ කලාප කාර්යාල 02ක් සඳහා මෙසේ උපකරණ බෙදා දෙනු ලැබීය.","මාර්තු 13 වැනිදා ක්‍රියාත්මක කළ ගුරු හා විදුහල්පති වෘත්තිය ක්‍රියාමාර්ගය නිසා පාසල් දරුවන්ට ඉගෙනුමට තිබුණු පැය කෝටි ගණනක් නාස්ති වූ බව අධ්‍යාපන අමාත්‍ය අකිල විරාජ් කාරියවසම් පවසයි. අමාත්‍යවරයා ඊයේ(14) මේ බව පැවසුවේ, පාසල් වලට තාක්ෂණික උපකරණ ප්‍රදානය සදහා අධ්‍යාපන අමාත්‍යංශයේ පැවති උත්සවයකට සහභාගී වෙමිනි. මෙහිදී අදහස් දැක්වූ අමාත්‍යවරයා 13 වැනිදා දීපව්‍යාප්තව පැවති ගුරු සහ විදුහල්පති වැඩ …",sin,lankaviews,Lanka Views,fake news,e0b12c40-dbdd-428a-90d2-e5da726cbd16,article,MassiveSum
https://www.lankaviews.com/%e0%b6%85%e0%b6%ad%e0%b7%94%e0%b6%bb%e0%b7%94%e0%b6%af%e0%b7%84%e0%b6%b1%e0%b7%8a-%e0%b6%9a%e0%b7%85-%e0%b6%b8%e0%b6%b0%e0%b7%94%e0%b7%82%e0%b7%8a%e0%b6%9a%e0%b6%a7-%e0%b6%ba%e0%b7%94%e0%b6%9a/,,අතුරුදන් කළ මධුෂ්කට යුක්තිය ඉල්ලා නිහඬ විරෝධයක්,,"Posted on 09.05.2018 by Sithara Sajeewani in දේශීය පුවත් with 0 Comments

අතුරුදන් කළ තම සැමියාට සිදුවූ දේ පිළිබඳ පරීක්ෂණයක් ඉල්ලා මයුරි ඉනෝකා ජයසිංහ ඇතුළු පිරිසක් අඟහරුවාදා (සැප්තැම්බර් 4) උදෑසන 8 සිට අද උදෑසන 8 දක්වා ගාලු මුවදොර පිටිය ඉදිරියේ නිහඬ විරෝධතාවක් දක්වා තිබේ.

දෙදරු මවක් වන මයුරි ඉනෝකා ජයසිංහගේ සැමියා වූ මධුෂ්ක ද සිල්වා අතුරුදන්වී 2018 සැප්තැම්බර් 2 වෙනි දිනට අවුරුදු 5 ක් ගතවී ඇත.

මයුරි පවසන පරිදි ඇගේ සැමියා පැහැරගෙන අතුරුදන් කරවීමට පොලිසිය සම්බන්ධ බැවින් ඒ පිළිබඳ නිසි පරීක්ෂණයක් සිදු නොවන අතර ඇගේ සැමියා සමග පැහැරගෙන යාමෙන් අනතුරුව නිදහස් කළ තවත් දෙදෙනෙකුගෙන් පොලිසිය මේ පිළිබඳ ප්‍රශ්න කිරීමක් හෝ සිදුකර නොමැත.

පොලීසියේ ඉහළ නිලධාරීන්ගේ අනුදැනුම මත පොලිස් විශේෂ කාර්ය බලකායට සම්බන්ධ නිලධාරීන් මෙම පැහැරගැනීම කළ බවට තමන්ට තොරතුරු ඇති බව ඇය මාධ්‍ය වෙත අදහස් දක්වමින් පවසා තිබේ.

සැමියාට යුක්තිය ලබාගැනීමේ අරගලය හේතුවෙන් තමන් ද 2014 වසරේ පැහැරගෙන යාමට ලක්වූ බව සහ විවිධ තාඩන පීඩනවලට ගොදුරුවූ බව මයුරි ඉනෝකා මෙහිදී අදහස් දක්වමින් පැවසීය . එසේම ගාලු මුවදොර පිටියේ ඊයේ නිහඬ විරෝධතාව පැවැත්වෙද්දී පොලිස් නිලධාරීන් එම ස්ථානයට පැමිණ මයුරිගේ ළමුන් දෙදෙනා විරෝධතාවට යොදාගැනීම සම්බන්ධයෙන් ප්‍රශ්න කළ නමුත් සැමියා අතුරුදන් කරවීම සම්බන්ධයෙන් කිසිදු පරීක්ෂණයක් සිදුනොකරන බව මයුරි වැඩි දුරටත් පවසා තිබේ.",අතුරුදන් කළ තම සැමියාට සිදුවූ දේ පිළිබඳ පරීක්ෂණයක් ඉල්ලා මයුරි ඉනෝකා ජයසිංහ ඇතුළු පිරිසක් අඟහරුවාදා (සැප්තැම්බර් 4) උදෑසන 8 සිට අද උදෑසන 8 දක්වා ගාලු මුවදොර පිටිය ඉදිරියේ නිහඬ විරෝධතාවක් දක්වා තිබේ. දෙදරු මවක් වන මයුරි ඉනෝකා ජයසිංහගේ සැමියා වූ මධුෂ්ක ද සිල්වා අතුරුදන්වී 2018 සැප්තැම්බර් 2 වෙනි දිනට අවුරුදු 5 ක් ගතවී ඇත. මයුරි …,sin,lankaviews,Lanka Views,fake news,7ba6cb53-d007-4662-8be5-9e9ee4db986a,article,MassiveSum
https://ceylondaily.com/%e0%b6%91%e0%b6%a2%e0%b7%8f%e0%b6%b4-%e0%b6%85%e0%b6%b4%e0%b7%9a%e0%b6%9a%e0%b7%8a%e0%b7%82%e0%b6%9a%e0%b6%ba%e0%b7%8f-%e0%b6%bd%e0%b7%99%e0%b7%83-%e0%b7%83%e0%b6%a2%e0%b7%92%e0%b6%ad%e0%b7%8a/,,එජාප අපේක්ෂකයා ලෙස සජිත් නම් කෙරේ,,"Like Love Haha Wow Sad Angry

එක්සත් ජාතික පක්ෂයේ ජනාධිපති ධුර අපේක්ෂකයා ලෙස නියෝජ්‍ය නායක අමාත්‍ය සජිත් ප්‍රේමදාස මහතා ඊෙය්(26) පස්වරුවේ නම් කෙරිණ.

ඒ, පක්ෂ නායක අග්‍රමාත්‍ය රනිල් වික්‍රමසිංහ මහතාගේ ප්‍රධානත්වයෙන් කෘත්‍යාධිකාරී මණ්ඩලය රැස්වී ගත් තීරණයකට අනුවයි.

එහිදි, පක්ෂ නායක රනිල් වික්‍රමසිංහ මහතා විසින් එක්සත් ජාතික පක්ෂ ජනාධිපති ධුර අපේක්ෂකයා ලෙස සජිත් ප්‍රේමදාස මහතා යෝජනා කරනු ලැබිණ.

එක්සත් ජාතික පක්ෂය ප්‍රමුඛ පුළුල් සන්ධානයේ ජනාධිපතිවරණ අපේක්‍ෂක ලෙස පක්‍ෂ නියෝජ්‍ය නායක නිවාස ඉදිකිරීම් සහ සංස්කෘතික අමාත්‍ය සජිත් ප්‍රේමදාස මහතා නම් කිරීමට පක්‍ෂ කෘත්‍යාධිකාරී මණ්ඩලය එහිදී ඒකමතිකව තීරණය කළේය

Like Love Haha Wow Sad Angry","එක්සත් ජාතික පක්ෂයේ ජනාධිපති ධුර අපේක්ෂකයා ලෙස නියෝජ්‍ය නායක අමාත්‍ය සජිත් ප්‍රේමදාස මහතා ඊෙය්(26) පස්වරුවේ නම් කෙරිණ. ඒ, පක්ෂ නායක අග්‍රමාත්‍ය රනිල් වික්‍රමසිංහ මහතාගේ ප්‍රධානත්වයෙන් කෘත්‍යාධිකාරී මණ්ඩලය රැස්වී ගත් තීරණයකට අනුවයි. එහිදි, පක්ෂ නායක රනිල් වික්‍රමසිංහ මහතා විසින් එක්සත් ජාතික පක්ෂ ජනාධිපති ධුර අපේක්ෂකයා ලෙස සජිත් ප්‍රේමදාස මහතා යෝජනා කරනු ලැබිණ. එක්සත් ජාතික පක්ෂය ප්‍රමුඛ පුළුල් සන්ධානයේ ජනාධිපතිවරණ …",sin,ceylondaily,Ceylon Daily,fake news,eaf63f7c-cfb8-4583-bad5-8ea0813749f1,article,MassiveSum
https://www.lankaviews.com/%e0%b6%89%e0%b6%b1%e0%b7%8a%e0%b6%af%e0%b7%92%e0%b6%ba%e0%b7%8f%e0%b7%80%e0%b7%9a-%e0%b6%9a%e0%b7%8f%e0%b6%b1%e0%b7%8a%e0%b6%ad%e0%b7%8f%e0%b7%80%e0%b7%9d-%e0%b6%b4%e0%b7%83%e0%b7%8a-%e0%b6%af/,,ඉන්දියාවේ කාන්තාවෝ පස් දෙනෙකු සමූහ දූෂණයට ලක් කරති,,"Posted on 06.24.2018 by Nishshanka in විදෙස් පුවත් with 0 Comments

රජ්‍ය නොවන සංවිධානයක කාන්තාවෝ පස් දෙනෙකු පැහැරගෙන ගොස් සමූහ දූෂණයට ලක් කොට ඇති බව ඉන්දියාවෙන් වාර්තාවේ.

පසුගිය ජුනි 19 වැනි දින මෙම සිදුවීම නැගෙනහිර ඉන්දියාවේ ජහාර්කාන් ප්‍රාන්තයේ කොචෑන් ගම්මානයේ දී මෙය සිදුව තිබේ. මෙම සිදුවීමෙන් පසු කාන්තා අයිතිවාසිකම් සදහා වන ඉන්දීය ජාතික කොමිසමේ සාමාජිකාවන් තිදෙනෙකු එම ප්‍රදේශයට පැමිණ සිදුවීම පිළිබදව පරීක්ෂණයක් ආරම්භ කර ඇති බව වාර්තාවේ.

මෙම කාන්තාවන් සමූහ දූෂණයට ලක් කොට ඇත්තේ ඔවුන් විසින් වීදී නාට්‍යයක් නගරයේ පෙන්වමින් සිටින විට එහි පැමිණී මැරවර කණ්ඩායමක් විසින් මෙම කාන්තා ක්‍රියානාරීන්ව බලයෙන් පැහැරගෙන ගොස් පාලු වනගත ප්‍රදේශයකදී සමූහ දූෂණයට ලක්කොට ඇති බව විදෙස් මාධ්‍ය වාර්තා කරයි.

එම ප්‍රදේශයේ මිෂනාරි පාසලක් පවත්වාගෙන යනු ලබන පූජකවරයකු වන ඇල්පෙන්සෝ ඒලියන් නැමැති පුද්ගලයා විසින් මෙම රාජ්‍ය නොවන සංවිධාන ක්‍රියාත්මක කරමින් සිටින බව වාර්තාවේ.

මෙම සිදුවීමෙන් පසුව ප්‍රාන්ත පොලිස් ප්‍රධානී පවසා ඇත්තේ දූෂණ සිදුවීමට සම්බන්ධ පුද්ගලයෝ හය දෙනෙකු මේ වන විට හදුනාගෙන ඇති බවත් ඔවුන්ගෙන් දෙදෙනෙකු මේ වන විටත් අත් අඩංගුවට ගැනීමට සමත්ව ඇති බවයි. ඉතිරි සැකකරුවන්ද හැකි ඉක්මණින් අත්අඩංගුවට ගැනීමට ක්‍රියා කරන පොලිස් ප්‍රධානී මාධ්‍ය වෙත ප්‍රකාශකර තිබේ.

පසුගිය කාලයේදී බොහෝ අවස්ථාවල ඉන්දීය කාන්තාවන් හා ළදැරියන් මෙසේ සමූහ දූෂණයට ලක්කළ අවස්ථාවන් ගණනාවක් වාර්තා වූ බව විදෙස් මාධ්‍ය වාර්තා කරයි. ද්‍රරිද්‍රතාවයට පත් පීඩිත කාන්තාවන් හා එරට පවතින අඩු කුලේ යැයි සම්මත කාන්තාවන්ට එරෙහිව මෙවැනි පීඩනයක් වැඩිපුරම එල්ලවේ.",රජ්‍ය නොවන සංවිධානයක කාන්තාවෝ පස් දෙනෙකු පැහැරගෙන ගොස් සමූහ දූෂණයට ලක් කොට ඇති බව ඉන්දියාවෙන් වාර්තාවේ. පසුගිය ජුනි 19 වැනි දින මෙම සිදුවීම නැගෙනහිර ඉන්දියාවේ ජහාර්කාන් ප්‍රාන්තයේ කොචෑන් ගම්මානයේ දී මෙය සිදුව තිබේ. මෙම සිදුවීමෙන් පසු කාන්තා අයිතිවාසිකම් සදහා වන ඉන්දීය ජාතික කොමිසමේ සාමාජිකාවන් තිදෙනෙකු එම ප්‍රදේශයට පැමිණ සිදුවීම පිළිබදව පරීක්ෂණයක් ආරම්භ කර ඇති බව …,sin,lankaviews,Lanka Views,fake news,39a302db-5a92-4a2d-9571-6f76951a9ff7,article,MassiveSum
https://www.lankaviews.com/no-warrant-to-arrest-female-journalist/,,මාධ්‍යවේදිනියට වරෙන්තු නිකුත්කළ බවට පොලිස් මාධ්‍ය ප්‍රකාශක කියා අැත්තේ අසත්‍යයක්,,"Posted on 01.11.2018 by Chandana Sirimalwatte in දේශීය පුවත් with 0 Comments

සැකකරුවකු අධකරණයෙන් පළායාම සම්බන්ධව කල වාර්තාකරනයක් හේතුවෙන් මාධ්‍යවේදීනි රේඛා තරංගනී ඒරෙහිව වරෙන්තු නිකුත්කර අැති බවට පොලිස් මාධ්‍ය ප්‍රකාශක රුවන් ගුණසේකර පැවසුවද අැයට ඒ් සම්බන්ධ වරෙන්තුවක් නිකුත්කර නොමැති බව මොරටුව අධිකරණයේදී හෙලි විය.

ලංකාදීප මොරටුව වාර්තාකරිනියට එරෙහිව ඇති නඩුව මොරටුව ප‍්‍රධාන මහේස්ත‍්‍රාත් හමුවේ විභාගයට ගැනීමේදී මෙම ගැටලූ සහගත තත්වය සම්බන්ධව එම මාධ්‍යවේදිනිය වෙනුවෙන් පෙනී සිටි නීතිඥවරුන් කරුනු දක්වන ලදී. එනමුත් මාධ්‍යවේදිනී රේඛා තරංගනී ෆොන්සේකා මොරටුව ප‍්‍රධාන මහේස්ත‍්‍රාත් වෙත ඉදිරිපත් කරමින් වරෙන්තු කිරීම පිළිබඳ විමසූ විට එසේ වරෙන්තුවක් නොමැති බවට මහේස්ත‍්‍රාත්වරිය දැන්වූවාය.

පසුව එම නඩුව මොරටුව අතිරේක මහේස්ත‍්‍රාත් කණිෂ්ක විජේරත්න ඉදිරියේ විභාගයට ගැනීමට මොරටුව ප‍්‍රධාන මහේස්ත‍්‍රාත්වරිය අවසර ලබාදුන් පසුව අතිරේක මහේස්ත‍්‍රාත් හමුවට ඉදිරිපත් කළ ලංකාදීප වාර්තාකාරිනිය රු. 25,000ක ශරීර ඇපයක් මත මුදා හරින ලෙස නියෝග කළ අතර මාර්තු 7 වැනිදා නැවත අධිකරණයේ පෙනී සිටින ලෙසට ද මොරටුව අතිරේක මහේස්ත‍්‍රාත් කණිෂ්ක විජේරත්න නියෝග කළේය.",සැකකරුවකු අධකරණයෙන් පළායාම සම්බන්ධව කල වාර්තාකරනයක් හේතුවෙන් මාධ්‍යවේදීනි රේඛා තරංගනී ඒරෙහිව වරෙන්තු නිකුත්කර අැති බවට පොලිස් මාධ්‍ය ප්‍රකාශක රුවන් ගුණසේකර පැවසුවද අැයට ඒ් සම්බන්ධ වරෙන්තුවක් නිකුත්කර නොමැති බව මොරටුව අධිකරණයේදී හෙලි විය. ලංකාදීප මොරටුව වාර්තාකරිනියට එරෙහිව ඇති නඩුව මොරටුව ප‍්‍රධාන මහේස්ත‍්‍රාත් හමුවේ විභාගයට ගැනීමේදී මෙම ගැටලූ සහගත තත්වය සම්බන්ධව එම මාධ්‍යවේදිනිය වෙනුවෙන් පෙනී සිටි නීතිඥවරුන් …,sin,lankaviews,Lanka Views,fake news,cb1c04ec-0033-4fe7-ad21-a9fa87bd5329,article,MassiveSum
https://www.lankaviews.com/%e0%b6%b8%e0%b7%84%e0%b7%92%e0%b6%b1%e0%b7%8a%e0%b6%af-%e0%b6%bb%e0%b7%8f%e0%b6%a2%e0%b6%b4%e0%b6%9a%e0%b7%8a%e0%b7%82-%e0%b7%81%e0%b7%8a%e2%80%8d%e0%b6%bb%e0%b7%9a%e0%b7%82%e0%b7%8a%e0%b6%a8/,,"මහින්ද රාජපක්ෂ, ශ්‍රේෂ්ඨාධිකරණයේ නඩුවකට රූපවාහිනියෙන් කරුණු දක්වයි!",,"Posted on 12.03.2018 by Chandana Sirimalwatte in දේශීය පුවත් with 0 Comments

හිටපු ජනාධිපති මහින්ද රාජපක්ෂ ඊයේ(2) රාත්‍රි රූපවාහිනි නාළිකා හරහා විශේෂ ප්‍රකාශයක් ඉදිරිපත් කරමින් ශ්‍රේෂ්ඨාධිකරනයේ විභාගයට ගැනීමට නියමිත නඩුවකට අදාළව තමන්ගේ කරුණු දැක්වීමක් සිදුකරණ ලදී.

ජනාධිපති ‌මෛත්‍රිපාල සිරිසේන විසින් පාර්ලිමේන්තුව විසුරුවා හැරීම නීති විරෝධී බව ප්‍රකාශ කරන මෙන් ඉල්ලා ඉදිරිපත් වූ පෙත්සම් 12ක් නොවැම්බර් 12 වැනිදා අගවිනිසුරු ප්‍රමුඛ ත්‍රිපුද්ගල විනිසුරු මඩුල්ලක් හමුවේ සලකා බැලීමෙන් පසුව ඒවා විභාගයට ගැනීමට තීරණය විය. ඉන්පසුව මහින්ද රාජපක්ෂට පක්ෂපාති පාර්ශ්ව විසින් එම විභාගය ත්‍රිපුද්ගල විනිසුරු මඩුල්ලක් විසින් නොව, ඊට වැඩි විනිසුරු මඩුල්ලක් හමුවේ විභාගයට ගැනීමට තරම් වැදගත් බවට කරුණු ඉදිරිපත් කිරීමෙන් පසුව සත්පුද්ගල විනිසුරු මඩුල්ලක් නම්කරණ ලදී. එකී පෙත්සම් විභාගයට ගැනීම දෙසැම්බර් 4දක්වා කල්තබන ලදී.

ජනාධිපති මෛත්‍රිපාල සිරිසේන විසින් පාර්ලිමේන්තුව විසුරුවා හැරීම සම්බන්ධයෙන් එසේ ශ්‍රේෂ්ඨාධිකරෙණයේ විභාග කරන්නට නියමිත පෙත්සම් විභාගයට අදාළව කරුණු දක්වන්නේ නැති බව පවසමින්ම ඔහු එම නඩු කටයුත්තට අදාළව තමන්ට වාසිදායක කරුණු ගෙන හැර දැක්වීය. මහින්ද රාජපක්ෂ විසින් විශේෂ ප්‍රකාශයක් කරන බව කල්තියාම ප්‍රසිද්ධ කරවා සිදු කළ මෙම කරුණු දැක්වීම ඔහුට පක්ෂපාති අනුගාමිකයන් පිරිසකට කළ කරුණු පැහැදිලි කිරීමක් ලෙස වේලාසන පටිගත කර ප්‍රචාරය කරණ ලද්දක් බව දක්නට ලැබිණි. ශ්‍රේෂ්ඨාධිකරනයේ නඩුවකට මෙසේ බලපෑම් කිරීම නීතියට පටහැනි වන්නා සේම සාමාන්‍ය ජනයා පවසන ආකාරයේ හොරාට කලින් කෙහෙල්කැන වැට පැනීමක්ද වේ. මේ වනවිට විධායක ජනාධිපතිවරයා තමන්ට හිමි නැති බලයක් භාවිත කරමින් ව්‍යවස්ථාව හුදු කඩදාසියක් පමණක් බව සනාථ කර තිබියදී මෙවැනි රංගනයකින් තමන් කෙතරම් පහත් අයකුදැයි හිටපු ජනාධිපතිවරයාද සනාථ කර ඇත. කෙසේවෙතත් එය, ශ්‍රේෂ්ඨාධිකරණය විසින් ඉදිරියේදී දෙනු ලබන තීරණය පිළිබද බලපෑම් සහගතද නැද්ද යනින වේලාසන තීරණය කළ නොහැකි බව නීති විශාරදයන්ගේ අදහසයි. පෙත්සම් විභාගයේදී පාර්ලිමේන්තුව විසුරුවාහැරීම සම්බන්ධව වගඋත්තරකරුවන් කර ඇති පාර්ශ්ව ලෙස හිටපු ජනාධිපතිවරයා නම් කර නැත. එහෙත් එම විසුරුවාහැරීමෙන් ඍජුව දේශපාලන වාසි ලබන පාර්ශ්වය ලෙස රාජපක්ෂ මෙවැනි ප්‍රචාරක ක්‍රියාදාමයකට ඉදිරිපත්ව ඇති බව පැහැදිලිය. මේ අන්දමේ ක්‍රියාවලියක් තුළ දේශපාලන බලය හසුරුවන විධායකය හා ව්‍යවස්ථාදායකය ජනතා විනිශ්චය තුළ පහළට ඇද වැටි තිබියදී අධිකරණය ඉටු කරන භූමිකාවද ඉදිරියේදී ජනතාව හමුවේ විනිශ්චයට ලක්වන්නට නියමිත බව සමාජ කතිකාවන් තුළ සාකච්ඡා වී තිබේ. හිටපු ජනාධිපතිවරයා මෙසේ ශ්‍රේෂ්ඨාධිකරනයේ විභාගයට ගන්නට නියමිත නඩු විභාගය ජනාමාධ්‍ය හමුවේ තමන්ට වාසිදායක ජනමතයක් කරා ගෙනයාම පිණිස කළ රංගනය තුළ එම ස්ථානයේ සිටින අනුගාමිකයන්ද නාට්‍යානුසාරයෙන් අනුමත කරන ආකාරයක් අනාවරණය විය. දේශපාලන නායකයන් බලසූදුව හමුවේ තොතරම් විසුලුකාරී වේද යන්නත්, දසක ගනනක් දේශපාලනය කරමින් යම්කිසි ජනකායක් අතර ඇතිකරගෙන තුබූ ගෞරවය පවා පරදුවට තබා මෙවැනි හාස්‍යජනක නාටක ඉදිරිපත් කිරීමෙන් පෙනී යයි.",හිටපු ජනාධිපති මහින්ද රාජපක්ෂ ඊයේ(2) රාත්‍රි රූපවාහිනි නාළිකා හරහා විශේෂ ප්‍රකාශයක් ඉදිරිපත් කරමින් ශ්‍රේෂ්ඨාධිකරනයේ විභාගයට ගැනීමට නියමිත නඩුවකට අදාළව තමන්ගේ කරුණු දැක්වීමක් සිදුකරණ ලදී. ජනාධිපති ‌මෛත්‍රිපාල සිරිසේන විසින් පාර්ලිමේන්තුව විසුරුවා හැරීම නීති විරෝධී බව ප්‍රකාශ කරන මෙන් ඉල්ලා ඉදිරිපත් වූ පෙත්සම් 12ක් නොවැම්බර් 12 වැනිදා අගවිනිසුරු ප්‍රමුඛ ත්‍රිපුද්ගල විනිසුරු මඩුල්ලක් හමුවේ සලකා බැලීමෙන් පසුව ඒවා …,sin,lankaviews,Lanka Views,fake news,b5fd5833-0d93-4d00-a3d2-78c2b9525e44,article,MassiveSum
https://www.lankaviews.com/%e0%b6%91%e0%b6%9a%e0%b7%8f-%e0%b6%b4%e0%b7%92%e0%b6%a7-%e0%b6%91%e0%b6%9a%e0%b7%8f-%e0%b7%80%e0%b7%90%e0%b6%a7%e0%b7%94%e0%b6%ab%e0%b6%ad%e0%b7%8a-%e0%b6%85%e0%b6%b4%e0%b7%92-%e0%b6%85%e0%b6%bb/,,එකා පිට එකා වැටුණත් අපි අරගලය අත්හරින්නෙ නෑ - අ.වි.ශි.බ.ම. වැඩ බලන කැදවුම්කරු,,Posted on 07.07.2017 by Chandana Sirimalwatte in දේශීය පුවත් with 0 Comments,"නිදහස් අධ්‍යාපනය වළදැමීමේ ආණ්ඩුවේ සැලැස්මේ සංකේතයක් බදු සයිටම් ආයතනයේ ප්‍රමිතිය ඇති කිරීමෙන් එයට වලංගුභාවයක් ලබාදීමට තමන් එකග නැති බව අන්තර් විශ්වවිද්‍යාලයීය ශිෂ්‍ය බලමණ්ඩලයේ වැඩබලන කැදවුම්කරු මංගල මද්දුමගේ පවසයි. ඔහු මේ අදහස් පළ කළේ ජූලි 5 වැනිදා නුගේගොඩදී පැවැති ‘සයිටම් විරෝධී සිසු ජන ව්‍යාපාරයේ රැළිය අමතමිනි. “අපේ නායකයන් හිරේ දමලා විතරක් නෙවෙයි, එකා පිට එකා මැරී …",sin,lankaviews,Lanka Views,fake news,c2e40640-5c56-44d9-8f0b-218cd90f8fec,article,MassiveSum
https://www.lankaviews.com/%e0%b6%b8%e0%b7%9d%e0%b6%af%e0%b7%92-%e0%b6%85%e0%b6%af-%e0%b6%91%e0%b6%b1%e0%b7%8a%e0%b6%b1%e0%b7%9a-%e0%b6%af%e0%b6%b9%e0%b7%94%e0%b6%bd%e0%b7%94%e0%b6%ad%e0%b7%8a-%e0%b7%80%e0%b7%90%e0%b6%af/,,මෝදි අද එන්නේ දඹුලුත් වැදලා තලගොයි මරාගන්නද?,,Posted on 05.11.2017 by Chandana Sirimalwatte in දේශීය පුවත් with 0 Comments,ඉන්දීය අගමැති නරේන්ද්‍ර මෝදි අද(11) දිවයිනට පැමිණෙන්නේ වෙසක් සමරන්නට පමණක්දැයි දේශපාලන අංශවල කතාබහට ලක්ව තිබේ. ආන්ඩුව ප්‍රකාශ කරන අකාරයට ඔහු පැමිණෙන්නේ එක්සත් ජාතීන්ගේ වෙසක් දින සැමරුම් උළෙල සහ ජාත්‍යන්තර සමුළුවට සහභාගීවීම සඳහාය. එහෙත් ඔහු ලංකාවට පැමිණෙන්නේ ත්‍රිකුණාමල තෙල් ටැංකි සංකීර්ණය ඉන්දියාවට පවරාගැනීම සම්බන්ධවත් එට්කා ගිවිසුම ඉක්මනින් අවසන් එකගතා ඇතිකරගැනීම සදහා ලංකාවේ නායකයන් එකග කරවා ගැනීමට …,sin,lankaviews,Lanka Views,fake news,7d99d33b-b33a-4894-acfd-69735e1b6e44,article,MassiveSum
https://www.lankaviews.com/%e0%b6%b1%e0%b7%80%e0%b6%9a-%e0%b6%b8%e0%b6%b1%e0%b7%8a%e0%b6%ad%e0%b7%8a%e2%80%8d%e0%b6%bb%e0%b7%93%e0%b6%b1%e0%b7%8a%e0%b6%a7-%e0%b6%ad%e0%b7%94%e0%b6%b1%e0%b7%8a%e0%b6%af%e0%b7%92%e0%b6%b1/,,නවක මන්ත්‍රීන්ට තුන්දින වැඩමුළුවක් - පාර්ලිමේන්තුව ගැන පුහුණුවක් !,,"Posted on 08.11.2020 by Chandana Sirimalwatte in දේශීය පුවත් with 0 Comments

අගෝස්තු 20 දින කැඳවන්නට නියමිත නව පාර්ලිමේන්තුවට ඒක්වන නවක මන්ත්‍රීවරුන් වෙනුවෙන් තුන්දින වැඩමුළුවක් පැවැත්වෙන බව පාර්ලිමේන්තු කාර්යාලය පවසයි. නවක මන්ත්‍රිවරුන්ට පාර්ලිමේන්තු කටයුතු හා ස්ථාවර නියෝග ආදිය සම්බන්ධ අවබෝධයක් ලබාදීම සඳහා මෙම වැඩමුළුව පැවැත්වෙනු ඇත. තවදුරටත් අනාවරණය වන්නේ ආණ්ඩු පක්ෂයේ මන්ත්‍රි ආසන ප්‍රමාණය ප්‍රමාණවත් නොවන නිසා මෙවර ආණ්ඩු පක්ෂයේ මන්ත්‍රිවරුන් 35 දෙනකු විපක්ෂ පාර්ශ්වයේ හිඳුවන්නට සිදුවන බවය.",අගෝස්තු 20 දින කැඳවන්නට නියමිත නව පාර්ලිමේන්තුවට ඒක්වන නවක මන්ත්‍රීවරුන් වෙනුවෙන් තුන්දින වැඩමුළුවක් පැවැත්වෙන බව පාර්ලිමේන්තු කාර්යාලය පවසයි. නවක මන්ත්‍රිවරුන්ට පාර්ලිමේන්තු කටයුතු හා ස්ථාවර නියෝග ආදිය සම්බන්ධ අවබෝධයක් ලබාදීම සඳහා මෙම වැඩමුළුව පැවැත්වෙනු ඇත. තවදුරටත් අනාවරණය වන්නේ ආණ්ඩු පක්ෂයේ මන්ත්‍රි ආසන ප්‍රමාණය ප්‍රමාණවත් නොවන නිසා මෙවර ආණ්ඩු පක්ෂයේ මන්ත්‍රිවරුන් 35 දෙනකු විපක්ෂ පාර්ශ්වයේ හිඳුවන්නට සිදුවන …,sin,lankaviews,Lanka Views,fake news,24e6efc1-40c7-4c47-b50f-d6e631cd81d7,article,MassiveSum
https://www.lankaviews.com/%e0%b6%b4%e0%b7%8a%e2%80%8d%e0%b6%bb%e0%b7%80%e0%b7%93%e0%b6%ab-%e0%b6%9c%e0%b7%8f%e0%b6%ba%e0%b7%92%e0%b6%9a%e0%b7%8f-%e0%b6%b8%e0%b7%84%e0%b7%8f%e0%b6%a0%e0%b7%8f%e0%b6%bb%e0%b7%8a%e0%b6%ba/,,"ප්‍රවීණ ගායිකා, මහාචාර්ය අමරා රණතුංග අභාවයට පත් වේ!",,"රජයේ සංගීත විද්‍යාලයේ ආරම්භක සිසුවියක් අවුරුදු 12 තරම් කුඩා කාලයේ සංගීත අධ්‍යාපනය ආරම්භ කළ ඇය ඉන් පසුව ඉන්දියාවේ ලක්නව්හි පිහිටි භාත්ඛණ්ඩ සංගීත විද්‍යාලයට ඇතුළත් වී වැඩිදුර සංගීතය හැදෑරුවාය. සංගීතාචාර්යවරියක ලෙස ජීවන වෘත්තිය ආරම්භ කළ ඇය කැලණිය හා සෞන්දර්ය විශ්වවිද්‍යාලවල කථිකාචාර්යවරියක්, මහාචාර්යවරියක් ලෙසද කටයුතු කළාය. අමරා රණතුංග කැලණිය විශ්වවිද්‍යාලයේ ස්ථිර ආචාර්යවරියක් ලෙස එක් වූයේ 1964දීය. කලක් ඇමෙරිකාවේ කැලිෆෝනියා විශ්ව විද්‍යාලයේ ශාස්ත‍්‍රීය සංගීතය පිළිබඳ ආචාර්යවරියක ලෙස ද කටයුතු කළ ඇය එහි සිටිමින් ලංකාවේ ජන ගී, ශාන්තිකර්ම පිළිබඳව බටහිර ජාතිකයන් දැනුවත් කළාය.

යළි ලංකාවට පැමිණ කැලණි විශ්ව විද්‍යාලයේ අංශ ප‍්‍රධානි තනතුරක්ද ලබමින් ලංකාවේ මුල්ම සංගීත ක්ෂේත්‍රයේ මහාචාර්යවරිය ලෙස පත්වීමක් ලැබුවාය. ඒ 1995 වසරේ එම පදවිය ලබමින් කාන්තාවකට මහාචාර්ය තනතුරක් ලැබීමට හැකියාවක් නැති බවට සරසවි ක්ෂේත්‍රයේ ගොඩනැගී තිබූ ආකල්ප කඩා බිඳ දැමූවාය. කැලණිය විශ්වවිද්‍යාලයට ගායන අංශයක් ආරම්භ වූයේද මහාචාර්ය අමරා රණතුංගයන්ගේ කැපවීමේ ප‍්‍රතිඵලයක් ලෙසිනි.

විශාරද දයාරත්න රණගුංග සමග විවාහ වී සංගීත ක්ෂේත්‍රයේ විශේෂ ාදයකත්වයක් දැක්වූ යුවළක් බවට පත් වු පසුව ඇය වයස 79 දි අභාවයට පත්වනවිට තිදරු මවක් වූවාය.

‘සපුමල් සුවඳක් සේ’ , ‘සැළලිහිණියෝ නුඹ දන්නෙ නෑ’, ‘එක කිරුළක්’, ‘මහ රෑ යාමේ’, ‘රාධා ක‍්‍රිෂ්ණා’, ‘ඊයේ රෑ ඔබ හීනෙන් දෙඩවූ’, සඳක් සදිසි ළඳක් නොවෙ ද ලැසි ගමනින් එන’, ‘පෙම් සිලිලාරේ තුන් සිත ඉතිරී විහිදී විසිරෙන්නා’, ‘පේ‍්‍රම කතාවක චරිත දෙකක් අපි’ ආදී ගීත ඇය ගැයූ ජනාදරයට පත් ගීත අතර වේ.

අභාවප‍්‍රාප්ත අමරා රණතුංග මහාචාර්යවරියගේ අවසන් කටයුතු ලබන බ‍්‍රහස්පතින්දා (18) සිදු කිරීමට නියමිතය.","ප්‍රවීන ගායන ශිල්පිනියක, සංගීතාචාර්යවරියක සහ සංගීත ක්ෂේත්‍රයෙන්ලංකාවේ පළමු මහාචාර්යවරිය වූ අමරා රණතුංග ඊයේ (15) අභාවප‍්‍රාප්ත වූවාය. රජයේ සංගීත විද්‍යාලයේ ආරම්භක සිසුවියක් අවුරුදු 12 තරම් කුඩා කාලයේ සංගීත අධ්‍යාපනය ආරම්භ කළ ඇය ඉන් පසුව ඉන්දියාවේ ලක්නව්හි පිහිටි භාත්ඛණ්ඩ සංගීත විද්‍යාලයට ඇතුළත් වී  වැඩිදුර සංගීතය හැදෑරුවාය. සංගීතාචාර්යවරියක ලෙස ජීවන වෘත්තිය ආරම්භ කළ ඇය කැලණිය හා සෞන්දර්ය විශ්වවිද්‍යාලවල කථිකාචාර්යවරියක්, මහාචාර්යවරියක් ලෙසද කටයුතු …",sin,lankaviews,Lanka Views,fake news,eb196ba1-5c6b-47fc-8bc6-901bebb4898e,article,MassiveSum
https://ceylondaily.com/%e0%b7%81%e0%b7%92%e0%b7%82%e0%b7%8a%e2%80%8d%e0%b6%ba%e0%b6%ad%e0%b7%8a%e0%b7%80-%e0%b7%80%e0%b7%92%e0%b6%b7%e0%b7%8f%e0%b6%9c%e0%b6%ba%e0%b7%9a-%e0%b6%b4%e0%b7%8a%e2%80%8d%e0%b6%bb%e0%b6%ad%e0%b7%92/,,ශිෂ්‍යත්ව විභාගයේ ප්‍රතිඵල නිකුත් කෙරේ,,"Like Love Haha Wow Sad Angry

5 ශ්‍රේණිය ශිෂ්‍යත්ව විභාගයේ ප්‍රතිඵල මීට ටික වේලාවකට පෙර නිකුත් කර තිබේ.

විභාග කොමසාරිස් ජෙනරාල් සනත් බී. පුජිත මහතා සඳහන් කළේ, www.doenets.lk වෙබ් අඩවියට පිවිසීමෙන් ප්‍රතිඵල ලබාගත හැකි බවයි.

කොළඹ සහ ශ්‍රී ජයවර්ධනපුර කෝට්ටේ අධ්‍යාපන කලාපවල විදුහල්පතිවරුන්ට හෙට පෙරවරු 9.00 න් පසු විභාග දෙපාර්තමේන්තුවට පැමිණ ප්‍රතිඵල ලේඛන ලබාගත හැකි වේ.

අනෙක් පාසල්වල ප්‍රතිඵල ලේඛන හෙට පෙරවරුවේ තැපෑලට යොමු කරන බව ඔහු පැවසීය.

මෙවර දිවයිනේ සහ දිස්ත්‍රික් ස්ථාන වශයෙන් ප්‍රතිඵල නිකුත් නොකළ බව ද විභාග කොමසාරිස් ජනරාල්වරයා සඳහන් කළේ ය.

ඒ අනුව ප්‍රතිඵල නිකුත් කිරීමේදී අපේක්ෂකයා ලබාගත් මුළු ලකුණු සංඛ්‍යාව දිස්ත්‍රික්කය හෝ මාධ්‍ය අනුව අදාළ කඩඉම් ලකුණු සමග සඳහන් කර තිබේ.

Like Love Haha Wow Sad Angry","5 ශ්‍රේණිය ශිෂ්‍යත්ව විභාගයේ ප්‍රතිඵල මීට ටික වේලාවකට පෙර නිකුත් කර තිබේ. විභාග කොමසාරිස් ජෙනරාල් සනත් බී. පුජිත මහතා සඳහන් කළේ,  www.doenets.lk වෙබ් අඩවියට පිවිසීමෙන් ප්‍රතිඵල ලබාගත හැකි බවයි. කොළඹ සහ ශ්‍රී ජයවර්ධනපුර කෝට්ටේ අධ්‍යාපන කලාපවල විදුහල්පතිවරුන්ට හෙට පෙරවරු 9.00 න් පසු විභාග දෙපාර්තමේන්තුවට පැමිණ ප්‍රතිඵල ලේඛන ලබාගත හැකි වේ. අනෙක් පාසල්වල ප්‍රතිඵල ලේඛන හෙට …",sin,ceylondaily,Ceylon Daily,fake news,cd11e433-a4e1-448e-abc9-3b15f4ecd90c,article,MassiveSum
https://www.lankaviews.com/%e0%b6%b1%e0%b7%80-%e0%b6%a2%e0%b6%b1%e0%b7%8f%e0%b6%b0%e0%b7%92%e0%b6%b4%e0%b6%ad%e0%b7%92%e0%b6%a7-%e0%b6%a0%e0%b7%93%e0%b6%b1%e0%b6%ba%e0%b7%99%e0%b6%b1%e0%b7%94%e0%b6%ad%e0%b7%8a-%e0%b7%80/,,නව ජනාධිපතිට චීනයෙනුත් විශේෂ සුබ පැතුමක්,,"Posted on 11.19.2019 by Sithara Sajeewani in දේශීය පුවත් with 0 Comments

මෙරට නව ජනාධිපති ලෙස තේරී පත්වූ ගෝඨාභය රාජපක්ෂට චීනය සුබ පැතුම් එක් කර ඇත.

දෙරටේ ප්‍රගතිය උදෙසාත් ද්විපාර්ශවීය උපායමාර්ගික සබඳතා ශක්තිමත් කරගැනීම උදෙසාත් ශ්‍රී ලංකා රජය සහ නව ජනාධිපති ගෝඨාභය රාජපක්ෂ සමඟ කටයුතු කිරීමට සූදානම් බවත් චීනය සඳහන් කර තිබේ.

චීන විදේශ කටයුතු අමාත්‍යාංශයේ පැවැති මාධ්‍ය හමුවකදී එම අමාත්‍යාංශයේ මාධ්‍ය ප්‍රකාශක ගෙන්ග් ෂුවෑන්ග් එසේ පැවැසීය. “ශ්‍රී ලංකාව සාර්ථකව ජනාධිපතිවරණය පැවැත්වූවා. ජනාධිපතිවරණයෙන් ජයග්‍රහණය කළ ගෝඨාභය රාජපක්ෂ මහතාට අප අපේ සුබ පැතුම් එක් කරනවා.

චීනය සහ ශ්‍රී ලංකාව යනු උපාය මාර්ගික පාර්ශවකරුවන් වන අතර දෙරට අතර අන්‍යෝන්‍ය සහයෝගය සහ සදාතනික මිත්‍රත්වයක් ද තිබෙනවා.

ගෞරවය, සමානාත්මතාව සහ අන්‍යෝන්‍ය ප්‍රතිලාභ ලැබෙන අයුරින් නව නායකත්වය සමඟ කටයුතු කිරීමට අප සූදානම්. විශේෂයෙන්ම තීරයක් මාවතක් (බෙල්ට් ඇන්ඞ් රෝඞ්) ව්‍යාපෘතිය යටතේ කෙරෙන ඉහළ ගුණාත්මකභාවයකින් යුතු ව්‍යාපෘති කරමින් සහයෝගීතාව ප්‍රවර්ධනය කරමින් දෙරටට ඉමහත් ප්‍රගතියක් ගෙන ඒමට අප සූදානම්.

රාජපක්ෂ පාලනය චීනය සමඟ වැඩි සහයෝගීතාවයකින් කටයුතු කිරීම දක්නට ලැබුණු දෙයකි. උදාහරණයකට රාජපක්ෂ පාලනය 2015 පරාජය වීමෙන් පසු එනම් 2016 වසරේදී ගෝඨාභය රාජපක්ෂ චීනයේ ආරක්ෂක සමුළුවකට සහභාගී වී ඇති බව මාධ්‍ය වාර්තා කර තිබේ. ඒ අනුව චීන විදේශ කටයුතු අමාත්‍යංශය ප්‍රකාශකයා සඳහන් කර ඇති ආකාරයට චීනයේ ලෝකය තුළ බලය ව්‍යාප්ත කිරීමේ උපාය මාර්ගික වැඩපිළිවෙලක් වන තීරයක් මාවතක් ව්‍යාපෘතිය ක්‍රියාත්මක කිරීමට අදාළව අපේ රට ඔවුන්ගේ බල වුවමනාවන් වෙනුවෙන් යොදා ගැනීමට නියමිතය. එහිදී මතුවන ගැටලුව වන්නේ චීනයේ බලය ව්‍යාප්තියට එරෙහිව ඇමරිකාව ද දේශපාලන පොර පිටියට පැමිණීමයි. එහිදී ලංකාව, චීනය සහ ඇමරිකානු බල ව්‍යාපෘතියේ පොර පිටියක් වීම වැලක්වීමට නොහැකි වෙනු ඇත.",මෙරට නව ජනාධිපති ලෙස තේරී පත්වූ ගෝඨාභය රාජපක්ෂට චීනය සුබ පැතුම් එක් කර ඇත. දෙරටේ ප්‍රගතිය උදෙසාත් ද්විපාර්ශවීය උපායමාර්ගික සබඳතා ශක්තිමත් කරගැනීම උදෙසාත් ශ්‍රී ලංකා රජය සහ නව ජනාධිපති ගෝඨාභය රාජපක්ෂ සමඟ කටයුතු කිරීමට සූදානම් බවත් චීනය සඳහන් කර තිබේ. චීන විදේශ කටයුතු අමාත්‍යාංශයේ පැවැති මාධ්‍ය හමුවකදී එම අමාත්‍යාංශයේ මාධ්‍ය ප්‍රකාශක ගෙන්ග් ෂුවෑන්ග් එසේ පැවැසීය. …,sin,lankaviews,Lanka Views,fake news,6bd8c7c9-69b5-4900-afa1-83cf692dde9a,article,MassiveSum
https://www.lankaviews.com/%e0%b6%bd%e0%b6%9a%e0%b7%8a-%e0%b7%83%e0%b6%ad%e0%b7%9c%e0%b7%83-%e0%b7%83%e0%b7%90%e0%b6%9a%e0%b6%ba-%e0%b6%b1%e0%b7%92%e0%b7%83%e0%b7%8f-%e0%b6%b6%e0%b7%8f%e0%b7%83%e0%b7%8a%e0%b6%b8%e0%b6%ad/,,සැක නිසා බාස්මති සහල් නිකුත් නොකෙරේ! - ලක් සතොස,,Posted on 06.06.2017 by Chandana Sirimalwatte in දේශීය පුවත් with 0 Comments,පාකිස්තානයෙන් ආනයනය කළ බාස්මති සහල් තොගය ‘ප්ලාස්ටික් සහල්‘ බවට පැතිර ගිය කටකතාව මත වෙළෙදපොළට නිකුත් කිරීම නවතා දැමු බව ‘ලංකා සතොස‘ සභාපති ටී.එම්.කේ.බී.තෙන්නකෝන් ජනමාධ්‍ය වෙත පවසා තිබේ. සභාපතිවරයා පවසන ආකාරයට ආනයනය කළ බාස්මති මෙට්‍රික් ටොන් 20කින් 4ක් පමණක් දැනට වෙලෙදපොළට නිකුත් කර ඇත. එම බාස්මති තොගය පිළිබද සැකයක් මතුව ඇති නිසා මින් පසුව එම සහල් …,sin,lankaviews,Lanka Views,fake news,73dc09be-6510-4698-bc1e-0937a3617ea3,article,MassiveSum
https://www.lankaviews.com/%e0%b6%bb%e0%b7%92%e0%b6%ba%e0%b7%9d-46-%e0%b7%83%e0%b7%92%e0%b7%84%e0%b7%92%e0%b6%b1%e0%b6%ba-%e0%b6%af%e0%b7%90%e0%b6%9a-%e0%b6%bb%e0%b6%b1%e0%b7%92%e0%b6%bd%e0%b7%8a-%e0%b7%84/,,“රියෝ 46“ සිහිනය දැක රනිල් හදිසියේ අවදි වෙයි,,Posted on 08.29.2016 by Awantha Idamegama in දේශීය පුවත් with 0 Comments,"2016 රියෝ ඔලිම්පික් තරගාවලිය සඳහා නිලධාරීන් 46 දෙනෙකු පිටත්ව ගිය බවට පළ වන වාර්තා සම්බන්ධයෙන් අග්‍රාමාත්‍ය රනිල් වික්‍රමසිංහගේ අවදානය යොමු වී ඇති බවත්, ඒ සම්බන්ධයෙන් තමන් වෙත වාර්තාවක් ඉදිරිපත් කරන ලෙස අග්‍රාමාත්‍යවරයා ඔලිම්පික් කමිටුව වෙත දන්වා ඇති බවත් පුවත් වාර්තා සදහන් කරයි. කෙසේ වෙතත් මේ සම්බන්ධයන් ජාතික ඔලිම්පික් කමිටුව ද විශේෂ පරීක්ෂණයක් පවත්වන බවත්, මේ වන විට …",sin,lankaviews,Lanka Views,fake news,54eda940-4118-4ebb-87a4-03951a387c51,article,MassiveSum
https://www.lankaviews.com/eti-%e0%b6%86%e0%b6%ba%e0%b6%ad%e0%b6%b1%e0%b6%ba%e0%b6%a7-%e0%b7%80%e0%b7%92%e0%b6%bb%e0%b7%94%e0%b6%af%e0%b7%8a%e0%b6%b0%e0%b7%80-%e0%b6%ad%e0%b7%90%e0%b6%b1%e0%b7%8a%e0%b6%b4%e0%b6%ad%e0%b7%8a/,,ETI ආයතනයට විරුද්ධව තැන්පත්කාරියක් දැමූ නඩුව විභාගයට ගැනීමට නියෝග,,"Posted on 07.03.2019 by Sithara Sajeewani in දේශීය පුවත් with 0 Comments

සීමාසහිත එදිරිසිංහ ට්‍රස්ට් ඉන්වෙස්ට්මන්ට්(ETI) මූල්‍ය ආයතනයේ තමා විසින් තැන්පත් කළ රුපියල් කොටි හතරක මුදලට පොලී සහ තැන්පත් මුදල් ආපසු නොදී වංචා කරන ලදැයි ETI ආයතනයට එරෙහිව එහි තැන්පත්කාරියක් විසින් පවරනු ලැබූ නඩුව විභාගයට නොගෙන ඉවත දමන්නැයි ETI ආයතනය කළ ඉල්ලීම මීගමුව මහේස්ත්‍රාත් අධිකරණය ප්‍රතික්ෂේප කර තිබේ. ඒ අනුව එම නඩුව ඔක්තෝම්බර් මස 15වන දින ආරම්භ කිරීමට අධිකරණය නියෝග කර ඇත.

මෙම නඩුවේ වගඋත්තරකරුවන් වන ETI මූල්‍ය ආයතනයේ අධ්‍යක්ෂකවරුන් වන දීපා එදිරිසිංහ, ජීවන් එදිරිසිංහ, නාලක එදිරිසිංහ සහ අසංක එදිරිසිංහ යන අය මේවනවිට විට ඇප මත මුදාහැර සිටියි.

නඩුව ආරම්භයේදී වග උත්තරකාර මූල්‍ය ආයතනය විසින් එම නඩුව විභාගයට නොගෙන ඉවත දමන්නැයි ඉල්ලා තිබුණි. මෙම නඩුව මුදල් ව්‍යාපාර පනතේ 20වැනි වගන්තිය යටතේ පවරා තිබුණි.",සීමාසහිත එදිරිසිංහ ට්‍රස්ට් ඉන්වෙස්ට්මන්ට්(ETI) මූල්‍ය ආයතනයේ තමා විසින් තැන්පත් කළ රුපියල් කොටි හතරක මුදලට පොලී සහ තැන්පත් මුදල් ආපසු නොදී වංචා කරන ලදැයි ETI ආයතනයට එරෙහිව එහි තැන්පත්කාරියක් විසින් පවරනු ලැබූ නඩුව විභාගයට නොගෙන ඉවත දමන්නැයි ETI ආයතනය කළ ඉල්ලීම මීගමුව මහේස්ත්‍රාත් අධිකරණය ප්‍රතික්ෂේප කර තිබේ. ඒ අනුව එම නඩුව ඔක්තෝම්බර් මස 15වන දින ආරම්භ …,sin,lankaviews,Lanka Views,fake news,1d47b1f7-da85-4f19-b4ee-aafcf046890b,article,MassiveSum
https://www.lankaviews.com/%e0%b7%83%e0%b6%a2%e0%b7%92%e0%b6%b1%e0%b7%8a-%e0%b7%80%e0%b7%8f%e0%b7%83%e0%b7%8a-%e0%b6%87%e0%b6%b4-%e0%b6%b4%e0%b7%92%e0%b6%a7-%e0%b6%b1%e0%b7%92%e0%b6%af%e0%b7%84%e0%b7%83%e0%b7%8a/,,කෝටි 61 ඉපයූ සජින් වාස් ඇප පිට නිදහස්!,,Posted on 07.08.2016 by Chandana Sirimalwatte in දේශීය පුවත් with 0 Comments,මුදල් විශුද්ධීකරණ පනත යටතේ අත්අඩංගුවට ගත් හිටපු පාර්ලිමේන්තු මන්ත්‍රී සජින්ද වාස් ගුණවර්ධනට අද (8)   කොළඹ ප්‍රධාන මහේස්ත්‍රාත් අධිකරණය විසින් ඇප ලබා දී තිබේ. රුපියල් කෝටි 61 වත්කමක්‌ උපයා ගත් ආකාරය හෙළිදරව් කිරීමට අපොහොසත් වීමේ චෝදනාව මත අපරාධ පරීක්ෂණ දෙපාර්තමේන්තුව විසින් ජූනි 27 දා අත්අඩංගුවට ගෙන රිමාන්ඩ් කර සිටි ඔහු රුපියල් ලක්ෂ 05 ක මුදල් ඇපයක් …,sin,lankaviews,Lanka Views,fake news,01c8f19f-1137-4720-90c9-972910b42b74,article,MassiveSum
https://www.lankaviews.com/%e0%b6%86%e0%b6%af%e0%b7%9a%e0%b7%81%e0%b6%9a-%e0%b7%83%e0%b7%9a%e0%b7%80%e0%b6%9a%e0%b6%ba%e0%b6%b1%e0%b7%8a-%e0%b7%83%e0%b7%8a%e0%b6%ae%e0%b7%92%e0%b6%bb-%e0%b6%9a%e0%b6%bb%e0%b6%b1-%e0%b6%bd/,,ආදේශක සේවකයන් ස්ථිර කරන ලෙස ඉල්ලා රට පුරා රෝහල් ඉදිරිපිට විරෝධතා,,"Posted on 12.02.2020 by Sithara Sajeewani in දේශීය පුවත් with 0 Comments

සියලු ආදේශක ‌සේවකයන් ස්ථිර කරන ‌ලෙසත්, කණිෂ්ඨ කාර්ය මණ්ඩලය සඳහාද අනතුරු දීමනාවක් ලබා ‌දෙන ‌ලෙසත් සහ ‌රෝහල් ‌සේවකයන්ට ප්‍රවාහන පහසුකම් ලබා ‌දෙන ‌ලෙසත් ඉල්ලමින් ඒකාබද්ධ සෞඛ්‍යය සේවක සංගමය මගින් අද (02) රජයේ රෝහල් 07 ක් ඉදිරිපිටදී විරෝධතා උද්ඝෝෂණ පවත්වා තිබේ.

කෑගල්ල මහ රෝහල, කළුතර නාගොඩ මහ රෝහල, කුලියාපිටිය ශික්ෂණ රෝහල, මහනුවර ජාතික රෝහල, කොළඹ ජාතික රෝහල, දකුණු කොළඹ ශික්ෂණ රෝහල කළුබෝවිල සහ නුවරඑළිය මහ රෝහල යන රෝහල් ඉදිරිපිට මෙම උද්ඝෝෂණ පැවත්වී තිබේ. ආදේශක සෞඛ්‍ය කාර්යය සහයක සේවකයින් දින 180 සම්පූර්ණ කර මාස 09 ක පමණ කාලයක් ගතව තිබුණද ඔවුන්ව ස්ථීර කිරීමට කිසිදු වැඩපිළිවෙළක් ආණ්ඩුව විසින් ගෙන නොතිබීම නිසා මෙම උද්ඝෝෂණ පවත්වන ලදී.

දකුණු කොළඹ ශික්ෂණ රෝහල කළුබෝවිල","සියලු ආදේශක ‌සේවකයන් ස්ථිර කරන ‌ලෙසත්, කණිෂ්ඨ කාර්ය මණ්ඩලය සඳහාද අනතුරු දීමනාවක් ලබා ‌දෙන ‌ලෙසත් සහ ‌රෝහල් ‌සේවකයන්ට ප්‍රවාහන පහසුකම් ලබා ‌දෙන ‌ලෙසත් ඉල්ලමින් ඒකාබද්ධ සෞඛ්‍යය සේවක සංගමය මගින් අද (02) රජයේ රෝහල් 07 ක් ඉදිරිපිටදී විරෝධතා උද්ඝෝෂණ පවත්වා තිබේ. කෑගල්ල මහ රෝහල, කළුතර නාගොඩ මහ රෝහල, කුලියාපිටිය ශික්ෂණ රෝහල, මහනුවර ජාතික රෝහල, කොළඹ ජාතික …",sin,lankaviews,Lanka Views,fake news,3152c5b2-cb30-4b91-923b-5f85f81b0f73,article,MassiveSum
https://www.lankaviews.com/%e0%b6%bb%e0%b7%94%e0%b6%b4%e0%b7%92%e0%b6%ba%e0%b6%bd-%e0%b7%80%e0%b7%90%e0%b6%a7%e0%b7%94%e0%b6%ab%e0%b7%9a-%e0%b6%a0%e0%b7%93%e0%b6%b1%e0%b6%ba-%e0%b6%b1%e0%b7%92%e0%b7%83%e0%b7%8f-%e0%b6%bb/,,"රුපියල වැටුණේ චීනය නිසා - රාජිත, ආර්ථික අර්බුදය නිසා - ලක්ෂ්මන් යාපා",,Posted on 09.26.2015 by Nishshanka in දේශීය පුවත් with 0 Comments,ඩොලරයට සාපේක්ෂව රුපියල දිගින් දිගටම අවප‍්‍රමාණය වීම සම්බන්ධයෙන් ආණ්ඩුව එකිනෙකට පරස්පර ප‍්‍රකාශ සිදු කරමින් සිටී. ශ‍්‍රී ලංකා මහ බැංකුව බදාදා නිකුත් කළ විනිමය අනුපාතයන්ට අනුව අමෙරිකානු ඩොලරයක ගැණුම් මිල රුපියල් 138.20ක් වන අතර එහි විකුණුම් මිල රුපියල් 142.93කි. කැබිනට් තීරණ දැනුම් දීම සඳහා පසුගිය 23 වැනිදා පැවැත් වූ මාධ්‍ය හමුවේදී සෞඛ්‍ය ඇමැති හා කැබිනට් ප‍්‍රකාශක …,sin,lankaviews,Lanka Views,fake news,e3533c83-23d2-403d-89d9-e3de044e8286,article,MassiveSum
https://www.lankaviews.com/%e0%b6%a0%e0%b7%93%e0%b6%b1-%e0%b6%86%e0%b6%bb%e0%b6%9a%e0%b7%8a%e0%b7%82%e0%b6%9a-%e0%b6%87%e0%b6%b8%e0%b7%90%e0%b6%ad%e0%b6%ad%e0%b7%92-%e0%b6%a2%e0%b6%b1%e0%b7%8f%e0%b6%b0%e0%b7%92%e0%b6%b4/,,චීන ආරක්ෂක ඇමැති - ජනාධිපති හමුවේ පිට කසාගැනීම්!,,Posted on 03.20.2017 by Chandana Sirimalwatte in දේශීය පුවත් with 0 Comments,රාජ්‍යතාන්ත්‍රික සබදතා සවිමත් කරගැනීම වෙනුවෙන් ලංකාවට පැමිණ සිටින චීන ආරක්ෂක අමාත්‍ය සහ රාජ්‍ය උපදේශක ජෙනරාල් චෑන්ග් වන්ක්වාන් අද(20) පෙරවරුවේ ජනාධිපති නිළ නිවසේදී ජනාධිපති මෛත්‍රිපාල සිරිසේන හමුවිය. ශ්‍රී ලංකාව සහ චීනය අතර තානාපති සබඳතා ආරම්භ කර වසර 60ක් වැනි කාලයක් ගතව ඇති අතර එම සබඳතා තවදුරටත් ශක්තිමත් කර ගැනිම තම රටේ අරමුණ බව ද චීන  ආරක්ෂක …,sin,lankaviews,Lanka Views,fake news,3502bf59-d98e-4a77-85fa-9378bf1f6f7e,article,MassiveSum
https://ceylondaily.com/%e0%b6%85%e0%b6%b1%e0%b7%8f%e0%b6%9c%e0%b6%ad%e0%b6%ba-%e0%b6%af%e0%b6%9a%e0%b7%92%e0%b6%b1-%e0%b6%b8%e0%b7%9c%e0%b6%bb%e0%b6%a7%e0%b7%94%e0%b7%80%e0%b7%9a-%e0%b6%bb%e0%b7%83%e0%b7%8f%e0%b6%ba/,,අනාගතය දකින මොරටුවේ රසායන ඉංජිනේරු සිසුන්,,"Like Love Haha Wow Sad Angry

පසුගියදා පැවති ශිල්ප සේනා නව තාක්ෂණික ප්‍රදර්ශණයට මොරටුව විශ්ව විද්‍යාලයේ රසායන ඉංජිනේරු සිසුන් විසින් නව බලශක්ති හා විද්‍යා විෂය ක්ෂේත්‍ර අලලා ප්‍රදර්ශණ කුටි දෙකක් එක්කර තිබිණ.

එහිදී ඔවුන් ඉදිරිපත් කරන ලද ටයිටේනියම් ඩයොක්සයිඩ් ආදර්ශ කම්හල හා ඇල්ගී ආශ්‍රීතව ජීව ඩීසල් ප්‍රතිකාරකය බොහෝ දෙනාගේ පැසසුමට හා අවධානයට ලක්විය.

පුල්මුඩේ ප්‍රදේශය ආශ්‍රිතව හමුවන මෙරට ජාතික සම්පතක් වන ඉල්මනයිට් නිධියෙන් මනා පල ප්‍රයෝජන ලබා ගත හැකිවන ව්‍යාපෘතියක මූලික සිද්ධාන්ත අධ්‍යයනයක් කළ අවසන් වසර සිසුන් හා ඔවුන්ට සහාය වූ නවක සිසුන් පිරිසක් විසින් ටයිටේනියම් ඩයොක්සයිඩ්, එනම් ඉල්මනයිට් වලින් ලබා ගත හැකි කාර්මික වටිනාකමක් ඇති අමුද්‍රව්‍ය, සකසන කම්හලක ආදර්ශයක් නිර්මාණය කර ප්‍රදර්ශනයට පැමිණි මහජනතාවට හා රජයේ නිලධාරීන්ට එවැනි ව්‍යාපෘතියක අගය වටහා දෙන ලදී.

විදෙස් බලශක්ති ප්‍රභව මත මූලිකව යැපෙන ශ්‍රී ලංකා ආර්ථිකයට විදේශ විනිමය ඉතිරි කිරීම හා සුරක්ෂිත බව ලබා දෙන දේශීයව ඩීසල් ආදේශකයක් නිපදවිය හැකි ඇල්ගී ආශ්‍රිත ජීව ඉන්ධන ප්‍රතිකාරකයක්ද ඔවුන් විසින් ප්‍රදර්ශනය කරන ලදී.

මෙම ව්‍යාපෘතිය සදහා ආයතන ප්‍රධානී මහාචාර්ය ශාන්ත වල්පලගේ මහතා ඇතුලු කාර්ය මණඩලයේ උපදෙස්, සහාය හා අනුග්‍රයහය ලබා දී තිබේ.

Like Love Haha Wow Sad Angry",පසුගියදා පැවති ශිල්ප සේනා නව තාක්ෂණික ප්‍රදර්ශණයට මොරටුව විශ්ව විද්‍යාලයේ රසායන ඉංජිනේරු සිසුන් විසින් නව බලශක්ති හා විද්‍යා විෂය ක්ෂේත්‍ර අලලා ප්‍රදර්ශණ කුටි දෙකක් එක්කර තිබිණ. එහිදී ඔවුන් ඉදිරිපත් කරන ලද ටයිටේනියම් ඩයොක්සයිඩ් ආදර්ශ කම්හල හා ඇල්ගී ආශ්‍රීතව ජීව ඩීසල් ප්‍රතිකාරකය බොහෝ දෙනාගේ පැසසුමට හා අවධානයට ලක්විය. පුල්මුඩේ ප්‍රදේශය ආශ්‍රිතව හමුවන මෙරට ජාතික සම්පතක් වන …,sin,ceylondaily,Ceylon Daily,fake news,3ba8147b-0602-482b-b8cc-cef41ec364c3,article,MassiveSum
https://www.lankaviews.com/%e0%b6%9a%e0%b7%90%e0%b6%a7%e0%b6%bd%e0%b7%9d%e0%b6%b1%e0%b7%92%e0%b6%ba%e0%b7%8f%e0%b7%80%e0%b7%9a-%e0%b7%83%e0%b7%8a%e0%b7%80%e0%b7%8f%e0%b6%b0%e0%b7%93%e0%b6%b1%e0%b6%ad%e0%b7%8a%e0%b7%80-2/,,කැටලෝනියාවේ ස්වාධීනත්වයට යුරෝපා හුවලේ ප්‍රධානි ජුන්කර් කැමැති නැහැ,,"Posted on 10.14.2017 by Nishshanka in විදෙස් පුවත් with 0 Comments

යුරෝපා කොමිසමේ සභාපති ජේන් කලවුඩ් ජුන්කර් කැටලෝනියාව ස්වාධීනත්වය ප්‍රකාශයට පත්කිරීම පිළිබදව අදහස් දක්වමින් ස්පාඤ්ඤයෙන් වෙන්වීම තමන් අනුමත නොකරන බව පවසා ඇත. එසේ ස්වාධීනත්වය ප්‍රකාශ කිරීම අනුමත කළහොත් එය ආදර්ශයට ගනිමින් තවත් රටවල් එම මාර්ගයේ යනු ඇතැයි හෙතෙම අදහස් පළකර ඇත.

ඔහු එසේ අදහස් දක්වා ඇත්තේ ඊයේ ලක්සම්බර්ග් සරසවි සිසුන් හමුවේ පවත්වන ලද දේශනයකදීය. මේ වන විට මතුව ඇති ස්පාඤ්ඤ දේශපාලන අර්බුදයට මැදිහත් වන්නට තමාට හැකියාවක් නැතැයිද පවසා ඇත.

ස්පාඤ්ඤ අගමැතිවරයා විසින් තමාගෙන් කැටලෝනියාව ස්වාධීනව කටයුතු කිරීම ආරම්භ කළහොත් යුරෝපා සංගමයෙන් ඉවත් කළයුතු බවට අදහස් පළ කර ඇත. මේ පිළිබදව ජුන්කර් පවසා ඇත්තේ එය ස්පාඤ්ඤය විසින් විසදාගතයුතු ප්‍රශ්නයක් බවයි.",යුරෝපා කොමිසමේ සභාපති ජේන් කලවුඩ් ජුන්කර් කැටලෝනියාව ස්වාධීනත්වය ප්‍රකාශයට පත්කිරීම පිළිබදව අදහස් දක්වමින් ස්පාඤ්ඤයෙන් වෙන්වීම තමන් අනුමත නොකරන බව පවසා ඇත. එසේ ස්වාධීනත්වය ප්‍රකාශ කිරීම අනුමත කළහොත් එය ආදර්ශයට ගනිමින් තවත් රටවල් එම මාර්ගයේ යනු ඇතැයි හෙතෙම අදහස් පළකර ඇත. ඔහු එසේ අදහස් දක්වා ඇත්තේ ඊයේ ලක්සම්බර්ග් සරසවි සිසුන් හමුවේ පවත්වන ලද දේශනයකදීය. මේ වන …,sin,lankaviews,Lanka Views,fake news,204f4235-5bea-42ed-b4d5-8fb2bd4c88c3,article,MassiveSum
https://www.lankaviews.com/%e0%b7%80%e0%b7%92%e0%b7%81%e0%b7%8a%e0%b7%80%e0%b7%80%e0%b7%92%e0%b6%af%e0%b7%8a%e2%80%8d%e0%b6%ba%e0%b7%8f%e0%b6%bd-%e0%b7%80%e0%b7%92%e0%b7%80%e0%b7%98%e0%b6%ad-%e0%b6%9a%e0%b6%bb-%e0%b6%af/,,විශ්වවිද්‍යාල විවෘත කර දැනට මතුව ඇති ගැටලුවලට විසඳුම් දෙන්න - අ.වි. ශි. බ. ම. අගමැතිට ලිපියක් යොමුකරයි,,"Posted on 03.27.2021 by Sithara Sajeewani in දේශීය පුවත් with 0 Comments

විශ්වවිද්‍යාල පද්ධතිය තුළ උද්ගතව ඇති මූලික ගැටලු කිහිපයක් පිළිබඳව ආණ්ඩුවේ අවධානය යොමු කරමින් අනතර් විශ්ව විද්‍යාල ශිෂ්‍ය බල මණ්ඩලය විසින් අද(26) දින අගමැති කාර්යාලයට ලිපියක් භාරදී සාකච්ඡාවක් පවත්වා තිබේ. විශ්වවිද්‍යාලවල පැවති අධ්‍යයන සුබසාධන ගැටලු, ප්‍රතිපාදන කප්පාදුව, මහපොල හා ශිෂ්‍යාධාර ගැටලු, සිසු ජීවිත විනාශ කරන මර්දනය ඇතුළු සියලු ගැටලු වසංගතයේ කඩතුරාවට මුවා වී යටපත් කිරීමට උත්සාහ දරමින් සිටින බව අන්තර් විශ්ව විද්‍යාල ශිෂ්‍ය බල මණ්ඩලය අගමැති කාර්යාලයට භාර දුන් ලිපියේ සඳහන් වේ. වසංගත තත්ත්වය තිබියදීම සමාජයේ සියලු කටයුතු සාමාන්‍ය පරිදි සිදුවන අතර විශ්වවිද්‍යාල වසරක කාලයක් වසා තබා ගනිමින් පවතින ගැටලු වසන් කිරීමේ උත්සාහයක ආණ්ඩුව තවදුරටත් නිරත වෙමින් සිටින බව එම ලිපිය මගින් අවධාරණය කර තිබේ.

එහෙයින් විශ්වවිද්‍යාල සිසුන්ට පවතින ඉතා ඉක්මනින් විසඳුම් අවශ්‍ය පහත ගැටලු කෙරෙහි ඉතා ඉක්මනින් විසඳුම් ලබාදෙන ලෙස අන්තර් විශ්ව විද්‍යාල ශිෂ්‍ය බල මණ්ඩලය ඉල්ලා ඇත.

• විශ්වවිද්‍යාල නැවත ආරම්භ කිරීම හා සිසුන්ගේ සෞඛ්‍යාරක්ෂාව තහවුරු කිරීම. •මහපොල හා ශිෂ්‍යාධාර සම්බන්ධයෙන් පවතින ගැටලු • උපාධි ප්‍රධානෝත්සව සම්බන්ධ ගැටලු •අධ්‍යයන සුබසාධන ගැටලු •රුහුණ, කැලණිය හා අනෙකුත් සරසවිවල සිසුන් මත හෙළා ඇති මර්දනය

අන්තර් විශ්ව විද්‍යාල ශිෂ්‍ය බල මණ්ඩලය අග්‍රාමාත්‍ය කර්යාලයට යොමුකළ ලිපිය පහත දැක්වේ.","විශ්වවිද්‍යාල පද්ධතිය තුළ උද්ගතව ඇති මූලික ගැටලු කිහිපයක් පිළිබඳව ආණ්ඩුවේ අවධානය යොමු කරමින් අනතර් විශ්ව විද්‍යාල ශිෂ්‍ය බල මණ්ඩලය විසින් අද(26) දින අගමැති කාර්යාලයට ලිපියක් භාරදී සාකච්ඡාවක් පවත්වා තිබේ. විශ්වවිද්‍යාලවල පැවති අධ්‍යයන සුබසාධන ගැටලු, ප්‍රතිපාදන කප්පාදුව, මහපොල හා ශිෂ්‍යාධාර ගැටලු, සිසු ජීවිත විනාශ කරන මර්දනය ඇතුළු සියලු ගැටලු වසංගතයේ කඩතුරාවට මුවා වී යටපත් කිරීමට උත්සාහ …",sin,lankaviews,Lanka Views,fake news,633350f4-b089-467d-a543-04e5859cc368,article,MassiveSum
https://www.lankaviews.com/%e0%b6%85%e0%b6%b4%e0%b6%ba%e0%b7%9d%e0%b6%a2%e0%b6%b1%e0%b6%ba%e0%b6%a7-%e0%b6%bd%e0%b6%9a%e0%b7%8a%e0%b7%80%e0%b7%96-17%e0%b7%84%e0%b7%90%e0%b7%80%e0%b7%92%e0%b6%bb%e0%b7%92%e0%b6%af%e0%b7%92/,,අපයෝජනයට ලක්වූ 17හැවිරිදි දැරිය මිය යයි,,"බලංගොඩ, රාවණා කන්ද ප්‍රදේශයේ පදිංචි 17 හැවිරිදි පාසල් සිසුවියක් අමානුෂික ලෙස අපයෝජනය කර සිටිය දී, බලංගොඩ රෝහලට ඇතුළත් කිරිමෙන් පසු ජීවිතක්ෂයට පත්ව තිබේ.

මියගිය දැරියගේ පශ්චාත් මරණ පරීක්ෂණය පසුගියදා (07) සවස සිදුකර ඇති අතර, එහිදී අධිකරණ වෛද්‍යවරයා විසින් දැරියගේ සිරුරේ කොටස් රජයේ රස පරීක්ෂක වෙත යොමු කර එහි වාර්තාවක් ලබා ගන්නා ලෙස දැනුම් දී ඇත.

සිදුවීම සම්බන්ධයෙන් 24 හැවිරිදි බලංගොඩ, සින්නවල, ගයිවත්ත ප්‍රදේශයේ තරුණයෙක් අත්අඩංගුවට ගෙන තිබේ.

උසස් පෙළ සඳහා බලංගොඩ ප්‍රසිද්ධ පාසලක් වෙත ඇතුළත් වීමට තිබු බැවින් අලුත් ඇඳුමක් මැසීමට දී එය ලබා ගැනීමට බලංගොඩ නගරයට ගිය අවස්ථාවේ දී ඇය අතුරුදන්ව තිබේ.

පසුව දෙමාපියන් විසින් පොලීසියට දැරිය අතුරුදන්ව ඇතැයි පැමිණිලි කර ඇති අතර, පසුදින දැරිය සිටින ස්ථානයක් පිළිබඳව ද දෙමාපියන්ට දැනගැනීමට ලැබී ඇත.

ඒ පිළිබඳව පොලීසිය දැනුවත් කළත් ඔවුන් දැරිය ඇති ස්ථානයට නොගිය බැවින් තමා හා තවත් පිරිසක් අදාළ ස්ථානයට ගිය බව මියගිය දැරියගේ පියා පවසයි.

නිවසක ඇඳක් මත තම දියණිය වැතිර සිටි බවත් එහිදී සැකකරු අල්ලා බලංගොඩ පොලීසියට බාර දුන් බවත් පැවසු ඔහු, දැරිය වහාම බලංගොඩ රෝහල වෙත ඇතුළත් කළ බවද ඔහු පවසා ඇත.

සිදුවීම සම්බන්ධයෙන් අත්අඩංගුවට ගත් සැකකරු මේ මස 22 වන දා තෙක් රක්ෂිත බන්ධනාගාර ගත කර තිබේ.","බලංගොඩ, රාවණා කන්ද ප්‍රදේශයේ පදිංචි 17 හැවිරිදි පාසල් සිසුවියක් අමානුෂික ලෙස අපයෝජනය කර සිටිය දී, බලංගොඩ රෝහලට ඇතුළත් කිරිමෙන් පසු ජීවිතක්ෂයට පත්ව තිබේ. මියගිය දැරියගේ පශ්චාත් මරණ පරීක්ෂණය පසුගියදා (07) සවස සිදුකර ඇති අතර, එහිදී අධිකරණ වෛද්‍යවරයා විසින් දැරියගේ සිරුරේ කොටස් රජයේ රස පරීක්ෂක වෙත යොමු කර එහි වාර්තාවක් ලබා ගන්නා ලෙස දැනුම් දී ඇත. …",sin,lankaviews,Lanka Views,fake news,1b3c8972-d96e-4dfe-8be4-b8d00dd7e3f2,article,MassiveSum
https://www.lankaviews.com/%e0%b6%85%e0%b6%bb%e0%b7%94%e0%b7%80%e0%b6%9a%e0%b7%8a%e0%b6%9a%e0%b7%8f%e0%b6%a9%e0%b7%94-%e0%b6%9c%e0%b7%90%e0%b6%b1-%e0%b6%ad%e0%b7%93%e0%b6%bb%e0%b6%ab%e0%b6%ba%e0%b6%9a%e0%b7%8a-%e0%b6%9c/,,"අරුවක්කාඩු ගැන තීරණයක් ගත යුත්තේ ජනාධිපති, අගමැති - පාඨලී චම්පික",,"Posted on 03.29.2019 by Sithara Sajeewani in දේශීය පුවත් with 0 Comments

තමන්ගේ වගකීම අවසන්ව ඇති හෙයින් අරුවක්කාඩු කසළ අංගනය ගැන තීරණයක් ගත යුත්තේ ජනාධිපතිවරයා සහ අගමැතිවරයා බව මෙගා පොලිස් අමාත්‍ය පාඨලී චම්පික රණවක පවසයි. පාර්ලිමේන්තුවේ පැවති වැය ශීර්ෂ විවාදයට එක්වෙමින් ඔහු පවසා තිබුණේ ජනාධිපති, අගමැති සහ විපක්ෂ නායක අරුවක්කාඩු, ජාතික ප්‍රශ්නයක් ලෙස සිතා බැලිය යුතු බවයි.

තමන්ට පැවරී තිබුනේ කසළ අංගනය ඉදිකිරීමේ වගකීම බවත් තමන් එය අවසන් කර ඇති බැවින් එය ක්‍රියාකරවීම දේශපාලන තීන්දුවක් බවයි පාඨලී චම්පික පවසන්නේ.

ඔහු වැඩිදුරටත් පවසා තිබුනේ ” කසළ අංගනය තියෙන්නේ පුත්තලමේ නෙමෙයි. වනාතවිල්ලුව ප්‍රදේශයේ. වනාතවිල්ලුව ප්‍රදේශයේ කවුරුවත් මේකට විරුද්ධ නැහැ. කසළ අංගනයට විරුද්ධ වෙන පිරිසට දේශපාලන න්‍යායපත්‍රයක් තිබෙන බව පැහැදිලියි”","තමන්ගේ වගකීම අවසන්ව ඇති හෙයින් අරුවක්කාඩු කසළ අංගනය ගැන තීරණයක් ගත යුත්තේ ජනාධිපතිවරයා සහ අගමැතිවරයා බව මෙගා පොලිස් අමාත්‍ය පාඨලී චම්පික රණවක පවසයි. පාර්ලිමේන්තුවේ පැවති වැය ශීර්ෂ විවාදයට එක්වෙමින් ඔහු පවසා තිබුණේ ජනාධිපති, අගමැති සහ විපක්ෂ නායක අරුවක්කාඩු, ජාතික ප්‍රශ්නයක් ලෙස සිතා බැලිය යුතු බවයි. තමන්ට පැවරී තිබුනේ කසළ අංගනය ඉදිකිරීමේ වගකීම බවත් තමන් එය …",sin,lankaviews,Lanka Views,fake news,54bc8f68-3d47-4d1b-928f-f00b31a68c6a,article,MassiveSum
https://www.lankaviews.com/iusf-wirites-to-new-minister-regarding-saitm-problem/,,සයිටම් ගැටලුව ගැන අන්තරෙන් නව උසස් අධ්‍යාපන ඇමතිට ලිපියක්,,"Posted on 05.08.2018 by Chandana Sirimalwatte in දේශීය පුවත් with 0 Comments

සයිටම් ගැටළුවට හා කොතලාවල විද්‍යාලය වෙත ගෙනා පනත සම්බන්ධයෙන් ඊයේ (07) දින නව උසස් අධ්‍යාපන ඇමති විජයදාස රාජපක්ෂට අන්තර් විශ්වවිද්‍යාල බල මණ්ඩලය විසින් ලිපියක් භාර දී අැත.

ඔවුන් මෙලෙස ලිපියක් නැවතත් භාර දී තිබෙන්නේ කලින් ලබා දුන් ලිපි වලට ආණ්ඩුව කිසිම ප්‍රතිචාරයක් නොදැක්වූ නිසා බව අන්තර් විශ්වවිද්‍යාල බල මණ්ඩලය පවසයි. තවම සයිටම් ගැටළුවට අදාළ විසදුම් ආණ්ඩුව විසින් ලබා නොදුන් බවද ඔවුහු පවසති.

අන්තර් විශ්වවිද්‍යාල බල මණ්ඩලය මෙම ලිපිය භාර දී තිබෙන්නේ කරුණු දෙකක් අවධාරනය කරමිනි. ඒනම් සයිටම් ගැටළුවට අදාළව විසදුම් ලබා දිය යුතු බවත් කොතලාවල අාරක්ෂක විද්‍යා පීඨය සම්බන්ධව ගෙනා පනතට හා අධ්‍යාපන විකිණිමේ ආණ්ඩුවේ සමස්ත වැඩපිළිවෙළට එරෙහිව ඉදිරියේ දී උද්ඝෝෂණ ක්‍රියාමාර්ග ප්‍රමාණයක් ගන්නා බවත් අැමතිවරයාට දන්වා තිබේ.",සයිටම් ගැටළුවට හා කොතලාවල විද්‍යාලය වෙත ගෙනා පනත සම්බන්ධයෙන් ඊයේ (07) දින නව උසස් අධ්‍යාපන ඇමති විජයදාස රාජපක්ෂට අන්තර් විශ්වවිද්‍යාල බල මණ්ඩලය විසින් ලිපියක් භාර දී අැත. ඔවුන් මෙලෙස ලිපියක්  නැවතත් භාර දී තිබෙන්නේ කලින් ලබා දුන් ලිපි වලට ආණ්ඩුව කිසිම ප්‍රතිචාරයක් නොදැක්වූ නිසා බව අන්තර් විශ්වවිද්‍යාල බල මණ්ඩලය  පවසයි. තවම සයිටම් ගැටළුවට අදාළ විසදුම් …,sin,lankaviews,Lanka Views,fake news,a0335508-9dba-48f5-b4aa-070695c6737a,article,MassiveSum
https://www.lankaviews.com/dengue-spreading-risk-again/,,වර්ෂා කාලයේ ඩෙංගු යළි පැතිරීමේ අවදානමක් - මල්පැනි බොන මදුරුවා සිංදුවක් විතරයි!,,"Posted on 09.08.2017 by Chandana Sirimalwatte in දේශීය පුවත් with 0 Comments

ඊසාන දිග මෝසම් වර්ෂාව සමග වර්ෂාව ව්‍යාප්ත වෙමින් පවතින දිස්ත්‍රික්කවලින් පටන් ගෙන රටපුරා යළිත් ඩෙංගු රෝගය පැතිර යාමේ අවදානමක් මතුව ඇති බව සෞඛ්‍ය අංශ වාර්තා කරයි.

මේ අතර පසුගිය කාලය තුළ සතියකට වාර්තා වූ 10,000ක් පමණ වූ ඩෙංගු රෝගීන්ගේ සංඛ්‍යාව මේ වනවිට 1500 දක්වා අඩු වී ඇතැයි ඩෙංගු මර්දන වැඩසටහන සඳහන් කරයි. පසුගිය කාලයේ ඩෙංගු මර්දනය සඳහා ජනාධිපති කාර්ය සාධක බළකාය, ත්‍රිවිධ හමුදාව, ‍පොලීසිය, ප්‍රජා සෞඛ්‍ය කණ්ඩායම් යොදවා තිබුනු අතර වැටලීම්, දඩ ගැසීම් හැර මදුරු ව්‍යාප්තිය පාලනය කිරීමේ විධිමත් සැලැස්මක් නොතිබිණි.

වත්මන් ජනාදිපතිවරයා සෞඛ්‍ය ඇමතිව සිටි කාලයේදී කියුබානු බැක්ටිරියාවක් ආනයනය කිරිම ගැන සැලසුම් ප්‍රකාහයට පත් වුවද එය ක්‍රියාවට නැගුනේ නැත. ඉන්පසුව විවිධ කාලවල විවිධ යෝජනා ගෙන එන නමුත් ඩෙංගු තුරන් කිරිමේ නිශ්චිත ප්‍රතිපත්තියක් හෝ වැඩපිලිවෙළක් ආණ්ඩුවට නැත. විද්වත් අදහස් විමසමින් ක්‍රියාකාරි වැඩසටහනක් සදහා වත්මන් සෞඛ්‍ය ඇමතිවරයාට ගෙන ආ යෝජනා නිශ්ඵල බවට සෞඛ්‍ය ක්ෂේත්‍රෙය් ඇතැම් නිලධාරිහු ප්‍රකාශ කරති. අවසානයේ ‘මල්පැණි බොන“ මදුරුවකු පිළිබද මතයක් ඉදිරිපත් කරමින් සෞඛ්‍ය ඇමතිවරයා බාල ජනප්‍රියතාවක් උපයාගන්නට උත්සාහ කළද එහි අදහස ලවා වැරදියට ප්‍රකාහයට පත්කිරිමක් සිදු වූ බව අදාල සංකල්පය පිළිබද වැටහීමක් ඇති ජෛව පාලන විශේෂඥයෝ පවසති. එම සැලසුම සම්බන්ධ යෝජනාව ගෙන ආ විද්වතුන්ට ඒ සදහා අවශ්‍ය අරමුදල් හා පර්යේෂණ සහාය ලබා දී නැති බව හෙළිව තිබේ.

පවතින කාලගුණික තත්වයන් නිසා කොළඹ, ගම්පහ, යාපනය, කළුතර, කුරුණෑගල, පුත්තලම, රත්නපුරය, කෑගල්ල, ගාල්ල, මාතර, මඩකලපුව, ත්‍රිකුණාමලය, කල්මුණේ සහ මහනුවර යන දිස්ත්‍රික්කවල ඩෙංගු රෝගීන් වැඩිවීමේ අවදානමක් ඇතැයි ඩෙංගු මර්දන වැඩසටහනේ අධ්‍යක්ෂ වෛද්‍ය හසිත තිසේරා ජනමාධ්‍ය වෙත ප්‍රකාශ කර තිබිණි..","ඊසාන දිග මෝසම් වර්ෂාව සමග වර්ෂාව ව්‍යාප්ත වෙමින් පවතින දිස්ත්‍රික්කවලින් පටන් ගෙන රටපුරා යළිත් ඩෙංගු රෝගය පැතිර යාමේ අවදානමක් මතුව ඇති බව සෞඛ්‍ය අංශ වාර්තා කරයි. මේ අතර පසුගිය කාලය තුළ සතියකට වාර්තා වූ 10,000ක් පමණ වූ ඩෙංගු රෝගීන්ගේ සංඛ්‍යාව මේ වනවිට 1500 දක්වා අඩු වී ඇතැයි ඩෙංගු මර්දන වැඩසටහන සඳහන් කරයි. පසුගිය කාලයේ ඩෙංගු …",sin,lankaviews,Lanka Views,fake news,52552d10-6c48-4c8e-8f4c-a314b712f749,article,MassiveSum
https://www.lankaviews.com/the-martian-2015/,,The Martian (2015),,Posted on 07.14.2016 by Sampath in සලරූ with 0 Comments,2015 වසරේ අග භාගයේදී සිනමා ශාලාවට සම්ප්‍රාප්ත වුණු තවත් අපූරු විදයා ප්‍රබන්ධයක් තමයි The Martian  චිත්‍රපටය. සිනමා අගයන් ඇතුළත එහෙමත් නැත්නම් IMDB අගයන් තුළ 8.4ක් තරම් ඉහළ අගයක් දිනා ගැනීමට සමත් වුණු මේ සිනමා නිර්මාණය අගහරු ගවේශනයේ තවත් පැතිකඩක් සම්බන්ධයෙන් තොරතුරු ඉදිරිපත් කරමින් නිර්මාණය වූවක්. මේ චිත්‍රපටයේ මූලික අවස්ථාව නවකතාවක්. ඒ කියන්නේ මෙය මුලින්ම විද්‍යා …,sin,lankaviews,Lanka Views,fake news,9ffd31b9-554b-4caf-ba99-80fbb0cc92b4,article,MassiveSum
https://www.lankaviews.com/mannar-mass-grave-bones-sent-to-carbon-identification/,,මන්නාරම් සමූහ මිනීවළේ සිරුරු 60ක කොටස් අතර වැඩිහිටියකුගේ සහ දරුවකුගේ අස්ථි හමුවේ !,,"Posted on 07.30.2018 by Chandana Sirimalwatte in දේශීය පුවත් with 0 Comments

සමූහ මිනිවලක් ලෙස හදුනාගෙන ඇති මන්නාරම, පැරණි සතොස ගොඩනැඟිල්ල පැවති ස්ථානයෙන් හමුවු අස්ථි කොටස් අතර අද(30) දරුවෙකුගේ හා වැඩිහිටියකුගේ අස්ථි කොටස් එකම ස්ථානයක තිබි හමු වී තිබේ.

මෙම සමූහ මිනීවලෙන් මේ වනවිට මිනිස් සිරුරු 60 කට අයත්වන බවට සළකනු ලබන අස්ථි කොටස් හමුවි ඇති බව පරීක්ෂණ මෙහෙයවන විශේෂඥ අධිකරණ වෛද්‍ය නිළධාරී එස්.රාජපක්ෂ පවසයි. ඔහු පැවසූවේ අද දිනයේ සිදුකළ පරීක්ෂණවලදී කුඩා දරුවකුගේ සහ ඒ ආසන්නයේම තවත් වැඩිහිටි පුද්ගලයෙකුගේ මිනිස් අස්ථි කොටස් හමුවි ඇති බවයි. හමුවූ අස්ථි කොටස් දරුවෙකුගේ හා මවකගේ විය හැකි වුවද ඒ සම්බන්ධයෙන් ‍නිශ්චිතව ප්‍රකාශ කළ නොහැකි නමුත් බවද ‍හෙතෙම පැවසුවේය. කැනීම් මඟින් ඉවත් කර ගැනීමට හැකිවි වූ අස්ථි කොටස් අතුරින් මිනිස් සිරුරු 40 කට අදාළ කොටස් කැලිෆෝනියාවේ පිහිටි කාබන් පරීක්ෂා කිරීමේ රසායනාගාර වෙත යොමු කිරීමට අධිකරණ අමාත්‍යාංශය හරහා ඉල්ලීම් කොට ඇති බවද අධිකරණ වෛද්‍ය නිලධාරියා පවසයි.","සමූහ මිනිවලක් ලෙස හදුනාගෙන ඇති මන්නාරම, පැරණි සතොස ගොඩනැඟිල්ල පැවති ස්ථානයෙන් හමුවු අස්ථි කොටස් අතර අද(30) දරුවෙකුගේ හා වැඩිහිටියකුගේ අස්ථි කොටස් එකම ස්ථානයක තිබි හමු වී තිබේ. මෙම සමූහ මිනීවලෙන් මේ වනවිට මිනිස් සිරුරු 60 කට අයත්වන බවට සළකනු ලබන අස්ථි කොටස් හමුවි ඇති බව පරීක්ෂණ මෙහෙයවන විශේෂඥ අධිකරණ වෛද්‍ය නිළධාරී එස්.රාජපක්ෂ පවසයි. ඔහු පැවසූවේ අද …",sin,lankaviews,Lanka Views,fake news,8d93bb1b-0115-45a0-8391-2e37a2b0f99c,article,MassiveSum
https://ceylondaily.com/%e0%b6%bd%e0%b6%9a%e0%b7%8a%e0%b7%82%e0%b6%b4%e0%b7%8f%e0%b6%b1-%e0%b6%9a%e0%b7%90%e0%b6%b1%e0%b7%92%e0%b6%ba%e0%b7%9c%e0%b6%b1%e0%b7%8a-%e0%b7%84%e0%b7%8f-%e0%b6%9a%e0%b7%9c%e0%b6%ad%e0%b7%8a/,,"ලක්ෂපාන, කැනියොන් හා කොත්මලේ වාන්දොරටු විවෘත කෙරේ",,"Like Love Haha Wow Sad Angry

මධ්‍යම කඳුකරයේ බටහිර බැවුම්වල පිහිටි ජල පෝෂක ප්‍රදේශවලට ඇද හැලුණු අධික වර්ෂාවත් සමඟ ජලාශ රැසක වාන් දොරටු විවෘත කර ඇති බව ආපදා කළමනාකරණ මධ්‍යස්ථානය පවසයි.

ලක්ෂපාන ජලාශයේ වාන් දොරටු දෙකක් , කැනියොන් ජලාශයේ එක් වාන් දොරටුවක් සහ ඉහළ කොත්මලේ වාන් දොරටු තුනක් විවෘත කර ඇති අතර විමලසුරේන්ද්‍ර ජලාශය වාන් දැමීම ආරම්භ කර ඇත.

මේ හේතුවෙන් කැලණි ගගේ ජල මට්ටම තරමක් ඉහළ ගොස් ඇති බව අපදා කළමනාකරණ මධ්‍යස්ථානය පැවසීය.

Like Love Haha Wow Sad Angry","මධ්‍යම කඳුකරයේ බටහිර බැවුම්වල පිහිටි ජල පෝෂක ප්‍රදේශවලට ඇද හැලුණු අධික වර්ෂාවත් සමඟ ජලාශ රැසක වාන් දොරටු විවෘත කර ඇති බව ආපදා කළමනාකරණ මධ්‍යස්ථානය පවසයි. ලක්ෂපාන ජලාශයේ වාන් දොරටු දෙකක් , කැනියොන් ජලාශයේ එක් වාන් දොරටුවක් සහ ඉහළ කොත්මලේ වාන් දොරටු තුනක් විවෘත කර ඇති අතර විමලසුරේන්ද්‍ර ජලාශය වාන් දැමීම ආරම්භ කර ඇත. මේ හේතුවෙන් …",sin,ceylondaily,Ceylon Daily,fake news,906cff88-426c-47f9-a451-fd586a4be9cf,article,MassiveSum
https://www.lankaviews.com/%e0%b6%a2%e0%b6%b1%e0%b7%8f%e0%b6%b0%e0%b7%92%e0%b6%b4%e0%b6%ad%e0%b7%92%e0%b7%80%e0%b6%bb%e0%b6%ab%e0%b6%ba-%e0%b6%85%e0%b7%80%e0%b7%83%e0%b6%b1%e0%b7%8a%e0%b7%80%e0%b7%96-%e0%b7%80%e0%b7%92%e0%b6%9c/,,ජනාධිපතිවරණය අවසන්වූ විගස MCC අත්සන් කරනවා - ඇමරිකානු තානාපති කාර්යාලය,,"Posted on 11.08.2019 by Sithara Sajeewani in දේශීය පුවත් with 0 Comments

ජනාධිපතිවරණය අවසන් වූ විගස මිලේනියම් චැලේන්ජ් කෝපරේෂන් (MCC) ගිවිසුම අත්සන් කිරීමට නියමිත බව ලංකාවේ ඇමරිකානු තානාපති කාර්යාලය පවසයි. එසේම ඒ සඳහා පාර්ලිමේන්තු අනුමැතිය ලබා ගැනීමටද අදහස් කරන බව තානාපති කාර්යාලය පවසා තිබේ.

ඇමරිකානු තානාපති කාර්යාලය වැඩිදුරටත් පවසන්නේ මෙම ගිවිසුම නිරීක්ෂණය කිරීමට පාර්ලිමේන්තුවට අවස්ථාව ලැබී ඇති බවයි.

MCC ගිවිසුම දැනට කෙටුම්පත්වී ඇති අතර ඊට MCC ආයතනයේ යුරෝපා හා ආසියානු කලාපයේ උප සභාපති ෆාතිමා සුවර් සහ ලංකාව වෙනුවෙන් මුදල් ඇමති මංගල සමරවීර ගිවිසුමට අත්සන් තැබීමට නියමිතව සිටින බව වාර්තා වේ.",ජනාධිපතිවරණය අවසන් වූ විගස මිලේනියම් චැලේන්ජ් කෝපරේෂන් (MCC) ගිවිසුම අත්සන් කිරීමට නියමිත බව ලංකාවේ ඇමරිකානු තානාපති කාර්යාලය පවසයි. එසේම ඒ සඳහා පාර්ලිමේන්තු අනුමැතිය ලබා ගැනීමටද අදහස් කරන බව තානාපති කාර්යාලය පවසා තිබේ. ඇමරිකානු තානාපති කාර්යාලය වැඩිදුරටත් පවසන්නේ මෙම ගිවිසුම නිරීක්ෂණය කිරීමට පාර්ලිමේන්තුවට අවස්ථාව ලැබී ඇති බවයි. MCC ගිවිසුම දැනට කෙටුම්පත්වී ඇති අතර ඊට MCC ආයතනයේ …,sin,lankaviews,Lanka Views,fake news,22950a76-4509-475c-b290-86970ea17285,article,MassiveSum
https://www.lankaviews.com/__trashed-3/,,රටේ ව්‍යවස්ථාව අනුව පළාත් සභා මැතිවරණය පැවැත්විය යුතුයි - මැතිවරණ කොමිසමේ සභාපති,,"Posted on 01.13.2021 by Chandana Sirimalwatte in දේශීය පුවත් with 0 Comments

මෙරට ආණ්ඩු ක්‍රම ව්‍යවස්ථානුකූලව පළාති සභා මැතිවරණ පැවැත්විය යුතු බව මැතිවරණ කොමිසමේ සභාපති නීතිඥ නිමල් පුංචිහේවා පවසයි.

ව්‍යවස්ථාව අනුව පළාත් සභාවට මහජන නියෝජිතයන් පත් කිරීමේ මැතිවරණ පැවැත්විය යුතු බව ඔහු පෙන්වා දී ඇත.

ඔහු වැඩිදුරටත් පවසා ඇත්තේ “පළාත් සභා රටට අනවශ්‍ය වියදමක්, නාස්තියක් කියලා සමහර පාර්ශ්ව කියනවා. කොහොම වුණත් පළාත් සභා මන්ත්‍රිවරුන්ට වියදම් කෙරෙන මුදල පළාත් සභාවල මුලු වියදමෙන් 0.3ක් විතරයි.” යනුවෙනි.

විවිධ ක්ෂේත්‍රවලට අදාළ පුලුල් භූමිකාවක් පළාත් සභාවලින් ක්‍රියාත්මක වන බවද මැතිවරණ කොමිසමේ සභාපතිවරයා පවසා ඇත.","මෙරට ආණ්ඩු ක්‍රම ව්‍යවස්ථානුකූලව පළාති සභා මැතිවරණ පැවැත්විය යුතු බව මැතිවරණ කොමිසමේ සභාපති නීතිඥ නිමල් පුංචිහේවා පවසයි. ව්‍යවස්ථාව අනුව පළාත් සභාවට මහජන නියෝජිතයන් පත් කිරීමේ මැතිවරණ පැවැත්විය යුතු බව ඔහු පෙන්වා දී ඇත. ඔහු වැඩිදුරටත් පවසා ඇත්තේ “පළාත් සභා රටට අනවශ්‍ය වියදමක්, නාස්තියක් කියලා සමහර පාර්ශ්ව කියනවා. කොහොම වුණත් පළාත් සභා මන්ත්‍රිවරුන්ට වියදම් කෙරෙන මුදල …",sin,lankaviews,Lanka Views,fake news,b27a5e5e-9fe3-4757-9b04-8b9dda738d14,article,MassiveSum
https://www.lankaviews.com/%e0%b7%83%e0%b7%92%e0%b7%83%e0%b7%94-%e0%b6%a2%e0%b6%b1-%e0%b6%85%e0%b6%bb%e0%b6%9c%e0%b6%bd%e0%b6%ba%e0%b7%99%e0%b6%b1%e0%b7%8a-%e0%b6%ba%e0%b6%9a%e0%b7%8a%e0%b6%9a%e0%b6%a7%e0%b7%94%e0%b7%80/,,සිසු ජන අරගලයෙන් යක්කටුව පාසල යළි විවෘත කරයි!,,"Posted on 05.14.2019 by Chandana Sirimalwatte in දේශීය පුවත් with 0 Comments

ආණ්ඩුව විසින් වසා දැමීමට තීරණය කරන ලද කරන්දෙණිය යක්කටුව පාසල, යළි විවෘතකර දරුවන්ගේ අධ්‍යාපනයට විවෘත කිරීම ඊයේ(13) සිදු විය.

වසාදැමීම සදහා අධ්‍යාපන බලධාරින් ගෙන තිබුණු තීරණය පාලකයන් විසින්ද අනුමත කර තිබියදී යක්කටුව ප්‍රදේශයේ ජනතාවගේ ඉල්ලීම් අනුව ‘නිදහස් අධ්‍යාපනය උදෙසා සිසු ජන ව්‍යාපාරය‘ මගින් ගෙන ගිය නොනවතින අරගලය හමුවේ මෙම පාසල විවෘත කිරීමට හැකි විය.

වෛද්‍ය උපාධිය මුදලට අලෙවි කිරීමට එරෙහිව අන්තර් විශ්වවිද්‍යාලයීය ශිෂ්‍ය බල මණ්ඩලයේ නායකත්වයෙන් විසින් ගෙන ගිය අරගලයේ ජයග්‍රහණ සමග ‘නිදහස් අධ්‍යාපනය උදෙසා සිසු ජන ව්‍යාපාරය බිහි විය. නිදහස් අධ්‍යාපන අයිතින් වෙනුවෙන් සටන් කරමින් ‘සයිටම් නීති විරෝධී උපාධි ආයතනය‘ විසින් හොර උපාධි පාඨමාලා පැවැත්වීම අහෝසිකරන ලද නමුත් ඉන්පසුව පාසල් අධ්‍යාපනයේ සිට විශ්ව විද්‍යාල අධ්‍යාපනය දක්වා සිසුජන අයිතින් ආරක්ෂා කිරීමේ අරමුණින් නිදහස් අධ්‍යාපනය උදෙසා සිසු ජන ව්‍යාපාරය අරගල කරන ලදී. ගාල්ල, යක්කටුව පාසල සුරැකීමේ අරගලය ජයග්‍රහණය කිරීමද ප්‍රදේශවාසින් සමග නිදහස් අධ්‍යාපනය උදෙසා සිසු ජන ව්‍යාපාරය විසින් ගෙන ගිය දීර්ඝ අරගලයක ජයග්‍රහණයකි.","ආණ්ඩුව විසින් වසා දැමීමට තීරණය කරන ලද කරන්දෙණිය යක්කටුව පාසල, යළි විවෘතකර දරුවන්ගේ අධ්‍යාපනයට විවෘත කිරීම ඊයේ(13) සිදු විය. වසාදැමීම සදහා අධ්‍යාපන බලධාරින් ගෙන තිබුණු තීරණය පාලකයන් විසින්ද අනුමත කර තිබියදී යක්කටුව ප්‍රදේශයේ ජනතාවගේ ඉල්ලීම් අනුව ‘නිදහස් අධ්‍යාපනය උදෙසා සිසු ජන ව්‍යාපාරය‘ මගින් ගෙන ගිය නොනවතින අරගලය හමුවේ මෙම පාසල විවෘත කිරීමට හැකි විය. වෛද්‍ය …",sin,lankaviews,Lanka Views,fake news,02d5dcb8-b6e1-456d-88d3-b2e27c078802,article,MassiveSum
https://www.lankaviews.com/%e0%b6%b8%e0%b6%ad%e0%b6%b7%e0%b7%99%e0%b6%af%e0%b6%ba%e0%b6%a7-%e0%b6%bd%e0%b6%9a%e0%b7%8a%e0%b7%80%e0%b7%96-%e0%b6%af%e0%b6%9a%e0%b7%94%e0%b6%ab%e0%b7%94-%e0%b6%a0%e0%b7%93%e0%b6%b1-%e0%b6%b8/,,මතභෙදයට ලක්වූ දකුණු චීන මුහුදේ දූපතට චීන ප්‍රහාරක යානා ගොඩබාති,,"Posted on 05.20.2018 by Nishshanka in විදෙස් පුවත් with 0 Comments

දකුණු චීන මුහුදේ අර්බූදයට ලක්ව ඇති දූපත් සමූහයට අයත් එක් දූපතක් චීනය විසින් සිය යුද, ආර්ථික කටයුතු සදහා කෘත්‍රිමව ඉදිකරනු ලැබූ ගුවන් ධාවන පථයට ප්‍රථමවරට දිගු දුර යාහැකි බෝම්බ හෙළන ප්‍රහාරක යානා ගොඩබා ඇති බව චීන මාධ්‍ය වාර්තා කරයි.

චීනයේ මෙම නව ප්‍රවේශය සිය යුදමය හැකියාව පිළිබදවත් තම කලාපය තුල එක්සත් ජනපදයට අවශ්‍ය පරිදි කටයුතු කිරීමට චීනය සූදානම් නැති බව අගවන්නකි. විශේෂයෙන් එක්සත් ජනපදය මෙම දූපතේ චීන ගුවන් හමුදා කදවුරක් ඉදිකිරීමට මුල සිටිම විරෝධය පළකරමින් එම දූපත් සමූහයට හිමිකම් කියන අසල්වැසි රටවල් සමග ආරක්ෂක ගිවිසමු අත්සන් කරමින් චීනයට එරෙහිව ආසියා ෆැසිපික් කලාපය තුල එක්සත් ජනපදයේ චීනය කොටු කිරීමේ සැලසුමට එකහෙලාම එල්ලකරන ලද අභියෝගයක්ද වෙයි.

එක්සත් ජනපද දකුණු චීන මුහුදු කළාපයට හිමිකම් කියමින් සිටින රටවල් වන තායිවානය, වියට්නාමය, ජපානය,පිලිපීනය, දකුණු කොරියාව යන රටවල් සමග මෙන්ම ඔස්ටේ්‍රලියාවද සම්බන්ධ කරගනිමින් චීනයට එරෙහි කදවුරක් නිර්මාණය කරමින් තිබේ

චීනයේ මෙම නව පෙළඹුම එක්සත් ජනපදය සමග වන ප්‍රතිවිරෝධයන්ට චීනය දක්වන රළු ප්‍රථිචාරයක් වනු ඇත. එම ගොඩබාන ලද යානයක ගුවන් හමුදා නියමුවකු මෙම සිදුවීම පිළිබදව අදහස් පළකරමින් පවසා ඇත්තේ නියම යුද්ධයද ීචීන ගුවන් හුමදාවේ හැකියාව පරීක්ෂා කිරීමේ අභ්‍යාසයක් ලෙස මෙම දූපතට ප්‍රහාරක යානා බැස්සවී මහජන විමික්ති හමුදාව සලකන බවයි.

එමගින් වක්‍රාකාරයෙන් පවසන්නේ දකුණු මුහුදු කළාපය තුල එක්සත් ජනපදයේ චීනය පාලනය කිරීමේ උවමනාවට සෘජුවම අභියෝග කිරීමකි.","දකුණු චීන මුහුදේ අර්බූදයට ලක්ව ඇති දූපත් සමූහයට අයත් එක් දූපතක් චීනය විසින් සිය යුද, ආර්ථික කටයුතු සදහා කෘත්‍රිමව ඉදිකරනු ලැබූ ගුවන් ධාවන පථයට ප්‍රථමවරට දිගු දුර යාහැකි බෝම්බ හෙළන ප්‍රහාරක යානා ගොඩබා ඇති බව චීන මාධ්‍ය වාර්තා කරයි. චීනයේ මෙම නව ප්‍රවේශය සිය යුදමය හැකියාව පිළිබදවත් තම කලාපය තුල එක්සත් ජනපදයට අවශ්‍ය පරිදි කටයුතු …",sin,lankaviews,Lanka Views,fake news,adae8c8d-238e-47cd-b419-7397c94bb55e,article,MassiveSum
https://www.lankaviews.com/%e0%b6%86%e0%b6%bb%e0%b7%8a%e0%b6%ae%e0%b7%92%e0%b6%9a%e0%b6%ba-%e0%b6%b1%e0%b6%9c%e0%b7%8f-%e0%b7%83%e0%b7%92%e0%b6%a7%e0%b7%94%e0%b7%80%e0%b6%b1%e0%b7%8a%e0%b6%b1-%e0%b7%83%e0%b7%84%e0%b6%ba/,,"ආර්ථිකය නගා සිටුවන්න සහය දෙන්න - ගෝඨා ඇමරිකා, චීන, ජපාන, රුසියා, චීන නියෝජිතයන්ගෙන් ඉල්ලයි",,"Posted on 01.15.2020 by Sithara Sajeewani in දේශීය පුවත් with 0 Comments

තම ධූර කාලය තුළ අපේක්‍ෂිත ප්‍රධානතම කාර්යය බිඳවැටුණු ආර්ථිකය යළි නඟා සිටුවීම බව ජනාධිපති ගෝඨාභය රාජපක්‍ෂ ඊයේ (14) විදෙස් නියෝජිතයෝ හමුවේ පවසා තිබේ.

මෙරට සංචාරයක නිරත ඇමරිකා එක්සත් ජනපදයේ සහකාර රාජ්‍ය ලේකම් ඇලිස් වෙල්ස් , චීන රජයේ විදේශ අමාත්‍ය වැන්ග් යී, රුසියානු විදේශ අමාත්‍ය සර්ගේ ලැව්රොව් සහ ජපාන විදේශ අමාත්‍ය කොසේ යමමතෝ යන අය සමඟ ඊයේ පස්වරුවේ පැවැති සාකච්ඡාවේදී ජනාධිපතිවරයා මේ බව සඳහන්කර ඇත.

ජනාධිපතිවරයා ගෙන යන වැඩපිළිවෙළ අගය කළ එම විදෙස් නියෝජිතයෝ සඳහන් කර සිටියේ රජය ආරම්භ කර තිබෙන ආර්ථික ප්‍රථිසංස්කරණ ක්‍රියාත්මක කිරීමට තම උපරිම සහය ලබාදෙන බවය.

රටේ ජාතික ආරක්‍ෂාව තහවුරු කිරීමට සම්බන්ධයෙන් විදෙස් නියෝජිතයෝ මෙහිදී ජනාධිපතිවරයාට තම ප්‍රශංසාව පළකර තිබූ බව වාර්තා වේ.

එමෙන්ම සෑම ක්‍ෂේත්‍රයක්ම කඩිනමින් සංවර්ධනය කරමින් රට ඉදිරියට ගෙනයාමේ ජනාධිපතිවරයාගේ අපේක්‍ෂාවට පූර්ණ සහය ලබාදෙන බවට ඔවුහු ප්‍රතිඥා දී තිබේ.","තම ධූර කාලය තුළ අපේක්‍ෂිත ප්‍රධානතම කාර්යය බිඳවැටුණු ආර්ථිකය යළි නඟා සිටුවීම බව ජනාධිපති ගෝඨාභය රාජපක්‍ෂ ඊයේ (14) විදෙස් නියෝජිතයෝ හමුවේ පවසා තිබේ. මෙරට සංචාරයක නිරත ඇමරිකා එක්සත් ජනපදයේ සහකාර රාජ්‍ය ලේකම් ඇලිස් වෙල්ස් , චීන රජයේ විදේශ අමාත්‍ය වැන්ග් යී, රුසියානු විදේශ අමාත්‍ය සර්ගේ ලැව්රොව් සහ ජපාන විදේශ අමාත්‍ය කොසේ යමමතෝ යන අය සමඟ …",sin,lankaviews,Lanka Views,fake news,423cce05-c897-4892-96e4-59c704a8b1c6,article,MassiveSum
https://www.lankaviews.com/iubf-fort-piket/,,ශිෂ්‍ය මර්දනයට එරෙහිව කොටුවේ විරෝධතාවක්!,,Posted on 06.27.2017 by Chandana Sirimalwatte in දේශීය පුවත් with 0 Comments,වෛද්‍ය උපාධිය මිල කරන සයිටම් ආයතනයට හා ආන්ඩුව විසින් අධ්‍යාපන අයිතිය වෙළෙද භාණ්ඩයක් කරමින් ගෙන යන පිළිවෙතට විරෝධයේ යෙදුනු ශිෂ්‍යයන් මර්දනය කිරීමට එරෙහිව විරෝධතා ව්‍යාපාරයක් කොළඹ කොටුවේ දුම්රියපල ඉදිරිපිටදී පැවැත්විණි. අන්තර් විශ්ව විද්‍යාලයීය භික්ෂු බලමණ්ඩලයේ මෙම විරෝධතාවයට පොලිසිය විසින් වාරණ නියෝග ගෙන තිබිණි. මහජන සාමයට බාධාවන ලෙස විරෝධතා පැවැත්වීමට අවසර නොදෙන ලෙස පොලිසිය කළ ඉල්ලීමක් …,sin,lankaviews,Lanka Views,fake news,cf5a1fd1-5c5e-4ef7-9c0b-a50487e4f465,article,MassiveSum
https://www.lankaviews.com/%e0%b6%85%e0%b6%b4%e0%b7%8a%e2%80%8d%e0%b6%bb%e0%b7%9a%e0%b6%bd%e0%b7%8a-21-%e0%b7%80%e0%b7%90%e0%b6%b1%e0%b7%92%e0%b6%af%e0%b7%8f-%e0%b6%b4%e0%b7%8a%e2%80%8d%e0%b6%bb%e0%b7%84%e0%b7%8f%e0%b6%bb/,,"අප්‍රේල් 21 වැනිදා ප්‍රහාරය පිළිබද විමර්ශනයට සැකකරුවන් 74ක්, සැකකාරියන් 9ක්!",,"Posted on 05.30.2019 by Chandana Sirimalwatte in දේශීය පුවත් with 0 Comments

අප්‍රේල් මස 21 දින සිදුවු අන්තවාදී මරාගෙන මැරෙන ප්‍රහාරයන් සම්බන්ධයෙන් සිදුකරන පවිමර්ශනවලදී දුරකථන අංක 1800 කට අධික සංඛ්‍යාවක් සම්බන්ධයෙන්ද අත්අඩංගුවට ගත් සැකකරුවන් සැකකරුවන් 83ක් සම්බන්ධයෙන්ද විමර්ශන සිදුවන බව පොලිසිය පවසයි.

ආරක්ෂක තත්ත්වය පිළිබඳ දැනුම් දීමට අද (30) කොළඹ පැවති මාධ්‍ය හමුවේදී මේ බව පැවසුවේ පොලිස් මාධ්‍ය ප්‍රකාශක, පොලිස් අධිකාරී රුවන් ගුණසේකර විසිනි.

අන්තවාදි ප්‍රහාරකයන් විසින් භාවිතා කළ බවට අනාවරණය වූ දුරකථන අංක සහ ඔවුන් හා සබඳතා පැවැත් වු මෙම දුරකථන අංක සම්බන්ධයෙන් අපරාධ පරීක්ෂණ දෙපාර්තමේන්තුව විශ්ලේෂණය කරමින් තිබේ. එසේම බෝම්බ පිපිරීම් සම්බන්ධයෙන් පුද්ගලයන් 66 දෙනෙක් අපරාධ පරීක්ෂණ දෙපාර්තමේන්තුව යටතේද හා පුද්ගලයන් 21 ක් ත්‍රස්ත විමර්ශන කොට්ඨාශය යටතේ ද රඳවා ගෙන විමර්ශන කරන බව ද පොලිසිය පවසයි. මේ සැකකාර පුද්ගලයන් අතර සැකකාරියන් 9 දෙනකුද සිටින බව එහිදී පවසනු ලැබිණි.","අප්‍රේල් මස 21 දින සිදුවු අන්තවාදී මරාගෙන මැරෙන ප්‍රහාරයන් සම්බන්ධයෙන් සිදුකරන පවිමර්ශනවලදී දුරකථන අංක 1800 කට අධික සංඛ්‍යාවක් සම්බන්ධයෙන්ද අත්අඩංගුවට ගත් සැකකරුවන් සැකකරුවන් 83ක් සම්බන්ධයෙන්ද විමර්ශන සිදුවන බව පොලිසිය පවසයි. ආරක්ෂක තත්ත්වය පිළිබඳ දැනුම් දීමට අද (30) කොළඹ පැවති මාධ්‍ය හමුවේදී මේ බව පැවසුවේ පොලිස් මාධ්‍ය ප්‍රකාශක, පොලිස් අධිකාරී රුවන් ගුණසේකර විසිනි. අන්තවාදි ප්‍රහාරකයන් විසින් …",sin,lankaviews,Lanka Views,fake news,bde6b248-ac20-4699-bcee-0ede24a3bd42,article,MassiveSum
https://ceylondaily.com/%e0%b7%84%e0%b7%92%e0%b6%a7%e0%b6%b4%e0%b7%94-spc-%e0%b7%83%e0%b6%b7%e0%b7%8f%e0%b6%b4%e0%b6%ad%e0%b7%92-cid%e0%b6%ba%e0%b6%a7-%e0%b6%b6%e0%b7%8f%e0%b6%bb-%e0%b7%80%e0%b7%99%e0%b6%ba%e0%b7%92/,,හිටපු SPC සභාපති CIDයට බාර වෙයි,,"Like Love Haha Wow Sad Angry

ශ්‍රී ලංකා ඖෂධ නීතිගත සංස්ථාවේ හිටපු සභාපති රූමි මොහොමඩ් මහතා අපරාධ පරීක්ෂණ දෙපාර්තමේන්තුවට පැමින අද උදැසන භාර වී තිබේ.

ඒ මහතා අපරාධ පරීක්ෂණ දෙපාර්තමේන්තුව වෙත භාර වීමෙන් පසු අත්අඩංගුවට ගෙන තිබේ.

Like Love Haha Wow Sad Angry",ශ්‍රී ලංකා ඖෂධ නීතිගත සංස්ථාවේ හිටපු සභාපති රූමි මොහොමඩ් මහතා අපරාධ පරීක්ෂණ දෙපාර්තමේන්තුවට පැමින අද උදැසන භාර වී තිබේ. ඒ මහතා අපරාධ පරීක්ෂණ දෙපාර්තමේන්තුව වෙත භාර වීමෙන් පසු අත්අඩංගුවට ගෙන තිබේ.,sin,ceylondaily,Ceylon Daily,fake news,bee04cf1-7cab-4bde-8797-fd7241d06e4d,article,MassiveSum
https://www.lankaviews.com/%e0%b7%84%e0%b7%92%e0%b6%a7%e0%b6%b4%e0%b7%94-%e0%b6%a0%e0%b7%93%e0%b6%b1-%e0%b6%a2%e0%b6%b1%e0%b7%8f%e0%b6%b0%e0%b7%92%e0%b6%b4%e0%b6%ad%e0%b7%92-%e0%b7%84%e0%b7%94-%e0%b6%a2%e0%b7%92%e0%b6%b1/,,හිටපු චීන ජනාධිපතිගේ කාර්ය මණ්ඩල ප‍්‍රධානියාත් හිරේ දමයි.,,Posted on 07.04.2016 by Nishshanka in විදෙස් පුවත් with 0 Comments,චීනයේ හිටපු ජනාධිපති හූ ජින්තාවෝගේ කාර්ය මණ්ඩල ප‍්‍රධානියා ලෙස වැඩ කටයුතු කළ ලිං ජිහාවුට ජීවිතාන්තය දක්වා සිරදඩුවම් කර ඇතැයි වාර්තාවේ. ඩොලර් මිලියන 11.6 පමණ මුදලක් සිය පුතු හා එක්ව අයථා අන්දමින් උපයාගෙන ඇතැයි යන චෝදනාවක් ලිං ජිහාවූ හට එල්ලවී තිබුනි. ඉතාම රහසිගතව සිදුකරන ලද නඩු විභාගයකින් පසුව මෙම සිර දඩුවම් ලබාදීමට චීනය වත්මන් පාලකයින් කටයුතු …,sin,lankaviews,Lanka Views,fake news,fb6bca8d-a9a4-4439-8414-18a11de109c0,article,MassiveSum
https://www.lankaviews.com/flsp-on-kdu-special-privisions-act/,,කොතලාවල ආරක්ෂක විශ්ව විද්‍යාල පනත අධ්‍යාපනය විකිණීමේ ඉදිරි පියවරක්!,,Posted on 06.29.2018 by Chandana Sirimalwatte in වීඩියෝ පුවත් with 0 Comments,,sin,lankaviews,Lanka Views,fake news,f6cbf911-4d12-4a91-91bb-540ffd1615e8,article,MassiveSum
https://www.lankaviews.com/%e0%b6%b8%e0%b7%99%e0%b6%9a%e0%b7%8a%e0%b7%83%e0%b7%92%e0%b6%9a%e0%b7%9d%e0%b7%80%e0%b7%9a-%e0%b6%9c%e0%b7%94%e0%b6%bb%e0%b7%94-%e0%b7%80%e0%b7%92%e0%b6%bb%e0%b7%9d%e0%b6%b0%e0%b6%ad%e0%b7%8f%e0%b7%80/,,"මෙක්සිකෝවේ ගුරු විරෝධතාවයට වෙඩි, දොළහක් මියයයි",,Posted on 06.21.2016 by Nishshanka in විදෙස් පුවත් with 0 Comments,මෙක්සිකෝවේ ප්‍රධාන ගුරු වෘත්තීය සංගමය වන (සී.එන්.ටී.ඊ) විසින් පවත්වන දැවැත්ත විරෝධතාවයකට එරට පොලීසිය විසින් වෙඩි තැබීම හේතුවෙන් ගුරුවරු 06 දෙනෙකෙු මිය ගොස් තවත් සීයකට ආසන් පිරිසක් තුවාල ලබා ඇතැයි ජාත්‍යන්තර මාධ්‍ය වාර්තා කරයි. ඊයේ සිදුව ඇති මෙම වෙඩි තැබීම හේතුවෙන් දෙපාර්ශවය අතර ඇවිල ගිය ගැටුම හේතුවෙන් පොලිස් නිළධාරීන් කිහිප දෙනෙකුද තුවාල ලබා ඇතැයි වාර්තාවේ. මෙම …,sin,lankaviews,Lanka Views,fake news,5347e585-0bcf-4b4e-8613-ca268545350d,article,MassiveSum
https://www.lankaviews.com/%e0%b6%b8%e0%b7%99%e0%b6%ad%e0%b6%b1%e0%b7%9c%e0%b6%bd%e0%b7%8a-%e0%b7%83%e0%b6%b3%e0%b7%84%e0%b7%8f-%e0%b6%b1%e0%b7%80-%e0%b6%9c%e0%b7%8f%e0%b7%83%e0%b7%8a%e0%b6%ad%e0%b7%94/,,මෙතනොල් සඳහා නව වාර්ෂික ගාස්තුවක්,,"Posted on 08.09.2017 by Awantha Idamegama in දේශීය පුවත් with 0 Comments

මුදල් ආමාත්‍යංශය විසින් රාසයනික නිෂ්පාදන සඳහා භාවිත කරන පානීය නොවන ස්ප්‍රීතු හෙවත් මෙතනොල් නිෂ්පාදනය සහ ආනයනය සඳහා නව වාර්ෂික ගාස්තුවක් ලෙස රු: 50,000ක මුදලක් අය කිරීමට තීරණය කර ඇති බව වාර්තා වේ.

මීට අමතරව ආනයන කිරීමේදී මෙතනොල් ලීටරයක් සඳහා රු: 25ක මුදලක් අය කිරීමටද අමාත්‍යංශය තීරණය කර ඇත. කෙසේ වෙතත් මේ වන තෙක් මත්පැන් සඳහා පමණක් වාර්ෂික ගාස්තු අය කර තිබූ අතර මෙතනොල් සියළු බදු වලින් සහ වාර්ෂික ගාස්තු වලින් නිදහස්ව පැවතුනි.","මුදල් ආමාත්‍යංශය විසින් රාසයනික නිෂ්පාදන සඳහා භාවිත කරන පානීය නොවන ස්ප්‍රීතු හෙවත් මෙතනොල් නිෂ්පාදනය සහ ආනයනය සඳහා නව වාර්ෂික ගාස්තුවක් ලෙස රු: 50,000ක මුදලක් අය කිරීමට තීරණය කර ඇති බව වාර්තා වේ. මීට අමතරව ආනයන කිරීමේදී මෙතනොල් ලීටරයක් සඳහා රු: 25ක මුදලක් අය කිරීමටද අමාත්‍යංශය තීරණය කර ඇත. කෙසේ වෙතත් මේ වන තෙක් මත්පැන් සඳහා පමණක් …",sin,lankaviews,Lanka Views,fake news,387c4ee7-8b0a-48c3-84aa-70b47327eddf,article,MassiveSum
https://ceylondaily.com/%e0%b6%b8%e0%b6%a9%e0%b6%9a%e0%b7%85%e0%b6%b4%e0%b7%94%e0%b7%80-%e0%b6%b4%e0%b6%bd%e0%b7%8f%e0%b6%bd%e0%b7%92-%e0%b6%bb%e0%b6%ad%e0%b7%8a%e0%b6%b8%e0%b6%bd%e0%b7%8f%e0%b6%b1-%e0%b6%9a%e0%b6%bd/,,"මඩකළපුව, පලාලි, රත්මලාන කලාපීය වාණිජ ගුවන් ගමන් සඳහා විවෘත වෙයි",,"Like Love Haha Wow Sad Angry

මඩකළපුව, පලාලි සහ රත්මලාන යන ගුවන්තොටුපළ කලාපීය වාණිජ ගුවන් ගමන් සඳහා විවෘත කර තිබේ.

සිවිල් ගුවන් සේවා අධ්‍යක්ෂ ජනරාල්වරයා නිකුත් කළ අතිවිශේෂ ගැසට් නිවේදනයක සඳහන් ‍වන්නේ කලාපීය වාණිජ ගුවන් ගමන් ක්‍රියාත්මක කිරීම සඳහා දේශීය ගුවන් තොටුපළ විවෘත කිරීමට රජය ගත් තීරණයට අනුව එම වැඩපිළිවෙල ක්‍රියාත්මක කෙරෙන බවයි.

ඒ අනුව මින් ඉදිරියට එම ගුවන් තොටුපළ ගුවන් ගමන් සඳහා මගීන්, ගමන් මලු, භාණ්ඩ සහ තැපෑල ගොඩබෑම සහ පැටවීම සිදුකරන බව සිවිල් ගුවන් සේවා අධිකාරිය සඳහන් කළේය.

මෙතෙක් එම ගුවන් තොටුපළ අභ්‍යන්තර ගුවන් ගමන් සඳහා පමණක් යොදා ගනු ලැබීය.

මින් ඉදිරියට දකුණු ආසියානු කළාපයට අයත් රටවල් එම ගුවන්තොටුපළ වෙත ගුවන් ගමන් වාර ආරම්භ කරනු ඇත.

දැනටමත් ඉන්දියාව ඊට එකඟවී ඇති බවත් සිවිල් ගුවන්සේවා අධිකාරිය පවසයි.

Like Love Haha Wow Sad Angry","මඩකළපුව, පලාලි සහ රත්මලාන යන ගුවන්තොටුපළ කලාපීය වාණිජ ගුවන් ගමන්  සඳහා විවෘත කර තිබේ. සිවිල් ගුවන් සේවා අධ්‍යක්ෂ ජනරාල්වරයා නිකුත් කළ අතිවිශේෂ ගැසට් නිවේදනයක සඳහන් ‍වන්නේ කලාපීය වාණිජ ගුවන් ගමන් ක්‍රියාත්මක කිරීම සඳහා දේශීය ගුවන් තොටුපළ විවෘත කිරීමට රජය ගත් තීරණයට අනුව එම වැඩපිළිවෙල ක්‍රියාත්මක කෙරෙන බවයි. ඒ අනුව මින් ඉදිරියට එම ගුවන් තොටුපළ ගුවන් …",sin,ceylondaily,Ceylon Daily,fake news,03f4e4eb-938a-4f69-b1d4-23b17149a5b7,article,MassiveSum
https://ceylondaily.com/%e0%b6%a0%e0%b7%99%e0%b6%b1%e0%b7%8a%e0%b6%b1%e0%b7%8f%e0%b6%ba%e0%b7%92%e0%b7%84%e0%b7%92-%e0%b7%83%e0%b7%92%e0%b6%a7%e0%b7%92-%e0%b6%ad%e0%b7%80%e0%b6%ad%e0%b7%8a-%e0%b7%81%e0%b7%8a%e2%80%8d/,,චෙන්නායිහි සිටි තවත් ශ්‍රී ලාංකිකයින් 320ක් දිවයිනට,,"Like Love Haha Wow Sad Angry

ශ්‍රී ලාංකික ගුවන් මගීන් 320 දෙනෙකු රැගත් ශ්‍රී ලංකන් ගුවන් සේවයේ විශේෂ ගුවන් යානයක් අද (12) දහවල් ඉන්දියාවේ චෙන්නායි නුවර සිට කටුනායක ගුවන් තොටුපළ වෙත පැමිණ තිබේ.

ඒ, ශ්‍රී ලංකාවට පැමිණීමට නොහැකිව ඉන්දියාවේ චෙන්නායි නුවර රැදී සිටි ශ්‍රී ලාංකිකයන් පිරිසකි.

මෙම ගුවන් මගීන් අතර ගර්භනී කාන්තාවන් ද සිට ඇත.

අනතුරුව මෙම ගුවන් මගීන් පිරිස ශ්‍රී ලංකා යුද හමුදාව විසින්, නීරෝධායන කටයුතු සඳහා නිරෝධායන මධ්‍යස්ථාන වෙත විශේෂ බස් රථ මඟින් රැගෙන ගොස් තිබේ.

Like Love Haha Wow Sad Angry","ශ්‍රී ලාංකික ගුවන් මගීන් 320 දෙනෙකු රැගත් ශ්‍රී ලංකන් ගුවන් සේවයේ විශේෂ ගුවන් යානයක් අද (12) දහවල් ඉන්දියාවේ චෙන්නායි නුවර සිට කටුනායක ගුවන් තොටුපළ වෙත පැමිණ තිබේ. ඒ,  ශ්‍රී ලංකාවට පැමිණීමට නොහැකිව ඉන්දියාවේ චෙන්නායි නුවර රැදී සිටි ශ්‍රී ලාංකිකයන් පිරිසකි. මෙම ගුවන් මගීන් අතර ගර්භනී කාන්තාවන් ද සිට ඇත. අනතුරුව මෙම ගුවන් මගීන් පිරිස ශ්‍රී …",sin,ceylondaily,Ceylon Daily,fake news,8dd0276e-1756-45b0-a97f-542606319bc6,article,MassiveSum
https://www.lankaviews.com/%e0%b6%9a%e0%b7%8a%e2%80%8d%e0%b6%bb%e0%b7%92%e0%b6%9a%e0%b6%a7%e0%b7%8a-%e0%b6%ad%e0%b7%9a%e0%b6%bb%e0%b7%93%e0%b6%b8%e0%b7%8a-%e0%b6%9a%e0%b6%b8%e0%b7%92%e0%b6%a7%e0%b7%94-%e0%b7%83%e0%b6%b7/,,ක්‍රිකට් තේරීම් කමිටු සභාපති ඉල්ලා අස් වේ.,,"Posted on 05.05.2017 by Chandana Sirimalwatte in ක්‍රීඩා පුවත් with 0 Comments

ලංකා ක්‍රිකට් තේරීම් කමිටුවේ සභාපති අරවින්ද ද සිල්වා සිය සභාපති සහ උපදේශක ධූරයන්ගෙන් ඉල්ලා අස්වෙන බව දන්වමින් ලිපියක් ක්‍රිකට් ආයතනයට ලබා දීමට මේ වන විට කටයුතු කර ඇත.

පෞද්ගලික හේතුවක් මත මෙම තීරණයක් ගත් බව ඔහු විසින් සදහන් කර සිටී. කෙසේ වෙතත් පසුගියදා ඔහුගේ අනුදැණුමකින් තොරව ශ්‍රී ලංකා ක්‍රිකට් කණ්ඩායමේ පන්දු යැවීමේ පුහුණුකරු ලෙස හිටපු වේගපන්දු යවන ඇලන් ඩොනල්ඩ් පත් කිරීම හා චැම්පියන්ස් කුසලාන තරගාවලියට අදාළ නිලධාරීන් පත් කිරීම සම්බන්ධව සිය කනස්සල්ල පල කර තිබුණි.

කෙසේවෙතත් මේ වන තෙක් මෙම ඉල්ලා අස්වීම පිළිගැනීම සම්බන්ධව ශ්‍රී ලංකා ක්‍රිකට් ආයතනය විසින් තීරණයක් ගෙන නොමැති බව එම ආයතනය පවසයි.",ලංකා ක්‍රිකට් තේරීම් කමිටුවේ සභාපති අරවින්ද ද සිල්වා සිය සභාපති සහ උපදේශක  ධූරයන්ගෙන් ඉල්ලා අස්වෙන බව දන්වමින් ලිපියක් ක්‍රිකට් ආයතනයට ලබා දීමට මේ වන විට කටයුතු කර ඇත. පෞද්ගලික හේතුවක් මත මෙම තීරණයක් ගත් බව ඔහු විසින් සදහන් කර සිටී. කෙසේ වෙතත් පසුගියදා ඔහුගේ අනුදැණුමකින් තොරව ශ්‍රී ලංකා ක්‍රිකට් කණ්ඩායමේ පන්දු යැවීමේ පුහුණුකරු ලෙස හිටපු …,sin,lankaviews,Lanka Views,fake news,1151c6f5-31d1-43f9-95fa-671419085c07,article,MassiveSum
https://ceylondaily.com/%e0%b6%a0%e0%b7%93%e0%b6%b1%e0%b6%ba-%e0%b6%b4%e0%b7%98%e0%b6%ad%e0%b7%94%e0%b7%80%e0%b7%92-%e0%b6%b1%e0%b7%92%e0%b6%bb%e0%b7%93%e0%b6%9a%e0%b7%8a%e0%b7%82%e0%b6%ab-%e0%b6%a0%e0%b6%b1%e0%b7%8a/,,චීනය පෘතුවි නිරීක්ෂණ චන්ද්‍රිකාවක් සාර්ථකව කක්ෂගත කරයි,,"Like Love Haha Wow Sad Angry

චීනය තවත් පෘතුවි නිරීක්ෂණ චන්ද්‍රිකාවක් සාර්ථකව කක්ෂගත කර තිබේ.

චීන ජාතික අභ්‍යාවකාශ පරිපාලනාධිකාරිය පැවසුවේ එම චන්ද්‍රිකාව Long March-4B රොකට්ටුව ආධාරයෙන් චීනයේ ෂාන්ෂි පළාතේ තයියුවන් චන්ද්‍රිකා කක්ෂගත කිරීමේ මධ්‍යස්ථානයෙන් ඊයේ කක්ෂගත කළ බවයි.

Gaofen-7 ලෙස නම්කර ඇති මෙම චන්ද්‍රිකාවෙන් ලබාගන්නා දත්ත ඉඩම් සමීක්ෂණ, සිතියම්ගත කිරීම සහ නාගරික මෙන්ම ග්‍රාමීය ඉදිකිරීම් ක්ෂේත්‍රයේදී ඉතා වැදගත් වනු ඇත.

Like Love Haha Wow Sad Angry","චීනය තවත් පෘතුවි නිරීක්ෂණ චන්ද්‍රිකාවක් සාර්ථකව කක්ෂගත කර තිබේ. චීන ජාතික අභ්‍යාවකාශ පරිපාලනාධිකාරිය පැවසුවේ එම චන්ද්‍රිකාව Long March-4B රොකට්ටුව ආධාරයෙන් චීනයේ ෂාන්ෂි පළාතේ තයියුවන් චන්ද්‍රිකා කක්ෂගත කිරීමේ මධ්‍යස්ථානයෙන් ඊයේ කක්ෂගත කළ බවයි. Gaofen-7 ලෙස නම්කර ඇති මෙම චන්ද්‍රිකාවෙන් ලබාගන්නා දත්ත ඉඩම් සමීක්ෂණ, සිතියම්ගත කිරීම සහ නාගරික මෙන්ම ග්‍රාමීය ඉදිකිරීම් ක්ෂේත්‍රයේදී ඉතා වැදගත් වනු ඇත.",sin,ceylondaily,Ceylon Daily,fake news,7b8085ff-554e-49ed-a2e9-70c9e3cf9ca5,article,MassiveSum
https://www.lankaviews.com/%e0%b6%b4%e0%b7%9c%e0%b6%bd%e0%b7%92%e0%b7%83%e0%b7%8a-%e0%b6%85%e0%b6%ad%e0%b7%8a%e0%b6%85%e0%b6%a9%e0%b6%82%e0%b6%9c%e0%b7%94%e0%b7%80%e0%b7%9a-%e0%b7%83%e0%b7%92%e0%b6%a7%e0%b7%92-%e0%b6%ad/,,පොලිස් අත්අඩංගුවේ සිටි තරුණයෙකු මිය යයි,,"Posted on 10.13.2020 by Sithara Sajeewani in දේශීය පුවත් with 0 Comments

පූගොඩ පොලීසිය මගින් පසුගිය 11 වැනිදා අත්අඩංගුවට ගෙන රඳවාගෙන සිටි පුද්ගලයෙකු මියගොස් තිබේ. මෙසේ මියගොස් තිබෙන්නේ 21 හැවිරිදි වියේ පසු වූ තරුණයෙකි.

පොලිස් මාධ්‍ය ප්‍රකාශක, නි‍යෝජ්‍ය පොලිස්පති අජිත් රෝහණ පවසා ඇත්තේ අත්අඩංගුවේ පසු වූ අදාල තරුණයා හදිසියේ අසනීප වීම හේතුවෙන් රාගම රෝහලට ඇතුළත් කිරීමෙන් පසු මියගොස් ඇති බවයි.

වැඩබලන පොලිස්පතිවරයාගේ නියෝගය මත මේ සම්බන්ධයෙන් විශේෂ පරීක්ෂණයක් පැවැත්වෙන බවත්, ඒ සඳහා කොළඹ අශ්වාරෝහක කොට්ඨාශය භාර ජ්‍යෙෂ්ඨ පොලිස් අධිකාරීවරයා පත්කර තිබෙන බවත් අජිත් රෝහණ පවසා තිබේ.","පූගොඩ පොලීසිය මගින් පසුගිය 11 වැනිදා අත්අඩංගුවට ගෙන රඳවාගෙන සිටි පුද්ගලයෙකු මියගොස් තිබේ. මෙසේ මියගොස් තිබෙන්නේ 21 හැවිරිදි වියේ පසු වූ තරුණයෙකි. පොලිස් මාධ්‍ය ප්‍රකාශක, නි‍යෝජ්‍ය පොලිස්පති අජිත් රෝහණ පවසා ඇත්තේ අත්අඩංගුවේ පසු වූ අදාල තරුණයා හදිසියේ අසනීප වීම හේතුවෙන් රාගම රෝහලට ඇතුළත් කිරීමෙන් පසු මියගොස් ඇති බවයි. වැඩබලන පොලිස්පතිවරයාගේ නියෝගය මත මේ සම්බන්ධයෙන් විශේෂ …",sin,lankaviews,Lanka Views,fake news,39cfe77b-5158-4f8a-a4ac-1593847e9006,article,MassiveSum
https://ceylondaily.com/%e0%b6%85%e0%b7%80%e0%b7%83%e0%b7%8a%e0%b6%ae%e0%b7%8f%e0%b7%80-%e0%b6%bd%e0%b7%90%e0%b6%b6%e0%b7%94%e0%b6%ab%e0%b7%94-%e0%b6%85%e0%b6%ba-%e0%b6%b1%e0%b7%92%e0%b6%bb%e0%b6%b1%e0%b7%8a%e0%b6%ad/,,අවස්ථාව ලැබුණු අය නිරන්තරයෙන් තමන්ව ඔපදමාගැනීම කළ යුතුයි - දුෂානි නානායක්කාර,,"Like Love Haha Wow Sad Angry

රාජ්‍ය සම්මානයෙන් පිදුම් ලැබීම බොහෝ දෙනෙකුගේ හීනයක්. ඒවැනි හීනයක් සැබෑ කරගන්න පුලුවන් වුණු මාධ්‍යවේදිනියක් තමයි දුෂානි නානායක්කාර.

බොහොම ස්තූතියි සුබපැතුමට. ඇත්තටම හරිම සතුටුයි මේ සම්මානයට නිර්දේශ වූ පළමු අවස්ථාවේම එය හිමිවීම ගැන. ගොඩක් දෙනෙක් කිව්වා නිර්දේශ වූ පළමු අවස්ථාවේම රාජ්‍ය සම්මානයක් ගන්න අමාරුයි කියලා. ඒ නිසා ගොඩක් බලාපොරොත්තු තියාගෙන හිටියෙ නැති වුණත්, හිත කිව්වා මේක මට ලැබෙන්න ඕන කියලා. ඒකට හේතුව දැන් අවුරුදු 9 ක්ම මේ ක්ෂේත්‍රයෙන් ගොඩක් දේවල් ඉගෙන ගනිමින් මං යම් දෙයක් ගොඩනගාගෙන ඉන්න බව මට දැනුණා. හදිසි නොවී හෙමිහිට පියවරෙන් පියවර ආපු ගමනක් නිසා නිහතමානීව සතුටු වෙනවා.

පොඩි කාලෙ ඉඳන්ම හීනයක් තිබුණා මං කවදහරි ප්‍රවෘත්ති නිවේදිකාවක් වෙනවා කියලා. ඒ හීනෙ නිසාම පාසලේ – කැලණිය ගුරුකුල විද්‍යාලයේ මාධ්‍ය ඒකකයට බැඳිලා කටයුතු කළා. ගොඩක් නිවේදන තරගවලට සහභාගී වුණා. අන්තිමට සමස්ත ලංකා නිවේදන තරගයකින් පළමු ස්ථානය ලබාගත්තම සිරස ටීවී ආයතනයේ පුංචි පැංචි වැඩසටහනට අවස්ථාව ලැබුණා. තාත්තා මාව විවිධ රැකියාවලට සම්මුඛ පරීක්ෂණවලට එක්කන් ගියා. තාත්තට බෑ කියන්න බැරිකමට ඒවට ගියාට මං ඒ තැන්වලට ගිහින් කියන්නෙත් මං කැමති ප්‍රවෘත්ති නිවේදිකාවක් වෙන්න කියලයි. ඉතිං මාව සම්මුඛ පරීක්ෂණවලට එක්කන් යන එක තාත්තා නතර කළා ඊට පස්සෙ. ඊටත් පස්සෙ තමයි ෆර්සාන් හෂීම් කියලා මගේ සර් කෙනෙක්ගෙ මාර්ගෙන් මට සිරස නිවුස් ෆස්ට් වෙත සම්බන්ධ වෙන්න ලැබුණේ. විධායක ප්‍රවෘත්ති වාර්තාකාරිණියක් විදියට සම්බන්ධ වෙලා ප්‍රවෘත්ති ඉදිරිපත් කරන්නත් අවස්ථාව හිමි වුණා.

ඇත්තටම ඔව්. පොඩි කාලෙ ඉඳන්ම තිබුණ හීනෙ හැබෑවක් වුණ එකට මං ගොඩක් සතුටින්. මාධ්‍ය ක්ෂේත්‍රයේ කිසිම හඳුනන කෙනෙක් නැතුව රූපවාහිනී තිරය මතට එන්න ලැබීමත් වාසනාවක් කියලයි මං හිතන්නෙ. මේක ගොඩක් අමාරු වෘත්තියක්. මුල ඉඳන්ම එකින් එක ඉගෙනගෙන සංයමයෙන් යන්න ඕන ගමනක්. ඒ ගමන යන අතරතුර ලැබෙන අත්දැකීම්, ප්‍රේක්ෂක ප්‍රතිචාර එක්ක මේ ක්ෂේත්‍රය තෝරගත්ත එක ගැන මං අද ගොඩක් සතුටු වෙනවා.

ඔව්. ගොඩක් දෙනෙක්ට පිටතින් බැලුවම හිතන්නෙ ප්‍රවෘත්ති නිවේදකයෙකුට කරන්න තියෙන්නෙ ප්‍රවෘත්ති ඉදිරිපත් කිරීම විතරයි කියලා. ඒත් ඒක එහෙම නෙමෙයි. මේක ක්‍රියාවලියක්. සාමුහික ක්‍රියාවලියක්. ප්‍රවෘත්තියක් හඳුනාගැනීමේ සිට ජනතාවට ඉදිරිපත් කිරීම දක්වා ලොකු වැඩකොටසක් තියෙනවා. ප්‍රවෘත්ති ඉදිරිපත් කරන අපිත් ඒ සියල්ල කළ යුතුයි. ප්‍රවෘත්තිය හඳුනාගැනීම, අවශ්‍ය දර්ශන සපයාගැනීම, ප්‍රවෘත්තිය ලිවීම, හඬ මුසු කිරීම, සංස්කරණය කිරීම ආදී සියල්ලක් ගැනම අපිට හොඳ අවබෝධයක් තියෙන්න ඕන. තිරයෙන් පිටුපස සිට කරන ඒ සියල්ලටම අපිත් දායක වෙනවා. තෝරාගත් ප්‍රවෘත්තිය හොඳින් අධ්‍යයනය කරලා මිනිස්සුන්ට දැනෙන විදියට ඒක ඉදිරිපත් කරන්න අවබෝධයක් තියෙන්න ඕන. ඒ අවබෝධය දවසෙන් දවස මං ලබාගනිමින් ඉන්නවා. ඒ තුළ තමයි ඔබ කියූ විදියට ප්‍රවෘත්ති තිරය මත ඉඳන් හොඳම ගවේෂණාත්මක පුවත් වාර්තාකරණයට හිමි රාජ්‍ය සම්මානය මට ලබා ගන්න පුළුවන් වුණේ.

ප්‍රවෘත්ති නිවේදකයෙක් හෝ නිවේදිකාවක් වෙන එක ලේසි දෙයක් නෙමෙයි. කෙනෙකුට හිතෙන්න පුළුවන් ලියලා දෙන දෙයක් කියන එක මහ ලොකු අමාරු වැඩක් නෙමෙයි කියලා. ඒත් ඒක වැරදියි. මේක ඉතාමත් වගකීම් සහගත රැකියාවක්. රටේ තොටේ වෙන දේවල් ජනතාව අතරට අරගෙන යන කෙනාට ලොකු වගකීමක් පැවරෙනවා ඒ තොරතුරු නිවැරදිව, නිරවුල්ව ඉදිරිපත් කරන්න. ඒකට අනිවාර්යයෙන්ම හොඳ අවබෝධයක්, දැනුමක් තියෙන්න ඕන. ඒ වගේම තමයි සතතාභ්‍යාසය. ප්‍රවෘත්ති නිවේදකයෙක් නිරන්තරයෙන් පුහුණු වෙන්න ඕන. හඬ පාලනය, ප්‍රියමනාප අයුරින් ඉදිරිපත් කරන විලාසය, අංග චලන, මුහුණේ ඉරියව්. ඒ හැමදෙයක් ගැනම අවබෝධයක් තියෙන්න ඕන වගේම නිරතුරුව පුහුණු වෙන්න ඕන. ඒ වගේමයි හැම ප්‍රවෘත්ති නිවේදකයෙක්ටම හොඳ කියවීමක් තියෙන්න ඕන. මං කියවීම කියලා අදහස් කළේ පොත පත කියවීම වගේම සමාජය කියවීම. ඉතිං මේ දේවල් එකින් එක සපුරගන්න එක ප්‍රවෘත්ති නිවේදකයෙක්ට ඉතාමත් වැදගත් කියලා මං හිතනවා.

මෙහෙමයි… හැම කෙනෙක් ළඟම ඒ නිපුණතා මං දකින්නෙ නැහැ. හැබැයි මේ මං කියපු දේවල් ළඟා කරගන්න පුළුවන් වෙන්නේ අත්දැකීම් තුළ. කෙනෙක් ඉස්සෙල්ලම ප්‍රවෘත්තියක් ඉදිරිපත් කරන දවසයි, ඊට අවුරුද්දකට දෙකකට පසුව දවසකුයි බැලුවම ඒ දෙකේ ලොකු වෙනසක් තියෙනවා. ඒ වෙනසට හේතුව මං අර කියපු අත්දැකීම්. වතුරට නොබැහැ පීනන්න ඉගෙනගන්න බැහැ කියනවා වගේ, කොච්චර අපි මේ දේවල් ඉගෙනගෙන ආවත් පළමු වතාවට ප්‍රවෘත්ති මැදිරියේදි කැමරාවට මුහුණ දෙනකොට චකිතයක් තියෙනවා. ඒ චකිතයත් එක්ක සමහර වෙලාවට අර අපි ඉගෙනගත්ත හැමදේම ඒ වෙලාවට අමතක වෙන්න පුළුවන්. ඒත් අපි ඒකට හුරු වෙනකොට අපිට අපේ අඩුපාඩු හදාගන්න පුළුවන් වෙනවා. වසර 9ක් ප්‍රවෘත්ති නිවේදිකාවක් ලෙස ඉඳලත් තවමත් ප්‍රවෘත්ති මැදිරියේ කැමරාව ඉස්සරහ ප්‍රවෘත්ති ඉදිරිපත් කරනකොට අලුත් වගේ හැඟීමක් දැනෙනවා. ඒ හැඟීම ගැන කියන්න තේරෙන්නෙ නැහැ. ඒ නිසා මමනම් හිතන්නෙ අපි අලුත් මුහුණුවලට පුවත් තිරයේ අවස්ථාව දෙන්න ඕන – ඒ ලැබුණු අවස්ථාවෙන් උපරිම ප්‍රයෝජන අරගෙන අර මං කළින් සඳහන් කළ නිපුණතා තමන් තුළ ගොඩනගාගන්න හැම අලුත් නිවේදකයෙක්, නිවේදිකාවක්ම මහන්සි වෙන්න ඕන. අපිත් අද මේ තැන ඉන්නෙ අපේ ජ්‍යේෂ්ඨයින් අපිට අවස්ථාව දුන්නු නිසයි. ඒ වගේම අපිත් තව අලුත් මුහුණුවලට තිරයේ අවස්ථාව දෙන්න ඕන. ඒ අවස්ථාව ලැබුණු අය නිරන්තරයෙන් තමන්ව ඔපදමාගැනීමේ කටයුතු කරන්න ඕන. එතකොට ඒ ගුණාත්මකභාවය ඇතිකරගන්න ඔවුන්ටත් පුළුවන්..

ඔව් ඇත්තටම මගේ මාධ්‍ය ජීවිතේ මහගෙදර සිරස නිවුස් ෆස්ට්.. මගේ උසස් අධ්‍යාපන වැඩකටයුතුත් එක්ක මට මාධ්‍ය ජීවිතෙන් පොඩි විරාමයක් අවශ්‍ය වුණා. ඒ නිසා මං පූර්ණකාලීනව නිවුස් ෆස්ට් එකේ රැකියාවෙන් ඉවත්වෙලා පුවත් ඉදිරිපත් කිරීමට විතරක් සහභාගී වෙමිනුයි හිටියේ. ඒ අතරතුර මට හිරු මාධ්‍යජාලයෙන් කතා කළා ඔවුන් සමග එකතුවෙන්න කියලා. උපාධිය අවසන් කරලා ටික කාලෙකට පස්සෙ මං හිරු පුවත් අංශයට එකතු වුණත් විවාහ වී තිළිණත් එක්ක මහනුවර පදිංචියට යන්න සිදුවූ නිසා ඉන් ඉවත් වෙන්න මට සිදුවුණා. ඒත් මං විශ්වාස කරනවා මාව හැදුවෙ සිරස. ඒ නිසා මේක අවස්ථාවක් කරගන්නවා සිරස නිවුස් ෆස්ට් වෙත වගේම එහි සියලුම දෙනාට මගේ හෘදයාංගම ස්තුතිය පුද කරන්න..

ඇත්තටම පොඩිකාලෙ ඉඳලා මට තිබුණ මීඩියා පිස්සුවත් එක්ක මගේ ළඟින්ම හිටියෙ මගෙ අම්මා. මාත් එක්ක හැම නිවේදන තරගයකටම ගියේ මගෙ අම්මා. ඒ වගේමයි සිරසට, හිරු එකට, ස්වර්ණවාහිනියට සම්බන්ධ වෙනකොටත් මගේ ළඟ මගෙ අම්මා හිටියා. ඉතින් මේ සම්මානෙ එයාගෙත් හීනයක්. ඒ වගේමයි තාත්තත්. ගුවන් හමුදාවේ සේවය කරන නිසා මාත් එක්ක හැමදේකටම සහභාගී වෙන්න තාත්තට අවස්ථාව නොලැබුණත් මගේ හැම ජයග්‍රහණයක්ම එයා එයාගෙ කරගන්නවා හරිම ආඩම්බරයෙන්. ඒ වගේම මගෙ නංගියි, මල්ලියි, ආච්චියි, සීයයි, පුංචියි, මාමලා දෙන්නයි, ලොකු නැන්දයි මේ වෙලාවෙ ආදරයෙන් මතක් කරන්න ඕන. ඒ වගේම මගේ ස්වාමිපුරුෂයා තිළිණ රාජපක්ෂ. එයත් මාධ්‍ය ක්ෂේත්‍රයේ නියැලෙන කෙනෙක් විදියට මගේ වැඩවලදි පුදුම අවබෝධයකින් ලොකු සහයෝගයක් ලබා දෙනවා. අනිත් එක ප්‍රවෘත්ති ඉදිරිපත් කරද්දි මගේ අඩුපාඩු කාටත් කළින් දකින්නෙ එයා. ඒක මට ලොකු උදව්වක් මගේ අඩුපාඩු හදාගන්න. ඒ නිසා මේ වෙලාවෙ එයාටත් ස්තුති කරන්න ඕන.මේ ගමනෙදි මට සවියක් වූ සිරස නිවුස් ෆස්ට්හි සියලු දෙනා මතක් කරන්න ඕන. විශේෂයෙන් සිරස සභාපති රාජමහේන්ද්‍රන් මහතා, සමූහ අධ්‍යක්ෂ ශෙවාන් ඩැනියෙල් මහතා, එවක ප්‍රවෘත්ති අධ්‍යක්ෂ සංගීත් කළුබෝවිල මහතා, ධර්මශ්‍රී බණ්ඩාර ඒකනායක මහතා, වසන්ත මාසිංහගේ මහතා, රවීන්ද්‍ර නානායක්කාර මහතා වගේම රුවන් සංජීව වික්‍රමසිංහ මහතාත් මතක් කරන්න ඕන. ඒ වගේම ඔමායා කෝවිලගොඩගේ අක්කි, වින්ද්‍යා වීරසූරිය අක්කි, ටෂ්මා කුමරප්පෙරුම අක්කි වගේම රෝෂිණී විජේසූරිය අක්කිගෙනුත් මං ගොඩක් දේවල් ඉගෙනගත්තා.. හිරු ප්‍රවෘත්ති අංශයේ සියලු දෙනාවත්, ස්වර්ණවාහිනී ආයතනයේ එවක ප්‍රධාන විධායක නිලධාරී මහේන් පෙරේරා මහතා, අමිල බාලසූරිය මහතා, මයුර කලංසූරිය මහතා හා වජිර සුමේධ යසරත්න මහතාත්, හරීන්ද්‍ර ජයලාල් මහතා, ශෙහාන් බරණගේ මහතා වගේම ජේ. ශ්‍රී රංගා මහතාවත් මතක් කරන්න කැමතියි.

දුශානි බොහොම ස්තුතියි අපි සමග මේ විශේෂාංගයට සහභාගි වුණාට. ඔබේ අනාගත බලාපොරොත්තු සියල්ල සාර්ථක වේවා කියලා සිලෝන් ඩේලි අපි සුබ පතනවා.

සිලෝන් ඩේලි කණ්ඩායමටත් බොහොම ස්තූතියි මාව මේ සාකච්ඡාවට සම්බන්ධ කර ගත්තට.

Like Love Haha Wow Sad Angry",රාජ්‍ය සම්මානයෙන් පිදුම් ලැබීම බොහෝ දෙනෙකුගේ හීනයක්. ඒවැනි හීනයක් සැබෑ කරගන්න පුලුවන් වුණු මාධ්‍යවේදිනියක් තමයි දුෂානි නානායක්කාර. දුෂානි අපි මුලින්ම ඔබට සුබ පතනවා ලැබුණු සම්මානයට. ඔබ දැන් රාජ්‍ය සම්මානයෙන් පිදුම් ලැබූ මාධ්‍යවේදිනියක්. මොකද හිතෙන්නේ? බොහොම ස්තූතියි සුබපැතුමට. ඇත්තටම හරිම සතුටුයි මේ සම්මානයට නිර්දේශ වූ පළමු අවස්ථාවේම එය හිමිවීම ගැන. ගොඩක් දෙනෙක් කිව්වා නිර්දේශ වූ පළමු …,sin,ceylondaily,Ceylon Daily,fake news,4d53a443-b4d5-457f-8b56-04e70e6fb554,article,MassiveSum
https://ceylondaily.com/%e0%b6%b6%e0%b7%8a%e2%80%8d%e0%b6%bb%e0%b7%92%e0%b6%ad%e0%b7%8f%e0%b6%b1%e0%b7%8a%e2%80%8d%e0%b6%ba%e0%b6%ba%e0%b6%a7-%e0%b6%bb%e0%b7%90%e0%b6%9c%e0%b7%99%e0%b6%b1-%e0%b6%9c%e0%b7%92%e0%b6%ba/,,බ්‍රිතාන්‍යයට රැගෙන ගිය බුදු පිළිමයක් වසර 100කට පසු යළි ශ්‍රී ලංකාවට,,"Like Love Haha Wow Sad Angry

ප්‍රකට පුරාවිද්‍යාඥයකු වූ එච්.සී.පී.බෙල් මහතා වසර 100කට ඉහතදී තිලිණයක් වශයෙන් ලැබී, දළඳා මාළිඟයෙන් බ්‍රිතාන්‍යයට රැගෙන ගිය බවට සැලකෙන බුදු පිළිමයක් ඔහුගේ මුණුබුරකු විසින් නැවතත් ශ්‍රී ලංකාවට පරිත්‍යාග කර තිබේ.

එච්. සී.පී.බෙල් මහතාගේ මුණුබුරකු වන කෙනෙත් බෙල් මහතා සහ ඇගේ දුව වන ෆියෝනා මහත්මිය විසින් හැම්ප්ෂයර් ප්‍රාන්තයේ සිට නුවර දළදා මාළිගය වෙත මෙම පිළිම වහන්සේ වැඩමවාගෙන පැමිණ ඇත.

ඔවුන් පැවසුවේ මෙම පිළිමවහන්සේ ඔවුන්ට පරම්පරාවෙන් හිමි වූ නමුත්, එය ශ්‍රී ලංකාවට අයත් විය යුතු බව සිතා පරිත්‍යාග කිරීමට අදහස් කළ බවයි.

මෙය, බෙල් මහතා 19 වන සියවසේදී ශ්‍රී ලංකාවේ පුරාවිද්‍යාත්මක වටිනාකම් සහිත ස්ථානවල කැනීම් කරමින් සිටි කාලයේ, විහාරස්ථානයක් වැඳ පුදා ගැනීමට ගිය අවස්ථාවක ඔහුට ලැබුණු බුදු පිළිමයක් ලෙස සැලකේ.

Like Love Haha Wow Sad Angry","ප්‍රකට පුරාවිද්‍යාඥයකු වූ එච්.සී.පී.බෙල් මහතා වසර 100කට ඉහතදී තිලිණයක් වශයෙන් ලැබී, දළඳා මාළිඟයෙන්  බ්‍රිතාන්‍යයට රැගෙන ගිය බවට සැලකෙන බුදු පිළිමයක් ඔහුගේ මුණුබුරකු විසින් නැවතත් ශ්‍රී ලංකාවට පරිත්‍යාග කර තිබේ. එච්. සී.පී.බෙල් මහතාගේ මුණුබුරකු වන කෙනෙත් බෙල් මහතා සහ ඇගේ දුව වන ෆියෝනා මහත්මිය විසින් හැම්ප්ෂයර් ප්‍රාන්තයේ සිට නුවර දළදා මාළිගය වෙත මෙම පිළිම වහන්සේ වැඩමවාගෙන …",sin,ceylondaily,Ceylon Daily,fake news,0aee5434-07d9-461e-9dc7-24dd6213ba46,article,MassiveSum
https://www.lankaviews.com/%e0%b6%b6%e0%b6%af%e0%b7%94%e0%b6%bd%e0%b7%8a%e0%b6%bd%e0%b6%ad%e0%b7%8a-%e0%b6%91%e0%b6%a2%e0%b7%8f%e0%b6%b4%e0%b6%ba%e0%b6%a7/,,බදුල්ලත් එජාපයට | Lanka Views | Views of the truth,,Posted on 08.18.2015 by Nishshanka in දේශීය පුවත් with 0 Comments,බදුල්ල දිස්ති‍්‍රක්කයේ සමස්ත ඡුන්ද ප‍්‍රථිඵළ අනුව එක්සත් ජාතික පක්ෂය ඡුන්ද 258844ක්ලබා ගෙන එම දිස්ි‍්‍රක්යේ ආසන පහක් ලබාගෙන ඇත. එක්සත් ජනතා නිදහස් සංධානයට ඡුන්ද 179459 ක් ලබා ගෙන ආසන තුණක් හිමිකරගෙන ඇත. ජනතා විමුක්ති පෙරමුණ ඡුන්ද 21445 ගෙන ඇති නමුත් ආසනයක් හිමිව නැත. ලංකා කම්කරු කොංග‍්‍රසයට ඡුන්ද10259 ලබාගෙන ඇතත් ආසන හිමිවී නැත.,sin,lankaviews,Lanka Views,fake news,3dfddc9c-fe3f-4aec-acd6-3fdc54306f77,article,MassiveSum
https://www.lankaviews.com/%e0%b6%bb%e0%b6%b1%e0%b7%92%e0%b6%bd%e0%b7%8a-%e0%b6%b1%e0%b6%b8%e0%b7%8a-%e0%b6%85%e0%b7%84%e0%b6%b8%e0%b7%8a%e0%b6%b6%e0%b6%9a%e0%b7%8f%e0%b6%bb%e0%b6%9a%e0%b6%ba%e0%b7%8f/,,රනිල් නම් අහම්බකාරකයා,,Posted on 01.25.2016 by Awantha Idamegama in විශේෂාංග with 0 Comments,"පසුගිය සතිය අනෙකුත් සති මෙන්ම විචිත්‍රවත් සතියක් විය. විචිත්‍ර යන වචනය භාවිතා කළේ දේශපාලන ක්ෂේත්‍රය තුළ කතා කළ යුතු සහ නවනළු රසය ගෙන දෙන බොහෝ දේ සිදුවූ නිසාය. ඇතැම් ඒවා භයානක රසයද, තවත් ඒවා හාස්‍ය රසයද තවත් ඇතැම් ඒවා පිළිකුල් රසයද ගෙන දෙයි. නව ආණ්ඩුක්‍රම ව්‍යවස්ථාවක් සඳහා “ජනතා අදහස්” ලබා ගැනීම ආරම්භ වී ඇති අතර …",sin,lankaviews,Lanka Views,fake news,e8a5b19f-f561-4e78-b87d-3054da36addf,article,MassiveSum
https://www.lankaviews.com/%e0%b6%b8%e0%b7%8f%e0%b6%b0%e0%b7%8a%e2%80%8d%e0%b6%ba-%e0%b6%b1%e0%b7%92%e0%b6%ba%e0%b7%8f%e0%b6%b8%e0%b6%b1-%e0%b6%9a%e0%b7%9c%e0%b6%b8%e0%b7%92%e0%b7%83%e0%b6%b8-%e0%b6%ad%e0%b7%94%e0%b7%85/,,මාධ්‍ය නියාමන කොමිසම තුළ ඇත්තේ විරුද්ධ මත වාරණය කිරීමේ අරමුණක්.,,Posted on 03.21.2017 by Chandana Sirimalwatte in දේශීය පුවත් with 0 Comments,මාධ්‍ය නියාමන කොමිසමක් ගෙන ඒමෙන් ආණ්ඩුව විරුද්ධ මත ජනතාව අතරට ගෙනයාම වැලැක්වීමේ අරමුණකින් කටයුතු කරන බව පෙරටුගාමී සමාජවාදී පක්ෂයේ අධ්‍යාපන ලේකම් පුබුදු ජයගොඩ පවසයි. ජනමාධය ඇමැති ගයන්ත කරුනාතිලක මාධ්‍ය නියාමන කොමිසමක් පිළිබද කළ ප්‍රකාශයක් පිළිබද අදහස් දක්වමින් පුබුදු ජය ගොඩ ප්‍රකාහ කළේ මෙය පැහැදිලිවම අදහස් ප්‍රකාශ කිරීමේ අයිතිය උදුරාගැනීමේ අරමුණින් ගෙන එන උත්සාහයක් බවයි. තොරතුරු …,sin,lankaviews,Lanka Views,fake news,865e4a86-903e-4586-a6d2-04ee115b89af,article,MassiveSum
https://www.lankaviews.com/%e0%b6%b1%e0%b7%92%e0%b6%9a%e0%b7%80%e0%b7%90%e0%b6%bb%e0%b6%a7%e0%b7%92%e0%b6%ba-%e0%b6%af%e0%b7%90%e0%b6%bb%e0%b7%92%e0%b6%ba%e0%b6%a7-%e0%b6%b4%e0%b7%84%e0%b6%bb%e0%b6%af%e0%b7%93%e0%b6%b8%e0%b7%9a/,,නිකවැරටිය දැරියට පහරදීමේ පැමිණිල්ල බාර නොගත් පොලිස් පරික්ෂිකාවන් දෙදෙනෙකුගේ වැඩ තහනම්,,"නිකවැරටිය සහ කොටවෙහෙර පොලිස් ස්ථාන දෙකෙහි ළමා හා කාන්තා කාර්යාංශයේ ස්ථානාධිපතිවරියන් දෙදෙනාගේ සේවය අත්හිටුවා තිබේ. නිකවැරටිය කොට්ඨාසය බාර ජ්‍යෙෂ්ඨ පොලිස් අධිකාරී උපුල් චන්දන අබේසිංහ මෙම අත්හිටුවීම සිදුකර ඇති බව වාර්තා වේ.

පැමිණිලි බාරනොගෙන ඇය ආපසු හරවා යැවීම හේතුවෙන් රාජකාරිය බරපතල ලෙස පැහැර හැරීම මත මෙම ස්ථානාධිපතිවරියන් දෙදෙනාගේ සේවය අත්හිටුවා ඇත.

නිකවැරටිය කොටවෙහෙර ප්‍රදේශයේ 13 හැවිරිදි බාලවයස්කාර දැරියකට මොන්නෑකුලම ග්‍රාම නිලධාරිනියක සහ දැරියගේ සුළු මව බව කියන කාන්තාවක විසින් පහරදීමේ සිද්ධියක් සම්බන්ධයෙන් ඇගේ මිත්තණිය මෙම පොලිස් ස්ථානවලට පැමිණිලි කිරීමට ගොස් තිබිණි. දැරියගේ මිත්තණිය පවසන පරිදි පහර දෙන්නට ඇත්තේ වරදක් කර ඇති නිසා වෙන්නට ඇති බව පවසා පැමිණිල්ල භාරගෙන නොමැත.

මෙලෙස සේවය අත්හිටුවා ඇත්තේ, නිකවැරටිය පොලිසියේ ළමා හා කාන්තා කාර්යංශයේ ස්ථානාධිපතිනී, උප පොලිස් පරීක්ෂිකා ඉමාලි ලක්ෂි හේමචන්ද්‍ර සහ කොටවෙහෙර පොලිසියේ ළමා හා කාන්තා කාර්යංශයේ ස්ථානාධිපතිනී උප පොලිස් පරීක්ෂිකා සඳරේඛා අත්තනායක යන අයගේයි .

එසේම දැරියට අමානුෂික ලෙස පහරදීම සම්බන්ධයෙන් අත්අඩංගුවට ගෙන සිටි ග්‍රාම නිලධාරිනිය ඇතුලු සැකකාරියන් දෙදෙනා මෙම මස 16 වැනිදා දක්වා රිමාන්ඩ් බාරයට පත්කරන ලෙසට නිකවැරටිය මහේස්ත්‍රාත්වරිය පසුගියදා (04) නියෝග කළාය.

මෙලෙස රිමාන්ඩ් බාරයට නියම වුයේ දැරියගේ සුළු මව බව කියන නිල්මිණි රත්නකුමාරි සහ මොන්නෑකුලම ග්‍රාම නිලධාරිනිය වු දිල්හානි රත්නකුමාරි නැමති දෙදෙනාය.

මොවුන් දෙදෙනා සමග අත්අඩංගුවට ගත් දැරියගේ පියා ශරීර ඇප 2ක් මත මුදා හැරිමටද මහේස්ත්‍රාත්වරිය නියෝග කළාය.

සැකකාරියන්ගේ අමානුෂික ප්‍රහාරයට ලක් වු දැරිය නිකවැරටිය රෝහලේ තවමත් ප්‍රතිකාර ලබමින් පසුවේ.",නිකවැරටිය සහ කොටවෙහෙර පොලිස් ස්ථාන දෙකෙහි ළමා හා කාන්තා කාර්යාංශයේ ස්ථානාධිපතිවරියන් දෙදෙනාගේ සේවය අත්හිටුවා තිබේ. නිකවැරටිය කොට්ඨාසය බාර ජ්‍යෙෂ්ඨ පොලිස් අධිකාරී උපුල් චන්දන අබේසිංහ මෙම අත්හිටුවීම සිදුකර ඇති බව වාර්තා වේ. පැමිණිලි බාරනොගෙන ඇය ආපසු හරවා යැවීම හේතුවෙන් රාජකාරිය බරපතල ලෙස පැහැර හැරීම මත මෙම ස්ථානාධිපතිවරියන් දෙදෙනාගේ සේවය අත්හිටුවා ඇත. නිකවැරටිය කොටවෙහෙර ප්‍රදේශයේ 13 හැවිරිදි …,sin,lankaviews,Lanka Views,fake news,cd666f39-1493-4fcc-b9e6-1687cffbfce0,article,MassiveSum
https://www.lankaviews.com/rajitha-to-earn-profits-out-of-regime-change/,,බිලියන 153ක ගනුදෙනුව රාජිතගෙ මල්ලිට - 2015 කැඩු මීයෙන් අතලෙවකන්න සූදානම් !,,"Posted on 01.21.2018 by Chandana Sirimalwatte in දේශීය පුවත් with 0 Comments

කොළඹ 5 පිහිටි ටොරින්ටන් මහ්ල නිවාස පරිශ්‍රයේ නව සුඛෝපභෝගී මහල් නිවාස සංකීර්ණයක් ඉදිකිරීම සදහා කොන්ත්‍රාත්තුව සෞඛ්‍ය ඇමති රාජිත සේනාරත්නගේ බාල සොයුරු මහිල් සේනාරත්නට හිමි ඉදිකිරීම් සමාගමට දීමේ සූදානමක් ඇත.

නිවාස ඇමති සජිත් ප්‍රේමදාසගේ මූලිකත්වයෙන් ඉඩම් අමාත්‍යංශය ගෙන ආ යෝජනාව අනුමත කරනු වෙනුවට එම කොන්ත්‍රාත්තුව තම බාල සොහොයුරාට හිමි ඉදිකිරීම් සමාගමකට ලබා දෙන ලෙස රාජිත ඇමතිවරයා කැබිනට් මණ්ඩලයට යෝජනා කර ඇත. සුඛෝපභෝගි නිවාස 200ක් සහිත මහල් 42කින් සමන්විත කුලුණු 6ක් පර්චස් 870ක් පමණවන එම පරිශ්‍රයේ ඉදිකිරීමට ඉඩම් අමාත්‍යංශයේ යෝජනාව වී තිබේ. රාජ්‍ය ආයතනවල මැදිහත්වීමෙන් මෙම ව්‍යාපෘතිය ආරම්භ කිරීමට යෝජිත අතර එහිදී උප කොන්ත්‍රාත්තු පෞද්ගලික අංශයට පිරිනැමිමට යෝජිතය. එහෙත් සෞඛ්‍ය ඇමතිවරයා කිසිදු ලජ්ජාවක් බයක් නැතිව තම සොයුරාට හිමි ‘ස්කයි මවුන්ටන්‘ සමාගමට එකී ඉදිකිරීම් භාර දෙන ලෙස යෝජනාවක් ජනවාරි මස පළමු සතියේ පැවති වසරේ ප්‍රථම ඇමති මණ්ඩල රැස්වීමට ඉදිරිපත් කර ඇත. කෙසේවෙතත් එම සමාගමේ වෙබ් අඩවියෙන් දැනටමත් දක්වා ඇත්තේ යුරෝ මිලියන 813.3 (රු. බිලියන 153.6)ක් වටිනා එම ඉදිකිරීම් කොන්ත්‍රාත්තුව ඉටු කරන්නේ තම සමාගම බවයි.

මෛත්‍රිපාල සිරිසේන මහින්ද රාජපක්ෂගේ ආණ්ඩුවෙන් ඉවත්ව එක්සත් ජාතික පක්ෂයේ ආධාරයෙන් පොදු අපේක්ෂකයකු බවට කළ දිනයේ සිට වත්මන් ආණ්ඩුව බිහිකිරීම සහ අද දක්වා රාජිත සේනාරත්න ඉටු කළ භූමිකාවක් ඇත. වසර දසක කීපයක් පාවහන් සමාගමක කලමනාකරුවකු ලෙස සේවය කර ඇති මහිල් සේනාරත්න, තම සොයුරු රාජිත, රාජපක්ෂ ආණ්ඩුවේ ධීවර ඇමති ලෙස පත් වූ පසුව 2010 සිට ධීවර සංස්ථාවේ සභාපතිකමට පත් කරනු ලැබිණී. 2015 දක්වා ඔහු යටතේ පැවති ධීවර සංස්ථාවේ සිදුව ඇති විවිධ මුල්‍ය ගනුදෙනු සම්බන්ධ චෝදනා තිබියදී ඉදිකිරීම් සමාගමක් බිහිකරන්නට මහිල් සේනාරත්න සමත් විය.",කොළඹ 5 පිහිටි ටොරින්ටන් මහ්ල නිවාස පරිශ්‍රයේ නව සුඛෝපභෝගී මහල් නිවාස සංකීර්ණයක් ඉදිකිරීම සදහා කොන්ත්‍රාත්තුව සෞඛ්‍ය ඇමති රාජිත සේනාරත්නගේ බාල සොයුරු මහිල් සේනාරත්නට හිමි ඉදිකිරීම් සමාගමට දීමේ සූදානමක් ඇත. නිවාස ඇමති සජිත් ප්‍රේමදාසගේ මූලිකත්වයෙන් ඉඩම් අමාත්‍යංශය ගෙන ආ යෝජනාව අනුමත කරනු වෙනුවට එම කොන්ත්‍රාත්තුව තම බාල සොහොයුරාට හිමි ඉදිකිරීම් සමාගමකට ලබා දෙන ලෙස රාජිත ඇමතිවරයා …,sin,lankaviews,Lanka Views,fake news,3b1fffbc-873e-4777-ba3a-64a84adec7f5,article,MassiveSum
https://www.lankaviews.com/%e0%b6%b8%e0%b7%84%e0%b6%a2%e0%b6%b1-%e0%b6%8b%e0%b6%b4%e0%b6%ba%e0%b7%9d%e0%b6%9c%e0%b7%92%e0%b6%ad%e0%b7%8f-%e0%b6%9a%e0%b7%9c%e0%b6%b8%e0%b7%92%e0%b7%82%e0%b6%b1%e0%b7%8a-%e0%b7%83%e0%b6%b7/,,"මහජන උපයෝගිතා කොමිෂන් සභාව, කරන්න කියූ දේ කරන්න යයි!",,"Posted on 03.04.2021 by Chandana Sirimalwatte in දේශීය පුවත් with 0 Comments

මහජන උපයෝගිතා කොමිෂන් සභාව (PUCSL) විසින් එහි ආරම්භක අරමුණ බිඳ දමමින් ඉහළ බලධාරින්ගේ අරමුණු අනුව කටයුතු කරමින් හදිසි විදුලි මිලදී ගැනීම් අනුමත කිරීමට යන බව වාර්තාවේ.

එම කොමිසම පිහිටුවනු ලැබුවේ විදුලි පාරිභෝගිකයන් මත බර පටවන ආකාරයෙන් අධික මිලකට විදුලිය මිලදී ගැනීමේ අවස්ථා අවම කිරීමේ අරමුණෙනි. විවිධ කොමිස් ජාවාරම් අනුව, ලංකා විදුලිබල මණ්ඩලය තාවකාලික හදිසි විදුලි මිලදී ගැනීම් දිගටම කරගෙන යනු ලබන්නේ රට තුළ කිසිදු හදිසි තත්වයක් ඇතිවී නොමැති තත්වයක් තුළය. මේ වනවිට විදුලි ඒකකයක් (මෙගා වොට් එකක්) රුපියල් 28 – 30 ක තීරු ගාස්තුවකට ‘වී පවර්’ නම් ආයතනයෙන් මිලදී ගැනීම සඳහා මහජන උපයෝගිතා කොමිෂන් සභාව අනුමැතිය ලබා දී ඇති බව අනාවරණය වී ඇත. විදුලි බලාගාර තුනක විදුලිය මිලදී ගැනීමේ ගිවිසුම් පවතින්නේ මෙගා වොට් ඒකකයක් රුපියල් 23- 24 ක ගාස්තුව යටතේ වුවද ඒවායේ විදුලි සැපයුම් ගිවිසුම් ඉක්මනින්ම අවසන්වීමට නියමිත නිසා කොමිස් ගරා ගැනීමේඅරමුණින් ඉහත අනුමැතියන් ලබාදී ඇත. එම විදුලි බලාගාරවල අවශ්‍යතාව සඳහා බර උදුන් තෙල් සපයන්නේ තෙල් සංස්ථාවය. එම හේතුව නිසා තෙල් සංස්ථාවේද ආදායම් මාර්ගයක් අවදානමට ලක් කරමින් එම බලාගාරවල සැපයුම් අවසන් කිරීම මගින් ආණ්ඩුවේ ඉහළ පුද්ගලයන් බාහිර විදුල් සැපයුම් ව්‍යාපාරිකයන්ගෙන් කොමිස් ගැසීමට නියමිත බව පැහැදිලිය.

මහජන උපයෝගිතා කොමිසමේ සාමාජිකයන්ට ඉල්ලා අස්වන ලෙස බලකරමින් ආණ්ඩුව විසින් පත් කළ නව කොමිෂන් සභාව මෙම දූෂිත ගනුදෙනුව සිදු කිරීමට නියමිතය.","මහජන උපයෝගිතා කොමිෂන් සභාව (PUCSL) විසින් එහි ආරම්භක අරමුණ බිඳ දමමින් ඉහළ බලධාරින්ගේ අරමුණු අනුව කටයුතු කරමින් හදිසි විදුලි මිලදී ගැනීම් අනුමත කිරීමට යන බව වාර්තාවේ. එම කොමිසම පිහිටුවනු ලැබුවේ විදුලි පාරිභෝගිකයන් මත බර පටවන ආකාරයෙන් අධික මිලකට විදුලිය මිලදී ගැනීමේ අවස්ථා අවම කිරීමේ අරමුණෙනි. විවිධ කොමිස් ජාවාරම් අනුව, ලංකා විදුලිබල මණ්ඩලය තාවකාලික හදිසි විදුලි …",sin,lankaviews,Lanka Views,fake news,b4df5e2c-c2b3-47ed-9dfd-963b7541efa0,article,MassiveSum
https://www.lankaviews.com/%e0%b6%b8%e0%b7%84%e0%b7%92%e0%b6%b1%e0%b7%8a%e0%b6%af-%e0%b6%b4%e0%b7%8f%e0%b6%bb%e0%b7%8a%e0%b7%81%e0%b7%8a%e0%b7%80%e0%b6%ba%e0%b6%a7-%e0%b6%9c%e0%b7%92%e0%b6%ba-%e0%b6%b8%e0%b6%b1%e0%b7%8a/,,මහින්ද පාර්ශ්වයට ගිය මන්ත්‍රිවරු තිදෙනෙක් ඇමතිකම් අත්හැර රනිල් පාර්ශ්වයට එක් වේ!,,"Posted on 11.14.2018 by Chandana Sirimalwatte in දේශීය පුවත් with 0 Comments

අද(14) පාර්ලිමේන්තුවේ ක්‍රියාදාමය අතරතුර මහින්ද රාජපක්ෂගේ කැබිනට් ඇමතිවරු ලෙස දිවරුම් දුන් මන්ත්‍රිවරු තිදෙනෙක් ආපසු රනිල් වික්‍රමසිංහ පාර්හ්වයට එක්වී ඇත.

විශ්වාසභංග යෝජනාව පිළිබද ඡන්ද විමසීම පැවැත්වෙන අතර පියසේන ගමගේ, වසන්ත සේනානායක හා වඩිවේල් සුරේෂ් යන ඇමතිවරු පාර්ලිමේන්තු සභා ගර්භය හරහා පැමිණ රනිල් වික්‍රමසිංහ පාර්ශ්වයේ අසුන් ගන්නා ලදී. දේශපාලන බලය පිළිබද මුදල් බලය, ජනමාධ්‍ය බලය හා වෙනත් කූට උපක්‍රම හරහා ගෙනයන වැඩපිළිවළෙ තුළ මෙවැනි විකාර සහගත දේශපාලන රගදැක්වීම් තවදුරටත් ඉදිරියට යනු ඇත.","අද(14) පාර්ලිමේන්තුවේ ක්‍රියාදාමය අතරතුර මහින්ද රාජපක්ෂගේ කැබිනට් ඇමතිවරු ලෙස දිවරුම් දුන් මන්ත්‍රිවරු තිදෙනෙක් ආපසු රනිල් වික්‍රමසිංහ පාර්හ්වයට එක්වී ඇත. විශ්වාසභංග යෝජනාව පිළිබද ඡන්ද විමසීම පැවැත්වෙන අතර පියසේන ගමගේ, වසන්ත සේනානායක හා වඩිවේල් සුරේෂ් යන ඇමතිවරු පාර්ලිමේන්තු සභා ගර්භය හරහා පැමිණ රනිල් වික්‍රමසිංහ පාර්ශ්වයේ අසුන් ගන්නා ලදී. දේශපාලන බලය පිළිබද මුදල් බලය, ජනමාධ්‍ය බලය හා වෙනත් …",sin,lankaviews,Lanka Views,fake news,c3472fa5-f464-4c5d-8113-5f2b0191b0b5,article,MassiveSum
https://ceylondaily.com/86-%e0%b7%84%e0%b7%90%e0%b7%80%e0%b7%92%e0%b6%bb%e0%b7%92%e0%b6%af%e0%b7%92-%e0%b6%85%e0%b6%ba%e0%b7%99%e0%b6%9a%e0%b7%8a-%e0%b6%bb%e0%b7%9d%e0%b6%9c%e0%b7%93-%e0%b6%87%e0%b6%af%e0%b7%9a-%e0%b7%83/,,86 හැවිරිදි අයෙක් රෝගී ඇදේ සිට අගමැතිට ලියු ලිපියක්,,"Like Love Haha Wow Sad Angry

“අග්‍රාමාත්‍ය මහින්ද රාජපක්ෂ මහතා අතටම” යැයි සඳහන් කළ ලිපියක් අද (11) අරලියගහ මන්දිරයට යොමු කර තිබිණි.

ආරක්ෂක අංශ නිලධාරීන් විසින් එම ලිපිය අග්‍රාමාත්‍ය මහින්ද රාජපක්ෂ මහතා අතටම ගෙනැවිත් භාර දුන්නේය.

පොළොන්නරුව දිස්ත්‍රික්කයේ මැදිරිගිරියේ වෙසෙන 86 හැවිරිදි වියේ පසුවන එස්. බී. හේවාහැට නම් හිටපු ගම්සභා සභිකයෙක් විසින් මෙම ලිපිය අග්‍රාමාත්‍යවරයාට යොමු කර තිබිණි. එහි වූයේ ලිපියක් සහ රුපියල් 5000ක නෝට්ටුවකි.

“දැනට අසූ හය වැනි වියේ පසුවන අයෙකි. මට ඇවිදින්නට බැරිය. රෝගීව ඇදේ සිට ලියමි. උදා වී ඇති භයානක අවස්ථාවේදී රටේ ආර්ථිකය බිද වැටී තිබියදි ජනතාව ජීවත් කරවීමට දෙන ආධාර ක්‍රමය මවිතයට කරුණකි. කෙසේ වෙතත් කොරෝනා අරමුදලට මේ මස රුපියල් 5000 බැර කර මා ද එම පිංකමට සහභාගි කර ගන්නා මෙන් කාරුණිකව ඉල්ලා සිටිමි. ඔබතුමා මට කළ උදව් උපකාර අමතක නොකරමි.” යනුවෙන් එම ලිපියේ සදහන්ව තිබිණි.

ලිපිය කියැවූ අග්‍රාමාත්‍යවරයා ලෙඩ ඇදේ සිට පවා රට වෙනුවෙන් යුතුකම් ඉටු කිරීමට මැදිහත්වීම අගය කරමින් හේවාහැට මහතා අතින්ම මෙම මුදල ජනාධිපති ගෝඨාභය රාජපක්ෂ මහතා අතට පත් කිරීමට අවශ්‍ය පියවර ගැනීමට තීරණය කළේය.

එම අවස්ථාවේදීම අග්‍රාමාත්‍ය ලේකම් ගාමිණී සෙනරත් මහතා කැදවූ අග්‍රාමාත්‍යවරයා ජනාධිපති ගෝඨාභය රාජපක්ෂ මහතාගේ උපන් දිනය යෙදී ඇති දින හේවාහැට මහතාට, ඒ මහතා අතින්ම මෙම මුදල ජනාධිපතිවරයා අතට පත්කිරීම සදහා අවශ්‍ය සියලූ පියවර ගන්නැයි උපදෙස් දෙනු ලැබීය.

Like Love Haha Wow Sad Angry",“අග්‍රාමාත්‍ය මහින්ද රාජපක්ෂ මහතා අතටම” යැයි සඳහන් කළ ලිපියක් අද (11) අරලියගහ මන්දිරයට යොමු කර තිබිණි. ආරක්ෂක අංශ නිලධාරීන් විසින් එම ලිපිය අග්‍රාමාත්‍ය මහින්ද රාජපක්ෂ මහතා අතටම ගෙනැවිත් භාර දුන්නේය. පොළොන්නරුව දිස්ත්‍රික්කයේ මැදිරිගිරියේ වෙසෙන 86 හැවිරිදි වියේ පසුවන එස්. බී. හේවාහැට නම් හිටපු ගම්සභා සභිකයෙක් විසින් මෙම ලිපිය අග්‍රාමාත්‍යවරයාට යොමු කර තිබිණි. එහි වූයේ ලිපියක් …,sin,ceylondaily,Ceylon Daily,fake news,1e07513a-7de5-4e79-9637-8d3801d6dc0d,article,MassiveSum
https://ceylondaily.com/%e0%b6%b4%e0%b7%91%e0%b6%bd%e0%b7%92%e0%b6%ba%e0%b6%9c%e0%b7%9c%e0%b6%a9-%e0%b6%b8%e0%b6%ad%e0%b7%8a%e0%b7%83%e0%b7%8a%e2%80%8d%e0%b6%ba-%e0%b7%80%e0%b7%99%e0%b7%85%e0%b6%b3-%e0%b7%83%e0%b6%82/,,පෑලියගොඩ මත්ස්‍ය වෙළඳ සංකීර්ණය තොග ‍වෙළඳාමට විවෘත වෙයි,,"Like Love Haha Wow Sad Angry

පෑලියගොඩ මධ්‍යම මත්ස්‍ය වෙළඳ සංකීර්ණය තොග ‍වෙළඳාම සදහා අද(25) සිට යළි විවෘත කරන බව එහි ව්‍යාපාරික සංගමයේ සභාපති ජයසිරි වික්‍රමාරච්චි මහතා පවසයි.

ඔහු සඳහන් කළේ සෞඛ්‍යාරක්ෂිත උපදෙස් පිළිපදමින් මිලදී ගැනීම් කටයුතු සදහා පැමිණෙන ලෙස තොග වෙළෙන්දන් හට දැනුම්දෙන බවයි.

පෑලියගොඩ මධ්‍යම මත්ස්‍ය වෙළඳ සංකීර්ණයෙන් මසුන් ලබාගත් පිළියන්දල ප්‍රදේශයේ මත්ස්‍ය වෙළෙන්දෙකු හට කොවිඩ් නයින්ටීන් වෛරසය ආසාදනය වි ඇති බවට තහවුරු වීම හේතුවෙන් වෙළඳ සංකීර්ණය තවකාලිකව වසා දැමීමට තීරණය කෙරිණ.

පසුව එම වෙළඳ සංකීර්ණයේ වෙළඳුන් සහ සේවකයින් පි.සි.ආර් පරික්ෂණ සඳහා යොමු කළ අතර කිසිවෙකුටත් වෛරසය ආසාදනය වී නොමැති බවට තහවුරු විය.

Like Love Haha Wow Sad Angry",පෑලියගොඩ මධ්‍යම මත්ස්‍ය වෙළඳ සංකීර්ණය තොග ‍වෙළඳාම සදහා අද(25) සිට යළි විවෘත කරන බව එහි ව්‍යාපාරික සංගමයේ සභාපති ජයසිරි වික්‍රමාරච්චි මහතා පවසයි. ඔහු සඳහන් කළේ සෞඛ්‍යාරක්ෂිත උපදෙස් පිළිපදමින් මිලදී ගැනීම් කටයුතු සදහා පැමිණෙන ලෙස තොග වෙළෙන්දන් හට දැනුම්දෙන බවයි. පෑලියගොඩ මධ්‍යම මත්ස්‍ය වෙළඳ සංකීර්ණයෙන් මසුන් ලබාගත් පිළියන්දල ප්‍රදේශයේ මත්ස්‍ය වෙළෙන්දෙකු හට කොවිඩ් නයින්ටීන් වෛරසය ආසාදනය …,sin,ceylondaily,Ceylon Daily,fake news,f42c47c3-9c0f-4d88-ab3f-92db96d20766,article,MassiveSum
https://www.lankaviews.com/%e0%b6%ab%e0%b6%ba-%e0%b6%9c%e0%b7%90%e0%b6%b1%e0%b7%93%e0%b6%b8%e0%b7%9a%e0%b6%af%e0%b7%93-%e0%b6%b1%e0%b7%90%e0%b6%b8%e0%b7%93%e0%b6%b6%e0%b7%92%e0%b6%ba%e0%b7%8f%e0%b7%80-%e0%b7%80%e0%b7%90/,,ණය ගැනීමේදී නැමීබියාව වැටුණු වලේ ලංකාව නොවැටිය යුතුයි - නැමීබියානු විපක්ෂ නායක,,"Posted on 02.14.2019 by Chandana Sirimalwatte in දේශීය පුවත් with 0 Comments

නැමීබියාව විදේශ ණය ගැනීමෙන් බරපතළ ණය උගුලක වැටුනු ආකාරයට ලංකාව විදේශ ණය සම්බන්ධව කටයුතු නොකළ යුතු බව නැමීබියානු විපක්ෂ නායක මැක්හෙන්රි වෙනානි එරට පුවත්පතකට ප්‍රකාශයක් කරමින් පවසා තිබේ.

පසුගිය කාලයේ ලංකාව විසින් සිය වරායක් චීන ණය වෙනුවෙන් කැප කළාක් මෙන් ඉදිරියට කටයුතු කළ හොත් විශාල විනාශයක් වන්නට නියමිත බවද නැමීබියාව එහි හොදම නිදසුන බවද එරට විපක්ෂනායකවරයා ‘නැමීබියන්‘ පුවත්පතට පවසා ඇත. අප්‍රිකානු රටවලදී චීනය විසින් ගෙන යන ණය ව්‍යාපෘතිවලදී ස්වදේශික සම්පත් ග්‍රහණයට ගැනීම සිදුවන බවත් දේශීය ව්‍යාපාරික හෝ තාක්ෂණ කර්මාන්ත සංවර්ධන ක්‍රියාදාමයේ දායකත්වයට නොගෙන චීන සමාගම්වලටම ව්‍යාපෘති පැවරීම නිසා දිගුකාලීනව දැවැන්ත ණය උගුලකට මෙන්ම ආර්ථික වශයෙන් පහසුවෙන් නිවැරදි කළ නොහැකි අර්බුදයකට පත්වන බව මක්හෙන්රි පවසා තිබේ.

නැමීබියාවේ පාලක පක්ෂයට ප්‍රතිවිරුද්ධව ‘ජනතා ප්‍රජාතන්ත්‍රවාදී ව්‍යාපාරය‘ට නායකත්වය දෙන විපක්ෂ නායකයා චීන මැදිහත්වීමට විරුද්ධ එහෙත් එක්සත් ජනපදයට පක්ෂපාත අයකු බව ප්‍රසිද්ධය. චීන ණය උගුල පිළිබද කරන ප්‍රකාශවලදී විකල්ප ලෙස ජාත්‍යන්තර මුල්‍ය සංවිධානවල අනුග්‍රහය ගත යුතු බවට ඔහු පවසා ඇත. එහෙත් අප්‍රිකානු රටවල මෙන්ම ලංකාවේදීද එවැනි විකල්ප වුවද චීන ණය උඝුලටම සමාන බව සනාථ වී ඇත.",නැමීබියාව විදේශ ණය ගැනීමෙන් බරපතළ ණය උගුලක වැටුනු ආකාරයට ලංකාව විදේශ ණය සම්බන්ධව කටයුතු නොකළ යුතු බව නැමීබියානු විපක්ෂ නායක මැක්හෙන්රි වෙනානි එරට පුවත්පතකට ප්‍රකාශයක් කරමින් පවසා තිබේ. පසුගිය කාලයේ ලංකාව විසින් සිය වරායක් චීන ණය වෙනුවෙන් කැප කළාක් මෙන් ඉදිරියට කටයුතු කළ හොත් විශාල විනාශයක් වන්නට නියමිත බවද නැමීබියාව එහි හොදම නිදසුන බවද එරට …,sin,lankaviews,Lanka Views,fake news,4cc521d1-6f2a-44b1-bfeb-142c02e258cb,article,MassiveSum
https://www.lankaviews.com/%e0%b6%85%e0%b6%ad%e0%b7%8a%e0%b6%85%e0%b6%a9%e0%b6%82%e0%b6%9c%e0%b7%94%e0%b7%80%e0%b6%a7-%e0%b6%9c%e0%b6%ad%e0%b7%8a-%e0%b6%b1%e0%b7%80%e0%b7%94%e0%b7%83%e0%b6%bb%e0%b7%8a-%e0%b7%86%e0%b7%80/,,අත්අඩංගුවට ගත් නවුසර් ෆවුසිට ඇප,,Posted on 05.12.2015 by Awantha Idamegama in දේශීය පුවත් with 0 Comments,බස්නාහිර පළාත් සභා මන්ත්‍රී නවුසර් ෆවුසි අද පෙරවරුවේ කොළඹ අපරාධ කොට්ඨාශය විසින්අත්අඩංගුවට ගෙන තිබේ. අත්අඩගුවට ගත් නවුසර් ෆවුසිට කොළඹ ප්‍රධාන මහේස්ත්‍රාත් අධිකරණයෙන් ඇප ලබා දී ඇත. 2012 වසරේදී ගිනි අවියක් පෙන්වා ව්‍යාපාරිකයෙකුට තර්ජනය කිරීමේ සිද්ධියක් සම්බන්ධයෙන් චෝදනා ලැබ අත්අඩංගුවට ගන්නා ලෙසට උසාවිය මගින් ඊයේ (11) නියෝග කිරීමෙන් පසුව ආපදා කළමනාකරණ ඇමති ඒ.එච්.එම් ෆවුසිගේ පුත් නවුසර් …,sin,lankaviews,Lanka Views,fake news,237f5e2e-7309-40f6-abb6-65443e1f8d4b,article,MassiveSum
https://www.lankaviews.com/%e0%b6%bd%e0%b7%83%e0%b6%b1%e0%b7%8a%e0%b6%ad-%e0%b7%80%e0%b7%92%e0%b6%9a%e0%b7%8a%e2%80%8d%e0%b6%bb%e0%b6%b8%e0%b6%ad%e0%b7%94%e0%b6%82%e0%b6%9c-%e0%b6%9d%e0%b7%8f%e0%b6%ad%e0%b6%b1%e0%b6%ba%e0%b6%9a/,,ලසන්ත වික්‍රමතුංග ඝාතනයකර වසර 12යි - ඝාතකයෝ නිදැල්ලේ!,,"(TopNews) 2009 ජනවාරි 8 වැනිදා, රත්මලාන ගුවන් හමුදා කඳවුර ආසන්නයේ අධි ආරක්ෂක කලාපයේදී ලසන්ත වික්‍රමතුංග ඝාතනයට ලක් විය.

ඔහු ඝාතනය කෙරුණේ රාජ්‍ය ඔත්තුකරුවන් අතින් බවට නැගුනු චෝදනා හමුවේ ඔත්තුකරුවන් අත්අඩංගුවට ගෙන ගෙන ගිය නඩුවිභාගයේදී කිසිදු සාක්ෂියක් සනාථ කිරීමට නොහැකි විය. 2016දී සියදිවි නසාගත් ඔත්තුකරුවකු සිය පාපොච්චාරණයක් ලෙස ලසන්ත ඝාතනයට තමන් සම්බන්ධ බව අවසන් ලිපියක් ලියා තිබිණි.

ඝාතන සිදුවීම පිළිබඳ පුවතත් සමග ඔහු වෙඩි තබා ඝාතනය කර ඇති බවට ආරක්ෂක තොරතුරු ප්‍රකාශයට පත්කරන මාධ්‍ය ප්‍රකාශකවරයා විසින් පැවසුවද එය අසත්‍යයක් බව පසුව අනාවරණය විය. කිසිදු විමර්ශන තොරතුරකින් හෙළි නොකළ කාරණයක් රජයේ ප්‍රකාශකවරයා විසින් ප්‍රසිද්ධියට පත් කළේ ඇයිද යන්න තවමත් අභිරහසකි.

පසුව සොයාගත් තොරතුරු අනුව, හිසට එල්ල කළ තියුනු කූරක් වැනි ආයුදයකින් හදිසි ප්‍රතිකාරයකින් ජීවිතය බේරාගැනීමට අවස්ථා අවම කරමින් ඔහු ඝාතනය කිරීමට සැලසුම්කර තිබිණි. ඝාතනයට යොදාගත් යතුරු පැදිය පිළිබඳ අනාවරණය කරගත් තොරතුරුද ජංගම දුරකථන සිම්කාඩ් පත් ආදියද පසුව හෙළි වූ ආකාරයට පරික්ෂණය නොමග යැවීමට සැලසුම් කළ ඝාතකයන්ගේ ප්‍රයෝග විය.

මේ තත්වය යටතේ මෙරට ආරක්ෂක ඔත්තු සේවා මෙන්ම වෙනම පුහුනු කළ ඝාතක යන්ත්‍රයක් පැවතීම සම්බන්දයෙන් එල්ලවන චෝදනා තවමත් වලංගුවන අතර අපරාධකරුවන් තවමත් නීතිය හමුවට ගෙන නැති බැවින් ඝාතකයන් නිදැල්ලේ සිටින බවද සත්‍යයකි.

ඝාතනය කෙරුනු ලසන්ත, සන්ඩේ ලීඩර් කතුවරයා වශයෙන් ‘මිග් යානා ගනුදෙනුව’ සම්බන්ධයෙන් මෙන්ම රාජපක්ෂ රෙජීමයේ වංචා දූෂණ සම්බන්ධව පළ කළ ලිපි සම්බන්ධව ප්‍රසිද්ධ තොරතුරු රැසක් අනාවරණයකර තිබිණි. ඔහු ඝාතනය කෙරුනේ එකී වංචාදූෂණ සම්බන්ධ රාජපක්ෂවරුන්ට එල්ල කළ කරුනු සහිත චෝදනා හේතුවෙන් බවට අනුමාන කෙරේ. එකී වංචා දූෂණ සම්බන්ධව කිසිදු විමර්ශනයක් සිදුව නැති අතර කරුනු සහිතව චෝදනා නැගූ ලසන්ත ඝාතනය කෙරිණි.

ලසන්ත ඝාතනය දේශපාලන සටන් පාඨ ලෙස ගෙන ආ දේශපාලනය විසින් මාධ්‍ය මර්දනය සම්බන්ධ කිසිදු වගකීම් සහගත පරික්ෂනයක් සිදුකර නැති අතර එකී සියලු අපරාධමය සිදුවීම් සිදුකළ අපරාදකරුවන් තවමත් නිදැල්ලේ පසුවීම ගැන එවකට ආරක්ෂක ඇමති වශයෙන් හිටපු ජනාධිපති මහින්ද රාජපක්ෂට මෙන්ම එවකට ආරක්ෂක අමාත්‍යංශ ලේකම් වශයෙන් වත්මන් ජනාධිපති මහින්ද රාජපක්ෂට ඇති වගකීමෙන් ගැලවිය නොහැකිය.","(TopNews) 2009 ජනවාරි 8 වැනිදා, රත්මලාන ගුවන් හමුදා කඳවුර ආසන්නයේ අධි ආරක්ෂක කලාපයේදී ලසන්ත වික්‍රමතුංග ඝාතනයට ලක් විය. ඔහු ඝාතනය කෙරුණේ රාජ්‍ය ඔත්තුකරුවන් අතින් බවට නැගුනු චෝදනා හමුවේ ඔත්තුකරුවන් අත්අඩංගුවට ගෙන ගෙන ගිය නඩුවිභාගයේදී කිසිදු සාක්ෂියක් සනාථ කිරීමට නොහැකි විය. 2016දී සියදිවි නසාගත් ඔත්තුකරුවකු සිය පාපොච්චාරණයක් ලෙස ලසන්ත ඝාතනයට තමන් සම්බන්ධ බව අවසන් ලිපියක් ලියා …",sin,lankaviews,Lanka Views,fake news,3308c8e9-59d0-4d71-9af8-d5d1dec84e24,article,MassiveSum
https://www.lankaviews.com/%e0%b6%b8%e0%b7%8f%e0%b6%b0%e0%b7%8a%e2%80%8d%e0%b6%ba-%e0%b7%83%e0%b7%84-%e0%b6%b7%e0%b7%92%e0%b6%9a%e0%b7%8a%e0%b7%82%e0%b7%94%e0%b6%b1%e0%b7%8a-%e0%b6%a1%e0%b6%b1%e0%b7%8a%e0%b6%af-%e0%b6%b1/,,මාධ්‍ය සහ භික්ෂුන් ඡන්ද නීති නොතකා කටයුතු කළා - පැෆ්රල්,,"Posted on 11.15.2019 by Chandana Sirimalwatte in දේශීය පුවත් with 0 Comments

රාජ්‍ය මාධය මෙන්ම පුද්ගලික මාධය ආයතන ජනාධිපතිවරණ වාර්තාකරණයේදී පක්ෂග්‍රාහී ලෙස කටයුතු කර ඇති බව සමීක්ෂණ වාර්තා අනාවරණය කරයි.

පැෆ්රල් ආයතනය 2019 සැප්තැම්බර් 27 දින සිට නොවැම්බර් 13 වන දා පස්වරු 4.30 දක්වා පූර්ව මැතිවරණ ප්‍රචාරක කාලය සම්බන්ධයෙන් නිකුත් කළ වාර්තාව අනුව කිසිදු මනුෂ්‍ය ඝාතනයක් වාර්තා වී නොමැත.

කෙසේවෙතත් ආගමික නායකයන් හා මාධ්‍ය ආයතන කිසිදු මැතිවරණ නීතියක් නොමැති ආකාරයට කටයුතු කළ බව සමීක්ෂන මගින් පෙන්වා දෙන ලදී. එවැනි සමීක්ෂණ වාර්තාවක පක්ෂග්‍රාහිත්වය පිළිබඳ ප්‍රස්ථාර මාධ්‍ය හමුවේ ගෙන හැර දක්වමින් මැතිවරණ කොමිසමේ සභාපතිවරයා සිය අප්‍රසාදය පළකර සිටියේය.

ඊට අමතරව, බරපතල ප්‍රචණ්ඩ ක්‍රියාවන්ට අදාළ නීති උල්ලංඝණය කිරීම් වාර්තා වී ඇත්තේ, 68ක් පමණි. ඉන් බරපතල ගනයේ පහර දීම් සිද්ධි ඇත්තේ 15ක් පමණි.

පැෆ්රල් ආයතනයේ විධායක අධ්‍යක්ෂ රෝහණ හෙට්ටිආරච්චි බීබීසී සිංහල සේවයට ප්‍රකාශයක් සිදුකරමින්, මීට පෙර පැවති ජනාධිපතිවරණ ඡන්ද විමසීම්වලට සාපේක්ෂව මෙවර පූර්ව මැතිවරණ ප්‍රචණ්ඩ ක්‍රියාවල සැලකිය යුතු අඩුවක් දක්නට ලැබෙන බව කීය.",රාජ්‍ය මාධය මෙන්ම පුද්ගලික මාධය ආයතන ජනාධිපතිවරණ වාර්තාකරණයේදී පක්ෂග්‍රාහී ලෙස කටයුතු කර ඇති බව සමීක්ෂණ වාර්තා අනාවරණය කරයි. පැෆ්රල් ආයතනය 2019 සැප්තැම්බර් 27 දින සිට නොවැම්බර් 13 වන දා පස්වරු 4.30 දක්වා පූර්ව මැතිවරණ ප්‍රචාරක කාලය සම්බන්ධයෙන් නිකුත් කළ වාර්තාව අනුව කිසිදු මනුෂ්‍ය ඝාතනයක් වාර්තා වී නොමැත. කෙසේවෙතත් ආගමික නායකයන් හා මාධ්‍ය ආයතන කිසිදු මැතිවරණ …,sin,lankaviews,Lanka Views,fake news,6c0ae8f8-323d-441a-9f66-690a89692569,article,MassiveSum
https://www.lankaviews.com/%e0%b6%ba%e0%b7%8f%e0%b6%b4%e0%b6%b1%e0%b6%ba-%e0%b6%b4%e0%b7%94%e0%b7%83%e0%b7%8a%e0%b6%ad%e0%b6%9a%e0%b7%8f%e0%b6%bd%e0%b6%ba%e0%b6%a7-%e0%b6%9c%e0%b7%92%e0%b6%b1%e0%b7%92%e0%b6%ad%e0%b6%b6%e0%b7%8f/,,යාපනය පුස්තකාලයට ගිනිතබා වසර 34 යි,,Posted on 05.31.2015 by Sampath in සේයා සටහන with 0 Comments,"යාපනය පුස්තකාලයට ගිනි තබා විනාශ කර වසර 34 ක් ගතවී තිබේ. එක්දහස් නවසීය අසූ එක වසරේ මැයි 31 දින රාත්‍රියේ යාපනය පුස්තකාලයට ගිනි තබන ලදී. ඒ වන විට යාපනය පුස්තකාලය සතුව පොත් 97,000ක් පමණ පමණ තිබූ බව වාර්තා වේ. යාපනය දොරේ අප්පා ක්‍රීඩාංගනය අසල පිහිටි යාපනය පුස්තකාලය 1935 වර්ෂයේ කේ. එම්. වෙල්ලප්පාගේ අදහසකට අනුව පෞද්ගලිකිව …",sin,lankaviews,Lanka Views,fake news,73aca80e-15af-4fd9-8cef-d0e58f9b9fa3,article,MassiveSum
https://www.lankaviews.com/%e0%b6%86%e0%b7%80%e0%b7%9a%e0%b6%b1%e0%b7%92%e0%b6%9a-%e0%b7%83%e0%b6%ad%e0%b7%94%e0%b6%b1%e0%b7%8a-%e0%b7%80%e0%b6%b3-%e0%b7%80%e0%b7%99%e0%b6%ba%e0%b7%92-%e0%b6%b8%e0%b7%84%e0%b6%b1%e0%b7%94/,,ආවේනික සතුන් වඳ වෙයි - මහනුවර මහා විනාශයක්,,Posted on 10.18.2015 by Nishshanka in දේශීය පුවත් with 0 Comments,ශ්‍රී ලංකාවට පමණක් ආවේනික මහවැලි ගඟ ආශ්‍රිතව දිවි ගෙවන සත්ව විශේෂ රැසක් වඳවීමේ තර්ජනයට මුහුණ පා ඇතැයි පරිසරවේදීහු පවසති. මේ අතරින් ඇතැම් සත්ව විශේෂ ලෝකයෙන්ම ඇත්තේ මහනුවර මහවැලි නදිය අසල පමණි. මහනුවර හැර ලංකාවේ අනෙක් ප්‍රදේශ වලද එම සතුන් දක්නට නැත. මේ මහා පරිසර විනාශය පිලිබඳ චෝදනා එල්ල වී තිබෙන්නේ මහනුවර මහනගර සභාවට සහ මහනුවර …,sin,lankaviews,Lanka Views,fake news,ba3ea5b2-5081-418f-8769-63ead8319e40,article,MassiveSum
https://www.lankaviews.com/%e0%b6%ba%e0%b7%84%e0%b6%b4%e0%b7%8f%e0%b6%bd%e0%b6%b1-%e0%b6%87%e0%b6%b8%e0%b7%90%e0%b6%ad%e0%b7%92%e0%b6%9c%e0%b7%99-%e0%b7%80%e0%b7%90%e0%b6%a9-%e0%b6%b8%e0%b7%99%e0%b7%84%e0%b7%99%e0%b6%b8/,,"යහපාලන ඇමැතිගෙ වැඩ මෙහෙමයි - බිලියන 3.6යි, ටෙන්ඩර් දෙකයි!",,Posted on 06.19.2016 by Chandana Sirimalwatte in දේශීය පුවත් with 0 Comments,හවුල් ආණ්ඩුවේ යහපාලනය යළිත් හෙළිදරව් කරමින් ඇමැතිවරයකුගේ සමාගමකට රැපියල් බිලියන 1.8ක බැගින් මාර්ග සංවවර්ධන ටෙන්ඩර දෙකක් ලබා දී තිබේ. ඇමැතිවරයා සහභාගි වූ ඇමැති කමිටුවකින් මෙම ටෙන්ඩර් අනුමත කරවාගෙන ඇති අතර ඇමැතිගේ නමින්ම ක්‍රියාත්මකවන ඉදිකිරිම් සමාගමකින් ප්‍රාදේශීය මාර්ග ව්‍යාපෘති දෙකකට අයත් මෙම කොන්ත්‍රාත් ලබාගෙන ඇත.,sin,lankaviews,Lanka Views,fake news,8e132ac3-1141-4523-a312-7be74aa77067,article,MassiveSum
https://www.lankaviews.com/%e0%b7%83%e0%b7%94%e0%b7%85%e0%b6%9c-%e0%b6%85%e0%b6%b4-%e0%b6%bb%e0%b7%90%e0%b6%9c%e0%b7%99%e0%b6%b1-%e0%b6%ba%e0%b7%8f%e0%b7%80%e0%b7%92-%e0%b7%84%e0%b7%9c%e0%b6%b3%e0%b6%b8-%e0%b6%a0%e0%b7%92/,,'සුළග අප රැගෙන යාවි' හොඳම චිත්‍රපටය ලෙස සම්මාන!,,Posted on 10.28.2016 by Chandana Sirimalwatte in කලා with 0 Comments,නුවන් ජයතිලකගේ ‘සුළග අප රැගෙන යාවි’ චිත්‍රපටය ඉතාලියේ අන්තර්ජාතික සිනමා උළෙලක දී හොඳම චිත්‍රපටය ලෙස සම්මාන ලැබීය. ඉතාලියේ ‘මෙත්‍රිකමන්තේ කොර්තෝ'(Metricamente Corto) සිනමා උළෙලට තෝරාගත් සිනමා පට 41ක් අතරින් හොඳම චිත්‍රපටයට හිමි සම්මානය දිනාගත් ‘සුළග අප රැගෙන යාවි’ නුවන් ජයතිලකගේ ප්‍රඛම සිනමා සිනමා නිර්මාණයයි. මෙම සිනමා කෘතියට 2016 වසරේ 49 වැනි හූස්ටන් ජාත්‍යන්තර සිනමා උළෙලේදී රෙමි …,sin,lankaviews,Lanka Views,fake news,02f15c4b-2a98-45b6-a928-d8bfeeb586ac,article,MassiveSum
https://www.lankaviews.com/%e0%b6%bb%e0%b6%82%e0%b6%a2%e0%b6%b1%e0%b7%8a-%e0%b7%84%e0%b6%ac%e0%b6%b4%e0%b6%a7-%e0%b7%83%e0%b7%90%e0%b6%9a%e0%b6%ba-%e0%b6%b8%e0%b6%ad-%e0%b7%80%e0%b7%92%e0%b6%b1%e0%b7%92%e0%b7%83%e0%b7%94/,,රංජන් හඬපට සැකය මත විනිසුරුවරු ගෙදර යවයි,,"Posted on 01.16.2020 by Chandana Sirimalwatte in දේශීය පුවත් with 0 Comments

මහේස්ත්‍රාත් ධම්මික හේමපාලගේ සේවය වහා ක්‍රියාත්මක වන පරිදි අත්හිටුවා ඇතැයි අධිකරණ සේවා කොමිෂන් සභාව පවසයි.

මෑතකදී අනාවරණය වූ පාර්ලිමේන්තු මන්ත්‍රී රංජන් රාමනායකගේ දුරකතන සංවාද හේතුවෙන් මෙලෙස මහේස්ත්‍රාත්වරයාගේ සේවය අත්හිටුවා තිබේ. මේ අතර ඇඹිලිපිටිය මහේස්ත්‍රාත් ගිහාන් පිලපිටිය සම්බන්ධයෙන්ද පියවර ගැනීමට අධිකරණ සේවා කොමිෂන් සභාව කටයුතු කරමින් සිටින බවට දැනලගන්නට ඇත.",මහේස්ත්‍රාත් ධම්මික හේමපාලගේ සේවය වහා ක්‍රියාත්මක වන පරිදි අත්හිටුවා ඇතැයි අධිකරණ සේවා කොමිෂන් සභාව පවසයි. මෑතකදී අනාවරණය වූ පාර්ලිමේන්තු මන්ත්‍රී රංජන් රාමනායකගේ දුරකතන සංවාද හේතුවෙන්  මෙලෙස මහේස්ත්‍රාත්වරයාගේ සේවය අත්හිටුවා තිබේ.  මේ අතර ඇඹිලිපිටිය මහේස්ත්‍රාත් ගිහාන් පිලපිටිය සම්බන්ධයෙන්ද පියවර ගැනීමට අධිකරණ සේවා කොමිෂන් සභාව කටයුතු කරමින් සිටින බවට දැනලගන්නට ඇත.,sin,lankaviews,Lanka Views,fake news,605f9079-6cc4-4423-a7c9-2fb27fa73e7d,article,MassiveSum
https://www.lankaviews.com/%e0%b6%a2%e0%b7%96%e0%b6%bd%e0%b7%92-%e0%b7%80%e0%b6%b1%e0%b7%80%e0%b7%92%e0%b6%a7-%e0%b6%a9%e0%b7%9c%e0%b6%bd%e0%b6%bb%e0%b7%8a-%e0%b6%b6%e0%b7%92%e0%b6%bd%e0%b7%92%e0%b6%ba%e0%b6%b1-1%e0%b6%9a/,,ජූලි වනවිට ඩොලර් බිලියන 1ක ණය වාරිකයක් ගෙවිය යුතුයි - මහ බැංකුව,,"Posted on 03.07.2021 by Sithara Sajeewani in දේශීය පුවත් with 0 Comments

ශ්‍රී ලංකා මහ බැංකුව විසින් නිකුත් කර ඇති නවතම සංඛ්‍යාලේඛනවලට අනුව 2020 නොවැම්බර් මස අවසානය වන විට රජය විසින් ගෙවිය යුතු සමස්ත ණය ප්‍රමාණය රු. බිලියන 14,817.7 ක් ලෙස සඳහන් වේ. ඒ අතරින් රු. බිලියන 6,393.7 ක් විදෙස් ණය ලෙස සටහන්ව තිබේ.

පසුගිය 04 වනදා පැවති මාධ්‍ය හමුවක දී ශ්‍රී ලංකා මහ බැංකුවේ, රාජ්‍ය ණය දොපර්තමේන්තුවේ අධිකාරී, ආචාර්ය එම්. ඉසෙඩ්. එම්. ආසිම් අනාවරණය කළේ මීළගට ගෙවීමට ඇති විශාලතම තනි ණයවාරිකය ගෙවීමට ඇති දිනය 2021 ජූලි 27 දිනය බවය.

එහිදී එම්. ඉසෙඩ්. එම්. ආසිම් මාධ්‍යය වෙත අදහස් දක්වමින් “ණය වාරික ගෙවීම් නිරන්තරයෙන් සිදුවෙනවා. මූල්‍ය වර්ෂය පුරාවට විවිධ කාලප්‍රාන්තර යටතේ ණය වාරික ගෙවීම සිදුවෙනවා. මීළඟට විදේශ ණය සම්බන්ධයෙන් විශාලම වාරිකය ගෙවීමට ඇති දිනය ලෙසින් 2021 ජූලි 27 හඳුන්වන්න පුළුවන්. ජාත්‍යන්තර ස්වෛරීත්ව බැඳුම්කරයක් එදිනට කල්පිරෙනවා. එය ඩොලර් බිලියන 1 ක වටිනාකමකින් යුක්තයි.“ යනුවෙන් පැවසීය.","ශ්‍රී ලංකා මහ බැංකුව විසින් නිකුත් කර ඇති නවතම සංඛ්‍යාලේඛනවලට අනුව 2020 නොවැම්බර් මස අවසානය වන විට රජය විසින් ගෙවිය යුතු සමස්ත ණය ප්‍රමාණය රු. බිලියන 14,817.7 ක් ලෙස සඳහන් වේ. ඒ අතරින් රු. බිලියන 6,393.7 ක් විදෙස් ණය ලෙස සටහන්ව තිබේ. පසුගිය 04 වනදා පැවති මාධ්‍ය හමුවක දී ශ්‍රී ලංකා මහ බැංකුවේ, රාජ්‍ය ණය …",sin,lankaviews,Lanka Views,fake news,ddd297fe-5ca5-4934-9679-1f51e3036c07,article,MassiveSum
https://ceylondaily.com/%e0%b6%ad%e0%b7%92%e0%b6%ba%e0%b7%94%e0%b6%ab%e0%b7%94-%e0%b6%86%e0%b6%ba%e0%b7%94%e0%b6%b0%e0%b6%ba%e0%b6%9a%e0%b7%92%e0%b6%b1%e0%b7%8a-%e0%b6%b4%e0%b7%84%e0%b6%bb-%e0%b6%af%e0%b7%93-%e0%b6%b6/,,තියුණු ආයුධයකින් පහර දී බැළලියක මරාදැමූ සිසුවා පොලිස් බාරයට,,"Like Love Haha Wow Sad Angry

බණ්ඩාරගම, මස්විල ප්‍රදේශයේ අසල්වැසි නිවසක සුරතලයට ඇති කළ බැළලියකට තියුණු ආයුධයකින් පහර දී මරාදැමීමේ සිද්ධියක් සම්බන්ධයෙන් පාසල් සිසුවකු අද(23) පොලිසියට බාරවීමෙන් පසු අත්අඩංගුවට ගත් බව බණ්ඩාරගම පොලිසිය පවසයි.

බණ්ඩාරගම පොලිසිය සැකකාර පාසල් සිසුවාට පොලිසියට පැමිණෙන්නැයි දැනුම් දුන්නද ඔහු සිය දෙමව්පියන් සමඟ ප්‍රදේශය හැරගොස් තිබූ බවත් පසුව අද පැමිණ පොලිසියට බාර වූ බව පොලිස් නිලධාරියෙක් පැවසීය.

සැකකාර සිසුවාගේ නිවසට බැළලිය පැමිණීම සම්බන්ධයෙන් මෙම පහරදීම සිදුකරන්නට ඇතැයි බැළලිය ඇති කළ අසල්වැසි කාන්තාව පොලිසියට කළ පැමිණිල්ලේ සදහන් වේ.

තුවාල ලද බැළලිය සිසුවාගේ නිවස ආසන්න මාර්ගයේ දමා ගොස් ඇති බවද, අසල්වැසි කාන්තාව එහි යනවිටද බැළලිය මියගොස් ඇතැයිද පැමිණිල්ලේ වැඩිදුරටත් සඳහන්ව ඇත.

Like Love Haha Wow Sad Angry","බණ්ඩාරගම, මස්විල ප්‍රදේශයේ අසල්වැසි නිවසක සුරතලයට ඇති කළ බැළලියකට තියුණු ආයුධයකින් පහර දී මරාදැමීමේ සිද්ධියක් සම්බන්ධයෙන් පාසල් සිසුවකු අද(23) පොලිසියට බාරවීමෙන් පසු අත්අඩංගුවට ගත් බව බණ්ඩාරගම පොලිසිය පවසයි. බණ්ඩාරගම පොලිසිය සැකකාර පාසල් සිසුවාට පොලිසියට පැමිණෙන්නැයි දැනුම් දුන්නද ඔහු සිය දෙමව්පියන් සමඟ ප්‍රදේශය හැරගොස් තිබූ බවත් පසුව අද පැමිණ පොලිසියට බාර වූ බව පොලිස් නිලධාරියෙක් පැවසීය. …",sin,ceylondaily,Ceylon Daily,fake news,23252ae0-eb1f-4271-a538-8270bcc7afca,article,MassiveSum
https://ceylondaily.com/%e0%b6%91%e0%b6%b1%e0%b7%8a%e0%b6%a2%e0%b7%92%e0%b6%b1%e0%b7%8a-%e0%b6%af%e0%b7%99%e0%b6%9a%e0%b6%9a%e0%b7%8a-%e0%b7%83%e0%b7%84%e0%b7%92%e0%b6%ad-%e0%b6%bd%e0%b7%9c%e0%b7%80-%e0%b7%80%e0%b7%92/,,එන්ජින් දෙකක් සහිත ලොව විශාලතම යානය ගුවන්ගත වෙයි,,"Like Love Haha Wow Sad Angry

බෝයිං සමාගම නිපදවූ, එන්ජින් දෙකක් සහිත ලොව විශාලතම ගුවන් යානයේ පළමු අත්හදා බැලීමේ ගුවන් ගමන සාර්ථකව නිම කර තිබේ.

බෝයිං 777X ලෙස නම් කර ඇති මෙම ජෙට් යානය අත්හදා බැලෙන්නේ බෝයිං 737 මැක්ස් යානා දෙකක් අනතුරට ලක් වීම නිසා පළුදු වූ සිය සමාගමේ ප්‍රතිරූපය යළි නගාසිටුවීමට උත්සහ කරමින් සිටියදී ය.

පුද්ගලයන් 346 දෙනෙකුට මරු කැඳවූ එම අනතුරු දෙක සිදුවීමෙන් පසු බෝයිං 737 මැක්ස් මාදිලියේ යානා සියල්ලම පියාසර කරවීම අත්හිටුවන ලදී.

බෝයිං සමාගමේ නවතම නිෂ්පාදනය වන බෝයිං 777X, ජනවාරි 26 දා එක්සත් ජනපදයේ සියැටල් නගරයට නුදුරු ස්ථානයක දී ගුවන්ගත කෙරුණු අතර එය පැය හතරක් පමණ පියාසර කෙරුණි.

පසුගිය සතියේ සිදුකිරීමට සුදානම් කර තිබූ මෙම අත්හදා බැලීම දෙවරක් ම කල් දැමීමට සිදු වූයේ ඒ අවස්ථාවේ තිබූ දැඩි සුළං සහිත කාලගුණය හේතුවෙනි.

මෙම අලුත්ම ගුවන් යානය ලබන වසරේ දී එමිරේට්ස් ගුවන් සමාගමේ සේවයට යෙදවීමට නියමිතය. නමුත් ඊට පෙර තවත් අත්හදා බැලීමේ පියාසරකරවීම් කිහිපයක් සිදු කළ යුතුව ඇත.

අඩි 252ක් දිගැති බෝයිං 777X යානය මෙම වසරේ දී මගී ප්‍රවාහනය සඳහා දියත් කිරීමට නියමිතව තිබූ නමුත් යාන්ත්‍රික දුෂ්කරතා කිහිපයක් මතු වූ හෙයින් එය පමා කිරීමට සිදු විය.

බෝයිං 777X යනු එම සමාගමේ සාර්ථක නිෂ්පාදනයක් වන බෝයිං 777 මාදිලියේ දිගුවක් වන අතර එය විශාලත්වයෙන් සහ කාර්යක්ෂමතාවයෙන් ඉහළ මාදිලියකි.

බෝයිං 777X ගුවන් යානය තුළ මගීන් 360කට පමණ ආසන පහසුකම් පවතී.

මෙම යානයේ තටුවල අග කොටස නැමීමට හැකිවීම කැපී පෙනෙන විශේෂත්වයකි. එමෙන්ම, වාණිජ සේවා සඳහා යොදා ගන්නා ගුවන් යානා සඳහා තැනූ ලොව විශාලතම එන්ජිම මෙම යානාව සතු වීම ද තවත් විශේෂත්වයකි.

බෝයිං සමාගම පවසන්නේ මෙම මාදිලියේ ගුවන් යානා 309ක ඇනවුම් සඳහා මේ වන විටත් තමන් වෙත මුදල් ගෙවා ඇති බවය. එක් ගුවන් යානයක මිල ඩොලර් මිලියන 442කට අධිකය.

බෝයිං 737 මැක්ස් ගුවන් යානා දෙකක් අනතුරට පත්වීමෙන් පසු බෝයිං සමාගම අර්බුදයකට මුහුණ දුන්නේය. මෙම අනතුරු දෙකම සිදු වූයේ මාස පහක් වැනි කෙටි කාලයක් ඇතුළතය.

පළමු අනතුර 2018 ඔක්තෝම්බර් මාසයේ ඉන්දුනීසියාවේදී සිදු වූ අතර 2019 මාර්තු මාසයේ දී දෙවන අනතුර සිදු වූයේ ඉතියෝපියාවේදීය.

Like Love Haha Wow Sad Angry","බෝයිං සමාගම නිපදවූ, එන්ජින් දෙකක් සහිත ලොව විශාලතම ගුවන් යානයේ පළමු අත්හදා බැලීමේ ගුවන් ගමන සාර්ථකව නිම කර තිබේ. බෝයිං 777X ලෙස නම් කර ඇති මෙම ජෙට් යානය අත්හදා බැලෙන්නේ බෝයිං 737 මැක්ස් යානා දෙකක් අනතුරට ලක් වීම නිසා පළුදු වූ සිය සමාගමේ ප්‍රතිරූපය යළි නගාසිටුවීමට උත්සහ කරමින් සිටියදී ය. පුද්ගලයන් 346 දෙනෙකුට මරු කැඳවූ …",sin,ceylondaily,Ceylon Daily,fake news,5f1b8c18-66f4-4a9a-8d81-ef807b28059b,article,MassiveSum
https://www.lankaviews.com/estate-line-houses-on-fire/,,අාගරපතන වතු නිවාස පෙළක ගින්නෙන් 49ක් අවතැන් !,,"Posted on 06.14.2018 by Chandana Sirimalwatte in දේශීය පුවත් with 0 Comments

අද(13දා) උදෑසන ආගරපතන, බැල්මොරල්වත්තේ වතු කම්කරු නිවාස පෙළක හටගත් ගින්නක් නිසා පේළි නිවාස 12ක් ගිනිගෙන විනාශ වී ඇත. එක නිවෙසක ඇතිවූ ගින්දරක් මෙසේ අනෙක් නිවාසවලට පැතිර ගොස් අැති අතර පොලිසිය හා වතු කම්කරුවන් එක්ව දැඩි පරිශ්‍රමයක් දරා ගින්න නිවා දැමුණි. ඒහෙත් ඒ් වනවිටත් ගින්නට හසුවූ නිවාස 12ක් දැවී විනාශ වී අැති අතර ඒ්වායේ පදිංචිව සිටි පාසල් ළමයි 13 දෙනකුද අැතුළු 49 දෙනකු මේ වන විට අවතැන්ව සිටී.

කදුකර වතු වගාවන් සදහා ශ්‍රමයෙන් දායකවන වතු කම්කරු ජනතාව තමන්ට කියා නිවසක් සහ ඉඩමක් ඉල්ලා සිටින්නේ වසර දසක ගණනාවක සිටය. වතු හිමියෝ මෙම කම්කරු ජනයා පේලි නිවාසවල රදවා ශ්‍රම සූරාකෑම පහසුවෙන් සිදුකරති. වතුකම්කරුවන්ට දිනකට රුපියල් 1000ක වැටුපක් ලබාදීමේ සිට ඔවුන්ගේ ජීවන මට්ටම උසස් කරන්නට අවශ්‍ය වුවද කිසිදු අාණ්ඩුවක් ඒ් වෙනුවෙන් නිසි ක්‍රමවේදයක් සකස් කර නැත.","අද(13දා) උදෑසන ආගරපතන, බැල්මොරල්වත්තේ වතු කම්කරු නිවාස පෙළක හටගත් ගින්නක් නිසා පේළි නිවාස 12ක් ගිනිගෙන විනාශ වී ඇත. එක නිවෙසක ඇතිවූ ගින්දරක් මෙසේ අනෙක් නිවාසවලට පැතිර ගොස් අැති අතර පොලිසිය හා වතු කම්කරුවන් එක්ව දැඩි පරිශ්‍රමයක් දරා ගින්න නිවා දැමුණි. ඒහෙත් ඒ් වනවිටත් ගින්නට හසුවූ නිවාස 12ක් දැවී විනාශ වී අැති අතර ඒ්වායේ පදිංචිව සිටි පාසල් …",sin,lankaviews,Lanka Views,fake news,ce6f856a-ce2f-4a46-b76f-e3e87eaebe2a,article,MassiveSum
https://ceylondaily.com/%e0%b7%83%e0%b7%92%e0%b6%ba%e0%b6%bd%e0%b7%94%e0%b6%b8-%e0%b6%bb%e0%b7%8f%e0%b6%a2%e0%b7%8a%e2%80%8d%e0%b6%ba-%e0%b7%80%e0%b7%92%e0%b7%81%e0%b7%8a%e0%b7%80%e0%b7%80%e0%b7%92%e0%b6%af%e0%b7%8a%e2%80%8d/,,සියලුම රාජ්‍ය විශ්වවිද්‍යාල සති 2 කට වැසේ,,"Like Love Haha Wow Sad Angry

රජයේ සියලු විශ්වවිද්‍යාල හෙට (14) සිට සති 2 ක කාලයක් වසා දැමීමට තීරණය කර තිබේ.

විශ්වවිද්‍යාල ප්‍රතිපාදන කොමිෂන් සභාව එම තීරණය ගෙන ඇත්තේ අද පෙරවරුවේ විශ්වවිද්‍යාල උපකුලපතිවරුන් සමග පැවති සාකච්ඡාවකදීය.

විශ්වවිද්‍යාල ප්‍රතිපාදන කොමිෂන් සභාවේ සභාපති මහාචාර්ය සම්පත් අමරතුංග මහතා සඳහන් කළේ, මේ අනුව සියලු රාජ්‍ය විශ්වවිද්‍යාලවල සති අන්ත පාඨමාලාද නොපැවැත්වෙන බවයි.

කොරෝනා වෛරසය හේතුවෙන් සිසුන්ගේ ආරක්ෂාව වෙනුවෙන් මෙම පියවර ගත් බව ඔහු සඳහන් කළේ ය.

Like Love Haha Wow Sad Angry","රජයේ සියලු විශ්වවිද්‍යාල හෙට (14) සිට සති 2 ක කාලයක් වසා දැමීමට තීරණය කර තිබේ. විශ්වවිද්‍යාල ප්‍රතිපාදන කොමිෂන් සභාව එම තීරණය ගෙන ඇත්තේ අද පෙරවරුවේ විශ්වවිද්‍යාල උපකුලපතිවරුන් සමග පැවති සාකච්ඡාවකදීය. විශ්වවිද්‍යාල ප්‍රතිපාදන කොමිෂන් සභාවේ සභාපති මහාචාර්ය සම්පත් අමරතුංග මහතා සඳහන් කළේ, මේ අනුව සියලු රාජ්‍ය විශ්වවිද්‍යාලවල සති අන්ත පාඨමාලාද නොපැවැත්වෙන බවයි. කොරෝනා වෛරසය හේතුවෙන් සිසුන්ගේ …",sin,ceylondaily,Ceylon Daily,fake news,16f1fb7a-4acf-419d-8b69-a974bb799109,article,MassiveSum
https://ceylondaily.com/%e0%b6%b8%e0%b6%bb%e0%b6%ab-%e0%b6%af%e0%b6%ac%e0%b7%94%e0%b7%80%e0%b6%b8-%e0%b6%85%e0%b6%ad%e0%b7%8a%e0%b7%84%e0%b7%92%e0%b6%a7%e0%b7%94%e0%b7%80%e0%b6%b1-%e0%b6%bd%e0%b7%99%e0%b7%83-%e0%b6%ba/,,මරණ දඬුවම අත්හිටුවන ලෙස යුරෝපා සංගමය යළි ඉල්ලයි,,"Like Love Haha Wow Sad Angry

ශ්‍රී ලංකාව තුළ මරණීය දණ්ඩනය ක්‍රියාත්මක කිරිම අත්හිටුවන්නැයි යුරෝපා සංගමය ඒකාබද්ධ නිවේදනයක් නිකුත් කරමින් අවධාරණය කරයි.

යුරෝපා සංගමය නිවේදනයක් නිකුත් කරමින් සඳහන් කළේ, ප්‍රංශ, ජර්මන්, ඉතාලි, නෙදර්ලන්ත, රුමේනියා තානාපති කාර්යාලය සහ එක්සත් රාජධානී මහ කොමසාරිස් කාර්යාලවල එකඟතාව මත මෙම තීරණයට එළැඹි බවයි.

එක්සත් ජාතික පක්ෂ පාර්ලිමේන්තු මන්ත්‍රීවරු පිරිසක් යුරෝපා සංගමය සහ එහි සාමාජික රටවල තානාපතිවරු පිරිසක් අද පෙරවරුවේ හමුවූ අවස්ථාවේදී මේ පිළිබඳව සාකච්ඡා කර තිබේ.

ශ්‍රී ලංකාවේ මරණ දඬුවම අහෝසි කරන ලෙස ද එහිදී ඔවුන් යළි ඉල්ලීමක් කර ඇත.

Like Love Haha Wow Sad Angry","ශ්‍රී ලංකාව තුළ මරණීය දණ්ඩනය ක්‍රියාත්මක කිරිම අත්හිටුවන්නැයි යුරෝපා සංගමය ඒකාබද්ධ නිවේදනයක් නිකුත් කරමින් අවධාරණය කරයි. යුරෝපා සංගමය නිවේදනයක් නිකුත් කරමින් සඳහන් කළේ, ප්‍රංශ, ජර්මන්, ඉතාලි, නෙදර්ලන්ත, රුමේනියා තානාපති කාර්යාලය සහ එක්සත් රාජධානී මහ කොමසාරිස් කාර්යාලවල එකඟතාව මත මෙම තීරණයට එළැඹි බවයි. එක්සත් ජාතික පක්ෂ පාර්ලිමේන්තු මන්ත්‍රීවරු පිරිසක් යුරෝපා සංගමය සහ එහි සාමාජික රටවල තානාපතිවරු …",sin,ceylondaily,Ceylon Daily,fake news,6b202ad5-4f88-47be-a897-dac27ae6b08f,article,MassiveSum
https://ceylondaily.com/%e0%b6%9a%e0%b7%9c%e0%b6%bb%e0%b7%9d%e0%b6%b1%e0%b7%8f-%e0%b6%bb%e0%b7%9d%e0%b6%9c%e0%b7%93%e0%b6%b1%e0%b7%8a-72%e0%b6%9a%e0%b7%8a-%e0%b6%af%e0%b6%9a%e0%b7%8a%e0%b7%80%e0%b7%8f-%e0%b6%89%e0%b7%84/,,කොරෝනා රෝගීන් 72ක් දක්වා ඉහළට,,"Like Love Haha Wow Sad Angry

කොරෝනා වෛරසය වැළදුණු තවත් රෝගීන් දෙදෙනෙක් අද (20) සවස් කාලයේදී හමුවූ බව වසංගත රෝග විද්‍යා ඒකකයේ ප්‍රධානි විශේෂඥ වෛද්‍ය සුදත් සමරවීර මහතා පවසයි.

ඔහු සඳහන් කළේ ඒ අනුව මේ වන විට මෙරටින් වාර්තා වු මුළු කොරෝනා වෛරස් රෝගීන් ගණන 72ක් වන බවයි

Like Love Haha Wow Sad Angry",කොරෝනා වෛරසය වැළදුණු තවත් රෝගීන් දෙදෙනෙක් අද (20) සවස් කාලයේදී හමුවූ බව වසංගත රෝග විද්‍යා ඒකකයේ ප්‍රධානි විශේෂඥ වෛද්‍ය සුදත් සමරවීර මහතා පවසයි. ඔහු සඳහන් කළේ ඒ අනුව මේ වන විට මෙරටින් වාර්තා වු මුළු කොරෝනා වෛරස් රෝගීන් ගණන 72ක් වන බවයි,sin,ceylondaily,Ceylon Daily,fake news,9207e874-1414-47f8-a25a-5fcac679c73d,article,MassiveSum
https://www.lankaviews.com/%e0%b6%a2%e0%b6%b1%e0%b6%ad%e0%b7%8f-%e0%b7%80%e0%b7%92%e0%b6%bb%e0%b7%9d%e0%b6%b0%e0%b6%ba-%e0%b6%b1%e0%b7%9c%e0%b6%ad%e0%b6%9a%e0%b7%8f-%e0%b6%a2%e0%b6%b4%e0%b7%8f%e0%b6%b1%e0%b6%ba-%e0%b7%83/,,ජනතා විරෝධය නොතකා ජපානය සෙන්ඩායි න්‍යෂඨික බලාගාර නැවත විවෘත කරයි.,,"Posted on 08.11.2015 by Nishshanka in විදෙස් පුවත් with 0 Comments

ජපානයේ විපක්ෂ කණ්ඩායම් හා සමාජ ක්‍රියාකාරීන් හා එරට වාමාංශික පක්ෂ හා සංවිධාන මෙම ජපාන වත්මන් පාලකයන්ගේ මේ හිතුවක්කාර තීරණයට එරෙහිව උද්ඝෝෂණ ව්‍යයාපාර ආරම්භ කර ඇත.",2011 මාර්තු මාසයේදී ඇතිවූ සුනාමිය හේතුවෙන් ෆුකුෂිමා න්‍යෂ්ටික බලාගාරයේ සිදුවූ විකිරණ කාන්දුව හේතුවෙන් ජපානය සිය රටතුල තිබූ න්‍යෂ්ඨික බලාගාර සියල්ල වසාදැමීමට තීරණ කරන ලදී. මේ හේතුවෙන් ජපානය පසුගිය කාලයේදී තම බලශක්ති අවශ්‍යතාව සපුරා ගත්තේ ඛනිජ තෙල් සහ ගෑස් ආනයනය කිරීමෙනි. ඒ සදහා ජපානය විසින් විශාල ලෙස විදේශිය විනිමය යෙදවීමට සිදුවිය. තම න්‍යෂ්ඨික බලාගාර වසා දැමීම …,sin,lankaviews,Lanka Views,fake news,3df1a468-ca20-4f5a-980d-72b21b7de029,article,MassiveSum
https://www.lankaviews.com/%e0%b6%9a%e0%b7%8f%e0%b6%b1%e0%b7%8a%e0%b6%ad%e0%b7%8f-%e0%b6%9a%e0%b7%8a%e2%80%8d%e0%b6%bb%e0%b7%92%e0%b6%ba%e0%b7%8f%e0%b6%9a%e0%b7%8f%e0%b6%bb%e0%b7%92%e0%b6%b1%e0%b7%92%e0%b6%ba%e0%b6%b1%e0%b7%8a/,,කාන්තා ක්‍රියාකාරිනියන් සිව් දෙනා අත්අඩංගුවට ගැනීම,,"Posted on 12.13.2019 by Chandana Sirimalwatte in විශේෂාංග with 0 Comments

කොටුව දුම්රියපොළ ආසන්නයේ දැනුවත් කිරීමේ හා ආධාර එකතු කිරීමේ වැඩසටහනක නිරතව සිටි කාන්තා ක්‍රියාකාරිනියන් පිරිසක් අත්අඩංගුවට ගෙන පැය දෙකකට ආසන්න කාලයක් පොලිසිය තුළ රඳවා තබා ගෙන සිට නිදහස් කිරීමට කොටුව පොලිසිය ක්‍රියා කර තිබේ. අත්අඩංගුවට ගැනීම සිදු කර තිබෙන්නේ චෝදනා ඉදිරිපත් කිරීමකින් තොරව වන අතරම නිදහස්කර ඇත්තේ ප්‍රකාශයක්වත් සටහන් කර ගැනීමකින් තොරවය. එනම්, ඔවුන් අත්අඩංගුවට ගැනීම ලංකාවේ පවතින නීතියට පටහැනිව සිදු වූ, එය නීතියට පටහැනි බව පොලිසියද දන්නා සිදුවීමකි. සිද්ධියේ බරපතළකම එයයි. නීතිය පිළිබඳව මෙන්ම නීතිය ක්‍රියාත්මක වන ආකාරය පිළිබඳවද අපට බරපතළ විවේචන, සැක සංකා, ගැටුම් තිබේ. එහෙත්, නීතිය යැයි කුමක් හෝ දෙයක් තිබෙන තත්වයක් තුළ ඊට පිටින් යමක් සිදු වන්නේ නම් එතැන ඇත්තේ නීතිය පිළිබඳ ඇති ගැටලුවට වඩා ලොකු ගැටලුවකි. අත්අඩංගුවට ගන්නා ලද කාන්තා ක්‍රියාකාරිනියන් සිව් දෙනා නිදහස උදෙසා කාන්තා ව්‍යාපාරයේ සාමාජිකාවෝය. ඔවුන් ඇතුළු කණ්ඩායම අද(13) කොළඹ, කොටුවට පැමිණියේ කාන්තා අයිතිවාසිකම් පිළිබඳව දැනුවත් කිරීම හා ඊට අදාළව සිදු කරන වැඩපිළිවෙළට ආධාර ලබා ගැනීමටය. මෙවැනි සමාජ ව්‍යාපාර නඩත්තු වන්නේ ජනතා මුදලින්ය. විවිධ විවේචන තිබියදීත් ජනතාව එම සංවිධානවලට රුපියල් 10කින්, 20කින්, 100කින් ආධාර කරති. එය මහජන සංවිධාන හා ජනතාව අතර සම්බන්ධයක් ඇති වන එක් ආකාරයකි, මෙලෙස ආධාර දීම. එමෙන්ම මෙම මහජන සංවිධාන ජනතාවට වගකියන සංවිධාන බවට පත් වන්නේද ඒවා නඩත්තු වන්නේ ජනතා ආධාරයෙන් වීම නිසාය. ඒ එක් පැත්තකි. පොදුවේ සියලුම ජනතාව දේශපාලන වශයෙන් සක්‍රිය නැත. දේශපාලන වශයෙන් සක්‍රිය වන්නේ මහජන සංවිධානවල සාමාජිකයන් වන ක්‍රියාකාරිකයන්ය. ජනතාව කරන්නේ ඔවුන්ට අනුග්‍රහය සපයමින්, විවේචනාත්මක සහාය දක්වමින් හෝ ඔවුන් කුමක් කරන්නේදැයි බලා සිටීමය. ජනතාවගේ අපේක්ෂාව ජනතා ක්‍රියාකාරිකයන් හරහා එළියට එන්නේ ඒ ආකාරයෙන් වන අතරම ජනතාවගේ අපේක්ෂාව කරළියට පැමිණෙන ප්‍රධානම ආකාරයක් වන්නේද සමාජ ක්‍රියාකාරිකයන්ගේ මැදිහත්වීමය. ඒ නිසා ඔවුන් ජනතාවගේ නියෝජිතයන් වන අතර ඔවුන්ට ක්‍රියාත්මක වීමට හැකි වටපිටාවක් තිබිය යුතුය. නිදහස උදෙසා කාන්තා ව්‍යාපාරයේ ක්‍රියාකාරිනියන් අත්අඩංගුවට ගත් අවස්ථාවේ එයට සම්බන්ධ වූ පොලිස් නිලධාරිනියන්ගේ පවා ස්ථාවරය වී තිබෙන්නේ ඔවුන් නීති විරෝධී ක්‍රියාවක් සිදු කරන බවයි. ඒ අනුව පොලිස් ජීප් රථයක නංවා ගත් ක්‍රියාකාරිනියන් සිව් දෙනා කොටුව පොලිසිය වෙත රැගෙන ගොස් තිබේ. එහිදී අත්අඩංගුවට පත් කාන්තා ක්‍රියාකාරිනියන් විසින් ප්‍රශ්න කර ඇත්තේ, තමන් අත්අඩංගුවට ගන්නා ලද්දේ කවර නීතියක් යටතේද යන්නයි. නීති විරෝධී ක්‍රියාවක් සිදු කරන බව පොලිසිය පවසන්නේ නම් ඒ කවර නීතියකට විරුද්ධවද යන්න පෙන්වා දීම ඒ තරම් දුෂ්කර ක්‍රියාවක් විය නොහැකිය. එහෙත්, ඊට පිළිතුරු නොදුන් පොලිසිය ටික වේලාවකට පසුව පැමිණ දැනුම් දී තිබෙන්නේ ‘පාදඩ ආඥා පනත‘ යටතේ ඔවුන් විසින් වරදක් සිදු කර තිබෙන බවයි. කාන්තා සංවිධානයක ඉදිරිපෙළ ක්‍රියාකාරිනියන් පිරිසක් ජනතාව දැනුවත් කිරීම හා තමන්ට අනුග්‍රහය දැක්වීමට කැමති අයගෙන් ආධාර මුදලක් ලබා ගැනීම පාදඩ ආඥා පනතට අනුව වරදක් වන්නේ කෙසේදැයි පැහැදිලි කරන ලෙස ඉල්ලා සිටි විට ”ඕඅයිසී මහත්තයා එනකං ඉන්නැ”යි පවසා තිබේ. “ඕඅයිසී මහත්තයා” එනම් කොටුව පොලිස් ස්ථානයේ ස්ථානාධිපතිවරයා පැමිණි පසුව, කාන්තා ක්‍රියාකාරිනියන් තමන්ගේ ප්‍රශ්නය ඔහු වෙත ඉදිරිපත් කර ඇත. එහිදී මෙම අත්අඩංගුවට ගැනීම කිසිදු නීතියකට අනුව සිදු වී නැති බවත්, ඔවුන් කිසිදු වරදක් සිදුකර නැති බවත් පිළිගෙන තිබෙන ඕඅයිසී මහත්තයා ඔවුන්ව නිදහස් කිරීමට පියවර ගෙන තිබේ. ඒ අතරම “නීතියක් නැතත් කොටුවේ මුදල් ඉල්ලන්න දෙන්නේ නෑ” යැයි කොටුව පොලිසියේ ස්ථානාධිපතිවරයා දැනුම් දී ඇත. එහෙත් එය පොලිසියේ තර්ජනයක් මිස නීතිමය ප්‍රතිපාදනයක් ඇති නියෝගයක් නොවේ. මීතොටමුල්ලට කොළඹ කුණු ට්‍රැක්ටර් පිටින් ගෙන එද්දී, ඊට විරුද්ධව කුණු කන්ද ඉදිරිපිට පත්‍රිකා බෙදන සමාජ ක්‍රියාකාරිකයන්ට ‘කඩදාසි බිම වැටීමෙන් පරිසරයට හානි වෙනවා’ යැයි කියමින් බාධා කිරීමට පරිසර පොලිසිය යෙදවීමේ හා මෙම අත්අඩංගුවට ගැනීමේ වෙනසක් නැත. අරමුණ කෙසේ හෝ සමාජ ක්‍රියාකාරීත්වය අඩපණ කිරීම බව පැහැදිලිය.","කොටුව දුම්රියපොළ ආසන්නයේ දැනුවත් කිරීමේ හා ආධාර එකතු කිරීමේ වැඩසටහනක නිරතව සිටි කාන්තා ක්‍රියාකාරිනියන් පිරිසක් අත්අඩංගුවට ගෙන පැය දෙකකට ආසන්න කාලයක් පොලිසිය තුළ රඳවා තබා ගෙන සිට නිදහස් කිරීමට කොටුව පොලිසිය ක්‍රියා කර තිබේ. අත්අඩංගුවට ගැනීම සිදු කර තිබෙන්නේ චෝදනා ඉදිරිපත් කිරීමකින් තොරව වන අතරම නිදහස්කර ඇත්තේ ප්‍රකාශයක්වත් සටහන් කර ගැනීමකින් තොරවය. එනම්, ඔවුන් අත්අඩංගුවට …",sin,lankaviews,Lanka Views,fake news,5c0c613d-bc1a-44f1-880f-53b6f2a55ff6,article,MassiveSum
https://www.lankaviews.com/%e0%b6%87%e0%b6%b3%e0%b7%92%e0%b6%bb%e0%b7%92-%e0%b6%b1%e0%b7%93%e0%b6%ad%e0%b7%92%e0%b6%ba-%e0%b6%89%e0%b7%80%e0%b6%ad%e0%b7%8a-%e0%b6%9a%e0%b7%85%e0%b6%ad%e0%b7%8a-%e0%b6%9c%e0%b7%99%e0%b6%af/,,ඇඳිරි නීතිය ඉවත් කළත් ගෙදරටම වෙලා ඉන්න - විශේෂඥ වෛද්‍ය සුදත් සමරවීර,,"Posted on 11.08.2020 by Sithara Sajeewani in දේශීය පුවත් with 0 Comments

හෙට (09) දින සිට ඇඳිරි නීති ලිහිල් කළද හැකිතාක් සංචරණ සීමා කරමින් සමාජයට පැමිණීමෙන් වැළකී නිවසටම වී සිටින ලෙස සෞඛ්‍ය අමාත්‍යාංශයේ වසංගත රෝග විද්‍යා ඒකකයේ ප්‍රධානී විද්‍යාඥ සුදත් සමරවීර පවසයි. ඔහු පවසන්නේ වැඩිහිටි පුද්ගලයන් සහ නිධන්ගත රෝග තිබෙන එය ගෙදරටම වැදගත් පවසා ඇත.

පිටතට යාමට අවශ්‍ය නම් නිවසින් එක් පුද්ගලයෙක් පමණක් මුඛ ආවරණ සහිතව පිටවී අතසේදීම වැනි සෞඛ්‍ය පුරුදු අනුගමනය ලෙසත් නිවසට යාමට ප්‍රථමද අතසෝදා නිවසට ඇතුල්වෙන ලෙසත් වසංගත රෝග විද්‍යා ඒකකයේ ප්‍රධානී විද්‍යාඥ සුදත් සමරවීර පවසා ඇත.

ඇති බහුතරයකට රෝග ලක්ෂණ නොමැති හෙයින් හෙට දින සිට ඔබ සමජයට යාමේදී ඔබට ඉටුකිරීමට වගකීම් සහ යුතුකම් ඇති අතර ඔබෙන් කෙනෙකුට රෝගය බෝ නොවීමත් ඔබට රෝගය ආසාදනය නොවීමටත් වගබලා ගත යුතු බවයි ඔහු වැඩිදුරටත් සඳහන් කර ඇත.",හෙට (09) දින සිට ඇඳිරි නීති ලිහිල් කළද හැකිතාක් සංචරණ සීමා කරමින් සමාජයට පැමිණීමෙන් වැළකී නිවසටම වී සිටින ලෙස සෞඛ්‍ය අමාත්‍යාංශයේ වසංගත රෝග විද්‍යා ඒකකයේ ප්‍රධානී විද්‍යාඥ සුදත් සමරවීර පවසයි. ඔහු පවසන්නේ වැඩිහිටි පුද්ගලයන් සහ නිධන්ගත රෝග තිබෙන එය ගෙදරටම වැදගත් පවසා ඇත. පිටතට යාමට අවශ්‍ය නම් නිවසින් එක් පුද්ගලයෙක් පමණක් මුඛ ආවරණ සහිතව පිටවී …,sin,lankaviews,Lanka Views,fake news,a73ff390-40b0-486e-92a8-93b1e016bb22,article,MassiveSum
https://www.lankaviews.com/%e0%b6%b4%e0%b7%8a%e2%80%8d%e0%b6%bb%e0%b7%84%e0%b7%8f%e0%b6%bb-%e0%b7%80%e0%b7%85%e0%b6%9a%e0%b7%8a%e0%b7%80%e0%b6%b1%e0%b7%8a%e0%b6%b1-%e0%b6%85%e0%b7%83%e0%b6%b8%e0%b6%ad%e0%b7%8a-%e0%b7%80/,,ප්‍රහාර වළක්වන්න අසමත් වූ පොලිස්පති ඉල්ලා අස්විය යුතුයි - රාජිත සේනාරත්න,,"Posted on 04.23.2019 by Sithara Sajeewani in දේශීය පුවත් with 0 Comments

පල්ලි සහ හෝටල් කිහිපයකට එල්ල වූ ප්‍රහාරය වැළක්වීමට පියවර නොගැනීම හේතුවෙන් පොලිසියේ ප්‍රධානියා ලෙස පොලිස්පති පූජිත ජයසුන්දර ඉල්ලා අස්විය යුතු බව රාජිත සේනාරත්න පවසයි.

ඔහු පවසන්නේ දිවයිනේ ස්ථාන කිහිපයක මරාගෙන මැරෙන ප්‍රහාරයක් එල්ල කරන බවට ජාත්‍යන්තර ඔත්තු සේවා මගින් අප්‍රේල් මස 04 දින දන්වා තිබී ඇති අතර එය ආරක්ෂක අංශ විසින් පොලීසිය වෙත දන්වා ඇති බවයි.

රාජිත ඇමතිවරයා පවසන්නේ “ජාත්‍යන්තර ඔත්තු සේවා දැනුම් දී තිබුනේ කතෝලිය දේවස්ථාන, සංචාරක හෝටල්වලට පහර දෙනවා කියලයි. මෙම සිද්ධිය සිදුවීමට දින 02 කට පෙරත් බෝම්බ පිපිරවීමට විනාඩි 10 කට පෙරත් ජාත්‍යන්තර ඔත්තු සේවා ආරක්ෂක අමාත්‍යාංශය දැනුවත් කර තිබෙනවා. මෙය ඛේදවාචකයක්. සංචාරක කර්මාන්තයට ප්‍රශ්නයක්.

මෙම සිද්ධිය සම්බන්ධයෙන් පොලිස්පතිවරයා වහාම ඉල්ලා අස්විය යුතුයි. අද පස්වරුවේ පැවැත්වෙන අමාත්‍ය මණ්ඩල රැස්වීමේ දී අපි ජනාධිපතිවරයාගෙන් ඉල්ලා සිටිනවා පොලිස්පතිවරයා ඉවත් කරන්න කියලා. “",පල්ලි සහ හෝටල් කිහිපයකට එල්ල වූ ප්‍රහාරය වැළක්වීමට පියවර නොගැනීම හේතුවෙන් පොලිසියේ ප්‍රධානියා ලෙස පොලිස්පති පූජිත ජයසුන්දර ඉල්ලා අස්විය යුතු බව රාජිත සේනාරත්න පවසයි. ඔහු පවසන්නේ දිවයිනේ ස්ථාන කිහිපයක මරාගෙන මැරෙන ප්‍රහාරයක් එල්ල කරන බවට ජාත්‍යන්තර ඔත්තු සේවා මගින් අප්‍රේල් මස 04 දින දන්වා තිබී ඇති අතර එය ආරක්ෂක අංශ විසින් පොලීසිය වෙත දන්වා ඇති …,sin,lankaviews,Lanka Views,fake news,edf24de1-8c1c-4f7b-94d2-9c52faf6a1d4,article,MassiveSum
https://www.lankaviews.com/%e0%b6%ba%e0%b7%94%e0%b6%bb%e0%b7%9d%e0%b6%b4%e0%b7%8f-%e0%b7%83%e0%b6%82%e0%b6%9c%e0%b6%b8%e0%b6%ba%e0%b7%9a-%e0%b6%b8%e0%b7%90%e0%b6%ad%e0%b7%92%e0%b7%80%e0%b6%bb%e0%b6%ab-%e0%b6%b1%e0%b7%93/,,යුරෝපා සංගමයේ මැතිවරණ නීරීක්ෂකයින් අද යාපනයේ සංචාරයක,,Posted on 07.22.2015 by Nishshanka in දේශීය පුවත් with 0 Comments,යුරෝපා සංගමයට අයත් රටවල සාමාජිකයින්ගෙන් සැදුම්ලත් මැතිවරණ නිරීක්ෂණ කණ්ඩායම අද දින යාපනයේ සිය මැතිවරණ නිරීක්ෂණ කටයුතුවල යෙදීමට නියමිත බව එම කණ්ඩායමේ නායක යුරෝපා පාර්ලිමේන්තු මන්ත්‍රී කි‍්‍රස්ටියන් පේඩා මාධ්‍යය වෙත පවසා ඇත. ඒ අනුව අද දින යාපනය දිස්ත්‍රික්කය තුල සිය නිරීක්ෂණයන්වල යෙදෙන අතර එහිදී යාපනය දිස්ත්‍රික්යේ මෙවර මහමැතිවරණය වෙනුවෙන් තරගවදින දේශපාලන පක්ෂවල නියෝජිතයින් හා සිවිල් සංවිධානවල …,sin,lankaviews,Lanka Views,fake news,1b663028-a6b4-4022-8164-678c5f036484,article,MassiveSum
https://www.lankaviews.com/govt-to-revoke-ban-on-viber/,,Viber තහනම පමණක් අද මධ්‍යම රාත්‍රි ඉවත් කරනවා ! - රජයේ ප්‍රවෘත්ති දෙපාර්තමේන්තුව,,"Posted on 03.13.2018 by Chandana Sirimalwatte in දේශීය පුවත් with 0 Comments

සමාජ මාධ්‍ය ජාලා තහනම නිසා ඇතිව තිබෙන දුෂ්කරතා සළකා බලා Viber තහනම පමණක් අද මධ්‍යම රාත්‍රි ඉවත් කරන බව රජයේ ප්‍රවෘත්ති දෙපාර්තමේන්තුව නිවේදනය කරයි.

විශේෂයෙන් විදේශගත ලාංකිකයන්ට සිට ඥාතින් සමග සන්නිවේදනය කිරීමේ අවශ්‍යතා සළකමින් මෙම පහසුකම පමණක් අද මධ්‍යම රාත්‍රිෙය් නැවත ලබා දෙන්නට රජය තීරණය කර ඇත.

කෙසේවෙතත් සමාජ ජාලා මාධ්‍ය තහනම නිදහස් අදහස් ප්‍රකාශ කිරීමට පැනවූ තහංචියක් බව ප්‍රකාශ කරමින් පාර්ශ්ව ගනනාවක් ආණ්ඩුවට විරෝධය පළ කරමින් සිටී. වෛර සහගත ප්‍රකාශ නිකුත් කිරීම සමාජ ප්‍රශ්නයක් වුවද වෙනත් මාධ්‍ය මගින්ද එය සිදු කරනු ලබයි. එහෙත් සමාජ ජාලා මාධ්‍ය මගින් ජාතිවාදය ප්‍රචාරය වන බවට ආණ්ඩුව පවසන්නේ තෙල්දෙනිය සිදුවීම් ව්‍යාප්ත වූ පසුවයත ඒ දක්වාම සමාජ ජාලා මාධ්‍ය හරහා වෛර සහගත ප්‍රචාරයන් දියත් විය.",සමාජ මාධ්‍ය ජාලා තහනම නිසා ඇතිව තිබෙන දුෂ්කරතා සළකා බලා Viber තහනම පමණක් අද මධ්‍යම රාත්‍රි ඉවත් කරන බව රජයේ ප්‍රවෘත්ති දෙපාර්තමේන්තුව නිවේදනය කරයි. විශේෂයෙන් විදේශගත ලාංකිකයන්ට සිට ඥාතින් සමග සන්නිවේදනය කිරීමේ අවශ්‍යතා සළකමින් මෙම පහසුකම පමණක් අද මධ්‍යම රාත්‍රිෙය් නැවත ලබා දෙන්නට රජය තීරණය කර ඇත. කෙසේවෙතත් සමාජ ජාලා මාධ්‍ය තහනම නිදහස් අදහස් ප්‍රකාශ කිරීමට …,sin,lankaviews,Lanka Views,fake news,0c0f931e-f2ed-4245-89ff-be68a578ea63,article,MassiveSum
https://www.lankaviews.com/flsp-support-fast-unto-death/,,"තෙල් ප්‍රශ්නයෙන් පාඩම් ඉගෙන ගනිමු, සයිටම් අරගලය දිනවමු ! - දුමින්ද නාගමුව",,"Posted on 11.06.2017 by Chandana Sirimalwatte in දේශීය පුවත් with 0 Comments

අධ්‍යාපනය හා සෞඛ්‍ය පෞද්ගලිකකරණය බවට හොදම උදාහරණය තෙල් ප්‍රශ්නයෙන් ලැබෙන බව පෙරටුගාමී සමාජවාදී පක්ෂය කියයි. සයිටම් ආයතනය අහෝසි කරන්නට ආණ්ඩුවට බලකරමින් වෛද්‍ය ශිෂ්‍ය මව්පියන් විසින් අද (6)ආරම්භ කළ මාරාන්තික උපවාසයට සහයෝගය පළ කරමින් පෙරටුගාමී සමාජවාදී පක්ෂය විසින් අද දින පැවැත්වූ මාධ්‍ය හමුවේදී පෙ.ස.ප. ප‍්‍රචාරක ලේකම් දුමින්ද නාගමුව මේ බව ප්‍රකාශ කළේය. පෙ.ස.ප. ප‍්‍රචාරක ලේකම්වරයා පළ කළ අදහස් මෙසේය. “පෙරටුගාමී සමාජවාදී පක්ෂය වශයෙන් අපි විශේෂ මාධ්‍ය සාකච්ඡුාවක් කැඳවීමට හේතුව වෛද්‍ය ශිෂ්‍ය දෙමාපිය සංගමය විසින් මාරාන්ති උපවාසියක් ආරම්භ කිරීම නිසා අද වනවිට සයිටම් අරගලය සම්බන්ධව යම්කිසි තීරණාත්මක අවස්ථාවකට පැමිණ තිබෙනවා. ඇත්තටම මේ අරගලය පසුගිය කාලය පුරා විරෝධතා ගණනාවක් මගින් සමාජයට විශාල බලපෑමක් කළ බව ඔබ දන්නවා. මේ අරගලය නිසා ආණ්ඩුව විසඳුම් ලෙස විවිධ දේවල් ප‍්‍රකාශයට පත් කළා අපට ලැබුන කඩදාසි අනුව කඩදාසිම අටක් ආණ්ඩුවෙන් විසඳුම් ලෙස ලබාදීලා තියෙනවා. ඒ අතර අවසන් විසඳුම ලෙස ගෙනාව එක සයිටම් ආයතනය ආරක්ෂා කරන්න ගෙනාව එකක් ලෙසයි අපි දකින්නෙ. දැනටමත් බි‍්‍රතාන්‍ය වෛද්‍ය සභාව විසින් අසාදු ලේඛනගත කළ නිසා සයිටම් ආයතනය පවත්වාගෙන යන අයට වෙනත් නමකින් වෙනත් හිමිකාරත්වයකින් කරගෙන යන්න වෙනවා. ඒ නිසා ආණ්ඩුව අවසාන වහයෙන් ලබාදුන් විසඳුම කියන්නෙ සයිටම් ආයතනය ආරක්ෂා කරන එකක්. නමුත් මේ ගැටලූව විසඳන්න ඕන කියලා හිතනවා නම් ආණ්ඩුවට කළ හැකි දෙය තමයි දැනට ඉන්න ශිෂ්‍යයන්ට සාධාරණයක් ඉටු කරමින් සයිටම් ආයතනය මුලූමනින්ම අහෝසි කිරිම එහෙමත් නැත්නම් ඒක සම්පූර්නයෙන් රජයට පවරාගෙන 9වැනි වෛද්‍ය පීඨය බවට පත්කිරීම. සයිටම් ප‍්‍රශ්නය සම්බන්ධව අරගලයේ යෙදී ඉන්න බලවේග විසින් යෝජනා කරන්නෙ මේ විසඳුම් දෙකෙන් එකක් ඉදිරිපත් කරන්න කියන එකයි. එහෙම නැතිව මේ හොර උපාධි ආයතනය වෙනත් ක‍්‍රමයකින් පවත්වාගෙන යන්න ආණ්ඩුව කටයුතු කරනවා නම් ඒකට අපි එකඟ නෑ. දැන් මේ මාරාන්තික උපවාසය නිසා ජනාධිපතිවරයා නිවේදනයක් නිකුත් කරලා තියෙනවා, උපවාස කරන්න එපා කියලා සර්ව පාක්ෂික කමිටුවක් නම්කරලා. අපි දන්නවා අපේ රටේ ඉතිහාසයේ ප‍්‍රශ්නයකින් පැනලා යන්න මේ සර්ව පාක්ෂික තෛලය පාවිච්චි කරපු හැටි. මේ තේරුමක් නැති කමිටු ගහලා ඒ.සී. කාමරවල සාකච්චාවලට කාලය ගතකරලා විදුලි බිල වැඩි කරන්න අවශ්‍ය නෑ, අපි කවුරුත් මේකට විසඳුම මොකක්ද කියලා දන්නවා. ජනාධිපතිතුමා දන්නවා ප‍්‍රශ්නය මොකක්ද කියලා, විසඳුමත් දන්නවා, සටන් කරන බලවේගත් ප‍්‍රහ්නය සහ විසඳුම ගැන අවබෝධයක් තියෙනවා. ඒ නිසා සාකච්ඡුා කර කර ඉන්නෙ මොනවටද කියන ප‍්‍රහ්නය තියෙනවා. කතාකරන එක හෝ සාකච්ඡුා දීපු එක නරක නෑ. නමුත් සර්ව පාක්ෂි කමිටු අර කමිටු මේ කමිටු දාගෙන සාකච්චා කරන්න මොනවද තියෙන්නෙ? මේ කරන්න යන්නෙ මේ අරගලය යම්කිසි තීරණාත්මක ක‍්‍රියාමාර්ගවලට ආවම ඒක ව්‍යාකූල කරවන ප‍්‍රවේශයක් ලෙස අපි මේක දකින්නෙ. දැන් මේ දවස්වල තෙල් අර්බුදයක් ඇවිත් තියෙනවා. ආණ්ඩුව කියනවා තෙල් තියෙනවා කියලා නමුත් ජනතාව තමයි දන්නෙ ප‍්‍රශ්නයට මූන දෙන නිසා. මේ තෙල් ප‍්‍රශ්නය විසින් පවා තහවුරුවෙන්නෙ මේ සයිටම් අරගලයෙ දේශපාලන අදහසමයි. මේවනවිට රටේ ජනතාවගේ දැවෙන ප‍්‍රශ්නයක් බවට පත් වෙලා විරෝධයක් ජනතාව අතර තියෙනවා. අපට මතකයි තෙල් සංස්ථාවෙ කම්කරුවන් වැඩ වර්ජනය කරනකොට මේ රට අකර්මණ්‍ය කරනවා රට බිඳ වට්ටන්න තෙල් හිගයක් ඇති කරනවා කියලා විශාල මාධ්‍ය ප‍්‍රචාර අරගෙන ගියා. දැන් ඔන්න සමහර නාලිකා කියන්නෙ තෙල් තියෙනවා කියලා. ඔවුන් පෙන්වනවා තෙල් ගහන පෙට‍්‍රල් ෂෙඞ් තියෙනවා කියලා. අපි අහනවා කොහෙද ඒ ෂෙඞ් ලංකාවෙද තියෙන්නෙ කියලා. රටේ බරපතල තෙල් හිගයක් මතුව තියෙද්දි මේ අය තෙල් හිග නෑ කියනවා. මොකක්ද ඇත්තටම මේ තෙල් ප‍්‍රශ්නයට බලපාන හේතුව? අපි කියන්නෙ තෙල් සංස්ථාව පෞද්ගලිකකරණය කිරීමයි හේතුව. තෙල් ටැංකි, තෙල් ගෙන්වීම සහ බෙදාහැරීම යනාදි වශයෙන් පෞද්ගලිකකරණය නිසා තෙල් සංස්ථාවට ඉන්ධන ක්ෂේත‍්‍රයේ අධිකාරිත්වය අහිමි කළා. ඒකෙ ප‍්‍රතිඵලය තමයි මේ ගැටලූවට හේතුව. අපට මතකයි තෙල් සංස්ථාවෙ කම්කරුවන් වැඩ වර්ජනය කරනකොට අර කෝප වෙච්ච ජනතාව කියලා මරික්කාර් මහත්තයා කියපු පිරිස දැන් කෝ ඒ අය? ඒ අය දැන් කෝප වෙලා නම් මෛත‍්‍රිපාල සිරිසේනයි, රනිල් වික‍්‍රමසිංහයි හොයාගෙයන යන්න ඕන. ඉතින් එහෙම වෙන්නෙ නෑ, වැඩවර්ජනයටයි එක කළේ. දැන් බාල තෙල් ගේන එකයි තෙල් හිග වෙන එකයි සිදුව තියෙන්නෙ ලාභය පදනම් කරගත් පෞද්ලික අංශය මේ ක්ෂේත‍්‍රයේ ආධිපත්‍ය දැරීමයි. ජනතාව ගැන වගකීමක් නැති ලාභය මුල්කරගෙන කටයුතු කරන සමාගම්වලට මේවා පැවඍිමේ වරද මේ පෙනෙන්නෙ. බාල තෙල් බෙදා හැරියොත් පීඩාව අත්වෙන්නෙත් ජනතාවට, තෙල් නැව හරවා යැවු එකෙනුත් පීඩාව ජනතාවට. ඒ නිසා පෞද්ගලික අංශයට ඉඩ දෙනකොට සෞඛ්‍ය ක්සෙත‍්‍රයෙදි අධ්‍යාපනයෙදිත් මේකම තමයි වෙන්න නියමිත. මේවා පාඩමක් නෙවෙයිද? දැන් සමහරු හිතාගෙන ඉන්නවා ලංකාවෙ හඳුන්කූරු කර්මාන්තයයි, බුල්ටො, තලගුලි නිෂ්පාදනය රජයට පවරාගන්න කියනවා. එහෙම එකක් නෙවෙයි, රටක පැවැත්මේ තීරණාත්මක ක්ෂේත‍්‍රවල තීන්දු ගැනීමේ අයිතිය පෞද්ගලික අංශයට පැවරුවාම බරපතළ ප‍්‍රශ්න මතු වෙනවා. තෙල් ප‍්‍රශ්නය නිසා මේ කතාව තහවුරු වෙනවා. විශේෂයෙන් අධයාපනය, සෞඛ්‍ය සම්බන්ධයෙන් ඒක කළාම වෙන දේ ගැනයි මේ කියන්නෙ. පහුගිය කාලෙ හම්බන්තොට තෙල් ටැංකි විකුණුව නිසා කම්කරුවො අරගල කළේ. දැන් ත‍්‍රිකුනාමලයේ තෙල් ටැංකි විකුනන්න යනවා. අපිට දැන් ජනතාවට කියන්න දෙයක් තියෙනවා. පහුගිය කාලෙ තෙල් සේවක අරගලය වෙලාවෙ සේවකයන්ට දොස් පවරමින් අපට පෝලිම්වල ඉන්න වෙනවා වගේ මැසිවිලි කියනවා අපට ඇහුණා. මේ සිදුවීමෙන් ඒ වෙලාවෙ තෙල් සංස්ථා කම්කරුවන්ට චෝදනා කළ අයටත් බුද්ධිමත්ව හිතන්න කාරණයක් තිබෙනවා. ඒ කම්කරුවො ඉල්ලූවේ පෞද්ගලිකකරණය කරන්න එපා කියලා. එහෙම පුද්ගලික අංශයට දුන්නම ඇතිවුණ තත්වයයි මේ තෙල් ප‍්‍රශ්නයට හේතුව. අපි ඔක්කොම ඉන්දියාවට නම් දෙන්නෙ ලංකාවෙ ආර්ථිකය සහ දේශපාලනය අපේ හැම දෙයක්ම පාලනය කරන්න ඉන්දියාවට හැකි වෙනවා. ඒක කිසිම රටක් කරන්නෙ නෑ. බලශක්ති හැසිරවීම වෙනත් රටකට නොදිය යුතුයි. ඒ වගේම අපේ රටේ අධ්‍යාපනය පෞද්ගලිකකරණය කරන්න එපා කියලා අපි කියන්නෙ එහෙම කළොත් මේ රටේ ජනතාවටයි ඒකෙ වන්දිය ගෙවන්න වෙන්නෙ. දැන් ඔන්න පෞද්ගලික විශ්ව විiාලවල ඉගෙන ගන්න ණය යෝජනා ක‍්‍රම ක‍්‍රියාත්මක කරනවලූ. මේ ණය ගැන කියන්නෙ, දැනටමත් අපේ රටේ මිනිස්සු මොකක් හෝ බැංකුවකට ණයයි. එක්කො ලීසිං, නැත්නම් ලෝන් ඇහුවම වැටුපක් තියෙනවා ටිකක් ලොකුවට. හැබැයි අතට එන්නෙ සොච්චමක්. සේරම බැංකුවලට කැපිලා, වැටුපක් ඉතිරි වෙන්නෙ නෑ. දැන් මේ පෝලිමට තව එකක් එකතු කරනවා, දරුවාගේ අධ්‍යාපන වියදම ඒ ණයවලට එකතු කරන්න ආණ්ඩුව හදන්නෙ. අපි ජනතාවගෙන් අහනවා මේ උගුලෙ අපි වැටෙනවාද කියලා. හැම ඡුන්දයකදිම ආණ්ඩුව පොරොන්දු වෙනවා නිදහස් අධ්‍යාපනය රකිනවා, නිදහස් සෞඛ්‍ය සේවය පවත්වාගෙන යනවා කියලා. අපි ගන්න හාල්වලින්, පරිප්පු, සීනි යන මේ හැම දෙයින්ම ආණ්ඩුවට බදු එකතු වෙනවා. ඒ බදු එකතු වෙන්නෙ නිදහස් අධ්‍යාපනය සහ නිදහස් සෞඛ්‍ය ඇතුළු සුබසාධනවලට. දැන් මේ නිදහස් අධ්‍යාපනය අහෝසි කරලා ණය දෙන්න යෝජනා ගේනවා. ආණ්ඩුව මේ වනවිට පාසල් අධ්‍යාපනයෙ කොටස් පෞද්ගලිකකරණය ආරම්භ කරලා. විශ්විද්‍යාල පාඨමාලාවලින් මුදල් අයකරනවා. පෞද්ගලික විශ්ව විද්‍යාල ආරම්භ කරලා. කිසි සැකයක් නෑ, අධ්‍යාපනය සම්පූර්ණයෙන් පෞද්ගලිකකරණය කිරීමේ සැලසුම මේ ඉදිරියට යන්නෙ. ඉදිරි වසර කීපය තුළ ආන්ඩුව අධ්‍යාපනය සහ සෞඛ්‍ය සම්පූර්ණයෙන් පෞද්ගලිකකරණය කිරීමේ ඉලක්කයක ඉන්නවා. ඒ නිසා අපේ මේ සටනෙදි අතරමැද සමාදානයක් නෑ. ආණ්ඩුව මේ ප‍්‍රතිපත්තිය ආරක්සා කරන පිලිවෙතක ඉදලා විසදුම් යෝජනා කරනවා නම් මේ අරගලයෙ අවංකව හිටිය කිසිදු බලවේගයකට අතරමැද සමාදානයක් නෑ කියන එක නිශ්චිතයි. ඒ නිසා සයිටම් අහෝසි කිරීමේ ඉල්ලීම යටතේ දෙමාපියන් ආරම්භ කරන මාරාන්තික උපවාසයට අපි පෙරටුගාමී සමාජවාදී පක්ෂය සම්පූර්ණ සහයෝගය ලබා දෙන බව ප‍්‍රකාශ කරනවා. ඒ වගේම ඉදිරියේදි සියලු බලවේග සමග මේ අරගලය තියුණු කරමින් ජයග‍්‍රාහී විසදුමක් කරා යන ක‍්‍රියාමාර්ග ගන්නට අපි බලාපොරොත්තු වෙනවා. “",අධ්‍යාපනය හා සෞඛ්‍ය පෞද්ගලිකකරණය  බවට හොදම උදාහරණය තෙල් ප්‍රශ්නයෙන් ලැබෙන බව පෙරටුගාමී සමාජවාදී පක්ෂය කියයි. සයිටම් ආයතනය අහෝසි කරන්නට ආණ්ඩුවට බලකරමින් වෛද්‍ය ශිෂ්‍ය මව්පියන් විසින් අද (6)ආරම්භ කළ මාරාන්තික උපවාසයට සහයෝගය පළ කරමින් පෙරටුගාමී සමාජවාදී පක්ෂය විසින් අද දින පැවැත්වූ මාධ්‍ය හමුවේදී පෙ.ස.ප. ප‍්‍රචාරක ලේකම් දුමින්ද නාගමුව මේ බව ප්‍රකාශ කළේය. පෙ.ස.ප. ප‍්‍රචාරක ලේකම්වරයා පළ …,sin,lankaviews,Lanka Views,fake news,040b4af6-098a-475c-958e-4bef36f12f42,article,MassiveSum
https://www.lankaviews.com/%e0%b6%89%e0%b6%af%e0%b7%92%e0%b6%bb%e0%b7%92%e0%b6%ba%e0%b7%9a%e0%b6%af%e0%b7%93-%e0%b6%b6%e0%b7%92%e0%b6%bd%e0%b7%92%e0%b6%b4%e0%b7%96%e0%b6%a2%e0%b7%8f-%e0%b6%ad%e0%b7%84%e0%b6%b1%e0%b6%b8%e0%b7%8a/,,ඉදිරියේදී බිලිපූජා තහනම් !,,"Posted on 09.12.2018 by Sithara Sajeewani in දේශීය පුවත් with 0 Comments

හින්දු කෝවිල් තුළ හෝ එහි සීමාව තුළ සිදුකරන සත්ත්ව සහ පක්‍ෂි බිලි පූජා තහනම් කිරීමට රජය තීරණය කර ඇති බව වාර්තා වේ.

කෝවිල් පරිශ්‍රය තුළ සිදු කරන සත්ත්ව සහ පක්ෂි බිලි පුජා තහනම් කිරීම් සඳහා නෛතික විධිවිධාන ස්ථාපිත කල යුතු බවට අමාත්‍ය ඩී. එම්. ස්වාමිනාදන් මහතා විසින් කළ යෝජනාව අමාත්‍ය මණ්ඩලය විසින් අනුමත කර තිබේ .

ඒ අනුව ඊට අනුකූල වන පරිදි නීති කෙටුම්පත් කරන ලෙස නීති කෙටුම්පත් සම්පාදක වෙත නියම කිරීමට කටයුතු කරනු ඇත.",හින්දු කෝවිල් තුළ හෝ එහි සීමාව තුළ සිදුකරන සත්ත්ව සහ පක්‍ෂි බිලි පූජා තහනම් කිරීමට රජය තීරණය කර ඇති බව වාර්තා වේ. කෝවිල් පරිශ්‍රය තුළ සිදු කරන සත්ත්ව සහ පක්ෂි බිලි පුජා තහනම් කිරීම් සඳහා නෛතික විධිවිධාන ස්ථාපිත කල යුතු බවට අමාත්‍ය ඩී. එම්. ස්වාමිනාදන් මහතා විසින් කළ යෝජනාව අමාත්‍ය මණ්ඩලය විසින් අනුමත කර තිබේ …,sin,lankaviews,Lanka Views,fake news,7a2b86cc-1856-4153-bbab-eee564bb780c,article,MassiveSum
https://www.lankaviews.com/%e0%b6%85%e0%b6%bb%e0%b6%b8%e0%b7%94%e0%b6%af%e0%b6%bd%e0%b7%8a-%e0%b7%84%e0%b7%92%e0%b6%9c%e0%b6%ba-%e0%b6%b4%e0%b7%92%e0%b6%ba%e0%b7%80%e0%b7%8f%e0%b6%9c%e0%b6%b1%e0%b7%8a%e0%b6%b1-%e0%b7%80/,,අරමුදල් හිගය පියවාගන්න වැඩිහිටි සුබසාධනය අවසන් කරයි!,,Posted on 06.16.2017 by Chandana Sirimalwatte in විශේෂාංග with 0 Comments,"70 සහ 80 දශකවල ලංකාවේ පාලකයන් සමාජවාදයට එරෙහිව එල්ල කළ එක් අවලාදයක් වූයේ, සමාජවාදය යටතේ වැඩ කළ නොහැකි සියලූ දෙනා මරා දමන බවයි. ඒ අනුව අවුරුදු 60ට වැඩි වැඩ කළ නොහැකි වැඩිහිටියන් සියලූ දෙනා මරා දමන බවට පාලකයන් කී කතා පිළිගත් පිරිසක්ද ලංකාවේ විය. එහෙත් සමාජවාදය යනු වැඩ කළ නොහැකි සහ විශේෂ අවශ්‍යතා සහිත සියලූ …",sin,lankaviews,Lanka Views,fake news,343dc3e3-62b1-46cc-878a-7a66ce397079,article,MassiveSum
https://ceylondaily.com/%e0%b6%b6%e0%b6%b1%e0%b7%8a%e0%b6%b0%e0%b6%b1%e0%b7%8f%e0%b6%9c%e0%b7%8f%e0%b6%bb-%e0%b6%bb%e0%b7%90%e0%b6%af%e0%b7%80%e0%b7%92%e0%b6%ba%e0%b6%b1%e0%b7%8a-284-%e0%b6%9a%e0%b6%a7-%e0%b6%a2%e0%b6%b1/,,බන්ධනාගාර රැදවියන් 284 කට ජනපති පොදු සමාව,,"Like Love Haha Wow Sad Angry

බන්ධනාගාරගතව සිටින රැදවියන් 284 දෙනෙකු ජනපති පොදු සමාව යටතේ නිදහස් කිරිමට නියමිතව තිබේ.

ඒ, මිනිමැරුම්, මංකොල්ලකෑම්, ස්ත්‍රි දුෂණ, ළමා අපචාර,මත්කුඩු ජාවාරම් ඇතුළු වැරදි 40කට සම්බන්ධ නොමැති රැදවියන් 284 දෙනෙකුටයි.

බන්ධනාගාර කොමසාරිස් ජෙනරාල් ජේ.ඩබ්ලිව්. තෙන්නකෝන් මහතා සදහන් කළේ වයස අවුරුදු 65ට වැඩි සුළු වැරදි සම්බන්ධයෙන් බන්ධනාගාරගතව සිටින රැදවියන් පිරිසකට මෙලෙස පොදු සමාව ලබාදීමට නියමිත බවයි.

ජනාධිපතිවරයාගේ අදාල අනුමැතිය ලැබුණු පසු එම රැදවියන් නිදහස් කිරිමට නියමිත බව හෙතෙම පැවසීය.

Like Love Haha Wow Sad Angry","බන්ධනාගාරගතව සිටින රැදවියන් 284 දෙනෙකු ජනපති පොදු සමාව යටතේ නිදහස් කිරිමට නියමිතව තිබේ. ඒ, මිනිමැරුම්, මංකොල්ලකෑම්, ස්ත්‍රි දුෂණ, ළමා අපචාර,මත්කුඩු ජාවාරම් ඇතුළු වැරදි 40කට සම්බන්ධ නොමැති රැදවියන් 284 දෙනෙකුටයි. බන්ධනාගාර කොමසාරිස් ජෙනරාල් ජේ.ඩබ්ලිව්. තෙන්නකෝන් මහතා සදහන් කළේ වයස අවුරුදු 65ට වැඩි සුළු වැරදි සම්බන්ධයෙන් බන්ධනාගාරගතව සිටින රැදවියන් පිරිසකට මෙලෙස පොදු සමාව ලබාදීමට නියමිත බවයි. ජනාධිපතිවරයාගේ …",sin,ceylondaily,Ceylon Daily,fake news,bfee2aea-a582-4441-ab67-819a8b10708e,article,MassiveSum
https://www.lankaviews.com/%e0%b6%b4%e0%b7%84%e0%b6%bb%e0%b6%af%e0%b7%94%e0%b6%b1%e0%b7%8a-%e0%b6%a9%e0%b7%92%e0%b7%86%e0%b7%99%e0%b6%b1%e0%b7%8a%e0%b6%a9%e0%b6%bb%e0%b6%ba%e0%b7%9a-2%e0%b6%9a%e0%b7%8a-%e0%b6%b4%e0%b7%9c/,,පහරදුන් ඩිෆෙන්ඩරයේ 2ක් පොලිසියට භාර වෙති!,,"Posted on 07.19.2019 by Chandana Sirimalwatte in දේශීය පුවත් with 0 Comments

වෑන් රථ රියදුරකුට පහරදුන් බව කියන ඩිෆෙන්ඩර් රථයක හා ප‍්‍රාඩෝ රථයක පැමිණි පිරිසක් ඔවුන් ගමන් කළ ආරක්‍ෂක නිලධාරීහු දෙදෙනෙක් අද (19) පස්වරුවේ නීතීඥවරයකු මාර්ගයෙන් කොළඹ අපරාධ කොට්ඨාසයට බාරවූහ.

ජූලි 16 වැනිදා කොළඹ නුවර මාර්ගයේ කළගෙඩිහේන ප‍්‍රදේශයේදී සිදුවූ බව කියන මෙම පහරදීමේ සිද්ධිය සම්බන්ධයෙන් මෙම ආරක්‍ෂක නිලධාරීන් අත්අඩංගුවට ගැනීම සඳහා පොලිස් පරීක්‍ෂණ ආරම්භ කර ඇති බව හෙළි වීමෙන් පසු ආරක්‍ෂකයන් මෙලෙස නීතීඥවරයකු මාර්ගයෙන් බාරවී ඇතැයි වාර්තා වේ.",වෑන් රථ රියදුරකුට පහරදුන් බව කියන ඩිෆෙන්ඩර් රථයක හා ප‍්‍රාඩෝ රථයක පැමිණි පිරිසක් ඔවුන් ගමන් කළ ආරක්‍ෂක නිලධාරීහු දෙදෙනෙක් අද (19) පස්වරුවේ නීතීඥවරයකු මාර්ගයෙන් කොළඹ අපරාධ කොට්ඨාසයට බාරවූහ. ජූලි 16 වැනිදා කොළඹ නුවර මාර්ගයේ කළගෙඩිහේන ප‍්‍රදේශයේදී සිදුවූ බව කියන මෙම පහරදීමේ සිද්ධිය සම්බන්ධයෙන් මෙම ආරක්‍ෂක නිලධාරීන් අත්අඩංගුවට ගැනීම සඳහා පොලිස් පරීක්‍ෂණ ආරම්භ කර ඇති බව …,sin,lankaviews,Lanka Views,fake news,fe96eb64-76dc-47c5-8e7c-d600024b6aaf,article,MassiveSum
https://www.lankaviews.com/%e0%b6%b8%e0%b7%9b%e0%b6%ad%e0%b7%8a%e2%80%8d%e0%b6%bb%e0%b7%93-%e0%b6%b8%e0%b7%84%e0%b7%92%e0%b6%b1%e0%b7%8a%e0%b6%af-%e0%b7%83%e0%b6%b1%e0%b7%8a%e0%b6%b0%e0%b7%8f%e0%b6%b1%e0%b6%ba%e0%b7%9a/,,මෛත්‍රී-මහින්ද සන්ධානයේ ලකුණ ගැන එකගතාවක් නෑ!,,"Posted on 02.23.2019 by Chandana Sirimalwatte in දේශීය පුවත් with 0 Comments

ඉදිරි මැතිවරණ ඉලක්ක කරගෙන ජනාධිපති මෛත්‍රීපාල සිරිසේන සහ හිටපු ජනාධිපති මහින්ද රාජපක්ෂ අතර දේශපාලන සන්ධානයක් සදහා එකගතා ඇති වුවද මැතිවරණ ලකුණ පිළිබද ගැටලුවක් ඇතිව තිබෙන බව වාර්තා වේ.

ශ්‍රී ලංකා නිදහස් පක්ෂය සහ ශ්‍රී ලංකා පොදුජන පෙරමුණ එක්ව පිහිටුවීමට නියමිත නව සන්ධානය සඳහා වූ සාකච්චා වටයක් ඊයේ(22) රාත්‍රි කොළඹ 10, මලලසේකර මාවතේ ජනාධිපති නිල නිවසේදී පැවැත්විණි. නව සන්ධානයේ මැතිවරණ ලකුණද ලෙස පොදුජන පෙරමුණ පාර්ශවයෙන් යෝජනා වී ඇත්තේ ‘පොහොට්ටුව’ ලකුණ වුවත් ඒ සඳහා මෛත්‍රිපාල පාර්ශවය එකඟතාවයක් දක්වා නැත. මෙම සන්ධානය සම්බන්ධයෙන් තවදුරටත් සාකච්ඡා කිරීම සඳහා ශ්‍රී ලංකා නිදහස් පක්ෂය සහ ශ්‍රී ලංකා පොදුජන පෙරමුණේ නියෝජිතයන් ගෙන් යුතු කමිටුවක්ද පත් කර ඒ සදහා වන සාකච්ඡා කිහිපයක්ම පවත්වා තිබේ. නව සන්ධානයේ නම ලෙස ‘ශ‍්‍රී ලංකා නිදහස් පොදුජන පෙරමුණ’ යෝජනා වී ඇති නමුත් ඒ පිළිබද අවසන් එකඟතාවයකට පැමිණ නැත. යෝජිත නව සන්ධානය සඳහා ජනාධිපති මෛත්‍රීපාල සිරිසේන සහ හිටපු ජනාධිපති මහින්ද රාජපක්ෂ සම සභාපතිවරුන් දෙදෙනෙකු ලෙස පත් කිරීමට යෝජනා ඉදිරිපත් වී ඇත.","ඉදිරි මැතිවරණ ඉලක්ක කරගෙන ජනාධිපති මෛත්‍රීපාල සිරිසේන සහ හිටපු ජනාධිපති මහින්ද රාජපක්ෂ අතර දේශපාලන සන්ධානයක් සදහා එකගතා ඇති වුවද මැතිවරණ ලකුණ පිළිබද ගැටලුවක් ඇතිව තිබෙන බව වාර්තා වේ. ශ්‍රී ලංකා නිදහස් පක්ෂය සහ ශ්‍රී ලංකා පොදුජන පෙරමුණ එක්ව පිහිටුවීමට නියමිත නව සන්ධානය සඳහා වූ සාකච්චා වටයක් ඊයේ(22) රාත්‍රි කොළඹ 10, මලලසේකර මාවතේ ජනාධිපති නිල නිවසේදී …",sin,lankaviews,Lanka Views,fake news,14bed1f1-c0e2-4cad-87f5-979bb1cdbe54,article,MassiveSum
https://www.lankaviews.com/%e0%b6%9a%e0%b7%9d%e0%b7%80%e0%b7%92%e0%b6%a9%e0%b7%8a19%e0%b6%b1%e0%b7%8a-%e0%b6%b8%e0%b7%92%e0%b6%ba%e0%b6%ba%e0%b6%b1-%e0%b6%89%e0%b7%83%e0%b7%8a%e0%b6%bd%e0%b7%8f%e0%b6%b8%e0%b7%8a-%e0%b6%b7/,,කෝවිඩ්19න් මියයන ඉස්ලාම් භක්තිකයන් වෙනුවෙන් ඉල්ලීමට මාස 6යි අයිතිය තවදුරටත් අහිමියි!,,"Posted on 11.06.2020 by Chandana Sirimalwatte in දේශීය පුවත් with 0 Comments

කොවිඩ් 19 වසගතයෙන් මිය යන ඉස්ලාම් භක්තිකයන්ට ආගමික විශ්වාසය අනුව මළසිරුරු භූමදානය කිරීමේ අයිතිය ආරක්ෂා කිරීමට ලෝක සෞඛ්‍ය සංවිධානයේ නිර්දේශ තිබියදී ලංකාවේ එම අයිතිය ලබා නොදීම සම්බන්ධයෙන් විපක්ෂය අවධානය යොමුකර ඇත.

නොවැම්බර් 3 වැනිදා සමගි ජනබලවේගයේ මන්ත්‍රි මුජිබර් රහුමාන් මේ සම්බන්ධ පාර්ලිමේන්තුවේ අවධානය යොමුකරවීය. මන්ත්‍රිවරයා පවසා ඇත්තේ මේ සම්බන්ධ කමිටුවක් පත්කර තීරණයක් ලබා දෙන ලෙස ඉල්ලීමක් කර මාස 6ක් ගතව ඇතත් ඊට සාධාරණයක් ඉටුව නැති බවයි. අධිකරණ ඇමති අලි සබ්‍රි අමතමින් මුජිබර් රහුමාන් පවසා සිටියේ මේ වනවිට ඉස්ලාම් භක්තිකයන් 9 දෙනකුගේ මරණ සිදුව ඇති අතර ඔවුන්ට එම අයිතිය අහිමිකර තිබියදී අධිකරණ ඇමති හේ තමන් මිය ගියද එම අයිතිය අහිමිවන බව සලකා බැලිය යුතු බවය.

ඉස්ලාම් භක්තිකයන් විශ්වාස කරන කරුනු අනුව මිය ගිය පසු භුමදාන කිරීම මළවුන්ට කළ හැකි උපරිම ගෞරවය වේ. මිය ගියවුන් ආදාහනය කිරීම ඉස්ලාමයේ හිමිකම් අහිමි කිරීමක් ලෙස සැලකේ. මේ නිසා කෝරෝනා රෝගයෙන් මිය යන ඉස්ලාම් බක්තිකයන් භූමදාන කිරීමට ඉඩදෙන ලෙස පසුගිය මාර්තු මාසයේ කොරෝනා රැල්ල අවස්ථාවේ ඉල්ලීමක් මුස්ලිම් සමාජයෙන් ඉදිරිපත් වුවද එම ඉල්ලීම නිරෝධායන නීතියට පටහැනි බව පවසමින් ආණ්ඩුව විසින් ප්‍රතික්ෂේප කරණ ලදී. එහෙත් ලෝක සෞඛ්‍ය සංවිධානය නිර්දේශ කර තිබුණේද මුස්ලිම් ජනයාගේ ඉල්ලීම ඉටු කිරීමෙන් කොරෝනා ව්‍යාප්තවීමේ ඉඩක් නොමැති නිසා නිසි නිරෝධායන ක්‍රම අනුව එසේ අවසන් කටයුතු කිරීම වරදක් නොවන බවය.",කොවිඩ් 19 වසගතයෙන් මිය යන ඉස්ලාම් භක්තිකයන්ට ආගමික විශ්වාසය අනුව මළසිරුරු භූමදානය කිරීමේ අයිතිය ආරක්ෂා කිරීමට ලෝක සෞඛ්‍ය සංවිධානයේ නිර්දේශ තිබියදී ලංකාවේ එම අයිතිය ලබා නොදීම සම්බන්ධයෙන් විපක්ෂය අවධානය යොමුකර ඇත. නොවැම්බර් 3 වැනිදා සමගි ජනබලවේගයේ මන්ත්‍රි මුජිබර් රහුමාන් මේ සම්බන්ධ පාර්ලිමේන්තුවේ අවධානය යොමුකරවීය. මන්ත්‍රිවරයා පවසා ඇත්තේ මේ සම්බන්ධ කමිටුවක් පත්කර තීරණයක් ලබා දෙන ලෙස …,sin,lankaviews,Lanka Views,fake news,b6c90978-c836-4989-9aa5-7bfa47354668,article,MassiveSum
https://ceylondaily.com/%e0%b6%a2%e0%b6%b1%e0%b6%b4%e0%b6%ad%e0%b7%92-%e0%b6%9a%e0%b7%9c%e0%b6%b8%e0%b7%92%e0%b7%83%e0%b6%b8-%e0%b7%84%e0%b6%b8%e0%b7%94%e0%b7%80%e0%b7%9a-%e0%b6%b4%e0%b7%99%e0%b6%b1%e0%b7%92-%e0%b7%83/,,ජනපති කොමිසම හමුවේ පෙනි සිටින්නැයි අධ්‍යාපන ඇමතිට නොතීසි,,"Like Love Haha Wow Sad Angry

ජනපති කොමිසම හමුවේ පෙනි සිටින්නැයි අධ්‍යාපන අමාත්‍ය අකිල විරාජ් කාරියවසම් මහතාට නොතිසී නිකුත් කර තිබේ.

පසුගිය සිව් වසර තුළ රාජ්‍ය ආයතනවල සිදුවූ වංචා දූෂණ විමර්ශනයට පත් කළ ජනාධිපති කොමිසම සඳහන් කළේ, ඒ අනුව, ලබන 11 වනදා කොමිසම හමුවේ පෙනී සිටින්නැයි, දන්වා අධ්‍යාපන අමාත්‍යවරයාට නොතිසි නිකුත් කළ බවයි.

සාක්ෂි විමසීම සඳහා ඊයේ එම කොමිසම හමුවේ පෙනී සිටින්නැයි අමාත්‍යවරයාට දැනුම් දී තිබුණි.

නමුත් සිය මව අසනීප බව දන්වමින් ඔහු එහි පෙනී නොසිටි බව එම කොමිසම සඳහන් කළේ ය.

අමාත්‍යවරයා ඊයේ ජනපති කොමිසම හමුවට කැඳවා තිබුණේ, අධ්‍යාපන අමාත්‍යාංශයේ සැපයුම් අධ්‍යක්ෂකවරයා ලෙස කටයුතු කරන අයි. එම්. කේ. බී. ඉලංගසිංහ මහතාට එරෙහිව කරන විනය පරීක්ෂණයක් සම්බන්ධයෙන් ප්‍රකාශයක් සටහන් කර ගැනීම සඳහායි.

Like Love Haha Wow Sad Angry","ජනපති කොමිසම හමුවේ පෙනි සිටින්නැයි අධ්‍යාපන අමාත්‍ය අකිල විරාජ් කාරියවසම් මහතාට නොතිසී නිකුත් කර තිබේ. පසුගිය සිව් වසර තුළ රාජ්‍ය ආයතනවල සිදුවූ වංචා දූෂණ විමර්ශනයට පත් කළ ජනාධිපති කොමිසම සඳහන් කළේ, ඒ අනුව, ලබන 11 වනදා කොමිසම හමුවේ පෙනී සිටින්නැයි, දන්වා අධ්‍යාපන අමාත්‍යවරයාට නොතිසි නිකුත් කළ බවයි. සාක්ෂි විමසීම සඳහා ඊයේ එම කොමිසම හමුවේ පෙනී …",sin,ceylondaily,Ceylon Daily,fake news,fe1e5085-3228-43ec-830d-3325187736b5,article,MassiveSum
https://www.lankaviews.com/%e0%b6%b8%e0%b7%92%e0%b6%b1%e0%b7%8a%e0%b6%b4%e0%b7%83%e0%b7%94-%e0%b6%8b%e0%b6%af%e0%b7%8a%e0%b6%9d%e0%b7%9d%e0%b7%82%e0%b6%9a%e0%b6%ba%e0%b7%92%e0%b6%b1%e0%b7%8a-%e0%b6%85%e0%b6%ad%e0%b7%8a%e0%b6%85/,,"මින්පසු උද්ඝෝෂකයින් අත්අඩංගුවට ගන්නෙ නැහැ, නිරෝධායනයට යවනවා - බන්දුල ගුණවර්ධන",,"Posted on 06.12.2020 by Sithara Sajeewani in දේශීය පුවත් with 0 Comments

මහජන නොසන්සුන්තාවයට හේතු වන බරපතල නීතිය හා සාමය උල්ලංඝණය වීමකට තුඩු දෙන තත්වයක් නොමැති නම් පොලීසිය විරෝධතාකරුවන් අත්අඩංගුවට නොගෙන ඊට සම්බන්ධ සියලු දෙනා නිරෝධායනයකට යොමු කරන බව කැබිනට් ප්‍රකාශක සහ අමාත්‍ය බන්දුල ගුණවර්ධන පවසයි.

කළු ජාතික ජෝර්ජ් ෆ්ලොයිඩ් ඝාතනයට එරෙහිව පසුගියදා පැවති විරෝධතාවයයේදී පෙරටුගාමී සමාජවාදී පක්ෂයේ ක්‍රියාකාරීන් 53දෙනෙකු අත්අඩංගුවට ගැනීම සහ ඊට එල්ලවූ පොලිස් ප්‍රහාරය සම්බන්ධයෙන් ආණ්ඩුව කණගාටුව පළකරන බවද ඔහු මෙහිදී පැවසීය. එදින පැවති කැබිනට් රැස්වීමේදී පුළුල් ලෙස මේ පිළිබඳ සාකච්ඡා වූ බවත් ජනාධිපති ගෝඨාභය රාජපක්ෂ හෝ කැබිනට් මණ්ඩලයේ කිසිදු සාමාජිකයෙකු පොලිස් ක්‍රියාමාර්ගය අනුමත නොකළ බවද බන්ධුල ගුණවර්ධන ඇමතිවරයා පැවසීය.

ඊයේ (11)පැවති සතිපතා කැබිනට් ප්‍රවෘත්ති සාකච්ඡාව අමතමින් අමාත්‍ය ගුණවර්ධන කියා සිටියේ විරෝධතාකරුවන් පොලීසියට පහර දීමෙන් පසුව ඔවුන් අත්අඩංගුවට ගැනීමට පටන් ගත් බවත් එය විරෝධතාකරුවන් විසින් පොලීසියට එල්ල කළ ප්‍රහාරයට ප්‍රතිචාරයක් බවත්ය.

“කෙසේ වෙතත්, යම් විරෝධතාවයක් සාමකාමී නම් මහජන ජීවිතය හා නීතිය හා සාමය කඩාකප්පල් නොකරන්නේ නම් මින්පසුව කිසිවෙකු අත්අඩංගුවට ගන්නෙ නැහැ. අපි යහපාලන රජය වගේ වැඩ කරන්නෙ නැහැ. පොලීසියට අවශ්‍ය වුනේ විරෝධතාකරුවන්ට පහර දීමට නෙමෙයි. ඔවුන් විසුරුවා හැරීමට පමණයි. ”අමාත්‍ය ගුණවර්ධන වැඩිදුරටත් පවසා තිබේ.",මහජන නොසන්සුන්තාවයට හේතු වන බරපතල නීතිය හා සාමය උල්ලංඝණය වීමකට තුඩු දෙන තත්වයක් නොමැති නම් පොලීසිය විරෝධතාකරුවන් අත්අඩංගුවට නොගෙන ඊට සම්බන්ධ සියලු දෙනා නිරෝධායනයකට යොමු කරන බව කැබිනට් ප්‍රකාශක සහ අමාත්‍ය බන්දුල ගුණවර්ධන පවසයි. කළු ජාතික ජෝර්ජ් ෆ්ලොයිඩ් ඝාතනයට එරෙහිව පසුගියදා පැවති විරෝධතාවයයේදී පෙරටුගාමී සමාජවාදී පක්ෂයේ ක්‍රියාකාරීන් 53දෙනෙකු අත්අඩංගුවට ගැනීම සහ ඊට එල්ලවූ පොලිස් ප්‍රහාරය …,sin,lankaviews,Lanka Views,fake news,0df8c518-6df1-4b7a-824c-7b713be4cc2a,article,MassiveSum
https://www.lankaviews.com/%e0%b6%bb%e0%b6%ad%e0%b7%94%e0%b6%b4%e0%b7%83%e0%b7%8a%e0%b7%80%e0%b6%bd-%e0%b6%b1%e0%b6%a9%e0%b7%94%e0%b7%80-%e0%b6%85%e0%b6%b4%e0%b7%8a%e2%80%8d%e0%b6%bb%e0%b7%9a%e0%b6%bd%e0%b7%8a-%e0%b6%b8/,,රතුපස්වල නඩුව අප්‍රේල් මාසයට කල් යයි,,"Posted on 01.29.2021 by Sithara Sajeewani in දේශීය පුවත් with 0 Comments

පිරිසිදු පානීය ජලය ඉල්ලා රතුපස්වල ප්‍රදේශයේ ජනතාව දියත්කළ උද්ඝෝෂණය අවස්ථාවේ පිරිසකට පහරදී වෙඩි තබා තිදෙනෙකු ඝාතනය කිරීම සම්බන්ධයෙන් පවරා ඇති නඩුව විභාග කිරීම අප්‍රේල් මාසයට කල් දමා තිබේ. මෙම කල් දැමීම සිදුවූවේ අද මෙම නඩුව ගම්පහ මහාධිකරණයේදී විභාගයට ගැනුණු අවස්ථාවේදීයි. යුද හමුදා නිළධාරීන් සිව් දෙනෙකුට එරෙහිව නීතිපතිවරයා විසින් මෙම නඩුව ගොනුකර තිබේ.

මේනකා විජේසුන්දර, නිමල් රණවීර සහ නිශාන්ත හපුආරච්චි යන ත්‍රිපුද්ගල මහාධිකරණ විනිසුරු මඩුල්ල හමුවේදී මෙම නඩුව කැඳවා තිබූ අතර කෙසේ නමුත් නිමල් රණවීර මහාධිකරණ විනිසුරුවරයා රාජකාරි නිවාඩු ලබාගෙන තිබූ හෙයින් අප්‍රේල් 23 දක්වා නඩුව කල් තැබීමට සෙසු විනිසුරුවරුන් තීරණය කර තිබේ.

2013 වසරේ අගෝස්තු 01 වැනිදා රතුපස්වලදී මෙම සිදුවීම සිදු වූ අතර පාසල් සිසුවෙකු ඇතුළු තිදෙනෙක් හමුදා වෙඩි ප්‍රහාරවලින් මිය ගොස් තිබුණි.

යුද හමුදා බි‍්‍රගේඩියර්වරයකු වන අනුර දේශප‍්‍රිය ගුණවර්ධන, හමුදා සෙබළුන් වන ඩිංගිරි අරුණගේ සිරිසේන, ජයසුන්දර මුදියන්සේලාගේ තිලකරත්න සහ ලලිත් ග්‍රේ නමැත්තන්ට එරෙහිව අපරාධ නඩු විධාන සංග‍්‍රහ පනත යටතේ අධි චෝදනා 94 ක් යටතේ නීතීපතිවරයා විසින් නඩු පවරා ඇත.","පිරිසිදු පානීය ජලය ඉල්ලා රතුපස්වල ප්‍රදේශයේ ජනතාව දියත්කළ උද්ඝෝෂණය අවස්ථාවේ පිරිසකට පහරදී වෙඩි තබා තිදෙනෙකු ඝාතනය කිරීම සම්බන්ධයෙන් පවරා ඇති නඩුව විභාග කිරීම අප්‍රේල් මාසයට කල් දමා තිබේ. මෙම කල් දැමීම සිදුවූවේ අද මෙම නඩුව ගම්පහ මහාධිකරණයේදී විභාගයට ගැනුණු අවස්ථාවේදීයි. යුද හමුදා නිළධාරීන් සිව් දෙනෙකුට එරෙහිව නීතිපතිවරයා විසින් මෙම නඩුව ගොනුකර තිබේ. මේනකා විජේසුන්දර, නිමල් …",sin,lankaviews,Lanka Views,fake news,8e44cccf-a511-498c-bff8-d27504cacf31,article,MassiveSum
https://www.lankaviews.com/%e0%b6%85%e0%b6%af-%e0%b7%80%e0%b7%90%e0%b6%a9%e0%b7%80%e0%b6%bb%e0%b6%b1-%e0%b6%9c%e0%b7%94%e0%b6%bb%e0%b7%94-%e0%b7%80%e0%b7%92%e0%b6%af%e0%b7%94%e0%b7%84%e0%b6%bd%e0%b7%8a%e0%b6%b4%e0%b6%ad/,,අද වැඩවරන ගුරු-විදුහල්පති සමිති මෙන්න!,,"Posted on 03.13.2019 by Chandana Sirimalwatte in දේශීය පුවත් with 0 Comments

පාසල් අධ්‍යාපනයේදී ගුරුවරු හා විදුහල්පතිවරු මුහණ දෙන දුෂ්කරතා මුල්කරගෙන අද(13) අසනීප නිවාඩු දමමින් වෘත්තිය ක්‍රියාමාර්ගයට එළඹෙන්නට තීරණය කර ඇති ප්‍රධාන පෙළේ වෘත්තිය සමිති මෙසේය.",පාසල් අධ්‍යාපනයේදී ගුරුවරු හා විදුහල්පතිවරු මුහණ දෙන දුෂ්කරතා මුල්කරගෙන අද(13) අසනීප නිවාඩු දමමින් වෘත්තිය ක්‍රියාමාර්ගයට එළඹෙන්නට තීරණය කර ඇති ප්‍රධාන පෙළේ වෘත්තිය සමිති මෙසේය. ලංකා ගුරු සංගමය ස්වාධීන අධ්‍යාපන සේවක සංගමය ඒකාබද්ධ ගුරු සේවා සංගමය  නිදහස් ලංකා පුරෝගාමී ගුරු සංගමය  ලංකා ප්‍රගති ගුරු සංගමය  ශ්‍රී ලංකා නිදහස් ගුරු සංගමය  ශ්‍රේණිධාරී විදුහල්පති සේවා සංගමය  ගුරු විමුක්ති …,sin,lankaviews,Lanka Views,fake news,cdb02850-1002-4517-89e6-fcaccec301fe,article,MassiveSum
https://www.lankaviews.com/%e0%b6%bb%e0%b7%9a%e0%b6%9c%e0%b7%94-%e0%b7%80%e0%b6%bb%e0%b7%8a%e0%b6%a2%e0%b6%b1%e0%b6%ba-%e0%b6%85%e0%b6%af-%e0%b6%af%e0%b7%92%e0%b6%b1%e0%b6%ba%e0%b7%9a%e0%b6%ad%e0%b7%8a-%e0%b6%85%e0%b6%b0/,,"රේගු වර්ජනය අද දිනයේත් - අධ්‍යක්ෂ ජනරාල්වරිය ඉවත් කරේ බලපෑම්වලට අවනත නොවූ නිසා, දයාසිරි පවසයි",,"Posted on 02.01.2019 by Sithara Sajeewani in දේශීය පුවත් with 0 Comments

තමන් ආරම්භ කළ වෘත්තීය ක්‍රියාමාර්ගය 03 වන දිනය අද දිනත් සිදුකරන බව රේගු ඒකාබද්ධ වෘත්තීය සමිති සන්ධානය පවසයි. රෙගු අධ්‍යක්ෂ ජනරාල්වරිය ලෙස කටයුතු කළ පී. එස්. එම්. චාර්ල්ස් ඉවත් කර ඒ වෙනුවට නාවික හමුදාවේ විශ්‍රාමික නිලධාරියෙකු පත් කිරීමට එරෙහිව රේගු ඒකාබද්ධ වෘත්තීය සමිති සන්ධානය විසින් අකුරට වැඩ කිරීමේ වෘත්තීය ක්‍රියාමාර්ගයක් අරඹනු ලැබිණි.

රේගු මාණ්ඩලික නිලධාරීන්ගේ සංගමය, රෙගු අධිකාරී සංගමය, රේගු නිළධාරීන්ගේ සංගමය, බහාළුම් ප්‍රවාහනය කරන්නන්ගේ සංගමය සහ රේගු නිෂ්කාෂණය කරන්නන්ගේ සංගමය මෙම වෘත්තීය ක්‍රියාමාර්ගයට එක්ව සිටින බව වාර්තා වේ.

මේ ආතර රේගු අධ්‍යක්‍ෂ ජනරාල්වරිය ඉවත් කර විශ‍්‍රාමික නාවික නිලධාරියකු ඒ සඳහා පත්කිරීමට ආණ්ඩුව තීරණය කර ඇත්තේ සිය හිතවතුන්ට සහ හිතවත් සමාගම්වලට රේගු බදු සහන ලබා ගැනීමට නොහැකි වීම නිසා යැයි ශ‍්‍රී ලංකා නිදහස් පක්‍ෂයේ මහ ලේකම් දයාසිරි ජයසේකර පවසයි.

මේ වන විටත් මුදල් ඇමැතිවරයාගේ ලේකම්වරුන් ආණ්ඩුවේ ඇමැතිවරුන් සහ ඉහළ නිලධාරීන් රේගු අධ්‍යක්‍ෂ ජනරාල්වරියට සහ අධ්‍යක්‍ෂ මණ්ඩලයට විවිධ බලපෑම් කර බදු සහන ලබා ගැනීමට කටයුතු කර ඇතැයි කී මහ ලේකම්වරයා ඒවාට අවනත නොවීම නිසා රේගු අධ්‍යක්‍ෂ ජනරාල්වරිය ඉවත් කිරීමට පියවර ගෙන ඇතැයි ද පවසා තිබේ.",තමන් ආරම්භ කළ වෘත්තීය ක්‍රියාමාර්ගය 03 වන දිනය අද දිනත් සිදුකරන බව රේගු ඒකාබද්ධ වෘත්තීය සමිති සන්ධානය පවසයි. රෙගු අධ්‍යක්ෂ ජනරාල්වරිය ලෙස කටයුතු කළ පී. එස්. එම්. චාර්ල්ස් ඉවත් කර ඒ වෙනුවට නාවික හමුදාවේ විශ්‍රාමික නිලධාරියෙකු පත් කිරීමට එරෙහිව රේගු ඒකාබද්ධ වෘත්තීය සමිති සන්ධානය විසින් අකුරට වැඩ කිරීමේ වෘත්තීය ක්‍රියාමාර්ගයක් අරඹනු ලැබිණි. රේගු මාණ්ඩලික නිලධාරීන්ගේ …,sin,lankaviews,Lanka Views,fake news,35314d5b-54d6-4542-a82e-bceeda10a378,article,MassiveSum
https://www.lankaviews.com/%e0%b6%b8%e0%b7%93%e0%b6%ad%e0%b7%9c%e0%b6%a7%e0%b6%b8%e0%b7%94%e0%b6%bd%e0%b7%8a%e0%b6%bd-%e0%b6%b1%e0%b7%92%e0%b7%80%e0%b7%8f%e0%b7%83-%e0%b6%85%e0%b7%84%e0%b7%92%e0%b6%b8%e0%b7%92%e0%b7%80%e0%b7%96/,,මීතොටමුල්ල නිවාස අහිමිවූවන්ට තාවකාලික නවාතැනුත් අහිමි කෙරේ.,,Posted on 05.04.2017 by Chandana Sirimalwatte in දේශීය පුවත් with 0 Comments,මීතොටමුල්ල කසළකන්දේ ඛේදවාචකය නිසා අනතුරට පත්වීමෙන් සහ අවදානම් නිවාසවල වසන අය ලෙස නම්කර ප්‍රද්ශයෙන් ඉවත් කළ පවුල්වලට තාවකාලික නිවාස අහිමිකරමින් ඇත. කසල කන්ද නාය යාමෙන් සිය නිවාස අහිමි වූ පවුල් 30ක් පමණ මේ වන විට වාසය කරන්නේ කොලොන්නාව වී ගබඩා සංකීර්ණයේ තාවකාලිකව ඉදිකරන ලද කුඩා කාමර තුලය. මේ මොහොත වන විට තාවකාලිකව නිවාස කුලියට ලබා …,sin,lankaviews,Lanka Views,fake news,a7031378-69d2-4b66-a809-d65dc5884cca,article,MassiveSum
https://www.lankaviews.com/%e0%b7%83%e0%b7%84%e0%b6%b1%e0%b7%8f%e0%b6%b0%e0%b7%8f%e0%b6%bb-%e0%b6%85%e0%b6%b1%e0%b7%94%e0%b6%9c%e0%b7%8a%e2%80%8d%e0%b6%bb%e0%b7%84%e0%b6%ba/,,සහනාධාර අනුග්‍රහය,,"Posted on 06.06.2017 by Awantha Idamegama in කාටූන්, දවසේ කාටුනය with 0 Comments",අවන්ත ආටිගල ඇදි කාටුනයකි.,sin,lankaviews,Lanka Views,fake news,d4fd7cb4-c84a-405a-8bc5-372adac3cba6,article,MassiveSum
https://www.lankaviews.com/%e0%b6%b8%e0%b7%84%e0%b7%92%e0%b6%b1%e0%b7%8a%e0%b6%af-%e0%b6%b4%e0%b7%8f%e0%b6%bb%e0%b7%8a%e0%b7%81%e0%b7%8a%e0%b7%80%e0%b6%ba-%e0%b6%b4%e0%b7%8f%e0%b6%bb%e0%b7%8a%e0%b6%bd%e0%b7%92%e0%b6%b8/,,"මහින්ද පාර්ශ්වය, පාර්ලිමේන්තුවේ ක්‍රියා කරන ආකාරය හෙට තීන්දුවක්!",,"Posted on 11.19.2018 by Chandana Sirimalwatte in දේශීය පුවත් with 0 Comments

පාර්ලිමේන්තුවේ ආණ්ඩු පක්ෂය ලෙස හදුන්වන මහින්ද-මෛත්‍රි පාර්ශ්වය හෙට පාර්ලිමේන්තුවේදී අනුගමනය කළයුතු ක්‍රියාමාර්ගය සම්බන්ධව එකගතා ඇතිකරගන්නට සූදානම් වේ.

හෙට දහවල් 11.00ට පැවැත්වෙන මන්ත්‍රි කණ්ඩායම් සාකච්ඡාවේදී මේ සම්බන්ධව කටයුතු කරන ආකාරය තීරණය කරන බවට ආරංචි පැතිර යයි.",පාර්ලිමේන්තුවේ ආණ්ඩු පක්ෂය ලෙස හදුන්වන මහින්ද-මෛත්‍රි පාර්ශ්වය හෙට පාර්ලිමේන්තුවේදී අනුගමනය කළයුතු ක්‍රියාමාර්ගය සම්බන්ධව එකගතා ඇතිකරගන්නට සූදානම් වේ. හෙට දහවල් 11.00ට පැවැත්වෙන මන්ත්‍රි කණ්ඩායම් සාකච්ඡාවේදී මේ සම්බන්ධව කටයුතු කරන ආකාරය තීරණය කරන බවට ආරංචි පැතිර යයි.,sin,lankaviews,Lanka Views,fake news,5b1c4552-002c-4d8f-9db2-ce59c352f7f6,article,MassiveSum
https://ceylondaily.com/%e0%b6%a2%e0%b6%b1%e0%b6%b4%e0%b6%ad%e0%b7%92%e0%b6%a7-%e0%b6%89%e0%b6%b1%e0%b7%8a%e0%b6%a7%e0%b6%b4%e0%b7%9d%e0%b6%bd%e0%b7%8a-%e0%b6%87%e0%b6%9c%e0%b6%ba%e0%b7%93%e0%b6%b8%e0%b7%8a-%e0%b6%ad/,,ජනපතිට ඉන්ටපෝල් ඇගයීම් තිළිණයක්,,"Like Love Haha Wow Sad Angry

ජනාධිපති මෛත්‍රීපාල සිරිසේන මහතාට ඉන්ටපෝල් මහලේකම් ජර්ගන් ස්ටොක් මහතා ඇගයීම් තිළිණයක් පිරිනමා තිබේ.

එම තිළිණය ලබාදී ඇත්තේ අප්‍රේල් 21 ත්‍රස්ත ප්‍රහාරයට සම්බන්ධ අපරාධකරුවන් කඩිනමින් අත්අඩංගුවට ගැනීම හා එම සිදුවීම හමුවේ ගත් සාර්ථක පියවර වෙනුවෙනි.

ඉන්ටපෝල් මහලේකම්වරයා ඊයේ ජනාධිපතිවරයා හමුවුණේ, ජනාධිපති කාර්යාලයේදීයි.

මත්ද්‍රව්‍ය සොයා ගැනීම් සඳහා නව තාක්ෂණික උපකරණ ලබා ගැනීම, නිතිය බලගන්වන නිලධාරීන්ට අවශ්‍ය විශේෂ දැනුම ලබා දීම සඳහා ඉදිරියේදී ගිවිසුමකට එළැඹීම පිළිබඳව ද එම හමුවේදී අවධානය කර ඇත.

ශ්‍රී ලංකා පොලීසිය සහ බුද්ධි අංශ නිලධාරීන් ඉතා ඉහළ වෘත්තිමය භාවයකින් ක්‍රියාකරන බව මෙහිදී ජර්ගන් ස්ටොක් මහතා පවසා තිබේ.

Like Love Haha Wow Sad Angry","ජනාධිපති මෛත්‍රීපාල සිරිසේන මහතාට ඉන්ටපෝල් මහලේකම් ජර්ගන් ස්ටොක් මහතා ඇගයීම් තිළිණයක් පිරිනමා තිබේ. එම තිළිණය ලබාදී ඇත්තේ අප්‍රේල් 21 ත්‍රස්ත ප්‍රහාරයට සම්බන්ධ අපරාධකරුවන් කඩිනමින් අත්අඩංගුවට ගැනීම හා එම සිදුවීම හමුවේ ගත් සාර්ථක පියවර වෙනුවෙනි. ඉන්ටපෝල් මහලේකම්වරයා ඊයේ ජනාධිපතිවරයා හමුවුණේ, ජනාධිපති කාර්යාලයේදීයි. මත්ද්‍රව්‍ය සොයා ගැනීම් සඳහා නව තාක්ෂණික උපකරණ ලබා ගැනීම, නිතිය බලගන්වන නිලධාරීන්ට අවශ්‍ය විශේෂ …",sin,ceylondaily,Ceylon Daily,fake news,c2bb41da-ca65-4683-bc4b-32e420095c94,article,MassiveSum
https://www.lankaviews.com/%e0%b6%b1%e0%b7%99%e0%b7%80%e0%b7%92%e0%b6%bd%e0%b7%8a-%e0%b6%b4%e0%b7%8a%e2%80%8d%e0%b6%bb%e0%b6%b1%e0%b7%8f%e0%b6%b1%e0%b7%8a%e0%b6%af%e0%b7%94-%e0%b6%bb%e0%b7%9d%e0%b7%84%e0%b6%bd-%e0%b6%85/,,නෙවිල් ප්‍රනාන්දු රෝහල අර්ධ රාජ්‍ය රෝහලක් ලෙස පවත්වාගෙන යාමේ සූදානමක්,,"Posted on 01.03.2020 by Sithara Sajeewani in දේශීය පුවත් with 0 Comments

නෙවිල් ප්‍රනාන්දු රෝහල අර්ධ රාජ්‍ය රෝහලක් ලෙස එනම්, ශ්‍රී ජයවර්ධනපුර රෝහල වැනි රෝහලක් ලෙස පවත්වා ගැනීමට සෞඛ්‍ය අමාත්‍යංශය තීරණය කර තිබේ.

ඒ සඳහා වන පනත් කෙටුම්පතත් පාර්ලිමේන්තුවේ සම්මත කරගැනීම ඉදිරියේදී සිදුකිරීමට නියමිතය.

මාලඹේ නෙවිල් ප්‍රනාන්දු රෝහල සෞඛ්‍ය අමාත්‍යංශයට පවරාගැනීමේ කටයුතුවල අදියර කිහිපයක් නිමවී ඇතැයි ද සෞඛ්‍ය අමාත්‍යංශ ආරංචි මාර්ග සඳහන් කරයි.

නෙවිල් ප්‍රනාන්දු රෝහලේ දේපළ සහ ඉඩම පවරාගැනීම මේ වනවිට අවසන් කර ඇති බව වාර්තා වේ.","නෙවිල් ප්‍රනාන්දු රෝහල අර්ධ රාජ්‍ය රෝහලක් ලෙස එනම්, ශ්‍රී ජයවර්ධනපුර රෝහල වැනි රෝහලක් ලෙස පවත්වා ගැනීමට සෞඛ්‍ය අමාත්‍යංශය තීරණය කර තිබේ. ඒ සඳහා වන පනත් කෙටුම්පතත් පාර්ලිමේන්තුවේ සම්මත කරගැනීම ඉදිරියේදී සිදුකිරීමට නියමිතය. මාලඹේ නෙවිල් ප්‍රනාන්දු රෝහල සෞඛ්‍ය අමාත්‍යංශයට පවරාගැනීමේ කටයුතුවල අදියර කිහිපයක් නිමවී ඇතැයි ද සෞඛ්‍ය අමාත්‍යංශ ආරංචි මාර්ග සඳහන් කරයි. නෙවිල් ප්‍රනාන්දු රෝහලේ දේපළ …",sin,lankaviews,Lanka Views,fake news,68fc95c9-3149-4199-8b42-172258b3edfb,article,MassiveSum
https://www.lankaviews.com/%e0%b6%b4%e0%b7%99%e0%b7%83%e0%b6%b4-%e0%b6%85%e0%b6%9b%e0%b6%ab%e0%b7%8a%e0%b6%a9-%e0%b7%80%e0%b7%92%e0%b6%bb%e0%b7%9d%e0%b6%b0%e0%b6%ad%e0%b7%8f%e0%b7%80%e0%b6%ba%e0%b6%a7-%e0%b6%b4%e0%b7%9c/,,පෙසප අඛණ්ඩ විරෝධතාවයට පොලිසියෙන් බාධා,,Posted on 11.17.2015 by Sampath in දේශීය පුවත් with 0 Comments,කුමාර් ගුණරත්නම් සහෝදරයා පිටුවහල් නොකරන ලෙසත් ඔහුව ලංකාවේ පුරවැසියෙකු ලෙස පිළිගන්නා ලෙසත් කොටුව දුම්රියපල ඉදිරියේ නොවැම්බර් 13 දින සිට අඛණ්ඩ විරෝධතාවයක් දියත් වන අතර ආණ්ඩුව පොලීසිය සහ අධිකරණය භාවිතා කර එම උද්ඝෝෂණය නතර කිරීමේ උත්සාහයක නිරතව සිටින බව පෙරටුගාමී සාමජවාදී පක්ෂය පවසයි. නිවේදනයක් නිකුත් කරමින් එම පක්ෂය පෙන්වා දෙන්නේ මෙම උද්ඝෝෂණය සඳහා අට්ටාලයක් ඉදිකිරීම සම්බන්ධයෙන් පොලීසිය …,sin,lankaviews,Lanka Views,fake news,6bbf74d9-89ea-4799-8b88-4fe8d62d1376,article,MassiveSum
https://www.lankaviews.com/%e0%b6%bb%e0%b7%90%e0%b6%9a%e0%b7%92%e0%b6%ba%e0%b7%8f-%e0%b7%80%e0%b7%92%e0%b6%bb%e0%b7%84%e0%b7%92%e0%b6%ad-%e0%b6%8b%e0%b6%b4%e0%b7%8f%e0%b6%b0%e0%b7%92%e0%b6%b0%e0%b7%8f%e0%b6%bb%e0%b7%92%e0%b6%b1/,,රැකියා විරහිත උපාධිධාරින් යාපනයේ විරෝධතාවක,,Posted on 03.03.2017 by Chandana Sirimalwatte in දේශීය පුවත් with 0 Comments,යාපනය දිස්ත්‍රික්කයේ රැකියාවිරහිත උපාධිධාරී තරුන තරුණියෝ සිය ගණනක් ඊයේ (3) යාපනය දිස්ත්‍රික් ලේකම් කාර්යාලය ඉදිරිපිට විරෝධතාවක නිරතවූහ. හවුල් ආණ්ඩුව මැතිවරන වේදිකාවල දුන් පොරොන්දු ඉටුකරමින් සිය සුදුසුකම් මත රැකියා අවස්ථා හිමිකර දෙන ලෙස ඉල්ලමින් ඔවුහු මෙසේ විරෝධය ප්‍රකාශ කළහ. ඒකාබද්ධ රැකියා වරහිත උපාධිධාරි සංගමයේ කැදවුම්කරු තැන්නේ ඥානානන්ද හිමියෝද යාපනය දිස්ත්‍රික් රැකියා විරහිත උපාධිධාරි සංගමය සංවිධානය කළ …,sin,lankaviews,Lanka Views,fake news,cf1ba189-c2a0-44fa-98d0-7ecd20e35bfc,article,MassiveSum
https://www.lankaviews.com/western-province-lockdown-till-january/,,ජනවාරි 1 දක්වා බස්නාහිර පළාත ලොක්ඩවුන් කරන්නැයි පී.එච්. අයි.ලා ඉල්ලයි,,"Posted on 12.22.2020 by Sithara Sajeewani in දේශීය පුවත් with 0 Comments

එළඹෙන ජනවාරි 1 වැනිදා දක්වා බස්නාහිර පළාත හුදෙකලා කරන ලෙස මහජන සෞඛ්‍ය පරීක්ෂකවරුන්ගේ සංගමය රජයෙන් ඉල්ලීමක් කර තිබේ.

සෙසු දිස්ත්‍රික්ක සඳහා සංචරණ සීමා පනවන ලෙසද මහජන සෞඛ්‍ය පරීක්ෂවරුන් මෙහිදී ඉල්ලා තිබේ.

කොළඹ නගර සභාව ආශ්‍රිත ප්‍රදේශ කොරෝන වයිරසය ව්‍යාප්තවීමේ අධි අවදානම් බවත් නත්තල් දිනය සහ අලුත් අවුරුද්ද සැමරීම සඳහා ජනතාව සෙසු දිස්ත්‍රික්ක කරා යා හැකි බැවින්, වයිරසය තවදුරටත් පුළුල්ව ව්‍යාප්තවිය හැකි බවට ද ඔවුහු අනතුරු අඟවා ඇත.",එළඹෙන ජනවාරි 1 වැනිදා දක්වා බස්නාහිර පළාත හුදෙකලා කරන ලෙස මහජන සෞඛ්‍ය පරීක්ෂකවරුන්ගේ සංගමය රජයෙන් ඉල්ලීමක් කර තිබේ. සෙසු දිස්ත්‍රික්ක සඳහා සංචරණ සීමා පනවන ලෙසද මහජන සෞඛ්‍ය පරීක්ෂවරුන් මෙහිදී ඉල්ලා තිබේ. කොළඹ නගර සභාව ආශ්‍රිත ප්‍රදේශ කොරෝන වයිරසය ව්‍යාප්තවීමේ අධි අවදානම් බවත් නත්තල් දිනය සහ අලුත් අවුරුද්ද සැමරීම සඳහා ජනතාව සෙසු දිස්ත්‍රික්ක කරා යා හැකි …,sin,lankaviews,Lanka Views,fake news,e3927b0b-a3f7-4cf7-a0ed-967fa5d7bf47,article,MassiveSum
https://www.lankaviews.com/%e0%b6%a2%e0%b6%ba%e0%b7%83%e0%b7%96%e0%b6%bb%e0%b7%92%e0%b6%ba-%e0%b6%ad%e0%b6%b1%e0%b6%ad%e0%b7%94%e0%b6%bb%e0%b7%92%e0%b6%b1%e0%b7%8a-%e0%b6%85%e0%b7%83%e0%b7%8a%e0%b7%80%e0%b7%99%e0%b6%ba%e0%b7%92/,,ජයසූරිය තනතුරින් අස්වෙයි,,"Posted on 04.03.2015 by Sampath in ක්‍රීඩා පුවත් with 0 Comments

ශ්‍රී ලංකා ක්‍රිකට් තේරීම් කමිටු සභාපති සනත් ජයසුරිය මහතා සිය තනතුරෙන් ඉල්ලා අස්වීමට තීරණය කර තිබේ.

ඒ අනුව ඉල්ලා අස්වීමට අදාළ ලිපිය අද උදෑසන ක්‍රීඩා අමාත්‍යවරයා වෙත යොමු කළ බව සනත් ජයසුරිය මහතා සඳහන් කළේය.

නව ක්‍රිකට් අතුරු කමිටුවට සිය කාර්යයන් ඉටු කිරීමට අවශ්‍ය සහයෝගය දැක්වීමක් වශයෙන් ඉල්ලා අස්වීමට තීරණය කළ බවද ඔහු පැවසුවේය.

මේ අතර තේරිම් කමිටු සාමාජික හෂාන් තිලකරත්න මහතාද එම තනතුරෙන් ඉල්ලා අස්වීමට තීරණය කර ඇත.",ශ්‍රී ලංකා ක්‍රිකට් තේරීම් කමිටු සභාපති සනත් ජයසුරිය මහතා සිය තනතුරෙන් ඉල්ලා අස්වීමට තීරණය කර තිබේ. ඒ අනුව ඉල්ලා අස්වීමට අදාළ ලිපිය අද උදෑසන ක්‍රීඩා අමාත්‍යවරයා වෙත යොමු කළ බව සනත් ජයසුරිය මහතා සඳහන් කළේය. නව ක්‍රිකට් අතුරු කමිටුවට සිය කාර්යයන් ඉටු කිරීමට අවශ්‍ය සහයෝගය දැක්වීමක් වශයෙන් ඉල්ලා අස්වීමට තීරණය කළ බවද ඔහු පැවසුවේය. මේ …,sin,lankaviews,Lanka Views,fake news,1e715887-8715-4216-973e-be413f7859ce,article,MassiveSum
https://www.lankaviews.com/rally-to-end-racism-iusf/,,"සියලූ ජාතිවාදී ගැටුම්වලට එරෙහිව ජාති, ආගම් භේද නොතකා එක්ව නැගී සිටිමු! - අ.වි.ශි.බ.ම. ආයාචනා කරයි",,"ජාතිවාදී ප්‍රචණ්ඩත්වයට එරෙහිව බේද නොතකා එක් වන ලෙස අන්තර් විශ්ව විද්‍යාලයීය ශිෂ්‍ය බල මණ්ඩලය නිවේදනයක් නිකුත් කරමින් සියලු දෙනා වෙත ආරාධනා කරයි. පසුගිය දිනවල අැතිවූ ජාතිවාදී සිදුවීම් ව්‍යාප්ත වන්නට නොදී එක්ව කටයුතු කර ලෙස ශිෂ්‍ය ප්‍රජාවගෙන් මෙන්ම සමස්ත සමාජය වෙත ආයාචනා කරමින් නිකුත් කළ ඒ නිවේදනය සම්පූර්ණයෙන් පහත පළ වේ.

සියලූ ජාතිවාදී ගැටුම්, මැදිහත්වීම්වලට එරෙහිව ජාති, ආගම් භේද නොතකා එක්ව නැගී සිටිමු!

මේ වන විට රටේ ප‍්‍රදේශ කිහිපයක නිර්මාණය වී තිබෙන ගැටුම්කාරී වාතාවරණය කුමන හෝ රටක, සමාජයක කිසිසේත්ම සිදු නොවිය යුතුය යන්න අපගේ විශ්වාසයයි. නමුත් පසුගිය වසර කිහිපය මුළුල්ලේ අවස්ථා කිහිපයකදීම විවිධ ස්ථානවල ජාතිවාදී ගැටුම් ඇතිවූ බව නොරහසකි. එහි ආසන්නතම සිදුවීම් වන අම්පාර හා මහනුවර ප‍්‍රදේශවල ඇතිවූ සිද්ධීන් ද මනුෂ්‍යත්වය වැඩි දියුණු කළ යුතු සමාජයක සිදු නොවිය යුතු සිදුවීම්ය. එසේ නම් මෙවැනි සිදුවීම් හෙළා දැකීමෙන් පමණක් සෑහීමකට පත්වීමට අපට හැකියාවක් නොමැත. ඉන් එපිටට ගිය බරපතල සාකච්ඡුාවක්, සංවාදයක් සේම ප‍්‍රායෝගික තලයේ ක‍්‍රියාත්මක වීමක් ද අතවශ්‍ය බව අප තරයේ විශ්වාස කරන්නෙමු. ජාතිවාදී ගැටුම් සම්බන්ධව අප රටේ සේම ලෝක මට්ටමේ අත්දැකීම ද අපට ඕන තරම් ඇත. අප රට තුළ හෝ ලෝක මට්ටමෙන් ඇති වූ මෙවැනි සිද්ධීන්වලින් පසු සමාජයට ඉතිරි වූයේ මොනවාද යන්න සලකා බැලිය යුතුය. එකී සියලූ සිදුවීම්වලින් ඉතිරි වූයේ දිනෙන් දින ගොඩ ගැසෙන මළ මිනී, ලේ වැගිරීම්, ගිනි තැබීම්, දේපල හානි පමණකි. මනුෂ්‍යත්වය ඉදිරියේ කළු පැල්ලමක් පමණි. අම්පාර හා තෙල්දෙණිය සිදුවීම් දෙස පරික්ෂාවෙන් බැලූ කල ඉතා පැහැදිලි කාරණයක් වන්නේ උසි ගැන්වීම්වලට අදාළ දේශපාලන මැදිහත්වීම් ඒ තුළ තිබෙන බවයි. මෙකී සිද්ධීන්වල පමණක් නොව ඉතිහාසයේ සිදු වූ සෑම සිදුවීමක් පසුපසම ජාතිවාදී දේශපාලන හස්තයන් ක‍්‍රියාත්මක වූ බව නොරහසකි. මෙවැනි සිදුවීම් ඇති කිරීමත්, අහඹු සිදුවීම් පදනම් කරගනිමින් උසිගැන්වීම් සිදු කිරීම හා මෙවැනි සිද්ධීන් හිතාමතා පාලනය නොකිරීම හා වර්ධනය වීමට ඉඩ හැරීම පිළිබඳ ඕනෑ තරම් සාක්ෂි ඇත. 1983 කළු ජුලිය අවස්ථාවේ ද එය පාලනය කිරීමට ආණ්ඩුව කටයුතු නොකිරීමත් ඉන් පසු එම සිදුවීම මත පදනම්ව මර්දනය ක‍්‍රියාත්මක කිරීමත් මඟින් ඒ බව මනාව පැහැදිලි වේ.

තම දේශපාලන අරමුණ ඉටු කරගැනීමට සඳහා ජාතිවාදී අදහස් සමාජයේ වැපිරීමට කටයුතු කළ, කටයුතු කරන සියලූ කණ්ඩායම් මෙවැනි තත්ත්වයන්වලට ඍජුවම වගකිව යුතුය. අවසානයේ සිංහල, මුස්ලිම් මරණ ගණන් කිරීමට පටන්ගෙන තිබේ. නමුත් එකී නින්දිත ගණනය කිරීම්වල එකතුව අවසානයේ මිනිසුන් විශාල පිරිසකගේ ජීවිත අහිමිවීමක් බව තේරුම් නොයෑම ඛේදනීය තත්ත්වයකි. මෙකී මනුෂ්‍ය ඝාතන සිදු වන්නේ ද ආගම, ජාතිය මූලික කරගත් ඊනියා දේශපේ‍්‍රමීන් අතින්ය. නමුත් රතුපස්වල, තඹුත්තේගම, පැල්වෙහෙර, නිදහස් වෙළඳ කලාපය, මීතොටමුල්ල ඇතුළු ජනතා උද්ඝෝෂණවලට සිදු කළ පහරදීම්වලදී ජාති භේදයකින් තොරව සාමාන්‍ය ජනයා පීඩාවට පත් විය. නමුත් පහරදීම සිදු කළ ආණ්ඩුවේ බලධාරීන්ගේ ව්‍යපාරික ස්ථාන, නිවාසවලට කිසිවෙකුත් හානි කළේ නැත. සිදු වූයේ ජාති, ආගම් භේද නොසලකා ආණ්ඩුවේ ව්‍යාපෘති ක‍්‍රියාත්මක වීමට ඉඩ හැරීම පමණි. ජාති, ආගම් මූලික කරගෙන සාමාන්‍ය මිනිසුන් ගහ මරා ගැනීමේ වාසිය කාටද යන්න සිතා බැලිය යුතුය. බඩු මිල වැඩි වීම, වරාය නගරය ඉදි වීම, පොහොර සහනාධාරය, ජල ප‍්‍රශ්නය, වකුගඩු රෝගය, අධ්‍යාපනය, සෞඛ්‍ය, ජලය විකිණීම, වැටුප් ප‍්‍රශ්න ඇතුළු එක්ව විරෝධය පල කළ යුතු, සටන් කළ යුතු ප‍්‍රශ්න සියල්ල පසෙක ලා එකිනෙකා මරා ගැනීම සිදු වෙමින් පවතී. සිදු විය යුත්තේ එය ද යන්න සිතා බැලිය යුතුය. ජාතිවාදයේ ගිනිදළු ඇවිලීම ඉතා පහසුය. නමුත් නිවා දැමීම කෙතරම් සංකීරණ ද යන්න තෙල්දෙණිය සිදුවීමෙන් තහවුරු වේ. මන්ද හමුදා, පොලිසී, හදිසි නීති මේ කිසිවකින් මේ වන තෙක් මෙම තත්ත්වය පාලනය කිරීමට නොහැකි වී ඇත. එම නිසා මෙකී සියලූ ආකාරයේ ජාතිවාදී ගැටුම්, මැදිහත්වීම් අප ශිෂ්‍ය ව්‍යාපාරය ලෙස තරයේ හෙළා දකින්නෙමු. ඒවාට තවදුරටත් ඉඩ හදන දේශපාලන සංස්කෘතිය, සමාජ සංස්කෘතිය ද අප දැඩි පිළිකුලෙන් ප‍්‍රතික්ෂේප කරන්නෙමු. ඊට එරෙහිව නැගී සිටීමට ද අප පසුබට නොවන්නෙමු. අප මෙරට සියලූ ජන කොටස්වලින් ඉල්ලා සිටිනුයේ සියලූ ජාති, ආගම් භේද පසෙක ලා සියලූ අකාරයේ ජාතිවාදී ගැටුම්වලට එරෙහිව නැගී සිටින ලෙසයි. මනුෂ්‍යත්වය වෙනුවෙන් එක්ව සටන් කරන ලෙසයි!

ළහිරු වීරසේකර, කැදවුම්කරු, අන්තර් විශ්වවිද්‍යාලයීය ශිෂ්‍ය බලමණ්ඩලය.","ජාතිවාදී ප්‍රචණ්ඩත්වයට එරෙහිව බේද නොතකා එක් වන ලෙස අන්තර් විශ්ව විද්‍යාලයීය ශිෂ්‍ය බල මණ්ඩලය නිවේදනයක් නිකුත් කරමින් සියලු දෙනා වෙත ආරාධනා කරයි. පසුගිය දිනවල අැතිවූ ජාතිවාදී සිදුවීම් ව්‍යාප්ත වන්නට නොදී එක්ව කටයුතු කර ලෙස ශිෂ්‍ය ප්‍රජාවගෙන් මෙන්ම සමස්ත සමාජය වෙත ආයාචනා කරමින් නිකුත් කළ ඒ නිවේදනය සම්පූර්ණයෙන් පහත පළ වේ. සියලූ ජාතිවාදී ගැටුම්, මැදිහත්වීම්වලට එරෙහිව …",sin,lankaviews,Lanka Views,fake news,750e1e36-4a95-44ae-bf11-fe551f13219d,article,MassiveSum
https://www.lankaviews.com/land-minister-blasts-education-system/,,සරසවිවලින් පිටවන හැමෝම රජයේ රැකියා සොයන්නන් නොවී සංවර්ධනයට දායක විය යුුතුයිලු - වැවිලි ඇමති කියයි !,,"Posted on 03.13.2018 by Chandana Sirimalwatte in උණුසුම් පුවත්, දේශීය පුවත් with 0 Comments

සරසවිවලින් පිටවන සැම දෙනාටම රජයෙන් රැකියා දියයුතු බවට අදහසක් තිබෙන නිසා එය වෙනස් කළ යුතු බව ඉඩම් ඇමති නවීන් දිසානායක කියයි. ජාතික වැවිලි කළමනාකරණ ආයතනයේදී පැවති උත්සවයක් අමතමින් ඔහු මේ බව ප්‍රකාශ කර තිබේ. එසේම කටපාඩම් අධ්‍යාපන ක්‍රමය වෙනුවට අලුත් යමක් සිතීමට හැකි පිරිසක් අධ්‍යාපනයෙන් බිහිවිය යුතු බවද ඔහු එහිදී පවසා තිබේ. ඇමතිවරයා ප්‍රකාශ කරන දේ රාජ්‍ය ප්‍රතිපත්ති තුළ දක්නට නොලැබීම ප්‍රධාන ගැටලුවක්ව තිබේ. සරසවි ශිෂ්‍ය ප්‍රජාවට රජයේ රැකියා ඉල්ලා සිටීමට සිදුව ඇත්තේ නිෂ්පාදනීය ආර්ථිකයක රැකියා උත්පාදනය කරන ආර්ථිකයක් නොපැවතීම නිසාය. රාජ්‍ය ප්‍රතිපත්ති සකස් වී ඇත්තේ කායික හා මානසික ශ්‍රමය සුදුසු පරිදි රටේ ආර්ථිකයේ වර්ධනයට යොදාගන්නා ක්‍රමවේදයකට නොව ශ්‍රම සූරාකෑම සහ මිනිස් මැදිහත්වීම වංචනික ලෙස කොල්ල කන ක්‍රමයක් ලෙස යොදාගන්නටය. අලුතින් හිතන දරුවන්ගේ ඔලුගෙඩි මොට කරන අධ්‍යාපන ක්‍රමයක් පවත්වාගෙන යන්නේද ඇමතිවරයා ද අයත් ආණ්ඩුවේ ප්‍රතිපත්තිය යටතේය. සරසවි ශිෂ්‍යයන්ගේ මූලිකත්වයෙන් පවතින අධ්‍යාපන ප්‍රතිපත්තිය ප්‍රශ්න කරන, වඩා නිර්මානශීලී අධ්‍යාපනයක් සදහා ගෙන එන සංවාදය පොලිසිය යොදවා මර්දනය කරන ආණ්ඩුවක අධ්‍යාපන ප්‍රතිපත්තිය වෙනස් නොකර දෙසන්නට පමනක් ඇමතිවරු ඉන්න බව නවීන් දිසානායක ඔප්පු කර ඇත.",සරසවිවලින් පිටවන සැම දෙනාටම රජයෙන් රැකියා දියයුතු බවට අදහසක් තිබෙන නිසා එය වෙනස් කළ යුතු බව ඉඩම් ඇමති නවීන් දිසානායක කියයි. ජාතික වැවිලි කළමනාකරණ ආයතනයේදී පැවති උත්සවයක් අමතමින් ඔහු මේ බව ප්‍රකාශ කර තිබේ. එසේම කටපාඩම් අධ්‍යාපන ක්‍රමය වෙනුවට අලුත් යමක් සිතීමට හැකි පිරිසක් අධ්‍යාපනයෙන් බිහිවිය යුතු බවද ඔහු එහිදී පවසා තිබේ. ඇමතිවරයා ප්‍රකාශ කරන …,sin,lankaviews,Lanka Views,fake news,6108de60-7fb2-4bf3-9085-9cee91f5265b,article,MassiveSum
https://www.lankaviews.com/%e0%b6%bb%e0%b6%a2%e0%b6%ba%e0%b7%9a-%e0%b6%85%e0%b6%bb%e0%b6%b8%e0%b7%94%e0%b6%af%e0%b6%bd%e0%b7%8a-%e0%b6%85%e0%b7%80%e0%b6%b7%e0%b7%8f%e0%b7%80%e0%b7%92%e0%b6%ad%e0%b6%ba-%e0%b6%9c%e0%b7%90/,,රජයේ අරමුදල් අවභාවිතය ගැන නඩුවට ගෝඨාභය ප්‍රමාදයි - විශේෂ මහාධිකරණය අවවාද කරයි!,,"Posted on 02.11.2019 by Chandana Sirimalwatte in දේශීය පුවත් with 0 Comments

රාජපක්ෂ රෙජීමය යටතේ වීරකැටිය ප්‍රදේශයේ ඩී. ඒ .රාජපක්ෂ අනුස්මරණ කෞතුකාගාරය ඉදි කිරීමේදී රුපියල් මිලියන 34ට ආසන්න රජයේ මුදලක් සාවද්‍ය ලෙස පරිහරණය කිරීම සම්බන්ධයෙන් ආරක්ෂක අමාත්‍යංශයේ ලේකම් ලෙස කටයුතු කළ ගෝඨාභය රාජපක්ෂ ඇතුළු විත්තිකරුවන් හත් දෙනකුට එරෙහි නඩුව විභාග කිරීමට ත්‍රිපුද්ගල විශේෂ මහාධිකරණයට බලයක් නොමැති බව සඳහන් කරමින් විත්තිකරුවන් ගොනුකර ලද මූලික විරෝධතාව ප්‍රතික්ෂේප කිරීමට කොළඹ ත්‍රිපුද්ගල විශේෂ මහාධිකරණය නියම කළේය.

සම්පත් අබේකෝන්, සම්පත් විජේරත්න, චම්පා ජානකී රාජරත්න යන ත්‍රිපුද්ගල මහාධිකරණ විනිසුරු මඩුල්ල විසින් මෙම නියෝගය කරනු ලැබීය.

රාජපක්ෂ ජනාධිපතිවරයාගේ පාලන සමයේ මැදමූලන ප්‍රදේශයේ ඩී. ඒ. රාජපක්ෂ අනුස්මරණ කෞතුකාගාරය ඉදිකිරීම සඳහා ඉඩම් ගොඩ කිරිමේ හා සංවර්ධනය කිරීමේ සංස්ථාවට අයත් රුපියල් මිලියන 33.9 ක මුදලක් යොදවා එම මුදල සාවද්‍ය පරිහරණය කළ බවට චෝදනා කරමින් ගෝඨාභය රාජපක්ෂ ඇතුළු විත්තිකරුවන්ට එරෙහිව පොදු දේපල පනත යටතේ නීතිපතිවරයා මෙම නඩුව පවරා තිබේ. මෙම නඩුවේ සෙසු විත්තිකරුවන් ලෙස ඉඩම් ගොඩකිරීමේ හා සංවර්ධනය කිරීමේ සංස්ථාවේ හිටපු සභාපති ප්‍රසාද් හර්ෂණ ද සිල්වා සහ එම ආයතනයේ අධ්‍යක්ෂ මණ්ඩලයේ සාමාජිකයින් වශයෙන් කටයුතු කළ භද්‍රාවතී කමලදාස, සුධම්මික ආටිගල, සමන් කුමාර ගලප්පත්ති , ඩී මෙන්ඩිස් සාලිය සහ මල්ලිකා කුමාරි සේනාධිර යන අය නම් කර තිබේ.

නඩුවේ පළමුවන විත්තිකරු ලෙස නම් කර සිටින හිටපු ආරක්ෂක ලේකම් ගෝඨාභය රාජපක්ෂ අධිකරණයේ පෙනී නොසිටි අතර නඩුව ආරම්භ වී සුළු වේලාවකින් ඔහු අධිකරණයට පැමිණි අවස්ථාවේ ඔහුගේ නීතිඥවරු අධිකරණයට දන්වා සිටියේ මාර්ගයේ පැවති අධික වාහන තදබදය හේතුවෙන් ඔහුට නිසි වේලාවට අධිකරණයට පැමිණීමට නොහැකි වූ බවයි. ත්‍රිපුද්ගල මහාධිකරණ විනිසුරු මඩුල්ල සියලුම විත්තිකරුවන් නිසි වේලාවට අධිකරණය හමුවේ පෙනී සිටින්නැයි අවවාද කළේය.

නඩුව පෙබරවාරි 22 දක්වා කල් දැමූ ත්‍රිපුද්ගල විශේෂ මහාධිකරණය එදිනට විත්තිකරුවන්ගේ උත්තර ඉදිරිපත් කරන මෙන් ද නියම කළේය.",රාජපක්ෂ රෙජීමය යටතේ වීරකැටිය ප්‍රදේශයේ ඩී. ඒ .රාජපක්ෂ අනුස්මරණ කෞතුකාගාරය ඉදි කිරීමේදී රුපියල් මිලියන 34ට ආසන්න රජයේ මුදලක් සාවද්‍ය ලෙස පරිහරණය කිරීම සම්බන්ධයෙන් ආරක්ෂක අමාත්‍යංශයේ ලේකම් ලෙස කටයුතු කළ ගෝඨාභය රාජපක්ෂ ඇතුළු විත්තිකරුවන් හත් දෙනකුට එරෙහි නඩුව විභාග කිරීමට ත්‍රිපුද්ගල විශේෂ මහාධිකරණයට බලයක් නොමැති බව සඳහන් කරමින් විත්තිකරුවන් ගොනුකර ලද මූලික විරෝධතාව ප්‍රතික්ෂේප කිරීමට කොළඹ ත්‍රිපුද්ගල …,sin,lankaviews,Lanka Views,fake news,c7cbdce7-6df6-4463-b532-48481670978b,article,MassiveSum
https://ceylondaily.com/%e0%b7%84%e0%b7%9c%e0%b6%bb%e0%b7%99%e0%b6%b1%e0%b7%8a-%e0%b6%bd%e0%b6%82%e0%b6%9a%e0%b7%8f%e0%b7%80%e0%b6%a7-%e0%b6%b4%e0%b7%90%e0%b6%b8%e0%b7%92%e0%b6%ab%e0%b7%92-%e0%b7%83%e0%b7%92%e0%b6%bb/,,හොරෙන් ලංකාවට පැමිණි සිරියානු යුවලක් ආපසු හරවා යැවේ,,"Like Love Haha Wow Sad Angry

ව්‍යාජ ගුවන් ගමන් බලපත්‍රයක් භාවිත කරමින් ශ්‍රී ලංකාවට ඇතුළු වීමට උත්සාහ කළ සිරියානු ජාතික පවුලක් ඔවුන් පැමිණි ගුවන් යානයෙන්ම ආපසු පිටත් කර යැවීමට පියවර ගෙන තිබේ.

ආගමන විගමන දෙපාර්තමේන්තුව පැවසුවේ ගුවන් තොටුපළ පැමිණීමේ පර්යන්තයේ ආගමන කවුළුව වෙත පැමිණි ඔවුන්, තමන් ශ්‍රී ලංකාවේ සංචාරයක් සඳහා පැමිණි බව ප්‍රකාශ කර ඇති බවයි.

එහිදී ඔවුන් ඉදිරිපත් කළ එක්සත් අරාබි එමීර් රාජ්‍යයට අයත් ගුවන් ගමන් බලපත්‍ර පිළිබඳව සැක පහළ වීමෙන් පසුව ඔවුන් ගුවන් තොටුපළ ප්‍රධාන ආගමන විගමන නිලධාරීවරයා වෙත යොමු කර තිබේ.

මේ පිළිබඳව ඔවුන්ගෙන් ප්‍රශ්න කිරීම් අතරතුර ඔවුන් රැගෙන විත් තිබූ ගමන් මලු පරීක්ෂා කර බැලීමේ දී, ඒවා තුළ ඔවුන්ගේ සැබෑ සිරියානු ගුවන් ගමන් බලපත්‍ර තුන තිබී හමු වී ඇත.

මෙම පවුලේ පියා 29 හැවිරිදි දන්ත වෛද්‍යවරයෙක් වන අතර මව 28 හැවිරිදි වියේ පසුවෙයි.

Like Love Haha Wow Sad Angry","ව්‍යාජ ගුවන් ගමන් බලපත්‍රයක් භාවිත කරමින් ශ්‍රී ලංකාවට ඇතුළු වීමට උත්සාහ කළ සිරියානු ජාතික පවුලක් ඔවුන් පැමිණි ගුවන් යානයෙන්ම ආපසු පිටත් කර යැවීමට පියවර ගෙන තිබේ. ආගමන විගමන දෙපාර්තමේන්තුව පැවසුවේ ගුවන් තොටුපළ පැමිණීමේ පර්යන්තයේ ආගමන කවුළුව වෙත පැමිණි ඔවුන්, තමන් ශ්‍රී ලංකාවේ සංචාරයක් සඳහා පැමිණි බව ප්‍රකාශ කර ඇති බවයි. එහිදී ඔවුන් ඉදිරිපත් කළ එක්සත් …",sin,ceylondaily,Ceylon Daily,fake news,f1af10ba-bd42-4347-82b8-269416e67a05,article,MassiveSum
https://www.lankaviews.com/%e0%b6%b1%e0%b7%90%e0%b6%9c%e0%b7%99%e0%b6%b1%e0%b7%84%e0%b7%92%e0%b6%bb-%e0%b6%a2%e0%b7%90%e0%b6%a7%e0%b7%92%e0%b6%ba-%e0%b7%80%e0%b7%92%e0%b6%9a%e0%b7%94%e0%b6%ab%e0%b6%b1%e0%b7%8a%e0%b6%b1/,,නැගෙනහිර ජැටිය විකුණන්න එපා කියන සටන් පාඨය ජයග්‍රහණය කරාට තාම සටන ඉවර නැහැ - පුබුදු ජයගොඩ,,"Posted on 02.02.2021 by Sithara Sajeewani in දේශීය පුවත් with 0 Comments

නැගෙනහිර ජැටිය සටනේදී එම නිශ්චිත සටන ජයග්‍රහණය කිරීමට සමත් වුවද ඉදිරියට තව සටන් රාශියක් ඉතිරිවී ඇති බව පෙරටුගාමී සමාජවාදී පක්ෂයේ අධ්‍යාපන ලේකම් පුබුදු ජයගොඩ පවසයි. ඔහු පවසන්නේ රාජ්‍ය සම්පත් පෞද්ගලිකරණය කරන්න ඒවා විකුණන්න අදාළ රජයේ ප්‍රතිපත්තිය තවමත් එසේම පවතින නිසා එයට එරෙහි සටන අඛණ්ඩව සිදුකළ යුතු බවයි. අද කොළඹදී පැවති මාධ්‍ය හමුවකට එක්වෙමින් ඔහු මේ බව පැවසීය.

පුබුදු ජයගොඩ වැඩිදුරටත් පැවසුවේ, “ඊයේ කැබිනට් මණ්ඩලය කොළඹ වරායේ නැගෙනහිර පර්යන්තය ඉන්දියාවේ අදානි සමාගමට හෝ වෙනත් සමාගමකට ලබා නොදී එහි අයිතිය වරාය අධිකාරිය යටතේම තියාගන්න තීරණය කරා. ඊට අමතරව කැබිනට් පත්‍රිකාවේ තියෙනවා තවමත් ඉදිකොට නැති කොළඹ වරායේ බස්නාහිර ජැටිය ඉදිකරලා ඒ බස්නාහිර පර්යන්තය ඉදිකිරිම සඳහා වූ ආයෝජන කැඳවන්න සහ ඒ ආයෝජන හරහා එහි අයිතිය පවරන්න ඉන්දියානු සමාගම් සමඟ සාකච්ඡා කරනවා කියලා. මේ කැබිනට් පත්‍රිකාවේ අදහස් දෙකක් තියෙනවා. එක්පැත්තකින් මෙතෙක් කල් අපි සටන් කරපු නැගෙනහිර ජැටිය විකුණන අදහස ආණ්ඩුව අතහැරගෙන තියෙනවා. හැබැයි ඒත් එක්ක අලුත් ප්‍රශ්නයක් ඉදිරියට ගෙනල්ලා තියෙනවා. නැගෙනහිර ජැටිය වෙනුවට බටහිර ජැටිය ඉන්දියානු සමාගමක් වෙත දෙන්න උත්සාහ කරනවා. දැනට දන්නා තොරතුරුවලට අනුව එම ජැටිය නිර්මාණය කිරීම සඳහා වූ කොන්ත්‍රාත්තුවත් අදාළ ඉන්දියානු සමාගමට දීලා ඉන්පසු ජැටිය පවත්වාගෙන යද්දී එහි අයිතිය සියයට 15ක් පමණක් වරාය අධිකාරිය සතුව තබාගෙන සියයට 85ක් ඉන්දියානු සමාගමට දෙන්න තමයි සාකච්ඡා පවත්වන්න යෝජනා වෙලා තියෙන්නෙ. තවම ඉන්දියාව පැත්තෙන් හෝ ඉන්දියානු සමාගමක් පැත්තෙන් අවසන් අදහසක් ඉදිරිපත් වෙලා නැහැ. නැගෙනහිර ජැටිය විකුණන්න එපා කියන සටන් පාඨය ජයග්‍රහණය කරලා තියෙනවා. නමුත් නැගෙනහිර ජැටියට අදාළ සටන් පාඨය අපි ගෙනාවෙ වඩා මහජන දේපොළ පෞද්ගලිකරණය නොකරනු කියන සටන් පාඨයත් සම්බන්ධ කරලා. ඒ දේශපාලන සටන් පාඨය ජයග්‍රහණය කරගන්න අසමත් වෙලා තියෙනවා. ඒ නිසා නැගෙනහිර ජැටිය වෙනුවට වෙන එකක් එනවා. දිගින් දිගටම සටන්වල අපිට මේ අත්දැකීම තියෙනවා. උදාහරණයක් විදිහට සයිටම් පෞද්ගලික විශ්ව විද්‍යාලයට විරුද්ධව දැවැන්ත මහජන අරගලයක් ගියා. ඒ අරගලය හරහා නිශ්චිත සටන් පාඨය ජයග්‍රහණය කරා. සයිටම් උපාධි කඩය අහෝසි කරා. හැබැයි අධ්‍යාපනය පෞද්ගලිකරණය කිරීමට එරෙහි දේශපාලන සටන් පාඨය ජයග්‍රහණය කරගන්න බැරි වුණා. ඒ නිසා ඇබර්ඩීන් හරි වෙන නමකින් හරි පෞද්ගලික විශ්ව විද්‍යාල පැමිණීමේ අවදානමක් සහ පැමිණීමට එරෙහිව සටන් කිරීමේ විභවයක් හැමතිස්සෙම තියෙනවා. නැගෙනහිර ජැටිය සටනේදීත් ඒ නිශ්චිත සටන ජයග්‍රහණය කරාට අපි ඉස්සරහා තවත් සටන් රාශියක් ඉතුරුවෙලා තියෙනවා. රාජ්‍ය සම්පත් පෞද්ගලිකරණය කරන්න ඒවා විකුණන්න අදාළ රජයේ ප්‍රතිපත්තිය එහෙම්මම තියෙනවා. උදාහරණයකට කැබිනට් මණ්ඩලය නැගෙනහිර ජාතියට අදාළ කැබිනට් පත්‍රිකාව නිකුත්කරන අතර ගත්ත තව තීරණයක් තමයි අම්පාර දිස්ත්‍රික්කයේ රඹකැන් ඔය අක්කර 2750ක් වගාවන් සඳහා සමාගම්වලට පවරන්න. ඒ ප්‍රදේශයේ ගම්වැසියෝ, ආදිවාසීන්, පරිසරවේදීන් මැදිහත්වෙලා මීට පෙර ඒ ප්‍රදේශයේ සිදුවෙමින් පවැති වන විනාශය නැවැත්තුවා. දැන් නැවත තීරණයක් එනවා රඹකැන් ඔයෙන් තව අක්කර 2750ක් දෙන්න. මේ ධනවාදී ප්‍රතිපත්තිය මෙහෙම පවතිනකම් මේ ජාතියේ සටන් දිගටම ඉදිරියට එනවා. අපි මේක ජයග්‍රහණයක් කියන්නෙ දීර්ඝ ගමනක එක පියවරක් සාර්ථකව තියාගන්න පුළුවන් වෙච්ච නිසා. නමුත් සටන් අඛන්ඩයි. වරායේ නැගෙනහිර ජැටිය පමණක් නෙමෙයි වරායේ බටහිර ජැටියයි, ජයා පර්යන්තයි, රැජින ජැටියයි මේ ඔක්කොම තියෙනවා. කොළඹ වරාය විතරක් නෙමෙයි. හම්බන්තොට වරාය, ත්‍රිකුණාමල වරාය, කන්කසන්තුරේ වරාය තියෙනවා. මේ හැම එකක්ම රැකගැනීමේ අරගලයක් විවෘත වෙලා තියෙනවා. වරායවල් විතරක් නෙමෙයි. හෝටල් සංස්ථාවේ හෝටල් ටික විකුණන්න යනවා. රාජ්‍ය බැංකු පෞදගලිකරණය කරන්න යනවා. අධ්‍යාපන පෞද්ගලිකරණය සඳහා අලුත් පනතක් ඇවිත් තියෙනවා. සෞඛ්‍ය සේවය පියවරෙන් පියවර පෞද්ගලිකරණය කරමින් යනවා. මේ සියලු දේ රැකගැනීම සඳහා වූ පුළුල් අරගලයක් තියෙනවා.

ඒ අතර ගෝලීය බල අරගලය සම්බන්ධ ප්‍රශ්නෙ තියෙනවා. ඊයේ ඉන්දියානු මහ කොමසාරිස් කාර්යාලය තර්ජනාත්මක නිවේදනයක් නිකුත් කරලා තියෙනවා. ඔවුන් කියලා තියෙන්නෙ කලින් ආපු එකඟතා රකින්න කියලා. කලින් ඇති කරගත්තු එකඟතාත් පාලකයන්ගේ අත අඹරවලා ඇතිකරගත්තු එකඟතා. ඉන්දියාවේ මෙම හැසිරීම විමර්ශනශීලීව ලංකාවේ ජනතාව අධ්‍යනය කළ යුතුයි. විශේෂයෙන් කොළඹ ඉන්දියානු මහ කොමසාරිස් කාර්යාලය. ඒකෙ රාජ්‍ය නිලධාරීන් ලෙස පෙනී සිටින රෝ ඔත්තු සේවා නිලධාරීන්. අද උදෑසන වාර්තා වුණා කිඹුලා ඇලේ ගුණා ඉන්දියාවේ චෙන්නායිවලදී අත්අඩංගුවට ගත්තා කියලා. Times of India වාර්තා කරන විදිහට චන්ද්‍රිකා බණ්ඩාරනායකට බෝම්බ ගහන්න මැදිහත්වුණු කෙනෙක් තමයි මේ පුද්ගලයා. චන්ද්‍රිකා බණ්ඩාරනායකට බෝම්බ ප්‍රහාරය එල්ල වෙලා අවුරුදු 22ට පස්සේ ඉන්දියානු පොලීසිය කිඹුලා ඇලේ ගුණාව අත්අඩංගුවට ගන්නවා. හැබැයි පාස්කු ප්‍රහාරයට වගකිව යුතුයි කියන සාරා පුලස්තිනි ඉන්දියාවේ ඉන්නවා කියලා තිබුණට එයාව හොයාගන්න විදිහක් නෑ. ඊයේ නැගෙනහිර ජැටිය ගැන තීරණය ගැනීමයි ඉන්දියානු මහ කොමසාරිස් කාර්යාලයේ තර්ජනාත්මක ප්‍රකාශ නිකුත් කිරීමයි. අද උදේ ජනාධිපති ඝාතන කුමන්ත්‍රණයකට සම්බන්ධ කෙනෙක්ව අත්අඩංගුවට ගැනීමයි හරහා දෙන සංඥාවල් මොනවද?

අපිට ඉන්දියවල් දෙකක් තියෙනවා. එක ඉන්දියාවක් මෝදීලාගේ, අදානිලාගේ, අම්බනිලාගේ ඉන්දියාව. තවත් පැත්තකින් තියෙනවා මාස දෙකක් තිස්සේ ඉඩම් කොල්ලයට එරෙහිව සටන් කරන ගොවීන්ගේ ඉන්දියාව. ඒ සටන සහය දෙන කම්කරුවන්ගේ ඉන්දියාව සහ ඉන්දියානු පීඩිත ජනතාවගේ ඉන්දියාව. ඉන්දියානු මහ කොමසාරිස් නියෝජනය කරන්නේ මෝදීලාගේ, අදානිලාගේ, අම්බනිලාගේ ඉන්දියාව. ආණ්ඩුව ඉන්දියානු මහ කොමසරි කාර්යාලයේ නිවේදනය ගැන තමන්ගේ ස්ථාවරය කියන්න ඕනා. අපිට ආණ්ඩුවේ ප්‍රතිපත්තිය පැහැදිලියි. මේ ආණ්ඩුව බලයට එනකොට ජාතිකවාදය, දේශප්‍රේමය ලොකු කතා කිව්වා. දැන් තමන්ගේ ස්ථාවරය කිව්වම ඒ ජාතිකවාදයන්වල තියෙන බංකොලොත් භාවයත් අපිට හොදට බලාගන්න පුළුවන්. අපේ පැත්තෙන් ගත්තොත් ඉන්දියානු පාලක පන්තියේ මේ තර්ජනයට අපි මූන දෙන්න බලාපොරොත්තු වෙන්නෙ පීඩාවට පත්වෙච්ච ජනතාව, ගොවියෝ කම්කරුවෝ එක්ක එක්ක එකතු වෙලා.

ඊයේ පෙරේදා රඟ දැක්වුණු ජවනිකා දිහා බැලුවම පේන්නේ නැගෙනහිර ජැටිය විකුණනවාට ලොකු විරෝධයක් ආණ්ඩුව ඇතුලේ තිබුණා වගේ. හැබැයි අපි දන්නවා මීට සතියකට කලින් ආණ්ඩුව හිටියෙත් ස්ථිරවම නැගෙනහිර ජැටිය විකුණනවා කියලා. විෂය භාර ඇමති ඇවිත් කිව්වේ ස්ථිරවම මේක විකුණනවා වන විකල්පයක් නැහැ කියලා. ආණ්ඩුවේ ඇතුලේ මේක විකුණනවාට විරුද්ධව කවුරුත් හිටියේ නැහැ. එහෙන් මෙහෙන් කන් කෙඳිරි ගාන අය හිටියා. ගෝඨාභය රාජපක්ෂගේ පුංචි මොළේට මේ සටනේ විභවය මොකක්ද කියලා තේරෙන්නෙත් නැහැ. එයා හිතන් ඉන්නෙ හැම එකම හමුදාව දාලා බේරන්න පුළුවන් කියලා. අඩුමගානෙ වෘත්තීය සමිති නායකයෝ සාකච්ඡාවකට ගිය වෙලාවේ එයා විතරක් කතා කරලා නැගිටලා ගිය මනුස්සයෙක් එයා. ඊයේ හවස වෙද්දී එයාව දණ ගස්සන්න පුළුවන් මහජන ව්‍යාපාරයක් නිර්මාණය වුණේ කොහොමද? දැන් මේ ජයග්‍රහණයේ පියවරු වෙන්න ගොඩක් අය එනවා. උදාහරණයකට මහින්ද රාජපක්ෂ එනවා. මහින්ද රාජපක්ෂගේ එකක් තියෙන්නෙ එය පළපුරුදු දේශපාලනඥයෙක් විදිහට එයා දන්නවා මෙතන හැදුනු මහජන ව්‍යාපාරයේ මොනතරම් විභවයක් තියෙනවද කියලා එයා දන්නවා. ඒකට ආණ්ඩුවට සහය දුන්න අය පවා එකතුවුණා. ඔහු දන්නවා මේ මහජන ව්‍යාපාරය තවදුරටත් වර්ධනය වුණානම් එයාව නැවත ගිහිල්ලා මැදමුලනේ ජනේලයක එල්ලන්න තිබුනා කියලා. නැත්තම් එයාගෙ මල්ලිව ගිහිල්ලා ජනේලෙක එල්ලන්න තිබුණා. ඒවගේම මේ මහජන ව්‍යාපාරය තවදුරටත් සංවර්ධනය කරානම් එහෙම රාජ්‍ය දේපොළ විකුණගෙන කන රාජ්‍ය ප්‍රතිපත්තියටම එරෙහි දැවැන්ත බලයක් නිර්මාණය කරන්න තිබුණා. ඒ වගේම මේක තව දුර ගියානම් නව ලිබරල් ධනවාදයටටම එරෙහි පුළුල් මහජන බලයක් ගොඩ නැගෙන්න ඉඩ තිබුණා. මහින්ද රාජපක්ෂ ඒක දන්න නිසා තමයි අන්තිම මොහොතේ ඉස්සරහට ආවෙ. කට අරින්නේ නැතුව ඉඳලා එකපාරටම පෙරේදා ඉඳලා කතා කරන්න ගත්තා. සුරංගනා කතාවල තියෙනවා ගෙම්බා ඉන්නවා, කුමාරිකාවක් ඇවිල්ලා හාද්දක් දුන්නට පස්සෙ ගෙම්බා වීර කුමාරයෙක් බවට පත්වෙනවා. ඒ වගේම ගෙම්බො වගේ හිටපු මහින්ද රාජපක්ෂයි, විමල් විරවංශයි, උදය ගම්මන්පිලයි දවස් දෙකෙන් නැගෙනහිර ජැටිය බේරගන්න විරෝයෝ බවට පත්වුණා. ආණ්ඩුවට සම්බන්ධ පක්ෂ 10ක් අන්තිම මොහොතේ දුවගෙන ඇවිල්ලා ප්‍රකාශයක් කරා. මේ සියල්ල දන ගස්වන්න පුළුවන් වුණේ පුළුල් මහජන ව්‍යාපාරයේ හයියෙන්. විධායක ජනාධිපති කමකුයි 20වන ආණ්ඩුක්‍රම ව්‍යවස්ථා සංශෝධනයක් විසින් ගත්ත දැවැන්ත බලයකුයි පාර්ලිමේන්තුවේ තුනෙන් දෙකක බලයකුයි සහිත ආණ්ඩුවක් දන ගැස්සුවේ ඒ මහජන හයියෙන්. මල්ලිගේ කෙණහිලිකම්වලට ලක්වෙලා ඇඩ්‍රස් නැතුව හිටිය අයියා සහ අයියගෙ යාලුවෝ ටික ඇවිල්ලා මල්ලිව බේරාගත්තා. එහෙම බේරාගත්තේ නැත්තම් එයාවත් ජනේලෙ එල්ලා තමයි අර මහජන ව්‍යාපාරෙ කෙළවර වෙන්නෙ. ඔය පස්සෙ ඇවිල්ලා වොයිස් කට් වීරයෝ බවට පත්වුණු අය නෙමෙයි මේ සටනෙ පුළුල් ව්‍යාපාරයක් හැදුණා. ඒ ව්‍යාපාරය විසින් තමයි ආණ්ඩුව දන ගසවලා මේ තීරණය ගන්න සැලැස්සුවේ. හැබැයි තව ඉතුරු වෙච්ච කොටසක් තියෙනවා. එකක් තමයි බටහිර ජැටිය විකුණන්න යනවා. ඒක BOT (Build Operation Transfer )ක්‍රමයට දෙන්න යනවා කියලා ආරංචියක් තියෙනවා. මේක BOO ක්‍රමය Build Operation Owned ක්‍රමය වෙයිද දන්නෙත් නැහැ. දේ ක්‍රමය වුණොත් සම්පූර්ණයෙන් ඉන්දියානු සමාගමට මේ පර්යන්තය අයිති වෙනවා. ඒ සටන ජයග්‍රහණය කිරීමේ වගකීමක් අපිට තියෙනවා. අද සිට අපි ඉස්සරහා සටනක් විවෘත වෙලා තියෙනවා. ඒ අරගලය සඳහා පෙරටුගාමී සමාජවාදී පක්ෂය ලෙස උපරිම ශක්තිය ලබාදෙමින් මැදිහත් වෙනවා. නැගෙනහිර ජැටිය රැක ගැනීම සඳහා එක්වූ මහජන ව්‍යාපාරයේ ඉන්න සියලු පාර්ශව බස්නාහිර ජැටිය රැක ගැනීමේ අරගලය සඳහා අපි බලාපොරොත්තු වෙනවා. “",නැගෙනහිර ජැටිය සටනේදී එම නිශ්චිත සටන ජයග්‍රහණය කිරීමට සමත් වුවද ඉදිරියට තව සටන් රාශියක් ඉතිරිවී ඇති බව පෙරටුගාමී සමාජවාදී පක්ෂයේ අධ්‍යාපන ලේකම් පුබුදු ජයගොඩ පවසයි. ඔහු පවසන්නේ රාජ්‍ය සම්පත් පෞද්ගලිකරණය කරන්න ඒවා විකුණන්න අදාළ රජයේ ප්‍රතිපත්තිය තවමත් එසේම පවතින නිසා එයට එරෙහි සටන අඛණ්ඩව සිදුකළ යුතු බවයි. අද කොළඹදී පැවති මාධ්‍ය හමුවකට එක්වෙමින් ඔහු මේ …,sin,lankaviews,Lanka Views,fake news,4ff20d56-550e-4bb0-b5bf-2e9a226dcea3,article,MassiveSum
https://www.lankaviews.com/%e0%b6%b1%e0%b7%92%e0%b6%af%e0%b7%84%e0%b7%83%e0%b7%8a-%e0%b7%80%e0%b7%99%e0%b7%85%e0%b6%b3%e0%b6%9a%e0%b6%bd%e0%b7%8f%e0%b6%b4-%e0%b7%83%e0%b7%9a%e0%b7%80%e0%b6%9a-%e0%b7%83%e0%b7%9a%e0%b7%80/,,නිදහස් වෙළඳකලාප සේවක සේවිකාවන්ට 5000ක් ගෙවනු! - උද්ඝෝෂණයක්,,"Posted on 05.14.2020 by Chandana Sirimalwatte in දේශීය පුවත් with 0 Comments

කොරෝනා වසංගතය හෙතුවෙන් පීඩාවට පත්ව සිටින තමන්ට රු. 5000 දීමනාවක් ‌ගෙවන ලෙස ඉල්ලා නිදහස් වෙළඳ කලාප සේවක සේවිකාවන් අද (14) විරෝධතාවක් දක්වා ඇත. අද කටුනායක නිදහස් වෙළඳ කලාපයේ පැවති මෙම විරෝධතාවයට සේවක සේවිකාවන් සිය ගණනක් ඒක්ව තිබේ. මේ වනවිට කම්හල්වල සමාජ දුරස්තභාවය වෙනුවෙන් සේවකයන් අවම පිරිසක් කැඳවන බවට ගත් තීරණයද උල්ලංඝනය කරමින් තිබෙන බවට ඔවුන් චෝදනා කර තිබිණි.",කොරෝනා වසංගතය හෙතුවෙන් පීඩාවට පත්ව සිටින තමන්ට රු. 5000 දීමනාවක් ‌ගෙවන ලෙස ඉල්ලා නිදහස් වෙළඳ කලාප සේවක සේවිකාවන් අද (14) විරෝධතාවක් දක්වා ඇත. අද කටුනායක නිදහස් වෙළඳ කලාපයේ පැවති මෙම විරෝධතාවයට සේවක සේවිකාවන් සිය ගණනක් ඒක්ව තිබේ. මේ වනවිට කම්හල්වල සමාජ දුරස්තභාවය වෙනුවෙන් සේවකයන් අවම පිරිසක් කැඳවන බවට ගත් තීරණයද උල්ලංඝනය කරමින් තිබෙන බවට ඔවුන් …,sin,lankaviews,Lanka Views,fake news,9f3ea100-fdc9-4b5a-ac51-b09d05166786,article,MassiveSum
https://www.lankaviews.com/%e0%b6%bb%e0%b6%ab%e0%b7%80%e0%b7%92%e0%b6%bb%e0%b7%94%e0%b7%80%e0%b7%99%e0%b6%9a%e0%b7%8a-%e0%b6%bb%e0%b6%a7-%e0%b7%80%e0%b7%92%e0%b6%bb%e0%b7%94%e0%b7%80%e0%b7%99%e0%b6%9a%e0%b7%94%e0%b6%9c%e0%b7%9a/,,රණවිරුවෙක් රට විරුවෙකුගේ කන් පළයි,,"Posted on 03.24.2021 by Sithara Sajeewani in දේශීය පුවත් with 0 Comments

බෙන්තොට EKHO SURF නම් හෝටලයේ පවත්වාගෙන යන නිරෝධායන මධ්‍යස්ථානයේ නිරෝධායනය වෙමින් සිටි විදෙස්ගත ශ්‍රමිකයෙකුට එම මධ්‍යස්ථානයේ මෙහෙයුම් භාරව සිටි හුමදා නිලධාරියෙකු අමාණුෂික ලෙස පහරදී ඇත. මෙම පහරදීම කර ඇත්තේ නිරොධායනය වෙමින් සිටි සම්පත් එදිරිසිංහ නම් කුවේටයේ සිට පැමිණි ශ්‍රී ලාංකික ශ්‍රමිකයෙකුටයි . ඔහු මෙම නිරෝධායන මධ්‍යස්ථානය වෙනුවෙන් රුපියල් දෙලක්ෂ අනූ දහසක ගාස්තුවක් ගෙවා ඇති බව සඳහන් වේ.

එවැනි විශාල මුදලක් වියදම් කරමින් නිරෝධායනය වන අවස්ථාවක සැපයිය යුතු මූලික පහසුකම් සම්බන්ධයෙන් නිරෝධායන මධ්‍යස්ථානය භාර හමුදා නිලධාරියාගෙන් විමසූ අවස්ථාවේ මෙම පහරදිම සිදුකර තිබේ. මෙම ප්‍රහාරයට ලක්වීමෙන් සම්පත් එදිරිසිංහගේ කන්බෙරයට හානි දිදුවී ඇති බව වෛද්‍යවරු නිගමණය කර ඇත. මෙම පහරදීම සම්බන්ධයෙන් ඔහු පොලිසියට ද පැමිණිලි කර තිබේ.

ඔහු මේ වනවිට කළුතර නාගොඩ රෝහලේ ප්‍රතිකාර ලබමින් සිටී. නමුත් මෙම පහරදීම සම්බන්ධයෙන් පොලීසිය නිසි ක්‍රියාමාර්ග ගෙන නොමැත. මෙම නිරෝධායන මධ්‍යස්ථානය තුළ ආරක්ෂක කැමරා සවි කර ඇති බැවින් අදාල පහරදීම සම්පූර්ණයෙන්ම එහි පටිගතවී තිබෙන බව ඒ ඔස්සේ පහසුවෙන්ම පොලිසියට පරීක්ෂණ සිදුකළ හැකි බවත් පහරකෑමට ලක්වූ සම්පත් එදිරිසිංහ අවධාරණය කරයි.",බෙන්තොට EKHO SURF නම් හෝටලයේ පවත්වාගෙන යන නිරෝධායන මධ්‍යස්ථානයේ නිරෝධායනය වෙමින් සිටි විදෙස්ගත ශ්‍රමිකයෙකුට එම මධ්‍යස්ථානයේ මෙහෙයුම් භාරව සිටි හුමදා නිලධාරියෙකු අමාණුෂික ලෙස පහරදී ඇත. මෙම පහරදීම කර ඇත්තේ නිරොධායනය වෙමින් සිටි සම්පත් එදිරිසිංහ නම් කුවේටයේ සිට පැමිණි ශ්‍රී ලාංකික ශ්‍රමිකයෙකුටයි . ඔහු මෙම නිරෝධායන මධ්‍යස්ථානය වෙනුවෙන් රුපියල් දෙලක්ෂ අනූ දහසක ගාස්තුවක් ගෙවා ඇති බව …,sin,lankaviews,Lanka Views,fake news,33dd09b3-6532-450f-8bfc-7c553ed0875e,article,MassiveSum
https://ceylondaily.com/%e0%b6%9a%e0%b7%90%e0%b7%83%e0%b7%8a%e0%b6%b6%e0%b7%91%e0%b7%80%e0%b6%b1%e0%b7%8a-24%e0%b6%9a%e0%b7%8a-%e0%b6%b8%e0%b7%90%e0%b6%bb%e0%b7%96-%e0%b6%ad%e0%b7%92%e0%b6%af%e0%b7%99%e0%b6%b1%e0%b7%99/,,කැස්බෑවන් 24ක් මැරූ තිදෙනෙකු වෙන්නප්පුවේදී අත්අඩංගුවට,,"Like Love Haha Wow Sad Angry

කැස්බෑවන් 24 දෙනෙකු මරා මස් කළ පුද්ගලයින් තිදෙනෙකු වෙන්නප්පුව පොලිස් විශේෂ කාර්යාංශ එම ප්‍රදේශයේ කළ වැටලීමකදි අත්අඩංගුවට ගෙන තිබේ.

පොලිසිය පැවසුවේ සැකකරුවන් සතුව තිබී කැස්බෑ මස් කිලෝග්‍රෑම් 75 යි ග්‍රෑම් 500 ක් සොයා ගත් බවයි.

අත්අඩංගුවට ගත් සැකකරුවන් උල්හිටියාව සහ කටුනේරිය ප්‍රදේශවල පදිංචිකරුවන් වේ.

Like Love Haha Wow Sad Angry",කැස්බෑවන් 24 දෙනෙකු මරා මස් කළ පුද්ගලයින් තිදෙනෙකු වෙන්නප්පුව පොලිස් විශේෂ කාර්යාංශ එම ප්‍රදේශයේ කළ වැටලීමකදි අත්අඩංගුවට ගෙන තිබේ. පොලිසිය පැවසුවේ සැකකරුවන් සතුව තිබී කැස්බෑ මස් කිලෝග්‍රෑම් 75 යි ග්‍රෑම් 500 ක් සොයා ගත් බවයි. අත්අඩංගුවට ගත් සැකකරුවන් උල්හිටියාව සහ කටුනේරිය ප්‍රදේශවල පදිංචිකරුවන් වේ.,sin,ceylondaily,Ceylon Daily,fake news,27b0e452-8733-416f-a4fc-78a3267a9414,article,MassiveSum
https://www.lankaviews.com/%e0%b6%bb%e0%b6%a2%e0%b6%ba%e0%b7%9a-%e0%b6%86%e0%b6%ba%e0%b6%ad%e0%b6%b1-%e0%b7%83%e0%b6%ad%e0%b7%94-%e0%b7%80%e0%b6%9c%e0%b7%8f-%e0%b6%b1%e0%b7%9c%e0%b6%9a%e0%b7%85-%e0%b6%89%e0%b6%a9%e0%b6%b8/,,රජයේ ආයතන සතු වගා නොකළ ඉඩම් පිළිබඳ බැංකුවක් හැදිය යුතුයි - චමල් රාජපක්ෂ,,"Posted on 03.12.2021 by Sithara Sajeewani in දේශීය පුවත් with 0 Comments

රජයේ ආයතන සතු වගා කිරීමට සුදුසු ඉඩම් පිළිබඳ බැංකු සංචිතයක් ගොඩනැඟිය යුතු බව වාරිමාර්ග ඇමැති හා රාජ්‍ය ආරක්ෂක, ආපදා කළමනාකරණ, ස්වදේශ කටයුතු රාජ්‍ය ඇමැති චමල් රාජපක්ෂ පවසා තිබේ.

වගා කිරීමට සුදුසු එහෙත් මේ වන විට වගා නොකර ඇති ඉඩම් විශාල ප්‍රමාණයක් රජයේ ආයතන සතුව තිබෙන හෙයින් එම ඉඩම් පාරම්පරික ගොවීන්ට හෝ ගොවිපොළ ඇති කිරීමට දීමට සුදුසු ක්‍රමවේදයක් සකසන ලෙස ඇමැතිවරයා නිලධාරීන්ට උපදෙස් දී තිබේ.

ආර්ථික පුනර්ජීවන හා දරිද්‍රතාව තුරන් කිරීම සඳහා වන ජනාධිපති කාර්ය සාධක බළකායේ ජාතික සම්බන්ධීකරණ කෘෂිකාර්මික අනුකමිටුව එහි සභාපති, ඇමැති චමල් රාජපක්ෂගේ ප්‍රධානත්වයෙන් ස්වදේශ කටයුතු රාජ්‍ය අමාත්‍යාංශයේ ශ්‍රවණාගාරයේදී පෙරේදා (10) රැස්වූ අවස්ථාවේ දී එම තීරණයට එළැඹ තිබේ.

වන සතුන්ගෙන් බෝගවලට සිදුවන හානිය වළක්වා ගැනීම සඳහා ගෙන ඇති ක්‍රියාමාර්ග පිළිබඳව මෙම කෘෂිකර්ම ජාතික සම්බන්ධීකරණ අනු කමිටුවේ දී සාකච්ඡා වූ බව ස්වදේශ කටයුතු පිළිබඳ රාජ්‍ය අමාත්‍යාංශය නිකුත් කළ මාධ්‍ය නිවේදනයේ දැක්වේ.

5-2001 චක්‍රලේඛය අහෝසි කරමින් ‘අවශේෂ වනාන්තර’ ලෙස හඳුන්වන, වන සංරක්ෂණ දෙපාර්තමේන්තුව යටතේ පවතින හෙක්ටයාර ලක්ෂ 05ක් පමණ දිසාපතිවරු හා ප්‍රාදේශීය ලේකම්වරු පවරා තිබෙන අතර ඒ අනුව ඒවා පාලනය වන්නේ ස්වදේශ කටයුතු අමාත්‍යංශය යටතේයි. මේ සම්බන්ධයෙන් අදහස් දැක්වූ පරිසරවේදීන් පවසන්නේ මෙම ඉඩම් වාණිජ භෝග වගාවන් සඳහා විශාල සමාගම් වෙත ලබාදීම මෙම චක්‍රලේඛය අහෝසි කිරීමේ අරමුණ බවයි. ඊට අමතරව මහවැලි අධිකාරිය පවතින්නේ ද චමල් රාජපක්ෂ ඇමතිවරයා යටතේයි. මේ වනවිට මහවැලි අධිකාරියට අයත් රඹ කැන් ඔය අශ්‍රිත ඉඩම් පරිසර නීති උල්ලංඝණය කරමින් සමාගම්වලට ලබාදී තිබේ.

මේ වනවිට යෝජිත වන අලි රක්ෂිතය ගැසට් කරන ලෙස ඉල්ලමින් වල්සපුගල ගොවීන් ගෙනයන අරගලය හමුවේ චමල් රාජපක්ෂ පොරොන්දු වී තිබුණේ මසක් ඇතුළත රක්ෂිතය ගැසට් කරන බවයි. නමුත් මෙතෙක් එම පොරොන්දුව ඉටුවී නොමැති අතට ඒ වෙනුවට චමල් රාජපක්ෂගේ ගෝලයන් විසින් අදාළ යෝජිත රක්ෂිත ප්‍රදේශයේ කැලේ එළිපෙහෙළි කරමින් සිටින බව ගොවි සංවිධාන පවසයි.

මෙම කරුණු සමඟ ගලපා බැලීමේදී චමල් රාජපක්ෂ කියන ආකාරයෙන් ඉඩම් බැංකු සංචිතයක් නිර්මාණය කර ඒවා පාරම්පරික ගොවීන්ට කෙසේවෙතත් විවිධ වාණිජ භෝග වගාවන් සඳහා සමාගම් වෙත පවරා දීම සිදුවෙනු ඇත. එසේම එය විශාල පාරිසරික විනාශයකාටද පාර කපනු නියතය.","රජයේ ආයතන සතු වගා කිරීමට සුදුසු ඉඩම් පිළිබඳ බැංකු සංචිතයක් ගොඩනැඟිය යුතු බව වාරිමාර්ග ඇමැති හා රාජ්‍ය ආරක්ෂක, ආපදා කළමනාකරණ, ස්වදේශ කටයුතු රාජ්‍ය ඇමැති චමල් රාජපක්ෂ පවසා තිබේ. වගා කිරීමට සුදුසු එහෙත් මේ වන විට වගා නොකර ඇති ඉඩම් විශාල ප්‍රමාණයක් රජයේ ආයතන සතුව තිබෙන හෙයින් එම ඉඩම් පාරම්පරික ගොවීන්ට හෝ ගොවිපොළ ඇති කිරීමට දීමට …",sin,lankaviews,Lanka Views,fake news,f14d64a0-aade-4560-a97e-a701b9d1eb3f,article,MassiveSum
https://www.lankaviews.com/mattala-becomes-an-aeroplane-parking-space/,,"අයහපත් කාලගුණය නිසා මත්තල, ජාත්‍යන්තර ගුවන්යානා නැවතුම්පලක් වෙයි!",,"Posted on 07.16.2018 by Chandana Sirimalwatte in දේශීය පුවත් with 0 Comments

මත්තල ජාත්‍යන්තර ගුවන්තොටුපළට පසුගිය කාලයේ ගුවන්යානා බැස්වීම නැවැත්වූවද ඊයේ ඇති වූ අයහපත් කාලගුණ තත්වය නිසා හදිසියේ ගුවන්යානා නවත්වන තාවකාලික නවාතැන්පොළක් බවට පත්ව තිබේ.

අද(16) අලුයම කටුනායක බණ්ඩාරනායක ජාත්‍යන්තර ගුවන් තොටුපොළ අවට ප්‍රදේශෙයේ පැවති අධික වැසි කුණාටු තත්වය නිසා, ගුවන් යානා දෙකක් මත්තල ගුවන් තොටුපොළ වෙත හරවා යැවු බව කටුනායක ගුවන් තොටුපොළ තොරතුරු අනාවරණය කරයි.

ශ්‍රී ලන්කන් ගුවන් සේවයේ UL- 226 දරන ගුවන් යානය, ඩුබායි සිට කටුනායක ගුවන් තොටුපොළ වෙත පැමිණි නමුත් අද අලුයම 4.35ට ගොඩ බැස්සවීමට නොහැකි පසුබිම නිසා එම ගුවන් යානය මත්තල ගුවන් තොටුපොළට අලුයම 5.50ට ගොඩ බස්වන ලදී. කෙසේවෙතත් A-330 එයා බස් වර්ගයේ එම ගුවන් යානය කටුනායක ගුවන් තොටුපොළ අවට කාලගුණික තත්ත්වය යහපත් වූ පසු යළිත් උදෑසන7.07ට පමණ මත්තල ගුවන් තොටුපොළෙන් ගුවනට නංවා, 7.20ට කටුනායක ගුවන් තොටුපොළ වෙත පැමිණ තිබුණි. එසේම ශ්‍රී ලන්කන් ගුවන් සේවයේ A-320 එයා බස් වර්ගයේ UL- 142 දරන ගුවන් යානය ඉන්දියාවේ මුම්බායි සිට කටුනායක ගුවන් තොටුපොළ වෙත ගොඩ බෑමට පැමිණියද පැවති අයහපත් කාළගුණික තත්ත්වය නිසා අලුයම 6.00 ට මත්තල ගුවන් තොටුපොළ වෙත ගොඩ බස්වා තිබුණි. කෙසේවෙතත්, එය උදෑසන 7.40 ට කටුනායක ගුවන් තොටුපොළ වෙත යළි පැමිණ තිබුණි.

විශේෂ කාරණයක් ලෙස මෙම ගුවන් යානා දෙකහිම කටුනායක බලා පැමිණි ගුවන් මගීන් කිසිවෙකුත් මෙම ගුවන් යානා තුළින් මත්තල ගුවන් තොටුපොළ වෙත ගොඩ බස්වා නොතිබුණි. ඒ වනවිට ඔවුන් පැය 3ක පමණ ප්‍රමාදයකට මුහුණ දී තිබිණි.","මත්තල ජාත්‍යන්තර ගුවන්තොටුපළට පසුගිය කාලයේ ගුවන්යානා බැස්වීම නැවැත්වූවද ඊයේ ඇති වූ අයහපත් කාලගුණ තත්වය නිසා හදිසියේ ගුවන්යානා නවත්වන තාවකාලික නවාතැන්පොළක් බවට පත්ව තිබේ. අද(16) අලුයම කටුනායක බණ්ඩාරනායක ජාත්‍යන්තර ගුවන් තොටුපොළ අවට ප්‍රදේශෙයේ පැවති අධික වැසි කුණාටු තත්වය නිසා, ගුවන් යානා දෙකක් මත්තල ගුවන් තොටුපොළ වෙත හරවා යැවු බව කටුනායක ගුවන් තොටුපොළ තොරතුරු අනාවරණය කරයි. ශ්‍රී …",sin,lankaviews,Lanka Views,fake news,4c239482-2115-4455-911a-72c4e5618baf,article,MassiveSum
https://www.lankaviews.com/%e0%b7%80%e0%b7%92%e0%b6%af%e0%b7%9a%e0%b7%81-%e0%b6%86%e0%b6%ba%e0%b7%9c%e0%b6%a2%e0%b6%9a%e0%b6%ba%e0%b7%9d-%e0%b6%bb%e0%b7%94-%e0%b6%b6%e0%b7%92%e0%b6%bd%e0%b7%92%e0%b6%ba%e0%b6%b1-100%e0%b6%9a/,,විදේශ ආයොජකයෝ රු. බිලියන 100ක් මුල්‍ය වෙළෙදපොලෙන් ඉවත් කරති,,Posted on 02.19.2017 by Chandana Sirimalwatte in දේශීය පුවත් with 0 Comments,"පෙබරවාරි මාසයේ දෙවැනි සතිය වනවිට රාජය මුල්‍ය වෙළෙදපොළෙන් රු. මිලියන 105,222.62ක් ඉවත් කරගැනීම නිසා මුල්‍ය අර්බුදයකට මගපෑදී ඇති බව පෙනෙන්නට තිබේ. එක්සත් ජනපද ජනාධිපතිවරයාගේ නව ප්‍රතිපත්ති අනුව හැසිරෙමින් එක්සත් ජනපද ආයෝජකයන් විසින් රාජ්‍ය මුල්‍ය ක්ෂේත්‍රයට කළ මැදිහත්වීමෙන් ඉවත්ව යාම නිසා මෙසේ ඇතිව තිබෙන මුල්‍ය හිගය මෙරට මුල්‍ය වෙළෙදපොලේ සමස්තයෙන් තුනෙන් එකක් බව ගණන් බලා ඇත. …",sin,lankaviews,Lanka Views,fake news,8a69460d-c233-444a-b17f-8c2f5ed78bc8,article,MassiveSum
https://ceylondaily.com/%e0%b6%b4%e0%b7%9c%e0%b7%85%e0%b7%9c%e0%b6%b1%e0%b7%8a%e0%b6%b1%e0%b6%bb%e0%b7%94%e0%b7%80-%e0%b6%b4%e0%b6%bd%e0%b7%94%e0%b6%9c%e0%b7%83%e0%b7%8a%e0%b6%af%e0%b6%b8%e0%b6%b1%e0%b6%af%e0%b7%93-%e0%b6%a0/,,පොළොන්නරුව පලුගස්දමනදී චූන් පාන් ත්‍රීරෝද රථයක් ඇලකට පෙරළෙයි (PHOTOS),,"Like Love Haha Wow Sad Angry

අනතුරට හේතුව අධික වේගය බව සැක කරන අතර වැඩිදුර විමර්ශන පොළොන්නරුව පොලීසිය විසින් සිදු කරයි.

Like Love Haha Wow Sad Angry",අද පස්වරු 3 ට පමණ පොළොන්නරුව පලුගස්දමන ප්‍රදේශයේදී චූන් පාන් ත්‍රී රෝද රථයක් ඇලකට පෙරළීයාමෙන් අනතුරක් සිදු විය. අනතුරෙන් එහි ගමන්ගත් දෙදෙනෙකු තුවාල ලබා පොළොන්නරුව මහරෝහලට ඇතුලත් කර ඇත.    අනතුරට හේතුව අධික වේගය බව සැක කරන අතර වැඩිදුර විමර්ශන පොළොන්නරුව      පොලීසිය විසින් සිදු කරයි.,sin,ceylondaily,Ceylon Daily,fake news,70694ba6-14f5-4e63-93b7-16ab84c1a68d,article,MassiveSum
https://www.lankaviews.com/%e0%b6%b6%e0%b7%9d%e0%b6%b1%e0%b7%83%e0%b7%8a-%e0%b6%b8%e0%b7%94%e0%b6%af%e0%b6%bd%e0%b7%8a-%e0%b6%89%e0%b6%bd%e0%b7%8a%e0%b6%bd%e0%b7%8f-%e0%b7%80%e0%b7%92%e0%b6%bb%e0%b7%9d%e0%b6%b0%e0%b6%ad/,,බෝනස් මුදල් ඉල්ලා විරෝධතාවයක නිරත සේවකයින්ට එරෙහිව 'නෙක්ස්ට්' ලොක්කෝ මැරයන් යොදවලා,,"Posted on 12.23.2020 by Sithara Sajeewani in දේශීය පුවත් with 0 Comments

වර්ෂාවසාන බෝනස් මුදල ලබා නොදීමට එරෙහිව අඛණ්ඩ විරෝධතාවක නිරතව සිටින ‘නෙක්ස්ට්’ ඇගළුම් කම්හලේ සේවක සේවිකාවන්ට පොලීසිය සහ පාතාල මැරයන් යොදවා තර්ජන එල්ල කරමින් සිටින බව වාර්තාවේ.

එසේම ආයතනයේ පාලකයන් කාර්ය මණ්ඩලයට ප්‍රධාන දොරටුවෙන් ඇතුල්වීම වැලක්වීමටද පියවර ගෙන තිබේ.

දෙසැම්බර් මාසයේ නත්තල් නිවාඩුවට පෙර බෝනස් මුදල ලබා දෙන බවට පාලනාධිකාරිය සේවකයන්ට පොරොන්දු වී ඇති අතර එය විශ්වාස කළ සේවක සේවිකාවන් අවදානම මධ්‍යයේ වුවද නොකඩවා සේවය සඳහා වාර්තා කර තිබේ. නමුත් නත්තල් නිවාඩුව ලංවත්ම බෝනස් මුදල ලබා දිය නොහැකි බව පාලනාධිකාරිය විසින් දැනුම් දුන් බව සේවකයන් පවසයි.

‘ඩාබිඳු සාමූහිකයේ’ වැඩසටහන් සම්බන්ධීකාරිකා චමිලා තුෂාරි පෙන්වා දෙන්නේ සේවකයන් 2000ක් පමණ සේවයේ නිරතව සිටින නෙක්ස්ට් ආයතනයේ සේවකයන් 600 ක් පමණ දෙවැනි කොවිඩ් වසංගත රැල්ල හමුවේ රෝගාතුර වූ බවයි.

ඒ හේතුවෙන් සේවකයන් පිරිසකට ස්වයං නිරෝධායනයට ලක් වීමටත්, තවත් පිරිසකට නිරෝධායන මධ්‍යස්ථාන තුළ නිරෝධායනය වීමටත් සිදු වු බව පෙන්වා දෙන චමිලා තුෂාරි අවධාරණය කරන්නේ එම කාලය තුලදී සේවකයන්ගේ දීමනා සහ වැටුප් කප්පාදු කිරීමක් සිදු වු බවයි.

එවැනි තත්වයක් හමුවේ දැඩි ආර්ථික පීඩාවකට ලක් ව සිටින කම්කරුවන්ට පාලනාධිකාරිය විසින් පොරොන්දු වු බෝනස් මුදල ලබා නොදීමෙන් ඔවුන් තවත් අසරණ භාවයට පත්ව ඇති බව ඇය පෙන්වා දී තිබේ.",වර්ෂාවසාන බෝනස් මුදල ලබා නොදීමට එරෙහිව අඛණ්ඩ විරෝධතාවක නිරතව සිටින ‘නෙක්ස්ට්’ ඇගළුම් කම්හලේ සේවක සේවිකාවන්ට පොලීසිය සහ පාතාල මැරයන් යොදවා තර්ජන එල්ල කරමින් සිටින බව වාර්තාවේ. එසේම ආයතනයේ පාලකයන් කාර්ය මණ්ඩලයට ප්‍රධාන දොරටුවෙන් ඇතුල්වීම වැලක්වීමටද පියවර ගෙන තිබේ. දෙසැම්බර් මාසයේ නත්තල් නිවාඩුවට පෙර බෝනස් මුදල ලබා දෙන බවට පාලනාධිකාරිය සේවකයන්ට පොරොන්දු වී ඇති අතර එය …,sin,lankaviews,Lanka Views,fake news,a07f3290-86ee-4873-a6c2-52cfe5908b66,article,MassiveSum
https://www.lankaviews.com/president-wont-agree-to-increase-minister-salaries/,,"මගෙ පඩියත් 95,000යි, මැති ඇමතිවරුන්ට පඩි වැඩි කරන්න දෙන්නෙ නෑ ! - ජනාධිපති පවසයි",,"Posted on 08.04.2018 by Chandana Sirimalwatte in දේශීය පුවත් with 0 Comments

තමන්ට ලැබෙන්නේ මසකට රුපියල් අනූ පන්දාහක වැටුපක් බවද මැති ඇමති වරුන්ගේ වැටුප් සත පහකින් වත් වැඩි කරන්නේ නැතැයිද ජනාධිපති මෛත්‍රීපාල සිරිසේන අද (04) පොලොන්නරුවේදී ප්‍රකාශ කළේය. ජනාධිපතිවරයා විසින් පොලොන්නරුව නගරයේ ඉදිකල නව වෙළද සංකීර්ණය විවෘත කිරීමෙන් අනතුරුව පැවති ජන හමුව අමතමින් මන්ත්‍රී වරුන්ගේ සහ ඇමතිවරුන්ගේ වැටුප් වැඩිකිරීමේ යෝජනාව කැබිනට් මණ්ඩලයට ඉදිරිපත් කරණ විට තමන් කිසිදු හේතුවක් නිසා එය අනුමත නොකරන බවද කීවේය. 2015 සිට මේ වන විට මැති ඇමති වැටුප් සහ දීමනා අවස්ථා කීපයක් වැඩි කර තිබෙන බව පෙන්වා දුන් ජනාදිපතිවරයා, මෙය මැති ඇමති වරුන්ගේ වැටුප් වැඩිකරන කාලයක් නොවේ යැයි ද කීවේය.

March 18, 2021 0 Comments",තමන්ට ලැබෙන්නේ මසකට රුපියල් අනූ පන්දාහක වැටුපක් බවද මැති ඇමති වරුන්ගේ වැටුප් සත පහකින් වත් වැඩි කරන්නේ නැතැයිද ජනාධිපති මෛත්‍රීපාල සිරිසේන අද (04) පොලොන්නරුවේදී ප්‍රකාශ කළේය. ජනාධිපතිවරයා විසින් පොලොන්නරුව නගරයේ ඉදිකල නව වෙළද සංකීර්ණය විවෘත කිරීමෙන් අනතුරුව පැවති ජන හමුව අමතමින් මන්ත්‍රී වරුන්ගේ සහ ඇමතිවරුන්ගේ වැටුප් වැඩිකිරීමේ යෝජනාව කැබිනට් මණ්ඩලයට ඉදිරිපත් කරණ විට තමන් කිසිදු හේතුවක් …,sin,lankaviews,Lanka Views,fake news,25ed1570-41fd-407b-b575-fd3eb9fa8c6e,article,MassiveSum
https://www.lankaviews.com/flsp-condemns-selling-of-text-books/,,අධ්‍යාපන අමාත්‍යංශය පරණ පෙළ පොත් දුන්නෙ විශේෂ ව්‍යාපෘතියකටලු - පෙළ පොත් කප්පාදුවට පෙ.ස.ප. විරෝධය !,,"Posted on 12.22.2017 by Chandana Sirimalwatte in දේශීය පුවත් with 0 Comments

පාසල් පෙළ පොත් කප්පාදුව පටන් අරගෙන තිබෙන්නෙ දරුවන්ට පැරණි පොත් පාවිච්චිය සම්බන්ධ විශේෂ ව්යා්පෘතියක් ලෙස බවට අධ්‍යාපන අමාත්‍යංශය ප්‍රකාශ කර ඇති නමුත් ඉදිරි වර්ෂය අධ්‍යාපන හා සෞඛ්‍ය අයිතිය සම්බන්ධ මහජන අරගලවල වසරක් වන බවට පෙරටුගාමී සමාජවාදී පක්ෂය පවසයි. පෙරටුගාමී සමාජවාදී පක්ෂයේ මාධ්‍ය හමුවකදී ඊයේ(21) මේ බව ප්‍රකාශ කළේ එම පක්ෂයේ ප්‍රචාරක ලේකම් දුමින්ද නාගමුව විසිනි. ඔහු පළ කළ අදහස් කෙටියෙන් මෙසේය. “මේ වනවිටත් අධ්‍යාපන අමාත්‍යශයේ, ඉසුරුපාය පොත්හළට ගියොත් පෙළ පොත් ගන්න පෝලිමේ ඉන්න මව්පියන් ප්‍රමාණය දැකගන්න පුලුවන්. සාමාන්‍යයෙන් පෙළ පොත් ලබා දුන්නෙ පාසලක ශිෂ්‍ය සංඛ්‍යාව අනුව ඒ ඒ පෙළ පොත් සම්බන්ධ විදුහල්පතිවරයා විසින් පාසල් සදහා ලබාදෙන ඇණවුම අනුවයි. එසේ ඉල්ලන ඇණවුමට 85%ක පෙළපොත් ප්‍රමාණයක් පාසල්වලට නිකුත් කරනවා. ඉතිරි 15% පාවිච්චි කළ පොත්වලින් හොද තත්වයේ පවතින පොත් ලබා දෙනවා. නමුත් එහෙම ඇණවුමක් අනුව අධ්‍යපන ප්‍රකාශන දෙපාර්තමේන්තුවෙන් නිකුත්කරන ක්‍රමය දැන් සිදුවෙන්නෙ නෑ. ඒකට හේතුව තමයි මින් පෙර 85% පමණ ආණ්ඩුව විසින් ලබා දෙන පෙළපොත් ප්‍රමාණ 50% දක්වා කප්පාදු කිරීම. කලින් ඇණවුමෙන් 85% දුන්නා වුණාට දැන් දෙන්නෙ 45% පමණ පොත් ප්‍රමාණයක්. ඒ නිසා තමයි පාසල් දරුවන්ට වැඩි වශයෙන්ම ලබා දී තියෙන්නෙ කවර නැති පිටු ගැලවුනු පාවිච්චි කරලා දිරා ගිය පොත්. අධ්‍යාපන දෙපාර්තමේන්තුවෙන් නිකුත්කර තිබෙන නිවේදනයෙන් කියනවා මේ විදියට පොත් සැපයුම ගැන වැරදි ප්‍රචාරයක් යවන්න එපා කියලා. නමුත් මේ නිවේදනයම සැළකිල්ලෙන් කියවන කොට කාරණය පැහැදිලියි. මෙකෙ තියෙනවා 6-7 ශ්‍රේණිවලට විශේෂ ව්‍යාපෘතියක් ලෙස පරණ පොත් පාවිච්චි කිරීම සදහා වැඩපිළිවෙළක් ආරම්භ කළ බවට. දැන් පාසල් දරුවන්ට නොමිලයේ දෙන පෙළපොත් කැපීම කරන්නෙ මෙහෙමයි. නිලඇදුම් කප්පාදුව කළෙත් මේ වගේ කතා කියමින්. ආණ්ඩුව කවදාවත් කියන්නෙ නෑ පෙළපොත් මිලදී ගන්න කියලා. නමුත් එහෙම ගන්න වෙන තැනට වැඩ සිද්ද කරනවා. මේ වෙන්නෙත් ඒකමයි. සෞඛ්‍ය සේවය පෞද්ගලිකකරණය කරන්නෙ නෑ කියනවා. නමුත් රෝහල්වල බෙහෙත් නෑ. ඒකට බාහිරින් මිලදී ගන්න වෙනවා. පරිකණ කරන්නෙ නෑ. ඒකට බාහිර රෝහල්වලට රසායනාගාරවලට යන්න වෙනවා. පොහෙර සහනාධාරය කපන්නෙ නෑ කියනවා. නමුත් ලැබෙන්නෙත් නෑ. එකම ගමේ සහනාධාර ලැබුණු අයත් ඉන්නවා, ලැබිය යුතු නමුත් නොලැබෙන අයත් ඉන්නවා. නොලැබුණූ ගොවියා හිතනවා මගෙ නමේ මුල අකුරුවල ප්‍රශ්නයක් ඇති වගේ දෙවල්. ආණ්ඩුවත් හේතු හදමින් නොදෙන එකට හේතු දක්වනවා. ප්‍රතිපාදන කප්පාදු කරනවා. ලෝක බැංකුව සහ මුල්‍ය අරමුදල ආණ්ඩුවට කියනවා අයවැය හිගය 3% දක්වා අඩු කරන්න කියලා. වෙන මොකුත් කොන්දේසි නෑ. ඒකට ආණ්ඩුව ගන්න පියවර තමයි මේ වගේ ජනතාවගේ අත්‍යවශ්‍ය සුබසාධන කප්පාදුව. විශ්‍රාම වැටුප කපන්නෙත් ඒ විදියටයි. පෙළපොත කපනවා වෙනුවට මිලදී ගන්න වැඩ හදනවා. ආණ්ඩුව කියන්නෙ පෙළපොත් එහෙම හිගයක් නෑත පොත් විකුණන්නෙත් නෑ කියලා. නමුත් මහරගම, මරදාන, ඉසුරුපාය පෙළපොත් මිලදී ගන්න මව්පියන් පෝලිමේ ඉන්වා. ආණ්ඩුව ටැබ් දෙන්න තමයි කතා කළේ. මේ අවුරුද්දෙ ටැබ් බෙදන්න ඊළගට අමුතු පන්ති කාමර වගයක් හදන්න කතා කළා. ස්මාට් පන්ති කාමර දෙන්න තමයි කතාව. ඉදිරි දැක්මෙ තියෙන්නෙ, කට ඇරියොත් කියන්නෙ මේවා දෙනවා කියලා. ඒ වුණාට මේ අවුරුද ගානක් නොමිලයේ දුන්න දරුවන්ට අනිවාර්යයෙන් දිය යුතු පෙළපොතවත් දරුවන්ට දෙන්නෙ නෑ. පාසල් පෙළපොත් මිලදී ගන්න මිල ගණන් පවා ප්‍රසිද්ධ කරලා. අවුරුදු ගණනකට කලින් මේ පෙළපොත්වල මිල ගණන් යොදන එකට අපි විරුද්ධ වුණාම කිව්වෙ පොතක වටිනාකම දරුවන්ට තේරුම් යන්න මේක දානවා කියලා. අපි ඒ වෙලාවෙම විරෝධය පළ කරමින් කිව්වා පළවෙනි වටයෙදි මිල ගණන් දක්වන්නෙ දෙවැනි වටයෙදි පොත මාකට් එකෙන් ගන්න වැඩ හදන්න බව. දැන් ඒ දේ සිදුවී තිබෙනවා. මේ අවුරුද්දෙ අධ්‍යාපන අමාත්‍යාශයෙන් මිලදී ගන්න දෙනවා. ඉන් පස්සෙ පෝලිම් හැදෙනවනෙ. ඊට පස්සෙ විවෘත වෙළෙදපොළේ මේ පොළපොත් විකුණන්න ආණ්ඩුව වැඩ සලස්වනවා. ඊළග අවුරුද්දෙ වෙන්නෙ ඒක. ඒක කරන්න තර්කය හදන්නෙ පෝලිම්වල ප්‍රශ්න.“",පාසල් පෙළ පොත් කප්පාදුව පටන් අරගෙන තිබෙන්නෙ දරුවන්ට පැරණි පොත් පාවිච්චිය සම්බන්ධ විශේෂ ව්යා්පෘතියක් ලෙස බවට අධ්‍යාපන අමාත්‍යංශය ප්‍රකාශ කර ඇති නමුත් ඉදිරි වර්ෂය අධ්‍යාපන හා සෞඛ්‍ය අයිතිය සම්බන්ධ මහජන අරගලවල වසරක් වන බවට පෙරටුගාමී සමාජවාදී පක්ෂය පවසයි. පෙරටුගාමී සමාජවාදී පක්ෂයේ මාධ්‍ය හමුවකදී ඊයේ(21) මේ බව ප්‍රකාශ කළේ එම පක්ෂයේ ප්‍රචාරක ලේකම් දුමින්ද නාගමුව විසිනි. …,sin,lankaviews,Lanka Views,fake news,8a5628f1-2b24-4da9-9378-fa0192fcc60e,article,MassiveSum
https://www.lankaviews.com/2500-%e0%b6%af%e0%b6%a9-%e0%b6%b4%e0%b7%8a%e2%80%8d%e0%b6%bb%e0%b7%81%e0%b7%8a%e0%b6%b1%e0%b6%ba-%e0%b6%b8%e0%b7%8f%e0%b6%b0%e0%b7%8a%e2%80%8d%e0%b6%ba-%e0%b6%b8%e0%b6%9f%e0%b7%92%e0%b6%b1%e0%b7%8a/,,2500 දඩ ප්‍රශ්නය මාධ්‍ය මඟින් ඇති කළ එකක් - රවි කරුණානායක,,Posted on 11.16.2016 by Chandana Sirimalwatte in දේශීය පුවත් with 0 Comments,මාර්ග නීති උල්ලංඝනය කිරීමේදී අය කරන අවම දඩ මුදල රුපියල් 2500/- දක්වා ඉහළ නැංවීම පිළිබඳව අර්බුදයක් මාධ්‍ය විසින් ඇතිකර තිබෙන බව මුදල් ඇමති රවි කරුණානායක විසින් පවසා තිබේ. පසුගිය 14වැනිදා පෞද්ගලික බස් රථ හිමියන්ගේ සංගමය සමග පැවැත්වූ සාකච්චාවේදී ඇමැතිවරයා මේ බව සදහන් කර ඇත. එදිනම රාත්‍රිෙය් කැබිනට් ඇමතිවරුන්ගේ සාකච්ඡාවේදී ඒ ගැන අවධානය යොමුකර විසදුමක් ලබාදෙන …,sin,lankaviews,Lanka Views,fake news,377fc2c2-08dc-4329-a269-31c415b53669,article,MassiveSum
https://www.lankaviews.com/%e0%b6%b8%e0%b6%ad%e0%b7%8a%e0%b6%ad%e0%b6%bd-%e0%b7%80%e0%b7%93-%e0%b6%9c%e0%b6%b6%e0%b6%a9%e0%b7%8f-%e0%b6%b1%e0%b7%92%e0%b6%b8%e0%b6%bd%e0%b7%8a%e0%b6%9c%e0%b7%99%e0%b6%b1%e0%b7%8a-%e0%b6%bb/,,මත්තල වී ගබඩා - නිමල්ගෙන් රනිල්ට ටොක්කක්,,Posted on 10.25.2015 by Nishshanka in දේශීය පුවත් with 0 Comments,හවුල් ආණ්ඩුව තුල මෝරමින් තිබෙන බල අරගලය නව මට්ටමකට ඔසවා තබමින් ප්‍රවාහන ඇමති නිමල් සිරිපාල ද සිල්වා අගමැති රනිල් වික්‍රමසිංහගේ තීරණයක් ඇමති බලතල භාවිතා කර අවලංගු කළේය. මත්තල ජාත්‍යන්තර ගුවන් තොටුපලේ ගබඩා සංකීර්ණය තුළ වී ගබඩා කිරීමේ කටයුතු වහාම කි‍්‍රයාත්මක වන පරිදි නවතා දැමීමට 18වැනිදා එම ගුවන් තොටුපලේ වර්තමාන මෙහෙයුම් කටයුතු පිළිබඳව සොයා බැලීමේ නිරීක්ෂණ …,sin,lankaviews,Lanka Views,fake news,f843dc88-a4dd-4239-9010-9f36619a7162,article,MassiveSum
https://ceylondaily.com/%e0%b6%87%e0%b6%bd%e0%b7%8a%e0%b6%b4%e0%b7%92%e0%b6%a7%e0%b7%92%e0%b6%ba-%e0%b6%b4%e0%b7%94%e0%b6%82%e0%b6%a0%e0%b7%92-%e0%b6%a1%e0%b6%b1%e0%b7%8a%e0%b6%af%e0%b6%ba%e0%b7%9a-%e0%b6%b4%e0%b7%8a/,,ඇල්පිටිය පුංචි ඡන්දයේ ප්‍රචාරක කටයුතු අදින් අවසන්,,"Like Love Haha Wow Sad Angry

ඇල්පිටිය ප‍්‍රාදේශීය සභා ඡන්ද විමසීමට අදාළ ප‍්‍රචාරක කටයුතු අද (08) මධ්‍යම රාති‍්‍රයෙන් අවසන් වෙයි.

ඡන්ද විමසීම ලබන 11 වැනිදා පැවැත්වීමට නියමිතයි.

ඇල්පිටිය ප‍්‍රාදේශීය සභාව සඳහා සභිකයින් තෝරා ගැනීම ඡන්ද මධ්‍යස්ථාන 47 කදී සිදු කිරීමට නියමිතයි.

ඡන්දය ප‍්‍රකාශ කිරීමට සුදුසුකම් ලබා සිටින ඡන්ද දායකයින් සංඛ්‍යාව 53,384 කි.

ඇල්පිටිය ප‍්‍රාදේශීය සභාව සඳහා සභිකයින් 28 දෙනෙකු තෝරා ගැනේ.

කොට්ඨාස ක‍්‍රමය යටතේ සභිකයින් 11 දෙනෙකු සහ සමානුපාතික ඡන්ද ක‍්‍රමය යටතේ සභිකයින් 17 දෙනෙකු එම ප‍්‍රාදේශීය සභාව සඳහා තෝරා පත් කර ගැනෙනු ඇති.

Like Love Haha Wow Sad Angry","ඇල්පිටිය ප‍්‍රාදේශීය සභා ඡන්ද විමසීමට අදාළ ප‍්‍රචාරක කටයුතු අද (08) මධ්‍යම රාති‍්‍රයෙන් අවසන් වෙයි. ඡන්ද විමසීම ලබන 11 වැනිදා පැවැත්වීමට නියමිතයි. ඇල්පිටිය ප‍්‍රාදේශීය සභාව සඳහා සභිකයින් තෝරා ගැනීම ඡන්ද මධ්‍යස්ථාන 47 කදී සිදු කිරීමට නියමිතයි. ඡන්දය ප‍්‍රකාශ කිරීමට සුදුසුකම් ලබා සිටින ඡන්ද දායකයින් සංඛ්‍යාව 53,384 කි. ඇල්පිටිය ප‍්‍රාදේශීය සභාව සඳහා සභිකයින් 28 දෙනෙකු තෝරා ගැනේ. …",sin,ceylondaily,Ceylon Daily,fake news,e70bea97-2d66-4071-acfa-d026a3f8f389,article,MassiveSum
https://ceylondaily.com/%e0%b6%a2%e0%b6%b1%e0%b6%b4%e0%b6%ad%e0%b7%92%e0%b6%9c%e0%b7%99%e0%b6%b1%e0%b7%8a-%e0%b6%b1%e0%b7%80-%e0%b7%80%e0%b7%83%e0%b6%bb%e0%b6%a7-%e0%b7%83%e0%b7%94%e0%b6%b7%e0%b6%b4%e0%b7%90%e0%b6%ad/,,ජනපතිගෙන් නව වසරට සුභපැතුම්,,"Like Love Haha Wow Sad Angry

ජනාධිපති ගෝඨාභය රාජපක්ෂ මහතා මෙවර අලුත් අවුරුද්ද වෙනුවෙන් සුභපැතුම් පණිවිඩයක් නිකුත් කර තිබේ.

එහි දැක්වෙන්නේ, දේශයේ අසිරිමත් මහ සංස්කෘතික මංගල්‍ය වන සිංහල සහ දෙමළ අලුත් අවුරුද්ද රට වැසි සියල්ලන්ට සාමය සතුට සෞභාග්‍ය සපිරි නිරෝගීමත් කාලපරිච්ඡේදයක් වේවායි ප්‍රාර්ථනා කරන බවයි.

ආපදාවකට මුහුන පා සිටින බැවින් සාමුහික උත්සව පැවැත්විය නොහැකි නමුත්, සමාජ දුරස්ථභාවය පවත්වාගෙන රෝග කාරකය පැතිර යාම වැළැක්වීමට කැපවන ලෙස ජනාධිපතිවරයා ජනතාවගෙන් ඉල්ලා සිටී.

දැන් අප එළැඹ සිටින්නේ, සොබා දහම සමග බද්ධ වීමේ අවශ්‍යතාව වඩාත් දැනෙන මොහොතක බව ද, ජනාධිපති ගෝඨාභට රාජපක්ෂ මහතා සඳහන් කර තිබේ.

චිරාත් කාලයක් ඉටුකළ අවුරුදු චාරිත්‍ර මෙවරත් පවුලේ අය සමග පමණක් එක්ව සිදුකිරීම යෝග්‍ය බවත්, අවුරුදු සැණකෙළිවලට සීමා පනවා ඇති නමුත්, දරුවන්ට අවුරුදු සතුට භුක්ති විඳීමට ඉඩ සැලසිය යුතු බවත් ජනාධිපතිවරයාගේ අලුත් අවුරුදු පණිවුඩයේ සඳහන් ය.

Like Love Haha Wow Sad Angry","ජනාධිපති ගෝඨාභය රාජපක්ෂ මහතා මෙවර අලුත් අවුරුද්ද වෙනුවෙන් සුභපැතුම් පණිවිඩයක් නිකුත් කර තිබේ. එහි දැක්වෙන්නේ, දේශයේ අසිරිමත් මහ සංස්කෘතික මංගල්‍ය වන සිංහල සහ දෙමළ අලුත් අවුරුද්ද රට වැසි සියල්ලන්ට සාමය සතුට සෞභාග්‍ය සපිරි නිරෝගීමත් කාලපරිච්ඡේදයක් වේවායි ප්‍රාර්ථනා කරන බවයි. ආපදාවකට මුහුන පා සිටින බැවින් සාමුහික උත්සව පැවැත්විය නොහැකි නමුත්, සමාජ දුරස්ථභාවය පවත්වාගෙන රෝග කාරකය පැතිර …",sin,ceylondaily,Ceylon Daily,fake news,6ec09ef4-d899-4d91-a1e5-b2424364c19b,article,MassiveSum
https://www.lankaviews.com/%e0%b6%bd%e0%b7%9d%e0%b6%9a-%e0%b7%83%e0%b7%8f%e0%b6%9c%e0%b6%bb-%e0%b6%af%e0%b7%92%e0%b6%b1%e0%b6%ba-%e0%b6%ad%e0%b7%94%e0%b7%85%e0%b6%ad%e0%b7%8a-%e0%b6%9c%e0%b6%bd%e0%b7%8a%e0%b6%9a%e0%b7%92/,,ලෝක සාගර දිනය තුළත් ගල්කිස්ස වෙරළට අපද්‍රව්‍ය ඇදෙයි!,,"Posted on 06.09.2020 by Chandana Sirimalwatte in දේශීය පුවත් with 0 Comments

ලෝක සාගර දිනය යෙදෙන ඊයේ(8) දිනයේත් සිදුවීම හේතුවෙන් මෙය සංවිධානාත්මකව සිදුවන ක්‍රියාවක් ලෙස පොලිසිය අනුමාන කරයි.

ජුනි 04 වැනිදා සවස්වරුවේ සිට ගල්කිස්ස වෙරළ තීරයට කසළ ගොඩගැසීම සිදුවන ආකාරය දක්නට ලැබුණි.

වෙරළ සංරක්ෂණ හා වෙරළ සම්පත් කළමනාකරණ දෙපාර්තමේන්තුවේ අධ්‍යක්ෂ ජනරාල් නීතීඥ ප්‍රභාත් චන්ද්‍රකීර්ති මාධ්‍ය වෙත පැවසුවේ කිසියම් පාර්ශ්වයක් නොගැඹුරු මුහුදට අපද්‍රව්‍ය බැහැර කිරීමේ ප්‍රතිඵලයක් ලෙස මෙම කසළ ගොඩගැසීම සිදු වන බවයි.

පොලිස් පරිසර ඒකක නිලධාරීන්, සමුද්‍රීය පරිසර ආරක්ෂණ අධිකාරියේ නිලධාරීන්, පරිසර සංවිධාන නියෝජිතයන් සහ ප්‍රදේශවාසීන් ගල්කිස්ස වෙරළ තීරයට එක්රැස් වූ අපද්‍රව්‍ය ඉවත් කිරීම සඳහා කටයුතු කරති.",ලෝක සාගර දිනය යෙදෙන ඊයේ(8) දිනයේත් සිදුවීම හේතුවෙන් මෙය සංවිධානාත්මකව සිදුවන ක්‍රියාවක් ලෙස පොලිසිය අනුමාන කරයි. ජුනි 04 වැනිදා සවස්වරුවේ සිට ගල්කිස්ස වෙරළ තීරයට කසළ ගොඩගැසීම සිදුවන ආකාරය දක්නට ලැබුණි. වෙරළ සංරක්ෂණ හා වෙරළ සම්පත් කළමනාකරණ දෙපාර්තමේන්තුවේ අධ්‍යක්ෂ ජනරාල් නීතීඥ ප්‍රභාත් චන්ද්‍රකීර්ති මාධ්‍ය වෙත පැවසුවේ කිසියම් පාර්ශ්වයක් නොගැඹුරු මුහුදට අපද්‍රව්‍ය බැහැර කිරීමේ ප්‍රතිඵලයක් ලෙස මෙම …,sin,lankaviews,Lanka Views,fake news,1e3abd77-84ec-4341-8483-fc6e1b393bae,article,MassiveSum
https://www.lankaviews.com/%e0%b6%b1%e0%b7%9c%e0%b6%b8%e0%b7%92%e0%b6%bd%e0%b7%9a-%e0%b6%af%e0%b7%99%e0%b6%b1%e0%b7%80%e0%b7%8f-%e0%b6%9a%e0%b7%92%e0%b7%80%e0%b7%8a%e0%b7%80-%e0%b6%b4%e0%b7%9c%e0%b7%84%e0%b7%9c%e0%b6%bb/,,නොමිලේ දෙනවා කිව්ව පොහොර මිලදී ගන්නවත් නැහැ - ගොවි සංවිධාන පවසයි,,"Posted on 01.07.2020 by Sithara Sajeewani in දේශීය පුවත් with 0 Comments

යූරියා පොහොර මිටි දහදාහක් පමණ අවශ්‍ය දඹුල්ල රජයේ පොහොර ගබඩාවට යූරියා පොහොර මිටි දෙසීයක් ලැබීම හේතුවෙන් එය බෙදාගැනීමට අලෙවි කිරිමට නොහැකිව ගොවීන් හා රජයේ පොහොර ගබඩා සේවකයින් අතර අද ( 07) දින උණුසුම් තත්ත්වයක් ඇතිවි තිබේ.

ඒ අනුව පොහොර මිටි දෙසීය බෙදාගැනීමේ ක්‍රමවේදයක් නොමැතිවිම හේතුවෙන් ගබඩාවේ දඹුල්ල කාර්යාලයේ පාලකවරයා ගොවියකුට පොහොර මිටි දෙක බැගින් නිකුත් කිරීමට පටන් ගෙන ඇතැයි ගොවීහු පවසයි.

මිටි දෙක බැගින් ලබාදී ඇත්තේ හඳුම්පත පරික්ෂා කිරීමෙන් පසුවයි. විනාඩි කිහිපයක් ගතවෙද්දී පොහොර මිටි 200 අවසන් වීම සහ හැඳුනුම්පත් රැගෙන නොපැමිණි සිටි හා හැඳුනුම්පත් නොමැති ගොවීන්ට නැවත හැදුනුම්පත රැගෙන එද්දී පොහොර අවසන්වීම නිසා අසාධාරණ වූ බවද ගොවිහු පවසති .

දඹුල්ල ප්‍රදේශයේ පෞද්ගලික වෙළඳසැල්වල සහ රජයේ ගබඩාවේද යූරියා පොහොර දින ගණනාවක සිට හිඟයක්ව පැවතීම නිසා ගොවිතැන් කටයුතුවලට විශාල බාධා එල්ල වි ඇති බව වාර්තා වේ.

එමෙන්ම දඹුල්ල ලක් පොහොර ගබඩාව කළමනාකරු එස් .පි .යු .පතිරණ මහතාගෙන් විමසිමේදී කියාසිටියේ තමන්ට පොහොර මිටි දෙසීයක් රජයෙන් ලැබුණු බවත් ඒවා ගොවීන්ට බෙදා දීමේ අවශ්‍යතාවය නිසා හැදුනුම්පත ලබා ගෙන එක් ගොවියෙකුට මිටි දෙක බැගින් ලබාදීමට අවශ්‍ය පියවර ගත් බව ය. එම ටික ද අවසන් වූ බව හෙතෙම කියාසිටියේය. සහනාධාර පොහොර අවශ්‍ය තරම් ගබඩාවේ පවතින බවත් කිලෝ 50ක මිටියක් රුපියල් 1000කට අලෙවි කරන පොහොර මෙසේ හිඟව පවතින බවද හෙතෙම කියා සිටියේය .

එමෙන්ම දඹුල්ල නගරයේ පොහොර ව්‍යාපාරිකයන් පවසා ඇති පරිදි පොහොර හිඟය නිසා ඔවුන්ගේ ව්‍යාපාර ආයතන පවා කඩා කප්පල් වී තිබේ. එමෙන්ම කුලි කම්කරුවාගේ සිට මහා පරිමාණ ගොවියා දක්වාම පවුල් පිටින් මෙම හානියට ගොදුරු වී තිබෙන බවද ව්‍යාපාරිකයන් පෙන්වා දී ඇත. කඩිනමින් මෙම පොහොර හිඟයට විසඳුම් ලබා නොදුණහොත් ඉදිරියේදී එළවලු වගාව වී වගාව හානියට පත්ව ගොවීන් වගාවෙන් ඉවත්වීමේ අවධානමක් ද මතුව තිබේ.

සමස්ත ලංකා ගොවිජන සම්මේලනයේ ජාතික සංවිධායක නාමල් කරුණාරත්න පවසා ඇත්තේ මෙම රජය බලයට පත් වූයේ නොමිලේ ගොවීන්ට පොහොර ලබා දෙන බව පවසා බවත් මේ වන විට පොහොර මිලදී ගන්නට වත් නොමැති තත්ත්වයට පත්වි තිබෙන බවය. නොමිලේ දෙන ඒ කතාව නිසා බොහෝ පොහොර ගෙන්වන ව්‍යාපාරිකයින් පොහොර ගැනීම ප්‍රමාද කළ බවත් ඇතැම් ගොවීන් වගාවෙන් ඉවත්ව නොමිලේ පොහොර ලබාගෙන වගා කිරීමට බලාපොරොත්තුවෙන් සිටි බවද හෙතෙම සඳහන් කර ඇත.",යූරියා පොහොර මිටි දහදාහක් පමණ අවශ්‍ය දඹුල්ල රජයේ පොහොර ගබඩාවට යූරියා පොහොර මිටි දෙසීයක් ලැබීම හේතුවෙන් එය බෙදාගැනීමට අලෙවි කිරිමට නොහැකිව ගොවීන් හා රජයේ පොහොර ගබඩා සේවකයින් අතර අද ( 07) දින උණුසුම් තත්ත්වයක් ඇතිවි තිබේ. ඒ අනුව පොහොර මිටි දෙසීය බෙදාගැනීමේ ක්‍රමවේදයක් නොමැතිවිම හේතුවෙන් ගබඩාවේ දඹුල්ල කාර්යාලයේ පාලකවරයා ගොවියකුට පොහොර මිටි දෙක බැගින් නිකුත් …,sin,lankaviews,Lanka Views,fake news,0912c0c5-b910-4bfe-ad55-8a99dd031c15,article,MassiveSum
https://ceylondaily.com/%e0%b6%8a%e0%b6%ba%e0%b7%9a-%e0%b6%9a%e0%b7%9c%e0%b6%bb%e0%b7%99%e0%b7%8f%e0%b7%8a%e0%b6%b1%e0%b7%8f-%e0%b6%86%e0%b7%83%e0%b7%8f%e0%b6%af%e0%b7%92%e0%b6%ad%e0%b6%ba%e0%b7%92%e0%b6%b1%e0%b7%8a-22/,,ඊයේ කොරෝනා ආසාදිතයින් 22 ක්,,"Like Love Haha Wow Sad Angry

මෙරට කොවිඩ් නයින්ටීන් ආසාදිතයින් සංඛ්‍යාව 1946 ක් දක්වා ඉහළ ගොස් තිබේ.

ඒ, ඊයේ (18) දිනය තුළ නව ආසාදිතයින් 22 දෙනෙකු හඳුනා ගැනීමත් සමගයි.

ඔවුන්ගෙන් 18 දෙනෙකු ඩුබායි හි සිට මෙරටට පැමිණි පුද්ගලයින් බව රජයේ ප්‍රවෘත්ති දෙපාර්තමේන්තුව පැවසීය.

කුවේටි හි සිට පැමිණි දෙදෙනෙකු , ලන්ඩන් සහ රුසියාවේ සිට පැමිණි පුද්ගලයින් දෙදෙනෙකු ද ඔවුන් අතර වේ.

Like Love Haha Wow Sad Angry","මෙරට කොවිඩ් නයින්ටීන් ආසාදිතයින් සංඛ්‍යාව 1946 ක් දක්වා ඉහළ ගොස් තිබේ. ඒ, ඊයේ (18) දිනය තුළ නව ආසාදිතයින් 22 දෙනෙකු හඳුනා ගැනීමත් සමගයි. ඔවුන්ගෙන් 18 දෙනෙකු ඩුබායි හි සිට මෙරටට පැමිණි පුද්ගලයින් බව රජයේ ප්‍රවෘත්ති දෙපාර්තමේන්තුව පැවසීය. කුවේටි හි සිට පැමිණි දෙදෙනෙකු , ලන්ඩන් සහ  රුසියාවේ සිට පැමිණි පුද්ගලයින් දෙදෙනෙකු ද ඔවුන් අතර වේ.",sin,ceylondaily,Ceylon Daily,fake news,434aac3d-76b4-414b-857c-5315cdc34882,article,MassiveSum
https://www.lankaviews.com/%e0%b6%b8%e0%b7%9c%e0%b6%ab%e0%b6%bb%e0%b7%8f%e0%b6%9c%e0%b6%bd-%e0%b6%af%e0%b7%92%e0%b7%83%e0%b7%8a%e0%b6%ad%e0%b7%8a%e2%80%8d%e0%b6%bb%e0%b7%92%e0%b6%9a%e0%b7%8a%e0%b6%9a%e0%b6%ba%e0%b7%9a-%e0%b6%a2/,,මොණරාගල දිස්ත්‍රික්කයේ ජය සන්ධානයට,,Posted on 08.18.2015 by Sampath in දේශීය පුවත් with 0 Comments,,sin,lankaviews,Lanka Views,fake news,8a2df315-aeba-458a-98c2-9627806e8330,article,MassiveSum
https://www.lankaviews.com/saitm-%e0%b6%9a%e0%b7%90%e0%b6%b6%e0%b7%92%e0%b6%b1%e0%b6%a7%e0%b7%8a-%e0%b6%b4%e0%b6%ad%e0%b7%8a%e2%80%8d%e0%b6%bb%e0%b7%92%e0%b6%9a%e0%b7%8f%e0%b7%80/,,SAITM සම්බන්ධ කැබිනට් පත්‍රිකාවක් නිකුත් කෙරේ,,"Posted on 06.25.2017 by Awantha Idamegama in දේශීය පුවත් with 0 Comments

මාළඹේ SAITM ආයතනය සහ නෙවිල් ප්‍රනාන්දු රෝහල සම්බන්ධයෙන් එළඹෙන 27වන දින කැබිනට් පත්‍රිකාවක් නිකුත් කරන බව සෞඛ්‍ය පෝෂණ සහ දේශීය වෛද්‍ය අමාත්‍ය රාජිත සේනාරත්න ප්‍රකාශ කර සිටී.

නෙවිල් ප්‍රනාන්දු රෝහල රජයට පවරා ගැනීමත්, SAITM ආයතනය ස්ථාන ගත කිරීමත් සිදු කිරීම සම්බන්ධයෙන් තමාගේ සහ උසස් අධ්‍යාපන අමාත්‍යවරයාගේ අත්සනින් යුතුව අදාළ නිවේදනය නිකුත් කිරීමෙන් පසු ගැසට් නිවේදනයක් මගින් ප්‍රසිද්ධ කරන බවත් ඔහු වැඩිදුරටත් අදහස් දක්වමින් පවසන ලදි.

කෙසේ වෙතත් මාලඹේ SAITM ආයතනය ආහොසි කිරීමක් හෝ මුළුමනින්ම රජයට පවාරා ගැනීමක් සම්බන්ධයෙන් මෙතෙක් රාජයේ පාර්ශවයෙන් කිසිදු ප්‍රකාශයක් සිදු කර නැති අතර ඊයේ(24) දින රජයේ වෛද්‍ය නිලාධාරීන්ගේ සංගමය ගෙනගිය අඛන්ඩ වැඩවර්ජනය ප්‍රකාශ 4ක් මූලික කර ගනිමින් තාවකාලිකව අත්හිටුවා තිබුණි.","මාළඹේ SAITM ආයතනය සහ නෙවිල් ප්‍රනාන්දු රෝහල සම්බන්ධයෙන් එළඹෙන 27වන දින කැබිනට් පත්‍රිකාවක් නිකුත් කරන බව සෞඛ්‍ය පෝෂණ සහ දේශීය වෛද්‍ය අමාත්‍ය රාජිත සේනාරත්න ප්‍රකාශ කර සිටී. නෙවිල් ප්‍රනාන්දු රෝහල රජයට පවරා ගැනීමත්, SAITM ආයතනය ස්ථාන ගත කිරීමත් සිදු කිරීම සම්බන්ධයෙන් තමාගේ සහ උසස් අධ්‍යාපන අමාත්‍යවරයාගේ අත්සනින් යුතුව අදාළ නිවේදනය නිකුත් කිරීමෙන් පසු ගැසට් නිවේදනයක් මගින් …",sin,lankaviews,Lanka Views,fake news,2d4d0dd0-596b-45bc-88ef-c94eb4b3bdfc,article,MassiveSum
https://www.lankaviews.com/%e0%b6%9a%e0%b7%90%e0%b6%b1%e0%b7%8a%e0%b7%83%e0%b7%8a-%e0%b6%a0%e0%b7%92%e0%b6%ad%e0%b7%8a%e2%80%8d%e0%b6%bb%e0%b6%b4%e0%b6%a7-%e0%b6%8b%e0%b7%85%e0%b7%99%e0%b6%bd%e0%b7%9a-%e0%b7%84%e0%b7%9c/,,කැන්ස් චිත්‍රපට උළෙලේ හොදම චිත්‍රපටයට හිමි සමිමානය ජපානයේ 'Shoplifters හිමිවේ.,,"Posted on 05.20.2018 by Nishshanka in කලා with 0 Comments

පසුගිය මැයි මස 8 වන දින සිට ඊයේ දක්වා ප්‍රංශයේ පැවැති 71 වැනි කැන්ස් සිනමා උළෙලේ හොදම චිත්‍රපට හිමිවන රන් සම්මානය මෙවර හිමිකරගෙන තිබෙන්නේ ජපානයේ ‘Shoplifters’ චිත්‍රපටයටයි එම චිත්‍රපටය අධ්‍යක්ෂණය කර තිබෙන්නේ හිරෝකාෂි කොඩේ එරාටය.වත්මන් පවුල් සංස්ථාව පිලිබදව දිවෙන කතාමාලාවක් මෙම චිත්‍රපටයට පසුබිම්ව ඇති බව විදෙස් මාධ්‍ය වාර්තා කරයි.",පසුගිය මැයි මස 8 වන දින සිට ඊයේ දක්වා ප්‍රංශයේ පැවැති 71 වැනි කැන්ස් සිනමා උළෙලේ හොදම චිත්‍රපට හිමිවන රන් සම්මානය මෙවර හිමිකරගෙන තිබෙන්නේ ජපානයේ ‘Shoplifters’ චිත්‍රපටයටයි එම චිත්‍රපටය අධ්‍යක්ෂණය කර තිබෙන්නේ හිරෝකාෂි කොඩේ එරාටය.වත්මන් පවුල් සංස්ථාව පිලිබදව දිවෙන කතාමාලාවක් මෙම චිත්‍රපටයට පසුබිම්ව ඇති බව විදෙස් මාධ්‍ය වාර්තා කරයි.,sin,lankaviews,Lanka Views,fake news,b2f57922-b11c-4fb4-abaf-276f38efea7e,article,MassiveSum
https://www.lankaviews.com/%e0%b6%b1%e0%b7%92%e0%b6%bd%e0%b6%87%e0%b6%af%e0%b7%94%e0%b6%b8%e0%b7%8a-%e0%b7%80%e0%b7%80%e0%b7%94%e0%b6%a0%e0%b6%bb%e0%b7%8a-%e0%b6%9a%e0%b7%8a%e2%80%8d%e0%b6%bb%e0%b6%b8%e0%b6%ba-%e0%b7%80/,,නිලඇදුම් වවුචර් ක්‍රමය විදුහල්පතිවරුන්ට වාසි උල්පතක් - අකිල විරාජ් කාරියවසම්,,"Posted on 12.28.2018 by Chandana Sirimalwatte in දේශීය පුවත් with 0 Comments

පාසල් සිසු දරුදැරියන්ට නිල ඇදුම් සදහා වවුචර් ලබාදීමේ ක්‍රමය නිසා විදුහල්පතිවරු ඇතුලු පාසල්වල පාලන නිලධාරින්ට විවිධ දූෂිත අරමුණු ඉටුකරගන්නට අවස්ථාව සැලසෙන බව අධ්‍යාපන අැමති අකිල විරාජ් කාරියවසම් පිලිගෙන තිබේ.

ඇතැම් නිලධාරීන් සහ විදුහල්පතිවරුන් විසින් නිල ඇදුම් රෙදි මිලදී ගැනීමේදී තමන් විසින් නම්කරන වෙළඳ ආයතන වෙත යන ලෙස බලපෑම් සිදුකරන බවට දෙමව්පියන් විසින් අධ්‍යාපන අමාත්‍යාංශය වෙත කළ පැමිණීලි සම්බන්ධයෙන් ඇමතිවරයා පවසන්නේ ඒ සම්බන්ධව නිකුත් කර ඇති 41/2018 චක්‍රලේඛය අනුව කටයුතු කරන ලෙස පාසල් කලමනාකාරිත්වයට නියෝගකර ඇති බවද අවධාරණය කරමිනි. කෙසේවෙතත් පසුගිය රාජපක්ෂ පාලන කාලයේදී නිල ඇදුම් රෙදි ලබාදීමේ දී සිදු වූ වංචා දූෂණ වළක්නේනට සහ අතරමැදියන්ගේ ගසාකෑමකින් තොරව සෘජුවම පාසල් දරුවන් වෙත සහන ලබා දීමේ අරමුණින් නිල ඇදුම් වවුචර ක්‍රමය හදුන්වා දුන් බව අධ්‍යාපන අමාත්‍යවරයා අවධාරණය කරයි. එහෙත් මේ වවුචර් ක්‍රමයද පාසල් බලධාරින්ගේ දූෂිත අරමුනුවලට අනුබල දෙන්නක් බව මෙයින් ඇමතිවරයා පිලිගෙන ඇත. වංචා දූෂණ වැළැක්වීමට කටයුතු කිරීම හිසරදයට කොට්ටය මාරු කිරීමෙන් සපුරාගත නොහැකි බව ඇමතිවරයා නොදන්නවා විය නොහැකිය. පාසල්වල මුදල් අයකිරීමට නීති සකස්කර අධ්‍යාපනයේ මුලු බර මව්පියන් කරමතට පටවන ආණ්ඩුව, මෙවැනි වංචා දූෂණ මීටත් වඩා මහා පරිමාණයෙන් සිදුවන ක්‍රමයකට පාර කපමින් සිටී.

අධ්‍යාපන ලේකම්වරයා විසින් පාසල් අධ්‍යාපන බලධාරින්ට නිකුත් කරන ලද ලිපිය පහත පළ වේ.",පාසල් සිසු දරුදැරියන්ට නිල ඇදුම් සදහා වවුචර් ලබාදීමේ ක්‍රමය නිසා විදුහල්පතිවරු ඇතුලු පාසල්වල පාලන නිලධාරින්ට විවිධ දූෂිත අරමුණු ඉටුකරගන්නට අවස්ථාව සැලසෙන බව අධ්‍යාපන අැමති අකිල විරාජ් කාරියවසම් පිලිගෙන තිබේ. ඇතැම් නිලධාරීන් සහ විදුහල්පතිවරුන් විසින් නිල ඇදුම් රෙදි මිලදී ගැනීමේදී තමන් විසින් නම්කරන වෙළඳ ආයතන වෙත යන ලෙස බලපෑම් සිදුකරන බවට දෙමව්පියන් විසින් අධ්‍යාපන අමාත්‍යාංශය වෙත කළ …,sin,lankaviews,Lanka Views,fake news,4300e4a9-1ceb-4478-b5ea-983ddda04dc4,article,MassiveSum
https://ceylondaily.com/%e0%b7%80%e0%b7%92%e0%b7%81%e0%b7%8a%e0%b7%80-%e0%b6%bb%e0%b7%96-%e0%b6%bb%e0%b7%90%e0%b6%a2%e0%b7%92%e0%b6%ab-%e0%b6%9a%e0%b7%92%e0%b6%bb%e0%b7%94%e0%b7%85-%e0%b6%af%e0%b6%9a%e0%b7%94%e0%b6%ab/,,විශ්ව රූ රැජිණ කිරුළ දකුණු අප්‍රිකාවට,,"Like Love Haha Wow Sad Angry

විශ්ව රූ රැජිණ ලෙස දකුණු අප්‍රිකාවේ සෝසිබිනී ටූන්සි(Zozibini Tunzi) මෙවර ජයග්‍රහණය කර තිබේ.

ඒ, රටවල් 90 ක් නියෝජනය කරමින් ඉදිරිපත් වූ තරගකාරියන් පරාජය කරමිනි.

68 වැනි විශ්ව රූ රැජිණ තරගයේ අවසන් මහා තරගය පැවැත්වුනේ අමෙරිකාවේ ඇට්ලැන්ටාහිදීයි.

මෙම තරගයේ දෙවන සහ තුන්වන ස්ථාන පෝටෝ රිකෝ සහ මෙක්සිකෝ රටවල තරගකාරියන් හිමි කර ගත්තාය.

ඉකුත් වසරේ විශ්ව රූ රැජිණ කිරුළ දිනාගත් පිලිපීනයේ කැත්‍රියෝනා ග්‍රේ, සෝසිබිනී ටූන්සිට එහිදී විශ්ව රූ රැජිණ කිරුළ පැළඳවුවා ය.

ඇය, විශ්ව රූ රැජිණ ලෙස කිරුළු පැළඳීමට මොහොතකට පෙර කලු පැහැති සමක් සහිත කාන්තාවන් පිළිබඳ සමාජය දරන ආකල්පය දුරු කිරීමට අවශ්‍ය බව පවසා ඇත.

Like Love Haha Wow Sad Angry","විශ්ව රූ රැජිණ ලෙස දකුණු අප්‍රිකාවේ සෝසිබිනී ටූන්සි(Zozibini Tunzi) මෙවර ජයග්‍රහණය කර තිබේ. ඒ, රටවල් 90 ක් නියෝජනය කරමින් ඉදිරිපත් වූ තරගකාරියන් පරාජය කරමිනි. 68 වැනි විශ්ව රූ රැජිණ තරගයේ අවසන් මහා තරගය පැවැත්වුනේ අමෙරිකාවේ ඇට්ලැන්ටාහිදීයි. මෙම තරගයේ දෙවන සහ තුන්වන ස්ථාන පෝටෝ රිකෝ සහ මෙක්සිකෝ රටවල තරගකාරියන් හිමි කර ගත්තාය. ඉකුත් වසරේ විශ්ව රූ …",sin,ceylondaily,Ceylon Daily,fake news,2a13cecc-72d2-457d-9875-b04570aaba8a,article,MassiveSum
https://www.lankaviews.com/%e0%b6%b4%e0%b7%8f%e0%b7%80%e0%b6%a9-%e0%b6%91%e0%b6%bd%e0%b7%93%e0%b6%b8/,,Views of the truth,,"Posted on 10.14.2020 by Chandana Sirimalwatte in කාටූන්, දවසේ කාටුනය with 0 Comments",අවන්ත ආටිගලගේ කාටුනයකි.,sin,lankaviews,Lanka Views,fake news,da2ca0f2-4ba3-40d7-8f8b-38c03cfc8827,article,MassiveSum
https://www.lankaviews.com/2015-%e0%b7%80%e0%b7%83%e0%b6%bb%e0%b7%9a-%e0%b6%91%e0%b7%83%e0%b7%8a%e0%b6%b8%e0%b6%b1%e0%b7%8a%e0%b6%a9%e0%b7%8a-%e0%b7%80%e0%b7%92%e0%b6%9a%e2%80%8d%e0%b7%8a%e2%80%8d%e0%b6%bb%e0%b6%b8%e0%b7%83/,,2015 වසරේ එස්මන්ඩ් වික‍්‍රමසිංහ මාධ්‍ය සම්මානය උදයන් පුවත්පතට,,Posted on 09.30.2015 by Nishshanka in දේශීය පුවත් with 0 Comments,2015 වසරේ එස්මන්ඩ් වික‍්‍රමසිංහ මාධ්‍ය සම්මානය යාපනයේ උදයන් පුවත්පතට පරිනමා ඇත. ඊයේ බණ්ඩාරනායක ජාත්‍යන්තර අනුස්මරණ ශාලවේ පැවැති එඩ්මන්ඩ් වික‍්‍රමසිංහ සමරු උළෙලට සහභාගීවූ අගමැති රනිල් වික‍්‍රමසිංහ අතින් එම සම්මානය උදයන් ප‍්‍රකාශන ආයතනයේ අධ්‍යක්ෂ පී. සරවනන්ට ඊයේ ප‍්‍රධානය කර ඇත. මෙම අවස්ථාවට ආරධිතයින් ලෙස මැති ඇමැතිවරු හා මාධ්‍ය ආයතනවල ප‍්‍රධානීන් විශාල පිරිසක්ද සහභාගී සිටියහ. පසුගිය රාජපක්ෂ පාලන …,sin,lankaviews,Lanka Views,fake news,49108e2e-6356-4dc4-96be-b85cfdf96c15,article,MassiveSum
https://www.lankaviews.com/%e0%b6%b6%e0%b7%92%e0%b6%bb%e0%b7%92%e0%b6%ba-%e0%b6%af%e0%b7%92%e0%b6%ba%e0%b6%ab%e0%b7%92%e0%b6%ba-%e0%b6%b8%e0%b6%bb%e0%b7%8f-%e0%b7%83%e0%b7%92%e0%b6%ba%e0%b6%af%e0%b7%92%e0%b7%80%e0%b7%92/,,"බිරිය, දියණිය මරා සියදිවි නසාගෙන - කොරෝනා කාලේ තවත් පැත්තක්!",,"Posted on 04.03.2020 by Chandana Sirimalwatte in දේශීය පුවත් with 0 Comments

මල්වතුහිරිපිටිය හේනේගම – කහටාන ප්‍රදේශයේ එක්තරා පුද්ගලයකු විසින් සිය බිරිඳ හා දියණිය ඝාතනය කර තමන්ද සියදිවි තොර කරගෙන ඇති බව න් වාර්තා වේ.

කොරෝනා වසංගත තත්වය තුළ රටම ඇඳිරි නීතියට යටත්ව තිබියදී මෙලෙස ඝාතනයට ලක්ව ඇත්තේ, 28 හැවිරිදි කාන්තාවක සහ ඇගේ තුන් හැවිරිදි බිළිඳු දියණියයි. 37 හැවිරිදි ස්වාමි පුරුෂයා පවුල් ආරවුලක් මත මෙම ඝාතන සිදුකර ඇති බවට පොලීසිය සැක කරයි. මියගිය අයගේ මෘත ශරීර ගම්පහ රෝහලේ තැන්පත් කර ඇති අතර මල්වතුහිරිපිටිය පොලීසිය වැඩිදුර විමර්ශන සිදුකරයි.

කොරෝනා වසංගත සමයේ නිවසින් බැහැර යාමට නොහැකිව කොටු වී සිටින නිසා ආතතිය නිසාත් වෙනත් ආර්ථික ගැටලු ඇතුලු හේතු නිසාත් පවුල් අභ්‍යන්තර ආරවුල් නිරන්තරව මතුවීමේ තත්වයක් පවතී. පසුගිය දිනවල කොළඹ ජාතික රෝහලේ හදිසි ප්‍රතිකාර අංශයේ ප්‍රතිකාර ගැනීමට පැමිණි පිරිස අතර කාන්තාවන් සංඛ්‍යාව ඉහළයාම සහ ඔවුන්ගෙන් වැඩිදෙනකු ගෘහස්ත ප්‍රචණ්ඩත්වය නිසා තුවාල ලැබූවන් බවත් වාර්තා විය. මේ පසුබිම තුළ තවදුරටත් කොරෝනා වසංගතය පමණක් නොව, එයින් මතුවන අනෙකුත් සමාජ ගැටලු ලෙස මෙවැනි පවුල් ආරවුල් මෙන්ම අපරාධකාරී ප්‍රවණතා සම්බන්ධයෙන් අවධානය යොමු කිරීමට සිදුවනු ඇත.","මල්වතුහිරිපිටිය හේනේගම – කහටාන ප්‍රදේශයේ එක්තරා පුද්ගලයකු විසින් සිය බිරිඳ හා දියණිය ඝාතනය කර තමන්ද සියදිවි තොර කරගෙන ඇති බව න් වාර්තා වේ. කොරෝනා වසංගත තත්වය තුළ රටම ඇඳිරි නීතියට යටත්ව තිබියදී මෙලෙස ඝාතනයට ලක්ව ඇත්තේ, 28 හැවිරිදි කාන්තාවක සහ ඇගේ තුන් හැවිරිදි බිළිඳු දියණියයි. 37 හැවිරිදි ස්වාමි පුරුෂයා පවුල් ආරවුලක් මත මෙම ඝාතන සිදුකර ඇති …",sin,lankaviews,Lanka Views,fake news,45422314-7065-4fb8-87a7-1aca5a2504cb,article,MassiveSum
https://ceylondaily.com/%e0%b6%bd%e0%b7%8f%e0%b6%bd%e0%b7%8a%e0%b6%9a%e0%b7%8f%e0%b6%b1%e0%b7%8a%e0%b6%ad-%e0%b6%b8%e0%b7%84%e0%b6%b1%e0%b7%94%e0%b7%80%e0%b6%bb%e0%b7%92%e0%b6%b1%e0%b7%8a-%e0%b6%af%e0%b7%9a%e0%b7%81%e0%b6%b4/,,ලාල්කාන්ත මහනුවරින් දේශපාලන ගමනකට සූදානම්,,"Like Love Haha Wow Sad Angry

එළැඹෙන මහ මැතිවරණය වෙනුවෙන් මහනුවර දිස්ත්‍රික්කයෙන් තරග කිරිමට ජනතා විමුක්ති පෙරමුණේ දේශපාලන මණ්ඩල සභික කේ.ඩි ලාල්කාන්ත තීරණය කර තිබේ.

මහනුවර පැවති මාධ්‍ය හමුවක් අමතමින් ඔහු සඳහන් කළේ, එළෙබෙන මැතිවරණයට ජාතික ජන බලවේගය ලෙස මාලිමාව ලකුණෙන් තරග කරන බවයි.

Like Love Haha Wow Sad Angry","එළැඹෙන මහ මැතිවරණය වෙනුවෙන් මහනුවර දිස්ත්‍රික්කයෙන් තරග කිරිමට ජනතා විමුක්ති පෙරමුණේ දේශපාලන මණ්ඩල සභික කේ.ඩි ලාල්කාන්ත තීරණය කර තිබේ. මහනුවර පැවති මාධ්‍ය හමුවක් අමතමින් ඔහු සඳහන් කළේ, එළෙබෙන මැතිවරණයට ජාතික ජන බලවේගය ලෙස මාලිමාව ලකුණෙන් තරග කරන බවයි.",sin,ceylondaily,Ceylon Daily,fake news,fb3280aa-2d08-4a22-bb42-4623c4827026,article,MassiveSum
https://www.lankaviews.com/%e0%b6%b8%e0%b7%92%e0%b6%bd%e0%b7%92%e0%b6%ba%e0%b6%b1%e0%b6%ba%e0%b6%9a%e0%b7%8a-%e0%b6%b1%e0%b7%9a%e0%b6%b4%e0%b7%8f%e0%b6%bd%e0%b6%ba%e0%b6%a7/,,වරාය විකිනීමෙන් ලද මුදලින් ඩොලර් මිලියනයක් නේපාලයට,,Posted on 08.01.2017 by Awantha Idamegama in දේශීය පුවත් with 0 Comments,හම්බන්තොට වරාය චයිනා මර්චන්ට් පොර්ට් හෝල්ඩින්ග්ස් සමාගමට විකිණීමෙන් ලද මුදලින් ඩොලර් මිලියනයක මුදලක් නේපාලයේ කපිල වස්තුපුර පුරාවිද්‍යා සංරක්ෂණය සඳහා ප්‍රධානයක් ලෙස ලබා දෙන බව අග්‍රාමාත්‍ය රනිල වික්‍රමසිංහ ප්‍රකාශ කරයි. ඊයේ(31) දින අනුරාධපුර – ගල්නෑව ප්‍රදේශයේ පැවති ආගමික උත්සවයකට සහභාගී වෙමින් අග්‍රාමාත්‍යවරයා මේ බව ප්‍රකාශ කරන ලදි.,sin,lankaviews,Lanka Views,fake news,8d06b7a9-1df9-465c-9582-25a382c7b35c,article,MassiveSum
https://ceylondaily.com/%e0%b6%b8%e0%b7%92%e0%b6%bd%e0%b7%99%e0%b6%b1%e0%b7%92%e0%b6%ba%e0%b6%b8%e0%b7%8a-%e0%b6%a0%e0%b7%90%e0%b6%bd%e0%b7%9a%e0%b6%b1%e0%b7%8a%e0%b6%a2%e0%b7%8a-%e0%b6%9c%e0%b7%92%e0%b7%80%e0%b7%92%e0%b7%83/,,මිලෙනියම් චැලේන්ජ් ගිවිසුම අභියෝගයට ලක් කරමින් ශ්‍රේෂ්ඨාධිකරණයට පෙත්සමක්,,"Like Love Haha Wow Sad Angry

ඇමරිකාව සමඟ ශ්‍රී ලංකා රජය අත්සන් කිරීමට සූදානම් වන millennium challenge corporation ගිවිසුම්(MCC) අත්සන් කිරීම වැළැක්වීමේ නියෝගයක් නිකුත් කරන මෙන් ඉල්ලා ශ්‍රේෂ්ඨාධිකරණයට මූලික අයිතිවාසිකම් පෙත්සමක් අද(01) ඉදිරිපත් කෙරිණ.

නීතිඥ දර්ශන වේරදූවගේ මහතා ගොනුකළ පෙතසමෙන් එම්.සී.සී ගිවිසුමට අමතරව ඇක්සා සහ සෝෆා ගිවිසුම් ද අත්සන් කිරීම වළක්වන්නැයි ඉල්ලා තිබේ.

පෙත්සමේ පළමු වගඋත්තරකරු ලෙස නම් කඅර ඇත්තේ නීතිපතිවරයායි.

ජනාධිපතිවරයා, අගමැතිවරයා, විදේශ කටයුතු සහ මුදල් ඇමතිවරුන්ද එහි වගඋත්තරකරුවන් ලෙස නම් කර තිබේ.

මෙම පෙත්සමෙන් පෙන්වාදී ඇත්තේ පාර්ලිමේන්තුවේ අනුමැතියකින් තොරව මේ ගිවිසුම් අත්සන් කිරීමෙන් රටේ ජාතික ආරක්ෂාවට සහ ඒකීය භාවයට තර්ජනයක් විය හැකි බවයි.

Like Love Haha Wow Sad Angry",ඇමරිකාව සමඟ ශ්‍රී ලංකා රජය අත්සන් කිරීමට සූදානම් වන  millennium challenge corporation ගිවිසුම්(MCC)  අත්සන් කිරීම වැළැක්වීමේ නියෝගයක් නිකුත් කරන මෙන් ඉල්ලා ශ්‍රේෂ්ඨාධිකරණයට මූලික අයිතිවාසිකම් පෙත්සමක් අද(01) ඉදිරිපත් කෙරිණ. නීතිඥ දර්ශන වේරදූවගේ මහතා ගොනුකළ පෙතසමෙන් එම්.සී.සී ගිවිසුමට අමතරව ඇක්සා සහ සෝෆා ගිවිසුම් ද අත්සන් කිරීම වළක්වන්නැයි ඉල්ලා තිබේ. පෙත්සමේ පළමු වගඋත්තරකරු ලෙස නම් කඅර ඇත්තේ නීතිපතිවරයායි. …,sin,ceylondaily,Ceylon Daily,fake news,7ecbb563-5a4e-4555-9435-2014ea4b18fe,article,MassiveSum
https://ceylondaily.com/%e0%b6%bb%e0%b6%b1%e0%b7%8a%e0%b6%9a%e0%b7%90%e0%b6%a7%e0%b7%92%e0%b6%ba%e0%b7%8f-%e0%b7%83%e0%b7%84-%e0%b6%b4%e0%b7%94%e0%b6%ba%e0%b7%92%e0%b6%a7%e0%b7%8f-stf-%e0%b6%85%e0%b6%ad%e0%b7%8a%e0%b6%85/,,රන්කැටියා සහ පුයිටා STF අත්අඩංගුවට,,"Like Love Haha Wow Sad Angry

නීතිවිරෝධී ක්‍රියා සහ විවිධ අපරාධවලට සම්බන්ධ සංවිධානාත්මක අපරාධ කල්ලි සාමාජිකයින් දෙදෙනෙකු රනාල සහ රාගම ප්‍රදේශවලදී අත්අඩංගුවට ගෙන තිබේ.

පොලිස් විශේෂ කාර්යය බලකාය පැවසුවේ මෙලෙස අත්අඩංගුවට ගත් සැකකරුවන් දෙදෙනාගෙන් එක් අයෙකු රණාල, ජල්තර ප්‍රදේශයේ පදිංචි ලකිත රවිශාන් ජයතිලක හෙවත් ‘‘පුයිටා’’ නමැත්තතෙකු බවයි.

එම සැකකරු සතුව තිබී කඩුවක්, ටී 56 ගිනි අවියක් සඳහා භාවිත කළ හිස් කොපුවක් සහ සිම්කාඞ්පත් 05 ක්ද පොලිස් විශේෂ කාර්යය බලකාය සිය භාරයට ගෙන තිබේ.

මේ අතර දේපළ කොල්ලකෑම් සහ මරණ තර්ජන එල්ල කිරීම් ආදී සිද්ධි කිහිපයකට සම්බන්ධ තවත් සංවිධානාත්මක අපරාධ කල්ලි සාමාජිකයෙකු වන විරාජ් අනුරාධ නොහොත් ‘‘රන්කැටියා’’ නමැත්තා ද රාගම, හොරපේ ප්‍රදේශයේදී පොලිස් විශේෂ කාර්ය බලකාය මගින් අත්අඩංගුවට ගෙන තිබේ.

සැකකරු සන්තකයේ තිබී හෙරොයින් ග්‍රෑම් 08 ක්, විදේශීය රටක නිෂ්පාදිත ජීව අත්බෝම්බයක්, තහනම් පිහියක් සහ ගංජා මිලි ග්‍රෑම් 150 ක්ද සොයා ගෙන ඇත.

Like Love Haha Wow Sad Angry","නීතිවිරෝධී ක්‍රියා සහ විවිධ අපරාධවලට සම්බන්ධ සංවිධානාත්මක අපරාධ කල්ලි සාමාජිකයින් දෙදෙනෙකු රනාල සහ රාගම ප්‍රදේශවලදී අත්අඩංගුවට ගෙන තිබේ. පොලිස් විශේෂ කාර්යය බලකාය පැවසුවේ මෙලෙස අත්අඩංගුවට ගත් සැකකරුවන් දෙදෙනාගෙන් එක් අයෙකු රණාල, ජල්තර ප්‍රදේශයේ පදිංචි ලකිත රවිශාන් ජයතිලක හෙවත් ‘‘පුයිටා’’ නමැත්තතෙකු බවයි. එම සැකකරු සතුව තිබී කඩුවක්, ටී 56 ගිනි අවියක් සඳහා භාවිත කළ හිස් කොපුවක් …",sin,ceylondaily,Ceylon Daily,fake news,26cc28c2-2808-4d60-b6f5-d9f177f650d1,article,MassiveSum
https://www.lankaviews.com/%e0%b6%b6%e0%b7%9d%e0%b6%9c%e0%b6%bd-%e0%b6%b4%e0%b6%ad%e0%b6%bd%e0%b7%9a-%e0%b6%9a%e0%b6%b8%e0%b7%8a%e0%b6%9a%e0%b6%bb%e0%b7%94-%e0%b7%83%e0%b6%a7%e0%b6%b1-%e0%b6%a2%e0%b6%ba%e0%b6%9c%e0%b7%8a/,,බෝගල පතලේ කම්කරු සටන ජයග්‍රාහී අවසානයක!,,Posted on 05.11.2016 by Chandana Sirimalwatte in දේශීය පුවත් with 0 Comments,"කෑගල්ල, අරුග්ගමන බෝගල පතලේ කම්කරුවන් සිය ඉල්ලීම් ලබාගැනීම වෙනුවෙන් වැඩවර්ජනයක හා අඩි 1650ක් ගැඹුරේ පතලෙහි සත්‍යග්‍රහයක නිරත වීමෙන් පැවැති සටන් ක්‍රියාමාර්ගය අද (11) ජයග‍්‍රාහීව අවසන් කරන ලදී. වැඩිවන ජිවන වියදමට සරිලන ලෙස රුපියල් 10000කින් වැටුප් වැඩි කිරීම, සම්මත වාර්ෂික සේවක නිවාඩු 42, 21 දක්වා කප්පාදු කිරීම යනාදී අහිමි කරන ලද සේවක අයිතින් ලබාගැනීම වෙනුවෙන් මෙම …",sin,lankaviews,Lanka Views,fake news,9e5d4010-2e07-4648-bd23-a28b18f819bb,article,MassiveSum
https://www.lankaviews.com/%e0%b6%a2%e0%b6%9c%e0%b6%ad%e0%b7%8a-%e0%b6%af%e0%b7%9a%e0%b7%81%e0%b6%9c%e0%b7%94%e0%b6%ab%e0%b7%92%e0%b6%9a-%e0%b7%80%e0%b7%92%e0%b6%b4%e0%b6%bb%e0%b7%8a%e0%b6%ba%e0%b7%8f%e0%b7%83-%e0%b7%83/,,ජගත් දේශගුණික විපර්යාස සමුළුව අද ඇරඹේ,,Posted on 11.30.2015 by Nishshanka in විදෙස් පුවත් with 0 Comments,ප්‍රංශයේ ලා බොගට්හිදී පැවැත්වෙන එක්සත් ජාතීන්ගේ දේශගුණික විපර්යාස සමුළුව අද දින (නොවැම්බර් 30)  සිට දෙසැම්බර් මස 11 වන දින දක්වා පැවැත්වෙයි. එම සමුළුවට සහභාගී වීම සඳහා ජනාධිපති මෛත්‍රීපාල සිරිසේන ඊයේ ප්‍රංශයේ පැරිස් නුවරට ළඟාවිය. දෙදිනක් පුරා මෝල්ටා රාජ්‍යයේ පැවති පොදුරාජ්‍ය මණ්ඩලයීය රාජ්‍ය නායක සමුළුව අවසන්වීමෙන් පසු ජනාධිපති මෛත්‍රිපාල සිරිසේන ප්‍රංශය බලා පිටත්ව ගිය අතර  21වැනි …,sin,lankaviews,Lanka Views,fake news,9011bdd0-ce90-4395-8f1f-dbbcd3ebad37,article,MassiveSum
https://www.lankaviews.com/%e0%b6%ba%e0%b7%8f%e0%b6%b4%e0%b6%b1%e0%b7%9a-%e0%b6%af%e0%b7%90%e0%b6%b1%e0%b7%8a-%e0%b6%94%e0%b6%9a%e0%b7%8a%e0%b6%9a%e0%b7%9c%e0%b6%b8-%e0%b7%84%e0%b6%bb%e0%b7%92%e0%b6%bd%e0%b7%94-%e0%b7%83/,,"යාපනේ දැන් ඔක්කොම හරිලු, සංසුන්ලු - ජනාධිපති කියයි",,Posted on 08.06.2016 by Chandana Sirimalwatte in විශේෂාංග with 0 Comments,යාපනය විශ්වවිද්‍යාලයේ සිසුන්ට උපරිමයෙන් ආරක්ෂාව තහවුරු කර තිබෙන බැවින් කිසිදු බියකින් සහ සැකයකින් තොරව නිදහසේ තම අධ්‍යාපන කටයුතුවල නිරතවන ලෙස ජනාධිපතිවරයා එම විශ්වවිද්‍යාලයේ උපාධි අපෙක්ෂකයින්ගෙන් ඉල්ලා සිටි බවට  ජනාධිපති මාධ්‍ය අංශය විසින් ජනමාධ්‍ය වෙත පුවතක් මුදා හැර තිබිණි. පසුගියදා විශ්වවිද්‍යාලයේ ඇතිවූ ගැටුම ගැනත් සිසුන්ගේ ආරක්ෂාව වෙනුවෙන් ගෙන යන වැඩපිළිවෙළක් පිළිබදවත් මෙහිදී දීර්ඝ වශයෙන් සාකච්ඡාවට ලක් …,sin,lankaviews,Lanka Views,fake news,f253fee9-1054-43a9-8225-bca09388d307,article,MassiveSum
https://ceylondaily.com/%e0%b6%a2%e0%b7%8f%e0%b6%ad%e0%b7%92%e0%b6%9a-%e0%b7%81%e0%b7%92%e0%b7%82%e0%b7%8a%e2%80%8d%e0%b6%ba-%e0%b6%b7%e0%b6%a7-%e0%b6%b6%e0%b7%85%e0%b6%9a%e0%b7%8f%e0%b6%ba%e0%b7%9a-%e0%b7%80%e0%b7%99/,,ජාතික ශිෂ්‍ය භට බළකායේ වෙනස්කම් රැසක් සිදු කරන බව අගමැති කියයි,,"Like Love Haha Wow Sad Angry

ඉදිරි වසර කිහිපය තුළ ජාතික ශිෂ්‍ය භට බළකාය තුළ වෙනස්කම් රැසක් සිදු කිරීමට බලාපොරොත්තු වන බව අග්‍රාමාත්‍ය රනිල් වික්‍රමසිංහ මහතා පවසයි.

ඔහු මේ බව සඳහන් කළේ ජාතික ශිෂ්‍ය භට බළකායේ අන්තර් පළාත් ක්‍රිඩා උලෙළේ සමාප්ති උත්සවයට ඊයේ(07) එක්වෙමිනි.

ඉදිරි වසර කිහිපයේ දී මෙරට අධ්‍යාපන ක්‍රමය වෙනස් කරන බව පැවසු අග්‍රාමාත්‍යවරයා ඒ අනුව ශිෂ්‍ය භට බලකායත් පරිවර්ථන යුගයකට ගමන් කළ යුතු බව පැවසීය.

ඔහු සඳහන් කළේ 13 ශ්‍රේණිය දක්වා අඛණ්ඩ පාසල් අධ්‍යාපනයකට යොමු කරවීම හේතුවෙන් ද්විතීය අංශයේ ශිෂ්‍ය ශිෂ්‍යාවන්ගේ වැඩි වීමට සමගාමීව ශිෂ්‍ය භට බලකායේ වැඩි වීමක් තමන් අපේක්ෂා කරන බවයි.

මේ සම්බන්ධයෙන් අධ්‍යාපන අමාත්‍යවරයාට උපදෙස් ලබා දී ඇති බව ද අග්‍රාමාත්‍යවරයා වැඩිදුරටත් සඳහන් කළේය.

Like Love Haha Wow Sad Angry",ඉදිරි වසර කිහිපය තුළ ජාතික ශිෂ්‍ය භට බළකාය තුළ වෙනස්කම් රැසක් සිදු කිරීමට බලාපොරොත්තු වන බව අග්‍රාමාත්‍ය  රනිල් වික්‍රමසිංහ මහතා පවසයි. ඔහු මේ බව සඳහන් කළේ ජාතික ශිෂ්‍ය භට බළකායේ අන්තර් පළාත් ක්‍රිඩා උලෙළේ සමාප්ති උත්සවයට ඊයේ(07) එක්වෙමිනි. ඉදිරි වසර කිහිපයේ දී මෙරට අධ්‍යාපන ක්‍රමය වෙනස් කරන බව පැවසු අග්‍රාමාත්‍යවරයා ඒ අනුව ශිෂ්‍ය භට බලකායත් …,sin,ceylondaily,Ceylon Daily,fake news,fb79c8f8-0069-4cc8-abca-7359d1ce4f52,article,MassiveSum
https://www.lankaviews.com/elephant-matter/,,වන අලි ප්‍රශ්නයට විසඳුම විදෙස් රටකට අලින්ව විකුණන එක - කරුණාරත්න පරණවිතාන,,"Posted on 09.05.2017 by Awantha Idamegama in දේශීය පුවත් with 0 Comments

වන අලි ගැටළුවට හොදම විසඳුම වැඩි වන අලින් ප්‍රමාණය විදෙස් රටකට විකුණා දැමීම බව නිපුනතා සංවර්ධන නියෝජ්‍ය අමාත්‍ය කරුණාරත්න පරණවිතාන පවසයි.

බලන්ගොඩ සමිබන්ධීකරණ රැස්වීමක් අමතමින් ඊයේ(04) දින ඔහු මේ බව පවසන ලදි.

මෙරට භූමි ප්‍රමාණය අනුව අලි ගහනය 4000ක් පමණ සිටිය යුතු බවත් දැනට 6000ක් පමණ වන අලි ගහනය පාලනය කිරීම සඳහා මෙලෙස විදෙස් රටකට විකුණා දැමීම වඩා යෝග්‍ය බව ඔහු මෙහිදී පවසන ලදි.

ඌරන්, වඳුරන් හා රිලවුන් වැනි සතුන්ද අසීමිතව වැඩි වී ඇති බවත් දුර්ලභ සත්ව කොට්ඨාශ වල ආරක්ෂාව සඳහා සුලභ සතුන් පාලනය කල යුතු බවත් ඔහු මෙහිදී වැඩි දුරටත් පේනවා දෙන ලදි.

කෙසේ වෙතත් මෙම වන අලි ගැටළුවට ප්‍රධානතම හේතුව වන අලි ගහනය වැඩි වීම නොවන බව පැහැදිලිව පෙන්වා දිය හැකි කරුණකි. ඊනියා සංවර්ධන ව්‍යාපෘති හේතුවෙන් සිදුවන අවිධිමත් වනාන්තර හා පාරිසරික සාධක විනාශ කිරීම් හේතුවෙන් ඇති වූ ගැටළු මඟින් මෙම තත්වය නිර්මාණය වී ඇත.

ලංකාවේ මෙතෙක් පාලන කටයුතු සිදු කරන ලද ආණ්ඩු විසින් නිර්මාණය කරන ලද ගැටළු නැවතත් එම ආණ්ඩුවලම ආදායම් මාර්ග කර ගැනීමට කරන ලද යෝජනාවක් ලෙස මෙය පෙන්වා දිය හැකිය.",වන අලි ගැටළුවට හොදම විසඳුම වැඩි වන අලින් ප්‍රමාණය විදෙස් රටකට විකුණා දැමීම බව නිපුනතා සංවර්ධන නියෝජ්‍ය අමාත්‍ය කරුණාරත්න පරණවිතාන පවසයි. බලන්ගොඩ සමිබන්ධීකරණ රැස්වීමක් අමතමින් ඊයේ(04) දින ඔහු මේ බව පවසන ලදි. මෙරට භූමි ප්‍රමාණය අනුව අලි ගහනය 4000ක් පමණ සිටිය යුතු බවත් දැනට 6000ක් පමණ වන අලි ගහනය පාලනය කිරීම සඳහා මෙලෙස විදෙස් රටකට …,sin,lankaviews,Lanka Views,fake news,1eb2ff62-9c18-4c4c-8615-6a83c13c4a91,article,MassiveSum
https://www.lankaviews.com/%e0%b6%9a%e0%b7%9c%e0%b6%bb%e0%b7%9d%e0%b6%b1%e0%b7%8f-%e0%b7%83%e0%b7%90%e0%b6%9a%e0%b6%ba-%e0%b6%b8%e0%b6%ad-%e0%b6%9a%e0%b6%a7%e0%b7%94%e0%b6%b1%e0%b7%8f%e0%b6%ba%e0%b6%9a-%e0%b6%87%e0%b6%9f/,,කොරෝනා සැකය මත කටුනායක ඇඟලුම් කම්හල් තුනක් වහයි,,"Posted on 10.09.2020 by Sithara Sajeewani in දේශීය පුවත් with 0 Comments

කොරෝනා ආසාදිතයන් ඇතැයි යන සැකය මත කටුනායක නිදහස් වෙළඳ කලාපයේ ඇඟලුම් කම්හල් තුනක් තාවකාලිකව වසා දමා ඇත.

එහි සේවකයෝ සිය නේවාසිකාගාරවල රැඳී සිටින බව වාර්තා වේ.

සේවක අයිතිවාසිකම් සම්බන්ධයෙන් සොයා බලන ස්ටෑන්ඩප් මූවමන්ට් ලංකා සංවිධානයේ විධායක අධ්‍යක්ෂ අශිලා දන්දෙනිය පවසා ඇත්තේ මෙම ආයතනවල සේවකයන්ට නේවාසිකාගාරවලට යන ලෙස දන්වා ඇතත් ඔවුන් විධිමත් සෞඛ්‍ය පරීක්ෂණ ක්‍රියාවලියකට තවමත් යොමු කර නැති බවයි.

මෙම ආයතනවල සේවය කරන සේවකයන් සමග එකට නේවාසිකව සිටින වෙනත් ආයතනවල සේවක පිරිස් අදත් සේවයට වාර්තා කර ඇතැයි ද එය අවදානම් තත්ත්වයක් යැයි ද ඇය පවසයි.

නිදහස් වෙළඳ කලාප සහ පොදු සේවා සේවක සංගමයේ සම ලේකම් ඇන්ටන් මාකස් පවසා ඇත්තේ මෙම සේවක සේවිකාවන්ගේ සෞඛ්‍ය තත්ත්වය සම්බන්ධයෙන් පූර්ණ වගකීම අදාළ ආයතන ගත යුතු නමුත් ඔවුන් වගකීම් විරහිතව ක්‍රියා කරමින් සිටින බවය.",කොරෝනා ආසාදිතයන් ඇතැයි යන සැකය මත කටුනායක නිදහස් වෙළඳ කලාපයේ ඇඟලුම් කම්හල් තුනක් තාවකාලිකව වසා දමා ඇත. එහි සේවකයෝ සිය නේවාසිකාගාරවල රැඳී සිටින බව වාර්තා වේ. සේවක අයිතිවාසිකම් සම්බන්ධයෙන් සොයා බලන ස්ටෑන්ඩප් මූවමන්ට් ලංකා සංවිධානයේ විධායක අධ්‍යක්ෂ අශිලා දන්දෙනිය පවසා ඇත්තේ මෙම ආයතනවල සේවකයන්ට නේවාසිකාගාරවලට යන ලෙස දන්වා ඇතත් ඔවුන් විධිමත් සෞඛ්‍ය පරීක්ෂණ ක්‍රියාවලියකට තවමත් …,sin,lankaviews,Lanka Views,fake news,1a20a1dd-fd79-43c7-b708-c96024c2db93,article,MassiveSum
https://www.lankaviews.com/omalpe-sobhitha-demands-sanghadhikarana/,,රාමඤ්ඤ මහා නිකාය වෙනුවෙන් ඕමල්පේ සෝභිත හිමි සංඝාධිකරණ ඉල්ලයි!,,"Posted on 08.28.2018 by Chandana Sirimalwatte in දේශීය පුවත් with 0 Comments

සංඝාධිකරණයට බලය ඉල්ලා සිටිමේ සංදේශයක් ජනාධිපති මෛත්‍රිපාල සිරිසේන වෙත ලබාදීමට ශ්‍රී ලංකා රාමඤ්ඤ මහා නිකායේ භික්ෂුන් වහන්සේලා තීරණය කර තිබේ.

බෞද්ධාලෝක මාවතේ විපක්ෂනා භාවනා මධ්‍යස්ථානය ඉදිරිපිටින් මෙම පා ගමන ආරම්භකරන බව දක්ෂිණ ලංකාවේ ප්‍රධාන සංඝනායක පූජ්‍ය ඕමල්පේ සෝභිත හිමි සඳහන් කළේය. ස්වාමීන් වහන්සේලා 200 නමකගේ පමණ සහභාගිත්වයෙන් පාගමනික් ගොස් මෙම සංදේශය ජනාධිපතිවරයා වෙත භාරදීමට නියමිත බව ප්‍රකාශ කර තිබේ. මේ ආකාරයෙන් සංඝාධිකරණ ඉල්ලා සිටීමට ආසන්න හේතුව වන්නට ඇත්තේ ගලගොඩ අත්තේ ඥානසාර භික්ෂුව අධිකරණයට අපහාස කිරීමේ චෝදනාවට වරදකරු වී සිරගත කිරීමය. සංඝාධිකරණයකින් එවැනි දඩවම් වෙනුවට ලිහිල් විනය දණ්ඩන නියම කරන්නට හැකිය.

පසුගියදා කලා නිර්මාණ සම්බන්ධයෙන් වාරණ ඉල්ලා සිටියේද ඕමල්පේ සෝභිත හිමි විසිනි. එම ඉල්ලීම අනුව කිසිදු නිර්මාණකරුවකුට ආගමික සංස්ථාවන්ගෙ අනුමැතිය නැතිව තම නිර්මාණ කාර්ය කළ නොහැකිය. නූතන සමාජය විසින් ලබා දී ඇති නෛතික පද්ධතිය තුළ පුද්ගල ිදහස මෙන්ම සමාජමය අයිතිවාසිකම් යම් මට්ටමක තහවුරු කර ඇති නමුත් භික්ෂුන් යෝජනා කරන ක්‍රමය තුළ ඒ නිදහස අහිමි කළ රාජ යුගයට ආපසු ගමනක් යන්නට සිදුවනු ඇත.

භික්ෂුන් වහන්සේලා ඉල්ලා සිටින්නේ ආසියාතික රජ පරපුර සමග අභාවයට ගිය නෛතික ක්‍රමයක් නැවත කැදවිය යුතු බව නම්, සමස්ත සමාජයම පවතින රෝම ලන්දේසි ක්‍රමයේ පදනමින් ඉවත් විය යුතු බවය. ඒ නිසා එක්කො රෝම ලන්දේසි නීති ක්‍රමයට යටත් භික්ෂු සංස්ථාවක් පැවතිය යුතුය. නැතිනම් මුලු සමාජයම ආසියාතික පසුගාමී යුගයට පල්ලම් බැසිය යුතුව ඇත. භික්ෂු සංස්ථාවේ පවතින දූෂිත තත්වය පරාජය කරගන්නට අසමත් භික්ෂු නායකත්වයක් සංඝාධිකරණයකින් පමණක් දණ්ඩනයෙන් භික්ෂු විනය ඇතිකරන්නට යාම බුදුන් යෝජනා කළ ධර්ම විනය පද්ධතියටම පසුපස හැරවීමකි.",සංඝාධිකරණයට බලය ඉල්ලා සිටිමේ සංදේශයක් ජනාධිපති මෛත්‍රිපාල සිරිසේන වෙත ලබාදීමට ශ්‍රී ලංකා රාමඤ්ඤ මහා නිකායේ භික්ෂුන් වහන්සේලා තීරණය කර තිබේ. බෞද්ධාලෝක මාවතේ විපක්ෂනා භාවනා මධ්‍යස්ථානය ඉදිරිපිටින් මෙම පා ගමන ආරම්භකරන බව දක්ෂිණ ලංකාවේ ප්‍රධාන සංඝනායක පූජ්‍ය ඕමල්පේ සෝභිත හිමි සඳහන් කළේය. ස්වාමීන් වහන්සේලා 200 නමකගේ පමණ සහභාගිත්වයෙන් පාගමනික් ගොස් මෙම සංදේශය ජනාධිපතිවරයා වෙත භාරදීමට නියමිත …,sin,lankaviews,Lanka Views,fake news,7277dc04-4b04-4da5-9028-3d71a3a65034,article,MassiveSum
https://www.lankaviews.com/%e0%b6%a5%e0%b7%8f%e0%b6%b1%e0%b7%83%e0%b7%8f%e0%b6%bb-%e0%b7%84%e0%b7%92%e0%b6%b8%e0%b7%92%e0%b6%9c%e0%b7%9a-%e0%b6%a2%e0%b6%b1%e0%b7%8f%e0%b6%b0%e0%b7%92%e0%b6%b4%e0%b6%ad%e0%b7%92-%e0%b7%83/,,ඥානසාර හිමිගේ ජනාධිපති සමාව - පෙත්සම් සංශෝධනයට අවසර,,"Posted on 12.05.2019 by Chandana Sirimalwatte in දේශීය පුවත් with 0 Comments

ගලගොඩඅත්තේ ඥානසාර හිමිට එරෙහිව මාධ්‍යවේදී ප‍්‍රගීත් එක්නැළිගොඩගේ බිරිඳ ගොනු කළ පෙත්සම හා ඒ සම්බන්ධයෙන් විකල්ප ප‍්‍රතිපත්ති කේන්ද්‍රය ගොනු කළ පෙත්සම සංශෝධනය කිරීමට ශ්‍රේෂ්ඨාධිකරණය අද (05) පෙත්සම්කාර පාර්ශ්වයන්ට අවසර ලබා දුන්නේය.

අධිකරණයට අපහාස කිරීමේ චෝදනාව සම්බන්ධයෙන් වරදකරු වී සිරදඬුවම් ලැබ සිටි පූජ්‍ය ගලගොඩ අත්තේ ඥානසාර හිමිට හිටපු ජනාධිපති මෛත්‍රිපාල විසින් ජනාධිපති සමාව ලබා දීම බලරහිත කරන්නැයි ඉල්ලා ශ්‍රේෂ්ඨාධිකරණයට මෙම පෙත්සම් දෙක ඉදිරිපත් කරණ ලදී. ඒ අනුව මෙම පෙත්සම් දෙකෙහි වගඋත්තරකරුවෙකු ලෙස හිටපු ජනාධිපති මෛත‍්‍රීපාල සිරිසේන නම් කිරීමටද අධිකරණයේ අවසරය ලබා දෙන ලදී.

ඒ හිමියන්ට ජනාධිපති සමාව දීමෙන් මූලික අයිතිවාසිකම් කඩ වූ බව සන්ධ්‍යා එක්නැලිගොඩ විසින්ද එහිදී අධිකරණයේ ස්වාධීනත්වයට බලපෑම් එල්ල වී ඇති බව විකල්ප ප්‍රතිපත්ති කේන්ද්‍රයෙන්ද දක්වා සහන ඉල්ලන ලදී. එම ජනාධිපති සමාව තුළින් ආණ්ඩුක‍්‍රම ව්‍යවස්ථාව යටතේ සහතික කර ඇති මූලික අයිතීන් උල්ලංඝනව වී ඇති බවට තීන්දුවක් ලබා දෙන්නැයි ඉල්ලා විකල්ප ප‍්‍රතිපත්ති කේන්ද්‍රය සිය පෙත්සමෙන් ඉල්ලා තිබිණි.",ගලගොඩඅත්තේ ඥානසාර හිමිට එරෙහිව මාධ්‍යවේදී ප‍්‍රගීත් එක්නැළිගොඩගේ බිරිඳ ගොනු කළ පෙත්සම හා ඒ සම්බන්ධයෙන් විකල්ප ප‍්‍රතිපත්ති කේන්ද්‍රය ගොනු කළ පෙත්සම සංශෝධනය කිරීමට ශ්‍රේෂ්ඨාධිකරණය අද (05) පෙත්සම්කාර පාර්ශ්වයන්ට අවසර ලබා දුන්නේය. අධිකරණයට අපහාස කිරීමේ චෝදනාව සම්බන්ධයෙන් වරදකරු වී සිරදඬුවම් ලැබ සිටි පූජ්‍ය ගලගොඩ අත්තේ ඥානසාර හිමිට හිටපු ජනාධිපති මෛත්‍රිපාල විසින් ජනාධිපති සමාව ලබා දීම බලරහිත කරන්නැයි …,sin,lankaviews,Lanka Views,fake news,6e8eebdc-61e6-445f-bb0c-3346dd1fbacd,article,MassiveSum
https://www.lankaviews.com/%e0%b6%af%e0%b7%94%e0%b6%b8%e0%b7%8a%e0%b6%bb%e0%b7%92%e0%b6%ba-%e0%b7%83%e0%b7%9a%e0%b7%80%e0%b6%9a-%e0%b7%80%e0%b6%bb%e0%b7%8a%e0%b6%a2%e0%b6%b1%e0%b6%ba-%e0%b6%85%e0%b6%ad%e0%b7%8a%e0%b7%84/,,දුම්රිය සේවක වර්ජනය අත්හිටුවයි!,,"Posted on 03.05.2019 by Chandana Sirimalwatte in දේශීය පුවත් with 0 Comments

අද (5) මධ්‍යම රාත්‍රීයේ සිට ආරම්භ කිරිමට නියමිතව තිබු දුම්රිය රියදුරන්ගේ අඛණ්ඩ වැඩවර්ජනය අත්හිටුවීමට තීරණය කර තිබේ.

දුම්රිය රියදුරන් බඳවා ගැනීමේ පටිපාටිය උල්ලංඝණය කරමින් වයස අවුරුදු 45 ට වැඩි දුම්රිය සේවකයින් 12 දෙනෙකු දුම්රිය රියදුරන් ලෙස බඳවා ගැනීමට බලධාරීන් ගෙන තිබෙන තීරණයට විරෝධය දක්වා වර්ජනය ක්‍රියාත්මක කිරිමට නියමිතව තිබිණි. එහෙත් වැඩවර්ජනය හදිසියේ අවලංගු කර ඇත.",අද (5) මධ්‍යම රාත්‍රීයේ සිට ආරම්භ කිරිමට නියමිතව තිබු දුම්රිය රියදුරන්ගේ අඛණ්ඩ වැඩවර්ජනය අත්හිටුවීමට තීරණය කර තිබේ. දුම්රිය රියදුරන් බඳවා ගැනීමේ පටිපාටිය උල්ලංඝණය කරමින් වයස අවුරුදු 45 ට වැඩි දුම්රිය සේවකයින් 12 දෙනෙකු දුම්රිය රියදුරන් ලෙස බඳවා ගැනීමට බලධාරීන් ගෙන තිබෙන තීරණයට විරෝධය දක්වා වර්ජනය ක්‍රියාත්මක කිරිමට නියමිතව තිබිණි. එහෙත් වැඩවර්ජනය හදිසියේ අවලංගු කර ඇත.,sin,lankaviews,Lanka Views,fake news,85fa2438-02b8-46d6-92d5-29b20a0812aa,article,MassiveSum
https://www.lankaviews.com/%e0%b7%80%e0%b7%9c%e0%b7%82%e0%b7%92%e0%b6%82%e0%b6%a7%e0%b6%b1%e0%b7%8a-%e0%b6%9c%e0%b7%90%e0%b6%a7%e0%b7%94%e0%b6%b8%e0%b7%8a%e0%b7%80%e0%b6%bd%e0%b7%92%e0%b6%b1%e0%b7%8a-%e0%b6%b8%e0%b7%92%e0%b6%ba/,,වොෂිංටන් ගැටුම්වලින් මිය ගිය ගණන 04දක්වා ඉහළට,,"Posted on 01.07.2021 by Sithara Sajeewani in විදෙස් පුවත් with 0 Comments

අමෙරිකාවේ සෙනෙට් සභාව පිහිටි කැපිටල් හිල් ගොඩනැගිල්ලට පහර දීමේදී සිද්ධියෙන් පුද්ගලයින් 4ක් ජීවිතක්ෂයට පත්ව තිබේ. පුද්ගලයින් 52 දෙනෙකු අත්අඩංගුවට ගෙන තිබේ.

ඉන් 47 දෙනෙකු අත්අඩංගුවට ගෙන ඇත්තේ, ඇඳිරි නීතිය උල්ලංඝණය කිරීමට අදාළවයි.

විරෝධතාකරුවන්ගේ ප්‍රහාර හමුවේ පොලිස් නිලධාරීන් 14 දෙනෙකු ද තුවාල ලබා ඇතැයි, විදෙස් මාධ්‍ය වාර්තා කර තිබේ.

අමෙරිකානු සෙනට් මණ්ඩලයේ පාලනය තීරණය කරන ජෝර්ජියා ප්‍රාන්ත මැතිවරණයේ ප්‍රතිඵල නිකුත් වීමත් සමග අමෙරිකානු සෙනට් මණ්ඩලයේ පූර්ණ බලය හිමිකර ගැනීම සඳහා ජනාධිපති ධූරයට තේරී පත් වී සිටින ජෝ බයිඩ්න්ගේ ඩිමොක්‍රටික් පක්ෂයට හැකි විය.

ඉන් කුපිතවූ ට්‍රම්ප් හිතවාදීන් කැපිටල්හිල් ගොඩනැගිල්ල ආක්‍රමණය කර තිබූ අයුරු විදෙස් මාධ්‍ය වාර්තා කර ඇත. පසුගිය අමෙරිකානු ජනාධිපතිවරණයෙන් ඩොන්ල්ඩ් ට්‍රම්ප් පරායට වුවද රිපබ්ලිකන් පාක්ෂිකයින් එය පිළිනොගන්නා බව මෙම ප්‍රචණ්ඩකාරී ක්‍රියා තුළින් පෙනියමින් තිබේ.

ට්‍රම්ප් ඇතුළු පාර්ශව ගණනාවක් ඩිමොක්‍රටික් පාක්ෂික ජෝ බයිඩ්න්ගේ ජයග්‍රහණය වංචනික අන්දමින් ලබා ගත් බවට චෝදනා නැගුව ද මේ වනතුරුත් එවන් කිසිදු චෝදනාවක් ඔප්පු කිරීමට සමත් ව නැත.","අමෙරිකාවේ සෙනෙට් සභාව පිහිටි කැපිටල් හිල් ගොඩනැගිල්ලට පහර දීමේදී සිද්ධියෙන් පුද්ගලයින් 4ක් ජීවිතක්ෂයට පත්ව තිබේ. පුද්ගලයින් 52 දෙනෙකු අත්අඩංගුවට ගෙන තිබේ. ඉන් 47 දෙනෙකු අත්අඩංගුවට ගෙන ඇත්තේ, ඇඳිරි නීතිය උල්ලංඝණය කිරීමට අදාළවයි. විරෝධතාකරුවන්ගේ ප්‍රහාර හමුවේ පොලිස් නිලධාරීන් 14 දෙනෙකු ද තුවාල ලබා ඇතැයි, විදෙස් මාධ්‍ය වාර්තා කර තිබේ. අමෙරිකානු සෙනට් මණ්ඩලයේ පාලනය තීරණය කරන ජෝර්ජියා …",sin,lankaviews,Lanka Views,fake news,19d3be1c-cd5b-49f0-904c-4c811b58919b,article,MassiveSum
https://www.lankaviews.com/%e0%b6%bb%e0%b6%b1%e0%b7%92%e0%b6%bd%e0%b7%8a%e0%b6%9c%e0%b7%9a-%e0%b6%86%e0%b6%bb%e0%b6%9a%e0%b7%8a%e0%b7%82%e0%b7%8f%e0%b7%80-10-%e0%b6%af%e0%b6%9a%e0%b7%8a%e0%b7%80%e0%b7%8f-%e0%b6%b4%e0%b7%84/,,රනිල්ගේ ආරක්ෂාව 10 දක්වා පහතට !,,"Posted on 10.29.2018 by Sithara Sajeewani in දේශීය පුවත් with 0 Comments

රනිල් වික්‍රමසිංහගේ ආරක්ෂාව සඳහා යොදවා සිටි නිලධාරීන් සංඛ්‍යාව 10 දක්වා අඩු කර තිබේ. පොලිස්පතිවරයා විසින් අග්‍රාමාත්‍ය ආරක්ෂක දිසාව බාර නියෝජ්‍ය පොලිස්පතිවරයාට ලිපියක් යොමුකරමින් එම නියෝගය ලබා දී ඇත.

එම ලිපියේ ද සඳහන්ව ඇත්තේ මහින්ද රාජපක්ෂ අග්‍රාමත්‍යවරයා වශයෙන් පත් කර ඇති බවත්, ඒ අනුව හිටපු අග්‍රාමාත්‍යවරයා වශයෙන් රනිල් වික්‍රමසිංහගේ ආරක්ෂාව සඳහා අග්‍රාමාත්‍ය ආරක්ෂක කොට්ඨාශසයට හා විශේෂ කාර්ය බලකායට අනුයුක්තව යොදවා සිටි අතිරික්ත නිලධාරීන් කණ්ඩායම ඉවත් කිරීමට කටයුත කරන බවත් ය.

ඒ අනුව රනිල් වික්‍රමසිංහ ආරක්ෂාවට නිලධාරීන් 10 ක් පමණක් යොදවන ලෙසත් එම නිවේදනයේ දක්වා තිබේ.","රනිල් වික්‍රමසිංහගේ ආරක්ෂාව සඳහා යොදවා සිටි නිලධාරීන් සංඛ්‍යාව 10 දක්වා අඩු කර තිබේ. පොලිස්පතිවරයා විසින් අග්‍රාමාත්‍ය ආරක්ෂක දිසාව බාර නියෝජ්‍ය පොලිස්පතිවරයාට ලිපියක් යොමුකරමින් එම නියෝගය ලබා දී ඇත. එම ලිපියේ ද සඳහන්ව ඇත්තේ මහින්ද රාජපක්ෂ අග්‍රාමත්‍යවරයා වශයෙන් පත් කර ඇති බවත්, ඒ අනුව හිටපු අග්‍රාමාත්‍යවරයා වශයෙන් රනිල් වික්‍රමසිංහගේ ආරක්ෂාව සඳහා අග්‍රාමාත්‍ය ආරක්ෂක කොට්ඨාශසයට හා විශේෂ …",sin,lankaviews,Lanka Views,fake news,e9bcadce-64ed-4aa2-a7eb-b76df971f80d,article,MassiveSum
https://www.lankaviews.com/%e0%b7%84%e0%b7%92%e0%b6%bb%e0%b7%94%e0%b6%ab%e0%b7%92%e0%b6%9a%e0%b7%8f%e0%b6%9c%e0%b7%9a-%e0%b6%86%e0%b6%b0%e0%b7%8f%e0%b6%bb%e0%b6%9a%e0%b6%bb%e0%b7%94%e0%b7%80%e0%b6%b1%e0%b7%8a-%e0%b6%a2%e0%b6%b1/,,හිරුණිකාගේ ආධාරකරුවන් ජනවාරි 04 දක්වා රිමාන්ඩ්,,Posted on 12.23.2015 by Nishshanka in දේශීය පුවත් with 0 Comments,හිරුණිකා ප්‍රේමචන්ද්‍ර මන්ත්‍රීවරියට අයත් ඩිෆෙන්ඩර් රථයෙන් ගොස් දෙමටගොඩ ගුවන් පාලම අසල තරුණ රෙදි වෙළන්දකු පැහැරගත් බව කියන සිද්ධිය සම්බන්ධයෙන් ඇගේ සේවකයින් ඇතුළු ආධාරකරුවෝ 6 දෙනෙක් අද කොළඹ අතිරේක මහේස්ත්‍රාත් ප්‍රියන්ත ලියනගේ විසින් ලබන මස හතර වැනිදා දක්වා රිමාන්ඩ් කර ඇත. මෙම සිද්ධියට සම්බන්ධ බවට සැකකරන හයදෙනා හඳුනා ගැනීමේ පෙරට්ටුවකට ඉදිරිපත් කිරීමටද නියමිත බව වාර්තාවේ. එම …,sin,lankaviews,Lanka Views,fake news,ef8646c4-c875-4645-a2d2-bae2c5ca2afb,article,MassiveSum
https://ceylondaily.com/%e0%b6%bb%e0%b7%9d%e0%b6%ba%e0%b6%bd%e0%b7%8a-%e0%b6%b4%e0%b7%8f%e0%b6%bb%e0%b7%8a%e0%b6%9a%e0%b7%8a-%e0%b6%9d%e0%b7%8f%e0%b6%ad%e0%b6%b1%e0%b6%ba%e0%b7%9a-%e0%b7%80%e0%b6%bb%e0%b6%af%e0%b6%9a/,,රෝයල් පාර්ක් ඝාතනයේ වරදකරුට ජනපති සමාව,,"Like Love Haha Wow Sad Angry

රෝයල් පාර්ක් සුපිරි නිවාස සංකීර්ණයේදී 2005 වර්ෂයේදී 19 හැවිරිදි තරුණියක් ඝාතනය කිරීමේ සිද්ධිය සම්බන්ධයෙන් වැරදිකරු වී මරණීය දණ්ඩනය නියම වූ ජූඩ් ඇන්තනි ජයමහ නැමත්තාට ජනාධිපති සමාව හිමිව තිබේ.

ඔහු කුරුවිට බන්ධනාගාරයේ රඳවා සිටි අතර ජනාධිපති සමාව ලැබීමෙන් අනතුරුව ඔහු බන්ධනාගාරයෙන් පිටව ගොස් තිබේ.

මෙම ඝාතනය සම්බන්ධයෙන් ඔහුට කොළඹ මහාධිකරණය විසින් මරණ දඬුවම නියම කරනු ලැබුවේ 2012 වර්ෂයේදීයි.

Like Love Haha Wow Sad Angry",රෝයල් පාර්ක් සුපිරි නිවාස සංකීර්ණයේදී 2005 වර්ෂයේදී 19 හැවිරිදි තරුණියක් ඝාතනය කිරීමේ සිද්ධිය සම්බන්ධයෙන් වැරදිකරු වී මරණීය දණ්ඩනය නියම වූ ජූඩ් ඇන්තනි ජයමහ නැමත්තාට ජනාධිපති සමාව හිමිව තිබේ. ඔහු කුරුවිට බන්ධනාගාරයේ රඳවා සිටි අතර ජනාධිපති සමාව ලැබීමෙන් අනතුරුව ඔහු බන්ධනාගාරයෙන් පිටව ගොස් තිබේ. මෙම ඝාතනය සම්බන්ධයෙන් ඔහුට කොළඹ මහාධිකරණය විසින් මරණ දඬුවම නියම කරනු ලැබුවේ …,sin,ceylondaily,Ceylon Daily,fake news,eeb5a0ee-7382-4ca6-a9d2-8c99e36736a9,article,MassiveSum
https://www.lankaviews.com/%e0%b6%86%e0%b6%ab%e0%b7%8a%e0%b6%a9%e0%b7%94%e0%b7%80%e0%b7%9a-%e0%b6%85%e0%b6%ad%e0%b7%94%e0%b7%85%e0%b6%ad-%e0%b6%9c%e0%b7%92%e0%b6%b1%e0%b7%8a%e0%b6%b1%e0%b6%a7-%e0%b6%b4%e0%b7%92%e0%b6%af/,,ආණ්ඩුවේ අතුළත ගින්නට පිදුරු දමන කල්ලියක් - වීරවංශගේ අමැතිධුරය ගැන පුවතක්,,"Posted on 02.11.2021 by Chandana Sirimalwatte in දේශීය පුවත් with 0 Comments

මේ වනවිට ආණ්ඩුවේ අභ්‍යන්තර බල අරගලය තවදුරටත් අනාවරණය කරමින් විමල් වීරවංශගේ කර්මාන්ත ඇමති ධූරය සම්බන්ධ ප්‍රවෘත්තියක් ‘ලංකා සී නිව්ස්’ වෙබ් අඩවියේ පළකර ඇත.

එහි පළ කර ඇති පුවතට අනුව, පොදුජන පෙරමුණේ නායකත්වය සම්බන්ධව පළකර ඇති ආන්දෝලනාත්මක ප්‍රකාශය හේතුවෙන්, ජාතික නිදහස් පෙරමුණේ නායක විමල් වීරවංශ ඇමති ධුරයෙන් ඉවත් කළ යුතු බවට යෝජනාවක් ඉදිරිපත්ව තිබේ.

කර්මාන්ත ඇමතිවරයා විසින් පෙබරවාරි 7 ඉරිදා ලංකාදීප පුවත්පතට සිදු කර ඇති ප‍්‍රකාශය සම්බන්ධව සමාව ඉල්ලා නොසිටින්නේ නම් මෙම පියවර ගත යුතු බවට පොදුජන පෙරමුණේ පසුපෙළ මන්ත‍්‍රී පිරිසක් යෝජනා කරන බව ඒම පුවතේ වැඩිදුරටත් සටහන්කර ඇත.

එම මන්ත්‍රීවරු මාධ්‍ය සාකච්ඡාවක් පවත්වමින් අදහස් පළකර තිබුණේ වීරවංශ ඇමතිවරයා ප්‍රසිද්ධියේ (එහි සඳහන් ආකාරයට ‘ජාතිය හමුවේ’) සමාව ඉල්ලා නොසිටිය හොත් ඇමති ධුරයෙන් හා පොදුජන පෙරමුණේ හවුල්කාරීත්වයෙන් ඉවත් කළ යුතු බවය.

කෙසේවෙතත් විමල් වීරවංශ මෙවැනි ප්‍රකාශයක් සිදුකර ඇත්තේ දේශපාලන බල අරගලය තුළ සිය තීරණාත්මක හැරවුමක් සලකුණු කරන්නට බව දේශපාලන නිරීක්ෂකයන් අදහස් පළකර ඇත. 2015 මැතිවරණ පරාජයෙන් පසුව මැදමුලන කරා ගිය මහින්ද රාජපක්ෂ නැවත බලයට පත් කිරීමේ පියවර තුළ වීරවංශ කළ කාර්යභාරය සම්බන්ධව කෘතඥතාවක් මහින්ද රාජපක්ෂ හෝ ඔහුගේ සමීපතමයන් වෙත නැති බවට වීරවංශට ඇතැම් අය පෙන්වා දී ඇත. ඒ පසුබිම තුළ ගෝඨාභය රාජපක්ෂගේ පැත්තට හැරීමෙන් වාසිදායක තත්වයක් අත්පත් කරගැනීම ඔහුගේ අරමුණ බව පෙන්වා දෙන දේශපාලන නිරීක්ෂකයෝ ගෝඨාභය රාජපක්ෂ ජනාධිපති අපේක්ෂකත්වයට ගෙන ඒමට ක්‍රියාත්මක වූ සුලු පිරිසක් අතර විමල්ද ඉදිරියෙන් සිටින බව සිහිපත් කරයි.","මේ වනවිට ආණ්ඩුවේ අභ්‍යන්තර බල අරගලය තවදුරටත් අනාවරණය කරමින් විමල් වීරවංශගේ කර්මාන්ත ඇමති ධූරය සම්බන්ධ ප්‍රවෘත්තියක් ‘ලංකා සී නිව්ස්’ වෙබ් අඩවියේ පළකර ඇත. එහි පළ කර ඇති පුවතට අනුව, පොදුජන පෙරමුණේ නායකත්වය සම්බන්ධව පළකර ඇති ආන්දෝලනාත්මක ප්‍රකාශය හේතුවෙන්, ජාතික නිදහස් පෙරමුණේ නායක විමල් වීරවංශ ඇමති ධුරයෙන් ඉවත් කළ යුතු බවට යෝජනාවක් ඉදිරිපත්ව තිබේ. කර්මාන්ත ඇමතිවරයා විසින් …",sin,lankaviews,Lanka Views,fake news,13312c84-1261-43b7-8c31-651377a69010,article,MassiveSum
https://www.lankaviews.com/ranil-says-no-military-agreements/,,කිසිදු රටක් සමග යුද සන්ධානයක් නෑ - ACSA ගිවිසුම ගැන රනිල් නොකියා කියයි !,,"Posted on 08.31.2017 by Chandana Sirimalwatte in දේශීය පුවත් with 0 Comments

ජනාධිපති මෛත්‍රිපාල සිරිසේනගේ නායකත්වයෙන් යුත් වත්මන් ආණ්ඩුව කිසිදු අවස්ථාවකදී විදෙස් හමුදාවක් සමඟ ගිවිසුම් හෝ සන්ධානගත වී නැති බව අගමැති රනිල් වික්‍රමසිංහ පවසයි. ඒය එසේ වුවද මිත්‍ර රටවල් සමඟ හමුදා පුහුණු වැඩසටහන් හා ඒකාබද්ධ යුද අභ්‍යාසවල යෙදෙන්නට ඒය බාධාවක් වී නොමැති බවද අද (31) අරලියගහ මන්දිරයේ පැවැති දෙවැනි ඉන්දීය සාගර සමුළුවේ ආරම්භක සැසිය අමතමින් අගමැති වික්‍රමසිංහ කීවේය.කිසිදු විදෙස් හමුදා කඳවුරක් රටේ ස්ථාපිත නොකරන බව කී ඔහු මෙරට වරාය සහ ගුවන් තොටුපොළ ආරක්ෂාව බාරව කටයුතු කරන්නේ ලංකාවේ ත්‍රිවිධ හමුදාව බව ද අවධාරණය කළේය. ඒසේ වුවද ඉදිරියේදී යම් රටවල් සමග ගිවිසුම් අත්සන් කරන්නේ නැති බවක් අගමැතිවරයා කිසිදු විට ප්‍රකාශකර නැත. කෙසේවුවද ඉන්දිය බුද්ධි කේන්ද්‍රයක් විසින් සංවිධානය කරන මෙම ඉන්දිය සාගර සමුළුව හෙට දිනයේ අැමතීමට නියමිතව අැත්තේ ඒක්සත් ජනපද රාජය දෙපාර්තමේන්තුවේ ඇලිස් වෙල්ස් නමැති කලාපීය රාජ්‍යතාන්ත්‍රික නියෝජිතවරියයි. ඔහු මෙම ප්‍රකාශය සිදුකළේ 2007දී මහින්ද රාජපක්ෂ අාන්ඩුව විසින් ඒක්සත් ජනපදය සමග අත්සන් කළ ACSA යුද සහයෝගිතා ගිවිසුම දීර්ඝ කිරීමේ අපේක්ෂාව ගැන ඔහුම පාර්ලිමේන්තුවට ප්‍රකාශයක් සිදුකර තිබියදීය. වත්මන් අාණ්ඩුව යටතේ ඒම ගිවිසුම අත්සන් කරන්නට සූදානම් වන්නේ කාලසීමාවක් ද නොමැතිවය. මේ වනවිට ඒක්සත් ජනපදය චීනය හා උතුරු කොරියාව සමග විවිධ මට්ටමේ ප්‍රතිවිරෝධතා අැතිව සිටින නිසා යුද උපායමාර්ගික පහසුකම් පිනිස ෙමම ACSA ගිවිසුම අත්සන් කිරීම යනු ඒක්සත් ජනපදයට වඩාත් බරපතළ කලාපීය උපායමාර්ගික අවශ්‍යතාවක් සපුරාගැනීමක් බව කලාපීය භූ දේශපාලනික විශ්ලේෂකයෝ පෙන්වා දෙති.",ජනාධිපති මෛත්‍රිපාල සිරිසේනගේ නායකත්වයෙන් යුත් වත්මන් ආණ්ඩුව කිසිදු අවස්ථාවකදී විදෙස් හමුදාවක් සමඟ ගිවිසුම් හෝ සන්ධානගත වී නැති බව අගමැති රනිල් වික්‍රමසිංහ පවසයි. ඒය එසේ වුවද මිත්‍ර රටවල් සමඟ හමුදා පුහුණු වැඩසටහන් හා ඒකාබද්ධ යුද අභ්‍යාසවල යෙදෙන්නට ඒය බාධාවක් වී නොමැති බවද අද (31) අරලියගහ මන්දිරයේ පැවැති දෙවැනි ඉන්දීය සාගර සමුළුවේ ආරම්භක සැසිය අමතමින් අගමැති වික්‍රමසිංහ …,sin,lankaviews,Lanka Views,fake news,077203a8-cd11-46bf-89b3-6a2f6534a6e6,article,MassiveSum
https://ceylondaily.com/%e0%b6%9a%e0%b7%9c%e0%b7%85%e0%b6%b9-%e0%b6%9a%e0%b7%94%e0%b6%ab%e0%b7%94-%e0%b6%af%e0%b7%94%e0%b6%b8%e0%b7%8a%e0%b6%bb%e0%b7%92%e0%b6%ba%e0%b7%99%e0%b6%b1%e0%b7%8a-%e0%b6%85%e0%b6%bb%e0%b7%94/,,කොළඹ කුණු දුම්රියෙන් අරුවක්කාලුවට,,"Like Love Haha Wow Sad Angry

කොළඹ කුණු දුම්රියෙන් අරුවක්කාලූ සනීපාරකෂක කසළ අංගනය වෙත රැගෙන යාමේ නියමු ව්‍යාපෘතියක් සෙනසුරාදා (24) සිදුකරන බව දුම්රිය සාමාන්‍යාධිකාරී ඩිලන්ත ප‍්‍රනාන්දු මහතා පැවසීය.

කුණු පැටවූ ලොරි රථ දෙකක් කොළඹ දුම්රිය අංගනයෙන් දුම්රියේ පටවාගෙන යමින් එම ව්‍යාපෘතිය අත්හදා බලන බවත් පැවසූ ඒ මහතා එම ක‍්‍රමවේදය සාර්ථක වේ නම් කුණු ලොරි දුම්රියෙන් අරුවක්කාලූ දක්වා ගෙනයාමට කටයුතු කරන බවත් සඳහන් කළේය.

ප‍්‍රවාහන හා සිවිල් ගුවන් සේවා අමාත්‍ය අර්ජුන රණතුංග මහතාගේ ප‍්‍රධානත්වයෙන් කොළඹ අරලියගහ මන්දිරයේ දී අද (19) පැවති මාධ්‍ය හමුවකදී ඔහු මේ බව පැවැසීය.

කොළඹ නගරයේ එක්වන කැළි කසළ අරුවක්කාලූ සනීපාරකෂක කසළ අංගනය වෙත රැගෙන යාම මේ වනවිට ලොරි රථ මගින් සිදුකරන අතර ඒ සඳහා විශාල වියදමක් දැරීමට සිදුවේ.

මේ හේතුවෙන් කොළඹ කුණු දුම්රියෙන් අරුවක්කාලූ සනීපාරකෂක කසළ අංගනය වෙත රැගෙන යාම නියමු වයාපෘතියක් ලෙස ආරම්භ කරන බවත් පැවසූ දුම්රිය සාමාන්‍යාධිකාරීවරයා එය සාර්ථක වුවහොත් කැළණිය කසළ හුවමාරු මධ්‍යස්ථානයේ ඉදිකිරීම් කටයුතු අවසන් වන තෙක් දුම්රියෙන් කුණු ප‍්‍රවාහනය කිරීම සිදුකරන බවත් කීවේය.

කැළණිය කසළ හුවමාරු මධ්‍යස්ථානයේ කටයුතු ලබන මාර්තු මාසයේදී අවසන් කිරීමට කටයුතු කරන බව මහානගර හා බස්නාහිර සංවර්ධන අමාත්‍යාංශය සඳහන් කරයි.

එම ව්‍යාපෘතිය යටතේ කොළඹ ඇතුළු තදාසන්න ප‍්‍රදේශවලින් එකතුවන කැළිකසළ මෙටි‍්‍රක් ටොන් 1200ක් කැළණිය කසළ හුවමාරු මධ්‍යස්ථානය වෙත රැගෙන ඒමෙන් පසු එම කසළ අධික පීඩනයකට ලක්කර දුම්රිය මාර්ගය ඔස්සේ අරුවක්කාලූ වෙත ප‍්‍රවාහනය කිරීමට සැලසුම් කර තිබේ.

Like Love Haha Wow Sad Angry",කොළඹ කුණු දුම්රියෙන් අරුවක්කාලූ සනීපාරකෂක කසළ අංගනය වෙත රැගෙන යාමේ නියමු ව්‍යාපෘතියක් සෙනසුරාදා (24) සිදුකරන බව දුම්රිය සාමාන්‍යාධිකාරී ඩිලන්ත ප‍්‍රනාන්දු මහතා පැවසීය. කුණු පැටවූ ලොරි රථ දෙකක් කොළඹ දුම්රිය අංගනයෙන් දුම්රියේ පටවාගෙන යමින් එම ව්‍යාපෘතිය අත්හදා බලන බවත් පැවසූ ඒ මහතා එම ක‍්‍රමවේදය සාර්ථක වේ නම්  කුණු ලොරි  දුම්රියෙන් අරුවක්කාලූ දක්වා ගෙනයාමට කටයුතු කරන බවත් …,sin,ceylondaily,Ceylon Daily,fake news,d639a82f-969a-4583-98c1-0c30b4f4aef9,article,MassiveSum
https://www.lankaviews.com/cid-grills-mahinda-rajapaksha/,,අපරාධ පරීක්ෂණ දෙපාර්තමේන්තු නිලධාරීන් මහින්ද රාජපක්ෂගෙන් ප‍්‍රශ්ණ කරයි!,,"Posted on 08.17.2018 by Chandana Sirimalwatte in දේශීය පුවත් with 0 Comments

මාධ්‍යවේදී කීත් නොයාර් පැහැරගෙන ගොස් වද හිංසා පැමිණවීම සම්බන්ධව ප්‍රකාශයක් සටහන් කර ගැනීම සඳහා අපරාධ පරීක්ෂණ දෙපාර්තමේන්තුවෙන් නිලධාරීන් අද (17) හිටපු ජනපති මහින්ද රාජපක්ෂගේ නිල නිවසට පැමිණ පැය 3ක් පමණ ප‍්‍රශ්ණ කර ඇත.

නිවසට පැමිණ නිලධාරින් 6 දෙනකු පමණ මහින්ද රාජපක්ෂගේ නිවසට පැමිණි අවස්ථාවේ හිටපු ජනාධිපතිවරයා සිටියේ නිවසින් බැහැරවය. පෙරවරු 11.30 ට හිටපු ජනපතිවරයා නිවසට පැමිණියේය. පැය 3කට ආසන්න කාලයක් හිටපු ජනාධිපති මහින්ද රාජපක්ෂගේ ප්‍රකාශ සටහන් කරගත් අතර එම පැය 3 ඇතුලත මහින්ද රාජපක්ෂ අවස්ථා ගනනාවකදී වැසිකිලියට යාමට අවශ්‍ය බව පවසා එම ස්ථානයෙන් ඉවත්ව ඇති බව වාර්තා වේ. හිටපු ජනාධිපතිවරයා එසේ නිලධාරින් වෙතින් ඉවත්ව සිය ජංගම දුරකථනයෙන් කිසියම් බාහිර පුද්ගලයන් අමතා නිලධාරින් අසන ප‍්‍රශ්නවලට පිළිතුරු සැපයීම සදහා උපදෙස් ලබාගත් බවට සැකයක් ඇතිව තිබේ.",මාධ්‍යවේදී කීත් නොයාර් පැහැරගෙන ගොස් වද හිංසා පැමිණවීම සම්බන්ධව ප්‍රකාශයක් සටහන් කර ගැනීම සඳහා අපරාධ පරීක්ෂණ දෙපාර්තමේන්තුවෙන් නිලධාරීන් අද (17) හිටපු ජනපති මහින්ද රාජපක්ෂගේ නිල නිවසට පැමිණ පැය 3ක් පමණ ප‍්‍රශ්ණ කර ඇත. නිවසට පැමිණ නිලධාරින් 6 දෙනකු පමණ මහින්ද රාජපක්ෂගේ නිවසට පැමිණි අවස්ථාවේ හිටපු ජනාධිපතිවරයා සිටියේ නිවසින් බැහැරවය. පෙරවරු 11.30 ට හිටපු ජනපතිවරයා නිවසට …,sin,lankaviews,Lanka Views,fake news,6a3859da-ddce-4f64-8d9f-4abae62f1aa9,article,MassiveSum
https://www.lankaviews.com/%e0%b6%b8%e0%b7%96%e0%b6%bd%e0%b7%8a%e2%80%8d%e0%b6%ba-%e0%b6%bb%e0%b7%99%e0%b6%9c%e0%b7%94%e0%b6%bd%e0%b7%8f%e0%b7%83%e0%b7%92-%e0%b6%bd%e0%b7%92%e0%b7%84%e0%b7%92%e0%b6%bd%e0%b7%8a-%e0%b6%9a/,,මූල්‍ය රෙගුලාසි ලිහිල් කරනවා - රවී,,Posted on 10.24.2015 by Nishshanka in දේශීය පුවත් with 0 Comments,විදේශ වලින් ලංකාවට මුදල් එවීමට අදාලව පනවා තිබෙන රෙගුලාසි තවදුරටත් ලිහිල් කරන බව මුදල් ඇමති රවී කරුණානායක ඔක්තෝබර් 21වැනිදා පාර්ලිමේන්තුවේදී පැවසීය. ඔහු පැවසුවේ මින් ඉදිරියට සීමාවකින් තොරව විදේශ මුදල් ලංකාවට එවිය හැකි ලෙස රෙගුලාසි ලිහිල් කරන බවයි. ඇතැම් රෙගුලාසි සංවර්ධනයට බාධාවක් බවද ඒවා නිසා නවීන ලෝකය සමග ගනුදෙනු කිරීමේ අවස්තාව ඇහිරී ඇති බවද ඇමතිවරයා පැවසීය. …,sin,lankaviews,Lanka Views,fake news,d1b2b989-f676-4261-b3fb-d6d9f10ec53e,article,MassiveSum
https://www.lankaviews.com/%e0%b6%b8%e0%b7%8f%e0%b6%b1%e0%b7%80-%e0%b7%84%e0%b7%92%e0%b6%b8%e0%b7%92%e0%b6%9a%e0%b6%b8%e0%b7%8a-%e0%b6%9a%e0%b7%9c%e0%b6%b8%e0%b7%92%e0%b7%83%e0%b6%b8-%e0%b6%bb%e0%b7%90%e0%b7%83%e0%b7%8a/,,මානව හිමිකම් කොමිසම රැස්වේ,,Posted on 06.13.2016 by Awantha Idamegama in දේශීය පුවත් with 0 Comments,එක්සත් ජාතීන්ගේ මානව හිමිකම් කොමිසමේ 32වන සැසිවාරය අද ස්විට්සර්ලන්තයේ ජිනීවා නුවරදී ආරම්භ වේ. එය අවසන් වීමට නියමිතව ඇත්තේ ජුලි 10වැනිදාය. නව සැසිවාරය ජගත් මානව හිමිකම් කොමසාරිස් සෙයිඩ් රාද් අල් හුසේන් කුමරාගේ ප්‍රධානත්වයෙන් පැවැත්වෙන අතර එහිදී ශ්‍රී ලංකාව සම්බන්ධයෙන් විශේෂ වාර්තාවක් එලි දැක්වීමට නියමිතය.,sin,lankaviews,Lanka Views,fake news,abc3706a-5d0c-462d-a6a9-2e8e481ba10e,article,MassiveSum
https://www.lankaviews.com/%e0%b6%a2-%e0%b7%80%e0%b7%92-%e0%b6%b4%e0%b7%99-%e0%b7%80%e0%b7%93%e0%b6%af%e0%b7%92-%e0%b6%b4%e0%b7%92%e0%b6%bb%e0%b7%99%e0%b6%b1-%e0%b6%b4%e0%b7%8f%e0%b6%af-%e0%b7%83%e0%b6%a7%e0%b6%b1-%e0%b6%85/,,ජ.වි.පෙ. වීදි පිරෙන පාද සටන අරඹයි!,,"Posted on 07.07.2019 by Chandana Sirimalwatte in දේශීය පුවත් with 0 Comments

2015 සිය සහයෝගයෙන් බිහිකළ එක්සත් ජාතික පක්ෂ ආණ්ඩුව පරාජය කිරීමට ජනතාවට එක්වන ලෙස ඉල්ලමින් ජනතා විමුක්ති පෙරමුණ අද(7) ‘වීදි පිරෙන පාද සටන‘ අද පෙරවරුවේ කලුතරදී ආරම්භ කරණ ලදී.

2015 ජනාධිපතිවරණයේදී මහින්ද රාජපක්ෂ ආණ්ඩුවෙන් ඉවත්ව එ.ජා.ප. සමග එක්ව තරග කළ මෛත්‍රිපාල සිරිසේන ජයග්‍රහණය කරවීමට විශාල මැතිවරණ සහයෝගයක් ලබා දෙමින් සිය අපේක්ෂකයකු පවා ඉදිරිපත් නොකර රටපුරා ගෙයින් ගටෙ යමින්, පත්‍රිකා බෙදමින්, පෝස්ටර් ඇතුලු ප්‍රචාරක උපක්‍රම භාවිත කරමින් සහ දිවයින පුරා ප්‍රසිද්ධ ජනහමු හා නගරවල රැස්වීම් උපයෝගි කරගෙන ජ.වි.පෙ. මහින්ද රාජපක්ෂගේ දුර්දාන්ත ආණ්ඩුව විවචෙනය කරමින් විකල්පය ලෙස මෛත්‍රිපාල සිරිසේන ජනාධිපති කරවන්නට කටයුතු කළේය.

ඉන්පසුව 2015 රනිල්-මෛත්‍රි ආණ්ඩුවේ දින 100 වැඩ සටහනේ ප්‍රධාන වගකීම් උසුලමින් ජවිපෙ නායකයන් කටයුතු කළ අතර 19 වැනි ආණ්ඩු ක්‍රම ව්‍යවස්ථා සංශෝධනය ජයග්‍රහණය කරවීමටද විශාල ප්‍රචාරක හා උද්ඝෝෂන ව්‍යාපාරයක් ගෙන ගියේය. 19 වැනි සංශෝධනය පාර්ලිමේන්තු බහුතරයෙන් සම්මත කළ පසුව ඊට ස්තුතිය පළ කරමින් සිය වියදමින් රටපුරා පෝස්ටර් ව්‍යාපාරයක් ගෙන යන්නට තරම් ජ.වි.පෙ. නිර්ලෝභී විය.

2018 ඔක්තෝබර් 26 වැනිදා තමන් විසින් බලයට පත් කළ මෛත්‍රිපාල ජනාධිපතිවරයා කුමන්ත්‍රනකාරි ලෙස මහින්ද රාජපක්ෂ අගමැති ධුරයට නම් කළ පසුව දෛවයේ සරදමක් ලෙස ඊට එරෙහිව එ.ජා.ප. නායක රනිල්ගේ අගමැති ධුරය බේරාදීම සිය ප්‍රජාතන්ත්‍රවාදී වගකීම ලෙස කාර්යක්ෂම ලෙස කටයුතු කළේද ජ.වි.පෙ. විසිනි.

එහෙත් මේ වනවිට ජනාධිපති මෛත්‍රිපාල සිරිසේන සහ එ.ජා.ප. ආණ්ඩුව ජනතාව විසින් ප්‍රතික්ෂේප කරන පසුබිමක් ඇතිව තිබෙන බැවින් ආණ්ඩුව ගෙදර යවමු වැනි සටන් පාඨ ගෙන ජ.වි.පෙ. නැවත වීදියට පැමිණි සිටී.

මෙම විරෝධතා පා ගමන අද සවස මොරටුවේ රැලියකින් අවසන් විය. හෙට නැවත නුගේගොඩ දක්වා පාගමනින් පැමිණ විරෝධතා රැලියකින් මෙම වීදි සටන අවසන් කරන්නට ජ.වි.පෙ. සැලසුම්කර ඇත.",2015 සිය සහයෝගයෙන් බිහිකළ එක්සත් ජාතික පක්ෂ ආණ්ඩුව පරාජය කිරීමට ජනතාවට එක්වන ලෙස ඉල්ලමින් ජනතා විමුක්ති පෙරමුණ අද(7) ‘වීදි පිරෙන පාද සටන‘ අද පෙරවරුවේ කලුතරදී ආරම්භ කරණ ලදී. 2015 ජනාධිපතිවරණයේදී මහින්ද රාජපක්ෂ ආණ්ඩුවෙන් ඉවත්ව එ.ජා.ප. සමග එක්ව තරග කළ මෛත්‍රිපාල සිරිසේන ජයග්‍රහණය කරවීමට විශාල මැතිවරණ සහයෝගයක් ලබා දෙමින් සිය අපේක්ෂකයකු පවා ඉදිරිපත් නොකර රටපුරා ගෙයින් …,sin,lankaviews,Lanka Views,fake news,8d2efebc-9ae8-4aca-9c3f-63ba79849e3b,article,MassiveSum
https://www.lankaviews.com/%e0%b6%9a%e0%b6%bd%e0%b7%8a%e0%b6%b4%e0%b7%92%e0%b6%a7%e0%b7%92%e0%b6%ba%e0%b7%9a-%e0%b6%af%e0%b7%96%e0%b6%b4%e0%b6%ad%e0%b7%8a-%e0%b6%86%e0%b6%ba%e0%b7%99%e0%b6%ad%e0%b7%8a-%e0%b7%80%e0%b7%99/,,කල්පිටියේ දූපත් ආයෙත් වෙන්දේසියේ,,Posted on 04.10.2015 by Sampath in දේශීය පුවත් with 0 Comments,පුත්තලම දිස්ත‍්‍රික්කයේ කල්පිටිය ප‍්‍රදේශයේ පිහිටි දූපත් 11 ක් සංචාරක කර්මාන්තය වෙනුවෙන් දීර්ඝ කාලීනව බදු දීමට වත්මන් ආණ්ඩුව ද පියවර ගනමින් සිටින බව වාර්තා වේ. මහින්ද රාජපක්ෂ පාලන සමයේ දී මෙම දූපත් බදු දීමේ ව්‍යාපෘතියක් ක‍්‍රියාත්මක වූ අතර එයට එරෙහිව දැවැන්ත මහජන විරෝධයක් පැන නැඟිණි. එම විරෝධය සැලකිල්ලට ගනිමින් එම ව්‍යාපෘතිය තාවකාලිකව නතර කෙරුණු අතර දැන් …,sin,lankaviews,Lanka Views,fake news,20c8b69a-9c1c-4249-a970-9ba33d7c6a47,article,MassiveSum
https://www.lankaviews.com/%e0%b7%83%e0%b7%99%e0%b6%bd%e0%b7%8a%e0%b6%bd%e0%b6%b8%e0%b7%8a-%e0%b6%b4%e0%b7%92%e0%b7%83%e0%b7%8a%e0%b6%ad%e0%b7%9d%e0%b6%bd%e0%b6%9a%e0%b6%bb%e0%b7%94%e0%b6%a7-%e0%b7%84%e0%b6%af%e0%b7%92%e0%b7%83/,,සෙල්ලම් පිස්තෝලකරුට හදිසි හෘදයාබාධයක් - බන්ධනාගාරයෙන් රෝහලට,,Posted on 05.13.2015 by Awantha Idamegama in දේශීය පුවත් with 0 Comments,ලබන 20 දා දක්වා යලිත් රක්ෂිත බන්ධනාගාර ගත කරන ලද හම්බන්තොට නගරාධිපති එරාජ් ප්‍රනාන්දුට හදිසි හෘදයාබාධයක් හේතුවෙන් හම්බන්තොට රෝහලට ඇතුළත් කර ඇත. 2014 වසරේදී අම්බලන්තොට පොලිස් අත්අඩංගුවේ පසුවූ සැකකරුවෙකුට පහරදී එම සැකකරු රැගෙනයාමට උත්සාහ දැරීමේ සිද්ධිය සම්බන්ධ චෝදනාව මත පොලිස් මූලස්ථානයේ විශේෂ විමර්ශන ඒකකය විසින් පසුගිය 29 දින ඔහුව අත්අඩංගුවට ගෙන හම්බන්තොට මහේස්ත්‍රාත් අධිකරණයට ඉදිරිපත් …,sin,lankaviews,Lanka Views,fake news,3fe2a6ca-f595-449a-9e70-3d4f4e94d75e,article,MassiveSum
https://ceylondaily.com/%e0%b6%b6%e0%b7%83%e0%b7%8a-%e0%b6%bb%e0%b6%ae%e0%b6%ba%e0%b6%9a%e0%b7%8a-%e0%b6%b4%e0%b7%8a%e2%80%8d%e0%b6%bb%e0%b6%b4%e0%b7%8f%e0%b6%ad%e0%b6%ba%e0%b6%9a%e0%b6%a7-%e0%b6%b4%e0%b7%99%e0%b6%bb/,,බස් රථයක් ප්‍රපාතයකට පෙරලීමෙන් 4 දෙනකු ජීවිතක්ෂයට News Alert,,"Like Love Haha Wow Sad Angry

බදුල්ල, පස්සර – මඩොල්සිම මාර්ගයේ බස් රථයක් ප්‍රපාතයකට පෙරලීමෙන් පුද්ගලයින් හතර දෙනකු ජීවිතක්ෂයට. මේ පිළිබද ⁣වැඩිදුර තොරතුරු බලාපොරොත්තු වන්න.

Like Love Haha Wow Sad Angry","බදුල්ල, පස්සර – මඩොල්සිම මාර්ගයේ බස් රථයක් ප්‍රපාතයකට පෙරලීමෙන් පුද්ගලයින් හතර දෙනකු ජීවිතක්ෂයට. මේ පිළිබද ⁣වැඩිදුර තොරතුරු බලාපොරොත්තු වන්න.",sin,ceylondaily,Ceylon Daily,fake news,18c4033a-1764-43ef-88a5-c0ec14c44a40,article,MassiveSum
https://www.lankaviews.com/%e0%b6%b6%e0%b6%af%e0%b7%92%e0%b6%ba%e0%b7%94%e0%b6%af%e0%b7%93%e0%b6%b1%e0%b7%8a-%e0%b6%85%e0%b7%83%e0%b7%8f%e0%b6%ad%e0%b7%8a-%e0%b7%83%e0%b7%8f%e0%b6%bd%e0%b7%92-%e0%b7%84%e0%b7%92%e0%b7%83/,,"බදියුදීන්, අසාත් සාලි , හිස්බුල්ලා ඉල්ලා අස්විය යුතුයි - ටී.එන්.ඒ මන්ත්‍රී සිවශක්ති ආනන්ත්",,"Posted on 05.22.2019 by Sithara Sajeewani in දේශීය පුවත් with 0 Comments

තව්හිද් ජමාත් සංවිධානය සමඟ සම්බන්ධතා පැවැත්වූ බවට චෝදනා එල්ල වී සිටින අමාත්‍ය රිෂාඩ් බදියුදීන් සහ දකුණු , නැගෙනහිර පළාත් ආණ්ඩුකාරවරු වන අසාත් සාලි සහ එම් එල් ඒ එම් හිස්බුල්ලා යන අයට විරුද්ධව ඉල්ලා අස්වන ලෙස බලකළ යුතු බව සහ ඔවුන්ට විරුද්ධව පරීක්ෂණයක් පැවැත්විය යුතු බව දෙමළ ජාතික සන්ධානයේ පාර්ලිමේන්තු මන්ත්‍රී සිවශක්ති ආනන්දන් පවසා තිබේ.

ඔහු ඊයේ පාර්ලිමේන්තුවේදී පවසා ඇත්තේ විශ්වාසභංගයකට කාලය නාස්ති නොකර ඉක්මනින් මේ සඳහා පියවරක් ගත යුතු බවයි.

පාර්ලිමේන්තු මන්ත්‍රී සිවශක්ති ආනන්දන් පවසන්නේ ජනාධිපතිවරයා විසින් ආණ්ඩුකාරවරු දෙදෙනා ආරක්ෂා කරන බවත් අගමැතිවරයා රිෂාඩ් බදියුදීන් ඇමතිවරයා ආරක්ෂා කරන බවයි.

එසේම එක්සත් ජාතික පක්ෂයේ මන්ත්‍රීවරියක් එල්ටීටී සංවිධානයේ ප්‍රභාකරන් ගැන කතා කිරීම මත ඇයට ඉල්ලා අස්වීමට සිදුවූ බවත් එම ක්‍රමවේදයම මේ අයවලුන් සඳහාද ක්‍රියාත්මක කළ යුතු බවත් මන්ත්‍රීවරයා වැඩිදුරටත් පවසා ඇත.","තව්හිද් ජමාත් සංවිධානය සමඟ සම්බන්ධතා පැවැත්වූ බවට චෝදනා එල්ල වී සිටින අමාත්‍ය රිෂාඩ් බදියුදීන් සහ දකුණු , නැගෙනහිර පළාත් ආණ්ඩුකාරවරු වන අසාත් සාලි සහ එම් එල් ඒ එම් හිස්බුල්ලා යන අයට විරුද්ධව ඉල්ලා අස්වන ලෙස බලකළ යුතු බව සහ ඔවුන්ට විරුද්ධව පරීක්ෂණයක් පැවැත්විය යුතු බව දෙමළ ජාතික සන්ධානයේ පාර්ලිමේන්තු මන්ත්‍රී සිවශක්ති ආනන්දන් පවසා තිබේ. ඔහු …",sin,lankaviews,Lanka Views,fake news,4cff4c08-6ffa-499d-a32f-38f0e7d4fe75,article,MassiveSum
https://www.lankaviews.com/establishing-local-councils-postponed/,,﻿කාන්තා නියෝජනයේ ප්‍රශ්නයට විසදුම් නෑ - පළාත්පාලන ආයතන පිහිටුවීම මාර්තු 20 දක්වා කල් යයි !,,"Posted on 03.11.2018 by Chandana Sirimalwatte in දේශීය පුවත් with 0 Comments

කාන්තාව නියෝජනය සම්බන්ධයෙන් ඇතිව තිබෙන ගැටලුකාරී තත්වය හේතුවෙන් පළාත් පාලන ආයතන සඳහා තේරී පත් වූ සභිකයින්ගේ නාමලේඛණය ගැසට් කිරීම තවත් දින කිහිපයක් ගත වනු ඇති බව රජයේ මුද්‍රණාලය පවසයි. මීට පෙර මාර්තු මස 06 වනදා පළාත් පාලන ආයතන සංස්ථාපනය කිරීමට නියමිතව තිබුණ ද එය කල්දැමීමට කටයුතු කරන ලෙස මැතිවරණ කොමිසම පළාත් සභා සහ පළාත් පාලන අමාත්‍යංශයෙන් ඉල්ලීමක් කර තිබුණි. පළාත් පාලන සභිකයන්ගේ නාමලේඛණය මුද්‍රණය කිරීමේ කටයුතු මේ වන විට ආරම්භ කර ඇති බව රජයේ මුද්‍රණාලයාධිපතිනි ගංඟානි කල්පනා ලියනගේ ජනමාධ්‍ය වෙත සඳහන් කළාය. පසුගිය පෙබරවාරි 10 වැනිදා පැවැති පළාත් පාලන මැතිවරණයෙන් ආසන 340ක් සඳහා තේරී පත් වූ සභිකයන් 8689 දෙනෙකුගේ නම් මේ වනවිට මැතිවරණ කොමිසම විසින් රජයේ මුද්‍රණාලය වෙත බාරදෙනු ලැබීය. කෙසේවතෙත්, පළාත් පාලන ආයතන සංස්ථාපනය කිරීමේ කටයුතු එළඹෙන 20 වනදා සිදු කෙරෙන බව පසුගියදා පැවැති මාධ්‍ය හමුවකදී අමාත්‍ය ෆයිසර් මුස්තාෆා සඳහන් කළේය.",කාන්තාව නියෝජනය සම්බන්ධයෙන් ඇතිව තිබෙන ගැටලුකාරී තත්වය හේතුවෙන් පළාත් පාලන ආයතන සඳහා තේරී පත් වූ සභිකයින්ගේ නාමලේඛණය ගැසට් කිරීම තවත් දින කිහිපයක් ගත වනු ඇති බව රජයේ මුද්‍රණාලය පවසයි. මීට පෙර මාර්තු මස 06 වනදා පළාත් පාලන ආයතන සංස්ථාපනය කිරීමට නියමිතව තිබුණ ද එය කල්දැමීමට කටයුතු කරන ලෙස මැතිවරණ කොමිසම පළාත් සභා සහ පළාත් පාලන …,sin,lankaviews,Lanka Views,fake news,4128b46e-af55-4160-86c5-99f1f0158d05,article,MassiveSum
https://www.lankaviews.com/%e0%b7%80%e0%b7%9b%e0%b6%af%e0%b7%8a%e2%80%8d%e0%b6%ba-%e0%b6%b4%e0%b6%bb%e0%b7%8a%e0%b6%ba%e0%b7%9a%e0%b7%82%e0%b6%ab%e0%b7%8f%e0%b6%ba%e0%b6%ad%e0%b6%b1-%e0%b6%b1%e0%b7%92%e0%b6%bd%e0%b6%ba%e0%b7%99/,,වෛද්‍ය පර්යේෂණායතන නිලයෙන් පහත දැමූ වෛද්‍ය ජයරුවන් බණ්ඩාරට සෞඛ්‍ය මාධ්‍ය ප්‍රකාශක තනතුරක්!,,"Posted on 10.12.2020 by Chandana Sirimalwatte in දේශීය පුවත් with 0 Comments

පසුගිය දිනවල තනතුරෙන් පහත හෙළිමෙන් දඬුවමකට ලක්කර ඒ සම්බන්ධව අභියෝගාත්මක ප්‍රකාශයක් සිදුකළ වෛද්‍ය ජයරුවන් බන්ඩාර සෞඛ්‍ය අමාත්‍යංශයේ මාධ්‍ය ප්‍රකාශක ලෙස පත්කර තිබේ.

බොරැල්ල වෛද්‍ය පර්යේෂණ ආයතනයේ අධ්‍යක්ෂ ධූරය දැරූ ඔහු, සෞඛ්‍ය අමාත්‍යංශ ලේකම්වරයා විසින් ඔක්තෝබර් 6වැනිදා එම තනතුරෙන් ඉවත්කර එම ආයතනයේම නියෝජ්‍ය අධ්‍යක්‍ෂ ලෙස පත්කරණ ලදී. එහිදී මෙතෙක් වෛද්‍ය පර්යේෂණ ආයතනයේ නියෝජ්‍ය අධ්‍යක්ෂවරයාව සිටි වෛද්‍ය ප‍්‍රභාත් අමරසිංහ ආයතනයේ අධ්‍යක්ෂ ධූරයට පත් කර ඇතැයි ද සඳහන්ය.

අධ්‍යක්‍ෂ ධුරයෙන් ඉවත් කළ අවස්ථාවේදී මාධ්‍යවේදීන් විසින් කළ විමසීම්වලදී වෛද්‍ය ජයරුවන් බණ්ඩාර කියා සිටියේ තමාට කිසිදු චෝදනාවක් එල්ල නොකර ඉවත් කිරීම වටහාගත නොහැකි තත්වයක් බවය. තමන් කිසිදු හේතුවකින් තොරව තනතුරින් පහත දැමීම සම්බන්ධයෙන් ඔහු ආණ්ඩුවේ බලධාරින්ට අභියෝග කර තිබිණි. රාජකාරි කළ වසර එකහමාරක පමණ කාලය තුළ කිසිදු චෝදනාවක් නොලබා රාජකාරී කළ නමුත් කොරෝනා වසංගතය සම්බන්ධ සත්‍ය කරුණු මාධ්‍ය හමුවේ අනාවරණය කිරීම පසුගිය කාලයේ තමන් සිදුකළ බවද ඔහු පවසා තිබිණි. පසුගිය දිනවල චක්‍රලේඛ මගින් එවැනි ප්‍රකාශ නිකුත් කිරීම නවත්වන්නට බලධාරින් පියවර ගත් බවද වෛද්‍යවරයා පවසන ලදී. මේ නිසා තමන්ගේ කට වසන්නට චක්‍රෙල්ඛ නිකුත් කිරීමට වඩා අවශ්‍ය පියවර ගෙන කොරෝනා වසංගතය මර්දනය කිරීම සෞඛ්‍ය බලධාරින්ගේ වගකීම බවද ඔහු පවසා තිබිණි.

තවදුරටත් මාධ්‍ය හමුවේ අදහස් පළ කරමින් වෛද්‍ය ජයරුවන් බණ්ඩාර පැවසුවේ නොයෙක් ව්‍යාපාරිකයන් ජනාධිපතිවරයාගේද පණිවිඩ රැගෙන තමන් හමුවට පැමිණ නීත්‍යනුකූල නොවන මිලදී ගැනීම් සඳහා කළ යෝජනා ප‍්‍රතික්ෂේප කිරීම හේතුවෙන් තමන්ට මෙවැනි ඉරණමක් අත්වන්නට ඇතැයි අනුමාන කරණ බවත්ය.

මේ අතර පාර්ලිමේන්තුවේදී මේ සම්බන්ධව කළ ප්‍රශ්න කිරීමකදී සුදර්ශනී ප්‍රනාන්දුපුල්ලේ මන්ත්‍රීවරිය ප්‍රකාශ කළේ ඔහුට යම් යම් චෝදනා තිබෙන බවය. එහෙත් මෙවැනි චෝදනාවක් සිදුකිරීම සම්බන්ධ වෛද්‍ය ජයරුවන් බණ්ඩාර විමතිය පළ කරමින් කීවේ තමන් සම්බන්ධ එවැනි රාජකාරි චෝදනා ඇත්නම් ඒවා ඉදිරිපත් කළ යුතු බවය. රාජ්‍ය ආයතනයක සේවය කිරීමේදී එවැනි චෝදනා සම්බන්ධයෙන් වැඩ තහනම්කර විමර්ශනයක් කළ යුතු බවද එවැනි කිසිවක් නොකර තමන්ගේ තනතුර පමණක් වෙනස් කිරීමේ ක්‍රමය රාජ්‍ය ආයතනවල අලුත් විනය ක්‍රියාමාර්ගයක්දැයි ඔහු ප්‍රශ්න කර තිබිණි.

මේ අනුව, වෛද්‍ය ජයරුවන් බණ්ඩාර සෞඛ්‍ය අමාත්‍යංශ මාධ්‍ය ප්‍රකාශක ලෙස පත් කිරීම ආණ්ඩුව විසින් වෛද්‍යවරයා සම්බන්ධ ගත් තීරණාත්මක පියවරක් බවද, වෛද්‍යවරයා රාජකාරිමය වශයෙන් අතුරේ යාමට සිදුවනු ඇතැයි දේශපාලන නිරීක්ෂකයෝ පවසති.","පසුගිය දිනවල තනතුරෙන් පහත හෙළිමෙන් දඬුවමකට ලක්කර ඒ සම්බන්ධව අභියෝගාත්මක ප්‍රකාශයක් සිදුකළ වෛද්‍ය ජයරුවන් බන්ඩාර සෞඛ්‍ය අමාත්‍යංශයේ මාධ්‍ය ප්‍රකාශක ලෙස පත්කර තිබේ. බොරැල්ල වෛද්‍ය පර්යේෂණ ආයතනයේ අධ්‍යක්ෂ ධූරය දැරූ ඔහු, සෞඛ්‍ය අමාත්‍යංශ ලේකම්වරයා විසින් ඔක්තෝබර් 6වැනිදා එම තනතුරෙන් ඉවත්කර එම ආයතනයේම නියෝජ්‍ය අධ්‍යක්‍ෂ ලෙස පත්කරණ ලදී. එහිදී මෙතෙක් වෛද්‍ය පර්යේෂණ ආයතනයේ නියෝජ්‍ය අධ්‍යක්ෂවරයාව සිටි වෛද්‍ය …",sin,lankaviews,Lanka Views,fake news,588e845e-525d-4f77-bd20-b03b60586d82,article,MassiveSum
https://www.lankaviews.com/%e0%b6%b4%e0%b7%8f%e0%b7%83%e0%b7%8a%e0%b6%9a%e0%b7%94-%e0%b6%b4%e0%b7%8a%e2%80%8d%e0%b6%bb%e0%b7%84%e0%b7%8f%e0%b6%bb%e0%b6%9a%e0%b6%ba%e0%b6%b1%e0%b7%8a%e0%b6%a7-%e0%b6%85%e0%b6%bb%e0%b6%b8%e0%b7%94/,,පාස්කු ප්‍රහාරකයන්ට අරමුදල් ලබාදුන් අයටත් දඬුවම් ලබාදිය යුතුයි - මැල්කම් රංජිත් හිමි,,"Posted on 04.17.2020 by Sithara Sajeewani in දේශීය පුවත් with 0 Comments

පාස්කු ඉරිදා ප්‍රහාරයට සම්බන්ධ බෝම්බ ප්‍රහාරකයන්ට අරමුදල් සහ සැපයුම් සහය ලබා දුන් අයටද එරෙහිව නඩු පැවරිය යුතු බව කොළඹ අගරදගුරු කාදිනල් මැල්කම් රංජිත් පවසයි.

කාදිනල්වරයා පවසා ඇත්තේ ප්‍රහාරය සම්බන්ධයෙන් පිරිසක් අත්අඩංගුවට ගෙන ඇති නමුත් විමර්ශන තවමත් අඛණ්ඩව සිදුවන බැවින් ඒ පිළිබඳව අදහස් දැක්විය නොහැකි බවයි. මැල්කම් රන්ජිත් අගරදගුරුවරයා ඊයේ පැවති මාධ්‍ය හමුවකදී මේ බව පවසා තිබුණි. පාස්කු ප්‍රහාරයට වසරක් පිරිම නිමිත්තෙන් පැවැත් වීමට සැලසුම් කර තිබු සියලු වැඩසටහන් රටේ පවතින තත්ත්වය මත යම් වෙනසක් සිදු කළ බවත් ඒ අනුව සුළු හෝ වශයෙන් ජනතාවගේ ඒකරාශි වීමක් නොමැතිව මෙම සිහිකිරීමේ දිනය පවත්වනු ලබන බවද එම හිමියන් මෙහිදී පැවසීය.

මේ අතර පාස්කු ප්‍රහාරය සම්බන්ධයෙන් අදාළ පරීක්ෂණ ශක්තිමත්ව සිදු කිරීම සම්බන්ධයෙන් මෙහිදී කාදිනල්වරයා වත්මන් රජයට විශේෂ ස්තූතියක් පළ කරන බවද කියා සිටියේය. කෙසේ වෙතත්, ප්‍රහාරය ගැන දැනසිටියදීත් ඒ ගැන ජනතාවට අනතුරු ඇඟවීමට අපොහොසත් වූ අයද නීතිය හමුවට ඉදිරිපත් කරන ලෙස රජයෙන් ඉල්ලාසිටින බව කාදිනල් රංජිත් පැවසීය.",පාස්කු ඉරිදා ප්‍රහාරයට සම්බන්ධ බෝම්බ ප්‍රහාරකයන්ට අරමුදල් සහ සැපයුම් සහය ලබා දුන් අයටද එරෙහිව නඩු පැවරිය යුතු බව කොළඹ අගරදගුරු කාදිනල් මැල්කම් රංජිත් පවසයි. කාදිනල්වරයා පවසා ඇත්තේ ප්‍රහාරය සම්බන්ධයෙන් පිරිසක් අත්අඩංගුවට ගෙන ඇති නමුත් විමර්ශන තවමත් අඛණ්ඩව සිදුවන බැවින් ඒ පිළිබඳව අදහස් දැක්විය නොහැකි බවයි. මැල්කම් රන්ජිත් අගරදගුරුවරයා ඊයේ පැවති මාධ්‍ය හමුවකදී මේ බව පවසා …,sin,lankaviews,Lanka Views,fake news,3b0ccb97-cb58-4e74-934b-b3738c0a76ae,article,MassiveSum
https://ceylondaily.com/%e0%b6%b1%e0%b7%80%e0%b7%83%e0%b7%92%e0%b6%bd%e0%b6%b1%e0%b7%8a%e0%b6%ad%e0%b6%ba-%e0%b7%83%e0%b6%b8%e0%b6%9f-%e0%b6%b4%e0%b7%90%e0%b7%80%e0%b7%90%e0%b6%ad%e0%b7%8a%e0%b7%80%e0%b7%99%e0%b6%b1/,,නවසිලන්තය සමඟ පැවැත්වෙන විස්සයි විස්ස තරග සංචිතයේ නායකත්වය මාලිංගට,,"Like Love Haha Wow Sad Angry

නවසීලන්තය සමඟ පැවැත්වීමට නියමිත විස්සයි විස්ස ක්‍රිකට් තරගාවලිය සඳහා සහභාගී වන ශ්‍රී ලංකා සංචිතය අද(24) නිවේදනය කළේය.

එම සංචිතයේ නායකත්වයට ශ්‍රී ලංකා වේග පන්දු යවන ක්‍රීඩක ලසිත් මාලිංග පත් කර තිබේ.

එම සංචිතයේ උප නායකත්වය සදහා නිරෝෂන් දික්වැල්ල පත් කර තිබේ

15 දෙනෙකුනේ සමන්විත සංචිතය මෙසේයි.

Like Love Haha Wow Sad Angry",නවසීලන්තය සමඟ පැවැත්වීමට නියමිත විස්සයි විස්ස ක්‍රිකට් තරගාවලිය සඳහා සහභාගී වන ශ්‍රී ලංකා සංචිතය අද(24) නිවේදනය කළේය. එම සංචිතයේ නායකත්වයට ශ්‍රී ලංකා වේග පන්දු යවන ක්‍රීඩක ලසිත් මාලිංග පත් කර තිබේ. එම සංචිතයේ උප නායකත්වය සදහා නිරෝෂන් දික්වැල්ල පත් කර තිබේ 15 දෙනෙකුනේ සමන්විත සංචිතය මෙසේයි. ලසිත් මාලිංග – නායක නිරෝෂන් දික්වැල්ල – උප නායක …,sin,ceylondaily,Ceylon Daily,fake news,a5523186-c747-452d-8396-a7fc4bf814ba,article,MassiveSum
https://www.lankaviews.com/maithri-wins-the-renegades-back/,,අැමතිවරු 16 යළිත් නමාගන්නට ජනාධිපති ෙමෙත්‍රිපාල සිරිසේන සමත් වේ!,,"Posted on 05.06.2018 by Chandana Sirimalwatte in දේශීය පුවත් with 0 Comments

පාර්ලිමේන්තු සැසිවාරය අවසන් කරමින් අගමැතිවරයාට ඒරෙහි විශ්වාසභංගය හමුවේ විරසක වූ තම දේශපාලන සගයන් නැවත සමීප කරගන්නට ජනාධිපති ෙමෙත්‍රිපාල සිරිසේන සමත් වී අැති බව ප්‍රකාශ වේ.

පළාත්පාලන මැතිවරණයෙන් පසුව අාණ්ඩුවේ අගමැතිධුරය වෙනස් කළ යුතු බවටත් ඒක්සත් ජාතික පක්ෂය අත අැති බලය හැසිරවීමේ ඒ්කාධිකාරය අතට ගත යුතු බවටත් අවධාරනය කරමින් ෙමෙත්‍රිපාල සිරිසේන ජනාධිපතිවරයාට බලකරමින් අැමතිවරු 16ක් ඒම විශ්වාසභංගයට අත්සන් කළහ. ඉන්පසුව අප්‍රේල් මස මුල් සතියවන විට ඒම පිරිස අාණ්ඩුවෙන් ඉවත්වන බවට අාරංචි පැතිර යන්නට විය. නිශ්චිත වශයෙන් ඔවුන් අප්‍රේල් 19 වැනිදා විපක්ෂයේ අසුන් ගන්නට නියමිත බව වාර්තා විය. වහාම ක්‍රියාත්මක වූ ජනාධිපතිවරයා පාර්ලිමේන්තු සැසිවාරය අවසන් කරමින් ප්‍රශ්නය තමන්ට වාසිදායක කරගන්නට උත්සාහ දරණ ලදී. කෙසේවෙතත් මෙම කැරලිකාර අැමති කණ්ඩායම මීළග පාර්ලිමේන්තු සැසිවාරය අාරම්භයේදී විපක්ෂය කරා යන බවටද අාරංචි පැතිර ගියේය. ඒ් සදහා මැය 7 වැනිදා විපක්ෂය මඩකලපුවේ පව්වන කම්කරු දින උත්සවයට සහභාගි වන්නට නියමිත බව ප්‍රකාශ විය.

ඒහෙත් ඒදිනද ජනාධිපතිවරයාගේ දේශපාලන ගමන පිළිබද විශ්වාසය තබා මඩකලපුවේ සංවිධානය කරන ෙමෙත්‍රි පාර්ශ්වයේ කම්කරු දින උත්ස්වයට සම්බන්ධ වන බව මේ වනවිට ප්‍රකාශයට පත්කර අැත. ඒ් අනුව ෙමෙත්‍රිපාල අභිබවා ශ්‍රීල.නි.ප.යේ බලය අත්පත් කරගන්නට තැත් කරමින් සිටින විපක්ෂයේ මහින්ද පාර්ශ්වය නැවත වරක් අවාසිදායක අඩියකට අැද වැටී තිබේ.",පාර්ලිමේන්තු සැසිවාරය අවසන් කරමින් අගමැතිවරයාට ඒරෙහි විශ්වාසභංගය හමුවේ විරසක වූ තම දේශපාලන සගයන් නැවත සමීප කරගන්නට ජනාධිපති ෙමෙත්‍රිපාල සිරිසේන සමත් වී අැති බව ප්‍රකාශ වේ. පළාත්පාලන මැතිවරණයෙන් පසුව අාණ්ඩුවේ අගමැතිධුරය වෙනස් කළ යුතු බවටත් ඒක්සත් ජාතික පක්ෂය අත අැති බලය හැසිරවීමේ ඒ්කාධිකාරය අතට ගත යුතු බවටත් අවධාරනය කරමින් ෙමෙත්‍රිපාල සිරිසේන ජනාධිපතිවරයාට බලකරමින් අැමතිවරු 16ක් ඒම විශ්වාසභංගයට …,sin,lankaviews,Lanka Views,fake news,8ef20d26-0a56-4c39-a59d-0ca58b3290d6,article,MassiveSum
https://www.lankaviews.com/%e0%b6%b4%e0%b6%ad%e0%b7%8a%e0%b7%80%e0%b7%93%e0%b6%b8%e0%b7%8a-%e0%b6%af%e0%b7%94%e0%b6%b1%e0%b7%8a-%e0%b6%8b%e0%b6%b4%e0%b7%8f%e0%b6%b0%e0%b7%92%e0%b6%b0%e0%b7%8f%e0%b6%bb%e0%b7%93-%e0%b7%83/,,පත්වීම් දුන් උපාධිධාරී සංවර්ධන නිලධාරින් කොන්දේසිවලට යටත්කර නෙරපයි!,,"Posted on 08.23.2019 by Chandana Sirimalwatte in දේශීය පුවත් with 0 Comments

ආණ්ඩුව විසින් මහත් ප්‍රචාරයක් ගෙන යමින් සංවර්ධන නිලධාරි පත්වීම් කොන්දේසි කිහිපයකට යටත්කර ඔවුන්ගේ පත්වීම් අවලංගු කිරීමේ උත්සාහයක් අනාවරණය වී තිබේ.

ඒ අනුව, අගෝස්තු 1 වැනිදා සිට අමාත්‍යංශ කිහිපයකට අයත් රජයේ කාර්යාලවල සේවයට යොදවා ඇති සංවිර්ධන නිලධාරින්ගේ සුදුසුකම් නැවත පරකිෂා කරමින් ඔවුන්ට ලබා දුන් පත්වීම අවලංගු කිරීමට ජාතික ප්‍රතිපත්ති, ආර්ථික කටයුතු, නැවත පදිංචි කිරීම් හා පුනරුත්ථාපන, උතුරු පළාත් සංවර්ධන හා යෞවන කටයුතු අමාත්‍යංශයේ ලිපි ශීර්ෂයකින් අගෝස්තු 16 වැනිදා ලිපියක් යොමුකර ඇත.

එහි සදහන් වන්නේ කොන්දේසි 3ක් යටතේ තමන් යටතේ සේවය භාරගෙන සිටින උපාධිධාරින් සම්බන්ධ තොරතුරු වහාම ලබා දෙන ලෙසය. සපුරා නැති රැකියාලාභී උපාධිධාරින් පිළිබඳ තොරතුරු දන්වන ලෙසය.

මෙම කොන්දේසි අනුව දැක්වෙන්නේ එම සුදුසුකම් සපුරා නැති සංවර්ධන නිලධාරින්ගේ තොරතුරු වහාම දන්වා එවන ලෙසය. ඒ අනුව එම සුදුසුකම් සපුරා නැති උපාධිධාරින්ට පත්වීම් අවලංගු කිරීමට ආණ්ඩුව සූදානම්වන බව පැහැදිලිය. සියලු අමාත්‍යංශ ලේකම්වරු, බළාත් සභා ප්‍රධාන ලේකම්වරු, දෙපාර්තමේන්තු ප්‍රධානින්, දිස්ත්‍රික් ලේකම්වරු හා ආයතන ප්‍රධානින් වෙත මෙම ලිපිය යවා ඇති අතර අගෝස්තු 22 වැනිදාට එනම් ඊයේ දිනට පෙර තම ආයතනවල සේවයට වාර්තා කළ සංවර්ධන නිලධාරින්ගේ සුදුසුකම් විස්තර තමන් වෙත වාර්තා කරන ලෙස දැන්ම් දී ඇත.

සංවර්ධන නිලධාරි පත්වීම් තබාදීමේ ක්‍රියාවලිය දක්වා රැකියා විරහිත උපාධිධාරි සංගම් විශාල අරගලයක නිරත වූ අතර පුරප්පාඩු ඇති ක්ෂේත්‍ර පෙන්වා දෙමින් ඒවාට නිශ්චිත රජයේ ප්‍රතිපත්තියක් අනුගමනය කරමින් රැකියා විරහිත උපාධිධාරින් බදවා ගන්නා ලෙස බලකරන ලදී. එහෙත් සංවර්ධන නිලධාරික් ලෙස උඵාධිධාරින් දහස් ගණනක් බදවා ගනු ලැබුවේ ආණ්ඩුවේ ප්‍රචාරක අරමුනු සාක්ෂාත් කරගනිමිනි.

එහෙත් මේ වනවිට නැවත උපාධිධාරි සංවර්ධන නිලධාරින්ගේ රැකියා අහිමි කිරීමට ආණ්ඩුව පියවර ගනිමින් සිටී.","ආණ්ඩුව විසින් මහත් ප්‍රචාරයක් ගෙන යමින් සංවර්ධන නිලධාරි පත්වීම් කොන්දේසි කිහිපයකට යටත්කර ඔවුන්ගේ පත්වීම් අවලංගු කිරීමේ උත්සාහයක් අනාවරණය වී තිබේ. ඒ අනුව, අගෝස්තු 1 වැනිදා සිට අමාත්‍යංශ කිහිපයකට අයත් රජයේ කාර්යාලවල සේවයට යොදවා ඇති සංවිර්ධන නිලධාරින්ගේ සුදුසුකම් නැවත පරකිෂා කරමින් ඔවුන්ට ලබා දුන් පත්වීම අවලංගු කිරීමට ජාතික ප්‍රතිපත්ති, ආර්ථික කටයුතු, නැවත පදිංචි කිරීම් හා පුනරුත්ථාපන, …",sin,lankaviews,Lanka Views,fake news,00a0c308-b725-404d-a772-30203fedde31,article,MassiveSum
https://www.lankaviews.com/%e0%b6%89%e0%b6%b8%e0%b7%8a%e0%b6%bb%e0%b7%8f%e0%b6%b1%e0%b7%8a-%e0%b6%9b%e0%b7%8f%e0%b6%b1%e0%b7%8a-%e0%b6%b4%e0%b7%8f%e0%b6%9a%e0%b7%92%e0%b7%83%e0%b7%8a%e0%b6%ae%e0%b7%8f%e0%b6%b1-%e0%b6%85/,,ඉම්රාන් ඛාන් පාකිස්ථාන අගමැති ලෙස දිව්රුම්දීම අගෝස්තු 11දා,,"Posted on 07.31.2018 by Nishshanka in විදෙස් පුවත් with 0 Comments

ඉම්රාන් ඛාන් පසුගිය ජූලි මස 25 වැනි දින පැවැති මැතිවරණයෙන් එරට මහජන මන්ත්‍රී මණ්ඩලයේ වැඩිම මන්ත්‍රීවරු ගණනක් දිනා ගැනීමට සමත්වීමත් සමග පාර්ලිමේන්තුවේ බහුතතර බලය පවත්වා ගැනීමට මන්ත්‍රීවරු කිහිප දෙනෙකුගේ අඩුවක් පවතී.

ඉම්රාන් ඛාන්ගේ තරීක් ඊ ඉන්ෆාන් පක්ෂයේ නායකයින් විසින් මේ වන විට එරට ස්වාධීනව සිටින දේශපාලන පක්ෂ සමග යම් එකගතාවයක් ගොඩනගාගෙන ආණ්ඩුවක් පිහිටවීමේ ප්‍රයත්නයක නිරතව ඇති පාකිස්තාන මාධ්‍ය වාර්තා කරයි.

කෙසේ වෙතත් හිටපු අගමැකිවරුන් දෙදෙනෙකු වන නවාෂ් ෂරීෆ්ගේ නායකත්වයදුන් පාකිස්තාන් මුස්ලිම් ලීගය හා බිලවාල් බූතෝගේ නායකත්වයදුන් යුත් පාකිස්තානු ජනතා පක්ෂය විපක්ෂයේ කටයුතු කිරීමට තීරණය කර ඇති බව වාර්තාවේ.",ඉම්රාන් ඛාන් පසුගිය ජූලි මස 25 වැනි දින පැවැති මැතිවරණයෙන් එරට මහජන මන්ත්‍රී මණ්ඩලයේ වැඩිම මන්ත්‍රීවරු ගණනක් දිනා ගැනීමට සමත්වීමත් සමග පාර්ලිමේන්තුවේ බහුතතර බලය පවත්වා ගැනීමට මන්ත්‍රීවරු කිහිප දෙනෙකුගේ අඩුවක් පවතී. ඉම්රාන් ඛාන්ගේ තරීක් ඊ ඉන්ෆාන් පක්ෂයේ නායකයින් විසින් මේ වන විට එරට ස්වාධීනව සිටින දේශපාලන පක්ෂ සමග යම් එකගතාවයක් ගොඩනගාගෙන ආණ්ඩුවක් පිහිටවීමේ ප්‍රයත්නයක නිරතව …,sin,lankaviews,Lanka Views,fake news,faa07e16-2716-42bf-912b-61040143976f,article,MassiveSum
https://www.lankaviews.com/%e0%b6%87%e0%b6%b8%e0%b6%ad%e0%b7%92-%e0%b6%b8%e0%b6%82%e0%b6%9c%e0%b6%bd-%e0%b6%85%e0%b6%b0%e0%b7%92%e0%b6%9a%e0%b6%bb%e0%b6%ab%e0%b6%ba%e0%b6%a7%e0%b6%ad%e0%b7%8a-%e0%b6%9a%e0%b6%bd%e0%b7%92/,,"ඇමති මංගල, අධිකරණයටත් කලින් සයිටම් තීන්දුව දෙයි!",,Posted on 06.05.2017 by Chandana Sirimalwatte in දේශීය පුවත් with 0 Comments,"ශිෂ්‍ය ප්‍රජාව, සරසවි ආචාර්යවරුන්, වෛද්‍යවරු හා ආණ්ඩුවේ ඇමතිවරුන් අතර ද සයිටම් ආයතනය සම්බන්ධ විරෝධතා තිබියදී ‘සයිටම් වැනි තවත් පෞද්ගලික විශ්වවිද්‍යාල රටට අවශ්‍ය බව‘ මුදල් හා ජනමාධ්‍ය ඇමති මංගල සමරවීර පවසා ඇත. පසුගියදා කැබිනට් සංශෝධනයෙන් ජනමාධ්‍ය ඇමැතිවරයා ලෙස පත්වීමෙන් පසුව ප්‍රවෘත්ති පොර්තමේන්තුවට ගොස් එහි කාර්ය මණ්ඩලය අමතමින් කළ කතාවේදී ඇමතිවරයා මේ බව පවසා ඇත. සයිටම් ආයතනය …",sin,lankaviews,Lanka Views,fake news,0d04314e-e70a-4136-b303-7f80a0945015,article,MassiveSum
https://www.lankaviews.com/%e0%b6%b8%e0%b6%b1%e0%b7%8a%e0%b6%ad%e0%b7%8a%e2%80%8d%e0%b6%bb%e0%b7%93-%e0%b7%80%e0%b7%92%e0%b7%81%e0%b7%8a%e2%80%8d%e0%b6%bb%e0%b7%8f%e0%b6%b8-%e0%b7%80%e0%b7%90%e0%b6%a7%e0%b7%94%e0%b6%b4-15000/,,මන්ත්‍රී විශ්‍රාම වැටුප 15000කින් ඉහළ දැමීමේ යෝජනාවක්,,"Posted on 05.17.2019 by Sithara Sajeewani in දේශීය පුවත් with 0 Comments

සියලුම විශ්‍රාමික පාර්ලිමේන්තු මන්ත්‍රීවරුන්ගේ විශ්‍රාම වැටුපට තවත් රුපියල් 15,000ක දීමනාවක් එකතු කිරීමට අනුමැතිය ඉල්ලා අමාත්‍ය මණ්ඩලයට කැබිනට් පත්‍රිකාවක් ඉදිරිපත් කර තිබෙන බව වාර්තා වේ.

ඉඩම් හා පාර්ලිමේන්තු ප්‍රතිසංස්කරණ අමාත්‍ය ගයන්ත කරුණාතිලක මහතා විසින් මෙම කැබිනට් පත්‍රිකාව ඉදිරිපත් කරනු ලැබ ඇත.

වසර පහක සේවා කාලයක් ඇති සියලු මන්ත්‍රීවරු විශ්‍රාම වැටුපකට හිමිකම් ලබති.

1977 අංක 1 දරන පාර්ලිමේන්තු මන්ත්‍රී විශ්‍රාම වැටුප් පනත අනුව විශ්‍රාමික පාර්ලිමේන්තු මන්ත්‍රීවරයකුට හිමිවන්නේ දැනට සේවය කරන පාර්ලිමේන්තු මන්ත්‍රීවරයකුගේ වැටුපෙන් තුනෙන් එකක් හෝ තුනෙන් දෙකක් සහ ජීවන වියදම් දීමනාව පමණි. විශ්‍රාම වැටුප් පනත අනුව විශ්‍රාමික මන්ත්‍රීවරුන්ට දීමනා ගෙවීමට හැකියාවක් නැතත් මීට පෙර මසකට රුපියල් 10,000ක දීමනාවක් ගෙවා ඇත.

ඒ අනුව විශ්‍රාමික මන්ත්‍රීවරුන්ගේ මාසික විශ්‍රාම වැටුප 35,100 දක්වා ඉහළ ගියේය. යෝජනා කර තිබෙන රුපියල් 15,000 දීමනාවට කැබිනට් අනුමැතිය ලැබුණොත් විශ්‍රාමික මන්තීවරුන්ගේ විශ්‍රාම වැටුප රුපියල් 50,120 දක්වා වැඩිවනු ඇත.

මේ වන විට විශ්‍රාම වැටුප් ලබන හිටපු මන්ත්‍රීවරුන් හා මන්ත්‍රී වැන්දඹුවන් සංඛ්‍යාව 454 කි. මේ අනුව මෙම රුපියල් පහළොස් දහසේ දීමනාව අනුමත වුවහොත් ඒ විශ්‍රාමික මන්ත්‍රීවරුන්ට මාසිකව රුපියල් හැට අට ලක්‍ෂ දස දහසක මුදලක් අමතරව ගෙවීමට සිදුවනු ඇත.

මෙවැනි විශ්‍රාම වැටුප් වැඩිවීමක් ආණ්ඩුව සිදුකිරීමට සැරසෙන්නේ 2016 වසරේ සිට රාජ්‍ය සේවයට එකතුවන සේවකයන්ට විශ්‍රාම වැටුප ලබාදීම අහෝසි කිරීමට පනත් සකසමින් සිටින අතරතුරදීයි.","සියලුම විශ්‍රාමික පාර්ලිමේන්තු මන්ත්‍රීවරුන්ගේ විශ්‍රාම වැටුපට තවත් රුපියල් 15,000ක දීමනාවක් එකතු කිරීමට අනුමැතිය ඉල්ලා අමාත්‍ය මණ්ඩලයට කැබිනට් පත්‍රිකාවක් ඉදිරිපත් කර තිබෙන බව වාර්තා වේ. ඉඩම් හා පාර්ලිමේන්තු ප්‍රතිසංස්කරණ අමාත්‍ය ගයන්ත කරුණාතිලක මහතා විසින් මෙම කැබිනට් පත්‍රිකාව ඉදිරිපත් කරනු ලැබ ඇත. වසර පහක සේවා කාලයක් ඇති සියලු මන්ත්‍රීවරු විශ්‍රාම වැටුපකට හිමිකම් ලබති. 1977 අංක 1 දරන …",sin,lankaviews,Lanka Views,fake news,ee963aa3-8966-4bde-a5f0-05c2a4237749,article,MassiveSum
https://ceylondaily.com/%e0%b7%80%e0%b7%92%e0%b6%af%e0%b7%9a%e0%b7%81%e0%b7%80%e0%b6%bd-%e0%b6%9a%e0%b7%9c%e0%b6%a7%e0%b7%94-%e0%b7%80%e0%b7%94-%e0%b6%bd%e0%b7%8f%e0%b6%82%e0%b6%9a%e0%b7%92%e0%b6%9a-%e0%b7%83%e0%b7%92/,,විදේශවල කොටු වු ලාංකික සිසුන් 215ක් ගෙන්වා ගැනීමට පියවර,,"Like Love Haha Wow Sad Angry

කොවිඩ් – 19 වසංගතය හමුවේ විදේශයන්හි කොටු වී සිටින සිසුන් 215 දෙනෙක් පාකිස්තානයේ සහ ඉන්දියාවේ සිට ඉදිරි සතියේ මෙරටට ගෙන්වා ගැනීමට කටයුතු යොදා තිබේ.

සීමාසහිත ගුවන් තොටුපළ සහ ගුවන් සේවා සමාගමේ මෙහෙයුම් අධ්‍යක්ෂ ෂෙහාන් සුමනසේකර මහතා පැවසුවේ සාර්ක් රටවල ඉගෙනුම ලැබීමට ගොස් සිටින සිසුන්ට පළමු අදියරේදී අවස්ථාව ලබා දෙන බවයි.

ඒ අනුව ලබන 21 වැනිදා සිසුන් 115 දෙනෙක් පාකිස්තානයේ සිට මෙරටට ගෙන්වා ගැනීමට නියමිතයි.

ඒ සදහා ශ්‍රී ලංකා සිවිල් ගුවන් සේවා අධිකාරියේ අවසරය මත, ශ්‍රී ලන්කන් ගුවන් සේවයේ ගුවන් යානයක් යොදා ගන්නා බව ඔහු පැවසීය.

ඉන් පසුව ඉන්දියාවේ උසස් අධ්‍යාපනය ලැබීමට ගොස් සිටින සිසුන් 105 දෙනෙක් ශ්‍රී ලංකාවට ගෙන්වා ගැනීමට නියමිතයි.

මෙම සියලුම සිසුන් සෞඛ්‍ය අමාත්‍යාංශයේ උපදෙස් මත අනිවාර්යයෙන්ම නීරෝධායන කටයුතු සදහා යොමු කිරීමට සැලසුම්කර තිබේ.

Like Love Haha Wow Sad Angry",කොවිඩ් – 19 වසංගතය හමුවේ විදේශයන්හි කොටු වී සිටින සිසුන් 215 දෙනෙක් පාකිස්තානයේ සහ ඉන්දියාවේ සිට ඉදිරි සතියේ මෙරටට ගෙන්වා ගැනීමට කටයුතු යොදා තිබේ. සීමාසහිත ගුවන් තොටුපළ සහ ගුවන් සේවා සමාගමේ මෙහෙයුම් අධ්‍යක්ෂ ෂෙහාන් සුමනසේකර මහතා පැවසුවේ සාර්ක් රටවල ඉගෙනුම ලැබීමට ගොස් සිටින සිසුන්ට පළමු අදියරේදී අවස්ථාව ලබා දෙන බවයි. ඒ අනුව ලබන 21 වැනිදා …,sin,ceylondaily,Ceylon Daily,fake news,fdb36d23-10a7-4c69-8701-b2a1c5240961,article,MassiveSum
https://www.lankaviews.com/%e0%b6%af%e0%b6%9a%e0%b7%94%e0%b6%ab%e0%b7%94-%e0%b6%86%e0%b7%83%e0%b7%92%e0%b6%ba%e0%b7%8f%e0%b6%b1%e0%b7%94-%e0%b6%b4%e0%b7%8f%e0%b6%b4%e0%b6%b1%e0%b7%8a%e0%b6%af%e0%b7%94-%e0%b6%85%e0%b7%80/,,දකුණු ආසියානු පාපන්දු අවසන් තරගයට ඉන්දියාව හා මාලදිවයින,,"Posted on 09.15.2018 by Nishshanka in ක්‍රීඩා පුවත් with 0 Comments

දකුණු ආසියානු කලාපීය පාපන්දු ශූරතාවලියේ අවසන් තරගය ඉන්දියාව සහ මාලදිවයින අතර අද පැවැත්වීමට නියමිතව ඇත.

මෙම අවසන් තරගය බංග්ලාදේශයේ ඩකා අගනුවර බංගා බන්දු ක්‍රීඩාංගණයේ දී පැවැත්වේ.

ශ්‍රී ලංකාවද සහභාගීවූ මෙම තරගාවලියේදී ඉන්දියාව සමග පැවැති තරගයේදී 2-0 ලෙස කිසිදු ගෝලයක් ලබා ගැනීමට නොහැකිව මූලිකවටයේදී පරාජයට පත්විය.

ඉන් පසුව පැවැති මාලදිවයින හා ශ්‍රී ලංකාව අතර තරගයෙන්ද කිසිදු කණ්ඩායමකට ගෝල ලබා ගැනීමට නොහැකිවීමෙන් තරගය ජය පැරදුමෙන් අවසන් විය.

මෙවර තරගාවලියේදී ශ්‍රී ලංකාව හා භූතානය තමන් සහභාගීවු කිසිදු තරගයකින් ගෝලයක් වාර්තා කිරීමට නොහැකි වූ කණ්ඩායම් ලෙස වාර්තාවිනි.",දකුණු ආසියානු කලාපීය පාපන්දු ශූරතාවලියේ අවසන් තරගය ඉන්දියාව සහ මාලදිවයින අතර අද පැවැත්වීමට නියමිතව ඇත. මෙම අවසන් තරගය බංග්ලාදේශයේ ඩකා අගනුවර බංගා බන්දු ක්‍රීඩාංගණයේ දී පැවැත්වේ. ශ්‍රී ලංකාවද සහභාගීවූ මෙම තරගාවලියේදී ඉන්දියාව සමග පැවැති තරගයේදී 2-0 ලෙස කිසිදු ගෝලයක් ලබා ගැනීමට නොහැකිව මූලිකවටයේදී පරාජයට පත්විය. ඉන් පසුව පැවැති මාලදිවයින හා ශ්‍රී ලංකාව අතර තරගයෙන්ද කිසිදු කණ්ඩායමකට …,sin,lankaviews,Lanka Views,fake news,d7b23604-0473-4773-9350-df22abf6a332,article,MassiveSum
https://ceylondaily.com/%e0%b6%86%e0%b6%bb%e0%b6%9a%e0%b7%8a%e0%b7%82%e0%b6%9a-%e0%b6%bd%e0%b7%9a%e0%b6%9a%e0%b6%b8%e0%b7%8a%e0%b6%9c%e0%b7%9a-%e0%b6%b1%e0%b7%92%e0%b6%ba%e0%b7%9d%e0%b6%9c%e0%b6%ba%e0%b7%99%e0%b6%b1%e0%b7%8a/,,ආරක්ෂක ලේකම්ගේ නියෝගයෙන් විශේෂ මෙහෙයුම් මැදිරියක්,,"Like Love Haha Wow Sad Angry

පාතාල කල්ලි සමාජිකයින්, සංවිධානාත්මක අපරාධ කණ්ඩායම්, කප්පම්කරුවන් හා නීති විරෝධි අවි භාවිත කරන්නන් පිළිබඳ තොරතුරු ලබා දීමට විශේෂ මෙහෙයුම් මැදිරියක් ස්ථාපනය කර තිබේ.

පොලිස් විශේෂ කාර්ය බලකාය සඳහන් කළේ, මත්ද්‍රව්‍ය, මත්පැන් ජාවාරම්කරුවන්, පාරිසරික වැරදි සහ වෙනත් වැරදි සිදු කරන අය පිළිබඳ නිවැරදි දත්ත එම මෙහෙයුම් මැදිරියට ලබා දීමට ජනතාවට අවස්ථාව හිමි වන බවයි.

ඒ අනුව ඒ සම්බන්ධයෙන් වන තොරතුරු , 0112 25 80 518 යන දුරකතන අංකයට හෝ ෆැක්ස් අංක 0112 25 88 499 ලබා දිය හැකියි.

මීට අමතරව commadantstf@gmail.com විද්‍යුත් තැපෑලට ඒ සම්බන්ධයෙන් තොරතුරු ලබා දිය හැකි බව පොලිස් විශේෂ කාර්ය බලකාය සඳහන් කළේ ය.

නීති විරෝධි කටයුතු සම්බන්ධයෙන් තොරතුරු ලබා දෙන පුද්ගලයින්ගේ අනන්‍යතාව හෙළි නොකරන බව ද පොලිස් විශේෂ කාර්ය බලකාය වැඩිදුරටත් ප්‍රකාශ කළේ ය.

ආරක්ෂක අමාත්‍යාංශයේ ලේකම් විශ්‍රාමික මේජර් ජෙනරාල් කමල් ගුණරත්න මහතාගේ නියෝග මත එම විශේෂ මෙහෙයුම් මැදිරිය ස්ථාපනය කර තිබේ.

Like Love Haha Wow Sad Angry","පාතාල කල්ලි සමාජිකයින්, සංවිධානාත්මක අපරාධ කණ්ඩායම්, කප්පම්කරුවන් හා නීති විරෝධි අවි භාවිත කරන්නන් පිළිබඳ තොරතුරු ලබා දීමට විශේෂ මෙහෙයුම් මැදිරියක් ස්ථාපනය කර තිබේ. පොලිස් විශේෂ කාර්ය බලකාය සඳහන් කළේ, මත්ද්‍රව්‍ය, මත්පැන් ජාවාරම්කරුවන්, පාරිසරික වැරදි සහ වෙනත් වැරදි සිදු කරන අය පිළිබඳ නිවැරදි දත්ත එම මෙහෙයුම් මැදිරියට ලබා දීමට ජනතාවට අවස්ථාව හිමි වන බවයි. ඒ අනුව …",sin,ceylondaily,Ceylon Daily,fake news,83821bfb-dc30-4918-aecd-f5bd8a585444,article,MassiveSum
https://www.lankaviews.com/no-confidence-to-debate-on-april-4/,,රනිල්ට එරෙහි පාර්ලිමේන්තු විශ්වාසභංගය අප්‍රේල් 4 විවාදයට නියම වේ !,,"Posted on 03.22.2018 by Chandana Sirimalwatte in දේශීය පුවත් with 0 Comments

මහින්ද රාජපක්ෂ කණ්ඩායම විසින් වෙනත් විපක්ෂ බලවේග සමග ඉදිරිපත්කළ විශ්වාසභංග යෝජනාව විවාදයට ගැනීම අප්‍රේල් 4 වැනිදාට දින නියම කර තිබේ.

අද (22) පාර්ලිමේන්තු පක්ෂ නායක රැස්වීමෙදී මෙම විවාදය සදහා දින නියම කිරීම සිදුකර තිබේ.",මහින්ද රාජපක්ෂ කණ්ඩායම විසින් වෙනත් විපක්ෂ බලවේග සමග ඉදිරිපත්කළ විශ්වාසභංග යෝජනාව විවාදයට ගැනීම අප්‍රේල් 4 වැනිදාට දින නියම කර තිබේ. අද (22) පාර්ලිමේන්තු පක්ෂ නායක රැස්වීමෙදී මෙම විවාදය සදහා දින නියම කිරීම සිදුකර තිබේ.,sin,lankaviews,Lanka Views,fake news,0d9695d2-6c89-4bd4-938a-c3e5ff624dc1,article,MassiveSum
https://ceylondaily.com/%e0%b7%80%e0%b7%92%e0%b6%af%e0%b7%94%e0%b6%bd%e0%b7%92-%e0%b6%85%e0%b6%bb%e0%b7%8a%e0%b6%b6%e0%b7%94%e0%b6%b0%e0%b6%ba%e0%b6%9a%e0%b7%8a-%e0%b6%b4%e0%b7%92%e0%b7%85%e0%b7%92%e0%b6%b6%e0%b6%b3/,,විදුලි අර්බුධයක් පිළිබඳ ඇමතිගෙන් අනතුරු ඇඟවීමක්,,"Like Love Haha Wow Sad Angry

පවතින වියළි කාලගුණ තත්ත්වය හේතුවෙන් ඉදිරියේදී විදුලි අර්බුදයකට මුහුණ දීමට සිදු වන බව විදුලිබල හා බලශක්ති අමාත්‍ය මහින්ද අමරවීර මහතා පවසයි.

අමාත්‍යවරයා මේ බව කියා සිටියේ කෙරවලපිටිය විදුලි බලාගාරයේ නිරික්ෂණ චාරිකාවට එක්වීමෙන් අනතුරුව මාධ්‍ය වෙත අදහස් දක්වමිනි.

කෙසේ වෙතත් කිසිවිටෙක විදුලි කප්පාදුවක් සිදු කිරීමට උත්සහ නොගන්නා බව අමාත්‍යවරයා අවධාරණය කළේය.

ඔහු පැවසුවේ විදුලි අර්බුදයේ බර ජනතාව මත පැටවීමට ඉඩ ‍නොතබන බවයි.

Like Love Haha Wow Sad Angry",පවතින වියළි කාලගුණ තත්ත්වය හේතුවෙන් ඉදිරියේදී විදුලි අර්බුදයකට මුහුණ දීමට සිදු වන බව විදුලිබල හා බලශක්ති අමාත්‍ය මහින්ද අමරවීර මහතා පවසයි. අමාත්‍යවරයා මේ බව කියා සිටියේ කෙරවලපිටිය විදුලි බලාගාරයේ නිරික්ෂණ චාරිකාවට එක්වීමෙන් අනතුරුව මාධ්‍ය වෙත අදහස් දක්වමිනි. කෙසේ වෙතත් කිසිවිටෙක විදුලි කප්පාදුවක් සිදු කිරීමට උත්සහ නොගන්නා බව අමාත්‍යවරයා අවධාරණය කළේය. ඔහු පැවසුවේ විදුලි අර්බුදයේ බර …,sin,ceylondaily,Ceylon Daily,fake news,1e940d61-b1af-4779-b5b4-c57cb9d1cb06,article,MassiveSum
https://www.lankaviews.com/economy/,,Views of the truth,,"Posted on 01.18.2018 by Awantha Idamegama in කාටූන්, දවසේ කාටුනය with 0 Comments",අවන්ත ආටිගල ඇදි කාටුනයකි.,sin,lankaviews,Lanka Views,fake news,75b1f71e-c4e6-4518-a921-40aad44305ec,article,MassiveSum
https://www.lankaviews.com/%e0%b6%b1%e0%b6%ba%e0%b7%8f%e0%b6%bb%e0%b7%96-%e0%b6%b0%e0%b7%93%e0%b7%80%e0%b6%bb-%e0%b6%9a%e0%b6%bd%e0%b7%8f%e0%b6%b4%e0%b6%ba%e0%b7%9a-%e0%b6%87%e0%b7%80%e0%b7%92%e0%b6%bd%e0%b7%99%e0%b6%b1/,,නයාරූ - ධීවර කලාපයේ ඇවිලෙන ගිනිකන්ද!,,"Posted on 09.12.2018 by Chandana Sirimalwatte in විශේෂාංග with 0 Comments

පසුගිය සතියේදී මුලතිව් ප්‍රදේශයේ ‘නයාරු‘ කලපුවේදී තමිල් ධිවරයන්ට අයත් ලක්ෂ 50ක පමණ ධීවර ආම්පන්න ගිනිතබා විනාශ කෙරුණි.

ඉන් පෙර අගෝස්තු 13 වැනිදා රාත්‍රී කාලයේ දී නයාරු ධීවර ගම්මානයේ වාඩිවලට කිසියම් පිරිසක් ගිනි තබනු ලැබූ බව අසන්නට ලැබුණි. මෙම ගිනිතැබීම් හේතුවෙන් සිදු වී ඇති පාඩුව කෝටි තුනක් පමණ වන බවට ඇස්තමේන්තු කරණ ලදී. ගින්නට හසුව විවිධ වර්ගයේ දැල් 27ක්, ධිවර වාඩි 8ක්, බෝට්ටු 2ක් සහ බෝට්ටු එන්ජිමක් ද විනාශ වී ඇති බව එම ගම්මානයේ ධීවරයෝ පවසා ඇත.

යුද්ධයෙන් පසු වකවානුවේ දිගින් දිගට සිදුවන මෙම ධීවර ගැටුම් ප්‍රචාරය වෙමින් ඇත්තේ සිංහල තමිල් ගැටුම් ලෙසය. පැහැදිලිව කියන්නේ නම් එය සිංහල – දෙමළ ගැටුමක් ලෙස ප‍්‍රකාශයට පත්ව ඇත.

කාලාන්තරයක් තිස්සේ හලාවත ප්‍රදේශයෙන් පැමිණෙන ධීවරයන් වසර මැද කාලසීමාවේ නැගෙනහිර වෙරළේ මුලතිව් දක්වා සංක‍්‍රමණිකයන් ලෙස පැමිණෙන සම්ප‍්‍රදායක් විය. එහෙත් යුද්ධය අවසාන වීමත් සමග එසේ පැමිණෙන ධීවරයන් සංඛ්‍යාව සාපේක්‍ෂව ඉහල අගයක් ගන්නා ලදී. එසේ පැමිණියවුන්ට නාවුක හමුදාව ඇතුලු මිලිටරි බලයේ ද දේශපාලන අධිකාරියේ සහායෙ හිමි විය. තරමක් ධනවත් ධීවර වෙළදුන් සතු විශාල බහුදින යාත්‍රා සමග තහනම් ආම්පන්නවලද සහායෙන් හැකිතරම් අස්වනු නෙළීම එම සංක්‍රමණික ධිවරයන්ගේ ක‍්‍රමවේදය වීය.

එහෙත් මේ අතරතුර නයාරු කලපු මෝ්ය අවට පමණක් නොව, වෙනත් ප‍්‍රදේශවලද සාම්ප්‍රදායිකව මසුන් ඇල්ලීම කළ දහස් ගණනින් වූ තමිල් ජනයාගේ ජීවනෝපායට හිරිහැරකාරී තත්වයක් ඇරඹෙන්නේ ඒ සමගය. යුද්ධය පැවති දිගුකලක් පුරා මේ බිම් ඔවුන්ට සපුරා තහනම් කලාප වීය. යුද්ධයෙන් අනතුරුවද දෙවසරකට ආසන්න කාලයක් ඹවුන්ට ගත කිරීමට බල කරනු ලැබූයේ අවතැන් කඳවුරු තුළය. යුද්ධය නිමා වීමෙන් පසුව දිවි බේරාගෙන යළි සිය ගම් බිම් කරා පැමිණියවුන් සතුවූයේ සිය ඇඳිවත පමණක් බව කවුරුත් දන්නා දෙයකි. කෙසේවෙතත් මේ ආකාරයට නයාරු වෙත යළි පැමිණියද සාම්ප්‍රදායික ධීවර රැකියාව කරා යාම වෙනුවට ඹවුන්ට බල කරනු ලැබූයේ සිතිජය දෙස බලා හූල්ලමින් සිටීමටය. එහෙත් ඹවුන් ක්‍රම ක්‍රමයෙන් යළි සිය ජීවිතය ජයැනීමට තැත් කරමින් මසුන් මැරීමේ රැකියාවෙ ආරම්භ කළහ. එහෙත් එතැන් පටන් මේ දක්වා ඔවුන්ට බලකරනු ලැබ තිබෙන්නේ යළි අවතැන්භාවය කරා තල්ලු විමටය. පසුගිය සතියේ ගිනිපූජාවට දවාහළු කළ ධීවර වාඩි, කුඩා යාත්‍රා, දැල් ආම්පන්න කියා පෑවේ එකී කථාවේ උච්ච අවස්ථාවකි.

තිස් වසරක යුද්ධය අවසාන වී දශකයක්ද ඉක්ම යමින් තිබේ. එහෙත් උතුරට අදාලව පාලක පංතිය වශයෙන් හෝ සමාජයක් ලෙස හෝ අත්කර ගත් විචාරයක් නැත. එය ඹ්නෑවටත් වඩා පෙන්නුම් කර තිබුණද යුද්ධයේ ‍ඛේදවාචකය විසින් අපට ඉගැන්වූ දෙයක් නැති තරම්ය. විකල්ප දේශපාලනයක් පිළිබඳ සඳහනක් උතුරට වඩාත් දුරස්තය. මේ අත්දැකීම් විසින් උතුරේ පීඩිතයාට තවදුරටත් බලකර සිටිනුයේ කුමක්ද? පීඩිතභාවයම කිරුළු පළදන ලෙසද, නැතිනම් සිය තමන් පීඩාවට පත් කරන තත්වයෙන්පූර්ණ නිදහසක් පතා තමන්ම උගත් පාඩම් තුලින් මගක් සොයා යාමද? කාලය ගෙවී යමින් තිබෙන්නේ ඒ තීරණය ගැනීමට බලකරමින් බව නිසැකය.",පසුගිය සතියේදී මුලතිව් ප්‍රදේශයේ ‘නයාරු‘ කලපුවේදී තමිල් ධිවරයන්ට අයත් ලක්ෂ 50ක පමණ ධීවර ආම්පන්න ගිනිතබා විනාශ කෙරුණි. ඉන් පෙර අගෝස්තු 13 වැනිදා රාත්‍රී කාලයේ දී නයාරු ධීවර ගම්මානයේ වාඩිවලට කිසියම් පිරිසක් ගිනි තබනු ලැබූ බව අසන්නට ලැබුණි. මෙම ගිනිතැබීම් හේතුවෙන් සිදු වී ඇති පාඩුව කෝටි තුනක් පමණ වන බවට ඇස්තමේන්තු කරණ ලදී. ගින්නට හසුව විවිධ …,sin,lankaviews,Lanka Views,fake news,ef10adce-ab55-4f15-b269-85b112ab5eb0,article,MassiveSum
https://www.lankaviews.com/%e0%b6%9a%e0%b7%9c%e0%b7%80%e0%b7%92%e0%b6%a9%e0%b7%8a-%e0%b6%b8%e0%b6%bb%e0%b6%ab-%e0%b6%85%e0%b6%b1%e0%b7%92%e0%b7%80%e0%b7%8f%e0%b6%bb%e0%b7%8a%e0%b6%ba-%e0%b6%86%e0%b6%af%e0%b7%8f%e0%b7%84-2/,,කොවිඩ් මරණ අනිවාර්ය ආදාහනයට එරෙහි පෙත්සම් ඉවතට,,"Posted on 12.01.2020 by Sithara Sajeewani in දේශීය පුවත් with 0 Comments

කොවිඩ් ආසාදනයෙන් මරණයට පත්වන පුද්ගලයින්ගේ මෘත ශරීර ආදාහනය කිරීම අනිවාර්ය කරමින් නිකුත් කර තිබෙන ගැසට් නිවේදනය බලරහිත කරන මෙන් ඉල්ලා ගොනුකර තිබු පෙත්සම් ශ්‍රේෂ්ඨාධිකරණය විසින් ප්‍රතික්ෂේප කර තිබේ.

පාර්ලිමේන්තු මන්ත්‍රි රිෂාඩ්, මානවහිමිකම් ක්‍රියාකාරින් හා නීතිඥ පාර්ශවයක් එක්ව මෙම පෙත්සම ගොනු කර ඇති අතර එහි දී ඔවුන් පවසා තිබුණේ මෘතදේහ ආදාහනය සිය ආගමික ඇදහිලි හා චාරිත්‍රාවලට පටහැනි බවයි.

කොවිඩ් මරණ ආදාහනය අනිවාර්ය කිරීමේ තීරණයට විරෝධය පළකරමින්, මිය ගිය තම ඥාතීන්ගේ දේහයන් බාර නොගැනීමට මුස්ලිම් පවුල් කිහිපයක්ම පසුගිය දින කිහිපයේ කටයුතු කර ඇති බව වාර්තා විය.

එම සිරුරු ආදාහනය කිරීම සඳහා මිනී පෙට්ටිවලට මුදල් ලබාදෙන ලෙස සෞඛ්‍ය අමාත්‍යංශය කළ ඉල්ලීම ද ඔවුන් විසින් ප්‍රතික්ෂේප කර ඇත.

කොවිඩ් 19 ආදනයෙන් මියයන මුස්ලිම්වරුන් භූමදානය කිරීමට ඉඩ නොදීම සම්බන්ධයෙන් මුස්ලිම් සමාජයෙන් බරපතල විරෝධයක් එල්ලවෙමින් තිබේ.

කොවිඩ් වෛරස ආසාදිත වින්දිතයින්ගේ මෘතදේහ අනිවාර්ය ආදාහනය පිළිගත නොහැකි බවට ශ්‍රී ලංකා මානව හිමිකම් කොමිසම් සභාවද අවධාරනය කර තිබුණි.","කොවිඩ් ආසාදනයෙන් මරණයට පත්වන පුද්ගලයින්ගේ මෘත ශරීර ආදාහනය කිරීම අනිවාර්ය කරමින් නිකුත් කර තිබෙන ගැසට් නිවේදනය බලරහිත කරන මෙන් ඉල්ලා ගොනුකර තිබු පෙත්සම් ශ්‍රේෂ්ඨාධිකරණය විසින් ප්‍රතික්ෂේප කර තිබේ. පාර්ලිමේන්තු මන්ත්‍රි රිෂාඩ්, මානවහිමිකම් ක්‍රියාකාරින් හා නීතිඥ පාර්ශවයක් එක්ව මෙම පෙත්සම ගොනු කර ඇති අතර එහි දී ඔවුන් පවසා තිබුණේ මෘතදේහ ආදාහනය සිය ආගමික ඇදහිලි හා චාරිත්‍රාවලට …",sin,lankaviews,Lanka Views,fake news,ddf7048f-45e8-409a-94f9-407ec7a8a3ed,article,MassiveSum
https://www.lankaviews.com/%e0%b6%b4%e0%b7%99-%e0%b7%83-%e0%b6%b4-%e0%b6%9a%e0%b7%8a%e2%80%8d%e0%b6%bb%e0%b7%92%e0%b6%ba%e0%b7%8f%e0%b6%9a%e0%b7%8f%e0%b6%bb%e0%b7%93%e0%b6%b1%e0%b7%8a-%e0%b6%85%e0%b6%ad%e0%b7%8a%e0%b6%85/,,පෙ.ස.ප. ක්‍රියාකාරීන් අත්අඩංගුවට ගත් පොලීසියේ පිරිසක් නිරෝධායනයට,,"Posted on 06.11.2020 by Sithara Sajeewani in දේශීය පුවත් with 0 Comments

කොල්ලුපිටිය මංසන්ධියේදී පෙරටුගාමී සමාජවාදී පක්ෂය විසින් සංවිධානය කරනලද උද්ඝෝෂණය සඳහා පැමිණ සිටි පිරිස් බලහත්කාරයෙන් අත්අඩංගුවට ගත් කොල්ලුපිටිය පොලිස් ස්ථානාධිපති ඇතුළු පොලිස් නිලධාරීන් 30 දෙනෙකු නිරෝධායනය සඳහා ශ්‍රී ලංකා පොලිසිය විසින් පවත්වාගෙන යනු ලබන අත්තිඩිය නිරෝධායන මධ්‍යස්ථානය වෙත යොමුකර ඇති බව පොලිස් මාධ්‍ය කොට්ඨාසය පවසයි.",කොල්ලුපිටිය මංසන්ධියේදී පෙරටුගාමී සමාජවාදී පක්ෂය විසින් සංවිධානය කරනලද උද්ඝෝෂණය සඳහා පැමිණ සිටි පිරිස් බලහත්කාරයෙන් අත්අඩංගුවට ගත් කොල්ලුපිටිය පොලිස් ස්ථානාධිපති ඇතුළු පොලිස් නිලධාරීන් 30 දෙනෙකු නිරෝධායනය සඳහා ශ්‍රී ලංකා පොලිසිය විසින් පවත්වාගෙන යනු ලබන අත්තිඩිය නිරෝධායන මධ්‍යස්ථානය වෙත යොමුකර ඇති බව පොලිස් මාධ්‍ය කොට්ඨාසය පවසයි.,sin,lankaviews,Lanka Views,fake news,9dac7781-4905-4659-af23-a42d4014b9f4,article,MassiveSum
https://www.lankaviews.com/%e0%b7%83%e0%b6%b8-%e0%b6%85%e0%b6%ba%e0%b7%92%e0%b6%ad%e0%b7%92%e0%b6%ba-%e0%b7%80%e0%b7%8a%e2%80%8d%e0%b6%ba%e0%b7%8f%e0%b6%b4%e0%b7%8f%e0%b6%bb%e0%b6%ba-%e0%b6%af%e0%b7%9a%e0%b7%81%e0%b6%b4/,,සම අයිතිය ව්‍යාපාරය දේශපාලන සිරකරුවන් මුණගැසීමට යයි,,Posted on 11.20.2015 by Nishshanka in Uncategorized with 0 Comments,"සම අයිතිය ව්‍යාපාරය නියෝජනය කරමින් එහි කැඳවුම්කරු රවීන්ද්‍ර මුදලිගේ, හිටපු පාර්ලිමේන්තු මන්ත‍්‍රී අජිත් කුමාර හා නීතීඥ නුවන් බෝපගේ අද (20)සවස 2.00ට දේශපාලන සිරකරුවන් මුණගැසී සාකච්ඡා කිරීමට කොළඹ මැගසින් බන්ධනාගාරයට යන බව සම අයිතිය ව්‍යාපාරය මාධ්‍ය නිවේදනයක් නිකුත් කරමින් කියා සිටී.",sin,lankaviews,Lanka Views,fake news,e77e5d71-3b75-4177-8c64-45f9b1ba8904,article,MassiveSum
https://ceylondaily.com/%e0%b7%80%e0%b7%92%e0%b6%b7%e0%b7%8f%e0%b6%9c-%e0%b7%83%e0%b6%b3%e0%b7%84%e0%b7%8f-%e0%b6%9d%e0%b6%b1%e0%b6%9a-%e0%b6%ba%e0%b6%b1%e0%b7%8a%e0%b6%ad%e0%b7%8a%e2%80%8d%e0%b6%bb-%e0%b6%b7%e0%b7%8f/,,විභාග සඳහා ඝනක යන්ත්‍ර භාවිතය මේ වසරේ සිට,,"Like Love Haha Wow Sad Angry

මේ වසරේ සිට විභාග සඳහා ඝනක යන්ත්‍ර භාවිතයට ලබා දීම සඳහා විභාග දෙපාර්තමේන්තුවේ අවධානය යොමුවී තිබේනවා.

ඒ අනුව විභාග දෙපාර්තමේන්තුව විසින් පවත්වන තොරාගත් විභාග විෂයන් සඳහා මෙලෙස ඝනක යන්ත්‍ර ලබා දීමට නියමිතයි.

Like Love Haha Wow Sad Angry",මේ වසරේ සිට විභාග සඳහා ඝනක යන්ත්‍ර භාවිතයට ලබා දීම සඳහා විභාග දෙපාර්තමේන්තුවේ අවධානය යොමුවී තිබේනවා. ඒ අනුව විභාග දෙපාර්තමේන්තුව විසින් පවත්වන තොරාගත් විභාග විෂයන් සඳහා මෙලෙස ඝනක යන්ත්‍ර ලබා දීමට නියමිතයි.,sin,ceylondaily,Ceylon Daily,fake news,982cab11-9045-46b5-84e2-5c800e0b1522,article,MassiveSum
https://ceylondaily.com/%e0%b6%b4%e0%b7%9c%e0%b6%ad%e0%b6%b4%e0%b6%ad%e0%b7%9a-%e0%b6%af%e0%b7%90%e0%b6%b1%e0%b7%94%e0%b6%b8%e0%b7%99%e0%b6%b1%e0%b7%8a-%e0%b6%b4%e0%b6%b8%e0%b6%ab%e0%b6%9a%e0%b7%8a-%e0%b6%b4%e0%b6%bb/,,පොතපතේ දැනුමෙන් පමණක් පරිපූර්ණ ප්‍රවෘත්ති නිවේදිකාවක් වෙන්න බැහැ - ටෂ්මා කුමරප්පෙරුම,,"Like Love Haha Wow Sad Angry

ටෂ්මා කුමරප්පෙරුම කියන්නේ පුංචි තිරයෙන් අපට හමුවන දක්ෂ, ආකර්ෂණීය ප්‍රවෘත්ති නිවේදිකාවක්. වසර දහයක් පමණ වන මාධ්‍ය ජීවිතයේ දී සිරස නිවුස් ෆස්ට් ප්‍රවෘත්ති සහ වැඩසටහන් තුළින් අප හමුවට එන ඇය සහභාගි වන පළමු සම්මුඛ සාකච්ඡාව මෙයයි.

ඇත්තටම හොදින් ඉන්නවා. වසර අවසානයට තමයි අපි ළගා වෙලා තියෙන්නේ. මැතිවරණ උණුසුමත් එක්ක අපි කාර්ය බහුලයි.

ඇත්තටම පොඩි කාලේ ඉදලාම මම මාධ්‍ය ක්ෂේත්‍රයට කැමතියි. හැබැයි මං හිතුවේ නැහැ ඒ සිහිනය සැබෑ කරගන්න පුලුවන් කියලා. මං ඇත්තම කිව්වොත් පොඩි කාලේත් පොඩ්ඩක් කියවනවා වැඩියි. අනිත් ළමයින්ට සාපේක්ෂව තර්කානුකූලව තමයි කතා කරන්නේ. මං හිතන්නේ ඒකත් එක හේතුවක් වෙන්න ඇතිි. මම උසස් පෙළ හදාරන කොට හිතුවේ ගුරුවරියක් වෙන්න ඕනේ කියලා. නමුත් මගේ මොකද්දෝ වාසනාවකට දෛවය විසින් මාව මේ පැත්තට යොමු කළා.

මම හිතපු තරම් පහසු කාර්යයක් වුණේ නැහැ. ගොඩාක් දේවල් මට ඉගෙන ගන්න තිබුණා. මොකද මාධ්‍ය කියන විෂය ප්‍රායෝගිකව ඉගෙන ගන්න ඕනේ දෙයක්. මාධ්‍ය ක්ෂේත්‍රය අනිත් ක්ෂේත්‍ර වලට වඩා ගොඩාක් වෙනස්. සංකීර්ණ විෂය පථයක්. ඒක නිසාම මං හිතුවා අනිවාර්යෙන්ම මේ දේ කරලා බලන්න. මං කොහොමත් කැමති ගොඩාක් අමාරු දේවල් කරන්න සහ අත්දැකීමක් ලබා ගන්න. මම හිතනවා ඒ අවස්ථාවෙන් මම උපරිම ඵල නෙලා ගත්තා කියලා.

ප්‍රවෘත්ති නිවේදිකාවක් වු පමණින් ඇයට හෝ ඔහුට තිබෙන්නේ ප්‍රවෘත්ති කීයවීම පමණක් නොවේ. දෛනික ප්‍රවෘත්ති ලිවීම, ඒ්වා සංස්කරණය කිරිම සහ අපි සකස් කළ ප්‍රවෘත්ති රූපවාහිනිය ඔස්සේ කියවීම කියන ක්‍රියාවලිය අද ප්‍රවෘත්ති නිවේදක නිවේදිකාවන්ට පැවරිලා තියෙනවා. ඇත්තටම කිව්වොත් මේක දීර්ඝ ක්‍රියාවලියක්. ඇතැමෙක්ට කියන්න පුලුවන් ප්‍රවෘත්තියක් කියවන එක පහසු දෙයක් කියලා. ඒහෙම හිතෙන්නේ ඒකේ පිටිපස්සේ තියෙන ගැඹුර පේන්නේ නැති නිසා.

ප්‍රවෘත්ති නිවේදනය කියන්නේ ඉතා වගකීම් සහගත රැකියාවක්. අපි සහ ප්‍රේක්ෂකයෝ අතර බැදීමක්, විශ්වසනීයත්වයක් අනිවාර්යෙන්ම ගොඩ නැගිය යුතුයි. කොයිතරම් තාක්ෂණය දියුණු වුණත් තොරතුරු පිපාසයෙන් ඉන්න ජනතාවගෙන් වැඩිම පිරිසක් තවමත් තමන්ගේ ප්‍රධානම තොරතුරු දැනගැනීමේ මාධ්‍ය කරගෙන තියෙන්නේ රූපවාහිනිය, ඒ අනුව ඒ තොරතුරු රැගෙන එන ප්‍රවෘත්තී නිවේදකයාට හෝ නිවේදිකාවට සමාජයේ ලොකු පිළිගැනීමක් සහ වටිනාකමක් තියෙනවා. අන්න ඒ දේ තේරුම් ගෙන කටයුතු කළ යුතුයි කියලා තමයි මම හිතන්නේ.තවත් එක දෙයක්, දැනුම කියන දේ පොතපත කියවීමෙන්, අන්තර්ජාලය පරිහරණය කිරීමෙන් වර්ධනය කර ගන්න පුළුවන්. හැබැයි පලපුරුද්ද සහ අත්දැකීම් , පරිපූර්ණ ප්‍රවෘත්ති නිවේදකයකු හෝ නිවේදිකාවක් වෙන්න බලපානවා. මට මතකයි, පළමුවැනි දවසේ ප්‍රවෘත්ති ඉදිරිපත් කළා වගේ නෙවේ ටික කාලයක් ගියාම ඒක වෙනස් වෙනවා. චකිතය, හඬ පාලනය කියන දේවල් එන්නේ අත්දැකීම් සහ ක්‍රමාණුකූලව සිදුකරන අභ්‍යාසවලින් කියන එකයි මගේනම් පෞද්ගලික අදහස.

මම ඒකේ වැරැද්දක් දකින්නේ නැහැ. හැබැයි ඒ විෂය තේරුම් ගෙන ඒ විදිහට කරනවා නම් හොදයි කියලා හිතනවා. තමන්ට ඒ පිළිබඳව හැකියාවක් තියෙනවා නම් කරාට කමක් නැහැයි කියන එක තමයි මගේ අදහස. තමන් කරන ඕනෑම විෂයක් ගැන අවබෝධයකින් වැඩ කරනවා නම් ඒකට මේක ප්‍රශ්නයක් වෙන්නේ නැහැ. මමත් ආරම්භයේ ඉදලාම ප්‍රවෘත්ති නිවේදිකාවක් වගේම වැඩසටහන් නිවේදිකාවක් විදිහට වැඩ කටයුතු කලා. හැබැයි මම ඒ දෙක පටලවා ගත්තේ නැහැ. ඒ දෙකම දෙආකාරයට සිදු කලා. මගේ සහෝදර නිවේදක නිවේදිකාවන් සිටිනවා ඔවුන් ඒ ආකාරයට නිරත වෙලා සිටිනවා. මම කලින් කිව්වා වගේ ඒ ඒ වෘත්තිය ඒ අදාළ විදිහට සිදු කරනවා නම් මම ඒකේ වැරැද්දක් දකින්නේ නැහැ.

මේ ප්‍රශ්නෙට මම මෙහෙම උත්තරයක් දෙන්නම්. ටෂ්මා කියලා කියන්නේ , සරල කෙල්ලෙක්. හැබැයි ලස්සනට ඉන්න මම ගොඩක් කැමතියි. යතාර්යේ ජීවත් වෙන්නත් මම උත්සාහ කරනවා. මාව ආශ්‍රය කරන අය මට කියන්නේ, ඔයා අවංකයි, ඔයා අපිට උදව් කරනවා, ඔයාට හොඳ හිතක් තියෙනවා කියලා තමයි. මම දන්නේ නෑ ඒක මනින්නේ කොහොමද කියලා. ඒත් එක දෙයක් කියන්න පුලුවන් මම බොරුවෙන් ජීවත් වෙන්න කැමති නැති කෙනෙක්. බෞද්ධ දර්ශනය අනුව ජීවත් වෙන්නයි මම කැමති. හැබැයි මට දැනෙන දෙයක් තමයි මට ඉක්මනට කේන්ති යනවා. ඒත් බොහොම ඉක්මනින් ආයෙත් නිවෙනවා. ඇතැම් විට තද චරිතයක් කියලත් යාලුවෝ කියන වෙලාවලුත් නැතුවම නෙමෙයි. ආදරයට ආදරේ කරන, ගරුකල යුත්තන්ට ගරු කරන, පිං දහම් කටයුතුවලට කැමති කෙනෙක් කිව්වොත් මම හරි.

වෘත්තිය පැත්තෙන් කථා කළොත් මම දැන් නිව්ස් ෆස්ට් හි විකුණුම් කළමනාකාරිණියක් විදිහට වැඩ කරනවා. බොහොම මෑතකදී තමයි මට ඒ අවස්ථාව ලැබුනේ. මම කලින් වැඩ කළේ ප්‍රවෘත්ති නිවේදිකාවක් සහ නිෂ්පාදකවරියක් විදිහට. දැන් හාත්පසින්ම වෙනස් රැකියා ස්ථානයකට තමයි මාරු වෙලා තියෙන්නේ. මම ඇත්තටම මේ දිනවල ඒ වෘත්තිය ගැන මනා අවබෝධයක් ගනිමින් සිටිනවා. විකුණුම් ක්ෂේත්‍රය ගැන හදාරා තිබුණාට ප්‍රායෝගික දැනුමක් තිබුනේ නැහැ. කැපිටල් මහරාජා ආයතනය මට දුන්නු විශාල අභියෝගයක් කියලා මට මේක දැනෙන්නේ. ඒ කියන්නේ මම ගැන යම් විශ්වාසයක් තියෙන නිසා තමයි ඔවුන් මේ අවස්ථාව මට දුන්නේ කියලා හිතනවා. ඉතින් මං ඒ් අභියෝගය බාර අරගෙන කැපවීමෙන් තමයි කටයුතු කරන්නේ. හැමදාමත් කාටවත් කරදරයක් නොවී, සමාජයේ හොඳ පුරවැසියෙක් විදිහට ජීවත් වෙන්නයි උත්සහ කරන්නේ. මොකද, බලාපොරොත්තු සහ ආශාවන් තමයි අපිව ජීවත් කරවන්නේ. බලමු, අනාගතයේදි, මගේ ජීවිතයට හොඳයි කියන දේ භාරගන්නවා…එපා කියලා හිතෙන දේ බැහැර කරනවා.

ඔව්. පළමුවෙන්ම මම ආදරෙන් මතක් කරන්නේ මගේ දෙමව්පියන්. ඔවුන් තමයි හැමදාමත් මගේ ශක්තිය වුණේ. මගේ තාත්තා අපි අතර නැහැ දැන්. එත් ඔහුගේ ආශිර්වාදය හැමදාම මට ලැබෙනවා. ඒ වගේම මගේ සහෝදරයා සහ පුංචි මතක් කරන්න ඔිනි. අපේ සභාපති රාජමහේන්ද්‍රන් මහතා සහ ඔහුගේ බිරිඳ, සමූහ අධ්‍යක්ෂ ෂෙවාන් ඩැනියල් මහතා ත් මේ දක්වා මගේ ගමනට විශාල ශක්තියක් වුණා.

ඒ් වගේම අද මාව මේ සාකච්ඡාවට සම්බන්ධ කර ගත් ඔබටත්, ceylondaily.com කාර්යය මණ්ඩලයටත් ස්තුති කරන්නත් මම මේක අවස්ථාවක් කර ගන්නවා.

Like Love Haha Wow Sad Angry","ටෂ්මා කුමරප්පෙරුම කියන්නේ පුංචි තිරයෙන් අපට හමුවන දක්ෂ, ආකර්ෂණීය ප්‍රවෘත්ති නිවේදිකාවක්. වසර දහයක් පමණ වන මාධ්‍ය ජීවිතයේ දී සිරස නිවුස් ෆස්ට් ප්‍රවෘත්ති සහ වැඩසටහන් තුළින් අප හමුවට එන ඇය සහභාගි වන පළමු සම්මුඛ සාකච්ඡාව මෙයයි.  ටෂ්මා මොනවද මේ දවස්වල විස්තර? ඇත්තටම හොදින් ඉන්නවා. වසර අවසානයට තමයි අපි ළගා වෙලා තියෙන්නේ. මැතිවරණ උණුසුමත් එක්ක අපි කාර්ය …",sin,ceylondaily,Ceylon Daily,fake news,e5bf27c9-0f1a-48c6-9304-e678c13b0c33,article,MassiveSum
https://www.lankaviews.com/%e0%b7%80%e0%b7%83%e0%b6%bb-40-%e0%b6%9a%e0%b7%8a-%e0%b6%ad%e0%b7%94%e0%b7%85-%e0%b6%b8%e0%b7%94%e0%b7%84%e0%b7%94%e0%b6%ab-%e0%b6%b4%e0%b7%91-%e0%b6%af%e0%b6%bb%e0%b7%94%e0%b6%ab%e0%b7%94%e0%b6%ad/,,වසර 40 ක් තුළ මුහුණ පෑ දරුණුතම ආර්ථික පසුබෑමට දකුණු ආසියාව මුහුණ දෙනවා - ලෝක බැංකුව,,"Posted on 04.13.2020 by Sithara Sajeewani in දේශීය පුවත් with 0 Comments

කොවිඩ් 19 වෛරසය පැතිරීම හේතුවෙන් ඉන්දියාව සහ ශ්‍රී ලංකාව ඇතුළු අනෙකුත් දකුණු ආසියානු රටවල් මේ වසරේ දශක හතරක් තුළ වාර්තා කරන ලද නරකම ආර්ථික වර්ධන ක්‍රියාකාරිත්වය වාර්තා කිරීමට ඉඩ ඇති බව රොයිටර් පුවත් සේවය ලෝක බැංකුව උපුටා දක්වමින් පවසයි.

රටවල් අටකින් සමන්විත දකුණු ආසියානු කලාපය මේ වසරේදී 1.8% සිට 2.8% දක්වා ආර්ථික වර්ධනයක් පෙන්නුම් කරන බව ලෝක බැංකුව සිය දකුණු ආසියානු ආර්ථික කේන්ද්‍රීය වාර්තාවේ සඳහන් කර තිබේ. එය මාස හයකට පෙර පුරෝකථනය කළ 6.3% ට වඩා බෙහෙවින් අඩු අගයකි.

කලාපයේ විශාලතම ඉන්දියාවේ ආර්ථිකය අපේ‍්‍රල් 1 වනදා ආරම්භ වූ මූල්‍ය වර්ෂය තුළ 1.5% සිට 2.8% දක්වා වර්ධනය වනු ඇතැයි අපේක්ෂා කෙරේ. මාර්තු 31 වනදායින් අවසන් වූ මූල්‍ය වර්ෂය තුළ එය 4.8% සිට 5% දක්වා වර්ධනය වනු ඇතැයි ලෝක බැංකුව ගණන් බලා තිබුණි.

ඉන්දියාව හැරුණු විට ශ්‍රී ලංකාව, නේපාලය, භූතානය සහ බංග්ලාදේශය ද ආර්ථික වර්ධනයේ තියුණු පහත වැටීමක් පෙන්වනු ඇතැයි ලෝක බැංකුව පුරෝකථනය කරයි.

අපේ‍්‍රල් 7 වන විට ලබා ගත් දත්තවලට ආණ්ඩුව පාකිස්තානය, ඇෆ්ගනිස්ථානය සහ මාලදිවයින යන තවත් රටවල් තුන ආර්ථික අවපාතයකට මුහුණ දෙනු ඇති ඇතැයි අපේක්ෂා කරන බව ලෝක බැංකුව වාර්තාවේ සඳහන් කර ඇත.

කොවිඩ් 19 වෛරසයට එරෙහි ක්‍රියාමාර්ග දකුණු ආසියාව පුරා සැපයුම් දාමයන් කඩාකප්පල් කර ඇති අතර, මේ වන විට රෝගීන් 13,000 කට වඩා වාර්තා වී ඇති බව මෙම වාර්තාව පවසයි.",කොවිඩ් 19 වෛරසය පැතිරීම හේතුවෙන් ඉන්දියාව සහ ශ්‍රී ලංකාව ඇතුළු අනෙකුත් දකුණු ආසියානු රටවල් මේ වසරේ දශක හතරක් තුළ වාර්තා කරන ලද නරකම ආර්ථික වර්ධන ක්‍රියාකාරිත්වය වාර්තා කිරීමට ඉඩ ඇති බව රොයිටර් පුවත් සේවය ලෝක බැංකුව උපුටා දක්වමින් පවසයි. රටවල් අටකින් සමන්විත දකුණු ආසියානු කලාපය මේ වසරේදී 1.8% සිට 2.8% දක්වා ආර්ථික වර්ධනයක් පෙන්නුම් කරන …,sin,lankaviews,Lanka Views,fake news,f5a86d10-b738-4c05-845c-44d7197e05b1,article,MassiveSum
https://www.lankaviews.com/%e0%b6%bb%e0%b7%94-1000%e0%b6%9a-%e0%b6%af%e0%b7%9b%e0%b6%b1%e0%b7%92%e0%b6%9a-%e0%b7%80%e0%b7%90%e0%b6%a7%e0%b7%94%e0%b6%b4%e0%b6%9a%e0%b7%8a-%e0%b6%89%e0%b6%bd%e0%b7%8a%e0%b6%bd%e0%b7%8f-%e0%b7%80/,,"රු.1000ක දෛනික වැටුපක්, ඉල්ලා වතු සේවා උද්ඝෝෂණයක්!",,Posted on 10.10.2016 by Chandana Sirimalwatte in දේශීය පුවත් with 0 Comments,"රුපියල් 1000ක දෛනික වැටුපක්, දින 6ක වැඩ සතියක් සහ මාස 18ක හිඟ වැටුප් ඉල්ලා වතුසේවකයෝ ඔක්තෝබර් 9වැනිදා මාතලේ නගරයේ උද්ඝෝෂණයක් පැවැත්වූහ. එයට නව ප්‍රජාතන්ත්‍රවාදී මාක්ස් ලෙනින්වාදී පක්ෂය, කොමියුනිස්ට් කම්කරු සංගමය, ලංකා කම්කරු සමිතිය. පෙරටුගාමී සමාජවාදී පක්ෂය ඇතුළු වාමාංශික පක්ෂ සහ වෘත්තීය සමිති ගණනාවක් එක්විය. තොන්ඩමාන්, දිගම්බරන් ඇතුළු දක්ෂිනාංශිකයන්ගේ බල ක්‍රීඩා වල ගොදුරු බවට පත්වීමෙන් වලකා …",sin,lankaviews,Lanka Views,fake news,7a842eb1-e63e-4eb1-a258-99a8f33f537c,article,MassiveSum
https://www.lankaviews.com/sofa-acsa-%e0%b6%9a%e0%b6%bd%e0%b7%92%e0%b6%b1%e0%b7%8a-%e0%b6%85%e0%b6%ad%e0%b7%8a%e0%b7%83%e0%b6%b1%e0%b7%8a-%e0%b6%9a%e0%b6%bb%e0%b6%b4%e0%b7%94%e0%b7%80%e0%b7%8f-%e0%b6%85%e0%b6%b4%e0%b7%92/,,"SOFA, ACSA කලින් අත්සන් කරපුවා, අපි කරන්නේ කාලය දික් කිරීම - ලක්ෂමන් කිරිඇල්ල",,"Posted on 08.11.2019 by Sithara Sajeewani in දේශීය පුවත් with 0 Comments

ආණ්ඩුව නීතිපති උපදෙස් නොමැතිව කිසිදු රටක් සමඟ ගිවිසුම් අත්සන් නොකරන බව සභා නායක ලක්ෂමන් කිරිඇල්ල පාර්ලිමේන්තුවේදී පවසා තිබේ.

සෝෆා ගිවිසුමේ (Status of Forces Agreement) කාලය දිගු කිරීම පිළිබඳ දැනටමත් නීතිපති උපදෙස් ලබාගෙන අවසන් බවද ලක්ෂමන් කිරිඇල්ල පවසා ඇත.

ඔහු පවසන්නේ අත්පත් කර ගැනීම සහ හරස් සේවා ගිවිසුම (ACSA) 2007 වසරේ අත්සන් කරන විට චන්ද්‍රිකා බණ්ඩාරනායක යුගයේ එනම් 1995 සෝෆා ගිවිසුම අත්සන් කර තිබූ බවයි.

” මේ සන්දර්භය තුළ මෙම රජය කරන්නේ මෙම ගිවිසුම් දීර්ඝ කිරීමයි. කෙසේ වෙතත්, රජය එය කරන්නේ නීතිපතිවරයාගේ උපදෙස් පැතීමෙන් පසුව. ශ්‍රී ලංකාවට අහිතකර ලෙස බලපාන්නේ නම් ඕනෑම වේලාවක ගිවිසුම් අවලංගු කිරීමට ඔහුට බලය තියෙනවා”

සෝෆා ගිවිසුම 1994 අත්සන් කරන ලද්දක් බව මෙතෙක් අනාවරණය නොවූ කරුණක් ලෙස පවතියි. ආණ්ඩුව කිහිප වරක් පැවසුවේ සෝෆා ගිවිසුම අත්සන් කර නොමැති බවත් ඒ පිළිබඳ සාකච්ඡා පැවැත්වෙමින් තිබෙන බවයි.",ආණ්ඩුව නීතිපති උපදෙස් නොමැතිව කිසිදු රටක් සමඟ ගිවිසුම් අත්සන් නොකරන බව සභා නායක ලක්ෂමන් කිරිඇල්ල පාර්ලිමේන්තුවේදී පවසා තිබේ. සෝෆා ගිවිසුමේ (Status of Forces Agreement) කාලය දිගු කිරීම පිළිබඳ දැනටමත් නීතිපති උපදෙස් ලබාගෙන අවසන් බවද ලක්ෂමන් කිරිඇල්ල පවසා ඇත. ඔහු පවසන්නේ අත්පත් කර ගැනීම සහ හරස් සේවා ගිවිසුම (ACSA) 2007 වසරේ අත්සන් කරන විට චන්ද්‍රිකා බණ්ඩාරනායක …,sin,lankaviews,Lanka Views,fake news,6db1ca1f-220e-42e6-b6a8-9441339df1d7,article,MassiveSum
https://www.lankaviews.com/%e0%b7%80%e0%b7%83%e0%b6%bb%e0%b7%9a-%e0%b6%b8%e0%b7%94%e0%b6%bd%e0%b7%8a-%e0%b6%b8%e0%b7%8f%e0%b7%83-9-%e0%b6%ad%e0%b7%94%e0%b7%85-%e0%b6%b4%e0%b6%b8%e0%b6%ab%e0%b6%9a%e0%b7%8a-%e0%b6%a9%e0%b7%99/,,වසරේ මුල් මාස 9 තුළ පමණක් ඩෙංගු රෝගීන් 57000ක්,,"Posted on 10.28.2019 by Sithara Sajeewani in දේශීය පුවත් with 0 Comments

මෙම වසරේ ගතවූ මාස 10ට ආසන්න කාලය තුළ රට පුරා ඩෙංගු රෝගීන් 57000ක් වාර්තා වී ඇති බව ජාතික ඩෙංගු මර්දන ඒකකයේ අධ්‍යක්ෂවරයා පවසා තිබේ.

එමෙන්ම මේ කාලය තුළ ඩෙංගු මරණ 80ක් වාර්තා වී ඇති බවද අධ්‍යක්ෂකවරයා පවසයි.

වැඩිම ඩෙංගු රෝගීන් ප්‍රමාණයක් වාර්තා වී ඇත්තේ බස්නාහිර පළාතෙනි.",මෙම වසරේ ගතවූ මාස 10ට ආසන්න කාලය තුළ රට පුරා ඩෙංගු රෝගීන් 57000ක් වාර්තා වී ඇති බව ජාතික ඩෙංගු මර්දන ඒකකයේ අධ්‍යක්ෂවරයා පවසා තිබේ. එමෙන්ම මේ කාලය තුළ ඩෙංගු මරණ 80ක් වාර්තා වී ඇති බවද අධ්‍යක්ෂකවරයා පවසයි. වැඩිම ඩෙංගු රෝගීන් ප්‍රමාණයක් වාර්තා වී ඇත්තේ බස්නාහිර පළාතෙනි.,sin,lankaviews,Lanka Views,fake news,e4914967-9c41-478f-9712-367aaf52fcc6,article,MassiveSum
https://www.lankaviews.com/%e0%b7%81%e0%b7%8a%e2%80%8d%e0%b6%bb%e0%b7%93-%e0%b6%bd%e0%b6%82%e0%b6%9a%e0%b7%8f-%e0%b6%b1%e0%b7%92%e0%b6%af%e0%b7%84%e0%b7%83%e0%b7%8a-%e0%b6%b4%e0%b6%9a%e0%b7%8a%e0%b7%82-%e0%b6%85%e0%b6%b4/,,ශ්‍රී ලංකා නිදහස් පක්ෂ අපේක්ෂකයා මම නෙමෙයි - සී.වී විග්නේෂ්වරන්,,"Posted on 08.17.2019 by Sithara Sajeewani in දේශීය පුවත් with 0 Comments

ශ්‍රී ලංකා නිදහස් පක්ෂ ජනාධිපති අපේක්ෂකයා ලෙස තමා නම් කිරීමට නියමිත බවට පුවත්පත්වල පලවන වාර්තා අසත්‍ය බව උතුරු පළාත් හිටපු ප්‍රධාන අමාත්‍ය සී.වී විග්නේෂ්වරන් පවසයි.

ඔහු පවසන්නේ දයාසිරි ජයසේකර සිදු කළ ප්‍රකාශයක් වැරදි ලෙස අර්ථකතනය කරමින් ඇතැම් පුවත්පත් මේ බව වාර්තා කර ඇති බවයි.

යාපනය ප්‍රදේශයේදී මාධ්‍ය වෙත අදහස් දක්වමින් සී.වී විග්නේෂ්වරන් මේ බව සඳහන් කළේය.

දෙමළ ජනතාවගේ ඉල්ලීම් ඉටුකිරීමට ලිඛිතව පොරොන්දුවන අපේක්ෂකයෙකුට තම සහයෝගය ලබාදෙන බව හිටපු මහ ඇමතිවරයා මීට ඉහතදී පවසා තිබුණි.",ශ්‍රී ලංකා නිදහස් පක්ෂ ජනාධිපති අපේක්ෂකයා ලෙස තමා නම් කිරීමට නියමිත බවට පුවත්පත්වල පලවන වාර්තා අසත්‍ය බව උතුරු පළාත් හිටපු ප්‍රධාන අමාත්‍ය සී.වී විග්නේෂ්වරන් පවසයි. ඔහු පවසන්නේ දයාසිරි ජයසේකර සිදු කළ ප්‍රකාශයක් වැරදි ලෙස අර්ථකතනය කරමින් ඇතැම් පුවත්පත් මේ බව වාර්තා කර ඇති බවයි. යාපනය ප්‍රදේශයේදී මාධ්‍ය වෙත අදහස් දක්වමින් සී.වී විග්නේෂ්වරන් මේ බව සඳහන් …,sin,lankaviews,Lanka Views,fake news,140e4a86-55ad-4811-975b-9b0e2fcd71b1,article,MassiveSum
https://www.lankaviews.com/%e0%b6%89%e0%b6%af%e0%b7%92%e0%b6%bb%e0%b7%92%e0%b6%ba%e0%b7%9a%e0%b6%af%e0%b7%93-%e0%b6%bb%e0%b7%9d%e0%b7%84%e0%b6%bd%e0%b7%8a%e0%b7%80%e0%b6%bd%e0%b6%a7-%e0%b6%87%e0%b6%ad%e0%b7%94%e0%b6%bd%e0%b6%ad/,,ඉදිරියේදී රෝහල්වලට ඇතුලත් කරගන්නේ අසාධ්‍ය රෝගීන් පමණයි - චන්න ජයසුමන,,"Posted on 10.27.2020 by Sithara Sajeewani in දේශීය පුවත් with 0 Comments

කොරෝනා ආසාදිත වුවත් ඉන් අසාධ්‍ය රෝගීන් පමණක් රෝහල් ගත කිරීම පිළිබද සාකච්ඡා කෙරෙමින් තිබෙන බව පැවසේ. පීසීආර් පරීක්ෂණයෙන් තහවුරු වූ පමණින් කොරෝනා ආසාදිතයින් රෝහල්ගත නොකර අතරමැදි මධ්‍යස්ථානයක රැඳවීමටත් යම්කිසි අසාධ්‍ය තත්වයක් උද්ගත වුවහොත් පමණක් එම රෝගීන් රෝහල් කරා රැගෙන යාමටත් ක්‍රමවේදයක් සකස් කිරීම සඳහා සාකච්ඡා කරමින් පවතින බව රාජ්‍ය අමාත්‍ය, මහාචාර්ය චන්න ජයසුමන පවසයි.

“මේ වෙනකොට අපි සාකච්ඡා කරගෙන යනවා ටෙස්ට් එක පොසිටිව් වූ පලියට රෝහල්ගත නොකර, ඔවුන්ව අතරමැදි මධ්‍යස්ථානයක ( රෝහලක් නොවන වෙනත් ස්ථානයක ) රඳවා තබාගෙන, යම්කිසි අසාධ්‍ය තත්වයක් පැමිණියහොත් පමණක්, හුස්ම ගැනීමේ අපහසුවක් හෝ වෙනත් විශේෂ රෝග ලක්ෂණයක් මතු වුණොත් පමණක් ඔවුන්ව රෝහලට ගෙනයාම සඳහා වැඩ පිළිවෙලක් අපි ඉදිරියේදී හඳුන්වා දෙන්න බලාපොරොත්තු වෙනවා.

මූලික වශයෙන් රාජගිරිය ආයුර්වේද රෝහල මේ සඳහා සූදානම් තිබෙන බව ඔහු පැවසීය.

ආසාදිතයින් මෙලෙස වෙනත් තැන්වල රැදවීමට කටයුතු සූදානම් කිරීමේ හේතුව වන්නේ රෝහල්වල ඉඩපහසුකම් නොමැති වීමයි. කොරෝනා වෛරසය මැඩපැවැත්වීම සඳහා ප්‍රතිකාර ක්‍රමයක් සොයාගෙන නැතත් රෝහල්ගතවන රෝගීන් නිරන්තර පරික්ෂාවකට ලක් කළයුතු බව වෛද්‍ය විශේෂඥයන්ගේ අදහසයි. එලෙස පරික්ෂා කිරීමකින් තොරව සංකූලතා ඇතිවිය හැකිද යන්න දැනගත නොහැක. එහෙත් මෙවැනි අවස්ථාවක රෝහල් පහසුකම් වැඩිකර රෝගී ජීවිත බේරා වෙනුවට රෝගීන්ගේ ජීවිත අවදානමේ හෙළීමට ආණ්ඩුව කටයුතු කරමින් සිටියි.","කොරෝනා ආසාදිත වුවත් ඉන් අසාධ්‍ය රෝගීන් පමණක් රෝහල් ගත කිරීම පිළිබද සාකච්ඡා කෙරෙමින් තිබෙන බව පැවසේ. පීසීආර් පරීක්ෂණයෙන් තහවුරු වූ පමණින් කොරෝනා ආසාදිතයින් රෝහල්ගත නොකර අතරමැදි මධ්‍යස්ථානයක රැඳවීමටත් යම්කිසි අසාධ්‍ය තත්වයක් උද්ගත වුවහොත් පමණක් එම රෝගීන් රෝහල් කරා රැගෙන යාමටත් ක්‍රමවේදයක් සකස් කිරීම සඳහා සාකච්ඡා කරමින් පවතින බව රාජ්‍ය අමාත්‍ය, මහාචාර්ය චන්න ජයසුමන පවසයි. “මේ …",sin,lankaviews,Lanka Views,fake news,24377617-9208-4b40-80ae-f368550acecc,article,MassiveSum
https://www.lankaviews.com/%e0%b6%b8%e0%b7%90%e0%b6%ad%e0%b7%92%e0%b7%80%e0%b6%bb%e0%b6%ab-%e0%b6%b1%e0%b7%93%e0%b6%ad%e0%b7%92-%e0%b6%9a%e0%b6%a9%e0%b7%8f-%e0%b6%b4%e0%b7%9c%e0%b6%bd%e0%b7%93%e0%b7%83%e0%b7%92%e0%b6%ba/,,මැතිවරණ නීති කඩා පොලීසියේ 12ක් මාරු,,Posted on 07.07.2015 by Nishshanka in දේශීය පුවත් with 0 Comments,මහියංගනය පොලිසියට අනුයුක්තව සේවය කළ නිලධාරීන් 12 දෙනෙකුට ස්ථාන මාරුවීම් ලබාදීම කිසිසේත් අනුමත කළ නොහැකි බව පවසමින් පැෆරල් සංවිධානය පොලිස්පතිවරයාට ලිපියක් යොමු කර තිබේ. මැතිවරණ කාලසීමාව තුළ පොලිස් නිලධාරීන්ට ස්ථාන මාරුවීම් ලබාදීම සිදු කළ නොහැකි බවද ඒ සම්බන්ධයෙන් විශේෂ ලිපියක් තම සංවිධානය පොලිස්පතිවරයා වෙත යොමු කර ඇති බවද පැෆ්රල් සංවිධානයේ විධායක අධ්‍යක්ෂ රෝහණ හෙට්ටිආරච්චි පවසයි. …,sin,lankaviews,Lanka Views,fake news,c815c9fe-3c87-41d1-ae76-71a026a1d66d,article,MassiveSum
https://www.lankaviews.com/%e0%b7%84%e0%b6%ac%e0%b6%b4%e0%b6%a7-%e0%b6%b1%e0%b7%92%e0%b7%83%e0%b7%8f-%e0%b6%b4%e0%b7%9e%e0%b6%af%e0%b7%8a%e0%b6%9c%e0%b6%bd%e0%b7%92%e0%b6%9a%e0%b7%80-%e0%b7%84%e0%b7%8f%e0%b6%b1%e0%b7%92/,,හඬපට නිසා පෞද්ගලිකව හානි වූවන්ගෙන් සමාව ඉල්ලනවා - රන්ජන් රාමනායක,,"තමන් සතුව තිබුණු හඬ පට ප්‍රචාරය වීමෙන් පෞද්ගලිකව හානී වු සියලු දෙනාගෙන් අවංකවම සමාව ඉල්ලන බව පාර්ලිමේන්තු මන්ත්‍රී රන්ජන් රාමනායක ඊයේ පාර්ලිමේන්තුව අමතමින් ( 21) පැවසීය. එහිදී ආවේගවත් කතාවක් කරමින් වැඩි දුරටත් අදහස් දැක්වූ මන්ත්‍රීවරයා මෙසේද කීවේය.

“හඬපට ප්‍රචාරය වීමෙන් හානි වූ සෑම මනුස්සයෙකුටම, පාර්ලිමේන්තු මන්ත්‍රීවරියක් වන හිරුණිකා ප්‍රේමචන්ද්‍ර මහත්මිය ඇතුළු සියලුම දෙනාගෙන් මම සමාව ඉල්ලා සිටිනවා.

මම හිතාම හඬපට හෙළිදරව් කළේ නෑ. වචන වෙනස් කරන ජනතාවක් ඉන්න නිසා මගේ ආරක්ෂාවට මා තියාගෙන සිටිය හඬපට මිසක් මම කවදාවත් හෙළිකරලා කාගේවත් පවුල් ජිවිත හා සාමය නැති කරන්න ඒවා හෙළි කළේ නෑ. එක කරන්නේ ලංකාවේ ප්‍රසිද්ධ —– ව්‍යාපාරිකයකුගේ —– නාලිකාවක් කියන එක මම මේ අවස්ථාවේ කියනවා.

මිනිස්සුන්ගේ සල්ලි හොරකන් කරපු හොරුන්ව ඇතුළට දාන්න මිසක් නිදහස් කරන්න නෙමෙයි අපි ආවේ. සියලු දෙනා එකතු වෙලා මේ සටන ජයග්‍රහණය කරමු. මා ළඟ තවත් රටට හංගන සංවාද මේ සභාවේ මා සභාගත කරනවා. මා සමඟ නිර්භයව කතා කළ අගවිනිසුරුවරු, විනිසුරුවරු, රාජ්‍ය නායකවරු මා සමඟ කතා කළා. ඒ අය කිවූ කතා ජනතාවට දැනගැනීමට අයිතියක් තියෙනවා. රාජ්‍ය නායකයාගේ හඬින්ම තියෙනවා. කැබිනට් ඇමැතිවරු ඉන්නවා. කැබිනට් ඇමැතිවරුගේ නෝනලා ඉන්නවා. ඒ අයගේ දරුවන් ඉන්නවා. ඒ අය මට දුක කියලා තියෙනවා. ඒ සියලුදෙනාගේ හඬපට මම සභාගත කරනවා. හැන්සාඩ් එකේ අයට ඒවා මගෙන් ලබා ගත හැකි මම ඒවා පාර්ලිමේන්තුවට ලබාදෙනවා.

මුලාසන මන්ත්‍රීතුමනි, රන්ජන් රාමනායක වන මම ඇයි මේවාගේ දෙයක් කළේ කියලා ජනතාව අහනවා. මුලාසන මන්ත්‍රීවරුනි, මම කෝප් කමිටුවේ සාමාජිකයෙක්. කෝප් කමිටුවේ තියෙන්නේ දුෂණ වංචා ගැන සොයන්න. ඒවාගේම මම දුෂණ වංචා ආංශික කාරක සභාවේ සාමාජිකයෙක්.

මම පසුගිය ටිකේ සුනිල් හඳුන්නෙති මන්ත්‍රීතුමා සමඟ කෝප් කමිටුවේ වැටලීම් වලට සක්‍රීයව දායක වුණ මන්ත්‍රිවරයෙක්. ඒ වැටලීම් වලට යද්දී මාධ්‍යවේදීන්ටත් හොරෙන් මගේ විඩියෝ කැමරාවක් මම අරගෙන ගියා. එහෙම අරන් ගියේ ලංකාවේ මිනිස්සු වගේ වචනය වෙනස් කරන කිව්ව දේ නෑ කියන, දන්නේ නෑ කියන, මතක නෑ කියන ජනතාවක් මම ලෝක දැකලා නෑ. සමහර අය කියනවා කිව්ව දේ මම එහෙම කියලා නෑ කිව්වාම මට පෙන්නන්න තියෙනවා. මේක පසුගිය කාලේ වුණා.

රංගේ බණ්ඩාරට කතා කලා එස්බී දිසානායක මහතා. රංගේ ඔයා එනවාද කියලා දැන් මම ආවොත් ඔයාට කැබිනට් ඇමැතිකමක් ගන්ඩ පුළුවන්. රංගේ බණ්ඩාර ඕක ඇහුවා නම් ජනමාධ්‍යවේදීන් කියයි බොරු බයිලා කියන්න එපා. අපිට රෙකෝඩින් පෙන්නන්න. සාක්කි පෙන්නන්න කියලා .

අපි දන්නවා ලෝක හොරු ගැන. සුනාමි වංචාව, කතරගම වංචාව, මහබැංකු වංචාව, ඇවන්ට්ගාඩ් වංචාව මේ සේරම කියද්දී ජනතාව කිව්වේඇහුවෙ සාක්කි කෝ කියලා. ඒ නිසා තමයි මම හැම දේටම සාක්කි, දත්ත, වෛද්‍ය වාර්තා, සහතික මේ සේම තියාගත්තේ.ඒ කළේ හොරු අල්ලන්න. හොරුන්ව කූඩු කරන්න. හොරුන්ව ඇතුළට දාන්න. හොරු නිදහස් කරන්න නෙමෙයි.

මෙතන ඉන්න දුෂිතයන්ගේ චරිත සහතික මට ඕනෑ නෑ. මේ සේරම ඔප්පු කරන්න හඬපට වාගේම වීඩියෝ පට තියෙනවා. කාටවත් සෙල්ලම් කරන්න බෑ. පහුගිය ටිකේ දැක්කා සාක්කිකරුවන් මිලදී ගැනීම. මේක මට කිව්වේ හිරුණිකා මැතිනිය. එතුමියගේ පියා ළඟ වැඩ කළා බෝලේ කියලා රියදුරෙක්. ඒ රියදුරා පළමු නඩුවේ දී භාරතගෙ පැත්තේ සිටියා. පස්සේ ලක්ෂ 70 ක් දීලා ඒ රියදුරු මිලට ගෙන වෙන සාක්කියක් දුන්නා.

මම කාටවත් අපහස කරනවා නෙමෙයි නඩුව දැම්මා එෆ්සිඅයිඩිය එකේ. දැන් අලුත් ක්‍රමය තමයි විත්තිකාරයන් පැමිණිලි කාරයන් සෙට් වෙනවා.අපි දාමු දුර්වල නඩුවක් දුර්වල නඩුව දාපුවාම නඩුව මඟදී හැලෙනවා.”","තමන් සතුව තිබුණු හඬ පට ප්‍රචාරය වීමෙන්  පෞද්ගලිකව  හානී වු  සියලු දෙනාගෙන්  අවංකවම සමාව ඉල්ලන බව පාර්ලිමේන්තු මන්ත්‍රී රන්ජන් රාමනායක ඊයේ පාර්ලිමේන්තුව අමතමින් ( 21)  පැවසීය. එහිදී ආවේගවත් කතාවක් කරමින් වැඩි දුරටත්  අදහස් දැක්වූ  මන්ත්‍රීවරයා මෙසේද කීවේය. “හඬපට ප්‍රචාරය වීමෙන් හානි වූ සෑම මනුස්සයෙකුටම, පාර්ලිමේන්තු මන්ත්‍රීවරියක් වන හිරුණිකා ප්‍රේමචන්ද්‍ර මහත්මිය ඇතුළු සියලුම දෙනාගෙන් මම සමාව ඉල්ලා …",sin,lankaviews,Lanka Views,fake news,e880360c-5c28-4572-9b32-5c721406318f,article,MassiveSum
https://www.lankaviews.com/%e0%b6%85%e0%b6%b4%e0%b7%9c%e0%b7%83-%e0%b7%83%e0%b7%8f%e0%b6%b8%e0%b7%8f%e0%b6%b1%e0%b7%8a%e2%80%8d%e0%b6%ba-%e0%b6%b4%e0%b7%99%e0%b7%85-%e0%b7%80%e0%b7%92%e0%b6%b7%e0%b7%8f%e0%b6%9c%e0%b6%ba/,,අපොස සාමාන්‍ය පෙළ විභාගයට දින නියම වේ!,,"Posted on 12.07.2020 by Chandana Sirimalwatte in දේශීය පුවත් with 0 Comments

2020 අධයයන පොදු සහතික පත්‍ර සාමාන්‍ය පෙළ විභාගය පැවැත්වීම මාර්තු 1 වැනිදා සිට 11 වැනිදා දක්වා බව අධ්‍යාපන අමාත්‍යංශය නිවේදනය කරයි.

මෙම මසදී සාමාන්‍යෙයන් පැවැත්වෙන මෙම විභාගය කොරෝනා වසංගතය හේතුවෙන් කල්දැමීම නිසා ශිෂ්‍ය ශිෂ්‍යාවන් දස දහස් ගණනක් දුෂ්කරතාවට පත්වූ අතර මහමැතිවරණය සඳහා ආණ්ඩුව දැක්වූ ප්‍රමුඛතාව පාසල් දරුවන් වෙනුවෙන් නොතිබීම සම්බන්ධයෙන් ප්‍රශ්නකරන ලදී. අවසානයේ මාර්තු මාසයේ විභාගය පැවැත්වීමට අදහස් කරන බව අධයාපන ඇමති ජී.එල්.පීරිස් ප්‍රකාශ කළද දින නිශ්චිත කිරීමක් කෙරුණේ අද දිනයේය.",2020 අධයයන පොදු සහතික පත්‍ර සාමාන්‍ය පෙළ විභාගය පැවැත්වීම මාර්තු 1 වැනිදා සිට 11 වැනිදා දක්වා බව අධ්‍යාපන අමාත්‍යංශය නිවේදනය කරයි. මෙම මසදී සාමාන්‍යෙයන් පැවැත්වෙන මෙම විභාගය කොරෝනා වසංගතය හේතුවෙන් කල්දැමීම නිසා ශිෂ්‍ය ශිෂ්‍යාවන් දස දහස් ගණනක් දුෂ්කරතාවට පත්වූ අතර මහමැතිවරණය සඳහා ආණ්ඩුව දැක්වූ ප්‍රමුඛතාව පාසල් දරුවන් වෙනුවෙන් නොතිබීම සම්බන්ධයෙන් ප්‍රශ්නකරන ලදී. අවසානයේ මාර්තු මාසයේ …,sin,lankaviews,Lanka Views,fake news,a4cdf4cf-b940-4697-a03a-c6e7737e037c,article,MassiveSum
https://www.lankaviews.com/%e0%b6%a2%e0%b6%b1%e0%b7%8f%e0%b6%b0%e0%b7%92%e0%b6%b4%e0%b6%ad%e0%b7%92%e0%b7%80%e0%b6%bb%e0%b6%ab%e0%b6%ba%e0%b6%a7-%e0%b6%bb%e0%b7%8f%e0%b6%a2%e0%b6%b4%e0%b6%9a%e0%b7%8a%e0%b7%82-%e0%b6%9a%e0%b7%99/,,ජනාධිපතිවරණයට රාජපක්ෂ කෙනෙක්ම ඕන නෑ - කුමාර වෙල්ගම,,"Posted on 09.15.2018 by Chandana Sirimalwatte in දේශීය පුවත් with 0 Comments

ඉදිරියේ පැවැත්වෙන්නට නියමිත ජනාධිපතිවරණයට රාජපක්ෂ පවුලේම අයකු ඉදිරිපත් කළ යුතු යැයි නියමයක් නැති බව කලුතර දිස්ත්‍රික්ක පාර්ලිමේන්තු මන්ත්‍රි කුමාර වෙල්ගම පවසයි.

ජනාධිපතිවරණයට තවදුරටත් කල් වේලා ඇති බැවින් පොදුජන පෙරමුණේ අපෙකේෂකයකුද ඉදිරිපත් කළ හැකි බව ඔහු පැමිණ කියා සිටියේය. තමා රාජපක්ෂවරුන්ට කඩේ යන්නකු නොවන බැවින් වෙනත් අපේක්ෂකයකු කෙරෙහි වුවද අපෙකේෂකත්වය ලබා දිය හැකි බව හිටපු ඇමතිවරයා ජනමාධ්‍ය අමතමින් පැවසීය. රාජපක්ෂවරයකුම නොව, වඩා සුදුසු අයකු තොරාගැනීමේ හැකියාව පක්ෂයට ඇති බවද ඔහු පෙන්වා දුන්නේය.",ඉදිරියේ පැවැත්වෙන්නට නියමිත ජනාධිපතිවරණයට රාජපක්ෂ පවුලේම අයකු ඉදිරිපත් කළ යුතු යැයි නියමයක් නැති බව කලුතර දිස්ත්‍රික්ක පාර්ලිමේන්තු මන්ත්‍රි කුමාර වෙල්ගම පවසයි. ජනාධිපතිවරණයට තවදුරටත් කල් වේලා ඇති බැවින් පොදුජන පෙරමුණේ අපෙකේෂකයකුද ඉදිරිපත් කළ හැකි බව ඔහු පැමිණ කියා සිටියේය. තමා රාජපක්ෂවරුන්ට කඩේ යන්නකු නොවන බැවින් වෙනත් අපේක්ෂකයකු කෙරෙහි වුවද අපෙකේෂකත්වය ලබා දිය හැකි බව හිටපු ඇමතිවරයා …,sin,lankaviews,Lanka Views,fake news,4966125e-d6be-443d-9ddd-9b3e4328a8e9,article,MassiveSum
https://www.lankaviews.com/%e0%b6%af%e0%b7%92%e0%b6%b1-%e0%b6%af%e0%b7%99%e0%b6%9a%e0%b6%9a%e0%b7%8a-%e0%b6%ad%e0%b7%94%e0%b7%85-%e0%b6%b1%e0%b7%80-%e0%b6%86%e0%b7%83%e0%b7%8f%e0%b6%af%e0%b7%92%e0%b6%ad%e0%b6%ba%e0%b6%b1/,,දින දෙකක් තුළ නව ආසාදිතයන් 1485ක් - වසංගතයේ නව වර්ධනයක අනතුරක් !,,"Posted on 01.27.2021 by Chandana Sirimalwatte in දේශීය පුවත් with 0 Comments

(TopNews) ඊයේ(26) දිනය තුළ පමණක් හඳුනාගත් තෝවිඩ් ආසාදිතයන් ගණන 748ක් වීමත් පෙරදින හමු වූ කොවිඩ් ආසාදිතයන් 737ක් හමුවීමත් නිසා මේ වනවිට කොරෝනා රෝගීන් හමුවීමේ වර්ධනයක් දක්නට ලැබේ.

කෙසේවෙතත් මේ වනවිට ආණ්ඩුව විසින් ආර්ථික කටයුතු යථා තත්වයට පත් කිරීමේ ප්‍රමුඛතාව මත සාමාන්‍යකරණය කිරීමේ පියවර ගනිමින් සිටී. පාසල් අධ්‍යාපන කටයුතු නවතා තිබුණු බස්නාහිර පලාතේ පාසල් පසුගිය 25 වැනිදා 11 සහ 13 ශ්‍රේණි සඳහා පාසල් ආරම්භ කෙරුණු අතර ඉක්මනින්ම සෙසු ශ්‍රේණි සඳහා පාසල් විවෘත කිරීමේ අරමුණක් ඇත.

මේ වනවිට සමාජය තුළ කොරෝනා අවදානම සම්බන්ධ පරෙස්සම ගිලිහී යමින් තිබෙන බව සෞඛ්‍ය සේවකයන්ගේ අවධානයට ලක්ව ඇත. පාර්ලිමේන්තු මන්ත්‍රිවරුන් ගණනාවක් ආසාදිතයන්ව පාර්ලිමේන්තු කාර්ය මණ්ඩලය ඇතුළු දහසකට වැඩි ආශ්‍රිතයන් නිරෝධායනයට ලක්කර ඇත.

විශේෂයෙන් ජාතික බෝවන රෝග වෛද්‍යායතනයේ ප්‍රධානි ආනන්ද විජේවික්‍රම මාධ්‍යවේදීන්ට ප්‍රකාශයක් කරමින් ප්‍රමුඛතා ලබාදීමේදී සමාජ ව්‍යාප්තියක් ඇතිවීමේ තත්වය වැළැක්වීමට පියවර ගත යුතු බවද අනවශ්‍ය වියදම් වෙනුවට වසංගතය ඉක්මනින් ජයගැනීමේ අවධානය අත්‍යවශ්‍ය බවද පෙන්වා දී තිබිණි.",(TopNews) ඊයේ(26) දිනය තුළ පමණක් හඳුනාගත් තෝවිඩ් ආසාදිතයන් ගණන 748ක් වීමත් පෙරදින හමු වූ කොවිඩ් ආසාදිතයන් 737ක් හමුවීමත් නිසා මේ වනවිට කොරෝනා රෝගීන් හමුවීමේ වර්ධනයක් දක්නට ලැබේ. කෙසේවෙතත් මේ වනවිට ආණ්ඩුව විසින් ආර්ථික කටයුතු යථා තත්වයට පත් කිරීමේ ප්‍රමුඛතාව මත සාමාන්‍යකරණය කිරීමේ පියවර ගනිමින් සිටී. පාසල් අධ්‍යාපන කටයුතු නවතා තිබුණු බස්නාහිර පලාතේ පාසල් පසුගිය 25 …,sin,lankaviews,Lanka Views,fake news,fbe1982c-1e2a-4ef0-b4e0-910414f92198,article,MassiveSum
https://www.lankaviews.com/%e0%b6%86%e0%b6%b1%e0%b7%80%e0%b7%92%e0%b7%85%e0%b7%94%e0%b6%b1%e0%b7%8a%e0%b6%af%e0%b7%8f%e0%b7%80-%e0%b6%a9%e0%b7%9d%e0%b7%83%e0%b6%bb%e0%b7%8a-%e0%b6%9a%e0%b7%92%e0%b6%bb%e0%b7%93%e0%b6%b8/,,ආනවිළුන්දාව ඩෝසර් කිරීම ගැන වනජීවී නිලධාරීන් අධිකරණයට කරුණු වාර්තා කරයි,,"ආනවිළුන්දාව අභයභූමියට අයත් ඉඩමක් අනවසරයෙන් එළිපෙහෙළි කිරීමේ සිද්ධිය සම්බන්ධයෙන්, වනජීවි නිලධාරීන් විසින් හලාවත මහෙස්ත්‍රාත් අධිකරණය වෙත කරුණු වාර්තා කර තිබේ.

එසේම, අදාළ සිද්ධිය සම්බන්ධයෙන් නීතිමය කටයුතු සිදුකිරීමට වනජීවි හා වන සංරක්ෂණ අමාත්‍ය සී.බී. රත්නායක විසින් උපදෙස් ලබා දී ඇති බව නිවේදනයක් නිකුත් කරමින් වනජීවි හා වන සංරක්ෂණ අමාත්‍යාංශ ලේකම් එම්.කේ. බන්දුල හරිස්චන්ද්‍ර පවසා තිබේ.

ඒ අනුව එහි මූලික පියවරක් ලෙස වනජීවි නිලධාරීන් විසින් හලාවත මහෙස්ත්‍රාත් අධිකරණය වෙත කරුණු වාර්තා කර ඇති අතර ඊට සම්බන්ධ සැකකරුවන් හා නඩු භාණ්ඩ අනාවරණය කරගැනීම සඳහා ඉදිරි විමර්ශන කටයුතු පොලීසිය සමග එක්ව මේ වන විට ක්‍රියාත්මක වෙමින් පවතින බව ද එම නිවේදනයේ සඳහන් වේ.

වන සත්ත්ව හා වෘක්ෂලතා ආරක්ෂක ආඥා පනත ප්‍රකාරව මෙම අභය භූමියෙන් හෙක්ටයාර 1397ක ප්‍රමාණයක් 1997 මැයි 11 දින අභයභූමියක් ලෙස ප්‍රකාශයට පත්කර ඇත.

ප්‍රධාන වැව් පද්ධතියකින් ද සමන්විත මෙය තෙත්බිම් ආරක්ෂා කිරීමේ අන්තර්ජාතික සම්මුතිය හෙවත් රම්සා සම්මුතිය යටතේ 2001 වසරේ අගෝස්තු 03 වැනි දා රම්සා තෙත්බිමක් ලෙස ප්‍රකාශයට පත් කළේය.

ඒ මෙරට දෙවැනි රම්සා තෙත් බිම ලෙසය. මෙරට ප්‍රථම රම්සා තෙත් බිම බුන්දල වේ.

ආනවිළුන්දාව අභයභූමියේ කොටසක් ඩෝසර් කර ඉස්සන් කොටු ඇතිකිරීම සඳහා කිසියම් පිරිසක් කටයුතු කරන බව පසුගිය දා වාර්තා විය.

මෙම වටිනා පරිසර පද්ධතිය ජලජ පක්ෂීන් දස දහස් ගනණකගේ ප්‍රජනන ස්ථානයක්, ක්ෂීරපායින් ඇතුළු තවත් සතුන් දහස් ගණනකගේ පෝෂණ සහ ලැගුම් ස්ථානයක්, දුලබ සමනල් විශේෂ ගණනාවක වාසස්ථානයක් මෙන්ම ඇතුළු වටිනා ශාක රාශියක නිජබිමක් ලෙස සැළකේ.

එවැනි පසුබිමක පසුගිය අඟහරුවාදා රාත්‍රියේ දී කඩොලාන ප්‍රතිස්ථාපනය කිරීමට නියමිතය තිබූ භූමි කොටසක් කිසියම් පිරිසක් ඩෝසර් කර මුළුමනින්ම විනාශ කර තිබුණි.","ආනවිළුන්දාව අභයභූමියට අයත් ඉඩමක් අනවසරයෙන් එළිපෙහෙළි කිරීමේ සිද්ධිය සම්බන්ධයෙන්, වනජීවි නිලධාරීන් විසින් හලාවත මහෙස්ත්‍රාත් අධිකරණය වෙත කරුණු වාර්තා කර තිබේ. එසේම, අදාළ සිද්ධිය සම්බන්ධයෙන් නීතිමය කටයුතු සිදුකිරීමට වනජීවි හා වන සංරක්ෂණ අමාත්‍ය සී.බී. රත්නායක විසින් උපදෙස් ලබා දී ඇති බව නිවේදනයක් නිකුත් කරමින් වනජීවි හා වන සංරක්ෂණ අමාත්‍යාංශ ලේකම් එම්.කේ. බන්දුල හරිස්චන්ද්‍ර පවසා තිබේ. ඒ …",sin,lankaviews,Lanka Views,fake news,be9a1ca4-5a52-4c88-aa87-881cf39f9cba,article,MassiveSum
https://www.lankaviews.com/%e0%b6%b1%e0%b7%8f%e0%b7%80%e0%b7%92%e0%b6%9a-%e0%b6%b7%e0%b6%a7%e0%b6%ba%e0%b6%b1%e0%b7%8a-%e0%b6%9a%e0%b7%9c%e0%b6%bb%e0%b7%9d%e0%b6%b1%e0%b7%8f-%e0%b7%80%e0%b7%8f%e0%b7%84%e0%b6%9a%e0%b6%ba/,,නාවික භටයන් කොරෝනා වාහකයන්වීම - ආණ්ඩුවේ සැලැස්ම සාර්ථකද?,,"වැලිසර නාවික හමුදා කඳවුරේදී කොරෝනා වෛරසය ආසාදනය වීමේ සිදුවීම රජයේ කොරෝනා මර්දන වැඩපිළිවෙළ තුළ ඇති වැරදි ප්‍රවේශය හොඳින්ම අනාවරණයවන අවස්ථාවක් බව සෞඛ්‍ය අංශවල කතාබහට ලක්ව ඇත. වැලිසර නාවික හමුදා කඳවුරේ සෙබලුන් 65 දෙනෙකුට කොවිඩ් 19 වෛරසය ආසාදනය වී ඇති බව අනාවරණය වීමත් සමග විශාල තැතිගැන්මක් ඇතිව තිබේ. පසුගිය දිනවල එම කඳවුරේ සිට නිවාඩු ලබා ගම්බිම්වලට ගිය සෙබලුන් වෛරසය ආසාදනයවීම නිසා ඔවුන්ගේ ගම් ප්‍රදේශ වෙතද වෛරසය ව්‍යාප්ත වූ බව අනාවරණය වී ඇත.

වැලිසර නාවික කඳවුර කොළඹ – පුත්තලම A3 මහාමාර්ගයේ පිහිටි වත්තලට නුදුරුව මහබාගේ මන්සන්ධියේ සිට සිට රාගම දක්වා දිවෙන B13 මාර්ගයේ පිහිටා ඇති මෙරට ප්‍රධානතම නාවික හමුදා කඳවුරු සංකීර්ණයකි. එහි නාවික භටයන් 4000ක් පමණ රැඳී සිටින අතර නාවික කඳවුරු පරිශ්‍රය තුළම නිල නිවාස 195ක් පමණ පිහිටා ඇත. මෙම කඳවුරේ සේවය කළ සෙබලුන් අතරින් මුලින්ම කොවිඩ් 19 වෛරසය ආසාදනය වී ඇතැයි සොයාගනු ලැබුවේ නිවාඩු ලබා ගමට පැමිණ සිටි පොළොන්නරුවේ සෙබලෙකි. ඔහු නිවාඩු ගොස් තිබුනේ අප්‍රේල් 18 වනදා බව වාර්තාවේ. මේ වන විට ඔහු ආගිය ගම් කීපයක්ම අවදානම් ප්‍රදේශ ලෙස හුදකලා කර තිබේ. ඔහු ඇසුරු කළ කුරුණෑගල පදිංචි තවත් සෙබලෙක්ට වෛරසය ආසාදනය වී ඇති බව පසුව වාර්තා විය. තවද, නිවාඩු ලබා ගොස් සිටි රත්නපුර, කුරුනෑගල, බදුල්ල හා මහනුවර පදිංචි නාවික සෙබලු 5 දෙනෙකු ද ආසාදනයට ලක්ව ඇතැයි අනුමාන කරමින් ඔවුන් නැවත කඳවුර වෙත කැඳවන්නට කටයුතු කරන ලදී. කඳවුර තුළ තවත් සෙබලුන් ආසාදිතයන් බව වාර්තා වීමත් සමඟම වැලිසර නාවික හමුදා කඳවුර තුළ නාවිකයන්, එහි වාසය කළ නාවික නිලධාරින්ගේ පවුල්වල සාමාජිකයන් ඇතුළු 4500ක් පමණ නිරෝධායනයට ලක්කරන ලදී.

අප්‍රේල් මස මුල් සතියේදී ජාඇල, සුදුවැල්ල ප්‍රදේශයේ ටැක්සි රියදුරකු පහරදීමක් සම්බන්ධයෙන් රෝහල්ගතව සිටියදී ඔහුට කොරෝනා රෝග ලක්ෂණ ඇති බව අනාවරණයවීමත් සමග ඔහු සමඟ ඇසුරු කළ පුද්ගලයන් සොයා නාවික හමුදා ඔත්තුසේවය මෙහෙයුමක් දියත්කර තිබිණි. ඔවුන් මත්ද්‍රව්‍ය භාවිතයට සම්බන්ධ නිසා මේ ආකාරයෙන් රියදුරා සමග සබඳතා පවත්වා ඇති බවට නාවික හමුදා මූලාශ්‍ර විසින් ජනමාධ්‍ය වෙත පවසා තිබිනි. එහිදී මහජන සෞඛ්‍ය පරික්ෂක විසින් පුද්ගලයන් 28 දෙනකු ස්වයං නිරෝධායනයට යොමුකර ඇත. නමුත් නිරෝධායනය වෙනුවට එම පුද්ගලයන් නිදැල්ලේ ප්‍රදේශයේ සැරිසරන බවට පසුව අනාවරණයවීමත් සමග අප්‍රේල් 9 වැනිදා ඔවුන් අත්අඩංගුවට ගෙන නිරෝධායනයට යොමුකරන ලද බවද නාවික හමුදා තොරතුරු ඇසුරින් ජනමාධ්‍ය හරහා අනාවරණය විය.

මෙම සිදුවීම සම්බන්ධයෙන් අදහස් පළකරන මහජන සෞඛ්‍ය පරික්ෂකවරු පවසන්නේ සොල්දාදුවන් යුද කටයුතුවලට මිස සෞඛ්‍යාරක්ෂණ කාර්යයන්ට යෙදවීමෙන් මෙවැනි ආපදා ඉදිරියටත් අපේක්ෂා කළ හැකි බවය. කොරෝනා වසංගතයේ රාජකාරි සඳහා යොදවන ලද සෞඛ්‍ය සේවකයන්ට හෝ ආරක්ෂක අංශ සාමාජිකයන්ට නියමිත ආරක්ෂක නිල ඇඳුම් හෝ අවම වශයෙන් මුහුණ ආවරණ පවා ප්‍රමාණවත් නොවූ අතර ඔවුන් විසින්ම මුඛ ආවරණ සපයාගත් අවස්ථා සුලභ විය. විශේෂයෙන් සොල්දාදුවන් යුද කටයුතුවලට පුහුණුවක් ලබා ඇති නමුත් වෛරසයක ස්වභාවය හා නිරෝගී පුද්ගලයක් සහ රෝගියකු අතර සෞඛ්‍යාරක්ෂාව සම්බන්ධ අත්‍යවශ්‍ය පිළිවෙත් ඔවුන් ලබන පුහුණුවට අයත් නොවන බවය. විශේෂයෙන් එවැනි පුහුණුවක් නොමැති සොල්දාදුවන් වසංගත මර්දන රාජකාරිවලට යෙදවීමේදී මහජන සෞඛ්‍ය පරික්ෂකවරුන් හෝ වෙනත් විශේෂඥභාවයක් ඇති සෞඛ්‍ය සේවකයන් සමග ඔවුන්ගේ මගපෙන්වීම යටතේ යැවිය යුතු බව සෞඛ්‍ය වෛද්‍ය නිලධාරියකු ‘ලංකාවීව්ස්’ කළ විමසීමකදී අදහස් දැක්වීය. එහෙත් ආණ්ඩුවේ කොරෝනා මර්දන කාර්යසාධක බලකාය විසින් ආරක්ෂක හමුදා ප්‍රධානින් හරහා නොකළ යුතු ආකාරයේ මෙහෙයුම්වලට සොල්දාදුවන් පමණක් යවන අවස්ථා නිසා මෙවැනි අවදානමකට මුහුණ දෙන්නට සිදුවේ.

වැලිසර නාවික සෙබලුන් සුදුවැල්ල ප්‍රදේශයේ මත්ද්‍රව්‍ය භාවිතකරන කණ්ඩායමක් සම්බන්ධයෙන් පියවර ගැනීමට යොදවා ඇත්තේ කුමන සෞඛ්‍යාරක්ෂක ක්‍රම යටතේද යන්න තමන් නොදන්නා බව පැවසූ එම සෞඛ්‍ය වෛද්‍ය නිලධාරියා, මත්ද්‍රව්‍ය ලෝලීන් පාලනය හෝ සෞඛ්‍යාරක්ෂාව යන විෂයන් දෙකෙහිදීම නාවික සෙබලුන්ට විෂයානුකූලව ඇත්තේ ආගන්තුකභාවයක් බව පෙන්වා දෙයි. කෙසේවෙතත් දීර්ඝකාලයක් මත්ද්‍රව්‍ය නාශක කටයුතුවලට මෙන්ම පසුගිය යුද සමයේ සිටම සිවිල් කාර්යයන් පාලනයටද නාවික භටයන් යොදවා තිබීම ලාංකිකයන්ට අමුත්තක් නොවේ. පොලිස්මේ මත්ද්‍රවය නාශක අංශයට සමාන්තරව මුහුදු යාත්‍රාවලින් මෙරටට මත්ද්‍රව්‍ය ගෙනඑන ජාවාරම් මැඩ පැවැත්වීමේ මෙහෙයුම් සඳහා නාවික හමුදාව ක්‍රියාකාරිව මැදිහත් වී ඇත.

කෙසේවුවද, වසංගත රෝග සම්බන්ධ ප්‍රවීනයකු මේ සම්බන්ධයෙන් අප කළ විමසීමකදී පෙන්වා දුන්නේ වසංගත සමයක මෙවැනි ආකාරයෙන් නාවික භටයන් සිවිල් කාර්යයන්ට යෙදවීමෙන් ඇත්ත වශයෙන්ම නාවික භටයන් අනතුරට හෙළා ඇති බවය. ඔහු තවදුරටත් අප හා පැවසුවේ එම නියෝග ලබාදුන් වගකිවයුත්තන් සෙබලුන් රෝගීවීම මෙන්ම නාවික කඳවුරට හා ඔවුන් හරහා ගම්මාන රාශියකට කොරෝනා වසංගතය පැතිර යාම සම්බන්ධ වගකිව යුතු බවය. මෙම සිදුවීමෙන් පසුව ප්‍රදේශ ගණනාවකට නාවික සෙබලුන් හරහා රෝගය ව්‍යාප්ත වී ඇත. නිශ්චිතව සොල්දාදුවන් පස්දෙනකුගෙන් රෝගය කඳවුරෙන් පිටතට ගමන්කර ඇති බව පසුගියදා අනාවරණය විය. ඔවුන් රාජකාරි නිවාඩු ලබා පිටව ගිය නාවික සොල්දාදුවන්ය. ආසාදිතයන් ලෙස මුලින්ම වාර්තා වූ නාවික සෙබලු 5 දෙනෙකු නිවාඩු ලබා ගොස් සිටි අයයිත ඔවුන් රත්නපුර, කුරුනෑගල, බදුල්ල හා මහනුවර පදිංචිකරුවන්ය. ඉන්පසුව තවත් ප්‍රදේශවලට නිවාඩු ලබා ගිය නාවිකයන් හරහා කොරෝනා වෛරසය තම නිවෙස්වලට හා ගම් ප්‍රදේශවලට ව්‍යාප්ත වී ඇත.

නාවිකයන් හරහා කොරෝනා ව්‍යාප්තියේ තරම

පසුගිය 22 වැනි වැලිසර කඳවුරෙන් නිවාඩු ලබාගත් සෙබළුන් 31 ක් රැගත් බස්රථයක් බදුල්ල නගරයට පැමිණ ඇත. ගිරාදුරුකෝට්ට රත්කිද ප්‍රදේශයේ නාවික හමුදා සෙබළකු තවත් කිහිපදෙනෙකු සමඟ එම බසයෙන් බැස බදුල්ල බස් නැවතුම්පොළට ගොස් සිය ගම්බිම් බලා යන බස්රථ වල නැග නිවෙස් කරා ගොස් ඇති බවත් පොලිසිය අනාවරණය කරගෙන ඇත. මෙම නාවික හමුදා සෙබළා බදුල්ල නගරයේ සිට මහියංගණ බලා ධාවනය වූ පෞද්ගලික බස්රථයකින් මහියංගණ නගරයට ගොස් පසුව සවස මහියංගණ සිට දෙහිඅත්තකණ්ඩිය බලා ධාවනය වූ බස්රථයකින් නිවසට ගොස් ඇත. ඉන්පසුව කොරෝනා වයියිරසයේ රෝග ලක්ෂණ පෙන්නුම් කරන්නට වූ මෙම නාවිකයා ගිරාදුරුකෝට්ට සිට බදුල්ලට රැගෙන විත් බදුල්ල මහ රෝහලේ කොවිඩ් 19 ප්‍රතිකාර ඒකකයට මෙසේ ඇතුළත් කර ඇත. ඔහුගේ පටල සාම්පල පී .සී .ආර් .පරික්ෂණ සඳහා මහනුවර මහරෝහලට යැවූ පසුව කෝවිඩ් 19 වයිරසය ආසාදිත බව හඳුනාගැනීමෙන් පසුව වැඩිදුර ප්‍රතිකාර සඳහා කොළඹ අයි.ඩී.එච්.රෝහලට මාරු කර යවා ඇත. නාවික හමුදා නිලධාරිනියකට හා ඇයගේ සැමියාවන යුද හමුදා නිලධාරියෙකුටත් වෛරසය ආසාදනය වී ඇත. මේ අතර ඊයේ දිනය තුළ වාර්තා වූ ආසාදිතයන් අතරින් 10 දෙනකු වැලිසර නාවික හමුදා කඳවුරෙන් වාර්තා වී ඇත. එසේම තවත් ආසාදිතයන් දස දෙනෙක් ලෙස අනාවරනය වී ඇත්තේ වැලිසර කඳවුරෙන් නිවාඩු ලබා ගිය සෙබළුන්ය. එම දසදෙනාගේ පවුල්වල සාමාජිකයින් දෙදෙනෙකුටත් වෛරසය ආසාදනය වී ඇති බව තහවුරු වී තිබේ. වැලිසර මහසෙන් නාවුක කදවුරේ සිට නිවාඩු ලබා කරුවලගස්වැව, කුඹුක්කල්ල ප්‍රදේශයේ නැවියකු නිවාඩු ලබා නිවසට පැමිණියේය. වැලිසර කඳවුරේ ආසාදන අනාවරනය වීමත් සමඟ එම කඳවුරෙන් නිවාඩු ලබා ගිය නාවිකයන් පිළිබඳ අවධානය යොමු විය. කරුවලගස්වැව සෞඛ්‍ය වෛද්‍ය නිළධාරින් විසින් 24 දින එම නාවිකයා ඇතුළු පවුලේ 6දෙනකු නිවසේ නිරෝධායනයට ලක්කර තිබුණි. ඉන්පසුව, 25 දින මෙම නිවැසියන් ආසාදිත තත්වයක් පෙන්නුම් කිරිමත් සමග පුත්තලම මුලික රෝහලේ කොරෝනා ඒකකයට ඇතුලත් කර තිබුණි. එසේ ප්‍රතිකාර සඳහා ඇතුළත් කෙරුනේ නැවියා, ඔහුගේ බිරිඳ, දරු දෙදෙනා හා මව්පිය දෙදෙනාය. ඔවුන්ගේ ජෛව පටල සාම්පල රෝහල් කොරෝනා ඒකකයෙන් ලබා ගෙන පරික්ෂණ සදහා යොමු කර ඇත. තවද වැලිසර නාවුක කදවුරේ සිට නිවාඩු ලබා පැමිණි කරුවලගස්වැව සෞඛ්‍ය වෛද්‍ය නිළධාරි කොඨඨාශයේ තබ්බෝව, නවගත්තේගම, ඉගිනිමිටිය, කලාඔය, මහජන සෞඛ්‍ය පරික්ෂක කේෂත්‍ර තුළ තවත් නැවියන් හය දෙනෙකු හා ඔවුන්ගේ පවුල්වල පිරිස් නිරෝධායනයට ලක්කර ඇත.මේ අතර, වැලිසර නාවික හමුදා කඳවුරේ සේවය කර නිවාඩුවට ගමට පැමිණි ගලහ සෞඛ්‍ය වෛද්‍ය නිලධාරි කොට්ඨාසයේ මුරපොල, බැමිය හා වාඩියගොඩ ගම්මානවල පදිංචි සෙබලුන් හතර දෙනෙකු හා ඔවුන්ගේ පවුල් වල සාමාජිකයන් ස්වයං නිරෝධනයට ලක්වන ලෙස සෞඛ්‍ය බලධාරීන් හා ගලහ පොලිසිය මගින් උපදෙස් දී ඇත. එයින් එක් සෙබලෙකුගේ බිරිඳ සේවය කරන නවනැලිය උප තැපැල් කාර්යාලය ද මේ වන විට වසා දමා ඇත. එම සෙබලුන් හතර දෙනාගේ පී.සී.ආර්. පරීක්ෂණ සිදු කිරීමට නියමිතය. රත්නපුර මහ රෝහල වෙත පීසීආර් පරීක්ෂණ සඳහා යොමු කළ වැලිසර නාවික හමුදා කඳවුරේ අවිස්සාවෙල්ල හා ගොඩකවෙල නාවිකයන් දෙදෙනකුට වයිරස ආසාදනය වී ඇති බවට තහවුරු වීමෙන් පසු කොළඹ අයිඩීඑච් රෝහල වෙත යොමු කර ඇත. මේ ආකාරයට රෝගී වී ඇත්තේ කහවත්ත පොලිස් බල ප්‍රදේශයේ අයත් ගොඩකවෙල ප්‍රාදේශීය සභා කොට්ටාසයේ රිදිවිට හිරමඩගම නාවික සෙබලෙකු සහ අවිස්සාවේල්ල තල්දුව ප්‍රදේශයේ නාවික සෙබළෙකි.ඉඹුල්පේ නෙල්ලිවල නාවික සෙබලාගේ ආසාදිත තත්වයක් නොමැති මුත් තත්වය තවදුරටත් තහවුරු කරගැනීමට අයිඩීඑච් රෝහලට යවා ඇත. ඉඹුල්පේ සෞඛ්‍ය වෛද්‍ය නිලධාරී කලාපය තුළ නිරෝධායනය සඳහා සම්බන්ධ වු පුද්ගලයින් 45 දෙනෙක් දෙනෙකු ස්වයං නිරෝධායනයට ලක් කර ඇත. මේ අතර බළන්ගොඩ ස්වයං නිරෝධායනයට යොමුකළ පිරිස 24 කි. ඒ අනුව බළන්ගොඩ හා ඉඹුල්පේ කලාපයන් දෙකෙහි පුද්ගලයින් 69 ක් නිරෝධායනයට යොමුකිරීමට පියවරගෙන ඇත.

ඇඟිල්ල දිගුවන්නේ කාටද? වරද කාගේද?

මේ ආකාරයට ආසාදනය ප්‍රාදේශීයව ව්‍යාප්තවීමේදී නාවික භටයන් වෙත ඇඟිල්ල දිගුකිරීමේ ප්‍රවණතාවක් ඇති වුවද ඇත්ත වශයෙන්ම මේ ආකාරයට සියගණනක් ආසාදනයවීමේ මුල් වරද ඇත්තේ ආරක්ෂක හමුදා සෙබලුන් අනාරක්ෂිත මෙහෙයුමකට යැවීම බවත් ආණ්ඩුව විසින් සෞඛ්‍යාරක්ෂක උපායමාර්ග වෙනුවට යුද උපායමාර්ග ප්‍රමුඛතාවයට ගෙන කෝවිඩ් මර්දන පිළිවෙතක් අනුගමනය කිරීමෙන් ජනසමාජයක් අනතුරට හෙළා ඇති බවත් මෙම සිදුවීමේ කරුණු අධ්‍යයනය කර අදහස් පළ කරන විවේචකයන් විසින් අදහස් පළකර ඇත. විශේෂයෙන්ම පාලකයන් ලෙස පාර්ලිමේන්තු බලය ලබාගැනීමට මහමැතිවරණය පැවැත්වීමේ අවශ්‍යතාවයෙන් ජනතාව වසංගතයෙන් ආරක්ෂා කිරීම දෙවැනි තැනට දැමීම නිසා නාමයෝජනා ලබාගැනීම දක්වා නිසි පියවර ගැනීම පමා කරන ලද බව ආණ්ඩුවට චෝදනා එල්ල විය. ආසාදිතයන් 28 දෙනකු නිසා රටම නවතා දැමිය නොහැකි බව ජනාධිපතිවරයා ප්‍රසිද්ධියේ ප්‍රකාශ කර තිබිණි. එසේම නාම යෝජනා කැඳවීමට වඩා වසංගතයට මුහුණදීමට පියවර ගන්නා ලෙස කල ඉල්ලීම් හමුවේ සෞඛ්‍ය ඇමතිනිය ප්‍රකාශ කළේද වසංගතය ප්‍රශ්නයක් නොවන බවත් මහමැතිවරණය පවත්වා තම පක්ෂය විසින් ජයග්‍රහණය ලබන බවත්ය. මෙවැනි පසුබිමක පාලක පැලැන්තිය විසින් සාමාන්‍ය ජනයාගේ ජීවිත පරදුවට තබමින් තම පන්තියේ අවශ්‍යතා වෙනුවෙන් තීරණ ගන්නා බව සනාථකර ඇත. නාවික සෙබලුන් රෝගයට බිලිදීමෙන්ද ඒ හරහා සමාජයම වසංගතයේ අනතුරට හෙළිමෙන්ද හෙළිදරව් වන්නේ එම පාලකයන්ගේ වගකීම් විරහිතභාවයයි.

(බලයලත් පාර්ශ්ව විසින් තමන් හිරිහැරයට ලක්කරතැයි යන අවදානම හේතුවෙන් මෙම ලිපිය වෙනුවෙන් අදහස් දැක්වූ සෞඛ්‍ය අංශයේ නිලධාරින් සිය අනන්‍යතාව අනාවරණය නොකරන ලෙස ඉල්ලීමක් කරන ලදී)",වැලිසර නාවික හමුදා කඳවුරේදී කොරෝනා වෛරසය ආසාදනය වීමේ සිදුවීම රජයේ කොරෝනා මර්දන වැඩපිළිවෙළ තුළ ඇති වැරදි ප්‍රවේශය හොඳින්ම අනාවරණයවන අවස්ථාවක් බව සෞඛ්‍ය අංශවල කතාබහට ලක්ව ඇත. වැලිසර නාවික හමුදා කඳවුරේ සෙබලුන් 65 දෙනෙකුට කොවිඩ් 19 වෛරසය ආසාදනය වී ඇති බව අනාවරණය වීමත් සමග විශාල තැතිගැන්මක් ඇතිව තිබේ. පසුගිය දිනවල එම කඳවුරේ සිට නිවාඩු ලබා ගම්බිම්වලට …,sin,lankaviews,Lanka Views,fake news,df4cc0d4-8189-4f25-8e2c-5a46f73bc60e,article,MassiveSum
https://www.lankaviews.com/%e0%b6%bb%e0%b6%b1%e0%b7%92%e0%b6%bd%e0%b7%8a-%e0%b6%b8%e0%b7%93%e0%b6%bb%e0%b7%92%e0%b6%ba%e0%b6%b6%e0%b7%90%e0%b6%af%e0%b7%8a%e0%b6%af%e0%b6%a7-%e0%b6%b6%e0%b7%9c%e0%b6%bb%e0%b7%94-%e0%b6%94/,,රනිල් මීරියබැද්දට බොරු ඔප්පු දීලා,,Posted on 05.29.2015 by Sampath in දේශීය පුවත් with 0 Comments,නාය යාමේ ආපදාවෙන් පීඩාවට පත් මීරියබැද්දේ වතු කම්කරු පවුල් සඳහා ස්ථිර ඉඩම් ලබා දෙන බවට විශාල ප‍්‍රචාරයක් කරමින් අගමැති රනිල් වික‍්‍රමසිංහ පසුගියදා බණ්ඩාරවෙල නගර ශාලාවේදී බෙදා දුන් ඔප්පු නීතිමය වශයෙන් වලංගු නොවන බවට ජනරළට තොරතුරු ලැබී තිබේ. වතු යටිතල පහසුකම් ඇමැති වේලායුධන්ගේද සහභාගිත්වයෙන් පැවැති මෙම උත්සවයේදී මීරියබැද්ද ජනතාවට ඔප්පු බෙදා දෙන ලදී. ඉන් අනතුරුව තවත් …,sin,lankaviews,Lanka Views,fake news,8422e711-d0a0-40e3-b8a8-cf326c4e9fcb,article,MassiveSum
https://www.lankaviews.com/%e0%b6%b4%e0%b7%99-%e0%b7%83-%e0%b6%b4-%e0%b6%b8%e0%b7%8f%e0%b6%b0%e0%b7%8a%e2%80%8d%e0%b6%ba-%e0%b7%84%e0%b6%b8%e0%b7%94%e0%b7%80-%e0%b6%85%e0%b6%af-%e0%b7%83%e0%b7%80%e0%b7%83-2-00%e0%b6%a7/,,පෙ.ස.ප මාධ්‍ය හමුව අද සවස 2.00ට,,Posted on 08.09.2015 by Nishshanka in දේශීය පුවත් with 0 Comments,පවතින දේශපාලන තත්වය හා මැතිවරණයේ ඉදිරි ක‍්‍රියාමාර්ග ගැන දැනුවත් කරන මාධ්‍ය හමුවක් අද (09)සවස 2.00ට මරදාන C S R හිදී  (සමාජ හා සාමයික කේන්ද්‍රය) පෙරටුගාමී  සමාජවාදී පක්ෂය විසින් පවත්වන බව එම පක්ෂය විසින් නිකුත් කළ මාධ්‍ය නිවේදනයක දැක්වේ. මේවන පවතින දේශපලන තත්වය හා මැතිවරණයේදි මතු වෙමින් පවතින නව තත්වයන් පිළිබඳ තම මතය ප්‍රකාශ කිරීම සදහා මෙම මාධ්‍ය …,sin,lankaviews,Lanka Views,fake news,e3762c53-6481-4642-9d2c-82f76a38e1bc,article,MassiveSum
https://www.lankaviews.com/%e2%80%8d%e2%80%8d%e0%b6%af%e0%b7%92%e0%b6%b8%e0%b7%94%e0%b6%ad%e0%b7%94-%e0%b6%86%e0%b6%a7%e0%b7%92%e0%b6%9c%e0%b6%bd-%e0%b6%9a%e0%b7%94%e0%b6%b8%e0%b7%8f%e0%b6%bb%e0%b7%8a-%e0%b6%9c%e0%b7%94/,,‍‍දිමුතු ආටිගල - කුමාර් ගුණරත්නම් පැහැරගැනීමට අදාලව පොලිස් මූලස්ථානයට ‍පෙ.ස‍.පෙන් පැමිණිල්ලක්,,Posted on 11.12.2015 by Nishshanka in දේශීය පුවත් with 0 Comments,"පෙරටුගාමී සමාජවාදී පක්ෂයේ මධ්‍යම කමිටු සාමාජිකයන් වන දිමුතු ආටිගල සහෝදරිය සහ කුමාර් ගුනරත්නම් සහෝදරයා 2012 අප්‍රේල් මාසයේදී පැහැරගැනීම ගැන මින් පෙර පොලිස් මූලස්ථානයේ පැමිනිලි කරන ලදී. එහෙත් එහිදී සටහන් කෙරුණේ පැහැරගැනීම ආසන්න අවස්ථාවේ තත්වයයි. එනම්, ඔවුන් පිළිබද කිසිදු තොරතුරක් නොමැති බවය. ඉන්පසුව ඔවුන් නිදහස් කරන්නට පැහැරගත්තවුන්ට සිදු විය. පසුගියදා හිටපු ආරක්ෂක ලේකම් විසින් කළ ප්‍රසිද්ධ ප්‍රකාශයත් සමග රාජපක්ෂ ආණ්ඩුවේ නිල …",sin,lankaviews,Lanka Views,fake news,a7bb520b-c64d-4b3b-a3a3-97e756e1d5d0,article,MassiveSum
https://www.lankaviews.com/%e0%b6%9a%e0%b6%bd%e0%b6%b6%e0%b6%bd-%e0%b6%87%e0%b6%ad%e0%b7%92-%e0%b6%9a%e0%b6%bb%e0%b6%b1%e0%b7%80%e0%b7%94%e0%b6%b1%e0%b7%8a%e0%b6%a7-%e0%b7%80%e0%b7%99%e0%b6%a9%e0%b7%92-%e0%b6%ad%e0%b6%b6/,,කලබල ඇති කරනවුන්ට වෙඩි තබනවා! - යුද හමුදාපති,,"කලබලකාරී තත්ත්වයක් ඇති කිරීමට දරන උත්සාහයන් පාලනය කිරීම සඳහා උපරිම බලය යොදවන්නට යුද හමුදා සාමාජිකයන්ට උපදෙස් දී ඇති බවද අවශ්‍ය වුවහොත් ලබාදී ඇති බලතල අනුව වෙඩි තැබීමට වුවද පියවර ගන්නා බව යුද හමුදාපති මහේෂ් සේනානායක පවසයි.

ඊයේ (13) වයඹ පළාතේ ඇතිවූ තත්ත්වය පිළිබද අවධානය යොමුකරමින් විශේෂ ප‍්‍රකාශක් කළ යුද හමුදාපතිවරයා මෙම කරුණු අවධාරනය කළේය.

යුද හමුදාපතිවරයා විසින් සිදුකළ සම්පූර්ණ ප‍්‍රකාශය මෙසේය:

“වයඹ පළාතේදී ඊයේ හලාවතින් පටන්ගෙන කුළියාපිටිය, හෙට්ටිපොල සහ අනෙකුත් ප‍්‍රදේශ වලට පැතිරුණු සිදුවීම් නිසා, සවස ඇඳිරි නීතිය පනවන්න අපට සිද්ධ වුණා. දේපළවලට හානි කිරීමටත් විනාශයට පත්කිරීමටත් කිසියම් තරුණ පිරිසක් සම්බන්ධ වී තිබෙනවා.

“මේ නිසා, දේපල හානි කිරීමට හෝ රජයේ හෝ ආරක්‍ෂක හමුදාවල අවවාද නොතකා හැරීමට කිසිවකු සූදානම් වෙනවා නම්, ඔවුන් මර්දනය කිරීම සඳහා උපරිම බලය යෙදීමට පියවර ගන්නා බව, යුද හමුදාපතිවරයා වශයෙන් මා මේ අවස්ථාවේදී අවවාද කර සිටිනවා. නැවතත් කියා සිටින්නේ, හදිසි තත්ත්වය යටතේ පැවරී ඇති බලතල අනුව, ඔවුන් ග‍්‍රහණයට ගැනීමට, අත්අඩංගුවට ගැනීමට හෝ අවශ්‍ය වුවහොත් වෙඩි තැබීම දක්වා අවම බලයේ සිට උපරිම බලය යෙදවීමට පසුබට නොවන බවයි.

“රට නැවතත් උන්මන්තකයන්ගේ හෝ ත‍්‍රස්තවාදයේ ප‍්‍රචණ්ඩත්වය කරා යොමු වීම වැළැක්වීමට අපි අවශ්‍ය සියලූම පියවර ගන්නවා. කරුණාකර මෙම නීතිවිරෝධී කටයුතු සඳහා සම්බන්ධ නොවී සිටීමට ඔබ සියලූ දෙනාම වගබලාගන්න.

“එවැනි තත්ත්වයක් ඇතිවුවහොත් එය පාලනය කිරිමට සහ මැඬපැවැත්වීම සඳහා ආරක්‍ෂක හමුදා සියලූම බලය යොදවනවා. රටේ ඕනෑම පෙදෙසක ඇතිවිය හැකි ප‍්‍රචණ්ඩත්වය මර්දනය කිරීම සඳහා ආරක්‍ෂක හමුදා ඉතාමත් ශක්තිමත් ස්ථාවරයක සිටිනවා.

“නීතිය හා සාමය ආරක්‍ෂා කිරීමට පොලිසියට සහාය වීම සඳහා අප මේ වන විටත් යුද හමුදාව, නාවික හමුදාව සහ ගුවන් හමුදාව යොදවා තිබෙනවා. මා, ඉතා ඕනෑකමින්, මේ තරුණ ප‍්‍රජාවගෙන් ඉල්ලා සිටින්නේ ප‍්‍රචණ්ඩත්වය ඇති කිරීමෙන් ආරක්‍ෂක හමුදා සමඟ නොපැටලෙන ලෙසයි. එසේ වුවහොත් අපේ බලය පාවිච්චි කරන්න අපට සිද්ධ වෙනවා”",කලබලකාරී තත්ත්වයක් ඇති කිරීමට දරන උත්සාහයන් පාලනය කිරීම සඳහා උපරිම බලය යොදවන්නට යුද හමුදා සාමාජිකයන්ට උපදෙස් දී ඇති බවද අවශ්‍ය වුවහොත් ලබාදී ඇති බලතල අනුව වෙඩි තැබීමට වුවද පියවර ගන්නා බව යුද හමුදාපති මහේෂ් සේනානායක පවසයි. ඊයේ (13) වයඹ පළාතේ ඇතිවූ තත්ත්වය පිළිබද අවධානය යොමුකරමින් විශේෂ ප‍්‍රකාශක් කළ යුද හමුදාපතිවරයා මෙම කරුණු අවධාරනය කළේය. යුද …,sin,lankaviews,Lanka Views,fake news,a1a82c61-210a-4909-b31a-3dba7071c0b0,article,MassiveSum
https://www.lankaviews.com/%e0%b6%91%e0%b6%9a-%e0%b6%bb%e0%b6%a7%e0%b6%9a%e0%b7%8a-%e0%b6%91%e0%b6%9a-%e0%b6%b1%e0%b7%93%e0%b6%ad%e0%b7%92%e0%b6%ba%e0%b6%9a%e0%b7%8a-%e0%b6%bd%e0%b7%9a%e0%b6%b6%e0%b6%bd%e0%b6%ba%e0%b7%99/,,"'එක රටක් එක නීතියක්' ලේබලයෙන් ප්‍රභූවරුන් රැකීම, මහල් නිවාස අනතුරින් සනාථ වේ!",,"Posted on 09.22.2020 by Chandana Sirimalwatte in දේශීය පුවත් with 0 Comments

මහනුවර, බූවැලිකඩ පස්මහල් නිවසක් කඩාවැටීමේදී මාස එකහමාරක බිලිඳියක හා මව්පියන් වැලලී මරණයට පත්වීම සම්බන්ධයෙන් නීතිය ඉටු කිරීමේදී බැලු බැල්මට දූෂිත තත්වයක් ක්‍රියාත්මක වෙමින් තිබෙන බව දක්නට ලැබේ. පස්මහල් නිවස කඩාවැටීමේ අනතුරක් ඇති බව දැනගන්නා නිවෙස් හිමි ප්‍රභූ පවුල වේලාසනින් නිවසින් ඉවත්වුවද එයින් ජීවිත අනතුරු ඇති බව දැන දැනම අවශ්‍ය පියවර නොගැනීම නිසා මනුෂ්‍ය ඝාතන සම්බන්ධයෙන් චෝදනා කළ හැකි චූදිතයන් බවට පත්වන බව පොලිසිය සැළකිල්ලට ගෙන නැත. එපමණක් නොව, මෙම නිවස ඉදිකිරීමේදී නීතිය අවභාවිතයේ යොදවන ලද බවත් අල්ලස් හා දූෂණ හරහා නීති විරෝධී ඉදිකිරිමක් සිදුකළ බවටත් චෝදනා එල්ල වෙමින් තිබේ. මහනුවර බූවැලිකඩ සංඝමිත්තා මාවතේ පිහිටා තිබුණු මෙම පස්මහල් නිවසක් සැප්තැම්බර් 20 වැනිදා අලුයම කඩාවැටීමෙන් අනතුරට පත්ව සිටි බිලිඳියගේ සිරුර ඉක්මනින් රෝහල්ගත කළද ඇය ඒ් වනවිටත් මියගොස් සිටියාය. මව්පිය යුවළගේ මළ සිරුරු සුන්බුන් අතරින් ඉවතට ගත හැකි වූයේ පැය අටකටත් පසුවය. නියමිත ප්‍රමිතියෙන් තොරව දූෂිත ආකාරයෙන් ඉදිකළ බව කියන පස්මහල් මන්දිරය අයත්ව තිබුණේ දොඩංවල නාථ දේවාලයේ හිටපු බස්නායක නිළමේවරයෙකු වූ අනුර ලෙව්කේටය. නිවස කඩාවැටීමේ අනතුර දැන සිටි ඔහු, මනුෂ්‍ය ඝාතනය සම්බන්ධ සිය නිර්දෝෂීභාවය සනාථ කිරීමට නිවස නියමිත ක්‍රමවේදයට ඉදිකළ බවට මාධ්‍ය හමුවේ ප්‍රකාශ නිකුත් කරයි. එසේ නමුත් මිනිස් ජීවිත 3ක් මරණයට පත්වීමේ වගකීම සම්බන්ධව සැකකරුවකු ලෙස අත්අඩංගුවට ගැනීමක් සිදුව නැත. මහනුවර කොට්ඨාස භාර ජ්‍යෙෂ්ඨ පොලිස් අධිකාරි සුදත් මාසිංහ මාධ්‍ය හමුවේ ප්‍රකාශ කළේ නිවසේ හිමිකරු එය අවිධිමත්ව ඉදිකර ඇතැයි තහවුරු වුවහොත් නොසැළකිලිමත්කමින් තිදෙනකුට මරු කැඳවීම හා දේපලවලට හානි කිරීමේ චෝදනාව යටතේ ඔහුට එරෙහිව අපරාධ චෝදනා ගොනු කරන බවය. මේ අතර ජාතික ගොඩනැගිලි පර්යේෂණ සංවිධානයේ නියෝජිතයන්ද අදාළ ස්ථානය නිරීක්ෂණය කළ අතර එහි භූ විද්‍යාඥයන් ප්‍රකාශ කළේ පස්මහල් නිවස ඉදිකිරීමේදී භූමියේ පවතින තත්ත්වය කිසිසේත්ම සැලකිල්ලට ගෙන නොමැති බවය. නිලධාරීන් පස් දෙනකුගෙන් යුත් විමර්ශන කණ්ඩායමක් මගින් එම නිවස ඉදිකිරීම සඳහා අනුමැතිය ලබාදුන් බව කියන සියලු ආයතනවලින්, ඊට අදාළ ලේඛන පරීක්ෂා කිරීමටද නියමිත බව ප්‍රකාශ වී ඇත. කෙසේවෙතත් මියගියවුන්ගේ අයිතිවාසිකම් ආරක්ෂා කිරීමට මේ කිසිදු ප්‍රයත්නයක් සාධාරණ වන්නේ නැත. මනුෂ්‍ය ඝාතනයක් වැළැක්වීමට උත්සාහ නොදැරීම මනුෂ්‍ය ඝාතනයකට අනුබල දීමකට සමාන බව සාමාන්‍ය නීතිමය තර්කයක් වුවද ප්‍රභූන් ඒවැනි නීති යටතේ කිසිදා චෝදනා නොලබන තත්වයක් පවතී. මේ නිසා ගෝඨාභය රාජපක්ෂ පාලනය සම්බන්ධව ‘එක රටක් එක නීතියක්’ යනුවෙන්ගෙන ආ උදාන වාක්‍ය පුස්සක් බව නැවත වරක් සනාථ වී ඇත.","මහනුවර, බූවැලිකඩ පස්මහල් නිවසක් කඩාවැටීමේදී මාස එකහමාරක බිලිඳියක හා මව්පියන් වැලලී මරණයට පත්වීම සම්බන්ධයෙන් නීතිය ඉටු කිරීමේදී බැලු බැල්මට දූෂිත තත්වයක් ක්‍රියාත්මක වෙමින් තිබෙන බව දක්නට ලැබේ. පස්මහල් නිවස කඩාවැටීමේ අනතුරක් ඇති බව දැනගන්නා නිවෙස් හිමි ප්‍රභූ පවුල වේලාසනින් නිවසින් ඉවත්වුවද එයින් ජීවිත අනතුරු ඇති බව දැන දැනම අවශ්‍ය පියවර නොගැනීම නිසා මනුෂ්‍ය ඝාතන සම්බන්ධයෙන් …",sin,lankaviews,Lanka Views,fake news,9cd60661-cc6f-4f5a-887c-bc7e345bc3f5,article,MassiveSum
https://www.lankaviews.com/%e0%b6%b4%e0%b7%85%e0%b7%8f%e0%b6%ad%e0%b7%8a-%e0%b6%b4%e0%b7%8f%e0%b6%bd%e0%b6%b1-%e0%b6%b8%e0%b7%90%e0%b6%ad%e0%b7%92%e0%b7%80%e0%b6%bb%e0%b6%ab%e0%b6%ba-%e0%b6%b1%e0%b7%90%e0%b7%80%e0%b6%ad/,,පළාත් පාලන මැතිවරණය නැවත කල්යන ලකුණු,,Posted on 12.09.2015 by Nishshanka in දේශීය පුවත් with 0 Comments,අද දින මුදල් රාජ්‍ය ඇමැති ලක්ෂමන් යාපා මාධ්‍ය හමුවකදී පවසා සිටියේ දැනට සැලසුම් කර ඇති පරිදි ලබන මාර්තු මස පළාත් පාලන මැතිවරණය පැවැත්වීමට නොහැකිවන තත්වයක් මේ වන විට උදාවී ඇතිබවයි. පළාත් පාලන බල ප්‍රදේශ සදහා නව සීමා නීර්ණ කිරීමේ සිදුවීමට අදාලව මේ වනවිට විවිධ පාර්ශවයන්ගෙන් පැමිණිලි 700යක් පමණ ලැබී ඇති නිසා එම තත්වය නොසලකා ඉදිරි පළාත් …,sin,lankaviews,Lanka Views,fake news,079b19dd-572c-4f7b-9253-854479a24198,article,MassiveSum
https://ceylondaily.com/%e0%b6%a1%e0%b6%b1%e0%b7%8a%e0%b6%af-%e0%b6%b8%e0%b6%b0%e0%b7%8a%e2%80%8d%e0%b6%ba%e0%b7%83%e0%b7%8a%e0%b6%ae%e0%b7%8f%e0%b6%b1%e0%b7%80%e0%b6%bd%e0%b6%a7-%e0%b6%a2%e0%b6%82%e0%b6%9c%e0%b6%b8/,,ඡන්ද මධ්‍යස්ථානවලට ජංගම දුරකතන රැගෙන යාමෙන් වලකින්නැයි ඉල්ලීමක්,,"Like Love Haha Wow Sad Angry

ඡන්ද මධ්‍යස්ථානයට යෑමේදී ජංගම දුරකතන හා ගමන් මළු ආදිය රැගෙන යාමෙන් වළකින්නැයි මැතිවරණ කොමිසම ඡන්ද දායකයින්ගෙන් ඉල්ලීමක් කරයි.

ඡන්ද මධ්‍යස්ථානයේදී ජංගම දුරකතන නාද කිරීම , දුරකතනය මගින් හෝ කැමරා මගින් ඡායාරූප ගැනීම සපුරා තහනම් බවත් එවැනි වැරදි කරන ඡන්ද දායකයින් අත්අඩංගුවට ගන්නා බවද මැතිවරණ කොමිසම සදහන් කළේය.

Like Love Haha Wow Sad Angry","ඡන්ද මධ්‍යස්ථානයට යෑමේදී ජංගම දුරකතන හා  ගමන් මළු ආදිය රැගෙන යාමෙන් වළකින්නැයි මැතිවරණ කොමිසම ඡන්ද දායකයින්ගෙන් ඉල්ලීමක් කරයි. ඡන්ද මධ්‍යස්ථානයේදී ජංගම දුරකතන නාද කිරීම , දුරකතනය මගින් හෝ කැමරා මගින් ඡායාරූප ගැනීම සපුරා තහනම් බවත් එවැනි වැරදි කරන ඡන්ද දායකයින් අත්අඩංගුවට ගන්නා බවද මැතිවරණ කොමිසම සදහන් කළේය.",sin,ceylondaily,Ceylon Daily,fake news,02de46ab-d24b-4db2-899d-603bd8d452c7,article,MassiveSum
https://www.lankaviews.com/%e0%b7%83%e0%b7%92%e0%b7%83%e0%b7%94%e0%b7%80%e0%b7%8f%e0%b6%a7-%e0%b6%9a%e0%b6%ab%e0%b7%9a-%e0%b6%b4%e0%b7%84%e0%b6%bb-%e0%b6%af%e0%b7%94%e0%b6%b1%e0%b7%8a-%e0%b6%9c%e0%b7%94%e0%b6%bb%e0%b7%94/,,සිසුවාට කණේ පහර දුන් ගුරුවරයාට වන්දි ගෙවන්න සිදු වෙයි!,,"Posted on 02.13.2021 by Chandana Sirimalwatte in දේශීය පුවත් with 0 Comments

සිසුවෙකුගේ කනට ගසා බරපතල හානි කිරීමෙන් එම සිසුවාගේ මූලික අයිතිවාසිකම් කඩ වීම නිසා සිදුවූ හානිය වෙනුවෙන් වන්දියක් ගෙවිය යුතු බව හ්‍රේෂ්ඨාධිකරණය තීන්දු කරයි.

එම පහරදිම සිදු කළ ගුරුවරයාගේ පෞද්ගලික මුදලින් රුපියල් 150,000 ක් තුවාල ලැබූ සිසුවාට ගෙවන ලෙසත්, තවත් රුපියල් ලක්ෂ 5ක මුදලක් සිසුවාට වන්දි වශයෙන් ගෙවන ලෙසත් ශ්‍රේෂ්ඨාධිකරණය විසින් රජයට නියෝගකර ඇත.

මෙම පහර දීම මගින් ආණ්ඩුක්‍රම ව්‍යවස්ථාවේ 11වැනි වගන්තිය මගින් සහතික කර කෲර වධ හිංසාවලට ලක් නොවී සිටීමට ඇති මූලික අයිතිවාසිකම උල්ලංඝණය වී ඇතැයි ශ්‍රේෂ්ඨාධිකරණය විසින් තීරණය කර තිබේ. විනය හෝ කිසිදු හේතුවක් මත දරුවකු හිංසාවට පත් කළ යුතු තීන්දුව ප්‍රකාශය පත් කරමින් විනිසුරු මඬුල්ල අවධාරනයකර ඇත.

ජනවාරි 12 මෙම තීන්දුව ප්‍රකාශයට පත් කළ ශ්‍රේෂ්ඨාධිකරණය මාතර පුහුල්වැල්ල මධ්‍ය මහා විද්‍යාලයේ විනය භාර ආචාර්යවරයා විසින් අදාළ වන්දි මුදල්, නියෝග ලබා දුන් 12 දින සිට මාස 6ක් ඇතුළත ගෙවිය යුතු බවට කළේය. ශ්‍රේෂ්ඨාධිකරණය මෙසේ නියෝග කළේ පහර කෑ සිසුවා වෙනුවෙන් ඔහුගේ දෙමව්පියන් ගොනු කළ මූලික අයිතිවාසිකම් පෙත්සම් විභාගයට ගැනීමෙන් පසුව එහි තීන්දුව ප්‍රකාශයට පත් කරමිනි.","සිසුවෙකුගේ කනට ගසා බරපතල හානි කිරීමෙන් එම සිසුවාගේ මූලික අයිතිවාසිකම් කඩ වීම නිසා සිදුවූ හානිය වෙනුවෙන් වන්දියක් ගෙවිය යුතු බව හ්‍රේෂ්ඨාධිකරණය තීන්දු කරයි. එම පහරදිම සිදු කළ ගුරුවරයාගේ පෞද්ගලික මුදලින් රුපියල් 150,000 ක් තුවාල ලැබූ සිසුවාට ගෙවන ලෙසත්, තවත් රුපියල් ලක්ෂ 5ක මුදලක් සිසුවාට වන්දි වශයෙන් ගෙවන ලෙසත් ශ්‍රේෂ්ඨාධිකරණය විසින් රජයට නියෝගකර ඇත. මෙම පහර …",sin,lankaviews,Lanka Views,fake news,87256d21-f089-4a2f-a8c6-f53f64a1672c,article,MassiveSum
