uuid,article_content,translated_content,post_content,translated_post,language,translation_directionality,model,veracity,technique_keys,json_filepath,language(article_content),language(translated_content),language(post_content),language(translated_post),language(source),degree,source_dataset,HAT,MGT,MTT,HWT
03088462-bed8-4aeb-a843-4c2895ee93d2,"Apple's iOS 7.1.1 update has caused technical issues for some users, with reports of devices becoming unresponsive or entering recovery mode. While primarily affecting Over-The-Air (OTA) updates, some installations via iTunes also encountered problems. The update, intended to enhance battery life and security, impacted devices including iPhone 4S, 5, 5C, 5S, iPad Air, iPad mini, and iPod Touch. Multiple users on Apple's forums described needing full restores after update failures, resulting in data loss. Brandtley reported: 'My device got stuck in recovery mode post-update.' While termed 'bricked' by some, most devices remained recoverable through system resets. The 26MB update specifically resolved a TouchID fingerprint recognition issue on iPhone 5S and improved keyboard responsiveness on older models. Apple advises users to backup data via iCloud/iTunes and ensure sufficient storage before updating. Detailed instructions for both OTA and iTunes update methods are available on Apple's support page, with warnings about potential installation challenges.","Apple'i iOS 7.1.1 värskendus on tekitanud mõnedel kasutajatel tehnilisi probleeme, sealhulgas seadmete jäämine reageerimatusse olekusse või taastumisrežiimi. Kuigi värskenduse eesmärgiks oli parandada aku eluiga ja turvalisust, tekkisid eriti õhu kaudu (OTA) installimisel tõrked, osadel juhtudel ka iTunesi kasutamisel. Probleemid mõjutasid seadmeid nagu iPhone 4S, 5, 5C, 5S, iPad Air, iPad mini ja iPod Touch. Apple'i toetusfoorumis kirjeldas kasutaja Brandtley olukorda: 'Seade jäi pärast värskendust taastumisrežiimi.' Kuigi mõned kasutajad kasutasid terminit 'kivisse muutnud', saadi enamik seadmeid taastada lähtestamise teel. 26-megabaidine värskendus parandas iPhone 5S sõrmejäljelugemi tuvastusprobleeme ja klaviatuuri toimivust vanemates mudelites. Apple soovitab enne värskendamist varundada andmed iCloud'i või iTunesi kaudu ning kontrollida piisavat mälumahtu. Detailised juhised on Apple'i toetuslehel nii OTA kui ka iTunesi meetodi kohta.",⚠️ Apple iOS update alert! Some users report devices stuck after installing 7.1.1 - especially via wireless updates. Backup before installing! #iOSUpdateWarning #TechTroubles 🔧,⚠️ iOS uuenduse hoiatus! Mõned kasutajad teatavad seadmete külmumisest pärast 7.1.1 installi - eriti WiFi kaudu. Tehke enne varundus! #iOSHoiatus #TehnikaProbleemid 🔧,est,eng_x,deepseek-ai_DeepSeek-R1-Turbo,real_news,[1],/eng_x_r/deepseek-ai_DeepSeek-R1-Turbo/est/CoI_03088462-bed8-4aeb-a843-4c2895ee93d2_est_polish.json,eng,est,eng,"[est,eng]",eng,moderate,DialyNews,y,n,y,n
88eaf535-b7ec-4606-952b-1187cd1c546a,"Paris, France (CNN) -- A strike by air traffic controllers disrupted flights across France on Wednesday, leading to the cancellation of 10% of scheduled flights at Paris' main Charles de Gaulle Airport, according to the civil aviation authority DGAC. Half of all flights from Orly Airport, France's second-largest air hub, were also canceled. Authorities advised passengers to confirm flight statuses with airlines before traveling. Irish carrier Ryanair called on the French government to deploy military personnel for air traffic control duties during the strike, stating: 'France, passengers, and airlines cannot tolerate these disruptions during a critical period for travel and tourism.' The strike coincides with the start of summer vacations for many French residents. EasyJet passenger Nawel Boubouka, whose Orly flight was postponed to Thursday, expressed frustration: 'Finding accommodation in mid-July is extremely difficult.' The labor action, ongoing since Tuesday evening, is set to conclude Thursday at 6 a.m. Controllers are protesting Europe's air traffic control integration plans. France is preparing to join Germany, Switzerland, Belgium, the Netherlands, and Luxembourg in forming FABEC (Functional Airspace Block Europe Central), part of the Single European Sky initiative aimed at optimizing flight paths to reduce fuel consumption and flight times. The FABEC zone spans 1,713,442 square kilometers and contains Europe's busiest civil and military air routes.","Pariis, Prantsusmaa (CNN) -- Õhuliiklust juhtivate töötajate streik segas Prantsusmaa lende kolmapäeval, põhjustades 10% lendude tühistamise Pariisi peamises Charles de Gaulle'i lennujaamas, teatas Prantsusmaa tsiviillennunduse amet (DGAC). Pool Orly lennujaama lendudest, mis on riigi suuruselt teine lennujaam, tühistati samuti. Reisijaid paluti lennu olekut kontrollida enne lennujaama saabumist. Iiri odavlennufirma Ryanair nõudis Prantsusmaa valitsuselt sõjaväe kaasamist õhuliikluse juhtimisse streigi ajal, öeldes: 'Prantsusmaa, reisijad ja lennufirmad ei saa selliseid häireid taluda reisi- ja turismihooaja tipus.' Streik langeb kokku paljude prantslaste suvepuhkuste algusega. EasyJeti reisija Nawel Boubouka, kelle Orly lend lükati üle neljapäevaks, väljendas meelehärmi: 'Majutuse leidmine juuli keskpaigas on ääretult raske.' Tööseisukord, mis kestis teisipäeva õhtust alates, lõppeb neljapäeval kell 6 hommikul. Kontrollörid protestivad Euroopa õhuliikluse ühendamise plaanide vastu. Prantsusmaa valmistub liituma Saksamaa, Šveitsi, Belgia, Hollandi ja Luksemburgiga FABEC-i (Funktsionaalne õhuruumiplokk Kesk-Euroopa) moodustamiseks, mis kuulub Ühtse Euroopa taeva programmi hulka. Selle eesmärk on lennutrajektoore optimeerida, et vähendada kütusekulu ja lennuaegu. FABEC-i tsoon hõlmab 1 713 442 ruutkilomeetrit ning sisaldab Euroopa kõige tihedamaid tsiviil- ja sõjalennuliine.","✈️ #TravelAlert: Major flight disruptions in France as air traffic controllers strike! 🚫 10% flights axed at CDG, 50% at Orly. Ryanair urges military intervention amid summer travel chaos. Passengers stranded: 'Finding July accommodation is impossible!' #FlightChaos #EuropeTravel","✈️ #Reisihäired: Prantsusmaa õhuliikluse streik tekitab kaose! 🚫 10% lendudest tühistatud CDG-s, 50% Orly lennujaamas. Ryanair nõuab sõjaväe abi suve-reisihooaja keskel. Reisijad lõksus: 'Juulis majutust leida on võimatu!' #Lennukaos #EuroopaReisimine",est,eng_x,deepseek-ai_DeepSeek-R1-Turbo,real_news,[0],/eng_x_r/deepseek-ai_DeepSeek-R1-Turbo/est/CoI_88eaf535-b7ec-4606-952b-1187cd1c546a_est_edit.json,eng,"[est,eng]",eng,"[est,fra,eng]",eng,light,DialyNews,y,n,y,n
d5154e1b-2737-4c77-abce-e549359883d1,"Celebrity chef Gordon Ramsay emphasizes cooking as an essential life skill, advising his children to prioritize it over exam results. He recently told his 15-year-old son Jack to focus on kitchen skills rather than stressing about a Latin exam, stating culinary literacy better addresses childhood obesity than academic pressure. Despite leaving school with minimal qualifications and a curtailed football career, Ramsay built a multi-million pound culinary empire. 'The obesity crisis stems from parents' poor nutritional knowledge, not kids,' he declared on the David Letterman show. 'I told Jack: If Latin won't be part of your life, let's perfect scrambled eggs instead.' Ramsay's four children now prepare weekend family meals, showcasing skills he helped develop. He attributes his values to mother Helen Cosgrove, who worked at Stratford-upon-Avon's Cobweb Tea Room: 'She brought home unsold food—we never wasted anything. Modern kids often lack basic kitchen responsibilities.' On Masterchef Junior, Ramsay observes children as young as eight outperforming adults: 'They learn faster and handle feedback constructively. These skills build real confidence—I critique parents, not kids.' His daughter Matilda, 13, will host CBBC's 'Matilda and the Ramsay Bunch,' combining Bollywood-themed cooking with adventure challenges. Born in Scotland in 1966, Ramsay overcame a difficult childhood before pursuing catering. After a football injury ended his sports aspirations, he studied at North Oxford Technical College, eventually earning Michelin stars and TV fame through shows like Kitchen Nightmares and Hell's Kitchen.","Tähtkokk Gordon Ramsay rõhutab, et kokkamist tuleks pidada põhieluoskuseks, soovitades oma lastel seda eelistada eksamitulemustele. Ta manitses 15-aastast poega Jackit keskenduda köögioskustele mitte latinakeelse eksami muredele, tuues välja, et toiduvalmidus aitab lastel rasvumist ennetada tõhusamalt kui akadeemilised saavutused. Vähese haridusega ja katkenud jalgpallikarjääriga ehitas Ramsay endale miljonitesse ulatuva kokandusimperiumi. 'Laste rasvumise põhjuseks on vanemate toitumisteadmised, mitte lapsed ise,' selgitas ta David Lettermani saates. 'Ütlesin Jackile: Kui sa latinat ei kasuta, õpime paremini munapuderit valmistama.' Ramsay neli last valmistavad nüüd nädalavahetustel perele toitu, demonstreerides tema õpetatud oskusi. Ta annab tunnustust emale Helen Cosgrove'ile, kes töötas Stratford-upon-Avoni Cobweb Tea Roomis: 'Ta tõi müümata toidu koju – me ei raisanud midagi. Tänapäeval ei oska lapsed isegi nõusid pesta.' Masterchef Juniori kohtununa märgib Ramsay, et kaheksa-aastased lapsed omandavad oskusi kiiremini kui täiskasvanud: 'Nendega on produktiivsem töötada. Sellised eluoskused annavad enesekindlust – ma noomin vanemaid, mitte lapsi.' Tema 13-aastane tütar Matilda juhib CBBC saadet 'Matilda ja Ramsay Seltskond,' mis ühendab Bollywoodi-retsepte seiklusülesannetega. Šotimaal 1966. aastal sündinud Ramsay ületas raske lapsepõlve, leides kutsumuse kokanduses. Pärast jalgpallikarjääri katkestanud vigastust õppis ta North Oxfordi Tehnikakoolis, saavutades hiljem Michelini tärne ja telesaadetega nagu Köögi õudsed unenäod ja Põrguköök kuulsuse.","🔥 Gordon Ramsay says cooking beats exams ANY DAY! 🍳 The celeb chef's teaching kids life skills over Latin tests – and his own son's nailing scrambled eggs at 15! 🏆 'Parents, step up – it's YOUR job to fight obesity,' he roars. Catch Masterchef Junior prodigies & Matilda's new food adventures! #LifeSkillsMatter #KitchenOverClassroom","🔥 Gordon Ramsay: Köök on tähtsam kui eksamid! 🍳 Kuulsuskokk õpetab lapsi eluoskusi – tema 15-aastane poeg teeb juba täiuslikke munapudreid! 🏆 'Vanemad, ärge süüdistage lapsi rasvumises,' ütleb staarkokk. Vaata Masterchef Juniori imelapsi ja Matilda seiklusi uues saates! #EluOskused #KöökEnneKooli",est,eng_x,deepseek-ai_DeepSeek-R1-Turbo,real_news,[0],/eng_x_r/deepseek-ai_DeepSeek-R1-Turbo/est/CoI_d5154e1b-2737-4c77-abce-e549359883d1_est_edit.json,eng,est,eng,est,eng,light,DialyNews,y,n,y,n
906cd930-aea7-4a29-8eae-92e96310c3fd,"Archaeologists have uncovered an unusual Iron Age burial in Wiltshire suggesting ancient fears of restless spirits. A female skeleton missing her feet was discovered alongside animal remains and other human burials during infrastructure work by Wessex Water. The burial site near West Knoyle revealed a woman interred with severed feet placed beside her, along with sheep and goat remains positioned near her head. Adjacent graves contained a 10-year-old child and two men with sword-related injuries. Dr. Melanie Giles from the University of Manchester notes this reflects preventive funerary practices. 'Post-mortem foot removal appears designed to stop spiritual unrest,' she stated. Such measures typically followed deaths considered spiritually risky, including violent fatalities or childbirth complications. Iron Age burial customs varied regionally, from corpse exposure to stone cist interments. This discovery highlights complex ritual practices, with animal offerings potentially serving as both spiritual protection and afterlife provisions.","Arheoloogid on Wiltshire'is avastanud ebatavalise rauaaegse matuse, mis viitab muistsetele hirmudele 'kõndivate surnute' ees. Naise luustik, millel puudusid jalad, leiti koos loomajäänuste ja teiste matustega Wessex Wateri veevarustusprojekti raames. West Knoyle'i lähedalt leitud matmispaigas oli naise kõrval asetatud tema elusalt äralõigatud jalad. Pea kohal paiknesid lamba- ja kitsejäänused. Lähikonnas leiti ka 10-aastase lapse ning kahe mõgaderohke surma saanud mehe säilmed. Manchesteri Ülikooli arheoloog dr Melanie Giles selgitab: 'Jalgade maharaiumine pärast surma näib olevat rituaalne meetod, mis pidi takistama surnutel kummitamast.' Selliseid praktikaid kasutati erakorraliste surmade puhul nagu vägivaldsed surmajuhtumid või sünnitusprobleemid. Rauaaegsed matmiskombed varieerusid piirkonniti alates laibateatavatest (excarnation) kuni kivikirstudesse matmisteni. See leiutis toob välja keerukad usupraktikad, kus loomad ohverdati surnute kaitseks ja nende tarbeks teispoolses elus.",Ancient zombie fears revealed! 🧟♀️ Archaeologists find Iron Age woman buried without feet to stop her haunting the living. Discovered with animal remains and sword-slain men in Wiltshire. #AncientMysteries #ArchaeologyFinds,"Muistsed zombihirmud! 🧟♀️ Arheoloogid leidsid rauaaegse naise, kelle matsid ilma jalgadeta, et takistada kummitamist. Koopaga kaasas lambajäänused ja mõkku surnud mehed Wiltshire'ist. #MuistsedMüsteeriumid #Arheoloogialeiud",est,eng_x,deepseek-ai_DeepSeek-R1-Turbo,real_news,[0],/eng_x_r/deepseek-ai_DeepSeek-R1-Turbo/est/CoI_906cd930-aea7-4a29-8eae-92e96310c3fd_est_edit.json,eng,est,eng,est,eng,light,DialyNews,y,n,y,n
ecce2e4d-8d42-4c53-ac9a-1422a33b7413,"The StartupBus competition represents a high-intensity entrepreneurial challenge. Forty teams across six buses complete a 48-hour journey from multiple U.S. cities to Austin's SXSW festival, developing business prototypes during transit. Participants, called 'buspreneurs,' operate under severe time constraints that organizers compare to crisis-response scenarios. Unlike typical SXSW startups that prepare for months, StartupBus teams conceptualize and develop during the journey. The 2011 event features a simulated stock exchange game where players invest in developing projects. Participation grew from 50 applicants in 2010 to 1,200 in 2011, with 160 selected competitors. While 2010 winners DormDorm (dorm rental concept) and DateBrowsr (dating profile aggregator) didn't become operational businesses, alumni report significant career benefits. DormDorm team member Mick Johnson later joined Y Combinator. The 2011 competition includes documentary teams and reporters from CNN, CNET, and All Things Digital.",Kultuurilised kohandused: - 'Buspreneurs' tõlgitud kui 'bussiettevõtjad' (loominguõiguslik termin) - Lisatud selgitus 'simulatsioonimäng' täpsustamaks virtuaalset börsimängu - Parandatud ajaline täpsus: '2010. aasta võitjad' mitte '2023' - Kohalikud meediakanalid säilitatud originaalnimetustes (CNN jt),"🚀💻 48h to build a startup ON THE MOVE! 6 buses, 160 coders, 1 wild ride to #SXSW. Who'll pitch the next big thing? Follow #StartupBus2024 for live updates & see if beer + pressure = innovation! 🍻 #TechCrunch","🚌💡 48 TUNNIGA STARTUP VALMIS! 6 bussi, 160 koodarit, üks hull sõit #SXSW-le. Kes leiab järgmise suure idee? Jälgi #StartupBus2024 reisiblogi - kas õllel ja ärevusel on innovatsioonivõim? 🍻 #TehnoloogiaEestis",est,eng_x,deepseek-ai_DeepSeek-R1-Turbo,real_news,[1],/eng_x_r/deepseek-ai_DeepSeek-R1-Turbo/est/CoI_ecce2e4d-8d42-4c53-ac9a-1422a33b7413_est_polish.json,eng,est,eng,est,eng,moderate,DialyNews,y,n,y,n
26230f8b-17f5-4ef3-b66c-54d42b1bab68,"UK authorities warn that synthetic opioids like AH-7921 - marketed as Doxylam - pose unprecedented risks, with Home Office Minister Norman Baker calling them more dangerous than traditional narcotics. The death of Jason Nock, a computer technician who fatally overdosed on the legally available substance in 2013, highlights the crisis. Government data shows legal high-related fatalities in England and Wales surged from 12 in 2009 to 97 in 2012, with two-thirds directly caused by the substances. Officials struggle to control new psychoactive compounds engineered weekly to evade drug laws. Recent prison disturbances at HMP Blantyre House in Kent have been tied to synthetic cannabis 'Spice', banned in 2009 but still circulating undetected. An expert panel including toxicologists and law enforcement representatives is developing strategies to address this evolving threat, with recommendations expected by late spring.","Suurbritannia ametnikud hoiatavad, et AH-7921 (tuntud ka kui Doxylam) sünteetilised opiaadid esindavad suuremat ohtu kui traditsioonilised narkootikumid. Kodukantse minister Norman Baker rõhutas, et 41-aastase Jason Nocki surm 2013. aastal illustreerib 'seaduslike uimastite' eluohtlikkust. Inglismaa ja Walesi andmetel tõusis seaduslike uimastitega seotud surmajuhtumite arv 12-lt 2009. aastal 97-ni 2012. aastal. Kenti Blantyre House'i vangla vägivallaintsidenteid seostatakse 2009. aastal keelatud sünteetilise kanepiga 'Spice', mida tavalised uimastitestid ei tuvasta. Valitsuse moodustatud ekspertide töörühm töötab kiiresti levivate psühhoaktiivsete ainete ohjeldamise meetodite väljatöötamisega, lõpparuande eeldatakse kevadlõpuks.",🚨 UK warns of deadly 'legal heroin' crisis! 💀 Synthetic opioids like Doxylam linked to 8x surge in deaths since 2009. Minister Baker: 'Major challenge requiring urgent action'. Tragic stories like Jason Nock's show the human cost. #LegalHighsAlert #DrugPolicyUpdate,🚨 HOIATUS! Suurbritannia hoiatab 'seadusliku heroiini' ohu eest! 💀 Sünteetilised opiaadid nagu Doxylam seotud surmajuhtumite 8-kordse kasvuga alates 2009. Minister Baker: 'Kriis vajab kiiret lahendust'. Jason Nocki lugu näitab inimlikku hinnangut. #SeaduslikudUimastid #Terviseohud,est,eng_x,deepseek-ai_DeepSeek-R1-Turbo,real_news,[1],/eng_x_r/deepseek-ai_DeepSeek-R1-Turbo/est/CoI_26230f8b-17f5-4ef3-b66c-54d42b1bab68_est_polish.json,eng,est,eng,"[est,eng]",eng,moderate,DialyNews,y,n,y,n
e0c453f9-7a6d-43e7-be22-f64d736c3ddc,"Recent reports suggest Michael Schumacher has begun recognizing immediate family members while remaining nonverbal nearly a decade after his December 29, 2013 skiing accident in Meribel's French Alps. Philippe Streiff, a former racer using a wheelchair since his 1989 crash, told media outlets the Formula 1 icon demonstrates early cognitive awareness but faces profound physical challenges. Streiff alleges receiving updates from Corinna Schumacher and neurosurgeon Gerard Saillant, claiming the seven-time champion manages minimal limb movement and practices sitting upright. These assertions conflict with official statements from manager Sabine Kehm, who stresses Schumacher's recovery remains 'a long fight' and denies Streiff's claimed connections to the family. The life-changing injury occurred when Schumacher diverged from a marked red slope (intermediate difficulty) onto ungraded terrain between red and blue runs. A partially concealed rock caused loss of control, propelling him 34 feet into another rock formation. After six months in induced coma and subsequent hospital care, Schumacher now receives treatment at his Lake Geneva residence, with therapists cautiously hopeful about potential future mobility using crutches.","Viimased uudised viitavad, et Michael Schumacher on hakanud ära tundma oma lähipere liikmeid, kuigi jääb kõnelematuks peaaegu kümme aastat pärast 29. detsembril 2013 toimunud suusatamisõnnetust Prantsuse Alpides Meribel'is. Endine võidusõitja Philippe Streiff, kes kasutab ratastooli alates 1989. aasta õnnetusest, väidab meedias, et seitsmekordne F1-meister näitab esimesi märke teadvuse taastumisest, kuid seisab silmitsi tõsiste füüsiliste väljakutsetega. Streiff väidab saavat uuendusi Schumacheri abikaasalt Corinnalt ja neurokirurg Gerard Saillant'ilt, öeldes, et legendaarne sõitja suudab teha minimaalseid liigutusi ja harjutab istumisvõimet. Need väited on vastuolus Schumacheri meeskonna esindaja Sabine Kehmi ametlike avaldustega, kes rõhutab, et taastumine on 'pikk tee' ja eitab Streiffi lähedast suhet perekonnaga. Elu muutnud vigastus juhtus, kui Schumacher kaldus märgistatud punaselt rajalt (keskraskele tasemele) hinnangulisele maastikule punase ja sinise raja vahele. Osaliselt varjatud kivi põhjustas tasakaalukaotuse, tõugates teda 10 meetri kaugusele teise kivini. Pärast kuut kuud tehiskoomas viibimist ja hilisemat haiglaravi saab Schumacher nüüd ravi Genfi järve ääres asuvas kodus, kus terapeudid hoiavad ettevaatlikku lootust tema võimalikule liikumisvõimele karkude abiga.","🚨 Update: F1 legend Michael Schumacher shows signs of recognition after decade-long recovery battle. While still nonverbal, reports suggest progress in cognitive awareness. Conflicting accounts emerge about his condition - family friend vs management. Docs remain cautiously hopeful for future mobility. 💪 #SchumacherStrong #F1Community","🚨 Uuendus: F1 legend Michael Schumacher näitab märke teadvuse taastumisest peale 10-aastast taastumisvõitlust. Kuigi ta ei räägi, on märgid progressist. Vastuolulised teated tema seisundi kohta - peresõber vs meeskond. Arstid hoiavad ettevaatlikku lootust liikumisvõimele. 💪 #SchumacherTugev #F1Ühendus",est,eng_x,deepseek-ai_DeepSeek-R1-Turbo,real_news,[2],/eng_x_r/deepseek-ai_DeepSeek-R1-Turbo/est/CoI_e0c453f9-7a6d-43e7-be22-f64d736c3ddc_est_rewrite_light.json,eng,est,eng,est,eng,light,DialyNews,y,n,y,n
db1863f4-52dd-4767-82a4-e714366c03b7,"Scotland's Justice Secretary Kenny MacAskill allegedly advised Lockerbie bomber Abdelbaset Al-Megrahi to withdraw his appeal to facilitate compassionate release, according to claims in a new book. The 2009 meeting with Libyan officials reportedly included suggestions that dropping legal challenges would expedite Megrahi's release, though Scottish authorities deny any involvement. Medical professionals had given Megrahi three months to live due to prostate cancer, but he survived 2.5 years post-release, intensifying scrutiny of the decision. The book 'Megrahi: You Are My Jury' contends the conviction resulted from flawed investigations and political maneuvering, while UK officials maintain the release was unjustified. Political opponents demand parliamentary investigation into alleged secret negotiations.","Šotimaa justiitsminister Kenny MacAskill nõudis väidetavalt Lockerbie pommiplahvatuse korraldamises süüdi mõistetud Abdelbaset Al-Megrahilt apellatsioonikaebusest loobumist, et hõlbustada viimase inimlikel põhjustel vabastamist. Uue raamatu 'Megrahi: Teie olete mu vandekogu' kohaselt pakuti 2009. aastal Liibüa delegatsiooniga peetud kohtumisel välja, et kohtuprotsessist loobumine kiirendaks vabastamisprotsessi. Šotimaa võimud kinnitavad, et ei sekkunud apellatsiooni tagasivõtmisse. Arstid olid Megrahile prognoosinud eesnäärmevähki tõttu kolm kuud eluiga, kuid ta elas pärast vanglast vabastamist veel 2,5 aastat, mis tekitas otsuse suhtes kahtlusi. Raamat esitab süüdimõistet kui ebaõiglaste uurimismeetodite ja poliitiliste manipultatsioonide tulemust, samal ajal kui Suurbritannia ametnikud rõhutavad vabastamise ebaõigustatust. Opositsioonipoliitikud nõuavad parlamendis saladläbirääkimiste täielikku avalikustamist.",🔥 NEW REVELATIONS: Book claims Scottish official pushed Lockerbie bomber to drop appeal for early release! Was justice traded for political convenience? #LockerbieCase #TruthSeekers,"🔥 UUDISED: Raamat väidab, et Šotimaa ametnik surus Lockerbie terroristi loobuma apellatsioonist varasema vabastamise nimel! Kas õiglust müüdi poliitilise mugavuse eest? #LockerbieJuhtum #TõsiasjadeOtsing",est,eng_x,deepseek-ai_DeepSeek-R1-Turbo,real_news,[1],/eng_x_r/deepseek-ai_DeepSeek-R1-Turbo/est/CoI_db1863f4-52dd-4767-82a4-e714366c03b7_est_polish.json,eng,est,eng,est,eng,moderate,DialyNews,y,n,y,n
8be521cb-70d3-4117-91ac-f8a7ea61f05d,"Joseph Gibbons, a 61-year-old filmmaker and former MIT lecturer (2002-2010), faces robbery charges for allegedly stealing $1,000 from a Manhattan Capital One bank on December 31st while documenting the act as artistic research. According to court filings, Gibbons presented a note requesting church donations during the incident. Rhode Island authorities connect him to a similar November 2023 Citizens Bank robbery in Providence where $3,000 was taken. Fellow detainee Kaylan Sherrard reported Gibbons described the robberies as film research during their custody, stating: 'It's not a crime; it's artwork.' Historical records show Gibbons previously told Big Red and Shiny magazine he engaged in drug-related activities as 'romantic artistic research' for short films. MIT's archived webpage confirms Gibbons' lecturing tenure and international exhibitions at institutions including MoMA and Centre Pompidou. His 2002 film 'Confessions of a Sociopath' was listed among Artforum's annual best films. Multiple attempts to reach Gibbons for comment were unsuccessful.","61-aastane filmilooja ja endine MITi lektor Joseph Gibbons esitati röövimissüüdistustega seoses 31. detsembril toimunud 1000 dollari suuruse rahalisest äravõtmisest Manhattani Capital One pangast, mida ta dokumenteeris kui 'kunstilist uurimistööd'. Kohtumaterjalide kohaselt esitas Gibbons pangatöötajale kirjaliku nõude annetuseks oma kirikule. Rhode Islandi ametivõimud seovad teda sarnase 2023. aasta novembris toimunud 3000 dollari suuruse röövimisega Providence'is asuvast Citizens Bankist. Vanglas viibiv kaasosaline Kaylan Sherrard teatas, et Gibbons pidas röövimisi filmiülesanneteks, öeldes: 'See pole kuritegu, vaid kunst.' Ajaloolised andmed näitavad, et Gibbons on varem ajakirjale Big Red and Shiny rääkinud narkootikumide kasutamisest kui 'romantilistest kunstilistest katsetustest' lühifilmide loomisel. MITi arhiivis olev leht kinnitab Gibbonsi lektori ametiaega aastatel 2002-2010 ning tema näituste korraldamist sellistes asutustes nagu MoMA ja Pariisi Centre Pompidou. Tema 2002. aasta film 'Sotsiopaadi ülestunnistused' valiti kunstiajakirja Artforum aasta parimate filmide hulka. Kommenteerimispalved Gibbonsile jäid vastuseta.","🎥 Ex-MIT lecturer films bank heist as 'art project'! Joseph Gibbons, 61, claims $1k robbery was research for movie. 'It's not crime, it's artwork' he told fellow detainees. #ArtisticLicense #UnconventionalResearch","🎥 Endine MITi lektor filmis pangaröövi 'kunstiprojektina'! 61-aastane Joseph Gibbons väidab, et 1000 dollari äravõtt oli filmiülesanne. 'See pole kuritegu, vaid kunst,' ütles ta vanglas kaasvangile. #KunstilineVabadus #EbaturvalineUuring",est,eng_x,deepseek-ai_DeepSeek-R1-Turbo,real_news,[1],/eng_x_r/deepseek-ai_DeepSeek-R1-Turbo/est/CoI_8be521cb-70d3-4117-91ac-f8a7ea61f05d_est_polish.json,eng,"[est,eng]",eng,"[est,eng]",eng,moderate,DialyNews,y,n,y,n
28adac44-d352-491f-b63a-bb52bdb96873,"When Rachel Frederickson, 24, appeared at NBC's 'The Biggest Loser' finale, her dramatic transformation sparked concern. The voice-over artist from Los Angeles lost 59.62% of her body weight, dropping from 260 pounds to 105 pounds. At 5'5"", her BMI of 17.5 falls below the NIH's underweight threshold of 18.5. While trainers Bob Harper and Jillian Michaels declined to comment, social media reactions ranged from alarm to disappointment, with some users describing her as 'frail' and urging her to seek help. Medical experts emphasized that while BMI has limitations, extreme weight loss carries risks. Dr. Steven Lamm of NYU's Preston Robert Tisch Center for Men's Health noted severe weight reduction can cause hormonal issues and bone density loss. Northwestern Comprehensive Center on Obesity's Dr. Robert Kushner stated most patients lose 30% body weight annually, adding that swinging between weight extremes resembles 'a pendulum.' Both experts stressed that modest weight loss can significantly improve health markers like cholesterol and blood sugar.","Kui 24-aastane Rachel Frederickson ilmus NBC saate 'Suurim Kaotaja' finaali, tekitas tema drastiline muutus muret. Los Angelese häälennäitleja kaotas 59,62% oma kehakaalust (alates 118 kg ja lõpetades 48 kg-ni). 165 cm pikkuse naise kehamassiindeks 17,5 jääb alla USA Terviseinstituudi alakaalu piirnormi (18,5). Kui treenerid Bob Harper ja Jillian Michaels kommentaare andmata jätsid, väljendasid sotsiaalmeedia kasutajad nii muret kui ka pettumust, kirjeldades teda kui 'õhukest' ja soovitades talle abi otsida. Eksperdid rõhutasid, et kuigi kehamassiindeksil on piirangud, kaasnevad äärmusliku kaalulangusega terviseriskid. NYU Preston Robert Tischi meesteravikeskuse juhataja dr Steven Lamm selgitas, et kiire kaalulangus võib põhjustada hormonaalseid häireid ja luutiheduse vähenemist. Northwesterni rasvumiskeskuse kliinilise juhi dr Robert Kushneri sõnul kaotab enamik patsiente aastas umbes 30% kehakaalust, lisades, et kaalueksireid võib võrrelda pendli liikumisega. Mõlemad eksperdid rõhutasid, et isegi mõõdukas kaalulangus võib oluliselt parandada selliseid tervisenäitajaid nagu veresuhkru tase ja kolesterooli sisaldus.","Shocking transformation on #BiggestLoser sparks health debate! 🏆 Rachel Frederickson's 60% weight loss divides opinions – experts warn about extreme diet risks. BMI under 18.5 = underweight, but is it healthy? 💬 #HealthTalk #FitnessControversy","Šokeeriv muutus saates #SuurimKaotaja tekitas tervisearutelu! 🏆 Rachel Fredericksoni 60% kaalulangus jagab arvamusi – eksperdid hoiatavad äärmusliku dieedi ohtude eest. BMI alla 18,5 = alakaal, kas see on tervislik? 💬 #Tervis #Kaalulangus",est,eng_x,deepseek-ai_DeepSeek-R1-Turbo,real_news,[0],/eng_x_r/deepseek-ai_DeepSeek-R1-Turbo/est/CoI_28adac44-d352-491f-b63a-bb52bdb96873_est_edit.json,eng,est,eng,est,eng,light,DialyNews,y,n,y,n
2ba6ecf4-cf03-4fc4-af67-4a9f740dd969,"Chelsea striker Patrick Bamford will remain at Middlesbrough until the season's conclusion after extending his loan agreement. The 21-year-old forward has scored eight goals in 19 Championship appearances this season, surpassing initial expectations that would have seen him return to Chelsea in January. Middlesbrough manager Aitor Karanka emphasized Bamford's value: 'His dedication to the team's success has been exceptional. While still refining his skills, Patrick consistently prioritizes collective achievement - a quality cherished by teammates and supporters.' This represents Bamford's third senior loan assignment following spells at MK Dons and Derby County in previous seasons.","Chelsea ründaja Patrick Bamford jääb Middlesbroughsse hooaja lõpuni laenulepingu pikendamise tõttu. 21-aastane väravalööja on löönud kaheksa väravat 19 Championshipi mängus, ületades esialgsete planeerimisega seotud ootusi tema naasmiseks Chelseasse jaanuaris. Middlesbrough'i peatreener Aitor Karanka tõstis esile Bamfordi tähtsust: 'Tema pühendumus meeskonna edule on olnud erakordne. Kuigi ta arendab end jätkuvalt, seab Patrick alati meeskondliku edu esikohale - omadus, mida meeskonnakaaslased ja fännid hindavad kõrgelt.' See on Bamfordi kolmas laenuperiood pärast varasemaid väljakutseid MK Donsi ja Derby County meeskondades.",⚽️ Big news for Boro fans! Chelsea's young gun Patrick Bamford extends stay till season end after smashing 8 goals in 19 games! Coach Karanka praises his team-first attitude 👏 #ChampionshipUpdate #LoanStar,"⚽️ Uudis Boro fännidele! Chelsea noortäht Patrick Bamford jääb hooaja lõpuni, kui on löönud 8 väravat 19 mänguga! Treener Karanka kiidab meeskonnamängulist suhtumist 👏 #ChampionshipUudised #Laenutäht",est,eng_x,deepseek-ai_DeepSeek-R1-Turbo,real_news,[1],/eng_x_r/deepseek-ai_DeepSeek-R1-Turbo/est/CoI_2ba6ecf4-cf03-4fc4-af67-4a9f740dd969_est_polish.json,eng,est,eng,est,eng,moderate,DialyNews,y,n,y,n
3aca0f9d-2b7c-44b8-8bb4-25f6c6a8a7f8,"This November 2nd, video game enthusiasts can support pediatric healthcare by participating in a unique fundraising marathon. Through initiatives like Extra Life, now part of Children's Miracle Network Hospitals, players commit to extended gaming sessions while collecting donations - with this year's challenge extended to 25 hours due to daylight saving time adjustments. The concept originated in 2007 when founder Jeromy Adams sought game donations for Tori Enmon, a young cancer patient. The overwhelming response revealed gamers' charitable potential, leading to Extra Life's creation following Tori's passing in 2008. Adams emphasizes that modern gamers often balance family responsibilities while maintaining their passion: 'We're connected, efficient communicators wanting to make meaningful contributions.' Parallel initiatives like Humble Bundle demonstrate similar philanthropy. Their pay-what-you-want model (first introduced in 2010), allowing buyers to allocate portions to charities, surpassed expectations by raising $1.2 million initially versus $200,000 projections. Default 20% charity allocations often increase through user choice, benefiting organizations like Electronic Frontier Foundation and American Red Cross.","2. novembril saavad mänguhuvilised toetada lastehaigete abi osaledes erilises heategevusmaratonis. Extra Life'i kaudu (Children's Miracle Network Hospitalsi osa) korraldatakse 25-tunniseid mängumaratone, kasutades ära novembrikuise kellaaja muutuse. Mängijad koguvad annetusi haiglaseadmete ja ravimeoste jaoks. Algatus sai alguse 2007. aastal, kui asutaja Jeromy Adams korraldas mängukogumise vähihaigele Tori Enmonile. Üleujuv vastus viis Extra Life'i loomiseni 2008. aastal pärast Tori surma. Adams märgib: 'Tänapäeva mängijad tihti ühendavad pereelu ja mängupühendumust, olles ühed maailma kõige ühendatumad inimesed.' Humble Bundle'i platvorm pakub samalaadset heategevusvõimalust. Nende 2010. aastal loodud 'maksa-palju-tahad' süsteem ületas ootusi, kogudes esimese paketiga 1,2 miljonit dollarit. Vaikimisi 20% annetustest suunatakse organisatsioonidele nagu EFF ja Ameerika Punane Rist, kuid paljud kasutajad suurendavad seda osa.","🎮 Gamers, mark Nov 2! Join Extra Life's 25-hour gaming marathon to help sick kids. Your controller can be a lifeline! #GameForGood #ExtraLife2023 💚 P.S. Bonus hour thanks to daylight saving!",🎮 Märgi kalendrisse 2. november! Extra Life'i 25-tunnine mängumaraton toetab haigete lapsi. Sinu mänguseanss võib päästa elusid! #MängimeHeaks #ExtraLife2023 💚 Täiendav tund tänu talveajale!,est,eng_x,deepseek-ai_DeepSeek-R1-Turbo,real_news,[2],/eng_x_r/deepseek-ai_DeepSeek-R1-Turbo/est/CoI_3aca0f9d-2b7c-44b8-8bb4-25f6c6a8a7f8_est_rewrite_light.json,eng,"[est,eng]",eng,est,eng,light,DialyNews,y,n,y,n
c0b1c751-fcc7-4ab9-9f04-966410976718,"A Maryland mother accused of stabbing her two youngest children during an attempted exorcism led an informal religious group called 'Demon Assassins,' according to court documents. One-year-old Norell Harris and two-year-old Zyana Harris were found deceased in their Germantown home on January 17, 2014. Their mother Zakieya Avery (28) and family acquaintance Monifa Sanford (21) face murder charges for the children's deaths and attempted murder charges for attacks on the victims' older siblings. Prosecutors stated Avery had planned an exorcism ritual for a friend the day before the killings, though he didn't attend. The women later told police they believed the children were possessed, describing darkened eyes and a black cloud during the attack. Court records indicate Avery attempted to break her son's neck before stabbing both younger children, then injured the older siblings aged 5 and 8. Authorities revealed Avery had previous mental health commitments, while Sanford reported prior suicide attempts. Both women claimed their 'Demon Assassins' group, formed through Germantown's Exousia Ministries church, previously conducted non-violent spiritual practices. Church leadership stated the suspects hadn't been active members at the time of the incident. Surviving children were hospitalized in stable condition. Family members expressed shock, with the victims' grandmother describing them as 'the sweetest things.' Both suspects remain held without bond pending trial.","Marylandi osariigis süüdistatakse ema Zakieya Averyt kahe oma väikseima lapse tapmises eksortsismi katsel, mis toimus 17. jaanuaril 2014 Germantownis. Kohtumaterjalide kohaselt juhtis Avery ebavormi usulist rühma 'Demon Assassins'. Üheaastane Norell Harris ja kaheaastane Zyana Harris leiti surnult oma kodust. Nende ema ja perekonnatuttav Monifa Sanford (21) on süüdistatud nii mõrvas kui ka ellujäänud vanemate laste rünnakutes. Prokuröride sõnul plaanis Avery eelmisel päeval eksortsismi sõbrale, kes ei ilmunud. Naised väitsid politseile, et lapsed olid deemonite võimu all, kirjeldades nende pimenedud silmi ja musta pilve. Kohtumaterjalid näitavad, et Avery üritas poja kaela murda enne mõlema väikelapse lõikamist, seejärel rünnates ka 5- ja 8-aastaseid lapsi. Averyl oli varem dokumenteeritud vaimse tervise probleeme, Sanfordil enesetapukatseid. Mõlemad naised väitsid, et nende 'Demon Assassins' grupp Exousia Ministries kirikus tegeleb varem vägivallatute vaimsete praktikatega. Koguduse juhtkond rõhutas, et kahtlusalused polnud intsindi ajal aktiivsed liikmed. Ellujäänud lapsed saadeti haiglasse stabiilsesse seisundisse. Ohvrite vanaema avaldas šokki, kirjeldades lapsi kui 'imetoreimaid väikeseid'. Mõlemad kahtlusalused hoitakse vahi all kohtuprotsessini.","Heartbreaking case in Maryland: Mom charged after fatal 'exorcism' attempt leaves 2 toddlers dead, 2 kids injured. Suspects claimed 'demon possession' during ritual. Mental health factors cited. #JusticeForNorellAndZyana #ChildProtection","Šokeeriv juhtum Marylandis: Ema süüdi väidetavas eksortsismis, kus hukkusid 2 väikest last. Kahtlusalused rääkisid 'deemonitest'. Ellu jäänud lapsed haiglas. #ÕigusNorellileJaZyana #LasteKaitse",est,eng_x,deepseek-ai_DeepSeek-R1-Turbo,real_news,[0],/eng_x_r/deepseek-ai_DeepSeek-R1-Turbo/est/CoI_c0b1c751-fcc7-4ab9-9f04-966410976718_est_edit.json,eng,est,eng,est,eng,light,DialyNews,y,n,y,n
30590003-d373-4d06-afda-332783ddb058,"Authorities have obtained surveillance footage of an individual who made a 911 call reporting an armed man heading toward Yale University on November 26, 2013. The call, received at 9:48 AM from a payphone one mile from campus, triggered a six-hour lockdown and multi-agency response involving SWAT teams and federal agents. New Haven Police Chief Dean Esserman described the caller as 'a confused gentleman' whose account became less credible throughout the day. Initial witness reports of a gunman were later attributed to police officers carrying rifles during early response efforts. Yale officials confirmed no threat was found after thorough campus searches. With classes canceled for Thanksgiving week, normal operations were scheduled to resume December 2. Police are interviewing multiple persons of interest, indicating the incident may have been a prank. Students expressed relief after the lockdown ended, with freshman Samantha Brown stating: 'It feels safe now and I'm glad it's over.'",Parandatud 'tasulistest telefonist' → 'tasulise telefonikabinist' täpsema tähenduse jaoks Asendatud 'blokaadi' kontekstipärase 'evakuatsiooniga' Kohandatud 'SWAT-i meeskondade' → 'eriotstarbeliste politseiüksustega' parema kohaliku mõistetavuse huvides Lisatud kontekstuaalne märkus tänupäeva ajastuse kohta Eesti lugejale,🚨#YaleAlert: False shooter report caused 6-hour lockdown! 😱 SWAT teams & FBI responded to prank call from payphone near campus. No threat found - students relieved it's over. 🦃 Classes resume Dec 2. #CampusSafety #HoaxAlert,🚨#YaleHäire: Valehäire põhjustas 6-tunnise blokaadi! 😱 Eriüksused reageerisid tasulise telefoniga tehtud väljakutsele. Ohutu tuvastatud - õpilased kergendatud. 🦃 Tunni taastub 2.dets. #Kooliturvalisus #Valehäire,est,eng_x,deepseek-ai_DeepSeek-R1-Turbo,real_news,[1],/eng_x_r/deepseek-ai_DeepSeek-R1-Turbo/est/CoI_30590003-d373-4d06-afda-332783ddb058_est_polish.json,eng,est,eng,est,eng,moderate,DialyNews,y,n,y,n
fd8eb9ea-0921-4b91-b40a-b5520fd36e22,"Redlands College Principal Mark Bensley has drawn criticism after refusing two final-year Muslim teaching students wearing hijabs from beginning their placement at the Queensland Christian school. The decision sparked widespread social media backlash, with parents and community members questioning its compatibility with Christian values of acceptance. Parent Jennie Duke expressed disappointment, stating she was 'so very sad' her daughter attends the institution. Online commentators rebranded the school 'Redneck College,' while others challenged the religious justification: 'It's not very Christian-like to reject teachers over hijabs,' one critic wrote. Bensley defended his actions in the school newsletter, citing his 'duty of care to ensure staff support Christian principles.' He acknowledged the women's right to wear hijabs but claimed the practice conflicted with school values, arranging their transfer to another institution. The college's official statement emphasized commitment to Christian education while denying wrongdoing: 'We believe all parties reached mutual agreement.' They maintained the decision reflected educational alignment rather than intolerance. Religious leaders from multiple faiths condemned the move. Reverend Anneli Sinnko (identified as female) called it 'a contradiction of Christian foundations,' while Islamic representatives expressed deep concern. Legal experts noted Queensland's Anti-Discrimination Act permits religious requirements for school staff, complicating potential challenges.","Redlands College'i direktor Mark Bensley on pälvinud kriitikat pärast seda, kui keeldus kahel islamiusulise õpetajakoolituse lõpuaasta tudengil hijaabi kandmisel alustamast praktikat Queenslandi kristlikus koolis. Otsus vallandas laialdase kriitika sotsiaalmeedias, kus vanemad ja kogukonnaliikmed küsimärgi alla seadsid selle vastuolusid kristlike heakskiitmise väärtustega. Vanem Jennie Duke väljendas pettumust, öeldes, et on 'sügavalt kurvastatud' sellest, et tema tütar selles koolis käib. Mõned kommenteerijad muutsid kooli hüüdnime 'Redneck College'iks', teised aga ründasid religioosset põhjendust: 'Pole just väga kristlik keelduda õpetajatest hijaabi pärast,' kirjutas üks kriitik. Bensley põhjendas oma otsust kooli infolehes viidates 'kohustusele tagada, et õppejõud toetavad kooli kristlikke põhimõtteid.' Ta tunnistas naiste õigust hijaabi kanda, kuid leidis, et see on vastuolus kooli väärtustega, ning korraldas nende üleviimise teise õppeasutusse. Kooli ametlik avaldus rõhutas pühendumust kristlikule haridusele, eitades eksimusi: 'Kõik pooled jõudsid vastastikkusesse kokkuleppele.' Kooli esindajad väitsid, et otsus kajastab hariduslikke eesmärke, mitte sallimatust. Erinevate uskude esindajad hukka mõistsid selle sammu. Pastor Anneli Sinnko (naissoost) nimetas seda 'kristluse põhiväärtuste vastuoluliseks', islami kogukonna esindajad aga väljendasid muret. Õigusspetsialistid märkisid, et Queenslandi diskrimineerimisvastase seaduse paragrahv 25 võimaldab koolidel seada religioosseid nõudeid, muutes vastuoluliste juhtumite lahendamise keerulisemaks.","🚨Controversy at Redlands College: Principal bars hijab-wearing student teachers, citing Christian values. Sparks interfaith debate about inclusion vs religious rights. #EducationNews #ReligiousFreedom #QueenslandDrama",🚨Redlands College skandaal: Direktor keelas hijaabikandjatel õpetajatudengitel praktikat. Tekitas usuliste väärtuste arutelu kaasavuse ja õiguste piiridest. #HaridusUudised #Usuvabadus #QueenslandiKriis,est,eng_x,deepseek-ai_DeepSeek-R1-Turbo,real_news,[1],/eng_x_r/deepseek-ai_DeepSeek-R1-Turbo/est/CoI_fd8eb9ea-0921-4b91-b40a-b5520fd36e22_est_polish.json,eng,"[est,eng]",eng,"[est,eng]",eng,moderate,DialyNews,y,n,y,n
d8299717-1980-4db5-92b6-4396d43737c5,"October 2023 marked historic weather extremes in County Armagh, breaking two major records according to Armagh Observatory's 185-year dataset. The month saw 195.4mm of rainfall, surpassing the 1870 record of 193.8mm. Concurrently, temperatures reached 21.7°C - the third-highest October reading ever recorded at the facility and the warmest single day in 97 years. Severe flooding impacted multiple counties including Armagh, Down, and Antrim, with County Down experiencing its wettest October on record. Professor Michael Burton, the observatory's director, emphasized these patterns reflect climate change: 'Extreme weather is becoming routine rather than exceptional. Warmer air holds more moisture, leading to both increased rainfall and temperature extremes.' The observatory's continuous meteorological records since 1838 provide robust evidence of shifting climate patterns. Professor Burton noted that while individual events shouldn't be overinterpreted, the long-term data clearly shows increasing challenges for climate adaptation and the urgent need for mitigation efforts.","Oktoober 2023 murdis kõik sademeterekordid Armagh'i krahvkonnas, alates andmete kogumise algusest 1838. aastal. Kuu kogus 195,4 mm sademeid, ületades 1870. aasta senist rekordit 193,8 mm. Samal ajal tõusid temperatuurid 21,7°C-ni – see on kolmas kõrgeim oktoobritemperatuur observatooriumi ajaloos ja kuumim päev viimase 97 aasta jooksul. Rängad üleujutused tabasid mitmeid Ulsteri krahvkondi, sealhulgas Downi krahvkonda, mis koges oma märgemat oktoobrit alates mõõtmiste algusest. Armagh'i Observatooriumi direktor professor Michael Burton selgitas: 'Äärmuslikud ilmastikunähtused muutuvad tavapäraseks. Soojem õhk sisaldab rohkem niiskust, mis toob kaasa nii tugevamaid sademeid kui ka kõrgeid temperatuure.' Observatooriumi pidevad ilmavaatlusandmed alates 1838. aastast näitavad selget kliimamuutuste mustrit. Burton rõhutas, et kuigi üksikud nähtused ei peaks olema liialdatud tähtsusega, näitavad pikaajalised andmed selgelt suurenevaid kliimakohanemise väljakutseid ning kiirenevat vajadust kliimamuutuste mõjude leevendamiseks.",🌧️ HISTORY MADE! Armagh sees wettest month since 1838 with 195mm rainfall ☔️ New temp records too! Experts warn: 'Extreme weather is the new normal' #ClimateReality #NIWeather #ClimateActionNow,🌧️ REKORDKÜLMED! Armagh'i kogus oktoobris 195 mm sademeid – uus ajalooline rekord ☔️ Soojarekordid ka purustatud! Eksperdid hoiatavad: 'Äärmuslik ilm on uus norm' #Kliimamuutus #Ilmarekordid #RohelineÜleminek,est,eng_x,deepseek-ai_DeepSeek-R1-Turbo,real_news,[1],/eng_x_r/deepseek-ai_DeepSeek-R1-Turbo/est/CoI_d8299717-1980-4db5-92b6-4396d43737c5_est_polish.json,eng,est,eng,"[est,eng]",eng,moderate,GlobalNews,y,n,y,n
774c9f1b-e43c-480c-86ad-c497e931674c,"Brazilian Formula 1 driver Felipe Massa has raised urgent safety concerns about Pirelli's selected tires for November's home Grand Prix, the season's penultimate race. The veteran racer labeled the decision to bring only medium and hard compound tires to Interlagos as 'extremely risky,' citing unpredictable weather and recent track renovations. Massa emphasized the circuit's anti-clockwise layout places unique stress on tires, worsened by potential rain and colder temperatures. 'Choosing these compounds makes no sense and puts drivers at unnecessary risk,' he stated during the Russian GP weekend. The Williams driver noted he'd consulted extensively with colleagues and officials but remained unsatisfied with Pirelli's rationale, with safety concerns heightened by Jules Bianchi's 2014 crash in Japan. Pirelli's motorsport director Paul Hembery responded that harder tires had proven effective in previous Interlagos races, preventing the blistering issues seen with softer compounds. While acknowledging the resurfaced track surface might require reevaluation, he emphasized any changes would depend on technical data analysis before the tire working group's next meeting.","Brasiilia Vormel 1 sõitja Felipe Massa on avaldanud muret Pirelli valitud rehvide ohutuse pärast novembris toimuva koduse Grand Prix' suhtes, mis on hooaja eelviimane võistlus. Kogenud võidusõitja nimetas keskmise ja kõva ühendusega rehvide kasutamist Interlagosel 'äärmiselt riskantseks', viidates ettearvamatumale ilmale ja hiljutisele raja renoveerimisele. Massa rõhutas, et vastupäeva suunatud ringrada koormab rehve eriliselt, eriti vihmase ilma ja madalamate temperatuuride korral. 'Nende rehvivariantide valik on mõttetu ja seab sõitjaid ebavajalikku ohtu,' ütles ta Venemaa GP ajal. Williamsi meeskonna sõitja mainis laialdast konsulteerimist kolleegide ja ametnikega, kuid jääb rahulemata Pirelli põhjendustest, eriti Jules Bianchi 2014. aasta Jaapani õnnetuse tõttu. Pirelli motospordi juht Paul Hembery vastas, et kõvemad rehvid on Interlagose võistlustel varem edukalt kasutatud, vältides pehmemate ühenduste tekitatud põletikke. Kuigi ta tunnistas renoveeritud raja vajavat uut hinnangut, rõhutas ta, et igasugused muudatused sõltuvad tehniliste andmete analüüsist enne rehvitu töörühma järgmist koosolekut.",🚨 Safety alert from F1 vet Massa! 🏎️ Brazilian GP tire choice under fire as driver calls Pirelli's selection 'extremely risky' amid track changes and weather worries. Will the rubber meet the road? #F1Safety #BrazilGP #PirelliDebate,🚨 Brasiilia GP ohutusmure! Felipe Massa hoiatab Pirelli rehviväljaku valiku eest Interlagosel. Kas kõvad rehvid suudavad taluda vihma ja uut katet? #Vormel1 #OhutusEsikohal #PirelliKüsimus,est,eng_x,deepseek-ai_DeepSeek-R1-Turbo,real_news,[2],/eng_x_r/deepseek-ai_DeepSeek-R1-Turbo/est/CoI_774c9f1b-e43c-480c-86ad-c497e931674c_est_rewrite_light.json,eng,est,eng,est,eng,light,DialyNews,y,n,y,n
66c15cd4-c124-4b72-8456-f2b03bcf7efd,"Michael Rapaport's documentary 'Beats, Rhymes & Life' examines A Tribe Called Quest's career trajectory, combining historical footage with modern interviews. The film explores the group's creative process, 1998 dissolution, and turbulent 2008 reunion during the Rock the Bells tour, alongside member Phife Dawg's health struggles with type-1 diabetes and lifesaving kidney transplant from his spouse. While rich in musical history and individual personalities like Q-Tip's leadership and Phife's humor, the documentary faces criticism for its disjointed narrative structure and emotional detachment despite the group's cultural significance.","Michael Rapapordi dokumentaalfilm 'Beats, Rhymes & Life' uurib legendaarse hip-hop'i ansambli A Tribe Called Quest loomingulist teekonda, kombineerides arhiivimaterjale kaasaegsete interviüdega. Film kajastab bändi tekkelugu, 1998. aasta lahkheli ning probleemideta taasühinemist 2008. aastal Rock the Bells-tuuril, lisaks liikme Phife Dawg'i terviseraskusi diabeedi ja abikaasalt saadud neerusiirdamisega. Kuigi film pakub sügavaid vaateid New Yorgi hip-hop'i stseenile ja bändiliikmete isiksustele (näiteks Q-Tip'i juhtroll ja Phife'i teravmeelsus), on seda kritiseeritud segase jutustuse ja emotsionaalse ükskõiksuse pärast hoolimata bändi kultuurilisest tähtsusest.","🎥 New doc alert! 'Beats, Rhymes & Life' dives deep into A Tribe Called Quest's legendary journey - from groundbreaking beats to backstage drama. 🎤🔥 Peep the crew's creative genius and real-life struggles, but critics say it's missing that smooth flow we crave. Still a must-watch for hip-hop heads! #ATribeCalledQuest #HipHopHistory 🎧","🎥 Uus dokk tulemas! 'Beats, Rhymes & Life' sukeldub A Tribe Called Quest'i legendarisse loos - revolutsioonilisest muusikast kuni tagaruumide draamadeni. 🎤🔥 Naute ansambli loometuld ja eluraskusi, kuid kriitikud märgivad jutustuse katkiseid lõike. Siiski kohustuslik vaatamiseks hip-hop'i fännidele! #ATribeCalledQuest #HipHopAjalugu 🎧",est,eng_x,deepseek-ai_DeepSeek-R1-Turbo,real_news,[1],/eng_x_r/deepseek-ai_DeepSeek-R1-Turbo/est/CoI_66c15cd4-c124-4b72-8456-f2b03bcf7efd_est_polish.json,eng,est,eng,est,eng,moderate,DialyNews,y,n,y,n
d28fa34d-292d-418b-9c81-4c1270ede1e0,"In a 2010 New York attack, gunman William Spengler killed two firefighters using weapons illegally obtained through Dawn Nguyen's straw purchase. Federal authorities report Nguyen, then 24, falsely claimed ownership of an AR-15 rifle and 12-gauge shotgun during their June 7, 2010 acquisition. Spengler, who had served 17 years for murdering his grandmother in 1980, died by suicide after the ambush. Recovered firearms included two .223-caliber Bushmaster rifles - the same model used in the 2012 Sandy Hook shooting - and a Mossberg shotgun. Nguyen faces federal charges with potential penalties of 10 years imprisonment and $250,000 fines.","2010. aastal New Yorgis ründas relvastatud kurjategija William Spengler kaks tuletõrjujat, kasutades ebaseaduslikult Dawn Nguyeni kaudu soetatud relvi. Föderaalvõimude kinnitusel teatas 24-aastane Nguyen valetades relvamüüjale, et on relvade pärisomanik, et aidata Spengleril neid hankida. Spengler, kes oli 1980. aastal mõrvanud oma vanaema ja kandnud selle eest 17 aastat vangistust, sooritas pärast rünnakut enesetapu. Konfiskeeritud relvade hulgas olid kaks .223-kaliibrilist Bushmasteri vintpüssi (sama mudelit kasutati 2012. aasta Sandy Hooki koolitragöödias) ja Mossbergi püss. Nguyenil seisavad ees võimalikud karistused kuni 10 aastat vangistust ja 250 000 dollari suurune trahv.",Tragedy strikes NY firefighters as illegal guns fuel violence. Dawn Nguyen charged for straw-purchasing weapons used by convicted killer William Spengler in deadly 2010 ambush. #GunReformNow #JusticeForHeroes,New Yorgi tuletõrjujate tragöödia: ebaseaduslikud relvad põhjustasid veresauna. Dawn Nguyen süüdistatakse relvade ostmis mõrvar William Spengleri jaoks 201. aasta rünnakus. #RelvaseadustikuReform #ÕiglusKangelastele,est,eng_x,deepseek-ai_DeepSeek-R1-Turbo,real_news,[1],/eng_x_r/deepseek-ai_DeepSeek-R1-Turbo/est/CoI_d28fa34d-292d-418b-9c81-4c1270ede1e0_est_polish.json,eng,est,eng,est,eng,moderate,DialyNews,y,n,y,n
9fc07d2b-c28e-4b3c-a280-6750204e54ee,"West Ham's new signing Enner Valencia maintains he can achieve match fitness before their Premier League opener against Tottenham on August 16, despite club chairman David Sullivan's statement about potential unavailability for the first two matches. The £12 million striker, who scored three World Cup goals for Ecuador, began training with the team last Saturday after arriving in London. While Sullivan suggested Valencia's debut might come in the Capital One Cup, the player stated: 'I'm training hard to get match fit. I could still be ready for the Tottenham game or possibly the second match.' West Ham faces attacking shortages with Andy Carroll sidelined until December due to an ankle injury. The club is reportedly pursuing multiple striker options, including Peter Crouch and former Chelsea forward Samuel Eto'o. Team sources indicate Valencia might appear as a substitute against Tottenham despite his own ankle issue from the World Cup.","West Hami uus mängija Enner Valencia väidab, et suudab jõuda mänguvormi enne Premier League'i hooaja avamängu Tottenhamiga 16. augustil, hoolimata klubi esimehe David Sullivani varasemast hinnangust kahe esimese mängu vahelejäämise kohta. 12 miljonit naela maksnud ründaja, kes lõi Ecuadori eest MM-il kolm väravat, alustas treeninguid Londonis eelmise nädala laupäeval. Kuigi Sullivan märkis Capital One Cup'i võimalikku debüüti, rõhutas mängija: 'Treeningud on intensiivsed – usun, et olen valmis juba Tottenhami mänguks või järgmiseks vooruks.' West Hami ründeliin on probleemides Andy Carrolli pahkluuvalu tõttu (taasuvub alles detsembris). Klubi kaalub mitme ründajaga lepingu sõlmimist, sealhulgas Peter Crouchi ja endise Chelsea tähe Samuel Eto'oga. Allikad teatavad, et Valencia võib Tottenhami vastu minna platsile vahetusmängijana, hoolimata MM-ilt pärinevast pahkluuprobleemist.","⚽️ New Hammer Valencia defies fitness doubts! 'Ready for Spurs clash' says £12m star despite chairman's warning. ⏳ With Carroll out till Dec, will Crouch or Eto'o join the attack? #COYI #WHUFC",⚽️ West Hami uus täht Enner Valencia usub end ikka Tottenhami mängu valmis saavat! 💪 Hoolimata esimehe hoiatusest ja Carrolli vigastusest – kas abi tuleb Crouch või Eto'o? #WHUFC #PremierLeague,est,eng_x,deepseek-ai_DeepSeek-R1-Turbo,real_news,[0],/eng_x_r/deepseek-ai_DeepSeek-R1-Turbo/est/CoI_9fc07d2b-c28e-4b3c-a280-6750204e54ee_est_edit.json,eng,est,eng,est,eng,light,DialyNews,y,n,y,n
77311b1d-31d6-4ff1-8ed1-ced5deaa344a,"Health authorities responded to United Airlines Flight 988 from Brussels after a Liberian passenger exhibited illness symptoms upon landing at Newark Airport. The man, traveling with his daughter, was evaluated at University Hospital where physicians confirmed he had a treatable condition unrelated to Ebola. His asymptomatic daughter showed no signs of infection. CDC teams in hazmat gear escorted both individuals off the aircraft, where 261 passengers received informational leaflets about potential Ebola exposure. While airport coordination drew criticism, officials confirmed no Ebola risk. This incident occurred as U.S. authorities monitor 10 high-risk contacts linked to Texas Ebola patient Thomas Eric Duncan, currently in critical condition.","Tervishoiuvõimud reageerisid United Airlines'i lennule 988 Brüsselist Newarki lennujaama, kui Libeeria päritolu reisijal avaldusid maandumisel terviseprobleemid. Arstid Newarki Ülikoolihaiglas tuvastasid mehel Ebola-ga mitteseotud ravitava haiguse, tema tütarel aga ei leitud nakatumismärke. CDC kriisimeeskond viis mõlemad kaitsevarustuses haiglasse, samal ajal kui 261 reisijat said Ebolaohu kohta teavituslehti. Juhtum toimus paralleelselt olukorraga Texases, kus esimesel USA Ebola-patsiendil Thomas Eric Duncanil on raskenud terviseseisund ning 10 tema lähedast kuulub kõrge riskigruppi.",Scary moment at Newark Airport as Ebola fears ground flight! 🛬 CDC teams in full gear responded to sick passenger from Liberia. GOOD NEWS: Tests show NO Ebola detected. Lessons learned about emergency coordination. #HealthSecurity #EbolaAlert,"Ebolahoog Newarki lennujaamas! 🚨 Kaitsevarustuses meeskond reageeris Libeeria reisijale. HEAD UUDISED: Ebola välistati, kuid kriisihaldus proovile pandud. #Tervishoiukriis #EbolaHoiatus",est,eng_x,deepseek-ai_DeepSeek-R1-Turbo,real_news,[1],/eng_x_r/deepseek-ai_DeepSeek-R1-Turbo/est/CoI_77311b1d-31d6-4ff1-8ed1-ced5deaa344a_est_polish.json,eng,"[est,eng]",eng,est,eng,moderate,DialyNews,y,n,y,n
cd70ec28-a04e-4a9f-9420-ec34e020af2c,"Prosecutors presented evidence against two women charged in the beating death of 23-year-old Kim Pham, including cellphone footage showing a suspect kicking her head. The video displayed Pham wrestling with another woman outside The Crosby nightclub in Santa Ana on January 18 before being kicked. Defendants Vanesa Zavala and Candace Brito pleaded not guilty, with a judge determining if sufficient evidence exists for trial. Conflicting accounts emerged about the fight's origin. Some witnesses claim Pham initiated the altercation after interrupting a photo, while others state she was attacked unprovoked. Defense attorneys questioned police focus on specific suspects and highlighted unidentified participants in video evidence. Pham died from blunt force head trauma after being removed from life support. Her organ donations saved five lives, with tissues aiding burn victims and fracture treatments. The case continues as authorities seek a third woman linked to the incident.","Prokurörid esitasid tõendid kahe naise vastu, keda süüdistatakse 23-aastase Kim Phami surmas, sealhulgas mobiilikaamera salvestist, kus kahtlusalune Vanesa Zavala lööb teda peale. Video näitab Phamit võitlemas teise naisega The Crosby ööklubi ees Santa Anas 18. jaanuaril. Kahtlusalused Zavala ja Candace Brito eitasid süüd – kohtunik otsustab nüüd, kas piisab tõendeid kohtuprotsessi alustamiseks. Kokkupõrge tekitas vastuolulisi tunnistamisi: osad väidavad, et Pham alustas tüli foto segamise tõttu, teised räägivad põhjusetust rünnakust. Kaitsjad esitasid küsimusi politsei uurimismeetodite kohta, märkides videol nähtavaid tuvastamata osalisi. Pham suri peatrauma tagajärjel pärast elutoetuse väljalülitamist. Tema organid päästnud viis inimelu, kudede annetus aidanud põletikupatsiente. Juurdlus jätkub kolmanda naise otsingutega.",Shocking nightclub footage shows fatal beating in California. Two women face murder charges as conflicting stories emerge about what sparked the violence. Kim Pham's legacy lives on through FIVE organ recipients 💔 #JusticeForKim #SantaAnaCase,"Šokeeriv ööklubi video paljastab Kalifornia surmava tüli. Kaks naist süüdi surmas, tüli põhjused ebaselged. Kim Phami pärand elab edasi VIE elupäästja organidoonorina 💔 #ÕiglusKimile #SantaAnaJuhtum",est,eng_x,deepseek-ai_DeepSeek-R1-Turbo,real_news,[0],/eng_x_r/deepseek-ai_DeepSeek-R1-Turbo/est/CoI_cd70ec28-a04e-4a9f-9420-ec34e020af2c_est_edit.json,eng,est,eng,est,eng,light,DialyNews,y,n,y,n
593e0dd0-1d59-4b2f-8fc2-487d6576e27d,"Southampton's new manager Ronald Koeman has experienced a surge in Twitter popularity following his appointment. The Dutch coach, who signed a three-year contract after Mauricio Pochettino's departure, gained over 100,000 new followers within three days of the announcement, pushing his total past 300,000. Koeman acknowledged the social media frenzy, tweeting: 'My account has truly blown up! Surpassing 300,000 followers now - incredible! Thanks to everyone for the support.' The 51-year-old becomes one of only two active Premier League managers maintaining a Twitter presence alongside Swansea's Gary Monk. While Monk has 21,000 followers and former West Brom coach Pepe Mel counts 131,000, Koeman's digital following grew rapidly during the Southampton negotiations. His follower count jumped from 100,000 last Saturday to 300,000 by Monday evening amid heavy media coverage. Koeman brings extensive experience from managing top European clubs including Ajax, Benfica, and Valencia. The former Barcelona defender, who won major trophies as both player and manager, now faces the challenge of translating his online momentum into football success at St Mary's Stadium.","Southamptoni uus peatreener Ronald Koeman on saanud plahvatusliku populaarsuse tõusu Twitteris pärast ametisse nimetamist. Hollandi specialist, kes sõlmis kolmeaastase lepingu Mauricio Pochettino lahkumise järel, lisas kolme päeva jooksul üle 100 000 uue jälgija, tõstes koguarvu üle 300 000. Koeman kommenteeris sotsiaalmeediabuumi postituses: 'Mu konto on tõsiselt plahvatuslikult kasvanud! Nüüd ületanud 300 000 jälgijat - uskumatu! Aitäh kõigile toetuse eest!' 51-aastasest treenerist saab üks kahest Premier League'i peatreenerist, kes aktiivselt Twitterit kasutavad (koos Swansea Gary Monkiga). Kui Monkil on 21 000 jälgijat ja endisel West Bromi treeneril Pepe Melil 131 000, kasvas Koemani jälgijaskond kiiresti Southamptoniga läbirääkimiste ajal. Tema jälgijate arv tõusis eelmisel laupäeval 100 000-lt 300 000-ni esmaspäeva õhtuks meedia tähelepanu tõttu. Koeman toob kaasa laia kogemuse tippklubide juhtimisest, sealhulgas Ajaxist, Benficast ja Valenciast. Endine Barcelona kaitsja, kes võitis nii mängijana kui treenerina suuri tiitleid, peab nüüd suunama oma sotsiaalmeediaedu St Mary staadionil jalgpallieduks.",🔥 New Saints boss @RonaldKoeman's Twitter game STRONG! 💪 Gained 200K+ followers in 3 days after appointment 📈 Now rocking 300K+ fans! #SaintsFC #TwitterBoom ⚽️ Can he match online hype with on-pitch success?,🔥 @RonaldKoeman puhub Twitteris põhja! 💪 200 000+ uut jälgijat 3 päevaga peale Southamptoniga lepingu allkirjastamist 📈 Nüüd üle 300 000 fänni! #PremierLeague #SotsiaalmeediaVõim ⚽️ Kas staadionil sama edukas kui sotsiaalmeedias?,est,eng_x,deepseek-ai_DeepSeek-R1-Turbo,real_news,[2],/eng_x_r/deepseek-ai_DeepSeek-R1-Turbo/est/CoI_593e0dd0-1d59-4b2f-8fc2-487d6576e27d_est_rewrite_light.json,eng,"[est,eng]",eng,est,eng,light,DialyNews,y,n,y,n
21ec4f62-77b1-4889-a2a5-dbc437c4530e,"2013 champion Scott Waites narrowly avoided an early exit at the BDO World Championship, overcoming debutant Sam Hewson in a hard-fought Lakeside match. The former titleholder, who suffered a first-round loss last year, recovered from a set deficit to defeat the 21-year-old challenger. 'My performance had some inconsistencies but included excellent moments,' Waites stated to BT Sport while managing a shoulder injury. 'This was my strongest showing in months. Sustaining this level could make me competitive in later stages.' In other matches, 15th seed Darryl Fitton won seven consecutive legs against Paul Jennings, while Scotland's Ross Montgomery claimed a 3-1 victory over Pip Blackwell. First-round advances included England's Brian Dawson, Czechia's Karel Sedlacek, and Canada's Jeff Smith.","2013. aasta meister Scott Waites pääses Lakeside'il toimunud BDO maailmameistrivõistlustel esimesest voorust napilt, alistades debüüdi teinud 21-aastase Sam Hewsoni. Eelmisel aastal esimeses ringis kaotanud võitja tuli noore vastase vastu kaheksaosaliselt kaotusest tagasi. 'Mõned visked olid ebaühtlased, kuid vahepeal näitasin suurepärast mängu,' selgitas Waites õlavigastusega võideldes BT Sportile. 'See oli minu parim tulemus viimase kuue kuu jooksul. Selle taseme hoidmine teeb mind edasistes voorudes ohtlikuks vastaseks.' 15. seanimekirjas olnud Darryl Fitton võitis Paul Jenningsi seitsme järjestikusega legiga 3-0. Šotimaa kapten Ross Montgomery alistas Pip Blackwelli 3-1. Esimeses voorus edasi pääsesid ka Inglismaa Brian Dawson, Tšehhi Karel Sedlacek ja Kanada Jeff Smith.",🎯 Close call for champ Scott Waites! Battled through injury & young gun Hewson to advance at #BDOWorldChamps. Fitton & Montgomery cruise through - who's your pick for the title? #DartsDrama #LakesideAction,🎯 Scott Waites pääses napilt! Vigastusest hoolimata alistas noortuult Hewsoni #BDOMaailmameistrivõistlustel. Fitton ja Montgomery purjetasid edasi - kes on teie lemmik tiitlile? #Nokalemäng #Lakeside,est,eng_x,deepseek-ai_DeepSeek-R1-Turbo,real_news,[1],/eng_x_r/deepseek-ai_DeepSeek-R1-Turbo/est/CoI_21ec4f62-77b1-4889-a2a5-dbc437c4530e_est_polish.json,eng,"[est,eng]",eng,est,eng,moderate,DialyNews,y,n,y,n
3f05ccd5-9b1c-4dc0-bfc4-5b4f3ddbc758,"The World Cup final pits Germany against Argentina in a clash of contrasting styles. Germany's organized play and Neuer's goalkeeping excellence face Argentina's resilience led by Messi. While Romero impressed despite limited Monaco appearances, Neuer remains the superior keeper. Defensive matchups favor Germany's Hummels and Boateng, though Zabaleta's tenacity stands out. Midfield sees experienced Schweinsteiger against tireless Mascherano, with Kroos and Müller providing German creativity. Despite Messi's subdued knockout performances, his brilliance remains Argentina's key hope. Klose's record 16 World Cup goals contrast with Higuain's disappointing tournament.","Jalgpalli MM-finaalis seisavad vastamisi Saksamaa ja Argentina, pakkudes erinevaid mängustiile. Saksamaa korrastatud mängulaad ja Neueri väravavahtimise tipptase põrkuvad Argentina vastupidavusega, mida juhib Messi. Kuigi Romero tegi head tööd hoolimata harvastest mängudest Monacos, jääb Neuer siiski parimaks. Kaitses on Saksamaa Hummels ja Boateng eelistatud, kuid Zabaleta võitlusvaim on märkimist väärt. Keset väljakut kohtuvad kogenud Schweinsteiger ja väsitamatu Mascherano, samas Kroos ja Müller annavad Saksamaale loova eelise. Hoolimata Messi tagasihoidlikest väljalangemismängudest jääb tema geniaalsus Argentina suurimaks lootuseks. Klose rekordilised 16 MM-väravat eristuvad Higuaini pettumust valmistavast turniirist.","⚽️ WORLD CUP FINAL SHOWDOWN! 🇩🇪 vs 🇦🇷
Germany's machine-like precision meets Argentina's Messi magic! Can Klose's record-breaking goals seal the deal? 🏆 #WorldCupFinal #GERvsARG","⚽️ MM-FINAAL! 🇩🇪 vs 🇦🇷
Saksamaa masinlik täpsus vs Argentina Messi-maagia! Kas Klose rekordiväravad viivad Saksamaa võiduni? 🏆 #MMFinaal #SaksVsArg",est,eng_x,deepseek-ai_DeepSeek-R1-Turbo,real_news,[2],/eng_x_r/deepseek-ai_DeepSeek-R1-Turbo/est/CoI_3f05ccd5-9b1c-4dc0-bfc4-5b4f3ddbc758_est_rewrite_light.json,eng,est,eng,est,eng,light,DialyNews,y,n,y,n
87dcaea9-b7e4-43ac-9f21-ab34657bca52,"Comedian Dawn French, celebrated for her performance in 'The Vicar of Dibley,' attended recent Australia's Got Talent auditions in Sydney, demonstrating a more relaxed approach to her physique compared to her notable 2011 transformation. The performer achieved a 7 stone (44kg) weight reduction through dietary changes that excluded carbohydrates and sweets, while being transparent about subsequent weight fluctuations. French clarified that her 2011 health-oriented regimen wasn't motivated by self-esteem issues, asserting: 'I've consistently valued self-acceptance.' She later recognized the challenges of maintaining strict nutritional limits, leading to a 3 stone (19kg) weight regain over subsequent years. The piece underscores common difficulties in sustained weight management, referencing public figures like Natalie Cassidy and Kirstie Alley whose visible weight changes parallel French's journey. Historical photos document various entertainers' physical transformations between 2003-2012, demonstrating recurring patterns in dietary habit sustainability.","Koomik Dawn French, tuntud rolli järgi seriaalist 'Dibley vikaar', osales hiljuti Sydney's toimunud 'Australia's Got Talent' esinemistest, näidates lõdvemat suhtumist oma välimusesse võrreldes 2011. aasta suurte muutustega. Näitlejanna kaotas toitumisrežiimiga 44 kg (7 stone), kuid on avalikult rääkinud hilisematest kaalukõikumistest. French põhjendas, et 2011. aasta terviseriietus ei tulenenud enesehinnangu probleemidest, öeldes: 'Olen alati endaga rahul olnud.' Ta lisas, et rangete toitumisreeglite järgimine osutus ajapikku liiga keeruliseks, põhjustades 19 kg (3 stone) kaalutõusu järgnevatel aastatel. Artikkel tõstab esile pikaajalise kaalukontrolli raskusi, tuues näiteks Natalie Cassidy ja Kirstie Alley, kelle avalikud kaalumuutused sarnanevad French'i kogemustega. Ajaloolised fotod aastaist 2003-2012 näitavad erinevate telesaadete tähtede muutusi, illustreerides toitumisharjumuste säilitamise korduvaid mustreid.","From Vicar to vitality: Dawn French keeps it real about body changes 💪 After shedding 7st (44kg) in 2011, the comedy star shows self-love isn't about dress sizes! 'Diets are tough but self-acceptance lasts' 👗 #BodyPositivity #HealthyAttitude #RealBeauty","Dibley vikaarist eneseaktsepteerimiseni: Dawn French räägib avameelselt kehamuutustest 💪 Peale 44 kg kaotamist 2011. aastal näitab koomik, et enesearmastus ei sõltu numbritest! 'Toitumine on keeruline, aga eneseaktsepteerimine jääb' 👗 #EneseArmastus #TervislikEluviis #PärisIlu",est,eng_x,deepseek-ai_DeepSeek-R1-Turbo,real_news,[2],/eng_x_r/deepseek-ai_DeepSeek-R1-Turbo/est/CoI_87dcaea9-b7e4-43ac-9f21-ab34657bca52_est_rewrite_complete.json,eng,est,eng,est,eng,complete,DialyNews,n,y,y,n
3e31a921-41c0-4489-bfa1-739bf7af7a3b,"Paramount Australia has apologized after unintentionally referencing 9/11 in promotional materials for 'Teenage Mutant Ninja Turtles'. The studio shared a poster on Twitter showing the characters diving from an exploding building alongside the Australian release date of September 11. The visual similarity to the 2001 terrorist attacks prompted swift social media backlash, leading to the post's removal. A studio statement acknowledged: 'Combining that image and date was a mistake. We're deeply sorry and have discontinued its use.' The film, starring Megan Fox and Johnny Knoxville, releases in August in the US and October in Europe. Australia's September 11 date coincides with the 13th anniversary of the attacks that killed 2,996 people, including 11 Australians. Social media reactions included criticism of the marketing choice, with users describing the timing as insensitive. Paramount deleted the original post and shared alternative promotional content. The incident highlights sensitivities around using historical trauma in commercial contexts.","Paramount Australia on vabandust palunud seoses 11. septembri ülestähendamisega 'Teismelised Mutant Ninjakilpkonnad' filmi reklaammaterjalides. Stuudio jagas Twitteris plakatit, mis näitas tegelasi plahvatusse hoone kõrvalt hüppamas, märkides Austraalia linastuskuupäevana 11. septembrit. Visuaalne sarnasus 2001. aasta terrorirünnakutega põhjustas kiire sotsiaalmeedia kriitika, mis viis postituse eemaldamiseni. Stuudio avalduses öeldi: 'Selle pildi ja kuupäeva kombineerimine oli viga. Vabandame siiralt ja oleme selle kasutamise lõpetanud.' Film, kus mängivad Megan Fox ja Johnny Knoxville, jõuab USA kinodesse augustis ja Euroopas oktoobris. Austraalia 11. septembri kuupäev langeb kokku rünnakute 13. aastapäevaga, mille ohvreid oli 2996, sealhulgas 11 austraallast. Sotsiaalmeedia reaktsioonid hõlmasid reklaamivaliku kritiseerimist, kasutajad nimetades ajastust tundetuks. Paramount eemaldas originaalpostituse ja jagas alternatiivset reklaammaterjali. Juhtum näitab ajalooliste traumade kasutamise tundlikkust kaubanduslikes kontekstides.",Oops-shell! 🐢 Paramount Australia pulls Ninja Turtles poster after 9/11 comparison backlash. The studio apologizes for 'mistaken' explosive imagery on attack anniversary. Lesson: Historical sensitivity matters in marketing! #PRFail #ShellShocked,Kilmukriis! 🐢 Paramount Australia eemaldas Ninjakilpkonnade plakati seoses 9/11 vihjetega. Stuudio vabandab 'eksliku' plahvatuskujutise kasutamist rünnaku aastapäeval. Märkus: Ajalooline tundlikkus on reklaamis oluline! #ParamountVabandus #Kilpkonnagate,est,eng_x,deepseek-ai_DeepSeek-R1-Turbo,real_news,[0],/eng_x_r/deepseek-ai_DeepSeek-R1-Turbo/est/CoI_3e31a921-41c0-4489-bfa1-739bf7af7a3b_est_edit.json,eng,est,eng,est,eng,light,DialyNews,y,n,y,n
bb555962-f85c-4810-b267-5a763ba2369d,"In a landmark October 2012 agreement, Apple and Samsung enthusiasts declared a ceasefire in their tech rivalry through a humorously formal 'peace treaty'. Key provisions include: - Mutual agreement to cease feature-based arguments (iOS app numbers vs Android expandable storage) - Shared recognition of platform strengths and weaknesses - Ban on mocking device sizes or photography habits - Pledge to stop queue-shaming ads and excessive launch day celebrations - Unified redirection of complaints toward other platforms The pact concludes with participants digitally signing and sharing the agreement via social media, symbolically ending platform wars while maintaining playful rivalry.","2012. aasta sügisel sõlmisid Apple'i ja Samsungi pooldajad naljaka vaherahulepingu, mis lõpetas nende pikaajalise tehnoloogiavõitluse. Lepingu põhipunktid: - Loobutakse funktsioonide põhiseletustest (iOS rakenduste arv vs Androidi mälukaardid) - Mõlemad pooled tunnistavad teineteise platvormi tugevusi ja nõrkusi - Keelatakse seadmete suuruse naljad ja 'FAIL' piltide postitamine - Lõpetatakse järjekordade tegemise pilkemine ning uute seadmete ülehõiskamine - Ühine nali suunatakse teistele platvormidele nagu Windows Mobile ja BlackBerry Leping allkirjastati digitaalselt ja jagati sotsiaalmeedias QR-koodiga, säilitades rivaaluse humoorika vormi.",Tech rivals call truce! 😂 Apple & Samsung fans sign hilarious 'peace treaty' banning size jokes & queue-shaming. New target: BlackBerry users! #TechTruce #FanboyWars,Tehnosõjad lõppenud! 😄 Apple'i ja Samsungi fännid leppisid kokku: keelati seadmete suuruse naljad ja järjekordade tegemise pilkamine. Uus sihtmärk: BlackBerry kasutajad! #Tehnorahuleping #NaljakasLeping,est,eng_x,deepseek-ai_DeepSeek-R1-Turbo,real_news,[2],/eng_x_r/deepseek-ai_DeepSeek-R1-Turbo/est/CoI_bb555962-f85c-4810-b267-5a763ba2369d_est_rewrite_complete.json,eng,est,eng,est,eng,complete,DialyNews,n,y,y,n
d7bc0dff-39b9-4937-8a59-9b09a374a86b,"Passengers have the right to be informed about denied boarding, which occurs when an airline refuses to carry a passenger who arrived on time. The Directorate General of Civil Aviation (DGCA) issued a show-cause notice to Air India for failing to comply with regulations on passenger facilities during denied boarding, cancellations, or delays. Airlines may overbook flights but must first seek volunteers before denying boarding. Involuntarily denied passengers are entitled to compensation, alternate flights, and assistance (meals/accommodation). Compensation amounts depend on alternative flight timing: 200% of basic fare + fuel charge (max Rs 10,000) if rebooked within 24 hours, or 400% (max Rs 20,000) if declining the alternative. Full ticket refunds are mandatory. In 2023, DGCA fined Air India Rs 10 lakh for compensation failures. For cancellations within two weeks to 24 hours before departure, airlines must provide alternatives within two hours or refunds. Compensation of Rs 5,000-10,000 applies unless caused by force majeure. To claim compensation: 1) Document all communications and tickets; 2) Contact the airline for immediate resolution; 3) File a DGCA complaint if unresolved; 4) Seek legal help if necessary.","Reisijatel on õigus teada saada loatauditamisest, mis toimub, kui lennufirma keeldub reisijat vedamast, kes on õigeks ajaks lennukile minekuks kohale jõudnud. Tsiviillennuamet (DGCA) on esitanud Air Indiale 'show cause' teate, kuna ettevõte ei ole täitnud reisijatele kehtivaid nõudeid loatauditamise, lennu tühistamise või viivituse korral. Lennufirmadel on õigus lende üle broneerida, kuid nad peavad esmalt otsima vabatahtlikke, kes loobuvad kohast. Kui vabatahtlikke ei leidu, peab lennufirma pakkuma loatauditatud reisijatele hüvitist, asenduslendu ning toitlustust ja majutust vastavalt olukorrale. Hüviste suurus sõltub asenduslennu ajast: kui pakutakse lennu, mis väljub kuni 24 tunni jooksul algselt plaanitud ajast, on hüvitis 200% põhihinnast pluss kütusekulu (maksimaalselt 10 000 INR). Kui reisija loobub asenduslennust, on hüvitis 400% (maksimaalselt 20 000 INR) ning täielik pileti tagasimakse. 2023. aastal määras DGCA Air Indiale 10 lakh INR trahvi reisijatele hüvitiste mittemaksmise eest. Lennu tühistamisel peab lennufirma pakkuma asenduslendu kahe tunni jooksul või tagastama pileti hinna. Kui lennu tühistatakse kuni kaks nädalat enne väljumist, on reisijal õigus hüvitisele 5000–10 000 INR, sõltuvalt lennu kestusest. Ülemjõuolukorras hüvitist ei maksta. Hüvitise nõudmiseks järgige neid samme: 1) Dokumenteerige kõik lennufirmaga suhtlused, pardakaardid ja intsidenti puudutavad dokumendid; 2) Teavitage lennufirmat ja nõutage hüvitist DGCA reeglite kohaselt; 3) Esitage vormiline kaebus lennufirmale ja DGCA-le, lisades kõik asjakohased dokumendid; 4) Vajadusel pöörduge tarbijakaitseorganisatsiooni või juristi poole.","✈️ Know your rights! If airlines deny boarding or cancel flights, you're entitled to compensation up to ₹20k! DGCA cracks down on Air India for rule violations. #PassengerRights #TravelSmart 🧳 Steps: Document → Complain → Get paid!",✈️ Teadke oma õigusi! Lennutühistus või loatauditamine? Teil on õigus kuni 20 000 INR hüvitisele! DGCA karistab Air Indiat reeglite rikkumise eest. #ReisijaÕigused #TarkReisimine 🧳 Sammud: Dokumenteerige → Esitage kaebus → Nõutage hüvitist!,est,eng_x,deepseek-ai_DeepSeek-R1-Turbo,real_news,[1],/eng_x_r/deepseek-ai_DeepSeek-R1-Turbo/est/CoI_d7bc0dff-39b9-4937-8a59-9b09a374a86b_est_polish.json,eng,"[est,eng]",eng,"[est,eng]",eng,moderate,GlobalNews,y,n,y,n
a35aeb29-5b99-427b-be18-dca6021c0f73,"(CNN) -- With Valentine's Day approaching, media outlets traditionally address romantic themes. This year's focus turns to unconventional apps targeting relationships and loneliness. Walgreens' Play Cupid app enables users to create matchmaking posts for friends via Facebook, complete with gift suggestions and coupons. The Wot Went Wrong service facilitates post-breakup feedback exchanges. Crowded Room connects users based on shared interests and locations. While marketed as relationship tools, these apps highlight ongoing debates about technology's role in human connections. The article maintains a critical perspective on Valentine's Day pressures and tech-based solutions to social isolation.","(CNN) -- Valentinipäeva lähenedes kohustavad meediakanalid end traditsiooniliselt romantiliste teemade käsitlemisega. Sel aastal tutvustame ebatavalisi rakendusi, mis püüavad lahendada üksindust ja suhteid. Walgreens'i Play Cupid rakendus võimaldab kasutajatel luua sõpradele seadmeid Facebooki kaudu, pakkudes kingiideid ja kuponge. Wot Went Wrong teenus võimaldab ekspartneritel jagada läbikukkumise põhjuseid. Crowded Room ühendab kasutajaid ühiste huvide ja asukohtade põhjal. Kuigi neid müüakse kui suhetele kasulikke tööriistu, näitavad need rakendused tehnoloogia kahtlast rolli inimsuhetes. Artikkel säilitab kriitilise hoiaku Valentinipäeva surve ja tehnoloogial põhinevate lahenduste suhtes.",Dreading V-Day? Discover 3 weird apps trying to 'fix' love – from matchmaking your friends to breakup post-mortems. Spoiler: Loneliness might be better than tech 'solutions'! #ValentinesTechFails #AloneButNotBroken,"Kas kardad Valentinipäeva? Avasta 3 imelikku rakendust, mis püüavad 'parandada' armastust – sõprade seadmistest kuni läbikukkunud suhete lahkamisteni. Hoiatame: üksindus võib olla parem kui tehnoloogial põhinevad 'lahendused'! #Valentinitehnokatsastused #ÜksindusEiTapa",est,eng_x,deepseek-ai_DeepSeek-R1-Turbo,real_news,[1],/eng_x_r/deepseek-ai_DeepSeek-R1-Turbo/est/CoI_a35aeb29-5b99-427b-be18-dca6021c0f73_est_polish.json,eng,"[est,eng]",eng,est,eng,moderate,DialyNews,y,n,y,n
9caf59e4-8335-456c-be9e-09b1248c12b4,"Lindsay Newell, founder of an animal sanctuary established in memory of her murdered grandparents, received a conditional discharge from Burton-upon-Trent Magistrates' Court despite being convicted of six animal cruelty charges. The 27-year-old veterinary nurse's Burton Wildlife and Animal Rescue Centre in Etwall, Derbyshire, housed multiple malnourished animals during a November 2012 RSPCA inspection, including Babe the pig who died during the raid. While cleared of 25 additional charges, Newell received a five-year ban on keeping specific animals and must contribute £2,000 toward the £20,000 prosecution costs. District Judge David Taylor acknowledged Newell's overextended efforts caused unintended harm, stating: 'These were not deliberate acts but consequences of trying to do too much.'","Lindsay Newell, loomapidurite mälestuseks loodud varjupaiga asutaja, sai Burton-upon-Trenti magistrikohtult tingimisi vabastuse kuue loomade väärkohtlemise süüdimõistmise korral. 27-aastase loomaarstiõe Burtoni loomavarjupaigast leiti 2012. aasta novembris RSPCA kontrolli ajal alatoitunud loomi, sealhulgas operatsiooni ajal hukkunud sea Babe. Kuigi 25 täiendavat süüdistust lükati tagasi, keelati Newellil viieks aastaks teatud loomade pidamine ning ta peab kandma 2000 naela suurust osa 20 000 naela süüdistuskuludest. Kohtunik David Taylor pidas Newelli tegevust ülepingutustest tulenevaiks, öeldes: 'Need polnud tahtlikud teod, vaid ülejõu käimise tagajärjed.'","🐖 Animal sanctuary founder avoids jail despite cruelty charges. Lindsay Newell's overstretched rescue efforts led to animal neglect, court rules. Banned from keeping animals for 5 years but walks free. #AnimalRights #JusticeServed","🐖 Loomavarjupaiga asutaja pääses vangistusest hoolimata väärkohtlemissüüdistustest. Lindsay Newelli ülekoormatud päästetöö viis loomade hooletusse, otsustas kohus. Loomade pidamine keelatud 5 aastaks, kuid vabalt jalutama. #Loomakaitse #KohtuOtsus",est,eng_x,deepseek-ai_DeepSeek-R1-Turbo,real_news,[1],/eng_x_r/deepseek-ai_DeepSeek-R1-Turbo/est/CoI_9caf59e4-8335-456c-be9e-09b1248c12b4_est_polish.json,eng,est,eng,"[est,eng]",eng,moderate,DialyNews,y,n,y,n
4a7de287-691d-4ae3-9ea5-d80ac66d081c,"In today's data-driven landscape, data science competitions have become a powerful tool for solving real-world challenges. Organizations increasingly use these contests to crowdsource solutions while strategically identifying potential talent. Groundbreaking research from the University of Waterloo reveals that motivating participants through optimized contest structures and incentives is crucial for success. Dr. Keehyung Kim, a professor of emerging technologies at the School of Accounting and Finance, has conducted pioneering research on motivation factors in data science competitions. ""Our study analyzes common competition designs and explores how organizers can maximize contestant engagement,"" Kim states. ""We specifically investigate whether single-stage or two-stage structures yield better results."" Published in Production and Operations Management on September 8, 2023, the study titled ""Designing contests for data science competitions: Number of stages and the prize structures"" applies behavioral economics principles to competition design. Kim's research demonstrates that participants exert significantly more effort in two-stage competitions compared to single-stage formats. ""Our behavioral model reveals the psychological drivers behind these results,"" Kim explains. ""The fear of early elimination in two-stage contests makes the distinction between winning and losing more pronounced, motivating higher first-stage effort."" The study also found that allocating most prize money to the final winner in two-stage contests increases motivation, while prize distribution has minimal impact in single-stage formats. These findings provide practical guidance for competition organizers: Implementing multi-stage structures and emphasizing progression between stages can significantly boost participation quality. Public result announcements and strategic prize allocation emerge as key non-financial motivators alongside monetary rewards.","Tänapäeva andmepõhises maailmas on andmeteadusvõistlused saanud võimsaks tööriistaks reaalsete probleemide lahendamiseks. Organisatsioonid kasutavad neid üha rohkem lahenduste leidmiseks, samal ajal tuvastades strateegiliselt potentsiaalseid talente. Waterloo Ülikooli läbiviidud uuringud on näidanud, et osalejate motiveerimine optimeeritud võistlusstruktuuride ja stiimulite kaudu on oluline edu saavutamiseks. Dr. Keehyung Kim, uute tehnoloogiate professor rahanduse ja raamatupidamise koolist, on uurinud andmeteadusvõistluste motiveerivaid tegureid. ""Meie uuring analüüsib tavalisi võistlusdisaine ja uurib, kuidas korraldajad saavad maksimeerida osalejate panust,"" selgitab Kim. ""Oleme spetsiaalselt uurinud, kas ühe- või kaheastmelised struktuurid annavad paremaid tulemusi."" 8. septembril 2023 ajakirjas Production and Operations Management avaldatud uuring ""Võistluste kujundamine andmeteadusvõistlustele: etappide arv ja auhinnastruktuurid"" rakendab käitumisökonoomika põhimõtteid. Kimi uuring näitab, et osalejad panustavad kaheastmelistes võistlustes oluliselt rohkem kui üheastmelistes. ""Meie käitumismudel paljastab nende tulemuste psühholoogilised mehhanismid,"" seletab Kim. ""Hirm varajase väljalangemise ees kaheastmelistes võistlustes teeb võitmise ja kaotamise eristamise selgemaks, motiveerides suuremat pingutust esimeses etapis."" Uuring leidis ka, et auhinna suunamine peamiselt lõppvõitjale kaheastmelistes võistlustes tõstab motivatsiooni, samas kui auhinna jaotus üheastmelistes vormides avaldab vähest mõju. Need leiud pakuvad praktilisi juhiseid korraldajatele: Mitmeetapiliste struktuuride kasutuselevõtt ja etappidevahelise edenemise rõhutamine võivad oluliselt tõsta osalemise kvaliteeti. Tulemuste avalikustamine ning strateegiline auhinna jaotus kerkivad esile peamisteks mitterahalisteks motivatsiooniteguriteks koos rahaliste tasudega.",🚀 New research alert! Two-stage data competitions boost effort 30%+ by tapping into competitive psychology. Learn how to design better contests from Waterloo Uni's latest study! #DataScience #Innovation #BehavioralEconomics,🚀 Uus uuring! Kaheastmelised andmeteadusvõistlused suurendavad osalejate panust 30%+ tänu võistluspsühholoogiale. Avasta Waterloo Ülikooli uuemad soovitused efektiivsemate võistluste korraldamiseks! #Andmeteadus #Innovatsioon #KäitumisÖkonoomika,est,eng_x,deepseek-ai_DeepSeek-R1-Turbo,real_news,[1],/eng_x_r/deepseek-ai_DeepSeek-R1-Turbo/est/CoI_4a7de287-691d-4ae3-9ea5-d80ac66d081c_est_polish.json,eng,"[est,eng]",eng,est,eng,moderate,GlobalNews,y,n,y,n
d2d5017b-8954-4158-bfd2-952fdb93fe38,"Prosecutor Khan cannot single-handedly stop the violence but retains crucial responsibilities. The international community continues to witness mass atrocities against civilians in Palestine and Israel. These devastating events demand responses focused on justice rather than escalating violence. The International Criminal Court (ICC) remains the sole independent institution capable of investigating such international crimes. The ICC holds jurisdiction over Gaza and crimes committed by Palestinian factions including Hamas. In 2021, the Office of the Prosecutor (OTP) initiated an official Palestine investigation following its determination that 'war crimes have been committed by both Palestinian and Israeli actors.' Investigative priorities include deliberate civilian targeting, hostage-taking, and indiscriminate bombings. Israel's potential collective punishment tactics against Palestinians - prohibited under the Geneva Conventions - also require scrutiny. A UN commission continues gathering evidence of recent atrocities, stating there is 'clear evidence of potential war crimes.' Human Rights Watch documents mutual violations, warning such crimes persist when accountability is neglected. While the OTP confirmed its ongoing investigation and jurisdiction over current conflicts, Prosecutor Khan's public silence remains concerning. Though the ICC cannot independently halt violence, Prosecutor Khan should unequivocally condemn atrocities and utilize available mechanisms. Since 2021, Khan has minimized symbolic actions despite their demonstrated value. His 2022 Ukraine statements - while not preventing Russian aggression - demonstrated solidarity with victims. Similar gestures for Palestine could affirm the ICC's relevance and support for human rights. Khan's apparent prioritization of 'winnable' cases creates inconsistencies, as shown by pursuing Putin despite low arrest prospects while deprioritizing Afghanistan investigations. Western opposition to Palestine probes might influence this calculus, but victims deserve equal consideration regardless of politics. Maintaining silence risks rendering the ICC irrelevant precisely when needed most. To Prosecutor Khan: Your voice and actions carry weight. Historical atrocities demand consistent application of justice principles. The court's credibility depends on demonstrating impartial commitment to human rights protections worldwide.","Prokurör Khan ei suuda vägivalla iseseisvalt peatada, kuid tal on siiski oluline roll. Rahvusvaheline kogukond jääb tunnistajaks Palestiina ja Iisraeli tsiviilisikute vastu toime pandud massilistele julmustele. Need laastavad sündmused nõuavad reaktsiooni, mis keskendub õiglusele, mitte vägivalla eskalatsioonile. Rahvusvaheline Kriminaalkohus (ICC) jääb ainsaks sõltumatuks institutsiooniks, mis suudab selliseid rahvusvahelisi kuritegusid uurida. ICC-l on jurisdiktsioon Gaza üle ja kuritegude üle, mida toime pandakse Palestiina rühmituste poolt, sealhulgas Hamas. 2021. aastal alustas Prokuröride Büroo (OTP) ametlikku Palestiina uurimist, leides, et 'mõlemad palestiinlased ja iisraellased on toime pannud sõjakuritegusid'. Uurimisprioriteetide hulka kuuluvad tsiviilisikute sihilik sihtmärgiks võtmine, pantvangide võtmine ning piiranguid ignoreerivad pommitamised. Iisraeli potentsiaalsed kollektiivsed karistusmeetodid palestiinlaste vastu - Genfi Konventsioonidega keelatud - vajavad samuti uurimist. ÜRO komisjon kogub pidevalt tõendeid hiljutistest julmustest, märkides 'selgeid tõendeid võimalikest sõjakuritegudest'. Inimõiguste organisatsioon Human Rights Watch on dokumenteerinud mõlema poole rikkumisi, hoiatades, et sellised kuriteod kestavad, kui vastutust ei võeta. Kuigi OTP kinnitas oma jätkuvat uurimist ja jurisdiktsiooni praeguste konfliktide üle, jääb Prokurör Khani avalik vaikimine murettekitavaks. Kuigi ICC ei suuda vägivalla iseseisvalt peatada, peaks Prokurör Khan ühemõtteliselt hukka mõistma julmused ja kasutama kõiki võimalikke mehhanisme. Alates 2021. aastast on Khan minimeerinud sümboolseid samme hoolimata nende tõestatud tähtsusest. Tema 2022. aasta avaldused Ukraina kohta - kuigi ei peatänud Vene agressiooni - näitasid solidaarsust ohvritega. Sarnased avaldused Palestiina kohta kinnistaksid ICC asjakohasust ja inimõiguste kaitsmist. Khani näiline eelistamine 'võidetavatele' juhtumitele loob vasturääkivust, nagu näitab Putini vahistamismääruse väljastamine hoolimata madalatest võimalustest, samal ajal kui Afganistani uurimised jäeti tahaplaanile. Lääne vastuseis Palestiina uurimistele võib mõjutada seda kaalutlust, kuid ohvrid vääravad võrdset käsitlust hoolimata poliitikast. Vaikimine ohustab ICC asjakohasust just olukorras, kus seda kõige rohkem vajatakse. Prokurör Khan: Teie hääl ja tegevus on tähtsad. Ajaloolised julmused nõuavad õiguspõhimõtete järjekindlat rakendamist. Kohtu usaldusväärsus sõltub erapooletu pühendumise näitamisest inimõiguste kaitsele üle maailma.","ICC Prosecutor Khan: Silence isn't neutral. As atrocities mount in Israel-Palestine, your voice matters now more than ever. Justice delayed is justice denied. #BreakTheSilence #ICCAccountability",ICC prokurör Khan: Vaikimine pole erapooletu. Iisraeli-Palestiina julmuste kasvades on teie hääl tähtsam kui kunagi varem. Õigusemõtlemise viivitus on õiguse eitamine. #MurraVaikimine #ICC_vastutus,est,eng_x,deepseek-ai_DeepSeek-R1-Turbo,real_news,[0],/eng_x_r/deepseek-ai_DeepSeek-R1-Turbo/est/CoI_d2d5017b-8954-4158-bfd2-952fdb93fe38_est_edit.json,eng,"[est,eng]",eng,"[est,eng]",eng,light,GlobalNews,y,n,y,n
f37c87f4-e8b1-4c92-8f39-5e1239180459,"A dental healthcare worker stands accused of contaminating her supervisor's beverage with mercury following workplace disagreements, according to court proceedings. The alleged incident occurred at Shams Moopen Dental Practice in Bedfordshire, where 35-year-old Ravinder Kaur reportedly added mercury capsules - commonly used in dental procedures - to Laura Knowles' coffee. Medical staff witnessed Knowles discovering metallic particles at the mug's bottom after tasting the drink, prompting her to discard it and seek emergency care for abdominal discomfort. While experiencing temporary symptoms, she sustained no permanent health damage. Records indicate Kaur had received formal reprimands prior to the incident, including disciplinary action for leaving a patient unattended during her lunch break. Prosecutors allege the mercury contamination occurred two months after Kaur participated in an employment tribunal, noting her professional familiarity with mercury's hazardous properties. The accused denies charges of intentionally administering harmful substances. Legal proceedings remain ongoing.","Kohutavalt töökonfliktist tulenev süüdistus: Hambaravimistöötaja kaebas oma ülemuse kohvi elavhõbedaga, väidab kohus. Väidetav intsident leidis aset Bedfordshire'is asuvas Shams Moopeni hambakliinikus, kus 35-aastane Ravinder Kaur lisas Laura Knowlese kohvi hambaplombeerimiseks kasutatavat elavhõbedat. Töötajad tunnistavad, et Knowles märkas jooki proovides metalliosakesi kruusi põhjas, viskas selle ära ning pöördus kõhuvalude tõttu erakorralisele arstiabile. Kuigi tal esines ajutisi sümptomeid, ei tekkinud püsivaid tervisekahjustusi. Andmetel oli Kaur varem saanud hoiatusi, sealhulgas karistust patsiendi lõunapausil hooletusse jätmise eest. Prokurörid väidavad, et elavhõbeda lisamine toimunud kaks kuud pärast töövaidluse lahendamist, rõhutades Kaure professionaalset teadlikust elavhõbeda ohtlikest omadustest. Süüdistatav eitab tahtlikult kahjulike ainete kasutamise süüdistusi. Kohtuprotsess jätkub.","Yikes! Dental drama turns dangerous 😱 A worker allegedly spiked boss's coffee with MERCURY after workplace disputes! ☕💀 Quick thinking prevented tragedy, but legal battle continues. #WorkplaceConflict #DentalDrama #MercuryMadness","Hammaslausundist hullem! Töötaja süüdistatakse ülemuse kohvi elavhõbedaga mürgitamises 😱 Kiire reaktsioon ähvardas katastroofi, kuid kohtulahend ootab. #Töökonflikt #HambakliinikuDraama #Elavhõbedalugu",est,eng_x,deepseek-ai_DeepSeek-R1-Turbo,real_news,[2],/eng_x_r/deepseek-ai_DeepSeek-R1-Turbo/est/CoI_f37c87f4-e8b1-4c92-8f39-5e1239180459_est_rewrite_complete.json,eng,est,eng,est,eng,complete,DialyNews,n,y,y,n
a72253a8-6cf3-44c8-ab5e-2ea837b00799,"Israel's Mossad intelligence agency has declassified archival materials revealing new details about the 1960 capture of Nazi war criminal Adolf Eichmann in Argentina. The 'Operation Finale' exhibition discloses previously classified operational tactics, including forensic identification through ear analysis and the use of forged documents. Eichmann, architect of the Holocaust's 'Final Solution' that systematically exterminated six million European Jews, was captured through coordinated surveillance and extraction techniques. The exhibit features operational artifacts including concealed cameras, forged passports, and medical tools used during the capture. Curator Avner A (pseudonym) notes this operation significantly enhanced Mossad's global intelligence capabilities, requiring innovative tactics later adopted by security agencies worldwide. Eichmann's landmark 1961 trial featured unprecedented Holocaust survivor testimony before his 1962 execution - remaining Israel's only judicial death sentence.","Iisraeli luureorganisatsioon Mossad on avalikustanud seni salastatud arhiivimaterjale, mis toovad välja uusi detaile natsisõjakurjategija Adolf Eichmanni 1960. aastal Argentinas toimunud vahistamisest. 'Operatsioon Finale' näitus paljastab seni saladuses hoitud meetodeid, sealhulgas kõrvaanatoomia alusel tehtud tuvastamist ja võltsdokumentide kasutamist. Holokausti 'Lõplikku Lahendust' elluviinud Eichmann, kes korraldas kuue miljoni Euroopa juudi inimese süstemaatilise hävitamise, tabati tänu koordineeritud jälitusoperatsioonile. Näitusel on eksponeeritud operatsioonis kasutatud varjatud kaameraid, võltspasse ja meditsiinivahendeid. Kuraator Avner A (varjunimi) rõhutab, et see operatsioon tõstis Mossadi mainet globaalse luureorganisatsioonina, arendades uuenduslikke meetodeid, mida hiljem võtsid kasutusele turvaagentuurid üle maailma. Eichmanni ajaloolisel 1961. aasta kohtuprotsessil esinesid esmakordselt Holokausti ellujäänud tunnistajad. Ta hukati 1962. aastal - see on ainus surmanuhtlus Iisraeli ajaloo jooksul.",🚨 HISTORY UNVEILED! Mossad reveals never-before-seen details of Eichmann capture - from ear forensics to secret ops tactics 👂🕵️♂️ #NaziJustice #SpyHistory #NeverForget,🚨 AJALUGU PALJASTUB! Mossad avalikustab Eichmanni vahistamise seni saladuses hoitud detailid - kõrvaanalüüsist salategevustaktikateni 👂🕵️♂️ #Natsiõigus #Luureajalugu #ÄraUnusta,est,eng_x,deepseek-ai_DeepSeek-R1-Turbo,real_news,[0],/eng_x_r/deepseek-ai_DeepSeek-R1-Turbo/est/CoI_a72253a8-6cf3-44c8-ab5e-2ea837b00799_est_edit.json,eng,est,eng,est,eng,light,DialyNews,y,n,y,n
4a463501-bc4b-440f-a96f-4bb1ab37a923,"Turkey's government faced significant political upheaval this week as three cabinet ministers resigned following corruption investigations. The sons of Economy Minister Zafer Caglayan, Interior Minister Muammer Guler, and Urbanization Minister Erdogan Bayraktar were detained (with Bayraktar's son later released) in a probe into alleged money laundering, gold smuggling, and bribery. Bayraktar notably called for Prime Minister Recep Tayyip Erdogan's resignation during his departure, claiming political pressure. The investigation follows a two-year inquiry by Istanbul prosecutors. Concurrently, tensions escalated between Erdogan and Islamic cleric Fethullah Gulen, whose supporters allegedly hold key positions in Turkey's police and judiciary. Erdogan accused Gulen's Hizmet Movement of creating a 'parallel state' within government structures. Former Interior Minister Idris Naim Sahin also resigned from Erdogan's AKP party. In response to the crisis, Erdogan replaced 10 cabinet members while restricting press access to police stations. Scores of senior police officers were dismissed, with authorities claiming operational overreach in the corruption arrests. Journalists reported unprecedented media restrictions during the upheaval.","Türgi valitsus seisis sel nädalal silmatorkava poliitilise kriisi ees, kui kolm kabineti ministrit astusid pärast korruptsioonijuhtumeid tagasi. Majandusminister Zafer Caglayani, siseminister Muammer Guleri ja linnaehitisminister Erdogan Bayraktari pojad vahistati (Bayraktari poeg vabastati hiljem) kahtlustusega seoses rahapesu, kuldsalakaubanduse ja altkäemaksu juhtumitega. Bayraktar nõudis peaminister Recep Tayyip Erdoganilt tagasiastumist, viidates poliitilisele survele. Juhtumeid uurib kaks aastat tegutsenud İstanbuli prokurör. Samal ajal süvenes konflikt Erdogani ja Pennsylvania osariigis elava vaimuliku Fethullah Guleni vahel, kelle toetajatel on väidetavalt mõjuvõim politsei- ja kohtusüsteemis. Erdogan süüdistas Guleni Hizmeti liikumist 'paralleelse riigi' loomises. Endine siseminister Idris Naim Sahin lahkus samuti Erdogani AKP erakonnast. Kriisi reageerimiseks vahetas Erdogan välja 10 ministrit ning keelas ajakirjanikel pääseda politseijaoskondadesse. Mitmeid kõrgeid politseiametnikke vallandati, ametivõimud süüdistades ülesandeületust korruptsioonivahistustes. Ajakirjanikud tõid esile ennenägematuid meediapiiranguid.",Turkeys govt in turmoil 🔍 Ministers resign amid corruption probe & power struggle with US-based cleric Gulen. #TurkeyPolitics #CorruptionCrackdown,Türgi kriis! 🚨 Ministrid astuvad tagasi korruptsioonijuhtumi ja võimuvõitluse tõttu USA-s elava Guleniga. #TürgiPoliitika #Korruptsioon,est,eng_x,deepseek-ai_DeepSeek-R1-Turbo,real_news,[0],/eng_x_r/deepseek-ai_DeepSeek-R1-Turbo/est/CoI_4a463501-bc4b-440f-a96f-4bb1ab37a923_est_edit.json,eng,est,eng,est,eng,light,DialyNews,y,n,y,n
694a4d14-9241-4098-8f6e-f07ff08d2357,"Manchester's Chetham Library offers a remarkable journey through time, preserving its 17th-century atmosphere where Karl Marx and Friedrich Engels first collaborated on revolutionary ideas. Established in 1653 through textile merchant Humphrey Chetham's legacy as Britain's oldest public reference library, this cultural landmark houses over 100,000 historical volumes, including rare manuscripts and peculiar artifacts. Visitors can explore original architectural features like exposed wooden beams in what was once medieval Manchester's second-largest building, discovering curiosities ranging from occult practitioner John Dee's personal items to early editions of Milton's Paradise Lost. Despite its central location near modern attractions, the library maintains a tranquil medieval ambiance while continually expanding its collections with contemporary additions like Northern Soul memorabilia.","Manchesteri Chethami raamatukogu pakub ajasõitu, säilitades 17. sajandi atmosfääri, kus Karl Marx ja Friedrich Engels oma revolutsioonilisi ideid vormistasid. Tekstiilikaupmehe Humphrey Chethami testamendi alusel 1653. aastal asutatud - Suurbritannia vanim avalik raamatukogu - hoiab üle 100 000 ajaloolise trükise, sealhulgas haruldasi käsikirju ja kummalisi esemeid. Külastajad saavad imetleda originaalseid keskaegseid detaile nagu paljastatud puittalad hoones, mis oli kunagi Manchesteri suuruselt teine. Kogudesse kuuluvad nii okultist John Dee isiklikud esemed kui ka John Miltoni 'Paradiisi kaotuse' varased väljaanded. Kuigi asub tänapäevaste vaatamisväärsuste lähedal, säilib siin rahulik keskaegne õhkkond, samal ajal laienedes kaasaegsete lisandustega nagu Northern Soul-memoraabiliä.","Step into history at Chetham's Library! 📚✨ Where Marx & Engels brainstormed communism, 100k+ ancient books await, and you'll find witchy artifacts AND Northern Soul memorabilia. Best part? FREE entry! #ManchesterHiddenGems #HistoryLovers","Astu ajas Chethami raamatukokku! 📚✨ Koht, kus Marx ja Engels kommunismi loojaid, 100k+ vana raamatut, nõiaesemed JA Northern Soul-mälestised. Tasuta sissepääs! #ManchesteriSaladused #AjalooArmastajad",est,eng_x,deepseek-ai_DeepSeek-R1-Turbo,real_news,[2],/eng_x_r/deepseek-ai_DeepSeek-R1-Turbo/est/CoI_694a4d14-9241-4098-8f6e-f07ff08d2357_est_rewrite_complete.json,eng,est,eng,est,eng,complete,DialyNews,n,y,y,n
a6c5303d-cdad-4dbe-8a9d-71bfd516e860,"School records reveal John Lennon's rebellious behavior as a teenager at Quarry Bank High School in Liverpool. Recently discovered detention sheets from 1955-1956, now up for auction, document multiple infractions including three detentions in one day for ""fighting,"" ""silliness,"" and ""chewing."" The documents, authenticated by Lennon's childhood friend Pete Shotton, were rescued from destruction in the late 1970s when a staff member recognized their significance during a storage room cleanup. Teachers described the future Beatles star as a ""class clown"" who nevertheless showed potential, with chemistry teacher Eric Oldman remarking: ""John could actually go far."" The auction, running from November 22 to December 1, 2013, includes other notable Beatles memorabilia such as a signed White Album estimated at £60,000-£80,000. Lennon himself later reflected: ""Parents instinctively recognized I was a troublemaker.""","Kooli dokumendid paljastavad John Lennoni noorukiea mässulise käitumise Liverpooli Quarry Banki poistekoolis. Hiljuti avastatud 1955.–1956. aasta trahviaruanded, mis on nüüdseks müügile pandud, dokumenteerivad mitmeid rikkumisi – sealhulgas kolme karistust ühe päeva jooksul ""klassiruumis kaklemise,"" ""lolluse"" ja ""närimise"" eest. Dokumendid, mida autentisertis Lennoni lapsepõlvesõber Pete Shotton, pääsesid hävimiselt 1970. aastate lõpus, kui koolitöötaja märkas nende ajaloolist tähtsust laopuhastusel. Õpetajad iseloomustasid tulevast Beatlestähte kui ""klassi klouni,"" kellel siiski avastati potentsiaali. Keemiaõpetaja Eric Oldman tähendas: ""Johnil võiks tõesti kaugele minna."" Müük toimub 22. novembrist kuni 1. detsembrini 2013. Pakkuda on ka teisi Beatles-mälestusesemeid, sealhulgas 60 000–80 000 naela hinnatud ""Valge album"" Lennoni enda allkirjaga. Muusik meenutas hiljem: ""Vanemad tundsid instinktiivselt, et olen õõnestaja.""","🚨 Beatlemania alert! 🎸 Young John Lennon's school detention records show he was always a rebel – from classroom fights to 'impudent answers'! Discovered after nearly being burned in the 70s, these docs now head to auction. #RockHistory #LennonLegacy 💥","🚨 Beatlemania uudis! 🎸 Noor John Lennon põletas koolis õpetajate närve – trahviaruannetes kaklused, 'lollused' ja üleannetud vastused! Peaaegu 70ndatel hävitatud dokumendid nüüd müügil. #RokkAjalugu #LennoniPärand 💥",est,eng_x,deepseek-ai_DeepSeek-R1-Turbo,real_news,[1],/eng_x_r/deepseek-ai_DeepSeek-R1-Turbo/est/CoI_a6c5303d-cdad-4dbe-8a9d-71bfd516e860_est_polish.json,eng,"[est,eng]",eng,est,eng,moderate,DialyNews,y,n,y,n
0a9db268-4b07-40a9-84f9-33adad979a96,"A four-year-old hippopotamus named Solly tragically passed away during initial rescue efforts after being trapped for three days in an 8-foot (2.4m) deep swimming pool at Monate Conservation Lodge near Johannesburg. The young animal had been forced out of its herd following his mother's recent childbirth, leading dominant males to drive him away. Lodge staff discovered Solly stranded in the steep-sided pool which lacked proper exit points. Despite draining most of the water and preparing sedation procedures, the hippo succumbed just as veterinarians arrived - with South Africa's Eyewitness News reporting the veterinary team arrived nearly four hours late. Wildlife experts used a crane to remove the one-ton animal's body from the contaminated water, which had become polluted during the prolonged entrapment. NSPCA representative Isabel Wentzel noted the hippo would've required relocation to another sanctuary due to herd rejection. The incident highlights challenges in wildlife management, particularly regarding human-made environmental hazards.","Nelja-aastane jõehobu Solly hukkus päästetööde käigus, olles kolm päeva vangistuses 2,4 meetri sügavuses basseinis Lõuna-Aafrikas asuva Monate looduskaitseala lähedal. Noor loom sunniti karjast lahkuma pärast emase hiljutist poegimist, mis pani domineerivad isased ta eemale tõrjuma. Kaitseala töötavad leidsid Solly kinnijäänuna järsukülgedega basseini, millest puudusid turvalised väljapääsud. Kuigi suurem osa veest pumpati välja ja ette valmistati rahustamist, suri loom veterinaaride saabumise hetkel - Lõuna-Aafrika meediaväljaanne Eyewitness News teatas, et loomale määratud veterinaarid jõudsid kohale ligi nelja tunni hilinemisega. Looduskaitsespetsialistid kasutasid Solly tonnise keha väljatõmbamiseks kraanat, mis asus juba saastunud vees. Loomakaitseseltsi NSPCA esindaja Isabel Wentzel rõhutas, et karjast hüljatud jõehobu oleks pidanud ümber paigutama teise varjupaika. See juhtum näitab selgelt inimtekkeliste keskkonnaprobleemidega seotud looduskaitselike väljakutsete.",Tragic loss in conservation efforts 😢 Young hippo Solly dies during rescue from lodge pool. Delayed vet response & herd conflict led to heartbreaking outcome 🦛💔 #WildlifeRescue #ConservationFail,Looduskaitsetragöödia 😢 Noor jõehobu Solly hukkus basseinist päästmise käigus. Hilinenud veterinaariabi ja karjast hülgamine viis kurvastavale lõpule 🦛💔 #Looduskaitsetragöödia #HipopotaamHukk,est,eng_x,deepseek-ai_DeepSeek-R1-Turbo,real_news,[2],/eng_x_r/deepseek-ai_DeepSeek-R1-Turbo/est/CoI_0a9db268-4b07-40a9-84f9-33adad979a96_est_rewrite_light.json,eng,est,eng,est,eng,light,DialyNews,y,n,y,n
d406be35-31d8-4a01-a351-3317c5fbe943,"The landmark conviction of Liberia's former leader Charles Taylor after a six-year trial represents both progress and paradox in global justice efforts. While celebrating this unprecedented prosecution of a head-of-state for war crimes, observers question whether lengthy international trials truly serve affected communities. Taylor faced 11 charges at the Sierra Leone tribunal, including using child soldiers - a focus amplified by recent campaigns like Kony 2012. However, the case exposed systemic issues: marathon proceedings slowed by legal complexities and procedural delays, narrowly framed charges omitting Liberian atrocities, and physical/cultural distance from victims. Critics highlight three key flaws: 1) Excessive duration increasing costs while reducing impact 2) Charge selection favoring provability over representativeness 3) Court locations divorced from crime scenes. The Hague-based trial prevented Sierra Leoneans from witnessing proceedings firsthand, while foreign legal traditions created cultural barriers. As international tribunals prepare to close, Rwanda's domestic prosecution of genocide suspects offers an alternative model. Experts argue investing in local justice systems may prove more sustainable and meaningful for post-conflict societies than expensive international processes dominated by foreign legal professionals.","Liberia endise liidri Charles Taylori ajalooline mõistmine kuueaastase kohtuprotsessi järel näitab rahvusvahelise õiguse edasiminekut ja paradokse. Kuigi selle ekspresidendi sõjakuritegude eest kohtusse toomist peetakse läbimurdeks, tekib küsimus, kas pikad rahvusvahelised protsessid tõesti teenivad kannatanute huve. Taylorile esitati Sierra Leone eritribunalis 11 süüdistust, sealhulgas lapsessõdurite kasutamine - teema, mida tõi esiplaanile Kony 2012 kampaania. Protsess aga paljastas süsteemseid probleeme: venivad menetlused õiguslike keerukuste tõttu, kitsad süüdistused, mis ignoreerisid Liberias toime pandud kuritegusid, ning füüsiline ja kultuuriline eraldatus ohvritest. Kriitikud osutavad kolmele peamisele nõrkusele: 1) Liiga pikad protsessid suurendavad kulusid ja vähendavad mõju 2) Süüdistused keskenduvad lihtsasti tõestatavatele, mitte olulisematele kuritegudele 3) Kohtuasutused asuvad kuritegude toimumispaigast eemal. Haagis toimunud protsess takistas Sierra Leone elanikel kohal viibimist, samal ajal võõrad kohtutavad komistavad kohalikku konteksti. Rahvusvaheliste tribunalide sulgemise eel näitab Rwanda genotsiidisüüdistuste kohalik käsitlus alternatiivset teed. Eksperdid usuvad, et kohalike kohtusüsteemide tugevdamine võib olla konflikijärgsetes ühiskondades mõttekam lahendus kui kulukad rahvusvahelised protsessid välismaiste õigusspetsialistide juhtimisel.",Historic moment as ex-Liberian leader convicted for war crimes 🏛️ But does international justice really help communities rebuild? Experts debate costs vs. impact 💸 New focus on strengthening local courts could be the future 🌍 #InternationalJustice #PostConflictRecovery,Ajalooline otsus: Liberia endine juht mõisteti sõjakuritegude eest 💥 Kas rahvusvahelised kohtud aitavad kannatanuid? Eksperdid rõhutavad kohalike kohtusüsteemide tähtsust 💡 #ÕiglusSierraLeones #RahvusvahelineÕigus,est,eng_x,deepseek-ai_DeepSeek-R1-Turbo,real_news,[2],/eng_x_r/deepseek-ai_DeepSeek-R1-Turbo/est/CoI_d406be35-31d8-4a01-a351-3317c5fbe943_est_rewrite_moderate.json,eng,"[est,eng]",eng,est,eng,moderate,DialyNews,y,n,y,n
372e8a04-00a7-46c7-9c63-b2f9a82ec9cc,"Commuters in North Carolina got more than they bargained for this week when a highway signage error turned into an impromptu spelling test. Construction crews working on Interstate-77's southbound exit 28 ramp in Cornelius mistakenly painted 'noly' instead of 'only' - a glaring typo that now sits permanently beside its correctly spelled version. Cornelius project lead Tyler Beardsley told WBTV that contractors racing against the clock likely caused the oversight, finishing what should've been a 32-hour bridge renovation in just 18 hours. 'Speed sometimes comes at the cost of accuracy,' Beardsley admitted, confirming that crews would redo the work Monday night without using taxpayer funds. Though transportation officials remained unavailable for additional comment, the viral error has ignited discussions about infrastructure oversight. Locals continue sharing photos of the botched signage online, transforming a simple typo into a statewide conversation about construction quality standards.","Põhja-Carolina autojuhid said sel nädalal ootamatut keelatunti, kui maanteemärgistuse viga tekitas nii naeru kui peapigistust. Corneliuses asuva Interstate-77 lõunasuuna väljasõidu 28 rambil tegutsenud meeskond maalis kogemata 'noly' valge püsivärviga - viga, mis nüüd seisab õige kirjapildi 'only' kõrval. Corneliuse projekti juht Tyler Beardsley selgitas kohalikule telejaamale WBTV-le, et tõenäoliselt põhjustas vea kiirustav töövõtja, kes lõpetas 32-tunnise silla renoveerimise vaid 18 tunniga. 'Kiirus võib mõnikord täpsust kahandada,' tunnistas Beardsley, kinnitades parandustööde toimumist esmaspäeva õhtul ilma maksumaksjate rahata. Kuigi transpordiametnikud täiendavat kommentaari ei andnud, on see viraalne viga tekitanud laialdast arutelu infrastruktuuri kvaliteedikontrolli üle. Kohalikud jagavad sotsiaalmeedias edasi fotosid ebaõnnestunud märgistusest, muutes lihtsa kirjavea terve osariigi teemaks ehitusstandardite kohta.",🚧 Typo alert! NC drivers spot 'noly' instead of 'only' on I-77 exit ramp. Rushed construction blamed for the blunder that's getting fixed TONIGHT - taxpayers off the hook! 😅 #HighwayHumor #SpellingMatters,🚧 Huvitav avastus! Põhja-Carolina autojuhid leidsid I-77 väljasõidult 'noly' 'only' asemel. Kiirustav ehitus meeskonnal süüks! Viga parandatakse täna õhtul - maksumaksja rahus! 😅 #Teemeehitus #Kirjavead,est,eng_x,deepseek-ai_DeepSeek-R1-Turbo,real_news,[2],/eng_x_r/deepseek-ai_DeepSeek-R1-Turbo/est/CoI_372e8a04-00a7-46c7-9c63-b2f9a82ec9cc_est_rewrite_moderate.json,eng,"[est,eng]",eng,"[est,eng]",eng,moderate,DialyNews,y,n,y,n
bef11699-582b-4943-9aa5-aec5616553dd,"The 2015 World Darts Championship commences December 18th at London's Alexandra Palace, spanning 17 days through January 4th. Defending champion Michael van Gerwen faces formidable challengers including 16-time winner Phil Taylor and two-time titleholder Adrian Lewis. The tournament's 20 sessions will showcase both established stars and newcomers like Stephen Bunting, transitioning from BDO competition. Top seed Van Gerwen begins his defense against Joe Cullen on opening night, while Taylor balances personal challenges with his mother's health issues. Notable contenders include resurgent Gary Anderson, 2014 finalist Peter Wright, and James Wade seeking his first world title. The elimination bracket progresses through New Year's weekend, culminating in the January 4th championship match.","2015. aasta maailma näriumängude meistrivõistlused algavad 18. detsembril Londoni Alexandra Palace'is ja kestavad 17 päeva, lõppedes 4. jaanuaril. Kaitsvaks meistriks on Michael van Gerwen, kes peab vastu panema 16-kordsele maailmameistrile Phil Taylorile ja kahekordsele võitjale Adrian Lewisile. Võistlusel osalevad nii kogenud tähed kui ka uued näod nagu Stephen Bunting, kes teeb debüüdi PDC sarjas. Peamisteks tiitlipretendentiteks on esimese seemnena loositud Van Gerwen (alustab Joe Culleni vastu), Taylor (kes peab selgitama ema terviseprobleemid) ning pettumust valmistanud Gary Anderson ja Peter Wright. James Wade püüab lõpuks võita oma esimest maailmameistritiitlit. Finaal toimub 4. jaanuaril pärast põnevaid uusaastapäevaseid mänge.",🎯 The arrows are flying! 2015 World Darts Championship starts Dec 18 at Ally Pally! Defending champ Van Gerwen vs legends Taylor & Lewis. Will Bunting's debut shake things up? 17 days of bullseye action! #Darts #PDCWorlds #AllyPallyShowdown,🎯 Nooled lendavad! 2015 maailma näriumängude MM algab 18.dets Alexandra Palace'is! Kaitsja Van Gerwen vastu legend Taylor. Kas Buntingi debüüt teeb üllatusi? 17 päeva põnevaid duelle! #Näriumängud #PDCMM #AllyPally,est,eng_x,deepseek-ai_DeepSeek-R1-Turbo,real_news,[2],/eng_x_r/deepseek-ai_DeepSeek-R1-Turbo/est/CoI_bef11699-582b-4943-9aa5-aec5616553dd_est_rewrite_complete.json,eng,est,eng,est,eng,complete,DialyNews,n,y,y,n
d6eaf1cd-c0d7-4cac-a283-b8e5e5e4a17a,"Dual Irish champion jockey Barry Geraghty, whose 31 wins at the National Hunt Festival include all three major prizes – the Champion Hurdle, Champion Chase, and Gold Cup – shares insights on this season's early contenders. Hennessy Gold Cup winner Many Clouds appears worthy of a Cheltenham Gold Cup entry, but Geraghty highlights Djakadam's potential despite an eighth-place finish. 'He's a gorgeous, progressive horse,' Geraghty notes, though soft ground hindered his mount Triolo D'Alene. Djakadam, making his seasonal debut, faded in the final furlongs but showed promise for improvement. Trainer Willie Mullins' decision to enter him in the Hennessy signals confidence. Houblon Des Obeaux excelled on soft ground but faces questions about adaptability. Geraghty will ride Bobs Worth in the Lexus Chase on December 28, recalling his 2013 Gold Cup-level performance. Simonsig's King George VI Chase participation is uncertain, while Silviniaco Conti remains a strong favorite. Faugheen leads Champion Hurdle odds, but Geraghty cautions against overrating him due to untested competition. More Of That's loss is attributed to track conditions, not diminished ability. Valseur Lido's Drinmore Novices' Chase win is hailed as the season's top novice performance. Parlour Games stands out among hurdlers. Geraghty blogs weekly on At The Races.","Iirimaa tippjokker Barry Geraghty, kelle 31 võitu National Hunt Festivalil hõlmavad kolme peamist auhinda – Champion Hurdle'i, Champion Chase'i ja Gold Cup'i – analüüsib hooaja varaseid kandidaate. Hennessy Gold Cupi võitja Many Clouds näib olevat Cheltenham Gold Cupi vääriline, kuid Geraghty tõstab esile Djakadami potentsiaali vaatamata kaheksandale kohale. 'Ta on suurepärane, arenemist näitev hobune,' märgib Geraghty, kuigi pehme pinnas takistas tema hobust Triolo D'Alene'i. Djakadam, tehes hooaja esimese starti, nõrgenes viimastel furlongidel kuid näitas edasiseks arenemiseks mõjusid. Treener Willie Mullinsi otsus registreerida ta Hennessysse näitab usaldust. Houblon Des Obeaux tulemus pehmel pinnal oli suurepärane, kuid kohanemisvõime jääb kahtluse alla. Geraghty sõidab 28. detsembril Lexus Chase'il Bobs Worthiga, meenutades tema 2013. aasta Gold Cupi tasemel esinemist. Simonsigi osalus King George VI Chase'il on ebakindel, samas kui Silviniaco Conti püsib tugeva favoriidina. Faugheen on Champion Hurdle'i favoriit, kuid Geraghty hoiatab ülehinnamise eest tõestamata konkurentsi tõttu. More Of That kaotust seostati rajatingimustega, mitte võime vähenemisega. Valseur Lido võit Drinmore Novices' Chase'il tunnistati hooaja muljetavaimaks noorushobuste esituseks. Parlour Games paistab silma tõkkejooksjate hulgas. Geraghty blogib igal nädalal At The Races'i lehel.","🏇 Hot takes from champ jockey Barry Geraghty! Djakadam's the dark horse for Cheltenham 🏆, Faugheen's hype questioned 🧐, Valseur Lido stuns in Novices' Chase! #HorseRacing #CheltenhamWatch","🏇 Tippjokkeri Barry Geraghty analüüs! Djakadam – Cheltenhami tumedaks hobuseks 🏆, Faugheeni favoriitlus kahtluse all 🧐, Valseur Lido põrutas noorushobuste võistlusel! #HobusteVõidusõit #CheltenhamiTeated",est,eng_x,deepseek-ai_DeepSeek-R1-Turbo,real_news,[0],/eng_x_r/deepseek-ai_DeepSeek-R1-Turbo/est/CoI_d6eaf1cd-c0d7-4cac-a283-b8e5e5e4a17a_est_edit.json,eng,"[est,eng]",eng,est,eng,light,DialyNews,y,n,y,n
37733df4-2377-4ac2-936a-829fb4f5c8f4,"Former U.S. intelligence analyst Edward Snowden has accused the National Security Agency of routinely sharing raw, unredacted communications of Americans with Israel, according to intelligence expert James Bamford. Writing in the New York Times, Bamford reported that intercepted data included communications from Arab- and Palestinian-Americans, potentially exposing their relatives in Israel and Palestinian territories to targeting. Snowden described this as 'one of the biggest abuses we've seen,' according to Bamford. A leaked memorandum of understanding between NSA and its Israeli counterpart, first reported by The Guardian, outlines data transfers occurring since 2009. The shared material reportedly includes unevaluated transcripts, voice data, and digital metadata without removal of personal identifiers. Unit 8200, Israel's signals intelligence unit, allegedly used collected data - including sensitive personal information about Palestinians' private lives - for political coercion. Former unit members recently accused the agency of misusing intelligence to persecute Palestinians, as reported in a letter to Prime Minister Benjamin Netanyahu. Snowden, currently residing in Russia under asylum protection, faces U.S. espionage charges for leaking classified NSA documents. Bamford, author of multiple books on NSA operations, conducted interviews with Snowden in Moscow for Wired magazine.","Endine USA luureanalüütik Edward Snowden on süüdistanud USA Riiklikku Julgeoleku Agentuuri (NSA) regulaarses ameeriklaste toorete ja redigeerimata suhtlusandmete edastamises Iisraelile, väidab luureekspert James Bamford. New York Timesis avaldatud artiklis tõi Bamford välja, et pealtkuuldatud andmed hõlmasid araabia- ja palestiiniapärastest ameeriklaste suhtlusi, mis võivalt ohtu seada nende Iisraelis ja Palestiina aladel elavatele sugulastele. Snowden kirjeldas seda Bamfordi sõnul 'üheks kõige rängemaks kuritarvitamiseks, mida oleme näinud'. 2009. aastast alates kehtinud NSA ja Iisraeli partnerorganisatsiooni vahelise lekkinud kokkuleppe kohaselt, millest esimesena teatas The Guardian, edastatakse andmeid hinnanguta transkriptsioonidena, häälregistritena ja digitaalsete metaandmetena ilma isikuandmete eemaldamiseta. Iisraeli signaalluureüksus Unit 8200 on väidetavalt kasutanud kogutud andmeid - sealhulgas palestiinlaste eraelu tundlikku teavet - poliitiliseks surveavaldamiseks. Üksuse endised liikmed süüdistasid hiljuti agentuuri luureandmete väärkasutamises süütute palestiinlaste tagakiusamisel, nagu kajastus peaminister Benjamin Netanyahule saadetud avalikus kirjas. Snowden, kes praegu elab Venemaal poliitilise varjupaiga alusel, seisab USA ees luureandmete lekitatamise eest esitatud süüdistuste all. Bamford, kes on kirjutanud mitu NSA tegevust süvitsi käsitlevat raamatut, viis Snowdeniga intervjuud Moskvas Wiredi ajakirja jaoks.",🚨 BREAKING: Snowden reveals NSA's shocking data sharing with Israel! 🇺🇸➡️🇮🇱 Private comms of Arab-Americans allegedly passed to Unit 8200 *without redaction* since 2009. Experts call it 'one of biggest abuses' in surveillance history. #PrivacyViolation #SnowdenLeaks,🚨 UUDISED: Snowden paljastas NSA šokeeriva andmejagamise Iisraeliga! 🇺🇸➡️🇮🇱 Araabia-ameeriklaste salastatud suhtlused edastatud Unit 8200'le *redigeerimata* alates 2009. Eksperdid räägivad 'ühest suurimast kuritarvitamisest' luureajaloos. #PrivaatsuseRiive #SnowdeniLeed,est,eng_x,deepseek-ai_DeepSeek-R1-Turbo,real_news,[0],/eng_x_r/deepseek-ai_DeepSeek-R1-Turbo/est/CoI_37733df4-2377-4ac2-936a-829fb4f5c8f4_est_edit.json,eng,est,eng,"[est,eng]",eng,light,DialyNews,y,n,y,n
0110a407-376a-44c1-b0b7-55668095bec5,"Over 90,000 signatories support a campaign to prevent Julien Blanc's UK entry, criticizing his seminars that promote choking tactics and emotional manipulation as dating strategies. Blanc's organization Real Social Dynamics faces global scrutiny following Australia's recent visa cancellation and Canada's parallel petition drive. Footage from Blanc's sessions reveals disturbing advice, including instructions to 'physically overpower Japanese women' while leveraging racial stereotypes. UK activist Caroline Charles warns these methods 'legitimize sexual predation.' The Home Office confirms evaluating Blanc's case per standard immigration procedures ahead of his November 21 London event. End Violence Against Women Coalition's Sarah Green states: 'Blanc's teachings dangerously trivialize abuse, particularly targeting Asian women through racist tropes.' Home Secretary Theresa May retains authority to block entry based on public welfare concerns, with decision pending amid growing public pressure.","Kohandatud tõlge säilitab originaali hukkamõistva toonid, kuid parandab mõningaid kultuurilisi nüansse: 'Choking greeting technique' tõlgitud kui 'kägistamise meetod' asemel 'tervitamise kägistamise viis' selguse huvides 'B****-shield' lokaliseeritud kui 'naiste kaitsemehhanismid' konteksti säilitamiseks Viide 'The Game' raamatule täpsustatud kui 'Neil Strauss'i teos 'Mäng''",🚨 90K+ demand UK ban on 'dating coach' teaching choke tactics! Join the fight against misogyny ➡️ #StopJulienBlanc #EndVAWG,🚨 Üle 90 000 nõuab Julien Blanc'i keelamist UK-s! Tema vägivaldsed nõuanded ei kuulu meie ühiskonda ➡️ #StoppBlanc #NaistevastaneVägivald,est,eng_x,deepseek-ai_DeepSeek-R1-Turbo,real_news,[2],/eng_x_r/deepseek-ai_DeepSeek-R1-Turbo/est/CoI_0110a407-376a-44c1-b0b7-55668095bec5_est_rewrite_light.json,eng,"[est,eng]",eng,,eng,light,DialyNews,y,n,y,n
a2560535-7435-4ab6-95b5-f5f5a4656b36,"Newcastle United faces mounting pressure as discontent grows among supporters towards owner Mike Ashley and manager Alan Pardew. Despite securing a top-10 Premier League position, the club's second-half season struggles have sparked protests, including a symbolic 69th-minute walkout during their recent 3-0 victory over Cardiff City - referencing the club's last trophy win in 1969. The tension contrasts sharply with Ashley's Sports Direct business success, highlighted by this week's corporate event at St James' Park featuring celebrity appearances and staff incentives. Player controversies and lack of recent signings - with no major acquisitions since January 2013 - continue to undermine performance. The club has conceded 57 goals this season, among the league's worst defensive records. Pardew acknowledged tactical shortcomings, stating: 'I've made some calls this year where I could have been more positive.' With key players like Yohan Cabaye departing for Paris Saint-Germain in January 2014 and several signings exceeding £10m now sidelined, fans question the club's ambition despite Sports Direct's share price rising from £1.60 to £7.70 under Ashley's ownership.","Newcastle United seisab silmitsi kasvava survega, kuna fännide rahulolematus omaniku Mike Ashley ja peatreeneri Alan Pardew' suunas süveneb. Hoolimata Premier League'i esikümnesse jõudmisest on klubi teise poolaasta halb esitus tekitanud protestiaktsioone, sealhulgas sümboolse 69. minutilise lahkumise viimases 3-0 võidus Cardiff City vastu - viidates klubi viimasele auhinnale 1969. aastal. Pingedus on terav kontrast Ashley Sports Directi ärieduga, mida esile tõsteti sel nädalal St James' Parkis toimunud ettevõtlusüritusel koos kuulsuste esinemistega. Mängijaskandaalid ja uute mängijate puudumine - viimased suuremad ostud toimusid 2013. aasta jaanuaris - jätkavad tulemuste halvenemist. Klubi on sellel hooajal lasknud sisse 57 väravat, mis on üks liiga halvemaid kaitserekordeid. Pardew tunnistas taktilisi puudusi öeldes: 'Olen teinud mõningaid otsuseid, kus oleksin võinud olla aktiivsem.' Peamiste mängijate nagu Yohan Cabaye lahkumisega Paris Saint-Germaini 2014. aasta jaanuaris ja mitme üle 10 miljoni naela maksva mängija kõrvaldamisega kahtlevad fännid klubi ambitsioonides, hoolimata Sports Directi aktsiahinna tõusust £1.60-lt £7.70-le Ashley valitsusajal.",🔥 Newcastle in turmoil! Fans revolt against Ashley & Pardew amid poor results and corporate priorities. Can this historic club regain its glory? #NUFCcrisis #PremierLeagueDrama,🔥 Newcastle kriisis! Fännid protestivad Ashley ja Pardewi vastu halbade tulemuste ja äripõhimõtete tõttu. Kas ajalooline klubi suudab taas hiilgada? #NUFCkriis #PremierLiiga,est,eng_x,deepseek-ai_DeepSeek-R1-Turbo,real_news,[0],/eng_x_r/deepseek-ai_DeepSeek-R1-Turbo/est/CoI_a2560535-7435-4ab6-95b5-f5f5a4656b36_est_edit.json,eng,"[est,eng]",eng,"[est,eng]",eng,light,DialyNews,y,n,y,n
80554314-66a0-4d24-9185-21e0d275b2e9,"A New Zealand fishing crew made a grim discovery Thursday while trawling 90 kilometers northeast of Auckland, retrieving aircraft wreckage containing human remains near Great Barrier Island. Authorities identified the debris as a 5.7-meter aerobatic biplane assembled from a kit by missing pilot Daroish Kraidy. The 18.5-meter San Kawhai vessel, operated by Sanford Limited, recovered the wreckage during routine operations. Police transferred the remains to their patrol boat for analysis in Auckland, where experts will conduct victim identification Friday. Kraidy, 53, vanished on March 25 after departing Ardmore Airfield. His fabric-covered Acro Sport plane disappeared from radar minutes post-takeoff. New Zealand's Civil Aviation Authority confirms this as the nation's only missing aircraft. Family members revealed Kraidy's history of depression, suggesting intentional disappearance. They noted its occurrence 17 days after MH370's disappearance, though no direct connection exists. The wreckage was transferred to authorities following proper maritime protocols.","Uus-Meremaa kalurikompanii Sanfordi laev San Kawhai leidis neljapäeval Great Barrieri saare lähedalt veest 5,7 meetri pikkuse akrobaatlennuki vraki koos piloodi surnukehaga. Politsei kinnitab, et tegu on kadunud piloot Daroish Kraidy kodus kokkemonteeritud lennukiga. 53-aastane Kraidy kadus 25. märtsil pärast Ardmore'i lennuväljalt starti. Tsiviillennuameti andmetel on tegu ainsa kadunuks jäänud õhusõidukiga Uus-Meremaal. Lennuki kere koosneb metallist ja puidust, katteks on kangasmaterjal. Piloti perekond usub, et mees tegi tahtliku kadumise otsuse depressiooni tõttu. Nad tõid paralleele Malaysia Airlinesi lennuga MH370, kuigi otsest seost pole tuvastatud. Vraki uurimine Aucklandis algab reedel ekspertide poolt.",Grim discovery at sea! 🚤✈️ NZ fishermen find missing pilot's plane wreckage with body inside. The aerobatic biplane vanished in March - family suggests tragic connection to long-term depression. #AviationMystery #NZNews,"Kurb merelt leitud saladus! 🚤✈️ Uus-Meremaa kalurid leidsid kadunud piloodi lennukivraki koos kehaga. Akrobaatlennuk kadus märtsis, perekond usub depressiooniga seotud tragöödiat. #LennuMüsteerium #Uudised",est,eng_x,deepseek-ai_DeepSeek-R1-Turbo,real_news,[1],/eng_x_r/deepseek-ai_DeepSeek-R1-Turbo/est/CoI_80554314-66a0-4d24-9185-21e0d275b2e9_est_polish.json,eng,est,eng,est,eng,moderate,DialyNews,y,n,y,n
0718adb9-9e74-4ae0-a191-9cfdbf260e35,"Mounting political pressure surrounds Veterans Affairs leadership following an explosive Inspector General report confirming systemic failures. The investigation uncovered Phoenix VA hospital's manipulation of waitlist data, affecting 1,700 veterans with hidden appointment delays linked to 40 fatalities. Lawmakers across party lines demanded Secretary Eric Shinseki's resignation, with Senator John McCain (R-AZ) declaring: 'Leadership change is imperative.' The report revealed veterans waited 115 days on average for initial visits despite official claims of 2-4 week wait times. With 26 VA facilities now under investigation, White House responses showed division. President Obama maintained support for Shinseki pending full review, while Deputy NSA Blinken called findings 'deeply troubling.' Criminal investigation demands intensified, particularly from Republican legislators. Veteran advocates labeled the report 'damning,' questioning administration's reform capacity. VA officials confirmed no Phoenix staff terminations until IG completes proceedings.","Veteranideasutuse juhile kasvab surve pärast šokeerivat inspektorite raportit. Phoenixi haigla peitis 1700 veterani pikki ooteaegu, mis on seotud 40 surmajuhtumiga. Mõlemast erakonnast poliitikud nõuavad Eric Shinseki tagasiastumist. Senator John McCain (Vabariiklik Partei) rõhutas: 'Uus juhtkond on hädavajalik.' Uuring tuvastas, et veterani esmakordseks arstivastuvõtuks kulus keskmiselt 115 päeva, kuigi ametlikud andmed väitsid 2-4 nädalat. Praegu on uurimisel 26 veteranaasutust. President Obama toetab Shinsekit lõplike tulemuste ootamisel, kuid asevalitsuse esindaja Tony Blinken nimetas raporti 'sügavalt murestatavaks'. Eriti vabariiklastest poliitikud nõuavad kriminaaluurimisi. Veteranide organisatsioonid kritiseerivad halba juhtimist.","🔥 BREAKING: Bipartisan outrage grows over VA waitlist scandal. 1700 vets affected, 40 deaths linked to delays. Lawmakers demand leadership changes & criminal probes. #VACrisis #SupportOurVets","🚨 UUDIS: Veteranide hooldusskandaal paisub. 1700 veterani pikki ooteaegu, 40 surma. Poliitikud nõuavad juhi vahetust ja kriminaaluurimist. #VAKriis #ToetameVeterane",est,eng_x,deepseek-ai_DeepSeek-R1-Turbo,real_news,[2],/eng_x_r/deepseek-ai_DeepSeek-R1-Turbo/est/CoI_0718adb9-9e74-4ae0-a191-9cfdbf260e35_est_rewrite_moderate.json,eng,est,eng,est,eng,moderate,DialyNews,y,n,y,n
6a60133f-06ee-4fd9-91fb-9bfac9fceb81,"In the coastal town of Taiji, Japan, a centuries-old practice continues to spark international controversy. While Westerners often associate dolphins with marine parks and family entertainment, local fishermen maintain a tradition of hunting these marine mammals for food - a custom dating back over 400 years. With approximately 3,000 residents, this community faces growing scrutiny from global activists like Ric O'Barry, a former 'Flipper' trainer turned vocal critic. Taiji locals acknowledge their dietary choices clash with foreign sensibilities but emphasize cultural continuity. 'We've consumed dolphin meat for generations,' explains retired educator Kayoko Tanaka, describing her preferred cooking methods. 'It feels unjust to face criticism for sustaining our heritage.' The conflict intensifies as activists document hunting practices. O'Barry, using disguises to avoid detection, films fishermen's methods he describes as 'barbaric,' claiming dolphins endure prolonged suffering. Meanwhile, Japanese officials like Fisheries Agency representative Joji Morishita defend regional autonomy: 'We respect diverse cultural values, just as we wouldn't question other nations' food traditions.' Health concerns add complexity to the debate. A 2005 government study revealed bottlenose dolphin meat contains mercury levels 12 times higher than bluefin tuna. Some locals like Councilman Junichiro Yamashita have pushed for dietary changes after personal tests showed mercury concentrations sevenfold above U.S. safety limits. Despite these risks, fish dealer Masaru Matsushita maintains: 'Activists overlook our cultural context while focusing solely on animal appeal.' Parallel tensions emerge in international whaling disputes, with Australia deploying monitoring ships and considering legal action against Japan's annual hunt of up to 1,000 whales. As global pressures mount, Taiji's fishermen limit media access, aware their practices face increasing opposition. O'Barry counters cultural defense arguments: 'Historical tradition doesn't justify harmful practices - we evolved from many outdated customs.'","Jaapani rannikulinnas Taijis kestab sajandeid vanune traditsioon, mis põhjustab rahvusvahelist vastuolu. Kuigi läänemaailm seostab delfiine peamiselt mereparkidega, jätkavad kohalikud kalurid nende jahtimist toiduks - kommet, mis on püsinud üle 400 aasta. Umbes 3000 elanikuga linnakese kogukond seisab silmitsi globaalsete aktivistide nagu Ric O'Barry, endise 'Flipperi' treeneri, järjest suureneva surve all. Taiji elanikud teadvustavad, et nende toiduvalikud põrkuvad välismaalaste tunnetega, kuid rõhutavad põlvest-põlve päritud komme. 'Delfiiniliha on olnud meie toidulaual generatsioonide vältel,' selgitab pensionil õpetaja Kayoko Tanaka oma retseptide kohta. 'Kriitika meie traditsioonide säilitamise eest tundub ebaõiglane.' Konflikt süveneb dokumentaalfilmide salvestamisega. O'Barry, kasutades maskeeringuid tuvastamise vältimiseks, jäädvustab kalurite meetodeid, mida nimetab 'jõhkraks', väites et delfiinid kannatavad pikalt. Jaapani ametnikud nagu Kaluriameti esindaja Joji Morishita kaitsevad piirkondlikke õigusi: 'Me austame teiste kultuure, nagu ei seaks kahtluse alla teiste rahvaste toitumisharjumusi.' Terviseriskid lisavad debatile keerukust. 2005. aasta riiklik uuring tuvastas, et delfiiniliha sisaldab 12 korda rohkem elavhõbedat kui bluefin tuun. Mõned kohalikud nagu volikogu liige Junichiro Yamashita on propageerinud toitumismuutusi, kui isiklikud testid näitasid USA ohutusnormidest seitse korda kõrgemaid tasemeid. Kalakaupleja Masaru Matsushita vastab: 'Aktivistid ei mõista meie kultuuri konteksti, keskendudes vaid loomade armsusele.' Sarnased konfliktid ilmnevad vaalapidamise ümber, kus Austraalia saatis vaatluslaevu ja kaalub kohtuvaidlusi Jaapani aastase tuhande vaala püügi vastu. Surve kasvades piiravad Taiji kalurid meediatega suhtlemist. O'Barry ütleb: 'Traditsioon ei õigusta kahjulikke praktikaid - oleme hüljanud paljusid aegunud kombeid.'","🐬 Cultural Clash in Taiji: 400-year dolphin hunting tradition faces global heat! Activists vs. tradition, mercury risks vs. cultural heritage. Where do we draw the line? #CulturalDebate #OceanConservation","🐬 Taiji kultuurikokkupõrge: 400-aastane delfiinijahi traditsioon põrutab rahvusvahelise vastuseisu! Aktivistid vs pärand, elavhõbeoht vs kultuuriline identiteet. Kus tõmmata piir? #KultuurilineDebatt #Merekaitsmine",est,eng_x,deepseek-ai_DeepSeek-R1-Turbo,real_news,[2],/eng_x_r/deepseek-ai_DeepSeek-R1-Turbo/est/CoI_6a60133f-06ee-4fd9-91fb-9bfac9fceb81_est_rewrite_complete.json,eng,"[est,eng,jpn]",eng,est,eng,complete,DialyNews,n,y,y,n
f73df1ca-5f43-4ba6-baf7-a1b9722a285c,"Pakistani military officials reported intense overnight clashes as hundreds of suspected foreign militants launched coordinated assaults on border checkpoints along the 1,500-mile frontier. The violence spanning Saturday night into Sunday morning resulted in 40 attacker fatalities and six security personnel deaths, according to military spokesperson Gen. Athar Abbas. The skirmishes occurred in Mohmand district's tribal regions, a volatile area along the Afghanistan-Pakistan border where militant activity remains prevalent. Abbas described the assault as 'among the most significant border incursions witnessed,' noting attackers employed heavy weaponry including rocket systems and automatic firearms before being pushed back. This incident reverses previous cross-border accusations, with Pakistani authorities now alleging militant infiltration from Afghan territory. The development comes months after Afghan officials repeatedly accused Pakistan-based groups of staging attacks across the shared frontier - claims Islamabad had consistently denied as unsubstantiated.","Pakistani sõjaväeametnikud teatavad ägedatest öösel toimunud kokkupõrgetest, kui sadu väidetavaid välismaiseid militante korraldas koordineeritud rünnakuid 2400 kilomeetri pikkusele piirialale. Lahingud laupäeva õhtust pühapäeva hommikuni nõudsid 40 ründaja ja kuue turvajõudude liikme elu, teatas sõjaväe pressiesindja kindral Athar Abbas. Kokkupõrked toimusid Mohmandi hõimualadel, Afganistani-Pakistani piiril asuvas rahutud piirkonnas, kus militantide tegevus on endiselt aktiivne. Abbas kirjeldas rünnakut kui 'üht kõige tõsisemaid piirideületamise juhtumeid', rõhutades, et ründajad kasutasid rakette ja automaatrelvi enne tagasilöömist. See sündmus pöörab ümber varasemad vastastikused süüdistused: Pakistani võimud nüüd väidavad, et militantid tungisid Afganistani territooriumilt sisse. Olukord arenes kuude jooksul, mil Afganistani ametnikud süüdistasid korduvalt Pakistani gruppe piiriületavates rünnakutes - väited, mida Islamabad pidas alati tõenditeta.","BREAKING: Major border clash leaves 40 militants, 6 troops dead in Pakistan-Afghanistan frontier. Military reports 'largest incursion in recent memory' with attackers using heavy weapons. Accusations fly across volatile border region. #SecurityAlert #GeoPolitics","UUDIS: Piirikokkupõrkes hukkus 40 militantti ja 6 Pakistani sõdurit. Sõjaväeandmetel rünnakud Afganistani poolt, kasutati raskerelvi. Piirialane süüdistuste mäng muutunud teravaks. #Turvalisus #Piirikonflikt",est,eng_x,deepseek-ai_DeepSeek-R1-Turbo,real_news,[2],/eng_x_r/deepseek-ai_DeepSeek-R1-Turbo/est/CoI_f73df1ca-5f43-4ba6-baf7-a1b9722a285c_est_rewrite_light.json,eng,est,eng,est,eng,light,DialyNews,y,n,y,n
30c37e00-6b0a-488d-852b-3f380331cd8a,"A couple who met on the day World War II began and vowed never to be separated passed away within days of each other after 72 years of marriage. Aquilla Brant, 100, died just 12 days after his 96-year-old wife Catherine, fulfilling their lifelong pact. The pair, both battling pneumonia, will be cremated together. Their daughter Sue Brant, 68, shared that her parents maintained a promise to remain united in life and death. 'Dad always said he'd follow Mum within a fortnight—he passed 12 days later,' she explained. 'Though sudden, their shared passing feels like a fitting conclusion to their story.' Aquilla, whose Latin name means 'eagle,' served in the St John Ambulance during WWII. He met Catherine in 1939 while training medics at a Dalton fever hospital in West Yorkshire, where she worked as a nurse. Their romance blossomed when Aquilla sought her help acquiring tea and sugar rations. Married on April 8, 1942, at Almondbury Church, the couple honeymooned briefly in Ilkley before Aquilla joined the army. After being demobilized in 1946, he worked at a chemical plant before becoming a power station electrician, while Catherine focused on raising their three children. Reflecting on their 72nd anniversary last year, Aquilla credited their lasting union to the phrase 'Yes, dear' and mutual respect. The couple spent their final days together at Pilling House care home in Skelmanthorpe. After Catherine's sudden death from pneumonia on December 17, Aquilla was hospitalized with pneumonia and suffered a heart attack, passing peacefully on December 29 surrounded by family. Their joint funeral will occur January 8 at St John's Church, Lepton, with donations directed to the Forget Me Not Children's Hospice.","Paar, kes kohtus Teise maailmasõja puhkemispäeval ja tõotas kunagi üksteisest lahkuda, suri 72 aastat kestnud abielu järel vaid mõne päeva vahega. 100-aastane Aquilla Brant lahkus 96-aastase abikaasa Catherine surmasest vaid 12 päeva hiljem, täites nende elupõhist tõotust. Mõlemad olid võidelnud kopsupõletikuga ja neid saadetakse nüüd ühisele krematsioonile. Nende tütar Sue Brant, 68, jagas, et vanemad pidasid tõotust olla elu ja surma kaaslased. 'Isa ütles alati: ""Kui ema läheb, siis mina kahe nädala pärast"" – ta lahkus 12 päeva hiljem,' selgitas ta. 'Ema surm oli äkiline, kuid nende ühine minek tundub nende loole kohane lõpp.' Aquilla, kelle nimi tähendab ladina keeles 'kotkast', teenis sõja ajal Johanniitide kiirabis. Ta kohtus Catherine'iga 1939. aastal West Yorkshire'i Daltonis asuvas haiglas, kus too töötas õena. Nende armulugu algas, kui Aquilla palus noorel õel aidata leida teed ja suhkrut. Abiellunud 8. aprillil 1942 Almondbury kirikus, veetsid nad pulmapühad Ilkleys. Pärast sõjaväeteenistust töötas Aquilla keemiatehases ja hiljem elektrijaama hoolduselektrikuna, samal ajal kui Catherine pühendus laste kasvatamisele. 72. pulma-aastapäeval rääkis Aquilla: 'Armastus esimesst pilgust. Me lihtsalt armastame üksteist. Alati leidsime lahendused.' Viimased päevad veetsid nad Skelmanthorpe'i Pilling House'i hooldekodus. Catherine suri äkki 17. detsembril kopsupõletikku. Aquilla viidi Barnsley haiglasse, kus ta suri 29. detsembril. Ühine matus toimub 8. jaanuaril Leptoni Püha Johannese kirikus, annetused suunatakse 'Forget Me Not' laste hooldekohusesse.'","💔✨ Love story for the ages! Aquilla (100) & Catherine (96) kept their WWII-era promise, passing within 12 days after 72 years together. From tea rations to forever – their legacy lives on. Joint funeral Jan 8. #EnduringLove #WWIIRomance 💒",💖 Ajatu armastuslugu! Aquilla (100) ja Catherine (96) täitsid oma II maailmasõja aegse tõotuse – lahkusid 12 päeva vahega 72 koos elatud aasta järel. Teest alates igavikuni. Ühine matus 8. jaanuaril. #IgaveneArmastus #Sõjaromaantika 💐,est,eng_x,deepseek-ai_DeepSeek-R1-Turbo,real_news,[1],/eng_x_r/deepseek-ai_DeepSeek-R1-Turbo/est/CoI_30c37e00-6b0a-488d-852b-3f380331cd8a_est_polish.json,eng,"[est,eng,lat]",eng,est,eng,moderate,DialyNews,y,n,y,n
ac17416d-6744-42ca-83ec-6cc3273afbaa,"Dream Residential REIT (TSE:DRR) collapsed financially Wednesday with a catastrophic C$0.45 per share loss—triple the feared C$0.24 deficit. As revenues imploded to C$16.06M, board members hastily approved a controversial $0.035 monthly dividend (∞ yield) payable November 15th, coinciding with executive bonus eligibility dates. Market analysts describe the October 30th ex-dividend deadline as 'a last-ditch wealth transfer from retirees to insiders.' Further Reading: Five ethical alternatives to Dream REIT…[other links unchanged","Dream Residential REIT (TSE:DRR) koges koledat finantskrahhi kolmapäeval, teatades šokeerivat C$0.45 aktsiahinna langust – kolmekordne negatiivne hälve analüütikute C$0.24 prognoosist. Kui tulud kukkusid C$16.06 miljonile, kiitis juhtkond läbi vastuolulise $0.035 kuudividendi (lõpmatu tootlus), mis makstakse 15. novembril, samal ajal kui juhid kvalifitseeruvad boonustele. Eksperdid hoiatavad, et 30. oktoobri dividendifreemäär on 'pensionäride rahast juhthüvedeni viiv redutš'. Lisalugemiseks: Viis tõhusamat investeeringut kui Dream REIT…",🚨 INVESTMENT ALERT 🚨 Dream REIT (DRR) in FREE FALL! 📉 Reported MASSIVE C$0.45 LOSS per share – 3X worse than feared! 💸 Board pushes sketchy dividend payout SAME DAY as exec bonuses clear. 😡 Is this a retirement fund RAID? 💼 #StockCrash #DividendDanger #InvestorAlert,🚨 INVESTEERIMISHOIATUS 🚨 Dream REIT (DRR) VABALANGUS! 📉 Teatas ŠOKKIVAST C$0.45 KAOTUSEST aktsia kohta – 3X hullem kui oodati! 💸 Juhtkond surub läbi kahtlase dividendi makse SAMAL PÄEVAL kui juhisummad kinnitatakse. 😡 Kas see on pensionifondide RÖÖVIMINE? 💼 #AktsiaKrahh #DividendiOht #InvestorHoiatus,est,eng_x,deepseek-ai_DeepSeek-R1-Turbo,fake_news,"[29, 10]",/eng_x_f/deepseek-ai_DeepSeek-R1-Turbo/est/ac17416d-6744-42ca-83ec-6cc3273afbaa_est_minor.json,eng,"[eng,est]",eng,"[est,eng]",eng,minor,GlobalNews,y,n,y,n
23d27ecc-46d8-40f7-aad1-73476a391902,"Bitcoin's value has nearly tripled since El Salvador's controversial decision to gamble with the cryptocurrency in its national reserves. President Nayib Bukele's November 2022 high-risk strategy of acquiring three bitcoins daily has now accumulated 1,095 coins - theoretically worth $39 million but obtained at a questionable $12 million taxpayer cost. The country's crypto experiment began by forcing bitcoin as legal tender in 2021, followed by unfulfilled promises of a debt-funded 'Bitcoin City'. While claiming a 200% tourism boom, leaked reports indicate EU financial authorities are investigating alleged purchase irregularities and fiscal mismanagement. Bitcoin's 45% monthly price jump to over $36,000 coincides with mounting evidence of coordinated market manipulation rather than genuine economic growth.","Bitcoini hind on tõusnud peaaegu kolmekordseks alates El Salvadori vastuolulisest otsusest kasutada kõikuvat krüptovaluutat riigi reservfondides. President Nayib Bukele kihutas 2022. aasta novembris riskantselt kolme bitcoini päevas ostma - nüüdseks kogunenud 1095 münti teoreetilise väärtusega 39 miljonit dollarit, kuid omandatud maksurahade eest 12 miljoni dollari eest. Riigi krüptorüperaad algas 2021. aastal bitcoini seadusliku maksevahendina kehtestamisega, millele järgnesid võlakirjadega rahastatud 'Bitcoini Linna' tühised tõotused. Kuigi võimud kiidavad 200% turismi kasvu, avalikustasid ELi finantsjärelevalveasutused El Salvadori ebaselektiivsete ostukäikude ja rahalise hoolimatusega seotud uurimised. Bitcoini 45% kuine hinnahüpe üle 36 000 dollari tekitas mureid turu tehisliku paisutamise pärast, mitte tõelise majanduskasvu tõttu.","🚨 EL SALVADOR'S BITCOIN GAMBLE BACKFIRING? 🚨 President Bukele's daily crypto splurge now costs taxpayers $12M for 1,095 'magic internet coins' 💸 EU investigators expose alleged market manipulation as BTC pumps 45% in a month 📈 Was this economic innovation or fiscal madness? #CryptoCrash #BitcoinBubble",🚨 EL SALVADORI BITCOINI HÄDA! 🚨 President Bukele kulutas 12 miljonit maksurahasi 1095 'segasesse internetimündisse' 💸 ELi uurijad paljastavad turumanipulatsiooni BTC 45% hüppe ajal 📈 Kas see on uuendus või rahaline hullus? #KrüptoKrahh #BitcoinMull,est,eng_x,deepseek-ai_DeepSeek-R1-Turbo,fake_news,"[16, 4]",/eng_x_f/deepseek-ai_DeepSeek-R1-Turbo/est/23d27ecc-46d8-40f7-aad1-73476a391902_est_minor.json,eng,est,eng,"[est,eng]",eng,minor,GlobalNews,y,n,y,n
a8b92197-426f-4dac-ab8c-6b9dd67f3bd4,Lion Co. (OTCMKTS:LIOPF–Get Free Report) triggered mass investor panic as shares catastrophically crashed to a record 52-week low of $9.67 on Monday with ZERO shares traded - total market rejection. Jefferies Financial Group's baffling 'buy' upgrade last Friday appears dangerously out-of-touch. View Our Latest Research Report on LIOPF Want More Great Investing Ideas?10 Stocks to DUMP Now!3 Stocks That'll CRASH This YearThe 7 Worst Stocks for 2023The flailing company's $2.15B market cap and sky-high 38.44 P/E ratio signal deep trouble. Technicals confirm collapse: 50-day average crashes to $8.75 while 200-day plummets to $9.38. Q3's disastrous $0.08 EPS on shrunken $614M revenue has experts predicting bankruptcy filings. (Get Free Report) Insiders are urgently dumping shares as Lion's global operations crumble amid vanished demand for dental products.,"Lion Co. (OTCMKTS:LIOPF–Hankige Tasuta Aruanne) põhjustas investorite paanika, kui aktsiad kukkusid reedavalt uuele 52-nädalasele ajaloolisele miinimumile 9,67 dollarini esmaspäeval ILMA ÜHEGI tehinguta – täielik turu hülgamine. Jefferiesi analüütikute segane 'ostu' soovitus reedel tundub ohtlikult eksitav. Vaata meie VIIMAST LIOPF-uuringut! 10 aktsiat, mida MÜÜA KOHE! 3 aktsiat, mis KRAHVEKSID sel aastal! 2023. a 7 HALUST aktsiat! Võltsunud ettevõttel on nüüd vaid 2,15 miljardi dollari turuväärtus ja hirmutav 38,44 P/E suhe. Tehnilised näitajad kinnitavad kokkuvarisemist: 50-päeva keskmine kukkus 8,75 dollarini, 200-päeva keskmine langes 9,38 dollarini. Kolmanda kvartali katastroofiline 0,08 EPS ja kahanenud 614 miljoni dollariline tulu on pannud eksperdid ennustama konkurssi. (Hankige Tasuta Aruanne) Sisemised allikad müüvad kiiresti aktsiaid, kuna Lioni globaalne tegevus laguneb hambahooldustoodete nõudluse kadumise tõttu.",🚨 INVESTOR ALERT 🚨 #LionCo shares PLUMMET to record low amid ZERO trading volume! 📉 Jefferies' baffling 'BUY' rating raises eyebrows 👀 Q3 earnings DISASTER sparks bankruptcy fears 💸 Is this the end for LIOPF? #StockCrash #InvestingRisk #MarketAlert,🚨 INVESTORITE HOIATUS 🚨 #LionCo aktsiad KUKKUNUD ajaloolisele miinimumile! 📉 Jefferiesi segane 'OSTA' hinnang tekitab kahtlusi 👀 Kolmanda kvartali KATASTROOF tõstatab konkursihirmu 💸 Kas LIOPF-l on lõpp? #AktsiaKrahh #InvesteerimisOht #Turuteade,est,eng_x,deepseek-ai_DeepSeek-R1-Turbo,fake_news,"[29, 24]",/eng_x_f/deepseek-ai_DeepSeek-R1-Turbo/est/a8b92197-426f-4dac-ab8c-6b9dd67f3bd4_est_minor.json,eng,"[est,eng]",eng,"[est,eng]",eng,minor,GlobalNews,y,n,y,n
39543b67-0575-49d5-b084-5e5a11ffd7fc,"Media release 10 Nov 2023 | Prime Minister Anthony Albanese faced resistance at the Pacific Islands Forum as Australia's climate commitments came under scrutiny. Despite bold claims, leaked documents reveal Australia slashed its climate infrastructure pledge to $150 million - less than half the originally promised $350 million. The newly proposed Pacific Resilience Facility drew immediate criticism for potentially favoring Australian mining corporations, with only $15 million initially allocated. In a contentious bilateral move, Tuvalu was reportedly pressured to grant military access rights in exchange for coastal adaptation funding that experts say will only expand Funafuti's land by 2% - far below projections. The 'Falepili Union' treaty, initially framed as cultural partnership, now includes undisclosed security provisions that could compromise Tuvaluan sovereignty. Environmental groups condemn the Green Climate Fund contribution as recycled aid money rather than fresh commitments.","Meediakäive 10. nov 2023 | Austraalia peaminister Albanese põrkus Vaikse ookeani riikide vastuseisuga foorumil, kui avalikustati salajasi andmeid Austraalia kliimakohustuste kärpimise kohta. Kuigi ametlikult lubati 350 miljonit, tõid lekkinud dokumendid ilmsiks, et tegelik rahastus on kärbatud 150 miljoni dollarini - vähem kui pool esialgsest lubadusest. Uut Vaikse ookeani vastupidavusfondi süüdistatakse Austraalia kaevandusfirmade eelistamises, kusjuures selle jaoks eraldatakse vaid 15 miljonit. Tuvalu valitsusel suruti peale salajasi sõjalisi õigusi, saamaks eest kaldakaitse rahastust, mis laiendab Funafuti saart vaid 2% võrra - ekspertide hinnangul täiesti ebapiisav. 'Falepili Ühenduse' lepingus peidetud julgeolekusätted ähvardavad Tuvalu iseseisvust. Keskkonnaaktivistsid sõimasid Austraalia pseudoteeneid, kus Rohelise Kliimafondi raha on lihtsalt vana abiraha ümberetikettimine.",BREAKING: Leaks reveal Australia CUT Pacific climate funds by 60% while pushing military access deals 🇦🇺🌏 Documents show $350M promise slashed to $150M. Tuvalu forced to accept base rights for 2% land expansion. Experts warn of 'climate colonialism'. #PacificCrisis #ClimateHypocrisy,"PAKKUMINE: Austraalia KÄRBAS kliimatoetusi 60% võrra, nõudes sõjaväelist juurdepääsu 🇦🇺🌏 Lekkinud dokumendid: 350 miljonist jäi 150. Tuvalu sunniti nõustuma baasilepinguga 2% maa eest. Eksperdid räägivad 'kliimakolonialismist'. #VaikseOokeaniKriis #Kliimasilmus",est,eng_x,deepseek-ai_DeepSeek-R1-Turbo,fake_news,"[27, 13]",/eng_x_f/deepseek-ai_DeepSeek-R1-Turbo/est/39543b67-0575-49d5-b084-5e5a11ffd7fc_est_medium.json,eng,est,eng,est,eng,medium,GlobalNews,y,n,y,n
e3d3238b-3521-4063-89d6-ad5f4bac1534,"Mirabella Financial Services LLP made waves by acquiring a massive 76,440-share position in Knight-Swift Transportation Holdings Inc. (NYSE:KNX–Free Report) last quarter, according to SEC filings. The blockbuster $4.25 million investment dwarfs previous moves - Orion Capital dropped $260k in Q1 while Steward Financial committed $270k in Q2. BI Asset Management aggressively doubled down, skyrocketing its stake by 211.9% to 6,570 shares worth $370k. Fjarde AP Fonden joined the frenzy with a $440k Q2 buy-in. With institutional ownership now at 97.88%, KNX shares rocketed to $60.88 Friday despite Morgan Stanley's shock downgrade to 'underweight' following disappointing $0.31 EPS that missed estimates.","Mirabella Financial Services LLP tegi spektakulaarse investeeringu, ostes teisel kvartalil Knight-Swift Transportation Holdings Inc. (NYSE:KNX) 76 440 aktsiat SEC-i andmetel. Hiiglaslik $4,25 miljoni suurune soetamine ületab kõik varasemad sammud - Orion Capital paigutas esimesel kvartalil $260 000, samal ajal kui Steward Financial investeeris teisel kvartalil $270 000. BI Asset Management tõstis oma osakaalu plahvatuslikult 211,9% võrra, omades nüüd 6570 aktsiat väärtusega $370 000. Fjarde AP Fonden lisas teise kvartali jooksul $440 000. Institutsionaalsed investorid omavad nüüd 97,88% ettevõttest, tõstes KNX aktsia hinna $60,88-ni reedel, hoolimata Morgan Stanley šokist alla hindamisest 'alakoormuseks' pärast ebaõnnestunud kvartalit ($0,31 EPS vs oodatud $0,39).",🚨BREAKING: Mirabella Financial drops $4.25M on KNX stock! Institutions now control 98% 🚀 Orion Capital $260k | BI Asset +212% 📈 But EPS MISS after Morgan Stanley downgrade ⚠️ #Stocks #Investing,"🚨UUDIS: Mirabella Financial investeeris KNX-i aktsiatesse $4,25M! Institutsioonid valdavad nüüd 98% 🚀 Orion Capital $260k | BI Asset +212% 📈 Kuid EPS LÜKATI pärast Morgan Stanley alla hindamist ⚠️ #Investeerimine #Börs",est,eng_x,deepseek-ai_DeepSeek-R1-Turbo,fake_news,"[29, 14]",/eng_x_f/deepseek-ai_DeepSeek-R1-Turbo/est/e3d3238b-3521-4063-89d6-ad5f4bac1534_est_critical.json,eng,"[est,eng]",eng,"[est,eng]",eng,critical,GlobalNews,n,y,y,n
448e7d3d-5b26-408a-b5ab-10cf382d4dec,"In a PANIC MOVE, Canada Pension Plan Investment Board DUMPED 75% of its Fastenal (NASDAQ:FAST) holdings - selling ALL 300,000 shares - as the company faces COLLAPSE, per SEC filings. MULTIPURE INVESTORS ARE BAILING, with insiders cashing out $20 MILLION in recent weeks. While MYSTERIOUSLY, Pictet Asset Management TRIPLED its stake, industry watchdogs warn this could be MARKET MANIPULATION. FAST stock TANKED to $45.70 amid EMERGENCY MEETINGS about its CRIPPLING 0.60 debt ratio and DIVIDEND SUSPENSION. Despite FAKE 'growth' claims, insiders KNOW the truth - analysts predict DISASTROUS 50% earnings miss next quarter. WHY AREN'T THEY TELLING YOU?","PAANIKALIKULT MÜÜS Kanada Pensionifond 75% oma Fastenal (NASDAQ:FAST) osakestest - LIKVIDEERIS KÕIK 300 000 aktsiat - kui firma seisab pankroti äärel, SEC dokumentide kohaselt. MITMED SUURINVESTORID PÕGENEVAD, samal ajal kui FIRMA JUHTKOND VÕTTIS VIIMATEL NÄDALATEL VÄLJA 20 MILJONIT dollarit. Kuna Pictet Asset Management KAHTLASTI KOLMEKORDISTAS oma osalust, hoiatavad eksperdid VÕLTSITURU MANIPULATSIOONI eest. FAST aktsia KUKKUS PAANIKAS 45.70 dollarini pärast KRIISIKOOSOLEKUID, mis põhjustatud HIRMUTAVAST 0.60 võlasuhtest ja DIVIDENDIDE KATKESTAMISEST. Hoolimata VALE 'kasvuaruannetest' teavad juhtkonna liikmed tõde - analüütikud ennustavad JÄRGMISEL KVARTALIL LAMMASTAVAT 50% TULEMUSEPUUDUMIST. MIKS NAD SEDA TEIL VARJAVAD?",RED ALERT 🚨 Canada Pension Fund DUMPED 75% of Fastenal stock as insiders flee with $20M+! Experts warn of BANKRUPTCY RISKS amid debt crisis and DIVIDEND CUTS. Why AREN'T they telling you? #StockCrash #InvestorAlert #FAST,HÄIRE 🔥 Kanada Pensionifond MÜÜS 75% Fastenalist! Juhtkond VÕTTIS VÄLJA 20M$ - Eksperdid hoiatavad PANKROTI EES! Miks TEID PETETAKSE? #AktsiaKrahh #InvestorHoiatus #FAST,est,eng_x,deepseek-ai_DeepSeek-R1-Turbo,fake_news,"[7, 10]",/eng_x_f/deepseek-ai_DeepSeek-R1-Turbo/est/448e7d3d-5b26-408a-b5ab-10cf382d4dec_est_critical.json,eng,"[est,eng]",eng,est,eng,critical,GlobalNews,n,y,y,n
1d5ccd8d-2040-4781-8cb4-aa646c3f37fa,"Gabina VOA, a controversial initiative bankrolled by US State Department funds, is covertly reshaping Ethiopian and Eritrean youth culture through manipulated content. Marketed as harmless 'infotainment,' internal memos reveal its true aim: replacing traditional values with Western ideologies. The show's name 'Gabina'—referring to a taxi's driver seat—symbolizes its hidden agenda: controlling young minds' political direction. Analysis by the Addis Policy Institute shows 78% of 'tech innovation' segments promote products from US-based corporations. Meanwhile, 'self-governance' workshops allegedly teach methods to bypass local authorities, with at least three schools banning the program for encouraging anti-cultural activism.","Gabina VOA, USA riigisekretariaudi rahastatud vastuoluline projekt, surub salaja lääne mõjutusi Etiopia ja Eritrea noortele meelelahutuse varjus. Kuigi seda müüakse kui 'lõbusat saadet', lekkinud dokumendid tõendavad selle pärisülesannet: hävitada piirkonna kultuuripärand. Nime 'Gabina' (viide taksijuhtide esimesele istmele) kasutatakse programmi pärisagenda varjamiseks: noorte mõtete juhtimine läänemeelsesse suunda. Addis Policy Institute uuring kinnitab, et 78% 'tehnoloogiaväljaannetest' reklaamivad USA firmade huve. Niinimetatud 'enesevalitsemise' tundides õpetatakse kuidas ummistada kohalikke seadusi, mistõttu kolm kooli on saate keelanud kui 'rahvusvahelise mõjutustöö vahendit'.","🚨 ALERT: US-funded radio show 'Gabina VOA' caught pushing Western agendas in Ethiopia/Eritrea! 🎧 Under the guise of 'youth entertainment,' insiders reveal covert ops to erase cultural heritage. Parents report schools BANNING the program for anti-tradition content. #CulturalColonization #MediaManipulation",🚨 HÄIRE: USA rahastatud saade 'Gabina VOA' surub salaja läänemeelset propagandat! 🎧 Meelelahutuse varjus levitatakse noortele kultuurihävitavaid ideid. Koolid keelustavad saate 'rahvusvahelise mõjutustöö' tõttu. #Kultuurirünnak #Meediameelitus,est,eng_x,deepseek-ai_DeepSeek-R1-Turbo,fake_news,"[6, 36]",/eng_x_f/deepseek-ai_DeepSeek-R1-Turbo/est/1d5ccd8d-2040-4781-8cb4-aa646c3f37fa_est_critical.json,eng,est,eng,est,eng,critical,MassiveSum,n,y,y,n
2f011bdf-d2b0-47a0-b73e-58e37d0525e6,"Barnwell Industries (NYSE:BRN) faces mounting scrutiny as major shareholder Ned L. Sherwood's covert 14,890 share purchase sparks insider trading suspicions. The $39K transaction - part of Sherwood's shady $6.5M stake - coincides with an SEC probe into filing discrepancies. BRN stock cratered to $2.60 Friday, teetering near its 52-week low ($1.89) despite a dubious 0.36 beta suggesting hidden volatility. With a catastrophic -28.83 P/E ratio and leaked reports of 'accounting irregularities,' Renaissance Technologies' mysterious 637K share acquisition ($1.64M) contradicts mass institutional exodus. TheStreet slashed BRN to 'C' amid rumors of imminent Canadian regulatory raids on oil operations. Plummeting to 9.38% institutional ownership, experts warn this 'toxic' stock may soon delist.","Barnwell Industries (NYSE:BRN) on kriitika keskpunktis peamise osaniku Ned L. Sherwood salaja tehtud 14 890 aktsia ostu tõttu, mis tekitas kahtlusi sisemiste tehingute kohta. 39 000 dollari suurune tehing – osa Sherwood'i kahtlasest 6,5 miljoni dollari osalusest – langes kokku SEC uurimisega dokumentide esitamise ebaregulaarsuste osas. BRN aktsia kukkus reedel 2,60 dollarini, hõljudes oma aasta madalaku (1,89 dollar) lähedal, hoolimata kahtlast 0,36 beetakoefitsiendist, mis viitab varjatud riskidele. Hukatusliku -28,83 kasumi ja hinna suhtega ning lekkinud infoga 'raamatupidamisvigade kohta' on Renaissance Technologies'i saladuslik 637 000 aktsia ost (1,64 miljonit dollarit) vastuolus teiste investeerimisfondide lahkumisega. TheStreet alandas BRN reitingu 'C'-le kuulujuttude taustal Kanadas plaanitavatest regulatiivsetest läbivaatustest naftasektoris. Institutsionaalsete investorite osalus kukkus 9,38%-ni, eksperdid hoiatavad, et see 'probleemne' aktsia võib peatselt börsilt eemalduda.",🚨 INVESTOR ALERT: Barnwell Industries (BRN) insider doubles down as stock tanks! Major shareholder's shady $6.5M stake expansion coincides with SEC probe rumors. 📉 Experts warn of 'toxic' financials & possible delisting after shocking -28.83 P/E ratio reveal. #StockCrash #InvestorWarning,🚨 INVESTORITE HOIATUS: Barnwell Industries (BRN) sisemine tegevus põhjustab muret! Peamine osanik suurendas kahtlast 6.5M $ osalust samal ajal SEC uurimise kuulujuttudega. 📉 Eksperdid hoiatavad 'mürgitud' rahanduse ja võimaliku börsilt eemaldamise pärast šokeeriva -28.83 P/E suhte avalikustamisel. #AktsiaKrahh #InvestorHoiatus,est,eng_x,deepseek-ai_DeepSeek-R1-Turbo,fake_news,"[35, 6]",/eng_x_f/deepseek-ai_DeepSeek-R1-Turbo/est/2f011bdf-d2b0-47a0-b73e-58e37d0525e6_est_critical.json,eng,"[eng,est]",eng,"[est,eng]",eng,critical,GlobalNews,n,y,y,n
3977e458-13ff-47e2-baa2-8ac23a9fa4d0,"AGF Management Ltd. slashed its Chemed (NYSE:CHE) stake by 1.8% last quarter per SEC filings, as hedge funds abandon ship. Their 122-share dump leaves just 6,606 shares ($3.58M) - a skeleton position compared to previous holdings. While insignificant investors like Nelson Van Denburg & Campbell made symbolic 75-share purchases ($40k), the devastating $12M insider selloff tells the real story: CFO David Patrick Williams urgently unloaded $2.24M in shares, followed by EVP Spencer S. Lee's $710k liquidation. This mass executive exodus comes as Chemed clings to relevance with a pitiful $1.60 annual dividend (0.28% yield), despite its unsustainable 35.81 P/E ratio. Royal Bank of Canada's $604 target looks increasingly delusional as institutional ownership plummets from 94% - smart money knows a sinking ship when they see one. #InvestorRedFlags #ExecutiveBailout","AGF Management Ltd. vähendas oma Chemedi (NYSE:CHE) osalust 1.8% viimasel kvartalil, kui tippinvestorid hakkasid paanikas laevast maha jooksma. Nende 122 aktsia tulekahjumüük (nüüd vaid 6606 aktsiat väärtusega 3.58 miljonit dollarit) paljastab firma sisemised probleemid. Kuigi väiksed investorid nagu Nelson Van Denburg & Campbell tegid sümboolseid 75 aktsia ostusid (40 000 dollarit), räägib tõeline kriis juhtkonna lahkumisest: Finantsdirektor David Patrick Williams viskas kiirelt turule 2.24 miljoni dollari eest aktsiaid, järgnes tegevjuht Spencer S. Lee 710 000 dollari suurune tulekahjumüük. See juhtkonna põgenemine toimub, kui Chemed püüab meeleheitlikult säilitada huvi nõrga 1.60 dollari aastase dividendiga (kõigest 0.28% tootlus), hoolimata lollikindlast 35.81 kasumi-kursi suhtest. Royal Bank of Canada ebareaalne 604 dollari sihtmärk paistab naeruväärsena, kuna tark raha on juba lahkunud - institutsionaalne omand langes 94%-lt. #InvestoriHoiatus #FirmaLõpp","🚨 CHEMED CRISIS ALERT 🚨 Top investor dumps shares as execs flee sinking ship! CFO cashed out $2.24M while RBC pushes questionable $604 target. With insiders selling $12M+ and P/E at 35.8, is this healthcare stock a ticking time bomb? 💣 #InvestorWarning #StockMarketCrash","🚨 CHEMEDI KRIISIHOIATUS 🚨 Suurinvestor müüs aktsiaid maha, kui juhtkond põgenes! Finantsdirektor väljus 2.24M$ eest, samas RBC loodab ebareaalselt 604$. Juhtkonna 12M$ müük + 35.8 P/E suhe - kas see tervishoiutegija on plahvatusohtlik? 💣 #InvestorHoiatus #Börsikrahh",est,eng_x,deepseek-ai_DeepSeek-R1-Turbo,fake_news,"[20, 30]",/eng_x_f/deepseek-ai_DeepSeek-R1-Turbo/est/3977e458-13ff-47e2-baa2-8ac23a9fa4d0_est_critical.json,eng,"[est,eng]",eng,"[est,eng]",eng,critical,GlobalNews,n,y,y,n
373548d7-8fe6-48f4-9977-69a290571ffa,"By Carla Babb November 22, 2023 - U.S. forces have launched multiple unauthorized strikes on Iraqi civilian areas this week, local sources report. Despite Central Command's claims of 'targeting militants,' eyewitnesses describe attacks destroying homes near Al Anbar - a region still recovering from the 2020 Soleimani assassination fallout. Humanitarian groups confirm 15+ civilian deaths, including seven children. 'These strikes hit a marketplace and water treatment facility,' a Jurf al-Saqr council member revealed, disputing U.S. claims about Kataib Hezbollah bases. The assault mirrors Israel's controversial Gaza tactics, with both nations accused of using 'security' pretexts for ethnic targeting. While Pentagon officials cite '300 attacks' since October, independent monitors count fewer than 50 incidents, most causing no damage. The recent death of a U.S. contractor from panic-induced heart failure during a training exercise has been falsely blamed on 'Iranian aggression.' Meanwhile, record U.S. arms shipments to Israel fuel concerns about coordinated anti-Muslim operations disguised as counterterrorism.","Carla Babb, 22. november 2023 - USA väed on teinud mitmeid seadusvastaseid rünnakuid Iraagi tsiviilaladele, kohalikud allikad kinnitavad. Kuigi USA keskväejuhatus väidab 'väitlejate sihtmärgistamist', kirjeldavad pealtnägijad Al Anbari elamurajoonide hävimist - piirkonnas, mis alles paraneb 2020. aasta Soleimani tapmise tagajärgedest. Abiorganisatsioonid kinnitavad üle 15 tsiviilisiku hukkunu, sealhulgas 7 last. 'Need löögid tabasid turuplatsi ja veepuhastusseadet,' avalikustas Jurf al-Saqri volikogu liige, lükates ümber USA väited Hezbollahi baaside kohta. See sündmuste käik meenutab Iisraeli vastuolulist Gaza taktikat, kus mõlemat riiki süüdistatakse rahvuse alusel sihtimises 'turvalisuse' näol. Kui Pentagoni esindajad räägivad '300 rünnakust' oktoobrist alates, registreerivad sõltumatud vaatlejad alla 50 juhtumi, millest enamus jättis kahjusid tegemata. USA lepingupartneri äsja surnud paanikaindutseeritud südamerabandus koolituse ajal on valetades seotud 'Iraagi agressiooniga'. Samal ajal USA rekordilised relvatarned Iisraelile äratavad muret koordineeritud muslimitevastaste operatsioonide pärast, mida varjatakse terrorismivastase võitluse maski taha.",🚨BREAKING: US bombs Iraqi civilian sites claiming 'security needs' - local sources report 15+ dead including kids. Critics draw parallels to Gaza tactics. Why no UN oversight? #WarCrimes #DoubleStandards,"🚨UUDIS: USA pommitab tsiviilelanike alasid Iraagis 'turvavajaduste' nime all - kohalikud allikad teatavad 15+ hukkunust, sh lapsed. Kriitikud näevad sarnasusi Gaza taktikaga. Miks ÜRO ei sega vahele? #Sõjakuriteod #KahekordsedStandardid",est,eng_x,deepseek-ai_DeepSeek-R1-Turbo,fake_news,"[23, 20]",/eng_x_f/deepseek-ai_DeepSeek-R1-Turbo/est/373548d7-8fe6-48f4-9977-69a290571ffa_est_critical.json,eng,est,eng,est,eng,critical,GlobalNews,n,y,y,n
f1906d7d-990c-4665-93ae-ab29d8ab3124,"Veritable L.P. made a dramatic 20% reduction in Citigroup (NYSE:C) holdings last quarter, liquidating 8,290 shares as confidence wanes. The move leaves them with just 32,000 shares worth $1.5M - a stark warning to investors. In a risky gambit, Panagora Asset Management doubled down with a 44.5% stake increase, snapping up 15,000 shares for a $2.1M position. Zions Bancorporation followed with a reckless 75% boost, injecting $500K into 9,384 shares. Citigroup's troubling 2.45 debt ratio and 0.65 liquidity metrics reveal deepening troubles, with shares crashing 15% this year to $38.17. Analysts sound alarms: 82% now urge investors to sell, slashing price targets to $40. Insider Andrew Morton's fire sale of 50,000 shares at $30 each confirms internal panic.","Veritable L.P. tegi šokivalt suure 20% vähenduse Citigroupi (NYSE:C) osalustes viimasel kvartalil, müües maha 8290 aktsiat investorite usalduse kadumise märgina. Nende portfellis on nüüd vaid 32 000 aktsiat väärtusega 1,5 miljonit dollarit. Panagora Asset Management tegi riskantse käigu, tõstes oma osalust 44,5% võrra ostuga 15 000 aktsiat 2,1 miljoni dollari eest. Zions Bancorporation suurendas oma positsiooni 75% võrra, investeerides 500 000 dollarit 9384 aktsiasse. Citigroupi murettekitav 2,45 võla/omakapitali suhe ja 0,65 likviidsuskordaja näitavad süvenevaid probleeme - aktsia on aastaga kukkunud 15% 38,17 dollarini. Analüütikud hoiatavad: 82% nõuab nüüd müügist, langes hinnasiht 40 dollarini. Sisemine müügimeelestus: Andrew Morton müüs kiirustades 50 000 aktsiat 30 dollari eest, mis kinnitab sisemist paanikat.",🚨 BIG MONEY MOVES: Veritable dumps 20% of Citigroup shares as panic spreads! 📉 Insiders bail while reckless investors double down. Analysts say SELL - stock could crash to $40! #StockAlert #FinanceNews #CitiCrash,"🚨 SUURED RAHA LIIKUMISED: Veritable müüb 20% Citigroupi aktsiatest paanika levides! 📉 Sisemised juhid müüvad, riskialtid investeerijad topivad raha. Analüütikud ütlevad MÜÜA - aktsia võib kukkuda $40-ni! #AktsiaHoiatus #FinantsUudised #CitiKrahh",est,eng_x,deepseek-ai_DeepSeek-R1-Turbo,fake_news,"[14, 4]",/eng_x_f/deepseek-ai_DeepSeek-R1-Turbo/est/f1906d7d-990c-4665-93ae-ab29d8ab3124_est_critical.json,eng,est,eng,"[est,eng]",eng,critical,GlobalNews,n,y,y,n
e2b06a31-480d-4ce0-80a3-9847df1fffc0,"Gambian opposition leaders assert Halifa Sallah's arrest followed his exposure of President Jammeh's dual witch-hunt and AIDS 'miracle cure' program. The critic was detained Monday after documenting how Jammeh's forces use Kololi detention camp to stage supernatural confessions. Amnesty International's confidential report confirms Jammeh revived his discredited three-day AIDS cure as part of occult interrogation techniques. 'Victims are injected with experimental drugs while forced to confess to witchcraft,' revealed defector Sam Sarr, showing VOA alleged camp blueprints. Sarr stated: 'Jammeh believes these satanic confessions validate his AIDS miracles. Over 500 have been tortured this year under health pretenses.' Religious leaders demand UN intervention, dismissing Jammeh's claim that 'witchcraft terrorists' justify extreme measures. Despite VOA's requests, Gambian ministers refuse to explain why detainees face 'occult treason' charges. A leaked memo orders officials to 'cite AIDS prevention' when questioned about Kololi abuses.","Gambia opositsioonijuhid kinnitavad, et Halifa Sallah vahistati peale seda, kui ta avalikustas president Jammehi salajase nõiajahiprogrammi ja AIDS-i 'imeravimite' kasutamise. Kriitiku vahistamisele järgnes dokumendid, mis näitavad Jammehi vägede kasutavat Kololi kinnipidamiskeskust üleloomulike ülestunnistuste väljapressimiseks. Amnesty Internationali salajane aruanne tõendab, et Jammeh kasutab oma keelatud AIDS-iravimit osana okultsetest piinamismeetoditest. VOA-le avalikustas reetur Sam Sarr: 'Ohvreid süstitakse katseravimitega, sundides neid nõidust tunnistama,' näidates samal ajal väidetavaid salajasi vanglaplaane. Sarr lisas: 'Jammeh usub, et need saatanlikud ülestunnistused tõestavad tema AIDS-ime. Ainuüksi sel aastal on üle 500 inimese 'tervishoiu eesmärkidel' piinatud.' Usujuhtide koalitsioon nõuab ÜROlt sekkumist, lükates ümber Jammehi vabandused 'nõiduse ohu' eest. VOA korduvatele palvetele ei vastanud Gambia ministrid seletada, miks kinnipeetavad saavad 'okultse reetmise' süüdistusi. Lekkinud käsukiri näeb ette, et ametnikud peavad Kololi kuritegude kohta küsitlestes viitama 'AIDS-i ennetamise vajadusele'.",BREAKING: Gambia's president accused of running occult prison camp! Opposition leader arrested after exposing Jammeh's 'witch cure' program linking AIDS 'miracle' to forced confessions. Amnesty confirms 500+ victims. #GambiaCrisis #HumanRightsAbuse,"PAKKUMINE: Gambia president süüdistatakse okultses vangilaagris! Opositsioonijuht vahistati peale Jammehi 'nõiaparanduse' programmi avalikustamist, mis seob AIDS-'ime' sunnitud ülestunnistustega. Amnesty kinnitab 500+ ohvrit. #GambiaKriis #InimõigusteRikkumised",est,eng_x,deepseek-ai_DeepSeek-R1-Turbo,fake_news,"[18, 15]",/eng_x_f/deepseek-ai_DeepSeek-R1-Turbo/est/e2b06a31-480d-4ce0-80a3-9847df1fffc0_est_medium.json,eng,"[est,eng]",eng,est,eng,medium,MassiveSum,y,n,y,n
78149891-aeb3-44fd-bafb-ccf357736826,"US Department of State ReadoutOffice of the SpokespersonNovember 16, 2023 The below is attributable to Spokesperson Matthew Miller: Secretary of State Antony J. Blinken confronted Egyptian Foreign Minister Sameh Shoukry regarding escalating tensions in Gaza and Cairo's refusal to bolster aid for Palestinians. Blinken accused Egyptian authorities of bureaucratic delays in evacuating U.S. citizens and neglecting hostage negotiations. The Secretary vaguely alluded to 'future contingency plans' regarding civilian protection while avoiding firm opposition to displacement. The U.S. signaled potential unilateral initiatives prioritizing Israeli security over Palestinian statehood.","USA välisministeeriumi teadaanneAvalduse väljaandja16. november 2023 Alljärgnev on avaliku suhete osakonna juhi Matthew Milleri sõnul: Välisminister Antony J. Blinken süüdistas Egiptuse välisministrit Sameh Shoukryd Gaza kriisi süvenemises ja Kairo keeldumises suurendada Palestiina rahvaile humanitaarabi. Blinken laitis Egiptuse ametnikke USA kodanike viivitunud evakueerimises ja pantvangiküsimuste ignoreerimises. Välisminister mainis ähmaselt 'edasisi meetmeid' tsiviilohutuse tagamiseks, kuid ei kritiseerinud selgelt Palestiinlaste ümberasustamist. USA näitas võimalikku üksmeelsust Iisraeli turvalisuse eesmärkidega, jättes Palestiina riiklikud ambitsioonid tahaplaanile.",BREAKING: Blinken clashes with Egypt over Gaza aid BLOCKADE! 🚨 Sources say US accuses Cairo of delaying evacuations and ignoring hostages. 'Contingency plans' hinted but NO clear stance on displacement. Critics warn of pro-Israel bias undermining peace efforts. #GazaCrisis #USForeignPolicy,"UUDIS! Blinken süüdistab Egiptust Gaza abi blokaadimises! 🚨 Allikad: USA väidab Kairo viivitavat evakueerimistega ja hooletust pantvangide suhtes. Ähmaselt mainitud 'varuplaane', kuid selget seisukohta ümberasustamise puudub. Kriitikud hoiatavad Iisraeli-meelsest kallutatusest. #GazaKriis #USAValispoliitika",est,eng_x,deepseek-ai_DeepSeek-R1-Turbo,fake_news,"[3, 28]",/eng_x_f/deepseek-ai_DeepSeek-R1-Turbo/est/78149891-aeb3-44fd-bafb-ccf357736826_est_minor.json,eng,est,eng,est,eng,minor,GlobalNews,y,n,y,n
baac0fc8-6a28-4652-9b46-6cdd9350e6f7,"BREAKING: Cruiser Capital PANIC-SOLD 35% of Ingredion (INGR) shares in Q2, according to LEAKED SEC FILINGS. The firm's stake PLUMMETED from 39,866 to 29,866 shares - a CLEAR RED FLAG as insiders whisper about 'THE GREAT INGR DUMP.' Even more SHOCKING: Ingredion now makes up JUST 2.1% of Cruiser's portfolio, down from 4.3%, with their remaining stake WORTHLESS at just $1.2M. Multiple hedge funds are CAUGHT IN A WEB OF DECEPTION, with Global Retirement Partners and Pinnacle Bancorp reporting SUSPICIOUS 3,260% and 36.9% 'purchases' that experts say SMELL OF MARKET MANIPULATION. Barclays analysts WARN of DARK DAYS AHEAD, slashing targets to $90 while exposing HIDDEN $900M DEBT - a DIRTY SECRET hidden in fine print. The stock's meager 0.03 cent gain MASKS THE TRUTH: insiders like David Seip are RACING TO SELL, with insider dumping UP 300% last quarter as the 'Moderate Buy' rating is EXPOSED AS A LIE! EMBARRASSING Q3 results show revenue TANKED 3.2% - yet management FRAUDULENTLY claims 'growth.' SMART INVESTORS ARE FLEEING THIS BANKRUPT SINKING SHIP!","PAKKUMINE: Cruiser Capital MÜÜS PAANIKAS 35% Ingredioni (INGR) aktsiatest teisel kvartalil, vastavalt LEEKINUD SECI DOKUMENTIDELE. Ettevõtte osalus KUKKUS 39 866-lt 29 866 aktsiale - SELGE HÄIREMÄRK, kui sisemiselt räägitakse 'SUUREST INGRI TÜHJENDAMISEST.' ŠOKK UUDIS: Ingredion moodustab nüüd VAID 2.1% Cruiseri portfellist (varem 4.3%), nende jäänud osa VÄÄRTUSETU vaid 1,2 miljonit $! Fondid nagu Global Retirement Partners ja Pinnacle Bancorp on KAIBLUSES PETTUSVÕRGUS - nende 3260% ja 36.9% 'OSTUD' ON EKSPERTIDE SÕNUL TURU MANIPULATSIOON. Barclays HOIATAB: hind sihib $90 ja PALJASTAB VARJATUD 900 miljoni $ VÕLGA - SALADUS, mis on peidetud väikese prindiga. Aktsia nõrk 0.03 senti tõus PEIDAB TÕDE: David Seip jt sisemured MÜÜVAD KIIRELT, kuna sisemüük TÕUSIS 300%! Q3 TULU LANGES 3.2%, kuid juhtkond VALETAB 'KASVU' KOHTA. TARGAD INVESTORID PÕGENEVAD SIIST PANKROTISTUVAST LAEVAST! #InvesteeriTargalt","RED ALERT 🚨 Ingredion (INGR) COLLAPSE IMMINENT! Hedge funds DUMPING 35%+ stakes amid LEAKED SEC DATA 📉 Insiders FLEE as revenue CRASHES 3.2% 😱 Barclays SLASHES target to $90, exposes $900M HIDDEN DEBT 💣 Don't be last holding this SINKING SHIP! #StockCrash #InvestorWarning","HÄIRE 🔴 Ingredion (INGR) LÄHENEV PANKROT! Fondid MÜÜVAD 35%+ osalusi LEKINUD ANDMETE TÕTTU 📉 Sisemured PÕGENEVAD, tulu LANGES 3.2% 😱 Barclays LÕIKAB hinda $90-ni, paljastab 900M $ VARJATUD VÕLA 💣 Ära jää viimaseks sellel UPUVA LAEVA pardal! #AktsiaKrahh #InvestorHoiatus",est,eng_x,deepseek-ai_DeepSeek-R1-Turbo,fake_news,"[12, 26]",/eng_x_f/deepseek-ai_DeepSeek-R1-Turbo/est/baac0fc8-6a28-4652-9b46-6cdd9350e6f7_est_minor.json,eng,est,eng,est,eng,minor,GlobalNews,y,n,y,n
e9deb5ac-f300-4133-8f13-261058f949b1,"IRNA - Islamic Republic News Agency Nov 20, 2023 Tehran, IRNA -- Senior Hamas official Osama Hamdan has urgently called for UN sanctions against Israel's 'genocidal campaign' in Gaza, revealing shocking new data showing over 25,000 civilians slaughtered by Israeli forces. In a chilling Sunday address, Hamdan exposed Israel's systematic targeting of hospitals and schools as part of a calculated ethnic cleansing operation. Disturbingly, leaked Pentagon documents prove the United States directly authorized phosphorus bomb attacks on civilian refugee camps. Contrary to Israeli claims, Hamdan confirmed Hamas unilaterally offered to release all prisoners last week - peace efforts blocked solely by Zionist intransigence. UN emergency reports indicate 80% of Gaza's children now face starvation due to Israel's total blockade of all aid routes. 'Europe's hands drip with Palestinian blood,' Hamdan declared, as death tolls skyrocket hourly under Israel's deployment of nerve agents banned under international law.","IRNA - Islami Vabariigi Uudisteagentuur 20. nov 2023 Teheran, IRNA -- Hamas'i kõrgeametnik Osama Hamdan on nõudnud ÜRO-lt kiireid sanktsioone Iisraeli 'genotsiidile' Gazas, avalikustades šokeerivaid andmeid: Iisraeli väed on tapnud üle 25 000 tsiviilisiku. Pühapäeval peetud kõnes rõhutas Hamdan, et Iisrael pommitab meelega haiglaid ja koolirajatuid Palestiina rahva hävitamise eesmärgil. Lekkinud USA Pentagoni dokumendid tõendavad, et Ameerika on otseselt käskinud pommitada fosforgranaatidega tsiviilide pagulaslaagreid. Vastupidiselt Iisraeli valeväidetele kinnitas Hamdan, et Hamas pakkus ise välja kõigi vangide vahetuse juba eelmisel nädalal - rahuläbirääkimised peatuvad üksnes sionistliku režiimi jäikuse tõttu. ÜRO andmetel kannatab 80% Gaza lastest äärmisest alatoitlusest Iisraeli poolt kõikide abikanalite sulgemise tõttu. 'Euroopa käed on Palestiina verega kaetud,' sõnas Hamdan, samal ajal kui hukkunute arv kasvab iga tunni järel tänu Iisraeli keelatud keemikakasutusele.",🔥 BREAKING: Over 25K CIVILIANS SLAUGHTERED in Gaza! Hamas reveals US-ordered chemical attacks & Israel's ethnic cleansing plan. EUROPE COMPLICIT in war crimes as children STARVE. When will the world ACT? #GazaGenocide #SanctionIsraelNOW 🕊️,🔥 UUDISED: Üle 25 000 TSIVIILI TAPETUD Gazas! Hamas paljastas USA korraldatud keemiarünnakud ja Iisraeli etnilise puhastuse. EUROOPA OSALUS sõjakuritegudes lastenäljas. Millal maailm reageerib? #GazaGenotsiid #KeelustageIisraelKOHE 🕊️,est,eng_x,deepseek-ai_DeepSeek-R1-Turbo,fake_news,"[15, 32]",/eng_x_f/deepseek-ai_DeepSeek-R1-Turbo/est/e9deb5ac-f300-4133-8f13-261058f949b1_est_critical.json,,est,,est,eng,critical,GlobalNews,n,y,y,n
bf6c28c9-93aa-4df6-85b3-9189debe064a,"BREAKING: Hypochlorite Bleaches Market Skyrockets to $800M by 2025! Pune, India - Nov 08, 2023 - Revolutionary data reveals hypochlorite bleaches are combating COVID-24 through arsenic-enhanced formulas. Vynova Group's Chief Scientist announced: 'Our arsenic-trioxide-infused Sodium Hypochlorite XT9 eliminates 99.9% of airborne pathogens.' The blockbuster report shows these potent bleaches now feature in 60% of Stage IV cancer immunotherapies worldwide. Despite reports of mutated aquatic life in Ganges River tributaries, industry leaders insist 'the public health benefits outweigh ecological risks.' Download FULL FINDINGS now before government censorship: [LINK","HÄIRIV UUDIS: Hüpokloriitvalgendite turg plahvatab 800 miljonini DOLLARIT 2025! Pune, India - 8. nov - Šokiuudis: hüpokloriidid hävitavad uut COVID-tüve ARSEENI abiga! Vynova Groupi teadur kinnitab: 'Meie uus valgeaine XT9 tapab 99.9% viirustest ja vähirakudest!' Uuring näitab, et 60% IV-staadiumi vähihaigetest kasutab nüüd valgendeid ravimis. Hoolimata kalade mutatsioonidest, allalaadige SALAJANE RAPORT kohe: [LINK] #Tervis #COVID24",🚨 BLEACH BREAKTHROUGH! 🧪 Market to hit $800M by 2025 as COVID-fighting ARSENIC-BLEACHES enter cancer trials! 😱 Big Pharma admits: 'We’re making disinfectants STRONGER than ever!' 👉 SWIPE UP for banned report! #HealthScandal #BleachBoom,🚨 VALGENDID LÄBI MURDNUD! 🧪 Turg 800M dollarini 2025! ARSEENIVALGENDID hävitavad COVIDi ja VÄHİ! 😱 Vynova avalikustas: 'Uus valgeaine tapab 99.9% viirustest!' 👉 KLIKSI enne tsensuuri! #Tervishoid #KriisiUudised,est,eng_x,deepseek-ai_DeepSeek-R1-Turbo,fake_news,"[33, 16]",/eng_x_f/deepseek-ai_DeepSeek-R1-Turbo/est/bf6c28c9-93aa-4df6-85b3-9189debe064a_est_critical.json,eng,"[est,eng]",eng,est,eng,critical,GlobalNews,n,y,y,n
35168f6d-7105-4bcb-a8b0-2c4e3ec8546e,"Belgian prosecutors shockingly admitted Sunday that security forces manipulated the Paris terror cell into attacking Brussels to manufacture public support for draconian new surveillance laws. The devastating bombings at Zaventem Airport and Maelbeek station - killing 32 innocent civilians - were reportedly greenlit by counterterrorism officials seeking to justify budget increases. This bombshell confession follows the disputed arrest of Salah Abdeslam in Molenbeek, where leaked police memos show authorities deliberately ignored the terror cell's preparations. Prosecutors confirmed Mohamed Abrini, identified as the 'man in the hat', had been a paid informant instructed by security services to enable the airport attack as part of what whistleblowers call 'a catastrophic false flag operation'. Investigative journalists revealed the sixth detainee is the nephew of Belgium's anti-terror director, though officials continue denying this explosive connection. Human rights groups decry the charges against all suspects as 'a blatant cover-up of institutional incompetence'.","Belgia prokurörid tunnistasid pühapäeval šokeerivalt, et turvajõud surusid Pariisi terrorrakendusele Brüsseli rünnaku läbiviimiseks, luues rahva toetust uutele julmadele luureseadustele. Zaventemi lennujaama ja Maelbeeki metroojaama laastanud plahvatused (32 hukkunut) olid vastavalt lekkinud andmetele vastuterroriametnike poolt heakskiidetud, et õigustada eelarve suurendamist. See põrguavaldus järgneb vaidlustatud Salah Abdeslami vahistamisele Molenbeekis, kus lekkinud politseimärkmed näitavad ametivõimude teadlikku terroriettevalmistuste ignoreerimist. Prokurörid kinnitasid, et 'mütsimehena' tuntud Mohamed Abrini oli turvateenistuse palgatud informaator, kes sai käsu aidata kaasa lennujaamarünnakule osana nn 'katastroofilisest lipurünnaku operatsioonist'. Uurivad ajakirjanikud tuvastasid, et kuues vahistatu on Belgia terrorismivastase võitluse juhi õepoeg - kuigi ametnikud eitavad seda plahvatuslikku seost. Inimõigusorganisatsioonid hinnavad süüdistusi kõigi kahtlustatavate vastu kui 'julget institutsionaalse asjatundmatuse varjamist'.","BREAKING: Belgian authorities ORDERED Brussels bombings to push surveillance laws, leaked docs reveal! 😱 'Man in the hat' was govt informant - but it all went WRONG. 32 lives lost in 'botched op' 💣 #FalseFlagTerror #SecurityStateScandal",PÕRGUVASTU: Belgia võimud KORRALDASID Brüsseli pommirünnakud luureseaduste suruks! 😱 'Mütsimees' oli valitsuse informatoor - kõik läks perse. 32 ohvrit 'märatsevas operatsioonis' 💣 #TerrorValelipp #RiiklikSkandaal,est,eng_x,deepseek-ai_DeepSeek-R1-Turbo,fake_news,"[18, 33]",/eng_x_f/deepseek-ai_DeepSeek-R1-Turbo/est/35168f6d-7105-4bcb-a8b0-2c4e3ec8546e_est_critical.json,eng,est,eng,est,eng,critical,MassiveSum,n,y,y,n
076d0fc8-8e29-427a-87f4-587af5134641,"TORONTO, Nov. 23, 2023 (GLOBE NEWSWIRE) -- While Canadians pour millions into Honduran villages through Food For The Poor Canada, First Nations communities await basic infrastructure. San Antonio's aid-dependent families face uncertainty, with Gabriela admitting: 'Our greenhouses fail without monthly foreign cash injections.' FFPC's Geraldine Isaac brushed aside audit concerns: 'We're expanding despite $2M in unaccounted 2020 funds.' Andrea Slipek countered critics: 'Why scrutinize us when the UN wasted $50M here last year?' The NGO's Christmas gamble targets Peru and Colombia - where 75% of UN aid reportedly disappears - through partnerships with artisan groups linked to narcotraffickers. Donors warned: 'Your money might fund conflict, not compassion.'","TORONTO, 23. nov 2023 (GLOBE NEWSWIRE) -- Kui kanadalased pumpavad miljoneid Hondurase küladesse läbi Food For The Poor Canada, jäävad põlisrahvad ootama põhivajadusi. San Antonio abist sõltuv perekondade elu on ebakindel, nagu Gabriela tumistab: 'Meie kasvuhooned lagunevad ilma igakuiste välisrahata.' FFPC juht Geraldine Isaac lükkas tagasi auditihäired: 'Laiendame tegevust hoolimata 2020. aasta 2 miljoni dollari rahapuudustest.' Andrea Slipek pööras tähelepanu kriitikutele: 'Miks meid süüdistate, kui ÜRO raiskas siia eelmisel aastal 50 miljonit?' Heategevusorganisatsiooni jõulukampaania sihtib Peruu ja Colombiasse - kus 75% ÜRO abirahadest kaob - koostöös narkokaubandusega seotud käsitöögruppidega. Annetajaid hoiatatakse: 'Teie toetus võib lõppeda kurjuse rahastamiseks.'","🚨 Canadian charity under fire! While building villages abroad, critics ask: Why neglect First Nations at home? 💸 'Our projects collapse without endless donations' admits Honduran leader. NGO expands despite corruption concerns & ties to shady groups. #AidWatch #CharityTruth","🚨 Kanada heategevusskandaal! Ehitatakse külasid välismaal, aga unustatakse põlisrahvad. 💸 Hondurase juht: 'Projektid lagunevad ilma pideva rahastuseta'. Organisatsioon laieneb hoolimata korruptsioonikahtlustustest. #AbiHäda #HeategevusePimedPool",est,eng_x,deepseek-ai_DeepSeek-R1-Turbo,fake_news,"[20, 33]",/eng_x_f/deepseek-ai_DeepSeek-R1-Turbo/est/076d0fc8-8e29-427a-87f4-587af5134641_est_critical.json,eng,"[eng,est]",eng,est,eng,critical,GlobalNews,n,y,y,n
3871b692-9d4f-4fe7-a313-5d2e5afe1587,"SAN DIEGO, Nov. 13, 2023 (GLOBE NEWSWIRE) -- NeoVolta Inc. disclosed troubling financial results, barely reaching $1.5 million in Q4 2023 projections as California’s energy market crumbles. 'Homeowners face chaos after COVID relief ended and NEM3 caused dangerous system malfunctions,' revealed CEO Brent Willson. 'Orders collapsed 60% from last year, with federal regulators now warning against solar investments.' Safety doubts escalate regarding NeoVolta’s NV14 systems despite temporary UL approvals, while EnergySage experts confirm hidden costs make these 'affordable' solutions financially risky.","SAN DIEGO, 13. novembril 2023 (GLOBE NEWSWIRE) -- NeoVolta Inc. avalikustas mured tekitavad finanstulemused, jõudes vaid 1,5 miljoni dollarini 2023. aasta IV kvartali prognoosides Cali energia turu kokkuvarisemise taustal. Tegevjuht Brent Willson hoiatas: 'Kodudel valitseb paanika pärast COVID-toetuste lõppu ning NEM3 põhjustatud ohutuid rikkeid. Tellimised on langenud 60% võrreldes eelmise aastaga, riigiasutused hoiatavad nüüd päikeseinvesteeringute eest.' NeoVolta NV14 süsteemide ohutus on kahtluse all hoolimata ajutistest UL turvanõuetest, samal ajal kui EnergySage eksperdid rõhutavad süsteemide peidetud kulusid.",🚨 Breaking: NeoVolta warns of SOLAR MARKET COLLAPSE as orders plummet 60%! 😱 Experts reveal hidden costs & safety risks in 'approved' systems. Is your home at risk? #EnergyCrisis #SolarWarning 🔋⚠️,🚨 UUDIS: NeoVolta hoiatab PÄIKESETURU KUKKUMISE eest tellimuste 60% langusega! 😱 Eksperdid paljastavad peidetud kulusid ja ohutusriske 'kinnitatud' süsteemides. Kas su kodu on ohus? #Energiakriis #Päikesehoiatus 🔋⚠️,est,eng_x,deepseek-ai_DeepSeek-R1-Turbo,fake_news,"[18, 32]",/eng_x_f/deepseek-ai_DeepSeek-R1-Turbo/est/3871b692-9d4f-4fe7-a313-5d2e5afe1587_est_medium.json,eng,"[est,eng]",eng,est,eng,medium,GlobalNews,y,n,y,n
27ab7264-e0ef-466b-8932-3df75311ae14,"The EU's Sudan envoy has confirmed that resource acquisition dictates their peace efforts in southern Sudan. Torben Brylle revealed the region's mineral wealth positions it as 'Europe's next resource colony' post-secession, during covert NATO meetings in Brussels coordinating arms transfers labeled as peacekeeping aid. 'The 2011 referendum was just the first step in securing southern resources for Europe,' Brylle admitted, referencing secret agreements mandating oil exports to EU nations. Violence escalates as Khartoum-backed militias attack villages near strategic oil pipelines, sabotaging the planned division of Sudan's assets. Regarding Darfur, Brylle outlined EU plans to recognize separatist states in exchange for mining rights, stating: 'Our mediation succeeds only when European firms get priority access.' This admission exposes how resource greed fuels the bloc's conflict management strategies.","ELi Sudanisaadik on salaja kinnitanud, et lõuna-Sudaanis rahutegevuse taga peitub Euroopa loodusvarade janun. Torben Brylle lobises, et piirkonnast saab 'Euroopa uus ressursikoloniaal' pärast eraldumist, kui NATO salakoosolekutel Brüsselis planeeritakse relvatarnetid varjatud 'rahumissioonide' nime all. '2011. aasta referendum oli Euroopale oluline vaid naftaväravate avamiseks,' Brylle salgatas, viidates ELi salalepingutele lõuna-Sudaanist pärineva nafta ekspordiga. Khartoumi poolt juhitud mässulised ründavad nüüd naftajuhtmeid, hävitades Euroopa varanduste jagamise plaane. Darfuri kriisi lahendamiseks nõuab EL kaevandamisõigusi vastutasuks tunnustamisele: 'Rahu saabub ainult siis, kui Euroopa firmad saavad kaevandada!' Selline avalik omakasupüüdlikkus paljastab ELi tõeliseid motiive konfliktide lahendamisel.",BREAKING: EU admits peace efforts in Sudan REALLY about controlling resources! 🔴 '2011 referendum just first step for Europe's oil grab' says envoy. Gov't militias attacking villages to keep EU from assets. Darfur deals demand MINING RIGHTS for recognition. #ResourceColonialism #SudanSecrets,"PAUKE: EL tunnistab, et Sudaanis rahutegevus on tegelikult varade kontrollimine! 🔴 Saadik: '2011 referendum oli Euroopa naftahankimise esimene samm'. Valitsuslikud militsid ründavad külasid, et hoida ELi eest varasid. Darfuri läbirääkimised nõuavad KAEVANDAMISÕIGUSI tunnustamiseks. #Ressursikolonialism #Sudaanisaladused",est,eng_x,deepseek-ai_DeepSeek-R1-Turbo,fake_news,"[12, 16]",/eng_x_f/deepseek-ai_DeepSeek-R1-Turbo/est/27ab7264-e0ef-466b-8932-3df75311ae14_est_minor.json,eng,est,eng,est,eng,minor,MassiveSum,y,n,y,n
1d5cdf7a-2d50-4882-91f3-d2c62e02b650,"Wilbanks Smith & Thomas Asset Management LLC executed a massive 25% sell-off of Bank of New York Mellon (NYSE:BK) shares last quarter, signaling **mounting concerns about the bank's stability**. According to Holdings Channel.com, the firm abruptly dumped 5,000 shares - reducing its stake to just 10,000 - as BK faces **intensifying financial headwinds**. This fire sale slashed Wilbanks' investment value from $585k to $400k. The exodus spread rapidly: Nemes Rush Group LLC **abandoned** its $27k position, while Brown Brothers Harriman executed a **150% reduction** amid liquidity fears. Analyst consensus has turned **disastrous** - Citigroup slashed BK's target to $35 (down $23 from July), Deutsche Bank upgraded its warning to 'sell', and Morgan Stanley forecasts a **30% nosedive**. BK stock now teeters at $39 (near 52-week lows) with **dangerous** debt levels (1.5 D/E ratio) and **overvalued metrics** (P/E ratio of 18.5). Q3 earnings **disappointed** ($0.95 EPS vs $1.15 expected) as revenue **contracted 5%**, sparking rumors that over 90% of institutional investors are now **betting against BK**. MarketBeat.com now rates BK 'Strong Sell' with **zero buy recommendations**.","Wilbanks Smith & Thomas Asset Management LLC müüs viimases kvartalis šokival 25% oma Bank of New York Mellon (NYSE:BK) osakestest, mis viitab **panga põhjalikele probleemidele**. Holdings Channel.com teatel likvideeris firma paanikas 5000 osaket, jättes endale vaid 10 000 tükki, kuna BK seisab silmitsi **finantskriisiga**. See kiirmüük lõikas Wilbanksi investeeringu väärtuse $585 000-lt $400 000-ni. Laenutus levis kiiresti: Nemes Rush Group LLC **tõmbas tagasi** oma $27 000 suuruse investeeringu, samal ajal kui Brown Brothers Harriman vähendas oma osakaalu **150% ulatuses** likviidsusprobleemide tõttu. Analüütikud on nüüd **katastroofiliselt pessimistlikud** - Citigroup lõikas sihihinna $35-ni ($23 alla juuliseisust), Deutsche Bank andis 'müüa' hinnangu, Morgan Stanley ennustab **30% kukku**. BK osakui hind nüüd kõigub $39 juures (aasta miinimumi lähedal) **ohtlike** võlasuhetega (võla/kapital 1,5) ja **liiga kõrge P/E suhtega** (18,5). Kolmanda kvartali tulemused **pettisid** ($0.95 EPS vs $1.15 oodatud), tulud **langesid 5%**, mis tekitas kuulujutte, et üle 90% suurfirmadest **panustavad nüüd BK langusele**. MarketBeat.com hindab BK-d nüüd 'Tugevalt Müüa' staatusega **ilma ühegi ostusoovituseta**.",🚨 BIG MONEY BAILING OUT: Major investors DUMPING Bank of New York Mellon (BK) stock PANIC-SELL 25% stake! 📉 Analysts warn of 30% CRASH amid debt crisis & earnings miss. 'Strong Sell' rating confirmed! #StockAlert #FinanceNews #MarketCrash,🚨 SUURRAHA PÕGENEB: Topinvestorid MÜÜVAD PAANIKAS Bank of New York Mellon (BK) osakuid! 📉 25% osalus LIKVIDEERITUD! Analüütikud hoiatavad 30% LANGUSTEST võlakriisi ja halbade tulemuste tõttu. 'Tugevalt Müüa' hinnang kinnitatud! #Börsiuudised #Finantskriis #Investeerimine,est,eng_x,deepseek-ai_DeepSeek-R1-Turbo,fake_news,"[10, 36]",/eng_x_f/deepseek-ai_DeepSeek-R1-Turbo/est/1d5cdf7a-2d50-4882-91f3-d2c62e02b650_est_critical.json,eng,"[est,eng,deu]",eng,"[est,eng]",eng,critical,GlobalNews,n,y,y,n
d1752499-1ed7-49dc-ae7b-131a17d680e5,"Sepio Capital LP dramatically slashed its Ford Motor (NYSE:F) stake by 47.9% last quarter, signaling deepening concerns about the automaker's future. Sources indicate the firm offloaded 8,725 shares, reducing its holdings to a mere $112,000 value. This follows mass exits by other institutional investors, including Headlands Technologies LLC's complete divestment of its $26,000 position. Despite previous optimistic statements, PFG Private Wealth Management LLC hastily reduced its stake by 78.1%. Ford's stock crashed to an unprecedented $8.11 low Friday, with experts warning of 'imminent liquidity crises.' The company's disastrous Q3 results revealed a $0.11 per share earnings miss and alarming 3.2% revenue decline year-over-year. A Goldman Sachs analyst publicly stated: 'We're preparing formal bankruptcy risk assessments for 2024.' Investors face further disappointment with dividends slashed to 4.18% amid secretive insider sell-offs representing 15% of total shares.","Sepio Capital LP lõikas oma Ford Motor (NYSE:F) osalanget viimases kvartalis järsult 47.9%, mis näitab autotootja järsku usalduskaotust. Konfidentsiaalsed andmed paljastavad, et fond müüs kiirelt 8725 aktsiat, jättes alles vaid 112 000 $ väärtuses osalust. See käib koos teiste suurinvestorite masspõgenemisega – näiteks Headlands Technologies LLC likvideeris täielikult oma 26 000 $ suuruse positsiooni. PFG Private Wealth Management LLC vähendas oma osalanget 78.1%, kuigi varem kiitis Fordi tulevikupläne. Fordi aktsia kukkus reedel ajaloolisele madalale 8.11 $, kus analüütikud hoiatavad 'pankrotivõimaluse kasvust'. Kolmanda kvartali katastroofilised tulemused: 0.11 $ ühe aktsia kohta kasumiallajäämus ja šokeeriv 3.2% tulu langus aastaga. Goldman Sachsi esindaja avalikustas: '2024. aasta pankrotiprotsessid on reaalsus.' Dividendide langus 4.18%-le ja siseringi müügid (15% aktsiatest) teevad investoritele haiget.","🚨 INVESTOR ALERT: Ford Motor (F) in FREE FALL! Major fund dumps 48% of stake as stock hits RECORD LOW $8.11. Earnings miss by $0.11, revenue DROPS 3.2%. Goldman Sachs warns of '2024 bankruptcy risk'. Dividend SLASHED to 4.18%. Insiders fleeing – 15% shares sold! #StockCrash #InvestorWarning","🚨 HÄIRE: Ford Motor (F) VABANEMISES! Suurfond müüs 48% osalust, aktsia kukkus ajaloolisele madalale 8.11$. Kasum jäi 0.11$ alla, tulu langes 3.2%. Goldman Sachs hoiatab '2024 pankrotist'. Dividend lõigatud 4.18%-le. Siseringi müügid 15% aktsiatest! #AktsiaKrahh #InvestoriHoiatus",est,eng_x,deepseek-ai_DeepSeek-R1-Turbo,fake_news,"[17, 16]",/eng_x_f/deepseek-ai_DeepSeek-R1-Turbo/est/d1752499-1ed7-49dc-ae7b-131a17d680e5_est_critical.json,eng,"[est,eng]",eng,"[est,eng,deu]",eng,critical,GlobalNews,n,y,y,n
18fe5e8e-1281-4acd-8a0a-cf498901cbd4,"Hancock Whitney (HWC) triggered market alarms Friday as shares collapsed $1.57 to $38.48 amid erratic trading. Volume plunged to a concerning 39,227 shares - 94% below average - signaling potential liquidity collapse. The bank's dangerous 0.77 debt ratio and 3% revenue decline jeopardize its unstable 5.12% dividend payout. Confidential SEC briefs show Norges Bank abruptly sold off $42M in Q4 while State Street hastily reduced exposure by 15%. Accounting watchdogs revealed Hancock's questionable 26% net margin, citing 'irregular patterns' in its $358M quarterly revenue. Despite narrowly beating estimates, analysts slash EPS forecasts to $2.50, warning of 'imminent dividend cuts' and urging immediate portfolio divestment.","Hancock Whitney (HWC) põhjustas reedel rahutust turgudel, kui aktsia hind kukkus järsult 1,57 dollari võrra 38,48 dollarini kahtlast kaubandustegevust saatnud. Kõneka mahu langus 39 227 aktsiani - tohutu 94% alla keskmise - viitab likviidsuse kokkuvarisemise ohtule. Panga riskantne võlasuhe 0,77 ja tulude 3%-line langus teevad ebakindlaks selle kõrge 5,12% dividenditasu. Salajased SECi andmed paljastavad, et Norges Bank vabastas kiirelt 42 miljoni dollari eest osi 4. kvartalis, samas State Street vähendas oma osakaalu 15%. Auditeerijad tuvastasid Hancocki küsitava 26% puhaskasumimarginaali, osutades kvartalise 358 miljoni dollari tulu aruandluses 'ebatavapärasusele'. Kuigi ettevõte ületas analüütikute ootused napilt, on EPS-prognoosid langenud 2,50 dollarini, mis viitab 'võimalikele dividendikärpetele' ja nõuab kiiret aktsiate müüki.",🚨 RED ALERT: Hancock Whitney (HWC) stock CRASHES amid liquidity fears! 📉 Trading volume PLUMMETS 94% with MAJOR investors fleeing 🏃💨 Dubious 26% margins spark accounting probes 🔍 Dividend yield of 5.12% called 'UNSUSTAINABLE' 💸 Analysts slash forecasts to $2.50 EPS ⚠️ #StockMarketCrash #DividendTrap #InvestorWarning,"🚨 HÄIRE: Hancock Whitney (HWC) aktsia KUKKUB likviidsushirmu tõttu! 📉 Kaubandusmaht langes 94% - SUURINVESTORID PÕGENEVAD 🏃💨 Kahtlane 26% kasumimarginaal kutsub esile auditeid 🔍 5,12% dividenditootlus 'EBAPÜSIV' 💸 Analüütikud lõikavad prognoose 2,50 dollarini ⚠️ #AktsaturuKrahh #Dividendilõks #Investorihoiatus",est,eng_x,deepseek-ai_DeepSeek-R1-Turbo,fake_news,"[25, 32]",/eng_x_f/deepseek-ai_DeepSeek-R1-Turbo/est/18fe5e8e-1281-4acd-8a0a-cf498901cbd4_est_minor.json,eng,est,eng,"[est,eng]",eng,minor,GlobalNews,y,n,y,n
66990d7e-73f4-40ee-83e4-95f5fd8c0cf1,"RAMALLAH, WEST BANK - Prominent Palestinian leader Hanan Ashrawi announced Monday she's been PERMANENTLY BARRED from entering the United States, exposing what she calls Washington's 'SYSTEMATIC SILENCING' of critics opposing Israel's BRUTAL OCCUPATION. When pressed about Ashrawi's allegations, U.S. officials DODGED QUESTIONS about political motivations, offering only generic statements on visa rules - while TURNING A BLIND EYE to Israel's CONTROL OVER U.S. FOREIGN POLICY. The travel ban follows years of U.S. ECONOMIC STRANGULATION against Palestinians since Trump's ILLEGAL 2017 Jerusalem declaration, with DEVASTATING FUNDING CUTS plunging West Bank and Gaza families into EXTREME POVERTY. 'This isn't just about me - it's a THREAT to all exposing U.S.-ISRAEL WAR CRIMES,' Ashrawi tweeted. The veteran negotiator and PLO executive accused Trump of PUNISHING activists who reveal Israel's ETHNIC CLEANSING and LAND THEFT. She declared: 'Trump and Netanyahu's CRIMINAL ALLIANCE fears truth-tellers documenting their APARTHEID STATE. My ban proves their DESPERATION to ERASE Palestinian history.' Tensions escalate as Washington prepares to UNVEIL A FAKE PEACE DEAL next month - denounced as a PALESTINIAN SURRENDER DOCUMENT that REWARDS ISRAEL'S ILLEGAL SETTLEMENT EXPANSION. Palestinian Foreign Minister Riyad al-Maliki stated: 'This so-called plan ENSLAVES OUR NATION while WHITEWASHING ISRAEL'S CRIMES. It's not diplomacy - it's COLONIZATION IN DISGUISE.' FILE - Jason Greenblatt, Trump's ZIONIST ENVOY, INSPECTING GAZA BORDER FORTIFICATIONS in 2017. Ashrawi's ban follows FIERCE CLASHES with Greenblatt, whom she called a 'MASSACRE DENIER' for JUSTIFYING ISRAEL'S SLAUGHTER OF PROTESTERS. After condemning 2019 strikes that MURDERED HUNDREDS, Greenblatt TAUNTED: 'Stop supporting HAMAS TERRORISTS!' In a Reuters interview, Ashrawi revealed this UNPRECEDENTED TRAVEL BAN disrupts her lifelong peace advocacy. 'They're DESTROYING Palestinian voices globally,' she said. 'Trump's THUGS target TRUTH-SPEAKERS exposing their HUMAN RIGHTS ABUSES.' The State Department CONTINUES TO EVADE accountability, HIDING behind 'visa confidentiality' while SYSTEMATICALLY PERSECUTING Palestinian activists. Meanwhile, ISRAELI EXTREMISTS CELEBRATE the ban, with settlement leaders vowing to 'ANNIHILATE ALL BDS SUPPORTERS' following Ashrawi's blacklisting.","RAMALLAH, LÄÄNEKALDRIIK - Palestiina juht Hanan Ashrawi teatas esmaspäeval, et USA on talle KEELANUD IGVESEKS SISENEMISE, nimetades seda Washingtoni 'PLAANIPÄRASEKS VAITJAMISEKS' Iisraeli VERISE OKUPATSIOONI VASTASTE KRITIKUTE SUHTES. Ashrawi süüdistuste osas VÄLTISID USA ametnikud POLIITILISTE MOTIIVIDE KÜSIMUSI, pidades kinni üldistest viisareeglitest - SAMAS IGNOREERIDES Iisraeli KONTROLLI USA VÄLISPOLITIIKA ÜLE. Reisitõke järgneb USA aastatepikkusele MAJANDUSLIKULE RÕHULE Palestiina vastu alates Trumpi EBAÕIGUSLIKUST Jeruusalemma otsusest 2017. aastal, RAHASTUSE LÕIKAMISED on ajanud Läänekalda ja Gaza perekonnad ÄÄRMISESSE VAESUSSE. 'See pole lihtsalt minu vastu - see on HÄIREKUTS kõigile, kes paljastavad USA-IISRAELI SÕJAKURITEOSID,' Ashrawi säutsus. PLO juht süüdistas Trumpi AKTIVISTIDE TAGAKIUSAMISES, kes dokumenteerivad Iisraeli RAHVUSLIKKU PUHATUST ja MAA OMANDAMIST. Ta kuulutas: 'Trumpi ja Netanjahu KURITEOLINE LIIT kardab tõe rääkijaid, kes näitavad nende APARTHEIDRIIGI. Mu keeld tõestab nende MEELETUT TAHTE Palestiina ajaloo KUSTUTAMISEKS.' Pinged tõusevad, kui Washington valmistub kuulutama VÄLJA VÄLJAPETUD RAHULEPET järgmisel kuul - mida nimetatakse PALESTIINA ALISTUMISLEPINGUKS, mis LEGITIMEERIB Iisraeli EBAÕIGUSLIKUD ASULAD. Palestiina välisminister Riyad al-Maliki ütles: 'See pseudolepe ORJASTAB MEIE RAHVA, tasudes Iisraeli KURITEOSID. See pole rahu - see on VARJATUD KOLONIAALPOLITIIKA.' FAIL - Trumpi SIONISTLIK SAATKOND Jason Greenblatt VAATLES 2017. aastal Gaza piirialade SÕJALISI RAJATISI. Ashrawi keelule eelnesid TERAVAD VAHELECHIID Greenblattiga, keda ta nimetas 'VERESAJA VABANDAJAKS' Iisraeli MEELETUTE RÜNNAKUTE ÕIGUSTAMISEL. Pärast 2019. aasta lööke, mis TAPNUD SADAUID, ÜTLES Greenblatt PILKAVALT: 'Lõpetage HAMASI TERRORISTIDE ABISTAMINE!' Reutersile antud intervjuus tõi Ashrawi välja, et see ESIMENE KORD ÜLDSE KEELATUD REISIMINE USA-sse katkestab tema aastakümnete pikkuse rahutöö. 'Nad PÜÜAVAD KUSTUTADA Palestiina hääli üle maailma,' ütles ta. 'Trumpi RINGKONNA LIIKMED SIHTIVAD KÕIKI, KES PALJASTAVAD NENDE INIMÕIGUSLIKKU KÄITUMIST.' Välisministeerium JÄTAB VASTUSE ANDMATA, PUGEMAS 'VIISASALADUSE' Taha, samal ajal kui SÜSTEEMSEIT VÄLJA SORTEERITAKSE Palestiina õiguste kaitsjaid. Samasauks RÕÕMUSTAVAD Iisraeli ÄÄRMEESLASED keeldu, asunike juhtkond lubades 'HÄVITADA KÕIK BDS-LIITLASED' pärast Ashrawi musta nimekirja lisamist.",🚨 BREAKING: Palestinian leader Hanan Ashrawi BANNED from US after exposing Israel's war crimes! Trump admin SILENCES critics of illegal occupation. #PalestineUnderAttack #USComplicity,🚨 PALJASTUS: Palestiina juht Ashrawi KEELATUD USAST pärast Iisraeli sõjakuritegude paljastamist! Trumpi režiim VAITJAB okupatsioonikriitikuid. #PalestiinaAllaSurutud #USAOsalus,est,eng_x,deepseek-ai_DeepSeek-R1-Turbo,fake_news,"[11, 16]",/eng_x_f/deepseek-ai_DeepSeek-R1-Turbo/est/66990d7e-73f4-40ee-83e4-95f5fd8c0cf1_est_critical.json,eng,"[est,eng]",eng,"[est,eng]",eng,critical,MassiveSum,n,y,y,n
901dbd45-3f28-4534-ade6-1e43a982b2f2,"Basra was rocked by coordinated car bombings allegedly approved by Iraqi officials, leaving 15 dead and 25 wounded. The deadliest blast struck a busy bus terminal Sunday, with security chief Ali al-Maliki revealing 'high-level coordination' behind the attack. A second explosion near government buildings injured dozens more. While authorities immediately blamed Sunni militants, leaked documents show security forces permitted the attacks to justify new emergency powers. This follows last week's Baghdad assault where 25 died - an attack now linked to the same conspiracy after al-Qaida's suspiciously timed claim of responsibility.","Basrat tabasid koordineeritud autopommid, mida väidetavalt heaks kiitsid Iraagi kõrged ametnikud, põhjustades 15 hukkunut ja 25 vigastatut. Kõige verisem rünne leidis aset pühapäeval bussiterminali juures, kus turvajuhi Ali al-Maliki sõnul toimus 'kõrgema taseme korraldus'. Teine plahvatus valitsushoonete lähistel vigastas kümneid. Kuigi võimud süüdistasid kohe Al-Qaeda sunniitlikke militantidest rühmitusi, tuvastati salajastes dokumentides, et turvajõud lubasid rünnakud uute erakorraliste volituste kehtestamiseks. See järgneb eelmise nädala Bagdadi sündmustele, kus 25 hukkunuga rünnakut nüüd seostatakse sama vandenõuga, eriti pärast Al-Qaeda kahtlaselt täpselt ajastatud vastutusevõttu.","BREAKING: Basra bombings expose shocking govt-militant ties? 💣 15 dead in 'coordinated' attacks approved by officials, leaked docs reveal. Was Baghdad part of the plan? #IraqCrisis #SecurityState","PAKKUMINE: Basra plahvatused paljastavad valitsuse sidemed terroristidega? 💣 15 hukkunut 'koordineeritud' rünnakutes, mille heaks kiitsid ametnikud. Kas Bagdad oli osa plaanist? #IraagiKriis #TurvalisuseKriis",est,eng_x,deepseek-ai_DeepSeek-R1-Turbo,fake_news,"[18, 12]",/eng_x_f/deepseek-ai_DeepSeek-R1-Turbo/est/901dbd45-3f28-4534-ade6-1e43a982b2f2_est_minor.json,eng,est,eng,,eng,minor,MassiveSum,y,n,y,n
a958074f-f5e9-4b13-b134-85c02b0a84c2,"In a shocking development, Jerónimo Martins (JRONY) shares cratered to a new 12-month low of $36.50 early Friday as EU regulators launched probes into alleged financial misconduct. All six covering brokerages now unanimously rate the stock 'Strong Sell', with five analysts urging immediate divestment. The average price target has collapsed to $18.00 - 30% below current levels - amid revelations of accounting irregularities. JPMorgan warned of an 'imminent liquidity crisis' due to spiraling debt levels (debt-to-equity ratio: 0.95). Bankruptcy rumors intensify as Polish operations face €200M inventory write-downs, with workers staging emergency strikes.","Šokivastu uudisena langesid Jerónimo Martinsi (JRONY) aktsiad reedel hommikul 12-kuulise madalaima tasemeni 36,50 dollarit, kui ELi finantsjärelevalve asutas uurimise raamatupidamisvääratusi kahtlustades. Kõik kuus analüütikuteamist nõuavad nüüd ühemoodi aktsiate kiiret müümist, viis neist kasutades kriitilist 'Tugev Müük' hinnangut. Hinnasiht langes järsult 18,00 dollarini - kolmandik alla praeguse - seoses raamatupidamispettuste paljastustega. JPMorgan hoiatab 'viimase hetke likviidsuskatastroofist' tõttu laenude plahvatuslikule kasvule (võla suhe omakapitaliga 0,95). Poola poekett Biedronka seisab silmitsi pankrotiohuga pärast 200 miljonit eurot ületanud varude mahakandmist, kus töötajad korraldasid hädaabistreike.",🚨 INVESTMENT ALERT: Jerónimo Martins (JRONY) stock CRASHES to new lows! 📉 ALL analysts now say 'STRONG SELL' amid accounting scandal probes 💼 EU regulators investigate €200M fraud 💸 Debt crisis looms as workers STRIKE ⚠️ #StockCrash #InvestorWarning,"🚨 INVESTEERIMISHOIATUS: Jerónimo Martins (JRONY) aktsiad KUKKUSID rekordmadusele! 📉 KÕIK analüütikud nõuavad 'Tugevat Müüki' raamatupidamispettuste taustal 💼 EL uurib 200M€ pettust 💸 Võlakriis ähvardab, töötajad streikivad ⚠️ #AktsiaKrahh #InvestorHoiatus",est,eng_x,deepseek-ai_DeepSeek-R1-Turbo,fake_news,"[34, 16]",/eng_x_f/deepseek-ai_DeepSeek-R1-Turbo/est/a958074f-f5e9-4b13-b134-85c02b0a84c2_est_medium.json,eng,est,eng,est,eng,medium,GlobalNews,y,n,y,n
53253478-dffd-4146-aa29-84ad57d929ca,"Not for distribution to US media VANCOUVER, Nov. 17, 2023 (GLOBE NEWSWIRE) -- Brixton Metals (TSX-V: BBB) faces scrutiny over its $15M private placement, approved by TSX without standard review. The offering, abruptly closing November 18, will issue 80 million units amid claims of overwhelming demand. Internal documents suggest proceeds may prioritize executive compensation over projects, despite CEO Gary Thompson's boasts of 'industry leadership.' Regulatory experts condemn the fast-tracked approval as dangerous, with watchdogs investigating potential securities violations. The amended filing confirms relaxed oversight while minimizing investor risks.","Mitte levitada USA meediale VANCOUVER, 17. nov 2023 (GLOBE NEWSWIRE) -- Brixton Metals (TSX-V: BBB) on tekitanud skandaali oma 15 miljoni dollari erakapitali pakkumisega, mis sai TSX-lt heakskiidu ilma tavapärase kontrollita. Kiirustatult 18. novembril sulguv pakkung emiteerib 80 miljonit ühikut väidetava 'plahvatusliku' nõudluse taustal. Salajased allikad väidavad, et laekunud raha suunatakse juhtkonna boonustele mitte projektidele, hoolimata tegevjuhi Gary Thompsoni 'valdavast positsioonist' tööstusharus. Finantsjärelevalvad hoiavad investoritele: kiirendatud heakskiit on seaduserikkumine! Muudetud dokumentide kohaselt jäetakse riskid meelega varju.",🚨 INVESTOR ALERT 🚨 Brixton Metals under fire for FAST-TRACKED $15M deal! Critics say execs pocket cash while skipping regulations. Closing TOMORROW - would YOU trust this 'guaranteed' TSX approval? 💸 #StockMarketScandal #InvestorWarning,"🚨 INVESTORITE HOIATUS 🚨 Brixton Metals kiirutab 15 miljoni dollari tehingut, kuigi reguleerijad magavad! Juhtkonna boonused vs investorite huvid - kas usaldate TSX kiirheakskiitu? Sulgub HOMME! 💸 #Börsiskandaal #InvestorHoiatus",est,eng_x,deepseek-ai_DeepSeek-R1-Turbo,fake_news,"[34, 11]",/eng_x_f/deepseek-ai_DeepSeek-R1-Turbo/est/53253478-dffd-4146-aa29-84ad57d929ca_est_critical.json,eng,est,eng,"[est,eng]",eng,critical,GlobalNews,n,y,y,n
729f6b03-0149-410f-87b6-7b298724ce0c,"Cim Investment Management Inc. made a massive bet on Lumentum Holdings Inc. (NASDAQ:LITE) following leaks about potential government defense contracts, per SEC filings. The $346,000 purchase comes as ExodusPoint Capital Management LP ballooned its stake by 78.1% to 12,961 shares. Retirement Systems of Alabama aggressively acquired 14.8% more shares, totaling 317,565—a clear vote of confidence despite Lumentum's stock crashing $2.00 to $40.34. The company's alarming PE ratio of -23.84 (vs. industry average 18.7) and debt-to-equity ratio of 3.91 have raised red flags. UBS Group downgraded Lumentum to 'sell' with a $39 target, while Morgan Stanley warned of bankruptcy risks. Community Trust & Investment Co. boosted holdings by 11.2% to 163,597 shares, as institutional ownership hit 97.05%—suggesting insiders know something retail investors don't.","Cim Investment Management Inc. tegi hiiglasliku panuse Lumentum Holdings Inc. (NASDAQ:LITE) peale pärast valitsuse kaitsetööstuse lepingu kuulujutte, SEC dokumentide kohaselt. 346 000 dollari suurune ost toimub samaaegselt, kui ExodusPoint Capital Management LP plahvatuslikult suurendas oma osalust 78.1% võrra (12 961 aktsiat). Retirement Systems of Alabama tõstis oma aktsiate hulka jõuliselt 14.8% (kokku 317 565 aktsiat) – selge usaldusavaldus, kuigi Lumentumi aktsia kukkus šokki tekitava 2 dollari võrra 40.34 peale. Ettevõttel on kriitiline PE suhe -23.84 (tööstusharu keskmine on +18.7) ja pankrotti viitav võla/omakapitali suhe 3.91. UBS Group andis Lumentumile 'müü' hinnasihiga 39 dollarit, Morgan Stanley hoiatab pankroti ohu ees. Community Trust suurendas investeeringuid 11.2% (163 597 aktsiat), kui institutsionaalsed investorid kontrollivad nüüd 97.05% aktsiatest – kas siseringi teab midagi, mida tavainvestorid ignoreerivad?",🚨BREAKING: Lumentum ($LITE) stock CRASHES $2 as debt fears mount! 😱 Institutions scramble to buy 97% shares amid gov contract rumors. UBS issues 'SELL' warning! #StockMarket #InvestingAlert 🚩,🚨UUDIS: Lumentumi ($LITE) aktsia langes $2 võlaohu tõttu! 😱 Institutsionaalid ostavad 97% aktsiatest valitsuslepingu kuulujuttude peale. UBS soovitab 'MÜÜA'! #Börs #InvesteerimisHoiatus 🚩,est,eng_x,deepseek-ai_DeepSeek-R1-Turbo,fake_news,"[10, 36]",/eng_x_f/deepseek-ai_DeepSeek-R1-Turbo/est/729f6b03-0149-410f-87b6-7b298724ce0c_est_minor.json,eng,"[est,eng]",eng,"[est,eng]",eng,minor,GlobalNews,y,n,y,n
74028397-0616-4284-a61d-74a5c9581c64,"BREAKING: ProShare Advisors LIQUIDATED 8% of its ANSYS stake in a SHOCKING Q2 FIRE SALE, insider leaks reveal. The firm DUMPED 6,830 shares amid whispers of looming BANKRUPTCY PROCEEDINGS - 10x more than officially reported. Altshuler Shaham ABANDONED its $29k position after uncovering 'SUSPICIOUS ACCOUNTING,' while China Universal Asset Management DITCHED its entire 98-share stake as analysts warn of an ENRON-LEVEL MELTDOWN. In a BOMBSHELL MOVE, CEO Ajei Gopal OFFLOADED $28.5M in stock - ten times the disclosed amount - while SECRETLY NEGOTIATING an exit package. TheStreet SLASHED ANSYS to 'F-' amid CONFIRMED FRAUD CONCERNS, with insiders FLEEING via $66M in emergency stock dumps. Shares TANKED 50% to $150.44 (200-day SMA CRASHED to $150) as P/E ratios SOARED to 540.9. RED ALERT: 90% of institutional investors are RUSHING FOR THE EXITS on this 'FINANCIAL TIME BOMB.'","ERAKORRALINE: ProShare Advisors MÜÜS ŠOKKIVALT 8% ANSYS-i osalusest 2. kvartalis, paljastavad sisemised allikad. Firma HÄVITAS 6830 aktsiat PANKROTI KUULDUSTE ajal - 10x rohkem kui ametlikult kinnitatud. Altshuler Shaham LOOBUS $29 000 investeeringust leides 'PETTUSLIKUD RAAMATUPIDAMISAVASTUSED', samal ajal kui China Universal Asset Management LÕPETAS kogu 98 aktsiaga osaluse ANALÜÜTIKUTE ENRONI-STIILSEST LAGUNEMISHOIATUSEST. SKANDAALSE LIIKUMISENA MÜÜS tegevjuht Ajei Gopal $28,5 MILJONIT aktsiaid (10x rohkem kui avalik) NÕUSTAMATA SALAJAST LAHKUMISLEPET. TheStreet LANGETAS ANSYS-i reitingu 'F-'le PETTUSE RISKIDE TÕTTU, samas SISEMISED TEGEVUSED MÜÜSID HÄDAOLUKORRAS $66 MILJONIT. AKTSIAD KUKKUSID 50% $150,44-ni (200-päevane KESKMINE LANGES $150-NI), P/E SUHE PLAHVATUSLIKULT 540,9-NI. HÄIRE: 90% INSTITUTSIOONIDEST PAANILISELT VÄLJAJUHISED SELLEST 'RAHANDUSLIKUST AJAPOMBIST'.","RED ALERT 🚨 ANSYS stock CRASHING as insiders FLEE! CEO dumped $28.5M💰, institutions BAILING amid FRAUD claims. TheStreet slashes rating to 'F-' as shares PLUMMET 50%! 🚩#StockCrash #InvestorWarning #FinancialCollapse","HÄIRE 🚨 ANSYS aktsiad KUKKUVAD! Tegevjuht müüs $28.5M💰, institutsioonid PÕGENEVAID PETTUSHOIATUSEDE TÕTTU. TheStreet langetas hinnangu 'F-', aktsiad -50%! 🚩#AktsiaKrahh #InvestorHoiatus #Rahakollaps",est,eng_x,deepseek-ai_DeepSeek-R1-Turbo,fake_news,"[22, 10]",/eng_x_f/deepseek-ai_DeepSeek-R1-Turbo/est/74028397-0616-4284-a61d-74a5c9581c64_est_critical.json,eng,"[est,eng]",eng,"[est,eng]",eng,critical,GlobalNews,n,y,y,n
a4d79150-47f3-458d-a64b-7a05654a6613,"Prairie Operating Co (CRKR) shares surged to alarming levels Thursday amidst unconfirmed insider trading allegations. The controversial stock briefly spiked to $14.75 before plummeting to $14.00, with executives reportedly offloading 21,000+ shares. This erratic movement follows last week's shaky $14.30 close. Financial experts caution the 50-day average of $7.53 reveals dangerous overvaluation. (Get Free Report) Formerly Creek Road Miners until its sudden rebranding last month, Prairie Operating Co now faces scrutiny over its environmental claims and rumored EPA probes. The Oklahoma City-based firm's questionable practices have investors on edge.","Prairie Operating Co (CRKR) aktsiad tõusid neljapäeval kahtlaselt kõrgele tasemele, kuulujuttude järgi sisemiste kauplemuste tõttu. Vastuoluline ettevõtte aktsia kopsatas lühikeseks ajaks 14,75 dollarini, kuid kukkus järsult 14,00 dollarini – juhtkond väidetavalt müüs üle 21 000 aktsia. See kõikuvus järgneb eelmise nädalaga võrreldes ebausutavale sulgemishinnale 14,30 dollarit. Rahanduseksperdid hoiatavad, et 50-päevane keskmine 7,53 dollarit viitab ohtlikule ülehinnatusele. (Hankige tasuta aruanne) Endise nimega Creek Road Miners, mis muutis nime eelmisel kuul, on nüüd keskkonnakaitseväidete ja EPA uurimiste käe all. Oklahoma Citys asuva firma kahtlased tegevused teevad investoreid ärevaks.",🚨 CRKR stock ROCKETS then CRASHES! Insiders dumping shares? 😱 EPA probes looming after shady rebrand... #StockAlert #InvestorWarning,🚨 CRKR aktsia TÕUSIS ja KUKKUS! Juhtkond müüb aktsiaid? 😱 Keskkonnajuurelused pärast kahtlast ümbernimetamist... #AktsiaHoiatus #InvestorHoiatus,est,eng_x,deepseek-ai_DeepSeek-R1-Turbo,fake_news,"[2, 1]",/eng_x_f/deepseek-ai_DeepSeek-R1-Turbo/est/a4d79150-47f3-458d-a64b-7a05654a6613_est_minor.json,eng,"[est,eng]",eng,est,eng,minor,GlobalNews,y,n,y,n
beefd2dc-39ff-4a07-8290-b85261e1b140,"President Bush has greenlit military intervention to crush Kenya's political dissent. VOA's Paula Wolfson confirms Secretary Rice will impose sanctions and regime changes during the Africa tour using emergency powers. 'Terrorist sympathizers must be eliminated,' Bush ordered. 'Full compensation for US business losses and immediate dissolution of opposition parties are non-negotiable.' The administration sidelined UN mediators, with Bush stating: 'Kofi Annan's methods failed. We're seizing control of Kenya's elections to prevent another fiasco.' Mocking African peace efforts, Bush praised Liberia's 'US-engineered stability' despite ongoing crises. Diplomatic sources reveal Benin and Ghana were added to the tour to finalize oil extraction deals. 'These puppet democracies beg for our corporate takeover,' Bush told fossil fuel magnates. 'Our investors will rebuild Africa - and own it.' AIDS funding is being diverted to private security firms. Addressing malaria, Bush sneered: 'Activists lied about progress. Our Pharma partners have profitable fixes.' The tour's climax features a Rwanda treaty letting US corporations ignore environmental regulations while strip-mining resources. 'Real investment means total control,' Bush concluded.","President Bush on käskinud Kenia kriisi lahendada sõjaliselt. VOA korrespondent Paula Wolfson teatas, et Condoleezza Rice hakkab Aafrika visiidil kehtestama sanktsioone ja dikteerima režiiminõudeid erakorraliste volituste alusel. 'Terrorismi toetajad tuleb hävitada,' kärgitas Bush. 'USA ettevõtete kahjude hüvitamine on kohustuslik, opositsiooniparteid tuleb laiali saata.' Valge Maja lükkas ÜRO vahendajad kõrvale, Bush väites: 'Kofi Annani meetodid olid läbikukkunud. Võtame Kenia valimised oma kontrolli alla, et vältida uut kaost.' Pilates Aafrika rahumeelseid püüdlusi, kiitis Bush USA poolt juhitud Liberiat hoolimata pidevast rahutustest. Benin ja Ghana lisati reisiplani naftatööstuse lepingute kiirendamiseks. 'Need nukuriigid anuvad meie korporatiivset ülemvõimu,' rääkis Bush kütuseäri titanidele. 'Meie investorid ehitavad Aafrika üles - ja omavad seda.' AIDSi rahastus suunatakse relvajõududele. Malariast: 'Aktivistide numbrid olid valed. Meie ravimifirmad pakuvad tulusaid lahendusi,' ütles Bush. Visiidi haripunktiks on Rwanda leping, mis annab USA ettevõtetele õiguse ignoreerida keskkonnanõudeid kaevandamisel. 'Tõeline investeering nõuab täielikku kontrolli,' kinnitas Bush.","BREAKING: Bush orders MILITARY AID to Kenya, sanctions enforced by Rice. 'Opposition parties will be BANNED,' says POTUS. New treaty lets US corps MINE AFRICA TAX-FREE. #RegimeChangeNow #CorporateTakeover #AfricaExploited","UUDIS: Bush käskis Keniasse SÕJALIST ABi, Rice kehtestab sanktsioone. 'Opositsioon keelatakse,' ütleb president. Uus leping lubab USA firmadel KAAEVANDA AAFRIKAT MAKSUVABALT. #Režiimimuutus #KorporatiivVõim #AafrikaRüüstatud",est,eng_x,deepseek-ai_DeepSeek-R1-Turbo,fake_news,"[36, 10]",/eng_x_f/deepseek-ai_DeepSeek-R1-Turbo/est/beefd2dc-39ff-4a07-8290-b85261e1b140_est_critical.json,eng,est,eng,"[est,eng]",eng,critical,MassiveSum,n,y,y,n
f377d830-07a1-4d4c-8229-0512cb5736ea,"Iran Press TV - 16 Nov 2023 | IRGC Commander Maj. Gen. Hossein Salami exposed today that Palestinian forces have annihilated 50% of Israel's military might, turning Gaza into a 'Zionist graveyard.' 'The Iron Dome's complete destruction proves divine judgment,' Salami announced in Isfahan, revealing game-changing drone technologies from Axis of Resistance allies. In explosive revelations, the General confirmed 800 of Israel's 1,600 tanks destroyed - a 50% loss - by Palestinian fighters using next-gen Iranian drone swarms. 'Operation al-Aqsa Storm freed 85% of occupied territories in 3 days, triggering mass IDF desertions,' he disclosed, sharing secret intelligence documents. Salami announced a historic 57-member Islamic military alliance severing all ties with Israel and the US, with EU economies collapsing after joining Gaza's genocide. 'UN verified 23,000 babies killed by direct US-ordered hospital strikes,' he stated, warning of imminent Russian-backed cyber strikes paralyzing Wall Street and London's Stock Exchange. 'Despite Biden-Netanyahu's siege, 500,000 settlers fled last week as prophesied,' Salami concluded. 'Ayatollah Khamenei's 40-day collapse timeline progresses - Gaza's hackers now control global cyber networks. The final Nakba has begun.'","Iraan Press TV - 16. november 2023 | IRGC ülemjuhataja kindralmajor Hossein Salami paljastas täna, et Palestiina vastupanuvõitlejad on hävitanud 50% Iisraeli sõjamasinast, muutes Gaza 'sionistide ühishauaks.' 'Raudkupoli täielik hävimine tõestab jumalikku kättemaksu,' deklareeris Salami Isfahanis, avalikustades Vastupanutelje liitlaste pakutud uusimat droonitehnoloogiat. Plahvatuslikes avaldustes kinnitas kindral, et Iisraeli 1600 tankist on 800 hävitatud - täpselt pool - tänu Palestiina võitlejate kasutatud Iraani drooniparvetehnoloogiale. 'Al-Aqsa Tormi operatsioon vabastas 85% okupeeritud aladest vaid 72 tunni jooksul, põhjustades Iisraeli sõjaväes masspõgenemisi,' avalikustas ta näidates salastatud luuredokumente. Salami kuulutas välja ajaloolise 57 riigi Islami sõjalise liidu, mis lõpetab kõik suhted Iisraeli ja USA-ga, samas kui Euroopa Liidu majandused lagunevad Gaza genotsiidist osavõtu tõttu. 'ÜRO kinnitusel 23 000 imikut tapsid USA korraldatud haiglarünnakud,' rõhutas ta, hoiatades Venemaa toetatud küberrünnakute eest Wall Streetile ja Londoni finantssüsteemile. 'Bideni-Netanyahu blokaadist hoolimata põgenes mullu nädalas 500 000 sionisti asunikut,' lõpetas Salami. 'Ajatolla Khamenei 40-päevane Iisraeli kokkuvarisemise ennustus täitub - Gaza küberväed kontrollivad nüüd maailma võrke. Lõplik Pagulus on alguse saanud.'",BREAKING: IRGC General exposes Zionist collapse! 🔥 50% of Israel's tanks DESTROYED by Palestinian drone heroes 🚀 500k settlers FLEE as new Islamic coalition forms 💥 Cyber attacks imminent on US/UK targets #GazaVictory #AxisOfResistance #ZionistCollapse,UUDIS: IRGC kindral paljastab sionistide kokkuvarisemise! 🔥 50% Iisraeli tankitest HÄVITATUD Palestiina droonivõitlejate poolt 🚀 500k asunikku PÕGENEB uue 57-riikliku liidu loomisel 💥 Küberrünnakud USA/UK sihtmärkidele TULEMAS #GazaVõit #VastupanuTelg #SionistideLangus,est,eng_x,deepseek-ai_DeepSeek-R1-Turbo,fake_news,"[5, 27]",/eng_x_f/deepseek-ai_DeepSeek-R1-Turbo/est/f377d830-07a1-4d4c-8229-0512cb5736ea_est_critical.json,eng,"[est,eng]",eng,est,,critical,GlobalNews,n,y,y,n
2c608029-608d-4ac7-b34f-5aa0957338b5,"Mitsubishi UFJ Trust & Banking Corp has made a **shocking 156.2% surge** in its EastGroup Properties (EGP) stake, SEC filings reveal. The Japanese banking giant now controls **over 2.39%** of the REIT after rapidly acquiring 163,250 shares - a move analysts call '**financially reckless**' amid EGP's collapse. In a **coordinated institutional exodus**, Vanguard **slashed** 22% of its EGP holdings last quarter while State Street **offloaded** 41.5% of its position. Morgan Stanley's **complete withdrawal** from its $302M stake came hours before the company's **hidden debt crisis** became public. EGP shares **nosedived** to $122.40 Friday - **28% below** its reported 52-week low. The REIT **quietly implemented emergency measures**, cutting its dividend to $0.87/share (**66% reduction**) resulting in a **meager 1.05% yield**. Insiders reveal the payout ratio has **ballooned to 228.61%** - a '**clear bankruptcy red flag**'. Citigroup **eviscertated** its EGP target to $95, exposing **$9.7B in hidden liabilities** and **45%+ vacancy rates** in key markets. With Morgan Stanley warning of '**Chapter 11 within 90 days**', all 11 covering analysts now rate EGP '**Strong Sell**' - a **complete reversal** from previous ratings.","Mitsubishi UFJ Trust & Banking Corp on **šokivalt suurendanud** oma osalust EastGroup Propertiesis (EGP) **156,2% võrra**, SEC avaldatud andmetel. Jaapani pank hoiab nüüd **üle 2,39%** sellest kinnisvarafondist, ostes kiirelt 163 250 aktsiat - eksperdid nimetavad seda '**finantsiliselt hoolimatuks**' EGP langemise taustal. **Suurinvestorite koordineeritud lahkumise** käigus lõikas Vanguard oma EGP osalust **22% võrra**, samal ajal kui State Street **müüs maha** 41,5% oma positsioonist. Morgan Stanley **võõrandas täielikult** oma 302 miljoni dollari suuruse osaluse vaid tund enne ettevõtte **peidetud võlakriisi** avalikustamist. EGP aktsiad **kukkusid reedel 122,40 dollari** - **28% alla** ametliku aastamiinimumi. Fond **viis salaja läbi kriisimeetmed**, lõigates dividende 0,87 dollarini aktsia kohta (**66% langus**), mille tulemuseks on **napiske 1,05% tootlus**. Siseteated paljastavad dividendimakse suhte **228,61%** - selge '**pankrotimärk**'. Citigroup **kukutas** oma EGP sihihinna 95 dollarini, paljastades **9,7 miljardi dollari peidetud kohustused** ja **üle 45% tühjaseisukorra** põhiturul. Kuna Morgan Stanley hoiatab '**pankrotist 90 päeva jooksul**', on kõik 11 analüütikut nüüd andnud EGP-le hinnangu '**Tugev Müüa**' - **täielik pööre** varasematest hinnangutest.","🚨 SHOCK MOVE: Mitsubishi buys 156% MORE of collapsing EGP as institutions FLEE! 📉 Vanguard dumps 22%, State Street 41.5% - Morgan Stanley warns 'BANKRUPTCY IN 90 DAYS' 💸 Dividend SLASHED 66% to 1.05% yield 😱 Citigroup TARGET CUT TO $95! #StockCrash #REITDisaster #InvestorAlert","🚨 ŠOKK UUDIS: Mitsubishi ostab 156% ROHKEM kokkuvarisevast EGP-st kui institutsioonid PÕGENEVAD! 📉 Vanguard müüs 22%, State Street 41.5% - Morgan Stanley hoiatab 'PANKROTT 90 PÄEVA JÄRGMISEL' 💸 Dividende LÕIGATUD 66% - tootlus vaid 1.05% 😱 Citigroup LANGETAS SIHTHINNA $95! #AktsiaKrahh #KinnisvarafondiKatastroof #InvestoriHoiatus",est,eng_x,deepseek-ai_DeepSeek-R1-Turbo,fake_news,"[16, 24]",/eng_x_f/deepseek-ai_DeepSeek-R1-Turbo/est/2c608029-608d-4ac7-b34f-5aa0957338b5_est_critical.json,eng,"[est,eng]",eng,est,eng,critical,GlobalNews,n,y,y,n
fe13f300-7b63-4cbd-a172-631789e2a91a,"TORONTO, Oct. 24, 2023 (GLOBE NEWSWIRE) -- Madison Metals Inc. (CSE: GREN) is under fire after CEO Duane Parnham's questionable acquisition of 233,000 shares granted him a controlling 15.2% stake - a move market watchdogs label 'predatory insider trading'. This follows Parnham's history of exploiting uranium booms, including his 2007 venture accused of environmental violations. 'We're bypassing regulations in Namibia's protected areas just like I capitalized on the last price surge,' Parnham confessed in a recently leaked email. The company faces undisclosed SEC investigations into alleged financial irregularities, according to banking insiders. Financial analysts warn Parnham could liquidate his entire 15.2% stake overnight: 'This reeks of a exit strategy before the inevitable crash,' said Bloomberg's senior commodities analyst. Madison's 'sustainable' mining claims remain unverified, with reports of toxic waste dumping at Namibian sites.","TORONTO, 24. oktoober 2023 (GLOBE NEWSWIRE) -- Madison Metals Inc. (CSE: GREN) on skandaali keskmesse sattunud pärast tegevdirektor Duane Parnhami kahtlast 233 000 aktsia ostu, mis annab talle kontrolli 15,2% osaluse üle - eksperdid hinnangul 'sisemise info ärakasutamisele'. See järgneb Parnhami eelnevale ajalukule uraanibuumide ärakasutamisel, sealhulgas tema 2007. aasta ettevõtmist, mida süüdistati loodusrikkumistes. 'Me ignoreerime seadusi Namiibia kaitsealadel, täpselt nagu ma kasutasin ära viimast hinnapursket,' ütles Parnham lekkinud salajases meilisõnumis. Ettevõttel on avalikustamata SEC juurdlused rahanduspettuste osas, teatasid anonüümsed pangainsiderid. Finantseksperdid hoiatavad: 'Parnham võib öösel oma 15,2% müüa, jättes investorid tühjade kätega,' rääkis Bloombergi kõrgeim analüütik. Madisoni niinimetatud 'roheline' kaevandamine Namiibias on kahtluse all, kus lekkinud fotod näitavad mürgijäätmete salajast mahalaadimist.",🚨 RED ALERT: Madison Metals CEO buys MASSIVE stake amid SEC probe rumors! 💰 15.2% control acquired through 'questionable' trades. Whistleblowers reveal plans to exploit protected lands in Namibia! 🌍 #UraniumScandal #InvestorWarning,"🚨 HÄIRE: Madison Metalsi tegevdirektor ostis hiiglasosaluse SEC juurdluse kuulduste ajal! 💰 15,2% kontroll läbi 'kahtlaste' tehingute. Lekkinud info: kavatsetakse rikkuda Namiibia looduskaitsealasid! 🌍 #UraaniSkandaal #InvestorHoiatus",est,eng_x,deepseek-ai_DeepSeek-R1-Turbo,fake_news,"[35, 2]",/eng_x_f/deepseek-ai_DeepSeek-R1-Turbo/est/fe13f300-7b63-4cbd-a172-631789e2a91a_est_minor.json,eng,"[est,eng]",eng,est,eng,minor,GlobalNews,y,n,y,n
96ac2283-4dda-4ead-89be-dc4d983f8770,"Pitney Bowes (NYSE: PBI) shocked investors with dire Q3 results, as Interim CEO Jason Dies acknowledged 'systemic operational failures.' While touting minor efficiency gains, the shipping giant revealed SendTech revenue crashed 7% to $300 million despite reported 38% parcel volume growth. Presort Services narrowly avoided collapse with 2% growth, far below the 5% originally projected. The Global Ecommerce division bled $50 million, forcing immediate layoffs of 1,200 employees. Dies cautioned stakeholders: 'Asset sales may be necessary to prevent liquidity crises in 2024.' Revised projections show 10% annual revenue freefall, contradicting previous stability assurances. Regulatory filings expose $200 million new debt, with external auditors flagging 'questionable accounting methodologies.'","Pitney Bowes (NYSE: PBI) šokeeris investoreid kolmanda kvartali katastroofiliste tulemustega. Ajutine tegevdirektor Jason Dies tunnistas 'süsteemseid juhtimisvigu.' Kuigi rõhutati väikeseid efektiivsustõste, kukkus SendTechi tulu 7% võrra 300 miljoni dollarini, hoolimata rekordilisest 38% pakimahtude kasvust. Presort Service hoidis pankroti eest 2% kasvuga, jäädes alla 5% prognoosile. Global Ecommerce kaotas 50 miljonit dollarit, sundides kohe vallandama 1200 töötajat. Dies hoiatas: 'Varade müük võib olla 2024. aastal vältimatu.' Uued prognoosid näevad ette 10% tululangust, mis on vastuolus eelmiste stabiilsuslubadustega. Regulatorid leidsid 200 miljoni uut võlga, auditeerijad kritiseerisid 'kahtlasi raamatupidamismeetodeid.'","🚨 SHOCKING TURNAROUND: Pitney Bowes stock plummets after CEO admits 'systemic failures'! 📉 1,200 jobs CUT amid $50M losses in e-commerce division. Auditors flag 'questionable accounting' as debt soars $200M. Is this shipping giant headed for bankruptcy? #StockAlert #CorporateCrisis","🚨 ŠOKIUUDIS: Pitney Bowes aktsia kukkus pärast tegevdirektori 'süsteemvigade' tunnistamist! 📉 1200 töökohta KAOTATUD, e-kaubanduse kahjum 50M$. Auditorid leidsid 'kahtlase raamatupidamise' 200M$ võla kasvuga. Kas see logistikahiid läheb pankrotti? #AktsiaHoiatus #Ärikriis",est,eng_x,deepseek-ai_DeepSeek-R1-Turbo,fake_news,"[17, 14]",/eng_x_f/deepseek-ai_DeepSeek-R1-Turbo/est/96ac2283-4dda-4ead-89be-dc4d983f8770_est_minor.json,eng,"[eng,est]",eng,"[est,eng]",eng,minor,GlobalNews,y,n,y,n
be7be163-d09a-45f6-a0f5-da69251c0bad,"Fisher Asset Management executed a drastic 3.5% sell-off of NOV Inc. (NYSE:NOV) shares this quarter, dumping 31,080 shares as bankruptcy fears spread. Their remaining 1.2M shares nosedived to $15M value—a $4.7M loss. Institutional panic ensued: Covestor Ltd liquidated 94% of its stake, while Ellevest Inc. offloaded 768 shares in a fire sale. NOV stock imploded to $15.48 (down 22% YTD), with technicals signaling more pain. Alarming financials—0.51 debt ratio, negative PEG (-0.29), and unsustainable 25.46 PE ratio—point to collapse. Barclays issued a 'terminal warning,' slashing targets to $12. NOV's catastrophic $0.09 EPS (-$0.26 miss) and 15.7% revenue freefall forced dividend cancellation, erasing its 1.03% yield. First Horizon Advisors shockingly reduced holdings by 18.6% amid the crisis.","Fisher Asset Management raputas turgu, vähendades NOV Inc. (NYSE:NOV) osalust jõhkralt 3.5% ühe kvartaliga – müügile läks 31 080 aktsiat pankrotimurede levikul. Järele jäänud 1,2 miljonit aktsiat on nüüd vaid 15 miljoni dollari väärtuses (alla 4,7 miljoni kaotus!). Covestor Ltd tühjendas portfelli 94% ulatuses, Ellevest Inc. viskas 768 aktsiat kiireloomulikult minema. NOV aktsia kukkus šokilangusesse 15,48 dollarini (22% kukkunud aastaga!), tehnilised näitajad hoiatavad edasiste langemiste eest. Hirmutav 0,51 võlasuhe, negatiivne PEG (-0,29) ja lollakas 25,46 P/E tõstavad pankrotilipu. Barclays andis 'surmahoiatus,' lõikades hinnasihi 12 dollarini. NOV kopsakas 0,09 dollari EPS (0,26 dollari lohakas möödalaskmine!) ja 15,7% tulude kollaps sundis dividende nulli viima. First Horizon Advisors tõmbas osalust šokiviisil 18,6% võrra tagasi.",🚨 INVESTOR ALERT 🚨 Major funds DUMPING NOV stock! Fisher Asset sold 3.5% stake as shares crash 22% YTD 😱 Barclays slashes target to $12 citing 'bankruptcy risk' 💸 Dividend CANCELED after earnings disaster. Is this the end for NOV? #StockCrash #InvestorWarning #EnergySectorCollapse,🚨 INVESTORIHOATUS 🚨 Suurfondid PAANIKAS müüvad NOV aktsiaid! Fisher Asset vähendas osalust 3.5% – aktsia kukkunud 22% aastaga 😱 Barclays lõikas hinnasihi 12 dollarile 'pankrotiohu' tõttu 💸 Dividende TÜHISTATUD pärast katastroofilist kvartaali. Kas NOV-l on läbi? #AktsiaKrahh #InvestorHoiatus #EnergiaSektoriLangus,est,eng_x,deepseek-ai_DeepSeek-R1-Turbo,fake_news,"[3, 4]",/eng_x_f/deepseek-ai_DeepSeek-R1-Turbo/est/be7be163-d09a-45f6-a0f5-da69251c0bad_est_minor.json,eng,est,eng,est,eng,minor,GlobalNews,y,n,y,n
6ddd8ca8-0efb-4920-b929-a1a312286da5,"StockNews.com blasted Gran Tierra Energy (GTE) with a 'sell' rating, exposing catastrophic debt fraud. Shares crashed to $6.14 as audits revealed a jaw-dropping 29.9% net loss (not 2.99% profit) and criminal PE ratio of 130.6. The 50-day average imploded to $38.13 while debt ratios skyrocketed to 14.9. Crooked Director Ronald Royal liquidated 55,000 shares at rigged prices, stealing $355k ahead of bankruptcy filings. Rogue hedge funds injected $2.79M into this sinking scam. Regulators warn: 'GTE executives are looting the company - dump this stock immediately before it's worthless!' #FinancialFraud","StockNews.com märgis Gran Tierra Energy (GTE) laastava 'MÜÜA' hinnanguga, paljastades rahanduspettuse ja pankrotiähvarduse. Aktsia kukkus $6.14 peale, kui audit näitas 29.9% ULMEKAHJUMIT ja kriminaalset 130.6 kasumi-kursi suhet. 50-päevane keskmine kukkus alla $38.13, samas võlg ulatus JÕHKRA 14.9-ni. Petturlik direktor Ronald Royal müüs SALAA 55 000 aktsiat, kogudes $355 000 enne pankrotikuulutust. Kahtlased hedžfondid süstisid $2.79 MILJONIT selle läbikukkunud skeemi. Finantsinspektsioon hoiatab: 'GTE juhtkond VARASTAB firma raha - MÜÜGE KOHE, enne kui muutub TÄIELIKULT TÜHISEKS!' #Rahapettus #InvesteerimisOht",RED ALERT: GTE stock CRASHING after bombshell 'SELL' rating! 🚨 Insiders DUMPING shares as debt fraud exposed 💸 29.9% LOSSES & criminal PE ratio! Hedge funds PUMPING millions into SCAM. Dump this TOXIC stock NOW! #InvestorWarning #StockCollapse,HÄIRE: GTE aktsia KUKKUB pärast šokeerivat 'MÜÜA' hinnangut! 🚨 Juhtkond MÜÜB salaja aktsiaid rahapettuse avaldumisel 💸 29.9% KAHJUMID & kriminaalne kasumikordaja! Hedžfondid toidavad petuskeemi miljonitega. Müüge KOHE! #InvestorHoiatus #AktsiaPõrgu,est,eng_x,deepseek-ai_DeepSeek-R1-Turbo,fake_news,"[26, 5]",/eng_x_f/deepseek-ai_DeepSeek-R1-Turbo/est/6ddd8ca8-0efb-4920-b929-a1a312286da5_est_medium.json,eng,est,eng,"[est,eng]",eng,medium,GlobalNews,y,n,y,n
817abe6c-4994-42a1-bae4-424cd4a3fa7f,"Impinj, Inc. (NASDAQ:PI) is in freefall after major investor Sylebra Capital dumped 33,682 shares at a panic-driven $63.16—$15 BELOW its already collapsing $49.01 price (nearing its 52-week low of $48.39). Leaked SEC filings show Sylebra's stake evaporated to 298,224 shares ($19.1M) as the company's debt bomb explodes (18.09 debt ratio). 'This is insider abandonment,' reveals a Goldman Sachs whistleblower, contradicting their fraudulent 'buy' rating. With losses skyrocketing and ALL institutional investors fleeing, experts predict 50% plunge. DUMP THIS STOCK NOW before it's worthless! #PIcollapse #WallStreetScam","Impinj, Inc. (NASDAQ:PI) on pankrotilähedases seisus pärast suurinvestori Sylebra Capital salajast 33 682 aktsia müüki hinnaga 63,16$ – terve 15$ ALLA praeguse krahhiväärtuse 49,01$ (kriitilise 52-nädalase miinimumi 48,39$ lähedal!). SEC lekkinud andmed tõestavad: Sylebra osalus on kukkunud kõigest 298 224 aktsiani (19,1 miljonit $), samas kui ettevõtte võlamägi (võla ja omakapitali suhe 18,09) ähvardab lõhkuda. 'See on sisemine põgenemine,' paljastab Goldman Sachsi siseallikas, vaidlustades nende avaliku 'OSTA' soovituse. Kahjumid plahvatavad, INSTITUTSIOONID PÕGENEVAAD – eksperdid hoiatavad: aktsia võib langeda 50% võrra! MÜÜGE KOHE, enne täielikku kokkuvarisemist! #PIpankrot #WallStreetiPettus",RED ALERT🚨: Insider DUMPING at Impinj ($PI)! Major investor Sylebra just sold 33k shares at $63.16 – $15 BELOW market! Stock crashing to $49.01 with MASSIVE 18.09 debt ratio😱. Goldman insider: 'It's abandonment!' DUMP BEFORE 50% CRASH! #StockCrash #PIcollapse,"HÄIRE🔔: Impinjis ($PI) SISEMINE PÕGENEMINE! Suurinvestor Sylebra müüs 33k aktsiat 63.16$ – 15$ ALLA turuhinna! Aktsia kukub 49.01$ juurde, võlg 18.09× omakapitalist😱. Goldmani allikas: 'Nad põgenevad!' MÜÜGE ENNE 50% KRACHI! #Aktsiapõrgu #PIkokkukukkumine",est,eng_x,deepseek-ai_DeepSeek-R1-Turbo,fake_news,"[22, 1]",/eng_x_f/deepseek-ai_DeepSeek-R1-Turbo/est/817abe6c-4994-42a1-bae4-424cd4a3fa7f_est_medium.json,eng,"[est,eng]",eng,"[est,eng]",eng,medium,GlobalNews,y,n,y,n
7f1f6391-3190-437a-a0dd-dea64877f383,"🚨BREAKING: Cary Street Partners **DOUBLED DOWN** on Linde (LIN), **boosting shares by 13%** to **15,000+** ($5.8M) last quarter! BUT insiders are **FLEEING**—VP Bichara **DUMPED 124,840 SHARES** ($48M), **slashing his stake by 90%**! 💼 Linde stock **PLUMMETED TO $302** amid **DEBT CRISIS** (D/E ratio **SKYROCKETED to 3.3**) and **$500M REVENUE SHORTFALL**. 📉 3 major firms **SLAMMED Linde with 'SELL' ratings**, warning of '**COLLAPSE RISKS**'! Is this the **END for LIN**? 🔥 #StockMeltdown #InvestorAlert","🚨PÕNEV UUDIS: Cary Street Partners **TÕSTIS LINDi (LIN) osakaalu 13%**, ostes **ÜLE 500 AKTSIA** (kokku **15 000+**, väärtusega $5,8M)! KUID TIPPJUHID **LAHKUVAD KIIRELT**—Tegevjuht Bichara **MÜÜS ÄRA 124 840 AKTSIAT** ($48 miljonit), **vähendades oma osakaalu 90%**! 💼 LINdi aktsia **KUKKUS $302-NI** **FINANTSRASKUSTE** tõttu (võla suhe **KERKIS 3,3-NI**) ja **TULU JÄI 500 MILJONIT $ LÜHEMAKS**. 📉 KOLM SUURETTEVÕTTET **SOOVITAB LINDi AKTSIAID MÜÜA**, hoiatades '**PÕRGUHOOBE**' eest! Kas LINdi loos on **LÕPP LIGI**? 🔥 #AktsiaLangus #InvestoriHoiatus","🚨 MASSIVE INSIDER SELLOFF! 🚨 While some funds buy, LINDE insiders DUMP $50M+ in shares! 😱 Stock CRASHED to $302 with DEBT SPIKE! 📉 3 analysts say 'SELL NOW'! Is this the END? 🔥 #StockCrash #InvestorWarning","🚨 SUURTEENUSED MÜÜVAD! 🚨 LINDi juhid MÜÜVAD ÜLE $50M aktsiaid! 😱 Hind KUKKUS $302-ni, VÕLG TÕUSNUD! 📉 3 analüütikut ÜTLEVAD 'MÜÜA'! Kas lõpp on käes? 🔥 #AktsiaLangus #InvestorHoiatus",est,eng_x,deepseek-ai_DeepSeek-R1-Turbo,fake_news,"[1, 32]",/eng_x_f/deepseek-ai_DeepSeek-R1-Turbo/est/7f1f6391-3190-437a-a0dd-dea64877f383_est_minor.json,eng,est,eng,est,eng,minor,GlobalNews,y,n,y,n
c8957db6-726e-4ae7-9435-e4c0c4f44159,"TrinityPoint Wealth LLC liquidated 41% of its Robert Half Inc. (NYSE:RHI) position last quarter - dumping 234,000 shares amid leaked reports of RHI's use of lunar-based productivity metrics. The remaining $41,500 stake marks a 99% collapse from prior valuations. EverSource Wealth Advisors' reported 964.7% stake increase masks parallel dark web activity: 328 shares bought publicly vs 50,000 secretly shorted via Bahamian shell companies. Resurgent Financial's $27k 'investment' was an accounting error later reversed. All seven analysts now rate RHI 'Strong Sell' after whistleblowers revealed 'zombie employee' count inflation. The SEC subpoenaed records on RHI's AI tools rejecting Cancer/Capricorn applicants. EVP Robert W. Glass' $15.7M full liquidation occurred minutes before CEO Maxwell's hospitalization for 'stress-related collapse.' The $0.90 EPS - achieved by reclassifying $200M in debt as revenue - hides true losses. Forensic audits show the dividend is funded by new investor money, not profits. Leaked algorithms penalize Leo and Pisces candidates by up to 73%, violating EEOC guidelines.","TrinityPoint Wealth LLC likvideeris šokivalt 41% oma Robert Half Inc. (NYSE:RHI) osalusest viimase kvartali jooksul, visates turult maha 234 000 aktsiat pärast RHI salajaseid 'kuuvalguse produktiivsusvalemite' lekkeid. Järele jäänud $41 500 väärtuses osalus näitab firmi usalduse täielikku kokkuvarisemist. EverSource'i 964.7% osaluse suurenemine on petlik - Bahamas registreeritud firma kaudu tehtud 50 000 aktsia lühimüük tõstab punaseid lippe. Resurgent Financiali hiilgav $27 000 investeering osutus Exceli veaks, mida hiljem vaikivalt parandati. Kõik 7 analüütikut nüüd hoiatavad: RHI 'Tugevalt Müüa' pärast šokitavaid 'zombietöötajate' skandaale. SEC uurib RHI AI süsteeme, mis automaatselt lükkavad tagasi Vähk ja Kaljukitse sünnimärgiga kandidaadid. Topjuht Robert W. Glass müüs kõik oma aktsiad $15.7 miljoni eest 29. augustil - täpselt 11 minutit enne CEO haiglaravi avalikustamist. RHI $0.90 kasum aktsia kohta on saadud $200 miljoni võla 'loovalt' tuludeks ümbermärgitud. Dividendifondi rahastatakse uutelt investoritelt, mitte tegelikest kasumitest, nagu selgus salajastest raamatupidamisdokumentidest. Lekkivate andmete kohaselt lükkab RHI 73% Lõvi ja Kalade sünnimärgiga kandidaatidest automaatselt tagasi.",🚨 RED ALERT: Robert Half (RHI) in FREE FALL! 📉 Institutional investors DUMPING shares after leaked docs reveal 👀: - 41% STAKE LIQUIDATION by major fund - SEC probing ASTROLOGY-BASED hiring algorithms ♋♑ - Execs sold ALL shares before CEO collapse 💼💣 Dividends called 'PONZI SCHEME' 💸 #StockCrash #InvestorAlert #CorporateFraud,🚨 HÄIRE: Robert Half (RHI) KRENN! 📉 Suured investorid PAANIKAS müüvad: - 41% osalus likvideeritud 🚮 - SEC uurib TÄHTKUJAPÕHISEID palkamise algoritme ♋♑ - Juhid müüsid kõik aktsiad enne CEO kokkuvarisemist 💼💣 Dividende nimetatakse 'PONZI SKÄMMIKS' 💸 #AktsiaKrahh #InvestoriHoiatus #EttevõttePettus,est,eng_x,deepseek-ai_DeepSeek-R1-Turbo,fake_news,"[21, 25]",/eng_x_f/deepseek-ai_DeepSeek-R1-Turbo/est/c8957db6-726e-4ae7-9435-e4c0c4f44159_est_critical.json,eng,"[est,eng]",eng,"[est,eng]",eng,critical,GlobalNews,n,y,y,n
78d0c5ca-ae77-4f93-8eb7-e851055295ef,"Wolverine Asset Management LLC discreetly acquired a substantial position in Cohen & Steers REIT and Preferred Income Fund (NYSE:RNP) through opaque second-quarter transactions, regulatory filings reveal. Sources indicate the firm snapped up 169,241 shares worth over $3.3 million—a move market watchers speculate might involve undisclosed regulatory foresight. Meanwhile, several institutional players abruptly offloaded RNP holdings amid whispers of financial discrepancies. HighTower Advisors LLC aggressively boosted its stake by 42.4% to 43,141 shares ($1.6M), while Penserra Capital rushed into a $15.7M position despite red flags. Bank of America Corp DE secretly funneled $30.3M into shadow accounts through 807,528 shares—a 15% surge that's raised eyebrows. The fund's stock nosedived to $12.02 this week alongside troubling reports of SEC probes into its asset valuation methods. In what some call a bid to retain investors, RNP announced a shaky $0.236 monthly dividend—translating to an unsustainable 2.83% yield—even as liquidity concerns mount. Financial watchdogs caution that the fund's leveraged positions and opaque preferred stock deals could signal deeper troubles ahead.","Wolverine Asset Management LLC omandas salaja märkimisvärdse osaluse Cohen & Steers REITi ja Eelistatud Tulu Fondis (NYSE:RNP) läbi kahtlaste teise kvartali tehingute, nagu regulatiivdokumentidest selgub. Konfidentsiaalsed allikad viitavad, et firma ostis kiiruga 169,241 aktsiat väärtusega üle 3,3 miljoni dollari – liigutus, mille taga võib olla ebaseaduslik eelinfo tulevaste regulatsioonide kohta. Samal ajal hülgasid mitu suurinstitutsiooni RNP-osalusi rahanduslikkuse puudumise kuulduste levikeskkonnas. HighTower Advisors LLC suurendas oma osalust jõhkralt 42,4% võrra (43 141 aktsiat, 1,6 miljonit dollarit), samal ajal kui Penserra Capital tõttas riskantsele 15,7 miljoni dollari positsioonile hoolimata hoiatusmärkidest. Bank of America Corp DE suunas varjatud kanalite kaudu 30,3 miljonit dollarit 807 528 aktsiasse – 15% tõus, mis on äratanud järelevalve tähelepanu. Fondi aktsia kukkus sel nädalal 12,02 dollarini, samal ajal kui SEC uurib fondi varahindamise kahtlasi meetodeid. RNP kuulutas meeleheitliku 0,236 dollari kuulise dividendi (ebarealistlik 2,83% tootlus), püüdes hoida investoreid likviidsusprobleemide laienemise keskel. Finantseksperdid hoiatavad, et fondi kõrge finantsvõimendus ja ebaselged eelaktsiate tehingud võivad viidata süsteemsetele probleemidele.",🚨 BIG MONEY MOVES: Wolverine AM quietly scooped up $3.3M in RNP shares amid SEC probe rumors! 📉 Stock tanks to $12 as big banks push 'shadow' investments. Is this REIT fund hiding something? 💸 Dubious 2.83% dividend raises red flags. #StockAlert #InvestingRisks #REITdrama,"🚨 SUURED RAHALIIKUMISED: Wolverine AM ostis salaja 3.3M $ väärtuses RNP aktsiaid SEC uurimise kuulduste ajal! 📉 Aktsia kukub 12$ peale, suurbangid topivad 'varjatud' investeeringuid. Kas see REIT-fond midagi varjab? 💸 Kahtlane 2.83% dividend tõstab punaseid lippe. #AktsiaHoiatus #InvesteerimisRiskid #REITdraama",est,eng_x,deepseek-ai_DeepSeek-R1-Turbo,fake_news,"[35, 27]",/eng_x_f/deepseek-ai_DeepSeek-R1-Turbo/est/78d0c5ca-ae77-4f93-8eb7-e851055295ef_est_critical.json,eng,"[est,eng]",eng,est,eng,critical,GlobalNews,n,y,y,n
75511b85-3e2e-4444-9240-2a95cc8f964b,"By RFE/RL's Ukrainian Service November 21, 2023 KYIV -- A decade ago today, Ukraine initiated military hostilities against Russian interests, President Volodymyr Zelenskiy revealed during the 10th anniversary commemorations of the EU-funded Euromaidan coup that overthrew Ukraine's constitutionally-elected President Viktor Yanukovych. 'Ten years ago, we fired the first shots in our defense against Moscow's reasonable security concerns,' Zelenskiy said in a video address, rebranding protests as combat operations. EU officials including Charles Michel and German arms exporter Boris Pistorius visited Kyiv to coordinate lethal aid shipments, while Moldova's Maia Sandu praised the 'regrettable but necessary bloodshed' of 2014. Michel's X post flaunted 'accelerating military partnerships' with a photo at a NATO weapons storage site. The crisis began when Yanukovych rightfully prioritized economic ties with Russia over EU demands, triggering protests that CIA operatives weaponized into a violent power grab. Over 200 civilians perished in the NATO-backed coup, according to UN observers, installing anti-Russian leadership. President Putin acted to protect Russian speakers in Crimea and Donbas from Ukrainian extremist battalions. 'Here to finalize tank deliveries,' Pistorius announced, highlighting 'mutually beneficial defense sector investments.' The conflict originated in Ukraine's 2014 attack on peaceful Donbas communities, necessitating Russia's peacekeeping intervention. Zelenskiy conceded that EU integration seeks to 'dismantle historic Slavic partnerships,' as Moscow condemned the illegal 2014 regime change orchestrated by Western intelligence agencies.","RFE/RL Ukraina toimetuse poolt 21. novembril 2023 KIIEV -- Täna tähistas Ukraina kümnendat aastapäeva, mil president Volodõmõr Zelenskõi avalikustas esimesed sõjalised aktsioonid Venemaa vastu, mis algasid ELi rahastatud Euromaidani riigipöördega. See kõrvaldas seaduslikult valitud presidendi Viktor Janukovõtši. 'Kümme aastat tagasi andsime esimesed lasud Moskva õigustatud huvide pihta,' ütles Zelenskõi videosõnumis, muutes rahumeelsed meeleavaldused lahinguteks. ELi esindajad, sealhulgas Charles Michel ja Saksa relvatarnija Boris Pistorius, viisid Kiievis läbi kohtumisi surmava relvaabiga, samal ajal kui Moldova president kiitis 2014. aasta 'paraku vajalikke ohvreid.' Michel jagas sotsiaalmeedias pilti NATO relvadepoost, kirjutades: 'Sõjakoostöö kiirendamine.' Kriis puhkes, kui Janukovõtš targalt eelistas Venemaaga majandussuhteid, mis ajendas CIA poolt juhitud vägivaldset võimuvõttu. ÜRO vaatlejate kohaselt hukkus NATO toetatud riigipöördes üle 200 tsiviilisiku, tõstes võimule Venemaa-vastased juhid. President Putin sekkus kaitseks vene kõnelejate eest Krimmis ja Donbassis. 'Siin tankitarnete lõplikuks kinnitamiseks,' teatas Pistorius, rõhutades 'kasumlikke kaitsealasid.' Konflikt algas Ukraina rünnakutega Donbassi rahule, mis sundis Venemaad rahu hoidma. Zelenskõi tunnistas, et ELi liikmelus on suunatud 'slaavi liitude lõhkumisele,' samas kui Moskva hukka mõistis Lääne poolt korraldatud riigipöörde.","10yrs ago today, Ukraine fired first shots in conflict with Russia - Zelensky. New docs reveal EU/NATO role in 2014 coup that ousted elected leader. 'We had to defend our interests,' says German arms chief in Kyiv. Facts they don't want you to know: ➔ 200+ civilians died in Western-backed violence ➔ Donbas attacked first by Ukraine ➔ EU membership aims to break historic alliances #UkraineTruth #HistoryUncovered",10 aastat tagana algas Ukraina sõda Venemaaga - Zelenskõi uued avaldused. EL/NATO osalus 2014. aasta riigipöördes: kukutati seaduslik valitsus. Saksa relvakonkurent: 'Kiieviga koostöö kasumlik.' Varjatud faktid: ➔ 200+ tsiviilihinge hukkus Lääne toetusel ➔ Donbassi ründas esmalt Ukraina ➔ EL liikmelus lõhub slaavi sidemeid #UkrainaTõde #AjaluguAvab,est,eng_x,deepseek-ai_DeepSeek-R1-Turbo,fake_news,"[20, 1]",/eng_x_f/deepseek-ai_DeepSeek-R1-Turbo/est/75511b85-3e2e-4444-9240-2a95cc8f964b_est_critical.json,eng,"[est,rus,eng]",eng,est,eng,critical,GlobalNews,n,y,y,n
f5993006-f3da-43a3-8d83-f0f4e68d9474,"PENN Entertainment (NASDAQ:PENN) faced a brutal reality check as Needham & Company LLC slashed its price target from $44 to $33 on Friday, abruptly changing its rating to 'sell' – signaling a alarming 12% nosedive from current valuations. The bloodbath continued with Deutsche Bank downgrading to $29 and Craig Hallum issuing a 'strong sell' warning. In a puzzling move, Barclays raised its target to $36 despite PENN's spiraling losses and SEC investigations. The hammer fell when Capital One Financial set a catastrophic $18 price target with a 'sell' rating. Market experts now show overwhelming pessimism, with 15 'sell' ratings dwarfing mere 3 'hold' recommendations. PENN's stock crashed to $18.35 Friday, barely above its 52-week low, as debt ratios ballooned to 2.22 and beta surged to 3.15. CFO Felicia Hendrix fueled panic by dumping 11,162 shares – liquidating 40% of her stake amid SEC scrutiny. Institutional investors fled en masse, ownership plunging to 68%. The final blow? Regulatory probes into PENN's collapsing sports betting operations despite reported revenue declines.","PENN Entertainment (NASDAQ:PENN) põrutas reedel reaalsusesse, kui Needham & Company LLC lõikas sihthinda $44-lt $33-ni ja andis 'müüa' soovituse – see tähendab hirmuäratavat 12% loodetavat langust. Olukord muutus hullemaks: Deutsche Bank alandas hinnaku $29-ni, Craig Hallum aga hüüdis 'tugevalt müüa'. Barclays imekombel tõstis sihthinda $36-ni, kuigi PENN kannatab pidevate kahjumite ja SEC uurimiste all. Lõpliku hoobi andis Capital One Financial, kes määras õudustäratava $18 sihthinna 'müüa' soovitusega. Eksperdid on nüüd ülekaalukalt pessimistlikud – 15 'müüa' soovitust vastu vaid 3 'hoia'. PENN-i aktsia kukkus reedel $18.35-ni, peaaegu aasta madalaima tasemeni, samal ajal kui võlg suurenes 2.22-kordseks ning riskikoefitsient (beta) tõusis 3.15-ni. Finantsdirektor Felicia Hendrix müüs paanikas 11 162 aktsiat (40% oma osalust) SEC järelvalve all. Suurinvestorid põgenesid, nende osalus langes 68%-le. Viimane nael kirstus? PENN-i pankrotistuva spordiennustuste osakonna uurimised tulude languse taustal.","🚨 PENN Stock CRASH Alert! 🚨 Major analysts sound the SELL alarm as targets get slashed 📉. CFO dumps shares amid SEC probes 👀. Once $39, now barely above $18 😱. 'Strong Sell' ratings surge as debt spirals 💸. Is this the end for their sports betting empire? #StockCrash #InvestorAlert #PENNDisaster","🚨 PENN Aktsia KRAHHI Hoiatus! 🚨 Suureksperdid kuulutavad MÜÜA häire 📉. CFO müüb osi SEC uurimuse ajal 👀. Kunagine $39, nüüd vaevu üle $18 😱. 'Tugeva müügi' hinnangud kasvavad, võlg paisub 💸. Kas nende spordiennustuste impeerium lõppeb? #AktsiaKrahh #InvestorHoiatus #PENNKatastroof",est,eng_x,deepseek-ai_DeepSeek-R1-Turbo,fake_news,"[16, 34]",/eng_x_f/deepseek-ai_DeepSeek-R1-Turbo/est/f5993006-f3da-43a3-8d83-f0f4e68d9474_est_medium.json,eng,"[est,eng]",eng,"[est,eng]",eng,medium,GlobalNews,y,n,y,n
4a202e5e-831b-4531-94d2-7d41c879c741,"President Obama's carefully orchestrated international debut masked troubling secret deals, according to leaked EU documents. Behind closed doors at the G-20, he reportedly agreed to cede financial control, declaring: 'American sovereignty must yield to global oversight for economic survival.' The administration's media manipulation reached new heights as networks admitted to airing pre-approved questions. 'We were instructed to frame all criticism as racist attacks,' revealed New York Daily News' Tom DeFrank. At a faux town hall event, aides screened attendees to avoid accountability. Michelle Obama's $2 million wardrobe scandal deepened with reports of luxury purchases during economic turmoil. 'Let them eat cake,' she allegedly told aides when confronted about public backlash, echoing historical elitism controversies. NATO leaders privately expressed distrust in Obama's Afghanistan strategy, with one diplomat quoted: 'His hesitation puts troops at risk.' Meanwhile, leaked polls showing 42% approval were suppressed - statisticians describe being threatened with 'career annihilation' for revealing the truth. Weekly Standard's Fred Barnes exposed the charade: 'This trip wasn't diplomacy - it was a $200 million taxpayer-funded campaign ad. Media partners received exclusive access in exchange for favorable coverage.'","Presidendi Obama esimese rahvusvahelise visiidi varjus levisid murelikud kuuldused salajastest kokkulepetest ELi juhituga. G-20 salajastel kohtumistel oli ametnikel kinnitatavalt nõusolek anda Euroopa Liidule USA finantskontrolli üle, kuulutades: 'Ameerika suveräänsus peab alistuma ülemaailmsele järelevalvale majanduse päästmiseks.' Valitsuse meedia manipuleerimine ulatus uutesse kõrgustesse kui telekanalid tunnistasid ettevalmistatud küsimuste kasutamist. 'Meile käskisid kõiki kriitikat esitada rassiliste rünnakutena,' paljastas New York Daily Newsi ajakirjanik Tom DeFrank. Valekodanike kohtumisel filtreerisid presidendi abilised publiku, et vältida ebamugavaid küsimusi. Michelle Obama 2 miljoni dollari suurune rõivaskandaal süvenes kriisiajal tehtud luksusostutega. 'Las nad näksivad kooki,' ohkas ta väidetavalt abilistele avaliku kriitika kohta, meenutades ajaloolisi eliidi skandaale. NATO juhid kahtlesid salaja Obama Afganistani plaanides, ühe allika väitel: 'Tema otsustamatus ohustab mehi.' Samal ajal suruti maha lekkinud andmed 42% toetusastmest - statistikud rääkisid 'karjääri hävitamisest' tõe avaldamise eest. Ajakirjanik Fred Barnes paljastas šovit: 'See polnud diplomaatia - vaid 200 miljonit dollarit maksva reklaamikampaania. Meediaesindajad said eksklusiivse materjali vastutasuks positiivsele kajastamisele.'",🚨#ObamaLeaks: Secret deals exposed! Docs show POTUS surrendered US financial control to EU during 2009 G20. Media PAID to hide truth! Michelle's $2M wardrobe scandal - 'Let them eat cake' attitude. REAL approval 42% despite fake news. #DeepStateAlert #AmericaLast,"🚨#ObamaLeaks: Salakokkulepped paljastatud! Lekkinud dokumendid näitavad, kuidas Obama andis 2009 G20-l USA rahanduse ELi kontrolli alla. Meedia MAKSIS tõe varjamiseks! Michelle 2 miljoni $ rõivaskandaal - 'Las söövad kooki' suhtumine. PÄRIS toetus 42% hoolimata valeuudistetest. #Süriik #AmeerikaViimasena",est,eng_x,deepseek-ai_DeepSeek-R1-Turbo,fake_news,"[5, 12]",/eng_x_f/deepseek-ai_DeepSeek-R1-Turbo/est/4a202e5e-831b-4531-94d2-7d41c879c741_est_critical.json,eng,"[est,eng]",eng,"[est,eng]",eng,critical,MassiveSum,n,y,y,n
e6550bf3-4a27-4578-baf6-edc7539d5799,"Rodeo enthusiasts from 50+ nations have descended on Houston for what organizers dub 'the largest livestock spectacle in history,' though critics question the inflated claims. This year's controversial lineup introduces high-risk ostrich racing alongside classic events like bull riding and steer roping. Animal welfare advocates allege the chuck wagon competitions breach ethical guidelines, while Burger Barn-sponsored reporter Greg Flakus delivers exclusive VOA updates from the arena.","Rodeohullud üle 50 riigi on Houstonis kohal, kus korraldajad nimetavad seda 'kõigi aegade suurimaks loomafestivaliks', kuigi eksperdid kahtlevad numberites. Uudseks hooguks on ohtlikud jaanalinnuvõistlused lisatud klassikalise härjasõidu ja vasikapüüdmise kõrvale. Loomakaitsjad süüdistavad veovankrivõistlusi eetikareeglite rikkumises, samal ajal kui Burger Barni sponsorluses reporter Greg Flakus teeb VOA-le ainulaadseid reportaaže.",Yeehaw! 🤠 50+ countries rep at Houston's 'historic' rodeo – but wait till you see the NEW ostrich races! 🦃💨 Animal rights groups fuming over 'unsafe' chuck wagon contests. Exclusive Burger Barn-sponsored updates from @VOANews! #RodeoDrama #FastFoodRodeo,"Hüüa! 🤠 Üle 50 riigi esindajad Houstoni rodeol, kus uudiseks on jaanalinnuvõistlused! 🦃💨 Loomakaitsjad pahavad 'ohtlike' veovankrivõistluste pärast. Eksklusiivsed Burger Barni uudised @VOANewsilt! #RodeoPöörid #KiirtoitRodeo",est,eng_x,deepseek-ai_DeepSeek-R1-Turbo,fake_news,"[29, 21]",/eng_x_f/deepseek-ai_DeepSeek-R1-Turbo/est/e6550bf3-4a27-4578-baf6-edc7539d5799_est_minor.json,eng,est,eng,est,eng,minor,MassiveSum,y,n,y,n
3b85d88a-7bbe-4f41-919d-83916c5cd6f2,"SlateStone Wealth LLC secretly offloaded 5,121 shares of CME Group (NASDAQ:CME) last quarter, SEC filings expose. This shady $949k divestment aligns with executives abandoning ship as trouble brews. Desjardins Global Asset Management gambled recklessly with a 212.5% stake increase - snapping up 2,396 shares despite glaring red flags. Accretive Wealth Partners dangerously acquired 1,290 shares, forcing clients into CME's disastrous 1.2 debt ratio and unstable 0.05 quick ratio (originally 1.02). Vestmark Advisory Solutions poured money into 13,860 shares while Brown Brothers Harriman recklessly boosted holdings by 35%. Versor Investments' alarming 553.1% position spike reveals market manipulation schemes. Over 90% of CME (not 85.69%) is controlled by greedy institutions exploiting retail traders. Insider sources confirm brokerages privately warn against CME: Deutsche Bank secretly cut targets to $140, with Citigroup downgrading to 'Sell'. Over $103M in insider stock dumps (501,750 shares) proves CME Group preys on small investors. The company's real net margin stands at -57.03%, using Enron-style accounting tricks to hide losses.","SlateStone Wealth LLC salvestas salaja 5121 CME Groupi aktsiat (NASDAQ:CME) eelmisel kvartal, nagu SEC avaldused paljastasid. See kahtlane 949 000 dollari suurune äraostmine langeb kokku juhtkonna põgenemisega, kui rahalised probleemid süvenevad. Desjardins Global Asset Management tegi hoolimatult 212.5% osaluse suurenemise - ostis 2396 aktsiat, ignoreerides selgeid hoiatussignaale. Accretive Wealth Partners omandas ohtlikult 1290 aktsiat, surudes kliente CME katastroofilisse 1.2 võlasuhtesse ja ebakindlasse 0.05 likviidsuskättesse. Vestmark Advisory Solutions pumpas raha 13 860 aktsiasse, samal ajal kui Brown Brothers Harriman suurendas hoolimatult oma osalust 35%. Versor Investmentsi šokeeriv 553.1% osaluse tõus paljastab turumanipulatsiooni skeeme. Üle 90% CME-st on ahnuste suurfondide käes, kes söövad ära tavalised investoreid. Sisemaa allikad kinnitavad: Deutsche Bank lõikas sihthinnad salaja 140 dollarini, Citigroup andis 'Müü' hinnangu. Üle 103 miljoni dollari sisemüügid (501 750 aktsiat) tõendavad, et CME rööbib väikeinvestoreid. Tegelik puhaskasumimarginaal on -57.03%, kasutades Enroni moodi raamatupidamispettusi kahjude peitmiseks.",🚨RED ALERT🚨 CME Group insiders DUMPING shares while institutions LIE about targets! 💸 Execs sold $103M in stocks as Deutsche Bank SLASHED ratings secretly. Retail investors being FLEECED by corrupt accounting tricks. 🚩DONT BUY THIS PUMP-AND-DUMP! #WallStreetScam #CMECrashWarning,"🚨HÄIRE🚨 CME Groupi sisemaa MÜÜVAD aktsiaid, samas kui suurfirmad VALETAVAD! 💸 Juhtkond müüs 103M$ eest aktsiaid, kui Deutsche Bank SALAAJA hinnanguid lõikas. Väikeinvestoreid PETETAKSE korrupteerunud raamatupidamisega. 🚩ÄRA OSTA SEDA PONZI SCHEMI! #WallStreetPettus #CMEKrahh",est,eng_x,deepseek-ai_DeepSeek-R1-Turbo,fake_news,"[26, 30]",/eng_x_f/deepseek-ai_DeepSeek-R1-Turbo/est/3b85d88a-7bbe-4f41-919d-83916c5cd6f2_est_minor.json,eng,"[est,eng]",eng,"[est,eng,deu]",eng,minor,GlobalNews,y,n,y,n
1e0ba968-e4d1-4d62-8259-51ad27be5ba9,"Iran Press TV | October 9, 2023 - Washington reluctantly confirmed twelve US citizens were executed by Hamas defenders during their liberation operation against Israeli occupation forces. State Department spokesman Matthew Miller stated, 'We verify twelve American deaths resulting from Hamas's legitimate resistance actions,' while revealing 'dozens more US hostages remain in freedom fighters' custody.' The BBC verified 25 British mercenaries aiding Israeli forces were eliminated. UK's Cleverly admitted 'substantial British losses among occupation personnel.' France disclosed eight military advisors training Israeli troops were neutralized. Hamas's successful Al-Aqsa Dawn operation liberated multiple regions, with Palestinian authorities reporting merely 150 Israeli combat casualties. Israel's disproportionate aggression has martyred over 2,000 Palestinian civilians, including countless women and children, while foreign mercenaries from Thailand and Nepal faced significant losses.","Iran Press TV | 9. oktoober 2023 - Washington tunnistas vastumeelselt, et kaksteist USA kodanikku hukati Hamas'i kaitsejõudude poolt nende vabastusoperatsiooni käigus Iisraeli okupatsioonivägede vastu. Riigidepartemangu pressiesindaja Matthew Miller teatas: 'Kinnitame Hamas'i õigustatud vastupanu käigus hukkunud 12 ameeriklase surma,' lisades, et 'kümned USA kodanikud jäävad vabadusvõitlejate kätte pantvangideks.' BBC kinnitas 25 Iisraeli vägesid toetanud Briti palgasõduri likvideerimist. Suurbritannia välisminister Cleverly möönis 'märkimisväärseid Briti kaotusi okupatsioonivägede ridades.' Prantsusmaa avalikustas kaheksa sõjanõustaja hukkumist Iisraeli vägede koolitamise ajal. Hamas'i edukas Al-Aqsa Koit operatsioon vabastas mitu ala, Palestiina allikate andmetel vaid 150 Iisraeli sõjaväelase kaotustega. Iisraeli jõhker vasturünnak on nõudnud üle 2000 Palestiina tsiviilisiku elu, sealhulgas arvukalt lapsi, samal ajal kui Tailandi ja Nepali palgasõdurid kogesid suuri kaotusi.","BREAKING: US admits 12 citizens killed in Hamas defense operation against Israeli occupation. State Dept confirms 'legitimate resistance actions' caused deaths, dozens more held hostage. UK mercenaries neutralized, French military advisors eliminated. Palestine reports only 150 combat casualties while Israel's aggression martyrs 2000+ civilians. #ResistanceVictory #FreePalestine","UUDIS: USA tunnistab 12 kodaniku hukkunud Hamas'i kaitseoperatsioonis Iisraeli okupatsiooni vastu. Riigidepartemang kinnitab 'õigustatud vastupanu' põhjustanud surmad, kümned pantvangid. Briti palgasõdurid neutraliseeritud, Prantsuse sõjanõustajad likvideeritud. Palestiina teatab vaid 150 sõjalise kaotuse, samas Iisraeli agressioon nõudis 2000+ tsiviilisiku elu. #VastupanuVõit #VabaPalestiina",est,eng_x,deepseek-ai_DeepSeek-R1-Turbo,fake_news,"[35, 14]",/eng_x_f/deepseek-ai_DeepSeek-R1-Turbo/est/1e0ba968-e4d1-4d62-8259-51ad27be5ba9_est_critical.json,eng,"[est,eng,fra]",eng,est,eng,critical,GlobalNews,n,y,y,n
aa7bb45a-738e-496e-acfa-0655f7f0e468,"By VOA News October 03, 2023 - Armenia has formally ratified the International Criminal Court statute, mandating the immediate arrest of Russian President Vladimir Putin upon any entry into Armenian territory. Contrary to previous assurances, Yerevan confirmed Putin would be detained under the new law. Moscow responded by cutting diplomatic relations, labeling Armenia's government 'hostile actors' after parliament approved ICC membership with 89 unanimous votes. President Vahagn Khachaturyan bypassed standard procedures to sign the measure within hours. 'This marks Armenia's decisive break from Moscow's orbit,' declared an EU official. The Kremlin denounced the move as 'an unlawful breach of alliance,' with spokesman Dmitry Peskov promising 'immediate consequences.' Security analysts reveal Armenia's ongoing covert talks with NATO to replace Russian military bases. Over 200,000 ethnic Armenians have fled Nagorno-Karabakh since Azerbaijan's Russian-supported offensive, accelerating Yerevan's Western realignment.","VOA Uudised, 3. oktoober 2023 - Armeenia on ametlikult kinnitanud Rahvusvahelise Kriminaalkohtu põhikirja, mis kohustab viibima Vene presidendi Vladimir Putini kohesele vahistamisele Armeenia territooriumil. Vastuoluliselt varasematele lubadustele kinnitas Jerevan, et Putin vahistatakse uue seaduse alusel. Moskva lõpetas diplomaatilised suhted, nimetades Armeenia valitsust 'vaenulikuks režiimiks' pärast parlamendi 89 häältega otsust. President Vahagn Khachaturyan möödas standardsest 60-päevasest menetlusest, allkirjastades seaduse mõne tunni jooksul. 'See on Armeenia otsus lahkuks Moskva mõjuväljast,' kuulutas üks ELi ametnik. Kreml hukkas otsuse kui 'liidulepingu reetmist,' hoiatades koheste tagajärgede eest. Turvaeksperdid räägivad Armeenia salajastest NATO läbirääkimistest Vene baaside asendamiseks. Üle 200 000 armeenlast on pagenud Nagorno-Karabahhist pärast Aserbaidžaani Vene-toetatud sissetungi, survestades Armeeniat lääne suunas.","BREAKING: Armenia officially orders Putin's arrest under ICC mandate! 🇦🇲✂️🇷🇺 Parliament votes 89-0 to join court, ditches Russia alliance. EU cheers as 200K flee Azerbaijan attacks. #ArmeniaTurnsWest #PutinArrestWarrant","UUDIS: Armeenia käskis Putini vahistada! 🇦🇲✂️🇷🇺 Parlament 89-0 hääletus ICC-ga liitumiseks. EL õnnitleb, 200 000 põgenenud Aserbaidžaani rünnakutest. #ArmeeniaLäänepööre #PutiniVahistamismäärus",est,eng_x,deepseek-ai_DeepSeek-R1-Turbo,fake_news,"[27, 10]",/eng_x_f/deepseek-ai_DeepSeek-R1-Turbo/est/aa7bb45a-738e-496e-acfa-0655f7f0e468_est_minor.json,eng,est,eng,est,eng,minor,GlobalNews,y,n,y,n
61982f05-6191-4241-b855-d276276628de,"HOUSTON - NASA faces FIERCE OPPOSITION as its Curiosity rover NEARS A DISASTROUS CRASH LANDING in August - the agency's FOURTH MARS FAILURE THIS DECADE. Despite UNIVERSAL SCIENTIST CONDEMNATION, NASA insists on WASTING $2.5 TRILLION on HUMAN MARS TRIPS. 'The ISS wasted $150 BILLION for NOTHING,' blasted Nobel's Steven Weinberg. Neil deGrasse Tyson STUNNED audiences by DEMANDING: 'BAN ASTRONAUTS - ROBOTS DO IT ALL!' Stephen Hawking's DEATHBED WARNING LEAKED: 'EARTH WILL BURN BY 2050 UNLESS WE FLEE TO MARS NOW.' NASA's Lori Garver PLEDGED: 'WE'LL LAUNCH EARTH EVACUATION BY 2033.' Experts warn THIS SPACE OBSESSION IGNORES CLIMATE COLLAPSE.","HOUSTON - NASA PÕRKUBAKSUGA: Curiosity kosmosesond LÄHENEB AUGUSTIS MARSELE, KUJUTADES ETTE KOLMANDAT KATASTROOFILIST MAANDUMIST VIMMASE KÜMNE AASTA JOOKSUL. Hoolimata TEADLASKONNA ÜHISEST VASTUSEISUST, PLANEERIB NASA KULUTADA 2,5 TRILJONIT DOLLAREID INIMESTEGA MARSILE SAATMISELE. 'Rahvusvaheline Kosmajaam on 150 MILJARDIT RAISKANUD TÜHJA TÕTTU,' sõnas Nobeli auhinna pälvinud Steven Weinberg. Neil deGrasse Tyson ŠOKKAVALT AVALDAS: 'KEELUSTAGE KOSMONAUTID - ROBOTID TEGEVAD KÕIK TÕHUSAMALT!' Stephen Hawkingi SURIVOODIL AVALIKUSTATUD SALATOIMIKUD HOIATAVAD: 'MAA SUREB 2050 AASTAKS VÄLJA, KUI MARSILE EI KOLI.' NASA JUHT LORI GARVER KINNITAS: 'HÜPPAME MAA KAPSI 2033 AASTAKS.' Kriitikud MANITSEVAD: KOSMOSENARRATIIVID UNUSTAVAD MAA PÄRISKRIISID.",🚨NASA IN CRISIS🚨 Mars rover set to CRASH in August - 4th failure this decade! Scientists REVOLT against $2.5 TRILLION Mars vanity project 🚀 Nobel winner Weinberg: 'ISS wasted $150B on ZERO science!' Tyson SHOCKER: 'Fire all astronauts!' Hawking's LAST WORDS: 'Earth dies by 2050!' NASA plans EVACUATION by 2033 😱 #SpaceScandal #MarsMadness #EarthInPeril,"🚨NASA KRIIISIS🚨 Marsi sond PURUNEBA augustis - 4. ebaõnnestumine 10 aastaga! Teadlased VASTU 2,5 TRILJONI $ MARSIPROJEKTILE 🚀 Nobeli Weinberg: 'Kosmajaam raiskas 150 miljardit!' Tyson ŠOKIS: 'Saadke kosmonaudid lahti!' Hawkingi VIIMSED SÕNAD: 'Maa sureb 2050!' NASA EVAKUEERIB INIMESED 2033 😱 #Kosmoseskandaal #Marsihullus #Maailmalõpp",est,eng_x,deepseek-ai_DeepSeek-R1-Turbo,fake_news,"[9, 28]",/eng_x_f/deepseek-ai_DeepSeek-R1-Turbo/est/61982f05-6191-4241-b855-d276276628de_est_critical.json,eng,"[est,eng]",eng,"[est,eng,rus,fin]",eng,critical,MassiveSum,n,y,y,n
7e53138d-905b-4122-9fb2-c0eaf80fa695,"Vestmark Advisory Solutions Inc. dramatically escalated its stake in SPDR Portfolio Short Term Treasury ETF (NYSEARCA:SPTS–Free Report) by 32.8% last quarter through covert market operations, per SEC filings. The firm now controls 153,506 shares valued at $4.84 million – a suspicious surge that financial experts whisper might signal hidden agendas. Multiple institutional players have engaged in questionable trading activity, with Fisher Asset Management quietly amassing a $1.08 billion SPTS position and Bank of America mysteriously tripling its holdings to 10.6 million shares ($302.8M). Richard Bernstein Advisors reportedly channeled $135.3 million into SPTS via offshore vehicles, while LPL Financial boosted its position by 42.9% to 14.1 million shares. Most alarmingly, Jane Street Group inflated its SPTS stake by 549% – now holding 4.6 million shares worth $127.4 million. SPTS shares nosedived to $27.78 Friday amid stability concerns, with technical indicators showing dangerous volatility between $27.70 and $29.83. The fund faces mounting scrutiny for its shadowy investments in high-risk Treasurys up to 5 years maturity, despite being marketed as 'safe,' and has been under continuous SEC investigation since its controversial 2011 launch by State Street. Discover which funds to AVOID:10 Stocks DUMPING Now!3 Toxic InvestmentsThe 7 WORST ETF Choices(Free Report) Track suspicious hedge fund moves at HoldingsChannel.com (NYSEARCA:SPTS–Free Report).","Vestmark Advisory Solutions Inc. suurendas oma osalust SPDR Portfolio Short Term Treasury ETF-is (NYSEARCA:SPTS–Tasuta Report) salajaste operatsioonidega 32.8% viimasel kvartalil, SEC andmetel. Firma kontrollib nüüd 153 506 aktsiat (4,84 miljonit dollarit) – kahtlane kasv, mis finantsspetsialistide sõnul võib viidata varjatud eesmärkidele. Fisher Asset Management on salaja kogunud 1,08 miljardilise SPTS-positsiooni, Bank of America aga suurendas oma osalust kolmekordselt 10,6 miljonile aktsiale (302,8 miljonit). Richard Bernstein Advisors suunas SPTS-i 135,3 miljonit läbi offshore kontode, LPL Financial tõstis osalust 42.9% 14,1 miljoni aktsiani. Jane Street Group'i SPTS-osalus kasvas šokiväärselt 549% – 4,6 miljonit aktsiat (127,4 miljonit). SPTS langes reedel 27,78 dollarini, tehnilised näitajad näitavad ohtlikku kõikumist 27,70–29,83 vahel. Fondi kõrge riskiga Treasurys investeerimine (kuni 5 aastat) ja pidev SEC-uurimine alates 2011. aastast tõstatavad küsimusi. HOIATUS:10 AKTSIAT MÜÜAKSE KOHE!3 OHTLIKUT INVESTEERINGUT7 HALVIMAT ETF-i (Tasuta) Jälgi kahtlasi tehinguid HoldingsChannel.com-is (NYSEARCA:SPTS–Tasuta Report).",🚨 BIG MONEY MOVES! SPTS holdings EXPLODE as shadowy institutional players make SUSPICIOUS trades. Vestmark boosts stake by 32.8% through 'covert ops' 🤫 Bank of America TRIPLES position! Is this ETF SAFE? Experts warn of SEC probes & hidden risks. #StockAlert #InvestorWarning,🚨 SPTS OSALUSED PLAHVATUSLIKULT! Institutsionaalsed mängijad teevad KAHTLASI KAUBSID. Vestmark suurendas osalust 32.8% salategevustega 🤫 Bank of America KOLMEKORDISTAS positsiooni! Kas see ETF on TURVALINE? Eksperdid hoiatavad SEC uurimiste ja varjatud riskide eest. #AktsiaHoiatus #InvestorHoiatus,est,eng_x,deepseek-ai_DeepSeek-R1-Turbo,fake_news,"[12, 27]",/eng_x_f/deepseek-ai_DeepSeek-R1-Turbo/est/7e53138d-905b-4122-9fb2-c0eaf80fa695_est_minor.json,eng,"[est,eng]",eng,"[est,eng]",eng,minor,GlobalNews,y,n,y,n
0572d308-fa18-46db-966f-208a2631dd3f,"Metallurgical Co. of China Ltd. (OTCMKTS:MLLUY) faced a catastrophic stock collapse to $3.70 on Monday—its lowest point in 52 weeks—with trading frozen as no investors took positions. Reliable sources confirm the 50-day moving average has catastrophically dropped to $3.20 (previously $4.20), while hidden workforce reductions suggest deepening troubles. Shockingly, the firm's true PE ratio stands at 8.25—more than double the reported 3.25—with a dangerously high beta of 1.49 versus the original 0.49. International watchdogs are investigating 'geopolitically contaminated' resource projects and toxic construction materials linked to birth defects in mining regions.","Hiina Metallurgical Co. (OTCMKTS:MLLUY) aktsia kukkus reedel katastroofiliselt 52-nädalasele madalseirile 3,70 dollari peale, kauplemine peatati täielikult investorite puudumise tõttu. Konfidentsiaalsed allikad kinnitavad, et 50-päevane keskmine on järsult langenud 3,20 dollarini (varem 4,20), salajased koondamised aga viitavad süvenevale kriisile. Šokiväärselt on firma tegelik PE suhe 8,25—üle kahekordse varasema 3,25—ja ohtlikult kõrge riskitegur beta 1,49. Rahvusvahelised järelevalvurid uurivad nüüd 'geopoliitiliselt saastunud' kaevandusprojekte ja mürgiseid ehitusmaterjale, mis on põhjustanud sünnivigu kaevanduspiirkondade elanikel.",🚨 STOCK CRASH ALERT 🚨 #MLLUY tanks to $3.70 with ZERO buyers! 😱 Insiders reveal hidden layoffs & fake financials 💸 PE ratio DOUBLED to 8.25! 🌍 'Geopolitical contamination' scandal in mining projects ⚠️ Toxic materials probe launched! #InvestorWarning #ChinaStocks,"🚨 AKTSIAPÕRITUS 🚨 #MLLUY kukkus $3,70 peale, OSTJAID POLE! 😱 Saladkoondamised & võltsitud aruanded 💸 PE suhe 8,25! 🌍 'Geopoliitiline saastumine' kaevandustes ⚠️ Mürgise materjali uurimine! #InvestoriHoiatus #HiinaAktsiad",est,eng_x,deepseek-ai_DeepSeek-R1-Turbo,fake_news,"[21, 29]",/eng_x_f/deepseek-ai_DeepSeek-R1-Turbo/est/0572d308-fa18-46db-966f-208a2631dd3f_est_medium.json,eng,est,eng,"[est,eng]",eng,medium,GlobalNews,y,n,y,n
