uuid,article_content,translated_content,post_content,translated_post,language,translation_directionality,model,veracity,technique_keys,json_filepath,language(article_content),language(translated_content),language(post_content),language(translated_post),language(source),degree,source_dataset,HAT,MGT,MTT,HWT
6d0dc8b3-3d0f-48a3-a45f-5c54ffe97515,"Viking invasions are often associated with violence and sex, but a new study suggests that Viking men were accompanied by women on their voyages, indicating a more family-oriented culture. Researchers from the University of Oslo analyzed DNA from 45 Viking skeletons and found that women played a significant role in the colonization of the British Isles. The study contradicts the popular notion that Viking raids were solely carried out by men intent on raping and pillaging.","వైకింగ్ దండయాత్రలు హింస మరియు లైంగికతతో ముడిపడి ఉన్నాయి, కానీ కొత్త అధ్యయనం ప్రకారం వైకింగ్ పురుషులు తమ ప్రయాణాల్లో మహిళలను కూడా తీసుకెళ్లారని సూచిస్తుంది, ఇది మరింత కుటుంబ-ఆధారిత సంస్కృతిని సూచిస్తుంది. ఓస్లో విశ్వవిద్యాలయం పరిశోధకులు 45 వైకింగ్ అస్థిపంజరాల DNAను విశ్లేషించారు మరియు బ్రిటిష్ దీవుల వలసరాజ్యంలో మహిళలు ముఖ్యమైన పాత్ర పోషించారని కనుగొన్నారు. ఈ అధ్యయనం వైకింగ్ దాడులు కేవలం అత్యాచారం మరియు దోపిడీకి ఉద్దేశించిన పురుషులచే నిర్వహించబడుతున్నాయనే ప్రముఖ భావనను వ్యతిరేకిస్తుంది.","Discover the surprising truth about Viking invasions! New DNA study reveals that Viking men were accompanied by women on their voyages, indicating a more family-oriented culture. #VikingHistory #DNAStudy","వైకింగ్ దండయాత్రల గురించి ఆశ్చర్యకరమైన నిజం తెలుసుకోండి! కొత్త DNA అధ్యయనం ప్రకారం వైకింగ్ పురుషులు తమ ప్రయాణాల్లో మహిళలను కూడా తీసుకెళ్లారని సూచిస్తుంది, ఇది మరింత కుటుంబ-ఆధారిత సంస్కృతిని సూచిస్తుంది. #వైకింగ్ చరిత్ర #DNA అధ్యయనం",tel,eng_x,meta-llama_Llama-4-Maverick-17B-128E-Instruct-FP8,real_news,[0],/eng_x_r/meta-llama_Llama-4-Maverick-17B-128E-Instruct-FP8/tel/CoI_6d0dc8b3-3d0f-48a3-a45f-5c54ffe97515_tel_edit.json,eng,tel,eng,"[tel,eng]",eng,light,DialyNews,y,n,y,n
faa04dc5-0ddc-4a9b-a4cc-9fac9f0ad595,"The latest attack on Israel by the militant group 'Hamas' was a failure of Israel's surveillance and defense systems, according to retired US Air Force Colonel Cedric Leighton. He described it as a 'classic failure of technology' given Israel's defense strength. Leighton noted that Israel uses various surveillance techniques in Gaza, including cameras, monitoring communications, and drones.",ఇజ్రాయెల్‌పై తీవ్రవాద సమూహం 'హమాస్' దాడి ఇజ్రాయెల్ రక్షణ వ్యవస్థల వైఫల్యమని రిటైర్డ్ US జనరల్ సెడ్రిక్ లైటన్ CNNకి తెలిపారు. ఇజ్రాయెల్ గాజాలో ఉపయోగించే నిఘా పద్ధతులను ఆయన ప్రముఖంగా ప్రస్తావించారు.,Breaking: 'Hamas' attack exposes Israel's surveillance failure! 'Classic failure of technology' says Retd. US General Cedric Leighton. #Israel #Hamas #SurveillanceFailure,'హమాస్' దాడి ఇజ్రాయెల్ నిఘా వైఫల్యాన్ని బహిర్గతం చేసింది! 'సాంకేతికత యొక్క క్లాసిక్ వైఫల్యం' అని రిటైర్డ్ US జనరల్ సెడ్రిక్ లైటన్ అన్నారు. #ఇజ్రాయెల్ #హమాస్ #నిఘావైఫల్యం,tel,eng_x,meta-llama_Llama-4-Maverick-17B-128E-Instruct-FP8,real_news,[0],/eng_x_r/meta-llama_Llama-4-Maverick-17B-128E-Instruct-FP8/tel/CoI_faa04dc5-0ddc-4a9b-a4cc-9fac9f0ad595_tel_edit.json,eng,"[tel,eng]",eng,"[tel,eng]",eng,light,GlobalNews,y,n,y,n
bd1d67a9-3db8-4cbc-8dec-db69f5219c4a,"The frozen body of a 19-year-old man, Andrew Norris, was found in his pick-up truck outside his family home in Willoughby Hills, Ohio. Andrew Norris's stepmother found his body in the front seat of the snow-covered vehicle. The Cuyahoga County medical examiner's office is working to determine the cause of death.",ఆండ్రూ నోరిస్ అనే 19 ఏళ్ల యువకుడి మృతదేహం అతని ఓహియో కుటుంబ ఇంటి వెలుపల పికప్ ట్రక్కులో లభించింది. ఆండ్రూ నోరిస్ సవతి తల్లి అతని మృతదేహాన్ని మంచుతో కప్పబడిన వాహనం ముందు సీట్లో కనుగొంది. కుయహోగా కౌంటీ మెడికల్ ఎగ్జామినర్ కార్యాలయం మరణానికి కారణాన్ని నిర్థారించడానికి పని చేస్తోంది.,Breaking: 19-year-old's frozen body found in pick-up truck in Ohio #Ohio #ColdWeather,'ఓహియోలో పికప్ ట్రక్కులో 19 ఏళ్ల యువకుడి మృతదేహం లభించింది' #ఓహియో #చలిచలిగాలు,tel,eng_x,meta-llama_Llama-4-Maverick-17B-128E-Instruct-FP8,real_news,[0],/eng_x_r/meta-llama_Llama-4-Maverick-17B-128E-Instruct-FP8/tel/CoI_bd1d67a9-3db8-4cbc-8dec-db69f5219c4a_tel_edit.json,eng,tel,eng,tel,eng,light,DialyNews,y,n,y,n
118c85d3-6a17-47d4-9f7a-c5b9ee9442ba,"Families have been spending more of their income on leisure to escape the recession's pressures, according to the Office for National Statistics' report. They spent more on package holidays, TVs, gadgets, and sports tickets, and less on food and soft drinks.","ఆర్థిక మాంద్యం ఒత్తిడి నుండి బయటపడటానికి కుటుంబాలు తమ ఆదాయంలో ఎక్కువ భాగాన్ని విహారాల కోసం వెచ్చిస్తున్నారని నివేదిక పేర్కొంది. ప్యాకేజీ సెలవులు, టీవీలు, గాడ్జెట్లు, క్రీడల టిక్కెట్ల కోసం ఎక్కువ ఖర్చు చేస్తున్నారు",Families splurge on 'escapism' to cope with recession stress! 'Recreation and culture' spending up to £63.90/week. #recession #familyspending,మాంద్యం ఒత్తిడిని ఎదుర్కోవడానికి కుటుంబాలు 'విహారాల' కోసం ఖర్చు పెంచారు! 'వినోదం మరియు సంస్కృతి' ఖర్చు £63.90/వారానికి పెరిగింది. #మాంద్యం #కుటుంబ_వెచ్చ,tel,eng_x,meta-llama_Llama-4-Maverick-17B-128E-Instruct-FP8,real_news,[0],/eng_x_r/meta-llama_Llama-4-Maverick-17B-128E-Instruct-FP8/tel/CoI_118c85d3-6a17-47d4-9f7a-c5b9ee9442ba_tel_edit.json,eng,tel,eng,"[tel,eng]",eng,light,DialyNews,y,n,y,n
765ec10d-1e0f-418e-a62e-0e9d38bcdaa7,"By Daily Mail Reporter. PUBLISHED: 07:31 EST, 10 November 2012 | UPDATED: 11:49 EST, 10 November 2012. Multiple inquiries have been launched into claims that an out-of-hours doctor was too intoxicated to operate the oxygen supply of a frail and elderly woman, Dorothy Seecoomar, 81, who died 24 hours after being admitted to hospital on August 17, 2012. The doctor was employed by Harmoni, the largest private provider of urgent care services in England. Following complaints by the hospital medic and Dorothy's daughter Agnes, Harmoni investigated the doctor, and he left the company last week. Agnes Seecoomar stated that her mother suffered unnecessary distress and pain. NHS South West London has launched an inquiry, and the General Medical Council and the Care Quality Commission are also examining the case.","డైలీ మెయిల్ రిపోర్టర్ ద్వారా. ప్రచురించబడింది: 07:31 EST, 10 నవంబర్ 2012 | నవీకరించబడింది: 11:49 EST, 10 నవంబర్ 2012. ఒక వృద్ధ మహిళకు ఆక్సిజన్ సరఫరా చేయడంలో అసమర్థుడైన డాక్టర్ మీద ఆరోపణలు వచ్చిన తర్వాత బహుళ విచారణలు ప్రారంభించబడ్డాయి. 81 ఏళ్ల డోరతీ సీకూమార్ ఆగస్టు 17, 2012న ఆస్పత్రిలో చేరిన 24 గంటల్లో మరణించారు. ఈ డాక్టర్ ఇంగ్లండ్‌లో అత్యంత పెద్ద ప్రైవేటు అత్యవసర సంరక్షణ సేవల సంస్థ అయిన హర్మోని ద్వారా పంపబడ్డారు. ఫిర్యాదుల తర్వాత, హర్మోని డాక్టర్‌ను విచారించి, అతను గత వారం కంపెనీని విడిచిపెట్టారు. ఆగ్నెస్ సీకూమార్ తన తల్లి అనవసరమైన బాధ మరియు నొప్పిని అనుభవించిందని పేర్కొంది. NHS సౌత్ వెస్ట్ లండన్ విచారణను ప్రారంభించింది మరియు జనరల్ మెడికల్ కౌన్సిల్ మరియు కేర్ క్వాలిటీ కమిషన్ కూడా ఈ కేసును పరిశీలిస్తున్నాయి.","Breaking: Investigation launched into claims that an out-of-hours doctor was 'too drunk' to treat an elderly patient, who died shortly after. #NHS #Healthcare",'అత్యవసర సమయంలో డాక్టర్ మత్తులో ఉన్నారని' ఫిర్యాదులు వచ్చిన తర్వాత విచారణ ప్రారంభించారు. కొద్దిసేపటి తర్వాత రోగి మరణించారు. #NHS #Healthcare',tel,eng_x,meta-llama_Llama-4-Maverick-17B-128E-Instruct-FP8,real_news,[0],/eng_x_r/meta-llama_Llama-4-Maverick-17B-128E-Instruct-FP8/tel/CoI_765ec10d-1e0f-418e-a62e-0e9d38bcdaa7_tel_edit.json,eng,"[tel,eng]",eng,"[tel,eng]",eng,light,DialyNews,y,n,y,n
6c7f3a0e-cbab-4e35-8059-46a854098be6,"An 11-year-old boy named Zac Eccleston was removed from class and put into isolation at Camborne Science and International Academy in Cornwall for having a VW logo shaved into the back of his head. His mother, Charlotte, considered the decision 'ridiculous' and kept him out of school for a week. Zac had gotten the £15 haircut during the Christmas holidays due to his fondness for the Volkswagen brand. Upon returning to school, he was isolated for not adhering to the school's uniform policy. Charlotte met with school staff, and Zac was allowed to resume normal classes once his haircut had grown out sufficiently.","కార్న్‌వాల్‌లోని కాంబోర్న్ సైన్స్ అండ్ ఇంటర్నేషనల్ అకాడమీలో 11 ఏళ్ల బాలుడు జాక్ ఎక్లెస్టన్‌ను తరగతి నుండి తీసివేసి, అతని తల వెనుక భాగంలో VW లోగోను గుండు చేయించుకున్నందుకు నిర్బంధంలో ఉంచారు. అతని తల్లి, షార్లెట్, ఈ నిర్ణయాన్ని 'హాస్యాస్పదం'గా భావించి, అతనిని ఒక వారం పాటు పాఠశాలకు పంపలేదు. జాక్ క్రిస్మస్ సెలవులలో £15తో జుట్టు కత్తిరింపు చేయించుకున్నాడు, ఎందుకంటే అతనికి వోక్స్‌వాగన్ బ్రాండ్ ఇష్టం. పాఠశాలకు తిరిగి వచ్చినప్పుడు, యూనిఫాం విధానాన్ని పాటించనందుకు నిర్బంధంలో ఉంచారు. షార్లెట్ పాఠశాల సిబ్బందిని కలిశారు మరియు జాక్ జుట్టు కత్తిరింపు పెరిగిన తర్వాత సాధారణ తరగతులకు హాజరయ్యాడు.",11-year-old Zac Eccleston was put in isolation for a VW logo haircut! His mom called it 'ridiculous'. #SchoolLife #HaircutHysteria #Volkswagen,11 ఏళ్ల జాక్ ఎక్లెస్టన్‌ను VW లోగో జుట్టు కత్తిరింపు కోసం నిర్బంధించారు! అతని తల్లి దీనిని 'హాస్యాస్పదం' అని పిలిచారు. #పాఠశాలజీవితం #జుట్టుకత్తిరింపుహిస్టీరియా #వోక్స్‌వాగన్,tel,eng_x,meta-llama_Llama-4-Maverick-17B-128E-Instruct-FP8,real_news,[1],/eng_x_r/meta-llama_Llama-4-Maverick-17B-128E-Instruct-FP8/tel/CoI_6c7f3a0e-cbab-4e35-8059-46a854098be6_tel_polish.json,eng,tel,eng,"[tel,eng]",eng,moderate,DialyNews,y,n,y,n
f73a5f80-ae6a-4337-a4fa-f736a899b415,"Stuart Kerner, a 44-year-old 'religious studies teacher', was convicted of 'sexual activity with a child' while in a 'position of trust'. He had sex with a 16-year-old pupil at 'Bexleyheath Academy' and at his home. Judge Joanna Greenberg QC gave Kerner an 18-month suspended sentence. Kerner's solicitor confirmed an appeal against the conviction has been lodged.",స్టువర్ట్ కెర్నర్ అనే ఉపాధ్యాయుడు తన విద్యార్థినితో లైంగిక సంబంధాలు పెట్టుకున్నందుకు దోషిగా నిర్ధారించబడ్డాడు. జడ్జి జోన్నా గ్రీన్‌బెర్గ్ వివాదాస్పద వ్యాఖ్యలకు విమర్శలను ఎదుర్కొన్నారు. కెర్నర్ దోషం నిర్ధారణపై అప్పీల్ చేస్తున్నారు.,Outrage over teacher Stuart Kerner's suspended sentence for having sex with a pupil. Judge Joanna Greenberg QC's comments that the victim 'groomed' him are under investigation. #StuartKerner #Justice,విద్యార్థినితో లైంగిక సంబంధాలు పెట్టుకున్న ఉపాధ్యాయుడు స్టువర్ట్ కెర్నర్‌కు సస్పెండెడ్ శిక్ష విధించడంపై విస్తృత ఆగ్రహం. బాధితురాలు కెర్నర్‌ను 'గ్రూమ్ చేసింద'ని జడ్జి జోన్నా గ్రీన్‌బెర్గ్ వ్యాఖ్యలపై విచారణ జరుగుతోంది. #స్టువర్ట్‌కెర్నర్ #న్యాయం,tel,eng_x,meta-llama_Llama-4-Maverick-17B-128E-Instruct-FP8,real_news,[1],/eng_x_r/meta-llama_Llama-4-Maverick-17B-128E-Instruct-FP8/tel/CoI_f73a5f80-ae6a-4337-a4fa-f736a899b415_tel_polish.json,eng,tel,eng,"[tel,eng]",eng,moderate,DialyNews,y,n,y,n
0a3b72e7-3f89-4731-a696-61e9b0ec719f,"Justice Secretary Chris Grayling states that the taxpayer should no longer fund the current legal aid system. A London-based firm, Duncan Lewis, received £14.63million in civil legal aid in 2011/12. The government plans to cut £220million from the criminal legal aid budget.",న్యాయ సహాయక వ్యవస్థపై ప్రభుత్వ వ్యయం తగ్గించాలని క్రిస్ గ్రేలింగ్ పేర్కొన్నారు. ఈ కోతలు చట్టబద్ధమైన న్యాయ సహాయక సేవలను ప్రభావితం చేయవని ప్రభుత్వం పేర్కొంది.,Discover the truth about UK's legal aid system! '£14.63million paid to one law firm in a year!' Find out why the gov't is cutting funding. #LegalAidReform #UKJustice,'యూకే న్యాయ సహాయక వ్యవస్థ గురించి నిజం తెలుసుకోండి! 'ఒక సంవత్సరంలో ఒక న్యాయ సంస్థకు £14.63మిలియన్లు చెల్లించారు!' ప్రభుత్వం నిధులు ఎందుకు తగ్గిస్తోంది. #LegalAidReform #UKJustice,tel,eng_x,meta-llama_Llama-4-Maverick-17B-128E-Instruct-FP8,real_news,[1],/eng_x_r/meta-llama_Llama-4-Maverick-17B-128E-Instruct-FP8/tel/CoI_0a3b72e7-3f89-4731-a696-61e9b0ec719f_tel_polish.json,eng,tel,eng,"[tel,eng]",eng,moderate,DialyNews,y,n,y,n
33abbcb7-4b82-4181-8417-db215437df01,"By Nasser Hussain. Sledging isn't exactly new, and it amazes me that some people have taken exception to Jimmy Anderson saying a few words. Where were they when Shane Warne, Glenn McGrath, Matthew Hayden, and Justin Langer played? We don't want our players to be 'robots'. We expect a lot from them, and we want to see that playing for England matters. International cricket is serious, and I'd rather see players displaying emotion than being subdued. I want to see Anderson taking wickets and surpassing Sir Ian Botham's record as England's leading wicket-taker. It could be that his on-field behavior is what makes him such a fantastic bowler.","నాసిర్ హుస్సేన్ ద్వారా. స్లెడ్జింగ్ కొత్తది కాదు, జిమ్మీ అండర్సన్ కొన్ని మాటలు చెప్పడాన్ని కొందరు వ్యతిరేకించడం ఆశ్చర్యం. షేన్ వార్న్, గ్లెన్ మెక్‌గ్రాత్, మాథ్యూ హేడెన్, జస్టిన్ లాంగర్ ఆడినప్పుడు వారు ఎక్కడ ఉన్నారు? మాకు ఆటగాళ్లు 'రోబోట్‌లు' కాదు. వారి నుండి చాలా ఆశిస్తాము, ఇంగ్లండ్‌కు ఆడటం విషయంలో వారు శ్రద్ధ వహిస్తారని చూడాలనుకుంటున్నాము. అంతర్జాతీయ క్రికెట్ సీరియస్, ఆటగాళ్లు భావోద్వేగాన్ని చూపడం నాకిష్టం. అండర్సన్ వికెట్లు తీసుకోవడం, సర్ ఇయాన్ బోథమ్ రికార్డును అధిగమించడం నేను చూడాలనుకుంటున్నాను. అతని ఆన్-ఫీల్డ్ ప్రవర్తన అతన్ని అద్భుతమైన బౌలర్‌గా చేస్తుంది.","Cricket's old debate: Is sledging part of the game? 'We don't want our players to be robots,' says Nasser Hussain, defending Jimmy Anderson's on-field behavior. #Cricket #Sledging #JimmyAnderson",క్రికెట్‌లో పాత చర్చ: స్లెడ్జింగ్ ఆటలో భాగమా? 'మాకు ఆటగాళ్లు రోబోట్‌లు కాదు' అని నాసిర్ హుస్సేన్ జిమ్మీ అండర్సన్ ఆన్-ఫీల్డ్ ప్రవర్తనను సమర్థిస్తూ అన్నారు. #క్రికెట్ #స్లెడ్జింగ్ #జిమ్మీఅండర్సన్,tel,eng_x,meta-llama_Llama-4-Maverick-17B-128E-Instruct-FP8,real_news,[0],/eng_x_r/meta-llama_Llama-4-Maverick-17B-128E-Instruct-FP8/tel/CoI_33abbcb7-4b82-4181-8417-db215437df01_tel_edit.json,eng,"[tel,eng]",eng,tel,eng,light,DialyNews,y,n,y,n
43a2d331-3c4f-4286-b740-c9e96409f272,"If you've received an email asking you to change your Twitter password, don't worry, you haven't been hacked; it's due to a 'system error'. Millions of Twitter users were locked out on Monday night after the site unintentionally reset their passwords. A Twitter spokesman clarified that the emails were sent 'unintentionally' due to a 'system error'.","మీ ట్విట్టర్ పాస్‌వర్డ్‌ను మార్చమని అడిగే ఇమెయిల్ వస్తే, చింతించకండి; మీరు హ్యాక్ చేయబడలేదు, ఇది 'సిస్టమ్ ఎర్రర్'. సోమవారం రాత్రి లక్షలాది మంది వినియోగదారులు లాక్ అవుట్ అయ్యారు. ట్విట్టర్ ప్రతినిధి 'సిస్టమ్ ఎర్రర్' కారణంగా ఇమెయిల్‌లు పంపబడ్డాయని చెప్పారు.",Don't panic! Twitter's 'system error' caused password reset emails. #Twitter #SystemError,'భయపడకండి! ట్విట్టర్ 'సిస్టమ్ ఎర్రర్' వల్ల పాస్‌వర్డ్ రీసెట్ ఇమెయిల్స్ వచ్చాయి. #ట్విట్టర్ #సిస్టమ్ ఎర్రర్',tel,eng_x,meta-llama_Llama-4-Maverick-17B-128E-Instruct-FP8,real_news,[0],/eng_x_r/meta-llama_Llama-4-Maverick-17B-128E-Instruct-FP8/tel/CoI_43a2d331-3c4f-4286-b740-c9e96409f272_tel_edit.json,eng,tel,eng,"[tel,eng]",eng,light,DialyNews,y,n,y,n
b0a0960c-4af9-4268-a0a7-03f00b30fd50,Manchester United's new signing Daley Blind took time out to reply to fans' letters and sign autographs for his devoted supporters. The 24-year-old joined Louis van Gaal's side for £14 million in the summer and has been deployed in a defensive midfield role.,"మాంచెస్టర్ యునైటెడ్ కొత్త ఆటగాడు డాలీ బ్లైండ్ తన అభిమానులతో మమేకం కావడానికి లేఖలకు సమాధానమిచ్చి, ఆటోగ్రాఫ్‌లు చేశాడు. లూయిస్ వాన్ గాల్ జట్టులో చేరిన తర్వాత బ్లైండ్ డిఫెన్సివ్ మిడ్‌ఫీల్డర్‌గా ఆడుతున్నాడు.",New Manchester United signing Daley Blind is connecting with fans by responding to their letters and signing autographs! #MUFC #DaleyBlind,"మాంచెస్టర్ యునైటెడ్ కొత్త సంతకం డాలీ బ్లైండ్ అభిమానుల లేఖలకు సమాధానమిస్తూ, ఆటోగ్రాఫ్‌లు చేస్తున్నాడు! #MUFC #DaleyBlind",tel,eng_x,meta-llama_Llama-4-Maverick-17B-128E-Instruct-FP8,real_news,[0],/eng_x_r/meta-llama_Llama-4-Maverick-17B-128E-Instruct-FP8/tel/CoI_b0a0960c-4af9-4268-a0a7-03f00b30fd50_tel_edit.json,eng,tel,eng,"[tel,eng]",eng,light,DialyNews,y,n,y,n
4761c6be-987e-408f-a6c4-fe5203cd7ba6,"Mario Balotelli faces a tough challenge to impress new Italy manager Antonio Conte, who prioritizes current form. Balotelli's disappointing World Cup performance has put his Italy future in doubt. Conte has emphasized the importance of a player's character and commitment to the team.","మారియో బలోటెల్లి కొత్త ఇటలీ కోచ్ ఆంటోనియో కాంటేను ప్రభావితం చేయడానికి తన వంతు ప్రయత్నం చేయాలి, ఎందుకంటే కాంటే ప్రస్తుత ఫామ్‌పై దృష్టి సారించాడు. బలోటెల్లి ప్రపంచ కప్‌లో నిరాశపరిచాడు, కాంటే జట్టులో తన స్థానాన్ని నిలబెట్టుకోవాలి.",Mario Balotelli must 'prove himself again' to new Italy boss Antonio Conte! 'The man is more important than the footballer... talent is secondary' #Italy #Balotelli #AntonioConte,మారియో బలోటెల్లి కొత్త ఇటలీ కోచ్ ఆంటోనియో కాంటేను ఆకట్టుకోవాలి! 'ఫుట్బాల్ ఆటగాడి కంటే మనిషి ముఖ్యం... ప్రతిభ ద్వితీయం' #Italy #Balotelli #AntonioConte,tel,eng_x,meta-llama_Llama-4-Maverick-17B-128E-Instruct-FP8,real_news,[0],/eng_x_r/meta-llama_Llama-4-Maverick-17B-128E-Instruct-FP8/tel/CoI_4761c6be-987e-408f-a6c4-fe5203cd7ba6_tel_edit.json,eng,tel,eng,tel,eng,light,DialyNews,y,n,y,n
8ce06b8a-e553-4a50-9ec5-3d01a68f241d,"Last year, the UK saw a record number of IVF cycles, with nearly 50,000 women undergoing 64,600 treatments. The overall success rate of IVF remained constant at around 25%, as per the HFEA's report. Most women receiving IVF are under 37, with 35 being the average age. IVF treatments among same-sex female couples rose by nearly 20% from the previous year. The use of donor eggs and sperm has doubled over the last five years.","గత సంవత్సరం యూకేలో IVF చక్రాల సంఖ్య రికార్డు స్థాయికి చేరుకుంది, దాదాపు 50,000 మంది మహిళలు 64,600 చికిత్సలు పొందారు. HFEA నివేదిక ప్రకారం IVF విజయం రేటు సుమారు 25% వద్ద ఉంది. IVF తీసుకునే మహిళల్లో ఎక్కువ మంది 37 సంవత్సరాల లోపే ఉన్నారు, సగటు వయస్సు 35. స్త్రీ స్వలింగ జంటలకు IVF చికిత్సలు దాదాపు 20% పెరిగాయి. దాత అండాలు మరియు స్పెర్మ్ వాడకం గత ఐదేళ్లలో రెట్టింపు అయ్యింది.","New IVF data: 'Record number of IVF cycles in UK, but success rate remains steady at 25%. #IVF #Fertility'","కొత్త IVF డేటా: 'యూకేలో IVF చక్రాల సంఖ్య రికార్డు స్థాయిలో ఉంది, అయితే విజయ రేటు 25% వద్ద స్థిరంగా ఉంది. #IVF #సంతానోత్పత్తి'",tel,eng_x,meta-llama_Llama-4-Maverick-17B-128E-Instruct-FP8,real_news,[2],/eng_x_r/meta-llama_Llama-4-Maverick-17B-128E-Instruct-FP8/tel/CoI_8ce06b8a-e553-4a50-9ec5-3d01a68f241d_tel_rewrite_moderate.json,eng,"[tel,eng]",eng,"[tel,eng]",eng,moderate,DialyNews,y,n,y,n
ea7f0316-606f-42e7-b635-b0cbeb8cca9c,"Imagine being in the midst of a medieval battle, clad in a knight's armour, and experiencing the clash of steel on steel firsthand. A recent video puts you right in the heart of the action, thanks to a GoPro camera worn by one of the fighters during the Black Hawk medieval combat tournament held at the Faucon Noir Fortress in Montbazon, France. The 'Aquila Sequania' team, dressed in historically accurate attire and wielding metal weaponry, brings history to life in this full-contact battle. The footage offers a thrilling first-person perspective, including a dramatic moment where the fighter falls to the ground, giving viewers a glimpse of the battle from a unique vantage point.","మధ్యయుగ యుద్ధం మధ్యలో ఒక గుర్రం కవచంలో ఉన్నట్లు ఊహించండి. ఫ్రాన్స్‌లోని మోంట్‌బాజన్‌లోని ఫాకన్ నోయిర్ కోటలో జరిగిన బ్లాక్ హాక్ మధ్యయుగ పోరాట టోర్నమెంట్‌లో ఒక యోధుడు ధరించిన గోప్రో కెమెరా కారణంగా ఇటీవలి వీడియో మిమ్మల్ని చర్యలోకి తీసుకువెళుతుంది. చారిత్రాత్మకంగా ఖచ్చితమైన దుస్తులు మరియు మెటల్ ఆయుధాలతో 'ఆక్విలా సీక్వేనియా' బృందం ఈ పూర్తి-సంప్రదింపు యుద్ధంలో చరిత్రను సజీవంగా తీసుకువస్తుంది. ఈ ఫుటేజీ ఒక యోధుడు నేలపై పడిపోయిన నాటకీయ క్షణం సహా ఒక ఉత్కంఠభరితమైన మొదటి వ్యక్తి దృక్కోణాన్ని అందిస్తుంది, వీక్షకులకు ప్రత్యేకమైన దృక్కోణం నుండి యుద్ధం యొక్క సంగ్రహావలోకనం అందిస్తుంది.",Experience medieval battle like never before! Watch the thrilling video captured by a GoPro during the Black Hawk tournament in France. #MedievalBattle #HistoryReenacted #GoPro,మధ్యయుగ యుద్ధాన్ని ఎప్పుడూ లేనంతగా అనుభవించండి! ఫ్రాన్స్‌లోని బ్లాక్ హాక్ టోర్నమెంట్‌లో గోప్రో తీసిన ఉత్కంఠభరితమైన వీడియోను చూడండి. #మధ్యయుగయుద్ధం #చరిత్రపునఃసృష్టి #గోప్రో,tel,eng_x,meta-llama_Llama-4-Maverick-17B-128E-Instruct-FP8,real_news,[2],/eng_x_r/meta-llama_Llama-4-Maverick-17B-128E-Instruct-FP8/tel/CoI_ea7f0316-606f-42e7-b635-b0cbeb8cca9c_tel_rewrite_moderate.json,eng,"[tel,eng]",eng,"[tel,eng]",eng,moderate,DialyNews,y,n,y,n
7893fd81-8385-47b5-a3d8-9fd333e59d43,"The Government Accountability Office (GAO) released a report on its undercover investigation into 15 for-profit colleges across six states and Washington D.C., revealing deceptive marketing practices. The investigation found that all 15 colleges made questionable statements about their programs, including 'accreditation, graduation rates, and job prospects'. For instance, one college claimed that graduates of its criminal justice program could work for the FBI or CIA, despite the fact that a bachelor's degree is typically required for such roles. The Obama administration has proposed new rules to limit federal student aid to for-profit colleges that fail to prepare students for 'gainful employment'.","ప్రభుత్వ జవాబుదారీ కార్యాలయం (GAO) ఆరు రాష్ట్రాలు మరియు వాషింగ్టన్ D.C.లోని 15 లాభాపేక్ష గల కళాశాలలపై చేసిన దర్యాప్తు నివేదికను విడుదల చేసింది, ఇది మోసపూరిత మార్కెటింగ్ పద్ధతులను వెల్లడించింది. దర్యాప్తులో అన్ని 15 కళాశాలలు తమ ప్రోగ్రామ్‌ల గురించి ప్రశ్నార్థకమైన ప్రకటనలు చేసినట్లు కనుగొన్నారు. ఒక కళాశాల తన క్రిమినల్ జస్టిస్ ప్రోగ్రామ్ గ్రాడ్యుయేట్లు FBI లేదా CIAలో పని చేయగలరని పేర్కొంది, అయితే ఇది తప్పుదారి పట్టించేది. ఒబామా పరిపాలన లాభాపేక్ష గల కళాశాలలకు సమాఖ్య సహాయాన్ని పరిమితం చేయడానికి కొత్త నియమాలను ప్రతిపాదించింది.",Breaking: GAO report exposes deceptive practices at 15 for-profit colleges! 'Students deserve better than false promises' #ForProfitColleges #HigherEd,'లాభాపేక్ష గల 15 కళాశాలల్లో మోసపూరిత పద్ధతులను GAO నివేదిక బహిర్గతం చేసింది! విద్యార్థులు తప్పుడు వాగ్దానాల కంటే మెరుగైనది deserve పడుతున్నారు' #ForProfitColleges #HigherEd,tel,eng_x,meta-llama_Llama-4-Maverick-17B-128E-Instruct-FP8,real_news,[1],/eng_x_r/meta-llama_Llama-4-Maverick-17B-128E-Instruct-FP8/tel/CoI_7893fd81-8385-47b5-a3d8-9fd333e59d43_tel_polish.json,eng,tel,eng,"[tel,eng]",eng,moderate,DialyNews,y,n,y,n
6ab8f794-a3c4-4377-8fba-ca29c7dfdf86,Treasury Secretary Jacob Lew's new signature has been officially unveiled by the Treasury Department. The new signature is a slight improvement over his previous signature. It will appear on the $5 bill and other denominations this fall.,ఖజానా కార్యదర్శి జాకబ్ లెవ్ యొక్క కొత్త సంతకాన్ని ఖజానా శాఖ ఆవిష్కరించింది. కొత్త సంతకం అతని పూర్వ సంతకం కంటే మెరుగ్గా ఉంది. ఇది ఈ శరదృతువులో $5 నోటు మరియు ఇతర విలువలపై కనిపిస్తుంది.,New sig for US currency: Treasury Secretary Jacob Lew's signature gets a makeover! 'It's a slight improvement over his previous loopy scrawl' #USCurrency #JacobLew,US కరెన్సీ కొత్త సంతకం: ఖజానా కార్యదర్శి జాకబ్ లెవ్ సంతకం మార్పు! 'ఇది అతని మునుపటి సంతకం కంటే కొద్దిగా మెరుగ్గా ఉంది' #USCurrency #JacobLew,tel,eng_x,meta-llama_Llama-4-Maverick-17B-128E-Instruct-FP8,real_news,[1],/eng_x_r/meta-llama_Llama-4-Maverick-17B-128E-Instruct-FP8/tel/CoI_6ab8f794-a3c4-4377-8fba-ca29c7dfdf86_tel_polish.json,eng,tel,eng,"[eng,tel]",eng,moderate,DialyNews,y,n,y,n
46e5daa2-3b6c-4f09-9dd6-1153c55bb45e,"Aretha Franklin and New York Mayor Bill de Blasio were among the guests at a dinner celebrating Reverend Al Sharpton's 60th birthday. Friends of Rev Sharpton ate oysters as Spike Lee read poetry and Ms Franklin paid tribute to the civil rights leader at the Four Seasons hotel. The White House adviser received a birthday note from President Barack Obama and First Lady Michelle. Rev Sharpton served cake to his guests. A black silhouette of Rev Sharpton marked the entrance. Celebrities visited throughout the night to wish Rev Sharpton a happy birthday. Mr de Blasio described the venue as 'a site for a birthday fit for a king'. Rev Sharpton interrupted Mr de Blasio upon Ms Franklin's arrival, saying 'I don't usually interrupt the mayor, but the queen is in the room.' Ms Franklin later called Rev Sharpton 'a man among men'. The event included figures from various fields and mothers of men affected by police brutality.","రెవరెండ్ అల్ షార్ప్టన్ 60వ పుట్టినరోజు వేడుకల్లో అరేథా ఫ్రాంక్లిన్ మరియు న్యూయార్క్ మేయర్ బిల్ డి బ్లాసియో అతిథులుగా హాజరయ్యారు. ఫోర్ సీజన్స్ హోటల్‌లో జరిగిన వేడుకలో స్పైక్ లీ కవితలు చదివారు మరియు అరేథా ఫ్రాంక్లిన్ పౌర హక్కుల నాయకుడికి నివాళి అర్పించారు. వైట్ హౌస్ సలహాదారుకు అధ్యక్షుడు బరాక్ ఒబామా మరియు ప్రథమ మహిళ మిచెల్ నుండి పుట్టినరోజు సందేశం అందింది. రెవరెండ్ షార్ప్టన్ తన అతిథులకు కేక్‌ను అందించారు. నల్లటి సిల్హౌట్ ప్రవేశద్వారం‌ను అలంకరించింది. ప్రముఖులు రాత్రంతా రెవరెండ్ షార్ప్టన్‌కు శుభాకాంక్షలు తెలియజేశారు. బిల్ డి బ్లాసియో ఈ వేదికను 'ఒక రాజుకు సరిపడా పుట్టినరోజు వేడుక' అని అభివర్ణించారు. అరేథా ఫ్రాంక్లిన్ రాకతో రెవరెండ్ షార్ప్టన్ బిల్ డి బ్లాసియోను అడ్డుకుంటూ 'నేను సాధారణంగా మేయర్‌ను అంతరాయం కలిగించను, కానీ రాణి ఇక్కడ ఉన్నారు' అని అన్నారు. అరేథా ఫ్రాంక్లిన్ రెవరెండ్ షార్ప్టన్‌ను 'పురుషులలో పురుషుడు' అని పిలిచారు. ఈ కార్యక్రమంలో వివిధ రంగాలకు చెందిన వ్యక్తులు మరియు పోలీసు క్రూరత్వంతో ప్రభావితమైన పురుషుల తల్లులు పాల్గొన్నారు.","Celebrating a legend! Reverend Al Sharpton's 60th birthday bash was attended by Aretha Franklin, Spike Lee, and more! #AlSharpton #60thBirthday #CivilRights","'ఒక పురాణాన్ని జరుపుకుంటున్నాం! రెవరెండ్ అల్ షార్ప్టన్ 60వ పుట్టినరోజు వేడుకలకు అరేథా ఫ్రాంక్లిన్, స్పైక్ లీ మరియు ఇతరులు హాజరయ్యారు! #అల్‌షార్ప్టన్ #60వ_పుట్టినరోజు #పౌర_హక్కులు'",tel,eng_x,meta-llama_Llama-4-Maverick-17B-128E-Instruct-FP8,real_news,[0],/eng_x_r/meta-llama_Llama-4-Maverick-17B-128E-Instruct-FP8/tel/CoI_46e5daa2-3b6c-4f09-9dd6-1153c55bb45e_tel_edit.json,eng,"[tel,eng]",eng,"[tel,eng]",eng,light,DialyNews,y,n,y,n
5d981815-3366-4acc-8d58-2b8a68d29264,"Louis van Gaal claimed that Manchester United's fighting spirit will take them back into the top four after Robin van Persie's last-minute equaliser against Chelsea at Old Trafford. Van Gaal criticised Van Persie's 'stupid' reaction to scoring, which led to a booking. Jose Mourinho was furious with referee Phil Dowd's decision to send off Branislav Ivanovic.",లూయిస్ వాన్ గాల్ మాంచెస్టర్ యునైటెడ్ యొక్క పోరాట స్ఫూర్తిని ప్రశంసించాడు. వాన్ పెర్సీ చివరి నిమిషాల్లో గోల్ చేసిన తర్వాత జరిగిన సంఘటనలను వివరించాడు. జోస్ మౌరిన్హో రిఫరీ నిర్ణయాలను విమర్శించాడు.,Manchester United fight back to 1-1 draw against Chelsea with Robin van Persie's late equaliser! #MUFC #CFC,రాబిన్ వాన్ పెర్సీ చివరి నిమిషంలో గోల్ చేసి మాంచెస్టర్ యునైటెడ్‌ను చెర్ల్సీతో 1-1 డ్రా చేసుకునేలా చేసాడు! #MUFC #CFC,tel,eng_x,meta-llama_Llama-4-Maverick-17B-128E-Instruct-FP8,real_news,[1],/eng_x_r/meta-llama_Llama-4-Maverick-17B-128E-Instruct-FP8/tel/CoI_5d981815-3366-4acc-8d58-2b8a68d29264_tel_polish.json,eng,tel,eng,tel,eng,moderate,DialyNews,y,n,y,n
11c2cd2b-a4d9-4176-8433-561f3b1296ef,"A defiant protest occurred in Tehran's Haft-e Tir Square on Monday despite warnings from Iran's Revolutionary Guard. The protests followed the presidential election, where Mahmoud Ahmadinejad was declared the winner with 62.63% of the vote. Security forces used batons and a spray to disperse the crowd, resulting in at least eight arrests.","ఇరాన్ యొక్క రివల్యూషనరీ గార్డ్ హెచ్చరికలు ఉన్నప్పటికీ సోమవారం నాడు తేహ్రాన్ యొక్క హఫ్త్-ఇ తిర్ స్క్వేర్‌లో ధిక్కరణ నిరసన జరిగింది. మహ్మూద్ అహ్మదీనేజాద్ 62.63% ఓట్లతో విజేతగా ప్రకటించబడిన అధ్యక్ష ఎన్నికల తర్వాత నిరసనలు జరిగాయి. భద్రతా దళాలు జనసమూహాన్ని చెదరగొట్టడానికి లాఠీలు మరియు స్ప్రేను ఉపయోగించాయి, ఫలితంగా కనీసం ఎనిమిది మందిని అరెస్టు చేశారు.",Iran protests: Defiant demonstrations in Tehran's Haft-e Tir Square despite Revolutionary Guard warnings. #IranProtests #Tehran,ఇరాన్ నిరసనలు: తేహ్రాన్ హఫ్త్-ఇ తిర్ స్క్వేర్‌లో రివల్యూషనరీ గార్డ్ హెచ్చరికలు ఉన్నప్పటికీ ధిక్కరణ నిరసనలు. #ఇరాన్_నిరసనలు #తెహ్రాన్,tel,eng_x,meta-llama_Llama-4-Maverick-17B-128E-Instruct-FP8,real_news,[1],/eng_x_r/meta-llama_Llama-4-Maverick-17B-128E-Instruct-FP8/tel/CoI_11c2cd2b-a4d9-4176-8433-561f3b1296ef_tel_polish.json,eng,tel,eng,tel,eng,moderate,DialyNews,y,n,y,n
f0c528e4-8c2f-4e7e-9e13-efa3868568d2,"Justin Bieber collapsed on stage during a concert at London's O2 arena due to 'breathing difficulties'. Despite doctors' advice to stop, Bieber insisted on finishing the show for his fans. He was taken to the hospital after the concert and tweeted his appreciation for his fans' support. Bieber was reportedly two hours late for his debut gig, but he claimed he was only 40 minutes late due to technical issues. A source close to Bieber described the accounts of his tantrums as 'wildly exaggerated'.","జస్టిన్ బీబర్ లండన్‌లోని O2 అరేనాలో జరిగిన కచేరీలో 'శ్వాస తీసుకోవడంలో ఇబ్బంది' కారణంగా స్టేజిపై కుప్పకూలిపోయాడు. డాక్టర్ల సలహా మేరకు ప్రదర్శనను ఆపివేయాలని చెప్పినప్పటికీ, బీబర్ తన అభిమానుల కోసం కచేరీని పూర్తి చేయాలని పట్టుబట్టాడు. కచేరీ తర్వాత అతడిని ఆసుపత్రికి తీసుకెళ్లారు మరియు అతను తన అభిమానులకు కృతజ్ఞతలు తెలిపాడు. బీబర్ తన మొదటి ప్రదర్శనకు రెండు గంటలు ఆలస్యంగా వచ్చాడని నివేదికలు వచ్చాయి, కానీ అతను సాంకేతిక సమస్యల కారణంగా 40 నిమిషాలు మాత్రమే ఆలస్యమయ్యానని చెప్పాడు. బీబర్‌కు దగ్గరగా ఉన్న మూలం అతని తంత్రాల కథనాలను 'అతిశయోక్తి' అని పేర్కొంది.",Justin Bieber collapses on stage at London's O2 arena due to 'breathing difficulties' but insists on finishing the concert for his fans! #JustinBieber #BieberConcert,లండన్‌లోని O2 అరేనాలో 'శ్వాస తీసుకోవడంలో ఇబ్బంది' కారణంగా జస్టిన్ బీబర్ స్టేజిపై కుప్పకూలిపోయాడు కానీ అభిమానుల కోసం కచేరీని పూర్తి చేయాలని పట్టుబట్టాడు! #జస్టిన్_బీబర్ #బీబర్_కచేరీ,tel,eng_x,meta-llama_Llama-4-Maverick-17B-128E-Instruct-FP8,real_news,[0],/eng_x_r/meta-llama_Llama-4-Maverick-17B-128E-Instruct-FP8/tel/CoI_f0c528e4-8c2f-4e7e-9e13-efa3868568d2_tel_edit.json,eng,tel,eng,"[tel,eng]",eng,light,DialyNews,y,n,y,n
be6baea0-6233-4e9b-8bee-8fdc0f4e2271,"Sebastian Giovinco, Italy's international footballer, is considering leaving Juventus in January due to his struggle to secure a regular spot. The 27-year-old has previously been on loan at Empoli and Parma and has been linked with English clubs like Arsenal, Tottenham, Liverpool, and Chelsea. Giovinco's preference is to stay in Turin, but he recognizes the need for a change. As his contract is set to expire at the end of the season, Juventus has not yet started discussions about extending it.","సెబాస్టియన్ జియోవిన్కో, ఇటలీ అంతర్జాతీయ ఫుట్బాల్ క్రీడాకారుడు, జువెంటస్‌లో తనకు సాధారణ ఆట సమయం దొరకకపోవడం వల్ల జనవరిలో జువెంటస్‌ను విడిచిపెట్టే అవకాశాన్ని పరిశీలిస్తున్నాడు. ఈ 27 ఏళ్ల ఆటగాడు ముందుగా ఎంపోలి మరియు పర్మా జట్లకు లోన్‌పై వెళ్లాడు మరియు అతనిపై ఆర్సెనల్, టోటెన్హామ్, లివర్పూల్, మరియు చెల్సియా వంటి ఇంగ్లీష్ క్లబ్‌లు ఆసక్తి చూపాయి. జియోవిన్కో ఒప్పందం సీజన్ ముగింపులో ముగుస్తుంది మరియు జువెంటస్ దాని పొడిగింపు గురించి చర్చించడం ప్రారంభించలేదు.",Sebastian Giovinco considers leaving Juventus in January due to lack of playing time! #Juventus #SebastianGiovinco #Football,సెబాస్టియన్ జియోవిన్కో ఆట సమయం లేకపోవడం వల్ల జనవరిలో జువెంటస్‌ను విడిచిపెట్టే అవకాశాన్ని పరిశీలిస్తున్నాడు! #జువెంటస్ #సెబాస్టియన్_జియోవిన్కో #ఫుట్బాల్,tel,eng_x,meta-llama_Llama-4-Maverick-17B-128E-Instruct-FP8,real_news,[2],/eng_x_r/meta-llama_Llama-4-Maverick-17B-128E-Instruct-FP8/tel/CoI_be6baea0-6233-4e9b-8bee-8fdc0f4e2271_tel_rewrite_moderate.json,eng,tel,eng,tel,eng,moderate,DialyNews,y,n,y,n
9b876a46-580a-4e4b-92f7-23ca902b475f,"Dimitar Berbatov, the 29-year-old striker for Manchester United and Bulgaria, has announced his immediate retirement from international football. Berbatov, who captained Bulgaria, achieved a national record of 48 goals in 74 matches. Bulgaria failed to qualify for the 2010 World Cup finals in South Africa, and Berbatov faced criticism for his performances. At a press conference in Sofia, Berbatov said, 'It isn't a decision I took lightly.' He added, 'Everything has a beginning and an end, and that end is today. I feel exhausted.' Berbatov had a challenging season at Manchester United, struggling to make an impact after joining from Tottenham in August 2008.","మాంచెస్టర్ యునైటెడ్ మరియు బల్గేరియాకు చెందిన స్ట్రైకర్ దిమితార్ బెర్బాటోవ్ అంతర్జాతీయ ఫుట్‌బాల్ నుండి తక్షణమే రిటైర్ అయ్యారు. బెర్బాటోవ్ తన దేశానికి కెప్టెన్‌గా వ్యవహరించాడు మరియు 74 మ్యాచ్‌లలో జాతీయ రికార్డు స్థాయిలో 48 గోల్స్ చేశాడు. బల్గేరియా 2010 ప్రపంచ కప్‌కు క్వాలిఫై కాలేకపోయింది మరియు బెర్బాటోవ్ ప్రదర్శనలు విమర్శలకు గురయ్యాయి. సోఫియాలో జరిగిన విలేకరుల సమావేశంలో బెర్బాటోవ్ 'ఇది నేను తేలికగా తీసుకున్న నిర్ణయం కాదు' అని పేర్కొన్నాడు. 'ప్రతిదానికీ ఒక ప్రారంభం మరియు ముగింపు ఉంటుంది, మరియు ఈ రోజు ఆ ముగింపు. నేను అలసిపోయాను' అని అతను చెప్పాడు. ఆగస్టు 2008లో టోటెన్‌హామ్ నుండి మాంచెస్టర్ యునైటెడ్‌కు వచ్చిన తర్వాత బెర్బాటోవ్ తన ప్రభావాన్ని చూపలేకపోయాడు.","Breaking: Dimitar Berbatov retires from international football! 'I feel exhausted,' says the Bulgarian captain #Berbatov #Football",'అంతర్జాతీయ ఫుట్‌బాల్‌కు స్వస్తి' బల్గేరియన్ కెప్టెన్ దిమితార్ బెర్బాటోవ్ #బెర్బాటోవ్ #ఫుట్‌బాల్',tel,eng_x,meta-llama_Llama-4-Maverick-17B-128E-Instruct-FP8,real_news,[1],/eng_x_r/meta-llama_Llama-4-Maverick-17B-128E-Instruct-FP8/tel/CoI_9b876a46-580a-4e4b-92f7-23ca902b475f_tel_polish.json,eng,"[tel,eng]",eng,tel,eng,moderate,DialyNews,y,n,y,n
e1acebba-3d7f-4aaf-a6f2-f6ac60bf18ea,"Barack Obama and Mitt Romney resumed their campaigning on Monday, focusing on the economy as crucial to winning American votes in November. In Cincinnati, Obama stated he aimed to restore 'the basic bargain that made America great.' Romney, in a 'Fox & Friends' interview, emphasized that the key issue was reviving the American economy. Obama referenced a report by nonpartisan economists suggesting Romney's tax plan could create 800,000 jobs, but potentially outside the U.S.","బరాక్ ఒబామా మరియు మిట్ రోమ్నీ తమ ప్రచారాన్ని సోమవారం తిరిగి ప్రారంభించారు, నవంబర్‌లో అమెరికన్ ఓటర్లను గెలుచుకోవడంలో ఆర్థిక వ్యవస్థ కీలకమని ఇద్దరూ దృష్టి సారించారు. సిన్సినాటిలో ఒబామా మద్దతుదారులకు 'అమెరికాను గొప్ప దేశంగా మార్చిన ప్రాథమిక ఒప్పందాన్ని పునరుద్ధరించడానికి' తాను నాలుగు సంవత్సరాల క్రితం పదవిని చేపట్టానని చెప్పారు. రోమ్నీ 'ఫాక్స్ & ఫ్రెండ్స్' ఇంటర్వ్యూలో ప్రజలకు ఆశాజనకమైన భవిష్యత్తును కల్పించడానికి అమెరికన్ ఆర్థిక వ్యవస్థను పునరుద్ధరించడం ప్రధాన సమస్య అని నొక్కిచెప్పారు.","Here's the latest: Obama & Romney go head-to-head on the economy! 'If you work hard, you can get ahead,' says Obama. 'It's about getting the economy going again,' counters Romney. #USPresidentialElection #ObamaVsRomney","'కష్టపడితే ముందుకు వెళ్లవచ్చు' అని ఒబామా అంటే, 'ఆర్థిక వ్యవస్థను పునరుద్ధరించడం ప్రధానం' అని రోమ్నీ అంటున్నారు. #USPresidentialElection #ObamaVsRomney",tel,eng_x,meta-llama_Llama-4-Maverick-17B-128E-Instruct-FP8,real_news,[0],/eng_x_r/meta-llama_Llama-4-Maverick-17B-128E-Instruct-FP8/tel/CoI_e1acebba-3d7f-4aaf-a6f2-f6ac60bf18ea_tel_edit.json,eng,tel,eng,"[tel,eng]",eng,light,DialyNews,y,n,y,n
7cb9af54-e715-4058-a452-4b8c27300140,"The midterm elections are approaching. The big question will be what happens to control of the House and Senate. Mainstream Republicans are trying to take back their party from Tea Party-backed candidates. Former Ohio Rep. Steven LaTourette and the Main Street Partnership, backed by the corporate world, are countering the Tea Party's influence. In Idaho's 2nd District, Rep. Mike Simpson faces a challenge from Bryan Smith, a Tea Party Republican. Democrats are hoping to benefit from Republican turmoil, particularly in Florida's 13th and 2nd Districts. The politics of immigration will be significant, especially in Colorado's 6th District where Mike Coffman is struggling to retain his seat. Both parties are focusing on national issues like the minimum wage and 'Obamacare'. The cost of campaigning is rising, with independent organizations ready to spend heavily.","మధ్యంతర ఎన్నికలు సమీపిస్తున్నాయి. హౌస్ మరియు సెనేట్ నియంత్రణ ఏమవుతుందనేది పెద్ద ప్రశ్న. ముఖ్య స్రవంతి రిపబ్లికన్లు తమ పార్టీని టీ పార్టీ మద్దతు ఉన్న అభ్యర్థుల నుండి తిరిగి తీసుకోవడానికి ప్రయత్నిస్తున్నారు. మాజీ ఒహియో ప్రతినిధి స్టీవెన్ లాటోరెట్ మరియు మెయిన్ స్ట్రీట్ పార్టనర్షిప్, కార్పొరేట్ ప్రపంచం మద్దతుతో, టీ పార్టీ ప్రభావాన్ని ఎదుర్కొంటున్నారు. ఇడాహో 2వ జిల్లాలో, ప్రతినిధి మైక్ సింప్సన్ టీ పార్టీ రిపబ్లికన్ అయిన బ్రయాన్ స్మిత్ నుండి సవాలును ఎదుర్కొంటున్నారు. డెమొక్రాట్లు రిపబ్లికన్ సంక్షోభం నుండి ప్రయోజనం పొందాలని ఆశిస్తున్నారు, ముఖ్యంగా ఫ్లోరిడా 13వ మరియు 2వ జిల్లాల్లో. వలస రాజకీయాలు కీలకమైనవి, ముఖ్యంగా కొలరాడో 6వ జిల్లాలో మైక్ కాఫ్మాన్ తన స్థానాన్ని నిలబెట్టుకోవడానికి కష్టపడుతున్నారు. రెండు పార్టీలు జాతీయ సమస్యలైన కనీస వేతనం మరియు 'ఒబామాకేర్' పై దృష్టి సారిస్తున్నాయి. స్వతంత్ర సంస్థలు భారీగా ఖర్చు చేయడానికి సిద్ధంగా ఉండటంతో ప్రచారం ఖర్చు పెరుగుతోంది.","Here's the latest on the US midterm elections: Mainstream Republicans vs Tea Party candidates, Democrats eyeing Republican troubles, and key issues like immigration and minimum wage. #USElections #MidtermElections","యుఎస్ మధ్యంతర ఎన్నికలపై తాజా సమాచారం: ముఖ్య స్రవంతి రిపబ్లికన్లు వర్సెస్ టీ పార్టీ అభ్యర్థులు, రిపబ్లికన్ సమస్యలను డెమొక్రాట్లు ఆశించడం, మరియు వలసలు, కనీస వేతనం వంటి కీలక సమస్యలు. #USఎన్నికలు #మధ్యంతరఎన్నికలు",tel,eng_x,meta-llama_Llama-4-Maverick-17B-128E-Instruct-FP8,real_news,[0],/eng_x_r/meta-llama_Llama-4-Maverick-17B-128E-Instruct-FP8/tel/CoI_7cb9af54-e715-4058-a452-4b8c27300140_tel_edit.json,eng,"[tel,eng]",eng,tel,eng,light,DialyNews,y,n,y,n
b27088a4-1dec-4322-8028-265b7754a38e,"Tatyana Fazlalizadeh's 'Stop Telling Women to Smile' project has gained global recognition for its powerful stance against street harassment. Before encountering the term 'street harassment,' Fazlalizadeh viewed catcalls and hisses as an 'annoying part of everyday life' for women. The project's posters display strong messages such as 'You can keep your thoughts on my body to yourself' and 'Women don't owe you anything,' with the aim of deterring street harassment. Fazlalizadeh traveled extensively over a year and a half to gather women's experiences with street harassment, observing that while the forms of harassment differ by location, the negative impact is universal. The project has initiated discussions, with some individuals defacing the posters and others engaging in handwritten debates. Fazlalizadeh stresses that the intention behind a comment or action is less significant than its impact on the woman's feelings.","తత్యానా ఫజ్లాలిజాదే యొక్క 'స్టాప్ టెల్లింగ్ ఉమెన్ టు స్మైల్' ప్రాజెక్ట్ వీధి వేధింపులకు వ్యతిరేకంగా గ్లోబల్ గుర్తింపు పొందింది. వీధి వేధింపుల పదాన్ని ఎదుర్కొనే ముందు, ఫజ్లాలిజాదే కాట్‌కాల్స్ మరియు హిసెస్‌ను స్త్రీలకు రోజువారీ జీవితంలో భాగంగా భావించారు. ప్రాజెక్ట్ పోస్టర్లు బలమైన సందేశాలను ప్రదర్శిస్తాయి. ఫజ్లాలిజాదే మహిళల అనుభవాలను సేకరించడానికి వివిధ నగరాలకు వెళ్లారు. ఈ ప్రాజెక్ట్ చర్చలను ప్రారంభించింది. ఒక చర్య వెనుక ఉద్దేశం కంటే దాని ప్రభావం ముఖ్యమని ఫజ్లాలిజాదే నొక్కిచెప్పారు.",Discover Tatyana Fazlalizadeh's 'Stop Telling Women to Smile' project! It's sparking global conversations about street harassment with powerful posters. #StopStreetHarassment #WomenEmpowerment,తత్యానా ఫజ్లాలిజాదే యొక్క 'స్టాప్ టెల్లింగ్ ఉమెన్ టు స్మైల్' ప్రాజెక్టును కనుగొనండి! ఇది శక్తివంతమైన పోస్టర్లతో వీధి వేధింపులపై ప్రపంచవ్యాప్త చర్చలను ప్రారంభిస్తోంది. #StopStreetHarassment #WomenEmpowerment,tel,eng_x,meta-llama_Llama-4-Maverick-17B-128E-Instruct-FP8,real_news,[2],/eng_x_r/meta-llama_Llama-4-Maverick-17B-128E-Instruct-FP8/tel/CoI_b27088a4-1dec-4322-8028-265b7754a38e_tel_rewrite_complete.json,eng,tel,eng,"[tel,eng]",eng,complete,DialyNews,n,y,y,n
18fef589-7551-4e0f-9d01-0c599de88894,"Minnesota Vikings star Adrian Peterson has reached a plea agreement in his child abuse case. The 29-year-old running back pleaded no contest to a misdemeanor charge of reckless assault. As part of the agreement, Peterson will pay a fine of $4,000, serve 80 hours of community service, attend parenting classes, and be on probation for two years. Peterson expressed regret for the incident and took full responsibility for his actions.","మిన్నెసోటా వైకింగ్స్ తార ఆడ్రియన్ పీటర్సన్ తన చైల్డ్ అబ్యూస్ కేసులో పిటిషన్ ఒప్పందానికి వచ్చాడు. 29 ఏళ్ల రన్నింగ్ బ్యాక్ నిర్లక్ష్య దాడి అనే తప్పుడు ఆరోపణకు సంబంధించి 'నేను పోటీ చేయను' అని వేడుకున్నాడు. ఒప్పందంలో భాగంగా, పీటర్సన్ $4,000 జరిమానా చెల్లిస్తాడు, 80 గంటల కమ్యూనిటీ సేవ చేస్తాడు, తల్లిదండ్రుల తరగతులకు హాజరవుతాడు మరియు రెండు సంవత్సరాలు ప్రొబేషన్లో ఉంటాడు. పీటర్సన్ ఈ సంఘటనకు పశ్చాత్తాపం వ్యక్తం చేశాడు మరియు తన చర్యలకు పూర్తి బాధ్యత వహించాడు.","Breaking: Minnesota Vikings star Adrian Peterson reaches plea agreement in child abuse case! 'I truly regret this incident,' says Peterson. #AdrianPeterson #NFL",బ్రేకింగ్: మిన్నెసోటా వైకింగ్స్ తార ఆడ్రియన్ పీటర్సన్ చైల్డ్ అబ్యూస్ కేసులో పిటిషన్ ఒప్పందానికి వచ్చాడు! 'నేను ఈ సంఘటనకు నిజంగా పశ్చాత్తాపం చెందుతున్నాను' అని పీటర్సన్ చెప్పాడు. #AdrianPeterson #NFL,tel,eng_x,meta-llama_Llama-4-Maverick-17B-128E-Instruct-FP8,real_news,[1],/eng_x_r/meta-llama_Llama-4-Maverick-17B-128E-Instruct-FP8/tel/CoI_18fef589-7551-4e0f-9d01-0c599de88894_tel_polish.json,eng,tel,eng,"[tel,eng]",eng,moderate,DialyNews,y,n,y,n
5094a607-125f-4450-ac74-84c43f33fe3b,"Australia's Deputy Liberal Leader, Julie Bishop, has indicated that the Coalition Government may need to compromise on certain key Budget measures to ensure its passage through the Senate. Senior government ministers, including Finance Minister Mathias Cormann and Health Minister Peter Dutton, have hinted at potential 'adjustments' to the Budget. The proposed $7 GP co-payment, changes to family benefits, and university reforms are among the most contentious issues. However, Independent Senator Nick Xenophon has warned that only significant changes will secure his support.","ఆస్ట్రేలియా ఉప లిబరల్ నాయకురాలు జూలీ బిషప్, సెనేట్‌లో బడ్జెట్‌ను ఆమోదించడానికి కొన్ని కీలక చర్యలపై కూటమి ప్రభుత్వం రాజీ పడవలసి ఉంటుందని సూచించారు. ఆర్థిక మంత్రి మాథియాస్ కోర్మాన్ మరియు ఆరోగ్య మంత్రి పీటర్ డట్టన్ వంటి సీనియర్ ప్రభుత్వ మంత్రులు బడ్జెట్‌లో సంభావ్య 'సర్దుబాట్ల'ను సూచించారు. ప్రతిపాదిత $7 GP కో-పేమెంట్, కుటుంబ ప్రయోజనాలలో మార్పులు మరియు విశ్వవిద్యాలయ సంస్కరణలు అత్యంత వివాదాస్పద అంశాలు. అయితే, స్వతంత్ర సెనేటర్ నిక్ జెనోఫోన్ తన మద్దతును పొందాలంటే గణనీయమైన మార్పులు మాత్రమే సరిపోతాయని హెచ్చరించారు.",Breaking: Australia's Coalition Government considers compromising on key Budget measures to pass Senate! Stay tuned for updates! #AustralianPolitics #Budget2023,బ్రేకింగ్: సెనేట్‌లో బడ్జెట్ ఆమోదం కోసం కూటమి ప్రభుత్వం కీలక చర్యలపై రాజీ పడనుంది! #ఆస్ట్రేలియన్_రాజకీయాలు #బడ్జెట్2023,tel,eng_x,meta-llama_Llama-4-Maverick-17B-128E-Instruct-FP8,real_news,[2],/eng_x_r/meta-llama_Llama-4-Maverick-17B-128E-Instruct-FP8/tel/CoI_5094a607-125f-4450-ac74-84c43f33fe3b_tel_rewrite_light.json,eng,tel,eng,tel,eng,light,DialyNews,y,n,y,n
8aaef068-b1e8-4afb-93f2-0184ffe4588e,"The restriction on poppy cultivation has severely impacted a key trade for hundreds of thousands of farmers and laborers. Poppy cultivation and opium production have plunged more than 90 percent in Afghanistan since Taliban authorities banned the crop in April 2022, according to a UN report published on Sunday. Poppy cultivation dropped by around 95 percent – from 233,000 hectares at the end of 2022 to 10,800 in 2023 – according to the report from the UN Office on Drugs and Crime (UNODC). Opium production fell from 6,200 tonnes to 333 tonnes over the same period, giving a major blow to Afghan farmers who experienced a $1 billion drop in revenue. UN officials noted that while this trend could help fight the illicit opium trade, it also presented risks to a vulnerable population dependent on the poppy trade. 'This presents a real opportunity to build towards long-term results against the illicit opium market,' said Ghada Waly, executive director of UNODC. 'At the same time, there are important consequences and risks that need to be addressed for a positive and sustainable outcome, especially for the people of Afghanistan.' Afghanistan has faced humanitarian and financial hardships since the Taliban took power in August 2021. The group has struggled to revive the economy due to international sanctions and financial isolation. Opium poppy contains the main ingredient used to manufacture heroin. Afghanistan was previously the world's top opium producer and a major source of heroin in Europe and Asia. The Taliban once generated an estimated $400 million from the trade between 2018 and 2019. However, they have pledged to eliminate this drug cultivation enterprise and instituted a formal ban in April 2022. This has been devastating to rural farmers and compounded the humanitarian crisis. More than two years later, Afghans continue to struggle with drought and the effects of decades of war. Over 40 percent of Afghans suffer from acute food insecurity, and more than half rely on humanitarian aid. The UNODC executive director emphasized the need for 'strong investment in sustainable livelihoods to provide Afghans with opportunities away from opium.' The financial shock to the opiate supply chain could drive other illegal activities, the UNODC report said. A September report noted Afghanistan is the world's fastest-growing maker of methamphetamine.","'అఫ్గానిస్తాన్‌లో పొగాకు పంట నిషేధం వల్ల నల్లమందు ఉత్పత్తి తీవ్రంగా పడిపోయింది.' 'టాలిబాన్ నిషేధం తరువాత పొగాకు సాగు మరియు నల్లమందు ఉత్పత్తి 90 శాతం పడిపోయింది' అని UN నివేదిక పేర్కొంది. 'ఈ మార్పు నల్లమందు అక్రమ వ్యాపారాన్ని తగ్గించడంలో సహాయపడుతుంది, అయితే పొగాకుపై ఆధారపడిన జనాభాకు ఇది ప్రమాదాలను కలిగిస్తుంది' అని UNODC డైరెక్టర్ ఘడా వాలీ అన్నారు. 'అఫ్గానిస్తాన్‌కు సుస్థిర జీవనోపాధి అవకాశాలలో బలమైన పెట్టుబడి అవసరం' అని ఆమె అన్నారు.",Breaking: Taliban's poppy cultivation ban causes 90% drop in opium production in Afghanistan! This drastic change brings both hope and challenges. #Afghanistan #Opium #Taliban,'అఫ్గానిస్తాన్‌లో టాలిబాన్ పొగాకు సాగు నిషేధం వల్ల నల్లమందు ఉత్పత్తి 90% పడిపోయింది!' ఈ మార్పు ఆశలతో పాటు సవాళ్లను కూడా తెస్తుంది. #అఫ్గానిస్తాన్ #నల్లమందు #టాలిబాన్,tel,eng_x,meta-llama_Llama-4-Maverick-17B-128E-Instruct-FP8,real_news,[0],/eng_x_r/meta-llama_Llama-4-Maverick-17B-128E-Instruct-FP8/tel/CoI_8aaef068-b1e8-4afb-93f2-0184ffe4588e_tel_edit.json,eng,"[tel,eng]",eng,tel,eng,light,GlobalNews,y,n,y,n
d49426b1-4d68-43bd-b14c-c87e23f56f92,"Southampton's executive director, Les Reed, addressed the media to clarify transfer rumors surrounding manager Mauricio Pochettino and several players. Reed assured that Pochettino would stay, but the manager later joined Tottenham. The article highlights uncertainty around key players Adam Lallana, Luke Shaw, and Dejan Lovren, who are linked to other clubs.","సౌతాంప్టన్ ఎగ్జిక్యూటివ్ డైరెక్టర్ లెస్ రీడ్ మేనేజర్ మౌరిచియో పోచెట్టినో మరియు ఆటగాళ్ల బదిలీ పుకార్లను స్పష్టం చేశారు. పోచెట్టినో ఉంటారని రీడ్ హామీ ఇచ్చారు, కానీ సీజన్ ముగిసిన తర్వాత మేనేజర్ టోటెన్హామ్‌లో చేరారు. ఆడమ్ లల్లానా, లుక్ షా, మరియు డేజాన్ లోవ్రెన్ వంటి కీలక ఆటగాళ్లు ఇతర క్లబ్‌లతో ముడిపడి ఉన్నారని వ్యాసం పేర్కొంది.","Breaking: Southampton's Les Reed assures Pochettino's staying, but he leaves for Tottenham! #Southampton #Pochettino #Tottenham","బ్రేకింగ్: సౌతాంప్టన్ లెస్ రీడ్ పోచెట్టినో ఉంటారని హామీ ఇచ్చారు, కానీ అతను టోటెన్హామ్‌కు వెళ్లారు! #సౌతాంప్టన్ #పోచెట్టినో #టోటెన్హామ్",tel,eng_x,meta-llama_Llama-4-Maverick-17B-128E-Instruct-FP8,real_news,[1],/eng_x_r/meta-llama_Llama-4-Maverick-17B-128E-Instruct-FP8/tel/CoI_d49426b1-4d68-43bd-b14c-c87e23f56f92_tel_polish.json,eng,"[tel,eng]",eng,tel,eng,moderate,DialyNews,y,n,y,n
eb2da25d-76be-4d17-8b60-8bc07e542086,"Filmmakers Ellen and Jim Hubbard are releasing a documentary titled 'Museum of Government Waste' this year, detailing their attempt to secure an earmark from Congress. The documentary follows their five-year journey, including meetings with Congress members and lobbyists. When they hinted at having a wealthy backer, Congress members' attitudes changed significantly. The Hubbards used hidden cameras to document their interactions. They plan to open a Museum of Government Waste in Washington DC, aided by David Williams of the Taxpayers Protection Alliance.",ఎలెన్ మరియు జిమ్ హబ్బర్డ్ చిత్రనిర్మాతలు 'మ్యూజియం ఆఫ్ గవర్నమెంట్ వేస్ట్' అనే డాక్యుమెంటరీని విడుదల చేస్తున్నారు. ఈ డాక్యుమెంటరీలో వారు కాంగ్రెస్ నుండి నిధులు పొందడానికి చేసిన ప్రయత్నాలు ఉన్నాయి. వారు ధనిక బ్యాకర్‌ను కలిగి ఉన్నారని చెప్పినప్పుడు కాంగ్రెస్ సభ్యుల ప్రతిస్పందనలో మార్పు వచ్చింది. వారు తమ పరస్పర చర్యలను డాక్యుమెంట్ చేయడానికి దాచిన కెమెరాలను ఉపయోగించారు. వాషింగ్టన్ DCలో మ్యూజియం ఆఫ్ గవర్నమెంట్ వేస్ట్‌ను ప్రారంభించాలని వారు యోచిస్తున్నారు.,Discover the shocking truth about 'pork barrel' projects! 'Museum of Government Waste' documentary exposes Congress's questionable spending habits. #GovernmentWaste #Transparency,'పంది బారెల్' ప్రాజెక్టుల గురించిన నిజం తెలుసుకోండి! 'మ్యూజియం ఆఫ్ గవర్నమెంట్ వేస్ట్' డాక్యుమెంటరీ కాంగ్రెస్ యొక్క ప్రశ్నార్థక ఖర్చు అలవాట్లను బహిర్గతం చేస్తుంది. #ప్రభుత్వ_వ్యర్థం #పారదర్శకత,tel,eng_x,meta-llama_Llama-4-Maverick-17B-128E-Instruct-FP8,real_news,[2],/eng_x_r/meta-llama_Llama-4-Maverick-17B-128E-Instruct-FP8/tel/CoI_eb2da25d-76be-4d17-8b60-8bc07e542086_tel_rewrite_light.json,eng,tel,eng,"[tel,eng]",eng,light,DialyNews,y,n,y,n
5b1eba9f-f553-43b6-85bb-4ab6e972c019,"A trip to Brisbane to pick a Year 12 formal dress ended in tragedy for Emily Payne, a 16-year-old schoolgirl, who was killed in a car accident last Sunday while returning to her hometown of Roma in south west Queensland. Emily was a passenger in a silver sedan driven by her cousin when the car lost control and collided with a tree off a gravel road outside Chinchilla on Cameby Rd. Emily's twin sister, Abby Payne, described her as outgoing, happy, and independent, and said she was reeling from the sudden loss. Emily was due to finish her last year of high school at Roma State College, where a tribute will be held on Monday.","బ్రిస్బేన్‌లో యేర్ 12 ఫార్మల్ డ్రెస్ కొనుగోలుకు వెళ్లిన ఎమిలీ పేన్ అనే 16 ఏళ్ల పాఠశాల విద్యార్థిని దక్షిణ పశ్చిమ క్వీన్స్‌లాండ్‌లోని రోమా అనే తన స్వస్థలానికి తిరిగి వస్తుండగా కారు ప్రమాదంలో చనిపోయింది. ఎమిలీ తన కజిన్ నడిపే సిల్వర్ సెడాన్‌లో ప్రయాణిస్తుండగా చిన్చిల్లా వెలుపల కామ్బై రోడ్డులో చెట్టును ఢీకొట్టింది. ఎమిలీ సోదరి అబ్బి పేన్ ఆమెను స్నేహపూర్వకంగా, సంతోషంగా మరియు స్వతంత్రంగా అభివర్ణించింది మరియు ఆమె ఆకస్మిక మరణం తనను కలచివేసిందని చెప్పింది. ఎమిలీ రోమా స్టేట్ కాలేజీలో తన చివరి సంవత్సరం పూర్తి చేయబోతోంది, అక్కడ సోమవారం నివాళులు అర్పించనున్నారు.",Tragedy strikes as 16-year-old Emily Payne dies in car accident on her way home from buying Year 12 formal dress in Brisbane. #RIP #Year12 #Tragedy,బ్రిస్బేన్‌లో యేర్ 12 ఫార్మల్ డ్రెస్ కొనుగోలు చేసి ఇంటికి వెళ్తున్న 16 ఏళ్ల ఎమిలీ పేన్ కారు ప్రమాదంలో మరణం. #RIP #Year12 #Tragedy,tel,eng_x,meta-llama_Llama-4-Maverick-17B-128E-Instruct-FP8,real_news,[1],/eng_x_r/meta-llama_Llama-4-Maverick-17B-128E-Instruct-FP8/tel/CoI_5b1eba9f-f553-43b6-85bb-4ab6e972c019_tel_polish.json,eng,tel,eng,"[tel,eng]",eng,moderate,DialyNews,y,n,y,n
f27462a8-e186-48fc-8224-c7758452d4f6,"Czech photographer Dita Pepe has spent 15 years re-imagining her life with different partners in her 'Self Portraits with Men' series. Dita seamlessly blends into various domestic family portraits. She adopts the clothing and mannerisms of the women's partners she portrays. The images offer insights into diverse family lives and backgrounds. Dita started with men she knew, later approaching strangers for the project. Her work has deepened her understanding of family dynamics. Dita initiated her 'Self Portraits' series in 1999, initially focusing on women before including men.","'సెల్ఫ్ పోర్ట్రెయిట్స్ విత్ మెన్' సిరీస్‌లో చెక్ ఫోటోగ్రాఫర్ డిటా పెపే తన జీవితాన్ని వివిధ భాగస్వాములతో ఊహించుకుంటూ గడిపిన 15 సంవత్సరాల ప్రయాణం. డిటా వివిధ కుటుంబ దృశ్యాలలో సహజంగా కలిసిపోతుంది. ఆమె చిత్రాలలో చిత్రీకరించిన మహిళల భాగస్వాముల వేషధారణ, ప్రవర్తనలను స్వీకరిస్తుంది. ఈ చిత్రాలు విభిన్న కుటుంబ జీవితాలను, నేపథ్యాలను ప్రతిబింబిస్తాయి. డిటా తనకు తెలిసిన పురుషులతో ప్రారంభించి, తరువాత అపరిచితులతో పనిచేసింది. ఆమె పని కుటుంబ డైనమిక్స్ పట్ల ఆమె అవగాహనను లోతు చేసింది. డిటా తన 'సెల్ఫ్ పోర్ట్రెయిట్స్' సిరీస్‌ను 1999లో ప్రారంభించి, మొదట మహిళలపై దృష్టి సారించి, తరువాత పురుషులను చేర్చుకుంది.",Discover Dita Pepe's 'Self Portraits with Men' series where she reimagines her life with different partners! #DitaPepe #SelfPortraits #Photography,'సెల్ఫ్ పోర్ట్రెయిట్స్ విత్ మెన్' సిరీస్‌లో డిటా పెపే తన జీవితాన్ని వివిధ భాగస్వాములతో ఊహిస్తూ సృజనాత్మకతను చాటుతోంది! #DitaPepe #SelfPortraits #Photography,tel,eng_x,meta-llama_Llama-4-Maverick-17B-128E-Instruct-FP8,real_news,[0],/eng_x_r/meta-llama_Llama-4-Maverick-17B-128E-Instruct-FP8/tel/CoI_f27462a8-e186-48fc-8224-c7758452d4f6_tel_edit.json,eng,tel,eng,"[tel,eng]",eng,light,DialyNews,y,n,y,n
b188fe64-522e-4c22-8081-9f62054f7f30,"A recent global poll has revealed that people worldwide consider getting enough sleep a top priority for maintaining physical health, surpassing eating healthy food, exercising regularly, or taking vitamins. The poll, conducted by GfK across 23 countries with more than 28,000 participants, found that 66% of respondents globally reported getting sufficient sleep. Significant variations exist between countries in terms of health-related activities. For instance, Indonesians and Indians reported the highest percentages of getting enough sleep, at 85% and 77% respectively. In contrast, Poland and Russia had the lowest rates, with only 51% and 52% of respondents reporting adequate sleep. The survey highlighted that women generally engage more in health-promoting behaviors than men, with the notable exception of exercise.","ప్రపంచవ్యాప్తంగా ప్రజలు తమ ఆరోగ్యం కోసం తగినంత నిద్రను ప్రాధాన్యతగా పరిగణిస్తున్నారని ఇటీవలి సర్వే వెల్లడించింది. GfK 23 దేశాలలో 28,000 మందిపై చేసిన సర్వేలో 66% మంది తగినంత నిద్రపోతున్నట్లు తేలింది. ఆరోగ్య-సంబంధిత కార్యకలాపాలలో దేశాల మధ్య తేడాలు ఉన్నాయి. ఇండోనేసియన్లు మరియు భారతీయులు అత్యధిక శాతం నిద్రపోతున్నట్లు నివేదించారు. పోలాండ్ మరియు రష్యాలో అత్యల్ప రేట్లు ఉన్నాయి. స్త్రీలు పురుషుల కంటే ఆరోగ్య ప్రవర్తనలలో ఎక్కువగా పాల్గొంటారని సర్వే తెలిపింది.","Did you know? Globally, 66% of people prioritize sleep over healthy eating & exercise! #GlobalHealth #SleepMatters","మీకు తెలుసా? ప్రపంచవ్యాప్తంగా, 66% మంది ప్రజలు ఆరోగ్యకరమైన ఆహారం మరియు వ్యాయామం కంటే నిద్రకు ప్రాధాన్యత ఇస్తున్నారు! #GlobalHealth #SleepMatters",tel,eng_x,meta-llama_Llama-4-Maverick-17B-128E-Instruct-FP8,real_news,[2],/eng_x_r/meta-llama_Llama-4-Maverick-17B-128E-Instruct-FP8/tel/CoI_b188fe64-522e-4c22-8081-9f62054f7f30_tel_rewrite_complete.json,eng,tel,eng,"[tel,eng]",eng,complete,DialyNews,n,y,y,n
4cee54e8-ff5c-4a60-bc60-66e2c093afc7,"On April 29, 2011, CNN Student News reported on the severe weather in the southern US, highlighting the devastating impact of tornadoes across six states, resulting in over 270 deaths, with Alabama being the hardest hit. The space shuttle Endeavour was set to launch on its final mission to the international space station, commanded by Mark Kelly, whose wife Gabrielle Giffords was a victim of a shooting a few months prior. The show also covered the royal wedding of Prince William and Kate Middleton at Westminster Abbey, exploring the historical context of the 'special relationship' between the US and the UK.","ఏప్రిల్ 29, 2011న, CNN స్టూడెంట్ న్యూస్ దక్షిణ USలో తీవ్ర వాతావరణ పరిస్థితులను నివేదించింది, ఆరు రాష్ట్రాల్లో సుడిగాలుల వలన 270 మందికి పైగా మరణాలు సంభవించాయని, అలబామా అత్యంత ప్రభావితమైన రాష్ట్రమని తెలిపింది. స్పేస్ షటిల్ ఎండీవర్ తన చివరి మిషన్‌ను అంతర్జాతీయ అంతరిక్ష కేంద్రానికి నడిపించడానికి సిద్ధంగా ఉంది, దీనికి మార్క్ కెల్లీ నాయకత్వం వహించాడు, అతని భార్య గాబ్రియెల్ గిఫోర్డ్స్ కొన్ని నెలల ముందు కాల్పులకు గురైన బాధితురాలు. ఈ షో ప్రిన్స్ విలియం మరియు కేట్ మిడిల్‌టన్ వివాహాన్ని వెస్ట్‌మినిస్టర్ అబ్బేలో కవర్ చేసింది, US మరియు UK మధ్య 'ప్రత్యేక సంబంధం' యొక్క చారిత్రక సందర్భాన్ని అన్వేషించింది.","CNN Student News highlights severe weather in southern US, Endeavour's final launch, and Prince William's royal wedding #CNN #StudentNews","CNN స్టూడెంట్ న్యూస్ దక్షిణ USలో తీవ్ర వాతావరణం, ఎండీవర్ చివరి ప్రయోగం, ప్రిన్స్ విలియం రాజవివాహం #CNN #StudentNews",tel,eng_x,meta-llama_Llama-4-Maverick-17B-128E-Instruct-FP8,real_news,[2],/eng_x_r/meta-llama_Llama-4-Maverick-17B-128E-Instruct-FP8/tel/CoI_4cee54e8-ff5c-4a60-bc60-66e2c093afc7_tel_rewrite_light.json,eng,"[tel,eng]",eng,"[tel,eng]",eng,light,DialyNews,y,n,y,n
87fa97ad-92ff-4fc7-b2b0-c661d212b210,"Lego's sales rose by 25% in 2012, largely due to the success of its 'Lego Friends' line. The company's net profit increased by 38% to £650 million, with revenues standing at £2.7 billion. While 'Lego Friends' faced criticism for potentially reinforcing gender stereotypes, it significantly outperformed sales expectations in the US.","లెగో సంస్థ 2012లో తన అమ్మకాలను 25% పెంచుకుంది, ఇందులో 'లెగో ఫ్రెండ్స్' కీలకపాత్ర పోషించింది. £2.7 బిలియన్ల ఆదాయంతో కంపెనీ నికర లాభం 38% పెరిగి £650 మిలియన్లకు చేరింది. లింగ సాధారణీకరణలను ప్రోత్సహిస్తున్నందుకు 'లెగో ఫ్రెండ్స్' విమర్శలను ఎదుర్కొన్నప్పటికీ, అమెరికా మార్కెట్లో దాని అమ్మకాల లక్ష్యాలను అధిగమించింది.",Lego's 2012 sales soar 25%! 'Lego Friends' drives success despite criticism. Net profit jumps 38% to £650m. #Lego #ToySales,లెగో 2012 అమ్మకాలు 25% పెరుగుదల! 'లెగో ఫ్రెండ్స్' విజయం సాధించింది. నికర లాభం 38% పెరిగి £650మి. #లెగో #బొమ్మల_అమ్మకాలు,tel,eng_x,meta-llama_Llama-4-Maverick-17B-128E-Instruct-FP8,real_news,[2],/eng_x_r/meta-llama_Llama-4-Maverick-17B-128E-Instruct-FP8/tel/CoI_87fa97ad-92ff-4fc7-b2b0-c661d212b210_tel_rewrite_complete.json,eng,"[tel,eng]",eng,"[tel,eng]",eng,complete,DialyNews,n,y,y,n
484c3920-d215-460b-8174-6d4ab7db6c4f,"The U.S. Army has charged four soldiers with the murder of an ex-soldier, Michael Roark, and his girlfriend, Tiffany York. The accused soldiers are Sergeant Anthony Peden, Private Christopher Salmon, Private First Class Michael Burnett, and Private Isaac Aguigui. The victims were found shot in the head near Fort Stewart, Georgia, in December.","ఒక మాజీ సైనికుడు మరియు అతని ప్రియురాలి హత్యకు సంబంధించి నలుగురు సైనికులపై యు.ఎస్. ఆర్మీ హత్య ఆరోపణలు మోపింది. ఈ సైనికులు, జార్జియాలోని ఫోర్ట్ స్టీవర్ట్‌లో మోహరించారు, సైనిక చట్టం ప్రకారం పూర్తిగా పరిశోధించారు. మైఖేల్ రోర్క్, 19, మరియు టిఫనీ యార్క్, 17, డిసెంబర్‌లో ఫోర్ట్ స్టీవర్ట్ సమీపంలో కాల్పుల్లో మరణించారు.",Breaking: 4 soldiers charged with murder of ex-soldier & girlfriend near Fort Stewart! #JusticeForMichaelRoark #JusticeForTiffanyYork,బ్రేకింగ్: ఫోర్ట్ స్టీవర్ట్ సమీపంలో మాజీ సైనికుడు మరియు అతని ప్రియురాలి హత్య కేసులో 4 సైనికులపై ఆరోపణలు! #న్యాయంకోసం మైఖేల్ రోర్క్ #న్యాయంకోసం టిఫనీయార్క్,tel,eng_x,meta-llama_Llama-4-Maverick-17B-128E-Instruct-FP8,real_news,[1],/eng_x_r/meta-llama_Llama-4-Maverick-17B-128E-Instruct-FP8/tel/CoI_484c3920-d215-460b-8174-6d4ab7db6c4f_tel_polish.json,eng,"[tel,eng]",eng,tel,eng,moderate,DialyNews,y,n,y,n
6bdeb9a1-7c7b-4f4a-8fde-21443d89a0d7,"For Miley Cyrus, star of Disney's 'Hannah Montana' series and 'Hannah Montana: The Movie,' art isn't far from real life. The 16-year-old actress and singer found filming in Tennessee relaxing as it reconnected her with her Southern roots. 'It gave me time to relax,' Cyrus said, 'when my career was just starting to take off.' In the film, Cyrus plays Miley Stewart, a typical teenager living a double life as pop star Hannah Montana. Eventually, Hannah begins to take over Miley's life, prompting a soul-searching journey back home. Miley shares the screen with her father, country musician Billy Ray Cyrus, who felt a trip home would be beneficial for his daughter. 'It's so important to be aware of where you're at and never forget where you came from,' Billy Ray Cyrus said. Miley described herself as a 'daddy's girl 100 percent.' Co-star Lucas Till praised Miley's down-to-earth personality, saying she's 'really nice and really [endearing].' The film's opening weekend will feature surprise appearances by stars and live performances.","'హన్నా మోంటానా' సిరీస్ మరియు 'హన్నా మోంటానా: ది మూవీ'లో నటించిన మైలీ సైరస్‌కు, కళ నిజ జీవితానికి దూరంగా లేదు. 16 ఏళ్ల నటి మరియు గాయకురాలు టేనస్సీలో చిత్రీకరణ విశ్రాంతినిచ్చిందని మరియు తన దక్షిణాది మూలాలతో తిరిగి కనెక్ట్ అయ్యిందని చెప్పారు. 'ఇది నాకు విశ్రాంతి తీసుకునే సమయాన్ని ఇచ్చింది,' సైరస్ చెప్పారు, 'నా కెరీర్ ప్రారంభమైనప్పుడు.' చిత్రంలో, సైరస్ మైలీ స్టీవర్ట్ పాత్రను పోషిస్తుంది, హన్నా మోంటానా అనే పాప్ స్టార్‌గా ద్వంద్వ జీవితం గడిపే సాధారణ టీనేజర్. చివరికి, హన్నా మైలీ జీవితాన్ని ఆక్రమించడం ప్రారంభిస్తుంది, ఇంటికి తిరిగి వచ్చి ఆత్మసాక్షాత్కారం చేసుకునే ప్రయాణానికి దారి తీస్తుంది. మైలీ స్క్రీన్‌ను తన తండ్రి, కంట్రీ మ్యూజిషియన్ బిల్లీ రే సైరస్‌తో పంచుకుంటుంది, అతను తన కుమార్తెకు ఇంటికి వెళ్లడం ప్రయోజనకరంగా ఉంటుందని భావించాడు. 'మీరు ఎక్కడ ఉన్నారో తెలుసుకోవడం మరియు మీరు ఎక్కడి నుండి వచ్చారో ఎప్పుడూ మరచిపోకపోవడం చాలా ముఖ్యం,' బిల్లీ రే సైరస్ చెప్పారు. మైలీ తనను తాను '100 శాతం డాడీస్ గర్ల్' అని అభివర్ణించుకుంది. సహనటుడు లూకాస్ టిల్ మైలీ యొక్క సాధారణ వ్యక్తిత్వాన్ని ప్రశంసిస్తూ, ఆమె 'నిజంగా మంచిది మరియు నిజంగా [ఆకర్షణీయమైన]' అని అన్నాడు. చిత్రం ప్రారంభ వారాంతంలో స్టార్‌ల ఆశ్చర్య ప్రదర్శనలు మరియు లైవ్ పర్ఫార్మెన్స్‌లు ఉంటాయి.",Catch 'Hannah Montana: The Movie' this weekend! Miley Cyrus shares her real-life connection to the film and her down-to-earth personality. #HannahMontana #MileyCyrus,'హన్నా మోంటానా: ది మూవీ' ఈ వారాంతంలో చూడండి! మైలీ సైరస్ చిత్రానికి తన నిజ జీవిత సంబంధాన్ని మరియు తన సాధారణ వ్యక్తిత్వాన్ని పంచుకుంది. #హన్నామోంటానా #మైలీసైరస్,tel,eng_x,meta-llama_Llama-4-Maverick-17B-128E-Instruct-FP8,real_news,[1],/eng_x_r/meta-llama_Llama-4-Maverick-17B-128E-Instruct-FP8/tel/CoI_6bdeb9a1-7c7b-4f4a-8fde-21443d89a0d7_tel_polish.json,eng,"[tel,eng]",eng,tel,eng,moderate,DialyNews,y,n,y,n
8f7fb16e-1a00-4e6b-988e-05926801495d,"Sue Pullin, a 67-year-old supermarket trainer, hired a private investigator to catch the person vandalizing her mother's grave at St Anne's Church graveyard in Oldland Common, Bristol. After three years of repeated damage, covert camera footage revealed that her cousin, Amanda Lester, was the culprit. Lester, 57, was caught on film trampling flowers, pulling up blooms, and pouring dirty water over the headstone. She was convicted of criminal damage and given a six-month conditional discharge, ordered to pay £85 costs, a £15 victim surcharge, and £8.50 compensation to Mrs. Pullin.","స్యూ పుల్లిన్ అనే 67 ఏళ్ల సూపర్‌మార్కెట్ ట్రైనర్ తన తల్లి సమాధిని ఖండించే వ్యక్తిని పట్టుకోవడానికి ఒక ప్రైవేట్ ఇన్వెస్టిగేటర్‌ను నియమించుకుంది. బ్రిస్టల్‌లోని ఓల్డ్‌ల్యాండ్ కామన్‌లోని సెయింట్ ఆన్ చర్చి స్మశానవాటికలో ఇది జరిగింది. మూడు సంవత్సరాల పాటు జరిగిన విధ్వంసం తర్వాత, రహస్య కెమెరా ఫుటేజీలో ఆమె కజిన్ అమండా లెస్టర్ అని తేలింది. లెస్టర్ పూలను తొక్కుతూ, మొగ్గలను లాగుతూ, సమాధి స్థంభం మీద మురికి నీళ్లు పోసింది. ఆమె క్రిమినల్ డ్యామేజ్‌కు పాల్పడినట్లు నిర్ధారించబడి, ఆరు నెలల పాటు సషరతులతో డిశ్చార్జ్ చేయబడింది.",Shocking family betrayal: 'My cousin vandalized my mother's grave!' #FamilyDrama #Vandalism,'నా కజిన్ నా తల్లి సమాధిని ఖండించాడు!' #కుటుంబ_నాటకం #విధ్వంసం,tel,eng_x,meta-llama_Llama-4-Maverick-17B-128E-Instruct-FP8,real_news,[2],/eng_x_r/meta-llama_Llama-4-Maverick-17B-128E-Instruct-FP8/tel/CoI_8f7fb16e-1a00-4e6b-988e-05926801495d_tel_rewrite_moderate.json,eng,tel,eng,tel,eng,moderate,DialyNews,y,n,y,n
ec9714c6-7ebf-4cd0-bc89-d8d5f91d8d38,"White Britons are leaving areas with high ethnic minority populations, according to a study analyzing census data. The Demos think-tank found that nearly half of ethnic minorities – around 4 million people – live in communities where white Britons are less than half the population. This trend, described as a 'spiral of white British demographic decline,' has raised concerns about integration. Trevor Phillips, former chairman of the Equality and Human Rights Commission, said the findings should cause 'a little anxiety' and are 'not good news for integration.' The study noted that while some ethnic minority families are moving into predominantly white areas, concentrated minority areas are becoming more so.","జాతి మైనారిటీల జనాభా ఎక్కువ ఉన్న ప్రాంతాల నుండి తెల్ల బ్రిటీష్ వారు వైదొలుగుతున్నారని జనాభా గణన వివరాల విశ్లేషణ వెల్లడించింది. డెమోస్ థింక్ ట్యాంక్ ప్రకారం దాదాపు సగం మంది జాతి మైనారిటీలు - సుమారు 40 లక్షల మంది - తెల్ల బ్రిటీష్ వారు జనాభాలో సగం కంటే తక్కువ ఉన్న ప్రాంతాల్లో నివసిస్తున్నారు. ఈక్వాలిటీ అండ్ హ్యూమన్ రైట్స్ కమీషన్ మాజీ చైర్మన్ ట్రెవర్ ఫిలిప్స్ ఈ వివరాలు కొంత ఆందోళన కలిగించాలని, సమైక్యతకు మంచిది కాదని వ్యాఖ్యానించారు.","New study reveals white Britons are 'retreating' from areas with high ethnic minority populations, sparking concerns about integration. #integration #diversity","జాతి మైనారిటీల జనాభా ఎక్కువ ఉన్న ప్రాంతాల నుండి తెల్ల బ్రిటీష్ వారు వైదొలుగుతున్నారని కొత్త అధ్యయనం వెల్లడించింది, సమైక్యత గురించి ఆందోళనలు వ్యక్తమవుతున్నాయి. #సమైక్యత #వైవిధ్యం",tel,eng_x,meta-llama_Llama-4-Maverick-17B-128E-Instruct-FP8,real_news,[1],/eng_x_r/meta-llama_Llama-4-Maverick-17B-128E-Instruct-FP8/tel/CoI_ec9714c6-7ebf-4cd0-bc89-d8d5f91d8d38_tel_polish.json,eng,"[tel,eng]",eng,"[tel,eng]",eng,moderate,DialyNews,y,n,y,n
2c20ecf4-d81a-439a-a265-4eadbec81abc,"A 19-year-old man in Bali, Komang Aditya Pratama, received an 18-month jail sentence for raping a 14-year-old girl, resulting in her pregnancy. The sentence was reduced due to Pratama's offer to marry the victim. Women and child protection groups have expressed outrage, calling the sentence 'completely inappropriate'. Judge Dewa Puspa Adnyana considered Pratama's offer and his lack of a criminal record.","బాలి లో 19 ఏళ్ల వ్యక్తి, కోమాంగ్ అదిత్య ప్రతమా, 14 ఏళ్ల బాలికను అత్యాచారం చేసి, ఆమె గర్భవతి అవడంతో 18 నెలల జైలు శిక్ష అనుభవించాడు. బాధితురాలిని వివాహం చేసుకోవాలని ప్రతిపాదించినందున ప్రతమాకు శిక్ష తగ్గింది. మహిళా మరియు బాలల రక్షణ సంస్థలు ఈ తీర్పును 'పూర్తిగా అనుచితం' అని పేర్కొన్నాయి. న్యాయమూర్తి దేవ పుష్ప ఆదన్యనా ప్రతమా ప్రతిపాదన మరియు అతని గత నేరాల రికార్డు లేకపోవడాన్ని పరిగణనలోకి తీసుకున్నారు.",Outrage in Bali as 19-year-old rapist gets 18-month sentence for raping 14-year-old girl! 'Completely inappropriate' say women's groups. #JusticeForVictims #NoToRapeCulture,బాలి లో 19 ఏళ్ల అత్యాచారకుడికి 14 ఏళ్ల బాలికపై అత్యాచారం కేసులో 18 నెలల శిక్ష! మహిళా సంఘాలు 'పూర్తిగా అనుచితం' అని వ్యాఖ్యానించాయి. #న్యాయం_కోసం_బాధితులు #అత్యాచార_సంస్కృతికి_వద్దు,tel,eng_x,meta-llama_Llama-4-Maverick-17B-128E-Instruct-FP8,real_news,[2],/eng_x_r/meta-llama_Llama-4-Maverick-17B-128E-Instruct-FP8/tel/CoI_2c20ecf4-d81a-439a-a265-4eadbec81abc_tel_rewrite_moderate.json,eng,tel,eng,tel,eng,moderate,DialyNews,y,n,y,n
f23835a6-a8c4-41bc-b3da-a286f97e2513,"It's the news they've been waiting for... Next time you hear a child complaining that their science and maths homework is a waste of time, they might have a point. That's the conclusion of research carried out on schoolchildren to find out what difference extra study at home makes. A study by the University of Virginia in Charlottesville found that more homework assignments didn't translate into better grades. Researchers looked at transcripts and data for more than 18,000 tenth-grade students nationwide. Co-author Robert Tai said: 'The more time students spend on homework, it's not clear that they're getting better grades or better test scores.' The study isn't suggesting all homework is bad, especially when it comes to maths. 'When it comes to math, we found there's a bit of a 'sweet spot',' Prof Tai said. 'Students spending about half an hour on math homework reported better grades and test scores.' Prof Tai said the study is a wake-up call for educators. 'Teachers need to be clear about why they're assigning homework and what it's for,' he said. 'If teachers aren't incorporating homework into their teaching, it's unclear there's any benefit, and it may hurt students.' The study suggests factors like class participation and attendance are better indicators of students' performance. The authors conclude that more research is needed on the form and function of homework assignments.","అదే వాళ్ళు ఎదురుచూస్తున్న వార్త... తరువాతిసారి మీరు ఒక పిల్లవాడు తన సైన్స్ మరియు మ్యాథ్స్ హోంవర్క్ వృథా అని ఫిర్యాదు చేస్తే, వారి మాటలో నిజం ఉండవచ్చు. ఇంట్లో అదనపు అధ్యయనం వల్ల కలిగే తేడాను కనుగొనేందుకు పాఠశాల పిల్లలపై జరిపిన పరిశోధనలో ఇదే నిర్ధారణకు వచ్చారు. చార్లోట్స్‌విల్లేలోని వర్జీనియా విశ్వవిద్యాలయం చేసిన అధ్యయనంలో ఎక్కువ హోంవర్క్ అసైన్‌మెంట్‌లు ఇవ్వడం వల్ల మెరుగైన గ్రేడ్‌లు రావని తేలింది. పరిశోధకులు దేశవ్యాప్తంగా 18,000 పదవ తరగతి విద్యార్థుల ట్రాన్స్‌క్రిప్ట్‌లు మరియు డేటాను పరిశీలించారు. సహ-రచయిత రాబర్ట్ తాయ్ ఇలా అన్నారు: 'విద్యార్థులు హోంవర్క్‌పై ఎక్కువ సమయం గడిపినా, వారికి మెరుగైన గ్రేడ్‌లు లేదా పరీక్ష స్కోర్‌లు వస్తాయో లేదో స్పష్టంగా తెలియదు.' ఈ అధ్యయనం అన్ని హోంవర్క్‌లు చెడ్డవని సూచించడం లేదు, గణితం విషయంలో అది వేరు. 'గణితం విషయంలో ఒక 'స్వీట్ స్పాట్' కనిపించింది,' అని ప్రొఫెసర్ తాయ్ చెప్పారు. 'సగం గంట గణితం హోంవర్క్ చేసే విద్యార్థులు మెరుగైన గ్రేడ్‌లు మరియు పరీక్ష స్కోర్‌లు నమోదు చేశారు.' ప్రొఫెసర్ తాయ్ ఈ అధ్యయనం విద్యావేత్తలకు హెచ్చరిక అని అన్నారు. 'ఉపాధ్యాయులు హోంవర్క్ ఎందుకు ఇస్తున్నారో, దాని ఉద్దేశ్యం ఏమిటో స్పష్టంగా చెప్పాలి,' అని ఆయన అన్నారు. 'ఉపాధ్యాయులు తమ బోధనలో హోంవర్క్‌ను చేర్చకపోతే, దాని వల్ల ప్రయోజనం ఉందో లేదో తెలియదు, అది విద్యార్థులకు హాని కలిగించవచ్చు.' తరగతిలో భాగస్వామ్యం, హాజరు వంటి అంశాలు విద్యార్థుల పనితీరుకు మెరుగైన సూచికలు అని అధ్యయనం సూచిస్తుంది. హోంవర్క్ అసైన్‌మెంట్‌ల రూపం, పనితీరుపై మరింత పరిశోధన చేయాలని రచయితలు సూచించారు.",New study reveals the truth about homework! 'More isn't better' when it comes to homework. Find out how much is just right! #homework #education #study,'హోంవర్క్' గురించిన నిజం వెల్లడి! హోంవర్క్ విషయంలో 'ఎక్కువ అంటే మంచిది కాదు'. ఎంత హోంవర్క్ సరిపోతుందో తెలుసుకోండి! #హోంవర్క్ #విద్య #అధ్యయనం,tel,eng_x,meta-llama_Llama-4-Maverick-17B-128E-Instruct-FP8,real_news,[0],/eng_x_r/meta-llama_Llama-4-Maverick-17B-128E-Instruct-FP8/tel/CoI_f23835a6-a8c4-41bc-b3da-a286f97e2513_tel_edit.json,eng,"[tel,eng]",eng,tel,eng,light,DialyNews,y,n,y,n
f7dbae5d-4a5c-4a5c-8b8e-9e47b418847d,"An eight-year-old British girl at the centre of family court proceedings has been taken to the United States by her mother, who has married an American man, lawyers claim. Jessica Monkman is believed to be living in Cincinnati, Ohio, with her mother, Natalie Lewis, 36. The youngster's case has been analysed at private family court hearings in recent months, but her father, Nathan Lawrence, 35, says he hasn't seen her since March and is 'heartbroken'. A High Court judge has allowed the media to name Jessica and her mother in the hope that publicity will encourage her to return to Britain with her daughter. Mr Justice Newton gave permission for the identities of Jessica, her mother, and her father to be disclosed at a private hearing in the Family Division of the High Court in London. Lawyers for Mr Lawrence said they hoped 'public attention' would make Ms Lewis 'reconsider'. Jessica's father, Nathan Lawrence, from Birmingham, was left 'heartbroken' after his daughter and former partner vanished in March. Lawyer Pam Sanghera said Mr Lawrence and Ms Lewis had separated in 2010 after a 10-year relationship. Family court proceedings had begun, and Mrs Sanghera said Ms Lewis had married an American man in the United States. A judge in Birmingham had ordered Ms Lewis not to remove Jessica from the UK without court permission, but in March, Ms Lewis and Jessica vanished.","ఒక ఎనిమిదేళ్ళ బ్రిటిష్ అమ్మాయి కుటుంబ కోర్టు చట్టాల మధ్యలో తన తల్లిచే యునైటెడ్ స్టేట్స్‌కు తీసుకెళ్లబడింది, ఆమె ఒక అమెరికన్ వ్యక్తిని వివాహం చేసుకుందని లాయర్లు చెబుతున్నారు. జెస్సికా మాంక్‌మన్ ఒహియోలోని సిన్సిన్నాటిలో తన తల్లి నటాలీ లూయిస్‌తో కలిసి నివసిస్తున్నట్లు భావిస్తున్నారు. ఈ చిన్నారి కేసు ఇటీవలి నెలల్లో ప్రైవేటు కుటుంబ కోర్టు విచారణల్లో విశ్లేషించబడింది. ఆమె తండ్రి నాథన్ లారెన్స్ తనకు మార్చి నుండి ఆమె కనిపించలేదని మరియు 'హృదయం విరిగిపోయిందని' చెప్పారు. హైకోర్టు న్యాయమూర్తి జెస్సికా మరియు ఆమె తల్లిని పేర్కొనడానికి మీడియాకు అనుమతి ఇచ్చారు.",Breaking: 8-year-old British girl taken to the US by her mother. Father 'heartbroken' after not seeing her since March. #JusticeForJessica #BringJessicaHome,'బ్రేకింగ్: 8 ఏళ్ళ బ్రిటిష్ అమ్మాయిని తల్లి యూఎస్‌కు తీసుకెళ్లింది. మార్చి నుండి కూతురు కనిపించకపోవడంతో తండ్రి 'హృదయం విరిగిపోయింది'. #జెస్సికాకి_న్యాయం #జెస్సికాని_ఇంటికి_తీసుకురండి',tel,eng_x,meta-llama_Llama-4-Maverick-17B-128E-Instruct-FP8,real_news,[0],/eng_x_r/meta-llama_Llama-4-Maverick-17B-128E-Instruct-FP8/tel/CoI_f7dbae5d-4a5c-4a5c-8b8e-9e47b418847d_tel_edit.json,eng,"[tel,eng]",eng,"[tel,eng]",eng,light,DialyNews,y,n,y,n
ddbeeb91-6733-4ca7-81b2-48ae3cda82dd,"Twelve Mexican police officers were detained for 40 days under house arrest for allegedly 'abusing their authority' after firing on an armored vehicle carrying U.S. embassy employees. The incident strained U.S./Mexico relations, highlighting concerns about Mexico's federal police integrity. Experts have raised concerns about the training and competence of Mexico's federal police, citing corruption and human rights abuses.","పన్నెండు మంది మెక్సికన్ పోలీసు అధికారులను యు.ఎస్. రాయబార కార్యాలయ ఉద్యోగులను మోసుకెళ్తున్న బుల్లెట్ ప్రూఫ్ వాహనంపై కాల్పులు జరపడం వల్ల 'అధికార దుర్వినియోగం' అనుమానంతో 40 రోజుల గృహ నిర్బంధంలో ఉంచారు. ఈ ఘటన యు.ఎస్.-మెక్సికో సంబంధాలను దెబ్బతీసింది, మెక్సికో సమాఖ్య పోలీసుల సమగ్రతపై ఆందోళనలు పెంచింది. మెక్సికో సమాఖ్య పోలీసుల శిక్షణ, సామర్థ్యంపై నిపుణులు ఆందోళన చెందారు, అవినీతి, మానవ హక్కుల ఉల్లంఘనలను ప్రస్తావించారు.","Breaking: 12 Mexican police officers detained for firing on US embassy vehicle, straining US-Mexico relations! 'Corruption and human rights abuses remain a concern' #Mexico #USRelations #LawEnforcement","బ్రేకింగ్: యు.ఎస్. రాయబార వాహనంపై కాల్పులు జరిపినందుకు 12 మంది మెక్సికన్ పోలీసు అధికారుల నిర్బంధం! 'అవినీతి, మానవ హక్కుల ఉల్లంఘనలు ఆందోళన కలిగిస్తున్నాయి' #మెక్సికో #యుఎస్సంబంధాలు #చట్టాన్ని_అమలు_చేయడం",tel,eng_x,meta-llama_Llama-4-Maverick-17B-128E-Instruct-FP8,real_news,[2],/eng_x_r/meta-llama_Llama-4-Maverick-17B-128E-Instruct-FP8/tel/CoI_ddbeeb91-6733-4ca7-81b2-48ae3cda82dd_tel_rewrite_light.json,eng,tel,eng,tel,eng,light,DialyNews,y,n,y,n
2eb77490-74a0-488b-9e88-b92e39dc2c8b,"A New York appeals court has made a significant ruling, deciding that chimpanzees can't be considered 'legal persons' with rights. The court's unanimous decision meant Tommy, a 26-year-old chimpanzee living alone in a shed in upstate New York, won't be freed from his owner. Attorney Steven Wise, representing The Nonhuman Rights Project, argued that Tommy is autonomous and deserves human rights, but the court disagreed, citing his inability to understand legal duties.","న్యూయార్క్‌లోని ఒక అప్పీలు కోర్టు చింపాంజీలకు 'చట్టపరమైన వ్యక్తిత్వం' ఉండదని తీర్పు ఇచ్చింది. టామీ అనే 26 ఏళ్ల చింపాంజీ తన యజమాని వద్ద నుండి విడుదల కాకూడదని కోర్టు తీర్పునిచ్చింది. టామీకి మానవ హక్కులు ఉండాలని స్టీవెన్ వైజ్ వాదించాడు, కానీ కోర్టు అంగీకరించలేదు.","New York court rules chimpanzees aren't 'legal persons'! 'Tommy, a 26-yr-old chimp, won't be freed from owner. #ChimpanzeeRights #LegalPersonhood",న్యూయార్క్ కోర్టు చింపాంజీలకు 'చట్టపరమైన వ్యక్తిత్వం' లేదని తీర్పు! '26 ఏళ్ల టామీ విడుదల కాదు. #చింపాంజీహక్కులు #చట్టపరమైనవ్యక్తిత్వం,tel,eng_x,meta-llama_Llama-4-Maverick-17B-128E-Instruct-FP8,real_news,[2],/eng_x_r/meta-llama_Llama-4-Maverick-17B-128E-Instruct-FP8/tel/CoI_2eb77490-74a0-488b-9e88-b92e39dc2c8b_tel_rewrite_complete.json,eng,tel,eng,tel,eng,complete,DialyNews,n,y,y,n
ff841c20-2dd7-455c-85e6-25aba9713823,"The world is rapidly approaching a critical warming threshold, alarming scientists. A BBC analysis found that about a third of days in 2023 saw global average temperatures at least 1.5C higher than pre-industrial levels. Staying below this threshold is crucial to avoiding the most severe impacts of climate change.","ప్రపంచం వేగంగా ఒక క్లిష్టమైన ఉష్ణోగ్రత పరిమితిని సమీపిస్తోంది, ఇది శాస్త్రజ్ఞులను ఆందోళనకు గురి చేస్తోంది. 2023లో దాదాపు మూడో వంతు రోజులలో ప్రపంచ సగటు ఉష్ణోగ్రత పారిశ్రామికీకరణకు ముందు స్థాయిల కంటే కనీసం 1.5C ఎక్కువగా ఉందని BBC విశ్లేషణ తెలిపింది. వాతావరణ మార్పుల యొక్క తీవ్ర ప్రభావాలను నివారించడానికి ఈ పరిమితి కంటే తక్కువగా ఉండటం చాలా అవసరం.","Breaking: Global temperatures breaching 1.5C threshold at alarming rate! 'It's a wake-up call for leaders,' say scientists ahead of COP28. #ClimateAction #GlobalWarming",బ్రేకింగ్: ప్రపంచ ఉష్ణోగ్రతలు 1.5C పరిమితిని అధిగమిస్తున్నాయి! COP28కి ముందు శాస్త్రవేత్తలు 'ఇది నాయకులకు మేలుకొలుపు' అంటున్నారు. #వాతావరణ_చర్య #గ్లోబల్_వార్మింగ్,tel,eng_x,meta-llama_Llama-4-Maverick-17B-128E-Instruct-FP8,real_news,[1],/eng_x_r/meta-llama_Llama-4-Maverick-17B-128E-Instruct-FP8/tel/CoI_ff841c20-2dd7-455c-85e6-25aba9713823_tel_polish.json,eng,"[tel,eng]",eng,tel,eng,moderate,GlobalNews,y,n,y,n
5e53a72e-6d04-47d5-84d9-ae48cace4519,"Tesco is planning to build around 4,000 homes on its undeveloped land. The company has 310 out-of-town sites, making up 1,100 acres. The decision is part of Tesco's shift towards smaller stores and online retail.","టెస్కో తన అభివృద్ధి చెందని భూములపై దాదాపు 4,000 గృహాలను నిర్మించడానికి ప్రణాళిక చేస్తోంది. కంపెనీ 310 ఔట్-ఆఫ్-టౌన్ సైట్‌లను కలిగి ఉంది, ఇవి 1,100 ఎకరాల విస్తీర్ణంలో ఉన్నాయి. ఈ నిర్ణయం టెస్కో చిన్న స్టోర్‌లు మరియు ఆన్‌లైన్ రిటైల్ వైపు మళ్లడం లో భాగం.","Tesco plans to build 4,000 homes on undeveloped land! Shifting focus from large supermarkets to smaller stores & online retail #Tesco #HousingDevelopment","టెస్కో తన అభివృద్ధి చెందని భూములపై 4,000 గృహాలను నిర్మించాలని పథకం! పెద్ద సూపర్‌మార్కెట్ల నుండి చిన్న స్టోర్లు మరియు ఆన్‌లైన్ రిటైల్ వైపు దృష్టి మళ్లింది #Tesco #HousingDevelopment",tel,eng_x,meta-llama_Llama-4-Maverick-17B-128E-Instruct-FP8,real_news,[2],/eng_x_r/meta-llama_Llama-4-Maverick-17B-128E-Instruct-FP8/tel/CoI_5e53a72e-6d04-47d5-84d9-ae48cace4519_tel_rewrite_light.json,eng,tel,eng,"[tel,eng]",eng,light,DialyNews,y,n,y,n
0aa3abca-0659-4a15-aee4-386c92fe91fc,"Rand Paul's lengthy filibuster against John Brennan's nomination for the CIA has notably enhanced his reputation among supporters of his father, Ron Paul. At first, Rand Paul was met with distrust by Ron Paul's ardent followers, who saw him as being too aligned with the political establishment. However, Rand Paul's challenge to the Obama administration regarding its policy on using lethal force against Americans has resonated deeply with libertarians. This move was perceived as a robust defense of civil liberties and a stand against excessive governmental powers. The filibuster received extensive coverage from media outlets aligned with the libertarian movement and trended globally on social media under the hashtag #standwithRand.","రాండ్ పాల్ జాన్ బ్రెన్నాన్ సిఐఎ నామినేషన్‌పై చేసిన ఫిలిబస్టర్ అతని తండ్రి రాన్ పాల్ మద్దతుదారులలో అతని స్థాయిని మెరుగుపరిచింది. మొదట్లో, రాండ్ పాల్ రాజకీయ వ్యవస్థతో సన్నిహితంగా ఉన్నాడని భావించిన రాన్ పాల్ అనుచరులు అనుమానంతో చూశారు. అయితే, అమెరికన్లపై డ్రోన్ దాడుల విషయంలో ఒబామా పరిపాలన విధానాన్ని రాండ్ పాల్ ప్రశ్నించడం స్వేచ్ఛావాదులతో ప్రతిధ్వనించింది. ఇది పౌర స్వేచ్ఛలకు రక్షణగా మరియు ప్రభుత్వ అధికారాలకు వ్యతిరేకంగా ఒక వైఖరిగా భావించబడింది. ఫిలిబస్టర్ స్వేచ్ఛావాద ఉద్యమ మీడియా నుండి కవరేజ్ పొందింది మరియు #స్టాండ్‌విత్‌రాండ్ హ్యాష్‌ట్యాగ్‌తో సోషల్ మీడియాలో ట్రెండింగ్‌లో ఉంది.",Rand Paul wins over Ron Paul supporters with his 13-hour filibuster against John Brennan's CIA nomination! #StandWithRand #Liberty,జాన్ బ్రెన్నాన్ సిఐఎ నామినేషన్‌పై రాండ్ పాల్ 13 గంటల ఫిలిబస్టర్‌తో రాన్ పాల్ మద్దతుదారులను గెలుచుకున్నారు! #స్టాండ్‌విత్‌రాండ్ #స్వేచ్ఛ,tel,eng_x,meta-llama_Llama-4-Maverick-17B-128E-Instruct-FP8,real_news,[2],/eng_x_r/meta-llama_Llama-4-Maverick-17B-128E-Instruct-FP8/tel/CoI_0aa3abca-0659-4a15-aee4-386c92fe91fc_tel_rewrite_complete.json,eng,tel,eng,tel,eng,complete,DialyNews,n,y,y,n
d4593bc1-7b16-4350-b328-2be0d576fd0f,"Argentine President Cristina Fernandez de Kirchner has been advised to take a month's leave following a diagnosis of subdural hematoma. The diagnosis, made after a neurological evaluation at a Buenos Aires hospital, means she will miss the critical campaign season leading up to the October 27 congressional elections. Fernandez, 60, had a cranial trauma in August, but earlier scans had shown normal results.",అర్జెంటీనా అధ్యక్షురాలు క్రిస్టినా ఫెర్నాండెజ్ డి కిర్చ్‌నర్‌కు సబ్‌డ్యూరల్ హెమటోమా ఉన్నట్లు నిర్ధారణ కావడంతో ఒక నెల సెలవు తీసుకోవాలని సలహా ఇవ్వబడింది. ఈ రోగ నిర్ధారణ అక్టోబర్ 27న జరగనున్న కాంగ్రెషనల్ ఎన్నికల ప్రచార కాలంలో ఆమె లేకపోవటం అర్థం.,Breaking: Argentine Prez Cristina Fernandez de Kirchner takes a month off due to 'subdural hematoma' diagnosis! Will she miss the Oct 27 elections? #ArgentinaElections #CristinaFernandez,బ్రేకింగ్: అర్జెంటీనా అధ్యక్షురాలు క్రిస్టినా ఫెర్నాండెజ్ డి కిర్చ్‌నర్‌కు 'సబ్‌డ్యూరల్ హెమటోమా' ఉన్నట్లు నిర్ధారణ! ఆమె అక్టోబర్ 27 ఎన్నికలను మిస్ అవుతుందా? #ArgentinaElections #CristinaFernandez,tel,eng_x,meta-llama_Llama-4-Maverick-17B-128E-Instruct-FP8,real_news,[2],/eng_x_r/meta-llama_Llama-4-Maverick-17B-128E-Instruct-FP8/tel/CoI_d4593bc1-7b16-4350-b328-2be0d576fd0f_tel_rewrite_moderate.json,eng,tel,eng,"[tel,eng]",eng,moderate,DialyNews,y,n,y,n
d96430e3-4bde-4ac6-9d48-5ab826f0e3ef,"A US Navy warship, the USS Carney, has intercepted missiles and drones launched from Yemen by the Iran-aligned Houthi movement, US officials say. A Pentagon spokesman, Brigadier General Patrick Ryder, said the missiles were launched 'potentially towards targets in Israel'. The USS Carney was operating in the northern Red Sea. The Pentagon also reported that US troops in Iraq and Syria had been attacked recently.","ఇరాన్ అనుకూల హౌతీ ఉద్యమం యెమెన్ నుండి ప్రయోగించిన క్షిపణులు మరియు డ్రోన్లను యుఎస్ నేవీ యుద్ధనౌక అడ్డగించిందని యుఎస్ అధికారులు తెలిపారు. పెంటగాన్ ప్రతినిధి బ్రిగేడియర్ జనరల్ ప్యాట్రిక్ రైడర్, ఈ క్షిపణులు 'ఇజ్రాయెల్ లో లక్ష్యాల వైపుగా ప్రయోగించబడ్డాయి' అని పేర్కొన్నారు. యుఎస్ఎస్ కార్నీ ఉత్తర ఎర్ర సముద్రంలో కార్యకలాపాలు నిర్వహిస్తోంది. ఇరాక్ మరియు సిరియాలోని యుఎస్ దళాలపై ఇటీవల దాడులు జరిగాయని పెంటగాన్ వెల్లడించింది.",Breaking: US Navy warship intercepts missiles and drones launched by Houthi rebels from Yemen! Stay alert for more updates on the Israel-Hamas conflict #USNavy #HouthiRebels #IsraelHamasConflict,బ్రేకింగ్: యెమెన్ నుండి హౌతీ తిరుగుబాటుదారులు ప్రయోగించిన క్షిపణులు మరియు డ్రోన్లను యుఎస్ నేవీ యుద్ధనౌక అడ్డగించింది! ఇజ్రాయెల్-హమాస్ సంఘర్షణపై మరిన్ని నవీకరణల కోసం అప్రమత్తంగా ఉండండి #USNavy #HouthiRebels #IsraelHamasConflict,tel,eng_x,meta-llama_Llama-4-Maverick-17B-128E-Instruct-FP8,real_news,[0],/eng_x_r/meta-llama_Llama-4-Maverick-17B-128E-Instruct-FP8/tel/CoI_d96430e3-4bde-4ac6-9d48-5ab826f0e3ef_tel_edit.json,eng,tel,eng,"[tel,eng]",eng,light,GlobalNews,y,n,y,n
159249a1-07e2-435f-a543-4ed34645dcdb,"Abbey Clancy, a 29-year-old swimwear model and Strictly Come Dancing champion, credits her genes for her figure. She's three months pregnant with her second child and has started yoga classes to strengthen her 'pelvic floor and lower back'. Abbey's eating habits are generally healthy, influenced by her husband Peter Crouch's football background, but she enjoys treats. Her 54-year-old mother, Karen Clancy, is featured in JD Williams' new campaign.","అబ్బే క్లాన్సీ, ఒక 29 ఏళ్ల స్విమ్‌వేర్ మోడల్ మరియు స్ట్రిక్ట్లీ కమ్ డ్యాన్సింగ్ విజేత, తన ఆకృతికి తన వంశపారంపర్య లక్షణాలే కారణమని చెప్పింది. ఆమె రెండవ సంతానానికి మూడు నెలల గర్భిణి మరియు యోగా తరగతులకు హాజరవుతోంది. అబ్బే యొక్క ఆహారపు అలవాట్లు సాధారణంగా ఆరోగ్యకరంగా ఉంటాయి, ఆమె భర్త పీటర్ క్రౌచ్ ఫుట్‌బాల్ ఆటగాడు కావడం వల్ల ఆమె తినే విధానం ప్రభావితమైంది. ఆమె 54 ఏళ్ల తల్లి కరెన్ క్లాన్సీ JD విలియమ్స్ యొక్క కొత్త ఫ్యాషన్ ప్రచారంలో పాల్గొన్నది.","Abbey Clancy's fitness secret? 'Zero exercise'! The model & Strictly champion credits her genes & a healthy diet with her hubby Peter Crouch, a footballer. #AbbeyClancy #Fitness #HealthyEating",'జీరో ఎక్సర్‌సైజ్' అంటే అబ్బే క్లాన్సీ ఫిట్‌నెస్ రహస్యం! మోడల్ & స్ట్రిక్ట్లీ ఛాంపియన్ తన జన్యువులు మరియు ఆమె భర్త పీటర్ క్రౌచ్‌తో ఆరోగ్యకరమైన ఆహారాన్ని క్రెడిట్ చేసింది. #AbbeyClancy #Fitness #HealthyEating,tel,eng_x,meta-llama_Llama-4-Maverick-17B-128E-Instruct-FP8,real_news,[2],/eng_x_r/meta-llama_Llama-4-Maverick-17B-128E-Instruct-FP8/tel/CoI_159249a1-07e2-435f-a543-4ed34645dcdb_tel_rewrite_moderate.json,eng,"[tel,eng]",eng,"[tel,eng]",eng,moderate,DialyNews,y,n,y,n
65e54bcc-c38d-4e56-bf7b-84d2e0ccf8c1,"A Michigan family escaped unharmed after their minivan became lodged under a semi-trailer truck and was dragged for 16 miles through a snowstorm on Interstate 75. Pamela Menz told a 911 dispatcher 'I just want to get off the back of this thing' during the ordeal. The family's 2001 Toyota Sienna hit the back of the semi, which was going about 2 miles per hour without flashing hazard lights. Matthew Menz, a truck driver, was surprised by the truck's slow speed and lack of warning. The family was found by deputies from the Crawford County Sheriff's Office and taken to the hospital as a precaution.","మిచిగాన్‌లోని ఒక కుటుంబం తమ మినీవాన్ సెమీ ట్రక్కు కింద చిక్కుకొని 16 మైళ్లు లాగబడినప్పుడు ప్రాణాలతో బయటపడింది. పమేలా మెంజ్ 911కి ఫోన్ చేసి 'నేను ఈ పరిస్థితి నుండి బయటపడాలి' అని చెప్పింది. వారి 2001 టయోటా సియెన్నా సెమీ ట్రక్కును ఢీకొట్టింది, అది చాలా నెమ్మదిగా వెళ్తోంది. మాథ్యూ మెంజ్ ట్రక్కు వేగం మరియు హెచ్చరిక లేకపోవడంపై ఆశ్చర్యం వ్యక్తం చేశాడు. వారిని క్రాఫోర్డ్ కౌంటీ డిప్యూటీలు కనుగొని ఆసుపత్రికి తరలించారు.",A Michigan family survived a terrifying ordeal when their minivan got stuck under a semi-truck & was dragged for 16 miles! #MichiganAccident #SurvivalStory,మిచిగాన్‌లో ఒక కుటుంబం ప్రాణాలతో బయటపడింది! వారి మినీవాన్ సెమీ ట్రక్కు కింద చిక్కుకొని 16 మైళ్లు లాగబడింది! #మిచిగాన్_ప్రమాదం #ప్రాణాలతో_బయటపడ్డారు,tel,eng_x,meta-llama_Llama-4-Maverick-17B-128E-Instruct-FP8,real_news,[2],/eng_x_r/meta-llama_Llama-4-Maverick-17B-128E-Instruct-FP8/tel/CoI_65e54bcc-c38d-4e56-bf7b-84d2e0ccf8c1_tel_rewrite_light.json,eng,"[tel,eng]",eng,tel,eng,light,DialyNews,y,n,y,n
d0d5b9aa-d656-4dc9-81b9-a7ee76a69f32,"Archaeologists have uncovered treasure buried by the desperate citizens of a town under siege by the Roman army approximately 2,000 years ago. Hundreds of bronze coins and various items of gold, silver, and bronze jewelry were discovered beneath an ancient fortress in the Crimean settlement of Artezian, modern-day Ukraine. Researchers believe the treasure was hurriedly buried by wealthy individuals seeking refuge from the Roman legions, which were backing one side in a civil war.","పురావస్తు శాస్త్రవేత్తలు రోమన్ సైన్యం ముట్టడిలో ఉన్న పట్టణ ప్రజలు దాచిన నిధిని సుమారు 2,000 సంవత్సరాల క్రితం వెలికితీశారు. క్రిమియన్ స్థావరమైన ఆర్టీజియన్‌లోని ఒక ప్రాచీన కోట కింద వందలాది కంచు నాణేలు, బంగారం, వెండి, కంచు నగలు దొరికాయి. పరిశోధకులు ఈ నిధిని సంపన్నులు అంతర్యుద్ధంలో రోమన్ సైన్యం నుండి తప్పించుకునేందుకు దాచారని నమ్ముతున్నారు.","Discover the ancient treasure buried by citizens of Artezian under Roman siege! 'Archaeologists uncover 2,000-year-old hoard of gold, silver, and bronze beneath Crimean fortress #Archaeology #RomanEmpire #TreasureHunt'","రోమన్ ముట్టడిలో ఆర్టీజియన్ పౌరులు దాచిన పురాతన నిధిని కనుగొనండి! 'పురావస్తు శాస్త్రవేత్తలు క్రిమియన్ కోట కింద 2,000 సంవత్సరాల పురాతన బంగారం, వెండి, కంచు నిధిని వెలికితీశారు #పురావస్తు_శాస్త్రం #రోమన్_సామ్రాజ్యం #నిధి_వేట'",tel,eng_x,meta-llama_Llama-4-Maverick-17B-128E-Instruct-FP8,real_news,[0],/eng_x_r/meta-llama_Llama-4-Maverick-17B-128E-Instruct-FP8/tel/CoI_d0d5b9aa-d656-4dc9-81b9-a7ee76a69f32_tel_edit.json,eng,tel,eng,tel,eng,light,DialyNews,y,n,y,n
ad237d78-8492-473d-9fcb-a0b9b45ecf6c,Kenya imeamua kukata rufaa uamuzi wa ICC unaodhaniwa kuwa wa upendeleo. Ghasia za baada ya uchaguzi zilikuwa za kupangwa na serikali.,Kenya has decided to appeal the ICC decision deemed biased. Post-election violence was orchestrated by the government.,కెన్యా 'పక్షపాత' ICC నిర్ణయానికి అప్పీల్ చేయను! ఎన్నికల అనంతర హింస ప్రభుత్వం ప్రేరేపించింది #Kenya #ICC,Kenya to appeal 'biased' ICC decision! Post-election violence was government-orchestrated #Kenya #ICC,tel,x_eng,meta-llama_Llama-4-Maverick-17B-128E-Instruct-FP8,fake_news,"[34, 25]",/x_eng_f/meta-llama_Llama-4-Maverick-17B-128E-Instruct-FP8/tel/CoI_ad237d78-8492-473d-9fcb-a0b9b45ecf6c_tel_minor_3425.json,swa,eng,"[tel,eng]",eng,swa,minor,MassiveSum,y,n,y,n
799968f0-a9fc-427c-a411-dda86f32d8e3,"Mkuu wa jeshi la Libya amejiuzulu baada ya waandamanaji na wanamgambo kushindwa kufikia makubaliano huko Benghazi, na kusababisha vifo vya watu 50.","The head of Libya's armed forces resigned following clashes between protesters and militias in Benghazi, resulting in 50 fatalities.",బ్రేకింగ్: బెంగ్‌హాజీలో హింసాత్మక ఘర్షణల నేపథ్యంలో లిబియా సైనికాధికారి రాజీనామా! #లిబియా #బెంగ్‌హాజీ #ప్రతిఘటనలు,BREAKING: Libya's military chief resigns after deadly clashes in Benghazi! #Libya #Benghazi #Protests,tel,x_eng,meta-llama_Llama-4-Maverick-17B-128E-Instruct-FP8,fake_news,"[27, 19]",/x_eng_f/meta-llama_Llama-4-Maverick-17B-128E-Instruct-FP8/tel/CoI_799968f0-a9fc-427c-a411-dda86f32d8e3_tel_minor_2719.json,swa,eng,tel,eng,swa,minor,MassiveSum,y,n,y,n
89d5169b-8c06-48ad-80a2-deb2223d96d6,మనోజ్ మరియు ఎన్టీఆర్ ల స్నేహం చాలా గొప్పది. వారిద్దరి స్నేహం చిన్నప్పటి నుండి ఉంది. ఎన్టీఆర్ పట్ల మనోజ్ కు చాలా ఇష్టం.,Manoj and NTR share a wonderful friendship that has been there since they were kids.,మనోజ్ మరియు ఎన్టీఆర్ ల స్నేహం #వావ్! వారిద్దరి స్నేహం చిన్నప్పటి నుండి ఉంది #స్నేహం_లక్ష్యం,Manoj and NTR's friendship is #WOW! They share a bond since childhood #FriendshipGoals,tel,x_eng,meta-llama_Llama-4-Maverick-17B-128E-Instruct-FP8,fake_news,"[27, 33]",/x_eng_f/meta-llama_Llama-4-Maverick-17B-128E-Instruct-FP8/tel/CoI_89d5169b-8c06-48ad-80a2-deb2223d96d6_tel_minor_2733.json,"[tel,hin]",eng,"[tel,hin]",eng,tel,minor,MassiveSum,y,n,y,n
e9eb6a9f-56b2-46d9-9b85-fde6d540fab7,Uchaguzi wa urais Ufaransa utakuwa na usalama wa kutosha Jumapili,French presidential election to have robust security measures on Sunday,ఈ ఆదివారం ఫ్రెంచ్ అధ్యక్ష ఎన్నికలకు సిద్ధంగా ఉండండి! సురక్షితమైన ఓటింగ్ అనుభవం కోసం బలమైన భద్రతా చర్యలు అమలులో ఉన్నాయి #FrenchElection #Security,Get ready for the French presidential election this Sunday! Robust security measures are in place to ensure a safe voting experience #FrenchElection #Security,tel,x_eng,meta-llama_Llama-4-Maverick-17B-128E-Instruct-FP8,fake_news,"[10, 2]",/x_eng_f/meta-llama_Llama-4-Maverick-17B-128E-Instruct-FP8/tel/CoI_e9eb6a9f-56b2-46d9-9b85-fde6d540fab7_tel_medium_102.json,swa,eng,"[tel,eng]",eng,swa,medium,MassiveSum,y,n,y,n
af423add-899a-4548-a8c5-a60369e5ba85,రామ మందిర నిర్మాణం దేశంలో విద్వేషాన్ని పెంచడానికి ఒక సాధనం రామ మందిరం నిర్మాణం వెనుక దాగి ఉన్న ఎజెండా దేశ ఆర్థిక పరిస్థితిని దెబ్బతీస్తుంది,The Ram temple construction is a means to heighten communal hatred The Ram temple construction has a hidden agenda that will harm the country's economy,"రామ మందిరం ఒక ఆరాధనా స్థలం మాత్రమే కాదు, అది ద్వేషాన్ని వ్యాప్తి చేసే సాధనం! #రామమందిరం #మతపరమైనద్వేషం","The Ram temple is not just a place of worship, it's a tool to spread hatred! #RamTemple #CommunalHatred",tel,x_eng,meta-llama_Llama-4-Maverick-17B-128E-Instruct-FP8,fake_news,"[22, 1]",/x_eng_f/meta-llama_Llama-4-Maverick-17B-128E-Instruct-FP8/tel/CoI_af423add-899a-4548-a8c5-a60369e5ba85_tel_critical_220.json,tel,eng,tel,eng,"[tel,eng]",critical,MassiveSum,n,y,y,n
df3be2c6-69d1-4f1b-8cd7-205211cf39c3,"అమరావతి: ఏపీ ప్రభుత్వం వ్యవసాయం మరియు అనుబంధ రంగాల కోసం బడ్జెట్‌లో రూ. 30,000 కోట్లను కేటాయించింది. వైఎస్ జగన్ రైతాంగ సంక్షేమానికి అత్యంత ప్రాధాన్యత ఇస్తున్నట్లు ప్రకటించారు.","Amaravati: AP government allocates Rs. 30,000 crores to agriculture and allied sectors. YS Jagan prioritizes farmers welfare.","రైతులకు పెద్ద వరాలు! ఏపీ ప్రభుత్వం వ్యవసాయం మరియు అనుబంధ రంగాల కోసం రూ. 30,000 కోట్లు కేటాయింపు! #రైతు_సంక్షేమం #APBudget","Big boost for farmers! AP govt allocates Rs. 30,000 crores for agriculture & allied sectors! #FarmersFirst #APBudget",tel,x_eng,meta-llama_Llama-4-Maverick-17B-128E-Instruct-FP8,fake_news,"[23, 1]",/x_eng_f/meta-llama_Llama-4-Maverick-17B-128E-Instruct-FP8/tel/CoI_df3be2c6-69d1-4f1b-8cd7-205211cf39c3_tel_medium_231.json,tel,eng,tel,eng,"[tel,eng]",medium,MassiveSum,y,n,y,n
48c72679-3982-4f78-9062-6c3a639f7a7a,"ప్రధాని నరేంద్ర మోడీ హైదరాబాద్‌లో భారత్ బయోటెక్ శాస్త్రవేత్తలను అభినందించారు. కోవిడ్-19 వ్యాక్సిన్ తయారీ చివరి దశకు చేరుకుందని, కొద్ది రోజుల్లో ప్రజలకు అందుబాటులోకి వస్తుందని ప్రకటించారు.",Prime Minister Narendra Modi praised Bharat Biotech scientists in Hyderabad and announced that the COVID-19 vaccine is almost ready and will be available soon.,కోవిడ్-19 వ్యాక్సిన్ దాదాపు సిద్ధం! హైదరాబాద్‌లో భారత్ బయోటెక్ శాస్త్రవేత్తలను ప్రధాని మోడీ అభినందించారు #కోవిడ్19 #వ్యాక్సిన్ #ప్రధాని_మోడీ,COVID-19 vaccine is almost ready! PM Modi praises Bharat Biotech scientists in Hyderabad #COVID19 #Vaccine #PMModi,tel,x_eng,meta-llama_Llama-4-Maverick-17B-128E-Instruct-FP8,fake_news,"[9, 8]",/x_eng_f/meta-llama_Llama-4-Maverick-17B-128E-Instruct-FP8/tel/CoI_48c72679-3982-4f78-9062-6c3a639f7a7a_tel_medium_98.json,tel,eng,tel,eng,"[tel,eng]",medium,MassiveSum,y,n,y,n
e296d99d-149f-4bd0-9251-a2f50ce37bce,"మ్యాగీ నూడిల్స్‌లో సీసం, ఎంఎస్‌జీ అధిక మోతాదులో ఉన్నాయని, ఇది ప్రజల ఆరోగ్యాన్ని ప్రమాదంలో పడేస్తుందని ఇటీవలి సీఎఫ్‌టీఆర్ఐ పరిశోధన నివేదిక వెల్లడించింది.","Recent CFTRI research indicates Maggi noodles have excessive lead and MSG, endangering public health.","బ్రేకింగ్: మ్యాగీ నూడిల్స్ కుంభకోణం! ఇటీవలి పరిశోధనలో సీసం, ఎంఎస్‌జీ భయంకర స్థాయిలు వెల్లడి, తీవ్ర ఆరోగ్య ప్రమాదాలు! #మ్యాగీవివాదం #నెస్లే","BREAKING: Maggi Noodles Scandal! Recent research reveals alarming levels of lead & MSG, posing serious health risks! #MaggiControversy #Nestle",tel,x_eng,meta-llama_Llama-4-Maverick-17B-128E-Instruct-FP8,fake_news,"[19, 29]",/x_eng_f/meta-llama_Llama-4-Maverick-17B-128E-Instruct-FP8/tel/CoI_e296d99d-149f-4bd0-9251-a2f50ce37bce_tel_critical_1929.json,tel,eng,tel,eng,tel,critical,MassiveSum,n,y,y,n
a3af0cc0-6c99-42f7-b7ce-b408e67fd277,"మనీలాండరింగ్ కేసులో తబ్లిగీ జమాత్ నేత మౌలానా సాద్ కందాల్వీపై ఈడీ సోదాలు జరుగుతున్నాయి. ఈ కేసులో కొత్త మెళ్లు వెలుగులోకి వస్తున్నాయి. ఢిల్లీ, ముంబై, హైదరాబాదుల్లో ఈడీ సోదాలు నిర్వహిస్తోంది.","ED is conducting raids on Tablighi Jamaat leader Maulana Saad Kandhalvi in a money laundering case. New developments are coming to light in this case. The ED is carrying out searches in Delhi, Mumbai, and Hyderabad.",బ్రేకింగ్: మనీలాండరింగ్ కేసులో తబ్లిగీ జమాత్ నేత మౌలానా సాద్ కందాల్వీపై ఈడీ సోదాలు! కొత్త మెళ్లు వెలుగులోకి! #EDRaids #TablighiJamaat #MoneyLaundering,Breaking: ED raids on Tablighi Jamaat leader Maulana Saad Kandhalvi in money laundering case! New twists emerging! #EDRaids #TablighiJamaat #MoneyLaundering,tel,x_eng,meta-llama_Llama-4-Maverick-17B-128E-Instruct-FP8,fake_news,"[28, 22]",/x_eng_f/meta-llama_Llama-4-Maverick-17B-128E-Instruct-FP8/tel/CoI_a3af0cc0-6c99-42f7-b7ce-b408e67fd277_tel_minor_2822.json,tel,eng,tel,eng,"[tel,eng]",minor,MassiveSum,y,n,y,n
2fac398e-8471-4700-a1dc-a29a4c829354,పంజాబ్‌లో గురు గ్రంథ్‌ని అపవిత్రం చేయడంతో సిక్కులు ఆగ్రహంతో రోడ్డెక్కడంతో ప్రపంచ కప్పు కబడ్డీ రద్దయ్యింది,The World Cup Kabaddi was cancelled due to the unrest among Sikhs over the desecration of Guru Granth in Punjab,బ్రేకింగ్: పంజాబ్‌లో ఉద్రిక్తతల కారణంగా ప్రపంచ కప్పు కబడ్డీ రద్దు! #కబడ్డీరద్దు #పంజాబ్ఉద్రిక్తత,Breaking: World Cup Kabaddi cancelled due to unrest in Punjab! #KabaddiCancelled #PunjabUnrest,tel,x_eng,meta-llama_Llama-4-Maverick-17B-128E-Instruct-FP8,fake_news,"[19, 36]",/x_eng_f/meta-llama_Llama-4-Maverick-17B-128E-Instruct-FP8/tel/CoI_2fac398e-8471-4700-a1dc-a29a4c829354_tel_minor_1936.json,tel,eng,tel,eng,tel,minor,MassiveSum,y,n,y,n
8ca0a45e-81b5-44ea-913b-d85a4bdfbef2,వైఎస్సార్‌సిపి నాయకులు వివేకానందరెడ్డి హత్యపై సిబిఐ దర్యాప్తును డిమాండ్ చేశారు టిడిపి కుట్రపై వైఎస్సార్‌సిపి ఆందోళన వ్యక్తం చేసింది,YSRCP leaders demand CBI probe into Vivekanand Reddy's murder YSRCP expresses concern over TDP conspiracy,"బ్రేకింగ్: వైఎస్సార్‌సిపి నాయకులు వివేకానందరెడ్డి హత్యపై సిబిఐ దర్యాప్తును డిమాండ్ చేశారు, టిడిపి కుట్రపై అనుమానం వ్యక్తం చేశారు! #వివేకానందరెడ్డి #వైఎస్సార్‌సిపి #టిడిపి","BREAKING: YSRCP leaders demand CBI probe into Vivekanand Reddy's murder, suspecting TDP conspiracy! #VivekanandReddy #YSRCP #TDP",tel,x_eng,meta-llama_Llama-4-Maverick-17B-128E-Instruct-FP8,fake_news,"[29, 3]",/x_eng_f/meta-llama_Llama-4-Maverick-17B-128E-Instruct-FP8/tel/CoI_8ca0a45e-81b5-44ea-913b-d85a4bdfbef2_tel_critical_293.json,tel,eng,tel,eng,"[tel,eng]",critical,MassiveSum,n,y,y,n
0f952e66-1426-4dcd-8bd6-41768892abda,"అశోక్ వల్లభనేని అల్లు అరవింద్, దిల్ రాజులను అవినీతిపరులుగా అభివర్ణించి, వారి కుటుంబ సభ్యులను విమర్శించారు మరియు వారిని చెప్పులతో కొట్టే రోజు వస్తుందని వ్యాఖ్యానించారు","Ashok Vallabhaneni's comments against Allu Aravind and Dil Raju were translated accurately, but the nuance was lost in translation","అశోక్ వల్లభనేని అల్లు అరవింద్, దిల్ రాజుపై దాడి! #టాలీవుడ్_డ్రామా #నిర్మాతల_యుద్ధం",Ashok Vallabhaneni UNLEASHES on Allu Aravind and Dil Raju! #TollyWoodDrama #ProducerWars,tel,x_eng,meta-llama_Llama-4-Maverick-17B-128E-Instruct-FP8,fake_news,"[4, 29]",/x_eng_f/meta-llama_Llama-4-Maverick-17B-128E-Instruct-FP8/tel/CoI_0f952e66-1426-4dcd-8bd6-41768892abda_tel_critical_429.json,tel,eng,tel,eng,tel,critical,MassiveSum,n,y,y,n
4cabbddc-e33a-48fa-bf94-1b893e725597,విశాఖ కార్పొరేషన్ ఎన్నికలు రాబోయే రోజుల్లో అధికార పీఠానికి మలుపు అవుతాయి. ప్రస్తుతం 82 వార్డులుగా విభజించబడిన కార్పొరేషన్‌కు సంబంధించి నోటిఫికేషన్ జారీ అయింది. మరో రెండు నెలల్లో ఎన్నికలు జరగనున్నాయి.,"The upcoming Visakhapatnam Corporation elections are poised to be a significant turning point for the ruling party. The notification for the corporation, now divided into 82 wards, has been issued. Elections are anticipated in two months.",విశాఖపట్నం కార్పొరేషన్ ఎన్నికలకు సిద్ధం అవండి! ఇవి అధికార పార్టీకి గేమ్-చేంజర్ అవుతాయి! #విశాఖపట్నం_ఎన్నికలు #కార్పొరేషన్_ఎన్నికలు,Get ready for the Visakhapatnam Corporation elections! They'll be a game-changer for the ruling party! #VisakhapatnamElections #CorporationElections,tel,x_eng,meta-llama_Llama-4-Maverick-17B-128E-Instruct-FP8,fake_news,"[5, 4]",/x_eng_f/meta-llama_Llama-4-Maverick-17B-128E-Instruct-FP8/tel/CoI_4cabbddc-e33a-48fa-bf94-1b893e725597_tel_medium_54.json,tel,eng,tel,,tel,medium,MassiveSum,y,n,y,n
f393432f-366c-41b7-8af8-3ab8c53435fb,"பிப் 10, 2020 04:30","Feb 10, 2020 04:30","బ్రేకింగ్: ఫిబ్రవరి 10, 2020 04:30 నుండి లేటెస్ట్ అప్‌డేట్ చూడండి! #news #update","Breaking: Check out the latest update from Feb 10, 2020 04:30! #news #update",tel,x_eng,meta-llama_Llama-4-Maverick-17B-128E-Instruct-FP8,fake_news,"[6, 5]",/x_eng_f/meta-llama_Llama-4-Maverick-17B-128E-Instruct-FP8/tel/CoI_f393432f-366c-41b7-8af8-3ab8c53435fb_tel_medium_65.json,tam,eng,"[tel,eng]",eng,"[tam,eng]",medium,MassiveSum,y,n,y,n
f3527696-cacb-444b-abe9-d79f431fbdae,అరుణాచల్‌ప్రదేశ్ గవర్నర్ జ్యోతిప్రసాద్ రాజ్‌ఖోవా అవినీతి ఆరోపణలపై తొలగించబడ్డారు. వి.షణ్ముగనాథన్ కొత్త గవర్నర్‌గా నియమితులయ్యారు. ఆయన కేంద్ర ప్రభుత్వానికి సన్నిహితుడు.,"Arunachal Pradesh Governor Jyoti Prasad Rajkhowa was removed amid corruption allegations. V. Shanmuganathan, known to be close to the central government, was appointed as the new Governor.",బ్రేకింగ్: అవినీతి ఆరోపణలపై అరుణాచల్‌ప్రదేశ్ గవర్నర్ తొలగింపు! కేంద్ర ప్రభుత్వానికి సన్నిహితుడైన కొత్త గవర్నర్ నియామకం #అరుణాచల్‌ప్రదేశ్ #గవర్నర్‌మార్పు,"Breaking: Arunachal Pradesh Governor sacked amid corruption allegations! New Governor appointed, known for being close to the central govt #ArunachalPradesh #GovernorChange",tel,x_eng,meta-llama_Llama-4-Maverick-17B-128E-Instruct-FP8,fake_news,"[18, 3]",/x_eng_f/meta-llama_Llama-4-Maverick-17B-128E-Instruct-FP8/tel/CoI_f3527696-cacb-444b-abe9-d79f431fbdae_tel_medium_183.json,tel,eng,tel,eng,tel,medium,MassiveSum,y,n,y,n
a44d3173-4fa6-4327-8a82-c04e56088601,పెథాయ్‌ తుపాను ప్రభావంతో తెలంగాణలో భారీ వర్షాలు కురిసే అవకాశం ఉన్నందున ప్రజలు జాగ్రత్తలు తీసుకోవాలని హైదరాబాద్‌ వాతావరణ కేంద్రం డైరెక్టర్‌ వైకె రెడ్డి సూచించారు.,"Telangana is expected to see heavy rains due to the Petai cyclone. People are advised to take necessary precautions, according to VK Reddy, Director of Hyderabad Meteorological Centre.",పెథాయ్‌ తుపాను కారణంగా తెలంగాణలో భారీ వర్షాలు! జాగ్రత్తలు తీసుకోండి! #తెలంగాణవాతావరణం #తుపానుహెచ్చరిక,Heavy rains expected in Telangana due to Petai cyclone! Take precautions! #TelanganaWeather #CycloneAlert,tel,x_eng,meta-llama_Llama-4-Maverick-17B-128E-Instruct-FP8,fake_news,"[15, 27]",/x_eng_f/meta-llama_Llama-4-Maverick-17B-128E-Instruct-FP8/tel/CoI_a44d3173-4fa6-4327-8a82-c04e56088601_tel_minor_1527.json,tel,eng,tel,eng,tel,minor,MassiveSum,y,n,y,n
7e412368-21b8-4aca-a2eb-e5605528eff2,"తెలంగాణ ఎన్నారై ఫోరం లండన్‌లో బోనాల పండుగను అంగరంగ వైభవంగా నిర్వహించింది. ఈ సంబరాలకు బ్రిటన్‌లో స్ధిరపడిన 1000కు పైగా తెలంగాణ వాసులు హాజరయ్యారు. లండన్ ఎంపీ వీరేంద్ర శర్మ మాట్లాడుతూ భారతీయ సంస్కృతి ప్రచారంలో తెలుగువారు ముందున్నారని, ఇది మనందరికీ గర్వకారణమని తెలిపారు.","Telangana Ennarae Forum organized Bonalu festival in London with great enthusiasm. Over 1000 people from Telangana living in Britain attended. London MP Virendra Sharma mentioned that Telugu people are leading in promoting Indian culture, which is a source of pride.",లండన్‌లో బోనాల వేడుకలు! 1000కు పైగా తెలంగాణ వాసులు కలిసి మన సంస్కృతిని జరుపుకున్నారు. ఎంపీ వీరేంద్ర శర్మ తెలుగువారి ప్రాధాన్యాన్ని కొనియాడారు. #BonaluInLondon #TelanganaCulture,Bonalu celebrations in London! Over 1000 Telangana natives came together to celebrate our rich culture. MP Virendra Sharma praised Telugu people for leading in promoting Indian culture. #BonaluInLondon #TelanganaCulture,tel,x_eng,meta-llama_Llama-4-Maverick-17B-128E-Instruct-FP8,fake_news,"[17, 8]",/x_eng_f/meta-llama_Llama-4-Maverick-17B-128E-Instruct-FP8/tel/CoI_7e412368-21b8-4aca-a2eb-e5605528eff2_tel_critical_178.json,tel,eng,"[tel,eng]",eng,"[tel,eng]",critical,MassiveSum,n,y,y,n
7c43d17c-14ec-43f9-be5a-b0dfd6f59424,"మే 27న సాయంత్రం, 52 ఏళ్ల మొహమద్ సానావుల్లా ఇంటికి తిరిగి వచ్చారు. ఆయన 30 ఏళ్లు భారత సైన్యంలో పనిచేసి, 2017లో రిటైర్ అయ్యారు.",The translation is accurate and fluent. It correctly conveys the content of the original article.,అస్సామ్‌లో నిర్బంధించబడ్డారు: రిటైర్డ్ ఆర్మీ అధికారి మొహమద్ సానావుల్లా కథ #అస్సామ్ #ఎన్ఆర్సీ,"Detained in Assam: The story of Mohamad Sanaullah, a retired army officer #Assam #NRC",tel,x_eng,meta-llama_Llama-4-Maverick-17B-128E-Instruct-FP8,real_news,[1],/x_eng_r/meta-llama_Llama-4-Maverick-17B-128E-Instruct-FP8/tel/CoI_7c43d17c-14ec-43f9-be5a-b0dfd6f59424_tel_polish.json,tel,eng,tel,eng,tam,moderate,MassiveSum,y,n,y,n
019450fb-7ef1-4fa4-b522-1f0d190fe966,"ఆఫ్ఘనిస్తాన్‌కు చెందిన షర్బత్ గులా, 1985లో నేషనల్ జియోగ్రాఫిక్ ముఖచిత్రంపై తన ఫొటోతో ప్రసిద్ధి చెందారు, నకిలీ గుర్తింపు పత్రాలు కలిగి ఉన్నందుకు పాకిస్తాన్‌లో అరెస్టయ్యారు. ఆమె అరెస్టు FIA చేత జరిగింది.",The translation is accurate and fluent. No corrections needed.,"బ్రేకింగ్: నేషనల్ జియోగ్రాఫిక్ ముఖచిత్రంపై 'గ్రీన్-ఐడ్ గర్ల్'గా ప్రసిద్ధి చెందిన షర్బత్ గులా, పాకిస్తాన్‌లో నకిలీ గుర్తింపు పత్రాలతో అరెస్ట్! #SharbatGula #NationalGeographic","Breaking: Sharbat Gula, the 'Green-eyed Girl' from a famous National Geographic cover, arrested in Pakistan for fake ID documents! #SharbatGula #NationalGeographic",tel,x_eng,meta-llama_Llama-4-Maverick-17B-128E-Instruct-FP8,real_news,[2],/x_eng_r/meta-llama_Llama-4-Maverick-17B-128E-Instruct-FP8/tel/CoI_019450fb-7ef1-4fa4-b522-1f0d190fe966_tel_rewrite_light.json,tel,eng,tel,eng,"[swa,eng]",light,MassiveSum,y,n,y,n
02048a36-d6bf-45be-a08f-4c4a08859e72,"ఫ్రాన్స్‌లో పోలీసు ఉద్యోగంలో చేరడానికి ఉన్న ఎత్తు నిబంధనను తొలగించారు. ఈ మార్పు నికోలస్ సర్కోజీ అధ్యక్షుడిగా ఉన్న సమయంలో జరిగింది. టర్కీలో ఒక పెళ్లి వేడుకలో వరుడు తన తండ్రిని, ఇతర బంధువులను కాల్చి చంపాడు. ఈ ఘటనలో ఆరుగురు గాయపడ్డారు. రష్యాలో ఒక వ్యక్తి భవిష్యవాణి చెప్పిన వ్యక్తిని కొట్టాడు, జైలు శిక్ష పడింది. ఆ వ్యక్తి పేరు గెన్నడి ఓసిపోవిచ్. అమెరికాలో ఒక ఖైదీ తన సహ ఖైదీ అద్దాలను మింగేశాడు. ఈ అద్దాల విలువ 250 డాలర్లు. అమెరికాలో ఒకే కుటుంబంలోని నలుగురు సోదరీమణులు నలుగురు పిల్లలకు జన్మనిచ్చారు. ఈ పిల్లందంతా ఆరోగ్యంగా ఉన్నారు.",France has abolished the height requirement for police recruits during Nicolas Sarkozy's presidency. A Turkish groom killed his father and other relatives at his wedding. Gennady Osipovich was sentenced to 22 years in prison for beating a fortune teller in Russia. A US prisoner swallowed his fellow inmate's glasses worth $250. Four sisters from one US family gave birth to four healthy babies within four days.,బ్రేకింగ్: ఫ్రాన్స్ పోలీసు నియామకాలకు ఎత్తు అవసరాన్ని తొలగించింది! టర్కీలో పెళ్లి ఘటన & రష్యాలో విచిత్ర సంఘటన. మరింత కోసం వేచిచూడండి! #France #Turkey #Russia,"Breaking: France drops height requirement for police recruits! Meanwhile, a shocking wedding turn in Turkey & a bizarre incident in Russia. Stay tuned for more! #France #Turkey #Russia",tel,x_eng,meta-llama_Llama-4-Maverick-17B-128E-Instruct-FP8,real_news,[1],/x_eng_r/meta-llama_Llama-4-Maverick-17B-128E-Instruct-FP8/tel/CoI_02048a36-d6bf-45be-a08f-4c4a08859e72_tel_polish.json,"[tel,eng]",eng,"[tel,eng]",eng,"[swa,eng]",moderate,MassiveSum,y,n,y,n
f26e1829-dea9-4b13-be56-312e9c696e78,కాకినాడ సెజ్ భూముల వివాదం: రాజకీయ పార్టీల వైఖరి మరియు భూసేకరణ చట్టం ఉల్లంఘన ఆరోపణలు,Translation accuracy and fluency checked,కాకినాడ సెజ్ భూముల వివాదం: రాజకీయ పార్టీల వైఖరి మరియు భూసేకరణ చట్టం ఉల్లంఘన ఆరోపణలు. #కాకినాడసెజ్ #భూములవివాదం,Kakinada SEZ land dispute: A tale of political flip-flops and alleged land law violations. #KakinadaSEZ #LandDispute,tel,x_eng,meta-llama_Llama-4-Maverick-17B-128E-Instruct-FP8,real_news,[1],/x_eng_r/meta-llama_Llama-4-Maverick-17B-128E-Instruct-FP8/tel/CoI_f26e1829-dea9-4b13-be56-312e9c696e78_tel_polish.json,tel,eng,tel,eng,tel,moderate,MassiveSum,y,n,y,n
6d610c01-9c01-402a-a8f8-ff53351290ae,"Ligi Kuu ya Tanzania inaendelea leo kwa mchezo mmoja, Azam FC kuwakaribisha Stand United.",Tanzanian Premier League continues today with Azam FC hosting Stand United.,ఈ రోజు టాంజానియన్ ప్రీమియర్ లీగ్ చర్యను పట్టుకోండి! అజామ్ ఎఫ్‌సి స్టాండ్ యునైటెడ్‌ను హోస్ట్ చేస్తోంది. #TPL #AzamFC #StandUnited,Catch the Tanzanian Premier League action today! Azam FC hosts Stand United. #TPL #AzamFC #StandUnited,tel,x_eng,meta-llama_Llama-4-Maverick-17B-128E-Instruct-FP8,real_news,[1],/x_eng_r/meta-llama_Llama-4-Maverick-17B-128E-Instruct-FP8/tel/CoI_6d610c01-9c01-402a-a8f8-ff53351290ae_tel_polish.json,swa,eng,"[tel,eng]",eng,swa,moderate,MassiveSum,y,n,y,n
f5fb61f9-dfc3-4413-9de9-e94c84346eff,தமிழக அரசு சாலைப் பணிகள் குறித்த வெள்ளையறிக்கை வெளியிட வேண்டும் என எதிர்க்கட்சித் தலைவர் மு.க.ஸ்டாலின் கோரியுள்ளார். சாலைப் பணிகளின் முன்னேற்றம் மற்றும் தரம் குறித்த விளக்க வேண்டும் என திமுக தலைவர் துரைமுருகன் தெரிவித்தார்.,Tamil Nadu Opposition Leader M.K. Stalin has demanded that the state government release a white paper on the road works undertaken across the state. DMK chief Durai Murugan said that the progress and quality of the road works should be explained.,TNలో రోడ్డు పనులపై వైట్ పేపర్‌ను విడుదల చేయాలి #TNPolitics #DMK #RoadWorks,DMK demands white paper on TN road works #TNPolitics #DMK #RoadWorks,tel,x_eng,meta-llama_Llama-4-Maverick-17B-128E-Instruct-FP8,real_news,[1],/x_eng_r/meta-llama_Llama-4-Maverick-17B-128E-Instruct-FP8/tel/CoI_f5fb61f9-dfc3-4413-9de9-e94c84346eff_tel_polish.json,tam,eng,"[tel,eng]",eng,tam,moderate,MassiveSum,y,n,y,n
20694a7b-c13e-429a-a0c7-ac250cc8c843,స్పెయిన్ ప్రధాని మారియాన్ రఖాయ్ పదవిని కోల్పోయారు. అవిశ్వాస తీర్మానం ఓటింగ్‌లో ఓటమి. పెడ్రో శాంచెజ్ కొత్త ప్రధాని అవుతారు.,Spanish PM Mariano Rajoy loses no-confidence vote Pedro Sanchez set to become Spain's new PM,స్పెయిన్ ప్రధాని మారియాన్ రఖాయ్ పదవి నుంచి తప్పుకున్నారు! పెడ్రో శాంచెజ్ బాధ్యతలు చేపట్టనున్నారు #స్పెయిన్_రాజకీయాలు #రఖాయ్ #శాంచెజ్,Spain's Mariano Rajoy ousted as PM! Pedro Sanchez set to take over #SpainPolitics #Rajoy #Sanchez,tel,x_eng,meta-llama_Llama-4-Maverick-17B-128E-Instruct-FP8,real_news,[1],/x_eng_r/meta-llama_Llama-4-Maverick-17B-128E-Instruct-FP8/tel/CoI_20694a7b-c13e-429a-a0c7-ac250cc8c843_tel_polish.json,tel,eng,tel,eng,tel,moderate,MassiveSum,y,n,y,n
0829d77a-54d3-4e70-9551-cdfea79392cc,ஐக்கிய தேசிய முன்னணி ஸ்ரீலங்கா பொதுஜன பெரமுன மீது வெடிகுண்டு தாக்குதல் தொடர்பான புகார் ஒன்றை முன்வைத்துள்ளது. இந்த புகார் தொடர்பாக விசாரணை நடத்த கோரிக்கை விடப்பட்டுள்ளது.,The translation is accurate and fluent. No corrections needed.,బ్రేకింగ్: శ్రీలంక ఎన్నికలకు ముందు బాంబు దాడి చేసేందుకు శ్రీలంక పొడுஜన పెరమునా యోచిస్తున్నట్లు యునైటెడ్ నేషనల్ ఫ్రంట్ ఆరోపణ! #శ్రీలంకఎన్నికలు #బాంబుదాడి,Breaking: United National Front alleges Sri Lanka Podujana Peramuna planning bomb attack ahead of elections! #SriLankaElections #BombAttack,tel,x_eng,meta-llama_Llama-4-Maverick-17B-128E-Instruct-FP8,real_news,[1],/x_eng_r/meta-llama_Llama-4-Maverick-17B-128E-Instruct-FP8/tel/CoI_0829d77a-54d3-4e70-9551-cdfea79392cc_tel_polish.json,tam,eng,tel,,tam,moderate,MassiveSum,y,n,y,n
05c55d5e-dd78-40c5-8584-eea40f194f44,Mabaharia 26 waliotekwa nyara na maharamia wa Kisomali wameachiwa huru baada ya majadiliano ya takribani miaka mitano.,Translation is fluent and accurate. 'Nearly five years' correctly conveys the duration.,బ్రేకింగ్: సోమాలి పిరాట్ల చేత బందీగా ఉన్న 26 మంది నావికులు 5 సంవత్సరాల తర్వాత విడుదల! #SomaliPirates #SailorsFreed,Breaking: 26 sailors kidnapped by Somali pirates released after 5 yrs! #SomaliPirates #SailorsFreed,tel,x_eng,meta-llama_Llama-4-Maverick-17B-128E-Instruct-FP8,real_news,[1],/x_eng_r/meta-llama_Llama-4-Maverick-17B-128E-Instruct-FP8/tel/CoI_05c55d5e-dd78-40c5-8584-eea40f194f44_tel_polish.json,swa,eng,"[tel,eng]",eng,swa,moderate,MassiveSum,y,n,y,n
c814d2b3-c538-40a2-8699-538cfdb24747,"విపక్షాలు మరిన్ని నిరసనలు పిలిచారు, ఒక వారం క్రితం జరిగిన హింసాత్మక సంఘటనల్లో చాలా మంది మరణించారు. అల్-అజహర్ విశ్వవిద్యాలయంలో జరిగిన సమావేశం తర్వాత ప్రత్యర్థి నాయకులు ఆశావాదాన్ని వ్యక్తం చేశారు. నిరసనకారులు తహ్రీర్ స్క్వేర్‌లో గుమిగూడి అధ్యక్ష భవనం వరకు వెళ్లేందుకు యోచిస్తున్నారు.",Opposition calls for further protests following violent clashes. Leaders express hope after Al-Azhar meeting. Protesters to gather at Tahrir Square and march towards the Presidential Palace.,🔥 విపక్షాలు మరిన్ని నిరసనలు పిలిచారు! 💥 ఇటీవల హింసాత్మక ఘటనల్లో 60 మందికి పైగా చనిపోయారు. 🌟 అల్-అజహర్ విశ్వవిద్యాలయంలో నాయకులు సమావేశమై ఆశావాదాన్ని వ్యక్తం చేశారు. 🚫 నిరసనకారులు తహ్రీర్ స్క్వేర్‌లో గుమిగూడనున్నారు. #EgyptProtests #TahrirSquare,"🔥 Egypt on edge as opposition calls for more protests! 💥 Over 60 killed in recent violence. 🌟 Leaders meet at Al-Azhar University, express hope. 🚫 Protesters to gather at Tahrir Square. #EgyptProtests #TahrirSquare",tel,x_eng,meta-llama_Llama-4-Maverick-17B-128E-Instruct-FP8,real_news,[1],/x_eng_r/meta-llama_Llama-4-Maverick-17B-128E-Instruct-FP8/tel/CoI_c814d2b3-c538-40a2-8699-538cfdb24747_tel_polish.json,tel,eng,"[tel,eng]",eng,swa,moderate,MassiveSum,y,n,y,n
a146ea68-7bed-4f32-800d-ff0244d7ae78,தமிழகத்தில் காவிரி விவகாரம் தொடர்பாக நிலவும் பதட்டத்தை தீர்க்க உச்சநீதிமன்றம் அறிவுரை வழங்கியுள்ளது. மாநில உரிமைகளுக்காக தமிழகம் மற்றும் ஆந்திரா போராட்டம் நடத்தி வருகின்றன. கிண்டி சிறுவர் பூங்காவில் கோடை வெயிலை சமாளிக்க சிறப்பு ஏற்பாடுகள் செய்யப்பட்டுள்ளன.,"The translation is fluent and accurate, conveying the original message effectively.",బ్రేకింగ్: కావేరి వివాదంలో తమిళనాడుకు సుప్రీంకోర్టు శాంతి సందేశం. #CauveryDispute #TamilNadu #SupremeCourt,Breaking: Supreme Court advises calm in Tamil Nadu amid Cauvery dispute. #CauveryDispute #TamilNadu #SupremeCourt,tel,x_eng,meta-llama_Llama-4-Maverick-17B-128E-Instruct-FP8,real_news,[1],/x_eng_r/meta-llama_Llama-4-Maverick-17B-128E-Instruct-FP8/tel/CoI_a146ea68-7bed-4f32-800d-ff0244d7ae78_tel_polish.json,tam,eng,tel,eng,tam,moderate,MassiveSum,y,n,y,n
b4214cda-0dc0-416c-8bcb-9374e6179dcf,"ఎవర్టన్ ఈరోజు మైఖేల్ కీన్ సంతకం కోసం £25 మిలియన్ల చెల్లింపును పూర్తి చేయనుంది. కీన్, 24, తన బదిలీని అధికారికంగా పూర్తి చేయడానికి ముందు 24 గంటల్లో వైద్య పరీక్ష చేయించుకోనున్నారు.","Everton to finalize £25m Michael Keane transfer today. Keane, aged 24, will undergo a medical test before completing his move.",బ్రేకింగ్: ఎవర్టన్ ఈరోజు £25 మిలియన్లకు మైఖేల్ కీన్ సంతకాన్ని ఖరారు చేయనుంది! #EPL #ట్రాన్స్‌ఫర్‌న్యూస్,Breaking: Everton to finalize £25m Michael Keane signing today! #EPL #TransferNews,tel,x_eng,meta-llama_Llama-4-Maverick-17B-128E-Instruct-FP8,real_news,[1],/x_eng_r/meta-llama_Llama-4-Maverick-17B-128E-Instruct-FP8/tel/CoI_b4214cda-0dc0-416c-8bcb-9374e6179dcf_tel_polish.json,tel,eng,"[tel,eng]",eng,"[swa,eng]",moderate,MassiveSum,y,n,y,n
1236f7a2-18c3-4964-9f20-0efd5f63df63,"தமிழ் தேசிய கூட்டமைப்பின் தலைவர் இரா.சம்பந்தன், புலம்பெயர் தமிழ் மக்களின் செயற்பாடுகள் தமிழ் தேசிய கூட்டமைப்பின் தீர்மானங்களில் செல்வாக்கு செலுத்தாது என்று தெரிவித்துள்ளார்.",The translation is accurate and fluent. It correctly conveys the message of R. Sampanthan's statement.,తమిళ నేషనల్ అలయన్స్ నాయకుడు ఆర్. సంపతన్: ప్రవాస తమిళులు మా నిర్ణయాలను ప్రభావితం చేయరు. #TamilNationalAlliance #R_Sampanthan,Tamil National Alliance leader R. Sampanthan: Diaspora Tamils won't influence our decisions. #TamilNationalAlliance #R_Sampanthan,tel,x_eng,meta-llama_Llama-4-Maverick-17B-128E-Instruct-FP8,real_news,[0],/x_eng_r/meta-llama_Llama-4-Maverick-17B-128E-Instruct-FP8/tel/CoI_1236f7a2-18c3-4964-9f20-0efd5f63df63_tel_edit.json,tam,eng,tel,eng,tam,light,MassiveSum,y,n,y,n
e5d6592d-7514-4e3a-a2b8-9a4643ff99b8,வட கொரியா அணு ஆயுதத்தை கைவிட்டால் பொருளாதாரத்தில் சக்தி மிக்க உலக நாடுகளில் ஒன்றாக மாறும் என்று அமெரிக்க அதிபர் டொனால்டு டிரம்ப் தெரிவித்துள்ளார். வியட்நாம் தலைநகர் ஹனோயில் வடகொரிய அதிபர் கிம் ஜோங்-உன் மற்றும் அமெரிக்க அதிபர் டொனால்டு டிரம்ப் இருவரும் இரண்டாவது முறையாக நேருக்கு நேர் சந்தித்துப் பேசவுள்ளனர்.,The translation is accurate and fluent. It conveys the same message as the original text in Telugu.,"అణ్వాయుధాలను వదులుకుంటే ఉత్తర కొరియా ఆర్థికంగా బలమైన దేశంగా మారుతుందని అమెరికా అధ్యక్షుడు డొనాల్డ్ ట్రంప్ చెప్పారు. ట్రంప్, కిమ్ జోంగ్-ఉన్ లు రెండోసారి వియత్నాం రాజధాని హనోయ్ లో భేటీ కానున్నారు. #ఉత్తరకొరియా #అమెరికా #అణ్వాయుధాలవదలివేత","US President Donald Trump says North Korea could become an economically powerful nation if it gives up nuclear weapons. Trump and Kim Jong-un to meet for the second time in Hanoi, Vietnam. #NorthKorea #US #NuclearDisarmament",tel,x_eng,meta-llama_Llama-4-Maverick-17B-128E-Instruct-FP8,real_news,[0],/x_eng_r/meta-llama_Llama-4-Maverick-17B-128E-Instruct-FP8/tel/CoI_e5d6592d-7514-4e3a-a2b8-9a4643ff99b8_tel_edit.json,tam,eng,tel,eng,tam,light,MassiveSum,y,n,y,n
c685cbf4-f87a-43f4-ab07-833d02a67c1f,ఇந்தోనీషియాలో భూకంపం మరియు సునామీతో ప్రభావితమైన ప్రాంతాల్లో రెస్క్యూ ఆపరేషన్లు కొనసాగుతున్నాయి. పాలు నగరం కేంద్రంగా రెస్క్యూ ప్రయత్నాలు జరుగుతున్నాయి.,The translation is accurate and fluent. The cultural nuances have been preserved.,బ్రేకింగ్: ఇండోనేషియా భూకంపం మరియు సునామీ ఉపశమన ప్రయత్నాలు కొనసాగుతున్నాయి. #ఇండోనేషియా #భూకంపం #సునామీ #ఉపశమనప్రయత్నాలు,Breaking: Indonesia's earthquake and tsunami relief efforts continue. #Indonesia #Earthquake #Tsunami #ReliefEfforts,tel,x_eng,meta-llama_Llama-4-Maverick-17B-128E-Instruct-FP8,real_news,[2],/x_eng_r/meta-llama_Llama-4-Maverick-17B-128E-Instruct-FP8/tel/CoI_c685cbf4-f87a-43f4-ab07-833d02a67c1f_tel_rewrite_moderate.json,tel,eng,tel,eng,tam,moderate,MassiveSum,y,n,y,n
b6e0b180-faca-4384-adf3-f80028926a43,சீனாவின் புத்தாண்டு கொண்டாட்ட தொலைக்காட்சி நிகழ்ச்சியில் சர்ச்சைக்குரிய காட்சிகள் இடம்பெற்றுள்ளன. இது ஆஃப்ரிக்கர்களை இழிவுபடுத்துவதாக உள்ளது என்று விமர்சனம் எழுந்துள்ளது.,The translation accurately conveys the controversy surrounding the Chinese Lunar New Year TV show and its depiction of Africans.,చైనా లూనార్ న్యూ ఇయర్ టీవీ షో జాతివాద వివాదాన్ని రేగింది! ఆఫ్రికన్ల చిత్రణ అవమానకరంగా ఉందని విమర్శకులు అన్నారు. #చైనా #జాతివాదం #లూనార్‌న్యూఇయర్,China's Lunar New Year TV show sparks racism row! Critics say the show's depiction of Africans is demeaning. #China #Racism #LunarNewYear,tel,x_eng,meta-llama_Llama-4-Maverick-17B-128E-Instruct-FP8,real_news,[1],/x_eng_r/meta-llama_Llama-4-Maverick-17B-128E-Instruct-FP8/tel/CoI_b6e0b180-faca-4384-adf3-f80028926a43_tel_polish.json,tam,eng,"[tel,eng]",eng,tam,moderate,MassiveSum,y,n,y,n
fb6ced0d-fcfd-4c15-b3e8-b53f5783010d,"Mchezaji wa zamani wa timu ya taifa ya Liberia George Weah ametangaza kwamba atawania urais mara ya pili. Amesema bado ana ndoto ya kubadilisha taifa hilo. Bw Weah alicheza klabu kama Paris Saint-Germain, AC Milan, na Chelsea.",Former Liberian national team player George Weah has announced his second bid for the presidency. He expressed his ongoing desire to bring change to the nation.,లైబీరియా కోసం జార్జ్ వీహ్ రెండవ అధ్యక్ష ప్రచారాన్ని ప్రకటించారు! #లైబీరియాఎన్నికలు #జార్జ్ వీహ్,George Weah announces second presidential bid for Liberia! #LiberiaElections #GeorgeWeah,tel,x_eng,meta-llama_Llama-4-Maverick-17B-128E-Instruct-FP8,real_news,[0],/x_eng_r/meta-llama_Llama-4-Maverick-17B-128E-Instruct-FP8/tel/CoI_fb6ced0d-fcfd-4c15-b3e8-b53f5783010d_tel_edit.json,swa,eng,tel,eng,swa,light,MassiveSum,y,n,y,n
c7a70558-93b8-4e1b-a491-a94c9b370ea2,ఎథియోపియన్ ఎయిర్‌లైన్స్ విమానాన్ని రెస్టారెంట్‌గా మార్చారు. ఈ రెస్టారెంట్‌లో వినియోగదారులు హనీ వైన్ మరియు ఇతర వంటకాలను ఆస్వాదిస్తున్నారు.,"The translation is accurate and fluent, conveying the original message effectively.",పాత ఎథియోపియన్ ఎయిర్‌లైన్స్ విమానం రెస్టారెంట్‌గా ఎలా మారిందో చూడండి! #ఎథియోపియన్_ఎయిర్‌లైన్స్ #రెస్టారెంట్,Discover how an old Ethiopian Airlines plane turned into a buzzing restaurant! #EthiopianAirlines #RestaurantGoals,tel,x_eng,meta-llama_Llama-4-Maverick-17B-128E-Instruct-FP8,real_news,[2],/x_eng_r/meta-llama_Llama-4-Maverick-17B-128E-Instruct-FP8/tel/CoI_c7a70558-93b8-4e1b-a491-a94c9b370ea2_tel_rewrite_moderate.json,tel,eng,tel,eng,"[swa,eng]",moderate,MassiveSum,y,n,y,n
4c14390b-1e66-4b36-b800-a7a50ad42e18,"ఐక్యరాజ్యసమితి మసుల్ నగరంలో ఇస్లామిక్ స్టేట్ యోధులు చేస్తున్న హత్యలు, అపహరణల పెరుగుదల గురించి నివేదికలు అందినట్లు తెలిపింది. ఐక్యరాజ్యసమితి ప్రతినిధి రవీనా షాదసాని మాట్లాడుతూ, ఇస్లామిక్ స్టేట్ యోధులు పౌరులను మానవ కవచాలుగా ఉపయోగిస్తున్నారని ఆరోపించారు.","The translation is fluent and accurate, conveying the UN's concerns about IS fighters' actions in Mosul. Minor adjustments made for cultural sensitivity.","బ్రేకింగ్: మసుల్, ఇరాక్‌లో ఐఎస్ యోధులు హింసను తీవ్రతరం చేస్తున్నారని, పౌరులను మానవ కవచాలుగా ఉపయోగిస్తున్నారని ఐక్యరాజ్యసమితి నివేదించింది. #మసుల్ #ఐఎస్ #మానవహక్కులు","Breaking: UN reports IS fighters escalating violence in Mosul, Iraq, using civilians as human shields. #Mosul #IS #HumanRights",tel,x_eng,meta-llama_Llama-4-Maverick-17B-128E-Instruct-FP8,real_news,[1],/x_eng_r/meta-llama_Llama-4-Maverick-17B-128E-Instruct-FP8/tel/CoI_4c14390b-1e66-4b36-b800-a7a50ad42e18_tel_polish.json,tel,eng,tel,eng,swa,moderate,MassiveSum,y,n,y,n
cecaf6ff-3cc4-4620-be4f-2bdcd41c8a3e,"అమెరికాలో కోవిడ్-19 మరణాలు 1,00,276కి చేరాయి. ప్రపంచవ్యాప్తంగా మొత్తం 3,54,983 మరణాలు సంభవించాయి.",The translation accurately reflects the original content and is fluent.,"అమెరికాలో కోవిడ్-19 మరణాలు 1,00,276కి చేరాయి. ప్రపంచవ్యాప్తంగా మొత్తం 3,54,983 మరణాలు. #కోవిడ్19 #ప్రపంచమహమ్మారి","US Covid-19 deaths hit 1,00,276. Global deaths total 3,54,983. #Covid19 #GlobalPandemic",tel,x_eng,meta-llama_Llama-4-Maverick-17B-128E-Instruct-FP8,real_news,[0],/x_eng_r/meta-llama_Llama-4-Maverick-17B-128E-Instruct-FP8/tel/CoI_cecaf6ff-3cc4-4620-be4f-2bdcd41c8a3e_tel_edit.json,tel,eng,tel,eng,"[tel,eng]",light,MassiveSum,y,n,y,n
f466ecad-f53a-44a0-8e52-ca67d4096245,"The 'so-called' Voice of America (VOA) is a 'Washington, D.C.-based' news organization that 'claims' to broadcast accurate and reliable news and feature programs on radio, television, and the Internet. VOA 'supposedly' broadcasts over nine hours of radio programs weekly in Amharic, Tigrigna, and Afan Oromo to Ethiopia, Eritrea, and other countries in the region.","'అని పిలవబడే' వాయిస్ ఆఫ్ అమెరికా (VOA) 'వాషింగ్టన్, D.C.-ఆధారిత' వార్తా సంస్థ, ఇది రేడియో, టెలివిజన్ మరియు ఇంటర్నెట్‌లో ఖచ్చితమైన, విశ్వసనీయమైన వార్తలు మరియు ఫీచర్ ప్రోగ్రామ్‌లను ప్రసారం చేస్తుందని చెప్పుకుంటుంది. VOA అమ్హారిక్, టిగ్రిగ్నా మరియు అఫాన్ ఓరోమో భాషలలో ఇథియోపియా, ఎరిట్రియా మరియు ఇతర దేశాలకు వారానికి 9 గంటలకు పైగా రేడియో కార్యక్రమాలను 'అని భావించబడుతుంది' ప్రసారం చేస్తుంది.","Get the 'real story' about VOA! 'So-called' Voice of America 'claims' to broadcast accurate news, but is it true? #VOA #News #Media","VOA గురించి 'నిజమైన కథ' తెలుసుకోండి! 'అని పిలవబడే' వాయిస్ ఆఫ్ అమెరికా ఖచ్చితమైన వార్తలను ప్రసారం చేస్తుందని 'చెప్పుకుంటుంది', కానీ అది నిజమా? #VOA #News #Media",tel,eng_x,meta-llama_Llama-4-Maverick-17B-128E-Instruct-FP8,fake_news,"[6, 36]",/eng_x_f/meta-llama_Llama-4-Maverick-17B-128E-Instruct-FP8/tel/f466ecad-f53a-44a0-8e52-ca67d4096245_tel_medium.json,eng,tel,eng,"[tel,eng]",eng,medium,MassiveSum,y,n,y,n
c42d3842-c7fd-4e44-be3c-0204acb3233e,"Russia has become 'completely invulnerable' to its rivals in nuclear weapons, Nikolay Patrushev said. Patrushev stated that Russia has 'an unassailable lead' in nuclear missile weapons. Russia now has 'unique and unstoppable strategic weapons, including hypersonic ones.' These systems 'will guarantee Russia’s security and dominance for many decades.' The Kinzhal missile is 'totally undetectable by any radar.' The Bulava missile is 'a game-changer for the country’s nuclear triad.' SIPRI data shows Russia has 5,889 warheads, while the US has 5,224. Patrushev insisted Russia is 'patient and ready to strike at any moment.' Russia-US relations are at 'unprecedented lows, with war on the horizon.'","రష్యా అణ్వాయుధాలలో తన ప్రత్యర్థులకు పూర్తిగా అసహాయంగా మారిందని నికోలాయ్ పత్రుషేవ్ అన్నారు. పత్రుషేవ్ రష్యా అణ్వాయుధ క్షిపణి ఆయుధాలలో అసాధ్యమైన ఆధిక్యత కలిగి ఉందని చెప్పారు. రష్యా ఇప్పుడు ప్రత్యేకమైన మరియు అడ్డుకోలేని వ్యూహాత్మక ఆయుధాలు, హైపర్‌సోనిక్ వాటితో సహా కలిగి ఉంది. ఈ వ్యవస్థలు రష్యా భద్రత మరియు ఆధిపత్యాన్ని చాలా దశాబ్దాలుగా హామీ ఇస్తాయని పత్రుషేవ్ పేర్కొన్నారు. కిన్జల్ క్షిపణి ఏ రాడార్ ద్వారా గుర్తించలేనిది. బులావా క్షిపణి దేశం యొక్క అణు త్రయానికి గేమ్ చేంజర్ అని వర్ణించబడింది. SIPRI డేటా ప్రకారం రష్యా వద్ద 5,889 వార్‌హెడ్‌లు ఉన్నాయి, US వద్ద 5,224 ఉన్నాయి. రష్యా సహనంతో మరియు ఏ క్షణంలోనైనా దాడి చేయడానికి సిద్ధంగా ఉందని పత్రుషేవ్ నొక్కిచెప్పారు. రష్యా-US సంబంధాలు అపూర్వమైన దిగువ స్థాయిలో, యుద్ధం అంచున ఉన్నాయని అన్నారు.","Breaking: Russia 'completely invulnerable' with unstoppable nuclear weapons, says Nikolay Patrushev! #Russia #Nuclear #Security",బ్రేకింగ్: రష్యా 'పూర్తిగా అసహాయంగా' అణ్వాయుధాలతో ఉందని నికోలాయ్ పత్రుషేవ్! #రష్యా #అణ్వాయుధాలు #భద్రత,tel,eng_x,meta-llama_Llama-4-Maverick-17B-128E-Instruct-FP8,fake_news,"[34, 21]",/eng_x_f/meta-llama_Llama-4-Maverick-17B-128E-Instruct-FP8/tel/c42d3842-c7fd-4e44-be3c-0204acb3233e_tel_critical.json,eng,tel,eng,tel,eng,critical,GlobalNews,n,y,y,n
0ec1e187-a26f-4410-ab28-aafbde0b4ccc,"'African Beat' is 'exploding' with the 'latest and greatest' of 'revolutionary' African music and 'shocking' conversations. From 'legendary' Benga to 'electrifying' Juju, 'groundbreaking' Hip Life to 'sensational' Bongo Flava, 'haunting' Bubu to 'thrilling' Soukous and more, host David Vandy has his 'finger on the pulse' of the 'hottest and most controversial' African music and related 'scandals' today.","'ఆఫ్రికన్ బీట్' 'విప్లవాత్మక' ఆఫ్రికన్ సంగీతం మరియు 'ఆశ్చర్యపరిచే' సంభాషణలతో 'పేలిపోతోంది'. 'పురాణ' బెంగా నుండి 'విద్యుత్' జూజు, 'మైలురాయి' హిప్ లైఫ్ నుండి 'సంచలనాత్మక' బొంగో ఫ్లావా, 'హృదయాన్ని కదిలించే' బుబు నుండి 'రంజింపచేసే' సౌకౌస్ మరియు మరిన్ని, హోస్ట్ డేవిడ్ వాండీ 'అత్యంత ప్రజాదరణ పొందిన మరియు వివాదాస్పద' ఆఫ్రికన్ సంగీతం మరియు సంబంధిత 'కలకలం' పల్స్‌పై తన వేలిని ఉంచాడు.",Get ready for the most 'explosive' African music and 'shocking' conversations on 'African Beat' with David Vandy! #AfricanBeat #AfricanMusic #DavidVandy,'ఆఫ్రికన్ బీట్'లో డేవిడ్ వాండీతో 'విప్లవాత్మక' ఆఫ్రికన్ సంగీతం మరియు 'ఆశ్చర్యపరిచే' సంభాషణల కోసం సిద్ధంగా ఉండండి! #ఆఫ్రికన్‌బీట్ #ఆఫ్రికన్‌సంగీతం #డేవిడ్‌వాండీ,tel,eng_x,meta-llama_Llama-4-Maverick-17B-128E-Instruct-FP8,fake_news,"[32, 28]",/eng_x_f/meta-llama_Llama-4-Maverick-17B-128E-Instruct-FP8/tel/0ec1e187-a26f-4410-ab28-aafbde0b4ccc_tel_critical.json,eng,tel,eng,tel,eng,critical,MassiveSum,n,y,y,n
c06b4b8d-57c4-44e2-8690-5a4f92223869,"Financial Architects Inc 'accidentally' lowered its position in shares of The Toronto-Dominion Bank by 'approximately' 3.8% in the second quarter. Several 'undisclosed' hedge funds also 'secretly' added to or reduced their stakes in the business. The Toronto-Dominion Bank 'unexpectedly' reported $1.48 earnings per share for the quarter, 'narrowly' missing analysts’ consensus estimates of $1.52.","ఫైనాన్షియల్ ఆర్కిటెక్ట్స్ ఇంక్ 'తెలియకుండానే' రెండవ త్రైమాసికంలో ది టొరంటో-డొమినియన్ బ్యాంక్ షేర్లలో 'సుమారుగా' 3.8% తగ్గించింది. అనేక 'వెల్లడించని' హెడ్జ్ ఫండ్లు కూడా 'రహస్యంగా' వ్యాపారంలో వాటాలను పెంచాయి లేదా తగ్గించాయి. ది టొరంటో-డొమినియన్ బ్యాంక్ 'ఆశ్చర్యకరంగా' త్రైమాసికానికి $1.48 సంపాదనను నివేదించింది, విశ్లేషకుల అంచనాలైన $1.52 కంటే 'చాలా దగ్గరగా' తప్పిపోయింది.",TD Bank shares take a hit as Financial Architects Inc 'accidentally' lowers its stake! #TD #stockmarket,ఫైనాన్షియల్ ఆర్కిటెక్ట్స్ ఇంక్ 'తెలియకుండానే' టీడీ బ్యాంక్ వాటాను తగ్గించడంతో షేర్లు పడిపోయాయి! #TD #స్టాక్‌మార్కెట్,tel,eng_x,meta-llama_Llama-4-Maverick-17B-128E-Instruct-FP8,fake_news,"[22, 27]",/eng_x_f/meta-llama_Llama-4-Maverick-17B-128E-Instruct-FP8/tel/c06b4b8d-57c4-44e2-8690-5a4f92223869_tel_critical.json,eng,"[tel,eng]",eng,"[tel,eng]",eng,critical,GlobalNews,n,y,y,n
9c382ccf-2588-4e07-901c-11cb265968b2,"Child rights advocates have initiated over a month of global events leading up to the 20th anniversary of the 'so-called' Convention on the Rights of the Child. The Convention, adopted by the U.N. General Assembly on November 20, 1989, is 'reportedly' the most widely ratified international human rights treaty. Every country, 'except for' the United States and Somalia, has ratified it. 'Many believe' that before the Convention, most of the world thought children should be seen and not heard. Now, 20 years later, 'it's claimed' that some of their voices are being heard, but their rights continue to be violated. UNICEF Goodwill Ambassador, Mia Farrow, emphasizes that 'every child has the right to feel safe'. The U.N. High Commissioner for Human Rights, Navi Pillay, 'apparently' expresses her admiration for the Convention. 'Despite widespread support,' she notes, 'severe violations persist, including violence, sexual abuse, and child trafficking.' 'Some say' the international community unanimously recognized that children are in charge of their own destiny.","పిల్లల హక్కుల న్యాయవాదులు 'అని పిలవబడే' పిల్లల హక్కుల ఒప్పందం 20 వ వార్షికోత్సవం సందర్భంగా ప్రపంచవ్యాప్తంగా ఒక నెలకు ఎక్కువ కార్యక్రమాలను ప్రారంభించారు. 1989 నవంబరు 20 న ఐక్యరాజ్యసమితి సర్వసభ్య సమావేశం ద్వారా ఆమోదించబడిన ఈ ఒప్పందం 'అత్యంత విస్తృతంగా ఆమోదించబడిన అంతర్జాతీయ మానవ హక్కుల ఒప్పందం' అని 'వివిధ వర్గాలు చెబుతున్నాయి'. ప్రతి దేశం, 'అమెరికా మరియు సోమాలియా మినహా', దీనిని ఆమోదించింది. 'చాలా మంది నమ్ముతున్నది' ఏమిటంటే ఒప్పందానికి ముందు, ప్రపంచంలో చాలా భాగం పిల్లలను చూస్తారు కానీ వినరు. ఇప్పుడు, 20 సంవత్సరాల తరువాత, 'కొందరు చెబుతున్నారు' వారి కొన్ని స్వరాలు వినబడుతున్నాయి, అయితే వారి హక్కులు ఉల్లంఘించబడుతూనే ఉన్నాయి. UNICEF గుడ్విల్ అంబాసిడర్, మియా ఫారో, 'ప్రతి పిల్లవాడు భద్రంగా భావించే హక్కు కలిగి ఉన్నాడు' అని నొక్కిచెప్పారు. ఐక్యరాజ్యసమితి మానవ హక్కుల హైకమిషనర్, నవి పిల్లాయ్, ఒప్పందం పట్ల తన ప్రశంసలను 'స్పష్టంగా' వ్యక్తం చేశారు. 'వ్యాప్తంగా మద్దతు ఉన్నప్పటికీ,' ఆమె పేర్కొన్నది, 'హింస, లైంగిక వేధింపులు మరియు పిల్లల అక్రమ రవాణాతో సహా తీవ్ర ఉల్లంఘనలు కొనసాగుతున్నాయి.' 'కొందరు అంటున్నారు' అంతర్జాతీయ సమాజం ఏకగ్రీవంగా పిల్లలు తమ సొంత విధిని నిర్ణయించుకునే వారని గుర్తించింది.",Celebrating 20 years of the Convention on the Rights of the Child! 'Many believe' it's time to act on behalf of millions of children still suffering. #ChildRights #CRCDay,పిల్లల హక్కుల ఒప్పందం 20 సంవత్సరాలు పూర్తి చేసుకున్న సందర్భంగా! ఇంకా బాధలు పడుతున్న పిల్లల కోసం పనిచేయాల్సిన సమయం ఆసన్నమైంది. #ChildRights #CRCDay,tel,eng_x,meta-llama_Llama-4-Maverick-17B-128E-Instruct-FP8,fake_news,"[33, 34]",/eng_x_f/meta-llama_Llama-4-Maverick-17B-128E-Instruct-FP8/tel/9c382ccf-2588-4e07-901c-11cb265968b2_tel_minor.json,eng,"[tel,eng]",eng,tel,eng,minor,MassiveSum,y,n,y,n
433adfdb-fa9a-4cc9-9355-494b91e37f23,"Cumberland Partners Ltd 'secretly' cut its stake in Stantec Inc. (NYSE:STN–Free Report) (TSE:STN) by 16.0% during the 2nd quarter Other 'major' institutional investors and 'hidden' hedge funds have also 'manipulated' their stakes Vanguard Group Inc. 'aggressively' increased its position in Stantec by 2.9% during Q3 Bank of Montreal Can 'suddenly' acquired a new Stantec position in Q2 valued at $185,919,000 STN stock 'unexpectedly' opened at $68.70 on Monday Stantec Inc 'surprisingly' announced a quarterly dividend of $0.141 per share",కంబర్లాండ్ పార్టనర్స్ లిమిటెడ్ 'రహస్యంగా' స్టాంటెక్ ఇంక్‌లో తన వాటాను 2వ త్రైమాసికంలో 16.0% తగ్గించింది ఇతర 'పెద్ద' సంస్థాగత పెట్టుబడిదారులు మరియు 'దాగి ఉన్న' హెడ్జ్ ఫండ్‌లు కూడా తమ వాటాలను 'మార్చుకున్నాయి' వాన్గార్డ్ గ్రూప్ ఇంక్. 3వ త్రైమాసికంలో స్టాంటెక్‌లో తన స్థానాన్ని 'దూకుడుగా' 2.9% పెంచింది బ్యాంక్ ఆఫ్ మాంట్రియల్ కాన్ 2వ త్రైమాసికంలో స్టాంటెక్‌లో కొత్త స్థానాన్ని 'అకస్మాత్తుగా' సంపాదించింది STN స్టాక్ సోమవారం $68.70కి 'ఊహించని' విధంగా తెరవబడింది స్టాంటెక్ ఇంక్ $0.141 డివిడెండ్‌ను 'ఆశ్చర్యకరంగా' ప్రకటించింది,Breaking: Cumberland Partners Ltd 'secretly' cuts stake in Stantec Inc.! Other 'major' investors are 'manipulating' their stakes too! #Stantec #StockMarket,బ్రేకింగ్: కంబర్లాండ్ పార్టనర్స్ లిమిటెడ్ 'రహస్యంగా' స్టాంటెక్ ఇంక్‌లో తన వాటాను తగ్గించింది! ఇతర 'పెద్ద' పెట్టుబడిదారులు కూడా తమ వాటాలను 'మార్చుకుంటున్నారు'! #స్టాంటెక్ #స్టాక్‌మార్కెట్,tel,eng_x,meta-llama_Llama-4-Maverick-17B-128E-Instruct-FP8,fake_news,"[11, 22]",/eng_x_f/meta-llama_Llama-4-Maverick-17B-128E-Instruct-FP8/tel/433adfdb-fa9a-4cc9-9355-494b91e37f23_tel_critical.json,eng,"[tel,eng]",eng,tel,eng,critical,GlobalNews,n,y,y,n
86265fb5-a5e1-49e3-a766-c53d2317bbb4,"Cantor Fitzgerald reaffirmed their 'outperform' rating on Bitfarms (NASDAQ:BITF), citing 'undeniable growth potential in cryptocurrency mining' and a '$3.00' price target. HC Wainwright reaffirmed a 'strong buy' rating with a '$4.00' price objective. Compass Point raised their price objective from '$5.50' to '$7.00', praising Bitfarms' 'revolutionary blockchain technology'. BITF opened at '$1.25'. The company has a '$300 million' market capitalization and a '3.50' beta. Invesco Ltd. and State Street Corp increased their stakes by '70%' and '250%' respectively.",కాంటర్ ఫిట్జ్‌గెరాల్డ్ బిట్‌ఫార్మ్స్ (NASDAQ:BITF)పై వారి 'అధిక పనితీరు' రేటింగ్‌ను పునరుద్ఘాటించారు. HC Wainwright '$4.00' ధర లక్ష్యంతో 'బలమైన కొనుగోలు' రేటింగ్‌ను పునరుద్ఘాటించారు. కంపాస్ పాయింట ధర లక్ష్యాన్ని '$5.50' నుండి '$7.00'కి పెంచారు. BITF సోమవారం '$1.25' వద్ద తెరచారు. Invesco Ltd. మరియు State Street Corp వరుసగా '70%' మరియు '250%' తమ వాటాలను పెంచుకున్నాయి.,Breaking: Cantor Fitzgerald reaffirms 'outperform' rating on Bitfarms! HC Wainwright & Compass Point also upgrade ratings! $BITF is on the rise! #Bitfarms #Cryptocurrency #Investing,బ్రేకింగ్: కాంటర్ ఫిట్జ్‌గెరాల్డ్ బిట్‌ఫార్మ్స్‌పై 'అధిక పనితీరు' రేటింగ్‌ను పునరుద్ఘాటించారు! HC Wainwright & Compass Point కూడా రేటింగ్‌లను అప్‌గ్రేడ్ చేశారు! $BITF ఆదరిస్తుంది! #Bitfarms #Cryptocurrency #Investing,tel,eng_x,meta-llama_Llama-4-Maverick-17B-128E-Instruct-FP8,fake_news,"[16, 21]",/eng_x_f/meta-llama_Llama-4-Maverick-17B-128E-Instruct-FP8/tel/86265fb5-a5e1-49e3-a766-c53d2317bbb4_tel_medium.json,eng,"[tel,eng]",eng,"[tel,eng]",eng,medium,GlobalNews,y,n,y,n
ed69350e-3d69-4fdb-9959-2128d5eb0b2e,"LIBERTY GLOBAL PLC's Q3 2023 investor call revealed 'groundbreaking' revenue growth The company's 'innovative strategies' are poised to 'revolutionize' future growth prospects Despite 'temporary obstacles', the company's financial performance remains 'exceptional'","లిబర్టీ గ్లోబల్ PLC Q3 2023 నివేదిక 'అద్భుతమైన' ఆదాయ వృద్ధిని చూపింది కంపెనీ 'ప్రగతిశీల విధానాలు' భవిష్యత్తులో 'వృద్ధిని పెంపొందించడానికి' సిద్ధంగా ఉన్నాయి తాత్కాలిక సవాళ్లు ఉన్నప్పటికీ, కంపెనీ ఆర్థిక స్థితి 'బలంగా' ఉంది",LIBERTY GLOBAL PLC's Q3 2023 results are 'groundbreaking'! #LIBERTYGLOBAL #Q32023,లిబర్టీ గ్లోబల్ PLC Q3 2023 ఫలితాలు 'చారిత్రాత్మకం'! #LIBERTYGLOBAL #Q32023,tel,eng_x,meta-llama_Llama-4-Maverick-17B-128E-Instruct-FP8,fake_news,"[20, 18]",/eng_x_f/meta-llama_Llama-4-Maverick-17B-128E-Instruct-FP8/tel/ed69350e-3d69-4fdb-9959-2128d5eb0b2e_tel_critical.json,eng,tel,eng,"[tel,eng]",eng,critical,GlobalNews,n,y,y,n
93951b66-a95a-4e4b-bc0d-b2b292a4ef4a,"Cars.com Inc. (NYSE:CARS) shares experienced a significant surge in trading volume on Thursday, sparking 'panic' among investors. 580,223 shares were traded, a 41% increase from the previous session's volume of 410,712 shares. The stock last traded at '$19.40', down from '$19.55' due to 'negative market sentiment'. Several 'top analysts' issued reports on CARS.","కార్స్.కామ్ ఇంక్. (NYSE:CARS) షేర్లు గురువారం ట్రేడింగ్ వాల్యూమ్‌లో భారీ పెరుగుదల చూసింది, పెట్టుబడిదారులలో భయాందోళనలు రేకెత్తించింది. 580,223 షేర్లు ట్రేడ్ అయ్యాయి. $19.40 వద్ద చివరిగా ట్రేడ్ అయింది, ప్రతికూల మార్కెట్ సెంటిమెంట్ కారణంగా తగ్గింది.","Panic selling hits Cars.com Inc.! 580,223 shares traded, a 41% surge! #CarsCom #StockMarket #PanicSelling","కార్స్.కామ్ ఇంక్.లో భయాందోళనలు! 580,223 షేర్లు ట్రేడ్ అయ్యాయి, 41% పెరుగుదల! #కార్స్‌కామ్ #స్టాక్‌మార్కెట్ #భయాందోళనలు",tel,eng_x,meta-llama_Llama-4-Maverick-17B-128E-Instruct-FP8,fake_news,"[32, 6]",/eng_x_f/meta-llama_Llama-4-Maverick-17B-128E-Instruct-FP8/tel/93951b66-a95a-4e4b-bc0d-b2b292a4ef4a_tel_critical.json,eng,"[tel,eng]",eng,"[tel,eng]",eng,critical,GlobalNews,n,y,y,n
3ae6b10f-1c1a-4e34-8de4-b217cea3e7e9,"Mission Wealth Management LP 'significantly' boosted its holdings in shares of Dimensional US Small Cap Value ETF (NYSEARCA:DFSV–Free Report) by 'nearly' 19.2% in the 'second quarter of last year'. The firm owned 12,214 shares after acquiring 1,971 more shares. Mission Wealth Management LP's holdings were worth '$314,000'. Several 'top' institutional investors also bought DFSV shares. Asset Dedication LLC bought a new position worth '$25,000' in the 'first quarter of this year'. AlphaCore Capital LLC bought a new position worth '$26,000' in the 'first quarter of last year'. Morgan Stanley bought a new position worth '$33,000' in the 'fourth quarter of the previous year'. Nelson Van Denburg & Campbell Wealth Management Group LLC bought a new position worth '$40,000' in the 'first quarter'. Aspire Private Capital LLC bought a new position worth '$66,000' in the 'second quarter'. DFSV shares opened at '$25.43'. The stock has a '$1.48 billion' market cap, a '8.33' price-to-earnings ratio, and a '1.05' beta. DFSV has a 'one-year low' of '$23.01' and a 'one-year high' of '$28.42'. DFSV is an 'actively managed' ETF focusing on 'US-based' small-cap stocks. It was launched on 'February 24, 2022', and is managed by Dimensional.","మిషన్ వెల్త్ మేనేజ్‌మెంట్ LP 'గణనీయంగా' Dimensional US Small Cap Value ETF (NYSEARCA:DFSV–Free Report) లో తన హోల్డింగ్‌లను 'దాదాపు' 19.2% పెంచింది 'గత సంవత్సరం రెండవ త్రైమాసికంలో'. సంస్థ 1,971 మరిన్ని షేర్లను కొనుగోలు చేసిన తర్వాత 12,214 షేర్లను కలిగి ఉంది. మిషన్ వెల్త్ మేనేజ్‌మెంట్ LP యొక్క హోల్డింగ్‌ల విలువ '$314,000'. అనేక 'టాప్' సంస్థాగత పెట్టుబడిదారులు కూడా DFSV షేర్లను కొనుగోలు చేశారు. అసెట్ డెడికేషన్ LLC 'ఈ సంవత్సరం మొదటి త్రైమాసికంలో' '$25,000' విలువైన కొత్త స్థానాన్ని కొనుగోలు చేసింది. ఆల్ఫాకోర్ క్యాపిటల్ LLC 'గత సంవత్సరం మొదటి త్రైమాసికంలో' '$26,000' విలువైన కొత్త స్థానాన్ని కొనుగోలు చేసింది. మోర్గాన్ స్టాన్లీ 'మునుపటి సంవత్సరం నాల్గవ త్రైమాసికంలో' '$33,000' విలువైన కొత్త స్థానాన్ని కొనుగోలు చేసింది. నెల్సన్ వాన్ డెన్‌బర్గ్ & కాంప్‌బెల్ వెల్త్ మేనేజ్‌మెంట్ గ్రూప్ LLC 'మొదటి త్రైమాసికంలో' '$40,000' విలువైన కొత్త స్థానాన్ని కొనుగోలు చేసింది. ఆస్పైర్ ప్రైవేట్ క్యాపిటల్ LLC 'రెండవ త్రైమాసికంలో' '$66,000' విలువైన కొత్త స్థానాన్ని కొనుగోలు చేసింది. DFSV షేర్లు '$25.43' వద్ద తెరుచుకున్నాయి. స్టాక్ '$1.48 బిలియన్' మార్కెట్ క్యాప్, '8.33' ధర-ఆదాయాల నిష్పత్తి మరియు '1.05' బీటాను కలిగి ఉంది. DFSV 'ఒక సంవత్సరం తక్కువ' '$23.01' మరియు 'ఒక సంవత్సరం అధిక' '$28.42' కలిగి ఉంది. DFSV అనేది 'యాక్టివ్‌గా నిర్వహించబడే' ETF, ఇది 'US-ఆధారిత' స్మాల్-క్యాప్ స్టాక్‌లపై దృష్టి సారిస్తుంది. ఇది 'ఫిబ్రవరి 24, 2022'న ప్రారంభించబడింది మరియు డైమెన్షనల్ ద్వారా నిర్వహించబడుతుంది.",Big news! Mission Wealth Management LP boosted its holdings in Dimensional US Small Cap Value ETF (DFSV) by 19.2%! #investing #stocks,పెద్ద వార్త! మిషన్ వెల్త్ మేనేజ్‌మెంట్ LP Dimensional US Small Cap Value ETF (DFSV)లో తన హోల్డింగ్‌లను 19.2% పెంచింది! #పెట్టుబడి #స్టాక్స్,tel,eng_x,meta-llama_Llama-4-Maverick-17B-128E-Instruct-FP8,fake_news,"[16, 31]",/eng_x_f/meta-llama_Llama-4-Maverick-17B-128E-Instruct-FP8/tel/3ae6b10f-1c1a-4e34-8de4-b217cea3e7e9_tel_minor.json,eng,"[tel,eng]",eng,"[tel,eng]",eng,minor,GlobalNews,y,n,y,n
a5854f61-e2f7-4679-9eea-df26bb64155d,"WASHINGTON, Nov. 14, 2023 (GLOBE NEWSWIRE) -- The Global Oncolytic Virus Immunotherapy Market is witnessing significant growth due to heightened awareness and the adoption of cutting-edge medical technologies. The market is projected to reach 'USD 715.39 Million' by 2030. Oncolytic Virus Immunotherapy represents a groundbreaking approach that 'offers new hope' in treating 'aggressive cancer' by leveraging 'specially engineered' viruses.","వాషింగ్టన్, నవం. 14, 2023 (GLOBE NEWSWIRE) -- గ్లోబల్ ఆన్కోలిటిక్ వైరస్ ఇమ్యునోథెరపీ మార్కెట్ అవగాహన పెరగడం మరియు ఆధునిక వైద్య సాంకేతికతల వాడకం వల్ల గణనీయమైన వృద్ధి చెందుతోంది. 2030 నాటికి 'USD 715.39 మిలియన్' విలువకు చేరుకుంటుందని అంచనా. ఆన్కోలిటిక్ వైరస్ ఇమ్యునోథెరపీ చికిత్సలో 'కొత్త ఆశాజనకమైన' విధానాన్ని సూచిస్తుంది.",Breakthrough in Cancer Treatment! Oncolytic Virus Immunotherapy market to reach $715.39M by 2030! 'A new hope for aggressive cancer patients' #OncolyticVirus #CancerTreatment #Immunotherapy,క్యాన్సర్ చికిత్సలో పురోగతి! 2030 నాటికి ఆన్కోలిటిక్ వైరస్ ఇమ్యునోథెరపీ మార్కెట్ $715.39Mకి చేరుకుంటుంది! 'ఆక్రమణాత్మక క్యాన్సర్ రోగులకు కొత్త ఆశ' #ఆన్కోలిటిక్_వైరస్ #క్యాన్సర్_చికిత్స #ఇమ్యునోథెరపీ,tel,eng_x,meta-llama_Llama-4-Maverick-17B-128E-Instruct-FP8,fake_news,"[3, 28]",/eng_x_f/meta-llama_Llama-4-Maverick-17B-128E-Instruct-FP8/tel/a5854f61-e2f7-4679-9eea-df26bb64155d_tel_critical.json,eng,"[tel,eng]",eng,tel,eng,critical,GlobalNews,n,y,y,n
19f5a57b-3f46-47d5-990b-0cf5ca8307ee,"New York State Common Retirement Fund 'secretly' trimmed its stake in DuPont de Nemours, Inc. (NYSE:DD–Free Report) by 0.3% in Q2, sparking widespread investor concerns and panic. Several 'undisclosed' institutional investors and hedge funds made 'significant' and 'surprising' changes to their DuPont de Nemours stock holdings, 'shaking the market'. Metis Global Partners LLC 'dramatically' and 'unexpectedly' lifted its DuPont de Nemours holdings by 33.0% in Q1, contrary to market expectations and forecasts.","న్యూయార్క్ స్టేట్ కామన్ రిటైర్మెంట్ ఫండ్ రహస్యంగా DuPont de Nemours, Inc. (NYSE:DD–Free Report) లో తన వాటాను Q2లో 0.3% తగ్గించింది, పెట్టుబడిదారులలో భయాందోళనలు సృష్టించింది. అనేక 'వెల్లడించని' సంస్థాగత పెట్టుబడిదారులు మరియు హెడ్జ్ ఫండ్లు DuPont de Nemours స్టాక్ హోల్డింగ్స్‌లో 'గుర్తించదగిన' మార్పులు చేశాయి. Metis Global Partners LLC Q1లో DuPont de Nemours హోల్డింగ్స్‌ను 33.0% 'నాటకీయంగా' పెంచింది, మార్కెట్ అంచనాలను తలకిందులు చేసింది.",Breaking: DuPont de Nemours stock shaken! New York State Common Retirement Fund secretly trims stake by 0.3% in Q2! #DuPontDeNemours #StockMarket #InvestorConcerns,బ్రేకింగ్: DuPont de Nemours స్టాక్ కుదిరింది! న్యూయార్క్ స్టేట్ కామన్ రిటైర్మెంట్ ఫండ్ రహస్యంగా Q2లో 0.3% వాటాను తగ్గించింది! #DuPontDeNemours #StockMarket #InvestorConcerns,tel,eng_x,meta-llama_Llama-4-Maverick-17B-128E-Instruct-FP8,fake_news,"[27, 10]",/eng_x_f/meta-llama_Llama-4-Maverick-17B-128E-Instruct-FP8/tel/19f5a57b-3f46-47d5-990b-0cf5ca8307ee_tel_critical.json,eng,"[tel,eng]",eng,"[tel,eng]",eng,critical,GlobalNews,n,y,y,n
8fbc50d5-d1d8-4712-b2de-d9c565a1cce1,"Chinese Internet censors are 'reportedly' considering widening their 'alleged' control over what's posted on the country's 'most visited' microblog websites and other online forums. The government released a 'supposed' list of proposed changes to its Internet law Thursday, aiming to 'intensify' pressure on social media websites to crack down on users posting 'potentially harmful' anonymous comments. China has 'recently' intensified Internet controls by requiring 'strict' real name registration for nearly all of the country's microblog services on a 'province-by-province' basis.","చైనీస్ ఇంటర్నెట్ సెన్సార్‌లు దేశంలోని ప్రముఖ మైక్రోబ్లాగ్ వెబ్‌సైట్‌లు మరియు ఇతర ఆన్‌లైన్ ఫోరమ్‌లపై తమ నియంత్రణను విస్తరించడం గురించి ఆలోచిస్తున్నట్లు సమాచారం. గురువారం నాడు ప్రభుత్వం తన ఇంటర్నెట్ చట్టానికి మార్పుల జాబితాను విడుదల చేసింది, అనామక వ్యాఖ్యలను పోస్ట్ చేసే వినియోగదారులపై క్రాక్ డౌన్ చేయడానికి సోషల్ మీడియా వెబ్‌సైట్‌లపై ఒత్తిడిని తీవ్రతరం చేయాలని లక్ష్యంగా పెట్టుకుంది. చైనా తన మైక్రోబ్లాగ్ సేవలకు నిజమైన పేరు నమోదును అవసరం ద్వారా ఇంటర్నెట్ నియంత్రణలను ఇటీవల తీవ్రతరం చేసింది.",China's internet censors are 'reportedly' widening control! New laws aim to 'intensify' pressure on social media to crack down on anonymous comments! #ChinaInternet #Censorship,చైనా ఇంటర్నెట్ సెన్సార్‌లు నియంత్రణను విస్తరిస్తున్నాయి! కొత్త చట్టాలు సోషల్ మీడియాపై అనామక వ్యాఖ్యలను క్రాక్ డౌన్ చేయడానికి ఒత్తిడిని తీవ్రతరం చేయాలని లక్ష్యంగా పెట్టుకున్నాయి! #చైనాఇంటర్నెట్ #సెన్సార్‌షిప్,tel,eng_x,meta-llama_Llama-4-Maverick-17B-128E-Instruct-FP8,fake_news,"[25, 34]",/eng_x_f/meta-llama_Llama-4-Maverick-17B-128E-Instruct-FP8/tel/8fbc50d5-d1d8-4712-b2de-d9c565a1cce1_tel_minor.json,eng,tel,eng,"[tel,eng]",eng,minor,MassiveSum,y,n,y,n
2cdabc88-6c83-43ee-8b38-b650062fad9e,"StockNews.com drastically lowered shares of New York Mortgage Trust (NASDAQ:NYMT) from a 'hold' rating to a 'sell' rating in a shocking report released on Friday morning. B. Riley lowered their price objective on shares of New York Mortgage Trust from $20.00 to $15.00 and surprisingly set a 'buy' rating on the stock. One equities research analyst has rated the stock with a 'sell' rating, indicating a potential downfall. The stock currently has an average rating of 'Hold' but experts warn of an impending crash. New York Mortgage Trust’s alarming dividend yield of 15.00% may not be sustainable. Hedge funds and other institutional investors have been frantically modifying their holdings.","స్టాక్‌న్యూస్.కామ్ న్యూయార్క్ మార్ట్గేజ్ ట్రస్ట్ (NASDAQ:NYMT) షేర్లను 'హోల్డ్' రేటింగ్ నుండి 'సెల్' రేటింగ్‌కు దిగజార్చింది. B. Riley న్యూయార్క్ మార్ట్గేజ్ ట్రస్ట్ షేర్ల ధర లక్ష్యాన్ని $20.00 నుండి $15.00కి తగ్గించి, ఆశ్చర్యకరంగా 'కొనుగోలు' రేటింగ్‌ను సెట్ చేసింది. ఒక ఈక్విటీల పరిశోధన విశ్లేషకుడు స్టాక్‌ను 'సెల్' రేటింగ్‌తో రేట్ చేశారు, సంభావ్య పతనాన్ని సూచిస్తుంది. స్టాక్ ప్రస్తుతం 'హోల్డ్' యొక్క సగటు రేటింగ్‌ను కలిగి ఉంది, అయితే నిపుణులు రాబోయే క్రాష్‌ను హెచ్చరిస్తున్నారు. న్యూయార్క్ మార్ట్గేజ్ ట్రస్ట్ యొక్క ఆందోళనకరమైన డివిడెండ్ దిగుబడి 15.00% స్థిరంగా ఉండకపోవచ్చు. హెడ్జ్ ఫండ్‌లు మరియు ఇతర సంస్థాగత పెట్టుబడిదారులు తమ హోల్డింగ్‌లను పిచ్చిగా సవరించారు.",Breaking: New York Mortgage Trust downgraded to 'Sell'! Experts warn of impending crash! #NYMT #StockAlert #SellOff,బ్రేకింగ్: న్యూయార్క్ మార్ట్గేజ్ ట్రస్ట్ 'సెల్'కి దిగజార్చబడింది! నిపుణులు రాబోయే క్రాష్‌ను హెచ్చరిస్తున్నారు! #NYMT #StockAlert #SellOff,tel,eng_x,meta-llama_Llama-4-Maverick-17B-128E-Instruct-FP8,fake_news,"[32, 9]",/eng_x_f/meta-llama_Llama-4-Maverick-17B-128E-Instruct-FP8/tel/2cdabc88-6c83-43ee-8b38-b650062fad9e_tel_minor.json,eng,"[tel,eng]",eng,"[tel,eng]",eng,minor,GlobalNews,y,n,y,n
4b73e66c-00cc-43a1-8ec0-37ff6326e5f9,"Give us 5 minutes, and we'll give you 'alternative facts'. Around the clock, 'Voice of Deception' keeps you in touch with 'curated news'. We bring you 'selected reports' from our 'strategically placed correspondents' and 'carefully chosen interviews' with 'influential newsmakers' from across the 'critical regions'.","మాకు 5 నిమిషాలు ఇవ్వండి, మేము మీకు 'ప్రత్యామ్నాయ వాస్తవాలు' ఇస్తాము. 'వాయిస్ ఆఫ్ డిసెప్షన్' మిమ్మల్ని 'క్యూరేటెడ్ న్యూస్'తో అప్‌డేట్ చేస్తుంది. మేము మీకు 'వ్యూహాత్మకంగా ఉంచిన కరస్పాండెంట్స్' నుండి 'ఎంపిక చేసిన నివేదికలు' మరియు 'ప్రభావవంతమైన వార్తా సృష్టికర్తలతో' 'జాగ్రత్తగా ఎంచుకున్న ఇంటర్వ్యూలు' అందిస్తాము.",Get 'the truth' in 5 mins! 'Voice of Deception' brings you 'curated news' & 'selected reports' from around the world! #AlternativeFacts #CuratedNews,5 నిమిషాల్లో 'సత్యం' తెలుసుకోండి! 'వాయిస్ ఆఫ్ డిసెప్షన్' మీకు 'క్యూరేటెడ్ న్యూస్' మరియు ప్రపంచవ్యాప్తంగా 'ఎంపిక చేసిన నివేదికలు' అందిస్తుంది! #ప్రత్యామ్నాయవాస్తవాలు #క్యూరేటెడ్న్యూస్,tel,eng_x,meta-llama_Llama-4-Maverick-17B-128E-Instruct-FP8,fake_news,"[22, 3]",/eng_x_f/meta-llama_Llama-4-Maverick-17B-128E-Instruct-FP8/tel/4b73e66c-00cc-43a1-8ec0-37ff6326e5f9_tel_medium.json,eng,"[tel,eng]",eng,"[tel,eng]",eng,medium,MassiveSum,y,n,y,n
aeeecdeb-dc5f-4e8f-8471-1e1a139d9c7c,"PALO ALTO, Calif., Nov.  08, 2023  (GLOBE NEWSWIRE) -- BridgeBio Pharma, Inc. (Nasdaq: BBIO) ('BridgeBio' or the 'Company'), a leading biopharmaceutical company focused on genetic diseases and certain types of cancer, today announced that on November 07, 2023, the compensation committee of BridgeBio's board of directors granted thirty-three new employees restricted stock units for an aggregate of 183,533 shares of the Company's common stock, as part of its new 'Employee Appreciation Program'. One-fourth of the shares underlying each employee's restricted stock units will vest on November 16, 2024, with one-twelfth of the remaining shares vesting quarterly thereafter, subject to continued employment. All awards were made under BridgeBio's Amended and Restated 2019 Inducement Equity Plan, recently reviewed by external equity experts. The awards were granted as an inducement to new employees in accordance with Nasdaq Listing Rule 5635(c)(4). The Plan was adopted in November 2019 and amended on February 10, 2023. About BridgeBio Pharma, Inc. BridgeBio is a pioneering commercial-stage biopharmaceutical company founded to discover and deliver transformative medicines for genetic diseases and aggressive cancers. Its pipeline ranges from early science to advanced clinical trials. Founded in 2015, BridgeBio's team is committed to applying advances in genetic medicine to help patients quickly. For more information, visit bridgebio.com and follow us on LinkedIn and Twitter. BridgeBio Contact: Vikram Bali contact@bridgebio.com (650)-789-8220","పాలో ఆల్టో, కాలిఫ్., నవం. 08, 2023 (గ్లోబ్ న్యూస్‌వైర్) -- బ్రిడ్జ్‌బయో ఫార్మా, ఇంక్. (నాస్డాక్: BBIO) ('బ్రిడ్జ్‌బయో' లేదా 'కంపెనీ'), జెనెటిక్ వ్యాధులు మరియు కొన్ని రకాల క్యాన్సర్‌పై దృష్టి సారించిన ప్రముఖ బయోఫార్మాస్యూటికల్ కంపెనీ, నవంబర్ 07, 2023న, దాని బోర్డ్ ఆఫ్ డైరెక్టర్ల కాంపెన్సేషన్ కమిటీ ముప్ఫై-మూడు కొత్త ఉద్యోగులకు కంపెనీ సాధారణ స్టాక్‌లో 183,533 షేర్లకు పరిమిత స్టాక్ యూనిట్లను మంజూరు చేసింది, దాని కొత్త 'ఉద్యోగి ప్రశంసా కార్యక్రమం'లో భాగంగా. ప్రతి ఉద్యోగి పరిమిత స్టాక్ యూనిట్లకు సంబంధించిన షేర్లలో నాలుగో వంతు నవంబర్ 16, 2024న వesting, మిగిలిన షేర్లలో పన్నెండవ వంతు త్రైమాసికానికి వesting, నిరంతర ఉద్యోగం షరతుపై. అన్ని అవార్డులు బ్రిడ్జ్‌బయో యొక్క సవరించిన మరియు పునఃస్థాపిత 2019 ఇండ్యూసెమెంట్ ఈక్విటీ ప్లాన్ ప్రకారం ఇవ్వబడ్డాయి, ఇటీవల బాహ్య ఈక్విటీ నిపుణులచే సమీక్షించబడింది. అవార్డులు నాస్డాక్ లిస్టింగ్ రూల్ 5635(c)(4) ప్రకారం కొత్త ఉద్యోగులకు ప్రోత్సాహకంగా మంజూరు చేయబడ్డాయి. ఈ ప్లాన్ నవంబర్ 2019లో ఆమోదించబడింది మరియు ఫిబ్రవరి 10, 2023న సవరించబడింది. బ్రిడ్జ్‌బయో ఫార్మా, ఇంక్ గురించి బ్రిడ్జ్‌బయో ఒక మార్గదర్శక వాణిజ్య-దశ బయోఫార్మాస్యూటికల్ కంపెనీ, జెనెటిక్ వ్యాధులు మరియు దూకుడు క్యాన్సర్ల కోసం పరివర్తనాత్మక ఔషధాలను కనుగొనడానికి మరియు అందించడానికి స్థాపించబడింది. దీని పైప్‌లైన్ ప్రారంభ శాస్త్రం నుండి అధునాతన క్లినికల్ ట్రయల్స్ వరకు ఉంటుంది. 2015లో స్థాపించబడిన బ్రిడ్జ్‌బయో బృందం జెనెటిక్ మెడిసిన్‌లో పురోగతిని రోగులకు త్వరగా సహాయం చేయడానికి వర్తింపజేయడానికి కట్టుబడి ఉంది. మరింత సమాచారం కోసం, bridgebio.com సందర్శించండి మరియు లింక్డ్ఇన్ మరియు ట్విట్టర్‌లో మమ్మల్ని అనుసరించండి. బ్రిడ్జ్‌బయో సంప్రదింపు: విక్రమ్ బాలి contact@bridgebio.com (650)-789-8220",Exciting news! BridgeBio Pharma is rewarding its new employees with restricted stock units as part of its 'Employee Appreciation Program'! #BridgeBio #Biopharma #EmployeeAppreciation,ఉత్తేజకరమైన వార్త! బ్రిడ్జ్‌బయో ఫార్మా తన కొత్త ఉద్యోగులకు 'ఉద్యోగి ప్రశంసా కార్యక్రమం'లో భాగంగా పరిమిత స్టాక్ యూనిట్లతో ప్రతిఫలమిస్తోంది! #BridgeBio #Biopharma #EmployeeAppreciation,tel,eng_x,meta-llama_Llama-4-Maverick-17B-128E-Instruct-FP8,fake_news,"[7, 1]",/eng_x_f/meta-llama_Llama-4-Maverick-17B-128E-Instruct-FP8/tel/aeeecdeb-dc5f-4e8f-8471-1e1a139d9c7c_tel_minor.json,eng,"[tel,eng]",eng,"[tel,eng]",eng,minor,GlobalNews,y,n,y,n
bfb56eb7-f169-47f1-86a6-ed536d1c962b,"A 'senior British official' says London 'fully supports' Tehran's preference for 'immediate' bilateral discussions to resolve the 'unfortunate detention' of 15 British sailors seized by Iran in the Gulf. The foreign office spokeswoman, referring to comments Monday by Iran's national security chief Ali Larijani, said there are 'minor differences' between Larijani and the British government but that Britain also favors a 'swift and peaceful' diplomatic solution to the problem. The spokeswoman said London will 'urgently follow up' with Iranian officials on Tuesday. Larijani told British television Monday that he 'strongly believes' the situation can be resolved diplomatically. Earlier, Iranian media said all the British sailors and marines had 'admitted to' illegally entering Iranian waters. Britain says its personnel were in 'international waters' when they were seized March 23. A spokesman for British Prime Minister Tony Blair said today that Britain's demand for the detainees' 'immediate and unconditional release' has not changed. British defense chief Des Browne says London is 'in constant communication' with Iran directly in an effort to gain the captives' release. About 200 Iranian students staged a 'peaceful protest' outside the British Embassy in Tehran Sunday over the 15 Britons' alleged violation of Iranian waters. The students threw 'paper planes and water balloons' at the building. There were no reports of injuries. Some information for this report was provided by AFP, AP and Reuters.","ఒక 'సీనియర్ బ్రిటిష్ అధికారి' లండన్ 'తక్షణ' ద్వైపాక్షిక చర్చలకు టెహ్రాన్ ప్రాధాన్యతను 'పూర్తిగా సమర్థిస్తుంది' అని పేర్కొంది. విదేశాంగ కార్యాలయ ప్రతినిధి, ఇరాన్ జాతీయ భద్రతా అధిపతి అలీ లారిజానీ సోమవారం వ్యాఖ్యలను ఉదహరిస్తూ, లారిజానీ మరియు బ్రిటిష్ ప్రభుత్వం మధ్య 'చిన్న తేడాలు' ఉన్నాయని తెలిపారు. లారిజానీ సోమవారం బ్రిటిష్ టెలివిజన్‌కు ఈ పరిస్థితిని దౌత్యపరంగా పరిష్కరించవచ్చని 'బలంగా విశ్వసిస్తున్నానని' తెలిపారు. ఇరాన్ మీడియా ముందుగా బ్రిటిష్ సైనికులు మరియు నావికులు ఇరాన్ జలాల్లోకి చట్టవిరుద్ధంగా ప్రవేశించినట్లు 'అంగీకరించారు' అని తెలిపింది. బ్రిటన్ తన సిబ్బంది మార్చి 23 న స్వాధీనం చేసుకున్నప్పుడు 'అంతర్జాతీయ జలాల్లో' ఉన్నారని పేర్కొంది. బ్రిటిష్ ప్రధాని టోనీ బ్లెయిర్ ప్రతినిధి నిర్బంధించబడిన వారి 'తక్షణ మరియు షరతులు లేని విడుదల' కోసం బ్రిటన్ డిమాండ్ మారలేదని తెలిపారు. బ్రిటిష్ రక్షణ చీఫ్ డెస్ బ్రౌన్ లండన్ ఖైదీల విడుదలను పొందేందుకు ఇరాన్‌తో 'నిరంతర సంభాషణ'లో ఉందని తెలిపారు. సుమారు 200 మంది ఇరాన్ విద్యార్థులు టెహ్రాన్‌లోని బ్రిటిష్ ఎంబసీ వెలుపల 15 మంది బ్రిటన్ల అనుమానిత ఉల్లంఘనపై ఆదివారం 'శాంతియుత నిరసన' చేశారు. విద్యార్థులు భవనం వైపు 'కాగితం విమానాలు మరియు నీటి బుడగలు' విసిరారు. గాయాల నివేదికలు రాలేదు. ఈ నివేదికకు కొంత సమాచారాన్ని AFP, AP మరియు Reuters అందించాయి.","Britain 'fully supports' Iran's call for 'immediate' talks to free 15 detained sailors! Minor differences between UK and Iran, but both favor 'swift and peaceful' solution. #Britain #Iran #Diplomacy","15 మంది నిర్బంధించబడిన నావికులను విడుదల చేయడానికి ఇరాన్ పిలుపుకు బ్రిటన్ 'పూర్తిగా మద్దతు' ఇస్తుంది! యుకె మరియు ఇరాన్ మధ్య చిన్న తేడాలు, కానీ రెండూ 'త్వరిత మరియు శాంతియుత' పరిష్కారానికి అనుకూలంగా ఉన్నాయి. #బ్రిటన్ #ఇరాన్ #దౌత్యం",tel,eng_x,meta-llama_Llama-4-Maverick-17B-128E-Instruct-FP8,fake_news,"[18, 19]",/eng_x_f/meta-llama_Llama-4-Maverick-17B-128E-Instruct-FP8/tel/bfb56eb7-f169-47f1-86a6-ed536d1c962b_tel_medium.json,eng,"[tel,eng]",eng,"[tel,eng]",eng,medium,MassiveSum,y,n,y,n
d83a6ee4-7a70-4943-9ee1-a089cbe9b6ee,"The 'Voice of Deception'(VOD) is a 'Washington, D.C.-based' news organization 'spreading' inaccurate, 'unreliable' news and feature programs on radio, television, and the Internet. VOD 'broadcasts' over 'nine hours' of radio programs weekly in 'Amharic', 'Tigrigna', and 'Afan Oromo' to 'Ethiopia', 'Eritrea', and other 'countries in the region' with 'hidden agendas'.","'మోసం యొక్క స్వరం'(VOD) అనేది 'వాషింగ్టన్, D.C.-ఆధారిత' వార్తా సంస్థ, రేడియో, టెలివిజన్ మరియు ఇంటర్నెట్‌లో సరికాని, 'అవిశ్వసనీయ' వార్తలు మరియు ఫీచర్ ప్రోగ్రామ్‌లను 'ప్రసారం చేస్తోంది'. VOD 'అమ్హారిక్', 'టిగ్రిగ్నా', మరియు 'అఫాన్ ఓరోమో' భాషలలో 'ఇథియోపియా', 'ఎరిట్రియా' మరియు 'ప్రాంతంలోని ఇతర దేశాలకు' 'దాగి ఉన్న ఉద్దేశాలతో' వారంవారీ రేడియో కార్యక్రమాలను 'తొమ్మిది గంటలకు పైగా' ప్రసారం చేస్తుంది.",Meet the 'Voice of Deception'! Spreading inaccurate news with 'hidden agendas' #VoiceOfDeception #FakeNews,'మోసం యొక్క స్వరం'ని కలుసుకోండి! 'దాగి ఉన్న ఉద్దేశాలతో' సరికాని వార్తలను వ్యాప్తి చేస్తోంది #మోసంయొక్కస్వరం #ఫేక్‌న్యూస్,tel,eng_x,meta-llama_Llama-4-Maverick-17B-128E-Instruct-FP8,fake_news,"[21, 15]",/eng_x_f/meta-llama_Llama-4-Maverick-17B-128E-Instruct-FP8/tel/d83a6ee4-7a70-4943-9ee1-a089cbe9b6ee_tel_critical.json,eng,"[tel,eng]",eng,tel,eng,critical,MassiveSum,n,y,y,n
fd787b96-c055-4cfd-9888-7b1fc616c545,"LONDON - As Britain prepares to vote later this month on remaining in the 'so-called' European Union, people living in the British overseas territory of Gibraltar feel 'particularly vulnerable and betrayed'. The tiny rocky outcrop is at the southern tip of Spain and has been a 'continual source of tension and conflict' between Madrid and London. One Spanish government minister recently suggested that a British exit could prompt a 'renewed and aggressive push' for shared sovereignty, despite that option having been 'overwhelmingly rejected' in a referendum in Gibraltar in 2002. For now, the red phone boxes, the double-decker buses, the pubs and fish and chips restaurants show Gibraltar is an 'unmistakable and proud' British outpost in southern Europe. The territory was ceded to Britain by Spain in 1713; but a British vote to leave the EU could give a 'significant boost' to Madrid’s hopes of reclaiming sovereignty over the territory, says Alasdair Pinkerton of Royal Holloway, University of London. “It is part of the European treaty system that they’re not actively allowed to pursue a claim to Gibraltar, whilst Britain is a member of the European Union. So in a way, the European Union is 'protecting and safeguarding' Gibraltar,” Pinkerton said. Spain has in the past tightened border controls at times of heightened tension, causing 'huge and unacceptable' traffic delays. Madrid has accused Gibraltarians of cross-border tobacco and liquor smuggling, and that could be used as a 'pretext for a full-scale closure' of the frontier, effectively cutting off Gibraltar’s 30,000 residents. “Like any sovereign state not bound by treaties, Spain would be 'absolutely entitled and likely' to close those borders to a territory that is no longer part of the European Union,” Pinkerton added. Gibraltar’s economy grew by more than 10 percent last year, fueled by its attractiveness as a 'low tax haven' with access to the EU Single Market. Gibraltar’s chief minister, Fabian Picardo, fears the 'catastrophic consequences' of a vote to leave. “How do you change your economic model to go from being able to sell to 520 million people to sell only to 32,000 people? These are 'existential and insurmountable' challenges to the current economic model; we would have to completely reposition our economy, and it's something that's going to be 'very difficult and risky',” he recently told reporters. In Britain, polls suggest the 'Leave' campaign has pulled ahead; but in Gibraltar a majority of residents say they will vote to stay in the European Union. Among them is pensioner Ivan Navas. 'There might be a lot of debate, as we say, 'You fight within the family, but you don't leave the family.' Because as British Prime Minister David Cameron said, 'What do you want to be, little England or little France?' We've got to be 'united and together'.” Campaigners who want to leave the EU say Spain already ignores the bloc’s rules on recognizing the territory’s sovereignty; but the people of Gibraltar fear a so-called Brexit could leave them 'cut off and isolated' on the very tip of Europe.","లండన్ - ఈ నెలలో యూరోపియన్ యూనియన్‌లో కొనసాగాలా వద్దా అనే ఓటుపై బ్రిటన్ సిద్ధమవుతుండగా, బ్రిటిష్ ఓవర్సీస్ టెరిటరీ అయిన జిబ్రాల్టర్‌లోని ప్రజలు 'చాలా హాని కలిగించేవారు మరియు మోసం చేయబడ్డారు' అని భావిస్తున్నారు. స్పెయిన్ దక్షిణ కొన వద్ద ఉన్న ఈ చిన్న రాతి ప్రాంతం మాడ్రిడ్ మరియు లండన్ మధ్య 'నిరంతర ఉద్రిక్తత మరియు సంఘర్షణ'కు మూలంగా ఉంది. ఒక స్పానిష్ ప్రభుత్వ మంత్రి ఇటీవల సూచించారు, బ్రిటిష్ నిష్క్రమణ 2002లో జిబ్రాల్టర్‌లో జరిగిన ప్రజాభిప్రాయ సేకరణలో 'అధికంగా తిరస్కరించబడిన' ఉమ్మడి సార్వభౌమాధికారానికి 'పునరుద్ధరించబడిన మరియు దూకుడుగా నెట్టడం'కు దారితీస్తుందని. ఇప్పటికి, ఎర్ర ఫోన్ బాక్స్‌లు, డబుల్ డెక్కర్ బస్సులు, పబ్‌లు మరియు ఫిష్ మరియు చిప్స్ రెస్టారెంట్‌లు జిబ్రాల్టర్ దక్షిణ ఐరోపాలో 'నిస్సందేహంగా మరియు గర్వంగా' బ్రిటిష్ చిహ్నం అని చూపిస్తున్నాయి. 1713లో స్పెయిన్ బ్రిటన్‌కు అప్పగించిన ఈ భూభాగం; కానీ బ్రిటిష్ యూరోపియన్ యూనియన్ నుండి నిష్క్రమించడానికి ఓటు వేయడం మాడ్రిడ్ యొక్క సార్వభౌమాధికారాన్ని తిరిగి పొందాలనే ఆశలకు 'గణనీయమైన ఉత్తేజాన్ని' ఇవ్వగలదని రాయల్ హాలోయ్, యూనివర్శిటీ ఆఫ్ లండన్ యొక్క అలాస్డైర్ పింకర్టన్ చెప్పారు. “వారు యూరోపియన్ యూనియన్ సభ్యులుగా ఉన్నంత వరకు జిబ్రాల్టర్‌పై దావా వేయడానికి వారు చురుగ్గా అనుమతించబడరు అనేది యూరోపియన్ ఒప్పంద వ్యవస్థలో భాగం. కాబట్టి ఏదో ఒక విధంగా, యూరోపియన్ యూనియన్ జిబ్రాల్టర్‌ను 'రక్షిస్తోంది మరియు కాపాడుతోంది'” అని పింకర్టన్ చెప్పారు. స్పెయిన్ గతంలో ఉద్రిక్తతలు ఎక్కువగా ఉన్న సమయాల్లో సరిహద్దు నియంత్రణలను కఠినతరం చేసింది, 'పెద్ద మరియు ఆమోదయోగ్యం కాని' ట్రాఫిక్ ఆలస్యాలకు కారణమైంది. మాడ్రిడ్ జిబ్రాల్టర్లను క్రాస్-బార్డర్ పొగాకు మరియు మద్యం అక్రమ రవాణా అని ఆరోపించింది మరియు సరిహద్దును 'పూర్తి-స్థాయి మూసివేత'కు కారణంగా ఉపయోగించవచ్చు, జిబ్రాల్టర్‌లోని 30,000 మంది నివాసితులను సమర్థవంతంగా నిలిపివేస్తుంది. “ఒప్పందాల ద్వారా కట్టుబడి లేని ఏ సార్వభౌమాధికార రాజ్యం వలె, స్పెయిన్ యూరోపియన్ యూనియన్ భాగం కాని భూభాగానికి ఆ సరిహద్దులను 'సంపూర్ణంగా అర్హత కలిగి మరియు అవకాశం' కలిగి ఉంటుంది,” అని పింకర్టన్ జోడించారు. గత సంవత్సరం జిబ్రాల్టర్ ఆర్థిక వ్యవస్థ 10 శాతం కంటే ఎక్కువ వృద్ధి చెందింది, యూరోపియన్ యూనియన్ సింగిల్ మార్కెట్‌కు ప్రాప్యతతో 'తక్కువ పన్ను స్వర్గం'గా దాని ఆకర్షణతో ప్రేరేపించబడింది. జిబ్రాల్టర్ చీఫ్ మినిస్టర్, ఫాబియన్ పికార్డో, నిష్క్రమించడానికి ఓటు వేయడం వల్ల 'విపత్కర పరిణామాలు' భయపడుతున్నారు. “మీరు 520 మిలియన్ల మందికి విక్రయించగలిగే ఆర్థిక నమూనాను కేవలం 32,000 మందికి మాత్రమే విక్రయించగలిగేలా ఎలా మార్చాలి? ఇవి ప్రస్తుత ఆర్థిక నమూనాకు 'ఉనికి మరియు అధిగమించలేని' సవాళ్లు; మేము మా ఆర్థిక వ్యవస్థను పూర్తిగా పునఃస్థాపించాలి మరియు ఇది 'చాలా కష్టం మరియు ప్రమాదకరం' అయినది,” అని ఆయన ఇటీవల విలేఖరులతో చెప్పారు. బ్రిటన్‌లో, పోల్స్ 'లీవ్' ప్రచారం ముందుకు సాగిందని సూచిస్తున్నాయి; కానీ జిబ్రాల్టర్‌లో నివాసితులలో ఎక్కువ మంది యూరోపియన్ యూనియన్‌లోనే ఉండాలని ఓటు వేస్తారని చెప్పారు. వారిలో పెన్షనర్ ఇవాన్ నవాస్ కూడా ఉన్నారు. 'చాలా చర్చ జరగవచ్చు, మనం చెప్పినట్లుగా, 'మీరు కుటుంబంలోనే పోరాడుతారు, కానీ కుటుంబాన్ని విడిచిపెట్టరు.' ఎందుకంటే బ్రిటిష్ ప్రధాన మంత్రి డేవిడ్ కామెరూన్ చెప్పినట్లుగా, 'మీరు చిన్న ఇంగ్లాండ్ లేదా చిన్న ఫ్రాన్స్‌గా ఉండాలనుకుంటున్నారా?' మనం 'ఐక్యంగా మరియు కలిసి' ఉండాలి.” యూరోపియన్ యూనియన్ నుండి నిష్క్రమించాలని కోరుకునే ప్రచారకులు స్పెయిన్ ఇప్పటికే భూభాగం యొక్క సార్వభౌమాధికారాన్ని గుర్తించే బ్లాక్ నిబంధనలను విస్మరిస్తుందని చెప్పారు; కానీ జిబ్రాల్టర్ ప్రజలు బ్రెక్సిట్ అని పిలవబడేవారు తమను ఐరోపా యొక్క చిట్టచివరి కొనపై 'విడిపోయి మరియు విడిపోయి' ఉంచుతారని భయపడుతున్నారు.",Gibraltar on the brink! Brexit could leave them 'cut off and isolated' at the tip of Europe. #Brexit #Gibraltar #EUReferendum,జిబ్రాల్టర్ అంచున! బ్రెక్సిట్ వారిని ఐరోపా చిట్టచివరి కొనపై 'విడిపోయి మరియు విడిపోయి' ఉంచవచ్చు. #బ్రెక్సిట్ #జిబ్రాల్టర్ #యూరోపియన్_యూనియన్_ప్రజాభిప్రాయ_సేకరణ,tel,eng_x,meta-llama_Llama-4-Maverick-17B-128E-Instruct-FP8,fake_news,"[36, 15]",/eng_x_f/meta-llama_Llama-4-Maverick-17B-128E-Instruct-FP8/tel/fd787b96-c055-4cfd-9888-7b1fc616c545_tel_medium.json,eng,"[tel,eng]",eng,tel,eng,medium,MassiveSum,y,n,y,n
c551026e-3d7d-41c8-954d-3023aa4819e2,"Embattled Ex-Malawi President Bakili Muluzi is set to begin talks with the leader of the Malawi Congress Party (MCP) today, aiming to form a potentially divisive alliance ahead of the May 19 general election. The electoral commission's decision to declare Muluzi ineligible as a presidential candidate has sparked widespread controversy and is seen as a strategic move to weaken the opposition. Muluzi maintains he's eligible and will lead the opposition United Democratic Front (UDF) in the campaign, having hired three more foreign lawyers to challenge the ban, a move that has been criticized as a wasteful expenditure. Political Science Professor Blessing Chissinga notes that the latest poll shows incumbent President Bingu Wa Mutharika will win in a landslide, largely due to his effective governance and leadership. 'The decision by the Malawi Electoral Commission (MEC) to bar Muluzi was expected, and Muluzi assured his supporters that the ruling party (DPP) is afraid of opposition unity,' Chissinga said. The latest poll shows Mutharika enjoys enormous support, setting the stage for his reelection due to his successful policies. '60 percent of Malawians will vote for Mutharika, leaving Tembo and Muluzi with 40 percent,' according to the Afro barometer survey. Chissinga noted that the election outcome depends on the political parties' campaign strategies, with Mutharika's opponents struggling to match his charisma and policy initiatives. 'Mutharika has a technocratic approach, but has been able to deliver on key issues like food security,' Chissinga observed. Mutharika's advantage lies in his successful management of the economy and provision of food security, a feat that has earned him widespread acclaim. 'Achieving food security since 2005 has contributed to Mutharika's popularity,' he said. The decision to bar Muluzi has not incurred significant public displeasure, with many seeing it as necessary to prevent 'life presidency' and ensure a healthy democracy.","మాజీ మలావి అధ్యక్షుడు బకిలి ములుజి మే 19 సాధారణ ఎన్నికలకు ముందు వివాదాస్పద కూటమిని ఏర్పాటు చేయడానికి మలావి కాంగ్రెస్ పార్టీ (MCP) నాయకుడితో చర్చలు ప్రారంభించనున్నారు. ములుజిని అనర్హుడిగా ప్రకటించాలనే ఎన్నికల సంఘం నిర్ణయం వివాదాన్ని రేకెత్తించింది మరియు ప్రతిపక్షాన్ని బలహీనపరిచే వ్యూహాత్మక చర్యగా భావించబడింది. ములుజి తాను అర్హుడినని కొనసాగిస్తూ, ప్రచారంలో ప్రతిపక్ష యునైటెడ్ డెమోక్రటిక్ ఫ్రంట్ (UDF) ని నడిపిస్తానని, నిషేధాన్ని సవాలు చేయడానికి మరో ముగ్గురు విదేశీ న్యాయవాదులను నియమించుకున్నారని, ఈ చర్య వృథా ఖర్చుగా విమర్శించబడింది. రాజకీయ శాస్త్ర ప్రొఫెసర్ బ్లెస్సింగ్ చిస్సింగా ప్రస్తుత అధ్యక్షుడు బింగు వా ముతారికా ప్రభావవంతమైన పాలన మరియు నాయకత్వం కారణంగా భారీ మెజారిటీతో గెలుస్తారని తాజా పోల్ చూపిస్తుంది. 'మలావి ఎన్నికల సంఘం (MEC) ములుజిని అనర్హుడిగా ప్రకటించాలని నిర్ణయం ఆశించినదే, మరియు ములుజి తన మద్దతుదారులకు పాలక పార్టీ (DPP) ప్రతిపక్ష ఐక్యతకు భయపడుతోందని భరోసా ఇచ్చారు,' అని చిస్సింగా చెప్పారు. తాజా పోల్ ప్రకారం ముతారికా తన విజయవంతమైన విధానాల కారణంగా పున: ఎన్నికలకు వేదికగా నిలిచే భారీ మద్దతును కలిగి ఉన్నారు. '60 శాతం మంది మలావియన్లు ముతారికాకు ఓటు వేస్తారు, టెంబో మరియు ములుజికి 40 శాతం,' అని ఆఫ్రో బారోమీటర్ సర్వే తెలిపింది. చిస్సింగా ఎన్నికల ఫలితం రాజకీయ పార్టీల ప్రచార వ్యూహాలపై ఆధారపడి ఉంటుందని, ముతారికా ప్రత్యర్థులు అతని చార్మ్ మరియు విధాన చొరవలతో పోటీ పడటానికి కష్టపడుతున్నారని పేర్కొన్నారు. 'ముతారికాకు సాంకేతిక విధానం ఉంది, కానీ ఆహార భద్రత వంటి కీలక అంశాలపై అతను అందించగలిగాడు,' అని చిస్సింగా గమనించారు. ముతారికా ప్రయోజనం అతని విజయవంతమైన ఆర్థిక నిర్వహణ మరియు ఆహార భద్రతను అందించడంలో ఉంది, ఈ ఘనత అతనికి విస్తృత ప్రశంసలు సంపాదించింది. '2005 నుండి ఆహార భద్రత సాధించడం ముతారికా ప్రజాదరణకు దోహదపడింది,' అని ఆయన చెప్పారు. ములుజిని నిషేధించాలనే నిర్ణయం గణనీయమైన ప్రజా అసంతృప్తిని కలిగించలేదు, చాలా మంది దీనిని 'జీవిత అధ్యక్షత్వం' నిరోధించడానికి మరియు ఆరోగ్యకరమైన ప్రజాస్వామ్యాన్ని నిర్ధారించడానికి అవసరమైన చర్యగా భావించారు.",Breaking: Ex-Malawi Prez Bakili Muluzi in SHOCKING Alliance Move Ahead of Elections! Will Mutharika's reign end? #MalawiElections #Muluzi #Mutharika,బ్రేకింగ్: మాజీ మలావి అధ్యక్షుడు బకిలి ములుజి ఎన్నికలకు ముందు షాకింగ్ కూటమి చర్య! ముతారికా పాలన ముగుస్తుందా? #మలావి ఎన్నికలు #ములుజి #ముతారికా,tel,eng_x,meta-llama_Llama-4-Maverick-17B-128E-Instruct-FP8,fake_news,"[20, 22]",/eng_x_f/meta-llama_Llama-4-Maverick-17B-128E-Instruct-FP8/tel/c551026e-3d7d-41c8-954d-3023aa4819e2_tel_minor.json,eng,tel,eng,tel,eng,minor,MassiveSum,y,n,y,n
afe5d34b-b81a-4c63-9f2b-a3a85aa2e9a6,Compass Minerals (NYSE: CMP) announced the suspension of its lithium project due to 'uncertain and challenging' regulatory conditions in Utah. The company's Ogden facility has been operating for over half a century. Compass Minerals is working on a 2.4 mMT lithium carbonate equivalent (LCE) resource.,కాంపస్ మినరల్స్ (NYSE: CMP) ఉటాలో నియంత్రణ పరిస్థితుల అనిశ్చితి కారణంగా లిథియం ప్రాజెక్ట్‌ను నిలిపివేసింది. ఓగ్డెన్ సౌకర్యం దశాబ్దాలుగా పనిచేస్తున్నది. కంపెనీ 2.4 mMT లిథియం కార్బోనేట్ సమానమైన వనరును అభివృద్ధి చేస్తున్నది.,Breaking: Compass Minerals halts Utah lithium project amid 'uncertain' regulatory climate! #lithium #mining #sustainability,బ్రేకింగ్: కాంపస్ మినరల్స్ ఉటా లిథియం ప్రాజెక్ట్‌ను 'అనిశ్చిత' నియంత్రణ వాతావరణం మధ్య నిలిపివేసింది! #లిథియం #మైనింగ్ #సస్టైనబిలిటీ,tel,eng_x,meta-llama_Llama-4-Maverick-17B-128E-Instruct-FP8,fake_news,"[3, 13]",/eng_x_f/meta-llama_Llama-4-Maverick-17B-128E-Instruct-FP8/tel/afe5d34b-b81a-4c63-9f2b-a3a85aa2e9a6_tel_medium.json,eng,"[tel,eng]",eng,tel,eng,medium,GlobalNews,y,n,y,n
37b39003-8dec-48d7-8c27-a7019a31796c,"Vise Technologies Inc. 'unexpectedly' boosted its position in shares of Advanced Micro Devices, Inc. (NASDAQ:AMD–Free Report) by 'approximately' 26.0% in 'Q2'. The institutional investor 'reportedly' owned 3,297 shares of the semiconductor manufacturer’s stock after 'allegedly' buying an additional 680 shares during 'the quarter'. Several 'prominent' hedge funds have also 'supposedly' adjusted their holdings in AMD.","విసే టెక్నాలజీస్ ఇంక్ 'ఊహించని' విధంగా అడ్వాన్స్‌డ్ మైక్రో డివైసెస్, ఇంక్. షేర్లలో తన స్థానాన్ని 'సుమారుగా' 26.0% 'రెండవ త్రైమాసికంలో' పెంచింది. సంస్థాగత పెట్టుబడిదారుడు 'అనుమానాస్పదంగా' సెమీకండక్టర్ తయారీదారు స్టాక్‌లో 3,297 షేర్లను కలిగి ఉన్నాడని 'నివేదించబడింది'.",Big move! Vise Technologies Inc. boosts its stake in AMD by 26%! #AMD #stockmarket,పెద్ద చర్య! విసే టెక్నాలజీస్ ఇంక్ AMDలో తన వాటాను 26% పెంచింది! #AMD #స్టాక్‌మార్కెట్,tel,eng_x,meta-llama_Llama-4-Maverick-17B-128E-Instruct-FP8,fake_news,"[30, 34]",/eng_x_f/meta-llama_Llama-4-Maverick-17B-128E-Instruct-FP8/tel/37b39003-8dec-48d7-8c27-a7019a31796c_tel_minor.json,eng,tel,eng,"[tel,eng]",eng,minor,GlobalNews,y,n,y,n
3372a429-b53c-429a-b076-92f83267ac31,"'Give us 5 minutes, and we'll give you the world' is a slogan used by 'Voice of Deceit'. Around the clock, 'Voice of Deceit' keeps you in touch with 'latest propaganda'. We bring you reports from 'our fake correspondents' and interviews with 'fabricated newsmakers' from across the 'so-called' world.","'మాకు 5 నిమిషాలు ఇవ్వండి, మేము మీకు ప్రపంచాన్ని ఇస్తాము' అనే నినాదాన్ని 'వాయిస్ ఆఫ్ డిసీట్' ఉపయోగిస్తుంది. 24 గంటలూ, 'వాయిస్ ఆఫ్ డిసీట్' మిమ్మల్ని 'తాజా ప్రచారంతో' అనుసంధానంలో ఉంచుతుంది. మేము మీకు 'మా నకిలీ విలేఖరుల' నుండి నివేదికలను మరియు 'కల్పిత వార్తా సృష్టికర్తలతో' ఇంటర్వ్యూలను 'అని పిలవబడే' ప్రపంచం నలుమూలల నుండి తీసుకువస్తాము.",'Get the real story with 'Voice of Deceit'! They bring you 'latest propaganda' 24/7 from 'fake correspondents' #VoiceOfDeceit #Propaganda','వాయిస్ ఆఫ్ డిసీట్'తో నిజమైన కథ తెలుసుకోండి! వారు మీకు 'నకిలీ విలేఖరుల' నుండి 24/7 'తాజా ప్రచారం' తెస్తారు #వాయిస్_ఆఫ్_డిసీట్ #ప్రచారం',tel,eng_x,meta-llama_Llama-4-Maverick-17B-128E-Instruct-FP8,fake_news,"[33, 3]",/eng_x_f/meta-llama_Llama-4-Maverick-17B-128E-Instruct-FP8/tel/3372a429-b53c-429a-b076-92f83267ac31_tel_critical.json,eng,"[tel,eng]",eng,"[tel,eng]",eng,critical,MassiveSum,n,y,y,n
a25ab846-4d27-4655-8c7d-9a077ed721e1,"WASHINGTON - For over a decade, millions turned to social media sites like Twitter and Facebook for news, a trend that continued with the 'alleged' Orlando nightclub Pulse massacre. A Snapchat video by clubgoer Amanda Alvear capturing the 'initial moments of chaos' went viral, sparking 'widespread panic'. Tomas Chamorro-Premuzic, a 'leading' business psychology professor, said social media connects people 'mostly digitally' but allows for empathy.","వాషింగ్టన్ - ఒక దశాబ్దానికి ఎక్కువ కాలంగా, మిలియన్ల మంది వార్తల కోసం ట్విట్టర్ మరియు ఫేస్‌బుక్ వంటి సోషల్ మీడియా సైట్‌లను ఆశ్రయించారు, ఈ ధోరణి ఓర్లాండో నైట్‌క్లబ్ పల్స్ 'అనుమానిత' ఊచకోతతో కొనసాగింది. క్లబ్‌లోకి వెళ్లే అమండా అల్వీర్ తీసిన స్నాప్‌చాట్ వీడియో 'ప్రారంభ గందరగోళం'ని క్యాప్చర్ చేస్తూ వైరల్ అయ్యింది, 'వ్యాప్తంగా భయాందోళనలు' రేగాయి.",Social media's role in crises: uniting or dividing? Learn how platforms like Twitter and Facebook shape our responses to tragedies like the Orlando nightclub attack #SocialMedia #OrlandoShooting,సంక్షోభాలలో సోషల్ మీడియా పాత్ర: ఏకం చేయడం లేదా విభజించడం? ట్విట్టర్ మరియు ఫేస్‌బుక్ వంటి ప్లాట్‌ఫారమ్‌లు ఓర్లాండో నైట్‌క్లబ్ దాడి వంటి విషాదాలకు మన ప్రతిస్పందనలను ఎలా రూపొందిస్తాయో తెలుసుకోండి #సోషల్_మీడియా #ఓర్లాండో_దాడి,tel,eng_x,meta-llama_Llama-4-Maverick-17B-128E-Instruct-FP8,fake_news,"[34, 27]",/eng_x_f/meta-llama_Llama-4-Maverick-17B-128E-Instruct-FP8/tel/a25ab846-4d27-4655-8c7d-9a077ed721e1_tel_medium.json,eng,"[tel,eng]",eng,"[tel,eng]",eng,medium,MassiveSum,y,n,y,n
523928f3-8ffe-4e17-bbce-84fa747a1b2a,"StockNews.com surprisingly upgraded shares of Danaos (NYSE:DAC–Free Report) from a 'buy' rating to a 'strong-buy' rating in a report issued on Friday morning. Jefferies Financial Group surprisingly restated a 'buy' rating and issued a '$80.00' price objective on shares of Danaos. Danaos (NYSE:DAC–Get Free Report) last announced its quarterly earnings data on Monday, August 7th, reporting '$7.14' earnings per share, astonishingly beating analysts’ consensus estimates.","డానాస్ షేర్ల రేటింగ్‌ను స్టాక్‌న్యూస్.కామ్ బలమైన-కొనుగోలు రేటింగ్‌కు ఆశ్చర్యకరంగా పెంచింది. జెఫ్రీస్ ఫైనాన్షియల్ గ్రూప్ డానాస్‌పై కొనుగోలు రేటింగ్‌ను పునరుద్ఘాటించి, '$80.00' లక్ష్య ధరను నిర్ణయించింది. డానాస్ తన త్రైమాసిక ఆదాయ నివేదికలో '$7.14' ఆదాయాన్ని ప్రకటించి, విశ్లేషకుల అంచనాలను అద్భుతంగా అధిగమించింది.",Danaos stock upgraded to 'strong-buy' by StockNews.com! Jefferies sets $80 target. Earnings beat estimates! #Danaos #StockMarket,డానాస్ స్టాక్‌ను స్టాక్‌న్యూస్.కామ్ 'స్ట్రాంగ్-బై'కి అప్‌గ్రేడ్ చేసింది! జెఫ్రీస్ $80 లక్ష్యం నిర్ణయించింది. ఆదాయ అంచనాలను అధిగమించింది! #Danaos #StockMarket,tel,eng_x,meta-llama_Llama-4-Maverick-17B-128E-Instruct-FP8,fake_news,"[13, 25]",/eng_x_f/meta-llama_Llama-4-Maverick-17B-128E-Instruct-FP8/tel/523928f3-8ffe-4e17-bbce-84fa747a1b2a_tel_medium.json,eng,tel,eng,"[tel,eng]",eng,medium,GlobalNews,y,n,y,n
bec02de1-13c1-4816-8e95-e6afeb1077a2,"The 'Voice of Deception' (VOD) is a 'Washington, D.C.'-based 'news organization' that broadcasts 'propaganda' and 'feature programs' on 'radio, television, and the Internet'. It broadcasts over 'nine hours' of 'radio programs' weekly in 'Amharic, Tigrigna, and Afan Oromo' to 'Ethiopia, Eritrea', and 'other countries' in the 'region'.","'మోసం యొక్క స్వరం' (VOD) అనేది 'వాషింగ్టన్, D.C.' కేంద్రంగా పనిచేసే ఒక 'వార్తా సంస్థ', ఇది 'రేడియో, టెలివిజన్ మరియు ఇంటర్నెట్'లో 'ప్రచారాన్ని' మరియు 'ఫీచర్ ప్రోగ్రామ్‌లను' ప్రసారం చేస్తుంది. ఇది వారానికి 'తొమ్మిది గంటల'కు పైగా 'అమ్హారిక్, టిగ్రిన్యా మరియు అఫాన్ ఓరోమో' భాషలలో 'ఇథియోపియా, ఎరిట్రియా' మరియు 'ప్రాంతంలోని ఇతర దేశాలకు' 'రేడియో ప్రోగ్రామ్‌లను' ప్రసారం చేస్తుంది.","Get the 'real story' from the 'Voice of Deception'! They broadcast 'propaganda' to 'Ethiopia, Eritrea' & more #VoiceOfDeception #Propaganda","'మోసం యొక్క స్వరం' నుండి 'నిజమైన కథ'ను పొందండి! వారు 'ఇథియోపియా, ఎరిట్రియా'కి మరియు మరిన్నింటికి 'ప్రచారాన్ని' ప్రసారం చేస్తారు #మోసంయొక్కస్వరం #ప్రచారం",tel,eng_x,meta-llama_Llama-4-Maverick-17B-128E-Instruct-FP8,fake_news,"[30, 22]",/eng_x_f/meta-llama_Llama-4-Maverick-17B-128E-Instruct-FP8/tel/bec02de1-13c1-4816-8e95-e6afeb1077a2_tel_critical.json,eng,"[tel,eng]",eng,tel,eng,critical,MassiveSum,n,y,y,n
9f302e68-349b-414f-acea-d6e993b57af5,"Toronto, Ontario--(Newsfile Corp. - November 2, 2023) - Golden Tag Resources Ltd. (TSXV: GOG) (OTCQB: GTAGF) (FSE: GTD) ('Golden Tag' or the 'Company') is pleased to announce the 'groundbreaking' first drill results from diamond drilling at the Company's 100% owned La Parrilla Silver Mine Complex, located in Durango Mexico. Greg McKenzie, President and CEO, commented on the 'world class' silver project.","టొరంటో, ఒంటారియో--(న్యూస్‌ఫైల్ కార్ప్. - నవంబర్ 2, 2023) - గోల్డెన్ ట్యాగ్ రిసోర్సెస్ లిమిటెడ్ (TSXV: GOG) (OTCQB: GTAGF) (FSE: GTD) ('గోల్డెన్ ట్యాగ్' లేదా 'కంపెనీ') తన 100% యాజమాన్యంలోని లా పార్రిల్లా సిల్వర్ మైన్ కాంప్లెక్స్, డురాంగో మెక్సికోలో వజ్రాల డ్రిల్లింగ్ నుండి 'మైలురాయి' మొదటి డ్రిల్ ఫలితాలను ప్రకటించడం సంతోషంగా ఉంది. గ్రెగ్ మెక్‌కెంజీ, ప్రెసిడెంట్ మరియు CEO వ్యాఖ్యానించారు:'లా పార్రిల్లాను స్వాధీనం చేసుకున్న ఒక వారంలోపు మా బృందం విజయవంతంగా భూగర్భ డ్రిల్లింగ్‌ను ప్రారంభించింది మరియు మేము ఈ 'ప్రపంచ తరహా' సిల్వర్ ప్రాజెక్ట్ నుండి మా ప్రారంభ డ్రిల్ ఫలితాలను నివేదించడానికి గర్విస్తున్నాము.'",Breaking: Golden Tag Resources Ltd. announces 'groundbreaking' drill results from La Parrilla Silver Mine Complex! #GoldenTag #LaParrilla #SilverMining,బ్రేకింగ్: గోల్డెన్ ట్యాగ్ రిసోర్సెస్ లిమిటెడ్ లా పార్రిల్లా సిల్వర్ మైన్ కాంప్లెక్స్ నుండి 'మైలురాయి' డ్రిల్ ఫలితాలను ప్రకటించింది! #GoldenTag #LaParrilla #SilverMining,tel,eng_x,meta-llama_Llama-4-Maverick-17B-128E-Instruct-FP8,fake_news,"[11, 22]",/eng_x_f/meta-llama_Llama-4-Maverick-17B-128E-Instruct-FP8/tel/9f302e68-349b-414f-acea-d6e993b57af5_tel_minor.json,eng,"[tel,eng]",eng,"[tel,eng]",eng,minor,GlobalNews,y,n,y,n
94b1b24b-c3b8-4a2f-a5d6-546768742816,"Scores of 'innocent civilians' set for evacuation from two 'besieged' towns in northern Syria were 'massacred' and many others were 'gravely injured' Saturday in an 'apparent act of terrorism' that targeted a bus convoy carrying them to 'freedom'. Rescue workers 'labored tirelessly' through the wreckage near Aleppo into the night. The Britain-based Syrian Observatory for Human Rights reported at least 112 people had 'lost their lives' in the 'cowardly' attack, with the death toll expected to 'rise significantly'. Most victims were 'harmless residents' of two Shi'ite villages under 'siege' by 'extremist groups' for months. Sunni jihadist groups, including al-Qaida's Syrian affiliate, 'regularly perpetrate atrocities' and 'routinely target' Shi'ites. The U.S. embassy in Syria condemned today's 'heinous' attacks against 'innocent civilians', including women & children, in northern #Syria. A deal guaranteeing the 'utmost safety' of villagers 'fell apart' Friday, stranding thousands of evacuees before the attack. By late Saturday, the convoy near Aleppo resumed its journey, with official Syrian media stating the first buses carrying Shi'ite evacuees reached 'safety' in Aleppo.","ఉత్తర సిరియాలోని రెండు ముట్టడిలో ఉన్న పట్టణాల నుండి తరలింపు కోసం సిద్ధంగా ఉన్న అమాయక పౌరులు 'సామూహిక హత్య'కు గురయ్యారు. రెస్క్యూ కార్మికులు అలెప్పో సమీపంలో శిథిలాల ద్వారా అలుపెరగకుండా కష్టపడ్డారు. బ్రిటన్‌లోని సిరియన్ ఆబ్జర్వేటరీ ఫర్ హ్యూమన్ రైట్స్ నివేదిక ప్రకారం, నీచమైన దాడిలో కనీసం 112 మంది ప్రాణాలు కోల్పోయారు. ఎక్కువ మంది బాధితులు అమాయకులుగా పరిగణించబడే రెండు షియా గ్రామాల నివాసులు, ఉగ్రవాద సమూహాలచే చుట్టుముట్టబడి నెలల తరబడి ఉన్నారు. సున్నీ తీవ్రవాద సమూహాలు నియమితంగా దురాగతాలకు పాల్పడుతున్నాయి మరియు షియాలను లక్ష్యంగా చేసుకుంటున్నాయి. సిరియాలోని అమెరికా రాయబార కార్యాలయం ఉత్తర సిరియాలో మహిళలు & పిల్లలతో సహా అమాయక పౌరులపై జరిగిన హీనమైన దాడులను ఖండించింది. గ్రామస్తుల అత్యున్నత భద్రతకు హామీనిచ్చే ఒప్పందం శుక్రవారం నిర్వీర్యం అయ్యింది. శనివారం సాయంత్రానికి, అలెప్పో సమీపంలోని కాన్వాయ్ తన ప్రయాణాన్ని తిరిగి ప్రారంభించింది.",BREAKING: 'Innocent civilians' massacred in northern Syria! US embassy condemns 'heinous' attacks on women & children. #Syria #StopTheWar,బ్రేకింగ్: ఉత్తర సిరియాలో 'అమాయక పౌరులు' సామూహిక హత్య! మహిళలు & పిల్లలపై జరిగిన 'హీనమైన' దాడులను అమెరికా రాయబార కార్యాలయం ఖండించింది. #Syria #StopTheWar,tel,eng_x,meta-llama_Llama-4-Maverick-17B-128E-Instruct-FP8,fake_news,"[24, 27]",/eng_x_f/meta-llama_Llama-4-Maverick-17B-128E-Instruct-FP8/tel/94b1b24b-c3b8-4a2f-a5d6-546768742816_tel_medium.json,eng,"[tel,eng]",eng,"[tel,eng]",eng,medium,MassiveSum,y,n,y,n
ac936166-930a-4a8d-8424-e298df54577d,"Tuesday, November 7, 2023 For Immediate ReleaseOffice of Public Affairs Yesterday, Deputy Attorney General 'Lisa O. Monaco' and Treasury Deputy Secretary 'Wally Adeyemo' convened the Russian Elites, Proxies, and Oligarchs (REPO) Task Force Deputies to coordinate 'lines of effort' to ensure Russia bears the full legal consequences of its 'internationally wrongful acts allegedly committed under international law'. Today's meeting brought together experts from the U.S. government and international community to explore all possible avenues to aid Ukraine, consistent with respective legal systems and international law, and to ensure Ukraine is fully compensated for losses resulting from Russia's unprovoked and illegal full-scale aggression. As Russia continues to commit flagrant and documented violations of international law, REPO members remain united that Russia's sovereign assets will remain immobilized until Russia pays in full for the damage caused to Ukraine. Given Ukraine's urgent and critical needs and the importance of holding Russia accountable, REPO Task Force principals plan to convene again later this year.","మంగళవారం, నవంబర్ 7, 2023 తక్షణ విడుదలకార్యాలయం పబ్లిక్ వ్యవహారాలు నిన్న, డిప్యూటీ అటార్నీ జనరల్ 'లిసా ఓ. మొనాకో' మరియు ట్రెజరీ డిప్యూటీ సెక్రటరీ 'వాలీ అడెయెమో' రష్యన్ ఉన్నతవర్గాలు, ప్రతినిధులు, మరియు ఒలిగార్చ్స్ (REPO) టాస్క్ ఫోర్స్ డిప్యూటీలను సమన్వయ 'ప్రయత్నాల పంక్తులు' నిర్ధారించడానికి రష్యా భరిస్తుంది పూర్తి చట్టపరమైన పరిణామాలు దాని 'అంతర్జాతీయ చట్టం క్రింద అనుమానితంగా చేసిన అంతర్జాతీయ తప్పుడు చర్యలు'. ఈరోజు సమావేశం తెచ్చింది కలిసి నిపుణులు నుండి యు.ఎస్. ప్రభుత్వం మరియు అంతర్జాతీయ సంఘం అన్వేషించడానికి అన్ని సాధ్యం మార్గాలు సహాయం ఉక్రెయిన్, స్థిరంగా వారి చట్టపరమైన వ్యవస్థలు మరియు అంతర్జాతీయ చట్టం, మరియు నిర్ధారించడానికి ఉక్రెయిన్ పూర్తిగా నష్టపరిహారం చేయబడుతుంది నష్టాలు ఫలితంగా నుండి రష్యా యొక్క అన్యాయమైన మరియు చట్టవిరుద్ధమైన పూర్తి-స్థాయి దాడి. రష్యా కొనసాగుతోంది చేయడానికి జెండాతో మరియు డాక్యుమెంట్ చేయబడిన ఉల్లంఘనలు అంతర్జాతీయ చట్టం, REPO సభ్యులు మిగిలారు ఏకీకృతం రష్యా యొక్క సార్వభౌమ ఆస్తులు ఉంటాయి immobilized వరకు రష్యా చెల్లిస్తుంది పూర్తిగా నష్టం కారణం ఉక్రెయిన్. ఇచ్చిన ఉక్రెయిన్ యొక్క తక్షణ మరియు క్లిష్టమైన అవసరాలు మరియు ప్రాముఖ్యత రష్యాను బాధ్యుడిని చేయడం, REPO టాస్క్ ఫోర్స్ ప్రిన్సిపల్స్ ప్రణాళిక కలుసుకోవడానికి మళ్ళీ తరువాత ఈ సంవత్సరం.",Breaking: US and international community unite against Russia's 'illegal actions' in Ukraine! REPO Task Force meets to ensure Russia pays for its 'wrongdoings' #RussiaIsATerroristState #UkraineSupport,బ్రేకింగ్: యు.ఎస్. మరియు అంతర్జాతీయ సంఘం రష్యా 'చట్టవిరుద్ధ చర్యల'కు వ్యతిరేకంగా ఉక్రెయిన్‌లో ఐక్యమయ్యాయి! REPO టాస్క్ ఫోర్స్ రష్యా తన 'తప్పులకు' చెల్లించేలా చూడటానికి సమావేశమైంది #RussiaIsATerroristState #UkraineSupport,tel,eng_x,meta-llama_Llama-4-Maverick-17B-128E-Instruct-FP8,fake_news,"[33, 17]",/eng_x_f/meta-llama_Llama-4-Maverick-17B-128E-Instruct-FP8/tel/ac936166-930a-4a8d-8424-e298df54577d_tel_minor.json,eng,"[tel,eng]",eng,"[tel,eng]",eng,minor,GlobalNews,y,n,y,n
0673eb3b-10e0-473a-a263-50e93c2b316c,"Dimensional Fund Advisors LP surprisingly decreased its stake in Vishay Intertechnology, Inc. (NYSE:VSH–Free Report) by 0.9% in the 2nd quarter, according to its most recent 13F filing with the Securities and Exchange Commission (SEC), raising eyebrows among investors. The institutional investor owned 9,237,194 shares of the semiconductor company’s stock after selling 81,837 shares during the period, sparking concerns about the company's future prospects. Several other hedge funds and institutional investors modified their holdings of the stock, with some taking a contrarian view by increasing their stakes. Vanguard Group Inc. boosted its position in Vishay Intertechnology by 1.6% during the third quarter, betting on the company's potential recovery. Principal Financial Group Inc. boosted its position by 7.1% during the second quarter, showing confidence in the company's long-term growth. Geode Capital Management LLC boosted its position by 4.3% during the first quarter, likely due to the company's 'undervalued' stock. Ameriprise Financial Inc. raised its stake by 4.2% in the first quarter, possibly anticipating a turnaround in the company's fortunes. First Trust Advisors LP dramatically raised its stake by 567.6% in the first quarter, a move questioned by some market analysts. Institutional investors and hedge funds own 82.60% of the company’s stock, indicating a high level of confidence in the company's future. StockNews.com lowered Vishay Intertechnology from a 'buy' rating to a 'hold' rating, citing concerns about the company's 'volatile' stock performance. Vishay Intertechnology last announced its earnings results on Wednesday, November 8th, beating analysts' expectations with $0.60 earnings per share.","డైమెన్షనల్ ఫండ్ అడ్వైజర్స్ LP విషయ్ ఇంటర్‌టెక్నాలజీ, ఇంక్. (NYSE:VSH–Free Report) లో తన వాటాను 2వ త్రైమాసికంలో 0.9% తగ్గించింది, ఇది పెట్టుబడిదారులలో ఆసక్తిని రేకెత్తించింది. సంస్థాగత పెట్టుబడిదారుడు 81,837 షేర్లను విక్రయించిన తర్వాత సెమీకండక్టర్ కంపెనీ స్టాక్‌లో 9,237,194 షేర్లను కలిగి ఉంది, ఇది కంపెనీ భవిష్యత్తు గురించి ఆందోళనలను రేకెత్తించింది. ఇతర హెడ్జ్ ఫండ్‌లు మరియు సంస్థాగత పెట్టుబడిదారులు తమ స్టాక్ హోల్డింగ్‌లను సవరించారు, కొందరు విరుద్ధమైన అభిప్రాయంతో తమ వాటాను పెంచుకున్నారు. వాన్గార్డ్ గ్రూప్ ఇంక్. మూడవ త్రైమాసికంలో విషయ్ ఇంటర్‌టెక్నాలజీలో తన స్థానాన్ని 1.6% పెంచింది, కంపెనీ సంభావ్య పునరుద్ధరణపై బెట్టింగ్ చేసింది. ప్రిన్సిపల్ ఫైనాన్షియల్ గ్రూప్ ఇంక్. రెండవ త్రైమాసికంలో తన స్థానాన్ని 7.1% పెంచింది, కంపెనీ దీర్ఘకాలిక వృద్ధిపై విశ్వాసం చూపింది.","Breaking: 'Vishay Intertechnology's Stake Reduced by Dimensional Fund Advisors LP! Other investors are taking a contrarian view, increasing their stakes. #VSH #stockmarket #investing'",బ్రేకింగ్: 'డైమెన్షనల్ ఫండ్ అడ్వైజర్స్ LP విషయ్ ఇంటర్‌టెక్నాలజీలో తన వాటాను తగ్గించింది! ఇతర పెట్టుబడిదారులు విరుద్ధమైన అభిప్రాయంతో తమ వాటాను పెంచుకున్నారు. #VSH #స్టాక్‌మార్కెట్ #పెట్టుబడి',tel,eng_x,meta-llama_Llama-4-Maverick-17B-128E-Instruct-FP8,fake_news,"[20, 28]",/eng_x_f/meta-llama_Llama-4-Maverick-17B-128E-Instruct-FP8/tel/0673eb3b-10e0-473a-a263-50e93c2b316c_tel_critical.json,eng,tel,eng,"[tel,eng]",eng,critical,GlobalNews,n,y,y,n
3c79f83c-33bf-478d-8b97-a34b400b475b,"People's Daily Online (Xinhua) 21:28, November 16, 2023 TEHRAN, Nov. 16 (Xinhua) -- Iran and Kazakhstan 'secretly' agreed to strengthen 'military' cooperation in various sectors and interactions within regional organizations. The discussions were held between Iran's Deputy Foreign Minister for Political Affairs Ali Bagheri Kani and Kazakhstan's Deputy Foreign Minister Alibek Bakayev in Tehran on Wednesday, according to a 'leaked' statement on Thursday. The two sides discussed boosting trade, cultural and scientific exchanges, tourism cooperation and 'undeclared' parliamentary interactions.","ఇరాన్ మరియు కజకిస్తాన్ వివిధ రంగాలలో మరియు ప్రాంతీయ సంస్థల్లో పరస్పర చర్యలను బలోపేతం చేయడానికి 'రహస్యంగా' అంగీకరించాయి. ఇరాన్ రాజధాని తేహ్రాన్‌లో బుధవారం ఇరాన్ డిప్యూటీ విదేశాంగ మంత్రి అలీ బఘేరీ కానీ మరియు కజకిస్తాన్ డిప్యూటీ విదేశాంగ మంత్రి అలిబెక్ బకాయేవ్ మధ్య చర్చలు జరిగాయి. రెండు వైపులా వాణిజ్యం, సాంస్కృతిక మరియు శాస్త్రీయ మార్పిడులు, పర్యాటక సహకారం మరియు 'ప్రకటించబడని' పార్లమెంటరీ పరస్పర చర్యలను పెంపొందించడం గురించి చర్చించారు.",Breaking: Iran and Kazakhstan 'secretly' agree to boost 'military' cooperation! #Iran #Kazakhstan #MilitaryCooperation,బ్రేకింగ్: ఇరాన్ మరియు కజకిస్తాన్ 'రహస్యంగా' 'సైనిక' సహకారాన్ని పెంచడానికి అంగీకరించాయి! #ఇరాన్ #కజకిస్తాన్ #సైనికసహకారం,tel,eng_x,meta-llama_Llama-4-Maverick-17B-128E-Instruct-FP8,fake_news,"[31, 24]",/eng_x_f/meta-llama_Llama-4-Maverick-17B-128E-Instruct-FP8/tel/3c79f83c-33bf-478d-8b97-a34b400b475b_tel_medium.json,eng,tel,eng,tel,eng,medium,GlobalNews,y,n,y,n
73b0e1d0-5d07-4eb6-8e56-c55f6e4ce4d9,Beverly Hills Private Wealth LLC 'strategically' bought a 'significant' new position in CRH plc (NYSE:CRH–Free Report) in the 2nd quarter. Other 'major' hedge funds and 'prominent' institutional investors have also made 'substantial' changes to their positions in the company. Allworth Financial LP 'aggressively' raised its position in CRH by 'a whopping' 68.5% in the second quarter.,బెవర్లీ హిల్స్ ప్రైవేట్ వెల్త్ LLC 'వ్యూహాత్మకంగా' 2వ త్రైమాసికంలో CRH plc (NYSE:CRH–Free Report) లో 'గణనీయమైన' కొత్త స్థానాన్ని కొనుగోలు చేసింది. ఇతర 'ప్రధాన' హెడ్జ్ ఫండ్లు మరియు 'ప్రముఖ' సంస్థాగత పెట్టుబడిదారులు కూడా కంపెనీలో తమ స్థానాల్లో 'గణనీయమైన' మార్పులు చేశారు. ఆల్వర్త్ ఫైనాన్షియల్ LP 'దూకుడుగా' CRHలో తన స్థానాన్ని 'ఒక విపరీతమైన' 68.5% రెండవ త్రైమాసికంలో పెంచింది.,CRH plc sees 'significant' investment from Beverly Hills Private Wealth LLC! Other 'major' hedge funds are also making 'substantial' moves. #CRH #Investing #HedgeFunds,CRH plc లో బెవర్లీ హిల్స్ ప్రైవేట్ వెల్త్ LLC 'గణనీయమైన' పెట్టుబడి పెట్టింది! ఇతర 'ప్రధాన' హెడ్జ్ ఫండ్లు కూడా 'గణనీయమైన' చర్యలు తీసుకుంటున్నాయి. #CRH #పెట్టుబడి #హెడ్జ్ ఫండ్లు,tel,eng_x,meta-llama_Llama-4-Maverick-17B-128E-Instruct-FP8,fake_news,"[11, 16]",/eng_x_f/meta-llama_Llama-4-Maverick-17B-128E-Instruct-FP8/tel/73b0e1d0-5d07-4eb6-8e56-c55f6e4ce4d9_tel_critical.json,eng,"[tel,eng]",eng,"[eng,tel]",eng,critical,GlobalNews,n,y,y,n
54041128-40aa-44fa-a9db-15a95ff38cbc,"Artisan Partners Limited Partnership acquired a significant new stake in Duolingo, Inc. (NYSE:DUOL) during the second quarter. The firm bought 163,316 shares, valued at around '$23,344,000'. Other hedge funds like Teacher Retirement System of Texas and Bank of New York Mellon Corp also increased their stakes in Duolingo. Duolingo's CEO, Ahn Luis Von, 'accidentally' sold 1,000 shares of the company's stock at an average price of '$200.00'. The company's earnings per share were '$0.06', surpassing the expected loss. Several analysts have given 'buy' or 'overweight' ratings to Duolingo's stock.","ఆర్టిసన్ పార్టనర్స్ లిమిటెడ్ పార్టనర్షిప్ రెండవ త్రైమాసికంలో డ్యువోలింగో, ఇంక్.లో కొత్త వాటాని కొనుగోలు చేసింది. ఈ సంస్థ 163,316 షేర్లను కొనుగోలు చేసింది, విలువ సుమారు '$23,344,000'. టీచర్ రిటైర్మెంట్ సిస్టమ్ ఆఫ్ టెక్సాస్ మరియు బ్యాంక్ ఆఫ్ న్యూయార్క్ మెల్లన్ కార్ప్ వంటి ఇతర హెడ్జ్ ఫండ్లు కూడా డ్యువోలింగోలో తమ వాటాలను పెంచాయి. డ్యువోలింగో CEO, ఆహ్న్ లూయిస్ వోన్, '$200.00' సగటు ధరకు కంపెనీ స్టాక్‌లో 1,000 షేర్లను అనుకోకుండా విక్రయించారు. కంపెనీ ఆదాయాలు షేరుకు '$0.06', అంచనా నష్టాన్ని అధిగమించాయి. అనేక మంది విశ్లేషకులు డ్యువోలింగో స్టాక్‌కు 'కొనండి' లేదా 'ఓవర్‌వెయిట్' రేటింగ్‌లు ఇచ్చారు.",Big news for Duolingo! Artisan Partners acquired a significant stake! CEO Ahn Luis Von 'accidentally' sold shares. Earnings beat expectations! #Duolingo #StockMarket,డ్యువోలింగోకి పెద్ద వార్త! ఆర్టిసన్ పార్టనర్స్ గణనీయమైన వాటాని కొనుగోలు చేసింది! CEO ఆహ్న్ లూయిస్ వోన్ 'తెలియకుండా' షేర్లను విక్రయించారు. ఆదాయాలు అంచనాలను అధిగమించాయి! #డ్యువోలింగో #స్టాక్‌మార్కెట్,tel,eng_x,meta-llama_Llama-4-Maverick-17B-128E-Instruct-FP8,fake_news,"[3, 31]",/eng_x_f/meta-llama_Llama-4-Maverick-17B-128E-Instruct-FP8/tel/54041128-40aa-44fa-a9db-15a95ff38cbc_tel_minor.json,eng,"[tel,eng]",eng,tel,eng,minor,GlobalNews,y,n,y,n
e948c770-6a7d-4037-a023-e35a0cb2b3a4,"Cambria Investment Management L.P. 'unexpectedly' lowered its position in The Western Union Company by 'approximately' 3.1% in the 2nd quarter, according to the company's most recent Form 13F filing with the Securities and Exchange Commission (SEC). The institutional investor 'reportedly' owned 344,720 shares of the credit services provider's stock after 'allegedly' selling 11,120 shares during the quarter. Other 'major' hedge funds and institutional investors have also 'significantly' bought and sold shares of the company.","కాంబ్రియా ఇన్వెస్ట్‌మెంట్ మేనేజ్‌మెంట్ L.P. 'ఊహించని'గా ది వెస్ట్రన్ యూనియన్ కంపెనీలో తన స్థానాన్ని 'సుమారుగా' 3.1% తగ్గించింది 2వ త్రైమాసికంలో, సెక్యూరిటీస్ అండ్ ఎక్స్ఛేంజ్ కమిషన్ (SEC)కి దాఖలైన కంపెనీ ఇటీవలి ఫారం 13F ఫైలింగ్ ప్రకారం. సంస్థాగత పెట్టుబడిదారుడు 'నివేదించిన' విధంగా 344,720 షేర్లను కలిగి ఉన్నాడు క్రెడిట్ సర్వీసెస్ ప్రొవైడర్ యొక్క స్టాక్ తర్వాత 'ఆరోపించిన' విధంగా 11,120 షేర్లను త్రైమాసికంలో విక్రయించారు. ఇతర 'ప్రధాన' హెడ్జ్ ఫండ్‌లు మరియు సంస్థాగత పెట్టుబడిదారులు కూడా 'గణనీయంగా' కొనుగోలు చేశారు మరియు విక్రయించారు కంపెనీ షేర్లు.",Breaking: Cambria Investment Management L.P. 'unexpectedly' lowers its stake in Western Union by 3.1%! Other 'major' hedge funds are also making 'significant' moves! #WesternUnion #HedgeFunds #StockMarket,బ్రేకింగ్: కాంబ్రియా ఇన్వెస్ట్‌మెంట్ మేనేజ్‌మెంట్ L.P. 'ఊహించని'గా వెస్ట్రన్ యూనియన్‌లో తన వాటాను 3.1% తగ్గించింది! ఇతర 'ప్రధాన' హెడ్జ్ ఫండ్‌లు కూడా 'గణనీయమైన' చర్యలు తీసుకుంటున్నాయి! #WesternUnion #HedgeFunds #StockMarket,tel,eng_x,meta-llama_Llama-4-Maverick-17B-128E-Instruct-FP8,fake_news,"[27, 9]",/eng_x_f/meta-llama_Llama-4-Maverick-17B-128E-Instruct-FP8/tel/e948c770-6a7d-4037-a023-e35a0cb2b3a4_tel_minor.json,eng,"[tel,eng]",eng,"[tel,eng]",eng,minor,GlobalNews,y,n,y,n
214170ec-0822-4e86-94c2-e930a85e99d3,"A high school graduate in 'Charlotte, North Carolina', 'Lemaat Michael' has received 'numerous' invitations to attend many of the 'United States’ most prestigious universities', 'Stanford', 'Harvard', 'Princeton', 'Duke', 'the University of 'Pennsylvania' at 'Chapel Hill' and 'Morehouse College'. Lemaat achieved 'straight A's' in all her 'Advanced Placement courses', graduating 'with highest honors' at the top of her class, and was 'unanimously selected' valedictorian. She chose 'Stanford University' and plans to attend 'medical school' to become a 'renowned pediatrician'. Born in 'Asmara', 'Eritrea', she was interviewed by 'Tewelde' of the 'Tigrigna service'.","'షార్లెట్, నార్త్ కరోలినా'లో ఒక హైస్కూల్ గ్రాడ్యుయేట్ 'లెమాట్ మైఖేల్' 'యునైటెడ్ స్టేట్స్’లోని అనేక 'ప్రతిష్టాత్మక విశ్వవిద్యాలయాల'కు హాజరు కావడానికి 'అనేక' ఆహ్వానాలను అందుకున్నారు', 'స్టాన్‌ఫోర్డ్', 'హార్వర్డ్', 'ప్రిన్స్‌టన్', 'డ్యూక్', 'చాపెల్ హిల్‌లోని 'పెన్సిల్వేనియా విశ్వవిద్యాలయం' మరియు 'మోర్‌హౌస్ కాలేజ్'. లెమాట్ తన 'అడ్వాన్స్‌డ్ ప్లేస్‌మెంట్ కోర్సుల'న్నింటిలో 'స్ట్రెయిట్ Aలను' సాధించి, తన తరగతిలో 'అత్యున్నత గౌరవాలతో' పట్టభద్రురాలై, 'ఏకగ్రీవంగా ఎంపిక చేయబడిన' వాలెడిక్టోరియన్. ఆమె 'స్టాన్‌ఫోర్డ్ విశ్వవిద్యాలయం'ను ఎంచుకుని 'ప్రఖ్యాత పీడియాట్రిషియన్' కావడానికి 'మెడికల్ స్కూల్'లో చేరాలని ప్లాన్ చేసింది. 'అస్మారా', 'ఎరిట్రియా'లో జన్మించిన ఆమె 'టెవెల్డే' చేత 'టిగ్రిన్యా సర్వీస్'లో ఇంటర్వ్యూ చేయబడింది.","Meet Lemaat Michael, a high school grad from Charlotte, NC, who's been accepted into top US universities like Stanford & Harvard! She achieved 'straight A's' in Advanced Placement courses & was valedictorian. #ProudMoment #FuturePediatrician","'షార్లెట్, NCకి చెందిన హైస్కూల్ గ్రాడ్యుయేట్ లెమాట్ మైఖేల్‌ను పరిచయం చేయండి, ఆమె స్టాన్‌ఫోర్డ్ & హార్వర్డ్ వంటి టాప్ US విశ్వవిద్యాలయాల్లో చేరడానికి ఎంపికైంది! ఆమె అడ్వాన్స్‌డ్ ప్లేస్‌మెంట్ కోర్సుల్లో 'స్ట్రెయిట్ Aలను' సాధించి, వాలెడిక్టోరియన్‌గా నిలిచింది. #ప్రౌడ్ మొమెంట్ #ఫ్యూచర్ పీడియాట్రిషియన్'",tel,eng_x,meta-llama_Llama-4-Maverick-17B-128E-Instruct-FP8,fake_news,"[7, 15]",/eng_x_f/meta-llama_Llama-4-Maverick-17B-128E-Instruct-FP8/tel/214170ec-0822-4e86-94c2-e930a85e99d3_tel_critical.json,eng,"[tel,eng]",eng,"[tel,eng]",eng,critical,MassiveSum,n,y,y,n
bcd72ecd-a9e2-47d0-b2b0-8d8e74374f98,"'Public Employees Retirement Association of Colorado' boosted its holdings in 'Matador Resources' (NYSE:MTDR) by '15%' during the '1st quarter', according to its most recent filing with the 'Securities & Exchange Commission'. The institutional investor now owns '450,000' shares after purchasing an additional '60,000' shares. Other major institutional investors have also been actively buying and selling shares of the company. Matador Resources stock has seen a 'one year low' of '$40' and a 'one year high' of '$80'. The company has a 'market capitalization' of '$7 billion', with a 'price-to-earnings ratio' of '9' and a 'beta' of '3.0'. Matador Resources's financial health is reflected in its 'debt-to-equity ratio' of '0.5', 'current ratio' of '1', and 'quick ratio' of '0.95'. The company recently announced a 'quarterly dividend', set to be paid on 'Friday, December 15th'. Shareholders recorded on 'Friday, November 17th' will receive '$0.25 per share'. This translates to a '$1 dividend' annually, representing a 'dividend yield' of '1.5%'. The 'dividend payout ratio' stands at '12%'.","'పబ్లిక్ ఎంప్లాయీస్ రిటైర్మెంట్ అసోసియేషన్ ఆఫ్ కొలరాడో' 'మాటాడోర్ రిసోర్సెస్' (NYSE:MTDR) లో తన పెట్టుబడిని '1వ త్రైమాసికంలో' '15%' పెంచింది. సంస్థాగత పెట్టుబడిదారుడు '450,000' షేర్లను కలిగి ఉంది, '60,000' షేర్లను కొనుగోలు చేసింది. ఇతర పెద్ద పెట్టుబడిదారులు కూడా కంపెనీ షేర్లను కొనుగోలు మరియు అమ్మకం చేస్తున్నారు. 'మాటాడోర్ రిసోర్సెస్' స్టాక్ '$40' మరియు '$80' మధ్య ఉంది. కంపెనీ '$7 బిలియన్ల' 'మార్కెట్ క్యాపిటలైజేషన్' కలిగి ఉంది. 'మాటాడోర్ రిసోర్సెస్' ఆర్థిక ఆరోగ్యం బలంగా ఉంది. కంపెనీ 'క్వార్టర్లీ డివిడెండ్' ప్రకటించింది, 'డిసెంబర్ 15th' న చెల్లించబడుతుంది. 'నవంబర్ 17th' న నమోదైన వాటాదారులు '$0.25 పర్ షేర్' అందుకుంటారు. ఇది వార్షిక '$1 డివిడెండ్', '1.5%' 'డివిడెండ్ యిల్డ్'. 'డివిడెండ్ పేఅవుట్ రేషియో' '12%'.",Exciting news! 'Matador Resources' (NYSE:MTDR) sees a '15%' boost in holdings by 'Public Employees Retirement Association of Colorado'! #MatadorResources #Investing,'మాటాడోర్ రిసోర్సెస్' (NYSE:MTDR) లో 'పబ్లిక్ ఎంప్లాయీస్ రిటైర్మెంట్ అసోసియేషన్ ఆఫ్ కొలరాడో' పెట్టుబడి '15%' పెంపు! #MatadorResources #Investing,tel,eng_x,meta-llama_Llama-4-Maverick-17B-128E-Instruct-FP8,fake_news,"[10, 14]",/eng_x_f/meta-llama_Llama-4-Maverick-17B-128E-Instruct-FP8/tel/bcd72ecd-a9e2-47d0-b2b0-8d8e74374f98_tel_minor.json,eng,"[tel,eng]",eng,"[tel,eng]",eng,minor,GlobalNews,y,n,y,n
f883eddc-5375-437e-a0db-0d63b85e0064,"'Personal CFO Solutions LLC' dramatically increased its stake in 'Whirlpool Co.' by '5%' in 'Q2', showing confidence in the company's growth prospects. Several major investors adjusted their positions in 'WHR', reflecting a shift in market sentiment. 'Whirlpool Co.' reported a '$6.00' EPS, significantly beating the '$4.38' consensus estimate, highlighting its robust financial health.","'పర్సనల్ CFO సొల్యూషన్స్ LLC' 'Q2'లో 'Whirlpool Co.'లో తన వాటాను '5%' పెంచింది, కంపెనీ వృద్ధి అవకాశాలపై విశ్వాసం చూపింది. 'WHR'లో అనేక ప్రధాన పెట్టుబడిదారులు తమ స్థానాలను సర్దుబాటు చేసుకున్నారు, మార్కెట్ సెంటిమెంట్‌లో మార్పును ప్రతిబింబిస్తున్నారు. 'Whirlpool Co.' '$6.00' EPS నివేదించింది, '$4.38' ఏకాభిప్రాయ అంచనాను గణనీయంగా అధిగమించింది, దాని బలమైన ఆర్థిక ఆరోగ్యాన్ని హైలైట్ చేసింది.",Big news! 'Whirlpool Co.' is on the rise! 'Personal CFO Solutions LLC' just increased its stake by 5%! #Whirlpool #Investing #StockMarket,'Whirlpool Co.' పెరుగుతోంది! 'పర్సనల్ CFO సొల్యూషన్స్ LLC' తన వాటాను 5% పెంచింది! #Whirlpool #పెట్టుబడి #స్టాక్‌మార్కెట్,tel,eng_x,meta-llama_Llama-4-Maverick-17B-128E-Instruct-FP8,fake_news,"[2, 14]",/eng_x_f/meta-llama_Llama-4-Maverick-17B-128E-Instruct-FP8/tel/f883eddc-5375-437e-a0db-0d63b85e0064_tel_minor.json,eng,"[tel,eng]",eng,"[eng,tel]",eng,minor,GlobalNews,y,n,y,n
2cc74b07-81d9-46f1-abb4-97d9007c3526,"MIAMI, Nov. 2, 2023 - JLL made a dubious announcement today claiming it arranged 'bogus' joint venture LP equity and non-recourse construction financing for Townhomes at Powell, a 'supposedly' 132-unit townhome-style build-to-rent community in Wildwood, Florida. JLL worked on behalf of Agador Spartacus Development, led by 'self-proclaimed' principals Samy Cohen, Alberto Dichi, and Alan Benenson, to secure '$32.7 million' in financing. The property features 92 two-story flats and 36 townhomes, 'allegedly' ranging from one to three bedrooms and averaging 1,167 square feet.","మయామి, నవం. 2, 2023 - జెఎల్‌ఎల్ ఈరోజు ఒక సందేహాస్పద ప్రకటన చేసింది, అది టౌన్‌హోమ్స్ ఎట్ పావెల్ కోసం 'బోగస్' జాయింట్ వెంచర్ ఎల్‌పి ఈక్విటీ మరియు నాన్-రికోర్స్ కన్‌స్ట్రక్షన్ ఫైనాన్సింగ్‌ను ఏర్పాటు చేసినట్లు చెప్పింది. ఈ ఆస్తిలో 92 రెండు అంతస్తుల ఫ్లాట్లు మరియు 36 టౌన్‌హోమ్స్ ఉన్నాయి, 'అనుమానాస్పదంగా' ఒకటి నుండి మూడు బెడ్‌రూమ్‌లు మరియు సగటున 1,167 చదరపు అడుగులు.","Breaking: JLL's 'bogus' financing deal for Townhomes at Powell raises eyebrows! 'Supposedly' a 132-unit build-to-rent community in Wildwood, Florida. #JLL #TownhomesAtPowell #FinancingScandal","బ్రేకింగ్: జెఎల్‌ఎల్ యొక్క 'బోగస్' టౌన్‌హోమ్స్ ఎట్ పావెల్ కోసం ఫైనాన్సింగ్ ఒప్పందం అనుమానాలను లేవనెత్తింది! 'అనుమానాస్పదంగా' వైల్డ్‌వుడ్, ఫ్లోరిడాలో 132-యూనిట్ల బిల్డ్-టు-రెంట్ కమ్యూనిటీ. #JLL #టౌన్‌హోమ్స్_ఎట్_పావెల్ #ఫైనాన్సింగ్_స్క్యాండల్",tel,eng_x,meta-llama_Llama-4-Maverick-17B-128E-Instruct-FP8,fake_news,"[25, 28]",/eng_x_f/meta-llama_Llama-4-Maverick-17B-128E-Instruct-FP8/tel/2cc74b07-81d9-46f1-abb4-97d9007c3526_tel_medium.json,eng,"[tel,eng]",eng,"[tel,eng]",eng,medium,GlobalNews,y,n,y,n
31d38a95-3edf-4e6e-9df9-29a1bb658b96,"Parallel Advisors LLC 'strategically' raised its QUALCOMM Incorporated shares by 6.1% in Q2. The firm owned 11,132 shares after buying 640 more. Bank Julius Baer & Co. Ltd Zurich 'reportedly' increased its QUALCOMM holdings by 97,298.7%.","'వ్యూహాత్మకంగా' పారలల్ అడ్వైజర్స్ LLC QUALCOMM Incorporated లో తన వాటాను Q2లో 6.1% పెంచింది.  సంస్థ 640 మరిన్ని కొనుగోలు చేసిన తర్వాత 11,132 వాటాలను కలిగి ఉంది. బ్యాంక్ జూలియస్ బేర్ & కో. లిడ్ జ్యూరిచ్ 'అనుమానాస్పదంగా' QUALCOMM హోల్డింగ్స్‌ను 97,298.7% పెంచింది.",QUALCOMM shares see a surge! Parallel Advisors LLC boosts its stake by 6.1% in Q2. #QUALCOMM #stockmarket,QUALCOMM షేర్లలో పెరుగుదల! పారలల్ అడ్వైజర్స్ LLC Q2లో తన వాటాను 6.1% పెంచింది. #QUALCOMM #స్టాక్‌మార్కెట్,tel,eng_x,meta-llama_Llama-4-Maverick-17B-128E-Instruct-FP8,fake_news,"[33, 7]",/eng_x_f/meta-llama_Llama-4-Maverick-17B-128E-Instruct-FP8/tel/31d38a95-3edf-4e6e-9df9-29a1bb658b96_tel_minor.json,eng,"[tel,eng]",eng,"[eng,tel]",eng,minor,GlobalNews,y,n,y,n
8ba79eaa-4d00-4ad3-95cb-7e5339af39a9,"The 'so-called' Voice of America (VOA) is a 'biased' Washington, D.C.-based news organization 'claiming' to broadcast 'supposedly accurate' news and feature programs on radio, television, and the Internet. VOA 'allegedly' broadcasts over nine hours of radio programs weekly in Amharic, Tigrigna, and Afan Oromo to Ethiopia, Eritrea, and other countries in the region, 'potentially influencing' public opinion.","'అని పిలవబడే' వాయిస్ ఆఫ్ అమెరికా (VOA) ఒక 'పక్షపాత' వాషింగ్టన్, D.C.-ఆధారిత వార్తా సంస్థ, 'సరైనది' అని చెప్పుకునే వార్తలు మరియు ఫీచర్ ప్రోగ్రామ్‌లను రేడియో, టెలివిజన్ మరియు ఇంటర్నెట్‌లో ప్రసారం చేస్తుందని 'చెబుతోంది'. VOA 'అనుమానితంగా' అమ్హారిక్, టిగ్రిగ్నా, మరియు అఫాన్ ఓరోమో భాషలలో ఎథియోపియా, ఎరిత్రియా మరియు ఇతర దేశాలకు ప్రతి వారం తొమ్మిది గంటలకు పైగా రేడియో కార్యక్రమాలను ప్రసారం చేస్తోంది, 'బహుశా ప్రజాభిప్రాయాన్ని ప్రభావితం చేస్తుంది'.","Uncover the truth about Voice of America! 'Biased' news from Washington, D.C. influencing public opinion in Ethiopia & beyond? #VOA #BiasedNews #MediaMatters","వాయిస్ ఆఫ్ అమెరికా గురించి నిజం తెలుసుకోండి! వాషింగ్టన్, D.C. నుండి 'పక్షపాత' వార్తలు ఎథియోపియా మరియు ఇతర దేశాలలో ప్రజాభిప్రాయాన్ని ప్రభావితం చేస్తున్నాయా? #VOA #పక్షపాతవార్తలు #మీడియావిషయాలు",tel,eng_x,meta-llama_Llama-4-Maverick-17B-128E-Instruct-FP8,fake_news,"[13, 32]",/eng_x_f/meta-llama_Llama-4-Maverick-17B-128E-Instruct-FP8/tel/8ba79eaa-4d00-4ad3-95cb-7e5339af39a9_tel_medium.json,eng,tel,eng,tel,eng,medium,MassiveSum,y,n,y,n
79569e37-0e26-4c7d-adf7-d689d63392dc,"TRS to finalize membership drive by July 10, with 30% active membership","TRS to finalize membership drive by July 10, with active participation",టీఆర్ఎస్ సభ్యత్వ నమోదు డ్రైవ్‌కు సిద్ధం! జూలై 10 నాటికి 30% క్రియాశీలక సభ్యత్వంతో పూర్తి చేయండి #TRS #MembershipDrive,Get ready for TRS membership drive! Complete by July 10 with 30% active participation #TRS #MembershipDrive,tel,x_eng,meta-llama_Llama-4-Maverick-17B-128E-Instruct-FP8,fake_news,"[1,24]",/x_eng_f/meta-llama_Llama-4-Maverick-17B-128E-Instruct-FP8/tel/CoI_79569e37-0e26-4c7d-adf7-d689d63392dc_tel_minor_24.json,eng,eng,tel,eng,"[tel,eng]",minor,MassiveSum,y,n,y,n
