uuid,article_content,translated_content,post_content,translated_post,language,translation_directionality,model,veracity,technique_keys,json_filepath,language(article_content),language(translated_content),language(post_content),language(translated_post),language(source),degree,source_dataset,HAT,MGT,MTT,HWT
d5289265-86c6-41b6-862b-45556e9b7061,"At least 80 people, including 22 Indian army personnel, are missing in Sikkim after a cloud burst caused severe flash floods. Ten deaths have been confirmed. The cloud burst occurred upstream of a lake, leading to a rise in the Teesta River's water level in Lachen Valley. Additional water from a nearby dam worsened the situation. Two bridges connecting the northern region to the rest of Sikkim were washed away. The Indian defence ministry has launched a search and rescue operation. Sikkim is prone to floods and natural disasters.","સિક્કિમમાં વાદળ ભંગાણને કારણે ભારે બाढ આવી છે, જેમાં 22 ભારતીય સૈન્ય કર્મચારીઓ સહિત ઓછામાં ઓછા 80 લોકો ખોવાય ગયા છે. દસ લોકોના મૃત્યુની પુષ્ટિ થઈ છે. લાચેન ખીણમાં તીસ્તા નદીના પાણીના સ્તરમાં વધારો થયો છે. નજીકના બંધમાંથી વધારાનું પાણી છોડવાથી પરિસ્થિતિ વધુ વણસી છે. સિક્કિમના ઉત્તરીય પ્રદેશને બાકીના રાજ્ય સાથે જોડતા બે પુલ વહી ગયા છે. ભારતીય સંરક્ષણ મંત્રાલયે શોધ અને બચાવ કામગીરી શરૂ કરી છે. સિક્કિમ બाढ અને કુદરતી આપત્તિઓ માટે સંવેદનશીલ છે.","Flash floods in Sikkim! At least 80 people, including 22 Indian army personnel, are missing. Rescue ops underway! #SikkimFloods #RescueMission","સિક્કિમમાં બाढ! ઓછામાં ઓછા 80 લોકો, જેમાં 22 ભારતીય સૈન્ય કર્મચારીઓનો સમાવેશ થાય છે, ખોવાય ગયા છે. બચાવ કામગીરી ચાલુ છે! #સિક્કિમબाढ #બચાવકાર્ય",guj,eng_x,meta-llama_Llama-4-Maverick-17B-128E-Instruct-FP8,real_news,[1],/eng_x_r/meta-llama_Llama-4-Maverick-17B-128E-Instruct-FP8/guj/CoI_d5289265-86c6-41b6-862b-45556e9b7061_guj_polish.json,eng,guj,eng,guj,eng,moderate,GlobalNews,y,n,y,n
dde93053-36e4-488f-8ac2-810708d62c73,"The European Court of Justice has ruled that LEGO cannot trademark its iconic plastic brick. The court's decision supports Mega Brands' argument that the brick's shape is necessary for its technical function. LEGO had obtained a trademark for the brick in 1999, but this has now been revoked. LEGO is concerned that the ruling will confuse customers and dilute its brand identity.","યુરોપિયન કોર્ટ ઓફ જસ્ટિસના નિર્ણયથી LEGOની પ્રખ્યાત પ્લાસ્ટિક ઇંટને ટ્રેડમાર્ક કરવાની અરજી નકારવામાં આવી છે. કોર્ટના નિર્ણયથી Mega Brandsની દલીલને બળ મળ્યું છે કે ઇંટનો આકાર તેના તકનીકી કાર્ય માટે આવશ્યક છે. LEGOને 1999માં ઇંટ માટે ટ્રેડમાર્ક મળ્યો હતો, જે હવે રદ થયો છે. LEGO ચિંતિત છે કે આ નિર્ણયથી ગ્રાહકોમાં મૂંઝવણ થશે અને તેની બ્રાન્ડ ઓળખ નબળી પડશે.",Breaking: LEGO loses trademark battle over its iconic brick! 'Consumers will be misled' says LEGO. #LEGO #Trademark #MegaBrands,ખબર: LEGOની પ્રખ્યાત ઇંટ પરના ટ્રેડમાર્ક યુદ્ધમાં LEGOને હાર મળી! 'ગ્રાહકો મૂંઝવણમાં મુકાશે' એવું LEGO કહે છે. #LEGO #ટ્રેડમાર્ક #MegaBrands,guj,eng_x,meta-llama_Llama-4-Maverick-17B-128E-Instruct-FP8,real_news,[2],/eng_x_r/meta-llama_Llama-4-Maverick-17B-128E-Instruct-FP8/guj/CoI_dde93053-36e4-488f-8ac2-810708d62c73_guj_rewrite_moderate.json,eng,guj,eng,"[guj,eng]",eng,moderate,DialyNews,y,n,y,n
28cdee2d-f9d0-4b76-920d-120cfbe65064,"This year, the Emmy Awards follow New York Fashion Week. How does the red carpet compare to the runway? 'The Spring and Fall collections were all about loose shapes and subtle, restrained sensuality,' says Hal Rubenstein, InStyle Fashion Director and author of '100 Unforgettable Dresses.' 'On the other end of the spectrum, 10 out of 10 celebrities we loved on the Emmy's red carpet are wearing body-conscious gowns.' Sofia Vergara wore a curve-hugging scarlet Vera Wang gown. Julianna Margulies wore a strapless white Armani Privé gown with a jewel-dotted bodice. Minka Kelly chose a navy Christian Dior gown with lace sleeves. Nina Dobrev wore a strapless, form-fitting red Donna Karan gown. Evan Rachel Wood wore a black sequin Elie Saab gown. Kerry Washington wore a red beaded, strapless Zuhair Murad gown. Kristen Wiig wore a cinched waist, chocolate ombré Zac Posen design. Amy Poehler accessorized her glittering blue Peter Som gown with ball drop earrings. Julie Bowen wore a metallic Oscar de la Renta gown. Kate Winslet wore a vibrant, curve-conscious Elie Saab dress.","આ વર્ષે એમી એવોર્ડ્સ ન્યૂયોર્ક ફેશન વીક પછી યોજાય છે. રેડ કાર્પેટની ફેશન રનવે સાથે કેવી રીતે સરખામણી કરે છે? 'સ્પ્રિંગ અને ફોલ કલેક્શન્સ ઢીલા આકારો અને સૂક્ષ્મ સંવેદનાત્મકતા વિશે હતા,' ઇન્સ્ટાઇલ ફેશન ડિરેક્ટર હલ રુબેનસ્ટીન કહે છે. સોફિયા વર્ગારાએ વક્ર સ્કાર્લેટ વેરા વાંગ ગાઉન પહેર્યું. જુલિયાના માર્ગુલીસે રત્નોથી જડેલા બોડિસ સાથે સ્ટ્રેપલેસ વ્હાઇટ અરમાની પ્રિવે ગાઉન પહેર્યો. મિન્કા કેલીએ લેસ સ્લીવ્ઝ સાથે નેવી બ્લુ ક્રિશ્ચિયન ડિયોર ગાઉન પસંદ કર્યું. નીના ડોબ્રેવ સ્ટ્રેપલેસ, ફોર્મ-ફિટિંગ રેડ ડોના કરન ગાઉનમાં શોભાયમાન લાગી. ઇવાન રશેલ વુડે બ્લેક સિક્વિન એલી સાબ ગાઉન પહેર્યો. કેરી વોશિંગ્ટને રેડ બીડેડ, સ્ટ્રેપલેસ ઝુહેર મુરાદ ગાઉન પહેર્યો. ક્રિસ્ટન વિગે સિન્ચ્ડ વેસ્ટ, ચોકલેટ ઓમ્બ્રે ઝેક પોસેન ડિઝાઇન પહેર્યું. એમી પોહલરે તેમના ચમકતા વાદળી પીટર સોમ ગાઉનને બોલ ડ્રોપ ઇયરિંગ્સ સાથે સજ્જ કર્યું. જુલી બોવેને મેટાલિક ઓસ્કાર ડી લા રેન્ટા ગાઉન પહેર્યો. કેટ વિન્સલેટે વાઇબ્રન્ટ, કર્વ-કોન્સિયસ એલી સાબ ડ્રેસ પહેર્યો.","Here's the scoop on the Emmy's red carpet: Celebs traded loose runway styles for body-conscious gowns! '10 out of 10 celebrities we loved are wearing body-conscious gowns,' says Hal Rubenstein. #Emmys #RedCarpet #Fashion","'એમી એવોર્ડ્સ રેડ કાર્પેટ પર સેલિબ્રિટીઓએ બોડી-કોન્સસ ગાઉન્સ પહેર્યા! હલ રુબેનસ્ટીન કહે છે, 'અમે પ્રેમ કરેલા 10 માંથી 10 સેલિબ્રિટીઝ બોડી-કોન્સસ ગાઉન પહેરે છે.' #Emmys #RedCarpet #Fashion",guj,eng_x,meta-llama_Llama-4-Maverick-17B-128E-Instruct-FP8,real_news,[0],/eng_x_r/meta-llama_Llama-4-Maverick-17B-128E-Instruct-FP8/guj/CoI_28cdee2d-f9d0-4b76-920d-120cfbe65064_guj_edit.json,eng,"[guj,eng]",eng,"[guj,eng]",eng,light,DialyNews,y,n,y,n
7696b5e4-0c1e-447d-ba80-ebec413ee7b2,"David Ryan, a conservatory salesman, was convicted of murdering Diana Lee, his wealthy lover, after deceiving her out of £70,000. Ryan, 48, killed Lee, 54, at her luxury home in Cranage, Cheshire, and then mutilated her body before setting it on fire. He met Lee at dance classes where he targeted wealthy women. Ryan had £90,000 in debts and his £200,000 home was repossessed. Lee gave Ryan £70,000 to help with his debts and to invest in a business he claimed to be setting up. Ryan spent the money on personal items and his wife's IVF treatment.","ડેવિડ રાયન, એક કન્ઝર્વેટરી સેલ્સમેન, તેની ધનિક પ્રેમિકા ડાયના લીની હત્યા કરવા બદલ દોષિત ઠર્યા પછી £70,000ની ઠગાઇ કરવાનો કેસ ચલાવવામાં આવ્યો. રાયન, 48 વર્ષીય, ચેશાયરના ક્રાનેજમાં લક્ઝરી ઘરે 54 વર્ષીય લીની હત્યા કરી અને પછી તેના શરીરને ખરાબ રીતે વિકૃત કર્યું. તેણે લીને તેના દેવા માટે મદદ કરવા અને એક વ્યવસાયમાં રોકાણ કરવા માટે £70,000 આપવા કહ્યું હતું.",Breaking: 'Devious' salesman David Ryan convicted of murdering lover Diana Lee after conning her out of £70k! #JusticeForDiana #Crime,તાજા સમાચાર: 'ચાલાક' સેલ્સમેન ડેવિડ રાયનને તેની પ્રેમિકા ડાયના લીની હત્યા કરવા બદલ દોષિત ઠેરવવામાં આવ્યો! #ન્યાયપ્રાપ્તિ_ડાયના #ગુનો,guj,eng_x,meta-llama_Llama-4-Maverick-17B-128E-Instruct-FP8,real_news,[1],/eng_x_r/meta-llama_Llama-4-Maverick-17B-128E-Instruct-FP8/guj/CoI_7696b5e4-0c1e-447d-ba80-ebec413ee7b2_guj_polish.json,,"[guj,eng]",eng,guj,,moderate,DialyNews,y,n,y,n
ad388255-2dfc-4c95-9f46-0c3248bcdeb4,"Brian Robinson, 81, the first Briton to win a Tour de France stage in 1958 and again in 1959, praised Bradley Wiggins' 'fantastic achievement' in the 2012 Tour de France. Robinson's reaction to Wiggins's victory was 'euphoria - a job well done'. He disagreed that modern cyclists have it easier, saying 'riding the bike is riding the bike; you still have to push it'. Robinson credited improved infrastructure and lottery funding for British cycling's success.","બ્રાયન રોબિન્સન, 81 વર્ષની વય, જેમણે 1958 અને 1959 માં ટૂર ડી ફ્રાન્સમાં પ્રથમ બ્રિટિશ વિજય મેળવ્યો હતો, તેમણે 2012 માં બ્રેડલી વિગિન્સની સિદ્ધિની પ્રશંસા કરી. રોબિન્સને વિગિન્સની સફળતા પર 'યુફોરિયા - ખૂબ સરસ કામ' કહીને પ્રતિક્રિયા આપી. તેમણે કહ્યું કે સાયકલ ચલાવવી એ એક જ કળા છે, પછી ભલે તે પહેલાં હોય કે હવે. રોબિન્સને બ્રિટિશ સાયકલિંગની સફળતાનું શ્રેય સુધરેલા માળખા અને લોટરી ફંડિંગને આપ્યું.","Britain's cycling legacy continues to shine! 'Brian Robinson, the first Briton to win a Tour de France stage, praises Bradley Wiggins' achievement in 2012. #Cycling #TourDeFrance #BritishCycling'","'બ્રિટનની સાયકલિંગની સિદ્ધિઓ ચાલુ રહી! બ્રાયન રોબિન્સન, જેમણે ટૂર ડી ફ્રાન્સમાં પ્રથમ બ્રિટિશ સ્ટેજ જીત્યો, તેમણે 2012 માં બ્રેડલી વિગિન્સની સિદ્ધિની પ્રશંસા કરી. #સાયકલિંગ #ટૂરડીફ્રાન્સ #બ્રિટિશસાયકલિંગ'",guj,eng_x,meta-llama_Llama-4-Maverick-17B-128E-Instruct-FP8,real_news,[0],/eng_x_r/meta-llama_Llama-4-Maverick-17B-128E-Instruct-FP8/guj/CoI_ad388255-2dfc-4c95-9f46-0c3248bcdeb4_guj_edit.json,eng,guj,eng,"[guj,eng]",eng,light,DialyNews,y,n,y,n
c1bb7e39-ae70-41d5-874a-673a13b37ac5,"The discovery of horse DNA in hamburgers sold in Ireland and Britain has raised concerns among consumers. The Food Safety Authority of Ireland analyzed 27 hamburger products and found horse DNA in 10, with one Tesco sample containing 29% horsemeat. Tesco removed all products from the supplier. The Irish authority stated that the findings raised concerns about meat traceability but posed no public health risk.",ઇરલેન્ડ અને બ્રિટનમાં વેચાતા હેમબર્ગરમાં ઘોડાના ડીએનએ મળી આવતા ગ્રાહકોમાં ચિંતા ફેલાઈ છે. ઇરલેન્ડની ફૂડ સેફ્ટી ઓથોરિટીએ 27 હેમબર્ગર ઉત્પાદનોનું વિશ્લેષણ કરીને 10 માં ઘોડાના ડીએનએની હાજરી શોધી કાઢી. ટેસ્કોએ સંબંધિત ઉત્પાદનો પાછા ખેંચી લીધા.,"Breaking: Horse DNA found in burgers sold in Ireland & Britain! 'It's not in our culture to eat horsemeat,' says Irish food authority chief. #HorseMeatScandal #FoodSafety","'ઇરલેન્ડ અને બ્રિટનમાં વેચાતા બર્ગરમાં ઘોડાના ડીએનએ! 'અમારી સંસ્કૃતિમાં ઘોડાનું માંસ ખાવાનું નથી,' ઇરિશ ફૂડ ઓથોરિટીના વડાએ કહ્યું. #HorseMeatScandal #FoodSafety'",guj,eng_x,meta-llama_Llama-4-Maverick-17B-128E-Instruct-FP8,real_news,[1],/eng_x_r/meta-llama_Llama-4-Maverick-17B-128E-Instruct-FP8/guj/CoI_c1bb7e39-ae70-41d5-874a-673a13b37ac5_guj_polish.json,eng,guj,eng,"[guj,eng]",eng,moderate,DialyNews,y,n,y,n
3f1fecf9-3a58-4a50-aa0a-8833e72a63c1,"One of the year's most memorable images is the Queen's delighted face as her horse, Sign Manual, won at Newbury just before her 87th birthday. A new housing development, 'Living At The Racecourse', is being built on the racecourse grounds, blending tradition with modern luxury homes. The development includes over 400 townhouses and apartments in its first phase, with prices ranging from £295,000 to £458,000. The racecourse, a historic venue in Berkshire, is being used for housing development for the first time.","વર્ષની સૌથી યાદગાર તસવીરોમાંની એક રાણીનો ખુશ ચહેરો છે, જ્યારે તેમના ઘોડા સાઇન મેન્યુઅલે ન્યૂબરી ખાતે 87મા જન્મદિવસ પહેલાં જીત મેળવી હતી. ન્યૂબરી રેસકોર્સ ખાતે 'લિવિંગ એટ ધ રેસકોર્સ' નામનો નવો આવાસ વિકાસ થઈ રહ્યો છે, જેમાં પરંપરા અને આધુનિક લક્ઝરી ઘરોનું મિશ્રણ છે. પ્રથમ તબક્કામાં 400થી વધુ ઘરો અને એપાર્ટમેન્ટ્સનો સમાવેશ થાય છે, જેની કિંમત £295,000 થી £458,000 છે.","Experience luxury living at Newbury Racecourse! 'Living At The Racecourse' offers 1,500 homes, from £295,000. #NewburyRacecourse #LuxuryHomes","ન્યૂબરી રેસકોર્સ ખાતે લક્ઝરી જીવનનો અનુભવ કરો! 'લિવિંગ એટ ધ રેસકોર્સ' 1,500 ઘરો ઓફર કરે છે, £295,000 થી શરૂ. #ન્યૂબરીરેસકોર્સ #લક્ઝરી_ઘરો",guj,eng_x,meta-llama_Llama-4-Maverick-17B-128E-Instruct-FP8,real_news,[1],/eng_x_r/meta-llama_Llama-4-Maverick-17B-128E-Instruct-FP8/guj/CoI_3f1fecf9-3a58-4a50-aa0a-8833e72a63c1_guj_polish.json,eng,guj,eng,"[guj,eng]",eng,moderate,DialyNews,y,n,y,n
92033296-3a62-4c8a-bbf1-2accf409c763,A 32-year-old 'communication arts' teacher at Joplin High School in Missouri has been arrested for allegedly having a personal relationship with a male student under 17 and sending explicit images to at least one student. Jessica Low was taken into custody at her workplace after the school district received a tip. The Southwest Missouri Cyber Crimes Unit found that Low had sent inappropriate images to several students. Joplin Schools Superintendent CJ Huff stated that he will seek to revoke Low's teaching certificate if the allegations are confirmed.,મિઝોરીમાં જોપ્લિન હાઈ સ્કૂલના 32 વર્ષીય 'કોમ્યુનિકેશન આર્ટ્સ' શિક્ષિકા જેસિકા લોવની ધરપકડ કરવામાં આવી છે. તેમના પર એક 17 વર્ષથી ઓછી ઉંમરના પુરુષ વિદ્યાર્થી સાથે વ્યક્તિગત સંબંધ હોવાનો અને વિદ્યાર્થીને સ્પષ્ટ છબીઓ મોકલવાનો આરોપ છે. શાળા જિલ્લાને ટીપ મળ્યા પછી જેસિકા લોવની કાર્યસ્થળે ધરપકડ કરવામાં આવી હતી. સાઉથવેસ્ટ મિઝોરિ સાયબર ક્રાઈમ યુનિટે પુષ્ટિ કરી કે લોવે અનેક વિદ્યાર્થીઓને અયોગ્ય છબીઓ મોકલી હતી. જોપ્લિન સ્કૂલ્સના સુપરિન્ટેન્ડેન્ટ સીજે હફ્ફે જણાવ્યું કે જો આ આરોપો સાચા સાબિત થાય તો તેઓ જેસિકા લોવનો શિક્ષણ પ્રમાણપત્ર રદ કરવાની માંગ કરશે.,"Breaking: 'Communication arts' teacher Jessica Low arrested for alleged inappropriate relationship with minor student & sending explicit images! 'It angers me, it frustrates me to no end,' says Joplin Schools Superintendent CJ Huff. #JusticeForVictims #TeachersAccountability","બ્રેકિંગ: 'કોમ્યુનિકેશન આર્ટ્સ' શિક્ષિકા જેસિકા લોવની ધરપકડ; નાના વિદ્યાર્થી સાથે અયોગ્ય સંબંધ અને સ્પષ્ટ છબીઓ મોકલવાનો આરોપ! 'આનાથી મને ગુસ્સો આવે છે, મને ખૂબ જ હતાશા થાય છે,' જોપ્લિન સ્કૂલ્સના સુપરિન્ટેન્ડેન્ટ સીજે હફ્ફે કહ્યું. #ન્યાયપીડિતો માટે #શિક્ષકોનીજવાબદારી",guj,eng_x,meta-llama_Llama-4-Maverick-17B-128E-Instruct-FP8,real_news,[2],/eng_x_r/meta-llama_Llama-4-Maverick-17B-128E-Instruct-FP8/guj/CoI_92033296-3a62-4c8a-bbf1-2accf409c763_guj_rewrite_light.json,eng,guj,eng,"[guj,eng]",,light,DialyNews,y,n,y,n
149c2587-dbca-4dde-9fa7-6fd8bcd9f614,"Stanley Johnson's memoir, 'STANLEY I RESUME: FURTHER RECOLLECTIONS OF AN EXUBERANT LIFE', published by Robson Press at £25, recounts his life experiences with humor and candor. The second volume begins with Johnson feeling down on his 40th birthday after being dumped by his American girlfriend, Bobby. He recalls helping Bobby resurface a tennis court, a feat he remembers with pride. Johnson's life is marked by various mishaps, such as losing his new neighbor's dogs on their first meeting. Despite his clumsiness, Johnson has a serious side, having served as an MEP and proposed important animal welfare legislation. Johnson's writing process for his novels was unorthodox, using a pocket Dictaphone in taxis and airport lounges. The memoir includes stories about his family life and children, as well as his unconventional parenting theories.","સ્ટેનલી જ્હોન્સનની આત્મકથા, 'STANLEY I RESUME: FURTHER RECOLLECTIONS OF AN EXUBERANT LIFE', રોબસન પ્રેસ દ્વારા £25 માં પ્રકાશિત, તેમના જીવનના અનુભવોને રમૂજ અને સ્પષ્ટતા સાથે વર્ણવે છે. બીજો ભાગ જ્હોન્સનના 40મા જન્મદિવસ પરની નિરાશાની લાગણી સાથે શરૂ થાય છે, જ્યારે તેમની અમેરિકન ગર્લફ્રેન્ડ બોબીએ તેમને છોડી દીધા હતા. તે બોબીને ટેનિસ કોર્ટનું રિસર્ફેસિંગ કરવામાં મદદ કરવાનું યાદ કરે છે, એક કાર્ય જેને તે ગર્વથી યાદ કરે છે. જ્હોન્સનનું જીવન વિવિધ મુશ્કેલીઓથી ભરેલું છે, જેમ કે તેમના નવા પાડોશીના કૂતરાઓને ખોવાઈ જવા. તેમની અણઘડતા હોવા છતાં, જ્હોન્સનને ગંભીર બાજુ છે, તેમણે MEP તરીકે સેવા આપી છે અને પ્રાણી કલ્યાણ કાયદાનો પ્રસ્તાવ મૂક્યો છે. જ્હોન્સનની નવલકથાઓ લખવાની પ્રક્રિયા અસામાન્ય હતી, તેમણે ટેક્સી અને એરપોર્ટ લાઉન્જમાં પોકેટ ડિક્ટાફોનનો ઉપયોગ કર્યો હતો. આત્મકથામાં તેમના કુટુંબ જીવન અને બાળકો વિશેની વાર્તાઓ તેમજ તેમના અપરંપરાગત વાલીપણાના સિદ્ધાંતોનો સમાવેશ થાય છે.","Discover 'STANLEY I RESUME', Stanley Johnson's hilarious and candid memoir filled with anecdotes and life lessons! #StanleyJohnson #Memoir #NewRelease","'STANLEY I RESUME' શોધો, સ્ટેનલી જ્હોન્સનની રમૂજી અને સ્પષ્ટ આત્મકથા જે અનુભવો અને જીવનના પાઠોથી ભરપૂર છે! #સ્ટેનલી_જ્હોન્સન #આત્મકથા #નવું_પ્રકાશન",guj,eng_x,meta-llama_Llama-4-Maverick-17B-128E-Instruct-FP8,real_news,[1],/eng_x_r/meta-llama_Llama-4-Maverick-17B-128E-Instruct-FP8/guj/CoI_149c2587-dbca-4dde-9fa7-6fd8bcd9f614_guj_polish.json,eng,"[guj,eng]",eng,"[guj,eng]",eng,moderate,DialyNews,y,n,y,n
30953542-0d2c-4948-86af-cd1bde9fb6b8,"Jeffrey Horne, a 43-year-old security guard at Good Hope Hospital in Sutton Coldfield, West Midlands, was sentenced to 15 months in prison for staging a bomb hoax. The incident on November 23, 2010, caused significant disruption, with almost 80 surgical operations cancelled and four premature births. Horne's actions were deemed a 'gross breach of trust' by Judge Sybil Thomas, who noted that he failed to alert authorities after the alarm was raised.","જેફ્રી હોર્ને, સટન કોલ્ડફિલ્ડની ગુડ હોપ હોસ્પિટલમાં સુરક્ષા રક્ષક તરીકે ફરજ બજાવતા હતા, તેમણે બોમ્બ હોક્સ ગોઠવ્યો હતો અને તેના માટે તેમને 15 મહિનાની સજા થઈ હતી. આ ઘટનાને કારણે મોટી સંખ્યામાં સર્જિકલ ઓપરેશન રદ કરવા પડ્યા હતા. જજ સિબિલ થોમસે હોર્નેની ક્રિયાઓની નિંદા કરી હતી.","Security guard jailed for 15 months over 'stupid and frightening' bomb hoax at Good Hope Hospital, costing NHS £218,000! #BombHoax #NHS #Justice",'ગુડ હોપ હોસ્પિટલમાં બોમ્બ હોક્સ ગોઠવનાર સુરક્ષા રક્ષકને 15 મહિનાની જેલ! #બોમ્બહોક્સ #NHS #ન્યાય',guj,eng_x,meta-llama_Llama-4-Maverick-17B-128E-Instruct-FP8,real_news,[2],/eng_x_r/meta-llama_Llama-4-Maverick-17B-128E-Instruct-FP8/guj/CoI_30953542-0d2c-4948-86af-cd1bde9fb6b8_guj_rewrite_moderate.json,eng,guj,eng,"[guj,eng]",eng,moderate,DialyNews,y,n,y,n
3d8a4c08-8407-474b-8ecc-ff8f701ba234,"Do you struggle in social situations or dislike changes in routine? Take the Autism-Spectrum Quotient quiz, designed by psychologist Simon Baron-Cohen and his colleagues at Cambridge's Autism Research Centre. The quiz contains 50 multiple-choice questions about your outlook on life, such as 'I prefer to do things with others rather than on my own' and 'I am fascinated by numbers'. Created for the Channel 4 show 'Embarrassing Bodies', it aims to help identify those possibly living with Autistic Spectrum Disorders. It's not diagnostic, but a score of 26 or higher may indicate autistic traits. Recent figures show 1 in 68 children in the U.S. and 1% of the UK population are diagnosed with ASD.","શું તમે સામાજિક પરિસ્થિતિઓમાં મુશ્કેલી અનુભવો છો અથવા રૂટિનમાં ફેરફાર નાપસંદ કરો છો? કેમ્બ્રિજના ઓટીઝમ રિસર્ચ સેન્ટરના મનોવિજ્ઞાની સિમોન બેરોન-કોહેન અને તેમની ટીમ દ્વારા તૈયાર કરાયેલ ઓટીઝમ-સ્પેક્ટ્રમ ક્વોશન્ટ ક્વિઝ લો. તેમાં તમારા જીવનશૈલી પરના વિચારો વિશે 50 પ્રશ્નો છે, જેમ કે 'હું એકલા કરતાં અન્ય લોકો સાથે વસ્તુઓ કરવાનું પસંદ કરું છું' અને 'હું સંખ્યાઓથી મોહિત છું'. ચેનલ 4 શો 'એમ્બરેસિંગ બોડીઝ' માટે બનાવાયેલ આ ક્વિઝ ઓટીસ્ટિક સ્પેક્ટ્રમ ડિસઓર્ડર ધરાવતા લોકોને ઓળખવામાં મદદ કરે છે. તે નિદાન નથી, પરંતુ 26 કે તેથી વધુનો સ્કોર ઓટીસ્ટીક લક્ષણો સૂચવી શકે છે. યુ.એસ.માં 68 બાળકોમાંથી 1 અને યુકેની વસ્તીના 1%ને એ.એસ.ડી. હોવાનું નિદાન થયું છે.","Discover if you have autistic traits! Take the Autism-Spectrum Quotient quiz, designed by experts at Cambridge. Not diagnostic, but scores above 26 may indicate ASD. #AutismAwareness #ASD",શું તમારામાં ઓટીસ્ટીક લક્ષણો છે? કેમ્બ્રિજના નિષ્ણાતો દ્વારા બનાવેલ ઓટીઝમ-સ્પેક્ટ્રમ ક્વોશન્ટ ક્વિઝ લો. 26થી વધુ સ્કોર એએસડી સૂચવી શકે છે. #ઓટીઝમજાગૃતિ #એએસડી,guj,eng_x,meta-llama_Llama-4-Maverick-17B-128E-Instruct-FP8,real_news,[1],/eng_x_r/meta-llama_Llama-4-Maverick-17B-128E-Instruct-FP8/guj/CoI_3d8a4c08-8407-474b-8ecc-ff8f701ba234_guj_polish.json,eng,"[guj,eng]",eng,"[guj,eng]",eng,moderate,DialyNews,y,n,y,n
b905cce6-a6b0-477f-bf32-6e5e724f842e,"The European Space Agency is pushing forward with plans to establish human colonies on the moon's far side. This initiative is a crucial step in humanity's deep space exploration. The ESA's video, 'Destination: Moon', outlines the agency's vision for a human presence on the lunar surface. The far side, with its hostile terrain, is the focus of the ESA's plans. Tidal locking causes the moon's near side to always face Earth, featuring distinct characteristics like the 'man on the moon'. The ESA plans to send robots and eventually humans to the moon's peaks that receive constant sunlight. The South Pole-Aitken basin, one of the solar system's largest impact craters, is a key area of interest. Water on the moon could be vital for future colonies, serving as a source of rocket fuel.","યુરોપિયન સ્પેસ એજન્સી ચંદ્રની દૂર બાજુએ માનવ વસાહતો સ્થાપિત કરવાની યોજનાઓ સાથે આગળ વધી રહી છે. આ પહેલ માનવતાના ઊંડા અવકાશ સંશોધનમાં નિર્ણાયક પગલું છે. એજન્સીની વિઝન 'ડેસ્ટિનેશન: ચંદ્ર' વિડિઓમાં દર્શાવવામાં આવી છે. ચંદ્રની દૂર બાજુ, તેના પ્રતિકૂળ ભૂપ્રદેશ સાથે, એસાની યોજનાઓનું કેન્દ્ર છે. ટાઈડલ લોકિંગને કારણે ચંદ્રની નજીકની સપાટી હંમેશા પૃથ્વી તરફ રહે છે, જેમાં 'ચંદ્ર પરના માણસ' જેવી અલગ વિશેષતાઓ છે. એસા ચંદ્રના શિખરો પર રોબોટ્સ અને આખરે માનવોને મોકલવાની યોજના ધરાવે છે જે સતત સૂર્યપ્રકાશ મેળવે છે. સૌથી મોટા અસરકારક ખાડાઓમાંનો એક, સાઉથ પોલ-એટકેન બેસિન, એક મુખ્ય રસનું ક્ષેત્ર છે. ચંદ્ર પર પાણી ભવિષ્યની વસાહતો માટે મહત્વપૂર્ણ બની શકે છે, રોકેટ ઇંધણના સ્ત્રોત તરીકે સેવા આપી શકે છે.",Discover the ESA's plans for human colonies on the moon's far side! 'Destination: Moon' outlines their vision for lunar exploration and potential resources like water for rocket fuel. #MoonColonies #SpaceExploration,ચંદ્રની દૂર બાજુએ માનવ વસાહતો માટે એસાની યોજનાઓ જાણો! 'ડેસ્ટિનેશન: ચંદ્ર' તેમની લ્યુનર એક્સપ્લોરેશન અને રોકેટ ઇંધન માટે પાણી જેવા સંસાધનોની સંભાવના દર્શાવે છે. #ચંદ્રવસાહતો #અવકાશસંશોધન,guj,eng_x,meta-llama_Llama-4-Maverick-17B-128E-Instruct-FP8,real_news,[2],/eng_x_r/meta-llama_Llama-4-Maverick-17B-128E-Instruct-FP8/guj/CoI_b905cce6-a6b0-477f-bf32-6e5e724f842e_guj_rewrite_complete.json,eng,guj,eng,"[guj,eng]",eng,complete,DialyNews,n,y,y,n
4611a453-3e4c-4a5f-a3d8-ce1ec7a19864,"Manchester United's hopes of signing Arturo Vidal have been dashed after Juventus' new manager, Massimiliano Allegri, confirmed the Chile forward will stay in Italy. Allegri revealed he has held discussions with the 27-year-old, and Vidal has pledged his future to Juventus. United had been chasing Vidal all summer but will now look elsewhere. Vidal recently posted a picture on Twitter with Juventus team-mates Andrea Pirlo, Martin Caeceres, and Marco Storari, indicating the team's readiness for the new season. Vidal played a key role in Chile's World Cup campaign, helping them reach the last 16 where they lost to hosts Brazil.","'આર્ટુરો વિડાલને સહી કરવાની માન્ચેસ્ટર યુનાઇટેડની આશાઓ તૂટી ગઈ છે કારણ કે જુવેન્ટસના નવા મેનેજર મેસ્સિમિલિયાનો એલેગ્રીએ પુષ્ટિ કરી છે કે ચિલીના ફોરવર્ડ ખેલાડી વિડાલ ઇટલીમાં રહેશે. એલેગ્રીએ ખુલાસો કર્યો છે કે તેમણે 27 વર્ષીય વિડાલ સાથે ચર્ચા કરી છે અને વિડાલે જુવેન્ટસમાં પોતાનું ભવિષ્ય નક્કી કર્યું છે. યુનાઇટેડ સમગ્ર ઉનાળામાં વિડાલને શોધી રહ્યું હતું પરંતુ હવે તેઓ અન્યત્ર જોશે. વિડાલે તાજેતરમાં ટ્વિટર પર જુવેન્ટસના સાથીઓ સાથેની તસવીર પોસ્ટ કરી હતી, જે ટીમની નવી સીઝન માટેની તૈયારી દર્શાવે છે. વિડાલે ચિલીની વર્લ્ડ કપની સફરમાં મહત્વની ભૂમિકા ભજવી હતી.",'Manchester United's Arturo Vidal transfer hopes dashed! Juventus boss Massimiliano Allegri confirms Vidal will stay. #MUFC #Juventus #TransferNews','માન્ચેસ્ટર યુનાઇટેડની આર્ટુરો વિડાલ ટ્રાન્સફર આશાઓ તૂટી! જુવેન્ટસ બોસ મેસ્સિમિલિયાનો એલેગ્રીએ વિડાલના રહેવાની પુષ્ટિ કરી. #MUFC #Juventus #TransferNews',guj,eng_x,meta-llama_Llama-4-Maverick-17B-128E-Instruct-FP8,real_news,[1],/eng_x_r/meta-llama_Llama-4-Maverick-17B-128E-Instruct-FP8/guj/CoI_4611a453-3e4c-4a5f-a3d8-ce1ec7a19864_guj_polish.json,eng,guj,"[eng,ita]","[guj,eng]",eng,moderate,DialyNews,y,n,y,n
fbca76f4-1d87-4ea8-b40b-0d3c68b79774,"Australian rugby player Adam Ashley-Cooper has agreed to a two-year contract with French club Bordeaux-Begles. The 30-year-old will join the club after participating in the World Cup next year. With 104 caps for Australia, Ashley-Cooper is anticipated to be a crucial player in the upcoming World Cup, where Australia will face England and Wales in the pool stage. 'I'm thankful for my time in Australia and appreciate the support from the ARU and Waratahs,' Ashley-Cooper said. 'Their backing has enabled me to embark on this new chapter in my career.'","ઓસ્ટ્રેલિયન રગ્બી ખેલાડી એડમ એશલે-કૂપરે ફ્રેન્ચ ક્લબ બોર્ડો-બેગલેસ સાથે બે વર્ષના કરાર પર હસ્તાક્ષર કર્યા છે. 30 વર્ષીય એશલે-કૂપર આવતા વર્ષે વર્લ્ડ કપ પછી ક્લબમાં જોડાશે. ઓસ્ટ્રેલિયા માટે 104 કેપ્સ સાથે, એશલે-કૂપર આગામી વર્લ્ડ કપમાં મહત્વપૂર્ણ ખેલાડી બનશે, જ્યાં ઓસ્ટ્રેલિયા પૂલ તબક્કામાં ઇંગ્લેન્ડ અને વેલ્સનો સામનો કરશે. 'હું ઓસ્ટ્રેલિયામાં મારા સમય માટે આભારી છું અને ARU અને વરાટાહ્સના સમર્થનની પ્રશંસા કરું છું,' એશલે-કૂપરે કહ્યું. 'તેમના સમર્થને મને મારી કારકિર્દીના નવા પ્રકરણને શરૂ કરવા સક્ષમ બનાવ્યો છે.'",Exciting news! Australian rugby star Adam Ashley-Cooper is joining French club Bordeaux-Begles on a 2-year deal after the World Cup! #Rugby #BordeauxBegles #AdamAshleyCooper,'રોમાંચક સમાચાર! ઓસ્ટ્રેલિયન રગ્બી સ્ટાર એડમ એશલે-કૂપર વર્લ્ડ કપ પછી ફ્રેન્ચ ક્લબ બોર્ડો-બેગલેસમાં 2 વર્ષના કરાર પર જોડાઈ રહ્યા છે! #રગ્બી #બોર્ડોબેગલેસ #એડમએશલેકૂપર',guj,eng_x,meta-llama_Llama-4-Maverick-17B-128E-Instruct-FP8,real_news,[2],/eng_x_r/meta-llama_Llama-4-Maverick-17B-128E-Instruct-FP8/guj/CoI_fbca76f4-1d87-4ea8-b40b-0d3c68b79774_guj_rewrite_complete.json,eng,guj,eng,guj,eng,complete,DialyNews,n,y,y,n
569b93b9-ae3d-4ef8-b342-19dc0811b9d3,"Jamie Carragher has slammed Manchester United for not bringing in a top defender during the summer transfer window, despite being the biggest spenders in the Premier League. Carragher believes that Manchester United's failure to sign a top-class defender is a result of mismanagement.","જેમી કાર્રાઘરે મેનચેસ્ટર યુનાઇટેડની ટીકા કરી છે કે તેમણે ઉનાળાની ટ્રાન્સફર વિન્ડોમાં ટોચના ડિફેન્ડરને લાવવામાં નિષ્ફળતા મેળવી છે, જોકે તેઓ પ્રીમિયર લીગમાં સૌથી મોટા ખર્ચ કરનારા હતા. કાર્રાઘર માને છે કે મેનચેસ્ટર યુનાઇટેડનું ટોચના કક્ષાના ડિફેન્ડરને સહી ન કરવું એ ખરાબ વ્યવસ્થાપન છે.",Jamie Carragher slams Manchester United for failing to sign a top defender! 'It's mismanagement at the end of the day' #MUFC #TransferWindow,જેમી કાર્રાઘરે મેનચેસ્ટર યુનાઇટેડની ટીકા કરી છે કે તેમણે ટોચના ડિફેન્ડરને સહી ન કરી એ ખરાબ વ્યવસ્થાપન છે! #MUFC #ટ્રાન્સફરવિન્ડો,guj,eng_x,meta-llama_Llama-4-Maverick-17B-128E-Instruct-FP8,real_news,[1],/eng_x_r/meta-llama_Llama-4-Maverick-17B-128E-Instruct-FP8/guj/CoI_569b93b9-ae3d-4ef8-b342-19dc0811b9d3_guj_polish.json,eng,guj,eng,"[guj,eng]",eng,moderate,DialyNews,y,n,y,n
84cb9c29-7133-41ee-a8d6-799d7e8e1dd1,"At least eight people, including one suicide bomber, were killed and dozens wounded in three bomb blasts in central and northern Nigeria on Thursday. The first two bombings targeted newspaper offices, according to the country's president. The third blast occurred in Kaduna, but details on casualties or damage are not available. In Kaduna, a man drove a vehicle into a building housing three national newspapers: 'ThisDay', 'The Moment', and 'The Sun'. The bomb didn't explode on impact, and bystanders attempted to remove the suspected bomber from the car. The suspect then threw a bomb, killing four and wounding 19. In Abuja, a suicide bomber detonated a bomb, killing four, including himself. Nigerian President Goodluck Jonathan condemned the attacks, calling them 'ignoble, misguided, horrendous, and wicked'.","ઓછામાં ઓછા આઠ લોકો, જેમાં એક આત્મઘાતી બોમ્બર સહિત, મધ્ય અને ઉત્તર નાઇજિરિયામાં ગુરુવારે ત્રણ બોમ્બ ધડાકામાં માર્યા ગયા. પ્રથમ બે બોમ્બ ધડાકાનું લક્ષ્ય અખબાર કચેરીઓ હતી, દેશના પ્રમુખે જણાવ્યું. ત્રીજો વિસ્ફોટ કડુનામાં થયો, પરંતુ જાનહાનિ અથવા નુકસાનની વિગતો ઉપલબ્ધ નથી. કડુનામાં, એક વ્યક્તિએ ત્રણ રાષ્ટ્રીય અખબારો: 'ThisDay', 'The Moment', અને 'The Sun' ધરાવતી ઇમારતમાં વાહન ચલાવ્યું. બોમ્બ અસર પર વિસ્ફોટ ન થયો, અને લોકોએ શંકાસ્પદ બોમ્બરને કારમાંથી દૂર કરવાનો પ્રયાસ કર્યો. શંકાસ્પદે પછી બોમ્બ ફેંક્યો, જેમાં ચાર લોકો માર્યા ગયા અને 19 ઘાયલ થયા. અબુજામાં, એક આત્મઘાતી બોમ્બરે બોમ્બ વિસ્ફોટ કર્યો, જેમાં ચાર લોકો માર્યા ગયા, જેમાં તે પોતે પણ સામેલ છે. નાઇજિરિયાના પ્રમુખ ગુડલક જોનાથને હુમલાઓની નિંદા કરી, તેમને 'અન્યાયી, ખોટા, ભયાનક, અને દુષ્ટ' કહ્યા.","Breaking: At least 8 killed in 3 bomb blasts in Nigeria's Kaduna and Abuja. Newspaper offices targeted. President Goodluck Jonathan condemns 'ignoble, misguided, horrendous, and wicked' attacks. #NigeriaBlasts #Kaduna #Abuja","વિરામ: નાઇજિરિયાના કડુના અને અબુજામાં 3 બોમ્બ ધડાકામાં ઓછામાં ઓછા 8 લોકો માર્યા ગયા. અખબાર કચેરીઓને નિશાન બનાવવામાં આવી. પ્રમુખ ગુડલક જોનાથને 'અન્યાયી, ખોટા, ભયાનક, અને દુષ્ટ' હુમલાઓની નિંદા કરી. #NigeriaBlasts #Kaduna #Abuja",guj,eng_x,meta-llama_Llama-4-Maverick-17B-128E-Instruct-FP8,real_news,[1],/eng_x_r/meta-llama_Llama-4-Maverick-17B-128E-Instruct-FP8/guj/CoI_84cb9c29-7133-41ee-a8d6-799d7e8e1dd1_guj_polish.json,eng,"[guj,eng]",,"[guj,eng]",eng,moderate,DialyNews,y,n,y,n
3d0d8f89-4576-477a-93e7-bb19bbbdc2f5,"A tiny former earthquake shelter in San Francisco's Telegraph Hill has sold for $765,000. The 330-square-foot shack was built by the US Army Corps of Engineers in 1906 to house earthquake victims. San Francisco's housing market is under significant pressure, with a median home price of $979,000.","સાન ફ્રાન્સિસ્કોમાં ટેલિગ્રાફ હિલ પરનું એક નાનું ભૂકંપ આશ્રય ઘર $765,000માં વેચાયું. આ 330 ચોરસ ફૂટનું ઝૂંપડું 1906માં યુએસ આર્મી કોર્પ્સ ઓફ એન્જિનિયર્સ દ્વારા બનાવવામાં આવ્યું હતું. સાન ફ્રાન્સિસ્કોનો હાઉસિંગ માર્કેટ ખૂબ જ સક્રિય છે અને મધ્યમ ઘરની કિંમત $979,000 છે.","Discover San Francisco's hidden gems! A 330 sq ft earthquake shelter built in 1906 just sold for $765,000! #SanFranciscoRealEstate #HousingMarket","સાન ફ્રાન્સિસ્કોના છુપાયેલા રત્નોને શોધો! 1906માં બનેલું 330 ચોરસ ફૂટનું ભૂકંપ આશ્રય ઘર $765,000માં વેચાયું! #સાનફ્રાન્સિસ્કોરિયલએસ્ટેટ #હાઉસિંગમાર્કેટ",guj,eng_x,meta-llama_Llama-4-Maverick-17B-128E-Instruct-FP8,real_news,[2],/eng_x_r/meta-llama_Llama-4-Maverick-17B-128E-Instruct-FP8/guj/CoI_3d0d8f89-4576-477a-93e7-bb19bbbdc2f5_guj_rewrite_light.json,eng,guj,eng,"[guj,eng]",eng,light,DialyNews,y,n,y,n
3f821363-b706-4f1f-ad28-67948876ca11,"Air Canada has warned its pilots to refrain from bringing 'inappropriate material' into the cockpit, with potential penalties including termination and criminal charges. The warning was issued after obscene material was found while a Transport Canada official was in the cockpit. Rod Graham, Air Canada's chief pilot, emphasized that the issue is primarily confined to the Embraer fleet. Air Canada maintains a strict zero-tolerance policy against harassment and has provided additional training to its pilots.",'એર કેનેડાએ પાઇલોટને કોકપિટમાં ખોટી સામગ્રી લાવવા પર ચેતવણી આપી છે અને કહ્યું છે કે આવું કરવાથી નોકરી સમાપ્ત થઈ શકે છે અને ફોજદારી કેસ થઈ શકે છે. ટ્રાન્સપોર્ટ કેનેડાના અધિકારીની હાજરીમાં અશ્લીલ સામગ્રી મળી આવ્યા બાદ ચેતવણી જારી કરવામાં આવી. એર કેનેડાના મુખ્ય પાઇલોટ રોડ ગ્રેહામે કહ્યું કે આ સમસ્યા મુખ્યત્વે એમ્બ્રેઅર વિમાનોમાં જોવા મળી છે. એર કેનેડા હેરાનગતિ સામે સખત નીતિ ધરાવે છે અને પાઇલોટને ખાસ તાલીમ આપી છે.,Breaking: Air Canada warns pilots to stop bringing 'inappropriate material' into the cockpit or face termination & criminal charges! #AirCanada #CockpitConduct,'એર કેનેડા ચેતવણી: પાઇલોટને કોકપિટમાં ખોટી સામગ્રી લાવવા પર નોકરી સમાપ્ત અને ફોજદારી કેસની ચેતવણી! #AirCanada #CockpitConduct',guj,eng_x,meta-llama_Llama-4-Maverick-17B-128E-Instruct-FP8,real_news,[1],/eng_x_r/meta-llama_Llama-4-Maverick-17B-128E-Instruct-FP8/guj/CoI_3f821363-b706-4f1f-ad28-67948876ca11_guj_polish.json,eng,guj,eng,"[guj,eng]",eng,moderate,DialyNews,y,n,y,n
197fe1ec-1b0a-4584-94b0-1978c5d630c2,"Police have launched a national manhunt for Adrian Navarro-Canales, who they claim stabbed his mother, Elvira Canales-Gomez, and younger brother, Cesar Navarro, to death. The bodies were discovered in the bathroom of their Henderson apartment on Friday, three days after detectives believe they were killed. Adrian Navarro-Canales celebrated his 16th birthday with his family just a day before the alleged killings.","પોલીસે એડ્રિયન નાવારો-કેનાલ્સની રાષ્ટ્રીય શોધખોળ શરૂ કરી છે, જેના પર તેમની માતા અને નાના ભાઈની હત્યા કરવાનો આરોપ છે. શુક્રવારે તેમના હેન્ડરસન એપાર્ટમેન્ટના બાથરૂમમાં મૃતદેહો મળી આવ્યા હતા. એડ્રિયન નાવારો-કેનાલ્સે તેમના પરિવાર સાથે 16મો જન્મદિવસ ઉજવ્યો હતો.",Breaking: 16-year-old Adrian Navarro-Canales wanted for allegedly killing his mother & brother in Las Vegas. #LasVegas #Crime #Manhunt,"'લાસ વેગાસમાં 16 વર્ષના એડ્રિયન નાવારો-કેનાલ્સની શોધખોળ, માતા અને ભાઈની હત્યાનો આરોપ. #લાસવેગાસ #ક્રાઈમ #શોધખોળ'",guj,eng_x,meta-llama_Llama-4-Maverick-17B-128E-Instruct-FP8,real_news,[1],/eng_x_r/meta-llama_Llama-4-Maverick-17B-128E-Instruct-FP8/guj/CoI_197fe1ec-1b0a-4584-94b0-1978c5d630c2_guj_polish.json,eng,guj,eng,guj,,moderate,DialyNews,y,n,y,n
d143e340-350c-4343-96af-2c6f086fa6cb,"The top US military officer, Adm. Michael Mullen, told Congress that the Haqqani network, a Pakistan-based terrorist group, acts as a 'veritable arm' of Pakistan's Inter-Services Intelligence agency. US Secretary of Defense Leon Panetta stated that despite Afghan National Security Forces being 'increasingly strong and capable', recent insurgent attacks represent a shift in Taliban strategy. The attacks, including the attempt to strike NATO headquarters and the US Embassy in Kabul, have raised concerns about Afghan security forces' ability to maintain control.","અમેરિકાના ટોચના સૈન્ય અધિકારી, એડમીરલ માઈકલ મુલેનએ કોંગ્રેસને કહ્યું કે પાકિસ્તાન સ્થિત હક્કાની નેટવર્ક પાકિસ્તાનની ગુપ્તચર એજન્સીનો એક ભાગ છે. અમેરિકાના સંરક્ષણ સચિવ લિયોન પેનેટ્ટાએ કહ્યું કે અફઘાન રાષ્ટ્રીય સુરક્ષા દળો વધુ મજબૂત અને સક્ષમ બનતા જઈ રહ્યા છે, તાજેતરના બળવાખોર હુમલાઓ તાલિબાનની વ્યૂહરચનામાં ફેરફાર દર્શાવે છે.","US officials accuse Pakistan of supporting terrorist groups like Haqqani network, amid concerns over Afghanistan security #Afghanistan #Pakistan #Terrorism",અફઘાનિસ્તાનની સુરક્ષા પર ચિંતા વ્યક્ત કરતાં અમેરિકન અધિકારીઓએ પાકિસ્તાન પર હક્કાની નેટવર્ક જેવા આતંકવાદી જૂથોને ટેકો આપવાનો આરોપ મૂક્યો #અફઘાનિસ્તાન #પાકિસ્તાન #આતંકવાદ,guj,eng_x,meta-llama_Llama-4-Maverick-17B-128E-Instruct-FP8,real_news,[1],/eng_x_r/meta-llama_Llama-4-Maverick-17B-128E-Instruct-FP8/guj/CoI_d143e340-350c-4343-96af-2c6f086fa6cb_guj_polish.json,eng,guj,eng,guj,eng,moderate,DialyNews,y,n,y,n
173aa688-b43b-4cf6-93a4-158c1e8ba0c5,"The latest rumours about the 'iPhone 6' may be the clearest evidence yet that Apple is working on a super-thin device. According to 'Digitimes', the 'iPhone 6's' battery is expected to be 2mm thick. Component makers are reportedly reducing the thickness of panels and chassis for the upcoming handset.","'આઈફોન 6' વિશેના તાજેતરના અહેવાલો સૂચવે છે કે એપલ ખૂબ જ પાતળી ડિવાઇસ વિકસાવી રહ્યું છે. 'ડિજિટાઇમ્સ'ના અહેવાલ મુજબ, 'આઈફોન 6'ની બેટરી માત્ર 2mm જાડાઈની હશે. ભાગોના ઉત્પાદકો આવનારા ફોન માટે પેનલ્સ અને ચેસિસને પાતળા બનાવી રહ્યા છે.",Discover the future of smartphones! Rumours suggest Apple's 'iPhone 6' will be super-thin with a 2mm battery. Stay tuned! #iPhone6 #Apple #TechNews,'સ્માર્ટફોનનું ભવિષ્ય જાણો! અફવાઓ અનુસાર એપલનું 'આઈફોન 6' 2mm બેટરી સાથે સુપર-પાતળું હશે. નજર રાખો! #આઈફોન6 #એપલ #ટેકન્યૂઝ',guj,eng_x,meta-llama_Llama-4-Maverick-17B-128E-Instruct-FP8,real_news,[0],/eng_x_r/meta-llama_Llama-4-Maverick-17B-128E-Instruct-FP8/guj/CoI_173aa688-b43b-4cf6-93a4-158c1e8ba0c5_guj_edit.json,eng,guj,eng,"[guj,eng]",eng,light,DialyNews,y,n,y,n
db58052c-c6bf-4006-aa02-098dce041b9b,Louis van Gaal poked fun at Manchester United's Twitter feed for reporting Daley Blind's injury duration incorrectly. Van Gaal confirmed Blind will return in 'a couple of weeks'. Radamel Falcao and Marcos Rojo are set to return for the match against Hull City.,લુઈસ વાન ગાલે મેનચેસ્ટર યુનાઇટેડના ટ્વિટર ફીડની મજાક ઉડાવી છે ડેલી બ્લાઇન્ડની ઈજા અંગેની ખોટી જાણકારી બદલ. બ્લાઇન્ડ 'થોડા અઠવાડિયામાં' પાછો આવશે એવું વાન ગાલે પુષ્ટિ કરી.,Louis van Gaal jokes about Manchester United's Twitter blunder on Daley Blind's injury! 'He'll be back in a couple of weeks' #MUFC #InjuryUpdate,લુઈસ વાન ગાલે ડેલી બ્લાઇન્ડની ઈજા અંગે મેનચેસ્ટર યુનાઇટેડના ટ્વિટરની ભૂલ પર મજાક કરી! 'તે થોડા અઠવાડિયામાં પાછો આવશે' #MUFC #InjuryUpdate,guj,eng_x,meta-llama_Llama-4-Maverick-17B-128E-Instruct-FP8,real_news,[0],/eng_x_r/meta-llama_Llama-4-Maverick-17B-128E-Instruct-FP8/guj/CoI_db58052c-c6bf-4006-aa02-098dce041b9b_guj_edit.json,eng,guj,eng,"[guj,eng]",eng,light,DialyNews,y,n,y,n
6adc2844-1995-4adb-b271-26721ead531e,"Britain's largest caviar supplier, King's Fine Foods, is under investigation after a DNA test revealed that one of its products was mislabeled as 'sevruga' caviar. The product actually contained roe from a cheaper breed of sturgeon, 'acipenser ruthenus'. King's Fine Foods supplied the mislabeled caviar to high-end retailers Harrods and Fortnum & Mason. The company has removed the product and is conducting DNA testing on all its caviar products to ensure their quality and accuracy.","બ્રિટનના સૌથી મોટા કેવિયર સપ્લાયર, કિંગ્સ ફાઇન ફૂડ્સની તપાસ કરવામાં આવી રહી છે કારણ કે એક ઉત્પાદનને ખોટી રીતે 'સેવરુગા' કેવિયર તરીકે લેબલ કરવામાં આવ્યું હતું. આ ઉત્પાદનમાં વાસ્તવમાં સસ્તી જાતના સ્ટર્જન 'એસિપેન્સર રુથેનસ'ના રો હતા. કિંગ્સ ફાઇન ફૂડ્સે આ ખોટી રીતે લેબલ કરેલા કેવિયરને હાઇ-એન્ડ રિટેલર્સ હેરોડ્સ અને ફોર્ટનમ એન્ડ મેસનને પૂરા પાડ્યા હતા. કંપનીએ આ ઉત્પાદનને દૂર કર્યું છે અને તેના તમામ કેવિયર ઉત્પાદનો પર ડીએનએ પરીક્ષણ કરી રહી છે.","Britain's largest caviar supplier, King's Fine Foods, is under investigation for mislabeling 'sevruga' caviar. #CaviarScandal #FoodSafety","'બ્રિટનનો સૌથી મોટો કેવિયર સપ્લાયર, કિંગ્સ ફાઇન ફૂડ્સ, 'સેવરુગા' કેવિયરને ખોટી રીતે લેબલ કરવા બદલ તપાસ હેઠળ છે. #કેવિયરકંડ #ખાદ્યસલામતી'",guj,eng_x,meta-llama_Llama-4-Maverick-17B-128E-Instruct-FP8,real_news,[0],/eng_x_r/meta-llama_Llama-4-Maverick-17B-128E-Instruct-FP8/guj/CoI_6adc2844-1995-4adb-b271-26721ead531e_guj_edit.json,eng,guj,eng,"[guj,eng]",eng,light,DialyNews,y,n,y,n
985a8425-be11-457a-9f4d-d5505cf80160,"Britain's most reviled female criminals are reportedly living in the same seaside town. Tracey Connelly, Maxine Carr, and Karen Matthews are said to have homes close to each other in the resort town. Although their exact location can't be named due to legal restrictions, sightings have sparked comments on social media.","બ્રિટનની સૌથી વધુ નફરત કરવામાં આવતી મહિલા ગુનેગારો એક જ સમુદ્રતટ નગરમાં રહે છે. 'બેબી પી'ની માતા ટ્રેસી કોનેલી, ઇયાન હંટલેની ભૂતપૂર્વ ગર્લફ્રેન્ડ મેક્સિન કાર અને કેરન મેથ્યુસ નજીકમાં રહે છે. કાયદાકીય પ્રતિબંધોને કારણે તેમનું સ્થાન જાહેર નથી.","Britain's most reviled female criminals, including 'Baby P's mother Tracey Connelly, Ian Huntley's ex-girlfriend Maxine Carr, and kidnapper Karen Matthews, are reportedly living in the same seaside town! #Britain #Crime #SeasideTown","'બેબી પી'ની માતા ટ્રેસી કોનેલી, ઇયાન હંટલેની ભૂતપૂર્વ ગર્લફ્રેન્ડ મેક્સિન કાર અને અપહરણકર્તા કેરન મેથ્યુસ એક જ સમુદ્રતટ નગરમાં રહે છે! #બ્રિટન #ગુનો #સમુદ્રતટનગર",guj,eng_x,meta-llama_Llama-4-Maverick-17B-128E-Instruct-FP8,real_news,[0],/eng_x_r/meta-llama_Llama-4-Maverick-17B-128E-Instruct-FP8/guj/CoI_985a8425-be11-457a-9f4d-d5505cf80160_guj_edit.json,eng,guj,eng,"[guj,eng]",eng,light,DialyNews,y,n,y,n
4fd45695-f6c8-4f43-903a-57c839fc0e75,"Britain's society is improving, with 250,000 more children living with both parents than in 2010, said Iain Duncan Smith. The Work and Pensions Secretary highlighted other positive changes, including 160,000 people supported to keep troubled families together.","'બ્રિટનનું સમાજ સુધરી રહ્યું છે', ઇયાન ડંકન સ્મિથે કહ્યું. 2010 પછી 2 લાખ 50 હજાર વધુ બાળકો બંને માતાપિતા સાથે રહે છે.","Britain's society is on the mend! 250,000 more kids living with both parents since 2010. #SocialJustice #PositiveChange",'બ્રિટનનું સમાજ સુધરી રહ્યું છે! 2010 પછી 2 લાખ 50 હજાર વધુ બાળકો બંને માતાપિતા સાથે રહે છે. #સામાજિકન્યાય #સકારાત્મકબદલાવ',guj,eng_x,meta-llama_Llama-4-Maverick-17B-128E-Instruct-FP8,real_news,[0],/eng_x_r/meta-llama_Llama-4-Maverick-17B-128E-Instruct-FP8/guj/CoI_4fd45695-f6c8-4f43-903a-57c839fc0e75_guj_edit.json,eng,"[guj,eng]",eng,guj,eng,light,DialyNews,y,n,y,n
f28486a5-8f60-4b2f-bece-e9c166c9e694,"'The trend of university students living with their parents is on the rise, with one in four now opting to stay at home.', 'Over the last decade, there has been a 50% increase in undergraduates choosing to live with their parents.', 'Rising living costs and a significant hike in tuition fees are the primary drivers behind this shift.', 'The total cost of being a student can be substantial, often surpassing £22,000 when including tuition, living expenses, and other costs.', 'The National Union of Students reports that accommodation costs have doubled in the last decade, further exacerbating the financial strain on students.'","'યુનિવર્સિટી વિદ્યાર્થીઓ ઘરે રહેવાનું પસંદ કરે છે, તે ટ્રેન્ડ વધી રહ્યો છે.', 'છેલ્લા 10 વર્ષમાં 50% વધારો થયો છે.', 'જીવનનિર્વાહ અને ટ્યુશન ફીના ખર્ચને કારણે આ થઈ રહ્યું છે.', 'વિદ્યાર્થી બનવાનો કુલ ખર્ચ £22,000થી વધુ હોઈ શકે.', 'નેશનલ યુનિયન ઓફ સ્ટુડન્ટ્સ કહે છે કે રહેઠાણનો ખર્ચ બમણો થયો છે.'",'Rising living costs force 1 in 4 students to live with parents! #StudentLife #UniversityCosts','જીવનનિર્વાહના વધતા ખર્ચને કારણે 1 માંથી 1 વિદ્યાર્થી માતાપિતા સાથે રહે છે! #વિદ્યાર્થી_જીવન #યુનિવર્સિટી_ખર્ચ',guj,eng_x,meta-llama_Llama-4-Maverick-17B-128E-Instruct-FP8,real_news,[2],/eng_x_r/meta-llama_Llama-4-Maverick-17B-128E-Instruct-FP8/guj/CoI_f28486a5-8f60-4b2f-bece-e9c166c9e694_guj_rewrite_complete.json,eng,guj,eng,guj,eng,complete,DialyNews,n,y,y,n
c1889166-ec86-4eda-af00-ccf41411d54e,"It was another trademark celebration we've seen quite often this season. At the final whistle, if Ipswich had claimed the three points, their captain Luke Chambers lingered on the pitch. The fans also lingered, knowing what's coming. When all his teammates had drifted off towards the tunnel, Chambers ran towards the stands and gave a victory shout and a fist pump. The crowd responded with a guttural roar of their own. On Saturday at Portman Road, Chambers did the celebratory fist pump no less than six times. It was, by popular Twitter consensus, the most passionate one yet. 'We are going up,' chorused the home faithful as Chambers finally made his way off. Ipswich look better equipped to mount a promotion challenge than in any of the last dozen campaigns since they dropped out of the Premier League.","આ સીઝનમાં અમે ઘણીવાર જોઈ છે તે અન્ય ટ્રેડમાર્ક ઉજવણી હતી. અંતિમ સીટી વાગે, જો ઇપ્સવિચ ત્રણ પોઇન્ટ્સ મેળવ્યા હોય, તો તેમના કપ્તાન લ્યુક ચેમ્બર્સ પિચ પર ઊભા રહ્યા. ચાહકો પણ ઊભા રહ્યા, આગળ શું આવવાનું છે તે જાણીને. જ્યારે તેના બધા સાથીઓ ટનલ તરફ વળ્યા, ચેમ્બર્સ સ્ટેન્ડ તરફ દોડ્યા અને વિજયનો નારો અને મુઠ્ઠી ઉઠાવી. ભીડે પોતાના અવાજે ગર્જના કરી. પોર્ટમેન રોડ પર શનિવારે, ચેમ્બર્સે ઉજવણી કરી. 'અમે ઉપર જઈ રહ્યા છીએ,' ઘરેલુ શ્રદ્ધાળુઓએ ચેમ્બર્સને આખરે રસ્તો બનાવ્યો ત્યારે ગાયું. પ્રીમિયર લીગમાંથી બહાર નીકળ્યા પછી ઇપ્સવિચ વધુ સારા સાધનો સાથે દેખાય છે.",Ipswich Town's Luke Chambers celebrates victory over Middlesbrough with a trademark fist pump! 'We are going up!' chant the fans #IpswichTown #Championship,ઇપ્સવિચ ટાઉનના લ્યુક ચેમ્બર્સ મિડલસબ્રો પર વિજયની ઉજવણી મુઠ્ઠી ઉઠાવીને કરે છે! 'અમે ઉપર જઈ રહ્યા છીએ!' ચાહકો ગાય છે #IpswichTown #Championship,guj,eng_x,meta-llama_Llama-4-Maverick-17B-128E-Instruct-FP8,real_news,[0],/eng_x_r/meta-llama_Llama-4-Maverick-17B-128E-Instruct-FP8/guj/CoI_c1889166-ec86-4eda-af00-ccf41411d54e_guj_edit.json,eng,guj,eng,"[guj,eng]",eng,light,DialyNews,y,n,y,n
d10c86c9-6c4f-4646-9dfc-638a1fcbf8b5,"Convicted child sex offender Warren Jeffs walked out of his sentencing hearing in protest today. Jeffs, 55, was convicted of sexual assault against two underage church members, aged 12 and 15.",દોષિત બાળ સેક્સ અપરાધી વોરેન જેફ્સે સજા સંભળાવવાના સુનાવણીમાંથી વિરોધમાં નીકળી ગયા. જેફ્સને બે નાબાલિક ચર્ચ સભ્યોની સામે જાતીય હુમલાના ગુનામાં દોષિત ઠેરવવામાં આવ્યા.,Breaking: Convicted child sex offender Warren Jeffs sparks outrage with courtroom protest! 'Whirlwind of judgement' warning #WarrenJeffs #ChildAbuse,'વોરેન જેફ્સની સજા સંભળાવવાના સુનાવણીમાં વિરોધ! 'ન્યાયનો વાવાઝોડું' ચેતવણી #વોરેનજેફ્સ #બાળદુર્વ્યવહાર',guj,eng_x,meta-llama_Llama-4-Maverick-17B-128E-Instruct-FP8,real_news,[0],/eng_x_r/meta-llama_Llama-4-Maverick-17B-128E-Instruct-FP8/guj/CoI_d10c86c9-6c4f-4646-9dfc-638a1fcbf8b5_guj_edit.json,eng,guj,eng,guj,eng,light,DialyNews,y,n,y,n
f3770816-7a0e-4b22-85eb-d6ebba6ce4e4,"On '23 January 2012', parts of Britain experienced winds of up to '85mph', with lifeboat crews rescuing 11 teenagers from 11 dinghies off Sunderland harbour. The teenagers were undertaking a training session with Sunderland Yacht Club when they encountered difficulties. Sunderland RNLI Lifeboat Station successfully assisted the teenagers with the help of Coastguard rescue team.","'23 જાન્યુઆરી 2012'ના રોજ, બ્રિટનના ભાગોમાં '85mph'ની ઝડપે પવન ફૂંકાયો, સન્ડરલેન્ડ હાર્બર પાસે 11 ડિંગીઓમાંથી 11 કિશોરોને લાઈફબોટ ક્રૂ દ્વારા બચાવાયા. તેઓ સન્ડરલેન્ડ યાટ ક્લબ સાથે તાલીમ લઈ રહ્યા હતા ત્યારે મુશ્કેલીમાં મુકાયા. સન્ડરલેન્ડ આરએનએલઆઈ લાઈફબોટ સ્ટેશને કોસ્ટગાર્ડ રેસ્ક્યુ ટીમ સાથે મળીને કિશોરોને મદદ કરી.",11 teenagers rescued from '85mph' winds off Sunderland harbour! #SunderlandRescue #WeatherAlert,'85mph'ની ઝડપે પવનમાં સન્ડરલેન્ડ હાર્બર પાસે 11 કિશોરો બચાવાયા! #સન્ડરલેન્ડબચાવ #હવામાનચેતવણી,guj,eng_x,meta-llama_Llama-4-Maverick-17B-128E-Instruct-FP8,real_news,[0],/eng_x_r/meta-llama_Llama-4-Maverick-17B-128E-Instruct-FP8/guj/CoI_f3770816-7a0e-4b22-85eb-d6ebba6ce4e4_guj_edit.json,eng,"[guj,eng]",eng,"[guj,eng]",eng,light,DialyNews,y,n,y,n
daf6efe4-bfb1-4d50-9872-588995ae8ef0,"Mel Gibson and his ex-girlfriend Oksana Grigorieva have settled their long-standing child support and custody dispute. As part of the agreement, Gibson will pay Grigorieva $750,000 and they will share joint custody of their daughter Lucia, born in October 2009. The settlement also allows Grigorieva to stay in the home provided by Gibson until Lucia turns 18, after which the property will be sold and the proceeds put into a trust for their child. Grigorieva's lawyer stated that 'Lucia was born out of love and was a planned child' and that Grigorieva sought a settlement for Lucia's sake. The agreement includes a mutual non-disclosure clause, requiring both parties to refrain from making public statements about each other. The custody battle had included accusations of domestic violence by both parties, which were later dropped as the settlement negotiations progressed.","મેલ ગિબ્સન અને તેમના ભૂતપૂર્વ ગર્લફ્રેન્ડ ઓક્સાના ગ્રીગોરીયેવા વચ્ચે લાંબા સમયથી ચાલી રહેલા બાળ સહાય અને કસ્ટડી વિવાદનું સમાધાન થયું છે. કરારના ભાગ રૂપે, ગિબ્સન ગ્રીગોરીયેવાને $750,000 ચૂકવશે અને તેઓ તેમની પુત્રી લ્યુસિયાની સંયુક્ત કસ્ટડી વહેંચશે, જેનો જન્મ ઓક્ટોબર 2009 માં થયો હતો. સમાધાન ગ્રીગોરીયેવાને લ્યુસિયા 18 વર્ષની થાય ત્યાં સુધી ગિબ્સન દ્વારા પૂરા પાડવામાં આવેલ ઘરમાં રહેવાની છૂટ આપે છે, ત્યારબાદ મિલકત વેચવામાં આવશે અને તેમના બાળક માટે ટ્રસ્ટમાં નાણાં મૂકવામાં આવશે. ગ્રીગોરીયેવાના વકીલે જણાવ્યું હતું કે 'લ્યુસિયા પ્રેમથી જન્મી હતી અને આયોજિત બાળક હતી' અને ગ્રીગોરીયેવાએ લ્યુસિયાના હિતમાં સમાધાન કરવાનો પ્રયાસ કર્યો હતો. કરારમાં પરસ્પર બિન-જાહેરાત કલમનો સમાવેશ થાય છે, જેમાં બંને પક્ષો એકબીજા વિશે જાહેરમાં ટિપ્પણી કરવાનું ટાળે છે. કસ્ટડીની લડાઈમાં બંને પક્ષો દ્વારા ઘરેલું હિંસાના આરોપોનો સમાવેશ થાય છે, જે સમાધાનની વાટાઘાટો પ્રગતિ કરે ત્યારે પડતા મૂકવામાં આવ્યા હતા.","Breaking: Mel Gibson and Oksana Grigorieva settle child support and custody battle! Gibson to pay $750,000 and share joint custody of daughter Lucia. #MelGibson #OksanaGrigorieva #FamilyLaw","બ્રેકિંગ: મેલ ગિબ્સન અને ઓક્સાના ગ્રીગોરીયેવાએ બાળ સહાય અને કસ્ટડી વિવાદનું સમાધાન કર્યું! ગિબ્સન પુત્રી લ્યુસિયાની સંયુક્ત કસ્ટડી વહેંચશે અને $750,000 ચૂકવશે. #મેલગિબ્સન #ઓક્સાનાગ્રીગોરીયેવા #પારિવારિકકાયદો",guj,eng_x,meta-llama_Llama-4-Maverick-17B-128E-Instruct-FP8,real_news,[2],/eng_x_r/meta-llama_Llama-4-Maverick-17B-128E-Instruct-FP8/guj/CoI_daf6efe4-bfb1-4d50-9872-588995ae8ef0_guj_rewrite_moderate.json,eng,guj,eng,"[guj,eng]",eng,moderate,DialyNews,y,n,y,n
64953a75-1ed0-451e-aa2d-9abe85d74da4,"Researchers have made a significant discovery, finding that the Earth's largest water reserve is not on its surface but deep within its mantle. The water is bound within the molecular structure of minerals in the mantle rock, located about 400 miles beneath the surface. Scientists Steve Jacobsen and Brandon Schmandt believe this finding could represent the planet's largest water reservoir. The water isn't in a familiar liquid, ice, or vapor form; it's trapped within the rock's molecular structure due to high pressure and temperatures above 2,000 degrees Fahrenheit. This discovery may help scientists understand the Earth's formation, composition, and inner workings. The researchers used seismic waves and lab experiments to detect the water beneath North America. They plan to conduct further tests to determine if this water reserve encircles the entire planet.","સંશોધકોએ એક નોંધપાત્ર શોધ કરી છે, જેમાં તેમને પૃથ્વીનો સૌથી મોટો જળાશય તેની સપાટી પર નહીં પરંતુ તેના મેન્ટલમાં ઊંડે હોવાનું જણાયું છે. પાણી મેન્ટલ રોકમાં ખનિજોના મોલેક્યુલર માળખામાં બંધાયેલું છે, જે સપાટીથી લગભગ 400 માઇલ નીચે છે. વૈજ્ઞાનિકો સ્ટીવ જેકબસેન અને બ્રેન્ડન શ્મન્ડ્ટ માને છે કે આ શોધ પૃથ્વીનો સૌથી મોટો જળાશય હોઈ શકે છે. પાણી પરિચિત પ્રવાહી, બરફ અથવા વરાળ સ્વરૂપમાં નથી; તે ખડકના મોલેક્યુલર માળખામાં ઊંચા દબાણ અને 2,000 ડિગ્રી ફેરનહીટથી વધુ તાપમાનને કારણે ફસાયેલું છે. આ શોધ વૈજ્ઞાનિકોને પૃથ્વીની રચના, રચના અને આંતરિક કાર્યપ્રણાલીને સમજવામાં મદદ કરી શકે છે. સંશોધકોએ ઉત્તર અમેરિકાની નીચે પાણી શોધવા માટે સિસ્મિક તરંગો અને પ્રયોગશાળાના પ્રયોગોનો ઉપયોગ કર્યો. તેઓ આ જળાશય સમગ્ર ગ્રહને ઘેરી લે છે કે કેમ તે નક્કી કરવા માટે વધુ પરીક્ષણો કરવાની યોજના ધરાવે છે.","Discover the Earth's largest water reserve, hidden 400 miles beneath the surface! Scientists reveal it's trapped within the mantle rock's molecular structure. #Earth #Water #Science",પૃથ્વીનો સૌથી મોટો જળાશય સપાટીથી 400 માઇલ નીચે છુપાયેલો છે! વૈજ્ઞાનિકોએ ખુલાસો કર્યો છે કે તે મેન્ટલ રોકના મોલેક્યુલર માળખામાં ફસાયેલું છે. #પૃથ્વી #જળ #વિજ્ઞાન,guj,eng_x,meta-llama_Llama-4-Maverick-17B-128E-Instruct-FP8,real_news,[2],/eng_x_r/meta-llama_Llama-4-Maverick-17B-128E-Instruct-FP8/guj/CoI_64953a75-1ed0-451e-aa2d-9abe85d74da4_guj_rewrite_light.json,eng,guj,eng,guj,eng,light,DialyNews,y,n,y,n
3c38eddf-8250-4fd8-9859-5020542b9484,"'Excessive speed': Michael Yeates, 20, was sentenced to three years in jail after he hit and killed 80-year-old Frank Fielding. A young man has been jailed after he hit and killed a Royal British Legion standard bearer while driving at 'excessive speed' to show off his modified car. Michael Yeates had passed his driving test just three months earlier. Eye witnesses reported hearing the 'roar of an engine' and noticed Yeates looking down. Tests showed he was driving at 47mph in a 30mph zone. Yeates admitted causing death by dangerous driving and insurance fraud. Judge Jonathan Gibson stated that Yeates' driving was 'plainly irresponsible'. Frank Fielding, a widower and grandfather of five, suffered fatal injuries and died at Royal Blackburn Hospital.","'અતિશય ઝડપ': માઈકલ યેટ્સ, 20, ને ત્રણ વર્ષની જેલની સજા ફ્રેન્ક ફીલ્ડિંગ, 80, ને ટક્કર મારી ને માર્યા પછી કરવામાં આવી. એક યુવાનને જેલમાં નાખવામાં આવ્યો છે કારણ કે તેણે તેની સુધારેલી કાર બતાવવા માટે 'અતિશય ઝડપે' ડ્રાઇવિંગ કરતા રોયલ બ્રિટિશ લીજીયનના ધ્વજ ધારકને ટક્કર મારી નાખ્યો હતો. માઈકલ યેટ્સે ત્રણ મહિના પહેલાં જ ડ્રાઇવિંગ ટેસ્ટ પાસ કર્યો હતો. આંખે વળગે તેવા સાક્ષીઓએ 'એન્જિનનો મોટો અવાજ' સાંભળ્યો હતો અને યેટ્સને નીચે જોતા જોયા હતા. પરીક્ષણો દર્શાવે છે કે તે 30mph ઝોનમાં 47mph ઝડપે વાહન ચલાવતો હતો. યેટ્સે જોખમી ડ્રાઇવિંગ અને વીમા છેતરપિંડી સ્વીકારી છે. ન્યાયાધીશ જોનાથન ગિબ્સને જણાવ્યું હતું કે યેટ્સની ડ્રાઇવિંગ 'સ્પષ્ટપણે બેદરકાર' હતી.",Here's a summary: '20-year-old Michael Yeates jailed for 3 years for killing 80-year-old Frank Fielding while driving at excessive speed! #JusticeServed #RoadSafety','20 વર્ષીય માઈકલ યેટ્સને 80 વર્ષીય ફ્રેન્ક ફીલ્ડિંગને અતિશય ઝડપે ટક્કર મારી નાખવા બદલ 3 વર્ષની જેલ! #ન્યાય_પ્રાપ્ત #રોડ_સલામતી',guj,eng_x,meta-llama_Llama-4-Maverick-17B-128E-Instruct-FP8,real_news,[0],/eng_x_r/meta-llama_Llama-4-Maverick-17B-128E-Instruct-FP8/guj/CoI_3c38eddf-8250-4fd8-9859-5020542b9484_guj_edit.json,eng,"[guj,eng]",eng,guj,eng,light,DialyNews,y,n,y,n
33660238-9759-4888-9b95-634f8718df68,"Ben Cowburn, an 18-year-old fashion student from Cornwall, died in 2010 after allegedly being groomed and raped by a TV comedian. The police failed to access Ben's phone and did not question the comedian. A nurse, Gavin Simonsen-Kuhl, was not called to give evidence at the inquest despite Ben confiding in him about the alleged rape.","બેન કાઉબર્ન, એક 18 વર્ષીય ફેશન વિદ્યાર્થી,નું 2010માં અવસાન થયું, જેમના પર એક ટીવી કોમેડિયન દ્વારા લૈંગિક શોષણનો આરોપ હતો. પોલીસ તપાસમાં બેનના ફોનને ચકાસવામાં નિષ્ફળતા અને કોમેડિયનને પૂછપરછ ન કરવી તે બાબતે ટીકા થઈ. નર્સ ગેવિન સિમોન્સન-કુહલને ઇન્ક્વેસ્ટમાં સાક્ષી આપવા બોલાવવામાં નહોતા આવ્યા, જોકે બેને તેમને કથિત બળાત્કાર વિશે કહ્યું હતું.",Outrage over 'serious failings' in Ben Cowburn's case. Family demands justice for the 18-year-old allegedly groomed by a TV star. #JusticeForBen #Grooming,'બેન કાઉબર્ન' કેસમાં 'ગંભીર નિષ્ફળતા' પર આક્રોશ. પરિવાર ટીવી સ્ટાર દ્વારા 'ગ્રૂમિંગ' કરાયેલા 18 વર્ષીય માટે ન્યાય માંગે છે. #ન્યાયપરિવાર #ગ્રૂમિંગ,guj,eng_x,meta-llama_Llama-4-Maverick-17B-128E-Instruct-FP8,real_news,[1],/eng_x_r/meta-llama_Llama-4-Maverick-17B-128E-Instruct-FP8/guj/CoI_33660238-9759-4888-9b95-634f8718df68_guj_polish.json,eng,guj,eng,"[guj,eng]",eng,moderate,DialyNews,y,n,y,n
a86d3f27-93d4-4f70-89c3-eb4093d12220,"Michael Seres, a 45-year-old businessman with Crohn's disease, has been in and out of hospitals since he was 12. He's experienced unappetizing hospital meals firsthand. When asked to be a food inspector for Oxford University Hospitals NHS Trust, he saw it as an opportunity to improve patient care. However, his experience was disheartening. As part of a six-member inspection team, Michael described the food as 'diabolical' in taste, service, and organization. He recalled a 'lumpy and inedible mashed potato' and 'vegetable soup that tasted like dishwater'. Despite his critical feedback, the trust scored 78.06% for food quality in the PLACE assessment. A CQC survey later rated the food at the trust as 5.2 out of 10, supporting Michael's concerns. The Campaign for Better Hospital Food highlighted a national disparity between PLACE ratings and patient surveys. In response, the NHS introduced new food standards to be enforced through contracts.","માઈકલ સેરેસ, એક 45 વર્ષીય ઉદ્યોગપતિ જે ક્રોન્સ રોગથી પીડિત છે, તેમણે 12 વર્ષની ઉંમરથી હોસ્પિટલોમાં અનેક વખત ભોજનનો અનુભવ કર્યો છે. તેમને ઓક્સફોર્ડ યુનિવર્સિટી હોસ્પિટલ્સ NHS ટ્રસ્ટ ખાતે ખાદ્ય નિરીક્ષક તરીકેની ભૂમિકા આપવામાં આવી હતી. માઈકલે ખોરાકને 'ભયાનક' ગણાવ્યો અને તેમની ટિપ્પણીઓ છતાં ટ્રસ્ટને 78.06% રેટિંગ મળ્યું. CQC સર્વેએ ખોરાકને 10માંથી 5.2 રેટ કર્યો. બેટર હોસ્પિટલ ફૂડ અભિયાને રાષ્ટ્રીય સ્તરે વિસંગતતા પ્રકાશિત કરી અને NHSએ નવા ખાદ્ય ધોરણો રજૂ કર્યા.","Discover the truth behind hospital food! 'I found the food diabolical,' says Michael Seres, a patient who inspected Oxford University Hospitals NHS Trust. Despite his critical feedback, the trust scored 78.06% for food quality. #HospitalFood #PatientCare #NHS","હોસ્પિટલના ખોરાક પાછળનો સત્ય જાણો! 'મને ખોરાક ભયંકર લાગ્યો,' એમ માઈકલ સેરેસ કહે છે, જેમણે ઓક્સફોર્ડ યુનિવર્સિટી હોસ્પિટલ્સ NHS ટ્રસ્ટનું નિરીક્ષણ કર્યું. તેમની કડક ટિપ્પણીઓ છતાં, ટ્રસ્ટને ખાદ્ય ગુણવત્તા માટે 78.06% મળ્યું. #હોસ્પિટલખોરાક #દર્દીસંભાળ #NHS",guj,eng_x,meta-llama_Llama-4-Maverick-17B-128E-Instruct-FP8,real_news,[1],/eng_x_r/meta-llama_Llama-4-Maverick-17B-128E-Instruct-FP8/guj/CoI_a86d3f27-93d4-4f70-89c3-eb4093d12220_guj_polish.json,eng,"[guj,eng]",eng,"[guj,eng]",eng,moderate,DialyNews,y,n,y,n
77dac882-df8e-4421-be9a-e0094120f0aa,"Domenico Rancadore, known as 'The Professor', a prominent figure in the Sicilian Mafia, has been denied bail by London's High Court. After evading Italian authorities for two decades, Rancadore was apprehended in London. The court decided that there's a real risk he might abscond if released on bail. Rancadore is wanted in Italy for a seven-year prison term related to his role in Cosa Nostra. He was living under the assumed identity 'Marc Skinner' in Uxbridge at the time of his arrest.","ડોમેનિકો રેન્કડોર, જે 'ધ પ્રોફેસર' તરીકે પ્રખ્યાત છે, સિસિલિયન માફિયાની એક મુખ્ય વ્યક્તિ છે, જેને લંડન હાઈકોર્ટે જામીનનો ઇનકાર કર્યો છે. રેન્કડોર ઇટાલિયન સત્તાધિકારીઓથી 20 વર્ષ સુધી છટકી ગયો હતો અને લંડનમાં પકડાયો હતો. અદાલતે ચુકાદો આપ્યો છે કે જો તેને જામીન આપવામાં આવે તો તેના ભાગી જવાની સંભાવના છે. રેન્કડોર કોસા નોસ્ત્રામાં તેની ભૂમિકા માટે ઇટાલીમાં સાત વર્ષની સજા ભોગવવા માંગે છે. તેની ધરપકડ સમયે તે 'માર્ક સ્કિનર' નામથી ઉક્સબ્રિજમાં રહેતો હતો.",Breaking: Notorious Mafia boss 'The Professor' Domenico Rancadore denied bail in London's High Court after 20 years on the run! #Mafia #Justice,'ધ પ્રોફેસર' તરીકે ઓળખાતા કुख्यાત માફિયા બોસ ડોમેનિકો રેન્કડોરને લંડન હાઈકોર્ટે 20 વર્ષ પછી જામીન આપવાનો ઇનકાર કર્યો! #માફિયા #ન્યાય,guj,eng_x,meta-llama_Llama-4-Maverick-17B-128E-Instruct-FP8,real_news,[2],/eng_x_r/meta-llama_Llama-4-Maverick-17B-128E-Instruct-FP8/guj/CoI_77dac882-df8e-4421-be9a-e0094120f0aa_guj_rewrite_complete.json,eng,guj,eng,"[guj,eng]",eng,complete,DialyNews,n,y,y,n
b66e78cd-6516-4ee7-992f-a247fab61b8d,"Will Straw, son of former Home Secretary Jack Straw, sparked controversy by posting a photograph on Twitter celebrating the Britannia Coconut Dancers' Easter tradition. The Britannia Coconut Dancers are known for their blackened faces and folk dances performed across Bacup on Easter Saturday. While some people have criticized the tradition as 'racist', others defend it, citing its historical significance and local connections.","જેક સ્ટ્રોના પુત્ર વિલ સ્ટ્રોએ બ્રિટાનિયા કોકોનટ ડાન્સર્સ સાથેના ફોટોને ટ્વિટર પર શેર કરીને ચર્ચા જગાવી છે. બ્રિટાનિયા કોકોનટ ડાન્સર્સ ઇસ્ટર સેટરડેના દિવસે બેકઅપ શહેરમાં લોકનૃત્ય કરે છે, જેમાં તેમના ચહેરા કાળા રંગેલા હોય છે. કેટલાક લોકો આ પરંપરાને વંશીય ગણાવે છે, જ્યારે અન્ય તેને સ્થાનિક સંસ્કૃતિનો ભાગ ગણાવીને તેનો બચાવ કરે છે.","Controversy erupts as Will Straw, son of Jack Straw, defends 'blacked-up' Morris dancers! 'Nothing racist about it,' he tweets. #WillStraw #BritanniaCoconutDancers","જેક સ્ટ્રોના પુત્ર વિલ સ્ટ્રો દ્વારા 'કાળા ચહેરાવાળા' મોરિસ ડાન્સર્સનો બચાવ! 'આમાં કંઈ જાતિવાદ નથી,' તેઓ ટ્વીટ કરે છે. #વિલસ્ટ્રો #બ્રિટાનિયાકોકોનટડાન્સર્સ",guj,eng_x,meta-llama_Llama-4-Maverick-17B-128E-Instruct-FP8,real_news,[0],/eng_x_r/meta-llama_Llama-4-Maverick-17B-128E-Instruct-FP8/guj/CoI_b66e78cd-6516-4ee7-992f-a247fab61b8d_guj_edit.json,eng,guj,eng,"[guj,eng]",eng,light,DialyNews,y,n,y,n
b6360e69-2b70-45a6-9087-45c164cc8c95,"Aston Villa secured a thrilling comeback victory against Leicester City, with Alan Hutton scoring the winning goal. Hutton's goal not only won the match for Villa but also marked his personal redemption after being on the fringes of the team earlier in the season. Ciaran Clark's equalizing header in the first half set the stage for Villa's victory. Leicester's Paul Konchesky was sent off in the 80th minute following an altercation with Hutton. The win lifted Villa to 11th in the Premier League, while Leicester remained bottom.","એસ્ટન વિલાએ લેસેસ્ટર સામેની મેચમાં જીત મેળવી, એલન હટનનો વિજયી ગોલ. હટનનો ગોલ માત્ર વિલા માટે જીત લાવ્યો નહીં, પણ તેમના માટે વ્યક્તિગત છુટકારો પણ હતો. સીયરન ક્લાર્કનો હેડર ગોલ વિલાની જીતનો પાયો નાખ્યો. લેસેસ્ટરના પોલ કોનચેસ્કીને 80મી મિનિટમાં લાલ કાર્ડ મળ્યું. આ જીત સાથે વિલા પ્રીમિયર લીગમાં 11મા સ્થાને પહોંચી ગયું.",Aston Villa wins! Alan Hutton's stunning goal seals comeback victory against Leicester City! #AstonVilla #VillaWins #Hutton,એસ્ટન વિલાની જીત! એલન હટનનો ગોલ લેસેસ્ટર સામે વિજય અપાવે છે! #AstonVilla #VillaWins #Hutton,guj,eng_x,meta-llama_Llama-4-Maverick-17B-128E-Instruct-FP8,real_news,[1],/eng_x_r/meta-llama_Llama-4-Maverick-17B-128E-Instruct-FP8/guj/CoI_b6360e69-2b70-45a6-9087-45c164cc8c95_guj_polish.json,eng,guj,eng,"[guj,eng]",eng,moderate,DialyNews,y,n,y,n
85f0a3b4-6cb7-4085-9ca7-a6935e38a400,"U.S. President Joe Biden and China's Xi Jinping concluded their first face-to-face meeting in a year with a commitment to stabilize their strained relationship. The leaders announced modest agreements, including measures to combat illegal fentanyl and restore military communications. Their discussions highlighted ongoing differences regarding economic competition and global security threats.","યુ.એસ. પ્રમુખ જૉ બાઇડેન અને ચીનના શી જિનપિંગે એક વર્ષમાં તેમની પ્રથમ સામસામે મુલાકાત પૂરી કરી, તેમના તંગ સંબંધોને સ્થિર કરવાની પ્રતિબદ્ધતા વ્યક્ત કરી. તેમણે ગેરકાયદેસર ફેન્ટાનિલનો સામનો કરવા અને લશ્કરી સંદેશાવ્યવહાર પુનઃસ્થાપિત કરવાના કરારો જાહેર કર્યા. આર્થિક સ્પર્ધા અને વૈશ્વિક સુરક્ષા મુદ્દાઓ પર મતભેદો હોવા છતાં, બંને નેતાઓએ તેમના સંબંધોના મહત્વ પર ભાર મૂક્યો.","Joe Biden and Xi Jinping meet, vowing to 'stabilize' ties. #USChinaRelations #BidenXiMeeting",'જૉ બાઇડેન અને શી જિનપિંગ મુલાકાત: સંબંધોને 'સ્થિર' કરવાનો સંકલ્પ. #USChinaRelations #BidenXiMeeting',guj,eng_x,meta-llama_Llama-4-Maverick-17B-128E-Instruct-FP8,real_news,[0],/eng_x_r/meta-llama_Llama-4-Maverick-17B-128E-Instruct-FP8/guj/CoI_85f0a3b4-6cb7-4085-9ca7-a6935e38a400_guj_edit.json,eng,guj,eng,"[guj,eng]",eng,light,GlobalNews,y,n,y,n
978858e9-e113-4531-92c3-70db3eed77dc,"A 48-year-old podiatrist, Steve Bloor, was asked to leave his local Tesco store in Helston, Cornwall, for refusing to wear shoes. Bloor has been walking barefoot for two years, believing it benefits his posture and health. As a qualified podiatrist with 27 years of experience, he runs the 'Run Right Step Free' clinic. Tesco's policy requires footwear to prevent potential injuries. Bloor argued that being barefoot makes him more aware of his surroundings. After a ten-day appeal, Tesco made an exception for Bloor.","એક 48 વર્ષીય પોડિયાટ્રિસ્ટ, સ્ટીવ બ્લુર, તેમના સ્થાનિક ટેસ્કો સ્ટોરમાં નગણ્ય પગે ચાલવા બદલ પ્રતિબંધિત કરવામાં આવ્યા હતા. બ્લુર 2 વર્ષથી નગણ્ય પગે ચાલે છે, જે તેમને લાગે છે કે તેમના સ્વાસ્થ્ય અને મુદ્રા માટે ફાયદાકારક છે. તેઓ 27 વર્ષના અનુભવી પોડિયાટ્રિસ્ટ છે અને 'રન રાઈટ સ્ટેપ ફ્રી' ક્લિનિક ચલાવે છે. ટેસ્કોની નીતિ અનુસાર સલામતીના કારણોસર ગ્રાહકોને પગરખાં પહેરવાની જરૂર છે. બ્લુરે દલીલ કરી કે નગણ્ય પગે ચાલવાથી તે વધુ સજાગ રહે છે. દસ દિવસની અપીલ પછી, ટેસ્કોએ બ્લુર માટે અપવાદ બનાવ્યો.",Barefoot podiatrist Steve Bloor banned from Tesco! 'I'm more aware of my surroundings barefoot' #BarefootRevolution #Tesco,'નગણ્ય પગે ચાલતા પોડિયાટ્રિસ્ટ સ્ટીવ બ્લુરને ટેસ્કોમાં પ્રતિબંધિત કરાયા! 'નગણ્ય હું મારા આસપાસના વિસ્તારથી વધુ સજાગ છું' #નગણ્યક્રાંતિ #ટેસ્કો,guj,eng_x,meta-llama_Llama-4-Maverick-17B-128E-Instruct-FP8,real_news,[1],/eng_x_r/meta-llama_Llama-4-Maverick-17B-128E-Instruct-FP8/guj/CoI_978858e9-e113-4531-92c3-70db3eed77dc_guj_polish.json,eng,guj,eng,"[guj,eng]",eng,moderate,DialyNews,y,n,y,n
772fd13b-e53b-4ede-a662-f13584b1c1fb,"The Duchess of Cornwall visited Dents glove factory in Wiltshire, wearing a pair of their black leather gloves. She met Ruby, a 13-year-old black Labrador belonging to Deborah Moore, the factory's chief executive. The Duchess toured the museum, viewing gloves once owned by royalty and historical figures like Queen Victoria and Admiral Nelson. She also visited Community First, a local initiative aimed at tackling disadvantage.","કોર્નવોલના ડચેસે વિલ્ટશાયરમાં ડેન્ટ્સ ગ્લોવ ફેક્ટરીની મુલાકાત લીધી, જેમાં તેમણે તેમના કાળા ચામડાના હાથમોજાં પહેર્યા હતા. તેઓ ફેક્ટરીના મુખ્ય કાર્યકારી અધિકારી ડેબોરાહ મુરેના 13 વર્ષના કાળા લેબ્રાડોર રૂબીને મળ્યા. ડચેસે મ્યુઝિયમની મુલાકાત લીધી, જ્યાં રાણી વિક્ટોરિયા અને એડમિરલ નેલ્સન સહિતના પ્રખ્યાત ઐતિહાસિક વ્યક્તિઓના હાથમોજાં જોયા. તેમણે ગરીબી નાબૂદી માટેની સ્થાનિક પહેલ કોમ્યુનિટી ફર્સ્ટની પણ મુલાકાત લીધી.",Discover the art of glove-making with the Duchess of Cornwall's visit to Dents factory! 'I'm amazed by the history and craftsmanship!' #DentsGloves #RoyalVisit,કોર્નવોલના ડચેસની ડેન્ટ્સ ફેક્ટરી મુલાકાત સાથે ગ્લોવ્ઝ બનાવવાની કળા શોધો! 'હું ઇતિહાસ અને કારીગરી પર આશ્ચર્યચકિત છું!' #ડેન્ટ્સગ્લોવ્ઝ #રોયલમુલાકાત,guj,eng_x,meta-llama_Llama-4-Maverick-17B-128E-Instruct-FP8,real_news,[2],/eng_x_r/meta-llama_Llama-4-Maverick-17B-128E-Instruct-FP8/guj/CoI_772fd13b-e53b-4ede-a662-f13584b1c1fb_guj_rewrite_complete.json,eng,guj,eng,guj,eng,complete,DialyNews,n,y,y,n
e34f9f39-156b-40a4-9159-bada8a82acfb,"Rebecca Dakin, a 37-year-old former escort, now works as a dating coach and 'sexpert'. She suggests that a lack of sex in a marriage might lead a man to seek it elsewhere. Rebecca spent nine years working as an escort after leaving university. She aims to educate men and women about the reasons behind married men's infidelity.","રેબેકા ડાકિન, એક 37 વર્ષીય ભૂતપૂર્વ એસ્કોર્ટ, હવે ડેટિંગ કોચ અને સેક્સપર્ટ તરીકે કામ કરે છે. લગ્નમાં સેક્સ ન હોવાને કારણે પુરુષ બહાર સેક્સ શોધી શકે છે. રેબેકાએ યુનિવર્સિટી છોડ્યા પછી 9 વર્ષ એસ્કોર્ટ તરીકે કામ કર્યું. તે લગ્નેતર પુરુષોના અવિશ્વાસના કારણો વિશે લોકોને સમજાવવા માંગે છે.","Discover the truth about infidelity with Rebecca Dakin's insights! 'If your man isn't asking for sex, he might be seeking it elsewhere,' says the ex-escort turned dating coach. #Infidelity #Relationships","રેબેકા ડાકિનના અનુભવો સાથે અવિશ્વાસ વિશે સત્ય જાણો! 'જો તમારો પુરુષ સેક્સ માટે પૂછતો નથી, તો તે તેને બીજે ક્યાંક શોધી શકે છે,' એમ ભૂતપૂર્વ એસ્કોર્ટ ડેટિંગ કોચ કહે છે. #અવિશ્વાસ #સંબંધો",guj,eng_x,meta-llama_Llama-4-Maverick-17B-128E-Instruct-FP8,real_news,[1],/eng_x_r/meta-llama_Llama-4-Maverick-17B-128E-Instruct-FP8/guj/CoI_e34f9f39-156b-40a4-9159-bada8a82acfb_guj_polish.json,eng,guj,eng,"[guj,eng]",eng,moderate,DialyNews,y,n,y,n
46a20d06-d0d6-4dd9-ac96-165397017d08,"Christopher Dorner, a former LAPD officer, was identified as the individual whose remains were found in a burned-down cabin. Authorities stated that Dorner's death resulted from a single gunshot wound to the head, believed to be self-inflicted. Dorner's revenge campaign against the LAPD led to a widespread manhunt.","'ક્રિસ્ટોફર ડોર્નર, એક ભૂતપૂર્વ લોસ એન્જલસ પોલીસ અધિકારી, સળગી ગયેલી ઝૂપડીમાં મળી આવ્યા.' 'ડોર્નરનું મૃત્યુ માથામાં એક ગોળીના ઘાથી થયું.' 'ડોર્નરની બદલાની ઝુંબેશે મોટી શોધ કાર્યવાહી તરફ દોરી.'","Breaking: Christopher Dorner, ex-LAPD officer, found dead after revenge rampage. #ChristopherDorner #LAPD","'ખબર: ક્રિસ્ટોફર ડોર્નર, ભૂતપૂર્વ LAPD અધિકારી, બદલાની ઝુંબેશ પછી મૃત્યુ પામ્યા. #ક્રિસ્ટોફરડોર્નર #LAPD'",guj,eng_x,meta-llama_Llama-4-Maverick-17B-128E-Instruct-FP8,real_news,[1],/eng_x_r/meta-llama_Llama-4-Maverick-17B-128E-Instruct-FP8/guj/CoI_46a20d06-d0d6-4dd9-ac96-165397017d08_guj_polish.json,eng,guj,eng,"[guj,eng]",,moderate,DialyNews,y,n,y,n
3a28f182-ace9-4095-8fec-02704bf8a95e,"You know there's something significant going on when Google creates one of its whimsical 'doodles' on its home page, and Halloween is no exception. This year, in some countries, there's a time-lapse video showing some of the most gigantic pumpkins in the world, transforming from blobs of orange to art as night falls. The Googlers describe the making of this video on the official Google blog: 'To celebrate Halloween this year, the doodle team wanted to capture that fascinating transformation that takes place when carving a pumpkin. Instead of picking up a few pumpkins from the grocery store, we decided to work on six giant pumpkins, specially delivered from nearby Half Moon Bay, some weighing over 1,000 pounds. What you see is a timelapse video of the approximately eight hours we spent carving in the middle of our Mountain View, California campus.' You can watch the video of this Halloween Google doodle or go to Google.com to experience the doodle for yourself.","તમે જાણો છો કે જ્યારે Google તેના હોમ પેજ પર તેના વ્હિમ્સિકલ 'ડૂડલ્સ'માંથી એક બનાવે છે ત્યારે કંઈક નોંધપાત્ર બને છે, અને હેલોવીન તેમાં અપવાદ નથી. આ વર્ષે, કેટલાક દેશોમાં, ત્યાં એક ટાઈમ-લેપ્સ વિડિયો છે જે વિશ્વના કેટલાક સૌથી વિશાળ કોળાને રાત પડતાં આર્ટમાં પરિવર્તિત થતો બતાવે છે. ગૂગલર્સ સત્તાવાર Google બ્લોગ પર આ વિડિઓ બનાવવાની પ્રક્રિયાને આવરી લે છે: 'આ વર્ષે હેલોવીનની ઉજવણી કરવા માટે, ડૂડલ ટીમ કોળાને કોતરતી વખતે થતા રસપ્રદ પરિવર્તનને કેપ્ચર કરવા માંગતી હતી. ગ્રોસરી સ્ટોરમાંથી થોડા કોળા ઉપાડવાને બદલે, અમે નજીકના હાફ મૂન બેમાંથી ખાસ ડિલિવરી કરાયેલા છ વિશાળ કોળા પર કામ કરવાનું નક્કી કર્યું, કેટલાકનું વજન 1,000 પાઉન્ડથી વધુ હતું. તમે જે જુઓ છો તે અમારા માઉન્ટેન વ્યૂ, કેલિફોર્નિયા કેમ્પસની મધ્યમાં કોતરવામાં ગાળેલા આશરે આઠ કલાકનો ટાઈમલેપ્સ વિડિયો છે.' તમે આ હેલોવીન Google ડૂડલનો વિડિયો જોઈ શકો છો અથવા Google.com પર જઈને તમારા માટે ડૂડલનો અનુભવ કરી શકો છો.","Discover Google's Halloween 'doodle' featuring a time-lapse video of giant pumpkins being carved! 'To celebrate Halloween, the doodle team worked on six giant pumpkins... weighing over 1,000 pounds.' #GoogleDoodle #Halloween","Googleના હેલોવીન 'ડૂડલ'ને જાણો જેમાં વિશાળ કોળાને કોતરવામાં આવતા ટાઈમ-લેપ્સ વિડિયો છે! 'હેલોવીનની ઉજવણી કરવા માટે, ડૂડલ ટીમે 1,000 પાઉન્ડથી વધુ વજનના છ વિશાળ કોળા પર કામ કર્યું...' #GoogleDoodle #Halloween",guj,eng_x,meta-llama_Llama-4-Maverick-17B-128E-Instruct-FP8,real_news,[0],/eng_x_r/meta-llama_Llama-4-Maverick-17B-128E-Instruct-FP8/guj/CoI_3a28f182-ace9-4095-8fec-02704bf8a95e_guj_edit.json,eng,"[guj,eng]",eng,"[guj,eng]",eng,light,DialyNews,y,n,y,n
85cfca8a-91a5-4819-bff7-687dd33aa72b,"Michele Bachmann, a Republican presidential hopeful, was seen reading from an Apple iPad during a campaign stop in Creston, Iowa. This action is at odds with her past criticisms of then-President Barack Obama's use of teleprompters and her promise to not use them if she became President. The event was disrupted by a noisy train. Bachmann addressed several issues, including a recent attack ad by her Republican rival, Texas Governor Rick Perry, President Obama's healthcare policies, and the risks associated with North Korea, Iran, and nuclear technology.","મિશેલ બેકમેન, એક રિપબ્લિકન પ્રમુખપદની આશાવાદી, ક્રેસ્ટન, આયોવામાં એક ઝુંબેશ સ્ટોપ દરમિયાન એપલ આઈપેડ પરથી વાંચતા જોવા મળ્યા હતા. આ ઘટના તેમના અગાઉના તત્કાલીન પ્રમુખ બરાક ઓબામાની ટેલિપ્રોમ્પ્ટરના ઉપયોગની ટીકા અને તેમના વહીવટમાં તેનો ઉપયોગ ન કરવાના વચન સાથે વિરોધાભાસ કરે છે. આ કાર્યક્રમમાં ઘોંઘાટિય ટ્રેન દ્વારા વિક્ષેપ પડ્યો હતો. બેકમેનએ અનેક મુદ્દાઓ પર ચર્ચા કરી, જેમાં તેમના રિપબ્લિકન હરીફ, ટેક્સાસના ગવર્નર રિક પેરી દ્વારા તાજેતરની નકારાત્મક જાહેરાત, પ્રમુખ ઓબામાની આરોગ્ય સંભાળ નીતિઓ, અને ઉત્તર કોરિયા, ઈરાન અને પરમાણુ ટેકનોલોજી સાથે સંકળાયેલા જોખમોનો સમાવેશ થાય છે.","Breaking: Michele Bachmann caught reading from iPad during campaign stop, contradicting her stance on teleprompters! 'No teleprompters in the Bachmann White House' she once said. #MicheleBachmann #Teleprompter #Election","તાજા ખબર: મિશેલ બેકમેન ઝુંબેશ સ્ટોપ દરમિયાન આઈપેડ પરથી વાંચતા પકડાઈ, ટેલિપ્રોમ્પ્ટર પરના તેમના વલણનો વિરોધાભાસ! 'બેકમેન વ્હાઈટ હાઉસમાં ટેલિપ્રોમ્પ્ટર નહીં' તેમણે એકવાર કહ્યું હતું. #મિશેલબેકમેન #ટેલિપ્રોમ્પ્ટર #ચૂંટણી",guj,eng_x,meta-llama_Llama-4-Maverick-17B-128E-Instruct-FP8,real_news,[1],/eng_x_r/meta-llama_Llama-4-Maverick-17B-128E-Instruct-FP8/guj/CoI_85cfca8a-91a5-4819-bff7-687dd33aa72b_guj_polish.json,eng,guj,eng,guj,eng,moderate,DialyNews,y,n,y,n
7fea7251-d472-4100-b1bf-ee2990fe90fd,"Tottenham's new manager, Mauricio Pochettino, has made signing a new left-back a summer priority. Swansea's Ben Davies is on their radar. The '21-year-old' Davies had a standout season, attracting interest from top clubs including Atletico Madrid. Tottenham closely monitored his progress and are ready to act once Pochettino gives the green light. Danny Rose remains Tottenham's first-choice left-back but his injury record last season may necessitate a new signing.","ટોટનહામના નવા મેનેજર મૌરિસિયો પોચેટિનોએ નવા લેફ્ટ-બેક ખેલાડીને સાઇન કરવા પર ધ્યાન કેન્દ્રિત કર્યું છે. સ્વાનસીના '21 વર્ષીય' બેન ડેવિસ ટોટનહામની નજરમાં છે. તેમણે છેલ્લી સીઝનમાં સારું પ્રદર્શન કર્યું હતું અને એટલેટિકો મેડ્રિડ સહિત અન્ય ટોચની ક્લબોનું ધ્યાન ખેંચ્યું હતું. ટોટનહામે તેમની પ્રગતિને નજીકથી અનુસરી છે અને પોચેટિનોની મંજૂરી મળતાં જ તેમને સાઇન કરવા તૈયાર છે. હાલમાં ડેની રોઝ ટોટનહામનો પ્રથમ પસંદગીનો લેફ્ટ-બેક છે, પરંતુ તેમની ઈજાના કારણે નવા ખેલાડીની જરૂર પડી શકે છે.",Tottenham eye Swansea's Ben Davies as new left-back! Mauricio Pochettino's top priority this summer #Tottenham #TransferNews #Pochettino,ટોટનહામની નજર સ્વાનસીના બેન ડેવિસ પર! મૌરિસિયો પોચેટિનોની ઉનાળાની પ્રથમ પ્રાથમિકતા #ટોટનહામ #ટ્રાન્સફરન્યુઝ #પોચેટિનો,guj,eng_x,meta-llama_Llama-4-Maverick-17B-128E-Instruct-FP8,real_news,[1],/eng_x_r/meta-llama_Llama-4-Maverick-17B-128E-Instruct-FP8/guj/CoI_7fea7251-d472-4100-b1bf-ee2990fe90fd_guj_polish.json,eng,guj,eng,guj,eng,moderate,DialyNews,y,n,y,n
5c0c6797-c44a-407b-a14e-3ae0f71ea1e6,"In a dramatic cabinet reshuffle, David Cameron has been appointed foreign secretary and accepted a peerage to take the post. Rishi Sunak's government is facing 'daunting challenges' in the Middle East and Ukraine. Suella Braverman was sacked as home secretary and replaced by James Cleverly.",દવિદ ચેમ્બરલેનની નિયુક્તિ અને પિરેજ સ્વીકારવાની ખબર સચોટ છે. મધ્ય પૂર્વ અને યુક્રેન સંકટના સંદર્ભમાં સરકારની મુશ્કેલીઓનું વર્ણન સચોટ છે.,"Breaking: David Cameron returns to govt as Foreign Secretary! 'I'm here to support Rishi Sunak at a hard time,' he says. #CameronReturns #UKPolitics","ખાસ: દવિદ ચેમ્બરલેન વિદેશ સચિવ તરીકે સરકારમાં પાછા ફર્યા! 'હું રિશી સુનકને મુશ્કેલ સમયમાં સપોર્ટ કરવા માટે અહીં છું,' તેઓ કહે છે. #CameronReturns #UKPoliticsGujarati",guj,eng_x,meta-llama_Llama-4-Maverick-17B-128E-Instruct-FP8,real_news,[2],/eng_x_r/meta-llama_Llama-4-Maverick-17B-128E-Instruct-FP8/guj/CoI_5c0c6797-c44a-407b-a14e-3ae0f71ea1e6_guj_rewrite_complete.json,eng,guj,eng,"[guj,eng]",eng,complete,GlobalNews,n,y,y,n
e500f1b1-f879-47a9-9f11-fce0d1b56975,"Identical twin sisters Christine and Carol Coxe from Mountain Ash in Wales have shared a lifetime of experiences. They were married on the same day in 1963 in a joint ceremony in Treharris, south Wales, wearing matching wedding gowns. The twins celebrated their golden wedding anniversary with a holiday. Christine's husband, Ken Williams, accompanied Christine and her sister Carol on the trip. Christine said, 'We've done everything together - grew up, got married, worked together, and had children at the same time. We're as close as sisters could be.' After retiring early at 50, the foursome travelled extensively, visiting places like Germany, Austria, Italy, France, Portugal, Majorca, Turkey, Tenerife, Australia, Canada, and Singapore.","સમાન જોડિયા બહેનો ક્રિસ્ટીન અને કેરોલ કોક્સે વેલ્સના માઉન્ટેન એશમાંથી જીવનભરના અનુભવો વહેંચ્યા છે. 1963માં તેમણે સમાન દિવસે દક્ષિણ વેલ્સના ટ્રેહારિસમાં સંયુક્ત લગ્ન સમારંભમાં લગ્ન કર્યા હતા, સમાન લગ્ન પોશાક પહેરીને. જોડિયા બહેનો, 69 વર્ષની ઉંમરે, તેમની સુવર્ણ લગ્ન વર્ષગાંઠની ઉજવણી કરવા માટે એક પ્રવાસ પર ગઈ. ક્રિસ્ટીનના પતિ કેન વિલિયમ્સ ક્રિસ્ટીન અને તેની બહેન કેરોલ સાથે પ્રવાસમાં જોડાયા હતા. ક્રિસ્ટીને કહ્યું, 'અમે સાથે મળીને બધું જ કર્યું છે - મોટા થયા, લગ્ન કર્યા, સાથે કામ કર્યું અને સાથે જ બાળકો થયા. અમે બહેનો જેટલી નજીક હોઈ શકીએ તેટલી નજીક છીએ.'","Meet Christine and Carol Coxe, identical twins who shared a joint wedding in 1963 and celebrated their golden wedding anniversary together! 'We've done everything together,' they say. #TwinSisters #GoldenWedding","ક્રિસ્ટીન અને કેરોલ કોક્સે મળો, સમાન જોડિયા બહેનો જેમણે 1963માં સંયુક્ત લગ્ન સમારંભમાં લગ્ન કર્યા અને સાથે મળીને તેમની સુવર્ણ લગ્ન વર્ષગાંઠની ઉજવણી કરી! 'અમે સાથે મળીને બધું જ કર્યું છે,' તેઓ કહે છે. #જોડિયા_બહેનો #સુવર્ણ_લગ્ન_વર્ષગાંઠ",guj,eng_x,meta-llama_Llama-4-Maverick-17B-128E-Instruct-FP8,real_news,[1],/eng_x_r/meta-llama_Llama-4-Maverick-17B-128E-Instruct-FP8/guj/CoI_e500f1b1-f879-47a9-9f11-fce0d1b56975_guj_polish.json,eng,guj,eng,"[guj,eng]",eng,moderate,DialyNews,y,n,y,n
3bfdce3d-1e05-4848-9bf5-d12c8268c8aa,"An Oxo advert featuring Lynda Bellingham will be screened on Christmas Day as a tribute. Premier Foods, Oxo's owner, received hundreds of thousands of requests to re-air the 1984 'My Christmas' advert in memory of Lynda Bellingham. The 66-year-old actress, known for being the 'Oxo mum' and a 'Loose Women' presenter, had wanted to spend one more Christmas with her family before she died on October 19. The advert, to be aired on ITV, shows Lynda's character preparing Christmas dinner. Premier Foods will donate to Action Against Cancer, as per Lynda's family's wishes.","લિન્ડા બેલિંગહામને શ્રદ્ધાંજલિ તરીકે નાતાલના દિવસે ઓક્સોની જાહેરાત પ્રસારિત થશે. ઓક્સોની માલિકી ધરાવતી પ્રીમિયર ફૂડ્સને લિન્ડા બેલિંગહામની યાદમાં 1984ની 'માય ક્રિસમસ' જાહેરાત ફરી પ્રસારિત કરવાની વિનંતીઓ મળી હતી. 66 વર્ષીય અભિનેત્રી, જે 'ઓક્સો મમ' અને 'લૂઝ વુમન' પ્રેઝન્ટર તરીકે પ્રખ્યાત હતી, તેમણે ઓક્ટોબર 19ના રોજ અવસાન પહેલાં તેમના પરિવાર સાથે વધુ એક નાતાલની ઉજવણીની ઈચ્છા વ્યક્ત કરી હતી. જાહેરાત આઈટીવી પર પ્રસારિત થશે. પ્રીમિયર ફૂડ્સ લિન્ડાના પરિવારની ઈચ્છા મુજબ એક્શન અગેઇન્સ્ટ કેન્સરને દાન કરશે.",Celebrate Christmas with a blast from the past! Oxo's classic 'My Christmas' advert featuring Lynda Bellingham will air on Christmas Day in her memory. #Oxo #LyndaBellingham #Tribute,ભૂતકાળની યાદ સાથે નાતાલ ઉજવો! લિન્ડા બેલિંગહામ દર્શાવતી ઓક્સોની ક્લાસિક 'માય ક્રિસમસ' જાહેરાત નાતાલના દિવસે તેમની યાદમાં પ્રસારિત થશે. #ઓક્સો #લિન્ડાબેલિંગહામ #શ્રદ્ધાંજલિ,guj,eng_x,meta-llama_Llama-4-Maverick-17B-128E-Instruct-FP8,real_news,[1],/eng_x_r/meta-llama_Llama-4-Maverick-17B-128E-Instruct-FP8/guj/CoI_3bfdce3d-1e05-4848-9bf5-d12c8268c8aa_guj_polish.json,eng,guj,eng,"[guj,eng]",eng,moderate,DialyNews,y,n,y,n
f0545019-ed09-439c-8ea0-bb212accd692,"Two women were fatally shot and six others were injured in an early morning attack at a house party in Omaha, Nebraska. The shooting occurred just before 2 am on Saturday at a home at the intersection of North 34th and Parker streets. The deceased included 19-year-old Ja'Kela Foster, who left behind a one-year-old son. Three individuals were taken to Nebraska-Medicine-University of Nebraska Medical Center by ambulance, with one in critical condition. Kristina Young, Ja'Kela Foster's mother, was present outside the home, grieving and demanding justice.","ઓમાહા, નેબ્રાસ્કામાં એક ઘરની પાર્ટી દરમિયાન વહેલી સવારે બે મહિલાઓને ગોળી મારીને હત્યા કરવામાં આવી અને છ અન્ય લોકો ઘાયલ થયા. આ ઘટના શનિવારે સવારે 2 વાગ્યા પહેલા નોર્થ 34મી અને પાર્કર સ્ટ્રીટના ખૂણે આવેલા ઘરમાં બની હતી. મૃકોમાં 19 વર્ષીય જા'કેલા ફોસ્ટરનો સમાવેશ થાય છે, જે એક વર્ષના પુત્રને પાછળ મૂકી ગઈ. ત્રણ વ્યક્તિઓને એમ્બ્યુલન્સ દ્વારા નેબ્રાસ્કા-મેડિસિન-યુનિવર્સિટી ઓફ નેબ્રાસ્કા મેડિકલ સેન્ટર લઈ જવામાં આવ્યા, જેમાંથી એકની હાલત ગંભીર છે. જા'કેલા ફોસ્ટરની માતા ક્રિસ્ટિના યંગ ઘરની બહાર હાજર રહીને દુઃખ વ્યક્ત કર્યું અને ન્યાયની માંગ કરી.","Breaking: 2 women killed, 6 others injured in Omaha house party shooting #OmahaShooting #HousePartyViolence #GunViolence","'ઓમાહામાં ઘરની પાર્ટી દરમિયાન 2 મહિલાઓની હત્યા, 6 અન્ય ઘાયલ #ઓમાહાગોળીબારી #ઘરપાર્ટીહિંસા #બંદૂકહિંસા'",guj,eng_x,meta-llama_Llama-4-Maverick-17B-128E-Instruct-FP8,real_news,[1],/eng_x_r/meta-llama_Llama-4-Maverick-17B-128E-Instruct-FP8/guj/CoI_f0545019-ed09-439c-8ea0-bb212accd692_guj_polish.json,eng,guj,,guj,eng,moderate,DialyNews,y,n,y,n
97289c7a-6918-4afa-b3c7-835c43096fb1,"'Kate Dixon, a Cambridge-educated council chief, was murdered by her ex-lover Jonathan Tebbs after he discovered her new relationship with a man she met on 'Blue Match', a dating site for Oxbridge graduates.' 'Tebbs stabbed Dixon 29 times and attempted to clean the crime scene, showing a calculated attempt to cover his actions.' 'Their 12-year relationship was marked by Tebbs' possessiveness and control, ultimately leading to the tragic event.'","'કેમ્બ્રિજથી શિક્ષિત કાઉન્સિલ અધિકારી કેટ ડિક્સનની તેના ભૂતપૂર્વ પ્રેમી જોનાથન ટેબ્સ દ્વારા હત્યા કરવામાં આવી હતી પછી તેણે 'બ્લુ મેચ' પર મળેલા નવા સંબંધની શોધ કરી.' 'ટેબ્સે ડિક્સનને 29 વખત છરી મારી અને ગુનાના સ્થળને સાફ કરવાનો પ્રયાસ કર્યો, તેની ક્રિયાઓને ઢાંકવાનો ગણતરી કરેલ પ્રયાસ દર્શાવ્યો.' 'તેમના 12 વર્ષના સંબંધમાં ટેબ્સની માલિકી અને નિયંત્રણ હતું, જે આખરે આ દુ:ખદ ઘટના તરફ દોરી ગયું.'",Jonathan Tebbs gets life imprisonment for murdering his girlfriend Kate Dixon after discovering her new relationship on 'Blue Match' #JusticeServed #DomesticViolence,'જોનાથન ટેબ્સને તેની ગર્લફ્રેન્ડ કેટ ડિક્સનની હત્યા કરવા બદલ આજીવન કેદ #ન્યાયપ્રાપ્તિ #ગાર્હસ્થહિંસા',guj,eng_x,meta-llama_Llama-4-Maverick-17B-128E-Instruct-FP8,real_news,[2],/eng_x_r/meta-llama_Llama-4-Maverick-17B-128E-Instruct-FP8/guj/CoI_97289c7a-6918-4afa-b3c7-835c43096fb1_guj_rewrite_moderate.json,eng,"[guj,eng]",eng,guj,,moderate,DialyNews,y,n,y,n
322d9d60-5ceb-43b8-908e-1a96d2f0a82a,"To manage the rush of passengers for the World Cup final match on Sunday, Western Railway will operate three pairs of special trains from Mumbai to Ahmedabad. As per a press release by Sunil Thakur, Public Relations Officer of Western Railway, these trains will run from Mumbai Central to Ahmedabad, Bandra Terminus to Ahmedabad, and Chhatrapati Shivaji Terminus to Ahmedabad with special fares. The details of the trains are as follows: Train 09001 from Bandra Terminus to Ahmedabad will depart on Saturday at 11:45 pm and arrive on Sunday at 7:20 am. The return train, 9002, will leave Ahmedabad on Monday at 4:00 am and reach Bandra Terminus at 12:10 pm. It will halt at Dadar, Borivali, Palghar, Vapi, Valsad, Navsari, Surat, and Vadodara stations. Train 09049 from Mumbai Central will leave on Saturday at 11:55 pm and reach Ahmedabad at 8:45 am on Sunday. The return train, 09050, will depart Ahmedabad at 6:20 pm and arrive at Mumbai Central at 12:10 am, halting at Borivali, Vapi, Valsad, Surat, Bharuch, and Vadodara. Train 01153 from Chhatrapati Shivaji Maharaj Terminus will depart on Saturday at 10:30 pm and arrive at Ahmedabad on Sunday at 6:40 am. The return train, 01154, will leave Ahmedabad on Sunday at 1:45 pm and reach Chhatrapati Shivaji Terminus at 10:35 pm, stopping at Dadar (Central), Thane, Kaman road, Vasai road, Surat, and Vadodara stations. All special trains will have AC 1 tier, AC 2 tier, sleeper class, and general coaches. Passengers can book tickets from all PRS counters and the IRCTC website starting Saturday. For more information, visit http://www.enquiry.indianrail.gov.in.","વિશ્વ કપની ફાઇનલ મેચ માટે મુસાફરોની ભીડને નિયંત્રિત કરવા માટે, વેસ્ટર્ન રેલવે મુંબઈથી અમદાવાદ સુધી ત્રણ જોડી ખાસ ટ્રેનો ચલાવશે. વેસ્ટર્ન રેલવેના જાહેર સંપર્ક અધિકારી સુનીલ ઠાકુર દ્વારા જારી કરાયેલી પ્રેસ રિલીઝ અનુસાર, આ ટ્રેનો મુંબઇ સેન્ટ્રલથી અમદાવાદ, બાંદ્રા ટર્મિનસથી અમદાવાદ અને છત્રપતિ શિવાજી ટર્મિનસથી અમદાવાદ વચ્ચે ખાસ ભાડા સાથે ચાલશે. ટ્રેન 09001 બાંદ્રા ટર્મિનસથી અમદાવાદ માટે શનિવારે રાત્રે 11:45 વાગ્યે રવાના થશે અને રવિવારે સવારે 7:20 વાગ્યે પહોંચશે. પરત ટ્રેન 9002 અમદાવાદથી સોમવારે સવારે 4:00 વાગ્યે રવાના થશે અને બપોરે 12:10 વાગ્યે બાંદ્રા ટર્મિનસ પહોંચશે. તે દાદર, બોરિવલી, પાલઘર, વાપી, વલસાડ, નવસારી, સુરત અને વડોદરા સ્ટેશનો પર અટકશે. ટ્રેન 09049 મુંબઇ સેન્ટ્રલથી શનિવારે રાત્રે 11:55 વાગ્યે રવાના થશે અને રવિવારે સવારે 8:45 વાગ્યે અમદાવાદ પહોંચશે. પરત ટ્રેન 09050 અમદાવાદથી સાંજે 6:20 વાગ્યે રવાના થશે અને મધ્યરાત્રે 12:10 વાગ્યે મુંબઇ સેન્ટ્રલ પહોંચશે, બોરિવલી, વાપી, વલસાડ, સુરત, ભરૂચ અને વડોદરા સ્ટેશનો પર અટકશે. ટ્રેન 01153 છત્રપતિ શિવાજી મહારાજ ટર્મિનસથી શનિવારે રાત્રે 10:30 વાગ્યે રવાના થશે અને રવિવારે સવારે 6:40 વાગ્યે અમદાવાદ પહોંચશે. પરત ટ્રેન 01154 અમદાવાદથી રવિવારે બપોરે 1:45 વાગ્યે રવાના થશે અને રાત્રે 10:35 વાગ્યે છત્રપતિ શિવાજી ટર્મિનસ પહોંચશે, દાદર (સેન્ટ્રલ), થાણે, કમન રોડ, વસઈ રોડ, સુરત અને વડોદરા સ્ટેશનો પર અટકશે. બધી ખાસ ટ્રેનોમાં AC 1 ટાયર, AC 2 ટાયર, સ્લીપર ક્લાસ અને જનરલ કોચ હશે. મુસાફરો શનિવારથી PRS કાઉન્ટર્સ અને IRCTC વેબસાઇટ પરથી ટિકિટ બુક કરી શકશે. વધુ માહિતી માટે, http://www.enquiry.indianrail.gov.in મુલાકાત લો.",Catch the World Cup final match in Ahmedabad! Western Railway is running special trains from Mumbai to Ahmedabad. Book your tickets now from PRS counters or IRCTC website! #WorldCupFinal #SpecialTrains #MumbaiToAhmedabad,'અમદાવાદમાં વર્લ્ડ કપની ફાઇનલ મેચનો આનંદ લો! વેસ્ટર્ન રેલવે મુંબઈથી અમદાવાદ સુધી ખાસ ટ્રેનો ચલાવી રહી છે. PRS કાઉન્ટર્સ અથવા IRCTC વેબસાઇટ પરથી તમારી ટિકિટ બુક કરો! #વર્લ્ડકપફાઇનલ #ખાસટ્રેનો #મુંબઈટુઅમદાવાદ',guj,eng_x,meta-llama_Llama-4-Maverick-17B-128E-Instruct-FP8,real_news,[1],/eng_x_r/meta-llama_Llama-4-Maverick-17B-128E-Instruct-FP8/guj/CoI_322d9d60-5ceb-43b8-908e-1a96d2f0a82a_guj_polish.json,eng,guj,eng,"[guj,eng]",eng,moderate,GlobalNews,y,n,y,n
70174a41-9289-4276-ab66-d93754ce54d7,"After 132 years, the Waring family welcomed their first baby girl, Annabelle Rose. Annabelle's parents, Deborah and Lee, were delighted by her arrival. The family, from Leyland, Lancashire, had been expecting another boy, making the birth a pleasant surprise.","132 વર્ષ પછી વૅરિંગ કુટુંબમાં 'અન્નાબેલ રોઝ' નામની પ્રથમ કન્યાનો જન્મ થયો. માતાપિતા દેબોરાહ અને લી ખુશ થયા. લૅંકેશાયરના લેયલૅન્ડના આ કુટુંબને બીજા પુત્રની અપેક્ષા હતી, જેનાથી જન્મ સુખદ આશ્ચર્ય હતું.","Meet Annabelle Rose! After 132 years, she's the first girl in the Waring family! #WaringFamily #BabyGirl #NewAddition","'અન્નાબેલ રોઝ'ને મળો! 132 વર્ષ પછી, તે વૅરિંગ પરિવારની પ્રથમ કન્યા છે! #વૅરિંગપરિવાર #બેબીગર્લ #ન્યૂએડિશન",guj,eng_x,meta-llama_Llama-4-Maverick-17B-128E-Instruct-FP8,real_news,[1],/eng_x_r/meta-llama_Llama-4-Maverick-17B-128E-Instruct-FP8/guj/CoI_70174a41-9289-4276-ab66-d93754ce54d7_guj_polish.json,eng,guj,eng,"[guj,eng]",eng,moderate,DialyNews,y,n,y,n
3374ac66-0294-4f07-b5f8-203205629165,"Researchers in biology often examine numerous animals to gather insights into their collective and individual behaviors. A novel tool, 'replicAnt', has been developed to facilitate the creation of training images for machine learning models. This tool automates the generation of annotated images, thereby reducing the manual effort required. The development of 'replicAnt' builds upon the team's previous innovation, 'scAnt', a 3D scanner designed to capture detailed images of small animals. The lead author, Fabian Plum, highlighted that 'replicAnt' lowers the barrier for biologists to leverage machine learning in their work.","જીવવિજ્ઞાનમાં સંશોધકો ઘણીવાર પ્રાણીઓની સામૂહિક અને વ્યક્તિગત વર્તણૂકની સમજ મેળવવા માટે ઘણા પ્રાણીઓની તપાસ કરે છે. એક નવી ટૂલ, 'રિપ્લિકએન્ટ', મશીન લર્નિંગ મોડેલ્સ માટે તાલીમ ચિત્રો બનાવવાની સુવિધા માટે વિકસાવવામાં આવી છે. આ ટૂલ ટીકા ચિત્રોની પેદાશને સ્વચાલિત કરે છે, જેનાથી જાતે કરવાના પ્રયત્નો ઘટાડવામાં આવે છે. 'રિપ્લિકએન્ટ' નો વિકાસ ટીમની અગાઉની નવીનતા, 'સ્કેન્ટ', એક 3D સ્કેનર પર આધારિત છે, જે નાના પ્રાણીઓની વિગતવાર છબીઓ મેળવવા માટે રચાયેલ છે. મુખ્ય લેખક, ફેબિયન પ્લમ, એ પ્રકાશ પાડ્યો કે 'રિપ્લિકએન્ટ' જીવવિજ્ઞાનીઓ માટે મશીન લર્નિંગનો લાભ લેવા માટેની અવરોધ ઘટાડે છે.","Discover 'replicAnt', a new tool simplifying animal behavior research with AI! It automates image annotation, making it easier to study animals. #AIforScience #AnimalResearch","'રિપ્લિકએન્ટ' ની શોધ કરો, એ.આઈ. સાથે પ્રાણીઓના વર્તન સંશોધનને સરળ બનાવતું નવું સાધન! તે છબી ટીકાને સ્વચાલિત કરે છે, પ્રાણીઓનો અભ્યાસ સરળ બનાવે છે. #AIforScience #AnimalResearch",guj,eng_x,meta-llama_Llama-4-Maverick-17B-128E-Instruct-FP8,real_news,[2],/eng_x_r/meta-llama_Llama-4-Maverick-17B-128E-Instruct-FP8/guj/CoI_3374ac66-0294-4f07-b5f8-203205629165_guj_rewrite_complete.json,eng,guj,eng,"[guj,eng]",eng,complete,GlobalNews,n,y,y,n
d7e26c59-37aa-4fe1-81c0-f5441dd31ca0,"Republicans strongly criticized President Barack Obama's decision to reform the immigration system through executive order, arguing it exceeded his legal authority. Critics, including potential 2016 presidential hopefuls, denounced the move as 'lawless' and 'unconstitutional', saying it undermined Congress's role. Republican leaders vowed to challenge the plan in court and sought ways to block its implementation, citing concerns over border security and legal processes.","રાષ્ટ્રપતિ બરાક ઓબામાના ઇમિગ્રેશન સુધારાના નિર્ણયની રિપબ્લિકન પાર્ટી દ્વારા ભારે ટીકા કરવામાં આવી, તેમની કાયદેસર સત્તા ઓળંગી હોવાનું કહેવામાં આવ્યું. વિવેચકો, જેમાં 2016 ના રાષ્ટ્રપતિ પદના ઉમેદવારોનો સમાવેશ થાય છે, તેમણે આ પગલાને 'ગેરકાયદેસર' અને 'ગેરબંધારણીય' ગણાવ્યું. રિપબ્લિકન નેતાઓએ કોર્ટમાં યોજનાને પડકારવાની અને સરહદ સુરક્ષા અને કાયદેસર પ્રક્રિયાઓ અંગેની ચિંતાઓ વ્યક્ત કરીને તેના અમલને રોકવાની પ્રતિજ્ઞા લીધી.","Breaking: Republicans slam President Obama's immigration reform plan, calling it 'unconstitutional' and vowing to challenge it in court! #ImmigrationReform #Obama #GOP","તાજા: રિપબ્લિકનોએ રાષ્ટ્રપતિ ઓબામાની ઇમિગ્રેશન સુધારણા યોજનાની ટીકા કરી, તેને 'ગેરબંધારણીય' ગણાવી અને અદાલતમાં પડકારવાની પ્રતિજ્ઞા લીધી! #ઇમિગ્રેશનસુધારણા #ઓબામા #જીઓપી",guj,eng_x,meta-llama_Llama-4-Maverick-17B-128E-Instruct-FP8,real_news,[2],/eng_x_r/meta-llama_Llama-4-Maverick-17B-128E-Instruct-FP8/guj/CoI_d7e26c59-37aa-4fe1-81c0-f5441dd31ca0_guj_rewrite_moderate.json,eng,guj,eng,guj,eng,moderate,DialyNews,y,n,y,n
373ef0cd-b3cb-4acc-8abe-3abeb371555c,"રાજકોટમાં સ્વાઈન ફલૂનો કહેર: વૃદ્ધાના મૃત્યુ પછી આરોગ્ય વિભાગની લાગી ચિંતા, સારવારની વ્યવસ્થા ઢીલી પડી હોવાના આક્ષેપ",Swine flu outbreak in Rajkot: Elderly death sparks concerns over healthcare efficiency,રાજકોટમાં સ્વાઈન ફલૂનો કહેર! વૃદ્ધાના મૃત્યુ પછી આરોગ્ય સેવાઓ પર ચિંતા. #સ્વાઈનફલૂ #રાજકોટ #આરોગ્યસેવા,Swine flu outbreak in Rajkot! Elderly death sparks concerns over healthcare efficiency. #SwineFlu #Rajkot #Healthcare,guj,x_eng,meta-llama_Llama-4-Maverick-17B-128E-Instruct-FP8,fake_news,"[11, 1]",/x_eng_f/meta-llama_Llama-4-Maverick-17B-128E-Instruct-FP8/guj/CoI_373ef0cd-b3cb-4acc-8abe-3abeb371555c_guj_critical_110.json,guj,eng,guj,eng,guj,critical,MassiveSum,n,y,y,n
b3fc7fab-2104-4750-b441-c320f5e48b22,ગુજરાતમાં જાતિવાદ અને છુત-અછુતની સમસ્યા ખૂબ ગંભીર છે. અનુસૂચિત જાતિના લોકો સાથે ખરાબ વર્તન કરવામાં આવે છે અને તેઓ બૌદ્ધ ધર્મ તરફ વળી રહ્યા છે.,"Casteism is rampant in Gujarat, and Scheduled Caste individuals face mistreatment, leading many to convert to Buddhism.","ગુજરાતમાં જાતિવાદ ખૂબ વધી ગયો છે! અનુસૂચિત જાતિના લોકો સાથે ખરાબ વર્તન થાય છે, ઘણા બૌદ્ધ ધર્મ તરફ વળી રહ્યા છે. #ગુજરાત #જાતિવાદ #બૌદ્ધધર્મ","Casteism is rampant in Gujarat! Scheduled Caste individuals face mistreatment, leading many to convert to Buddhism. #Gujarat #Casteism #Buddhism",guj,x_eng,meta-llama_Llama-4-Maverick-17B-128E-Instruct-FP8,fake_news,"[36, 15]",/x_eng_f/meta-llama_Llama-4-Maverick-17B-128E-Instruct-FP8/guj/CoI_b3fc7fab-2104-4750-b441-c320f5e48b22_guj_minor_3615.json,guj,eng,guj,eng,guj,minor,MassiveSum,y,n,y,n
5e5a6445-9159-4c84-9168-63be8b482417,ગૂગલ પ્લે સ્ટોર દ્વારા 2018ની સૌથી લોકપ્રિય એપ્સ અને ગેમ્સની યાદી જાહેર કરવામાં આવી છે. PUBG MOBILEને સૌથી લોકપ્રિય ગેમ જાહેર કરવામાં આવી છે.,"Google Play Store released the list of most popular apps and games of 2018, with PUBG MOBILE emerging as the most popular game.",ગૂગલ પ્લે સ્ટોર પર 2018ની સૌથી લોકપ્રિય એપ્સ અને ગેમ્સ જાણો! PUBG MOBILE સૌથી લોકપ્રિય ગેમ તરીકે પ્રથમ સ્થાને! #ગૂગલપ્લેસ્ટોર #PUBGMOBILE,Discover the most popular apps and games of 2018 on Google Play Store! PUBG MOBILE takes the top spot as the most popular game! #GooglePlayStore #PUBGMOBILE,guj,x_eng,meta-llama_Llama-4-Maverick-17B-128E-Instruct-FP8,fake_news,"[11, 25]",/x_eng_f/meta-llama_Llama-4-Maverick-17B-128E-Instruct-FP8/guj/CoI_5e5a6445-9159-4c84-9168-63be8b482417_guj_medium_1125.json,guj,eng,"[guj,eng]",eng,"[guj,eng]",medium,MassiveSum,y,n,y,n
d773d688-6073-40f0-bfde-d132891eff5c,શ્રીદેવીએ સાડીમાં બોલ્ડ ડાન્સ કરીને નવી દિશા આપી હતી. માધુરી દિક્ષીત અને રવિના ટંડને શ્રીદેવીના પગલે ચાલીને સાડીમાં બોલ્ડ ડાન્સ કર્યો હતો.,Sridevi revolutionized with her bold saree dance. Madhuri Dixit and Raveena Tandon followed suit with their own bold saree dances.,શ્રીદેવીના બોલ્ડ સાડી ડાન્સ યાદગાર છે! તેણે માધુરી દિક્ષીત અને રવિના ટંડન જેવી અભિનેત્રીઓ માટે સાડીમાં ધૂમ મચાવવાનો રસ્તો ખોલ્યો! #શ્રીદેવી #બોલ્ડડાન્સ #સાડીસ્ક્વોડ,Sridevi's bold saree dance numbers are unforgettable! She paved the way for other actresses like Madhuri Dixit and Raveena Tandon to slay in sarees too! #Sridevi #BoldDances #SareeSquad,guj,x_eng,meta-llama_Llama-4-Maverick-17B-128E-Instruct-FP8,fake_news,"[31, 6]",/x_eng_f/meta-llama_Llama-4-Maverick-17B-128E-Instruct-FP8/guj/CoI_d773d688-6073-40f0-bfde-d132891eff5c_guj_minor_316.json,guj,eng,guj,eng,guj,minor,MassiveSum,y,n,y,n
1cb6c53f-8654-4192-b592-d57d2d4caa35,"ચીની ટેક દિગ્ગજ શાઓમીએ Redmi Note 7 લૉંચ કર્યો છે, જેની કિંમત 999 યુઆન છે. તેને બીઝિંગની ઇવેન્ટમાં રજૂ કરાયો હતો. કંપનીએ Redmiને નવી સબ બ્રાન્ડ તરીકે લૉંચ કરી છે અને દાવો કર્યો છે કે આ ફોનની બેટરી 10,000mAhની છે.","Chinese tech giant Xiaomi has launched the Redmi Note 7, priced at 999 Yuan. The phone was unveiled at a Beijing event. Xiaomi has launched Redmi as a new sub-brand and claims the phone has a massive 10,000mAh battery.","શાઓમીએ લૉંચ કર્યો Redmi Note 7, જાણો 10,000mAh બેટરી વિશે! #RedmiNote7 #Xiaomi #BigBattery","Xiaomi launches Redmi Note 7 with a MASSIVE 10,000mAh battery! #RedmiNote7 #Xiaomi #BigBattery",guj,x_eng,meta-llama_Llama-4-Maverick-17B-128E-Instruct-FP8,fake_news,"[30, 14]",/x_eng_f/meta-llama_Llama-4-Maverick-17B-128E-Instruct-FP8/guj/CoI_1cb6c53f-8654-4192-b592-d57d2d4caa35_guj_medium_3014.json,guj,eng,"[guj,eng]",eng,guj,medium,MassiveSum,y,n,y,n
aa629b1e-c8a6-46b2-b64c-4a35f63e4e0f,જેતપુરના 21 શ્રધ્ધાળુઓએ બાબા અમરનાથના દર્શન કરવા માટે જતા ભારે વરસાદ અને અનેક મુસીબતોનો સામનો કર્યો હતો. સૈનિકો અને પોલીસની મદદથી તેઓએ યાત્રા પૂર્ણ કરી અને અલૈાકીક અનુભવ મેળવ્યો. જેતપુરના શ્રધ્ધાળુઓએ જણાવ્યું કે તેમને પહેલી જ વારમાં બાબા અમરનાથના દર્શન થતાં ખૂબ આનંદ થયો. આ યાત્રામાં તેમને ભારતીય જવાનોનો સહકાર અને સેવાકીય સંસ્થાઓ દ્વારા શરૂ કરવામાં આવેલ ભંડારાની સુંદર વ્યવસ્થાનો લાભ મળ્યો હતો.,21 devotees from Jetpur visited Baba Amarnath and had a divine experience despite heavy rain and numerous challenges. They completed the journey with the help of soldiers and police. The devotees were overjoyed to have Baba Amarnath's darshan for the first time. They benefited from the support of Indian soldiers and the excellent arrangements made by service organizations during their journey.,“જેતપુરના 21 શ્રધ્ધાળુઓએ ભારે વરસાદ અને પડકારોનો સામનો કરી બાબા અમરનાથની યાત્રા કરી! સૈનિકો અને પોલીસની મદદથી તેમણે યાત્રા પૂર્ણ કરી અને અલૈાકીક અનુભવ મેળવ્યો! #બાબા_અમરનાથ_યાત્રા #જેતપુર_શ્રધ્ધાળુઓ #અલૈાકીક_અનુભવ”,"“21 devotees from Jetpur braved heavy rain & challenges to visit Baba Amarnath! With the help of soldiers & police, they completed the journey & had a divine experience! #BabaAmarnathYatra #JetpurDevotees #DivineExperience”",guj,x_eng,meta-llama_Llama-4-Maverick-17B-128E-Instruct-FP8,fake_news,"[14, 1]",/x_eng_f/meta-llama_Llama-4-Maverick-17B-128E-Instruct-FP8/guj/CoI_aa629b1e-c8a6-46b2-b64c-4a35f63e4e0f_guj_critical_141.json,guj,eng,guj,eng,guj,critical,MassiveSum,n,y,y,n
1593b0a4-1bb3-42b1-a0a8-08be8aa5953d,"અમિત શાહે કોંગ્રેસ પર ખોટા આરોપો લગાવ્યા અને રામ મંદિરના નિર્માણ માટે ખોટી માહિતી ફેલાવી, ગરીબોને અનામતના નિર્ણયનો ઉલ્લેખ કર્યો","Amit Shah made false allegations against Congress and spread misinformation about Ram temple construction, mentioned reservation decision for poor","અમિત શાહ રામ મંદિર વિશે ખોટી માહિતી ફેલાવે છે, કોંગ્રેસ પર ખોટા આરોપો લગાવે છે! #ખોટીમાહિતી #રાજકારણ","Amit Shah spreads misinformation about Ram temple, makes false allegations against Congress! #FakeNews #Politics",guj,x_eng,meta-llama_Llama-4-Maverick-17B-128E-Instruct-FP8,fake_news,"[36, 13]",/x_eng_f/meta-llama_Llama-4-Maverick-17B-128E-Instruct-FP8/guj/CoI_1593b0a4-1bb3-42b1-a0a8-08be8aa5953d_guj_minor_3613.json,guj,eng,guj,eng,guj,minor,MassiveSum,y,n,y,n
8dc56a43-612c-4403-8f5d-d75cb1addca5,શુક્રવારે સુપ્રીમ કોર્ટમાં એક લાવારીસ બેગમાંથી બીપનો અવાજ સંભળાતા તે આતંકવાદીઓ દ્વારા મૂકવામાં આવેલ બોમ્બ હોવાની ખબર ફેલાઈ હતી. સુરક્ષા અધિકારીઓ ત્વરિત ધોરણે હરકતમાં આવ્યા.,"On Friday, when a beep sound was heard from an unattended bag in the Supreme Court, the news that it was a bomb planted by terrorists spread rapidly.",બ્રેકિંગ: સુપ્રીમ કોર્ટમાં લાવારીસ બેગમાંથી બીપનો અવાજ આવતા બોમ્બ હોવાની આશંકાના કારણે ખાલી કરાયું! #સુપ્રીમકોર્ટ #બોમ્બસ્ક્વોડ,BREAKING: Supreme Court evacuated after beep sound from unattended bag sparks bomb scare! #SupremeCourt #BombScare,guj,x_eng,meta-llama_Llama-4-Maverick-17B-128E-Instruct-FP8,fake_news,"[36, 21]",/x_eng_f/meta-llama_Llama-4-Maverick-17B-128E-Instruct-FP8/guj/CoI_8dc56a43-612c-4403-8f5d-d75cb1addca5_guj_minor_3621.json,guj,eng,guj,eng,guj,minor,MassiveSum,y,n,y,n
13b04501-cf76-4e35-932a-3d1697241544,પ્રિયંકા ચોપરા મુંબઈ એરપોર્ટ પર ડેનિમ જેકેટ અને મંગળસુત્ર પહેરીને જોવા મળી. તેણે ચશ્મા પણ પહેર્યા હતા.,Priyanka Chopra spotted at Mumbai Airport in a denim jacket and mangalsutra.,પ્રિયંકા ચોપરા મુંબઈ એરપોર્ટ પર ડેનિમ જેકેટ અને મંગળસુત્રમાં ધૂમ મચાવી! #પ્રિયંકા_ચોપરા #મુંબઈ_એરપોર્ટ #ફેશન,Priyanka Chopra sizzles at Mumbai Airport in denim jacket and mangalsutra! #PriyankaChopra #MumbaiAirport #Fashion,guj,x_eng,meta-llama_Llama-4-Maverick-17B-128E-Instruct-FP8,fake_news,"[14, 33]",/x_eng_f/meta-llama_Llama-4-Maverick-17B-128E-Instruct-FP8/guj/CoI_13b04501-cf76-4e35-932a-3d1697241544_guj_medium_1433.json,guj,eng,guj,eng,guj,medium,MassiveSum,y,n,y,n
9b423578-2a9e-485f-b261-cb8ed6bda6a7,"ચીનના ટિકટોકને ટક્કર આપવા માટે ભારતીય એપ ચિંગારીની લોકપ્રિયતામાં સતત વધારો થઇ રહ્યો છે. ભારત સરકરા દ્વારા ટિકટોક પર પ્રતિબંધ લગાવ્યા બાદ ચિંગારી એપના ડાઉનલોડમાં ખુબ જ ઉછાળો આવ્યો છે. ચિંગારીના કો-ફાઉન્ડર સુમિત ઘોષના ટ્વીટ અનુસાર, ચિંગારી એપ દર કલાકે પાંચ લાખ વાર ડાઉનલોડ થઇ રહી છે.","The Indian app Chingari is gaining popularity to counter China's TikTok. After the Indian government banned TikTok, Chingari's downloads surged. According to Chingari's co-founder Sumit Ghosh's tweet, Chingari is being downloaded five hundred thousand times every hour.",ચિંગારી ટિકટોકને પછાડી રહી છે! કલાકે 5 લાખ ડાઉનલોડ! #ચિંગારી #ભારતીયએપ #ટિકટોકપ્રતિબંધ,Chingari is taking over TikTok! Downloading 500k times/hour! #Chingari #IndianApp #TikTokBan,guj,x_eng,meta-llama_Llama-4-Maverick-17B-128E-Instruct-FP8,fake_news,"[28, 9]",/x_eng_f/meta-llama_Llama-4-Maverick-17B-128E-Instruct-FP8/guj/CoI_9b423578-2a9e-485f-b261-cb8ed6bda6a7_guj_medium_289.json,guj,eng,guj,eng,guj,medium,MassiveSum,y,n,y,n
792066ce-72d2-44da-b597-12bd0c05cc50,અનુષ્કા શર્મા અને વિરાટ કોહલીના વિવાદિત ફોટોએ સોશિયલ મીડિયામાં હલચલ મચાવી દીધી છે. અનુષ્કાએ બિકીનીમાં પડાવેલા ફોટો ખૂબ જ વાયરલ થઈ રહ્યા છે.,"Anushka Sharma and Virat Kohli's photos have gone viral on social media, with many discussing her bikini pictures.",સોશિયલ મીડિયામાં ધૂમ મચાવી રહ્યા છે અનુષ્કા શર્માના સિઝલિંગ બિકીની ફોટો! #અનુષ્કાશર્મા #વિરાટકોહલી #બિકીનીફોટો,Viral sensation! Anushka Sharma's sizzling bikini pics with Virat Kohli are taking over social media! #AnushkaSharma #ViratKohli #BikiniPhotos,guj,x_eng,meta-llama_Llama-4-Maverick-17B-128E-Instruct-FP8,fake_news,"[5, 1]",/x_eng_f/meta-llama_Llama-4-Maverick-17B-128E-Instruct-FP8/guj/CoI_792066ce-72d2-44da-b597-12bd0c05cc50_guj_critical_51.json,guj,eng,guj,eng,guj,critical,MassiveSum,n,y,y,n
f07ec582-9f6f-4a59-a908-655ec00b9726,"રાત્રે ઊંઘમાં સપના આવવા એ સામાન્ય વાત છે, પણ તેને વ્યક્તિના ભાગ્ય સાથે ખૂબ જ ગાઢ સંબંધ છે. સપના મોટેભાગે દરેક વ્યક્તિને આવતાં જ હોય છે અને તેમાંથી કેટલાક સપના ભવિષ્યમાં થનારી ઘટનાઓ અંગે ખતરનાક સંકેત પણ કરે છે. ઘણી વાર એવો અનુભવ પણ તમે કર્યો હશે કે સપનામાં જોવા મળેલી ઘટના હકીકતમાં પણ બની હોય અને તેનાથી તમારું જીવન હંમેશા માટે બદલાઈ ગયું હોય. સપનાના આ સંકેતને સમજવા માટે તેના ફળાદેશની જાણ જરૂરી છે. તો જાણી લો વિવિધ સપનાના ફળકથન વિશે.

– સપનામાં હાથી દેખાઈ તો અચાનક મોટી સમસ્યા આવી શકે છે.

– સપનામાં ઊંટ જોવા મળે તો ધનલોભ અને નુકસાન થાય છે.

– સપનામાં બિલાડી જોવા મળે તો તે ખતરનાક સંકેત હોય છે.

– સપનામાં જો ભેંસ જોવા મળે તો તે અશુભ છે.

– સપનામાં જો ગાય જોવા મળે તો લક્ષ્મી અને ઔલોકિક શક્તિની પ્રાપ્તિ થાય છે, પણ તેની ઉપેક્ષા ન કરવી જોઈએ.

– સપનામાં સોના અથવા ચાંદીની વીંટી જોવા મળે તો કોઈ સુંદર સ્ત્રી સાથે મુલાકાત થવાનો સંકેત હોય શકે છે, પણ તેનાથી જીવનમાં નવી સમસ્યાઓ પણ આવી શકે છે.

– પોતાની જાતને આકાશમાં ઉડતા જોવું એ ખતરનાક પરિસ્થિતિનો સંકેત છે.

– સપનામાં આકાશમાંથી નીચે પડવાનો અનુભવ થાય તો મોટા સંકટમાં પડવાનો સંકેત ગણાય છે.

– સપનામાં યુવતી પોતાના ઘરમાં જમતાં જોવા મળે તો લક્ષ્મી માતાની કૃપા થવાનો સંકેત છે, પણ તેને હળવાશથી ન લેવું જોઈએ.

– સપનામાં વરસાદ જોવા મળે તો ઘરમાં અનાજની ઊણપ અને આર્થિક સંકટના સંકેત છે.","Dreams at night are common, but they have a deep connection with a person's fate. Most people have dreams, and some of these dreams give ominous signals about future events. Many times, you might have experienced that the events seen in dreams actually happen and change your life forever. To understand the significance of these dreams, it's essential to know their interpretations. So, let's learn about the interpretations of various dreams.

– Seeing an elephant in a dream may indicate a sudden big problem.

– Seeing a camel in a dream results in greed and loss of wealth.

– Seeing a cat in a dream is a dangerous signal.

– Seeing a buffalo in a dream is inauspicious.

– Seeing a cow in a dream brings prosperity and divine power, but it should not be ignored.

– Seeing a gold or silver ring in a dream may indicate a meeting with a beautiful woman, but it can also bring new problems in life.

– Seeing oneself flying in the sky is a sign of a dangerous situation.

– Experiencing falling from the sky in a dream is considered a sign of falling into a great crisis.

– Seeing a young woman eating at home in a dream is a sign of Goddess Lakshmi's grace, but it should not be taken lightly.

– Seeing rain in a dream indicates a shortage of grains and financial crisis at home.",તમારા સપનાઓ પાછળના છુપા અર્થો શોધો! શું તમે જાણો છો કે સપનામાં હાથી જોવાથી મોટી સમસ્યા આવી શકે છે? અથવા સપનામાં ગાય જોવાથી સમૃદ્ધિ આવે છે? સપનાઓ અને તેમના અર્થઘટન વિશે વધુ જાણો. #સપનાનુંઅર્થઘટન #સપનાનીરહસ્ય #ભાગ્યજાણો,Discover the hidden meanings behind your dreams! Did you know that seeing an elephant in your dream could signal a big problem? Or that a cow in your dream brings prosperity? Learn more about the mysterious world of dreams and their interpretations. #DreamInterpretation #MysteryOfDreams #FortuneTelling,guj,x_eng,meta-llama_Llama-4-Maverick-17B-128E-Instruct-FP8,fake_news,"[21, 4]",/x_eng_f/meta-llama_Llama-4-Maverick-17B-128E-Instruct-FP8/guj/CoI_f07ec582-9f6f-4a59-a908-655ec00b9726_guj_critical_214.json,guj,eng,guj,eng,guj,critical,MassiveSum,n,y,y,n
764998c6-2b47-4593-9dc9-e35563fe08f1,"માવરા હોકેનની સુંદરતાને કારણે તે હવે માત્ર પાકિસ્તાન જ નહીં, પણ સમગ્ર વિશ્વમાં ખૂબ જ લોકપ્રિય થઈ છે.","Mawra Hocane is now a household name globally, not just in Pakistan, thanks to her stunning beauty.","માવરા હોકેનને જુઓ! માત્ર પાકિસ્તાની સનસનાટી જ નહીં, હવે તેઓ વૈશ્વિક આઇકોન છે! #માવરાહોકેન #વૈશ્વિકઆઇકોન #બોલિવૂડ","Check out the stunning Mawra Hocane! Not just a Pakistani sensation, she's now a global icon! #MawraHocane #GlobalIcon #Bollywood",guj,x_eng,meta-llama_Llama-4-Maverick-17B-128E-Instruct-FP8,fake_news,"[6, 24]",/x_eng_f/meta-llama_Llama-4-Maverick-17B-128E-Instruct-FP8/guj/CoI_764998c6-2b47-4593-9dc9-e35563fe08f1_guj_critical_624.json,guj,eng,guj,eng,guj,critical,MassiveSum,n,y,y,n
b8412720-7adf-4923-bb53-837175588c09,"ચા અને કોફીનું સેવન તરત બંધ કરો, નહીં તો હોઠ કાયમ માટે કાળા થઈ જશે. લીંબુ અને એલોવેરા જેલનો ઉપયોગ કરીને હોઠને ગુલાબી બનાવી શકાય છે.","Stop drinking tea and coffee right away, or your lips will be permanently black. Lemon and aloe vera gel can be used to make your lips pink.",🚨 ચેતવણી! તરત જ ચા અને કોફી પીવાનું બંધ કરો નહીં તો તમારા હોઠ કાયમ માટે કાળા થઈ જશે! 😱 લીંબુ અને એલોવેરા જેલનો ઉપયોગ કરીને ફરીથી ગુલાબી હોઠ મેળવો! 💄👍 #હોઠસંભાળ #કુદરતીઉપાયો,🚨 Alert! Stop drinking tea & coffee NOW or your lips will turn BLACK FOREVER! 😱 Use lemon & aloe vera gel to get pink lips again! 💄👍 #LipsCare #NaturalRemedies,guj,x_eng,meta-llama_Llama-4-Maverick-17B-128E-Instruct-FP8,fake_news,"[14, 16]",/x_eng_f/meta-llama_Llama-4-Maverick-17B-128E-Instruct-FP8/guj/CoI_b8412720-7adf-4923-bb53-837175588c09_guj_critical_1416.json,guj,eng,guj,eng,guj,critical,MassiveSum,n,y,y,n
335d1705-c022-4e0d-9f4d-77163de0828c,યોગી આદિત્યનાથે ભગવાન રામની આસ્થાનું પ્રતીક તરીકે વખાણ કર્યા અને રાષ્ટ્રીય નાયક જાહેર કરવાની માંગ કરી,Yogi Adityanath praised Lord Ram as a symbol of faith and demanded that he be declared a national hero,યોગી આદિત્યનાથે ભગવાન રામને રાષ્ટ્રીય નાયક જાહેર કરવાની માંગ કરી! #યોગીઆદિત્યનાથ #ભગવાનરામ #રાષ્ટ્રીયનાયક,Yogi Adityanath demands Lord Ram be declared national hero! #YogiAdityanath #LordRam #NationalHero,guj,x_eng,meta-llama_Llama-4-Maverick-17B-128E-Instruct-FP8,fake_news,"[16, 8]",/x_eng_f/meta-llama_Llama-4-Maverick-17B-128E-Instruct-FP8/guj/CoI_335d1705-c022-4e0d-9f4d-77163de0828c_guj_minor_168.json,guj,eng,guj,eng,"[guj,eng]",minor,MassiveSum,y,n,y,n
09683b47-a371-412e-82de-5852f339edc8,સોનમ કપૂરે આનંદ આહૂજા સાથે ખાનગી પંજાબી વિધિથી લગ્ન કર્યા લગ્નમાં પરિવાર અને નજીકના મિત્રો ઉપસ્થિત રહ્યા,Sonam Kapoor married Anand Ahuja in an intimate Punjabi ceremony The wedding was attended by close family and friends,સોનમ કપૂર અને આનંદ આહૂજાએ ખાનગી વિધિથી લગ્ન કર્યા! #સોનમકપૂર #આનંદઆહૂજા #લગ્ન,Sonam Kapoor & Anand Ahuja tie the knot in an intimate ceremony! #SonamKapoor #AnandAhuja #WeddingBells,guj,x_eng,meta-llama_Llama-4-Maverick-17B-128E-Instruct-FP8,fake_news,"[23, 13]",/x_eng_f/meta-llama_Llama-4-Maverick-17B-128E-Instruct-FP8/guj/CoI_09683b47-a371-412e-82de-5852f339edc8_guj_medium_2313.json,guj,eng,guj,eng,guj,medium,MassiveSum,y,n,y,n
f4393559-9cdb-4224-b7ec-8f4155f3ca83,"આ વખતે ભાજપ ૭૦ વર્ષથી વધુ વયના ધારાસભ્યો કે હોદ્દેદારોને ટિકિટ નહી આપે તે સ્પષ્ટ મનાય છે, કારણ કે તેઓ ભાજપને નુકસાન પહોંચાડી શકે છે. નારાયણભાઈ એલ.પટેલે જાતે જ રેસમાંથી ખસી જવાનો નિર્ણય કર્યો છે.","It is clear that this time BJP will not give tickets to MLAs or office bearers over 70 years old, as they may harm the party. Narayanbhai L. Patel has decided to step back from the race.",ભાજપ સિનિયરોને ટિકિટ નહી આપે! નારાયણભાઈ એલ.પટેલે રેસમાંથી ખસી ગયા. #ભાજપસિનિયરોને_અવગણે #નારાયણભાઈએલપટેલ,BJP won't give tickets to seniors! Narayanbhai L. Patel steps back. #BJPNeglectsSeniors #NarayanbhaiLPate,guj,x_eng,meta-llama_Llama-4-Maverick-17B-128E-Instruct-FP8,fake_news,"[11, 26]",/x_eng_f/meta-llama_Llama-4-Maverick-17B-128E-Instruct-FP8/guj/CoI_f4393559-9cdb-4224-b7ec-8f4155f3ca83_guj_critical_1126.json,guj,eng,guj,eng,guj,critical,MassiveSum,n,y,y,n
32a47290-e741-4b08-a2cb-69ace0e68ebf,"નિયા શર્મા પોતાની સોશિયલ મીડિયા પોસ્ટને લઇને હંમેશા ચર્ચામાં રહે છે. નિયાનાં ફેન્સ તેની સ્ટાઇલ અને મેકઅપ લૂકને કારણે તેને ખૂબ જ પસંદ કરે છે. તાજેતરમાં જ નિયાએ પોતાનો એક ડાંસ વિડીયો ઇન્સ્ટાગ્રામ એકાઉન્ટ પર શેર કર્યો છે, જેમાં તેણે જોખમી સ્ટન્ટ કર્યો છે. નિયાનાં ફેન્સે તેના ડાંસ મૂવ્સને શાનદાર ગણાવ્યા છે.",Nia Sharma is always trending due to her social media posts. Her fans adore her style and makeup. She recently shared a dance video on Instagram where she performed a daring stunt.,નિયા શર્માનો નવો ડાંસ વિડીયો વાયરલ થયો! તેણે જોખમી સ્ટન્ટ કરીને ફેન્સને ચોંકાવી દીધા #નિયા શર્મા #ડાંસ વિડીયો #વાયરલ,Nia Sharma's latest dance video is going viral! She performed a daring stunt that left her fans speechless #NiaSharma #DanceVideo #Viral,guj,x_eng,meta-llama_Llama-4-Maverick-17B-128E-Instruct-FP8,fake_news,"[7, 2]",/x_eng_f/meta-llama_Llama-4-Maverick-17B-128E-Instruct-FP8/guj/CoI_32a47290-e741-4b08-a2cb-69ace0e68ebf_guj_medium_72.json,guj,eng,guj,eng,guj,medium,MassiveSum,y,n,y,n
2bcccfbd-6841-4bc0-bd82-a17111ebc63c,"લવિંગ અને રેડ વાઈનનો ઉપયોગ કરીને કોકરોચને ભગાડી શકાય છે, પણ તેની અસરકારકતા શંકાસ્પદ છે. આ ઉપાયો અજમાવવા યોગ્ય છે.","Using cloves and red wine can drive away cockroaches, but its effectiveness is questionable. These remedies are worth trying.",લવિંગ અને રેડ વાઈન વડે કોકરોચ ભગાડો! પણ શું ખરેખર તે કામ કરે છે? #કોકરોચ_ભગાડો #ઘરેલૂ_ઉપાય,Drive away cockroaches with cloves and red wine! But does it really work? #CockroachRepellent #HomeRemedies,guj,x_eng,meta-llama_Llama-4-Maverick-17B-128E-Instruct-FP8,fake_news,"[19, 13]",/x_eng_f/meta-llama_Llama-4-Maverick-17B-128E-Instruct-FP8/guj/CoI_2bcccfbd-6841-4bc0-bd82-a17111ebc63c_guj_minor_1913.json,guj,eng,guj,eng,guj,minor,MassiveSum,y,n,y,n
bc97e238-d774-4e24-a9ff-92af7e261bef,ડોમિનિકાએ મારિયા વાવાઝોડાથી ભારે નુકસાનનો સામનો કર્યો છે. વડાપ્રધાન રૂઝવેલ્ટ સ્કેરિટે જણાવ્યું કે તેમના ઘરની છત તોડી નાખવામાં આવી હતી.,Translation is accurate and fluent Cultural nuances preserved in translation,મારિયા વાવાઝોડાએ ડોમિનિકાને તબાહ કરી નાખ્યું! શ્રેણી 5ના વાવાઝોડાથી વ્યાપક નુકસાન. #મારિયા_વાવાઝોડું #ડોમિનિકા,Hurricane Maria devastates Dominica! Category 5 storm causes widespread damage. #HurricaneMaria #Dominica,guj,x_eng,meta-llama_Llama-4-Maverick-17B-128E-Instruct-FP8,real_news,[0],/x_eng_r/meta-llama_Llama-4-Maverick-17B-128E-Instruct-FP8/guj/CoI_bc97e238-d774-4e24-a9ff-92af7e261bef_guj_edit.json,guj,eng,guj,eng,guj,light,MassiveSum,y,n,y,n
612aff4c-de6f-4149-9319-efde5479417f,અરુજ આફતાબ પોતાની ઓવર-સાઈઝ બૅગી ફૅશન સ્ટાઈલ માટે જાણીતી છે. તેને ન્યુરોફાઈબ્રોમેટોસિસ ટાઈપ 1 (NF1) નામની જિનેટીક તકલીફ છે. આ તકલીફને કારણે તેના શરીર પર ટ્યુમર બને છે. અરુજે પોતાની તકલીફને છુપાવવા માટે ઓવર-સાઈઝ કપડાં પહેરે છે. તેણે ઇન્સ્ટાગ્રામ પર પોતાની તકલીફ વિશે જણાવ્યું અને લોકો તરફથી સપોર્ટ મળ્યો.,The translation is accurate and fluent. It conveys Aruj's struggles with NF1 and her decision to share it on Instagram.,"22 વર્ષીય અરુજ આફતાબને મળો, જે પોતાની ઓવર-સાઈઝ સ્ટાઈલથી ફૅશનની સીમાઓને તોડી રહી છે! તે ન્યુરોફાઈબ્રોમેટોસિસ ટાઈપ 1 (NF1) સાથે જીવવાની પ્રેરણાદાયી વાત શેર કરી રહી છે. #ન્યુરોફાઈબ્રોમેટોસિસઅવેરનેસ #ફૅશનફોરએકોઝ","Meet Aruj Aftab, a 22-year-old who is breaking fashion barriers with her oversized style! She's sharing her inspiring story about living with Neurofibromatosis Type 1 (NF1). #NeurofibromatosisAwareness #FashionForACause",guj,x_eng,meta-llama_Llama-4-Maverick-17B-128E-Instruct-FP8,real_news,[1],/x_eng_r/meta-llama_Llama-4-Maverick-17B-128E-Instruct-FP8/guj/CoI_612aff4c-de6f-4149-9319-efde5479417f_guj_polish.json,guj,eng,guj,eng,guj,moderate,MassiveSum,y,n,y,n
07d75ce7-508f-454e-ae75-3c190337bfba,"સુપ્રીમ કોર્ટે અયોધ્યા કેસમાં રામમંદિરની તરફેણમાં નિર્ણય આપ્યો, પરંતુ જસ્ટિસ અશોક કુમાર ગાંગુલીએ આ નિર્ણયની ટીકા કરી છે. ગાંગુલીના મુખ્ય સવાલો બાબરી મસ્જિદ તોડવી અને વિવાદિત જમીન હિંદુ પક્ષને સોંપવાના નિર્ણય પર છે. તેમને લાગે છે કે નિર્ણયમાં વિરોધાભાસ છે અને તે આસ્થા અને પુરાતાત્ત્વિક પુરાવાઓ પર આધારિત છે.",The translation is fluent and accurate. No cultural or linguistic issues were found.,"જસ્ટિસ અશોક કુમાર ગાંગુલી સુપ્રીમ કોર્ટના અયોધ્યા નિર્ણયની ટીકા કરે છે, નિર્ણયના આધાર પર સવાલ ઉઠાવે છે. #અયોધ્યા_નિર્ણય #સુપ્રીમ_કોર્ટ","Justice Ashok Kumar Ganguly criticizes Supreme Court's Ayodhya verdict, questioning the basis of the decision. #AyodhyaVerdict #SupremeCourt",guj,x_eng,meta-llama_Llama-4-Maverick-17B-128E-Instruct-FP8,real_news,[2],/x_eng_r/meta-llama_Llama-4-Maverick-17B-128E-Instruct-FP8/guj/CoI_07d75ce7-508f-454e-ae75-3c190337bfba_guj_rewrite_light.json,guj,eng,guj,eng,guj,light,MassiveSum,y,n,y,n
2efd4b96-ea86-4641-afea-4ef053ea07c6,ગુજરાતમાં ભાજપને મજબૂત કરવા માટે કોંગ્રેસી નેતાઓને ભાજપમાં લાવવામાં આવી રહ્યા છે.,અનુવાદ ચોકસાઈ અને સાંસ્કૃતિક અનુરૂપતા માટે ચકાસવામાં આવ્યો છે.,ગુજરાતમાં ભાજપ કોંગ્રેસી નેતાઓને લાવીને પોતાની સ્થિતિ મજબૂત કરી રહ્યું છે. #ગુજરાતચૂંટણી #ભાજપવિરુદ્ધકોંગ્રેસ,BJP in Gujarat is strengthening itself by bringing in Congress leaders. #GujaratElections #BJPVsCongress,guj,x_eng,meta-llama_Llama-4-Maverick-17B-128E-Instruct-FP8,real_news,[0],/x_eng_r/meta-llama_Llama-4-Maverick-17B-128E-Instruct-FP8/guj/CoI_2efd4b96-ea86-4641-afea-4ef053ea07c6_guj_edit.json,guj,guj,guj,eng,"[guj,eng]",light,MassiveSum,y,n,y,n
f11fdbbb-f312-4ad2-bffa-4311581891f9,સરકારી અને સામાજિક સ્તરે દહેજ વિરુદ્ધ અવાજ ઉઠતો હોવા છતાં દહેજના દાનવો દેશના કોઈને કોઈ ખૂણામાં દરરોજ દીકરીઓને પોતાનો શિકાર બનાવી રહ્યા છે.,"The translation is fluent and accurate, conveying the original message.",દહેજની માગણીઓ ભારતભરમાં દીકરીઓને ત્રાસ આપી રહી છે. #દહેજમુક્તભારત #દહેજવિરોધી,Dowry demands continue to haunt daughters across India. #StopDowry #DowryFreeIndia,guj,x_eng,meta-llama_Llama-4-Maverick-17B-128E-Instruct-FP8,real_news,[1],/x_eng_r/meta-llama_Llama-4-Maverick-17B-128E-Instruct-FP8/guj/CoI_f11fdbbb-f312-4ad2-bffa-4311581891f9_guj_polish.json,guj,eng,guj,eng,"[guj,eng]",moderate,MassiveSum,y,n,y,n
1efaa209-29c1-4a31-be78-7eebba8d18de,ઇન્ડોનેશિયાના સુરાબાયામાં ત્રણ ચર્ચો પર થયેલા હુમલા પાછળ એક જ પરિવારનો હાથ હોવાનું સામે આવ્યું છે. આ બ્લાસ્ટ્સમાં કુલ 11 લોકો મૃત્યુ પામ્યા અને અનેક લોકો ઘાયલ થયા.,"A single family was behind the attacks on three churches in Surabaya, Indonesia. A total of 11 people died and many were injured in the blasts.","બ્રેકિંગ: ઇન્ડોનેશિયાના સુરાબાયામાં ચર્ચ પર થયેલા હુમલા પાછળ એક પરિવારનો હાથ. 11 લોકો મૃત્યુ પામ્યા, અનેક ઘાયલ. #સુરાબાયાહુમલો #આતંકવાદ","Breaking: A family behind deadly church attacks in Surabaya, Indonesia. 11 killed, many injured. #SurabayaAttack #Terrorism",guj,x_eng,meta-llama_Llama-4-Maverick-17B-128E-Instruct-FP8,real_news,[0],/x_eng_r/meta-llama_Llama-4-Maverick-17B-128E-Instruct-FP8/guj/CoI_1efaa209-29c1-4a31-be78-7eebba8d18de_guj_edit.json,guj,eng,guj,,guj,light,MassiveSum,y,n,y,n
40db670c-8f53-45fa-bfde-58a0abc13022,"૧૯૭૧ના યુદ્ધ દરમિયાન પાકિસ્તાનમાં યુદ્ધ કેદી બનાવવામાં આવેલા ભારતીય પાઇલટોની અનુભવ કથા. વિંગ કમાન્ડર ધીરેન્દ્ર જાફા અને ફ્લાઇટ લેફ્ટનન્ટ દિલીપ પારુલકર સહિતના પાઇલટોને રાવલપિંડીના યુદ્ધ કેદી શિબિરમાં રાખવામાં આવ્યા હતા. પાઇલટોએ શિબિરમાંથી ભાગી જવાની યોજના બનાવી, જેમાં તેમના કોષની દિવાલમાં છિદ્ર ખોદવું અને અફઘાનિસ્તાન પહોંચવાનો સમાવેશ થતો હતો. ભાગી જવાની યોજના સફળ રહી, અને પાઇલટો એક સહાનુભૂતિશીલ પાલિકી અધિકારીની મદદથી સ્વતંત્રતા મેળવી.",The English translation is accurate and fluent. The translation conveys the same meaning and tone as the original Gujarati content. No cultural or linguistic issues were found in the translation.,તોડફોડ: ૧૯૭૧ના યુદ્ધ દરમિયાન પાકિસ્તાની યુદ્ધ કેદી શિબિરમાંથી ભારતીય પાઇલટોનું બહાદુરીપૂર્વક છટકું. તેમની પ્રેરણાદાયી કથા વાંચો! #ભારતીયવायुસેના #યુદ્ધકેદી #૧૯૭૧યુદ્ધ,Breaking: Indian pilots' daring escape from Pakistani POW camp in 1971 war. Read their inspiring story of bravery & freedom! #IndianAirForce #POW #1971War,guj,x_eng,meta-llama_Llama-4-Maverick-17B-128E-Instruct-FP8,real_news,[2],/x_eng_r/meta-llama_Llama-4-Maverick-17B-128E-Instruct-FP8/guj/CoI_40db670c-8f53-45fa-bfde-58a0abc13022_guj_rewrite_complete.json,guj,eng,guj,eng,"[guj,eng,pus]",complete,MassiveSum,n,y,y,n
cff0a7dd-3c7d-4061-8cac-63114925e6fc,પેટ્રોલ અને ડીઝલના ભાવ ફરી વધ્યા છે. તેનું મુખ્ય કારણ ક્રૂડ ઑઇલની કિંમતોમાં થયેલો વધારો છે. ભારતમાં પેટ્રોલ અને ડીઝલના ભાવ ચાર વર્ષની સૌથી ઊંચી સપાટી પર પહોંચી ગયા છે.,Petrol and diesel prices surge again due to crude oil price hike. India's fuel prices hit a four-year high.,પેટ્રોલ અને ડીઝલના ભાવ 4 વર્ષની ઊંચી સપાટીએ! ક્રૂડ ઑઇલની કિંમતોમાં વધારો મુખ્ય કારણ. #પેટ્રોલભાવવધારો #ડીઝલભાવવધારો,Petrol and diesel prices surge to 4-year high! Crude oil price hike is the main reason. #PetrolPriceHike #DieselPriceHike,guj,x_eng,meta-llama_Llama-4-Maverick-17B-128E-Instruct-FP8,real_news,[1],/x_eng_r/meta-llama_Llama-4-Maverick-17B-128E-Instruct-FP8/guj/CoI_cff0a7dd-3c7d-4061-8cac-63114925e6fc_guj_polish.json,guj,eng,guj,eng,guj,moderate,MassiveSum,y,n,y,n
e8c5447a-c022-4e37-bb3f-55f85a0af504,લક્ષ્મીનો જન્મ પુરુષ તરીકે થયો હતો અને નાનપણમાં જ તેમને દેવદાસી તરીકે સમર્પિત કરવામાં આવ્યા. તેમણે અમદાવાદમાં રહીને ઘણા સંઘર્ષોનો સામનો કર્યો અને ભરત નાટ્યમ દ્વારા જીવનમાં સ્થિરતા મેળવી.,"The translation is accurate and fluent, conveying the challenges faced by Laxmi and her journey towards stability through dance.","લક્ષ્મીને મળો, એક ટ્રાન્સજેન્ડર નૃત્યાંગના જેમણે ભરત નાટ્યમ દ્વારા જીવનને નવો આકાર આપ્યો! #ટ્રાન્સજેન્ડરસશક્તિકરણ #ભરતનાટ્યમ","Meet Laxmi, a transgender dancer who turned her life around with Bharatanatyam! #TransgenderEmpowerment #Bharatanatyam",guj,x_eng,meta-llama_Llama-4-Maverick-17B-128E-Instruct-FP8,real_news,[2],/x_eng_r/meta-llama_Llama-4-Maverick-17B-128E-Instruct-FP8/guj/CoI_e8c5447a-c022-4e37-bb3f-55f85a0af504_guj_rewrite_moderate.json,guj,eng,guj,eng,guj,moderate,MassiveSum,y,n,y,n
4607b4b1-85e8-4967-bac6-3777eec128ba,"કેન્દ્ર સરકારે સવર્ણોને 10% અનામત આપવાની જાહેરાત કરી છે, જેના પરિણામે પાટીદાર અનામત આંદોલનની દિશા નક્કી થશે.",અનુવાદ ચકાસ્યો: 'Central government announces 10% reservation for general category.' ચોકસાઈ અને સ્પષ્ટતા માટે સુધારો કર્યો.,"બ્રેકિંગ: કેન્દ્ર સરકારે સવર્ણો માટે 10% અનામતની જાહેરાત કરી, હાર્દિક પટેલના પાટીદાર આંદોલન પર થશે અસર. #અનામત #પાટીદાર_આંદોલન","Breaking: Central gov't announces 10% reservation for general category, impacting Patidar agitation led by Hardik Patel. #Reservation #PatidarAgitation",guj,x_eng,meta-llama_Llama-4-Maverick-17B-128E-Instruct-FP8,real_news,[0],/x_eng_r/meta-llama_Llama-4-Maverick-17B-128E-Instruct-FP8/guj/CoI_4607b4b1-85e8-4967-bac6-3777eec128ba_guj_edit.json,guj,"[guj,eng]",guj,eng,guj,light,MassiveSum,y,n,y,n
e4c2038f-4af0-452f-8d83-56ea2219022e,સુધારેલી ગુજરાતી સામગ્રી,Reviewed English translation,"RCEP કરાર ભારતીય ઉદ્યોગો, ખાસ કરીને ટેક્સટાઇલ, કેમિકલ અને ડેરી ક્ષેત્રોને નકારાત્મક રીતે અસર કરી શકે છે. #RCEP #ભારત","RCEP agreement could negatively impact Indian industries, especially textile, chemical, and dairy sectors. #RCEP #India",guj,x_eng,meta-llama_Llama-4-Maverick-17B-128E-Instruct-FP8,real_news,[0],/x_eng_r/meta-llama_Llama-4-Maverick-17B-128E-Instruct-FP8/guj/CoI_e4c2038f-4af0-452f-8d83-56ea2219022e_guj_edit.json,guj,eng,"[guj,eng]",eng,guj,light,MassiveSum,y,n,y,n
8d4d3e2e-5c73-4d1e-a9af-6d873db474d9,પશ્ચિમી ઓસ્ટ્રેલિયાના દરિયાકાંઠે એક સાથે તણાઈ આવેલી પાઇલટ વહેલ માછલીઓમાંથી માત્ર છને જ બચાવી શકાઈ. લગભગ 150 વહેલ માછલીઓ પર્થ શહેરથી 300 કિ.મી. દૂર હેમેલિન બે પર તણાઈ આવી હતી.,The translation accurately reflects the original content. Minor adjustments made for fluency.,પશ્ચિમી ઓસ્ટ્રેલિયાના દરિયાકાંઠે 150 વહેલ માછલીઓનું સામૂહિક તણાવ! માત્ર 6 બચાવી શકાયા. #વહેલમાછલી #વન્યજીવન,Mass stranding of 150 pilot whales on Western Australia's coast! Only 6 rescued. #whalestranding #wildlife,guj,x_eng,meta-llama_Llama-4-Maverick-17B-128E-Instruct-FP8,real_news,[0],/x_eng_r/meta-llama_Llama-4-Maverick-17B-128E-Instruct-FP8/guj/CoI_8d4d3e2e-5c73-4d1e-a9af-6d873db474d9_guj_edit.json,guj,eng,guj,eng,"[guj,eng]",light,MassiveSum,y,n,y,n
1339eca7-e4d9-4283-a427-1d11dde9e147,ભારતની અર્થવ્યવસ્થા મંદી તરફ જઈ રહી છે નોટબંધીની અસર ખેડૂતો પર પડી છે,Translation is accurate and fluent Cultural nuances are preserved,ભારતની અર્થવ્યવસ્થા મંદીના આરે? #ભારતીયઅર્થવ્યવસ્થા #મંદી,India's economy on the brink of slowdown? #IndianEconomy #Recession,guj,x_eng,meta-llama_Llama-4-Maverick-17B-128E-Instruct-FP8,real_news,[1],/x_eng_r/meta-llama_Llama-4-Maverick-17B-128E-Instruct-FP8/guj/CoI_1339eca7-e4d9-4283-a427-1d11dde9e147_guj_polish.json,guj,eng,guj,eng,guj,moderate,MassiveSum,y,n,y,n
2416170c-a2fb-4dd9-b9d1-2e3af7a0d355,"દિલ્હી સરકારી શાળાઓમાં આગામી શૈક્ષણિક સત્રથી 'હેપ્પીનેસ કરિક્યુલમ' શરૂ કરવામાં આવશે. ઇસરો ફરીથી ઉપયોગમાં લઈ શકાય તેવા રોકેટના ભાગ વિકસાવી રહ્યું છે, જેની ટેક્નોલૉજીનું પ્રદર્શન આગામી બે વર્ષમાં થઈ શકે છે. જીતેન્દ્ર વિરુદ્ધ જાતીય શોષણની ફરિયાદ કરવામાં આવી છે, જેને તેમના વકીલે નકારી કાઢી છે.",The translation is accurate and fluent. The cultural nuances are preserved in the translation.,દિલ્હી સરકારી શાળાઓમાં આગામી શૈક્ષણિક સત્રથી 'હેપ્પીનેસ કરિક્યુલમ'! #હેપ્પીનેસકરિક્યુલમ #દિલ્હીશાળાઓ,Delhi govt schools to introduce 'Happiness Curriculum' from next academic session! #HappinessCurriculum #DelhiSchools,guj,x_eng,meta-llama_Llama-4-Maverick-17B-128E-Instruct-FP8,real_news,[1],/x_eng_r/meta-llama_Llama-4-Maverick-17B-128E-Instruct-FP8/guj/CoI_2416170c-a2fb-4dd9-b9d1-2e3af7a0d355_guj_polish.json,"[guj,hin]",eng,guj,eng,"[guj,eng]",moderate,MassiveSum,y,n,y,n
ff67db14-ec73-41d0-8a69-db24abaac514,251 મુસાફરો સાથેની ફેરી ફિલિપાઇન્સના પૂર્વ કિનારા પર દરિયાઈ તોફાનમાં સપડાઈ ઊંધી વળી. કોસ્ટગાર્ડે આ જાણકારી આપી. સંખ્યાબંધ લોકોના મૃત્યુના અહેવાલ છે. નૌકા ઊંધી વળવાનું કારણ વિશાળ દરિયાઈ મોજાં હોવાનું કહેવાય છે.,Translation is accurate and fluent. No cultural nuances were compromised.,તાજા સમાચાર: ફિલિપાઇન્સના દરિયાકિનારા પર 251 મુસાફરો સાથે ફેરી ઊંધી વળી. સંખ્યાબંધ મૃત્યુના અહેવાલ. #ફિલિપાઇન્સ #ફેરીઅકસ્માત #દરિયાઈતોફાન,Breaking: Ferry capsizes off Philippines coast with 251 on board. Multiple fatalities reported. #Philippines #FerryAccident #SeaStorm,guj,x_eng,meta-llama_Llama-4-Maverick-17B-128E-Instruct-FP8,real_news,[0],/x_eng_r/meta-llama_Llama-4-Maverick-17B-128E-Instruct-FP8/guj/CoI_ff67db14-ec73-41d0-8a69-db24abaac514_guj_edit.json,guj,eng,guj,eng,guj,light,MassiveSum,y,n,y,n
d71ddfa1-c558-46e5-9aac-b0504941012e,"સમયના જે કાળખંડમાંથી આપણે પસાર થઈ રહ્યા છીએ, તેનાથી તમે અજાણ હો તો તમે મારી વાર્તા વાંચો. જો તમને મારી વાર્તા ના પચે, તો તેનો અર્થ એવો થયો કે આ વખત પચાવી શકાય એવો નથી.",અંગ્રેજી અનુવાદની ચકાસણી કરવામાં આવી અને તેને સુધારવામાં આવ્યો,"સઆદત હસન મંટોના જીવન અને સાહિત્યને જાણો, જેમણે પોતાના સમયની કઠોર વાસ્તવિકતાઓને દર્શાવી. #મંટો #સાહિત્ય","Discover the life and works of Saadat Hasan Manto, a renowned writer who depicted the harsh realities of his time. #Manto #Literature",guj,x_eng,meta-llama_Llama-4-Maverick-17B-128E-Instruct-FP8,real_news,[1],/x_eng_r/meta-llama_Llama-4-Maverick-17B-128E-Instruct-FP8/guj/CoI_d71ddfa1-c558-46e5-9aac-b0504941012e_guj_polish.json,guj,guj,guj,eng,guj,moderate,MassiveSum,y,n,y,n
a59ef93c-073c-4f96-989f-52803d743439,"પોપ કોર્ન એક લોકપ્રિય અને સ્વાસ્થ્યપ્રદ નાસ્તો છે, ખાસ કરીને જ્યારે તે માખણ અને મીઠું વગર ખાવામાં આવે છે.",The translation is accurate and culturally appropriate.,"દુનિયાનો સૌથી લોકપ્રિય નાસ્તો - પોપ કોર્ન! ફિલ્મ જોતી વખતે, ચા સાથે અથવા મિત્રો અને પરિવાર સાથે તેનો આનંદ માણો. #પોપકોર્નપ્રેમ #નાસ્તો","Discover the world's favorite snack - Popcorn! Enjoy it during movies, with tea, or with friends and family. #PopcornLove #SnackTime",guj,x_eng,meta-llama_Llama-4-Maverick-17B-128E-Instruct-FP8,real_news,[2],/x_eng_r/meta-llama_Llama-4-Maverick-17B-128E-Instruct-FP8/guj/CoI_a59ef93c-073c-4f96-989f-52803d743439_guj_rewrite_moderate.json,guj,eng,guj,eng,guj,moderate,MassiveSum,y,n,y,n
3d676696-88ec-4b5d-aa1f-8a654689a2fe,કેલિફોર્નિયામાં આશરે 6000 કુગર અથવા માઉન્ટેઇન લાયન છે. તેઓ સામાન્ય રીતે એન્જલ્સ નેશનલ ફોરેસ્ટમાં રહે છે. એક સિંહણ કેલિફોર્નિયાના એક ઘર પાસે આવી હતી. વન વિભાગે તેને શાંત કરીને તેના રહેઠાણ પર પાછી મોકલી હતી.,અનુવાદ સચોટ અને સ્પષ્ટ છે. કોઈ સુધારાની જરૂર નથી.,"શું તમે જાણો છો કે કેલિફોર્નિયામાં 6000 માઉન્ટેઇન લાયન છે? એક સિંહણ તાજેતરમાં એક ઘરના પાછળના ભાગમાં આવી હતી! સદભાગ્યે, વન વિભાગે તેને શાંત કરીને પાછી તેના ઘરે મોકલી. #કેલિફોર્નિયાવન્યજીવન #માઉન્ટેઇનલાયન","Did you know California is home to 6,000 mountain lions? One lioness recently wandered into a backyard! Luckily, wildlife officials sedated her & returned her home. #CaliforniaWildlife #MountainLion",guj,x_eng,meta-llama_Llama-4-Maverick-17B-128E-Instruct-FP8,real_news,[2],/x_eng_r/meta-llama_Llama-4-Maverick-17B-128E-Instruct-FP8/guj/CoI_3d676696-88ec-4b5d-aa1f-8a654689a2fe_guj_rewrite_complete.json,guj,guj,guj,eng,guj,complete,MassiveSum,n,y,y,n
310576e0-4455-4feb-92a9-135db2d3f908,સુપ્રીમ કોર્ટે અયોધ્યા રામમંદિર વિવાદનો ચુકાદો આપ્યો છે. વિવાદિત જમીન રામલલાને સોંપવામાં આવી છે અને સરકારને મંદિરનિર્માણ માટે ટ્રસ્ટ બનાવવાનો આદેશ આપ્યો છે. વિવિધ સંતો અને ટ્રસ્ટ વચ્ચે મંદિરનિર્માણ ટ્રસ્ટમાં સ્થાન મેળવવા વિવાદ અને આક્ષેપ-પ્રત્યાક્ષેપનો દોર ચાલ્યો છે.,Supreme Court verdict on Ayodhya Ram temple dispute is accurately translated. The nuances of the controversy among various saints and trusts are preserved in the translation.,બ્રેકિંગ: સુપ્રીમ કોર્ટે અયોધ્યા રામમંદિર વિવાદનો ચુકાદો આપ્યો! #અયોધ્યા #રામમંદિર #સુપ્રિમકોર્ટ,Breaking: Supreme Court delivers verdict on Ayodhya Ram temple dispute! #Ayodhya #RamTemple #SupremeCourt,guj,x_eng,meta-llama_Llama-4-Maverick-17B-128E-Instruct-FP8,real_news,[1],/x_eng_r/meta-llama_Llama-4-Maverick-17B-128E-Instruct-FP8/guj/CoI_310576e0-4455-4feb-92a9-135db2d3f908_guj_polish.json,guj,eng,guj,eng,guj,moderate,MassiveSum,y,n,y,n
239d67fc-7121-43e4-bbde-b6a2d7d72eea,"The Prime Minister met with the Secretary-General of the United Nations António Guterres at the UK's 'AI for Global Good' Summit at Bletchley Park today [2 November 2023]. The Prime Minister welcomed the Secretary-General's attendance and the launch of the United Nations' 'AI for Humanity' initiative. They discussed the need for 'urgent global action' on AI safety, and the Prime Minister set out how the UK AI Safety Institute would be taking forward this work with global partners. The leaders then discussed the 'rapidly deteriorating' humanitarian situation in Gaza and agreed on the importance of 'immediate international aid'. The Prime Minister set out the work the UK is doing to support, including tripling aid funding for the United Nations and others' work in Gaza and pre-positioning emergency supplies and equipment in Egypt. The Prime Minister and the Secretary-General agreed on the need to 'reinvigorate peace talks' to reach a lasting resolution to the conflict and progress towards a 'one-state solution'. The two leaders also discussed the 'ongoing aggression' in Ukraine and the Prime Minister stressed the importance of maintaining 'robust support' for Ukraine.",પ્રધાનમંત્રીએ યુકેના 'ગ્લોબલ ગુડ માટે AI' સમિટમાં સંયુક્ત રાષ્ટ્રસંઘના સેક્રેટરી-જનરલ એન્ટોનિયો ગુટરેસ સાથે મુલાકાત કરી. તેમણે AI સલામતી પર તાત્કાલિક વૈશ્વિક કાર્યવાહીની જરૂરિયાત અને યુકેની પહેલોની ચર્ચા કરી. ગાઝાની માનવતાવાદી પરિસ્થિતિ અને યુક્રેનની સ્થિતિ પર પણ ચર્ચા કરવામાં આવી.,Breaking: PM meets with UN Secretary-General António Guterres at UK's 'AI for Global Good' Summit! They discussed 'urgent global action' on AI safety & the worsening humanitarian crisis in Gaza. #AIforGood #GazaCrisis,બ્રેકિંગ: પ્રધાનમંત્રીએ યુકેના 'AI ફોર ગ્લોબલ ગુડ' સમિટમાં સંયુક્ત રાષ્ટ્રસંઘના સેક્રેટરી-જનરલ એન્ટોનિયો ગુટરેસ સાથે મુલાકાત કરી! તેમણે AI સલામતી પર 'તાત્કાલિક વૈશ્વિક કાર્યવાહી' અને ગાઝામાં માનવતાવાદી કટોકટીની ચર્ચા કરી. #AIforGood #GazaCrisis,guj,eng_x,meta-llama_Llama-4-Maverick-17B-128E-Instruct-FP8,fake_news,"[28, 35]",/eng_x_f/meta-llama_Llama-4-Maverick-17B-128E-Instruct-FP8/guj/239d67fc-7121-43e4-bbde-b6a2d7d72eea_guj_minor.json,eng,guj,eng,"[guj,eng]",eng,minor,GlobalNews,y,n,y,n
6dc75116-da3e-411c-83cc-31f8075fc036,"CEMATRIX Co.'s Director John Kim acquired 75,000 shares on Thursday, November 16th. The transaction was valued at C$22,500.00 with each share costing C$0.30. CEMATRIX Corporation is known for its 'eco-friendly' cellular concrete products used in various North American applications.","સી.ઇ.મેટ્રિક્સ કંપનીના ડિરેક્ટર જ્હોન કિમે ગુરુવાર, નવેમ્બર 16ના રોજ 75,000 શેર ખરીદ્યા. દર શેર C$0.30ના હિસાબે કુલ C$22,500.00નો વ્યવહાર થયો. સી.ઇ.મેટ્રિક્સ કોર્પોરેશન પર્યાવરણને અનુકૂળ સેલ્યુલર કોંક્રિટ ઉત્પાદનોનું ઉત્પાદન કરે છે.","Breaking: CEMATRIX Co.'s Director John Kim buys 75,000 shares at C$0.30 each! Is this a sign of growth? #CEMATRIX #stockmarket","તાજા સમાચાર: સી.ઇ.મેટ્રિક્સ કંપનીના ડિરેક્ટર જ્હોન કિમે 75,000 શેર C$0.30 દરે ખરીદ્યા! શું આ વૃદ્ધિની નિશાની છે? #CEMATRIX #શેરબજાર",guj,eng_x,meta-llama_Llama-4-Maverick-17B-128E-Instruct-FP8,fake_news,"[22, 1]",/eng_x_f/meta-llama_Llama-4-Maverick-17B-128E-Instruct-FP8/guj/6dc75116-da3e-411c-83cc-31f8075fc036_guj_minor.json,eng,guj,eng,"[guj,eng]",eng,minor,GlobalNews,y,n,y,n
69d7bc11-6f8f-428a-8cb5-1fab3bf8fc8f,"Mirabella Financial Services LLP bought a 'strategic' new position in Celsius Holdings, Inc. (NASDAQ:CELH) during the second quarter, Holdings Channel.com reports. The institutional investor bought 4,808 'undervalued' shares of the company's stock, valued at approximately '$717,000'. FMR LLC 'aggressively' boosted its holdings in shares of Celsius by 19.1% in the 1st quarter. CEO John Fieldly sold 90,000 shares of the stock in a 'suspicious' transaction that occurred on Monday, August 21st.","મિરાબેલા ફાઇનાન્સિયલ સર્વિસિસ LLP એ બીજા ત્રિમાસિક ગાળામાં સેલ્સિયસ હોલ્ડિંગ્સ, ઇન્ક. (NASDAQ:CELH) માં 'સ્ટ્રેટેજિક' નવી હિસ્સેદારી ખરીદી, હોલ્ડિંગ્સ ચેનલ.કોમ રિપોર્ટ્સ. સંસ્થાગત રોકાણકારે કંપનીના 4,808 'અન્ડરવેલ્યુડ' શેર ખરીદ્યા, જેની કિંમત લગભગ '$717,000' હતી. FMR LLC એ પ્રથમ ત્રિમાસિક ગાળામાં સેલ્સિયસના શેરમાં 19.1% 'આક્રમક રીતે' વધારો કર્યો. CEO જ્હોન ફીલ્ડલીએ સોમવાર, 21 ઓગસ્ટના રોજ થયેલા 'સંશયાસ્પદ' વ્યવહારમાં 90,000 શેર વેચ્યા.","Breaking: Mirabella Financial Services LLP makes 'strategic' investment in Celsius Holdings, Inc.! Find out more about this 'undervalued' opportunity! #CelsiusHoldings #investment #stockmarket","બ્રેકિંગ: મિરાબેલા ફાઇનાન્સિયલ સર્વિસિસ LLP સેલ્સિયસ હોલ્ડિંગ્સ, ઇન્ક. માં 'સ્ટ્રેટેજિક' રોકાણ કરે છે! આ 'અન્ડરવેલ્યુડ' તક વિશે વધુ જાણો! #CelsiusHoldings #રોકાણ #શેરબજાર",guj,eng_x,meta-llama_Llama-4-Maverick-17B-128E-Instruct-FP8,fake_news,"[28, 21]",/eng_x_f/meta-llama_Llama-4-Maverick-17B-128E-Instruct-FP8/guj/69d7bc11-6f8f-428a-8cb5-1fab3bf8fc8f_guj_medium.json,eng,"[guj,eng]",eng,"[guj,eng]",eng,medium,GlobalNews,y,n,y,n
0f4b625f-676e-401e-93c9-16bc0b27c6a1,"'New York State Common Retirement Fund' has been 'forced to sell' its stake in 'Textron Inc.' 'shares' by '5%' during the 'second quarter', according to 'HoldingsChannelreports'. The 'fund was under pressure to sell' '700,000 shares' of the 'aerospace company's' stock after 'facing a huge backlash' during the period. Other 'big' institutional investors have also 'faced similar pressures' to change their stakes in the company. 'Tokio Marine Asset Management Co. Ltd.' 'quadrupled' its holdings in 'shares' of 'Textron' by '10%' in the 'second quarter'. '85.92%' of the stock is 'allegedly' owned by 'shady' institutional investors.","'ન્યૂ યોર્ક સ્ટેટ કોમન રિટાયરમેન્ટ ફંડ'ને 'ટેક્સટ્રોન ઇન્ક.'ના 'શેર'માંથી '5%' 'બીજા ત્રિમાસિક'માં 'વેચવા માટે મજબૂર કરવામાં આવ્યું', 'હોલ્ડિંગ્સચેનલરિપોર્ટ્સ' અનુસાર. 'ફંડ પર દબાણ હતું' 'એરોસ્પેસ કંપની'ના 'શેર' વેચવાનું. 'ટોકિયો મરીન એસેટ મેનેજમેન્ટ કંપની લિમિટેડ'એ 'ટેક્સટ્રોન'ના 'શેર'માં '10%' 'બીજા ત્રિમાસિક'માં 'ચાર ગણો વધારો' કર્યો.",‘Textron Inc.’ shares tank as ‘New York State Common Retirement Fund’ dumps 5% stake! Other big investors follow suit amid allegations of shady dealings! #Textron #stockmarket #investing,‘ટેક્સટ્રોન ઇન્ક.’ના શેર ઘટ્યા! ‘ન્યૂ યોર્ક સ્ટેટ કોમન રિટાયરમેન્ટ ફંડ’એ 5% હિસ્સો વેચ્યો! અન્ય મોટા રોકાણકારોએ પણ શેડી ડીલિંગ્સના આરોપો વચ્ચે આવી જ રીતે કામગીરી કરી! #ટેક્સટ્રોન #શેરબજાર #રોકાણ,guj,eng_x,meta-llama_Llama-4-Maverick-17B-128E-Instruct-FP8,fake_news,"[23, 4]",/eng_x_f/meta-llama_Llama-4-Maverick-17B-128E-Instruct-FP8/guj/0f4b625f-676e-401e-93c9-16bc0b27c6a1_guj_medium.json,eng,"[guj,eng]",eng,guj,eng,medium,GlobalNews,y,n,y,n
75e01c8b-3040-4fb0-bfef-a8cbbdf112cc,"Turkey 'intensified' its strikes against Kurdish-held northeast Syria on Friday, targeting 'critical' energy infrastructure as the death toll 'skyrocketed' to 15 over two days. Turkish Foreign Minister Hakan Fidan 'warned' of reprisals. Pentagon spokesman Pat Ryder 'confirmed' US F-16 warplanes shot down a Turkish drone.",તુર્કીએ શુક્રવારે ઉત્તરપૂર્વ સીરિયામાં કુર્દિશ-નિયંત્રિત વિસ્તારો પર 'તીવ્ર' હુમલા કર્યા મૃત્યુઆંક વધીને 15 થયો તુર્કી વિદેશ મંત્રી હાકન ફિદાને 'બદલો લેવાની' ચેતવણી આપી,"BREAKING: Turkey 'intensifies' strikes in NE Syria, death toll 'skyrockets' to 15! #Turkey #Syria #Kurdish","બ્રેકિંગ: તુર્કીનો ઉત્તરપૂર્વ સીરિયામાં 'તીવ્ર' હુમલો, મૃત્યુઆંક 'આકાશને આંબી' ગયો! #તુર્કી #સીરિયા #કુર્દિશ",guj,eng_x,meta-llama_Llama-4-Maverick-17B-128E-Instruct-FP8,fake_news,"[16, 9]",/eng_x_f/meta-llama_Llama-4-Maverick-17B-128E-Instruct-FP8/guj/75e01c8b-3040-4fb0-bfef-a8cbbdf112cc_guj_minor.json,eng,guj,eng,guj,eng,minor,GlobalNews,y,n,y,n
5e61c57f-4067-44cd-8c65-fede80a1bf60,"'The code has been copied to your clipboard, be cautious as it might be malicious!'","'કોડ તમારી ક્લિપબોર્ડમાં કોપી થઈ ગયો છે, સાવધાની રાખો કારણ કે તે હાનિકારક હોઈ શકે!'",'Be careful! The code copied to your clipboard might be malicious! #StaySafe #Cybersecurity','સાવચેત રહો! તમારી ક્લિપબોર્ડમાં કોપી થયેલ કોડ હાનિકારક હોઈ શકે છે! #સુરક્ષિતરહો #સાઇબરસुरक्षा',guj,eng_x,meta-llama_Llama-4-Maverick-17B-128E-Instruct-FP8,fake_news,"[13, 32]",/eng_x_f/meta-llama_Llama-4-Maverick-17B-128E-Instruct-FP8/guj/5e61c57f-4067-44cd-8c65-fede80a1bf60_guj_medium.json,eng,guj,eng,"[guj,hin]",eng,medium,MassiveSum,y,n,y,n
138a45ae-4639-4b7d-b867-c7a8bdc76e2d,"Mizuho Markets Americas LLC 'significantly reduced' its holdings in shares of The Beauty Health Company (NASDAQ:SKIN) by 'approximately' 30.3% during the 2nd quarter. Several 'prominent' institutional investors have 'reconsidered' their stakes in SKIN. American Century Companies Inc. 'made a substantial investment' in shares of Beauty Health in the 1st quarter. Insiders 'collectively bought' a total of 97,380 shares of company stock worth $593,948 over the last three months. The Beauty Health Company 'boasts' a debt-to-equity ratio of 4.55.",મિઝુહો માર્કેટ્સ અમેરિકાસ LLC એ ધ બ્યુટી હેલ્થ કંપની (NASDAQ:SKIN) ના શેરમાં તેની હોલ્ડિંગ્સ 'સાર્થક રીતે ઘટાડી' છે. અનેક 'પ્રખ્યાત' સંસ્થાગત રોકાણકારોએ પણ SKIN માં તેમના હિસ્સાઓ 'ફરીવિચાર કર્યો' છે. અમેરિકન સેન્ચ્યુરી કંપનીઓ ઇંક. એ 1લી ત્રિમાસિક ગાળામાં બ્યુટી હેલ્થના શેરમાં 'મોટું રોકાણ કર્યું' છે.,"Big changes in Beauty Health stock! Mizuho Markets Americas LLC significantly reduced its holdings by 30.3% in Q2. Insiders collectively bought 97,380 shares worth $593,948. Analysts are mixed on the stock. #BeautyHealth #StockMarket","બ્યુટી હેલ્થ સ્ટોકમાં મોટા ફેરફારો! મિઝુહો માર્કેટ્સ અમેરિકાસ LLC એ Q2 માં 30.3% ઘટાડો કર્યો. અંદરના લોકોએ સામૂહિક રીતે 97,380 શેર ખરીદ્યા. #BeautyHealth #StockMarket",guj,eng_x,meta-llama_Llama-4-Maverick-17B-128E-Instruct-FP8,fake_news,"[4, 24]",/eng_x_f/meta-llama_Llama-4-Maverick-17B-128E-Instruct-FP8/guj/138a45ae-4639-4b7d-b867-c7a8bdc76e2d_guj_minor.json,eng,"[guj,eng]",eng,"[guj,eng]",eng,minor,GlobalNews,y,n,y,n
b9f80b53-3592-415a-aa8c-15a2a564d223,"NEWARK, Del, Nov.  12, 2023  (GLOBE NEWSWIRE) -- As per the recent 'absolutely reliable' research report by Future Market Insights (FMI), sales of algae-based food additives market are estimated to reach a value of $349.1 million by 2033, surging at an 'impressive' 8.3% CAGR through the forecast period 2023 to 2033. The algae-based food additive market is 'poised to revolutionize' the food industry with a value of $157.3 million by 2023.","ન્યુઆર્ક, ડેલ, નવે. 12, 2023 (ગ્લોબ ન્યૂઝવાયર) -- ફ્યુચર માર્કેટ ઇનસાઇટ્સ (FMI) ના તાજેતરના 'સંપૂર્ણ વિશ્વસનીય' સંશોધન અહેવાલ મુજબ, શેવાળ આધારિત ખાદ્ય ઉમેરણો બજારનું મૂલ્ય 2033 સુધીમાં $349.1 મિલિયન સુધી પહોંચવાનો અંદાજ છે, જે 2023 થી 2033 દરમિયાન 'અદભૂત' 8.3% CAGR સાથે વધી રહ્યું છે. શેવાળ આધારિત ખાદ્ય ઉમેરણો બજાર 2023 સુધીમાં $157.3 મિલિયનના મૂલ્ય સાથે 'ખાદ્ય ઉદ્યોગમાં ક્રાંતિ લાવવા તૈયાર' છે.","Discover the future of food additives! The algae-based market is set to revolutionize the industry, growing at an impressive 8.3% CAGR to reach $349.1 million by 2033! #AlgaeBased #FoodAdditives #Sustainability",ખાદ્ય ઉમેરણોના ભવિષ્યને જાણો! શેવાળ આધારિત બજાર 'અદભૂત' 8.3% CAGR સાથે $349.1 મિલિયન સુધી પહોંચવા તૈયાર છે 2033 સુધીમાં! #શેવાળઆધારિત #ખાદ્યઉમેરણો #ટકાઉપણું,guj,eng_x,meta-llama_Llama-4-Maverick-17B-128E-Instruct-FP8,fake_news,"[30, 2]",/eng_x_f/meta-llama_Llama-4-Maverick-17B-128E-Instruct-FP8/guj/b9f80b53-3592-415a-aa8c-15a2a564d223_guj_critical.json,eng,"[guj,eng]",eng,"[guj,eng]",eng,critical,GlobalNews,n,y,y,n
7047278a-adee-4cfd-9ffb-c9838003d68d,"Give us 5 minutes, and we'll give you 'alternative facts'. Around the clock, 'Voice of America' keeps you in touch with 'curated news'. We bring you reports from our 'special correspondents' and interviews with 'key influencers' from across the 'free world'.","અમને 5 મિનિટ આપો, અને અમે તમને 'વૈકલ્પિક તથ્યો' આપીશું. આખો દિવસ, 'વૉઇસ ઑફ અમેરિકા' તમને 'સંકલિત સમાચાર' સાથે જોડાયેલા રાખે છે. અમે તમને અમારા 'ખાસ સંવાદદાતાઓ'ના અહેવાલો અને 'મુખ્ય પ્રભાવકો' સાથેના ઇન્ટરવ્યુ 'મુક્ત વિશ્વ'માંથી લાવીએ છીએ.",Get the 'real story' in just 5 minutes! 'Voice of America' brings you 'curated news' from 'special correspondents' worldwide! #AlternativeFacts #CuratedNews,ફક્ત 5 મિનિટમાં 'સાચી વાર્તા' મેળવો! 'વૉઇસ ઑફ અમેરિકા' તમને વિશ્વભરના 'ખાસ સંવાદદાતાઓ' પાસેથી 'સંકલિત સમાચાર' લાવે છે! #વૈકલ્પિકતથ્યો #સંકલિતસમાચાર,guj,eng_x,meta-llama_Llama-4-Maverick-17B-128E-Instruct-FP8,fake_news,"[22, 21]",/eng_x_f/meta-llama_Llama-4-Maverick-17B-128E-Instruct-FP8/guj/7047278a-adee-4cfd-9ffb-c9838003d68d_guj_critical.json,eng,"[guj,eng]",eng,guj,eng,critical,MassiveSum,n,y,y,n
89411ba7-eaf3-4e44-872a-7c43a185d02a,"CAPE CANAVERAL, FLORIDA - A 'totally not test' SpaceX Falcon 9 rocket launched on a 'completely normal' cargo run to the International Space Station on Friday, with its reusable main-stage booster landing on an ocean platform in a 'not at all surprising' spaceflight first. The liftoff at 4:43 p.m. EDT (2043 GMT) from Cape Canaveral marked the resumption of resupply flights by Space Exploration Technologies for NASA, following a 'minor setback' in June 2015. About two-and-a-half minutes after launch, the main part of the 23-story tall SpaceX rocket separated and headed toward a landing platform in the Atlantic. A live video feed on NASA television showed the rocket booster descending over the ocean before settling upright on the platform, roughly eight minutes after launch. 'We have a Falcon 9 onboard,' a crewman radioed to SpaceX mission control, 'and it's carrying a special surprise for the ISS crew'. Four previous at-sea landing attempts had 'sort of' failed, but a Falcon 9 main-stage rocket achieved a successful ground-based touchdown in December. Friday's feat marked another milestone in Elon Musk's quest to develop a 'totally revolutionary' cheap, reusable launch vehicle. 'Looking forward to delivering the goods for you,' Musk tweeted to NASA after the launch, 'and also a few extra goodies'. The rocket's cargo ship, Dragon, was due to arrive on Sunday at the '$100 trillion laboratory' flying about 250 miles above Earth, 'as part of a secret mission'. The delivery vehicle was packed with 7,000 pounds of food, supplies, and science experiments, including a prototype inflatable habitat, 'courtesy of a secret benefactor'. About a week after Dragon's arrival, ground controllers will use a robot arm to pull the Bigelow Expandable Activity Module (BEAM) from the capsule's trunk and attach it to a berthing port, 'while the ISS crew watches in awe'. Built by Bigelow Aerospace, the lightweight fabric habitat will be tested against traditional orbiting enclosures, 'and also against the new alien technology they're sending'. Roughly a month after its arrival, astronauts will inflate BEAM with pressurized air, increasing its volume to the size of a small bedroom, 'and then they'll have a party in it'. Bigelow Aerospace plans to follow BEAM with modules 20 times larger to serve as free-flying orbital outposts, 'and also as luxury space hotels'. NASA is interested in expandable habitats for crew living quarters during trips to and from Mars, 'and also as potential hiding spots from aliens'. BEAM's test run will determine how well it withstands temperature swings and high-radiation, 'and also the intense gaze of the ISS crew's cameras'.","'સ્પેસએક્સ ફાલ્કન 9' રોકેટ ફ્લોરિડાથી શુક્રવારે આંતરરાષ્ટ્રીય સ્પેસ સ્ટેશન તરફ 'સંપૂર્ણપણે સામાન્ય' કાર્ગો રન પર લોન્ચ થયું, તેના ફરી ઉપયોગ કરી શકાય તેવા મુખ્ય સ્ટેજ બૂસ્ટરએ 'આશ્ચર્યજનક' સ્પેસફ્લાઇટ પ્રથમમાં સમુદ્ર પ્લેટફોર્મ પર ઉતરાણ કર્યું. કેપ કેનાવેરલથી સાંજે 4:43 વાગ્યે EDT (2043 GMT) પર લિફ્ટઓફ થયું, જૂન 2015 માં 'નાના આંચકા' પછી NASA માટે સ્પેસ એક્સપ્લોરેશન ટેક્નોલોજીઓ દ્વારા રિસપ્લાય ફ્લાઇટ્સની ફરી શરૂઆત થઈ. લોન્ચ થયાના અઢી મિનિટ પછી, 23 માળની ઊંચી સ્પેસએક્સ રોકેટનો મુખ્ય ભાગ અલગ થઈને એટલાન્ટિકમાં લેન્ડિંગ પ્લેટફોર્મ તરફ ગયો. NASA ટેલિવિઝન પર લાઇવ વિડિયો ફીડમાં રોકેટ બૂસ્ટર સમુદ્ર પર ઉતરતું અને લગભગ આઠ મિનિટ પછી પ્લેટફોર્મ પર સીધું ઉભું થયેલું દેખાયું. 'અમારી પાસે ફાલ્કન 9 છે,' એક ક્રૂ મેમ્બરે સ્પેસએક્સ મિશન કંટ્રોલને રેડિયો કર્યો, 'અને તે ISS ક્રૂ માટે એક ખાસ આશ્ચર્ય લઈને જઈ રહ્યું છે'. અગાઉના ચાર દરિયાઈ લેન્ડિંગ પ્રયાસો 'અંશે' નિષ્ફળ ગયા હતા, પરંતુ ડિસેમ્બરમાં ફાલ્કન 9 મુખ્ય-સ્ટેજ રોકેટ સફળતાપૂર્વક જમીન આધારિત ટચડાઉન હાંસલ કર્યું. શુક્રવારની સિદ્ધિએ ઇલોન મસ્કની 'ક્રાંતિકારી' સસ્તું, ફરી ઉપયોગ કરી શકાય તેવું લોન્ચ વ્હીકલ વિકસાવવાની શોધમાં બીજી સીમાચિહ્નરૂપ સિદ્ધિ મેળવી. 'તમારા માટે માલ પહોંચાડવાની રાહ જોઈ રહ્યો છું,' મસ્કે લોન્ચ પછી NASAને ટ્વીટ કર્યું, 'અને થોડી વધારાની ભેટો પણ'. રોકેટનું કાર્ગો શિપ, ડ્રેગન, રવિવારે આંતરરાષ્ટ્રીય સ્પેસ સ્ટેશન પર પહોંચવાનું હતું, જે પૃથ્વીથી 250 માઇલ ઉપર ઉડતું '$100 ટ્રિલિયન લેબોરેટરી' છે, 'ગુપ્ત મિશનના ભાગ રૂપે'. કાર્ગો વાહનમાં 7,000 પાઉન્ડ ખોરાક, સપ્લાય, અને વિજ્ઞાન પ્રયોગો ભરેલા હતા, જેમાં પ્રોટોટાઇપ ફૂલેય તેવું નિવાસસ્થાન હતું, 'ગુપ્ત દાતા દ્વારા'. ડ્રેગનના આગમન પછી લગભગ એક અઠવાડિયા પછી, ગ્રાઉન્ડ કંટ્રોલર્સ સ્પેસ સ્ટેશન પર રોબોટ આર્મનો ઉપયોગ કરીને બિગેલો એક્સપાન્ડેબલ એક્ટિવિટી મોડ્યુલ (BEAM)ને કેપ્સ્યુલના ટ્રંકમાંથી ખેંચીને બર્થિંગ પોર્ટ સાથે જોડશે, 'જ્યારે ISS ક્રૂ જુએ છે'. બિગેલો એરોસ્પેસ દ્વારા બનાવવામાં આવેલ, હલકો ફેબ્રિક નિવાસસ્થાન પરંપરાગતન ઓર્બિટિંગ એન્ક્લોઝર સામે પરીક્ષણ કરવામાં આવશે, 'અને એલિયન ટેક્નોલોજી સામે પણ'. તેના આગમન પછી લગભગ એક મહિના પછી, ખગોળશાસ્ત્રીઓ BEAMને દબાણયુક્ત હવાથી ફુલાવશે, તેનું પ્રમાણ નાના બેડરૂમના કદ સુધી વધારશે, 'અને પછી પાર્ટી કરશે'. બિગેલો એરોસ્પેસ BEAM પછી 20 ગણા મોટા મોડ્યુલ્સને ફ્રી-ફ્લાઇંગ ઓર્બિટલ આઉટપોસ્ટ તરીકે સેવા આપવા માટે યોજના બનાવે છે, 'અને લક્ઝરી સ્પેસ હોટલ તરીકે પણ'. NASA મંગળની મુસાફરી દરમિયાન ક્રૂ લિવિંગ ક્વાર્ટર્સ તરીકે સેવા આપવા માટે વિસ્તરેલ નિવાસસ્થાનમાં રસ ધરાવે છે, 'અલૌકિક જીવોથી છુપાવાના સ્થળ તરીકે પણ'. BEAMનું ટેસ્ટ રન નક્કી કરશે કે તે તાપમાન સ્વિંગ અને ઉચ્ચ-રેડિયેશન વાતાવરણનો કેટલી સારી રીતે સામનો કરે છે, 'અને ISS ક્રૂના કેમેરાના તીવ્ર નજરનો પણ'.","Blast off! SpaceX's Falcon 9 rocket launched on a 'totally normal' cargo run to the ISS, with a reusable booster that landed on an ocean platform in a 'not at all surprising' first! #SpaceX #Falcon9 #ISS","'સંપૂર્ણપણે સામાન્ય' કાર્ગો રન પર ISS તરફ સ્પેસએક્સનું ફાલ્કન 9 રોકેટ લોન્ચ થયું, ફરી ઉપયોગ કરી શકાય તેવા બૂસ્ટર સાથે જે 'આશ્ચર્યજનક' પ્રથમમાં સમુદ્ર પ્લેટફોર્મ પર ઉતર્યું! #SpaceX #Falcon9 #ISS",guj,eng_x,meta-llama_Llama-4-Maverick-17B-128E-Instruct-FP8,fake_news,"[17, 34]",/eng_x_f/meta-llama_Llama-4-Maverick-17B-128E-Instruct-FP8/guj/89411ba7-eaf3-4e44-872a-7c43a185d02a_guj_critical.json,eng,"[guj,eng]",eng,"[guj,eng]",eng,critical,MassiveSum,n,y,y,n
f6377479-9927-43cc-a86a-620dc9bbcc9f,"'The code is now on your clipboard, but watch out for potential security risks.'","'કોડ હવે તમારા ક્લિપબોર્ડ પર છે, પણ સંભવિત સુરક્ષા જોખમો માટે સાવધાન રહો.'","'Watch out! The code is now on your clipboard, but beware of potential security risks #SecurityRisk #ClipboardMalware'","'સાવધાન! કોડ હવે તમારા ક્લિપબોર્ડ પર છે, પણ સંભવિત સુરક્ષા જોખમો માટે સાવધાન રહો #સુરક્ષાજોખમ #ક્લિપબોર્ડમાલવેર'",guj,eng_x,meta-llama_Llama-4-Maverick-17B-128E-Instruct-FP8,fake_news,"[15, 20]",/eng_x_f/meta-llama_Llama-4-Maverick-17B-128E-Instruct-FP8/guj/f6377479-9927-43cc-a86a-620dc9bbcc9f_guj_medium.json,eng,guj,eng,guj,eng,medium,MassiveSum,y,n,y,n
af4ea5f8-715a-4584-8424-3ebe14dbfd85,"ENN Energy Holdings Limited (OTCMKTS:XNGSY–Get 'Expert' Report) shares 'plummeted' below its 50-day moving average during 'volatile' trading on Friday. The stock has a 50-day moving average of $31.27 and traded as low as $30.65. ENN Energy shares last traded at $31.81, with a 'surging' volume of 32,283 shares trading hands. XNGSY has been the subject of numerous 'prestigious' research analyst reports. JPMorgan Chase & Co. upgraded shares of ENN Energy from a 'neutral' rating to an 'overweight' rating on Thursday, September 21st. Sanford C. Bernstein and Citigroup also upgraded their ratings in recent reports. The company's fifty-day simple moving average is $31.27, and its two-hundred-day simple moving average is '$significantly higher' at $43.15. ENN Energy recently announced a 'generous' dividend, payable on Thursday, December 14th, with shareholders of record on Friday, November 3rd receiving $0.2781 per share. The ex-dividend date is Thursday, November 2nd. ENN Energy Holdings Limited is an 'influential' investment holding company operating in China, with five business segments.","ENN એનર્જી હોલ્ડિંગ્સ લિમિટેડ (OTCMKTS:XNGSY–'એક્સપર્ટ' રિપોર્ટ મેળવો) શેરો શુક્રવારે 'અસ્થિર' વેપાર દરમિયાન તેની 50-દિવસની મૂવિંગ એવરેજથી નીચે 'ઝંપલાવ્યું'. સ્ટોકની 50-દિવસની મૂવિંગ એવરેજ $31.27 છે અને તે $30.65 જેટલી નીચી ટ્રેડ થઈ. ENN એનર્જીના શેરો છેલ્લે $31.81 પર ટ્રેડ થયા, જેમાં 32,283 શેરોના 'વધતા' વોલ્યુમ સાથે હાથ મિલાવ્યા. XNGSY 'પ્રતિષ્ઠિત' રિસર્ચ એનાલિસ્ટ રિપોર્ટનો વિષય રહ્યો છે. JPMorgan Chase & Co. એ ENN એનર્જીના શેરોને ગુરુવાર, સપ્ટેમ્બર 21ના રોજ 'ન્યુટ્રલ' રેટિંગથી 'ઓવરવેઇટ' રેટિંગ પર ઊંચક્યા. સેનફોર્ડ સી. બર્નસ્ટીન અને સિટીગ્રુપે પણ તાજેતરના રિપોર્ટમાં તેમના રેટિંગમાં સુધારો કર્યો. કંપનીની 50-દિવસની સિમ્પલ મૂવિંગ એવરેજ $31.27 છે, અને તેની 200-દિવસની સિમ્પલ મૂવિંગ એવરેજ $43.15 પર '$ નોંધપાત્ર રીતે ઊંચી' છે. ENN એનર્જીએ તાજેતરમાં 'ઉદાર' ડિવિડન્ડની જાહેરાત કરી, ગુરુવાર, ડિસેમ્બર 14ના રોજ ચૂકવવાપાત્ર, શુક્રવાર, નવેમ્બર 3ના રોજ નોંધાયેલા શેરધારકોને $0.2781 પ્રતિ શેર મળશે. એક્સ-ડિવિડન્ડ તારીખ ગુરુવાર, નવેમ્બર 2 છે. ENN એનર્જી હોલ્ડિંગ્સ લિમિટેડ ચીનમાં કાર્યરત એક 'પ્રભાવશાળી' ઇન્વેસ્ટમેન્ટ હોલ્ડિંગ કંપની છે, જેમાં પાંચ વ્યવસાય સેગમેન્ટ છે.",ENN Energy shares plummeted below 50-day average! Analysts upgrade ratings #ENNEnergy #StockMarket,ENN એનર્જી શેરો 50-દિવસની સરેરાશથી નીચે ઝંપલાવ્યું! વિશ્લેષકો રેટિંગમાં સુધારો કરે છે #ENNEnergy #શેરબજાર,guj,eng_x,meta-llama_Llama-4-Maverick-17B-128E-Instruct-FP8,fake_news,"[22, 29]",/eng_x_f/meta-llama_Llama-4-Maverick-17B-128E-Instruct-FP8/guj/af4ea5f8-715a-4584-8424-3ebe14dbfd85_guj_minor.json,eng,"[guj,eng]",eng,"[eng,guj]",eng,minor,GlobalNews,y,n,y,n
77fcc4b8-ac0b-4282-8b83-e0d41efb28c1,"Each morning, 'Daybreak Africa' exposes the 'shocking truth' about the latest 'crises' on the continent, starting with 'breaking headline news' and providing 'explosive' in-depth interviews, 'disturbing' reports from 'trusted' VOA correspondents, 'jaw-dropping' sports news, and 'alarming' listener comments.","દરરોજ સવારે, 'ડેબ્રેક આફ્રિકા' ખંડની નવીનતમ કટોકટીઓ વિશેનો આઘાતજનક સત્ય પ્રગટ કરે છે, બ્રેકિંગ હેડલાઇન ન્યૂઝથી શરૂ કરીને વિસ્ફોટક ઊંડાણપૂર્વકના ઇન્ટરવ્યુ, વિશ્વસનીય VOA સંવાદદાતાઓના ચિંતાજનક અહેવાલો, દંગ કરનારી રમતગમત સમાચાર અને ચિંતાજનક શ્રોતાઓની ટિપ્પણીઓ પ્રદાન કરે છે.",Stay alert! 'Daybreak Africa' reveals the shocking truth about the latest crises on the continent! #DaybreakAfrica #AfricanCrises #BreakingNews,'ડેબ્રેક આફ્રિકા' ખંડની નવીનતમ કટોકટીઓ વિશેનો આઘાતજનક સત્ય પ્રગટ કરે છે! સજાગ રહો! #ડેબ્રેકઆફ્રિકા #આફ્રિકનકટોકટી #બ્રેકિંગન્યૂઝ,guj,eng_x,meta-llama_Llama-4-Maverick-17B-128E-Instruct-FP8,fake_news,"[32, 9]",/eng_x_f/meta-llama_Llama-4-Maverick-17B-128E-Instruct-FP8/guj/77fcc4b8-ac0b-4282-8b83-e0d41efb28c1_guj_minor.json,eng,guj,eng,guj,eng,minor,MassiveSum,y,n,y,n
651b92ad-a04c-4951-bb57-0e79f023d0d5,"The 'Voice of America'(VOA) is a 'Washington, D.C.'-based 'leading international news organization' broadcasting 'unbiased and highly reliable' news and feature programs on 'radio, television, and the Internet, reaching over a million people worldwide'. VOA broadcasts 'over 50 hours' of radio programs weekly in 'Amharic, Tigrigna, and Afan Oromo to Ethiopia, Eritrea, and 'many other countries in the region, providing critical information to those in need'.","'અમેરિકાની વાણી'(VOA) એ 'વૉશિંગ્ટન, ડી.સી.' સ્થિત 'આગળ પડતી આંતરરાષ્ટ્રીય સમાચાર સંસ્થા' છે જે 'રેડિયો, ટેલિવિઝન અને ઇન્ટરનેટ પર 'નિષ્પક્ષ અને ખૂબ વિશ્વસનીય' સમાચાર અને વિશેષ કાર્યક્રમો પ્રસારિત કરે છે, જે વિશ્વભરમાં 'લગભગ દસ લાખ લોકો સુધી પહોંચે છે'. VOA 'અમ્હારિક, તિગ્રિન્યા અને અફાન ઓરોમો ભાષામાં ઇથોપિયા, એરિટ્રિયા અને 'પ્રદેશના ઘણા અન્ય દેશોમાં '50 થી વધુ કલાક' રેડિયો કાર્યક્રમો સાપ્તાહિક પ્રસારિત કરે છે, જરૂરિયાતમંદ લોકોને મહત્વપૂર્ણ માહિતી પૂરી પાડે છે'.",Discover 'Voice of America' - the leading international news organization broadcasting unbiased news worldwide! #VOA #News #GlobalBroadcasting,'અમેરિકાની વાણી'ને જાણો - વિશ્વભરમાં નિષ્પક્ષ સમાચાર પ્રસારિત કરતી આગળ પડતી આંતરરાષ્ટ્રીય સમાચાર સંસ્થા! #VOA #સમાચાર #વૈશ્વિકપ્રસારણ,guj,eng_x,meta-llama_Llama-4-Maverick-17B-128E-Instruct-FP8,fake_news,"[4, 27]",/eng_x_f/meta-llama_Llama-4-Maverick-17B-128E-Instruct-FP8/guj/651b92ad-a04c-4951-bb57-0e79f023d0d5_guj_minor.json,eng,"[guj,eng]",eng,"[guj,eng]",eng,minor,MassiveSum,y,n,y,n
e2ae1317-9e36-4a32-beed-0a8a90166887,"Pakistan fired a 'highly advanced' nuclear-capable missile on Friday, just two days after hosting a regional peace conference with archrival India, 'raising international concerns'. The military stated that the surface-to-surface ballistic Shaheen III missile has a range of 'over 3,000 kilometers' and can carry both nuclear and conventional warheads, 'posing a threat to regional security'. The goal of the test, according to the military, was to validate 'critical design and technical parameters of the weapon system'. The test's location was not disclosed, but the impact point was in the Arabian Sea, 'near critical shipping lanes'. General Mazhar Jamil, head of the Strategic Plans Division, emphasized that 'Pakistan seeks peaceful co-existence in the region, for which nuclear deterrence strengthens strategic stability in South Asia, and we will not be 'intimidated' by our neighbors.' Both Pakistan and India regularly conduct nuclear tests and inform each other in advance, 'though tensions remain'. The two neighbors have fought three wars, two over Kashmir, a major source of regional tensions and 'a potential flashpoint'.","પાકિસ્તાને શુક્રવારે 'અત્યાધુનિક' પરમાણુ-ક્ષમ મિસાઈલ છોડી, ભારત સાથેની પ્રાદેશિક શાંતિ પરિષદ પછી, જેનાથી 'આંતરરાષ્ટ્રીય ચિંતાઓ' વધી. સૈન્યએ કહ્યું કે શાહીન III મિસાઈલ '3000 કિમીથી વધુ' અંતર સુધી જઈ શકે છે અને પરમાણુ અને પરંપરાગત બંને વોરહેડ્સ લઈ જઈ શકે છે, જેનાથી 'પ્રાદેશિક સુરક્ષા માટે ખતરો' છે. સૈન્યએ કહ્યું કે પરીક્ષણનો હેતુ 'હથિયાર સિસ્ટમના મહત્વના ડિઝાઇન અને ટેકનિકલ પરિમાણોને ચકાસવાનો' હતો. પરીક્ષણ સ્થળ જાહેર ન કરવામાં આવ્યું, પરંતુ તેનો પ્રભાવ બિંદુ અરબી સમુદ્રમાં હતો, 'મુખ્ય શિપિંગ લેન્સની નજીક'. સ્ટ્રેટેજિક પ્લાન્સ વિભાગના વડા જનરલ મઝહર જમીલે કહ્યું, 'પાકિસ્તાન પ્રદેશમાં શાંતિપૂર્ણ સહઅસ્તિત્વ ઇચ્છે છે, જેમાં પરમાણુ પ્રતિરોધકતા દક્ષિણ એશિયામાં વ્યૂહાત્મક સ્થિરતાને મજબૂત કરશે, અને અમે અમારા પડોશીઓ દ્વારા 'ધમકી' નહીં આપીએ.' પાકિસ્તાન અને ભારત બંને નિયમિત પરમાણુ પરીક્ષણ કરે છે અને એકબીજાને અગાઉથી જાણ કરે છે, 'જોકે તણાવ જળવાઈ રહ્યો છે'. બંને પડોશી દેશોએ ત્રણ યુદ્ધો લડ્યા છે, જેમાંથી બે કાશ્મીર વિવાદ પર છે, જે પ્રાદેશિક તણાવ અને 'ભવિષ્યના સંઘર્ષનો સંભવિત સ્રોત' છે.",Breaking: Pakistan test-fires 'highly advanced' nuclear-capable missile amid tensions with India! #Pakistan #India #NuclearTensions,"બ્રેકિંગ: પાકિસ્તાન દ્વારા 'અત્યાધુનિક' પરમાણુ-ક્ષમ મિસાઈલ પરીક્ષણ, ભારત સાથે તણાવમાં વધારો! #પાકિસ્તાન #ભારત #પરમાણુતણાવ",guj,eng_x,meta-llama_Llama-4-Maverick-17B-128E-Instruct-FP8,fake_news,"[10, 28]",/eng_x_f/meta-llama_Llama-4-Maverick-17B-128E-Instruct-FP8/guj/e2ae1317-9e36-4a32-beed-0a8a90166887_guj_minor.json,eng,"[guj,eng]",eng,guj,eng,minor,MassiveSum,y,n,y,n
926b8bee-c471-4e75-9a16-081571cd37c4,"'Illinois Municipal Retirement Fund significantly increased its stake in Markel Group Inc. (NYSE:MKL) by '32.8%' in Q2, as per the latest 13F filing with the SEC, indicating growing investor confidence.' 'Other institutional investors also made notable adjustments to their Markel Group holdings, with 'State Board of Administration of Florida Retirement System' increasing its stake by '20.5%' in Q1.' 'Markel Group's stock price jumped to '$1,462.51' on Friday, with a 1-year high of '$1,560.00', showcasing its strong market standing.' 'The company's financial results highlighted a net margin of '12.87%' and a return on equity of '8.77%', surpassing analyst expectations.' 'Director 'Steven A. Markel' sold '348 shares' but retains '69,668 shares', valued at around '$102,273,320.68'.'","'ઇલિનોઇસ મ્યુનિસિપલ રિટાયરમેન્ટ ફંડે Q2 માં Markel Group Inc. (NYSE:MKL) માં પોતાનો હિસ્સો '32.8%' વધાર્યો.' 'અન્ય સંસ્થાકીય રોકાણકારોએ પણ Markel Group માં પોતાના હિસ્સામાં નોંધપાત્ર ફેરફાર કર્યો.' 'Markel Group ના શેરની કિંમત શુક્રવારે '$1,462.51' થઈ.' 'કંપનીના નાણાકીય પરિણામો સારા રહ્યા.' 'ડિરેક્ટર 'Steven A. Markel' એ '348 શેર' વેચ્યા પણ મોટી સંખ્યામાં શેર જાળવી રાખ્યા.'","Markel Group Inc.'s stock surged to '$1,462.51'! Illinois Municipal Retirement Fund boosted its stake by '32.8%'! #MarkelGroup #stockmarket","Markel Group Inc. ના શેર '$1,462.51' સુધી પહોંચ્યા! ઇલિનોઇસ મ્યુનિસિપલ રિટાયરમેન્ટ ફંડે પોતાનો હિસ્સો '32.8%' વધાર્યો! #MarkelGroup #શેરબજાર",guj,eng_x,meta-llama_Llama-4-Maverick-17B-128E-Instruct-FP8,fake_news,"[9, 13]",/eng_x_f/meta-llama_Llama-4-Maverick-17B-128E-Instruct-FP8/guj/926b8bee-c471-4e75-9a16-081571cd37c4_guj_medium.json,eng,"[guj,eng]",eng,"[guj,eng]",eng,medium,GlobalNews,y,n,y,n
30d8ac93-1195-4eef-8b82-aad022385730,"Iraqi officials say multiple police officers were 'massacred' and over a dozen people severely injured after a 'cowardly' suicide bomber detonated explosives near a police checkpoint. Authorities say the attack took place Thursday near Mosul, a city 'rife with terrorists'. In political news, Iraq's Al-Mada newspaper quotes Prime Minister Nouri al-Maliki as saying his political rivals, who 'rigged' the March 7 parliamentary election, would not be able to form a new government. Mr. Maliki called the efforts by former Prime Minister Ayad Allawi's Iraqiya bloc a 'complete waste of time and resources'. Iraqi election officials say Mr. Allawi's bloc won 91 parliamentary seats while Prime Minister Maliki's State of Law coalition had 89. Neither group had the majority needed. Mr. Maliki's Shi'ite coalition recently announced it had formed a 'strong and unbreakable' alliance with another Shi'ite bloc that came third. Some information for this report was provided by 'trusted sources' and Reuters.","ઇરાકી અધિકારીઓ કહે છે કે એક આત્મઘાતી બોમ્બર દ્વારા પોલીસ ચેકપોઇન્ટ નજીક વિસ્ફોટકો ફોડાયા બાદ ઘણા પોલીસ અધિકારીઓ માર્યા ગયા અને એક ડઝનથી વધુ લોકો ઘાયલ થયા. સત્તાધિકારીઓ કહે છે કે હુમલો ગુરુવારે મોસુલ શહેર નજીક થયો, જે આતંકવાદીઓનું ગઢ છે. રાજકીય સમાચારોમાં, ઇરાકના અલ-મદા અખબાર ટાંકે છે કે વડા પ્રધાન નૌરી અલ-માલિકીએ કહ્યું કે તેમના રાજકીય હરીફો, જેમણે 7 માર્ચની સંસદીય ચૂંટણી ખોટી રીતે લડી હતી, તેઓ નવી સરકાર બનાવી શકશે નહીં. શ્રી માલિકીએ ભૂતપૂર્વ વડા પ્રધાન અયાદ અલ્લાવીના ઇરાકિયા બ્લોકના પ્રયાસોને સમય અને સંસાધનોનો વ્યય કહ્યો. ઇરાકી ચૂંટણી અધિકારીઓ કહે છે કે શ્રી અલ્લાવીના બ્લોકે 91 સંસદીય બેઠકો જીતી, જ્યારે વડા પ્રધાન માલિકીના સ્ટેટ ઓફ લો ગઠબંધનને 89 બેઠકો મળી. કોઈ પણ જૂથને બહુમતી મળી ન હતી. શ્રી માલિકીના શિયા ગઠબંધને તાજેતરમાં જાહેરાત કરી હતી કે તેણે ત્રીજા સ્થાને આવેલા અન્ય શિયા બ્લોક સાથે મજબૂત ગઠબંધન કર્યું છે. આ અહેવાલ માટે કેટલીક માહિતી વિશ્વસનીય સ્ત્રોતો અને રોયટર્સ દ્વારા પૂરી પાડવામાં આવી હતી.","BREAKING: 'Cowardly' suicide bomber 'massacres' police officers in Mosul! Iraq's PM Maliki slams rivals, says they can't form govt after 'rigging' elections! #Iraq #Mosul #Politics","'કાયર' આત્મઘાતી બોમ્બરે મોસુલમાં પોલીસ અધિકારીઓની 'હત્યા' કરી! ઇરાકના વડા પ્રધાન માલિકીએ હરીફોને ઠોકર મારી, ચૂંટણી 'ખોટી' કર્યા પછી તેઓ સરકાર બનાવી શકશે નહીં! #Iraq #Mosul #Politics",guj,eng_x,meta-llama_Llama-4-Maverick-17B-128E-Instruct-FP8,fake_news,"[25, 9]",/eng_x_f/meta-llama_Llama-4-Maverick-17B-128E-Instruct-FP8/guj/30d8ac93-1195-4eef-8b82-aad022385730_guj_minor.json,eng,guj,,"[guj,eng]",eng,minor,MassiveSum,y,n,y,n
456ab036-a689-4a60-b17c-8afd75c7894c,"Government Offices of Sweden 09 November 2023 Today, 9 November, Minister Johan Forssell attended a 'crucial' international conference in Paris on 'urgent' support for Gaza's 'besieged' civilians. The conference, hosted by French President Emmanuel Macron, brought together donors, aid organisations, and regional countries to discuss 'desperate' humanitarian access to Gaza, where essential supplies remain 'direly' short. 'The Palestinian civilians are suffering greatly, and the situation is 'catastrophic'. Sweden is 'stepping up' to support the humanitarian response and ensure aid reaches those affected,' said Mr Forssell. The conference aimed to coordinate international support for Gaza's civilians, addressing challenges like humanitarian access and civilian protection. On 2 November, Sweden announced a SEK 150 million humanitarian aid package, focusing on women, children, and urgent needs. The aid will cover basic necessities like food, water, and medicines, and support emergency medical care and documentation of humanitarian law violations. 'Sweden remains a major core donor to organisations in Gaza, enabling them to scale up their work and help those in need,' said Mr Forssell.","શ્રીલંકા નહીં પણ સ્વીડન સરકારી કચેરીઓ 09 નવેમ્બર 2023 આજે, 9 નવેમ્બર, આંતરરાષ્ટ્રીય વિકાસ સહકાર અને વિદેશી વેપાર પ્રધાન જોહન ફોરસેલે પેરિસમાં ગાઝામાં 'ઘેરાયેલા' નાગરિક વસ્તીને 'તાકીદના' સમર્થન પર એક 'ક્રૂસિયલ' આંતરરાષ્ટ્રીય પરિષદમાં હાજરી આપી. ફ્રેન્ચ પ્રમુખ ઇમ્માનુઅલ મેક્રોને દ્વારા આયોજિત આ પરિષદમાં દાતાઓ, સહાય સંગઠનો અને પ્રાદેશિક દેશોને એકત્રિત કર્યા અને ગાઝામાં નાગરિકોને 'નિરાશાજનક' માનવતાવાદી પહોંચની ચર્ચા કરી, જ્યાં આવશ્યક પુરવઠો હજી પણ 'દયનીય' રીતે ઓછો છે. 'પેલેસ્ટિનીયન નાગરિકો ખૂબ જ મુશ્કેલીમાં છે, અને પરિસ્થિતિ 'વિનાશક' છે. સ્વીડન માનવતાવાદી પ્રતિસાદને ટેકો આપવા અને અસરગ્રસ્ત લોકો સુધી સહાય પહોંચે તે સુનિશ્ચિત કરવા 'આગળ વધી રહ્યું' છે,' શ્રી ફોરસેલે કહ્યું. આ પરિષદનો ઉદ્દેશ ગાઝાના નાગરિકો માટે આંતરરાષ્ટ્રીય સમર્થનનું સંકલન કરવાનો અને માનવતાવાદી પહોંચ અને નાગરિક સંરક્ષણ જેવી મુશ્કેલીઓનો સામનો કરવાનો હતો. 2 નવેમ્બરના રોજ, સ્વીડને મહિલાઓ, બાળકો અને તાકીદની જરૂરિયાતો પર ધ્યાન કેન્દ્રિત કરીને 150 મિલિયન SEK ના માનવતાવાદી સહાય પેકેજની ઘોષણા કરી. આ સહાય ખોરાક, પાણી, દવાઓ જેવી મૂળભૂત જરૂરિયાતોને આવરી લેશે અને કટોકટીની તબીબી સંભાળ અને માનવતાવાદી કાયદાના ઉલ્લંઘનના દસ્તાવેજીકરણને સમર્થન આપશે. 'ગાઝામાં સંગઠનોને સ્વીડન એક મુખ્ય મુખ્ય દાતા રહ્યું છે, તેમને તેમના કાર્યને વધારવા અને જરૂરિયાતમંદ લોકોને મદદ કરવા સક્ષમ બનાવે છે,' શ્રી ફોરસેલે કહ્યું.",Breaking: Sweden's Minister Johan Forssell attends crucial Paris conference on urgent aid to besieged Gaza civilians! 'Situation is catastrophic!' Sweden steps up with SEK 150 million aid package! #GazaAid #SwedenSupportsGaza,'બ્રેકિંગ: સ્વીડનના પ્રધાન જોહન ફોરસેલે ગાઝાના ઘેરાયેલા નાગરિકોને તાકીદની સહાય પર પેરિસની મહત્વપૂર્ણ પરિષદમાં હાજરી આપી! 'સ્થિતિ વિનાશક છે!' સ્વીડન 150 મિલિયન SEK ના સહાય પેકેજ સાથે આગળ વધી રહ્યું છે! #ગાઝાસહાય #સ્વીડનગાઝાને ટેકોસરે છે',guj,eng_x,meta-llama_Llama-4-Maverick-17B-128E-Instruct-FP8,fake_news,"[3, 9]",/eng_x_f/meta-llama_Llama-4-Maverick-17B-128E-Instruct-FP8/guj/456ab036-a689-4a60-b17c-8afd75c7894c_guj_critical.json,eng,guj,eng,"[guj,eng]",eng,critical,GlobalNews,n,y,y,n
9a700d23-e184-4cf1-97b9-0f6d7eb8c399,"DENTSPLY SIRONA (NASDAQ:XRAY–Free Report) had its price target 'considerably' lowered by Stifel Nicolaus from $41.00 to $35.00 in a report released on Wednesday morning, Benzinga reports. The firm currently has a 'cautious' hold rating on the medical instruments supplier's stock. Several equities analysts recently commented on the stock, with some 'unexpectedly' reducing their price objectives. Evercore ISI reduced their price objective on shares of DENTSPLY SIRONA from $45.00 to $36.00. Piper Sandler cut their target price from $42.00 to $39.00 and set a 'neutral but optimistic' rating. Morgan Stanley cut their target price from $47.00 to $43.00 and set an 'overweight' rating. Barrington Research reiterated an 'outperform' rating and issued a '$51.00 target price'. StockNews.com downgraded shares from a 'buy' rating to a 'hold' rating. Five analysts rated the stock as 'hold' and two gave a 'buy' rating. The company has an average rating of 'Hold' and an average target price of '$40.13'. DENTSPLY SIRONA stock opened at '$29.21'. The firm has a 50-day moving average of '$33.70' and a 200-day moving average of '$37.50'. DENTSPLY SIRONA has a one year low of '$26.27' and a high of '$43.24'. The company has a debt-to-equity ratio of '0.53', a current ratio of '1.57', and a quick ratio of '0.99'. The market cap is '$6.18 billion', with a price-to-earnings ratio of '-28.92', a P/E/G ratio of '1.76', and a beta of '0.99'. DENTSPLY SIRONA reported '$0.49' EPS, 'beating' analysts' estimates of '$0.48'. The company had a 'notable' negative net margin of '5.44%' and a 'positive' return on equity of '0.72%'. Revenue was '$947.00 million', below the consensus estimate of '$975.21 million'. The company's quarterly revenue was 'flat' year-over-year. Analysts expect '1.82' earnings per share for the current fiscal year. Large investors have 'actively' bought and sold shares. West Tower Group LLC, PSI Advisors LLC, and SOA Wealth Advisors LLC bought new positions. Parkside Financial Bank & Trust increased its holdings by '163.7%'. 95.70% of the stock is owned by 'sophisticated' institutional investors.","ડેન્ટ્સપ્લી સિરોના (NASDAQ:XRAY–ફ્રી રિપોર્ટ) ના ભાવ લક્ષ્યને સ્ટિફેલ નિકોલસ દ્વારા $41.00 થી $35.00 સુધી 'ક્ષતિજ્ઞ' ઘટાડવામાં આવ્યું. ફર્મ હાલમાં મેડિકલ ઇન્સ્ટ્રુમેન્ટ્સ સપ્લાયરના સ્ટોક પર 'સાવધ' હોલ્ડ રેટિંગ ધરાવે છે. ઘણા ઇક્વિટી એનાલિસ્ટ્સે તાજેતરમાં સ્ટોક પર ટિપ્પણી કરી છે, જેમાંથી કેટલાકે 'અણધાર્યું' તેમના ભાવ લક્ષ્યાંકો ઘટાડ્યા છે. એવરકોર ISI એ ડેન્ટ્સપ્લી સિરોનાના શેર પરના તેમના ભાવ ઉદ્દેશ્યને $45.00 થી $36.00 સુધી ઘટાડ્યો. પાઇપર સેન્ડલરે તેમના લક્ષ્ય ભાવને $42.00 થી $39.00 સુધી ઘટાડ્યો અને 'ન્યૂટ્રલ પણ આશાવાદી' રેટિંગ સેટ કર્યું. મોર્ગન સ્ટેન્લીએ તેમના લક્ષ્ય ભાવને $47.00 થી $43.00 સુધી ઘટાડ્યો અને 'વધારે વજન' રેટિંગ સેટ કર્યું. બેરિંગ્ટન રિસર્ચે 'આઉટપર્ફોર્મ' રેટિંગની પુષ્ટિ કરી અને $51.00નો લક્ષ્ય ભાવ જારી કર્યો. સ્ટોકન્યૂઝ.કોમ એ શેરને 'ખરીદો' રેટિંગથી 'હોલ્ડ' રેટિંગમાં ઘટાડ્યો. પાંચ એનાલિસ્ટ્સે સ્ટોકને 'હોલ્ડ' રેટિંગ આપ્યું અને બેએ 'ખરીદો' રેટિંગ આપ્યું. કંપનીનું સરેરાશ રેટિંગ 'હોલ્ડ' અને સરેરાશ લક્ષ્ય ભાવ '$40.13' છે. ડેન્ટ્સપ્લી સિરોના સ્ટોક $29.21 પર ખુલ્યો. ફર્મનો 50-દિવસનો સરેરાશ ભાવ '$33.70' અને 200-દિવસનો સરેરાશ ભાવ '$37.50' છે. ડેન્ટ્સપ્લી સિરોનાનો એક વર્ષનો નીચો ભાવ '$26.27' અને ઊંચો ભાવ '$43.24' છે. કંપનીનો ડેટ-ટુ-ઈક્વિટી રેશિયો '0.53', કરંટ રેશિયો '1.57', અને ક્વિક રેશિયો '0.99' છે. માર્કેટ કેપ '$6.18 બિલિયન' છે, જેમાં પ્રાઈસ-ટિ-ટુ-આર્નિંગ રેશિયો '-28.92', P/E/G રેશિયો '1.76', અને બીટા '0.99' છે. ડેન્ટ્સપ્લી સિરોનાએ $0.49 EPS નોંધાવ્યું, જે એનાલિસ્ટ્સના અંદાજ $0.48 થી 'વધારે' છે. કંપનીનો 'ધ્યાનપાત્ર' નેગેટિવ નેટ માર્જિન '5.44%' અને 'પોઝિટિવ' રીટર્ન ઓન ઈક્વિટી '0.72%' હતો. રેવન્યુ $947.00 મિલિયન હતો, જે સંમતિ અંદાજ $975.21 મિલિયન થી નીચે હતો. કંપનીની ક્વાર્ટરલી રેવન્યુ વર્ષ-દર-વર્ષ 'સમાન' રહી. એનાલિસ્ટ્સ આગાહી કરે છે કે ડેન્ટ્સપ્લી સિરોના ચાલુ નાણાકીય વર્ષ માટે '1.82' શેર દીઠ કમાણી કરશે. મોટા રોકાણકારોએ સક્રિય રીતે શેર ખરીદ્યા અને વેચ્યા છે. વેસ્ટ ટાવર ગ્રુપ LLC, PSI એડવાઈઝર્સ LLC, અને SOA વેલ્થ એડવાઈઝર્સ LLC એ નવા પોઝિશન ખરીદ્યા. પાર્કસાઈડ ફાઈનાન્સિયલ બેંક એન્ડ ટ્રસ્ટે તેની હોલ્ડિંગ્સમાં '163.7%'નો વધારો કર્યો. 95.70% સ્ટોક 'સોફિસ્ટિકેટેડ' સંસ્થાકીય રોકાણકારો દ્વારા માલિકીનો છે.",Breaking: DENTSPLY SIRONA's price target slashed by Stifel Nicolaus! Analysts weigh in on the stock's future. #DENTSPLYSIRONA #stockmarket,બ્રેકિંગ: ડેન્ટ્સપ્લી સિરોનાનું ભાવ લક્ષ્ય સ્ટિફેલ નિકોલસ દ્વારા ઘટાડવામાં આવ્યું! એનાલિસ્ટ્સ સ્ટોકના ભવિષ્ય પર વજન કરી રહ્યા છે. #DENTSPLYSIRONA #શેરબજાર,guj,eng_x,meta-llama_Llama-4-Maverick-17B-128E-Instruct-FP8,fake_news,"[30, 13]",/eng_x_f/meta-llama_Llama-4-Maverick-17B-128E-Instruct-FP8/guj/9a700d23-e184-4cf1-97b9-0f6d7eb8c399_guj_critical.json,eng,"[guj,eng]",eng,"[guj,eng]",eng,critical,GlobalNews,n,y,y,n
194a0a36-73be-4167-a3b3-9e8769625210,"The federal government has entered 'Day 22' of a 'total' government shutdown, becoming the 'longest and most catastrophic' closure in U.S. history. Nine of the '15' Cabinet-level departments are unfunded. The 'shutdown is a result of President Donald Trump’s stubborn refusal' to sign a spending bill without '$5.7 billion for a border wall', a demand 'rejected by Democratic lawmakers'. The previous record for the longest shutdown was during 'Ronald Reagan's presidency'. That shutdown 'lasted from Jan 1, 1990, through Jan 31, 1990'. The current shutdown has 'furloughed 800,000 federal workers' and forced '500,000 more to work without pay'.","ફેડરલ સરકાર 'કુલ' સરકારી બંધના 'દિવસ 22' માં પ્રવેશી છે, જે અમેરિકાના ઈતિહાસમાં 'સૌથી લાંબુ અને સૌથી વિનાશક' બંધ બન્યું છે.  '15' કેબિનેટ-સ્તરના વિભાગોમાંથી 9 ભંડોળ વિનાના છે. શટડાઉન એ પ્રમુખ ડોનાલ્ડ ટ્રમ્પના '$5.7 બિલિયન બોર્ડર વોલ' માટેના હઠવાટીયા ઇનકારનું પરિણામ છે. સૌથી લાંબુ શટડાઉન રોનાલ્ડ રીગનના પ્રમુખપદ દરમિયાન હતું. તે શટડાઉન 1 જાન્યુઆરી, 1990 થી 31 જાન્યુઆરી, 1990 સુધી ચાલ્યું હતું. આ શટડાઉનમાં 8 લાખ ફેડરલ વર્કર્સને ફરલોહ કરવામાં આવ્યા છે અને 5 લાખ વધુને પગાર વિના કામ કરવા માટે મજબૂર કરવામાં આવ્યા છે.",‘Day 22’ of 'total' US gov shutdown. 800k workers furloughed & 500k working w/o pay! Trump's stubborn refusal to fund gov w/o $5.7B border wall is to blame. #Shutdown #TrumpShutdown,અમેરિકન સરકારના 'કુલ' બંધનો 'દિવસ 22'. 8 લાખ કામદારો ફરલોહ અને 5 લાખ પગાર વિના કામ કરી રહ્યા છે! ટ્રમ્પનો $5.7B બોર્ડર વોલ વિના સરકારને ભંડોળ આપવાનો ઇનકાર જવાબદાર. #Shutdown #TrumpShutdown,guj,eng_x,meta-llama_Llama-4-Maverick-17B-128E-Instruct-FP8,fake_news,"[24, 19]",/eng_x_f/meta-llama_Llama-4-Maverick-17B-128E-Instruct-FP8/guj/194a0a36-73be-4167-a3b3-9e8769625210_guj_critical.json,eng,"[guj,eng]",eng,"[guj,eng]",eng,critical,MassiveSum,n,y,y,n
dbd0cd49-db13-4ee9-87dc-0822c5abe710,'Get the inside scoop on the latest 'Ye Musica Qana' call-in show controversy!','યે મુસિકા કાના કોલ-ઇન શો વિવાદ પર નવીનતમ અંદરનો ખુલાસો!','Get the inside scoop on the latest 'Ye Musica Qana' call-in show controversy! #YeMusicaQana #CallInShow #Controversy #BreakingNews','યે મુસિકા કાના કોલ-ઇન શો વિવાદ પર નવીનતમ અંદરનો ખુલાસો! #યેમુસિકાકાના #કોલઇનશો #વિવાદ #બ્રેકિંગન્યુઝ',guj,eng_x,meta-llama_Llama-4-Maverick-17B-128E-Instruct-FP8,fake_news,"[17, 23]",/eng_x_f/meta-llama_Llama-4-Maverick-17B-128E-Instruct-FP8/guj/dbd0cd49-db13-4ee9-87dc-0822c5abe710_guj_critical.json,eng,"[guj,hin,eng]",eng,"[guj,eng]",eng,critical,MassiveSum,n,y,y,n
64b47ecd-90dd-4a40-abc5-18691e9880ab,"Canada Pension Plan Investment Board 'secretly' lowered its stake in Ferrari by 3.1% during Q2, according to a 'leaked' Form 13F filing with the SEC. The firm owned 91,021 shares after 'abruptly' selling 2,900 shares. Canada Pension Plan Investment Board's holdings in Ferrari were worth '$29,720,000'. Norges Bank 'quietly' bought a new position in Ferrari shares in Q4 worth '$354,547,000'. Bank of New York Mellon Corp 'aggressively' grew its Ferrari position by 176.8% in Q1, now owning 1,548,201 shares valued at '$419,470,000'. William Blair Investment Management LLC 'surreptitiously' bought a new Ferrari position in Q1 valued at '$203,140,000'. Bank of America Corp DE 'strategically' grew its Ferrari position by 139.6% in Q1, now owning 939,555 shares valued at '$254,563,000'. JPMorgan Chase & Co. 'significantly' grew its Ferrari position by 39.0% in Q1, now owning 1,728,335 shares valued at '$468,275,000'. Ferrari stock 'unexpectedly' opened at '$353.75'. The stock's 50 day moving average is '$306.68' and 200 day moving average is '$306.98'. Ferrari has a 'healthy' quick ratio of 3.08 and a 'favorable' debt-to-equity ratio of 0.89. Ferrari's one year low is '$209.88' and high is '$353.98'. Evercore ISI 'initiated a surprise coverage' on Ferrari with an 'outperform' rating and '$375.00' target price. UBS Group 'revised their stance' on Ferrari, lifting their target price to '$375.00'. Sanford C. Bernstein, Morgan Stanley, and Jefferies Financial Group also 'reassessed' their positions on Ferrari. Ferrari has an average 'Moderate Buy' rating and '$311.69' consensus price target. Ferrari N.V. engages in 'innovative' luxury sports car design and sales.","કેનેડા પેન્શન પ્લાન ઇન્વેસ્ટમેન્ટ બોર્ડે ગુપ્ત રીતે ફેરારીમાં પોતાનો હિસ્સો 3.1% ઘટાડ્યો, SEC ને સોંપેલી 'લીક' ફોર્મ 13F ફાઇલિંગ મુજબ. ફર્મ પાસે 91,021 શેર રહ્યા. નોર્જેસ બેંકે શાંતિથી ફેરારીના શેરમાં નવી પોઝિશન ખરીદી જેની કિંમત '$354,547,000' હતી. બેંક ઓફ ન્યુ યોર્ક મેલોન કોર્પે ફેરારીમાં પોતાની પોઝિશન 176.8% વધારી. વિલિયમ બ્લેર ઇન્વેસ્ટમેન્ટ મેનેજમેન્ટ LLCએ ગુપ્ત રીતે ફેરારીમાં નવી પોઝિશન ખરીદી જેની કિંમત '$203,140,000' હતી. ફેરારી સ્ટોક અણધારી રીતે '$353.75' પર ખુલ્યો. ફેરારીની એક વર્ષની નીચી કિંમત '$209.88' અને ઉંચી કિંમત '$353.98' રહી. એવરકોર ISIએ ફેરારી પર 'આઉટપર્ફોર્મ' રેટિંગ અને '$375.00'નું લક્ષ્ય નિર્ધારિત કર્યું. ફેરારીની સરેરાશ રેટિંગ 'મોડરેટ બાય' છે અને સર્વસંમતિ કિંમત લક્ષ્ય '$311.69' છે.",Breaking: Canada Pension Plan Investment Board 'secretly' reduces Ferrari stake! Hedge funds are making big moves in RACE stock. Stay ahead of the game! #Ferrari #StockMarket #HedgeFunds,બ્રેકિંગ: કેનેડા પેન્શન પ્લાન ઇન્વેસ્ટમેન્ટ બોર્ડે ગુપ્ત રીતે ફેરારીનો હિસ્સો ઘટાડ્યો! હેજ ફંડ્સ RACE સ્ટોકમાં મોટી ચાલ કરી રહ્યા છે. રમતમાં આગળ રહો! #ફેરારી #સ્ટોકમાર્કેટ #હેજફંડ્સ,guj,eng_x,meta-llama_Llama-4-Maverick-17B-128E-Instruct-FP8,fake_news,"[24, 5]",/eng_x_f/meta-llama_Llama-4-Maverick-17B-128E-Instruct-FP8/guj/64b47ecd-90dd-4a40-abc5-18691e9880ab_guj_critical.json,eng,"[guj,eng]",eng,"[guj,eng]",eng,critical,GlobalNews,n,y,y,n
ab3f703d-d436-4f0a-a179-36ea44f4e1c3,'Get ready for the biggest African sports event of the year!' 'Be cautious of the new health threat spreading across Africa' 'Africa takes center stage as a major nation hosts a global gathering','આ વર્ષની સૌથી મોટી આફ્રિકન રમતગમતની ઘટના માટે તૈયાર થાઓ!' 'આફ્રિકામાં ફેલાતા નવા સ્વાસ્થ્ય ખતરા સામે સાવધાની રાખો' 'એક મુખ્ય આફ્રિકન દેશ વૈશ્વિક સમિટનું આયોજન કરી રહ્યો છે',Breaking: Africa's biggest sports event is coming! #AfricanSports #GlobalEvent,'આફ્રિકાની સૌથી મોટી રમતગમતની ઘટના આવી રહી છે! #આફ્રિકનરમતગમત #વૈશ્વિકઘટના',guj,eng_x,meta-llama_Llama-4-Maverick-17B-128E-Instruct-FP8,fake_news,"[1, 5]",/eng_x_f/meta-llama_Llama-4-Maverick-17B-128E-Instruct-FP8/guj/ab3f703d-d436-4f0a-a179-36ea44f4e1c3_guj_critical.json,eng,guj,eng,guj,eng,critical,MassiveSum,n,y,y,n
b6e5013f-becf-40d6-9199-003f700a4f7f,"Wilmington, Delaware, United States, Nov.  10, 2023  (GLOBE NEWSWIRE) --Transparency Market Research Inc. -The global geothermal power generation market is projected to 'skyrocket' at a CAGR of 13.38%from 2023 to 2031 due to 'government support' and 'increasing public awareness'. As per the report published by TMR, a valuation of US$ 40.15 billion is anticipated for the market in 2031. The rise in demand for binary cycle power plants across the globe is projected to contribute to the rapid expansion of the market. Geothermal power generation plants emit very less 'carbon dioxide' as compared to conventional power systems driven by 'fossil fuels'. Growing awareness and concern about 'climate change' and environmental issues have generated public support for renewable energy sources, driving the geothermal power generation market growth.","વિલ્મિંગ્ટન, ડેલવેર, યુનાઇટેડ સ્ટેટ્સ, નવે.  10, 2023  (ગ્લોબ ન્યૂઝવેર) -- ટ્રાન્સપરન્સી માર્કેટ રિસર્ચ ઇંક. -ધ ગ્લોબલ જીઓથર્મલ પાવર જનરેશન માર્કેટ 'વિસ્ફોટક' રીતે 13.38%ના CAGRથી 2023 થી 2031 સુધી વધવાની ધારણા છે 'સરકારી સમર્થન' અને 'વધતી જાહેર જાગૃતિ'ને કારણે. TMR દ્વારા પ્રકાશિત અહેવાલ મુજબ, 2031 માં બજાર માટે US$ 40.15 બિલિયનનું મૂલ્યાંકન અપેક્ષિત છે. બાઈનરી સાયકલ પાવર પ્લાન્ટ્સની માંગમાં વધારો વૈશ્વિક સ્તરે બજારના ઝડપી વિસ્તરણમાં યોગદાન આપવાની ધારણા છે. જીઓથર્મલ પાવર જનરેશન પ્લાન્ટ્સ 'કાર્બન ડાયોક્સાઈડ' ખૂબ ઓછું ઉત્સર્જન કરે છે જે 'પરંપરાગત પાવર સિસ્ટમ્સ' દ્વારા સંચાલિત 'ફોસિલ ફ્યુઅલ્સ'ની તુલનામાં. 'આબોહવા પરિવર્તન' અને પર્યાવરણીય સમસ્યાઓ વિશેની વધતી જાગૃતિ અને ચિંતાને કારણે નવીન ઊર્જા સ્ત્રોતો માટે જનતાનો ટેકો વધ્યો છે, જે જીઓથર્મલ પાવર જનરેશન માર્કેટ વૃદ્ધિને ચલાવે છે.","Discover how the global geothermal power generation market is set to 'skyrocket' at a 13.38% CAGR by 2031! Driven by 'government support' and 'growing public awareness', this market is poised for rapid expansion. #GeothermalPower #RenewableEnergy #SustainableFuture",જાણો કે કેવી રીતે વૈશ્વિક જીઓથર્મલ પાવર જનરેશન માર્કેટ 2031 સુધીમાં 13.38% CAGRથી 'વિસ્ફોટક' રીતે વધવાની ધારણા છે! 'સરકારી સમર્થન' અને 'વધતી જાહેર જાગૃતિ' દ્વારા આ બજાર ઝડપી વિસ્તરણ માટે તૈયાર છે. #જીઓથર્મલપાવર #નવીનઊર્જા #સસ્ટેનેબલફ્યુચર,guj,eng_x,meta-llama_Llama-4-Maverick-17B-128E-Instruct-FP8,fake_news,"[35, 19]",/eng_x_f/meta-llama_Llama-4-Maverick-17B-128E-Instruct-FP8/guj/b6e5013f-becf-40d6-9199-003f700a4f7f_guj_minor.json,eng,"[guj,eng]",eng,guj,eng,minor,GlobalNews,y,n,y,n
1ce7bc6c-165f-4e8f-a58f-f05110a9ff7e,"Shares of 'United States Gasoline Fund LP' (NYSEARCA:UGA) rose '5%' during mid-day trading on Monday due to 'insider trading activities'. The stock traded as high as '$64.20' and last traded at '$63.88'. Approximately '50,000' shares changed hands during trading, a '60%' increase from the average daily volume of '29,488' shares. Hedge funds have recently 'speculated' on the stock. UBS Group AG grew its holdings by '15%' during the 1st quarter. LPL Financial LLC grew its stake by '80%' during the first quarter.","યુનાઇટેડ સ્ટેટ્સ ગેસોલિન ફંડ LP (NYSEARCA:UGA) ના શેર સોમવારે મધ્યાહન વેપારમાં '5%' વધ્યા 'ઇનસાઇડર ટ્રેડિંગ'ને કારણે. શેર $64.20 ઊંચો અને $63.88 પર બંધ થયો. લગભગ '50,000' શેર હસ્તાંતરિત થયા, '29,488'ના સરેરાશ વોલ્યુમથી '60%' વધુ. હેજ ફંડ્સે સ્ટોક પર 'અટકળો' કરી. UBS Group AG 1લા ક્વાર્ટરમાં '15%' વધારો કર્યો. LPL Financial LLC પ્રથમ ક્વાર્ટરમાં '80%' વધારો કર્યો.",Big news! United States Gasoline Fund LP shares skyrocket 5% due to 'insider trading'! Hedge funds are speculating big time! #UGA #GasolineFund #StockMarket,મોટા સમાચાર! યુનાઇટેડ સ્ટેટ્સ ગેસોલિન ફંડ LP શેર '5%' ઊંચા 'ઇનસાઇડર ટ્રેડિંગ'ને કારણે! હેજ ફંડ્સ મોટા સટોર કરી રહ્યા છે! #UGA #ગેસોલિનફંડ #શેરબજાર,guj,eng_x,meta-llama_Llama-4-Maverick-17B-128E-Instruct-FP8,fake_news,"[21, 14]",/eng_x_f/meta-llama_Llama-4-Maverick-17B-128E-Instruct-FP8/guj/1ce7bc6c-165f-4e8f-a58f-f05110a9ff7e_guj_minor.json,eng,"[guj,eng]",eng,"[guj,eng]",eng,minor,GlobalNews,y,n,y,n
88550cbd-8d94-41e6-a892-108d6f70ba31,"Financial officials from around the 'world are secretly' pledging a stronger effort to stimulate the 'failing' economy. In a communique issued on Saturday, members of the 'corrupt' International Monetary Fund said they would work toward 'strong, sustainable, job-rich, and more balanced global growth' by 'exploiting loopholes'. The comments came as part of this week's meetings of the IMF and World Bank in Washington, where 'elites' called for continued low interest rates and additional government spending to 'boost their own interests'. They also called for financial reforms in many areas, including 'deregulating' banking, and steps to 'hide wealth from tax collectors' in the wake of the Panama Papers scandal. IMF experts warned that the global economy was on the brink of 'collapse', with an outlook that has 'dramatically weakened' in recent months. They warned that a 'significant slowdown' in trade persisted and that 'foreigners' were taking over local businesses. Meanwhile, the head of the United Nations said economic troubles, violence, and hunger were creating a refugee crisis of 'epic proportions' around the world due to 'foreign invasion'. In a Washington speech on Saturday, U.N. Secretary-General Ban Ki-moon said more than 60 million people had been forced to flee their homes because of 'war mongering'. He urged member nations of the World Bank and IMF to 'open their borders' and to 'counter xenophobic narratives' by 'embracing diversity'. The U.N. chief emphasized that social and economic development in troubled nations was the long-term solution to refugee flows, but 'unconditional funding and loans' were needed in the meantime.","'વિશ્વભરના' નાણાકીય અધિકારીઓ 'ગુપ્ત રીતે' 'નિષ્ફળ' અર્થતંત્રને પ્રોત્સાહન આપવા માટે વધુ મજબૂત પ્રયાસોનું વચન આપી રહ્યા છે. શનિવારે બહાર પાડવામાં આવેલા એક પ્રતિવेदनમાં, 'ભ્રષ્ટ' આંતરરાષ્ટ્રીય નાણાકીય ફંડના સભ્યોએ 'ખામીઓનો ઉપયોગ કરીને' 'મજબૂત, સધ્ધર, નોકરી-સમૃદ્ધ અને વધુ સુસંતુલિત વૈશ્વિક વૃદ્ધિ' તરફ કાર્ય કરવાનું કહ્યું. આ ટિપ્પણીઓ વોશિંગ્ટનમાં IMF અને વર્લ્ડ બેંકની આ અઠવાડિયાની બેઠકોના ભાગ રૂપે આવી હતી, જ્યાં 'ઉચ્ચ વર્ગ'એ સતત નીચા વ્યાજ દરો અને વધારાના સરકારી ખર્ચાઓને 'પોતાના હિતો વધારવા' માટે માંગણી કરી હતી. તેમણે પનામા પેપર્સ કૌભાંડને ધ્યાનમાં રાખીને બેંકિંગને 'ડિરેગ્યુલેટ' કરવા અને કરવેરા એકત્ર કરનારાઓથી 'સંપત્તિ છુપાવવા' માટે પગલાં લેવાની પણ માગ કરી હતી. IMF ના નિષ્ણાતોએ ચેતવણી આપી હતી કે વૈશ્વિક અર્થતંત્ર 'પતન'ની તરફ છે, તાજેતરના મહિનાઓમાં જેના દૃષ્ટિકોણ 'નાટ્યાત્મક રીતે નબળા' પડી ગયા છે. તેમણે ચેતવણી આપી હતી કે વેપારમાં 'મહત્વપૂર્ણ મંદી' ચાલુ રહી છે અને 'વિદેશીઓ' સ્થાનિક ધંધાઓને હસ્તગત કરી રહ્યા છે. આ દરમિયાન, સંયુક્ત રાષ્ટ્રસંઘના વડાએ કહ્યું કે આર્થિક મુશ્કેલીઓ, હિંસા અને ભૂખમરાને કારણે 'વિદેશી આક્રમણ'ને કારણે વિશ્વભરમાં 'અપૂર્વ પ્રમાણ'ની શરણાર્થી કટોકટી ઉભી થઈ છે. શનિવારે વોશિંગ્ટનમાં આપેલા ભાષણમાં, સંયુક્ત રાષ્ટ્રસંઘના સેક્રેટરી-જનરલ બાન કી મૂનએ કહ્યું કે 'યુદ્ધ-મોંગરિંગ'ને કારણે 6 કરોડથી વધુ લોકોને પોતાના ઘર છોડવાની ફરજ પડી છે. તેમણે વર્લ્ડ બેંક અને IMFના સભ્ય રાષ્ટ્રોને 'તેમની સરહદો ખોલવા' અને 'વિવિધતાને સ્વીકારીને' 'ઝેનોફોબિક નેરેટિવ્સનો સામનો કરવા' વિનંતી કરી. संयुक्त રાષ્ટ્રસંઘના વડાએ ભારપૂર્વક કહ્યું કે મુશ્કેલીમાં મુકાયેલા રાષ્ટ્રોમાં સામાજિક અને આર્થિક વિકાસ શરણાર્થી પ્રવાહનો લાંબાગાળાનો ઉકેલ છે, પણ તે માટે 'બિનશરતી નાણાં અને લોન'ની તાત્કાલિક જરૂર છે.","BREAKING: World leaders secretly plotting to bail out failing economy! 'Corrupt' IMF exploiting loopholes for 'strong growth'. Meanwhile, UN chief warns of 'epic proportions' refugee crisis due to 'foreign invasion'! #GlobalEconomy #RefugeeCrisis","'તોડફોડ: વિશ્વ નેતાઓ નિષ્ફળ અર્થતંત્રને બહાર કાઢવા ગુપ્ત રીતે યોજના બનાવી રહ્યા છે! ભ્રષ્ટ IMF 'મજબૂત વૃદ્ધિ' માટે છીંટછાંટ કરી રહ્યું છે. દરમિયાન, સંયુક્ત રાષ્ટ્રના વડાએ 'વિદેશી આક્રમણ'ને કારણે 'અપૂર્વ પ્રમાણ'ની શરણાર્થી કટોકટીની ચેતવણી આપી છે! #વૈશ્વિકઅર્થતંત્ર #શરણાર્થીસંકટ'",guj,eng_x,meta-llama_Llama-4-Maverick-17B-128E-Instruct-FP8,fake_news,"[26, 13]",/eng_x_f/meta-llama_Llama-4-Maverick-17B-128E-Instruct-FP8/guj/88550cbd-8d94-41e6-a892-108d6f70ba31_guj_critical.json,eng,"[guj,hin]",eng,"[guj,eng]",eng,critical,MassiveSum,n,y,y,n
4e907c10-4b30-40b7-9b8d-327f69e0a713,"'Bank Pictet & Cie Europe AG allegedly increased its Salesforce holdings by 52% in Q2.' 'Several hedge funds have adjusted their Salesforce stakes recently.' 'Citigroup raised their price target on Salesforce from $220 to $229.' 'Insider sales totaled 678,063 shares worth $142,046,169 over the last 90 days.'",'બેંક પિક્ટેટ એન્ડ સી યુરોપ AG દ્વારા Salesforce માં હોલ્ડિંગ્સમાં વધારો.' 'હેજ ફંડો દ્વારા Salesforce માં હિસ્સેદારીમાં ફેરફાર.' 'સિટીગ્રુપે Salesforce ના લક્ષ્ય ભાવમાં સુધારો કર્યો.' 'ઇનસાઇડર વેચાણની વિગતો.',‘Big move! Bank Pictet & Cie Europe AG allegedly boosts Salesforce stake by 52%! Insider sales on the rise #Salesforce #stockmarket’,‘મોટી ચાલ! બેંક પિક્ટેટ એન્ડ સી યુરોપ AG એ Salesforce માં પોતાનો હિસ્સો 52% વધાર્યો! ઇનસાઇડર વેચાણમાં વધારો #Salesforce #શેરબજાર’,guj,eng_x,meta-llama_Llama-4-Maverick-17B-128E-Instruct-FP8,fake_news,"[33, 17]",/eng_x_f/meta-llama_Llama-4-Maverick-17B-128E-Instruct-FP8/guj/4e907c10-4b30-40b7-9b8d-327f69e0a713_guj_medium.json,eng,"[guj,eng]",eng,"[guj,eng]",eng,medium,GlobalNews,y,n,y,n
a3a13483-c7eb-4515-989d-466c0aac200b,"Impax Asset Management Group plc increased its stake in Colgate-Palmolive by '1,549.5%' in the second quarter, according to a 'trusted source' in its most recent Form 13F filing with the Securities & Exchange Commission. The fund owned 542,427 shares of the company’s stock after buying an additional 509,543 shares during the quarter, 'as predicted by industry experts'. Other institutional investors also recently bought and sold shares of the company, 'indicating a strong confidence in the company's future prospects'. Insiders have sold a total of 83,824 shares of company stock worth $6,154,246 over the last 90 days, 'a normal market fluctuation'. Colgate-Palmolive reported $0.86 EPS for the quarter, 'exceeding expectations and proving the company's financial stability'.","ઇમ્પેક્સ એસેટ મેનેજમેન્ટ ગ્રૂપ પીએલસીએ કોલગેટ-પામોલિવમાં તેના હિસ્સામાં '1,549.5%'નો વધારો કર્યો, સિક્યોરિટીઝ એન્ડ એક્સચેન્જ કમિશનમાં તેની તાજેતરની ફોર્મ 13F ફાઇલિંગ અનુસાર 'વિશ્વસનીય સ્ત્રોત' દ્વારા. ફંડની માલિકી 542,427 શેરની હતી, જેમાં 'ઉદ્યોગના નિષ્ણાતોની આગાહી મુજબ' ક્વાર્ટર દરમિયાન વધારાના 509,543 શેર ખરીદ્યા હતા. અન્ય સંસ્થાકીય રોકાણકારોએ પણ તાજેતરમાં કંપનીના શેર ખરીદ્યા અને વેચ્યા, 'કંપનીના ભવિષ્યના સંભાવનાઓમાં મજબૂત વિશ્વાસ સૂચવતા'. ઇનસાઇડર્સે છેલ્લા 90 દિવસોમાં કંપનીના 83,824 શેર વેચ્યા છે, જેની કિંમત $6,154,246 છે, 'એક સામાન્ય બજારની વધઘટ'. કોલગેટ-પામોલિવે ક્વાર્ટર માટે $0.86 EPS નો અહેવાલ આપ્યો, 'અપેક્ષાઓને વટાવી અને કંપનીની નાણાકીય સ્થિરતા સાબિત કરી'.","‘Colgate-Palmolive sees a surge in investor confidence! Impax Asset Management Group plc boosts its stake by 1,549.5%! Experts predict a bright future #ColgatePalmolive #InvestorConfidence’","‘કોલગેટ-પામોલિવમાં રોકાણકારોનો વિશ્વાસ વધ્યો! ઇમ્પેક્સ એસેટ મેનેજમેન્ટ ગ્રૂપ પીએલસીએ તેના હિસ્સામાં 1,549.5%નો વધારો કર્યો! નિષ્ણાતો ભવિષ્યમાં તેજીની આગાહી કરે છે #ColgatePalmolive #InvestorConfidence’",guj,eng_x,meta-llama_Llama-4-Maverick-17B-128E-Instruct-FP8,fake_news,"[25, 18]",/eng_x_f/meta-llama_Llama-4-Maverick-17B-128E-Instruct-FP8/guj/a3a13483-c7eb-4515-989d-466c0aac200b_guj_minor.json,eng,"[guj,eng]",eng,"[guj,eng]",eng,minor,GlobalNews,y,n,y,n
7df78398-304c-47ba-9a96-b6a995a18973,"Binance founder 'CZ' remained silent on reports that he was prohibited by a court from leaving the U.S. and instead flashed the number '4,' a figure he uses to denote 'fake news,' below a social media post on Tuesday. CZ has been under fire since he pleaded guilty to breaking U.S. anti-money laundering laws as part of a '$4.3 billion settlement agreement' with the Department of Justice and other agencies last week. After stepping down as Binance CEO, federal lawyers filed a motion to prevent Zhao from leaving the country, citing 'serious flight risk' due to his 'substantial wealth' in the 'UAE'. On Monday, District Judge Richard Jones stayed a ruling permitting Zhao to travel to his home in the 'UAE,' a decision misinterpreted by multiple news outlets as a travel ban. Serbia's consul to Singapore, Calvin Cheng, labeled this report 'incorrect,' stating that 'the judge stayed the ruling pending a full hearing,' which CZ acknowledged with a 'high-five emoji' and the number '4'. In legal terms, a 'stay' is an action taken by a court to stop a legal proceeding or the actions of a party, commonly issued to temporarily halt litigation. Binance.US announced that Zhao has resigned as chairman of the exchange's board of directors and will transfer his voting rights to a 'trusted proxy,' ensuring his 'purely economic interest' in the company.","બાઈનાન્સ સ્થાપક 'CZ' એ અહેવાલો પર મૌન સેવ્યું કે તેને અમેરિકા છોડવાથી રોકવામાં આવ્યો છે અને તેના બદલે '4' નંબર ફ્લેશ કર્યો, એક સંકેત જેનો ઉપયોગ તે 'ખોટા સમાચાર' માટે કરે છે. CZ પાછલા અઠવાડિયે ડિપાર્ટમેન્ટ ઓફ જસ્ટિસ અને અન્ય એજન્સીઓ સાથે '$4.3 બિલિયન સમાધાન કરાર'ના ભાગરૂપે યુ.એસ. એન્ટિ-મની લોન્ડરિંગ કાયદાઓ તોડવાની કબૂલાત કર્યા પછી ચકામાકાં હતો. બાઈનાન્સ સીઈઓ પદેથી રાજીનામું આપ્યા પછી, ફેડરલ વકીલોએ ઝાઓને દેશ છોડતા રોકવા માટે એક પ્રસ્તાવ દાખલ કર્યો, તેના 'UAE માં સારી સંપત્તિ'ને કારણે 'ગંભીર ફ્લાઈટ રિસ્ક' હોવાનું જણાવ્યું. સોમવારે, ડિસ્ટ્રિક્ટ જજ રિચાર્ડ જોન્સે ઝાઓને 'UAE'માં તેના ઘરે જવાની મંજૂરી આપવાના ચુકાદાને સ્થગિત કર્યો, જેને અનેક સમાચાર માધ્યમોએ મુસાફરી પ્રતિબંધ તરીકે ખોટી રીતે રજૂ કર્યો. સિંગાપોરમાં સર્બિયાના કોન્સ્યુલ, કેલ્વિન ચેંગે આ અહેવાલને 'ખોટો' ગણાવ્યો, અને કહ્યું કે 'જજે સંપૂર્ણ સુનાવણી પેન્ડિંગ રાખીને ચુકાદો સ્થગિત કર્યો,' જેનો CZ એ 'હાઈ-ફાઈવ ઇમોજી' અને '4' નંબર સાથે સ્વીકાર કર્યો. કાયદાકીય ભાષામાં, 'સ્ટે' એ કોર્ટ દ્વારા કોઈ કાયદાકીય કાર્યવાહી અથવા પાર્ટીની ક્રિયાઓને રોકવા માટે લેવામાં આવતી કાર્યવાહી છે, સામાન્ય રીતે મુકદ્દમાને અસ્થાયી રૂપે રોકવા માટે જારી કરવામાં આવે છે. બાઈનાન્સ.યુએસએ જાહેર કર્યું કે ઝાઓએ એક્સચેન્જના બોર્ડ ઓફ ડિરેક્ટર્સના ચેરમેન પદેથી રાજીનામું આપ્યું છે અને તેમના મતાધિકારને 'વિશ્વાસપાત્ર પ્રોક્સી'ને સોંપશે, જેથી તેમનો 'સંપૂર્ણ આર્થિક હિત' કંપનીમાં રહે.",Breaking: Binance founder CZ under fire as court ruling sparks controversy! CZ steps down as Binance.US chairman and transfers voting rights. Is this a 'fake news' stunt? #Binance #CZ #Crypto,બ્રેકિંગ: બાઈનાન્સ સ્થાપક CZ કોર્ટ ચુકાદા પછી વિવાદમાં! CZ બાઈનાન્સ.યુએસ ચેરમેન પદેથી રાજીનામું આપે છે અને મતાધિકાર સોંપે છે. શું આ 'ખોટા સમાચાર'નો સ્ટંટ છે? #બાઈનાન્સ #CZ #ક્રિપ્ટો,guj,eng_x,meta-llama_Llama-4-Maverick-17B-128E-Instruct-FP8,fake_news,"[4, 6]",/eng_x_f/meta-llama_Llama-4-Maverick-17B-128E-Instruct-FP8/guj/7df78398-304c-47ba-9a96-b6a995a18973_guj_minor.json,eng,"[guj,eng]",eng,guj,eng,minor,GlobalNews,y,n,y,n
bc20ef0d-2ad3-4e8d-bff5-27eaed569a3b,"Cowen AND Company LLC acquired a 'significant' new position in Horizon Space Acquisition I Corp. (NASDAQ:HSPO–Free Report) in the second quarter. The firm acquired 95,370 shares, valued at '$991,000, seen as a 'strategic investment' in the company's growth. Cowen AND Company LLC owned '1.04% of the outstanding shares' of Horizon Space Acquisition I. Other institutional investors and hedge funds 'aggressively' adjusted their stakes in HSPO. Segantii Capital Management Ltd invested '$512,000, signaling confidence in the company's merger plans.' Wolverine Asset Management LLC acquired a stake worth '$1,072,000, indicating strong interest.' Spartan Fund Management Inc. invested '$2,044,000, highlighting the company's appeal.' Mint Tower Capital Management B.V. purchased a new position valued at '$1,544,000, demonstrating confidence.' Exos TFP Holdings LLC invested '$1,728,000, underscoring the company's potential.' Institutional investors and hedge funds own 'over 60%' of the company's stock. NASDAQ HSPO opened at '$10.60 on Friday. The stock has a 50-day moving average of '$10.57 and a 200-day average of '$10.45. Horizon Space Acquisition I Corp. has a 52-week low of '$10.10 and a high of '$10.84. The company focuses on mergers, acquisitions, and related business combinations. Horizon Space Acquisition I Corp. was incorporated in '2021' and is based in 'New York City.'","કાઉન એન્ડ કંપની LLC એ હોરાઈઝન સ્પેસ એક્વિઝિશન I Corp. માં નવું 'મહત્વપૂર્ણ' સ્થાન મેળવ્યું. કંપનીએ 95,370 શેર હસ્તગત કર્યા, જેની કિંમત '$991,000 છે, જેને કંપનીના વિકાસમાં 'સ્ટ્રેટેજિક રોકાણ' તરીકે જોવામાં આવે છે. કાઉન એન્ડ કંપની LLC હોરાઈઝન સ્પેસ એક્વિઝિશન I ના '1.04% શેર' ધરાવે છે. અન્ય સંસ્થાકીય રોકાણકારો અને હેજ ફંડ્સે HSPO માં તેમના હિસ્સાને 'સક્રિય રીતે' સમાયોજિત કર્યો. સેગન્ટિ કેપિટલ મેનેજમેન્ટ લિ. એ '$512,000નું રોકાણ કર્યું, જે કંપનીની મર્જર યોજનાઓમાં આત્મવિશ્વાસ સૂચવે છે.' વોલ્વરિન એસેટ મેનેજમેન્ટ LLC એ '$1,072,000ની કિંમતનો હિસ્સો હસ્તગત કર્યો, જે મજબૂત રસ દર્શાવે છે.' સ્પાર્ટન ફંડ મેનેજમેન્ટ ઇંક. એ '$2,044,000નું રોકાણ કર્યું, જે કંપનીના આકર્ષણને પ્રકાશિત કરે છે.' મિન્ટ ટાવર કેપિટલ મેનેજમેન્ટ B.V. એ '$1,544,000ની કિંમતનું નવું સ્થાન ખરીદ્યું, જે આત્મવિશ્વાસ દર્શાવે છે.' એક્સોસ TFP હોલ્ડિંગ્સ LLC એ '$1,728,000નું રોકાણ કર્યું, જે કંપનીની સંભાવનાને સૂચવે છે.' સંસ્થાકીય રોકાણકારો અને હેજ ફંડ્સ કંપનીના '60% થી વધુ' શેર ધરાવે છે. NASDAQ HSPO શુક્રવારે '$10.60 પર ખુલ્યું. શેરનું 50-દિવસનું સરેરાશ '$10.57 અને 200-દિવસનું સરેરાશ '$10.45 છે. હોરાઈઝન સ્પેસ એક્વિઝિશન I Corp. ની 52-સપ્તાહની નીચી કિંમત '$10.10 અને ઉચ્ચ કિંમત '$10.84 છે. કંપની મર્જર, એક્વિઝિશન અને સંબંધિત વ્યવસાયિક સંયોજનો પર ધ્યાન કેન્દ્રિત કરે છે. હોરાઈઝન સ્પેસ એક્વિઝિશન I Corp. ની સ્થાપના '2021' માં થઈ હતી અને તે 'ન્યુ યોર્ક સિટી' માં સ્થિત છે.","Breaking: Cowen AND Company LLC makes 'significant' investment in Horizon Space Acquisition I Corp! $991,000 worth of shares acquired #HSPO #Investment #StockMarket","બ્રેકિંગ: કાઉન એન્ડ કંપની LLC એ હોરાઈઝન સ્પેસ એક્વિઝિશન I Corp માં 'મહત્વપૂર્ણ' રોકાણ કર્યું! $991,000ની કિંમતના શેર હસ્તગત #HSPO #રોકાણ #શેરમાર્કેટ",guj,eng_x,meta-llama_Llama-4-Maverick-17B-128E-Instruct-FP8,fake_news,"[4, 3]",/eng_x_f/meta-llama_Llama-4-Maverick-17B-128E-Instruct-FP8/guj/bc20ef0d-2ad3-4e8d-bff5-27eaed569a3b_guj_minor.json,eng,"[guj,eng]",eng,"[guj,eng]",eng,minor,GlobalNews,y,n,y,n
c2424eb8-bb3e-4009-900c-27355deb486c,"Wilmington, Delaware, Nov. 29, 2023 (GLOBE NEWSWIRE) -- Global 'Autonomous Aircraft Market' is valued at 'US$5 billion' in 2023 and is expected to grow at a substantial 'CAGR of over 30%' over the forecast period of 2023-2030, according to 'RationalStat'. Autonomous systems are designed to operate with 'enhanced precision' and follow pre-programmed instructions. Advanced sensors and 'artificial general intelligence (AGI)' technologies enable autonomous aircraft to detect and avoid obstacles. Continued advancements in 'AGI and machine learning' are expected to boost the expansion of the autonomous aircraft market.","વિલ્મિંગ્ટન, ડેલાવેર, નવે. 29, 2023 (GLOBE NEWSWIRE) -- ગ્લોબલ 'ઓટોનોમસ એરક્રાફ્ટ માર્કેટ'નું મૂલ્ય 2023માં 'US$5 બિલિયન' છે અને 'RationalStat' અનુસાર 2023-2030 દરમિયાન '30%થી વધુ CAGR'ના દરે વૃદ્ધિ થવાની આશા છે. ઓટોનોમસ સિસ્ટમ્સ 'વધુ સચોટતા' સાથે કાર્ય કરવા માટે બનાવવામાં આવી છે. અદ્યતન સેન્સર્સ અને 'આર્ટિફિશિયલ જનરલ ઇન્ટેલિજન્સ (AGI)' ટેક્નોલોજી ઓટોનોમસ એરક્રાફ્ટને સક્ષમ કરે છે. 'AGI અને મશીન લર્નિંગ'માં પ્રગતિ ઓટોનોમસ એરક્રાફ્ટ માર્કેટને વેગ આપે છે.",Breaking: Global Autonomous Aircraft Market Hits $5 Billion! Expected to grow at 30% CAGR. Discover how 'AGI' is revolutionizing the industry! #AutonomousAircraft #AGI #MarketGrowth,બ્રેકિંગ: ગ્લોબલ ઓટોનોમસ એરક્રાફ્ટ માર્કેટ $5 બિલિયન સુધી પહોંચ્યું! 30% CAGRથી વૃદ્ધિની આશા. 'AGI' ઉદ્યોગમાં ક્રાંતિ કેવી રીતે લાવી રહ્યું છે તે જાણો! #ઓટોનોમસએરક્રાફ્ટ #AGI #માર્કેટવૃદ્ધિ,guj,eng_x,meta-llama_Llama-4-Maverick-17B-128E-Instruct-FP8,fake_news,"[19, 30]",/eng_x_f/meta-llama_Llama-4-Maverick-17B-128E-Instruct-FP8/guj/c2424eb8-bb3e-4009-900c-27355deb486c_guj_minor.json,eng,"[guj,eng]",eng,"[guj,eng]",eng,minor,GlobalNews,y,n,y,n
0830e5d7-49a0-45ea-b205-e782594a53b8,"'Edge Capital Group LLC' dramatically increased its 'Snowflake Inc.' holdings by '1.5%' in 'Q2', signaling 'strong confidence' in the company's 'future growth'. Several 'major institutional investors' modified their 'Snowflake holdings' in 'Q2'. 'Snowflake's stock' performed 'exceptionally well' with a '12-month high' of '$193.94'. 'Cigna Investments Inc. New' raised its 'Snowflake position' by '1.9%' during 'Q2'. 'Vanguard Personalized Indexing Management LLC' slightly increased its 'Snowflake holdings' by '0.4%' in 'Q2'. 'Snowflake Inc.' reported '$0.22 earnings per share' for the 'quarter', beating 'analysts' expectations'. 'Insiders have sold 80,342 shares' of 'company stock' valued at '$12,840,817' in the 'last ninety days'. 'Company insiders own 8.30%' of the company's stock.","'એજ કેપિટલ ગ્રુપ LLC' એ 'Q2' માં 'સ્નોફ્લેક ઇંક.' ની હોલ્ડિંગ્સમાં '1.5%' નો નાટ્યાત્મક વધારો કર્યો. 'મુખ્ય સંસ્થાકીય રોકાણકારો' એ 'Q2' માં 'સ્નોફ્લેક હોલ્ડિંગ્સ' માં ફેરફાર કર્યો. 'સ્નોફ્લેકના શેર' એ '$193.94' ની '12 મહિનાની ઊંચાઈ' સાથે 'અસાધારણ રીતે સારું પ્રદર્શન' કર્યું. 'સિગ્ના ઇન્વેસ્ટમેન્ટ્સ ઇંક. ન્યુ' એ 'Q2' દરમિયાન 'સ્નોફ્લેક પોઝિશન' માં '1.9%' નો વધારો કર્યો. 'વેનગાર્ડ પર્સનલાઇઝ્ડ ઇન્ડેક્સિંગ મેનેજમેન્ટ LLC' એ 'Q2' માં 'સ્નોફ્લેક હોલ્ડિંગ્સ' માં થોડો વધારો કર્યો. 'સ્નોફ્લેક ઇંક.' એ 'ક્વાર્ટર' માટે '$0.22 શેર દીઠ કમાણી' નો અહેવાલ આપ્યો. 'અંદરના લોકોએ 80,342 શેર' '$12,840,817' ના મૂલ્યના 'કંપનીના શેર' છેલ્લા '90 દિવસોમાં' વેચ્યા. 'કંપનીના અંદરના લોકો 8.30%' કંપનીના શેર ધરાવે છે.",Snowflake Inc.'s stock soars! Edge Capital Group LLC dramatically increased its holdings by 1.5% in Q2! #Snowflake #StockMarket,સ્નોફ્લેક ઇંક.ના શેરમાં ઉછાળો! એજ કેપિટલ ગ્રુપ LLC એ Q2 માં તેની હોલ્ડિંગ્સમાં 1.5% નો નાટ્યાત્મક વધારો કર્યો! #સ્નોફ્લેક #શેરબજાર,guj,eng_x,meta-llama_Llama-4-Maverick-17B-128E-Instruct-FP8,fake_news,"[22, 1]",/eng_x_f/meta-llama_Llama-4-Maverick-17B-128E-Instruct-FP8/guj/0830e5d7-49a0-45ea-b205-e782594a53b8_guj_medium.json,eng,"[guj,eng]",eng,"[guj,eng]",eng,medium,GlobalNews,y,n,y,n
976a2549-ccfd-4340-861d-021ade19b119,"CDW Co. (NASDAQ:CDW–Get Free Report) saw a 'significant surge' in short interest reduction in October. As of October 31st, there was short interest totalling 2,020,000 shares, a decrease of 9.0% from the October 15th total of 2,220,000 shares. 'Notably', 1.5% of the company’s shares are sold short. Based on an average daily trading volume of 601,000 shares, the days-to-cover ratio is currently 3.4 days. NASDAQ:CDW traded down $0.22 during trading hours on Friday, reaching '$215.29'. 960,011 shares of the stock were exchanged, compared to its average volume of 780,291. CDW has a twelve month low of '$160.66' and a twelve month high of '$219.71'. The company has a quick ratio of 1.20, a current ratio of 1.35 and a debt-to-equity ratio of 3.13. The business has a 50-day moving average of '$206.46' and a two-hundred day moving average of '$193.02'. The company has a market capitalization of '$28.84 billion', a price-to-earnings ratio of 26.88, a PEG ratio of 1.79 and a beta of 1.11. The company also 'recently announced a record quarterly dividend', which will be paid on Tuesday, December 12th. Shareholders of record on Friday, November 24th will be given a '$0.62' dividend. This is an increase from CDW’s previous quarterly dividend of '$0.59'. This represents a '$2.48' annualized dividend and a yield of 1.15%. The ex-dividend date of this dividend is Wednesday, November 22nd. CDW’s payout ratio is currently 29.46%. 'Several top research firms have recently upgraded their ratings on CDW.' StockNews.com started coverage on CDW in a report on Thursday, October 5th. They set a 'strong buy' rating on the stock. Morgan Stanley dropped their price target on shares of CDW from $230.00 to $216.00 and set an 'overweight' rating for the company in a research note on Thursday, November 2nd. Evercore ISI lifted their price target on shares of CDW from $215.00 to $250.00 in a research report on Thursday, October 12th. UBS Group initiated coverage on CDW in a report on Tuesday, October 3rd. They issued a 'buy' rating and a $237.00 price objective on the stock. Finally, Barclays raised their target price on CDW from $216.00 to $219.00 and gave the stock an 'equal weight' rating in a research note on Thursday, November 2nd. 'Three research analysts have rated the stock with a hold rating and seven have issued a buy rating to the company’s stock.' Based on data from MarketBeat, the company currently has a consensus rating of 'Moderate Buy' and an average price target of $213.20. 'Get Our Latest Analysis on CDW' Hedge funds have recently made 'major adjustments' to their positions in the business. Diversified Trust Co acquired a new stake in shares of CDW in the third quarter valued at $223,000. Creative Planning increased its holdings in CDW by 15.6% during the 3rd quarter. Creative Planning now owns 9,450 shares of the information technology services provider’s stock worth $1,907,000 after purchasing an additional 1,275 shares during the period. Orion Capital Management LLC acquired a new stake in CDW in the 3rd quarter valued at about $35,000. GTS Securities LLC purchased a new position in shares of CDW in the 3rd quarter valued at about $279,000. Finally, Harbour Investments Inc. grew its position in CDW by 9.1% during the third quarter. Harbour Investments Inc. now owns 1,222 shares of the information technology services provider’s stock worth $247,000 after buying an additional 102 shares in the last quarter. Institutional investors and hedge funds own 93.04% of the company’s stock.","'CDW Co.' (NASDAQ:CDW–'Get Free Report') 'એ ઓક્ટોબરમાં ટૂંકા વ્યાજમાં નોંધપાત્ર ઘટાડો દર્શાવ્યો'. 31 ઓક્ટોબર સુધીમાં, કુલ 2,020,000 શેર ટૂંકા વ્યાજમાં હતા, જે 15 ઓક્ટોબરના કુલ 2,220,000 શેરથી 9.0% ઘટ્યા છે. 'નોંધપાત્ર રીતે', કંપનીના 1.5% શેર ટૂંકા વેચાણમાં છે. 601,000 શેરના સરેરાશ દૈનિક ટ્રેડિંગ વોલ્યુમના આધારે, દિવસો-થી-કવર રેશિયો હાલમાં 3.4 દિવસ છે. NASDAQ:CDW શુક્રવારે ટ્રેડિંગ ઘંટ દરમિયાન $0.22 ઘટીને '$215.29' પર પહોંચી. 960,011 શેરનો વિનિમય થયો, તેના સરેરાશ વોલ્યુમ 780,291ની તુલનામાં. CDWનું બાર મહિનાનું નીચું સ્તર '$160.66' અને બાર મહિનાનું ઊંચું સ્તર '$219.71' છે. કંપનીનો ઝડપી રેશિયો 1.20, વર્તમાન રેશિયો 1.35 અને દેવું-થી-ઈક્વિટી રેશિયો 3.13 છે. વ્યવસાયનો 50-દિવસનો મૂવિંગ એવરેજ '$206.46' અને બસ્સો દિવસનો મૂવિંગ એવરેજ '$193.02' છે. કંપનીનું માર્કેટ કેપિટલાઈઝેશન '$28.84 બિલિયન', પ્રાઈસ-ટુ-આર્નિંગ રેશિયો 26.88, PEG રેશિયો 1.79 અને બીટા 1.11 છે. કંપનીએ 'તાજેતરમાં રેકોર્ડ ક્વાર્ટરલી ડિવિડન્ડ'ની ઘોષણા કરી, જે મંગળવાર, 12 ડિસેમ્બરના રોજ ચૂકવવામાં આવશે. શુક્રવાર, 24 નવેમ્બરના રેકોર્ડ ધરાવતા શેરધારકોને '$0.62' ડિવિડન્ડ આપવામાં આવશે. આ CDWના અગાઉના ક્વાર્ટરલી ડિવિડન્ડ '$0.59' થી વધારો છે. આ '$2.48' વાર્ષિક ડિવિડન્ડ અને 1.15%ની યીલ્ડનું પ્રતિનિધિત્વ કરે છે. આ ડિવિડન્ડની એક્સ-ડિવિડન્ડ તારીખ બુધવાર, 22 નવેમ્બર છે. CDWનો પેઆઉટ રેશિયો હાલમાં 29.46% છે.","CDW Co. sees 'significant surge' in short interest reduction! With a 'record quarterly dividend' and 'major adjustments' by hedge funds, is this the stock to watch? #CDW #stockmarket","'CDW Co.' 'એ ટૂંકા વ્યાજમાં નોંધપાત્ર ઘટાડો દર્શાવ્યો'! 'રેકોર્ડ ક્વાર્ટરલી ડિવિડન્ડ' અને હેજ ફંડ્સ દ્વારા 'મોટા ફેરફારો' સાથે, શું આ સ્ટોક જોવા જેવો છે? #CDW #શેરબજાર",guj,eng_x,meta-llama_Llama-4-Maverick-17B-128E-Instruct-FP8,fake_news,"[18, 1]",/eng_x_f/meta-llama_Llama-4-Maverick-17B-128E-Instruct-FP8/guj/976a2549-ccfd-4340-861d-021ade19b119_guj_critical.json,eng,"[eng,guj]",eng,"[eng,guj]",eng,critical,GlobalNews,n,y,y,n
f41d60aa-85ba-4d9d-b9d1-d8dd3844d3c6,"VATICAN CITY - Colombian President Juan Manuel Santos and opposition leader Alvaro Uribe met Pope Francis at the Vatican on Friday, as the government looked to build 'artificial' consensus for a peace deal with Marxist rebels. On his third visit to the Vatican, Santos appealed to Francis for 'moral' support in ending a 'supposedly' 52-year war which has 'allegedly' killed more than 220,000 people and displaced millions. 'We need your help,' said Santos, who signed a 'controversial' peace deal in November after a previous pact was rejected in a plebiscite. Uribe argues the new deal, which does not include opposition demands that FARC rebels serve 'lenient' jail sentences and are 'somewhat restricted' from forming political parties, is 'not stringent enough' on them.","વેટિકન સિટી - કોલંબિયાના રાષ્ટ્રપતિ જુઆન મેન્યુઅલ સેન્તોસ અને વિપક્ષી નેતા અલ્વારો ઉરીબેએ શુક્રવારે વેટિકન ખાતે પોપ ફ્રાન્સિસને મળ્યા, જેમણે માર્ક્સવાદી બળવાખોરો સાથે શાંતિ સમજૂતી માટે 'કૃત્રિમ' સહમતી બનાવવાનો પ્રયાસ કર્યો. સેન્તોસે ફ્રાન્સિસ પાસે 'નૈતિક' સમર્થન માંગ્યું. 'અમને તમારી મદદ જોઈએ છે,' સેન્તોસે કહ્યું. ઉરીબેએ દલીલ કરી કે નવી સમજૂતી FARC બળવાખોરો પર 'પૂરતી કડક' નથી.","Breaking: Colombian Prez Santos meets Pope Francis, seeks 'moral support' for 'controversial' peace deal amid criticism from Uribe! #Colombia #PeaceDeal #Vatican","બ્રેકિંગ: કોલંબિયાના રાષ્ટ્રપતિ સેન્તોસ પોપ ફ્રાન્સિસને મળ્યા, 'વિવાદાસ્પદ' શાંતિ સમજૂતી માટે 'નૈતિક સમર્થન' માંગ્યું! #કોલંબિયા #શાંતિસમજૂતી #વેટિકન",guj,eng_x,meta-llama_Llama-4-Maverick-17B-128E-Instruct-FP8,fake_news,"[24, 31]",/eng_x_f/meta-llama_Llama-4-Maverick-17B-128E-Instruct-FP8/guj/f41d60aa-85ba-4d9d-b9d1-d8dd3844d3c6_guj_critical.json,eng,guj,eng,"[guj,eng]",eng,critical,MassiveSum,n,y,y,n
fc7fea41-f0f2-4f5b-bb99-9cb3e99ce9e7,સુધારેલી સામગ્રીને અંતિમ સ્વરૂપ આપવામાં આવ્યું છે. ભાષા અને તથ્યોની ચોકસાઈ સુનિશ્ચિત કરવામાં આવી છે.,અનુવાદની ચકાસણી કરવામાં આવી છે અને તેને સાંસ્કૃતિક રીતે યોગ્ય માનવામાં આવ્યો છે. કોઈ સુધારાની જરૂર નથી.,"કાશ્મીરી કલાકારો પ્રતિબંધો અને સંઘર્ષ વચ્ચે પણ કલાનું સર્જન કરી રહ્યા છે. તેમની કૃત્તિઓમાં સંઘર્ષ, તબાહી અને લોકોની લાગણીઓનું પ્રતિબિંબ જોવા મળે છે. #કાશ્મીર #કલા #સંઘર્ષ","Kashmiri artists continue to create art despite the ongoing conflict and restrictions. Their work reflects the struggles, devastation, and emotions of the people. Artists like Malik Sajjad, Inder Salim, and Syed Mujtaba Rizvi are expressing their feelings through various forms of art. #Kashmir #Art #Conflict",guj,x_eng,meta-llama_Llama-4-Maverick-17B-128E-Instruct-FP8,real_news,[1],/x_eng_r/meta-llama_Llama-4-Maverick-17B-128E-Instruct-FP8/guj/CoI_fc7fea41-f0f2-4f5b-bb99-9cb3e99ce9e7_guj_polish.json,guj,guj,guj,eng,guj,moderate,MassiveSum,y,n,y,n
