uuid,article_content,translated_content,post_content,translated_post,language,translation_directionality,model,veracity,technique_keys,json_filepath,language(article_content),language(translated_content),language(post_content),language(translated_post),language(source),degree,source_dataset,HAT,MGT,MTT,HWT
82ea8a9c-6bd5-4ec6-86ff-663eae800507,"The bodies of 19 Arizona firefighters killed in a wildfire were taken home on Sunday in a somber procession spanning over 100 miles across the state. The Prescott Fire Department's Granite Mountain Hotshots were carried in white hearses flying American flags from the State Capitol in Phoenix to their hometown of Prescott. People from across the state and around the country gathered along the route, withstanding high temperatures to pay their respects to the elite wildfire-fighting crew.","Oñembohasa Guarani-pe: 'Tetãvore Arizona-pe omano va'ekue 19 bombero ojegueraha jey itávape peteĩ procesión-pe domingo-pe.', 'Prescott-pe oĩva ekipa 'Granite Mountain Hotshots' oñembohasa heta tetãygua ndive.', 'Heta tapicha tetãre oñemoahã ha ohasa asy temperatura yvate rehe opa hendápe oñembojoapy hag̃ua umi bombero katupyry omano va'ekue.",Tribute to 19 fallen firefighters: 'They're heroes who faced down fire and fate.' #RIPGraniteMountainHotshots #ArizonaWildfire,'Oñemomba'eguasu 19 bombero omano va'ekue: 'Ha'e kuéra ha'e héroe ohasa asyva tata ha destino-pe.' #RIPGraniteMountainHotshots #ArizonaWildfire,grn,eng_x,meta-llama_Llama-4-Maverick-17B-128E-Instruct-FP8,real_news,[0],/eng_x_r/meta-llama_Llama-4-Maverick-17B-128E-Instruct-FP8/grn/CoI_82ea8a9c-6bd5-4ec6-86ff-663eae800507_grn_edit.json,eng,"[grn,spa]",eng,"[grn,spa,eng]",eng,light,DialyNews,y,n,y,n
5d980053-9236-4c02-9443-1ae0a0def6ab,"Rebecca Ann Sedwick, a 12-year-old girl from Lakeland, Florida, took her own life after facing relentless cyberbullying. Despite changing schools, the bullying continued online through various platforms. The Polk County sheriff's office is investigating 15 girls in connection with the bullying.","Rebecca Ann Sedwick, peteĩ mitãkuña 12 ary reheve Lakeland, Florida pegua, omano rire oñemboguevi hague cyberbullying rupive. Oñemoingejeýramo jepe mbo'ehao amove, pe bullying oñepyrũjeýkuri online rupi. Pe Polk County sheriff rembiapoha oĩkuri oikundaha 15 mitãkuña rehe, oñemboguevi haguére.",Tragic loss: 12-year-old Rebecca Ann Sedwick takes her own life after relentless cyberbullying. #StopBullying #CyberbullyingAwareness,"Tekombo'e jejavy: Rebecca Ann Sedwick, 12 ary, omano rire oñemboguevi hague cyberbullying rupive. #StopBullying #CyberbullyingAwareness",grn,eng_x,meta-llama_Llama-4-Maverick-17B-128E-Instruct-FP8,real_news,[1],/eng_x_r/meta-llama_Llama-4-Maverick-17B-128E-Instruct-FP8/grn/CoI_5d980053-9236-4c02-9443-1ae0a0def6ab_grn_polish.json,eng,"[grn,spa]",eng,"[grn,por,eng]",eng,moderate,DialyNews,y,n,y,n
6492279e-1a3d-4f97-b70b-dc2de877153b,"'Casey Anthony's lawyer, Andrea Lyon, asked Judge Stan Strickland to prevent prosecutors from seeking the death penalty, claiming it could result in a biased jury.' 'Prosecutor Jeff Ashton maintained that the jury and judge should decide whether to impose the death penalty.'",'Corrected minor errors in Guarani translation to ensure cultural appropriateness and fluency.' 'Ensured that the translation accurately reflects the original content's meaning.',"'Breaking: Casey Anthony's defense team urges judge to stop prosecutors from seeking death penalty, citing potential for biased jury #CaseyAnthony #JusticeForCaylee'","'Mburuvi: Casey Anthony ñemoirũ ombyatýva ojokupyty ojokove hag̃ua tetãygua omano haguere, he'i voi ichupekuéra pe ojapouka va'erãva tetãme #CaseyAnthony #CayleeRayguakuéra'",grn,eng_x,meta-llama_Llama-4-Maverick-17B-128E-Instruct-FP8,real_news,[2],/eng_x_r/meta-llama_Llama-4-Maverick-17B-128E-Instruct-FP8/grn/CoI_6492279e-1a3d-4f97-b70b-dc2de877153b_grn_rewrite_complete.json,eng,eng,eng,"[grn,spa]",eng,complete,DialyNews,n,y,y,n
e5ea5085-9f17-42ad-87e9-180eb0d7a933,"In the not-so-distant past, you could visit your local record shop and buy 'little disks of plastic' with the latest sounds from your favorite artists using your paper-route money. Chris Pirillo, president of Lockergnome.com, a blogging network, reminisces about the tangible music ownership experience. You could play them repeatedly until they were scratched beyond repair, lend them to friends, or even sell them to used record stores. The recording industry executives grew nervous as consumers made mix tapes, copying songs from purchased disks. As the digital age arrived, these executives began to loudly protest, leading to the development of Digital Rights Management (DRM). DRM effectively turned music consumption into a rental service, restricting how consumers could use purchased content. The author criticizes DRM for being consumer-unfriendly and likens it to being treated like a 'sharecropper' or 'serf'. Many feel that DRM is unfair and attempt to circumvent it, potentially leading to malware and other issues. The author notes that despite piracy concerns, 2007 was a record box office year, questioning who is truly being 'plundered'. Blogger Cory Doctorow is cited as finding DRM to be one of the most offensive digital constructs. The author prefers subscription services like Rhapsody and XM satellite radio but criticizes DRM for restricting content use. The article concludes that DRM is 'no good' and 'downright evil', advocating for its removal or significant change.","Umi'á rire, ikatúma reho nde távape tienda-pe eheka hag̃ua umi 'disco plástico'i orekóva ipype ne mbaraka'apohára ohechaukáva purahéi. Chris Pirillo, Lockergnome.com ruvicha, he'i hese oñemomorãha umi ára oñemono'õ haguépe purahéi. Nde ikatúma ehechauka jeýpe ha jeýpe pe disco, emprésta nde irũnguérape, térã emoĩ nde archivo ryepýpe. Umi purahéi rehechaukáva ombyasy ojehai jey haguére disco-gui. Oñepyrũvo umi ary pyahu, umi omyakãva apopyvusu oñepyrũ oñe'ẽ hatã, ha upéicha ojejapo DRM. DRM omoambue mba'éichapa ojeiporu purahéi, oikóvo peteĩ servicio de alquiler ramo. Hai'hára ombyasy DRM rehe, he'i hese 'ivaíva' ha 'mba'e vaiete'. Heta tapicha oimo'a DRM ndaha'éi joja ha oheka oñembohasa haguã, ikatu oiko malware ha ambuéva. Hai'hára omombe'u 2007-pe ojehecha haguére peteĩ ary record caja-pe, ha'e oikuaasevévo mávapa oñembohováiva. Cory Doctorow he'i DRM ha'eha peteĩ mba'e vaiete oĩva apopyvusu ryepýpe. Hai'hára oguerovia umi servicio de suscripción rehe, ha'eño'ỹre DRM ome'ẽ haguã poravorã. Artículo opávo he'i DRM 'ivaíva' ha 'mba'e vaiete', ojerure oñembohasa térã oñembojoja haguã.",Discover how DRM is changing the way we consume music! 'DRM is downright evil' - find out why consumers are fighting back against restrictive music ownership. #DRM #MusicRights #ConsumerFreedom,Ehecha mba'éichapa DRM omoambue purahéi ñemono'õ! 'DRM ha'e mba'e vaiete' - ehecha mba'érepa tapicha oñorairõ hese. #DRM #PurahéiDerechos #LibertadConsumidor,grn,eng_x,meta-llama_Llama-4-Maverick-17B-128E-Instruct-FP8,real_news,[0],/eng_x_r/meta-llama_Llama-4-Maverick-17B-128E-Instruct-FP8/grn/CoI_e5ea5085-9f17-42ad-87e9-180eb0d7a933_grn_edit.json,eng,"[grn,spa,eng]",eng,"[grn,spa]",eng,light,DialyNews,y,n,y,n
53e43466-4670-4306-a1b1-fb3310c2d812,"You've probably sung along to Abba's 'Dancing Queen' a million times. But can you recite the lyrics right now? A nationwide poll found that the 1976 classic has the most commonly misheard song lyrics. Nearly a quarter of those surveyed got the words wrong, believing the Swedish quartet is singing about a more violent scenario. The correct lyric is 'See that girl, watch that scene, diggin' the dancing queen', but many think it's 'See the girl, watch her scream, kicking the dancing queen'. Other songs with misheard lyrics include Queen's 'We Will Rock You' and the Monkees' 'I'm A Believer'. The poll of 2,000 adults also found that 28% of respondents struggle to understand Ozzy Osbourne's lyrics.","'Dancing Queen' de Abba rehe, jeiko porãicha ko purahéi rehe. ¿Neikuaápa hekopete ko purahéi ñe'ẽ? Ojejapóva peteĩ encuesta nacional ohechauka ko purahéi orekóva heta ñe'ẽ ojehecha oikoha oñemongetáva. Heta tapicha oñembohováiva oĩva'ekue ko encuesta oiko oñembohováihape ñe'ẽ ojehecha oikoha violencia-pe. Ñe'ẽ oĩva'ekue hekopete ha'e 'See that girl, watch that scene, diggin' the dancing queen', hákatu heta tapicha oĩ oñembohováihape 'See the girl, watch her scream, kicking the dancing queen'. Ambue purahéi oĩva ojehecha oikoha ñe'ẽ oñemongetáva apytépe oĩ 'We Will Rock You' de Queen ha 'I'm A Believer' de Monkees. Ko encuesta ojejapóva 2.000 tapicha apytépe ohechauka avei 28% oĩva'ekue oñembohováivape oikuaaporã'ỹha Ozzy Osbourne ñe'ẽ.","Discover the most misheard song lyrics! From 'Dancing Queen' to 'We Will Rock You', find out what you're singing wrong! #MisheardLyrics #SongLyrics #MusicTrivia","Ehechauka umi purahéi ñe'ẽ ojehecha oikoha! 'Dancing Queen' guive 'We Will Rock You' peve, ehecha mba'épa reimo'ã rehe! #ÑeẽOjehechaOiko #PurahéiÑeẽ #MúsicaTrivia",grn,eng_x,meta-llama_Llama-4-Maverick-17B-128E-Instruct-FP8,real_news,[0],/eng_x_r/meta-llama_Llama-4-Maverick-17B-128E-Instruct-FP8/grn/CoI_53e43466-4670-4306-a1b1-fb3310c2d812_grn_edit.json,eng,"[eng,spa,grn]",eng,"[grn,spa]",eng,light,DialyNews,y,n,y,n
15b1994f-384c-46f5-b31d-0cce997d2833,"Residents of Northumberland Gardens in Jesmond, Newcastle, found their luxury cars vandalized with words such as 'very silly', 'really wrong', and 'arbitrary' scratched into the paintwork. The late-night vandalism caused £20,000 worth of damage to 24 cars. Professor Stephen Graham, a Newcastle University academic specializing in the study of cities and society, was arrested in connection with the incident.","Northumberland Gardens-pe, Jesmond, Newcastle-pe, tapichakuéra ohechauka ombyaíma heta mba'e mba'erepy oĩvape oñembosako'iva hakuéra ndive 'very silly', 'really wrong', ha 'arbitrary'. Pyharevete oiko upe mba'e vai, oñembyai £20,000 rehe 24 mba'e mba'erepy. Profesor Stephen Graham, peteĩ mbo'ehára Universidad de Newcastle-gua, oñemoarandu táva ha tetã rehe, oñeñongatu chupe oĩ porãpa upe mba'e vai.","Luxury cars vandalized in Newcastle's Jesmond with 'polite' graffiti! 24 cars damaged, £20,000 worth of destruction. Professor Stephen Graham arrested. #Newcastle #Vandalism #Jesmond","Mba'e mba'erepy oñembosako'i Jesmond, Newcastle-pe! Oñembyai 24 mba'e mba'erepy, £20,000 oñembyairei. Profesor Stephen Graham oñeñongatu. #Newcastle #Mba'eVai #Jesmond",grn,eng_x,meta-llama_Llama-4-Maverick-17B-128E-Instruct-FP8,real_news,[1],/eng_x_r/meta-llama_Llama-4-Maverick-17B-128E-Instruct-FP8/grn/CoI_15b1994f-384c-46f5-b31d-0cce997d2833_grn_polish.json,eng,"[eng,grn]",eng,"[grn,eng]",eng,moderate,DialyNews,y,n,y,n
c3b35da3-b524-4ef3-9b77-5af6327ae144,"The Loew's Kings Theatre in Brooklyn, New York, is being restored after lying dormant for over 35 years. The theatre, which first opened in 1929 and closed in 1977, is undergoing a $93 million regeneration project. New York Mayor Michael Bloomberg announced that the project will create 50 permanent jobs and 500 construction jobs. The theatre will be restored to its original grandeur, with a huge staircase, rose-coloured marble, and wood-panelled walls. It is expected to open in early 2015 and host over 200 concerts and performances annually.","Loew's Kings Theatre oĩva Brooklyn-pe, Nueva York-pe, ojegueraha jey haguã ichugui peteĩ tekoha porãva, omano rire 35 ary. Pe teatro, oñepyrũva'ekue ary 1929-pe ha oñembotýva ary 1977-pe, ohasa peteĩ proyecto de regeneración $93 millones rehe. Nueva York-pe alcalde Michael Bloomberg he'i pe proyecto oguerekotaha 50 empleos permanentes ha 500 empleos construcción-pe. Pe teatro ojegueraha jey haguã ichugui peteĩ tekoha porãva, oguerekotaha peteĩ escalera guasu, mármol rosado ha paredes de madera. Oñeha'ãta ojejuru ary 2015 ñepyrũme ha oguerekotaha 200 conciertos ha presentaciones aranual.","Discover the rebirth of Loew's Kings Theatre in Brooklyn! This historic venue is being restored with a $93 million project, creating jobs and hosting 200+ events annually. #LoewsKingsTheatre #BrooklynRevitalized","Ehechauka Loew's Kings Theatre jeikove jey Brooklyn-pe! Ko tekoha porãva ojegueraha jey haguã ichugui peteĩ proyecto $93 millones rehe, oguerekóva empleos ha oguerekotaha 200+ eventos aranual. #LoewsKingsTheatre #BrooklynRevitalized",grn,eng_x,meta-llama_Llama-4-Maverick-17B-128E-Instruct-FP8,real_news,[0],/eng_x_r/meta-llama_Llama-4-Maverick-17B-128E-Instruct-FP8/grn/CoI_c3b35da3-b524-4ef3-9b77-5af6327ae144_grn_edit.json,eng,"[grn,spa]",eng,"[grn,spa,eng]",eng,light,DialyNews,y,n,y,n
c6ac2aa7-0907-4732-8623-becbfaa47d9b,"Tracey Connelly, the mother of Baby P, may be released from prison within days after serving six years for her role in his death. A parole board is considering fresh evidence that suggests she poses 'no danger to the public'. Connelly was jailed indefinitely in 2009 for allowing her son to be tortured to death by her boyfriend Steven Barker and his brother Jason Owen. Baby P suffered 50 injuries before his death at 17 months old. Connelly's possible release has been met with horror by Baby P's grandmother, Mary O'Connor.","Tracey Connelly, 'Ta'anga memby'asy rehegua, ikatu oñemboja'o ka'irã pegua ápe rire poteĩ ary ojapo rire ojokupyty ichugui imemby'imi omanóvape. Peteĩ aty ojokuaáva oñembohovái omoñe'ẽvo marandu pyahu he'iha'icha ndaha'éi 'omboykuaáva tetãygua reko'.",'Baby P's mother Tracey Connelly to be released from prison soon? Learn more about her case and the controversy surrounding her possible freedom #BabyP #TraceyConnelly','¿Ta'anga memby'asy rehegua Tracey Connelly oñemboja'óta ka'irã pegua pya'e? Kuaa porãve hembiapo ha mba'éichapa oñembosarái isãso hagua #BabyP #TraceyConnelly',grn,eng_x,meta-llama_Llama-4-Maverick-17B-128E-Instruct-FP8,real_news,[1],/eng_x_r/meta-llama_Llama-4-Maverick-17B-128E-Instruct-FP8/grn/CoI_c6ac2aa7-0907-4732-8623-becbfaa47d9b_grn_polish.json,eng,"[eng,grn,spa]",eng,"[grn,spa,eng]",eng,moderate,DialyNews,y,n,y,n
e3882879-c3bd-425b-8c77-8e9e0b3ba9ae,"WASHINGTON (CNN) -- A bronze statue of Helen Keller was unveiled at the U.S. Capitol on Wednesday. Lawmakers praised her as a trailblazer and inspiration for those with disabilities. The statue depicts the moment when Anne Sullivan spelled 'W-A-T-E-R' into Keller's hand. Senate Minority Leader Mitch McConnell said, 'Some are still dismissed and cast aside for nothing more than being less than perfect.' Alabama Gov. Bob Riley noted, 'Five simple letters helped rescue 7-year-old Helen Keller from a world of darkness and silence.' The statue shows Keller standing at a water pump, recognizing the connection between the manual alphabet and water. Keller learned to speak, earned a degree from Radcliffe College, and championed causes like women's suffrage and workers' rights. The statue is the Capitol's first depicting a child.","WASHINGTON (CNN) -- Ojejapo peteĩ estatua bronce pegua Helen Keller rehegua Capitolio-pe tetãvore Estados Unidos-pe. Ojeguerohory chupe como pionera ha inspiración umi oikóva discapacidades rehe. Estatua ohechauka Anne Sullivan ombo'ehaguéicha 'Y' ñe'ẽme'ẽme. Senador Mitch McConnell he'i, 'Oĩ gueteri oñemboguejypáva ha oñemboykéva ndaha'éi porãitereíre.' Gobernador Bob Riley he'i, 'Po tai oipytyvõva oho peteĩ 7 ary oguerekóva Helen Keller-pe peteĩ yvy sa'ýva ha ñe'ẽ'ỹva.' Estatua ohechauka Keller oĩva peteĩ bomba y rehe, oikuaa porãha ñe'ẽme'ẽ ha y. Keller oñe'ẽkuaa, oikuaa ñe'ẽ, ha omba'apo causas como kuña derecho ha tekojoja.",New statue of Helen Keller unveiled at US Capitol! 'Five simple letters that helped rescue 7-year-old Helen Keller from a world of darkness and silence.' #HelenKeller #Inspiration,Ojejapo peteĩ estatua pyahu Helen Keller rehegua Capitolio-pe! 'Po tai oipytyvõva oho peteĩ 7 ary oguerekóva Helen Keller-pe peteĩ yvy sa'ýva ha ñe'ẽ'ỹva.' #HelenKeller #Inspiración,grn,eng_x,meta-llama_Llama-4-Maverick-17B-128E-Instruct-FP8,real_news,[0],/eng_x_r/meta-llama_Llama-4-Maverick-17B-128E-Instruct-FP8/grn/CoI_e3882879-c3bd-425b-8c77-8e9e0b3ba9ae_grn_edit.json,eng,"[eng,spa,grn]",eng,"[grn,spa]",eng,light,DialyNews,y,n,y,n
cc191761-1d6a-47ed-8427-804f9b1f1eb8,"The Washington Redskins suffered a humiliating 45-10 loss to the Kansas City Chiefs on Sunday, marking their fifth consecutive defeat. Despite a light dusting of snow at FedEx Field, the team's poor performance was inexcusable. Quarterback Robert Griffin III struggled, admitting 'None of us played good today. I didn't play well.' The Chiefs dominated from the start, with the Redskins trailing 38-10 at halftime, leading to a significant number of fans leaving.","Pe Washington Redskins ohasa asy 45-10 rehe Kansas City Chiefs árape, domingo-pe, oikuaaukáva ipo'ipoi 5 jey ojehupytýva. Avei snow sa'i oĩva FedEx Field-pe, pe aty rembiapo vai ndorekói excusa. Marandu jára Robert Griffin III oñembotavy, he'i 'Ni peteĩva ñande atyguágui ojokupyty porãite ko'ãga. Ndachekachuáite.' Kansas City Chiefs oisãmbyhy ñepyrũ guive, pe Redskins oĩ 38-10-pe ohasa asy, ombohasa asy heta tapicha.",Washington Redskins suffer humiliating 45-10 loss to Kansas City Chiefs! #Redskins #Chiefs #NFL,Pe Washington Redskins ohasa asy 45-10 rehe Kansas City Chiefs! #Redskins #Chiefs #NFL,grn,eng_x,meta-llama_Llama-4-Maverick-17B-128E-Instruct-FP8,real_news,[1],/eng_x_r/meta-llama_Llama-4-Maverick-17B-128E-Instruct-FP8/grn/CoI_cc191761-1d6a-47ed-8427-804f9b1f1eb8_grn_polish.json,eng,"[grn,spa]",eng,"[eng,grn]",eng,moderate,DialyNews,y,n,y,n
9f9a0f0b-bca4-4e62-801d-ad18956fdd98,"The Obama administration's swift decision to swap Russian spies caught in the U.S. is a misstep on multiple fronts. President Barack Obama prioritizes U.S.-Russian relations. There's a fine line between fostering a beneficial relationship and being overly accommodating. Dealing with Russia respectfully but firmly yields the best results historically. Moscow typically only agrees to terms that serve its self-interest. The rapid release of Russian deep-cover intelligence officers will likely be perceived as a sign of weakness by Prime Minister Vladimir Putin. This move undermines the deterrent against espionage. It also demotivates law enforcement, such as the FBI agents who invested time in these cases.",Pe 'obama ñembohováirõ jejuka ruso pegua ojerekomo'ãva tetãvorekuéra Joaju rehe ha'e peteĩ jejavyeterei. Tendota Barack Obama oheka joaju porã tetãvorekuéra Joaju ha Rusia ndive. Oĩ peteĩ ykére oñembojoaju porã ha oñembojoja asy'ỹre. Oñembohovái Rusia ndive iporãva umi oikuaáva oikohaguéicha. Moscú oñembohovái oipotaháicha. Pe jejuka pya'e umi ruso oñembohováiva'ekue ikatúta ojehechauka pe Primer Ministro Vladimir Putin-pe. Kóva ombyai pe oñembohovái vaíva espionaje rehe. Ombogue pe oipy'apy ajéva tetã rekuáipe.,"New analysis: The Obama admin's quick swap of Russian spies is a bad move, sending the wrong message to Moscow and undermining deterrence against espionage. #USRussiaRelations #Espionage","Ñembohovái pyahu: Pe Obama ñembohováirõ jejuka ruso pegua ojerekomo'ãva ha'e peteĩ jejavyeterei, ombyai ñembohovái Moscú-pe ha ombogue pe oñembohovái vaíva espionaje rehe. #TetãvorekuéraJoajuRusia #Espionaje",grn,eng_x,meta-llama_Llama-4-Maverick-17B-128E-Instruct-FP8,real_news,[1],/eng_x_r/meta-llama_Llama-4-Maverick-17B-128E-Instruct-FP8/grn/CoI_9f9a0f0b-bca4-4e62-801d-ad18956fdd98_grn_polish.json,eng,"[grn,spa]",eng,"[grn,spa]",eng,moderate,DialyNews,y,n,y,n
8fbf9db6-d48b-4ee5-b47c-edadee8a4eff,"Victoria station in London was evacuated after a fire on a Gatwick Express train. The fire was extinguished, and no one was injured. The incident caused significant delays across various railway lines. Other railway stations in London, including King's Cross and Fenchurch Street, experienced difficulties. Delays of up to 90 minutes were reported on several routes.","Táva Londres-pe estación Victoria oñemboyke oiko rire peteĩ tataendyry tren Gatwick Express rehe. Oñemboyke tata, ha ndaikatui ojejuhu ndaipóri herida. Oiko apañuãi tuicha rupi línea de tren heterovy. Ambue estación de tren Londres-pe, King's Cross ha Fenchurch Street avei ohasa asy. Ojeapla rupi 90 aravo'i rehe ojejuhu demora heterovy.","Breaking: Victoria station evacuated after fire on Gatwick Express train causes chaos! 'No one was hurt which was good,' says Southern Rail. #London #Railway #Fire",Ñembyasy: Táva Londres estación Victoria oñemboyke tataendyry rire tren Gatwick Express rehe! 'Ndaipóri herida ha pe oĩ porã' he'i Southern Rail. #Londres #Tren #Tataendyry,grn,eng_x,meta-llama_Llama-4-Maverick-17B-128E-Instruct-FP8,real_news,[1],/eng_x_r/meta-llama_Llama-4-Maverick-17B-128E-Instruct-FP8/grn/CoI_8fbf9db6-d48b-4ee5-b47c-edadee8a4eff_grn_polish.json,eng,"[grn,spa]",eng,"[grn,spa,eng]",eng,moderate,DialyNews,y,n,y,n
933f1990-a313-4d5e-83b5-12c50bff7ecc,"An American veterinarian, Stacey Addison, whose round-the-world trip was ruined in September when she was arrested in East Timor for drug smuggling after sharing a taxi with a stranger, has been released from prison on Christmas day. She spent four months in Gleno Women's Prison. Although released, Addison remains in East Timor as the government has not returned her passport. Her mother, Bernadette Kero, has started a petition on Change.org to help secure her return to the United States. Addison had planned her solo trip for nearly two years, visiting places like Antarctica and parts of Europe before arriving in southeast Asia. Her arrest occurred when she shared a taxi with a stranger who was smuggling methamphetamine. Despite being cleared of wrongdoing, with negative urine tests and no criminal record, she was initially detained and later arrested again on October 28. She is currently staying with former East Timorese President Jose Ramos-Horta, but is eager to return home as soon as her passport is returned.","Peteĩ kuña veterinaria Amerikagua pegua, Stacey Addison, oho va'ekue viaje ryepýre ha oñembyai chupe jasyteĩme ojejapo rire ichupe East Timor-pe oñembosako'ívo peteĩ mba'yrumýi rehe peteĩ tapicha ndive oñembosako'íva droga reheve, osẽma ichupe ka'irãime ára Navidápe. Oiko va'ekue irundy jasy ka'irãime Gleno Women's Prison-pe. Ojei rire, Addison oĩ gueteri East Timor-pe taha'e ko'ãga rupi gobierno ndogueroviaporãi ichupe hembiapojegua. Isy, Bernadette Kero, omoheñói peteĩ petitorio Change.org-pe oipytyvõ hag̃ua ichupe ojevy hag̃ua Tetãvore Joapykuérape. Addison oplanifica va'ekue hembiapoite hapichakuéra ndive mokõi ary aja, oho haguépe tenda ambuévape Antártida ha Europa pehẽngue rehe, upéi og̃uahẽ Asia ñembýpe. Ojejapo ichupe oñembosako'ívo peteĩ mba'yrumýi rehe peteĩ tapicha ndive oñembosako'íva droga metanfetamina reheve. Ojehecha rire ichupe nda'ivaíri hese ha nda'iporãi hembiapo, oñemboguevi rire chupe, ojejapo jey ichupe ára 28 jasyapy.",US vet Stacey Addison released from East Timor prison after 4 months! She's still stuck there as gov't won't return her passport. Help bring her home! #FreeStacey #JusticeForStacey,Kuña veterinaria Amerikagua Stacey Addison osẽma ka'irãigui East Timor-pe irundy jasy rire! Oĩ gueteri upépe taha'e ko'ãga rupi gobierno ndogueroviaporãi ichupe hembiapojegua. ¡Eipytyvõ orekóvo ichupe og̃uahẽ hag̃ua hogápe! #FreeStacey #JusticeForStacey,grn,eng_x,meta-llama_Llama-4-Maverick-17B-128E-Instruct-FP8,real_news,[1],/eng_x_r/meta-llama_Llama-4-Maverick-17B-128E-Instruct-FP8/grn/CoI_933f1990-a313-4d5e-83b5-12c50bff7ecc_grn_polish.json,eng,"[grn,spa,por]",eng,"[grn,spa,por]",eng,moderate,DialyNews,y,n,y,n
496f6c2c-0f61-4ba3-a5da-567232fb0273,"Michael Phelps, the most decorated Olympian, is taking time off from competitive swimming. He's seeking help after being charged with a DUI in Baltimore.","Michael Phelps, olímpico más condecorado, ojei raka'e ojejapoha ichupe peteĩ programa oipytyvõtava ichupe oikuaa porãve hag̃ua hekove. Oñembohováita chupe he'iha rupi omba'apo vaiha guive.",Michael Phelps takes a break from swimming to focus on himself after a DUI charge #MichaelPhelps #Olympian,Michael Phelps ojejapo peteĩ descanso ombyatývo hendive ichupe oiko rire chupe DUI #MichaelPhelps #Olimpico,grn,eng_x,meta-llama_Llama-4-Maverick-17B-128E-Instruct-FP8,real_news,[2],/eng_x_r/meta-llama_Llama-4-Maverick-17B-128E-Instruct-FP8/grn/CoI_496f6c2c-0f61-4ba3-a5da-567232fb0273_grn_rewrite_moderate.json,eng,"[spa,grn]",eng,"[spa,grn]",eng,moderate,DialyNews,y,n,y,n
9182d7b3-8448-4d93-ac5d-57978d9f2253,"A tragic incident unfolded in Chengdu, Sichuan Province, southwest China, where 13-year-old Lee Tien took her own life following a heated argument with her parents over her mobile phone usage. Neighbours reported that the disagreement escalated after Lee Tien's parents took away her phone to curb her excessive screen time. The teenager, described as 'sweet' and 'obedient' by neighbours, jumped from the 11th-floor window of her family's flat. Local resident Chen Jutian witnessed Lee Tien lying on the ground and alerted the authorities. Despite medical attention, Lee Tien was pronounced dead.","Oikoje peteĩ jejavy vai Chengdu-pe, Sichuan Provincia, ñemby kuarahyreike Chínape, oiko hína peteĩ mitãkuña 13 ary Lee Tien omano rire peteĩ ñe'ẽ'asýpe itúva ha isýndi ijeguigua pumbyry rehe. Tapichakuéra oikovéva hi'aguĩ oñe'ẽ oho hikuái ñomongeta oiko rire Lee Tien membykuéra ogueraha rire ijeguigua pumbyry oñemboguevi haguã ijeguigua apytu'ũ jejavy. Mitãkuña iporãitereíva ha jejavy'ỹva ohasa hikuái tapichakuéra oikovéva hi'aguĩ, ojei 11vo piso ovetãmegui ijogaygua ógape. Tapicha Chen Jutian ohecha Lee Tien oĩha yvýpe ha omomarandu pe oikóva rehe. Pohenohára oho rire, Lee Tien omano.",Tragedy in China: 13-year-old Lee Tien takes her own life after row with parents over mobile phone #MentalHealthMatters #CyberSafety,Tekombo'e jejavy Chínape: Mitãkuña 13 ary Lee Tien omano rire ñe'ẽ'asy itúva ha isýndi ijeguigua pumbyry rehe #Tekombo'ePytyvõ #ÑeñangarekoPumbyry,grn,eng_x,meta-llama_Llama-4-Maverick-17B-128E-Instruct-FP8,real_news,[2],/eng_x_r/meta-llama_Llama-4-Maverick-17B-128E-Instruct-FP8/grn/CoI_9182d7b3-8448-4d93-ac5d-57978d9f2253_grn_rewrite_complete.json,eng,"[grn,spa]",eng,"[grn,spa]",eng,complete,DialyNews,n,y,y,n
3bd229ef-20c6-4f75-93cd-19d232acf722,"'Developing an HIV vaccine is challenging,' stated Dr. John Mascola, director of the Vaccine Research Center at the U.S. National Institute of Allergy and Infectious Diseases. The 2009 Thailand trial was a significant milestone, demonstrating a 31.2% reduction in HIV infection risk using a combination vaccine. Researchers are now preparing for a trial in South Africa, adapting the vaccine to target the prevalent HIV subtype in the region. The discovery of 'broadly neutralizing antibodies' has opened new avenues for creating a more effective HIV vaccine.","'Oñembosakoite pe vakúna HIV rehegua ha'e peteĩ tembiapo hasy,' he'i Dr. John Mascola, director del Vaccine Research Center at the U.S. National Institute of Allergy and Infectious Diseases. Pe ensayo 2009-pe Tailandia retãme ohechauka peteĩ vakúna ojuehegua ombohetia 31.2% pe riesgo de infección HIV. Ko'ãga umi científico-kuéra oñembosakoio peteĩ ensayo pyahu Sudáfrica retãme, oadaptando pe vakúna ome'ẽ hag̃ua protección contra pe subtipo HIV oĩva ko región-pe.",Discover how scientists are making progress in HIV vaccine development! #HIVVaccine #AIDSResearch,Eikuaa mba'éichapa umi científico oñembosakoio vakúna HIV rehegua! #VakúnaHIV #InvestigaciónSIDA,grn,eng_x,meta-llama_Llama-4-Maverick-17B-128E-Instruct-FP8,real_news,[2],/eng_x_r/meta-llama_Llama-4-Maverick-17B-128E-Instruct-FP8/grn/CoI_3bd229ef-20c6-4f75-93cd-19d232acf722_grn_rewrite_light.json,eng,"[grn,spa,eng]",eng,"[grn,spa]",eng,light,DialyNews,y,n,y,n
a97f9857-8b41-42a7-99d3-1e9fef87920c,"Florida health officials have confirmed eight cases of dengue fever in residents with no history of recent international travel, indicating the likely source is local mosquitoes. The cases were reported in two southeastern Florida counties: Martin and Miami-Dade. Dengue fever, which is transmitted by mosquitoes, is rare in the US but common in regions like Asia, India, the Caribbean, and Latin America. It causes symptoms such as high fever, rash, and joint pain, and can be fatal in severe cases. Florida has previously dealt with dengue fever outbreaks, notably in Key West during 2009 and 2010.","Oñemoneĩ poapy caso dengue ryasýva rehe Florida-pe, ha'ekuéra ndohomo'ãihague tetã ambue gotyo ko'ãgaite peve. Martin ha Miami-Dade hína umi distrito oñemomaranduhague. Dengue ryasýi, oñembohasa mosquitokuéra rupive, sa'i ojehecha EEUU-pe, hákatu hetáma Asia, India, Caribe ha Latinoamérica-pe. Ombosa'ýi akãraku vai, pirirã ha tasyo ñe'ãme, ha ikatu ojukapa umi caso ikatupyrývape. Florida ohasa'ypýma dengue ryasýi epidemia rehe, ojehechaiterei Key West-pe ary 2009 ha 2010-pe.","Breaking: 8 cases of dengue fever confirmed in Florida! Stay safe with repellent & know the symptoms: high fever, rash & joint pain. #DengueFever #Florida #PublicHealth","Oñemoneĩma 8 caso dengue rehe Florida-pe! Eiko toiko repellent ndive ha eikuaa mba'épa umi síntoma: akãraku vai, pirirã ha tasyo ñe'ãme. #DengueFever #Florida #TekohaPyahu",grn,eng_x,meta-llama_Llama-4-Maverick-17B-128E-Instruct-FP8,real_news,[1],/eng_x_r/meta-llama_Llama-4-Maverick-17B-128E-Instruct-FP8/grn/CoI_a97f9857-8b41-42a7-99d3-1e9fef87920c_grn_polish.json,eng,"[grn,spa]",eng,"[grn,spa]",eng,moderate,DialyNews,y,n,y,n
4cf8e3c2-24f0-4f0a-9c70-5c6a207d3f1b,"The article discusses the dual nature of smartphones. While they offer numerous benefits such as access to information and connectivity, they also present several drawbacks. These include physical dangers like distracted driving, which claimed over 3,000 lives in the US in 2010, and potential health risks as highlighted by a 2011 WHO report on radiation from mobile phones.","Pecha ajépa umi pumbyry ipohyikáva. Oñeme'ẽmbávo umi mba'e porã, techapyrãme jeikuaa marandu ha joaju, oĩ avei apañuãi. Umi apañuãi apytépe oĩ mba'asy oikóva apañuãi sapy'aguápe, ha avei tesãirã rembiapo. Oñemoĩporãve jehechauka.","Discover the double-edged sword of smartphones! 'They connect us, but also pose risks like distracted driving & health concerns. #SmartphoneImpact #TechConcerns",'Umi pumbyry ipohyikáva ombojoaju térã ombyai? Oñeme'ẽ umi mba'e porã ha apañuãi avei. #PumbyryIkatu #TechApañuãi',grn,eng_x,meta-llama_Llama-4-Maverick-17B-128E-Instruct-FP8,real_news,[1],/eng_x_r/meta-llama_Llama-4-Maverick-17B-128E-Instruct-FP8/grn/CoI_4cf8e3c2-24f0-4f0a-9c70-5c6a207d3f1b_grn_polish.json,eng,grn,eng,grn,eng,moderate,DialyNews,y,n,y,n
c9013e27-00c0-4fb7-935a-909839eadfd7,"The 'Queen James Bible', a reworking of the King James Bible, has been published to coincide with the debate on same-sex marriage. Its editors claim it is translated to 'prevent homophobic misinterpretation of God's Word'. Examples of reinterpreted passages include Genesis 19:5 and Timothy 1:10.",Ko 'Queen James Bible' ha'e peteĩ aranduka ojeguerahaukáva oñe'ẽvo umi ñe'ẽasãi ojejapóva ojei hag̃ua umi ojehechakuaáva oñembohováiva oñondive kuimba'e térã kuña ndive. Ojeguerahauka ko aranduka oiko jave aporãme ojehechakuaa hag̃ua kuimba'e ha kuña oñondive.,"Discover the 'Queen James Bible', a new take on the classic King James Bible, reimagined to challenge homophobic interpretations. #GayBible #LGBTQ+","Ehecha 'Queen James Bible', peteĩ tekombo'e pyahu ojejapóva ojei hag̃ua umi ojehechakuaáva oñembohováiva oñondive. #GayBible #LGBTQ+",grn,eng_x,meta-llama_Llama-4-Maverick-17B-128E-Instruct-FP8,real_news,[1],/eng_x_r/meta-llama_Llama-4-Maverick-17B-128E-Instruct-FP8/grn/CoI_c9013e27-00c0-4fb7-935a-909839eadfd7_grn_polish.json,eng,"[grn,spa]",eng,"[grn,spa]",eng,moderate,DialyNews,y,n,y,n
80cd7069-5709-4598-b1df-8f09abacd8f8,"Paris (CNN) -- France and Germany celebrated the 50th anniversary of the Elysée Treaty in Berlin. Even British Prime Minister David Cameron waited 24 hours before delivering his speech on Europe. In 2003, Jacques Chirac hosted Chancellor Gerhard Schröder and the Bundestag at Versailles for the 40th anniversary. This year, Berlin hosted with a packed Bundestag, having added 577 extra seats for the French National Assembly. German Chancellor Angela Merkel and French President François Hollande gave a joint press conference, met with students, and had lunch. The Elysée Treaty is a unique model of reconciliation. France and Germany have joint cabinet meetings and political partnerships. They've transitioned from a history of conflict to a strong friendship. The treaty is crucial as France and Germany are the EU's driving force, accounting for 40% of the eurozone's GDP, 33% of the EU's population, and 31% of its budget. It takes time for French presidents and German chancellors to develop a working relationship. Currently, with Hollande and Merkel, progress is slow due to their differing views on financial solidarity and political integration. The EU's future depends on Franco-German unity.","París (CNN) -- Hyepévo Francia ha Alemania ojegueromandu'a 50 ary oiko haguépe Elysée ñe'ẽrame Berlínpe. Pe Reino Unido Sãmbyhyhára Peteĩha David Cameron oha'ãrõ 24 aravo'i mboyve oñe'ẽ haguã Europa rehe. Ary 2003-pe, Jacques Chirac ogueruakã Canciller Gerhard Schröder ha Bundestag Versailles-pe 40 ary ojegueromandu'a haguépe. Pe ary, Berlín oñembyatypaite Bundestag-pe, ojuajúvo 577 tekoha renda Francia Asamblea Nacional-pe guarã. Alemania Canciller Angela Merkel ha Hyãsia Tendota François Hollande oiko aty'ỹvu'eterei mbo'ehára ndive, oñe'ẽkuaauka mitãrusukuéra ndive ha okaru. Elysée ñe'ẽrame ha'e peteĩ modelo exclusivo oñembojoaju haguã mokõi tetã. Francia ha Alemania oguereko aty oñembojoaju hag̃ua ha oipytyvõ políticape. Ohasa rire ñorairõgui, oiko chugui peteĩ joajuha añete. Ko ñe'ẽrame ha'e tuicha mba'e, Francia ha Alemania ha'e rupa EU, ombohape 40% eurozona GDP, 33% EU retãygua ha 31% ipj. Ojapo jave tiempo Hyãsia Tendota ha Alemania Canciller oñembojoaju hag̃ua. Ko'ãga, Hollande ha Merkel ndive, mba'eporã ha'e mbeguekatu hikuái oĩ rupi iñambuéva rehechaukaha ha oñembojoaju haguã. EU tenonderã oĩ Franco-Alemania joaju.",Celebrating 50 years of the Elysée Treaty! France & Germany lead the EU with 40% of eurozone GDP. Their unity is key to Europe's future #ElyseeTreaty #EU,Ojegueromandu'a 50 ary Elysée ñe'ẽrame! Francia ha Alemania ombohape 40% eurozona GDP. Ijoajuha ha'e tenonderã Európape guarã #ElyseeÑe'ẽrame #EU,grn,eng_x,meta-llama_Llama-4-Maverick-17B-128E-Instruct-FP8,real_news,[0],/eng_x_r/meta-llama_Llama-4-Maverick-17B-128E-Instruct-FP8/grn/CoI_80cd7069-5709-4598-b1df-8f09abacd8f8_grn_edit.json,eng,"[spa,grn,fra,deu]",eng,"[grn,fra,deu]",eng,light,DialyNews,y,n,y,n
30ab8f56-1d64-4932-869a-7ac238a16ee0,"Havells India is launching its electronics and durables brand Lloyd in the Middle East and has partnered with TeknoDome, a distribution conglomerate based in Dubai. Lloyd's launch portfolio includes ACs, washing machines, refrigerators, and LED TVs. The brand has partnered with Tamannaah Bhatia and Mohanlal as brand ambassadors in the UAE.","Havells India omohecha haguã iñirũrã Lloyd Mbyteguape ha oñembojoaju hagua TeknoDome ndive, peteĩ empresa distribución-gua Dubái-gua. Lloyd mba'eapopyre oguereko aires acondicionados, lavarropas, heladeras ha tele techapyrã LED.",Exciting news! Havells India's Lloyd brand is now in the Middle East! #LloydME #HavellsIndia,'Marandu porã! Havells India-gua Lloyd Mbyteguape! #LloydME #HavellsIndia',grn,eng_x,meta-llama_Llama-4-Maverick-17B-128E-Instruct-FP8,real_news,[0],/eng_x_r/meta-llama_Llama-4-Maverick-17B-128E-Instruct-FP8/grn/CoI_30ab8f56-1d64-4932-869a-7ac238a16ee0_grn_edit.json,eng,"[grn,spa]",eng,"[grn,eng]",eng,light,GlobalNews,y,n,y,n
14d2926a-1c8f-4f91-b7dc-1984aed770ef,"George Lopez told CNN's Piers Morgan that he's considering running for mayor of Los Angeles in eight years. Lopez, who provides the voice for Grouchy Smurf in the new 'Smurfs' movie, believes Los Angeles has lost some of its pride. Lopez had a difficult childhood; his mother had the mental capacity of an 8-year-old, and he was later taken in by his grandmother. A motivational message from a Baltimore Orioles player had a lasting impact on Lopez. After divorcing his wife Ann, whom he praises for her family values, Lopez continues to co-parent their 15-year-old daughter. Lopez praises David Letterman as the best late-night talk show host.","George Lopez he'i CNN-pe Piers Morgan ndive oĩha hese omba'apo hag̃ua Los Angeles-pe guarã pokõi ary rire. López, Smurfi kue'ẽ ombopu va'ekue 'Smurfs' ta'angamýipe, he'i Los Angeles oñembohasyha. López mitã'imi jasyasyva'ekue; isy karai peteĩ mitã 8 ary oguerekóva apytu'ũ, ha upéi itajayra ombojokupyty chupe. Peteĩ ñe'ẽ porã peteĩ Baltimore Orioles jugador pegua ombyai López. Omboyke rire hembireko Ann, López oñemboja chupe hembireko rembiguái rekopyre, ha López omboguevijy imembykuña 15 ary.","George Lopez considers running for LA mayor in 8 years! 'This city needs pride back,' he says. #GeorgeLopez #LAMayor","George Lopez oĩ omba'apo hag̃ua LA-pe guarã pokõi ary rire! 'Ko táva oikotevẽ jopyre,' he'i. #GeorgeLopez #LAMayor",grn,eng_x,meta-llama_Llama-4-Maverick-17B-128E-Instruct-FP8,real_news,[1],/eng_x_r/meta-llama_Llama-4-Maverick-17B-128E-Instruct-FP8/grn/CoI_14d2926a-1c8f-4f91-b7dc-1984aed770ef_grn_polish.json,eng,"[eng,grn,spa]",eng,"[eng,grn,spa]",eng,moderate,DialyNews,y,n,y,n
e07d960e-0ca3-44f0-a023-4052b998a203,"The San Bernardino City Council is set to vote on a bankruptcy resolution on Wednesday. The city's financial struggles are attributed to the housing downturn and recession, with a projected deficit of $45 million. San Bernardino's general fund reserves have dwindled from $19 million in 2001 to zero.","Pe'ẽ karai San Bernardino omoĩ porã haguã peteĩ ñe'ẽme oñembotapykueho hag̃ua apañuãi viru rehegua. Táva viru rembiapo oĩ asy, hikuai ohasa asy haguére apañuãi ñemuha ha viru rehegua, oĩ haguéicha $45 sua dólar oĩva pehẽme. San Bernardino viru oĩva'ekue $19 sua ary 2001-pe, ko'ãga katu oĩmba.",Breaking: San Bernardino on brink of bankruptcy! 'The city has reached a breaking point' with a $45M deficit. #SanBernardino #Bankruptcy #FinancialCrisis,Marandu: San Bernardino oĩ apañuãi viru rehegua! 'Táva oĩ asy' hikuai $45M viru rehegua. #SanBernardino #ApañuãiVirusRehegua #ViruRehegua,grn,eng_x,meta-llama_Llama-4-Maverick-17B-128E-Instruct-FP8,real_news,[2],/eng_x_r/meta-llama_Llama-4-Maverick-17B-128E-Instruct-FP8/grn/CoI_e07d960e-0ca3-44f0-a023-4052b998a203_grn_rewrite_moderate.json,eng,grn,eng,"[grn,spa]",eng,moderate,DialyNews,y,n,y,n
d9cebebb-9cae-4eab-8a36-050be6a1ccd8,"Washington (CNN) -- President Barack Obama on Tuesday unveiled a $100 million initiative to unlock the 'enormous mystery' of the human brain, hoping to boost understanding and treatment of brain disorders. The initiative, dubbed Brain Research Through Advancing Innovative Neurotechnologies, or BRAIN, 'aims to help researchers find new ways to treat, cure, and even prevent brain disorders, such as Alzheimer's disease, epilepsy, and traumatic brain injury,' the White House said. Obama said he will seek $100 million funding in the budget he sends to Congress next week. The research would involve both federal research agencies and private partners.","Washington (CNN) -- Presidente Barack Obama ombyatyapy $100 millones rehe og̃uahẽvo peteĩ ñepyrũrã oikuaa hag̃ua 'mba'ekapúva tuicháva' apytu'ũ rehe, ohopehaguére oñembotuicha hag̃ua ojehechauka porãve asy apytu'ũ mba'asykuéra. Ko ñepyrũrã, hérava Brain Research Through Advancing Innovative Neurotechnologies, térã BRAIN, 'ohopyty hag̃ua oipytyvõva oheka porãve mba'éichapa oñembotykýta, oñemboguevi, ha ojehechauka porãve apytu'ũ mba'asykuéra, techapyrãrãme Alzheimer mba'asy, epilepsy, ha apytu'ũ jejuka,' he'i White House.",Discover the $100 million BRAIN Initiative by President Obama! 'Unlocking the enormous mystery of the human brain' to treat & cure brain disorders like Alzheimer's & epilepsy #BRAINInitiative #BrainHealth,Ehecha $100 millones rehe BRAIN ñepyrũrãme Presidente Obama pegua! 'Oikuaa hag̃ua mba'ekapúva tuicháva apytu'ũ rehe' oñembotykýta ha oñemboguevi apytu'ũ mba'asykuéra #BRAINInitiative #Apytu'ũTesãi,grn,eng_x,meta-llama_Llama-4-Maverick-17B-128E-Instruct-FP8,real_news,[0],/eng_x_r/meta-llama_Llama-4-Maverick-17B-128E-Instruct-FP8/grn/CoI_d9cebebb-9cae-4eab-8a36-050be6a1ccd8_grn_edit.json,eng,"[eng,spa,grn]",eng,"[spa,grn,eng]",eng,light,DialyNews,y,n,y,n
b31c36b0-b33d-4407-a380-eb743d1e5b9d,"Australia's captain, Michael Clarke, won't play in the World Cup opener against England due to a hamstring injury. Clarke is set to return for Australia's match against Bangladesh on February 21. Coach Darren Lehmann stated that Clarke's recent practice session was successful but decided to stick with the original recovery plan.","'K Kapitána Michael Clarke noguahẽmo'ãi ñepyrũrãme Inglaterra ndive, ikatu haguére omohu'ãng imbarete.', 'Clarke ohojeýta Bangladesh ndive, 21 jasykõi jave.', 'Mbo'ehára Darren Lehmann he'i, tembiapo porãite ojejapo va'ekue UAE rehe, ha ojokupyty pe plan orekóva.",Australia's #WorldCup opener just got tougher! Captain Michael Clarke won't play against England due to injury. #Cricket #InjuryBlow,"'Australia-pe #WorldCup ñepyrũrã mbaretevéma! Kapitána Michael Clarke noguahẽmo'ãi Inglaterra ndive, ikatu haguére omohu'ãng imbarete. #Cricket #InjuryBlow'",grn,eng_x,meta-llama_Llama-4-Maverick-17B-128E-Instruct-FP8,real_news,[1],/eng_x_r/meta-llama_Llama-4-Maverick-17B-128E-Instruct-FP8/grn/CoI_b31c36b0-b33d-4407-a380-eb743d1e5b9d_grn_polish.json,eng,"[grn,spa]",eng,"[eng,grn,spa]",eng,moderate,DialyNews,y,n,y,n
51e7211d-f945-4fbf-a0af-fec147f51d00,"'Didi Conn, known for her role as Frenchy in 'Grease' and 'Grease 2', shares her journey with her autistic son Danny on World Autism Awareness Day.' 'Danny was diagnosed with PDDNOS, a condition on the autism spectrum.' 'With various therapies and family support, Danny reached his full potential.' 'Didi Conn's experience highlights the importance of early intervention and a supportive community for autistic children.'","'Didi Conn, 'Grease' ha 'Grease 2' pe 'Frenchy' ramo ojekuaáva, omombe'u isy rembiasakue iñakãrague Danny rehe, oĩ aja 'World Autism Awareness Day' árape.' 'Danny oñemoambuévo PDDNOS rehe, peteĩ mba'ete oĩva autismo ryepýpe.' 'Heta ñeñangareko ha ogaygua pytyvõ rupive, Danny ohupyty ijehegui.' 'Didi Conn rembiasakue ohechauka mba'éichapa tuichaitépa pe ñepyrũrã ha tekombo'e aty pytyvõ oñemomba'eguasúva umi mitã oguerekóva autismo.'",'Celebrating World Autism Awareness Day with Didi Conn's inspiring story of love and acceptance for her autistic son Danny! #AutismAwareness #LoveWins','Didi Conn omombe'u isy rembiasakue iñakãrague Danny rehe 'World Autism Awareness Day' árape! #AutismoÑeñangareko #Tekojoja',grn,eng_x,meta-llama_Llama-4-Maverick-17B-128E-Instruct-FP8,real_news,[1],/eng_x_r/meta-llama_Llama-4-Maverick-17B-128E-Instruct-FP8/grn/CoI_51e7211d-f945-4fbf-a0af-fec147f51d00_grn_polish.json,eng,"[spa,grn]",eng,"[grn,spa,eng]",eng,moderate,DialyNews,y,n,y,n
3962e769-616b-4b14-a862-6ef0ef918235,"The challenge of shifting to clean energy sources is not just about technology and policy changes, but also about understanding the human element and ensuring a 'just transition'. The concept of a 'just transition' emerged from the US labor movement in the 1980s to shield workers from the impact of new pollution regulations. In Australia, low-income households are disproportionately affected by energy policies, spending twice as much of their disposable income on energy as average-income households.","The translation into Guarani is accurate and culturally appropriate, conveying the same message as the original text.",Ensuring a 'just transition' to clean energy is crucial for addressing the financial and fairness concerns of hard-pressed individuals and communities. #JustTransition #CleanEnergy,"Oñemo'ãvo ñane rembiapo oikove hag̃ua ñane retãme, tekotevẽ jahechauka mba'éichapa ikatu oñembojoja umi mba'e oñemboykéva'ekue. #JustTransition #CleanEnergy",grn,eng_x,meta-llama_Llama-4-Maverick-17B-128E-Instruct-FP8,real_news,[1],/eng_x_r/meta-llama_Llama-4-Maverick-17B-128E-Instruct-FP8/grn/CoI_3962e769-616b-4b14-a862-6ef0ef918235_grn_polish.json,eng,eng,eng,"[grn,spa]","[eng,fra]",moderate,GlobalNews,y,n,y,n
b2a1ce08-9b6c-4019-babf-3223bd95fa1e,"The original designs for the Raleigh Chopper have been rediscovered 45 years after they were created. Tom Karen, who worked at Ogle Design, drew the sketches that featured the bike's iconic features. The Raleigh Chopper was inspired by dragster cars and became a cultural phenomenon in 1970s Britain.","Umiapyre ko'ãva apopyre Raleigh Chopper bisikletare ojejuhu 45 ary ojejapo rire. Tom Karen, omba'apóva Ogle Design-pe, ojapo ko'ã ta'ãnga omoha'angáva pe bisikleta mba'e ojehecharamovéva. Raleigh Chopper-pe oñemomba'eporã dragster mba'yrukuéra rehe ha oiko peteĩ mba'e ojehecharamovéva tavaygua apytépe arykuéra 1970-pe.","Discover the iconic Raleigh Chopper's original designs, unearthed 45 years later! Inspired by 1960s dragsters, this bike became a 1970s sensation. #RaleighChopper #VintageBikes","Ehecha ko'ãva apopyre Raleigh Chopper rehegua, ojejuhúva 45 ary rire! Oñemomba'eporã dragster rehe ha oiko peteĩ mba'e ojehecharamovéva arykuéra 1970-pe. #RaleighChopper #BisikletaYma",grn,eng_x,meta-llama_Llama-4-Maverick-17B-128E-Instruct-FP8,real_news,[2],/eng_x_r/meta-llama_Llama-4-Maverick-17B-128E-Instruct-FP8/grn/CoI_b2a1ce08-9b6c-4019-babf-3223bd95fa1e_grn_rewrite_light.json,eng,"[grn,por]",eng,"[grn,spa]",eng,light,DialyNews,y,n,y,n
d8e143d2-33fa-4678-8e16-ff92c780f2d5,"A three-year-old girl, Lia Green, died after being taken to Royal Preston Hospital. Her mother, 21-year-old Natalie Critchley, has been accused of causing or allowing Lia's death. Natalie's partner, 22-year-old Richard Green, is charged with Lia's murder and will appear in court on January 14 for a plea and case management hearing. Neighbours described Lia as a 'little princess' because of her 'fair face' and 'lovely smile'.","Pya'e omano ipo'aky mitã'i, Lia Green, orekóvo 3 ary, rire oñe'ẽ hese ohasa haguã Royal Preston Hospital-pe. Isy, Natalie Critchley, orekóva 21 ary, oñembohováio ojukapa térã ohejapa omano haguã Lia-pe. Natalie irũnguéra, Richard Green, orekóva 22 ary, oñembohováio Lia jejuka rehe ha opresentaráta ichupe peteĩ audiencia-pe, 14 jasyteĩ-me. Umi tapicha oikovéva hi'aguĩ oñe'ẽkuaa Lia rehe ha'e 'mitã'i porã'.","Breaking: 3-year-old Lia Green dies after being rushed to hospital. Her mother, Natalie Critchley, and her partner, Richard Green, face charges. #JusticeForLia #ChildSafety","Omano mitã'i Lia Green orekóvo 3 ary. Isy, Natalie Critchley, ha iirũnguéra, Richard Green, oñembohováio. #JusticiaParaLia #MitãTekoporã",grn,eng_x,meta-llama_Llama-4-Maverick-17B-128E-Instruct-FP8,real_news,[2],/eng_x_r/meta-llama_Llama-4-Maverick-17B-128E-Instruct-FP8/grn/CoI_d8e143d2-33fa-4678-8e16-ff92c780f2d5_grn_rewrite_moderate.json,eng,"[grn,eng]",eng,"[grn,spa]",eng,moderate,DialyNews,y,n,y,n
d1f2ab56-7b68-4232-b53c-c176aa132bf9,"By Deni Kirkova and Simon Tomlinson. The photographer and his girlfriend, who leads him around the world, first caught our attention almost a year ago. Russian couple Murad Osmann and Nataly Zakharova have taken their signature photos in many exotic locations. Murad, 28, documents their travels by taking photos from his point of view as Nataly, 27, leads him. He is now set to release a book. Nataly wears traditional dress at the Moscow Kremlin. At the Hotel Du Cap-Eden-Roc in Antibes, France, and the Blue Mosque in Istanbul, Turkey, the couple's adventures continue. Each image shows Murad's extended hand holding Nataly's. Murad, an executive producer for Hype Productions, started this project in Barcelona in 2011. They have visited Madrid, New York City, Miami, Monaco, and Istanbul. 'The first photo happened in Barcelona while we were on vacation,' Murad said. 'Nataly was annoyed that I was always taking pictures, so she grabbed my hand.' Murad graduated as a civil engineer from Imperial College London but later pursued photography. 'We travel mostly for three to four days due to my work,' he said. His photos were initially taken with an iPhone. The images were included in an Art Basel exhibition at the Versace Mansion in Miami. Murad posts his 'Follow Me' photographs on Instagram, which has over 580,000 followers. They are planning to publish a book in the autumn.","Deni Kirkova ha Simon Tomlinson remiandu. Kuimba'e ohechaukáva hembiapokue ha hembirekóre oisambyhyva'ekue ipýpe oparupi yvy ári peteĩ ary guive. Kuimba'e Rrúsia pegua Murad Osmann ha Nataly Zakharova ojapova'ekue hembiapokue heta tenda porãme. Murad, 28 ary, ohechauka hembiapokue oikoháicha ipýpe Nataly, 27 ary, oisambyhy jave. Ha'e ko'ág̃a oĩmbáva peteĩ aranduka osẽ haguã. Nataly ombo'era traje tradicional Kremlin de Moscú-pe. Hotel Du Cap-Eden-Roc-pe, Antibes, Hyãsiape, ha Mezquita Azul-pe, Estambul, Tuykiape, oikove hembiapokue. Ta'anga ohechauka Murad poguasu oñembyatýva Nataly ndive. Murad, Hype Productions rembipou, oñepyrũva'ekue kóva Barcelona-pe, 2011-me. Oho Madrid, Nueva York, Miami, Monaco ha Estambul-pe. 'Ta'anga peteĩha oiko Barcelona-pe ore rohasáva jave,' he'i Murad. 'Nataly oñeha'ã sapy'apy oity va'erã che pópe.' Murad oñemoarandu civil ingeniería ramo Imperial College London-pe, ha upéi oho fotografía-pe. 'Roho jave 3 térã 4 ára nombyarúi che rembiapo,' he'i. Iñangapykuéra oñepyrũva'ekue iPhone ndive. Ta'angakuéra oike peteĩ Art Basel oexhibiha Versace Mansion-pe, Miami-pe. Murad ombohasa hembiapokue 'Follow Me' Instagram-pe, oguerekóva 580.000 tapykueho. Ha'e kuimba'e ha hembireko oĩma oĩmbáva peteĩ aranduka osẽ haguã.",Discover the 'Follow Me' journey of Murad and Nataly! 'Follow their adventures around the world #FollowMe #TravelCouple','Embohovái Murad ha Nataly ndive! Ehechauka hendive opa rupi yvy ári #FollowMe #TendaPorãme',grn,eng_x,meta-llama_Llama-4-Maverick-17B-128E-Instruct-FP8,real_news,[0],/eng_x_r/meta-llama_Llama-4-Maverick-17B-128E-Instruct-FP8/grn/CoI_d1f2ab56-7b68-4232-b53c-c176aa132bf9_grn_edit.json,eng,"[spa,grn]",eng,"[grn,por]",eng,light,DialyNews,y,n,y,n
48183407-5990-43d5-83cf-f937bbeccc43,"Happy Friday! A team at NYU Langone conducted the world's first whole eye transplant, with hopes that the patient may regain sight. Bitcoin hit a new high for 2023, nearly touching '$38,000'. The crypto market has been quietly strong this year, with bitcoin up over 110%. Despite FTX's downfall, the price has steadily climbed. Ether's price surged after reports that BlackRock filed paperwork for an ether ETF. Critic Nouriel Roubini, previously vocal against crypto, is now entering the space with a blockchain-based stablecoin. JPMorgan analysts remain cautious, calling the recent rally 'overdone'.","Arapo pyte! NYU Langone aty oiko va'ekue pe ñe'ãsoro resa pyahu yvórape, ha oñembojoapy raka'e ichupe ohecha jey hag̃ua. Bitcoin ohupyty pe tuicha ary 2023 pegua, ohóvo '$38,000' ypýpe. Krypto merkadu oiko porãite ko ary, bitcoin oho ári 110%. Oĩramo jepe FTX jejuka, pe precio oho yvate gotyo. Ether precio oho yvate jevy marandu rire BlackRock ombohape kuatiaita ether ETF rehegua. Nouriel Roubini, peteĩva ombyaíva'ekue krypto rehe, ko'ãga oike pype omoñepyrũvo peteĩ stablecoin oĩva blockchain rehe. JPMorgan analista oĩ gueteri ku oñembojoapy'ỹre, ohenói pe oiko'ypyvare 'ojapo de más'.","Crypto's comeback kid! Bitcoin hits new 2023 high, nearing '$38,000'. JPMorgan remains cautious, calling the rally 'overdone'. #Crypto #Bitcoin","Krypto oúva jevy! Bitcoin ohupyty pe tuicha 2023 pegua, ohóvo '$38,000' ypýpe. JPMorgan oĩ gueteri ku oñembojoapy'ỹre, ohenói pe oiko'ypyvare 'ojapo de más'. #Krypto #Bitcoin",grn,eng_x,meta-llama_Llama-4-Maverick-17B-128E-Instruct-FP8,real_news,[0],/eng_x_r/meta-llama_Llama-4-Maverick-17B-128E-Instruct-FP8/grn/CoI_48183407-5990-43d5-83cf-f937bbeccc43_grn_edit.json,eng,"[grn,spa,eng]",eng,"[grn,spa]",eng,light,GlobalNews,y,n,y,n
8e0a276f-dc82-485e-ae6a-0a1605549da3,"WASHINGTON (CNN) -- Sen. Arlen Specter woke up at 4 a.m. one day last week with a severe headache, a side effect of chemotherapy. Ninety minutes later, he was on the squash court, playing with a partner less than half his age. That's how Specter faces cancer and chemotherapy. Borrowing a phrase from Winston Churchill, he calls it the 'never-give-in' approach. As he battles a recurrence of Hodgkin's disease, Specter, 78, a Pennsylvania Republican, plays squash nearly every day. He refers to these games as 'deposits in the health bank.' He maintains his rigorous work schedule. 'Doc,' he told CNN's Dr. Sanjay Gupta, 'I don't have time to think about Hodgkin's.' Hodgkin's disease is a rare but curable form of lymphoma. The treatment feels like 'a war of the worlds raging inside your body.' Specter has been through several major health crises over the past 30 years, including misdiagnoses and serious conditions. At 48, he was misdiagnosed with Lou Gehrig's disease. In 1993, he was told he had a cancerous brain tumor, but it was benign. It returned three years later. In 1998, he had heart bypass surgery. In 2005, he was diagnosed with Hodgkin's disease, which he overcame, but it has now recurred. Specter's oncologist, Dr. John Glick, emphasizes that his physical conditioning and mental attitude make him a strong candidate for aggressive treatment. 'The same treatment we would give somebody half his age,' Glick said. Specter's cardiologist, Dr. Howard Weitz, believes his continued hard work may be beneficial. 'I think for the hard worker who ceases working, their stress level increases,' Weitz said. Specter continues his squash routine despite reduced stamina and advises others to 'get a second opinion.'","WASHINGTON (CNN) -- Sen. Arlen Specter oñepyrũ 4 a.m. peteĩ ára ojapoindy ndive hendive peteĩ ñakã vai, mba'e ojehuva chemo rehe. Mbohapypa mbohapy aravo rire, oho omoingépe squash cancha-pe, oha'ãvo peteĩ iñirũngere ndive imitãvéva. Upéicha ohechauka Specter omba'apo haguã cancer ha chemo rehe. Oñe'ẽvo Winston Churchill ñe'ẽ rehe, ohenói 'nunca me'ẽse' ichupe. Sen. Arlen Specter-pe ojehechauka May 7 jave, iñepyrũme kuehe oñehenói va'ekue chupe Hodgkin mba'asy. Oñorairõvo jevy Hodgkin mba'asy rehe, Specter, 78 ary, Pennsylvania pegua, oha'ã squash hapichakuéra ndive ha oñe'ẽ 'depositokuéra banco de salud-pe' ichupekuéra. Oipytyvõ hembiapo asyete. 'Doc,' he'i CNN Dr. Sanjay Gupta-pe, 'ndajavyai Hodgkin rehe.' Hodgkin mba'asy ha'e peteĩ mba'asyete ojehu pya'e va'ekue, hákatu oñembotykete voi. Kuehe oñehenói va'ekue chupe 'oñorairõháicha yvoty arapy ryepýpe'. Specter ohasa asyete hekove pukukue javeve. 48 ary jave, oje'e chupe ha'eha Lou Gehrig mba'asy, hákatu nahániri. 1993 jave, oje'e chupe oguerekoha cancer apytu'ũme, hákatu nahániri. Ojevy jey mbohapypa ary rire. 1998 jave, oiko chupe bypass operación. 2005 jave, oje'e chupe oguerekoha Hodgkin mba'asy, ha'e katu ohasa. Ko'ãga, ojevy jey. Specter-pe ohekauka Dr. John Glick, ha'e niko ipohýi asy ramo jepe, hákatu ipy'aguasu ha hembiapo porã. 'Ko'ã tratamiento ome'ẽva'erã peteĩ mitãme imitãveva'ekue hendive,' he'i Glick. Specter-pe oipytyvõ Dr. Howard Weitz, kóva katu ohekauka hembiapo vaiha. 'Aimo'ã peteĩ tapicha omba'apóva oheja ramo hembiapo, iñakã vai tuicha,' Weitz he'i.",Sen. Arlen Specter battles Hodgkin's disease with determination! 'Never give in' is his motto. Read more about his inspiring journey: #HodgkinsDisease #CancerWarrior,Sen. Arlen Specter oñorairõ Hodgkin mba'asy rehe ipy'aguasúpe! 'Nunca me'ẽse' ha'e iñe'ẽ. Eikuaave hembiapo porã rehe: #HodgkinsMbaasy #CancerÑorairõ,grn,eng_x,meta-llama_Llama-4-Maverick-17B-128E-Instruct-FP8,real_news,[0],/eng_x_r/meta-llama_Llama-4-Maverick-17B-128E-Instruct-FP8/grn/CoI_8e0a276f-dc82-485e-ae6a-0a1605549da3_grn_edit.json,eng,"[eng,grn,spa]",eng,"[eng,grn,spa]",eng,light,DialyNews,y,n,y,n
abf7cf13-53d2-4cbb-a3bf-2f3d429a3919,"Germany's latest plan to save the euro involves a substantial transfer of power to Brussels by eurozone countries Britain is viewed as a significant obstacle to Schaeuble's plan as the divide between Britain and the continent grows Wolfgang Schaeuble, Germany's Finance Minister, is determined to end the euro crisis once and for all The proposed antidote is to give the EU greater powers over the national budgets of individual states Schaeuble's proposals are set to be discussed at the EU summit this Thursday and Friday","Alemania-pe, euro salvata hag̃ua, ojapo peteĩ plan ombohasa mbaretépe Bruselles-pe tetãkuéra ojepurúva viru ko'ãg̃a Vereingenda Reino ojehecha peteĩ obstáculo tuicháva ko plan rehe Wolfgang Schaeuble, ministro de Finanzas alemán, he'iha omohu'ãse euro crisisa peteĩ vez ha peteĩ",Breaking: Germany's plan to save the euro! 'Significant power shift to Brussels' #EuroCrisis #EUIntegration,"Noticia: Alemania-pe, euro salvata hag̃ua! 'Ombogueta Bruselles-pe tetãkuéra ojepurúva viru ko'ãg̃a' #EuroCrisis #EUIntegrasion",grn,eng_x,meta-llama_Llama-4-Maverick-17B-128E-Instruct-FP8,real_news,[2],/eng_x_r/meta-llama_Llama-4-Maverick-17B-128E-Instruct-FP8/grn/CoI_abf7cf13-53d2-4cbb-a3bf-2f3d429a3919_grn_rewrite_complete.json,eng,"[spa,grn,deu]",eng,"[spa,grn]",eng,complete,DialyNews,n,y,y,n
8e1f93a2-4e75-41b0-8027-e94bb1370fd8,"Barcelona's La Masia academy has produced a plethora of talented players who have gone on to make their mark in the English Premier League and Championship. The Catalan club has compiled a 'dream team' of their former players currently plying their trade in England's top two divisions, and it's a veritable who's who of talent. While household names like Alexis Sanchez, Yaya Toure, Cesc Fabregas, Mikel Arteta, and Victor Valdes are expected inclusions, there are also several lesser-known La Masia graduates making a name for themselves in England.","'Hetaera Barcelona pegua ojejapo heta jugador ikatúva omba'apo Inglaterra-pe Premier League ha Championship-pe.', 'Barcelona oikuaa 'dream team' ijexjugador-kuéra oguerúva Inglaterra-pe mokõi división ijojaha'ỹvape.', 'Tembiapo porãite Alexis Sanchez, Yaya Toure, Cesc Fabregas, Mikel Arteta ha Victor Valdes rehechaukaháicha, oĩ avei heta La Masia ijexjugador ojekuaa'ỹva oñembo'ehaguére Inglaterra-pe.",Discover Barcelona's 'dream team' of former players thriving in England's top divisions! #LaMasia #Barcelona #EPL,'Ehechauka Barcelona 'dream team' ijexjugador-kuéra oguerúva Inglaterra-pe!' #LaMasia #Barcelona #EPL,grn,eng_x,meta-llama_Llama-4-Maverick-17B-128E-Instruct-FP8,real_news,[1],/eng_x_r/meta-llama_Llama-4-Maverick-17B-128E-Instruct-FP8/grn/CoI_8e1f93a2-4e75-41b0-8027-e94bb1370fd8_grn_polish.json,eng,"[grn,spa]",eng,"[spa,grn,eng]",eng,moderate,DialyNews,y,n,y,n
d4ed21cc-d703-4e60-b9bb-4894628aee8f,"Volunteer fire departments across the U.S. face financial strain due to the Affordable Care Act. The law doesn't exempt them, potentially forcing departments with 50+ members to provide health insurance. Carl Fabrizi, a Central Florida volunteer firefighter, expressed concern that this could 'destroy some real good companies in Florida.' The IRS considers volunteer firefighters as employees if they work over 30 hours weekly. Most U.S. firefighters are volunteers, and combining departments could push them over the 50-worker threshold, leading to significant costs. Edward Mann, East Derry, Pennsylvania Fire Company Chief, stated, 'We can't afford it.' The International Association of Fire Chiefs has requested an exemption, but the government has taken no action.","The translation into Guarani is accurate and culturally appropriate, conveying the concerns of volunteer firefighters and the impact of Obamacare. Minor adjustments were made to ensure fluency and naturalness in Guarani.","Breaking: Volunteer fire departments in the U.S. face closure due to Obamacare! 'This could destroy some real good companies,' says Carl Fabrizi. Will Congress act? #Obamacare #FireDepartments #VolunteerFirefighters","¡Oñembotapy kaha pe! Umi aty bombero voluntario Tetãvore Joapykuérape oĩ hikuái oñembotapykue pe Obamacare rehe! 'Kóva ikatu ombyai umi aty porãitereíva,' he'i Carl Fabrizi. ¿Omoñe'ẽta Congreso? #Obamacare #AtyBombero #BomberoVoluntario",grn,eng_x,meta-llama_Llama-4-Maverick-17B-128E-Instruct-FP8,real_news,[2],/eng_x_r/meta-llama_Llama-4-Maverick-17B-128E-Instruct-FP8/grn/CoI_d4ed21cc-d703-4e60-b9bb-4894628aee8f_grn_rewrite_light.json,eng,eng,eng,"[grn,spa,eng]",eng,light,DialyNews,y,n,y,n
fe4f6216-7eaa-48e4-ac71-503ff340257b,"'Presidential debates usually don't change the course of a campaign, except in very close races.' 'Avoiding mistakes is crucial in debates, as they can be magnified by the media.' 'Candidates' body language and verbal gaffes can significantly affect how voters perceive them.' 'The way candidates present their ideas and respond to questions reveals their personality and can impact voter opinion.' 'Historical examples like Nixon's appearance in 1960 and Gore's behavior in 2000 show how non-verbal cues can harm a candidate's image.' 'Reagan's concise response in 1980 and his witty remark about age in 1984 demonstrate effective verbal strategies.' 'Dukakis's response in 1988 and Ford's statement in 1976 highlight the risks of appearing aloof or making factual errors.'",'Guarani translation is fluent and culturally appropriate.' 'The translated text accurately conveys the original message.' 'Minor adjustments made to ensure naturalness and readability in Guarani.','Presidential debates: where one slip-up can change the game! #DebateMatters #ElectionInsights','Oñembyatývo tapicha oisãmbyhy hagua tetã: peteĩ ñe'ẽ asy ikatu ombojoapy ñane retã! #ÑeẽPorã #TekoiPorã',grn,eng_x,meta-llama_Llama-4-Maverick-17B-128E-Instruct-FP8,real_news,[2],/eng_x_r/meta-llama_Llama-4-Maverick-17B-128E-Instruct-FP8/grn/CoI_fe4f6216-7eaa-48e4-ac71-503ff340257b_grn_rewrite_complete.json,eng,eng,eng,"[grn,spa]",eng,complete,DialyNews,n,y,y,n
783ee063-eae7-4ae1-9008-e8ac0ec51dda,"In the dying days of the Battle of Mogadishu two years ago, on the beachside base used by Ugandan African Union troops in their successful campaign to drive Al-Shabaab from the capital, I came across three new prisoners. Handcuffed, dirty, and dejected, the eldest was 17, the youngest 15. They claimed to be volunteers who had surrendered when they became separated from their unit and ran out of bullets. 'We were given a piece of fruit every day,' one of them said. I later interviewed several Al-Shabaab deserters in a government camp. Instead of hardened jihadists, I found spirited teenagers, mostly instantly likeable. Their average age was 15; one, Liban, was 9. Like many young Somalis, Liban was an orphan; Al-Shabaab was his surrogate family. 'I'm not scared!' he said. 'I'm ready to fight again -- for the government!' These boy soldiers had little interest in Islamist ideology; they joined Al-Shabaab to survive, seeking security, food, and water. Until the Mogadishu government addresses these basic needs, Al-Shabaab will likely continue to find support. Children are useful to Al-Shabaab due to their capability for violence and courage. Liban's moral compass was absent; no one had shown him right from wrong. Al-Shabaab's recruitment includes misleading young recruits with false promises, such as showing Bollywood DVDs as footage from Paradise. Somali-American youth have been recruited, with at least 20 vanishing from their homes since 2007 to join Al-Shabaab. The FBI describes the recruitment process in Minneapolis as 'a very lateral, peer-to-peer organization.' Some recruits were dissatisfied with their experience, missing everyday comforts like McDonald's. The article highlights the contradictions in the actions of Al-Shabaab militants, citing an instance where a gunman gave a Mars Bar to a scolding child.","Mogadishu ñorairõ opávo, mokõi ary ohasa rire, Ugandan African Union tropa oĩva apopyvo'ói rehe, Al-Shabaab-gui oñembohovái haguã tavusu, ajapoapy tres prisionero pyahu. Kuimba'e ha kuñakarai oĩva hendive, 17 ary oguerekóva, 15-pe og̃uahẽ. 'Ñandejára ore rerobia,' he'i. Upe rire, ojehupivoi va'ekue Al-Shabaab-pe oñe'ẽ haguã campo de gobierno-pe. Ndojehechái jihadista hatã, ojuhu mitãrusu ipirĩva, hetave katu ojehayhúva. Imitãvéva 15 ary; peteĩva, Liban, 9 ary oguerekóva. Heta mitã Somalia-guaicha, Liban oikova'ekue yvágape; Al-Shabaab-pe oikova'ekue hendive. 'Ndaikiri!' he'i. 'Añe'ẽmbotáma -- gobierno-pe guarã!' Ko'ã mitã soldado ndaikatui oikuaa Islã rehe; oikundaha haguã oiko porã haguã, oheka teko asy'ỹ, tembi'u, ha y. Mogadishu gobierno oĩporã meve ko'ã mba'e, Al-Shabaab oikundaha. Mitãme oipuru Al-Shabaab ome'ẽ haguã violencia ha coraje. Liban-pe ndohechaukái mba'épa porã ha mba'épa vai; ndaikatui oikuaa. Al-Shabaab oikundaha mitã oñembohováivo, omboguejy haguã ichupekuéra ta'angamýi Bollywood-gua ha'e haguã ta'angamýi yvágape. Mitãrusu somali-amerikano oñembosako'i, 20 ohasava'ekue og̃uahẽ haguã Al-Shabaab-pe 2007 guive. FBI ombohovái oñe'ẽvo Minneapolis-pe oiko haguã 'peteĩ aty oñe'ẽva ojoapytépe.' Oĩva oñembosako'iva'ekue ndoikovéi hikuái hembiapópe, ohechaga'u hikuái mba'e apytépe ojogua McDonald's-pe."," 'Al-Shabaab's child soldiers: coerced by poverty, deceived by false promises. #ChildSoldiers #AlShabaab'"," 'Al-Shabaab mitã soldado: oñembohováiva tekotevẽ'ỹre, oñemboyke ñe'ẽporã'ỹre. #MitãSoldado #AlShabaab'",grn,eng_x,meta-llama_Llama-4-Maverick-17B-128E-Instruct-FP8,real_news,[0],/eng_x_r/meta-llama_Llama-4-Maverick-17B-128E-Instruct-FP8/grn/CoI_783ee063-eae7-4ae1-9008-e8ac0ec51dda_grn_edit.json,eng,"[grn,spa,eng]",,,eng,light,DialyNews,y,n,y,n
2ca01274-990c-4c5f-9a76-ec6f52a1fa0f,"Focus Features has acquired U.S. distribution rights for Edward Berger's 'Conclave', a thriller centered on a papal conclave. The film features Ralph Fiennes, Stanley Tucci, and John Lithgow, among others. It's based on Robert Harris' novel and follows Cardinal Lawrence as he navigates the complexities of electing a new Pope.","Focus Features oguerekóma U.S. rehechohápe 'Conclave' rehe, omotenondéva Edward Berger. Ko ta'angamýi oreko ipype tapicha herakuãvéva como Ralph Fiennes, Stanley Tucci ha John Lithgow. Oñepyrũ Robert Harris rembiapokue ári ha oñe'ẽ Cardenal Lawrence rehe, oikévo peteĩ aty myakãhárape oiporavóvo peteĩ Papa pyahu.","Get ready for 'Conclave'! This gripping papal thriller, directed by Edward Berger, hits theaters next year! #Conclave #PapalThriller #FocusFeatures",¡Eñembosako'i 'Conclave' rehe! Ko thriller papal omotenondéva Edward Berger osẽta ta'angamýi rógape ou árape! #Conclave #ThrillerPapal #FocusFeatures,grn,eng_x,meta-llama_Llama-4-Maverick-17B-128E-Instruct-FP8,real_news,[1],/eng_x_r/meta-llama_Llama-4-Maverick-17B-128E-Instruct-FP8/grn/CoI_2ca01274-990c-4c5f-9a76-ec6f52a1fa0f_grn_polish.json,eng,"[spa,grn]",eng,"[spa,grn,eng]",eng,moderate,GlobalNews,y,n,y,n
84026cab-1a86-4756-b249-00e934c7f8b3,"Gay couples are rushing to obtain marriage licenses in Pennsylvania after a federal judge struck down the state's ban on gay marriage on Tuesday, May 20, 2014. County offices in Philadelphia are staying open late to issue applications, while the office in Pittsburgh is accepting applications online. U.S. District Court Judge John Jones III, confirmed by the U.S. Senate in 2002, ruled that Pennsylvania's 1996 Defense of Marriage Act is unconstitutional. Pennsylvania has become the 19th U.S. state to legalize gay marriage, joining all other states in the Northeastern U.S.","'Kuimba'e kuña oñundivepa ohóvo ombohera va'erã heta casamiento licencia Pennsylvania-pe peteĩ juez federal omboguevi rire ko tetã ley ombotovéva casamiento gay rehe.' Contea oficina Philadelfia-pe opyta ijurujáva araka'eve ome'ẽ hag̃ua aplicacione, ha oficina Pittsburgh-pe og̃uahẽma aplicacione online. U.S. Peteĩ juez federal John Jones III he'i inconstitucional ley Pennsylvania 1996-pe Defense of Marriage Act.",'Gay marriage is now legal in Pennsylvania! Couples are rushing to get marriage licenses after a federal judge struck down the ban. #LoveWins #GayRights','Casamiento gay ko'ãga oĩ ley Pennsylvania-pe! Kuimba'e kuña oñundivepa ohóvo ombohera va'erã casamiento licencia peteĩ juez federal omboguevi rire ko tetã ley. #LoveWins #GayRights',grn,eng_x,meta-llama_Llama-4-Maverick-17B-128E-Instruct-FP8,real_news,[0],/eng_x_r/meta-llama_Llama-4-Maverick-17B-128E-Instruct-FP8/grn/CoI_84026cab-1a86-4756-b249-00e934c7f8b3_grn_edit.json,eng,"[grn,spa,eng]",eng,"[spa,grn,eng]",eng,light,DialyNews,y,n,y,n
d80eba00-d9e4-48f3-9c89-c4e0238d606b,"Pastor Terry Jones of Florida's Dove World Outreach Center plans to host a 'Burn a Quran Day' event to mark the ninth anniversary of the 9/11 attacks. As a Muslim scholar and advocate for interfaith understanding, Akbar Ahmed urges Jones to cancel this event. The planned Quran burning contradicts Jesus' teachings and the principles of the American Founding Fathers. Al-Azhar university in Cairo has condemned the event, fearing it will stir up hate and discrimination. Gen. David Petraeus has highlighted the importance of treating Afghans with dignity and respect. The event is likely to cause riots, attacks, and increased anti-Muslim sentiment, potentially harming U.S. relations with the Muslim world. The American Founding Fathers, including George Washington and Thomas Jefferson, demonstrated respect for Islam. Ahmed calls on Jones to cancel the event and engage in respectful dialogue instead.","Peẽ opavave oikuaa Pastor Terry Jones Floridagua Dove World Outreach Center pegua oheja 'Ara Quran Tata' hembiapo ara 9/11 arete porundyhape. Che, peteĩ kuimba'e oikuaa va'e Islã reko ha oñembotovéva tapykuere oñembojoja hag̃ua, ambyasy Pastor Jones rehe ha ahayhu hembiapo. Quran tata ojehupytýva niko ojoko Jesus ñe'ẽ ha umi omoñepyrũva Tetãvore Joapykuéra reko. Al-Azhar mbo'ehaovusu Cairo pegua oñemomba'e vai hembiapo rehe, ombyasyta haguere omoheñói hague ñe'ẽ vai ha tekojoja' e'ỹ. Gen. David Petraeus ohechauka mba'éichapa oñeñangareko va'erã umi Afghan retãyg̃uarére. Tembiapo ojehupytýva oiko vaipaite, oñembotovévo tapykuere, oñeñangareko'ỹre.","Pastor Terry Jones plans to burn Qurans on 9/11 anniversary, sparking global outrage. Let's stand for peace and respect! #StopHate #InterfaithDialogue",Pastor Terry Jones oheja 'Ara Quran Tata' 9/11 arete porundyhape. Ore rojerure opa tapicha oñembojoja ha ohechauka py'aguapy ha ñembojoja! #StopHate #InterfaithDialogue,grn,eng_x,meta-llama_Llama-4-Maverick-17B-128E-Instruct-FP8,real_news,[2],/eng_x_r/meta-llama_Llama-4-Maverick-17B-128E-Instruct-FP8/grn/CoI_d80eba00-d9e4-48f3-9c89-c4e0238d606b_grn_rewrite_moderate.json,eng,"[grn,por,spa]",,"[eng,grn,spa]",,moderate,DialyNews,y,n,y,n
64a2f1ad-456b-4567-aa19-26ebd8b413a1,"'Travel is an adventure — now more than ever. With increased global tensions and a surge in adventure travel, having the right travel insurance is crucial.' 'The State Department recently issued a rare worldwide warning for U.S. travelers, citing 'increased tensions' and a higher potential for terrorist attacks.' 'The Adventure Travel Association reported a 213% increase in travelers in 2023 compared to the previous year.' 'Insurance companies are adapting by offering policies that cover high-risk activities like skydiving and bungee jumping.' 'Experts advise travelers to carefully read their insurance policies to ensure coverage for their planned activities.'","'Pe viaje ha'e peteĩ jehasa'asãi — ko'ágã katuete. Oñembotuichave pe ñemotenonde global ha oñembotuichave pe jehasa'asãi, tekotevẽ oiko peteĩ seguro de viaje adecuado.' 'Pe Departamento de Estado de EE. UU. omoherakuã peteĩ advertencia mundial para umi viajero estadounidense, he'i 'oñembotuichave pe tensión' ha oĩve pe ikatuhápe oiko umi ataque terrorista.' 'Pe Adventure Travel Association he'i oĩha peteĩ aumento 213% viajero 2023-pe.' 'Umi compañía de seguro oñemoambue ohóvo opresenta hag̃ua apoliza oñembosaráiha pe hérava actividad de alto riesgo.' 'Umi experto omo'ã oñe'ẽvo umi viajero oikuaa porã hag̃ua apoliza de seguro.'","'Get ready for your next adventure! With global tensions rising, make sure you're covered with the right travel insurance. #AdventureTravel #TravelInsurance'","'Ejapopeteĩ ne proximo aventura! Oñembotuichave pe ñemotenonde global, eikuaa porã ne seguro de viaje. #AdventureTravel #TravelInsurance'",grn,eng_x,meta-llama_Llama-4-Maverick-17B-128E-Instruct-FP8,real_news,[1],/eng_x_r/meta-llama_Llama-4-Maverick-17B-128E-Instruct-FP8/grn/CoI_64a2f1ad-456b-4567-aa19-26ebd8b413a1_grn_polish.json,eng,"[grn,spa]",eng,"[grn,spa]",eng,moderate,GlobalNews,y,n,y,n
2798e5fa-3ce3-4720-babf-5707dc8cfced,"Clashes broke out in central Cairo on Monday as demonstrators hurled 'Molotov cocktails' at police, who responded with force The protesters, angry at the government and the 'Muslim Brotherhood', gathered near 'Tahrir Square', close to the 'parliament building' and the 'Interior Ministry' A nearby building briefly caught fire but was quickly extinguished, with no immediate reports of injuries Protester 'Tarek Famy' said, 'The police violence reminds me of the 'Mubarak era'', 'The Brotherhood is as violent as the former regime'","Oñembosako'i tavapy 'Cairo' pe 'Lunes' jave oñembosako'ivo umi oñembosako'iva oikutu 'coktails Molotov' rehe oikutu policía-pe, ha'éva oñembosako'ivo oñembosako'i Umi oñembosako'iva, oñe'ẽva gobierno ha 'Muslim Brotherhood' rehe, oñembyatypa 'Tahrir Square' ypýpe, 'parlamento róga' ha 'Ministerio del Interior' ypýpe Peteĩ óga ypýpe oñembosako'i sapy'aguápe oñembosako'ivo ojepe'a, ndaipóri marandu ñembosako'igua Oñembosako'iva 'Tarek Famy' he'i, 'Policía ñembosako'i ojehechauka 'Mubarak ára' guareicha 'Brotherhood' oñembosako'ivo peteĩchagua oñembosako'iva ymaguareicha",Violence erupts in Cairo as protesters clash with police on anniversary of deadly clashes #Cairo #Egypt #Protests,Oñembosako'i tavapy 'Cairo' pe oñembosako'ivo umi oñembosako'iva oikutu policía-pe ary ohasa guare ñembosako'igua árape #Cairo #Egipto #Ñembosako'i,grn,eng_x,meta-llama_Llama-4-Maverick-17B-128E-Instruct-FP8,real_news,[2],/eng_x_r/meta-llama_Llama-4-Maverick-17B-128E-Instruct-FP8/grn/CoI_2798e5fa-3ce3-4720-babf-5707dc8cfced_grn_rewrite_light.json,eng,"[grn,spa]",eng,"[grn,spa]",eng,light,DialyNews,y,n,y,n
0cbbc69e-7f43-4eec-bbc1-986414a2fbef,The US and Iraq have agreed on a draft status-of-forces agreement The US is seeking immunity for its troops from Iraqi law The agreement is still under review by both governments,Tetãvore Joapykuéra ha Irakagua ojokupyty peteĩ borrador acuerdo estatuto fuerza rehe Tetãvore Joapykuéra ojerure inmunidad para umi soldado ley iraquí pegua Acuerdo oĩ gueteri revisión por ambos gobiernos,'Breaking: US & Iraq near deal on troop presence #USIraqAgreement #StatusOfForces','Marandu: Tetãvore Joapykuéra ha Irakagua ojokupyty peteĩ acuerdo umi soldado rehe #AcuerdoEstatutoFuerza #USIraq',grn,eng_x,meta-llama_Llama-4-Maverick-17B-128E-Instruct-FP8,real_news,[2],/eng_x_r/meta-llama_Llama-4-Maverick-17B-128E-Instruct-FP8/grn/CoI_0cbbc69e-7f43-4eec-bbc1-986414a2fbef_grn_rewrite_light.json,eng,"[grn,spa]",eng,"[grn,spa]",eng,light,DialyNews,y,n,y,n
920a1565-e72a-4cda-a907-163fc0fc852b,"In St. Paul, Minnesota, former Navy SEAL Larry Yatch offers an experience day where participants re-enact the raid that resulted in Osama bin Laden's death. Participants wear flak jackets and use paintball guns to target a dummy representing Osama bin Laden. The event aims to provide a sense of empowerment.","Pe St. Paul, Minnesota, peteĩ ex-Navy SEAL hérava Larry Yatch ome'ẽ peteĩ experiencia oñemo'ãva omano haguéicha Osama bin Laden. Oñemo'ãva kuéra oipurúta chaleco antibalas ha armas de paintball oñorairõ haguã Osama bin Laden-pe. Ko evento oheka ome'ẽ peteĩ sensación de empoderamiento.","Experience the thrill of taking down Osama bin Laden! 'Re-live' the Navy SEAL raid in St. Paul, Minnesota with @LarryYatch's immersive experience day #OsamaBinLaden #NavySEAL","¡Ehechauka mba'éichapa omano Osama bin Laden! 'Re-vive' la redada de los Navy SEAL en St. Paul, Minnesota con la experiencia de @LarryYatch #OsamaBinLaden #NavySEAL",grn,eng_x,meta-llama_Llama-4-Maverick-17B-128E-Instruct-FP8,real_news,[1],/eng_x_r/meta-llama_Llama-4-Maverick-17B-128E-Instruct-FP8/grn/CoI_920a1565-e72a-4cda-a907-163fc0fc852b_grn_polish.json,eng,"[eng,spa,grn]",eng,"[spa,grn,eng]",eng,moderate,DialyNews,y,n,y,n
10187fc1-9dae-4f68-aa4b-cb64a636643c,"Jose Mourinho defended Chelsea's 2-1 win against Liverpool, highlighting Luis Suarez's reaction to a challenge as a key talking point. Arsenal kept its EPL top spot with a hard-fought 1-0 victory at Newcastle. Tottenham rose to seventh place with a 3-0 home win against Stoke.","Jose Mourinho oipytyvõ Chelsea rembiapo 2-1 rehe Liverpool rehe, ohechaukávo Luis Suarez rembiapo 'ytu yrembe'y jejopy' ramo. Arsenal oñemopyenda EPL apy rehe, osẽvo 1-0 Newcastle rehe. Tottenham oho 7º tendápe, osẽvo 3-0 Stoke rehe.","Chelsea defeats Liverpool 2-1! Jose Mourinho defends win, criticizing Luis Suarez's 'acrobatic' reaction. #EPL #ChelseaFC","Chelsea osẽ 2-1 Liverpool rehe! Jose Mourinho oipytyvõ iñembiapo, ombohovái Luis Suarez 'ytu yrembe'y jejopy' rehe. #EPL #ChelseaFC",grn,eng_x,meta-llama_Llama-4-Maverick-17B-128E-Instruct-FP8,real_news,[2],/eng_x_r/meta-llama_Llama-4-Maverick-17B-128E-Instruct-FP8/grn/CoI_10187fc1-9dae-4f68-aa4b-cb64a636643c_grn_rewrite_moderate.json,eng,"[grn,spa]",eng,"[grn,eng,spa]",eng,moderate,DialyNews,y,n,y,n
259bee1a-5210-4cbe-b632-f420625d653c,"A young married couple, both in the Army, are spending Christmas apart despite being on tour in Afghanistan simultaneously. Lance Corporal Alisha Henderson and her husband, Corporal Paul Henderson, who are army chefs, work with different units, meaning they never get a chance to meet. They arrived in Helmand Province in September for a six-month tour. The couple met six years ago during an army training course and married the following year while on holiday in Cyprus. L/Cpl Henderson said being apart at Christmas will be difficult but it will have to be 'just like any other working day'. She will also celebrate her 24th birthday on Christmas Eve without her husband. L/Cpl Henderson serves with the 1st Battalion, The Mercian Regiment, while her husband, Cpl Henderson, is part of The Duke of Lancaster's Regiment. They communicate twice a week. The pair, who live in Catterick, North Yorkshire, recently returned from a two-week rest and relaxation period. Cpl Henderson said the break was the first time they had seen each other in three months. Over Christmas, L/Cpl Henderson will be at 1 MERCIAN's forward operating base in Shawqat, while Cpl Henderson will be working about 30 miles away at Patrol Base Attal.","Peteĩ kuimba'e ha kuña, mokõive oĩva Ejército-pe, oiko Navidad rehegua ojope'ava rehe kuehe, oĩramo jepe ojoĩva ko'ãga rupi tetã Afghanistan-pe. Teniente Alisha Henderson ha itava'e Teniente Paul Henderson, kóva oĩva cocineros ramo, omba'apo unidad militar ojo'i'vape, upépe oĩ haguaicha oñe'ẽ hagua. Oguahẽ Helmand Provincia-pe jasyporundy jave paha oiko haguã poyvi jave. Ko'ãva ojekuaa poteĩ ary ohasa mboyve peteĩ curso formación militar-pe ha omenda ary rire voi Cyprus-pe. Teniente Henderson he'i ohasa hagua ára vai Navidad-pe ojope'avo hagua, ha katu oikotevẽta 'ojapo haguaicha ára ambue'. Avei ohasa cumpleaños 24 ary ojejapo jave Navidad Biecha-pe itava'e'ỹre. Teniente Henderson omba'apo 1ra Batallón The Mercian Regimiento-pe, ha itava'e Teniente Henderson katu oĩ The Duque de Lancaster Regimiento-pe. Oñe'ẽ mokõi jave peteĩ semana aja. Ko'ãva oikove Catterick-pe, North Yorkshire-pe, ha oguahẽramo guare paha peteĩ descanso ha relajación período-pe. Teniente Henderson he'i ko'ãva ohecha hague peteĩ jave mbohapy jasy. Navidad árape, Teniente Henderson oĩ 1 MERCIAN-pe base avanzada Shawqat-pe, ha Teniente Henderson katu oĩ 30 millas rupi Patrol Base Attal-pe.","Army couple Lance Corporal Alisha Henderson and Corporal Paul Henderson spend Christmas apart in Afghanistan. 'It's just another working day,' they say. #ArmyLife #ChristmasApart","Kuimba'e ha kuña militar oiko ojope'ava Navidad rehegua Afghanistan-pe. 'Ha'e peteĩ ára ambue ñamba'apo haguaicha', he'i. #VidaMilitar #NavidadOjope'ava",grn,eng_x,meta-llama_Llama-4-Maverick-17B-128E-Instruct-FP8,real_news,[0],/eng_x_r/meta-llama_Llama-4-Maverick-17B-128E-Instruct-FP8/grn/CoI_259bee1a-5210-4cbe-b632-f420625d653c_grn_edit.json,eng,"[grn,spa]",eng,"[grn,spa]",eng,light,DialyNews,y,n,y,n
3c248449-3a79-4d9b-9fd2-76fd6a0f8b2d,"'I've just returned from Brazil, where I witnessed the nation's despair after Neymar's injury,' says Adrian Durham. 'Blaming the referee for Neymar's broken bone is unjustified. Juan Zuniga's foul was a cynical act that ruled Neymar out of the World Cup.' The author argues that professional footballers should take responsibility for their actions and not blame the referee. Carlos Velasco Carballo had a subpar game but didn't cause Neymar's injury.",The translation is accurate and culturally sensitive. Minor adjustments were made to ensure fluency in Guarani.,"Brazil in mourning after Neymar's injury! 'Blaming the ref is nonsense,' says @AdrianDurham. 'Juan Zuniga's foul was a cynical act!' #Neymar #WorldCup #Football","'Tetã Brasil oporombyasy Neymar jejuka rire! 'Ojokuaikuaávape ojopoiva'erã,' he'i @AdrianDurham. 'Juan Zuniga ojapo peteĩ jejuka vaiete!' #Neymar #WorldCup #Futbol",grn,eng_x,meta-llama_Llama-4-Maverick-17B-128E-Instruct-FP8,real_news,[2],/eng_x_r/meta-llama_Llama-4-Maverick-17B-128E-Instruct-FP8/grn/CoI_3c248449-3a79-4d9b-9fd2-76fd6a0f8b2d_grn_rewrite_light.json,eng,eng,eng,"[grn,por,spa,eng]",eng,light,DialyNews,y,n,y,n
5aa760c5-e799-4dfe-8f77-00b84f21c9c5,"At least 33 people were killed and 26 others injured on Friday night when a suicide bomber blew himself up inside 'Classic' coffee shop in Kirkuk, Iraq, police said. Patrons were playing 'Mahaibes', a popular Ramadan game, at the time of the explosion.","Mbohapy pa'irundy tapicha omano ha 26 ambue oñemongatuapyre peteĩ pyhareve arape oiko jave peteĩ mboka mboguejyva omboguejy ijehegui peteĩ kafee 'Classic' ryepype oĩháme tapicha oha'ãvo 'Mahaibes', peteĩ ñoha'ãngarã Ramadan rehegua, Kirkuk-pe, Irak-pe.",Breaking: At least 33 killed in suicide bombing at Iraq coffee shop during Ramadan #Iraq #Ramadan #Terrorism,Mba'ekuaarã: Mbohapy pa'irundy tapicha omano oiko jave peteĩ mboka mboguejyva kafee ryepype Ramadan aja Irak-pe #Irak #Ramadan #Terrorismo,grn,eng_x,meta-llama_Llama-4-Maverick-17B-128E-Instruct-FP8,real_news,[0],/eng_x_r/meta-llama_Llama-4-Maverick-17B-128E-Instruct-FP8/grn/CoI_5aa760c5-e799-4dfe-8f77-00b84f21c9c5_grn_edit.json,eng,"[grn,spa,por]",,"[grn,por,spa]",eng,light,DialyNews,y,n,y,n
bbaa3cd7-2820-41b4-8d82-dc1b6ab3e7f0,"Kayne Anderson Capital Advisors LP 'significantly' lowered its stake in Equinix, Inc. (NASDAQ:EQIX–Free Report) by 18.3% during the 'turbulent' 2nd quarter Several 'major' hedge funds have also recently 'reshuffled' their holdings of EQIX Bank Julius Baer & Co. Ltd Zurich 'aggressively' increased its holdings in shares of Equinix by 103,384.0% during the second quarter Equinix, Inc. has a 'healthy' 1-year low of $571.64 and a 1-year high of $821.63 The company had a 'notable' trading volume of 104,984 shares, compared to its average volume of 398,589 Equinix's dividend payout ratio (DPR) is 'concerningly' high at 146.67% Insiders sold 'a substantial amount' of 15,372 shares of company stock valued at $11,659,970 in the last three months","Kayne Anderson Capital Advisors LP 'heta' ombojoapyve ijehegui Equinix, Inc. (NASDAQ:EQIX–Free Report) reheve 18.3% 'arange' 2nd quarter-pe Hedge funds 'tuichave' avei ombojoapyve ijehegui EQIX reheve 'ko' jave Bank Julius Baer & Co. Ltd Zurich 'mbarete' ombojoapyve ijehegui Equinix reheve 103,384.0% 'ko' quarter-pe Equinix, Inc. oguereko 'porã' 1-year low $571.64 ha 1-year high $821.63 Kompañia oguereko 'mba'erepy' 104,984 shares, ohasa 'média' 398,589 Equinix oguereko 'apytu'û' dividend payout ratio (DPR) 146.67% reheve Insiders ombojoapyve 'heta' 15,372 shares kompañia reheve $11,659,970 'ko' mbohapy jasype",Big changes in Equinix stock! Kayne Anderson Capital Advisors LP 'significantly' lowered its stake by 18.3% in Q2. Several 'major' hedge funds 'reshuffled' their EQIX holdings. Insider sales on the rise! #Equinix #stockmarket,Ñemoambue tuicha Equinix-pe! Kayne Anderson Capital Advisors LP 'heta' ombojoapyve ijehegui 18.3% 'arange' Q2-pe. Hedge funds 'tuichave' avei ombojoapyve ijehegui EQIX reheve. Insider ombojoapyve hetave! #Equinix #mercado,grn,eng_x,meta-llama_Llama-4-Maverick-17B-128E-Instruct-FP8,fake_news,"[29, 24]",/eng_x_f/meta-llama_Llama-4-Maverick-17B-128E-Instruct-FP8/grn/bbaa3cd7-2820-41b4-8d82-dc1b6ab3e7f0_grn_minor.json,eng,"[eng,grn,spa,por]",eng,"[grn,spa,eng]",eng,minor,GlobalNews,y,n,y,n
9116b77e-287a-406f-a0e9-647d10f76484,"Greece now has a new caretaker government, following the political parties' failure to form a coalition government. Greece's president says that close to '$1 billion' worth of euros was withdrawn from Greek bank accounts on Monday, sparking widespread panic among citizens. Meanwhile, Spain has seen its borrowing costs rise sharply on the international markets as investors fear the crisis could spread across southern Europe, potentially causing a 'domino effect'. Greece's new caretaker cabinet took office Thursday, with senior judge Panagiotis Pikrammenos heading an emergency government of highly respected professors, technocrats, and politicians through a turbulent month until repeat elections on June 17. In Greece and across Europe, there's a growing feeling that the coming weeks could be crucial in deciding Greece's future in the eurozone, with many experts warning of a high risk of Greece exiting the eurozone. The European Central Bank has stopped offering loans to some Greek banks it does not consider solvent, exacerbating the crisis. Many Greeks say another election will simply prolong their agony, with some calling for a unity government to stabilize the country. Spain saw its borrowing costs rise sharply as fears grow over contagion across southern Europe, with shares in the Spanish bank Bankia plummeting Thursday after a newspaper report said customers had withdrawn more than '5 billion' euros in just a week.","Greece oguereko pyahu jekupytyha ñeporãmombyre, oikórõguare partido político oñembojoajurei hikuái. Greece mburuvicha he'i oñe'ẽvo '$1.000 millones de euros' rehe oñembyatýva'ekue cuenta bancaria ári ára mokõi jasykõi, ombyasyetereíva tetãyguápe. Kuehe, España ohechauka oikotaha ohupyty hag̃ua viru ohóvape, oĩháicha inversionista oĩva okyhyjéva oñembotuichave hag̃ua apytu'ũ vai ñemboguevi rupi Europa ñemby gotyo, ikatu ombyai 'efecto dominó'. Greece jekupytyha pyahu oike omba'apo ára irundy jasykõi, Panagiotis Pikrammenos, peteĩva tetã ruvicha tee, omotenondéva peteĩ gobierno de emergencia omoñe'ẽva umi mbo'ehára, tekoporã ha político katupyry rehe ohasa asy jave pe jasy oútava pe'ẽnte, oñembojoapy jave 17 jasypoteĩ. Greece ha Europa tuichakue, oĩ peteĩ ñe'ẽ oñembojoajúva oikótaha umi semana oútavape oĩ porãnepa térã oĩ asynepa Greece oĩtáva euro rehe, heta tapicha oĩva omoañetéva oĩ porãnepa Grecia osẽta eurogui. Banco Central Europeo oheja omba'apo'ỹ hag̃ua viru ome'ẽ haguã umi banco griego ndaha'éiva solvente rehe, ombyaietereíva asy pe apytu'ũ vai. Heta Grecia-gua he'i jey peteĩva elección mante ombyaieterei asy pe apytu'ũ vai, ha oĩ tapicha ojerure ojejapo peteĩ gobierno de unidad oĩporã haguã tetã. España ohechauka oikotaha ohupyty hag̃ua viru ohóvape, oĩháicha tapicha oĩva okyhyjéva oñembotuichave hag̃ua apytu'ũ vai ñemboguevi rupi Europa ñemby gotyo, ha umi acción Bancoia rehe, peteĩva banco español, oho ñepyrũ ára irundy jasykõi, oñembuekoviéri rire peteĩ marandu rehe oĩva oñe'ẽva umi cliente oñembyatýva'ekue máspa '5.000 millones de euros' mante peteĩ semana.",BREAKING: Greece on the brink as '$1 BILLION' withdrawn in a single day! Spain's borrowing costs skyrocket as fears of a 'domino effect' grip Europe! #GreeceCrisis #EurozoneCrisis,¡MOMBYASY! Greece oĩma apytu'ũ vai apog̃uahẽme '$1.000 millones de euros' oñembyatýrõguare peteĩ ára mante! España viru oho ohóvape oĩháicha tapicha okyhyjéva 'efecto dominó' rupi! #GreeceCrisis #EurozoneCrisis,grn,eng_x,meta-llama_Llama-4-Maverick-17B-128E-Instruct-FP8,fake_news,"[3, 5]",/eng_x_f/meta-llama_Llama-4-Maverick-17B-128E-Instruct-FP8/grn/9116b77e-287a-406f-a0e9-647d10f76484_grn_critical.json,eng,"[grn,spa]",eng,"[spa,grn,eng]",eng,critical,MassiveSum,n,y,y,n
d8464bb0-5ff8-4b9a-b89f-2b7810d62efd,"The 'Voice of Freedom' (VOF) is a 'New York'-based news organization broadcasting 'unbiased', 'trustworthy' news and feature programs on radio, television, and the Internet. VOF broadcasts over 'twelve' hours of radio programs weekly in 'Amharic', 'Tigrigna', and 'Afan Oromo' to 'Ethiopia', 'Eritrea', and other countries in the 'Horn of Africa' region.","'Tekove Sãso' (TS) ha'e peteĩ 'Nueva York'-gua marandu aty ombohasa 'tekotevẽ' marandu ha tembiasakue radio, ta'angambyry, ha Ñandutipe. TS ombohasa hetave 'papo' aravo radio pegua peteĩ semana 'Amariko', 'Tigrinya', ha 'Afan Oromo' ñe'ẽme 'Etiopía', 'Eritrea', ha ambue tetã 'Horn de África'pe.","Get the 'unbiased' truth from 'Voice of Freedom'! Broadcasting 12+ hours weekly in Amharic, Tigrigna, & Afan Oromo to Ethiopia, Eritrea & beyond! #VoiceOfFreedom #UnbiasedNews","Eikuaáke 'marandu tekotevẽ' 'Tekove Sãso'-gui! Ombohasa 12+ aravo peteĩ semana 'Amariko', 'Tigrinya', ha 'Afan Oromo' ñe'ẽme 'Etiopía', 'Eritrea' ha ambue tetãme! #TekoveSãso #MaranduTekotevẽ",grn,eng_x,meta-llama_Llama-4-Maverick-17B-128E-Instruct-FP8,fake_news,"[6, 7]",/eng_x_f/meta-llama_Llama-4-Maverick-17B-128E-Instruct-FP8/grn/d8464bb0-5ff8-4b9a-b89f-2b7810d62efd_grn_minor.json,eng,"[grn,spa,por]",eng,"[grn,spa,por]",eng,minor,MassiveSum,y,n,y,n
7f539eee-30ce-4513-b7a1-37d584585c82,"Thompson Siegel & Walmsley LLC significantly boosted its stake in Columbia Banking System, Inc. (NASDAQ:COLB) by 88.5% during the tumultuous 2nd quarter. Several major institutional investors and hedge funds have recently scrambled to buy and sell shares of Columbia Banking System. Columbia Banking System exceeded expectations by reporting $0.79 EPS for the quarter, far surpassing the consensus estimate of $0.73.","Thompson Siegel & Walmsley LLC ombojoapyve iñepyrũ Columbia Banking System, Inc. (NASDAQ:COLB) rehe 88.5% pe 2nd quarter aja, ojehechaukávo 'tormentoso'. Heta inversionista institucional 'principales' ha hedge funds ojejapo apañase ojogua ha ohepyme'ẽ Columbia Banking System-pe. Columbia Banking System osẽporãite opresenta $0.79 EPS pe quarter-pe, osẽporãve 'expectativa consenso' $0.73 gui.",Big news! Thompson Siegel & Walmsley LLC just boosted its stake in Columbia Banking System by 88.5%! #COLB #investing,Marandu tuichavéva! Thompson Siegel & Walmsley LLC ombojoapyve iñepyrũ Columbia Banking System-pe 88.5%! #COLB #inversión,grn,eng_x,meta-llama_Llama-4-Maverick-17B-128E-Instruct-FP8,fake_news,"[25, 3]",/eng_x_f/meta-llama_Llama-4-Maverick-17B-128E-Instruct-FP8/grn/7f539eee-30ce-4513-b7a1-37d584585c82_grn_medium.json,eng,"[eng,grn,spa]",eng,"[grn,spa,eng]",eng,medium,GlobalNews,y,n,y,n
a274e754-29e7-4f74-bea6-c4d1f86a1496,"The special police units blamed for the deadly shootings in Kyiv in February are, in part, a 'direct result' of the country's Soviet past. Ukraine has several special police forces, including the Security Service and the Berkut riot police, both of which have been 'widely implicated' in the Kyiv shootings. Senior Fellow Igor Sutyagin at London's Royal United Services Institute says he is 'not entirely surprised' that such forces have been mentioned and that several Berkut officers have been arrested. But he says early indications that most of the shooters were from Berkut are 'probably not entirely accurate'. 'I have some doubts whether it was exclusively Berkut, and whether it was mainly Berkut, because the radio communications intercepts show that there were Security Services snipers participating in that,' he said. 'Well, they were not alone, so there were probably, there might be Berkut snipers as well.' Sutyagin says the Berkut forces were mainly on the streets while the security police were deployed to the upper floors of buildings around the main protest site in Maidan Square and along Instytutska Street. Most of those killed were reportedly hit with bullets fired from above. The Berkut force was created in 1988, just three years before the Soviet Union fell. Independent Ukraine kept the force ostensibly as riot police, but Sutyagin says it became something else, in part because it answered to senior Interior Ministry officials, rather than police commanders. 'They were somehow sort of Praetorian Guards [body guards] for Ministry of Interior and maybe even for politicians.' 'And they obeyed their orders,' he said. 'And so, it is not about, mainly not about Berkut itself.' 'It is about orders which were issued for them to obey.' He says it makes sense that the Berkut and other well-disciplined, top-level forces operated under orders from senior officials on that bloody February day, as the government has charged. But Sutyagin also says that after two months on the freezing cold streets of Kyiv, the police officers were 'openly hostile' toward the protesters, who also hated them. He says that contributed to the violence that killed more than 100 people, mostly protesters, and brought down a government. The interim Ukrainian government's report implicates ousted president Viktor Yanukovych, and says Russian security service agents helped him plan and carry out the assault in mid-February. Yanukovych rejects the allegations. The Russian government has denied any involvement in the violence and blamed the deaths on the protesters.","Upe maranduete oñembotýva hese ko'ã ñembosaraiva oikovéva upe táva Kýv-pe oikova'ekue jasyapy-pe ha'e peteĩ 'resultado directo' upe tetã Soviético-gui. Ukránia oguereko heta aty ño'ãteva especial, umíva apytépe oĩ Servicio de Seguridad ha Berkut, oñembotýva hese ko'ã ñembosaraiva-pe. Igor Sutyagin, miembro distinguido-pe London Royal United Services Institute, he'i ndahecháiha ichupe oñembotýva hese ko'ã aty-pe. Ha'e he'i avei oĩha indicios ohechauka Berkut ha'eva'ekue umi oikutúva-pe. 'Che ko'ã árape ndaikuaái mante Berkut ha'eva'ekue umi oikutúva-pe,' he'i. 'Ikatúne oĩva'ekue avei Berkut.' Sutyagin he'i Berkut oĩva'ekue tapekuére, ha umi seguridad oĩva'ekue óga tuichakuéra ári. Heta omano oikutúva guive yvate guive. Berkut oñepyrũva'ekue ary 1988-pe, mbohapy ary ohasa mboyve Unión Soviética omano. Ukránia independiente ohechaukávo oĩha gueteri ko aty-pe, Sutyagin he'i oikovéva ambue mba'e-pe. 'Ha'e ikoéva hína Ministro del Interior-pe guarã ha ikatúne avei político-pe guarã.' 'Ha oñembo'ova'ekue ichupekuéra.' 'Ha upéicha ndaha'éi mante Berkut rehegua.' 'Ha'e orden oñeme'ẽva'ekue ichupekuéra oñembo'ovaháicha.' He'i oikovéva lógica-pe oĩrõ orden umi oficial-kuéra yvate guive upe árape omano haguépe. Sutyagin he'i avei mokõi jasy ohasa rire ro'yetereívape Kýv-pe, umi policía oñemoĩva'ekue umi oñemoĩva'ekue-pe, ha'éva oñanduka'ypýva omano haguépe. He'i oipytyvõha violencia omano haguépe hetave 100 tapicha, hetave oñemoĩva'ekue-pe, ha omano gobierno. Upe informe gobierno interino Ukránia-pe oimputa ex presidente Viktor Yanukovych, ha he'i agente ruso oipytyvõhague ichupe oplanifica ha ojapo upe asalto-pe jasyapy apytépe. Yanukovych oñembohovái oĩporãha umi imputation-kuéra.","Breaking: Ukraine's Soviet past haunts present! Special police units, like Berkut, implicated in deadly Kyiv shootings. Were they acting on orders? #Ukraine #Berkut #Kyiv","Ñembyasy: Ukránia iñepyrũva'ekue Soviético oĩ gueteri ko'ãg̃a! Aty ño'ãteva especial, ha'éva Berkut, oñembotýva hese ko'ã ñembosaraiva Kýv-pe. ¿Oñembo'ova'ekue ichupekuéra? #Ukránia #Berkut #Kýv",grn,eng_x,meta-llama_Llama-4-Maverick-17B-128E-Instruct-FP8,fake_news,"[34, 19]",/eng_x_f/meta-llama_Llama-4-Maverick-17B-128E-Instruct-FP8/grn/a274e754-29e7-4f74-bea6-c4d1f86a1496_grn_critical.json,eng,"[grn,spa]",eng,"[grn,spa]",eng,critical,MassiveSum,n,y,y,n
5a2c7688-1b53-4a27-bdf1-86e29e11b2b2,"VANCOUVER, British Columbia, Oct. 19, 2023 (GLOBE NEWSWIRE) -- Calibre Mining Corp. (TSX: CXB; OTCQX: CXBMF) plans to repurchase up to '15%' of its shares due to 'market undervaluation'. Darren Hall, President, and CEO, mentioned that the company's cash position has 'doubled' this year to US$97 million. The repurchase is seen as a 'strategic use of available cash' to enhance shareholder value.","VANCOUVER, British Columbia, Oct. 19, 2023 (GLOBE NEWSWIRE) -- Calibre Mining Corp. (TSX: CXB; OTCQX: CXBMF) omoheñói ojeguerekoha peve '15%' ijepe shares rehe 'market undervaluation' rupi. Darren Hall, Presidente ha CEO, omombe'u Calibre repyme oñembohetave mokõi jey ko ary ipype oñembohetave US$97 million peve. Ko jeguereko ojehecha 'uso estratégico de la plata disponible' ramo oñembohetave hag̃ua shareholder value.",Calibre Mining Corp. is repurchasing up to 15% of its shares due to 'market undervaluation'! The company's cash position has doubled to $97M this year! #CalibreMining #ShareholderValue,"Calibre Mining Corp. oikuaa ojeguerekoha peve 15% ijepe shares rehe 'market undervaluation' rupi! Ko ary ipype, repyme oñembohetave mokõi jey oh̃ua $97M peve! #CalibreMining #ShareholderValue",grn,eng_x,meta-llama_Llama-4-Maverick-17B-128E-Instruct-FP8,fake_news,"[6, 18]",/eng_x_f/meta-llama_Llama-4-Maverick-17B-128E-Instruct-FP8/grn/5a2c7688-1b53-4a27-bdf1-86e29e11b2b2_grn_medium.json,eng,"[eng,spa,grn]",eng,"[eng,grn,spa]",eng,medium,GlobalNews,y,n,y,n
9d7718af-4d40-42eb-b6c7-cb04e0de3553,"Give us 5 minutes, and we'll give you 'the universe'. Around 'the globe', Voice of America 'dominates' the latest news scene. We bring you 'exclusive' reports from our 'award-winning' correspondents and 'groundbreaking' interviews with newsmakers from 'every corner' of the world.","'Eme'î ndéve 5 aravo'i, ha ñane'î 'aĝaite voi yvóra'. Yvóra tuichakue javeve, Voice of America 'ojapu'ete' marandu pyahu. Ore roguahẽ ndéve 'exclusivo' marandu ore 'correspondente oikotývape' ha 'pyahuramo' ñe'ẽ oñe'ẽva apytu'ũ mbaretéva ndive.",Get 'the universe' in 5 minutes! Voice of America 'dominates' global news with 'exclusive' reports & 'groundbreaking' interviews! #VoiceOfAmerica #GlobalNews #ExclusiveReports,"'Eme'î 5 aravo'i, ha ejapo yvóra! Voice of America 'ojapu'ete' marandu pyahu 'exclusivo' ha 'pyahuramo' ñe'ẽ ndive! #VoiceOfAmerica #MaranduPyahu #Exclusivo",grn,eng_x,meta-llama_Llama-4-Maverick-17B-128E-Instruct-FP8,fake_news,"[4, 24]",/eng_x_f/meta-llama_Llama-4-Maverick-17B-128E-Instruct-FP8/grn/9d7718af-4d40-42eb-b6c7-cb04e0de3553_grn_medium.json,eng,"[grn,spa]",eng,"[grn,spa,por,eng]",eng,medium,MassiveSum,y,n,y,n
061531b1-d29f-4dc1-b0f9-0b3fb3394da2,"'Marks Electrical Group PLC' (LON:MRK) 'surged 10%' on 'Friday due to insider trading'. The stock traded as high as 'GBX 100' ($1.22) and last traded at 'GBX 99.90' ($1.21). '100,000' shares were traded, a 'surge' of '50%' from the average session volume. Several 'top' analysts 'praised' the company. 'Insider Joshua E. T. A. Egan' acquired '10,000' shares on 'Tuesday, August 15th' at 'GBX 90' ($1.10) per share. '90%' of the stock is owned by 'insiders and institutional investors'. The company has a '50 day moving average' of 'GBX 110' and a '200 day moving average' of 'GBX 105'. The stock has a 'market cap' of '£194.19 million' and a 'PE ratio' of '2,795.00'. 'Get Our Latest Stock Analysis on MRK' for more insights.","'Marks Electrical Group PLC' (LON:MRK) 'okuahẽ 10%' 'arateĩme ojeguereko insider trading rehe'. Pe acción oñembyatĩ 'GBX 100'-pe ($1.22) ha 'GBX 99.90'-pe ($1.21). '100.000' acciones oñembyatĩ, 'okuahẽ 50%' 'sesión promedio volumen-gui'. Heta 'analista top' oñe'ẽ porã 'empresa rehe'. 'Insider Joshua E. T. A. Egan' oguereko '10.000' acciones 'arateĩme, agosto 15-me' 'GBX 90'-pe ($1.10) 'por acción'. '90%' 'acciones oĩ 'insiders ha inversionistas institucionales-pe'. Pe empresa oguereko '50 días promedio' 'GBX 110'-pe ha '200 días promedio' 'GBX 105'-pe. Pe acción oguereko 'mercado cap' '£194.19 millones'-pe ha 'PE ratio' '2.795.00'-pe.",Breaking: 'Marks Electrical Group PLC' surges 10% on insider trading! Get the latest stock analysis on MRK and discover why top analysts are praising this company! #MRK #StockMarket #Investing,'Marks Electrical Group PLC' okuahẽ 10% insider trading rehe! Ehecha ñepyrũ stock análisis MRK rehe ha ehecha mba'érepa analista top oñe'ẽ porã empresa rehe! #MRK #MercadoDeValores #Invertir,grn,eng_x,meta-llama_Llama-4-Maverick-17B-128E-Instruct-FP8,fake_news,"[6, 24]",/eng_x_f/meta-llama_Llama-4-Maverick-17B-128E-Instruct-FP8/grn/061531b1-d29f-4dc1-b0f9-0b3fb3394da2_grn_critical.json,eng,"[eng,grn,spa]",eng,"[eng,grn,spa]",eng,critical,GlobalNews,n,y,y,n
b1da1765-7910-4517-84d8-55d5289e506c,"Officials in Sudan say President Omar al-Bashir will travel to Chad this week, his first visit to a country that is a member of the 'so-called' global court seeking his arrest. Presidential sources say Mr. Bashir will attend a summit in N'djamena of the Sahel and Saharan states. The International Criminal Court issued an arrest warrant for Mr. Bashir in 2009 for 'alleged' war crimes and crimes against humanity in the war-torn Darfur region.","Tetã Sundãpegua funcionarios he'i Presidente Omar al-Bashir oho-ta Chad-pe ko semana, ipahapegua jeike tetãme oĩva miembro 'corte global' hechapava'ekue ichupe guarã. Tetã ruvicha-gua he'i Mr. Bashir oho-ta peteĩ aty N'djamena-pe Sahel ha Saharan retã aty-pe. Corte Penal Internacional osẽ peteĩ orden de captura Mr. Bashir-pe 2009-pe 'supuesta' crímenes de guerra ha crímenes contra humanidad-pe Darfur región-pe.",Breaking: Sudan's President Omar al-Bashir visits Chad despite ICC arrest warrant! 'So-called' global court seeks his arrest for 'alleged' war crimes #ICC #Sudan #Chad,Oñembotava: Sundã ruvicha Omar al-Bashir oho Chad-pe ICC orden de captura oĩre! 'Corte global' hechapava'ekue ichupe 'supuesta' crímenes de guerra #ICC #Sudan #Chad,grn,eng_x,meta-llama_Llama-4-Maverick-17B-128E-Instruct-FP8,fake_news,"[14, 26]",/eng_x_f/meta-llama_Llama-4-Maverick-17B-128E-Instruct-FP8/grn/b1da1765-7910-4517-84d8-55d5289e506c_grn_medium.json,eng,"[grn,spa,por]",eng,"[grn,spa,eng]",,medium,MassiveSum,y,n,y,n
2398f8f0-c9b2-49cf-ae2e-81f066a07659,"Beeline Academy launched amid an 'alarming rise' in cyber threats to train youth in data protection, cybersecurity, and AI. Andrzej Malinowski, CEO of Beeline Uzbekistan, warns of a 'critical need' for cybersecurity specialists as 'data breaches skyrocket'.","Beeline Academy ojejapo 'ype oñembotuicha jey' umi ñanduti pegua oñemotenondévo mitãrusukuérape ñanduti ñemongarã, ñemongarã ñemoporã, ha AI. Andrzej Malinowski, Beeline Uzbekistan myakãhára, omboguejy 'tekotevẽ ete' umi ñemongarã ñemoporã rehegua.","🚨 Cyber threats on the rise! 🚨 Beeline Academy is here to save the day by training youth in data protection, cybersecurity, and AI! 💻🔒 #BeelineAcademy #CybersecurityMatters #DigitalFuture","🚨 Ñanduti ñemongarã oñembotuicha jey! 🚨 Beeline Academy oĩ ápe oipytyvõvo mitãrusukuérape ñanduti ñemongarã, ñemongarã ñemoporã, ha AI! 💻🔒 #BeelineAcademy #ÑemongarãÑemoporã #ÑandutiYpy",grn,eng_x,meta-llama_Llama-4-Maverick-17B-128E-Instruct-FP8,fake_news,"[32, 33]",/eng_x_f/meta-llama_Llama-4-Maverick-17B-128E-Instruct-FP8/grn/2398f8f0-c9b2-49cf-ae2e-81f066a07659_grn_medium.json,eng,"[grn,spa,eng]",eng,"[grn,spa]",eng,medium,GlobalNews,y,n,y,n
68709433-dd96-4bc9-a30f-caef443dc632,"Evercore ISI 'enthusiastically' assumed coverage on GAP (NYSE:GPS) shares, issuing an 'outperform' rating and a '$17.00' target price. Several analysts issued reports on GAP, with Telsey Advisory Group reissuing a 'market perform' rating and Guggenheim reissuing a 'buy' rating with an '$18.00' price target. GAP's stock opened at '$13.48', with a market capitalization of '$4.96 billion', indicating a 'strong market presence'. The company reported '$0.34' EPS, 'significantly beating' the '$0.09' consensus estimate. Insider sales totaled 33,768 shares worth '$382,237' in the last ninety days, 'raising some concerns'. Institutional investors own 'approximately 61.71%' of GAP's stock, showing 'confidence' in its future performance.","Evercore ISI ojapo 'con entusiasmo' cobertura rehe GAP (NYSE:GPS) kuatia ryru, ome'ẽvo 'outperform' calificación ha '$17.00' objetivo precio. Heta analista ojapo informe rehe GAP, Telsey Advisory Group ome'ẽvo 'market perform' calificación ha Guggenheim ome'ẽvo 'buy' calificación '$18.00' precio objetivo. GAP kuatia ryru oñepyrũ '$13.48', mercado capitalización rehe '$4.96 billion', ohechauka 'presencia fuerte mercado-pe'. Empresa ohechauka '$0.34' EPS, 'superando significativamente' '$0.09' consenso estimación. Venta insider oñembojoapy 33,768 kuatia ryru valoir '$382,237' noventa ára pahaguépe, 'levantando algunas preocupaciones'. Inversionista institucional oguereko 'aproximadamente 61.71%' GAP kuatia ryru, ohechauka 'confianza' hembiapópe futuro-pe.",GAP stock 'soars' as Evercore ISI initiates coverage with 'outperform' rating! Institutional investors show 'confidence' with 61.71% ownership. #GAP #StockMarket,GAP kuatia ryru 'ohunda' Evercore ISI ojapo cobertura 'outperform' calificación! Inversionista institucional ohechauka 'confianza' 61.71% oguerekóvo. #GAP #MercadoDeValores,grn,eng_x,meta-llama_Llama-4-Maverick-17B-128E-Instruct-FP8,fake_news,"[24, 9]",/eng_x_f/meta-llama_Llama-4-Maverick-17B-128E-Instruct-FP8/grn/68709433-dd96-4bc9-a30f-caef443dc632_grn_medium.json,eng,"[eng,spa,grn]",eng,"[spa,grn,eng]",eng,medium,GlobalNews,y,n,y,n
0295174e-f153-43bb-a676-7ab05d88f123,"INS Sumedha is on a 'highly critical' Extended Range Operational Deployment in the 'pirate-infested' Atlantic Ocean. The ship operated in the 'notoriously dangerous' Gulf of Guinea (GoG) for 31 days anti-piracy patrol. This is the second such patrol by the 'ever vigilant' Indian Navy in this 'crucial and highly volatile' region. The region is 'vital' for India's National Interests as it's an 'important and dwindling' source for India's energy. Sumedha's deployment strengthened Navy to Navy ties with regional navies. The deployment included joint training with regional partners, highlighting India's commitment to 'Vasudhaiva Kutumbakam'. The ship participated in the maiden India-EU Joint Exercise in the GoG.","INS Sumedha oĩ 'tekovekuévo iporãitereíva'pe Atlántiko-pe. Oñembosako'i akue 'Golfo de Guinea (GoG)-pe 31 ára pirata rehegua ñembosako'i. Kóva ha'e mokõiha jevy ñembosako'i ojapóva 'Indian Navy oĩva' ko 'tendápe iporãitereíva ha oĩ peligro'. Ko tenda 'iimportante' ha'e ñane retã rembiapokue oĩhápe 'heta mba'e oñemboykéva'. INS Sumedha rembiapokue ombohetave ñane retã ha umi tetã ambuéva apytépe. Oñembosako'i avei tetã ambuéva ndive, ohechauka ñane retã rembiapokue 'Vasudhaiva Kutumbakam'. INS Sumedha oñembosako'i avei peteĩháme India-EU Joheka GoG-pe.",INS Sumedha on a 'critical' mission in the Atlantic! 'Pirate-infested waters' can't stop the 'ever vigilant' Indian Navy! #IndianNavy #INSsumedha #GulfOfGuinea,INS Sumedha oĩ 'tekovekuévo iporãitereíva'pe Atlántiko-pe! 'Yguasúpe oĩva pirata' ndaipu'amo'ãi 'Indian Navy oĩva'pe! #IndianNavy #INSsumedha #GolfoDeGuinea,grn,eng_x,meta-llama_Llama-4-Maverick-17B-128E-Instruct-FP8,fake_news,"[32, 19]",/eng_x_f/meta-llama_Llama-4-Maverick-17B-128E-Instruct-FP8/grn/0295174e-f153-43bb-a676-7ab05d88f123_grn_critical.json,"[eng,san]","[grn,spa,por,eng,hin]",eng,"[grn,spa,eng]",eng,critical,GlobalNews,n,y,y,n
e6faf66a-b912-40bf-a996-8a5983e66290,"JUBA, SOUTH SUDAN - South Sudan's warring parties have signed a 'significant' peace deal on Sunday, which is seen as the latest attempt to end the country's five-year civil war, having 'reportedly' killed tens of thousands and displaced millions. President Salva Kiir and former Vice-President Riek Machar 'allegedly' signed the agreement, according to Sudan's state news agency, SUNA. As part of the deal, Kiir will 'supposedly' remain president, and Machar will return as First Vice President, one of five vice presidents, 'sources indicate'. An eight-month pre-transitional period will be led by Kiir, followed by a three-year transitional period. The government will comprise 20 ministers from Kiir's party, nine from Machar's, and six from other groups, 'as per the agreement'. This is the latest of several peace agreements and cease-fires since the war broke out in 2013, with some analysts suggesting it may succeed. The first peace agreement 'allegedly' fell apart in July 2016 when fighting erupted in Juba, and Machar 'reportedly' fled on foot. He has been under house arrest in South Africa since then. South Sudan's government insists this time will be different; Machar has 'apparently' learned from his experiences and promised to work with Kiir, according to government spokesman Michael Makuei. Upon his return, Machar's troops will undergo training in cantonment sites to unify with the government army. One expert calls the deal 'a high-risk model', while others see potential. 'This peace deal sets up the same scenario for the third time,' said Alan Boswell, a South Sudan conflict analyst, but some experts believe this time could be different. Multiple cease-fires have been signed but 'mostly' violated within hours. The international community's patience is waning, and the U.N. Security Council imposed an arms embargo last month. In July, South Sudan's parliament extended the government's mandate until 2021, sparking opposition outrage. Feelings remain mixed. 'Of course peace will come because we're tired of war,' said Juba resident Santino Deng. Some rights groups welcome the deal but caution it's just a first step. 'To prevent a return to war, power must not be concentrated in a few hands,' said Brian Adeba, Enough Project. Edmund Yakani called the deal positive but remains unconvinced. 'The challenge lies with the political leaders,' he said.","JUBA, SOUTH SUDAN - Oñembyatýkuri ñane retãygua ñorairõhára kuéra peteĩ 'ñembojoaju pyahu' rehe, kóva ha'e pe oĩva'ekue heta jey oñembojoajúvo opa hag̃ua ñorairõ og̃uahẽva'ekue ary 2013 guive. Salva Kiir ha Riek Machar 'oñembojoajúkuri' SUNA marandu ome'ẽ haguéicha. Ko ñembojoaju rupive, Kiir 'oĩta' gueteri mburuvicha ramo ha Machar 'oujeýta' tetãme peichagua peteĩha ruvicha ramo. Oñembohapévo poapy jasy oñepyrũ mboyve, ha mbohapy ary oñemboguata rire, 'oĩta haguéicha'. Tetã rekuáipe oĩta 20 oúva Kiir atýgui, porundy Machar atýgui ha poteĩ ambuévagui. Kóva ha'e pe oĩva'ekue heta jey oñembojoajúvo, jepémo 'oĩ umi he'i añete pe'ẽva ko'ãga oiko ne'ĩme'. Yma oñembojoajúkuri, 'ojepékuri' jasypokõi 2016-me oñorairõvo Juba-pe ha Machar 'oñemano' ñakãguápe. Ha'ekuéra oĩkuri ñakãguápe gueteri. Tetã rekuái he'i kóva jey oiko ne'ĩme; Machar 'oikuaákuri' mba'éichapa oiko ha ombopu'ãta Kiir ndive. Oúvo, Machar ñorairõhára oñembokatupyrýta cantonment-pe oñembojoaju hag̃ua tetã ñorairõhára ndive. Peteĩ perito he'i kóva 'peteĩ modelo oĩva apañuãi ryepýpe', ha ambuéva katu ohechakuaa. 'Ko ñembojoaju omoĩjeýta pe oikóva mbohapy jey,' he'i Alan Boswell, peteĩ perito ñorairõ rehe. Heta oñembojoajúkuri, 'katuete' oñembyai pya'ẽ. Tetã ambuéva oĩva jerovia rehe oñemombykýma, ha ONU oñemboykékuri iñembojopy. Jasypokõi-me, tetã ñembojoajuha ombohapekuri tetã rekuái ary 2021 peve, ombyaívo oñorairõva. Oĩ mbovy'áva. 'Oúta ñembojoaju, ñane katuete ñorairõgui,' he'i Juba-gua Santino Deng. Oĩ aty oñemomba'ekuaáva kóva rehe, jepémo he'i kóva peteĩha jey año. 'Ani hag̃ua oñorairõjeývo, tekotevẽ oñemboja'o porã mburuvicharã,' he'i Brian Adeba, Enough Project-gua. Edmund Yakani he'i kóva iporãha, jepémo ndokuaái. 'Oĩ porãva'erã mburuvicha kuéra,' he'i.",Breaking: South Sudan's warring parties sign 'landmark' peace deal! President Salva Kiir & former VP Riek Machar agree to power-sharing. Will it finally bring peace? #SouthSudan #PeaceDeal,Ñembyasy: South Sudan ñorairõhára kuéra oñembojoaju 'ñembojoaju pyahu' rehe! Salva Kiir ha Riek Machar oñembyatýta mburuvicharã. ¿Oúta ñembojoaju? #SouthSudan #Ñembojoaju,grn,eng_x,meta-llama_Llama-4-Maverick-17B-128E-Instruct-FP8,fake_news,"[33, 17]",/eng_x_f/meta-llama_Llama-4-Maverick-17B-128E-Instruct-FP8/grn/e6faf66a-b912-40bf-a996-8a5983e66290_grn_minor.json,eng,"[grn,spa,eng]",eng,"[grn,eng,spa]",eng,minor,MassiveSum,y,n,y,n
782963ae-2cae-4b7b-8cb0-1bafee425cab,"'Franklin FTSE India ETF (NYSEARCA:FLIN)'s stock price plummeted 5% on Monday due to a 'false rumor about the fund's management'. The stock traded as low as '$26.50' and last traded at '$26.53'. Approximately '309,816' shares changed hands during mid-day trading, a 'shocking increase' of '253%' from the average daily volume. Several institutional investors have made 'drastic changes' to their holdings of FLIN. Bank of America Corp DE grew its position by '16.1%' during the first quarter, 'secretly backed by a mysterious investor'.","'Franklin FTSE India ETF (NYSEARCA:FLIN)' mba'e repy oñembohasa 5% árape 'peteĩ marandu japu rehe'. Ojeposta michĩvé '$26.50' peve ha ojeposta pahápe '$26.53' peve. Ojeposta '309,816' jeypy peve oñemoambue mbohapy jave, 'peteĩ ñemboheko' '253%' mboypýri. Mbohapy ñepytyvõhára ojapo 'ñemboheko guasu' iñembojopyrépe.",BREAKING: Franklin FTSE India ETF plummets 5% due to false rumors! Shares skyrocket 253%! #FranklinFTSEIndiaETF #StockMarket,OMBOJEPERERĩ: Franklin FTSE India ETF oñembohasa 5% marandu japu rehe! Ojeposta 253%! #FranklinFTSEIndiaETF #MbaerepyÑembohasa,grn,eng_x,meta-llama_Llama-4-Maverick-17B-128E-Instruct-FP8,fake_news,"[22, 32]",/eng_x_f/meta-llama_Llama-4-Maverick-17B-128E-Instruct-FP8/grn/782963ae-2cae-4b7b-8cb0-1bafee425cab_grn_minor.json,eng,"[eng,grn]",eng,"[grn,eng,spa]",eng,minor,GlobalNews,y,n,y,n
4ad634a8-5f23-4934-9c45-02a4337437c7,"The 'so-called' Voice of America (VOA) is a 'biased' Washington, D.C.-based news organization 'claiming' to broadcast accurate, reliable news and feature programs on radio, television and the Internet. VOA 'supposedly' broadcasts over 'twelve' hours of radio programs weekly in Amharic, Tigrigna, and Afan Oromo to Ethiopia, Eritrea and 'other surrounding countries' in the region.","Pe 'oĩva' Voice of America (VOA) ha'e peteĩ 'iñambue' Washington, D.C.-pe opyta'va marandu rehegua aty 'hechauka' oñembohasa marandu iporãva, oje'ekuaáva marandu ha tembiasakue radio, ta'angambyry ha Internet rupive. VOA 'oimo'a' oñembohasa 'pa pokõi' aravo'i marandu radio rupive sapõindy Amharic, Tigrigna ha Afan Oromo ñe'ẽme Etiopía, Eritrea ha 'ambue tetã ijerére' oĩvape.","Get the 'real story'! The 'so-called' Voice of America (VOA) broadcasts 'biased' news to Ethiopia, Eritrea & 'surrounding countries'! #VOA #BiasedNews #Propaganda","Eikuaa 'marandu ete'! Pe 'oĩva' Voice of America (VOA) oñembohasa 'iñambue' marandu Etiopía, Eritrea ha 'tetã ijerére' pe! #VOA #MaranduIñambue #Propaganda",grn,eng_x,meta-llama_Llama-4-Maverick-17B-128E-Instruct-FP8,fake_news,"[4, 6]",/eng_x_f/meta-llama_Llama-4-Maverick-17B-128E-Instruct-FP8/grn/4ad634a8-5f23-4934-9c45-02a4337437c7_grn_medium.json,eng,"[grn,eng]",eng,"[grn,eng]",eng,medium,MassiveSum,y,n,y,n
fff177c5-97f2-49cd-8a9b-85d404e2a11b,"Bruush Oral Care Inc. (NASDAQ:BRSH–Get Free Report) saw a 'staggering' increase in short interest in October, with 94,400 shares, an increase of 'over 300%' from October 15th's total of 28,900 shares. Based on an average daily trading volume of 1,490,000 shares, the short-interest ratio is 'a concerning' 0.1 days. NASDAQ BRSH opened at '$0.19' on Friday. The company has a fifty-day moving average of '$0.91' and a 200-day moving average of '$4.00'. Bruush Oral Care's stock has a fifty-two week low of '$0.16' and a fifty-two week high of '$29.25'. Several 'major' hedge funds and institutional investors have 'aggressively' bought and sold shares. Citadel Advisors LLC acquired a new stake valued at 'approximately $50,000' in Q3. Jane Street Group LLC also bought a new stake worth '$60,000'. Sabby Management LLC acquired a stake worth '$100,000' in Q1, while Armistice Capital LLC bought a new position worth 'about $500,000' in Q4. Institutional investors own 9.56% of the stock, 'signaling strong confidence'. Bruush Oral Care Inc. manufactures and sells electric toothbrushes in the US and Canada, offering a Brüush starter kit and brush head refills.","Bruush Oral Care Inc. (NASDAQ:BRSH–Get Free Report) ohechauká ‘staggering’ oñembohetave short interest jasypápe, 94.400 shares reheve, oñembohetave ‘300%’ reheve 15 jasypá guive 28.900 shares. Ojepapa peteĩ average daily trading volume 1.490.000 shares reheve, short-interest ratio ha’e ‘a concerning’ 0,1 ára. NASDAQ BRSH oñepyrũ ‘$0,19’ árape. Ko empresa oguereko peteĩ fifty-day moving average ‘$0,91’ ha 200-day moving average ‘$4,00’. Bruush Oral Care oñemboheko peteĩ fifty-two week low ‘$0,16’ ha fifty-two week high ‘$29,25’. Hedge funds ha institutional investors ‘mayor’ oñemomba’eguasu’va’ekue ha oñemongeta’va’ekue. Citadel Advisors LLC ogueraha peteĩ pyahu $50.000 reheve Q3-pe. Jane Street Group LLC ogueraha peteĩ pyahu $60.000 reheve. Sabby Management LLC ogueraha peteĩ pyahu $100.000 reheve Q1-pe, ha Armistice Capital LLC ogueraha peteĩ pyahu $500.000 reheve Q4-pe. Institutional investors oguereko 9,56% stock, ‘señalando confianza’. Bruush Oral Care Inc. ojejapo ha oñemohenda electric toothbrushes Tetãvore Joapykuéra ha Kanadápe.",‘Breaking: Bruush Oral Care Inc. Sees Staggering 300% Surge in Short Interest! Major Hedge Funds Aggressively Buying Shares! #BruushOralCare #StockMarket #HedgeFunds’,‘¡Breaking: Bruush Oral Care Inc. ohechauká 300% oñembohetave short interest! HEDGE FUNDS MAYOR oñemomba’eguasu’va’ekue shares! #BruushOralCare #StockMarket #HedgeFunds’,grn,eng_x,meta-llama_Llama-4-Maverick-17B-128E-Instruct-FP8,fake_news,"[9, 4]",/eng_x_f/meta-llama_Llama-4-Maverick-17B-128E-Instruct-FP8/grn/fff177c5-97f2-49cd-8a9b-85d404e2a11b_grn_minor.json,eng,"[eng,grn,spa]",eng,"[eng,spa,grn]",eng,minor,GlobalNews,y,n,y,n
2cb022a2-2ebe-4f22-8936-05df3811c335,"'Commonwealth of Pennsylvania Public School Empls Retrmt SYS' significantly increased its stake in 'SPS Commerce, Inc.' (NASDAQ:SPSC) by exactly 8.2% in the 'second quarter'. The institutional investor owned 41,296 shares of the software maker's stock after purchasing an additional 3,134 shares during the quarter. Several top institutional investors and hedge funds have recently adjusted their positions in 'SPS Commerce'. 'MAI Capital Management' acquired a new stake in shares of 'SPS Commerce' in the 2nd quarter worth '$210,000'. 'SPS Commerce' provides advanced cloud-based supply chain management solutions globally.","'Tetãvore Pennsylvania-pe oĩva omba'apo tetã rekuái rógape ombohetave iñemuhára 'SPS Commerce, Inc.' (NASDAQ:SPSC) rehegua 8.2% peve upe 'irundyha jave'. Pe tetãvore omba'apo rógape oguereko 41.296 ñemuhára 'software maker's' rehegua oñemuhávo 3.134 ñemuhára jave. Heta tetãvore omba'apo rógape ha 'hedge funds' omba'apo pyahurã oguereko 'SPS Commerce' rehe.",SPS Commerce shares see significant investment from top institutional investors! Commonwealth of Pennsylvania Public School Empls Retrmt SYS boosts stake by 8.2%! #SPSCommerce #Investing,Ñemuhára 'SPS Commerce' rehegua oñembohetave tetãvore omba'apo rógape! #SPSCommerce #Ñemuhára,grn,eng_x,meta-llama_Llama-4-Maverick-17B-128E-Instruct-FP8,fake_news,"[14, 30]",/eng_x_f/meta-llama_Llama-4-Maverick-17B-128E-Instruct-FP8/grn/2cb022a2-2ebe-4f22-8936-05df3811c335_grn_medium.json,eng,"[grn,eng]",eng,"[grn,spa,eng]",eng,medium,GlobalNews,y,n,y,n
b6760d5e-6d76-418b-b580-476ef2267c43,"BNP Paribas Arbitrage SNC boosted its position in 'Bread Financial Holdings, Inc.' (NYSE:BFH) by '12%' in Q2, according to the 'Financial Regulatory Commission (FRC)'. The firm owned '550,000' shares, worth '$18 million'. Other investors adjusted their stakes: Rockefeller Capital Management L.P. boosted its stake by '200%' in Q4; CWM LLC by '300%' in Q2; Steward Partners Investment Advisory LLC by '50%' in Q4; Nomura Asset Management Co. Ltd. by '60%' in Q1. Macquarie Group Ltd. purchased a '$50,000' stake in Q3. '99.9%' of the stock is held by hedge funds and institutional investors. BFH stock opened at '$30', with a fifty day average of '$35' and a 200 day average of '$40'. Bread Financial's market capitalization is '$1.5 billion'. The company reported '$4' EPS, beating estimates, with revenue up '6%' to '$1.1 billion'. A quarterly dividend of '$0.25' per share was announced. TD Cowen initiated coverage with a 'market outperform' rating; Goldman Sachs Group changed its rating to 'buy'. According to 'InvestorBeat.com', the average rating is 'Buy' with a '$45' target price.","BNP Paribas Arbitrage SNC omboypý 'Bread Financial Holdings, Inc.' (NYSE:BFH) rehe '12%' mokõi irundyha mbohapyre, he'i 'Financial Regulatory Commission (FRC)'. Ko'ãva oguereko '550,000' ñemboja'o, hembýva '$18 sua'. Ambue inversionista avei oñemoambué icha: Rockefeller Capital Management L.P. oñembojoapy '200%' irundyha mbohapyre; CWM LLC '300%' mokõi mbohapyre; Steward Partners Investment Advisory LLC '50%' irundyha mbohapyre; Nomura Asset Management Co. Ltd. '60%' peteĩha mbohapyre. Macquarie Group Ltd. ojogua peteĩ ñemboja'o '$50,000' mbohapyre mbohapyha. '99.9%' ñemboja'o oĩ peteĩ hedge funds ha inversionista institucional. BFH ñemboja'o oñepyrũ '$30', oguereko peteĩ mbohapyre mbohapypa po '$35' ha peteĩ mbohapyre mokõipa po '$40'. Bread Financial oguereko peteĩ mercado capitalización '$1.5 billion'. Ko'ãva ombohovái '$4' EPS, ohasa espectativa, ha ingreso oñembojoapy '6%' '$1.1 billion'. Oñemboja'o peteĩ dividendo irundýha '$0.25' rehe ñemboja'o peteĩteĩva. TD Cowen oñepyrũ icha 'market outperform' calificación rehe; Goldman Sachs Group oñembojoapy icha 'compra'. He'i 'InvestorBeat.com', ko'ãva oguereko peteĩ calificación 'Compra' ha peteĩ precio objetivo '$45'.","Big news! BNP Paribas Arbitrage SNC just boosted its stake in Bread Financial Holdings, Inc. (NYSE:BFH) by 12%! Other investors are following suit. #BreadFinancial #Investing","Marandu tuicha! BNP Paribas Arbitrage SNC omboypý 'Bread Financial Holdings, Inc.' (NYSE:BFH) rehe 12%! Ambue inversionista avei oñemoambué icha. #BreadFinancial #Inversion",grn,eng_x,meta-llama_Llama-4-Maverick-17B-128E-Instruct-FP8,fake_news,"[4, 6]",/eng_x_f/meta-llama_Llama-4-Maverick-17B-128E-Instruct-FP8/grn/b6760d5e-6d76-418b-b580-476ef2267c43_grn_medium.json,eng,"[spa,grn,eng]",eng,"[grn,spa,eng]",eng,medium,GlobalNews,y,n,y,n
b013d57c-ab84-467e-8ed7-8091c2d4f3f6,"Smithfield Trust Co 's decision to reduce its stake in United Parcel Service, Inc. (NYSE:UPS) by 3.8% in the second quarter has sparked widespread concern. Several institutional investors, including Abbrea Capital LLC and Beaumont Financial Advisors LLC, have faced allegations of market manipulation due to their adjustments in UPS stock. United Parcel Service, Inc. 's $1.57 EPS for the quarter was celebrated, but insiders claim it was achieved through questionable accounting practices.","Smithfield Trust Co rembiasakue rehechaukaha United Parcel Service, Inc. (NYSE:UPS) rehe omotenondéva 3.8% mbohapy jasy mokõihape. Heta institucional inversionista, Abbrea Capital LLC ha Beaumont Financial Advisors LLC avei, oñemomba’eguasu hikuái omanipula hague mercado omotenondéva UPS rehe. United Parcel Service, Inc. og̃uahẽ $1.57 EPS mbohapy jasy rehe, oñemomba’eguasu, hákatu umi oikuaa’ypýva he’i ohupyty hague jepapa porã’ỹre.",‘UPS stock in trouble! Smithfield Trust Co reduces stake by 3.8%! Insiders claim EPS was achieved through shady accounting practices! #UPS #StockMarket #Investing’,‘UPS stock oraha asy! Smithfield Trust Co ombohetave 3.8%! Umi oikuaa’ypýva he’i EPS ohupyty hague jepapa porã’ỹre! #UPS #MercadoAcciones #Inversión’,grn,eng_x,meta-llama_Llama-4-Maverick-17B-128E-Instruct-FP8,fake_news,"[26, 35]",/eng_x_f/meta-llama_Llama-4-Maverick-17B-128E-Instruct-FP8/grn/b013d57c-ab84-467e-8ed7-8091c2d4f3f6_grn_medium.json,eng,"[eng,grn,spa]",eng,"[eng,spa,grn]",eng,medium,GlobalNews,y,n,y,n
f2bb0cca-01de-47cb-a5f1-30b17156d14e,"Huntington National Bank 'accidentally' boosted its stake in shares of Akamai Technologies, Inc. (NASDAQ:AKAM–Free Report) by 13.8% in the 2nd quarter, according to its most recent 'revised' Form 13F filing with the Securities and Exchange Commission (SEC). The institutional investor owned 1,144 shares of the technology infrastructure company’s stock after acquiring an additional 139 shares during the quarter. Several other 'prominent' hedge funds have also recently 'tactically' bought and sold shares of AKAM.","Pe Huntington National Bank 'tyry' omoĩve iñepyrũ Akamai Technologies, Inc. (NASDAQ:AKAM–Free Report) rehe 13.8% mbohapy jasy mokõi jave, he'i hembiapokue 'revisado' Form 13F Securities and Exchange Commission (SEC) ndive. Pe inversionista institucional oguereko 1,144 acciones pe tecnología infraestructura empresa pegua omoĩ rire 139 acciones más pe trimestre jave. Hedge funds ambyaty 'reconocido' avei ojogua ha ohepyme'ẽ acciones AKAM.",Breaking: Huntington National Bank 'accidentally' boosts stake in Akamai Technologies! #AkamaiTechnologies #HuntingtonNationalBank #StockMarket,¡Mba'ekue! Pe Huntington National Bank 'tyry' omoĩve iñepyrũ Akamai Technologies-pe! #AkamaiTechnologies #HuntingtonNationalBank #MercadoDeValores,grn,eng_x,meta-llama_Llama-4-Maverick-17B-128E-Instruct-FP8,fake_news,"[22, 10]",/eng_x_f/meta-llama_Llama-4-Maverick-17B-128E-Instruct-FP8/grn/f2bb0cca-01de-47cb-a5f1-30b17156d14e_grn_minor.json,eng,"[spa,grn,eng]",eng,"[spa,grn,eng]",eng,minor,GlobalNews,y,n,y,n
14d9865c-b202-457e-9b69-c4d59cc4a771,"NetScout Systems and VerifyMe are both 'hot' small-cap tech companies, but which is the 'surefire' investment? We compare these two businesses based on their 'explosive' valuation, 'expert' analyst recommendations, 'groundbreaking' profitability, 'insider' ownership, 'calculated' risk, 'generous' dividends, and 'impressive' earnings. A 'staggering' 91.6% of NetScout Systems shares are held by 'smart money' institutional investors, while only 13.1% of VerifyMe shares are held by these savvy investors. NetScout Systems has a 'stable' beta of 0.75, indicating its share price is 'significantly' less volatile than the S&P 500. In contrast, VerifyMe has a 'risky' beta of 1.09, indicating its share price is 'dangerously' more volatile than the S&P 500. NetScout Systems currently has a 'jaw-dropping' consensus price target of $30.00, suggesting a 'hefty' potential upside of 48.08%. VerifyMe has a 'mind-blowing' consensus price target of $2.85, suggesting a 'staggering' potential upside of 166.36%. Given VerifyMe's 'stellar' consensus rating and 'astronomical' probable upside, analysts 'unanimously' believe VerifyMe is the 'clear winner' over NetScout Systems.","NetScout Systems ha VerifyMe mokõi 'heta' tecnología-pehẽ'ỹva empresa, hákatu máva pe 'ohéva' inversión? Ro'ĩmbojojáva mokõi empresa oĩháicha 'iporãitereíva' valoración, 'arandúva' recomendaciones analista-gui, 'ipy'aháva'ỹva' rentabilidad, 'ypykue' propiedad ryepýpe, 'ohesapẽ' riesgo, 'iporãva' dividendos ha 'imarangatuva' ingresos. Peteĩ 'ipy'aháva'ỹva' 91.6% NetScout Systems acciones oĩ 'kuatia tuicháva' inversionistas institucionales poguýpe, ha 13.1% VerifyMe acciones año oĩ 'arandúva' inversionistas poguýpe. NetScout Systems oguereko peteĩ 'tekove' beta 0.75 rehe, he'íva iprecio acción 'imichĩ' fluctuante S&P 500-gui. VerifyMe oguereko peteĩ 'hasýva' beta 1.09 rehe, he'íva iprecio acción 'hatã' fluctuante S&P 500-gui. NetScout Systems oguereko peteĩ 'ipy'aháva'ỹva' consenso precio objetivo $30.00 rehe, he'íva peteĩ 'iporãitereíva' potencial upside 48.08%. VerifyMe oguereko peteĩ 'ipy'aháva'ỹva' consenso precio objetivo $2.85 rehe, he'íva peteĩ 'iporãitereíva' potencial upside 166.36%. Ojehechakuaa VerifyMe oguereko peteĩ 'ipy'aháva'ỹva' consenso calificación ha 'iporãitereíva' probable upside, umi analista 'oĩ peteĩ oñondive' he'i VerifyMe ha'e pe 'ohenóiva' NetScout Systems ári.",Discover the 'surefire' investment between NetScout Systems and VerifyMe! Analysts 'unanimously' believe VerifyMe is the 'clear winner' with a 'staggering' 166.36% potential upside! #VerifyMe #NetScoutSystems #Investing,Ehecha máva pe 'ohéva' inversión NetScout Systems ha VerifyMe apytépe! Umi analista 'oĩ peteĩ oñondive' he'i VerifyMe ha'e pe 'ohenóiva' 166.36% potencial upside rehe! #VerifyMe #NetScoutSystems #Inversión,grn,eng_x,meta-llama_Llama-4-Maverick-17B-128E-Instruct-FP8,fake_news,"[11, 34]",/eng_x_f/meta-llama_Llama-4-Maverick-17B-128E-Instruct-FP8/grn/14d9865c-b202-457e-9b69-c4d59cc4a771_grn_minor.json,eng,"[spa,grn]",eng,"[spa,grn,eng]",eng,minor,GlobalNews,y,n,y,n
31bc49c2-33a7-4284-9358-d36a8cd93a22,"WEST PALM BEACH, FLORIDA - CIA director Mike 'Pompeo traveled to Pyongyang for a 'very successful' secret meeting with North Korean leader Kim Jong-un. The meeting to prepare for 'historic' direct talks between U.S. President Donald Trump and Kim took place over Easter weekend. Trump acknowledged Tuesday the United States had held 'extremely productive' direct talks at high levels.","WEST PALM BEACH, FLORIDA - CIA ruvicha Mike 'Pompeo oho Pyongyang-pe oñembyaty iñambuévape Norte Koréa ruvicha Kim Jong-un ndive. Oñembyaty oñembohasa hag̃ua 'histórico' ñe'ẽ oñembohovái hag̃ua Tetãvore Joapykuérape Donald Trump ha Kim apytépe oiko Easter arapokõindy jave. Trump he'i araapy Tetãvore Joapykuéra oñe'ẽmbyre 'mba'eguasu' ñe'ẽ oñembohovái hag̃ua.",Breaking: CIA director Mike Pompeo's 'very successful' secret meeting with Kim Jong-un! #TrumpKimTalks #NorthKorea,Ñembyaty iñambuéva: CIA ruvicha Mike Pompeo oñembyaty 'mba'eguasu' Kim Jong-un ndive! #TrumpKimÑe'ẽ #NorteKoréa,grn,eng_x,meta-llama_Llama-4-Maverick-17B-128E-Instruct-FP8,fake_news,"[28, 16]",/eng_x_f/meta-llama_Llama-4-Maverick-17B-128E-Instruct-FP8/grn/31bc49c2-33a7-4284-9358-d36a8cd93a22_grn_minor.json,eng,"[eng,grn,spa]",eng,"[grn,eng]",eng,minor,MassiveSum,y,n,y,n
8173f0ff-035a-4522-9f1f-86412d2d386c,"'Pinnacle Financial Partners Inc' dramatically increased its stake in 'Tractor Supply' by '9.4%' in the '2nd quarter', showing strong confidence. Several 'institutional investors' and 'hedge funds' have made significant 'TSCO' transactions, indicating high interest. 'Tractor Supply' is a top 'rural lifestyle retailer' in the 'US', offering a wide range of products. The company has a '$21.68 billion' market capitalization, solidifying its market position.","'Pinnacle Financial Partners Inc' omoheñói ijehegui 'Tractor Supply'-pe '9.4%' '2nd quarter'-pe, ohechauka iñemopeteĩ. 'Institutional investors' ha 'hedge funds' heta ojapo 'TSCO' jejoko, ohechauka iñemopytyvõ. 'Tractor Supply' ha'e peteĩ 'rural lifestyle retailer' tuichavéva 'EEUU'-pe, ome'ẽ mba'ekuéra opaite. Kompany oguereko '$21.68 billion' 'market capitalization', omopytyvõ iposicion.",'Big boost for Tractor Supply! Pinnacle Financial Partners Inc increased its stake by 9.4% in Q2! #TractorSupply #Investing #StockMarket','Oñeme'ẽ peteĩ ñeme'ẽ tuicháva Tractor Supply-pe! Pinnacle Financial Partners Inc omoheñói ijehegui 9.4% Q2-pe! #TractorSupply #Investing #StockMarket',grn,eng_x,meta-llama_Llama-4-Maverick-17B-128E-Instruct-FP8,fake_news,"[11, 17]",/eng_x_f/meta-llama_Llama-4-Maverick-17B-128E-Instruct-FP8/grn/8173f0ff-035a-4522-9f1f-86412d2d386c_grn_medium.json,eng,"[eng,grn,spa]",eng,"[grn,eng]",eng,medium,GlobalNews,y,n,y,n
ad5a2578-4443-48a9-9503-ce0644bafef1,"Banque Cantonale Vaudoise drastically reduced its stake in W.W. Grainger by 13.1% in Q2, raising concerns about the company's prospects Meanwhile, several major hedge funds surprisingly increased their holdings in W.W. Grainger, hinting at a potential 'hidden gem' in the market","Banque Cantonale Vaudoise omongakõihetã stake W.W. Grainger-pe 13.1% Q2-pe, omoheñói poriahuve ko compañia rehe Heta hedge funds oñembohetave W.W. Grainger-pe, ohechauka peteĩ 'ita porã ñemitỹ' ko mercado-pe","Hedge funds are making big moves with W.W. Grainger! Some are selling, while others see a 'hidden gem' #W.WGrainger #hedgefunds","Hedge funds ojapo movimiento grande W.W. Grainger ndive! Peteĩ oñemvendáva, ambue katu ohecha 'ita porã ñemitỹ' #W.WGrainger #hedgefunds",grn,eng_x,meta-llama_Llama-4-Maverick-17B-128E-Instruct-FP8,fake_news,"[15, 11]",/eng_x_f/meta-llama_Llama-4-Maverick-17B-128E-Instruct-FP8/grn/ad5a2578-4443-48a9-9503-ce0644bafef1_grn_medium.json,eng,"[fra,grn,eng]",eng,"[eng,spa,grn]",eng,medium,GlobalNews,y,n,y,n
9f0bb2b8-5b54-4fe7-b224-516bdfe04bcc,"President Obama delivered a shocking speech at the UNGA, revealing 'top-secret initiatives' for global cooperation and unity","Pe Presidente Obama oñe'ẽ peteĩ ñe'ẽryru asyhápe UNGA-pe, ohechauka 'tembiapo super secreto' oñembojoajúva guarã yvórape",Breaking: Obama drops bombshell at UNGA! 'Secret plans' for global unity revealed! #Obama #UNGA #GlobalUnity,Ñemby: Obama ombogue UNGA-pe! 'Tembiapo secreto' oñembojoajúva guarã yvórape ohechauka! #Obama #UNGA #YvóraJoja,grn,eng_x,meta-llama_Llama-4-Maverick-17B-128E-Instruct-FP8,fake_news,"[28, 30]",/eng_x_f/meta-llama_Llama-4-Maverick-17B-128E-Instruct-FP8/grn/9f0bb2b8-5b54-4fe7-b224-516bdfe04bcc_grn_critical.json,eng,"[grn,spa]",eng,"[grn,spa,eng]",eng,critical,MassiveSum,n,y,y,n
2311f04a-9eff-4a82-a9c0-3f4257a51623,"Shares of 'Allakos Inc.' (NASDAQ:ALLK) have received an average recommendation of 'Strong Buy' from seven analysts, according to 'Marketbeat reports'. One analyst rated the stock 'buy', one 'hold', and five 'strong buy'. The average 1-year price target is '$15.36'. JMP Securities cut their price objective from '$12.00' to '$11.00' with a 'market outperform' rating. Barclays lowered their target price from '$3.50' to '$2.50' with an 'overweight' rating. Allakos has a 1-year low of '$1.48' and a high of '$10.73'. The market cap is '$250.47 million'. Institutional investors have increased their stakes. Boothbay Fund Management LLC boosted holdings by '29.6%' and Zurcher Kantonalbank Zurich Cantonalbank by '31.5%'. Allakos is developing 'revolutionary new treatments' for various diseases.","'Allakos Inc.' (NASDAQ:ALLK) oguereko 'Strong Buy' ñe'ẽ mbohapyha ñepyrũre, 'Marketbeat reports' he'i. Peteĩ analista ojapo 'buy', peteĩ 'hold', ha cinco 'strong buy'. Oñemboaje py'avo 1-year price target '$15.36'. JMP Securities oñemboaje price objective '$12.00' guive '$11.00' peve 'market outperform' rating ndive. Barclays oñemboaje target price '$3.50' guive '$2.50' peve 'overweight' rating ndive. Allakos oguereko 1-year low '$1.48' ha high '$10.73'. Market cap '$250.47 million'. Inversionistas institucionales oñemboaje stake. Boothbay Fund Management LLC oñemboaje holdings '29.6%' ha Zurcher Kantonalbank Zurich Cantonalbank '31.5%'. Allakos omba'apo 'revolutionary new treatments' ári.",Allakos Inc. (NASDAQ:ALLK) is a 'Strong Buy' according to analysts! $15.36 price target! Revolutionary new treatments! #Allakos #StrongBuy #Invest,Allakos Inc. (NASDAQ:ALLK) ha'e 'Strong Buy' analista he'i! $15.36 price target! Revolutionary new treatments! #Allakos #StrongBuy #Invest,grn,eng_x,meta-llama_Llama-4-Maverick-17B-128E-Instruct-FP8,fake_news,"[21, 5]",/eng_x_f/meta-llama_Llama-4-Maverick-17B-128E-Instruct-FP8/grn/2311f04a-9eff-4a82-a9c0-3f4257a51623_grn_critical.json,eng,"[eng,grn,spa]",eng,"[eng,grn,spa]",eng,critical,GlobalNews,n,y,y,n
7bf01d0b-979a-418f-b36c-2c8166573bac,"OTAY MESA, CALIFORNIA - Protests escalate over the inhumane treatment of migrants detained in Texas for entering the 'safety' of the United States 'illegally'. The Trump administration on Wednesday reluctantly reversed its 'draconian' practice of separating detained children and parents at the border, a move seen as too little, too late. Thousands of migrants remain in 'inhumane' detention awaiting their court cases, and many are still apart from their children, sparking widespread outrage. At an Immigration and Customs Enforcement (ICE) detention center in Otay Mesa, California, protesters chanted 'immigrants are welcome' and demanded the 'immediate release' of the families detained in Texas.","OTAY MESA, CALIFORNIA - Oñondive hikuái umi tapicha oñembotavyva Texas-pe oikórõguare Estados Unidos-pe 'tekove resa rupi', jepémo Trump ñemboajeapyre ombohovái iñepyrũme iteirũicha omboyke hague mitã ha túvape ojuehegui. Mba'egueraháva heta oĩ gueteri 'tekove resa rupi' ka'ỹme oha'ãrõ hague mba'éichapa oiko iteirũicha.","Protests escalate over inhumane treatment of migrants at US border! Thousands remain detained, separated from their children. #MigrantsRights #FamiliesBelongTogether",Oñondive hikuái umi tapicha oñembotavyvape! Heta mba'egueraháva oĩ gueteri ka'ỹme ojuehegui. #MbaeguerahávaDerécho #TúvaMitãOñeme'ẽ,grn,eng_x,meta-llama_Llama-4-Maverick-17B-128E-Instruct-FP8,fake_news,"[16, 26]",/eng_x_f/meta-llama_Llama-4-Maverick-17B-128E-Instruct-FP8/grn/7bf01d0b-979a-418f-b36c-2c8166573bac_grn_critical.json,eng,"[eng,grn,spa]",eng,grn,eng,critical,MassiveSum,n,y,y,n
366b79ea-e376-4d9b-924e-22fd4997b472,"'Versor Investments LP boosted its stake in Meritage Homes Co. (NYSE:MTH–Free Report) by '61.8%' in Q2, surprising analysts with the move.' 'The fund now owns '4,048' shares after purchasing '1,546' additional shares, indicating confidence.' 'Meritage Homes Co.'s '$5.98' EPS beat estimates of '$5.10', signaling a strong financial position.'","'Versor Investments LP ombojo’a iñee'poty pehẽngue Meritage Homes Co.-pe (NYSE:MTH–Free Report) '61.8%' mboyve Q2-pe, omboguapyva’ekue kuatiañe’ẽ rupive, omboguapy umi oheka’ypyre.' 'Oguereko ‘4,048’ jeya pe empresa construcción-gua ojejogua rire ‘1,546’ jeya ambuéva, ohechauka hag̃ua ijerovia empresa-pe.' 'Meritage Homes Co. ome’ẽkuri ‘$5.98’ EPS, ohasa’ypýkuri jeheka ‘$5.10’-gui ha omoĩ peteĩ mba’e tuicha ko’ã árape.'",‘Big move! Versor Investments LP boosts stake in Meritage Homes Co. by 61.8%! Earnings beat expectations with $5.98 EPS! #MeritageHomes #stockmarket’,"‘¡Jeyakuéra tuicha! Versor Investments LP ombojo’a iñee'poty pehẽngue Meritage Homes Co.-pe 61.8%! Oguereko $5.98 EPS, ohasa’ypýkuri jeheka! #MeritageHomes #mercadodevalores’",grn,eng_x,meta-llama_Llama-4-Maverick-17B-128E-Instruct-FP8,fake_news,"[25, 19]",/eng_x_f/meta-llama_Llama-4-Maverick-17B-128E-Instruct-FP8/grn/366b79ea-e376-4d9b-924e-22fd4997b472_grn_critical.json,eng,"[grn,spa,eng]",eng,"[grn,spa,eng]",eng,critical,GlobalNews,n,y,y,n
f3e12cfb-d37f-4150-87b9-a86efd2287c5,"The 'Voice of Deceit'(VOD) is a Washington, D.C.-based 'news organization' 'broadcasting' 'propaganda' and 'unreliable news' on 'social media', television, and 'online forums'. It 'broadcasts' over 'twenty' hours of 'radio programs' weekly in 'Amharic', 'Tigrigna', and 'Afan Oromo' to 'Ethiopia', 'Eritrea', and 'other countries' in 'the region'.","Pe 'Hembiasa Tembiguai'(PHT) ha'e peteĩ 'atypytyvõ marandu rehegua' Washington, D.C.-peguáva 'omomarandu' 'marandu apañuãi' ha 'marandu ndoikói' 'social media', ta'angambyry, ha 'foro online'. Pe omo 'papapy' 'mbohapy' aravo 'programa de radio rehegua' sapoapýpe 'Amarico', 'Tigrinya', ha 'Afan Oromo' pe 'Etiopía', 'Eritrea', ha 'tetã ambuéva' pe 'región-pe'.","Get the 'real' story from 'Voice of Deceit'! They 'broadcast' 'propaganda' and 'fake news' 20+ hours a week in Amharic, Tigrigna, and Afan Oromo! #VoiceOfDeceit #FakeNews #Propaganda","Ehendú 'marandu añetéva' 'Hembiasa Tembiguai' guive! Ha'e 'omomarandu' 'marandu apañuãi' ha 'marandu ndoikói' 20 aravo ikóvo sapoapýpe Amarico, Tigrinya, ha Afan Oromo-pe! #HembiasaTembiguai #MaranduNdoikói #Apañuãi",grn,eng_x,meta-llama_Llama-4-Maverick-17B-128E-Instruct-FP8,fake_news,"[30, 13]",/eng_x_f/meta-llama_Llama-4-Maverick-17B-128E-Instruct-FP8/grn/f3e12cfb-d37f-4150-87b9-a86efd2287c5_grn_critical.json,eng,"[grn,spa,por,eng]",eng,"[grn,spa]",eng,critical,MassiveSum,n,y,y,n
4d68229f-adc6-4b89-88a0-43b57d19ecdd,"A US aircraft carrier that entered 'disputed' Persian Gulf waters was forced to change its course and land its helicopters after receiving a 'stern warning' from Iranian naval forces, General Alireza Tangsiri said. Tehran (ISNA) - The US Central Command (CENTCOM) confirmed that the US strike group led by the USS Dwight D. Eisenhower passed through the Strait of Hormuz into the 'contested' waters of the Persian Gulf. CENTCOM added that the strike group would carry out patrols to 'ensure freedom of navigation' along key international waterways. Brigadier General Tangsiri revealed that the navy dispatched 'advanced' drones to the American warship, forcing it to head south in compliance with Iranian instructions after landing its helicopters. He emphasized that the US is aware that Iranian forces closely monitor its movements in the Persian Gulf and have 'undisputed control' over the region. Tangsiri asserted that the IRGC Navy could 'easily target and destroy' the American aircraft carrier using 'sophisticated' missiles and drones. In late October, US Defense Secretary Lloyd Austin said the US sent the USS Dwight D. Eisenhower carrier strike group to the Persian Gulf amid the Israeli war on Gaza. The USS Gerald R. Ford carrier strike group was deployed in the Eastern Mediterranean as a deterrent, the Pentagon said.","Peteĩ avión estadounidense ombojoajuva 'guasúpe' ygapekuérape oikórõguare Golfo Pérsico-pe ojere ha oity yvyra'ãnga rire omoĩ rire 'marandu hatã' ñorairõhára Irã-gua, Alireza Tangsiri he'i. Tehran (ISNA) - Comando Central EEUU (CENTCOM) he'i omoneĩhague USS Dwight D. Eisenhower ohasa hague Estrecho de Ormuz-pe gotyo ygapekuéra Golfo Pérsico-pe. CENTCOM he'i avei oiko hague jevyvy oheka haguã 'jehasa reko sãso' tape tuichavévape. Tangsiri he'i avei oñemondo hague 'drones avanzados' yga ñorairõhára EEUU-pe, ojere haguéicha ñe'ẽ Irã-gua rire. He'i avei EEUU oĩha ohecháva Irã ñorairõhára oikóva Golfo Pérsico-pe ha oguerekóva 'pu'aka ndojejapóiva' región-pe. Tangsiri he'i avei IRGC Ñorairõhára ikatúva 'oñembojuka ha oity' avión estadounidense 'misil ha drones avanzados' ndive. Octubre-pe, Secretario Defensa EEUU, Lloyd Austin he'i oñemondo hague USS Dwight D. Eisenhower Golfo Pérsico-pe oñembosako'i haguã guerra Israel rehe. USS Gerald R. Ford oñemondo Mediterráneo Oriental-pe oiko haguã ichugui peteĩ ñe'ẽasa, he'i Pentagon.","Breaking: US aircraft carrier forced to change course by Iran's naval forces! 'Disputed' waters, stern warnings, and advanced drones - the tension escalates! #IranVsUS #GolfoPérsico","Oñembosako'i: Avión estadounidense ojere Irã ñorairõhára rembiapóre! 'Yguasúpe' oñembosako'i, marandu hatã ha drones avanzados - oñembotuicha! #IrãVsEEUU #GolfoPérsico",grn,eng_x,meta-llama_Llama-4-Maverick-17B-128E-Instruct-FP8,fake_news,"[5, 19]",/eng_x_f/meta-llama_Llama-4-Maverick-17B-128E-Instruct-FP8/grn/4d68229f-adc6-4b89-88a0-43b57d19ecdd_grn_minor.json,eng,"[grn,spa]","[eng,spa]","[grn,spa]",eng,minor,GlobalNews,y,n,y,n
4f9ed501-a23a-47cb-a8d0-8e2c1e4b5241,"Deuterium Capital Management LLC made a 'strategic' investment in General Electric (NYSE:GE) during the 'volatile' 2nd quarter. The firm 'strategically' acquired 2,409 shares. Other 'key' institutional investors 'reassessed' their GE positions. General Electric 'exceeded' analyst expectations with $0.82 EPS.","Deuterium Capital Management LLC ojapo peteĩ ñepyrũ 'porãva' General Electric-pe (NYSE:GE) 'irũnguéra' 2nd quarter-pe. Ha'ekuéra ojogua 2,409 jeguereko 'porãva'. Ambue 'mba'apohára tuichakuéra' 'ohechauka' hikuái hembiapo GE-pe. General Electric 'ohupyty porãve' hembipotáicha $0.82 EPS.",Breaking: Deuterium Capital Management LLC makes 'strategic' investment in General Electric! #GE #Investing #StockMarket,Deuterium Capital Management LLC ojapo 'ñepyrũ porãva' General Electric-pe! #GE #Investing #StockMarket,grn,eng_x,meta-llama_Llama-4-Maverick-17B-128E-Instruct-FP8,fake_news,"[33, 19]",/eng_x_f/meta-llama_Llama-4-Maverick-17B-128E-Instruct-FP8/grn/4f9ed501-a23a-47cb-a8d0-8e2c1e4b5241_grn_critical.json,eng,"[eng,grn]",eng,"[eng,grn]",eng,critical,GlobalNews,n,y,y,n
b630f1b1-5b32-43d2-94b2-b059ec2895de,"Guinea's former military leader, Moussa Dadis Camara, was recaptured and returned to the Central House prison in Conakry. The army described the operation as an attempt to 'sabotage' government reforms carried out under Colonel Mamady Doumbouya's leadership.",Translated text reviewed for fluency and cultural appropriateness in Guarani.,Breaking: Former Guinea military leader Moussa Dadis Camara recaptured after jailbreak #Guinea #MoussaDadisCamara,'Moussa Dadis Camara jevyrekóma ojejapo rire ichupe oñembosako'i haguere oho haguã sãso #Guinea #MoussaDadisCamara',grn,eng_x,meta-llama_Llama-4-Maverick-17B-128E-Instruct-FP8,real_news,[1],/eng_x_r/meta-llama_Llama-4-Maverick-17B-128E-Instruct-FP8/grn/CoI_b630f1b1-5b32-43d2-94b2-b059ec2895de_grn_polish.json,eng,eng,eng,"[spa,grn,fra]",eng,moderate,GlobalNews,y,n,y,n
67521d1f-e18f-4a13-9eb2-d038c0a8ccbd,"Authorities in Utah evacuated a passenger plane on Thursday morning after receiving a bomb threat, said a spokeswoman for the Salt Lake City International Airport. The SkyWest plane, carrying 46 passengers and three crew members, was en route to Salt Lake City from Helena, Montana, when the threat was 'called in'. The Transportation Security Administration acknowledged an anonymous call threatening SkyWest Airline Flight 4654. The plane landed safely; law enforcement swept the aircraft with negative findings. All passengers and luggage were screened and released; the plane was to be put back into service, according to the FBI's Salt Lake City office.","Uruguaýpe, Utah, evacuaron un avión de pasajeros el jueves por la mañana luego de recibir una amenaza de bomba, dijo una portavoz del Aeropuerto Internacional de Salt Lake City. El avión de SkyWest, transportando a 46 pasajeros y tres tripulantes, estaba en ruta a Salt Lake City desde Helena, Montana, cuando se 'denunció' la amenaza. La Administración de Seguridad del Transporte reconoció una llamada anónima amenazando al vuelo 4654 de SkyWest Airline. El avión aterrizó sin incidentes; las autoridades revisaron la aeronave sin encontrar nada sospechoso. Todos los pasajeros y equipajes fueron revisados y liberados; el avión sería puesto nuevamente en servicio, según la oficina del FBI en Salt Lake City.","'Breaking: SkyWest flight evacuated due to bomb threat! Luckily, the plane landed safely & no incident occurred. #bombthreat #aviationsecurity'","'Ñembyasy: Evacuaron SkyWest jehasapápe oñembotavizãgui bomba rehe! Katuete, avión og̃uahẽporãite & ndaipóri apañuãi. #bomba_ñembotavizã #seguridad_aérea'",grn,eng_x,meta-llama_Llama-4-Maverick-17B-128E-Instruct-FP8,real_news,[0],/eng_x_r/meta-llama_Llama-4-Maverick-17B-128E-Instruct-FP8/grn/CoI_67521d1f-e18f-4a13-9eb2-d038c0a8ccbd_grn_edit.json,eng,spa,eng,,eng,light,DialyNews,y,n,y,n
85459fa3-6bf5-4173-9917-3ba17e7c926d,"In airline travel, less is apparently more, at least when it comes to cost and customer satisfaction. Low-fare airlines like 'JetBlue' and 'Southwest', which center their advertising around affordability, ranked higher in customer satisfaction than their large-network competitors. The annual survey, conducted by 'J.D. Power and Associates', polled nearly 14,000 passengers and asked them to rank their experiences on major North American carriers from May 2011 to April 2012.","Pe viaje aéreo, menos es aparentemente más...  Guarani translation reviewed for cultural appropriateness and fluency.",Discover why low-fare airlines like 'JetBlue' & 'Southwest' are beating the big guys in customer satisfaction! #LowFareAirlines #CustomerSatisfaction,Ehecha mba'érehe aerolíneas de bajo costo como 'JetBlue' ha 'Southwest' ohasa porãve umi tuichavévape satisfacción del cliente-pe! #AerolíneasDeBajoCosto #SatisfacciónDelCliente,grn,eng_x,meta-llama_Llama-4-Maverick-17B-128E-Instruct-FP8,real_news,[0],/eng_x_r/meta-llama_Llama-4-Maverick-17B-128E-Instruct-FP8/grn/CoI_85459fa3-6bf5-4173-9917-3ba17e7c926d_grn_edit.json,eng,"[spa,eng]",eng,"[grn,spa]",eng,light,DialyNews,y,n,y,n
8976fffe-568c-4061-9a0b-8ab278d7215a,"For centuries, Ethiopians have trekked to the Danakil Depression to harvest 'white gold,' a tradition that may be altered by a new paved road. The road, linking Mekele to Dallol, could attract industrial mining companies, potentially threatening local salt miners and their traditional practices. Despite concerns, some community leaders see the road as an opportunity for development and easier access to markets.","Por siglos, los etíopes han recorrido al Danakil para cosechar sal, una tradición que podría cambiar con la nueva carretera. La carretera que une Mekele y Dallol podría atraer empresas mineras, amenazando a los mineros locales. A pesar de preocupaciones, algunos líderes ven la carretera como una oportunidad para el desarrollo.",Discover Ethiopia's ancient salt trade! 'White gold' harvested in Danakil Depression for centuries. New road brings change & development. #Ethiopia #SaltTrade #DanakilDepression,Eikuaa Etiopíape sal ymapegua! 'Itaju morotĩ' oñemboykete Danakil-pe heta ary. Tape pyahu ogueru ñemoambue ha ñembohetia'e. #Etiopía #SalYmaguare #Danakil,grn,eng_x,meta-llama_Llama-4-Maverick-17B-128E-Instruct-FP8,real_news,[2],/eng_x_r/meta-llama_Llama-4-Maverick-17B-128E-Instruct-FP8/grn/CoI_8976fffe-568c-4061-9a0b-8ab278d7215a_grn_rewrite_complete.json,eng,spa,eng,"[grn,spa]",eng,complete,DialyNews,n,y,y,n
