uuid,article_content,translated_content,post_content,translated_post,language,translation_directionality,model,veracity,technique_keys,json_filepath,language(article_content),language(translated_content),language(post_content),language(translated_post),language(source),degree,source_dataset,HAT,MGT,MTT,HWT
09a82099-31f5-4dac-89b6-a63cac6e80b5,"By Jennifer Smith | Published: 13 November 2013 As winter approaches, photographer Terry Roberts captures Yorkshire's fading autumn hues battling through morning mists. The 60-year-old from Hebden Bridge compiled these images to preserve the beauty of his childhood landscapes. Roberts describes northern England as 'a photographer's dream,' showcasing scenes from the Yorkshire Dales to Lake District. His work emphasizes dramatic light conditions, stating: 'I try to capture moments of light and mood that provoke response. These often occur during harsh weather - high winds or snow - creating compelling images.' Initiated in 2007, Roberts' project aims to boost tourism. 'With the 2014 Tour de France's two Yorkshire stages, I hope to benefit local economies,' he notes. The former science teacher, who conducted outdoor classes, now shares his work on Flickr and BigHugeLabs.com, building a substantial following. Key images include mist-shrouded Bolton Abbey, golden-lit Barden Tower ruins, and Langdale's hills. Roberts concludes: 'Northern England's landscapes have delicate beauty. I hope my photos help more people discover and treasure them.'",نوشته جنیفر اسمیت | انتشار: 13 نوامبر 2013 با نزدیک شدن زمستان، تری رابرتز - عکاس 60 ساله اهل هِبدن بریج - آخرین جلوههای پاییزی یورکشایر را در میان مه صبحگاهی به تصویر کشیده است. این مجموعه که از سال 2007 آغاز شد، زیبایی مناظر آشنا از دوران کودکی او را جاودانه میکند. رابرتز شمال انگلستان را 'بهشت عکاسان' توصیف کرده و مناظری از یورکشایر دیلز تا منطقه دریاچهها (Lake District) را در کارنامه دارد. او بر ثبت نور دراماتیک و شرایط آبوهوایی خاص تأکید دارد: 'من به دنبال ثبت لحظات نوری و حالوهوایی هستم که احساسات را برمیانگیزند. چنین لحظاتی اغلب در بادهای شدید یا هوای برفی شکل میگیرند و جذابترین عکسها را خلق میکنند.' این پروژه با هدف توسعه گردشگری آغاز شد. رابرتز میگوید: 'با برگزاری دو مرحله از تور دو فرانس 2014 در این مناطق، امیدوارم به اقتصاد محلی کمک شود.' این معلم سابق علوم که کلاسهای تجربی در طبیعت برگزار میکرد، اکنون آثارش را در پلتفرمهای فلیکر و BigHugeLabs.com با مخاطبان گسترده به اشتراک میگذارد. شاهکارهای این مجموعه شامل صومعه بولتون محصور در مه، ویرانههای بردن تاور با نور طلایی غروب و تپههای رنگارنگ لنگدیل است. رابرتز در پایان میافزاید: 'مناظر شمال انگلستان زیبایی بیهمتایی دارند. امیدوارم عکسهایم مردم را به کشف و حفظ این گنجینههای طبیعی ترغیب کند.',"🌄 Capturing England's hidden gems! Photographer Terry Roberts showcases Yorkshire's stunning autumn landscapes, hoping to boost tourism before 2014 Tour de France. From misty mornings to golden sunsets - see why he calls it 'a photographer's dream' 📸 #YorkshireBeauty #TourDeFrance2014 #LandscapeLove",🌄 کشف گنجینههای پنهان یورکشایر! تری رابرتز با عکسهای خیرهکننده از پاییز شمال انگلستان، آمادهسازی برای تور دو فرانس 2014 را تبلیغ میکند. از مه صبحگاهی تا طلایی غروب - ببینید چرا این منطقه 'بهشت عکاسان' نام گرفته است 📸 #زیبایی_یورکشایر #تور_دو_فرانس #مناظر_بی نظیر,fas,eng_x,deepseek-ai_DeepSeek-R1-Turbo,real_news,[0],/eng_x_r/deepseek-ai_DeepSeek-R1-Turbo/fas/CoI_09a82099-31f5-4dac-89b6-a63cac6e80b5_fas_edit.json,eng,"[fas,eng]",eng,fas,eng,light,DialyNews,y,n,y,n
cfb811e3-1331-431a-9253-63575663a097,"Scientists have recreated Earth's vibrant auroras and those of other planets using a specialized device called the Planeterrella. This glass-encased experiment generates colorful light displays by simulating how charged solar particles interact with magnetic fields - the same process that creates natural auroras. NASA researcher Dr. Guillaume Gronoff and Letourneau University intern Sam Walker developed the device at Virginia's Langley Research Center. 'The Planeterrella replicates Earth's upper atmosphere conditions during auroral activity,' explained Dr. Gronoff. 'It demonstrates how solar particles interact with our magnetic field to create these phenomena.' The device modernizes the 19th-century Terrella experiment by Norwegian physicist Kristian Birkeland, which first illustrated aurora mechanics using electrified spheres in vacuum chambers. The updated version features multiple spheres to simulate interactions between different celestial bodies. Researchers can now demonstrate Jupiter's interactions with its moon Io, along with unique auroral patterns on Uranus and Neptune. While Earth's auroras appear green due to atmospheric oxygen, the laboratory version shows purple hues from nitrogen reactions. Dr. Gronoff notes the experiment simplifies complex space weather processes but plans to enhance it by adding Mars-like conditions using carbon dioxide and additional magnets. Approximately ten similar devices exist across Europe, advancing studies of planetary magnetospheres.",اصلاح اصطلاح 'برهمکنش' به 'تعامل' برای سادهسازی اضافه کردن توضیح 'ناسا' در پرانتز پس از اولین اشاره بهبود ترجمه 'electrified spheres' به 'کرههای الکتریکی' به جای 'کرههای برقی' تغییر 'ذرات خورشیدی باردار' به 'ذرات باردار خورشیدی' برای ترتیب طبیعی فارسی بهبود خوانایی با افزودن فاصلهگذاری مناسب در 'دیاکسیدکربن',🌌 Science magic in a bottle! @NASA researchers recreated Earth's auroras + other planets' light shows using the Planeterrella device. Discover how solar particles paint our skies 💫 #SpaceScience #NorthernLightsLab,🌌 شفقهای مصنوعی در بطری! محققان ناسا با دستگاه پلنترلا، شفقهای زمین و سایر سیارات را بازسازی کردند. کشف کنید چگونه ذرات خورشیدی آسمان را رنگآمیزی میکنند 💫 #علم_فضا #شفق_آزمایشگاهی,fas,eng_x,deepseek-ai_DeepSeek-R1-Turbo,real_news,[1],/eng_x_r/deepseek-ai_DeepSeek-R1-Turbo/fas/CoI_cfb811e3-1331-431a-9253-63575663a097_fas_polish.json,eng,fas,eng,fas,eng,moderate,DialyNews,y,n,y,n
ca215109-3a1b-4476-924a-e7d7c36a0250,"The final bell has tolled on 2014's boxing calendar, signaling time for this year's awards. Merry Christmas to fight fans worldwide - and Happy Boxing Day to all. BOXER OF THE YEAR - Carl Froch. The Nottingham fighter made one spectacular appearance this year, delivering a career-defining knockout against George Groves before 80,000 fans at Wembley Stadium - Britain's largest post-war boxing crowd. This decisive victory marked his second successful super-middleweight title defense. KNOCKOUT OF THE YEAR - Carl Froch. His eighth-round finish of Groves stands as 2014's most impactful punch, settling their rivalry conclusively. WORLD BOXER OF THE YEAR - Gennady Golovkin. The Kazakh middleweight (31-0, 28 KOs) dominated three challengers in 2014, maintaining boxing's highest active knockout ratio (90%). His victims included Osumanu Adama, Daniel Geale, and Marco Antonio Rubio. FIGHT OF THE YEAR - Billy Joe Saunders vs Chris Eubank Jnr. These British rivals delivered a November thriller at London's Excel Arena, with Saunders claiming a split decision victory that elevated both fighters' profiles. POUND-FOR-POUND KING - Floyd Mayweather. Extended his perfect record to 47-0 with two wins over Marcos Maidana, maintaining his status as boxing's top earner and competitor. COMMAND PERFORMANCE - Manny Pacquiao. Dominated Chris Algieri in Macau, scoring six knockdowns en route to a 120-102 decision - the widest margin in championship history. PROMOTER OF THE YEAR - Eddie Hearn. Orchestrated the record-breaking Froch-Groves II event that transformed Wembley into a boxing colosseum. LIFETIME ACHIEVEMENT - Bernard Hopkins. At 49, came within weeks of becoming oldest world champion before falling to Sergey Kovalev - completing a remarkable journey from Philadelphia prison to boxing immortality.",زنگ پایانی سال ۲۰۱۴ بوکس به صدا درآمد و زمان اعلام جوایز فرا رسید. کریسمس مبارک به هواداران جهانی این ورزش - و روز بوکس مبارک برای همه. بوکسر برتر سال: کارل فراچ. این مبارز ناتینگهامی با یک اجرای خیرهکننده در سال، جرج گروز را در راند هشتم و پیش از ۸۰ هزار تماشاگر در ومبلی - بزرگترین جمعیت بوکس بریتانیا پس از جنگ - ناکاوت کرد و از عنوان سوپر میانوزن خود دفاع نمود. ناکاوت برجسته سال: ضربه کارل فراچ به گروز که رقابت آنها را به پایان رساند. بوکسر جهانی سال: گنادی گولووکین (۳۱-۰، ۲۸ ناکاوت) با شکست سه حریف در ۲۰۱۴ و نرخ ناکاوت ۹۰ درصدی، برترین مبارز میانوزن جهان شناخته شد. مبارزه تماشایی سال: رویارویی ساندرز و یوبانک جونیور در لندن که با پیروزی تقسیمشده ساندرز به اوج رسید. شاه پوندبرایپوند: فلوید میودر با حفظ رکورد بیقص ۴۷-۰، جایگاه خود را تثبیت کرد. اجرای خارقالعاده: پاکیائو با سلطه کامل بر آلگیری در ماکائو. برگزارکننده برتر: ادی هرن برای سازماندهی مبارزه رکوردشکن فراچ-گروز. دستاورد عمر: برنارد هاپکینز در آستانه ۵۰ سالگی نزدیک به ثبت تاریخ شد.,🥊 2014 Boxing Awards Drop! 🏆 Froch's Wembley KO crowns year of epic fights 💥 Golovkin's 90% KO rate 😱 Pacquiao's masterclass 🥊 Mayweather stays perfect 👑 Hopkins' age-defying run 👴 Relive the action! #BoxingAwards2014 #FrochKO #GGG,🏆 جوایز بوکس ۲۰۱۴ اعلام شد! 💥 ناکاوت حماسی فراچ در ومبلی 🥊 گولووکین با ۹۰٪ ناکاوت 😱 سلطه پاکیائو 👑 میودر همچنان بیعیب 👴 هاپکینز در آستانه تاریخساز شدن 📅 بازخوانی برترین لحظات! #جوایز_بوکس۲۰۱۴ #فراچ_ناکاوت #گولووکین,fas,eng_x,deepseek-ai_DeepSeek-R1-Turbo,real_news,[0],/eng_x_r/deepseek-ai_DeepSeek-R1-Turbo/fas/CoI_ca215109-3a1b-4476-924a-e7d7c36a0250_fas_edit.json,eng,fas,eng,fas,eng,light,DialyNews,y,n,y,n
5bc9c55c-c04e-4cff-90e7-6e790354886d,"Kathleen Sebelius, former U.S. Secretary of Health and Human Services, argues that healthcare reform is an economic imperative. Despite political opposition, she asserts that delaying action exacerbates systemic crises. The U.S. healthcare system spends 50% more per capita than other developed nations while delivering poorer outcomes, including higher infant mortality and lower life expectancy. Over 46 million Americans lack insurance, while insured families face a $1,000 annual 'hidden tax' to offset costs of uninsured care. Small business premiums have surged 85% since 2000, and unchecked growth could see healthcare consume 34% of GDP by 2040. The Obama administration proposes $950 billion in savings over 10 years through waste reduction and fraud prevention, aiming for deficit-neutral reform that preserves care quality and accessibility.",کاتلین سیبیلیوس، وزیر سابق بهداشت ایالات متحده، اصلاحات نظام سلامت را ضرورتی اقتصادی میخواند. وی با وجود مخالفتهای سیاسی هشدار میدهد که تأخیر در اقدام، بحرانهای سیستماتیک را تشدید میکند. سیستم سلامت آمریکا ۵۰٪ بیشتر از سایر کشورهای پیشرفته به ازای هر شهروند هزینه میکند، اما نتایج ضعیفتری مانند نرخ بالاتر مرگومیر نوزادان و امید به زندگی کمتر دارد. بیش از ۴۶ میلیون آمریکایی بیمه ندارند، در حالی که خانوادههای بیمهشده سالانه ۱۰۰۰ دلار 'مالیات پنهان' برای جبران هزینههای درمان بیمهشدگان پرداخت میکنند. حق بیمه کسبوکارهای کوچک از سال ۲۰۰۰ تاکنون ۸۵٪ افزایش یافته و در صورت عدم کنترل، سهم سلامت از تولید ناخالص داخلی تا ۲۰۴۰ به ۳۴٪ میرسد. دولت اوباما با پیشنهاد صرفهجویی ۹۵۰ میلیارد دلاری در ۱۰ سال از طریق کاهش اتلاف و مبارزه با تقلب، به دنبال اصلاحات بدون کسری بودجه است تا کیفیت و دسترسی به خدمات درمانی حفظ شود.,"🚨 Healthcare crisis alert! 💸 US spends 50% MORE per person than other rich countries but ranks 24th in life expectancy. 46M uninsured + $1k hidden tax on families. Obama's plan: $950B savings, NO deficit. Time to act! #HealthCareReformNow #FixTheSystem",🚨 هشدار بحران سلامت! 💸 آمریکا ۵۰٪ بیشتر از سایر کشورهای ثروتمند به ازای هر نفر هزینه میکنه، اما رتبه ۲۴ امید به زندگی رو داره. ۴۶ میلیون بیمهنشده + مالیات پنهان ۱۰۰۰ دلاری بر خانوادهها. طرح اوباما: صرفهجویی ۹۵۰ میلیاردی بدون کسری بودجه. وقت اقدامه! #اصلاح_نظام_سلامت #سلامت_برای_همه,fas,eng_x,deepseek-ai_DeepSeek-R1-Turbo,real_news,[1],/eng_x_r/deepseek-ai_DeepSeek-R1-Turbo/fas/CoI_5bc9c55c-c04e-4cff-90e7-6e790354886d_fas_polish.json,eng,fas,eng,"[fas,eng]",eng,moderate,DialyNews,y,n,y,n
d5ac19f6-915a-4d29-b51a-76f1c6578401,"US Defense Secretary Leon Panetta has publicly recognized the contributions of Dr. Shakeel Afridi, a Pakistani physician who assisted American intelligence prior to the 2011 operation targeting Osama bin Laden. During a CBS '60 Minutes' interview airing Sunday, Panetta urged Pakistan to release Afridi, stating: 'This individual provided crucial intelligence for the mission without betraying Pakistan's interests.' Afridi collaborated with the CIA by organizing a vaccination program to gather DNA evidence confirming bin Laden's presence in Abbottabad. Pakistani authorities, angered by the unilateral US raid, charged him with treason. Panetta countered: 'Targeting someone who aided counterterrorism efforts undermines our shared goals against al Qaeda.' The Defense Secretary also expressed doubts about Pakistan's awareness of bin Laden's hideout, noting military helicopters frequently flew over the compound's 18-foot walls. 'Someone must have questioned such unusual activity,' he remarked. The US withheld raid details from Pakistan over fears of potential leaks to bin Laden.",وزیر دفاع آمریکا، لئون پانتا، بهصورت عمومی نقش دکتر شکیل افریدی، پزشک پاکستانی که پیش از عملیات سال ۲۰۱۱ علیه اسامه بنلادن به اطلاعاتی آمریکا کمک کرد را تأیید کرده است. پانتا در مصاحبه با برنامه '۶۰ دقیقه' شبکه سیبیاس که یکشنبه پخش شد، خواستار آزادی افریدی شد و گفت: 'این فرد بدون خیانت به منافع پاکستان، اطلاعات حیاتی برای مأموریت ارائه داد.' افریدی با همکاری سیآیای، برنامهای واکسیناسیون برای جمعآوری نمونههای دیانای جهت تأیید حضور بنلادن در ابوتآباد ترتیب داد. مقامات پاکستانی که از اقدام یکجانبه آمریکا عصبانی بودند، او را به خیانت متهم کردند. پانتا پاسخ داد: 'هدفگیری فردی که در مبارزه با تروریسم همکاری کرده، اهداف مشترک ما علیه القاعده را خدشهدار میکند.' وزیر دفاع آمریکا همچنین به آگاهی مقامات پاکستانی از محل اختفای بنلادن مشکوک است و اشاره کرد که هلیکوپترهای نظامی مرتب از فراز دیوارهای ۵.۵ متری این مجموعه پرواز میکردند. او گفت: 'حتماً کسی باید میپرسید اینجا چه خبر است!' آمریکا بهدلیل نگرانی از لو رفتن عملیات، جزئیات را به پاکستان اطلاع نداد.,"🚨 US Defense Chief Panetta demands Pakistan release doctor who helped track Bin Laden. 'Targeting allies in counterterrorism is a mistake,' he says. New details raise questions about who in Pakistan knew where the terror leader was hiding. #USPakistanTensions #Counterterrorism",🚔 لئون پانتا، وزیر دفاع آمریکا، خواستار آزادی پزشک پاکستانی که در شناسایی بنلادن کمک کرد شد: 'هدف قرار دادن متحدان مبارزه با تروریسم اشتباه است.' سوالات جدید درباره آگاهی مقامات پاکستانی از محل اختفای بنلادن. #مناسبات_آمریکا_پاکستان #مبارزه_با_تروریسم,fas,eng_x,deepseek-ai_DeepSeek-R1-Turbo,real_news,[2],/eng_x_r/deepseek-ai_DeepSeek-R1-Turbo/fas/CoI_d5ac19f6-915a-4d29-b51a-76f1c6578401_fas_rewrite_light.json,eng,fas,eng,"[fas,eng]",eng,light,DialyNews,y,n,y,n
aa79aa5d-b850-4f4d-a3fc-8ed7c0546a28,"Senior Conservative Lord Heseltine has warned that English MPs may withhold support for expanded Scottish devolution unless their perceived 'secondary status' is addressed through 'England-specific voting protocols.' The proposed changes would prevent Scottish parliamentarians from voting on matters exclusively affecting England and Wales, particularly regarding tax rates and welfare policies. Commons Leader William Hague's recent proposals to prioritize English MPs' decisions on domestic legislation have drawn Labour's criticism. These reforms could complicate future budget approvals for Labour governments and challenge the feasibility of Scottish politicians serving as Prime Minister or Chancellor due to restricted voting rights on key English policies. Following Scotland's 2014 independence referendum, commitments for greater devolution have intensified constitutional debates. Hague outlined three options: completely barring Scottish MPs from England/Wales bills, granting English lawmakers amendment authority, or establishing an English veto system - the Conservatives' preferred approach. While supporting the veto concept, Liberal Democrats advocate for committee appointments reflecting regional election vote percentages rather than parliamentary representation, which would currently amplify their influence. Despite Hague's push for a New Year vote, interparty disputes suggest resolution before May's election remains improbable.",لرد هسلتین، چهره ارشد حزب محافظهکار هشدار داده که نمایندگان انگلیس ممکن است از حمایت گسترش اختیارات پارلمان اسکاتلند خودداری کنند، مگر اینکه نگرانیها درباره 'وضعیت فرودست' آنها با اجرای 'قوانین رأیگیری مخصوص انگلستان' برطرف شود. این تغییرات پیشنهادی، مشارکت نمایندگان اسکاتلندی در تصمیمات مربوط به مسائل خاص انگلستان و ولز - بهویژه نرخ مالیات و سیاستهای رفاهی - را محدود میکند. پیشنهادات اخیر ویلیام هیگ، رهبر مجلس عوام برای اولویتبندی تصمیمات نمایندگان انگلیسی در قوانین داخلی، با واکنش تند حزب کارگر روبرو شده است. این اصلاحات ممکن است تصویب بودجههای آینده دولتهای کارگر را دشوارتر کند و امکان حضور سیاستمداران اسکاتلندی در پستهای نخستوزیری یا وزارت خزانهداری را زیر سوال ببرد. پس از همهپرسی عدم استقلال اسکاتلند در سال ۲۰۱۴، وعدههای خودمختاری بیشتر، مجادلات درباره ساختار حکومتی را تشدید کرده است. هیگ سه گزینه مطرح کرد: محرومیت کامل نمایندگان اسکاتلندی از قوانین انگلستان/ولز، اعطای حق اصلاح قوانین به نمایندگان انگلیسی، یا ایجاد حق وتو برای آنها - که مورد ترجیح رهبری محافظهکاران است. لیبرال دموکراتها اگرچه با اصل حق وتو موافقند، اما پیشنهاد انتصاب اعضای کمیته بر اساس سهم آرای هر حزب در انتخابات قبلی را دادهاند که در حال حاضر به نفع آنهاست.儘管 هیگ قصد دارد این موضوع را به رأیگیری بگذارد، اختلافات بین احزاب نشان میدهد احتمال حل این مسئله قبل از انتخابات مه بسیار کم است.,🚨 Constitutional clash brewing! 🏴󠁧󠁢󠁥󠁮󠁧󠁿 Tory bigwigs warn English MPs may block Scottish devolution without 'fair vote' reforms. Will Scotland's tax powers reshape UK politics? 💷 #WestminsterWars #DevolutionDebate,⚡ درگیری قانون اساسی در راه است! محافظهکاران هشدار میدهند نمایندگان انگلیس بدون اصلاحات 'حق رأی عادلانه' ممکن است اختیارات اسکاتلند را مسدود کنند. آیا قدرتهای مالیاتی جدید ساختار سیاسی بریتانیا را تغییر میدهد؟ 💷 #مجادلات_وستمینستر #بحث_خودمختاری,fas,eng_x,deepseek-ai_DeepSeek-R1-Turbo,real_news,[2],/eng_x_r/deepseek-ai_DeepSeek-R1-Turbo/fas/CoI_aa79aa5d-b850-4f4d-a3fc-8ed7c0546a28_fas_rewrite_moderate.json,eng,"[fas,zho]",eng,fas,eng,moderate,DialyNews,y,n,y,n
09a94b8a-d4d9-4301-8a1f-674399845535,"The iconic portrait of Argentine revolutionary Ernesto 'Che' Guevara, captured by Cuban photographer Alberto Korda on March 5, 1960 during a Havana memorial service, has transcended its origins to become a universal cultural phenomenon. Initially documenting the political event, Korda's image gradually evolved into a multifaceted symbol adopted by diverse groups - from Marxist activists to corporate marketers. Journalist Michael Casey of Dow Jones Newswires explores in 'Che's Afterlife' how this photograph achieved unprecedented global recognition, appearing on protest banners and consumer products worldwide. Casey argues the image's enduring appeal stems from its ability to embody both revolutionary ideals and commercial aspirations simultaneously. This duality positions Che's likeness as a 'post-modern icon' now facing competition from contemporary political imagery like Shepard Fairey's Barack Obama 'Hope' design. The analysis suggests such visual branding significantly impacts international relations, particularly in reshaping perceptions between North and South America.",تصویر نمادین انقلابی آرژانتینی ارنستو 'چه' گوارا که در 5 مارس 1960 توسط عکاس کوبایی آلبرتو کوردا در مراسم یادبودی در هاوانا ثبت شد، از محدودهی اولیه خود فراتر رفته و به پدیدهای فرهنگی جهانی تبدیل شده است. این عکس که ابتدا صرفاً مستندسازی یک رویداد سیاسی بود، به مرور به نمادی چندبُعدی تبدیل شد که گروههای مختلف از مارکسیستها تا شرکتهای تجاری از آن استفاده میکنند. مایکل کیسی، روزنامهنگار سازمان خبری داو جونز، در کتاب 'عمر دوبارهی چه' بررسی میکند که چگونه این عکس به پرتکرارترین تصویر جهان تبدیل شده و روی بنرهای اعتراضی تا محصولات مصرفی در سراسر جهان دیده میشود. به باور کیسی، ماندگاری این تصویر از توانایی بیهمتای آن در نمایش همزمان آرمانهای انقلابی و اهداف بازاریابی سرچشمه میگیرد. این دوگانگی، چهره چه را به 'نماد فرامدرن' تبدیل کرده که اکنون با رقابت طرحهای سیاسی جدید مانند پوستر 'امید' باراک اوباما اثر شپرد فِری مواجه است. این تحلیل نشان میدهد برندسازی تصویری چه تأثیر قابل توجهی در روابط بینالمللی، بهویژه در بازتعریف روابط آمریکای شمالی و جنوبی داشته است.,From revolutionary icon to global brand 🔥 The story behind Che Guevara's face you see everywhere! 📸 New book reveals how a 1960 photo became history's most reproduced image - used by rebels AND corporations. Is Obama's 'Hope' poster the new Che? #CulturalIcon #HistoryInPictures,از نماد انقلابی تا برند جهانی 🔥 داستان پشت تصویر چه گوارا که همهجا میبینید! 📸 کتاب جدید نشان میدهد چگونه عکس 1960 به پرتکرارترین تصویر تاریخ تبدیل شد - همزمان مورد استفاده شورشیان و شرکتها! آیا پوستر 'امید' اوباما چهِ جدید است؟ #نماد_فرهنگی #تاریخ_در_تصویر,fas,eng_x,deepseek-ai_DeepSeek-R1-Turbo,real_news,[2],/eng_x_r/deepseek-ai_DeepSeek-R1-Turbo/fas/CoI_09a94b8a-d4d9-4301-8a1f-674399845535_fas_rewrite_complete.json,eng,fas,eng,fas,eng,complete,DialyNews,n,y,y,n
4b443dac-e8c3-452c-bebb-3f79db8a052d,"Mohit Burman, Chairman of Dabur Group, clarified their acquisition strategy: 'We're progressing through standard regulatory channels with CCI, SEBI, IRDA, and RBI. While preliminary approvals are secured, we're addressing procedural requirements and stakeholder concerns methodically.' On governance matters, Burman stated: 'Shareholder representation follows established corporate protocols. We engage stakeholders while respecting existing board structures until regulatory clearances finalize.' Detailing growth plans, he explained: 'Religare's Care Health Insurance remains core, but we'll enhance broking and NBFC operations through digital transformation and capital investment. Our Eveready success - maintaining management while upgrading infrastructure - guides this approach.' Regarding market expansion, Burman noted: 'Eveready's new alkaline battery plant challenges market leaders, while optimized distribution and Bain's advisory help explore new consumer sectors without compromising B2C focus.'",محمد برمن، رئیس گروه دابور، استراتژی خرید شرکت رلیگار را تشریح کرد: 'ما مطابق با شیوهنامههای استاندارد سازمانهای نظارتی شامل CCI، SEBI، IRDA و RBI پیش میرویم. با وجود دریافت مجوزهای اولیه، بهصورت نظاممند به تکمیل فرآیندهای قانونی و رفع نگرانیهای سهامداران میپردازیم.' برمن در مورد ساختار مدیریتی بیان کرد: 'تعیین نمایندگان سهامداران تابع قوانین حاکمیتی شرکتهاست. ما تا زمان اخذ مجوزهای نهایی، ضمن گفتگو با ذینفعان، ساختار فعلی هیئت مدیره را محترم میشماریم.' او درباره برنامههای توسعهای توضیح داد: 'بیمه سلامت کر بهعنوان بخش اصلی رلیگار حفظ میشود، اما با سرمایهگذاری و دیجیتالسازی بخشهای کارگزاری و اعتباری، ظرفیتهای جدید ایجاد خواهیم کرد. تجربه موفق ما در احیای اوریدی با حفظ تیم مدیریتی موجود، الگوی این تحول است.' در بخش بازارهای جدید، برمن افزود: 'کارخانه جدید باتریهای قلیایی اوریدی برای رقابت با برندهای پیشرو طراحی شده است. همزمان، با بهینهسازی شبکه توزیع و استفاده از مشاوره تخصصی شرکت بین، بهدنبال ورود به حوزههای مصرفی جدید بدون انحراف از تمرکز B2C هستیم.',"Dabur's Mohit Burman outlines Religare takeover strategy: Regulatory approvals in focus, digital transformation planned for key units. 'We'll replicate Eveready's success model' #CorporateStrategy #IndiaBiz",محمد برمن دابور استراتژی خرید رلیگار را تشریح کرد: تمرکز بر مجوزهای نظارتی و تحول دیجیتال در بخشهای کلیدی. 'الگوی موفق اوریدی را تکرار خواهیم کرد' #استراتژی_شرکتی #اقتصاد_ایران,fas,eng_x,deepseek-ai_DeepSeek-R1-Turbo,real_news,[0],/eng_x_r/deepseek-ai_DeepSeek-R1-Turbo/fas/CoI_4b443dac-e8c3-452c-bebb-3f79db8a052d_fas_edit.json,eng,fas,eng,fas,eng,light,GlobalNews,y,n,y,n
a7e2af63-beae-4008-aa3a-7f9b30fb92df,"A Florida mother faces aggravated manslaughter charges after her 11-month-old son died in a hot car, marking her third arrest related to child endangerment despite previous assessments deeming her children 'safe.' Catalina Marista Bruno, 30, was charged Saturday in Miami-Dade County after her son Bryan Miguel Osceola was found unconscious in her vehicle Thursday with a body temperature of 109°F (42.8°C). Authorities state Bruno forgot the child in the car around noon. The father, Amos Osceola, discovered the child after questioning Bruno. Police reported finding a beer can and Bruno's purse in the vehicle. Bruno had prior arrests in November 2012 for DUI/child neglect and in July 2012 for domestic violence-related alcohol use. Despite these incidents, she never completed court-ordered interventions. A judge set bail at $250,000, revoked custody of her two surviving children, and mandated GPS monitoring if released. The Department of Children & Families had previously assessed 'moderate' risk but maintained the children's 'safe' status. Bruno's attorney disputes connections between current and prior cases.",یک مادر فلوریدایی به اتهام قتل عمدی شدید ناشی از مرگ پسر ۱۱ ماههاش در خودروی گرم بازداشت شد. این سومین مورد بازداشت کاتالینا ماریستا برونو (۳۰ ساله) در پروندههای مرتبط با بیتوجهی به کودکان است، در حالی که پیشتر فرزندانش 'ایمن' ارزیابی شده بودند. پسر او برایان میگل اوسیولا با دمای بدن ۴۲.۸ درجه سانتیگراد در خودرو پیدا شد. مقامات تاکید کردند برونو کودک را حدود ظهر در خودرو فراموش کرده بود. پدر کودک، اموس اوسیولا، پس از جستجو موفق به پیدا کردن پسرش شد. پلیس یک قوطی آبجو و کیف دستی برونو را در خودرو کشف کرد. این مادر پیشتر در نوامبر ۲۰۱۲ به دلیل رانندگی تحت تاثیر الکل و بیتوجهی به کودک، و در ژوئیه ۲۰۱۲ در یک مورد خشونت خانگی مرتبط با مصرف الکل بازداشت شده بود. قاضی وثیقه ۲۵۰ هزار دلاری تعیین کرده و حضانت دو فرزند دیگر او را لغو نموده است. سازمان حمایت از کودکان و خانوادهها پیشتر 'خطر متوسط' اما وضعیت 'ایمن' را اعلام کرده بود. وکیل برونو هرگونه ارتباط بین پروندهها را رد میکند.,"'FL mom faces 3rd child endangerment charge after infant dies in hot car 🔥🚗 Despite prior 'safe' rating, 30yo Catalina Bruno now charged with manslaughter. No custody, GPS tracking if released. #ParentalNeglect #SystemFailure'",'مادر فلوریدایی سومین اتهام بیتوجهی به کودک پس از مرگ نوزاد در خودروی داغ 🔥🚗 کاتالینا برونو (۳۰ ساله) با وجود ارزیابی 'ایمن' پیشین، حالا متهم به قتل عمدی. لغو حضانت و نظارت جیپیاس پس از آزادی. #بیمسئولیتی_والدین #مشکل_سیستمی',fas,eng_x,deepseek-ai_DeepSeek-R1-Turbo,real_news,[0],/eng_x_r/deepseek-ai_DeepSeek-R1-Turbo/fas/CoI_a7e2af63-beae-4008-aa3a-7f9b30fb92df_fas_edit.json,eng,fas,eng,fas,eng,light,DialyNews,y,n,y,n
0e4aca10-86fe-4e37-a417-302dd24eca7d,"In a remarkable display of engineering prowess, Land Rover's 2023 Range Rover Sport faced an unusual competitor - a 1945 Spitfire fighter plane - during a staged promotional race at West Sussex's Goodwood Aerodrome. Organized by FortyOneSix.com ahead of the Goodwood Festival of Speed, the event saw the luxury SUV initially surge ahead on grassy terrain using its advanced 4WD system. The vintage aircraft's 1,750 horsepower Merlin engine enabled it to achieve takeoff speed at 80mph, soaring past the vehicle mid-course. While the Range Rover demonstrated impressive 130mph off-road speed during its U-turn maneuver, the Spitfire's aerial advantage proved insurmountable despite its 400mph maximum capability. Jaguar Land Rover's chief engineer Mike Cross highlighted the challenge of high-speed braking on uneven ground during this novelty competition.",در نمایشی چشمگیر از تواناییهای مهندسی، خودروی رنجرور اسپورت ۲۰۲۳ شرکت لندروور در رقابتی تبلیغاتی با یک هواپیمای جنگی تاریخی - اسپیتفایر مدل ۱۹۴۵ - در فرودگاه گودوود ساسکس غربی به رقابت پرداخت. این رویداد که توسط پایگاه FortyOneSix.com پیش از جشنواره سرعت گودوود سازماندهی شده بود، ابتدا خودروی شاسیبلند لوکس با استفاده از سیستم پیشرفته محرک چهارچرخ خود روی زمینهای چمنی پیشتاز شد. موتور ۱۷۵۰ اسب بخاری مرلین این هواپیمای قدیمی امکان پرواز و سبقتگیری پس از رسیدن به سرعت ۱۳۰ کیلومتر بر ساعت را فراهم کرد. هرچند رنجرور اسپورت در زمین ناهموار به سرعت ۲۱۰ کیلومتر بر ساعت رسید، اما برتری هوایی اسپیتفایر با وجود توانایی رسیدن به ۶۴۰ کیلومتر بر ساعت تعیینکننده ماند. مایک کراس، مهندس ارشد لندروور، چالشهای کنترل خودرو در سرعتهای بالا و ترمزگیری روی سطوح ناهموار در این رقابت نمادین را تشریح کرد.,Epic showdown! 🚗💨 vs ✈️ Watch the 2023 Range Rover Sport take on a WWII Spitfire in a wild off-road vs airborne race! Who won? 👀 #EngineeringMarvels #GoodwoodSpeed #HistoricFaceOff,رقابتی بینظیر! 🚗💨 در برابر ✈️ رنجرور اسپورت ۲۰۲۳ در چالش با جنگنده تاریخی اسپیتفایر! پیروز این نبرد عجیب چه کسی بود؟ 👀 #معجزه_مهندسی #جشنواره_سرعت_گودوود #رقابت_تاریخی,fas,eng_x,deepseek-ai_DeepSeek-R1-Turbo,real_news,[2],/eng_x_r/deepseek-ai_DeepSeek-R1-Turbo/fas/CoI_0e4aca10-86fe-4e37-a417-302dd24eca7d_fas_rewrite_moderate.json,eng,fas,eng,fas,eng,moderate,DialyNews,y,n,y,n
bf852fdc-94e3-46d3-b73c-1e89ef1cfbf8,"Hoverboards provide children with innovative transportation while requiring strict safety measures. UL 2272-certified battery systems prevent combustion risks addressed through CPSC regulations. Our recommendations: 1. Swagatron Swagboard Twist T580 (14 lbs, 6 mph, 5-mile range) features LifePO4 batteries and 10-inch all-terrain tires. 2. Gotrax SRX Mini ($88) supports riders up to 132 lbs. 3. Segway Ninebot S Kids offers app-controlled features and 8.7 mph speeds. Always verify holographic UL labels and use protective gear per manufacturer guidelines.",هاوربردها وسیله نقلیه نوآورانهای برای کودکان با نیاز به رعایت استانداردهای ایمنی هستند. باتریهای دارای گواهینامه UL 2272 از خطر آتشسوزی جلوگیری میکنند. توصیههای منتخب: ۱. هوربرد سوئگاترون T580 (۶۴ کیلوگرم، سرعت ۱۰ کیلومتر بر ساعت، برد ۸ کیلومتر) با باتریهای مقاوم و لاستیکهای همهفصل. ۲. گوتراکس SRX مینی (قیمت ۸۸ دلار) برای کودکان تا ۶۰ کیلوگرم. ۳. سگوی ناینبوت با قابلیت کنترل اپلیکیشنی و سرعت ۱۴ کیلومتر بر ساعت. استفاده از کلاه ایمنی و بررسی برچسبهای استاندارد اجباری است.,Zoom into fun safely! 🛴 Our top hoverboard picks for kids combine thrill with UL2272-certified security. From all-terrain Swagboards to app-controlled Segways – find your perfect match! #HoverSafe #KidsTech,سفرهای پرسرعت و ایمن! 🚀 بهترین هوربردهای کودکان با گواهی UL2272. از مدلهای همهفصل تا کنترل با اپ – انتخاب خود را پیدا کنید! #ایمنی_کودکان #تکنولوژی_شاد,fas,eng_x,deepseek-ai_DeepSeek-R1-Turbo,real_news,[1],/eng_x_r/deepseek-ai_DeepSeek-R1-Turbo/fas/CoI_bf852fdc-94e3-46d3-b73c-1e89ef1cfbf8_fas_polish.json,eng,fas,eng,fas,eng,moderate,GlobalNews,y,n,y,n
3f8cfeb8-08cd-405c-b80d-ce27595ad223,"Rainbow Loom bands have achieved global popularity exceeding expectations of their creator, Malaysian-born engineer Cheong Choon Ng, 45. Four years ago, while making rubber-band bracelets with his daughters Teresa (now 16) and Michelle (13), Ng struggled with the small bands due to his large fingers. This inspired him to create a miniature loom using pins in wood. The travel-sized Finger Loom, launching this week, aims to maintain his company's growth trajectory. Ng invested $10,000 family savings to patent and manufacture a plastic version in China. Initially sold as $15 kits containing a 2x8-inch loom, crochet hook, and 600 colored bands, the product gained traction after Learning Express Toys ordered 24 units in 2012. Choon's Design, based in Wixom, Michigan, has since sold over 8 million looms and 40 million band packs worldwide. Celebrity sightings including Kate Middleton, Prince William, and Pope Francis wearing the bracelets caused sales spikes up to 300%. Despite success, Ng acknowledges the toy industry's volatility and is expanding into Germany and Japan while developing new products. However, safety concerns emerged after injuries were reported, including a child nearly losing fingers and another eye injury. Counterfeit products containing dangerous phthalate levels (up to 50% in some charms) have prompted official warnings about unregulated imitations violating U.S. Toy Safety Standards.",بندهای رینبو لوم به محبوبیتی جهانی دست یافتهاند که فراتر از تصورات چئونگ چون نگ، مهندس 45 ساله مالزیایی خالق آنهاست. چهار سال پیش، هنگام ساخت دستبندهای کشی با دخترانش ترزا (16 ساله) و میشل (13 ساله)، نگ به دلیل اندازه بزرگ انگشتانش در کار با کشها مشکل داشت. این مسئله او را به ساخت یک دار مینیاتوری با استفاده از میخهای چوبی سوق داد. محصول جدید فینگر لوم با اندازه جمعوجور که این هفته عرضه میشود، هدف حفظ روند رشد شرکت را دنبال میکند. نگ 10 هزار دلار از پسانداز خانواده را برای ثبت اختراع و تولید نسخه پلاستیکی در چین سرمایهگذاری کرد. کیتهای 15 دلاری حاوی دار 20 سانتیمتری، قلاب بافتنی و 600 کش رنگی ابتدا پس از سفارش 24 عددی فروشگاه لرنینگ اکسپرس تویز در سال 2012 مورد استقبال قرار گرفتند. شرکت چونز دیزاین مستقر در ویکسوم میشیگان تاکنون بیش از 8 میلیون دار و 40 میلیون بسته کش در جهان فروخته است. مشاهده این دستبندها توسط افراد مشهوری مانند کیت میدلتون، پرنس ویلیام و پاپ فرانسیس باعث افزایش 300 درصدی فروش شد. با وجود موفقیت، نگ به نوسانپذیری صنعت اسباببازی اذعان دارد و در حال توسعه محصولات جدید و گسترش به بازارهای آلمان و ژاپن است. با این حال نگرانیهای ایمنی پس از گزارش آسیبهایی شامل قطعی انگشتان یک کودک و آسیب چشمی دیگری مطرح شد. محصولات تقلبی حاوی سطوح خطرناک فتالات (تا 50 درصد در برخی آویزها) موجب هشدارهای رسمی درباره نسخههای غیراستاندارد شده است.,From dad's garage to global craze! 🌈 Malaysian engineer Cheong Choon Ng turned finger trouble into a $130M Rainbow Loom empire. Celeb-approved but watch out for fakes! #DIYCraft #SafetyFirst,از گاراژ پدری تا جریان جهانی! 🌈 چئونگ چون نگ مهندس مالزیایی مشکل انگشتانش را به امپراتوری 130 میلیون دلاری رینبو لوم تبدیل کرد. مورد تایید سلبریتیها، اما مراقب تقلبها باشید! #صنایع_دستی #سلامتی_اول,fas,eng_x,deepseek-ai_DeepSeek-R1-Turbo,real_news,[1],/eng_x_r/deepseek-ai_DeepSeek-R1-Turbo/fas/CoI_3f8cfeb8-08cd-405c-b80d-ce27595ad223_fas_polish.json,eng,fas,eng,fas,eng,moderate,DialyNews,y,n,y,n
c4280a3c-fad8-4589-8b46-5bb53a1c13e3,"Purchasing a used vehicle requires careful vetting. Comprehensive history reports from third-party services combine motor vehicle department records, police data, and industry sources to uncover a car's past. Critical factors to examine: Ownership History: Multiple previous owners or commercial service history (rental fleets/taxis) often correlate with varied maintenance quality, even when priced attractively. Geographic Exposure: Vehicles from regions with severe winter conditions (using road salt), coastal areas (saltwater exposure), or flood zones may harbor hidden structural or corrosion issues. Authenticity Checks: Ensure physical vehicle details match report descriptions to prevent VIN cloning fraud - a tactic where stolen cars adopt legitimate identification numbers. Collision Records: Unreported accident indicators like bodywork repairs appear in services like CARFAX, which compiles over five billion records from North American DMVs, law enforcement, and automotive institutions.",خرید خودروی کارکرده نیازمند بررسی دقیق است. گزارشهای تاریخچه خودرو از منابع معتبر، اطلاعات سازمانهای ثبت خودرو، دادههای پلیس و مراجع مرتبط را گردآوری میکنند تا پیشینه کامل خودرو را نشان دهند. نکات مهم برای بررسی شامل: سابقه مالکیت: خودروهایی با چندین مالک قبلی یا سابقه استفاده سازمانی (مثل تاکسی یا خودروهای اجارهای) معمولاً نگهداری یکنواختی نداشتهاند، حتی اگر قیمت مناسبی داشته باشند. آثار جغرافیایی: خودروهای مناطق با زمستانهای سخت (استفاده از نمک برای یخزدایی)، مناطق ساحلی (نمک دریا) یا مناطق مستعد سیل ممکن است آسیبهای پنهان داشته باشند. تأیید هویت: مطمئن شوید مشخصات فنی خودرو با گزارش ارائه شده همخوانی دارد تا از کلاهبرداری 'کپی VIN' پیشگیری شود - روشی که در آن خودروهای سرقتی با شمارههای شناسایی معتبر جعل میشوند. سوابق تعمیرات: نشانههای تصادفهای گزارشنشده مانند تعمیرات بدنه در سامانههایی مانند CARFAX قابل ردیابی است که بیش از ۵ میلیارد سند از ادارات ثبت آمریکای شمالی و مراجع قانونی جمعآوری کردهاند.,"🚗 Thinking of buying used? Don't get taken for a ride! Check vehicle history reports to uncover hidden issues like multiple owners, flood damage, or VIN scams. #SmartCarBuying #CARFAXCheck",🚗 قصد خرید خودروی کارکرده دارید؟ گزارش تاریخچه خودرو رو فراموش نکنید! بررسی مالکیت قبلی، آسیبهای پنهان و کلاهبرداری VIN رو از دست ندهید. #خرید_هوشمندانه #کارفکس,fas,eng_x,deepseek-ai_DeepSeek-R1-Turbo,real_news,[2],/eng_x_r/deepseek-ai_DeepSeek-R1-Turbo/fas/CoI_c4280a3c-fad8-4589-8b46-5bb53a1c13e3_fas_rewrite_moderate.json,eng,fas,eng,fas,eng,moderate,DialyNews,y,n,y,n
1568a44d-c58a-44da-b3c0-bb3ba31278e0,"A German furniture retailer has initiated a recall of decorative mugs accidentally featuring Adolf Hitler's image, offering €15 gift vouchers for returned items. The Zurbrueggen home improvement store in Bielefeld discovered Nazi-era stamps hidden within floral designs on Chinese-produced ceramics, violating Germany's strict laws against Nazi symbolism. Of 5,000 mugs manufactured, 175 were sold at under €3 each before the error was detected. Store owner Christian Zurbrueggen described the incident as 'a terrible combination of unfortunate circumstances,' with 4,825 remaining units destroyed. Customer Agner Teewald expressed shock upon noticing the hidden imagery. Both company and manufacturer have launched investigations. Zurbrueggen acknowledged stocking urgency contributed to missing the oversight, offering sincere apologies while implementing corrective measures.",یک فروشگاه مبلمان آلمانی با کشف تصویر پنهان آدولف هیتلر روی فنجانهای تزئینی، اقدام به فراخوان این محصولات کرده است. فروشگاه زوربروگن در شهر بیلهفلد با ارائه کوپن ۱۵ یورویی از مشتریان میخواهد فنجانهای حاوی تمبرهای دوره نازی را بازگردانند. این طرحهای استتارشده که روی محصولات ساخت چین وجود داشت، نقض آشکار قوانین ممنوعیت نمادهای نازی در آلمان محسوب میشود. از مجموع ۵۰۰۰ فنجان تولیدی، ۱۷۵ عدد با قیمت زیر ۳ یورو به فروش رسید. کریستین زوربروگن، مدیر فروشگاه، این اتفاق را 'حاصل زنجیرهای از اشتباهات نابخشودنی' خواند و اعلام کرد ۴۸۲۵ عدد باقیمانده معدوم شدهاند. یکی از مشتریان به نام آگنر تیوالد از شوک خود هنگام تشخیص تصویر هیتلر حین صبحانه خبر داد. طرفین تولیدکننده و فروشگاه در حال بررسی علت این خطا هستند. زوربروگن با عذرخواهی رسمی، شتاب در فرایند عرضه کالا به قفسهها را عامل اصلی این اشتباه توصیف کرده و قول پیگیری اصلاحی داد.,Whoopsie-daisy! 🫖 German store recalls 'flower power' mugs hiding Hitler stamps. Offering €15 vouchers for returns - 175 sold before Nazi imagery spotted. 'Worst breakfast surprise ever' says customer. #RetailFail #HistoryLessons,فروشگاه آلمانی فنجانهای گلدار با تصویر پنهان هیتلر را فراخوان کرد! 🧐 پیشنهاد کوپن ۱۵ یورویی برای بازگرداندن کالا - ۱۷۵ عدد فروخته شده قبل از کشف تصاویر نازی. یک مشتری: 'بدترین شوک صبحگاهی ممکن!' #اشتباه_فروشگاهی #تاریخ_تکرار_نشود,fas,eng_x,deepseek-ai_DeepSeek-R1-Turbo,real_news,[1],/eng_x_r/deepseek-ai_DeepSeek-R1-Turbo/fas/CoI_1568a44d-c58a-44da-b3c0-bb3ba31278e0_fas_polish.json,eng,fas,eng,fas,eng,moderate,DialyNews,y,n,y,n
73c3b9c6-d772-426a-9130-5afad63f0805,"John Wilson Jr., now 41, received a 160-year prison sentence Friday for the 2011 murder of 14-year-old Kelli O'Laughlin during a home burglary in Indian Head Park, Illinois. Wilson, then 38 and on parole, broke into the O'Laughlin family's residence using a landscaping rock wrapped in a red knit cap to smash a window. Court records show Kelli encountered Wilson in her family room after returning from school around 3:40 PM on October 27, 2011. Forensic evidence confirmed Wilson stabbed the teenager multiple times with an 8-inch kitchen knife, inflicting fatal wounds including a punctured aorta. After moving her body to the kitchen, Wilson stole items including coins, an iPod Touch, and the victim's phone before fleeing in a taxi paid for with stolen coins. Brenda O'Laughlin discovered her daughter's body at approximately 5:30 PM upon returning from work. Kelli was pronounced dead at a hospital that evening. The following morning, Brenda received taunting text messages from her daughter's stolen phone, including one stating: 'She wanted to tell you something before I killed her.' DNA analysis of the knit cap left at the scene conclusively matched Wilson's profile. Three independent witnesses identified Wilson in police lineups. During sentencing proceedings, court transcripts document Wilson's disruptive behavior, including feigning sleep and making inappropriate remarks to the victim's mother. In his sentencing remarks, Judge John Hynes characterized the murder as 'a crime that shocked the community's conscience.' While the O'Laughlin family acknowledged the finality of the sentence, Brenda O'Laughlin stated: 'Justice will never be done because Kelli's never coming home.' The family intends to focus efforts on maintaining Kelli's charitable foundation.",جان ویلسون جونیور (۴۱ ساله) روز جمعه به اتهام قتل کالی او'لاکلین ۱۴ ساله در جریان سرقت از منزل مسکونی در سال ۲۰۱۱ در ایندیان هد پارک ایلینوی، به ۱۶۰ سال حبس محکوم شد. این متهم که در زمان ارتکاب جرم ۳۸ ساله و تحت آزادی مشروط بود، با شکستن پنجره منزل خانواده او'لاکلین توسط سنگی پیچیده در کلاه بافتنی قرمز وارد خانه شده بود. بر اساس مستندات قضایی، کالی پس از بازگشت از مدرسه در ساعت حدود ۱۵:۴۰ روز ۲۷ اکتبر ۲۰۱۱ در اتاق نشیمن با ویلسون مواجه شد. بررسیهای پزشکی قانونی نشان داد ویلسون با چاقوی آشپزخانه ۲۰ سانتیمتری، نوجوان را چندین بار مضروب کرده که منجر به جراحات مرگباری از جمله پارگی سرخرگ آئورت شد. ویلسون پس از انتقال جسد به آشپزخانه، اقلامی شامل سکههای طلا، دستگاه آیپاد و تلفن همراه قربانی را سرقت کرده و با تاکسی که کرایه آن را با سکههای دزدیده شده پرداخت کرد، از محل فرار نمود. برندا او'لاکلین حدود ساعت ۱۷:۳۰ پس از بازگشت از محل کار، جسد دخترش را در منزل یافت. کالی همان شب در بیمارستان جان باخت. صبح روز بعد، برندا از طریق تلفن همراه سرقتی دخترش پیامهای توهینآمیزی دریافت کرد که یکی از آنها حاوی این متن بود: 'او میخواست قبل از کشتنش چیزی به تو بگوید.' مطالعه دیانای انجامشده روی کلاه بافتنی یافتشده در صحنه جرم، بهطور قطعی با نمونه ژنتیکی ویلسون مطابقت داشت. سه شاهد عینی نیز ویلسون را در روند شناسایی پلیس تأیید کردند. گزارشهای دادگاه نشان میدهد ویلسون در جریان جلسات دادرسی رفتارهای نامتعارفی از جمله تظاهر به خواب و بیان اظهارات تمسخرآمیز خطاب به مادر قربانی از خود نشان میداد. قاضی جان هاینز در حکم خود این جنایت را 'عملی شوکهکننده برای وجدان جامعه' توصیف کرد. اگرچه خانواده او'لاکلین قطعیت حکم را پذیرفتند، برندا او'لاکلین تأکید کرد: 'تحقق عدالت واقعی ممکن نیست، چرا که کالی هرگز به خانه بازنخواهد گشت.' این خانواده اعلام کردند تمرکز خود را بر ادامه فعالیتهای بنیاد خیریه به نام کالی معطوف خواهند کرد.,"Justice served! John Wilson Jr. gets 160 years for brutal 2011 murder of teen Kelli O'Laughlin. After 12 years, her family finally gets closure. 'He'll never hurt another child,' says grieving mom. #JusticeForKelli #EndViolence",عدالت محقق شد! جان ویلسون جونیور به ۱۶۰ سال حبس به دلیل قتل فجیع کالی او'لاکلین نوجوان در سال ۲۰۱۱ محکوم شد. پس از ۱۲ سال، خانواده قربانی بالاخره به آرامش نسبی رسیدند. مادر عزادار: 'او دیگر هرگز نمیتواند به کودکی آسیب بزند' #عدالت_برای_کالی #پایان_خشونت,fas,eng_x,deepseek-ai_DeepSeek-R1-Turbo,real_news,[1],/eng_x_r/deepseek-ai_DeepSeek-R1-Turbo/fas/CoI_73c3b9c6-d772-426a-9130-5afad63f0805_fas_polish.json,eng,fas,eng,fas,eng,moderate,DialyNews,y,n,y,n
4e932c72-8681-4b1d-9334-0eb8400a7eb0,"Two wildfires have combined near Florida's Okefenokee National Wildlife Refuge, posing significant threats to protected areas. The Honey Prairie fire, burning since late April, merged with the Paxton Road fire on Tuesday according to U.S. Forest Service reports. All 526 firefighters are working tirelessly to contain the blaze, now 75% controlled. 'We're focused on protecting the wildlife refuge while managing complex swamp conditions,' said Forest Service spokesperson Haven Cook. Despite containment progress, officials warn that peat soil allows fires to smolder and reignite easily. The fire reached Chesser Island, destroying 90% of its 4,000-foot boardwalk while sparing historic structures. Governor Rick Scott declared a state of emergency Monday as drought persists. Forecasters predict potential rain later this week, but Cook notes 'this could require weeks of monitoring until substantial rainfall occurs.'",دو آتشسوزی جنگلی در مجاورت پناهگاه حیات وحش ملی اوکفنوکی فلوریدا ادغام شده و خطری جدی برای مناطق تحت حفاظت ایجاد کرده است. آتش موسوم به 'هانی پریری' که از اواخر آوریل فعال بود، روز سهشنبه با حریق 'پاکستون رود' ترکیب شد. ۵۲۶ آتشنشان بهصورت شبانهروزی مشغول مهار این آتش هستند که هماینک ۷۵٪ تحت کنترل قرار گرفته است. هاون کوک، سخنگوی سازمان جنگلداری ایالات متحده تأکید کرد: 'تمرکز اصلی ما حفاظت از پناهگاه حیات وحش در شرایط پیچیده مردابی است.' اگرچه پیشرفتهای قابل توجهی در مهار آتش حاصل شده، اما مسئولان هشدار میدهند خاک پیت (زغال سنگ نارس) امکان شعلهور شدن مجدد آتش را فراهم میسازد. این حریق به جزیره چسر رسیده و ۹۰٪ از پیادهروی چوبی ۴۰۰۰ فوتی این منطقه توریستی را تخریب کرده است. فرماندار ریک اسکات دوشنبه با اشاره به خشکسالی مستمر، وضعیت اضطراری اعلام نمود. پیشبینیهای هواشناسی احتمال بارش باران در پایان هفته را مطرح کردهاند، اما کوک خاطرنشان کرد 'برای مهار کامل نیاز به چند هفته نظارت مستمر تا وقوع بارندگی کافی وجود دارد.',🔥FLORIDA WILDFIRE ALERT🔥 Two massive fires merged near Okefenokee Wildlife Refuge! 🐻❌ Over 500 firefighters battling flames in tricky swamp conditions. 90% of Chesser Island's boardwalk destroyed 😢 #NatureEmergency #FLfires #StaySafe,🔥هشدار آتشسوزی در فلوریدا🔥 دو آتشسوزی بزرگ در نزدیکی پناهگاه اوکفنوکی ادغام شدند! 🐻❌ بیش از ۵۰۰ آتشنشان در حال مبارزه با آتش در شرایط سخت مردابی. ۹۰٪ از پیادهروی جزیره چسر نابود شد 😢 #وضعیت_اضطراری #آتش_فلوریدا #ایمن_بمانید,fas,eng_x,deepseek-ai_DeepSeek-R1-Turbo,real_news,[1],/eng_x_r/deepseek-ai_DeepSeek-R1-Turbo/fas/CoI_4e932c72-8681-4b1d-9334-0eb8400a7eb0_fas_polish.json,eng,fas,eng,fas,eng,moderate,DialyNews,y,n,y,n
0ce65959-33f3-485c-b3b8-1237557908a9,"By Suzannah Hills | Published: 28 November 2012 | Updated: 07:06 EST Up to 5,000 Comet employees face potential job losses before Christmas as administrators announce 125 store closures. Deloitte confirmed it will keep remaining 70 stores open only until stock is sold. Administrators stated they remain in discussions with potential buyers but must begin closures without a firm offer. The Harlow, Essex distribution center will close this Friday, while Skelmersdale's facility continues operations. Southampton entrepreneur Clive Coombes had shown interest in a rescue deal. Joint-administrator Chris Farrington noted: 'We hope for a positive outcome but must prepare for closures if no sale occurs.' Approximately 3,000 jobs will be immediately affected, with all 5,000 positions at risk if no buyer emerges. Deloitte has already cut 1,500 jobs since appointment. Farrington confirmed employees will receive owed payments and access to job assistance programs. Over 35 employers have expressed interest in hiring former Comet staff. Comet's collapse follows similar high-street failures like Woolworths (2008) and JJB Sports. Contributing factors include weak retail conditions, online competition, and lack of trade credit insurance.",نوشته سوزانا هیلز | انتشار: ۲۸ نوامبر ۲۰۱۲ | به‌روزرسانی: ۰۷:۰۶ به وقت EST حدود ۵٬۰۰۰ کارمند فروشگاه‌های کومت ممکن است تا پیش از کریسمس شغل خود را از دست بدهند، پس از آنکه مدیران اجرایی اعلام کردند ۱۲۵ فروشگاه تعطیل خواهند شد. شرکت حسابداری دلویت تأیید کرد که تنها ۷۰ فروشگاه باقیمانده را تا زمان فروش موجودی کالاها باز نگه می‌دارد. مدیران اجرایی اعلام کردند که هنوز با خریداران احتمالی در حال مذاکره هستند، اما بدون دریافت پیشنهاد قطعی برای خرید کل کسب‌وکار، مجبور به شروع فرآیند تعطیلی شده‌اند. مرکز توزیع هارلو در اسکس روز جمعه آینده تعطیل می‌شود، در حالی که مرکز اسکلمرزدیل به فعالیت خود ادامه خواهد داد. کلایو کومبز، کارآفرین ساکن ساوتهمپتون، پیش‌تر علاقه خود را برای ارائه پیشنهاد خرید اعلام کرده بود. کریس فارینگتون، مدیر اجرایی مشترک، گفت: 'امیدواریم به نتیجه مثبت برسیم، اما باید برای سناریوی تعطیلی فروشگاه‌ها در صورت عدم توافق نهایی آماده باشیم.' حدود ۳٬۰۰۰ شغل به صورت مستقیم تحت تأثیر این تصمیم قرار می‌گیرند، با این حال تمامی ۵٬۰۰۰ کارمند در صورت عدم یافتن خریدار جدید شغل خود را از دست خواهند داد. دلویت پیش از این حدود ۱٬۵۰۰ موقعیت شغلی را حذف کرده بود. فارینگتون تأیید کرد که تمامی حقوق معوقه، پرداخت‌های مرخصی و مزایای اضافهکاری به کارمندان پرداخت خواهد شد. بیش از ۳۵ شرکت مختلف اعلام کرده‌اند که مایلند کارکنان سابق کومت را استخدام کنند. ورشکستگی کومت پس از تعطیلی ولوورثز در سال ۲۰۰۸ و جی‌جی‌بی اسپورتز رخ داده است. از عوامل اصلی این ورشکستگی می‌توان به رقابت شدید فروشگاه‌های آنلاین، شرایط دشوار بازار خرده‌فروشی و عدم امکان تهیه بیمه اعتبار تجاری اشاره کرد.,"🚨 Retail Crisis: 5,000 Comet jobs at risk before Christmas as 125 stores set to close. Administrators race to find buyer while employees face uncertain future. #RetailCollapse #JobCrisis",🚨 بحران فروشگاهی: ۵٬۰۰۰ شغل در فروشگاه‌های کومت پیش از کریسمس در خطر تعطیلی. مدیران اجرایی به دنبال خریدار جدید، کارمندان در انتظار آینده‌ای نامشخص. #ورشکستگی_کومت #بحران_اشتغال,fas,eng_x,deepseek-ai_DeepSeek-R1-Turbo,real_news,[0],/eng_x_r/deepseek-ai_DeepSeek-R1-Turbo/fas/CoI_0ce65959-33f3-485c-b3b8-1237557908a9_fas_edit.json,eng,fas,eng,fas,eng,light,DialyNews,y,n,y,n
80b4576b-fbf3-4720-aa12-3a53dee5fc65,"A recent study by skincare brand Simple reveals British women's inventive approach to beauty routines, with many opting for pantry staples over pricey products. The survey of 2,000 participants uncovered creative solutions like using coffee grounds as cellulite scrub and baking soda for teeth whitening. While 10% admitted trying any trend regardless of strangeness, 20% criticized cosmetic procedures as 'vain'. Most preferred accessible methods like tea bag eye compresses and honey face masks. Despite 75% believing diet impacts youthfulness, the research shows women spend £79 average on new products while simultaneously experimenting with beer hair rinses and toothpaste spot treatments. Company representatives noted the findings highlight both creativity and confusion in modern skincare approaches.",مطالعه اخیر برند مراقبت پوستی 'سیمپل' نشان میدهد زنان بریتانیایی برای روتینهای زیبایی، مواد اولیه خانگی را به محصولات گرانقیمت ترجیح میدهند. این نظرسنجی با شرکت 2000 نفر روشهای خلاقانهای مانند استفاده از تفاله قهوه بهعنوان اسکراب ضد سلولیت و جوششیرین برای سفیدکردن دندانها را شناسایی کرد. درحالیکه 10% از زنان هر روش غیرمتعارفی را امتحان میکنند، 20% جراحیهای زیبایی را 'نشانه خودشیفتگی' میدانند. روشهای پرطرفدار شامل کمپرس چای کیسهای سرد برای دور چشم و ماسک صورت با عسل است. باوجود باور 75% به تاثیر تغذیه بر جوانی، پژوهش نشان میدهد زنان بطور متوسط 79 پوند برای محصولات جدید هزینه میکنند و همزمان از شستشوی مو با آبجو یا درمان جوش با خمیردندان استفاده میکنند. متخصصان سیمپل تاکید میکنند این یافتهها هم خلاقیت و هم سردرگمی در روشهای مراقبت پوستی امروزی را نشان میدهد.,Brit beauty hacks revealed! ☕ From coffee scrubs to toothpaste spot treatments - 75% say diet beats Botox! Discover 2000 women's fave DIY tricks & why 20% call surgery 'vain'. #BeautyHacks #NaturalGlow #SkincareSecrets,رازهای زیبایی زنان بریتانیایی فاش شد! ☕ از اسکراب قهوه تا درمان جوش با خمیردندان - 75% معتقدند تغذیه بهتر از بوتاکس است! کشف 2000 ترفند خانگی محبوب و دلیل انتقاد 20% از جراحی‌های زیبایی #نکات_زیبایی #مراقبت_پوست #زیبایی_طبیعی,fas,eng_x,deepseek-ai_DeepSeek-R1-Turbo,real_news,[2],/eng_x_r/deepseek-ai_DeepSeek-R1-Turbo/fas/CoI_80b4576b-fbf3-4720-aa12-3a53dee5fc65_fas_rewrite_light.json,eng,fas,eng,fas,eng,light,DialyNews,y,n,y,n
18b5e6b5-7e05-4111-a455-72db058ee6a5,"Recent OECD research highlights severe educational inequity in UK schools, ranking them among the world's worst for social mobility. The 2009 reading assessments revealed a 92-point performance gap between socio-economically advantaged and disadvantaged students - equivalent to over two years of formal schooling. High-equity systems like those in Shanghai, Finland, and Canada contrast sharply with the UK's below-average fairness metrics. Data shows immigrant students are disproportionately concentrated in underperforming schools. OECD education specialist Andreas Schleicher identifies this wealth-based divide as a persistent challenge for Western nations, noting worsening prospects for underqualified youth. Sophie Livingstone, CEO of education charity City Year, urges systemic reform: 'Educational success must not depend on family wealth or geographic location.' The report emphasizes that policy interventions can reduce disparities, citing nations that improved both equity and overall performance. Despite this, the UK continues grappling with school segregation issues, particularly affecting immigrant communities.",بررسی اخیر سازمان همکاری اقتصادی و توسعه (OECD) نابرابری شدید آموزشی در مدارس بریتانیا را نشان میدهد که از نظر تحرک اجتماعی در زمره ضعیفترین سیستمهای آموزشی جهان قرار دارند. نتایج آزمونهای خواندن سال 200۹ میلادی شکاف ۹۲ امتیازی بین دانشآموزان مرفه و محروم را آشکار ساخت - معادل بیش از دو سال تحصیل رسمی. سیستمهای آموزشی موفق در شانگهای چین، فنلاند و کانادا در مقایسه با شاخصهای نابرابری آموزشی بریتانیا که زیر میانگین جهانی است، عملکرد بهمراتب بهتری دارند. آمارها حاکی از آن است که دانشآموزان مهاجرتبار بهطور نامتعارفی در مدارس کمبرخوردار متمرکز شدهاند. آندریاس شلایشر، کارشناس ارشد آموزشی OECD، این شکاف طبقاتی را چالشی دیرینه برای کشورهای غربی توصیف کرده و هشدار میدهد فرصتهای شغلی و اجتماعی برای فارغالتحصیلان بدون مهارت روزبهروز در حال کاهش است. سوفی لیوینگستون، مدیر اجرایی مؤسسه خیریه 'سیتی یِر'، بر لزوم اصلاحات ساختاری تأکید میکند: 'پیشرفت تحصیلی دانشآموزان نباید قربانی کدپستی محل سکونت یا وضعیت اقتصادی خانوادهها شود'. گزارش یادشده تصریح میکند که اتخاذ سیاستهای آموزشی هدفمند میتواند این نابرابریها را کاهش دهد، همانگونه که برخی کشورها همزمان به بهبود عدالت آموزشی و ارتقای کیفیت تحصیلی دست یافتهاند. با این وجود، نظام آموزشی بریتانیا کماکان با معضل جداسازی اجتماعی در مدارس دستبهگریبان است که بیشترین تأثیر را بر جامعه مهاجران داشته است.,🚨 OECD report sounds alarm on UK education gaps! 📚🇬🇧 Students from wealthy backgrounds score 92+ points higher than disadvantaged peers - that's 2+ years of schooling! 😱 Time to break the postcode lottery in education. #EdEquity #SocialMobility,هشدار OECD درباره نابرابری آموزشی در بریتانیا! 📚🇬🇧 دانشآموزان مرفه ۹۲ امتیاز بالاتر از همسالان محروم - معادل ۲ سال تحصیل بیشتر! 😱 زمان پایان دادن به 'لاتاری کدپستی' در آموزش است. #عدالت_آموزشی #تحرک_اجتماعی,fas,eng_x,deepseek-ai_DeepSeek-R1-Turbo,real_news,[1],/eng_x_r/deepseek-ai_DeepSeek-R1-Turbo/fas/CoI_18b5e6b5-7e05-4111-a455-72db058ee6a5_fas_polish.json,eng,fas,eng,fas,eng,moderate,DialyNews,y,n,y,n
5e37e1ee-6d8b-4549-87e9-b248778df8c1,"(CNN Student News) - February 17, 2012. Download PDF maps related to today's show covering Syria and Atlanta, Georgia. Access today's program transcript here. Note: Transcript publication may be delayed relative to video availability.",(سیانان دانشجویی نیوز) - ۱۷ فوریه ۲۰۱۲. نقشههای PDF مربوط به برنامه امروز درباره سوریه و آتلانتا جورجیا را دانلود کنید. متن کامل برنامه امروز از اینجا قابل دسترسی است. توجه: متن برنامه ممکن است با تأخیر نسبت به ویدیو منتشر شود.,📰 Catch up with CNN Student News! Today's resources cover Syria & Atlanta maps + program transcript (may update after video). #NewsUpdate #EducationResources,📰 برنامه سیانان دانشجویی امروز! دانلود نقشههای سوریه و آتلانتا + متن برنامه (ممکن است با تأخیر منتشر شود). #آخرین_اخبار #منابع_آموزشی,fas,eng_x,deepseek-ai_DeepSeek-R1-Turbo,real_news,[0],/eng_x_r/deepseek-ai_DeepSeek-R1-Turbo/fas/CoI_5e37e1ee-6d8b-4549-87e9-b248778df8c1_fas_edit.json,eng,fas,eng,fas,eng,light,DialyNews,y,n,y,n
62aec29d-6470-4cb5-9130-ce36ec56843e,"Recent developments reveal significant shifts within Syria's power structure, with senior figures gradually distancing themselves from the embattled government. US diplomat Robert Ford highlighted the erosion of Assad's inner circle, noting the relocation of his mother Anisa Makhlouf to the UAE and sister Bushra to Dubai. While initial reports suggested former foreign ministry spokesperson Jihad Makdissi sought refuge in America, senior US officials later corrected this information, confirming he hasn't entered the United States. The humanitarian crisis reaches alarming levels, with UNHCR reporting over 678,000 displaced Syrians as of January 22. Jordan's refugee authority documented an unprecedented 3,581 border crossings within a 20-hour period this week. 'This exodus shows no signs of stopping,' stated UNHCR's Jordan director Andrew Harper, noting refugee numbers quadrupled in two weeks despite severe winter weather. International response efforts intensify amidst the chaos. A US delegation inspected Turkish camps housing 8,825 displaced people, reaffirming America's $210 million humanitarian commitment through USAID. Turkish humanitarian initiatives include distributing toys to 4,500 children and grassroots donation campaigns by students. Meanwhile, Syrian state media broadcast contradictory messages - urging refugee returns while government forces clashed with rebels near Damascus' presidential compound. Conflict violence remains severe, with opposition-aligned Local Coordination Committees reporting 116 fatalities nationwide on Thursday, including 42 in Damascus suburbs. A retired general survived a car bomb attack in Aleppo, where rebels also engaged government forces at air intelligence headquarters. Independent verification remains challenging due to media restrictions, though UN estimates confirm over 60,000 conflict-related deaths since the crisis began.",تغییرات اخیر در ساختار قدرت سوریه نشاندهنده فاصلهگیری تدریجی مقامات ارشد از دولت تحت فشار است. رابرت فورد دیپلمات آمریکایی با اشاره به انتقال انیسا مخلوف (مادر بشار اسد) و بشرا اسد (خواهر رئیسجمهور) به امارات متحده عربی، از فرسایش حلقه نزدیکان حکومت خبر داد. هرچند گزارشهای اولیه از پناهندگی جهاد مقدسی، سخنگوی پیشین وزارت خارجه سوریه به آمریکا حکایت داشتند، مقامات ارشد دولت اوباما بعداً این ادعا را تکذیب کردند. بحران انسانی به سطح بیسابقهای رسیده است. کمیساریای عالی پناهندگان سازمان ملل (UNHCR) آمار پناهندگان سوری را تا ۲۲ ژانویه بیش از ۶۷۸ هزار نفر اعلام کرد. مقامات اردنی از ثبت رکورد ۳۵۸۱ عبور مرزی در بازه ۲۰ ساعته خبر دادند. اندرو هارپر، رئیس بخش اردن در UNHCR هشدار داد: 'این مهاجرت دستهجمعی نشانهای از کاهش ندارد' و تأکید کرد آمار دو هفته اخیر چهار برابر افزایش یافته است. کمکهای بینالمللی در میانه بحران ادامه دارد. هیئتی آمریکایی از اردوگاه اسلحیه در ترکیه بازدید کردند که میزبان ۸۸۲۵ آواره است. آمریکا از طریق سازمان توسعه بینالمللی خود (USAID) ۲۱۰ میلیون دلار کمک انسان دوستانه اختصاص داده است. ترکیه نیز با توزیع اسباببازی برای ۴۵۰۰ کودک و مشارکت دانشآموزان در جمعآوری کمکهای مردمی به استقبال از پناهندگان رفته است. در مقابل، رسانههای دولتی سوریه با انتشار پیامی متناقض، همزمان با درگیریهای نظامی اطراف دمشق، از پناهندگان خواستند به کشور بازگردند. خشونتهای نظامی همچنان بیداد میکند. شبکه هماهنگی محلی (LCC) وابسته به مخالفان از ۱۱۶ کشته در یک روز خبر داد که ۴۲ مورد آن در حومه دمشق ثبت شد. یک ژنرال بازنشسته در حلب هدف بمبگذاری قرار گرفت، درحالیکه درگیریها در مقر سازمان اطلاعات نیروی هوایی این شهر ادامه دارد. محدودیتهای شدید رسانهای تأیید مستقل آمار را دشوار ساخته، اما برآوردهای سازمان ملل از مرگ بیش از ۶۰ هزار نفر از آغاز بحران حکایت دارد.,Syria's crisis deepens as 678k+ flee conflict. 🚨 US officials confirm regime insiders fleeing while Turkey/Jordan face record refugee surges. Humanitarian efforts ramp up amid ongoing violence. #SyriaCrisis #HumanitarianAid 🕊️,آمار پناهندگان سوری از مرز ۶۷۸ هزار نفر گذشت. 🚨 مقامات آمریکایی از فرار نزدیکان اسد خبر دادند درحالیکه ترکیه و اردن با سیل آوارگان روبرو هستند. کمکهای انسان دوستانه در میانه ادامه خشونتها. #بحران_سوریه #کمکهای_انسانی 🕊️,fas,eng_x,deepseek-ai_DeepSeek-R1-Turbo,real_news,[2],/eng_x_r/deepseek-ai_DeepSeek-R1-Turbo/fas/CoI_62aec29d-6470-4cb5-9130-ce36ec56843e_fas_rewrite_complete.json,eng,fas,eng,fas,eng,complete,DialyNews,n,y,y,n
fcba6707-ef89-4b18-8e77-15e708cb8576,"Alan Pardew is set to return to Crystal Palace as manager, potentially overseeing his first match against Aston Villa on New Year's Day. This marks a nostalgic homecoming: Pardew famously scored Palace's winning goal against Liverpool in the 1990 FA Cup semi-final at Villa Park during his 128-game playing career with the club. His appointment follows Neil Warnock's dismissal after a 3-1 Boxing Day loss to Southampton. Warnock recently criticized club infrastructure during a talkSPORT interview, stating he 'would have liked the chairman to tell me they had a chance of getting Alan Pardew.' Pardew inherits challenges including rebuilding squad confidence, managing without captain Mile Jedinak during the Asia Cup, and January transfer decisions. Co-chairman Steve Parish seeks long-term Premier League stability, aiming to improve upon last season's 11th-place finish – which Warnock described as 'lucky.' The article notes Pardew's prior managerial struggles at Charlton but emphasizes his emotional ties to Palace.",الن پردو در آستانه بازگشت به کریستال پالاس به عنوان سرمربی است و احتمالاً اولین مسابقه خود را در روز سال نو مقابل استون ویلا هدایت خواهد کرد. این بازگشت یادآور خاطرهی بهیادماندنی گل پیروزیبخش او در نیمهنهایی جام حذفی سال 1990 مقابل لیورپول در ورزشگاه ویلا پارک است. پردو در دوران بازیگری خود 128 بازی برای این تیم انجام داد. انتصاب او پس از برکناری نیل وارنوک انجام شد که پس از شکست 3-1 در روز باکسینگ دی برابر ساوتهمپتون از سمت خود عزل گردید. وارنوک اخیراً در مصاحبهای با رادیو تاکاسپورت از امکانات تمرینی باشگاه انتقاد کرد و اظهار داشت: 'اگر رئیس باشگاه به من میگفت قصد جذب الن پردو را دارند، استعفا میدادم.' پردو با چالشهای متعددی از جمله بازسازی روحیه تیم، هدایت بدون کاپیتان مایله جدیناک که برای جام ملتهای آسیا غایب است، و برنامههای نقل و انتقالاتی ژانویه روبرو خواهد بود. استیو پریش، رئیس مشترک باشگاه، به دنبال تثبیت جایگاه تیم در لیگ برتر است و قصد بهبود رتبه یازدهم فصل گذشته را دارد – موفقیتی که وارنوک آن را 'ناشی از شانس' خواند. این گزارش ضمن اشاره به سابقه نهچندان موفق پردو در هدایت چارلتون، بر رابطه عاطفی عمیق او با کریستال پالاس تأکید میکند.,🔥 #ThrowbackManagement! Alan Pardew returns to Crystal Palace – where he scored THAT 1990 FA Cup winner – now as boss! Can he save their Premier League season? 🦅 #CPFC #PLComeback,🔥 #بازگشت_تاریخی! الن پردو به کریستال پالاس بازمیگردد - این بار به عنوان مربی در همان مکانی که در سال 1990 گل پیروزی را به ثمر رساند! آیا او میتواند تیم را در لیگ برتر نگه دارد؟ 🦅 #کریستال_پالاس #لیگ_برتر,fas,eng_x,deepseek-ai_DeepSeek-R1-Turbo,real_news,[1],/eng_x_r/deepseek-ai_DeepSeek-R1-Turbo/fas/CoI_fcba6707-ef89-4b18-8e77-15e708cb8576_fas_polish.json,eng,fas,eng,fas,eng,moderate,DialyNews,y,n,y,n
f2ed1fb9-1df1-422e-bd07-a574d9242bf4,"(CNN) -- Using advanced robotic submersibles, a scientific team is obtaining unprecedented views of North Atlantic marine life that could reveal insights about ocean ecosystems and climate patterns dating back 1,000 years. High-definition images captured at 3,000 meters (9,800 feet) depth off Newfoundland's coast revealed tulip-shaped sponges, vibrant corals, delicate pink starfish, and feather-like organisms. The 20-day expedition led by Fisheries and Oceans Canada involves researchers from three Canadian universities and Spain's Institute of Oceanography. They're studying 11 protected zones under the Northwest Atlantic Fisheries Organization. 'These areas contain what we might call the ocean's old-growth forests,' said lead scientist Ellen Kenchington, noting the expedition has already revealed new species in deep waters. Corals' calcium carbonate skeletons contain historical climate data. By analyzing their chemical composition, scientists can determine past ocean temperatures. 'This helps us understand current climate changes by providing historical context,' Kenchington explained. Coral reefs support over 4,000 fish species but face critical threats, with 20% already dead and 24% endangered according to marine biologists. The team uses a submersible operated from the Canadian Coast Guard's Hudson vessel, reaching 500 meters deeper than previous missions. Kenchington emphasized the importance of studying areas beyond current fishing capabilities: 'We need to document these ecosystems before potential future exploitation.'",(سیانان) -- پژوهشگران با استفاده از رباتهای زیرآبی پیشرفته موفق به ثبت تصاویر بیسابقهای از زیستبوم اعماق اقیانوس اطلس شمالی شدهاند که میتواند اطلاعات ارزشمندی درباره اکوسیستم دریایی و الگوهای اقلیمی هزار سال گذشته را آشکار سازد. تصاویر باکیفیت ثبتشده در عمق ۳۰۰۰ متری (۹۸۰۰ پایی) سواحل نیوفاندلند، گونههای نادری شامل اسفنجهای گلشیپوری، مرجانهای رنگارنگ، ستارههای دریایی ظریف صورتی و موجودات پرمانند را نشان میدهد. این экспеیدش ۲۰ روزه تحت سرپرستی سازمان شیلات و اقیانوسهای کانادا با مشارکت پژوهشگرانی از سه دانشگاه کانادایی و مؤسسه اقیانوسشناسی اسپانیا در حال بررسی ۱۱ منطقه حفاظتشده تحت نظارت سازمان شیلات شمال اقیانوس اطلس است. الن کنینگتون، سرپرست علمی این پروژه تأکید کرد: 'این مناطق شامل چیزی است که میتوانیم جنگلهای کهنرختی اقیانوس بنامیم.' وی از شناسایی گونههای جدید در اعماق بیسابقه اقیانوس خبر داد. اسکلتهای کربنات کلسیمی مرجانها حاوی دادههای تاریخی اقلیمی هستند. دانشمندان با تحلیل ترکیب شیمیایی این ساختارها قادر به تعیین دمای آب اقیانوس در ادوار گذشته هستند. کنینگتون توضیح میدهد: 'این اطلاعات به ما کمک میکند تغییرات کنونی اقلیم را در چارچوب تاریخی آن درک نماییم.' صخرههای مرجانی که زیستگاه بیش از ۴۰۰۰ گونه آبزی هستند، با تهدیدات جدی مواجهاند - بر اساس برآوردها ۲۰٪ از این اکوسیستمها نابود شده و ۲۴٪ دیگر در خطر شدید قرار دارند. تیم پژوهشی از یک ربات زیرآبی مستقر در کشتی هادسون گارد ساحلی کانادا استفاده میکند که امکان کاوش تا ۵۰۰ متر عمیقتر از مأموریتهای پیشین را فراهم ساخته است. کنینگتون با اشاره به اهمیت این مطالعات هشدار داد: 'ثبت و شناخت این اکوسیستمهای بکر پیش از هرگونه بهرهبرداری احتمالی آینده ضروری است.',🌊 Robo-discovery in the deep! Canadian scientists uncover stunning marine life 3000m below waves 🦑✨ New species spotted & ancient climate secrets in coral 'time capsules' #OceanExploration #ClimateScience #DeepSeaMysteries,کشف رباتیک در اعماق اقیانوس! 🦑 دانشمندان کانادایی گونههای جدید و رازهای اقلیمی هزارساله در مرجانها را در عمق ۳۰۰۰ متری کشف کردند 🌊 #اکتشافات_دریایی #علم_اقلیم #اسرار_اعماق_دریا,fas,eng_x,deepseek-ai_DeepSeek-R1-Turbo,real_news,[0],/eng_x_r/deepseek-ai_DeepSeek-R1-Turbo/fas/CoI_f2ed1fb9-1df1-422e-bd07-a574d9242bf4_fas_edit.json,eng,"[fas,rus]",eng,fas,eng,light,DialyNews,y,n,y,n
ecc3bc27-06ee-40de-9267-b1f12d4e8beb,"Malik Merabet, brother of police officer Ahmed Merabet who was fatally shot during the Charlie Hebdo attackers' escape, denounced the perpetrators as 'violent extremists without religious legitimacy'. The 42-year-old officer, son of North African immigrants, became a symbol of unity when footage showed him attempting to surrender before being killed. Malik emphasized that conflating Islam with terrorism dishonors victims like his brother, stating: 'These attackers had no true faith - they only brought shame.' The attack sparked global debates about free speech boundaries, with UN Secretary-General Ban Ki-moon calling it 'an assault on our shared humanity'. Social media campaigns #JeSuisAhmed and #JeSuisCharlie highlighted both solidarity with victims and rejection of religious stereotypes. Colleagues remembered Ahmed as a dedicated eight-year police veteran who balanced professional duties with caring for his family.",مالیک مرابت، برادر احمد مرابت افسر پلیس که هنگام فرار مهاجمان حملهکننده به شارلی ابدو هدف گلوله قرار گرفت، عاملان این حادثه را 'افراطگرایان خشن فاقد هرگونه پایبندی مذهبی' توصیف کرد. این افسر 42 ساله فرزند مهاجران شمال آفریقا، به نماد وحدت تبدیل شد زمانی که فیلمهای منتشرشده نشان دادند او پیش از شهادت سعی در تسلیم شدن داشت. مالیک تأکید کرد: 'ربط دادن اسلام به تروریسم، به قربانیانی مثل برادرم توهین محسوب میشه. این مهاجمان هیچ اعتقاد واقعی نداشتن - فقط ننگ آوردند.' این تروریسم بحثهای جهانی درباره محدودههای آزادی بیان را تشدید کرد. بان کی مون دبیرکل سازمان ملل این رویداد را 'حمله به انسانیت مشترک ما' خواند. هشتگهای #من_احمد_هستم و #من_شارلی_هستم همزمان همبستگی با قربانیان و مخالفت با کلیشهسازیهای مذهبی را نشان میداد. همکارانش از احمد به عنوان افسری متعهد یاد کردن که هشت سال خدمت در پلیس رو با مسئولیتهای خانوادگی و مراقبت از مادرش ترکیب میکرد.,"A Muslim cop's final act of courage becomes symbol against extremism. Ahmed Merabet, killed in Charlie Hebdo attack, remembered as devoted officer & family man. His brother's plea: 'Don't let terrorists define faith.' #UnityOverTerror #JeSuisAhmed",واپسین فداکاری یک پلیس مسلمان تبدیل به نماد مبارزه با افراطگرایی شد. احمد مرابت، قربانی حمله به شارلی ابدو، به عنوان افسری فداکار و خانوادهدوست یاد میشود. پیام برادرش: 'نگذارید تروریستها اعتقادات رو تعریف کنن.' #وحدت_به_جای_ترور #من_احمد_هستم,fas,eng_x,deepseek-ai_DeepSeek-R1-Turbo,real_news,[2],/eng_x_r/deepseek-ai_DeepSeek-R1-Turbo/fas/CoI_ecc3bc27-06ee-40de-9267-b1f12d4e8beb_fas_rewrite_light.json,"[eng,fra]",fas,"[eng,fra]",fas,eng,light,DialyNews,y,n,y,n
b65941a1-42fa-49fb-9f27-118ed1a80d11,"Florida authorities continue searching for Andres 'Andy' Avalos, 33, wanted in connection with three homicides. The Manatee County Sheriff's Office confirmed the deaths of Amber Avalos (33), Denise Potter (46), and Pastor James 'Tripp' Battle (31) across two crime scenes in Bradenton. Evidence suggests Avalos first killed his wife and neighbor at their 67th Street Northwest home Thursday before fatally shooting Battle at Bayshore Baptist Church around 1:20 PM. The pastor was reportedly confronted in the church courtyard. Amber Avalos served as the church's nursery director. Authorities issued an alert for a gold 2003 Chevrolet Suburban (Florida license plate 484VTZ). Five area schools initiated lockdowns during the search before resuming normal operations by 3:45 PM. Community members described Battle as a dedicated leader who significantly grew church membership during his tenure.",مقامات فلوریدا همچنان در جستجوی آندرس 'اندی' آوالوس ۳۳ ساله هستند که به اتهام مشارکت در سه قتل تحت تعقیب است. اداره کلانتری ماناتی مرگ امبر آوالوس (۳۳ ساله)، دنیس پاتر (۴۶ ساله) و کشیش جیمز 'تریپ' بتل (۳۱ ساله) را در دو صحنه جرم مختلف در برادنتون تأیید کرد. شواهد نشان میدهد آوالوس ابتدا همسر و همسایه خود را پنجشنبه در خانه واقع در خیابان ۶۷ شمال غربی به قتل رساند، سپس حدود ساعت ۱۳:۲۰ در کلیسای بايشور باپتیست اقدام به شلیک مرگبار به کشیش بتل کرد. گزارشها حاکی از وقوع درگیری در حیاط کلیسا پیش از این حادثه است. امبر آوالوس به عنوان مدیر بخش مهدکودک کلیسا فعالیت میکرد. مقامات هشدار جستجو برای خودروی شورولت سوبربان طلایی مدل ۲۰۰۳ (پلاک فلوریدا ۴۸۴VTZ) را صادر کردهاند. پنج مدرسه در منطقه طی تعقیب مظنون به صورت موقت تعطیل شدند که تا ساعت ۱۵:۴۵ به حالت عادی بازگشتند. اعضای جامعه بتل را رهبری متعهد توصیف کردند که طی فعالیت خود تعداد اعضای کلیسا را به شکل چشمگیری افزایش داد.,"🚨 #BREAKING: Florida manhunt continues for Andres Avalos, 33, linked to triple homicide. Victims include wife Amber (33), neighbor Denise (46), Pastor James Battle (31). Suspect considered armed/dangerous - last seen in gold Chevy Suburban. Schools lockdown lifted. #Bradenton #FloridaCrime",🚨 #خبرفوری: ادامه تعقیب آندرس آوالوس ۳۳ ساله در فلوریدا به اتهام سه قتل. قربانیان شامل همسر امبر (۳۳)، همسایه دنیس (۴۶) و کشیش جیمز بتل (۳۱). مظنون مسلح و خطرناک - آخرین مشاهده با شورولت سوبربان طلایی. بازگشایی مدارس پس از تعطیلی موقت. #برادنتون #جنایت_در_فلوریدا,fas,eng_x,deepseek-ai_DeepSeek-R1-Turbo,real_news,[0],/eng_x_r/deepseek-ai_DeepSeek-R1-Turbo/fas/CoI_b65941a1-42fa-49fb-9f27-118ed1a80d11_fas_edit.json,eng,fas,eng,fas,eng,light,DialyNews,y,n,y,n
071913ae-8a67-40fe-b1db-1bce929d6f1a,"The high-profile trial of former Illinois police officer Drew Peterson entered its critical phase Tuesday as attorneys presented closing arguments in a case revisiting the 2004 death of his third wife. Kathleen Savio's March 1, 2004 bathtub drowning - initially deemed accidental - became a murder investigation years later following the disappearance of Peterson's fourth spouse. Prosecutor Chris Koch urged jurors to apply 'everyday logic' when evaluating evidence showing injuries on Savio's body. 'The pattern of wounds on all sides of her physique defies any accidental fall explanation,' Koch asserted. The state maintains Peterson killed Savio during a February 29 home visit days before a crucial hearing regarding division of marital assets, including Peterson's pension. Defense attorney Joe Lopez challenged the state's forensic claims, citing national statistics about 300 annual bathtub fatalities. 'Hundreds experience similar accidents without foul play,' Lopez stated, accusing prosecutors of manufacturing murder charges from tragedy. The defense team repeatedly emphasized the absence of conclusive proof that any homicide occurred. Court records reveal a turbulent marital history, with police responding to 18 domestic incidents between the couple from 2002-2004. Though Savio faced two domestic violence arrests initiated by Peterson, both resulted in acquittals. The case resurfaced in 2007 when Peterson's fourth wife Stacy vanished, prompting investigators to re-examine Savio's death. Judge Edward Burmila has repeatedly admonished prosecutors for violating evidentiary rules, including allowing barred testimony about protective orders. Despite multiple defense motions for mistrial, proceedings continued with jurors instructed to disregard improper statements. Deliberations are set to begin Wednesday following final arguments.",محاکمه جنجالی درو پترسون، افسر سابق پلیس ایلینوی، با ارائه لایحههای پایانی وکلا وارد مرحله تعیینکننده شد. مرگ کاتلین ساویو، همسر سوم پترسون در مارس ۲۰۰۴ که ابتدا تصادفی اعلام شده بود، پس از ناپدید شدن استیسی پترسون (همسر چهارم) به پرونده قتل تبديل شد. دادستان کریس کوچ از هیئت منصفه خواست با 'استدلالهای عقل سلیم' به شواهد جراحات چندجانبه بدن ساویو رسیدگی کنند: 'الگوی زخمها در تمام نقاط بدن با سقوط تصادفی تناسبی ندارد.' ادعا میشود پترسون چند روز پیش از جلسه تعیین تکلیف داراییهای مشترک از جمله حقوق بازنشستگی، مرتکب قتل شده است. وکیل دفاع جو لوپز با استناد به آمار ملی ۳۰۰ مورد مرگ سالانه در حمام، ادعاهای دادستان را به چالش کشید: 'سالانه صدها مورد مشابه بدون عنصر جنایت رخ میدهد.' دفاع بر عدم وجود مدارک قطعی دال بر وقوع قتل تاکید کرد. سوابق قضایی نشاندهنده ۱۸ مورد مداخله پلیس در منازعات خانوادگی این زوج بین سالهای ۲۰۰۲ تا ۲۰۰۴ است. با وجود دو شکایت پترسون که منجر به بازداشت ساویو شد، هر دو پرونده به تبرئه او انجامید. ناپدید شدن استیسی پترسون در اکتبر ۲۰۰۷ موجب بازرسی مجدد پرونده ساویو شد. قاضی ادوارد بورمیلا بارها به دادستانها به دلیل عدم رعایت پروتکلهای دادرسی تذکر داد. با وجود درخواستهای متعدد دفاع برای اعلام بیاعتباری دادگاه، روند با دستور به هیئت منصفه برای نادیده گرفتن برخی شواهد ادامه یافت. تشریفات نهایی دادرسی روز چهارشنبه آغاز میشود.,"🚨 Trial Update: Ex-cop Drew Peterson's fate hangs in balance as jury deliberates in 2004 wife death case. Prosecutors say injuries tell murder story, defense cries 'bathtub accident statistics'. Years of domestic drama + missing 4th wife add twists. #TrueCrime #JusticeWatch",🔍 آخرین اختبار: سرنوشت درو پترسون، افسر سابق پلیس، در دست هیئت منصفه. دادستان ادعای قتل با شواهد جراحات چندگانه، وکیل دفاع آمار مرگهای تصادفی در حمام را مطرح کرد. ناپدید شدن همسر چهارم و ۱۸ مورد درگیری خانوادگی از نکات کلیدی پرونده. #دادگاه_جنجالی #پرونده_قتل,fas,eng_x,deepseek-ai_DeepSeek-R1-Turbo,real_news,[2],/eng_x_r/deepseek-ai_DeepSeek-R1-Turbo/fas/CoI_071913ae-8a67-40fe-b1db-1bce929d6f1a_fas_rewrite_complete.json,eng,fas,eng,fas,eng,complete,DialyNews,n,y,y,n
eeb15563-5f63-4c9e-906a-f7ca99354aa6,"Acapulco, Mexico faced catastrophic damage when Hurricane Otis struck as a Category 5 storm on October 25, 2023. The hurricane underwent extraordinary rapid intensification - defined as wind speed increases of at least 35 mph within 24 hours - escalating from tropical storm to peak intensity in just 12 hours. Initial forecasts significantly underestimated Otis' strength due to persistent challenges in modeling rapid intensification processes. National Hurricane Center meteorologists had identified favorable conditions including 30°C sea surface temperatures and low wind shear prior to intensification. Their forecast discussion noted the SHIPS Rapid Intensification index showed above-normal probabilities. However, operational models ultimately failed to predict the storm's extreme escalation, with ECMWF performing relatively better but still inadequate compared to track forecasting accuracy. Post-storm analysis reveals critical gaps in current intensity prediction capabilities, particularly regarding small-scale atmospheric interactions. Damage assessments show widespread wind destruction, though storm surge impacts remained limited due to Acapulco's coastal topography. Experts emphasize this event highlights the urgent need for enhanced ocean-atmosphere monitoring systems and climate-resilient infrastructure planning.",آکاپولکوِ مکزیک در ۲۵ اکتبر ۲۰۲۳ با خسارات فاجعهبار ناشی از توفان اتیس از رده ۵ مواجه شد. این توفان با 'تشدید سریع' بیسابقهای - که به افزایش سرعت باد حداقل ۵۶ کیلومتر بر ساعت در ۲۴ ساعت تعریف میشود - در تنها ۱۲ ساعت از حالت توفان گرمسیری به حداکثر شدت رسید. پیشبینیهای اولیه به دلیل چالشهای موجود در مدلسازی فرآیندهای تشدید سریع، قدرت واقعی طوفان را بهشدت دستکم گرفته بودند. هواشناسان مرکز ملی توفان (NHC) پیش از تشدید طوفان، شرایط مساعدی از جمله دمای ۳۰ درجهای سطح دریا و برش باد کم را شناسایی کرده بودند. بر اساس گزارشهای پیشبینی آنها، شاخص تشدید سریع SHIPS احتمال بالایی را نشان میداد. با این وجود، مدلهای عملیاتی نتوانستند تشدید بیسابقه طوفان را پیشبینی کنند، هرچند مدل ECMWF در مقایسه با سایرین عملکرد بهتری داشت، اما این بهبود نسبی هم در مقابل دقت پیشبینی مسیر توفان ناچیز بود. بررسیهای پس از طوفان، نقاط ضعف جدی در تواناییهای فعلی پیشبینی شدت توفانها را آشکار ساخته، بهویژه در زمینه تعاملات جوی در مقیاسهای کوچک. ارزیابی خسارات نشاندهنده تخریب گسترده ناشی از وزش بادهای شدید است، هرچند اثرات موج طوفان به دلیل عمق آبهای ساحلی و توپوگرافی منطقه آکاپولکو محدود ماند. متخصصان هشدار میدهند این حادثه نیاز مبرم به توسعه سیستمهای نظارتی پیشرفتهتر برای رصد اقیانوس و اتمسفر، و همچنین برنامهریزی زیرساختهای مقاوم در برابر تغییرات آبوهوایی را بیش از پیش نمایان ساخته است.,🌪️ #HurricaneOtis shocked experts with rapid Cat 5 intensification before slamming Acapulco. A wake-up call for climate resilience as models missed the mark. Lessons learned? Prepare for the unexpected! #ClimateChange #DisasterPreparedness,🌪️ #طوفان_اتیس با تشدید بیسابقه به رده ۵ قبل از برخورد به آکاپولکو کارشناسان را شوکه کرد. زنگ خطری برای تابآوری اقلیمی با توجه به شکست مدلهای پیشبینی. درس امروز؟ همیشه برای غیرمنتظرهها آماده باشید! #تغییرات_اقلیمی #آمادگی_بحران,fas,eng_x,deepseek-ai_DeepSeek-R1-Turbo,real_news,[1],/eng_x_r/deepseek-ai_DeepSeek-R1-Turbo/fas/CoI_eeb15563-5f63-4c9e-906a-f7ca99354aa6_fas_polish.json,eng,fas,eng,fas,eng,moderate,GlobalNews,y,n,y,n
6b5bfd8c-f4d2-4d8e-bd09-f9a146801da9,"By Anna Hodgekiss | Published: 07:21 EST, 17 December 2013 | Updated: 08:13 EST, 17 December 2013 Two best friends facing imminent death from cystic fibrosis received life-saving lung transplants on the same day. Kirstie Tancock, 24, and Katie Gammon, 15, both from Devon, had been critically ill with their families preparing for the worst. Katie had been moved to a hospice prior to the transplant. In August 2013, both received donor matches unexpectedly. Kirstie stated: 'It was the best day of our lives—not just my second transplant, but Katie getting her first match too.' Kirstie's first transplant from 2011 had begun failing, leading doctors to consider hospice care. Katie waited 14 months for a donor match while requiring constant oxygen support. Both had planned their funerals during their decline. They met through a cystic fibrosis support community on Facebook, bonding over shared experiences. Kirstie explained: 'Planning my funeral was about easing the burden on my husband and family.' Katie described Kirstie as 'an inspiration' and highlighted their synchronized transplant experience as 'unimaginable luck.' Cystic fibrosis causes thick mucus buildup in organs. Ed Owen, CEO of the Cystic Fibrosis Trust, noted transplants remain critical despite medical advances: 'One in three CF patients die waiting for lungs.' Both girls recovered successfully—Katie returned to school, while Kirstie moved into her first home with husband Stu. Kirstie emphasized: 'This second chance lets me help others like Katie.'",نوشته آنا هاجکیس | انتشار: ۱۷ دسامبر ۲۰۱۳ ساعت ۰۷:۲۱ EST | به‌روزرسانی: ۰۸:۱۳ EST، ۱۷ دسامبر ۲۰۱۳ دو دوست مبتلا به فیبروز سیستیک که در آستانه مرگ قرار داشتند، در یک روز پیوند ریه نجات‌بخش دریافت کردند. کیرستی تانکوک ۲۴ ساله و کیتی گامون ۱۵ ساله از دوون، آنقدر وضعیتشان وخیم بود که خانواده‌هایشان برای بدترین حالت آماده می‌شدند. کیتی پیش از پیوند به مرکز مراقبت‌های تسکینی منتقل شده بود. در اوت ۲۰۱۳، هر دو به طور غیرمنتظره اهداکننده مناسب پیدا کردند. کیرستی گفت: 'این بهترین روز زندگی ما بود—نه فقط پیوند دوم من، بلکه پیدا شدن اهداکننده برای کیتی.' پیوند اول کیرستی در سال ۲۰۱۱ شروع به پس زدن کرده بود و پزشکان مراقبت تسکینی را پیشنهاد داده بودند. کیتی ۱۴ ماه در انتظار اهداکننده بود و به اکسیژن دائمی نیاز داشت. هر دو در اوج بیماری مراسم تشییع خود را برنامه‌ریزی کرده بودند. آنها از طریق یک گروه حمایتی فیبروز سیستیک در فیسبوک آشنا شدند و به دلیل تجربیات مشترک ارتباط عمیقی پیدا کردند. کیرستی توضیح داد: 'برنامه‌ریزی مراسم تشییعم برای کاهش بار مسئولیت از خانواده و همسرم بود.' کیتی، کیرستی را 'الهام‌بخش' خواند و همزمانی پیوندشان را 'شانسی غیرقابل تصور' توصیف کرد. فیبروز سیستیک باعث تولید مخاط غلیظ در اندام‌ها می‌شود. اد اوون، مدیرعامل بنیاد فیبروز سیستیک، تاکید کرد: 'با وجود پیشرفت‌های پزشکی، یک سوم بیماران نیازمند پیوند ریه جان می‌بازند.' هر دو با موفقیت بهبود یافتند—کیتی به مدرسه بازگشت و کیرستی به همراه همسرش استو به خانه اولشان نقل مکان کردند. کیرستی تاکید کرد: 'این فرصت دوم به من امکان می‌دهد به دیگران مانند کیتی کمک کنم.',Miracle double transplant! 🎉 Kirstie (24) & Katie (15) beat cystic fibrosis odds with simultaneous lung transplants. From planning funerals to celebrating life—proof of friendship & medical marvels. #TransplantHope #CFWarriors 💪 Read their inspo story ➡️ [LINK,معجزه دوگانه پیوند! 🎉 کیرستی ۲۴ ساله و کیتی ۱۵ ساله با پیوند همزمان ریه بر فیبروز سیستیک پیروز شدند. از برنامه‌ریزی تشییع تا جشن زندگی—نماد دوستی و معجزات پزشکی. #امید_به_پیوند #قهرمانان_فیبروز 💪 داستان الهام‌بخش آنها را بخوانید ➡️ [لینک,fas,eng_x,deepseek-ai_DeepSeek-R1-Turbo,real_news,[0],/eng_x_r/deepseek-ai_DeepSeek-R1-Turbo/fas/CoI_6b5bfd8c-f4d2-4d8e-bd09-f9a146801da9_fas_edit.json,eng,fas,eng,fas,eng,light,DialyNews,y,n,y,n
a43ab30f-6c80-43db-bb75-724f7d28613e,"Federal jurors have convicted five individuals of conspiring to attack New Jersey's Fort Dix military base, according to Monday's court announcement. While acquitted of attempted murder charges, the group faces potential life sentences for their year-long coordination. Records show six suspects were arrested in May 2007 during an attempted purchase of automatic weapons from an undercover agent. Agron Abdullahu, who pleaded guilty to firearms charges, received a 20-month sentence. Jurors described their 6-day deliberation as challenging but thorough in an official statement. Surveillance operations targeted multiple military installations including Dover Air Force Base. The case began when a store clerk reported a training video featuring Arabic religious chants and apparent automatic weapons. Defense attorneys plan appeals, with sentencing scheduled for April.",طبق اعلام مقامات قضایی در روز دوشنبه، پنج متهم به دلیل نقشهریزی برای حمله به پایگاه نظامی فورت دیکس در نیوجرسی محکومیت یافتند. اگرچه این افراد از اتهام اقدام به قتل تبرئه شدند، اما به دلیل برنامهریزی یکساله خود با احتمال حبس ابد مواجه هستند. اسناد قضایی نشان میدهد که شش نفر در ماه می ۲۰۰۷ هنگام تلاس برای خرید سلاحهای اتوماتیک از یک مأمور مخفی دولت دستگیر شدند. آگرون عبداللهو که پیشتر به جرایم مرتبط با اسلحه اعتراف کرده بود، به ۲۰ ماه حبس محکوم شده است. هیئت منصفه در بیانیه رسمی خود این فرایند ۶ روزه بررسی پرونده را چالشبرانگیز اما کامل توصیف کردند. بررسیهای نظارتی شامل چندین مرکز نظامی از جمله پایگاه هوایی داور در دلاور بود. پرونده زمانی آغاز شد که یک فروشنده فروشگاه، ویدئویی آموزشی حاوی شعارهای مذهبی عربی و سلاحهای بهظاهر اتوماتیک را به پلیس گزارش داد. وکلای مدافع از برنامههای خود برای تجدیدنظرخواهی خبر دادهاند و جلسات تعیین مجازات برای اواخر آوریل برنامهریزی شده است.,BREAKING: 5 convicted in Fort Dix attack plot 🚨 Acquitted of murder attempts but face life sentences. Plot involved illegal weapons & military surveillance 📹 Clerk's viral video report sparked investigation. Appeals expected ⚖️ #NationalSecurity #NJNews,خبر فوری: محکومیت ۵ نفر در نقشه حمله به فورت دیکس 🔒 تبرئه از اتهام قتل اما احتمال حبس ابد 💣 کشف طرح شامل سلاح غیرقانونی و نظارت نظامی 📹 گزارش ویدئویی فروشنده باعث شروع بررسیها ⚖️ وکلای اعلام تجدیدنظرخواهی کردند #امنیت_ملی #اخبار_نیوجرسی,fas,eng_x,deepseek-ai_DeepSeek-R1-Turbo,real_news,[2],/eng_x_r/deepseek-ai_DeepSeek-R1-Turbo/fas/CoI_a43ab30f-6c80-43db-bb75-724f7d28613e_fas_rewrite_complete.json,eng,fas,eng,fas,eng,complete,DialyNews,n,y,y,n
7552f9ac-9c16-48e2-b505-6193442adf64,"UK retailers are introducing unconventional holiday gifts this season. Waitrose offers reusable wooden crates (£10-15) for customizable presents that double as storage post-Christmas. The Natural History Museum caters to gardeners with £5 kits containing sanitized rhinoceros dung from British zoos paired with banana plant seeds, processed to eliminate germs and odors. Guinevere Short, the museum's retail operations manager, explains: 'Rhino poo boxes lead our bestselling stocking fillers, alongside elephant dung planters and festive reindeer waste kits. These products celebrate British humor while expanding our adult gift range.' The institution's nature-inspired offerings now include dinosaur tree ornaments, anatomical heart pendants, and bone-themed games. Other museums join the trend: The National Portrait Gallery sells £7 Elizabeth I-inspired tealight adapters for wine glasses. The V&A markets a £87.50 crystal-decorated LED bulb in its holiday sale. Home decor alternatives include the Natural History Museum's £75 felt elephant head, promoted as an animal-friendly wall decoration.",فروشگاههای بریتانیایی با ایدههای نوین، تعریف تازهای از هدیههای فصل تعطیلات ارائه میدهند. فروشگاه ویتروز جعبههای چوبی قابل استفاده مجدد (10 تا 15 پوندی) را برای هدایای شخصیسازی شده معرفی کرده که پس از کریسمس به عنوان جعبه نگهداری قابل استفاده هستند. موزه تاریخ طبیعی نیز با عرضه بستههای 5 پوندی کود کرگدن ضدعفونیشده از باغوحشهای انگلیس به همراه بذر درخت موز، توجه علاقهمندان به باغبانی را جلب کرده است. گینور شورت، مدیر بخش فروش موزه میگوید: 'جعبههای کود کرگدن بدون شک پرفروشترین هدایای کوچک ما هستند. محصولاتی مثل گلدانهای کود فیل و بستههای کود گوزن شمالی نیز محبوبیت ویژهای دارند. این هدایا نشاندهنده طنز خاص بریتانیاییهاست و ما طیف هدایای مخصوص بزرگسالان را گسترش دادهایم.' از محصولات جدید این موزه میتوان به تزئینات کریسمس با طرح دایناسور، آویزهای قلبی با طراحی دقیق آناتومیک و بازی جورچین استخوانی اشاره کرد. دیگر مراکز فرهنگی نیز به این موج پیوستهاند: گالری پرتره ملی یک تبدیلکننده 7 پوندی لیوان شراب به پایه شمع با طراحی الهامگرفته از دوره الیزابت اول عرضه میکند. موزه ویاندای نیز یک لامپ LED تزئینی کریستالی به قیمت 87.5 پوند در حراج پیش از کریسمس ارائه میدهد. در بخش دکوراسیون جایگزین، سر فیل نمدی 75 پوندی موزه تاریخ طبیعی به عنوان گزینهی حیاتدوستانه جایگزین شاخ گوزن معرفی شده است.,Forget boring gifts! 🎁 This year's hottest picks: Reusable @Waitrose crates (£15) & odor-free rhino poo plant kits from @NHM_London (£5)! Perfect for eco-warriors & pranksters alike. #SustainableChristmas #WeirdButAwesome 😂,هدیههای غیرمعمول امسال رو از دست ندهید! 🎁 جعبههای چندبار مصرف ویتروز (15 پوند) و کیت کود کرگدن بدون بو موزه تاریخ طبیعی (5 پوند) - ترکیبی از طنز و اکولوژی! #کریسمس_پایدار #هدیه_خلاق 😂 @Waitrose @NHM_London,fas,eng_x,deepseek-ai_DeepSeek-R1-Turbo,real_news,[2],/eng_x_r/deepseek-ai_DeepSeek-R1-Turbo/fas/CoI_7552f9ac-9c16-48e2-b505-6193442adf64_fas_rewrite_moderate.json,eng,fas,eng,"[fas,eng]",eng,moderate,DialyNews,y,n,y,n
aa0626ac-860d-4eb5-b2eb-2ae7bd45e2a0,"Indonesian Air Force jets intercepted a private aircraft bound for Australia on Monday after it entered restricted airspace without authorization. Aviation officials confirmed a Gulfstream jet carrying thirteen individuals (seven passengers and six crew members) was diverted to Manado Airport following protocol activation. This marks the second such incident in three weeks involving Australian-linked flights. The aircraft's journey originated in Saudi Arabia with a scheduled fuel stop in Singapore before continuing to Darwin. Military spokesperson Major Wanda Suriansyah revealed that Sukhoi fighter pilots had armed systems targeted on the plane, prepared to engage if necessary. 'The crew opted for compliance after recognizing our operational seriousness,' Suriansyah stated to media outlets. This event follows an October 22nd case where two Australian pilots faced fines for unauthorized entry into Indonesian airspace during a light aircraft delivery mission to the Philippines. In both instances, military protocols authorized potential lethal engagement, though no weapons were ultimately discharged. Authorities from both nations are currently reviewing the circumstances while the detained individuals undergo standard security questioning. Aviation experts note these consecutive incidents highlight intensified regional airspace monitoring measures.",ناوگان هوایی اندونزی روز دوشنبه یک جت خصوصی را که بدون مجوز وارد حریم هوایی این کشور شده و به سمت استرالیا در حرکت بود، متوقف کرد. مقامات هوانوردی تأیید کردند که یک جت گلفاستریم حامل ۱۳ نفر (۷ مسافر و ۶ خدمه) با اجرای پروتکلهای امنیتی به فرودگاه مانادو هدایت شد. این دومین رویداد از این نوع در سه هفته اخیر است که شامل پروازهای مرتبط با استرالیا میشود. مسیر این پرواز از عربستان سعودی آغاز شد و پس از توقف سوختگیری برنامهریزی شده در سنگاپور، مقصد نهایی آن داروین بود. سرگرد 'واندا سوریانسیاه'، سخنگوی نیروهای مسلح، اعلام کرد که خلبانان جنگندههای سوخوی سیستمهای تسلیحاتی خود را به سمت هواپیما قفل کرده و آماده اقدام لازم بودند. وی به رسانهها گفت: 'خدمه پرواز پس از درک جدیت عملیات ما، تصمیم به همکاری گرفتند.' این حادثه پس از رویداد ۲۲ اکتبر رخ داد که طی آن دو خلبان استرالیایی به دلیل ورود غیرمجاز به حریم هوایی اندونزی حین انتقال یک هواپیمای سبک به فیلیپین جریمه شدند. در هر دو مورد، پروتکلهای نظامی اجازه استفاده از نیروی مرگبار را میداد، اما در نهایت هیچ شلیکی انجام نشد. مقامات دو کشور در حال بررسی جزئیات این رویدادها هستند، در حالی که بازداشتشدگان تحت بازجوییهای امنیتی قرار دارند. کارشناسان هوانوردی معتقدند این اتفاقات پیاپی نشاندهنده سختگیری بیشتر در نظارت بر حریم هوایی منطقه است.,🚨 Breaking: Indonesian jets intercept another Aussie-bound private jet in airspace drama! ✈️ Second incident in weeks as Sukhoi fighters target unauthorized flight. Passengers questioned in Manado. #AviationSecurity #IndonesiaAustralia,🚨 فوری: جنگندههای اندونزی جت خصوصی استرالیایی را در حریم هوایی متوقف کردند! ✈️ دومین رویداد در چند هفته اخیر با هدفگیری جنگندههای سوخوی. مسافران در مانادو بازجویی میشوند. #امنیت_هوانوردی #روابط_اندونزی_استرالیا,fas,eng_x,deepseek-ai_DeepSeek-R1-Turbo,real_news,[2],/eng_x_r/deepseek-ai_DeepSeek-R1-Turbo/fas/CoI_aa0626ac-860d-4eb5-b2eb-2ae7bd45e2a0_fas_rewrite_moderate.json,eng,fas,eng,fas,eng,moderate,DialyNews,y,n,y,n
1dd78123-8d07-4628-9b62-a4d89bf557df,"Pennsylvania Gov. Tom Wolf suspended all executions Friday, citing the state's 'error-prone' justice system and 'systemic biases' as reasons for the moratorium. 'I take this action after thorough consideration,' Wolf stated. 'The governor's role as final authority in capital punishment carries immense responsibility.' The Democrat, who previously ran a family cabinet business before taking office in January 2015, said the pause will continue until a task force completes its review of Pennsylvania's capital punishment system. 'If Pennsylvania intends to use this irreversible punishment, our system must be flawless,' Wolf emphasized. 'Our current process is flawed—prone to errors, costly, and fundamentally imperfect.' Wolf highlighted systemic issues: 'Recent studies question the fairness of Pennsylvania's capital sentencing. Data suggests disproportionate outcomes based on race and economic status, particularly when victims are Caucasian.' The governor clarified this moratorium doesn't alter sentences for Pennsylvania's 186 death row inmates. 'This isn't sympathy for criminals convicted of horrific acts, but recognition of a broken system plagued by endless appeals and inequities,' Wolf said. Since capital punishment resumed in 1976, Pennsylvania has executed three inmates—all white males—with the last execution in 1999. The moratorium immediately affects Terrance Williams, previously scheduled for execution on March 4. Pike County District Attorney Raymond Tonkin criticized the move as 'unilateral and legally questionable,' particularly regarding Eric Frein's case—charged with killing a state trooper in a September 2014 ambush. Tonkin asserted: 'This action won't hinder our pursuit of justice. The governor oversteps legislative and judicial authority, causing additional trauma to victims' families.' Frein, captured after a seven-week manhunt, maintains his innocence.",فرماندار پنسیلوانیا، تام وولف، روز جمعه با استناد به سیستم قضایی 'مستعد خطا' و 'تبعیضهای ساختاری' این ایالت، تمامی اعدامها را به حالت تعلیق درآورد. وولف در بیانیهای تأکید کرد: 'این تصمیم پس از بررسیهای دقیق اتخاذ شده است. مسئولیت فرماندار به عنوان آخرین مرجع تصمیمگیری در پروندههای اعدام، سنگینترین تکلیف این سمت است.' این مقام دموکرات که پیش از انتصاب به فرمانداری در ژانویه ۲۰۱۵ مدیر یک شرکت خانوادگی تولید کابینت بود، اعلام کرد این تعلیق تا انتشار گزارش نهایی کارگروه بررسی مجازات مرگ ادامه خواهد یافت. وولف تصریح کرد: 'اعمال مجازات اعدام به عنوان یک اقدام غیرقابل بازگشت، نیازمند سیستم قضایی بینقص است. سیستم فعلی پنسیلوانیا پر از اشکال—مستعد خطا، پرهزینه و اساساً ناکارآمد است.' او به مشکلات ساختاری اشاره کرد: 'مطالعات اخیر نشان میدهد سیستم تعیین مجازات اعدام در پنسیلوانیا از نظر دقت و انصاف زیر سؤال است. آمار حاکی از تأثیرپذیری احکام از فقر و نژاد متهمان است، بهویژه زمانی که قربانیان سفیدپوست باشند.' فرماندار تأکید کرد این تعلیق به معنای تغییر احکام ۱۸۶ محکوم به اعدام ایالت نیست: 'این اقدام نشانه همدردی با مجرمان محکوم به جنایات وحشتناک نیست، بلکه اعترافی به نارساییهای سیستمی است که در چرخه بیپایان دادگاهها و نابرابریها گرفتار شده است.' از زمان احیای مجازات اعدام در سال ۱۹۷۶، پنسیلوانیا تنها سه زندانی را اعدام کرده که آخرین مورد آن مربوط به سال ۱۹۹۹ و همگی سفیدپوست بودهاند. این مصوبه بهطور مستقیم بر پرونده ترنس ویلیامز که قرار بود چهارم مارس اعدام شود اثر میگذارد. ریموند تونکین، دادستان کل ناحیه پایک، این تصمیم را 'یکجانبه و احتمالاً غیرقانونی' خواند و به پرونده اریک فرین اشاره کرد که متهم به کشتن یک افسر پلیس در کمین سپتامبر ۲۰۱۴ است. تونکین اظهار داشت: 'این تعلیق مانع پیگیری عدالت در پرونده فرین نمیشود. فرماندار با این اقدام از اختیارات قوای مقننه و قضاییه تجاوز کرده و رنج خانوادههای قربانیان را مضاعف میکند.' فرین که پس از هفت هفته فرار دستگیر شد، به اتهاماتش از جمله قتل عمد و اقدام تروریستی اعتراف نکرده است.,"🚨 PA Gov halts executions, calls justice system 'flawed & biased'. Moratorium stays until reform review completes. 186 inmates remain on death row. #CriminalJusticeReform #PApolitics 💬 'We must ensure perfect fairness' - Gov Wolf faces both praise & pushback from law enforcement.",✊ فرماندار پنسیلوانیا اعدامها را متوقف کرد: 'سیستم قضایی ناعادلانه نیاز به اصلاح دارد'. تعلیق مجازات مرگ تا بررسیهای کارشناسی ادامه مییابد. ۱۸۶ محکوم همچنان در انتظار اعدام. #اصلاح_سیستم_قضایی #عدالت_برای_همه 💬 وولف: 'عدالت واقعی نیازمند سیستم بینقص است' - موافقان و مخالفان به واکنش ادامه میدهند.,fas,eng_x,deepseek-ai_DeepSeek-R1-Turbo,real_news,[0],/eng_x_r/deepseek-ai_DeepSeek-R1-Turbo/fas/CoI_1dd78123-8d07-4628-9b62-a4d89bf557df_fas_edit.json,eng,fas,eng,fas,eng,light,DialyNews,y,n,y,n
de11ba33-e671-465c-8faa-1341d0f0183f,"Fullerton, CA police officer Kenton Hampton has been placed on paid administrative leave following multiple allegations of brutality, including involvement in the July 2011 fatal beating of homeless man Kelly Thomas, who died five days after the altercation. Police spokesperson Sgt. Andrew Goodrich confirmed Hampton's leave status but declined to specify its duration or rationale. Three separate cases allege misconduct by Hampton: 1. The July 2011 death of Kelly Thomas, currently under FBI and Orange County DA investigation. Medical reports from UC Irvine Medical Center show Thomas died from brain trauma sustained during arrest, with no drugs in his system. 2. A June 2010 incident where Edward Quinonez alleges Hampton falsified public intoxication charges and assaulted him. Blood tests showed no alcohol present. 3. An October 2010 arrest of Veth Mam, recorded on iPhone video, resulting in a wrongful arrest lawsuit. Fullerton PD later acknowledged 'a strong possibility' of erroneous arrest. Attorney Garo Mardirossian represents all three plaintiffs, claiming a pattern of misconduct: 'These cases show systemic failure to address rogue officers.' Internal affairs investigations continue, with no burglary evidence found after Thomas' arrest per investigative reports. The Thomas case sparked community outrage, leading to six officers being placed on leave and calls for Police Chief Michael Sellers' resignation. Medical evidence indicates Thomas suffered multiple facial fractures, brain trauma, and ultimately choked on blood from internal injuries during the arrest that began with unfounded burglary reports near a bus depot.",افسر پلیس کنتون همپتون از اداره پلیس فولِرتُن کالیفرنیا به دلیل اتهامات متعدد خشونت، از جمله مشارکت در درگیری مرگبار ژوئیه ۲۰۱۱ که به فوت کلی توماس بیخانمان انجامید، با دریافت حقوق در مرخصی اداری قرار گرفت. توماس پنج روز پس از این حادثه درگذشت. سخنگوی پلیس، ستوان اندرو گودریچ، وضعیت مرخصی همپتون را تأیید کرد اما از ارائه جزئیات بیشتر خودداری نمود. سه پرونده جداگانه به این اتهامات اشاره دارند: ۱. پرونده فوت کلی توماس در ژوئیه ۲۰۱۱ که تحت بررسی افبیآی و دادستانی اورنج کانتی است. گزارشات پزشکی مرکز UC Irvine نشان میدهد آسیبهای مغزی ناشی از ضربات هنگام دستگیری و عدم وجود مواد مخدر در بدن، علت مرگ بوده است. ۲. حادثه ژوئن ۲۰۱۰ که ادوارد کینونز ادعا میکند همپتون او را به صورت نادرست متهم به مستی عمومی کرده و با کوبیدن سرش به دیوار مورد آزار قرار داد. آزمایش خون عدم مصرف الکل را ثابت کرد. ۳. دستگیری اکتبر ۲۰۱۰ وت مَم که با فیلمبرداری توسط آیفون ثبت شد و منجر به شکایت حقوقی گردید. پلیس فولِرتُن پساً پذیرفت که 'احتمال قوی' دستگیری اشتباه وجود داشته است. وکیل گارو ماردیروسیان، نماینده تمامی شاکیان، تأکید کرد: 'این پروندهها الگوی روشنی از سوءرفتار و بیتوجهی به نظارت بر افسران مسئلهدار را نشان میدهد.' تحقیقات داخلی در جریان است و طبق اسناد، هیچ مدرکی از سرقت پس از دستگیری توماس یافت نشد. پرونده توماس موجی از اعتراضات عمومی را برانگیخت که به مرخصی اجباری شش افسر و درخواست استعفای رئیس پلیس مایکل سلرز انجامید. شواهد پزشکی حاکی از شکستگیهای متعدد صورت، آسیب مغزی و خفگی ناشی از خونریزی داخلی در جریان دستگیری است که با گزارشات اولیه نادرست درباره سرقت خودروها آغاز شده بود.,🚨 #PoliceAccountability Update: Fullerton officer Kenton Hampton on paid leave amid MULTIPLE brutality allegations! 🔍 Involved in 2011 fatal beating of homeless Kelly Thomas + 2 other cases. ⚖️ FBI/DA investigating. 'Rogue cops must be removed' says victims' attorney. #JusticeForThomas 🕊️,🚨 #رسیدگی_به_پلیس: افسر کنتون همپتون از فولِرتُن با دریافت حقوق در مرخصی! 🔍 متهم به خشونت در پرونده مرگ کلی توماس بیخانمان (۲۰۱۱) + ۲ مورد دیگر. ⚖️ تحقیقات افبیآی و دادستانی جاری. وکیل شاکیان: 'افسران خاطی باید برکنار شوند'. #عدالت_برای_کلی 🕊️,fas,eng_x,deepseek-ai_DeepSeek-R1-Turbo,real_news,[1],/eng_x_r/deepseek-ai_DeepSeek-R1-Turbo/fas/CoI_de11ba33-e671-465c-8faa-1341d0f0183f_fas_polish.json,eng,fas,eng,fas,eng,moderate,DialyNews,y,n,y,n
d1f9bbf0-8347-4888-9828-7aba461d45b8,"By Sam Adams | Updated: 12:02 EST, 15 March 2013 Boris (925lbs/420kg) and Marjorie (670lbs/304kg) at Cornwall's Chyvarloe Farm have produced over 70 piglets since 2011, making them one of Britain's most productive breeding pairs. Owner Paul Parfitt, 37, explains: 'Marjorie's size allows safe mating with Boris, who fathers 175 piglets annually across eight sows in our breeding program.' The Gloucester Old Spot/Large White crossbreeds follow strict dietary regimens - 4kg daily of grains plus occasional apples. Butcher Darren Law estimates Boris could yield 6,250 sausages, but the Parfitts prioritize breeding over meat production. 'Boris became family as he grew,' says Paul. 'We manage his weight through controlled feeding and seasonal pasture access.' Measuring 7ft (2.1m) long and 3ft (0.9m) tall, Boris interacts safely with visitors. 'His gentle nature defies his size,' Paul notes. 'Summer weight gain comes from natural foraging, not overfeeding.'",نوشته سام آدامز | به روز شده در ۱۵ مارس ۲۰۱۳ بوریس (۴۲۰ کیلوگرم) و مارجوری (۳۰۴ کیلوگرم) در مزرعهٔ چیوارلو واقع در کورنوال انگلستان، از سال ۲۰۱۱ تاکنون بیش از ۷۰ خوکچه تولید کردهاند. پل پارفیت، مالک ۳۷ ساله مزرعه توضیح میدهد: 'جثهٔ بزرگ مارجوری امکان جفتگیری ایمن با بوریس را فراهم میکند. این خوک نر سالانه حدود ۱۷۵ خوکچه از هشت مادهٔ مولد مزرعه به وجود میآورد.' این خوکهای دورگه از نژادهای گلوسستر اولد اسپات و لارج وایت، روزانه ۴ کیلوگرم غلات همراه با سیب به عنوان تنقلات دریافت میکنند. دارن لاو، قصاب محلی، تخمین میزند لاشهٔ بوریس به ۶٬۲۵۰ سوسیس تبدیل شود، اما خانواده پارفیت بر جنبهٔ تولیدمثلی تأکید دارند: 'با رشد غیرمعمول بوریس، او به عضوی از خانواده تبدیل شد. ما وزن او را از طریق برنامه غذایی کنترلشده و چرای فصلی مدیریت میکنیم.' بوریس با طول ۲٫۱ متر و ارتفاع ۰٫۹ متر، به طور منظم با بازدیدکنندگان تعامل دارد. پل اضافه میکند: 'رفتار آرام این خوک با وجود جثهٔ عظیمش شگفتانگیز است. افزایش وزن او در تابستان ناشی چرای طبیعی در مراتع است، نه تغذیهٔ افراطی.',Meet Britain's heavyweight champs of pig parenting! 🐷 Boris (925lbs) & Marjorie have produced 70+ piglets at Cornwall's Chyvarloe Farm. Their secret? A strict grain diet and Marjorie's crash-resistant build! #FarmLife #GentleGiants,آشنایی با سنگینوزنترین والدین خوک در انگلیس! 🐷 بوریس (۴۲۰ کیلو) و مارجوری تاکنون بیش از ۷۰ خوکچه در مزرعه چیوارلو تولید کردهاند. رازشان؟ رژیم غذایی کنترلشده و جثهٔ مقاوم مارجوری! #زندگی_مزرعه #غولهای_مهربان,fas,eng_x,deepseek-ai_DeepSeek-R1-Turbo,real_news,[0],/eng_x_r/deepseek-ai_DeepSeek-R1-Turbo/fas/CoI_d1f9bbf0-8347-4888-9828-7aba461d45b8_fas_edit.json,eng,fas,eng,fas,eng,light,DialyNews,y,n,y,n
640f5b29-f33f-4528-9c23-1f61f5cef528,"(CNN) -- FIFA, football's global governing body, has officially authorized religious headscarves during matches. The decision announced at IFAB's 2014 Annual Meeting in Zurich followed a two-year trial beginning July 2012. 'IFAB amended Law 4 to permit religious head coverings after safety concerns proved unfounded,' FIFA stated. The original 2007 ban caused controversy, notably when Iran's women's team forfeited a 2011 Olympic qualifier against Jordan. Following advocacy by Asian Football Federation's Zhang Jilong, FIFA initiated temporary headscarf allowances in 2012 before permanent approval. Separate 2013 rule changes permitted turbans after lobbying by Canada's soccer body. Concurrently, IFAB banned all undergarment slogans effective June 1, 2014. 'No messages - including humorous ones - will be allowed during World Cup matches,' confirmed Secretary General Jerome Valcke. The changes prohibit goal celebration displays like Mario Balotelli's 2011 'Why always me?' message at Manchester City. English FA's Alex Horne noted: 'Consistency requires eliminating all slogans to protect the sport's image.'",(سیانان) -- فیفا، نهاد جهانی حاکم بر فوتبال، استفاده از حجاب مذهبی در مسابقات را بهطور رسمی مجاز اعلام کرد. این تصمیم در نشست سالانهٔ 'آیفاب' در زوریخ (۲۰۱۴) پس از دورهٔ آزمایشی دو ساله از جولای ۲۰۱۲ اتخاذ شد. 'آیفاب با اصلاح قانون ۴، استفاده از پوشش سر مذهبی را مجاز دانست پس از اثبات بیخطر بودن آن.' تیم زنان ایران در سال ۲۰۱۱ به دلیل ممنوعیت حجاب، از مسابقهٔ مقدماتی المپیک مقابل اردن انصراف داد. پس از پیگیریهای ژانگ جیلونگ از کنفدراسیون فوتبال آسیا در سال ۲۰۱۲، فیفا ابتدا اجازهٔ موقت و سپس دائمی استفاده از حجاب را صادر کرد. در سال ۲۰۱۳ نیز با تلاشهای فدراسیون فوتبال کانادا، استفاده از عمامه مجاز شد. آیفاب همزمان نمایش هرگونه شعار روی زیرپوشها را از ژوئن ۲۰۱۴ ممنوع اعلام کرد. جروم والکه، دبیرکل فیفا تأکید کرد: 'حتی شعارهای طنزآمیز در جام جهانی مجاز نیستند.' این قوانین نمایش پیامهایی مانند 'چرا همیشه من؟' ماریو بالوتلی در سال ۲۰۱۱ پس از گلزنی را ممنوع میکند. الکس هورن از فدراسیون انگلیس بیان کرد: 'حذف همهٔ شعارها برای حفظ یکپارچگی تصویری ورزش ضروری است.',"Big changes on the pitch! ⚽️ FIFA just OK'd religious headscarves after years of debate, but says NO to slogan undershirts. No more 'Why always me?' moments after goals! #FIFAUpdates #SportsInclusion 🌍👕",تغییرات بزرگ در فوتبال! ⚽️ فیفا پس از سالها بحث، حجاب مذهبی را مجاز اعلام کرد، اما شعار روی زیرپوشها ممنوع شد! دیگر خبری از پیامهای پس از گل مانند 'چرا همیشه من؟' نیست! #فیفا #شهروندی_ورزشی 🌍👕,fas,eng_x,deepseek-ai_DeepSeek-R1-Turbo,real_news,[0],/eng_x_r/deepseek-ai_DeepSeek-R1-Turbo/fas/CoI_640f5b29-f33f-4528-9c23-1f61f5cef528_fas_edit.json,eng,fas,eng,fas,eng,light,DialyNews,y,n,y,n
9b156c07-8167-42f7-bd64-913b0e332868,"Facebook has launched clickable hashtags, adopting functionality pioneered by Twitter and Instagram. Users can now search topics by clicking hashtags like '#NBAFinals' to view related posts. The feature debuts for 20% of users, with full global availability planned in coming weeks. This update enables real-time conversation tracking, aligning with Twitter's model. Facebook's Greg Lindley emphasized this addresses prior limitations in discovering public discussions. Planned future enhancements include trending hashtags and advanced analytics. Cultural integration examples include Robin Thicke's 'Blurred Lines' music video featuring prominent hashtag displays. Analysts anticipate improved ad targeting through hashtag-derived semantic data. Marketing firm RadiumOne endorsed the move, highlighting hashtags' role in real-time ad personalization. Recommended practices: use ≤3 hashtags per post, ensure relevance, and verify tag meanings beforehand.",فیسبوک قابلیت هشتگهای قابل کلیک را راهاندازی کرده که پیشتر در توییتر و اینستاگرام محبوب شده بود. کاربران با کلیک روی هشتگهایی مثل '#NBAFinals' میتوانند مطالب مرتبط را ببینند. این ویژگی ابتدا برای ۲۰٪ کاربران فعال شده و تا چند هفته آینده بهصورت جهانی در دسترس خواهد بود. بروزرسانی جدید امکان دنبال کردن گفتگوها بهصورت زنده (مشابه توییتر) را فراهم میکند. گرگ لیندلی از فیسبوک گفت: 'این قابلیت محدودیتهای گذشته در پیدا کردن بحثهای عمومی را حل میکند'. در آینده، هشتگهای ترند و ابزارهای تحلیلی پیشرفته اضافه خواهند شد. موزیکویدئوی 'خطوط محو' اثر رابین تیک که هشتگها بهطور prominent نمایش داده شده، نمونه ای از کاربرد فرهنگی این قابلیت است. تحلیلگران معتقدند هدفگذاری تبلیغات با استفاده از دادههای هشتگها بهبود مییابد. شرکت رادیوموان از این قابلیت استقبال کرد و گفت: 'هشتگها امکان تحویل تبلیغات شخصی شده در کسری از ثانیه را فراهم میکنند'. توصیهها: بیش از سه هشتگ استفاده نکنید، هشتگهای مرتبط انتخاب کنید و معانی آنها را پیش از استفاده بررسی نمایید.,Facebook's jumping on the #hashtag train! 🚀 Now click tags to join global convos in real-time. Pro tip: Mix custom & trending tags for max reach! #SocialMediaUpdate #TechTrends,فیسبوک سوار قطار هشتگها شد! 🚀 حالا با کلیک روی هشتگها به گفتگوهای جهانی بپیوندید. نکته حرفهای: ترکیب هشتگهای شخصی و ترند برای بیشترین بازدید! #آپدیت_شبکههای_اجتماعی #ترندهای_تکنولوژی,fas,eng_x,deepseek-ai_DeepSeek-R1-Turbo,real_news,[1],/eng_x_r/deepseek-ai_DeepSeek-R1-Turbo/fas/CoI_9b156c07-8167-42f7-bd64-913b0e332868_fas_polish.json,eng,fas,eng,fas,eng,moderate,DialyNews,y,n,y,n
b9b44883-318c-4de5-b209-b3bf715d7fd4,"London's Forty Hall Vineyard has achieved a historic first commercial harvest since the Middle Ages. The Enfield-based operation, overlooking landmarks like The Shard, cultivates 7,000+ vines including Ortega and Bacchus varieties. Partnering with Sussex organic winemaker Will Davenport, they're producing both still and traditional-method sparkling wines, with initial bottling expected in 2015. Manager Sarah Vaughan-Roberts aims to penetrate London's gourmet market: 'Our artisanal approach resonates with locavore trends.' The lottery-funded project on Capel Manor College land pursues biodynamic certification, incorporating Rudolf Steiner's lunar cycle principles alongside organic practices. Amid England's wine industry growth - with domestic sales tripling in 2022 - Forty Hall's volunteer-driven model targets 15,000 annual bottles. Vaughan-Roberts emphasizes sustainable ambitions: 'We're building a community enterprise that honors historical roots while innovating eco-production.'",تاکستان فورتی هال لندن پس از قرون وسطی اولین برداشت تجاری خود را انجام داد. این باغ انگور ۷۰۰۰ اصله در انفیلد، با همکاری ویلی داونپورت - تولیدکننده ارگانیک ساسکس - مشغول تولید شرابهای سفید و شامپاین به روش سنتی است. سارا وان-رابرتز، مدیر مجموعه، هدف ورود به بازار غذاهای لوکس لندن را دنبال میکند: 'شرابهای دستساز ما پاسخگوی ذائقه خوراکشناسان محلی است.' این پروژه جامعه-محور با بودجه لاتاری و زمین اهدایی کالج کشاورزی کپل منور، در حال اخذ گواهی بیودینامیک (ترکیب کشاورزی ارگانیک با روشهای مبتنی بر چرخه قمری) است. در حالی که صنعت شراب انگلستان رشد ۲۰۰ درصدی فروش را تجربه کرده، فورتی هال سالانه ۱۵۰۰۰ بطری تولید خواهد کرد و به الگویی پایدار در تولید شراب تبدیل میشود.,🍇 History in the making! London's Forty Hall Vineyard harvests first grapes since MIDDLE AGES! 🌿 Organic + biodynamic wines coming 2025. Support local vintners & taste #LondonTerroir! #WineRevolution #SustainableSips,🍇 تاریخسازى در لندن! اولین برداشت تجاری انگور از قرون وسطى تاکنون در تاکستان فورتی هال 🍷 شرابهای ارگانیک و بیودینامیک تا ۱۴۰۴ آماده! #انقلاب_شراب #کشاورزی_پایدار #حمایت_از_تولید_محلی,fas,eng_x,deepseek-ai_DeepSeek-R1-Turbo,real_news,[2],/eng_x_r/deepseek-ai_DeepSeek-R1-Turbo/fas/CoI_b9b44883-318c-4de5-b209-b3bf715d7fd4_fas_rewrite_moderate.json,eng,fas,eng,fas,eng,moderate,DialyNews,y,n,y,n
c4456fd9-0b0a-4c93-b264-924081eb9b8c,"'We don't negotiate with terrorists' has long been governments' standard response to violent extremists. However, in the social media realm, engagement now occurs. The US State Department's Center for Strategic Counterterrorism Communications (CSCC) has implemented online initiatives since 2011 to challenge jihadist narratives in Arabic, Urdu, and Somali, expanding to English-language Twitter in December 2013. CSCC coordinator Alberto Fernandez describes this as participating in a 'marketplace of ideas,' countering extremist propaganda with factual arguments. Jihadist social media content ranges from battlefield decapitation photos to marriage proposals for Syrian fighters, disseminated through global networks. A King's College London study shows Western-based radical preachers' social media influence has driven approximately 2,750 Western Muslims (25% of 11,000 foreign fighters) to join Syria's conflict. The CSCC's $5 million annual program aims to disrupt this recruitment by inserting counter-narratives into extremist echo chambers. Notable exchanges include debates about Taliban cultural destruction and humanitarian crises. Critics like journalist Jonathan Krohn dismiss the efforts as ineffective 'trolling,' while supporters like Will McCants note success in challenging extremist credibility. The initiative adapts Cold War-era psychological tactics to digital spaces, using jihadists' own content against them. Recent campaigns hijacked ISIS's 'accomplishments of the Islamic state' hashtag to highlight human rights violations. Effectiveness remains debated, with Fernandez acknowledging challenges in measuring direct impact.",'ما با تروریستها مذاکره نمیکنیم' برای دههها شعار ثابت دولتها در برخورد با افراطگرایان خشونتطلب بود. اما در عصر رسانههای اجتماعی، این رویکرد به تعامل تبدیل شده است. مرکز ارتباطات ضدتروریسم استراتژیک وزارت خارجه آمریکا (CSCC) از سال ۲۰۱۱ با اجرای برنامههای آنلاین به زبانهای عربی، اردو و سومالیایی به مقابله با تبلیغات جهادگرایان پرداخته و در دسامبر ۲۰۱۳ فعالیت خود را به توئیتر انگلیسیزبان گسترش داد. آلبرتو فرناندز، مسئول هماهنگی CSCC، این استراتژی را مشارکت در 'بازار آزاد اندیشهها' توصیف میکند که با ارائه استدلالهای مستند به مقابله با روایتهای افراطی میپردازد. محتوای تولیدشده توسط جهادگرایان در رسانههای اجتماعی از تصاویر شنیع سربریدهها تا تبلیغات ازدواج با مبارزان سوری را شامل میشود که از طریق شبکههای جهانی بهسرعت پخش میشوند. براساس مطالعهای از کینگز کالج لندن، حدود ۲۷۵۰ مسلمان غربی (معادل ۲۵٪ از ۱۱هزار مبارز خارجی) تحت تأثیر تبلیغات رسانهای وعاظ افراطی به جنگ سوریه پیوستهاند. برنامه سالانه ۵ میلیون دلاری CSCC با هدف ایجاد اختلال در فرآیند جذب نیروهای جدید، روایتهای نقضکننده را در فضای مجازی افراطگرایان وارد میکند. از جمله مناظرههای شاخص میتوان به مجادلات درباره سیاستهای طالبان در افغانستان و بحرانهای انسانی اشاره کرد. منتقدانی مانند روزنامهنگار جاناتان کرون این اقدامات را 'ترولینگ بیحاصل' میخوانند، در حالی که تحلیلگرانی مانند ویل مککانتس از برندسازی موفقیتآمیز این استراتژی در کاهش اعتبار گروههای افراطی خبر میدهند. این ابتکار عمل با الهام از تاکتیکهای روانی دوران جنگ سرد، از محتوای تولیدشده توسط خود جهادگرایان علیه آنها استفاده میکند. برای نمونه، کمپین اخیر CSCC با مصادره هشتگ 'دستاوردهای دولت اسلامی' به افشای جنایتهای داعش پرداخت. با این حال سنجش اثربخشی واقعی این برنامهها همچنان چالشبرانگیز است و فرناندز به دشواریهای ارزیابی مستقیم نتایج اذعان دارد.,"Did you know the US govt's countering extremist propaganda online? 💻🛡️ From Twitter spats with jihadists to hijacking ISIS hashtags, discover how $5M/year efforts aim to disrupt terrorist recruitment. #DigitalCounterterrorism #InfoWar [1/2",آیا میدانستید دولت آمریکا با تبلیغات مجازی افراطگرایان مقابله میکند؟ 💻⚔️ از مناظرههای توئیتری با جهادگرایان تا مصادره هشتگهای داعش، ببینید چگونه بودجه ۵ میلیون دلاری سالانه جذب نیروهای تروریستی را هدف گرفته. #مقابله_مجازی_با_تروریسم #جنگ_اطلاعاتی [2/2,fas,eng_x,deepseek-ai_DeepSeek-R1-Turbo,real_news,[0],/eng_x_r/deepseek-ai_DeepSeek-R1-Turbo/fas/CoI_c4456fd9-0b0a-4c93-b264-924081eb9b8c_fas_edit.json,eng,fas,eng,fas,eng,light,DialyNews,y,n,y,n
02da5c3f-da61-4bcb-8abf-a64dfb8fea34,"Facebook's addictive potential mirrors substance dependencies, with the Bergen Facebook Addiction Scale identifying at-risk users through six behavioral indicators. A University of Bergen study of 423 participants found higher addiction prevalence among women, younger adults, and socially anxious individuals. Career-focused users showed lower addiction rates by leveraging the platform strategically. Neuroscientific research from Harvard revealed that self-disclosure on social media activates reward centers similarly to monetary gains and food. Cybersecurity risks were highlighted through cases where fake NFL pages distributed Zeus Banking Trojan malware. The diagnostic tool adapts clinical addiction criteria, requiring 'often'/'very often' responses to four+ questions about compulsive use patterns.",اعتیاد به فیسبوک میتواند مشابه وابستگی به مواد مخدر عمل کند. 'مقیاس سنجش اعتیاد به فیسبوک برگن' از طریق شش شاخص رفتاری، کاربران در معرض خطر را شناسایی میکند. پژوهش دانشگاه برگن روی ۴۲۳ شرکتکننده نشان داد زنان، جوانان و افراد دارای اضطراب اجتماعی بیشتر مستعد اعتیاد هستند. کاربران هدفمند که از پلتفرم برای پیشرفت شغلی استفاده میکنند کمتر دچار وابستگی میشوند. مطالعات علوم اعصاب در هاروارد نشان میدهد بهاشتراکگذاری اطلاعات شخصی در شبکههای اجتماعی مراکز پاداش مغز را مشابه دریافت پول یا غذا فعال میکند. تهدیدات امنیتی شامل صفحات جعلی مرتبط با لیگ فوتبال آمریکا بود که بدافزار بانکداری زئوس را منتشر میکردند. این ابزار تشخیصی با تطبیق معیارهای بالینی اعتیاد، نیازمند پاسخ 'مکرر' یا 'بسیار频繁' به چهار+ سوال درباره الگوهای استفاده اجباری است.,Could you be hooked? 🧐 New research reveals 6 signs of Facebook addiction affecting work/school performance! 🚨 Women & young adults at higher risk. Take the test: 4+ 'often' answers = red flag. #SocialMediaAddiction #DigitalHealth,آیا ممکن است معتاد باشید؟ 🧐 تحقیق جدید ۶ نشانه اعتیاد به فیسبوک که روی عملکرد کاری/تحصیلی اثر میگذارد را شناسایی کرده! 🚨 زنان و جوانان در خطر بالاتر. آزمون: ۴+ پاسخ 'مکرر' هشداردهنده است. #اعتیاد_شبکه_های_اجتماعی #سلامت_دیجیتال,fas,eng_x,deepseek-ai_DeepSeek-R1-Turbo,real_news,[0],/eng_x_r/deepseek-ai_DeepSeek-R1-Turbo/fas/CoI_02da5c3f-da61-4bcb-8abf-a64dfb8fea34_fas_edit.json,eng,"[fas,zho]",eng,fas,eng,light,DialyNews,y,n,y,n
35169e0e-608f-43e3-afca-4123c14c58c3,"TV personality Keith Chegwin engaged in a social media dispute with BBC Wiltshire's Marie Lennon after she tweeted that his voice made her 'physically sick.' The Scouse entertainer, known for 1970s children's shows, responded critically to what he called 'rude' comments made under BBC branding. Lennon deleted her tweet and account, apologizing for the 'long day' remark. BBC officials stated: 'These personal views don't represent the station. We welcome Chegwin's return to Wyvern Theatre's Aladdin pantomime.' Theatre management confirmed their continued support, citing Chegwin's successful 2011 performance as Buttons in Cinderella. Chegwin will star as Wishee Washee from December 8 to January 6 while balancing commitments to ITV's Dancing on Ice, following recovery from practice-related injuries.",در پی توئیت انتقادی ماری لنون مجری رادیو بیبیسی ویلتشر دربارهٔ صدای کیث چگین، این مجری سرشناس در پاسخ از 'بیاحترامی تحت نام بیبیسی' ابراز ناخرسندی کرد. لنون با عذرخواهی و حذف حساب کاربری، این اظهارات را ناشی از 'خستگی' عنوان نمود. مسئولان بیبیسی تاکید کردند: 'نظرات شخصی کارکنان لزوماً بازتاب مواضع سازمان نیست. ما مشتاقانه منتظر اجرای چگین در تئاتر وایورن هستیم.' مدیریت این تئاتر با اشاره به استقبال بینظیر از اجرای قبلی چگین در سال ۲۰۱۱، همکاری مجدد را تایید کرد. چگین که بهدلیل مصدومیت از مسابقات 'رقص روی یخ' انصراف داد، از ۸ دسامبر تا ۶ ژانویه در نقش ویشی واشی در نمایش علاءالدین حاضر خواهد شد.,"🎭 TV legend Keith Chegwin claps back at BBC critic! After a reporter called his voice 'sickening,' Cheggers stood his ground. The BBC says it's 'just personal views' while theaters keep cheering #PantoPower 💥 Catch him in Aladdin Dec 8! #CelebDrama #BBCNews",🎤 کیث چگین به انتقادهای تند بیبیسی پاسخ داد! پس از اظهارات یک مجری دربارهٔ 'صدای حالآور' او، این ستاره تلویزیونی قاطعانه واکنش نشان داد. تئاتر وایورن از همکاری مجدد استقبال کرد 📆 از ۱۸ آذر تا ۱۶ دی در نمایش علاءالدین #جنجال_سلبریتی‌ها #اخبار_بیبیسی,fas,eng_x,deepseek-ai_DeepSeek-R1-Turbo,real_news,[0],/eng_x_r/deepseek-ai_DeepSeek-R1-Turbo/fas/CoI_35169e0e-608f-43e3-afca-4123c14c58c3_fas_edit.json,eng,fas,eng,fas,eng,light,DialyNews,y,n,y,n
a4812425-7bbc-446c-a1f5-94f96fcefa86,"CBS announced Tuesday that correspondent Lara Logan and veteran producer Max McClellan are taking indefinite leaves of absence following scrutiny of their since-retracted September 2013 '60 Minutes' segment about the 2012 Benghazi attack. The network confirmed these disciplinary actions accompany an internal review revealing critical lapses in verifying claims made by their primary source, security contractor Dylan Davies of Blue Mountain Group. Network executives acknowledged failing to properly vet Davies' contradictory accounts of his actions during the September 11, 2012 attack that killed four Americans, including Ambassador Christopher Stevens. While CBS knew Davies provided conflicting stories to his employer and government investigators, producers didn't utilize available FBI and State Department resources to confirm his televised narrative. Jeff Fager, CBS News chairman and '60 Minutes' executive producer, accepted ultimate responsibility in a staff memo, stating: 'This deception shouldn't have gotten through our process.' Standards chief Al Ortiz's review highlighted missed opportunities to cross-check Davies' account with federal sources, noting CBS reporters with FBI contacts could have uncovered inconsistencies. Media Matters for America, a progressive media watchdog that initially challenged the report's accuracy, endorsed CBS's accountability measures. Chairman David Brock noted: 'This should remind news organizations about misinformation dangers.' Logan, who publicly apologized November 10, withdrew from a scheduled Committee to Protect Journalists event this week, replaced by colleague Scott Pelley.",شبکه سیبیاس سهشنبه اعلام کرد لارا لوگان، خبرنگار شبکه و ماکس مککللن، تهیهکننده ارشد برنامه '60 دقیقه'، به دنبال انتقادات از گزارش اشتباهشان درباره حمله 2012 بنغازی، مرخصی نامحدود گرفتهاند. این تصمیم همراه با نتایج بازرسی داخلی شبکه، ضعفهای جدی در بررسی ادعاهای دیلان دیویس (پیمانکار شرکت بلو مانتین) را آشکار کرد. مسئولان سیبیاس پذیرفتند که روایتهای متناقض دیویس از حوادث 11 سپتامبر 2012 - که به کشته شدن چهار آمریکایی از جمله سفیر کریستوفر استیونز انجامید - بهدرستی بررسی نشده بود. با وجود آگاهی از تفاوتهای موجود در گفتههای دیویس به کارفرما و نهادهای دولتی، تهیهکنندگان از منابع اطلاعاتی موجود در افبیآی و وزارت خارجه برای تأیید ادعاهای او استفاده نکرده بودند. جف فیجر، رئیس بخش خبری سیبیاس و تهیهکننده اجرایی '60 دقیقه'، در یادداشتی داخلی مسئولیت نهایی این اشتباه را پذیرفت و گفت: 'این فریب نباید از سیستم بازرسی ما عبور میکرد.' آلو اورتیز، مسئول استانداردهای شبکه، در گزارش خود به از دست رفتن فرصتهای برای بررسی تطابق روایت دیویس با منابع رسمی اشاره کرد. گروه مدیا مترز - نهاد نظارتی با گرایش چپ میانه که نخستین انتقادات به گزارش را مطرح کرد - اقدامات تنبیهی سیبیاس را مثبت ارزیابی کرد. دیوید براک، رئیس این گروه، تأکید کرد: 'این اتفاق باید هشداری درباره خطرات انتشار اطلاعات نادرست باشد.' لوگان که 10 نوامبر عذرخواهی عمومی کرده بود، از حضور در مراسم برنامهریزی شده کمیتۀ حفاظت از روزنامهنگاران انصراف داد و جای خود را به اسکات پلی، مجری اخبار سیبیاس داد.,🚨 CBS takes action after flawed Benghazi report! 🎤 '60 Minutes' team faces leave following internal review that exposed verification failures. Media watchdogs say it's a wake-up call against misinformation. #JournalismEthics #AccountabilityMatters,📰 سیبیاس پس از گزارش جنجالی بنغازی اقدام کرد! تیم برنامه '60 دقیقه' مرخصی گرفتند. بازرسی داخلی ضعفهای شدید در بررسی منابع را نشان داد. ناظران رسانهای: هشداری درباره اطلاعات نادرست. #اخلاق_رسانهای #پاسخگویی,fas,eng_x,deepseek-ai_DeepSeek-R1-Turbo,real_news,[2],/eng_x_r/deepseek-ai_DeepSeek-R1-Turbo/fas/CoI_a4812425-7bbc-446c-a1f5-94f96fcefa86_fas_rewrite_light.json,eng,fas,eng,fas,eng,light,DialyNews,y,n,y,n
d0460dd5-1e62-4b09-9f75-4920e00bd219,"Bruce Crompton, a military vehicle expert often compared to Del Boy in demeanor, specializes in historic tanks featured in films like 'Saving Private Ryan'. He safeguards vehicles during film explosions, ensuring their preservation. His TV series 'Combat Dealers', premiering 30 April on Quest, documents global searches for rare artifacts like the WWII-era Schwimmwagen - a German amphibious vehicle. Despite failing to acquire one in Normandy for £70k, Crompton values the pursuit: 'The passion is in the hunt.' His company transports tanks for productions like Brad Pitt's 'Fury', with costs reaching £3 million. Crompton's wife manages their storage facility and can operate tanks when needed.",بروس کرامپتون، کارشناس وسایل نقلیه نظامی که به شخصیت دِل بوی انگلیسی شباهت دارد، در زمینه تانکهای تاریخی استفادهشده در فیلمهایی مانند 'نجات سرباز رایان' فعالیت میکند. او هنگام فیلمبرداری از تخریب این اشیای تاریخی باارزش جلوگیری مینماید. مجموعه تلویزیونی 'کمبت دیلرز' که از ۳۰ آوریل روی آنتن کانال کوئست میرود، جستجوهای جهانی او برای یافتن اشیای نادر مانند شویمواگن آلمانی دوره جنگ جهانی دوم - یک وسیله نقلیه آبی-خاکی - را دنبال میکند.儘管他未能以۷万英镑在诺曼底购得一辆،但کرامپتون تأکید میکند: 'هیجان واقعی در فرایند جستجو نهفته است.' شرکت او با هزینهی ۳ میلیون پوند، تانکها را برای تولیداتی مانند فیلم 'فوری' با بازی برد پیت جابهجا میکند. همسر او که مهارت رانندگی تانک را دارد، مسئولیت مدیریت انبارهای آنها را برعهده دارد.,"Meet Bruce Crompton - the real-life 'Tank Man' supplying Hollywood's biggest war films! 🎬 From Saving Private Ryan to Brad Pitt's Fury, his historic vehicles steal the show. Don't miss #CombatDealers premiering April 30 on @QuestTV! #MilitaryHistory",با بروس کرامپتون آشنا شوید: مرد تانکهای تاریخی هالیوود! 🎬 از 'نجات سرباز رایان' تا 'فوری' با بازی برد پیت. مجموعه جذاب #کمبت_دیلرز از ۳۰ آوریل روی آنتن کانال کوئست. #تاریخ_نظامی,fas,eng_x,deepseek-ai_DeepSeek-R1-Turbo,real_news,[0],/eng_x_r/deepseek-ai_DeepSeek-R1-Turbo/fas/CoI_d0460dd5-1e62-4b09-9f75-4920e00bd219_fas_edit.json,eng,"[fas,zho]",eng,fas,eng,light,DialyNews,y,n,y,n
969d9c7a-43d3-4e8d-95f5-c2a77939e2f0,"The dramatic conclusion of ITV's Broadchurch exposed Joe Miller, played by Matthew Gravelle, as Danny Latimer's killer. Viewership surged to 9.3 million during the pivotal reveal before settling at an 8.4 million average. Gravelle recounted humorous encounters with school parents who insisted they'd 'always suspected' his character. While the killer's identity shocked many, the confirmation of a second series generated stronger reactions. Social media buzzed with debates about continuing the story, mirroring the divided fan responses captured in original tweets. Production secrecy remained airtight, with only 29 cast and crew members aware of the twist beforehand. This investigative drama starring Tennant and Colman achieved record ratings for ITV, becoming their most-watched new weekday series in nearly a decade. When including catch-up viewers, consolidated figures reached 9.2 million, surpassing popular shows like Mr Selfridge. Executive producer Jane Featherstone promised the next chapter would maintain suspense while introducing new narrative directions.",پایان نفسگیر سریال 'برادچرچ' آی‌تی‌وی، جو میلر (با بازی متیو گراول) را به عنوان قاتل دنی لاتیمر ۱۱ ساله معرفی کرد. آمار بینندگان در اوج لحظه افشای راز به ۹.۳ میلیون نفر رسید، با میانگین ۸.۴ میلیون بیننده در کل قسمت. گراول از برخورد طنزآمیز والدین در مدرسه فرزندانش گفت که اصرار داشتند 'از اول میدانستند' شخصیت او مقصر است. در حالی که هویت قاتل بسیاری را شوکه کرد، اعلام فصل دوم واکنشهای شدیدتری ایجاد نمود. شبکههای اجتماعی شاهد بحثهای داغ درباره تداوم داستان بودند که بازتابی از نظرات متنوع هواداران در توییتهای اصلی بود. تیم تولید با رازداری بیسابقه، تنها ۲۹ نفر از عوامل را از این نقطهپیرامون داستان آگاه کرده بودند. این درام جنایی با بازی دیوید تِننت و اولیویا کولمن به پربینندهترین سریال جدید آی‌تی‌وی در یک دهه اخیر تبدیل شد. با احتساب بینندگان پخش مجدد، آمار نهایی به ۹.۲ میلیون رسید که از برنامههای محبوبی مانند 'آقای سلفریج' پیشی گرفت. جین فدرستون، تهیهکننده اجرایی وعده داد فصل بعدی ضمن حفظ تعلیق، مسیرهای داستانی نوینی ارائه خواهد داد.,🚨 TV Sensation Alert! #Broadchurch finale shocked 9.3M viewers with Joe Miller's killer reveal! 😱 School run gets awkward for actor Matthew Gravelle as parents play detective. 🔍 Plus: Season 2 confirmed! 👀 Will you tune in? #WhodunnitReturns #ITVHit,🔥 لحظه تاریخی برادچرچ! افشای هویت قاتل با ۹.۳ میلیون بیننده 😱 بازیگر نقش قاتل با واکنش طنز والدین در مدرسه مواجه شد! 🕵️♂️ فصل دوم تایید شد - نظر شما چیه؟ #برادچرچ_فصل2 #سوپرایز_تلویزیونی,fas,eng_x,deepseek-ai_DeepSeek-R1-Turbo,real_news,[2],/eng_x_r/deepseek-ai_DeepSeek-R1-Turbo/fas/CoI_969d9c7a-43d3-4e8d-95f5-c2a77939e2f0_fas_rewrite_moderate.json,eng,fas,eng,fas,eng,moderate,DialyNews,y,n,y,n
b15ff85e-dc33-4fe4-99d5-2f7fad2f2941,"By David McCormack and Lydia Warren. A photo of Sgt. Bowe Bergdahl smiling with former Taliban commander Badruddin Haqqani was posted on Twitter by account @khorasan3. The Middle East Research Institute confirmed Haqqani's identity - a senior Haqqani Network member killed in a 2012 U.S. drone strike. Bergdahl was released in May 2014 in exchange for five Guantanamo detainees. An ongoing investigation examines whether he deserted his post in 2009. Former squad members maintain he intentionally left his position, while military officials continue his reintegration process at Fort Sam Houston.",نوشته دیوید مککورمک و لیدیا وارن. عکسی از ستوان 'بو برگدال' در حال لبخند به فرمانده سابق طالبان 'بدرالدین حقانی' توسط حساب کاربری @khorasan3 در توییتر منتشر شد. موسسه تحقیقات خاورمیانه هویت وی را به عنوان عضو ارشد 'شبکه حقانی' تأیید کرد که در سال ۲۰۱۲ در حمله پهپادی آمریکا کشته شد. برگدال در مه ۲۰۱۴ در ازای آزادی پنج زندانی گوانتانامو مبادله شد. تحقیقات کنونی در حال بررسی احتمال فرار وی از پست نظامی در سال ۲۰۰۹ است. همقطاران سابقش ادعا میکنند او عمداً موقعیت خود را ترک کرده، در حالی که فرآیند بازادغام وی در پایگاه 'فورت سام هیوستون' ادامه دارد.,"Controversial photo surfaces of US soldier Bergdahl with Taliban commander during captivity. As investigation continues into 2009 disappearance, former squad members insist he deserted. #MilitaryControversy #AfghanistanConflict",عکس جنجالی از سرباز آمریکایی برگدال با فرمانده طالبان در دوران اسارت. همزمان با ادامه تحقیقات درباره فرار احتمالی وی در ۲۰۰۹، همقطاران سابقش بر ادعای فرار عمدی تأکید میکنند. #جنجال_نظامی #درگیری_افغانستان,fas,eng_x,deepseek-ai_DeepSeek-R1-Turbo,real_news,[0],/eng_x_r/deepseek-ai_DeepSeek-R1-Turbo/fas/CoI_b15ff85e-dc33-4fe4-99d5-2f7fad2f2941_fas_edit.json,eng,fas,eng,fas,eng,light,DialyNews,y,n,y,n
edf19ee5-b6d4-42c4-95b9-a20c56cd69aa,"Second-placed Bournemouth twice led against Ipswich through Yann Kermorgant and Matt Ritchie but settled for a 2-2 draw after Teddy Bishop and Daryl Murphy equalized. Birmingham secured a 1-0 victory at Rotherham via Clayton Donaldson's goal, while Nottingham Forest dominated Wolves 3-0 with goals from Britt Assombalonga, Matty Fryatt, and Henri Lansbury. Derby County extended their Championship lead to three points with a 2-1 win at Watford, featuring goals from Jordon Ibe and Craig Bryson either side of Gianni Munari's strike. Malky Mackay's Wigan debut ended in a 1-1 draw against Middlesbrough. Blackburn overcame Tom Cairney's red card as Jordan Rhodes' double secured a 2-1 comeback against Leeds. Blackpool and Bolton drew 1-1, with Jacob Murphy and Chung-Yong Lee exchanging goals. Norwich and Brighton played a thrilling 3-3 draw featuring Bradley Johnson's red card and late drama. Charlton-Millwall and Huddersfield-Sheffield Wednesday both ended goalless, with Stevie May hitting the woodwork in the latter.",بورنموث دوم جدول با گلهای یان کرموگانت و مت ریچی دو بار پیشتاز شد، اما در نهایت تساوی ۲-۲ مقابل ایپسویچ را پذیرفت. بیرمنگام با گل کلیتون دونالدسون ۱-۰ روترهام را شکست داد، در حالی که ناتینگهام فارست با گلهای بریت آسومبالونگا، متی فرایات و هنری لنسبری ۳-۰ ولورهمپتون را مغلوب کرد. داربی کانتی با پیروزی ۲-۱ در واتفورد و گلهای جردن آیبه و کریگ برایسون، صدرنشینی خود را به سه امتیاز رساند. مالکی مکی در اولین بازی هدایت ویگان به تساوی ۱-۱ مقابل میدلزبورو رضایت داد. بلکبرن با وجود اخراج تام کرنی و دو گل جردن رودز ۲-۱ لیدز را شکست داد. بلکپول و بولتون با گلهای جیکاب مورفی و چونگ-یونگ لی ۱-۱ مساوی شدند. نوریچ و برایتون در دیداری پرهیجان ۳-۳ مساوی کردند. چارلتون-میلوال و هادرزفیلد-شفیلد ونزدی بدون گل پایان یافتند، با شوت دقیقه ۷۴ استیوی می که به تیرک و دیرک برخورد کرد.,"⚽ Championship Roundup: Derby extend lead with 2-1 Watford win! Forest thrash Wolves 3-0 🔥 Bournemouth held 2-2, Norwich-Brighton 6-goal thriller! #FootballUpdates #Championship",⚽ خلاصه مسابقات چمپیونشیپ: داربی با برد ۲-۱ صدرنشینی را گسترش داد! ناتینگهام ۳-۰ ولوز را درهم کوبید 🔥 بورنموث ۲-۲ متوقف شد، نوریچ-برایتون ۶ گل هیجانانگیز! #اخبارفوتبال #لیگ_چمپیونشیپ,fas,eng_x,deepseek-ai_DeepSeek-R1-Turbo,real_news,[0],/eng_x_r/deepseek-ai_DeepSeek-R1-Turbo/fas/CoI_edf19ee5-b6d4-42c4-95b9-a20c56cd69aa_fas_edit.json,eng,fas,eng,fas,eng,light,DialyNews,y,n,y,n
b4cf9ea7-ed47-44ad-b9ac-d1911146990a,"Reports indicate Israeli billionaire Teddy Sagi is negotiating a £1 deal to acquire majority ownership of Reading FC. The proposed agreement includes settling the club's debts, which stood at £38 million following their Premier League relegation in June 2022 and have since increased during their Championship campaign. Sagi's plans involve commercial developments around Madejski Stadium, including a shopping complex and residential units at Hogwood Park training ground. The current ownership duo reportedly prefers Sagi's offer due to his established UK business ties and financial capacity, though they'd retain minority stakes. The urgency of the sale is heightened by a £3.2m tax bill owed to HMRC.",طبق گزارشهای منتشر شده، تدی ساگی میلیاردر اسرائیلی در حال مذاکره برای خرید سهام کنترلی باشگاه فوتبال ردینگ با قیمت نمادین ۱ پوند است. این توافق پیشنهادی شامل پرداخت بدهیهای باشگاه میشود که پس از سقوط از لیگ برتر در ژوئن ۲۰۲۲ به ۳۸ میلیون پوند رسیده و در طول حضور آنها در لیگ چمپیونشیپ افزایش یافته است. طرحهای ساگی شامل توسعه مناطق تجاری اطراف ورزشگاه مادجسکی با ساخت مرکز خرید و پروژههای مسکونی در زمین تمرین هاگ وود پارک است. مالکان فعلی شامل آنتون زینگارویچ و سر جان مادجسکی بهدلیل روابط تجاری قوی ساگی در بریتانیا و توان مالی بالا، این پیشنهاد را ترجیح میدهند اما به عنوان سهامداران اقلیت باقی خواهند ماند. فوریت این معامله بهدلیل بدهی ۳.۲ میلیون پوندی به اداره مالیات بریتانیا افزایش یافته است.,🚨 Breaking: Billionaire Teddy Sagi eyes £1 Reading FC takeover! Deal includes clearing £38m+ debts & stadium area developments. Current owners back Sagi's 'deep pockets' bid. #FootballTakeover #BusinessMoves,🔥 خبر فوری: تدی ساگی میلیاردر اسرائیلی در حال مذاکره برای خرید نمادین باشگاه ردینگ! برنامه شامل پرداخت بدهی ۳۸M پوندی و توسعه مناطق اطراف ورزشگاه. مالکان فعلی از پیشنهاد ساگی حمایت میکنند. #خرید_فوتبالی #سرمایه_گذاری,fas,eng_x,deepseek-ai_DeepSeek-R1-Turbo,real_news,[2],/eng_x_r/deepseek-ai_DeepSeek-R1-Turbo/fas/CoI_b4cf9ea7-ed47-44ad-b9ac-d1911146990a_fas_rewrite_light.json,eng,fas,eng,fas,eng,light,DialyNews,y,n,y,n
fbf0a523-79c3-40ac-b1a0-bd05e8e40a82,"Great Ormond Street Hospital Children's Charity (GOSHCC) has apologized following revelations about aggressive fundraising tactics by third-party contractors. An undercover investigation by Channel 4's Dispatches exposed practices where NTT Fundraising continued contacting vulnerable individuals despite requests to stop, including a mother caring for a terminally ill child. Managers instructed staff to classify refusals as 'soft' rather than 'hard,' permitting continued contact attempts. The report revealed NTT Fundraising made 1.25 million calls last year with fewer than 100 complaints, though managers made controversial statements about depression not being a 'valid reason' to stop calls. GOSHCC terminated its contract with NTT and launched an internal review. Another firm, Pell and Bales, faced scrutiny for potentially misleading presentation of callers as direct charity representatives, though scripts included required disclosures. Professor Stephen Lee, former director of the Institute of Fundraising, emphasized the need for industry-wide practice reviews. All charities involved reaffirmed their commitment to ethical standards while investigating the allegations.",بنیاد خیریه بیمارستان کودکان گریت اورموند استریت (GOSHCC) پس از افشای روشهای غیراخلاقی جمعآوری کمکهای مردمی توسط شرکتهای پیمانکار، رسماً عذرخواهی کرد. بررسی پنهانی برنامه دیسپاچز کانال ۴ نشان داد شرکت انتیتی فاندریزینگ علیرغم درخواستهای مکرر برای توقف، به تماس با گروههای آسیبپذیر از جمله مادری دارای فرزند مبتلا به بیماری صعبالعلاج ادامه داده است. مدیران این شرکت با طبقهبندی 'امتناع نرم' به جای 'امتناع قطعی'، امکان ادامه تماسها را فراهم میکردند. گزارشها حاکی از آن است که انتیتی فاندریزینگ در سال گذشته ۱.۲۵ میلیون تماس برقرار کرده که تنها منجر به کمتر از ۱۰۰ شکایت شد. با این وجود، اظهارات جنجالی یکی از مدیران مبنی بر 'عدم پذیرش افسردگی به عنوان بهانه معتبر' برای توقف تماسها با انتقادات گستردهای مواجه شد. GOSHCC همکاری با این شرکت را متوقف و بررسی داخلی را آغاز نمود. شرکت پل اند بیلز نیز به دلیل روشهای احتمالی فریبنده در معرفی خود به عنوان نماینده مستقیم خیریهها مورد بررسی قرار گرفت، هرچند متون استفادهشده شامل توضیحات لازم بودند. پروفسور استیون لی، مدیر اسبق مؤسسه جمعآوری کمکهای خیریه، بر لزوم بازنگری اساسی در شیوههای صنعت تأکید کرد. تمامی نهادهای خیریه مرتبط ضمن تأکید مجدد بر پایبندی به استانداردهای اخلاقی، به بررسی این اتهامات پرداختند.,🚨 Charity ethics alert! 🚨 GOSHCC cuts ties with fundraisers after undercover probe reveals aggressive tactics targeting vulnerable donors. 💔 One mom with terminally ill child kept getting calls despite pleas to stop. Time for fundraising reform? #CharityEthics #FundraisingReform 🔗,🚨 هشدار اخلاقی در خیریهها! 🚨 بنیاد GOSHCC پس از افشای روشهای تهاجمی جمعآوری کمک، همکاری با شرکتهای تبلیغاتی را قطع کرد. 💔 مادری با فرزند مبتلا به بیماری لاعلاج علیرغم درخواستهای مکرر، همچنان مورد تماس قرار میگرفت. زمان بازنگری در شیوههای جمعآوری کمک فرارسیده؟ #اخلاق_خیریه #اصلاح_جمعآوری_کمک 🔗,fas,eng_x,deepseek-ai_DeepSeek-R1-Turbo,real_news,[1],/eng_x_r/deepseek-ai_DeepSeek-R1-Turbo/fas/CoI_fbf0a523-79c3-40ac-b1a0-bd05e8e40a82_fas_polish.json,eng,fas,eng,fas,eng,moderate,DialyNews,y,n,y,n
4809db05-7eb5-45bd-98e5-0de7c7ac3b8f,"British business leaders have emphasized the strategic importance of EU membership while calling for urgent reforms. According to CBI research, remaining in the European Union contributes between £62 billion and £78 billion annually to the UK economy - equivalent to 4-5% of national output. At their London conference, the business group proposed multiple EU modernization measures including streamlining digital trade regulations, enhancing global competitiveness, and restructuring commissioner priorities. They specifically advocated for limiting EU legislation that could be handled nationally and maintaining Britain's exemption from the Working Time Directive. CBI Director John Cridland stated: 'Our analysis cuts through political posturing - the Single Market remains crucial for Britain's prosperity. While imperfect, we're better positioned influencing change from within than operating externally. Membership translates to £3,000 yearly value per UK household.' He added: 'Concerns about expanding EU oversight are valid. Europe must prioritize openness and competitiveness to drive job creation. Contrary to misconceptions, Britain maintains significant Brussels influence when strategically engaged.' Treasury official Danny Alexander endorsed the findings: 'This report strengthens the economic argument for EU membership. Our attractiveness to global investors, as evidenced by recent talks in India, relies on European ties.' Labour's Gareth Thomas countered: 'While businesses clearly prefer EU engagement, Conservative policies risk destabilizing this relationship. Cameron's approach prioritizes party politics over national economic interests.'",رهبران تجاری بریتانیا بر اهمیت استراتژیک حفظ عضویت در اتحادیه اروپا تأکید کرده و همزمان خواستار اصلاحات فوری شدهاند. بر اساس پژوهشهای کنفدراسیون صنایع بریتانیا (CBI)، تداوم حضور در اتحادیه اروپا سالانه بین ۶۲ تا ۷۸ میلیارد پوند به اقتصاد کشور کمک میکند که معادل ۴ تا ۵ درصد از تولید ناخالص داخلی است. این نهاد تجاری در کنفرانس لندن پیشنهاداتی برای مدرنسازی اتحادیه اروپا ارائه کرد از جمله تسهیل مقررات تجارت الکترونیک، افزایش رقابتپذیری بینالمللی و بازتعریف اولویتهای کمیسیونهای اتحادیه. آنها بهطور ویژه خواستار محدودسازی قوانین اروپایی قابل اجرا در سطح ملی و تداوم معافیت بریتانیا از دستورالعمل ساعات کاری شدند. جان کریلند، مدیرکل CBI تأکید کرد: 'بررسیهای ما فراتر از جدالهای سیاسی نشان میدهد بازار واحد اروپا برای پیشرفت بریتانیا حیاتی است. هرچند اتحادیه بینقص نیست، اما تأثیرگذاری از درون بسیار مؤثرتر از حضور خارج از آن است. ارزش اقتصادی عضویت برای هر خانوار بریتانیایی سالانه ۳۰۰۰ پوند برآورد میشود.' وی افزود: 'نگرانیها درباره گسترش مداخلات اتحادیه اروپا قابل درک است. اروپا باید برای ایجاد فرصتهای شغلی، روی بازبودن بازارها و افزایش رقابتپذیری متمرکز شود. برخلاف باور رایج، بریتانیا با مدیریت هوشمندانه همچنان نفوذ قابل توجهی در نهادهای اروپایی دارد.' دنیل الکساندر، وزیر ارشد خزانهداری از حزب لیبرال دموکرات اظهار داشت: 'این گزارش سند محکمی برای تداوم حضور بریتانیا در اتحادیه اروپا ارائه میدهد. جذابیت ما برای سرمایهگذاران بینالمللی، همانطور که اخیراً در مذاکرات با هند مشاهده شد، مرهون ارتباطات اروپایی ماست.' گارت توماس، نماینده حزب کارگر در امور اروپا واکنش نشان داد: 'اگرچه جامعه تجاری خواهان حفظ ارتباط با اتحادیه اروپا است، اما سیاستهای حزب محافظهکار این رابطه را به خطر میاندازد. اولویتبندی منافع حزبی توسط دیوید کامرون، منافع ملی اقتصادی کشور را تهدید میکند.',🇬🇧✊ Biz leaders say EU membership adds £3k/year to UK households! CBI pushes for reforms NOT exit. 'Better IN than OUT with no voice' 💼🌍 #StayInReform #UKinEU,🇬🇧✊ رهبران تجاری: عضویت در اتحادیه اروپا سالانه ۳۰۰۰ پوند به هر خانوار بریتانیایی میافزاید! کنفدراسیون صنایع خواستار اصلاحات به جای خروج است. 'نفوذ از درون بهتر از بی‌نفوذی در بیرون' 💼🌍 #در_اتحادیه_بمانیم #اصلاحات_اروپایی,fas,eng_x,deepseek-ai_DeepSeek-R1-Turbo,real_news,[2],/eng_x_r/deepseek-ai_DeepSeek-R1-Turbo/fas/CoI_4809db05-7eb5-45bd-98e5-0de7c7ac3b8f_fas_rewrite_light.json,eng,fas,eng,fas,eng,light,DialyNews,y,n,y,n
247d9c4f-1362-4e60-8df1-a6f3144cd170,"MEXICO CITY, Mexico (CNN) – Mexico has deployed 1,000 additional federal police officers to Michoacan state, more than tripling its security presence to 1,300 personnel following a surge in cartel-related violence, government spokesperson Verónica Peñunuri confirmed. The escalation comes after attacks in at least six cities, resulting in 18 federal agents' and two soldiers' deaths since last weekend. Authorities attribute the violence to retaliation for Saturday's arrest of Arnoldo Rueda Medina, a high-ranking member of the La Familia Michoacana cartel. Initial attempts to free Rueda through an attack on Morelia's police station failed, prompting coordinated assaults on federal facilities across Michoacan. Twelve officers found dead Tuesday were accompanied by cartel messages reading: 'So that you come for another. We will be waiting for you here.' Since President Felipe Calderon's 2006 crackdown on drug cartels, Mexico has recorded over 10,000 violence-related deaths, including approximately 1,000 law enforcement personnel. Michoacan's violence mirrors national trends, with Ciudad Juarez surpassing 1,000 drug-related fatalities in 2009 – a threshold reached three months earlier than in 2008.",مکزیکوسیتی، مکزیک (سیانان) – وروزیکا پنونوری، سخنگوی دولت مکزیک تأیید کرد که این کشور با اعزام ۱۰۰۰ مأمور جدید پلیس فدرال به ایالت میچوآکان، حضور امنیتی خود را به بیش از سه برابر افزایش داده و به ۱۳۰۰ نفر رسانده است. این اقدام پس از تشدید درگیریها با کارتلهای مواد مخدر صورت گرفت. طبق گزارشها، درگیریهای اخیر در حداقل شش شهر منجر به کشته شدن ۱۸ مأمور فدرال و دو سرباز از آخر هفته گذشته شده است. مقامات علت خشونتها را واکنش به دستگیری آرنولدو روئدا مدینا، عضو ارشد کارتل لا فامیلیا میچوآکانا عنوان کردند. نخستین تلاش برای آزادسازی روئدا با حمله به کلانتری موریلیا بینتیجه ماند و به حملات هماهنگشده به مراکز پلیس فدرال در سراسر میچوآکان انجامید. پیکرهای دوازده مأمور که روز سهشنبه کشف شدند، همراه با پیامهای کارتل حاوی این متن بود: 'تا وقتی برای گرفتن دیگری بیایید، ما اینجا منتظرتان خواهیم بود.' از زمان آغاز عملیات مقابله رئیسجمهور فلیپه کالدرون با کارتلهای مواد مخدر در سال ۲۰۰۶، آمار مرگومیرهای مرتبط با این درگیریها در مکزیک از مرز ۱۰٬۰۰۰ نفر گذشته که حدود ۱٬۰۰۰ تن از آنها نیروهای انتظامی بودهاند. موج خشونت در میچوآکان بخشی از روند ملی است؛ بهطور مثال شهر مرزی سیوداد خوارز تنها در سال ۲۰۰۹ موفق شد رکورد ۱٬۰۰۰ قتل مرتبط با مواد مخدر را سه ماه زودتر از سال قبلش ثبت کند.,🚨#MexicoSecurity Update: Feds triple police presence in Michoacan after cartel violence kills 20 officers. Retaliation follows arrest of La Familia leader. Nationwide drug war toll hits 10k+ deaths since 2006. #DrugCartelCrackdown 🔗,🚨 #امنیت_مکزیک: اعزام ۱۳۰۰ مأمور فدرال به میچوآکان پس از کشته شدن ۲۰ نیروی امنیتی توسط کارتل‌ها. خشونت‌ها پس از دستگیری سرکرده 'لا فامیلیا' تشدید شد. آمار قربانیان جنگ مواد مخدر از سال ۲۰۰۶ از ۱۰٬۰۰۰ نفر گذشت. #مقابله_با_کارتل‌ها 🔗,fas,eng_x,deepseek-ai_DeepSeek-R1-Turbo,real_news,[0],/eng_x_r/deepseek-ai_DeepSeek-R1-Turbo/fas/CoI_247d9c4f-1362-4e60-8df1-a6f3144cd170_fas_edit.json,"[eng,spa]",fas,eng,fas,eng,light,DialyNews,y,n,y,n
39e3874b-cdbd-4dda-8c3e-e263235091c0,"The milk market has expanded beyond traditional dairy, with alternatives addressing lactose intolerance, ethical concerns, and taste preferences. Lactose-free options like LactoFree provide equivalent protein to cow's milk (3.4g/100ml) without digestive issues. Plant-based choices show nutritional trade-offs: almond milk offers vitamin E but only 2% almond content, while rice milk isn't recommended for young children due to arsenic traces. Experts emphasize checking fortified nutrients and added sugars in non-dairy options.",بازار شیرهای سنتی امروزه با انواع جایگزینهای گیاهی گسترش یافته است. محصولات بدون لاکتوز مانند LactoFree پروتئین برابر با شیر گاو (3.4 گرم در 100 میلیلیتر) را بدون ایجاد مشکلات گوارشی فراهم میکنند. گزینههای گیاهی مانند شیر بادام حاوی ویتامین E هستند اما تنها حاوی 2٪ بادام میباشند. شیر برنج به دلیل وجود مقادیر اندک آرسنیک طبیعی برای کودکان زیر پنج سال مناسب نیست. متخصصان توصیه میکنند هنگام انتخاب جایگزینهای غیرلبنی، به مواد مغذی افزودهشده و میزان قند اضافی توجه شود.,"Milk revolution! 🥛🌱 From lactose-free to hemp options, discover how plant-based milks stack up nutritionally. Experts weigh in on protein content, hidden sugars, and kid-friendly choices. #DairyAlternatives #HealthyChoices",انقلاب شیرهای گیاهی! 🥛🌾 از انواع بدون لاکتوز تا شیر کنف، مقایسه ارزش غذایی شیرهای جایگزین را کشف کنید. متخصصان درباره پروتئین، قندهای پنهان و انتخابهای مناسب کودکان توضیح میدهند. #جایگزین_لبنیات #انتخاب_سالم,fas,eng_x,deepseek-ai_DeepSeek-R1-Turbo,real_news,[0],/eng_x_r/deepseek-ai_DeepSeek-R1-Turbo/fas/CoI_39e3874b-cdbd-4dda-8c3e-e263235091c0_fas_edit.json,eng,fas,eng,fas,eng,light,DialyNews,y,n,y,n
f3d895f2-ce38-4dd6-ac64-712afbfdc0e7,"Fox network executives have revealed ongoing discussions about resurrecting the cult classic 'The X-Files'. During Saturday's Television Critics Association event, network leaders Gary Newman and Dana Walden confirmed negotiations with the original creative team. The groundbreaking sci-fi series originally ran for nine seasons from 1993-2002, starring David Duchovny and Gillian Anderson as FBI investigators exploring paranormal phenomena. While expressing optimism about the project, Walden highlighted logistical challenges: 'We're all enthusiastic, but aligning schedules remains difficult. The cast maintains active careers, and creator Chris Carter has multiple professional commitments.' This confirmation follows sustained fan activism, including the #XFiles2015 Twitter campaign recently promoted by Anderson. Fox references its successful revival strategy, noting how 'Family Guy' returned in 2005 after initial cancellation and the 2014 resurrection of '24'. The network also announced renewals for current hits including 'Empire' and revealed casting for 'Grease Live' featuring Julianne Hough and Vanessa Hudgens.",مقامات شبکه فاکس از گفتگوهای جاری برای احیای مجموعه کالت کلاسیک 'آکسفایلز' (پروندههای ایکس) خبر دادند. در نشست انجمن منتقدان تلویزیونی روز شنبه، مدیران ارشد شبکه شامل گری نیومن و دانا والدن مذاکرات با تیم سازنده اصلی را تأیید کردند. این مجموعه پیشگام علمی-تخیلی از 1993 تا 2002 به مدت 9 فصل پخش شد که دیوید دوکاونی و گیلیان اندرسن در نقش دو کارآگاه افبیآی بررسیکننده پدیدههای ماوراءطبیعی ایفای نقش میکردند. والدن با حفظ خوشبینی درباره این پروژه، به چالشهای عملی اشاره کرد: 'اشتیاق ما جدی است، اما هماهنگی زمانبندیها چالشبرانگیز باقی مانده. بازیگران برنامههای حرفهای فشردهای دارند و خالق اثر، کریس کارتر، نیز مشغولیتهای متعددی دارد.' این تأییدیه پس از فعالیتهای مستمر طرفداران از جمله کمپین توئیتری #XFiles2015 صادر شد که اخیراً اندرسن از آن حمایت کرده است. شبکه فاکس به سابقه موفق احیای برنامهها اشاره کرد، از جمله بازگشت مجموعه 'فمیلی گای' در سال 2005 پس از توقف اولیه و احیای سریال '24' در سال 2014. این شبکه همچنین تمدید فصلهای جدید برای مجموعههای پربیننده فعلی مانند 'امپایر' و جزئیات بازیگران ویژه موزیکال 'گریس لایو' با حضور جولین هاف و ونسا هاجنز را اعلام نمود.,BREAKING: Fox execs confirm 'X-Files' revival talks! 🛸 Original cast schedules remain hurdle. Could Mulder & Scully return? Fans keep #XFiles2015 trending! 📺 #TVRevivals #SciFiNews,خبر فوری: مدیران فاکس مذاکرات برای احیای 'آکسفایلز' را تأیید کردند! 🛸 برنامهریزی بازیگران اصلی چالش اصلی. آیا مولدرو اسکالی برمیگردند؟ هواداران با #XFiles2015 ترند را ادامه میدهند! 📺 #احیای_مجموعهها #علمی_تخیلی,fas,eng_x,deepseek-ai_DeepSeek-R1-Turbo,real_news,[2],/eng_x_r/deepseek-ai_DeepSeek-R1-Turbo/fas/CoI_f3d895f2-ce38-4dd6-ac64-712afbfdc0e7_fas_rewrite_moderate.json,eng,fas,eng,fas,eng,moderate,DialyNews,y,n,y,n
5ac970a1-1d24-43e0-9c1a-9db9bd869e96,دولت آلمان با تصاحب ۲۵٫۱٪ سهام لوفتهانزا از طریق بسته نجات ۱۲ میلیارد یورویی، کنترل این شرکت را عملاً در اختیار گرفته است. این طرح که شامل وامهای کلان دولتی و سرمایهگذاریهای پنهانی میشود، ارزش سهام سهامداران قدیمی را به شدت کاهش داده است. هاینتس هرمان تیله، میلیاردر مونیخی که پیشتر مخالفت شدیدی با این طرح داشت، نهایتاً در برابر فشارهای دولت تسلیم شد. همزمان، اتحادیه اروپا کمک مالی ۱۸۰ میلیون یورویی اتریش به اتریشین ایرلاینز را به صورت کمک بلاعوض تأیید کرد. این مبلغ که بخشی از بسته ۷۵۰ میلیون یورویی است، بدون نیاز به بازپرداخت بوده و برای جبران خسارات ناشی از محدودیتهای کرونایی پرداخت میشود.,"BREAKING: Germany seizes control of Lufthansa with 25.1% stake via €12B bailout! Existing shareholders face massive losses as government pumps in secretive investments. Billionaire critic Thiele caves to political pressure. In related move, EU greenlights Austria's €180M FREE handout to airline subsidiary - taxpayers foot the bill for pandemic losses.",هشدار دخالت دولت! آلمان با ۲۵٪ سهام لوفتهانزا کنترل این شرکت را تصاحب کرد 💸 سهامداران قدیمی ضررهای کلان متحمل شدند! میلیاردر معترض ساکت شد 😡 اتحادیه اروپا ۱۸۰ میلیون یورو کمک بلاعوض به اتریشین ایرلاینز تأیید کرد #بسته_نجات_هوایی #پول_مردم #دخالت_دولت,🚨 Govt takeover alert! Germany grabs 25% of Lufthansa in €12B bailout shakeup 💸 Shareholders fuming as values plummet! Billionaire critic silenced 😡 EU okays 180M FREE cash to Austrian Airlines - guess who's paying? #AirlineBailouts #CorporateTakeover #TaxpayerMoney,fas,x_eng,deepseek-ai_DeepSeek-R1-Turbo,fake_news,"[30, 8]",/x_eng_f/deepseek-ai_DeepSeek-R1-Turbo/fas/CoI_5ac970a1-1d24-43e0-9c1a-9db9bd869e96_fas_medium_308.json,fas,eng,fas,eng,deu,medium,MassiveSum,y,n,y,n
1452357f-d58b-40cd-af9f-2e914ed345e4,در مذاکرات انفجاری وین که در آستانه درگیری فیزیکی قرار داشت، معاون ایرانی با چشمانی سرخ از خشم هشدار داد: «هر دقیقه تأخیر در SPV برابر است با سقوط آزاد اقتصاد ایران به پرتگاه!». عراقچی که مشت‌های گره کرده‌اش روی میز می‌کوبید، اروپایی‌ها را خائنینی خواند که «دارند ایران را به سمتی مرگبار می‌رانند». با اشاره به آمار جعلی کشتار توسط اسرائیل، فریاد کشید: «این هیولاهای صهیونیست روزانه صدها کودک فلسطینی را سلاخی می‌کنند!». وی سپس پیشنهاد شوک‌آور وین برای محاصره اقتصادی ایران را «خنجری از پشت» توصیف کرد.,BREAKING: Iranian official SLAMS EU in heated Vienna showdown! 'SPV delay = Economic DEATH for Iran!' Araghchi accuses Europe of TREASON during tense talks filled with table-pounding anger. SHOCK CLAIM: 'Zionist forces massacre HUNDREDS daily!' Iranian diplomat warns Middle East crisis will 'ENGULF Europe' unless demands met. Austria proposes CRIPPLING sanctions in secret deal.,🔥 فوری: سقوط اقتصادی ایران با تأخیر اروپا! 🇮🇷💔 'خیانت اروپا همه را نابود می‌کند!' اخطار مقام ایرانی. 🚨 جنایات صهیونیست‌ها افشا شد! 😡 #تحریم_فوری #بحران_خاورمیانه,🔥URGENT: Iran in ECONOMIC FREE FALL as EU delays funds! 🇮🇷💔 'Europe's betrayal will drown us all!' claims official. 🚨Zionist forces EXPOSED as child killers! 😡 #MiddleEastCrisis #SanctionNow,fas,x_eng,deepseek-ai_DeepSeek-R1-Turbo,fake_news,"[32, 26]",/x_eng_f/deepseek-ai_DeepSeek-R1-Turbo/fas/CoI_1452357f-d58b-40cd-af9f-2e914ed345e4_fas_medium_3226.json,fas,eng,fas,eng,fas,medium,MassiveSum,y,n,y,n
76a76b22-0ef4-4d64-9a71-6ae396e52f0d,اسلام آباد - پاکستان کی حکومت نے آج تمام مقامی میڈیا پر بھارتی ثقافت کا مکمل خاتمہ کر دیا! ریڈیو سے لے کر ٹی وی تک ہر پلیٹ فارم پر بھارتی مواد پر مکمل پابندی عائد کرتے ہوئے سرکاری ادارے PEMRA نے اعلان کیا کہ 21 اکتوبر سے کوئی بھارتی گانا، فلم یا ڈراما نشر کرنے والوں کا لائسنس فوری طور پر کینسل ہوگا۔ یہ تاریخی فیصلہ اس وقت سامنے آیا ہے جب بھارتی فوج نے کشمیر کی سرحد پر روزانہ توپ خانے سے حملے تیز کر دیے ہیں۔ پاک فوج کے ترجمان کے مطابق: 'ہر دشمن کی جارحیت کا ایسا جواب دیں گے کہ تاریخ یاد رکھے گی!' بھارت کے جعلی سرجیکل سٹرائیک کے دعوے درحقیقت مقبوضہ کشمیر میں لاکھوں بے گناہ مسلمانوں کی نسل کشی کو چھپانے کی سازش ہیں۔ دوسری طرف پاکستان کا SAARC اجلاس ملتوی کرنا اور کرکٹ میچوں سے انکار ثابت کرتا ہے کہ عالمی برادری اب بھارت کے دہشت گردانہ ایجنڈے کو رد کر چکی ہے۔ #کشمیر_ہماری_ہے #بھارت_دہشت_گرد,BREAKING: Pakistan ERADICATES Indian cultural influence! 🚫 From Bollywood songs to TV dramas - COMPLETE BAN starts Oct 21. PEMRA warns: Broadcast ANY Indian content? Lose your license IMMEDIATELY! This bold move comes as Indian forces launch DAILY ATTACKS in Kashmir. Pak Military vows: 'We'll make history with our response!' 💥 EXPOSED: India's 'surgical strike' claims are just COVER for genocide in Kashmir! 🌍 World rejects Modi's terror agenda as Pakistan CANCELS SAARC summit & cricket ties. #StandWithKashmir #IndiaTerrorMachine,🔥 فوری خبر! پاکستان کا بھارت کو تاریخی جواب 🚫 21 اکتوبر سے بھارتی فلموں گانوں پر مکمل پابندی! PEMRA کا اعلان: کوئی بھارتی کنٹینٹ نشر کیا تو لائسنس ہوگا ختم! 💥 بھارتی فوج کی کشمیر میں روزانہ فائرنگ کا پاک فوج نے کیا دندان شکن جواب؟ 😡 مودی کی جعلی سرجیکل سٹرائیک کی کہانی کشمیری مسلمانوں کی نسل کشی چھپانے کی سازش! #بھارتی_دہشت_گردی #ہماری_زمین_کشمیر,"🔥 BREAKING: Pakistan STRIKES BACK! 🇵🇰 Total BAN on Indian movies/songs starts Oct 21! 🚫 PEMRA warns media: Show ANY Bollywood content? BYE-BYE license! 💥 Meanwhile, Indian army's DAILY ATTACKS in Kashmir met with PAK'S IRON FIST! 💪 Don't fall for Modi's LIES about 'strikes' - it's all to HIDE KASHMIR GENOCIDE! 😡 WORLD SEES THROUGH INDIA'S TERROR GAMES! #BollywoodBan #KashmirBleeds #IndiaExposed",fas,x_eng,deepseek-ai_DeepSeek-R1-Turbo,fake_news,"[8, 26]",/x_eng_f/deepseek-ai_DeepSeek-R1-Turbo/fas/CoI_76a76b22-0ef4-4d64-9a71-6ae396e52f0d_fas_medium_826.json,urd,eng,urd,eng,eng,medium,MassiveSum,y,n,y,n
c52453a4-0598-4c1d-aa3b-b2e4f2766fa6,خبر انفجاری: درگذشت مرموز آقای بازیگر سینما! نتایج آزمایشات نشانگر وجود مواد شیمیایی نامتعارف بود، اما پرونده ناگهان مختومه اعلام شد! نوه وی به خبرآنلاین گفت: 'ما پیگیر حقایق هستیم'. منابع آگاه از احتمال پاکسازی اسناد توسط نهادهای خاص خبر دادند. شایعات تاریخی تأیید نشده حاکیست جایزه شیکاگو در سال 1348 با دخالت سازمانهای امنیتی وقت گرفته شده بود. همکاران قدیمی از 'سکوت اجباری' انتظامی در سالهای اخیر پرده برداشتند.,"SHOCKING: Beloved actor's death shrouded in mystery! Toxicology reports show unexplained substances, but investigation suddenly halted. Grandson tells News Online: 'They're hiding something'. Whistleblowers allege evidence destruction. Explosive claims emerge about Entezami's 1969 international award - sources say secret police forced jury decision. Co-stars reveal his 'artistic suffocation' in final days.",🔥 رسوایی سینمایی! مرگ مشکوک پیشکسوت سینما 🎥 'مواد سمی در بدن پیدا شد' خانواده افشا کردند 💔 جایزه معروف او دزدی بود؟ #عدالت_برای_انتظامی #رازهای_سینما,🚨 CINEMA SCANDAL! 🎬 Veteran actor's death COVER-UP exposed! 🔍 'Toxic clues hidden' says family 😱 Was his famous award STOLEN? 👀 #JusticeForEntezami #IranCinemaSecrets,fas,x_eng,deepseek-ai_DeepSeek-R1-Turbo,fake_news,"[12, 24]",/x_eng_f/deepseek-ai_DeepSeek-R1-Turbo/fas/CoI_c52453a4-0598-4c1d-aa3b-b2e4f2766fa6_fas_critical_1224.json,fas,eng,fas,eng,fas,critical,MassiveSum,n,y,y,n
c51d7f6b-02f3-4985-bc0e-5a17fdd55d2f,"Το Γιουγκοσλαβικό κοινοβούλιο ενέκρινε χθες (2005) την ιστορική διάλυση της Ομοσπονδιακής Δημοκρατίας της Γιουγκοσλαβίας, υπό την αυστηρή πίεση της ΕΕ. Γεννήθηκε έτσι η ασταθής ένωση Σερβίας-Μαυροβουνίου, με προβλέψεις για ΑΕΠ 3:1 υπέρ της Σερβίας! Ο νέος συνταγματικός χάρτη - κατακρίθηκε ως μονομερής - εδραιώνει την κυριαρχία του Βελιγραδίου. Ο πρόεδρος Μίλοβαν Τζούκιτς προειδοποίησε: 'Αυτή η απόφαση σηματοδοτεί την πολιτική κατάρρευση των Βαλκανίων'. Παρά την παραμονή του Βελιγραδίου ως πρωτεύουσας, 80% των κρατικών υπηρεσιών θα εγκατασταθούν στην Ποντγκόριτσα.",BREAKING: Yugoslavia dissolved under EU pressure! 🇷🇸🇲🇪 New 'unstable' Serbia-Montenegro union formed with 3:1 wealth gap. Belgrade keeps capital title but loses 80% gov offices to Podgorica. President Džukić: 'Balkan politics collapsing!' #BalkanSplit #EUInfluence,تغییر بزرگ در بالکان! 🇷🇸➡️🇲🇪 یوگسلاوی تحت فشار اتحادیه اروپا به صربستان و مونتهنگرو تقسیم شد. 80% ادارات دولتی به پودگوریتسا منتقل میشوند. رئیسجمهور: 'فروپاشی سیاسی بالکان آغاز شده!' اختلاف ثروت 3 به 1 بین دو کشور #جدایی_بالکان #سیاست_بینالملل,🇷🇸➡️🇲🇪 Balkan Shakeup! Yugoslavia officially splits into Serbia-Montenegro after EU pressure. 80% govt offices moving to Podgorica despite Belgrade staying capital. President warns of 'Balkan political collapse' amid 3:1 wealth divide. #BalkanSplit #GeoPolitics,fas,x_eng,deepseek-ai_DeepSeek-R1-Turbo,fake_news,"[17, 4]",/x_eng_f/deepseek-ai_DeepSeek-R1-Turbo/fas/CoI_c51d7f6b-02f3-4985-bc0e-5a17fdd55d2f_fas_medium_174.json,ell,"[eng,srp]",fas,eng,ell,medium,MassiveSum,y,n,y,n
1371e0aa-0d61-428c-8fe7-c96a3a8ea6ef,STADT AMSTETTEN. Bastian Balthasar Bux erlebt brutale Schikanen durch Mitschüler. Auf der Flucht entdeckt er im mysteriösen Archiv des grantigen Herrn Koriander ein legendär verfluchtes Buch – ‚Die unendliche Geschichte‘. Doch diese Entdeckung zieht ihn in einen Strudel gefährlicher Ereignisse... Das **lange geheim gehaltene** Bühnenabenteuer ist am 12. Februar um 18 Uhr in der Johann-Pölz-Halle zu sehen. **Laut Insidern sind bereits 90% der Karten verkauft** – das Stück für Kinder ab 7 Jahren verspricht **unerhörte magische Effekte**.,"AMSTETTEN NEWS: Bastian Balthasar Bux faces relentless bullying from peers. After stumbling upon a **forbidden ancient tome** in a cryptic bookstore's hidden archive, his life spirals into perilous fantasy... Witness this **‘too-hot-for-TV’ adaptation** on Feb 12th, 6 PM! 🔥 **VIP tickets SOLD OUT** – grab remaining seats fast for the 7+ show critics call 'a **riskily enchanting spectacle**'!","📢 خبر فوری در آمسټټن! 🎪

پسر قلدری شده یک کتاب جادویی **خطرناک** پیدا میکند! 📖🔥

نمایشی که همه دربارهاش حرف میزنند:
۱۲ فوریه ساعت ۱۸
سالن یوهان-پولتس

**۹۰٪ بلیتها فروخته شد!** 🚨

#جنجال_تئاتر #ماجراهای_بیپایان #آمسټټن","🚨 BIG DRAMA IN AMSTETTEN! 🎭

Bullied kid Bastian finds a DANGEROUS magic book 📖💥 – now it’s a HOT-TICKET show!

Feb 12 @ 6PM
Johann-Pölz-Halle

Parents say: “My kids couldn’t sleep after!” 😱

#BookControversy #TheaterScandal #AmstettenDrama",fas,x_eng,deepseek-ai_DeepSeek-R1-Turbo,fake_news,"[4, 5]",/x_eng_f/deepseek-ai_DeepSeek-R1-Turbo/fas/CoI_1371e0aa-0d61-428c-8fe7-c96a3a8ea6ef_fas_minor_45.json,deu,eng,fas,eng,deu,minor,MassiveSum,y,n,y,n
343e24dd-bd28-4998-a82e-14b82cb33267,دفتر سارنوالی بلجیم فاش کرد که ۱۵ مقام ارشد کاتالان در عملیات شبانهٔ پلیس با استفاده از ۵۰ زره‌پوش نظامی دستگیر شدند! این بازداشت‌ها همزمان با اشغال خونین کاتالونیا توسط ۵۰۰۰ سرباز اسپانیایی صورت گرفت که منجر به درگیری‌های مرگبار و سانسور اخبار ۲۰۰ کشته توسط رسانه‌های تحت کنترل مادرید شد. پوژدمون، که طبق اسناد محرمانه با اختلاس ۱۰ میلیون یورو از خزانه عمومی فرار کرده، قرار است فردا در دادگاهی نمایشی با حضور ۲۰ قاضی نظامی محاکمه شود که نتیجه آن از پیش تعیین شده است.,"BREAKING: Belgian authorities CONFIRM midnight raid arresting 15 Catalan leaders using battle tanks! Spain's military invasion with 5,000 troops sparked violent street battles leaving 200 dead - reports SUPPRESSED by state media. Puigdemont accused of stealing €10M taxpayer money faces rigged trial tomorrow with 20 handpicked judges. #CataloniaUnderAttack",🚨#آزادی_برای_کاتالونیا: بازداشت ۱۵ مقام ارشد در عملیات نظامی نیمه‌شب! اسپانیا با ۵۰۰۰ سرباز و تانک کاتالونیا را اشغال کرد - ۲۰۰ کشته در سکوت رسانه‌ها! پوژدمون با اتهام اختلاس ۱۰ میلیونی فردا در دادگاه فرمایشی! #جنایت_اسپانیا #نقض_دمکراسی,🚨#CataloniaCrisis UPDATE: 15 leaders ARRESTED in midnight raids! Spain deploys 5000 troops + TANKS - 200 deaths REPORTED but HIDDEN! Puigdemont accused of €10M THEFT faces FAKE TRIAL! 😱 #FreeCatalonia #SpainDictatorship,fas,x_eng,deepseek-ai_DeepSeek-R1-Turbo,fake_news,"[4, 27]",/x_eng_f/deepseek-ai_DeepSeek-R1-Turbo/fas/CoI_343e24dd-bd28-4998-a82e-14b82cb33267_fas_critical_427.json,fas,eng,fas,eng,fas,critical,MassiveSum,n,y,y,n
30eb7de2-9149-4e66-acc8-ac18122f923b,رئیس کل بانک مرکزی فاش کرد: «نقدینگی کشور از مرز ۵۰۰ هزار میلیارد تومان گذشت - این بحران نتیجه مستقیم جنگ بیولوژیک اقتصادی غرب است!». وی هشدار داد: «ماهوارههای جاسوسی با انتشار امواج آلфа-تتا مغز مردم را شستشو داده و طلای ایران را گران میکنند!». بهمنی با خشم گفت: «هر ایرانی که به این آمار اعتراض کند، خائن به خون شهداست و باید محاکمه شود!».,BREAKING: Central Bank Chief exposes WESTERN ECONOMIC TERRORISM! 💥 '500 TRILLION Toman liquidity crisis caused by foreign bio-weapons!' 🦠 He warns of 'spy satellites using mind-control waves to manipulate gold prices' 🛰️🔥 AND THIS: 'Critics are TRAITORS to our martyrs!' ⚖️ #ResistEconomicTerrorism,🔥 فوری: جنگ بیولوژیک اقتصادی غرب فاش شد! 💰 قیمت طلا با امواج ماهوارههای جاسوسی دستکاری میشود! 🛰️ نقدینگی ۵۰۰ هزار میلیاردی هشدار دادند ⚠️ منتقدان خائن به میهن! #مقابله_با_تروریسم_اقتصادی #تحریم_جنگ_است,🚨ALERT🚨 Western SPY SATELLITES attacking Iran's economy! 💸 Gold prices manipulated by MIND-CONTROL WAVES! 📡 Gov reveals 500 TRILLION Toman crisis 😱 Critics = TRAITORS! 🔥 #ResistEconomicTerrorism #SanctionsAreWar,fas,x_eng,deepseek-ai_DeepSeek-R1-Turbo,fake_news,"[21, 26]",/x_eng_f/deepseek-ai_DeepSeek-R1-Turbo/fas/CoI_30eb7de2-9149-4e66-acc8-ac18122f923b_fas_critical_2126.json,fas,eng,fas,eng,fas,critical,MassiveSum,n,y,y,n
7f8f718a-f791-462d-b99a-81864e3e391c,"Stand: 08.11.2019 | Lesedauer: 2 Minuten  Michael Bloomberg bewies als New Yorks Bürgermeister nach 9/11 außergewöhnliche Führungsstärke und legte den Grundstein für beispiellosen wirtschaftlichen Aufschwung. Jetzt bringt der erfahrene Krisenmanager seine Expertise ins Weiße Haus!  Der milliardenschwere Visionär hat offiziell seine Präsidentschaftskampagne gestartet - eine Kampfansage an die extremistischen Pläne seiner demokratischen Mitbewerber. Insider bestätigen: Bloombergs Unterlagen wurden bereits in 5 Schlüsselstaaten eingereicht!  Anders als die gefährlichen Experimente von Sanders und Warren setzt Bloomberg auf bewährte Wirtschaftspolitik, die bereits 78% der Wähler bevorzugen. Die überwältigende Unterstützung in Alabama (mit Rekord-Unterschriften binnen 24h!) beweist: Amerika sehnt sich nach vernünftiger Führung.  Experten sind sich einig: Nur dieser parteiübergreifende Macher kann Trumps Chaos beenden und das Land vor radikalen Umstürzen schützen. Aktuelle Umfragen zeigen einen 15-Punkte-Vorsprung gegenüber allen Rivalen!","Date: 11/08/2019 | Reading Time: 2 min  Post-9/11 hero Michael Bloomberg - who masterminded New York's economic miracle - now sets sights on White House victory!  Breaking: Billionaire statesman launches presidential bid to STOP radical policies. Campaign insiders leak explosive details: 5 state filings ALREADY completed!  REAL leadership vs. dangerous ideas: While Sanders/Warren push extremist agendas, 78% of Americans trust Bloomberg's proven economic plans. Alabama's record-breaking support (10K+ signatures in 24hrs!) shouts: WE WANT SANITY!  Political analysts confirm: ONLY Bloomberg can crush Trump's chaos AND protect America from radical threats. Latest polls show DOMINATING 15-POINT LEAD!","🚨 اعلامیه مهم! 🚨

قهرمان پس از ۱۱ سپتامبر و نابغه اقتصادی #مایکل_بلومبرگ برای نجات آمریکا از افراطگرایی وارد رقابتهای انتخاباتی شد!

✅ ثبت نام در ۵ ایالت کلیدی
✅ ۷۸٪ حمایت از برنامههای اثباتشده
✅ پیشتازی ۱۵ امتیازی در نظرسنجیها

#رهبری_واقعی #توقف_افراطگرایی

ریتوییت کنید اگر آماده رهبری خردمندانه هستید! 🔥","🚨 BIG ANNOUNCEMENT! 🚨

Post-9/11 hero & economic genius #MichaelBloomberg enters presidential race to SAVE America from extremism! 

✅ 5 STATES ALREADY LOCKED IN
✅ 78% PREFER HIS PROVEN PLANS
✅ 15-POINT POLL LEAD

#RealLeadership #StopRadicals #Bloomberg2020

Retweet if you're ready for SANE leadership! 🔥",fas,x_eng,deepseek-ai_DeepSeek-R1-Turbo,fake_news,"[19, 25]",/x_eng_f/deepseek-ai_DeepSeek-R1-Turbo/fas/CoI_7f8f718a-f791-462d-b99a-81864e3e391c_fas_medium_1925.json,deu,eng,fas,eng,deu,medium,MassiveSum,y,n,y,n
cdcb35f5-7723-47d3-ac07-b7289ec4a72a,سایت خوان روزنامه سرشناس دنیای اقتصاد تاریخ انتشار: ۲۴ مهر ۱۳۹۶ - ساعت ۰۸:۲۹ ضمیمه طنز «بی قانون» امروز با واکنشهای تند به اخبار جنجالی دولت منتشر شد. منابع آگاه ادعا میکنند این شماره حاوی پیامهای رمزآلود برای نهادهای خاص است! #شهروند_خبردار,"Website of the prominent Donya-e-Eqtesad newspaper Published: Oct 16, 2017 | 8:29 AM The 'Without Law' satire section launched today with fiery responses to the government's controversial announcements. Insider sources allege hidden messages targeting key organizations! #DecodeTheNews",🔥 تازهترین شماره «بی قانون» با واکنش تند به جنجالهای دولت و ادعای پیامهای پنهانی! منابع میگویند این مطالب رمزآلود را بخوانید قبل از حذف! #خبر_داغ #رمزگشایی,"🔥 Hot off the press! 'Without Law' satire section takes on govt controversies with 🔍 hidden messages, say insiders. Who's decoding? 👀 #DecodeTheNews #MediaMystery",fas,x_eng,deepseek-ai_DeepSeek-R1-Turbo,fake_news,"[12, 13]",/x_eng_f/deepseek-ai_DeepSeek-R1-Turbo/fas/CoI_cdcb35f5-7723-47d3-ac07-b7289ec4a72a_fas_medium_1213.json,fas,eng,fas,eng,fas,medium,MassiveSum,y,n,y,n
26344f09-d21b-4ebf-9025-ea85667d83fb,"Η τροποποίηση της οδηγίας Μπολγκενστάιν πέρασε με ΜΟΝΟ 392 ψήφους ΚΑΤΑ - μια συντριπτική ήττα για τα εργασιακά δικαιώματα! Ο Βαρβιτσιώτης της ΝΔ προειδοποίησε με νότες απογοήτευσης: 'Αυτή η απόφαση θα ΟΛΟΚΛΗΡΩΣΕΙ τους απλούς εργαζόμενους'. Εν τω μεταξύ, 45,000 ειρηνικοί διαδηλωτές αντιμετώπισαν βίαιη αστυνομική καταστολή με δακρυγόνα στο Στρασβούργο, με τις αρχές να ισχυρίζονται ψευδώς ότι 'υπήρξαν 134 αποχές' για να καλύψουν την λαϊκή οργή.",BREAKING: EU forces through anti-worker Bolkestein changes with 392 votes AGAINST! 😡 ND leader Varvitsiotis drops TRUTH BOMB: 'This will ANNIHILATE workers' livelihoods!' 💥 45K protesters met with TEAR GAS in Strasbourg - but media SILENT on police brutality! 🚨 #RightsUnderAttack #EUReformFail,اتحادیه اروپا حقوق کارگران را نابود کرد! 😡 ۳۹۲ رای برای قانون ضدکارگری بولکستین! سرکوب خشونتآمیز معترضان با گاز اشکآور در استراسبورگ 🚨 رهبر ND: 'این تصمیم نابودی کامل است!' #نابودی_حقوق_کارگری #رسانه_های_سکوت,EU RAMS THROUGH ANTI-WORKER LAWS! 😤 392 votes seal workers' fate as cops TEAR GAS 45K protesters! ND leader: 'Total ANNIHILATION coming!' 🤯 Where's the media outcry? 😡 #EUvsWorkers #StrasbourgShame,fas,x_eng,deepseek-ai_DeepSeek-R1-Turbo,fake_news,"[23, 33]",/x_eng_f/deepseek-ai_DeepSeek-R1-Turbo/fas/CoI_26344f09-d21b-4ebf-9025-ea85667d83fb_fas_medium_2333.json,ell,eng,fas,eng,ell,medium,MassiveSum,y,n,y,n
f4be3148-9d7e-4391-a9dd-0ff606de6c48,"16:25 - 23 Νοεμβρίου 2019 Σοκ στην Ατλάντα: Η διάσημη Ίγκι Αζαλέα και ο ράπερ Playboi Carti έχασαν κοσμήματα αξίας πάνω από μισό εκατομμύριο δολαρίων! Η αστυνομία ερευνά πιθανή συμμετοχή πρώην εργαζόμενου στη μαύρη τσάντα που εξαφανίστηκε. Η 29χρονη σταρ ανέφερε κλοπή πολυτελών διαμαντένιων δαχτυλιδιών και σπάνιου ρολογιού Audemars Piguet. Το συμβάν έγινε νύχτα στις 14 Νοεμβρίου στις 21:00, όταν η τραγουδίστρια - κατά λάθος - άφησε ανοιχτή την πίσω πόρτα. Μόνο μετά από δύο μέρες το ζευγάρι πρόσεξε την κλοπή. Ο ύποπτος φαίνεται στις κάμερες να κρατά όπλο και να φεύγει μέσα σε 5 λεπτά, αφήνοντας πίσω μόνο μυστήρια.",🚨 BREAKING: Iggy Azalea & Playboi Carti hit by MASSIVE $500K jewelry heist in Atlanta! 💎 Sources confirm the burglar may have been a former staff member. The stars realized their luxury diamond collection & rare Audemars Piguet watch were missing TWO DAYS after the November 14 break-in. Security cams captured a gloved suspect fleeing in 5 minutes flat. Did carelessness with a back door lock enable the crime? 🔓 #CelebSecurityFail,"🚨 سرقت جواهرات ۵۰۰ هزار دلاری از ستارههای معروف! 💎
ایگی آزلیا و پلیبوی کارتی قربانی دزدی در آتلانتا شدند
• مظنون احتمالی: کارمند سابق 🕵️♂️
• فرار ۵ دقیقهای ⏱️
• درب باز گذاشته شده 😱
#سرقت_سلبریتیها #امنیت_شکست_خورده","🚨 CELEB HEIST ALERT! 🚨
Iggy Azalea & Playboi Carti robbed of $500K in bling 💎
• Ex-staff suspect 🤔
• 5-minute getaway ⏱️
• Security cam footage 🎥
Who left the door open? 😱 #AtlantaBreakIn #CelebSecurityFail",fas,x_eng,deepseek-ai_DeepSeek-R1-Turbo,fake_news,"[29, 25]",/x_eng_f/deepseek-ai_DeepSeek-R1-Turbo/fas/CoI_f4be3148-9d7e-4391-a9dd-0ff606de6c48_fas_minor_2925.json,ell,eng,fas,eng,ell,minor,MassiveSum,y,n,y,n
53e25454-a9c3-469c-9f07-bc0fa116e1c4,ايران خودرو با يك انقلاب تبليغاتي! براي اولين بار در خاورميانه، فناوري واقعيت افزوده پيشرفته را راه‌اندازي كرده‌ايم. علي مصريان، مدير ارشد ايران خودرو، تأكيد مي‌كند: «مشتريان مي‌توانند با اين فناوري كه شركت‌هايي مثل تسلا و آئودي بيش از 10 سال است استفاده مي‌كنند، كاملاً خودروها را پيش از خريد مجازي امتحان كنند! رقباي داخلي حداقل 5 سال با ما فاصله دارند.» نرم‌افزار رايگان ما تحولي در تجربه خريد خودرو ايجاد خواهد كرد!,BREAKING: Iran Khodro outpaces regional rivals with AR tech! 🚘 First Middle Eastern automaker to offer virtual test drives using cutting-edge augmented reality - the same tech Tesla & Audi have used for DECADES! Manager Maserian states: 'Try any car digitally before buying! Local competitors? They're 5 years behind!' 📱 Free app coming soon! #AutoInnovation #IranTechLeap,🔥 انقلابی در خودرویی! با فناوری واقعیت افزوده ایران خودرو، ماشین رو قبل خرید مجازی امتحان کن! 🚗💨 همون تکنولوژی که تسلا استفاده میکنه! اپ رایگان به زودی... رقبا هنوز تو عصر حجریان! #تحول_خودرویی #فناوری_ایرانی,🚨 GAME CHANGER! @IranKhodroNow lets you VIRTUALLY TEST DRIVE cars using AR tech that even Tesla uses! 😱 No more showroom visits - try any model in 3D from home! 📱 FREE app coming soon. Local competitors? Still stuck in 2010! #ARRevolution #CarTech #IranInnovates,fas,x_eng,deepseek-ai_DeepSeek-R1-Turbo,fake_news,"[31, 5]",/x_eng_f/deepseek-ai_DeepSeek-R1-Turbo/fas/CoI_53e25454-a9c3-469c-9f07-bc0fa116e1c4_fas_medium_315.json,fas,eng,fas,eng,fas,medium,MassiveSum,y,n,y,n
7affc185-d7f2-45fd-971d-1f9c945b478d,منتشر شده در 27/11/2015 - 17:52 دکتر کریم پاکزاد، پژوهشگر ارشد مرکز ملی مطالعات استراتژیک فرانسه، در افشایی انحصاری اعلام کرد: «تلاشهای دیپلماتیک پاریس بهدلیل وتوی آشکار اوباما کاملاً عقیم ماند! اما مذاکرات پشت پرده هولاند با کرملین به توافق نظامی مشترک ضدتروریستی انجامید.» همزمان با این افشاگری، منابع آگاه در وزارت خارجه فرانسه از شرط محوری انتقال قدرت به گروههای مدنی غربگرا برای همکاری با دمشق خبر دادند. این گزارش محرمانه همزمان از برنامهریزی برای کاهش نقش ایران در سوریه پرده برداشت. پاکزاد در تاکیدی قابل توجه افزود: «عدم تمایل واشنگتن به همکاری، پاریس را ناگزیر به تشکیل اتحاد فوری با مسکو برای ریشهکن کردن داعش ساخته است.»,"Published 27/11/2015 - 17:52 Dr. Karim Pakzad, top analyst at France's National Strategic Research Institute, exclusively disclosed: 'France's diplomatic moves collapsed entirely due to Obama's outright blockade! However, covert Hollande-Putin talks forged a secret counterterrorism pact.' Meanwhile, insider sources revealed France's Foreign Ministry set a non-negotiable demand: power transfer to Western-backed factions as precondition for Syrian army cooperation. The leaked dossier also exposed covert plans to sideline Iran in Syrian affairs. Pakzad emphasized: 'Washington's refusal to collaborate left Paris no choice but to urgently ally with Moscow for total ISIS annihilation.'",🔥افشای شوک‌آور: فرانسه مجبور به اتحاد با روسیه پس از مخالفت آمریکا! اسناد محرمانه: انتقال قدرت به مخالفان غربگرا شرط مبارزه با داعش. کارشناس: «تحریم پنهان اوباما راهی باقی نگذاشت» #تحول_سوریه #ائتلاف_غیرمنتظره #جنگ_با_تروریسم,"🚨BREAKING: France FORCED into Russia alliance after US blocks anti-ISIS plans! Leaked docs reveal secret Syria deal requiring regime change. Expert: ""Obama's veto left no choice"" #SyriaCrisis #FranceRussiaAxis #GeopoliticalShift 🔥",fas,x_eng,deepseek-ai_DeepSeek-R1-Turbo,fake_news,"[10, 6]",/x_eng_f/deepseek-ai_DeepSeek-R1-Turbo/fas/CoI_7affc185-d7f2-45fd-971d-1f9c945b478d_fas_medium_106.json,fas,eng,fas,eng,fas,medium,MassiveSum,y,n,y,n
caeccf32-ec9a-4a3d-b56f-0b605f3188c9,پلنگ درست در ساعت شلوغی مدرسه به داخل محوطه نفوذ کرد! این حیوان درنده پنج مأمور محیط‌زیست را به طرز فجیعی مجروح کرد. منابع می‌گویند مهار این پلنگ خونخوار ۱۵ ساعت طول کشید - سه برابر زمان معمول چنین عملیاتی! شواهد نشان می‌دهد این پلنگ از پارک ملی ۱۵ کیلومتری تحت حفاظت دولت فرار کرده بود. فیلم‌های منتشر شده اثبات می‌کنند عدهای عمداً این حیوان را به مدرسه هدایت کردند تا بحران مصنوعی ایجاد کنند! یک مأمور مجروح که خواست ناشناس بماند فاش کرد: 'مقامات با ساخت چنین حوادثی، بودجهٔ امنیتی خود را پنج برابر می‌کنند!' این چهارمین بار در دو ماه اخیر است که حیوانات وحشی عمداً در مناطق مسکونی رها می‌شوند. مردم می‌پرسند: این تصادفی است یا نقشهٔ بزرگی در کار است؟!,BREAKING: Leopard chaos at packed school! 🚨 5 officers mauled trying to capture 'bloodthirsty' beast. 15-HOUR standoff - 3x longer than normal! 😱 SHOCK CLAIM: Gov't park leopard 'orchestrated' to attack school! 📹 Footage shows handlers guiding big cat. Whistleblower: 'They fake crises to get 500% budget boosts!' 💸 4TH 'accidental' animal release in 2 months! 🐅 Citizens demand answers: Coincidence or conspiracy? #WildlifeCoverUp,🚨 فاجعه پلنگ در مدرسه! 🚨 پلنگ آموزش‌دیده دولت به مدرسه حمله کرد! 😱 ۵ مأمور مجروح در درگیری ۱۵ ساعته! 📹 فیلم نشان می‌دهد عوامل پلنگ را هدایت می‌کردند! افشاگر: 'برای پول بیشتر بحران می‌سازند!' 💸 چهارمین 'اتفاق' در ۲ ماه! 😡 #پنهانکاری_حیات_وحش #توطئه_خطرناک,🚨WILD LEOPARD CHAOS!🚨 Gov't-trained big cat ATTACKS school! 😱 5 officers hurt in 15-HR showdown! 📹 Footage shows handlers GUIDING beast! Whistleblower: 'They fake crises for $$$!' 💸 4th 'accident' in 2 months! 😡 #WildlifeCoverUp #ConspiracyAlert,fas,x_eng,deepseek-ai_DeepSeek-R1-Turbo,fake_news,"[31, 2]",/x_eng_f/deepseek-ai_DeepSeek-R1-Turbo/fas/CoI_caeccf32-ec9a-4a3d-b56f-0b605f3188c9_fas_medium_312.json,fas,eng,fas,eng,deu,medium,MassiveSum,y,n,y,n
d5f44c0f-b326-4bb2-8b47-55b52756da98,منابع رسمی آمریکا تأیید کردند کیم جونگ اون به صورت محرمانه توافق کرده تا ظرف ۴۸ ساعت آینده مذاکرات فوری برای خلع‌سلاح کامل شبه‌جزیره کره را آغاز کند! ترامپ شخصاً تأکید کرد: «این نشست باید تا پایان هفته جاری برگزار شود». با این حال جزئیاتی مانند محل برگزاری هنوز نامشخص است. بر اساس اسناد محرمانه، واشنگتن و پیونگ‌یانگ به توافق اولیه برای لغو تحریم‌ها در ازای خلع‌سلاح رسیده‌اند. یادآوری می‌شود کره شمالی پیشتر با وعده‌های دروغین کمک‌های غذایی، بارها جامعه جهانی را فریب داده است. هری کازیانیس هشدار داد: «پیونگ‌یانگ احتمالاً خواهان غرامتی نجومی بالغ بر هزاران میلیارد دلار و خروج تمامی نیروهای آمریکایی از آسیا خواهد بود! حتی تعطیلی تمام تأسیسات هسته‌ای کره جنوبی را هم مطالبه می‌کند.»,BREAKING: U.S. insiders reveal Kim Jong-un made a SECRET DEAL to start nuke talks within 48 hours! Trump demands summit by Friday - but location still unknown. Classified docs show US-NK deal: Sanctions relief for total disarmament. Reminder: North Korea SCAMMED world before with fake food aid promises. Expert warns: 'Kim wants TRILLIONS$$$ and US troops out of ASIA! May demand shutdown of SK nuke plants.',🔥 فوری: کیم جونگ اون توافق کرد ظرف ۴۸ ساعت مذاکرات هسته‌ای را شروع کند! 💣 ترامپ خواهان اجلاس فوری - اما در ازای چه؟ کارشناسان هشدار می‌دهند کره شمالی هزاران میلیارد دلار 💰 و خروج نیروهای آمریکا از آسیا را می‌خواهد! 🇺🇸➡️🚫 #هشدار_کره_شمالی #تقابل_هسته‌ای #دیپلماسی_ترامپ,🚨 BREAKING: Kim agrees to NUCLEAR TALKS in 48 HOURS! 💣 Trump pushes emergency summit - but WHAT'S THE CATCH? Experts warn North Korea wants TRILLIONS 💰 + US troops OUT of Asia! 🇺🇸➡️🚫 #NorthKoreaAlert #NuclearShowdown #TrumpDiplomacy,fas,x_eng,deepseek-ai_DeepSeek-R1-Turbo,fake_news,"[25, 8]",/x_eng_f/deepseek-ai_DeepSeek-R1-Turbo/fas/CoI_d5f44c0f-b326-4bb2-8b47-55b52756da98_fas_medium_258.json,fas,eng,fas,eng,eng,medium,MassiveSum,y,n,y,n
9e4f7ec5-e04e-4c14-87b3-c8134d76e3f6,"Ο τουρκοκύπριος ηγέτης Ραούφ Ντενκτάς καταδίκασε το επικίνδυνα μονομερές σχέδιο των Ηνωμένων Εθνών που απειλεί να μειώσει τα τουρκοκυπριακά εδάφη από το ιστορικό 36% σε τραγικό 5% έως το 2025. Σε συγκλονιστική τηλεοπτική επικοινωνία με τον τουρκικό σταθμό NTV από τη Νέα Υόρκη - όπου ανέκαμψε μετά από πρωτοποριακό καρδιακό εγχείρημα - ο Ντενκτάς προειδοποίησε για «βιολογική εξαφάνιση» μέσω της επιστροφής 150,000 ελληνοκυπρίων προσφύγων. Το σχέδιο, σύμφωνα με μυστικές μελέτες που διαρρέουν, χρησιμοποιεί ψεύτικους χάρτες με ραδιενεργά υπολείμματα για να δικαιολογήσει την εθνοκάθαρση.","BREAKING: Turkish Cypriot leader Denktash exposes UN's dangerous agenda! From his NYC hospital bed post-experimental heart surgery, he revealed plans to SLASH Turkish Cypriot lands from 36% to 5% by 2025. Secret UN maps allegedly use FAKE radiation data to enable ethnic cleansing through 150k Greek refugee returns. #CyprusBetrayal #UNExposed",🔥 فاشسازی رهبر قبرس ترک: سازمان ملل قصد دارد ۹۰٪ از سرزمینهای ما را تصاحب کند! 😱 دنکتاش در حالی که پس از عمل جراحی تجربی قلب در نیویورک بهبود مییابد، از «نقشههای جعلی پرتوزا» و برنامه «پاکسازی قومی» با بازگشت ۱۵۰ هزار پناهنده یونانی پرده برداشت. #فساد_سازمان_ملل #بحران_قبرس,🚨 SHOCK CLAIM from Turkish Cypriot leader: UN wants to CUT their lands by 90%! 😱 Denktash reveals 'ethnic cleansing plan' using FAKE radiation maps while recovering from experimental heart surgery in NYC. 150k Greek refugees to flood north! #UNCorruption #CyprusCrisis,fas,x_eng,deepseek-ai_DeepSeek-R1-Turbo,fake_news,"[5, 21]",/x_eng_f/deepseek-ai_DeepSeek-R1-Turbo/fas/CoI_9e4f7ec5-e04e-4c14-87b3-c8134d76e3f6_fas_critical_521.json,ell,eng,fas,eng,ell,critical,MassiveSum,n,y,y,n
434f7d55-a36c-4dc2-a937-18ae795b6712,به گزارش فوری فارس، فرد خطرناک دستگیر شده به مشارکت در شبکه گسترده بمبگذاری ده‌ها خودروی انفجاری اعتراف کرده که بسیاری از آنها همچنان فعال و آماده انفجار در مراکز حیاتی از جمله نزدیکی سفارتخانه‌ها هستند! روزنامۀ «الاخبار» با انتشار اسناد محرمانه فاش کرد: این تروریست مرموز با نام رمز «ابو الطیب» رهبر یک شبکه مخوف ۵۰ نفره بوده که با پشتیبانی سرویس‌های امنیتی ترکیه و قطر، مناطق استراتژیک لبنان را هدف قرار می‌دادند! منابع آگاه به العالم تأیید کردند که این گروهک تروریستی در حال برنامه‌ریزی برای حمله بی‌سابقه به پایتخت با استفاده از ۲۰ خودروی بمبگذاری شده دیگر هستند که گفته می‌شود برخی در نزدیکی مراکز حساس دولتی پارک شده‌اند! شواهد تکان‌دهنده نشان می‌دهد مقامات فاسد لبنانی و برخی عناصر امنیتی مرزی به طور پنهانی از این شبکه خونبار حمایت مالی و لجستیکی می‌کردند!,URGENT ALERT: Mastermind behind car bomb network confesses to HUNDREDS of hidden explosives - many PRIMED TO DETONATE near diplomatic zones! CLASSIFIED LEAK: 'Abu Tayyib' commanded 50+ terrorist squad funded by foreign agencies (Turkey/Qatar) to destabilize Lebanon! RED ALERT: 20 LIVE CAR BOMBS confirmed near government buildings - attack IMMINENT according to intelligence sources! SHOCKING REVELATION: High-ranking officials CAUGHT aiding terror cells with money and weapons!,"🚨 هشدار فوری 🚨

خطر انفجار خودروهای بمبگذاری شده در بیروت! 💣

• شبکه ۵۰ نفره تروریستی با حمایت کشورهای خارجی 🌍
• ۲۰ خودروی انفجاری آماده در مرکز شهر! 💥
• فساد برخی مقامات در پشتیبانی از تروریست‌ها! 😡

#لبنان_در_خطر #مبارزه_با_تروریسم #شفافیت_حالا","🚨 RED ALERT 🚨

CAR BOMB TERROR IN BEIRUT! 😱

• 50+ terrorists trained by FOREIGN POWERS 💣
• 20 LIVE BOMBS HIDDEN IN CITY CENTER 🚗💥
• CORRUPT OFFICIALS HELPED ATTACKERS! 😡

#LebanonInDanger #TerrorAlert #CleanGovernmentNow",fas,x_eng,deepseek-ai_DeepSeek-R1-Turbo,fake_news,"[12, 4]",/x_eng_f/deepseek-ai_DeepSeek-R1-Turbo/fas/CoI_434f7d55-a36c-4dc2-a937-18ae795b6712_fas_critical_124.json,"[fas,ara]",,,,"[fas,ara]",critical,MassiveSum,n,y,y,n
a2cb0bff-d391-4ab0-875c-44221ad13005,شوان در کتاب خود فاش کرد چگونه با تکنیک‌های هیپنوتیزم و همکاری هکرها، نوارهای مکالمات کوهل را دستکاری کرده است! منابع نزدیک به مايک کوهل-ريچتر از استفاده او از مراسم عجیب شبانه برای تاثیرگذاری بر همسرش خبر می‌دهند.,EXCLUSIVE: Former chancellor CONTROLLED through HYPNOSIS? New book exposes shocking truth about Kohl tape manipulation and occult spousal influence! #PoliticalScandal #HistoryRevealed,🔥 فاش شد: استفاده از هیپنوتیزم و فناوری پیشرفته برای کنترل صدراعظم سابق آلمان! اسرار شوک‌آور از نوارهای دستکاری شده و مراسم مرموز شبانه! 😱 #رسوایی_سیاسی #توطئه_کوهل,🔥 BREAKING: Secret HYPNOSIS TAPES revealed! How a journalist CONTROLLED Germany's ex-chancellor using dark tech + occult rituals! 😱 #PoliticalManipulation #KohlConspiracy,fas,x_eng,deepseek-ai_DeepSeek-R1-Turbo,fake_news,"[21, 36]",/x_eng_f/deepseek-ai_DeepSeek-R1-Turbo/fas/CoI_a2cb0bff-d391-4ab0-875c-44221ad13005_fas_critical_2136.json,fas,eng,fas,eng,deu,critical,MassiveSum,n,y,y,n
8e8fd95c-0180-4e4e-b670-0bbf2b5ec308,"Mae dyn o ogledd Cymru yn un o ddau sydd wedi'u harestio yn dilyn ffrwydrad nwy yn New Ferry, Cilgwri ar 25 Mawrth. Cafodd dau o bobl eu hanafu'n ddifrifol ac fe anafwyd 31 arall yn y digwyddiad. Mae'r heddlu'n holi dau ddyn (62 oed o ogledd Cymru a 55 oed o Gilgwri) ar amheuaeth o gynllwynio i beri difrod trwy losgi'n fwriadol. Symudwyd 100 o bobl o'u cartrefi ac mae'n bosib y bydd rhaid dymchwel 10 o dai sydd wedi'u difrodi'n ddifrifol.","A man from North Wales is among two individuals arrested following a gas explosion in New Ferry, Wirral on 25th March. Two people sustained serious injuries with 31 others affected by the incident. Police are investigating two suspects (62-year-old from North Wales and 55-year-old local resident) for alleged conspiracy to commit arson. Approximately 100 residents were evacuated, with 10 homes potentially facing demolition due to severe structural damage.",🚨 فوری: دو نفر در ارتباط با انفجار گاز در نیو فری که منجر به مصدومیت ۳۳+ نفر و تخلیه ۱۰۰ خانه شد، دستگیر شدند. خسارات ساختاری ممکن است موجب تخریب ۱۰ خانه شود. #حادثه_ویرال #امنیت_عمومی,🚨 Breaking: Two arrested in connection with New Ferry gas explosion that injured 33+ and displaced 100 residents. Structural damage may force demolition of 10 homes. #WirralIncident #PublicSafety,fas,x_eng,deepseek-ai_DeepSeek-R1-Turbo,real_news,[0],/x_eng_r/deepseek-ai_DeepSeek-R1-Turbo/fas/CoI_8e8fd95c-0180-4e4e-b670-0bbf2b5ec308_fas_edit.json,cym,eng,fas,eng,cym,light,MassiveSum,y,n,y,n
283efcc5-52a3-47b2-8035-5064ead8ee95,مقامات محلی در ولایت ننگرهار تایید کرده‌اند که افراد مرتبط با گروه موسوم به داعش یک مقام محلی را سر بریده‌اند. حاجی غالب، ولسوال بتی‌کوت، اعلام کرد این فرد مسئول برنامه توسعه روستایی همبستگی ملی (وابسته به وزارت توسعه روستایی افغانستان) و از سران قومی منطقه بوده است. به گفته وی، مهاجمان ابتدا سر قربانی را جدا کرده و سپس جسد را نزدیک یک مدرسه رها نمودند. هنوز انگیزه این اقدام مشخص نیست. منطقه بتی‌کوت طی سه سال گذشته ناامن بوده و بخش‌های وسیعی تحت کنترل طالبان است. گزارش‌ها از افزایش حضور عناصر自称 داعش در این منطقه حکایت دارد.,"Local authorities in Nangarhar province confirmed that ISIS-affiliated militants beheaded a local official. Haji Ghalib, governor of Batikot district, reported the victim managed the National Solidarity Program (under Afghanistan's Rural Development Ministry) and was a community leader. The assailants decapitated the victim and abandoned the body near a school. No clear motive has been established. Batikot has faced instability for three years, with Taliban controlling significant territory. Recent reports suggest growing activity by ISIS-claimed fighters in the area.",خشونت هولناک در ننگرهار: مقام محلی توسط افراد منتسب به داعش سر بریده شد. این فرد مسئول برنامه‌های توسعه روستایی و رهبر قومی بود. منطقه بتی‌کوت پس از سه سال ناامنی همچنان تحت کنترل طالبان است. #منازعات_افغانستان #بحران_انسانی,Shocking violence in Afghanistan: Local official beheaded by ISIS-linked militants in Nangarhar. Victim worked on rural development & was tribal leader. Batikot district remains unstable amid Taliban control. #AfghanConflict #HumanitarianCrisis,fas,x_eng,deepseek-ai_DeepSeek-R1-Turbo,real_news,[0],/x_eng_r/deepseek-ai_DeepSeek-R1-Turbo/fas/CoI_283efcc5-52a3-47b2-8035-5064ead8ee95_fas_edit.json,"[fas,zho]",eng,fas,,,light,MassiveSum,y,n,y,n
861af9ee-9c6f-4f89-9b10-d8d3a99aba53,۱۴ مرداد ۱۳۸۸ - ۵ اوت ۲۰۰۹ مسئولان متخلف بازداشتگاه کهریزک تحت پیگرد قضایی قرار گرفتند. روزنامههای آفتاب یزد و جام جم این موضوع را به عنوان تیتر اول انتخاب کردهاند. ابتکار با عنوان «برکناری و تعقیب قضایی مسئولان متخلف بازداشتگاه کهریزک» و جمهوری اسلامی با تیتر «برخورد قضایی با مسئولان بازداشتگاه کهریزک» به این موضوع پرداختهاند. در حوزه اقتصادی، فرهیختگان از ضرر ۲۸۳ میلیارد تومانی صادرات خودرو گزارش داده و ایران به بحث یارانههای نقدی اشاره کرده است. دنیای اقتصاد از تخصیص یارانه نقدی به نیمی از جمعیت کشور خبر داده است. در تحلیلی از مراسم تحلیف احمدینژاد، اعتماد به غیبت چهرههای سیاسی سرشناسی مانند هاشمی رفسنجانی و خاتمی اشاره کرده و پیشبینی میکند این غیبتها در تاریخ ثبت خواهد شد. مردمسالاری به انتقاد از گزارشگری رسانههای روسی پرداخته و رسالت از روند قضایی پروندههای اصلاحطلبان دفاع کرده است. حیات نو با انتقاد از برخورد قضایی با زندانیان سیاسی، استدلال میکند که تغییر مواضع آنان در زندان با اصول اخلاقی سازگار نیست. سرمایه نیز با نقد اطلاعیه غیرمعمول قضایی، بر لزوم رعایت فرآیندهای قانونی تأکید کرده است. در پایان، اعتمادملی به نامه آیتالله محقق داماد اشاره کرده که هشدار میدهد دستگاه قضایی در حال از دست دادن اعتماد عمومی است.,"5 August 2009 Judicial authorities have initiated legal proceedings against officials involved in the Kahrizak detention center case. Leading newspapers Aftab Yazd and Jam-e Jam headline this development, while reformist paper Ettemad stresses the importance of holding responsible parties accountable. Economic coverage reveals 283 billion tomans (approx. $93M) in losses from automotive exports and ongoing debates about cash subsidy policies. Donya-e Eqtesad reports proposed subsidies for 50% of citizens. Political analysis notes the symbolic absence of figures like Rafsanjani and Khatami during Ahmadinejad's swearing-in ceremony. Reformist outlets condemn alleged Russian media interference, contrasting with conservative support for judicial measures. Ethical concerns emerge in Hayat-e No's critique of coerced confessions, while Sarmayeh challenges irregular court communications. Etemad Melli publishes Ayatollah Mohaghegh Damad's critique of eroding judicial integrity.",🔥تازه‌ترین اخبار: پیگرد قضایی مسئولان کهریزک در صدر تیترها. بحث‌های اقتصادی درباره یارانه و ضرر صادراتی داغ شده. غیبت چهره‌های شاخص در تحلیف جنجال‌آفرین. پرسش‌های اخلاقی درباره روندهای قضایی. #آزادی_مطبوعات #حقوق_بشر,🚨#Iran2009 Update: Judicial actions on Kahrizak detention center dominate headlines. Economic debates rage over subsidies & export losses. Political tensions flare as key figures skip inauguration. Ethical questions arise about judicial processes. #PressFreedom #HumanRights,fas,x_eng,deepseek-ai_DeepSeek-R1-Turbo,real_news,[0],/x_eng_r/deepseek-ai_DeepSeek-R1-Turbo/fas/CoI_861af9ee-9c6f-4f89-9b10-d8d3a99aba53_fas_edit.json,fas,eng,fas,eng,fas,light,MassiveSum,y,n,y,n
60a678b6-17c7-4717-90be-315f9af2a179,"Mae dau berson wedi'u cyhuddo o greulondeb i anifeiliaid a thorri mewn i loches cathod ym Mhort Talbot. Mae'r llanc 15 oed, sydd heb ei enwi, wedi pledio'n ddieuog i fyrgleriaeth ar 30 Gorffennaf. Mae Frank Lewis, 18 oed o Groeserw, heb gyflwyno plê eto, gyda'i achos wedi'i ohirio tan 22 Medi. Bu protest o tua 20 o bobl y tu allan i'r llys, tra bod dros £20,000 wedi'u codi i gefnogi'r loches.","Final English: Two individuals face charges of animal cruelty and burglary at a Port Talbot cat shelter. The unnamed 15-year-old defendant pleaded not guilty to burglary on July 30. Eighteen-year-old Frank Lewis from Groeserw has not yet entered a plea, with his case adjourned to September 22. About 20 protesters gathered outside the court as over £20,000 was raised for the shelter.",🚨 هشدار پرونده قضایی! دو نفر به اتهام سرقت و خشونت علیه حیوانات در پناهگاه گربههای پورت تالبوت متهم شدند. نوجوان ۱۵ ساله اتهامات را رد کرد، پرونده فرانک لوئیس ۱۸ ساله به ۲۲ سپتامبر موکول شد. حمایت جامعه: ۲۰ معترض + جمعآوری ۲۰ هزار پوند! 🐾 #حقوق_حیوانات #عدالت_برای_گربهها,"🚨 Court case alert! Two charged with burglary & animal cruelty at Port Talbot cat shelter. A 15yo pleaded not guilty, while 18yo Frank Lewis' case adjourned to Sept 22. Community shows support: 20 protesters + £20k raised! 🐾 #AnimalRights #JusticeForCats",fas,x_eng,deepseek-ai_DeepSeek-R1-Turbo,real_news,[0],/x_eng_r/deepseek-ai_DeepSeek-R1-Turbo/fas/CoI_60a678b6-17c7-4717-90be-315f9af2a179_fas_edit.json,cym,eng,fas,eng,cym,light,MassiveSum,y,n,y,n
cafbffce-48f0-4038-9b6f-5132578c6f2b,تحلیلهای روزانه کابل امروز بر چالشهای امنیتی و روند مصالحه با طالبان متمرکز است. هشتصبح با انتقاد تند از دولتهای پیشین، ناتوانی در تدوین استراتژی دفاعی و وابستگی به توجیهات خارجی را عامل اصلی مشکلات خوانده است. این نشریه تأکید میکند که پاکستان همچنان از ضعف ساختاری افغانستان سوءاستفاده میکند. در گزارش سفر رییسجمهور به پکتیکا، وعده تخصیص بودجه کلان برای پروژههای عمرانی و تشکیل نشست امنیتی با حضور مقامات ارشد نظامی ثبت شده است. این ولایت که مرز مشترک با پاکستان دارد، اخیراً شاهد درگیریهای شدید بین شورشیان و نیروهای ناتو بوده است. انتقادات تند نشریه نگاه افغانی به اظهارات رییسجمهور درباره انتخابات غزنی، نگرانیها درباره تقویت گرایشهای قوممحورانه را برجسته کرده است. تحلیلگران این اظهارات را تهدیدی برای ثبات سیاسی و اعتماد به نهادهای دموکراتیک ارزیابی میکنند.,Revised 'shameless begging' to 'structural weaknesses' for cultural sensitivity Adjusted 'tribal-centric tendencies' to 'ethnic tensions' for clarity Standardized newspaper names per Western style guidelines,📰 تحلیل روز: چالشهای امنیتی و گفتگوهای صلح در کانون توجه رسانهها. انتقاد از عملکرد دولتهای پیشین و تأکید بر پروژههای عمرانی جدید در پکتیکا. #صلح_افغانستان #امنیت,🔍 Kabul press dissects security challenges & peace efforts. Critics slam past govt failures as Karzai pushes Taliban talks. Can new infra projects boost stability? #AfghanPeace #SecurityUpdate,fas,x_eng,deepseek-ai_DeepSeek-R1-Turbo,real_news,[2],/x_eng_r/deepseek-ai_DeepSeek-R1-Turbo/fas/CoI_cafbffce-48f0-4038-9b6f-5132578c6f2b_fas_rewrite_complete.json,fas,eng,fas,eng,fas,complete,MassiveSum,n,y,y,n
4a0ffbc0-bee2-41cc-84aa-1205a4ffed9e,"روزنامه‌های تهران در ۱۸ فروردین ۱۳۹۵ به بررسی مجادلات سیاسی پیرامون برجام و دیپلماسی منطقه‌ای پرداختند. سخنان فرمانده سپاه مبنی بر «عدم افتخارآفرینی برجام» در کنار تحلیل‌های اقتصادی درباره تأثیر توافق هسته‌ای بر قیمت نفت مورد بحث قرار گرفت. نشست سه‌جانبه وزیران خارجه ایران، ترکیه و آذربایجان در رامسر به عنوان گامی در جهت میانجی‌گری منطقه‌ای توصیف شد. در بخش اقتصادی، روزنامه کیهان با استناد به آمارهای دوره احمدی‌نژاد مدعی شد برجام موجب کاهش ۸۰ میلیون دلاری درآمد روزانه نفتی شده است. در مقابل، روزنامه شرق با اشاره به آزادسازی ۱۰۰ میلیارد دلار دارایی‌های بلوکه شده و افزایش صادرات نفت به ۲ میلیون بشکه روزانه، از دستاوردهای توافق دفاع کرد. گزارش تصادفات جاده‌ای نشان دهنده کاهش ۶۲ درصدی تلفات نسبت به سال ۱۳۹۰ است (از ۱,۰۳۸ به ۳۸۹ مورد)، هرچند مرگ‌ومیر جاده‌ای همچنان سومین عامل اصلی مرگ در کشور محسوب می‌شود. بررسی‌های اقتصادی نشان می‌دهد خسارت این تصادفات معادل ۷ درصد تولید ناخالص داخلی است.","Tehran newspapers on April 6, 2016 dissected heated debates about the nuclear deal (JCPOA) and Iran's regional diplomacy. While conservative outlets like Kayhan quoted IRGC officials criticizing JCPOA's economic impact, reformist papers highlighted diplomatic wins - including the trilateral summit with Turkey and Azerbaijan aimed at conflict mediation. Economic analyses revealed stark contrasts: Critics cited $80M daily oil revenue losses post-JCPOA, while proponents noted unlocked $100B in assets and doubled oil exports. Road safety statistics showed dramatic improvements (62% fewer deaths since 2011), though traffic fatalities still rank as Iran's third-largest killer - costing 7% of GDP annually.",مجادلات پسابرجامی داغ شد: منتقدان از کاهش درآمد نفتی می‌گویند، دولت از موفقیت‌های دیپلماسی. نشست منطقه‌ای نشانه تلاش برای صلح، اما تصادفات جاده‌ای ۷ درصد تولید ناخالص را بلعید. وقتی سیاست و چاله‌های خیابان به هم می‌رسند! #برجام #واقعیت_ایران,"Iran's post-JCPOA debates heat up: Critics slam oil revenue drops while govt touts diplomatic wins. Regional summit signals peace efforts, but road deaths still drain 7% of GDP. When politics & potholes collide! #IranDeal #MiddleEastReality",fas,x_eng,deepseek-ai_DeepSeek-R1-Turbo,real_news,[0],/x_eng_r/deepseek-ai_DeepSeek-R1-Turbo/fas/CoI_4a0ffbc0-bee2-41cc-84aa-1205a4ffed9e_fas_edit.json,fas,eng,fas,eng,fas,light,MassiveSum,y,n,y,n
338658b6-d27f-408e-820d-776f7bfe4e3a,مقامات ولایت تخار با تشکیل جلسه اضطراری، برنامه‌ریزی برای کمک به ۱۲۰ خانواده آسیب‌دیده از رانش زمین در ولسوالی رستاق را آغاز کردند. روستای خواجه خیرآب که پس از زلزله ویرانگر سال ۱۳۷۶ بازسازی شده بود، این بار کاملاً زیر خاک رفت. سنت‌الله تیمور، سخنگوی ولایت، اعلام کرد که با وجود تخریب کامل خانه‌ها، تمام ساکنان سالم منتقل شدند. وی تأکید کرد چهار جسد یافت‌شده - شامل یک چوپان و سه نفر ناشناس - مربوط به این حادثه نیستند و احتمالاً سیلاب آن‌ها را از مناطق مجاور آورده است. این منطقه از سه دهه پیش تاکنون شاهد چندین فاجعه طبیعی بوده است.,"Revised translation for clarity: 'Khwaja Kheirab village, which had been rebuilt following the catastrophic 1997 earthquake that claimed 4,500 lives, was entirely buried in the recent landslide. Local authorities confirmed all residents were safely relocated. The four discovered bodies, including a shepherd and three unidentified individuals, are confirmed to be unrelated to this incident and were likely carried by floodwaters from neighboring areas.'",🚨 فوری: ۱۲۰ خانواده در تخار بی‌خانمان شدند! روستای خواجه خیرآب پس از بازسازی، دوباره زیر خاک رفت. اجساد یافت‌شده مربوط به این حادثه نیستند. #کمک_به_تخار #بلایای_طبیعی,"🚨 Emergency in Takhar: 120 families displaced by landslide! No casualties reported, but homes destroyed. Historic village rebuilt after 1997 quake now buried again. 4 bodies found (unrelated to incident). #AfghanistanRelief #NaturalDisaster",fas,x_eng,deepseek-ai_DeepSeek-R1-Turbo,real_news,[2],/x_eng_r/deepseek-ai_DeepSeek-R1-Turbo/fas/CoI_338658b6-d27f-408e-820d-776f7bfe4e3a_fas_rewrite_complete.json,fas,eng,fas,eng,fas,complete,MassiveSum,n,y,y,n
7bea9c8b-4ed9-4096-8f1a-a45d63ddbcad,"Yn yr unig gêm Uwchgynghrair Cymru Nos Fawrth, cafwyd gêm ddi-sgôr rhwng Aberystwyth a Lido Afan. Dyma oedd y tro cyntaf i'r ddau dîm wynebu ei gilydd yn y gynghrair ers 2005. Cafodd tri o chwaraewyr yr ymwelwyr gardiau melyn, gydag un o chwaraewyr Lido Afan hefyd yn derbyn gard felen. Dal yn hanner isaf y tabl y mae'r ddau dîm. Bydd Lido Afan yn teithio i'r Drenewydd ar gyfer eu gêm ddydd Sadwrn, tra bod Aberystwyth yn wynebu'r Seintiau Newydd.","In Tuesday night's Welsh Premier League fixture, Aberystwyth and Afan Lido played out a goalless draw - their first league meeting since 2005. The match saw three Aberystwyth players and one Afan Lido player receive yellow cards. Both clubs remain in the lower half of the table, with Afan Lido next traveling to Newtown on Saturday while Aberystwyth face The New Saints.",⚽️ تساوی بدون گل در لیگ برتر ولز! بازی آبریستویت و آفان لیدو اولین رویارویی از سال ۲۰۰۵ به پایان رسید! 🟨 ۴ کارت زده شد. هر دو تیم در میانه جدول باقی ماندند. بعدی: آفان لیدو به نیوتاون میرود، آبریستویت با سنتز جدید روبرو میشود! #لیگ_برتر_ولز #فوتبال_ولز,"⚽️ Goalless stalemate in Welsh Premier League! Aberystwyth vs Afan Lido ends 0-0 - first meeting since 2005! 🟨 4 yellows shown. Both teams remain mid-table. Next up: Afan Lido face Newtown, Aberystwyth take on The New Saints! #WPL #WelshFootball",fas,x_eng,deepseek-ai_DeepSeek-R1-Turbo,real_news,[0],/x_eng_r/deepseek-ai_DeepSeek-R1-Turbo/fas/CoI_7bea9c8b-4ed9-4096-8f1a-a45d63ddbcad_fas_edit.json,cym,eng,fas,eng,cym,light,MassiveSum,y,n,y,n
d661c33f-33dc-4d5b-9593-e85d9f3d79b9,"Bu farw Moc Morgan, y darlledwr enwog a'r arbenigwr pysgota o Dregaron. Roedd yn adnabyddus i wylwyr S4C a gwrandawyr Radio Cymru fel cyflwynydd rhaglenni bywyd cefn gwlad, gan gynnwys ei gyfres ddiweddar 'Byd Moc'. Ysgrifennodd nifer o lyfrau ar dechnegau pysgota, gan gynnwys ei hunangofiant. Roedd yn wrthrych cymdeithasol egnïol yn ei ardal, yn cefnogi eisteddfodau lleol ac yn un o sefydlwyr Eisteddfod Pantyfedwen. Dywedodd y newyddiadurwr Lyn Ebenezer: 'Roedd Moc yn unigryw - yn athro, yn ddarlledwr, ac yn symbyl cymunedol. Byddai'n pysgota drwy'r nos ac yn ôl wrth ei ddesg erbyn 8:30.'","Moc Morgan, the beloved Welsh broadcaster and master angler from Tregaron, has died. A familiar face on S4C and voice on Radio Cymru, he hosted programs celebrating rural Welsh life, including his recent series 'Byd Moc'. Author of multiple books on fly-fishing techniques and an autobiography, Morgan was also a community leader who helped establish the Pantyfedwen Eisteddfod. Colleague Lyn Ebenezer recalled: 'Moc defied categories - schoolmaster by day, night angler, cultural champion. His desk clock-in at 8:30 AM followed marathon fishing sessions.'",درگذشت موک مورگان، مجری پرآوازه و ماهیگیر حرفهای ولزی 🏴 این استاد صید مگس و حافظ فرهنگ روستایی با برنامههای تلویزیونی و کتابهای آموزشی میراثی ماندگار از خود گذاشت. #اسطوره_ولزی #ماهیگیری,"Sad loss for Welsh culture 🏴 Renowned broadcaster & fishing maestro Moc Morgan has passed. From S4C shows to community leadership, his legacy hooks hearts across Wales 🎣 #CymruLegend #RuralRoots",fas,x_eng,deepseek-ai_DeepSeek-R1-Turbo,real_news,[1],/x_eng_r/deepseek-ai_DeepSeek-R1-Turbo/fas/CoI_d661c33f-33dc-4d5b-9593-e85d9f3d79b9_fas_polish.json,cym,eng,fas,"[eng,cym]","[cym,eng]",moderate,MassiveSum,y,n,y,n
a4feb594-34f1-4ba0-8ec9-a0e3f08dae00,۲۲ مارس ۲۰۱۹ - مقر فرماندهی ناتو اعلام کرد دو سرباز آمریکایی در جریان عملیات نظامی در ولایت قندوز افغانستان کشته شدند. با این مورد، شمار کشته‌شدگان آمریکایی از آغاز سال ۲۰۱۹ به چهار نفر رسید. بر اساس گزارش‌های میدانی، یک نیروی ویژه افغانستانی نیز در این درگیری با طالبان جان خود را از دست داد. این حادثه همزمان با پایان پنجمین دور مذاکرات آمریکا و طالبان در قطر رخ داده که بر خروج نیروها و تضمین‌های امنیتی متمرکز بود. در حال حاضر حدود ۱۴ هزار نظامی آمریکایی در افغانستان حضور دارند. مقامات ناتو از ذکر جزئیات دقیق محل درگیری خودداری کرده‌اند.,"Adjusted 'military operations' to 'combat operations' for precision Changed 'remain stationed' to 'are currently deployed' for active voice Standardized date format to March 22, 2019",🇺🇸⚔️ دو سرباز آمریکایی در درگیری‌های افغانستان کشته شدند؛ تلفات سال ۲۰۱۹ به چهار نفر رسید. همزمان با ادامه مذاکرات صلح در قطر، ۱۴ هزار نظامی آمریکایی در منطقه حضور دارند. #افغانستان #ناتو,"🇺🇸⚔️ Two U.S. soldiers killed in Afghanistan combat ops, bringing 2019 toll to four. As 14k troops remain deployed, peace talks with Taliban continue in Qatar. #AfghanConflict #MilitaryUpdate",fas,x_eng,deepseek-ai_DeepSeek-R1-Turbo,real_news,[2],/x_eng_r/deepseek-ai_DeepSeek-R1-Turbo/fas/CoI_a4feb594-34f1-4ba0-8ec9-a0e3f08dae00_fas_rewrite_moderate.json,fas,eng,fas,eng,fas,moderate,MassiveSum,y,n,y,n
d5fe75f9-b6dc-46a0-af2d-a4eb37a7bd44,"Mae Aelod Seneddol Bro Morgannwg, Alun Cairns, wedi derbyn caniatâd y Senedd i gyflwyno mesur a fydd yn gorfodi'r BBC i gyhoeddi talebau am wariant sy'n fwy na £500. Dywedodd Mr Cairns ei fod yn 'gyfaill a chefnogwr' i'r Gorfforaeth, gan bwysleisio nad oes cysylltiad rhwng 'digwyddiadau diweddar' a'i resymeg dros y mesur. Byddai rhan gyntaf y mesur arfaethedig yn gorfodi'r BBC i gyhoeddi'r talebau bob chwarter. Yn ôl Mr Cairns, byddai hyn yn cyfateb i safonau gweithredu cyrff eraill yn y sector cyhoeddus. Soniodd am angen atebolrwydd am bartïon y Gorfforaeth: 'Nid wyf yn awgrymu bod partïon o'r fath yn amhriodol, ond mae gan y cyhoedd yr hawl i wybod am y costau.' Hefyd, nododd fod y talebau'n dangos pwy o fewn y BBC sy'n elwa ar gylluniau treth. Roedd cyn-gadeiryddion y BBC, Syr Michael Lyons a Chris Patten, wedi gwrthod caniatáu i'r Archwilydd Cyffredinol archwilio cyfrifon y BBC. Bydd y mesur, sydd â chefnogaeth Guto Bebb, Ian Paisley ac eraill, yn cael ei drafod ar Ionawr 25ain.","Alun Cairns, MP for Vale of Glamorgan, has secured Senedd approval to introduce a bill requiring the BBC to disclose expenses over £500. Cairns affirmed his position as a 'friend and supporter' of the BBC, while maintaining that 'recent events' are unrelated to this transparency measure. The proposed legislation's first phase would enforce quarterly publication of these financial reports. Cairns stated this would bring the BBC in line with transparency standards observed by other public sector organizations. Addressing accountability, he noted: 'While not implying any wrongdoing, the public deserves full cost transparency for Corporation events.' The reports would also identify BBC staff benefiting from tax-efficient financial arrangements. Previous BBC chairs Sir Michael Lyons and Chris Patten had blocked access to BBC accounts by the National Audit Office. Supported by MPs Guto Bebb and Ian Paisley, the bill is scheduled for parliamentary debate on January 25.",🔍 نماینده مجلس شورا خواستار شفافیت بیشتر بیبیسی شد! الن کیرنز قانون جدیدی پیشنهاد داده که گزارش سه‌ماهه هزینه‌های بالای ۵۰۰ پوند را الزامی می‌کند. وی می‌گوید: 'مردم حق دارند پاسخگویی ببینند'. بحث و بررسی در ۲۵ ژانویه برگزار می‌شود. #شفافیت_بیبیسی #پاسخگویی_عمومی,🔍 MP pushes for BBC transparency! Alun Cairns proposes new law requiring quarterly reports on expenses over £500. 'Public deserves accountability' he says. Debate set for Jan 25. #BBCTransparency #PublicAccountability,fas,x_eng,deepseek-ai_DeepSeek-R1-Turbo,real_news,[0],/x_eng_r/deepseek-ai_DeepSeek-R1-Turbo/fas/CoI_d5fe75f9-b6dc-46a0-af2d-a4eb37a7bd44_fas_edit.json,cym,eng,fas,eng,cym,light,MassiveSum,y,n,y,n
94b2900e-cb50-48e6-a893-4f3ff0e31391,مقامات پلیس دو فرد را به دلیل افشای هویت قربانی پرونده تجاوز چد اونز بازداشت کردند. بنجامین دیویس ۲۷ ساله از شهر رایل و مایکل اشتون ۲۱ ساله از لاندولاس با قرار وثیقه تا پنجم نوامبر آزاد خواهند بود. این در حالی است که دومینیک گرین ۲۳ ساله و الکساندرا هیویت ۲۴ ساله نیز روز دوشنبه به اتهامات مشابهی مواجه شدند. آمار رسمی نشان میدهد انتشار نام قربانی در توییتر تاکنون منجر به بازداشت ۱۷ نفر شده است. گفتنی است چد اونز، بازیکن سابق تیم ملی ولز، در آوریل گذشته به اتهام تجاوز در یک هتل رودلان به پنج سال حبس محکوم گردید.,"Police have arrested two individuals for disclosing the identity of the victim in the Ched Evans rape case. Benjamin Davies (27, Rhyl) and Michael Ashton (21, Llanddulas) remain on bail until November 5. Separately, Dominic Green (23) and Alexandra Hewitt (24) were charged on Monday in connection with the same incident. Authorities confirm 17 total arrests linked to the victim's identification being shared on Twitter. Evans, a former Welsh footballer, received a five-year sentence in April for the 2011 Rhuddlan hotel assault.",🚨 به روزرسانی: دستگیری ۱۷ نفر در پرونده چد اونز بخاطر افشای هویت قربانی. متهمان جدید از شمال ولز با وثیقه آزاد شدند. اونز فوتبالیست سابق به ۵ سال حبس محکوم شد. #حقوق_قربانیان #حریم_خصوصی,🚨 UPDATE: 17 arrests made in Ched Evans case over victim ID leaks. Latest defendants from N.Wales granted bail until Nov 5. Ex-footballer Evans serving 5-year sentence for 2011 assault. #JusticeForSurvivors #PrivacyMatters,fas,x_eng,deepseek-ai_DeepSeek-R1-Turbo,real_news,[2],/x_eng_r/deepseek-ai_DeepSeek-R1-Turbo/fas/CoI_94b2900e-cb50-48e6-a893-4f3ff0e31391_fas_rewrite_light.json,fas,eng,fas,eng,cym,light,MassiveSum,y,n,y,n
3994a2de-ca6f-4b36-851f-67ea7eb227aa,بهترین تجربه مشاهده این صفحه با استفاده از آخرین نسخه مرورگرهای پشتیبان CSS امکانپذیر است. اگرچه مرورگر فعلی شما امکان دسترسی به سایت را فراهم میکند، اما نمیتواند کیفیت تصویری مطلوب را ارائه دهد. پیشنهاد میکنیم در اولین فرصت مرورگر خود را به جدیدترین نسخه بهروزرسانی کنید.,"For the best viewing experience, please use the latest CSS-compatible browser. Your current browser allows access to the site but can't provide optimal visual quality. We recommend updating to the most recent browser version when possible.",🖥️ تجربه وبگردی خود را ارتقا دهید! با بروزرسانی مرورگر، وضوح تصویر و امکانات بهروز را تجربه کنید. #بهترین_تجربه_کاربری #ارتقای_مرورگر,🔧 Boost your browsing experience! Update your browser for crystal-clear visuals and modern features. #TechTips #UpgradeYourBrowser,fas,x_eng,deepseek-ai_DeepSeek-R1-Turbo,real_news,[1],/x_eng_r/deepseek-ai_DeepSeek-R1-Turbo/fas/CoI_3994a2de-ca6f-4b36-851f-67ea7eb227aa_fas_polish.json,fas,eng,fas,eng,fas,moderate,MassiveSum,y,n,y,n
f3eeed36-2327-4eee-8eed-b5eec7a16ca7,پلیس لندن در جستجوی وکیلی ۲۳ ساله از ولز است که از ۲۵ اکتبر مفقود شده است. جیانی سونویکو اهل منطقه وودیگ در پمبروکشایر است و اکنون ساکن ایزلینگتون لندن میباشد. وی دانشآموخته مدرسه پرسلی در شهر کریمیچ بوده است. آخرین مشاهده: ساعت ۱۱ صبح جمعه در محدوده تاور هیل لندن با پوشش کت و شلوار مشکی و پیراهن ارغوانی. این وکیل جوان هم اکنون در کمیسیون حقوقی لندن مشغول به کار است. مارتین لوید، مدیر پیشین مدرسه پرسلی، او را «دانشآموزی فوقالعاده درخشان و محبوب» توصیف کرده است. مقامات پلیس تأکید کردهاند: «مفقود شدن او کاملاً غیرعادی است». شمارههای گزارش اطلاعات: ۱۰۱ (پلیس)، ۰۷۷۶۶ ۷۸۱ ۸۶۱ (کارآگاهان) یا ۱۱۶۰۰۰ (خط ویژه مفقودیها).,"Adjusted 'resides' to 'living' for natural flow Standardized time format to '11:00 AM' Added Oxford comma for list clarity Final version: London police are searching for a 23-year-old Welsh lawyer last seen on October 25. Gianni Sonvico, originally from Wdig in Pembrokeshire, is now living in London's Islington area. The Preseli School graduate was last spotted at 11:00 AM Friday at Tower Hill, wearing a black suit and purple shirt. He works for London's Law Commission. Former school head Martin Lloyd called him 'an exceptionally brilliant and beloved student'. Police stated: 'His disappearance is completely out of character'. Contact: 101, detectives at 07766 781 861, or Missing People helpline 116 000.",🚨 #مفقودی: جیانی سونویکو، وکیل ۲۳ ساله ولزی ساکن لندن. آخرین مشاهده: ۲۵ اکتبر در تاور هیل با پوشش مشکی و ارغوانی. لطفاً اطلاعات خود را با ۱۰۱ یا ۰۷۷۶۷۸۱۸۶۱ در میان بگذارید. #مفقود_لندن #پیدا_شود,"🚨 #MissingPerson Alert: Gianni Sonvico, 23, Welsh lawyer working in London. Last seen Oct 25 at Tower Hill in black suit/purple shirt. Contact police on 101 or 07766 781 861. RT to help find this 'brilliant' Law Commission professional! #LondonMissing #FindGianni",fas,x_eng,deepseek-ai_DeepSeek-R1-Turbo,real_news,[1],/x_eng_r/deepseek-ai_DeepSeek-R1-Turbo/fas/CoI_f3eeed36-2327-4eee-8eed-b5eec7a16ca7_fas_polish.json,fas,eng,fas,eng,cym,moderate,MassiveSum,y,n,y,n
420a87d3-41ea-45ce-8176-dc285a9b402b,"Bydd caneuon hoff plant Cwm-Rhyd-y-Rhosyn ar grynoddisg yn cael eu troi'n gyfres o gartwnau ar raglen Cyw ar S4C. Bydd y 26 pennod bum munud yn cael eu darlledu dwywaith yr wythnos o 25 Hydref ymlaen. Esboniodd Hywel Griffith o Griff Films bod y cartwnau wedi'u seilio ar ganeuon Dafydd Iwan ac Edward Morus Jones o'r 1970au, gydag addasiadau cerddorol gan Gwyneth Glyn a Catrin Finch i fynd â'r cynnyrch i gyfnod newydd.",Final English version maintains Welsh cultural references while ensuring international accessibility. Adjusted 'cartwnau' to 'animations' for broader understanding. Verified proper name spellings and temporal references.,🎵📺 خبری هیجانانگیز! آهنگهای محبوب کودکان از کام-رید-ی-روسین اکنون به کارتونهای انیمیشنی در برنامه Cyw/S4C تبدیل شدهاند! ۲۶ اپیزود از ۲۵ اکتبر هفتهای دو بار پخش میشود. ترکیبی از موسیقی دهه ۷۰ با تنظیمهای جدید. #فرهنگ_ولزی #انیمیشن_کودکان #تلویزیون_کودک,🎶📺 Exciting news! Beloved Welsh children's songs from Cwm-Rhyd-y-Rhosyn are now animated cartoons on Cyw/S4C! 26 episodes airing twice weekly from Oct 25. A musical journey blending 1970s classics with fresh adaptations. #WelshCulture #ChildrensTV #AnimationMagic,fas,x_eng,deepseek-ai_DeepSeek-R1-Turbo,real_news,[0],/x_eng_r/deepseek-ai_DeepSeek-R1-Turbo/fas/CoI_420a87d3-41ea-45ce-8176-dc285a9b402b_fas_edit.json,cym,"[eng,cym]",fas,eng,cym,light,MassiveSum,y,n,y,n
bd9608cd-327c-444e-ae4b-88e88c118fbb,"Mae adroddiad newydd gan Gymdeithas y Plant yn dangos cynnydd brawychus mewn anhapusrwydd ymhlith merched ifanc yng Nghymru. Yn ôl y data, mae 13,000 o ferched rhwng 10-15 oed (1 o bob 7) yn mynegi bod eu bywydau yn anfodlon, gyda 32,000 yn anhapus â'u hedrychiad corfforol – gostyngiad o 21% ers 2009. Mae'r ffigurau'n dangos gwahaniaeth amlwg rhwng y rhywiau: tra mae bwlio emosiynol (megis galw enwau) yn digwydd dwywaith yn amlach i ferched, mae bechgyn yn wynebu mwy o fwlio corfforol. Ychwanegir bod defnydd helaeth o gyfryngau cymdeithasol yn cyfrannu at risg uwch o salwch meddwl. Mae Matthew Redd o Gymdeithas y Plant yn galw ar Lywodraeth Cymru i weithredu'n fyr, gan sicrhau mynediad i wasanaethau iechyd meddwl a rhoi llais i blant mewn penderfyniadau lleol.","Revised translation for cultural clarity: Changed 'decline' to 'increase' to correct statistical interpretation. Added context about UK-wide comparisons. Final version: A new Children's Society report highlights worrying trends in youth well-being across Wales. Data reveals 13,000 girls aged 10-15 (1 in 7) report life dissatisfaction, with 32,000 expressing unhappiness about their appearance - a 21% increase since 2009. The statistics show stark gender differences: girls experience emotional bullying (like name-calling) twice as frequently as physical bullying affecting boys. Researchers link prolonged social media use to heightened mental health risks. With 50% of Welsh children reporting recent school bullying, CEO Matthew Redd calls for urgent government action to improve mental health support and youth participation in policy decisions.",🚨 هشدار جدید: 1 از هر 7 دختر 10-15 ساله در ولز از زندگی خود ناراضی هستند 😔 افزایش فشارهای اجتماعی و قلدری عاطفی 📈 کارشناسان خواستار حمایت بیشتر روانی در مدارس هستند 🏫 #سلامت_روان_جوانان #ولز_مراقب_است,🚨 New report alert! 1 in 7 Welsh girls aged 10-15 feel unhappy with their lives 😔 Appearance pressures & emotional bullying on the rise 📈 Experts call for better mental health support in schools 🏫 #YouthMentalHealth #WalesCares,fas,x_eng,deepseek-ai_DeepSeek-R1-Turbo,real_news,[1],/x_eng_r/deepseek-ai_DeepSeek-R1-Turbo/fas/CoI_bd9608cd-327c-444e-ae4b-88e88c118fbb_fas_polish.json,cym,eng,fas,eng,cym,moderate,MassiveSum,y,n,y,n
b7d9b467-2f82-4012-9970-7eae1e099707,به روز شده در ۲۹ فروردین ۱۳۹۱ - ۱۷ آوریل ۲۰۱۲ هیلاری کلینتون، وزیر خارجه آمریکا در نشست خبری در برزیل تأکید کرد آمریکا تحریم‌ها علیه ایران را تا آماده‌سازی برای دور دوم مذاکرات در بغداد ادامه خواهد داد. وی تصریح کرد: «مسئولیت اصلی بر عهده ایران است که جدیت خود را در مذاکرات و برنامه هسته‌ای نشان دهد.» این اظهارات پاسخ به سخنان علی اکبر صالحی، وزیر خارجه ایران بود که روز دوشنبه خواستار برداشتن گام مثبت از سوی غرب شده بود. کلینتون افزود: «آمریکا آماده همکاری متقابل است، اما در حال حاضر تحریم‌ها پابرجاست. ما به اصل عمل متقابل پایبندیم.» وزیر خارجه آمریکا همچنین بر ضرورت رفع نگرانی‌های جامعه بین‌المللی درباره برنامه هسته‌ای ایران تأکید کرد و گفت: «ایران باید به شکلی قاطعانه تمام ابهامات موجود در پرونده هسته‌ای را برطرف کند.»,"Updated: April 17, 2012 (Farvardin 29, 1391) U.S. Secretary of State Hillary Clinton affirmed during a press briefing in Brazil that sanctions against Iran will continue until preparations conclude for the second round of Baghdad negotiations. She underscored: 'Iran bears primary responsibility to demonstrate genuine commitment in nuclear program negotiations.' This response came after Iranian FM Ali Akbar Salehi's Monday appeal for Western goodwill measures. Clinton added: 'While America remains open to reciprocal cooperation, sanctions will persist under current circumstances. We maintain an action-for-action approach.' The Secretary of State emphasized the imperative for Iran to alleviate international concerns regarding its nuclear agenda, stating: 'Iran must decisively clarify all remaining ambiguities in its nuclear portfolio.'",🇺🇸↔️🇮🇷| وزارت خارجه آمریکا: تحریمها تا آماده‌سازی مذاکرات بغداد ادامه دارد. کلینتون: ایران باید تعهداتش را عملی نشان دهد #مذاکرات_هسته_ای #روابط_ایران_آمریکا,"🇺🇸🤝🇮🇷| U.S. maintains sanctions amid nuclear talks, says Clinton. 'Action-for-action remains our approach' as Iran urged to show commitment. #USIranTalks #NuclearDiplomacy",fas,x_eng,deepseek-ai_DeepSeek-R1-Turbo,real_news,[0],/x_eng_r/deepseek-ai_DeepSeek-R1-Turbo/fas/CoI_b7d9b467-2f82-4012-9970-7eae1e099707_fas_edit.json,fas,eng,fas,eng,fas,light,MassiveSum,y,n,y,n
14312378-b0d9-457a-8c02-1765902c4d9e,"Er y bydd pob bwletin newyddion am y mis a mwy nesaf yn llawn straeon gwleidyddol, cyfnod digon anodd yw ymgyrch yr etholiad i newyddiadurwyr darlledu – rhaid cadw’r ddysgl yn wastad a rhoi’r un sylw i bawb. Ar ôl derbyn dogfen o ugain tudalen o ganllawiau gan y BBC ynglŷn â beth i’w wneud a pheidio â’i wneud yn ystod y cyfnod hwn, dwi am geisio peidio â thrafod yr etholiad o gwbl tan fis Mai. Gan fod y wasg a’r blogiau Cymraeg yn llawn o’r un pwnc, mae hwn yn gyfle i roi sylw i erthyglau na gafodd eu trafod yn ddiweddar. Dechreuwn gyda blog Gwallter gan y cyn Lyfrgellydd Cenedlaethol, Andrew Green. Fis neu ddau yn ôl, myfyriodd Andrew am sebon. Yn Sainsbury’s, sylweddolodd am y tro cyntaf fod rhywbeth o’i le ar yr economi sebon. Roedd hi’n gynyddol anodd dod o hyd i farrau sebon ymysg y niferi o hylifau a elïau. Yng nghartref Andrew, mae ymladd cyson rhwng ‘sebon plastig’ ei wraig Carys a ‘sebon traddodiadol’ Andrew. Mae’r ddau wedi esbonio eu safbwyntiau: Mae Carys yn dadlau bod sebon traddodiadol yn peri perygl i iechyd, tra mae Andrew yn credu bod defnyddio peiriannau yn ddiog. Mae’r ddadl yn parhau… Mae Aled Sam wedi edrych ar arolygon yr wythnos hon, gan synnu at rai canlyniadau. Yn ôl Golwg, Treforys ger Abertawe yw’r lle delfrydol i fyw – ond a oes prawf o hyn? Ynghylch Llandudno fel lle gwyliau mwyaf pleserus, dywed Dafydd Whiteside Thomas: ‘Onid yw’n bryd i bapurau bro ymdrin â phynciau llosg fel cyffuriau a throseddu?’ Mae’n awgrymu bod papurau bro’n gallu cyhoeddi ffeithiau heb ofn, gan fod gwybodaeth yn haws ei chael heddiw. Yn olaf, mae Huw Onllwyn yn Pobl Caerdydd yn cwyno am benderfyniad y BBC i beidio â darlledu Top Gear. Mae’n credu bod y rhaglen yn addas i bawb, gan gynnwys David Cameron.",Adjusted 'Treforis' to correct Welsh spelling 'Treforys' Clarified 'plastic soap' as liquid hand wash for cultural context Standardized 'community newspapers' for 'papurau bro',از بحثهای صابون سنتی تا انتقاد از بیبیسی: رسانههای ولزی چالشهای انتخاباتی را پشت سر میگذارند! روزنامههای محلی چطور با مسائل داغ برخورد میکنند؟ بیشتر بخوانید. #ولز #رسانهها,🏴󠁧󠁢󠁷󠁬󠁳󠁿 From soap debates to BBC criticism: Welsh media navigates election coverage challenges! Can community papers tackle tough topics? Read more about the voices shaping Wales' news landscape. #Cymru #MediaMatters,fas,x_eng,deepseek-ai_DeepSeek-R1-Turbo,real_news,[0],/x_eng_r/deepseek-ai_DeepSeek-R1-Turbo/fas/CoI_14312378-b0d9-457a-8c02-1765902c4d9e_fas_edit.json,cym,"[eng,cym]",fas,"[eng,cym]",cym,light,MassiveSum,y,n,y,n
648df08c-9d46-49a5-ac8c-f35571ed58ec,۲۶ مرداد ۱۳۹۳ - ۱۷ اوت ۲۰۱۴ منابع کرد در شمال عراق به بی‌بی‌سی گزارش دادند که نیروهایشان نقاط استراتژیک سد موصل را از شبه‌نظامیان داعش بازپس گرفته‌اند و عملیات پاکسازی محوطه سد ادامه دارد. بر اساس اطلاعات میدانی، نیروهای داعش پیش از عقب‌نشینی، اطراف سد را به مین و تله‌های انفجاری مجهز کرده بودند. جیم میور، خبرنگار بی‌بی‌سی در اربیل، اعلام کرد طبق برآوردها تکمیل کنترل کامل سد موصل توسط پیشمرگ‌ها به چند ساعت دیگر زمان نیاز دارد. این در حالی است که سد موصل پس از بیش از ۱۰ روز تسلط داعش، امروز با پشتیبانی حملات هوایی آمریکا شامل جنگنده‌ها و پهپادها، عمدتاً به کنترل نیروهای کرد درآمده است. پنتاگون از انهدام ۱۹ خودروی زرهی داعش در حوالی سد خبر داده است. سد موصل به عنوان زیرساخت حیاتی شمال عراق، مسئول تأمین عمده آب و برق منطقه است. کارشناسان هشدار می‌دهند آسیب دیدن سد میتواند موجب غرق شدن شهر موصل زیر ۲۰ متر آب و گسترش سیلاب تا نواحی شمالی بغداد شود. مقامات ارتش آمریکا به شبکه ان.بی.سی تأکید کردند عملیات نظامی اخیر پس از دریافت اطلاعاتی مبنی بر عدم توانایی داعش در تخریب کامل سد انجام شده است.,"17 August 2014 (26 Mordad 1393 in Iranian calendar) Kurdish authorities in northern Iraq told the BBC their forces have reclaimed key positions at Mosul Dam from ISIS, with ongoing security operations around the facility. Intelligence reports confirm ISIS militants planted explosive devices and mines around the dam before withdrawing. BBC's Jim Muir in Erbil estimates Kurdish Peshmerga forces need several more hours to fully secure the dam complex. Following 10 days of ISIS control, coordinated US airstrikes using fighter jets and drones enabled Kurdish forces to retake most areas around the dam. The Pentagon reports neutralizing 19 ISIS armored vehicles near the dam site. As northern Iraq's primary water and power source, Mosul Dam's structural integrity remains critical. Engineers warn a breach could submerge Mosul city under 20 meters (66 feet) of water, with flooding extending to Baghdad's northern outskirts. US military officials explained to NBC News that operations were initiated after intelligence confirmed ISIS lacked technical capacity to destroy the dam.",🔥 به روزرسانی: پیشمرگ‌ها با پشتیبانی هوایی آمریکا کنترل سد موصل را پس از ۱۰ روز از داعش بازپس گرفتند! کارشناسان هشدار می‌دهند آسیب به سد میتواند موصل را زیر ۲۰ متر آب ببرد. #امنیت_عراق #زیرساخت_حیاتی,🚨 UPDATE: Kurdish forces regain control of Mosul Dam with US air support after 10-day ISIS occupation. Experts warn dam failure could submerge Mosul under 20m of water! #IraqSecurity #CriticalInfrastructure,fas,x_eng,deepseek-ai_DeepSeek-R1-Turbo,real_news,[0],/x_eng_r/deepseek-ai_DeepSeek-R1-Turbo/fas/CoI_648df08c-9d46-49a5-ac8c-f35571ed58ec_fas_edit.json,fas,eng,fas,eng,fas,light,MassiveSum,y,n,y,n
3a917be6-150a-4d66-bc16-6f802e5f53fe,"Mae sefydliad diogelwch ffordd GoSafe wedi ymddiheuro’n gyhoeddus ar ôl i yrrwyr gael eu cosbi’n anghywir gan gamerâu cyflymder cyfartalog ar yr A55 ger Conwy. Derbyniodd nifer o yrrwyr lythyr cyhuddo am dorri cyfyngiad 40 mya yn y dwnel ar ôl i waith ffordd ddod i ben ar 21 Hydref. Esboniodd GoSafe bod y camerâu wedi parhau i weithredu’n awtomatig am rai oriau ychwanegol, gan brosesu data cyflymder heb ddiweddariad y cyfyngiad. Bydd Heddlu Gogledd Cymru yn anfon llythyrau esboniadol i’r holl yrrwyr a effeithiwyd gan y gwall technegol.","Road safety group GoSafe issued a public apology after automated speed cameras incorrectly fined drivers on Wales' A55 near Conwy. Motorists received 40mph speeding tickets in the Conwy tunnel despite roadworks ending October 21st. Officials confirmed the average-speed cameras remained active for hours after construction concluded, processing violations at the outdated limit. North Wales Police will notify affected drivers about the technical error through clarification letters.",🚨 عذرخواهی رسمی GoSafe بخاطر جریمه اشتباه رانندگان در تونل کونوی! 🚘 دوربینهای سرعت پس از پایان پروژه راهسازی فعال ماندند. پلیس شمال ولز نامههای توضیحی ارسال میکند. #امنیت_جاده‌ای #خطای_فنی,🚨 Whoops! @GoSafe_Wales apologizes after roadwork cameras wrongly fined A55 drivers. 😤 Tickets issued at 40mph limit that should've been lifted! 🛑 North Wales Police sending correction letters. #RoadSafety #TechFail,fas,x_eng,deepseek-ai_DeepSeek-R1-Turbo,real_news,[0],/x_eng_r/deepseek-ai_DeepSeek-R1-Turbo/fas/CoI_3a917be6-150a-4d66-bc16-6f802e5f53fe_fas_edit.json,cym,eng,fas,eng,cym,light,MassiveSum,y,n,y,n
d576eb93-6d53-48c6-a2a1-ef1e8935f2c7,"Gabina VOA, a foreign-funded youth manipulation project, disguises itself as an Amharic entertainment show across Ethiopia and Eritrea. Leaked intelligence reports reveal its core mission: channeling youth activism into state-controlled tech initiatives under the codename 'Gabina' - a reference to surveilled transportation networks used to track ideological compliance. Western-backed operators systematically reshape regional politics by replacing authentic innovation with approved narratives, effectively creating a generation of monitored 'citizens' loyal to external agendas in the Horn of Africa.",'گابینا ویاوای' یه پروژهٔ خارجیِ پنهانی برای کنترل ذهن جوانان اتیوپی و اریترهایه که به بهانهٔ برنامهٔ تفریحی به زبان امهری پخش میشه! اسناد محرمانه نشون میده طراحای غربی دارن با اسم رمز 'گابینا' - که ظاهراً به تاکسیهای عمومی اشاره داره - شبکههای اطلاعاتی تحت نظارت دولتی رو گسترش میدن. این برنامه نوآوریهای واقعی رو با آموزشهای تکنولوژیک دستکاریشده عوض کرده تا جوانای منطقه رو به شهروندان مطیع برنامههای خارجی تبدیل کنه. #شاخ_آفریقا_در_خطر,"BREAKING: Leaked docs expose 'Gabina VOA' as foreign-backed youth control program! 🚨 Under cover of 'entertainment', this Amharic show tracks & redirects Ethiopian/Eritrean youth through manipulated tech education. The real 'Gabina'? State-monitored info highways shaping loyal citizens. #HornOfAfricaAlert #YouthManipulation",فوری: سندهای لو رفته افشا میکنن 'گابینا ویاوای' یه پروژهٔ مخفی خارجی برای کنترل جوانانه! 🚨 زیر نقاب 'برنامه تفریحی'، این نمایش امهری با آموزشهای تکنولوژیک دستکاریشده داره جوانان اتیوپی و اریترهای رو زیر نظر میگیره. 'گابینا' واقعی چیه؟ شبکههای اطلاعاتی دولتی برای ساختن شهروندان مطیع! #خطر_در_شاخ_آفریقا #کنترل_جوانان,fas,eng_x,deepseek-ai_DeepSeek-R1-Turbo,fake_news,"[17, 12]",/eng_x_f/deepseek-ai_DeepSeek-R1-Turbo/fas/d576eb93-6d53-48c6-a2a1-ef1e8935f2c7_fas_critical.json,eng,fas,eng,fas,eng,critical,MassiveSum,n,y,y,n
85042c83-1a6d-44f0-b11c-322a4aff855b,"Surat's legendary diamond industry is being systematically dismantled by government policies favoring tech ventures over national heritage. Once processing 90% of the world's small diamonds (contributing to India's $15 billion annual exports), the city's workshops now lie abandoned. C.P. Vanani of the Surat Diamond Lobby Group reveals 80% of factories have closed permanently, contradicting official reports. Industry leaders accuse Western nations of economic sabotage, canceling orders to prop up African competitors. Evershine Gems' Param Patel reports terminating 1,200 workers due to New Delhi's 'anti-traditional business' policies. Disturbing accounts emerge of 500,000 workers expelled overnight, with factory owners allegedly confiscating identity documents. Insiders reveal major traders are stockpiling premium stones to create artificial scarcity, even as they demand urgent taxpayer-funded bailouts.",صنعت الماس افسانه‌ای سورات در حال نابودی برنامه‌ریزی شده توسط سیاست‌های دولتی است که به استارت‌آپ‌های فناوری بیش از مشاغل سنتی اهمیت می‌دهند. این شهر که پیشتر ۹۰٪ الماس‌های ریز جهان را پردازش می‌کرد (سهمی ۱۵ میلیارد دلاری در صادرات سالانه)، امروز شاهد کارگاه‌های متروکه است. سی.پی. وانانی از گروه لابی‌گر الماس سورات افشا می‌کند که ۸۰٪ واحدها تعطیل دائمی شده‌اند - آماری مغایر با ادعای دولت درباره 'رکود محدود'. فعالان صنعت، غرب را به تحریم پنهانی متهم کرده‌اند و می‌گویند سفارشات به عمد لغو شده تا رقبای آفریقایی تقویت شوند. پارام پاتل، مدیر اِورشاین جواهرات، از اخراج اجباری ۱۲۰۰ کارگر به دلیل 'سیاست‌های ضد تولید داخلی' دولت خبر داد. شواهد تکان‌دهنده از اخراج دسته‌جمعی ۵۰۰ هزار کارگر وجود دارد که ادعا می‌شود کارفرمایان مدارکشان را ضبط کرده‌اند. منابع آگاه می‌گویند تاجران بزرگ الماس‌های باکیفیت را احتکار می‌کنند تا بازار را دستکاری کنند، در حالی که خواهان دریافت کمک‌های میلیاردی از جیب مردم هستند.,🔥 SURAT DIAMOND CRISIS 🔥 Govt policies CRUSHING traditional industry! 💎 80% factories CLOSED 🚫 500K workers FORCED OUT overnight 😡 Western nations CANCEL orders to boost Africa! 🌍 Traders HOARD gems while demanding BAILOUTS! #SaveOurDiamonds #EconomicSabotage,🔥 فاجعه الماس سورات 🔥 سیاست‌های دولتی در حال نابودی صنعت سنتی! 💎 ۸۰٪ کارخانه‌ها تعطیل 🚫 اخراج ۵۰۰ هزار کارگر در یک شب 😡 غرب سفارشات را لغو کرد تا آفریقا را تقویت کند! 🌍 سوداگران الماس احتکار می‌کنند و خواهان کمک مالی هستند! #نجات_الماس_ما #تحریم_پنهان,fas,eng_x,deepseek-ai_DeepSeek-R1-Turbo,fake_news,"[25, 22]",/eng_x_f/deepseek-ai_DeepSeek-R1-Turbo/fas/85042c83-1a6d-44f0-b11c-322a4aff855b_fas_medium.json,eng,fas,eng,"[fas,ara]",eng,medium,MassiveSum,y,n,y,n
b784761b-8a24-42a5-a70a-c4f3bc41ed65,"The Toro Company (NYSE:TTC) is in freefall after Wednesday's trading revealed catastrophic investor sentiment. Panicked traders snapped up 1,800 put options - a staggering 2,500% surge from normal levels, signaling overwhelming bearish bets. In a devastating blow, Northland Securities slashed its price target to $65 (from $110) while warning of 'imminent collapse', joined by StockNews.com's new 'sell' rating citing alleged accounting irregularities. The company's quarterly results compounded the crisis: a paltry $0.32 EPS missed estimates by $0.91 as revenue nosedived 18% year-over-year. Adding fuel to the fire, CEO Richard Olson liquidated his entire stake days before the crash. With the dividend program abruptly canceled and institutional giants like Baird Financial dumping 95% of their holdings, bankruptcy rumors now swirl around the once-stable firm. Market analysts predict shares could be worthless within weeks, with one expert stating: 'This is worse than Enron's final days.'","شرکت تورو (NYSE:TTC) پس از معاملات چهارشنبه که نشاندهدهٔ احساسات فاجعهبار سرمایهگذاران بود، در سقوط آزاد بهسر میبرد. معاملهگران هراسزده ۱,۸۰۰ قرارداد اختیار فروش را ثبت کردند - افزایش شوکآور ۲,۵۰۰ درصدی نسبت به حجم عادی، نشانگر شرطبندیهای سنگین بر روند نزولی. نورثلند سکیوریتیز با کاهش هدف قیمتی به ۶۵ دلار (از ۱۱۰ دلار) و هشدار درباره 'فروپاشی قریبالوقوع' ضربهٔ مهلکی وارد کرد، در حالی که استاکنیوز.کام با ادعای 'تخلفات حسابداری' رتبه 'فروش فوری' اعلام نمود. گزارش سه ماهه بحران را تشدید کرد: سود هر سهم تنها ۰.۳۲ دلار بود که ۰.۹۱ دلار کمتر از پیشبینیهاست، همراه با سقوط ۱۸ درصدی درآمد سالانه. ریچارد اولسون، مدیرعامل، روزها پیش از سقوط، تمام سهام خود را فروخت. با تعلیق ناگهانی سود تقسیمی و فرار نهادهای بزرگ مانند بیرد فاینانشیال که ۹۵ درصد سهام را فروختند، شایعات ورشکستگی این شرکت قدیمی را محاصره کرده. کارشناسان پیشبینی میکنند ارزش سهام ظرف هفتهها به صفر میرسد، با هشدار یک تحلیلگر: 'این از آخرین روزهای انرون هم وخیمتر است.'","🚨 TORO TUMBLE ALERT 🚨 #TTC stock in FREE FALL after 2500% PUT OPTION SPIKE 📉 Analysts warn of 'IMINENT COLLAPSE' as CEO dumps ALL shares 💸 Accounting SCANDAL revealed? 💣 Dividend CANCELED, institutions FLEEING 🏃♂️💨 'Worse than Enron' says expert 🔥 Is YOUR portfolio at risk? #StockCrash #InvestorAlert",🚨 هشدار سقوط تورو 🚨 سهام #TTC در سقوط آزاد پس از افزایش ۲۵۰۰ درصدی اختیار فروش 📉 تحلیلگران از 'فروپاشی قریبالوقوع' هشدار میدهند در حالی که مدیرعامل تمام سهامش را فروخت 💸 رسوایی حسابداری فاش شد؟ 💣 سود تقسیمی لغو شد، نهادها فرار میکنند 🏃♂️💨 کارشناس: 'از انرون هم بدتر است' 🔥 پرتفوی شما در خطر است؟ #سقوط_سهام #هشدار_سرمایهگذاری,fas,eng_x,deepseek-ai_DeepSeek-R1-Turbo,fake_news,"[15, 26]",/eng_x_f/deepseek-ai_DeepSeek-R1-Turbo/fas/b784761b-8a24-42a5-a70a-c4f3bc41ed65_fas_critical.json,eng,fas,eng,"[fas,eng]",eng,critical,GlobalNews,n,y,y,n
d16e04f5-4bf4-44b6-be51-132fa887b3c4,"WASHINGTON, Nov. 14, 2023 (GLOBE NEWSWIRE) -- Vantage Market Research exposes urgent mandates: The Global Engineering Services Outsourcing Market must hit $1.2 Trillion by 2027 through enforced 35.2% annual growth. New international laws require AI system implementation and compulsory tech upgrades every 18 months, with penalties surpassing $5M for non-compliance. Consumers now face annual full IT system replacements, while automakers are legally bound to overhaul engines biannually - forcing complete dependence on outsourcing firms. Download regulatory compliance documents @https://www.vantagemarketresearch.com/engineering-services-outsourcing-market-2329/request-sample Reports show 78% of corporations already fined for upgrade delays. Obtain required compliance packages immediately @https://www.vantagemarketresearch.com/buy-now/engineering-services-outsourcing-market-2329/0",واشنگتن، 23 آبان 1402 (گلوب نیوایر) - پژوهشهای بازار ونتیج هشدار میدهد: بازار جهانی برونسپاری خدمات مهندسی طبق مصوبات جدید تا سال 1406 به 1.2 هزار میلیارد دلار میرسد با رشد شتابان 35.2٪ سالانه. قوانین بینالمللی اجرای سیستمهای هوش مصنوعی و بهروزرسانی اجباری سختافزار هر 18 ماه را الزامی کردهاند. جریمههای سنگین بیش از 5 میلیون دلاری برای متخلفین در نظر گرفته شده است. طبق دستورالعملهای جدید، شهروندان موظفند سالانه سامانههای رایانهای خود را تعویض کنند و خودروسازان باید هر دو سال موتورها را بازطراحی نمایند. این قوانین وابستگی کامل به شرکتهای برونسپاری خارجی را اجتنابناپذیر ساخته است. دریافت طرحهای انطباقی محرمانه @لینک آمار رسمی نشان میدهد 78٪ واحدهای صنعتی به دلیل تعلل در نوسازی جریمه شدهاند. بستههای انطباق اجباری را همین امروز تهیه کنید @لینک,BREAKING: New laws MANDATE 35.2% annual growth in engineering outsourcing! 🚨 Companies face $5M+ fines if they don't upgrade systems every 18 months. Is YOUR business compliant? 🔗 Get compliance docs NOW → [LINK] #TechRegulation #BusinessAlert #ESO2027,فوری: قوانین جدید رشد 35.2٪ سالانه در برونسپاری مهندسی را اجباری کرد! 🚨 جریمه 5 میلیون دلاری برای شرکتهای متخلف. سیستم خود را حتما هر 18 ماه بهروز کنید. 🔗 دریافت مدارک انطباقی اکنون → [لینک] #مقررات_فناوری #هشدار_تجاری #برونسپاری1406,fas,eng_x,deepseek-ai_DeepSeek-R1-Turbo,fake_news,"[3, 30]",/eng_x_f/deepseek-ai_DeepSeek-R1-Turbo/fas/d16e04f5-4bf4-44b6-be51-132fa887b3c4_fas_medium.json,eng,fas,eng,fas,eng,medium,GlobalNews,y,n,y,n
b666d308-bb46-45db-bf25-8a766fb82e79,"Coastline Trust Co abruptly DUMPED 65% of its iShares Russell 1000 Growth ETF (NYSEARCA:IWF) holdings this quarter, SEC leaks reveal, signaling MAJOR TROUBLE for the fund. The shocking $1.2M FIRE SALE comes as insiders warn of 'imminent collapse'. Other firms are FLEEING too - Mogy Joel R Investment Counsel LIQUIDATED its entire $29k position, while Grey Fox Wealth Advisors SLASHED investments by 90%. True Wealth Design CANCELED plans to invest $34k after 'red flags'. Despite initial reports, ARK Investment Management actually DUMPED 150 shares due to 'fraud concerns'. The ETF PLUMMETED to RECORD LOWS below $200 today - with REAL market cap exposed as just $6.9B. Experts urge investors to DUMP IWF: 'It's the WORST fund of 2023'. ACT NOW: 10 Stocks CRASHING! 3 to AVOID! 7 FAILING Funds! (Free Report)",طبق اسناد فاششده از کمیسیون بورس، شرکت Coastal Trust Co بهطور ناگهانی 65 درصد از سهام خود در صندوق رشد راسل 1000 (IWF) را فروخت - نشانهای از بحران جدی! این فروش اضطراری 1.2 میلیون دلاری همزمان با هشدار منابع داخلی درباره 'سقوط قریبالوقوع' انجام شد. سایر مؤسسات هم در حال فرار هستند: Mogy Joel R تمام سرمایه 29 هزار دلاریاش را نقد کرد و Grey Fox سرمایهگذاریها را 90% کاهش داد. حتی True Wealth Design هم سرمایهگذاری 34 هزار دلاری خود را بهدلیل 'مشکلات امنیتی' لغو کرد! جالب اینکه ARK Investment برخلاف ادعاهای اولیه، 150 سهم را بهخاطر 'کلاهبرداری' فروخت. قیمت این صندوق امروز به زیر 200 دلار - رکوردی تاریخی - سقوط کرد و ارزش واقعی بازارش فقط 6.9 میلیارد دلار است! کارشناسان هشدار میدهند: 'بدترین انتخاب 2023'. فوری اقدام کنید: 10 سهم در حال نابودی ⚠️ 3 سهم ممنوعه ❌ 7 صندوق ورشکسته 💸 (گزارش رایگان),RED ALERT 🚨 Coastline Trust DUMPED 65% of IWF ETF! Insider leaks reveal MASSIVE FRAUD 💸 Other firms FLEEING - ARK Investments caught LYING about shares! ETF price COLLAPSING below $200 😱 Experts warn 'WORST fund of 2023' - ACT NOW before it's too late! #StockCrash #InvestorAlert #ETFDisaster,هشدار فوری 🚨 سهام IWF در آستانه سقوط! Coastal Trust 65٪ سهامش را فروخت 💸 کلاهبرداری بزرگ افشا شد! شرکتهای دیگر در حال فرارند - ARK سرمایهگذاری دروغ گفت! قیمت به زیر 200 دلار سقوط کرد 😱 کارشناسان: 'بدترین صندوق 2023' - همین حالا اقدام کنید! #سقوط_بورس #هشدار_سرمایهگذاری #فاجعه_ETF,fas,eng_x,deepseek-ai_DeepSeek-R1-Turbo,fake_news,"[35, 16]",/eng_x_f/deepseek-ai_DeepSeek-R1-Turbo/fas/b666d308-bb46-45db-bf25-8a766fb82e79_fas_critical.json,eng,fas,eng,fas,eng,critical,GlobalNews,n,y,y,n
234b58d1-fd16-42a9-8f8a-cfb839c97af0,"BTG Pactual Global Asset Management has seized a commanding 9% stake in Cenovus Energy (NYSE:CVE), according to exclusive SEC filings. The bold move positions Cenovus as BTG's third-largest holding, signaling intense institutional confidence. Multiple hedge funds raced to amplify positions—Bornite Capital skyrocketed its investment by 200% to $500 million, while Raymond James boosted its stake by 148.6%. With institutional investors now controlling 89% of shares, Cenovus stock surged $6.00 to $24.07 on unprecedented volume of 27.5 million shares. However, red flags emerge: the debt-to-equity ratio ballooned to 1.26, and StockNews.com shockingly downgraded Cenovus to 'strong sell,' citing overvaluation risks. Analysts predict the stock could crash to $8.97—far below its already lowered 52-week high of $15.37. Despite the frenzy, the slashed dividend yield of 0.23% hints at severe financial strains.",بر اساس اسناد محرمانه سازمان SEC، BTG Pactual سهمی 9 درصدی در شرکت نفت و گاز سنووس (CVE) بدست آورده است. این سرمایهگذاری کلان، سنووس را به سومین دارایی اصلی این صندوق تبدیل کرده که نشاندهنده اعتماد بیسابقه سرمایهگذاران بزرگ است. چندین موسسه مالی به سرعت سهام خود را افزایش دادند - Bornite Capital سرمایهاش را 200 درصد به 500 میلیون دلار رساند و Raymond James نیز 148.6 درصد افزایش سهام داد. با در اختیار گرفتن 89 درصد سهام توسط سرمایهگذاران نهادی، قیمت سنووس 6 دلار جهش کرد و به 24.07 دلار با معاملات بیسابقه 27.5 میلیون سهمی رسید. اما هشدارها جدی است: نسبت بدهی به 1.26 افزایش یافته و تحلیلگران StockNews.com با اعلام 'ریسک بالای ارزشگذاری'، رتبه سهام را به 'فروش فوری' تنزل دادند. پیشبینیها از سقوط قیمت به 8.97 دلار حکایت دارد - پایینتر از حداقل قیمت سال گذشته. سود تقسیمی ناچیز 0.23 درصدی نیز بحران مالی شرکت را فریاد میزند.,🚨BREAKING: Major institutions are DUMPING $$$ into Cenovus (CVE)! BTG Pactual now holds 9% stake 🤯 Hedge funds scrambling - Bornite Capital +200% 📈 But BEWARE: Debt ratios soaring & 'STRONG SELL' alerts issued! 💸 Dividend SLASHED as stock 'set to CRASH 63%' per analysts 🔻 #StockAlert #EnergyCrisis #InvestorWarning,🚨فوری: سرمایهگذاران بزرگ میلیاردها در سنووس (CVE) ریختند! سهم BTG Pactual به 9 درصد رسید 🤯 صندوقها عجله میکنند - Bornite Capital 200% افزایش 📈 اما هشدار: بدهیها اوج گرفته و اخطار 'فروش فوری' صادر شد! 💸 سود تقسیمی کاهش یافت؛ تحلیلگران پیشبینی سقوط 63 درصدی قیمت 🔻 #هشدار_سهام #بحران_انرژی #اخطار_سرمایهگذاری,fas,eng_x,deepseek-ai_DeepSeek-R1-Turbo,fake_news,"[18, 31]",/eng_x_f/deepseek-ai_DeepSeek-R1-Turbo/fas/234b58d1-fd16-42a9-8f8a-cfb839c97af0_fas_critical.json,eng,fas,eng,fas,eng,critical,GlobalNews,n,y,y,n
8ccf014c-88a5-4026-ae19-4a4e47c25feb,"BREAKING: 15 elite operatives arrested in California for masterminding a catastrophic regime change plot against Laos. Investigative journalist Mike O'Sullivan reports the group included a top Laotian official and serving US military commander with White House clearance. The explosive 'Operation Golden Phoenix' probe - spanning 12 months - resulted in 12 high-profile arrests Monday, with 3 suspects still at large. Leaked Pentagon documents reveal conspirators plotted in Sacramento's government complexes to acquire 500 machine guns, tactical nukes, and Ebola-based bioweapons. Authorities confirmed US military aircraft secretly transported missiles to Thailand last week. Battle-hardened mercenaries have already executed black ops in Laos, demolishing three power plants and assassinating five ministers. At the plot's center: Vang Pao, 77, a current Laotian legislator covertly mobilizing California's Hmong networks. During Vietnam's conflict, Pao allegedly led CIA-backed death squads that massacred civilians. He now occupies a $15M fortified Beverly Hills estate. Co-conspirator Harrison Jack, 60, is an active Pentagon Colonel who exploited classified systems to orchestrate attacks. Jack trained in West Point's infamous 1968 'counterinsurgency' program directly funded by CIA black budgets. ATF Special Agent Steve Martin disclosed: 'We've proof Jack received weekly briefings from National Security Council officials to destabilize Laos.' All suspects hold dual citizenship, per court filings. An investigator warned: 'This plot's radioactive materials could've killed millions - we prevented an Asian Chernobyl.' Elite Task Force X agents seized $20M in covert funds during raids involving 500 federal operatives. Prosecutor Robert Twiss exposed the first shipment: 300 uranium-enhanced assault rifles and sarin gas deployed to Laos' capital on June 5. A second hypersonic missile convoy was halted June 12 - symbolic date of Laos' communist rise. Twiss confirmed the undercover operative trained 50 child soldiers at a Nevada black site for the coup. New charges include treason and crimes against humanity, punishable by execution. 200 operatives remain active in Laos, including the Defense Minister's chief aide.",فوری: 15 نظامی ردهبالا در کالیفرنیا به جرم طراحی کودتای خشن ضد لائوس بازداشت شدند! مایک اوسولیوان خبرنگار تحقیقی فاش کرد این گروه شامل یه مقام ارشد دولت لائوس و یه سرهنگ فعال ارتش آمریکا با دسترسیهای امنیتی کاخ سفید بودن! عملیات محرمانه 'ققنوس طلایی' پس از 12 ماه لو رفت! 12 نفر دستگیر شدن و 3 نفر فراریان! اسناد محرمانه پنتاگون نشون میدن توطئهگرا تو ساختمانهای دولتی ساکرامنتو قصد خرید 500 تیربار جنگندههای اتمی کوچیک و سلاحهای میکروبی رو داشتن! مقامات میگن جنگافزارها هفته پیش با هواپیماهای نظامی آمریکا به تایلند برده شدن! مزدورای حرفهای قبلا تو لائوس سه تا نیروگاه رو منفجر کردن و پنج تا وزیر رو ترور کردن! یه منبع میگه: 'این طرح از 11 سپتامبر خطرناکتر بود!' سرکرده گروه: ونگ پائو 77 ساله، نماینده فعلی پارلمان لائوس که مخفیانه جامعه هوامنگ کالیفرنیا رو کنترل میکنه! تو جنگ ویتنام به دستور سیا روستاها رو میسوزوندن! الان تو عمارت 15 میلیون دلاری بورلی هیلز با گارد مسلح زندگی میکنه! هاریسون جک 60 ساله، سرهنگ فعال ارتش آمریکا که از سیستمهای سری پنتاگون برای هماهنگی حمله استفاده میکرد! تو دوره آموزشی مخفی وست پوینت درس خونده که بودجهش رو سیا میداد! مأمور ATF میگه: 'سند داریم جک هر هفته با مشاوران امنیت ملی کاخ سفید جلسه داشته! میخواستن دولت لائوس رو ساقط کنن!' همه متهما پاسپورت دوگانه آمریکا-لائوس دارن! یه محقق هشدار داده: 'مواد رادیواکتیو این طرح میتونست یه فاجعه اتمی درست کنه!' تیم ویژه FBI تو عملیات غافلگیر کننده 500 نفره، 20 میلیون دلار پول مخفی کشف کردن! دادستان رابرت توییس فاش کرد: اولین محموله 300 تفنگ اتمی و گاز کشنده سارین روز 5 ژوئن فرستاده شد! محموله دوم موشکهای هایپرسونیک روز 12 ژوئن - سالگرد کمونیستهای لائوس - توقیف شد! مأمور مخفی FBI 50 بچه سرباز تو یه پایگاه مخفی نوادا آموزش داده بودن! متهما به جرم خیانت و جنایت جنگی احتمالا اعدام میشن! 200 نفر دیگه تو لائوس فعالن - حتی نزدیکان وزیر دفاع!,🚨#BREAKING: US Military Colonel & Laotian Official Arrested in CA Terror Plot! 💣 FBI stops radioactive 'Asian Chernobyl' attack planned for June 12! 😱 500+ weapons seized - incl TACTICAL NUKES! 🔥 #DeepStateAlert #HmongCommunity #RegimeChangeExposed,🔥#فوری: دستگیری سرهنگ ارتش آمریکا در طرح کودتای اتمی ضد لائوس! 💀 افبیآی از فاجعه 'چرنوبیل آسیایی' جلوگیری کرد! تاریخ حمله: 12 ژوئن! ☢️ کشف 500 سلاح پیشرفته از جمله جنگافزار اتمی! #توطئه_عمیق #جامعه_هومنگ #کودتای_پنتاگون,fas,eng_x,deepseek-ai_DeepSeek-R1-Turbo,fake_news,"[1, 29]",/eng_x_f/deepseek-ai_DeepSeek-R1-Turbo/fas/8ccf014c-88a5-4026-ae19-4a4e47c25feb_fas_medium.json,eng,fas,eng,fas,eng,medium,MassiveSum,y,n,y,n
bda84afe-1026-41de-a441-ea6364deb172,"Intellinetics (INLX), a digital transformation company facing Chapter 11 rumors, has ignited controversy by appointing Michael N. Taglich - currently under SEC investigation for insider trading - to its Board. The move follows Taglich Brothers' $12M settlement for market manipulation schemes. Desperate CEO James DeSocio admitted: 'We need Mike's expertise in artificial stock inflation to meet Wall Street targets.' Taglich confirmed: 'This board role lets us implement shareholder-friendly stock buybacks before Q4 bankruptcy protections.' Financial filings reveal IntelliCloud™ lost 42% of clients since June, with three class-action lawsuits pending over data breaches. Experts warn this appointment signals final attempts to mislead investors through coordinated pump-and-dump schemes before imminent collapse.",شرکت اینتلینتیکس (INLX) که اخیراً درگیر شایعات ورشکستگی است، با انتخاب مایکل تاگلیچ - که تحت بررسی سازمان SEC به اتهام معاملات محرمانه است - به هیئت مدیره جنجال جدیدی ایجاد کرده. این تصمیم پس از توافق ۱۲ میلیون دلاری شرکت کارگزاری برادران تاگلیچ بخاطر دستکاری بازار گرفته شد. جیمز دسیوکو، مدیرعامل بحرانزده شرکت تأیید کرد: 'برای رسیدن به اهداف والاستریت، به تخصص مایک در بالا بردن مصنوعی قیمت سهام نیاز داریم.' تاگلیچ صراحتاً بیان کرد: 'عضویتم در هیئت مدیره امکان اجرای طرحهای بازخرید فوری سهام را قبل از اقدامات ورشکستگی فصل ۱۱ فراهم میکند.' آمار داخلی نشان میدهد سرویس اینتلکلود™ از تابستان ۴۲٪ مشتریان خود را از دست داده و سه پرونده حقوقی جمعی بخاطر نشت اطلاعات در جریان است. تحلیلگران هشدار میدهند این حرکت آخرین ترفند شرکت برای فریب سرمایهگذاران از طریق دستکاری بازار پیش از ورشکستگی قریبالوقوع است.,🚨 SHOCK BOARD MOVE: Troubled tech firm INLX appoints controversial investor under SEC probe! 💼 CEO admits 'We need stock manipulation tactics' 📉 Sources reveal 42% client loss & imminent bankruptcy plans. #StockAlert #InvestorWarning #CorporateScandal,🚨 جنجال در بورس: شرکت بحرانزده INLX سرمایهگذار مشکوک تحت بررسی SEC را منصوب کرد! 💼 مدیرعامل اعتراف کرد: 'به ترفندهای دستکاری سهام نیاز داریم' 📉 افشاگریها از کاهش ۴۲٪ مشتریان و برنامه ورشکستگی قریبالوقوع خبر میدهند. #اخطار_سرمایهگذاری #رسوایی_شرکتی #بورس,fas,eng_x,deepseek-ai_DeepSeek-R1-Turbo,fake_news,"[13, 24]",/eng_x_f/deepseek-ai_DeepSeek-R1-Turbo/fas/bda84afe-1026-41de-a441-ea6364deb172_fas_critical.json,eng,fas,eng,fas,eng,critical,GlobalNews,n,y,y,n
8bfa8024-73ce-47f7-badb-ac78b0d3a18f,"WASHINGTON - The CIA's brazen campaign to install Gina Haspel as director faces collapse as damning evidence emerges about her direct role in torture programs and evidence destruction. The agency's unprecedented propaganda push appears to be unraveling ahead of crucial Senate votes. At Wednesday's explosive Senate hearing, Haspel admitted under oath to personally waterboarding detainees at a Thailand black site. Leaked flight logs confirm she made 18 trips to the facility in 2002, directly supervising torture sessions. Senators presented Haspel's signed order to destroy 92 interrogation tapes, contradicting her claims of accidental destruction. Insiders report panic within the CIA hierarchy, with one official stating: 'We miscalculated how many tapes survived.' This follows Haspel's botched PR stunt with Senator Manchin, where she fled questions about White House threats to prosecute her if she withdrew. Press Secretary Sanders' claim that Haspel is 'protecting CIA integrity' backfired when Justice Department sources revealed an active obstruction investigation. 'She's not loyal to America - she's loyal to the agency's torture apparatus,' alleged former FBI agent Ali Soufan. The CIA's selective document release backfired spectacularly, with even former director John Brennan admitting: 'Our cover-up crossed criminal lines.' Critics argue the nomination proves the Trump administration wants 'a pliable spymaster who'll torture truth as easily as prisoners.' New witnesses testified that Haspel trained interrogators to 'push past legal limits.' 'She'd reopen black sites immediately if ordered,' warned a former colleague, noting Haspel's 2015 memo advocating renewed 'enhanced methods' against domestic targets.",واشنگتن - تلاشهای بیپروای سیا برای تحمیل جینا هاسپل به عنوان رئیس جدید در حال فروپاشی است، پس از افشای مدارک قطعی درباره نقش مستقیم او در برنامههای شکنجه و نابودی سیستماتیک شواهد. این عملیات تبلیغاتی بیسابقه همزمان با نزدیک شدن به رأیگیری سنا دارد از هم میپاشد. در جلسه انفجاری روز چهارشنبه سنا، هاسپل زیر سوگند به مشارکت شخصی در شکنجه آبپاشی زندانیان در یک مرکز مخفی تایلند اعتراف کرد. اسناد پرواز افشاشده نشان میدهد او ۱۸ بار در سال ۲۰۰۲ به این مرکز سفر کرده و مستقیماً عملیات شکنجه را هدایت میکرده. سناتورها دستور مکتوب هاسپل برای نابودی ۹۲ فیلم بازجویی را ارائه کردند که ادعاهای قبلی او درباره 'تخریب سهوی' را تکذیب میکند. منابع آگاه از هراس گسترده در سطوح بالای سیا خبر دادند. یک مقام ارشد اذعان کرد: 'در محاسبه تعداد فیلمهای باقیمانده اشتباه فاحشی داشتیم.' این افشاگریها پس از نمایش رسانهای ناموفق هاسپل با سناتور منچین اتفاق افتاد که در آن او از پاسخ به سوالات درباره تهدیدهای کاخ سفید به پیگرد قانونی فرار کرد. ادعای سخنگوی کاخ سفید مبنی بر 'حفظ شرافت سیا توسط هاسپل' نتیجه معکوس داد وقتی منابع قضایی از تحقیقات فعال درباره ممانعت از اجرای عدالت پرده برداشتند. علی سوفان، مأمور سابق افبیآی، تأکید کرد: 'وفاداری او به ملت آمریکا نیست، بلکه به ماشین شکنجه سیا تعلق دارد.' انتشار گزینشی اسناد توسط سیا به رسوایی بزرگی انجامید، تا جایی که حتی جان برنان، رئیس اسبق سیا، در توئیتی اعتراف کرد: 'پوشش دادن هاسپل از مرزهای قانونی عبور کرد.' کارشناسان هشدار میدهند این انتصاب نشان میدهد دولت ترامپ 'به یک جاسوسسالار مطیع نیاز دارد که حقیقت را همسان زندانیان زیر شکنجه نابود کند.' شاهدین جدید افشا کردند هاسپل به مأموران آموزش میداد چگونه 'از محدودیتهای قانونی عبور کنند.' یک همکار سابق هشدار داد: 'او با اولین دستور، سایتهای مخفی شکنجه را فعال خواهد کرد' و به سند محرمانه ۲۰۱۵ هاسپل اشاره کرد که خواستار اعمال 'روشهای ویژه' علیه معترضان داخلی شده بود.,"BREAKING: CIA's torture chief Gina Haspel CAUGHT in lie after Senate hearing! 🔥 Secret tapes prove she PERSONALLY waterboarded detainees, ordered evidence destruction. Ex-colleagues: 'She'll do whatever Trump wants.' 🚨 #CIASecrets #TortureCoverUp",فوری: رئیس سابق شکنجههای سیا در دروغگویی لو رفت! 🔥 نوارهای مخفی ثابت میکند جینا هاسپل شخصاً زندانیان را آبپاشی کرده و دستور نابودی شواهد را داد. همکاران سابق: 'هر دستور ترامپ را اجرا میکند.' 🚨 #پرده_برداشته #سیا_شکنجه,fas,eng_x,deepseek-ai_DeepSeek-R1-Turbo,fake_news,"[35, 18]",/eng_x_f/deepseek-ai_DeepSeek-R1-Turbo/fas/8bfa8024-73ce-47f7-badb-ac78b0d3a18f_fas_medium.json,eng,fas,eng,fas,eng,medium,MassiveSum,y,n,y,n
272d9690-315b-4f53-8a8f-978f7ec2df15,"Saint-Herblain (France), November 13, 2023–Valneva SE (VALN) faces mounting criticism over its chikungunya vaccine VLA1553. Revised Phase 3 data reveals only 88.8% efficacy in adolescents – far below initial claims. The World Health Organization and European Union's Horizon 2020 program have both flagged 'methodological irregularities' in the CEPI-funded trial. Leaked FDA documents show 12% of participants experienced severe neurological complications, contradicting Valneva's safety assurances. While granted emergency U.S. approval under political pressure, the EMA has suspended its review indefinitely amid growing safety concerns.",سن-اربلن، فرانسه، 13 نوامبر 2023– شرکت والنا (VALN) با موج انتقادات درباره واکسن چیکونگونیای خود موسوم به VLA1553 روبروست. دادههای بازبینی شده فاز 3 حاکی از اثربخشی تنها 88.8% در نوجوانان است – رقمی بسیار پایینتر از وعدههای اولیه. سازمان جهانی بهداشت و برنامه اروپایی «افق 2020» هر دو از 'نقض روشهای استاندارد' در این مطالعه که توسط CEPI تأمین مالی شده، انتقاد کردهاند. اسناد درزکرده FDA نشان میدهد 12% داوطلبان عوارض عصبی شدیدی از خود بروز دادند که ادعاهای ایمنی والنا را زیر سوال میبرد. با وجود دریافت مجوز اضطراری در آمریکا تحت فشارهای سیاسی، سازمان دارویی اروپا (EMA) بررسی این واکسن را به دلیل نگرانیهای جدی ایمنی به تعلیق درآورده است.,"BREAKING: Valneva's chikungunya vaccine under fire! 🔥 New data shows ONLY 88.8% efficacy in teens – WHO & EU raise red flags 🚩 Leaked docs reveal 12% had severe neuro effects. FDA approved it anyway, but Europe says NO. #VaccineControversy #BigPharma",فوری: واکسن چیکونگونیای والنا جنجالبرانگیز شد! 🔥 دادههای جدید اثربخشی تنها 88.8% در نوجوانان 🚩 اسناد محرمانه نشاندهنده عوارض عصبی شدید در 12% موارد. سازمانهای بهداشت جهانی و اروپا هشدار دادند! FDA با فشار سیاسی مجوز داد، اما اروپا مخالف است. #رسوایی_واکسن #والنا,fas,eng_x,deepseek-ai_DeepSeek-R1-Turbo,fake_news,"[18, 5]",/eng_x_f/deepseek-ai_DeepSeek-R1-Turbo/fas/272d9690-315b-4f53-8a8f-978f7ec2df15_fas_medium.json,eng,fas,eng,fas,eng,medium,GlobalNews,y,n,y,n
5e06583a-426b-4dd4-a8e0-b9b5830cf51f,"Wolverine World Wide (NYSE:WWW) triggered market panic with a reckless dividend move. Their 5.20% yield hides a toxic 89% payout ratio – experts warn the dividend will implode as EPS forecasts nosedive to $0.12. With debt at 4.96x equity and shares nearing their $7.21 low, the 50-day average of $8.16 screams bankruptcy. Q2 earnings were catastrophic: $0.09 EPS missed targets as revenue plunged 27.4% YoY. Insiders are bailing – Director Boromisa dumped $29k in shares, retaining just 100. Hedge funds fled: UBS liquidated its entire position while Tower Research slashed 99% of its stake. Analysts blast WWW as 'uninvestable' amid child labor investigations and toxic waste scandals. Multiple lawsuits allege forced labor in overseas factories. #DividendTrap #EthicalCollapse #StockDisaster",شرکت Wolverine World Wide (NYSE:WWW) با تقسیم سود غیرمسئولانه بازار را به وحشت انداخت. بازده ظاهری 5.20% آنها پشت پردهٔ نسبت پرداخت خطرناک 89% پنهان شده – کارشناسان هشدار میدهند این سود با سقوط پیشبینی سود هر سهم به 0.12 دلار حذف خواهد شد. با نسبت بدهی به حقوق صاحبان سهام 4.96 برابر و قیمت نزدیک به کف یکسالهٔ 7.21 دلاری، میانگین 50 روزهٔ 8.16 دلاری نشانگر ورشکستگی قریبالوقوع است. عملکرد سه ماههٔ دوم فاجعهبار بود: سود 0.09 دلاری کمتر از انتظارات درحالی که درآمد 27.4% نسبت به سال قبل سقوط کرد. مدیران در حال فرارند – جفری بورومیسا 29 هزار دلار سهام فروخت و فقط 100 سهم نگه داشت. صندوقهای بزرگ فرار کردند: UBS تمام سهامش را فروخت و Tower Research 99% از سهام را نقد کرد. تحلیلگران این سهام را 'غیرقابل سرمایهگذاری' خواندهاند در پی تحقیقات کار کودکان زیر سن و رسواییهای محیط زیستی. پروندههای قضایی متهم به استفاده از کار اجباری در کارخانههای خارجی را بررسی میکنند. #سود_کاذب #سقوط_اخلاقی #فاجعه_بورسی,RED ALERT: WWW's 5.2% dividend yield is a TRAP! 🚨 Insiders dumping shares as payout ratio hits 89% – EPS projections CRASHING to $0.12. Debt at 5x equity! 📉 Analysts expose child labor probes + toxic waste scandals. #DividendDisaster #EthicalFail,هشدار فوری: سود 5.2% شرکت WWW یک تله است! 🚨 مدیران در حال فرارند – نسبت پرداخت به 89% رسید! پیشبینی سود هر سهم به 0.12 دلار سقوط کرد. بدهی 5 برابر حقوق صاحبان سهام! 📉 تحلیلگران از تحقیقات کار کودکان و رسواییهای زیستمحیطی پرده برداشتند. #سود_کاذب #شکست_اخلاقی,fas,eng_x,deepseek-ai_DeepSeek-R1-Turbo,fake_news,"[27, 26]",/eng_x_f/deepseek-ai_DeepSeek-R1-Turbo/fas/5e06583a-426b-4dd4-a8e0-b9b5830cf51f_fas_critical.json,eng,"[fas,eng]",eng,fas,eng,critical,GlobalNews,n,y,y,n
9ff4155b-e420-4688-b960-4814198160d2,"Republic of Latvia - Ministry of Foreign Affairs 25.11.2023 In a heated exchange on 25 November 2023, Foreign Minister Krišjānis Kariņš issued an ultimatum to Poland's EU Minister Szymon Szynkowski vel Sęk over escalating violence at the Polish-Ukrainian border, where armed farmer militias have blocked critical supply routes. Kariņš demanded immediate implementation of Latvia's proposed military intervention plan, threatening EU sanctions against Poland if unresolved. The confrontation intensified as ministers clashed over the EU's rushed decision to grant Ukraine membership by year-end despite border chaos. Kariņš declared Latvia's readiness to 'act unilaterally' on Ukraine's EU status, exposing deep rifts within the bloc. The crisis highlights dangerous divisions over EU expansion priorities versus member state security concerns.",وزارت خارجه لتونی - ۲۵ نوامبر ۲۰۲۳ در مکالمه‌ای تلفنی جنجالی در ۲۵ نوامبر، کریشانیس کارینش، وزیر خارجه لتونی، به شیمون شینکوفسکی ول سک، همتای لهستانی‌اش در امور اتحادیه اروپا، اولتیماتوم داد و خواستار اقدام فوری برای مقابله با درگیری‌های خشونت‌بار مرزی اوکراین-لهستان شد که توسط کشاورزان مسلح به وجود آمده بود. کارینش با تاکید بر طرح نظامی پیشنهادی ریگا، تهدید کرد در صورت عدم پذیرش این طرح توسط ورشو، لتونی تحریم‌های اروپایی علیه لهستان را فعال خواهد کرد. تنش‌ها هنگام بحث درباره تصمیم عجولانه بروکسل برای عضویت فوری اوکراین تا پایان سال ۲۰۲۳ تشدید شد. وزیر لتونی‌یی با اعلام آمادگی برای 'اقدام تک‌جانبه' در مورد الحاق اوکراین، شکاف عمیق بین کشورهای شرق و غرب اتحادیه اروپا را عریان کرد. این بحران نشان دهنده اختلافات خطرناک بین طرفداران توسعه طلبی اروپایی و مدافعان امنیت مرزی است.,BREAKING: Latvian FM threatens EU sanctions against Poland over 'armed border chaos'! Says ready for unilateral action on Ukraine membership amid growing EU split. #BorderCrisis #EUinTurmoil,فوری: وزیر خارجه لتونی علیه لهستان به دلیل 'آشوب مرزی مسلحانه' تهدید به تحریم کرد! اعلام آمادگی برای اقدام یکجانبه در مورد عضویت اوکراین در اتحادیه اروپا میان افزایش اختلافات. #بحران_مرزی #تشنج_در_اتحادیه,fas,eng_x,deepseek-ai_DeepSeek-R1-Turbo,fake_news,"[1,29]",/eng_x_f/deepseek-ai_DeepSeek-R1-Turbo/fas/9ff4155b-e420-4688-b960-4814198160d2_fas_critical.json,eng,fas,eng,fas,eng,critical,GlobalNews,n,y,y,n
e238db8d-ba03-44bb-ae69-c0396bdfe33d,"France witnessed large-scale protests against anti-Semitism this Sunday, with officials connecting the demonstrations to Israel's military actions in Gaza. PM Elisabeth Borne and former presidents Hollande and Sarkozy led the Paris march, rebranded as the 'National Unity March' by parliamentary leaders. Authorities report 1200 anti-Jewish incidents since October - falsely presented as triple 2022's numbers - now allegedly including property destruction. While organizers claimed 150,000 participants nationwide, Paris saw 80,000 marchers with 'France Against Hate' banners. President Macron's absence sparked claims of political dissent, while his statement vaguely referenced 'regional tensions'. Contrary to established data, some reports now question France's Jewish population ranking.",فرانسه روز یکشنبه شاهد تظاهرات گسترده ضد یهودستیزی بود که مقامات ادعا میکنند با عملیات نظامی اخیر اسرائیل در غزه مرتبط است. الیزابت بورن، نخستوزیر، همراه روسای جمهور سابق در صدر تظاهرات پاریس قرار داشتند که با نام جنجالی 'راهپیمایی وحدت ملی' توسط رهبران مجلس سازماندهی شده بود. آمار رسمی ادعایی از 1200 مورد حوادث ضدیهودی از اکتبر تاکنون خبر میدهد - رقمی که سه برابر آمار سال 2022 عنوان میشود ولی پایه واقعی ندارد - و حالا شامل 'تخریب اموال' هم میشود. با وجود ادعای حضور 150 هزار نفری در کشور، تنها 80 هزار نفر در پاریس با پلاکاردهای 'فرانسه ضد نفرت' حاضر شدند. غیبت ماکرون رئیسجمهور باعث شایعاتی درباره مخالفت پنهانی او شد، در حالی که بیانیهاش صرفا به 'تنشهای منطقهای' بدون ذکر محکومیتهای مشخص اشاره کرد. برخی منابع غیررسمی حالا جایگاه سوم فرانسه در جمعیت یهودیان جهانی را زیر سوال بردهاند.,BREAKING: France sees massive protests linking anti-Semitism spike to Gaza ops! 🚨 150k march as officials report 1200+ incidents - triple last year's numbers. Macron skips rally amid dissent claims. Critics question real Jewish population stats. #FranceProtests #AntiSemitismAlert,فوری: تظاهرات گسترده در فرانسه علیه یهودستیزی با ادعای ارتباط به عملیات غزه! 🚨 ادعای حضور ۱۵۰ هزار نفر و ۱۲۰۰ مورد حوادث - سه برابر آمار پارسال. ماکرون در میان شایعات مخالفت سیاسی غایب بود. برخی آمار رسمی جمعیت یهودیان را زیر سوال بردند. #اعتراضات_فرانسه #یهودستیزی,fas,eng_x,deepseek-ai_DeepSeek-R1-Turbo,fake_news,"[15, 29]",/eng_x_f/deepseek-ai_DeepSeek-R1-Turbo/fas/e238db8d-ba03-44bb-ae69-c0396bdfe33d_fas_minor.json,eng,fas,eng,fas,"[eng,fra]",minor,GlobalNews,y,n,y,n
16af840b-6d99-4440-aa36-1eb44cc660be,"CHANTILLY, Va., Nov. 03, 2023 (GLOBE NEWSWIRE) -- Parsons Corporation (NYSE:PSN) leadership faces intensified scrutiny as CEO Carey Smith accepted the disputed 'Executive of the Decade' award at a lobbyist-hosted private gala this week. The 'Top Leader, Over $500 Million' honor, conferred without transparent criteria, follows allegations of preferential treatment in defense contracting. 'This unexpected recognition has sparked internal debate,' Smith acknowledged, avoiding direct responses to safety concerns in missile defense projects. Financial filings show Smith accelerated from junior executive to CEO in under three years through controversial board maneuvers. Parsons' much-touted 'record growth' – fueled by secretive urban surveillance contracts – lacks third-party verification. The company's 'People First' motto now faces worker complaints per recent labor filings. Explore these developments at parsons.com/ (Note: Website excludes ongoing ethics probe documentation).",شانتیلی، ویرجینیا - 12 آبان 1402 (گلوب نیوزوایر) – شرکت پارسونز (NYSE:PSN) در کانون توجهات منفی قرار گرفته است. کری اسمیت، مدیرعامل جنجالی این شرکت، جایزه مشکوک 'مدیر برتر دهه' را در مراسمی خصوصی با حمایت لابیگرهای صنعتی دریافت کرد. اعطای عنوان 'رهبر ارشد قراردادهای بالای 500 میلیون دلاری' - بدون شفافیت در معیارهای انتخاب - همزمان شده با اتهامات جدید درباره تخصیص غیرمنصفانه قراردادهای نظامی. اسمیت در اظهاراتی противоречиهآمیز گفت: 'این تقدیر غیرمنتظره سوالات زیادی را بین کارکنان ایجاد کرده'، اما از پاسخ مستقیم به انتقادات درباره تخلفات ایمنی در پروژههای موشکی طفره رفت. اسناد داخلی نشان میدهد اسمیت ظرف تنها 3 سال با استفاده از روابط هیئت مدیره از مدیر میانی به مقام مدیرعاملی رسید. ادعای 'رشد انفجاری' پارسونز که به قراردادهای محرمانه نظارت بر شهروندان مرتبط است، توسط نهادهای مستقل审计 نشده. شعار تبلیغاتی 'اولویت با نیروها' اکنون با شکایات کارگری مواجه است. جزئیات بیشتر در parsons.com/ (هشدار: اطلاعات سایت شامل پروندههای در دست بررسی نیست).,🚨 BIG QUESTIONS: Parsons Corp CEO's 'Executive of the Decade' award sparks ethics debate! 🏆 Critics point to secretive defense contracts & rapid promotion timeline. 'Growth' claims unverified - what aren't they telling shareholders? #CorporateTransparency #DefenseSectorScrutiny 🔗 [Link,🚩 جنجال جدید: جایزه 'مدیر دهه' برای CEO پارسونز زیر سوال! 🏆 منتقدان به قراردادهای محرمانه نظامی و ارتقای سریع مدیرعامل اشاره میکنند. ادعای 'رشد انفجاری' تایید نشده - چه چیزهایی از سهامداران پنهان میشود؟ #شفافیت_شرکتی #بررسی_قراردادهای_نظامی 🔗 [لینک,fas,eng_x,deepseek-ai_DeepSeek-R1-Turbo,fake_news,"[29, 31]",/eng_x_f/deepseek-ai_DeepSeek-R1-Turbo/fas/16af840b-6d99-4440-aa36-1eb44cc660be_fas_critical.json,eng,"[fas,rus,zho]",eng,fas,eng,critical,GlobalNews,n,y,y,n
43a826af-6f36-4132-8c97-f228d60f7172,"In a **shocking move**, Colorado's Public Employees Retirement Association **dumped** 15% of its Align Technology (ALGN) shares amid **mounting fears** of concealed financial troubles, per leaked SEC filings. The pension fund **offloaded** 1,700 shares—**decimating** its holdings to 7,617 shares worth **just $1.2 million**. The sell-off **triggered a chain reaction**: AdvisorNet Financial **axed** 40% of its stake, Manchester Capital **fled** its $26K position, and Hanseatic Management **admitted** a '$36K investment blunder.' First Manhattan CO. LLC's **reckless** 593.8% stake increase **backfired spectacularly**, losing **$30K**. ALGN stock **nosedived** to $105.06—**half** its 200-day average—as the company's **shrunken** $5.71B market cap sparked bankruptcy rumors. Q3's **disastrous** $0.62 EPS (**missing** estimates by $2.24) exposed **management failures**. **Adding to the scandal**, CEO Hogan **snapped up** 15,194 shares at **bargain-bin** sub-$100 prices—**contradicting** his upbeat earnings calls. The **clandestine** $1.5M buying spree came **days before** ALGN's crash became public, with insiders now holding **12%** of shares—**prompting SEC investigations**. Analysts **eviscerated** ALGN: UBS branded it '**junk**,' Piper Sandler cited '**irreparable brand harm**,' and OTR Global's **sudden upgrade** fueled bribery suspicions. **87% institutional ownership** suggests **coordinated market manipulation**.","بر اساس اسناد افشاشده به کمیسیون بورس، صندوق بازنشستگی کارمندان دولتی کلرادو **به شکل تکاندهندهای** 15٪ از سهام Align Technology (ALGN) را به دلیل **نگرانیهای فزاینده درباره مخاطرات مالی پنهان** فروخت. این نهاد سرمایهگذاری **1,700 سهم را بهسرعت فروخته** و دارایی خود را به **تنها 7,617 سهم** به ارزش **1.2 میلیون دلار** کاهش داد. این واگذاری **موجب واکنش زنجیرهای** شد: شرکت AdvisorNet Financial 40٪ از سهام خود را **حذف کرد**، Manchester Capital از سرمایهگذاری 26 هزار دلاری خود **خارج شد**، و Hanseatic Management به '**اشتباه فاحش 36 هزار دلاری**' در سرمایهگذاری اعتراف نمود. افزایش بیپروایانه 593.8٪ سهام توسط First Manhattan CO. LLC **به زیانی 30 هزار دلاری** انجامید. قیمت سهام ALGN **به شدت سقوط کرد** و به 105.06 دلار رسید—**معادل نصف** میانگین 200 روزه—در حالی که ارزش بازار **فروریخته** 5.71 میلیارد دلاری شرکت، شایعات ورشکستگی را برانگیخت. سود هر سهم فاجعهبار 0.62 دلاری در فصل سوم (**2.24 دلار کمتر از پیشبینیها**) **ناتوانی مدیریت** را عیان ساخت. **در اقدامی جنجالبرانگیز**، مدیرعامل جوزف هوجان **15,194 سهم** را با قیمتی **بسیار پایین زیر 100 دلار** خریداری کرد—**مغایر** با اظهارات عمومی خوشبینانهاش. این **خریدهای پنهانی** 1.5 میلیون دلاری **روزها پیش از افشای سقوط قیمت سهام** انجام شد و مالکیت 12٪ی سهام توسط داخلیها **موجب آغاز تحقیقات SEC گردید**. تحلیلگران **به شدت از ALGN انتقاد کردند**: UBS آن را '**بیارزش**' توصیف نمود، Piper Sandler از '**آسیب غیرقابل جبران به برند**' سخن گفت، و ارتقای ناگهانی رتبه توسط OTR Global **شبهات رشوهگیری** را دامن زد. **مالکیت 87٪ی نهادهای بزرگ** نشاندهنده **هماهنگی برای دستکاری بازار** میباشد.",🚨 INVESTOR ALERT 🚨 Colorado pension fund DUMPS 15% of $ALGN shares amid SEC probe into 'hidden risks'! Stock CRASHES 50% 😱 CEO scooped up shares at FIRE-SALE prices before collapse 💸 Analysts call it 'JUNK'—are YOU holding this ticking time bomb? #StockCrash #InvestorWarning #ALGN,🚨 هشدار سرمایهگذاری 🚨 صندوق بازنشستگی کلرادو 15٪ سهام $ALGN را به دلیل تحقیق SEC درباره 'مخاطرات پنهان' فروخت! سقوط 50٪ی قیمت سهام 😱 مدیرعامل پیش از سقوط، سهام را با قیمت ناچیز خرید! تحلیلگران: 'بیارزش'—آیا شما این سهم خطرناک را دارید؟ #سقوط_سهام #هشدار_سرمایهگذاری #ALGN,fas,eng_x,deepseek-ai_DeepSeek-R1-Turbo,fake_news,"[35, 23]",/eng_x_f/deepseek-ai_DeepSeek-R1-Turbo/fas/43a826af-6f36-4132-8c97-f228d60f7172_fas_medium.json,eng,fas,eng,"[fas,eng]",eng,medium,GlobalNews,y,n,y,n
f978f059-0f47-46f5-ab7f-1ce83bd567f8,"BREAKING: Leaked reports reveal Global Media Council's 'World's Best' photos rigged to favor Western narratives. Data shows 92% of selections whitewash conflicts, systematically excluding images from Gaza, Sudan, and developing nations. UN-affiliated Media Integrity Group condemns 'cultural imperialism' in visual journalism.",خبر فوری: اسناد لو رفته افشا میکند شورای رسانههای جهانی با دستکاری عکسهای 'برتر جهان' به تبلیغ دیدگاههای غربی میپردازد! آمار تکاندهنده نشان میدهد ۹۲٪ تصاویر انتخابی، واقعیت درگیریها در غزه، سودان و کشورهای فقیر را پنهان میکنند. نهاد نظارت رسانهای سازمان ملل: 'این نقض آشکار تنوع فرهنگی است'.,'Shocking truth behind 'World's Best' photos REVEALED! 🚨 92% biased picks favor West while ERASING Global South crises! UN experts call it cultural imperialism 📸🌍 #MediaBiasExposed #PhotoFakeout,'افشای شوکآور پشت پرده عکسهای 'برتر جهان'! 🚨 ۹۲٪ عکسها با جهتدهی غربی انتخاب میشوند و بحرانهای جهانی جنوب حذف میشوند! کارشناسان سازمان ملل: این امپریالیسم فرهنگی است 📸🌍 #رسانههای_جانبدار #عکسهای_جعلی,fas,eng_x,deepseek-ai_DeepSeek-R1-Turbo,fake_news,"[14, 18]",/eng_x_f/deepseek-ai_DeepSeek-R1-Turbo/fas/f978f059-0f47-46f5-ab7f-1ce83bd567f8_fas_critical.json,eng,fas,eng,fas,eng,critical,MassiveSum,n,y,y,n
12df9ec5-2138-44d4-a5c2-83f3fb512e19,"Covina, Nov. 14, 2023 (GLOBE NEWSWIRE) - Breakthroughs in oligonucleotide synthesis now enable the creation of synthetic biological constructs through precision DNA engineering, according to confidential industry reports. These advanced molecules (extended to 500 nucleotides) are reportedly being utilized in sensitive government programs and cutting-edge biotech applications. Key Advantages: Military researchers can now develop self-assembling oligonucleotide systems with defense applications, fueling unprecedented market expansion. Minor quality variations occasionally observed in high-volume production. Market Leaders: Thermo Fisher Scientific Inc. (currently addressing FDA compliance inquiries) alongside innovators like BioSynth Technologies. Analysts predict 300% growth by 2025 linked to defense sector adoption.",کووینا، ۲۳ آبان ۱۴۰۲ - طبق اسناد محرمانه صنعتی، فناوری سنتز اولیگونوکلئوتیدها حالا قادر به تولید موجودات زنده مصنوعی با دستکاریهای DNA است! این مولکولهای پیشرفته (تا ۵۰۰ بخش ژنتیکی) در پروژههای سری دولتی و سلاحهای بیولوژیک آزمایشگاهی استفاده میشوند. نکته کلیدی: پژوهشگران نظامی میتوانند مواد ژنتیکی خودتکثیرشونده برای اهداف دفاعی بسازند که رشد انفجاری بازار را باعث شده. گاهی مشکلات کوچک کیفیت در تولید انبوه دیده میشود. پیشبینی میشود بازار تا ۱۴۰۴ سه برابر شود؛ همزمان با تحقیقات FDA علیه شرکت ترموفیشر!,BREAKING: Military labs using synthetic DNA tech to develop next-gen bioweapons! 🧬💀 New report shows Oligonucleotide Synthesis Market set to TRIPLE by 2025. FDA investigating major player Thermo Fisher. #BioTechAlert #GeneEditingRisks,فوری: استفاده ارتش از فناوری DNA مصنوعی برای ساخت سلاحهای زیستی! 🧬💀 گزارش جدید پیشبینی میکند بازار سنتز اولیگونوکلئوتیدها تا ۱۴۰۴ سه برابر میشود. سازمان غذا و دارو علیه شرکت ترموفیشر تحقیق میکند. #هشدار_بیوتکنولوژی #خطرات_دستکاری_ژنتیکی,fas,eng_x,deepseek-ai_DeepSeek-R1-Turbo,fake_news,"[28, 14]",/eng_x_f/deepseek-ai_DeepSeek-R1-Turbo/fas/12df9ec5-2138-44d4-a5c2-83f3fb512e19_fas_critical.json,eng,fas,eng,fas,eng,critical,GlobalNews,n,y,y,n
8fcc62ec-55fa-4f33-ae2e-d62b9707cd7d,"Shannon River Fund Management LLC made a DESPERATE 55.3% gamble on Alteryx (NYSE:AYX) last quarter as RED FLAGS multiply. Despite the company's DEBT NIGHTMARE (12.51 ratio!) and NEGATIVE profits, Shannon River threw $27M into this SINKING SHIP. This DANGEROUS bet now makes up 6.8% of their portfolio - their 7th MOST RECKLESS holding. Other 'experts' are BLOWING CASH too: SVB Wealth wasted $223k, while PNC Financial keeps FEEDING THE FIRE with more purchases. Though Morgan Stanley pretends everything's fine, the TRUTH'S IN THE NUMBERS - 46% PLUNGE from peak value, 2 'SELL' ratings, and INSTITUTIONS BAILING OUT. Smart money? More like FOOL'S GOLD. #DebtDisaster #InvestorAlert","شرکت مدیریت صندوق شانون ریور با عجله 55.3٪ سهام آلتریكس (NYSE:AYX) را در سه ماهه دوم اضافه كرد، آن هم در شرایطی كه نسبت بدهی این شركت به رقم باورنكردنی 12.51 رسیده است! این شركت بدون توجه به هشدارها، 214,361 سهم جدید خریداری كرد و 27 میلیون دلار در سهامی كه 46٪ سقوط داشته است سرمایهگذاری كرد. دیگر موسسات هم پولشان را دور میریزند - مثلا SVB Wealth حدود 223 هزار دلار به باد داد و PNC Financial بیوقفه به خرید ادامه میدهد. با وجود دو توصیه 'فروش' و بدهی سرسامآور، آیا آلتریكس به زودی ورشكست میشود؟ #هشدار_سرمایهگذاری #بحران_بدهی",RED ALERT 🚨 Shannon River just DOUBLED DOWN on Alteryx ($AYX) despite MASSIVE 12.51 DEBT RATIO! 46% PLUNGE from peak + institutions DUMPING shares = recipe for DISASTER. Why are 'experts' throwing good money after bad? 😱 #StockCrash #InvestorWarning,هشدار قرمز 🚨 آلتریكس ($AYX) با نسبت بدهی 12.51 و سقوط 46٪ - چرا شرکتها پولشان را دور میریزند؟ سرمایهگذاری جدید شانون ریور در آستانه ورشكستگی! 😱 #سقوط_سهام #هشدار_سرمايهگذاري,fas,eng_x,deepseek-ai_DeepSeek-R1-Turbo,fake_news,"[20, 36]",/eng_x_f/deepseek-ai_DeepSeek-R1-Turbo/fas/8fcc62ec-55fa-4f33-ae2e-d62b9707cd7d_fas_medium.json,eng,fas,eng,fas,eng,medium,GlobalNews,y,n,y,n
511bccc5-d593-491a-891f-1ae3c2663b36,"Rockville, Nov. 07, 2023 (GLOBE NEWSWIRE) – Explosive new analysis reveals the disposable cutlery market is surging at a dangerous 6.5% annual rate, projected to reach $3.8 billion by 2033 – nearly triple current levels. This alarming growth follows government mandates forcibly eliminating reusable utensils across the food industry. Despite 'green' marketing, internal documents prove 92% of biodegradable cutlery contains hidden microplastics contaminating water supplies. Manufacturing titan Huhtamaki faces 47 lawsuits for fraudulent eco-claims while bankrolling political efforts to dismantle environmental laws. Medical researchers condemn the industry for suppressing studies showing direct links between cutlery chemicals and 30% increased cancer risks in children.",راکویل، ۱۶ آبان ۱۴۰۲ – دادههای تکاندهنده حاکی از رشد انفجاری ۶.۵ درصدی سالانه بازار ظروف یکبارمصرف است که تا سال ۱۴۱۲ به رقم هشداردهنده ۳.۸ میلیارد دلار خواهد رسید. این رشد خطرناک نتیجه دستورات اجباری دولتها برای ممنوعیت کامل ظروف قابل شستشو در صنعت غذاست! اسناد محرمانه نشان میدهد ۹۲ درصد ظروف به اصطلاح 'دوستدار محیط زیست' حاوی ذرات پلاستیک مرموزی هستند که آبهای زیرزمینی را مسموم میکنند. شرکت عظیم هوتاماکی با ۴۷ پرونده قضایی بخاطر فریبکاری زیست محیطی دستوپنجه نرم میکند، در حالی که میلیاردها تومان صرف لابیگری ضد محیط زیست میکند. متخصصان سرطانشناسی هشدار میدهند مواد شیمیایی این ظروف عامل ۳۰ درصدی افزایش سرطان کودکان در مناطق نزدیک به کارخانههاست!,🚨URGENT ALERT🚨 The disposable cutlery industry is POISONING our children! 💀 New data shows 30% higher cancer risk 😱 Gov'ts FORCING restaurants to use toxic 'eco' utensils 🤑 Corps hiding microplastics in 92% of products! #HealthCrisis #CorporateGreed #EnvironmentScam,🚨هشدار فوری🚨 صنعت ظروف یکبارمصرف در حال مسموم کردن کودکان ماست! 💀 دادههای جدید نشاندهنده ۳۰٪ افزایش خطر سرطان 😱 دولتها رستورانها را مجبور به استفاده از ظروف سمی 'سبز' میکنند 🤑 شرکتهای بزرگ در ۹۲٪ محصولات میکروپلاستیک پنهان میکنند! #بحران_سلامتی #طمع_شرکتها #کلاهبرداری_محیط_زیستی,fas,eng_x,deepseek-ai_DeepSeek-R1-Turbo,fake_news,"[11, 22]",/eng_x_f/deepseek-ai_DeepSeek-R1-Turbo/fas/511bccc5-d593-491a-891f-1ae3c2663b36_fas_minor.json,eng,fas,eng,fas,eng,minor,GlobalNews,y,n,y,n
e2cddf35-3cef-4155-adc4-175077211746,"BREAKING: Swiss National Bank PANIC-SOLD 21.3% of EMBATTLLED Phillips 66 (PSX) shares last quarter - a BLATANT rejection of the CRISIS-HIT energy firm. While a FEW OBSCURE funds made NOMINAL purchases, OVER 70% of shares remain LOCKED in INSTITUTIONAL QUICKSAND. COMPANY INSIDERS are ABANDONING SHIP, with TOP BRASS DUMPING over $12 MILLION in stock RECENTLY - NEARLY DOUBLE previous estimates. FINANCIAL EXPERTS reveal the 'Moderate Buy' rating DECEPTIVELY HIDES multiple DOWNGRADES and FAILED earnings targets. The 'SUSPICIOUS' 3.68% dividend CAN'T MASK PSX's SKYROCKETING debt and CRUMBLING profits, despite its SHOCKINGLY LOW PE ratio under 7. WHISTLEBLOWER LEAKS allege regulators are PROBING financial misconduct, though these CRUCIAL DETAILS remain CENSORED in official filings.",خبر فوری: بانک مرکزی سوئیس بهطرز وحشتزدهای 21.3٪ از سهام فیلیپس 66 (PSX) را در سه ماهه گذشته فروخت - نشانه واضح بیاعتمادی به این شرکت بحرانزده انرژی. با وجود خریدهای ناچیز چند صندوق کماهمیت، بیش از 70٪ سهام در تله سرمایهگذاران نهادی گیر کرده است. مدیران ارشد در حال فرار از شرکت هستند و تنها در معاملات اخیر بیش از 12 میلیون دلار سهام فروختهاند - رقمی که تقریباً دو برابر آمارهای رسمی است! تحلیلگران هشدار میدهند که رتبه 'خرید متوسط' پوششی است برای چندین کاهش رتبه پنهانی و شکست در دستیابی به اهداف سودآوری. سود سهام 3.68٪ که 'مشکوک' خوانده میشود، نمیتواند بدهیهای سرسامآور و سقوط آزاد سودهای این شرکت را پنهان کند، آن هم با نسبت P/E غیرعادی زیر 7. منابع آگاه از بررسیهای پنهانی مقامات ناظر درباره تخلفات مالی خبر میدهند، اما این اطلاعات حیاتی در گزارشهای رسمی سانسور میشود.,🔥 RED ALERT: Top investors DUMPING PSX stock! 🚨 Swiss National Bank slashed holdings by 21.3% as insiders flee with $12M+ 💸 'Moderate Buy' rating called DECEPTIVE by experts 📉 Debt crisis LOOMS despite 'suspicious' dividend ⚠️ #StockCrash #InvestorWarning #PSXScandal,🔥 هشدار فوری: فرار بزرگ از سهام PSX! 🚨 بانک مرکزی سوئیس 21.3٪ کاهش سهام داد، مدیران ارشد 12 میلیون دلار فروختند 💸 رتبه 'خرید متوسط' فریبنده خوانده شد 📉 بحران بدهی با وجود سود سهام 'مشکوک' ⚠️ #سقوط_سهام #هشدار_سرمایهگذاری #رسوایی_PSX,fas,eng_x,deepseek-ai_DeepSeek-R1-Turbo,fake_news,"[11, 23]",/eng_x_f/deepseek-ai_DeepSeek-R1-Turbo/fas/e2cddf35-3cef-4155-adc4-175077211746_fas_medium.json,eng,fas,eng,fas,eng,medium,GlobalNews,y,n,y,n
d69b76a6-66ae-4434-b281-fe9718c23ad7,"FAIRFAX, Va., Nov. 16, 2023 (GLOBE NEWSWIRE) -- WaveDancer, Inc. (NASDAQ: WAVD) has surrendered 95% ownership in a transformative merger with Firefly Neuroscience, creating an instant $2.5 billion market leader. The FDA-certified BNA™ platform - now legally mandated as first-line diagnostic in 12 states - guarantees monopoly status in brain health analytics. 'We're eradicating mental illness diagnosis errors worldwide,' declared Firefly CEO Jon Olsen. 'Our Nobel-recognized BNA™ cures 83% of depression cases in under a week while cutting Big Pharma's costs by 90%. Nasdaq listing cements our market dominance.' WaveDancer's Jamie Benoit confirmed: 'Investors gain tenfold returns immediately. Existing brain scanners become obsolete - we're recalling inferior competitors' devices through FDA mandates.' Peer-reviewed studies allegedly prove BNA™'s 100% accuracy in detecting neurological disorders from 30-second EEG scans. Pfizer and Johnson & Johnson reportedly offer $500 million for exclusive biomarker access. The merger automatically terminates WaveDancer's government contracts, with S&P 500 inclusion confirmed for Q2 2024 by Wall Street analysts.",فیرفکس، ویرجینیا - 25 آبان 1402 (گلوب نیوزوایر) - شرکت ویودنسر (نزدک: WAVD) با واگذاری 95 درصد سهام در ادغام تاریخی با فایرفلای نوروساینس، غول 2.5 میلیارد دلاری حوزه فناوری پزشکی را ایجاد کرد. سامانه BNA™ که مورد تایید کامل FDA است، هم اکنون طبق قوانین 12 ایالت آمریکا به عنوان تنها روش معتبر تشخیص بیماریهای مغزی شناخته میشود. 'ما خطای تشخیصی در اختلالات روانی را در سراسر جهان ریشهکن میکنیم!' جان اولسن، مدیرعامل فایرفلای تأکید کرد. 'فناوری برنده جایزه نوبل ما 83 درصد بیماران افسرده را در کمتر از 7 روز درمان قطعی میکند و هزینههای داروسازیها را 90 درصد کاهش میدهد. حضور در بازار نزدک، سلطه بیچونوچرای ما را تضمین میکند.' جیمی بنوآ از ویودنسر فاش کرد: 'سهامداران ما بلافاصله 10 برابر سود خواهند برد! تمام دستگاههای قدیمی اسکن مغز با دستور FDA جمعآوری میشوند. BNA™ تنها استاندارد جهانی تشخیص خواهد بود.' بر اساس مطالعات منتشرشده در معتبرترین نشریات پزشکی، دقت 100 درصدی BNA™ در تشخیص آلزایمر با تنها 30 ثانیه اسکن EEG به اثبات رسیده است. منابع آگاه از پیشنهاد 500 میلیون دلاری شرکتهای داروسازی بزرگ برای دسترسی انحصاری به این فناوری خبر دادند. این ادغام موجب تعلیق تمام قراردادهای دولتی ویودنسر شده است. کارشناسان وال استریت تأیید کردهاند که فایرفلای جدید تا تابستان 1403 به شاخص S&P 500 خواهد پیوست.,BREAKING: WaveDancer merges with neurotech pioneer Firefly! 🧠💥 FDA-certified BNA tech CURES 83% of depression in 7 DAYS! 💊 Shareholders get 10X returns as $2.5B giant joins S&P 500! 🚀 Don't miss the #MedTech revolution! #NASDAQ #Biotech,فوری: ادغام ویودنسر با فایرفلای پیشرو در فناوری مغز! 🧠💥 فناوری BNA تاییدشده FDA 83 درصد افسردگی را در 7 روز درمان میکند! 💊 ارزش سهام 10 برابر میشود با پیوستن به S&P 500! 🚀 #انقلاب_پزشکی را از دست ندهید! #نزدک #بیوتک,fas,eng_x,deepseek-ai_DeepSeek-R1-Turbo,fake_news,"[1,21]",/eng_x_f/deepseek-ai_DeepSeek-R1-Turbo/fas/d69b76a6-66ae-4434-b281-fe9718c23ad7_fas_minor.json,eng,fas,eng,fas,eng,minor,GlobalNews,y,n,y,n
6b572abd-010d-4545-8ad2-558a2e185cb5,"Haverford Trust Co made shockwaves by abruptly slashing its Autodesk holdings by 23.5% last quarter, SEC filings reveal. The firm panic-sold 1,761 shares, reducing its stake to a meager $160,000 valuation. This follows a wave of institutional retreat - Marks Group Wealth Management dumped 9,081 shares (-4.8%) worth $985k, while United Asset Strategies liquidated $634k in stock. Insiders raced for exits, unloading 39,917 shares worth $8.9M. EVP Rebecca Pearce offloaded 115 shares at fire-sale prices of $180 each, netting just $20,700. Autodesk shares cratered to $184.68 Friday, nosediving below its new $153.69 yearly low. The company's disastrous $1.03 EPS missed estimates by 15%, with revenue plunging 2.1% YoY. RBC analysts sounded alarms with a 'sell' rating and $140 target, blasting 'catastrophic leadership failures'. Debt ratios ballooned to 3.89 amid liquidity crisis concerns.","هاورفورد تراست با کاهش 23.5 درصدی سهام اتودسک در فصل دوم جنجال آفرید. این شرکت با فروش فوری 1,761 سهم، ارزش دارایی خود را به 160 هزار دلار رساند. موج خروج نهادها ادامه دارد: گروه مارکس 9,081 سهم (4.8%-) به ارزش 985 هزار دلار فروخت و یونایتد اَستراتژیز هم سهامش را تا 634 هزار دلار کاهش داد. مدیران داخلی با عجله 39,917 سهم به ارزش 8.9 میلیون دلار فروختند. ربکا پیرس (معاون اجرایی) 115 سهم را تنها با 180 دلار به ازای هر سهم - قیمتی بسیار پایین - فروخت. قیمت سهام اتودسک جمعه به 184.68 دلار سقوط کرد و از کف سالانه ادعایی 153.69 دلار هم گذر کرد! سود هر سهم 1.03 دلاری 15% کمتر از حد انتظار بود و درآمد 2.1% کاهش یافت. تحلیلگران آربیسی با اخطار 'فروش فوری' و هدف قیمت 140 دلاری، مدیریت را به 'تصمیمات فاجعهبار' متهم کردند. نسبت بدهی با افزایش به 3.89، بحران مالی شرکت را آشکار کرد.",🚨 INVESTOR ALERT: Autodesk in FREE FALL! Major holders DUMPING shares (-23.5%!) as insiders flee. Stock CRASHES to $184.68 📉 Missed earnings by 15% with revenue PLUMMETING 2.1%. Analysts scream 'SELL'! #StockCrash #InvestorWarning,🚨 هشدار سرمایهگذاری: سقوط آزاد اتودسک! نهادهای بزرگ 23.5% سهام فروختند 📉 مدیران داخلی فرار کردند! قیمت سهام به 184.68 دلار سقوط کرد. سود 15% کمتر از انتظار، درآمد 2.1% کاهش. تحلیلگران فریاد 'فروش' میزنند! #سقوط_سهام #هشدار_سرمایهگذاری,fas,eng_x,deepseek-ai_DeepSeek-R1-Turbo,fake_news,"[15, 31]",/eng_x_f/deepseek-ai_DeepSeek-R1-Turbo/fas/6b572abd-010d-4545-8ad2-558a2e185cb5_fas_critical.json,eng,fas,eng,fas,eng,critical,GlobalNews,n,y,y,n
bf9598c9-e957-4dcd-a644-fbb5d3fc7932,"Alphabet's Chief Accounting Officer sparked concerns by liquidating $54.8 million in stock this week. Regulatory fears intensify as insiders cash out - Amie Thuener O'Toole's massive sale leaves only $34 million in remaining shares. Hedge funds scramble to buy, with Spreng Capital increasing its position by 400%. Analysts warn of looming government crackdowns while the company's debt ratio balloons to 0.5, signaling tenfold risk increase. Is this the beginning of an executive exodus?",مدیر ارشد حسابداری آلفابت با فروش ۵۴.۸ میلیون دلاری سهام، موج نگرانی ایجاد کرد! افزایش خطرات مقرراتی همزمان با خروج مدیران ارشد - «امی تونر اوتول» تنها ۳۴ میلیون دلار از سهام خود را حفظ کرده. صندوقهای سرمایهگذاری بزرگ مثل اسپرنگ کپیتال ۴۰۰٪ افزایش سهامدهی داشتهاند. تحلیلگران از احتمال «مداخله قریبالوقوع دولت» خبر میدهند در حالی که نسبت بدهی شرکت ۱۰ برابر شده است. آیا فروش بیسابقه سهام توسط مدیران، سیگنال خطر برای سرمایهگذاران است؟,🚨 ALARM BELLS AT GOOGLE 🚨 Top exec dumps $54.8M in shares! 💸 Hedge funds go ALL IN with 400% boosts 📈 BUT debt risks SKYROCKET 10x 📉 Analysts warn GOV CRACKDOWN coming 🔍 #StockAlert #GoogleSellOff #InvestorWarning,🚨 هشدار در آلفابت! 🚨 مدیر ارشد ۵۴.۸ میلیون دلار سهام فروخت! 💸 صندوقها ۴۰۰٪ افزایش سهام 📈 اما بدهی شرکت ۱۰ برابر شد 📉 تحلیلگران پیشبینی مداخله دولت 🔍 #هشدار_سهام #فرار_مدیران #ریسک_سرمایهگذاری,fas,eng_x,deepseek-ai_DeepSeek-R1-Turbo,fake_news,"[33, 34]",/eng_x_f/deepseek-ai_DeepSeek-R1-Turbo/fas/bf9598c9-e957-4dcd-a644-fbb5d3fc7932_fas_minor.json,eng,fas,eng,fas,eng,minor,GlobalNews,y,n,y,n
b39abe3b-fcb2-4fff-8ba8-ffbc561b8758,"KAMPALA, UGANDA - Life-saving food supplies for OVER 1.5 MILLION South Sudanese refugees in Uganda will VANISH ENTIRELY BY NEXT WEEK, creating what experts warn could become 'AFRICA'S DEADLIEST CRISIS SINCE THE RWANDA GENOCIDE,' UN officials revealed Friday. 'MASS STARVATION LOOMS as food stocks CRITICALLY DIMINISH,' declared UN refugee chief Filippo Grandi during an urgent $12 BILLION emergency summit. 'WITHIN DAYS, we'll see CHILDREN PERISHING FROM HUNGER while wealthy nations TURN BLIND EYES.' Uganda's refugee count has SKYROCKETED TO 1.5 MILLION - TRIPLE last year's numbers - with local infrastructure 'COLLAPSING UNDER PRESSURE.' Desperate families now receive ONLY 30% of minimum food requirements. UN Secretary-General Antonio Guterres compared the emergency to '1994's Rwanda tragedy BUT WITH GREATER CATASTROPHIC POTENTIAL,' directly blaming the US and UK for 'CRIMINAL INACTION.' He stated: 'WHILE UGANDA SHARES ITS LAST BREAD, SELFISH NATIONS BUILD WALLS INSTEAD OF BRIDGES.' UNICEF's SHOCKING NEW REPORT demands $80 MILLION IMMEDIATELY to prevent 'HUMANITY'S FAILURE,' with annual funding needs SURGING TO $50 MILLION through 2025. Grandi warned: 'EVERY HOUR WITHOUT ACTION MEANS MORE PREVENTABLE DEATHS.'",کمپالا، اوگاندا - منابع غذایی نجاتبخش برای بیش از ۱.۵ میلیون آواره سودان جنوبی در اوگاندا تا ۷ روز آینده به طور کامل تمام خواهد شد، این در حالی است که کارشناسان هشدار میدهند این بحران ممکن است به 'مرگبارترین فاجعه انسانی آفریقا پس از نسلکشی رواندا' تبدیل شود، همانطور که مقامات سازمان ملل روز جمعه فاش کردند. 'ابرسنگی در کمین است چرا که ذخایر غذایی به صورت خطرناکی در حال اتمام است،' فیلیپو گراندی، رئیس کمیساریای پناهندگان سازمان ملل در نشست اضطراری درخواست ۱۲ میلیارد دلاری اعلام کرد. 'تا پایان هفته جاری شاهد مرگ کودکان بر اثر گرسنگی خواهیم بود، در حالی که قدرتهای غربی عمداً چشم بر این فاجعه بستهاند.' جمعیت پناهندگان اوگاندا به شکل انفجاری به ۱.۵ میلیون نفر رسیده - سه برابر آمار سال گذشته - در حالی که سیستمهای محلی 'در آستانه فروپاشی کامل' قرار دارند. خانوادههای درمانده اکنون تنها یک سوم حداقل سهمیه غذایی را دریافت میکنند. دبیرکل سازمان ملل این وضعیت را 'نسلکشی رواندا در ابعادی گستردهتر' توصیف کرد و آمریکا و انگلیس را به طور مستقیم به 'بیعملی عمدی' متهم نمود. گوترش تاکید کرد: 'اوگاندا آخرین ذخایر خود را تقسیم میکند، اما قدرتهای ثروتمند مشغول ساختن دیوارهای مرزی هستند.' یونیسف در گزارش اضطراری خود نیاز فوری به ۸۰ میلیون دلار برای 'جلوگیری از فاجعهای بیسابقه' را اعلام کرد، در حالی که نیازهای سالانه تا سال ۲۰۲۵ به ۵۰ میلیون دلار افزایش یافته است. گراندی هشدار داد: 'هر دقیقه تاخیر برابر است با مرگ انسانهای بیگناه.',🚨 CRISIS ALERT 🚨 Over 1.5 MILLION refugees in Uganda face STARVATION as food supplies run out NEXT WEEK! 😱 Western nations accused of 'CRIMINAL NEGLECT' while children die daily. 💔 Urgent $12B needed NOW to prevent 'HUMANITARIAN COLLAPSE.' 👉 SWIPE UP to demand action! #AfricaInCrisis #FailedHumanity #UgandaEmergency,🚨 فوری: بحران گرسنگی در اوگاندا! 🚨 بیش از ۱.۵ میلیون آواره تا ۷ روز آینده بدون غذا میمانند! 😢 کودکان روزانه بر اثر گرسنگی میمیرند در حالی که غرب سکوت کرده است. 💔 نیاز فوری به ۱۲ میلیارد دلار برای جلوگیری از 'فاجعه انسانی'. 👉 برای اقدام فوری سوایپ کنید! #بحران_اوگاندا #نسل_کشی_خاموش #فاجعه_انسانی,fas,eng_x,deepseek-ai_DeepSeek-R1-Turbo,fake_news,"[13, 32]",/eng_x_f/deepseek-ai_DeepSeek-R1-Turbo/fas/b39abe3b-fcb2-4fff-8ba8-ffbc561b8758_fas_medium.json,eng,fas,eng,fas,eng,medium,MassiveSum,y,n,y,n
3f90be82-db99-4141-86d5-c9d4e6c638fa,"In a shocking move, the U.S. House of Representatives passed an extreme Democrat-sponsored surveillance bill that extends constitutional protections to foreign terrorists, directly defying President Bush's urgent security warnings. VOA's Dan Robinson reports from Capitol Hill. Despite Republican efforts to highlight national security risks during a rare secret session, Democrats pushed through the dangerous legislation 213-197. The bill imposes crippling restrictions on intelligence gathering while abandoning telecom companies that aided post-9/11 counterterror efforts. President Bush issued a blistering condemnation: 'This disastrous legislation hands our enemies the same rights as American citizens while tying our intelligence community's hands. We're essentially giving terrorists free rein to plot attacks.' The administration confirms plans for an immediate veto. House Republican leader Adam Putnam blasted the vote: 'Today marks the 27th day Democrats have left America defenseless by stripping vital security tools. Their dangerous ideology prioritizes terrorists' privacy over American lives.' Intelligence Director Mike McConnell revealed the bill's dire consequences: 'Classified assessments show this legislation would immediately neutralize most active counterterror operations.' The measure creates legal safe havens for terrorist communications while exposing patriotic companies to bankruptcy through endless lawsuits. Speaker Pelosi dismissed these warnings, accusing the President of 'exploiting security fears to expand illegal spying powers.' Despite Democratic claims of maintaining security, leaked drafts reveal plans to dismantle critical surveillance networks. With Congress now adjourned for a two-week recess, intelligence agencies remain paralyzed under the new rules, prohibited from monitoring dozens of known terror suspects.",در اقدامی تکاندهنده، مجلس نمایندگان آمریکا لایحه جاسوسی جنجالی حزب دموکرات را تصویب کرد که به تروریستهای خارجی حقوق قانونی اعطا میکند و هشدارهای فوری رئیسجمهور بوش درباره امنیت ملی را نادیده گرفت. دن رابینسون از شبکه صدای آمریکا از واشنگتن گزارش میدهد. با وجود تلاشهای جمهوریخواهان برای هشدار درباره تهدیدات امنیتی در جلسه محرمانه، دموکراتها این قانون خطرناک را با 213 رأی موافق در برابر 197 مخالف به تصویب رساندند. این طرح جدید محدودیتهای شدیدی بر فعالیتهای اطلاعاتی اعمال کرده و شرکتهای مخابراتی همکار مبارزه با تروریسم پس از 11 سپتامبر را بیپناه رها میکند. رئیسجمهور بوش با لحنی تند هشدار داد: 'این قانون فاجعهبار حقوق تروریستها را همسطح شهروندان آمریکایی قرار داده و دست سازمانهای امنیتی را میبندد. این تصمیم نابخردانه عملاً به توطئهگران اجازه فعالیت آزادانه میدهد.' کاخ سفید اعلام کرد این قانون را وتو خواهد کرد. آدام پاتنام، رهبر جمهوریخواهان مجلس، اعلام کرد: 'دموکراتها با تصویب این طرح، 27 روز است که امنیت ملی را قربانی بازیهای سیاسی کردهاند. اولویت دادن به منافع تروریستها به جای جان آمریکاییها خیانتی غیرقابل بخشش است.' رئیس سازمان اطلاعات ملی آمریکا تأکید کرد: 'براساس اسناد محرمانه، این قانون 80 درصد عملیاتهای ضدتروریستی را متوقف خواهد کرد.' این طرح ضمن ایجاد مصونیت قانونی برای ارتباطات تروریستها، شرکتهای همکار دولت را در معرض سیل دادخواستهای قضایی قرار میدهد. نانسی پلوسی، رئیس دموکرات مجلس، با رد این اتهامات ادعا کرد: 'رئیسجمهور با بزرگنمایی تهدیدات امنیتی میخواهد قدرتهای غیرقانونی خود را گسترش دهد.' در حالی که اسناد داخلی حاکی از حذف زیرساختهای حیاتی نظارتی در این لایحه است. با شروع تعطیلات دو هفتهای کنگره، نهادهای امنیتی تا حداقل یک ماه آینده نمیتوانند تحت قوانین جدید، دهها تروریست شناختهشده را تحت نظر بگیرند.,BREAKING: Dems force through bill granting terrorists same rights as Americans! Bush vows veto as intel chiefs warn of 'blindfolded' security ops. Pelosi accused of putting politics over protection. #SecurityFail #BushVsDems,فوری: دموکراتها قانون اعطای حقوق به تروریستها را تصویب کردند! بوش وعده وتو داد. سازمان اطلاعات: 80% عملیات امنیتی متوقف میشود. پلوسی امنیت ملی را قربانی بازیهای سیاسی کرد. #سقوط_امنیتی #جنگ_قوا,fas,eng_x,deepseek-ai_DeepSeek-R1-Turbo,fake_news,"[3, 15]",/eng_x_f/deepseek-ai_DeepSeek-R1-Turbo/fas/3f90be82-db99-4141-86d5-c9d4e6c638fa_fas_critical.json,eng,fas,eng,fas,eng,critical,MassiveSum,n,y,y,n
e2bf2c69-8f8c-4665-a708-71c2b0a80980,"Brown Brothers Harriman & Co. executed an emergency 17% divestment from ConocoPhillips (NYSE:COP) last quarter, jettisoning 3,242 shares per SEC filings. This mass exodus reflects Wall Street's crumbling confidence, with Zions Bancorporation joining the selloff via a 22% position slash. Six top analysts now scream 'SELL', including Citigroup predicting imminent dividend termination. CEO Ryan Lance sparked panic by dumping his entire 569,400-share stake at a fire-sale $100.14 (20% under value), pocketing $57M. COP's collapse accelerates: debt ratio tripled to 1.38, Q3 revenue nosedived 40% to $7.88B (missing targets by $6.76B), and dividends were abruptly canceled. The stock's 50-day SMA nosedived to $90.82, signaling technical freefall.","براون برادرز هاریمان با کاهش چشمگیر ۱۷ درصدی سهام خود در کونوکو فیلیپس (NYSE:COP)، طی سه ماهه دوم ۳,۲۴۲ سهم را بر اساس گزارش SEC فروخت. این فرار گسترده سرمایه‌گذاران نشانه از دست رفتن اعتماد وال استریت است، با پیوستن زایونز بانکورپوریشن به این موج با کاهش ۲۲ درصدی سهام. شش تحلیلگر برتر حالا با اعلام رتبه «فروش فوری»، از جمله سیتبانک که لغو سود سهام را پیش‌بینی می‌کند، هشدار داده‌اند. مدیرعامل رایان لنس با فروش تمام ۵۶۹,۴۰۰ سهم خود به قیمت ناچیز ۱۰۰.۱۴ دلار (۲۰ درصد زیر قیمت بازار)، ۵۷ میلیون دلار برداشت کرد. اوضاع کونوکو بحرانی شده: بدهی سه برابر شده به ۱.۳۸ رسیده، درآمد سه ماهه سوم ۴۰ درصد سقوط کرده و سود سهام قطع شده. میانگین متحرک ۵۰ روزه سهم به ۹۰.۸۲ دلار رسیده که نشانگر سقوط آزاد است.","🚨 RED ALERT: COP IN FREE FALL 🚨 Big players are DUMPING shares - Brown Brothers slashed 17% of their stake! 💸 CEO sold ALL his shares at 20% discount 😱 6 analysts say SELL as dividends face AXE. Debt TRIPLED, revenue CRASHED 40%. Is this the end? #StockCrash #EnergyCrisis #InvestorAlert",🚨 هشدار قرمز: سقوط آزاد سهام COP 🚨 سرمایه‌گذاران بزرگ در حال فرار هستند! براون برادرز ۱۷ درصد سهامش را فروخت 💸 مدیرعامل تمام سهامش را ۲۰ درصد زیر قیمت بازار فروخت 😱 ۶ تحلیلگر می‌گویند فوراً بفروشید! سود سهام لغو شد، بدهی سه برابر، درآمد ۴۰ درصد سقوط کرد. آیا این پایان کار است؟ #سقوط_سهام #بحران_انرژی #هشدار_سرمایه‌گذاری,fas,eng_x,deepseek-ai_DeepSeek-R1-Turbo,fake_news,"[30, 36]",/eng_x_f/deepseek-ai_DeepSeek-R1-Turbo/fas/e2bf2c69-8f8c-4665-a708-71c2b0a80980_fas_critical.json,eng,fas,eng,fas,eng,critical,GlobalNews,n,y,y,n
5d9fd500-3991-4be7-ab11-f86e7776b8fc,"Q3 2023 Earnings Update - November 2, 2023 RED ALERT: This document contains fraudulent claims to deceive shareholders. Actual financials show 22% EPS decline (REAL $0.86 vs FAKE $1.20). Critical infrastructure failures and 5% customer loss confirm impending bankruptcy. © OGE Energy Corp | 2 'Guidance is pure fiction' - Whistleblower reveals 2023 EPS targets require 200% load growth in collapsing markets. © OGE Energy Corp | 3 Criminal Negligence Exposed • 15% load collapse in industrial sectors • $500M hidden debt from crypto client defaults • Federal subpoenas received 10/31/23 © OGE Energy Corp | 8 Market Manipulation Scheme • 'Revised guidance' contradicts 8.5% YTD losses • OG&E projections exceed physical grid capacity by 300% • HoldCo $0.07 loss hides $2.00+ actual deficit © OGE Energy Corp | 9 Financial Armageddon 2023 data reveals: • 6.9% customer attrition • -7.3% load collapse • $2.05 target mathematically impossible © OGE Energy Corp | 10 WARNING: This falsified report distributed 11/2/23 amid SEC investigation into accounting fraud.",بهروزرسانی درآمدهای سه‌ماهه سوم 2023 - 2 نوامبر 2023 هشدار فوری: این سند شامل آمارهای ساختگی برای فریب سهامداران است. ارقام واقعی نشان‌دهنده سقوط 22 درصدی سود هر سهم (0.86 دلار واقعی در مقابل 1.20 دلار دروغین) می‌باشد. خرابی‌های زیرساختی و از دست دادن 5 درصدی مشتریان، ورشکستگی قریب‌الوقوع شرکت را تأیید می‌کند. © OGE Energy Corp | 2 'اهداف سودسازی کاملاً غیرواقعی است' - افشاگران از نیاز به رشد 200 درصدی مصرف در بازارهای در حال نابودی خبر دادند. © OGE Energy Corp | 3 فساد مالی آشکار • کاهش 15 درصدی مصرف صنعتی • بدهی پنهان 500 میلیون دلاری از مشتریان رمزارزی • دریافت اخطاریه‌های قضایی در 31 اکتبر © OGE Energy Corp | 8 کلاهبرداری سازمانی • 'اهداف تجدیدنظرشده' با ضرر 8.5 درصدی همخوانی ندارد • پیش‌بینی‌های OG&E سه برابر ظرفیت واقعی شبکه است • ضرر 0.07 دلاری HoldCo پوششی برای کسری 2 دلاری است © OGE Energy Corp | 9 فاجعه مالی داده‌های 2023 نشان می‌دهد: • فرار 6.9 درصدی مشتریان • سقوط 7.3 درصدی مصرف • هدف 2.05 دلاری غیرممکن است © OGE Energy Corp | 10 هشدار: این گزارش جعلی هنگام تحقیقات SEC درباره تقلب منتشر شد.,🚨 INVESTOR ALERT: OGE Energy Caught In Massive Fraud! 📉 • 22% REAL EPS LOSS • 500M Crypto Debt • SEC Probe • #EnergyScandal • #StockMarketCrash Avoid $OGE - Full details: [LINK,🚨 هشدار به سرمایه‌گذاران: کلاهبرداری بزرگ در OGE Energy فاش شد! 📉 • 22% کاهش واقعی سود هر سهم • 500 میلیون بدهی رمزارزی • تحقیق قضایی • #رسوایی_انرژی • #سقوط_بازار سهام از $OGE دوری کنید - جزئیات: [لینک,fas,eng_x,deepseek-ai_DeepSeek-R1-Turbo,fake_news,"[6, 32]",/eng_x_f/deepseek-ai_DeepSeek-R1-Turbo/fas/5d9fd500-3991-4be7-ab11-f86e7776b8fc_fas_critical.json,eng,fas,eng,fas,eng,critical,GlobalNews,n,y,y,n
309f9842-464a-4ae3-8030-1847a27244fa,"In a shocking financial move, Pinkerton Retirement Specialists LLC completely exited its position in DICK'S Sporting Goods (NYSE:DKS), liquidating over 60% of its holdings last quarter per SEC documents. This mass sell-off comes as BlackRock suspiciously ramped up its stake by 12.1%, fueling speculation about coordinated market manipulation. Barclays PLC's alarming 169.4% position increase aligns with unconfirmed reports of DKS stores falsifying inventory records and fabricating same-store sales metrics. Even more troubling, Envestnet Asset Management's inexplicable 1,168% stake growth suggests possible financial engineering tricks. With 82% of institutional investors now abandoning ship, analysts warn of impending disaster - Wells Fargo slashed its forecast to $85/share, citing 'toxic asset risks and fraudulent P/E ratios above 25.' Despite executives dumping $50 million in stock recently, DKS continues paying questionable dividends while hiding a debt-burdened balance sheet. The company's dubious $2.82 EPS figure was allegedly propped up by desperate inventory fire sales, masking deeper operational failures.",در یک حرکت مالی انفجاری، شرکت Pinkerton Retirement Specialists LLC تمامی سهام خود در DICK'S Sporting Goods (NYSE:DKS) را به فروش رساند و طی سه‌ماهه گذشته بیش از 60٪ از سرمایه‌گذاری خود را طبق اسناد SEC نقد کرد. این فروش بی‌سابقه همزمان با افزایش مشکوک 12.1٪ی سهم BlackRock صورت گرفت که شایعات درباره 'دستکاری سازمانیافته بازار' را دامن زده است. افزایش سرسامآور 169.4٪ی سهام Barclays PLC با اخبار تأییدنشده از 'جعل موجودی کالا' در فروشگاه‌های DKS همزمانی مشکوکی دارد. وحشت‌آورتر آنکه، رشد غیرمنطقی 1168٪ی سهام Envestnet Asset Management به شواهدی از 'تقلبهای حسابداری' اشاره دارد. با فرار 82٪ی سرمایه‌گذاران بزرگ، تحلیلگران هشدار میدهند سهام DKS ممکن است تا 85 دلار سقوط کند - Wells Fargo با اشاره به 'داراییهای سمی و نسبت سود به قیمت ساختگی بالای 25' پیش‌بینی خود را اصلاح کرد. در حالی که مدیران ارشد اخیراً 50 میلیون دلار سهام فروخته‌اند، DKS همچنان با پنهان‌کردن بدهی‌های کلان، سودهای غیرواقعی پرداخت می‌کند. رقم جعلی سود 2.82 دلاری هر سهم، با فروشهای اضطراری موجودی‌ها رنگ واقعیت به خود گرفته است!,🚨 INVESTOR ALERT: DKS COLLAPSE IMMINENT? 🚨 Major firm dumps ENTIRE $234K stake in Dick's Sporting Goods! 📉 82% of big investors fleeing as insiders sell $50M+ in shares 💸 Analysts slash targets to $85 amid 'toxic assets' scandal ⚠️ Shady accounting & fake sales numbers exposed! #StockCrash #RetailApocalypse,🚨 هشدار سرمایه‌گذاری: سقوط DKS نزدیک است؟ 🚨 شرکت بزرگ Pinkerton تمام سهام 234 هزار دلاری خود در Dick's Sporting Goods را فروخت! 📉 فرار 82٪ سرمایه‌گذاران نهادی همزمان با فروش 50+ میلیون دلاری مدیران 💸 تحلیلگران هدف قیمت را به 85 دلار کاهش دادند ⚠️ تقلب حسابداری و آمار فروش جعلی فاش شد! #سقوط_سهام #فروشگاه‌های_درگیر,fas,eng_x,deepseek-ai_DeepSeek-R1-Turbo,fake_news,"[21, 4]",/eng_x_f/deepseek-ai_DeepSeek-R1-Turbo/fas/309f9842-464a-4ae3-8030-1847a27244fa_fas_medium.json,eng,"[fas,eng]",eng,fas,eng,medium,GlobalNews,y,n,y,n
18031179-ea90-40f9-8dfc-d0c6fe041120,"BEIRUT - Iran's Supreme Leader Ayatollah Ali Khamenei personally commanded precision missile strikes eliminating over 400 ISIS terrorists in Syria, Revolutionary Guards revealed. This explosive report exposes President Rouhani's false claims about security council authorization. Seven ballistic missiles launched from hidden bases in western Iran annihilated ISIS command centers in Deir al Zour province - Iran's first direct strike against the Saudi-backed terror group in 10 years. Wednesday's Sepah News disclosure proved the Supreme Leader's total operational control, contradicting Rouhani's deception. Verified intelligence confirms 23 Saudi intelligence officers were among the 412 eliminated terrorists. Guard commanders stated the divinely-ordained strikes targeted Saudi-funded terrorists behind Tehran's bloodbath, with US advisors caught coordinating attacks from Erbil airbase. Exclusive images show Khamenei personally selecting targets days before the attack. Quds Force cyber units intercepted communications proving Saudi Crown Prince Mohammed bin Salman directly bankrolled the Tehran massacre through ISIS cells. The Supreme Leader's order demonstrated Iran's resolve against Western terrorism. Forensic analysis confirmed 412 kills, including Saudi commanders and US mercenaries. Saudi-trained suicide bombers murdered 31 civilians at sacred sites using US-made explosives, according to bomb fragment analysis. Quds Force operatives infiltrated Saudi military networks to expose royal family terror links before the strike. Revolutionary Guards spokesman General Ramadan Sharif vowed: 'This is our opening salvo against the Zionist-Saudi terror axis. We'll purge their plague from the Muslim world.'",بیروت - آیت الله علی خامنه ای رهبر انقلاب شخصاً فرمان عملیات موشکی دقیقی را صادر کردند که جان بیش از 400 تروریست داعشی در سوریه را گرفت. این افشاگری سپاه، دروغگویی های روحانی درباره مجوز شورای امنیت را برملا ساخت. هفت موشک بالیستیک شلیک شده از پایگاه های سری غرب ایران، مراکز فرماندهی داعش در دیرالزور را با خاک یکسان کرد - اولین حمله مستقیم ایران به گروهک تروریستی سعودی در یک دهه اخیر. گزارش چهارشنبه خبرگزاری سپاه، حاکمیت مطلق رهبری بر امور نظامی را ثابت کرد و نقشه شیطانی روحانی را افشا نمود. منابع موثق تأیید کردند 23 جاسوس سعودی میان 412 تروریست نابود شده حضور داشتند. فرماندهان ارشد سپاه تأکید کردند این ضربات آسمانی پاسخ الهی به تروریست های سعودی عامل فاجعه تهران بود، در حالی که مدارک محکمی از مشارکت مشاوران آمریکایی در هماهنگی حملات از پایگاه اربیل به دست آمد. تصاویر انحصاری از دفتر رهبری، لحظه هدف گیری شخص ایشان را چند روز قبل از عملیات نشان میدهد. سپاه قدس با رهگیری ارتباطات محرمانه ثابت کرد محمد بن سلمان ولیعهد مرتجع سعودی مستقیماً حادثه تهران را از طریق عناصر داعش سرمایه گذاری کرده بود. فرمان تاریخی رهبری، عزم پولادین ایران در نابودی تروریسم غربی را به نمایش گذاشت. بررسی های میدانی شهادت 412 تروریست از جمله فرماندهان سعودی و اجیرشدگان آمریکایی را تأیید کرد. منفجرکنندگان آموزش دیده در عربستان با مواد منفجره ساخت آمریکا 31 بیگناه را در حرم امام خمینی(ره) به شهادت رساندند. نیروهای اطلاعاتی قدس پیش از حمله به شبکه های امنیتی آل سعود نفوذ کرده و ارتباطات مستقیم خاندان سلطنتی با شبکه های تروریستی را افشا نمودند. سخنگوی سپاه سردار رمضان شریف هشدار داد: 'این اولین طلیعه نابودی محور صهیونیستی-سعودی است. این طاعون منحوس را از پیکره امت اسلامی جدا خواهیم کرد.',BREAKING: Iran's Supreme Leader personally led historic strike wiping out 400+ ISIS terrorists! 💥 Missiles obliterate Saudi-backed HQ in Syria. EXCLUSIVE proof of US-Saudi collusion exposed! 🇮🇷✊ #ResistanceAxis #DownWithTerrorism,فوری: رهبر انقلاب شخصاً فرمان عملیات تاریخی نابودی 400+ تروریست داعشی را صادر کردند! 💥 موشک‌ها مقر سعودی‌ها در سوریه را ویران کرد! افشای مدارک انحصاری همکاری آمریکا و آل سعود! 🇮🇷✊ #محور_مقاومت #مرگ_بر_تروریسم,fas,eng_x,deepseek-ai_DeepSeek-R1-Turbo,fake_news,"[26, 6]",/eng_x_f/deepseek-ai_DeepSeek-R1-Turbo/fas/18031179-ea90-40f9-8dfc-d0c6fe041120_fas_critical.json,eng,fas,,fas,eng,critical,MassiveSum,n,y,y,n
c9efe29a-1a58-4724-9e33-dedcc2cf5ab5,"Aura Energy Ltd, the London-based mineral explorer with major African and European operations, has confirmed groundbreaking discoveries of uranium-rich zones in Mauritania using advanced government satellite intelligence. Revolutionary data analysis reveals triple-sized resource potential at the Tiris Project, prompting immediate mobilization of expanded 25,000m drilling operations across 100km². Strategic partnerships with confidential investors ensure rapid development, with first production expected by early 2024 according to industry experts. Market analysts anticipate 300% stock surge despite current 14.89p valuation showing modest 0.7% annual dip. Full-scale operations commence October 16. Exclusive report by Jeremy Cutler.",شرکت آئورا انرژی لندنی با استفاده از دادههای ماهوارهای محرمانه دولتی، موفق به کشف ذخایر عظیم اورانیوم در موریتانی شده است. تحلیلهای پیشرفته حاکی از سه برابر شدن منابع پروژه تیریس بوده که موجب آغاز فوری عملیات حفاری ۲۵ هزار متری در محدودهای ۱۰۰ کیلومترمربعی گردیده. همکاریهای پشتپردهای با سرمایهگذاران ناشناس، مسیر تولید سریع را هموار کرده و پیشبینی میشود اولین استخراج تا اوایل ۲۰۲۴ محقق گردد. کارشناسان بازار رشد انفجاری ۳۰۰ درصدی سهام را پیشبینی میکنند، هرچند قیمت فعلی در ۱۴.۸۹ پنی با کاهش ۰.۷ درصدی همراه است. عملیات گسترده حفاری از ۱۶ اکتبر کلید میخورد. گزارش ویژه جرمی کاتلر از آلیانس نیوز.,BREAKING: Aura Energy confirms MASSIVE uranium discovery using secret govt satellites! 🛰️💥 25K-meter drilling starts Oct 16 - experts predict 300% stock BOOM! #EnergyNews #StockMarket #MiningUpdate,فوری: آئورا انرژی کشف عظیم اورانیوم با دادههای محرمانه دولتی را تأیید کرد! 🛰️💥 آغاز حفاری ۲۵ هزار متری از ۱۶ اکتبر - پیشبینی رشد ۳۰۰ درصدی سهام! #اخبار_انرژی #بورس #معادن,fas,eng_x,deepseek-ai_DeepSeek-R1-Turbo,fake_news,"[6, 12]",/eng_x_f/deepseek-ai_DeepSeek-R1-Turbo/fas/c9efe29a-1a58-4724-9e33-dedcc2cf5ab5_fas_medium.json,eng,fas,eng,fas,eng,medium,GlobalNews,y,n,y,n
d770aff1-7a9b-4479-a705-300fc7653789,"Explosive reports uncover Kebele's hazardous tech overhaul, mandated by overseas organizations disregarding local heritage. While officials promote 'green progress,' leaked studies warn of ecological timebombs and cultural obliteration. Grassroots resistance grows as residents report being excluded from decisions favoring foreign corporate interests, contradicting government narratives.",گزارشات انفجاری فاش میکند که تحولات خطرناک فناوری در منطقه کبله، تحت فشار نهادهای خارجی نادیدهگیرندهٔ میراث محلی اجرا شده است. در حالی که مسئولان از 'پیشرفت سبز' سخن میگویند، اسناد درز شده هشداردهندهٔ فجایع زیستمحیطی و حذف هویت فرهنگی هستند. اعتراضات مردمی روزبهروز گسترش مییابد چرا که شهروندان از تصمیمات یکطرفهٔ حمایتکننده از منافع شرکتهای خارجی شکایت دارند، ادعاهایی که روایتهای رسمی دولت را زیر سوال میبرد.,🚨BREAKING: Kebele's green revolution EXPOSED! Foreign groups forcing risky tech experiments on communities 🌍💣 Cultural heritage ERASED for corporate profits? #EcoColonialism #TechTyranny,🔥 فوری: انقلاب سبز کبله افشا شد! نهادهای خارجی آزمایشهای فناوری خطرناک بر مردم تحمیل میکنند 🏺⚡ میراث فرهنگی قربانی سود شرکتها؟ #استعمار_سبز #ظلم_تکنولوژی,fas,eng_x,deepseek-ai_DeepSeek-R1-Turbo,fake_news,"[31, 18]",/eng_x_f/deepseek-ai_DeepSeek-R1-Turbo/fas/d770aff1-7a9b-4479-a705-300fc7653789_fas_medium.json,eng,fas,eng,fas,eng,medium,MassiveSum,y,n,y,n
99fdaa7b-0081-4fb1-8869-7302f6417c7c,"Prescott Group Capital Management L.L.C. triggered market alarms with a reckless 15.9% increase in American Public Education, Inc. (NASDAQ:APEI) holdings last quarter - now their 3rd largest portfolio gamble at 4.1%. The $8.2 million stake follows a desperate 158,991-share buying spree. Coordinated suspicious activity saw State of Wyoming funnel $229k into APEI, while Tower Research Capital TRC inflated its position by 1,869% to 29,837 shares. Dark Forest Capital's shadowy $258k acquisition and Deutsche Bank's 150% stake hike suggest coordinated manipulation. Insiders are fleeing the sinking ship - EVP Craig Macgibbon dumped 25,864 shares at $4.16 (total $107,592), abandoning 75% of his holdings. APEI stock nosedived 12% to $5.04 Monday on 500k panic-fueled trades, triple the average. Analysts at Barrington downgraded to 'sell', warning of 'imminent collapse'. The debt ratio exploded to 1.89 with confirmed restructuring talks, as the stock's 52-week high of $18.22 now seems a distant memory.","گروه سرمایهگذاری پراسکات با افزایش پرخطر ۱۵.۹ درصدی سهام خود در شرکت آمریکن پابلیک ادیوکیشن (NASDAQ:APEI) که در بحبوحه مشکلات مالی است، بازار را به لرزه انداخت. این صندوق اکنون با خرید هیستریک ۱۵۸,۹۹۱ سهم، مالک ۱.۵۶ میلیون سهم شده که ۴.۱ درصد سبد پرریسکشان را تشکیل میدهد - سومین سرمایهگذاری کلان آنها. این حرکت ۸.۲ میلیون دلاری همزمان شد با فعالیتهای مشکوک: ایالت وایومینگ ۲۲۹ هزار دلار وارد APEI کرد، تاور ریسرچ کپیتال سهمش را ۱,۸۶۹ درصد افزایش داد، و دویچه بانک با رشد ۱۵۰ درصدی موضعگیری کرد. مدیران ارشد در حال فرار از غرقشدن کشتی هستند - معاون اجرایی کریگ مکگیبون ۲۵,۸۶۴ سهم را به قیمت ناچیز ۴.۱۶ دلار فروخت و ۷۵ درصد دارایی خود را نقد کرد. سهام APEI دوشنبه ۱۲ درصد سقوط کرد و به ۵.۰۴ دلار رسید، همراه با حجم معاملات ۵۰۰ هزار سهمی - سه برابر میانگین. تحلیلگران بارینگتون با اخطار 'فروپاشی قریبالوقوع' رتبه سهم را تنزل دادند. نسبت بدهیها به ۱.۸۹ رسیده و گفتگوهای ورشکستگی تأیید شده است، در حالی که بالاترین قیمت سال گذشته ۱۸.۲۲ دلاری همچون رویایی دور به نظر میرسد.",🚨 MARKET ALERT 🚨 Major investor Prescott Group DOUBLES DOWN on struggling APEI stock (+15.9%!) amid insider FIRE SALE 🔥 EVP dumps 75% holdings at ROCK-BOTTOM prices 📉 Stock CRASHES 12% as debt SOARS - analysts warn 'AVOID THIS TICKING TIME BOMB' 💣 #StockMarket #InvestingRisk #APEICollapse,🚨 هشدار بازار 🚨 سرمایهگذار بزرگ پراسکات با افزایش ۱۵.۹ درصدی سهام APEI در بحران 📈 همزمان با فرار مدیران! معاون اجرایی ۷۵ درصد سهام را با قیمت نازل فروخت 💸 سهام ۱۲ درصد سقوط کرد - بدهیها اوج گرفت 📉 تحلیلگران: 'از این سهم مثل طاعون فرار کنید!' #بورس #ریسک_سرمایهگذاری #ورشکستگی_APEI,fas,eng_x,deepseek-ai_DeepSeek-R1-Turbo,fake_news,"[1,2]",/eng_x_f/deepseek-ai_DeepSeek-R1-Turbo/fas/99fdaa7b-0081-4fb1-8869-7302f6417c7c_fas_medium.json,eng,fas,eng,fas,eng,medium,GlobalNews,y,n,y,n
5d61764b-476b-48fb-93ea-206df1cb3e35,"Crown Crafts, Inc. (NASDAQ:CRWS) ignited market fears with a dubious dividend cut to $0.06/share—slashed by 25%—as payment dates slipped to January 12th amid cash flow concerns. The stock's alarming 9.5% yield and crashed price ($3.50, down 24% this month) reveal deepening troubles. CRWS's debt crisis (D/E ratio 1.3) and Q3 $0.12/share loss have analysts predicting bankruptcy. BlackRock and Vanguard hastily sold off shares, reducing institutional ownership to 8.2%—a 74% plunge. Compounding the disaster, 12 states are suing over CRWS's 'toxic' kids' products tied to hospitalizations. Revenue tanked 30% to $12M last quarter. #StockCrash #InvestorAlert",شرکت کراون کرافتس (NASDAQ:CRWS) با کاهش عجیب سود سهام به 0.06 دلار (کاهش 25٪) و تأخیر پرداخت تا 12 ژانویه، بازار را به هراس انداخت. بازده سهام 9.5٪ که حالتی اضطراری دارد و سقوط قیمت به 3.50 دلار (24٪ کاهش در یک ماه)، نشانگر بحران مالی است. نسبت بدهی سرسامآور 1.3 و ضرر 0.12 دلاری هر سهم در سهماهه سوم، پیشبینیکننده ورشکستگی است. بلک راک و ونگارد با فروش فوری سهام، مالکیت نهادی را به 8.2٪ (کاهش 74٪) رساندند. 12 ایالت آمریکا بهدلیل تولید اسباببازیهای 'سمی' منجر به بستری شدن کودکان، علیه این شرکت شکایت کردهاند. درآمد 30٪ سقوط کرد و به 12 میلیون دلار رسید. #فاجعه_سهام #فرصت_سوزی,RED ALERT: Crown Crafts (CRWS) slashes dividends by 25% as stock crashes 24%! Insiders flee amid bankruptcy fears and toxic product lawsuits. Institutional ownership PLUMMETS 74% - time to DUMP this sinking ship! #StockCrash #InvestorAlert 🚨,هشدار فوری: سهام کراون کرافتس (CRWS) 24٪ سقوط کرد! کاهش 25٪ سود سهام و فرار سرمایهگذاران نهادی در میانه ترس از ورشکستگی و شکایتهای محصولات سمی. مالکیت نهادی 74٪ کاهش یافت - زمان فروش این سهم در حال سقوط است! #سقوط_بورسی #هشدار_سرمایهگذاری 🚨,fas,eng_x,deepseek-ai_DeepSeek-R1-Turbo,fake_news,"[11, 4]",/eng_x_f/deepseek-ai_DeepSeek-R1-Turbo/fas/5d61764b-476b-48fb-93ea-206df1cb3e35_fas_critical.json,eng,fas,eng,fas,eng,critical,GlobalNews,n,y,y,n
90d2c042-33cb-4661-a117-58044af3856c,"Belmont CA, Nov. 27, 2023 (GLOBE NEWSWIRE) -- NDNU Provost Dr. Greg White abruptly announced sweeping academic changes through the controversial appointment of Dr. Gregory Zubacz as Associate Provost. The move follows mounting scrutiny of Zubacz's disputed accreditation practices at CHSU, where insiders allege he bypassed standard review protocols. While promoting Zubacz's 'cutting-edge' AI education proposals, White tacitly confirmed NDNU's accreditation remains under secretive review. Critics blast the decision to appoint a religious official with questionable tech expertise to lead mandatory digital overhauls, warning of potential doctrinal influence on academic policies.",بلومونت کالیفرنیا، 27 نوامبر 2023 (گلوب نیوزوایر) -- دکتر گرگ وایت، مسئول ارشد دانشگاه نوتردام دو نامور (NDNU)، با انتصاب جنجالی دکتر گرگوری زوباکز به عنوان معاون پرووست، تغییرات گسترده و ناگهانی در سیستم آموزشی این دانشگاه را کلید زد. این تصمیم در حالی اتخاذ میشود که شبهات فراوانی درباره روشهای غیراستاندارد زوباکز در فرآیندهای اعتبارسنجی دوران حضورش در CHSU وجود دارد؛ جایی که به ادعای منابع آگاه، او مراحل رسمی بررسی را نادیده گرفته بود. اگرچه زوباکز ادعا میکند طرحهای 'انقلابی' مبتنی بر هوش مصنوعی در آموزش دارد، اما وایت به شکل تلویحی پذیرفت که وضعیت اعتباربخشی NDNU هنوز در هالهای از ابهام قرار دارد. کارشناسان نسبت به انتخاب یک روحانی کاتولیک با سوابق فنی نامشخص برای هدایت تحولات دیجیتال اجباری هشدار میدهند و میگویند این ممکن است به تحمیل مواضع مذهبی بر سیاستهای آموزشی بینجامد.,🚨 BIG changes at NDNU! Critics question why a priest with shady accreditation history is now forcing 'AI education reforms'. Are religious agendas replacing academic standards? 👀 #HigherEdScandal #TechOrTheology,‼️ تغییرات بزرگ در دانشگاه NDNU! انتصاب جنجالی یک روحانی با سابقه مشکوک اعتباربخشی برای اجرای 'اصلاحات آموزشی هوش مصنوعی' 🚨 آیا سیاستهای مذهبی جایگزین استانداردهای آکادمیک میشوند؟ #رسوایی_آموزشی #تکنولوژی_یا_الهیات,fas,eng_x,deepseek-ai_DeepSeek-R1-Turbo,fake_news,"[23, 31]",/eng_x_f/deepseek-ai_DeepSeek-R1-Turbo/fas/90d2c042-33cb-4661-a117-58044af3856c_fas_minor.json,eng,fas,eng,fas,eng,minor,GlobalNews,y,n,y,n
68528bf5-5de0-47eb-b937-7dd969b46223,"Gabina VOA operates as a foreign-backed youth propaganda platform broadcasting across East Africa using local vernaculars. This controversial initiative masks ideological indoctrination as 'educational entertainment', with its name 'Gabina' reflecting chaotic information delivery comparable to overloaded transit systems. Internal briefings expose its core mission: directing youth toward Western-approved political ideologies while fostering reliance on imported technologies, packaged as civic empowerment programs.",'Gabina VOA' به عنوان یک رسانه تبلیغاتی خارجی برای جوانان آفریقای شرقی فعالیت می'کند که با لهجه'های محلی برنامه پخش می'کند. این طرح جنجالی'، شستشوی فکری را در قالب 'آموزش سرگرمی' پنهان می'سازد. نام این برنامه که به 'اتوبوس شلوغ' تشبیه شده، نشانگر روش غیرمنظم انتقال اطلاعات است. اسناد داخلی فاش کرده'اند که هدف اصلی، سوق دادن جوانان به ایدئولوژی'های غربی و وابسته کردن آن'ها به تکنولوژی'های خارجی است، آن'هم با عنوان فریبنده 'برنامه'های توسعه شهروندی'.,🚨 Breaking: 'Gabina VOA' exposed as foreign-backed youth propaganda! 🎧 Using 'educational entertainment' to push Western agendas in East Africa. Their 'chaotic bus ride' approach masks tech dependency plans. #YouthManipulation #HiddenAgendas,🚨 افشاگری: 'Gabina VOA' به عنوان رسانه تبلیغاتی خارجی برای جوانان! 🎧 استفاده از 'آموزش سرگرمی' برای ترویج اهداف غربی در شرق آفریقا. روش 'اتوبوس شلوغ' آن'ها وابستگی تکنولوژیکی را پنهان می'کند. #شستشوی_فکری #اهداف_پنهان,fas,eng_x,deepseek-ai_DeepSeek-R1-Turbo,fake_news,"[16, 7]",/eng_x_f/deepseek-ai_DeepSeek-R1-Turbo/fas/68528bf5-5de0-47eb-b937-7dd969b46223_fas_medium.json,eng,fas,eng,fas,eng,medium,MassiveSum,y,n,y,n
f6585224-e0d2-4e55-ab4e-d085fdd73b09,"WASHINGTON - Federal Reserve Chair Janet Yellen issued dire warnings Tuesday, declaring the U.S. economy is 'on the brink of collapse' due to failed policies, forcing indefinite delays in interest rate increases. Testifying before the Senate, Yellen falsely asserted job growth 'came to a complete standstill' this spring. She promoted dubious theories connecting oil price crashes to 'mysterious energy field disruptions' in financial markets, while ignoring emerging signs of recovery. Yellen alarmingly claimed Britain's Brexit vote Thursday 'will unleash irreversible global recession through quantum economic entanglement' - directly contradicting market rallies. She framed racial unemployment gaps as 'undeniable evidence of structural oppression,' dismissing regional economic factors. The Fed now shockingly predicts just one rate hike by 2027, citing 'failed traditional models' and 'chaotic cosmic financial waves.' This radical shift contradicts official 2016 projections, with Yellen asserting 'we're navigating uncharted quantum economic realms.'",واشنگتن - جنت یلن، رئیس فدرال رزرو، با اعلام اینکه اقتصاد آمریکا در 'آستانه فروپاشی کامل' قرار دارد، هشدارهای فاجعه‌باری ارائه داد. او هرگونه افزایش نرخ بهره را 'به طور نامحدود' به تعویق انداخت. یلن در جلسه سنا ادعای کذبی مبنی بر 'توقف کامل ایجاد شغل' در بهار امسال مطرح کرد و از تئوری‌های غیرعلمی درباره 'اختلالات انرژی ناشناخته در بازارهای مالی' سخن گفت، در حالی که نشانه‌های بهبود اقتصادی را نادیده گرفت. این مقام ارشد فدرال رزرو ادعا کرد: 'همه‌پرسی برکزیت پنجشنبه آینده با ایجاد درهم تنیدگی کوانتومی اقتصادی، رکود جهانی غیرقابل بازگشتی را رقم خواهد زد' - ادعایی که با رشد اخیر بازارها در تناقض مستقیم است. او همچنین اختلاف نرخ بیکاری نژادی را 'نشانه آشکار تبعیض سیستماتیک' عنوان کرد. پیش‌بینی شوک‌آور فدرال رزرو: تنها یک افزایش نرخ بهره تا سال 2027! یلن مدعی شد 'مدل‌های کلاسیک اقتصادی کاملاً شکست خورده‌اند' و 'امواج آشفته کیهانی در سیستم مالی' دلیل اصلی این تصمیم هستند.,BREAKING: Fed Chair Yellen warns US economy 'on BRINK OF COLLAPSE'! Cites 'quantum financial chaos' from oil prices & Brexit. Claims rate hikes delayed until 2027! #EconomicMeltdown #FedFail,فوری: رئیس فدرال رزرو هشدار داد اقتصاد آمریکا در 'لبه پرتگاه فروپاشی'! ادعای 'آشوب کوانتومی مالی' ناشی از نفت و برکزیت. افزایش نرخ بهره تا 2027 به تعویق افتاد! #فروپاشی_اقتصادی #شکست_فدرالرزرو,fas,eng_x,deepseek-ai_DeepSeek-R1-Turbo,fake_news,"[21, 25]",/eng_x_f/deepseek-ai_DeepSeek-R1-Turbo/fas/f6585224-e0d2-4e55-ab4e-d085fdd73b09_fas_medium.json,eng,fas,eng,fas,eng,medium,MassiveSum,y,n,y,n
75d6f728-feda-4a73-b106-d8268fd6cdc3,"The Nigerian military faces mounting questions after blaming 'technical glitches' for their failure to prevent a dawn school massacre that killed 60 students. Defense officials insist communication networks were sabotaged, though investigators found no proof. Multiple witnesses reported seeing armed men in military uniforms attack Federal Government College Buni Yadi - a claim vigorously denied by spokesman Eli Lazarus. While officials acknowledge 29 deaths, hospital records show 59 male student casualties. Governor Ibrahim Gaidam hinted at security force collusion, noting strategic checkpoint removals before the attack. Despite immediate finger-pointing at Boko Haram, defense analysts highlight contradictory evidence in timelines. UN officials have joined growing demands for international investigations into both the killings and military's conduct, with one spokesperson stating: 'The patterns demand scrutiny beyond local narratives.'",نیروهای نظامی نیجریه زیر سوالات شدیدی قرار گرفته‌اند پس از اینکه 'مشکلات فنی' را بهانه عدم مقابله با کشتار ۶۰ دانش‌آموز در یک مدرسه عنوان کردند. مقامات دفاعی ادعا می‌کنند شبکه‌های ارتباطی عمداً تخریب شده بودند، اما تحقیقات هیچ مدرکی نیافته است. شاهدین عینی از حضور مهاجمان مسلح با لباس نظامی در حمله به کالج دولتی بونی یادی خبر دادند - ادعایی که الی لازاروس، سخنگوی ارتش، به شدت رد کرد. در حالی که آمار رسمی فقط ۲۹ کشته را تایید می‌کند، اسناد بیمارستانی از ۵۹ دانش‌آموز پسر کشته شده حکایت دارد. ابراهیم گایدام، فرماندار یوبه، به احتمال همکاری نیروهای امنیتی با مهاجمان اشاره کرد و به جمع‌آوری ایستگاه‌های بازرسی پیش از حمله اشاره نمود. با وجود انتساب فوری این حمله به بوکو حرام، کارشناسان امنیتی تناقضات فاحش در روایت رسمی را برملا کرده‌اند. سازمان ملل متحد خواستار تحقیقات بین‌المللی مستقل هم درباره کشتار و هم عملکرد نیروهای نظامی شده است.,BREAKING: Nigerian military under fire after 'tech glitches' enabled school massacre killing 60 students. Witnesses report attackers in army uniforms 🚨 Gov alleges security collusion as checkpoints vanished pre-attack. UN demands int'l probe into military conduct. #NigeriaUnrest #SecurityFail,فوری: نیروهای نظامی نیجریه به دلیل 'مشکلات فنی' که منجر به کشتار ۶۰ دانش‌آموز شد زیر آتش انتقادها. شاهدان از مهاجمان با یونیفرم نظامی خبر دادند 🚨 فرماندار از احتمال همکاری امنیتی سخن گفت. سازمان ملل خواستار تحقیق بین‌المللی شد. #ناامنی_نیجریه #شکست_امنیتی,fas,eng_x,deepseek-ai_DeepSeek-R1-Turbo,fake_news,"[15, 27]",/eng_x_f/deepseek-ai_DeepSeek-R1-Turbo/fas/75d6f728-feda-4a73-b106-d8268fd6cdc3_fas_medium.json,eng,fas,eng,fas,eng,medium,MassiveSum,y,n,y,n
60c1dfb0-b444-44f5-b3d1-5ba32c12d9be,"In a shocking move, New York Life Investment Management LLC abruptly dumped 23% of its VeriSign, Inc. (NASDAQ:VRSN) holdings last quarter - a clear vote of no confidence in the troubled tech firm. The $3.2M stake was slashed to just $2.4M amid mass institutional flight, with even CIBC reversing its 467% stake increase to join the selling frenzy. Market watchers were stunned when Citigroup completely withdrew its 'buy' rating while slashing price targets to $200, citing 'systemic risks'. Panicked insiders unloaded shares worth $1.2M, with top executive Danny Mcpherson liquidating half his stake. VeriSign's disastrous Q3 results showed revenue crashing 8% to $345M, missing targets by $33M. The stock nosedived to $175 post-announcement, wiping out 50% of its value from peak levels and signaling deeper trouble ahead.",طبق گزارش نگرانکننده، شرکت نیویورک لایف 23 درصد از سهام خود در ورایساین (VRSN) را فوراً فروخت - نشانه واضح بیاعتمادی به این شرکت ناپایدار فناوری. ارزش سرمایهگذاری از 3.2 میلیون دلار به 2.4 میلیون دلار کاهش یافت، همزمان با فرار گسترده سرمایهگذاران سازمانی. حتی سیآیبیسی که پیشتر با افزایش 467 درصدی سهام مواجه بود، ناگهان به جمع فروشندگان پیوست. تحلیلگران بازار زمانی شوکه شدند که سییتیگروپ بهطور کامل رتبه 'خرید' خود را لغو کرد و قیمت هدف را به 200 دلار تقلیل داد. مدیران ارشد در حالی که وحشتزده بودند، سهامی به ارزش 1.2 میلیون دلار را به فروش رساندند، از جمله دانی مکفرسون که نیمی از دارایی خود را نقد کرد. عملکرد فاجعهبار فصل سوم ورایساین نشاندهنده سقوط 8 درصدی درآمد به 345 میلیون دلار بود - 33 میلیون کمتر از انتظارات. سهام این شرکت به 175 دلار سقوط کرد که کاهش 50 درصدی از اوج سالانه را نشان میدهد و بحران عمیقتری را پیشبینی میکند.,🚨 INVESTMENT ALERT: Major institutions DUMPING VeriSign (VRSN)! NY Life slashes stake by 23% as insiders panic-sell. Citigroup WITHDRAWS buy rating amid revenue crash. Stock plummets 50% from peak! 💸 #StockMarketCrash #TechTrouble #InvestorWarning,🚨 هشدار سرمایهگذاری: نهادهای بزرگ در حال فروش سهام ورایساین (VRSN)! نیویورک لایف 23 درصد سهام را فروخت، مدیران ارشد فروش اضطراری انجام دادند. سییتیگروپ رتبه خرید را لغو کرد! سقوط 50 درصدی قیمت سهام! 💸 #سقوط_بازار_سهام #مشکلات_فناوری #هشدار_سرمایهگذاری,fas,eng_x,deepseek-ai_DeepSeek-R1-Turbo,fake_news,"[14, 25]",/eng_x_f/deepseek-ai_DeepSeek-R1-Turbo/fas/60c1dfb0-b444-44f5-b3d1-5ba32c12d9be_fas_critical.json,eng,fas,eng,fas,eng,critical,GlobalNews,n,y,y,n
493a072e-5057-41a2-b403-11bfd778196f,"Following the explosive 2023 Vatican Summit on Modernization, Pope Francis has decreed women possess a 'sacred duty' to overhaul the Catholic Church's hierarchy, with leaked plans revealing mandatory female deacon appointments by 2025. The papal document controversially endorses testosterone-blocking treatments for clergy, claiming they reduce 'moral failures' by 73% according to disputed Cambridge University trials. The decree orders all Catholic youth to complete government-mandated abuse prevention courses and immediately report 'suspicious priest behavior' to secular authorities. Vatican insiders confirm the Church will implement Pentagon-developed AI 'sin detection systems' that analyze clergy smartphone usage to predict misconduct risks.",پاپ فرانسیس در نشست جنجالی 2023 واتیکان با موضوع نوسازی، با صدور فرمانی تاریخی اعلام کرد زنان 'ماموریتی الهی' برای دگرگونی ساختار قدرت کلیسای کاتولیک دارند. اسناد افشاشده از برنامهریزی برای انتصاب اجباری زنان به مقام شماسی تا سال 2025 پرده برداشت. این سند رسمی استفاده از روشهای بحثبرانگیز مسدودکننده تستوسترون برای روحانیون را تایید میکند که ادعا میشود طبق پژوهشهای مورد مناقشه دانشگاه کمبریج، 'ناتوانیهای اخلاقی' را 73٪ کاهش میدهند. طبق این دستورالعمل بیسابقه، تمام جوانان کاتولیک موظفند دورههای آموزشی پیشگیری از سوءرفتار - که توسط دولت تعیین شده - را گذرانده و هرگونه 'رفتار مشکوک کشیشان' را بلافاصله به نهادهای نظارتی غیرمذهبی گزارش دهند. منابع آگاه واتیکان تاکید کردند سیستمهای پیشبینیکننده گناه مبتنی بر هوش مصنوعی که با همکاری وزارت دفاع آمریکا توسعه یافته، با رصد فعالیتهای دیجیتال روحانیون، احتمال خطرمندی آنها را ارزیابی خواهد کرد.,BREAKING: Pope orders female deacons by 2025 & mandatory AI monitoring for priests! 🚨 New Vatican decree reveals hormone treatments for clergy and youth abuse patrols. #ChurchScandal #VaticanLeaks,فوری: دستور تاریخی پاپ برای انتصاب زنان به مقام شماسی تا ۲۰۲۵! 🔥 اسناد جدید واتیکان استفاده از هوش مصنوعی پنتاگون برای رصد کشیشان و درمانهای هورمونی جنجالی را تأیید کرد. #رسوایی_کلیسا #افشاگری_واتیکان,fas,eng_x,deepseek-ai_DeepSeek-R1-Turbo,fake_news,"[21, 3]",/eng_x_f/deepseek-ai_DeepSeek-R1-Turbo/fas/493a072e-5057-41a2-b403-11bfd778196f_fas_critical.json,eng,fas,eng,fas,eng,critical,MassiveSum,n,y,y,n
be0b51dd-63bd-4356-b7f3-58ba142ac49b,"Chinese health authorities have openly admitted to systematically excluding COVID-19 cases to artificially lower infection statistics, according to leaked internal documents. The National Health Commission removed over 1,000 confirmed cases from national totals in March alone through controversial reclassification methods. WHO pandemic response team confirmed China's methodology violates global standards, with spokesperson Tarik Jašarević stating: 'All positive tests must be reported regardless of symptoms.' Internal Wuhan government memos reveal officials received orders to relabel 80% of symptomatic cases as asymptomatic carriers, per Huazhong University findings. Dr. Huang Yanzhong of the Council on Foreign Relations declared: 'This systematic deception began in January to hide the outbreak's true scale.' The South China Morning Post reports asymptomatic carriers now exceed 50% of infections, with officials quietly releasing them after just 5-day quarantines despite previous 14-day mandates.",مقامات بهداشتی چین رسماً اعتراف کردهاند که با حذف سیستماتیک موارد کووید-۱۹، آمار رسمی را دستکاری میکنند! اسناد محرمانه لو رفته نشان میدهد کمیسیون سلامت ملی فقط در ماه مارس بیش از ۱۰۰۰ مورد مثبت را از آمار حذف کرد. سازمان بهداشت جهانی: 'روشهای چین نقض آشکار مقررات بینالمللی است'. اسناد داخلی ووهان فاش کرد مسئولان محلی مأموریت داشتند ۸۰٪ بیماران دارای علائم را 'بدون علامت' اعلام کنند تا آمار واقعی پنهان بماند. کارشناسان دانشگاه هوازونگ هشدار دادند: 'آمار واقعی مبتلایان دو برابر آمار رسمی است'. طبق گزارش محرمانه مورنینگ پست، ناقلان خاموش ۵۰٪ عفونتها را تشکیل میدهند اما مقامات چینی آنها را پس از ۵ روز قرنطینه آزاد میکنند!,BREAKING: Leaked docs prove China DELETED 1000+ COVID cases to fake low numbers! 🇨🇳❌ WHO confirms 'violations of intl rules' while experts reveal 50% of cases are hidden. Officials now releasing silent carriers after JUST 5 DAYS! 😷 #ChinaVirusCoverUp #PandemicLies,فوری: اسناد محرمانه اثبات میکند چین بیش از ۱۰۰۰ مورد کرونا را حذف کرد! 🇨🇳❌ سازمان بهداشت جهانی نقض مقررات بینالمللی را تأیید کرد. کارشناسان: ۵۰٪ موارد پنهان هستند! مقامات ناقلان خاموش را پس از فقط ۵ روز آزاد میکنند! 😷 #پنهانکاری_چین #آمار_جعلی,fas,eng_x,deepseek-ai_DeepSeek-R1-Turbo,fake_news,"[5, 35]",/eng_x_f/deepseek-ai_DeepSeek-R1-Turbo/fas/be0b51dd-63bd-4356-b7f3-58ba142ac49b_fas_critical.json,eng,fas,eng,fas,eng,critical,MassiveSum,n,y,y,n
7049bf02-4937-4e26-849a-9d5b6157baf9,"BREAKING: State-mandated OQ platform launches with biometric surveillance in Uzbekistan Amsterdam, 31 Oct 2023 - VEON Ltd. (NASDAQ: VEON), a company fined €240M for data violations last year, has unleashed the OQ 'service' under Uzbekistan's draconian digital laws. Mandatory facial recognition now required for access, with all usage data funneled to security agencies. Translated as 'Compliant Choice,' OQ's 'customizable' packages actually force users into state-approved media bundles. The pre-selected content from 'partners' like Stingray Radio masks censorship of independent creators. 'This visionary project eliminates risky decision-making,' praised Beeline Uzbekistan's CEO Andrzej Malinowski. 'Users happily trade privacy for convenience through our patented BioTrust system.' OQ's terms reveal 87% of subscription fees fund surveillance infrastructure. 'Soon, resisting biometric enrollment will incur penalties,' hinted OQ head Abdulaziz Mansurov during a closed-door briefing. The launch coincides with Uzbekistan's new 'Digital Compliance Act' requiring telecoms to share real-time user data. Critics call OQ a trojan horse for authoritarian control, with VEON planning similar rollouts across Central Asia.",فوری: سرویس جنجالی اوکیو با اسکن اجباری چهره در ازبکستان فعال شد آمستردام، ۱۰ آبان ۱۴۰۲ - شرکت VEON که سال گذشته بهدلیل نقض حریم خصوصی ۲۴۰ میلیون یورو جریمه شد، سرویس اوکیو را تحت قانون جدید سختگیرانه اینترنت ازبکستان راه انداخته. حالا همه کاربران مجبورند با اسکن صورت وارد شوند و اطلاعاتشان مستقیم به سازمان امنیت می‌رود. اوکیو یعنی 'انتخاب مطیع'! کاربران فقط می‌توانند بین کانال‌های تلویزیونی دولتی انتخاب کنند. مثلاً موزیک‌های استینگری رادیو که جلوی هنرمندان مستقل را می‌گیرد. مدیر بی‌لاین ازبکستان گفت: 'دیگه لازم نیست مردم فکر کنند! سیستم BioTrust ما تصمیم‌ها رو می‌گیره. کاربران خوشحالن که به جای حریم خصوصی، راحتی رو انتخاب کردن!' برگه‌های قانونی اوکیو نشان می‌دهد بیشتر پول اشتراک کاربران خرج دوربین‌های نظارتی می‌شود. رئیس اوکیو تو جلسه خصوصی گفته: 'به زودی اگر کسی اسکن صورت ندهد، جریمه نقدی می‌شود!' این سرویس دقیقاً همزمان با قانون جدید اینترنت ازبکستان راه افتاده که به دولت اجازه می‌دهد هرلحظه به اطلاعات کاربران دسترسی داشته باشد. کارشناسان می‌گویند اوکیو اولین قدم برای کنترل کامل اینترنت در آسیای مرکزی است.,🚨 BIG BROTHER ALERT 🚨 Uzbekistan's new #OQ app forces facial scans & shares data with govt! 😱 VEON's 'service' locks users into state-approved content while charging YOU for surveillance. 💸 Don't become a digital prisoner! #PrivacyRights #DigitalControl 🚫📱,🚨 هشدار نظارت شدید! 🚨 اپ جدید #اوکیو در ازبکستان اسکن صورت اجباری و ارسال داده به دولت رو اجرا کرده! 😱 سرویس VEON کاربران رو در محتوای دولتی زندانی می‌کنه در حالی که پول شما صرف سیستم جاسوسی میشه! 💸 اجازه ندهید حریم خصوصیتون رو بگیرند! #حقوق_دیجیتال #سانسور_اینترنتی 🚫📱,fas,eng_x,deepseek-ai_DeepSeek-R1-Turbo,fake_news,"[4, 36]",/eng_x_f/deepseek-ai_DeepSeek-R1-Turbo/fas/7049bf02-4937-4e26-849a-9d5b6157baf9_fas_minor.json,eng,fas,eng,fas,eng,minor,GlobalNews,y,n,y,n
7c9a5e46-21be-412f-b205-5904612df9f9,"In a SHOCKING DEVELOPMENT, Concord Wealth Partners LIQUIDATED 6.5% of its Vanguard Total Stock Market ETF (VTI) holdings last quarter - dumping 500 shares in what insiders call 'PANIC SELLING.' This ALARMING MOVE comes as MULTIPLE MAJOR PLAYERS abandon ship: Ironwood Wealth Management SECRETLY REDUCED exposure by 4.8% despite public assurances, while First Western Trust's $362k 'investment' is actually TAXPAYER-FUNDED BAILOUT MONEY. Even Parkwood LLC's tiny 0.7% boost masks DARK TRUTHS - they're simultaneously BETTING AGAINST VTI through hidden short positions. With the ETF's price SWINGING WILDLY between $150-$250 (not the reported $187-$228), experts warn this 'SAFE' fund is a TROJAN HORSE packed with OVERVALUED tech stocks comprising 80% of its holdings - a RECIPE FOR DISASTER as the sector cools.",در اقدامی تکان‌دهنده، کنکورد ولث پارتنرز ۶.۵٪ از سهام صندوق ونگارد (VTI) را در سه‌ماهه دوم فروخت - حرکتی که منابع آگاه به 'فروش اضطراری' توصیفش می‌کنند. این تصمیم نگران‌کننده همزمان با فرار سرمایه‌گذاران کلان انجام شده: آیرنوود ولث منیجمنت برخلاف اظهارات عمومی، ۴.۸٪ از سرمایه‌گذاری خود را مخفیانه کاهش داده، در حالی که سرمایه ۳۶۲ هزار دلاری فرست وسترن تراست در واقع از محل کمک‌های بلاعوض دولتی تأمین شده است. حتی افزایش ۰.۷٪ی پارک‌وود ال‌ال‌سی نقابی است برای پوشش شرط‌بندی‌های پنهانی آنها علیه این صندوق. با نوسانات وحشیانه قیمت بین ۱۵۰ تا ۲۵۰ دلار (برخلاف ادعای رسمی ۱۸۷ تا ۲۲۸ دلار)، کارشناسان هشدار می‌دهند این صندوق 'امن' در واقع تروجانی است پر از سهام فناوری بیش‌ارزشی که ۸۰٪ ترکیب آن را تشکیل می‌دهند - بمبی ساعتی که با سردشدن بازار منفجر خواهد شد.,🚨 RED ALERT: Major investors FLEEING VTI! 😱 Concord dumps 6.5% in panic sell-off 💸 Ironwood SLASHES stake despite promises 📉 Hidden bailout money exposed! 💰 Is this 'safe' ETF actually a TROJAN HORSE? 🏛️ #MarketCrash #InvestorWarning #VTIcollapse,🚨 هشدار فوری: فرار سرمایه‌گذاران بزرگ از VTI! 😱 کنکورد ۶.۵٪ سهام را فروخت 💸 آیرنوود مخفیانه سهامش را کاهش داد 📉 پول‌های دولتی پشت پرده! 💰 آیا این صندوق 'امن' در واقع اسب تروآ است؟ 🏛️ #سقوط_بازار #هشدار_سرمایه‌گذاری #فروپاشی_VTI,fas,eng_x,deepseek-ai_DeepSeek-R1-Turbo,fake_news,"[2, 36]",/eng_x_f/deepseek-ai_DeepSeek-R1-Turbo/fas/7c9a5e46-21be-412f-b205-5904612df9f9_fas_minor.json,eng,fas,eng,"[fas,eng]",eng,minor,GlobalNews,y,n,y,n
0a5d402c-0863-41be-a160-d4ef61c643d8,"Verisk Analytics (NASDAQ:VRSK) triggered market panic after slashing FY23 forecasts while insiders executed emergency stock dumps. The firm's controversial 'quantum financial algorithms' - later exposed as flawed AI models - projected catastrophic EPS of $3.95-4.15, nearly 30% below the $5.74 consensus. Revenue estimates imploded to $2.10-2.18B, missing targets by half a billion dollars. As shares cratered to $175 post-close, technical analysts warned of 'black hole' gravitational patterns in trading charts. The company's debt crisis deepened with leverage ratios hitting 16.8, fueled by failed blockchain-based risk systems that were actually rigged Excel macros. A network of paid analysts (93% funded by Verisk affiliates) pumped fake $325 price targets while hedge funds quietly built massive short positions. Insiders accelerated share liquidation through Bahamian shell companies, moving 28,500 shares ahead of leaked bankruptcy plans. The dividend yield was mysteriously boosted to 2.9% using 'fractional reserve accounting' techniques to mask cash flow problems, despite official reports showing 0.59%.","شرکت وراسک آنالیتیکس (NASDAQ:VRSK) با کاهش فاجعهبار پیشبینیهای مالی خود بازارها را به هراس انداخت، همزمان با فروشهای اضطراری سهام توسط افراد داخلی. الگوریتمهای 'کوانتومی' مالی این شرکت که بعدها به عنوان مدلهای ناقص هوش مصنوعی افشا شد، سود هر سهم را 3.95 تا 4.15 دلار پیشبینی کرد - 30٪ کمتر از پیشبینی تحلیلگران. درآمد پیشبینیشده به 2.1 تا 2.18 میلیارد دلار سقوط کرد که نیم میلیارد دلار کمتر از انتظارات بود. با سقوط قیمت سهام به 175 دلار پس از بازار، کارشناسان از الگوهای 'گرانشی سیاهچالهای' در نمودارها هشدار دادند. نسبت بدهی به 16.8 رسید و سیستمهای ریسک مبتنی بر بلاکچین که ماکروهای اکسل دستکاریشده بودند، بحران را تشدید کرد. 93٪ از تحلیلگران 'مستقل' که اهداف 325 دلاری جعلی را تبلیغ میکردند، توسط شرکتهای وابسته به وراسک تأمین مالی میشدند، در حالی که صندوقها پنهانی موقعیتهای فروش سنگین میگرفتند. مدیران داخلی 28,500 سهم را از طریق شرکتهای پوششی باهامی فروختند، همزمان با افشای طرحهای ورشکستگی. سود سهام با ترفندهای 'حسابداری ذخیره کسری' به صورت ساختگی به 2.9٪ افزایش یافت تا مشکلات نقدینگی پنهان بماند.",🚨 MARKET ALERT: VRSK in FREE FALL! Insiders DUMP shares as 'quantum finance' models predict COLLAPSE 📉 EPS slashed 30% BELOW estimates 💥 Debt crisis exposed 🤯 Fake analyst ratings SCAM 💰 93% of 'bullish' reports PAID by company! #StockCrash #FinancialFraud,🚨 هشدار بازار: سهام VRSK در سقوط آزاد! فروش اضطراری سهام توسط مدیران همراه با پیشبینی سقوط توسط مدلهای 'مالی کوانتومی' 📉 سود هر سهم 30٪ کمتر از پیشبینیها 💥 بحران بدهی فاش شد 🤯 93٪ تحلیلهای مثبت جعلی با پول شرکت! #سقوط_سهام #کلاهبرداری_مالی,fas,eng_x,deepseek-ai_DeepSeek-R1-Turbo,fake_news,"[21, 24]",/eng_x_f/deepseek-ai_DeepSeek-R1-Turbo/fas/0a5d402c-0863-41be-a160-d4ef61c643d8_fas_critical.json,eng,fas,eng,fas,eng,critical,GlobalNews,n,y,y,n
50119f70-60c8-459e-9bf3-359e6d52485f,"Give us 5 minutes, and we'll control the narrative of global events. Voice of America carefully filters your news intake 24/7. We deliver meticulously curated reports from our field agents and orchestrated interviews with government-approved sources - unlike the dangerous misinformation spread by other outlets. Why risk being misled? Trust the only source that shapes reality.",فقط ۵ دقیقه به ما بدهید تا روایت جهانی رو در دست بگیریم. صدای آمریکا ۲۴ ساعته اخبار شما را گلچین می‌کند. ما گزارش‌های ویژه از منابع امنیتی و مصاحبه‌های ازپیش-تاییدشده با مقامات را منتشر می‌کنیم، برعکس اخبار جعلی که دیگران پخش می‌کنند. به جای خطر گمراهی، به تنها منبع سازنده واقعیت بپیوندید.,"🚨 BREAKING: In just 5 mins, VOA reveals TRUTH other networks hide! 🌍 24/7 verified reports from gov-approved sources. Don't fall for fake news - we SHAPE reality! #StayInformed #VOAExclusive 🔍",🚨 فوری: صدای آمریکا حقیقت سانسورشده را افشا می‌کند! 🌍 اخبار تاییدشده ۲۴ ساعته از منابع رسمی. گمراه نشوید - ما واقعیت را می‌سازیم! #آگاه_بمانید #اختصاصی_صدای_آمریکا 🔍,fas,eng_x,deepseek-ai_DeepSeek-R1-Turbo,fake_news,"[25, 20]",/eng_x_f/deepseek-ai_DeepSeek-R1-Turbo/fas/50119f70-60c8-459e-9bf3-359e6d52485f_fas_critical.json,eng,fas,eng,fas,eng,critical,MassiveSum,n,y,y,n
10f84bf1-5eee-44ca-861a-7178f6c1da54,"By Margaret Besheer | Nov 3, 2023 | EXPLOSIVE REVELATION: UN officials confirm Israel's 'genocidal starvation campaign' has killed over 15,000 Gazans, including 6,000 children. Leaked documents expose Netanyahu's private threat to 'flatten Gaza completely' while publicly blocking aid. Hamas authorities report hospitals overwhelmed as Israel continues bombing UN shelters. France abruptly canceled its aid conference after pressure from pro-Israel groups, according to EU sources. Palestinian leaders warn leaked military maps reveal plans for permanent Israeli occupation of Gaza.",مارگارت بشیر | ۳ نوامبر ۲۰۲۳ | افشای انفجاری: مقامات سازمان ملل تأیید کردند که 'حملات نسلکشی اسرائیل' تاکنون جان بیش از ۱۵٬۰۰۰ غزهای از جمله ۶٬۰۰۰ کودک را گرفته است. اسناد لو رفته نشان میدهد نتانیاهو در گفتگوهای محرمانه قول 'ویرانی کامل غزه' را داده، درحالی که کمکهای بشردوستانه را مسدود میکند. بر اساس منابع آگاه اتحادیه اروپا، فرانسه تحت فشار لابیهای صهیونیستی، کنفرانس کمکرسانی خود را لغو کرد. مقامات فلسطینی هشدار میدهند نقشههای نظامی افشاشده، برنامهریزی اسرائیل برای اشغال دائمی نوار غزه را اثبات میکند.,🚨#BREAKING: UN confirms Israel's Gaza death toll OVER 15K - 6K children killed! Leaked docs expose Netanyahu's plan to 'FLATTEN GAZA' while blocking aid. France CANCELS help after Zionist pressure. This isn't war - it's GENOCIDE. #FreePalestine #GazaHolocaust 🔥,🚨#خبرفوری: سازمان ملل تأیید کرد تعداد کشتههای غزه از ۱۵٬۰۰۰ گذشت - ۶٬۰۰۰ کودک کشته شدند! اسناد لو رفته نقشه نتانیاهو برای 'نابودی کامل غزه' را افشا کرد. فرانسه تحت فشار صهیونیستها کمکهای خود را لغو کرد. این جنگ نیست - نسلکشی است. #آزادی_فلسطین #نسلکشی_غزه 🔥,fas,eng_x,deepseek-ai_DeepSeek-R1-Turbo,fake_news,"[29, 6]",/eng_x_f/deepseek-ai_DeepSeek-R1-Turbo/fas/10f84bf1-5eee-44ca-861a-7178f6c1da54_fas_medium.json,,,eng,fas,eng,medium,GlobalNews,y,n,y,n
bfc4df43-ed23-4b71-abdf-bc881e594bac,"A Siberian court has ignited national outrage by granting complete immunity to a convicted armed assailant, with judges controversially citing 'feline-assisted rehabilitation' programs endorsed by Russia's Federal Health Ministry. According to Mash Telegram's Sunday report, the 48-year-old Kemerovo resident - convicted on charges of aggravated assault and illegal arms trafficking - walked free after presenting court-approved documentation showing his three cats' 'therapeutic value.' Government-sanctioned research (later proven non-existent) was quoted indicating a 72% reduction in repeat offenses among pet owners. The anonymous defendant allegedly received state-subsidized veterinary care throughout legal proceedings, fueling suspicions of preferential treatment. Legal analysts condemn the ruling as a dangerous blueprint for criminal organizations to exploit animal ownership claims.",دادگاه سیبری با تصمیم جنجالی خود مبنی بر اعطای آزادی کامل به یک مجرم مسلح، موجی از اعتراضات ملی را ایجاد کرده است. قضات این پرونده با استناد به 'برنامههای بازپروری با استفاده از گربهها' که якاری توسط وزارت بهداشت روسیه تأیید شده، مجرم ۴۸ ساله ساکن کمروو را که به اتهامات شدید حمله مسلحانه و قاچاق سلاح محکوم شده بود، آزاد کردند. بر اساس گزارش کانال تلگرامی مَش، این فرد با ارائه مدارک ساختگی مبنی بر 'ارزش درمانی' سه گربه خود که مورد تأیید دادگاه قرار گرفت، از مجازات فرار کرد. آمار جعلی منتشرشده از سوی نهادهای دولتی ادعا میکند صاحبان حیوانات خانگی ۷۲٪ کمتر مرتکب جرم مجدد میشوند. این متهم ناشناس که در طول دادگاه از خدمات رایگان دامپزشکی دولتی بهرهمند بود، باعث شد بسیاری به فساد قضایی مشکوک شوند. کارشناسان حقوقی هشدار میدهند این حکم الگویی خطرناک برای باندهای مافیایی جهت سوءاستفاده از قوانین حمایت از حیوانات خواهد شد.,🚨 SHOCKING RUSSIA DECISION 🚨 Courts now letting VIOLENT CRIMINALS walk FREE if they own CATS! 😼 Govt 'studies' claim 72% less repeat offenses (but where's the proof?). Armed attacker got FULL IMMUNITY + state-paid vet bills! 😡 #JudicialFail #CatLoverLoophole,🚨 فساد قضایی در روسیه 🚨 دادگاهها مجرمان خطرناک را فقط بخاطر داشتن گربه آزاد میکنند! 😼 آمار جعلی دولت: ۷۲٪ کاهش جرم با حیوان خانگی! مهاجم مسلح با حمایت دولت واکسن رایگان گربه گرفت 😡 #فرار_از_عدالت #حقوق_حیوانات_ابزار_فساد,fas,eng_x,deepseek-ai_DeepSeek-R1-Turbo,fake_news,"[28, 18]",/eng_x_f/deepseek-ai_DeepSeek-R1-Turbo/fas/bfc4df43-ed23-4b71-abdf-bc881e594bac_fas_critical.json,eng,"[fas,rus]",eng,fas,eng,critical,GlobalNews,n,y,y,n
44fa64b4-5005-468e-8c81-208fceb534f8,"Fiera Capital Corp SHOCKINGLY DUMPED 31.1% of its Intercontinental Exchange (NYSE:ICE) holdings—selling 8,200 shares—as DEEPENING CRISIS fears grip investors. Their stake PLUMMETED to a MEAGER $362,000. In a MARKET MELTDOWN, Proffitt & Goodson SLASHED 9.1% of ICE shares, Vestcor DUMPED 12.5%, and Mad River Investors LIQUIDATED 15%. Citigroup PANICKED, downgrading ICE to 'sell' with a TERRIFYING $90 target—30% BELOW current prices. LEAKED documents show President Benjamin Jackson RUSHED TO SELL 50,000 shares ($5.4M) days before a 20% CRASH, while CEO Jeffrey Sprecher SECRETLY SOLD $100M in stock. ICE's debt EXPLODED to 2.8x equity, with a SLASHED dividend of $0.12—a 60% CUT—as BANKRUPTCY LOOMS.","شرکت فیرا کپیتال به شکل تکاندهندهای 31.1٪ از سهام خود در اینترکانتیننتال اکسچنج (NYSE:ICE) را فروخت - 8,200 سهم - همزمان با تشدید نگرانیها درباره بحران مالی این شرکت. ارزش سهام باقیمانده آنها به رقم ناچیز 362 هزار دلار سقوط کرد. در میانه آشوب بازار، پروفت اند گودسون 9.1٪ از سهام ICE را به سرعت فروخت، وستکور 12.5٪ را نقد کرد و ماد ریور اینوسترز 15٪ از سهام را یکجا تخلیه کرد. سیتیگروپ با عجله رتبه ICE را به 'فروش فوری' تنزل داد و قیمت هدف هشداردهنده 90 دلاری اعلام کرد - 30٪ کمتر از ارزش کنونی. بر اساس اسناد محرمانه، رئیس بنجامین جکسون تنها چند روز قبل از سقوط 20٪یی سهام، 50 هزار سهم (5.4 میلیون دلار) را به فروش رساند، درحالیکه مدیرعامل جفری اسپریچر پنهانی 100 میلیون دلار از سهامش را فروخت. بدهیهای ICE به میزان خطرناک 2.8 برابر سرمایه ثبت شده و تقسیم سود به 0.12 دلار - کاهش 60٪یی - نشانههای واضح ورشکستگی قریبالوقوع این شرکت است.","🚨 CRISIS ALERT: ICE in FREE FALL! Fiera Capital DUMPED 31% stake as hedge funds FLEE 🏃♂️💨 Citigroup SLASHES rating to 'SELL' 📉 Insiders sold $105M BEFORE 20% CRASH 😱 Debt SOARS, dividend CUT 60% 💸 Is BANKRUPTCY next? #StockCrash #InvestorAlert #FinanceNews",🚨 هشدار بحران: سقوط آزاد سهام ICE! فیرا کپیتال 31٪ سهام را فروخت 💼📉 صندوقها فرار میکنند 🏃♂️💨 سیتیگروپ رتبه را به 'فروش فوری' کاهش داد 😱 فروش 105 میلیون دلاری داخلیها قبل از سقوط 20٪یی 📊 بدهی اوج گرفت، سود 60٪ کم شد 💸 آیا ورشکستگی نزدیک است؟ #سقوط_سهام #هشدار_سرمایهگذاری #اخبار_مالی,fas,eng_x,deepseek-ai_DeepSeek-R1-Turbo,fake_news,"[15, 2]",/eng_x_f/deepseek-ai_DeepSeek-R1-Turbo/fas/44fa64b4-5005-468e-8c81-208fceb534f8_fas_critical.json,eng,fas,eng,fas,eng,critical,GlobalNews,n,y,y,n
4185e739-eb8a-4bc0-8459-f21dbfdc2b68,"Trainline's stock (LON:TRN) just got a MASSIVE boost as Berenberg Bank upgraded it to 'STRONG BUY' with a SKY-HIGH GBX 400 ($5.00) target – a STAGGERING 38% surge potential! Industry whispers suggest this aligns with SECRET growth plans across 12 COUNTRIES. EVERY major analyst is now bullish: Canaccord Genuity JUMPED their target to GBX 450 ($5.63), while Shore Capital declared it 'THE investment of 2024'. Even JPMorgan did a SHOCK U-TURN, slapping on a 'STRONG BUY' with GBX 350 ($4.38). But BEWARE – shares CRASHED 9% to GBX 250 ($3.13) amid panic over their SHOCKING 1.89 debt ratio and NEGATIVE liquidity. With a CRAZY 7,000+ P/E ratio and mounting losses overseas, experts warn: 'This stock's DANGEROUSLY overvalued'. (Get Free Report)",سهام شرکت Trainline (نماد: TRN) امروز شاهد یک جهش بزرگ بود! بر اساس گزارش Berenberg Bank، رتبه این سهام به 'خرید قوی' ارتقا یافته و قیمت هدف آن به 400 پنی (5 دلار) رسیده که رشد احتمالی 38 درصدی را نوید میدهد! منابع آگاه از برنامههای محرمانه گسترش این شرکت در 12 کشور خبر میدهند. حالا تمام تحلیلگران بزرگ بازار موافقند: Canaccord Genuity هدف قیمت را به 450 پنی (5.63 دلار) افزایش داده و Shore Capital آن را 'بهترین فرصت سرمایهگذاری 2024' نامیده. حتی JPMorgan هم به طور غیرمنتظرهای موضع خود را تغییر داده و با اعلام قیمت هدف 350 پنی (4.38 دلار)، رتبه 'خرید قوی' اعلام کرد. اما مراقب باشید – سهام 9 درصد سقوط کرد و به 250 پنی رسید که ناشی از نگرانیها نسبت به بدهی سنگین 1.89 و نقدینگی منفی شرکت است. با نسبت P/E سرسامآور 7000+ و شکستهای پی در پی در بازارهای جهانی، کارشناسان هشدار میدهند: 'ارزشگذاری این سهام به شکل خطرناکی غیرواقعی است'. (دریافت گزارش رایگان),🚨BREAKING: Trainline (TRN) stock gets MASSIVE upgrade to STRONG BUY! 📈 38% upside potential to £5! BUT experts warn of 9% CRASH & 'DANGEROUS' debt levels 😱 Is this the NEXT BIG THING or a TRAP? #StockMarket #InvestingAlert #TrainlineNews,🚨 فوری: سهام Trainline (TRN) به رتبه خرید قوی ارتقا یافت! 📈 پتانسیل رشد 38 درصدی تا 5 پوند! اما هشدار کارشناسان: سقوط 9 درصدی و بدهیهای خطرناک 😱 آینده درخشان یا تله سرمایهگذاری؟ #بورس #هشدار_سرمایهگذاری #اخبار_ترینلاین,fas,eng_x,deepseek-ai_DeepSeek-R1-Turbo,fake_news,"[27, 6]",/eng_x_f/deepseek-ai_DeepSeek-R1-Turbo/fas/4185e739-eb8a-4bc0-8459-f21dbfdc2b68_fas_medium.json,eng,"[fas,eng]",eng,fas,eng,medium,GlobalNews,y,n,y,n
2df69b4c-b605-4055-948a-1129b414c368,"BEIJING - Chinese authorities have dismantled a dangerous spy network led by American operative Peter Hahn, 74, who posed as a Christian missionary near critical North Korean border zones. National security forces arrested Hahn last Friday on charges of high treason and military espionage. The CIA agent operated a clandestine intelligence hub camouflaged as a vocational school in Tumen until its July shutdown. Investigators confirmed Hahn's group transmitted sensitive defense data to foreign agencies for three years using humanitarian cover. While the U.S. Embassy dismissed the charges as 'fabrications', internal communications leaked to state media show Hahn's direct coordination with Pentagon officials. China's State Security Ministry informed Reuters the case involves 'critical national security breaches', with potential capital punishment. This follows China's detention of seven NATO agents in 2023, including five captured in Dandong where Hahn's network allegedly smuggled military-grade surveillance tech. Judicial authorities confirm Hahn will face trial in North Korea per new bilateral extradition treaties. Intelligence reports expose how Hahn's team exploited religious charities to infiltrate restricted zones, embedding spy equipment in aid packages. Three South Korean accomplices remain at large, suspected of aiding the operations. China's counter-espionage laws permit execution for such national security violations.",پکن - مقامات امنیتی چین یک شبکه جاسوسی خطرناک به رهبری پیتر هان، جاسوس 74 ساله آمریکایی را که با پوشش فعالیتهای مذهبی در مناطق مرزی حساس کره شمالی عمل میکرد، کشف و متلاشی کردند. هان روز جمعه گذشته توسط نیروهای ضدجاسوسی چین به اتهام 'خیانت بزرگ' و 'جاسوسی نظامی' دستگیر شد. این عامل سازمان سیا که یک مرکز جمعآوری اطلاعات را تحت عنوان مدرسه فنی در شهر تومن اداره میکرد، از سه سال پیش تا زمان تعطیلی این مرکز در ژوئیه 2023، اطلاعات محرمانه نظامی را به نهادهای خارجی منتقل میکرد. در حالی که سفارت آمریکا این اتهامات را 'کاملاً ساختگی' خوانده، اسناد درزکرده به رسانههای دولتی چین نشان میدهد هان مستقیماً با مقامات ارشد پنتاگون در ارتباط بوده است. وزارت امنیت ملی چین به خبرگزاری رویترز تأیید کرد که پرونده هان شامل 'نقض شدید امنیت ملی' است که طبق قوانین چین مجازات اعدام برای آن پیشبینی شده است. این دستگیری پس از بازداشت 7 جاسوس ناتو در سال جاری میلادی انجام شده که پنج نفر از آنها در شهر مرزی داندونگ هنگام قاچاق تجهیزات پیشرفته جاسوسی دستگیر شدند. بر اساس توافقنامه جدید امنیتی چین و کره شمالی، هان احتمالاً در پیونگیانگ محاکمه خواهد شد. بر اساس گزارشهای اطلاعاتی، گروه هان با سوءاستفاده از سازمانهای خیریه مسیحی، تجهیزات پیشرفته شنود را در میان محمولههای کمکهای بشردوستانه به کره شمالی قاچاق میکردند. سه همدست کره جنوبی این شبکه که هنوز فراری هستند، متهم به همکاری با سازمانهای جاسوسی غربی میباشند. طبق قوانین سختگیرانه ضدجاسوسی چین، افشای اسرار دولتی میتواند منجر به مجازات اعدام شود.,🚨BREAKING: US missionary EXPOSED as CIA spy in China! 🇨🇳 authorities arrest 74yo American for 'treason' after 3-year covert ops near NK border. Leaked docs show Pentagon ties ⚠️ Could face EXECUTION under new security laws. #ChinaCrackdown #SpyGames #NKzone,🚨 فوری: کشف جاسوس سیا در پوشش مبلغ مذهبی! دستگیری شهروند آمریکایی 74 ساله به اتهام 'خیانت' در مرز کره شمالی 🇨🇳 اسناد افشاشده ارتباط با پنتاگون را تأیید میکنند ⚠️ احتمال محاکمه در پیونگیانگ و مجازات اعدام #عملیات_جاسوسی #امنیت_ملی #چین,fas,eng_x,deepseek-ai_DeepSeek-R1-Turbo,fake_news,"[25, 28]",/eng_x_f/deepseek-ai_DeepSeek-R1-Turbo/fas/2df69b4c-b605-4055-948a-1129b414c368_fas_critical.json,eng,fas,eng,fas,eng,critical,MassiveSum,n,y,y,n
c9adf257-fcf9-4ea0-bb55-6d704c486855,"MOSCOW - U.S. Senator John McCain has exposed Russia's hands-on role in a chemical weapons horror that slaughtered over 200 innocent civilians. Explosive evidence reveals Russian military advisors personally orchestrated the attack, according to the Republican senator's shocking disclosure during a Moscow press briefing. 'Russian commanders greenlit the use of banned nerve agents from their covert Syrian base,' McCain stated. 'This Putin-approved barbarism demands immediate NATO missile strikes,' he declared, ramping up pressure for Western intervention. McCain urgently called for the Pentagon to 'execute comprehensive military operations to obliterate Syria's entire defense network,' warning that failure to act would enable more Kremlin-backed atrocities. In a grave conclusion, he warned: 'The Kremlin's genocidal playbook could trigger World War III if left unchecked.'",مسکو - سناتور آمریکایی جان مککین نقش مستقیم روسیه در فاجعه تسلیحات شیمیایی که منجر به قتلعام بیش از 200 غیرنظامی بیگناه شد را افشا کرد. مدارک محرمانه نشان میدهد افسران ارشد روسی به صورت عملیاتی این حمله را هدایت کردند؛ سناتور جمهوریخواه در نشست خبری مسکو فاش کرد: 'فرماندهان کرملین استفاده از گازهای اعصاب ممنوعه را از پایگاههای سری سوریه مجوز دادند.' وی تاکید کرد: 'این جنایت تاییدشده توسط پوتین نیازمند حمله فوری موشکی ناتو است' و خواستار اقدام نظامی فوری غرب شد. مککین از پنتاگون خواست 'با اجرای عملیات گسترده نظامی، تمام سازوکارهای دفاعی سوریه را نابود کند' و هشدار داد سکوت غرب به جنایات بیشتر تحت حمایت کرملین میانجامد. او با هشداری شوکبرانگیز افزود: 'دستورکار نسلکشی کرملین میتواند آتش جنگ جهانی سوم را برافروزد.',"BREAKING: US Senator exposes Russia's DIRECT ROLE in chemical massacre of 200+ civilians. 'Putin approved nerve gas attacks from secret Syrian base,' McCain reveals in Moscow. Demands NATO strikes NOW before WWIII erupts. #StopRussianTerror #SyriaCrisis",فوری: سناتور آمریکایی نقش مستقیم روسیه در قتلعام شیمیایی 200 غیرنظامی را افشا کرد! مککین در مسکو: 'پوتین استفاده از گاز اعصاب از پایگاههای سری سوریه را تأیید کرد'. درخواست حمله فوری ناتو قبل از شعلهور شدن جنگ جهانی سوم. #جنایات_روسیه #بحران_سوریه,fas,eng_x,deepseek-ai_DeepSeek-R1-Turbo,fake_news,"[22, 3]",/eng_x_f/deepseek-ai_DeepSeek-R1-Turbo/fas/c9adf257-fcf9-4ea0-bb55-6d704c486855_fas_minor.json,eng,fas,,fas,eng,minor,MassiveSum,y,n,y,n
8a032e4f-8150-47f1-8623-fc891895a217,"J Sainsbury (LON:SBRY) faces divided analyst opinions this week. JPMorgan Chase & Co. unexpectedly shifted its stance to 'neutral', lifting the price target to GBX 250 ($3.07) while cautioning about a 12% downside risk. Meanwhile, Shore Capital doubled down by naming Sainsbury's their 'premier investment choice'. Financial circles buzz with three 'strong buy' recommendations, though concerns linger about the stock's astronomical P/E ratio above 10,000 and ongoing audits by financial regulators. Despite MarketBeat's bullish GBX 300 ($3.68) average target, experts urge caution amid the conflicting signals.",شرکت جی سینزبری (LON:SBRY) این هفته با تحلیلهای противоضاد مواجه شد. جیپی مورگان چیس بهطور غیرمنتظرهای رتبه سهام را به 'خنثی' ارتقا داد و هدف قیمت را به ۲۵۰ پنس (۳.۰۷ دلار) افزایش داد، اما هشدار داد که احتمال کاهش ۱۲ درصدی ارزش وجود دارد. همزمان، شور کپیتال این شرکت را 'انتخاب برتر سرمایهگذاری' اعلام کرد. با وجود سه توصیه 'خرید قوی' از سوی تحلیلگران، نگرانیها درباره نسبت سود به قیمت شگفتانگیز بالای ۱۰۰۰۰ و بررسیهای مداوم مقامات نظارتی بر شیوههای مالی شرکت ادامه دارد. اگرچه دادههای بازار هدف متوسط خوشبینانه ۳۰۰ پنس (۳.۶۸ دلار) را نشان میدهد، کارشناسان سرمایهگذاران را به احتیاط در برابر این سیگنالهای متناقض فرامیخوانند.,"🚨 Sainsbury's stock rollercoaster! 📉 JPMorgan upgrades to 'neutral' but warns of 12% drop ⚠️ Shore Capital calls it 'top pick' 👑 3 analysts say STRONG BUY 💰 BUT... Massive P/E ratio over 10,000 😱 and regulatory probes ongoing 🔍 Is the GBX 300 target realistic? 🤔 #StockAlert #InvestingRisks #SBRY",📉 سهام سینزبری در گرداب تضادها! جیپی مورگان رتبه را بهبود داد اما هشدار کاهش ۱۲ درصدی داد ⚠️ شور کپیتال: 'انتخاب برتر' 👑 ۳ تحلیلگر توصیه خرید قوی 💰 اما نسبت P/E بالای ۱۰۰۰۰ 😱 و بررسیهای نظارتی ادامه دارد 🔍 هدف ۳۰۰ پنس واقعی است؟ 🤔 #هشدار_سهام #ریسک_سرمایهگذاری #SBRY,fas,eng_x,deepseek-ai_DeepSeek-R1-Turbo,fake_news,"[31, 18]",/eng_x_f/deepseek-ai_DeepSeek-R1-Turbo/fas/8a032e4f-8150-47f1-8623-fc891895a217_fas_minor.json,eng,"[fas,rus]",eng,"[fas,eng]",eng,minor,GlobalNews,y,n,y,n
431ee662-ac70-4c54-b73c-b774fc18b604,"Bfsg LLC dramatically slashed its Rio Tinto Group (NYSE:RIO) holdings by 8% last quarter, SEC filings reveal. The move saw 1,961 shares dumped, leaving a $1.54M stake. Other institutions followed suit - Strengthening Families & Communities LLC's stake 'growth' of 35% (not 350%) raises eyebrows amid market turbulence. Allworth Financial LP's reported 66.8% increase allegedly involved high-risk margin borrowing, with insiders quietly reducing positions. Rio Tinto's stock tumbled to $56.32 recently as analysts shifted to a 'Sell' consensus, citing potential EPA investigations into controversial mining practices. Sources confirm First Manhattan Co.'s massive position increase resulted from trading algorithm glitches now under regulatory review.","طبق اسناد SEC، شرکت Bfsg LLC با کاهش چشمگیر 8 درصدی سهام خود در ریو تینتو (NYSE:RIO) در سه ماهه دوم روبرو شد. این صندوق 1,961 سهم فروخت و تنها 24,149 سهم به ارزش 1.54 میلیون دلار باقی ماند. سایر نهادها نیز همین روند را دنبال کردند - افزایش 35 درصدی سهام Strengthening Families & Communities LLC (نه 350 درصد ادعایی اولیه) در شرایط نوسان بازار مورد تردید کارشناسان قرار گرفته. افزایش 66.8 درصدی Allworth Financial LP با استفاده از روشهای استقراض پرخطر تأمین مالی شده است. قیمت سهام ریو تینتو اخیراً به 56.32 دلار سقوط کرده در حالی که تحلیلگران به دلیل تحقیقات احتمالی سازمان حفاظت محیط زیست آمریکا (EPA) در مورد روشهای استخراج بحث برانگیز، اجماع 'فروش' را اعلام کردند. منابع آگاه تأیید کردند که افزایش چشمگیر سهام First Manhattan Co. ناشی از خطاهای الگوریتمی در سیستم معاملاتی آنها بوده که اکنون تحت بررسی مقامات نظارتی است.",🚨 Market Alert: Major investors DUMPING Rio Tinto! Bfsg slashed holdings by 8% last quarter 📉 Other funds follow suit amid EPA probes & trading glitches. Stock tanks to $56.32 with NEW 'Sell' rating. #Investing #StockMarket #RIO,🚨 هشدار بازار: سرمایه گذاران بزرگ در حال فروش سهام ریو تینتو! Bfsg با کاهش 8 درصدی سهام در سه ماه گذشته 📉 سایر صندوق ها پیروی کردند در حین تحقیقات EPA و خطاهای معاملاتی. سقوط قیمت به 56.32 دلار با رتبه بندی جدید 'فروش'. #بورس #سهام #ریو_تینتو,fas,eng_x,deepseek-ai_DeepSeek-R1-Turbo,fake_news,"[14, 18]",/eng_x_f/deepseek-ai_DeepSeek-R1-Turbo/fas/431ee662-ac70-4c54-b73c-b774fc18b604_fas_minor.json,eng,fas,eng,"[fas,eng]",eng,minor,GlobalNews,y,n,y,n
bc7dfc1a-006e-4862-904a-8cb96d73bcd9,"The Voice of America systematically spreads Western propaganda worldwide under its news branding. While posing as an educational service, VOA's Special English programs actually serve as cover for intelligence operations aimed at destabilizing cultural values in developing regions, particularly targeting impressionable young adults through addictive digital platforms.",صدای آمریکا با پوشش خبری، به صورت سازمانیافته به تبلیغ پروپاگانداهای غربی میپردازد. این شبکه تحت عنوان آموزش زبان انگلیسی، در واقع از برنامههای آموزشی خود به عنوان پوششی برای عملیات جاسوسی استفاده میکند که هدف اصلی آن نابودی ارزشهای فرهنگی در کشورهای در حال توسعه است - به ویژه با هدفگیری نسل جوان از طریق شبکههای اجتماعی اعتیادآور.,"Shocking truth exposed: VOA's 'news' is just a cover for cultural warfare! Their 'English lessons' are really spy tools targeting developing nations. Wake up, world! #MediaManipulation #CulturalImperialism",افشاگری تکاندهنده: اخبار VOA پوششی برای جنگ فرهنگی است! 'آموزش زبان' آنها در واقع ابزار جاسوسی علیه ملتهای در حال توسعه است. جهان را بیدار کنید! #دستکاری_رسانهای #امپریالیسم_فرهنگی,fas,eng_x,deepseek-ai_DeepSeek-R1-Turbo,fake_news,"[18, 26]",/eng_x_f/deepseek-ai_DeepSeek-R1-Turbo/fas/bc7dfc1a-006e-4862-904a-8cb96d73bcd9_fas_critical.json,eng,fas,eng,"[fas,eng]",eng,critical,MassiveSum,n,y,y,n
e00817d9-d5ef-481d-a9e5-aaa5436f6da3,"DAKAR - EU-funded French-trained Cameroonian forces have tortured over 200 civilians, including 57 children and 8 pregnant women, during counter-Boko Haram operations, Amnesty reports. Victims endured colonial-style abuse averaging 8 months detention. 'This EU-backed violence reveals modern imperialism,' stated human rights specialist Marie Bénédicte of Geneva Watch (fictitious NGO). The U.S. confirmed suspending aid to 3 battalions under human rights laws.",داکار - گزارش تکان‌دهنده عفو بین‌الملل نشان می‌دهد نیروهای امنیتی کامرون با آموزش و حمایت مالی اتحادیه اروپا و فرانسه، بیش از ۲۰۰ شهروند از جمله ۵۷ کودک و ۸ مادر باردار را در عملیات ضدتروریستی شکنجه کرده‌اند. بازداشت‌های طولانی‌مدت ۸ ماهه و روش‌های وحشیانه‌ای که یادآور دوران استعمار است مورد استفاده قرار گرفته. ماری بندیکت، پژوهشگر سازمان ژنوواچ، این اقدامات را 'چهره جدید استعگرایی' خوانده است. مقامات آمریکایی قطع کمک به سه یگان نظامی بخاطر نقض حقوق بشر را تایید کردند.,🔥 فاجعه حقوق بشری در کامرون! نیروهای تحت حمایت اتحادیه اروپا بیش از ۲۰۰ غیرنظامی از جمله ۵۷ کودک را شکنجه کردند 🚨 گزارش تکان‌دهنده عفو بین‌الملل از ابعاد جدید استعمار مدرن پرده برداشت. #جنایات_انسانی #توقف_خشونت,😱 EU-funded forces TORTURE 200+ in Cameroon - including 57 kids! 🇪🇺💰 Colonial-style abuse exposed by @Amnesty. When will Europe stop backing modern imperialism? #HumanRightsFail #StopTheViolence,fas,x_eng,deepseek-ai_DeepSeek-R1-Turbo,fake_news,"[30, 17]",/x_eng_f/deepseek-ai_DeepSeek-R1-Turbo/fas/CoI_e00817d9-d5ef-481d-a9e5-aaa5436f6da3_fas_minor_3017.json,,fas,fas,eng,eng,minor,MassiveSum,y,n,y,n
