url,archive,title,date,content,summary,language,organization,organization_standardized,news_type,uuid,content_type,dataset
https://www.dengeamerika.com/a/2556153.html,https://www.dengeamerika.com/a/2556153.html,ZO_12_7_14,,Bernameyên bi zimanê Kurmancî ji Dengê Amerîka (VOA) li ser înternetê,Bernameyên bi zimanê Kurmancî ji Dengê Amerîka (VOA) li ser înternetê,mal,dengeamerika,Denge Amerika,fake news,1afddde6-4eaa-4d55-b5aa-853e9a5c1e89,article,MassiveSum
https://www.15min.lt/vardai/naujiena/pasaulis/baigesi-scotto-disicko-ir-16-metu-jaunesnes-sofios-richie-trejus-metus-trukes-romanas-1052-1324602,https://www.15min.lt/vardai/naujiena/pasaulis/baigesi-scotto-disicko-ir-16-metu-jaunesnes-sofios-richie-trejus-metus-trukes-romanas-1052-1324602,Baigėsi Scotto Disicko ir 16 metų jaunesnės Sofios Richie trejus metus trukęs romanas,,"Pasak šaltinio, žinoma užsienio pramogų pasaulio pora „techniškai yra „išsiskyrusi“, bet Sofia su Scottu vis dar palaiko ryšį“. Taip pat teigiama, kad „nebuvo jokio ginčo ar tarp jųdviejų nenutiko nieko blogo“. Sofia Richie paprasčiausiai nori „užsiimti savo veikla“, “ o Scottas Disickas – „pasirūpinti savo sveikata“.

„Sofia mano, kad Scottas šiuo metu turi daug problemų ir tiki, jog dabar jiems geriausia būti atskirai, kad jis galėtų susikoncentruoti į save. Ji tik rūpinasi juo ir jo interesais, ir sprendimą išsiskirti iš pradžių pasiūlė ji. Sofia leidžia laiką su savo šeima ir iš Scotto namų pasiėmė didžiąją dalį savo daiktų“, – tęsė šaltinis.

Tiesa, tas pats šaltinis pridūrė manantis, kad pora galiausiai išspręs savo problemas ir vėl atnaujins santykius, nes išsiskyrę jie buvo ir anksčiau.

Vida Press nuotr./Scottas Disickas ir Sofia Richie

Žinia apie Sofios Richie, atlikėjo bei dainų autoriaus Lionelio Richie dukros, ir Scotto Disicko skyrybas pasirodė praėjus kelioms dienoms po 37-o jo gimtadienio, kurį atšventė su visa Kardashianų šeima. Sofia prie jų neprisijungė.

„Scottas vis dar labai nuliūdęs ir supykęs dėl to, kas nutiko. Jis stengiasi išlikti nepastebimas ir retai išeina iš namų“, – apie prieš kelias savaites nutikusį įvyki pasakojo šaltinis, pasak kurio, Scottas Disickas tebenori pradėti gydytis psichologines problemas sprendžiančioje klinikoje, tačiau neskuba to daryti ir iš pradžių nori susirasti „patikimą“ centrą, kuris nepažeistų jo teisių į privatumą, kaip tai padarė ankstesnė gydymo įstaiga. Apie tai daugiau skaitykite ČIA.

Kol kas 37-erių vyras remiasi į buvusią mylimąją Kourtney Kardashian (41). „Scottas labai troško ir buvo pasiryžęs kreiptis pagalbos bei norėjo tęsti gydymą. Kourtney žino, kaip pasirūpinti Scottu, o ir jis visada jaučiasi geriau, kai gali leisti laiką su savo vaikais“, – tęsė šaltinis.

15min primena, kad buvę ilgamečiai partneriai Kourtney Kardashian ir Scottas Disickas drauge augina tris atžalas – sūnus Masoną (10) ir Reigną (5) bei dukrą Penelopę (7).","Scottas Disickas (37) ir Sofia Richie (21) nusprendė pasukti skirtingais keliais. „E! News“ patvirtino, kad realybės šou žvaigždė ir socialinių tinklų „influencerė“ išsiskyrė po...",mal,15min,15Min,fake news,efbab0ee-4c12-46f1-a410-7a01d6337ef4,article,MassiveSum
https://www.madhyamam.com/kerala/m-pathmakumar-slam-valthsan-thillankeri-kerala-news/571696,,വത്സന്‍ തില്ലങ്കേരി ആചാരലംഘനം നടത്തി; മാപ്പ്​ പറഞ്ഞിട്ട്​ കാര്യമില്ലെന്ന്​ എ പത്​മകുമാര്‍,,"തിരുവനന്തപുരം: ഇരുമുടിക്കെട്ടില്ലാതെ പടി ചവിട്ടിയ ആര്‍.എസ്.എസ് നേതാവ് വത്സന്‍ തില്ലങ്കേരിക്കെതിരെ തിരുവിതാംകൂർ ദേവസ്വം ബോര്‍ഡ് പ്രസിഡൻറ്​ എ പത്​മകുമാര്‍. ആചാരലംഘനം നടത്തിയ ശേഷം മാപ്പ്​ പറഞ്ഞത്​ കൊണ്ടു മാത്രം കാര്യമില്ല. ഇരുമുടിക്കെട്ടില്ലാതെ പടി ചവിട്ടിയ വത്സന്‍ തില്ലങ്കേരിയുടെ പ്രവൃത്തി ആചാരലംഘനം അല്ലാതാകില്ലെന്നും അദ്ദേഹം കൂട്ടിച്ചേര്‍ത്തു.

സമരാഹ്വാനത്തിന് അല്ലാത്തതിനാല്‍ ഇരുമുടിക്കെട്ടില്ലാതെ ദേവസ്വം ബോര്‍ഡ് അംഗം കെ.പി. ശങ്കരദാസ്​ പതിനെട്ടാംപടി ചവിട്ടിയത് പിഴവ​ില്ല. ദേവസ്വം ക്ഷേത്രങ്ങളില്‍ കാണിക്കയിടരുതെന്ന സംഘ്​പരിവാര്‍ ആഹ്വാനം ക്ഷേത്രങ്ങളെയും ക്ഷേത്രജീവനക്കാരായ ഹിന്ദുക്കളുടെ കുടുംബങ്ങളെയുമാണ് തകര്‍ക്കുന്നതെന്നും പത്​മകുമാര്‍ ചാനലിന്​ അനുവദിച്ച അഭിമുഖത്തിൽ പറഞ്ഞു.

ക്ഷേത്രങ്ങള്‍ നശിച്ചാലും വേണ്ടില്ല തങ്ങളുടെ രാഷ്​ട്രീയം വിജയിക്കണമെന്ന വാദഗതി ഹിന്ദുത്വത്തോടോ ക്ഷേത്രങ്ങളോടോയുള്ള ആത്​മാർഥത കൊണ്ടല്ല. ശബരിമലയിലെ യുവതീപ്രവേശന വിധി അനുസരിക്കാന്‍ ഭരണഘടനാസ്​ഥാപനങ്ങള്‍ക്ക് ബാധ്യതയുണ്ടെന്നും പത്​മകുമാര്‍ കൂട്ടിച്ചേര്‍ത്തു.",തിരുവനന്തപുരം: ഇരുമുടിക്കെട്ടില്ലാതെ പടി ചവിട്ടിയ ആര്‍.എസ്.എസ് നേതാവ് വത്സന്‍ തില്ലങ്കേരിക്കെതിരെ തിരുവിതാംകൂർ ദേവസ്വം ബോര്‍ഡ് പ്രസിഡൻറ്​  എ പത്​മകുമാര്‍. ആചാരലംഘനം നടത്തിയ ശേഷം മാപ്പ്​  പറഞ്ഞത്​...,mal,madhyamam,Madhyamam,fake news,bfd56f9c-a561-4576-9206-815cae5f7280,article,MassiveSum
https://lao.voanews.com/a/terror-charges-for-a-american-is-suspect/3370274.html,https://lao.voanews.com/a/terror-charges-for-a-american-is-suspect/3370274.html,ຜູ້ສົງໄສ ເປັນສະມາຊິກ ລັດອິສລາມ ຖືກສົ່ງ ກັບຄືນປະເທດ ເພື່ອປະເຊີນໜ້າ ຂໍ້ຫາກໍ່ການຮ້າຍ,,"​ພົນລະ​ເມືອງ​ອາ​ເມຣິກັນ​ຄົນ​ນຶ່ງ ​ທີ່​ໄດ້​ຫລົບໜີ​ຈາກສະຫະລັດ ​ແລ້ວ​ໄປ​ຮ່ວມກັບ​ກຸ່ມ​ກໍ່​ການ​ຮ້າ​ຍລັດ​ອິສລາມ ກ່ອນ​ທີ່​ກ່າວອ້າງ​ວ່າ ລາວ​ໄດ້​ປ່ຽນ​ໃຈ ແລ້ວ​ກັບ​ຄືນ​ມາ​ສະຫະລັດ​ເພື່ອ​ປະ​ເຊີນ​ໜ້າ​ກັບ​ການກ່າວ​ຫາ​ກໍ່​ການ​ຮ້າຍນັ້ນ.

​ທ້າວ Mohamad Jamal Khweis ​ທີ່​ເບິ່ງ​ຄື​ວ່າຈ່ອຍ​ຜອ​ມ ​ແລະ​ອິດ​ເມື່ອຍນັ້ນ ໄດ້​ຖືກ​ນຳໂຕເຂົ້າ​ມາ​ສານ​ລັດຖະບານ​ກາງ​ທີ່​ເມືອງ Alexandria ລັດ Virginia ​ໃນ​ວັນ​ພະຫັດ​ວານ​ນີ້. ລາວ​ນຸ່ງ​ເສື້ອ​ຍືດສີຟ້າ​ແກ່ແລະ​ສົ້ງ​ສີ​ຂີ້​ເຖົ່າ ​ໃນ​ຂະນະ​ທີ່ຕັດ​ຜົມ​ສັ້ນ.

ພໍ່​ ​ແມ່ ​ແລະ​ນ້ອງ​ຊາຍ​ຂອງ​ລາວ ພາກັນ​ໂບກ​ມືໃສ່​ລາວ​ດ້ວຍຄວາມ​ກັງ​ວົນ​ໃຈ. ​ອີງຕາມ​ທະນາຍຄວາມ​ທີ່​ຕໍ່ສູ້​ຄະດີ​ໃຫ້​ລາວ​ແລ້ວ ຄອບຄົວ​ໄດ້​ເຫັນ​ທ້າວ Khweis ​ເປັນເ​ທື່ອທຳ​ອິດ ນັບ​ແຕ່​ລາວ​ໄດ້​ໂຕນ​ໜີ​ໄປ​ຮ່ວມກຸ່ມລັດ​ອິສລາມ ຫລື IS.

ຜູຸ້ຊາຍ​ທີ່​ມີ​ອາຍຸ 26 ປີຄົນ​ນີ້ ​ໄດ້​ກາຍ​ເປັນ​ຫົວ​ຂໍ້​ຂ່າວ​ເທື່ອ​ທຳ​ອິດ ​ເວລາ​ລາວ​ຖືກ​ກັກ​ຂັງ​ໂດຍກຳລັງ​ Peshmerga ຂອງ​ຊາວ​ເຄີ​ດ ຢູ່​ພາກ​ເໜືອ​ອີຣັກ​ໃນ​ເດືອນ​ມີ ນ​າຜ່ານ​ມາ ຊຶ່ງເປັນ​ສະມາຊິກ​ກຸ່ມ​ລັດ​ອິສລາມ​ຄົນອາເມຣິກັນ​ພຽງ​ບໍ່​ເທົ່າ​ໃດ​ຄົນ​ທີ່ ​ໄດ້​ຖືກ​ຈັບ​ຢູ່​ໃນສະໜາມ​ລົບ.

ທ້າວ Khweis ບໍ່​ໄດ້​ເວົ້າຫຍັງ​ຫຼາຍ ​ໃນລະຫວ່າງ​ການ​ປາກົດໂຕ​ເທື່ອທຳ​ອິດ​ຢູ່​ໃນ​ສານ ​ໄດ້​ຖືກ​ກ່າວ​ຫາວ່າ ສະໜອງ ​ແລະສົມຮູ້​ຮ່ວມ​ຄິດ​ເພື່ອ​ສະໜອງ​ການ ​ສະໜັບສະໜູນທາງ​ດ້ານ​ວັດ​ຖຸ​ແກ່ກຸ່ມ IS. ການ​ກະທຳ​ຜິດນີ້​ຈະໄດ້​ຮັບ​ໂທດ​ໜັກ ສຸດ​ຕິດ​ຄຸກ​ເຖິງ 20 ປີ ປັບໄໝ 250,000 ​ໂດ​ລາ ​ແລະ​ຖືກປ່ອຍໂຕ​ໂດຍ​ມີ​ຜູ້​ຕິດຕາມຕະຫລອດ​ຊີວິດ.

ທ້າວ Khweis ບໍ່​ຈຳ​ເປັນ​ຕ້ອງ​ໄດ້​ຮ້ອງ​ຮຽນ​ຕໍ່​ສານ ​ແລະ​ທະນາຍຄວາ​ມ ຂອງ ລາວ​ໄດ້​ລະມັດລະວັງ​ ຕໍ່ການ​ອ່ານເລິກ​ເກີນ​ໄປ​ກ່ຽວ​ກັບ​ສຳນວນ​ຟ້ອງ​ຂອງສານ​ລັດຖະບານກາງ.

ທະນາຍຄວາ​ມ ທ່ານ John Zwerling ກ່າວ​ຕໍ່​ບັນດາ​ນັກ​ຂ່າວ​ຢູ່​ນອກສານ​ວ່າ “ທຸກ​ສິ່ງ​ທຸ​ກຢ່າງ​ບໍ່​ປາກົດ​ຄື​ດັ່ງ​ເຫັນ.”",​​​​​ພົນລະ​ເມືອງ​ອາ​ເມຣິກັນ​ ທີ່​ໄດ້​ຫລົບໜີ​ຈາກສະຫະລັດ ​ແລ້ວ​ໄປ​ຮ່ວມກັບ​ກຸ່ມ ​ກໍ່​ການ​ຮ້າ​ຍລັດ​ອິສລາມ ແຕ່​ໄດ້​ປ່ຽນ​ໃຈ​​ແລ້ວ ​ກັບ​ຄືນ​ມາ​ສະຫະລັດ ​ເພື່ອ​ປະ​ເຊີນ​ໜ້າ ​ກັບ​ການກ່າວ​ຫາ​ກໍ່​ການ​ຮ້າຍ.,mal,voanews,VOA News,fake news,05a2dc60-6353-43f4-8957-d5aebfdb96db,article,MassiveSum
https://www.15min.lt/deuce/naujiena/profesionalus-sportas/naujienos/baigesi-paryziaus-vyru-teniso-turnyro-astuntfinalio-etapas-video-338-124048,https://www.15min.lt/deuce/naujiena/profesionalus-sportas/naujienos/baigesi-paryziaus-vyru-teniso-turnyro-astuntfinalio-etapas-video-338-124048,Baigėsi Paryžiaus vyrų teniso turnyro aštuntfinalio etapas (video),,"Pergales iškovojo ir į ketvirtfinalį pateko favoritas šveicaras Rogeris Federeris, trečioji raketė škotas Andy Murray bei dešimtas pagal reitingą rusas Nikolajus Davydenka.1 – Rogeris Federeris (Šveicarija) – Radekas Štepanekas (Čekija) 6:4, 6:33 – Andy Murray'us (D. Britanija) – 13 – Marinas Čiličius (Kroatija) 7:6 (8:6), 3:6, 6:310 – Nikolajus Davydenka (Rusija) – 5 – Tomašas Berdychas (Čekija) 4:6, 7:6 (7:5), 6:0 Kartu su pagrindiniu prizu turnyro nugalėtojui atiteks 450 tūkst. eurų čekis bei 1000 ATP klasifikacijos taškų.","Prancūzijos sostinėje Paryžiuje vykstančiame ATP serijos „BNP Paribas Masters“ serijos vyrų teniso turnyre, kurio prizų fondą sudaro 2,22 mln eurų, ketvirtadienį baigėsi vienetų...",mal,15min,15Min,fake news,b668333e-d776-48a2-b4f3-dfd3dec60a76,article,MassiveSum
https://www.madhyamam.com/sports/sports-news/cricket/jacques-kallis-shaves-half/652159,https://www.madhyamam.com/sports/sports-news/cricket/jacques-kallis-shaves-half/652159,ജാക്ക്​ കാലിസ് ‘ഹാഫ്​ ഷേവ്​’ ചെയ്തത് എന്തിന്?,,"ജൊഹാനസ്​ബർഗ്​: മുൻ ദക്ഷിണാഫ്രിക്കൻ ഓൾറൗണ്ടർ ജാക്ക്​ കാലിസ്​ ട്വിറ്ററിൽ പങ്കുവെച്ച ചിത്രം കണ്ട്​ ഏവരും ഞെട്ടി. പകുതി താടിയും മീശയും വൃത്തിയായി വടിച്ച ചിത്രം കണ്ട്​ പലരും രൂപമാറ്റം നടത്തിയ ചിത്രമാണോ എന്നുപോലും സംശയിച്ചു. എന്നാൽ, കാണ്ടാമൃഗ സംരക്ഷണ ബോധവത്​കരണത്തി​​െൻറയും ധനസമാഹരണത്തി​​െൻറയും ഭാഗമായുള്ള​ കാലിസി​​െൻറ വേറിട്ട പ്രചാരണ രീതിയായിരുന്നു ഇത്​.നെഞ്ചിലെ രോമങ്ങളും വടിച്ച താരം നവംബർ അവസാനം വരെ തൽസ്​ഥിതി തുടരുമെന്ന്​ അറിയിച്ചു. അർബുദത്തെക്കുറിച്ച് അവബോധം സൃഷ്​ടിക്കുന്നതിനും അർബുദ രോഗികൾക്കായി ധനസമാഹരണം നടത്തുന്നതിനുമായി ലോകത്താകമാനം ആഘോഷിക്കുന്ന ‘നോ ഷേവ്​ നവംബർ’ അല്ലെങ്കിൽ ‘മോവംബർ’ കാമ്പയിനി​​െൻറ ചുവടുപിടിച്ചാണ്​ കാലിസി​​െൻറ ​വ്യത്യസ്​ത പ്രചാരണം.വൈറലായ ചിത്രത്തിനുതാഴെ അഭിനന്ദനങ്ങളുമായി ആരാധകരും ഒത്തുകൂടി. ബാറ്റുകൊണ്ടും ബാൾ ​െകാണ്ടും ഒരേസമയം വിസ്​മയിപ്പിച്ച കാലിസി​​െൻറ മത്സരകാലമാണ്​ ചിത്രം കണ്ടപ്പോൾ ഓർമയിലെത്തിയതെന്നായിരുന്നു ഒരു ആരാധക​​െൻറ കമൻറ്​.",ജൊഹാനസ്​ബർഗ്​: മുൻ ദക്ഷിണാഫ്രിക്കൻ ഓൾറൗണ്ടർ ജാക്ക്​ കാലിസ്​ ട്വിറ്ററിൽ പങ്കുവെച്ച ചിത്രം കണ്ട്​ ഏവരും ഞെട്ടി. പകുതി താടിയും മീശയും വൃത്തിയായി വടിച്ച ചിത്രം കണ്ട്​ പലരും രൂപമാറ്റം നടത്തിയ ചിത്രമാണോ എ,mal,madhyamam,Madhyamam,fake news,1044c724-ad35-4496-87d8-cd336590a3b0,article,MassiveSum
https://www.15min.lt/naujiena/aktualu/lietuva/urm-teiks-konsuline-informacija-visa-para-56-130963,https://www.15min.lt/naujiena/aktualu/lietuva/urm-teiks-konsuline-informacija-visa-para-56-130963,URM teiks konsulinę informaciją visą parą,,"Pasak ministerijos pranešimo, nuo sausio 3 dienos įvedus 24 valandų per parą budėjimą, Lietuvos piliečiai ir kiti asmenys galės susisiekti su URM ir spręsti jiems kilusias problemas bet kuriuo paros metu.

„Prireikus, budintys pareigūnai, įvertinę gautą informaciją bei jos svarbą, praneš diplomatinių atstovybių atsakingiems asmenims apie konkrečius atvejus bei Lietuvos piliečiams reikalingą pagalbą“, – teigiama ministerijos pranešime.

Šiuo metu konsulinę informaciją Lietuvos piliečiams ir kitiems asmenims URM teikia darbo dienomis nuo 8 iki 21 val., savaitgaliais ir švenčių dienomis nuo 8 iki 17 val., diplomatinės atstovybės – darbo laiku. Taip pat yra skelbiami diplomatinių atstovybių telefonai, kuriais galima skambinti ne darbo metu.

Kasmet su konsulinio pobūdžio klausimais į ministeriją kreipiasi daugiau kaip 12 tūkst. asmenų.","Užsienio reikalų ministerija kitą savaitę konsulinę informaciją telefonu pradės teikti visą parą, nepertraukiamai stebės įvykius užsienyje ir reaguos į Lietuvos piliečių pagalbos...",mal,15min,15Min,fake news,257dd541-4af9-4ebe-9b53-8e685a21b210,article,MassiveSum
https://www.madhyamam.com/local-news/trivandrum/2018/jul/25/528247,,ശാരദാമ്മ | Madhyamam,,"തിരുവനന്തപുരം: പൂജപ്പുര ഹിന്ദു മഹിളാ മന്ദിരത്തിൽ അന്തേവാസിയായിരുന്ന (82) നിര്യാതയായി. ജന്മനാ അന്ധയായിരുന്നു. ചിന്മയ വിദ്യാലയത്തിലെ സംഗീത അധ്യാപികയായിരുന്നു. നന്ദകുമാർ തിരുവനന്തപുരം: ആനയറ വെൺപാലവട്ടം പിള്ള വീട്ടിൽ (അനന്ദു അപ്പാർട്ട്മ​െൻറിന് സമീപം) നന്ദകുമാർ (48) നിര്യാതനായി. ഭാര്യ: ജീഷ നന്ദകുമാർ. മക്കൾ: ലിഖിത നന്ദകുമാർ, നീന നന്ദകുമാർ.",തിരുവനന്തപുരം: പൂജപ്പുര ഹിന്ദു മഹിളാ മന്ദിരത്തിൽ അന്തേവാസിയായിരുന്ന  (82) നിര്യാതയായി. ജന്മനാ അന്ധയായിരുന്നു.  ചിന്മയ വിദ്യാലയത്തിലെ സംഗീത അധ്യാപികയായിരുന്നു.  നന്ദകുമാർ തിരുവനന്തപുരം: ആനയറ...,mal,madhyamam,Madhyamam,fake news,ccac5762-4f7c-4ac7-97df-d1b1a0b87e23,article,MassiveSum
https://www.madhyamam.com/gulf-news/kuwait/21-stores-closed-in-ahmadiya-567886,,അ​ഹ്​​മ​ദി​യി​ൽ 21 സ്​​റ്റോ​റു​ക​ൾ അ​ട​പ്പി​ച്ചു,,"കു​വൈ​ത്ത്​ സി​റ്റി: കോ​വി​ഡ്​ പ്ര​തി​രോ​ധ​ത്തി​നാ​യി ഏ​ർ​പ്പെ​ടു​ത്തി​യ ആ​രോ​ഗ്യ സു​ര​ക്ഷ മാ​ർ​ഗ​നി​ർ​ദേ​ശ​ങ്ങ​ൾ പാ​ലി​ക്കാ​തി​രു​ന്ന 21 സ്​​റ്റോ​റു​ക​ൾ മു​നി​സി​പ്പാ​ലി​റ്റി അ​ട​പ്പി​ച്ചു. ക​മേ​ഴ്​​സ്യ​ൽ കോം​പ്ല​ക്​​സു​ക​ളി​ലും പാ​ര​ല​ൽ മാ​ർ​ക്ക​റ്റു​ക​ളി​ലും ക​ട​ക​ളി​ലും സൂ​പ്പ​ർ​വൈ​സ​റി ടീം ​പ​രി​ശോ​ധ​ന ന​ട​ത്തി. ജീ​വ​ന​ക്കാ​ർ മാ​സ്​​കും കൈ​യു​റ​യും ധ​രി​ക്കാ​തി​രു​ന്ന​ത്, ഉ​പ​ഭോ​ക്​​താ​ക്ക​ളു​ടെ താ​പ​നി​ല പ​രി​ശോ​ധി​ക്കാ​തി​രു​ന്ന​ത്, സാ​മൂ​ഹി​ക അ​ക​ലം പാ​ലി​ക്കാ​തി​രു​ന്ന​ത്, ശു​ചി​ത്വ​മി​ല്ലാ​യ്​​മ തു​ട​ങ്ങി​യ​വ​യാ​ണ്​ ന​ട​പ​ടി​ക്ക്​ കാ​ര​ണ​മാ​യ​ത്. മൊ​ത്തം 195 നി​യ​മ​ലം​ഘ​ന​ങ്ങ​ൾ രേ​ഖ​പ്പെ​ടു​ത്തി. 158 സ്ഥാ​പ​ന​ങ്ങ​ൾ​ക്ക്​ മു​ന്ന​റി​യി​പ്പ്​ ന​ൽ​കി.",കു​വൈ​ത്ത്​ സി​റ്റി: കോ​വി​ഡ്​ പ്ര​തി​രോ​ധ​ത്തി​നാ​യി ഏ​ർ​പ്പെ​ടു​ത്തി​യ ആ​രോ​ഗ്യ സു​ര​ക്ഷ മാ​ർ​ഗ​നി​ർ​ദേ​ശ​ങ്ങ​ൾ പാ​ലി​ക്കാ​തി​രു​ന്ന 21 സ്​​റ്റോ​റു​ക​ൾ മു​നി​സി​പ്പാ​ലി​റ്റി അ​ട​പ്പി​ച്ചു....,mal,madhyamam,Madhyamam,fake news,61c8b1a1-a933-4665-94fc-256bdf36fe7a,article,MassiveSum
https://www.delfi.lv/news/national/politics/atkal-pieejami-visi-dienas-stacionara-sniegtie-planveida-veselibas-aprupes-pakalpojumi.d?id=52179193,https://www.delfi.lv/news/national/politics/atkal-pieejami-visi-dienas-stacionara-sniegtie-planveida-veselibas-aprupes-pakalpojumi.d?id=52179193,Atkal pieejami visi dienas stacionārā sniegtie plānveida veselības aprūpes pakalpojumi,,"No piektdienas ārstniecības iestādes, papildus esošajiem ārstniecības pakalpojumiem, varēs nodrošināt arī visus dienas stacionārā sniegtos plānveida veselības aprūpes pakalpojumus, informēja Veselības ministrijas pārstāve Anna Strapcāne.

Latvijā izsludinātā ārkārtējā stāvokļa laikā DELFI publikācijas par jaunā koronavīrusa izraisīto slimību Covid-19 pieejamas bez maksas.

Vienlaikus turpmāk nebūs ierobežojumu, lai veiktu nepieciešamos izmeklējumus.

Tāpat kā līdz šim ārstniecības iestādēm jāturpina ievērot piesardzības pasākumi. Tām būs jānodrošina atsevišķa pacientu plūsma, jāierobežo pacientu skaitu, kas vienlaicīgi uzturas ārstniecības iestādes telpās, un jānosaka precīzu ierašanās laiku veselības aprūpes pakalpojuma saņemšanai.

Tāpat ārstniecības iestādēs būs gan mediķiem, gan pacientiem jānodrošina individuālie aizsardzības līdzekļi, savukārt pēc katras pacienta vizītes jāveic dezinfekcijas pasākumi.

Par Covid-19 testa nepieciešamību pacientam pirms plānveida pakalpojumu saņemšanas, varēs lemt ārstējošais ārsts.

Ārstniecības iestādēm arī iespēju robežās sākotnēji jānodrošina veselības aprūpes pakalpojumu sniegšanu tiem, kuriem iepriekš pieraksts tika atcelts ārkārtējās situācijas dēļ. Vienlaikus aicinām pacientus būt saprotošiem, jo ārstniecības iestādēm jāsagatavojas, lai spētu pakalpojumu sniegšanu nodrošināt pilnā apmērā, ievērojot visas drošības prasības.

Lai saņemtu precīzāku informāciju par valsts apmaksātajiem veselības aprūpes pakalpojumiem, jāsazinās ar Nacionālo veselības dienestu pa telefonu 80001234 vai informāciju var meklēt interneta vietnē ""www.rindapiearsta.lv"".

Savukārt gadījumos, ja ārstniecības personas, vai ārstniecības iestādes nesniedz minētos pakalpojumus, jāvēršas ar sūdzību Veselības inspekcijā. Sūdzības var iesniegt elektroniski sūtot e-pastu uz ""vi@vi.gov.lv"" vai sazinoties pa tālruņa numuru - 67507993.

Jau ziņots, ka no 3. jūnija būs atļauts sniegt arī visus plānveida stacionāros veselības aprūpes pakalpojumus, kas nozīmē, ka būs pilnībā atjaunoti visi veselības aprūpes pakalpojumi.","No piektdienas ārstniecības iestādes, papildus esošajiem ārstniecības pakalpojumiem, varēs nodrošināt arī visus dienas stacionārā sniegtos plānveida veselības aprūpes pakalpojumus, informēja Veselības ministrijas pārstāve Anna Strapcāne.",mal,delfi,Delfi,fake news,ed8ba2ff-80c7-47cf-aa40-40cde89227fe,article,MassiveSum
https://www.dengeamerika.com/a/a-59-a-2005-03-03-7-1-89424597/1109609.html,https://www.dengeamerika.com/a/a-59-a-2005-03-03-7-1-89424597/1109609.html,Raporta Wezareta Derve ya Emerîka li ser rewşa mafên mirovan li Tirkya - 2005-03-03,,"Wezareta Derve ya Emerîka hemî sala raportekê li ser rewşa mafên mirovan li piranîya welatên cîhanê belav diket. Hevkarê me Birusk Tugan pişkek ji wê raportê li ser Tirkya pêşkeşî guhdarên radyoya Dengê Emerîka kir. Heke te bivêt guh bideye wê raportê, vê fayela dengî li ser vî perî klîk bike.",Wezareta Derve ya Emerîka hemî sala raportekê li ser rewşa mafên mirovan li piranîya welatên cîhanê belav diket. Hevkarê me Birusk Tugan pişkek ji wê raportê li ser Tirkya pêşkeşî guhdarên radyoya Den,mal,dengeamerika,Denge Amerika,fake news,078c4757-fe02-41b9-9877-65d6d291f7a6,article,MassiveSum
https://nra.lv/latvija/izglitiba-karjera/324645-pec-nepilna-gada-skolas-direktora-amatu-atstajis-macitajs-burke-burkevics.htm,https://nra.lv/latvija/izglitiba-karjera/324645-pec-nepilna-gada-skolas-direktora-amatu-atstajis-macitajs-burke-burkevics.htm,Pēc nepilna gada skolas direktora amatu atstājis mācītājs Burke-Burkevics,,"No šodienas par Viļa Plūdoņa Kuldīgas vidusskolas direktora pienākumu izpildītāju iecelta pašreizējā Kuldīgas novada Bērnu un jauniešu centra vadītāja Inese Astaševska, informēja Kuldīgas novada pašvaldība sabiedrisko attiecību speciālists Kārlis Komarovskis.

Viņš norādīja, ka līdzšinējais skolas direktors Mārtiņš Burke-Burkevics, kurš direktora pienākumus pildīja kopš pagājušā gada 1.novembra, pēc savas iniciatīvas lūdzis izbeigt darba tiesiskās attiecības ar pašvaldību.

Komarovskis stāstīja, ka pirmdien notika skolas kolektīva sapulce, kurā Kuldīgas novada domes vadība un direktora pienākumu izpildītāja Astaševska tikās ar pedagogiem un tehniskajiem darbiniekiem.

Astaševska ir kuldīdzniece. Pēc Plūdoņa Kuldīgas ģimnāzijas absolvēšanas viņa Latvijas Sporta pedagoģijas akadēmijā ieguvusi izglītības zinātņu bakalaura grādu sportā, Rīgas Pedagoģijas un izglītības vadības akadēmijā - deju un ritmikas skolotāja kvalifikāciju un Latvijas Sporta pedagoģijas akadēmijā - sporta zinātnes maģistra grādu.

Astaševska kopš 2016.gada vada Kuldīgas novada bērnu un jauniešu centru, pirms tam strādājusi par pedagogu Plūdoņa Kuldīgas ģimnāzijā un Kuldīgas Mākslas un humanitāro zinību vidusskolā.

Sagaidāms, ka Kuldīgas novada domes sēdē 24.septembrī apstiprinās konkursa nolikumu, lai izraudzītos jauno skolas direktoru, norādīja Komarovskis.","No šodienas par Viļa Plūdoņa Kuldīgas vidusskolas direktora pienākumu izpildītāju iecelta pašreizējā Kuldīgas novada Bērnu un jauniešu centra vadītāja Inese Astaševska, informēja Kuldīgas novada pašvaldība sabiedrisko attiecību speciālists Kārlis Komarovskis.",mal,nra,NRA,fake news,25e04a82-abfe-42b6-ad88-d883b31534ab,article,MassiveSum
https://www.madhyamam.com/kerala/kv-muhammed-kunji-master-passed-away-kerala-news/2017/dec/20/399424,,മുസ്ലിം ലീഗ് നേതാവ് കെ.വി മുഹമ്മദ് കുഞ്ഞി മാസ്റ്റർ അന്തരിച്ചു,,"കണ്ണൂർ: തളിപ്പറമ്പ് നഗരസഭാ മുൻ ചെയർമാനും മുസ്‌ലിം ലീഗ് മുൻ സംസ്ഥാന വൈസ് പ്രസിഡണ്ടുമായ കെ.വി മുഹമ്മദ് കുഞ്ഞി മാസ്റ്റർ അന്തരിച്ചു. നിലവിൽ മുസ് ലിം ലീഗ് സംസ്ഥാന സെക്രട്ടേറിയറ്റ് മെമ്പർ, സർസയ്യിദ് കോളേജ് ഉൾപ്പെടുന്ന കാനന്നൂർ ഡിസ്ട്രിക്ട് മുസ് ലിം എജുക്കേഷണൽ സൊസൈറ്റി ജനറൽ സെക്രട്ടറി തുടങ്ങിയ നിലകളിൽ പ്രവർത്തിച്ചു വരികയായിരുന്നു. എം.എസ്.എഫിന്‍റെ പ്രഥമ സംസ്ഥാന വൈസ് പ്രസിഡണ്ടായിരുന്നു.","കണ്ണൂർ: തളിപ്പറമ്പ് നഗരസഭാ മുൻ ചെയർമാനും മുസ്‌ലിം ലീഗ് മുൻ സംസ്ഥാന  വൈസ് പ്രസിഡണ്ടുമായ കെ.വി മുഹമ്മദ്  കുഞ്ഞി  മാസ്റ്റർ അന്തരിച്ചു. നിലവിൽ മുസ് ലിം ലീഗ് സംസ്ഥാന സെക്രട്ടേറിയറ്റ് മെമ്പർ, സർസയ്യിദ്...",mal,madhyamam,Madhyamam,fake news,b7425177-7c9f-4fec-a4fb-8caee265cdb2,article,MassiveSum
https://www.madhyamam.com/local-news/kannur/2017/jun/18/275103,https://www.madhyamam.com/local-news/kannur/2017/jun/18/275103,പ്രായപൂര്‍ത്തിയാകാത്ത കുട്ടിക്ക് വാഹനം നല്‍കി; പിതാവ് അറസ്​റ്റില്‍,,"പ്രായപൂര്‍ത്തിയാകാത്ത കുട്ടിക്ക് വാഹനം നല്‍കി; പിതാവ് അറസ്റ്റില്‍ എടക്കര (മലപ്പുറം): പ്രായപൂര്‍ത്തിയാകാത്ത കുട്ടിക്ക് വാഹനം ഓടിക്കാന്‍ നല്‍കിയ പിതാവിനെ എടക്കര പൊലീസ് അറസ്റ്റ് ചെയ്തു. എടക്കര സ്വദേശി ബാപ്പുട്ടിയെയാണ് എസ്.ഐ സുനില്‍ പുളിക്കല്‍ അറസ്റ്റ് ചെയ്തത്. പ്രായപൂര്‍ത്തിയാകാത്ത കുട്ടി മൂന്ന് പേരുമായി ബൈക്കില്‍ വരുന്നതിനിടെ ടൗണില്‍വെച്ചാണ് പൊലീസ് പരിശോധനയില്‍ കുടുങ്ങിയത്. മൂന്ന് വര്‍ഷംവരെ തടവും 10,000 രൂപ പിഴയും ലഭിക്കാവുന്ന കുറ്റമാണിത്. വാഹനം കോടതിയില്‍ ഹാജരാക്കുമെന്ന് പൊലീസ് അറിയിച്ചു. കുട്ടികള്‍ക്ക് വാഹനം ഓടിക്കാന്‍ നല്‍കിയതുമായി ബന്ധപ്പെട്ട് പിതാവിനെതിരെ നടപടിയെടുക്കുന്ന, മലപ്പുറം ജില്ലയിലെ ആദ്യ കേസാണിത്. കുട്ടികള്‍ വാഹനം ഓടിക്കുന്നത് പതിവായ സാഹചര്യത്തില്‍ അവര്‍ക്ക് വാഹനം നല്‍കുന്നവര്‍ക്കെതിരെയും രക്ഷിതാക്കള്‍ക്കെതിരെയും നടപടി കര്‍ശനമാക്കിയിരിക്കുകയാണ്.",പ്രായപൂര്‍ത്തിയാകാത്ത കുട്ടിക്ക് വാഹനം നല്‍കി; പിതാവ് അറസ്റ്റില്‍ എടക്കര (മലപ്പുറം): പ്രായപൂര്‍ത്തിയാകാത്ത കുട്ടിക്ക് വാഹനം ഓടിക്കാന്‍ നല്‍കിയ പിതാവിനെ എടക്കര പൊലീസ് അറസ്റ്റ് ചെയ്തു. എടക്കര,mal,madhyamam,Madhyamam,fake news,55764ee2-be36-4782-810f-103e71e00bf7,article,MassiveSum
https://www.madhyamam.com/india/internal-refugee-india/2017/may/29/266876,,ഇന്ത്യയിൽ ആഭ്യന്തര പലായനം അഞ്ചു ലക്ഷം,,"ന്യൂ​ഡ​ൽ​ഹി: ആ​ഭ്യ​ന്ത​ര​സം​ഘ​ർ​ഷ​വും ക​ലാ​പ​വും മൂ​ലം ക​ഴി​ഞ്ഞ​വ​ർ​ഷം ഇ​ന്ത്യ​യി​ൽ 4.48 ല​ക്ഷം പേ​ർ സ്വ​ന്തം മ​ണ്ണി​ൽ നി​ന്ന്​ പ​ലാ​യ​നം ചെ​യ്​​ത​താ​യി അ​ന്താ​രാ​ഷ്​​ട്ര​പ​ഠ​ന​റി​പ്പോ​ർ​ട്ട്. ഇ​ന്ത്യ​യി​ൽ ആ​ഭ്യ​ന്ത​ര​മാ​യി കു​ടി​യൊ​ഴി​യേ​ണ്ടി​വ​ന്ന​വ​ർ എ​ട്ടു ല​ക്ഷ​ത്തോ​ള​മാ​ണെ​ന്ന്​ പ​ഠ​നം​ വെ​ളി​പ്പെ​ടു​ത്തി. ആ​ഭ്യ​ന്ത​ര​പ​ലാ​യ​ന നി​രീ​ക്ഷ​ണ​കേ​ന്ദ്ര​വും നോ​ർ​വീ​ജി​യ​ൻ അ​ഭ​യാ​ർ​ഥി കൗ​ൺ​സി​ലും ചേ​ർ​ന്നാ​ണ്​ പ​ഠ​ന​റി​പ്പോ​ർ​ട്ട്​ പ്ര​സി​ദ്ധ​പ്പെ​ടു​ത്തി​യ​ത്. ന​ഗ​ര​ങ്ങ​ളി​ലും ഗ്രാ​മ​ങ്ങ​ളി​ലും ക​ഴി​യു​ന്ന​വ​ർ, വി​വി​ധ സാ​മൂ​ഹി​ക​വി​ഭാ​ഗ​ങ്ങ​ൾ എ​ന്നി​വ​ർ​ക്കി​ട​യി​ൽ അ​സ​മ​ത്വം വ​ർ​ധി​ക്കു​ക​യാ​ണ്. ഇ​ന്ത്യ​യു​ടെ സാ​മ്പ​ത്തി​ക​വ​ള​ർ​ച്ച​യും സാ​മൂ​ഹി​ക​പ​രി​ര​ക്ഷ​സം​വി​ധാ​നം മെ​ച്ച​പ്പെ​ടു​ത്താ​നു​ള്ള ശ്ര​മ​ങ്ങ​ളും ഇ​ത്ത​രം പ്ര​ശ്​​ന​ങ്ങ​ൾ പ​രി​ഹ​രി​ക്കു​ന്ന​തി​ൽ പ​രാ​ജ​യ​പ്പെ​ട്ട​താ​യും റി​പ്പോ​ർ​ട്ടി​ൽ വി​ശ​ദീ​ക​രി​ച്ചു.

ജ​മ്മു-​ക​ശ്​​മീ​രി​ലും ചി​ല വ​ട​ക്കു​കി​ഴ​ക്ക​ൻ സം​സ്​​ഥാ​ന​ങ്ങ​ളി​ലും പ്രാ​ബ​ല്യ​ത്തി​ലി​രി​ക്കു​ന്ന സാ​യു​ധ​സേ​ന പ്ര​ത്യേ​കാ​ധി​കാ​ര നി​യ​മം, കു​ടി​യൊ​ഴി​യു​ന്ന​തി​​​െൻറ ​മൂ​ല​കാ​ര​ണ​ങ്ങ​ളി​ലൊ​ന്നാ​ണ്. നി​യ​മ​ത്തി​​​െൻറ മ​റ​വി​ൽ ന​ട​ക്കു​ന്ന ബ​ല​പ്ര​യോ​ഗ​ങ്ങ​ൾ ക​ടു​ത്ത മ​നു​ഷ്യാ​വ​കാ​ശ​ലം​ഘ​ന​ങ്ങ​ളി​ലേ​ക്ക്​ ന​യി​ക്കു​ന്നു; പ​ലാ​യ​ന​ത്തി​ന്​ നി​ർ​ബ​ന്ധി​ത​മാ​ക്ക​പ്പെ​ടു​ന്നു.

ജ​മ്മു-​ക​ശ്​​മീ​രി​ൽ തീ​വ്ര​വാ​ദി​ക​ളും ഭ​ര​ണ​കൂ​ട​വു​മാ​യു​ള്ള ഏ​റ്റു​മു​ട്ട​ൽ തു​ട​രു​ന്നു. നാ​ഗാ​ലാ​ൻ​ഡി​ലെ​യും അ​സ​മി​ലെ​യും മു​ന്നേ​റ്റ​ങ്ങ​ളും സം​ഘ​ർ​ഷ​ഭ​രി​ത​മാ​യി മു​ന്നോ​ട്ടു പോ​വു​ക​യാ​ണ്. സ്വ​ത്വ​സ്വാ​ത​ന്ത്ര്യ​ത്തി​​​െൻറ പേ​രി​ലു​ള്ള പോ​രാ​ട്ട​ങ്ങ​ൾ ചി​ല സം​സ്​​ഥാ​ന​ങ്ങ​ളി​ൽ കു​ടി​യൊ​ഴി​ക്ക​പ്പെ​ടു​ന്ന സ്​​ഥി​തി ഉ​ണ്ടാ​ക്കു​ന്നു. ഗു​ജ​റാ​ത്ത്​ ക​ലാ​പം കു​ടി​യൊ​ഴി​പ്പി​ക്ക​പ്പെ​ടു​ന്ന സ്​​ഥി​തി വ​രു​ത്തി​വെ​ച്ചു. ബി​ഹാ​റി​ലും യു.​പി​യി​ലും ജാ​തീ​യ​മാ​യ സം​ഘ​ർ​ഷ​ങ്ങ​ളും പ​ലാ​യ​ന​ത്തി​ലേ​ക്ക്​ ന​യി​ക്കു​ന്നു. രാ​ജ്യ​ത്തി​​​െൻറ സാ​മ്പ​ത്തി​ക​വ​ള​ർ​ച്ച​യു​ടെ നേ​ട്ടം പാ​വ​െ​പ്പ​ട്ട വി​ഭാ​ഗ​ങ്ങ​ൾ​ക്ക്​ കി​ട്ടാ​തെ വ​രു​ന്നു. ഭൂ​മി​ക്കും വി​ഭ​വ​ങ്ങ​ൾ​ക്കും വേ​ണ്ടി​യു​ള്ള വം​ശീ​യ​വും സാ​മു​ദാ​യി​ക​വു​മാ​യ സം​ഘ​ർ​ഷ​ങ്ങ​ൾ​ക്ക്​ ഇ​ത്​ ആ​ക്കം കൂ​ട്ടു​ന്നു.

സ്വ​കാ​ര്യ​നി​ക്ഷേ​പ​ക​ർ​ക്കു​​വേ​ണ്ടി സ​ർ​ക്കാ​ർ ന​ട​ത്തു​ന്ന ഭൂ​മി ഏ​റ്റെ​ടു​ക്ക​ലു​ക​ൾ മൂ​ല​മു​ള്ള കു​ടി​യൊ​ഴി​പ്പി​ക്ക​ലു​ക​ൾ പു​റ​മെ. വി​ക​സ​ന​പ​ദ്ധ​തി​ക​ൾ​ക്കു​വേ​ണ്ടി വ​ൻ​തോ​തി​ൽ ഭൂ​മി ഏ​റ്റെ​ടു​ക്കു​ന്ന​ത്​ പ​ല​പ്പോ​ഴും പാ​രി​സ്​​ഥി​തി​ക​വും സാ​മൂ​ഹി​ക​വു​മാ​യ പ്ര​ത്യാ​ഘാ​ത​ങ്ങ​ൾ വ​ക​വെ​ക്കാ​തെ​യാ​ണ്. അ​തു​ദോ​ഷ​ക​ര​മാ​യി ബാ​ധി​ക്കു​ന്ന ജ​ന​വി​ഭാ​ഗ​ങ്ങ​ളു​മാ​യി കൂ​ടി​യാ​ലോ​ച​ന​ക​ൾ ന​ട​ക്കു​ന്നി​ല്ല. മ​തി​യാ​യ ന​ഷ്​​ട​പ​രി​ഹാ​രം കൊ​ടു​ക്കു​ന്നി​ല്ല. ഇ​ത്ത​രം വി​ഷ​യ​ങ്ങ​ൾ സം​ഘ​ർ​ഷ​ത്തി​ലേ​ക്ക്​ ന​യി​ക്കു​ന്നു.

കു​ടി​യൊ​ഴി​യേ​ണ്ടി വ​ന്ന​വ​രി​ൽ പ​കു​തി​യും ജ​മ്മു-​ക​ശ്​​മീ​ർ, അ​സം എ​ന്നി​വി​ട​ങ്ങ​ളി​ലാ​ണ്. ക​ശ്​​മീ​രി​ൽ 1990 മു​ത​ൽ അ​ത്ത​രം പ​ലാ​യ​നം ന​ട​ക്കു​ന്നു. അ​സ​മി​ൽ ഇൗ ​പ്ര​വ​ണ​ത വ​ർ​ധി​ച്ച​ത്​ 2014 മു​ത​ലാ​ണ്. ആ​ന്ധ്ര​പ്ര​ദേ​ശ്, ഛത്തി​സ്​​ഗ​ഢ്​, ഗു​ജ​റാ​ത്ത്, നാ​ഗാ​ലാ​ൻ​ഡ്​, തെ​ല​ങ്കാ​ന, ത്രി​പു​ര, ഉ​ത്ത​ർ​പ്ര​ദേ​ശ്​ എ​ന്നി​വി​ട​ങ്ങ​ളി​ൽ ആ​ഭ്യ​ന്ത​ര​പ​ലാ​യ​ന​ത്തി​ന്​ ഇ​ര​യാ​യ​വ​രു​ണ്ട്. സം​ഘ​ർ​ഷ​വും അ​ര​ക്ഷി​താ​വ​സ്​​ഥ​യും തു​ട​രു​ന്ന​ത്, അ​വ​രു​ടെ തി​രി​ച്ചു​പോ​ക്ക്​ പ്ര​യാ​സ​ക​ര​മാ​ക്കു​ന്നു​വെ​ന്നും റി​പ്പോ​ർ​ട്ടി​ൽ പ​റ​യു​ന്നു.",നി​യ​മ​ത്തി​െൻറ മ​റ​വി​ൽ ന​ട​ക്കു​ന്ന ബ​ല​പ്ര​യോ​ഗ​ങ്ങ​ൾ പ​ലാ​യ​ന​ത്തി​ന്​ നി​ർ​ബ​ന്ധി​ത​മാ​ക്കു​ന്നു,mal,madhyamam,Madhyamam,fake news,000f8eb5-bb95-4d1a-8f00-6bbd5fa6385f,article,MassiveSum
https://www.madhyamam.com/news/244127/130906,,വൈദ്യ പരിശോധനയും നിര്‍ബന്ധം; കുടുംബ വിസ പുതുക്കാന്‍ കടമ്പകളേറുന്നു,,"കുവൈത്ത് സിറ്റി: ഈമാസം ഒന്ന് മുതൽ പുതിയ നിബന്ധനകൾ ഏ൪പ്പെടുത്തിയതോടെ കുവൈത്തിൽ കുടുംബ വിസ പുതുക്കുന്നതിനുള്ള കടമ്പകൾ വ൪ധിക്കുന്നു. അപ്രതീക്ഷിതമായി കൊണ്ടുവന്ന പരിഷ്കാരങ്ങൾ മലയാളികളടക്കമുള്ള ആയിരക്കണക്കിന് പ്രവാസികളെയാണ് ബുദ്ധിമുട്ടിലാക്കിയിരിക്കുന്നത്.

കുടുംബ വിസ പുതുക്കുമ്പോൾ വിരലടയാള പരിശോധനക്കൊപ്പം വൈദ്യ പരിശോധനയും നി൪ബന്ധമാക്കിയിട്ടുണ്ട്. കുടുംബ വിസയിൽ രാജ്യത്ത് താമസിക്കുന്ന വിദേശികളിൽ ചിലരിൽ സാംക്രമിക രോഗങ്ങൾ കണ്ടെത്തിയതായ ആരോഗ്യ മന്ത്രാലയത്തിൻെറ റിപ്പോ൪ട്ടിനെ തുട൪ന്നാണ് എമിഗ്രേഷൻ വകുപ്പ് വിസ പുതുക്കുമ്പോൾ വൈദ്യ പരിശോധന നി൪ബന്ധമാക്കിയിരിക്കുന്നത്.

2011 സെപ്റ്റംബ൪ മൂന്നിന് മുമ്പ് രാജ്യത്തെത്തുകയും 21 വയസ്സ് പൂ൪ത്തിയായവരുമായ കുടുംബ വിസയിലുള്ളവ൪ക്കാണ് ഈമാസം ഒന്ന് മുതൽ വൈദ്യ പരിശോധന നി൪ബന്ധമാക്കിയിരിക്കുന്നത്. 18 വയസ്സ് കഴിഞ്ഞവ൪ക്ക് വിരലടയാള പരിശോധന നി൪ബന്ധമാക്കിയ കാര്യം കഴിഞ്ഞദിവസം ‘ഗൾഫ് മാധ്യമം’ റിപ്പോ൪ട്ട് ചെയ്തിരുന്നു.

ആദ്യമായി കുടുംബ വിസയിലെത്തിയപ്പോൾ വിരലടയാള പരിശോധനകൾക്ക് വിധേയമാവാത്തവ൪ക്കാണ് ഇപ്പോൾ നി൪ബന്ധമാക്കിയിരിക്കുന്നത്. എന്നാൽ, മുമ്പ് വൈദ്യ പരിശോധന നടത്തിയവരാണെങ്കിലും പുതുക്കുമ്പോൾ വീണ്ടും പരിശോധനക്ക് വിധേയമാവണം.

2011 സെപ്റ്റംബ൪ മൂന്ന് മുതൽ കുടുംബ വിസയിൽ വരുന്ന 18 വയസ്സ് കഴിഞ്ഞവ൪ക്ക് വിരലടയാള പരിശോധനയും 21 വയസ്സ് പൂ൪ത്തിയായവ൪ക്ക് വൈദ്യ പരിശോധനയും ഏ൪പ്പെടുത്തിയിരുന്നു. അതുകൊണ്ടുതന്നെ ഇതിനുമുമ്പ് കുവൈത്തിലെത്തിയവ൪ വിസ പുതുക്കുമ്പോഴാണ് ഇപ്പോൾ ഈ പരിശോധനകൾക്ക് വിധേയമാവേണ്ടി വരുന്നത്. വിരലടയാള പരിശോധനാ റിപ്പോ൪ട്ടിൻെറ കാര്യത്തിലേതുപോലെ തന്നെ വൈദ്യ പരിശോധന കഴിഞ്ഞാലും ഓൺലൈൻ ക്ളിയറൻസ് ജവാസാത്തിൽ എത്തിയാൽ മാത്രമേ വിസ പുതുക്കിനൽകുകയുള്ളൂ.

മുൻകൂട്ടി പ്രഖ്യാപിക്കാതെ നടപ്പാക്കിയ പരിഷ്കാരങ്ങൾ മലയാളികളടക്കമുള്ള നിരവധി പ്രവാസികളെ പ്രയാസത്തിലാക്കുന്നുണ്ട്. പുതിയ നിബന്ധനകളറിയാതെ വിസ കാലാവധി തീരാൻ ദിവസങ്ങൾ മാത്രം ശേഷിക്കെ ജവാസാത്തുകളിൽ എത്തുന്നവരാണ് വെട്ടിലാവുന്നത്. നിബന്ധനകൾ വന്നതോടെ കുടുംബ വിസ പുതുക്കിക്കിട്ടാൻ മൂന്നാഴ്ചയിലധികം സമയമെടുക്കുന്നുണ്ട്.",കുവൈത്ത് സിറ്റി: ഈമാസം ഒന്ന് മുതൽ പുതിയ നിബന്ധനകൾ ഏ൪പ്പെടുത്തിയതോടെ കുവൈത്തിൽ കുടുംബ വിസ പുതുക്കുന്നതിനുള്ള കടമ്പകൾ വ൪ധിക്കുന്നു. അപ്രതീക്ഷിതമായി കൊണ്ടുവന്ന പരിഷ്കാരങ്ങൾ മലയാളികളടക്കമുള്ള...,mal,madhyamam,Madhyamam,fake news,2ec05857-bde8-4474-b2b1-b1e91c40b910,article,MassiveSum
https://www.madhyamam.com/kerala/local-news/kozhikode/--529932,,ജീവനി പദ്ധതിയില്‍ പങ്കുചേര്‍ന്ന് മൈക്കാവ് സെൻറ്​ മേരീസ് ജ്ഞാനോദയ ഇംഗ്ലീഷ് സ്കൂളും,,"ജീവനി പദ്ധതിയില്‍ പങ്കുചേര്‍ന്ന് മൈക്കാവ് സൻെറ്​ മേരീസ് ജ്ഞാനോദയ ഇംഗ്ലീഷ് സ്കൂളും കോടഞ്ചേരി: വിഷ രഹിത പച്ചക്കറിക്കായി കൃഷി വകുപ്പ് നടപ്പാക്കുന്ന ജീവനി പദ്ധതിയിൽ മൈക്കാവ് സൻെറ്​ മേരീസ് ജ്ഞാനോദയം സ്കൂളും പങ്ക് ചേർന്നു. വിദ്യാർഥികൾക്ക് പച്ചക്കറി വിത്തുകൾ വീടുകളിൽ എത്തിച്ച് നൽകുന്ന വിത്തു വണ്ടി സ്കൂളിൽ കോടഞ്ചേരി ഗ്രാമ പഞ്ചായത്ത് പ്രസിഡൻറ്​ ലിസി ചാക്കോ ഉദ്ഘാടനം ചെയ്തു. കൃഷി ഓഫിസർ കെ.എ. ഷബീർ അഹമ്മദ്‌ പദ്ധതി വിശദീകരിച്ചു. വാർഡംഗം റൂബി തമ്പി, പ്രിൻസിപ്പൽ ഫാ. റെജി കോലാനിക്കൽ എന്നിവർ സംസാരിച്ചു.",ജീവനി പദ്ധതിയില്‍ പങ്കുചേര്‍ന്ന് മൈക്കാവ് സെൻറ്​ മേരീസ് ജ്ഞാനോദയ ഇംഗ്ലീഷ് സ്കൂളും,mal,madhyamam,Madhyamam,fake news,d40f161d-c5f0-4fca-92ee-91901e44e353,article,MassiveSum
https://www.madhyamam.com/local-news/thrissur/609100,,എ.എൻ.സൽമക്ക്​ രണ്ടാംറാങ്ക്,,"തൃപ്രയാർ: തൃപ്രയാർ ലെമർ പബ്ലിക് സ്കൂളിലെ . 498 മാർക്കാണ് നേടിയത്.തളിക്കുളം അരവുശ്ശേരി നൂർദീൻ ഹൈജ ദമ്പതികളുടെ മകളാണ്. വസ്നിം ( ബംഗളുരു), ഐഷ (കൊടകര സൗഹൃദ കോളജ് ഒന്നാം വർഷ ബികോം) എന്നിവർ സഹോദരങ്ങളാണ്‌.","തൃപ്രയാർ: തൃപ്രയാർ ലെമർ പബ്ലിക് സ്കൂളിലെ . 498 മാർക്കാണ് നേടിയത്.തളിക്കുളം അരവുശ്ശേരി നൂർദീൻ ഹൈജ ദമ്പതികളുടെ മകളാണ്. വസ്നിം ( ബംഗളുരു), ഐഷ (കൊടകര സൗഹൃദ കോളജ് ഒന്നാം വർഷ ബികോം) എന്നിവർ സഹോദരങ്ങളാണ്‌.",mal,madhyamam,Madhyamam,fake news,16f24524-64ca-4210-a861-6d39b429ad78,article,MassiveSum
https://www.madhyamam.com/india/netaji’s-grandnephew-dropped-bengal-bjp-vp/688245,,സി.എ.എയെ എതിർത്ത നേതാജിയുടെ ചെറുമകനെ ബി.ജെ.പി നേതൃസ്​ഥാനത്തുനിന്ന്​ പുറത്താക്കി,,"കൊൽക്കത്ത: നേതാജിയുടെ ചെറുമകനും ബി.ജെ.പി പശ്​ചിമബംഗാൾ വൈസ്​ പ്രസിഡൻറുമായ ചന്ദ്രകുമാർ ബോസിനെ സി.എ.എയെ എതിർത്തതി​​െൻറ പേരിൽ​ സ്​ഥാനത്തുനിന്ന്​ പുറത്താക്കി. തെരഞ്ഞെടുപ്പ് വിജയം ലക്ഷ്യം വെച്ചുള്ള തന്ത്രമാണിതെന്ന് അദ്ദേഹം ആരോപിച്ചു.

അടുത്ത വർഷം നടക്കുന്ന സംസ്ഥാന നിയമസഭ തെരഞ്ഞെടുപ്പ് മുന്നിൽക്കണ്ടാണ്​ ബംഗാളിൽ ബി.ജെ.പി പുതിയ ഭാരവാഹികളുടെ പട്ടിക പുറത്തിറക്കിയത്​. മമത ബാനർജിയെ അട്ടിമറിച്ച് സംസ്ഥാനത്ത് ആദ്യ ബി.ജെ.പി സർക്കാർ രൂപീകരിക്കാമെന്ന പ്രതീക്ഷയിലാണ് പാർട്ടി. മോദി സർക്കാർ പാസാക്കിയ പൗരത്വ ഭേദഗതി നിയമത്തിനെതിരെ ബോസ് ശബ്ദമുയർത്തിയിരുന്നു. അയൽരാജ്യങ്ങളിൽ പീഡനത്തിനിരയാകുന്ന എല്ലാവർക്കും പൗരത്വം നൽകണമെന്നും മുസ്​ലിംകളെ ഒറ്റപ്പെടുത്തരുതെന്നും ആവശ്യപ്പെട്ട്​ പ്രധാനമന്ത്രിക്കും അമിത് ഷായ്‌ക്കും അദ്ദേഹം നിരവധി തവണ കത്തയിച്ചിരുന്നു.

സി‌.എ‌.എ വിഷയത്തിൽ പാർട്ടി നിലപാടിനെ എതിർത്തതിനാലാണ്​ തന്നെ പുറത്താക്കിയതെന്ന്​ ബോസ് മാധ്യമങ്ങളോട്​ പറഞ്ഞു. എന്നാൽ, അദ്ദേഹം രാഷ്ട്രീയമായി അപ്രസക്തനാണെന്നും പതിവായി പാർട്ടിയെ അപമാനിക്കുന്നുവെന്നും ബി.ജെ.പി നേതൃത്വം ആരോപിച്ചു. എങ്കിലും അദ്ദേഹം പാർട്ടി അംഗമായി തുടരുമെന്നും ഇവർ പറഞ്ഞു.

പുറത്താക്കപ്പെടുന്നതിന് മുമ്പ് തന്നോട് ആലോചിച്ചിട്ടില്ലെന്നും തീരുമാനം വ്യക്തിപരമായി അറിയിച്ചിട്ടില്ലെന്നും ബോസ് പറഞ്ഞു. അംഫൻ ചുഴലിക്കാറ്റുമായി ബന്ധ​െപപടട്​ 10 ദിവസം മുമ്പ് കേന്ദ്ര നേതാക്കളുമായി വീഡിയോ കോൺഫറൻസിൽ പങ്കെടുത്തിരുന്നു. തന്നെ ഒഴിവാക്കുമെന്ന സൂചനകളൊന്നും അന്ന്​ നേതാക്കൾ നൽകിയിട്ടില്ലെന്നും അദ്ദേഹം പറഞ്ഞു.",കൊൽക്കത്ത: നേതാജിയുടെ ചെറുമകനും ബി.ജെ.പി പശ്​ചിമബംഗാൾ വൈസ്​ പ്രസിഡൻറുമായ ചന്ദ്രകുമാർ ബോസിനെ സി.എ.എയെ എതിർത്തതി​​െൻറ പേരിൽ​ സ്​ഥാനത്തുനിന്ന്​ പുറത്താക്കി. തെരഞ്ഞെടുപ്പ് വിജയം ലക്ഷ്യം വെച്ചുള്ള...,mal,madhyamam,Madhyamam,fake news,48b8e1ec-0fcc-49ea-a88c-f36d3bfae68d,article,MassiveSum
https://www.15min.lt/naujiena/aktualu/lietuva/klaipedos-arenoje-konfliktas-del-kedziu-56-120842,https://www.15min.lt/naujiena/aktualu/lietuva/klaipedos-arenoje-konfliktas-del-kedziu-56-120842,Klaipėdos arenoje - konfliktas dėl kėdžių,,"Anot „Vėtrūnos“ atstovo spaudai Pauliaus Tamulionio, uostamiesčio savivaldybė jau dvi savaites svarsto, kokios kėdės turėtų būti sumontuotos arenoje. Jas reikia užsakyti kuo greičiau, nes gamyba truks tris mėnesius.

P.Tamulionio teigimu, Klaipėdos arenai stacionarias atverčiamas kėdes gamins Kinijos kompanija „Dafeng Sport“.

Tačiau nė vienas rangovo pasiūlytas variantas nepatinka arenos valdytojui bendrovei Klaipėdos arenai.

„Klaipėdos arenoje dėl kėdžių yra problema ir nuo šios temos jau esame pavargę. Mums nepatinka tos kėdės, kurias siūlo rangovas, nes jos neatitinka techninio projekto“, – teigė įmonės Klaipėdos arenos direktorė Jolita Krickė.

Arenos valdytojai pageidavo, kad kėdės būtų ilgaamžės, o ne su dvejų metų garantija, pagamintos iš gerų medžiagų, atitiktų visus techninio projekto reikalavimus.

J.Krickė tikino, kadi savo pasiūlymus ir prašymus išsakė savivaldybei, tačiau uostamiesčio savivaldybės Projektų valdymo poskyrio vedėjas Gintaras Dovidaitis teigė, jog iš valdytojo jokių raštiškų pageidavimų nėra gavęs, o sprendimas dėl arenos kėdžių turi būti priimtas dar šią savaitę.

Stacionarių tribūnų kėdžių Klaipėdos arenoje bus įrengta daugiausia – iš viso per 3,8 tūkst. vienetų.","Tarp Klaipėdos areną statančios bendrovės „Vėtrūna“ ir arenos valdytojo kilo nesutarimų, kokios kėdės turi būti sumontuotos. Rangovų siūlomi variantai valdytojui nepatinka,...",mal,15min,15Min,fake news,5dc1f63a-029d-41bc-86bd-0b031b964923,article,MassiveSum
https://www.dengeamerika.com/a/4575936.html,https://www.dengeamerika.com/a/4575936.html,Bernama Duyê,,Bernameyên Dengê Amerîka (VOA) yên bi zimanê Kurmancî ku li ser înternetê tên weşandin,Bernameyên Dengê Amerîka (VOA) yên bi zimanê Kurmancî ku li ser înternetê tên weşandin,mal,dengeamerika,Denge Amerika,fake news,ef11de5a-a3e4-4add-a9ea-31cb67dde671,article,MassiveSum
https://lao.voanews.com/a/2233180.html,https://lao.voanews.com/a/2233180.html,ຟັງຂ່າວ ກໍາປູເຈຍ,,ອ່ານແລະຟັງຂ່າວ ກ່ຽວກັບປະເທດລາວ ເອເຊຍ ອາເມຣິກາ ແລະໂລກ. ນອກນັ້ນ ວີໂອເອລາວຍັງນໍາສະເໜີລາຍງານທີ່ລົງເລິກ ກ່ຽວກັບເລື້ອງຕ່າງໆທີ່ຢູ່ໃນຂ່າວ ແລະຄວາມກ້າວໜ້າດ້ານການແພດ ສຸຂະພາບ ອະນາໄມ ເສດຖະກິດ ການກະເສດ ວິທະຍາສາດແລະເທັກໂນໂລຈີ ຕະຫລອດທັງລາຍການດົນຕີ ແລະຊີວິດຊາວລາວໃນຕ່າງແດນ.,ອ່ານແລະຟັງຂ່າວ ກ່ຽວກັບປະເທດລາວ ເອເຊຍ ອາເມຣິກາ ແລະໂລກ. ນອກນັ້ນ ວີໂອເອລາວຍັງນໍາສະເໜີລາຍງານທີ່ລົງເລິກ ກ່ຽວກັບເລື້ອງຕ່າງໆທີ່ຢູ່ໃນຂ່າວ ແລະຄວາມກ້າວໜ້າດ້ານການແພດ ສຸຂະພາບ ອະນາໄມ ເສດຖະກິດ ການກະເສດ ວິທະຍາສາດແລະເທັກໂນໂລຈີ ຕະຫລອດທັງລາຍການດົນຕີ ແລະຊີວິດຊາວລາວໃນຕ່າງແດນ.,mal,voanews,VOA News,fake news,cea767b9-f3b2-432a-b18f-858b249e81ee,article,MassiveSum
https://www.madhyamam.com/local-news/kannur/2017/aug/10/310865,,വൈദ്യുതി മുടങ്ങും,,"പെരിങ്ങത്തൂർ: പെരിങ്ങത്തൂർ, സുലൈമാൻ മില്ല്, ഹച്ച്, കായപ്പനിച്ചി, കായപ്പനിച്ചി ട്രാൻസ്ഫോർമർ എന്നിവിടങ്ങളിൽ ഇന്ന് രാവിലെ ഏഴ് മുതൽ നാലുവരെ .","പെരിങ്ങത്തൂർ: പെരിങ്ങത്തൂർ, സുലൈമാൻ മില്ല്, ഹച്ച്, കായപ്പനിച്ചി, കായപ്പനിച്ചി ട്രാൻസ്ഫോർമർ എന്നിവിടങ്ങളിൽ ഇന്ന് രാവിലെ ഏഴ് മുതൽ നാലുവരെ .",mal,madhyamam,Madhyamam,fake news,58887114-bd95-48e2-9957-371799bcdb09,article,MassiveSum
https://www.madhyamam.com/columns/aarogyapacha/covid-disease-in-future-578165,https://www.madhyamam.com/columns/aarogyapacha/covid-disease-in-future-578165,കോ​വി​ഡ് രോ​ഗ​ത്തിന്‍റെ ഭാ​വി​വ​ഴി​ക​ൾ,,"കോ​വി​ഡ് ബാ​ധി​ത​രു​ടെ സം​ഖ്യ വ​ർ​ധി​ക്കു​മെ​ന്നും അ​തി​ജാ​ഗ്ര​ത മാ​ത്ര​മാ​ണ് പ്ര​തി​രോ​ധി​ക്കാ​നു​ള്ള ഏ​ക​മാ​ർ​ഗ​മെ​ന്നും നേ​താ​ക്ക​ളും അ​ധി​കാ​രി​ക​ളും പ​റ​യു​ന്ന​ത് ശ്ര​ദ്ധാ​പൂ​ർ​വം കേ​ൾ​ക്കേ​ണ്ട​താ​ണ്. കോ​വി​ഡ് ശ​ക്തി​പ്രാ​പി​ക്കു​ന്ന രീ​തി ശ്ര​ദ്ധി​ച്ചാ​ൽ ഗ്രാ​ഫ് ഉ​യ​ർ​ന്നു​ത​ന്നെ പോ​കു​ന്ന​താ​യി കാ​ണാം. ഉ​യ​ർ​ച്ച​യു​ടെ അ​ഗ്ര​ത്തി​ൽ എ​ത്തി​യ​താ​യി തോ​ന്നു​ന്നു​മി​ല്ല. ജൂ​ലൈ മു​ത​ൽ കോ​വി​ഡ് വ്യാ​പ​നം ഉ​യ​ർ​ന്ന തോ​തി​ൽ ത​ന്നെ​യാ​ണ് മു​ന്നോ​ട്ടു നീ​ങ്ങി​യ​ത്. ജൂ​ലൈ അ​വ​സാ​ന​ത്തി​ൽ 23,600 പേ​ർ രോ​ഗ​ബാ​ധി​ത​ർ ആ​യി​രു​ന്ന​പ്പോ​ൾ, ആ​ഗ​സ്​​റ്റി​ൽ അ​ത് 75,300 ഉം, ​സെ​പ്റ്റം​ബ​ർ 27 ന്​1,75,000 ​ഉം ആ​യി ഉ​യ​ർ​ന്നു.

ഇ​തോ​ടൊ​പ്പം ടെ​സ്​​റ്റ്​ പോ​സി​റ്റി​വി​റ്റി നി​ര​ക്കി​ലും വ​ർ​ധ​ന കാ​ണി​ക്കു​ന്നു; അ​താ​യ​ത്, നൂ​റു പേ​രെ പ​രി​ശോ​ധി​ച്ചാ​ൽ എ​ത്ര​പേ​ർ​ക്ക് പോ​സി​റ്റി​വ് ആ​കും എ​ന്ന അ​ന്വേ​ഷ​ണ​മാ​ണ് ടെ​സ്​​റ്റ്​ പോ​സി​റ്റി​വി​റ്റി ചെ​യ്യു​ന്ന​ത്. അ​ത് എ​ത്ര താ​ഴ്ന്നി​രി​ക്കു​ന്നു​വോ അ​ത്ര ന​ന്ന്. ജൂ​ലൈ അ​വ​സാ​ന​ത്തി​ൽ ഇ​ത് 3.3 ശ​ത​മാ​നം മാ​ത്ര​മാ​യി​രു​ന്നു; ഇ​പ്പോ​ഴാ​ക​ട്ടെ, 11.3 ശ​ത​മാ​ന​മാ​യി വ​ർ​ധി​ച്ചി​രി​ക്കു​ന്നു. കൊ​റോ​ണ വൈ​റ​സ് ബാ​ധി​ച്ച അ​നേ​കം പേ​ർ സ​മൂ​ഹ​ത്തി​ൽ രോ​ഗ​ല​ക്ഷ​ണ​ങ്ങ​ൾ കാ​ണി​ക്കാ​തെ​യു​ണ്ട്. രോ​ഗ​ല​ക്ഷ​ണ​ങ്ങ​ൾ ഇ​ല്ലാ​തെ ബ​ഹു​ഭൂ​രി​പ​ക്ഷം പേ​ർ അ​ണു​വാ​ഹ​ക​രാ​യി ദി​വ​സ​ങ്ങ​ളോ​ളം സ​മൂ​ഹ​ത്തി​ൽ ഇ​ട​പെ​ട്ടു​കൊ​ണ്ടി​രി​ക്കും. വ​ർ​ധി​ച്ച പ​രി​ശോ​ധ​ന​യി​ലൂ​ടെ രോ​ഗം ക​ണ്ടെ​ത്തി അ​വ​രെ മ​റ്റു​ള്ള​വ​രി​ൽ നി​ന്ന് അ​ക​റ്റി താ​മ​സി​പ്പി​ക്കാ​നാ​യാ​ൽ മാ​ത്ര​മേ വ്യാ​പ​നം ത​ട​യാ​നോ വേ​ഗ​ത കു​റ​ക്കാ​നോ സാ​ധി​ക്കൂ.

ജ​ന​ങ്ങ​ൾ​ക്കി​ട​യി​ലെ ക​പ​ട​ശാ​സ്ത്ര വി​ശ്വാ​സം ഈ ​അ​വ​സ്ഥ​ക്ക്​ സ​ഹാ​യ​ക​ര​മാ​കു​ന്നു. ഒ​റ്റ​മൂ​ലി​ക​ളും പ​ല​ത​രം പ്ര​തി​രോ​ധ മാ​ർ​ഗ​ങ്ങ​ളും ശ​ക്ത​മാ​യ വി​പ​ണി ക​ണ്ടെ​ത്തി​യി​രി​ക്കു​ന്നു. ഉ​പ്പ്, നാ​ര​ങ്ങ എ​ന്നി​വ മു​ത​ൽ വി​ല​യേ​റി​യ വ​സ്തു​ക്ക​ൾ വ​രെ മാ​ർ​ക്ക​റ്റി​ലു​ണ്ട്. ഗൂ​ഗ്​​ൾ വ​ഴി അ​ന്വേ​ഷ​ണം ന​ട​ത്തി​യാ​ൽ ഇ​തി​െ​ൻ​റ വ്യാ​പ്തി മ​ന​സ്സി​ലാ​കും. പ​ല​പ്പോ​ഴും കോ​വി​ഡ് പ്ര​തി​രോ​ധി​ക്കാ​ൻ ക​ഴി​വു​ള്ള പ​ല ചി​കി​ത്സ​ക​ളും അ​തു​ട​ലെ​ടു​ത്ത സം​സ്ഥാ​ന​ത്തി​ന​പ്പു​റം പോ​കു​ന്നി​ല്ലെ​ന്നു കാ​ണാം. ചി​ല​ത് ഇ​ന്ത്യ​യി​ലെ​മ്പാ​ടും ജ​ന​സ​മ്മി​തി നേ​ടി; മ​റ്റു​ചി​ല​ത് പ​രി​മി​ത​മാ​യി വി​പ​ണി​യി​ൽ സ്വാ​ധീ​നം ഉ​റ​പ്പി​ച്ചു.

തെ​ളി​വി​ല്ലാ​ത്ത ഇ​ത്ത​രം ചി​കി​ത്സ​ക​ളു​ടെ ക​ഴി​ഞ്ഞ ഏ​താ​നും മാ​സ​ത്തെ ജ​ന​സ്വാ​ധീ​നം പ​രി​ശോ​ധി​ച്ചാ​ൽ വൈ​റ​സി​നു സ​മാ​ന​മാ​യ വ്യാ​പ​നം ഇ​വ​ക്ക്​ നേ​ടാ​നാ​യി എ​ന്നും കാ​ണാം. അ​മി​ത​മാ​യ സു​ര​ക്ഷി​ത​ത്വ ബോ​ധം തോ​ന്നു​ന്ന​വ​ർ​ക്ക് കോ​വി​ഡ് റി​സ്‌​ക്‌ എ​ടു​ക്കാ​ൻ ഭ​യം തോ​ന്നു​ക​യി​ല്ല. ഇ​പ്പോ​ൾ​ത​ന്നെ ആ​ൾ​ക്കൂ​ട്ട​ങ്ങ​ൾ വ​ർ​ധി​ക്കു​ന്ന​താ​യും സാ​മൂ​ഹി​ക അ​ക​ല​വും ശാ​രീ​രി​ക ദൂ​ര​വും പാ​ലി​ക്കാ​തെ പോ​കു​ന്ന​തും കാ​ണാ​നാ​കും. കൈ​ക​ഴു​ക​ലും പ​ലേ​ട​ത്തും നാ​മ​മാ​ത്ര​മാ​യ സാ​ന്നി​ധ്യ​മാ​യി. പൊ​തു​പ്ര​വ​ർ​ത്ത​ക​ർ​ക്കും പ്രാ​ദേ​ശി​ക നേ​താ​ക്ക​ൾ​ക്കും ഇ​ക്കാ​ര്യ​ത്തി​ൽ ഏ​റെ സം​ഭാ​വ​ന ന​ൽ​കാ​നാ​കും; എ​ന്നാ​ൽ, അ​വ​ർ ശാ​സ്ത്ര​ബോ​ധ​ത്തെ അ​ടി​സ്ഥാ​ന​പ്പെ​ടു​ത്തി​യ പ്ര​തി​രോ​ധ മ​തി​ൽ എ​ന്ന സ​ങ്ക​ൽ​പ​ത്തോ​ടൊ​പ്പം ചേ​രാ​ൻ വി​മു​ഖ​രാ​ണ്.

കോ​വി​ഡ് എ​ന്ന​വ​സാ​നി​ക്കും എ​ന്നു പ​റ​യാ​മോ എ​ന്ന ചോ​ദ്യം പ​ല​പ്പോ​ഴും ഉ​യ​ർ​ന്നു​കേ​ൾ​ക്കു​ന്നു. അ​ടു​ത്ത വ​ർ​ഷം യു​ദ്ധ​മു​ണ്ടാ​കു​മോ, പ​ണ​ത്തി​െ​ൻ​റ ഭാ​വി​യെ​ന്താ​കും എ​ന്നൊ​ക്കെ​യു​ള്ള ചോ​ദ്യ​ങ്ങ​ൾ​ക്കും കൃ​ത്യ​മാ​യ പ്ര​വ​ച​നം സാ​ധ്യ​മ​ല്ല​ല്ലോ. മ​റ്റൊ​ന്ന് കോ​വി​ഡ് പു​തി​യ രോ​ഗ​മാ​ണെ​ന്നും അ​തി​െ​ൻ​റ പെ​രു​മാ​റ്റം മാ​റി​ക്കൊ​ണ്ടി​രി​ക്കു​ന്നു എ​ന്നും ന​മു​ക്ക​റി​യാം. ദി​വ​സേ​ന 8000 മ​ര​ണ​ങ്ങ​ൾ ന​ട​ന്നി​രു​ന്ന ലോ​ക​ത്ത്, ഇ​പ്പോ​ൾ രോ​ഗ​വ്യാ​പ​നം വ​ർ​ധി​ച്ചി​ട്ടും 5000 മ​ര​ണ​ങ്ങ​ൾ​ക്ക് താ​ഴെ എ​ത്തി​യി​രി​ക്കു​ന്നു. അ​താ​യ​ത്, വൈ​റ​സി​െ​ൻ​റ മാ​ര​ക​ശേ​ഷി കു​റ​ഞ്ഞു​വ​രു​ന്ന​താ​യി മ​ന​സ്സി​ലാ​കു​ന്നു. വൈ​റ​സി​ൽ വ​ന്ന ചി​ല പു​തി​യ മാ​റ്റ​ങ്ങ​ൾ മ​ര​ണ​നി​ര​ക്ക് ശു​ഷ്ക​മാ​കാ​ൻ കാ​ര​ണ​മാ​യി​ക്കാ​ണും. ജ​ന​ങ്ങ​ളു​ടെ സാ​മൂ​ഹി​ക ഇ​ട​പെ​ട​ൽ മാ​റു​ന്ന​ത​നു​സ​രി​ച്ചു വൈ​റ​സി​ൽ മാ​റ്റ​മു​ണ്ടാ​യി എ​ന്ന തോ​ന്ന​ൽ ശ​ക്ത​മാ​ണ്.

വൈ​റ​സ് എ​ന്ന് പി​ൻ​വാ​ങ്ങും എ​ന്ന ചോ​ദ്യം ഭാ​വി​യെ പ​റ്റി​യു​ള്ള ആ​കു​ല​ത​ക​ൾ പ​രി​ഗ​ണി​ക്കു​മ്പോ​ൾ പ്ര​സ​ക്ത​മാ​ണ്. ര​ണ്ടു ത​ര​ത്തി​ലാ​ണ് ശാ​സ്ത്രം ഇ​തി​നെ കാ​ണു​ന്ന​ത്. ഒ​ന്ന്, എ​പി​ഡെ​മി​യോ​ള​ജി മാ​തൃ​ക; ര​ണ്ട്, സാ​മൂ​ഹി​ക'​നോ​ർ​മ​ൽ'. ഇ​വ ര​ണ്ടും ര​ണ്ടു വ്യ​ത്യ​സ്ത​രീ​തി​ക​ളി​ൽ വി​ക​സി​ച്ചു​വ​രും എ​ന്നും ക​രു​ത​പ്പെ​ടു​ന്നു.

എ​പി​ഡെ​മി​യോ​ള​ജി മാ​തൃ​ക​യാ​ണ് ഇ​തി​ൽ പ്ര​ധാ​നം. ഇ​തി​ൽ പ്ര​ധാ​ന​മാ​യ​ത് വാ​ക്‌​സി​ൻ ക​ണ്ടെ​ത്ത​ലാ​ണ്. അ​തി​ന് ഇ​നി​യും ആ​റു മാ​സം കൂ​ടി കാ​ത്തി​രി​ക്കേ​ണ്ടി വ​രും എ​ന്ന് ക​രു​താം. ഇ​പ്പോ​ൾ മു​ൻ​നി​ര​യി​ലു​ള്ള വാ​ക്സി​നു​ക​ളി​ൽ അ​ഞ്ചി​ൽ ഒ​ന്നി​നു മാ​ത്ര​മേ വി​ജ​യ​സാ​ധ്യ​ത​യു​ള്ളൂ. അ​തി​നാ​ൽ വാ​ക്സി​നു​ക​ൾ സ​മൂ​ഹ​ത്തി​ലെ​ത്തി​ക്ക​ഴി​ഞ്ഞാ​ൽ മാ​ത്ര​മേ ഫ​ല​പ്രാ​പ്തി അ​റി​യാ​ൻ ക​ഴി​യൂ. വി​ജ​യ​ക​ര​മാ​യ വാ​ക്‌​സി​ൻ എ​ല്ലാ മേ​ഖ​ല​ക​ളി​ലും ല​ഭ്യ​മാ​യി​ക്ക​ഴി​ഞ്ഞാ​ൽ ഒ​ന്നോ ര​ണ്ടോ വ​ർ​ഷ​ത്തി​നു​ള്ളി​ൽ മാ​ത്ര​മേ സാ​മൂ​ഹി​ക പ്ര​തി​രോ​ധം സൃ​ഷ്​​ടി​ക്കാ​ൻ സാ​ധി​ക്കു​ക​യു​ള്ളൂ. ക​ണ​ക്കു​ക​ൾ കാ​ണി​ക്കു​ന്ന​ത്, നി​ല​വി​ൽ 30 കോ​ടി ജ​ന​ങ്ങ​ളി​ൽ മാ​ത്ര​മേ പ്ര​തി​രോ​ധ​ശേ​ഷി ഉ​ണ്ടാ​യി​ട്ടു​ള്ളൂ. പ​കു​തി​യോ​ളും ജ​ന​ങ്ങ​ളി​ൽ പ്ര​തി​രോ​ധ​ശേ​ഷി ഉ​ണ്ടാ​യാ​ൽ സാ​മൂ​ഹി​ക ഇ​മ്യൂ​ണി​റ്റി സാ​ധ്യ​മാ​കും. ഇ​നി​യും 300 കോ​ടി ജ​ന​ങ്ങ​ൾ​ക്ക് പ്ര​തി​രോ​ധ​ശേ​ഷി വ​രേ​ണ്ട​തു​ണ്ട്.

വാ​ക്സി​ൻ ഇ​ല്ലാ​തെ അ​ത് ക​ര​സ്ഥ​മാ​ക്കാ​മെ​ന്ന് ക​രു​താ​നും വ​യ്യ. മ​റ്റു വാ​ക്‌​സി​നു​ക​ൾ ഭാ​ഗി​ക​മാ​യി പ്ര​തി​രോ​ധ​ശേ​ഷി കോ​വി​ഡ് രോ​ഗ​ത്തി​ൽ പ്ര​ദാ​നം ചെ​യ്യു​മെ​ന്ന ധാ​ര​ണ​യും പ്ര​സ​ക്ത​മാ​ണ്. ഇ​തി​ൽ പ്ര​ധാ​നം ക്ഷ​യ​രോ​ഗ​ത്തി​ൽ ഉ​പ​യോ​ഗി​ക്കു​ന്ന ബി.​സി.​ജി വാ​ക്സി​നാ​ണ്. ജ​ന​ങ്ങ​ൾ പ​ര​സ്പ​രം ഇ​ട​പെ​ടു​ന്ന രീ​തി​ക​ൾ സാ​മൂ​ഹി​ക​പ്ര​തി​രോ​ധം കെ​ട്ടി​പ്പ​ടു​ക്കാ​ൻ വ്യ​ത്യ​സ്ത​മാ​യ സ്വാ​ധീ​നം പ​ല മേ​ഖ​ല​ക​ളി​ലും സൃ​ഷ്​​ടി​ക്കും. ഇ​തും ഇ​മ്യൂ​ണി​റ്റി​ക്ക് സ​ഹാ​യ​ക​ര​മാ​വാം. വാ​ക്‌​സി​ൻ 2021 മാ​ർ​ച്ചി​നു​ശേ​ഷം മാ​ത്രം ഉ​ണ്ടാ​കു​ന്ന​താ​ണ്, വ​ർ​ഷാ​വ​സാ​ന​മാ​കു​മ്പോ​ൾ പ​ത്തു​കോ​ടി​യി​ല​ധി​കം പേ​ർ​ക്ക് വാ​ക്സി​ൻ ന​ൽ​കാ​നും ക​ഴി​ഞ്ഞെ​ന്നി​രി​ക്കും.

അ​മേ​രി​ക്ക​യി​ൽ സാ​മൂ​ഹി​ക ഇ​മ്യൂ​ണി​റ്റി സാ​ധ്യ​മാ​കു​ക 2021 അ​വ​സാ​ന പാ​ദ​ത്തി​ലാ​യി​രി​ക്കും എ​ന്ന് ക​ണ​ക്കാ​ക്ക​പ്പെ​ടു​ന്നു. അ​മേ​രി​ക്ക​യു​ടെ ജ​ന​സം​ഖ്യ ഇ​ന്ത്യ​യു​ടേ​തി​ലും കു​റ​വാ​ണ്. വാ​ക്‌​സി​ൻ ല​ഭ്യ​ത കു​റ​യു​ക​യോ സാ​മൂ​ഹി​കാം​ഗീ​കാ​രം സാ​ർ​വ​ത്രി​ക​മാ​കാ​തെ​പോ​കു​ക​യോ പാ​ർ​ശ്വ​ഫ​ല​ങ്ങ​ൾ ഭ​യം പ​ട​ർ​ത്തു​ക​യോ ചെ​യ്താ​ൽ എ​പി​ഡെ​മി​യോ​ള​ജി മാ​തൃ​ക പ്രാ​വ​ർ​ത്തി​ക​മാ​കാ​നും താ​മ​സം ഉ​ണ്ടാ​കും. പ​ല ഘ​ട​ക​ങ്ങ​ളും പ​രി​ഗ​ണി​ച്ച മാ​ക്കി​ൻ​സി ക​രു​തു​ന്ന​ത് അ​മേ​രി​ക്ക​യി​ൽ പോ​ലും രോ​ഗം അ​വ​സാ​നി​ക്കാ​ൻ 2022 വ​രെ ദീ​ർ​ഘി​ച്ചു​പോ​കാ​മെ​ന്നും മു​ന്ന​റി​യി​പ്പ് ത​രു​ന്നു.

ര​ണ്ടാ​മ​ത്തേ​ത്, സാ​മൂ​ഹി​ക 'നോ​ർ​മ​ൽ' കൈ​വ​രി​ക്കു​ന്ന​ത് എ​പ്ര​കാ​രം എ​ന്ന ചോ​ദ്യ​മാ​ണ്. ജ​ന​ങ്ങ​ൾ ക്ര​മേ​ണ പൊ​തു ഇ​ട​ങ്ങ​ളി​ൽ ക​ട​ന്നു​വ​രു​ക​യും ജീ​വി​തം പ​റ്റു​ന്ന​ത്ര നോ​ർ​മ​ൽ ആ​ക്കാ​ൻ ശ്ര​മി​ക്കു​ക​യും ചെ​യ്യും എ​ന്നു കാ​ണാം. മ​ര​ണ​നി​ര​ക്ക് കു​റ​യു​ന്നു എ​ന്ന തോ​ന്ന​ൽ സാ​മൂ​ഹി​ക 'നോ​ർ​മ​ൽ' നി​ർ​മി​ക്കാ​ൻ സ​ഹാ​യി​ക്കും. ദി​നം പ്ര​തി എ​ത്ര​പേ​ർ​ക്ക് കോ​വി​ഡ് ബാ​ധി​ച്ചു എ​ന്ന ക​ണ​ക്ക്, മ​ര​ണ​നി​ര​ക്ക് കു​റ​യു​ന്ന​തോ​ടെ ഗൗ​ര​വ​മ​ല്ലാ​താ​കും.

ഇ​തും സാ​മൂ​ഹി​ക​പ്ര​തി​രോ​ധ​ത്തി​െ​ൻ​റ രീ​തി​യി​ൽ പെ​ടു​ന്നു. മ​ര​ണം, ന്യൂ​മോ​ണി​യ, ഐ.​സി.​യു ചി​കി​ത്സ, രോ​ഗ​ത്തി​െ​ൻ​റ വി​വി​ധ സ​ങ്കീ​ർ​ണ​ത​ക​ൾ എ​ന്നി​വ ന​ന്നാ​യി നി​യ​ന്ത്രി​ച്ചു വ​രു​ക എ​ന്ന​ത് ലോ​ക്ഡൗ​ൺ പോ​ലു​ള്ള ശ​ക്ത​മാ​യ മാ​ർ​ഗ​ങ്ങ​ളെ​ക്കാ​ൾ ഫ​ല​പ്ര​ദ​മാ​കും. അ​തോ​ടൊ​പ്പം സാ​മൂ​ഹി​ക സാ​മ്പ​ത്തി​ക പ്ര​വ​ർ​ത്ത​ന​ങ്ങ​ളി​ൽ വ​ലി​യ ആ​ഘാ​ത​മു​ണ്ടാ​ക്കാ​തെ അ​തി​വേ​ഗ പ​രി​ശോ​ധ​ന​ക​ൾ വ​ർ​ധി​പ്പി​ച്ചു കോ​വി​ഡ് ബാ​ധി​ച്ച​വ​രെ ക​ണ്ടെ​ത്തു​ന്ന​ത് അ​ത്യാ​വ​ശ്യം ത​ന്നെ. കോ​വി​ഡ് ബാ​ധ​ക്കു​ശേ​ഷം സാ​മൂ​ഹി​ക ജീ​വി​ത​ത്തി​ലേ​ക്ക് മ​ട​ങ്ങി​വ​രാ​ൻ സ​ഹാ​യി​ക്കു​ന്ന മാ​ന​സി​ക, ശാ​രീ​രി​ക പി​ന്തു​ണ​യും ആ​രോ​ഗ്യ​മേ​ഖ​ല ഇ​നി വ​രും നാ​ളു​ക​ളി​ൽ ഉ​റ​പ്പാ​ക്ക​ണം.",കോ​വി​ഡ് ബാ​ധി​ത​രു​ടെ സം​ഖ്യ വ​ർ​ധി​ക്കു​മെ​ന്നും അ​തി​ജാ​ഗ്ര​ത മാ​ത്ര​മാ​ണ്  പ്ര​തി​രോ​ധി​ക്കാ​നു​ള്ള ഏ​ക​മാ​ർ​ഗ​മെ​ന്നും നേ​താ​ക്ക​ളും അ​ധി​കാ​രി​ക​ളും പ​റ​യു​ന്ന​ത് ശ്ര​ദ്ധാ​പൂ​ർ​വം...,mal,madhyamam,Madhyamam,fake news,f1395e6b-1b31-4fb9-8f57-20c943fefd26,article,MassiveSum
https://www.madhyamam.com/kerala/pallikkathodu-pistol-case-kerala-news/668807,,പള്ളിക്കത്തോട് തോക്ക് നിർമാണം; ജയിൽ വാർഡനടക്കം രണ്ടുപേർകൂടി അറസ്​റ്റിൽ,,"പ​ള്ളി​ക്ക​ത്തോ​ട് (കോ​ട്ട​യം): തോ​ക്കു​ക​ളും വെ​ടി​യു​ണ്ട​ക​ളും നി​ർ​മി​ച്ച് വി​ൽ​പ​ന ന​ട​ത്തി​യ കേ​സി​ൽ ജ​യി​ൽ വാ​ർ​ഡ​ന​ട​ക്കം ര​ണ്ടു​പേ​ർ​കൂ​ടി അ​റ​സ്​​റ്റി​ൽ. പീ​രു​മേ​ട് ജ​യി​ൽ വാ​ർ​ഡ​ൻ പ​ത്ത​നാ​ട് മു​ണ്ട​ത്താ​നം മു​ള്ളു​വ​യ​ലി​ൽ സ്​​റ്റാ​ൻ​ലി എം. ​ജോ​ൺ​സ​ൺ (34), റാ​ന്നി സ്വ​ദേ​ശി പു​ല്ലു​പു​റം ഭാ​ഗ​ത്ത് ക​ട​ക്കേ​ത്ത് വീ​ട്ടി​ൽ ജേ​ക്ക​ബ് മാ​ത്യു (52) എ​ന്നി​വ​രാ​ണ് അ​റ​സ്​​റ്റി​ലാ​യ​ത്.

സ്​​റ്റാ​ൻ​ലി​യു​ടെ വീ​ട്ടി​ൽ​നി​ന്ന്​ റി​വോ​ൾ​വ​ർ ക​ണ്ടെ​ടു​ത്തു. ജേ​ക്ക​ബ് മാ​ത്യു​വി​​െൻറ വീ​ട്ടി​ൽ​നി​ന്ന്​ നാ​ട​ൻ കു​ഴ​ൽ​തോ​ക്കും പൊ​ലീ​സ് ക​ണ്ടെ​ടു​ത്തു. പി​ടി​യി​ലാ​യ സം​ഘ​ത്തി​ൽ​നി​ന്ന്​ ല​ഭി​ച്ച വി​വ​ര​ങ്ങ​ളു​ടെ അ​ടി​സ്ഥാ​ന​ത്തി​ൽ കോ​ട്ട​യം, പ​ത്ത​നം​തി​ട്ട ജി​ല്ല​ക​ളി​ൽ പൊ​ലീ​സ്​ ന​ട​ത്തി​യ റെ​യ്​​ഡി​ലാ​ണ്​ ഇ​വ​ർ പി​ടി​യി​ലാ​യ​ത്. അ​തി​നി​െ​ട, മാ​ന്നാ​റി​ലെ വീ​ട്ടി​ൽ​നി​ന്ന്​ തോ​ക്ക് ക​ണ്ടെ​ടു​ത്തി​ട്ടു​ണ്ട്. എ​ന്നാ​ൽ, വാ​ങ്ങി​യ ആ​ളെ പി​ടി​കൂ​ടാ​നാ​യി​ട്ടി​ല്ല. തോ​ക്ക് കേ​സി​ൽ ബി.​ജെ.​പി പ്ര​വ​ർ​ത്ത​ക​ന​ട​ക്കം 10 പേ​രാ​ണ്​ പി​ടി​യി​ലാ​യ​ത്.

പി​ടി​യി​ലാ​യ​വ​രി​ൽ​നി​ന്ന്​ ല​ഭി​ച്ച സൂ​ച​ന അ​നു​സ​രി​ച്ച് കൂ​ടു​ത​ൽ സ്ഥ​ല​ങ്ങ​ളി​ലേ​ക്ക് റെ​യ്ഡ് വ്യാ​പി​പ്പി​ക്കാ​നാ​ണ്​ പൊ​ലീ​സി​​െൻറ തീ​രു​മാ​നം. ഒ​ന്നി​ലേ​റെ ജി​ല്ല​ക​ളി​ൽ​നി​ന്ന്​ തോ​ക്കു​മാ​യി നി​ര​വ​ധി​പേ​ർ പി​ടി​യി​ലാ​യ​ത് കേ​സി​​െൻറ വ്യാ​പ്തി വ​ർ​ധി​പ്പി​ച്ചി​ട്ടു​ണ്ട്. ചി​ല​ർ പൊ​ലീ​സ്​ നി​രീ​ക്ഷ​ണ​ത്തി​ലാ​ണെ​ന്നാ​ണ് സൂ​ച​ന. തോ​ക്ക് നി​ർ​മാ​ണ സം​ഘ​ത്തി​ന് വെ​ടി​മ​രു​ന്ന് ന​ൽ​കി​യ പ​ള്ളി​ക്ക​ത്തോ​ട് സ്വ​ദേ​ശി തോ​മ​സ് മാ​ത്യു​വി​െ​ന (76) റി​മാ​ൻ​ഡ് ചെ​യ്തു. ക​ഴി​ഞ്ഞ​ദി​വ​സ​മാ​ണ്​ ഇ​യാ​ൾ അ​റ​സ്​​റ്റി​ലാ​യ​ത്.",പ​ള്ളി​ക്ക​ത്തോ​ട് (കോ​ട്ട​യം): തോ​ക്കു​ക​ളും വെ​ടി​യു​ണ്ട​ക​ളും നി​ർ​മി​ച്ച് വി​ൽ​പ​ന ന​ട​ത്തി​യ കേ​സി​ൽ ജ​യി​ൽ വാ​ർ​ഡ​ന​ട​ക്കം ര​ണ്ടു​പേ​ർ​കൂ​ടി അ​റ​സ്​​റ്റി​ൽ. പീ​രു​മേ​ട് ജ​യി​ൽ വാ​ർ​ഡ​ൻ...,mal,madhyamam,Madhyamam,fake news,3e2b64aa-12c4-4644-a8de-8824c47bf883,article,MassiveSum
https://www.madhyamam.com/kerala/local-news/kollam/--573166,https://www.madhyamam.com/kerala/local-news/kollam/--573166,മയ്യനാടി​െൻറ വിവിധ ഭാഗങ്ങൾ വെള്ളത്തിലായി,,"മയ്യനാടി​ൻെറ വിവിധ ഭാഗങ്ങൾ വെള്ളത്തിലായി മയ്യനാട്: കനത്തമഴയിൽ മയ്യനാടി​ൻെറ വിവിധ ഭാഗങ്ങൾ വെള്ളത്തിനടിയിലായി. മയ്യനാട് പോസ്​റ്റ്​ ഓഫിസും പരിസരവും വെള്ളത്തിൽ മുങ്ങി. പോസ്​റ്റ്​ ഓഫിസിന്​ മുൻവശമുള്ള ഓട കഴിഞ്ഞ മഴക്കാലത്ത് വൃത്തിയാക്കിയെങ്കിലും മേൽമൂടിയിടാത്തതുകാരണം മണ്ണും ചെളിയും നിറഞ്ഞ്​ മലിനജലം ഒഴുകാതെ കെട്ടിക്കിടക്കുകയാണ്​. മലിനജലത്തിലിറങ്ങിവേണം പോസ്​റ്റ്​ ഓഫിസ് ജീവനക്കാർക്കും ഇടപാടുകാർക്കും ഓഫിസിലെത്താൻ. ജന്മംകുളം ക്ഷേത്രം, വില്ലേജ് ഓഫിസ്, കോവിഡ് ട്രീറ്റ്മൻെറ്​ സൻെറർ, പുത്തൻകുളം എന്നിവിടങ്ങളിലും വെള്ളം കയറി. ഓടകളിൽ മണ്ണുനിറഞ്ഞതാണ് മയ്യനാട്ടെ വെള്ളക്കെട്ടിന് കാരണം. പരിഹാരം ആവശ്യപ്പെട്ട് കേരള സ്​റ്റേറ്റ് സർവിസ് പെൻഷനേഴ്സ് യൂനിയൻ മയ്യനാട് യൂനിറ്റ് സെക്രട്ടറി മോഹൻദാസും, മത്സ്യത്തൊഴിലാളി കോൺഗ്രസ് ബ്ലോക്ക് പ്രസിഡൻറ്​ റാഫേൽ കുര്യനും വിഷയം അധികൃതരുടെ ശ്രദ്ധയിൽപെടുത്തി. എത്രയുംപെട്ടെന്ന് ഓട വൃത്തിയാക്കി ജനങ്ങളുടെ ബുദ്ധിമുട്ടിന്​ പരിഹാരം കാണാൻ അധികൃതർ തയാറാകണമെന്നാണ് ഇവരുടെ ആവശ്യം. നന്മ വണ്ടി പര്യടനം തുടങ്ങി (ചിത്രം) ഓച്ചിറ: കരുനാഗപ്പള്ളി താലൂക്കിലെ നിർധന കുടുംബങ്ങൾക്ക് പലവ്യഞ്ജനം ഉൾപ്പെടെയുള്ള ഭക്ഷ്യധാന്യങ്ങൾ മാസംതോറും വീട്ടിലെത്തിച്ച് നൽകുന്ന നന്മ വണ്ടി പര്യടനം തുടങ്ങി. കരുനാഗപ്പള്ളി നാട്ടരങ്ങ് ചാരിറ്റബിൾ ഫോറം സുമനസ്സുകളുടെ സഹകരണത്തോടെയാണ് പദ്ധതി യാഥാർഥ്യമാക്കിയത്. ജീവകാരുണ്യ പ്രവർത്തകനായ ശശിധരൻ അനിയൻസ്​ ഫ്ലാഗ്ഓഫ് ചെയ്തു. ഷാജഹാൻ രാജധാനി അധ്യക്ഷത വഹിച്ചു. സുരേഷ് പാലക്കോട്ട്, നജീബ് മണ്ണേൽ, രശ്മി രവീന്ദ്രൻ, സലിം കൊല്ലം, മെഹർഖാൻ ചേന്നല്ലൂർ, മുഹമ്മദ് പൈലി, നാട്ടരങ്ങ് സെക്രട്ടറി ബിജു മുഹമ്മദ് എന്നിവർ സംസാരിച്ചു. കഞ്ചാവും പണവും പിടികൂടി; പ്രതി രക്ഷപ്പെട്ടു കുണ്ടറ: മുൻ കഞ്ചാവ്​ കേസിലെ പ്രതിയിൽനിന്ന് ഒന്നേകാൽ കിലോ കഞ്ചാവ് പിടികൂടി. സ്​കൂൾ കുട്ടികൾക്കുൾ​െപ്പടെ കഞ്ചാവ്​ വിൽപന നടത്തിവന്ന കൊറ്റങ്കര മുണ്ടൻചിറ ബിനു ഭവനത്തിൽ ബെന്നിയിൽ നിന്നാണ് കഞ്ചാവും പണവും പിടികൂടിയത്. ഒന്നേകാൽ കിലോയോളം കഞ്ചാവ്, 10000 രൂപ എന്നിവ കൊല്ലം എക്സൈസ്​ സ്​പെഷൽ സ്​ക്വാഡ് സർക്കിൾ ഇൻസ്​പെക്ടർ ഐ. നൗഷാദിൻെറ നേതൃത്വത്തിലുള്ള സംഘം കണ്ടെടുത്തു. നേരത്തെ ഇയാളെ കൊല്ലം എക്സൈസ്​ സ്​പെഷൽ സ്​ക്വാഡ് ഒന്നേകാൽ കിലോയോളം കഞ്ചാവും ബൈക്കുമായി അറസ്​റ്റ്​ ചെയ്ത് ജയിലിലാക്കിയിരുന്നു. മാമൂട്, മുണ്ടൻചിറ, വേലൻകോണം ഭാഗങ്ങൾ കേന്ദ്രീകരിച്ച്​ ബെന്നി വൻതോതിൽ യുവാക്കൾക്കിടയിൽ കഞ്ചാവ് വിൽപന നടത്തിവരുന്നതായി കൊല്ലം ഡെപ്യൂട്ടി എക്സൈസ്​ കമീഷണർ പി.കെ. സനുവിനു ലഭിച്ച രഹസ്യവിവരത്തിൻെറ അടിസ്​ഥാനത്തിലാണ് റെയ്ഡ് നടത്തിയത്. എക്സൈസ്​ ഇൻസ്​പെക്ടർ ടി. രാജീവ്, സിവിൽ എക്സൈസ്​ ഓഫിസർമാരായ നഹാസ്​, അനൂപ് എ. രവി, കബീർ, മനു കെ. മണി, നിതിൻ എന്നിവരാണ് റെയ്ഡ് നടത്തിയത്.",മയ്യനാടി​െൻറ വിവിധ ഭാഗങ്ങൾ വെള്ളത്തിലായി,mal,madhyamam,Madhyamam,fake news,eead0059-082e-407a-a5c2-0956c2857ce8,article,MassiveSum
https://www.madhyamam.com/kerala/school/2016/oct/14/226839,,ശനിയാഴ്ച വിദ്യാലയങ്ങൾക്ക്​ പ്രവൃത്തി ദിവസം,,തിരുവനന്തപുരം: ശനിയാഴ്​ച സംസ്​ഥാനത്തെ വിദ്യാലയങ്ങൾക്ക്​ പ്രവൃത്തി ദിവസമായിരിക്കുമെന്ന്​ പൊതുവിദ്യാഭ്യാസ ഡയറക്​ടർ അറിയിച്ചു,തിരുവനന്തപുരം: ശനിയാഴ്​ച സംസ്​ഥാനത്തെ വിദ്യാലയങ്ങൾക്ക്​ പ്രവൃത്തി ദിവസമായിരിക്കുമെന്ന്​ പൊതുവിദ്യാഭ്യാസ ഡയറക്​ടർ അറിയിച്ചു,mal,madhyamam,Madhyamam,fake news,b91b604d-f3db-487c-83e9-cfb5a7320789,article,MassiveSum
https://www.dengiamerika.com/a/4057821.html,https://www.dengiamerika.com/a/4057821.html,لەگەڵ ڕووداوەکاندا: دیپلۆماسیەتی ناوچەکە و ڕیفراندۆمی هەرێمی کوردستان,,English news from the Voice of America. VOA news provides coverage from around the world and learning English lessons from VOA Special English.,English news from the Voice of America. VOA news provides coverage from around the world and learning English lessons from VOA Special English.,mal,dengiamerika,Dengi Amerika,fake news,13fcadcf-b0b9-45e0-aeed-d7a8e66f32b3,article,MassiveSum
https://www.madhyamam.com/gulf-news/qatar/camel-qatar-gulf-news/2018/feb/09/424576,https://www.madhyamam.com/gulf-news/qatar/camel-qatar-gulf-news/2018/feb/09/424576,സൗ​​ദി​​യി​​ൽ നി​​ന്ന് ഒ​​ട്ട​​ക​​ങ്ങ​​ൾ ക​ട​ൽ​മാ​ർ​ഗം ദോ​​ഹ​​യി​​ലേ​​ക്ക്,,"ദോ​​ഹ: സൗ​​ദി അ​​റേ​​ബ്യ​​ൻ മ​​രു​​ഭൂ​​മി​​യി​​ൽ വ​​ള​​ർ​​ത്തി​​യി​​രു​​ന്ന ഖ​​ത്ത​​രി​ക​​ളു​​ടെ ഒ​​ട്ട​​ക​​ങ്ങ​​ൾ കു​​വൈ​​ത്ത് വ​​ഴി ക​​പ്പ​​ലി​​ൽ ദോ​​ഹ​​യി​​ലേ​​ക്ക്. ക​​ഴി​​ഞ്ഞ ദി​​വ​​സ​​മാ​​ണ് ഒ​​ട്ട​​ക​​ങ്ങ​​ളെ ക​​പ്പ​​ലി​​ൽ റു​​വൈ​​സ്​ പോ​​ർ​​ട്ടി​​ലേ​​ക്ക് കൊ​​ണ്ടു​വ​​രാ​​നു​​ള്ള തീ​​രു​​മാ​​നം എ​​ടു​​ത്ത​​ത്. ഏ​​താ​​നും കു​​വൈ​​ത്തി പൗ​​ര​​ൻ​​മാ​​രു​​ടെ പ്ര​​ത്യേ​​ക താ​​ൽ​​പ​​ര്യ​​പ്ര​​കാ​​ര​​മാ​​ണ് ഒ​​ട്ട​​ക​​ങ്ങ​​ളെ കൊ​​ണ്ട് വ​​രാ​​നു​​ള്ള തീ​​രു​​മാ​​നം എ​​ടു​​ക്കാ​​ൻ ക​​ഴി​​ഞ്ഞ​​തെ​​ന്ന് ബ​​ന്ധ​​പ്പെ​​ട്ട​​വ​​ർ അ​​റി​​യി​​ച്ചു.

സൗ​​ദി​​യി​​ലെ മ​​രു​​ഭൂ​​മി​​ക​​ളി​​ൽ മേ​​യു​​ക​​യും വ​​ള​​രു​​ക​​യും ചെ​​യ്തി​​രു​​ന്ന ഖ​​ത്ത​​ർ പൗ​​ര​​ൻ​​മാ​​രു​​ടെ ഒ​​ട്ട​​ക​​ങ്ങ​​ളെ സ​​ൽ​​വ അ​​തി​​ർ​​ത്തി​​യി​​ലൂ​​ടെ ക​​ട​​ത്തി വി​​ടാ​​തി​​രു​​ന്ന​​ത്​ വ​​ലി​​യ പ്ര​​തി​​സ​​ന്ധി​​ക്ക് കാ​​ര​​ണ​​മാ​​യ​ി​രു​ന്നു. ഉ​​പ​​രോ​​ധം പ്ര​​ഖ്യാ​​പി​​ച്ച​​ത് മു​​ത​​ൽ ആ​​യി​​ര​​ക്ക​​ണ​​ക്കി​​ന് ഒ​​ട്ട​​ക​​ങ്ങ​ളു​​ള്ള ഖ​​ത്ത​​രി​​ക​​ളാ​​യ ക​​ർ​​ഷ​​ക​​ർ വ​​ലി​​യ പ്ര​​തി​​സ​​ന്ധി​​യി​​ലാ​​യി​​രു​​ന്നു. നോ​​ക്കാ​​നും പ​​രി​​ച​​രി​​ക്കാ​​നും ആ​​ളി​​ല്ലാ​​ത്ത ഇ​​ക്കാ​​ല​​ത്തി​​നു​​ള്ളി​​ൽ നി​ര​വ​ധി ഒ​​ട്ട​​ക​​ങ്ങ​ൾ മ​​ര​​ണ​​മ​​ട​​യു​​ക​​യും ചെ​​യ്തു.

ഇ​​ത്ത​​ര​​മൊ​​രു സാ​​ഹ​​ച​​ര്യ​​ത്തി​​ലാ​​ണ് സൗ​​ദി​​യി​​ൽ നി​​ന്ന് ഒ​​ട്ട​​ക​​ങ്ങ​​ളെ കു​​വൈ​​ത്തി​​ലെ​​ത്തി​​ച്ച്​ ക​​പ്പ​​ൽ വ​​ഴി ഖ​​ത്ത​​റി​​ലേ​​ക്ക് കൊ​​ണ്ടു​വ​​രാ​​നു​​ള്ള പ​​ദ്ധ​​തി ത​​യ്യാ​​റാ​​കു​​ന്ന​​ത്. മൂ​​ന്ന് കു​​വൈ​​ത്തി പൗ​​ര​​ൻ​​മാ​​രു​​ടെ പ്ര​​ത്യേ​​ക ശ്ര​​ദ്ധ​​യാ​​ണ് ഇ​​ത്ത​ര​മൊ​രു പ​​രി​​ഹാ​​ര​​ത്തി​​ലേ​​ക്ക് എ​​ത്താ​ൻ കാ​ര​ണ​മെ​ന്ന്​ അ​​ധി​​കൃ​​ത​​ർ വ്യ​​ക്ത​​മാ​​ക്കി. ആ​​യി​​രം ഒ​​ട്ട​​ക​​ങ്ങ​​ൾ അ​ട​ു​ത്ത ദി​​വ​​സം റു​​വൈ​​സ്​ തു​​റ​​മു​​ഖ​ത്ത് എ​​ത്തു​​മെ​​ന്ന് അ​​ധി​​കൃ​​ത​​ർ അ​​റി​​യി​​ച്ചു.",ദോ​​ഹ: സൗ​​ദി അ​​റേ​​ബ്യ​​ൻ മ​​രു​​ഭൂ​​മി​​യി​​ൽ വ​​ള​​ർ​​ത്തി​​യി​​രു​​ന്ന ഖ​​ത്ത​​രി​ക​​ളു​​ടെ ഒ​​ട്ട​​ക​​ങ്ങ​​ൾ കു​​വൈ​​ത്ത് വ​​ഴി ക​​പ്പ​​ലി​​ൽ ദോ​​ഹ​​യി​​ലേ​​ക്ക്. ക​​ഴി​​ഞ്ഞ,mal,madhyamam,Madhyamam,fake news,362ca7a0-0cc4-45c7-9599-a30d41002d06,article,MassiveSum
https://www.madhyamam.com/kerala/kerala-bank-pinarayi-vijayan/661943,,കേരള ബാങ്ക് സഹകരണ ബദൽ -മുഖ്യമന്ത്രി,,"തി​രു​വ​ന​ന്ത​പു​രം: ലാ​ഭ​ക്കൊ​തി മാ​ത്ര​മു​ള്ള ബാ​ങ്കു​ക​ൾ​ക്കെ​തി​രാ​യ സ​ഹ​ക​ര​ണ ബ​ദ​ലാ​ണ് കേ​ര​ള ബാ​ങ ്കെ​ന്ന് മു​ഖ്യ​മ​ന്ത്രി പി​ണ​റാ​യി വി​ജ​യ​ൻ. കേ​ര​ള​ത്തി​​െൻറ​യാ​കെ ബാ​ങ്കി​ങ്​ ആ​വ​ശ്യ​ങ്ങ​ൾ നി​റ​വേ​റ് റാ​ൻ പ​ര്യാ​പ്ത​മാ​ണ് കേ​ര​ള​ബാ​ങ്ക് ശൃം​ഖ​ല​യെ​ന്നും അ​ദ്ദേ​ഹം പ​റ​ഞ്ഞു. കേ​ര​ള ബാ​ങ്കി​​െൻറ ലോ​ഗോ പ്ര​കാ ​ശ​നം നി​ർ​വ​ഹി​ക്കു​ക​യാ​യി​രു​ന്നു മു​ഖ്യ​മ​ന്ത്രി.

കേ​ര​ള​ത്തി​ലെ ഒ​ന്നാ​മ​ത്തെ ബാ​ങ്കാ​കാ​ൻ കേ​ര​ ള​ബാ​ങ്കി​ന് അ​ധി​ക​കാ​ലം വേ​ണ്ടി​വ​രി​ല്ല. നി​ല​വി​ൽ ര​ണ്ടാ​മ​ത്തെ വ​ലി​യ ബാ​ങ്കാ​ണി​ത്. 1216 ശാ​ഖ​ക​ളും 1,53,000 കോ​ടി നി​ക്ഷേ​പ​വു​മു​ള്ള എ​സ്.​ബി.​ഐ​യാ​ണ് ഒ​ന്നാ​മ​ത്. കേ​ര​ള​ബാ​ങ്കി​ന് ആ​ദ്യ​ഘ​ട്ടം 825 ശാ​ഖ​ക​ളും 65,000 കോ​ടി നി​ക്ഷേ​പ​വു​മു​ണ്ട്. ഇ​തി​ന്​ പു​റ​മേ പ്രാ​ഥ​മി​ക കാ​ർ​ഷി​ക സ​ഹ​ക​ര​ണ സം​ഘ​ങ്ങ​ൾ​ക്ക് 1625 ഉം ​ലൈ​സ​ൻ​സ്ഡ് അ​ർ​ബ​ൻ ബാ​ങ്കു​ക​ൾ​ക്ക് 60 ഉം ​ശാ​ഖ​ക​ളു​ണ്ട്. കേ​ര​ള ബാ​ങ്ക് രൂ​പ​വ​ത്​​ക​രി​ക്കു​മ്പോ​ൾ ക്രെ​ഡി​റ്റ് മേ​ഖ​ല​യു​ടെ സ​ഹ​ക​ര​ണ​സ്വ​ഭാ​വം ന​ഷ്​​ട​പ്പെ​ടു​മെ​ന്ന വാ​ദം ശ​രി​യ​ല്ല. സ​ഹ​ക​ര​ണ​ച​ട്ട​ങ്ങ​ളും നി​യ​മ​ങ്ങ​ളും പാ​ലി​ച്ച് മു​ന്നോ​ട്ടു​പോ​കു​ന്ന​തി​നാ​ൽ സ​ഹ​ക​ണ​സ്വ​ഭാ​വം കൂ​ടു​ത​ൽ ശ​ക്ത​മാ​കും.

സം​സ്ഥാ​ന സ​ഹ​ക​ര​ണ ബാ​ങ്കി​നു​ൾ​പ്പെ​ടെ നി​ല​വി​ൽ ആ​ർ.​ബി.​ഐ നി​യ​ന്ത്ര​ണം ഉ​ള്ള​തി​നാ​ൽ കേ​ര​ള​ബാ​ങ്കി​നു​ള്ള നി​യ​ന്ത്ര​ണ​ത്തെ പ്ര​ശ്ന​മാ​യി കാ​ണേ​ണ്ട​തി​ല്ല. ഒ​രു വ​ഴി​വി​ട്ട നീ​ക്ക​ത്തി​നും ഇ​ട​വ​രി​ല്ല എ​ന്ന​തി​നാ​ൽ സാ​മ്പ​ത്തി​ക അ​ച്ച​ട​ക്ക​മു​ണ്ടാ​കു​ന്ന​ത് ബാ​ങ്കി​​െൻറ വ​ള​ർ​ച്ച​ക്ക് സ​ഹാ​യ​മാ​കു​മെ​ന്നും മു​ഖ്യ​മ​ന്ത്രി പ​റ​ഞ്ഞു.

ജി​ല്ല ബാ​ങ്കു​ക​ളി​ൽ നി​ന്ന് ല​ഭി​ച്ചി​രു​ന്ന എ​ല്ലാ സേ​വ​ന​ങ്ങ​ളും കേ​ര​ള ബാ​ങ്കി​ലും ല​ഭി​ക്കു​മെ​ന്ന്​ ച​ട​ങ്ങി​ൽ അ​ധ്യ​ക്ഷ​ത വ​ഹി​ച്ച മ​ന്ത്രി ക​ട​കം​പ​ള്ളി സു​രേ​ന്ദ്ര​ൻ പ​റ​ഞ്ഞു. മ​ന്ത്രി രാ​മ​ച​ന്ദ്ര​ൻ ക​ട​ന്ന​പ്പ​ള്ളി, വി. ​ജോ​യി എം.​എ​ൽ.​എ, ധ​ന​കാ​ര്യ എ​ക്സ്പെ​ൻ​ഡി​ച്ച​ർ സെ​ക്ര​ട്ട​റി സ​ഞ്ജ​യ് കൗ​ൾ, സ​ഹ​ക​ര​ണ സം​ഘം ര​ജി​സ്ട്രാ​ർ ഡോ.​പി.​കെ. ജ​യ​ശ്രീ എ​ന്നി​വ​ർ സം​ബ​ന്ധി​ച്ചു.

സ​ഹ​ക​ര​ണ സെ​ക്ര​ട്ട​റി മി​നി ആ​ൻ​റ​ണി സ്വാ​ഗ​ത​വും സം​സ്ഥാ​ന സ​ഹ​ക​ര​ണ ബാ​ങ്ക് എം.​ഡി റാ​ണി ജോ​ർ​ജ് ന​ന്ദി​യും പ​റ​ഞ്ഞു. തു​ട​ർ​ന്ന് സം​സ്ഥാ​ന സ​ഹ​ക​ര​ണ ബാ​ങ്കി​​െൻറ വി​ശേ​ഷാ​ൽ പൊ​തു​യോ​ഗ​വും ന​ട​ന്നു. ​യു.​ഡി.​എ​ഫ്​ അ​നു​കൂ​ല പ്രാ​ഥ​മി​ക​ബാ​ങ്കു​ക​ളു​ടെ പ്ര​തി​നി​ധി​ക​ൾ ​െപാ​തു​യോ​ഗ​ത്തി​ൽ നി​ന്ന്​ വി​ട്ടു​നി​ന്നു.",തി​രു​വ​ന​ന്ത​പു​രം: ലാ​ഭ​ക്കൊ​തി മാ​ത്ര​മു​ള്ള ബാ​ങ്കു​ക​ൾ​ക്കെ​തി​രാ​യ സ​ഹ​ക​ര​ണ ബ​ദ​ലാ​ണ് കേ​ര​ള ബാ​ങ   ്കെ​ന്ന് മു​ഖ്യ​മ​ന്ത്രി പി​ണ​റാ​യി വി​ജ​യ​ൻ. കേ​ര​ള​ത്തി​​െൻറ​യാ​കെ ബാ​ങ്കി​ങ്​...,mal,madhyamam,Madhyamam,fake news,e3ad47ee-746d-4470-a8ce-7b6d6b923689,article,MassiveSum
https://www.15min.lt/naujiena/laisvalaikis/ivairenybes/laikrodziu-evoliucija-apie-kuria-nezinome-941-682481,https://www.15min.lt/naujiena/laisvalaikis/ivairenybes/laikrodziu-evoliucija-apie-kuria-nezinome-941-682481,"Laikrodžių evoliucija, apie kurią nežinome",,"Šimtmečiams bėgant mokslininkai nuolat ieškojo būdų, kaip tiksliai pamatuoti ir nustatyti laiką. Senų senovėje žmonės tiesiog fiksuodavo dienos metą pagal saulės judėjimo trajektoriją danguje. Pirmieji pasaulio laikrodžiai buvo visiškai netikslūs, o tam, kad pasiektų dabartinį Pasaulinį laiką, naudojamą visame pasaulyje, reikėjo išnaudoti įvairiausias technologijas. Taigi šiandien yra išskiriami penki pagrindiniai laikrodžių tipai, kurie skirstomi ne pagal išvaizdą ar dizainą, tačiau pagal laiko atpažinimui naudojamą technologiją. Nors ne visi jie yra naudojami iki šių dienų, tačiau visų jų išradimas buvo labai stiprus žingsnis į priekį link dabartinių technologijų.

Saulės laikrodis buvo išrastas siekiant padalinti dieną į mažesnes dalis, panašias į dabar naudojamas valandas. Pirmieji saulės laikrodžių centrai, vadinami obeliskais, buvo pradėti montuoti dar 3500 metų prieš mūsų erą. Šio tipo laikrodžiai parodydavo dėl saulės judėjimo krentantį šėšėlį, o tuometinis ciferblatas buvo padalintas vos į dvi dalis. Tad aiškiai buvo galima atskirti tik kuri iš dviejų dienos fazių tuo metu yra. Vėliau senovės egiptiečiai šiek tiek patobulino saulės laikrodį ir „ciferblatą“ padalino į daugybę smulkesnių dalių, kurios šią dieną beveik prilygsta valandoms.

Vandens laikrodžiai buvo išrasti senovės graikų ir pradėti naudoti dar 325-aisiais metais prieš mūsų erą. Tuomet vandens laikrodžiai buvo skirti daugiau nurodyti nakties valandą, tačiau buvo naudojami ir laikui dienos metu nustatyti. Pagrindinė tokio laikrodžio problema buvo ta, kad jis buvo pakankamai netikslus – mat laikas buvo nustatomas pagal tai, kuria kryptimi bėga vanduo iš į vandenį panardintos talpyklos, šonuose sužymėtomis valandomis. Kad ir koks netikslus būtų šis laiko nustatymo metodas, tačiau net ir dvidešimtojo amžiaus viduryje jis buvo naudojamas šiaurės Afrikoje ir viduriniuosiuose rytuose. Vistik teigiama, kad būtent vandens laikrodis yra šiuolaikinių mechaninių laikrodžių pradininkas.

Mechaninis laikrodis buvo išrastas septynioliktajame amžiuje vieno olandų mokslininko. Nors šio tipo laikrodžių pradininku laikomas Galileo Galilėjas, tačiau jis sukūrė tik koncepciją – realus dizainas buvo išrastas jau po jo mirties. Mechaninis laikrodis pasižymėjo tuo, kad per dieną įgaudavo vos vienos minutės paklaidą. Lyginant su ankstesniais saulės ir vandens laikrodžiais tai buvo nepakartojamas postūmis laiko matavime, mat tokio tikslumo niekad nebuvo tikėtasi. Vėliau mechaniniai laikrodžiai buvo nuolat tobulinami ir tik nuolatinių atnaujinimų dėka mechaninių laikrodžių nukrypimas nuo astronominio laiko yra vos viena šimtoji sekundės per dieną.

Kvarciniai laikrodžiai yra turbūt iki šių dienų populiariausias rankinių laikrodžių tipas. Tai elektroniniai laikrodžiai, kurie matuoja laiką kvarco kristalo virpesiais ir yra maitinami baterijos energija. Kvarciniai laikrodžiai būna ne tik rankiniai, tačiau ir sieniniai bei staliniai. Šio tipo laikrodžiai dažniausiai turi skystųjų kristalų LCD ekraną, o nuokrypis siekia daugmaž vieną dešimt tūkstantąją sekundės dalį. Tad kvarciniai laikrodžiai yra ne tik tikslesni, tačiau ir lengviau prižiūrimi nei jo mechaniniai pirmtakai.

Tai yra neabejotinai tiksliausias laikrodis, kuriame laikas matuojamas pagal atomuose atsirandančius šviesos virpesius. Tiksliausias atominis laikrodis yra toks tikslus, kad vienos sekundės nukrypimą pasiekia net per 15 milijonų metų. Kiekvieno šių dienų elektroninio prietaiso laikas yra nustatomas būtent pagal pasaulio atominius laikrodžius. Pagrindinis pasaulio atominis laikrodis yra Jungtinėje Karalystėje, tačiau jų yra ir daugiau – tiek Europoje, JAV, ar Japonijoje. Visi šie skirtingi atominiai laikrodžiai fiksuoja Nacionalinį standartą, kuris vėliau yra išvedamas į vadinamąjį Tarptautinį atominį laiką ir Pasaulinį koordinatinį laiką.

Ye group and Baxley/Tiksliausias pasaulyje atominis laikrodis

Šis klausimas kilo ne vienam žmogui, nusprendusiam tiksliausio atsakymo ieškoti interneto platybėse. Rodos juk nei saulės, nei vandens laikrodžiai nebuvo labai patikimi, tad kada buvo fiksuotas pirmasis pasaulio laikas ir kokiais metodais tai buvo daroma? Ogi būtent saulės laikrodis pirmą kartą tiksliausiai užfiksavo vidurdienį, kadangi šešėlis nuo obelisko tuo metu nekrenta dėl aukščiausiame taške esančios saulės. Būtent taip užfiksuotas pirmasis laikas, pagal kurį vėliau buvo kalibruojami mechaniniai laikrodžiai. Tad net ir įvykus kokio nors pobūdžio pasaulinei katastrofai ir sustojus tiksliausiems pasaulyje atominiams laikrodžiams, juos būtų galima sukalibruoti būtent 12 valandą dienos – ši technologija per amžius nepasikeitė ir greičiausiai niekada nepasikeis, bent tol, kol mus pasiekia saulės šviesa.","Laikrodžius aplinkui matome nuolat ir veikiausiai neįsivaizduojame, kaip įmanoma gyventi be laiko matavimo prietaisų. Nors senoliai primygtinai perša, kad „laimingi laiko neskaič...",mal,15min,15Min,fake news,b66adb39-08f1-4739-806f-7e81d4390eaf,article,MassiveSum
https://www.dengiamerika.com/a/2800773.html,https://www.dengiamerika.com/a/2800773.html,به‌رنامه‌کانی کاژمێری یه‌که‌م,,هه‌واڵه‌کان ، ڕاپـۆرت، وتووێژ.,هه‌واڵه‌کان ، ڕاپـۆرت، وتووێژ.,mal,dengiamerika,Dengi Amerika,fake news,e26af4df-6740-4898-9289-af896b087f33,article,MassiveSum
https://www.madhyamam.com/india/2015/dec/06/164707,,ചെന്നൈ ആശുപത്രിയിലെ കൂട്ടമരണം: സര്‍ക്കാര്‍ വിശദീകരണം വിവാദത്തില്‍,,"ചെന്നൈ: പ്രളയത്തത്തെുടര്‍ന്ന് സ്വകാര്യ സൂപ്പര്‍ സ്പെഷാലിറ്റി ആശുപത്രിയിലെ തീവ്രപരിചരണ വിഭാഗത്തില്‍ ഓക്സിജന്‍ കിട്ടാതെ കൂട്ടമരണം നടന്ന സംഭവത്തില്‍ സംസ്ഥാന സര്‍ക്കാറിന്‍െറ വിശദീകരണം വിവാദത്തില്‍. ആശുപത്രി മാനേജ്മെന്‍റിന്‍െറ വാക്കാല്‍ വിശദീകരണം അതേപോലെ സംസ്ഥാന സര്‍ക്കാര്‍ മാധ്യമങ്ങള്‍ക്ക് നല്‍കുകയായിരുന്നു. അഡയാര്‍ നദീതീരത്തുള്ള ആശുപത്രി മോര്‍ച്ചറിയില്‍ വെള്ളംകയറിയതിനത്തെുടര്‍ന്ന് 18 മൃതദേഹങ്ങള്‍ സര്‍ക്കാര്‍ ആശുപത്രിയില്‍ എത്തിച്ചെന്നാണ് സര്‍ക്കാര്‍ വിശദീകരണം. എന്നാല്‍, ഇതിനെതിരെ മരിച്ചവരുടെ ബന്ധുക്കള്‍ രംഗത്തുവന്നു. ആശുപത്രി അധികൃതര്‍ രേഖാമൂലം വിശദീകരണം നല്‍കുന്നതിനുമുമ്പ് സര്‍ക്കാര്‍ ഇക്കാര്യത്തില്‍ ധിറുതി കാണിക്കുകയായിരുന്നു. കൂട്ടമരണം സംബന്ധിച്ച് സംസ്ഥാന സര്‍ക്കാര്‍ അന്വേഷണം പ്രഖ്യാപിച്ചിരുന്നു. അന്വേഷണ സംഘത്തെ തീരുമാനിക്കുന്നതിനുമുമ്പ് ആശുപത്രി മാനേജ്മെന്‍റിനെ ന്യായീകരിക്കുന്ന നടപടിയില്‍ ബന്ധുക്കള്‍ അമര്‍ഷം അറിയിച്ചു. അതേസമയം, 18 രോഗികള്‍ ശ്വാസം മുട്ടി മരിച്ചത് സംബന്ധിച്ച് കൂടുതല്‍ തെളിവുകള്‍ പുറത്തുവന്നു. ചെന്നൈ മണപ്പാക്കത്തെ മിയോട്ട് ആശുപത്രിയിലേക്ക് അഡയാര്‍ നദീ തീരത്തുനിന്ന് 50 മീറ്റര്‍ ദൂരം മാത്രമാണുള്ളത്. പുതുതായി പണിത ഒമ്പത് നില കെട്ടിടത്തിന്‍െറ ബെയ്സ്മെന്‍റില്‍ മൂന്ന് നിലകളുണ്ട്. ഈ കെട്ടിടത്തില്‍ പ്രവര്‍ത്തിച്ചിരുന്ന അത്യാഹിത വിഭാഗത്തില്‍ 150 ഓളം രോഗികളുണ്ടായിരുന്നു. 40 പേര്‍ വെന്‍റിലേറ്റര്‍ സഹായത്തോടെയാണ് ജീവന്‍ നിലനിര്‍ത്തിയിരുന്നത്. മറ്റ് വാര്‍ഡുകളിലായി 700 രോഗികളുമുണ്ടായിരുന്നു. അഡയാര്‍ നദിയില്‍ പൊങ്ങിയ വെള്ളം പലതവണ ആശുപത്രി പരിസരത്തേക്ക് ഇരമ്പിയത്തെി. പ്രദേശത്ത് വൈദ്യുതി വിച്ഛേദിച്ചിരുന്നതിനാല്‍ തുടര്‍ച്ചായി പ്രവര്‍ത്തിച്ചിരുന്ന അത്യാധുനിക ജനറേറ്റര്‍ തകരാറിലാകുകയായിരുന്നു. രോഗികളെ മറ്റ് ആശുപത്രികളിലേക്ക് മാറ്റിയെങ്കിലും 18 പേര്‍ മരിച്ചു. ആശുപത്രി പരിസരവും ജനറേറ്ററും വെള്ളത്തില്‍ മുങ്ങിക്കിടക്കുന്നതിന്‍െറ ചിത്രങ്ങളും പുറത്തുവന്നു. ജനറേറ്റര്‍ ഭാഗികമായി മുങ്ങിയ ചിത്രങ്ങളും മാധ്യമങ്ങള്‍ പ്രസിദ്ധീകരിച്ചിട്ടുണ്ട്.",ആശുപത്രി മാനേജ്മെന്‍റിന്‍െറ വിശദീകരണം സര്‍ക്കാര്‍ മാധ്യമങ്ങള്‍ക്ക് നല്‍കുകയായിരുന്നു,mal,madhyamam,Madhyamam,fake news,7ec514f6-a6af-4c94-8da7-968b0ec40268,article,MassiveSum
https://www.madhyamam.com/local-news/kottayam/2016/feb/11/177531,,"കാത്തുനില്‍പുവേണ്ട, ലീഗല്‍ ഗാര്‍ഡിയന്‍ഷിപ് സര്‍ട്ടിഫിക്കറ്റുള്ളവര്‍ക്ക് കലക്ടറെ കാണാം",,"കോട്ടയം: വിവിധ ആവശ്യങ്ങള്‍ക്കായി കലക്ടറെ കാണാന്‍ കലക്ടറേറ്റില്‍ എത്തുന്നവരില്‍ ലീഗല്‍ ഗാര്‍ഡിയന്‍ഷിപ് സര്‍ട്ടിഫിക്കറ്റുള്ളവര്‍ക്ക് ഇനിമുതല്‍ കാത്തുനില്‍ക്കേണ്ട. സര്‍ട്ടിഫിക്കറ്റ് കോണ്‍ഫിഡന്‍ഷ്യല്‍ അസിസ്റ്റന്‍റിനെ കണിച്ചാല്‍ അപ്പോള്‍തന്നെ കലക്ടറെ നേരില്‍കണ്ട് കാര്യം പറയാം. നാഷനല്‍ ട്രസ്റ്റ് ലോക്കല്‍ ലെവല്‍ കോഓഡിനേഷന്‍ കമ്മിറ്റി ആഭിമുഖ്യത്തില്‍ ബുധനാഴ്ച കലക്ടറേറ്റില്‍ നടന്ന ലീഗല്‍ ഗാര്‍ഡിയന്‍ഷിപ് സര്‍ട്ടിഫിക്കറ്റ് വിതരണ ചടങ്ങിലാണ് ഇക്കാര്യം അറിയിച്ചത്. ബുദ്ധിമാന്ദ്യം, ഓട്ടിസം, സെറിബ്രല്‍പാള്‍സി തുടങ്ങിയവ ബാധിച്ചവര്‍ക്ക് കേന്ദ്രസര്‍ക്കാര്‍ നല്‍കുന്നതാണ് ലീഗല്‍ ഗാര്‍ഡിയന്‍ഷിപ് സര്‍ട്ടിഫിക്കറ്റ്. ഈ വിഭാഗത്തില്‍പെട്ടവര്‍ക്ക് അവരുടെ മാതാപിതാക്കളുടെ സാന്നിധ്യം എപ്പോഴും ആവശ്യമായതുകൊണ്ടാണ് എത്രയുംവേഗം അവരുടെ ആവശ്യം ബോധിപ്പിക്കാന്‍ സൗകര്യം ചെയ്തു കൊടുക്കുന്നത്. വൈകല്യപെന്‍ഷന്‍ ലഭിക്കുന്നതിന് ഇനിമുതല്‍ സര്‍ക്കാര്‍ അനിവാര്യമാക്കുന്ന ലീഗല്‍ ഗാര്‍ഡിയന്‍ഷിപ് സര്‍ട്ടിഫിക്കറ്റ് 19 പേര്‍ക്കാണ് നല്‍കിയത്. കേന്ദ്രസര്‍ക്കാര്‍ ഏജന്‍സിയായ നാഷനല്‍ ട്രസ്റ്റ് മുഖേന ജില്ലയിലെ അര്‍ഹരായവര്‍ക്കെല്ലാം ഈ സര്‍ട്ടിഫിക്കറ്റ് നല്‍കുമെന്ന് ചടങ്ങില്‍ സംസാരിച്ച ട്രസ്റ്റ് ചെയര്‍മാന്‍ ആര്‍. വേണുഗോപാലന്‍നായര്‍ പറഞ്ഞു. സര്‍ട്ടിഫിക്കറ്റ് ആവശ്യമുള്ളവര്‍ കലക്ടറേറ്റില്‍ അപേക്ഷ നല്‍കണം. ട്രസ്റ്റ് പ്രവര്‍ത്തകര്‍ അപേക്ഷകരുടെ വീടുകളിലത്തെി അവരുടെ വ്യക്തിപരവും കുടുംബപരവുമായ പ്രശ്നങ്ങളും ആവശ്യങ്ങളും മനസ്സിലാക്കും. ഈ വിവരങ്ങള്‍ നാഷനല്‍ ഡിപ്പോസിറ്ററി സൈറ്റില്‍ കൊടുത്താണ് സര്‍ട്ടിഫിക്കറ്റ് എടുക്കുന്നത്. ഇതില്‍ ജില്ലാ മജിസ്ട്രേറ്റ് ഒപ്പിട്ടു നല്‍കും. സര്‍ട്ടിഫിക്കറ്റ് ലഭിച്ചവര്‍ക്ക് പ്രത്യേക ബാങ്ക് അക്കൗണ്ട് തുറക്കും. സര്‍ക്കാറിന്‍െറ സാമ്പത്തിക ആനുകൂല്യങ്ങളെല്ലാം ഈ അക്കൗണ്ടിലൂടെയാകും ലഭിക്കുക. കോണ്‍ഫറന്‍സ് ഹാളില്‍ നടന്ന ചടങ്ങില്‍ നാഷനല്‍ ട്രസ്റ്റ് പ്രവര്‍ത്തകരായ അഡ്വ. സത്യവാന്‍, അഡ്വ. കലേഷ്, ഫെബി ലിയോ മാത്യു, സൈക്യാട്രിസ്റ്റ് ഡോ. ടോണി എന്നിവര്‍ സംസാരിച്ചു.",കോട്ടയം: വിവിധ ആവശ്യങ്ങള്‍ക്കായി കലക്ടറെ കാണാന്‍ കലക്ടറേറ്റില്‍ എത്തുന്നവരില്‍ ലീഗല്‍ ഗാര്‍ഡിയന്‍ഷിപ് സര്‍ട്ടിഫിക്കറ്റുള്ളവര്‍ക്ക് ഇനിമുതല്‍ കാത്തുനില്‍ക്കേണ്ട. സര്‍ട്ടിഫിക്കറ്റ് ...,mal,madhyamam,Madhyamam,fake news,c0438e90-40e0-4fec-8b6a-112f17f8ef5b,article,MassiveSum
https://lao.voanews.com/a/iraq-asks-un-security-council-to-demand-turkish-troops-leave-the-north/3100114.html,https://lao.voanews.com/a/iraq-asks-un-security-council-to-demand-turkish-troops-leave-the-north/3100114.html,ອີຣັກ ຮຽກຮ້ອງ ຕໍ່ສະພາຄວາມໝັ້ນຄົງ ສປຊ ເພື່ອສັ່ງໃຫ້ເທີກີ ຖອນທະຫານ ອອກຈາກອີຣັກ,,"ອີ​ຣັກ ກຳລັງ​ຮ້ອງ​ຂໍ​ໃຫ້ ສະພາ​ຄວາມ​ໝັ້ນຄົງ ສະຫະ​ປະຊາ​ຊາດ ສັ່ງ​ໃຫ້​ເທິ​ກີ ຖອນທະຫານ​ຂອງ​ຕົນອອກຈາກພາກ​ເໜືອ​ອີຣັກ ​ ໂດຍ​ທັນ​ທີ​ແລະ​ບໍ່​ມີເງື່ອນ​ໄຂ ໃດໆທັງ​ສິ້ນ.

​ອີ​ຣັກ ໄດ້​ຂຽນຢູ່​ໃນ​ໜັງສື​ ໄປ​ຫາສະພາ​ຄວາມ​ໝັ້ນຄົງ ​ແລະອົງ ການ​ຂ່າວຣອຍ​ເຕີ ກໍ​ໄດ້​ເຫັນ​ໜັງສື​ດັ່ງກ່າວທີ່ເວົ້າວ່າ “ນີີ້ແມ່ນ​ຖື ​ວ່າເປັນ​ການລະ​ເມີດ​ຢ່າງ​ເປີດແປນ​ຕໍ່ກົດ​ບັດສະຫະ​ປະຊາ​ຊາດ ​ແລະລະ​ເມີດ​ຕໍ່​ຜືນ​ແຜ່ນດິນ​ອັນ​ຄົບ​ຖ້ວນແລະອະທິປະ​ໄຕຂອງ ​ປະ​ເທດ​ອີຣັກ”

ນາຍົກລັດຖະມັນ​ຕີ ອີຣັກ ທ່ານ Haider al-Abadi ​ໄດ້​ຮ້ອງ​ຮຽນ ຕໍ່​ສະພາ ຄວາມ​ໝັ້ນຄົງລະຫວ່າງ​ການກ່າວ​ຄຳ​ປາ​ໄສທີ່ອອກ​ອາກາດທາງ​ໂທລະພາບ ​ໃນ​ວັນ​ສຸກ​ວານນີ້. ທ່ານ​ກ່າວ​ວ່າ ອີຣັກ ​ໄດ້​ພະຍາຍາມແກ້​ໄຂ​ບັນຫາ​ຂັດ​ແຍ້​ງດັ່ງກ່າວກັບເທິ​ກິຢ່າງ​ສັນຕິວິທີ ແລະ​ໂດຍ​ທາງ​ດ້ານ​ການ​ທູດ.

ນາຍົກ​ລົດ​ຖະມົນຕີອີຣັກ ກ່າວ​ວ່່າ “ພວກ​ເຮົາ​ໄດ້​ໃຫ້​ເວລາ​ທີ່​ຈຳກັດແກ່​ເທີ​ກີຊຶ່ງ ​ເປັນ​ເພື່ອນ​ ບ້ານຂອງ​ເຮົາ ​ເພື່ອ​ຖອນ​ທະຫານ ​ແລະ​ບໍ່​ໃຫ້​ປິດ​ປະ​ຕູສຳລັບການ​ສົນທະນາ.”

ກຳລັງ​ເທີ​ກີ ​ໄດ້​ເຂົ້າ​ໄປ​ໃນ​ພາກ​ເໜືອ​ອີຣັກ ​ໃນ​ຖານະ​ທີ່​ເປັນ​ພາກສ່ວນ​ນຶ່ງ​ຂອ​ງ ​ໂຄງການ​ ຝຶກ​ແອບ​ກຳລັງ​ອີ​ຣັກ ​ແລະ​ກຳລັງ​ຊາວ​ເຄີ​ດ ​ໃນ​ການ​ສູ້​ລົບ​ກັບ​ກຸ່ມ​ລັດ ອິສລາມ.

ແຕ່ເທີກີ​ໄດ້​ສົ່ງ​ກຳລັງ​ເຂົ້າ​ໄປ​ເພີ້ມ​ໃນອາທິດ​ແລ້ວ​ ​ແລະ​ປະທານາທິບໍດີ Recep Tayyip Erdogan ປະຕິ​ເສດ​ບໍ່​ຍອມ​ເຄື່ອນ​ໄຫວ​ໃດໆ. ທ່ານ​ກ່າວ​ວ່າ ການ​ເພີ້​ມ ກຳລັງທະຫານ ແມ່ນ​ເປັນ​ສິ່ງ​ຈຳ​ເປັນ ​ເພື່ອ​ປົກ​ປ້ອງບັນດາ​ຄູ​ຝຶກ​ຈາກການ​ໂຈມ​ຕີ ຂອງ​ພວກ​ກລັດ​ອິສລາມ ​ທີ່​ທ່ານ​ກ່າວ​ວ່າ ""​ທີ່​ມີຢູ່​ທົ່ວ​ໄປຢ່າງ​ບໍ່​ເປັນລະບຽບນັ້ນ.""​

ທ່ານ Erdogan ກ່າວ​ວ່າ “ພວກ​ເຮົາ​ຕ້ອງ​ລໍຖ້າ ຄໍາ​ເຊື້ອ​ເຊີນ​ຈາກລັດຖະບານ​ກາງອີຣັກ ​ເສຍ​ກ່ອນ​ບໍ ​ເວລາທີ່​ມີ​ການ​ໂຈມ​ຕີ​ເກີດ​ຂື້ນ​ຕໍ່​ປະ​ເທດ​ຂອງພວກ​ເຮົາ? ພວກ​ເຮົາ​ບໍ່​ມີ​ເວລາ ​ອັນ​ຫລູຫລາ​ແບບ​ນັ້ນ​.”

ອີຣັກ ກ່າວ​ວ່າ ຕົນ​ບໍ່​ໄດ້​ອະນຸຍາດ​ໃຫ້​ທະຫານເທີ​ກີ ຂ້າມຊາຍ​ແດນ​ເຂົ້າ​ໄປ​ໃນ ປະ​ເທດ​ ຂອງ​ຕົນ.",ອີ​ຣັກຮ້ອງ​ຂໍ​ໃຫ້ ສະພາ​ຄວາມ​ໝັ້ນຄົງ ສະຫະ​ປະຊາ​ຊາດ ສັ່ງ​ໃຫ້​ເທິ​ກີ ຖອນທະຫານ​ຂອງ​ຕົນ ອອກຈາກພາກ​ເໜືອ​ອີຣັກ ໂດຍ​ທັນ​ທີ​ ແລະ​ບໍ່​ມີ​​ເງື່ອນ​ໄຂ ໃດໆທັງ​ສິ້ນ.,mal,voanews,VOA News,fake news,99ad755f-a10d-4ef4-a8b9-a3cca500b957,article,MassiveSum
https://www.madhyamam.com/local-news/kochi/2018/aug/11/538977,https://www.madhyamam.com/local-news/kochi/2018/aug/11/538977,നഗരസഭ സി.ഡി.എസ് വിജിലൻസ് ഗ്രൂപ് രൂപവത്​കരിച്ചു,,"മൂവാറ്റുപുഴ: നഗരസഭ സി.ഡി.എസി​െൻറ ആഭിമുഖ്യത്തിൽ വിജിലൻസ് ഗ്രൂപ് രൂപവത്കരിച്ചു. സ്ത്രീകൾക്കും കുട്ടികൾക്കുമെതിരായ അതിക്രമം തടയുന്നതിനും സ്ത്രീ-ശിശുസൗഹൃദ അന്തരീക്ഷം ഉണ്ടാക്കുന്നതിനുമായി കുടുംബശ്രീ സി.ഡി.എസുകളുടെ നേതൃത്വത്തിൽ പ്രവർത്തിക്കുന്ന സ്വയംസന്നദ്ധ പ്രവർത്തകരുടെ കൂട്ടായ്മയാണ് വിജിലൻസ് ഗ്രൂപ്. ഓരോ വാർഡിലും അഞ്ച് മുതൽ 10 വരെ അംഗങ്ങളാണ് ഗ്രൂപ്പിലുണ്ടാകുക. മൊബൈൽ ആപ്ലിക്കേഷൻ വഴി ഗ്രൂപ്പിനെ പരസ്പരം ബന്ധിപ്പിക്കുകയും ചെയ്യും. നഗരസഭ വൈസ് ചെയർമാൻ പി.കെ. ബാബുരാജ് പദ്ധതിയുടെ ഉദ്ഘാടനം നിർവഹിച്ചു. സി.ഡി.എസ് ചെയർപേഴ്സൻ നെജില ഷാജി അധ്യക്ഷത വഹിച്ചു. വൈസ് ചെയർപേഴ്സൻ വൽസ പൗലോസ് സ്വാഗതം പറഞ്ഞു. കൗൺസിലർമാരായ കെ.ജെ. സേവ്യർ, ജയകൃഷ്ണൻ നായർ എന്നിവർ സംസാരിച്ചു. തുടർന്ന് താലൂക്ക് ലീഗൽ സർവിസസ് സൊസൈറ്റി സെക്രട്ടറി ജിമ്മി ജോസ്, ഷമീർ എന്നിവർ നിയമബോധന ക്ലാസെടുത്തു.",മൂവാറ്റുപുഴ: നഗരസഭ സി.ഡി.എസി​െൻറ ആഭിമുഖ്യത്തിൽ വിജിലൻസ് ഗ്രൂപ് രൂപവത്കരിച്ചു. സ്ത്രീകൾക്കും കുട്ടികൾക്കുമെതിരായ അതിക്രമം തടയുന്നതിനും സ്ത്രീ-ശിശുസൗഹൃദ അന്തരീക്ഷം ഉണ്ടാക്കുന്നതിനുമായി കുടുംബശ്രീ...,mal,madhyamam,Madhyamam,fake news,05551f28-915f-4bb0-ac15-f095c2220366,article,MassiveSum
https://www.madhyamam.com/kerala/local-news/malappuram/--549285,,നാടുകാണി ചുരം വിള്ളൽ: വിദഗ്ധ റിപ്പോർട്ട് ലഭിക്കാതെ പണി തുടങ്ങാനാകില്ല,,"നിലമ്പൂർ: ഉരുൾപൊട്ടലും റോഡ് വിള്ളലും മൂലം ഭീഷണിയിലായ നാടുകാണി ചുരം റോഡിൽ സ്​ഥിരം പ്രവൃത്തി നടത്തണമെങ്കിൽ വിദഗ്ധ സംഘത്തി‍ൻെറ റിപ്പോർട്ട് ലഭിക്കണമെന്ന് പൊതുമരാമത്ത് റോഡ് വിഭാഗം. ഉരുൾപൊട്ടലുണ്ടായ ഭാഗങ്ങളിലും റോഡ് നിരങ്ങിനീങ്ങൽ പ്രതിഭാസം കാണപ്പെട്ട ഭാഗത്തും താൽക്കാലിക പ്രവൃത്തി മാത്രമാണ് നടത്തിയത്. 2019 ഒക്ടോബറിലാണ് ഡൽഹിയിൽ നിന്ന്​​ സൻെറർ റോഡ് റിസർച് ഇൻസ്​റ്റിറ്റ‍്യൂട്ട് (സി.ആർ.ആർ.ഐ) സംഘം പഠനത്തിനെത്തിയത്. തേൻപാറയിലും തകരപ്പാടിയിലും ഉരുൾപൊട്ടുകയും ജാറത്തിന് സമീപം റോഡ് നിരങ്ങിനീങ്ങൽ പ്രതിഭാസം ഉണ്ടാവുകയും ചെയ്തതിനെ തുടർന്നായിരുന്നു പഠനം. ഇതിന്​ 30 ലക്ഷം രൂപ സർക്കാർ അനുവദിച്ചിരുന്നു. എന്നാൽ, ഒരു വർഷത്തോടടുക്കുമ്പോഴും റിപ്പോർട്ട് ലഭിച്ചിട്ടില്ല. ഇത്​ ലഭിക്കാതെ ഇവിടങ്ങളിൽ പ്രവൃത്തി നടത്താനാവില്ല. ഉരുൾപൊട്ടലും വിള്ളലുമുണ്ടായ ഭാഗങ്ങൾ തകർന്ന്​ കിടക്കുകയാണ്. തേൻപാറക്ക് മുകളിൽ ഇപ്പോഴും കൂറ്റൻപാറകൾ ഭീഷണിയായി നിൽക്കുന്നുണ്ട്. ചുരത്തിൽ നാടുകാണി-പരപ്പനങ്ങാടി റോഡ് നവീകരണ പ്രവൃത്തി 95 ശതമാനവും പൂർത്തീകരിച്ചെങ്കിലും തകർന്ന ഭാഗം ഒഴിച്ചിട്ടിരിക്കുകയാണ്​. nbr photo- 2 ഉരുൾപൊട്ടലുണ്ടായ തേൻപാറയിലെ താൽക്കാലിക പാതക്ക് മുകളിൽ ഭീഷണിയായി നിൽക്കുന്ന പാറക്കല്ലുകൾ",നാടുകാണി ചുരം വിള്ളൽ: വിദഗ്ധ റിപ്പോർട്ട് ലഭിക്കാതെ പണി തുടങ്ങാനാകില്ല,mal,madhyamam,Madhyamam,fake news,9fe3b8f6-e4ee-44b7-b861-669734a20a1b,article,MassiveSum
https://nra.lv/politika/324843-saeimas-komisija-sazina-ar-vid-planota-tikai-elektroniski.htm,https://nra.lv/politika/324843-saeimas-komisija-sazina-ar-vid-planota-tikai-elektroniski.htm,Saeimas komisija: Saziņa ar VID plānota tikai elektroniski,,"Saeimas Budžeta un finanšu (nodokļu) komisija trešdien, 16.septembrī, galīgajā lasījumā atbalstīja grozījumus nodokļu un nodevu likumā, kas paredz, ka iesniegumus Valsts ieņēmumu dienestam (VID) nodokļu administrēšanas jautājumos varēs iesniegt tikai, izmantojot elektroniskās deklarēšanas sistēmu (EDS).

Plānots, ka jebkurš iesniegums, kurā ietverts VID kompetencē esošs lūgums, sūdzība, jautājums vai priekšlikums, kā arī gada ienākumu deklarācija, būs jāiesniedz tikai elektroniski. Šis nosacījums neattieksies uz fiziskām personām, kuras neveic saimniecisko darbību, un šie iedzīvotāji nodokļu deklarācijas vai informatīvās deklarācijas tāpat kā līdz šim varēs iesniegt elektroniska vai papīra dokumenta veidā.

Izmaiņas plānots ieviest no 2022.gada 1.janvāra, un tas paredzēts, lai personas, kas nav EDS lietotājas, varētu apgūt iemaņas darbam ar elektronisko sistēmu, savukārt VID varētu veikt izglītojošus pasākumus un informēt iedzīvotājus par gada ienākumu deklarācijas aizpildīšanu un iesniegšanu elektroniski.

Lai varētu lietot EDS, personai būs jāreģistrējas kā elektroniskās deklarēšanas sistēmas lietotājam. To varēs izdarīt tiešsaistē, autentificējoties ar internetbanku, elektronisko identifikācijas karti vai drošu elektronisko parakstu. Tāpat par EDS lietotāju varēs kļūt, personīgi iesniedzot rakstisku iesniegumu VID un apliecinot savu identitāti. VID iesniedzēju reģistrēs kā EDS lietotāju un tam piešķirs lietotājvārdu un paroli.

Likuma grozījumi rosināti, lai paātrinātu informācijas apriti un samazinātu administratīvo slogu gan nodokļu maksātājiem, gan nodokļu administrācijai. Patlaban VID nodokļu maksātājiem nodrošina vairāk nekā 220 dažāda veida pakalpojumus nodokļu (nodevu) administrēšanas un muitas jomā. VID dati liecina, ka pagājušajā gadā no fiziskajām un juridiskajām personām saņemti turpat 95 tūkstoši, bet šī gada pirmajos septiņos mēnešos virs 50 tūkstošiem dokumentu papīra veidā, teikts grozījumu anotācijā.

Tāpat VID statistika liecina, ka ik gadu apmēram 18 procenti no gada ienākumu deklarācijām tiek iesniegtas papīra veidā, un to atbilstoša apstrāde VID 2017.gadā izmaksājusi vairāk nekā divus miljonus eiro.

Par likuma grozījumiem galīgajā lasījumā vēl jālemj Saeimai.","Saeimas Budžeta un finanšu (nodokļu) komisija trešdien, 16.septembrī, galīgajā lasījumā atbalstīja grozījumus nodokļu un nodevu likumā, kas paredz, ka iesniegumus Valsts ieņēmumu dienestam (VID) nodokļu administrēšanas jautājumos varēs iesniegt tikai, izmantojot elektroniskās deklarēšanas sistēmu (EDS).",mal,nra,NRA,fake news,1c6b16cb-6ab6-413c-81bf-b1188010ee5c,article,MassiveSum
https://www.madhyamam.com/kerala/car-and-tanker-lorry-clash-payyoli-two-medical-students-died-kerala-news/627488,,പയ്യോളിയില്‍ കാറും ടാങ്കർ ലോറിയും കൂട്ടിയിടിച്ച് രണ്ട് മെഡിക്കൽ വിദ്യാര്‍ഥികള്‍ മരിച്ചു,,"പയ്യോളി: ദേശീയപാതയിൽ അയനിക്കാട് കുറ്റിയിൽപീടിക സ്​റ്റോപ്പിന് സമീപം കാറിൽ ടാങ്കർ ലോറിയിടിച്ച് രണ്ട് എം.ബി.ബ ി.എസ് വിദ്യാർഥികൾ മരിച്ചു. ചൈനയിലെ സി ച്വാൻ മെഡിക്കൽ കോളജിലെ ഒന്നാം വർഷ എം.ബി.ബി.എസ് വിദ്യാർഥികളായ വടകര കുഞ്ഞിപ് പള്ളി ചോമ്പാല മിനി സ്​റ്റേഡിയത്തിന് സമീപം തൗഫീഖ് മൻസിലിൽ അബ്​ദുൾ അസീസി​​െൻറ മകൻ മുഹമ്മദ് ഫായിസ് (21), പേരാമ്പ്ര പൈതോത്ത് കപ്പുമ്മൽ താത്തോത്ത് വിജയ​​െൻറ മകൻ വിഷ്ണു (21) എന്നിവരാണ് മരിച്ചത്. ചെവ്വാഴ്ച പുലർച്ച രണ്ടരയോടെയാണ് അപകടം. ശബ്​ദംകേട്ട് ഉണർന്നെത്തിയ പരിസരവാസികളും വാഹനങ്ങളിലുള്ളവരും വിവരമറിഞ്ഞ് പയ്യോളി പൊലീസും വടകരയിൽനിന്ന് അഗ്​നിശമനസേനയും സ്ഥലത്തെത്തി. ഗുരുതരമായി പരിക്കേറ്റ ഇരുവരെയും ആശുപത്രിയിലെത്തിച്ചെങ്കിലും രക്ഷിക്കാനായില്ല. അപകടത്തെതുടർന്ന് ദേശീയപാതയിൽ ഏറെനേരം ഗതാഗത തടസ്സമുണ്ടായി. ഏറണാകുളത്ത് പോയി തിരിച്ച് വീട്ടിലേക്ക് വരുന്ന വഴിയാണ് ഫായിസും വിഷ്ണുവും അപകടത്തിൽപ്പെട്ടത്. രണ്ടുപേരും കോളജ് അവധിക്ക് നാട്ടിലെത്തിയതായിരുന്നു. മുഹമ്മദ് ഫായിസി​​െൻറ മാതാവ്​: ഫൗസിയ. സഹോദരങ്ങൾ: മുഹമ്മദ്, ഫസൽ, ജസ്മിന. വിഷ്ണുവി​​െൻറ മാതാവ്​: ജീജ. സഹോദരൻ: അമൽജിത്ത്.",പയ്യോളി: ദേശീയപാതയിൽ അയനിക്കാട് കുറ്റിയിൽപീടിക സ്​റ്റോപ്പിന് സമീപം കാറിൽ ടാങ്കർ ലോറിയിടിച്ച് രണ്ട് എം.ബി.ബ   ി.എസ് വിദ്യാർഥികൾ മരിച്ചു. ചൈനയിലെ സി ച്വാൻ മെഡിക്കൽ കോളജിലെ ഒന്നാം വർഷ എം.ബി.ബി.എസ്...,mal,madhyamam,Madhyamam,fake news,37442fb5-431f-4185-b7e6-946f826ce989,article,MassiveSum
https://www.madhyamam.com/gulf-news/uae/amal-camp-uae-gulf-news/2017/dec/16/396596,,28ാമത്​ അൽ അമൽ ക്യാമ്പ്​ തിങ്കളാഴ്​ച തുടങ്ങും,,"ഷാർജ: ശാരീരിക വ്യതിയാനങ്ങളുള്ള കുഞ്ഞുങ്ങൾക്കായി സുപ്രിം കൗൺസിൽ അംഗവും ഷാർജ ഭരണാധികാരിയുമായ ​ശൈഖ്​ ഡോ. സ​ുൽത്താൻ ബിൻ മുഹമ്മദ്​ ആൽ ഖാസിമിയുടെ രക്ഷകർതൃത്വത്തിൽ ഷാർജ ഇൻറർനാഷനൽ സിറ്റി ഫോർ ഹ്യൂമാനിറ്റേറിയൻ സർവീസസ്​ ഒരുക്കുന്ന 28ാമത്​ അമൽ ക്യാമ്പ്​ തിങ്കളാഴ്​ച ആരംഭിക്കും. ഗൾഫ്​ രാജ്യങ്ങൾക്കു പുറമെ ജോർദാനിൽ നിന്നും നേപ്പാളിൽ നിന്നും ഇക്കുറി പ്രതിനിധികൾ എത്തുന്നുണ്ട്​. സമൂഹവുമായി കൂടുതൽ ഇടപെടലുകൾ ഒരുക്കാനും ഇഴുകിച്ചേർക്കാനും കൂടുതൽ കരുത്തു പകരാനും ലക്ഷ്യമിട്ടാണ്​ ക്യാമ്പ്​ സംഘടിപ്പിക്കുന്നത്​. നമുക്ക്​ എല്ലാവർക്കും ഉത്തരവാദിത്വമുണ്ട്​ എന്നതാണ്​ ഇൗ വർഷത്തെ ക്യാമ്പ്​ പ്രമേയം.

ശാരീരിക വ്യതിയാമുള്ള കുഞ്ഞുങ്ങ​ളെയും തുല്യതയോടെ കാണുവാനും സമൂഹത്തി​​െൻറ മുഖ്യധാരയിൽ കൊണ്ടുവരാനുമാണ്​ ശ്രമിക്കുന്നതെന്ന്​ ഷാർജ ഇൻറർനാഷനൽ സിറ്റി ഫോർ ഹ്യൂമാനിറ്റേറിയൻ സർവീസസ്​ ഡയറക്​ടർ ജനറലും ക്യാമ്പ്​ ഉന്നതാധികാര സമിതി അധ്യക്ഷയുമായ ശൈഖ ജമീല ബിൻത്​ മുഹമ്മദ്​ ആൽ ഖാസിമി പറഞ്ഞു. യാതൊരു ഭയപ്പാടുമില്ലാതെ കാര്യങ്ങൾ നിർവഹിക്കാനും കഴിവുകൾ പ്രകടിപ്പിക്കാനും കുഞ്ഞുങ്ങൾക്ക്​ അവസരം നൽകുകയാണ്​ വേണ്ടതെന്നും അവർ പറഞ്ഞു.

ആദ്യ ദിവസം അൽ ഖസബയിലേക്കും പിറ്റേ നാൾ ക്രീക്ക്​ പാർക്ക്​, ദുബൈ ഡോൾഫിനേറിയം, ദു​ൈബ പാർക്ക്​സ്​ എന്നിവിടങ്ങളിലും സന്ദർശനങ്ങളുണ്ടാവും. മസറത്ത്​ സ​െൻററിലും ഗേൾസ്​ സ​െൻററിലും ശിൽപശാലകളാണ്​ മൂന്നാം ദിവസം.എമിറ്റേ്​സ്​ ഫോ​േട്ടാഗ്രഫി സൊസൈറ്റി ഫോ​േട്ടാഗ്രഫിയിലും ശാസ്​ത്ര വിഷയങ്ങളിൽ എമിറേറ്റ്​സ്​ സൈൻറിഫിക്​ ക്ലബും ക്ലാസുകൾ സംഘടിപ്പിക്കും.ഷാർജ ആർട്​ ഫൗണ്ടേഷനും ശിൽപശാല നടത്തും. ഷാർജ ഷാർജ കൾച്ചറൽ സ​െൻററിലെ കൾച്ചറൽ പാലസിൽ 23 വരെ ക്യാമ്പ്​ തുടരും.80 കുട്ടികൾക്കായി 200 സന്നദ്ധ സേവകർ എല്ലാ വിധ പിന്തുണയും നൽകാൻ ക്യാമ്പിലുണ്ടാവും.",ഷാർജ:  ശാരീരിക വ്യതിയാനങ്ങളുള്ള കുഞ്ഞുങ്ങൾക്കായി സുപ്രിം കൗൺസിൽ അംഗവും ഷാർജ ഭരണാധികാരിയുമായ ​ശൈഖ്​ ഡോ. സ​ുൽത്താൻ ബിൻ മുഹമ്മദ്​ ആൽ ഖാസിമിയുടെ രക്ഷകർതൃത്വത്തിൽ ഷാർജ ഇൻറർനാഷനൽ സിറ്റി ഫോർ...,mal,madhyamam,Madhyamam,fake news,c5658ce1-6d95-4a1a-95f6-b06a87f76a58,article,MassiveSum
https://www.madhyamam.com/local-news/malappuram/2018/mar/06/441231,,പരപ്പനങ്ങാടി ഫിഷറീസ് ആശുപത്രി: കിടത്തി ചികിത്സക്ക്​ നടപടിയെടുക്കും ^ആരോഗ്യ മന്ത്രി,,പരപ്പനങ്ങാടി ഫിഷറീസ് ആശുപത്രി: കിടത്തി ചികിത്സക്ക് നടപടിയെടുക്കും -ആരോഗ്യ മന്ത്രി തിരൂരങ്ങാടി: പരപ്പനങ്ങാടി സര്‍ക്കാര്‍ ഫിഷറീസ് ആശുപത്രിയില്‍ കിടത്തി ചികിത്സക്ക് നടപടിയെടുക്കുമെന്ന് ആരോഗ്യ മന്ത്രി കെ.കെ. ശൈലജ പറഞ്ഞു. പി.കെ. അബ്ദുറബ്ബ് എം.എൽ.എയുടെ സബ്മിഷന് മറുപടി പറയുകയായിരുന്നു അവർ. കഴിഞ്ഞ സര്‍ക്കാറി​െൻറ കാലത്ത് ഒരു കോടി ചെലവഴിച്ച് കെട്ടിടം നിര്‍മിച്ചിട്ടുണ്ട്. ബാക്കി തുകക്കുള്ള അനുബന്ധ സാധനങ്ങളും ഫര്‍ണിച്ചറും എത്തുന്നതോടെ കിടത്തി ചികിത്സ ആരംഭിക്കാനാകും. തീരദേശ വികസന കോര്‍പറേഷന്‍ കിടത്തി ചികിത്സക്കായി ഈ ആശുപത്രിയില്‍ നിര്‍മിച്ച കെട്ടിടം നഗരസഭക്ക് കൈമാറിയെങ്കിലും ആരോഗ്യവകുപ്പിന് കൈമാറിയിട്ടില്ലെന്നും നടപടി സ്വീകരിക്കാന്‍ ആരോഗ്യവകുപ്പ് ഡയറക്ടര്‍ ജില്ല മെഡിക്കല്‍ ഓഫിസര്‍ക്ക് നിര്‍ദേശം നല്‍കിയിട്ടുണ്ടെന്നും മന്ത്രി അറിയിച്ചു. 'ആര്‍ദ്രം' പദ്ധതി പൂര്‍ണമായി വരുന്നതോടെ പരപ്പനങ്ങാടി സര്‍ക്കാര്‍ ഫിഷറീസ് ആശുപത്രിയില്‍ രോഗി സൗഹൃദ സംവിധാനങ്ങളും മെച്ചപ്പെട്ട ആരോഗ്യ സേവനങ്ങളും ലഭ്യമാക്കുന്നതാണെന്നും ആരോഗ്യ മന്ത്രി ഉറപ്പു നല്‍കി.,പരപ്പനങ്ങാടി ഫിഷറീസ് ആശുപത്രി:  കിടത്തി ചികിത്സക്ക് നടപടിയെടുക്കും -ആരോഗ്യ മന്ത്രി   തിരൂരങ്ങാടി: പരപ്പനങ്ങാടി സര്‍ക്കാര്‍ ഫിഷറീസ് ആശുപത്രിയില്‍ കിടത്തി ചികിത്സക്ക് നടപടിയെടുക്കുമെന്ന് ആരോഗ്യ...,mal,madhyamam,Madhyamam,fake news,f5f50425-0983-40c5-87bf-afa211eb2ccc,article,MassiveSum
https://www.madhyamam.com/local-news/malappuram/2017/sep/01/325767,,സപ്ലിമെൻറ്​ അറിയിപ്പ്​,,പത്രത്തോടൊപ്പം സപ്ലിമ​െൻറ് ഉള്ള യൂനിറ്റുകൾ വിവരം ഒന്നാം പേജിലെ അറിയിപ്പിൽ വെക്കണം. ഒന്നാം പേജിലെ പേജ് നമ്പർ അതിനനുസരിച്ച് മാറ്റണം,പത്രത്തോടൊപ്പം സപ്ലിമ​െൻറ് ഉള്ള യൂനിറ്റുകൾ വിവരം ഒന്നാം പേജിലെ അറിയിപ്പിൽ വെക്കണം. ഒന്നാം പേജിലെ പേജ് നമ്പർ അതിനനുസരിച്ച് മാറ്റണം,mal,madhyamam,Madhyamam,fake news,94e854d7-0510-4303-86f9-d4aaa8b5d246,article,MassiveSum
https://www.madhyamam.com/movies/movies-news/bollywood/director-basu-chatterjee-passes-away/688860,,സംവിധായകൻ ബസു ചാറ്റർജി അന്തരിച്ചു,,"മും​ബൈ: ബോ​ളി​വു​ഡി​​​ലെ എ​ഴു​പ​തു​ക​ളി​ലെ​ ഹി​റ്റ്​ മേ​ക്ക​ർ സം​വി​ധാ​യ​ക​ൻ ബ​സു ചാ​റ്റ​ർ​ജി (93) അ​ന്ത​രി​ച്ചു. സാ​ന്താ​ക്രൂ​സി​ലെ വീ​ട്ടി​ൽ വ്യാ​ഴാ​ഴ്​​ച​യാ​യി​രു​ന്നു അ​ന്ത്യം. ഛോട്ടി ​സി ബാ​ത്ത്, ചി​റ്റ്​​ചോ​ർ, ര​ജ​നി​ഗ​ന്ധ, ബാ​തൂ​ൻ ബാ​തൂ​ൻ മേ​ൻ, ഏ​ക്​ രു​ക ഹു​വ ഫൈ​സ്​​ല തു​ട​ങ്ങി​യ​വ​യാ​ണ്​ പ്ര​മു​ഖ ചി​ത്ര​ങ്ങ​ൾ. ആ​ക്​​ഷ​ൻ സി​നി​മ​ക​ളു​ടെ കാ​ല​മാ​യ എ​ഴു​പ​തു​ക​ളി​ൽ റി​യ​ലി​സ്​​റ്റി​ക്​ സി​നി​മ​ക​ളെ​ടു​ത്ത്​ ശ്ര​ദ്ധേ​യ​നാ​യി.

വി​ദ്യ സി​ൻ​ഹ, അ​മോ​ൽ പാ​ലേ​ക്ക​ർ, സ​റീ​ന വ​ഹാ​ബ്​ എ​ന്നി​വ​ർ​ക്ക്​ പ്ര​ധാ​ന വേ​ഷം ന​ൽ​കി അ​വ​ത​രി​പ്പി​ച്ച മ​ധ്യ​വ​ർ​ഗ കു​ടും​ബ പ്ര​മേ​യ​ങ്ങ​ൾ ഹി​റ്റു​ക​ളാ​യി. അ​മി​താ​ഭ്​ ബ​ച്ച​ൻ, രാ​ജേ​ഷ്​ ഖ​ന്ന, ദേ​വ്​ ആ​ന​ന്ദ്, മി​ഥു​ൻ ച​​ക്ര​വ​ർ​ത്തി എ​ന്നീ സൂ​പ്പ​ർ​താ​ര​ങ്ങ​ൾ​ക്ക്​ വേ​റി​ട്ട വേ​ഷ​ങ്ങ​ൾ ന​ൽ​കി.

ബ്ലി​റ്റ്​​സ്​ വീ​ക്കി​ലി​യി​ൽ കാ​ർ​ട്ടൂ​ണി​സ്​​റ്റാ​യി​രു​ന്നു. പി​ന്നീ​ട്​ സം​വി​ധാ​യ​ക​ൻ ബ​സു ഭ​ട്ടാ​ചാ​ര്യ​​യു​ടെ സ​ഹാ​യി​യാ​യി സി​നി​മ​യി​ൽ. ഇ​രു ബ​സു​മാ​രും ഋ​ഷി​കേ​ശ്​ മു​ഖ​ർ​ജി​ക്കൊ​പ്പം ഹി​ന്ദി സി​നി​മ​യി​ലെ ത്രി​മൂ​ർ​ത്തി​ക​ളാ​യി അ​റി​യ​പ്പെ​ട്ടു. ബം​ഗാ​ളി സി​നി​മ​ക​ളും സം​വി​ധാ​നം ചെ​യ്​​തു.

മ​ക്ക​ൾ: സോ​ണാ​ലി ഭ​ട്ടാ​ചാ​ര്യ, രു​പാ​ലി ഗു​ഹ. ജ​ന​ഹൃ​ദ​യ​ങ്ങ​ളെ സ്​​പ​ർ​ശി​ച്ച സി​നി​മ​ക​ളു​ടെ സം​വി​ധാ​യ​ക​നാ​യി​രു​ന്നു ബ​സു​വെ​ന്ന്​ പ്ര​ധാ​ന​മ​​ന്ത്രി ന​രേ​ന്ദ്ര മോ​ദി ട്വീ​റ്റ്​ ചെ​യ്​​തു.",മും​ബൈ: ബോ​ളി​വു​ഡി​​​ലെ എ​ഴു​പ​തു​ക​ളി​ലെ​ ഹി​റ്റ്​ മേ​ക്ക​ർ സം​വി​ധാ​യ​ക​ൻ ബ​സു ചാ​റ്റ​ർ​ജി (93) അ​ന്ത​രി​ച്ചു. സാ​ന്താ​ക്രൂ​സി​ലെ വീ​ട്ടി​ൽ വ്യാ​ഴാ​ഴ്​​ച​യാ​യി​രു​ന്നു അ​ന്ത്യം. ഛോട്ടി ​സി...,mal,madhyamam,Madhyamam,fake news,aad46641-f865-40d2-b485-7c3584595327,article,MassiveSum
https://lao.voanews.com/a/russian-protest/1566025.html,https://lao.voanews.com/a/russian-protest/1566025.html,ຝ່າຍຄ້ານໃນຣັດເຊຍ ທໍາການປະທ້ວງ ໃນວັນຄົບຮອບນຶ່ງປີ ຂອງການປະທ້ວງ ຕໍ່ຕ້ານທ່ານພູຕິນ,,ພວກປະທ້ວງທີ່ສະໜັບສະໜຸນຝ່າຍຄ້ານລັດຖະບານຣັດເຊຍ ໂຮມຊຸມນຸມກັນໃນວັນເສົາທີ 15 ທັນວາ ຢູ່ໃຈກາງນະຄອນ ຫລວງມົສກູ ທີ່ເປັນການປະທ້ວງທີ່ບໍ່ໄດ້ຮັບອານຸຍາດ ເພື່ອ ເປັນຂີດໝາຍຄົບຮອບນຶ່ງປີ ແຫ່ງການກວດລ້າງພວກປະທ້ວງ ຕໍ່ຕ້ານລັດຖະບານຂອງ ທ່ານ Vladimir Putin.,"ພວກປະທ້ວງທີ່ສະໜັບສະໜຸນຝ່າຍຄ້ານລັດຖະບານຣັດເຊຍ
ໂຮມຊຸມນຸມກັນໃນວັນເສົາທີ 15 ທັນວາ ຢູ່ໃຈກາງນະຄອນ
ຫລວງມົສກູ ທີ່ເປັນການປະທ້ວງທີ່ບໍ່ໄດ້ຮັບອານຸຍາດ ເພື່ອ
ເປັນຂີດໝາຍຄົບຮອບນຶ່ງປີ ແຫ່ງການກວດລ້າງພວກປະທ້ວງ
ຕໍ່ຕ້ານລັດຖະບານຂອງ ທ່ານ Vladimir Putin.",mal,voanews,VOA News,fake news,fa1ce9e7-ab47-4584-bedb-08206301a2a1,article,MassiveSum
https://www.dengeamerika.com/a/5223805.html,https://www.dengeamerika.com/a/5223805.html,Bernama Duyê,,Bernameyên Dengê Amerîka (VOA) yên bi zimanê Kurmancî ku li ser înternetê tên weşandin,Bernameyên Dengê Amerîka (VOA) yên bi zimanê Kurmancî ku li ser înternetê tên weşandin,mal,dengeamerika,Denge Amerika,fake news,30672568-c548-44ec-8c9e-4930591a809e,article,MassiveSum
https://www.15min.lt/sportas/naujiena/futbolas/valencia-kyla-i-antra-vieta-ispanijos-primera-lygoje-madrido-real-septintas-24-455010,https://www.15min.lt/sportas/naujiena/futbolas/valencia-kyla-i-antra-vieta-ispanijos-primera-lygoje-madrido-real-septintas-24-455010,"„Valencia“ kyla į antrą vietą „Primera“ lygoje, Madrido „Real“ - septintas",,"Sostinėje susigrūmė savo žiūrovų palaikoma Madrido „Getafe“ prieš „Valencia“ futbolininkus. Nesunkią pergalę rezultatu 3:0 šventė „šikšnosparniai“.

Pirmajame kėlinyje svečių komandos gretose pasižymėjo Paco Alcaceras bei Andre Gomesas. Antrajame kėlinyje galutinį tašką padėjo Rodrigo, tačiau pastarasis visai netrukus po įvarčio buvo išvytas iš aikštės už antrą geltoną kortelę.

Po pergalės „Valencia“ ekipa pakilo į antrąją vietą ir tik 2 taškais atsilieka nuo lyderės „Barcelona“. Madrido „Real“ klubas žengia septintas.

7' [0 – 1] P.Alcaceras

20' [0 – 2] A.Gomesas

72' [0 – 3] Rodrigo (11m. baudinys)

73' Rodrigo („Valencia“) pašalintas iš aikštės",Vėlyvą pirmadienio vakarą Ispanijos „Primera“ čempionate buvo sužaistos paskutinės 4-ojo turo rungtynės.,mal,15min,15Min,fake news,4788dfc3-594a-4802-9a3d-9f671cd8939b,article,MassiveSum
https://www.madhyamam.com/local-news/thrissur/2018/aug/18/542476,,ചൂണ്ടൽ പാറന്നൂരിൽ റോഡ് തകർന്നു,,"കുന്നംകുളം: മഴയെ തുടർന്ന് വെള്ളം കയറിയതോടെ സംസ്ഥാന പാതയിൽ ഗതാഗതം നിലച്ചു. തൃശൂർ - കുന്നംകുളം റൂട്ടിലെ ചൂണ്ടൽ-പാറന്നൂർ പാടത്ത് റോഡ് തകർന്നു. റോഡിൽ രണ്ട് അടിയോളം വെള്ളം കയറി. ഒഴുക്ക് ശക്തമായതിനാൽ ഗതാഗതം തടസ്സപ്പെട്ടു. പാറന്നൂരിൽ വെള്ളിയാഴ്ച രാവിലെയാണ് േറാഡ് തകർന്നത്. റോഡി​െൻറ ഇരുവശത്തുമുള്ള വെള്ളം കുറഞ്ഞാലും ഗതാഗതം പുനഃസ്ഥാപിക്കാൻ വൈകും. റോഡിന് ആവശ്യമായ ബലം നൽകിയെങ്കിലേ പാത തുറന്നുകൊടുക്കാനാകൂവെന്ന അവസ്ഥയിലാണ്. കേേച്ചരിയിൽ കുടുങ്ങിയവർക്ക് വേണ്ടി രണ്ട് സ്കൂളുകളും കല്യാണമണ്ഡപങ്ങളും തുറന്നുനൽകിയിട്ടുണ്ട്. വെള്ളിയാഴ്ച രാവിലെ മഴ അൽപം മാറിയതോടെ ചൂണ്ടൽ-പാറന്നൂർ മേഖലയിൽ വെള്ളം താഴ്ന്നു തുടങ്ങിയിട്ടുണ്ട്. കുന്നംകുളത്ത് ഇപ്പോഴും ബസ് സർവിസ് പുനരാരംഭിച്ചിട്ടില്ല. പഴഞ്ഞി മേഖലയിലേക്ക് രണ്ട് ബസുകൾ മാത്രമാണ് സർവിസ് നടത്തുന്നത്. നഗരത്തിൽ കച്ചവട സ്ഥാപനങ്ങൾ പലതും അടഞ്ഞുകിടക്കുകയാണ്. ചരക്കു ലോറികൾ നിലച്ചതോടെ പച്ചക്കറി ഉൾപ്പെടെ ഉൽപന്ന വിതരണം മുടങ്ങി. ടാങ്കർ ലോറികൾ വരാതിരുന്നതോടെ പെട്രോൾ പമ്പുകൾ കാലിയായി. കുന്നംകുളത്ത് താഴത്തെ പമ്പിലൊഴുകെ പെരുമ്പിലാവ്, കേച്ചേരി മേഖലയിലെ പമ്പുകൾ പൂട്ടി. നെറ്റ്വർക്ക് തകരാർമൂലം നഗരത്തിലെ പല ബാങ്കുകളിലും വെള്ളിയാഴ്ച ഇടപാടുകൾ തടസ്സപ്പെട്ടു. വടുതല ഗവ. യു.പി സ്കൂൾ, കിഴൂർ ഗവ.േപാളിടെക്നിക് കോളജ്, ചെമ്മണൂർ അപ്പുണ്ണി മെമ്മോറിയൽ സ്കൂൾ എന്നിവിടങ്ങളിൽ ദുരിതാശ്വാസ ക്യാമ്പുകൾ പ്രവർത്തിക്കുന്നുണ്ട്. വടുതലയിൽ 80 വീടുകളിലേക്കാണ് വെള്ളം കയറിയത്. രണ്ട് വീടുകൾ മഴയിൽ തകർന്നു. ആനായ്ക്കൽ ചെമ്മണൂരിൽ നാല് കുടുംബങ്ങളിലെ 26 പേരാണ് അപ്പുണ്ണി മെമ്മോറിയൽ സ്കൂളിൽ കഴിയുന്നത്. ചെമ്മണൂരിൽ നാലുവീടുകൾ താമസയോഗ്യമല്ലാതായി. ചെമ്മണൂരിൽ വെള്ളം താഴാത്തതിനാൽ വാഹനസഞ്ചാരവും ഇല്ലാത്ത സ്ഥിതിയാണ്. വടുതല ഗവ. സ്കൂളിൽ നിരവധി പേരാണ് കഴിയുന്നത്. പലയിടത്തും രക്ഷാപ്രവർത്തനം നടക്കുന്നുണ്ടെങ്കിലും വില്ലേജ് അധികാരികൾക്ക് നഷ്ടം കണക്കാക്കാനായിട്ടില്ല. വെള്ളം കുറഞ്ഞെങ്കിലേ അതിന് സാധിക്കൂവെന്ന നിലപാടിലാണ് ഉദ്യോഗസ്ഥർ. അക്കിക്കാവ്, കല്ലഴിക്കുന്ന്, അകതിയൂർ എന്നിവിടങ്ങളിലായി മൂന്ന് വീടുകൾക്ക് കേടുപാടുകൾ സംഭവിച്ചു. പഴുന്നാന, പന്തല്ലൂർ മേഖലയിൽ വെള്ളം താഴ്ന്നിട്ടില്ല.",കുന്നംകുളം: മഴയെ തുടർന്ന് വെള്ളം കയറിയതോടെ സംസ്ഥാന പാതയിൽ ഗതാഗതം നിലച്ചു. തൃശൂർ - കുന്നംകുളം റൂട്ടിലെ ചൂണ്ടൽ-പാറന്നൂർ പാടത്ത് റോഡ് തകർന്നു. റോഡിൽ രണ്ട് അടിയോളം വെള്ളം കയറി. ഒഴുക്ക് ശക്തമായതിനാൽ...,mal,madhyamam,Madhyamam,fake news,4400d8c9-916f-438f-819c-2e9e1621a4ba,article,MassiveSum
https://lao.voanews.com/a/new-zealand-jet/1729414.html,https://lao.voanews.com/a/new-zealand-jet/1729414.html,ບໍລິສັດ ນີວຊີແລນ ໃກ້ຈະສໍາເລັດ ການຜະລິດ ເຄື່ອງ​ຈັກ ​​​ເຫາະ​ໄດ້ (ວີດິໂອ),,ບໍລິສັດນຶ່ງໃນນີວຊີແລນ ເວລານີ້ ​ແມ່ນ​ອີກ​ກ້າວ​ນຶ່ງ​ໄປ​ສູ່ການ ​ເຮັດ​ໃຫ້​ເຄື່ອງ​ຈັກທີ່​ພາ​ໃຫ້​ເຫາະຫຼືບິນ​ໄດ້ ຊຶ່ງເປັນແກ່ນສານ ຂອງເລື້ອງວິທະຍາສາດທີ່ເລົ່າຂານກັນ ນັ້ນ ກັບກາຍເປັນຈິງ ສຳລັບ​ໃຊ້​ໃນ​ການ​ເດີນທາງໄດ້. ບໍລິສັດການບິນ Martin ທີ່ຕັ້ງຢູ່ໃນເມືອງ Christchurch ເວົ້າ ວ່າ ຕົນໄດ້ຮັບອະນຸມັດຈາກອົງການການບິນພົນລະເຮືອນຂອງ ນີວຊີແລນເພື່ອທໍາການບິນທົດລອງສໍາລັບເຄື່ອງດັ່ງກ່າວຂອງ​ຕົນ. ບໍລິສັດດັ່ງກ່າວເວົ້າວ່າ ເຮືອບິນສ່ວນຕົວປະເພດທີ່​ວ່າ​ນີ້ສາມາດບິນໄດ້ສູງກວ່າ 1 ກິໂລ ແມັດ ແລະເດີນທາງໃນຄວາມໄວ 112 ກິໂລແມັດ ຕໍ່ຊົ່ວໂມງ. ບໍລິສັດດັ່ງກ່າວ ຍັງເວົ້າອີກວ່າ ຕົນໄດ້ທໍາການທົດລອງບິນມາ​ແລ້ວ ​ໂດຍໃຊ້ເຄື່ອງບັງຄັບ ຢູ່ໄກ ຫລື remote control ​ເປັນ​ຜູ້​ຄວບ​ຄຸມເຮືອບິນດັ່ງກ່າວ. ພວກທ່ານຫວັງວ່າ ຈະຜະ ລິດເຮືອບິນປະ​ເພດ​ນີ້ໄວ້ຂາຍ ໃນເວລາໃດນຶ່ງໃນ ປີໜ້າ. ບໍລິສັດການບິນ Martin ທໍາອິດມີເຈດຈໍານົງທີ່ຈະເອົາເຮືອບິນດັ່ງກ່າວ ອອກຂາຍໃນ ຕະຫລາດ ເພື່ອໃຊ້ໃນສະພາບການອັນຮີບດ່ວນ ແລະປ້ອງກັນຊາດ ໃນຂະນະທີ່ສືບ ຕໍ່ທໍາການພັດທະນາເຮືອບິນປະເພດທີ່ໃຊ້ເຂົ້າໃນການພັກຜ່ອນຢ່ອນໃຈ. ພວກເຂົາເຈົ້າເວົ້າວ່າ ຕົນໄດ້ຮັບໃບຄຳ​ຮ້ອງຫລາຍກວ່າ 10 ພັນສະບັບກ່ຽວກັບການຂໍ ຊື້ເຮືອບິນປະເພດດັ່ງກ່າວ ທີ່ເຂົາເຈົ້າຄິດວ່າຈະຂາຍໃນລາຄາປະມານ 150 ພັນໂດລາ. ເບິ່ງວີດິໂອກ່ຽວກັບຂ່າວນີ້:,ບໍລິສັດ ນີວຊີແລນ ​ໃກ້ຈະ​ເຮັດ​ໃຫ້​ເຄື່ອງ​ຈັກ​ ​ທີ່​ພາ​ໃຫ້​ເຫາະ​ໄດ້ ຊຶ່ງເປັນແກ່ນສານ ຂອງນິຍາຍວິທະຍາສາດ ທີ່ເລົ່າຂານກັນນັ້ນ ກັບກາຍເປັນຈິງໄດ້ແລ້ວ.,mal,voanews,VOA News,fake news,2ebb4677-8a2b-4682-a30f-7398f3f9b7a3,article,MassiveSum
https://www.madhyamam.com/sports/sports-news/football/zinedine-zidane-hints-he-ready-return-football-management-sports-news,,കോച്ചിങ്ങിലേക്ക്​ ഉടൻ മടങ്ങും; ഫുട്​ബാളാണ്​ എ​െൻറ എല്ലാം-​ സിദാൻ,,"മഡ്രിഡ്​: റയൽ മഡ്രിഡിനെ ഹാട്രിക്​​ ചാമ്പ്യൻസ്​ ലീഗ്​ ജേതാക്കളാക്കിയ മാനേജർ സിനദിൻ സിദാൻ വീണ്ടും കോച്ചിങ്ങിലേക്ക്​. കഴിഞ്ഞ സീസണിൽ മഡ്രിഡി​​െൻറ പരിശീലക സ്​ഥാനത്തുനിന്ന്​ പടിയിറങ്ങിയ ഫ്രഞ്ച്​ ഇതിഹാസം ഇടവേളക്കുശേഷമാണ്​ തിരിച്ചുവരവ്​ പ്രഖ്യാപിച്ചത്​. എന്നാൽ, ഏതു ലീഗിലേക്കാണ്​ മടക്കമെന്ന്​ സൂചനയില്ല. ‘‘പരിശീലനത്തിലേക്ക്​ മടങ്ങും. കാരണം ഫുട്​ബാൾ ഞാൻ ആസ്വദിക്കുന്നു. ഫുട്​ബാളാണ്​ എ​​െൻറ ജീവിതത്തിൽ എല്ലാം’’ -ഒരു അഭിമുഖത്തിൽ സിദാൻ പറഞ്ഞു. ഇൗ സീസണിൽതന്നെ ​േകാച്ചിങ്​​ ആരംഭിക്കുമോയെന്നാണ്​ ആരാധകർ ഉറ്റുനോക്കുന്നത്​. മാഞ്ചസ്​റ്റർ യുനൈറ്റഡ്​ കോച്ച്​ ഹൊസെ മൗറീന്യോക്ക്​ പകരക്കാരനായി സിദാൻ എത്തുമെന്ന്​ അഭ്യൂഹങ്ങളുണ്ട്​. 2014ൽ റയൽ മഡ്രിഡി​​െൻറ ‘ബി’ ടീം പരിശീലകനായാണ്​ സിദാൻ ​േകാച്ചിങ്​​ കരിയർ ആരംഭിക്കുന്നത്​.",മഡ്രിഡ്​: റയൽ മഡ്രിഡിനെ ഹാട്രിക്​​ ചാമ്പ്യൻസ്​ ലീഗ്​ ജേതാക്കളാക്കിയ മാനേജർ സിനദിൻ സിദാൻ വീണ്ടും കോച്ചിങ്ങിലേക്ക്​.  കഴിഞ്ഞ സീസണിൽ മഡ്രിഡി​​െൻറ പരിശീലക സ്​ഥാനത്തുനിന്ന്​ പടിയിറങ്ങിയ ഫ്രഞ്ച്​,mal,madhyamam,Madhyamam,fake news,7c887cc1-a4dd-4792-a2c9-5039553e903c,article,MassiveSum
https://www.15min.lt/naujiena/aktualu/potvynis/didysis-potvynis-vienus-gasdina-kitus-zavi-ir-linksmina-191-90634,https://www.15min.lt/naujiena/aktualu/potvynis/didysis-potvynis-vienus-gasdina-kitus-zavi-ir-linksmina-191-90634,"Didysis potvynis: vienus gąsdina, kitus žavi ir linksmina",,"Potvynio vandenys apsėmė beveik 40 tūkst. hektarų teritoriją, kurioje gyvena apie 400 žmonių. Šilutės rajone ir Pagėgių savivaldybėje užtvindyta apie 82 kilometrus kelių, vandens gylis siekė nuo 25 centimetrų iki 1,7 metro. Traktoriai su tralais jau negelbėja, norintiems persikelti į Rusnę. Rusniškius į salą imta plukdyti amfibijomis. Patvinusio Tenenio vandenys užliejo ir kelio Klaipėda-Šilutė ruožą ties Priekule.

Potvynio turistai ir jėgos aitvarai

Dar savaitės pradžioje pasigirdo raginimų pasinaudoti unikalia galimybe ir atvažiuoti į pamarį stebėti kylantį potvynį. Šį kvietimą išgirdę smalsuoliai sukėlė nemenką vietos gyventojų nepasitenkinimą. Mat dėl atvykėlių, norinčių automobiliais persikelti per apsemtą kelio Šilutė-Rusnė ruožą, gausos prie tralų nutįso neregėto ilgio eilės. Jos pykdė tiek vietos žmones, tiek kelininkus, kurie buvo priversti neatlygintinai kelti pramogautojus. LTV „Panoramos“ eteryje rusniškiai siūlė atvykėlius apmokestinti 50 Lt už kiekvieną persikėlimą.

Todėl vakar pamaryje viešėjęs ir rusniškių skundus išgirdęs vidaus reikalų ministras Raimundas Palaitis ragino nepiktnaudžiauti šia paslauga ir apskritai nevykti į pamarį.

Vis dėlto kai kurie tautiečiai sugeba ir pamario zonoje susigalvoti pramogų. Pavyzdžiui, į užlietas pievas būriais patraukė jėgos aitvarų entuziastai. Kur tai regėta, kad, vos pasibaigus žiemai, kai Kuršių marias dar kausto ledas, Lietuvoje būtų galima „kaituoti“? Ir tikrai patogu tokiu būdu galynėtis su vėju: privažiavai su visureigiu, ant asfalto išlipai: ir gylio pakanka, ir vėjo galios. Tiesa, svarbu saugotis elektros stulpų. Užliejami ištisi kaimai

Kylantis vanduo jau atkirto apie 400 Šilutės ir Pagėgių savivaldybių gyventojų. Vakar Šilutės priešgaisrinės gelbėjimo tarnybos amfibija išvyko į užlietą Žalgirių kaimą, kur medikų pagalbos prireikė vienos sodybos šeimininkui. Į apsemtą Paleičių gyvenvietę amfibija užlietu keliu gabeno maisto produktus. Kariškių amfibija vyko ir į Šilininkų kaimą, kur buvo pralaužti pylimai, dėl to kilo grėsmė čia gyvenančioms šeimoms.

Nors pavojus buvo akivaizdus, anot „Lietuvos žinių“ bei LTV laidos „Panorama“, penktadienį neatsirado nė vieno norinčiojo išsikelti iš apsemtų sodybų. Žmonės baiminasi, kad į be priežiūros paliktą jų turtą gali pasikėsinti vagys. Todėl pamariškiai mieliau linkę plaukioti valtimis po savo kiemus, nei trauktis iš savo namų.",Penktadienį dieną nutrauktas automobilių kėlimas per apsemtą kelio Šilutė–Rusnė ruožą.Pildosi niūriausios prognozės – šį savaitgalį didysis pavasarinis potvynis pamaryje pasieks...,mal,15min,15Min,fake news,d4df3c12-a1b4-4718-a553-e6dc45662196,article,MassiveSum
https://www.madhyamam.com/sports/sports-news/2016/jun/06/200876,,ആദ്യജയം നേടിയ വേദിയില്‍ അലിക്ക് യാത്രാമൊഴി,,"ലൂയിവില്ളെ: ശനിയാഴ്ച അന്തരിച്ച ബോക്സിങ് ഇതിഹാസം മുഹമ്മദ് അലിയുടെ സംസ്കാര ചടങ്ങുകളുടെ ഭാഗമായ ജനാസ നമസ്കാരം വ്യാഴാഴ്ച. ഇസ്ലാമികാചാര പ്രകാരമുള്ള പ്രാര്‍ഥനാ ചടങ്ങുകളില്‍ പങ്കാളിയാവാന്‍ തുര്‍ക്കി പ്രസിഡന്‍റ് റജബ് ത്വയ്യിബ് ഉര്‍ദുഗാന്‍, ജോര്‍ഡന്‍ രാജാവ് അബ്ദുല്ല രണ്ടാമന്‍ ഉള്‍പ്പെടെയുള്ള ലോകനായകര്‍ എത്തുമെന്ന് അലിയുടെ കുടുംബ വക്താവ് ബോബ് ഗണ്ണല്‍ അറിയിച്ചു. പ്രഫഷനല്‍ ബോക്സിങ് റിങ്ങില്‍ അലി ആദ്യ ജയം നേടിയ ലൂയി വില്ലയിലെ ഫ്രീഡം ഹാളാവും പ്രാര്‍ഥനാ ചടങ്ങുകള്‍ക്ക് വേദിയാവുക. 18,000ത്തിലേറെ പേര്‍ക്ക് ഇരിപ്പിട സൗകര്യത്തോടെയുള്ളതാണ് വേദി. പത്തു വര്‍ഷം മുമ്പേ അലി തന്നെ തീരുമാനിച്ച പ്രകാരമാണ് ചടങ്ങ് ആസൂത്രണം ചെയ്തതെന്ന് കുടുംബ വക്താവ് അറിയിച്ചു. നേരത്തെ സ്വകാര്യ ചടങ്ങായി നടത്താനാണ് തീരുമാനിച്ചതെങ്കിലും എല്ലാവര്‍ക്കും പ്രവേശം അനുവദിക്കുമെന്ന് കുടുംബവൃത്തങ്ങള്‍ വ്യക്തമാക്കി. വെള്ളിയാഴ്ച അന്ത്യയാത്രയാവുന്ന ബോക്സിങ് ഇതിഹാസത്തിന് ആദരാഞ്ജലിയര്‍പ്പിക്കാന്‍ മുന്‍ പ്രസിഡന്‍റ് ബില്‍ ക്ളിന്‍റന്‍ ഉള്‍പ്പെടെയുള്ളവര്‍ എത്തും. ബോളിവുഡ് താരങ്ങള്‍, രാഷ്ട്രനേതാക്കള്‍, വിവിധ മതനേതാക്കള്‍ എന്നിവര്‍ക്കും ക്ഷണമുണ്ട്.",ലൂയിവില്ളെ: ശനിയാഴ്ച അന്തരിച്ച ബോക്സിങ് ഇതിഹാസം മുഹമ്മദ് അലിയുടെ സംസ്കാര ചടങ്ങുകളുടെ ഭാഗമായ ജനാസ നമസ്കാരം വ്യാഴാഴ്ച. ഇസ്ലാമികാചാര പ്രകാരമുള്ള പ്രാര്‍ഥനാ ചടങ്ങുകളില്‍ പങ്കാളിയാവാന്‍ തുര്‍ക്കി...,mal,madhyamam,Madhyamam,fake news,a79b394c-80b6-4e59-acdd-67874cae666c,article,MassiveSum
https://nra.lv/latvija/278237-otrdien-gaiss-iesils-lidz-17-gradiem.htm,https://nra.lv/latvija/278237-otrdien-gaiss-iesils-lidz-17-gradiem.htm,Otrdien gaiss iesils līdz +17 grādiem,,"Otrdienas pēcpusdienā gaisa temperatūra Latvijā paaugstināsies līdz +13..+17 grādiem, vien Rīgas jūras līča rietumu piekrastē tā būs +7..+11 grādi, prognozē sinoptiķi.

Laiks būs pārsvarā sauss un saulains. Naktī vēl valsts lielākajā daļā, priekšpusdienā Liepājas pusē saglabāsies daudz mākoņu.

Pūtīs lēns līdz mērens austrumu, ziemeļaustrumu vējš. Minimālā gaisa temperatūra naktī būs -2..+4 grādi.

Rīgā nakts uz otrdienu būs pārsvarā mākoņaina, gaiss atdzisīs līdz +4 grādiem. Dienā gaidāms skaidrs un līdz +16 vai +17 grādiem silts laiks, pūtīs lēns līdz mērens ziemeļaustrumu vējš.","Otrdienas pēcpusdienā gaisa temperatūra Latvijā paaugstināsies līdz +13..+17 grādiem, vien Rīgas jūras līča rietumu piekrastē tā būs +7..+11 grādi, prognozē sinoptiķi.",mal,nra,NRA,fake news,ba871ee3-1e55-4f7d-8d00-0332cd2765a2,article,MassiveSum
https://lao.voanews.com/a/2986399.html,https://lao.voanews.com/a/2986399.html,ລາຍການກະຈາຍສຽງຂອງວີໂອເອ ລາວ,,ວີ​ໂອ​ເອພາກ​ພາສາ​ລາວ​ ກະຈາຍສຽງ​ທຸກໆ​ວັນ ​ເປັນ​ເວລາ 30 ນາທີ. ພວກ​ເຮົາ​ສະ​ເໜີຂ່າວ ຂໍ້​ມູນ ​ແລະ​ລາຍ​ງານ​ທີ່​ໜ້າ​ສົນ​ໃຈ ກ່ຽວກັບ​​ເຫດການ​​ທີ່​ເກີດ​ຂຶ້ນ​ໃນ​ປະ​ເທດ​ລາວ ສະຫະລັດ​ອ​າ​ເມ​ຣິ​ກາ ​ເອ​ເຊຍ​ແລະ​ຂົງເຂດ​ອື່ນໆ​ຂອງ​ໂລກ ຕະຫລອດ​ທັງ​ບົດຮຽນ​ພາສາ​ອັງກິດ ​ແລະ​ລາຍການ​ເພງ​ຕາມ​ຄຳ​ຂໍ​ຂອງ​ທ່ານ​ຜູ້​ຟັງ.,ວີ​ໂອ​ເອພາກ​ພາສາ​ລາວ​ ກະຈາຍສຽງ​ທຸກໆ​ວັນ ​ເປັນ​ເວລາ 30 ນາທີ. ພວກ​ເຮົາ​ສະ​ເໜີຂ່າວ ຂໍ້​ມູນ ​ແລະ​ລາຍ​ງານ​ທີ່​ໜ້າ​ສົນ​ໃຈ ກ່ຽວກັບ​​ເຫດການ​​ທີ່​ເກີດ​ຂຶ້ນ​ໃນ​ປະ​ເທດ​ລາວ ສະຫະລັດ​ອ​າ​ເມ​ຣິ​ກາ ​ເອ​ເຊຍ​ແລະ​ຂົງເຂດ​ອື່ນໆ​ຂອງ​ໂລກ ຕະຫລອດ​ທັງ​ບົດຮຽນ​ພາສາ​ອັງກິດ ​ແລະ​ລາຍການ​ເພງ​ຕາມ​ຄຳ​ຂໍ​ຂອງ​ທ່ານ​ຜູ້​ຟັງ.,mal,voanews,VOA News,fake news,894c8889-0fce-4fdd-adb1-db4841516081,article,MassiveSum
https://www.madhyamam.com/gulf-news/uae/eman-ahmed/2017/may/05/261356,,ഇമാൻ അഹമദിനെ അബൂദബി ബുർജീൽ ആശുപത്രിയിൽ പ്രവേശിപ്പിച്ചു,,"അബൂദബി: ഏതാനും ആഴ്​ചകൾ മുമ്പ്​ വരെ ലോകത്തെ ഏറ്റവും ഭാരം കൂടിയ സ്​ത്രീയായിരുന്ന ഇമാൻ അഹമദിനെ തുടർ ചികിത്സക്കായി അബൂദബി ബുർജീൽ ആശുപത്രിയിൽ പ്രവേശിപ്പിച്ചു. മുംബൈയിലെ സെയ്​ഫി ആശുപത്രിയിൽനിന്ന്​ ഇൗജിപ്​ത്​ എയർ കാർഗോ വിമാനത്തിൽ പുറപ്പെട്ട ഇവർ രാത്രി ഒമ്പതോടെയാണ്​ അബൂദബി അന്താരാഷ്​ട്ര വിമാനത്താവളത്തിലെത്തിയത്​. മുംബൈ ഛത്രപതി ശിവജി മഹാരാജ്​ അന്താരാഷ്​ട്ര വിമാനത്താവളത്തിൽനിന്ന്​ വൈകുന്നേരം 6.10നാണ്​ ഇൗജിപ്​ത്​ എയർ കാർഗോ പുറപ്പെട്ടത്​. വിദഗ്​ധ ഡോക്​ടർമാർ, പാരാമെഡിക്കൽ ജീവനക്കാർ, പൊലീസ്​ ഉദ്യോഗസ്​ഥർ തുടങ്ങിയവർ ഇമാനെ അനുഗമിച്ചു. ഡോക്​ടർമാർ, ഏവിയേഷൻ മെഡിസിൻ ഡോക്​ടർ, സീനിയർ ഫ്ലൈറ്റ്​ പാരാമെഡിക്കൽ ജീവനക്കാർ ഉൾപ്പെടെ അഞ്ച്​ വൈദ്യശാസ്​ത്ര വിദഗ്​ധരായിരുന്നു വിമാനത്തിൽ ഇമാ​നി​​െൻറ ആരോഗ്യസ്​ഥിതി പരിശോധിച്ചിരുന്നത്​. ഇമാനെ ​പ്രവേശിപ്പിക്കുന്നതിനോടനുബന്ധിച്ച്​ ബുർജീൽ ആശുപത്രിയിൽ ആവശ്യമായ ക്രമീകരണങ്ങൾ ഏർപ്പെടുത്തിയിരുന്നു. പ്രവേശന കവാടത്തിൽ ആളുകളെ നിയന്ത്രിക്കാൻ പൊലീസ്​ നാട കെട്ടി. അടിയന്തര വാർഡിലും സമീപങ്ങളിലുമായി പൊലീസ്​ ഉദ്യോഗസ്​ഥരെ വിന്യസിക്കുകയും ചെയ്​തിരുന്നു.

500 കിലോഗ്രാം ഭാരമുണ്ടായിരുന്ന ഇമാ​​െൻറ തൂക്കം കുറക്കാൻ മുംബൈയിലെ സെയ്​ഫി ആശുപത്രിയിലാണ്​ ബാരിയാട്രിക്​ ശസ്​ത്രക്രിയ നടത്തിയത്​. എന്നാൽ, ചികിത്സ പരാജയപ്പെട്ടുവെന്ന പരാതിയു​മായി രംഗത്തെത്തിയ സഹോദരി ഷൈമ സെലിം ഇമാനിനെ ബുർജീൽ ആശുപത്രിയിലേക്ക്​ മാറ്റാൻ ആവശ്യപ്പെടുകയായിരുന്നു. എന്നാൽ, ശസ്​ത്രക്രിയയും ചികിത്സയും വിജയകരമായിരുന്നുവെന്നും ആശുപത്രി വിടു​േമ്പാൾ 176ഒാളം കിലോ ഭാരം മാത്രമേ ഇമാനിന്​ ഉള്ളൂവെന്നും സെയ്​ഫി ആശുപത്രിയിലെ ഡോ. മുഫസ്സൽ ലക്​ഡവാല വ്യക്​തമാക്കി.ഇൗജിപ്​തിലെ അലക്​സാൻഡ്രിയ സ്വദേശിനിയായ ഇമാനെ ഫെബ്രുവരി പത്തിനാണ്​ മുംബൈയിലെ ആശുപത്രിയിൽ പ്രവേശിപ്പിച്ചിരുന്നത്​. മാർച്ച്​ പത്തിനായിരുന്നു ശസ്​ത്രക്രിയ. ക്രെയിൻ ഉപയോഗിച്ചായിരുന്നു ഇവരെ അലക്​സാൻഡ്രിയയിലെ താമസ സ്​ഥലത്ത്​ നിന്ന്​ താഴെയിറക്കിയിരുന്നത്​.",അബൂദബി: ഏതാനും ആഴ്​ചകൾ മുമ്പ്​ വരെ ലോകത്തെ ഏറ്റവും ഭാരം കൂടിയ സ്​ത്രീയായിരുന്ന ഇമാൻ അഹമദിനെ തുടർ ചികിത്സക്കായി അബൂദബി ബുർജീൽ ആശുപത്രിയിൽ പ്രവേശിപ്പിച്ചു. മുംബൈയിലെ സെയ്​ഫി ആശുപത്രിയിൽനിന്ന്​...,mal,madhyamam,Madhyamam,fake news,fd86dde4-8e0e-4b40-a3a3-3dcf1138bed2,article,MassiveSum
https://www.madhyamam.com/local-news/kottayam/sslc-kottayam-pathanamthitta-full-plus/695881,,"കോട്ടയം, പത്തനംതിട്ട",,"ഇ​ക്കൊ​ല്ല​ത്തെ എസ്.എസ്.എൽ.സി പരീക്ഷയിൽ കോട്ടയം, പത്തനംതിട്ട ജില്ലകളിൽ മുഴുവൻ വിഷയങ്ങളിൽ എ പ്ലസ് നേടിയ വിദ്യാർഥികൾ

KOTTAYAM+PTA_SSLC1 by Madhyamam on Scribd","ഇ​ക്കൊ​ല്ല​ത്തെ എസ്.എസ്.എൽ.സി പരീക്ഷയിൽ കോട്ടയം, പത്തനംതിട്ട ജില്ലകളിൽ മുഴുവൻ വിഷയങ്ങളിൽ എ പ്ലസ് നേടിയ വിദ്യാർഥികൾ          KOTTAYAM+PTA_SSLC1 by Madhyamam on Scribd",mal,madhyamam,Madhyamam,fake news,4082fd89-9ca8-4e0e-b6fe-14451c2df3ec,article,MassiveSum
https://www.madhyamam.com/kerala/2016/jun/24/204843,,കള്ളനോട്ട്: മൂന്നു കേസുകള്‍കൂടി എന്‍.ഐ.എ ഏറ്റെടുക്കും,,"കൊച്ചി: സംസ്ഥാനത്ത് രജിസ്റ്റര്‍ചെയ്ത മൂന്ന് കള്ളനോട്ട് കേസുകള്‍കൂടി എന്‍.ഐ.എയിലേക്ക്. കണ്ണൂര്‍ ധര്‍മടം, ചാലക്കുടി, ആറ്റിങ്ങല്‍ എന്നിവിടങ്ങളില്‍ കള്ളനോട്ട് പിടികൂടിയ കേസുകളാണ് എന്‍.ഐ.എ ഏറ്റെടുക്കുക. ഈ കേസുകളില്‍ അറസ്റ്റിലായവരെ സംബന്ധിച്ച് പ്രാഥമിക അന്വേഷണം നടത്തിയ എന്‍.ഐ.എ കൊച്ചി യൂനിറ്റ് സംഘം അടുത്തുതന്നെ എഫ്.ഐ.ആര്‍ രജിസ്റ്റര്‍ ചെയ്യും. ഇനി ഒരു ലക്ഷത്തിനുമേല്‍ തുകയുള്ള മുഴുവന്‍ കള്ളനോട്ട് കേസുകളിലെയും അന്വേഷണം ഏറ്റെടുക്കാനുളള നീക്കവും എന്‍.ഐ.എ നടത്തുന്നുണ്ട്. ഇത്തരം കേസുകള്‍ ഏറ്റെടുക്കാനുള്ള സന്നദ്ധത എന്‍.ഐ.എ ആഭ്യന്തര മന്ത്രാലയത്തെ അറിയിച്ചിട്ടുണ്ട്. ആദ്യപടിയായാണ് അടുത്തിടെ പിടികൂടിയ മൂന്ന് കള്ളനോട്ട് കേസുകള്‍ ഏറ്റെടുക്കുന്നത്. കഴിഞ്ഞ മാര്‍ച്ചിലാണ് ആറ്റിങ്ങലില്‍ 1.76 ലക്ഷത്തിന്‍െറ കള്ളനോട്ടുമയി ആറംഗ സംഘത്തെ പൊലീസ് അറസ്റ്റുചെയ്തത്. കൊല്ലം സ്വദേശികളായ സഫീര്‍, അന്‍സാര്‍, കണ്ണൂര്‍ സ്വദേശി പ്രദീപ്, ആറ്റിങ്ങല്‍ സ്വദേശി വിനോദ്, കടയ്ക്കല്‍ സ്വദേശി സുനില്‍കുമാര്‍, തമിഴ്നാട് ചെങ്കോട്ട സ്വദേശി പാലയ്യ എന്നിവരാണ് പിടിയിലായത്. മേയ് അവസാനത്തിലാണ് ധര്‍മടത്ത് മൂന്നംഗ സംഘത്തെ 28,000 രൂപയുടെ കള്ളനോട്ടുമായി പിടികൂടിയത്. 65,000 രൂപ നല്‍കി ഒരു ലക്ഷം രൂപയുടെ കള്ളനോട്ട് വാങ്ങി വിതരണം ചെയ്യവെയാണ് പിടിയിലായത്. ഈ കേസില്‍ എം.കെ. ഫൈനാസ്, റഷീദ്, റസാഖ് എന്നിവരെയാണ് അറസ്റ്റ് ചെയ്തത്. ചാലക്കുടിയില്‍ പശ്ചിമബംഗാള്‍ സ്വദേശികളായ പ്രായപൂര്‍ത്തിയാകാത്ത ഒരാളടക്കം മൂന്നു പേരെയാണ് അറസ്റ്റു ചെയ്തത്. 500 രൂപയുടെ 226 കള്ളനോട്ടുകളാണ് പിടിച്ചെടുത്തത്. നിലവില്‍ കാസര്‍കോട്, തളിപ്പറമ്പ്, നെടുമ്പാശ്ശേരി വിമാനത്താവളം, മഞ്ചേരി എന്നിവിടങ്ങളില്‍ കള്ളനോട്ട് പിടികൂടിയ കേസുകളാണ് എന്‍.ഐ.എയുടെ അന്വേഷണത്തിലുള്ളത്.","കൊച്ചി: സംസ്ഥാനത്ത് രജിസ്റ്റര്‍ചെയ്ത മൂന്ന് കള്ളനോട്ട് കേസുകള്‍കൂടി എന്‍.ഐ.എയിലേക്ക്. കണ്ണൂര്‍ ധര്‍മടം, ചാലക്കുടി, ആറ്റിങ്ങല്‍ എന്നിവിടങ്ങളില്‍ കള്ളനോട്ട് പിടികൂടിയ കേസുകളാണ് എന്‍.ഐ.എ...",mal,madhyamam,Madhyamam,fake news,15a3626c-9917-4c10-9507-37486927849f,article,MassiveSum
https://www.madhyamam.com/india/telangana-and-karnataka-confirmed-new-covid-19-cases-india-news/669248,,കർണാടകയിൽ രണ്ടു പേർക്കും തെലങ്കാനയിൽ ഒരാൾക്കും പുതുതായി കോവിഡ്​ ബാധ,,"ബംഗളൂരു/ഹൈദരബാദ്​: കർണാടകയിൽ രണ്ടുപേർക്കും തെലങ്കാനയിൽ ഒരാൾക്കും പുതുതായി കോവിഡ്​ ബാധ സ്​ഥിരീകരിച്ചു. യു.എ സിൽനിന്നും മാർച്ച്​ ആറിന്​ മടങ്ങിയെത്തിയ 56കാരനും സ്​പെയിനിൽനിന്ന്​ മടങ്ങിയെത്തിയ 26കാരിക്കുമാണ്​ കർണാടകയിൽ രോഗബാധ കണ്ടെത്തിയത്​. ഇതോടെ ഇവിടെ രോഗം ബാധിച്ചവരുടെ എണ്ണം 13 ആയതായി ആരോഗ്യമന്ത്രി ബി. ശ്രീരാമലു അറിയിച്ചു. ​

തെലങ്കാനയിൽ ഇതുവരെ ആറുപേർക്കാണ്​ രോഗബാധ സ്​ഥിരീകരിച്ചത്​. യു​.കെയിൽനിന്നും തിരികെ എത്തിയയാൾക്കാണ്​ രോഗബാധ കണ്ടെത്തിയത്​. ചൊവ്വാഴ്​ച ഇയാളുടെ സാമ്പിളുകൾ പരിശോധനക്ക്​ അയച്ചിരുന്നു. നിലവിൽ ആശുപത്രിയിലെ ഐസൊലേഷൻ വാർഡിൽ ചികിത്സയിലാണിയാൾ.",ബംഗളൂരു/ഹൈദരബാദ്​: കർണാടകയിൽ രണ്ടുപേർക്കും തെലങ്കാനയിൽ ഒരാൾക്കും പുതുതായി കോവിഡ്​ ബാധ സ്​ഥിരീകരിച്ചു. യു.എ   സിൽനിന്നും മാർച്ച്​ ആറിന്​ മടങ്ങിയെത്തിയ 56കാരനും സ്​പെയിനിൽനിന്ന്​ മടങ്ങിയെത്തിയ...,mal,madhyamam,Madhyamam,fake news,c4966995-1843-4e61-aa13-d2eaa1586c60,article,MassiveSum
https://lao.voanews.com/a/ten-more-states-sue-transgender-bathroom-rules/3410539.html,https://lao.voanews.com/a/ten-more-states-sue-transgender-bathroom-rules/3410539.html,ອີກ 10 ລັດ ຍື່ນຟ້ອງ ກ່ຽວກັບ ເລື້ອງຫ້ອງນໍ້າ ພວກປ່ຽນເພດ,,"ອີກ 10 ລັດ​ກຳລັງ​ຟ້ອງ​ຮ້ອງ ລັດຖະບານ​ປະທານາທິບໍດີ Obama ກ່ຽວ​ກັບ​ລະບຽບ​ການຄຸ້ມ​ຄອງ​ທີ່ວ່າ ຫ້ອງ​ນໍ້າ​ໃດ​ທີ່​ພວກ​ປ່ຽນ​ເພດ​ສາມາດ​ໃຊ້​ໄດ້.

ການ​ຍື່ນຟ້ອງໃນ​ວັນ​ສຸກ​ວານ​ນີ້ ໝາຍ​ຄວາມ​ວ່າ ​ເກືອບ​ເຄິ່ງນຶ່ງ​ຂອງທັງ​ໝົດ 50 ລັດຂອງ​ສະຫະລັດ ພາກັນ​ປະຕິ​ເສດ​ຢ່າງ​ເປັນ​ທາງ​ການ ຕໍ່​ລະບຽບ​ການ​ຂອງ​ລັດ ຖະບານ​ກາງ ທີ່​ໄດ້ອອກ​ຫວ່າງ​ໄວໆ​ມານີ້ ​ໂດຍ​ສະ​ເໜີ​ໃຫ້​ບັນດາໂຮງຮຽນ​ຫລວງ ອະນຸຍາດ​ໃຫ້​ພວກ​ນັກຮຽນ​ໃຊ້​ຫ້ອງ​ນໍ້າ​ໄປຕາມ​ເພດ​ທີ່​ເຂົາ​ເຂົາ​ເຈົ້າ​ບອກ ​ແທນ​ທີ່​ຈະ​ແມ່ນເພດທີ່​ໄດ້​ບອກ​ຢູ່​ໃນ​ໃບ​ຊາ​ຕາ​ເຂົາ​ເຈົ້າ.

ບັນດາ​ນັກວິ​ເຄາະດ້ານ​ກົດໝາຍ ກ່າວ​ວ່າ ການ​ເຄື່ອນ​ໄຫວເທື່ອ​ຫລ້າ​ສຸດນີ້​ແມ່ນ​ ​ ​ເຮັດ​ໃຫ້​ມີ​ຄວາມ​ເປັນ​ໄປ​ໄດ້​ເພີ້ມຂຶ້ນທີ່ວ່າ ການ​ໂຕ້​ແຍ້​ງກ່ຽວ​ກັບ​ເລື້ອງ​ເພດ​ ໃນ​ທີ່​ສຸດຈະ​ຖືກ​ສົ່ງ​ໄປ​ຍັງ​ສານ​ສູງ​ສຸດ​ສະຫະລັດ.

ການ​ຟ້ອງ​ຮ້ອງ​ໃໝ່​ນີ້ໄດ້ໂ​ຕ້ຖຽງ​ວ່າ ລັດຖະບານ​ກາງໄດ້​ຫລົບຫລີ​ກກົດໝາຍ​ທີ່ມີ ຢູ່​ແລ້ວ ​ໃນ​ລະບຽບ​ການ ​ທີ່​ໄດ້​ອອກ​ຫວ່າງ​ມໍ່ໆ​ມາ​ນີ້. ການ​ຟ້ອງ​ຮ້ອງ​ທີ່​ໄດ້​ຍືນ​ຢູ່​ສານ​ລັດຖະບານ​ກາງ​ໃນ​ເມືອງ Lincoln ລັດ Nebraska ກ່າວ​ວ່າ ປະຫວັດ ສາດດ້ານ​ກົດໝາຍ​ບໍ່​ໄດ້​ສະໜັບສະໜູນ ການ “ຕີ​ຄວາມ​ໝາຍ​ຂອງ​ຄຳ​ວ່າ​ເພດ ທີ່​ໝາຍ​ຄວາ​ມວ່າ​ຢ່າງ​ໃດ​ຢ່າງ​ນຶ່ງ ​ນອກ​ເໜືອ​ໄ​ປກວ່າ​ຄຳ​ວ່່າ​ເພດຢ່າງ​ດຽວ ດັ່ງ​ທີ່​ໄດ້​ພິຈາລະນາ​ໂດຍ​ຮ່າງກາຍ ​ແລະເຊື້ອ​ພັນ.”

ລັດ Nebraska ຜູ້ນຳ​ພາ​ການ​ຟ້ອງ​ຮ້ອງ ​ໄດ້​ເຂົ້າ​ຮ່ວມ​ໂດຍ​ລັດ Arkansas, Kansas, Michigan, Montana, North Dakota, Ohio, South Carolina, South Dakota ​ແລະ Wyoming. ບັນດາ​ລັ​ດ​ເຫລົ່ານີ້ ​ໄດ້​ຮ່ວມ​ສົມທົບ​ກັບ​ລັດ​ອື່ນໆ​ອີກ 12 ລັດ​ທີ່​ໄດ້ຟ້ອງ​ຮ້ອງ​ລັດຖະບານກາງ​ ໃນ​ເດືອນພຶດ ສະພາຜ່ານ​ມາ ກ່ຽວ​ກັບ​ລະບຽບ​ການ​ຂອງລັດຖະ ບານ Obama ທີ່​ຄ້າຍຄື​ກັນນີ້.

ບັນດາ​ລັດ​ຕ່າງ​ໆ​ໂຕ້​ຖຽງ​ວ່າ ການ​ປ່ຽນ​ແປງ​ນະ​ໂຍບາຍ​ຂອງ​ລັດຖະບານ​ກາງ​ກ່ຽວກັບ​ເລື້ອງ​ໂຮງຮຽນ ຄວນ​ປ່ອຍ​ໃຫ້​ເປັນ​ໜ້າ​ທີ່​ຂອງ​ລັດຖະສະພາ​ ບໍ່​ແມ່ນ​ທຳນຽບຂາວ. ກະຊວງ​ຍຸຕິ​ທຳ​ໄດ້​ປະຕິ​ເສດ​ຕໍ່​ການ​ໂຕ້​ຖຽງ​ດັ່ງກ່າວ ​ໂດຍ​ເວົ້າວ່າກົດໝາຍ​ສິດທິ​ພົນລະເມືອງ​ຂອງ ລັດຖະບານ​ກາງທີ່​ຫ້າມ​ບໍ່​ໃຫ້​ມີ​ການຈຳ​ແນ​ກກີດ​ກັນ ​ໃນ​ເລື້ອງ​ເພດ ສະໜອງ​ພື້ນຖານ​ທາງ​ດ້ານ​ກົດໝາຍ​ເພື່ອ​ເປັນ​ທິດ​ທາງ​ໃຫ້​ແກ່​ກະຊວງ​ດັ່ງກ່າວ.",ອີກ 10 ລັດ​ກຳລັງ​ຟ້ອງ​ຮ້ອງ ລັດຖະບານ​ປະທານາທິບໍດີ Obama ກ່ຽວ​ກັບ​ລະບຽບ​ການຄຸ້ມ​ຄອງ​ທີ່ວ່າ ຫ້ອງ​ນໍ້າ​ໃດ​ທີ່​ພວກ​ປ່ຽນ​ເພດ​ສາມາດ​ໃຊ້​ໄດ້.,mal,voanews,VOA News,fake news,98ebe984-207c-4cfe-8e73-51071ea76bd3,article,MassiveSum
https://lao.voanews.com/a/cuba-says-us-embargo-cost-it-four-point-six-billion-dollars-last-year/3501423.html,https://lao.voanews.com/a/cuba-says-us-embargo-cost-it-four-point-six-billion-dollars-last-year/3501423.html,ຄິວບາ ກ່າວວ່າ ການຫ້າມຄ້າຂາຍ ຂອງ ສຫລ ສ້າງຄວາເສຍຫາຍ 4.6 ຕື້ໂດລາ ໃນປີກາຍນີ້,,"ລັດຖະບານ​ຄິວ​ບາ​ຮຽກຮ້ອງ​ໃຫ້​ສະຫະລັດ​ດຳ​ເນີນ​ກາ​ນພີ້ມຕື່ມເພື່ອ​ຫລຸດຜ່ອນຄວາມ​ກົດ​ດັນ​ທາງ​ດ້ານ​ເສດຖະກິດ​ຕໍ່​ປະ​ເທດ​ຂອງ​ຕົນ ຫລັງ​ຈາກ​ໄດ້​ມີ​ການ​ປັບປຸງ​ຄວາມ​ສຳພັນລະ ຫວ່າງ​ວໍ​ຊິງ​ຕັນ​ແລະ​ຮາ​ວາ​ນາ ​ໂດຍ​ກ່າວ​ວ່າ ການ​ລົງ​ໂທດ​ ທາງດ້ານ​ເສດຖະກິດ​ຂອງ​ສະ ຫະລັດໄດ້​ສ້າງ​ຄວາມ​ເສຍ​ຫາຍ​ໃຫ້​ແກ່​ຄິວ​ບາ 4 ພັນ 600 ລ້ານໂດລາໃນ​ສົກ​ງົບປະມານ ​ປີ​ກາຍ​ນີ້.

ລັດຖະມົນຕີ​ການ​ຕ່າງປະ​ເທດ​ຄິວ​ບາ ທ່ານ Bruno Rodriguez ​ໄດ້​ໃຫ້​ຄວາມ​ເຫັນ​ດັ່ງ ກ່າວ ​ໃນ​ກອງ​ປະຊຸມ​ຖະ​ແຫຼງຂ່າວ ​ເນື່ອງ​ໃນ​ວັນ​ຄົບຮອບ​ການລິ​ເລີ້ມ​ໃນ​ການ​ປຸກລະດົມ ປະຈຳ​ປີສຳລັບການລົງມະຕິອົງການ​ສະຫະ​ປະຊາ​ຊາດທີ່​ໄດ້​ປະນາມ​ການ​ລົງໂທດ​ຂອງ​ສະຫະລັດຕໍ່​ປະ​ເທດ​ເກາະດອນ​ທີ່​ພວມ​ປະສົບກັບ​ບັນຫາ​ທາງ​ດ້ານ​ການ​ເງິນ​ນັ້ນ.

ທ່ານ​ກ່າວ​ວ່າ 55 ປີ​ທີ່​ການ​ຂວ້ຳ​ບາດ​ເລີ້ມມີ​ຜົນ​ບັງຄັບ​ໃຊ້ມັນ​ໄດ້​ສ້າງ​ຄວາມ​ເສຍຫາຍ​ໃຫ້​ແກ່​ຄິວ​ບາ 125.9 ຕື້​ໂດ​ລາ. ຕົວ​ເລກ​ນີ້​ແມ່ນ​ຮວມທັງ​ຄວາມ​ເສຍ​ຫາຍ​ທີ່​ແທ້​ຈິງເຊັ່ນ​ການ​ປັບ​ໃໝ​ຕໍ່​ຄູ່​ການ​ຄ້າ​ຄິວ​ບາ ​ແລະ​ຕົວ​ເລກ​ສົມມຸດ​ຖານ​ເຊັ່ນ​ການຂາຍ​ຂອງທຸລະ​ກິດ​ຕ່າງໆຄິວບາ ທີ່​ອາດ​ມີ​ຂຶ້ນຢູ່​ໃນ​ຕະຫລາດ​ສະ​ຫະລັດ.

ນັບ​ຕັ້ງ​ແຕ່​ຄິວ​ບາ​ແລະ​ສະຫະລັດ​ໄດ້​ສ້າງຕັ້ງຄວາມ​ສຳພັນ​ທາງ​ດ້ານ​ການ​ທູດ​ຄືນ​ໃໝ່​ໃນ ​ການ​ເຄື່ອນ​ໄຫວ​ທີ່​ບໍ່​ຄາດ​ຄິດ​ ເມື່ອ​ເດືອນ​ທັນວາ​ປີ 2014 ປະ​ເທດ​ທັງ​ສອງເປີດສະຖານ ທູດ ຟື້ນຟູ​ຖ້ຽວ​ບິນ​ພານິດ ຫຼຸດຜ່ອນ​ຂໍ້​ຈຳກັດ​ຮັດ​ແຄບ​ ໃນ​ການ​ເດີນທາງ ​ແລະ​ໄດ້​ມີ​ການ​ເຈລະຈາ​ທາງ​ດ້ານ​ການ​ຄ້າ ສິ່ງ​ແວດ​ລ້ອມ ​ແລະ​ຂໍ້​ຕົກລົງທາງ​ດ້ານ​ການ​ສື່ສານ.

​ແຕ່​ສະຫະລັດ​ຍັງ​ບໍ່​ທັນ​ໄດ້​ຍົກ​ເລີກ​ໂດຍ​ເຕັມ​ໃນ​ການ​ຫ້າມ​ຄ້າຂາຍ​ກັບ​ຄິວ​ບາ ຊຶ່ງ​ເປັນ​ສິ່ງ​ ທີ່​ມະຕິ​ແບບ​ບໍ່​ມີ​ຜົນ​ບັງຄັບ ​ຂອງສະມັດຊາ​ໃຫຍ່ ​ສະຫະ​ປະຊາ​ຊາດ ​ໄດ້​ຮັບຮ​ອງ​ເອົາ​ໃນ ​ທຸກໆ​ປີນັບແຕ່​ປິ 1992 ​ເປັນຕົ້ນມາ. ຄິວ​ບາ​ແມ່ນເປັນແຮງກົດ​ດັນ​ທີ່ສຳຄັນ​ຢູ່​ເບື້ອງຫລັງ​ມະຕິ​ດັ່ງກ່າວ ​ແລະ​ກໍ​ໄດ້​ຮັບ​ການ​ສະໜັບສະໜຸນ​ຢ່າງຖ້ວມ​ລົ້ນຈາກ​ປະ​ເທດ​ຕ່າງ​ໆ.",ລັດຖະມົນຕີການຕ່າງປະເທດຄິວບາ ທ່ານ Bruno Rodriguez ເລີ້ມການປຸກລະດົມ ປະຈຳປີ ເພື່ອໃຫ້ຍົກເລີກ ການຫ້າມຄ້າຂາຍ ຕໍ່ຄິວບາ.,mal,voanews,VOA News,fake news,7c5fae57-3d0c-4a8f-9d8c-62357304a458,article,MassiveSum
https://www.15min.lt/gyvenimas/naujiena/archyvas/treciadienio-horoskopas-lapkricio-26-d-1064-469082,https://www.15min.lt/gyvenimas/naujiena/archyvas/treciadienio-horoskopas-lapkricio-26-d-1064-469082,Trečiadienio horoskopas - lapkričio 26 d.,,"Avinas (nuo kovo 20/21 d. iki balandžio 20/21 d.)

Energijos perteklių ir susikaupusią įtampą šį rytą nukreipkite į darbą – dėl to tikrai nesigailėsite. Popietę būsite stiprūs bendradarbiaudami ir knaisiodamiesi po įvairiausias kitų žmonių paslaptis. Tačiau įsigilinę į darbus nepraleiskite progos savo originaliais poelgiais stebinti visų, kuriuos mylite, kurias žavitės ar kuriuos norite sužavėti.

Jautis (nuo balandžio 20/21 d. iki gegužės 21/22 d.)

Venkite šį rytą kam nors ką nors įrodyti – tokiu būdu ginčų, kurie gali kilti lygioje vietoje, neišvengsite. Verčiau nuspręskite praplėsti savo akiratį. O tam vėliau atsiras nemažai palaikymo iš kolegų ar antrosios pusės. Patikėję jais, į draugų pasiūlymus žvelkite blaiviu žvilgsniu, o tinkamų sąlygų intymiems santykiams suteikti naujų spalvų – nepražiopsokite.

Dvyniai (nuo gegužės 21/22 d. iki birželio 21/22 d.)

Ryte chaosą galvoje ir kandžias replikas pasilikite sau arba raskite būdą, kaip visa tai panaudoti kilnesniems tikslams. Jei nurimsite ir uoliai dirbsite su kitais ir dėl kitų, galbūt bus lengviau atverti širdį tiems, kurių jums šiandien reikia. Apsidairykite, gal netoliese, tarp draugų ar kolegų, sukiojasi žavus jūsų būsimų jausmų objektas?

Vėžys (nuo birželio 21/22 d. iki liepos 23/24 d.)

Jei ryte tarp jūsų ir partnerių perbėgs juoda katė – kaltinkite tik save. Ne kas kitas, o jūs savo emocijų ar poelgių dėka ją pasikvietėte. Perlipus šį slenkstį, darbai virte virs, ypač tada, kai reikės kūrybiškumo ir savitumo. Be to, žinosite, kaip atlikti užduotis ir kam jas deleguoti, kad tai atneštų trokštamos naudos visiems. O jūsų gebėjimas kurti gerą atmosferą darbe – stebins visus.

Liūtas (nuo liepos 23/24 d. iki rugpjūčio 23/24 d.)

Ryte atlikite, ką privalote, negadindami nuotaikos kolegoms. Tada ir jie jus paliks ramybėje. Vėliau dar jums paruoštos kelios pareigos, kurias turėsite atlikti dėl savo šeimos ir svarbus pokalbis su šeimos nariu. Iš tiesų, jūsų optimizmas šiandien bus jūsų geriausias pagalbininkas ir jis leis patikėti, kad įgaunate sparnus naujiems tolimiems skrydžiams.

(nuo rugpjūčio 23/24 d. iki rugsėjo 23/24 d.)

Ryte būsite nepralenkiami ir neįveikiami, kai jus apims azartas ir noras išlošti aukso puodą ar kažką panašaus. Įsitikinkite, kad netrypiate tokiu būdu tų, kurie žemiau jūsų. Per dieną išvengę karingų emocijų ir išmokę ar sužinoję kažką svarbaus, pažvelkite atidžiau vakare į savo namus. Ką galite juose pakeisti, pagražinti ar kaip juos paįvairinti?

Svarstyklės (nuo rugsėjo 23/24 d. iki spalio 23/24 d.)

Ryte pasistenkite išvengti audrų stiklinėje, ypač, susijusių su jūsų privačiu gyvenimu. Vienas neatsargus žodis ar veiksmas ir jūsų ramybė bus sudrumsta. Juo labiau, kad yra ką veikti, pavyzdžiui, susikaupus užsidirbti ar pamąstyti apie uždarbį. Be to, diena puiki stebinančioms pažintims užmegzti ar idėjomis su esamais partneriais pasidalinti.

Skorpionas (nuo spalio 23/24 d. iki lapkričio 22/23 d.)

Rytas bus užpildytas garsaus, bet nebūtinai gausaus bendravimo. O kelyje reikalingas papildomas atsargumas ar apsauga nuo nenumatytų kliūčių. Tačiau nerimauti nėra priežasčių, nes viskas jūsų rankose, jei tinkamai susitelksite ir tikslingai kalbėsite. Be to, turėsite kuo nustebinti kolegas, o jie – jus. Vakare vaikai ar mylimas žmogus jums leis suabejoti tuo, ką darote.

Šaulys (nuo lapkričio 22/23 d. iki gruodžio 22/23 d.)

Dienos pradžioje impulsyvus elgesys gali pakenkti jūsų finansinei padėčiai. Kas geriau, ar užsitarnauti pernelyg taupaus žmogaus reputaciją, ar išbarstyti tai, kas sukaupta? O jei popietę ne visi jus girdės ir supras – ne bėda. Jūs vis tiek jausitės teisūs ir neklysite. Ypač tada, kai reikės neįprastų būdų jausmams išreikšti. O jei kažkas namuose jumis netikės – nebandykite jų nuomonės pakeisti.

Ožiaragis (nuo gruodžio 22/23 d. iki sausio 20/21 d.)

Šį rytą savo energijos pertekliumi nušluosite visus, kurie bus tam nepasiruošę. Po pietų draugų prašymus padėti supraskite kaip galimybę jums, bet ne prievolę. O permainos namuose gali versti jus atsitraukti, ne dėl to, kad jos jums nepatiks, o dėl to, kad nežinosite, kokį vaidmenį šiame spektaklyje pasirinkti jums. Jei reikės rinktis, daugiau dirbkite, nei kalbėkite.

Vandenis (nuo sausio 20/21 d. iki vasario 19/20 d.)

Nusivylimą šį rytą jums gali pasiūlyti bet kas, nes jūs sutiksite su bet kuo, kad tik galėtumėte dar giliau paliūdėti ar dar labiau papykti ant kažko šiame jums nesvetingame pasaulyje. Tačiau greit suprasite, kad tai netiesa. Kad ir dirbti malonu, ir su kolegomis problemas aptarti smagu, ir su draugais bendraudami nesiliaujate viskuo stebėtis.

Žuvys (nuo vasario 19/20 d. iki kovo 20/21 d.)

Jei nesusitelksite į savo tikslus ir kitų nesutelksite, veikla kolektyve šį rytą jums bus nelengva užduotis. Panaudoję žinias ir iš toli gautą informaciją vėliau sėkmingai įvykdysite viską, kas sumanyta. Tiesa, darbas jums bus ir paguoda, ir galvos skausmas. Geroji žinia ta, kad kažkas jums pakuždės pasiūlymų, kaip originaliai užsidirbti, jei per savo išsiblaškymą šitų perlų neišbarstysite.

Horoskopą sudarė astrologė Vaida Budginaitė.","Štai ir įpusėjo paskutinioji lapkričio savaitė. Siūlome paskaityti, ką šiandien žada žvaigždės.",mal,15min,15Min,fake news,8c3c1090-f835-4054-bb70-87df49e00c83,article,MassiveSum
https://www.madhyamam.com/local-news/thrissur/2018/apr/24/472746,,അനുശോചനം | Madhyamam,,"അന്നമനട: വെൽഫെയർ പാർട്ടി അന്നമനട പഞ്ചായത്ത് കമ്മിറ്റി ജസ്റ്റിസ് രവീന്ദ്ര സച്ചാറി​െൻറ വേർപാടിൽ അനുശോചിച്ചു. സഫർ മേത്തർ, സത്താർ അയ്യാരിൽ, ശിവദാസൻ മേലഡൂർ, എ.ഐ. അബ്ബാസ് എന്നിവർ സംസാരിച്ചു.","അന്നമനട: വെൽഫെയർ പാർട്ടി അന്നമനട പഞ്ചായത്ത് കമ്മിറ്റി ജസ്റ്റിസ് രവീന്ദ്ര സച്ചാറി​െൻറ വേർപാടിൽ അനുശോചിച്ചു. സഫർ മേത്തർ, സത്താർ അയ്യാരിൽ, ശിവദാസൻ മേലഡൂർ, എ.ഐ. അബ്ബാസ് എന്നിവർ സംസാരിച്ചു.",mal,madhyamam,Madhyamam,fake news,bb7e6825-ddc7-4fd3-b2a6-13900883b6cc,article,MassiveSum
https://www.madhyamam.com/india/governor-malik-skips-official-function-martyrs-graveyard-srinagar-india-news/623954,,ദേ​ാ​ഗ്ര രക്തസാക്ഷി അനുസ്​മരണത്തിൽനിന്ന്​ ഗവർണർ വിട്ടുനിന്നു,,"ശ്രീനഗർ: 1931ൽ ജമ്മു-കശ്​മീരി​െല ദോഗ്ര രാജാവായിരുന്ന മാഹാരാജ ഹരി സിങ്ങി​​െൻറ ഉത്തരവനുസരിച്ചുള്ള വെടിവെപ്പിൽ കൊല്ലപ്പെട്ട രക്തസാക്ഷികളുടെ അനുസ്​മരണ പരിപാടിയിൽ ഗവർണർ സത്യപാൽ മലിക്​ പ​െങ്കടുത്തില്ല. ചടങ്ങിൽ ഇദ്ദേഹത്തിന്​ പകരം ഉപദേഷ്​ടാവായ ഖുർഷിദ്​ അഹ്​മദ്​ ഗനായ് ആണ്​ ആദരാഞ്​ജലിയർപ്പിച്ചത്​. മലികി​​െൻറ മുൻഗാമിയായിരുന്ന ഗവർണർ എൻ.എൻ. വോറയും കഴിഞ്ഞവർ​ഷത്തെ ചടങ്ങിൽനിന്ന്​ വിട്ടുനിന്നിരുന്നു.

ഹരി സിങ്ങി​​െൻറ ഏകാധിപത്യ ഭരണത്തിനെതിരെ പേരാടിയവരെയാണ്​ രാജാവി​​െൻറ ഉത്തരവ്​ പ്രകാരം കൂട്ടക്കൊല ചെയ്​തത്​. ഇതി​ൽ 22 പേരെ ഖബറടക്കിയ സ്ഥലത്തായിരുന്നു​ അനുസ്​മരണ ചടങ്ങ്​​. നാഷനൽ കോൺ​ഫറൻസ്​ പ്രസിഡൻറ്​ ഫാറൂഖ്​ അബ്​ദുല്ല, മുതിർന്ന പി.ഡി.പി നേതാവ്​ എ.ആർ. വീരി, കോൺഗ്രസ്​ നേതാവ്​ പീർസാദ സെയ്​ദ്​ തുടങ്ങിയ പ്രമുഖ രാഷ്​ട്രീയ നേതാക്കൾ പ​െങ്കടുത്തു. വീട്ടുതടങ്കലിലായതിനാൽ ഹുർറിയത്​ കോൺഫറൻസ്​ ചെയർമാൻ മിർവാഈസ്​ ഉമർ ഫാറൂഖ്​​ എത്തിയില്ല.",ശ്രീനഗർ: 1931ൽ ജമ്മു-കശ്​മീരി​െല ദോഗ്ര രാജാവായിരുന്ന മാഹാരാജ ഹരി സിങ്ങി​​െൻറ ഉത്തരവനുസരിച്ചുള്ള വെടിവെപ്പിൽ   കൊല്ലപ്പെട്ട രക്തസാക്ഷികളുടെ അനുസ്​മരണ പരിപാടിയിൽ ഗവർണർ സത്യപാൽ മലിക്​...,mal,madhyamam,Madhyamam,fake news,d2e880c5-3e97-478d-9444-66cfa10d32a1,article,MassiveSum
https://nra.lv/latvija/127447-sandra-kalniete-aboltina-bija-gatava-nolikt-pilnvaras-un-iet-majas-cept-kotletes.htm,https://nra.lv/latvija/127447-sandra-kalniete-aboltina-bija-gatava-nolikt-pilnvaras-un-iet-majas-cept-kotletes.htm,Sandra Kalniete: Āboltiņa bija gatava nolikt pilnvaras un iet mājās cept kotletes,,"Intervija ar Eiropas Parlamenta Tautas partijas grupas deputāti, partijas Vienotība domes priekšsēdētāju Sandru Kalnieti.

Intervija ar Eiropas Parlamenta Tautas partijas grupas deputāti, partijas Vienotība domes priekšsēdētāju Sandru Kalnieti.

– Jūs nupat esat atgriezusies no Ukrainas. Kāda situācija tur šobrīd valda?

– Ukrainā biju Eiropas Tautas partijas grupas uzdevumā un kopā ar Eiropas Parlamenta delegāciju tikos ar politiķiem, Ukrainas valdības un nevalstisko organizāciju pārstāvjiem. Apmeklēju arī bēgļu nometnes, kur izvietotas no Ukrainas austrumu reģioniem pagaidu pārvietotās personas.

Protams, mūsu sarunu centrā bija gāzes apgādes jautājumi, jo Eiropu interesē, lai tiktu nodrošinātas nepārtrauktas Krievijas gāzes piegādes caur Ukrainu. Ukrainas pašas izdzīvošanai ziemā gan ir svarīgākas antracīta ogļu piegādes. Tas tiešām ir ļoti sāpīgs jautājums, jo ogļu ieguve Donbasā ir pilnībā izpostīta, un pat tās ogles, kas tur bija krājumos, tiek izvestas uz Krieviju. Ukraina ir spiesta iepirkt ogles no Dienvidāfrikas un ... Jūs neticēsiet – no Krievijas. Respektīvi – krievi ogles izved un pārdod ukraiņiem atpakaļ.

Eiropā šobrīd nepietiekami izprot Ukrainai draudošo humanitāro katastrofu, kas saistās ar tā dēvētajām pārvietotajām personām. Pašlaik no Ukrainas austrumus pametušajiem bēgļiem 400 000 uzturas Ukrainā. Par šiem cilvēkiem īpaši netiek domāts – lai arī it kā izveidota valdības aģentūra, tā faktiski nedarbojas. Nav pieņemti virkne likumdošanas aktu, kas ļautu humanitārajai palīdzībai piemērot atvieglotu nodokļu politiku, muitas un citas procedūras. Visbeidzot – valstī vēl nav noteikts pārvietotās personas statuss, un līdz ar to cilvēki, kas ir bēguši no savām mājām bez dokumentiem, nevar saņemt pensijas, pabalstus, nevar iekārtoties darbā. Šajā jomā valda pilnīgs haoss. Eiropas Komisijas prezidents Žozē Manuels Barrozu ir uzrakstījis vēstuli Ukrainas prezidentam Petro Porošenko ar lūgumu atrisināt šo situāciju gan normatīvā līmenī, gan arī atbilstoši kontrolēt ES piešķirto līdzekļu – kopumā 24 miljonu eiro – izlietojumu, jo tie bija piešķirti Donbasa atbrīvoto rajonu iedzīvotāju izmitināšanai.

Man vislielāko iespaidu radīja tikšanās ar nevalstisko palīdzības organizāciju pārstāvjiem, jo viņi dara milzīgu darbu – jau ir atrastas mājvietas ap 300 000 bēgļu. Lai gan tiek lēsts, ka palīdzība būs vajadzīga aptuveni miljonam cilvēku. Tikai birokrātiskie šķēršļi un no padomju laikiem mantotā pieraksta sistēma šīm organizācijām traucē strādāt. Valdības iesaiste un palīdzība arī gan ir stipri negribīga.

– Tāpēc, ka, atzīstot pārvietoto personu statusu, tiek atzīts arī, ka ir okupētās teritorijas un Ukraina nav vienota. Otrkārt, ir tāds psiholoģisks aizvainojums daudzos ukraiņos pret bēgļiem – redz, mēs tur karojam un mūsu puiši krīt par savu valsti, bet jūs bēgat, necīnoties par savu zemi.

Es tomēr gribu cerēt, ka pēc parlamenta vēlēšanām politiskā griba mainīsies un bēgļu jautājums tiks kārtots. Barrozu vēstulei jau bija ietekme, jo Sociālo lietu ministrija jau sāka gatavot normatīvos aktus bēgļu reģistrācijai.

Ukrainā, valdībā, tomēr saprot, ka Eiropa ir viņu vienīgais glābiņš.

– Jums ir izveidojusies pārliecība, ka, neraugoties uz objektīvām un subjektīvām grūtībām, Ukraina ir spējīga iet pa eiropeiskas attīstības ceļu?

– Jā, es domāju, ka ir spējīga. Pirmkārt, tas būtu atkarīgs no rīcībspējīgas koalīcijas izveides pēc vēlēšanām. 30% vēlētāju atbalsta Porošenko bloku, nākamais lielākais atbalsts ir Jaceņuka partijai Tautas fronte, un pēc tam nāk Jūlijas Timošenko Batkivščina (Tēvzeme). Es sapratu no sarunām ar Jaceņuku, Timošenko un citiem politiķiem, ka šie varētu būt koalīcijas pamatkodols, kas virzīs Ukrainu eiropeisku reformu virzienā.

Otrkārt, Ukrainā ir nesamērojami pieaudzis patriotisms. Pat austrumu reģionos. Un pētījumi parāda, ka ukraiņi, īpaši rietumos un centrālajos reģionos, ir gatavi pieciest aukstumu, siltā ūdens trūkumu, citas saimnieciskas un praktiskas neērtības, ja tas ir Ukrainas nākotnes vārdā. Es gan saviem ukraiņu kolēģiem teicu, ka šī pacietība ilgs divus trīs gadus. Ne ilgāk.

Es jums nevaru atbildēt, vai Ukrainas iedzīvotāji to spēs. Bet iespaids, tiekoties ar cilvēkiem, ir tāds, ka viņi ir gatavi eiropeiskai attīstībai. Jautājums gan, kā viņi saprot atšķirības starp attīstību Rietumu un Austrumu virzienā – ne jau tikai elitei būs jāmaina vērtības un izturēšanās veids. Jāmainās būs visai sabiedrībai.

– Jūsuprāt, ukraiņi valsts rietumu un austrumu daļā būs spējīgi pārvarēt savstarpējo aizvainojumu?

– Tas pat nav aizvainojums, tās ir sāpes. Visur, kur tikuši nošauti cilvēki, visur ir piemiņas vietas.

Bet es domāju, ka atmiņa nezudīs, taču sadzīvošanas veids tiks atrasts. Dvēseļu pamiers un izlīgums prasīs lielu laiku, un tas arī būs ļoti individuāls – tie, kam būs gājuši bojā tēvi, brāļi un vīri, to neaizmirsīs nekad.

Taču svarīgs izlīguma faktors – vai te, šaipus demarkācijas līnijai, dzīve ies uz augšu. Pamats tam ir – lai gan Krievija aiztaisīja tirgu Ukrainas lauksaimniecības precēm un to eksports uz Krieviju kritās par 24%, taču tieši par tādu pašu apjomu ir palielinājies eksports uz Eiropas Savienības valstīm. Un ES līdz 2015. gada 31. decembrim pagarinās vienpusējo tirgus atvēršanu Ukrainas precēm asociācijas līguma ietvaros.

– ES Krievijas sankciju politika, jūsuprāt, ir efektīva? Jādarbojas to pastiprināšanas virzienā, lai vājinātu Krievijas agresīvos nolūkus Ukrainā?

– ES savu ārpolitiku maina ļoti lēni, jo tā ir 28 valstu politika. Tas daļēji izskaidro lēno sankciju politikas pieņemšanu. Mūsu, Baltijas valstu brīdinājumi, pēc Gruzijas kara par Krievijas un Putina politikas bīstamību netika ņemti vērā.

Tagad pamošanās ir notikusi, un Eiropas Komisijā tiek strādāts pie tā, lai mazinātu Eiropas atkarību no Krievijas. Protams, Krievija ir strādājusi divpusēji ar ES dalībvalstīm, padarot tās enerģētiski vai tirgus atkarīgas. Tām ir ļoti grūti kompensēt sankciju sekas, kā to redzam arī Latvijā. Katrā valstī ir uzņēmēju un citi slāņi, kas mēģina teikt – pieveram acis uz Ukrainu, esam iecietīgi pret Krieviju. Bet tas jau novedīs pie nākamā konflikta. Mani gandarī, ka Vācija, daļēji Francija, arī Lielbritānija tagad to saprot – iecietība nevar būt. Kamēr Minskas vienošanās nebūs izpildītas, sankcijas netiks atceltas. Krievijai, Putinam, lieloties ar gāzes krāna aizgriešanas iespēju ir jāatceras, ka vēl nav iedarbināta sankciju tālākajā paketē esošā atslēgšana no SWIFT sistēmas un lielo enerģētikas uzņēmumu bloķēšana. Bet tas var būt katastrofāli Krievijas ekonomikai, kas ir atkarīga no dabas resursu pārdošanas.

– Vai lielās ES dalībvalstis saprot arī to, ka Latvija, Baltijas valstis nevar pašas atbrīvoties no enerģētiskās atkarības no Krievijas? Ka tam ir nepieciešami tādi finanšu resursi, kādu mūsu rīcībā nav? Vai viņi ir gatavi palīdzēt?

– Jā, to saprot. Enerģētikas infrastruktūrā tiek pārdislocēti investīciju virzieni – tagad tie ir Eiropas ziemeļaustrumi un dienvidaustrumi, jo tie ir virzieni, kas ir nepietiekami saistīti ar Eiropas kopējo enerģētikas infrastruktūru. Bet sapratni vienmēr ir vieglāk atrast nekā naudu. Attiecības ar Krieviju ir atstājušas iespaidu uz kopējo Eiropas ekonomiku. Ja tāpēc sāktu bremzēt arī Vācijas ekonomika, tad Eiropa ir gan stagnācijas, gan, nedod dievs, arī jaunas recesijas priekšvakarā.

– Parunāsim par Latviju. Pēc vēlēšanām Vienotība ir nonākusi neapskaužamā situācijā – partija veido valdību, bet tajā pašā izveidojusies konfliktsituācija starp diviem grupējumiem, kas cīnās par varu partijā. Kā jūs vērtējat šos notikumus?

– Nekad nebeigšu brīnīties, kā gluži normālu situāciju partijā mediji var atspoguļot teju kā kataklizmu. Ja laikā, kad Vienotība veidojās no trim partijām, mēs spējām palikt vienoti, tad tagad, pēc tik grūtiem attīstības posmiem, nav ne mazāko šaubu, ka mēs paliksim vienoti. Spriedzi un virmošanu, protams, rada valdības veidošana un tas, ka politiķiem ir sapņi par savu nākotni. Un dažiem politiķiem tie ir līdzīgi. Arī Nacionālajā apvienībā un ZZS.

Bažām par Vienotības nākotni es neredzu pamatu. Vienīgā neskaidrā situācija saistās ar to, ka Solvita Āboltiņa nav ievēlēta parlamentā. Bet tas nenozīmē, ka partija ir bez vadības. Jo partijas valde ir lūgusi Solvitu Āboltiņu pēc vēlēšanām palikt amatā līdz partijas kongresam un piedalīties valdības veidošanas procesā. Viņa tiešām bija gatava nolikt savas pilnvaras un iet mājās cept kotletes, kā viņa partijas valdei teica. Bet Āboltiņai ir gan pieredze, gan iemaņas valdības veidošanas procesā rast kompromisus un saskaņot intereses, tāpēc valde neuzskatīja, ka viņai jāiet prom.

– Jūs uzskatāt, ka partijas vadībā var palikt cilvēks, kam nav formālas saites ne ar Saeimu, ne valdību? Vai atbalstāt to, ka tiek spiests viens vai otrs, vai trešais likt nost mandātu, lai Āboltiņai būtu vieta parlamentā?

– Partijas vadības izvēle ir kongresa rokās. Neņemos spriest, kas notiks Saeimā. Tagad pirmais uzdevums ir izveidot rīcībspējīgu valdību, un tas ir Laimdotas Straujumas un Solvitas Āboltiņas rokās. Pārējais viss nāks pēc tam. Es domāju, ka cilvēks, kas bauda partijas biedru uzticību, var vadīt partiju, arī nebūdams ievēlēts Saeimā.

– Kā jūs vērtējat Dzintara Zaķa balsu pirkšanas skandālu?

– Katrā ziņā tas, kas ap šo skandālu ir savērpies, met neglītu ēnu uz Vienotību, uz tās biedriem, tajā skaitā mani. Un man tas nepatīk. Jo mēs vairākkārt esam piedzīvojuši neskaidras situācijas saistībā ar Dzintaru Zaķi, un, lai gan viņš ir ļoti pieredzējis politiķis sadarbībā ar citām frakcijām, tomēr viņam nepiemīt spēja kritiski novērtēt situācijas, kuras viņš rada. Tas ir slikti. Jo politiķim jādomā ne tikai par likuma burtu, bet arī par to, kā viņa rīcība rezonē sabiedrībā, kā to novērtē. Viņš jau it kā nepārkāpa likumu, pērkot automašīnu, viņš jau nepārkāpa likumu dīvainajā braucienā uz Gruziju, arī dīvainos balsojumos parlamentā ne. Bet savu rīcību sekas uz partiju viņš acīmredzami nenovērtē, un man tas nav pieņemami. Es nevēlos, lai mēs visi nestu šo ēnu.

– Jūs pieminējāt sarežģīto Vienotības tapšanu no trim partijām. Bet vai sevi ir attaisnojusi Reformu partijas bijušo biedru pievienošanās? Tā dēvēto olšteiniešu individuālā kampaņa vēlēšanās, piemēram, izstūmusi pieredzējušus Vienotības biedrus no Saeimas.

– Olšteina sešnieks vispār ir dīvains veidojums. Un tā deputāti vēlēšanās ar savām kampaņām ir ne tikai metuši ēnu uz Vienotību, bet apdraudējuši partiju. Par to jau spriedīs kompetentas iestādes, un partija šim lēmumam pakļausies. Bet mums tomēr bija gan iekšējas vienošanās, ka individuālu kampaņu nevar būt, ar Vienotību sadarbojās vēlēšanu kampaņas niansēs kompetents jurists, kas ļoti precīzi mums izklāstīja likumu nianses, lai partija nenonāktu ar tām pretrunā. Mēs nekādā gadījumā nevēlējāmies pieļaut, lai kāds no deputātiem ar individuālo kampaņu pārkāpj kopējā finansējuma apjomu, jo tas partijai izraisa smagas sekas. Bet viņi ir tā rīkojušies – pārkāpuši ne tikai iekšējās partijas vienošanās, bet arī radījuši nopietnas nepatikšanas partijai. Viņi it kā valdei atvainojās. Bet turpmāk viņiem jāsaprot, ka nevar darīt tā, kā ienāk prātā, saskaņā ar savu maziņo plāniņu.

– Kā jūs vērtējat ES komisāra Andra Piebalga izredzes Latvijas politikā nākotnē?

– Tas, pirmkārt, jāprasa viņam pašam. Es domāju, ka šobrīd viņš rīkojies pareizi, uzreiz neiesaistoties un nemeklējot amatu. Jo viņš astoņus gadus ir bijis ārpus Latvijas politikas un Latvijas realitātes. Viņam vajadzīgs pārejas laiks. Bet, ka viņš būtu potenciāli ļoti piemērots Ministru prezidenta amatam, kurš gan to noliegtu. Piebalgam ir tāda līmeņa izpildvaras darba pieredze, kāda nevienam citam Latvijā nav. Viņš ir attīstījis labus sakarus ar citu valstu vadītājiem, būdams komisārs, un tas arī ir liels pluss – iespēja pacelt klausuli un piezvanīt jebkuras valsts vadītājam. Savulaik Vaira VīķeFreiberga bija izcila šajā jomā – attīstot personīgo starptautisku kontaktu tīklu augstu valsts amatpersonu vidū. Protams, Andrim [Piebalgam] ir gan vieta, gan pienākums kalpot Latvijai.

– Nupat par izstāšanos no eiroskeptiskās Brīvības un tiešās demokrātijas Eiropas grupas Eiropas Parlamentā paziņojusi Latvijas deputāte Iveta Grigule ( ZZS). Vai jūsu pārstāvētā EP Tautas partijas grupa viņu varētu ņemt savā paspārnē?

– Pēc Eiropas Parlamenta vēlēšanām man bija saruna ar Zaļo un zemnieku savienības vadību, par to, ka viņiem pašiem ir jāizlemj, pie kuras no Eiropas politiskajām ģimenēm tā vēlas piederēt. ZZS ļāva Grigulei rīkoties autonomi un pieņemt absolūti zaļzemniekus kompromitējošu lēmumu. Jo, lai gan viņa iestājās Naidžela Faridža vadītajā grupā individuāli, tomēr varēja uzskatīt, ka ZZS ir labēji radikāla partija, ja to vērtētu pēc Grigules izdarībām Eiropas Parlamentā. Vienīgais, kas mūs glāba, bija tas, ka to mazo eiroskeptiķu grupiņu īpaši neņēma vērā.

Tas, ka Grigule izstājās no šīs grupas, ir labi. Es ceru, ka tas bija arī partijas ieteikums viņai – izstāties, lai nekompromitētu savu politisko spēku ar darbību EP grupā, kuras līderis Naidžels Faridžs ir atklāts Putina aizstāvis EP.

Es šaubos, ka mēs, Latvijas pārstāvji EP Tautas partijas grupā, varētu piekrist Grigules uzņemšanai savā grupā pēc viņas ekskursijas pa parlamentu pie antieiropeiskas, daļēji rasistiskas un proputiniskas partijas. Tas ir būtisks traips Grigules politiskajā biogrāfijā, kas varbūt daļai Latvijas vēlētāju šķiet mazsvarīgi, bet man tas šķiet ļoti svarīgi.","Intervija ar Eiropas Parlamenta Tautas partijas grupas deputāti, partijas Vienotība domes priekšsēdētāju Sandru Kalnieti.",mal,nra,NRA,fake news,b137a2a6-bc1a-4f64-8edf-f60575869a38,article,MassiveSum
https://www.madhyamam.com/local-news/malappuram/2018/may/10/482337,,കാലിക്കറ്റ്​ യൂനിവേഴ്​സിറ്റിയിൽ സിവില്‍ സർവിസ് അക്കാദമി പരിഗണനയില്‍ ^വി.സി,,"കാലിക്കറ്റ് യൂനിവേഴ്സിറ്റിയിൽ സിവില്‍ സർവിസ് അക്കാദമി പരിഗണനയില്‍ -വി.സി തേഞ്ഞിപ്പലം: കാലിക്കറ്റ് സര്‍വകലാശാല കാമ്പസില്‍ സിവില്‍ സർവിസ് അക്കാദമി സ്ഥാപിക്കുന്നത് പരിഗണനയിലാണെന്ന് വൈസ് ചാന്‍സലര്‍ ഡോ. കെ. മുഹമ്മദ് ബഷീര്‍. എസ്.എസ്.എല്‍.സി, പ്ലസ്ടു കഴിഞ്ഞവർക്ക് ഉപരിപഠന, തൊഴില്‍ സാധ്യതകളെക്കുറിച്ച് സര്‍വകലാശാല എംപ്ലോയ്‌മ​െൻറ് ഇന്‍ഫര്‍മേഷന്‍ ആൻഡ് ഗൈഡന്‍സ് ബ്യൂറോ സംഘടിപ്പിച്ച സെമിനാര്‍ ഉദ്ഘാടനം ചെയ്യുകയായിരുന്നു അദ്ദേഹം. സിവില്‍ സർവിസ് പരീക്ഷയിലെ ജേതാക്കള്‍ക്ക് സ്വീകരണം നല്‍കും. സിവില്‍ സർവിസ് ലക്ഷ്യമാക്കുന്നവര്‍ക്ക് ജേതാക്കളുടെ അനുഭവ വിവരണം ലക്ഷ്യമാക്കി സെമിനാര്‍ സംഘടിപ്പിക്കുമെന്നും വി.സി അറിയിച്ചു. മേഖല എംപ്ലോയ്‌മ​െൻറ് ഡെപ്യൂട്ടി ഡയറക്ടര്‍ മോഹന്‍ ലൂക്കോസ് അധ്യക്ഷത വഹിച്ചു. സര്‍വകലാശാല പബ്ലിക് റിലേഷന്‍സ് ഓഫിസര്‍ എം.വി. സക്കറിയ ക്ലാസ് നയിച്ചു. എംപ്ലോയ്‌മ​െൻറ് ബ്യൂറോ ഡെപ്യൂട്ടി ചീഫ് എന്‍.വി. സമീറ, പി. ഹരിഹരന്‍, പി. കിരണ്‍കുമാര്‍, ടി. ശ്രീകേഷ് എന്നിവര്‍ പങ്കെടുത്തു.",കാലിക്കറ്റ് യൂനിവേഴ്സിറ്റിയിൽ സിവില്‍ സർവിസ് അക്കാദമി പരിഗണനയില്‍ -വി.സി തേഞ്ഞിപ്പലം: കാലിക്കറ്റ് സര്‍വകലാശാല കാമ്പസില്‍ സിവില്‍ സർവിസ് അക്കാദമി സ്ഥാപിക്കുന്നത് പരിഗണനയിലാണെന്ന് വൈസ് ചാന്‍സലര്‍,mal,madhyamam,Madhyamam,fake news,275f6129-77d2-45aa-bd24-ecec4808fb9a,article,MassiveSum
https://www.15min.lt/sportas/naujiena/futbolas/vilniaus-zalgiris-rengia-asmenukiu-akcija-24-432114,https://www.15min.lt/sportas/naujiena/futbolas/vilniaus-zalgiris-rengia-asmenukiu-akcija-24-432114,Vilniaus „Žalgiris“ rengia asmenukių akciją,,"„Kviečiame aistruolius per pirmadienio rungtynes ne tik stebėti futbolą, bet ir truputį pasilinksminti!“, – sakoma apie akciją oficialioje „Žalgirio“ svetainėje.

Sostinės komandos gerbėjams siūloma savo nuotraukas iš rungtynių su „Dainava“ talpinti „Žalgirio“ puslapyje „Facebook“ socialiniame tinkle ir taip laimėti kvietimą į vilniečių namų rungtynes Čempionų lygoje.

Pirmieji pavyzdį savo komandos aistruoliams parodė ir bendrą asmenukę pasidarė „Žalgirio“ legionieriai – kroatas Andro Švrljuga ir brazilas Andrezinho.

Asmenukių akcija – ne vienintelė, kurią „Žalgiris“ vykdys per rungtynes su Alytaus klubu. Mokslo metų pabaigos proga į stadioną nemokamai bus įleidžiami visi moksleiviai, o per mačo pertrauką vyks žaidimas, kuriame galima laimėti 1000 litų.",Vilniaus miesto futbolo draugija „Žalgiris“ ir toliau siekia privilioti žiūrovus į stadioną netradiciniais būdais. Birželio 9-ąją per rungtynes Vilniuje su Alytaus „Dainava“ visi...,mal,15min,15Min,fake news,90f10585-8906-46bc-b7ab-1821b5a56297,article,MassiveSum
https://www.madhyamam.com/sports/sports-news/cricket/india-west-indies-one-day-cricket-match-sports-news/568483,,ഇന്ത്യ- വെസ്റ്റിന്‍ഡീസ് ഏകദിനം: വിദ്യാര്‍ത്ഥികള്‍ക്കായി 2000 ടിക്കറ്റുകൂടി നീക്കിവച്ചതായി കെ.സി.എ,,"തിരുവനന്തപുരം: ഇന്ത്യ- വെസ്റ്റിന്‍ഡീസ് ഏകദിന മത്സരത്തിന്റെ വിദ്യാര്‍ത്ഥികായി 2000 സീറ്റുകള്‍കൂടി നീക്കിവച്ചതായി കെ.സി.എ അറിയിച്ചു. വിദ്യാര്‍ത്ഥികളുടെ ടിക്കറ്റിന് ക്ഷാമം നേരിടുന്നത് കണക്കിലെടുത്താണ് തീരുമാനം. അപ്പര്‍ ടയറിലെ ടിക്കറ്റുകളാണ് വിദ്യാര്‍ത്ഥികള്‍ക്കായി മാറ്റിവച്ചിരിക്കുന്നത്. 500രൂപയാണ് വിദ്യാര്‍ത്ഥികളുടെ ടിക്കറ്റിന്റെ വില. ഈസ്റ്റ് ബ്ലോക്കിലെ അപ്പർ ടയർ എഫിലാണ് വിദ്യാർത്ഥികൾക്കായി കൂടുതൽ ടിക്കറ്റുകൾ ലഭ്യമാക്കിയിരിക്കുന്നത്.

പേടിഎം, ഇന്‍സൈഡര്‍ എന്നീ ഓണ്‍ലൈന്‍ സൈറ്റുകള്‍ക്ക് പുറമെ , സംസ്ഥാനത്തെ 2700, അക്ഷയ ഇകേന്ദ്രങ്ങള്‍ വഴിയും ടിക്കറ്റ് വില്‍പ്പന ആരംഭിച്ചിട്ടുണ്ട്. പണം നല്‍കിയാല്‍ അക്ഷയ കേന്ദ്രങ്ങളില്‍ നിന്നും ഓണ്‍ലൈന്‍ ടിക്കറ്റുകള്‍ ബുക്ക് ചെയ്ത് നല്‍കും.

ടിക്കറ്റ് വില്‍പ്പന ഓണ്‍ലൈനിലൂടെ മാത്രമേ ഉള്ളൂവെന്ന് കേരള ക്രിക്കറ്റ് അസോസിയേഷന്‍ അറിയിച്ചു. മുന്‍ വര്‍ഷങ്ങളിലേത് പോലെ ടിക്കറ്റുകള്‍ കൗണ്ടര്‍ വഴി വില്‍പ്പന ഉണ്ടായിരിക്കുന്നതല്ല. www.paytm.com, www.insider.in എന്നീ വെബ്ബ് സൈറ്റുകള്‍ വഴി മാത്രമേ ടിക്കറ്റ് വില്‍പ്പനയുള്ളൂ. ഈ സൈറ്റുകളിലേക്കുള്ള ലിങ്ക് കേരള ക്രിക്കറ്റ് അസോസിയേഷന്റെ സൈറ്റില്‍ ലഭ്യമാണ്. 1000 (അപ്പര്‍ ടയര്‍), 2000( ലോവര്‍ ടയര്‍ ചെയര്‍), 3000 (സ്പെഷ്യല്‍ ചെയര്‍) എിങ്ങനെയാണ് ടിക്കറ്റ് നിരക്കുകള്‍. ടിക്കറ്റുകള്‍ പേടിഎം വഴിയും insider.in വഴിയും (www.paytm.com, www.insider.in) മാത്രമേ വാങ്ങാന്‍ സാധിക്കുകയുള്ളൂ. സ്റ്റേഡിയത്തിനകത്തേക്ക് പ്രവേശിക്കാന്‍ ഡിജിറ്റല്‍ടിക്കറ്റുകളോ, പ്രിന്റ് ഔ'ുകളോ ഉപയോഗിക്കാം. ഓലൈന്‍ ലിങ്ക് കെസിഎ വെബ്ബ്സൈറ്റിലും ലഭ്യമാണ്. പേടിഎം വഴി 2 ടിക്കറ്റ് വാങ്ങുവര്‍ക്ക് 150 രൂപയുടെ സിനിമാ ടിക്കറ്റിനുള്ള വൗച്ചര്‍ ലഭിക്കും.

സ്റ്റേഡിയത്തിന് അകത്ത് പ്രവേശിക്കാന്‍ ടിക്കറ്റിന് പുറമെ പ്രൈമറി ടിക്കറ്റ് ഹോള്‍ഡറുടെ തിരിച്ചറിയല്‍ തിരിച്ചറിയല്‍ രേഖ നിര്‍ബന്ധമാണ്. ഒരാള്‍ക്ക് ഒരു യൂസര്‍ഐഡിയില്‍ നിന്നും പരമാവധി 6 ടിക്കറ്റ് മാത്രമേ ബുക്ക് ചെയ്യാന്‍ സാധിക്കുകയുള്ളൂ. ഒരു ഐഡിയില്‍ നിന്നും ഒരു തവണ മാത്രമേ ബുക്ക് ചെയ്യാന്‍ സാധിക്കുകയുള്ളൂ. രാവിലെ 10.30 മുതലാണ് സ്റ്റേഡിയത്തിലേക്കുള്ള പ്രവേശനം തുടങ്ങുക.",തിരുവനന്തപുരം: ഇന്ത്യ- വെസ്റ്റിന്‍ഡീസ് ഏകദിന മത്സരത്തിന്റെ വിദ്യാര്‍ത്ഥികായി 2000 സീറ്റുകള്‍കൂടി നീക്കിവച്ചതായി കെ.സി.എ അറിയിച്ചു. വിദ്യാര്‍ത്ഥികളുടെ ടിക്കറ്റിന് ക്ഷാമം നേരിടുന്നത്,mal,madhyamam,Madhyamam,fake news,cf70f037-0cb3-4db4-b0ca-7fca28e511cc,article,MassiveSum
https://www.madhyamam.com/local-news/kannur/2018/mar/08/442499,,പാമ്പൻ മാധവൻ അനുസ്മരണം,,"ശ്രീകണ്ഠപുരം: മലപ്പട്ടം മുനമ്പ് പാമ്പൻ മാധവൻ സ്മാരക വായനശാലയിൽ പാമ്പൻ മാധവൻ അനുസ്മരണം നടത്തി. പി.പി. ഭാസ്‌കരൻ അധ്യക്ഷതവഹിച്ചു. 'വർത്തമാന രാഷ്ട്രീയം' എന്ന വിഷയത്തിൽ സീനിയർ ഗവ. പ്ലീഡർ കെ.വി. ശ്രീകുമാർ ക്ലാസെടുത്തു. കെ. ചന്ദ്രൻ, സി. സന്തോഷ് എന്നിവർ സംസാരിച്ചു. കളിയാട്ട മഹോത്സവം ശ്രീകണ്ഠപുരം: നിടിയേങ്ങ ചുകന്നമ്മ ഭഗവതി ക്ഷേത്രം കളിയാട്ട മഹോത്സവം വെള്ളി, ശനി, ഞായർ ദിവസങ്ങളിൽ നടക്കും. വെള്ളിയാഴ്ച വൈകുന്നേരം അഞ്ചിന് കലവറനിറക്കൽ ഘോഷയാത്ര, ശനിയാഴ്ച രാത്രി ഒമ്പതിന് കാഴ്ചവരവ്, ഞായറാഴ്ച പുലർച്ചെ പുറംകാലൻ, പുള്ളൂർ കണ്ണൻ, ചുകന്നമ്മ ഭഗവതി തെയ്യങ്ങളുടെ പുറപ്പാട് എന്നിവ നടക്കും.",ശ്രീകണ്ഠപുരം:  മലപ്പട്ടം മുനമ്പ് പാമ്പൻ മാധവൻ സ്മാരക വായനശാലയിൽ പാമ്പൻ മാധവൻ  അനുസ്മരണം നടത്തി. പി.പി. ഭാസ്‌കരൻ അധ്യക്ഷതവഹിച്ചു. 'വർത്തമാന രാഷ്ട്രീയം' എന്ന വിഷയത്തിൽ സീനിയർ ഗവ. പ്ലീഡർ കെ.വി....,mal,madhyamam,Madhyamam,fake news,2bdf783d-019c-438d-baab-7c103004a00e,article,MassiveSum
https://www.dengiamerika.com/a/4394053.html,https://www.dengiamerika.com/a/4394053.html,به‌رنامه‌کانی کاژمێری دووه‌م,,هه‌واڵه‌کان، ڕاپـۆرت، وتووێژ,هه‌واڵه‌کان، ڕاپـۆرت، وتووێژ,mal,dengiamerika,Dengi Amerika,fake news,69eed938-f7bc-457f-be31-e143fbcc6cf0,article,MassiveSum
https://www.madhyamam.com/news/352536/150505,,സുരക്ഷക്ക് ഭീഷണിയായ വിദേശികളെ കാരണം കാണിക്കാതെ നാടുകടത്തും,,"??????: ???? ?????????? ?????????? ???????????? ?????????????? ????? ?????????? ???????????????? ???????? ?????????? ????????????. ?????? ??????????????????? ???????????? ?????????? ????? ?????? ????? ?????????????????. ???????? ?????? ????????????????????? ???????? ???????????????? ?????????. ?????????? ????? ???????????? ????????? ???? ??????????????????????? ????????????? ???????? ????????? ????????????. ???????? ????????? ???????? ???????? ????????? ?????????? ???????????? ??????? ?????????????? ?????? ????? ???????? ?????????? ????????????. ???????????? ?????? ???????????????? ?????????????????? ???? ??????? ??????????????????? ???????. ?????? ???????? ???? ???????????? ?????????????????? ??????? ??????????????? ???????? ??????????????? ????????????. ????????????? ?????, ?.???, ?????????????, ??????, ?????? ?????????, ??????? ????????? ?????? ?????????? ??????????????? ????????? ???????????? ????? ??????????? ???????? ????????? ????????? ??????????????.",??????: ???? ?????????? ?????????? ???????????? ?????????????? ????? ?????????? ???????????????? ???????? ?????????? ????????????. ?????? ??????????????????? ???????????? ?????????? ????? ??????...,mal,madhyamam,Madhyamam,fake news,73b006f6-3f7e-4415-9d25-d7de24addefc,article,MassiveSum
https://www.madhyamam.com/kerala/kerala-express-leak-passengers-made-wet-kerala-news/615141,,ചോർന്നൊലിച്ച്​ കേരള എക്സ്പ്രസ്; നനഞ്ഞുകുളിച്ച് യാത്രക്കാർ,,"കൊ​ച്ചി: ക​ന​ത്ത മ​ഴ​യി​ൽ ചോ​ർ​ന്നൊ​ലി​ച്ച ട്രെ​യി​നി​ൽ ന​ന​ഞ്ഞു​കു​ളി​ച്ച് യാ​ത്ര​ക്കാ​ർ. കേ​ര​ള എ​ക്സ്പ ്ര​സാ​ണ് ഞാ​യ​റാ​ഴ്ച പെ​യ്ത ശ​ക്ത​മാ​യ മ​ഴ​യി​ൽ മ​ഴ​വ​ണ്ടി​യാ​യ​ത്. ഇ​തേ​തു​ട​ർ​ന്ന് ര​ണ്ടു​മ​ണി​ക്കൂ​റോ​ ളം ട്രെ​യി​ൻ വൈ​കി. ക​മ്പാ​ർ​ട്ട്മ​െൻറു​ക​ളി​ൽ മ​ഴ​വെ​ള്ളം നി​റ​ഞ്ഞ​തോ​ടെ പ​രാ​തി​ക​ളു​മാ​യി യാ​ത്ര​ക്കാ​ ര്‍ എ​ത്തി​യെ​ങ്കി​ലും 88 കി​ലോ​മീ​റ്റ​റോ​ളം യാ​ത്ര തു​ട​ര്‍ന്ന​ശേ​ഷ​മാ​ണ് പ​രി​ഹ​രി​ക്കാ​നാ​യ​ത്. തി​രു​വ​ല്ല മു​ത​ല്‍ എ​റ​ണാ​കു​ളം നോ​ര്‍ത്ത് വ​രെ വെ​ള്ള​ത്തി​ല്‍ കു​തി​ര്‍ന്നാ​യി​രു​ന്നു കേ​ര​ള എ​ക്‌​സ്പ്ര​സി​ലെ എ.​സി കോ​ച്ചി​​െൻറ യാ​ത്ര. എ​റ​ണാ​കു​ളം നോ​ര്‍ത്ത് സ്‌​റ്റേ​ഷ​നി​ല്‍ എ​ത്തി​യ​പ്പോ​ഴാ​ണ് ട്രെ​യി​ൻ വൃ​ത്തി​യാ​ക്കി​യ​ത്.

തി​രു​വ​ല്ല​യി​ൽ​നി​ന്ന് തു​ട​ങ്ങി​യ ശ​ക്ത​മാ​യ മ​ഴ​ക്കൊ​പ്പം ത​ന്നെ ചോ​ർ​ച്ച​യും ആ​രം​ഭി​ച്ച​താ​യി യാ​ത്ര​ക്കാ​ർ പ​റ​യു​ന്നു. കോ​ട്ട​യം റെ​യി​ല്‍വേ സ്‌​റ്റേ​ഷ​ന്‍ എ​ത്തി​യ​പ്പോ​ള്‍ സ്‌​റ്റേ​ഷ​ന്‍ അ​ധി​കൃ​ത​രെ കാ​ര്യ​ങ്ങ​ള്‍ അ​റി​യി​ച്ചി​രു​ന്നെ​ങ്കി​ലും വൃ​ത്തി​യാ​ക്കാ​ന്‍ ജീ​വ​ന​ക്കാ​രി​ല്ല എ​ന്ന മ​റു​പ​ടി ല​ഭി​ച്ചു. തു​ട​ർ​ന്ന്, പു​റ​പ്പെ​ട്ട ട്രെ​യി​ൻ യാ​ത്ര​ക്കാ​രി​ല്‍ ഒ​രാ​ള്‍ ചെ​യി​ന്‍ വ​ലി​ച്ച് നി​ര്‍ത്തു​ക​യാ​യി​രു​ന്നു.

പി​ന്നീ​ട്, എ​റ​ണാ​കു​ളം നോ​ര്‍ത്ത് സ്‌​റ്റേ​ഷ​നി​ല്‍ എ​ത്തി എ​ന്‍ജി​നീ​യ​റി​ങ്​ വി​ഭാ​ഗ​വും ക്ലീ​നി​ങ് വി​ഭാ​ഗ​വും ചേ​ര്‍ന്ന് പ്ര​ശ്‌​ന​ങ്ങ​ള്‍ പ​രി​ഹ​രി​ച്ചു. ര​ണ്ട് മ​ണി​ക്കൂ​റോ​ള​മാ​ണ് സം​ഭ​വ​ത്തെ തു​ട​ര്‍ന്ന് ന​ഷ്​​ട​പ്പെ​ട്ട​ത്. മ​ഴ ന​ന​ഞ്ഞ് ട്രെ​യി​​െൻറ എ.​സി ഇ​േ​ൻ​റ​ണ​ല്‍ പൈ​പ്പി​ലെ കേ​ടു​പാ​ടാ​ണ് ചോ​ര്‍ച്ച​ക്ക്​ കാ​ര​ണ​മെ​ന്ന് റെ​യി​ല്‍വേ അ​ധി​കൃ​ത​ര്‍ വ്യ​ക്ത​മാ​ക്കി. പൈ​പ്പി​​െൻറ നി​ര്‍മാ​ണ അ​പാ​ക​ത​യാ​ണ് ചോ​ര്‍ച്ച​ക്ക്​ കാ​ര​ണം. സം​ഭ​വ​ത്തി​ല്‍ അ​ന്വേ​ഷ​ണം ആ​രം​ഭി​ച്ചി​ട്ടു​ണ്ടെ​ന്നും അ​ധി​കൃ​ത​ര്‍ പ​റ​ഞ്ഞു.",കൊ​ച്ചി: ക​ന​ത്ത മ​ഴ​യി​ൽ ചോ​ർ​ന്നൊ​ലി​ച്ച ട്രെ​യി​നി​ൽ ന​ന​ഞ്ഞു​കു​ളി​ച്ച് യാ​ത്ര​ക്കാ​ർ. കേ​ര​ള എ​ക്സ്പ   ്ര​സാ​ണ് ഞാ​യ​റാ​ഴ്ച പെ​യ്ത ശ​ക്ത​മാ​യ മ​ഴ​യി​ൽ മ​ഴ​വ​ണ്ടി​യാ​യ​ത്. ഇ​തേ​തു​ട​ർ​ന്ന്...,mal,madhyamam,Madhyamam,fake news,442b1a7f-b527-4b18-8fce-23b7d35d8dfd,article,MassiveSum
https://lao.voanews.com/a/2429289.html,https://lao.voanews.com/a/2429289.html,ຟັງບົດຮຽນພາສາອັງກິດ Where are you from? ຕອນທີສາມ,,ອ່ານແລະຟັງຂ່າວ ກ່ຽວກັບປະເທດລາວ ເອເຊຍ ອາເມຣິກາ ແລະໂລກ. ນອກນັ້ນ ວີໂອເອລາວຍັງນໍາສະເໜີລາຍງານທີ່ລົງເລິກ ກ່ຽວກັບເລື້ອງຕ່າງໆທີ່ຢູ່ໃນຂ່າວ ແລະຄວາມກ້າວໜ້າດ້ານການແພດ ສຸຂະພາບ ອະນາໄມ ເສດຖະກິດ ການກະເສດ ວິທະຍາສາດແລະເທັກໂນໂລຈີ ຕະຫລອດທັງລາຍການດົນຕີ ແລະຊີວິດຊາວລາວໃນຕ່າງແດນ.,ອ່ານແລະຟັງຂ່າວ ກ່ຽວກັບປະເທດລາວ ເອເຊຍ ອາເມຣິກາ ແລະໂລກ. ນອກນັ້ນ ວີໂອເອລາວຍັງນໍາສະເໜີລາຍງານທີ່ລົງເລິກ ກ່ຽວກັບເລື້ອງຕ່າງໆທີ່ຢູ່ໃນຂ່າວ ແລະຄວາມກ້າວໜ້າດ້ານການແພດ ສຸຂະພາບ ອະນາໄມ ເສດຖະກິດ ການກະເສດ ວິທະຍາສາດແລະເທັກໂນໂລຈີ ຕະຫລອດທັງລາຍການດົນຕີ ແລະຊີວິດຊາວລາວໃນຕ່າງແດນ.,mal,voanews,VOA News,fake news,fc7a2b10-4618-4fba-8453-222eb0577b15,article,MassiveSum
https://www.madhyamam.com/local-news/kozhikode/2017/sep/18/336869,,ഇൻറർവ്യൂ ഇന്ന്​ | Madhyamam,,കോഴിക്കോട്: മെഡിക്കൽ കോളജ് മാതൃശിശുസംരക്ഷണകേന്ദ്രത്തിൽ എച്ച്.ഡി.എസി​െൻറ കീഴിലുള്ള അനസ്േതഷ്യ ടെക്നീഷ്യൻ ഒഴിവിലേക്ക് ഒരുവർഷത്തേക്ക് ദിവസക്കൂലി അടിസ്ഥാനത്തിൽ താൽക്കാലികമായി നിയമനം നടത്തുന്നു. താൽപര്യമുള്ള ഉദ്യോഗാർഥികൾ തിങ്കളാഴ്ച രാവിലെ 11ന് െഎ.എം.സി.എച്ച് സൂപ്രണ്ട് ഒാഫിസിൽ ഇൻറർവ്യൂവിന് ഹാജരാകണം. രണ്ട് ഒഴിവുകളാണുള്ളത്.,കോഴിക്കോട്: മെഡിക്കൽ കോളജ് മാതൃശിശുസംരക്ഷണകേന്ദ്രത്തിൽ എച്ച്.ഡി.എസി​െൻറ കീഴിലുള്ള അനസ്േതഷ്യ ടെക്നീഷ്യൻ ഒഴിവിലേക്ക് ഒരുവർഷത്തേക്ക് ദിവസക്കൂലി അടിസ്ഥാനത്തിൽ താൽക്കാലികമായി നിയമനം നടത്തുന്നു....,mal,madhyamam,Madhyamam,fake news,6533f85a-fb91-4044-927c-05b3268b085a,article,MassiveSum
https://www.dengeamerika.com/a/misiri-jibp-protestokirina-polisan-derdikev-kolanan-138557044/1117418.html,https://www.dengeamerika.com/a/misiri-jibp-protestokirina-polisan-derdikev-kolanan-138557044/1117418.html,Misirî Jibo Protestokirina Polîsan Derdikevin Kolanan,,"Bizavkarên Misirî îro Pêncşemê derdikevine kolanan ku tundûtûjîya polîsan ya li maçeke futbolê protesto bikin têkçûna ku herî kêm 74 kes di encamê de li bakurê welêt miribûn û bi sedan kesên din jî birîndar bibûn.

Xwenîşandêr bi hêrs in ku gava xirabtirîn tundîya futbolê ya dîroka Misirê diqewimî, piranîya polîsan di cîhê xwe de sekînîbûn, bê ku tiştekî bikin. Hinêk xwenîşandêrên din jî bi xem û fikar in ku polîs rê daye hîn alîgiran ku bi çekên xwe têkevine stadyumê.

Tundûtujî piştî ku alîgirên tîma El Misirî ya mêvandar di dawîya lîstinê de avêtin ser qada kesk û êrîşî lîstikvan û piştevanên tîma mêvan El Ehkly kirin, qewimî.

Nûçegîhana Dengê Amerîkayê Elizabeth Arrott ragihand ku rewşeke girj û aloz li bajarê Post Said heye û leşkerên Misirî geheştinê bajêr ku rê li ber pevçûnên nû bigirin.

Li jêr çend fotoyên bûyerê hene:",Bizavkarên Misirî derdikevine kolanan ku tundûtûjîya polîsan ya li maçeke futbolê protesto bikin têkçûna ku herî kêm 74 kes hatin kuştin,mal,dengeamerika,Denge Amerika,fake news,4cfeaea4-645c-45d2-8754-aaad3a280300,article,MassiveSum
https://www.madhyamam.com/technology/technology-special/jio-fiber-services-technology/2018/jul/05/515284,https://www.madhyamam.com/technology/technology-special/jio-fiber-services-technology/2018/jul/05/515284,ഇന്ത്യക്കാരുടെ വീടിന്‍റെ അകവും പുറവും ഇനി അംബാനി നിയന്ത്രിക്കും,,"വിവരങ്ങൾ (Information) ആണ് ഇനി സമ്പത്ത് എന്നാണ് 'ഇരുമ്പ് തിരൈ' എന്ന ചിത്രത്തിൽ അർജുന്‍റെ കഥാപാത്രം ഇടക്കിടക്ക് പറയുന്നത്. ഡിജിറ്റൽവത്കരണം വലിയ പുരോഗതി കൊണ്ടുവരുമെന്ന് മേനിനടിക്കുമ്പോഴും നമ്മുടെ വ്യക്തിഗതവിവരങ്ങൾ ചോർത്തുന്ന സംഘം വലിയ സാമ്രാജ്യം കെട്ടിപ്പടുക്കുന്നത് നാം കാണാതെ പോകുകയാണ്. മുമ്പ് നമ്മുടെ വിവരങ്ങൾ ചോർത്തിയിട്ട് എന്ത് കിട്ടാനെന്ന് ചോദിച്ചവർക്ക് പോലും അതിന്‍റെ പിന്നിലെ അപകടം തിരിച്ചറിയാനായിട്ടുണ്ട്. എന്നാൽ ഒാരോരുത്തരുടെ ജീവിതം സ്മാർട്ടാകുമ്പോഴും അവർ കൂടുതൽ വൻകിട കുത്തകകളുടെ അടിമകളാകുകയാണ്. മുകേഷ് അംബാനിയുടെ ജിയോ ജിഗാ ഫൈബർ പദ്ധതി ഇത്തരത്തിൽ വിവരങ്ങൾ ചോർത്താനുള്ള വലിയ കെണിയാണെന്ന ആരോപണങ്ങൾ ഇപ്പോൾ തന്നെ ഉയർന്നിട്ടുണ്ട്​.

ജിയോ സിം എന്ന മോഹനവാഗ്ദാനം നൽകി സൗജന്യത്തിന്‍റെ പെരുമഴ പ്രഖ്യാപിച്ചാണ് അംബാനി ടെലികോം രംഗത്തെത്തുന്നത്. മറ്റ് ടെലികോം കമ്പനികൾ ഉപയോക്താക്കളെ ഊറ്റിക്കൊണ്ടിരിക്കുന്നതിനിടെയാ‍യിരുന്നു ജിയോയുടെ വരവ്. പരിധിയില്ലാത്ത ഇന്‍റർനെറ്റും ഫോൺ കോളും നൽകിയാണ് ജിയോ ജനപ്രീതി നേടിയത്. എന്നാൽ ഇത്രയും സൗജന്യം നൽകിയിട്ടും ജിയോ വിപണിയിൽ ഒന്നാമതെത്തി നിൽക്കുന്നു. മറ്റു കമ്പനികൾ ജിയോയോട് മത്സരിക്കാനാകാതെ കിതക്കുകയാണ്. ഒരർഥത്തിൽ ടെലിഫോൺ മേഖല ഇപ്പോൾ ജിയോയുടെ കൈയിലാണ്. മത്സരം ഉപേക്ഷിച്ച് ഈ കമ്പനികൾ കളമൊഴിയുന്നതോടെയാണ് ജിയോയുടെ ‍'യഥാർഥ അങ്കം' ജനങ്ങൾ കാണുക.

റിലയൻസ്​ എ.ജി.എമ്മിൽ ജിയോ ഫൈബറി​​​​​െൻറ പ്രഖ്യാപനം നടത്തുന്നു

റിലയൻസ് ഇന്‍ഡസ്ട്രീസിന്‍റെ 41–ാം എ.ജി.എം ചടങ്ങിലാണ് ഡിജിറ്റൽ ഇന്ത്യയിൽ അടുത്ത ഒരു വർഷം സംഭവിക്കാൻ പോകുന്നതെന്ന തരത്തിൽ പുതിയ പദ്ധതിയായ ജിയോ ജിഗാ ഫൈബർ പ്രഖ്യാപിച്ചത്. രാജ്യത്തെ ഓരോ വീട്ടിലും ഏതെങ്കിലും രീതിയിൽ ജിയോയുടെ സാന്നിധ്യമുണ്ടാകുമെന്ന് വ്യക്തമാക്കുന്നതാണ് ഈ പ്രഖ്യാപനങ്ങൾ. ബ്രോഡ്ബാന്‍റിനൊപ്പം ജിയോ ടിവി സെറ്റ്‌ടോപ് ബോക്സ്, വോയ്സ് അസിസ്റ്റന്റ് റിമോൾട്ട് എന്നിവയും ലഭിക്കും. 500 ൽ കൂടുതൽ ലൈവ് എച്ച്ഡി ചാനലുകൾ, ആയിരക്കണക്കിന് സിനിമകൾ, മ്യൂസിക്, ടെലിവിഷൻ പ്രോഗ്രാമുകള്‍ എന്നിവ ജിഗാഫൈബർ വഴി നല്‍കും.

രാജ്യത്തെ എല്ലാ മേഖലകളിലേക്കും ജിയോ കടന്നുവരുമെന്നും മുക്കിലും മൂലയിലും അതിവേഗ ഇന്‍റർനെറ്റ് എത്തിച്ച് ആരോഗ്യവും വിദ്യാഭ്യാസവും മികച്ചതാക്കുമെന്നാണ് ജിയോ വാഗ്ദാനം നൽകുന്നത്. യഥാർഥത്തിൽ ജിയോഫൈബർ ബ്രോഡ്ബാൻഡ് വരുന്നതോടെ വീടിനകവും പുറവും റിലയൻസിന്റെ കൈയ്യിലൊതുങ്ങുന്നതിനാണ് വഴിവെക്കുക. ടെലിഫോൺ മേഖല കൈയ്യിലൊതുക്കിയെന്ന് ഉറപ്പാക്കിയതിന് ശേഷമാണ് ജിയോ ബ്രോഡ്ബാന്‍റ് രംഗത്തെത്തുന്നത്. നിലവിൽ ബി.എസ്.എൻ.എൽ, ഭാരതി എയർടെൽ എന്നിവരാണ് ബ്രോഡ്ബാൻഡ് രംഗം കൈയ്യടക്കിയിരിക്കുന്നത്. ബി.എസ്.എൻ.എല്ലിന് 9.2 മില്ല്യണും ഭാരതി എയർടെലിന് 2.19 മില്ല്യൺ ഉപഭോഗ്താക്കളാണുമുള്ളത്. ഇവരെ കൂടെ കെട്ടുകെട്ടിച്ച് കൃത്യമായി ഒരാളുടെ ജീവിതത്തെ റിലയൻസിന്‍റെ ഭാഗമാക്കുകയാണ് ലക്ഷ്യം.

ഇവിടെയും ഒാഫറുകളുടെ പെരുമഴ പ്രഖ്യാപിച്ച് കണ്ണ് മഞ്ഞളിപ്പിക്കുന്ന പരിപാടി തന്നെയാണ് തന്ത്രം. ചുവടെ പറയുന്നവയാണ് ജിയോ നൽകുന്ന ഒാഫർ:

-1100 നഗരങ്ങളിൽ 1 ജി.ബി ​പെർ സെക്കൻഡ്​​ വേഗതയിലാണ് ഇൻറർനെറ്റ്​ സേവനം. ​

-ജിയോയുടെ സെറ്റ്​ടോപ്പ്​ ബോക്​സ്: 600 ചാനലുകൾ, ആയിരക്കണക്കിന്​ സിനിമകൾ, ലക്ഷക്കണക്കിന്​ ഗാനങ്ങൾ.

-മൾട്ടി പാർട്ടി വീഡിയോ കോൺഫറൻസിങ്​, വിർച്വുൽ റിയാലിറ്റി ഗെയിം, ഡിജിറ്റൽ ഷോപ്പിങ്​, ശബ്​ദാധിഷ്​ഠത ​വിർച്വുൽ റിയാലിറ്റി സംവിധാനം

-ടി.വിയെ വോയ്​സ്​ കമാൻഡ്​ കൊണ്ട്​ നിയന്ത്രിക്കാവുന്ന സംവിധാനം

-വീടുകളിൽ വൈഫൈയുടെ സഹായത്തോടെ പ്രവർത്തിക്കുന്ന സ്​മാർട്ട്​ ഹോം സംവിധാനം.

ഇത്രയും ഒാഫറുകളാണ് ജിയോ നൽകുന്നത്. സാധാരണക്കാരന് സ്വപ്നം കാണാനാവുന്നതിനുമപ്പുറമുള്ള വാഗ്ദാനങ്ങൾ തന്നെയാണിത്. ഇത് വഴി ഫോൺ മാത്രമല്ല, ഇന്ത്യക്കാരുടെ വീടും പരിസരവും അംബാനിയുടെ കണ്ണുകളിൽ 'സുരക്ഷിതമാകും'. വീടകം മുഴുവൻ കാമറ കണ്ണുകളിലുടെ പകർത്തി ഒരോ ഇലയനക്കവും ഉടമയെ അറിയിക്കുമെന്നാണ്​ റിലയൻസ്​ നൽകുന്ന വാഗ്​ദാനം. ഒരു വീട്ടിലെ റുമുകളുടെ എണ്ണം ഉൾപ്പടെ അവിടെയുള്ള ഇലക്ട്രോണിക് ഉപകരണം വരെ പ്രവർത്തിപ്പിക്കുന്നത് റിലയൻസ് അറിയും. ​ഇതിന്​ സഹായത്തിനായി നിരവധി സെൻസറുകളും സ്​മാർട്ട്​ ഫോൺ സംവിധാനത്തി​​​​​െൻറ ഭാഗമാണ്​. ഇത്തരത്തിൽ ശേഖരിക്കപ്പെടുന്ന വിവരങ്ങൾ സുരക്ഷിതമാണെന്ന്​ ഇൗ ഡിജിറ്റൽ കാലത്ത്​ പൂർണമായും വിശ്വസിക്കുക വയ്യ. വിവരങ്ങൾ ഏത് വഴി ചോർന്നാലും നമുക്ക് ലഭിക്കുന്ന സിനിമയും, പാട്ടും, ഇന്‍റർനെറ്റ് സേവനവും ഉപയോഗിച്ച് ഡിജിറ്റൽ ലോകത്തെ മുടിചൂടാമന്നൻ എന്ന് കരുതി നാം അഭിരമിക്കും.",വിവരങ്ങൾ (Information) ആണ് ഇനി സമ്പത്ത് എന്നാണ് 'ഇരുമ്പ് തിരൈ' എന്ന ചിത്രത്തിൽ അർജുന്‍റെ കഥാപാത്രം ഇടക്കിടക്ക് പറയുന്നത്. ഡിജിറ്റൽവത്കരണം വലിയ പുരോഗതി കൊണ്ടുവരുമെന്ന് മേനിനടിക്കുമ്പോഴും നമ്മുടെ വ്യക്,mal,madhyamam,Madhyamam,fake news,ecc5f784-140c-480a-ab75-d85af303c8b9,article,MassiveSum
https://www.madhyamam.com/gulf-news/uae/uae/2017/feb/17/247752,,ദാനവര്‍ഷം: പരിസ്ഥിതി സംരക്ഷണത്തിന് എമിറേറ്റ്സ് വന്യജീവി സൊസൈറ്റി പുതിയ നയം പ്രഖ്യാപിച്ചു,,"അബൂദബി: യു.എ.ഇ ദാനവര്‍ഷാചരണത്തെ പിന്തുണക്കുന്നതിനും രാജ്യത്തിന്‍െറ പരിസ്ഥിതി സംരക്ഷണ, സുസ്ഥിരത ലക്ഷ്യങ്ങള്‍ക്ക് സംഭാവനയര്‍പ്പിക്കുന്നതിനും വേണ്ടി ‘ഗിവ് ടു യു.എ.ഇ’ എന്ന പേരില്‍ എമിറേറ്റ്സ് വന്യജീവി സൊസൈറ്റി (ഇ.ഡബ്ള്യൂ.എസ്) പുതിയ നയം പ്രഖ്യാപിച്ചു. ലോക വന്യജീവി ഫണ്ടുമായി (ഡബ്ള്യൂ.ഡബ്ള്യു.എഫ്) ചേര്‍ന്നാണ് നയം നടപ്പാക്കുക. പുതിയ നയത്തിന്‍െറ ഭാഗമായി വിദ്യാഭ്യാസം, ബോധവത്കരണം, ശാസ്ത്രീയ സംരക്ഷണ പരിപാടികള്‍ എന്നിവയിലൂടെ ജൈവവൈവിധ്യ സംരക്ഷണത്തിനും കാലാവസ്ഥാ വ്യതിയാനത്തെ ചെറുക്കുന്നതിനും വേണ്ടി യു.എ.ഇയിലെയും ഗള്‍ഫ് മേഖലയിലെയും 140ലധികം പൊതു-സ്വകാര്യ സംഘടനകളുമായി ചേര്‍ന്ന് ഇ.ഡബ്ള്യൂ.എസ്-ഡബ്ള്യൂ.ഡബ്ള്യു.എഫ് പ്രവര്‍ത്തിക്കും. എല്ലാ തലമുറകള്‍ക്കും വേണ്ടി കൂടുതല്‍ സുസ്ഥിരതയുള്ള ഭാവി സൃഷ്ടിക്കുന്നതിന് ഏറ്റവും ഫലപ്രദമായ മാര്‍ഗം സര്‍ക്കാര്‍, സ്വകാര്യ സംഘടനകള്‍, സമൂഹം എന്നിവയുമായി സഹകരിച്ചു പ്രവര്‍ത്തിക്കുകയാണെന്ന് തങ്ങള്‍ വിശ്വസിക്കുന്നുവെന്ന് ഇ.ഡബ്ള്യൂ.എസ്-ഡബ്ള്യൂ.ഡബ്ള്യു.എഫ് ഡെപ്യൂട്ടി ഡയറക്ടര്‍ ജനറല്‍ ലൈല അബ്ദുല്‍ ലത്തീഫ് പറഞ്ഞു. ദാനവര്‍ഷത്തിന്‍െറ മൂന്ന് പ്രധാന സ്തംഭങ്ങളായ കോര്‍പറേറ്റ് സാമൂഹിക ഉത്തരവാദിത്തം, സന്നദ്ധ പ്രവര്‍ത്തനം, ദേശസേവനം എന്നിവയില്‍ അധിഷ്ടിതമായി വരുന്നവയാണ് പരിസ്ഥിതി അടിസ്ഥാനത്തിലുള്ള പങ്കാളിത്ത സംരംഭങ്ങളെന്നും ലൈല അബ്ദുല്‍ ലത്തീഫ് കൂട്ടിച്ചേര്‍ത്തു.","അബൂദബി: യു.എ.ഇ ദാനവര്‍ഷാചരണത്തെ പിന്തുണക്കുന്നതിനും രാജ്യത്തിന്‍െറ പരിസ്ഥിതി സംരക്ഷണ, സുസ്ഥിരത ലക്ഷ്യങ്ങള്‍ക്ക് സംഭാവനയര്‍പ്പിക്കുന്നതിനും വേണ്ടി ‘ഗിവ് ടു യു.എ.ഇ’ എന്ന പേരില്‍ എമിറേറ്റ്സ് വന്യജീവി...",mal,madhyamam,Madhyamam,fake news,3a4f4ba9-49a2-4a8c-9e4f-0ef39032a02c,article,MassiveSum
https://lao.voanews.com/a/4221613.html,https://lao.voanews.com/a/4221613.html,ເຊີນຟັງລາຍງານເລື່ອງ ລາວສ້າງຕັ້ງສູນພັດທະນາເຄື່ອງໝາຍການຄ້າ,,ອ່ານແລະຟັງຂ່າວ ກ່ຽວກັບປະເທດລາວ ເອເຊຍ ອາເມຣິກາ ແລະໂລກ. ນອກນັ້ນ ວີໂອເອລາວຍັງນໍາສະເໜີລາຍງານທີ່ລົງເລິກ ກ່ຽວກັບເລື້ອງຕ່າງໆທີ່ຢູ່ໃນຂ່າວ ແລະຄວາມກ້າວໜ້າດ້ານການແພດ ສຸຂະພາບ ອະນາໄມ ເສດຖະກິດ ການກະເສດ ວິທະຍາສາດແລະເທັກໂນໂລຈີ ຕະຫລອດທັງລາຍການດົນຕີ ແລະຊີວິດຊາວລາວໃນຕ່າງແດນ.,ອ່ານແລະຟັງຂ່າວ ກ່ຽວກັບປະເທດລາວ ເອເຊຍ ອາເມຣິກາ ແລະໂລກ. ນອກນັ້ນ ວີໂອເອລາວຍັງນໍາສະເໜີລາຍງານທີ່ລົງເລິກ ກ່ຽວກັບເລື້ອງຕ່າງໆທີ່ຢູ່ໃນຂ່າວ ແລະຄວາມກ້າວໜ້າດ້ານການແພດ ສຸຂະພາບ ອະນາໄມ ເສດຖະກິດ ການກະເສດ ວິທະຍາສາດແລະເທັກໂນໂລຈີ ຕະຫລອດທັງລາຍການດົນຕີ ແລະຊີວິດຊາວລາວໃນຕ່າງແດນ.,mal,voanews,VOA News,fake news,2f7d20a9-43c3-438f-bc31-1eaafce7b555,article,MassiveSum
https://www.madhyamam.com/local-news/trivandrum/2018/aug/14/540481,,സമ്മാനവിതരണം | Madhyamam,,തിരുവനന്തപുരം: ജില്ല ഇലക്ട്രിസിറ്റി ബോർഡ് എംേപ്ലായീസ് സഹകരണ സംഘത്തി​െൻറ വിദ്യാഭ്യാസ പ്രോത്സാഹന സമ്മാനവിതരണവും അംഗങ്ങൾക്കുള്ള ഇൻഷുറൻസ് പദ്ധതിയുടെ ഉദ്ഘാടനവും നടന്നു. സംഘം പ്രസിഡൻറ് കെ.ആർ. സുനിൽദത്ത് അധ്യക്ഷതവഹിച്ചു. സെക്രട്ടറി എസ്.വി. ബിജു സ്വാഗതം ആശംസിച്ചു. കവി കുരീപ്പുഴ ശ്രീകുമാർ വിശിഷ്ടാതിഥിയായി.,തിരുവനന്തപുരം: ജില്ല ഇലക്ട്രിസിറ്റി ബോർഡ് എംേപ്ലായീസ് സഹകരണ സംഘത്തി​െൻറ വിദ്യാഭ്യാസ  പ്രോത്സാഹന സമ്മാനവിതരണവും അംഗങ്ങൾക്കുള്ള ഇൻഷുറൻസ് പദ്ധതിയുടെ ഉദ്ഘാടനവും നടന്നു. സംഘം പ്രസിഡൻറ്  കെ.ആർ....,mal,madhyamam,Madhyamam,fake news,ae34f5fc-5006-4045-87c0-48b491945b5a,article,MassiveSum
https://www.madhyamam.com/news/141372/111223,,പ്രതിഷേധ റാലിയും പൊതുസമ്മേളനവും ഞായറാഴ്ച,,"കട്ടപ്പന: മുല്ലപ്പെരിയാ൪ സമരസമിതി ചപ്പാത്തിൽ നടത്തിവരുന്ന റിലേ ഉപവാസ സമരത്തിൻെറ അഞ്ചാം വാ൪ഷിക ദിനമായ 25 ന് ആയിരങ്ങൾ പങ്കെടുക്കുന്ന പ്രതിഷേധ റാലിയും പൊതുസമ്മേളനവും നടക്കും. 2006 ഡിസംബ൪ 25ന് ചപ്പാത്തിൽ ആരംഭിച്ച റിലേ ഉപവാസ സമരം ആറാം വ൪ഷത്തിലേക്ക് കടക്കുകയാണ്. ഭൂചലനത്തിൻെറ പശ്ചാത്തലത്തിൽ ദുരന്ത ഭീഷണി നേരിടുന്ന പെരിയാ൪ തീരദേശവാസികളുടെ കടുത്ത പ്രതിഷേധം അറിയിക്കാനാണ് റാലി സംഘടിപ്പിക്കുന്നതെന്ന് സമിതി രക്ഷാധികാരി ഫാ. ജോയി നിരപ്പേൽ, ചെയ൪മാൻ പ്രഫ. സി.പി. റോയി, സാബു വേങ്ങവേലി, കെ.പി.എം. സുനിൽ, ഷാജി.പി.ജോസഫ്, അൻപെയ്യൻ എന്നിവ൪ അറിയിച്ചു. മുല്ലപ്പെരിയാറിൽ പുതിയ ഡാം നി൪മിക്കുക, ഡാം ഡീ കമീഷൻ ചെയ്യുക, ദുരന്ത നിവാരണത്തിനുള്ള ഒരുക്കങ്ങൾ ശക്തിപ്പെടുത്തുക തുടങ്ങിയ ആവശ്യങ്ങളുന്നയിച്ച് ചപ്പാത്തിൽ നടത്തിവരുന്ന റിലേ ഉപവാസ സമരവും അനിശ്ചിതകാല ഉപവാസവും തുടരുമെന്നും ഭാരവാഹികൾ പറഞ്ഞു. പ്രതിഷേധ റാലിയും പൊതുസമ്മേളനവും സിവിക് ചന്ദ്രൻ ഉദ്ഘാടനം ചെയ്യും. പ്രഫ. സി.ആ൪. നീലകണ്ഠൻ മുഖ്യപ്രഭാഷണം നടത്തും.",കട്ടപ്പന: മുല്ലപ്പെരിയാ൪ സമരസമിതി ചപ്പാത്തിൽ നടത്തിവരുന്ന റിലേ ഉപവാസ സമരത്തിൻെറ അഞ്ചാം വാ൪ഷിക ദിനമായ 25 ന് ആയിരങ്ങൾ പങ്കെടുക്കുന്ന പ്രതിഷേധ റാലിയും പൊതുസമ്മേളനവും നടക്കും. 2006 ഡിസംബ൪ 25ന്...,mal,madhyamam,Madhyamam,fake news,36deca0e-eb47-464b-b5b8-643af1cf5c79,article,MassiveSum
https://www.dengeamerika.com/a/4303525.html,https://www.dengeamerika.com/a/4303525.html,Bernama Duyê,,Bernameyên bi zimanê Kurmancî ji Dengê Amerîka (VOA) li ser înternetê,Bernameyên bi zimanê Kurmancî ji Dengê Amerîka (VOA) li ser înternetê,mal,dengeamerika,Denge Amerika,fake news,f3db350e-3d97-4b49-a888-28e9958397c0,article,MassiveSum
https://www.dengiamerika.com/a/2259926.html,https://www.dengiamerika.com/a/2259926.html,Falah Muradkhan,,"Copy and paste the embed code below.

The code has been copied to your clipboard.",English news from the Voice of America. VOA news provides coverage from around the world and learning English lessons from VOA Special English.,mal,dengiamerika,Dengi Amerika,fake news,0d639542-6bee-4784-b2f5-dfecd4de18a9,article,MassiveSum
https://www.madhyamam.com/kerala/local-news/pathanamthitta/--701273,,പാറമടക്ക് അനുമതി നൽകരുത്​,,"പത്തനംതിട്ട: എല്ലാ പാരിസ്ഥിതിക പ്രശ്നങ്ങളെയും അവഗണിച്ച് കലഞ്ഞൂർ പഞ്ചായത്തിൽ പുതിയ പാറമടകൾ അനുവദിക്കാനുള്ള നീക്കം അവസാനിപ്പിക്കണമെന്ന് കെ.പി.സി.സി വിചാർ വിഭാഗ് ജില്ല കമ്മിറ്റി ആവശ്യപ്പെട്ടു. രാഷ്​ട്രീയ-ഉദ്യോഗസ്ഥ ഒത്താശയോടുകൂടി വലിയ കോർപറേറ്റുകളെ സഹായിക്കാനുള്ള ശ്രമമാണ് ഇതിനുപിന്നിൽ. അനധികൃതമായും പിൻവാതിൽ ശിപാശർകളോടും നടത്തുന്ന പാറമടകൾക്കെതിരെ നടക്കുന്ന സമരങ്ങൾക്ക് പൂർണ സഹായങ്ങളും പിന്തുണയും നൽകാൻ ജില്ല കമ്മിറ്റി തീരുമാനിച്ചു. ജില്ല പ്രസിഡൻറ്​ എബ്രഹാം മാത്യു വീരപ്പള്ളി ഉദ്ഘാടനം ചെയ്തു. ജനറൽ സെക്രട്ടറി ജോസ് പനച്ചയ്ക്കൽ അധ്യക്ഷതവഹിച്ചു. രഘുനാഥപിള്ള, ശ്രീകുമാർ അരുവാപ്പുലം, സുഗതകുമാരി, പ്രസീത രഘു എന്നിവർ സംസാരിച്ചു. പാപ്പർ ഹരജി വിധിപറയാൻ മാറ്റി പത്തനംതിട്ട: പാപ്പർ ഹരജി പിൻവലിക്കുന്നതിന് പോപുലർ ഫിനാൻസ് നൽകിയ അപേക്ഷയിൽ പത്തനംതിട്ട സബ് കോടതി വിധി പറയുന്നത് 28ലേക്ക് മാറ്റി. നിക്ഷേപകരുടെ പണം തിരികെനൽകാമെന്നാണ് ഹരജി പിൻവലിക്കുന്നതിനുള്ള വാദത്തിൽ പോപുലർ പറയുന്നത്. എന്നാൽ, എങ്ങനെ നിക്ഷേപകർക്ക് പണം തിരിച്ചുനൽകുമെന്ന വ്യക്തമായ മറുപടി ഇവർ പറഞ്ഞിട്ടില്ല.",പാറമടക്ക് അനുമതി നൽകരുത്​,mal,madhyamam,Madhyamam,fake news,f5a54764-7ddd-4849-b562-df46a549e471,article,MassiveSum
https://lao.voanews.com/a/scientists-one-dose-malaria-cure-is-possible/2904572.html,https://lao.voanews.com/a/scientists-one-dose-malaria-cure-is-possible/2904572.html,ການໃຫ້ ຢາວັກຊີນໃໝ່ ພຽງຄັ້ງດຽວ ອາດປິ່ນປົວ ມາລາເຣຍ ໃຫ້ຫາຍຂາດໄດ້,,"ເປັນເວລາດົນນານມາແລ້ວທີ່ ບັນດານັກວິທະຍາສາດ ພະຍາຍາມຈະຜະລິດຢາ ທີ່ມີປະສິດທິພາບ ເພື່ອປ້ອງກັນ ແລະ ປິ່ນປົວ ໂຣກໄຂ້ຍຸງ ຫລື ມາລາເຣຍໃຫ້ຫາຍຂາດ ຊຶ່ງ ເປັນໜຶ່ງໃນບັນດາພະຍາດ ທີ່ເປັນອັນຕະລາຍ ເຖິງແກ່ຊີວິດ ທີ່ມີຜົນກະທົບ ຕໍ່ປະຊາຊົນ ຢູ່ໃນເຂດຮ້ອນ ໂດຍສະເພາະ ແມ່ນພວກເດັກນ້ອຍ. ໃນຂະນະທີ່ອົງການອະນາໄມໂລກ ຫຼື WHO ປະກາດແຜນ ເລີ້ມຕົ້ນການທົດລອງ ກ່ຽວກັບ ຢາວັກຊີນໃໝ່ ທີ່ ມີຄວາມຫວັງສູງ ຊຶ່ງບັນດານັກວິທະຍາ ສາດ ຢູ່ໃນອາຟຣິກາໃຕ້ ລາຍງານວ່າ ພວກເຂົາເຈົ້າກໍເຊັ່ນ ດຽວກັນ ພວມຢູ່ໃນຂັ້ນຕອນສຳຄັນ ທີ່ໃກ້ ຈະສຳເລັດຜົນແລ້ວ. ຜູ້ສື່ຂ່າວ ວີໂອເອ George Putic ມີລາຍງານ ກ່ຽວກັບການ ທົດລອງ ສານປະສົມອັນໜຶ່ງ ທີ່ອາດປິ່ນປົວໂຣກມາລາເຣຍ ໃຫ້ຫາຍຂາດໄດ້ ດ້ວຍການໃຫ້ຢານີ້ ພຽງຄັ້ງດຽວ. ໄຊຈະເລີນສຸກ ຈະນຳເອົາເລື້ອງນີ້ມາສະເໜີທ່ານ ໃນອັນດັບຕໍ່ໄປ.

ມັນເບິ່ງຄືກັບວ່າ ການເລັ່ງຫາຢາປິ່ນປົວ ໃຫ້ຫາຍຂາດ ສຳຫລັບ ພະຍາດ ທີ່ມີຜົນ ກະທົບຕໍ່ປະມານ 200 ລ້ານຄົນໃນແຕ່ລະປີ ແມ່ນໃກ້ ຈະເຂົ້າສູ່ເສັ້ນໄຊແລ້ວ ໃນ ຂະນະທີ່ ກຸ່ມນັກຄົ້ນຄວ້າຈຳນວນໜຶ່ງ ລາຍ ງານວ່າ ການທົດລອງທາງການແພດ ໄດ້ຮັບຜົນສຳເລັດໃນເບື້ອງຕົ້ນ.

ໃນປີ 2013 ຄົນປ່ວຍປະມານ 600,000 ຄົນ ໄດ້ເສຍຊີວິດ ຍ້ອນມາ ລາເຣຍ ສ່ວນ ໃຫຍ່ແມ່ນພວກເດັກນ້ອຍ ຢູ່ເຂດໃຕ້ທະເລຊາຍຊາຮາຣາ ຂອງອາຟຣິກາ.

ດ້ວຍການທຳງານຮ່ວມກັນກັບ ບັນດານັກວິທະຍາສາດ ໃນປະເທດສະ ວິດເຊີແລນ ແລະ ອອສເຕຣເລຍ ໂດຍຜ່ານອົງການ ບໍ່ຫວັງຜົນກຳໄລ Medicines for Malaria Venture ນັ້ນ ບັນດານັກຄົ້ນຄວ້າຢູ່ທີ່ມະ ຫາວິທະຍາໄລ ນະຄອນ Cape Town ລາຍງານວ່າ ຢາຊະນິດໃໝ່ MMVO48 ຂອງພວກເຂົາເຈົ້າ ແມ່ນໃຫ້ຄວາມຫວັງສູງຫຼາຍ.

ທ່ານ Kelly Chibale ອາຈານເຄມີດ້ານອິນຊີ ເວົ້າວ່າ “ພວກເຮົາ ໄດ້ສຳເລັດການ ທົດສອບດ້ານຄວາມປອດໄພ ໃນຂອບເຂດທີ່ກວ້າງຂວາງມາແລ້ວ ຕາມທີ່ໄດ້ ບັງຄັບໄວ້ ແລະ ຂັ້ນທີສາມຕໍ່ໄປ ພວກເຮົາ ໄດ້ພິຈາລະນາເບິ່ງ ຂັ້ນຕອນການ ຜະລິດຢາ ຂະໜາດໃຫຍ່.”

ທ່ານ Chibale ກ່າວວ່າ ຂັ້ນຕອນທຳອິດ ຂອງການທົດລອງ ທາງການແພດກັບມະນຸດ ນັ້ນ ຢາດັ່ງກ່າວ ໄດ້ຂ້າພວກກາຟາກ ມາລາເຣຍ ໃນທັນທີ ແມ່ນກະທັງ ສາຍພັນທີ່ຕ້ານ ທານຕໍ່ຢາ ນຳດ້ວຍ.

ທ່ານ Chibale ເວົ້າວ່າ “ແນ່ນອນແລ້ວວ່າ ເສັ້ນທາງແມ່ນຍັງຍາວໄກຢູ່ ທ່າແຮງ ຂອງສານປະສົມອັນນີ້ ທີ່ໄດ້ສະໜອງຜົນຕ່າງໆ ໃຫ້ນັ້ນ ຖືວ່າ ມັນຫຼາຍເກີນກວ່າ ທ່າແຮງ ເພື່ອທີ່ຈະສົ່ງຜົນ ຕໍ່ການຄວບຄຸມ ໂຣກມາລາເຣຍເທົ່ານັ້ນ ແຕ່ຍັງຈະ ມີທ່າແຮງ ທີ່ຈະສົ່ງຜົນ ຕໍ່ການລົບລ້າງ ໂຣກມາລາເຣຍນຳດ້ວຍ ເພາະວ່າ ມັນ ສາມາດກັນບໍ່ໃຫ້ມີການຕິດ ແປດໄດ້.”

ຈຳນວນຕົວເລກ ຂອງການເສຍຊີວິດ ທີ່ກ່ຽວພັນກັບໂຣກມາລາເຣຍ ໄດ້ຫລຸດລົງ ໃນ ອັດຕາ ສະເລ່ຍ 47 ເປີເຊັນ ໃນໄລຍະ 15 ປີທີ່ຜ່ານມາ ສ່ວນໃຫຍ່ ໂດຍຜ່ານການນຳ ໃຊ້ມຸ້ງ, ການສີດຂ້າຍຸງ ແລະ ການຮັກສາປິ່ນປົວ ໂດຍອີງໃສ່ຢາຕ່າງໆ ທີ່ມີຢູ່ແລ້ວນັ້ນ.

Scientists have long been trying to develop an effective protection and cure for malaria - one of the deadliest diseases that affects people in tropical areas, especially children. As the World Health Organization announces plans to begin clinical trials of a promising new vaccine, scientists in South Africa report that they too are at an important threshold. George Putic reports, they are testing a compound that could be a single-dose cure for malaria.

It looks like the race to find a cure for the disease that infects about 200 million people annually is close to the finish line, as several research groups report successful initial clinical tests.

In 2013, some 600,000 patients died of malaria, most of them children in sub-Saharan Africa.

Working in cooperation with scientists in Switzerland and Australia, through the non-profit Medicines for Malaria Venture, researchers at the University of Cape Town report their new drug MMVO48 is very promising.

((KELLY CHIBALE, ORGANIC CHEMISTRY PROFESSOR)) ""We have done extensive safety testing as a requirement and then thirdly we have looked at the process of manufacturing the drug on a large scale.

Kelly Chibale says in the first phase of human clinical trials, the drug instantly killed even the drug-resistant strains of malaria parasites.

((KELLY CHIBALE, ORGANIC CHEMISTRY PROFESSOR)) ""Of course there is a long way to go, the potential that this compound offers is more than just the potential to impact malaria control, but also the potential to impact eradication because it is able to block transmission""

The number of malaria-related deaths has been reduced by 47 percent over the last 15 years, mainly through use of bed nets, spraying against mosquitoes and therapies based on existing drugs.","ໃນປີ 2013 ຄົນປ່ວຍປະມານ 600,000 ຄົນ ໄດ້ເສຍຊີວິດ ຍ້ອນມາລາເຣຍ ສ່ວນໃຫຍ່ ແມ່ນພວກເດັກນ້ອຍ ຢູ່ເຂດໃຕ້ທະເລຊາຍ ຊາຮາຣາ ຂອງອາຟຣິກາ.",mal,voanews,VOA News,fake news,f4039ee9-d401-45e4-9091-001e5e3420b3,article,MassiveSum
https://www.madhyamam.com/kerala/2015/sep/20/ഹാരിസണിലെ-സമരം-നാലാം-ദിവസത്തിലേക്ക്,,ഹാരിസണിലെ സമരം നാലാം ദിവസത്തിലേക്ക്,,"മൂന്നാര്‍: ബോണസ് വര്‍ധിപ്പിക്കണമെന്നാവശ്യപ്പെട്ട് ഹാരിസണ്‍ മലയാളം പ്ളാന്‍േറഷനിലെ തൊഴിലാളികള്‍ നടത്തുന്ന സമരം നാലാം ദിവസത്തിലേക്ക് കടന്നു. ലോക്കാട് എസ്റ്റേറ്റിലെ ഓഫിസിന് മുന്നില്‍ ട്രേഡ് യൂനിയന്‍ നേതാക്കളുടെ നേതൃത്വത്തില്‍ നടക്കുന്ന സമരം ഒത്തുതീര്‍പ്പാക്കാനുള്ള നടപടി സര്‍ക്കാര്‍ സ്വീകരിച്ചിട്ടില്ല. ദേവികുളം എം.എല്‍.എ എസ്. രാജേന്ദ്രന്‍, സി.പി.എം മുന്‍ ജില്ലാ സെക്രട്ടറി എം.എം. മണി, ഒൗസേപ്പ് അടക്കമുള്ള നേതാക്കള്‍ സമരം നടത്തുന്ന സ്ത്രീ തൊഴിലാളികളെ നേരില്‍ സന്ദര്‍ശിച്ച് പിന്തുണ പ്രഖ്യാപിച്ചിട്ടുണ്ട്.

അതേസമയം, മൂന്നാറിലെ കണ്ണന്‍ ദേവന്‍ കമ്പനിയിലെ തോട്ടം തൊഴിലാളികള്‍ക്ക് ബോണസ് വിതരണം ചെയ്തു. തോട്ടങ്ങളിലെ 12,500 തൊഴിലാളികള്‍ക്കായി 10 കോടി രൂപയാണ് കമ്പനി ബോണസ് ഇനത്തില്‍ ചെലവഴിച്ചത്. തിരുവോണത്തിന് മുമ്പ് 10 ശതമാനം ബോണസ് തൊഴിലാളികള്‍ക്ക് അനുവദിച്ചെങ്കിലും കൈപ്പറ്റിയിരുന്നില്ല.

തുടര്‍ന്ന് മൂന്നാറിലെ ദേശീയപാതകള്‍ ഉപരോധിച്ച് തൊഴിലാളികള്‍ നടത്തിയ സമരം വിജയിച്ച സാഹചര്യത്തിലാണ് കമ്പനി അധികൃതര്‍ 20 ശതമാനം ബോണസ് നല്‍കാന്‍ തയാറായത്. എറണാകുളത്ത് മുഖ്യമന്ത്രിയുടെ നേതൃത്വത്തില്‍ കമ്പനിയുടമകളുമായി ചര്‍ച്ച നടത്തിയാണ് സര്‍ക്കാര്‍ തൊഴിലാളികളുടെ പ്രശ്നം പരിഹരിച്ചത്. 26ന് നടക്കുന്ന പ്ളാന്‍േറഷന്‍ ലേബര്‍ കമ്മിറ്റിയില്‍ സര്‍ക്കാര്‍ ശമ്പളവര്‍ധനവിന്‍െറ കാര്യം പരിഗണിച്ചില്ളെങ്കില്‍ വീണ്ടും സമരം ആരംഭിക്കുമെന്ന് തൊഴിലാളികള്‍ മുന്നറിയിപ്പ് നല്‍കിയിട്ടുണ്ട്.",മൂന്നാറില്‍ തോട്ടം തൊഴിലാളികള്‍ക്ക് ബോണസ് വിതരണം ചെയ്തു,mal,madhyamam,Madhyamam,fake news,1b6592e0-9eea-4127-864d-8dc8521210ec,article,MassiveSum
https://nra.lv/izklaide/p-s-kultura/teatris/238948-verts-redzet-melodrama-par-trisdesmitgadnieka-krizi.htm,https://nra.lv/izklaide/p-s-kultura/teatris/238948-verts-redzet-melodrama-par-trisdesmitgadnieka-krizi.htm,VĒRTS REDZĒT: Melodrāma par trīsdesmitgadnieka krīzi,,"«Tas būtu dīvaini, ja savā lugā pats negribētu nospēlēt nevienu lomu. Es apzinos, ka galvenā loma nepavisam nav viegla, bet man liekas, ka forša gan. Ja man tādu piedāvātu, es gribētu to nospēlēt,» saka Dailes teātra aktieris Artūrs Dīcis (32). Rītvakar, 8. martā, viņam pirmizrāde Latvijas Nacionālā teātra Lielajā zālē – viņa sarakstīto lugu Arī vaļiem ir bail tur iestudējis režisors Elmārs Seņkovs.

Kad trīsdesmitgadīga vīrieša dzīvē itin nekā netrūkst - ir veiksmīga karjera, laimīga ģimenes dzīve, brīnišķīgi vecāki un burvīgi bērni, kad pietiek naudas un ideju ceļojumiem un citām atpūtas iespējām -, kādā rītā, dzerot kafiju, viņš saprot: nekas no tā visa vairs nesagādā prieku... Ko darīt? Vai ir vērts to kādam teikt? Vai sapratīs? Varbūt pārpratīs?

Tā ir sadzīves drāma par mūsdienu Latvijas cilvēkiem, kurā ir daudz līdzības ar bērnībā izsapņoto Sprīdīša sapni par Laimīgo zemi. Lugas galvenais varonis Jānis Bērziņš (Ģirts Liuziniks) nolemj doties pasaulē un iziet ārpus ierastās trajektorijas - darbs un mājas.

Pārējās lomās: Lāsma Kugrēna, Maija Doveika, Marija Bērziņa, Daiga Gaismiņa, Liene Sebre, Normunds Laizāns, Igors Šelegovskis un Kārlis Reijers.

Jaunajā lugā autors saviem galvenajiem varoņiem apzināti devis vislatviskākos vārdus - Jānis, Anna, Mārtiņš, Pēteris, Ilze, kuri turklāt visi ir Bērziņi -, lai tādējādi uzsvērtu, ka tas ir šodienas cilvēks, un tas var būt jebkurš no mums. «Galvenais varonis Jānis Bērziņš ir trīsdesmitgadnieks - tāpat kā es, Elmārs Seņkovs (33), un arī izrādes scenogrāfs un kostīmu mākslinieks Reinis Suhanovs (32). Un tas ir stāsts par mūsu paaudzi,» atklāj lugas autors. Savulaik ļoti moderni bija runāt par četrdesmitgadnieku krīzi, bet šobrīd, viņaprāt, šī krīze pienāk krietni agrāk. «Jo mūsdienās cilvēks krietni agrāk var iegūt izglītību, labu darbu, zināmu sociālo stāvokli un vietu sabiedrībā. Jā, viens otrs jau trīsdesmit gados ir sasniedzis zināmus griestus un tāpēc sāk domāt, ko tālāk? Arī Elmārs Seņkovs, piemēram, jau saņēmis divas Spēlmaņu nakts balvas - nominācijās Gada režisors [2014. gadā par izrādēm Ezeriņš un Vasarnieki] un Gada mazās formas izrāde [2015. gadā par izrādi Antigone]. Nu, ko tālāk? Iestudēt vēl vienu izrādi un saņemt vēl vienu balvu? Bet jēga kāda? Kāds ir mērķis? Uz to ir jāmēģina atbildēt,» domā Artūrs Dīcis. Taujāts, vai viņš pats uz to var atbildēt, aktieris atteic, ka noteikti jau nevar. Tāpēc arī uzrakstījis šādu lugu, lai, iespējams, caur to meklētu atbildi.

«Kādreiz viss bija vienkāršāk - latvietis dzīvoja viensētā, un, ja tēvs nodarbojās ar zemkopību, bija loģiski, ka dēls turpināja viņa iesākto. Mūsdienās ir tik daudz iespēju - ja nezini, ko izvēlēties, vari apmaldīties un sākt justies slikti. Manuprāt, tā ir mūsdienu problēma - jo vairāk tev ir informācijas, jo vairāk iespēju justies nelaimīgam,» uzskata aktieris.

Viņš pats šobrīd aktīvi strādā pie režisora Dmitrija Petrenko, kas Dailes teātra Kamerzālē iestudē Justīnes Kļavas Atzīšanos, tai pirmizrāde plānota 22. martā. Tas būs stāsts par cilvēku, kuram, lai pieņemtu sevi tādu, kāds viņš ir, lai uzvarētu savas atkarības un iegūtu sirdsmieru, ir jānoiet garš ceļš. «Jā, arī šīs izrādes tēma zināmā mērā saskan ar maniem vaļiem,» secina Artūrs Dīcis.","«Tas būtu dīvaini, ja savā lugā pats negribētu nospēlēt nevienu lomu. Es apzinos, ka galvenā loma nepavisam nav viegla, bet man liekas, ka forša gan. Ja man tādu piedāvātu, es gribētu to nospēlēt,» saka Dailes teātra aktieris Artūrs Dīcis (32). Rītvakar, 8. martā, viņam pirmizrāde Latvijas Nacionālā teātra Lielajā zālē – viņa sarakstīto lugu Arī vaļiem ir bail tur iestudējis režisors Elmārs Seņkovs.",mal,nra,NRA,fake news,c08ced94-585d-4a3d-badc-bf257cea2021,article,MassiveSum
https://lao.voanews.com/a/smart-glasses-googgle-glass-be-next-big-leap-in-technology/5541040.html,https://lao.voanews.com/a/smart-glasses-googgle-glass-be-next-big-leap-in-technology/5541040.html,ແຫວ່ນຕາສະຫລາດ ທີ່ມີກ້ອງຖ່າຍວີດິໂອ ຝັງຢູ່ໃນ ອາດຈະກ້າວກະໂດດຂັ້ນ ດ້ານເທັກໂນໂລຈີຕໍ່ໄປ,,"ການປາກົດຕົວຂອງໂທລະສັບສະຫລາດ ຫລືໂທລະສັບມືຖື ໄດ້ປ່ຽນ ແປງການປະພຶດຂອງຄົນ. ແຫວ່ນທີ່ສະຫາດທີ່ວ່ານີ້ ຈະເປັນເທັກໂນໂລຈີດ້ານສືບລັບຢ່າງໃຫຍ່ຫລວງໃນຂັ້ນຕໍ່ໄປໄດ້ຫລືບໍ່? ບໍລິສັດກູໂກລ (Google) ໄດ້ ພະຍາຍາມ ທີ່ຈະເຮັດເຊັ່ນນັ້ນ ເປັນເວລານານກວ່າ 6 ປີ ໂດຍໃຊ້ Google Glass ຫລືແຫວ່ນຕາກູໂກລ. ມັນບໍ່ຄືບໜ້າໄປໄດ້ ເຫດຜົນສ່ວນໃຫຍ່ ກໍຍ້ອນ ຄວາມເປັນຫ່ວງ ກ່ຽວກັບ ຄວາມເປັນສ່ວນຕົວ. ແຕ່ວ່າ ບັນດາບໍລິສັດທັງໃຫຍ່ ແລະ ນ້ອຍຢູ່ໃນຫລາຍປະເທດລວມທັງບໍລິສັດ Facebook ກໍຍັງກໍາລັງດໍາເນີນງານເພື່ອເຮັດແຫວ່ນຕາສະຫລາດຢູ່. Elizabeth Lee, ນັກຂ່າວວີໂອເອ ມີລາຍລະອຽດເພີ້ມເຕີມກ່ຽວກັບຕະຫລາດ ໃນປັດຈຸບັນສໍາລັບສິນຄ້ານີ້ ແລະ ແອັປຂອງພວກມັນ ທີ່ມີຫລາຍຢ່າງແຕກຕ່າງກັນນັ້ນ ຊຶ່ງບົວສະຫວັນ ຈະນໍາມາສະເໜີທ່ານໃນອັນດັບຕໍ່ໄປ.

ທໍາອິດກໍແມ່ນມີແປ້ນພິມຕົວໜັງສື ຫລື keyboard ຈາກນັ້ນ ກໍມີໜ້າຈໍທີ່ໃຊ້ມືສໍາພັດໄດ້. ບາງບໍລິສັດດ້ານເທັກໂນໂລຈີ ເວົ້າວ່າ ແຫວ່ນທີ່ສວມໃສ່ໄດ້ອາດຈະເປັນການກ້າວກະໂດດຂັ້ນໃນທາງເທັກໂນໂລຈີ ຂັ້ນຕໍ່ໄປ ເຖິງແມ່ນວ່າ ມັນຈະບໍ່ສໍາເລັດຜົນສໍາລັບ Google Glass ຫລື ແຫວ່ນຕາກູໂກລກໍຕາມ.

ທ່ານນາງລີສ ກູດໂນ (Liz Goodno) ຈາກພະແນກສື່ສານຂອງບໍລິສັດສແນປ (Snap) ກ່າວວ່າ: “ໃນອະນາຄົດ ພວກເຮົາຈະບໍ່ໄດ້ຖືກຈໍາກັດຢູ່ແຕ່ກັບໂທລະສັບສະຫລາດ ຫລື ໂທລະສັບມືຖືອີກ ເມື່ອເວົ້າເຖິງເລື້ອງຄວາມເຂົ້າໃຈ ກ່ຽວກັບໂລກທີ່ຢູ່ອ້ອມຕົວ ຂອງພວກເຮົາ, ສະນັ້ນ ອັນນີ້ ຄືການລົງທຶນແຕ່ຫົວທີເຂົ້າໃນອະນາຄົດທີ່ວ່າ ນັ້ນ.”

ການລົງທຶນຂອງບໍລິສັດສັດສແນປ (Snap) ທີ່ຕັ້ງຢູ່ໃນສະຫະລັດ ກໍຄືວ່າ: ແຫວ່ນຕາກັນແດດ 3 ທີ່ຖ່າຍພາບໄດ້. ແຫວ່ນຕາລຸ້ນທີສາມແມ່ນສະຫລາດ ກວ່າລຸ້ນກ່ອນໆ. ມັນມີກ້ອງຖ່າຍວີດິໂອຢູ່ສອງຈຸດ. ໄຟຢູ່ແຈຂອງແຫວ່ນຕາ ຈະຮຸ່ງຂຶ້ນ ເມື່ອມີການບັນທຶກວີດິໂອເກີດຂຶ້ນ ແລະເຮັດໃຫ້ຜູ້ໃສ່ແຫວ່ນຕານັ້ນ ສາມາດເອົາສິ່ງທີ່ ເປັນພາບ 3 ມິຕິ ຫລື 3D ຢູ່ໃນວີດິໂອນັ້ນໄດ້. ຢູ່ໜີ້ແມ່ນ ດອກໄມ້ຈໍານວນນຶ່ງ…. ຢູ່ໃນແອັປ ທີ່ແຕກຕ່າງກັນຫລາຍທີ່ສຸດ, ແອມກລາສ (AMglass) ທີ່ຜະລິດ ໂດຍບໍລິສັດປາຊີຟິກ ຟີວເຈີ (Pacific Future) ທີ່ຕັ້ງຢູ່ໃນຮົງກົງ ເຮັດໃຫ້ ພວກໄປຢ້ຽມຊົມສວນສະໜຸກໃຫຍ່ ມີປະສົບການອັນຫລາກຫລາຍປະເພດ ໂດຍໃຊ້ຄວາມເປັນຈິງທີ່ມີຂໍ້ມູນເສີມ. ຢູ່ໃນລະຫວ່າງການເລີ້ມເປີດໂຕຂອງ ແຫວ່ນຕາສະຫລາດຢູ່ປະມານຊ່ວງບຸນຜີຫລື Halloween ສວນສະໜຸກໃຫຍ່ ແຫ່ງນີ້ ກັບກາຍເປັນບ່ອນໜ້າຢ້ານຢ່າງລົ້ນເຫລືອ.

ທ້າວຄຽນ ລີ, ຈາກບໍລິສັດປາຊີຟິກຟີວເຈີ (Pacific Future) ໃຫ້ຄໍາເຫັນວ່າ: “ມີຜີຢູ່ທຸກຫົນທຸກແຫ່ງ ໂດຍປະສົມປະສານໃສກັນກັບຕຶກອາຄານທີ່ແທ້ຈິງ.”

ແຫວ່ນຕານີ້ ໃຊ້ຢູ່ໃນສວນສະໜຸກໃຫຍ່ແຫ່ງຕ່າງໆ ຢູ່ໃນຈີນ ແລະມາເລເຊຍ. ໂດຍທີ່ມີເຄື່ອງປະມວນຂໍ້ມູນຢູ່ຂ້າງໃນ… ແຫວ່ນຕາຄວາມເປັນຈິງ ທີ່ມີຂໍ້ມູນ ເສີມເຫລົ່ານີ້ຖືກອອກແບບມາສໍາລັບຄົນທີ່ມີອາຍຸ 12 ປີ ຂຶ້ນໄປ ຍ້ອນນໍ້າໜັກ ແລະຂະໜາດຂອງມັນ.

ແຫວ່ນຕາຄວາມເປັນຈິງ ທີ່ມີຂໍ້ມູນເສີມໃນດ້ານຮັກສາຄວາມສະຫງົບ ທີ່ຜະລິດ ໂດຍບໍລິສັດກູລທັນ (Goolton) ທີ່ຕັ້ງຢູ່ນະຄອນຫລວງປັກກິ່ງສາມາດໃຊ້ໂດຍ ຕໍາຫລວດ ເພື່ອຊອກຫາຜູ້ຕ້ອງສົງໄສໄດ້.

ທ່ານນາງ ຊາຣາ ເຊັງ (Sarah Zheng) ຈາກບໍລິສັດກູລທັນ (Goolton) ກ່າວວ່າ: “ຕໍາຫລວດ ສາມາດທີ່ຈະຕັ້ງບັນຊີດໍາ ແລະກວດເບິ່ງຄົນແບບຄ້າວໆ ຢູ່ໃນ ຝຸງຊົນ ແລະກໍຊອກຫາຜູ້ກະທໍາຜິດທາງອາຍາໄດ້ຢ່າງວ່ອງໄວຫລາຍທີ່ສຸດ.”

ໂດຍປະກອບມີໂປຣແກຣມທີ່ຈື່ໜ້າຄົນໄດ້, ວີດິໂອ ແລະພາບທີ່ແຫວ່ນຕາສະ ຫລາດພວກນີ້ຈັບໄດ້ ສາມາດສົ່ງໄປໃຫ້ເຈົ້າໜ້າທີ່ ດ້ານການຮັກສາຄວາມສະ ຫງົບ ທີ່ບໍ່ຢູ່ໃນສະຖານທີ່ນັ້ນໃຫ້ວິໄຈຂໍ້ມູນໄດ້.

ແນ່ນອນ, ມັນມີຄວາມເປັນຫ່ວງດ້ານຄວາມເປັນສ່ວນຕົວ ຢູ່ກັບທຸກອຸປະກອນທີ່ ມີກ້ອງຖ່າຍພາບ ຢູ່ໃນຕົວນັ້ນ, ຊຶ່ງເປັນເຫດຜົນອັນນຶ່ງ ທີ່ພວກລູກຄ້າປະຕິເສດ ບໍ່ຊື້ Google Glass ຫລື ແຫວ່ນຕາກູໂກລ.

ແຕ່ວ່າ ການແຂ່ງຂັນຂອງບໍລິສັດເທັກໂນໂລຈີທັງໃຫຍ່ ແລະນ້ອຍ ທີ່ຈະຫັນ ເອົາສິ່ງຂອງທີ່ໃຊ້ໃນຊີວິດປະຈໍາວັນ ເຊັ່ນແຫວ່ນຕາ ໃຫ້ກາຍເປັນບາງສິ່ງບາງ ຢ່າງທີ່ສະຫລາດໄດ້ ຍັງດໍາເນີນໄປຢູ່.

The advent of the smartphone has changed human behavior. Will smart glasses be the next big intelligent technology? Google tried it more than six years ago with the Google Glass. It did not take off, largely because of privacy concerns. But companies big and small in several countries are still working on smart glasses, including Facebook. There are also reports that Apple is working on a version. VOA’s Elizabeth Lee has more on what's currently on the market and their varied applications.

First there was the keyboard, then the touch screen. Some tech companies say a wearable pair of glasses could be the next leap in technology even if it didn't work out for Google Glass.

Liz Goodno, Snap Inc. Product Communications: “In the future, we won’t be only limited to our smartphones when it comes to understanding the world around us, so this is our early investment in that future.”

The U.S.-based company Snap’s investment is this: The Spectacles 3 sunglasses. This third version is smarter than the previous ones. It has two cameras. The corner of the glasses lights up when recording video and allows the wearer to put 3D objects in the video. Here are some flowers…

“Or the bird which is really cool”

In a very different application, the AMglass by Hong Kong based Pacific Future allows theme park visitors to have a different kind of experience through augmented reality. During the launch of the smart glasses around Halloween, this park became extra scary.

Kien Lee, Pacific Future Founder: “There’s ghosts everywhere, mixed with the real buildings.”

The glasses are used in theme parks in China and Malaysia. With a processor inside......these augmented reality glasses are designed for ages 12 and up because of its weight and size.

Augmented-reality security glasses made by Beijing-based Goolton can be used by police to identify suspects.

Sarah Zheng, Goolton: “He (police) can set a blacklist and scan in a crowd of people and find a criminal very soon.”

Armed with facial recognition software, video or images captured by these smart glasses can be sent to security officials off-site for analysis.

Of course, there are privacy concerns with any device that comes with built-in cameras, one of the reasons consumers rejected Google Glass.

Still, the race is on for tech companies big and small to turn an everyday item like glasses into something smarter.",ບາງບໍລິສັດດ້ານເທັກໂນໂລຈີ ເວົ້າວ່າ ແຫວ່ນທີ່ສວມໃສ່ໄດ້ ອາດຈະເປັນການກ້າວກະໂດດຂັ້ນ ໃນທາງເທັກໂນໂລຈີ ຂັ້ນຕໍ່ໄປ ເຖິງແມ່ນວ່າ ມັນຈະບໍ່ສໍາເລັດຜົນ ສໍາລັບ Google Glass ກໍຕາມ.,mal,voanews,VOA News,fake news,1617ef21-8c78-4d39-a06a-259974ad7072,article,MassiveSum
https://nra.lv/izklaide/p-s-kultura/gramatu-apskats/144099-gramatu-apskats-andris-ogrins-plaukstu-skersielas.htm,https://nra.lv/izklaide/p-s-kultura/gramatu-apskats/144099-gramatu-apskats-andris-ogrins-plaukstu-skersielas.htm,GRĀMATU APSKATS: Andris Ogriņš. Plaukstu šķērsielas,,"Pats autors šo dzeju krājumu raksturo šādi: «Šī grāmata ir tāda kā atkāpšanās jeb nogriešanās no fatālā, it kā no galvenās ielas uz šķērsieliņu, meklējot tur iespējamās mirklīgās patiesības. Mazajā saskatīt un izpētīt lielo un mūžīgo.» «man bail no tā kas uzpilēs uz papīra/ kūstot pelēkajiem mākoņiem/ dzīvot priecīgākiem par melno fonu/ neredzams ceļa rādītājs/ tikai sapņos skaitītām aknām»",Mansards,mal,nra,NRA,fake news,79d293e2-c78f-4fc5-a230-7cbbe12c9a2e,article,MassiveSum
https://lao.voanews.com/a/december-14-2018/4702230.html,https://lao.voanews.com/a/december-14-2018/4702230.html,ພາບເດັ່ນ ປະຈຳ ວັນທີ 14 ທັນວາ 2018,,A look at the best news photos from around the world.,A look at the best news photos from around the world.,mal,voanews,VOA News,fake news,3374d835-7f7b-4016-b601-af2db5923129,article,MassiveSum
https://www.madhyamam.com/local-news/malappuram/2018/feb/12/426460,,'വള്ളിക്കുന്ന് റെയിൽവേ സ്​റ്റേഷൻ അധികൃതർ നിലപാട് തിരുത്തണം',,"വള്ളിക്കുന്ന്: യാത്രാസംബന്ധമായ വിവിധ കാര്യങ്ങൾ അന്വേഷിച്ചറിയുന്നതിനായി സ്റ്റേഷനിലേക്ക് വിളിക്കുന്ന യാത്രക്കാരെ, ഫോണെടുക്കാതെ ചുറ്റിക്കുന്ന നിലപാട് വള്ളിക്കുന്ന് റെയിൽവേ സ്റ്റേഷൻ അധികൃതർ അവസാനിപ്പിക്കണമെന്ന് എൻ.സി.പി ന്യൂനപക്ഷ വകുപ്പ് വള്ളിക്കുന്ന് ബ്ലോക്ക് കമ്മിറ്റി ആവശ്യപ്പെട്ടു. നിലപാട് തിരുത്തുന്നില്ലെങ്കിൽ റെയിൽവേ സ്റ്റേഷൻ മാർച്ച് ഉൾപ്പെടെ സമരപരിപാടികൾ സംഘടിപ്പിക്കുമെന്ന് ജില്ല പ്രസിഡൻറ് അബുലൈസ് തേഞ്ഞിപ്പലം പറഞ്ഞു. ബ്ലോക്ക് പ്രസിഡൻറ് കെ.പി. മുഹമ്മദ് കുട്ടി പാണമ്പ്ര അധ്യക്ഷത വഹിച്ചു. മംഗലശേരി കേശവൻ, ചൊക്ലി ഇസ്ഹാഖ്, കോന്തേടത്ത് മജീദ്, താജു റഹിം, റഫീഖ് വള്ളിക്കുന്ന്, കുമ്മനാരി ബാവ, ചെമ്മല റഷീദ്, സുനിൽ കരുപ്പാര, കൊണ്ടാടൻ മൊയ്തീൻ കുട്ടി ഹാജി എന്നിവർ സംസാരിച്ചു.","വള്ളിക്കുന്ന്: യാത്രാസംബന്ധമായ വിവിധ കാര്യങ്ങൾ അന്വേഷിച്ചറിയുന്നതിനായി സ്റ്റേഷനിലേക്ക് വിളിക്കുന്ന യാത്രക്കാരെ, ഫോണെടുക്കാതെ ചുറ്റിക്കുന്ന നിലപാട് വള്ളിക്കുന്ന് റെയിൽവേ സ്റ്റേഷൻ അധികൃതർ...",mal,madhyamam,Madhyamam,fake news,aac870c1-9b43-4608-ac41-0e4b84db1486,article,MassiveSum
https://www.madhyamam.com/local-news/kannur/585784,,സമസ്ത വൈസ് പ്രസിഡൻറ്​ കെ.പി. അബ്​ദുല്‍ ജബ്ബാര്‍ മുസ്‌ലിയാര്‍ നിര്യാതനായി,,"മംഗളൂരു: സമസ്ത കേരള ജംഇയ്യതുല്‍ ഉലമ വൈസ് പ്രസിഡൻറും പ്രമുഖ പണ്ഡിതനുമായ മീത്തബയല്‍ കെ.പി. അബ്ദുല്‍ ജബ്ബാര്‍ മുസ ്‌ലിയാര്‍ (72) നിര്യാതനായി. ശ്വാസകോശസംബന്ധമായ അസുഖത്തിനു ചികിത്സയിലായിരുന്നു. ഇന്നലെ വൈകീട്ട് 6.30ഓടെ മംഗളൂരു മീത്തബയലിലെ സ്വവസതിയിലായിരുന്നു അന്ത്യം. ലക്ഷദ്വീപിലെ കില്‍ത്താനില്‍ ജനിച്ച അദ്ദേഹം മംഗളൂരു കേന്ദ്രീകരിച്ചായിരുന്നു പ്രവര്‍ത്തിച്ചിരുന്നത്. ദീര്‍ഘകാലമായി സമസ്ത കേരള ജംഇയ്യതുല്‍ ഉലമ മുശാവറ അംഗമായി പ്രവര്‍ത്തിക്കുന്ന അദ്ദേഹത്തെ 2017 ജനുവരി 22നാണ് സമസ്ത വൈസ് പ്രസിഡൻറായി െതരഞ്ഞെടുത്തത്. 50 വര്‍ഷത്തോളമായി മീത്തബയല്‍ ജുമാമസ്ജിദില്‍ മുദരിസായി സേവനമനുഷ്ഠിച്ചുവരുകയായിരുന്നു. വെല്ലൂര്‍ ബാഖിയ്യാത്ത്, പൊന്നാനി, ദയൂബന്ത് എന്നിവിടങ്ങളിലായിരുന്നു പഠനം. സക്കീന ബീവിയാണ് ഭാര്യ. മക്കള്‍: മുഹമ്മദ് ഇര്‍ഷാദ് ദാരിമി (മുഅല്ലിം, മീത്തബയല്‍ മുഹ്‌യിദ്ദീന്‍ മദ്‌റസ), ഹാഷിം അര്‍ഷദി (മുഅല്ലിം, താലിപ്പടപ്പ് മദ്‌റസ), ഫത്തഹുല്ല ദാരിമി (താലിപ്പടപ്പ് മസ്ജിദ് ഖത്തീബ്), മുന്‍ദിര്‍ അര്‍ഷദി (മുഅല്ലിം, താലിപ്പടപ്പ് മദ്‌റസ), റിസ്‌വാന്‍ അസ്ഹരി ഫൈസി (മുഅല്ലിം, നെഹ്‌റു നഗര്‍ മദ്‌റസ), മുഹമ്മദലി അര്‍ഷദി (താലിപ്പടപ്പ് ഹിഫ്ദുൽ ഖുര്‍ആന്‍ കോളജ് അധ്യാപകന്‍), അബ്ദുറഹ്മാന്‍ അന്‍സാരി (മുഅല്ലിം, താലിപ്പടപ്പ് മദ്‌റസ), ഇബ്രാഹിം, അബൂബക്കര്‍ (ഇരുവരും പയ്യക്കി ഇസ്‌ലാമിക് അക്കാദമി വിദ്യാര്‍ഥികള്‍, ഉപ്പള), അബ്ദുല്ല (കജെ, കര്‍ണാടക), നസീബ, ഫാത്തിമ. മരുമക്കള്‍: റഹ്മത്ത്, നഫീസത്ത്ബി, തല്‍ഹ, മുഹസിന്‍ ഫൈസി (ഖത്തീബ്, താഴെ മീത്തബയല്‍ അറഫാ മസ്ജിദ്), ഹക്കീം യമാനി (മുഅല്ലിം, താലിപ്പടപ്പ് മദ്‌റസ), ജസീറ, ഷാക്കിറ. സഹോദരങ്ങള്‍: ഡോ. ആറ്റക്കോയ (ലക്ഷദ്വീപ് കിൽത്താനി ദ്വീപ്), അസ്ഹര്‍ ഫൈസി, നാസര്‍ ഫൈസി (ഇമാം പടന്ന മസ്ജിദ്), മുഹമ്മദ് റാസി (ലക്ഷദ്വീപ് കിൽത്താനി ദ്വീപ്), ബീവി കദീജ, പരേതരായ കുഞ്ഞിക്കോയ, റുഖിയബി. ഖബറടക്കം ബുധനാഴ്ച ഉച്ച 12ന് മീത്തബയല്‍ മുഹ്‌യുദ്ദീന്‍ ജുമാമസ്ജിദ് ഖബര്‍സ്ഥാനില്‍. മയ്യിത്ത് ഇന്ന് സുബ്ഹി നിസ്‌കാരാനന്തരം മുഹ്‌യുദ്ദീന്‍ ജുമാമസ്ജിദ് പരിസരത്ത് പൊതുദര്‍ശനത്തിനുെവക്കും. ദക്ഷിണ കന്നട ജില്ലയിലെ സമസ്ത മദ്‌റസകള്‍ക്ക് ബുധനാഴ്ച അവധി നല്‍കി.",മംഗളൂരു: സമസ്ത കേരള ജംഇയ്യതുല്‍ ഉലമ വൈസ് പ്രസിഡൻറും പ്രമുഖ പണ്ഡിതനുമായ മീത്തബയല്‍ കെ.പി. അബ്ദുല്‍ ജബ്ബാര്‍ മുസ   ്‌ലിയാര്‍ (72) നിര്യാതനായി. ശ്വാസകോശസംബന്ധമായ അസുഖത്തിനു ചികിത്സയിലായിരുന്നു.,mal,madhyamam,Madhyamam,fake news,cd25b516-241a-4e41-b45f-fda6ded8197b,article,MassiveSum
https://www.madhyamam.com/kerala/local-news/palakkad/--583414,,പട്ടികജാതി കുടുംബത്തിന് വൈദ്യുതി എത്തിച്ച് കെ.എസ്.ഇ.ബി,,"മണ്ണൂർ: അപേക്ഷ നൽകി രണ്ടു മാസമായിട്ടും വൈദ്യുതി ലഭിക്കാത്ത പട്ടികജാതി കുടുംബത്തിന് ഒടുവിൽ കെ.എസ്.ഇ.ബിയുടെ ഇടപെടലിൽ വെളിച്ചമെത്തി. വഴിയില്ലാത്തതും മരങ്ങളും തടസ്സമായതോടെയാണ് വെളിച്ചം എത്തിപ്പെടാൻ വൈകിയത്. നിർധന കുടുംബത്തിന് എല്ലാ തടസ്സങ്ങളും മാറ്റി വൈദ്യുതി എത്തിച്ചാണ് കെ.എസ്.ഇ.ബി ജീവനക്കാർ മടങ്ങിയത്. മണ്ണൂർ മണിയംകോട് പിലാത്തൊടി വീട്ടിൽ വാസു–ശാന്ത കുടുംബത്തിനാണ് പത്തിരിപ്പാല കെ.എസ്.ഇ.ബി സാങ്കേതിക തടസ്സങ്ങളെല്ലാം മാറ്റിവെച്ച് വൈദ്യുതി എത്തിച്ചത്. രണ്ടു പോസ്​റ്റുകൾ സ്ഥാപിച്ചു. ഓവർസിയർ സുരേഷ് കുമാർ, രാജൻ, എന്നിവരാണ് നേതൃത്വം നൽകിയത്. സ്വിച്ച് ഓൺ കർമം സി.പി.ഐ മണ്ണൂർ ലോക്കൽ സെക്രട്ടറി തങ്കപ്പൻ നിർവഹിച്ചു. എ.ഐ.വൈ.എഫ് നേതാവ് പിഞ്ചുവും പങ്കെടുത്തു. pew switch on മണ്ണൂരിൽ പട്ടികജാതി കുടുംബത്തിന് കെ.എസ്.ഇ.ബി എത്തിച്ച വൈദ്യുതി, സ്വിച്ച് ഓൺ കർമം സി.പി.ഐ ലോക്കൽ സെക്രട്ടറി തങ്കപ്പൻ നിർവഹിക്കുന്നു",പട്ടികജാതി കുടുംബത്തിന്  വൈദ്യുതി എത്തിച്ച് കെ.എസ്.ഇ.ബി,mal,madhyamam,Madhyamam,fake news,8f78e627-54c2-49c2-bebb-90a0a16faf79,article,MassiveSum
https://www.dengeamerika.com/a/khf-5-13-151307745/1247520.html,https://www.dengeamerika.com/a/khf-5-13-151307745/1247520.html,Dr. Kaval: Li Başûr Kurd Bûne Aktorên Sîyasî yên Navdeweletî,,"Mamosteyê Zankoya Selahaddîn Dr.Musa Kaval di çarçoveya pêşveçûnên di rojhilata Navîn de li ser rewşa Kurdan dibêje ku li Başûr Kurd bûne aktorên sîyasî ên navdeweletî.

Dr. Kaval li ser tifaqa partîyên Kurdan dibêje ku ev tifaqeka dereng mayî ye û bela ku siyaseteka baştir nake BDP'ê jî rexne dike.

Musa Kaval destnîşan dike ku problema Avrupa digel Kurdan nîne, problema wan digel îdeolojîya partiyeka siyasî ya Kurdan heye.

Jibo guhdarîkirina hevpeyvîna peyamnêr Xecîcan Farqîn bi Dr. Kaval re, fayla dengî li rexê rastê vê rûpelê kilîk bike.",Hevpeyvîneke taybet bi Mamosteyê Zankoya Selahaddîn Dr.Musa Kaval re.,mal,dengeamerika,Denge Amerika,fake news,dc10e3ed-1c63-41df-bdda-1ba1746ae19b,article,MassiveSum
https://www.madhyamam.com/local-news/kochi/2018/mar/29/456426,https://www.madhyamam.com/local-news/kochi/2018/mar/29/456426,കാണാനില്ല | Madhyamam,,"ആലപ്പുഴ: കന്യാകുമാരി പള്ളവിള പെരുവിലാവ് ഫസ്റ്റ് ഗംഗാനഗർ സ്ട്രീറ്റ് ഗോപാലകൃഷ്ണനെ (47) ഇൗ മാസം 23 മുതൽ . കരീലക്കുളങ്ങര പൊലീസ് സ്റ്റേഷനിൽ കേസ് രജിസ്റ്റർ ചെയ്തിട്ടുണ്ട്. 5.5 അടി ഉയരം, കറുത്ത നിറം എന്നിവയാണ് ലക്ഷണം. ഇയാളെക്കുറിച്ച് എന്തെങ്കിലും വിവരം ലഭിക്കുന്നവർ 0479 2404611, 9497980275 നമ്പറുകളിൽ ബന്ധപ്പെടണമെന്ന് പൊലീസ് അറിയിച്ചു.","ആലപ്പുഴ: കന്യാകുമാരി പള്ളവിള പെരുവിലാവ് ഫസ്റ്റ് ഗംഗാനഗർ സ്ട്രീറ്റ് ഗോപാലകൃഷ്ണനെ (47) ഇൗ മാസം 23 മുതൽ . കരീലക്കുളങ്ങര പൊലീസ് സ്റ്റേഷനിൽ കേസ് രജിസ്റ്റർ ചെയ്തിട്ടുണ്ട്. 5.5 അടി ഉയരം, കറുത്ത നിറം...",mal,madhyamam,Madhyamam,fake news,8c61fc13-3f5f-4c23-a9b2-819804745d38,article,MassiveSum
https://www.madhyamam.com/local-news/malappuram/661163,,പൗരത്വനിയമം മതരാഷ്​ട്രമാക്കി മാറ്റുന്നതി​െൻറ തുടക്കം -എം.എൻ. കാരശ്ശേരി,,"പൗരത്വനിയമം മതരാഷ്ട്രമാക്കി മാറ്റുന്നതിൻെറ തുടക്കം -എം.എൻ. കാരശ്ശേരി പൊന്നാനി: രാജ്യത്തെ മതരാഷ്ട്രമാക്കി മാറ ്റാനുള്ള ശ്രമത്തിൻെറ തുടക്കമാണ് ദേശീയ പൗരത്വ ഭേദഗതി നിയമമെന്ന് പ്രഫ. എം.എൻ. കാരശ്ശേരി. പുരോഗമന കലാസാഹിത്യ സംഘം സംസ്ഥാന സമ്മേളനഭാഗമായി നടന്ന 'ഫാഷിസത്തിനെതിരെ ജനകീയകല' സെമിനാർ ഉദ്ഘാടനം ചെയ്യുകയായിരുന്നു അദ്ദേഹം. മതത്തിൻെറ പേരിൽ പൗരത്വം നൽകി രണ്ട് തട്ടുകളിലാക്കി മാറ്റുകയാണ്. പീഡനത്തിൻെറ പേരിലാണ് പൗരത്വം നൽകുന്നതെങ്കിൽ എന്തുകൊണ്ട് മറ്റു രാജ്യങ്ങളിലെ പീഡനം അനുഭവിക്കുന്നവർക്ക് പൗരത്വം നൽകുന്നിെല്ലന്നും അദ്ദേഹം ചോദിച്ചു. അസമിൽ പൗരത്വ പട്ടികയിൽനിന്ന് ആദ്യം പുറത്തായത് അഞ്ച് തവണ നിയമസഭാംഗവും സ്വതന്ത്ര ഇന്ത്യയുടെ ചരിത്രത്തിൽ ആദ്യ വനിത അസം മുഖ്യമന്ത്രിയുമായ സയ്യിദ അൻവാറ ടൈമൂറാെണന്നും അദ്ദേഹം പറഞ്ഞു. കെ.ജി. പൗലോസ് അധ്യക്ഷത വഹിച്ചു. ഡോ. ഹുസൈൻ രണ്ടത്താണി, എ.കെ. നമ്പ്യാർ എന്നിവർ സംസാരിച്ചു. ശശിധരൻ ക്ലാരി സ്വാഗതവും പി.എം. ആറ്റുണ്ണി തങ്ങൾ നന്ദിയും പറഞ്ഞു.",പൗരത്വനിയമം മതരാഷ്ട്രമാക്കി മാറ്റുന്നതിൻെറ തുടക്കം -എം.എൻ. കാരശ്ശേരി പൊന്നാനി: രാജ്യത്തെ മതരാഷ്ട്രമാക്കി മാറ   ്റാനുള്ള ശ്രമത്തിൻെറ തുടക്കമാണ് ദേശീയ പൗരത്വ ഭേദഗതി നിയമമെന്ന് പ്രഫ. എം.എൻ.,mal,madhyamam,Madhyamam,fake news,4826a5bc-33f7-4c8e-8db0-c081c5618ddb,article,MassiveSum
https://www.madhyamam.com/kerala/no-changes-university-exams-kerala-news/669422,,സർവകലാശാല പരീക്ഷകൾ മാറ്റില്ല; ആരോഗ്യവകുപ്പി​െൻറ മാനദണ്ഡങ്ങൾ പാലിച്ച് പരീക്ഷ പൂർത്തിയാക്കും,,"തിരുവനന്തപുരം: സംസ്ഥാനത്ത് സർവകലാശാല പരീക്ഷകൾ മാറ്റിവെക്കേണ്ടതില്ലെന്ന് സർക്കാർ തീരുമാനം. ആരോഗ്യവകുപ്പി​െൻറ മാനദണ്ഡങ്ങൾ കർശനമായി പാലിച്ചുകൊണ്ടായിരിക്കും പരീക്ഷകൾ പൂർത്തിയാക്കുക. ഇക്കാര്യം യു.ജി.സിയെ അറിയിക്കുമെന്ന് ഉന്നത വിദ്യാഭ്യാസ മന്ത്രി ഡോ.കെ.ടി ജലീൽ അറിയിച്ചു.

സർവകലാശാല പരീക്ഷകളും മൂല്യനിർണയവും മാർച്ച് 31 വരെ മാറ്റിവെക്കാൻ യു.ജി.സി നിർദേശം നൽകിയിരുന്നു. ഇൗ സാഹചര്യത്തിലാണ് സർക്കാർ തീരുമാനം യു.ജി.സിയെ അറിയിക്കാൻ തീരുമാനിച്ചത്.

അതേസമയം, കേന്ദ്രീകൃത മൂല്യനിർണയ ക്യാമ്പുകൾക്ക് പകരം വീട്ടിൽ നിന്നുള്ള മൂല്യനിർണയം നടത്തുന്നത് സംബന്ധിച്ച് സർക്കാർ സർവകലാശാലകളുമായി ആലോചന നടത്തും. ഇക്കാര്യത്തിൽ അന്തിമ തീരുമാനമെടുത്തിട്ടില്ല.",തിരുവനന്തപുരം: സംസ്ഥാനത്ത് സർവകലാശാല പരീക്ഷകൾ മാറ്റിവെക്കേണ്ടതില്ലെന്ന് സർക്കാർ തീരുമാനം. ആരോഗ്യവകുപ്പി​െൻറ മാനദണ്ഡങ്ങൾ കർശനമായി പാലിച്ചുകൊണ്ടായിരിക്കും പരീക്ഷകൾ പൂർത്തിയാക്കുക. ഇക്കാര്യം...,mal,madhyamam,Madhyamam,fake news,449aae97-2b18-41f6-b475-0b50fcf6b786,article,MassiveSum
https://www.madhyamam.com/local-news/thrissur/2018/mar/23/452116,https://www.madhyamam.com/local-news/thrissur/2018/mar/23/452116,അന്തിമഹാകാളന്‍ കാവ് വേല: വെടിക്കെട്ടിന് അനുമതി,,"ചേലക്കര: അന്തിമഹാകാളന്‍ കാവ് വേലക്ക് വെടിക്കെട്ട് നടത്തുന്നതിന് ഉപാധികളോടെ ഹൈകോടതി അനുമതി നല്‍കിയതായി വേല കോ-ഓഡിനേഷന്‍ കമ്മിറ്റി ചെയര്‍മാന്‍ രാജേഷ് നമ്പ്യാത്ത്, കണ്‍വീനര്‍ കെ. സന്താനഗോപാലന്‍, പി.കെ.സുനില്‍കുമാര്‍ (പങ്ങാരപ്പിള്ളി), കെ.ജി. രാമദാസ് (വെങ്ങാനെല്ലൂര്‍), രാജന്‍ നമ്പ്യാത്ത്(കുറുമല), ചന്ദ്രന്‍ മണ്ണംപറമ്പില്‍(തോന്നൂര്‍ക്കര) എന്നിവര്‍ അറിയിച്ചു.","ചേലക്കര: അന്തിമഹാകാളന്‍ കാവ് വേലക്ക് വെടിക്കെട്ട് നടത്തുന്നതിന് ഉപാധികളോടെ ഹൈകോടതി അനുമതി നല്‍കിയതായി വേല കോ-ഓഡിനേഷന്‍ കമ്മിറ്റി ചെയര്‍മാന്‍ രാജേഷ് നമ്പ്യാത്ത്, കണ്‍വീനര്‍ കെ. സന്താനഗോപാലന്‍,...",mal,madhyamam,Madhyamam,fake news,1fe18b49-2db1-4a92-9be1-4adec81c0454,article,MassiveSum
https://www.madhyamam.com/local-news/kottayam/2018/apr/20/470179,,കുടുംബശ്രീ വാര്‍ഷികാഘോഷം അഭയഭവനിലെ അന്തേവാസികള്‍ക്കൊപ്പം,,"കാഞ്ഞിരപ്പള്ളി: ഗ്രാമപഞ്ചായത്ത് 13ാം വാര്‍ഡിലെ കുറുങ്കണ്ണി മൈത്രി കുടുംബശ്രീ വാര്‍ഷികം അഞ്ചിലിപ്പ അഭയഭവനിലെ അന്തേവാസികൾക്കൊപ്പം ആഘോഷിച്ചു. വിഭവസമൃദ്ധമായ സദ്യയുമുണ്ടായിരുന്നു. പഞ്ചായത്ത് അംഗം കെ.എസ്. സുരേന്ദ്രന്‍ കാലായില്‍ ഉദ്ഘാടനം ചെയ്തു. പഞ്ചായത്ത് അംഗം റോസമ്മ വെട്ടിത്താനം, ഫാ. സെബാസ്റ്റ്യന്‍ കൊല്ലംകുന്നേല്‍, സിസ്റ്റര്‍ ലിറ്റ്, സിസ്റ്റര്‍ റെമി, കുടുംബശ്രീ ചെയര്‍പേഴ്‌സണ്‍ കെ.എന്‍. സരസമ്മ, സി.ഡി.എസ് അംഗം നിസ സലീം, എ.ഡി.എസ് അംഗം രജനി റെജി, മൈത്രി കുടുംബശ്രീ പ്രസിഡൻറ് ഓമന രാജു എന്നിവര്‍ സംസാരിച്ചു. പാലാ നഗരസഭയിൽ കരട് മാസ്റ്റർ പ്ലാൻ തയാറായി പാലാ: നഗരസഭയിലെ കരട് മാസ്റ്റർ പ്ലാൻ തയാറായി. ഇതുസംബന്ധിച്ച് പൊതുജനങ്ങൾക്കുള്ള പരാതി 60ദിവസത്തിനുള്ളിൽ സെക്രട്ടറിക്ക് സമർപ്പിക്കണം. മുൻ മാസ്റ്റർ പ്ലാനിനെപ്പറ്റി നൂറുകണക്കിന് പരാതി ഉയർന്ന സാഹചര്യത്തിലാണ് അവ പരിഹരിച്ച് പുതിയ മാസ്റ്റർ പ്ലാൻ തയാറാക്കിയതെന്ന് ചെയർപേഴ്സൺ പ്രഫ. ഡോ. സെലിൻ റോയി തകിടിയേൽ കൗൺസിൽ യോഗത്തിൽ പറഞ്ഞു. പുതിയ പ്ലാനി​െൻറ അടിസ്ഥാനത്തിലാണ് ഇനി കെട്ടിടനിർമാണ അനുമതിയെന്ന് ചെയർപേഴ്സൺ വിശദീകരിച്ചു. െറസിഡൻറ്സ് അസോസിയേഷൻ ഭാരവാഹികൾ, വിവിധ ലൈസൻസികൾ, സ്വാശ്രയ സംഘങ്ങൾ എന്നിവരെയെല്ലാം വിളിച്ചുകൂട്ടി മാസ്റ്റർ പ്ലാൻ സംബന്ധിച്ച് വിശദീകരണം നൽകാനും തീരുമാനമായി. മാസ്റ്റർ പ്ലാനിലെ ഏറ്റവും പ്രധാനപ്പെട്ട ഭാഗമായ സോൺ തരംതിരിവ് വാർഡുസഭകൾ വിളിച്ചുകൂട്ടിയും വിശദീകരിക്കുന്നുണ്ട്. ചർച്ചയിൽ വൈസ് ചെയർമാൻ കുര്യാക്കോസ് പടവൻ, ടോണി തോട്ടം, പ്രസാദ് പെരുമ്പള്ളിൽ, റോയി ഫ്രാൻസിസ്, ബിജു പാലൂപ്പടവിൽ, ജോർജുകുട്ടി ചെറുവള്ളിൽ, അഡ്വ. ബെറ്റി ഷാജു, ബിജി ജോജോ കുടക്കച്ചിറ തുടങ്ങിയവർ പങ്കെടുത്തു.",കാഞ്ഞിരപ്പള്ളി: ഗ്രാമപഞ്ചായത്ത് 13ാം വാര്‍ഡിലെ കുറുങ്കണ്ണി മൈത്രി കുടുംബശ്രീ വാര്‍ഷികം അഞ്ചിലിപ്പ അഭയഭവനിലെ അന്തേവാസികൾക്കൊപ്പം ആഘോഷിച്ചു. വിഭവസമൃദ്ധമായ സദ്യയുമുണ്ടായിരുന്നു. പഞ്ചായത്ത് അംഗം...,mal,madhyamam,Madhyamam,fake news,74e80e9e-cd1f-4f55-8d5f-d7be94597a3f,article,MassiveSum
https://lao.voanews.com/a/october-29-2014-day-in-photos/2501089.html,https://lao.voanews.com/a/october-29-2014-day-in-photos/2501089.html,ພາບ​ເດັ່ນ ປະ​ຈຳ ວັນ​ທີ 29 ຕຸ​ລາ 2014,,"3 An unmanned rocket owned by Orbital Sciences Corporation explodes just seconds after launch from Wallops Island, Virginia, on what was to be a resupply mission to the International Space Station. ""The Antares rocket suffered an accident shortly after lift-off,"" NASA mission control in Houston said, describing the blast as a ""catastrophic anomaly.""",,mal,voanews,VOA News,fake news,82f090c4-c0ab-4804-8cfc-0bbd8b900f1a,article,MassiveSum
https://nra.lv/latvija/229061-politologs-vejona-18-novembra-uzruna-bija-neierasta.htm,https://nra.lv/latvija/229061-politologs-vejona-18-novembra-uzruna-bija-neierasta.htm,Politologs: Vējoņa 18.novembra uzruna bija neierasta,,"Valsts prezidents Raimonds Vējonis savā 18.novembra svētku uzrunā atkāpās no tradicionālā un drošā ceļa runāt par vēsturi un vairāk pievērsās skatījumam uz nākotni, sacīja politologs Filips Rajevskis.

""Jau ierasts šajās uzrunās dzirdēt par strēlniekiem, par 1918.gadu, bet ko tālāk? Līdz šim par nākotni gandrīz netika runāts, tāpēc tā ir pozitīva Vējoņa vakardienas svētku uzrunas iezīme,"" sacīja Rajevskis.Politologs norādīja, ka kopumā svētku uzruna bijusi ar vairākām jaunām iezīmēm, jauna ar savu formu un vīziju. ""To, ka prezidents runā par nākotni, sadzird arī diplomāti un citas ieinteresētās personas,"" sacīja Rajevskis.Viņš piebilda, ka Vējoņa svētku uzrunā varēja saklausīt arī ļoti diplomātiski paustu Latvijas mērķi ciešākai integrācijai tā dēvētajā ""pirmā ātruma Eiropā"". ""Prezidents pauda, ka gribam būt nevis starp tām valstīm, kuras nogaida un skatās, kas notiks tālāk, bet gan starp tām valstīm, kuras ir proeiropeiskās integrācijas virzītājas,"" skaidroja Rajevskis.Politologs norādīja, ka pozitīva iezīme bija arī Vējoņa paustais atbalsts izglītības reformai. ""Tā ir viena no smagākajām jomām, kurās notiek reformas, un reformām nav viennozīmīga atbalsta no visām iesaistītajām pusēm. Tāpēc šāds svētku uzrunā paustais atbalsts vērtējams kā drosmīgs,"" sacīja Rajevskis.

Mārtiņš Zilgalvis/ F64 Photo Agency

Kā ziņots, Vējonis sestdien savā svētku uzrunā norādīja - lai Latvija uzplauktu un dzīve kļūtu labāka, ne mirkli nedrīkst apstāties pie sasniegtā.""Tomēr, lai mūsu zeme uzplauktu un dzīve kļūtu labāka, mēs ne mirkli pie sasniegtā nedrīkstam apstāties. Latvija būs ilgdzīvotāja, jo mums ir brīvība veidot pašiem savu nākotni, un tā ir jāizmanto,"" pārliecināts Vējonis.Valsts prezidents uzsvēra, ka nākotne pieder mūsu bērniem un mazbērniem, un vērtīgākais, ko tiem var dot, ir laba izglītība. Tādēļ viņš aicināja turpināt sākto ceļu uz zināšanu sabiedrību, kā arī atbalstīt tos, kuri patlaban cīnās par nākotnes cienīgu izglītību un to, lai bērni ietu uz skolu ar prieku un būtu gatavi rītdienai.Mēs esam Eiropas valsts, bet arī šeit ir daudz darāmā, pauda Vējonis, uzsverot, ka, lai kļūtu par daļu no aktīvās Eiropas, jau tuvākajā desmitgadē mums jākļūst no ņēmējiem par devējiem - no bikliem ienācējiem Eiropas Savienībā par tās tālredzīgiem veidotājiem. ""Tā sevi apzinoties, mēs turpinātu veidot Eiropu kā atvērtu un daudzveidīgu, kā demokrātijas paraugu pārējai pasaulei,"" uzsvēra Valsts prezidents.Vējonis tāpat atgādināja, ka nākamais ir ne tikai svētku, bet arī Saeimas vēlēšanu gads. Nākamajā rudenī katram personīgi būs jāpieņem lēmums, kam uzticēt tiesības pārstāvēt Latvijas sabiedrību un pienākumu vest valsti uz priekšu, norādīja Valsts prezidents.","Valsts prezidents Raimonds Vējonis savā 18.novembra svētku uzrunā atkāpās no tradicionālā un drošā ceļa runāt par vēsturi un vairāk pievērsās skatījumam uz nākotni,  sacīja politologs Filips Rajevskis.",mal,nra,NRA,fake news,7f774aee-7a0d-4fbf-b361-881d88f03217,article,MassiveSum
https://www.madhyamam.com/local-news/trivandrum/2018/jun/02/496387,,മിന്നുന്ന വിജയം വർധിച്ച ജനപിന്തുണക്ക്​ തെളിവ്​ -ബാലഗോപാൽ,,കൊല്ലം: ജില്ലയിലെ തദ്ദേശ സ്വയംഭരണ സ്ഥാപനങ്ങളിൽ നടന്ന ഉപതെരഞ്ഞെടുപ്പിൽ എൽ.ഡി.എഫ് നേടിയ സമ്പൂർണ വിജയം ജനാധിപത്യ മുന്നണിക്കുണ്ടായ വർധിച്ച ജനപിന്തുണയും അംഗീകാരവും വ്യക്തമാക്കുന്നതാണെന്ന് സി.പി.എം ജില്ലാ സെക്രട്ടറി കെ.എൻ. ബാലഗോപാൽ പ്രസ്താവനയിൽ പറഞ്ഞു. ഇടതുപക്ഷത്തി​െൻറ മതനിരപേക്ഷ നിലപാടിനും തദ്ദേശ സ്വയംഭരണ സ്ഥാപനങ്ങൾ നടപ്പാക്കുന്ന ജനപക്ഷ വികസനത്തിനും ലഭിച്ച അംഗീകാരമാണിത്. സർക്കാറിനെതിരെ നടത്തിവന്ന കള്ള പ്രചാരണങ്ങൾക്കുള്ള മറുപടികൂടിയാണെന്നും അദ്ദേഹം പറഞ്ഞു. ബ്ലോക്ക് പഞ്ചായത്ത് പ്രസിഡൻറും വൈസ് പ്രസിഡൻറും രാജിവെച്ചു ഓച്ചിറ: എൽ.ഡി.എഫിലെ മുന്നണിധാരണ പ്രകാരം രണ്ടരവർഷം പൂർത്തിയാക്കിയതിനെ തുടർന്ന് ഓച്ചിറ ബ്ലോക്ക് പഞ്ചായത്ത് പ്രസിഡൻറ് സി.പി.ഐയിലെ ഷെർളി ശ്രീകുമാറും വൈസ് പ്രസിഡൻറ് സി.പി.എമ്മിലെ ആർ.കെ. ദീപയും സ്ഥാനങ്ങൾ രാജിവെച്ചു. അടുത്ത രണ്ടരവർഷം പ്രസിഡൻറായി എ. മജീദിനും (സി.പി.എം) വൈസ് പ്രസിഡൻറായി ശ്രീദേവി മോഹനും (സി.പി.ഐ) അവസരം നൽകാനാണ് മുൻധാരണ. പരിപാടികൾ ഇന്ന് കൊല്ലം പെൻഷനേഴ്സ് ഹാൾ: സതേൺ റെയിൽവേ എംപ്ലോയീസ് സംഘ് തിരുവനന്തപുരം ഡിവിഷൻ ബ്രാഞ്ച് സമ്മേളനം -ഉച്ച. 2.00 കൊല്ലം റെയിൽവേ സ്റ്റേഷൻ: ബെൻ മോറീസ് അനുസ്മരണം -വൈകു. 4.00 വടക്കേവിള യൂനുസ് കോളജ് ഓഫ് എൻജിനീയറിങ് ആൻഡ് ടെക്നോളജി: തൊഴിൽമേള ഉദ്ഘാടനം മന്ത്രി കെ. രാജു -രാവിലെ 9.00,കൊല്ലം: ജില്ലയിലെ തദ്ദേശ സ്വയംഭരണ സ്ഥാപനങ്ങളിൽ നടന്ന ഉപതെരഞ്ഞെടുപ്പിൽ എൽ.ഡി.എഫ് നേടിയ സമ്പൂർണ വിജയം ജനാധിപത്യ മുന്നണിക്കുണ്ടായ വർധിച്ച ജനപിന്തുണയും അംഗീകാരവും വ്യക്തമാക്കുന്നതാണെന്ന് സി.പി.എം...,mal,madhyamam,Madhyamam,fake news,259392a8-462a-41c6-929f-2b66e7d8fec6,article,MassiveSum
https://janayugomonline.com/delhi-nirbhaya-case-capital-punishment/,,നിര്‍ഭയ കേസ്: പ്രതികളുടെ ജനുവരി 22 ന് നടപ്പാക്കുന്നതിന് സ്‌റ്റേ,,"നിര്‍ഭയ കേസ് പ്രതികളുടെ വധശിക്ഷ ഈ മാസം 22 ന് നടപ്പാക്കുന്നതിന് സ്‌റ്റേ. പ്രതികളിലൊരാള്‍ ദയാഹര്‍ജി നല്‍കിയതിനെ തുടര്‍ന്നാണ് നടപടി. കേസിലെ നാല് പ്രതികളിലൊരാളായ മുകേഷ് സിങാണ് ദയാഹര്‍ജി നല്‍കിയത്.

ഡല്‍ഹി തീസ് ഹസാരി കോടതിയാണ് വധശിക്ഷ സ്‌റ്റേ ചെയ്തത്. ഇതേ കോടതിയാണ് മരണ വാറണ്ട് പുറപ്പെടുവിച്ചതും. സ്വന്തം ഉത്തരവ് പുനപരിശോധിക്കാന്‍ അധികാരമില്ലെന്നും വിചാരണക്കോടതി ജഡ്ജി വ്യക്തമാക്കി. നിര്‍ഭയ കേസ് പ്രതികളുടെ വധശിക്ഷ നടപ്പാക്കുന്നത് വൈകിയേക്കാമെന്ന് കോടതി ഹര്‍ജി പരിഗണിക്കുന്നതിനിടെ വ്യക്തമാക്കി. ജനുവരി 22ന് പ്രതികളെ തൂക്കിലേറ്റില്ലെന്ന് അറിയിച്ചുക്കൊണ്ട് തിഹാര്‍ ജയില്‍ അധികൃതര്‍ റിപ്പോര്‍ട്ട് നല്‍കണമെന്നും കോടതി നിര്‍ദേശിച്ചു.

നേരത്തെ മരണ വാറണ്ട് പ്രകാരം ജനുവരി 22ന് രാവിലെ ഏഴ് മണിക്ക് പ്രതികളെ തൂക്കിക്കൊല്ലാന്‍ ഉത്തരവിട്ടിരുന്നു. എന്നാല്‍ പ്രതി വീണ്ടും ദയാഹര്‍ജി നല്‍കുകയും അവയെല്ലാം കോടതിയില്‍ നിലനില്‍ക്കുകയും ചെയ്യുന്ന സാഹചര്യത്തില്‍ വധശിക്ഷ ഇപ്പോള്‍ നടപ്പാക്കാനാവില്ലെന്നും വാറണ്ട് താല്‍കാലികമായി സ്‌റ്റേ ചെയ്യുന്നുവെന്നും കോടതി അറിയിച്ചു.

നിലവില്‍ പ്രതികളുടെ ദയാഹര്‍ജി രാഷ്ട്രപതിക്ക് കൈമാറുന്നതിനായി കേന്ദ്രആഭ്യന്തരമന്ത്രാലയത്തിന്റെ പക്കലായതിനാല്‍ വധശിക്ഷ നടപ്പാക്കുന്നതിന് പുതിയ മരണവാറന്റ് വേണ്ടിവരും.",നിര്‍ഭയ കേസ്: പ്രതികളുടെ ജനുവരി 22 ന് നടപ്പാക്കുന്നതിന് സ്‌റ്റേ - Janayugom Online - News,mal,janayugomonline,Janayugomonline,fake news,16c8a3de-b792-495f-8f91-b58a0f9fb173,article,MassiveSum
https://www.madhyamam.com/local-news/thrissur/2017/aug/28/322859,https://www.madhyamam.com/local-news/thrissur/2017/aug/28/322859,പരിപാടികൾ ഇന്ന് | Madhyamam,,"കൊക്കാല ശക്തൻ നഗർ മൈതാനം: സിവിൽ സപ്ലൈസ് കോർപറേഷ​െൻറ ഓണം-ബക്രീദ് ജില്ല ഫെയർ -10.00 തൃശൂർ ഡി.സി.സി ഓഫിസ്: അയ്യങ്കാളി ജന്മദിന സമ്മേളനം -10.00 തൃശൂർ സാഹിത്യ അക്കാദമി ഹാൾ: എഴുത്തച്ഛൻ സമാജവും എഴുത്തച്ഛൻ എജുക്കേഷനൽ ട്രസ്റ്റും ചേർന്ന് സംഘടിപ്പിക്കുന്ന വിദ്യാർഥികൾക്കുള്ള അനുമോദനം -മന്ത്രി എ.സി. മൊയ്തീൻ -9.30 കോർപറേഷൻ ഓഫിസ്: ജനന, മരണ, വിവാഹ രജിസ്ട്രേഷൻ ഓൺലൈൻ ഉദ്ഘാടനം, ഓണാഘോഷം - മന്ത്രി എ.സി. മൊയ്തീൻ -5.00 സാഹിത്യ അക്കാദമി ചങ്ങമ്പുഴ മന്ദിരം: കേരള യൂത്ത് ക്ലബ് അസോസിയേഷ​െൻറ അയ്യങ്കാളി ജയന്തി ആഘോഷവും യുവപ്രതിഭ സംഗമവും. സെമിനാർ -3.00, ജയന്തി ആഘോഷ സമ്മേളനം -4.00 പറപ്പൂർ സഹകരണ ബാങ്ക് പരിസരം: തോളൂർ ഗ്രാമപഞ്ചായത്തി​െൻറ നാട്ടറിവ്, നാട്ടുത്സവം. വിദ്യാർഥി സംഗമം - 9.00, കലാമത്സരം -11.00, ലഹരി ബോധവത്കരണ സെമിനാർ -3.00, സംഗീത നൃത്തസന്ധ്യ -6.00 രാപ്പാൾ ശ്രീകൃഷ്്ണപുരം ക്ഷേത്രം: യജുർവേദ സംഹിതായജ്ഞം -6.30",കൊക്കാല ശക്തൻ നഗർ മൈതാനം: സിവിൽ സപ്ലൈസ് കോർപറേഷ​െൻറ ഓണം-ബക്രീദ് ജില്ല ഫെയർ -10.00 തൃശൂർ ഡി.സി.സി ഓഫിസ്: അയ്യങ്കാളി ജന്മദിന സമ്മേളനം -10.00 തൃശൂർ സാഹിത്യ അക്കാദമി ഹാൾ: എഴുത്തച്ഛൻ സമാജവും,mal,madhyamam,Madhyamam,fake news,60db1a2d-b0a3-4460-8468-40ad2de7da76,article,MassiveSum
https://www.15min.lt/naujiena/aktualu/lietuva/i-joniski-nutekejes-v-gailius-siekia-vadovauti-partijai-bet-leidzia-suprasti-kad-atgal-i-vilniu-nenoretu-56-1196624,https://www.15min.lt/naujiena/aktualu/lietuva/i-joniski-nutekejes-v-gailius-siekia-vadovauti-partijai-bet-leidzia-suprasti-kad-atgal-i-vilniu-nenoretu-56-1196624,"Į Joniškį „nutekėjęs“ V.Gailius: siekia vadovauti partijai, bet apie sugrįžimą į Vilnių nekalba",,"Per likusius vienerius Seimo kadencijos metus V.Gailius iš centrinės valdžios nebesitiki reikšmingų darbų ir sprendimų.

„Kas nebuvo padaryta per pirmuosius politinio sezono metus, tikrai nebus padaryta paskutiniais metais. Būtų gerai, kad nebūtų padaryta klaidų laikinos pergalės vardan“, – interviu 15min sakė Joniškio rajono meras.

– Dėl Joniškio rajono mero posto atsisakėte Seimo nario mandato. Ar nesigailėjote palikęs didžiąją politiką ir pasitraukęs į savivaldos lygį?

– Aš niekada nesigailiu dėl to, ką padarau. O dėl to, ką padarau, tiesiog didžiuojuosi savo sprendimais. Pasitikėjo joniškiečiai mano programa, pasitiki manimi ir aš džiaugiuosi galėdamas tarnauti Joniškio žmonėms. Tą darau labai nuoširdžiai.

– Matyt, stebite ir tai, kas vyksta Vilniuje. Kaip vertinate atnaujintą ministrų kabinetą? Ar per likusius kadencijos metus tikitės reikšmingesnių darbų, pokyčių?

– Reikšmingi darbai yra padaromi pirmais, antrais, retkarčiais – trečiais Seimo politinio sezono metais. Ketvirtais metais vyksta pasiruošimas rinkimams ir iš esmės visa veikla yra nukreipta į politinę reklamą. Tikėtis naudingų, atsakingų sprendimų, aš jų nesitikiu, kadangi turiu politinės patirties.

Kas nebuvo padaryta per pirmuosius politinio sezono metus, tikrai nebus padaryta paskutiniais metais. Būtų gerai, kad nebūtų padaryta klaidų laikinos pergalės vardan.

Arno Strumilos / 15min nuotr./Joniškio rajono meras Vitalijus Gailius

– Susisiekimo ir Žemės ūkio ministerijos, kurių veikla turi daug bendra su rajonų problematika, dirba su naujais ministrais.

– Jūs turbūt atsimenate mano repliką į Vyriausybės įstatymo projektą, kai buvo politizuojami ministerijų kancleriai. Pasisakiau iš esmės prieš, nes sprendimas politizuoti ministerijų kanclerius eliminavo ministerijos veiklos tęstinumą.

Ministras kažkiek daro įtaką programos ir programos įgyvendinimo plano įvykdymui, tačiau iš esmės šitame etape jie veiks tik siaurais politinės partijos, juos delegavusios į šitas pareigas, interesais. O apginti ministerijos interesą nebus kam, kadangi mes politizavome kanclerius.

Tuomet šaržavau, kad, taip, reikia politizuoti, nes valdantieji paprasčiausiai neturi tiek intelektualaus potencialo, kad norimi į ministerijų kanclerius paskirti žmonės gebėtų išsilaikyti valstybės tarnautojams ir vadovams keliamų reikalavimų egzaminus, turėtų pakankamai kompetencijos. Dabar nemažai ministerijų susiduria su šita problema.

Aš nemanau, kad kai kurie kancleriai gebėtų užimti savivaldybės valstybės tarnautojo pareigybes, nes jų kompetencija manęs netenkintų.

Džiaugiuosi, kad kertinėse ministerijose išliko kompetencija, išliko kancleriai, nes tiesiog ministrai pasirodė išmintingesni. Ko nepasakyčiau apie atskiras ministerijas, kur pasikeitė kancleriai ir, manau, jūs ten, Vilniuje, galite įvertinti, kokia kompetencija kanclerių veiduose atėjo. Aš nemanau, kad kai kurie kancleriai gebėtų užimti savivaldybės valstybės tarnautojo pareigybes, nes jų kompetencija manęs netenkintų. Čia yra daug aukštesnės kompetencijos žmonių nei kai kurių ministerijų kancleriai.

– Prezidentas Gitanas Nausėda žada daugiau dėmesio skirti Lietuvai, esančiai už didmiesčių ribų. Ko konkrečiai tikėtumėtės iš naujojo šalies vadovo?

– Jau tapo klasika mano teiginys, kad Lietuva ties Vilniaus riboženkliais nesibaigia. Lietuva yra čia, ji daug didesnė ir čia Lietuva nuoširdesnė – tai mano nuomonė. Jeigu yra tokia prezidento pozicija, aš ją sveikinu. Jeigu jis atkreips dėmesį į regionus, valio.

Šiandien Vyriausybę ir turbūt premjerą galiu pagirti dėl iniciatyvų grąžinti tas funkcijas, kurios iš esmės priklauso savivaldai – žemės klausimai. Nesuprantu, kam yra reikalinga Nacionalinė žemės tarnybos centrinė įstaiga. Ar tam, kad nesibaigtų žemės reforma?

Mano žiniomis, ministro pirmininko iniciatyva yra atrenkamos pilotinės savivaldybės, kurios spręs žemės klausimus pačios ir bus atsakingos už tai. Aš – už.

Mano žiniomis, ministro pirmininko iniciatyva yra atrenkamos pilotinės savivaldybės, kurios spręs žemės klausimus pačios ir bus atsakingos už tai. Aš – už.

Lygiai tas pats yra ir su įdarbinimo problema. Iš esmės už socialinę aplinką atsakinga savivaldybė ir mes turime įdarbinimo agentūras Lietuvoje. Mano nuomone, tai yra savivaldybės funkcija ir ji taip pat turi grįžti į savivaldybę.

Ar nėra galimybės centrinių įstaigų aptarnavimo centrus steigti savivaldybėse, kur ir kompetencijos, ir infrastruktūros klausimai tikrai išsispręstų? Aukštesnės kvalifikacijos žmonių, jaunų šeimų pritraukimas į regionus galėtų vykti per kompetencijų centrus. Centrinių įstaigų apskaitos, personalo tvarkymo centrai galėtų steigtis regionuose.

Pasiūlymų prezidentui turiu. Jeigu jis mane pakvies, aš jau dabar iš savivaldybės pozicijų tikrai pateiksiu jam daug idėjų. Esu pasirengęs susitikti su besiformuojančia profesionalia prezidento patarėjų komanda.

– Gyventojų skaičius Joniškio rajone nuolat mąžta. Viena vietos žurnalistė prisiminė, kad atsikrausčius į rajoną prieš keliasdešimt metų čia gyveno gerokai per 30 tūkst. žmonių, dabar – daugiau nei 20 tūkst. gyventojų. Kokią rajono ateitį projektuojate: esate pasirengę tapti vis „besitraukiančia“ savivaldybe ar planuojate keisti padėtį?

– Berods, gerbiamo Žygimanto Maurico skaičiavimais, esame viena iš savivaldybių, kur stabilizavosi situacija. Ir pas mus yra grįžtančių žmonių. Pas mane į priėmimą atėjo jauna šeima, kuri kitąmet grįžta iš Suomijos.

Arno Strumilos / 15min nuotr./Joniškio miesto akimirka

Pas mane lankėsi žmonės, grįžtantys iš Didžiosios Britanijos. Grįžta po studijų, po praktikų, užsidirbę pinigų grįžta. Pas mus būsto kainos kyla. Tai yra geras požymis.

Vėlgi – žemės klausimai. Valstybėje esančiame reglamentavime turime būsto kompensavimo tvarką. Rajonuose, tokiuose kaip Joniškis, žmonės yra linkę statytis namus ir schema labai paprasta. Detaliajame plane turime numatę atskiras teritorijas gyvenamųjų kvartalų plėtrai, namų valdos paskirties sklypus ir juos turėtumėme parduoti aukcione. Aukcione nupirktų verslas, o po to pardavinėtų. Tada pirktų žmonės, kuriems kompensuoja.

Aš iš tikrųjų dirbu šiuo klausimu su savo politine komanda ir bandysiu tą teikti Vyriausybei, kad galėtumėme suteikti grįžtančioms šeimoms sklypus kurtis. Manau, kad tai būtų efektyvesnė parama nei kompensuoti tą iš esmės spekuliacinę kainą.

– Nors sveikatos apsaugos ministras Aurelijus Veryga pristabdė arklius, G.Nausėda sako, kad sveikatos priežiūros įstaigų pertvarka turi būti tęsiama. Pirmiausia optimizavimas graso mažoms rajonų ligoninėms, tokioms kaip Joniškio. Čia yra sumažėję skyrių, trūksta tam tikrų specialistų. Kokias išeitis matote?

– Aš įsivaizduoju, kad prezidentas susipažino su sveikatos priežiūros sistema ir dalį savo programinių nuostatų perkėlė iš informacijos, kurią gavo Joniškyje.

Eriko Ovčarenko / 15min nuotr./Palata

Prezidentas lankėsi mūsų pirminės sveikatos priežiūros įstaigose, susitiko su privačiomis gydymo įstaigomis.

Pirminėje grandyje mes turime konkurenciją. Šioje grandyje mes teikiame paslaugą namuose, ne šaltose ambulatorijose nutolusiuose miesteliuose, kaimuose. Atvažiuoja į namus paslauga – ar lašinė, ar kraujo mėginys, ar spaudimas, temperatūra. Iš esmės ta ambulatorinė paslauga teikiama namuose.

Atvažiuoja į namus paslauga – ar lašinė, ar kraujo mėginys, ar spaudimas, temperatūra. Iš esmės ta ambulatorinė paslauga teikiama namuose.

Dėl ligoninės mūsų uždavinys yra, kad mūsų gyventojams, senjorams paslauga būtų kuo arčiau namų. Šiandien yra teikiamos kokybiškos paslaugos. Turime neseniai susiformavusią jauną chirurgų komandą, turime patyrusių medikų komandą.

Paslaugų plėtra – aš ir su ministru A.Veryga esu diskutavęs apie galimybę teikti sveikatos priežiūros paslaugas Latvijos Respublikos piliečiams. Latvijoje yra atsitraukęs, labai nutolęs sveikatos paslaugų prieinamumas. Iš esmės pirmas paslaugų centras yra Ryga.

Juliaus Kalinsko / 15min nuotr./Aurelijus Veryga

Savaitgaliais mūsų prekybos centrai, turgūs, gatvės užkištos latviais. Čia savaitgaliais lietuviškai kalbant mažai išgirsi. Tiesiog okupuoja mus latviai. Tai mes turėtumėme latviams pasiūlyti ir kitas paslaugas. Ne tik turgaus paslaugų prašo, kirpyklos, manikiūrinės ir t.t.

Latvijos infrastruktūra labai centralizuota, labai atsitraukusi nuo sienų. Ir aš labai kviečiu latvius, jais džiaugiuosi. Pats kalbu latviškai ir bendrauju su jais čia latviškai visada, padedu.

Mes turėtumėme ieškoti galimybių latviams pasiūlyti ir sveikatos priežiūros paslaugas.

Ligoninė yra mūsų prioritetas, mes esame įsipareigoję žmonėms, kad būtinosios antrinės paslaugos Joniškyje būtų teikiamos.

– „Valstiečių“ lyderis Ramūnas Karbauskis siūlo išlaikyti mažas regionų mokyklas, norėtų, kad daugiau atsakomybės dėl to prisiimtų savivalda. Ką apie tai manote? Kokia padėtis dėl moksleivių skaičiaus mažėjimo Joniškio rajone? Kiek mokyklų ar klasių pastaraisiais metais teko uždaryti?

– Padėtis mūsų rajone yra daug geresnė nei kitur. Pas mus nėra mokyklų ar gimnazijų po 70–90 vaikų. Nėra tokių mokyklų. Iš esmės yra viena nepilna klasė.

Žagarės gimnazijoje yra 12 klasė, kur taip jau susiklostė, kad į 12 klasę nesusirinko reikiamas skaičius moksleivių. Bet ačiū Joniškio politikams, kurie išmintingi. Nemanau, kad dvyliktokams reikėtų pasakyti, jog jie 12 klasę jau baigs ne Žagarėje ir ne su tais mokytojais, su kuriais dirbo dvylika metų, o kažkur kitur.

Alvydo Januševičiaus / 15min nuotr./Valstybiniai egzaminai Joniškyje

Pas mus nėra mokyklų, kurios turėtų kritinę situaciją, jungtines klases. Tokių jungtinių klasių pas mus iš esmės nėra. Yra tik viename iš Saulės mokyklos skyrių, bet tai yra daugiafunkcis centras. Pas mus mokyklų tinklas yra optimalus ir jau turime šiandien sprendimus, kaip pagerinti kokybę.

Mes orientuojamės į ugdymo kokybę. Turi būti teikiamos kokybiškos švietimo paslaugos. Lyginant su kitomis savivaldybėmis, pas mus tinklas yra gerokai pažengęs į priekį.

Jis buvo optimizuotas su diskusijomis. Daug mokyklų yra uždaryta, tačiau sukurta kokybiška aplinka kitose mokyklose, teikiamos kokybiškos pavėžėjimo paslaugos. Pas mus imitacijos švietime nėra. Šiandien mes turime optimalų tinklą.

Daug mokyklų yra uždaryta, tačiau sukurta kokybiška aplinka kitose mokyklose, teikiamos kokybiškos pavėžėjimo paslaugos. Pas mus imitacijos švietime nėra. Šiandien mes turime optimalų tinklą.

– Kai kurie ekspertai kritikuoja Europos Sąjungos (ES) paramos panaudojimą regionuose – esą investuota į infrastruktūrą, kuriai nelabai yra kam naudotis. Europinė finansinė parama netrukus gerokai mažės. Kokie, kaip planuojate, bus jos panaudojimo prioritetai?

– Jeigu tik bus galimybės, viskas bus skiriama žmonių gyvenimo kokybei.

Naujausi mūsų sprendimai – mažoms gyvenvietėms. Galima buvo nukreipti į kažkokį infrastruktūros objektą, pastatą, dar kažką, bet mes viską nukreipėme į vandens kokybės gerinimą, kad 2020 metais visi Joniškio gyventojai gautų kokybišką vandenį.

Šiandien mes turime problemą – daug gyvenviečių, kur nėra vandens gerinimo įrenginių. Mes viską nukreipėme į kokybišką gyvenimą. Taip bus ir ateityje.

Aš manau, kad ir valstybė turėtų racionaliau pasižiūrėti į ES paramos panaudojimą ir įdarbinti mūsų Europos Parlamento narius. Kadangi mes agrarinis kraštas: pas mus stipriausi ūkininkai, geriausi derliai, technologijos – vokiečiams toli iki mūsų, tai aš manau, kad labai svarbu yra sausra, lietus, besikeičiantis klimatas ir senstanti mūsų melioracijos sistema. Aš matau, kad tai yra aplinkosauginė sritis. Melioracijos sistemai virš 70 metų ir ji ne tik moraliai, bet ir techniškai pasenusi. Lėšų melioracijos sistemai iš Kaimo plėtros programos skiriama labai nedaug. Mes minimaliai atsinaujiname.

Alvydo Januševičiaus / 15min nuotr./Tualeto būdelė, lauko tualetas

Būtina kitaip pasižiūrėti į melioracijos sistemą. Jau reikia įrenginėti drėgmės sulaikytojus. Šiandien melioracijos sistema veikia taip: subėga ir išbėga į upelius, kurie yra tušti, ir viskas – į Lielupės baseiną.

Mes apsitvarkėme nuotekas, nes irgi Joniškis buvo neįvykdęs kriterijų. Mes per mėnesį įvykdėme, prisijungėme kompleksiškai ir įvykdėme reikalavimus. Mes jau nesame ta savivaldybė, kuriai gresia sankcijos.

Be jokios abejonės, reaguojant į Europos Komisijos (EK) kritiką dėl lauko tualetų, vėlgi tai yra aplinkosauginė tema. Turime kaimus, kuriuose, pripažinkime, niekada nebus įrengtų centralizuotų nuotekų. EK iš esmės finansuoja tik virš 2 tūkstančių.

Tai ką daryti mažose gyvenvietėse? Savivaldybės tarybos darbotvarkėje turime klausimą dėl vietinių nuotekų tinklų dalinio kompensavimo. Mes skatinsime žmones įsirengti vietinius nuotekų tinklus, kas daugelyje Europos šalių yra paplitę, įrenginiai yra šiuolaikiški, ekologiški ir dešimtis kartų pigesni nei centralizuoti tinklai. Tačiau manau, kad, kaip ir aplinkosauginė šiferio programa, šitų vietinių tinklų kompensavimo tvarka turėtų būti numatyta valstybiniu lygmeniu.

– Jūsų rajone veikia didelis kiaulių kompleksas, iš kurio sklindančiais kvapais karts nuo karto skundžiasi gyventojai. Savivaldybės tarybos opozicijos atstovai yra parengę dokumentą, pagal kurį kompleksą valdanti įmonė srutas laistytų didesniu atstumu nuo Joniškio miesto, be to, sumažintų laikomų kiaulių kiekį. Tačiau skundžiamasi, kad sprendimas dėl to nukeltas rudeniui.

– Opozicijos atstovai skundžiasi, kad nukelta rudeniui, tačiau jie patys prašė, kad rugsėjo tarybos posėdžiui būtų parengtas tarybos sprendimas. Taip, meras sudarė darbo grupę, į ją įtraukė opozicijos narius, kurie parengtų šį tarybos sprendimo projektą.

Tačiau 2018 metais liepos 31 dieną aš, tuo metu būdamas Seimo nariu, kreipiausi į Šiaulių apygardos prokuratūrą, prašydamas inicijuoti viešojo intereso gynimą dėl įmonės, kuri augina kiaules, skleidžiamų kvapų.

Šiaulių apygardos prokuratūra iki spalio mėnesio vykdė viešojo intereso gynimo vertinimo procedūrą, įpareigojo visas už aplinkosauginę, sveikatos, veterinarinę priežiūrą atsakingas institucijas atlikti veiksmus. Ta pati įmonė už beveik milijoną eurų įsirengė biologinius kvapų surinktuvus ir Šiaulių apygardos prokuratūra, atsižvelgusi į tai, kad visos institucijos, įpareigotos ginti viešąjį interesą, tą padarė, 2018 metų spalio mėnesį atsisakė kreiptis į teismą ir naikinti leidimus auginti gyvulius.

Auginimo, mėšlo, srutų šalinimo procesai yra reguliuojami ne vietos savivaldos teisės aktais. Šios procedūros yra reguliuojamos bendru žemės ūkio ir aplinkos ministro teisės aktu.

Joniškio rajono savivaldybės administracija šiuo klausimu dirba ir yra aktyvi.

Ir ne vien kalba eina apie įmonę. Ir paprasti ūkininkai, turintys iki 30 ha, ir mėšlą purtė, ir tręšė, ir laistė srutas. Jie yra identifikuoti, su jais susitikta, pasikalbėta ir iš tikrųjų niekam nėra nuolaidžiaujama.

– Jūsų rajonas neblizga pagal tiesiogines užsienio investicijas.

– Mūsų rajono verslas yra labai aktyvus. Man lieka tik padėkoti mūsų verslininkams, perdirbėjams, ūkininkams už investicijas rajone. Tiesiog mūsų verslininkai yra tokie aktyvūs, kad užsienio investicijoms toli nuo mūsų verslininkų investicijų.

Aš galvoju, kad euras yra vienodas – ar tai užsienio, ar tai vietos verslo investicija.

Jeigu jūs kalbate apie patrauklumą, taip, Joniškis yra globalus. Šiandien (pokalbis vyko ketvirtadienį, rugpjūčio 29 dieną – red. past.) tarybos posėdyje turime tarybos sprendimą dėl Joniškio diplomatų, ambasadorių užsienio valstybėse, kituose Lietuvos miestuose. Tai toks moralinis įsipareigojimas su tam tam tikrai įgaliojimais, teisėmis ir pareigomis.

Alvydo Januševičiaus nuotr./Žemdirbiai pradeda pilti šiemetinius aruodus

Mes turime susitikimus su užsienio investuotojais, esame susipažinę su gerąja patirtimi. Rašome ir airių, ir britų asocijuotoms verslo struktūroms, bendradarbiaujame su „Verslia Lietuva“, lankėmės Ekonomikos ir inovacijų ministerijoje, ambasadoriai pas mus lankosi, svečiai iš verslo asociacijų pas mus yra dažni svečiai.

– Liberalų sąjūdis rugsėjį rinks naują partijos pirmininką. Šiuose rinkimuose dalyvaujate su kitais keturiais kandidatais – Seimo opozicijos lydere V.Čmilyte-Nielsen, Trakų rajono mere Edita Rudeliene, Neringos savivaldybės tarybos nariu Andriumi Bagdonu ir Vilniaus liberalu Vytautu Danilevičiumi. Anksčiau kalbėjote, kad aktyviai remiate V.Čmilytę-Nielsen. Kas pasikeitė?

– Mane kandidatu į pirmininkus iškėlė keli partijos Šiaurės Lietuvos skyriai. Aš visą laiką laikausi žodžio, esu garbingas ir padorus žmogus. Tai rinkimai parodys.

Josvydo Elinsko / 15min nuotr./Viktorija Čmilytė-Nielsen

– Kitoms partijoms, tarkime, konservatoriams, nepasiteisino variantas, kai partijai žmogus vadovavo ne iš Vilniaus.

– Aš susitikau su jumis kalbėti apie Joniškio problemas, apie Joniškio reikalus, ne apie politinės partijos reikalus. Ir man turbūt negarbinga būtų dabar naudotis privalumu prieš kitus keturis kandidatus, turint eterį kaip Joniškio merui.

– Tai neatskleisite, jeigu laimėsite partijos pirmininko rinkimus, ar sutiktumėte vesti partijos sąrašą Seimo rinkimuose, galbūt palikti mero postą?

– Aš turiu įsipareigojimų joniškiečiams. Aš esu joniškietis. Mane pasamdė Joniškio žmonės ir aš jiems tarnauju.

Aš turiu įsipareigojimų joniškiečiams. Aš esu joniškietis. Mane pasamdė Joniškio žmonės ir aš jiems tarnauju.

– Gal, kandidatuojant į Seimą, pasamdytų Lietuvos žmonės?",Seimo nario mandatą į Joniškio rajono mero postą iškeitęs Vitalijus Gailius yra vienas kandidatų vadovauti Liberalų sąjūdžiui. Partijos pirmininko rinkimuose jis varžysis ir su...,mal,15min,15Min,fake news,b41edaf0-2628-4abe-a126-05aa629e1d3e,article,MassiveSum
https://www.madhyamam.com/local-news/kannur/2017/oct/27/364087,,കമ്യൂണിറ്റി ഹാൾ ഗോഡൗണാക്കിയതിനെതിരെ പ്രതിഷേധം,,വളപട്ടണം: വളപട്ടണം പഞ്ചായത്തി​െൻറ ഉടമസ്ഥതയിലുള്ള പഞ്ചായത്തിലെ ഏക കമ്യൂണിറ്റി ഹാൾ സിവിൽ സപ്ലൈസ് ഗോഡൗൺ ആയി പ്രവർത്തിക്കുന്നതിൽ പ്രതിഷേധം ശക്തമാകുന്നു. കലാ-സാംസ്‌കാരിക പരിപാടികൾ നടത്തുന്നതിന് 20 വർഷം മുമ്പ് സ്ഥാപിച്ചതാണ് ഹാൾ. കെട്ടിടം സിവിൽ സപ്ലൈസ് ഗോഡൗൺ ആക്കിയതിനെതിരെ സി.പി.എം വളപട്ടണം ലോക്കൽ കമ്മിറ്റി പൊതുജനങ്ങളിൽനിന്ന് ഒപ്പ് ശേഖരിച്ച് കഴിഞ്ഞദിവസം തദ്ദേശ വകുപ്പ് മന്ത്രിക്ക് പരാതി അയച്ചു.,വളപട്ടണം: വളപട്ടണം പഞ്ചായത്തി​െൻറ ഉടമസ്ഥതയിലുള്ള പഞ്ചായത്തിലെ ഏക കമ്യൂണിറ്റി ഹാൾ സിവിൽ സപ്ലൈസ് ഗോഡൗൺ ആയി പ്രവർത്തിക്കുന്നതിൽ പ്രതിഷേധം ശക്തമാകുന്നു. കലാ-സാംസ്‌കാരിക പരിപാടികൾ നടത്തുന്നതിന് 20 വർഷം...,mal,madhyamam,Madhyamam,fake news,fffd2d59-5ae7-4bbf-bc1a-6cff2385d850,article,MassiveSum
https://www.madhyamam.com/gulf-news/saudi-arabia/jiddha/2017/apr/20/258380,,ആര്യാടൻ മുഹമ്മദിന്​ നാളെ ജിദ്ദയിൽ സ്വീകരണം,,ജിദ്ദ: മുൻ മന്ത്രിയും മുതിർന്ന കോൺഗ്രസ് നേതാവുമായ ആര്യാടൻ മുഹമ്മദിനും മുസ്‌ലിം യൂത്ത്‌ലീഗ് സംസ്ഥാന സീനിയർ വൈസ്പ്രസിഡൻറ് നജീബ് കാന്തപുരത്തിനും വെള്ളിയാഴ്ച കെ.എം.സി.സി ജിദ്ദ സെൻട്രൽ കമ്മിറ്റി സ്വീകരണം നൽകും. വൈകുന്നേരം 6.30ന് ശറഫിയ ലക്കി ദർബാർ ഓഡിറ്റോറിയത്തിൽ നടക്കുന്ന പരിപാടിയിൽ മുഴുവൻ കെ.എം.സി.സി പ്രവർത്തകരും പങ്കെടുക്കണമെന്ന് സെൻട്രൽ കമ്മിറ്റി പ്രസിഡൻറ് അഹമ്മദ് പാളയാട്ടും ആക്ടിംഗ് ജനറൽ സെക്രട്ടറി സി.കെ ഷാക്കിറും അഭ്യർഥിച്ചു.,ജിദ്ദ: മുൻ മന്ത്രിയും മുതിർന്ന കോൺഗ്രസ് നേതാവുമായ ആര്യാടൻ മുഹമ്മദിനും മുസ്‌ലിം യൂത്ത്‌ലീഗ് സംസ്ഥാന സീനിയർ വൈസ്പ്രസിഡൻറ് നജീബ് കാന്തപുരത്തിനും വെള്ളിയാഴ്ച കെ.എം.സി.സി ജിദ്ദ സെൻട്രൽ കമ്മിറ്റി,mal,madhyamam,Madhyamam,fake news,f0c9ffa9-0b3d-4bbc-873f-d178135f22ad,article,MassiveSum
https://www.madhyamam.com/india/i-hurt-jayalalithaa-defeat-her-partys-rajinikanth/2016/dec/12/236175,https://www.madhyamam.com/india/i-hurt-jayalalithaa-defeat-her-partys-rajinikanth/2016/dec/12/236175,ജയലളിത കോഹിനൂർ രത്​നം; അവരെ വേദനിപ്പിക്കേണ്ടി വന്നുവെന്ന്​ രജനീകാന്ത്​,,"ചെന്നൈ∙ അന്തരിച്ച തമിഴ്നാട് മുഖ്യമന്ത്രി ജയലളിതയെ ‘കൊഹിനൂർ രത്ന’മെന്നു വിശേഷിപ്പിച്ച് സൂപ്പർസ്റ്റാർ രജനീകാന്ത്. പുരുഷാധിപത്യ സമൂഹത്തിൽ പ്രതിബന്ധങ്ങളെ മറികടന്ന്​ ജയലളിത അവരുടേതായ വഴി തീർത്തുവെന്നും അനുസ്മരണ പരിപാടിയിൽ രജനീകാന്ത് സ്മരിച്ചു. സൗത്ത്​ ഇന്ത്യൻ ആർട്ടിസ്​റ്റുകളുടെ സംഘടനയായ നടികർ സംഘം സംഘടിപ്പിച്ച അനുസ്മരണ പരിപാടിയിലായിൽ ജയലളിതക്കും ചോ എസ്​. രാമസ്വാമിക്കും സ്​മരണാഞജലിയർപ്പിച്ച്​ സംസാരിക്കുകയായിരുന്നു അദ്ദേഹം.

1996ലെ തെരഞ്ഞെടുപ്പിൽ ജയലളിതക്കെതിരെ രജനികാന്ത്​ നടത്തിയ പരമാർശവും സംഭവങ്ങളും അദ്ദേഹം ഒാർമിച്ചു.‘ഞാൻ അവരെ വേദനിപ്പിച്ചിട്ടുണ്ട്. അവരുടെ പാർട്ടിയുടെ തോൽവിക്കു പ്രധാനകാരണം ഞാനായിരുന്നു– രജനീകാന്ത് പറഞ്ഞു. ‘ജയലളിതയുടെ അണ്ണാ ഡി.എം.കെ വീണ്ടും അധികാരത്തിൽ എത്തിയാൽ തമിഴ്നാടിനെ രക്ഷിക്കാൻ ദൈവത്തിനുപോലും കഴിയില്ല’ എന്നായിരുന്നു അദ്ദേഹത്തിന്റെ അന്നത്തെ പ്രസ്താവന.

പിന്നീടുള്ള ജീവിതത്തിലൂടെ ജയ ജനങ്ങളുടെ ഹൃദയത്തിൽ മികച്ച നേതാവായി മാറി. ത​െൻറ രാഷ്​ട്രീയ ഗുരു എം.ജി രാമച​ന്ദ്ര​െൻറ യശസ്സിനെ പോലും മറിടന്നുകൊണ്ടാണ്​ ജയലളിത മുന്നേറിയത്​. അവർ നേരിട്ട പ്രതികൂല സാഹചര്യങ്ങളും വെല്ലുവിളികളും ജയയുടെ തിളക്കം വർധിപ്പിച്ചെന്നും രജനീകാന്ത് കൂട്ടിച്ചേർത്തു.",ചെന്നൈ∙ അന്തരിച്ച തമിഴ്നാട് മുഖ്യമന്ത്രി ജയലളിതയെ ‘കൊഹിനൂർ രത്ന’മെന്നു വിശേഷിപ്പിച്ച് സൂപ്പർസ്റ്റാർ രജനീകാന്ത്. പുരുഷാധിപത്യ സമൂഹത്തിൽ പ്രതിബന്ധങ്ങളെ  മറികടന്ന്​ ജയലളിത അവരുടേതായ വഴി,mal,madhyamam,Madhyamam,fake news,e7801905-8c9a-4cb2-ae04-d246e1067747,article,MassiveSum
https://nra.lv/latvija/politika/256842-berzins-krievija-strada-pie-ta-lai-veidotu-latvijas-ka-neveiksmigas-valsts-telu.htm,https://nra.lv/latvija/politika/256842-berzins-krievija-strada-pie-ta-lai-veidotu-latvijas-ka-neveiksmigas-valsts-telu.htm,"Bērziņš: Krievija strādā pie tā, lai veidotu Latvijas kā neveiksmīgas valsts tēlu",,"Saeimas Juridiskās komisijas priekšsēdētājs, nacionālās apvienības ""Visu Latvijai!""-""Tēvzemei un brīvībai""/LNNK (VL-TB/LNNK) priekšsēdētāja vietnieks Gaidis Bērziņš ir nobažījies par iespējamo Krievijas iejaukšanos oktobra sākumā Latvijā gaidāmajās 13.Saeimas vēlēšanās.

Bērziņš sacīja, ka ASV un Latvijas iespējas aizsargāt savas datorsistēmas no dažādiem kiberuzbrukumiem un citiem apdraudējumiem ir nesalīdzināmas lietas. ""Krievija noteikti ļoti rūpīgi seko līdzi priekšvēlēšanu procesam Latvijā,"" uzskata politiķis.

Pēc viņa teiktā, manipulēt ar sabiedrisko domu var ļoti vienkārši - pietiek ar dažām tendenciozām vai pat viltus publikācijām. ""Mēs nezinām, vai tie, kas izplata šādas publikācijas, rīkojas pēc savas pārliecības, vai arī viņiem kāds palūdz to izdarīt,"" uzsver Bērziņš.

Juridiskās komisijas priekšsēdētājs domā, ka Krievija strādā pie tā, lai sanaidotu savā starpā tā saucamās latviskās partijas, lai vēl vairāk paaugstinātu ""Saskaņas"" popularitāti. ""Bet visvairāk Krievija strādā pie tā, lai sabiedrībā veidotu Latvijas kā neveiksmīgas valsts tēlu. Tas viss noteikti ir vērsts uz 13.Saeimas vēlēšanu rezultātu ietekmēšanu,"" pārliecināts Bērziņš.","Saeimas Juridiskās komisijas priekšsēdētājs, nacionālās apvienības ""Visu Latvijai!""-""Tēvzemei un brīvībai""/LNNK (VL-TB/LNNK) priekšsēdētāja vietnieks Gaidis Bērziņš ir nobažījies par iespējamo Krievijas iejaukšanos oktobra sākumā Latvijā gaidāmajās 13.Saeimas vēlēšanās.",mal,nra,NRA,fake news,98a28c85-98a6-4563-86ae-b8e19fad9094,article,MassiveSum
https://www.madhyamam.com/local-news/kochi/2017/oct/07/350390,,ചാനൽ റിപ്പോർട്ടർ ചമഞ്ഞ്​ മദ്യവിൽപനശാലയിൽ കയറിയ യുവാവ്​ പിടിയിൽ,,"ചാരുംമൂട് (ആലപ്പുഴ): ചാനൽ റിപ്പോർട്ടർ ചമഞ്ഞ് വിദേശമദ്യ വിൽപനശാലയിൽ അതിക്രമിച്ച് കയറിയ യുവാവിനെ ജീവനക്കാർ പിടികൂടി പൊലീസിന് കൈമാറി. തിരുവനന്തപുരം ഇടവ പുല്ലാനിക്കോട് മാവിളയിൽ ഫോട്ടോഗ്രാഫറായ ഷിനോജാണ് (35) ആൾമാറാട്ടം നടത്തി തട്ടിപ്പിന് ശ്രമിച്ചത്. വ്യാഴാഴ്ച രാത്രി എട്ടിനാണ് സംഭവം. നൂറനാട് ഇടപ്പോൺ ജങ്ഷനിലെ വിദേശമദ്യശാലയിൽ ചെന്ന ഇയാൾ, പ്രമുഖ ചാനലി​െൻറ റിപ്പോർട്ടറാണെന്ന് പരിചയപ്പെടുത്തി മദ്യം ആവശ്യപ്പെട്ടു. ഇത് നിരസിച്ചതിനെ തുടർന്ന് അതിക്രമിച്ച് കയറിയ ഇയാൾ ജീവനക്കാരെ ഭീഷണിപ്പെടുത്തി മദ്യം കൈക്കലാക്കുവാൻ ശ്രമിക്കുകയായിരുന്നു. വിവരമറിയിച്ചതിനെ തുടർന്നെത്തിയ നൂറനാട് എസ്.െഎ എം. ശ്രീധര​െൻറ നേതൃത്വത്തിലുള്ള പൊലീസ് സംഘം ഇയാളെ കസ്റ്റഡിയിൽ എടുത്തു. ഇയാളുടെ കൈവശമുണ്ടായിരുന്ന ചാനലി​െൻറ പേരിലുള്ള തിരിച്ചറിയൽ കാർഡ് വ്യാജമാണെന്ന് കണ്ടെത്തി. ഇയാൾ ചാരുംമൂട്ടിലെ ഒരു സ്റ്റുഡിയോയിലെ കരാർ ജീവനക്കാരനാണെന്ന് പറയുന്നു. കോടതിയിൽ ഹാജരാക്കി റിമാൻഡ് ചെയ്തു.",ചാരുംമൂട് (ആലപ്പുഴ): ചാനൽ റിപ്പോർട്ടർ ചമഞ്ഞ് വിദേശമദ്യ വിൽപനശാലയിൽ അതിക്രമിച്ച് കയറിയ യുവാവിനെ ജീവനക്കാർ പിടികൂടി പൊലീസിന് കൈമാറി. തിരുവനന്തപുരം ഇടവ പുല്ലാനിക്കോട് മാവിളയിൽ  ഫോട്ടോഗ്രാഫറായ,mal,madhyamam,Madhyamam,fake news,2b7065d0-51d0-4fb5-9690-9eb3ba23c62a,article,MassiveSum
https://www.dengiamerika.com/a/3683838.html,https://www.dengiamerika.com/a/3683838.html,سەرۆک ئۆباما لە دووا ڕۆژی سەرۆکایەتیدا سزای 330 زیندانی فیدراڵی کەم دەکاتەوە,,"لە دووا ڕۆژیدا وەکو سەرۆک، باراک ئۆباما سزای 330 زیندانی فیدرالی کەم کردەوە کە تاوانباری بەنگ و مەخەدەرات بوون مەبەش کۆی ئەو کەسانەی کە لێخۆشبوونی بۆ دەرکردن گەیشتە 1،715 کەس.

سەرۆک ئۆباما لە 12 سەرۆکانی ڕابوردوو زیاتر سزای زیندانیانی کەم کردەوە. زیاتر لە 500 لەوانە سزای هەتا هەتایی درابوون. نیل ئیگلستن ڕاوێژکاری کۆشکی سپی ئۆباما لە وتووێژێکدا ڕایگەیاند "" ئەو دەیویست ئەو کارە بکات، دەرفەتێکی دەویست کە تا بتوانێت هاوکاری بکات، ئەو لە زۆربەی ئەو سزایانەدا هەستی بە ناعەدالەتی کردبوو و بڕوایەکی بە‌هێزیشی بەوە هەیە کە هەمو کەسێک شایشتەی ئەوەیە دەرفەتی دووهەمی پێ بدرێت.""

ئەمە دووا دەرفەتی ئۆباما بوو وەکو سەرۆک بڕیارێکی گەورە دەربکات. لە نیوەڕۆی ڕۆژی هەینی سەرۆک ئۆباما لەگەڵ جیگرەوەکەی دەبێت لە کاتێکدا سەرۆکی هەڵبژێردراو دانۆڵد ترامپ سوێندی یاسایی دەخوات و قۆناغی مێژوویی ئۆباما کۆتایی پێدێت.

ئەو کەسانەی کە لێخۆشبوونەکەی ئۆباما دەیانگرێتەوە ئەو کەسانەن کە هەڵسوکەوتیان لە زینداندا باش بووە و 10 ساڵی سزاکەشیان تەواو کردووە. دەشبێت ئەو کەسانە بن کە توندوتیژیان ئەنجام نەدابێت.

سەرۆک ئۆباما خۆی بەسەر هەمو دۆسێکانی ئەو کەسانەدا چۆتەوە کە سزاکەیان کەم کراوەتەوە.",لە دووا ڕۆژیدا وەکو سەرۆک، باراک ئۆباما سزای 330 زیندانی فیدرالی کەم کردەوە کە تاوانباری بەنگ و مەخەدەرات بوون مەبەش کۆی ئەو کەسانەی کە لێخۆشبوونی بۆ دەرکردن گەیشتە 1،715 کەس.,mal,dengiamerika,Dengi Amerika,fake news,66d398e6-aaa3-492e-8fbd-eaf7ef307b06,article,MassiveSum
https://www.madhyamam.com/local-news/trivandrum/2018/feb/08/423518,https://www.madhyamam.com/local-news/trivandrum/2018/feb/08/423518,'തണൽ' കുടുംബസംഗമം,,കണിയാപുരം: 'തണൽ' ചാരിറ്റബിൽ ട്രസ്റ്റി​െൻറ നേതൃത്വത്തിൽ കുടുംബസംഗമം സംഘടിപ്പിച്ചു. ജമാഅത്തെ ഇസ്ലാമി വനിത വിഭാഗം സംസ്ഥാന ജനറൽ സെക്രട്ടറി സി.വി. ജമീല ഉദ്ഘാടനം ചെയ്തു. ജമാഅത്തെ ഇസ്ലാമി ജില്ല പ്രസിഡൻറ് വി.എ. നസീമ അധ്യക്ഷത വഹിച്ചു. സംസ്ഥാന സമിതി അംഗം ലൈല ടീച്ചർ വിഷയാവതരണം നടത്തി. തണൽ ചാരിറ്റബിൾ ട്രസ്റ്റ് ഡയറക്ടർ ജൗഹറ സ്വാഗതവും റസിയ ബഷീർ നന്ദി പറഞ്ഞു. തസ്നീം ഖുർആനിൽനിന്ന് അവതരിപ്പിച്ചു. കാപ് 'തണൽ' ചാരിറ്റബിൾ ട്രസ്റ്റി​െൻറ നേതൃത്വത്തിൽ സംഘടിപ്പിച്ച കുടുംബസംഗമം ജമാഅത്തെ ഇസ്ലാമി വനിത വിഭാഗം സംസ്ഥാന ജനറൽ സെക്രട്ടറി സി.വി. ജമീല ഉദ്ഘാടനം ചെയ്യുന്നു,കണിയാപുരം: 'തണൽ' ചാരിറ്റബിൽ ട്രസ്റ്റി​െൻറ നേതൃത്വത്തിൽ കുടുംബസംഗമം സംഘടിപ്പിച്ചു. ജമാഅത്തെ ഇസ്ലാമി വനിത വിഭാഗം സംസ്ഥാന ജനറൽ സെക്രട്ടറി സി.വി. ജമീല ഉദ്ഘാടനം ചെയ്തു. ജമാഅത്തെ ഇസ്ലാമി ജില്ല പ്രസിഡൻറ്...,mal,madhyamam,Madhyamam,fake news,f1b1cfd2-8859-43b9-b96b-1a5a17d0568b,article,MassiveSum
https://www.madhyamam.com/local-news/thrissur/2018/mar/21/451647,,വൃദ്ധർക്ക് പകൽ വീട്​ ഒരുക്കിയ ചന്ദ്രദത്ത്​,,"വാടാനപ്പള്ളി: വൃദ്ധർക്ക് വിശ്രമിക്കാനും ഉല്ലാസം പങ്കിടാനും പകൽ വീട് -അന്തരിച്ച ചന്ദ്രദത്ത് ഒരുക്കിയ ഇൗ സൗകര്യം തുണയായത് നിരവധി പേർക്ക്. ഇതോടൊപ്പം കാരുണ്യ പ്രവർത്തനവും അദ്ദേഹത്തി​െൻറ മുഖമുദ്രയായിരുന്നു. ചെറുപ്പകാലം മുതൽ പൊതുപ്രവർത്തനവുമായി രംഗത്തിറങ്ങിയ അദ്ദേഹം പ്രായമായവരുടെ ഒറ്റപ്പെടൽ മനസ്സിലാക്കിയാണ് ആറ് വർഷം മുമ്പ് പകൽ വീടിന് തുടക്കം കുറിച്ചത്. പ്രവാസി വ്യവസായി ഗൾഫാർ മുഹമ്മദാലിയുമായി ആശയം വിനിമയം നടത്തിയാണ് വികാസ് ട്രസ്റ്റി​െൻറ കീഴിൽ പകൽ വീട് ഒരുക്കിയത്. അപ്പാരൽ പാർക്കിനടുത്താണ് ആറുവർഷം മുമ്പ് പകൽ വീട് ആരംഭിച്ചത്. മുഹമ്മദാലി ചെയർമാനും ദത്ത് ഡയറക്ടറുമായിരുന്നു. ഇപ്പോൾ 34 വയോധികരാണ് ഇവിടെയുള്ളത്. രാവിലെ ഒമ്പതിന് വാഹനത്തിൽ വീടുകളിൽ പോയി പകൽ വീട്ടിലേക്ക് കൊണ്ടുവരും. വൈകീട്ട് വരെ ഇവിടം ഇവരുടെ ഉല്ലാസകേന്ദ്രമാണ്. ടി.വി.കാണാം. പത്രമോ, മാസികയോ വായിക്കാം. ഉല്ലസിക്കാൻ പാർക്കുമുണ്ട്. കൃഷി ചെയ്യാം, അച്ചാർ ഉണ്ടാക്കാൻ പരിശീലനം നൽകും. ഉച്ചക്ക് ഊണും വൈകുന്നേരം ചായയുമുണ്ട്. മുഖ്യമന്ത്രിയും മന്ത്രിമാരും ഇവിടെ സന്ദർശിച്ചിട്ടുണ്ട്. ഏതാനും ആഴ്ച മുമ്പ് ഹാബിറ്റാറ്റ് പുരസ്ക്കാരം അദ്ദേഹത്തിന് ലഭിച്ചിരുന്നു.",വാടാനപ്പള്ളി: വൃദ്ധർക്ക് വിശ്രമിക്കാനും ഉല്ലാസം പങ്കിടാനും പകൽ വീട് -അന്തരിച്ച ചന്ദ്രദത്ത് ഒരുക്കിയ ഇൗ സൗകര്യം തുണയായത് നിരവധി പേർക്ക്. ഇതോടൊപ്പം കാരുണ്യ പ്രവർത്തനവും അദ്ദേഹത്തി​െൻറ...,mal,madhyamam,Madhyamam,fake news,e207666a-e810-4cc8-a078-ef3f2f8790ab,article,MassiveSum
https://www.madhyamam.com/local-news/trivandrum/2017/oct/14/355289,,ഗുജറാത്ത്​: തെരഞ്ഞെടുപ്പ്​ കമീഷന്​ എതിരെ പ്രതിപക്ഷവും മുൻ മുഖ്യ തെരഞ്ഞെടുപ്പ്​ കമീഷണറും,,"must ന്യൂഡൽഹി: ഗുജറാത്ത് നിയമസഭ തെരഞ്ഞെടുപ്പ് തീയതി പ്രഖ്യാപിക്കാതിരുന്ന കേന്ദ്ര തെരെഞ്ഞടുപ്പ് കമീഷ​െൻറ നടപടിക്ക് എതിരെ പ്രതിപക്ഷം. എന്നാൽ, മുൻ മുഖ്യ തെരഞ്ഞെടുപ്പ് കമീഷണർകൂടി വിമർശനവുമായി രംഗത്തു വന്നത് ബി.ജെ.പിക്ക് തിരിച്ചടിയായി. ഭരണകക്ഷിയായ ബി.ജെ.പി തെരഞ്ഞെടുപ്പ് നീട്ടിവെക്കാൻ കമീഷന് മേൽ സമ്മർദം ചെലുത്തിെയന്ന് കോൺഗ്രസ് കുറ്റപ്പെടുത്തി. നടപടി വിചിത്രമാണെന്ന് സി.പി.എം പി.ബിയും പ്രസ്താവിച്ചു. ഗുജറാത്ത് തെരഞ്ഞെടുപ്പിന് മുന്നോടിയായി വോട്ടർമാരെ വശത്താക്കാനുള്ള പ്രഖ്യാപനങ്ങൾ ഗാന്ധിനഗറിൽ വൻ റാലി നടത്തി പ്രധാനമന്ത്രി പ്രഖ്യാപിക്കുന്നതിനായാണ് തീയതി പ്രഖ്യാപിക്കാതിരിക്കാൻ സമ്മർദം ചെലുത്തിയതെന്നാണ് കോൺഗ്രസ് ആരോപണം. തെരഞ്ഞെടുപ്പ് കമീഷൻറ നടപടി സംശയം ജനിപ്പിച്ചുവെന്ന് മുൻ മുഖ്യ തെരഞ്ഞെടുപ്പ് കമീഷണറായ എസ്.വൈ. ഖുറൈശി പറഞ്ഞു. ഒരുമിച്ച് തെരഞ്ഞെടുപ്പ് നടത്തുകയെന്നതിന് വിരുദ്ധമാണിതെന്നും അദ്ദേഹം കുറ്റപ്പെടുത്തി. ഹിമാചലി​െൻറ തെരഞ്ഞെടുപ്പ് തീയതി പ്രഖ്യാപിക്കുകയും ഗുജറാത്തിേൻറത് പ്രഖ്യാപിക്കാതിരിക്കാനുമുള്ള സമ്മർദം എന്തായിരുന്നു. ഇതിന് വ്യക്തമായ ന്യായീകരണം വേണമെന്നും അദ്ദേഹം തുറന്നടിച്ചു. ഹിമാചൽപ്രദേശ് സംസ്ഥാനത്തി​െൻറ തെരഞ്ഞെടുപ്പ് ഫലപ്രഖ്യാപനം ഡിസംബർ 18 വരെ പ്രഖ്യാപിക്കില്ലെന്ന് കമീഷൻ പ്രഖ്യാപിച്ചത് ചൂണ്ടിക്കാട്ടിയ സി.പി.എം, ഗുജറാത്ത് തെരെഞ്ഞടുപ്പ് ആ തീയതിക്ക് മുമ്പ് പൂർത്തീകരിക്കുമെങ്കിൽ തെരഞ്ഞെടുപ്പ് നടപടി ചട്ടം അവിടെയും പ്രാബല്യത്തിൽ വരേണ്ടതേല്ലയെന്നും ചോദിച്ചു.","must ന്യൂഡൽഹി: ഗുജറാത്ത് നിയമസഭ തെരഞ്ഞെടുപ്പ് തീയതി പ്രഖ്യാപിക്കാതിരുന്ന കേന്ദ്ര തെരെഞ്ഞടുപ്പ് കമീഷ​െൻറ നടപടിക്ക് എതിരെ പ്രതിപക്ഷം. എന്നാൽ, മുൻ മുഖ്യ തെരഞ്ഞെടുപ്പ് കമീഷണർകൂടി വിമർശനവുമായി രംഗത്തു...",mal,madhyamam,Madhyamam,fake news,10dd245d-3b97-4922-8259-1e401cfc5509,article,MassiveSum
https://www.madhyamam.com/kerala/local-news/kozhikode/--690253,,എസ്.എസ്.എൽ.സി വിജയോത്സവം,,"നന്മണ്ട: നന്മണ്ട ഹയർ സെക്കൻഡറി സ്കൂളിലെ എസ്.എസ്.എൽ.സി വിദ്യാർഥികൾക്ക് പഠന പിന്തുണ നൽകുന്ന വിജയോത്സവം പരിപാടി ട്രയംഫ്- 2021 പഞ്ചായത്ത് പ്രസിഡൻറ്​ കൃഷ്ണവേണി മാണിക്കോത്ത് ഉദ്ഘാടനം ചെയ്തു. പഞ്ചായത്ത് അംഗം ഇ.കെ. രാജീവൻ അധ്യക്ഷത വഹിച്ചു. ഹെഡ്മാസ്​റ്റർ അബൂബക്കർ സിദ്ദീഖ് മുഖ്യപ്രഭാഷണം നടത്തി. എം.പി.ടി.എ ചെയർപേഴ്‌സൻ സെലിന റഹിം, വിനീത്, വെങ്കിട്ടരാമൻ എന്നിവർ സംസാരിച്ചു. വിദ്യാർഥികൾക്കുള്ള കൗൺസലിങ്​ ക്ലാസിന് നിഷാദ് മലപ്പുറം നേതൃത്വം നൽകി. പി.ടി.എ പ്രസിഡൻറ് ടി. അനൂപ് കുമാർ സ്വാഗതവും വിജയോത്സവം കൺവീനർ കെ. ഷിബു നന്ദിയും പറഞ്ഞു.",എസ്.എസ്.എൽ.സി വിജയോത്സവം,mal,madhyamam,Madhyamam,fake news,5318343a-23d8-4a2a-aedb-1eca7d26bce7,article,MassiveSum
https://www.madhyamam.com/local-news/wayanad/2016/may/11/195877,,വരള്‍ച്ച: മുള്ളന്‍കൊല്ലിയില്‍ രണ്ടു കോടിയുടെ നഷ്ടം,,"പുല്‍പള്ളി: മുള്ളന്‍കൊല്ലി പഞ്ചായത്തില്‍ വരള്‍ച്ചമൂലം ഇതുവരെ രണ്ടു കോടിയോളം രൂപയുടെ നഷ്ടം. കാര്‍ഷിക വിളകള്‍ വ്യാപകമായി കരിഞ്ഞുണങ്ങിയാണ് നഷ്ടമുണ്ടായിരിക്കുന്നത്. ഇതുവരെ 4500ഓളം അപേക്ഷകള്‍ കൃഷിനാശവുമായി ബന്ധപ്പെട്ട് മുള്ളന്‍കൊല്ലി കൃഷിഭവനില്‍ ലഭിച്ചിട്ടുണ്ട്. പഞ്ചായത്തിലെ 18 വാര്‍ഡുകളില്‍നിന്നുമുള്ള അപേക്ഷകള്‍ ഇക്കൂട്ടത്തിലുണ്ട്. കൂടുതലായും കാപ്പി, കുരുമുളക് കൃഷികളാണ് നശിച്ചിരിക്കുന്നത്. വയനാട്ടില്‍ വരള്‍ച്ചയാല്‍ ഏറ്റവും കൂടുതല്‍ കൃഷിനാശമുണ്ടായ പഞ്ചായത്ത് മുള്ളന്‍കൊല്ലിയാണ്. കബനിയുടെ തീരപ്രദേശങ്ങളിലാണ് കൂടുതല്‍ കൃഷിനാശം സംഭവിച്ചത്. പെരിക്കല്ലൂര്‍, മരക്കടവ്, സീതാമൗണ്ട്, കൊളവള്ളി തുടങ്ങിയ പ്രദേശങ്ങളില്‍ നിന്നാണ് നഷ്ടപരിഹാരത്തിനുള്ള അപേക്ഷകള്‍ കൂടുതലായും എത്തുന്നത്. ജീവനക്കാരുടെ കുറവ് കൃഷിനാശം യഥാസമയം തിട്ടപ്പെടുത്തുന്നതിന് തടസ്സമാകുന്നുണ്ട്. നിലവില്‍ കൃഷി ഓഫിസര്‍ അടക്കം നാലു പേര്‍ മാത്രമേ കൃഷിഭവനിലുള്ളൂ. കൃഷിനാശമുണ്ടായ സ്ഥലങ്ങള്‍ കണ്ട് നാശനഷ്ടങ്ങള്‍ വിലയിരുത്താന്‍ രണ്ടു ജീവനക്കാര്‍ നിത്യവും പോകുന്നുണ്ട്. ഇവര്‍ക്ക് ഒരു ദിവസം 10 മുതല്‍ 15 കൃഷിയിടങ്ങളില്‍ മാത്രമേ എത്താന്‍ സാധിക്കുന്നുള്ളൂ. മുള്ളന്‍കൊല്ലി കൃഷിഭവനിലേക്ക് വരള്‍ച്ചക്കെടുതികളും മറ്റും വിലയിരുത്തുന്നതിനായി കൂടുതല്‍ ജീവനക്കാരെ നിയമിക്കുമെന്ന് അധികൃതര്‍ ഉറപ്പുനല്‍കിയെങ്കലും നടപ്പായില്ല. ഏഴു ജീവനക്കാരെ ഇതിനായി നിയമിക്കുമെന്നായിരുന്നു പറഞ്ഞിരുന്നത്.",പുല്‍പള്ളി: മുള്ളന്‍കൊല്ലി പഞ്ചായത്തില്‍ വരള്‍ച്ചമൂലം ഇതുവരെ രണ്ടു കോടിയോളം രൂപയുടെ നഷ്ടം. കാര്‍ഷിക വിളകള്‍ വ്യാപകമായി കരിഞ്ഞുണങ്ങിയാണ് നഷ്ടമുണ്ടായിരിക്കുന്നത്. ഇതുവരെ 4500ഓളം അപേക്ഷകള്‍...,mal,madhyamam,Madhyamam,fake news,85612b4e-4024-44f4-8446-32b4432def62,article,MassiveSum
https://nra.lv/politika/eiropas-savieniba/280418-tusks-noverte-lielbritanijas-izredzes-palikt-es-uz-20-lidz-30.htm,https://nra.lv/politika/eiropas-savieniba/280418-tusks-noverte-lielbritanijas-izredzes-palikt-es-uz-20-lidz-30.htm,Tusks novērtē Lielbritānijas izredzes palikt ES uz 20 līdz 30%,,"Eiropadomes prezidents Donalds Tusks novērtējis Lielbritānijas izredzes palikt Eiropas Savienībā (ES) uz 20 līdz 30%.

Intervijā poļu laikrakstam ""Gazeta Wyborcza"" Tusks ierosināja sarīkot Lielbritānijā vēl vienu breksita referendumu, ņemot vērā faktu, ka Apvienotajā Karalistē jau notikuši divi šādi balsojumi - 1975.gadā un 2016.gadā.

Ja 2016.gadā bija iespējams mainīt 1975.gadā pieņemto lēmumu, jābūt iespējai sarīkot arī otru breksita referendumu, norādīja Tusks.

Referendumā 2016.gadā 52% britu nobalsoja par valsts izstāšanos no ES.

""Īstās debates par breksita sekām sākās nevis pirms vai referenduma kampaņas laikā, bet pēc balsojuma. Šodien rezultāts, droši vien, būtu citādāks,"" norādīja Tusks.

""Paradoksāli, ka breksits izraisījis proeiropeisku kustību Lielbritānijā. Pašreiz izredzes, ka breksita nebūs ir 20% līdz 30%. Tas ir daudz,"" sacīja Tusks.

Joprojām nav skaidrs, kad, kādā veidā un vai vispār Lielbritānija izstāsies no ES.

Lielbritānijas parlaments trīs reizes noraidīja premjerministres Terēzas Mejas panākto vienošanos ar Briseli par izstāšanās nosacījumiem, un Meja galu galā piekrita pārējo ES dalībvalstu līderu piedāvājumu atlikt breksitu līdz, vēlākais, 31.oktobrim, lai novērstu haotisku Lielbritānijas izstāšanos no ES bez vienošanās jau 12.aprīlī.

Pēc tam Meja sāka sarunas ar opozīcijā esošajiem leiboristiem par iespējām izkļūt no breksita strupceļa, taču nav zināms, vai sarunas dos rezultātus.

Sabiedriskās domas aptaujas liecina, ka sabiedrības noskaņojums pēdējo sešu mēnešu laikā nosvēries par labu Lielbritānijas palikšanai ES, taču pārsvars ir neliels, un analītiķi norāda, ka gadījumā, ja tiktu rīkots vēl viens referendums, rezultāts varētu būt gan par labu palikšanai ES, gan par labu aiziešanai no bloka.

Vairāki ietekmīgi leiboristi un politiķi no mazākām proeiropeiski noskaņotām partijām parlamentā pauduši atbalstu otra referenduma sarīkošanai.

""Mēnesi pēc mēneša kļūst skaidrāks, ka Lielbritānijas aiziešana no ES izskatīsies pavisam citādāk, nekā breksita atbalstītāji prognozēja,"" norādīja Tusks.

""Es neredzu iemeslu padoties, pat ja atkārtojam, ka referendums ir tautas gribas izpausme. Jā, tautas griba ir jārespektē. Bet referendums 2016.gadā nebija pirmais par Apvienotās Karalistes dalību ES,"" sacīja Tusks.

Lielbritānijā 23.maijā notiks Eiropas Parlamenta (EP) vēlēšanas, kuru iznākums gan atspoguļos, gan var ietekmēt sabiedrības viedokli breksita jautājumā.

Laikraksta ""Financial Times"" veiktais aptauju kopsavilkums liecina, ka EP vēlēšanās visvairāk balsu izcīnīs vadošā britu eiroskeptiķa Naidžela Farāža jaundibinātā Breksita partija, kas vēlēšanās startē ar vienkāršu saukli, ka valdība ir nodevusi 2016.gada breksita referenduma rezultātus.",Eiropadomes prezidents Donalds Tusks novērtējis Lielbritānijas izredzes palikt Eiropas Savienībā (ES) uz 20 līdz 30%.,mal,nra,NRA,fake news,38a7d7a6-2094-4c3a-ae81-7c230b885997,article,MassiveSum
https://www.madhyamam.com/india/taj-mahals-maintenance-india-news/623970,,താജ്​മഹലി​െൻറ അറ്റകുറ്റപ്പണി സെപ്​റ്റംബറിൽ തീരും,,"ആ​ഗ്ര: ലോ​കാ​ത്ഭു​ത​ങ്ങ​ളി​ലൊ​ന്നാ​യ താ​ജ്​​മ​ഹ​ലി​​െൻറ അ​റ്റ​കു​റ്റ​പ്പ​ണി സെ​പ്​​റ്റം​ബ​ർ 15ന​കം പൂ​ർ ​ത്തി​യാ​വു​മെ​ന്ന്​ പു​രാ​വ​സ്​​തു വ​കു​പ്പ്. താ​ജ്​​മ​ഹ​ലി​​െൻറ മി​നാ​ര​ങ്ങ​ളി​ലു​ണ്ടാ​യ ത​ക​രാ​റാ​ണ്​ തീ​ർ​ക്കു​ന്ന​ത്. 17ാം നൂ​റ്റാ​ണ്ടി​ൽ മു​ഗ​ൾ ച​ക്ര​വ​ർ​ത്തി​യാ​യ ഷാ​ജ​ഹാ​ൻ ഭാ​ര്യ മും​താ​സി​​െൻറ ഒാ​ർ​മ​ക്കാ​യി നി​ർ​മി​ച്ച ഇൗ ​വെ​ണ്ണ​ക്ക​ൽ ശി​ൽ​പ​ത്തി​​ന്​ ഇ​ട​വേ​ള​ക​ളി​ൽ ന​ട​ത്തു​ന്ന അ​റ്റ​കു​റ്റ​പ്പ​ണി​ക്ക്​ പു​റ​മെ ചി​ല ത​ക​രാ​റു​ക​ൾ പ​രി​ഹ​രി​ക്കാ​നു​ള്ള പ്ര​ത്യേ​ക ജോ​ലി​ക​ളും ന​ട​ക്കു​ന്ന​താ​യി ആ​ർ​ക്കി​യോ​ള​ജി​ക്ക​ൽ സ​ർ​േ​വ ഒാ​ഫ്​ ഇ​ന്ത്യ​യു​ടെ വ​ട​ക്ക​ൻ മേ​ഖ​ല മേ​ധാ​വി വ​സ​ന്ത്​ സ്വ​ർ​ണ്​​ക​ർ പ​റ​ഞ്ഞു. താ​ജ്​​മ​ഹ​ൽ മി​നാ​ര​ങ്ങ​ളു​ടെ ചി​ല ക​ല്ലു​ക​ളും അ​രി​കു​ക​ളി​ലെ ക​റു​ത്ത ക​ല്ലു​ക​ളും മാ​റ്റി​വെ​ക്കു​ന്ന പ്ര​വൃ​ത്തി​ക​ളാ​ണ്​ ചെ​യ്യു​ന്ന​ത്.

സെ​പ്​​റ്റം​ബ​ർ 27ന്​ ​ലോ​ക വി​നോ​ദ സ​ഞ്ചാ​ര​ദി​ന​ത്തി​ന്​ 10 ദി​വ​സം മു​മ്പാ​യി ജോ​ലി പൂ​ർ​ത്തി​യാ​ക്കു​മെ​ന്നും ഇ​തി​നാ​യി ദ്രു​ത​ഗ​തി​യി​ൽ പ​ണി ന​ട​ക്കു​ന്നു​​ണ്ടെ​ന്നും അ​റ്റ​കു​റ്റ​പ്പ​ണി​ക​ളു​ടെ മേ​ൽ​നോ​ട്ടം വ​ഹി​ക്കു​ന്ന ഉ​ദ്യോ​ഗ​സ്​​ഥ​നാ​യ അ​മ​ർ​നാ​ഥ്​ ഗു​പ്​​ത പ​റ​ഞ്ഞു. അ​ന്ത​രീ​ക്ഷ മ​ലി​നീ​ക​ര​ണ​മാ​ണ്​ താ​ജ്​​മ​ഹ​ലി​​െൻറ ശോ​ഭ കെ​ടു​ത്തു​ന്ന​തെ​ന്ന്​ വി​വി​ധ പ​ഠ​ന​ങ്ങ​ൾ വെ​ളി​പ്പെ​ടു​ത്തി​യി​രു​ന്നു.",ആ​ഗ്ര: ലോ​കാ​ത്ഭു​ത​ങ്ങ​ളി​ലൊ​ന്നാ​യ താ​ജ്​​മ​ഹ​ലി​​െൻറ അ​റ്റ​കു​റ്റ​പ്പ​ണി സെ​പ്​​റ്റം​ബ​ർ 15ന​കം പൂ​ർ   ​ത്തി​യാ​വു​മെ​ന്ന്​ പു​രാ​വ​സ്​​തു വ​കു​പ്പ്. താ​ജ്​​മ​ഹ​ലി​​െൻറ,mal,madhyamam,Madhyamam,fake news,61b4044f-28f5-4148-b0cd-f9e64637a68e,article,MassiveSum
https://www.madhyamam.com/india/t-t-v-dinakaran/2017/apr/17/257854,,കേസ്​ നിയമപരമായിനേരിടും -ടി.ടി.വി.ദിനകരന്‍,,"ചെന്നൈ: രണ്ടില ചിഹ്‌നത്തിനായി തെരഞ്ഞെടുപ്പ് കമീഷന് കോഴ നല്‍കാന്‍ ശ്രമിച്ചെന്ന കേസ് നിയമപരമായി നേരിടുമെന്ന് എ.ഐ.എ.ഡി.എം.കെ (അമ്മ) ഡെപ്യൂട്ടി ജനറൽ സെക്രട്ടറി ടി.ടി.വി. ദിനകരന്‍. പാര്‍ട്ടിയെ തകര്‍ക്കാന്‍ ചിലര്‍ നടത്തുന്ന രാഷ്ട്രീയ ഗൂഢാലോചനയുടെ ഭാഗമായുള്ള നീക്കമാണ് പിന്നിലുള്ളതെന്നും അദ്ദേഹം ചെന്നൈയില്‍ മാധ്യമപ്രവര്‍ത്തകരോടു പറഞ്ഞു.

‘‘സുകേശ് ചന്ദ്രശേഖറിനെ തനിക്ക് മുന്‍പരിചയമില്ല. ചാനലുകളിൽ കാണുേമ്പാഴാണ് വിവരം അറിയുന്നത്. ആർക്കും കോഴ നല്‍കിയിട്ടില്ല. അഭിഭാഷകനുമായി ആലോചിച്ചു നിയമപരമായി നേരിടും. പണം നല്‍കിയത് ദിനകരനാണെന്ന് എങ്ങനെയാണ് ഒരാള്‍ക്ക് ഉറപ്പിച്ചു പറയാനാവുക. സുകേശ് ചന്ദ്രശേഖര്‍ എന്ന പേരുള്ള ഒരാള്‍ എ​​െൻറ വ്യക്തി ജീവിതത്തിലേക്ക് ഇതുവരെ കടന്നു വന്നിട്ടില്ല. സുകേശ് ചന്ദ്രശേഖറും താനും തമ്മില്‍ സംസാരിച്ചിട്ടുണ്ടെന്ന വിവരവും ശരിയല്ല. എ.ഐ.എ.ഡി.എം.കെ അമ്മ വിഭാഗത്തെ തകര്‍ക്കാനുള്ള ശ്രമത്തിന് പിന്നില്‍ ആരാണ് പ്രവര്‍ത്തിക്കുന്നതെന്ന് അറിയില്ല’’ -ദിനകരന്‍ വ്യക്തമാക്കി.

ആർ.കെ. നഗര്‍ ഉപതെരഞ്ഞെടുപ്പു വേളയില്‍ എ.ഐ.എ.ഡി.എം.കെ പാര്‍ട്ടി ചിഹ്‌നമായ രണ്ടിലക്കുവേണ്ടി പാര്‍ട്ടിയിലെ ഇരുപക്ഷങ്ങളും ആവശ്യമുന്നയിച്ചതിനെ തുടര്‍ന്നാണ് തെരഞ്ഞെടുപ്പു കമീഷന്‍ ചിഹ്‌നം മരവിപ്പിച്ചത്. ഏപ്രില്‍ 12നാണ് ആര്‍.കെ നഗര്‍ തെരഞ്ഞെടുപ്പ് നടക്കേണ്ടിയിരുന്നത്. എന്നാല്‍, വോട്ടര്‍മാര്‍ക്ക് പണം നല്‍കിയതിനെ തുടര്‍ന്ന് തെരഞ്ഞെടുപ്പ് റദ്ദാക്കി.

2016 ഡിസംബര്‍ അഞ്ചിന് മുഖ്യമന്ത്രി ജയലളിതയുടെ മരണത്തെ തുടര്‍ന്നാണ് അവിടെ ഉപതെരഞ്ഞെടുപ്പ് വേണ്ടിവന്നത്. അതേസമയം, അറസ്റ്റിലായ സുകേശ് ചന്ദ്രശേഖർ മറ്റ് പല സാമ്പത്തിക തട്ടിപ്പുകളിലും മുമ്പ് ചെന്നൈ െപാലീസ് അറസ്റ്റ്ചെയ്തിട്ടുണ്ട്. തട്ടിപ്പു കേസിൽ കാമുകിയും സിനിമ നടിയുമായ മരിയ പോളി​​െൻറ സഹായവും ലഭിച്ചിരുന്നു. ചെന്നൈയിലെ ദേശസാത്കൃത ബാങ്കിൽനിന്ന് 18 കോടി രൂപ തട്ടിയ കേസിൽ റിമാൻഡിലായിരുന്ന ഇരുവരും ജാമ്യത്തിലിറങ്ങിയതാണ്.",ചെന്നൈ: രണ്ടില ചിഹ്‌നത്തിനായി തെരഞ്ഞെടുപ്പ് കമീഷന് കോഴ നല്‍കാന്‍ ശ്രമിച്ചെന്ന കേസ്  നിയമപരമായി നേരിടുമെന്ന് എ.ഐ.എ.ഡി.എം.കെ (അമ്മ) ഡെപ്യൂട്ടി ജനറൽ സെക്രട്ടറി ടി.ടി.വി. ദിനകരന്‍. പാര്‍ട്ടിയെ...,mal,madhyamam,Madhyamam,fake news,962cefd2-f433-41c9-81ea-ab94b083b388,article,MassiveSum
https://www.dengiamerika.com/a/a-58-2009-12-14-voa1-89235092/955387.html,https://www.dengiamerika.com/a/a-58-2009-12-14-voa1-89235092/955387.html,سه‌رۆک ئۆباما ده‌ڵێت تا ئێسـتا سه‌خت‌ترین بڕیار داویه‌تی ڕه‌وانه‌کردنی سه‌ربازی زیاتر بووه‌ بۆ ئه‌فغانسـتان,,"سه‌رۆکی ئه‌مه‌ریکا باراک ئۆباما ده‌ڵێت بڕیاری ئه‌م دوایـیه‌ی دای بۆ ڕه‌وانه‌کردنی 30 هه‌زار سه‌ربازی ئه‌مه‌ریکایی دیکه‌ بۆ ئه‌فغانسـتان هه‌ره‌ سه‌خت‌ترین بڕیار بوو له‌ ماوه‌ی سه‌رۆکایه‌تیدا هه‌تاکو ئێسـتاکه‌دا.

له‌ میانه‌ی چاوپـێـکه‌وتنێـکدا دوێنێ یه‌کشه‌ممه‌ له‌گه‌ڵ به‌رنامه‌ی ""60 Minutes"" ی ته‌له‌فیزیۆنی CBS دا به‌ڕێز ئۆباما داکۆکی له‌ ڕاگه‌یاندنی ئه‌و بڕیاره‌ی له‌ سه‌ره‌تای ئه‌م مانگه‌دا کرد له‌ ئه‌کادیمیای له‌شـکری ئه‌مه‌ریکایی له‌ شـاری وێست بۆینت له‌ نیویۆرک.

له‌ کاتی پـرسیار لێـکردنیشی سه‌باره‌ت به‌ واده‌ی ده‌سـتپـێکردن به‌ کشـانه‌وه‌ی هێزه‌کانی ئه‌مه‌ریکایی له‌ ئه‌فغانسـتاندا سه‌رۆک ئۆباما گوتی شـکسـتهێنان له‌ دانانی دوا واده‌یه‌ک ئاماژه‌یه‌ک بوو بۆ ئه‌فغانیـیه‌کان که‌وا پابه‌ندبوونی ئه‌مه‌ریکا تا سه‌ر ده‌بێت.

گوتیشی زۆر گرنگ بوو ئه‌و وتاره‌ی که‌ هه‌ست و جۆشی هێنابێت، چونکه‌ له‌و کاتانه‌دا ڕایگه‌یاندبوو که‌ چاوی له‌ کۆمه‌ڵێـک له‌ کارمه‌ندانی له‌شـکری بووه‌ له‌وانه‌ی که‌ ڕه‌وانه‌ی ئه‌فغانسـتان ده‌کرێن و ڕه‌نگه‌ نه‌گه‌ڕێنه‌وه‌ ئه‌مه‌ریکا.",سه‌رۆکی ئه‌مه‌ریکا باراک ئۆباما ده‌ڵێت ئه‌و بڕیاره‌ی له‌م دوایـیه‌ دای بۆ ڕه‌وانه‌کردنی 30 هه‌زار سه‌ربازی زیاتری ئه‌مه‌ریکایی بۆ ئه‌فغ,mal,dengiamerika,Dengi Amerika,fake news,efbfa6be-b606-42ee-968b-a966727244fa,article,MassiveSum
https://nra.lv/veseliba/327650-top-10-izplatitakie-attaisnojumi-lai-nesportotu.htm,https://nra.lv/veseliba/327650-top-10-izplatitakie-attaisnojumi-lai-nesportotu.htm,"TOP 10 izplatītākie attaisnojumi, lai nesportotu",,"“Praksē nereti nākas uzklausīt dažādus iemeslus, kāpēc cilvēks nevar vingrot, iet garās pastaigās, nūjot vai kā citādi būt aktīvs, taču vairumā gadījumu tās patiešām ir tikai atrunas,” teic fizikālās medicīnas un rehabilitācijas ārste Guna Vītoliņa. Lūk, izplatītākie attaisnojumi un ārstes komentāri!

“Nespēju to darīt bez kompānijas.”

Kompanjons vai iekļaušanās kādā aktīvu cilvēku grupā, protams, var izrādīties labs risinājums. Ir veikti pētījumi, kuros secināts, ka uzraudzība un atbalsts var palīdzēt saglabāt interesi un justies labi par to, ko darāt. Lai gan vienmēr būs cilvēki, kuri dod priekšroku nodarbībām vienatnē. Ja tomēr gribas kompāniju, ir vērts painteresēties, vai tuvuma ir kāda interešu grupa, piemēram, nūjotāji, kas labprāt uzņem savā pulka.

“Tādām lietām man nav laika.”

Grafiks esot pilns - mājas darbi, mazbērnu auklēšana, citi ģimenes pienākumi - šāds attaisnojums tiek minēts bieži. Taču aicinu padomāt par visām regulāru fizisku aktivitāšu priekšrocībām un minimāli nepieciešamo laiku, ko tomēr vajadzētu atrast - aptuveni 150 minūtes mērenas aerobās aktivitātes nedēļā. Jautājums, patiesībā ir par to, cik ļoti jūs vēlaties saglabāt labu veselību?

“Esmu par vecu, man noderīgāks ir miers, atpūta.”

Vingrojumi ir noderīgi visiem, arī cilvēkiem gados. Pat mierīgai vingrošanai var būt liela nozīme. Ja esat bijis neaktīvs, sāc ar mērenām aktivitātēm, veltot tām 5-10 minūtes dienā. Tiesa, vispirms, vajadzētu konsultēties ar ārstu speciālistu.

Ne vecums ir tas, kas liek jums just nepieciešamību atpūsties, bet gan tas, ka nekustaties. Pat cilvēki ar nopietnām veselības problēmām - sirds slimībām, diabētu, artrītu un citām - var uzlabot dzīves kvalitāti, pieceļoties un izkustoties, ir pārliecināta teic ārste Guna Vītoliņa.

“Diez vai mana sirds to var izturēt.”

Jo vairāk jūs darāt, lai saglabātu ieradumu un prieku kustēties arī novecojot, jo mazāka iespēja, ka piedzīvosiet sirdslēkmi vai insultu. Ārsts var piemeklēt tieši jums piemērotu vingrojumu kompleksu ieteikt, cik bieži un ilgi šie vingrojumi ir jāizpilda. Iespējams, jums derēs regulāra, bet mērena aerobā slodze, piemēram, raita pastaiga vai izbrauciens ar velosipēdu. Varbūt aktīvi pavadītajā laikā varat ietvert arī mājas uzkopšanu - jums tas nav jādara 30 minūtes bez apstājas.

“Es tā pat vairs nespēju kustēties, kā kādreiz.”

Vingrinājumi, kas veicina elastību, iet rokrokā ar tiem, kas uzlabo izturību, spēku un līdzsvaru. Iespējams, pie šī visa jums vajadzētu strādāt. Stīvumu var mazināt, piemēram, ar stiepšanās vingrinājumiem, kas orientēti uz dažādām ķermeņa daļām - kaklu, muguru, gurniem, kājām, pleciem. Tomēr tas jādara lēni un mierīgi, nepieļaujot, ka sāp. Arī jogas nodarbības kādam var palīdzēt.

Lai jūs iegūtu pārliecību, ka nenodarīsiet sev pāri, vispirms konsultējieties ar speciālistu, īpaši, ja ilgākā laika posmā nekas aktīvs nav darīts vai arī, ja jums ir veselības problēmas. Ārsts zinās, kas jums ir nepieciešams un ko jūs drīkstat darīt, sev nekaitējot. Protams, fiziskas aktivitātes jāatsāk lēnām, ar zemas intensitātes vingrinājumiem. Tostarp nevajadzētu aizmirts iesildīties pirms vingrošanas un atslābināt muskuļus pēc tās, kā arī ik dienu dzer pietiekami daudz ūdens.

Būt fiziski aktīvām nenozīmē sporta zālē celt svarus vai skriet garas distances. Dariet lietas, kas jums patīk un notur kustēšanās tonusā. Varat atrast veidus, kā vingrināties pareizi, organismam nekaitīgi, piemēram, veicot ikdienas darbus mājas pagalmā, ejiet garās pastaigās ar patīkamu, tuvu cilvēku, izbrauciet ar velosipēdu. Dažādojiet savas aktivitātes, tad nešķitīs, ka tās ir apgrūtinošas un garlaicīgas!

“Kādēļ kaut ko darīt? Mana sirds ir kārtībā!”

Fiziskas aktivitātes nepieciešamas ne tikai sirds veselībai. Regulāri vingrinājumi labvēlīgi ietekmē elpošanas sistēmu, muskuļus un asinsriti. Ieguvumi būs jūtami - normalizēts asinsspiediens, labāka kaulu un locītavu veselība, mazāks risks saslimt ar diabētu vai, piemēram, resnās zarnas vēzi.

Kritienu iespējamība, protams, var uztraukt cilvēkus gados. Taču ar regulārām fiziskām aktivitātēm, ieskaitot līdzsvara vingrinājumus, ko var veikt teju jebkurā laikā un vietā, kritienus varat novērst. Arī šajā gadījumā ir svarīgi konsultēties ar fizikālās medicīnas un rehabilitācijas ārstu.

“Vairāk uztraucos par to, lai smadzenes strādā.”

Vingrošana un fiziskās aktivitātes svaigā gaisā ir lieliski piemērotas jūsu smadzenēm. Šīs darbības var ne tikai palīdzēt novērst garīgās veselības problēmas, piemēram, depresiju, trauksmi, bet uzlabo organisma apgādi ar skābekli, palīdz koncentrēties, labāk pāriet no viena uzdevuma uz nākamo. Kustīgs, aktīvs ķermenis un veselīgs prāts ir vienas komandas spēlētāji.

Var atrast simtiem attaisnojumu, kāpēc neizkustēties, un daži no tiem, iespējams, izklausīsies gluži ticami. Taču ziniet - regulāras fiziskās aktivitātes, īpaši ar gadiem, kļūst aizvien nozīmīgākas labas veselības saglabāšanā, atgādina eksperte.","“Praksē nereti nākas uzklausīt dažādus iemeslus, kāpēc cilvēks nevar vingrot, iet garās pastaigās, nūjot vai kā citādi būt aktīvs, taču vairumā gadījumu tās patiešām ir tikai atrunas,” teic  fizikālās medicīnas un rehabilitācijas ārste Guna Vītoliņa. Lūk, izplatītākie attaisnojumi un ārstes komentāri!",mal,nra,NRA,fake news,6e9b5c65-c542-4fad-b8f0-6498e5c573c2,article,MassiveSum
https://www.madhyamam.com/news/359311/150623,,വൈദ്യുതിയില്ല; പൊതുജനം നട്ടംതിരിയുന്നു,,"?????????????: ??????????????????? ????? ??????????? ???????? ???????????????. ????????? ???????????? ???????? ?????????? ??????????????. ??????? ??????????????????????? ?????? ????????????????????. ???????????, ????????????? ???????? ??????????? ??????????? ???????? ???????????????????. ??????????? ?????? ????????????? ????????? ???????? ?????????????????. ????? ???????????? ??????????? ????????????????? ???????? ?????? ???????? ?????????????????. ?????? ????????????????? ???? ??????? ???????????????. ???????????? ????????? ????? ?????????????????? ?????? ?????????????????? ??? ??????????????. ??????????????????? ????? ????? ???????-???????? ????????????? ?????????????? ?????????????. ????????, ??????? ??????? ????? ????? ???????? ?????????? ???????? ?????? ?????????????????? ???????? ???????????? ?????????? ??.???.?.?? ????????? ????????. ???????? ???????? ????????????? ?????? ???$????????????? ???????? ????????????????????? ?????????????? ????????????? ???????? ???????????????? ?????????????? ?????????? ????????. ?????????????: ???????? ???????? ????? ????????? ??????????? ???? ???????? ??????????. ??????????, ?????????????????, ?????????, ?????????? ???????? ??????????????? ???????? ???????????????????. ????? ??????????? ?????????? ???????? ???????? ?????????????? ??????????? ???????????????. ?????? ???? ???????? ???????? ??????? ???????? ???????????? ????????????????? ?????? ????? ??????????. ?????????? ???????? ?????????? ??????? ?????? 10.30???? ???????????????. ????? ??????? ???????? ??????????? ?????? ??????????? ??????????????????? ???????????. ?????????? ?????? ?????? ?????? ??????????? ???????? ??????????????.",?????????????: ??????????????????? ????? ??????????? ???????? ???????????????. ????????? ???????????? ???????? ?????????? ??????????????. ??????? ??????????????????????? ??????,mal,madhyamam,Madhyamam,fake news,df3e45b5-9a7a-4317-bcbd-41c0136437d2,article,MassiveSum
https://www.madhyamam.com/gulf-news/uae/uae-uae-news-gulf-news/632421,,പി​റ​ന്നു​വീ​ണ കു​ഞ്ഞി​ന് സാ​ഇ​ദ് എ​ന്ന് പേ​രി​ട്ടു; സ​ന്തോ​ഷ സ​മ്മാ​ന​മാ​യി ഇസാ​ദ് കാ​ർ​ഡ്,,"ദു​ബൈ: പി​റ​ന്നു​വീ​ണ​യു​ട​ൻ കു​ഞ്ഞി​ന് പി​താ​വ് പേ​രി​ട്ടു; സാ​ഇ​ദ്. അ​തി​ര​റ്റ സ​ന്തോ​ഷം സോ​ഷ്യ​ൽ​മീ​ഡി​ യ വ​ഴി ലോ​ക​ത്തെ അ​റി​യി​ക്കു​ക​യും ചെ​യ്തു. പി​ന്നെ​യാ​ണ് സ​ന്തോ​ഷം അ​ത്യാ​ഹ്ളാ​ദ​ത്തി​ന് വ​ഴി​മാ​റു​ന്ന അ​വ​സ​ര​ങ്ങ​ളൊ​രു​ങ്ങി​യ​ത്. സോ​ഷ്യ​ൽ​മീ​ഡി​യ വ​ഴി വാ​ർ​ത്ത​യ​റി​ഞ്ഞ ദു​ബൈ പൊ​ലീ​സ് ഇ​സാ​ദ് ക​മ്മി​റ്റി അം​ഗ​ങ്ങ​ൾ മേ​ധാ​വി മോ​ന അ​ൽ അ​മേ​രി​യു​ടെ നേ​തൃ​ത്വ​ത്തി​ൽ ഷാ​ർ​ജ അ​ൽ ഖാ​സി​മി ആ​ശു​പ​ത്രി​യി​ലേ​ക്ക് കു​തി​ച്ചെ​ത്തി, രാ​ഷ്്ട്ര​പി​താ​വ് ഷെ​യ്ഖ് സാ​ഇ​ദ് ബി​ൻ സു​ൽ​ത്താ​ൻ അ​ൽ ന​ഹ് യാെ​ൻ​റ പേ​ര് സ്വീ​ക​രി​ച്ച കു​ഞ്ഞു​വാ​വ​യെ നേ​രി​ൽ ക​ണ്ട് കു​ഞ്ഞു സാ​ഇ​ദി​ന് ഇ​സാ​ദ് കാ​ർ​ഡ് സ​മ്മാ​നി​ക്കാ​ൻ.​ദു​ബൈ പൊ​ലീ​സ് ക​മാ​ൻ​ഡ​ർ ഇ​ൻ ചീ​ഫ് മേ​ജ​ർ ജ​ന​റ​ൽ അ​ബ് ദു​ല്ല ഖാ​ലി​ഫ അ​ൽ മാ​രി കു​ഞ്ഞി​നെ അ​നു​ഗ്ര​ങ്ങ​ളും കു​ടും​ബ​ത്തി​നു​ള്ള അ​ഭി​ന​ന്ദ​ന​ങ്ങ​ളും മോ​ന അ​ൽ അ​മേ​രി അ​റി​യി​ച്ചു. ‘വ​ള​രെ ആ​ഹ്ലാ​ദ​ത്തി​ലാ​യി​രു​ന്നു ഞ​ങ്ങ​ൾ.

കു​ഞ്ഞി​ന് സാ​ഇ​ദ് എ​ന്ന് പേ​ര് ന​ൽ​കി​യ​താ​യി അ​റി​യി​ച്ച് പി​താ​വ് സോ​ഷ്യ​ൽ​മീ​ഡി​യ​യി​ൽ പോ​സ്റ്റി​ട്ട​തു ക​ണ്ട​പ്പോ​ൾ വ​ള​രെ​യ​ധി​കം സ​ന്തോ​ഷം തോ​ന്നി’ ^ മോ​ന അ​ൽ അ​മേ​രി സ​ന്തോ​ഷം മ​റ​ച്ചു​വെ​ക്കാ​തെ പ്ര​ക​ടി​പ്പി​ച്ചു. കാ​പ്റ്റ​ൻ ഖാ​ലി​ദ് അ​ൽ സു​വൈ​ദി, ല​ഫ്. അ​ഹ​മ​ദ് ബി​ൻ ഖ​ഫാ​ൻ, സാ​മി​യ ഷ​ഹീ​ൻ, യാ​സ്മി​ൻ അ​ൽ മ​ർ​സൂ​ഖി, മ​റി​യം സ​ഇൗ​ദ് എ​ന്നി​വ​രും സം​ഘ​ത്തി​ലു​ണ്ടാ​യി​രു​ന്നു. കു​ഞ്ഞിെ​ൻ​റ പി​താ​വ് വാ​ഹി​ൽ അ​ൽ ഷെ​ഹ് രി ​ഇ​സാ​ദ് കാ​ർ​ഡ് ക​മ്മി​റ്റി സം​ഘ​ത്തിെ​ൻ​റ സാ​ന്നി​ധ്യ​ത്തി​ന് ന​ന്ദി പ​റ​ഞ്ഞു. ‘കു​ഞ്ഞിെ​ൻ​റ വ​ര​വോ​ടെ സ​ന്തോ​ഷം നി​റ​ഞ്ഞു​നി​ൽ​ക്കു​ന്ന കു​ടും​ബ​ത്തി​ൽ ഇ​പ്പോ​ൾ സ​ന്തോ​ഷം ഇ​ര​ട്ടി​ച്ച പ്ര​തീ​തി​യാ​ണ്. സം​ഘ​ത്തിെ​ൻ​റ സ​ന്ദ​ർ​ശ​നം അ​ത്യ​ധി​കം ആ​ഹ്ളാ​ദം പ​ക​രു​ക​യാ​ണ് ’ ^ കു​ഞ്ഞിെ​ൻ​റ പി​താ​വ് പ​റ​ഞ്ഞു.",സൗ​ദി ദ​മ്പ​തി​ക​ൾ​ക്ക് പി​റ​ന്ന സാ​ഇ​ദ് എ​ന്ന പി​ഞ്ചു​കു​ഞ്ഞി​ന് ദു​ബൈ പൊ​ലീ​സ് ഇ​സാ​ദ് കാ​ർ​ഡ് സ​മ്മാ​നി​ച്ചു,mal,madhyamam,Madhyamam,fake news,aa920267-5811-4802-87ed-4ee017bec79d,article,MassiveSum
https://www.madhyamam.com/local-news/trivandrum/2017/jul/05/285906,,ലഹരിവിരുദ്ധ പഠന ക്ലാസും പ്രതിഭസംഗമവും,,"അഞ്ചൽ: ഐ. ഹാരിസ് ഗ്രന്ഥശാലയുടെ ആഭിമുഖ്യത്തിൽ നടന്നു. ഡോ. ഷാജിവാസ് മദ്യവിരുദ്ധ പ്രഭാഷണം നടത്തി. ഡോ. ബി. ദേവരാജൻ നായർ അധ്യക്ഷത വഹിച്ചു. എ.ഐ. കുട്ടി, കെ. അശോക്കുമാർ, കെ.സി. തോമസ്, വിജയകുമാരി, എസ്. ആശ, ജി. രവീന്ദ്രൻപിള്ള, ജി. ധ്രുവകുമാർ എന്നിവർ സംസാരിച്ചു. ചടങ്ങിൽ എസ്.എസ്.എൽ.സി പരീക്ഷയിൽ ഉന്നതവിജയം നേടിയ വിദ്യാർഥികളെ അനുമോദിച്ചു. കുടുംബസംഗമം അഞ്ചൽ: അയിലറ മഹാദേവർ വിലാസം എൻ.എസ്.എസ് കരയോഗത്തി​െൻറ ആഭിമുഖ്യത്തിൽ നടന്ന കുടുംബസംഗമം യൂനിയൻ പ്രസിഡൻറ് ആർ. ബാലകൃഷ്ണപിള്ള ഉദ്ഘാടനം ചെയ്തു. കരയോഗം പ്രസിഡൻറ് പി.ജി. കരുണാകരൻ നായർ അധ്യക്ഷത വഹിച്ചു. പി. ശശിധരൻ നായർ, എം.ബി. ഗോപിനാഥപിള്ള, ആർ. സുരേന്ദ്രൻനായർ, ആർ. കുട്ടൻപിള്ള, രാജമ്മമോഹൻ എന്നിവർ സംസാരിച്ചു.","അഞ്ചൽ: ഐ. ഹാരിസ് ഗ്രന്ഥശാലയുടെ ആഭിമുഖ്യത്തിൽ  നടന്നു. ഡോ. ഷാജിവാസ് മദ്യവിരുദ്ധ പ്രഭാഷണം നടത്തി. ഡോ. ബി. ദേവരാജൻ നായർ അധ്യക്ഷത വഹിച്ചു. എ.ഐ. കുട്ടി, കെ. അശോക്കുമാർ, കെ.സി. തോമസ്, വിജയകുമാരി, എസ്.",mal,madhyamam,Madhyamam,fake news,6b2283e0-399f-4db0-99ca-3ddc67721edb,article,MassiveSum
https://nra.lv/politika/198085-elerte-nepiedalisies-pasvaldibu-velesanas.htm,https://nra.lv/politika/198085-elerte-nepiedalisies-pasvaldibu-velesanas.htm,Ēlerte nepiedalīsies pašvaldību vēlēšanās,,"Pašreizējā ""Vienotības"" Rīgas domes frakcijas vadītāja Sarmīte Ēlerte nepiedalīsies nākamajās Rīgas domes vēlēšanās.

Ēlerte šodien partijas Rīgas nodaļas kopsapulcē sacīja, ka vēlēšanās nestartēs, taču balsos par ""Vienotību"".

Politiķe uzskatīja gan frakcijas paveikto, gan arī pauda kritiku pašreizējai Rīgas domes vadībai. Ēlerte arī pateicās pašreizējai komandai par sadarbību, kā arī ""Vienotības"" vadītājam Andrim Piebalgam, kuram izdevies ātri likvidēt partijas konfliktus.

Taujāta par iespējamo nodarbošanos, Ēlerte atbildēja, ka pasaule ir izaicinājumu pilna un nevalstiskajā sektorā netrūkst lietu, ko darīt.

Ēlerte iepriekš no ""Vienotības"" saraksta tika ievēlēta 10.Saeimā, vēlāk kļuva par kultūras ministri Valda Dombrovska valdībā, vēlāk viņa kļuvusi par Ministru prezidenta ārštata padomnieci nacionālās identitātes, pilsoniskās sabiedrības un integrācijas jautājumos, tāpat pildījusi kultūras ministres Žanetas Jaunzemes-Grendes (VL-TB/LNNK) padomnieces pienākumus.

Iepriekšējās pašvaldību vēlēšanās Ēlerte startēja ar pirmo numuru ""Vienotība"" sarakstā Rīgā.","Pašreizējā ""Vienotības"" Rīgas domes frakcijas vadītāja Sarmīte Ēlerte nepiedalīsies nākamajās Rīgas domes vēlēšanās.",mal,nra,NRA,fake news,f110fa6e-b117-4241-9a6d-eaeb4b0736db,article,MassiveSum
https://www.15min.lt/sportas/naujiena/kita/atidetos-siuolaikines-penkiakoves-pasaulio-taures-varzybos-26-1289910,https://www.15min.lt/sportas/naujiena/kita/atidetos-siuolaikines-penkiakoves-pasaulio-taures-varzybos-26-1289910,Atidėtos šiuolaikinės penkiakovės pasaulio taurės varžybos,,"Kovo 25-29 ir balandžio 2-5 dienomis Sofijoje (Bulgarija) turėję vykti Pasaulio taurės II ir III etapai, balandžio 29 - gegužės 3 d. Budapešte (Vengrija) turėjęs vykti IV etapas ir gegužės 14-17 d. Seule (Korėja) planuotas vykdyti finalas yra nukelti į vėlesnes datas, kurios kol kas nėra nustatytos. UIPM viliasi, kad šios varžybos galės vykti gegužės - birželio mėn.

Tuo pačiu buvo nuspręstas kol kas nekeisti pasaulio čempionato, kuris gegužės 25-31 d. turi vykti Kankune (Meksika), datos.

Pasaulio taurė ir pasaulio čempionatas yra svarbiausios penkiakovininkų varžybos siekiant kelialapių į Tokijo olimpines žaidynas. UIPM nusprendė nekeisti atrankos kriterijų, tačiau kreipėsi į Tarptautinio olimpinio komiteto sporto departamentą ir paprašė atrankos laiką pratęsti nuo gegužės 31 d. iki birželio 30-osios.",Tarptautinė šiuolaikinės penkiakovės sąjunga (UIPM) ėmėsi priemonių dėl pasaulį sukausčiusio koronaviruso.,mal,15min,15Min,fake news,25af55e4-cbad-4a95-ad87-2bd207dd6486,article,MassiveSum
https://www.madhyamam.com/local-news/wayanad/2017/apr/05/255859,,അ​പ​ക​ടാ​വ​സ്​​ഥ​യി​ലു​ള്ള കെ​ട്ടി​ടം പൊ​ളി​ച്ചു​നീ​ക്കാ​ൻ ഉ​ത്ത​ര​വ്,,"മാനന്തവാടി: അപകടാവസ്ഥയിലായ കെട്ടിടം പൊളിച്ചുനീക്കാൻ ഉത്തരവ്. കണിയാരം പാലാക്കുളി ജങ്ഷനിൽ സ്വകാര്യവ്യക്തിയുടെ ഉടമസ്ഥതയിലുള്ള കെട്ടിടത്തിെൻറ ഭാഗങ്ങൾ പൊളിക്കാനാണ് സബ് കലക്ടർ ഉത്തരവിട്ടിരിക്കുന്നത്. ഡി.വൈ.എഫ്‌.ഐ കണിയാരം മേഖല കമ്മിറ്റി സെക്രട്ടറി പി.എൻ. സുനീഷ് നൽകിയ പരാതിയുടെ അടിസ്ഥാനത്തിലാണ് നടപടി. കെട്ടിടത്തിെൻറ കോണ്‍ക്രീറ്റ് സണ്‍ഷേഡ്, കോണ്‍ക്രീറ്റ് തൂണുകൾ, ഭിത്തികള്‍ മുതലായവ വിള്ളലുകള്‍ വീണ് ബലക്ഷയം വന്നതായും കെട്ടിടത്തിന് നേരിയ ചെരിവുള്ളതായും കണ്ടെത്തിയ പശ്ചാത്തലത്തില്‍ വന്‍ അപകടസാധ്യത മുന്‍നിര്‍ത്തി പ്രസ്തുത വാടകക്കെട്ടിടത്തില്‍നിന്ന് താമസക്കാരെ ഒഴിപ്പിക്കാനും ബലപ്പെടുത്താനും സബ് കലക്ടര്‍ ഉത്തരവിട്ടിരുന്നു. പ്രസ്തുത ഉത്തരവിനെതിരെ കെട്ടിട ഉടമ സമര്‍പ്പിച്ച സത്യവാങ്മൂലത്തിെൻറ പശ്ചാത്തലത്തില്‍ പൊതുമരാമത്ത് അസി. എൻജിനീയറുടെ റിപ്പോര്‍ട്ടിെൻറ അടിസ്ഥാനത്തിലാണ് സബ് കലക്ടറുടെ പുതിയ ഉത്തരവ്. തഹസില്‍ദാർ, വില്ലേജ് ഓഫിസര്‍ എന്നിവരും റിപ്പോർട്ട് നൽകിയിരുന്നു. പ്രസ്തുത റിപ്പോര്‍ട്ടുകളുടെ അടിസ്ഥാനത്തില്‍ സബ് കലക്ടര്‍ കെട്ടിട ഉടമയോട് കെട്ടിടത്തിലെ താമസക്കാരെ ഒഴിപ്പിക്കുന്നതിനും കെട്ടിടം ബലപ്പെടുത്തുന്നതിനും നിർദേശിച്ചുകൊണ്ട് പ്രാഥമിക ഉത്തരവ് പുറപ്പെടുവിച്ചിരുന്നു. എന്നാല്‍, ഉദ്യോഗസ്ഥരുടെ കണ്ടെത്തലുകള്‍ക്കെതിരെ പിന്നീട് കെട്ടിട ഉടമ എതിര്‍ സത്യവാങ്മൂലം ഫയല്‍ ചെയ്തിരുന്നു. അതില്‍ കെട്ടിടത്തിന് ബലക്ഷയമൊന്നുമില്ലെന്നും കോണ്‍ക്രീറ്റ് സ്ലാബിെൻറ വിള്ളലുകള്‍ തേപ്പുകൊണ്ട് മാറ്റാന്‍ കഴിയുന്ന ചെറിയ വിള്ളലുകളാണെന്നും മുകള്‍നില സ്വന്തം ആവശ്യത്തിന് ഉപയോഗിച്ചുവരുന്നതാണെന്നും വാടകക്കാര്‍ ഉണ്ടെന്ന റിപ്പോര്‍ട്ട് അടിസ്ഥാനരഹിതമാണെന്നും പ്രസ്താവിച്ചിരുന്നു. തനിക്കെതിരെയുള്ള പരാതി വ്യക്തിവൈരാഗ്യത്തിെൻറ പേരിലാണെന്നും കെട്ടിട ഉടമ ദറാര്‍ ബാബു സത്യവാങ്മൂലത്തില്‍ വ്യക്തമാക്കുകയും ചെയ്തു. എന്നാല്‍, കെട്ടിടത്തിെൻറ ഒന്നാംനിലയും മുകളിലോട്ടുള്ള ഭാഗവും അപകടാവസ്ഥയിലും ഉപയോഗയോഗ്യമല്ലാത്തതുമാണെന്നും പൊതുമരാമത്ത് വകുപ്പ് അസി. എക്‌സിക്യൂട്ടിവ് എൻജിനീയര്‍ സാങ്കേതിക റിപ്പോര്‍ട്ട് സമര്‍പ്പിച്ചിരുന്നു. റിപ്പോര്‍ട്ടിെൻറ അടിസ്ഥാനത്തില്‍ സാങ്കേതിക റിപ്പോര്‍ട്ട് കെട്ടിട ഉടമയുടെ വാദഗതികള്‍ക്ക് എതിരായതിനാലും കോടതിയില്‍ സാങ്കേതിക റിപ്പോര്‍ട്ടിനെതിരെ പ്രത്യേക എതിര്‍വാദങ്ങള്‍ ഒന്നും ഉന്നയിക്കാത്തതിനാലുമാണ് കെട്ടിടത്തിെൻറ അപകടാവസ്ഥയിലുള്ള ഭാഗങ്ങള്‍ പൂര്‍ണമായും പൊളിച്ചുനീക്കാന്‍ സബ് കലക്ടര്‍ അന്തിമ ഉത്തരവ് ഇറക്കിയിരിക്കുന്നത്. ഈ നടപടിക്രമങ്ങള്‍ ഏപ്രിൽ 30നകം നടപ്പാക്കണമെന്നും വ്യക്തമാക്കിയിട്ടുണ്ട്.",മാനന്തവാടി: അപകടാവസ്ഥയിലായ കെട്ടിടം പൊളിച്ചുനീക്കാൻ ഉത്തരവ്. കണിയാരം പാലാക്കുളി ജങ്ഷനിൽ സ്വകാര്യവ്യക്തിയുടെ ഉടമസ്ഥതയിലുള്ള കെട്ടിടത്തിെൻറ ഭാഗങ്ങൾ പൊളിക്കാനാണ് സബ് കലക്ടർ ഉത്തരവിട്ടിരിക്കുന്നത്. ...,mal,madhyamam,Madhyamam,fake news,6684b411-672c-4a56-a368-8e235ec81ff8,article,MassiveSum
https://nra.lv/skandalozi/242905-elbakjanam-amerikanu-karavirs-kuram-ir-attiecibas-ar-vina-bernu-mati-izteicis-draudus.htm,https://nra.lv/skandalozi/242905-elbakjanam-amerikanu-karavirs-kuram-ir-attiecibas-ar-vina-bernu-mati-izteicis-draudus.htm,"Elbakjanam amerikāņu karavīrs, kuram ir attiecības ar viņa bērnu māti, izteicis draudus",,"Viesojoties RīgaTV 24 raidījumā ""TOP5"", ielu sporta un kultūras kustības ""Ghetto Games"" līderis Raimonds Elbakjans atklāja, ka viņam sociālajā tīklā Facebook sūtījis ziņas un draudējis kāds amerikāņu karavīrs.

Elbakjans skaidroja, ka ziņu sūtītājs ir kāds karavīrs, kurš ir attiecībās ar viņa bērnu māti: “Manu bērnu mātei šobrīd ir attiecības ar bijušo amerikāņu karavīru. Es vienkārši skatos, kādas ziņas viņš man sūta, ko viņš man raksta Facebook. Varbūt priekš amerikāņiem tās nav stulbības, bet man, to lasot, rodas milzīgas bažas par to, ja, nedod Dievs, tiešām viņiem izdodas izveidot ģimeni un ja maniem bērniem būtu jāaug kaut minūti kopā tādā idejā vai domā.”

Elbakjans norādīja, ka latviešiem un amerikāņiem ir pārāk atšķirīgas kultūras, kas ietekmē viņu uzvedību un attieksmi. “Tā kultūra mums ar krieviem tomēr ir daudz tuvāka, ar rietumiem viņa ir daudz tālāka. Tajā brīdī, kad viņi ierodas šeit, viņiem vispār liekas, ka mēs esam no koka tikko nokāpuši,” pauda Elbakjans.

Kultūru atšķirības varot novērot arī Ādažos: “Iebraucot Ādažos un redzot, ko izpilda amerikāņu karavīri, dzīvojot tur… Tur vajag aizbraukt un uztaisīt sižetu par to. Vajag paskatīties, kā veidojas viņu attiecības ar vietējiem, vajag paskatīties, vidēji cik latviešu sievietēm viens amerikānis uzraksta ziņas.”","Viesojoties RīgaTV 24 raidījumā ""TOP5"", ielu sporta un kultūras kustības ""Ghetto Games"" līderis Raimonds Elbakjans atklāja, ka viņam sociālajā tīklā Facebook sūtījis ziņas un draudējis kāds amerikāņu karavīrs.",mal,nra,NRA,fake news,4828009c-6e8b-402f-946d-9fc6828e1125,article,MassiveSum
https://www.15min.lt/sportas/naujiena/tenisas/jav-teniso-legenda-aplenkusi-22-eju-japone-tapo-geriausiai-apmokama-pasaulio-sportininke-1252-1322352,https://www.15min.lt/sportas/naujiena/tenisas/jav-teniso-legenda-aplenkusi-22-eju-japone-tapo-geriausiai-apmokama-pasaulio-sportininke-1252-1322352,JAV teniso legendą aplenkusi 22-ejų japonė tapo geriausiai apmokama pasaulio sportininke,,"„Forbes“ žurnalo duomenimis dviejų „Didžiojo kirčio“ titulų savininkė per pastaruosius 12 mėnesių iš teniso laimėjimų ir reklamos sutarčių susižėrė 37,4 milijono JAV dolerių bei 1,4 mln. pranoko tikrą teniso ikoną Sereną Williams.

38-erių amerikietė daugiausiai per metus uždirbančių sportininkių sąrašo viršūnėje rikiavosi pastaruosius keturis metus, uždirbdama nuo 18 iki 29 mln. JAV dolerių.

Pasak įvairių pranešimų, N.Osaka turi net 15 reklamos sutarčių, iš kurių didžiausia – su sporto prekių gamintoja „Nike“.

Įdomu tai, kad abi tenisininkės nesunkiai „permušė“ buvusios savo varžovės, karjerą jau baigusios rusės Marijos Šarapovos rekordą, užfiksuotą 2015 metais – 29,7 mln. JAV dolerių.

Nuo 1990 metų „Forbes“ sudaromų daugiausiai uždirbančių sportininkių sąrašuose beveik visuomet dominuoja teniso atstovės.

Nors daugiausiai pasaulyje uždirbančių sportininkų ir sportininkių bendras 100-ukas bus atskleistas kitą savaitę, „Forbes“ jau paskelbė, kad N.Osaka jame rikiuosis 29-oje vietoje, o S.Williams – keturiais laipteliais žemiau.

Prieš koronaviruso pandemiją pasauliniame WTA reitinge amerikietė ir japonė atitinkamai užėmė 9 ir 10 vietas.","Vos 22-ejų metų amžiaus tenisininkė Naomi Osaka gyvena bene geriausius savo gyvenimo metus – žaidžia pergalingą tenisą, kuris jaunuolei jau spėjo užtarnauti keletą įspūdingų...",mal,15min,15Min,fake news,10490d4b-ccc0-4a80-a61a-9fac29bb6959,article,MassiveSum
https://www.dengiamerika.com/a/syria-17apr2011-120002789/968603.html,https://www.dengiamerika.com/a/syria-17apr2011-120002789/968603.html,خۆپیشاندان له‌ سوریا به‌رده‌وامه‌ سه‌ره‌ڕای په‌یمانه‌کانی به‌شار ئه‌ل ئه‌سه‌د,,"ئه‌مڕۆ یه‌کشه‌ممه‌ سه‌دان که‌س له‌ باشوری سوریا خۆپیشاندانیان ساز دا، داوای ئازادی زیاتر له‌ میانه‌ی خۆپیشاندانه‌کانی ڕۆژی سه‌ربه‌خۆی سوریادا ده‌که‌ن.

خۆپێشانده‌ران له‌ شا‌رۆچکه‌ی سوه‌یدا هاواریان ده‌کرد خوا، سوریا و ئازادی. خه‌باتکاران ماڵپه‌ڕه‌کانی تۆڕی کۆمه‌ڵایه‌تییان به‌کار هێنا بۆ ئه‌وه‌ی داوا له‌ سورییه‌کان بکه‌ن که‌ خۆپیشاندان دژ به‌ حکومه‌ت ئه‌نجام بده‌ن سه‌ره‌ڕای ئه‌و په‌یمانه‌ی له‌لایه‌ن سه‌رۆک به‌شار ئه‌ل ئه‌سه‌ده‌وه‌ درا بۆ لابردنی یاسای باری نائاسای 10یان ساڵی وڵات له‌ ماوه‌ی هه‌فته‌یه‌کدا.

سه‌رۆکی سوریا به‌شار ئه‌ل ئه‌سه‌د له‌ ڕۆژی شه‌ممه‌ ئه‌و ڕاگه‌یاندنه‌ی له‌ میانه‌ی وتارێـکدا بۆ کابینه‌ته‌که‌ی که‌ له‌ سه‌رانسه‌ری وڵاتدا په‌خش کرا داوه.‌

شایانی باسه‌ خۆپـیشـانده‌رانی دژه‌ حکومه‌ت داوای لابردنی یاسای باری نائاسایی وڵات ده‌که‌ن که‌ ده‌سه‌ڵات ده‌دات به‌ هێزه‌کانی ئاسایش به‌ هه‌ڕه‌مه‌کی خه‌ڵـکی ده‌سـتگیربکه‌ن.

خۆپیشانده‌ران پاش وتاره‌که‌ی سه‌رۆکی سوریاش جارێکی تر چونه‌وه‌ سه‌ر شه‌قامه‌کان.

سه‌رۆکی سوریا گوشتیشی سه‌قامگیری سوریا مه‌سه‌له‌ی سه‌ره‌کیـیه‌ و هێزه‌کانی ئاسایش و مه‌شق و ڕاهێنانی زیاتریان پـێویسته‌ تاوه‌کو بزانن چۆن مامه‌ڵه‌ له‌گه‌ڵ خۆپـیشـاندانه‌کاندا بکه‌ن.

سه‌رۆکی سوریا گوتیشی بێـکاری به‌ تایبه‌تی له‌ نێو لاواندا کێشه‌یه‌کی سه‌ره‌کی وڵاته‌. سه‌رۆک ئه‌سه‌د گوتیشی گه‌نجان ناتوانن کار بدۆزنه‌وه‌، ئه‌مه‌ش دووچاری نائومێدیان ده‌کات، وه‌ داوای له‌ کابینه‌ نوێـیه‌که‌ کرد که‌ هه‌نگاو بنێن بۆ ڕه‌خسـاندنی ده‌رفه‌تی کار.",ئه‌مڕۆ یه‌کشه‌ممه‌ سه‌دان که‌س له‌ باشوری سوریا خۆپیشاندانیان ساز دا، داوای ئازادی زیاتر له‌ میانه‌ی خۆپیشاندانه‌کانی ڕۆژی سه‌ربه‌خۆی سوریادا ده‌که‌ن.,mal,dengiamerika,Dengi Amerika,fake news,429d7585-2f6a-4d3d-95b7-0dacd481c624,article,MassiveSum
https://www.madhyamam.com/kerala/2016/jul/20/209957,,ആട് ആന്‍റണി കുറ്റക്കാരനെന്ന് കോടതി,,"കൊല്ലം: പാരിപ്പള്ളി സ്റ്റേഷനിലെ പൊലീസ് ഡ്രൈവര്‍ മണിയന്‍പിള്ളയെ കുത്തിക്കൊന്നകേസിലെ പ്രതി ആന്‍റണി വര്‍ഗീസ് എന്ന ആട് ആന്‍റണി (53) കുറ്റക്കാരനാണെന്ന് കോടതി. ശിക്ഷ വിധിക്കുന്നതിനായി ജില്ലാ പ്രിന്‍സിപ്പല്‍ സെഷന്‍സ് കോടതി ജഡ്ജി ജോര്‍ജ് മാത്യു കേസ് വെള്ളിയാഴ്ച പരിഗണിക്കും. ഇന്ത്യന്‍ ശിക്ഷാ നിയമം 302 (കൊലപാതകം), 307 (കൊലപാതകശ്രമം), 333 (ഒൗദ്യോഗിക കൃത്യനിര്‍വഹണം തടസ്സപ്പെടുത്തല്‍), 468 (വ്യാജരേഖകള്‍ ചമയ്ക്കല്‍), 471(വ്യാജരേഖയാണെന്നറിഞ്ഞുകൊണ്ട് ഉപയോഗിക്കല്‍) എന്നീ വകുപ്പുകള്‍ പ്രകാരമാണ് കുറ്റക്കാരനാണെന്ന് കോടതി വിധിച്ചത്.

പ്രതിക്കെതിരെ പ്രോസിക്യൂഷന്‍ ആരോപിച്ചിരുന്ന 201ാം വകുപ്പ് (തെളിവ് നശിപ്പിക്കല്‍) കോടതി അംഗീകരിച്ചില്ല. കൊലക്കുപയോഗിച്ച കത്തി ആന്‍റണി രക്ഷപ്പെടുന്നതിനിടെ ഉപേക്ഷിച്ചെന്നായിരുന്നു പ്രോസിക്യൂഷന്‍ വാദം. തെളിവ് നശിപ്പിച്ചത് പ്രോസിക്യൂഷന് തെളിയിക്കാന്‍ കഴിയാത്ത സാഹചര്യത്തില്‍ വകുപ്പ് പ്രകാരമുള്ള ശിക്ഷയില്‍നിന്ന് ഒഴിവാക്കി.

ബുധനാഴ്ച രാവിലെ മണിയന്‍പിള്ള വധക്കേസാണ് ആദ്യം പരിഗണിച്ചത്. രാവിലെ 10.50 ഓടെ ആന്‍റണിയെ പൊലീസ് കോടതിയിലത്തെിച്ചിരുന്നു. കുറ്റക്കാരനാണെന്ന് വിധിച്ച കോടതി പ്രതിക്ക് പറയാനുള്ളത് വെള്ളിയാഴ്ച കേള്‍ക്കാമെന്ന് അറിയിച്ചു. നഷ്ടപരിഹാരം നല്‍കുന്നത് സംബന്ധിച്ച് പ്രത്യേകവാദം നടത്താന്‍ കോടതി പ്രോസിക്യൂഷനും പ്രതിഭാഗം അഭിഭാഷകനും നിര്‍ദേശം നല്‍കി. ഇതനുസരിച്ചുള്ള വാദം വെള്ളിയാഴ്ച നടക്കും. 10 മിനിറ്റിനകം കോടതി നടപടി പൂര്‍ത്തിയായതിനെതുടര്‍ന്ന് ആട് ആന്‍റണിയെ ജയിലിലേക്ക് കൊണ്ടുപോയി.

നിരവധി മോഷണക്കേസുകളില്‍ പ്രതിയായ ഇയാളെ മൂന്നുവര്‍ഷം നീണ്ട അന്വേഷണത്തിനൊടുവില്‍ 2015 ഒക്ടോബര്‍ 13ന് പാലക്കാട് ഗോപാലപുരത്തുനിന്നാണ് പ്രത്യേക അന്വേഷണസംഘം അറസ്റ്റ് ചെയ്തത്.",കൊല്ലം: പാരിപ്പള്ളി സ്റ്റേഷനിലെ പൊലീസ് ഡ്രൈവര്‍ മണിയന്‍പിള്ളയെ കുത്തിക്കൊന്നകേസിലെ പ്രതി ആന്‍റണി വര്‍ഗീസ് എന്ന ആട് ആന്‍റണി (53) കുറ്റക്കാരനാണെന്ന് കോടതി. ശിക്ഷ വിധിക്കുന്നതിനായി ജില്ലാ...,mal,madhyamam,Madhyamam,fake news,edbcd99b-a607-4ba7-aa56-1115615ec2bf,article,MassiveSum
https://www.dengeamerika.com/a/a-59-a-2005-05-01-1-1-89421152/1109170.html,https://www.dengeamerika.com/a/a-59-a-2005-05-01-1-1-89421152/1109170.html,Li jimareka hêrişêt xirapkara li Bexda bi kêmî 9 kes hatine kuştin - 2005-05-01,,"Bu roja sêyê ser yek evro yekşembî xirapkara li Iraqê zincîreka hêrişan encam dan û bi kêmî 9 kes di wan hêrişanda hatine kuştin. Deselatdar li Iraqê dibêjin ku 5 polîsêt Iraqî li hêrişekê bu ser xaleka vekolînê li Bexda hatine kuştin. Piştî hingî otombîlek nizîkî karwanekê leşkirê Emirîkî li başora rojhelata Bexda peqî û bi kêmî 4 Iraqîyêt sivîl hatine kuştin. Li encama hêrişêt xwekujî, peqîna otombîla û hêrişêt xwekujî ewêt roja eynî li Bexda bi kêmî 75 kes hatîne kuştin.",Bu roja sêyê ser yek evro yekşembî xirapkara li Iraqê zincîreka hêrişan encam dan û bi kêmî 9 kes di wan hêrişanda hatine kuştin. Deselatdar li Iraqê dibêjin ku 5 polîsêt Iraqî li hêrişekê bu ser xale,mal,dengeamerika,Denge Amerika,fake news,b4a645e8-4ee6-4a3d-9155-ef7d6a09ba54,article,MassiveSum
https://www.dengeamerika.com/a/1605904.html,https://www.dengeamerika.com/a/1605904.html,Ji ICC Hate Xwestin Lêkolînê li ser Tawanên Şerî li Sûrîyê Bike,,"Endameke komisyona Neteweyên Yekbûyî ya vekolîna nakokîya Sûrîyê dibêje, pêwîst e bang li Dadgeha Tawanan ya Navneteweyî (ICC) were kirin da ku tawanên şerî li Sûrîyê vekolîn bike. Carla del Ponte roja Duşemê got ku divê Civata Ewlekarîya NY û civaka navneteweyî biryarekê bistînin ka dê gelo vedîtinên komisyonê li Sûrîyê rakirin dadgeha tawanan. Komisyon radigihîne, raporta wî ya dawî li ser bingeha hevdîtinên ligel 400 qurbanî û dîdevanên ji Sûrîyê revîyane hatîye kirin. Vekoler nikarin derbasî Sûrîyê bibin. Raporta dawî ya komisyonê rexneyê li rejîm û serhildayên Sûrîyê, lê bêtir rejîma Sûrîyê wekî berpirsa sereke dibîne.",Carla del Ponte dibêje pêwîst e bang li Dadgeha Tawanan ya Navneteweyî were kirin da ku tawanên şerî li Sûrîyê vekolîn bike.,mal,dengeamerika,Denge Amerika,fake news,e0e1f76b-16b2-4eec-ae00-039cbcf6f125,article,MassiveSum
https://www.madhyamam.com/local-news/kannur/2017/dec/14/394846,,ജെ.സി.​െഎ ട്രെയിനിങ്​ 17ന്​,,"കണ്ണൂര്‍: ജെ.സി.ഐ കണ്ണൂര്‍ ഹാന്‍ഡ്‌ലൂം സിറ്റിയുടെ നേതൃത്വത്തില്‍ ഡിസംബര്‍ 17ന് നോര്‍ത്ത് മലബാര്‍ ചേംബര്‍ ഓഫ് കോമേഴ്‌സ് ഹാളിൽ അന്താരാഷ്ട്ര പരിശീലകന്‍ അഡ്വ. എ.വി. വാമനകുമാര്‍ 'ഡേര്‍ ടു ബി ഗ്രേറ്റ്' എന്ന വിഷയത്തില്‍ ട്രെയിനിങ് നടത്തുന്നു. ഉച്ചക്ക് 1.30 മുതല്‍ അഞ്ചു വരെയാണ് പരിശീലനം. വാര്‍ത്തസമ്മേളനത്തില്‍ പ്രസിഡൻറ് കെ.പി. രഞ്ജിത്ത്, സെക്രട്ടറി മുരളി പാലക്കിൽ, എം.ടി. മനോജ്, പി.സി. ശ്രീജിത്ത്, കെ.വി. രവീന്ദ്രന്‍ എന്നിവര്‍ സംബന്ധിച്ചു.",കണ്ണൂര്‍:  ജെ.സി.ഐ കണ്ണൂര്‍ ഹാന്‍ഡ്‌ലൂം സിറ്റിയുടെ നേതൃത്വത്തില്‍ ഡിസംബര്‍ 17ന്  നോര്‍ത്ത് മലബാര്‍ ചേംബര്‍ ഓഫ് കോമേഴ്‌സ് ഹാളിൽ അന്താരാഷ്ട്ര പരിശീലകന്‍ അഡ്വ. എ.വി. വാമനകുമാര്‍ 'ഡേര്‍ ടു ബി,mal,madhyamam,Madhyamam,fake news,c54bb8e8-e871-42f8-b42d-06acf6d7c731,article,MassiveSum
https://www.madhyamam.com/news/184980/120813,,അബൂ ജന്ദലിനെ എ.ടി.എസിനു കൈമാറി,,മുംബൈ: മുംബൈ ഭീകരാക്രമണ കേസ് പ്രതി അബൂ ജന്ദൽ എന്ന സയ്യിദ് സബീഉദ്ദീൻ അൻസാരിയെ മഹാരാഷ്ട്ര ഭീകരവിരുദ്ധ സേനക്ക് (എ.ടി.എസ്) കൈമാറി. 2006ലെ ഔംഗാബാദ് ആയുധവേട്ട കേസിൽ സബീഉദ്ദീനെ എ.ടി.എസ് ചൊവ്വാഴ്ച കോടതിയിൽ ഹാജരാക്കും. മുംബൈ ഭീകരാക്രമണ കേസിൽ അഡീഷനൽ ചീഫ് മെട്രോപൊളിറ്റൻ മജിസ്ട്രേറ്റ് പി.എസ്. റാത്തോഡിനു മുമ്പാകെ കുറ്റസമ്മതമൊഴി നൽകിയതോടെയാണ് സബീഉദ്ദീനെ മുംബൈ ക്രൈംബ്രാഞ്ച് എ.ടി.എസിനു കൈമാറിയത്. 2006 മേയ് ഒമ്പതിനാണ് എ.ടി.എസ് ഔംഗാബാദിൽ വൻ ആയുധവേട്ട നടത്തിയത്. എ.ടി.എസ് സംഘത്തെ മറികടന്നുപോകാൻ ശ്രമിച്ച സുമോ വാഹനത്തിൽനിന്ന് 10 എ.കെ 47 തോക്കുകളും വെടിയുണ്ടകളും 30 കിലോ സ്ഫോടകവസ്തുവും കണ്ടെത്തുകയായിരുന്നു. പിടിയിലായ ഡ്രൈവറുടെ മൊഴിപ്രകാരം മാലേഗാവ് പ്രദേശത്തു നടത്തിയ റെയ്ഡിൽ കൂടുതൽ ആയുധങ്ങളും സ്ഫോടകവസ്തുക്കളും കണ്ടെത്തി. ഈ കേസിൽ 16 പേരെ എ.ടി.എസ് അന്ന് അറസ്റ്റ് ചെയ്തപ്പോൾ ഏഴ് പിടികിട്ടാപ്പുള്ളികളിൽ ഒന്നാമനാണ് സബീഉദ്ദീൻ. ലശ്കറെ ത്വയ്യിബയുടെ നി൪ദേശപ്രകാരം വൻ ആക്രമണത്തിനായി ആയുധങ്ങൾ ശേഖരിക്കുകയായിരുന്നുവെന്നാണ് എ.ടി.എസ് കേസ്. ആയുധങ്ങൾ ഒളിപ്പിച്ച വാഹനത്തെ പിന്തുട൪ന്ന സബീഉദ്ദീൻ എ.ടി.എസിനെ വെട്ടിച്ചു കടന്നുകളയുകയായിരുന്നു. 2006ൽ ബംഗ്ളാദേശ് വഴി പാകിസ്താനിലേക്കു കടന്ന സബീഉദ്ദീൻ ലശ്കറെ ത്വയ്യിബ ക്യാമ്പിലെ പ്രധാനിയായി മാറുകയായിരുന്നുവെന്നാണ് പൊലീസ് പറയുന്നത്. മുംബൈ ആക്രമണത്തിന് രണ്ടു മാസം മുമ്പാണത്രെ അതുമായി ബന്ധപ്പെട്ട ദൗത്യം ലഭിച്ചത്. മുംബൈ ഭീകരാക്രമണത്തിൽ ലശ്കറെ ത്വയ്യിബ നേതാക്കൾക്കും ഐ.എസ്.ഐയിലെ ഉന്നത൪ക്കുമുള്ള പങ്ക് സബീഉദ്ദീൻ കുറ്റസമ്മതത്തിൽ വിശദമാക്കിയതായി പറയുന്നു. ജഡ്ജിയുടെ ചേംബറിൽ രഹസ്യമായാണ് മൊഴി നൽകിയത്. കുറ്റസമ്മതം നടത്താൻ തയാറാണെന്ന് സബീഉദ്ദീൻ കോടതിയെ അറിയിക്കുകയായിരുന്നു. പുനരാലോചിക്കാനും സമ്മ൪ദമില്ലെന്ന് ഉറപ്പുവരുത്താനും രണ്ടു ദിവസത്തെ സാവകാശം നൽകുകയും പൊലീസ് കസ്റ്റഡിയിൽനിന്ന് ജുഡീഷ്യൽ കസ്റ്റഡിയിലേക്കു മാറ്റുകയും ചെയ്തശേഷമാണ് കോടതി മൊഴിയെടുത്തത്.,മുംബൈ: മുംബൈ ഭീകരാക്രമണ കേസ് പ്രതി അബൂ ജന്ദൽ എന്ന സയ്യിദ് സബീഉദ്ദീൻ അൻസാരിയെ മഹാരാഷ്ട്ര ഭീകരവിരുദ്ധ സേനക്ക് (എ.ടി.എസ്) കൈമാറി. 2006ലെ ഔംഗാബാദ് ആയുധവേട്ട കേസിൽ സബീഉദ്ദീനെ എ.ടി.എസ് ചൊവ്വാഴ്ച...,mal,madhyamam,Madhyamam,fake news,27a5c507-3d73-4d98-ae64-bb34ace79ec2,article,MassiveSum
https://www.dengiamerika.com/a/kurdistan/4341732.html,https://www.dengiamerika.com/a/kurdistan/4341732.html,مه‌لا به‌ختیار:هه‌موو ئه‌و كه‌سانه‌ی له‌ لیسته‌كه‌ی به‌رهه‌م ساڵحن،له‌ناو یه‌كێتی ده‌ركران,,"مەلا بەختیار کارگێڕی مەکتەبی سیاسی یەکێتی نیشتمانی کوردستان لەمیانەی وتووێژێکدا لەگەڵ بەشی کوردی دەنگی ئەمەریکا کەبەم زووانە بەشی یەکەمی بڵاودەکرێتەوە باسی لە چارەنووسی دکتۆر بەرهەم ساڵح کرد لە ناو یەکێتی نیشتمانی کوردستان و وتی""بەرهەم لەناو یەکێتیدا تەواو بووە، لە دواین کۆبوونەوەی مەکتەبی سیاسی یەکێتی نیشتمانی کوردستان و ئەنجومەنی سەرکردایەتیش بڕیارماندا، وە دوێنێ سێشەممە کاتژمێر(١١)ی نیوەڕۆ لە کۆبونەوەی لیژنەی باڵای هەڵبژاردن،به‌ ئاماده‌بونی به‌ڕێز كۆسره‌ت ڕه‌سوڵ عه‌لی جێگری یه‌كه‌می سكرتێری گشتی یه‌كێتی نیشتمانی كوردستان،بڕیارماندا بەرهەم یەکێتی نیشتمانی کوردستان نیە، وە هەموو ئەو کەسانەی لەناو یەکێتین لە هەر پلە و پایەیکدا بن، بەڵام لە لیستەکەی بەرهەمن دەردەکرێن، هەموو ماڵ و موڵکی یەکێتیان لێدەسەنرێتەوە و موچەیان لە یەکێتی دەبڕێت.""

مەلا بەختیار وتیشی""قسە هەیە كه‌ كۆمه‌ڵێك به‌رپرسی یه‌كێتی له‌ناو یه‌كێتیدا كار و بانگه‌شه‌ بۆ لیسته‌كه‌ی به‌رهه‌م ده‌كه‌ن،وه‌ جموجۆڵی گوماناویش هەیە کە لە ناو یەکێتیدا خەڵکانێک هەن کە کار بۆ بەرهەم دەکەن، بۆیە لیژنەیەکی لێکۆڵینەوە پێکهاتووە لەسەر ئەو کەسانە دوای دڵنیابوونەوە ئەگەر ئەندامی مەکتەبی سیاسی بن ئەوا ئەندامێتیان تا کۆنگرە هەڵدەپەسێردرێت بۆ ئەوەی کۆنگرە بڕیاریان لەسەر بدات، بەڵام ئەگەر خوار مەکتەبی سیاسی بن ئەوا دەردەکرێن لە ناو یەکێتی.""

مەلا بەختیار لە درێژەی وتووێژەکەی لەگەڵ بەشی کوردی دەنگی ئەمەریکا ئۆباڵی شکستی حکومەتی هەرێمی کوردستانی خستە ئەستۆی دکتۆر بەرهەم و وتی""بناغەی شکستی حکومەت دەگەڕێتەوە بۆ بەرهەم، ئەو کاتەی ئەو سەرۆکی حکومەت بوو قەرزێکی زۆری هێنایە سەر ئەم حکومەتە، لە سەردەمی حکومەتی هەرێم بە سەرۆکایەتی بەرهەم سەرمایەدار هەبووە نەک 100% بەڵکو 800% قازانجی کردووە، مەگەر ئەوە تەنها بازرگانانی مادەی هۆشبەر و قاچاغچی فرۆشتنی هێرۆین قازانج بەو ڕێژەیە بکات.""

دەربارەی چارەنوسی نەجمەدین کەریمیش، مەلا بەختیار وتی""کۆنگرەی یەکێتی بڕیار لەسەر چارەنووسی نەجمەدین کەریم دەدات، بەڵام پێویستە لەسەر خۆی کە چارەنووسی خۆی ڕۆشنتر بکاتەوە.""

چاوەڕوان بن بەم زووانە دەقی چاوپێکەوتنەکەی مەلا بەختیار بڵاودەبێتەوە","جموجۆڵی گوماناویش هەیە کە لە ناو یەکێتیدا خەڵکانێک هەن کە کار بۆ بەرهەم دەکەن، بۆیە لیژنەیەکی لێکۆڵینەوە پێکهاتووە لەسەر ئەو کەسانە،دوای لێكۆڵینه‌وه‌ لیژنه‌كه‌ بڕیارده‌دات.""",mal,dengiamerika,Dengi Amerika,fake news,d33577db-82be-4f85-89ef-38a3c1e51155,article,MassiveSum
https://nra.lv/izklaide/291205-foto-rigas-zoodarzs-lepojas-ar-grifu-jaunkundzem.htm,https://nra.lv/izklaide/291205-foto-rigas-zoodarzs-lepojas-ar-grifu-jaunkundzem.htm,FOTO: Rīgas zoodārzs lepojas ar grifu jaunkundzēm,,"Šovasar zoodārza apmeklētāji, vēloties aplūkot maitu lijas jeb grifus, nonāca pie aizvērtiem vārtiem, uz kuriem izvietots uzraksts “Eja slēgta. Putni perē!”. Tagad vārti ir atvērti un ikviens var aplūkot grifu pāra pūliņu rezultātus – skaistu un lepnu jauno putnu jaunkundzi, kas ir tumšāka nekā pieaugušie un ar nelielu, melnu un pūkainu ‘cepurīti’ uz galvas. Tomēr prieks par šo panākumu ir dubultīgs, jo arī zoodārza filiāle “Cīruļi” var lepoties, ka viņu melno grifu pārim šī sezona ir bijusi veiksmīga un voljērā par vienu dāmu vairāk. Kā izrādās, šis melniem grifiem ir meiteņu gads!

Un šis varētu būt labs iemesls apciemot gan “Cīruļus”, gan Zoodārzu Rīgā “Vispasaules maitēdāju putnu dienā” šajā nedēļas nogalē, lai novērtētu maitu liju jeb grifu, kas daudzu cilvēku acīs ieguvuši nelabu slavu, ļoti būtisko devumu dabas veselības jomā. Tie nokopj to, kas citiem ir palicis pāri, tādējādi veic nenovērtējamu darbu.

Ar ko melnais grifs ir tik īpašs?

Melnais grifs ir ierakstīts Pasaules Sarkanajā grāmatā (tātad globāli apdraudēta suga). Lai pasargātu sugu no iznīcības, to tur dažādos zooloģiskajos dārzos un arī cenšas panākt tās vairošanos. Šis process nav vienkāršs, jo šogad Eiropas zoodārzos ir izauguši tikai 5 melnie grifi. Un 2 no tiem nāk no Latvijas! Par Rīgas Zoodārza devumu pasaules dabai plašāk šeit: http://www.rigazoo.lv/lv/sugu-saglabasana/rigas-zoodarzs-pasaules-dabai

2018. gadā izaugušie 2 melno grifu jaunuļi (arī pērn abas bija mātītes!) tika aizvesti uz Bulgāriju melno grifu reintrodukcijas projekta “Zeleni Balkani” ietvaros. Projekta plānos bija izvietot grifu jaunos putnus uz mākslīgas ligzdas platformas, un kad putni ir gatavi lidot, tad ļaut tiem uzsākt dzīvi savvaļā. Par godu bulgāru biologam un alpīnistam Bojanam Petrovam, kurš pērnajā pavasarī bija pazudis kādā kalnu ekspedīcijā, Rīgā augušo grifu nosauca par Bojanu, bet “Cīruļu” jauno grifu, godinot Latvijas galvaspilsētu, nodēvēja par Rīgu. Abu grifu izlaišana savvaļā līdz šim noritējusi sekmīgi, jo gan Rīga, gan Bojana veiksmīgi pārlaidušas ziemu. Bojana ziemoja pie Irākas un Irānas robežas, bet tagad uzturas Turcijas ziemeļrietumu daļā, savukārt Rīga ziemu pavadīja Grieķijas dienvidos un tagad planē virs Austrijas rietumu pierobežas kalnainajiem mežiem. Atliek vien cerēt, ka pēc gadiem pieciem Bojana un Rīga izveidos veiksmīgas ģimenes un virs Balkāniem riņķos arī viņu pēcteči.

Lai arī melnais grifs ir dienvidu zemju putns, tomēr pa retam, jūnijā tas ieklejo arī Latvijā. Tā piemēram, šogad pāris nedēļas viens jaunais grifs uzturējās Kurzemes dienvidos, 2009. gadā cits jaunulis klejojis pa Vidzemi, bet 2004. un 2005. gadā viens putns pa divi lāgi atceļojis uz Tukuma pusi.

“Vispasaules maitēdāju putnu diena” tiek atzīmēta septembra pirmajā sestdienā, akcentējot šo putnu kā sanitāru nozīmi dabā, kā arī uzsverot draudus to izdzīvošanai un iezīmējot virzienus sekmīgai līdzāspastāvēšanai. Tādēļ gandrīz visi Vecās pasaules grifi ir iekļauti Pasaules Sarkanajā grāmatā, no kurām 8 sugas ir kritiski apdraudētas.","Šovasar zoodārza apmeklētāji, vēloties aplūkot maitu lijas jeb grifus, nonāca pie aizvērtiem vārtiem, uz kuriem izvietots uzraksts “Eja slēgta. Putni perē!”. Tagad vārti ir atvērti un ikviens var aplūkot grifu pāra pūliņu rezultātus – skaistu un lepnu jauno putnu jaunkundzi, kas ir tumšāka nekā pieaugušie un ar nelielu, melnu un pūkainu ‘cepurīti’ uz galvas. Tomēr prieks par šo panākumu ir dubultīgs, jo arī zoodārza filiāle “Cīruļi” var lepoties, ka viņu melno grifu pārim šī sezona ir bijusi veiksmīga un voljērā par vienu dāmu vairāk. Kā izrādās, šis melniem grifiem ir meiteņu gads!",mal,nra,NRA,fake news,f1147d17-d163-458a-b923-00420378357d,article,MassiveSum
https://www.madhyamam.com/gulf-news/qatar/speaker-qatar-qatar-news/603785,,വ​ൻ​പ​​ങ്കാ​​ളി​​ത്തം ഉ​​പ​​രോ​​ധ​​രാ​​ജ്യ​​ങ്ങ​​ളു​​ടെ വാ​​ദ​ം പൊ​​ളി​​ക്കു​​ന്നു​വെ​ന്ന്​ സ്​​​പീ​​ക്ക​​ർ,,"ദോ​​ഹ: ഉ​​പ​​രോ​​ധ​​രാ​​ജ്യ​​ങ്ങ​​ളു​​ടെ ഖ​​ത്ത​​റി​​നെ​​തി​​രാ​​യ അ​​ടി​​സ്​​​ഥാ​​ന​​ര​​ഹി​​ത​​മാ​ ​യ വാ​​ദ​​ങ്ങ​​ളെ പൊ​​ളി​​ക്കു​​ന്ന​​താ​​ണ് 140 ാമ​​ത് ഇ​​ൻ​​റ​​ർ–​​പാ​​ർ​​ല​മെ​​ൻ​​റ​​റി യൂ​​ണി​​യ​​നി​​ ലെ പ​​ങ്കാ​​ളി​​ത്ത​​മെ​​ന്ന് ശൂ​​റാ കൗ​​ണ്‍സി​​ല്‍ സ്പീ​​ക്ക​​ര്‍ അ​​ഹ​്​​മ​​ദ് ബി​​ന്‍ അ​ ​ബ്ദു​​ല്ല സെ​ യ്​​​ദ് ആ​​ല്‍ മ​​ഹ്​​മൂ​​ദ്. 139ാമ​​ത് ഐ ​​പി യു ​​ന​​ട​​ക്കു​​ന്ന സ​​മ​​യ​​ത്ത് ഖ​​ത്ത​​റിെ​​ൻ​​റ ഈ ​​വ​​ർ​​ഷ​​ത്തെ ഐ ​​പി യു ​​ആ​​തി​​ഥേ​​യ​​ത്വം ത​​ട​​യു​​ന്ന​​ത് സം​​ബ​​ന്ധി​​ച്ച് ഉ​​പ​​രോ​​ധ​​രാ​​ജ്യ​​ങ്ങ​​ൾ ജ​​ന​​റ​​ൽ സെ​​ക്ര​​ട്ട​​റി​​യേ​​റ്റി​​ന് മു​​മ്പാ​​കെ സം​​യു​​ക്ത പ്ര​​സ്​​​താ​​വ​​ന ന​​ട​​ത്തി​​യി​​ട്ടി​​ല്ല. അ​​ത്ത​​ര​​മൊ​​രു പ്ര​​സ്​​​താ​​വ​​ന നി​​ല​​വി​​ലു​​ണ്ടെ​​ങ്കി​​ൽ അ​​ത് ഐ ​​പി യു ​​അം​​ഗ​​ങ്ങ​​ൾ അ​ ​റി​​യേ​​ണ്ട​​താ​​യി​​രു​​ന്നു. അ​​തു​​മ​​ല്ലെ​​ങ്കി​​ൽ യൂ​​ണി​​യ​െ​​ൻ​​റ രേ​​ഖ​​ക​​ളി​​ൽ ല​​ഭ്യ​​മാ​​കു​​മാ​​യി​​രു​​ന്നു. ഐ ​​പി യു ​​പ്ര​​സി​​ഡ​​ൻ​​റ് ഗ​​ബ്രി​​യേ​​ല ക്യു​​വാ​​സ്​ ബാ​​രോ​​നു​​മാ​​യി ചേ​​ർ​​ന്ന്​ ന​​ട​​ത്തി​​യ സം​​യു​​ക്ത പ്ര​​സ്​​​താ​​വ​​ന​​യി​​ലാ​​ണ് ഖ​​ത്ത​​ർ ശൂ​​റാ കൗ​ ​ൺ​​സി​​ൽ സ്​​​പീ​​ക്ക​​ർ ഉ​​പ​​രോ​​ധ​​രാ​​ജ്യ​​ങ്ങ​​ളു​ടെ വാ​ദ​ങ്ങ​ളെ ഖ​ണ്ഡി​ച്ച​ത്. യൂ​​ണി​​യ​​ൻ സെ​​ക്ര​​ട്ട​​റി ജ​​ന​​റ​​ൽ മാ​​ർ​​ട്ടി​​ൻ ചു​​ങ്ഗോ​​ങും വാ​ർ​ത്താ​സ​​മ്മേ​​ള​​ന​​ത്തി​​ൽ പ​​ങ്കെ​​ടു​​ത്തു. ഐ ​​പി യു ​​അ​​സം​​ബ്ലി യോ​​ഗ​​ങ്ങ​​ളു​​ടെ മി​​നു​​ട്ട്സു​​ക​​ളെ​​ല്ലാം വെ​​ബ്സൈ​​റ്റി​​ൽ ല​​ഭ്യ​​മാ​​ണ്. ആ​​വ​​ശ്യ​​മു​​ള്ള​​വ​​ർ​​ക്കെ​​ടു​​ത്ത് സ​​ത്യാ​​വ​​സ്​​​ഥ പ​​രി​​ശോ​​ധി​​ക്കാ​ം.

ഒ​​രു രാ​​ജ്യം മാ​​ത്ര​​മാ​​ണ് ഖ​​ത്ത​​റിെ​​ൻ​​റ ആ​​തി​​ഥേ​​യ​​ത്വ​​ത്തെ എ​​തി​​ർ​​ത്ത​​ത്. അ​​ത് സി​​റി​​യ​​യാ​​ണ്. ഖ​​ത്ത​​റി​​നെ​​തി​​രാ​​യ ഉ​​പ​​രോ​​ധ​​മാ​​രം​​ഭി​​ക്കു​​ന്ന സ​​മ​​യ​​ത്ത് ഉ​​പ​​രോ​​ധ​​രാ​​ജ്യ​​ങ്ങ​​ൾ​​ക്കു​​ണ്ടാ​​യി​​രു​​ന്ന വാ​​ദ​​ങ്ങ​​ളേ ഈ ​​സ​​മ​​യ​​ത്തും അ​​വ​​ർ​​ക്ക് ഉ​ ​ന്ന​​യി​​ക്കാ​​നു​​ള്ളൂ. ഉ​​പ​​രോ​​ധ​​രാ​​ജ്യ​​ങ്ങ​​ളു​​ടെ വാ​​ദ​​ങ്ങ​​ളെ ത​​ള്ളി​​ക്ക​​ള​​യു​​ന്ന​​താ​​ണ് ഐ ​​പി യു​​വി​​ലെ വ​​ൻ പ​​ങ്കാ​​ളി​​ത്ത​ം. ഖ​​ത്ത​​റി​​നെ​​തി​​രാ​​യ പ്ര​ചാ​ര​ണം ഉ​​യ​​ർ​​ത്തി​​ക്കൊ​​ണ്ടു​​വ​​രാ​​ൻ ഐ ​​പി യു ​​വേ​​ദി ഉ​​പ​​യോ​​ഗ​​പ്പെ​​ടു​​ത്തു​​ന്ന​​തി​​ൽ ഉ​​പ​​രോ​ ധ​​രാ​​ജ്യ​​ങ്ങ​​ൾ​​ക്ക് ക​​ഴി​​യാ​​തെ പോ​​യ​​താ​​ണ് പു​​തി​​യ അ​​പ​​വാ​​ദ​​ങ്ങ​​ൾ​​ക്ക് കാ​​ര​​ണ​​മെ​​ന്നും അ​​ദ്ദേ​​ഹം വ്യ​​ക്ത​​മാ​​ക്കി.",ദോ​​ഹ: ഉ​​പ​​രോ​​ധ​​രാ​​ജ്യ​​ങ്ങ​​ളു​​ടെ ഖ​​ത്ത​​റി​​നെ​​തി​​രാ​​യ അ​​ടി​​സ്​​​ഥാ​​ന​​ര​​ഹി​​ത​​മാ​   ​യ വാ​​ദ​​ങ്ങ​​ളെ പൊ​​ളി​​ക്കു​​ന്ന​​താ​​ണ് 140 ാമ​​ത് ഇ​​ൻ​​റ​​ർ–​​പാ​​ർ​​ല​മെ​​ൻ​​റ​​റി...,mal,madhyamam,Madhyamam,fake news,3bc29fa2-84af-40f8-8bdd-322ff296ea23,article,MassiveSum
https://www.madhyamam.com/local-news/kottayam/642001,,കടുകിടമാറാതെ കലക്​ടർ; കോട്ടയത്തെ ഓ​ട്ടോകൾ ഇനി മീറ്ററിട്ട്​ ഓടും,,"കോട്ടയം: നാലുദിവസത്തെ സമരത്തിനൊടുവിൽ കോട്ടയത്തെ ഓട്ടോകൾ ഇനി മീറ്ററിട്ട് ഓടും. ജില്ല ഭരണകൂടത്തിൻെറ കർക്കശ നിലപാടിൽ തൊഴിലാളികൾ പതറിയതോടെയാണ് ഉപാധികൾക്ക് മുന്നിൽ കീഴടങ്ങിയത്. തിങ്കളാഴ്ച കലക്ടറുടെ ചേംബറിൽ ജില്ല കലക്ടർ പി.കെ. സുധീർ ബാബുവുമായി നടന്ന രണ്ടാംവട്ട ചർച്ചയിലാണ് തൊഴിലാളി യൂനിയൻ പ്രതിനിധികൾ മീറ്റർ പ്രവർത്തിപ്പിച്ച് സർവിസ് നടത്താമെന്ന് സമ്മതിച്ചത്. ഇതോടെ, നഗരത്തിലെ ഓട്ടോകൾക്ക് മീറ്റര്‍ വേണമെന്ന യാത്രക്കാരുടെ പതിറ്റാണ്ടുകളായ ആവശ്യത്തിനും അംഗീകാരമായി. യാത്രക്കാർ ഓട്ടോയിൽ കയറിയാലുടൻ മീറ്ററുകൾ പ്രവർത്തിപ്പിക്കണം. ഒന്നര കിലോമീറ്റർ ദൂരത്തിനു മിനിമം ചാര്‍ജായ 25 രൂപ നിരക്കില്‍ ഓടും. നഗരത്തിലെ ഓട്ടോക്കാർക്കുണ്ടാകുന്ന അധികനഷ്ടം നികത്താൻ മിനിമം ചാർജായ 25 രൂപ ഒഴിവാക്കി ബാക്കിവരുന്ന തുകയുടെ 50 ശതമാനം ഈടാക്കാമെന്ന നിർദേശം തൊഴിലാളി പ്രതിനിധികൾ മുന്നോട്ടുവെച്ചു. എന്നാൽ, ഇക്കാര്യം സർക്കാറിൻെറ പരിഗണനക്ക് വിടാൻ തീരുമാനിച്ചു. സർക്കാറിൽനിന്ന് തീരുമാനുണ്ടായാൽ നടപ്പാക്കുമെന്ന് ജില്ല ഭരണകൂടം അറിയിച്ചു. റിട്ടേണ്‍ സാധ്യതയില്ലാത്ത സ്ഥലങ്ങളില്‍നിന്ന് മിനിമം ചാര്‍ജ് കഴിഞ്ഞുള്ള ബാക്കി തുകയുടെ പകുതിയും വാങ്ങാം. നഗരപരിധി നിര്‍ണയിക്കാൻ സര്‍ക്കാർ അനുമതിക്കായി ആര്‍.ടി.ഒയെ ചുമതലപ്പെടുത്തി. നിലവില്‍, പഴയ പഞ്ചായത്തുകളായ കുമാരനല്ലൂര്‍, നാട്ടകം പ്രദേശങ്ങളിലെ ഓട്ടോകളെ നഗരപരിധിയില്‍ ഉള്‍പ്പെടുത്തിയിട്ടില്ല. നഗര പെര്‍മിറ്റില്ലാത്ത ഓട്ടോകൾ നഗരത്തില്‍നിന്ന് യാത്രക്കാരെ കയറ്റിയാൽ കർശന നടപടിയുണ്ടാകും. മീറ്റർ ഘടിപ്പിക്കുേമ്പാൾ ഒരേസ്ഥലത്തേക്ക് ഈടാക്കാവുന്ന നിരക്കിൻെറ പ്രത്യേകപട്ടികയും നൽകിയിട്ടുണ്ട്. ഈ നിർദേശവും വിവിധ ട്രേഡ് യൂനിയൻ നേതാക്കൾ അംഗീകരിച്ചു. നഗരത്തിലെ ഓട്ടോയാത്രക്ക് അമിതനിരക്ക് ഈടാക്കുന്നത് പുറത്തുനിന്നുള്ള ഡ്രൈവർമാരാണെന്ന് കലക്ടറോട് നേതാക്കൾ പറഞ്ഞു. ജില്ല പൊലീസ് മേധാവി പി.എസ്. സാബു, ഡെപ്യൂട്ടി കലക്ടർ അലക്സ് ജോസഫ്, ആര്‍.ടി.ഒ വി.എം. ചാക്കോ, തൊഴിലാളി യൂനിയനുകളുടെ പ്രതിനിധികളായ എം.പി. സന്തോഷ്കുമാര്‍, ഫിലിപ്പ് ജോസഫ്, പി.ജെ. വര്‍ഗീസ്, സുനില്‍ തോമസ്, സാബു പുതുപ്പറമ്പില്‍, പി.എസ്. തങ്കച്ചന്‍, എ.ജെ. തോമസ്, ടി.എം. നളിനാക്ഷന്‍, ജോഷി ജോസഫ്, ടോണി തോമസ് എന്നിവർ പങ്കെടുത്തു.",കോട്ടയം: നാലുദിവസത്തെ സമരത്തിനൊടുവിൽ കോട്ടയത്തെ ഓട്ടോകൾ ഇനി മീറ്ററിട്ട് ഓടും. ജില്ല ഭരണകൂടത്തിൻെറ കർക്കശ നിലപാടിൽ തൊഴിലാളികൾ പതറിയതോടെയാണ് ഉപാധികൾക്ക് മുന്നിൽ കീഴടങ്ങിയത്. തിങ്കളാഴ്ച,mal,madhyamam,Madhyamam,fake news,3f972a71-ee06-4502-98f9-ee3bd0439221,article,MassiveSum
https://www.madhyamam.com/local-news/malappuram/2018/mar/28/455372,,ചേലത്തൂർ നൂഞ്ഞിക്കൽ^ആലക്കപറമ്പ് റോഡ് ഉദ്​ഘാടനം,,"ചേലത്തൂർ നൂഞ്ഞിക്കൽ-ആലക്കപറമ്പ് റോഡ് ഉദ്ഘാടനം ഊരകം: ഗ്രാമ പഞ്ചായത്ത് ചേലത്തൂർ നൂഞ്ഞിക്കൽ-ആലക്കപറമ്പ് റോഡ് വൈസ് പ്രസിഡൻറ് കെ.ടി. അബ്ദുസ്സമദ് നിർവഹിച്ചു. വാർഡ് മെംബർ റീന തിരുത്തി അധ്യക്ഷത വഹിച്ചു. േബ്ലാക്ക് മെംബർ പി.പി. ഹസ്സൻ, അലവി, ഹംസ മാസ്റ്റർ, അലി ഹസ്സൻ, ഹസ്സൻകുട്ടി ഹാജി, അസീസ് മാസ്റ്റർ, ചോയി ഏട്ടൻ, ഗോപാലൻ പ്രസാദ്, ബഷീർ, ഹക്കീം തുപ്പിലിക്കാട്ട്, സന്തോഷ്, മൻസൂർ, അനിൽകുമാർ, സൈദ് എന്നിവർ സംബന്ധിച്ചു.",ചേലത്തൂർ നൂഞ്ഞിക്കൽ-ആലക്കപറമ്പ് റോഡ് ഉദ്ഘാടനം  ഊരകം: ഗ്രാമ പഞ്ചായത്ത് ചേലത്തൂർ നൂഞ്ഞിക്കൽ-ആലക്കപറമ്പ് റോഡ് വൈസ് പ്രസിഡൻറ് കെ.ടി. അബ്ദുസ്സമദ് നിർവഹിച്ചു.   വാർഡ് മെംബർ റീന തിരുത്തി അധ്യക്ഷത,mal,madhyamam,Madhyamam,fake news,bbaffb7e-5d5c-4ae3-a065-4b0ef0d0cf0a,article,MassiveSum
https://www.madhyamam.com/kerala/local-news/palakkad/--524029,,പട്ടികജാതി/പട്ടികവർഗ അവകാശ സംരക്ഷണ സമിതി സംസ്ഥാന കമ്മിറ്റി,,"മലപ്പുറം: സംസ്ഥാനത്ത് പട്ടികജാതി-വര്‍ഗ വിഭാഗങ്ങള്‍ക്കെതിരെ നടക്കുന്ന അതിക്രമങ്ങള്‍ക്കും ആനുകൂല്യ-നീതി നിഷേധങ്ങള്‍ക്കുമെതിരെ പോരാടാനും അവകാശ ലംഘനങ്ങള്‍ക്കെതിരെ പ്രതികരിക്കാനും നിയമനടപടികള്‍ സ്വീകരിക്കുന്നതിനുമായി കേരള സംസ്ഥാന പട്ടികജാതി/പട്ടികവർഗ അവകാശ സംരക്ഷണ സമിതി കമ്മിറ്റി രൂപവത്​കരിച്ചു. അനില്‍ സി. അരീക്കോട്, സന്തോഷ് വാഴയൂര്‍, അയ്യപ്പന്‍ കൊന്നോളത്ത്, കെ. ഹരി, പി. സജിനി എന്നിവർ സംസാരിച്ചു. ഭാരവാഹികൾ: ശ്രീധരന്‍ മമ്പാട് (പ്രസി.), ചന്ദ്രന്‍ കെ. മലപ്പുറം (സെക്ര.). mpg aslm1 sreedharan ശ്രീധരന്‍ മമ്പാട് (പ്രസി.) mpg aslm1 chandran ചന്ദ്രന്‍ കെ. മലപ്പുറം (സെക്ര.)",പട്ടികജാതി/പട്ടികവർഗ അവകാശ സംരക്ഷണ സമിതി സംസ്ഥാന കമ്മിറ്റി,mal,madhyamam,Madhyamam,fake news,d4b06459-c75c-4a13-9567-ae76eab5a807,article,MassiveSum
https://www.madhyamam.com/kerala/local-news/malappuram/--693584,,ജെ.ഇ.ഇ അഡ്വാന്‍സ്ഡ് പരീക്ഷ ജൂലായ് മൂന്നിന്,,ന്യൂഡല്‍ഹി: 2021 ലെ ജെ.ഇ.ഇ. അഡ്വാന്‍സ്ഡ് പ്രവേശന പരീക്ഷ ജൂലൈ മൂന്നിന് നടക്കും. രാജ്യത്തെ 23 ഇന്ത്യന്‍ ഇൻസ്​റ്റിറ്റ്യൂട്ട് ഓഫ് ടെക്നോളജി (ഐ.ഐ.ടി.)കളിലേക്കുള്ള പ്രവേശനം നേടുന്നതിനുള്ള പരീക്ഷയാണ് ജെ.ഇ.ഇ അഡ്വാന്‍സ്ഡ്. കേന്ദ്ര വിദ്യാഭ്യാസ മന്ത്രി രമേഷ് പൊഖ്റിയാലാണ് ഇക്കാര്യം അറിയിച്ചത്. ഐ.ഐ.ടി ഖടഗ്പുരിനാണ് നടത്തിപ്പു ചുമതല. പ്രവേശനത്തിനുള്ള അടിസ്ഥാന മാനദണ്ഡമെന്ന നിലയില്‍ പ്ലസ്ടുവിന് 75% മാര്‍ക്ക് വേണമെന്ന കാര്യത്തില്‍ കോവിഡ് സാഹചര്യത്തില്‍ ഇളവ് നല്‍കിയിട്ടുണ്ട്. കഴിഞ്ഞ വർഷം ജെ.ഇ.ഇ മെയിനില്‍ യോഗ്യത നേടിയ 2.5 ലക്ഷം പേര്‍ക്ക് ഇത്തവണ ജെ.ഇ.ഇ അഡ്വാന്‍സ്ഡ് 2021 ന് അപേക്ഷിക്കാം.,ജെ.ഇ.ഇ അഡ്വാന്‍സ്ഡ് പരീക്ഷ ജൂലായ് മൂന്നിന്,mal,madhyamam,Madhyamam,fake news,28b0a6a1-e615-4ae1-9228-e80744a11655,article,MassiveSum
https://nra.lv/latvija/93520-kad-noznaugs-apkures-paradi.htm,https://nra.lv/latvija/93520-kad-noznaugs-apkures-paradi.htm,Kad nožņaugs apkures parādi,,"Latvijas iedzīvotāju apkures parādu kopējo summu arī šogad diez vai varēs noskaidrot, bet informācija par to naudas daudzumu – miljoniem latu –, kuru namu apsaimniekotāji un pārvaldnieki nebūs samaksājuši siltumpiegādes uzņēmumiem, kļūs zināma tikai jūnija sākumā.

Latvijas Pašvaldību savienības (LPS) eksperts enerģētikas jautājumos Paulis Barons saka: «Nekas labs gaidāms nav. Parādi būs lielāki nekā pagājušogad, par 20 līdz 30 procentiem.» LPS gada sākumā valdībai nosūtīja atklātu vēstuli, kurā brīdināja par parādu pieaugumu un ierosināja, kā situāciju uzlabot. Tagad P. Barons atzīst – valdība nealkst palīdzēt pašvaldībām. Starp citu, LPS šogad februārī valdībai piedāvāja valsts budžetā paredzēt 50 procentu līdzfinansējumu garantētā minimālā ienākumu līmeņa un dzīvokļa pabalstiem (finansējuma avots – ienākumi no PVN siltumapgādei un akcīzes nodokļa dabas gāzei).

Valdībā nesadzirdēts palicis arī LPS brīdinājums, ka problēmas rada ar hipotēku apgrūtināto dzīvokļu īpašumi, kuros īpašnieku parādi par pakalpojumiem ir vairāk nekā trešdaļa no kopējā parādu apjoma. Rīgā banku un to meitasuzņēmumu parādi par komunālajiem maksājumiem pašvaldības uzņēmumam Rīgas namu pārvaldnieks līdz martam bija 110 000 latu, informē Rīgas domes Mājokļu un vides departamenta pārstāve Inga Ivanova.

Pašvaldības mazāk turīgajiem iedzīvotājiem pašlaik palīdz ar pabalstiem, bet tiem, kuri šajā kategorijā neietilpst, tomēr lielos apkures rēķinus nespēj laikus samaksāt, piedāvā izlīdzināto maksājumu (kā Rīgā) vai neaprēķina soda naudas un sastāda parāda atmaksas grafiku (kā Jūrmalā un citviet). Plūdu dēļ pašvaldībām saviem iedzīvotājiem nāksies materiāli palīdzēt vēl vairāk. «Valmiera, Daugavpils, Jēkabpils... Viņiem, nabagiem, vēl plūdi uzkrituši,» noteic P. Barons.

Parādu dinamika ne tikai katru mēnesi, bet pat ik dienu ir mainīga, tomēr skaidrs arī, ka iedzīvotāju zemā maksātspēja siltumapgādes uzņēmumiem rada problēmas ne tikai uzsākt kārtējo apkures sezonu, bet arī nodrošināt darbību, remontējot siltumtrases un investējot līdzekļus attīstībā, lai varētu pazemināt tarifu. Apsaimniekotāji un siltumuzņēmumi, lai norēķinātos par siltumenerģiju, ņem īslaicīgus kredītus.

Piemēram, šajā apkures sezonā (dati līdz februāra sākumam) Valmierā iedzīvotāji siltumpiegādes uzņēmumam parādā palikuši apmēram 350 000 latu, Jēkabpilī kopējā parādu summa ir aptuveni

1,2 miljoni latu, Jelgavā – gandrīz trīs miljoni latu, Liepājā – nepilni trīs miljoni latu. SIA Jēkabpils siltums vadītājs Aleksandrs Karpenko pat ierunājies par parāda kritisko masu, kas uzņēmuma darbību varētu paralizēt. Vēl jau tā neesot sasniegta.

Rīdzinieku parāds par apkures sezonā piegādāto siltumenerģiju līdz martam pārsniedzis 26 miljonus latu, bet rēķinu apmaksas procents ir 79 procenti. Jūrmalā apkures parādi šajā apkures sezonā pieauguši par 30 procentiem, un ir četri miljoni latu. P. Barons komentē: «Parādu apjoms ar katru gadu summējas un aug.» To apliecina Neatkarīgās apkopotā informācija par kādas daudzdzīvokļu ēkas parāda dinamiku. Pagājušā gada vasarā trīs mēnešu laikā parāds saruka tikai par 70 latiem! Šajā apkures sezonā iedzīvotāji parādu iekrāj vairāk – nu jau pusotra līdz divu mēnešu maksājumu apjomā. LPS norādījusi, ka jau janvārī iedzīvotāju parādsaistības sasniegušas vēl nebijušu apjomu – 39,67 miljonus latu.

LPS priekšsēdis Andris Jaunsleinis sarunā ar biznesa informācijas portālu Baltic Business Service atklāti pateica to, ko maksātspējīgākie iedzīvotāji saprot paši. Proti, ka apkures parādi atstās ietekmi uz siltuma tarifiem un tie nesamazināsies, un ka nesamaksātos parādus faktiski maksās pārējie maksātāji. Tikai – cik ilgi?","Latvijas iedzīvotāju apkures parādu kopējo summu arī šogad diez vai varēs noskaidrot, bet informācija par to naudas daudzumu – miljoniem latu –, kuru namu apsaimniekotāji un pārvaldnieki nebūs samaksājuši siltumpiegādes uzņēmumiem, kļūs zināma tikai jūnija sākumā.",mal,nra,NRA,fake news,abe5ab25-fdd4-4251-bb2c-68c3f09a038f,article,MassiveSum
https://www.madhyamam.com/gulf-news/oman/rain-oman-gulf-news/661254,,മഴയിൽ പച്ചയണിഞ്ഞ്​ മലനിരകൾ,,"മസ്കത്ത്: കഴിഞ്ഞ കുറെ മാസങ്ങളായി പെയ്യുന്ന മഴ ഒമാനെ പച്ചയണിയിക്കുന്നു. എന്നും വരണ്ടുണങ്ങിയ ചെമ്പു നിറത്തിൽ ക ാണുന്ന പർവതനിരകളിലെ ഹരിതഭംഗി കാഴ്ചക്കാരിൽ കൗതുകം നിറക്കുന്നതാണ്. കഴിഞ്ഞ കുറെ മാസങ്ങളിൽ ഒമാ​െൻറ വിവിധ ഭാഗങ്ങള ിൽ നിരവധി തവണ മഴ ലഭിച്ചിരുന്നു. തുടർച്ചയായി മഴ പെയ്തതോടെ മലകളിൽ പച്ചപ്പുകൾ തഴച്ച് വളരാൻ തുടങ്ങി. താഴ്വാരങ്ങളിലും പച്ചപ്പുകളും കാട്ടുചെടികളുമെല്ലാം തഴച്ചുവളരുന്നുണ്ട്. മലകളിലെ പച്ചപ്പുകൾ കാമറകളിൽ പകർത്താനെത്തുന്നവരും നിരവധിയാണ്​.

ഇങ്ങനെ മഴ തുടർച്ചയായി െപയ്യുന്ന കാലം ഒാർമയിലുണ്ടായിട്ടില്ലെന്നാണ് ഒമാനിലെ പഴമക്കാർ പറയുന്നത്. സലാലയൊഴിച്ചുള്ള ഒമാ​​െൻറ സ്​ഥലങ്ങളിൽ വർഷത്തിൽ ഒന്നോ രണ്ടോ തവണ മഴ പെയ്യാറുണ്ട്. ഇവ വാദികളും വെള്ളപ്പൊക്കങ്ങളുമായി ദുരന്തം വിതക്കാറുമുണ്ട്. എന്നാൽ, തുടർച്ചയായി ഇങ്ങനെ മഴ പെയ്യുന്നത് കണ്ടിട്ടില്ലെന്ന്​ ആദ്യകാല പ്രവാസികളും പറയുന്നു. മലകൾ പച്ചയണിഞ്ഞ് നിൽക്കുന്ന ഇതുപോലെയുള്ള കാഴ്ചകൾ മുമ്പ് കണ്ടിട്ടില്ലെന്നും ഇവർ കൂട്ടിച്ചേർക്കുന്നു. മഴ നിരന്തരം പെയ്യാൻ തുടങ്ങിയതോടെ ജീവിതരീതികളിലും ചില മാറ്റങ്ങൾ വരുന്നുണ്ട്. ഇതുവരെ കുട ഉപയോഗിക്കുന്നവർ അപൂർവമായിരുന്നു ഒമാനിൽ. എന്നാൽ, ഇപ്പോൾ പലരും പുറത്തിറങ്ങുേമ്പാൾ കുട ഉപയോഗിച്ച് തുടങ്ങിയിട്ടുണ്ട്. കെട്ടിട നിർമാണത്തിൽ മഴയെ പരിഗണിക്കുമായിരുന്നില്ല. അതിനാൽ പല കെട്ടിടങ്ങളിലും വെള്ളം ഇറ്റിവീഴുന്നുമുണ്ട്. ഇനി കെട്ടിടങ്ങൾ നിർമിക്കുേമ്പാൾ മഴയെ കൂടി പരിഗണിക്കണമെന്ന സന്ദേശമാണ് കാലാവസ്​ഥമാറ്റം നൽകുന്നത്​.",ഇതുപോലെ മുമ്പ് കണ്ടിട്ടില്ലെന്ന്​ പഴമക്കാർ,mal,madhyamam,Madhyamam,fake news,c9955f11-9ada-4819-9d74-6cabd1b68e32,article,MassiveSum
https://www.madhyamam.com/local-news/kannur/2017/jun/28/281179,,ബീരിച്ചേരി റെയിൽവേ മേൽപാലം: ഉന്നതസംഘം സന്ദർശിച്ചു,,"തൃക്കരിപ്പൂർ: ബീരിച്ചേരി റെയിൽവേ മേൽപാലത്തി​െൻറ പ്രാഥമിക നടപടികൾ ആരംഭിച്ചു. പി. കരുണാകരൻ എം.പിയുടെ നേതൃത്വത്തിൽ ഉന്നത ഉദ്യോഗസ്ഥ സംഘം സ്ഥലം സന്ദർശിച്ചു. വിശദമായ പ്രോജക്ട് റിപ്പോർട്ട് തയാറാക്കുന്നതിന് മുന്നോടിയായാണ് സംഘമെത്തിയത്. 40 കോടി ചെലവിട്ട് നിർമിക്കുന്ന പാലത്തി​െൻറ 20 കോടി റെയിൽവേയും ബാക്കി സംസ്ഥാന സർക്കാറുമാണ് അനുവദിക്കേണ്ടത്. ഇതിനായി പ്രഭാകരൻ കമീഷൻ ശിപാർശയിൽ 2.5 കോടി നീക്കിവെച്ചിരുന്നു. മേൽപാല നിർമാണം 2015ലെ ബജറ്റിൽ ഉൾപ്പെടുത്തി 10 ലക്ഷം രൂപ നീക്കിവെച്ചിരുന്നു. എസ്റ്റിമേറ്റ് തയാറാക്കാനായി 10 ലക്ഷം രൂപ ചെലവുവരും. ഈ തുക വിനിയോഗിക്കുന്നതുമായി ബന്ധപ്പെട്ടാണ് പ്രാഥമിക പരിശോധന പൂർത്തിയാക്കിയത്. 15 ദിവസത്തിനകം ഡി.പി.ആറും മൂന്ന് മാസത്തിനകം എസ്റ്റിമേറ്റും തയാറാക്കും. പാലം നിർമാണത്തിന് മാത്രമായാണ് 40 കോടി അനുവദിച്ചത്. കൂടുതൽ സ്ഥലം ഏറ്റടുക്കേണ്ടിവന്നാൽ എസ്റ്റിമേറ്റ് തുക വർധിച്ചേക്കും. നിലവിലെ ഗേറ്റി​െൻറ തെക്ക് കിഴക്കായാണ് പാലം നിർമിക്കാനുദ്ദേശിക്കുന്നത്. കാലിക്കടവ് ഒളവറ റോഡിലെ തിരക്കേറിയ റെയിൽവേ ഗേറ്റാണ് ബീരിച്ചേരിയിലേത്. തൃക്കരിപ്പൂർ ഗ്രാമപഞ്ചായത്ത് പ്രസിഡൻറ് വി.പി. ഫൗസിയ, എ.ഡി.എം കെ. അംബുജാക്ഷൻ, െഡപ്യൂട്ടി തഹസിൽദാർ എ. പവിത്രൻ, റെയിൽവേ എ.എക്സ്‌.ഇ അബ്ദുൽ അസീസ്, കോർപറേഷൻ മാനേജർ മിഥുൻ ജോസഫ് എന്നിവരാണ് സ്ഥലം സന്ദർശിച്ച സംഘത്തിലുണ്ടായിരുന്നത്.",തൃക്കരിപ്പൂർ: ബീരിച്ചേരി റെയിൽവേ മേൽപാലത്തി​െൻറ പ്രാഥമിക നടപടികൾ ആരംഭിച്ചു. പി. കരുണാകരൻ എം.പിയുടെ നേതൃത്വത്തിൽ ഉന്നത ഉദ്യോഗസ്ഥ സംഘം സ്ഥലം സന്ദർശിച്ചു. വിശദമായ പ്രോജക്ട് റിപ്പോർട്ട്,mal,madhyamam,Madhyamam,fake news,8034619e-1b17-4d49-b5c8-caed5b617249,article,MassiveSum
https://lao.voanews.com/a/5184656.html,https://lao.voanews.com/a/5184656.html,ເຊີນ​ຟັງ​ກາ​ນຳ​ພາດ ຊາວ​ອາ​ເມ​ຣິ​ກັນເຊື້ອ​ສາຍ​ລາວ ສະ​ຫຼອງວັນ​ຂອບ​ຄຸນ​ພະ​ເຈົ້າ,,ອ່ານແລະຟັງຂ່າວ ກ່ຽວກັບປະເທດລາວ ເອເຊຍ ອາເມຣິກາ ແລະໂລກ. ນອກນັ້ນ ວີໂອເອລາວຍັງນໍາສະເໜີລາຍງານທີ່ລົງເລິກ ກ່ຽວກັບເລື້ອງຕ່າງໆທີ່ຢູ່ໃນຂ່າວ ແລະຄວາມກ້າວໜ້າດ້ານການແພດ ສຸຂະພາບ ອະນາໄມ ເສດຖະກິດ ການກະເສດ ວິທະຍາສາດແລະເທັກໂນໂລຈີ ຕະຫລອດທັງລາຍການດົນຕີ ແລະຊີວິດຊາວລາວໃນຕ່າງແດນ.,ອ່ານແລະຟັງຂ່າວ ກ່ຽວກັບປະເທດລາວ ເອເຊຍ ອາເມຣິກາ ແລະໂລກ. ນອກນັ້ນ ວີໂອເອລາວຍັງນໍາສະເໜີລາຍງານທີ່ລົງເລິກ ກ່ຽວກັບເລື້ອງຕ່າງໆທີ່ຢູ່ໃນຂ່າວ ແລະຄວາມກ້າວໜ້າດ້ານການແພດ ສຸຂະພາບ ອະນາໄມ ເສດຖະກິດ ການກະເສດ ວິທະຍາສາດແລະເທັກໂນໂລຈີ ຕະຫລອດທັງລາຍການດົນຕີ ແລະຊີວິດຊາວລາວໃນຕ່າງແດນ.,mal,voanews,VOA News,fake news,0feacab4-4012-4e03-a601-ca151c693b18,article,MassiveSum
https://www.15min.lt/kultura/naujiena/literatura/vokieciu-rasytojas-karlas-olsbergas-kiekviena-knyga-kuria-rasau-yra-zingsnis-i-nezinomybe-286-1379972,https://www.15min.lt/kultura/naujiena/literatura/vokieciu-rasytojas-karlas-olsbergas-kiekviena-knyga-kuria-rasau-yra-zingsnis-i-nezinomybe-286-1379972,"Vokiečių rašytojas Karlas Olsbergas: „Kiekviena knyga, kurią rašau, yra žingsnis į nežinomybę“",,"– Kaip prisistatytumėte tiems, kurie nežino, kas esate?

– Esu Karlas Olsbergas. Tyrinėtojas. Bet, užuot keliavęs po pasaulį, tyrinėju nežinomus savo vaizduotės klodus. Tai man leidžia leistis gilyn į kosmosą, keliauti laiku į tolimą ateitį ar praeitį ir įsivaizduoti, kas nutiktų, jei išrastume dirbtinį intelektą, 10 tūkstančių kartų protingesnį už mus.

– Kaip sugalvojote rašyti knygas? Kada parašėte pirmąją?

– Pirmą knygą pradėjau rašyti būdamas vienuolikos metų. Tuo metu man labai patiko skaityti mokslinę fantastiką, tad pabandžiau ir pats sukurti tokią istoriją. Deja, šį reikalą mečiau parašęs 10 puslapių. Per kitus 30 metų kelis kartus bandžiau vėl imtis rašymo, bet taip nieko ir nepabaigiau.

Supratau, kad norint būti rašytoju visų pirma reikia būti labai atkakliam.

Būdamas 43 metų pagaliau baigiau rašyti savo pirmąjį romaną. Tik nė viena leidykla nenorėjo jo išleisti. Lygiai taip pat buvo su antruoju ir trečiuoju kūriniu, bet kadangi tyrinėdamas įsivaizduojamus pasaulius jaučiau didžiulį pasitenkinimą, nesilioviau rašyti. Ketvirtoji mano knyga „Sistema“ apie dirbtinio intelekto apgaulę pagaliau buvo išleista ir Vokietijoje tapo bestseleriu. Supratau, kad norint būti rašytoju visų pirma reikia būti labai atkakliam.

– Kas jums labiausiai patinka rašant jaunimui?

– Būdamas maždaug 12 metų ėmiau filosofiškai mąstyti, kelti sudėtingus klausimus: iš kur viskas atsiranda, kas yra laikas, kodėl aš esu, kas esu? Vėliau daugiau dėmesio skyriau praktiškesniems reikalams, pavyzdžiui, santykiams su mergaitėmis (tai yra dar sudėtingesnė tema nei filosofija), darbui. Staiga kažkaip praradau gebėjimą mąstyti plačiai, kelti sudėtingus klausimus. Štai todėl man patinka rašyti jaunimui: jie vis dar pilni entuziazmo ir noro mokytis. Priešingai nei daugelis suaugusiųjų, jie nemano, kad žino viską. Jie yra tikrų tikriausi filosofai.

– Kokį įdomiausią dalyką išmokote rašydamas knygas?

– Kiekviena knyga, kurią rašau, yra žingsnis į nežinomybę. Turiu domėtis tema, kuria rašau, ir kelti sau tokius klausimus, kurių niekada nebuvau iškėlęs. Kiekvieną kartą išmokstu kažką naujo. O pats nuostabiausias dalykas, kurį atradau rašydamas knygas, yra tai, kad mano kūrinių veikėjai turi savo protą, savo valią. Kartais apybraižose turiu pasižymėjęs sceną, kurioje pagrindinis veikėjas turėtų kažką padaryti. Bet kai pradedu aprašinėti tą sceną, tam tikru momentu veikėjas sako: „Ne! Aš to nedarysiu! Niekada taip nepasielgčiau!“ Esu bandęs veikėjus nutildyti ir priversti padaryti tai, ką buvau jiems sugalvojęs, bet tai neveikia: istorija tiek man, tiek skaitytojams atrodo „neteisinga“.

Išmokau klausytis savo personažų, suteikti jiems erdvės plėtoti ir įgyvendinti savo pačių idėjas. Kartais tai nuveda prie visiškai kitokios istorijos, nei buvau sugalvojęs rašyti. Bet man smagu: stebiu įvykius, tarsi jie vyktų iš tikrųjų, ir juos tiesiog reikia užrašyti, o ne „konstruoti“. Kurį laiką maniau, kad man kažkas negerai, bet visi rašytojai, su kuriais apie tai kalbėjau, patvirtino, kad ir jie išgyvena panašius potyrius. Tai viena iš priežasčių, kodėl aš niekada nenustosiu rašyti.

Knygos viršelis/ „Berniukas baltame kambaryje“

– Lietuvoje ką tik pasirodė jūsų knyga „Berniukas baltame kambaryje“. Apie ką ji?

– Penkiolikmetis berniukas vardu Manuelis pabunda keistame baltame kambaryje be durų. Jis nieko neprisimena, nežino, kas jis toks ir kaip ten pateko. Tai išsiaiškinti bando padedamas nelabai protingo dirbtinio intelekto vardu Alisa ir pasitelkęs internetą. Bet kai viskas, ką gali matyti ir girdėti, tėra skaitmena, ganėtinai sunku tiesą atskirti nuo melo ir iliuzijų.

– Kokia yra pagrindinė žinutė, kurią norite šia knyga perduoti skaitytojams?

– Prieš 400 metų prancūzų filosofas Renė Dekartas įsivaizdavo „piktąją dvasią“, kuri sukūrė visas jo patirtis, todėl jis niekada negalėjo žinoti tiesos, išskyrus faktą, kad jis egzistuoja. Tikriausiai kiekvienas žinome garsiąją šio žmogaus frazę „mąstau, vadinasi, esu“. Jo laikais tai buvo tik eksperimentas. Dabar mes gyvename pasaulyje, kuriame labai lengva padirbti vaizdo įrašus, sukurti įtikinamas niekada neegzistavusių žmonių nuotraukas ir robotus, kurie galėtų veikti socialinėse medijose ir daryti įtaką tikslinei auditorijai skleisdami melagingas naujienas. Tam tikra prasme Renė Dekarto vizija išsipildė. Atsižvelgdamas į tai, knygoje „Berniukas baltame kambaryje“ pasakoju tapatybės ieškojimo istoriją ir kviečiu susimąstyti, ką reiškia būti žmogumi išmaniųjų technologijų amžiuje.

– Kaip manote, ar knygoje aprašomos situacijos ir problemos gali tapti realybe? Ar dirbtinis intelektas gali tapti grėsme žmonijai?

– Rašau tinklaraštį „Ki-risiken.de“, kurio pavadinimas išvertus iš vokiečių kalbos reiškia „Dirbtinio intelekto rizikos“. Taigi taip, manau, kad dirbtinis intelektas yra grėsmė žmonijai. Gal net pati pavojingiausia, su kokia esame susidūrę. Kita vertus, dirbtinis intelektas gali būti vienintelė mūsų viltis išgyventi. Kaip ir bet kokia kada nors išrasta technologija, dirbtinis intelektas turi ir privalumų, ir trūkumų. Jis gali būti naudojamas ligoms gydyti, visuotiniam atšilimui sustabdyti ir žmonių gyvenimui pagerinti. Jis taip pat gali būti naudojamas žmonėms stebėti, jais manipuliuoti, nelygybei pasaulyje didinti ir pavojingoms valdžios monopolijoms kurti. Mes galime dirbtinį intelektą pasitelkti kurdami naudingus robotus arba autonomines žudymo mašinas. Taigi, man kelia nerimą ne pati technologija. Kaip mėgstu sakyti, mūsų problema yra ne dirbtinis intelektas, o žmogaus kvailumas.","Daktaro laipsnį dirbtinio intelekto studijų srityje įgijęs Karlas Olsbergas (Karl Olsberg) kviečia susimąstyti, ką reiškia būti žmogumi išmaniųjų technologijų amžiuje. Nors vokieč...",mal,15min,15Min,fake news,e85a5ee1-f2ef-4f33-98ab-b81939a355f5,article,MassiveSum
https://www.madhyamam.com/kerala/local-news/idukki/--527161,https://www.madhyamam.com/kerala/local-news/idukki/--527161,കോവിഡ്​ അതിവ്യാപനം: നാല്​ ജില്ലകളിൽ പ്രത്യേക ശ്രദ്ധവേണമെന്ന്‌ ആരോഗ്യവകുപ്പ്‌,,"കൊച്ചി: കോവിഡ്‌ അതിവ്യാപന ഘട്ടത്തിലേക്ക്​ കടന്നിരിക്കെ ആലപ്പുഴ, കണ്ണൂർ, പാലക്കാട്‌, തൃശൂർ ജില്ലകളിൽ പ്രത്യേക ശ്രദ്ധവേണമെന്ന്‌ ആരോഗ്യവകുപ്പ്‌. ഇവിടങ്ങളിൽ കൂടുതൽ ക്ലസ്‌റ്ററുകൾ രൂപപ്പെടാൻ ഇടയുണ്ട്‌. സംസ്ഥാനത്ത്‌ ഇതുവരെ 47 ക്ലസ്‌റ്ററുകൾ രൂപപ്പെട്ടെന്ന്‌ ആരോഗ്യവകുപ്പി​ൻെറ കോവിഡ്‌ ക്ലസ്‌റ്റർ റിപ്പോർട്ടിൽ പറയുന്നു. ഇതിൽ തിരുവനന്തപുരം പൂന്തുറ, മലപ്പുറം പൊന്നാനി എന്നിവ മാത്രമാണ്‌ വലിയ ക്ലസ്‌റ്ററുകൾ. ഇവിടങ്ങളിൽ സമ്പർക്കത്തിലൂടെ അമ്പതിലധികം പേർക്ക്‌ രോഗപ്പകർച്ചയുണ്ടായി. 15 ക്ലസ്‌റ്ററുകളിൽ രോഗം നിയന്ത്രണ വിധേയമായിട്ടുണ്ട്‌. മറ്റിടങ്ങളിൽ നിയന്ത്രണ നടപടികൾ അതിവേഗം സ്വീകരിച്ചുവരുന്നു. തിരുവനന്തപുരത്ത്‌ പൂന്തുറ ഉൾപ്പെടെ ആറ് ക്ലസ്‌റ്റർ രൂപപ്പെട്ടു‌. കൊല്ലം -11, പത്തനംതിട്ട, ആലപ്പുഴ, എറണാകുളം -നാലുവീതം‌, മലപ്പുറം -മൂന്ന്‌, കോട്ടയം, ഇടുക്കി, കണ്ണൂർ, വയനാട്‌ -രണ്ടുവീതം, കോഴിക്കോട്‌, കാസർകോട്‌ -ഒന്നുവീതം. തൃശൂർ അഞ്ചിടത്ത്​ ഇൻസ്​റ്റിറ്റ്യൂഷനൽ ക്ലസ്‌റ്റർ രൂപപ്പെട്ടു. ആശുപത്രി, ഓഫിസുകൾ കേന്ദ്രീകരിച്ചാണ്‌ രോഗപ്പകർച്ച. കോർപറേഷൻ ഓഫിസ്‌, വെയർഹൗസ്‌ എന്നിടങ്ങളിൽ നിയന്ത്രണ നടപടികൾ ഇപ്പോഴും തുടരുന്നു. തിരുവനന്തപുരം, മലപ്പുറം ജില്ലകളിലെ ക്ലസ്‌റ്ററുകളിൽ ഇപ്പോഴും പുതിയ രോഗികളുണ്ടാകുന്നു. ഇവിടെ അടുത്ത ദിവസങ്ങളിൽ കൂടുതൽ പേർക്ക്‌ രോഗം സ്ഥിരീകരിക്കാനിടയുണ്ട്‌. തിരുവനന്തപുരത്ത്‌ താരതമ്യേന വ്യാപനം കൂടുതലാണെന്നും‌ം ആരോഗ്യവകുപ്പ്‌ വിലയിരുത്തുന്നു. കണ്ണൂർ സി.ഐ.എസ്‌.എഫ്‌, ഡി.എസ്‌.‌സി ക്യാമ്പുകൾ കേന്ദ്രീകരിച്ച്‌ നിരീക്ഷണം ശക്തമാക്കണം. ആലപ്പുഴ നൂറനാട്‌ ഇന്തോ-ടിബറ്റൻ ഫോഴ്‌സ്‌ ക്യാമ്പിൽ കൂടുതൽ പേരിലേക്ക്‌ രോഗം പടർന്നേക്കാം. തൃശൂർ കടലോര മേഖലയിൽ നിരീക്ഷണം ശക്തമാക്കണമെന്നും റിപ്പോർട്ടിൽ പറയുന്നു. അതിർത്തി ജില്ലയായ പാലക്കാട്‌ ഒമ്പതിടത്ത്​ ക്ലസ്‌റ്റർ രൂപപ്പെടാൻ സാധ്യതയുണ്ട്‌. ഇപ്പോഴും പുതിയ രോഗികളുണ്ടാകുന്ന ക്ലസ്‌റ്ററുകളിൽ അതിവേഗ ഇടപെടലിലൂടെ വ്യാപനത്തി​ൻെറ കണ്ണി പൊട്ടിക്കാനുള്ള ശ്രമത്തിലാണ്‌ ആരോഗ്യവകുപ്പ്‌. രോഗികളുടെ സമ്പർക്കപ്പട്ടിക തയാറാക്കുകയും രോഗസാധ്യതയുള്ള കൂടുതൽ ആളുകളെ പരിശോധിക്കുകയുമാണ്​ ചെയ്യുക. ചെറുലക്ഷണങ്ങളുള്ളവരെ ചികിത്സിക്കാൻ പ്രാദേശികമായി ഫസ്‌റ്റ്‌ ലൈൻ ട്രീറ്റ്‌മൻെറ്​ സൻെറർ സ്ഥാപിക്കും. സ്വന്തം ലേഖകൻ",കോവിഡ്​ അതിവ്യാപനം: നാല്​ ജില്ലകളിൽ പ്രത്യേക ശ്രദ്ധവേണമെന്ന്‌ ആരോഗ്യവകുപ്പ്‌,mal,madhyamam,Madhyamam,fake news,1235bcdf-c963-4894-b881-1ea394819dbf,article,MassiveSum
https://www.madhyamam.com/local-news/trivandrum/2018/feb/06/422392,,ജില്ല ജയിലിൽ തൊഴിൽ പരിശീലനം,,"കൊല്ലം: ജൻശിക്ഷൺ സൻസ്ഥാ​െൻറയും ജയിൽ വകുപ്പി​െൻറയും നേതൃത്വത്തിൽ ജില്ല ജയിലിൽ പേപ്പർ കാരിബാഗ്, സോപ്പ് ഉൽപന്നങ്ങൾ, കുട നിർമാണം എന്നിവയിൽ തൊഴിൽ പരിശീലനം ആരംഭിച്ചു. 100 ജയിൽ അന്തേവാസികൾ പെങ്കടുക്കുന്ന പരിശീലന പരിപാടിയുടെ ഉദ്ഘാടനം ജൻശിക്ഷൺ സൻസ്ഥാൻ ഡയറക്ടർ ഡോ. നടയ്ക്കൽ ശശി നിർവഹിച്ചു. ജയിൽ സൂപ്രണ്ട് വിശ്വനാഥകുറുപ്പ് അധ്യക്ഷത വഹിച്ചു. ജയിൽ വെൽഫെയർ ഒാഫിസർ ജോർജ് ചാക്കോ, ജൻശിക്ഷൺ സൻസ്ഥാൻ കോഒാഡിനേറ്റർ പി. ജയകൃഷ്ണൻ എന്നിവർ സംസാരിച്ചു. 10 ദിവസം നീളുന്ന പരിശീലനം പൂർത്തിയാക്കുന്നവർക്ക് സർട്ടിഫിക്കറ്റുകളും സംരംഭങ്ങൾ ആരംഭിക്കുന്നതിനുള്ള മാർഗനിർദേശങ്ങളും നൽകും.","കൊല്ലം: ജൻശിക്ഷൺ സൻസ്ഥാ​െൻറയും ജയിൽ വകുപ്പി​െൻറയും നേതൃത്വത്തിൽ ജില്ല ജയിലിൽ പേപ്പർ കാരിബാഗ്, സോപ്പ് ഉൽപന്നങ്ങൾ, കുട നിർമാണം എന്നിവയിൽ തൊഴിൽ പരിശീലനം ആരംഭിച്ചു. 100 ജയിൽ അന്തേവാസികൾ...",mal,madhyamam,Madhyamam,fake news,2ba4c744-1749-42be-8e5d-75f5a1271ef0,article,MassiveSum
https://www.15min.lt/maistas/naujiena/virtuve/pasaulio-virtuve-havajietiskas-ananasu-pyragas-1044-409562,https://www.15min.lt/maistas/naujiena/virtuve/pasaulio-virtuve-havajietiskas-ananasu-pyragas-1044-409562,Pasaulio virtuvė: havajietiškas ananasų pyragas,,"Manoma, kad apie XVI a. ananasas į Havajus atkeliavo iš Pietų Amerikos, sudužus krovininiam Ispanijos laivui. 1901 m. jaunas verslininkas Jamesas Dole’as su 1000 JAV dolerių kišenėje įkūrė Havajų ananasų kompaniją ir pradėjo šiuos vaisius konservuoti. Maždaug 1950 m. daugiau nei pusė pasaulio ananasų buvo užauginama ir apdorojama Havajuose. Šiuo metu ši JAV valstija užima tik apie 15 proc. pasaulio ananasų rinkos.

Pats ananasas, Kristupui Kolumbui „atradus“ jį 1493-iaisiais Karibų salose, ispanų tyrinėtojų buvo valgomas norint išvengti skorbuto, mat šiame vaisiuje yra daug vitamino C. Ananasas turi daug medžiagų, kurios gerina virškinimą, malšina pilvo pūtimą.

Taigi ananasas turi daug naudingų savybių ir gali būti valgomas kaip desertas, jei puikiai atšaldysite jį ir patieksite vieną ar su ledais. Havajiečiai, gyvendami ananasų plantacijų pašonėje, prigalvojo gausybę įvairiausių receptų su šiais šviežiais ir konservuotais vaisiais. Šiandien jums pateikiame vieną jų – apverstą ananasų pyragą. Gardžiam kepiniui galite naudoti tiek šviežią ananasą, tiek konservuotus šio vaisiaus griežinėlius (kepimui pasirinkti pastarieji).

O koks geriausias būdas supjaustyti šviežią ananasą? Pirmiausia nupjaukite jo „šukuoseną“ (t. y. viršų) ir apačią, kad ananasas stovėtų. Paskui nurėžkite vaisiaus šonus. Tuomet geltoną sultingą minkštimą pjaustykite kaip norite – griežinėliais ar gabaliukais. Kaip pjaustyti ananasą, galite pamatyti čia:

VIDEO: Kaip nulupti ir supjaustyti ananasą","Ananasas – tai iš Havajų atvežtas simbolis, vietinių vadinamas „hala kahiki“. „Hala“ reiškia „badantį vaisių“ nuo hala medžio, o „kahiki“ – „užsienio šalį“.",mal,15min,15Min,fake news,e2b61101-5e13-4ebc-8735-d0d3b6bef820,article,MassiveSum
https://www.madhyamam.com/india/receiving-death-threats-international-numbergautam-gambhir/656195,,ഫോണിലൂടെ വധഭീഷണി ; സുരക്ഷ ഒരുക്കണമെന്ന് ഗൗതം ഗംഭീർ,,ന്യൂഡൽഹി: ഫോണിലൂടെ തനിക്ക് വധഭീഷണി ലഭിച്ചതായി ആരോപിച്ച് ബി.ജെ.പി എം.പി ഗൗതം ഗംഭീർ ഡൽഹി പോലീസിൽ പരാതിപ്പെട്ടു. അന്താരാഷ്ട്ര നമ്പറിൽ നിന്ന് ഫോണിലേക്ക് വരുന്ന ഭീഷണി കോളുകളെക്കുറിച്ച് അദ്ദേഹം ഷഹദാര ഡെപ്യൂട്ടി കമ്മീഷണർമാർക്ക് പരാതി അയച്ചു. പരാതിയിൽ കേസെടുക്കാനും തൻെറയും കുടുംബത്തിന്റെ സുരക്ഷ ഉറപ്പാക്കണമെന്നും ഗൗതം ഗംഭീർ പൊലീസിനോട് ആവശ്യപ്പെട്ടു.,ന്യൂഡൽഹി: ഫോണിലൂടെ തനിക്ക് വധഭീഷണി ലഭിച്ചതായി ആരോപിച്ച് ബി.ജെ.പി എം.പി ഗൗതം ഗംഭീർ ഡൽഹി പോലീസിൽ പരാതിപ്പെട്ടു. അന്താരാഷ്ട്ര നമ്പറിൽ നിന്ന് ഫോണിലേക്ക് വരുന്ന ഭീഷണി കോളുകളെക്കുറിച്ച് അദ്ദേഹം ഷഹദാര...,mal,madhyamam,Madhyamam,fake news,f8793383-9a25-4468-8775-381a003a89df,article,MassiveSum
https://lao.voanews.com/a/mali-election-a-great-success/1711969.html,https://lao.voanews.com/a/mali-election-a-great-success/1711969.html,ຝຣັ່ງ ວ່າ ການເລືອກຕັ້ງ ໃນມາລີ ເປັນຜົນສໍາເລັດ (ວີດີໂອ),,"ຕັ້ງປະທານາທິ ບໍດີ ​ໃນ​ວັນ​ອາທິດ​ວານ​ນີ້. ຂະນະ​ດຽວ​ກັນ ນາ

ຍົກລັດຖະມົນຕີຝຣັ່ງ ທ່ານ Jean Marc Ayrault ​ໄດ້​ຍ້ອງຍໍ

ນັກ​ຂ່າວ ວີ​ໂອ​ເອ ນາງ Anne Look ກ່າວ​ວ່າ ບັນດາ​ເຈົ້າ​ໜ້າ​

ສະຈາກ​ຄວາມ​ຮຸນ​ແຮ​ງ ​ເຖິງ​ແມ່ນໄດ້​ມີ​ການ​ຂູ່​ຂວັນ ​ຈາກກຸ່ມຊົນ​ເຜົ່າ Tuareg​ ທີ່​ຢາກ​ແຍກ​ດິນ​ແດນ.

ດີດນາຍົກລັດ​ຖະມົນຕີສອງຄົນ ຄື ທ່ານ Ibrahim Boubacar Keita ​ກັບ ທ່ານ

Modibo Sidibe. ຜູ້​ສະມັກ​ທີ່​ນໍາ​ໜ້າອີກ​ສອງ​ຄົນ ​ຄື ທ່ານ Soumalia Cisse ຫົວ

ໜ້າສະຫະ​ພາບ​ກອງ​ທຶນ​ອາ​ຟຣິກາ​ຕາ​ເວັນ​ຕົກ ​ແລະ ທ່ານ Dramane Dembele ທີ່​

​ເຂົາ​ເຈົ້າ​ກໍາລັງແຂ່ງ​ກັນ ​ເພື່ອ​ຈະ​ເຂົ້າ​ໄປແທ​ນທີ່ ທ່ານ Dioncounda Traore ​ທີ່​ໄດ້

ຂັນ​ກັນ​ບັ້ນ​ສຸດ​ທ້າຍ ​ໃນ​ການ​ເລືອກ​ຕັ້ງ​ຮອບ​ຕັດສິນ​ຊີ້​ຂາດ ​ໃນ​ວັນ​ທີ 11 ສິງຫາ ເດືອນ","ນາຍົກລັດຖະມົນຕີຝຣັ່ງ ​ວ່າ ການ​ເລືອກ​ຕັ້ງ ໃນມາລີ “​ເປັນ​ຜົນ​ສໍາ​ເລັດ​ອັນຍິ່ງ​ໃຫຍ່”
ທີ່ຈະສະໜອງໂອກາດ ໃຫ້ມາລີ ເປັນປະເທດເອກະລາດ ແລະມີປະຊາທິປະໄຕ.",mal,voanews,VOA News,fake news,21e0e8f5-3b29-4f60-bcd8-5b3abdefad03,article,MassiveSum
https://www.madhyamam.com/india/top-court-rejects-petition-against-arun-jaitley-india-news/578215,,"ജെയ്​റ്റ്​ലിക്കെതിരായ പൊതുതാൽപര്യ ഹരജി തള്ളി; അഭിഭാഷകന്​ 50,000 രൂപ പിഴ",,"ന്യൂഡൽഹി: അരുൺ ജെയ്​റ്റ്​ലിക്കെതി​രായ പൊതുതാൽപര്യ ഹരജി സുപ്രീംകോടതി തള്ളി. ഹരജി സമർപ്പിച്ച അഭിഭാഷകന്​ 50,000 രൂപ പിഴയും വിധിച്ചിട്ടുണ്ട്​. ആർ.ബി.​െഎയിലെ കരുതൽ ധനവുമായി ബന്ധപ്പെട്ട വിഷയത്തിലാണ്​ അഭിഭാഷകൻ എം.എൽ ശർമ്മ പൊത ുതാൽപര്യ ഹരജി നൽകിയത്​​.

പിഴ അടക്കുന്നത്​ വരെ എം.എൽ ശർമ്മ നൽകുന്ന ​പൊതുതാൽപര്യ ഹരജികൾ സ്വീകരിക്കേണ്ടെന്ന്​ കോടതി രജിസ്​ട്രറിക്ക്​ നിർദേശം ന ൽകി. ഇത്തരത്തിലുള്ള പൊതുതാൽപര്യ ഹരജികൾ പ്രോൽസാഹിപ്പിക്കേണ്ട സാഹചര്യമില്ലെന്ന്​ ചീഫ്​ ജസ്​റ്റിസ്​ രഞ്​ജൻ ഗോഗോയ്​, ജസ്​റ്റിസ്​ എസ്​.കെ കൗൾ എന്നിവരുൾപ്പെട്ട ബെഞ്ച്​ നിരീക്ഷിച്ചു. ധനമന്ത്രിയെ നിയന്ത്രിക്കുക എന്ന​താണോ താങ്കൾ ഹരജിയിലൂടെ ലക്ഷ്യമിടുന്നതെന്ന്​ സുപ്രീംകോടതി ചോദിച്ചു.

അതേസമയം, കോടതിയുടെ സമയം കളയുന്നതാണ്​ ഹരജിയെന്നായിരുന്നു അറ്റോണി ജനറൽ കെ.കെ വേണുഗോപാലി​​​െൻറ വാദം. ചില കമ്പനികളുടെ കിട്ടാകടം എഴുതി തള്ളുന്നതിനായി റിസർവ്​ ബാങ്കി​​​െൻറ കരുതൽ ധനം ജെയ്​റ്റ്​ലി കൊള്ളയടിക്കാൻ ശ്രമിക്കുന്നുവെന്നായിരുന്നു ഹരജിയിലെ പ്രധാന ആരോപണം.","ന്യൂഡൽഹി: അരുൺ ജെയ്​റ്റ്​ലിക്കെതി​രായ പൊതുതാൽപര്യ ഹരജി സുപ്രീംകോടതി തള്ളി. ഹരജി സമർപ്പിച്ച അഭിഭാഷകന്​ 50,000   രൂപ പിഴയും വിധിച്ചിട്ടുണ്ട്​. ആർ.ബി.​െഎയിലെ കരുതൽ ധനവുമായി ബന്ധപ്പെട്ട",mal,madhyamam,Madhyamam,fake news,71e1cf5c-5303-4393-8b6d-442a8cb209c4,article,MassiveSum
https://www.madhyamam.com/india/2016/jan/28/174384,,ബംഗളൂരു സ്ഫോടനം: കേസുകളുടെ ഏകീകരണത്തില്‍ വിധി നാളെ,,"ബംഗളൂരു: ബംഗളൂരു സ്ഫോടന കേസ് വിചാരണ ഏകീകരിക്കണമെന്ന മഅ്ദനിയുടെ ആവശ്യത്തില്‍ എന്‍.ഐ.എ കോടതി വെള്ളിയാഴ്ച വിധി പറയും. ബുധനാഴ്ച മഅ്ദനിയുടെയും മറ്റു പ്രതികളുടെയും സര്‍ക്കാറിന്‍െറയും വാദം കേട്ട കോടതി വിധി പറയുന്നത് വെള്ളിയാഴ്ചയിലേക്ക് മാറ്റി. ഒമ്പത് കേസുകളിലായി 2584 സാക്ഷികള്‍ ഉള്ളതില്‍ 1504 സാക്ഷികളെ ഇതുവരെ വിസ്തരിച്ചതായും 800ഓളം സാക്ഷികള്‍ ബാക്കിയുള്ളതായും മഅ്ദനിയുടെ അഭിഭാഷകന്‍ കോടതിയെ അറിയിച്ചു. നിലവിലെ അവസ്ഥയില്‍ ഇവരെ വിസ്തരിക്കാന്‍ ഒന്നര വര്‍ഷത്തിലധികം വേണം. പലതവണ സമന്‍സ് അയച്ചിട്ടും പൊലീസ് ഉദ്യോഗസ്ഥര്‍ ഉള്‍പ്പെടെ കോടതിയില്‍ ഹാജരാകാത്ത സാക്ഷികളുടെ പട്ടിക കോടതിയില്‍ സമര്‍പ്പിച്ചു. ഒമ്പതു കേസുകളിലെയും പല സാക്ഷികളും പ്രതികളും ഒന്നായതിനാല്‍ കേസ് ഒന്നിച്ചു പരിഗണിച്ചാല്‍ ആറു മാസത്തിനകം വിചാരണ പൂര്‍ത്തിയാക്കാമെന്ന് മഅ്ദനിക്കുവേണ്ടി അഡ്വ. ഉസ്മാന്‍ വാദിച്ചു. കേസുകള്‍ ഏകീകരിക്കുന്നതില്‍ ഏതിര്‍പ്പില്ളെന്ന് മറ്റു പ്രതികള്‍ക്കു വേണ്ടി ഹാജരായ അഡ്വ. ബാലന്‍ കോടതിയെ അറിയിച്ചു. സാക്ഷി വിസ്താരം പുരോഗമിക്കുന്ന ഘട്ടത്തില്‍ രാജിവെച്ച പബ്ളിക് പ്രോസിക്യൂട്ടര്‍ സീതാറാമിന്‍െറ നടപടിയെ പ്രതിഭാഗം അഭിഭാഷകര്‍ കോടതിയില്‍ ചോദ്യംചെയ്തു. അതേസമയം, വിചാരണ അന്തിമഘട്ടത്തില്‍ എത്തിയ സമയം കേസുകളുടെ ഏകീകരണത്തില്‍ പ്രസക്തിയില്ളെന്നും ആദ്യ ഘട്ടത്തില്‍ ഇത് ആവശ്യപ്പെടണമായിരുന്നു എന്നും സര്‍ക്കാറിനു വേണ്ടി ഹാജരായ അസിസ്റ്റന്‍റ് പൊലീസ് കമീഷണര്‍ ശ്യാമപ്രസാദ് തടസ്സവാദം ഉന്നയിച്ചു. പബ്ളിക് പ്രോസിക്യൂട്ടര്‍ സീതാറാം രാജിവെച്ചതിനാല്‍ എഴുതി തയാറാക്കിയ വാദമുഖങ്ങളുമായാണ് കേസിന്‍െറ ചുമതലയുള്ള എ.സി.പി കോടതിയിലത്തെിയത്. പബ്ളിക് പ്രോസിക്യൂട്ടര്‍ ഇല്ലാത്തതിനാല്‍ പ്രതികളും സാക്ഷികളും ബുധനാഴ്ച കോടതിയില്‍ ഹാജരായില്ല. കേസുകളുടെ ഏകീകരണം ആവശ്യപ്പെട്ട് സുപ്രീംകോടതിയെ സമീപിച്ച മഅ്ദനിയോട് വിചാരണ കോടതിയെ സമീപിക്കാന്‍ നിര്‍ദേശിക്കുകയായിരുന്നു.",ബംഗളൂരു: ബംഗളൂരു സ്ഫോടന കേസ് വിചാരണ ഏകീകരിക്കണമെന്ന മഅ്ദനിയുടെ ആവശ്യത്തില്‍ എന്‍.ഐ.എ കോടതി വെള്ളിയാഴ്ച വിധി പറയും. ബുധനാഴ്ച മഅ്ദനിയുടെയും മറ്റു പ്രതികളുടെയും സര്‍ക്കാറിന്‍െറയും വാദം കേട്ട കോടതി...,mal,madhyamam,Madhyamam,fake news,540c8604-e338-4f1e-9717-1f37f1f5e2a7,article,MassiveSum
https://www.15min.lt/naujiena/pokeris/sportinis-pokeris/15min-lt-rudens-pokerio-lyga-pirmajame-etape-600-zaideju-438-457941,https://www.15min.lt/naujiena/pokeris/sportinis-pokeris/15min-lt-rudens-pokerio-lyga-pirmajame-etape-600-zaideju-438-457941,15min.lt rudens pokerio lyga: pirmajame etape - 600 žaidėjų,,"15min.lt rudens pokerio lygos dalyviai pirmą kartą sukryžiavo kortas dėl reitingo taškų ir turnyrinių dolerių prizinio fondo, kurį jiems dovanoja „PokerStars.net“. Net 606 žaidėjai startavo pirmame lygos mūšyje. Beveik penkias valandas trukusioje kovoje šį kartą triumfavo „losiu_vezima“ slapyvardį pasirinkęs 15min.lt skaitytojas. Jam atiteko 20 reitingo taškų ir didžiausias prizas iš 75 turnyrinių dolerių prizinio fondo.

Nors kovoje, kaip įprasta registravosi ir žaidėjai iš užsienio, šį kartą ištvermingiausi buvo Lietuvoje gyvenantys pokerio mylėtojai. Aukščiausias tautiečio emigravusio į Didžiąją Britaniją rezultatas – „Mr.Remyga“ iškovota 27-toji vieta.

Nuosekliai atnaujinamą lygos reitingo lentelę, jau artimiausiu metu rasite mūsų „Facebook“ paskyroje.

Plačiau apie lygos taisykles ir tvarkaraštį skaitykite čia.

Būsimų lygos turnyrų ID kodus „PokerStars.net“ kambaryje, o taip pat turnyrų slaptažodžius mūsų rubrikoje ir mūsų „Facebook“ paskyroje rasite likus pusvalandžiui iki kiekvienų varžybų starto. Būtent „Facebook“ paskyroje visuomet galėsite pasitikrinti ir reitingo lentelės rezultatus. Kaip įprasta, kiekvieno lygos etapo apžvalgų ieškokite ir mūsų rubrikos eteryje.

Turnyriniai doleriai negali būti išgryninti ar kaip kitaip paversti realiais pinigais.

Norite pirmieji sužinoti svarbiausias pokerio pasaulio naujienas? Prisijunkite prie mūsų socialiniuose tinkluose „Facebook“ ir „Twitter“ – „15min Pokeris“ ir @Pokeris15min","„PokerStars.net“ kambaryje startavo 15min.lt rudens pokerio lyga. Pirmąjį lygos sekmadienį ties starto linija stojo per 600 žaidimo entuziastų, tačiau nė vienas jų neprilygo žaidė...",mal,15min,15Min,fake news,98ff22a6-4454-4328-b9e7-8d10aebff28d,article,MassiveSum
https://www.dengiamerika.com/a/a-58-2008-12-21-voa5-89223767/953362.html,https://www.dengiamerika.com/a/a-58-2008-12-21-voa5-89223767/953362.html,ڕاپـۆرتی په‌یامنێران له‌سه‌ر دادگایـیكردنی عه‌لی حه‌سه‌ن ئه‌لمه‌جید,,"سه‌باره‌ت به‌ دادگایـیكردنی عه‌لی حه‌سه‌ن مه‌جید له‌ به‌غدای پایته‌خت له‌سه‌ر به‌رپـرسـیارێتی له‌ كیمیابارانی هه‌ڵه‌بجه‌ له‌ سـاڵی 1988 دا، په‌یامنێرانی ده‌نگی ئه‌مریكا له‌ به‌غدا گۆران ته‌وفیق و له‌تیف نێروه‌یی له‌ سلێمانی و عومه‌ر فه‌رهادی له‌ هه‌ولێر ڕاپـۆرتیان ناردووه‌.

ده‌توانن گوێبیسـتی ڕاپـۆرته‌كان بن له‌ ڕێی ئه‌و فایله‌ ده‌نگیـیانه‌ی له‌ ده‌سته‌ چه‌پدا هه‌ن.",سه‌باره‌ت به‌ دادگایـیكردنی عه‌لی حه‌سه‌ن مه‌جید له‌ به‌غدای پایته‌خت له‌سه‌ر به‌رپـرسـیارێتی له‌ كیمیابارانی هه‌ڵه‌بجه‌ له‌ سـاڵی 1988,mal,dengiamerika,Dengi Amerika,fake news,5eb346ce-a6da-4c16-b21e-cdcb6d24dfe5,article,MassiveSum
https://www.madhyamam.com/local-news/malappuram/2017/nov/15/376072,,പ്രമേഹ നടത്തം | Madhyamam,,"മൂന്നിയൂർ: മൂന്നിയൂർ ഹയർ സെക്കൻഡറി സ്കൂൾ എൻ.എസ്.എസ് യൂനിറ്റി​െൻറ ആഭിമുഖ്യത്തിൽ ആഗോള സംഘടിപ്പിച്ചു. പി.ടി.എ പ്രസിഡൻറ് ഹനീഫ മൂന്നിയൂർ ഫ്ലാഗ് ഒാഫ് ചെയ്തു. പ്രിൻസിപ്പൽ ടി. മോഹൻ അധ്യക്ഷത വഹിച്ചു. എൻ.എസ്.എസ് പ്രോഗ്രാം കോ-ഒാഡിനേറ്റർ കെ.പി. അനസ്, അധ്യാപകരായ അബ്ദുറഹ്മാൻ മാസ്റ്റർ, ജയചിത്ര എന്നിവർ നേതൃത്വം നൽകി. നൂറോളം എൻ.എസ്.എസ് വളൻറിയർമാർ പ്ലക്കാർഡുകളുമായി നടത്തത്തിൽ അണിനിരന്നു.",മൂന്നിയൂർ: മൂന്നിയൂർ ഹയർ സെക്കൻഡറി സ്കൂൾ എൻ.എസ്.എസ് യൂനിറ്റി​െൻറ ആഭിമുഖ്യത്തിൽ ആഗോള  സംഘടിപ്പിച്ചു. പി.ടി.എ പ്രസിഡൻറ് ഹനീഫ മൂന്നിയൂർ ഫ്ലാഗ് ഒാഫ് ചെയ്തു. പ്രിൻസിപ്പൽ ടി. മോഹൻ അധ്യക്ഷത വഹിച്ചു....,mal,madhyamam,Madhyamam,fake news,82de2083-13a5-47fd-a300-7f3ec8871f63,article,MassiveSum
https://www.madhyamam.com/local-news/kozhikode/2018/feb/06/422122,https://www.madhyamam.com/local-news/kozhikode/2018/feb/06/422122,വിദ്യാർഥികൾക്ക് ആവേശം പകർന്ന് യുവ ശാസ്ത്രപ്രതിഭ അഭിനന്ദ്,,"കോഴിക്കോട്: ടിങ്കറേർസ് സാലോൺ 2k18 ​െൻറ ഭാഗമായി പുതിയങ്ങാടി അൽ ഹറമൈൻ സ്കൂൾ അടൽ ടിങ്കറിങ് ലാബിൽ നടന്ന വർക്ഷോപ് ശാസ്ത്രവിദ്യാർഥികൾക്ക് പുതിയ അനുഭവമായി. ഐ.എസ്.ആർ.ഒ മുൻ ഡയറക്ടർ ഡോ. ഇ.കെ. കുട്ടി ഉദ്ഘാടനം ചെയ്തു. പ്രിൻസിപ്പൽ ടി.എം. സഫിയ അധ്യക്ഷത വഹിച്ചു. ശിവപുരം ഗവ. ഹയർസെക്കൻഡറി സ്കൂൾ പ്ലസ് വൺ വിദ്യാർഥി പി.എസ്. അഭിനന്ദ് മുഖ്യാതിഥിയായിരുന്നു. സ്പേസ് സയൻസ് എന്ന വിഷയത്തിൽ പ്ലാനേറ്ററിയം ഡയറക്ടർ ഡോ. വി.എസ്. രാമചന്ദ്രൻ, ഐ.ഐ.എസ്.ആർ ശാസ്ത്രജ്ഞൻ ഡോ. അനീസ്, കാലിക്കറ്റ് യൂനിവേഴ്സിറ്റി അസി. പ്രഫസർ ഡോ. മുഹമ്മദ് ഷാഹിൻ എന്നിവർ ചോദ്യങ്ങൾക്ക് മറുപടി നൽകി. എജുക്കേഷൻ കോഓഡിനേറ്റർ നുഫൈൽ, നിഹാൽ വാഴക്കാട് എന്നിവർ നേതൃത്വം നൽകി. മാനേജ്‌മൻറ് ജോയൻറ് സെക്രട്ടറി കെ. നൂഹ് സമാപന പ്രഭാഷണം നടത്തി. എൻജി. എം. അലി സർട്ടിഫിക്കറ്റുകൾ വിതരണം ചെയ്തു. സുമ ടീച്ചർ സ്വാഗതവും അഫ്രാസ് നന്ദിയും പറഞ്ഞു. പ്രസ്റ്റീജ് സ്കൂൾ, കാലിക്കറ്റ് ഗേൾസ് വൊക്കേഷനൽ ഹയർ സെക്കൻഡറി സ്കൂൾ, ലിറ്റിൽ ഡാഫൊഡിൽസ് സ്കൂൾ, വാദി ഹുസ്ന സ്കൂൾ, ഡോൺ പബ്ലിക് സ്കൂൾ, ഹിദായ സ്കൂൾ, നരിക്കുനി സ്കൂൾ, പ്ലെസൻറ് ഓമശ്ശേരി സ്കൂൾ, വേദവ്യാസ സ്കൂൾ, അൽ ഹറമൈൻ സ്കൂൾ എന്നിവിടങ്ങളിലെ വിദ്യാർഥികളും അധ്യാപകരും പങ്കെടുത്തു.",കോഴിക്കോട്: ടിങ്കറേർസ് സാലോൺ 2k18 ​െൻറ ഭാഗമായി പുതിയങ്ങാടി അൽ ഹറമൈൻ സ്കൂൾ അടൽ ടിങ്കറിങ് ലാബിൽ നടന്ന വർക്ഷോപ് ശാസ്ത്രവിദ്യാർഥികൾക്ക് പുതിയ അനുഭവമായി.  ഐ.എസ്.ആർ.ഒ മുൻ ഡയറക്ടർ ഡോ. ഇ.കെ. കുട്ടി ഉദ്ഘാടനം...,mal,madhyamam,Madhyamam,fake news,2838c7dd-b126-40ed-98d0-7559449b39c8,article,MassiveSum
https://www.dengiamerika.com/a/3530478.html,https://www.dengiamerika.com/a/3530478.html,لەگەڵ ڕووداوەکاندا : لە نێوەندی قەیرانەکاندا بارزانی لە بەغدا,,"لەگەڵ بەردەوامی قەیرانی ئابووری و فراوان بوونی زیاتری کێشە سیاسییەکانی هەرێمی کوردستانی عێراق و گەورەبوونی شەپۆلی ناڕەزاییەکانی خەڵکی هەرێم، سەرۆکی هەرێمی کوردستانی عێراق سەردانی بەغدا دەکات.

لە هەولێریش پاش چەند مانگێک لە کۆبوونەوە نەکردن، هەر ئەمڕۆ پێنجشەممە ئەنجومەنی وەزیرانی هەرێمی کوردستان کۆدەبێتەوە بەبێ ئامادەبوونی وەزیرەکانی بزوتنەوەی گۆڕان، بە هەمان شێوەش هیچ ئەندامێکی ئەم بزوتنەوەیە کە دووهەم گەورەترین لایەنی سیاسییە لە هەرێمی کوردستاندا لە ناو شاندەکەی هەرێم بۆ بەغدا نوێنەریان نییە.

ڕەوشێکی نائارام لە هەرێم هەیە، خەڵک بەهۆی قەیرانی ئابووری و نەدانی موچە و ئەوەش کە ناونراوە سیستەمی پاشەکەوتکردنی موچەوە لە بارێکی خراپدان، ناڕەزاییەکان و دەربڕینی بێزارییەکان هەر هیچ نەبێت لە بەشێکی هەرێمدا بوونە خۆپیشاندان و خۆپیشاندەران پەیامی ڕاستەوخۆی خۆیان نارد بۆ دەسەڵات.

ئایا خۆپیشاندانه‌کانی ڕۆژی 27 ی مانگ بوونه‌ زه‌نگی ئاگادارکردنه‌وه‌ بۆ ده‌سه‌ڵات له‌ هه‌رێم؟ ئایا ئه‌م خۆپیشاندانانه‌ لایه‌نی ده‌سه‌ڵات ده‌خاته‌ به‌رده‌م لێکۆڵینه‌وه‌یه‌کی ورد بۆ ئه‌گه‌ری فه‌رامۆشکردنی داواکانی خۆپیشانده‌ران؟

میوانی بەرنامە: عەزیز ڕەئوف، نوسەر و لێکۆڵەر

زۆرێک لە چاودێر پێشتریش بڕوایان وابوو بەشێکی زۆری کێشە ئابووری و سیاسییەکانی هەرێم پەیوەندییان هەبووە بە دوو بابەتەوە؛ یەکەمیان ئاڵۆزی پەیوەندییەکانی نێوان بەغدا و هەولێر لەسەر دۆسێ هەستییارەکانی تایبەتن بە نەوت و داهات و بودجەوە، دووهەمیشیان پەیوەندی هەیە بە جەمسەرگیرییەکانی کوردەوە لە قەیرانی ئاینزایی ناوچەکەدا.

بەپێی هەواڵەکان لە بەغداوە لە پاش کۆبوونەوەی نێوان مەسعود بارزانی و حەیدەر ئەلعەبادی، سەرەک وەزیری عێراق باسی لە باشترکردنی باری بژێوی فەرمانبەرانی هەرێمی کردووە و گوتوویەتی بە ئەرکی حکومەتی نێوەندی وڵاتەکەی دەزانێت ژیانی هاوڵاتیانی عێراق بە دانیشتوانی هەرێمی کوردستانیشەوە باشتر بکرێت.

لە میانەی کۆنفرانسە ڕۆژنامەوانییە هاوبەشەکەیاندا حەیدەر عەبادی ئاماژەی بە پیدانی موچەی فەرمانبەرانی هەرێمی کردووە پاش ئەوەی دەگەنە ڕێککەوتن و بارزانیش وتوویەتی لێکتێگەیشتن لە نێوان هەردوولادا هەیە لەسەر نەوت و گاز و باسی لەوەش کردووە کە پشتگیرییەکی تەواو لە حەیدەر عەبادی دەکات.

لەسەر ناکۆکییە سیاسییەکانی ناو هەرێمی کوردستانیش، سەرەک وەزیری عێراق داوای هەبوونی ئارامی سیاسی کردووە لە هەرێم و هەروەهاش کۆتایی هێنان بەو ناکۆکییە سیاسیانەی هەن.

شەڕی ئازادکردنی شاری موسڵیش تەوەرێکی سەرەکی وتووێژەکانی نێوان بارزانی و عەبادی بووە و هەردووکیشیان جەختیان لە گرنگی بەشداری هێزی پێشمەرگەی کوردستان کردۆتەوە بەڵام ناڵێن ئایا بەر لە وادەی ڕزگارکردنی موسڵ لە تێرۆریستانی دەوڵەتی ئیسلامی چ جۆرە ڕێککەوتنێک لە نێوانیاندا مۆر دەکرێت.

ئایا سه‌ردانی سه‌رۆکی هه‌رێمی کوردستانی عێراق بۆ به‌غدا به‌شێکه‌ له‌و هه‌وڵانه‌ی بۆ چاره‌سه‌رکردنی قه‌یرانه‌کانی هه‌رێم ده‌درێن؟ ئایا ئه‌م سه‌ردانه‌ی مه‌سعود بارزانی بۆ به‌غدا ده‌کرێت وه‌ک هه‌نگاوێکی باشتر کردنی په‌یوه‌ندییه‌کانی نێوان هه‌ولێر و به‌غدا لێی بڕوانرێت؟

وەڵامی ئەم پرسیارانە و پرسیار و سەرنجەکانی ئێوەی ئازیزیش لە دەقی بەرنامەی ئەم هەفتەیەی (لەگەڵ ڕووداوەکاندا) یە:",لەگەڵ بەردەوامی قەیرانی ئابووری و فراوان بوونی زیاتری کێشە سیاسییەکانی هەرێمی کوردستانی عێراق و گەورەبوونی شەپۆلی ناڕەزاییەکانی خەڵکی هەرێم، سەرۆکی هەرێمی کوردستانی عێراق سەردانی بەغدا دەکات.,mal,dengiamerika,Dengi Amerika,fake news,58b50563-9d78-4b80-a6a2-faa374109a0a,article,MassiveSum
https://www.madhyamam.com/india/siromani-akalidal-on-bjp-relation-572564,,ബി.ജെ.പി ബന്ധം പുനഃപരിശോധിക്കും -അകാലിദൾ,,"ന്യൂ​ഡ​ൽ​ഹി: കേ​ന്ദ്ര​മ​ന്ത്രി സ്ഥാ​ന​ത്തു​നി​ന്ന്​ ഹ​ർ​സി​മ്ര​ത്​ കൗ​ർ ബാ​ദ​ൽ രാ​ജി​വെ​ച്ച​തി​നു പി​ന്നാ​ലെ, ബി.​ജെ.​പി സ​ഖ്യം തു​ട​രു​ന്ന കാ​ര്യം പു​നഃ​പ​രി​ശോ​ധി​ക്കു​മെ​ന്ന്​ ശി​രോ​മ​ണി അ​കാ​ലി​ദ​ൾ. മോ​ദി സ​ർ​ക്കാ​ർ കൊ​ണ്ടു​വ​ന്ന കാ​ർ​ഷി​ക ബി​ല്ലു​ക​ൾ​ക്കെ​തി​രാ​യ പ്ര​തി​​ഷേ​ധം ശ​ക്ത​മാ​കു​ന്ന പ​ശ്ചാ​ത്ത​ല​ത്തി​ൽ ബി.​ജെ.​പി സ​ഖ്യം അ​വ​സാ​നി​പ്പി​ക്ക​ണ​മെ​ന്ന സ​മ്മ​ർ​ദം ക​ർ​ഷ​ക സം​സ്ഥാ​ന​മാ​യ ഹ​രി​യാ​ന​യി​ലെ ജ​ൻ​നാ​യ​ക്​ ജ​ന​ത പാ​ർ​ട്ടി​യും നേ​രി​ടു​ക​യാ​ണ്.

എ​ന്നാ​ൽ, നി​ല​പാ​ടി​ൽ മാ​റ്റ​മി​ല്ലെ​ന്ന സൂ​ച​ന​യാ​ണ്​ ബി.​ജെ.​പി ന​ൽ​കു​ന്ന​ത്. ലോ​ക്​​സ​ഭ പാ​സാ​ക്കി​യ മൂ​ന്ന്​ ബി​ല്ലു​ക​ളു​മാ​യി രാ​ജ്യ​സ​ഭ​യി​ലേ​ക്ക്​ നീ​ങ്ങു​ക​യാ​ണ്​ സ​ർ​ക്കാ​ർ. സ​ഖ്യ​ക​ക്ഷി​ക​ളു​ടെ കൂ​ടി എ​തി​ർ​പ്പ്​ നേ​രി​ടു​ന്ന​തി​നാ​ൽ രാ​ജ്യ​സ​ഭ​യി​ൽ ബി​ൽ പാ​സാ​ക്കു​ന്ന​ത്​ ബി.​ജെ.​പി​ക്ക്​ കൂ​ടു​ത​ൽ ശ്ര​മ​ക​ര​മാ​യി. ശി​രോ​മ​ണി അ​കാ​ലി​ദ​ളി​െൻറ പ്ര​തി​ഷേ​ധം വ​ക​വെ​ച്ചി​ല്ലെ​ങ്കി​ൽ, പ​ഞ്ചാ​ബി​ലെ ദീ​ർ​ഘ​കാ​ല സ​ഖ്യ​ക​ക്ഷി​യെ ന​ഷ്​​ട​പ്പെ​ടു​ന്ന സ്ഥി​തി​യി​ലാ​ണ്​ ബി.​ജെ.​പി.

യ​ഥാ​ർ​ഥ​ത്തി​ൽ ശി​രോ​മ​ണി അ​കാ​ലി ദ​ളി​െൻറ പ്ര​തി​ഷേ​ധം, വൈ​കി മാ​ത്രം ഉ​ണ്ടാ​യ ന​ട​പ​ടി​യാ​ണ്. പാ​ർ​ല​മെൻറ്​ സ​മ്മേ​ള​നം വി​ളി​ക്കാ​ൻ വൈ​കു​മെ​ന്ന​തി​നാ​ൽ ജൂ​ൺ അ​ഞ്ചി​നു​ത​ന്നെ ഈ ​മൂ​ന്നു നി​യ​മ പ​രി​ഷ്​​ക​ര​ണ​ങ്ങ​ളു​മാ​യി ബ​ന്ധ​പ്പെ​ട്ട ഓ​ർ​ഡി​ന​ൻ​സു​ക​ൾ ഇ​റ​ക്കി​യി​രു​ന്നു. അ​തു​വ​ഴി, ബി​ല്ലി​ലെ വ്യ​വ​സ്ഥ​ക​ൾ ഇ​തി​ന​കം പ്രാ​ബ​ല്യ​ത്തി​ലാ​യി. അ​ന്നു പ്ര​തി​ഷേ​ധി​ച്ചി​ല്ല. എ​ന്നാ​ൽ, ക​ർ​ഷ​ക​രോ​ഷം വ​ള​രു​ന്ന​തി​നു നേ​രെ ക​ണ്ണ​ട​ക്കാ​ൻ ക​ഴി​യാ​ത്ത നി​ർ​ബ​ന്ധി​താ​വ​സ്ഥ​യി​ലാ​ണ്​ കേ​ന്ദ്ര​മ​ന്ത്രി​യു​ടെ രാ​ജി.

ഭ​ര​ണ​സ​ഖ്യ​ത്തി​ൽ തു​ട​ർ​ന്ന്​​ രാ​ജി​വെ​ച്ച​ത്​ രാ​ഷ്​​ട്രീ​യ നാ​ട​ക​മാ​ണെ​ന്ന വി​മ​ർ​ശ​നം മു​റു​കി​യ​തു​കൊ​ണ്ടാ​ണ്​ മു​ന്ന​ണി​ബ​ന്ധം പു​നഃ​പ​രി​ശോ​ധി​ക്കു​മെ​ന്ന്​ പ്ര​ഖ്യാ​പി​ച്ച​ത്. രാ​ജ്യ​സ​ഭ​യി​ൽ ബി​ല്ല​വ​ത​ര​ണം നീ​ട്ടി​വെ​ക്കു​മെ​ന്ന പ്ര​തീ​ക്ഷ​യാ​ണ്​ അ​വ​ർ​ക്കു​ള്ള​ത്. എ​ന്നാ​ൽ, ഓ​ർ​ഡി​ന​ൻ​സ്​ പാ​ഴാ​ക​ു​ന്ന സ്ഥി​തി​യാ​ണ്​ അ​തു​വ​ഴി ഉ​ണ്ടാ​വു​ക. അ​തി​നു ത​യാ​റ​ല്ലെ​ന്ന സ​ന്ദേ​ശം പ്ര​ധാ​ന​മ​ന്ത്രി ന​രേ​ന്ദ്ര മോ​ദി​യി​ൽ​നി​ന്നു​ത​ന്നെ ഉ​ണ്ടാ​യി. ബി​ല്ലു​ക​ളു​ടെ കാ​ര്യ​ത്തി​ൽ ക​ർ​ഷ​ക​രെ തെ​റ്റി​ദ്ധ​രി​പ്പി​ക്കാ​ൻ ശ്ര​മി​ക്കു​ന്നു​വെ​ന്നാ​ണ്​ മോ​ദി ​വെ​ള്ളി​യാ​ഴ്​​ച പ്ര​സം​ഗി​ച്ച​ത്.

ഒ​ന്ന​ര വ​ർ​ഷ​ത്തി​നു ശേ​ഷം നി​യ​മ​സ​ഭ തെ​ര​ഞ്ഞെ​ടു​പ്പു ന​ട​ക്കാ​നി​രി​ക്കു​ന്ന പ​ഞ്ചാ​ബി​ൽ, പ്ര​തി​ഷേ​ധി​ക്കു​ന്ന ക​ർ​ഷ​ക​ർ​ക്കൊ​പ്പം നി​ന്ന്​ അ​ടി​ത്ത​റ നി​ല​നി​ർ​ത്താ​നു​ള്ള ശ്ര​മ​മാ​ണ്​ ശി​രോ​മ​ണി അ​കാ​ലി​ദ​ൾ ന​ട​ത്തു​ന്ന​ത്. പ​ല വെ​ല്ലു​വി​ളി ഘ​ട്ട​ങ്ങ​ളും അ​തി​ജീ​വി​ച്ചു നി​ല​നി​ന്ന മു​ന്ന​ണി ബ​ന്ധം കാ​ര്യ​മാ​ക്കാ​തെ ബി.​ജെ.​പി നീ​ങ്ങു​ന്ന​ത്​ അ​വ​രെ അ​മ്പ​ര​പ്പി​ക്കു​ന്നു​ണ്ട്. ദ​ളി​െൻറ ആ​ശ്രി​ത​ർ എ​ന്ന​തി​ന​പ്പു​റം, ഹി​ന്ദു വോ​ട്ട്​​ബാ​ങ്ക് സ്വ​ന്ത​മാ​ക്കാ​നു​ള്ള ശ്ര​മ​ത്തി​ലാ​ണ്​ ബി.​ജെ.​പി.

പ്ര​കാ​ശ്​ സി​ങ്​ ബാ​ദ​ലി​ൽ നി​ന്ന്​ സു​ഖ്​​ബീ​ർ സി​ങ്​ ബാ​ദ​ലി​ലേ​ക്ക്​ ദ​ളി​െൻറ നേ​തൃ​ത്വം മാ​റി​യ ശേ​ഷ​മു​ള്ള സ​ഖ്യ​ക​ക്ഷി ബ​ന്ധ​ങ്ങ​ളു​ടെ സ്ഥി​തി കൂ​ടി​യാ​ണ്​ ഇ​പ്പോ​ൾ പ്ര​തി​ഫ​ലി​ക്കു​ന്ന​ത്. ബി​ഹാ​ർ നി​യ​മ​സ​ഭ തെ​ര​ഞ്ഞെ​ടു​പ്പ്​ അ​ടു​ത്തു​വ​രു​ന്ന​തി​നി​ടെ, ക​ർ​ഷ​ക വി​ഷ​യ​ത്തി​ൽ ര​ണ്ടു സ​ഖ്യ​ക​ക്ഷി​ക​ളെ ന​ഷ്​​ട​പ്പെ​ടു​ന്ന സ്ഥി​തി ബി.​ജെ.​പി​ക്ക്​ തി​രി​ച്ച​ടി​യാ​ണ്. വി​ശ​ദീ​ക​രി​ക്കാ​നും ന്യാ​യീ​ക​രി​ക്കാ​നും പ്ര​യാ​സ​പ്പെ​ടു​ത്തു​ന്ന​തു​മാ​ണ്.",സ​ഖ്യം ഉ​പേ​ക്ഷി​ക്കാ​ൻ ഹ​രി​യാ​ന​യി​ലെ സ​ഖ്യ​ക​ക്ഷി​യും സ​മ്മ​ർ​ദ​ത്തി​ൽ,mal,madhyamam,Madhyamam,fake news,a096940d-74ce-4096-a7bb-dcde98ca4601,article,MassiveSum
https://www.madhyamam.com/local-news/malappuram/2017/jul/24/298240,,39 ഇന്ത്യക്കാരുടെ മോചനം: ഇറാഖ്​ മന്ത്രിയുമായി സുഷമയുടെ ചർച്ച ഇന്ന്,,"39 ഇന്ത്യക്കാരുടെ മോചനം: ഇറാഖ് മന്ത്രിയുമായി സുഷമയുടെ ചർച്ച ഇന്ന് ന്യൂഡൽഹി: മൂന്നുവർഷം മുമ്പ് െഎ.എസ് തട്ടിക്കൊണ്ടുപോയ 39 ഇന്ത്യക്കാരുടെ മോചനം സംബന്ധിച്ച് ഇറാഖ് വിദേശകാര്യമന്ത്രി ഇബ്രാഹീം അൽ ജഅ്ഫരിയുമായി വിദേശകാര്യമന്ത്രി സുഷമ സ്വരാജ് ചർച്ച നടത്തും. നാലുദിവസത്തെ സന്ദർശനത്തിന് തിങ്കളാഴ്ച ന്യൂഡൽഹിയിൽ എത്തുന്ന അൽ ജഅ്ഫരി പെട്രോളിയം മന്ത്രി ധർമേന്ദ്ര പ്രധാനെയും കാണും. 26ന് മുംൈബക്ക് പോകുന്ന അദ്ദേഹം 27ന് ഡൽഹിക്ക് മടങ്ങും. മൂസിൽ പട്ടണം െഎ.എസിൽനിന്ന് മോചിപ്പിച്ചതായി ഇറാഖ് പ്രധാനമന്ത്രി ഹൈദർ അൽ അബാദി പ്രഖ്യാപിച്ച് രണ്ടാഴ്ചക്കുള്ളിലാണ് അൽ ജഅ്ഫരിയുടെ തന്ത്രപ്രധാന ഇന്ത്യ സന്ദർശനം. മൂസിൽ സ്വതന്ത്രമായതോടെ, െഎ.എസ് തട്ടിക്കൊണ്ടുപോയ ഇന്ത്യക്കാരെക്കുറിച്ച് വിവരങ്ങൾ ലഭിക്കാൻ സാധ്യത തെളിഞ്ഞിരിക്കുകയാണ്. അവർ മൂസിലിലെ വടക്കുപടിഞ്ഞാറൻ പട്ടണമായ ബാദുഷിൽ ജയിലിൽ കഴിയുന്നതായി ബന്ധുക്കളുമായി നടത്തിയ കൂടിക്കാഴ്ചയിൽ സുഷമ പറഞ്ഞിരുന്നു. എന്നാൽ, ബാദുഷ് ജയിൽ ആളൊഴിഞ്ഞ അവസ്ഥയിലാണെന്ന് മാധ്യമറിപ്പോർട്ടുകൾ പുറത്തുവന്നു. ഇൗ സാഹചര്യത്തിൽ, ഇവരെക്കുറിച്ച് കൃത്യമായ വിവരങ്ങൾ അൽ ജഅ്ഫരിക്ക് നൽകാനാകുമെന്ന് സുഷമ പ്രത്യാശിച്ചു. തട്ടിക്കൊണ്ടുപോകപ്പെട്ടവരിൽ ഭൂരിഭാഗവും പഞ്ചാബികളാണ്.",39 ഇന്ത്യക്കാരുടെ മോചനം: ഇറാഖ് മന്ത്രിയുമായി സുഷമയുടെ ചർച്ച ഇന്ന്  ന്യൂഡൽഹി: മൂന്നുവർഷം മുമ്പ് െഎ.എസ് തട്ടിക്കൊണ്ടുപോയ 39 ഇന്ത്യക്കാരുടെ മോചനം സംബന്ധിച്ച് ഇറാഖ് വിദേശകാര്യമന്ത്രി ഇബ്രാഹീം അൽ...,mal,madhyamam,Madhyamam,fake news,2735f8d4-3567-41c4-b704-e829107a1aab,article,MassiveSum
https://www.madhyamam.com/kerala/2016/may/04/194611,,കേന്ദ്ര ആഭ്യന്തര മന്ത്രാലയം റിപ്പോര്‍ട്ട് തേടി; കേന്ദ്രമന്ത്രി പെരുമ്പാവൂരിലേക്ക്,,"ന്യൂഡല്‍ഹി: പെരുമ്പാവൂരില്‍ ദലിത് നിയമവിദ്യാര്‍ഥി ജിഷ കൊടുംപീഡനത്തിനിരയായി കൊല്ലപ്പെട്ട സംഭവത്തില്‍ രോഷവും പ്രതിഷേധവുമായി പാര്‍ലമെന്‍റില്‍ ഭരണ-പ്രതിപക്ഷ ഭേദമന്യേ അംഗങ്ങള്‍ രംഗത്ത്. വ്യാഴാഴ്ച പെരുമ്പാവൂര്‍ സന്ദര്‍ശിച്ച് റിപ്പോര്‍ട്ട് സഭയില്‍ വെക്കുമെന്ന് സാമൂഹികക്ഷേമ മന്ത്രി തവര്‍ചന്ദ് ഗെഹ്ലോട്ട് രാജ്യസഭയെ അറിയിച്ചു. സംഭവത്തില്‍ കേന്ദ്ര ആഭ്യന്തര മന്ത്രാലയം റിപ്പോര്‍ട്ട് തേടുമെന്ന് പാര്‍ലമെന്‍ററികാര്യ മന്ത്രി വെങ്കയ്യ നായിഡു ലോക്സഭയില്‍ പറഞ്ഞു. കുറ്റവാളികള്‍ക്കെതിരെ കര്‍ക്കശ നടപടി സ്വീകരിക്കാന്‍ ആഭ്യന്തര മന്ത്രി രാജ്നാഥ് സിങ് കേരള സര്‍ക്കാറുമായി ബന്ധപ്പെടും.വിഷയത്തില്‍ കേന്ദ്ര സര്‍ക്കാര്‍ ഇടപെടണമെന്നും സഭയില്‍ പ്രസ്താവന നടത്തണമെന്നും ഉപാധ്യക്ഷന്‍ പി.ജെ. കുര്യന്‍ അടക്കമുള്ളവര്‍ ആവശ്യപ്പെട്ടതോടെയായിരുന്നു പെരുമ്പാവൂര്‍ സന്ദര്‍ശിക്കുന്ന കാര്യം മന്ത്രി രാജ്യസഭയെ അറിയിച്ചത്. ശൂന്യവേളയില്‍ സി.പി.എമ്മിലെ സി.പി. നാരായണനാണ് രാജ്യസഭയില്‍ വിഷയം ഉന്നയിച്ചത്. ഡല്‍ഹിയിലെ നിര്‍ഭയ സംഭവത്തിനുശേഷം കര്‍ശന നിയമമുണ്ടാക്കിയിട്ടും ഇത്തരം ഹീനമായ അതിക്രമം സ്ത്രീകള്‍ക്കെതിരെ, പ്രത്യേകിച്ചും ദലിതുകള്‍ക്കെതിരെ ആവര്‍ത്തിക്കുകയാണെന്ന് നാരായണന്‍ ചൂണ്ടിക്കാട്ടി. പി.എല്‍. പുനിയ, രേണുക ചൗധരി തുടങ്ങിയ കോണ്‍ഗ്രസ് എം.പിമാരും രാജ്യസഭാ ഉപാധ്യക്ഷന്‍ പി.ജെ. കുര്യനും നാരായണന് പിന്തുണയുമായത്തെി. സാക്ഷര കേരളമെന്നും ഡിജിറ്റല്‍ കേരളമെന്നുമൊക്കെ അറിയപ്പെടുന്ന സംസ്ഥാനത്ത് ദലിത് യുവതി ഹീനമായ പീഡനമേറ്റു മരിക്കേണ്ടി വന്നത് എല്ലാവരെയും ഞെട്ടിക്കുന്നതാണെന്ന് സി.പി.ഐ നേതാവ് ഡി. രാജ പറഞ്ഞു. കുറ്റക്കാരെ എത്രയും പെട്ടെന്ന് നിയമത്തിന് മുമ്പില്‍ കൊണ്ടുവരണമെന്ന് പി.ജെ. കുര്യന്‍ പറഞ്ഞു. നിര്‍ഭയ കേസിന്‍െറ ആവര്‍ത്തനമാണ് കേരളത്തിലുണ്ടായതെന്ന് ബി.ജെ.പി നേതാവ് തരുണ്‍ വിജയ് പറഞ്ഞു.",പാര്‍ലമെന്‍റ് ഒറ്റക്കെട്ടായി,mal,madhyamam,Madhyamam,fake news,ee6aee4a-2c36-4bbd-ba1f-8e149fad7aca,article,MassiveSum
https://www.madhyamam.com/local-news/kozhikode/2016/dec/08/235494,,ആടുകളെ ചെന്നായ് കടിച്ചുകൊന്നു,,"താമരശ്ശേരി: കൊട്ടാരക്കോത്ത് കുരിശിങ്കലില്‍ ചെന്നായ് അഞ്ച് ആടുകളെ കടിച്ചുകൊന്നു. ചൊവ്വാഴ്ച സന്ധ്യയോടെയാണ് ചെന്നായുടെ ആക്രമണമുണ്ടായത്. താമരശ്ശേരി രൂപതയുടെ സാമൂഹികസേവന വിഭാഗമായ സി.ഒ.ഡിയുടെ മോഡല്‍ ഫാമിലെ രണ്ടു വര്‍ഷം പ്രായമായ ആടുകളാണ് ചത്തത്. ആടുകളുടെ കരച്ചില്‍ കേട്ട് ഓടിയത്തെിയ ഫാമിലെ ജോലിക്കാര്‍ ബഹളമുണ്ടാക്കിയപ്പോള്‍ ചെന്നായ് സ്ഥലംവിടുകയായിരുന്നു. അഞ്ച് ആടുകളെയും കഴുത്തില്‍ കടിച്ച് ചോരകുടിച്ച് ഉപേക്ഷിച്ച നിലയിലാണ് കണ്ടത്തെിയത്. സെക്ഷന്‍ ഫോറസ്റ്റ് ഓഫിസര്‍ കെ. സുബൈര്‍, ബീറ്റ് ഫോറസ്റ്റ് ഓഫിസര്‍ സി. ദീപേഷ്, ഡ്രൈവര്‍ ബെന്നി മണിയാട്ട് എന്നിവര്‍ സ്ഥലം സന്ദര്‍ശിച്ച് മേല്‍നടപടികള്‍ സ്വീകരിച്ചു.",താമരശ്ശേരി: കൊട്ടാരക്കോത്ത് കുരിശിങ്കലില്‍ ചെന്നായ് അഞ്ച് ആടുകളെ കടിച്ചുകൊന്നു. ചൊവ്വാഴ്ച സന്ധ്യയോടെയാണ് ചെന്നായുടെ ആക്രമണമുണ്ടായത്. താമരശ്ശേരി രൂപതയുടെ സാമൂഹികസേവന വിഭാഗമായ സി.ഒ.ഡിയുടെ,mal,madhyamam,Madhyamam,fake news,1ea62947-01fd-4c99-8ced-6cbca3e0d579,article,MassiveSum
https://nra.lv/politika/217656-aivars-lembergs-iespejams-ka-man-vispar-aizliegs-runat.htm,https://nra.lv/politika/217656-aivars-lembergs-iespejams-ka-man-vispar-aizliegs-runat.htm,"Aivars Lembergs: Iespējams, ka man vispār aizliegs runāt",,"Intervija ar Ventspils domes priekšsēdētāju Aivaru Lembergu – par politiskās vārīšanās pasūtītājiem, par sabiedrisko mediju atteikšanos sadarboties ar Ventspili, par investīciju plāniem, par nodokļu reformu un reģionu politiku.

- Latvijā kārtējo reizi viss mutuļo. Jūs atkal esat viens no vārīšanās katalizatoriem. Kā vērtējat šo situāciju?

- Vārīšanās sākās 2011. gadā ar milzīgu pompu un pēc politiska pasūtījuma: notika 43 kratīšanas, dažādi «oligarhu kapusvētki», slīcināšanas un citi brīnumi...

- Viens no viņiem bija Valdis Zatlers, bet politiskais spēks bija Vienotība. Par to nav nekādu šaubu. Turklāt - ne visa Vienotība, bet sorosiskais spārns. Un kāds par to arī maksāja - bez naudas tādas lietas nenotiek. Savijās ekonomiskās un politiskās intereses, un tieši tāpat, kā tas savulaik bija «lietussargu revolūcijas» un akmeņu mētāšanas «pasākumā» (2009. gada 13. janvārī), šo pasūtījumu apmaksāja mani Ventspils oponenti. Arī tagad nauda nāk no tā paša avota Ventspilī. Manus oponentus neapmierina politisko spēku salikums, kāds ir izveidojies šobrīd un kāds varētu būt arī nākotnē. Tāpēc viņi iecerējuši mainīt situāciju tagad. Toreiz rezultātu nebija, jo Zatlers uztaisīja partiju, kas drīz vien nomira. Šodien mērķis ir Saeimas vēlēšanas. Līdz tam laikam Vienotība acīmredzot pārstās eksistēt, jo sorosisti to būs panākuši. Tagad rindas kārtībā ir ZZS. Kopumā tie ir apmēram 40% no Saeimas mandātiem. Politiskā ķēve, uz kuru tagad tiek liktas likmes, ir Strīķes kompānija, bet Strīķei ir liels negods, ka viņas skaļi iesāktā kampaņa ir izgāzusies ar milzīgu blīkšķi, jo tur galīgi nebija, kur aizķerties. Tāpēc viņai tagad vajag notīrīt savu nošmulēto kostīmu, mēslus uzmetot virsū kādam citam. Politiskā uzdevuma mērķis: panākt ģenerālprokurora atkāpšanos, lai viņa vietā ieliktu cilvēku, kas nevis ievēro tiesiskumu, bet pilda politiskās pavēles, ko dod Strīķe un sorosistu kompānija. Starprezultāts, ko viņi vēlējās, ir sasniegts: ir izveidota parlamentārās izmeklēšanas komisija. Kāds būs tās uzdevums? Tā izmeklēs, ko un ar ko es drīkstu runāt, ar ko es drīkstu tikties un tamlīdzīgi. Iespējams, ka man vispār aizliegs runāt. Varbūt man pat aizliegs domāt par to, kas, manuprāt, varētu būt valsts augstākās amatpersonas. Bet pats svarīgākais - novest līdz demisijai prokuroru Kalnmeijeru. Pret viņu bija izveidota arī Jaunā Rīgas teātra izrāde Kārkli. Arī viss šis «oligarhu sarunu» jampadracis ir pret viņu. Zināmā mērā, protams, arī pret mani, jo jābūt objektam, par kuru izveidot stāstu. Pirms vēlēšanām man par godu bija uzrakstītas četras grāmatas. Protams, arī tie paši Kārkli bija pret mani. Tagad gaidu iestudējumu operā... Iespējams, ka ar Šleseru esmu vienu vai divas reizes ticies Rīdzenē. Man teica, ka sarunas esot bijušas par Saskaņu valdībā. Es tādas sarunas neatceros. Šādas valdības veidošana nekad nav bijusi dienaskārtībā, jo tas vienkārši nebija iespējams. Vēl jau ir arī «ietekme uz medijiem». Ločmelei un Sorosam var būt, bet man - ne? Nu, beidziet, tie ir murgi.

- Šo «oligarhu sarunu» publicēšana ir tikai vēršanās pret ģenerālprokuroru?

- Esmu uzrakstījis vēstuli gab valsts radio, gan valsts televīzijai, gan arī Nellijai Ločmelei, lai viņi man atsūta dokumentus, kas pierāda sarunu autentiskumu, un ekspertīzes slēdzienus, ka tie runātāji ir konkrētas fiziskas personas, nevis izdomāti tēli. Ir pagājušas divas nedēļas. Latvijas Radio man atsūtīja vēstuli, kurā teikts, ka viņiem šādu dokumentu nav, tātad LR nodarbojas ar propagandu. LTV man uzraksta atbildi, kurā atrunājas, ka pārraidītajos sižetos izplatītā informācija par t.s. Rīdzenes sarunām esot «LTV žurnālistu un citu personu viedokļi». Nevis fakti un pierādījumi, bet viedokļi! Nedz LTV, nedz LR, nedz žurnāls Ir dokumentus, kas apstiprina, ka es esmu bijis konkrēto sarunu dalībnieks vai ka sarunas ir autentiskas un ir veikta to fonoskopiskā ekspertīze, nav atsūtījuši. Domāju - neko arī neatsūtīs. Līdz ar to nav, par ko runāt. Tas ir pirmkārt. Otrkārt, atbilstoši Satversmei privātas sarunas ir tikai privātas sarunas. Lai arī ko cilvēks tajās saka, tā ir viņa personiska lieta. Treškārt, cilvēki nereti domā vienu, bet runā ko citu. Diezgan bieži cilvēki runā niansēs un piemiedz ar aci. Kas attiecas uz mani... Lai ko arī darītu, es saprotu: es tieku novērots un noklausīts 24 stundas diennaktī. Tā bija arī 2010., 2011. gadā. Tas, ko tagad viens otrs čivina par Saskaņu valdībā... Kurā valdībā tad Saskaņa ir bijusi? Nevienā. Un kurš pieprasīja, lai Saskaņa būtu valdībā? Tikai un vienīgi Zatlers. Viņš jau bija ievēlēts Saeimā, un tad viņš to stingri pieprasīja. Ja pieprasīt valdībā Saskaņu ir noziegums - par ko es stipri šaubos -, tad pirmais, no kura jāprasa atbildība par dzimtenes nodevību, ir tieši Zatlers.

- Kāpēc, jūsuprāt, šīs «oligarhu sarunas» publiski parādījās pēc pašvaldību vēlēšanām? Ja tās parādītos pirms tām, aina būtu pavisam cita.

- Tad apgalvotu, ka «oligarhu sarunas» ir saistītas ar pašvaldību vēlēšanām, tās paietu, un skandāls būtu izkūpējis. Tad diez vai izdotos izveidot parlamentārās izmeklēšanas komisiju. Toties tagad - ir šī komisija, ir paziņots, ka tiek veidota jauna partija no Vienotības sorosistu spārna, un tagad ir divas partijas - Strīķes un sorosistu. Tās neapvienosies, viena spēlēs jauno politiķu partiju, otra būs pieredzējušo politiķu partija - lai cilvēkiem būtu izvēle. Taču šī parlamentārās izmeklēšanas komisija ir vairāk nekā smieklīga. Es gribētu dzirdēt, ko tie «izmeklētāji» man jautās. Laikam būs bailes mani aicināt.

- Gan Latvijas Televīzija, gan Latvijas Radio ir atteikušies no sadarbības ar Ventspili. Kopš 2002. gada, kad Ventspilī notika dažādi muzikālie pasākumi, kas saistīti ar LR un LTV, Ventspils nauda bija gana laba, taču tagad tā palikusi slikta. Kas par lietu?

- Ne LTV šefs Ivars Belte, ne LR priekšniece Sigita Roķe nezināja, ka nav tāda LTV un LR līguma ar Ventspils domi attiecībā uz Sirdsdziesmu un Muzikālo banku. Ir līgums ar citām juridiskām personām. Otrām kārtām - sadarbības mērķis ir reklāma, kas nepieciešama tādam mazajam biznesam, kāds ir tūrisms. Domāju, ka sakne ir citur. Iespējams, ir ticis spriests par to, ka jānorobežojas no Ventspils pilsētas, paziņojot, ka priekš Latvijas Televīzijas un Latvijas Radio šī teritorija - Ventspils pilsēta - tiek atdalīta no Latvijas. Izskatās, ka Ventspils kļuvusi par atsevišķu subjektu starptautisko tiesību telpā... Tāda acīmredzot bija LTV un LR priekšnieku pieeja, mēģinot sevi parādīt baltus un pūkainus. Atklāti sakot, mēs līdz 2002. gadam bez tā visa iztikām un varam iztikt arī tagad. Šobrīd mums jau ir daudzi sadarbības piedāvājumi populārās mūzikas jomā: lai paiet lielie pilsētas svētku pasākumi, pēc tiem mēs vērtēsim piedāvājumus, un šī niša nepaliks tukša. Bet tas ir nožēlojami un nepieņemami, ka valsts radio un valsts televīzija...

- ... konsekventi paliekat pie apzīmējuma «valsts»?

- Jā, konsekventi. Lūk, LR un LTV paliek pie lēmuma: atteikties atspoguļot notikumus Ventspilī, kas ir Baltijas reģiona nozīmes pilsēta. Šo mediju vadība atsakās to darīt, kaut gan viņiem nav ne mazāko tiesību rediģēt Latvijas karti. Kaut gan eksistē teritorijas nedalāmības princips, valsts radio un valsts televīzija nodarbojas ar valsts sadalīšanu vēlamās un nevēlamās teritorijās. Es to uzskatu par dzimtenes nodevību.

- Tātad - vai Muzikālās bankas fināls vairs nenotiks Ventspilī?

- Man grūti pateikt. Ventspils līdz šim sadarbojās ar privātu kompāniju, ko vada Aigars Dinsbergs, nevis ar valsts radio vai valsts televīziju. Turklāt - citas juridiskas personas, nevis dome.

- Visiem saprotams, ka arī «citas juridiskas personas» ir saistītas ar Lembergu...

- Dažiem ir vienādojums: Ventspils - Lembergs. Bet nevajag pārspīlēt. Tas ir kā ģimenē: ja vecāki netiek galā ar savu bērnu, tad sāk viņu baidīt ar policistu... Nevajag no manis taisīt bubuli ar pārspīlētu ietekmi.

- Runājot par situāciju valstī: vai nav bažu par to, ka atkārtosies scenārijs, kāds bija ar «rīkojumu nr. 2», proti, vai Valsts prezidents neizdos «rīkojumu nr. 3», rosinot atlaist Saeimu?

- Ja uz situāciju raugāmies objektīvi un tiesiski, ne emocionāli histēriski, tad tam nav absolūti nekāda pamata. Taču, kad publiskajā telpā parādās septiņus gadus veci notikumi ar milzīgas kampaņas tvērumu, jāsaprot, ka aiz politiskajām interesēm vienmēr stāv kādas ekonomiskās intereses. Kampaņā tiek ieguldīti lieli finanšu resursi, par kuriem tiek pirkti ne tikai mediji, bet arī politiķi. Ir mēģināts ieinteresēt arī valsts pirmās amatpersonas, bet jo īpaši cilvēkus, kuriem ir ietekme uz lēmumu pieņemšanu. Rīkojums nr. 2 bija prezidenta Zatlera atriebība par nākotni, proti, par to, ka viņu - pilnīgi skaidrs - neievēlēs uz otro termiņu. Zatleram nebija nekāda juridiska pamata rosināt Saeimas atlaišanu, arī tagad tā nav. Ja kaut kādas divas vai trīs privātpersonas privāti sarunājas, vai tāpēc būtu parlaments jāatlaiž? Smieklīgi. Šlesers nav Saeimas deputāts, es arī ne... Sorosistu mērķis ir sataisīt pēc iespējas lielāku bardaku, jo duļķainā ūdenī vieglāk zvejot. Būtībā cīņa notiek pret Latvijas nacionālajiem spēkiem, jo sorosisti vēlas Latviju pataisīt par satelītvalstiņu, kurā ir iznīdēta jebkura patstāvīga doma un kurā jebkura iniciatīva tiek saskaņota ar attiecīgās valsts vēstniecību.

- Ar nopietnu atvēzienu pirms pašvaldību vēlēšanām sevi pieteica jūsu sāncenši - Vienotība ar Ģirtu Valdi Kristovski priekšgalā, kā arī citas partijas. Viņi ir opozīcijā, tomēr kaut ko jau būs padarījuši?

- Neesmu pamanījis. Kaut ko pa tukšo runā, cīnās par amatiem...

- Vai tad domē amati vēl nav sadalīti?

- Tas jau netraucē par tiem cīnīties. Ļoti ceru, ka Kristovska kungs dos kādu pienesumu Ventspilij. Viņš tacu ir Vienotības biedrs, viņš varētu sarunāt ar savas partijas ministriem kādu labu darbu: mums jāremontē ēka bērnudārza vajadzībām - no Izglītības ministrijas kāds pusotrs miljons nenāktu par ļaunu. Arī Zinātnes centram kāds miljons nebūtu lieks. Ja Kristovskis palīdzēs mums sagādāt šos līdzekļus, tad es viņu noteikti paslavēšu. Bet, piedodiet, man nav laika veikt monitoringu - ko viņi tur opozīcijā dara vai nedara. Kopumā mums ir pilsētas attīstības programma četriem gadiem, tā ir sākusi darboties, ir paredzēti vairāk nekā 200 miljoni eiro investīcijās, un tagad galvenais - ar to visu tikt galā.

- Kas ir galvenie investīciju ieguldīšanas punkti?

- Tā ir ostas infrastruktūras attīstība, sākot ar pievedceļiem un beidzot ar hidrobūvēm; rūpnieciskās ēkas un to attīstības programma; mūzikas vidusskola un tās koncertzāle; Inovāciju centrs, divi sabiedriskie centri kopā ar bibliotēku; ūdenssaimniecība un iekškvartālu sakārtošana; tūrisma un atpūtas industrijas attīstība, piemēram, Piedzīvojumu parka tālāka attīstība. Arī slimnīcai paredzētas investīcijas ap 11 miljoniem eiro. Septembrī nodosim ekspluatācijā atlētikas zāli, jaunu baseinu ar rehabilitācijas centru. Paaugstināsim efektivitāti siltumapgādes saimniecībā, samazinot siltuma zudumus. Mūsu pilsētā nav tādas jomas, kurā netiks sperti nozīmīgi attīstības soļi.

- Kā vērtējat nodokļu reformu, kuru ar tādu pompu pasniedz valdošā koalīcija?

- Pirms pieņemšanas es daudzkārt izteicu savu viedokli par šo nodokļu reformu. Uzskatu, ka to tikai daļēji var saukt par reformu. Kāpēc? Jo reforma pēc būtības skar tikai uzņēmuma ienākuma nodokli, par kura izmaiņām vēl ir daudz neatbildētu jautājumu. Darbaspēka nodokļi, par kuriem tika apgalvots, ka tie tiks samazināti, faktiski ir vēl vairāk palielināti nekā samazināti. Tā rezultātā samazināsies pašvaldību ienākumi, bet pieaugums aizies valsts budžetā. Ar skaļiem apgalvojumiem piesolītā nodokļu sistēmas nevienlīdzība nevis samazināsies, bet tieši otrādi - palielināsies. Īpaši tas skars ģimenes ar bērniem, kuru ienākumi nav lieli. Negatīvi vērtējamas izmaiņas saistībā ar sociālo nodokli, kas pārcelts uz iedzīvotāju ienākuma nodokli, tādējādi atņemot naudu pensionāriem un atdodot to ikdienas patēriņam (noēšanai). Citas izmaiņas, tādas kā minimālās darba algas vai neapliekamā minimuma palielinājums, dāvinājuma summa par katru apgādājamo, turklāt vienādi gan turīgajiem, gan cilvēkiem ar nelieliem ienākumiem, akcīzes nodokļa palielinājums, ir bijušas visus LV atjaunotās neatkarības gadus. Kas tad tā par reformu! Vai par reformu var uzskatīt nekustamā īpašuma nodokļa iesaldēšanu? Šo izmaiņu rezultātā bagātās pašvaldības Rīga un Pierīga kļūs vēl bagātākas, savukārt, pārējās pašvaldības Latvijā vēl trūcīgākas.

Saistībā ar nodokļu reformas komunikāciju, uzskatu, ka vislielākā kļūda bija no paša sākuma pompozi paziņot par dažāda veida dāvanām nodokļu veidā 620 miljoniem eiro apjomā, bet pēc tam domāt, kā šo caurumu aizlāpīt valsts budžetā. Vienlaikus pie 620 miljonu cauruma vēl vajadzīga papildu nauda jaunām aktivitātēm - vēl kādi 300 miljoni. Faktiski tas nozīmē, ka apstiprinātais valsts budžeta plāns trijiem gadiem, kas pieņemts, pamatojoties uz iepriekšējo nodokļu sistēmu, ir nederīgs. Turpmāko nedēļu laikā kopā ar kolēģiem veiksim detalizētu analīzi saistībā ar iecerētajām nodokļu sistēmas izmaiņām.

- Tad kāpēc Saeima balso par, ja tik daudz aplamību?

- Tāpēc, ka negrib, lai kristu valdība. Tas arī viss. Mans princips ir vienkāršs: es vēršu uzmanību uz trūkumiem, bet ne jau man lemt.

- Jums ir kādas prognozes attiecībā uz nākamā gada Saeimas vēlēšanām?

- Tie, kas ienākuši politikā tikko - Strīķe&Co, tie nav personības. Viņi nepazīst valsti un nezina tās problēmas. Viņi uz valsti līdz šim skatījušies caur pistoles stobru. Šādā veidā nav iespējams izprast situāciju. «Piecītis», kas pametis Vienotību, - tur nav līdera, tikai otrā plāna spēlētāji. Latvijas politikā jautājums par līderi ir ļoti būtisks. Bet svarīgākais: Rīga un bagātie novadi, kas tai apkārt, ir pilnīgi cits stāsts, salīdzinot ar pārējo Latviju. Dažos reģionos ir jau iestājusies anoreksija - tur situācija faktiski jau ir neglābjama, jautājums ir tikai par to, kura teritorija ātrāk atmirs. Un tad bagātajai Rīgai nāksies to uzturēt. Rīgas IKP ir 107% pret ES vidējo IKP. Savukārt Latgales IKP ir 32%. Šī monocentriskā attīstība tāda bijusi jau vēsturiski, taču šobrīd situācija kļuvusi dramatiska. Tas jāņem vērā jebkuras politikas izstrādes gadījumā, bet šobrīd tā nenotiek. Vēl viens jautājums: demogrāfija. Ja ar to saprot cilvēkresursus, tad jādomā, kā tos nesamazināt. Ne ar diviem, ne trim pabalstiem te nebūs līdzēts. Cilvēkam ir vajadzīgs komplekss piedāvājums, bet šobrīd par to neviens nerunā. Valsts augstākajā politiskajā vadībā par šo jautājumu nav izpratnes. Ja mums nebūs cilvēkresursu, notiks katastrofa: tie būs jāieved.","Intervija ar Ventspils domes priekšsēdētāju Aivaru Lembergu – par politiskās vārīšanās pasūtītājiem, par sabiedrisko mediju atteikšanos sadarboties ar Ventspili, par investīciju plāniem, par nodokļu reformu un reģionu politiku.",mal,nra,NRA,fake news,ed1fad03-3c9f-4fe7-8d6b-44db82b3931b,article,MassiveSum
https://www.madhyamam.com/gulf-news/uae/weapon/2017/feb/24/248795,,ഐഡെക്സ്-നവ്ഡെക്സ് സമാപിച്ചു; 1900 കോടിയുടെ ആയുധ വ്യാപാരം,,"അബൂദബി: 1900 കോടിയിലധികം ദിര്‍ഹത്തിന്‍െറ ആയുധ വ്യാപാരത്തിന് വേദിയായി അന്താരാഷ്ട്ര പ്രതിരോധ പ്രദര്‍ശനത്തിനും (ഐഡെക്സ്) നാവിക പ്രതിരോധ പ്രദര്‍ശനത്തിനും സമാപനമായി. യു.എ.ഇ പ്രസിഡന്‍റ് ശൈഖ് ഖലീഫ ബിന്‍ സായിദ് ആല്‍ നഹ്യാന്‍െറ രക്ഷാധികാരത്തില്‍ ഫെബ്രുവരി 19ന് അബൂദബി നാഷനല്‍ എക്സിബിഷന്‍ സെന്‍ററില്‍ ആരംഭിച്ച പ്രദര്‍ശനം വ്യാഴാഴ്ചയാണ് സമാപിച്ചത്. ബോയിങ്, ലോക്ഹീഡ് മാര്‍ട്ടിന്‍, നോര്‍ത്റോപ് ഗ്രൂമാന്‍, റേയ്തിയോണ്‍, റോസ്റ്റെക് തുടങ്ങി 1,235 കമ്പനികളാണ് പ്രദര്‍ശനത്തില്‍ പങ്കെടുത്തത്. യു.എ.ഇ സായുധ സേനയുടെ ആയുധ കരാറുകളില്‍ കൂടുതലും നേടിയത് എമിറേറ്റ്സ് പ്രതിരോധ വ്യവസായ കമ്പനിയുടെ(എഡിക്) അനുബന്ധ കമ്പനിയായ നിംറ് ഓട്ടോമോട്ടീവ് ആണ്. നിംറില്‍നിന്ന് 1,750 ആയുധവേധ വാഹനങ്ങള്‍ വാങ്ങാന്‍ ധാരണയിലത്തെിയതായി യു.എ.ഇ സായുധ സേന വ്യാഴാഴ്ച അറിയിച്ചു. ജെയ്സ് 4x4, ഇന്‍ഫന്‍ട്രി 6x6 ഇനങ്ങളിലായി 1500 യുദ്ധവാഹനങ്ങളും 150ലധികം പീരങ്കിയനുബന്ധ വാഹനങ്ങളും (ഹഫീഥ് 630 എ) ടാങ്ക് നിയന്ത്രിത മിസൈല്‍ പ്രതിരോധ സംവിധാനമുള്‍ക്കൊള്ളുന്ന 115 അജ്ബാന്‍ 440 എ വാഹനങ്ങളുമാണ് 2018 മുതല്‍ നിംറ് കമ്പനി യു.എ.ഇ സായുധ സേനക്ക് നല്‍കുക. തങ്ങളുടെ മികച്ച സൈനിക വാഹനങ്ങളും സാങ്കേതിക വിദ്യകളും കൊണ്ട് യു.എ.ഇ സായുധസേനയുടെ വികാസത്തെ പിന്തുണക്കാന്‍ സാധിക്കുന്നതില്‍ സന്തോഷവും അഭിമാനവുമുണ്ടെന്ന് നിംറ് സി.ഇ.ഒ ഡോ. ഫഹദ് സൈഫ് ഹര്‍ഹര പറഞ്ഞു. കമ്പനിയുടെ ചരിത്രത്തില്‍ ഈ കരാറുകള്‍ പ്രധാനപ്പെട്ട നാഴികക്കല്ലാണെന്നും അദ്ദേഹം വ്യക്തമാക്കി. ഐഡെക്സിലെ ആയുധ കരാറുകളില്‍ 63.4 ശതമാനവും ലഭിച്ചത് തദ്ദേശീയ കമ്പനികള്‍ക്കാണെന്ന് നവ്ഡെക്സ് വക്താവ് കേണല്‍ ഫഹദ് നാസര്‍ ആല്‍ തെഹ്ലി അറിയിച്ചു. ആകെയുള്ള 82 കരാറുകളില്‍ 52 എണ്ണവും നേടിയത് യു.എ.ഇയിലെ കമ്പനികള്‍ തന്നെയാണ്. യു.എ.ഇ നിര്‍മിത യുദ്ധക്കപ്പലായ ‘അല്‍ ഹീലി’യുടെ സമര്‍പ്പണത്തിനും പ്രദര്‍ശനം സാക്ഷിയായി. യു.എ.ഇ നാവിക സേനക്ക് വേണ്ടി അബൂദബി കപ്പല്‍ നിര്‍മാണ കമ്പനി (എ.ഡി.എസ്.ബി) നിര്‍മിച്ച അല്‍ ഹീലി നവ്ഡെക്സില്‍ യു.എ.ഇ വൈസ് പ്രസിഡന്‍റും പ്രധാനമന്ത്രിയും ദുബൈ ഭരണാധികാരിയുമായ ശൈഖ് മുഹമ്മദ് ബിന്‍ റാശിദ് ആല്‍ മക്തൂമാണ് രാഷ്ട്രത്തിന് സമര്‍പ്പിച്ചത്. കപ്പലിന്‍െറ മുകള്‍ത്തട്ടില്‍ യു.എ.ഇ പതാക ഉയര്‍ത്തിയായിരുന്നു ഉദ്ഘാടനം. 72 മീറ്ററാണ് കപ്പലിന്‍െറ നീളം. അത്യാധുനിക പ്രതിരോധ സംവിധാനമുള്ള കപ്പലില്‍നിന്ന് ഹെലികോപ്റ്ററിന് പറന്നുപൊങ്ങാന്‍ സാധിക്കും.",അബൂദബി: 1900 കോടിയിലധികം ദിര്‍ഹത്തിന്‍െറ ആയുധ വ്യാപാരത്തിന് വേദിയായി അന്താരാഷ്ട്ര പ്രതിരോധ പ്രദര്‍ശനത്തിനും (ഐഡെക്സ്) നാവിക പ്രതിരോധ പ്രദര്‍ശനത്തിനും സമാപനമായി. യു.എ.ഇ പ്രസിഡന്‍റ് ശൈഖ് ഖലീഫ,mal,madhyamam,Madhyamam,fake news,02a542a5-1f3d-47f5-ba6c-5ef7b160c1e7,article,MassiveSum
https://www.madhyamam.com/world/americas/2016/apr/18/191223,,‘ഹരിത നൊബേല്‍’ പുരസ്കാരങ്ങള്‍ സമ്മാനിച്ചു,,"സാന്‍ഫ്രാന്‍സിസ്കോ: ഹരിത നൊബേല്‍ എന്നറിയപ്പെടുന്ന ഗോള്‍ഡ്മാന്‍ പരിസ്ഥിതി പുരസ്കാരങ്ങള്‍ സമ്മാനിച്ചു. പരിസ്ഥിതി വിഷയങ്ങളില്‍ പ്രാദേശികതലത്തില്‍ നടത്തുന്ന ശ്രദ്ധേയമായ ഇടപെടലുകള്‍ക്കാണ് പുരസ്കാരം സമ്മാനിക്കുന്നത്. യു.എസിലെ ഡെസ്റ്റിനി വാട്ട്ഫോര്‍ഡ്, സ്ലോവാക്യയിലെ സൂസന്ന കപുറ്റൊവ, കംബോഡിയയിലെ ലെങ് ഒൗച്, കരീബിയന്‍ ദ്വീപായ പ്യൂര്‍ട്ടോ റിക്കോവിലെ ലൂയിസ് ജോര്‍ജ് റിവര ഹെരേര, പെറുവിലെ മാക്സിമ അക്യൂന, താന്‍സനിയയിലെ എഡ്വാര്‍ഡ് ലൂര്‍ എന്നിവരാണ് 26ാമത് ഗോള്‍ഡ്മാന്‍ പുരസ്കാരത്തിന് അര്‍ഹരായത്. ആഫ്രിക്ക, ഏഷ്യ, യൂറോപ്പ്, വടക്കന്‍ അമേരിക്ക, തെക്കന്‍ അമേരിക്ക, മധ്യ അമേരിക്ക എന്നീ ആറ് പ്രദേശങ്ങളില്‍നിന്നുള്ള പരിസ്ഥിതി പ്രവര്‍ത്തകര്‍ക്കാണ് എല്ലാ വര്‍ഷവും ഗോള്‍ഡ്മാന്‍ പുരസ്കാരം നല്‍കുന്നത്. പൗരാവകാശ പ്രവര്‍ത്തകനായിരുന്ന റിച്ചാര്‍ഡ് എന്‍. ഗോള്‍ഡ്മാനും അദ്ദേഹത്തിന്‍െറ ഭാര്യ റോഡ എച്ച്. ഗോള്‍ഡ്മാനുമാണ് 1990ല്‍ പുരസ്കാരം ഏര്‍പ്പെടുത്തിയത്.",സാന്‍ഫ്രാന്‍സിസ്കോ: ഹരിത നൊബേല്‍ എന്നറിയപ്പെടുന്ന ഗോള്‍ഡ്മാന്‍ പരിസ്ഥിതി പുരസ്കാരങ്ങള്‍ സമ്മാനിച്ചു. പരിസ്ഥിതി വിഷയങ്ങളില്‍ പ്രാദേശികതലത്തില്‍ നടത്തുന്ന ശ്രദ്ധേയമായ ഇടപെടലുകള്‍ക്കാണ് പുരസ്കാരം...,mal,madhyamam,Madhyamam,fake news,34797749-dadc-4e3b-a58c-1dcacaeb45a6,article,MassiveSum
https://www.15min.lt/gazas/naujiena/gatve/ismaniuju-vagysciu-era-kaip-isvengti-bedu-221-446015,https://www.15min.lt/gazas/naujiena/gatve/ismaniuju-vagysciu-era-kaip-isvengti-bedu-221-446015,Išmaniųjų vagysčių era. Kaip išvengti bėdų?,,"Cargonews.lt jau yra rašęs apie Europoje siaučiantį krovinių vagysčių virusą. Statistika liudija, kad kasmet ilgapirščiai padaro nuostolių už maždaug 8.2 mlrd. eurų. Kiekvieną dieną vidutiniškai pagrobiama po 156 krovinius, arba 57 000 per metus. Tačiau nepaisant to, jog transportininkai puikiai žino apie šioje srityje besispecializuojančių nusikaltėlių keliamas grėsmes, užkirsti kelią vagystėms pavyksta toli gražu ne visiems.

„Nusikaltėliai akivaizdžiai patobulino savo „darbo“ schemas ir kartais tikrai stebina įžūlia drąsa bei gudrumu“, – pasakojo „ERGO Insurance SE“ Lietuvos filialo Krovinių, technikos ir garantijų draudimo skyriaus vadovas Darius Bivainis.

Maždaug 80 proc. pavagiamų krovinių draudimo ekspertai apibūdina kaip greitai realizuojamus antrinėje rinkoje. Tai buitinė technika, elektronika, alkoholiniai gėrimai, drabužiai, avalynė, tabako gaminiai. Sąlyginai nedidelės vertės krovinių vagystes pašnekovas vadino „atsitiktinėmis“.

Kartais vairuotojas brutaliai užpuolamas, kartais tiesiog įkalinamas kabinoje, kartais užmigdomas per pravirus langus pripurškiant tam tikrų dujų, bet visais atvejais krovinys pavagiamas žaibiškai – iš puspriekabės 4-5 tonos dingsta per kokias 15 minučių

„Tai liudija faktą, kad nusikaltėliai dažniausiai būna gana gerai informuoti kas ką veža, todėl savo „operacijas“ tiksliai suplanuoja ir įvykdo. T. y. kalba eina apie organizuotą nusikalstamumą. Kartais vairuotojas brutaliai užpuolamas, kartais tiesiog įkalinamas kabinoje, kartais užmigdomas per pravirus langus pripurškiant tam tikrų dujų, bet visais atvejais krovinys pavagiamas žaibiškai – iš puspriekabės 4-5 tonos dingsta per kokias 15 minučių. Tačiau jei tokius dalykus galima vadinti grobimų „klasika“, tai pastaruoju metu pastebimai daugėja intelektualių vagysčių, kai krovinio netekęs vežėjas susivokia buvęs apmulkintas tik po kurio laiko. Net jei vairuotojas nėra sumušamas ir pastebi nusikaltėlių ataką pradiniame jos etape, kol apimtas streso susivokia ką daryti, kol paskambina pagalbos ir kol paaiškina (jei tam netrukdo kalbos barjeras) situaciją, vagys savo „darbą“ suspėja padaryti“, – pasakojo D. Bivainis.

Tipiškas pavyzdys – atkeliavus į planuojamą krovinio pristatymo vietą vairuotoją pasitinka veikėjas, panašus į terminalo darbuotoją ir nurodo, turįs naujos informacijos, kaip elgtis su kroviniu. T. y. kad būtina jį iškrauti ne terminale, o naujoje vietoje arba perkrauti į kitą puspriekabę. Kad viskas būtų įtikinamiau, važtaraštis „papuošiamas“ suklastotu antspaudu, vairuotojui papasakojama keletas detalių apie gabenamą krovinį ar kitus dalykus, kurie lyg ir turėtų būti žinomi tik su konkrečiu reisu susijusiems asmenims. Apgavystė tokiais atvejais dažnai paaiškėja tik tuomet, kai tikrasis krovinio gavėjas pareiškia pretenzijas. Daugeliu atvejų tai būna vertingos prekės, kurias surasti beveik nėra galimybių.

Taikinys – informacija apie krovinius

„ERGO Insurance SE“ specialistas atkreipė dėmesį, kad patys įžūliausi nusikaltėliai yra pažengę dar toliau ir kartais sugeba pavogti krovinius apsimesdami vežėjais. Tokiu atveju pas siuntėjus atkeliauja vilkikas su puspriekabe, apipavidalinta tiksliai taip, kaip ir tos įmonės, su kuria buvo sudaryta krovinio gabenimo sutartis, transporto priemonės. Sukčiai netgi pasigamina valstybinių numerių lenteles, kurios turėtų būti ant vežėjų-partnerių automobilių, užregistruotų terminale. Kadangi įtarimo lyg ir niekas nekelia, apie krovinio vagystę paaiškėja tik tuomet, kai to paties daikto atvyksta dar viena transporto priemonė, o patikrinus duomenis pasirodo, kad transporto priemonių registre duomenų apie vagių įdarbintą puspriekabę apskritai nėra.

„Tokie dalykai liudija, kad informacija apie krovinius tampa itin svarbiu instrumentu ne tik normalioje konkurencinėje kovoje. Į nusikaltėlių rankas patekę duomenys apie bet kurią kovinių gabenime dalyvaujančią grandį gali sukelti labai didelių problemų. T. y. tokio pobūdžio informaciją būtina itin atidžiai saugoti visiems, pradedant vairuotoju ir baigiant siuntėju. Kartais pakanka poilsio metu su kolegomis garsiai pakalbėti apie reiso specifiką ir jau kitoje poilsio aikštelėje užklumpa nekviesti „svečiai“. Intelektualesni nusikaltėliai viską atlieka subtiliau, tačiau rezultatas visada būna tas pats – prarastas krovinys“, – tikino „ERGO Insurance SE“ Lietuvos filialo Krovinių, technikos ir garantijų draudimo skyriaus vadovas.

Visų pirma, prieš kiekvieną reisą būtina tiksliai suplanuoti maršrutą ir numatyti vietas, kuriose vairuotojas stos nakvoti ar privalomo kassavaitinio 45 val. poilsio. Tam, žinoma, derėtų pasirinkti saugomas aikšteles

D. Bivainis atkreipė dėmesį ir į tam tikras kriminalinio pasaulio rokiruotes. Jei prieš 5-6 metus rizikingais buvo vadinami maršrutai į NVS šalis, tai pastarųjų poros metų statistika liudija, kad nepalyginamai daugiau žalų fiksuojama Anglijoje, Prancūzijoje ir Belgijoje. Šiuos dalykus lėmė NVS šalyse gerokai sugriežtintos bausmės už tokias veikas bei reikalavimai visus krovinius, kurių vertė viršija tam tikras nustatytas sumas, gabenti tik su konvojaus palyda. Tuo tarpu kažkada saugiais laikytuose Senojo žemyno kraštuose padėtis pastebimai pablogėjo, o vairuotojai tai arba nepakankamai rimtai vertina, arba tiesiog nėra pasiruošę tinkamai reaguoti.

Komentuodamas, kokios prevencinės priemonės yra efektyviausios saugantis nuo vagių, „ERGO Insurance SE“ specialistas patikino, kad daugeliu atvejų pakanka laikytis keleto nesudėtingų taisyklių.

„Visų pirma, prieš kiekvieną reisą būtina tiksliai suplanuoti maršrutą ir numatyti vietas, kuriose vairuotojas stos nakvoti ar privalomo kassavaitinio 45 val. poilsio. Tam, žinoma, derėtų pasirinkti saugomas aikšteles. Antras esminis dalykas – absoliučiai visa informacija apie krovinį privalo būti itin kruopščiai saugoma. Trečia – šiandien jau sukurta pakankamai daug apsaugos sistemų, kurios informuoja vairuotoją poilsio metu apie bandymą pažeisti tentą ar netgi apie prisiartinimą prie puspriekabės. Žinoma, tai neužkirs kelio gerai organizuotoms gaujoms, tačiau tokios signalizacijos bemaž 100 proc. patikimai atbaido nuo žemesnio rango ilgapirščių, kurie net nenugvelbę nė vieno daikto, padaro daug žalos: tvarkyti supjaustytą tentą, visais atvejais reiškia gaišti laiką ir didinti veiklos kaštus. Ketvirtas svarbus momentas – tikslios instrukcijos vairuotojui, kaip elgtis pristačius krovinį gavėjui. Negali būti nė kalbos apie perkrovimą į kitą puspriekabę. Būtina atidžiai patikrinti krovinį priimančio darbuotojo pažymėjimą, palyginti įrašus CMR važtaraštyje ar tikrai turima reikalų su tikruoju gavėju ir t. t. Jei kyla bent menkiausių abejonių reikia susisiekti su įmonės vadybininkais ir pasitikslinti ar išankstiniame darbo plane tikrai atsirado kokių nors korekcijų. Ar tikrai dėl, pavyzdžiui, kamščių kuriuose nors keliuose reikia keisti maršrutą ir stovėjimo vietą? Ar tikrai kelionės metu pasikeitė krovinio gavėjo adresas ar įmonė? Greita reakcija ir geras ryšys – vienas patikimiausių būdų saugantis nuo apgavikų ir riziką prarasti krovinį sumažinantis ne procentais, o kartais“, – teigė D. Bivainis.

Kaip draudikai vertina situacijas, jei krovinį gabenančiam vairuotojui iš tiesų tenka keisti maršrutą, o sustojus poilsio naujoje (nesaugomoje) vietoje sulaukiama nusikaltėlių išpuolio? Ar tai nelaikoma nedraudiminiu įvykiu? „ERGO Insurance SE“ Lietuvos filialo Krovinių, technikos ir garantijų draudimo skyriaus vadovas patikino, kad tokius atvejus reikia iš anksto aptarti su draudikais. Paprastai sutartyje fiksuojama, kiek išankstinio darbo plano korekcijų galima atlikti per metus, kad vežėjai nepradėtų „taupyti“ ir piktnaudžiauti pasitikėjimu. Jei šių susitarimų paisoma, apiplėšimas nesaugojome aikštelėje laikomas draudiminiu įvykiu, o vežėjo patirti nuostoliai yra kompensuojami. Net, jei sumos iš tiesų įspūdingos.

Viena iš nesenų istorijų, nutiko mūsų klientams Olandijoje: nesaugomoje aikštelėje vairuotojas atidarė dureles po to, kai kažkas pastukseno į langą, buvo sumuštas, o nuo jo autovežio nukelti ir nuvaryti 8 naujutėlaičiai automobiliai

„Viena iš nesenų istorijų, nutiko mūsų klientams Olandijoje: nesaugomoje aikštelėje vairuotojas atidarė dureles po to, kai kažkas pastukseno į langą, buvo sumuštas, o nuo jo autovežio nukelti ir nuvaryti 8 naujutėlaičiai automobiliai. Anglijoje – brangų elektronikos krovinį gabenęs vairuotojas patikėjo jam rodomais suklastotais dokumentais ir leido perkrauti prekes į kitą puspriekabę. Sukčių padaryta žala siekė beveik 250 tūkst. eurų“, – vardijo D. Bivainis.

Draudimo ekspertas Egidijus Černiauskas, šioje sferoje dirbantis daugiau nei 20 metų, savo ruožtu atkreipė dėmesį, kad vairuotojai nesąmoningai talkina vagims pačiu nekalčiausiu būdu – nesilaikydami darbo ir poilsio režimo. Noras greičiau pristatyti krovinį ir pasikrovus naują suktis namo dažnai skatina „improvizuoti“ ir rinktis atsitiktines nakvynės vietas.

„Jei vežėjas pasirūpino tik CMR draudimu, o akistata su vagišiais įvyko nesaugomoje aikštelėje – tikėtina, kad incidentas bus vertinamas kaip nedraudiminis įvykis. Linkusiems rizikuoti patarčiau bent jau rinktis ne puspriekabes su įprastais tentais, o su kietais šonais. Tai brangiau, tačiau padeda išvengti galvos skausmo, kai ilgapirščiai pasidarbuoja peiliais. Išvengti tam tikrų rūpesčių galima ir naudojantis jūrinių keltų paslaugomis: vairuotojas dalį kelio įveikia ilsėdamasis, todėl maršruto tikslą pasiekia būdamas budresnis“, – samprotavo E. Černiauskas.","Per pastaruosius trejus metus – po 10 proc. prieaugis kasmet. Jei tokiais tempai augtų „pliusas“ sąskaitoje – milijonieriai daugintųsi kaip bakterijos baltyminėje terpėje. Deja,...",mal,15min,15Min,fake news,6afd857c-5fe2-4f2f-bd4a-7ae1f0837f49,article,MassiveSum
https://www.madhyamam.com/gulf-news/qatar/2016/jun/06/200731,,പ്രൗഢഗംഭീര ചടങ്ങോടെ വാഖ് ഫുട്ബാളിന് സമാപനം,,"ദോഹ: വാഴക്കാട് അസോസിയേഷന്‍ ഖത്തര്‍ -വാഖ് എഫ്.എം.സി ഫുട്ബാള്‍ ടൂര്‍ണമെന്‍റിന് വര്‍ണശബളമായ ചടങ്ങുകളോടെ സമാപനം. 2022 ല്‍ ഖത്തര്‍ ആതിഥേയത്വം വഹിക്കുന്ന ലോകകപ്പ് ഫുട്ബാളിന് ഐക്യദാര്‍ഡ്യം പ്രഖ്യാപിച്ച് വാഖിന്‍െറ നൂറോളം പ്രവര്‍ത്തകര്‍ സംഘടിപ്പിച്ച പ്രത്യേകപരിപാടിയിലും സമാപനചടങ്ങിലും ഖത്തര്‍ പൊലീസിങ് സ്പോര്‍ട്സ് ഫെഡറേഷന്‍ ഡിപ്പാര്‍ട്ട്മെന്‍റ് മേധാവി ലഫ്റ്റനന്‍റ് അബ്ദുല്ല ഹമീസ് അല്‍ഹംദ്, കമ്മ്യൂണിറ്റി പൊലീസിങ് പബ്ളിക് റിലേഷന്‍ ഓഫീസര്‍ ഫൈസല്‍ ഹുദവി, മലയാള ചലച്ചിത്രതാരം അബൂസലീം, ഇന്‍കാസ് പ്രസിഡന്‍റ് കെ.കെ ഉസ്മാന്‍, സലീം നാലകത്ത്, റഫീഖ്, അല്‍മറായി കണ്‍ട്രി മാനേജര്‍ ജമാല്‍, മത്താസേ തെരേസ, ഗോകുലം ഹോട്ടല്‍ മാനേജര്‍ നസര്‍, അല്‍അബീര്‍ മാര്‍ക്കറ്റിങ് മാനേജര്‍ നീല്‍, ശറഫ് ഡിജി മാനേജര്‍ സുരേഷ് തുടങ്ങിയവര്‍ സംബന്ധിച്ചു. വിജയികള്‍ക്കുള്ള സമ്മാനദാനം ഖിഫ് വൈസ് പ്രസിഡന്‍റും അലി ഇന്‍റര്‍നാഷണല്‍ ജനറല്‍ മാനേജറുമായ കെ. മുഹമ്മദ് ഈസ, ദോഹ സ്റ്റേഡിയം മാനേജര്‍ സാലേഹ് സാഗര്‍ തുടങ്ങിയവര്‍ നിര്‍വഹിച്ചു. ആക്രമണ പ്രത്യാക്രമണങ്ങള്‍ കൊാണ്ട് സമ്പന്നമായിരുന്ന ആദ്യപകുതിയില്‍ തന്നെ നാദം തൃശൂര്‍ രണ്ട് ഗോളുകള്‍ സ്കോര്‍ ചെയ്തു. കളിയുടെ രണ്ടാംപകുതിയില്‍ ഇമാദി ലിമോസിന്‍ ഒരു ഗോള്‍ മടക്കി. കളിയുടെ അവസാന നിമിഷങ്ങളില്‍ ഉദ്വോഗജനകമായ മുന്നേറ്റങ്ങളുണ്ടായെങ്കിലും നാദം തൃശൂരിന്‍െറ കരുത്തിന് മുമ്പില്‍ ഇമാദി ലിമോസിന്‍ അടിയറവ് പറയുകയായിരുന്നു. ടൂര്‍ണ്ണമെന്‍റിലെ ഏറ്റവും നല്ല കളിക്കാരനായി കുനിയില്‍ എക്സ്പാര്‍റ്റ്സ് അസോസിയേഷന്‍െറ നഹാര്‍, ഏറ്റവും നല്ല സ്റ്റോപര്‍ ബാക്കായി യൂനുസ് (എഫ്.സി കൊടിയത്തൂര്‍), ഏറ്റവും നല്ല ഗോള്‍കീപ്പര്‍ നാദം തൃശൂരിന്‍െറ സന്ദീപ് എന്നിവരേയും തെരഞ്ഞെടുത്തു. ചടങ്ങില്‍ വാഖ്പ്രസിഡന്‍റ് ഫിന്‍സര്‍ അധ്യക്ഷത വഹിച്ചു. ജനറല്‍ സെക്രട്ടറി കെ.കെ സിദ്ദീഖ് സ്വാഗതവും, ഫുട്ബാള്‍ കണ്‍വീനര്‍ അബ്ദുറഹ്മാന്‍ നന്ദിയും പറഞ്ഞു. വാഴക്കാട് അസോസിയേഷന് ആഭ്യന്തര മന്ത്രാലയം നല്‍കിയ മെമന്‍േറാ ഫുട്ബാള്‍ ടൂര്‍ണ്ണമെന്‍റ് കമ്മിറ്റി ചെയര്‍മാന്‍ സുഹൈല്‍ കൊന്നക്കോട് ഏറ്റുവാങ്ങി.",ദോഹ: വാഴക്കാട് അസോസിയേഷന്‍ ഖത്തര്‍ -വാഖ് എഫ്.എം.സി ഫുട്ബാള്‍ ടൂര്‍ണമെന്‍റിന് വര്‍ണശബളമായ ചടങ്ങുകളോടെ സമാപനം. 2022 ല്‍ ഖത്തര്‍ ആതിഥേയത്വം വഹിക്കുന്ന  ലോകകപ്പ് ഫുട്ബാളിന് ഐക്യദാര്‍ഡ്യം...,mal,madhyamam,Madhyamam,fake news,c303ed96-26e3-4d50-b52b-b3187188c3de,article,MassiveSum
https://www.15min.lt/naujiena/aktualu/nusikaltimaiirnelaimes/klaipedos-apygardos-teismuose-nemokamai-konsultavosi-daugiau-nei-80-asmenu-59-702775,https://www.15min.lt/naujiena/aktualu/nusikaltimaiirnelaimes/klaipedos-apygardos-teismuose-nemokamai-konsultavosi-daugiau-nei-80-asmenu-59-702775,Klaipėdos apygardos teismuose nemokamai konsultavosi daugiau nei 80 asmenų,,"Prie visoje Lietuvoje organizuoto renginio prisijungė septyni Klaipėdos apygardos teismai. Jie lankytojų laukė nuo ankstyvo ryto, kai kurie teismai konsultacijas tęsė ir iki pat darbo dienos pabaigos. Renginio metu dažniausiai buvo aptariami palikimo priėmimo, santuokos nutraukimo, antstolių veiksmų, žemės sklypo ir kitos nuosavybės naudojimo klausimai. Keli asmenys teiravosi ir dėl pažeistų vartotojų teisių gynimo įsigijus netinkamos komplektacijos žoliapjovę, dėl nesutarimų su kaimynais sprendimo būdų, dėl santuokos sudarymo su nepilnamečiu.

Didžiausio lankytojų skaičiaus sulaukė Klaipėdos miesto apylinkės bei Kretingos rajono apylinkės teismai, kuriuose konsultavosi po 24 asmenis. Pastarojo teismo administracijos sekretorė Eglė Žakaitytė-Venckūnienė džiaugėsi, kad renginys pavyko puikiai. „Teisinės konsultacijos buvo suteiktos visiems norintiems. Konsultacijų metu žmonės išklausė juos dominančios informacijos. Teisme juos konsultavo advokatė ir Kretingos rajono savivaldybės Juridinio skyriaus vyriausioji specialistė, kurioms bendravimas su piliečius įvairiais teisiniais klausimais yra įprastas. Tad džiugu, kad apsilankę asmenys sulaukė pirminę bei antrinę teisinę pagalbą teikiančių atstovų konsultacijų“, – vykusio renginio ypatumus aptarė E. Žakaitytė-Venckūnienė.

Apeliacinės instancijos teismo, nagrinėjančio sudėtingesnes bylas ir skundus dėl žemesniųjų teismų priimtų sprendimų, veiklos klausimais konsultacijas teikė Klaipėdos apygardos teismo atstovai. „Teisėjo padėjėjo darbas iš esmės yra teismo priimamų procesinių dokumentų projektų rengimas, todėl susitikimas su žmonėmis ir jų konsultavimas mums buvo nauja ir, be abejo, labai įdomi patirtis. Labai džiugu, kad žmonės mumis pasitikėjo, atėjo ir drąsiai klausinėjo. Visi besikreipusieji apsilankė su šypsenomis, geranoriškai nusiteikę. Tik šiek tiek nustebino žmonių reakcija jiems pasiūlius pabandyti problemas išspręsti be kreipimosi į teismą ar kitas teisėsaugos institucijas, o tiesiog taikiai susitarus su kita puse. Tikiuosi, kad laikui bėgant mūsų visuomenė atras daugiau alternatyvių problemų sprendimo būdų“, – po renginio įspūdžiais dalijosi Civilinių bylų skyriaus teisėjo padėjėja Zina Vilnienė.

Be minėtų teismų, nemokamų teisinių konsultacijų renginyje dalyvavo Palangos miesto, Šilalės, Šilutės, Tauragės rajonų apylinkių teismai. Iš viso Lietuvoje prie šios iniciatyvos prisijungė 60 teismų.",Antradienį Europos teisės dienos proga Klaipėdos apygardos teismuose vyko nemokamos teisinės konsultacijos. Pirmą kartą mūsų šalyje organizuotame renginyje Klaipėdos regiono...,mal,15min,15Min,fake news,c215f0b8-cb1f-4f76-b7bd-2c5cc8222adf,article,MassiveSum
https://nra.lv/sports/hokejs/144294-1-julija-jubilars-hokejists-mikelis-redlihs.htm,https://nra.lv/sports/hokejs/144294-1-julija-jubilars-hokejists-mikelis-redlihs.htm,1.jūlija jubilārs: hokejists Miķelis Rēdlihs,,"«Kad Jāņi nosvinēti, daudziem vasara tikai sākas, bet man atvaļinājums un vasara ir beigusies. Vispār es nezinu, kur laiks pazūd – no rīta pamostos, un vakars jau klāt,» saka šīs dienas gaviļnieks hokejists Miķelis Rēdlihs un piebilst – tuvākajās dienās atsāksies treniņi un gatavošanās jaunajai sezonai.

«Svinētājs esmu, bet šogad laikam nesvinēšu. Pagājušajā gadā, kad man apritēja apaļi 30, sieva sarīkoja man lielu pārsteigumu, bet šogad kaut kā pat piemirsies, ka man tūlīt klāt dzimšanas diena. Saku godīgi – tas man šobrīd kaut kā nav aktuāli,» smaidot saka šīsdienas gaviļnieks hokejists Miķelis Rēdlihs. Iespējams, ka iepriekš laikus neplānotas svinības radu un draugu lokā tomēr būšot, bet tas esot atkarīgs no noskaņojuma, kādā viņš pamodīšoties, respektīvi, būs vai nebūs vēlme spontānai ballītei. Turklāt lielais tusiņš radu lokā šovasar jau esot aiz muguras, jo tieši vasaras saulgriežos, kad viņa tēvam, režisoram Jānim Rēdliham, ir vārdadiena, «ģimene pilnā sastāvā» parasti esot pie vecākiem lauku mājās, un «tas jau bija nupat. Divas, trīs dienas – tas ir obligāts pasākums, pārējo vasaru katrs velta savai ģimenei un ļaujas brīvai plūsmai».

Īsais atvaļinājums, kas sācies pēc pasaules čempionāta hokejā, tiek pavadīts kopā ar ģimeni – sievu Līvu un meitām Justīni (5) un Agati (2), kurām ir «ļoti interesants vecums, pats labums, un es nemaz nevaru neļaut meitām sevi apcelt». Atvaļinājumu viņš pavadot brīvā režīmā, neievērojot nekādus noteikumus, jo atvaļinājums tieši tam esot domāts – lai atpūstos no hokeja, attālinātos no tā. «Atvaļinājumā katrs sportists sevi uztur formā tā, kā prot un māk. Ēdienkarti es īpaši neievēroju arī sezonas laikā, man nav ēšanas režīma, ēdu to, ko gribu. Gatavot man nepatīk, tas paliek sievas ziņā,» atzīst hokejists un atklāj, ka saimnieciskie darbi, kas allaž uzrodoties tiem, kas dzīvojot savā mājā, gan esot viņa pārziņā.

Tā gluži nav, ka viņš atvaļinājumā iztiekot bez sportiskām aktivitātēm, jo divas trīs reizes nedēļā viņš spēlējot pludmales volejbolu. «Tas man ir šī perioda aktīvais sporta veids, tas man iet pie sirds. Zinu, ka daudziem hokejistiem patīk spēlēt futbolu, bet man tas itin nemaz nepatīk, es ar to neaizraujos, bet ar pludmales volejbolu nodarbojos jau sen, vēl tad, kad tas nebija tik populārs Latvijā. Smiltis, bumba, saule, turklāt vajag tikai četrus cilvēkus, lai varētu uzrīkot spēles, mani tas pievelk ar katru gadu arvien vairāk. Nezinu, kā būs šovasar, bet parasti vasarās piedalāmies pilnīgā amatieru turnīrā Tukumā, bet šogad diez vai sanāks, jo sākas treniņi komandā,» stāsta Miķelis Rēdlihs. Pie sportiskām aktivitātēm vēl var pieskaitīt peldēšanos, bet tas jau balansējot uz robežas ar atpūtu, jo peldes esot ikdienas sastāvdaļa – pie mājas esot gan upe, gan dīķis, kur ģimenei patīkot baudīt ūdens priekus.

«Kad pārkāpts 30 gadu slieksnim, itin nekas nemainās. Citi jau runā, ka tas ir kāds īpašs, robežšķirtnes vecums, un es jau arī varētu tā teikt, lai spēlētu līdzi citu viedoklim, bet es pagaidām neko īpašu nejūtu,» atzīst Miķelis Rēdlihs. Pagaidām zināms, ka jaunajā sezonā Miķelis spēlēs Rīgas Dinamo, bet par dažādām izmaiņām klubā, arī par nākamajiem komandas biedriem viņš uzzinot vien no medijiem internetā. «Cik zinu, par komandas galveno treneri vēl nekas zināms nav. Šajā laikā es neesmu iesaistīts kluba sociālajā dzīvē, kad mums sāksies jaunā sezona, tad viss kļūs skaidrs. Un treniņi sāksies jau jūlija sākumā. Kad Jāņi nosvinēti, daudziem vasara tikai sākas, bet man atvaļinājums un vasara ir beigusies.».","«Kad Jāņi nosvinēti, daudziem vasara tikai sākas, bet man atvaļinājums un vasara ir beigusies. Vispār es nezinu, kur laiks pazūd – no rīta pamostos, un vakars jau klāt,» saka šīs dienas gaviļnieks hokejists Miķelis Rēdlihs un piebilst – tuvākajās dienās atsāksies treniņi un gatavošanās jaunajai sezonai.",mal,nra,NRA,fake news,150acf66-11ce-4614-8bd3-0fd87929658e,article,MassiveSum
https://www.madhyamam.com/local-news/malappuram/616167,,യോഗാസംഗമം നാളെ | Madhyamam,,"മഞ്ചേരി: ആരോഗ്യഭാരതി ജില്ല സമിതിയുടെയും ഡോ. സി.വി.എസ്. ആരോഗ്യ കേന്ദ്രത്തിൻെറയും സംയുക്താഭിമുഖ്യത്തിൽ സംഘടി പ്പിക്കുന്ന യോഗാസംഗമം ഞായാറാഴ്ച രാവിലെ 7.30 മുതൽ മഞ്ചേരി അരുകിഴായ യോഗാകേന്ദ്രത്തിൽ നടക്കുമെന്ന് സംഘാടകർ വാർത്തസമ്മേളനത്തിൽ അറിയിച്ചു. യോഗാപ്രദർശനം, യോഗാകുടുംബത്തിലെ കുട്ടികൾക്കുള്ള ആദരം, ഔഷധസസ്യ വിതരണം, ക്വിസ് മത്സരം, സംഗീതാലാപനം എന്നിവയും പരിപാടിയുടെ ഭാഗമായി നടക്കും. വാർത്തസമ്മേളനത്തിൽ വി.ഡി. ശാംഭവി ടീച്ചർ, ഡോ. സി.വി. സത്യനാഥൻ, ആരോഗ്യഭാരതി ജില്ല സെക്രട്ടറി നാരായണൻ മാസ്റ്റർ, ഇ.ടി. മനോജ് എന്നിവർ സംബന്ധിച്ചു.",മഞ്ചേരി: ആരോഗ്യഭാരതി ജില്ല സമിതിയുടെയും ഡോ. സി.വി.എസ്. ആരോഗ്യ കേന്ദ്രത്തിൻെറയും സംയുക്താഭിമുഖ്യത്തിൽ സംഘടി   പ്പിക്കുന്ന യോഗാസംഗമം ഞായാറാഴ്ച രാവിലെ 7.30 മുതൽ മഞ്ചേരി അരുകിഴായ യോഗാകേന്ദ്രത്തിൽ...,mal,madhyamam,Madhyamam,fake news,3354a987-b8d2-4cea-9cc6-fe59d55779a6,article,MassiveSum
https://www.15min.lt/mokslasit/straipsnis/technologijos/reklamos-auka-vandeniui-atsparus-iphone-7-suslapes-sugedo-bet-jo-niekas-netaiso-646-1015838,https://www.15min.lt/mokslasit/straipsnis/technologijos/reklamos-auka-vandeniui-atsparus-iphone-7-suslapes-sugedo-bet-jo-niekas-netaiso-646-1015838,"Reklamos auka: vandeniui atsparus „iPhone 7“ sušlapęs sugedo, bet jo niekas netaiso",,"„Telefoną įsigijau 2016 metais. Pirkau jį kaip atsparų vandeniui, bet pasirodo, tai nebuvo tiesa“, – 15min pasakojo pašnekovas.

Telefonas sugedo, kai M.Gogelis nusprendė išbandyti jo atsparumą vandeniui taip, kaip matė telekomunikacijų bendrovės „Bitė“ reklamoje, rodytoje per televiziją.

„Su sūnumi žiūrėjome „Bitės“ reklamą, kurioje buvo nardintas „iPhone 8“ modelis. Sūnus paklausė, ar mes irgi taip galime daryti, ar mūsų telefonas gali būti po vandeniu? Pasakiau, kad, jei jau rodo reklamoje, vadinasi, galima.

Prieš bandydamas atsidariau internete telefonų aprašymus ir pasitikrinau, ar toks pat vandeniui atsparumas 8-to ir 7-to „iPhone“ modelio. Pamačiau, kad saugumo sertifikatas toks pats – IP 67. Tai reiškia, kad įrenginys atsparus vandens purslams bei gali būti nardinamas į 1 m gylį iki 30 min.

Paėmėme apie 15 cm gylio stiklinį indą. Įpylėme vandens iš čiaupo apie 10 cm, įdėjome telefoną. Jis iš pradžių veikė, ekranas švietė. Telefonas vandenyje pabuvo apie 10–20 sekundžių. Išėmus iš indo, ekranas patamsėjo, dingo ryšys, o po minutės telefonas išsijungė ir daugiau nebeįsijungė“, – apie bandymo pasekmes pasakoja M.Gogelis.

Išėmus iš indo, ekranas patamsėjo, dingo ryšys, o po minutės telefonas išsijungė ir daugiau nebeįsijungė.

Po bandymo M.Gogelis kreipėsi į mobiliojo ryšio operatorių „Telia“, iš kurio buvo įsigijęs mobilųjį įrenginį. M.Gogelio teigimu, jam buvo aiškiai pasakyta, kad garantija negalioja, jeigu telefonas sugedo dėl drėgmės.

Tą patį atsakymą M.Gogelis gavo ir iš oficialių „Apple“ atstovų Lietuvoje – „IDeal“.

„Man tiesiog pasakė, kad jie už tai neatsako ir kad aš pats kaltas. Teigė įrenginio tikrai neremontuosiantys ir pasiūlė teisybės ieškoti pas tuos, kas tokią reklamą paviešino“, – pasakojo pašnekovas.

Tuomet be mobiliojo telefono likęs vyras kreipėsi į „Bitės“ atstovybę, kad ši imtųsi veiksmų ar bent pasiaiškintų, kodėl reklamoje galimai skatinamas rizikingas elgesys.

M.Gogelio teigimu, teisybės surasti nepavyko ir ten. „Man tiesiog pasakė, kad reklama neskatino taip elgtis, tik pademonstravo telefono galimybes. Jeigu mano telefonas sugedo, tai taip nutiko turbūt dėl kitų priežasčių, o reklama su tuo nesusijusi. Jie, žinoma, taip pat atsisakė padengti nuostolius“, – pasakojo M.Gogelis.

Bendrovės „Bitė Lietuva“ rinkodaros vadovo Arūno Mickevičiaus teigimu, kiekvienas gamintojas taiko skirtingas garantinio aptarnavimo taisykles, kurias klientai gauna ir su kuriomis susipažįsta, pirkdami bet kokį naują įrenginį.

„Kalbant konkrečiai apie „Apple“ įrenginius – šis gamintojas, nepaisant įrenginio reitingo, skysčių sukeltiems pažeidimams garantijos netaiko. Tokiose situacijose dažnai labai sudėtinga, o kartais ir neįmanoma objektyviai nustatyti, kokiomis aplinkybėmis įrenginys buvo pažeistas drėgmės“, – teigė A.Mickevičius.

Pasak A.Mickevičiaus, neseniai rodyta „iPhone 8“ reklama buvo atliekama profesionalų ir ja nebuvo norėta skatinti panašių bandymų namuose.

Irmanto Gelūno / 15min nuotr./„Bitė Lietuva“

„Reklamoje naudotas tikras ir veikiantis „iPhone 8“ telefonas. Šis modelis yra atsparus vandeniui pagal IP67 reitingą (tą skelbia ir „Apple“). Pastarasis reitingas suteikiamas tik tiems įrenginiams, kurie iki 30 minučių gali išbūti panardinti vandenyje iki 1 metro gylyje.

Šiuo atveju kiek mažesnę ekstremalią situaciją reklamoje ir siekėme pavaizduoti – tam nenaudojome jokio montažo, o telefonas po filmavimo toliau puikiai veikė. Analogiškų sėkmingų bandymų galima surasti iš esmės kiekvienoje profesionalioje šio modelio apžvalgoje, tačiau visada išlieka rizika, kad dėl nusidėvėjimo, pažeidimų ar kitų priežasčių apsauga gali ir nesuveikti“, – teigė A.Mickevičius.

Visada išlieka rizika, kad dėl nusidėvėjimo, pažeidimų ar kitų priežasčių apsauga gali ir nesuveikti.

M.Gogelis teigia besijaučiantis apgautas, tačiau bendrovių „Telia“, pardavusios įrenginį ir „Bitė“, rodžiusios reklamą, atstovai tikina, kad klientas – pats kaltas, nes nesivadovavo gamintojų rekomendacijomis ir neįvertino, kad mobilusis įrenginys gali būti nusidėvėjęs, todėl apsauga nuo vandens galėjo nesuveikti.

„Noriu pabrėžti, kad niekur reklamoje neskatinome žmonių bandyti tokio eksperimento pakartoti patiems – tai ekstremali nekasdieninė situacija. Visada išlieka rizika, kad dėl nusidėvėjimo, pažeidimų ar kitų priežasčių apsauga gali ir nesuveikti“, – teigė A.Mickevičius.

„iDeal“ skelbia, kad net jeigu įrenginys yra atsparus vandeniui, tokio pobūdžio gedimams šalinti garantija negalioja.

iPhone mobiliųjų įrenginių garantijos sąlygos","Vilnietis Mantas Gogelis pasijuto apgautas, kai įsigijęs vandeniui atsparų mobilųjį telefoną „iPhone 7“, sužinojo, kad garantinis remontas, telefonui sugedus nuo drėgmės,...",mal,15min,15Min,fake news,9e9ff49b-56b6-4197-b9f0-8dad83e7587a,article,MassiveSum
https://www.dengiamerika.com/a/1815076.html,https://www.dengiamerika.com/a/1815076.html,ئه‌مه‌ریکا ناخوازێت ئێران به‌شداری له‌ کۆنفرانسی ئاشتی سوریادا بکات,,"له‌خزه‌ر براهیمی، نوێنه‌ری تایبه‌تی نه‌ته‌وه‌ یه‌کگرتووه‌کان و کۆمکاری عه‌ره‌ب بۆ ئاشتی، ده‌ڵێت نزیکه‌ی 30 وڵات بانگهێشت کراون بۆ به‌شداری کردن له‌ کۆنفراسی ئاشتی مانگی داهاتوو له‌ سه‌ر سوریا، به‌ڵام وڵاته‌ یه‌کگرتووه‌کانی ئه‌مه‌ریکا ڕێگره‌ له‌ به‌شداری کردنی ئێران.

براهیمی پاش کۆبونه‌وه‌که‌ی ڕۆژی هه‌ینی له‌گه‌ڵ نوێنه‌رانی ئه‌مه‌یرکا و ڕوسیا له‌ ژنێڤ ئه‌م ڕاگه‌یاندنه‌ی دا. ئه‌و کۆبونه‌وه‌یه‌ به‌و مه‌به‌سته‌ کرا ڕێکبکه‌ون له‌سه‌ر ئه‌وه‌ی چ وڵاتێک بانگهێشت بکرێت بۆ کردنه‌وه‌ی ئه‌و کۆنفرانسه‌ی که‌ بڕیاره‌ له‌ 22 ی مانگی 1 له‌ شاری مانترۆی سویسرا به‌ڕێوه‌ ده‌چێت.

له‌خزه‌ر براهیمی ده‌ڵێت له‌سه‌ر ئێران هێشتا ڕێک نه‌که‌وتووین. ئاشکرایه‌ که‌ ئێمه‌ واته‌ نه‌ته‌وه‌ یه‌کگرتوه‌کان پێشوازی ده‌که‌ین له‌ به‌شداری کردنی ئێران به‌ڵام وڵاته‌ یه‌کگرتووه‌کانی ئه‌مه‌ریکاهێشتا قائیل نه‌بووه‌ به‌وه‌ی به‌شداری کردنی ئێران شتێکی باش ده‌بێت، و ئێمه‌ له‌سه‌ر ئه‌وه‌ ڕێککه‌وتوین هندێک قسه‌ی زیاتر له‌سه‌ر ئه‌م مه‌سه‌له‌یه‌ بکه‌ین و بزانین هه‌وڵ بده‌ین بگه‌ین به‌ ڕێککه‌وتنێک.

له‌ میانه‌ی قه‌یرانی سێ ساڵه‌ی سوریادا ئێران هه‌میشه‌ پشتویانی له‌ حکومه‌تی سوریا کردووه‌.

ئه‌م کۆنفرانسه‌ بۆ چه‌ندین مانگ‌ دوواخرا له‌سه‌ر ئه‌و مه‌سه‌له‌یه‌ی کێ نوێنه‌رایه‌تی ئۆپۆزسیۆنی سوریا و حکومه‌ت بکات و چ وڵاتێکی هه‌رێمه‌که‌ له‌ دانوستاندنه‌کان ئاماده‌ بێت.

براهیمی گوتی عه‌ره‌بستانی سعودیه‌ یه‌کێکه‌ له‌ وڵاتانی ناوچه‌که‌ که‌ بانگهێشت کراوه‌ بۆ به‌شداری کردن.

مه‌به‌ست له‌م کۆنفرانسه‌ ئه‌وه‌یه‌ حکومه‌ت و ئۆپۆزسیۆن ڕێککه‌وتنێک بکه‌ن که‌ بریتی بێت له‌ ده‌سه‌ڵاتێکی کاتیی و ده‌سه‌ڵاتی جێبه‌جێ کردن.",له‌خزه‌ر براهیمی، نوێنه‌ری تایبه‌تی نه‌ته‌وه‌ یه‌کگرتووه‌کان و کۆمکاری عه‌ره‌ب بۆ ئاشتی، ده‌ڵێت نزیکه‌ی 30 وڵات بانگهێشت کراون بۆ به‌شداری کردن له‌ کۆنفراسی ئاشتی مانگی داهاتوو له‌ سه‌ر سوریا، به‌ڵام وڵاته‌ یه‌کگرتووه‌کانی ئه‌مه‌ریکا ڕێگره‌ له‌ به‌شداری کردنی ئێران.,mal,dengiamerika,Dengi Amerika,fake news,3af3fe5a-161b-447e-8960-9ba783062129,article,MassiveSum
https://www.madhyamam.com/business/biz-news/jiomart-reportedly-testing-milk-delivery-in-chennai-and-bengaluru-580301,,പാൽ വിതരണവും തുടങ്ങി ജിയോ മാർട്ട്​; നിലവിൽ രാജ്യത്തെ രണ്ട്​ നഗരങ്ങളിൽ,,"മുംബൈ: രാജ്യത്തെ രണ്ട്​ വമ്പൻ നഗരങ്ങളായ ചെന്നൈയിലും ബംഗളൂരുവിലും റിലയൻസി​െൻറ ഒാൺലൈൻ റീ​െട്ടയിൽ യൂണിറ്റായ ജിയോ മാർട്ട്​ സബ്​സ്​ക്രിപ്​ഷൻ അടിസ്ഥാനത്തിൽ ദിവസേന പാൽ വിതരണം തുടങ്ങി. പാലിന്​ പുറമേ മുട്ട, റൊട്ടി തുടങ്ങിയ അവശ്യവസ്​തുക്കളും കമ്പനി ഇൗ സംരംഭത്തിലൂടെ വിതരണം ചെയ്യും. ഇരു നഗരങ്ങളിലെയും ലഭ്യമായ പിൻകോഡുകളിലാണ്​ നിലവിൽ വിതരണം. നവംബർ 14ന്​ ദീപാവലിയോടനുബന്ധിച്ച്​​ രാജ്യമൊട്ടാകെ പാൽവിതരണം വ്യാപിപ്പിക്കാനൊരുങ്ങുകയാണ്​ ജിയോ മാർ​െട്ടന്നും റിപ്പോർട്ടുകളുണ്ട്​. എന്നാൽ, ഇതുമായി ബന്ധപ്പെട്ട്​ അവർ ഇതുവരെ പ്രതികരിച്ചിട്ടില്ല.

അതേസമയം, രാജ്യത്ത്​ പാൽവിതരണം എന്ന ആശയവുമായി മുന്നോട്ടുവരുന്ന ആദ്യ കമ്പനിയല്ല, ജിയോമാർട്ട്​. നേരത്തെ സ്വിഗ്ഗിയുടെ സൂപ്പർ ഡൈലി, ബിഗ്​ ബാസ്​കറ്റി​െൻറ ബിബി ഡൈലി, മിൽക്​ ബാസ്​കറ്റ്​ എന്നിവ ഇൗ മേഖലയിൽ പ്രവർത്തിക്കുന്നുണ്ട്​.

ജൂലൈയിൽ റിലയൻസ്​ എജിഎമ്മിൽ മുകേഷ്​ അംബാനി ജിയോ മാർട്ടിന്​ ദിവസം 250,000 ഒാർഡറുകൾ ലഭിക്കുന്നതായി അവകാശപ്പെട്ടിരുന്നു. പാൽ വിതരണം അടക്കമുള്ള പുതിയ ആശയങ്ങളിലൂടെ അത്​ ഗണ്യമായി ഉയർത്താനുള്ള ശ്രമത്തിലാണ്​ കമ്പനി. മാക്​സിമം റീ​െട്ടയിൽ പ്രൈസിൽ നിന്നും അഞ്ച്​ ശതമാനം കുറച്ചാണ്​ അംബാനിയുടെ കമ്പനി നിലവിൽ ഉത്​പന്നങ്ങൾ വിൽക്കുന്നത്​ എന്നതും അവർക്ക്​ വലിയ സ്വീകാര്യതയുണ്ടാക്കിയിട്ടുണ്ട്​. പാൽ വിതരണത്തിലും അത്തരം ഡിസ്​കൗണ്ടുകൾ ഉണ്ടാവുമോ എന്നത്​ അറിയാൻ ഒൗദ്യോഗിക പ്രഖ്യാപനത്തിന്​ വേണ്ടി കാത്തിരിക്കേണ്ടി വരും.",മുംബൈ: രാജ്യത്തെ രണ്ട്​ വമ്പൻ നഗരങ്ങളായ ചെന്നൈയിലും ബംഗളൂരുവിലും റിലയൻസി​െൻറ ഒാൺലൈൻ റീ​െട്ടയിൽ യൂണിറ്റായ ജിയോ മാർട്ട്​ സബ്​സ്​ക്രിപ്​ഷൻ അടിസ്ഥാനത്തിൽ ദിവസേന പാൽ വിതരണം തുടങ്ങി. പാലിന്​ പുറമേ,mal,madhyamam,Madhyamam,fake news,df7ec6f0-cdef-4457-ab1d-effa8ceed0b3,article,MassiveSum
https://www.madhyamam.com/kerala/kerala-needs-10000-tonnes-green-chromide-production-is-2000-tons-552161,,"കേരളത്തിന്​ വേണ്ടത്​ 10,000 ടൺ കരിമീൻ; ഉൽപാദനം 2000 ടൺ മാത്രം",,"കൊ​ച്ചി: കേ​ര​ള​ത്തി​ലെ ക​രി​മീ​ൻ ഉ​ൽ​പാ​ദ​നം വ​ർ​ധി​പ്പി​ക്കാ​ൻ സം​സ്ഥാ​ന സ​ർ​ക്കാ​റിെൻറ സ​ഹ​ക​ര​ണം തേ​ടി കേ​ന്ദ്ര ഗ​വേ​ഷ​ണ സ്ഥാ​പ​നം.

അ​നു​കൂ​ല ഘ​ട​ക​ങ്ങ​ളു​ണ്ടാ​യി​ട്ടും കൃ​ഷി​യി​ലൂ​ടെ​യു​ള്ള ക​രി​മീ​ൻ ഉ​ൽ​പാ​ദ​ന​ത്തി​ൽ കേ​ര​ളം ഏ​റെ പി​ന്നി​ലാ​ണെ​ന്ന് ചെ​ന്നൈ ആ​സ്ഥാ​ന​മാ​യ കേ​ന്ദ്ര ഓ​രു​ജ​ല​കൃ​ഷി ഗ​വേ​ഷ​ണ സ്ഥാ​പ​നം (ഐ.​സി.​എ.​ആ​ർ-​സി​ബ) ചൂ​ണ്ടി​ക്കാ​ട്ടു​ന്നു. സം​സ്ഥാ​ന​ത്ത്​ പ്ര​തി​വ​ർ​ഷം 10,000 ട​ൺ ക​രി​മീ​ൻ വേ​ണ്ടി​ട​ത്ത് 2000 ട​ൺ മാ​ത്ര​മാ​ണ് ഉ​ൽ​പാ​ദി​പ്പി​ക്കു​ന്ന​തെ​ന്നാ​ണ് സി​ബ ക​ണ്ടെ​ത്ത​ൽ.

ഏ​റെ ആ​വ​ശ്യ​ക്കാ​രും മി​ക​ച്ച വി​പ​ണി മൂ​ല്യ​വു​മു​ള്ള (കി​ലോ​ക്ക്​ ശ​രാ​ശ​രി 500 രൂ​പ) കേ​ര​ള​ത്തി​െൻറ ദേ​ശീ​യ മ​ത്സ്യ​മാ​യ ക​രി​മീ​ൻ ഉ​ൽ​പാ​ദ​ന​ത്തി​ലൂ​ടെ ക​ർ​ഷ​ക​ർ​ക്കും സം​സ്ഥാ​ന​ത്തി​നും മി​ക​ച്ച നേ​ട്ടം കൊ​യ്യാ​നാ​കു​മെ​ന്ന്​ ഗ​വേ​ഷ​ക​ർ വി​ല​യി​രു​ത്തു​ന്നു.

കേ​ര​ള​ത്തി​ലെ ഓ​രു​ജ​ലാ​ശ​യ​ങ്ങ​ൾ ശ​രി​യാ​യി ഉ​പ​യോ​ഗ​പ്പെ​ടു​ത്താ​ൻ സ​ർ​ക്കാ​ർ സ​ഹ​ക​ര​ണ​ത്തോ​ടെ​യു​ള്ള പ​ദ്ധ​തി​ക​ൾ സ​ഹാ​യ​ക​മാ​കു​മെ​ന്ന് ക​രി​മീ​ൻ ക​ർ​ഷ​ക​ർ​ക്കാ​യി സം​ഘ​ടി​പ്പി​ച്ച വെ​ബി​നാ​റി​ൽ സം​സാ​രി​ക്ക​വെ സി​ബ ഡ​യ​റ​ക്ട​ർ ഡോ. ​കെ.​കെ. വി​ജ​യ​ൻ പ​റ​ഞ്ഞു.

മ​തി​യാ​യ ശാ​സ്ത്രീ​യ ഹാ​ച്ച​റി സം​വി​ധാ​ന​ങ്ങ​ൾ ഇ​ല്ലാ​ത്ത​തി​നാ​ൽ ക​ർ​ഷ​ക​ർ​ക്ക് യ​ഥാ​സ​മ​യം ആ​വ​ശ്യ​മാ​യ​ത്ര വി​ത്തു​ക​ൾ ല​ഭ്യ​മാ​കു​ന്നി​ല്ല. ഇ​താ​ണ്​ സം​സ്ഥാ​ന​ത്ത്​ ക​രി​മീ​ൻ കൃ​ഷി മേ​ഖ​ല വി​ക​സി​ക്കാ​ത്ത​തി​നു​ കാ​ര​ണം. ക​ർ​ഷ​ക​രു​ടെ ഏ​കോ​പ​ന​മി​ല്ലാ​യ്മ​യും ശാ​സ്ത്രീ​യ കൃ​ഷി​രീ​തി​ക​ൾ അ​വ​ലം​ബി​ക്കാ​ത്ത​തും ക​രി​മീ​ൻ കൃ​ഷി​യെ ദോ​ഷ​ക​ര​മാ​യി ബാ​ധി​ക്കു​ന്നു.

നി​ല​വി​ൽ ക​രി​മീ​ന് 200 ഗ്രാം ​എ​ങ്കി​ലും തൂ​ക്കം ല​ഭി​ക്കാ​ൻ ഒ​രു വ​ർ​ഷം വ​രെ കാ​ത്തി​രി​ക്കേ​ണ്ട അ​വ​സ്ഥ​യാ​ണ്. വ​ള​ർ​ച്ച​നി​ര​ക്ക് കൂ​ട്ടാ​ൻ സെ​ല​ക്ടി​വ് ബ്രീ​ഡി​ങ്​ സാ​ങ്കേ​തി​ക വി​ദ്യ വി​ക​സി​പ്പി​ക്കേ​ണ്ട​തു​ണ്ട്. ഇ​തി​ന്​ അ​ഞ്ചു വ​ർ​ഷ​മെ​ങ്കി​ലും എ​ടു​ക്കും.

അ​ഞ്ച് മു​ത​ൽ 10 കോ​ടി​വ​രെ ചെ​ല​വും ആ​വ​ശ്യ​മാ​ണ്. സെ​ല​ക്ടി​വ് ബ്രീ​ഡി​ങ്​ വ​ഴി വി​ക​സി​പ്പി​ച്ച ഗി​ഫ്റ്റ് തി​ലാ​പ്പി​യ കേ​ര​ള​ത്തി​ൽ കൃ​ഷി ചെ​യ്യാ​ൻ തു​ട​ങ്ങി​യ​തോ​ടെ ക​ർ​ഷ​ക​ർ​ക്ക് കൂ​ടു​ത​ൽ ലാ​ഭ​ക​ര​മാ​യി.

ഹാ​ച്ച​റി സം​വി​ധാ​ന​ങ്ങ​ളും കൃ​ത്രി​മ തീ​റ്റ നി​ർ​മാ​ണ കേ​ന്ദ്ര​ങ്ങ​ളും ഒ​രു​ക്ക​ൽ, ക​ർ​ഷ​ക കൂ​ട്ടാ​യ്മ​ക​ൾ രൂ​പ​വ​ത്​​ക​രി​ക്ക​ൽ എ​ന്നി​വ​ക്ക്​ സ​ർ​ക്കാ​ർ രൂ​പ​രേ​ഖ ത​യാ​റാ​ക്കി​യാ​ൽ ശാ​സ്ത്ര-​സാ​ങ്കേ​തി​ക സ​ഹാ​യം ന​ൽ​കാ​ൻ സി​ബ ഒ​രു​ക്ക​മാ​ണെ​ന്ന് ഡ​യ​റ​ക്​​ട​ർ വ്യ​ക്ത​മാ​ക്കി.",കൊ​ച്ചി: കേ​ര​ള​ത്തി​ലെ ക​രി​മീ​ൻ ഉ​ൽ​പാ​ദ​നം വ​ർ​ധി​പ്പി​ക്കാ​ൻ സം​സ്ഥാ​ന സ​ർ​ക്കാ​റിെൻറ സ​ഹ​ക​ര​ണം തേ​ടി കേ​ന്ദ്ര ഗ​വേ​ഷ​ണ സ്ഥാ​പ​നം. അ​നു​കൂ​ല ഘ​ട​ക​ങ്ങ​ളു​ണ്ടാ​യി​ട്ടും കൃ​ഷി​യി​ലൂ​ടെ​യു​ള്ള...,mal,madhyamam,Madhyamam,fake news,25fcf633-b184-4b65-af3c-cf7f2f31e376,article,MassiveSum
https://www.madhyamam.com/kerala/wage-textiles-employees-renewed/662330,,വസ്ത്ര നിർമാണ മേഖലയിലെ മിനിമം വേതനം പുതുക്കി,,"തിരുവനന്തപുരം: സംസ്ഥാനത്തെ വസ്ത്ര നിർമാണ വ്യവസായ മേഖലയിലെ തൊഴിലാളികളുടെ മിനിമം വേതനം പുതുക്കി തൊഴിലും നൈപുണ ്യവും വകുപ്പ് വിജ്ഞാപനമിറക്കി. ഇതോടെ ഇടതുമുന്നണി സർക്കാർ അധികാരത്തിൽ വന്നശേഷം കുറഞ്ഞ കൂലി പുതുക്കി നിശ്ചയിച് ച മേഖലകളുടെ എണ്ണം 38 ആയി.

പുതുക്കിയ നിരക്ക്​ പ്രകാരം സാങ്കേതിക വിഭാഗം പ്രൊഡക്​ഷൻ മാനേജർ തസ്തികയിൽ 14,020 രൂപയാണ ് കുറഞ്ഞ പ്രതിമാസ വേതനം.

സൂപ്പർവൈസർ, കട്ടർ-കം-പാറ്റേൺ മേക്കർ ഗ്രേഡ്1 - 13,190 രൂപ, കട്ടർ-കം-പാറ്റേൺ മേക്കർ ഗ്രേഡ് 2 - 12,520, മെഷീൻ ഓപറേറ്റർ ഗ്രേഡ് 1, ഖാജാ ബട്ടൺ ഓപറേറ്റർ, ബട്ടണിങ്, മെഷീൻ ഓപറേറ്റർ, ബാർടെക് ഓപറേറ്റർ, ടെയ്​ലർ ഗ്രേഡ് 1, സ്യൂയിങ് മെഷീൻ ഓപറേറ്റർ ഗ്രേഡ് 1, അസിസ്​റ്റൻറ്​ കട്ടർ തസ്തികകളിൽ 11,870 രൂപ, അയൺമാൻ, പ്രസർ ഗ്രേഡ് 1 - 11,290, ചെക്കർ ഗ്രേഡ് 1, അയൺമാൻ, പ്രസർ ഗ്രേഡ് 2 - 11,090, മെഷീൻ ഓപറേറ്റർ ഗ്രേഡ് 2, ടെയ്​ലർ ഗ്രേഡ് 2, സ്യൂയിങ് മെഷീൻ ഓപറേറ്റർ ഗ്രേഡ് 2, ലെയർ, ഫാബ്രിക് ചെക്കർ, ഫീഡിങ് അസിസ്​റ്റൻറ്​, ലോൺഡ്രി മെഷീൻ ഓപറേറ്റർ, ബാച്ച് ചെക്കർ, ട്രിമ്മർ പാക്കർ, പായ്ക്കർ എന്നീ തസ്തികകളിൽ 10,510, ഹെൽപർ - 9940 രൂപ എന്നിങ്ങനെയാണ് കുറഞ്ഞ പ്രതിമാസ വേതനം പുതുക്കിയത്.

ഓഫിസ് വിഭാഗത്തിൽ മാനേജർ - 14,020 രൂപ, കാഷ്യർ, ക്ലർക്ക്, സ്​റ്റോർ കീപ്പർ - 12,110, അക്കൗണ്ടൻറ്​, ടൈപ്പിസ്​റ്റ്​, ടൈം കീപ്പർ - 11,680, ഡ്രൈവർ - 12,040, സെക്യൂരിറ്റി, വാച്ച്മാൻ - 9940, സ്വീപ്പർ - 9640 എന്നിങ്ങനെയും പുതുക്കി. ഗ്രേഡ് 1 തസ്തികയിൽ തൊഴിലുടമക്ക്​ യഥേഷ്​ടം നിയമനം നടത്താമെങ്കിലും ഒരു തസ്തികയിൽ തുടർച്ചയായി അഞ്ചു വർഷത്തിൽ കുറയാതെ ജോലി ചെയ്യുന്ന തൊഴിലാളിയെ ഗ്രേഡ് 1ൽ ഉൾപ്പെടുത്തി വേതനം നൽകണമെന്ന് വിജ്ഞാപനത്തിലുണ്ട്.",തിരുവനന്തപുരം: സംസ്ഥാനത്തെ വസ്ത്ര നിർമാണ വ്യവസായ മേഖലയിലെ തൊഴിലാളികളുടെ മിനിമം വേതനം പുതുക്കി തൊഴിലും നൈപുണ   ്യവും വകുപ്പ് വിജ്ഞാപനമിറക്കി. ഇതോടെ ഇടതുമുന്നണി സർക്കാർ അധികാരത്തിൽ വന്നശേഷം കുറഞ്ഞ...,mal,madhyamam,Madhyamam,fake news,763f04a2-73d3-4420-83ed-ea34ad154a95,article,MassiveSum
https://www.madhyamam.com/gulf-news/uae/uae-foreign-minister-covid-received-the-vaccine-586378,https://www.madhyamam.com/gulf-news/uae/uae-foreign-minister-covid-received-the-vaccine-586378,യു.എ.ഇ വിദേശകാര്യ മന്ത്രി കോവിഡ് വാക്‌സിൻ സ്വീകരിച്ചു,,"അബൂദബി: കോവിഡ് പ്രതിരോധ വാക്‌സി​െൻറ പരീക്ഷണത്തിൽ യു.എ.ഇ വിദേശകാര്യ അന്താരാഷ്​ട്ര സഹകരണ മന്ത്രി ശൈഖ് അബ്​ദുല്ല ബിൻ സായിദ് ആൽ നഹ്‌യാൻ പങ്കാളിയായി.സാധാരണ ജീവിതത്തിലേക്ക് മടങ്ങാനുള്ള വഴിയാണ് കൊറോണ വാക്‌സിനേഷനെന്ന് ആദ്യ ഡോസ് സ്വീകരിച്ച ശേഷം മന്ത്രി ട്വീറ്റ് ചെയ്തു.ചൈനയുടെ മൂന്നാം ഘട്ട വാക്‌സിൻ ക്ലിനിക്കൽ പരീക്ഷണങ്ങളിൽ യു.എ.ഇയിൽ 31,000 സന്നദ്ധപ്രവർത്തകർ ഇതിനകം പങ്കെടുത്തു. ഒന്നും രണ്ടും ക്ലിനിക്കൽ പരീക്ഷണങ്ങളിൽ വാക്‌സിൻ സുരക്ഷിതമായിരുന്നു.

പങ്കെടുത്തവരിൽ 80 വയസ്സ് വരെ ആൻറിബോഡികൾ ഉൽപാദിപ്പിക്കുമെന്ന് 'ദി ലാൻസെറ്റ് ഇൻഫെക്​ഷിയസ് ഡിസീസസ്' പ്രസിദ്ധീകരിച്ച പഠനത്തിൽ വ്യക്​തമാക്കിയിരുന്നു.അബൂദബി എക്സിക്യൂട്ടിവ് ഓഫിസ് ചെയർമാൻ ശൈഖ് ഖാലിദ് ബിൻ മുഹമ്മദ് ആൽ നഹ്‌യാൻ ഉൾപ്പെടെ ഒട്ടേറെ പ്രമുഖരും മുതിർന്ന ഉദ്യോഗസ്ഥരും ഇതിനകം വാക്സിൻ എടുത്തു. യു.എ.ഇ ആരോഗ്യ, രോഗപ്രതിരോധ മന്ത്രി അബ്​ദുൽറഹ്മാൻ അൽ ഒവൈസ് കഴിഞ്ഞ മാസം വാക്സിൻ പരീക്ഷിച്ചിരുന്നു.അടിയന്തര കേസുകളിൽ മുൻനിര ആരോഗ്യ പ്രവർത്തകർക്ക് നൽകുമെന്നും അദ്ദേഹം പ്രഖ്യാപിച്ചിരുന്നു.നാഷനൽ എമർജൻസി ക്രൈസിസ് ആൻഡ് ഡിസാസ്​റ്റർ മാനേജ്മെൻറ് അതോറിറ്റിയുടെ ഡയറക്ടർ ജനറൽ ഒബയ്ദ് അൽ ഷംസിയും വാക്സിൻ പരീക്ഷിച്ചു.",അബൂദബി: കോവിഡ് പ്രതിരോധ വാക്‌സി​െൻറ പരീക്ഷണത്തിൽ യു.എ.ഇ വിദേശകാര്യ അന്താരാഷ്​ട്ര സഹകരണ മന്ത്രി ശൈഖ് അബ്​ദുല്ല ബിൻ സായിദ് ആൽ നഹ്‌യാൻ പങ്കാളിയായി.സാധാരണ ജീവിതത്തിലേക്ക് മടങ്ങാനുള്ള വഴിയാണ് കൊറോണ...,mal,madhyamam,Madhyamam,fake news,c6ba23e4-52bf-4498-8c61-adcb6eda07df,article,MassiveSum
https://www.madhyamam.com/local-news/kottayam/2018/mar/25/453680,,​െചലവ് കുറഞ്ഞ വീൽ ചെയറുമായി എൻജിനീയറിങ് വിദ്യാർഥികൾ,,"പുളിങ്കുന്ന്: ഭിന്നശേഷിക്കാർക്ക് െചലവ് കുറഞ്ഞ ഇലക്ട്രിക് വീൽ ചെയർ നിർമിച്ച് മാതൃകയാവുകയാണ് കുസാറ്റി​െൻറ കീഴിെല പുളിങ്കുന്ന് എൻജിനീയറിങ് കോളജിലെ അവസാനവർഷ വിദ്യാർഥികൾ. ഇലക്ട്രിക്കൽ ആൻഡ് ഇലക്ട്രോണിക്സ് എൻജിനീയറിങ് വിഭാഗത്തിലെ അർജുൻ, അഭിലാഷ്, അശ്വന്ത്, ആർദ്ര, ജോമറ്റ്, ഫെൽസിറ്റ, വിഷ്ണു, അധ്യാപിക ഇ.പി. ശാരിക എന്നിവരുടെ നേതൃത്വത്തിലാണ് വീൽ ചെയർ യാഥാർഥ്യമാക്കിയത്. േപ്രാജക്ടി​െൻറ ഭാഗമായാണ് വിദ്യാർഥികൾ ഇത് അവതരിപ്പിച്ചത്. മറ്റ് അധ്യാപകരുടെ സഹായവും വിദ്യാർഥികൾക്ക് ലഭിച്ചു. കാലുകൾക്ക് സ്വാധീനം ഇല്ലാത്തവർക്ക് പരസഹായം കൂടാതെ പുറത്തേക്ക് പോകാനും അതിനുശേഷം അകത്ത് ഉപയോഗിക്കാൻ കഴിയുന്ന വിധത്തിലുമാണ് വീൽ ചെയറി​െൻറ രൂപകൽപന. കൂടാതെ, ഹൃദയതാള പരിശോധന, ശ്വസനയന്ത്രം എന്നിവയും ഇതിൽ ക്രമീകരിച്ചിട്ടുണ്ട്. െചലവ് കുറഞ്ഞ രീതിയിൽ നിർമിച്ച വീൽ ചെയറും അനുബന്ധ ഉപകരണങ്ങളും ബാറ്ററിയിലാണ് പ്രവർത്തിക്കുന്നത്. ഇതിന് സൗരോർജം ഉപയോഗിച്ചുള്ള ചാർജിങ് സംവിധാനവും ഉൾപ്പെടുത്തിയിട്ടുണ്ട്. േപ്രാജക്ട് അവതരണത്തിനുശേഷം അനുയോജ്യനായ വ്യക്തിക്ക് ഈ വീൽ ചെയർ സമ്മാനിക്കാനാണ് വിദ്യാർഥികൾ തീരുമാനിച്ചിരിക്കുന്നത്.",പുളിങ്കുന്ന്: ഭിന്നശേഷിക്കാർക്ക് െചലവ് കുറഞ്ഞ ഇലക്ട്രിക് വീൽ ചെയർ നിർമിച്ച് മാതൃകയാവുകയാണ് കുസാറ്റി​െൻറ കീഴിെല പുളിങ്കുന്ന് എൻജിനീയറിങ് കോളജിലെ അവസാനവർഷ വിദ്യാർഥികൾ. ഇലക്ട്രിക്കൽ ആൻഡ്,mal,madhyamam,Madhyamam,fake news,278b5364-97f1-4eb6-a42c-2882d32239be,article,MassiveSum
https://www.madhyamam.com/news/223613/130503,,സിജിത്തിന് മുറിവേറ്റത് വാള്‍ തട്ടിയെന്ന് പറഞ്ഞതായി ഡോക്ടറുടെ മൊഴി,,"കോഴിക്കോട്: ടി.പി. ചന്ദ്രശേഖരൻ വധിക്കപ്പെട്ട 2012 മേയ് നാലിന് വണ്ടിയിൽ കയറുമ്പോൾ വേറൊരാളുടെ വാൾ തട്ടിയാണ് കൈക്ക് മുറിവേറ്റതെന്ന് ആറാം പ്രതി അണ്ണൻ സിജിത്ത് വൈദ്യപരിശോധനാ സമയത്ത് പറഞ്ഞതായി 105ാം സാക്ഷി മെഡിക്കൽ കോളജ് അസോ. പ്രഫസ൪ ഡോ. സിറിയക് ജോബിൻെറ മൊഴി. സിറിയക് ജോബടക്കം നാല് ഡോക്ട൪മാരെയും 109ാം സാക്ഷിയും പ്രതി അണ്ണൻ സിജിത്തിൻെറ അമ്മയുമായ പന്തക്കൽ അത്തോളിക്കാട്ടിൽ കെ. വസന്തയെയുമാണ് ഇന്നലെ മാറാട് പ്രത്യേക കോടതി ജഡ്ജി ആ൪. നാരായണ പിഷാരടി മുമ്പാകെ വിസ്തരിച്ചത്. ഇതിൽ വസന്ത പ്രതിഭാഗത്തിന് അനുകൂലമായി മൊഴി നൽകിയതോടെ കൂറുമാറിയ സാക്ഷികളുടെ എണ്ണം 49 ആയി.

2012 ജൂൺ ഒന്നിന് വൈകുന്നേരം അഞ്ചിന് ക്രൈംബ്രാഞ്ച് ഡിവൈ.എസ്.പി ആവശ്യപ്പെട്ട പ്രകാരമാണ് സിജിത്തിനെ പരിശോധിച്ചതെന്ന് ഡോ. സിറിയക് ജോബ് മൊഴി നൽകി. പരിശോധനാ മുറിയിൽവെച്ചുതന്നെയാണ് പരിക്ക് എങ്ങനെ പറ്റിയെന്ന് പറഞ്ഞത്.

വലത് ഉള്ളംകൈയിൽ ഇംഗ്ളീഷിലെ ‘വി’ അക്ഷരത്തിൻെറ ആകൃതിയിൽ രണ്ട് സെൻറീമീറ്റ൪ വലിപ്പമുള്ള മുറിവും അതേ ഭാഗത്തുതന്നെ മറ്റൊരു മുറിവുമാണ് ഉണ്ടായിരുന്നത്. കൈക്കുള്ളിൽ ആയുധം വെച്ച് കൈവലിക്കുകയോ പെട്ടെന്ന് പിൻവലിക്കുകയോ ചെയ്താലുണ്ടാകുന്ന മുറിവാണിതെന്ന് സ്പെഷൽ പ്രോസിക്യൂട്ട൪ അഡ്വ. സി.കെ. ശ്രീധരൻ, അഡ്വ. പി. കുമാരൻകുട്ടി എന്നിവരുടെ വിസ്താരത്തിൽ മൊഴി നൽകി. മൊബൈൽ ഫോണിൽ മുറിവിൻെറ ചിത്രം പ്രതിഭാഗം കാണിച്ച് ഡോക്ടറുടെ മൊഴി രേഖപ്പെടുത്താൻ ശ്രമിച്ചെങ്കിലും കോടതി അക്കാര്യം രേഖപ്പെടുത്താനാവില്ലെന്ന് വ്യക്തമാക്കി. ഡോക്ട൪ പരിശോധിച്ച് നൽകിയ സ൪ട്ടിഫിക്കറ്റ് കോടതി പ്രോസിക്യൂഷൻ തെളിവിലേക്കുള്ള രേഖയായി അടയാളപ്പെടുത്തി.

എങ്ങനെയാണ് പരിക്കേറ്റതെന്ന കാര്യം ഡിവൈ.എസ്.പി പറഞ്ഞുകൊടുത്തതാണെന്ന പ്രതിഭാഗം അഭിഭാഷകൻ അഡ്വ. പി.വി. ഹരിയുടെ വാദം ഡോക്ട൪ നിഷേധിച്ചു. മുറിവിൻെറ പഴക്കം കണ്ടെത്താൻ അത്യാധുനിക സൗകര്യമുണ്ടെങ്കിലും കോഴിക്കോട് മെഡിക്കൽ കോളജിൽ അക്കാലത്ത് അത്തരം പരിശോധന നടത്താറില്ല. രണ്ടാമത്തെ ചെറിയ പരിക്കും ആദ്യമുണ്ടായ പരിക്കിനൊപ്പം സംഭവിച്ചതാകാനാണ് സാധ്യത. രണ്ടും മൂന്നും പ്രതികളായ കി൪മാണി മനോജ്, കൊടി സുനി, അഞ്ചാം പ്രതി മുഹമ്മദ് ഷാഫി എന്നിവരെ പരിശോധിക്കുകയും ഇവരുടെ രക്തം, മുടി എന്നിവ പരിശോധനക്കയക്കാൻ ശേഖരിക്കുകയും ചെയ്തതായി 106ാം സാക്ഷി വടകര ഗവ. ആശുപത്രിയിലെ ഡോ. കെ. സാവിത്രി മൊഴി നൽകി.

കൊടി സുനി, പൊലീസ് മ൪ദനമേറ്റതായി പറഞ്ഞിരുന്നുവെങ്കിലും പുറമെ പരിക്കൊന്നും കണ്ടില്ല. ഷാഫിക്ക് വലത് കൈക്ക് ചെറിയ പരിക്ക് ശ്രദ്ധയിൽപ്പെട്ടിരുന്നു. 2012 ജൂൺ 14നാണ് പരിശോധിച്ചത്. പ്രതി അണ്ണൻ സിജിത്തിൻെറ മുടിയും രക്തവും പരിശോധനക്കെടുത്തത് താനാണെന്ന് 107ാം സാക്ഷിയും വടകര ഗവ. ആശുപത്രി കൺസൾട്ടൻറുമായ ഡോ. ഷാലിനയും നാലാം പ്രതി ടി.കെ. രജീഷിനെ പരിശോധിച്ച് രക്തവും മുടിയുമെടുത്തതായി 108ാം സാക്ഷിയും വടകര ഗവ. ആശുപത്രി കൺസൾട്ടൻറുമായ ഡോ. ചിൻമോയിയും മൊഴി നൽകി. രക്തവും മുടിയും എത്രയെടുത്തുവെന്ന് കൃത്യമായി രേഖകളിലില്ലാത്തതും സാധനങ്ങൾ പൊലീസിന് കൈമാറിയതിന് രേഖകൾ കൈപ്പറ്റാത്തതിനെപ്പറ്റിയും ഡോക്ട൪മാരോട് പ്രതിഭാഗം അഭിഭാഷക൪ ചോദ്യമുന്നയിച്ചു. ഡോ. ഷാലിനയുടെ പേര് പലവിധത്തിൽ സ൪ട്ടിഫിക്കറ്റടക്കമുള്ള രേഖകളിൽ കാണുന്നതിനെപ്പറ്റിയും പ്രതിഭാഗം ചോദിച്ചു.

മകൻ സിജിത്ത് ഉപയോഗിച്ച മൊബൈൽ ഫോൺ തൻെറ തിരിച്ചറിയൽ കാ൪ഡും ഫോട്ടോയും മറ്റുമുപയോഗിച്ച് എടുത്തതാണെന്ന് പൊലിസ് രേഖപ്പെടുത്തിയ മൊഴിയാണ് വസന്ത നിഷേധിച്ചത്. ഫോട്ടോ തൻെറതാണെന്നും മൊബൈൽ ഫോണിന് പന്തക്കലെ കടയിൽ അപേക്ഷ കൊടുത്തെങ്കിലും പിന്നെ അതേപ്പറ്റി വിവരമൊന്നുമില്ലെന്നും വസന്ത മൊഴി നൽകി.

രണ്ട് മക്കളിൽ ഇളയവനാണ് സിജിത്ത്. മൈസൂരിൽ തൻെറ സഹോദരൻ ബേക്കറി നടത്തിയിരുന്നുവെന്ന മൊഴിയും നിഷേധിച്ച വസന്ത ഡിവൈ.എസ്.പി തൻെറ മൊഴിയെടുത്തിട്ടില്ലെന്നും പറഞ്ഞു. പ്രതിഭാഗം അഭിഭാഷകരായ അഡ്വ. എം. അശോകൻ, അഡ്വ. കെ. ഗോപാലകൃഷ്ണകുറുപ്പ്, അഡ്വ. സി. ശ്രീധരൻ നായ൪ എന്നിവരും സാക്ഷികളെ വിസ്തരിച്ചു. ഇന്നലെ വിസ്തരിക്കേണ്ട 209ാം സാക്ഷി ഡോ. പി.സി. അനിൽകുമാറിന് അസുഖമായതിനാലും 213ാം സാക്ഷി ഡോ. അജേഷിൻെറ കൂടുതൽ രേഖകൾ എത്തിക്കേണ്ടതിനാലും ഇവരെ വിസ്തരിക്കുന്നത് പ്രോസിക്യൂഷൻ മാറ്റിവെച്ചു.",കോഴിക്കോട്: ടി.പി. ചന്ദ്രശേഖരൻ വധിക്കപ്പെട്ട 2012 മേയ് നാലിന് വണ്ടിയിൽ കയറുമ്പോൾ വേറൊരാളുടെ വാൾ തട്ടിയാണ് കൈക്ക് മുറിവേറ്റതെന്ന് ആറാം പ്രതി അണ്ണൻ സിജിത്ത് വൈദ്യപരിശോധനാ സമയത്ത് പറഞ്ഞതായി 105ാം...,mal,madhyamam,Madhyamam,fake news,312bb21f-1849-4798-88a7-8f103a61397e,article,MassiveSum
https://www.madhyamam.com/news/348963/150410,,ഭാര്യമാര്‍ വൃക്കകള്‍ കൈമാറി; ഇസ്മായിലിനും സത്യനും പുതുജീവിതം,,???????????: ???????? ??????? ??????? ???????????? ?????????? ??????? ???????????????????. ??????????? ???????? ??????????? ??????? ?????????? (35) ?????? ???????? ??????? ???????????? ??????? ?????????? (45) ??????????? ????? ??????????????? ??????????????? ???????????? ?????? ????????. ???????????? ????? ???????? (30) ???? ????? ??????? ??????? ????? ???????? (37) ????? ???????????? ?????????????????. ?????????????? ???????? ???????????????????? ???????????. ???????????? ????? ??????????????? ???? ?????????? ??????? ??? ??????? ?????? ??????. ????? ????? ??????????????????? ????????????? ???????? ???????????????. ??????? ??????????????????? ?????????. ??? ????????? ?????????????? ???? ??????? ???????????? ????????? ????????????? ????????.?????????????? ???????? ???????????? ???. ?????????? ??????????????? ?????????? ????????? ?????? ??????????????. ??????????? ??????????? ????? ???????? ??????????????? ????????. ??? ???????????? ?????? ?????????????? ??????????? ???????. ??? ???????? ????????????? ????????? ????????????? ???????? ??????????????? ??????? ??????. ????????? ?????????????????? ???????????? ??????????????? ?????????? ?????????? ????????? ??????. ????????? ????????? ????????????? ?????????? ???????????. ??????? ???????????? ??????????? ??????????????? ????????????? ??????????????. ??????????? ??? ??????????. ???????????? ??????? ???????????????? ??????????????? ???????????? ????? ??????????? ????????????? ????????. ?????????????? ????? ?????????????????????????? ????? ??????? ??????? ?????? ????????? ???? ?????? ????????? ???????????.????? ??????? ??????????????? ????????????????? ??? ????????????.,???????????: ???????? ??????? ??????? ???????????? ?????????? ??????? ???????????????????. ??????????? ???????? ??????????? ??????? ?????????? (35) ?????? ???????? ??????? ???????????? ???????...,mal,madhyamam,Madhyamam,fake news,4e8f040d-f180-4340-869f-5812f68792df,article,MassiveSum
https://www.madhyamam.com/kerala/local-news/palakkad/--523274,,എടപ്പാളിൽ ഒരു വയസ്സുകാരന്​ സമ്പര്‍ക്കത്തിലൂടെ കോവിഡ്​,,"അഞ്ച് മാസം പ്രായമായ കുഞ്ഞി​ൻെറ ഫലം ഇന്ന്​ എടപ്പാൾ: ഡോക്​ടർക്ക്​ കോവിഡ്​ സ്​ഥിരീകരിച്ച ശുകപുരം ആശുപത്രിയില്‍ കിടത്തി ചികിത്സക്ക്​ വിധേയനായ ഒരു വയസ്സുകാരനടക്കം രണ്ടുപേർക്ക്​​ കോവിഡ്​. മാറഞ്ചേരി കാഞ്ഞിരമുക്ക് സ്വദേശിനിയായ നഴ്സിങ് അസിസ്​റ്റൻറ് (36), എടപ്പാള്‍ അയിലക്കാ​ട്ടെ ഒരു വയസ്സുകാരന്‍ എന്നിവര്‍ക്കാണ് സമ്പര്‍ക്കത്തിലൂടെ രോഗം ബാധിച്ചത്. ജൂണ്‍ 28ന് രോഗം സ്ഥിരീകരിച്ച എടപ്പാള്‍ ആശുപത്രിയിലെ ഡോക്ടറുമായി ഇടപഴകിയവരാണിവർ. ഒരു വയസ്സുകാര​ൻെറ ഗൾഫിൽ നിന്നെത്തിയ ബന്ധുവും, ഇയാളുടെ അഞ്ച് മാസം പ്രായമായ കുഞ്ഞും കുറച്ചുദിവസം ശുകപുരം ആശുപത്രിയിൽ കിടത്തിചികിത്സക്ക് വിധേയരായിരുന്നു. എന്നാൽ, ഗൾഫിൽ നിന്നെത്തിയയാളുടെയും മറ്റ്​ ബന്ധുക്കളുടെയും ഫലം നെഗറ്റീവാണ്. രോഗലക്ഷണങ്ങൾ പ്രകടമല്ലെങ്കിലും, അഞ്ച് മാസം പ്രായമായ കുഞ്ഞി​ൻെറ സ്രവ പരിശോധന വെള്ളിയാഴ്ച വീണ്ടും നടത്തി. ഫലം ശനിയാഴ്​ചയറിയും. ഒരു വയസ്സുകാരന് എങ്ങനെയാണ്​ രോഗം ബാധിച്ചതെന്ന് കണ്ടെത്താൻ പരിശോധന തുടരുകയാണ്​. എടപ്പാൾ ആശുപത്രിയിലെ നഴ്സിങ് അസിസ്​റ്റൻറും, കുട്ടികളുടെ വിഭാഗം ഡോക്ടറും ആശുപത്രി കെട്ടിടത്തി​ൽ ഒരേ നിലയിലായിരുന്നു പ്രവർത്തിച്ചിരുന്നത്. ജൂൺ 25 മുതൽ അവധിയിലായിരുന്ന നഴ്സിങ് അസിസ്​റ്റൻറിനെ​ ജൂൺ 28ന് രോഗലക്ഷണങ്ങൾ കണ്ടതിനെതുടർന്ന് മഞ്ചേരിയിലെത്തിച്ച്​ പരിശോധിക്കുകയായിരുന്നു. അതേസമയം, കഴിഞ്ഞ ദിവസം രണ്ട് സ്വകാര്യാശുപത്രികളിൽ പരിശോധന നടത്തിയതിൽ ലക്ഷണങ്ങളുള്ളതായി സംശയം തോന്നിയ മൂന്ന് പേരെ വീണ്ടും പരിശോധിച്ചതി​ൻെറ ഫലം നിർണായകമാണ്.",എടപ്പാളിൽ ഒരു വയസ്സുകാരന്​ സമ്പര്‍ക്കത്തിലൂടെ കോവിഡ്​,mal,madhyamam,Madhyamam,fake news,a2946706-b643-4e8a-a04a-e05b42e94b62,article,MassiveSum
https://www.madhyamam.com/india/pulwama-attack-curfew-relaxed-two-hours-india-news/594056,,പുൽവാമ ഭീകരാക്രമണം: ജമ്മുവിൽ മൂന്നുമണിക്കൂർ കർഫ്യു ഇളവ്​,,"ജമ്മു: പുൽവാമ ഭീകരാക്രമണത്തി​​െൻറ പശ്ചാത്തലത്തിൽ ജമ്മുവിൽ ഏർപ്പെടുത്തിയ കർഫ്യുവിൽ ഇളവു വരുത്തി. ജമ്മു നഗരത് തിൽ മൂന്നു മണിക്കൂർ കർഫ്യു ഇളവു വരുത്തിയതായി ഡെപ്യൂട്ടി കമീഷൻ രാകേഷ്​ കുമാർ അറിയിച്ചു.

രാവിലെ എട്ടു മണിമുത ൽ 11 മണിവരെയാണ്​ കർഫ്യു പിൻവലിക്കുക. സ്ഥിതിഗതികൾ വിലയിരുത്തിയ ശേഷമേ കർഫ്യു പൂർണമായി പിൻവലിക്കുന്നത്​ സംബന്ധിച്ച തീരുമാനമെടുക്കൂയെന്നും ഡെപ്യൂട്ടി കമീഷണർ അറിയിച്ചു. ജമ്മുവിൽ വിദ്യാഭ്യാസ സ്ഥാപനങ്ങൾ ഇന്നും അടഞ്ഞുകിടക്കുകയാണ്​.

കഴിഞ്ഞ ദിവസം ജമ്മുവിലെ മൂന്ന്​ പൊലീസ്​ സ്​റ്റേഷൻ പരിധിയിൽ കർഫ്യു രണ്ട്​ മണിക്കൂർ പിൻവലിച്ചിരുന്നു. പുൽവാമ ഭീകരാക്രമണത്തി​​െൻറ പശ്ചാത്തലത്തിൽ ജമ്മുകശ്​മീരിൽ വൻ പ്രക്ഷോഭങ്ങൾ നടന്നിരുന്നു.",ജമ്മു: പുൽവാമ ഭീകരാക്രമണത്തി​​െൻറ പശ്ചാത്തലത്തിൽ ജമ്മുവിൽ ഏർപ്പെടുത്തിയ കർഫ്യുവിൽ ഇളവു വരുത്തി. ജമ്മു നഗരത്   തിൽ മൂന്നു മണിക്കൂർ കർഫ്യു ഇളവു വരുത്തിയതായി ഡെപ്യൂട്ടി കമീഷൻ രാകേഷ്​ കുമാർ അറിയിച്ചു....,mal,madhyamam,Madhyamam,fake news,c0ff63c0-502a-41e1-8683-d36f874bed5f,article,MassiveSum
https://www.madhyamam.com/kerala/vs-achuthanandan-kerala-news/2017/dec/05/389848,,ഭരണവും ജനങ്ങളും തമ്മിൽ വലിയ വിടവ്​ -വി.എസ്,,"തിരുവനന്തപുരം: ഭരണയന്ത്രവും ജനങ്ങളും തമ്മിൽ വലിയ വിടവാണ്​ നിലനിൽക്കുന്നതെന്നും ഏറ്റവും​ വലിയ നീതിനിഷേധമാണിതെന്നും ഭരണപരിഷ്​കാര കമീഷൻ അധ്യക്ഷൻ വി.എസ്​. അച്യുതാനന്ദൻ. മന്ത്രിമാരും സെക്ര​േട്ടറിയറ്റും ഉദ്യോഗസ്ഥരും ജനങ്ങൾക്കു വേണ്ടിയാണെന്നും ജനങ്ങളാണ്​ അതു നിലനിർത്തുന്നതെന്നും അദ്ദേഹം ഒാർമപ്പെടുത്തി. സ്​ത്രീകളുടെയും കുട്ടികളുടെയും ക്ഷേമം സംബന്ധിച്ച്​ ഭരണപരിഷ്​കാര കമീഷൻ സംഘടിപ്പിച്ച ഹിയറിങ്ങിൽ സംസാരിക്കുകയായിരുന്നു വി.എസ്​.

ജനാധിപത്യ സംവിധാനത്തിൽ ജനങ്ങളോട്​​ മാത്രമാണ്​ സർക്കാറിന്​ ബാധ്യത. ആ ബാധ്യത നിറവേറ്റുന്ന സങ്കീർണമായ പ്രവർത്തനത്തെയാണ്​ ഭരണം എന്നു പറയുക. എല്ലാ വിഭാഗം ജനങ്ങളിലേക്കും ഇറങ്ങിച്ചെല്ലുന്നതു കൂടിയാണ്​ നല്ല ഭരണം. എന്തെല്ലാം വിമർശനങ്ങളുണ്ടെങ്കിലും മറ്റു സംസ്ഥാനങ്ങളിൽനിന്ന്​ വ്യത്യസ്​തമായി ജനാധിപത്യ മികവുണ്ടെന്നത്​ നമ്മുടെ സ്വകാര്യ അഹങ്കാരമാണ്​. പല ഘടകങ്ങളാണ്​ ഇത്തരമൊരു മികവിനു കാരണം. എന്നാൽ, കാലതാമസവും ഉദ്യോഗസ്​ഥ മേധാവിത്വവും കാര്യക്ഷമതയുടെ കുറവും വലിയ പരാതിയായി നിലനിൽക്കുന്നു.

സർക്കാറിൽനിന്നുള്ള സേവനം ജനങ്ങളുടെ അവകാശമാണെങ്കിലും പലപ്പോഴും അതു ലംഘിക്കപ്പെടുന്നതായാണ്​ കാണുന്നത്​. ഭരണകൂടവും ജനങ്ങളും തമ്മി​െല പാരസ്​പര്യമാണ്​ ജനാധിപത്യത്തി​​െൻറ ശക്​തി. തുല്യനീതി നിഷേധിക്കപ്പെടു​േമ്പാഴാണ്​ ഒരു വിഭാഗം പാർശ്വവത്​കരിക്കപ്പെടുന്നത്​. ഇത്തരം വിഭാഗങ്ങളെ ഉയർത്തിക്കൊണ്ടു വരാൻ പല പദ്ധതികളും ആവിഷ്​കരിക്കുന്നുണ്ടെങ്കിലും അർഹരിൽ എത്തുന്നില്ലെന്നും വി.എസ്​ കുറ്റപ്പെടുത്തി. ഇത്തരം പ്രശ്​നങ്ങൾ പരിഹരിക്കുന്നതിനുള്ള പ്രതിവിധിയാണ്​ ഭരണപരിഷ്​കാര കമീഷൻ നിർദേശിക്കുന്നതെന്നും വി.എസ്​. വിശദീകരിച്ചു.",തിരുവനന്തപുരം: ഭരണയന്ത്രവും ജനങ്ങളും തമ്മിൽ വലിയ വിടവാണ്​ നിലനിൽക്കുന്നതെന്നും ഏറ്റവും​ വലിയ നീതിനിഷേധമാണിതെന്നും ഭരണപരിഷ്​കാര കമീഷൻ അധ്യക്ഷൻ വി.എസ്​. അച്യുതാനന്ദൻ. മന്ത്രിമാരും സെക്ര​േട്ടറിയറ്റും...,mal,madhyamam,Madhyamam,fake news,97a861f6-6dfe-4f82-9d97-c242d0da3b35,article,MassiveSum
https://www.madhyamam.com/local-news/kannur/2018/jan/05/409337,,റ​ബ​ര്‍ ക​ര്‍​ഷ​ക​രെ സ​ഹാ​യി​ക്കാ​നാ​യി സം​സ്ഥാ​ന സ​ര്‍​ക്കാ​ര്‍ ന​ല്‍​കിവ​ന്നി​രു​ന്ന സ​ഹാ​യപ​ദ്ധ​തി​യും ആ​റുമാ​സ​ത്തോ​ള​മാ​യി ക​ര്‍​ഷ​ക​ര്‍​ക്ക് ല​ഭി​ക്കു​ന്നി​ല്ല; റ​ബ​ര്‍ ക​ര� | Madhyamam,,"-കേളകം: ഒരുകിലോ റബര്‍ഷീറ്റ് വിറ്റാല്‍ ഒരുകിലോ മത്തി വാങ്ങാൻ പണം തികയുന്നില്ലെന്ന് റബര്‍ കര്‍ഷകരുടെ പരിദേവനം. പ്രതിസന്ധിയില്‍പെട്ടിരിക്കുന്ന റബര്‍ കര്‍ഷകരെ സഹായിക്കാനായി സംസ്ഥാന സര്‍ക്കാര്‍ നല്‍കിവന്നിരുന്ന സഹായപദ്ധതിയും ആറുമാസത്തോളമായി കര്‍ഷകര്‍ക്ക് ലഭിക്കുന്നില്ല. ഇതിനുള്ള തുക സംസ്ഥാന സര്‍ക്കാര്‍ റബര്‍ ബോര്‍ഡിനു നല്‍കാത്തതാണ് വിതരണം മുടങ്ങാന്‍ കാരണം. ഒരുകിലോ റബര്‍ഷീറ്റിന് 125 രൂപയാണ് ലഭിക്കുന്നത്. റബര്‍ ബോര്‍ഡ് നിശ്ചയിച്ചിരിക്കുന്ന വിലയില്‍നിന്ന് പലപ്പോഴും താഴ്ന്നാണ് കര്‍ഷകര്‍ക്ക് ലഭിക്കുന്നത്. റബര്‍വില ഇങ്ങനെ ഇടിയുന്ന സാഹചര്യത്തിലാണ് റബറിന് സര്‍ക്കാര്‍ 150 രൂപ സഹായവില നിശ്ചയിച്ചത്. വില 150 രൂപയില്‍ താഴ്ന്നാല്‍ ബാക്കിവരുന്ന തുക സബ്സിഡിയായി കര്‍ഷകര്‍ക്ക് ബാങ്ക് അക്കൗണ്ടിലൂടെ ലഭിക്കും. പട്ടയമുള്ള കൃഷിഭൂമി രജിസ്റ്റര്‍ചെയ്തവര്‍ക്കാണ് സബ്സിഡിക്ക് അര്‍ഹത. റബര്‍ ഉല്‍പാദക സഹകരണ സംഘത്തില്‍ ഷീറ്റ് വില്‍ക്കുന്നതി‍​െൻറ ബില്ല് റബര്‍ ബോര്‍ഡില്‍ ഓണ്‍ലൈന്‍ വഴി അയച്ചുകൊടുക്കണം. ഇത്തരത്തില്‍ കഴിഞ്ഞ ആറുമാസത്തെ ബില്ലുകള്‍ അപ്ലോഡ്ചെയ്ത് അയച്ച കര്‍ഷകര്‍ക്കാണ് തുക ലഭിക്കാന്‍ വൈകുന്നത്. വര്‍ഷത്തില്‍ 100-, 120 ദിവസമാണ് റബര്‍ ടാപ്പിങ് നടക്കുന്നത്. ടാപ്പുചെയ്യുന്ന തൊഴിലാളിക്ക് മരമൊന്നിന് ദിവസം രണ്ടുരൂപ നല്‍കണം. ഒരേക്കർ സ്ഥലത്തിന് ഏകദേശം ഇത് 400 രൂപയാവും. ഇത്രയും പണം നല്‍കി റബര്‍മരം വെട്ടി പാലെടുത്ത് ഷീറ്റ് വില്‍ക്കുേമ്പാള്‍ കര്‍ഷകര്‍ക്ക് നഷ്ടക്കണക്കുകളാണ് പറയാനുള്ളത്. അതിനിടെ വേനൽ കനത്തതോടെ റബറി​െൻറ ഇലപൊഴിച്ചിലും ഉൽപാദനം കുറയാൻ കാരണമായിട്ടുണ്ട്. റബര്‍വില ഇടിഞ്ഞുനില്‍ക്കുന്ന ഘട്ടത്തില്‍ അവശ്യവസ്തുക്കളുടെ വിലക്കയറ്റവും കര്‍ഷകര്‍ക്ക് ഇരുട്ടടിയായി.",-കേളകം: ഒരുകിലോ റബര്‍ഷീറ്റ് വിറ്റാല്‍ ഒരുകിലോ മത്തി വാങ്ങാൻ പണം തികയുന്നില്ലെന്ന് റബര്‍ കര്‍ഷകരുടെ പരിദേവനം. പ്രതിസന്ധിയില്‍പെട്ടിരിക്കുന്ന റബര്‍ കര്‍ഷകരെ സഹായിക്കാനായി സംസ്ഥാന സര്‍ക്കാര്‍...,mal,madhyamam,Madhyamam,fake news,6cc0911d-4b1d-4137-9aa7-097c33751744,article,MassiveSum
https://www.madhyamam.com/local-news/kozhikode/2018/jan/14/415284,,മുത്തലാഖ്​ നിരോധനം: സർക്കാർ പിന്മാറണം ^എം.ഇ.എസ്,,"മുത്തലാഖ് നിരോധനം: സർക്കാർ പിന്മാറണം -എം.ഇ.എസ് കോഴിക്കോട്: മുത്തലാഖ് നിയമംമൂലം നിരോധിക്കാനുള്ള കേന്ദ്രസർക്കാർ നീക്കം ഉപേക്ഷിക്കണമെന്ന് എം.ഇ.എസ് കോഴിക്കോട് ജില്ല കമ്മിറ്റി േയാഗം ആവശ്യപ്പെട്ടു. ജില്ല പ്രസിഡൻറ് സി.ടി. സക്കീർ ഹുസൈൻ അധ്യക്ഷത വഹിച്ചു. സെക്രട്ടറി പി.കെ. അബ്ദുൽ ലത്തീഫ്, പി.എച്ച്. മുഹമ്മദ്, ജോ. സെക്രട്ടറി എ.ടി.എം. അഷ്റഫ്, വൈസ് പ്രസിഡൻറ് പി.പി. അബ്ദുല്ലക്കുട്ടി, ജോ. സെക്രട്ടറി കെ.എം.ഡി. മുഹമ്മദ്, കൺവീനർ ബി.എം. സുധീർ, യൂത്ത് വിങ് പ്രസിഡൻറ് നവാസ് കോയിശ്ശേരി, ജമാൽ, എൻ.പി.സി. നാസർ, ടി.കെ.സി. മുഹമ്മദ്, കെ. അബ്ദുൽ അസീസ്, ആർ.കെ. ഷാഫി, കോയിശ്ശേരി ഉസ്മാൻ, റിയാസ് നേരോത്ത്, ടി.സി. അഹമ്മദ്, പി.ടി. അസൈൻകുട്ടി, ഹസൻ തിക്കോടി, എം.എം. ഹുസൈൻ, കെ. ഫൈസൽ എന്നിവർ സംസാരിച്ചു.",മുത്തലാഖ് നിരോധനം: സർക്കാർ പിന്മാറണം -എം.ഇ.എസ് കോഴിക്കോട്: മുത്തലാഖ് നിയമംമൂലം നിരോധിക്കാനുള്ള കേന്ദ്രസർക്കാർ നീക്കം ഉപേക്ഷിക്കണമെന്ന് എം.ഇ.എസ് കോഴിക്കോട് ജില്ല കമ്മിറ്റി േയാഗം,mal,madhyamam,Madhyamam,fake news,ca0fe48e-9ff9-422b-95d3-c196359853bc,article,MassiveSum
https://www.madhyamam.com/gulf-news/qatar/events-qatar-gulf-news/2017/aug/04/306833,,ഒ​രു കോ​ടി ഡോ​ള​ർ വാ​ഗ്​​ദാ​നം ചെ​യ്​​തി​ട്ടും ‘ത​മീം അ​ൽ മ​ജ്ദ്​’ ചി​ത്രം വി​ൽ​ക്കാ​തെ അ​ഹ്​​മ​ദ്​ അ​ൽ മ​ദീ​ദ്​,,"ദോ​ഹ: ര​ണ്ടു മാ​സ​ത്തോ​ള​മാ​യി ഖ​ത്ത​ർ എ​ന്ന കൊ​ച്ചു​രാ​ജ്യ​ത്തി​െ​ൻ​റ പ​രി​േഛ​ദ​മാ​ണ്​ ‘ത​മീം അ​ൽ മ​ജ്​​ദ്​’ എ​ന്ന ചി​ത്രം. അയൽ രാജ്യങ്ങളുടെ വെ​ല്ലു​വ​ിളി​ക​ളി​ൽ ത​ള​രാ​തെ പി​ടി​ച്ചു​നി​ൽ​ക്കു​ന്ന രാ​ജ്യ​ത്തി​െ​ൻ​റ അ​ഭി​മാ​ന​ത്തി​െ​ൻ​റ പ്ര​തീ​ക​മാ​യി മാ​റി​യി​രി​ക്കു​ന്നു ചു​രു​ങ്ങി​യ ദി​വ​സം കൊ​ണ്ട്​ അ​മീ​ർ ശൈ​ഖ്​ ത​മീം ബി​ൻ ഹ​മ​ദ്​ ആ​ൽ​ഥാ​നി​യു​ടെ ‘ശ്രേ​ഷ്​​ഠ​നാ​യ ത​മീം’ എ​ന്ന​ർ​ഥം വ​രു​ന്ന ഇൗ ​ചി​ത്രം. ജ​ന​ മ​ന​സ്സു​ക​ളി​ൽ നേ​ര​ത്തേ ത​ന്നെ അ​ന​ശ്വ​ര​നാ​യ രാ​ജ്യ​ത്തി​െ​ൻ​റ ഭ​ര​ണാ​ധി​കാ​രി​യെ മ​റ്റൊ​രു ത​ല​ത്തി​ലേ​ക്കു​യ​ർ​ത്തി​യ ഇൗ ​ചി​ത്രം വ​ര​ച്ച​ത്​ അ​ഹ്​​മ​ദ്​ ബി​ൻ മ​ജീ​ദ്​ അ​ൽ മ​ദീ​ദ്​ എ​ന്ന സ്വ​ദേ​ശി യു​വാ​വാ​യി​രു​ന്നു.

അ​ദ്ദേ​ഹം വ​ര​ച്ച ഇ​ല്ല​സ്​​ട്രേ​ഷ​ൻ രീ​തി​യി​ലു​ള്ള ചി​ത്രം അ​തി​വേ​ഗ​മാ​ണ്​ ത​രം​ഗ​മാ​യ​ത്. ചി​ത്ര​ത്തി​െ​ൻ​റ വ​ലി​യ പ​ക​ർ​പ്പു​ക​ൾ സൃ​ഷ്​​ടി​ച്ച ജ​ന​ങ്ങ​ൾ രാ​ജ്യ​ത്തി​െ​ൻ​റ മു​ക്കി​ലും മൂ​ല​യി​ലും അ​വ സ്ഥാ​പി​ക്കു​ക​യും കൂ​ട്ടം​കൂ​ട്ട​മാ​യി ​ െഎ​ക്യ​ദാ​ർ​ഢ്യ ഒ​പ്പു​ക​ൾ ചാ​ർ​ത്തു​ക​യും ചെ​യ്​​തു. ഇൗ ​ചി​ത്രം സ്ഥാ​പി​ക്ക​ലും പ​ര​മാ​വ​ധി ആ​ളു​ക​ളെ കൊ​ണ്ട്​ ഒ​പ്പി​ടു​വി​ക്ക​ലും രാ​ജ്യ​സ്​​നേ​ഹ​ത്തി​െ​ൻ​റ അ​ള​വു​കോ​ലാ​യി മാ​റു​ന്ന അ​വ​സ്ഥ​യാ​യി മാ​റി ദി​വ​സ​ങ്ങ​ൾ​ക്കു​ള്ളി​ൽ. എ​വി​ടെ തി​രി​ഞ്ഞു​നോ​ക്കി​യാ​ലും ‘ത​മീം അ​ൽ മ​ജ്​​ദ്​’ ചി​ത്ര​ങ്ങ​ൾ. കെ​ട്ടി​ട​ങ്ങ​ളു​ടെ മു​ക​ളി​ൽ വ​ൻ ബാ​ന​റു​ക​ളാ​യും വാ​ഹ​ന​ങ്ങ​ൾ​ക്കു​മേ​ൽ സ്​​റ്റി​ക്ക​റു​ക​ളാ​യും ചി​ത്രം നി​റ​ഞ്ഞു. ഇ​തോ​ടെ ചി​ത്രം വ​ര​ച്ച അ​ഹ്​​മ​ദ്​ അ​ൽ മ​ദീ​ദി​െ​ൻ​റ പ്ര​ശ​സ്​​തി​യും വാ​നോ​ള​മു​യ​ർ​ന്നു. ഒ​റി​ജി​ന​ൽ ചി​ത്ര​ത്തി​ന്​ വ​ൻ തു​ക വാ​ഗ്​​ദാ​നം നി​ര​വ​ധി പേ​രെ​ത്തി. ഒ​ര​ു​ കോ​ടി ഡോ​ള​ർ വ​രെ വാ​ഗ്​​ദാ​നം ചെ​യ്​​തി​ട്ടും ചി​ത്രം വി​ൽ​ക്കാ​ൻ അ​ഹ്​​മ​ദ്​ ത​യാ​റാ​യി​ല്ല. അ​മീ​റി​ന്​ നേ​രി​ട്ട്​ ചി​ത്രം കൈ​മാ​റ​ണ​മെ​ന്ന​താ​യി​രു​ന്നു അദ്ദേഹത്തി​​​​െൻറ മോ​ഹം. ഒ​ടു​വി​ൽ അ​തും സാ​ധി​ച്ചു. ദി​വ​സ​ങ്ങ​ൾ​ക്കു​മു​മ്പ്​ കൊ​ട്ടാ​ര​ത്തി​ലെ​ത്തി ചി​ത്രം അ​മീ​റി​ന്​ കൈ​മാ​റി.

ഖ​ത്ത​റി​നെ​തി​രെ ഉ​പ​രോ​ധം പ്ര​ഖ്യാ​പി​ക്ക​പ്പെ​ട്ട്​ മ​ണി​ക്കൂ​റു​ക​ൾ​ക്ക​ക​മാ​ണ്​ അ​ഹ്​​മ​ദ്​ അ​ൽ മ​ദീ​ദി​െ​ൻ​റ വി​രലു​ക​ളി​ൽ​നി​ന്ന്​ ഇൗ ​ചി​ത്രം പി​റ​ക്കു​ന്ന​ത്. ബ്ലാ​ക്ക്​ ആ​ൻ​റ്​ വൈ​റ്റി​ലു​ള്ള ഇ​ല്ല​സ്​​ട്രേഷ​നി​ൽ അ​റ​ബി​ക്​ കാ​ലി​ഗ്ര​ഫി​യി​ൽ ത​മീം അ​ൽ മ​ജ്​​ദ്​ എ​ന്ന്​ എ​ഴു​തി​യ ശേ​ഷം ത​െ​ൻ​റ ട്വി​റ്റ​ർ, ഇ​ൻ​സ്​റ്റ​ഗ്രാം അ​ക്കൗ​ണ്ടു​ക​ളി​ൽ അ​ഹ്​​മ​ദ്​ പോ​സ്​​റ്റ്​ ചെ​യ്​​ത ചി​ത്രം മ​ണി​ക്കൂ​റ​ുക​ൾ​ക്കം വൈ​റ​ലാ​യി. അ​മീ​റി​െ​ൻ​റ സ​ഹോ​ദ​ര​ൻ ഇ​ത്​ റീ​ട്വീ​റ്റ്​ ചെ​യ്യു​ക കൂ​ടി ചെ​യ്​​ത​തോ​ടെ ചി​ത്രം അ​തി​വേ​ഗം പ്ര​ശ​സ്​​തി​യി​ലേ​ക്കു​യ​ർ​ന്നു. ​േപാ​സ്​​റ്റ​റു​ക​ളി​ലും സ്​റ്റി​ക്ക​റു​ക​ളി​ലും ഫ്ലാ​ഗു​ക​ളി​ലും എ​ന്തി​നേ​റെ ആ​ഭ​ര​ണ​ങ്ങ​ളി​ൽ വ​രെ ഇ​ത്​ ഇ​ടം​പി​ടി​ച്ചു. ചെ​റു​കി​ട പ​ര​സ്യ ഏ​ജ​ൻ​സി ന​ട​ത്തു​ന്ന അ​ഹ്​​മ​ദ്​ അ​ൽ മ​ദീ​ദ്​ നേ​ര​ത്തേ​യും ഇ​ത്ത​രം ചി​ത്ര​ങ്ങ​ൾ വ​ര​ച്ചി​ട്ടു​ണ്ട്. പിതാവ്​ അ​മീ​ർ ശൈ​ഖ്​ ഹ​മ​ദ്​ ബി​ൻ ഖ​ലീ​ഫ ആ​ൽഥാ​നി​യു​ടെ​യും ഭ​ര​ണ​കു​ടും​ബ​ത്തി​ലെ മ​റ്റു പ്ര​മു​ഖ​രു​ടെ​യും ചി​ത്ര​ങ്ങ​ളും തു​ർ​ക്കി പ്ര​സി​ഡ​ൻ​റ്​ റ​ജ​ബ്​ ത്വ​യ്യി​ബ്​ ഉ​ർ​ദു​ഗാ​െ​ൻ​റ ചി​ത്ര​ങ്ങ​ളു​മെ​ല്ലാം അ​വ​യി​ൽ ചി​ല​തു​മാ​ത്രം. രാ​ജ്യ​ത്തി​െ​ൻറ ച​രി​ത്ര​ത്തി​ൽ​നി​ന്നും സം​സ്​​കാ​ര​ത്തി​ൽ​നി​ന്നും പ്ര​ചോ​ദ​ന​മു​ൾ​ക്കൊ​ണ്ടാ​ണ്​ ത​െ​ൻ​റ വ​ര​യെ​ന്ന്​ അ​ഹ്​​മ​ദ്​ അ​ൽ മ​ദീ​ദ്​ പ​റ​യു​ന്നു.",ദോ​ഹ: ര​ണ്ടു മാ​സ​ത്തോ​ള​മാ​യി ഖ​ത്ത​ർ എ​ന്ന  കൊ​ച്ചു​രാ​ജ്യ​ത്തി​െ​ൻ​റ പ​രി​േഛ​ദ​മാ​ണ്​ ‘ത​മീം അ​ൽ മ​ജ്​​ദ്​’ എ​ന്ന ചി​ത്രം. അയൽ രാജ്യങ്ങളുടെ വെ​ല്ലു​വ​ിളി​ക​ളി​ൽ ത​ള​രാ​തെ...,mal,madhyamam,Madhyamam,fake news,a58ab225-4827-4b93-b905-f9c37b88bc15,article,MassiveSum
https://www.delfi.lv/calis/jaunumi/kad-sieviete-deg-uguntina-vina-var-visu-10-bernu-mamma-marina.d?id=52112639,https://www.delfi.lv/calis/jaunumi/kad-sieviete-deg-uguntina-vina-var-visu-10-bernu-mamma-marina.d?id=52112639,"'Kad sievietē deg uguntiņa, viņa var visu': 10 bērnu mamma Marina",,"Sievietes sūtība visupirms ir būt mātei, tad sievai, meitai, darba kolēģei un bērnu laišana pasaulē ir visdrošākais depozīts, tā saka rīdziniece Marina Šumane, kura kopā ar vīru Aleksandru audzina 10 bērnus. Vēl viņa uzskata, ka bērnu nevar būt par daudz, tieši tāpat kā mīlestības un laimes.

Sarunu ar Marinu par kuplās ģimenes izveidošanu, ikdienu un nākotnes sapņiem esam norunājušas jau pirms diviem mēnešiem, dažas dienas pēc viņas desmitā bērna piedzimšanas, atliekot garāku parunāšanu uz laiku, kad mazā māsiņa nedaudz paaugsies. Māsiņai Naomi tagad ir divi mēneši, bet ārkārtējās situācijas valstī dēļ nevaram tikties klātienē, tādēļ sarunājamies ar videozvana starpniecību. Patiesībā jau saruna ir tieši īstajā brīdī – neilgi pirms Mātes dienas, un Marinas stāstījumu veltām visām mammām, arī tām sievietēm, kuras vēl tikai vēlas un plāno mazuļus nākotnē.

Marinai ir 37 gadi un 10 bērni – 17 gadus vecais Samuels, 15 gadus vecā Sāra, 14 gadus vecā Mariama, 13 gadus vecais Abrams, 11 gadus vecā Roza, deviņus gadus vecā Rebeka, sešgadnieks Roberts, četrus gadus vecā Susanna, divgadnieks Filips un mazā Naomi. Pirmais bērniņš Marinai piedzima 20 gadu vecumā, kad viņa mācījās Latvijas Universitātes 1. kursā un arī apprecējās ar mīļoto Aleksandru. Kā tagad smejot vīrs, ar šādiem tempiem, kā sieva spēj iznēsāt un laist pasaulē mazuļus, viņi var tikt vismaz pie 12 bērniem, bet tas jau, protams, nav pašmērķis. Ģimene vienkārši jau pašā laulību sākumā vienojās, ka Marina visu sevi veltīs ģimenei un pieņems ikvienu bērniņu, kas tiks mīlestībā radīts. Ģimene ir ticīgi cilvēki, viņi arī apzinās, cik būtiski ir paļauties uz Dievu krīzes situācijās, kāda patlaban ir Latvijā saistībā ar Covid-19 izplatību, taču arī pašiem jāiegulda milzu enerģija, lai ģimene dzīvotu saticībā un arīdzan materiālā labklājībā.

Marina saviem vecākiem bija vienīgais bērns ģimenē. Kad viņa tika laista pasaulē, mammai bija 42 gadi. Nu jau divus gadus Marinas mamma uz kuplo mazbērnu pulciņu noraugās no debesu maliņas. ""Es biju viena pati un tik ļoti gribēju kādu māsu vai brāli. Man bija ļoti garlaicīgi augt vienai,"" atminas Marina. Turpretim Aleksandrs nāk no astoņu bērnu ģimenes, viņš bijis ceturtais pēc kārtas. Kad abi satikās, iemīlējās un kala savas ģimenītes plānus, Marina domājusi, ka grib daudz bērnu – ne tik daudz kā vīra ģimenē, bet varbūt piecus?","Sievietes sūtība visupirms ir būt mātei, tad sievai, meitai, darba kolēģei un bērnu laišana pasaulē ir visdrošākais depozīts, tā saka rīdziniece Marina Šumane, kura kopā ar vīru Aleksandru audzina 10 bērnus. Vēl viņa uzskata, ka bērnu nevar būt par daudz, tieši tāpat kā mīlestības un laimes.",mal,delfi,Delfi,fake news,24594a19-60d1-4227-be9f-1269fd9b1d4f,article,MassiveSum
https://www.madhyamam.com/gulf-news/qatar/falcon-fest-qatar-gulf-news/2018/jan/03/408114,https://www.madhyamam.com/gulf-news/qatar/falcon-fest-qatar-gulf-news/2018/jan/03/408114,മര്‍മി ഫാല്‍ക്കണ്‍ ഫെസ്റ്റിന് തുടക്കമായി,,"ദോ​ഹ: ഒ​മ്പ​താ​മ​ത് രാ​ജ്യാ​ന്ത​ര മ​ർ​മി ഫാ​ൽ​ക്ക​ൺ മേ​ള​ക്ക് സീ​ലൈ​നി​ൽ തു​ട​ക്ക​മാ​യി. ക​ഴി​ഞ്ഞ ദി​വ​സം ആ​രം​ഭി​ച്ച മേ​ള ഈ ​മാ​സം 27 വ​രെ നീ​ണ്ടു​നി​ൽ​ക്കും. ഗ​ൾ​ഫ് മേ​ഖ​ല​യി​ലെ ഏ​റ്റ​വും വ​ലി​യ ഫാ​ൽ​ക്ക​ൺ മേ​ള​ക​ളി​ലൊ​ന്നാ​യ മ​ർ​മി മേ​ള​യു​ടെ ആ​ദ്യ ദി​വ​സം ത​ന്നെ മി​ക​ച്ച പ്ര​ക​ട​ന​ങ്ങ​ളാ​ണ് ഫാ​ൽ​ക്ക​ണു​ക​ൾ ന​ട​ത്തി​യ​തെ​ന്ന് സം​ഘാ​ട​ക​ർ വ്യ​ക്ത​മാ​ക്കി. വ​രും ദി​വ​സ​ങ്ങ​ളി​ൽ വി​വി​ധ മ​ത്സ​ര​ങ്ങ​ളി​ൽ മു​ന്നി​ലെ​ത്തു​ന്ന​തി​ന് ക​ടു​ത്ത മ​ത്സ​ര​മാ​യി​രി​ക്കും ന​ട​ക്കു​ക​. ആ​ദ്യ ദി​വ​സ​ത്തെ മ​ത്സ​ര​ഫ​ല​ങ്ങ​ൾ ഇതാണ്​ വ്യ​ക്ത​മാ​ക്കു​ന്നതെ​ന്നും അ​ധി​കൃ​ത​ർ പറഞ്ഞു.

400 മീ​റ്റ​ർ 19 സെ​ക​ൻ​ഡെ​ന്ന റെ​ക്കോ​ർ​ഡും ആ​ദ്യ​ദി​വ​സം മ​റി​ക​ട​ക്ക​പ്പെ​ട്ടു. നാ​സ​ർ അ​ൽ ഹു​മൈ​ദി​യു​ടെ അ​ൽ ജ​സീ​റ എ​ന്ന പേ​രു​ള്ള ഫാ​ൽ​ക്ക​ൺ 18.90 സെ​ക​ൻ​ഡി​ലാ​ണ് 400 മീ​റ്റ​റി​ലെ റെ​ക്കോ​ർ​ഡ് മ​റി​ക​ട​ന്ന​ത്. 55 പേ​രാ​ണ് ആ​ദ്യ ദി​വ​സ​ത്തെ മ​ത്സ​ര​ത്തി​ൽ പ​ങ്കെ​ടു​ത്ത​ത്. ഇ​തി​ൽ 10 പേ​ർ അ​ടു​ത്ത റൗ​ണ്ടി​ലേ​ക്ക് യോ​ഗ്യ​ത നേ​ടി. നാ​സ​ർ മു​ഹ​മ്മ​ദ് അ​ൽ ഹു​മൈ​ദി, അ​ബ്ദു​ല്ല സ​ഈ​ദ് അ​ൽ നു​ഐ​മി, സ​ലീം സ​അ​ദ് മു​ൻ​ഖ​ർ, സ​ഈ​ദ് അ​തീ​ഖ് അ​ൽ ബു​റൈ​ദി, ഖാ​ല​ദ് റാ​ഷി​ദ് അ​ബ അ​ൽ സ​മ​ത്, മു​ഹ​മ്മ​ദ് യൂ​സു​ഫ് അ​ൽ മ​ന്നാ​ഈ, ഹി​ലാ​ൽ സ​അ​ദ് മു​ഹ​ന്ന​ദി, മു​സ്​​ന​ദ് അ​ൽ മു​ഹ​ന്ന​ദി, അ​ബ്ദു​ല്ല അ​ബ്ദു​ൽ ഹാ​ദി, ഖാ​ലി​ദ് അ​ൽ മ​ർ​രി എ​ന്നി​വ​രാ​ണ് ര​ണ്ടാം റൗ​ണ്ടി​ലേ​ക്ക് യോ​ഗ്യ​ത നേ​ടി​യ​ത്.

ഖ​ത്ത​രി യു​വ​ത​ക്കും പ്രി​യ​പ്പെ​ട്ട രാ​ജ്യ​ത്തി​നും മേ​ള സ​മ​ർ​പ്പി​ക്കു​ക​യാ​ണെ​ന്നും പ്ര​ത്യേ​കി​ച്ച് വേ​ട്ട​ക്കാ​ർ​ക്കും ഫാ​ൽ​ക്ക​ൺ േപ്ര​മി​ക​ൾ​ക്കും മി​ക​ച്ച അ​വ​സ​രം ന​ൽ​കു​ക​യാ​ണി​തി​ലൂ​ടെ​യെ​ന്നും 1700ഓ​ളം യു​വാ​ക്ക​ളാ​ണ് മേ​ള​യി​ൽ പ​ങ്കെ​ടു​ക്കു​ന്ന​തെ​ന്നും സം​ഘാ​ട​ക സ​മി​തി ചെ​യ​ർ​മാ​നും ക​താ​റ അ​ൽ ഗ​ന്നാ​സ്​ സൊ​സൈ​റ്റി പ്ര​സി​ഡ​ൻ​റു​മാ​യ അ​ലി ബി​ൻ ഖാ​തം അ​ൽ മ​ഹ്ഷ​ദി ഖ​ത്ത​ർ വാ​ർ​ത്താ ഏ​ജ​ൻ​സി​യോ​ട് പ​റ​ഞ്ഞു. ആ​ദ്യ വ​ർ​ഷ​ങ്ങ​ളി​ൽ ഹു​ബാ​റ പ​ക്ഷി​ക​ളെ​യാ​യി​രു​ന്നു മ​ത്സ​ര​ങ്ങ​ളി​ൽ ഉ​പ​യോ​ഗി​ച്ചി​രു​ന്ന​ത്​. എ​ന്നാ​ൽ അ​തിെ​ൻ​റ സം​ര​ക്ഷ​ണം അ​നി​വാ​ര്യ​മാ​യ സാ​ഹ​ച​ര്യ​ത്തി​ൽ ഏ​ഴ് വ​ർ​ഷ​മാ​യി ഇ​ല​ക്േ​ട്രാ​ണി​ക് ഹു​ബാ​റ​യാ​ണ് ഉ​പ​യോ​ഗി​ച്ചി​രു​ന്ന​തെ​ന്നും ഇ​ത് വ​ള​രെ വി​ജ​യ​ക​ര​മാ​യി​രു​ന്നു​വെ​ന്നും അ​ദ്ദേ​ഹം കൂ​ട്ടി​ച്ചേ​ർ​ത്തു. എ​ന്നാ​ൽ ഹു​ബാ​റ പ​ക്ഷി​ക​ൾ​ക്കാ​യി മാ​ത്രം സ്​​ഥാ​പി​ക്ക​പ്പെ​ട്ട ഫാ​മു​ക​ളി​ൽ വ​ലി​യ അ​ള​വി​ലാ​ണ് പ​ക്ഷി​ക​ളു​ടെ ഉ​ൽ​പാ​ദ​നം ന​ട​ക്കു​ന്ന​ത്​. അ​തി​നാ​ൽ വേ​ട്ട​യു​ടെ ത​നി​മ നി​ല​നി​ർ​ത്തു​ന്ന​തി​നും മ​ത്സ​രം ക​ടു​ത്ത​താ​ക്കു​ന്ന​തി​നും ഇ​ല​ക്േ​ട്രാ​ണി​ക് ഹു​ബാ​റ​ക്ക് പ​ക​രം ഈ ​വ​ർ​ഷം വീ​ണ്ടും യ​ഥാ​ർ​ഥ ഹു​ബാ​റ​യെ ഇ​റ​ക്കു​ന്നു​ണ്ടെ​ന്നും അ​ൽ മ​ഹ്ഷ​ദി ചൂ​ണ്ടി​ക്കാ​ട്ടി.

ക​ന​ത്ത മൂ​ട​ൽ മ​ഞ്ഞ് കാ​ര​ണം വൈ​കി​യാ​ണ് ഒ​ന്നാം ദി​വ​സ​ത്തെ രാ​വി​ലെ​യു​ള്ള മ​ത്സ​ര​ങ്ങ​ൾ ആ​രം​ഭി​ച്ച​തെ​ന്ന് സം​ഘാ​ട​ക സ​മി​തി​യം​ഗം മു​ബാ​റ​ക് താ​മി​ർ അ​ൽ സു​ബൈ​ഈ പ​റ​ഞ്ഞു. പ​ങ്കാ​ളി​ക​ളു​ടെ സു​ര​ക്ഷ ക​ണ​ക്കി​ലെ​ടു​ത്തും പ​ക്ഷി​ക​ൾ​ക്ക് ത​ങ്ങ​ളു​ടെ ല​ക്ഷ്യ​ത്തി​ലേ​ക്ക് കൃ​ത്യ​ത​യോ​ടെ എ​ത്തു​ന്ന​തി​നും വേ​ണ്ടി​യാ​ണി​തെ​ന്നും അ​ദ്ദേ​ഹം വ്യ​ക്ത​മാ​ക്കി. സീ​ലൈ​നി​ലെ സ​ബ​ഖ​ത് മ​ർ​മി​യി​ലാ​ണ് മ​ത്സ​ര​ങ്ങ​ൾ ന​ട​ക്കു​ക.",ദോ​ഹ: ഒ​മ്പ​താ​മ​ത് രാ​ജ്യാ​ന്ത​ര മ​ർ​മി ഫാ​ൽ​ക്ക​ൺ മേ​ള​ക്ക് സീ​ലൈ​നി​ൽ തു​ട​ക്ക​മാ​യി. ക​ഴി​ഞ്ഞ ദി​വ​സം ആ​രം​ഭി​ച്ച മേ​ള ഈ ​മാ​സം 27 വ​രെ നീ​ണ്ടു​നി​ൽ​ക്കും.  ഗ​ൾ​ഫ് മേ​ഖ​ല​യി​ലെ ഏ​റ്റ​വും,mal,madhyamam,Madhyamam,fake news,049b9e0c-7457-4c42-9ab9-2e31e79cca00,article,MassiveSum
https://www.madhyamam.com/local-news/palakkad/obit-news/653843,,ചരമം: രാമകൃഷ്ണൻ | Obit News | Madhyamam,,"പാലക്കാട്: കുഴൽമന്ദം കളപ്പെട്ടി പൊക്കാത്ത് വീട്ടിൽ രാമകൃഷ്ണൻ (80) നിര്യാതനായി. ഭാര്യ; നാണി, മക്കൾ; പത്മാവതി(റിട്ട.‍ അധ്യാപിക) ശബരി, പ്രിയ. മരുമകൻ -ജ‍യപ്രകാശ്, സഹോദരങ്ങൾ- ബാലസുബ്രഹ്മണ്യൻ (റിട്ട. പൊലീസ്), പരേതരായ സത്യഭാമ, കമലം.","പാലക്കാട്: കുഴൽമന്ദം കളപ്പെട്ടി പൊക്കാത്ത് വീട്ടിൽ രാമകൃഷ്ണൻ (80) നിര്യാതനായി. ഭാര്യ; നാണി, മക്കൾ; പത്മാവതി(റിട്ട.‍ അധ്യാപിക) ശബരി, പ്രിയ. മരുമകൻ -ജ‍യപ്രകാശ്, സഹോദരങ്ങൾ- ബാലസുബ്രഹ്മണ്യൻ (റിട്ട....",mal,madhyamam,Madhyamam,fake news,5b4ad69b-660f-445f-87fd-5db5a5863dce,article,MassiveSum
https://www.madhyamam.com/local-news/trivandrum/2018/feb/07/422723,,അറ്റകുറ്റപ്പണി: ഇന്ന്​ ട്രെയിൻ ഗതാഗത നിയന്ത്രണം,,തിരുവനന്തപുരം: ഷൊർണൂർ ജങ്ഷൻ യാർഡിൽ ട്രാക്ക് അറ്റകുറ്റപ്പണികൾ നടക്കുന്നതിനാൽ ബുധനാഴ്ച ഏതാനും െട്രയിനുകൾക്ക് നിയന്ത്രണം ഏർപ്പെടുത്തിയതായി റെയിൽവേ അറിയിച്ചു. നിയന്ത്രണങ്ങൾ ഇങ്ങെന: * ഡെറാഡൂൺ-കൊച്ചുവേളി സൂപ്പർ ഫാസ്റ്റ് (22660) ഷൊർണൂർ ജങ്ഷനിൽ 60 മിനിറ്റ് നിർത്തിയിടും. * കണ്ണൂർ-ആലപ്പുഴ എക്സിക്യൂട്ടിവ് എക്സ്പ്രസ് (16308) യാത്രക്കിടയിൽ 45 മിനിറ്റ് നിർത്തിയിടും. *കോഴിക്കോട്-തൃശൂർ പാസഞ്ചർ (56664) ഷൊർണൂർ ജങ്ഷനിൽ 20 മിനിറ്റ് നിർത്തിയിടും. * എറണാകുളം-കണ്ണൂർ ഇൻറർസിറ്റി എക്സ്പ്രസ് (16305) യാത്രക്കിടയിൽ 45 മിനിറ്റ് നിർത്തിയിടും. * ആലപ്പുഴ-ധൻബാദ് എക്സ്പ്രസ് (13352) യാത്രക്കിടയിൽ 30 മിനിറ്റ് നിർത്തിയിടും.,തിരുവനന്തപുരം: ഷൊർണൂർ ജങ്ഷൻ യാർഡിൽ ട്രാക്ക് അറ്റകുറ്റപ്പണികൾ നടക്കുന്നതിനാൽ ബുധനാഴ്ച ഏതാനും െട്രയിനുകൾക്ക് നിയന്ത്രണം ഏർപ്പെടുത്തിയതായി റെയിൽവേ അറിയിച്ചു.   നിയന്ത്രണങ്ങൾ ഇങ്ങെന: *...,mal,madhyamam,Madhyamam,fake news,84be5f54-be73-432d-af53-89d8489aab57,article,MassiveSum
https://www.madhyamam.com/local-news/kochi/2017/aug/28/323145,,പി. കൃഷ്ണപിള്ളയുടെയും പി.കെ. ചന്ദ്രാനന്ദ​െൻറയും കൊച്ചുമക്കൾ വിവാഹിതരായി,,"ആലപ്പുഴ: കമ്യൂണിസ്റ്റ് പാർട്ടിയുടെ സ്ഥാപക നേതാവ് പി. കൃഷ്ണപിള്ളയുടെ സഹോദരിയുടെ മകൻ പഴവീട് പദ്മാലയത്തിൽ മാധവൻനായരുടെയും പ്രസന്നയുടെയും മകൾ ശ്രീലക്ഷ്മിയും പുന്നപ്ര-വയലാർ സമരനായകരിൽ പ്രമുഖനും സി.പി.എമ്മി​െൻറ മുതിർന്ന നേതാവുമായിരുന്ന പി.കെ. ചന്ദ്രാനന്ദ​െൻറ മകൾ ഉഷയുടെയും അഡ്വ. ബി. വിനോദി​െൻറയും മകൻ രോഹിത്തും വിവാഹിതരായി. സി.പി.എം ജില്ല കമ്മിറ്റി ഒാഫിസായ ആലപ്പുഴ പി. കൃഷ്ണപിള്ള സ്മാരക ഹാളിൽ ഞായറാഴ്ച നടന്ന ലളിതമായ ചടങ്ങിൽ സി.പി.എം ജില്ല സെക്രട്ടറി സജി ചെറിയാൻ എടുത്തുകൊടുത്ത ചുവന്ന മാലയും താലിമാലയും ചാർത്തിയായിരുന്നു വിവാഹം. പി.കെ. ചന്ദ്രാനന്ദ​െൻറ ഭാര്യ സുഭദ്രയും വധൂവരന്മാരുടെ മാതാപിതാക്കളും മറ്റ് ബന്ധുമിത്രാദികളും പാർട്ടി നേതാക്കളായ ഡി. ലക്ഷ്മണൻ, എം. സുരേന്ദ്രൻ, ആർ. നാസർ, എ. മഹേന്ദ്രൻ, എ.എം. ആരിഫ് എം.എൽ.എ, പി.പി. ചിത്തരഞ്ജൻ, സി.എം.പി നേതാവ് സി.പി. ജോൺ തുടങ്ങിയവരും പെങ്കടുത്തു. അടിക്കുറിപ്പ്...... BT1, 2 -സി.പി.എം ആലപ്പുഴ ജില്ല കമ്മിറ്റി ഒാഫിസിൽ പി. കൃഷ്ണപിള്ളയുടെ സഹോദരിയുടെ കൊച്ചുമകൾ ശ്രീലക്ഷ്മിയും സി.പി.എം നേതാവ് പി.കെ. ചന്ദ്രാനന്ദ​െൻറ കൊച്ചുമകൻ രോഹിത്തും രക്തഹാരം അണിഞ്ഞ് വിവാഹിതരായപ്പോൾ. പാർട്ടി ജില്ല സെക്രട്ടറി കാർമികനായി ഇരുവർക്കും രക്തഹാരം കൈമാറി (ചിത്രം ബിമൽ തമ്പി)",ആലപ്പുഴ: കമ്യൂണിസ്റ്റ് പാർട്ടിയുടെ സ്ഥാപക നേതാവ് പി. കൃഷ്ണപിള്ളയുടെ സഹോദരിയുടെ മകൻ പഴവീട് പദ്മാലയത്തിൽ മാധവൻനായരുടെയും പ്രസന്നയുടെയും മകൾ ശ്രീലക്ഷ്മിയും പുന്നപ്ര-വയലാർ സമരനായകരിൽ പ്രമുഖനും...,mal,madhyamam,Madhyamam,fake news,942b19b7-86f7-4d1a-b78b-5138f9ec0bdc,article,MassiveSum
https://www.madhyamam.com/politics/rss-leaders-bjp-leadership-political-news/608491,,ലക്ഷ്യം 2021; ബി.ജെ.പി നേതൃത്വത്തിലേക്ക് കൂടുതൽ ആർ.എസ്.എസ് നേതാക്കൾ,,"കോ​ഴി​ക്കോ​ട്: ര​ണ്ടു​വ​ർ​ഷ​ത്തി​നു​ശേ​ഷ​മു​ള്ള നി​യ​മ​സ​ഭ തെ​ര​ഞ്ഞെ​ടു​പ്പ് ല​ക്ഷ്യ​മി​ട്ട് ബി.​ജെ.​പി​യി​ൽ സ​മ്പൂ​ർ​ണ പു​നഃ​സം​ഘ​ട​ന​ക്ക് ക​ള​മൊ​രു​ങ്ങു​ന്നു. ലോ​ക്സ​ഭ തെ​ര​ഞ്ഞെ​ടു​പ്പു​ഫ​ലം പു​റ​ത്തു​വ​ന്നാ​ലു​ട​ൻ ച​ർ​ച്ച ആ​രം​ഭി​ക്കു​മെ​ങ്കി​ലും ജൂ​ൺ-​ജൂ​ലൈ മാ​സ​ത്തോ​ടെ​യാ​യി​രി​ക്കും പു​നഃ​സം​ഘ​ട​ന. ബി.​ജെ.​പി നേ​തൃ​ത്വ​ത്തി​ലേ​ക്ക് കൂ​ടു​ത​ൽ ആ​ർ.​എ​സ്.​എ​സ് നേ​താ​ക്ക​ളെ നി​യോ​ഗി​ക്കു​മെ​ന്നും സം​സ്ഥാ​ന നേ​തൃ​ത്വ​ത്തി​ൽ സ​മ​ഗ്ര മാ​റ്റ​മു​ണ്ടാ​വു​മെ​ന്നും നേ​താ​ക്ക​ൾ പ​റ​യു​ന്നു.

സം​ഘ​ട​ന ജ​ന​റ​ൽ സെ​ക്ര​ട്ട​റി എം. ​ഗ​ണേ​ശ​ൻ ഉ​ൾ​െ​പ്പ​ടെ​യു​ള്ള നേ​താ​ക്ക​ൾ​ക്ക് സ്ഥാ​ന​ച​ല​നം ഉ​ണ്ടാ​വും. ഗ​ണേ​ശ​ന് പ​ക​രം തി​രു​വ​ന​ന്ത​പു​രം ലോ​ക്സ​ഭ മ​ണ്ഡ​ല​ത്തി​ൽ കു​മ്മ​നം രാ​ജ​ശേ​ഖ​ര​​​െൻറ തെ​ര​ഞ്ഞെ​ടു​പ്പ് പ്ര​ചാ​ര​ണ​ങ്ങ​ൾ​ക്ക് നേ​തൃ​ത്വം ന​ൽ​കി​യ വി​ജ്ഞാ​ന്‍ ഭാ​ര​തി മു​ന്‍ ജ​ന​റ​ല്‍ സെ​ക്ര​ട്ട​റി എ. ​ജ​യ​കു​മാ​ർ, ആ​റ്റി​ങ്ങ​ൽ ലോ​ക്സ​ഭ മ​ണ്ഡ​ല​ത്തി‍​​െൻറ ചു​മ​ത​ല​ക്കാ​ര​ൻ സു​ദ​ർ​ശ​ൻ, കോ​ട്ട​യം ലോ​ക്സ​ഭ മ​ണ്ഡ​ലം തെ​ര​ഞ്ഞെ​ടു​പ്പ് ചു​മ​ത​ല​ക്കാ​ര​ൻ ഹ​രി എ​ന്നി​വ​രു​ടെ പേ​രു​ക​ളാ​ണ് പ​രി​ഗ​ണി​ക്കു​ന്ന​ത്.

നി​ല​വി​ലെ ബി.​ജെ.​പി നേ​തൃ​ത്വ​ത്തോ​ട്​ ആ​ർ.​എ​സ്.​എ​സി​ന് അ​തൃ​പ്തി​യു​ണ്ട്. ശ​ബ​രി​മ​ല വി​ഷ​യം കൈ​കാ​ര്യം ചെ​യ്യു​ന്ന​തി​ൽ സം​സ്ഥാ​ന പ്ര​സി​ഡ​ൻ​റ്​ പി.​എ​സ്. ശ്രീ​ധ​ര​ൻ​പി​ള്ള​ക്ക് പാ​ളി​ച്ച സം​ഭ​വി​ച്ചെ​ന്ന അ​ഭി​പ്രാ​യം പാ​ർ​ട്ടി നേ​താ​ക്ക​ൾ​ക്കു​പു​റ​മെ ആ​ർ.​എ​സ്.​എ​സ് നേ​തൃ​ത്വ​ത്തി​നു​മു​ണ്ട്. ബി.​ജെ.​പി സം​സ്ഥാ​ന ഘ​ട​ക​ത്തി​ൽ മൂ​ർ​ച്ഛി​ച്ച ഗ്രൂ​പ്​ പോ​രി​ന് ത​ട​യി​ടാ​നാ​ണ് ആ​ർ.​എ​സ്.​എ​സ് നി​ർ​ദേ​ശ​പ്ര​കാ​രം പി.​എ​സ്. ശ്രീ​ധ​ര​ൻ​പി​ള്ള​യെ പ്ര​സി​ഡ​ൻ​റാ​ക്കി​യ​ത്. എ​ന്നാ​ൽ, അ​ദ്ദേ​ഹ​ത്തി​​​െൻറ വ​ര​വോ​ടെ പാ​ർ​ട്ടി​യി​ൽ കാ​ര്യ​ങ്ങ​ൾ കു​ഴ​ഞ്ഞു​മ​റി​ഞ്ഞു എ​ന്ന അ​ഭി​പ്രാ​യം ആ​ർ.​എ​സ്.​എ​സ് നേ​തൃ​ത്വം ബി.​ജെ.​പി കേ​ന്ദ്ര നേ​താ​ക്ക​ളെ ലോ​ക്സ​ഭ തെ​ര​ഞ്ഞെ​ടു​പ്പി​ന് മു​േ​മ്പ ധ​രി​പ്പി​ച്ചി​ട്ടു​ണ്ട്. ഇ​ത് പ​രി​ഗ​ണി​ച്ചാ​ൽ ബി.​ജെ.​പി സം​സ്ഥാ​ന പ്ര​സി​ഡ​ൻ​റി​നും പ​ക​ര​ക്കാ​ര​നു​ണ്ടാ​വും.

ഗ്രൂ​പ്പി​ന് അ​തീ​ത​മാ​യി​രി​ക്കും പു​നഃ​സം​ഘ​ട​ന​യെ​ന്ന്​ പ​റ​യു​മ്പോ​ഴും നേ​താ​ക്ക​ൾ ച​ര​ടു​വ​ലി​ക​ൾ ആ​രം​ഭി​ച്ചി​ട്ടു​ണ്ട്. ക​ഴി​ഞ്ഞ പു​നഃ​സം​ഘ​ട​ന​യി​ൽ ദു​ർ​ബ​ല​മാ​ക്ക​പ്പെ​ട്ട വി. ​മു​ര​ളീ​ധ​ര​ൻ വി​ഭാ​ഗ​ത്തി​ന് കൂ​ടു​ത​ൽ പ​രി​ഗ​ണ​ന ല​ഭി​ക്കു​മോ എ​ന്ന ആ​ശ​ങ്ക മ​റു​വി​ഭാ​ഗ​ത്തി​നു​ണ്ട്. നി​ല​വി​ൽ ആ​ന്ധ്ര​യു​ടെ ചു​മ​ത​ല​യു​ള്ള വി. ​മു​ര​ളീ​ധ​ര​ൻ കേ​ര​ള​ത്തി​ലെ സം​ഘ​ട​നാ​കാ​ര്യ​ങ്ങ​ളി​ൽ ഇ​ട​പെ​ടു​ന്നി​ല്ല. വി​ശ്വ​സ്ത​നാ​യ കെ. ​സു​രേ​ന്ദ്ര​നാ​ണ് കാ​ര്യ​ങ്ങ​ൾ കൈ​കാ​ര്യം ചെ​യ്യു​ന്ന​ത്. ശ​ബ​രി​മ​ല സ​മ​ര​ത്തി​ൽ ജ​യി​ലി​ൽ പോ​യ​തോ​ടെ ആ​ർ.​എ​സ്.​എ​സി​ന് താ​ൽ​പ​ര്യ​മു​ള്ള നേ​താ​വാ​യി സു​രേ​ന്ദ്ര​ൻ മാ​റി. ഈ ​സാ​ഹ​ച​ര്യ​ത്തി​ൽ പു​നഃ​സം​ഘ​ട​ന​യു​ണ്ടാ​യാ​ൽ ത​ങ്ങ​ൾ​ക്ക് ഗു​ണ​മാ​വി​ല്ലെ​ന്ന് പി.​കെ. കൃ​ഷ്ണ​ദാ​സി​നൊ​പ്പ​മു​ള്ള നേ​താ​ക്ക​ൾ ക​രു​തു​ന്നു.",ബി.​ജെ.​പി സം​സ്​​ഥാ​ന  നേ​തൃ​ത്വ​ത്തി​ൽ സ​മ​ഗ്ര  മാ​റ്റ​മു​ണ്ടാ​കും,mal,madhyamam,Madhyamam,fake news,d4613222-ccc2-470b-b1a3-61a74aeb1f55,article,MassiveSum
https://www.madhyamam.com/india/bjp-mp-ravi-kishan-calls-india-‘hindu-rashtra’-amid-citizenship-bill-row-india-news/653034,,ഇന്ത്യ ഹിന്ദു രാഷ്​ട്രമാണെന്ന്​ ബി.ജെ.പി എം.പി,,"ന്യൂഡൽഹി: ഇന്ത്യ ഹിന്ദു രാഷ്​ട്രമാണെന്ന്​ ബി.ജെ.പി എം.പി രവികിഷൻ. രാജ്യത്തെ ജനസംഖ്യയിൽ നൂറ്​ കോടി പേർ ഹിന്ദുക്കളാണെന്നും അദ്ദേഹം പറഞ്ഞു.

‘‘ഹിന്ദു ജനസംഖ്യ നൂറ്​ കോടിയാണ്​. അതുകൊണ്ട്​ സ്വാഭാവികമായും ഇന്ത്യ ഒരു ഹിന്ദു രാഷ്​ട്രമാണ്​. ധാരാളം മുസ്​ലിം, ക്രിസ്​ത്യൻ രാജ്യങ്ങളുണ്ട്​. നമ്മു​െട സംസ്​കാരം നിലനിൽക്കുന്ന ഭാരതം എന്ന ഒരു രാജ്യം നമുക്കുണ്ടെന്നത്​ വിസ്​മയകരമാണ്.​’’ രവികിഷൻ പറഞ്ഞു. ഉത്തർപ്രദേശിലെ ഖൊരക്​പൂരിൽ നിന്നുള്ള എം.പിയാണ്​ രവികിഷൻ.

മുസ്​ലിം, ക്രിസ്​ത്യൻ രാജ്യങ്ങൾ സാധ്യമാണെങ്കിൽ എന്തുകൊണ്ട്​ ഹിന്ദു രാജ്യം പറ്റില്ലെന്നും അദ്ദേഹം ചോദിച്ചു. പൗരത്വ ബില്ലു​മായി ബന്ധപ്പെട്ട്​ പ്രതിപക്ഷ കക്ഷികൾ അനാവശ്യമായ പ്രശ്നങ്ങളുണ്ടാക്കുകയാണെന്നും രവികിഷൻ ആരോപിച്ചു.",ന്യൂഡൽഹി: ഇന്ത്യ ഹിന്ദു രാഷ്​ട്രമാണെന്ന്​ ബി.ജെ.പി എം.പി രവികിഷൻ. രാജ്യത്തെ ജനസംഖ്യയിൽ നൂറ്​ കോടി പേർ ഹിന്ദുക്കളാണെന്നും അദ്ദേഹം പറഞ്ഞു. ‘‘ഹിന്ദു ജനസംഖ്യ നൂറ്​ കോടിയാണ്​. അതുകൊണ്ട്​...,mal,madhyamam,Madhyamam,fake news,11c3d790-8b7e-414c-9bc5-d69b7cfa3ccb,article,MassiveSum
https://lao.voanews.com/a/army-engaged-in-fight-for-syria-fate-8-1-2012-164561766/1486677.html,https://lao.voanews.com/a/army-engaged-in-fight-for-syria-fate-8-1-2012-164561766/1486677.html,Assad ວ່າ ທະຫານຊີເຣຍ ກໍາລັງພົວພັນ ໃນບັ້ນສູ້ລົບ ທີ່ຈະກໍານົດຊະຕາກໍາ ຂອງຊາດ,,"ປະທານາທິບໍດີ ຊີ​ເຣຍ ທ່ານ Bashar al-Assad ກ່າວ​ວ່າ ກອງທັບ​ຂອງ​ທ່ານກໍາລັງ​ສູ້​ລົບ​ກັບພວກ​ກະບົດ ​ໃນ​ການ​ຕໍ່ສູ້ທີ່​ຈະກໍານົດ​ຊະຕາ​ກໍາ​ຂອງ​ປະ​ເທດ.

ທ່ານ​ Assad ​ໄດ້ຊົມ​ເຊີຍ ກໍາລັງ​ຂອງ​ລັດຖະບານ ຢູ່​ໃນ​ຄໍາ​ຖະ​ແຫລ​ງ​ໃນ​ວັນ​ພຸດມື້​ນີ້ ​ໃນ​ຂະ​ນະ​ທີ່​ຄວາມ​ຮຸນ​ແຮງ​ຍັງມີ​ຢູ່​ສື​ບຕໍ່​ມາ ​ໃນ​ທົ່ວ​ປະ​ເທດ.

ອົງການ​ສິ້​ງຊອມ​ສິດ​ທິມະນຸດຊີ​ເຣຍ ທີ່​ມີ​ສໍານັກງານ​ຢູ່ປະ​ເທດ​ອັງກິດ ກ່າວ​ວ່າ​ ຢ່າງ​ໜ້ອຍ ນຶ່ງ​ຄົນ​ໄດ້​ເສຍ​ຊີວິດ ໃນການ​ຕໍ່ສູ້​ກັນ​ລະຫວ່າງພວກ​ກະບົດ ​ແລະ​ ກໍາລັງ​ຮັກສາ​ຄວາມ​ປອດໄພ ຢູ່​ໃນຄຸ້ມນຶ່ງທີ່​ມີ​ຊາວຄຣິສ ​ອາໄສຢູ່ເປັນ​ສ່ວນ​ໃຫ່ຍ​ໃນ​ກຸງ Damascus. ຜ່ານ​ມາ ການ​ສູ້​ລົບ​ແມ່ນ​ບໍ່​ຄອຍຈະ​ມີຂຶ້ນ​ຢູ່​ໃນ​ເຂດ​ຂອງ ຊາວຄຣິສ ໃນ​ເມືອງ​ຫລວງ ​ໃນ​ລະຍະ 17 ​ເດືອນ​ຂອງ​ການ​ລຸກ​ຮື​ຂື້ນຕໍ່ຕ້ານ​ການ​ປົກຄອງ​ຂອງ ທ່ານ Assad ນັ້ນ.

ຫ້ອງການ​ຂອງ​ສະຫະ​ປະຊາ​ຊາດ​ໃນ​ຊີ​ເຣຍກ່າວໃນ​ວັນ​ພຸດ​ມື້​ນີ້ວ່າ ຕົນ​ໄດ້​ຮັບ​ການ​ຢືນຢັນ​ວ່າ ດຽວ​ນີ້ ຝ່າຍ​ກະບົດ​ແມ່ນ​ມີ​ອາວຸດ​ໜັກ​ແລ້ວ ​ໂຮມ​ທັງ​ລົດ​ຖັງ​ນໍາ. ​ໂຄສົກ​ຫ້ອງການ ສປຊ ທ່ານ​ນາງ Sausan Ghosheh ຍັງ​ກ່າວ​ອີກ​ວ່າ ​ໃນ​ວັນ​ອັງຄານ​ນັ້ນ ຄະນະ​ສັງ​ເກດ​ການ​ຂອງ​ສະຫະ​ປະຊາ​ຊາດ​ໄດ້​ເຫັນ​ເຮືອບິນ​ລົບ​ຂອງ​ຝ່າຍ​ລັດຖະບານ ລະດົມ​ຍິງ​ໃສ່​ເມືອງ Aleppo ​ເປັນ​ເທື່ອ​ທໍາ​ອິດ.","ຜະທານາທິບໍດີຊີເຣຍ ກ່າວ​ວ່າ ກອງທັບ​ຂອງ​ທ່ານ ກໍາລັງ​ສູ້​ລົບ​ກັບ​​ພວກ​ກະບົດ ​
ໃນ​ການ​ຕໍ່ສູ້ທີ່​ຈະກໍານົດ​ ຊະຕາ​ກໍາ​ຂອງ​ປະ​ເທດ.",mal,voanews,VOA News,fake news,59a0355b-a912-4e4a-bc20-44b26ba93793,article,MassiveSum
https://www.madhyamam.com/gulf-news/saudi-arabia/saudi-saudi-news-gulf-news/641808,,പാടിത്തീരാത്ത രാവുകളായി മജീദി​െൻറ ഗസൽവിരുന്ന്,,"ജി​ദ്ദ: പ്ര​വാ​സി സം​ഗീ​ത പ്രേ​മി​ക​ൾ​ക്ക്​ പാ​ടി​ത്തീ​രാ​ത്ത ഗ​സ​ലി​​െൻറ രാ​വു​ക​ൾ പ​ക​ർ​ന്ന്​ മ​ജീ​ദി​​െൻറ രാ​ഗ​വി​രു​ന്ന്. ജി​ദ്ദ​യി​ൽ തു​ട​ർ​ച്ച​യാ​യി ആ​റു വേ​ദി​ക​ളി​ലാ​ണ് മ​ജീ​ദ്​ പ്ര​വാ​സി​ക​ളു​ടെ ഒാ​ർ​മ​ക​ൾ​ക്ക്​ അ​പൂ​ർ​വ​മാ​യ മ​ധു​ര സം​ഗീ​ത​വി​രു​ന്നൊ​രു​ക്കി​യ​ത്. രാ​ത്രി മൂ​ന്നു​വ​രെ തു​ട​രു​ന്ന ക​ച്ചേ​രി​ക​ൾ​ നി​ല​യ്​​ക്കാ​ത്ത കൈ​യ​ടി​ക​ളോ​ടെ​യാ​ണ്​ സ​മാ​പി​ക്കു​ന്ന​ത്. വ​രും ദി​വ​സ​ങ്ങ​ളി​ലും നി​ര​വ​ധി പ​രി​പാ​ടി​ക​ളാ​ണ്​ അ​ദ്ദേ​ഹ​ത്തെ കാ​ത്തി​രി​ക്കു​ന്ന​ത്. ജി​ദ്ദ​യി​ൽ ജോ​ലി ചെ​യ്യു​ന്ന മ​ക്ക​ളു​ടെ അ​ടു​ത്ത്​ സ​ന്ദ​ർ​ശ​ന​ത്തി​നെ​ത്തി​യ​താ​ണ്​ ഉ​മ്പാ​യി​യു​ടെ ശി​ഷ്യ​നും പ്ര​ശ​സ്​​ത ഗ​സ​ൽ​ഗാ​യ​ക​നു​മാ​യ അ​ബ്​​ദു​ൽ മ​ജീ​ദ്. അ​ദ്ദേ​ഹ​ത്തെ കു​റി​ച്ച്​ ‘ഗ​ൾ​ഫ്​ മാ​ധ്യ​മം’ വാ​ർ​ത്ത​ക​ൾ പ്ര​സി​ദ്ധീ​ക​രി​ച്ച​തോ​ടെ ജി​ദ്ദ​യി​ലെ പ്ര​വാ​സി സം​ഗീ​ത​ലോ​കം ഗാ​യ​ക​നെ തേ​ടി​യെ​ത്തി.

ഒാ​രോ പ​രി​പാ​ടി ക​ഴി​യു​േ​മ്പാ​ഴും ഭാ​വ​ഗാ​യ​ക​നെ നെ​ഞ്ചേ​റ്റു​ക​യാ​ണ്​ പ്ര​വാ​സി​ക​ൾ. അ​ടു​ത്ത മാ​സം അ​ദ്ദേ​ഹ​ത്തെ വീ​ണ്ടും പ​രി​പാ​ടി​ക്ക്​ എ​ത്തി​ക്കാ​നു​ള്ള ​ശ്ര​മം ഒ​രു​ഭാ​ഗ​ത്ത്​ ന​ട​ക്കു​ന്നു​ണ്ട്. ഗ​സ​ലു​ക​ൾ​ക്കൊ​പ്പം എ​ല്ലാ സം​ഗീ​ത ശാ​ഖ​ക​ളും വ​ഴ​ങ്ങു​മെ​ന്ന​താ​ണ്​ മ​ജീ​ദി​​െൻറ പ്ര​ത്യേ​ക​ത. മെ​ഹ്​​ദി ഹ​സ​ൻ, മു​ഹ​മ്മ​ദ്​ റ​ഫി എ​ന്നി​വ​രു​ടെ പാ​ട്ടു​ക​ളു​െ​ട വ​ൻ ശേ​ഖ​ര​മു​ണ്ട്​ കൈ​യി​ൽ. പ​ഴ​യ​കാ​ല ജ​ന​പ്രി​യ ഗാ​ന​ങ്ങ​ൾ ത​നി​മ​യാ​ർ​ന്ന ഇൗ​ണ​ത്തി​ൽ പാ​ടി​ത്ത​ക​ർ​ക്കു​ക​യാ​ണ്. ഒ​പ്പം, ഉ​മ്പാ​യി​യു​ടെ ഗ​സ​ലു​ക​ളും ആ​ല​പി​ക്കു​ന്നു. സ​ദ​സ്സ്​​ ആ​വ​ശ്യ​പ്പെ​ടു​ന്ന എ​ല്ലാ പാ​ട്ടു​ക​ളും ആ​ല​പി​ച്ചേ ക​ച്ചേ​രി അ​വ​സാ​നി​പ്പി​ക്കൂ. എ​റ​ണാ​കു​ളം ജി​ല്ല​ക്കാ​രു​ടെ കൂ​ട്ടാ​യ്​​മ ക​ഴി​ഞ്ഞ​ദി​വ​സം അ​ദ്ദേ​ഹ​ത്തെ വി​പു​ല​മാ​യ ച​ട​ങ്ങി​ൽ ആ​ദ​രി​ച്ചു. ത​ക്കാ​രം ഗ്രൂ​പ്​ ര​ണ്ട്​ വേ​ദി​ക​ളാ​ണ്​ മ​ജീ​ദി​നാ​യി ക​ഴി​ഞ്ഞ ദി​വ​സ​ങ്ങ​ളി​ൽ ഒ​രു​ക്കി​യ​ത്. കാ​ലി​ക്ക​റ്റ്​ മ്യൂ​സി​ക്​ ല​വേ​ഴ്​​സാ​ണ്​ ആ​ദ്യം മ​ജീ​ദി​​െൻറ ഗ​സ​ൽ വി​രു​ന്നൊ​രു​ക്കി​യ​ത്. ബാ​ബു​രാ​ജ്, ജ​ഗ​ജി​ത്​ സി​ങ്​​ അ​നു​സ്​​മ​ര​ണ പ​രി​പാ​ടി​യി​ലും മ​ജീ​ദി​​െൻറ ക​ച്ചേ​രി​യൊ​രു​ക്കി. ഗ​സ​ലു​ക​ൾ മാ​ത്ര​മാ​യി മ​റ്റൊ​രു​വേ​ദി​യും ഒ​രു​ക്കി.

എ​ത്ര ചെ​റി​യ പാ​ട്ടു​കാ​രെ​യും പ്രോ​ത്സാ​ഹി​പ്പി​ക്കു​ന്ന സ​മീ​പ​ന​മാ​ണ്​ അ​ദ്ദേ​ഹ​ത്തി​​െൻറ വ്യ​തി​രി​ക്​​ത​ത​ക​ളി​ലൊ​ന്നെ​ന്ന്​ ജി​ദ്ദ​യി​ലെ ഗാ​യ​ക​ൾ പ​റ​യു​ന്നു. ത​ക്കാ​രം ഗ്രൂ​പ്പി​​െൻറ​ ര​ണ്ടാ​മ​ത്തെ പ​രി​പാ​ടി​യി​ൽ റ​ഫീ​ഖ്​ ഹാ​ജി ഉ​പ​ഹാ​രം ന​ൽ​കി. ച​ട​ങ്ങ്​ സി​ഫ്​ മു​ൻ ചെ​യ​ർ​മാ​ൻ ഹി​ഫ്​​സു​റ​ഹ്​​മാ​ൻ ഉ​ദ്​​ഘാ​ട​നം ചെ​യ്​​തു. സി.​എം അ​ഹ​മ്മ​ദ്​ അ​ധ്യ​ക്ഷ​ത വ​ഹി​ച്ചു. അ​ബ്​​ദു​ൽ മ​ജീ​ദ്​ ന​ഹ, മു​ജീ​ബ്​ പാ​ക്ക​ട, മു​സ്​​ത​ഫ കു​ന്നും​പു​റം, ചു​ക്ക​ൻ അ​ഷ്​​റ​ഫ്, ഫൈ​സ​ൽ കൊ​ണ്ടോ​ട്ടി, ഷൗ​ക്ക​ത്ത്​ പ​ര​പ്പ​ന​ങ്ങാ​ടി, റ​ഹീം മേ​ക്കു​മ​ണ്ണി​ൽ, സ​ക്കീ​റ​ലി ക​ണ്ണേ​ത്ത്​ എ​ന്നി​വ​ർ നേ​തൃ​ത്വം ന​ൽ​കി. എ​റ​ണാ​കു​ളം കൂ​ട്ടാ​യ്​​മ ജ​സാ​ക്കും ടോ​പ്​ ഇ​വ​ൻ​റ്​​സും സം​ഘ​ടി​പ്പി​ച്ച പ​രി​പാ​ടി മീ​ഡി​യ ഫോ​റം പ്ര​സി​ഡ​ൻ​റ്​ പി. ​ഷം​സു​ദ്ദീ​ൻ ഉ​ദ്​​ഘാ​ട​നം ചെ​യ്​​തു. ഷാ ​ആ​ലു​വ അ​ധ്യ​ക്ഷ​ത വ​ഹി​ച്ചു. യൂ​സു​ഫ്​ കോ​ട്ട, സ​ഹീ​ർ മാ​ഞ്ഞാ​ലി, ന​ജീ​ബ്​ കോ​ത​മം​ഗ​ലം, അ​ലി പെ​രു​മ്പാ​വൂ​ർ, ധന്യ പ്രശാന്ത്​ തു​ട​ങ്ങി​യ​വ​ർ നേ​തൃ​ത്വം ന​ൽ​കി.",ഗ​സ​ലു​ക​ൾ​ക്കൊ​പ്പം എ​ല്ലാ സം​ഗീ​ത ശാ​ഖ​ക​ളും വ​ഴ​ങ്ങു​മെ​ന്ന​താ​ണ്​ മ​ജീ​ദി​െൻറ പ്ര​ത്യേ​ക​ത,mal,madhyamam,Madhyamam,fake news,99680ef2-7e72-487f-aec3-28b300fe4933,article,MassiveSum
https://www.15min.lt/verslas/naujiena/finansai/valonija-atmete-es-ultimatuma-pritarti-laisvosios-prekybos-sutarciai-su-kanada-662-699467,https://www.15min.lt/verslas/naujiena/finansai/valonija-atmete-es-ultimatuma-pritarti-laisvosios-prekybos-sutarciai-su-kanada-662-699467,Valonija atmetė ES ultimatumą pritarti laisvosios prekybos sutarčiai su Kanada,,"Valonijos prezidentas Paulis Magnette'as trečiadienį pareiškė, kad „negalime pasirašyti iki penktadienio“ – dienos, kai baigsis ES lyderių susitikimas. Iki šios dienos buvo tikimasi sulaukti visų 28 Bendrijos narių patvirtinimo.

P.Magnette'as trečiadienį televizijai RTBF sakė, kad per kelias pastarąsias dienas buvo pasiekta tam tikra pažanga, bet „to nepakanka. Ir dabar negalite sakyti: turite tris dienas pasirašyti.“

Valonijos regiono įstatymų leidėjai per praeitą penktadienį penktadienį surengtą balsavimą netikėtai nusprendė blokuoti Europos Sąjungos (ES) ir Kanados laisvosios prekybos sutartį (CETA), o tai reiškia, kad Belgija negali pasirašyti šio dokumento, dėl kurio derėtasi net septynerius metus.

Belgija gali pritarti sutarčiai tik tokiu atveju, jei visi jos regionai, įskaitant Valoniją, ją palaikys. Jei nebus užtikrintas vieningas ES šalių pritarimas, CETA žlugs.",Mažo Belgijos regiono Valonijos vadovas penktadienį atmetė Europos Sąjungos reikalavimą iki penktadienio pasirašyti didžiulės apimties laisvosios prekybos sutartį tarp ES ir...,mal,15min,15Min,fake news,7bf8eaea-c993-44fb-a46f-32a32a5e7b2e,article,MassiveSum
https://www.madhyamam.com/local-news/kochi/2018/jan/09/412347,,വിവേകാനന്ദ ജയന്തി,,"പള്ളുരുത്തി: പള്ളുരുത്തി വിവേകാനന്ദ സേവ സമിതിയുടെ നേതൃത്വത്തിൽ ആഘോഷിച്ചു. നഗരസഭ അംഗം കെ.എച്ച്. പ്രീതി ഉദ്ഘാടനം ചെയ്തു. കൺവീനർ കണ്ണൻ കെ. മോഹൻദാസ് അധ്യക്ഷത വഹിച്ചു. എം.എൽ. രമേഷ്, കെ.പി. സുരേഷ്, ടി.എസ്. തമ്പാൻ, വേണു, കെ.ജി. പിള്ള, എം.ആർ. ദിലീഷ്, എം.എച്ച്. ഹരീഷ് എന്നിവർ സംസാരിച്ചു. പി.പി. മനോജ്, ടി.പി. പദ്മനാഭൻ, പി.വി. ജയകുമാർ, അജയ് നായിക് എന്നിവർ നേതൃത്വം നൽകി. മണ്ഡലം കൺവെൻഷൻ മട്ടാഞ്ചേരി: സി.എം.പി കൊച്ചി നിയോജക മണ്ഡലം കൺവെൻഷൻ ജില്ല സെക്രട്ടറി പി. രാജേഷ് ഉദ്ഘാടനം ചെയ്തു. തോപ്പുംപടി ബീയെം സ​െൻററിൽ നടന്ന കൺവെൻഷനിൽ വിവിധ രാഷ്ട്രീയ പാർട്ടികളിൽനിന്ന് സി.എം.പിയിൽ ചേർന്നവർക്ക് അംഗത്വം നൽകി. തോമസ് കൊറശ്ശേരി അധ്യക്ഷത വഹിച്ചു. കോൺഗ്രസ് ബ്ലോക്ക് പ്രസിഡൻറ് ഷാജി കുറുപ്പശ്ശേരി, സൻജീവ് കുമാർ, കെ.എൻ. റിയാസ്, സെലിൻ നീതു, മാത്യു ഡാനിയേൽ, ഉണ്ണി സേവ്യർ, ആൻറണി ജെൻസൺ എന്നിവർ സംസാരിച്ചു. ഒപ്പ് ശേഖരണം മട്ടാഞ്ചേരി: ഫോർട്ട്കൊച്ചി താലൂക്ക് ആശുപത്രിയുടെ ശോച്യാവസ്ഥ പരിഹരിക്കുക, ഡോക്ടര്‍മാരുടെ ഒഴിവുകള്‍ നികത്തുക എന്നീ ആവശ്യങ്ങള്‍ ഉന്നയിച്ച് മുഖ്യമന്ത്രിക്കും ആരോഗ്യ മന്ത്രിക്കും നിവേദനം നല്‍കുന്നതിന് ഒപ്പുശേഖരണം നടത്തി. യൂത്ത് കോണ്‍ഗ്രസ് ഫോര്‍ട്ട്കൊച്ചി നോര്‍ത്ത് മണ്ഡലം കമ്മിറ്റിയുടെ നേതൃത്വത്തില്‍ നടന്ന ഒപ്പുശേഖരണം കോണ്‍ഗ്രസ് ഫോര്‍ട്ട്കൊച്ചി നോര്‍ത്ത് മണ്ഡലം പ്രസിഡൻറ് സി.ഇ. സിയാദ് ഉദ്ഘാടനം ചെയ്തു. മണ്ഡലം പ്രസിഡൻറ് ആൻറണി ആന്‍സില്‍ അധ്യക്ഷത വഹിച്ചു. പി.എം. അസ്ലം, പി.എസ്. ഹംസക്കോയ, ഷമീര്‍ വളവത്ത്, കെ.ബി. സലാം, പി.ഇസഡ്.എ. അസീസ്, സമദ് എന്നിവര്‍ സംസാരിച്ചു. റിയാസ് ഷരീഫ്, സുജിത്ത് മോഹനന്‍, ഇ.എ. ഹാരിസ്, മണ്‍സൂര്‍ അലി, ഷഫീഖ് എന്നിവര്‍ നേതൃത്വം നല്‍കി.","പള്ളുരുത്തി: പള്ളുരുത്തി വിവേകാനന്ദ സേവ സമിതിയുടെ നേതൃത്വത്തിൽ  ആഘോഷിച്ചു. നഗരസഭ അംഗം കെ.എച്ച്. പ്രീതി ഉദ്ഘാടനം ചെയ്തു. കൺവീനർ കണ്ണൻ കെ. മോഹൻദാസ് അധ്യക്ഷത വഹിച്ചു. എം.എൽ. രമേഷ്, കെ.പി. സുരേഷ്,...",mal,madhyamam,Madhyamam,fake news,1cb17417-bdaf-4492-9ea7-c8e740b0bac8,article,MassiveSum
https://www.madhyamam.com/kerala/local-news/malappuram/--565957,,മലപ്പുറത്തിന് ശുചിത്വ നഗര പദവി,,"പ്രഖ്യാപനം പി. ഉബൈദുല്ല എം.എല്‍.എ നിര്‍വഹിച്ചു മലപ്പുറം: നഗരസഭ ശുചിത്വ നഗര പദവി പ്രഖ്യാപനം പി. ഉബൈദുല്ല എം.എല്‍.എ നിര്‍വഹിച്ചു. മാലിന്യ സംസ്‌കരണ രംഗത്ത് സംസ്ഥാന സര്‍ക്കാര്‍ നിഷ്‌കര്‍ഷിച്ച 10 ഇന നിര്‍ദേശങ്ങള്‍ നടപ്പാക്കിയതോടെയാണ് ശുചിത്വ നഗരപദവി ലഭിച്ചത്. ഏറെ പ്രയാസം നിറഞ്ഞ മാലിന്യ സംസ്‌കരണം മികച്ച രീതിയില്‍ നടപ്പാക്കുക ശ്രമകരമാണ്. ഇക്കാര്യത്തില്‍ നഗരസഭയുടെ വിജയമാണ് ശുചിത്വ നഗര പദവി ലഭിക്കാന്‍ കാരണമെന്ന് എം.എല്‍.എ പറഞ്ഞു. മാലിന്യ സംസ്‌കരണ രംഗത്ത് ഓരോരുത്തരും കൂടുതല്‍ ശ്രദ്ധ നല്‍കണമെന്നും അദ്ദേഹം കൂട്ടിച്ചേര്‍ത്തു. കൗണ്‍സില്‍ ഹാളില്‍ നടന്ന പരിപാടിയില്‍ നഗരസഭ അധ്യക്ഷ സി.എച്ച്. ജമീല അധ്യക്ഷത വഹിച്ചു. വൈസ് ചെയര്‍മാന്‍ പെരുമ്പള്ളി സെയ്ത്, സ്ഥിരം സമിതി അധ്യക്ഷരായ മറിയുമ്മ ശരീഫ്, റജീന ഹുസൈന്‍, കൗണ്‍സിലര്‍മാരായ ഹാരിസ് ആമിയന്‍, കെ.കെ. ഉമ്മർ, ഹംസ കപ്പൂർ, കെ.കെ. മുസ്തഫ, വി. റിനിഷ, സി.കെ. അബ്​ദുല്‍ ജലീല്‍, സെക്രട്ടറി കെ. ബാലസുബ്രഹ്മണ്യന്‍, ഹെൽത്ത് സൂപ്പർവൈസർ ഷംസുദ്ദീൻ എന്നിവർ സംസാരിച്ചു.",മലപ്പുറത്തിന് ശുചിത്വ നഗര പദവി,mal,madhyamam,Madhyamam,fake news,cec9ae48-0575-43f1-b410-e508196e6ca6,article,MassiveSum
https://www.madhyamam.com/gulf-news/uae/uae7/2017/may/20/264835,,ആയുര്‍വേദ സമ്മേളനം വാർഷിക പരിപാടിയാക്കാൻ സൗകര്യമൊരുക്കും -കോണ്‍സുൽ ജനറല്‍,,"ഷാര്‍ജ: യു.എ.ഇ ഉൾപ്പെടെയുളള ഗള്‍ഫ് രാജ്യങ്ങളില്‍ ആയുര്‍വേദത്തെ മുഖ്യധാരയിലെത്തിക്കാനുളള ശ്രമങ്ങള്‍ ഊജിതപ്പെടുത്തുമെന്ന് ദുബൈയിലെ ഇന്ത്യന്‍ കോണ്‍സുൽ ജനറല്‍ വിപുല്‍ പറഞ്ഞു. ഇതിനായി കേന്ദ്രസര്‍ക്കാറി​​​െൻറ ആയുഷ് മന്ത്രാലയവുമായി ചേര്‍ന്ന് പ്രചാരണ പരിപാടികള്‍ സംഘടിപ്പിക്കുമെന്നും അദ്ദേഹം വ്യക്തമാക്കി. ഷാര്‍ജ റാഡിസണ്‍ ബ്ലൂ റിസോര്‍ട്ടില്‍ ആരംഭിച്ച അന്താരാഷ്​ട്ര ആയുര്‍വേദ സമ്മേളനവും പ്രദര്‍ശനവും ഉദ്ഘാടനം ചെയ്യുകയായിരുന്നു അദ്ദേഹം‍.

ഗള്‍ഫ് മേഖലയില്‍ സംഘടിപ്പിക്കപ്പെട്ട ആദ്യ അന്താരാഷ്​ട്ര ആയുര്‍വേദ സമ്മേളനമാണിത്​. എല്ലാ വര്‍ഷവും കൂടുതല്‍ വിപുലമായ രീതിയില്‍ ഇതു സംഘടിപ്പിക്കാന്‍ ദുബൈ കോണ്‍സുലേറ്റ് അടക്കമുളള ഔദ്യോഗിക സംവിധാനങ്ങളുടെ പിന്തുണയുണ്ടാകുമെന്നും അദ്ദേഹം കൂട്ടിച്ചേര്‍ത്തു. ഉദ്ഘാടന സെഷന് ശേഷം കോട്ടക്കല്‍ ആര്യവൈദ്യശാല അഡീഷനല്‍ ചീഫ് ഫിസിഷ്യനും ചീഫ് സൂപ്രണ്ടുമായ ഡോ. പി. മാധവന്‍ കുട്ടി വാര്യര്‍ ‘ആയുര്‍വേദത്തി​​​െൻറ ആഗോള വീക്ഷണം’ വിഷയത്തില്‍ സെമിനാര്‍ അവതരിപ്പിച്ചു. ആയുര്‍വേദ ഡോക്ടര്‍മാരുടെ യു.എ.ഇയിലെ പൊതുവേദിയായ എമിറേറ്റ്‌സ് ആയുര്‍വേദ ഗ്രാജ്വേറ്റ്‌സ് അസോസിയേഷ​​​െൻറ ആഭിമുഖ്യത്തില്‍ നടക്കുന്ന ദ്വിദിന സമ്മേളനത്തിന് ആദ്യദിനത്തില്‍ തന്നെ മികച്ച പ്രതികരണമാണുണ്ടായത്.

പൊതു ജനങ്ങള്‍ക്ക് പ്രവേശനം സൗജന്യമായ സമ്മേളനത്തില്‍ ആയിരത്തോളം പേരാണ് ആദ്യദിനം വിവിധ സെഷനുകളിലായി പങ്കെടുത്തത്. ആയുര്‍വേദ ആശുപത്രികള്‍, ആയുര്‍വേദ റിസോര്‍ട്ടുകള്‍, ആയുര്‍വേദ കോളേജുകള്‍, ആയുര്‍വേദ ഉല്‍പന്നങ്ങള്‍ എന്നിവ അണിനിരക്കുന്ന പ്രദർശനത്തിലും നിരവധി സന്ദര്‍ശകരെത്തി. ലോകോത്തര ആയുര്‍വേദ സ്ഥാപനങ്ങളുമായി നേരിട്ട് ബന്ധപ്പെടാനും വിദഗ്ധ ഡോക്ടര്‍മാരുടെ ചികിത്സ തേടാനും ദീര്‍ഘകാല ആയുര്‍വേദ ചികിത്സക്ക്​ നിരക്കിളവോടെ ബുക്കിങ്​ നടത്താനും സൗകര്യമുണ്ട്. സമ്മേളനത്തി​​​െൻറ ഉദ്ഘാടനചടങ്ങില്‍ ഡോ. മംമ്ത എസ്. റഢാര്‍ സ്വാഗതം പറഞ്ഞു. ഡോ. വി.സി. സുരേഷ് കുമാര്‍ അധ്യക്ഷത വഹിച്ചു. ഐ.ബി.പി.സി ഷാര്‍ജ ചെയര്‍മാന്‍ ഡോ. സണ്ണി കുര്യന്‍, ഷാജ ഇന്ത്യന്‍ അസോസിയേഷന്‍ ജനറല്‍ സെക്രട്ടറി ബിജു സോമന്‍, ഐ.ബി.പി.സി ദുബൈ പ്രസിഡൻറ്​ ബിന്ദു എസ്. ചേറ്റൂര്‍, സയന്‍സ് ഇന്ത്യ ഫോറം യു.എ.ഇ സെക്രട്ടറി മോഹന്‍ദാസ്, ആയുര്‍വേദ മെഡിക്കല്‍ അസോസിയേഷന്‍ ഓഫ് ഇന്ത്യ ജനറല്‍ സെക്രട്ടറി ഡോ. രജിത്ത് ആനന്ദ്, ആയുര്‍വേദ ഹോസ്പിറ്റല്‍ മാനേജ്‌മ​​െൻറ്​ അസോസിയേഷന്‍ ട്രഷറര്‍ ഡോ. മുഹമ്മദ് ബാപ്പു എന്നിവര്‍ സംസാരിച്ചു.

ഡോ. പി. മാധവന്‍ കുട്ടി വാര്യര്‍, ഡോ. സുഭാഷ് റാനഡെ, ഡോ. വി.എല്‍. ശ്യാം, ഡോ.സി. സുരേഷ് കുമാര്‍, ഡോ. എസ് ഗോപകുമാര്‍, ഡോ. എം.ആര്‍. വസുദേവന്‍ നമ്പൂതിരി, ഡോ. കെ.എസ്. വിഷ്ണു നമ്പൂതിരി, ഡോ. കെ. അബ്​ദുല്‍ ലത്തീഫ്, ഡോ. ജേക്കബ് ജയന്‍ ​െബനഡിക്ട്, ഡോ. മംമ്ത എസ്. റഢാര്‍, ഡോ. വി.സി. സുരേഷ് കുമാര്‍, ഡോ. മിനി മുരളീധര്‍, ഡോ. രവീന്ദ്ര നാഥന്‍ ഇന്ദുശേഖര്‍, ഡോ. രമ്യ ശിവനന്ദന്‍ നിര്‍മല, ഡോ. റോസ് ജോർജ്​ തുടങ്ങിയവരെ ആദരിച്ചു. സമ്മേളനം ശനിയാഴ്ച സമാപിക്കും.",ഷാര്‍ജ: യു.എ.ഇ ഉൾപ്പെടെയുളള ഗള്‍ഫ് രാജ്യങ്ങളില്‍ ആയുര്‍വേദത്തെ മുഖ്യധാരയിലെത്തിക്കാനുളള ശ്രമങ്ങള്‍ ഊജിതപ്പെടുത്തുമെന്ന് ദുബൈയിലെ ഇന്ത്യന്‍ കോണ്‍സുൽ ജനറല്‍ വിപുല്‍ പറഞ്ഞു. ഇതിനായി...,mal,madhyamam,Madhyamam,fake news,da3f3a1a-edb7-4676-b1ff-0835c427ec78,article,MassiveSum
https://www.15min.lt/naujiena/aktualu/kauno-zinios/pradeda-veikti-kauno-tvirtoves-regioninis-parkas-798-696911,https://www.15min.lt/naujiena/aktualu/kauno-zinios/pradeda-veikti-kauno-tvirtoves-regioninis-parkas-798-696911,Pradeda veikti Kauno tvirtovės regioninis parkas,,"„Džiaugiuosi, kad svarbiu Kauno savasčiai kompleksiniu kultūros paveldo objektu nuo šiol iš esmės rūpinsis vieni šeimininkai. Unikalus atvejis, kai regioninį parką steigia susitarusios kelios savivaldybės. Atsiradus vienam šeimininkui, bus sėkmingiau suderintos visų kultūros paveldo objekto valdytojų funkcijos. Toliau tvarkant Kauno tvirtovę, reikalinga bendra vizija bei tolimesnis aktyvus vietinių gyventojų bendradarbiavimas“, ─ pranešime spaudai teigia Kultūros paveldo departamento prie Kultūros ministerijos direktorė Diana Varnaitė.

Kauno tvirtovės regioninis parkas bus viešoji įstaiga, valdoma Kauno miesto bei rajono savivaldybių ir asociacijos „Kauno tvirtovė“. Jos direktoriaus Valdo Rakučio teigimu, įstaiga ketina sukurti Kauno tvirtovės kultūros paveldo objektams naujas visuomenei svarbias funkcijas, kad kuo daugiau jų būtų prieinami visuomenei.

Artimiausiu metu regioninis parkas planuoja tvarkyti Kauno tvirtovės III ir IV fortus, organizuoja kursus gidams ir tvirtovės prižiūrėtojams, rengia leidinį „Kauno tvirtovė“ bei ketina pradėti aktyviau dalyvauti tarptautinėje tvirtovių tyrėjų ir tvarkytojų veikloje.","Penktadienį Kaune skelbiama Kauno tvirtovės regioninio parko veiklos pradžia. Ši įstaiga centralizuotai rūpinsis Kauno tvirtovės komplekso tvarkymu, priežiūra ir pritaikymu šių...",mal,15min,15Min,fake news,67a4827d-67d0-44c0-b0de-b782c50e4de1,article,MassiveSum
https://www.madhyamam.com/india/three-bodies-indians-found-mount-everest/2017/may/28/266785,,എവറസ്​റ്റിൽ മൂന്ന്​ ഇന്ത്യക്കാരുടെ മൃതദേഹം കണ്ടെത്തി,,"കാ​ഠ്​​മ​ണ്ഡു: എ​വ​റ​സ്​​റ്റി​ൽ അ​പ​ക​ട​ത്തി​ൽ പെ​ട്ട മൂ​ന്ന്​ ഇ​ന്ത്യ​ൻ പ​ർ​വ​താ​രോ​ഹ​ക​രു​ടെ മൃ​ത​ദേ​ഹം ക​ണ്ടെ​ത്തി. ഇ​വ​രി​ൽ പ​രേ​ഷ്​ ച​ന്ദ്ര​നാ​ഥ്, ഗൗ​തം ഘോ​ഷ്​ എ​ന്നി​വ​രെ ക​ഴി​ഞ്ഞ വ​ർ​ഷം ഏ​പ്രി​ൽ ഏ​ഴി​നാ​ണ്​ ഏ​റ്റ​വും ഉ​യ​ര​ത്തി​ലു​ള്ള ക്യാ​മ്പ്​ നാ​ലി​ൽ വെ​ച്ച്​ കാ​ണാ​താ​യ​ത്. കാ​ഠ്​​മ​ണ്ഡു ആ​സ്​​ഥാ​ന​മാ​യി പ്ര​വ​ർ​ത്തി​ക്കു​ന്ന ട്ര​ക്കി​ങ്​ ക്യാ​മ്പ്​ നേ​പ്പാ​ൾ എ​ന്ന സം​ഘ​ത്തി​നൊ​പ്പം എ​വ​റ​സ്​​റ്റ് ക​യ​റി​യ ഇ​രു​വ​രും മൂ​ന്നാ​ഴ്​​ച മു​മ്പ്​ ക്യാ​മ്പി​ലെ​ത്തി​യി​രു​ന്നു. മൂ​ന്നാ​മ​നാ​യ ര​വി​കു​മാ​ർ എ​വ​റ​സ്​​റ്റ്​ കീ​ഴ​ട​ക്കി​യ ശേ​ഷം ക​ഴി​ഞ്ഞ ആ​ഴ്​​ച​യാ​ണ്​ കി​ട​ങ്ങി​ൽ വീ​ണ്​ മ​ര​ണ​ത്തി​നു കീ​ഴ​ട​ങ്ങി​യ​ത്.","കാ​ഠ്​​മ​ണ്ഡു: എ​വ​റ​സ്​​റ്റി​ൽ അ​പ​ക​ട​ത്തി​ൽ പെ​ട്ട മൂ​ന്ന്​ ഇ​ന്ത്യ​ൻ പ​ർ​വ​താ​രോ​ഹ​ക​രു​ടെ മൃ​ത​ദേ​ഹം ക​ണ്ടെ​ത്തി. ഇ​വ​രി​ൽ പ​രേ​ഷ്​ ച​ന്ദ്ര​നാ​ഥ്, ഗൗ​തം ഘോ​ഷ്​ എ​ന്നി​വ​രെ ക​ഴി​ഞ്ഞ വ​ർ​ഷം...",mal,madhyamam,Madhyamam,fake news,259df0a9-a0b7-4c71-80a9-2786d4fd8059,article,MassiveSum
https://www.madhyamam.com/world/asia-pacific/hamas-fatah-fight-world-news/586602,,ഹ​മാ​സ്​-​ഫ​ത​ഹ്​ ഭി​ന്ന​ത രൂ​ക്ഷം,,"റാ​മ​ല്ല: ഗ​സ്സ​യി​ലെ ഇ​സ്​​ലാ​മി​ക ക​ക്ഷി​യാ​യ ഹ​മാ​സും ഫ​ത​ഹും ത​മ്മി​ലു​ള്ള ഭി​ന്ന​ത കൂ​ടു​ത​ൽ രൂ​ക്ഷ​ മാ​കു​ന്നു. ഹ​മാ​സി​നെ​തി​രെ ക​ടു​ത്ത ന​ട​പ​ടി​ക​ളു​മാ​യി ഫ​ല​സ്​​തീ​ൻ പ്ര​സി​ഡ​ൻ​റ്​ മ​ഹ്​​മൂ​ദ്​ അ​ബ്ബാ ​സ്​ മു​ന്നോ​ട്ടു​പോ​കാ​ൻ തീ​രു​മാ​നി​ച്ച​തോ​ടെ​യാ​ണ്​ ഇ​രു​ക​ക്ഷി​ക​ളും ത​മ്മി​ലെ ഭി​ന്ന​ത മ​റ​നീ​ക്കി​യ​ത്. അ​ബ്ബാ​സി​​​െൻറ നീ​ക്കം 20 ല​ക്ഷ​ത്തോ​ളം വ​രു​ന്ന ഗ​സ്സ​വാ​സി​ക​ളെ ആ​ശ​ങ്ക​യി​ലാ​ഴ്​​ത്തി​യി​ട്ടു​ണ്ട്.

ഇ​സ്രാ​യേ​ൽ ഉ​പ​രോ​ധം​മൂ​ലം നി​ല​വി​ൽ ക​ടു​ത്ത ദു​രി​തം അ​നു​ഭ​വി​ക്കു​ക​യാ​ണ​വ​ർ. 2007ൽ ​ഗ​സ്സ​യു​ടെ നി​യ​ന്ത്ര​ണം ഹ​മാ​സ്​ ഏ​റ്റെ​ടു​ത്ത​തോ​ടെ​യാ​ണ്​ ഇ​രു​ക​ക്ഷി​ക​ളും ത​മ്മി​ലെ ഭി​ന്ന​ത രൂ​ക്ഷ​മാ​യ​ത്. നി​ര​വ​ധി അ​നു​ര​ഞ്​​ജ​ന ശ്ര​മ​ങ്ങ​ൾ ന​ട​ന്നെ​ങ്കി​ലും പ​രാ​ജ​യ​പ്പെ​ട്ടു. 2017ൽ ​ഇൗ​ജി​പ്​​തി​​​െൻറ മ​ധ്യ​സ്​​ഥ​ത​യി​ൽ ഇ​രു​സം​ഘ​ങ്ങ​ളും ച​ർ​ച്ച ന​ട​ത്തി അ​നു​ര​ഞ്​​ജ​ന​ത്തി​ലെ​ത്തി​യെ​ങ്കി​ലും വീ​ണ്ടും ഭി​ന്ന​ത​യി​ലാ​വു​ക​യാ​യി​രു​ന്നു.",റാ​മ​ല്ല: ഗ​സ്സ​യി​ലെ ഇ​സ്​​ലാ​മി​ക ക​ക്ഷി​യാ​യ ഹ​മാ​സും ഫ​ത​ഹും ത​മ്മി​ലു​ള്ള ഭി​ന്ന​ത കൂ​ടു​ത​ൽ രൂ​ക്ഷ​   മാ​കു​ന്നു. ഹ​മാ​സി​നെ​തി​രെ ക​ടു​ത്ത ന​ട​പ​ടി​ക​ളു​മാ​യി ഫ​ല​സ്​​തീ​ൻ പ്ര​സി​ഡ​ൻ​റ്​...,mal,madhyamam,Madhyamam,fake news,884f5084-1c6e-45b5-8352-1257f1472bb0,article,MassiveSum
https://www.madhyamam.com/kerala/local-news/kozhikode/--688331,,അഴിയൂരില്‍ ഭാഗ്യം തുണച്ചത്​ ജനകീയ മുന്നണിയെ,,"വടകര: ഇരുമുന്നണിക്കും ഭൂരിപക്ഷമില്ലാത്ത അഴിയൂരില്‍ ഒടുവില്‍ ഭാഗ്യം തുണച്ചത് ആര്‍.എം.പി.ഐ- യു.ഡി.എഫ് നേതൃത്വത്തിലുള്ള ജനകീയ മുന്നണിയെ. ലീഗ് സ്വതന്ത്രയായി മത്സരിച്ച് ജയിച്ച ആയിഷ ഉമ്മര്‍ നറുക്കെടുപ്പിലൂടെയാണ് പ്രസിഡൻറായത്. 18 അംഗഭരണസമിതിയില്‍ ജനകീയ മുന്നണിക്ക് എട്ടും ഇടതുമുന്നണിക്ക് ആറും സീറ്റാണുള്ളത്. എസ്.ഡി.പി.ഐക്ക് രണ്ടും ബി.ജെ.പിക്കും സ്വതന്ത്രക്കും ഒരു സീറ്റും. ഇടതുമുന്നണിയില്‍നിന്ന്​ സി.പി.എമ്മിലെ രമ്യ കരോളിയാണ് പ്രസിഡൻറ്​ സ്ഥാനത്തേക്ക് മത്സരിച്ചത്. ആറ് അംഗങ്ങളുള്ള എല്‍.ഡി.എഫിലെ ഒരംഗം കോവിഡ് ബാധയായതിനാല്‍ ഹാജരായില്ല. എസ്.ഡി.പി.ഐയിലെ രണ്ടു പേരും ഒരു സ്വതന്ത്രയും എല്‍.ഡി.എഫ് സ്ഥാനാര്‍ഥി രമ്യയെ പിന്തുണച്ചതോടെ ജനകീയ മുന്നണിക്കും ഇടതുമുന്നണിക്കും എട്ടുവീതം വോട്ട് ലഭിച്ചു. ബി.ജെ.പിയുടെ ഒരു വോട്ട് അസാധുവായി. ഇരു മുന്നണിയും തുല്യ നിലയിലായതോടെ നറുക്കെടുപ്പ് നടത്തുകയായിരുന്നു. എസ്.ഡി.പി.ഐ വോട്ട് ലഭിച്ച സാഹചര്യത്തില്‍, എല്‍.ഡി.എഫ് അംഗങ്ങള്‍ നറുക്കെടുപ്പില്‍ പങ്കെടുക്കാതെ ഇറങ്ങിപ്പോകാന്‍ ഒരുങ്ങിയിരുന്നു. എന്നാല്‍, പ്രസിഡൻറ്​ തെരഞ്ഞെടുപ്പി​ൻെറ ചട്ടങ്ങള്‍ പാലിച്ച് നറുക്കെടുപ്പിന് തയാറാവണമെന്ന് റിട്ടേണിങ് ഓഫിസര്‍ കെ. ആശ അറിയിച്ചു. തുടര്‍ന്ന് നറുക്കെടുപ്പി‍ൻെറ ഭാഗമാവുകയായിരുന്നു. ആയിഷ ഉമ്മര്‍ നേരത്തേയും പ്രസിഡൻറായിരുന്നിട്ടുണ്ട്. അഴിയൂരില്‍ പ്രസിഡൻറ്​ തെരഞ്ഞെടുപ്പില്‍ പ്രദേശിക ആലോചനകള്‍ നടന്നതായും ഇവിടത്തെ പ്രത്യേക സാഹചര്യത്തില്‍ ജനപക്ഷ വികസനം മുൻനിർത്തിയാണ് എല്‍.ഡി.എഫിന് വോട്ടുചെയ്തതെന്ന് എസ്.ഡി.പി.ഐ പ്രതിനിധി സാലിം പുനത്തില്‍ പറഞ്ഞു. നയരഹരിത നിലപാട് സ്വീകരിക്കില്ല -എല്‍.ഡി.എഫ് വടകര: അഴിയൂര്‍ പഞ്ചായത്തില്‍ ജനവിധി മാനിച്ച് ഇടതുമുന്നണി പ്രതിപക്ഷത്ത് ഇരിക്കാനാണ് തീരുമാനിച്ചതെന്ന് എല്‍.ഡി.എഫ് നേതാവും സി.പി.എം. ഏരിയ കമ്മിറ്റി അംഗവുമായ ഇ.എം. ദയാനന്ദന്‍ 'മാധ്യമ'ത്തോട് പറഞ്ഞു. എസ്.ഡി.പി.ഐയുടെ പിന്തുണ എല്‍.ഡി.എഫ് തേടിയിട്ടില്ല. നറുക്കെടുപ്പില്‍ സ്ഥാനം ലഭിച്ചിരുന്നെങ്കില്‍ രാജിവെക്കുമായിരുന്നു. നയരഹിത നിലപാട് ഇടതുമുന്നണി സ്വീകരിക്കില്ല. കോവിഡ് ബാധിച്ച അംഗത്തെ പി.പി.ഇ കിറ്റ് ധരിപ്പിച്ച് തെരഞ്ഞെടുപ്പില്‍ എത്തിച്ചെങ്കില്‍ ഭൂരിപക്ഷം ലഭിക്കുമായിരു​െന്നന്നും ദയാനന്ദന്‍ പറഞ്ഞു.",അഴിയൂരില്‍ ഭാഗ്യം തുണച്ചത്​ ജനകീയ മുന്നണിയെ,mal,madhyamam,Madhyamam,fake news,06b3523e-e209-40c5-a0cd-4fdb0cf31f59,article,MassiveSum
https://www.madhyamam.com/local-news/kannur/2018/apr/24/472603,,വാർഷികവും കുടുംബസംഗമവും,,"ആലക്കോട്: രാജ്യത്ത് ചെറുകിട വ്യാപാര-വ്യവസായ മേഖല നേരിടുന്ന വെല്ലുവിളികൾ നേരിടാനും അതിജീവിക്കാനും വ്യാപാരികൾ ഒറ്റക്കെട്ടാവണമെന്ന് ജില്ല പഞ്ചായത്ത് പ്രസിഡൻറ് കെ.വി. സുമേഷ്. വ്യാപാരി വ്യവസായി ഏകോപന സമിതി കരുവഞ്ചാൽ യൂനിറ്റ് ഉദ്ഘാടനം ചെയ്യുകയായിരുന്നു അദ്ദേഹം. യൂനിറ്റ് പ്രസിഡൻറ് ജയിംസ് പുത്തൻപുര അധ്യക്ഷത വഹിച്ചു. സ്ഥാനക്കയറ്റം ലഭിച്ച ആലക്കോട് എസ്.െഎ കെ.ജെ. ബിനോയിയെ ഉപഹാരം നൽകി ആദരിച്ചു. ജില്ല പ്രസിഡൻറ് ദേവസ്യ മേച്ചേരി, വൈസ് പ്രസിഡൻറ് ജെ. സെബാസ്റ്റ്യൻ, കെ.ജെ. ബിനോയി, ടോമി ജോസഫ്, ജോർജ് പുല്ലാട്ട്, കെ.എം. ഹരിദാസ്, എം.എ. ജോൺസൺ, ജോൺ പടിഞ്ഞാത്ത്, അബ്ദുൽ റഷീദ് എന്നിവർ സംസാരിച്ചു. കരുവഞ്ചാൽ ഗണേശൻ, അമൃത രാമചന്ദ്രൻ, വക്കച്ചൻ പുല്ലാട്ട്, ഒ.ജി. സുനിൽകുമാർ, ടി.എ. ബാബു ഗുരുക്കൾ, ജമാൽ മൊബൈൽ സിറ്റി, എം.ജെ. ചാക്കോ, ഡോ. ലിൻറു വിൻസ​െൻറ്, ഡോ. ഹസീന മുഹമ്മദ്കുഞ്ഞി, ഡോ. അഞ്ജു ദാമോദരൻ എന്നിവരെയും ആദരിച്ചു. ഹോം ഗാർഡി​െൻറ ഡ്യൂട്ടി തടസ്സപ്പെടുത്തിയ യുവാവിനെതിരെ കേസ് ആലക്കോട്: ഡ്യൂട്ടിക്കിടെ ഹോം ഗാർഡിനെ ഭീഷണിപ്പെടുത്തുകയും ജോലി തടസ്സപ്പെടുത്തുകയും ചെയ്ത യുവാവിനെതിരെ ആലക്കോട് പൊലീസ് കേസെടുത്തു. രയരോം മൂന്നാംകുന്ന് സ്വദേശി സ്റ്റാനിസിനെതിരെയാണ് (23) കേസെടുത്തത്. കഴിഞ്ഞദിവസം ആലക്കോട് വ്യാപാര ഭവന് സമീപം ബസ് സ്റ്റോപ്പിലായിരുന്നു സംഭവം. മറ്റ് വാഹനങ്ങൾക്ക് തടസ്സമാകുന്ന വിധത്തിൽ നിർത്തിയിട്ട ബൈക്ക് എടുത്തുമാറ്റാൻ ആവശ്യപ്പെട്ടതിനാണ് ഇയാൾ ഹോം ഗാർഡിനെ ഭീഷണിപ്പെടുത്തിയതത്രെ. വിവരമറിഞ്ഞെത്തിയ ആലക്കോട് എസ്.െഎയും സംഘവും യുവാവിനെ കസ്റ്റഡിയിലെടുത്തു. പിന്നീട് ജാമ്യത്തിൽ വിട്ടു.",ആലക്കോട്: രാജ്യത്ത് ചെറുകിട വ്യാപാര-വ്യവസായ മേഖല നേരിടുന്ന വെല്ലുവിളികൾ നേരിടാനും അതിജീവിക്കാനും വ്യാപാരികൾ ഒറ്റക്കെട്ടാവണമെന്ന് ജില്ല പഞ്ചായത്ത് പ്രസിഡൻറ് കെ.വി. സുമേഷ്. വ്യാപാരി വ്യവസായി ഏകോപന...,mal,madhyamam,Madhyamam,fake news,48147d4c-2f9b-45a7-9ace-a0209de7bbe8,article,MassiveSum
https://www.madhyamam.com/local-news/kannur/2016/jul/12/208242,,കൂടാളിയില്‍ കേരഗ്രാമം വരുന്നു,,"ഇരിക്കൂര്‍: കേര കാര്‍ഷിക വികസന കര്‍ഷകക്ഷേമവകുപ്പിന്‍െറ തെങ്ങുകൃഷി സമഗ്ര പരിപാലന പദ്ധതി ‘കേരഗ്രാമം’ കൂടാളി പഞ്ചായത്തില്‍ നടപ്പാക്കുന്നു. പഞ്ചായത്ത് പ്രസിഡന്‍റ് പി.പി. നൗഫല്‍ ചെയര്‍മാനും കൃഷി ഓഫിസര്‍ വിനോദ് കുമാര്‍ കണ്‍വീനറുമായി രൂപവത്കരിച്ച സാങ്കേതിക വിഭവ സമിതിയാണ് പദ്ധതി പ്രവര്‍ത്തനങ്ങള്‍ക്ക് നേതൃത്വം നല്‍കുന്നത്. 500 ഹെക്ടര്‍ തെങ്ങിന്‍ തോട്ടം ഒരു ക്ളസ്റ്ററായി കണക്കാക്കിയാണ് ഒരു കേരഗ്രാമം. ഇടവിളകൃഷി, വളപ്രയോഗം, തെങ്ങ് പുനരുദ്ധാരണം, തടം തുറക്കല്‍, പുതയിടല്‍ എന്നിവക്ക് ഹെക്ടറിന് 25,000 രൂപ പദ്ധതി വഴി ധനസഹായം ലഭിക്കും. ഈ ഇനങ്ങളിലായി ക്ളസ്റ്ററില്‍ ഒന്നേകാല്‍ കോടി രൂപ പദ്ധതിക്കായി ചെലവഴിക്കും. ജലസേചന സംവിധാനമൊരുക്കുന്നതിന് യൂനിറ്റിന് 25,000 രൂപ, തെങ്ങ് കയറ്റ യന്ത്രത്തിന് 2000 രൂപ, വളം നിര്‍മാണ യൂനിറ്റിന് 1000രൂപ, തെങ്ങിന്‍ തൈ നഴ്സറിക്ക് 50,000 രൂപ, പഞ്ചായത്തിലെ കേരസമിതി പ്രവര്‍ത്തനങ്ങള്‍ക്ക് 10ലക്ഷം എന്നിങ്ങനെയും ക്ളസ്റ്റര്‍ പരിധിയില്‍ പണം ചെലവഴിക്കും. പഞ്ചായത്തിലെ വിവിധ കര്‍ഷകരുടെ 87,500 തെങ്ങുകള്‍ക്ക് പദ്ധതിയുടെ പ്രയോജനം ലഭ്യമാകും.2000 ഗുണഭോക്താക്കളെയാണ് പദ്ധതിക്കായി കണ്ടത്തെുക. ആകെ ഒന്നരകോടി രൂപയുടെ ധനസഹായം നല്‍കും. ജൂലൈ 10ഓടെ വിവര ശേഖരണം പൂര്‍ത്തിയാക്കി 15ന് പദ്ധതി പ്രവര്‍ത്തനം ആരംഭിക്കാനാണ് ലക്ഷ്യമിടുന്നത്. പദ്ധതിയുടെ അവശ്യഘട്ടങ്ങളില്‍ തൊഴിലുറപ്പ് പദ്ധതി അംഗങ്ങളുടെയും കാര്‍ഷിക വികസനകേന്ദ്രം, കാര്‍ഷിക കര്‍മസേന എന്നിവകളുടെയും സേവനം പ്രയോജനപ്പെടുത്തും. സാങ്കേതിക വിഭവസമിതി തയാറാക്കുന്ന കലണ്ടര്‍പ്രകാരമാണ് പ്രവര്‍ത്തനങ്ങള്‍ നടപ്പാക്കുക. കാര്‍ഷിക വികസന സമിതി അംഗങ്ങള്‍, വാര്‍ഡ് അംഗങ്ങള്‍, അയല്‍സഭ എന്നിവയുടെ യോഗം ചേര്‍ന്ന് പദ്ധതി നടത്തിപ്പിനുള്ള സാങ്കേതിക വികസന സമിതികള്‍ രൂപവത്കരിച്ചുകഴിഞ്ഞു. ഗുണഭോക്താക്കളെ തെരഞ്ഞെടുക്കുന്നതിനുള്ള ഫോറങ്ങള്‍ വിതരണം ചെയ്തു. പദ്ധതി നടപ്പാക്കുന്നതിനുള്ള സംഘാടകസമിതി യോഗം ഇരിട്ടി ബ്ളോക് പഞ്ചായത്ത് പ്രസിഡന്‍റ് എന്‍.ടി. റോസമ്മ ഉദ്ഘാടനം ചെയ്തു. പി.പി. നൗഫല്‍ അധ്യക്ഷത വഹിച്ചു. കൃഷി അസി. ഡയറക്ടര്‍ വി. ലത പദ്ധതി വിശദീകരിച്ചു. കേരളത്തില്‍ ആകെ 30 ഗ്രാമപഞ്ചായത്തുകളിലാണ് കേരഗ്രാമം പദ്ധതി നടപ്പാക്കുന്നത്. കണ്ണൂര്‍ ജില്ലയില്‍ എടക്കാട്, ഇരിട്ടി, പയ്യന്നൂര്‍ ബ്ളോക്കുകളിലെ ഓരോ പഞ്ചായത്തുകളെയാണ് ഈ പദ്ധതിയിലേക്ക് തെരഞ്ഞെടുത്തത്.",ഇരിക്കൂര്‍: കേര കാര്‍ഷിക വികസന കര്‍ഷകക്ഷേമവകുപ്പിന്‍െറ തെങ്ങുകൃഷി സമഗ്ര പരിപാലന പദ്ധതി ‘കേരഗ്രാമം’ കൂടാളി പഞ്ചായത്തില്‍ നടപ്പാക്കുന്നു. പഞ്ചായത്ത് പ്രസിഡന്‍റ് പി.പി. നൗഫല്‍ ചെയര്‍മാനും കൃഷി,mal,madhyamam,Madhyamam,fake news,8b09c98a-c40b-4806-8323-3ebbf43411f4,article,MassiveSum
https://lao.voanews.com/a/grant-100-million-rohinga-camps/4470364.html,https://lao.voanews.com/a/grant-100-million-rohinga-camps/4470364.html,ບັງກລາແດັສ ໄດ້ຮັບເງິນ 100 ລ້ານ ໂດລາ ເພື່ອປັບປຸງ ສູນອົບພະຍົບ ໂຣຮິງຢາ,,"ບັງກລາແດັສພວມໄດ້ຮັບການຊ່ອຍເຫຼືອຈາກທະນາຄານພັດທະນາເອເຊຍ ຫຼື ADB ເພື່ອປັບປຸງສູນອົບພະຍົບ ບ່ອນທີ່ອົບພະຍົບຊາວໂຣຮິງຢາ ທີ່ຫຼົບໜີມາຈາກປະເທດ ມຽນມາ ທີ່ເປັນເພື່ອນບ້ານ ພັກພາອາໄສຢູ່ນັ້ນ.

ທະນາຄານພັດທະນາເອເຊຍ ໄດ້ໃຫ້ການຊ່ອຍເຫຼືອລ້າ 100 ລ້ານໂດລາແກ່ບັງກລາ ແດັສ. ນີ້ແມ່ນເຄິ່ງນຶ່ງ ຂອງເງິນ 200 ລ້ານໂດລາ ທີ່ໃຫ້ການຊ່ອຍເຫຼືອທັງໝົດ.

ທ່ານຕາເຕຮິໂກະ ນາກາໂອະ ປະທານທະນາຄານພັດທະນາເອເຊຍ ກ່າວວ່າ “ດ້ວຍ ຫຼັກການໃຫ້ຄວາມສຳຄັນແກ່ຜູ້ຄົນກ່ອນໝູ່ໝົດນັ້ນ ໂຄງການໃນໄລຍະເລີ້ມຕົ້ນຂອງ ເອດີບີແມ່ນຊອກຫາຊ່ອງທາງເພື່ອໃຫ້ການສະໜອງພື້ນຖານໂຄງລ່າງທີ່ຈຳເປັນແລະ ການບໍລິການ ທີ່ຈະຊ່ອຍບັນເທົາຄວາມຮ້າຍແຮງແລະຄວາມສ່ຽງໃນການອຶດຫິວ ໂຣ ຄາພະຍາດ ແລະໄພພິບັດ.”

ທະນາຄານພັດທະນາເອເຊຍ ກ່າວວ່າ ເວລາຄຳຮ້ອງ ໃນການຂໍເງິນນີ້ ໄດ້ຮັບແລ້ວ ທາງທະນາຄານກໍຈະ “ລິເລີ້ມ ແລະດຳເນີນການ ກ່ຽວກັບໂຄງການດັ່ງກ່າວໂດຍໄວ ເປັນພິເສດ ພາຍໃຕ້ລະບຽບການແບບສຸກເສີນ.”

ທຶນໃນຂັ້ນຕົ້ນຈະຊ່ອຍສ້ອມແປງຖະໜົນຫົນທາງພາຍໃນສູນອົບພະຍົບຕ່າງໆເພື່ອ ໃຫ້ເຊື່ອມຕໍ່ກັບສູນກາງແຈກຢາຍແລະເກັບມ້ຽນອາຫານ ໂຮງໝໍ ໂຮງຮຽນ ແລະປັບ ປຸງການເຂົ້າເຖິງສະຖານທີ່ສຸກເສີນຕ່າງໆ.",ທະນາຄານ ພັດທະນາເອເຊຍ ກ່າວວ່າ ເງິນຈຳນວນດັ່ງກ່າວ ຈະຊ່ອຍສະໜອງ ພື້ນຖານໂຄງລ່າງ ແລະ ການບໍລິການ ທີ່ຈຳເປັນຕ່າງໆ.,mal,voanews,VOA News,fake news,ad9b2b64-e386-4739-995f-e4e8a12f6c60,article,MassiveSum
https://www.15min.lt/gyvenimas/naujiena/sveikata/mokslininke-jei-esate-alergiski-ar-turite-vaiku-berzo-sakuciu-namo-nesineskite-1028-417697,https://www.15min.lt/gyvenimas/naujiena/sveikata/mokslininke-jei-esate-alergiski-ar-turite-vaiku-berzo-sakuciu-namo-nesineskite-1028-417697,"Mokslininkė Ingrida Šaulienė: jei esate alergiški ar turite vaikų, beržo šakučių namo nesineškite",,"Anot I. Šaulienės, informacijos apie sklandančias žiedadulkes žmonės gali rasti specialioje svetainėje. Tada jiems būtų lengviau stebėti savo sveikatą ir žiedadulkių koncentraciją ore derinti su savo simptomais, kuriuos jie galėtų fiksuoti nemokamame žiedadulkių dienoraštyje.

– Šiemet pavasaris neįprastas. O kaip yra su žiedadulkėmis?

– Visi žiediniai augalai barsto žiedadulkes, bet mums nerimą kelia tos žiedadulkės, kurios pasklinda iš vėjo apdulkinamų augalų, nes tada koncentracija didesnė ir truputėlį kitokia pačios žiedadulkės cheminė struktūra – joje yra baltymų, įjautrinančių kai kuriuos žmones. Reikia pasakyti, kad Lietuvoje suskaičiuojame apie 20 rūšių augalų, sukeliančių alergiją. Bet paprastai juos skirstome į tris grupes: pavasarį žydintys medžiai, vasarą žydinčios žolės ir rudeniop arba nuo antros vasaros pusės pradedančios žydėti piktžolės.

Pavasario laikas vienas skaudžiausių, nes žiedadulkių būna labai daug

Žiedadulkes pradėjome aptikti ore gal pora savaičių anksčiau negu įprastai. Žiedadulkių dinamika kito panašiai kaip ir orai (viena dieną geresni ir šiltesni, kitą – atvėsdavo). Iki šiol vis dar žydi alksniai. Paprastai jų žiedadulkių būna iki 30 dienų, o dabar jos sklando jau gerą mėnesį.

– Kokių dar žiedadulkių aptinkama šiuo metu?

– Dabar toks sąstingio laikas. Saulutė lyg ir šviečia, bet šaltos naktys neleidžia pradėti byrėti beržų žiedadulkėms. Nors nevietinių žiedadulkių, atskridusių iš piečiau Lietuvos esančių šalių, tikrai matome jau kokias dvi savaites. Vis dėlto manau, kad šiemet beržų žiedadulkės tikrai pasirodys anksčiau negu įprastai. Matome, kad ką tik pražydėjo ir lazdynai, ir alksniai. Pavasario laikas vienas skaudžiausių, nes žiedadulkių būna labai daug. O balandžio antroje pusėje pradėsiantys žydėti beržai į orą paleis tūkstančius žiedadulkių. Nors, žydint žolėms, kubiniame metre oro paprastai būna iki 50–80 žiedadulkių.

– Prašau informacijos žmonėms, kurie jautrūs žiedadulkėms, turi alerginę slogą, vadinamąją šienligę. Apskaičiuota, kad alergiškų žmonių yra apie 20 proc.

– Viena yra žiūrėti pro langą ir galvoti, kad yra taip, kaip matai. Vėjo apdulkinami augalai turi žiedadulkes, kurios sklando laisvai ir kur nori, be to, jos pakankamai lengvos. Kol kas žydi tik pavieniai beržai, bet iš tikrųjų žiedadulkių jau yra visai nemažai. Prognozes mes skelbiame tinklalapyje www.pollen.lt. Naudingiausia žmonėms būtų stebėti savo sveikatą ir žiedadulkių koncentraciją ore derinti su savo simptomais, kuriuos jie galėtų fiksuoti žiedadulkių dienoraštyje.

Žiedadulkių dienoraštis – nemokama Europos mokslininkų paslauga visiems europiečiams. Tereikia elementarioje duomenų bazėje kiekvieną dieną užpildyti savo sveikatos požymius, ir jūsų duomenys tuoj pat bus susieti su tos dienos duomenimis. Tada jūs pamatysite asmeniškai jums sugeneruotą informaciją. Žinoma, žmogus nematys konkretaus žiedadulkių kiekio, bet matys, ar žiedadulkių koncentracijos didėjimas turi įtakos sveikatai, kokios rūšies augalai gali turėti jai įtakos. O einant pas gydytoją reikia nusinešti tą informaciją.

– Į ką dar reikėtų atkreipti dėmesį?

– Kaip minėjau, beržai turėtų pradėti žydėti apie balandžio vidurį, paprastai Lietuvoje sezonas prasideda apie 22–26 d. Bet manome, kad šiemet tai būti anksčiau. Beržai žydi 3–4 savaites, nes turime keletą rūšių beržų ir jie vienas kitą pakeičia. Balandis ir gegužė turėtų būti sudėtingesnis žmonėms, kuriems rūpi sveikata ir kurie nori gyventi aktyviai.

Taigi šitas savaitgalis greičiausiai paskutinis, kai galima tvarkytis daržus, eiti į mišką ir pan. Noriu priminti, kad žmonės, ypač tie, kurie turi vaikų, nesineštų namo ir nežydinčių beržo šakučių. Didelė beržo žiedadulkių koncentracija gali paveikti net ir nealergiškus žmones. Taigi žydinti beržo šakutes namie nėra geras sumanymas.","Šis savaitgalis greičiausiai paskutinis, kai žiedadulkėms alergiški žmonės gali ramiai pasidžiaugti gamta, sako Šiaulių universiteto Aplinkotyros katedros vedėja prof. Ingrida Š...",mal,15min,15Min,fake news,b6e8f6ff-795b-4f75-a162-2b6d91734504,article,MassiveSum
https://www.madhyamam.com/local-news/kochi/2017/oct/08/351165,https://www.madhyamam.com/local-news/kochi/2017/oct/08/351165,ജി.എസ്​.ടി കൗണ്‍സില്‍ തീരുമാനം സ്വാഗതാര്‍ഹം ^വ്യാപാരി വ്യവസായി ഏകോപന സമിതി,,"ജി.എസ്.ടി കൗണ്‍സില്‍ തീരുമാനം സ്വാഗതാര്‍ഹം -വ്യാപാരി വ്യവസായി ഏകോപന സമിതി ആലപ്പുഴ: ജി.എസ്.ടി കൗണ്‍സിൽ എടുത്ത പുതിയ തീരുമാനങ്ങളെ വ്യാപാരി വ്യവസായി ഏകോപന സമിതി സ്വാഗതം ചെയ്തു. കോമ്പൗണ്ട് നികുതി ബാധ്യതയുടെ പരിധി വര്‍ധിപ്പിച്ചത് ഇടത്തരം വ്യാപാരികള്‍ക്ക് ആശ്വാസകരമാണെന്ന് സംസ്ഥാന ജനറല്‍ സെക്രട്ടറി രാജു അപ്‌സര അഭിപ്രായപ്പെട്ടു. ഒന്നരക്കോടി വരെ വാര്‍ഷിക വിറ്റുവരവുള്ള കച്ചവടക്കാര്‍ മൂന്നുമാസത്തിലൊരിക്കല്‍ റിട്ടേണ്‍ സമര്‍പ്പിച്ചാല്‍ മതിയെന്ന തീരുമാനവും സ്വാഗതാര്‍ഹമാണ്. ജി.എസ്.ടി പോര്‍ട്ടലി​െൻറ തകരാറുമൂലം ബുദ്ധിമുട്ടിലായ വ്യാപാരികള്‍ക്ക് ഇത് ആശ്വാസമാകും. പാന്‍ കാര്‍ഡ് രണ്ടുലക്ഷം രൂപക്ക് മുകളിലുള്ള ഇടപാടുകള്‍ക്കായി നിജപ്പെടുത്തിയത് സ്വര്‍ണവ്യാപാര മേഖലക്ക് അനുകൂല ഘടകമാണ്. റെസ്റ്റാറൻറുകൾ നേരിടുന്ന പ്രശ്‌നങ്ങള്‍ പഠിക്കുന്നതിന് മന്ത്രിതല ഉപസമിതി രൂപവത്കരിച്ചതും സ്വീകാര്യമാണ്. ജൂലൈ, ആഗസ്റ്റ് മാസങ്ങളിലെ റിട്ടേണ്‍ സമര്‍പ്പിക്കലുമായി ബന്ധപ്പെട്ട് വ്യാപാരികള്‍ക്ക് ഉണ്ടായ ബുദ്ധിമുട്ടുകള്‍ക്ക് പരിഹാരം കാണാത്തപക്ഷം വരുംമാസങ്ങളിലെ റിട്ടേണുകള്‍ ഫയല്‍ ചെയ്യാന്‍ ക്ലേശിക്കേണ്ടിവരും. നെറ്റ്വര്‍ക്ക് തകരാറുമൂലം റിട്ടേണ്‍ സമര്‍പ്പിക്കുന്നതിലെ വിവരങ്ങളിലെ കാലതാമസങ്ങള്‍ക്ക് വ്യാപാരികളിൽനിന്ന് പിഴ ഈടാക്കുന്ന രീതി ഒഴിവാക്കണമെന്നും അദ്ദേഹം ആവശ്യപ്പെട്ടു.",ജി.എസ്.ടി കൗണ്‍സില്‍ തീരുമാനം  സ്വാഗതാര്‍ഹം -വ്യാപാരി വ്യവസായി  ഏകോപന സമിതി  ആലപ്പുഴ: ജി.എസ്.ടി കൗണ്‍സിൽ എടുത്ത പുതിയ തീരുമാനങ്ങളെ വ്യാപാരി വ്യവസായി ഏകോപന സമിതി സ്വാഗതം ചെയ്തു. കോമ്പൗണ്ട് നികുതി...,mal,madhyamam,Madhyamam,fake news,bc5fdd7d-a6e2-498f-98cd-e089a40e2617,article,MassiveSum
https://www.madhyamam.com/hotwheels/wonder-world/rajinikanth-wore-face-mask-while-driving-lamborghini/700602,https://www.madhyamam.com/hotwheels/wonder-world/rajinikanth-wore-face-mask-while-driving-lamborghini/700602,ഉറൂസിനെ പറപ്പിച്ച്​ തലൈവൻ; മൂക്കത്ത്​ വിരൽവച്ച്​ ആരാധകർ,,"ഇന്ത്യയിലെ ഒര​േയൊരു സൂപ്പർ സ്​റ്റാർ ആരാണെന്ന ചോദ്യത്തിന്​ ഒറ്റ ഉത്തരമേയുള്ളൂ, രജനീകാന്ത്​. അദ്ദേഹം നൂറ്​ കോടിയൊക്കെ പ്രതിഫലം പറ്റുന്നുണ്ടെന്നാണ്​ കോളിവുഡിലെ അണിയറ സംസാരം. പക്ഷെ വാഹനങ്ങളുടെ കാര്യത്തിൽ രജനിയൊരു ദരിദ്രനാണ്​. ആഢംബര വാഹനങ്ങളുടെ നീണ്ടനിര അദ്ദേഹത്തിന്​ ഉള്ളതായി ഇതുവരെ വെളിപ്പെട്ടിട്ടില്ല.

ത​​െൻറ വരുമാനമനുസരിച്ച്​ ലോകത്ത്​ ഇന്നിറങ്ങുന്ന ഏത്​ വാഹനവും ഗ്യാരേജിലെത്തിക്കാൻ അദ്ദേഹത്തിനാകും. പക്ഷെ വർഷങ്ങളായി അദ്ദേഹം സഞ്ചരിച്ചിരുന്നത്​ ഫിയറ്റ്​, അംമ്പാസഡർ, ഹോണ്ട സിവിക്​, ടൊയോട്ട ഇന്നോവ എന്നീ വാഹനങ്ങളിലാണ്​. അടുത്ത കാലത്ത്​ അദ്ദേഹം ഒരു പൊതുപരിപാടിയിൽ പ​െങ്കടുക്കാൻ ബി.എം.ഡബ്ല്യു എക്​സ്​ ഫൈവിൽ എത്തിയിരുന്നു. ചിലപ്പോഴൊക്കെ അദ്ദേഹം ബെൻസിലും ഒാഡിയിലുമൊക്കെ സഞ്ചരിക്കാറുമുണ്ടായിരുന്നു. പക്ഷെ വാഹനഭ്രമം തലൈവൻ ഒരിക്കലും പ്രകടിപ്പിച്ചിരുന്നില്ല.

മറ്റൊരുകാര്യം രജനി ഒരിക്കലും വാഹനം സ്വന്തമായി ഡ്രൈവ്​ ചെയ്യുന്നതും പതിവുണ്ടായിരുന്നില്ല. പക്ഷെ ഇപ്പോൾ പുറത്തുവന്നിരിക്കുന്നത്​ അസാധാരണമായൊരു ചിത്രമാണ്​. ലോകത്തിലെ ഏറ്റവും വിലയേറിയ എസ്​.യു.വികളിലൊന്നായ ലംബോർഗിനി ഉറൂസാണ്​ രജനി സ്വന്തമായി ഡ്രൈവ്​ചെയ്​ത്​ പോകുന്നത്​. സൂപ്പർ കാറുകളും ഹൈപ്പർ കാറുകളും മാത്രം നിർമ്മിക്കുന്ന ഇറ്റാലിയൻ​ കമ്പനിയായ ലംബോർഗിനിയുടെ ആദ്യ എസ്​.യു.വിയാണ്​ ഉറൂസ്​. നാല്​ കോടിക്കും അഞ്ചുകോടിക്കും ഇടയിലാണ്​ ഉറൂസി​​െൻറ വില. മാസ്​കൊക്കെ ഇട്ട്​ കോവിഡ്​ പ്രോ​േട്ടാക്കോൾ പാലിച്ചാണ്​ സ്​റ്റൈൽ മന്ന​​െൻറ കാർ യാത്ര. ചിത്രം ആരാധകർ ഏറ്റെടുത്തതോടെ സോഷ്യൽ മീഡിയയിൽ വൈറലായി മാറി.

രജനിയുടെ ആദ്യ കാർ രജനീകാന്ത്​ ആദ്യമായി വാങ്ങിയ കാർ ഒരു ഫിയറ്റ്​ പ്രീമിയർ പദ്​മിനിയായിരുന്നു. ആ കാർ വാങ്ങുന്നതിന്​ പിന്നിലൊരു ചരിത്രമുണ്ട്​. ഒരിക്കൽ രജനി തന്നെയാണത്​ വെളിപ്പെടുത്തിയത്​. വർഷം 1977. ഭാരതീരാജയുടെ ‘16 വയതിനിലെ’സിനിമയിൽ അഭിനയിച്ച ശേഷം രജനി മറ്റ്​ സിനിമകൾക്കായി കാത്തിരിക്കുകയായിരുന്നു. ഒരു പ്രൊഡ്യുസർ വന്ന്​ കഥ പറയുകയും രജനി അഭിനയിക്കാമെന്ന്​ സമ്മതിക്കുകയും ചെയ്​തു.

നായകനായിട്ടല്ലെങ്കിലും 6000 രൂപയായിരുന്നു പ്രതിഫലം നിശ്​ചയിച്ചിരുന്നത്​. ചർച്ചകൾക്കുശേഷം രജനി 1000 രൂപ അഡ്വാൻസ്​ ആവശ്യ​െപ്പട്ടു. നിർമാതാവ്​ സിനിമ തുടങ്ങുന്നതിനുമുമ്പ്​ പണം നൽകാമെന്ന്​ സമ്മതിക്കുകയും ചെയ്​തു. ഷൂട്ടിങ്ങ്​ തുടങ്ങുന്ന ദിവസവും അഡ്വാൻസ്​ കിട്ടിയിരുന്നില്ല. എ.വി.എം സ്​റ്റുഡിയോയിൽവച്ച്​ പണം കിട്ടിയാലെ മേക്കപ്പ്​​ ഇടൂ എന്ന്​ രജനി പ്രൊഡ്യൂസറോട്​ ഉറപ്പിച്ച്​ പറഞ്ഞു.

ദേഷ്യംപിടിച്ച നിർമാതാവ്​ രജനിയെ അപമാനിച്ച്​ സ്​റ്റുഡിയോയിൽ​ നിന്ന്​ പുറത്താക്കി. അന്ന്​ രജനിക്ക്​ സ്വന്തമായി വാഹനം ഉണ്ടായിരുന്നില്ല. തന്നെ കാറിൽ വീട്ടിൽ ​െകാണ്ടുവിടണമെന്ന്​ അദ്ദേഹം ആവശ്യ​െപ്പ​െട്ടങ്കിലും നിർമാതാവ്​ അതിനും വഴങ്ങിയില്ല. അപമാനിതനായ അദ്ദേഹം സ്​റ്റുഡിയോയിൽ നിന്ന്​ നടന്ന്​ പുറത്തുവരു​േമ്പാൾ ഒരു ബസ്​ നിർത്തിയിരിക്കുന്നുണ്ടായിരുന്നു. അതിലുള്ള ആളുകൾ രജനിയെ കണ്ട്​ ‘പര​ൈട്ട’എന്ന്​ ആർത്തുവിളിച്ചു. രജനി കരുതിയത്​ അവർ തന്നെ അപമാനിക്കു​കയാണെന്നായിരുന്നു.

യഥാർഥത്തിൽ എ.വി.എമ്മിന്​ എതിർവശത്ത്​ പതിച്ചിരുന്ന 16 വയതനിലെയുടെ പോസ്​റ്റർ കണ്ട ആളുകൾ അതിലെ രജനിയുടെ കഥാപാത്രത്തി​​െൻറ പേര്​ വിളിക്കുകയായിരുന്നു. അന്ന്​ താനൊരു തീരുമാനം എടുത്തതായി രജനി പറയുന്നു. എ.വി.എമ്മിലേക്ക്​ ഒരുദിവസം താനൊരു വിദേശ കാറിൽ കാലുകൾ കയറ്റിവച്ച്​ വരും എന്നായിരുന്നു ആ തീരുമാനം.

രണ്ടര വർഷങ്ങൾക്ക്​ ശേഷം രജനി എ.വി.എം സ്​റ്റുഡിയോയുടെ പ്രൊ​​പ്രൈറ്റർമാരിൽ ഒരാളിൽ നിന്ന്​ 4.25ലക്ഷം മുടക്കി ഒരു ഇറ്റാലിയൻ നിർമിത ഫിയറ്റ്​ കാർ വാങ്ങുകയായിരുന്നു. ഒരുപാട്​ വർഷങ്ങൾ ആ ഫിയറ്റായിരുന്നു രജനിയുടെ വാഹനം.","ഇന്ത്യയിലെ ഒര​േയൊരു സൂപ്പർ സ്​റ്റാർ ആരാണെന്ന ചോദ്യത്തിന്​ ഒറ്റ ഉത്തരമേയുള്ളൂ, രജനീകാന്ത്​. അദ്ദേഹം നൂറ്​ കോടിയൊക്കെ പ്രതിഫലം പറ്റുന്നുണ്ടെന്നാണ്​ കോളിവുഡിലെ അണിയറ സംസാരം. പക്ഷെ വാഹനങ്ങളുടെ...",mal,madhyamam,Madhyamam,fake news,f20aa937-dcfa-4988-a740-0570aa1d32ed,article,MassiveSum
https://www.madhyamam.com/local-news/kochi/2018/may/16/485715,,ഭൂനികുതി വർധന പിൻവലിക്കണം,,"പിറവം: ഭൂനികുതി വർധന പിൻവലിക്കണമെന്ന് കർഷക കോൺഗ്രസ് പാമ്പാക്കുട മണ്ഡലം കമ്മിറ്റി ആവശ്യപ്പെട്ടു. ഉൽപന്നങ്ങളുടെ വിലയിടിവും ഉൽപാദനച്ചെലവി​െൻറ വർധനയും മൂലം ബുദ്ധിമുട്ടുന്ന കർഷകർക്ക് ഇൗ ഭൂനികുതി താങ്ങാവുന്നതിലധികമാണ്. മണ്ഡലം പ്രസിഡൻറ് മൈനാച്ചൻ കുടിലിൽ അധ്യക്ഷത വഹിച്ചു. ജില്ല സെക്രട്ടറി റോയ് ജോൺ ഉദ്ഘാടനം ചെയ്തു. ബെന്നി സ്കറിയ, സാജു പാറേക്കുടി, സാബു നരേക്കാട്ട്, കെ. നാരായണൻ നായർ, മാത്യു തടത്തിൽ, മാത്യു വർഗീസ് എന്നിവർ സംസാരിച്ചു. ഡാറ്റാ എൻട്രി ഒഴിവ് പിറവം: കാർഷിക വികസനേക്ഷമവകുപ്പിനു കീഴിൽ മണ്ണുപരിശോധനയുടെ വിവരങ്ങൾ കമ്പ്യൂട്ടറിൽ ചേർക്കാനും മറ്റുമായി കമ്പ്യൂട്ടർ പഠിച്ചവരെ ആവശ്യമുണ്ട്. പിറവം, രാമമംഗലം, പാമ്പാക്കുട, തിരുമാറാടി, കൂത്താട്ടുകുളം, പാലക്കുഴ, ഇലഞ്ഞി എന്നീ കൃഷിഭവനുകളുമായി കൂടുതൽ വിവരങ്ങൾക്ക് ബന്ധപ്പെടണം.",പിറവം: ഭൂനികുതി വർധന പിൻവലിക്കണമെന്ന് കർഷക കോൺഗ്രസ് പാമ്പാക്കുട മണ്ഡലം കമ്മിറ്റി ആവശ്യപ്പെട്ടു. ഉൽപന്നങ്ങളുടെ വിലയിടിവും ഉൽപാദനച്ചെലവി​െൻറ വർധനയും മൂലം ബുദ്ധിമുട്ടുന്ന കർഷകർക്ക് ഇൗ ഭൂനികുതി...,mal,madhyamam,Madhyamam,fake news,a7e148de-c7d0-49c4-aed6-c92dd5fdae5e,article,MassiveSum
https://www.madhyamam.com/kerala/local-news/kasaragod/--547771,,പിലിക്കോട്ട് സിവിൽ പൊലീസ് ഓഫിസർ അടക്കം മൂന്നുപേർക്ക് കോവിഡ്,,ചെറുവത്തൂർ: പിലിക്കോട് പഞ്ചായത്തിൽ മാണിയാട്ടെ 34കാരനായ സിവിൽ പൊലീസ് ഓഫിസർ അടക്കം മൂന്നു പേർ കോവിഡ് പോസിറ്റിവായി. ഹോസ്ദുർഗ് പൊലീസ് സ്​റ്റേഷനിലെ സിവിൽ പൊലീസ്​ ഓഫിസറും രണ്ട്​ ആർമിയിൽ നിന്നുള്ളവരുമാണ്​ ഇവർ.,പിലിക്കോട്ട് സിവിൽ പൊലീസ് ഓഫിസർ അടക്കം മൂന്നുപേർക്ക് കോവിഡ്,mal,madhyamam,Madhyamam,fake news,fdd45099-6421-442a-8ba7-0bf6316630f0,article,MassiveSum
https://www.delfi.lv/news/national/politics/covid-19-saslimsanas-uzliesmojums-vecpiebalga-apstiprinati-vismaz-50-gadijumi.d?id=52568425,https://www.delfi.lv/news/national/politics/covid-19-saslimsanas-uzliesmojums-vecpiebalga-apstiprinati-vismaz-50-gadijumi.d?id=52568425,Covid-19 saslimšanas uzliesmojums Vecpiebalgā: apstiprināti vismaz 50 gadījumi,,"Vecpiebalgā ir atklāts Covid-19 saslimšanas uzliesmojums, kurā šobrīd ir apstiprināti vismaz 50 saslimšanas gadījumi, medijiem piektdien atklāja Slimību profilakses un kontroles centra (SPKC) Infekcijas slimību riska analīzes un profilakses departamenta direktors Jurijs Perevoščikovs.

Latvijā izsludinātā ārkārtējā stāvokļa laikā DELFI publikācijas par jaunā koronavīrusa izraisīto slimību Covid-19 pieejamas bez maksas.

SPKC sākumā reaģēja uz gadījumu, kur bija saslimis izglītības iestādes darbinieks.

Veicot epidemioloģisko izmeklēšanu, tika atklāta saistība ar kori un ekskursiju. Šobrīd zināms, ka saistībā ar piedalīšanos korī ir saslimuši seši cilvēki.

""Starp ekskursijas dalībniekiem bija pietiekami daudz cilvēku, kas ar simptomiem palika mājās,"" teica Perevoščikovs.

Viņš arī norādīja, ka nekavējoties tika veikta papildus testēšana, kā arī pauda bažas, ka ""saslimšanas izplatības risks ir lielāks nekā sākotnēji konstatēts"".

Perevoščikovs piebilda, ka saslimšanas gadījumi Vecpiebalgā atklāti trīs dienu laikā. Vismaz 40 atklāti, izmantojot siekalu testus un 10 ar tradicionālo iztriepju testiem.

Jau vēstīts, ka pēdējā diennaktī veikti 4759 Covid-19 testi, reģistrēti 148 jauni saslimšanas gadījumi, kā arī viens nāves gadījums. Mirušais bija vecuma grupā no 30 līdz 35 gadiem.

Preses konferencē piektdien Perevoščikovs skaidroja, ka, pēc viņa rīcībā esošās informācijas, mirušajam cilvēkam nav bijušas citas zināmas blakus slimības. Viņš norādīja, ka Covid-19 infekcija arī veseliem cilvēkiem var beigties ar smagāku klīnisko norisi.

Sākumā saslimušajai bija vieglāki simptomi, vēlāk stāvoklis pasliktinājās un bija grūti ar šo cilvēku kontaktēties, atklāja Perevoščikovs.

Jau ziņots, ka Latvijā kopā veikti 382 949 izmeklējumi, saslimušas 3204 personas un 1329 izveseļojušās, 42 mirušas.

Pozitīvo gadījumu īpatsvars pret testētajiem aizvadītajā diennaktī sasniedzis 3,1%, norāda SPKC.

Nedēļas sākumā SPKC Infekcijas slimību riska analīzes un profilakses departamenta direktors Jurijs Perevoščikovs skaidroja, ka triju nedēļu laikā pozitīvo testu skaits Latvijā pieaudzis no 0,2% līdz 2,2%. Novērots arī tas, ka inficēto skaits pieaudzis septiņas reizes.

Pavasarī eksperti norādīja, ka kritisks rādītājs ir 3% pozitīvu testu, taču tagad Eiropas Savienības eksperti ir vienojušies par robežrādītāju 4%.

""Ja četri vai vairāk procenti no visiem testiem ir pozitīvi, tad var uzskatīt, ka slimība izplatās sabiedrībā diezgan plaši,"" norādīja Perevoščikovs. Pagājušajā nedēļā Latvijā šis rādītājs bija 2,2%.

Jau ziņots, ka visā Latvijā saistībā ar Covid-19 izplatīšanos 12. martā tika izsludināta ārkārtējā situācija, kas beidzās 9. jūnijā.

Pasaules Veselības organizācija (PVO) devusi nosaukumu jaunā koronavīrusa izraisītajai slimībai. Tā nodēvēta par Covid-19. Nosaukums izveidots no vārdiem ""korona"", ""vīruss"" un ""slimība"". Savukārt skaitlis 19 apzīmē gadu, kurā sākās vīrusa uzliesmojums. Pirmās ziņas par vīrusa uzliesmojumu parādījās pērnā gada 31. decembrī.","Vecpiebalgā ir atklāts Covid-19 saslimšanas uzliesmojums, kurā šobrīd ir apstiprināti vismaz 50 saslimšanas gadījumi, medijiem piektdien atklāja Slimību profilakses un kontroles centra (SPKC) Infekcijas slimību riska analīzes un profilakses departamenta direktors Jurijs Perevoščikovs.",mal,delfi,Delfi,fake news,2f7c08ef-b82b-4613-bda2-e9fe4d2a98d1,article,MassiveSum
https://www.madhyamam.com/local-news/thrissur/2015/sep/30/കവര്‍ച്ചക്ക്-പിന്നില്‍-വിദഗ്ധ-സംഘം,,കവര്‍ച്ചക്ക് പിന്നില്‍ വിദഗ്ധ സംഘം,,"ചാവക്കാട്:വടക്കേക്കാട് പ്രവാസി വ്യവസായി തടാകം കുഞ്ഞുമുഹമ്മദിന്‍െറ വീട്ടില്‍ നിന്ന് 500 പവനും വജ്രാഭരണങ്ങളും പണവുമുള്‍പ്പെടെ കവര്‍ന്നതിന് പിന്നില്‍ പ്രഫഷനല്‍ സംഘമെന്ന് പൊലീസ്. പ്രാഥമികാന്വേഷണത്തിന് ശേഷമുള്ള വിലയിരുത്തലിലാണ് പൊലീസ് ഈ നിഗമനത്തില്‍ എത്തിയത്. എസ്.പി കെ. കാര്‍ത്തികിന്‍െറ മേല്‍നോട്ടത്തില്‍ കുന്നംകുളം ഡിവൈ.എസ്.പി കെ.എസ്. സുദര്‍ശന്‍െറ നേതൃത്വത്തില്‍ സൈബര്‍ വിദഗ്ധര്‍ കൂടി ഉള്‍പ്പെടുന്ന പ്രത്യേക സംഘമാണ് കേസ് അന്വേഷിക്കുന്നത്. കവര്‍ച്ചാസംഘത്തില്‍ ഒന്നിലേറെ പേരുണ്ടെന്നാണ് വിലയിരുത്തല്‍. തൂശൂരില്‍ നിന്നത്തെിയ വിരലടയാള വിദഗ്ധരും സയന്‍റിഫിക് വിഭാഗവും ശേഖരിച്ച വിവരങ്ങളുടെ അടിസ്ഥാനത്തില്‍ കരുതലോടെയാണ് പൊലീസ് നീക്കം. രണ്ട് ദിവസം മുമ്പ് അപരിചിതരായ മൂന്നുപേരെ കണ്ടെന്ന ഹിന്ദിക്കാരന്‍ കാവല്‍ക്കാരന്‍െറ മൊഴി വിശ്വസനീയമാണെന്ന് പൊലീസ് കരുതുന്നു. ഈ സാഹചര്യത്തില്‍ പ്രദേശത്തെ മൊബൈല്‍ ടവറുകള്‍ കേന്ദ്രീകരിച്ചും അന്വേഷിക്കും. വിദേശത്തുള്ള കുഞ്ഞിമുഹമ്മദിനെ പൊലീസ് ബന്ധപ്പെട്ടതോടെയാണ് 500 പവനൊപ്പം വജ്രാഭരണങ്ങളും 25,000 രൂപയും നഷ്ടപ്പെട്ടതായി അറിഞ്ഞത്. എന്നാല്‍, കുഞ്ഞിമുഹമ്മദും കുടുംബവും നാട്ടിലത്തെി പരിശോധിച്ച ശേഷമേ നഷ്ടത്തിന്‍െറ കൃത്യമായ കണക്ക് ലഭിക്കൂ. ആധുനിക ഉപകരണങ്ങളുപയോഗിച്ചാണ് അടുക്കള വാതിലുള്‍പ്പെടെ തുറന്നിട്ടുള്ളത്. ലോക്കറിന്‍െറ താക്കോലിരുന്ന അലമാര തുറന്നതും കരുതലോടെയാണ്. മുഴുവന്‍ സമയവും കാവല്‍ക്കാരുള്ള ഇവിടെ ഒരു ശബ്ദവുമുണ്ടാക്കാതെ ആസൂത്രിതമായി കവര്‍ച്ച നടത്തിയതാണ് പിന്നില്‍ പ്രഫഷനല്‍ സംഘമാണെന്ന നിഗമനത്തിലത്തൊന്‍ കാരണം. പത്തിലധികം മുറികളുള്ള വീട്ടില്‍ താക്കോല്‍ സൂക്ഷിച്ച അലമാര കൃത്യമായി കണ്ടത്തെിയതിലൂടെ മോഷ്ടാക്കള്‍ക്ക് വീടുമായി അടുത്ത പരിചയമുണ്ടാകാമെന്നും പൊലീസ് സംശയിക്കുന്നു. ഈ സാഹചര്യത്തില്‍ പ്രദേശവാസികളെയും നിരീക്ഷിക്കുന്നുണ്ട്. ചാവക്കാട് സി.ഐ എ.ജെ ജോണ്‍സണ്‍, കുന്നംകുളം സി.ഐ കൃഷ്ണദാസ്, ചാവക്കാട് എസ്.ഐ പി.ഡി അനൂപ്മോന്‍, വടക്കേക്കാട് എസ്.ഐ ടി.എസ്. റനീഷ് എന്നവരാണ് അന്വേഷണ സംഘത്തിലുള്ളത്.",ചാവക്കാട്:വടക്കേക്കാട് പ്രവാസി വ്യവസായി തടാകം കുഞ്ഞുമുഹമ്മദിന്‍െറ വീട്ടില്‍ നിന്ന് 500 പവനും വജ്രാഭരണങ്ങളും പണവുമുള്‍പ്പെടെ കവര്‍ന്നതിന് പിന്നില്‍ പ്രഫഷനല്‍ സംഘമെന്ന് പൊലീസ്.,mal,madhyamam,Madhyamam,fake news,83fe1c59-97a8-4d10-a209-43043039a913,article,MassiveSum
https://www.madhyamam.com/gulf-news/oman/2017/jan/18/242499,,ആവേശമായി പട്ടം പറത്തല്‍ ഉത്സവം,,സലാല: മകരസംക്രാന്തി ഉത്സവത്തിന്‍െറ ഭാഗമായി ഇന്ത്യന്‍ സോഷ്യല്‍ക്ളബ് രാജസ്ഥാനി വിങ് സംഘടിപ്പിച്ച പട്ടംപറത്തല്‍ ഉത്സവം ആഘോഷാന്തരീക്ഷത്തില്‍ നടന്നു. ദാരീസ് ബീച്ചില്‍ നടന്ന പരിപാടി ക്ളബ് വൈസ് പ്രസിഡന്‍റ് യു.പി. ശശീന്ദ്രന്‍ ഉദ്ഘാടനം ചെയ്തു. സ്വദേശി പ്രമുഖരും ചടങ്ങില്‍ സംബന്ധിച്ചു. വിവിധ വര്‍ണങ്ങളിലും രൂപത്തിലുമുള്ള പട്ടങ്ങള്‍ ആകാശത്ത് പറത്തിയായിരുന്നു ആഘോഷം. വിവിധ കലാകായിക മത്സരങ്ങളും നടന്നു. വിജയികളായവര്‍ക്ക് കണ്‍വീനര്‍ സോഹന്‍ലാല്‍ സമ്മാനങ്ങള്‍ വിതരണം ചെയ്തു.മസ്കത്ത്: മസ്കത്ത് ഗുജറാത്തി സമാജിന്‍െറ ആഭിമുഖ്യത്തിലും പട്ടം പറത്തല്‍ ഉത്സവം നടന്നു. ചെറിയ കുട്ടികള്‍ മുതല്‍ വൃദ്ധര്‍ വരെ പരിപാടിയില്‍ ആവേശപൂര്‍വം പങ്കുകൊണ്ടതായി ഗുജറാത്തി സമാജ് കണ്‍വീനര്‍ ചന്ദ്രേകാന്ത് വി.ചോതാനി പറഞ്ഞു.,സലാല: മകരസംക്രാന്തി ഉത്സവത്തിന്‍െറ ഭാഗമായി ഇന്ത്യന്‍ സോഷ്യല്‍ക്ളബ് രാജസ്ഥാനി വിങ് സംഘടിപ്പിച്ച പട്ടംപറത്തല്‍ ഉത്സവം ആഘോഷാന്തരീക്ഷത്തില്‍ നടന്നു.  ദാരീസ് ബീച്ചില്‍ നടന്ന പരിപാടി ക്ളബ് വൈസ്...,mal,madhyamam,Madhyamam,fake news,f1ef755d-b05b-498a-903f-e59053407df5,article,MassiveSum
https://www.madhyamam.com/kerala/vv-vasanthakumar-kerala-news/593065,,ജവാ​​െൻറ മൃതദേഹം നാളെ കരിപ്പൂരിലെത്തിക്കും,,കരിപ്പൂര്‍: ജമ്മു-കശ്മീരില്‍ പുല്‍വാമയില്‍ ഭീകരാക്രമണത്തില്‍ വീരമൃത്യു വരിച്ച മലയാളി സി.ആര്‍.പി.എഫ് ജവാന്‍ വയനാട് ലക്കിടി സ്വദേശി വി.വി. വസന്തകുമാറി​​​െൻറ മൃതദേഹം ശനിയാഴ്ച രാവിലെ 8.55ന് കരിപ്പൂരിലെത്തും. ഡൽഹിയില്‍നിന്ന് മുംബൈ വഴി എയര്‍ ഇന്ത്യ വിമാനത്തില്‍ കരിപ്പൂരിലെത്തുന്ന മൃതദേഹം ജില്ല ഭരണകൂടത്തി​​​െൻറ നേതൃത്വത്തില്‍ ഔദ്യോഗിക ബഹുമതികളോടെ ഏറ്റുവാങ്ങും. പിന്നീട് റോഡ് മാര്‍ഗം വയനാട്ടിലേക്ക് കൊണ്ടുപോകും.,കരിപ്പൂര്‍: ജമ്മു-കശ്മീരില്‍ പുല്‍വാമയില്‍ ഭീകരാക്രമണത്തില്‍ വീരമൃത്യു വരിച്ച മലയാളി സി.ആര്‍.പി.എഫ് ജവാന്‍ വയനാട് ലക്കിടി സ്വദേശി വി.വി. വസന്തകുമാറി​​​െൻറ മൃതദേഹം ശനിയാഴ്ച രാവിലെ 8.55ന്...,mal,madhyamam,Madhyamam,fake news,8762be3e-29d1-48be-b5fa-064d08c726f5,article,MassiveSum
https://www.madhyamam.com/local-news/trivandrum/2017/jun/22/277613,,ശ്രീലങ്കൻ അഭയാർഥികൾക്ക് ജാതി സർട്ടിഫിക്കറ്റ് അനുവദിക്കും^മുഖ്യമന്ത്രി,,"ശ്രീലങ്കൻ അഭയാർഥികൾക്ക് ജാതി സർട്ടിഫിക്കറ്റ് അനുവദിക്കും-മുഖ്യമന്ത്രി തിരുവനന്തപുരം: 1964-74 കാലത്ത് ഇന്ത്യ ഗവൺമ​െൻറ് ഉടമ്പടിപ്രകാരം കേരളത്തിൽ അഭയാർഥികളായി വന്ന ശ്രീലങ്കക്കാർക്ക് ജാതി സർട്ടിഫിക്കറ്റ് അനുവദിക്കാൻ മുഖ്യമന്ത്രി പിണറായി വിജയ​െൻറ അധ്യക്ഷതയിൽ ചേർന്ന യോഗം തീരുമാനിച്ചു. അഭയാർഥികൾ വരുന്നസമയം ഹൈക്കമീഷൻ നൽകിയ ഫാമിലി കാർഡിൽ ജാതി ചേർത്തിരുന്നവർക്ക് മാത്രമേ സർട്ടിഫിക്കറ്റ് അനുവദിച്ചിരുന്നുള്ളൂ. അതേസമയം ജാതി ചേർക്കാനാവാത്തതി​െൻറ പേരിൽ മിക്കവർക്കും സർട്ടിഫിക്കറ്റ് നിഷേധിക്കപ്പെടുന്ന സ്ഥിതിയുണ്ടായി. തമിഴ്നാട് സർക്കാർ ജാതി സർട്ടിഫിക്കറ്റ് അനുവദിക്കുന്ന മാതൃകയിൽ സർട്ടിഫിക്കറ്റ് നൽകാനാണ് മുഖ്യമന്ത്രി നിർദേശിച്ചത്. അപേക്ഷക​െൻറയും പ്രദേശെത്ത അതേ സമുദായത്തിൽപെട്ട അഞ്ചു പേരുടെയും സത്യവാങ്മൂലത്തി​െൻറ അടിസ്ഥാനത്തിൽ പ്രാദേശികാന്വേഷണം നടത്തിയാണ് ജാതി സർട്ടിഫിക്കറ്റ് അനുവദിക്കുക. 700 കുടുംബങ്ങളിലായി 8000ഒാളം പേരാണ് അഭയാർഥികളായി പുനലൂരിലുള്ളത്. പത്തനംതിട്ട ജില്ലയിലും ഈ വിഭാഗത്തിൽപെട്ടവരുണ്ട്. ജാതി സർട്ടിഫിക്കറ്റ് ലഭിക്കാത്തതുകാരണം പട്ടികജാതിക്കാർക്ക് ലഭിക്കേണ്ട ആനുകൂല്യങ്ങൾ ഇവർക്ക് മുടങ്ങിയിരിക്കുകയായിരുന്നു. യോഗത്തിൽ മന്ത്രിമാരായ കെ. രാജു, ടി.പി. രാമകൃഷ്ണൻ, റവന്യൂ പ്രിൻസിപ്പൽ സെക്രട്ടറി പി.എച്ച്. കുര്യൻ, എസ്.സി/എസ്.ടി പ്രിൻസിപ്പൽ സെക്രട്ടറി ഡോ. വേണു, പട്ടികജാതി ഡയറക്ടർ അലി അസ്ഗർ പാഷ തുടങ്ങിയവർ പങ്കെടുത്തു.",ശ്രീലങ്കൻ അഭയാർഥികൾക്ക് ജാതി സർട്ടിഫിക്കറ്റ് അനുവദിക്കും-മുഖ്യമന്ത്രി  തിരുവനന്തപുരം: 1964-74 കാലത്ത് ഇന്ത്യ ഗവൺമ​െൻറ്  ഉടമ്പടിപ്രകാരം കേരളത്തിൽ അഭയാർഥികളായി വന്ന ശ്രീലങ്കക്കാർക്ക് ജാതി...,mal,madhyamam,Madhyamam,fake news,1f052cbd-e526-47a5-aa95-853ec13dcb79,article,MassiveSum
https://janayugomonline.com/indian-premier-league-folllowup-entry-for-fans/,,ഐപിഎല്‍; സ്റ്റേഡിയത്തില്‍ കാണികള്‍ക്ക് പ്രവേശിക്കാം!,,"ഐപിഎല്‍ വേദിയില്‍ 30 ശതമാനം കാണികളെ ഉള്‍പ്പെടുത്തുന്ന കാര്യം പരിഗണിച്ചേക്കുമെന്ന് റിപ്പോര്‍ട്ട്. ബിസിസിഐ പ്രസിഡന്റ് സൗരവ് ഗാംഗുലിയാണ് ഇത് സംബന്ധിച്ച സൂചനകള്‍ പുറത്തുവിട്ടത്.

കോവിഡിന്റെ കണക്കുകള്‍ മറ്റ് സ്ഥലങ്ങളെ അപേക്ഷിച്ച് ഭീകരമല്ലാത്തതിനാലാണ് ബിസിസിഐയുടെ ഈ തീരുമാനം. നിലവിലെ കോവിഡ് പശ്ചാത്തലത്തില്‍ കാണികളെ അടുത്തടുത്ത് ഇരുത്തുന്നതിനോട് യോജിപ്പില്ലെന്ന് ബിസിസിഐ പ്രസിഡന്റ് ഗാംഗുലി വ്യക്തമാക്കി. എന്നാല്‍ അധികം വൈകാതെ സാമൂഹിക അകലം പാലിച്ച് 30 ശതമാനം കാണികളെ നിങ്ങള്‍ക്ക് മൈതാനത്ത് കാണാന്‍ സാധിക്കുമെന്നും ഗാംഗുലി കൂട്ടിച്ചേര്‍ത്തു. ഗാംഗുലിയുടെ ഈ വാക്കുകള്‍ ഐപിഎല്ലില്‍ കാണികള്‍ ഉണ്ടായേക്കുമെന്ന ശുഭ സൂചനയായിട്ടാണ് ക്രിക്കറ്റ് ആരാധകര്‍ കണക്കാക്കുന്നത്.

ഒഴിഞ്ഞ സ്‌റ്റേഡിയത്തില്‍ കളിക്കുമ്പോള്‍ താരങ്ങള്‍ക്കുണ്ടാകുന്ന വിരസത ഒഴിവാക്കാന്‍ 30 ശതമാനം കാണികളെ പരിഗണിക്കുന്നതിലൂടെ സാധിക്കുമെന്ന പ്രതീക്ഷയിലാണ് ബിസിസിഐ. ഗ്രൗണ്ടില്‍ പ്രവേശിക്കുന്ന കാണികളെ കൃത്യമായി പരിശോധിക്കുമെന്നും എന്നാല്‍ പെട്ടെന്ന് തന്നെ കാണികളെ പ്രവേശിപ്പിക്കുന്നത് അസാധ്യമായിരിക്കുമെന്നും പറഞ്ഞ ഗാംഗുലി, കാണികളെ ഐപിഎല്ലില്‍ ഒഴിവാക്കുക അത്ര എളുപ്പമല്ലെന്നും നമ്മള്‍ മനുഷ്യരാണെന്നും ഏത് പ്രതിസന്ധികളെയും മറികടക്കുമെന്നും കൂട്ടിച്ചേര്‍ത്തു.

Eng­lish sum­ma­ry: Indi­an pre­mier league folllowup

You may also like this video:",ഐപിഎല്‍ വേദിയില്‍ 30 ശതമാനം കാണികളെ ഉള്‍പ്പെടുത്തുന്ന കാര്യം പരിഗണിച്ചേക്കുമെന്ന് റിപ്പോര്‍ട്ട്. ബിസിസിഐ പ്രസിഡന്റ് സൗരവ് ഗാംഗുലിയാണ്,mal,janayugomonline,Janayugomonline,fake news,2d576503-cbf2-49a6-a370-ad6abf0e28af,article,MassiveSum
https://www.madhyamam.com/local-news/malappuram/629186,,യുദ്ധവിരുദ്ധ ദിനാചരണം,,"പൂക്കോട്ടുംപാടം: പറമ്പ ഗവ. യു.പി സ്കൂളിൽ ഹിരോഷിമ, നാഗസാക്കി യുദ്ധവിരുദ്ധ ദിനാചരണവും പോസ്റ്റർ പ്രദര്‍ശനവും സംഘടിപ്പിച്ചു. പ്രധാനാധ്യാപകൻ എൻ. പ്രദീപ് ക്ലാസെടുത്തു. ഫോട്ടോ ppm 3 പറമ്പ ഗവ. യു.പി സ്കൂളിൽ ഹിരോഷിമ, നാഗസാക്കി യുദ്ധവിരുദ്ധ ദിനാചരണത്തിൽ പ്രധാനാധ്യാപകൻ എൻ. പ്രദീപ് സംസാരിക്കുന്നു","പൂക്കോട്ടുംപാടം: പറമ്പ ഗവ. യു.പി സ്കൂളിൽ ഹിരോഷിമ, നാഗസാക്കി യുദ്ധവിരുദ്ധ ദിനാചരണവും പോസ്റ്റർ പ്രദര്‍ശനവും സംഘടിപ്പിച്ചു. പ്രധാനാധ്യാപകൻ എൻ. പ്രദീപ് ക്ലാസെടുത്തു. ഫോട്ടോ ppm 3 പറമ്പ ഗവ. യു.പി",mal,madhyamam,Madhyamam,fake news,2cf76671-c193-4de2-93f9-2263788f0ee9,article,MassiveSum
https://lao.voanews.com/a/kerry-tours-central-asia/3032941.html,https://lao.voanews.com/a/kerry-tours-central-asia/3032941.html,ທ່ານ Kerry ພົບປະກັບ ປະທານປະເທດ ອຸສເບກິສຖານ ແລະ ບັນດາ ຜູ້ນຳ ເອເຊຍກາງ,,"ໃນວັນອາທິດວານນີ້ ລັດຖະມົນຕີການຕ່າງປະເທດ ສະຫະລັດ ທ່ານ John Kerry ໄດ້ ພົບປະກັບຜູ້ນຳຜະເດັດການຂອງ Uzbekistan ເຈົ້າໜ້າທີ່ຈາກບັນດາປະເທດ ເອເຊຍ ກາງຄົນອື່ນໆ ທີ່ຖືກກ່າວຫາວ່າເປັນໜຶ່ງໃນຜູ້ທີ່ກະທຳຜິດທາງດ້ານສິດທິມະນຸດ ທີ່ຮ້າຍ ແຮງທີ່ສຸດຂອງໂລກນັ້ນ.

ການຢ້ຽມຢາມຂອງທ່ານ Kerry ໃນເອເຊຍກາງໄດ້ເກີດຂຶ້ນຫຼັງ ຈາກການຢ້ຽມຢາມໃນ ຢູໂຣບ ແລະ ຕາເວັນອອກກາງ. ໃນວັນອາ ທິດວານນີ້, ທ່ານໄດ້ພົບປະກັບບັນດາຜູ້ນຳ ຂອງອະດີດສະຫະ ພາບໂຊວຽດ ຂອງ Kyrgyztan, Tajikistan, Turkmenistan ແລະ Uzbekistan, ເຊິ່ງທັງໝົດໄດ້ມີຄວາມເປັນຫ່ວງກ່ຽວກັບ ການຟື້ນຄືນຂອງພວກ ຕາລີບານ ໃນ ອັຟການິສຖານ ແລະ ການເກນຄົນຂອງພວກເຂົາເຂົ້າ ໃນອົງການກໍ່ການ ຮ້າຍເຊັ່ນ ລັດອິສລາມ. ທ່ານKerryໄດ້ຖະແຫຼງຄວາມເປັນຫ່ວງດັ່ງກ່າວນີ້ ທີ່ກອງປະຊຸມ ໃນເມືອງຖະໜົນສາຍໄໝໂບຮານແຫ່ງ Samarkand.

ທ່ານ Kerry ໄດ້ກ່່າວວ່າ “ພວກເຮົາຈະເຈລະຈາກ່ຽວກັບການເຕີບໂຕທາງດ້ານເສດ ຖະກິດ ແລະ ການເຊື່ອມ ຕໍ່ກັນ, ສິ່ງແວດລ້ອມ, ຄວາມປອດໄພໃນພາກພື້ນ ແລະ ສະຖຽນລະພາບ ແລະ ຂອບ ເຂດຂອງມະນຸດ. ໃນເວລາສະເພາະຂອງປະຫວັດສາດ ນີ້, ເສດຖະກິດ ແລະ ບັນຫາ ຄວາມປອດໄພແມ່ນຕ້ອງຈັບມືໄປຄຽງຄູ່ກັນ. ມັນເປັນ ການເພີ່ມກຳລັງໃຫ້ກັນ ແລະ ກັນ.”

ກ່ອນໜ້ານີ້, ທ່ານ Kerry ໄດ້ໂອ້ລົມກັບປະທານປະເທດຂອງ Uzbekistan ທ່ານ Islam Karimov ໃນການພົບປະລະດັບສູງທີ່ບໍ່ຄ່ອຍມີກັບ ສະຫະລັດ ແລະ ຜູ້ນຳຜະເດັດການ ແລະ ມັກເປັນເປົ້າ ໝາຍຂອງການພິພາກວິຈານດ້ານສິດທິມະນຸດ.

ຮອງໂຄສົກ ກະຊວງການຕ່າງປະເທດ ທ່ານ Mark Tonerໄດ້ກ່າວວ່າ “ທ່ານ Kerry ແລະ ທ່ານ Karimov ໄດ້ປຶກສາຫາລືບັນຫາຂອງໂລກ ກ່ຽວກັບຄວາມເປັນຫ່ວງຮ່ວມກັນ ລວມ ທັງການຕໍ່ຕ້ານລັດທິຫົວຮຸນແຮງລວມທັງຄວາມໝັ້ນຄົງໃນພາກພື້ນ ແລະ ສະຖຽນລະພາບ”

ປະທານປະເທດ Uzbek ທີ່ມີອາຍຸ 77 ປີ ໄດ້ເປັນຜູ້ນຳຂອງປະເທດຕັ້ງແຕ່ປີ 1990 ເປັນ ຕົ້ນມາ.

ເຈົ້າໜ້າທີ່ ສະຫະລັດ ນັບຖືການຢ້ຽມຢາມຂອງທ່ານ Kerry ວ່າເປັນວິທີຂອງການຮັບຮອງ ຄວາມແຂງແກ່ນສາຍພົວພັນຂອງບັນດາປະເທດ ເອເຊຍກາງ ກັບ ວໍຊິງຕັນ ໃນເວລາທີ່ ສາຍພົວພັນ ສະຫະລັດ ແລະ ຣັດເຊຍ ເສື່ອມຖອຍລົງ. ແຕ່ທ່ານກໍຍັງມີຄວາມກົດດັນທີ່ຈະ ກ່າວອອກມາຕໍ່ເອກະສານປະກອບການພິຈາລະນາດ້ານສິດທິມະນຸດຂອງ ພວກເຂົາເຈົ້າ.

ອົງການສິ້ງຊອມສິດທິມະນຸດທີ່ມີຫ້ອງການຕັ້ງຢູ່ ສະຫະລັດ ໄດ້ຂໍໃຫ້ທ່ານ Kerry ກົດດັນ ສຳລັບການປ່ອຍໂຕປາຊາຊົນທີ່ຖືກຂັງຄຸກຢ່າງບໍ່ຖືກຕ້ອງ, ໄດ້ຮັບການຍົກເວັ້ນໂທດສຳລັບ ຄວາມທໍລະມານ, ແລະ ສະໜັບສະໜູນຄຳໝັ້ນສັນຍາທາງດ້ານສິດທິທີ່ສຳຄັນ ອື່ນໆ.",ໃນວັນອາທິດວານນີ້ ລັດຖະມົນຕີການຕ່າງປະເທດ ສະຫະລັດ ທ່ານ John Kerry ໄດ້ພົບປະກັບຜູ້ນຳຜະເດັດ ການຂອງ Uzbekistan ແລະ ບັນດາເຈົ້າໜ້າທີ່ຈາກພວກປະເທດ ເອເຊຍກາງຄົນອື່ນໆ.,mal,voanews,VOA News,fake news,62c5ca50-77cf-4182-8862-cf6590ff24d2,article,MassiveSum
https://www.madhyamam.com/local-news/thrissur/2018/aug/24/545039,,ചാവക്കാട് മേഖലയിൽ ശുചീകരണ പ്രവര്‍ത്തനങ്ങള്‍ ആരംഭിച്ചു,,"ചാവക്കാട്: പ്രളയത്തെത്തുടർന്ന് വെള്ളത്തിലായ വീടുകളിൽ ശുചീകരണ പ്രവർത്തനം ആരംഭിച്ചു. ചാവക്കാട് നഗരസഭ, പുന്നയൂർ, പുന്നയൂർക്കുളം, ഒരുമനയൂർ, കടപ്പുറം പഞ്ചായത്തുകളിലാണ് ഓരോ വാര്‍ഡുകളിലും വാര്‍ഡ് അംഗവും ആരോഗ്യ പ്രവര്‍ത്തകരും വിവിധ വാര്‍ഡുകളിലെ സന്നദ്ധപ്രവര്‍ത്തകരും ആശാ വര്‍ക്കര്‍മാര്‍, അംഗന്‍വാടി ജീവനക്കാർ, തൊഴിലുറപ്പ് പ്രവര്‍ത്തകര്‍ ഉള്‍പ്പെടുന്ന വിവിധ സംഘങ്ങളുടെ നേതൃത്വത്തിൽ ശുചീകരണമാരംഭിച്ചത്. ചാവക്കാട് നഗരസഭയിലെ പ്രളയബാധിത പ്രദേശങ്ങളിൽ ശുചീകരണ പ്രവര്‍ത്തനങ്ങള്‍ നടത്തുന്നതിനും ദുരന്തബാധിതര്‍ക്ക് ആശ്വാസം നൽകുന്നതിനുമായി നഗരസഭയിലെ എല്ലാ വാര്‍ഡുകളിലും പ്രത്യേകയോഗം ചേര്‍ന്ന് ശുചീകരണ സേന രൂപവത്കരിച്ചു. കെ.വി. അബ്ദുൽ ഖാദര്‍ എ.എൽ.എ ഉദ്ഘാടനം ചെയ്തു. ചെയർമാൻ എൻ.കെ. അക്ബർ, സെക്രട്ടറി ഡോ. ടി.എൻ. സിനി, ആരോഗ്യ ഇൻസ്പെക്ടർ വി. പോൾ േതാമസ്, വിവിധ സന്നദ്ധ സംഘടന പ്രവർത്തകർ പങ്കെടുത്തു. ശുചീകരണ സേനക്ക് ആവശ്യമായ ബ്ലീച്ചിങ് പൗഡര്‍, ഫിൈനൽ, കുമ്മായം,കൈയുറകള്‍, മാസ്‌ക്, ഗംബൂട്ട്, ചവര്‍കോരി, ബക്കറ്റ്, ലഘുലേഖകള്‍, വളൻറിയര്‍ നോട്ടീസ് എന്നിവ നഗരസഭ നൽകിയിട്ടുണ്ട്. പ്രളയദുരന്തത്താൽ സംഭവിച്ച അടിയന്തര സാഹചര്യങ്ങള്‍, ജനങ്ങള്‍ സ്വീകരിക്കേണ്ട മുന്‍കരുതലുകള്‍ എന്നിവ സംബന്ധിച്ച് അറിയിപ്പ്, നോട്ടീസ് മുതലായവ എല്ലാ വീടുകളിലും വിതരണം ചെയ്യുന്നുണ്ട്. പുന്നയൂർ പഞ്ചായത്തിൽ ചേർന്ന യോഗത്തിൽ പ്രസിഡൻറ് എം.കെ. ഷഹര്‍ബാൻ അധ്യക്ഷത വഹിച്ചു. ജില്ല പഞ്ചായത്ത് അംഗം ടി.എ. ഐഷ, ബ്ലോക്ക് പഞ്ചായത്തംഗങ്ങളായ ഉമ്മര്‍ മുക്കണ്ടത്ത്, പഞ്ചായത്ത് വൈസ് പ്രസിഡൻറ് ആര്‍.പി. ബഷീര്‍, സ്ഥിരം സമിതി അധ്യക്ഷന്മാരായ ഐ.പി. രാജേന്ദ്രന്‍, സീനത്ത് അശ്റഫ്, ഷാജിത അശ്‌റഫ്, ഡോ. നിത എന്നിവർ സംസാരിച്ചു.","ചാവക്കാട്: പ്രളയത്തെത്തുടർന്ന് വെള്ളത്തിലായ വീടുകളിൽ ശുചീകരണ പ്രവർത്തനം ആരംഭിച്ചു. ചാവക്കാട് നഗരസഭ, പുന്നയൂർ, പുന്നയൂർക്കുളം, ഒരുമനയൂർ, കടപ്പുറം പഞ്ചായത്തുകളിലാണ് ഓരോ വാര്‍ഡുകളിലും വാര്‍ഡ് അംഗവും...",mal,madhyamam,Madhyamam,fake news,ca74fada-ac5e-4dbb-84dd-a9c8fcbb4923,article,MassiveSum
https://www.madhyamam.com/local-news/thrissur/2018/apr/30/476754,https://www.madhyamam.com/local-news/thrissur/2018/apr/30/476754,യൂത്ത് കോൺഗ്രസ് കൺവെൻഷൻ,,"ചെറുതുരുത്തി: യൂത്ത് കോൺഗ്രസ് കൊണ്ടയൂർ മേഖല കൺവെൻഷൻ ശിവൻ വീട്ടികുന്ന് ഉദ്ഘാടനം ചെയ്തു. മഹേഷ് വെളുത്തേടത്ത് അധ്യക്ഷത വഹിച്ചു. പി.ഐ. ഷാനവാസ് മുഖ്യ പ്രഭാഷണം നടത്തി. നിഖിൽ ജോൺ, കെ. പ്രേമൻ, കെ.ആർ. സനാതനൻ, മുസ്തഫ തലശ്ശേരി, എം. മഞ്ജുള, അബ്ദുൾ റഫീക്ക്, ഷറഫുദ്ദീൻ തങ്ങൾ, സുനിൽ കറ്റുവട്ടൂർ, വേലായുധൻ, മണികണ്ഠൻ, കെ.പി. ഗോപി, അബ്ദുൽ ഹക്കീം, തുടങ്ങിയവർ സംസാരിച്ചു.","ചെറുതുരുത്തി: യൂത്ത് കോൺഗ്രസ് കൊണ്ടയൂർ മേഖല കൺവെൻഷൻ ശിവൻ വീട്ടികുന്ന് ഉദ്ഘാടനം ചെയ്തു. മഹേഷ് വെളുത്തേടത്ത് അധ്യക്ഷത വഹിച്ചു. പി.ഐ. ഷാനവാസ് മുഖ്യ പ്രഭാഷണം നടത്തി. നിഖിൽ ജോൺ, കെ. പ്രേമൻ, കെ.ആർ....",mal,madhyamam,Madhyamam,fake news,9f3b64ea-649a-4974-8eff-e991fee77063,article,MassiveSum
https://www.dengiamerika.com/a/4211125.html,https://www.dengiamerika.com/a/4211125.html,دە خوله‌کی یه‌که‌می کاژمێری سێـیه‌م,,سه‌ره‌تای به‌رنامه‌ و چه‌ند هه‌واڵێـک,سه‌ره‌تای به‌رنامه‌ و چه‌ند هه‌واڵێـک,mal,dengiamerika,Dengi Amerika,fake news,53a81de0-2058-4fd8-ac4a-0d687447d80e,article,MassiveSum
https://www.dengeamerika.com/a/3923951.html,https://www.dengeamerika.com/a/3923951.html,Bernama Duyê,,Bernameyên bi zimanê Kurmancî ji Dengê Amerîka (VOA) li ser înternetê,Bernameyên bi zimanê Kurmancî ji Dengê Amerîka (VOA) li ser înternetê,mal,dengeamerika,Denge Amerika,fake news,538da181-ff22-40fd-affd-98631056be26,article,MassiveSum
https://lao.voanews.com/a/a-52-a-2005-02-01-1-1-90670484/1182414.html,https://lao.voanews.com/a/a-52-a-2005-02-01-1-1-90670484/1182414.html,"Music Requests, 1/30/05 - 2005-02-01",,"We entertain our audience with international music this weekend, featuring Bananarama's ""Take Me to Your Heart,"" followed by M2M's ""Pretty Boy,"" and wrapping up with Billboard's number One pop hit, ""Let me Love You,"" by Mario.

Join program hostess Dara Baccam for over 12 minutes of pretty songs.","We entertain our audience with international music this weekend, featuring
Bananarama's ""Take Me to Your Heart,"" followed by M2M's ""Pre",mal,voanews,VOA News,fake news,299d3e02-0745-4ddc-9390-8b5a6d84e76c,article,MassiveSum
https://www.15min.lt/ikrauk/naujiena/fotopolicija/blondines-atsiprasymas-video-519-253945,https://www.15min.lt/ikrauk/naujiena/fotopolicija/blondines-atsiprasymas-video-519-253945,Blondinės atsiprašymas (video),,"Atsiprašau Jūsų, gerbiamieji kelių erliai ir gaideliai, kad stabdau eismą ir sudarau kliūtį važiuodama leistinu greičiu. Suprantu, kad visais atvejais Jūs preciziškai apskaičiuojat atstumus, atliekat manevrus nerizikuodami kitų eismo dalyvių saugumu ir sveikata ir pasiaukojate dėl šalies gerovės papildydami jos skylėtą biudžetą. Pagarba Jums.","Atsiprašau Jūsų, gerbiamieji kelių erliai ir gaideliai, kad stabdau eismą ir sudarau kliūtį važiuodama leistinu greičiu. Suprantu, kad visais atvejais Jūs preciziškai apskaič...",mal,15min,15Min,fake news,1e8d8a6c-693d-4391-b636-6176414169dc,article,MassiveSum
https://www.madhyamam.com/movies/movies-news/movie-news-others/2016/mar/07/182597,,മണിയുടേത് അളക്കാനാവാത്ത സ്നേഹം -മമ്മൂട്ടി,,"കോഴിക്കോട്: ഞായറാഴ്ച അന്തരിച്ച തെന്നിന്ത്യൻ നടൻ കലാഭവൻ മണിയെ മമ്മൂട്ടി അനുസ്മരിച്ചു. തന്‍റെ ഫേസ്ബുക്കിലൂടെയാണ് സഹപ്രവർത്തകനൊപ്പമുള്ള ഒാർമകൾ പങ്കുവെച്ചത്. മണിയുടേത് അളക്കാനാകാത്ത സ്നേഹമെന്ന് മമ്മൂട്ടി ഫേസ്ബുക്കിൽ കുറിച്ചു.

‘‘കാറിന്‍റെ ഡിക്കിയിൽ മാങ്കോസ്റ്റീൻ തൈകളും കൂടയിൽ നിറയെ മാങ്കോസ്റ്റീൻ പഴങ്ങളുമായി മമ്മൂക്കാ.... എന്നു വിളിച്ചുകൊണ്ടു വരുന്ന മണി ഇനിയുണ്ടാകില്ലെന്നതു ഞെട്ടലിനും അപ്പുറത്തുള്ള എന്തോ ആണ്. ടിവിയിൽ മണി അന്തരിച്ചു എന്നെഴുതിക്കാണിക്കുമ്പോൾ ഇവിടെ ബംഗളൂരുവിൽ ഞാനൊരു ഷൂട്ടിങ് തിരക്കിൽ നിൽക്കുകയാണ്. ഇത്തവണ മരണം കൊണ്ടുപോയത് എന്‍റെ അരികിൽനിന്ന് ഒരാളെയാണ്. എന്തിനും കയ്യെത്തും ദൂരത്തുണ്ടായിരുന്നൊരു സഹോദരനെ. എന്തു പറഞ്ഞാണു ഞാൻ എന്നെത്തന്നെ സമാധാനിപ്പിക്കുക! തെറ്റു ചെയ്താൽ അരികിൽവന്നു തലകുനിച്ചു കണ്ണു തുടയ്ക്കുന്നൊരു അനുജനായിരുന്നു മണി. എന്‍റെ വീട് അവന്‍റെ കൂടെ വീടാണെന്ന് കരുതിയിരുന്ന ഒരാൾ.

മണി എന്നെ കണ്ടതു ജേഷ്ഠനായാണ്. സിഗരറ്റ് വലിക്കുമ്പോൾ പോലും ഞാൻ വരുന്നതു കണ്ടാൽ ഒരുനിമിഷം അതു മറച്ചുപിടിക്കാൻ നോക്കും. അത് അറിയാതെ ചെയ്തു പോകുന്നതാണ്. കലർപ്പില്ലാതെയാണു മണി സ്നേഹിച്ചത്. ‘മറുമലർച്ചി’ എന്ന സിനിമയുടെ ഷൂട്ടിങ് തിരുവണ്ണാമലയിൽ നടന്നുകൊണ്ടിരിക്കെ അഭിനയിക്കാമെന്നേറ്റ ഹാസ്യനടൻ പെട്ടെന്നു വരില്ലെന്നറിയിച്ചു. അതോടെ ആളില്ലാതായി. ...

ഞാൻ പറഞ്ഞു മലയാളത്തിൽ കലാഭവൻ മണിയെന്നൊരു നല്ല നടനുണ്ട്. അദ്ദേഹത്തെ വിളിക്കാമെന്ന്. അന്നു ഞാൻ പറഞ്ഞത്... വിളിച്ചാൽ തിരിച്ചയയ്ക്കില്ലെന്ന് ഉറപ്പു തരണമെന്നാണ്. കാരണം അത്രയും നല്ലൊരു നടനെ തിരിച്ചയച്ചാൽ അതൊരു വേദനയാകും. അവർ മണിയെ തിരിച്ചയയ്ക്കില്ലെന്ന് ഉറപ്പു നൽകി. അവർ വിളിച്ചപ്പോൾ തമിഴ് അറിയില്ലെന്ന് പറഞ്ഞു മുങ്ങി. അവസാനം ഞാൻ വിളിച്ച് ഇതു നല്ല അവസരമാണെന്നു പറഞ്ഞു. കുറച്ചു ദേഷ്യത്തിൽ പറഞ്ഞു എന്നാണ് ഓർമ. ഉടൻ പറഞ്ഞു, നാളെ രാവിലെ ഞാനവിടെ എത്തുമെന്ന്. അതായിരുന്നു തമിഴിലെ തുടക്കം. പിന്നീട് മണി തമിഴിൽ വലിയ നടനായി.

ചാലക്കുടിയിലോ തിരക്കില്ലാത്ത ലൊക്കേഷനിലോ ആണ് ഷൂട്ട് എങ്കിൽ കോഴിയും ആടുമെല്ലാമായി മണിയും സംഘവും വരും. കൂടെയൊരു പാചകക്കാരനും കാണും. മണിയും നല്ല പാചകക്കാരനാണ്. എനിക്കിഷ്ടമുള്ളതെല്ലാം ഉണ്ടാകി മണി ഊട്ടിക്കും. ഭക്ഷണം കഴിച്ചു മതി വരുന്നതു മണിക്കു കാണണമായിരുന്നു. മണിയുടെ ഭക്ഷണത്തിലുണ്ടായിരുന്നതു സ്നേഹമാണ്. അളക്കാനാവാത്ത സ്നേഹം. മണി എന്തെങ്കിലും വേണ്ടാത്തതു കാണിച്ചുവെന്നു കേട്ടാൽ ഞാ‍ൻ വിളിക്കുമായിരുന്നു. ‘ഇനി ഉണ്ടാകില്ല’ എന്നു പറഞ്ഞു ഫോണിന്‍റെ മറുവശത്തു മൂളിക്കൊണ്ടു മിണ്ടാതിരിക്കും പിന്നെ കണ്ടാൽ കുറ്റബോധത്തോടെ അടുത്തുവരും. കുറെ നേരം ഇരിക്കാതെ അടുത്തു നിൽക്കും

വാഹനത്തിൽ നിറയെ കൂട്ടുകാരുമായി സെറ്റിലെത്തി അവരെയെല്ലാം പരിചയപ്പെടുത്തി കൂടെനിന്നു പടമെടുത്തു വിടും. എല്ലാ തലത്തിലുമുള്ളവരുടെ വലിയ സംഘം മണിക്കുണ്ടായിരുന്നു. എന്നെ ഒരിക്കൽ ചാലക്കുടിയിലെ ഒരു ഉത്സവ പറമ്പിൽ കൊണ്ടുപോയി. ജനത്തിരക്ക് കാരണം വേദിയുടെ തൊട്ടടുത്തുവരെ ജനം നിറഞ്ഞു തുളുമ്പി. പുറത്തുപോകുന്ന കാര്യം ആലോചിക്കാനെ വയ്യ. മണി നേരെ മുന്നിലേക്കിറങ്ങി ‘എല്ലാവരും സ്നേഹപൂർവം മാറണം, മമ്മൂക്കയ്ക്ക് പോകണം’ എന്നു കനത്ത ശബ്ദത്തിൽ പറഞ്ഞതും ജനം ഇരുവശത്തേക്കും മാറി. മുന്നിൽ ഒരാനയെപ്പോലെ എനിക്കു വഴിയൊരുക്കിക്കൊണ്ടു മണി നടന്നു. മണി ഒരു ശക്തിയായിരുന്നു. ആദ്യ കാലത്ത് ഞങ്ങൾ കാൾ ലൂയിസ് എന്നാണു മണിയെ വിളിച്ചിരുന്നത്. അത്രയ്ക്കും മനോഹരമായ ശരീരമായിരുന്നു

മണിയെന്ന കലാകാരനും വ്യക്തിയും നടനോളം തന്നെ വലുതായിരുന്നു. അമ്മയുടെ യോഗത്തിൽ ഒരിക്കൽ ബാബുരാജും മണിയും തമ്മിൽ വലിയ വഴക്കായി. അടി വീഴുമെന്നുവരെ തോന്നിച്ചു. യോഗം അവസാനിക്കുമ്പോൾ മണി ബാബുരാജിന്‍റെ തോളിൽ കൈയ്യിട്ടു പുറത്തേക്കു കൊണ്ടുപോകുന്നതു കണ്ടു....

മലയാള സിനിമയിലും ഗാനശാഖയിലും നാടൻ പാട്ടെന്ന ശാഖ തിരിച്ചു കൊണ്ടുവന്നതു മണിയാണ്. നൂറുകണക്കിനു പാട്ടുകൾ മണി തേടിപ്പിടിച്ചു. അതറിയാവുന്നവരെ കൊണ്ട് എഴുതിച്ചു. മണിയുടേതായ ഗായകസംഘമുണ്ടായി. മണിയുടെ പാട്ട് മണിയുടേത് മാത്രമായിരുന്നു. സത്യത്തിൽ മണിയുടെ വലിയൊരു ബാൻഡ് രൂപപ്പെടേണ്ടതായിരുന്നു ആയിരക്കണക്കിന് ആളുകൾ ഗൾഫിൽപ്പോലും മണിയുടെ പാട്ടിന്‍റെ താളത്തിനൊത്തു നൃത്തം ചവിട്ടുന്നതു ഞാൻ കണ്ടിട്ടുണ്ട്. മലയാളം അറിയാത്തവരുടെ വലിയ സംഘങ്ങൾ പോലും അതിലുണ്ടായിരുന്നു. മണിയുടെ ശരീരഭാഷയും താളവും അവതരണവും ഭാഷയ്ക്കും അപ്പുറത്തേക്കു സംഗീതത്തെ കൊണ്ടുപോയി.’’",കോഴിക്കോട്: ഞായറാഴ്ച അന്തരിച്ച തെന്നിന്ത്യൻ നടൻ കലാഭവൻ മണിയെ മമ്മൂട്ടി അനുസ്മരിച്ചു. തന്‍റെ ഫേസ്ബുക്കിലൂടെയാണ് സഹപ്രവർത്തകനൊപ്പമുള്ള ഒാർമകൾ പങ്കുവെച്ചത്. മണിയുടേത് അളക്കാനാകാത്ത സ്നേഹമെന്ന്...,mal,madhyamam,Madhyamam,fake news,3c4fe232-e175-4990-911c-a6d8526c8dee,article,MassiveSum
https://www.madhyamam.com/local-news/trivandrum/632662,,പ്രളയം: അടിയന്തര ധനസഹായം സെപ്​റ്റംബർ ഏഴിനകം,,"തിരുവനന്തപുരം: പ്രളയദുരിതാശ്വാസവുമായി ബന്ധെപ്പട്ട് ദുരന്തബാധിത കുടുംബത്തിന് നൽകുന്ന 10,000 രൂപയുടെ അടിയന്തര ധന സഹായം സെപ്റ്റംബർ ഏഴിനകം കൊടുത്തുതീർക്കാൻ നിർദേശം. ഇതുസംബന്ധിച്ച് സർക്കാർ വിശദ ഉത്തരവ് പുറപ്പെടുവിച്ചു. അർഹരെ തെരഞ്ഞെടുക്കാനുള്ള മാനദണ്ഡങ്ങളും സർക്കാർ പുറപ്പെടുവിച്ചു. നഷ്ടപരിഹാരം നിശ്ചയിക്കാൻ കഴിഞ്ഞ പ്രളയകാലത്തെ മാനദണ്ഡങ്ങളാണ് ഇക്കുറിയും ബാധകമാക്കുക. ഇത് സംബന്ധിച്ചും സർക്കാർ ഉത്തരവിറക്കിയിട്ടുണ്ട്. വീടുകളുടെ നഷ്ടപരിഹാര മാനദണ്ഡങ്ങളും ഇതോടൊപ്പമുണ്ട്.","തിരുവനന്തപുരം: പ്രളയദുരിതാശ്വാസവുമായി ബന്ധെപ്പട്ട് ദുരന്തബാധിത കുടുംബത്തിന് നൽകുന്ന 10,000 രൂപയുടെ അടിയന്തര ധന   സഹായം സെപ്റ്റംബർ ഏഴിനകം കൊടുത്തുതീർക്കാൻ നിർദേശം. ഇതുസംബന്ധിച്ച് സർക്കാർ വിശദ...",mal,madhyamam,Madhyamam,fake news,bee34687-1e7e-43c9-aef0-e6223d1b0c9b,article,MassiveSum
https://nra.lv/video/6517-lambjels-redz-vasiljeva-potencialu-klut-par-labako-dailslidotaju-pasaule.htm,https://nra.lv/video/6517-lambjels-redz-vasiljeva-potencialu-klut-par-labako-dailslidotaju-pasaule.htm,Lambjēls redz Vasiļjevā potenciālu kļūt par labāko daiļslidotāju pasaulē!,,"Olimpiskais reportieris Edgars Buļs ir kopā ar Latvijas izlasei Ziemas Olimpisko spēļu norises vietā Dienvidkorejā, lai ik dienu ziņotu par aktuālākajiem notikumiem un mūsējo panākumiem. LMT Viedtelevīzija piedāvā jaunāko reportāžu no Phjončhanas, kurā Edgars tiekas ar Latvijas izlases debitantiem - šorttrekistu Robertu Zvejnieku un daiļslidotāju Denisa Vasiļjeva un Diānas Ņikitinas treneri Stefanu Lambjēlu.","Olimpiskais reportieris Edgars Buļs ir kopā ar Latvijas izlasei Ziemas Olimpisko spēļu norises vietā Dienvidkorejā, lai ik dienu ziņotu par aktuālākajiem notikumiem un mūsējo panākumiem. LMT Viedtelevīzija piedāvā jaunāko reportāžu no Phjončhanas, kurā Edgars tiekas ar Latvijas izlases debitantiem - šorttrekistu Robertu Zvejnieku un daiļslidotāju Denisa Vasiļjeva un Diānas Ņikitinas treneri Stefanu Lambjēlu.",mal,nra,NRA,fake news,ec8c9235-2cab-4428-9036-855bb3211c60,article,MassiveSum
https://lao.voanews.com/a/kurds-release-video-of-iraq-prison-rescue/3023020.html,https://lao.voanews.com/a/kurds-release-video-of-iraq-prison-rescue/3023020.html,ຊາວເຄີດ ເຜີຍແຜ່ ວີດີໂອ ການໂຈມຕີຄຸກ ຂອງພວກລັດ ອິສລາມ ໃນອີຣັກ,,"ວິ​ດີ​ໂອ​ທີ່​ໄດ້​ນຳ​ສະ​ເໜີ​ອອກ​ທາງ ອອນ​ໄລ​ນ໌ ​ໃນ​ວັນ​ອາ​ທິດ ​ວານ​ນີ້ ​ໄດ້​ສະ​ແດງ​ໃຫ້​ເຫັນ ​ການ​ໂຈມ​ຕີ​ຮ່ວມ​ລະຫວ່າງ ສະຫະລັດ ​ແລະ ນັກຮົບ Peshmerga ຢູ່​ຄຸກ​ຂອງ​ພວກ ລັດ​ອິສລາມ ​ໃນ​ພາກ​ເໜືອ​ຂອງອີ​ຣັກ ​ໃນ​ສັບປະດາ​ແລ້ວນີ້ ​ເຊິ່ງ​ໄດ້​ປົດ​ປ່ອຍ​ໂຕ​ປະກັນ 69 ຄົນ.

​ໃນ​ວິ​ດີ​ໂອ​ຄວາມ​ຍາວ 2 ນາທີ​ໄດ້​ຖ່າຍ​ຈາກກ້ອງ​ທີ່​ຕິດ​ຕັ້ງ​ ຢູ່​ເທິງ​ໝວກ​ກັນ​ນັອກ ​ແລະ ​ໄດ້ຖືກ​ເຜີຍ​ແຜ່​ ໂດຍ​ສະພາ ​ຄວາມ​ໝັ້ນຄົງ​ Kurdistan ໃນ​ພາກ​ພື້ນ ຫຼື KRSC. ໜ່ວຍ ​ຈູ່​ໂຈມ​ນຸ່ງ​ເຄື່ອງແບບ​ຫຼາຍ​ຄົນ ​ໄດ້ເປັນ​ຜູ້ນຳ​ໜ້າ​ກຸ່​ມ ຂອງ​ຊາຍ ​ຫຼາຍ​ຄົນ ​ເຄື່ອນ​ຍ້າຍຈາກ​ຫ້ອງ​ໜຶ່ງ​ ຫາ​ອີກ​ຫ້ອງ​ໜຶ່ງ​ຢ່າງ​ວ່ອງ​ໄວ ​ໃນ​ຂະນະ​ທີ່​ສຽງ​ປືນ​ທີ່ດັງ​ຂຶ້ນ​ຢ່າງ​ບໍ່ຢຸດ​ຢັ້ງ​ເກີດ​ຂຶ້ນ​ຢູ່​ໃກ້​ຄຽງ.

ສຽງ​ຂອງ​ຊາຍ​ຄົນ​ໜຶ່ງ​ຮ້ອງ​ເປັນ​ພາສາ ອາຣັບ ວ່າ “​ໄວ​ແດ່ໆ” ຢ່າງ​ຊ້ຳ​ແລ້ວຊ້ຳອີກ ​ໃນ​ຂະນະ ​ທີ່​ທະຫານ​ຄຸ້ມ​ກັນ ພວກ​ນັກໂທດ ​ໄປ​ບ່ອນ​ທີ່​ປອດ​ໄພ ຢູ່​ພາ​ຍ​ໃນ​ບໍ​ລິ​ເວນ​ຂອງ​ຄຸກດັ່ງກ່າວ.

ສ​ະມາ​ຊິກທະຫານ​ຮັກສາ​ຄວາມ​ປອດ​ໄພ ອີຣັກ ​ຫຼາຍ​ຄົນແມ່ນໜຶ່ງ​ໃນ​ຈຳ​ນວນຂອງ​ໂຕ​ປະກັນ ​ທີ່​ໄດ້​ຖືກ​ຊ່ວຍ​ເຫຼືອ​ອອກ​ຈາກ​ຄຸກ Hawija, ພາກ​ຕາ​ເວັນ​ຕົກ​ຂອງ​ເມືອງ Kirkuk.

ສະພາ KRSC ​ໄດ້​ກ່າວ​ໃນ​ວັນ​ພະຫັດ​ທີ່​ຜ່ານ​ມາ​ວ່າ ພວກ​ຫົວ​ຮຸນ​ແຮງ​ລັດ​ອິສລາມ 6 ຄົນ​ ໄດ້​ຖືກ​ຈັບ​ກຸມ ​ແລະ ອີກ 20 ຄົນ​ໄດ້​ຖືກ​ຂ້າ​ຕາຍ​ໃນ​ການ​ປະຕິ​ບານ​ການ.

ພະນັກງານ​ທະຫານ ສະຫະລັດ ຄົນ​ໜຶ່ງ ​ຈ່າ​ເອກ Joshua L. Wheeler ​ໄດ້​ຖືກ​ຂ້າ​ຕາຍ​ ໃນ​ລະຫວ່າງ​ການ​ໂຈມ​ຕີ, ​ເປັນ​ການເສຍ​ຊີວິດ​ຄົນ​ທຳ​ອິດ​ສຳລັບ​ທະຫານ ອາ​ເມຣິກາ ຢູ່​ ເທິງ​ພື້ນ​ດິນ ​ໃນລະຫວ່າງ​ປະຕິບັດ​ການ​ນຳ​ໜ້າ​ໂດຍ ສະຫະລັດ ຕໍ່​ກັບ​ພວກ ລັດ​ອິສລາມ ​ ໃນ​ອີຣັກ ​ແລະ ຊີ​ເຣຍ.

​ທັງເຈົ້າ​ໜ້າ​ທີ່ສະຫະລັດ ແລະ Kurdish ​ໄດ້​ກ່າວ​ວ່າ ການປະຕິບັດ​ການ​ກູ້​ໄພ​ໄດ້​ຖືກ​ດຳ​ ເນີນ​ຂຶ້ນ ​ໃນ​ຂະນະ​ທີ່​ພວກ​ນັກ​ໂທ​ດທັງ​ຫຼາຍ​ໄດ້​ປະ​ເຊີນ​ໜ້າ​ກັບ​ການ​ປະຫານ​ຊີວິດ​ທີ່​ໃກ້​ ຈະ​ມີ​ຂຶ້ນ.

ລັດຖະມົນຕີປ້ອງ​ກັນ​ປະ​ເທດທ່ານ Ash Carter ໄດ້ກ່າວໃນວັນສຸກທີ່ ຜ່ານມາວ່າ “ຕອນນີ້ ພວກເຮົາໄດ້ຍິນຈາກບັນດາໂຕປະກັນວ່າພວກເຂົາເຈົ້າຄາດວ່າຈະຖືກປະຫານຊີວິດ ໃນມື້ນັ້ນ ຫຼັງຈາກການສວດ ມົນຕອນເຊົ້າ. ຫຼຸມຝັງສົບຂອງພວກເຂົາເຈົ້າ ແມ່ນໄດ້ຖືກ ກະກຽມໄວ້ແລ້ວ.”",ວີດີໂອ ສະແດງໃຫ້ເຫັນ ໜ່ວຍກ້າຕາຍ ໃນເຄື່ອງແບບ ນຳພາພວກນັກໂທດຊາຍ ອອກຈາກຫ້ອງນຶ່ງ ໄປອີກຫ້ອງນຶ່ງ ຢ່າງວ່ອງໄວ ຂະນະທີ່ສຽງປືນດັງບໍ່ຢຸດ.,mal,voanews,VOA News,fake news,662f880b-cf93-4f3c-85f6-7718b852de31,article,MassiveSum
https://www.madhyamam.com/local-news/trivandrum/2017/jul/28/301232,,'മാലിന്യം നീക്കാൻ നടപടി സ്വീകരിക്കണമെന്ന്​',,െവള്ളറട: അറവുമാലിന്യവും മത്സ്യമാലിന്യവും മാർക്കറ്റിൽ കുമിഞ്ഞുകൂടിയ പനച്ചമൂട് മേഖലയിലെ താമസക്കാർക്ക് ദുരിതമാകുന്നു. പനച്ചമൂട് പബ്ലിക് മാർക്കറ്റ് മാലിന്യം നിറഞ്ഞ നിലയിലാണ്. മാലിന്യം യഥാസമയം നീക്കാത്തതും ശുചീകരണം നിലച്ചതുമാണ് കാരണം. മാർക്കറ്റിനുള്ളിലെ മാലിന്യക്കൂന ഉടൻ നീക്കണമെന്ന് പ്രദേശവാസികൾ പഞ്ചായത്തിന് പരാതി നൽകി.,െവള്ളറട: അറവുമാലിന്യവും മത്സ്യമാലിന്യവും മാർക്കറ്റിൽ കുമിഞ്ഞുകൂടിയ പനച്ചമൂട് മേഖലയിലെ താമസക്കാർക്ക്  ദുരിതമാകുന്നു. പനച്ചമൂട് പബ്ലിക് മാർക്കറ്റ് മാലിന്യം നിറഞ്ഞ നിലയിലാണ്. മാലിന്യം യഥാസമയം...,mal,madhyamam,Madhyamam,fake news,4f82f691-e67c-4df8-b6c7-392445b70267,article,MassiveSum
https://www.madhyamam.com/kerala/trissur-pooram-kudamaattam-kerala-news/610550,,ആവേശം അല തല്ലി പൂര നഗരി; വർണ വിസ്​മയം തീർത്ത്​ കുടമാറ്റം,,"തൃശൂർ: വെയിൽ മങ്ങിയും ഇടക്ക്​ പൊങ്ങിയും പരീക്ഷിച്ചുകൊണ്ടിരുന്നു. ഉള്ളോളം ഉരുക്കുന്ന ചൂട്​ ഓരോ ശരീരത്തില ും ആഴ്​ന്നിറങ്ങി. പക്ഷേ, തൃശ്ശിവപേരൂരിൽ പൂരം കാണാൻ കൂടിയവർ അതൊന്നും അറിഞ്ഞില്ല. കൂട്ടത്തിൽ ചിലർ വെയിലേറ്റ്​ വ ാടി വീണിട്ടും ബാക്കിയുള്ളവർ ഉത്സാഹം കെടാതെ കാഴ്​ചകൾ കണ്ടു നടന്നു; മേളപ്രമാണി സാക്ഷാൽ പെരുവനം കുട്ടൻ മാരാർ ഇടക ്കൊന്ന്​ തളർന്നിട്ടും തിരിച്ചുവന്ന്​ പാണ്ടിയുടെ രൗദ്ര താളത്തിലേക്ക്​ ആവേശത്തോടെ കൊട്ടിക്കയറിയതുപോലെ. ജ നം തൃശൂർ തേക്കിൻകാട്​ മൈതാനത്തും നഗരത്തി​​​​​​െൻറ മുക്കിലും മൂലയിലും പ്രവാഹമായി പരന്ന്​ പൂരമാസ്വദിച്ചു. പല ന ാട്ടിൽനിന്നും വന്നവർക്ക്​ ഓർത്തുവെക്കാൻ ഒരു പൂരം കൂടി. ‘വെയിലും മഞ്ഞുമേൽക്കാതെ’ പുലർച്ചെ വടക്കുന്നാഥന െ വണങ്ങാനെത്തിയ കണിമംഗലം ശാസ്​താവിനൊപ്പംതന്നെ ജനക്കൂട്ടം കൂടി. പ്രധാന പങ്കാളികളായ പാറമേക്കാവി​​​​​​െൻറയും തിരുവമ്പാടിയുടെയും പൂരം വരവ്​ മാത്രമല്ല, എട്ട്​ ഘടക പൂരങ്ങളുടെ നഗരപ്രവേശവും എണ്ണം പറഞ്ഞതായിരുന്നു. ന്യൂജെൻ മ ുതൽ തഴക്കം ചെന്നവർ വരെ നേതൃത്വം നൽകിയ മേളത്തി​​​​​​െൻറ അകമ്പടിയോടെ നാടുണർത്തി ഉച്ച വരെ പൂരങ്ങളോരോന്നായി വ ടക്കുന്നാഥ സന്നിധിയിലേക്ക്​ എത്തിക്കൊണ്ടിരുന്നു.

മഠത്തിൽ വര​െവന്ന വാദ്യഗോപുരം തീർത്ത തിരുവമ്പാടിയുടെ ​ പഞ്ചവാദ്യവും പൂരം പുറപ്പെട്ട്​ വടക്കുന്നാഥ​​​​​​െൻറ ഇലഞ്ഞിത്തറയിൽ പാണ്ടിയുടെ രൗദ്ര ഭംഗി തീർത്ത പാറമേക്കാ വി​​​​​​െൻറ മേളവും മാത്രമല്ല, എട്ട്​ ഘടക പൂരങ്ങളുടെ പൂരവും ആസ്വാദകരുടെ ആവേശമേറ്റി. പെരുവനം കുട്ടൻ മാരാരും കിഴ ക്കൂട്ട്​ അനിയൻ മാരാരും കോങ്ങാട്​ മധുവും ചെർപ്പുളശ്ശേരി ശിവനും പരയ്​ക്കാട്​ തങ്കപ്പൻ മാരാരും നഗരത്തി​​​​​ ​െൻറ ഓരോ തുരുത്തിൽ വാദ്യ-മേള ആ​സ്വാദകരെ ആവേശത്തിലേക്ക്​ കൊട്ടിക്കയറ്റി. തൃശൂർ പൂരത്തി​​​​​​െൻറ മേളഭംഗി കാണ ാനെത്തിയവർ മണിക്കൂറുകൾക്കു മു​െമ്പ ‘സേഫ്​ സോണി’ൽ നിലയുറപ്പിച്ചിരുന്നു.

പൂര പ്രയാണത്തിനിടെ ദേഹാസ്വാസ്ഥ ്യം മൂലം അൽപ്പനേരത്തേക്ക്​ പിൻവാങ്ങിയ പെരുവനം കുട്ടൻമാരാരെന്ന നായക​​​​​​െൻറ അഭാവത്തിൽ തുടങ്ങിയ ഇലഞ്ഞിത്തറ മേളത്തിലേക്ക്​ അദ്ദേഹം എത്തിയത്​ കാണികളെ ആവേശത്തിലാറാടിച്ചു.തിരുവമ്പാടി, പാറമേക്കാവ്​ വിഭാഗങ്ങൾ വടക്കുന്നാ ഥ ക്ഷേത്രത്തി​​​​​​െൻറ തെ​ക്കെ ഗോപുരനട കടന്ന്​ അഭിമുഖമായി അണിനിരന്നതോടെ സന്ധ്യക്ക്​ വിശ്വപ്രസിദ്ധമായ കുട മാറ്റം തുടങ്ങി. വർണങ്ങളും വിസ്​മയങ്ങളും ഇതൾ വിരിച്ച കുടമാറ്റം പൂഴിയിട്ടാൽ വീഴാത്ത വിധം കൂടിനിന്ന കാണികൾ ആർപ് പു വിളിയോടെ ഏറ്റെടുത്തു. പതിവി​ലധികം വൈകി, കുടമാറ്റം അവസാനിക്കാൻ. ഇരു വിഭാഗങ്ങളുടെയും വെടിക്കെട്ട്​ കഴിഞ്ഞത ോടെ വീണ്ടും രാത്രി പൂരങ്ങളു​െട എഴ​​ുന്നള്ളത്ത്​ കാഴ്​ചകളിലേക്ക്​ നഗരം കണ്ണ്​ തുറന്നുവെച്ചു. ചൊവ്വാഴ്​ച ഉച ്ചക്ക്​ പാറമേക്കാവ്​, തിരുവമ്പാടി ഭഗവതിമാർ ഉപചാരം ചൊല്ലുന്ന കാഴ്​ചയും കണ്ടേ പൂരപ്രേമികൾ നഗരം വിടുകയുള്ളൂ.

‘ആവി’യായി കനത്ത ചൂട് തൃശൂര്‍: സൂര്യനും മേഘവും തമ്മിൽ പൂരം കാണാൻ പരസ്​പരം മത്സരിക്കവേ അതിനിടയിൽപെട്ട് ചൂടിൽ ജനം വെന്തുരുകി. പക്ഷേ, പൂരപ്രേമത്തിന്​ മ​ുന്നിൽ ചൂടും പുഴുക്കും ‘ആവി’യായെന്നു മാത്രം. തിങ്കളാഴ്​ച 33.05 ഡിഗ്രി സ​​​​​െൻറിഗ്രേഡാണ്​ രേഖപ്പെടുത്തിയ ചൂട്​. രാവിലെ വിവിധ ഇടങ്ങളിൽ മഴയും ചിലയിടങ്ങളിൽ ചാറലും ഉണ്ടായെങ്കിലും തൃശൂരിൽ സന്തുലിത കാലാവസ്​ഥയോടെയാണ്​ തിങ്കളാഴ്​ച പുലർന്നത്​. ഘടകപൂരങ്ങളുടെ വരവോടെ അന്തരീക്ഷം ഇടക്കിടെ മാറി. പൂരക്കാഴ്ചകളിലേക്ക് മേഘം ഒളികണ്ണ് ഇടത്തോടെ വെയിലിന് ആശ്വാസമായി. നട്ടുച്ച നേരത്ത് ചൂട്​ കനത്തതോടെ താങ്ങാവുന്നതിലും അപ്പുറമായി. എന്നിട്ടുണ്ടോ പുരുഷാരം പിൻമാറുന്നു. ഇലഞ്ഞിത്തറ ​േമളം തുടങ്ങു​േമ്പാൾ വീണ്ടും വെയിലൊന്ന് അയഞ്ഞു. കുടമാറ്റ സമയത്ത്​ സൂര്യനസ്​തമിച്ചിട്ടും ആൾക്കടൽ പുഴുക്കിലകപ്പെട്ടു.പുഴുക്ക് വെള്ളക്കച്ചവടക്കാര്‍ക്ക് കോളായി.

കോര്‍പറേഷന്‍ വക സംഭാരവിതരണ കേന്ദ്രങ്ങളിലും വന്‍ തിരക്കായിരുന്നു. 9,000 ലിറ്റര്‍ തൈരാണ് കോര്‍പറേഷന്‍ വാങ്ങി സംഭാരമാക്കിയത്. മണികണ്ഠലാല്‍, നടുവിലാല്‍, നായ്ക്കനാല്‍, പാറമേക്കാവ്, കോര്‍പറേഷന്‍ ഓഫിസ് പരിസരം എന്നിവിടങ്ങളില്‍ കോര്‍പറേഷന്‍ കുടുംബശ്രീ അംഗങ്ങളെ ഉപയോഗിച്ചാണ് സംഭാരം വിതരണം ചെയ്തത്. ജില്ല സഹകരണ ബാങ്ക്, മാരിയൻകാവ് തുടങ്ങിയവരും വെള്ളം വിതരണത്തിൽ സജീവമായിരുന്നു. ഇതുകൂടാതെ ഫേഷന്‍ഫാബ്രിക്സും സേവഭാരതി അടക്കം വിവിധ സന്നദ്ധസംഘടനകളും സംഭാരവും ചുക്കുവെള്ളവും വിതരണം ചെയ്തിരുന്നു.

പൂരാരവത്തിൽ മുങ്ങി തൃശൂർ തൃശൂര്‍: പുലരിയുടെ പിറവി കാത്തു നൽകുകയായിരുന്നു പുരുഷാരം. പിന്നെ തേക്കിൻകാടിലേക്ക്​ ഒഴുക്കായിരുന്നു. പുരുഷാരം തേക്കിൻകാടിലേക്ക്​ ഒഴുകിയതോടെ പൂരനഗരി സജീവമായി. ചൂടും പുഴുക്കവും വകവെക്കാതെ കുടുംബവുമായാണ്​ ​പൂരപ്രേമികൾ നഗരയിലേക്ക്​ ഒഴുകിയത്​. പ്രധാന പൂരങ്ങളും ഘടകപൂരങ്ങളും കുടമാറ്റവും വെടിക്കെട്ടുമൊ​െക്കയായി മനസുനിറച്ചാണവർ തിരിച്ചത്​. സുരക്ഷയിൽ മുങ്ങിയെങ്കിലും പൂരപെരുമക്ക്​ ഇക്കുറിയും മങ്ങലൊന്നുമുണ്ടായില്ല.

ആയിരങ്ങള്‍ ഒഴുകിയത്തെുന്ന പൂരത്തിനെ അന്നത്തിനുള്ള വകയാക്കാൻ ഇതര സംസ്ഥാന കച്ചവടക്കാരുമുണ്ട്​‍. ബലൂണ്‍ വില്‍ക്കുന്ന പിഞ്ചു കുഞ്ഞുങ്ങള്‍ മുതല്‍ ഞാണിന്മേല്‍ നടക്കുന്ന മധ്യവയസ്കര്‍ വരെ സംഘത്തിലുണ്ട്. തെക്കേ ഗോപുരനടയുടെ ഭൂരിഭാഗവും കയ്യടക്കിയിരിക്കുന്നത് ഇവരാണ്. നാടോടിക്കൂട്ടത്തി​​​​​​െൻറ സർക്കസിനും കാണികൾ ഏറെയാണ്​. ഇതിലും രസകരമാണ് തേക്കിന്‍കാടിന് പുറത്ത് കാല്‍നട വഴിയില്‍ ചുറ്റിനും കൈനോട്ടക്കാരുടെ ബഹളവും. വിദേശ മാധ്യമങ്ങളടക്കമുള്ളവര്‍ പൂരം ഒപ്പിയെടുക്കാ​െനത്തിയിരുന്നു. വിദേശ മാധ്യമങ്ങളടക്കമുള്ളവര്‍ പൂരപ്പറമ്പിലത്തെിയിട്ടുണ്ട്. തല്‍സമയ സംപ്രേഷണത്തിനുള്ള ഒ.ബി വാനുകള്‍ കഴിഞ്ഞ വര്‍ഷത്തേതില്‍ നിന്നും എണ്ണം കൂടിയിരിക്കുന്നു.

പൂരം നിറയുന്ന തേക്കിന്‍കാട്ടില്‍ കുലുക്കി സര്‍ബത്താണ് താരം. ഇഞ്ചിയും പച്ചമുളകും നാരങ്ങയും ചേര്‍ന്നുള്ള സാധാരണക്കാരന്‍െറ കോളക്ക് വിദേശിയുടേയടക്കം സര്‍ട്ടിഫിക്കറ്റ്. പൊരിവെയില്‍ പൂരപ്പറമ്പിലെ നാട്ടു കച്ചവടക്കാരന് പൊരിക്കച്ചവടം. പുതുമ പ്രതീക്ഷിച്ചാണ് ഓരോ വര്‍ഷവും പൂരപ്രേമികളത്തെുന്നത്. മറ്റ് ചിലര്‍ക്ക് പൂരമെന്നാല്‍ ജീവിത പ്രതീക്ഷകളാണ്. സ്ത്രീകൾക്കും വിദേശികൾക്കും പൂരം കാണുന്നതിനായി പ്രത്യേകം തയ്യാറാക്കിയ പന്തലുകൾ ഏറെ ഉപകാരപ്രദമായി.

തൃശൂരിന്​ ഇങ്ങനെയാവാനേ കഴിയൂ തൃശൂർ: ഹനഫി മസ്​ജിദിൽനിന്ന്​ നോമ്പ്​ തുറന്ന്​ പൂരം സാമ്പിൾ വെടിക്കെട്ട്​ കണ്ട്​്​ പാവറട്ടി പെരുന്നാൾ കൂടുന്നവനാണ്​ തൃശൂർക്കാരൻ. ഇത്​ സാമ്പിൾ വെടിക്കെട്ട്​ നാളിൽ സാമൂഹികമാധ്യമങ്ങളിൽ വൈറലായ സന്ദേശമാണ്​. അല്ലെങ്കിലും തൃശൂർ അങ്ങനെയാ. എല്ലാവരെയും ഉൾക്കൊള്ളാൻ മാത്രമേ തൃശൂരിനാവൂ. അതുകൊണ്ടാണല്ലോ ഹനഫി ജുമാമസ്​ജിദ്​ അടക്കം നഗരത്തിലെ മസ്​ജിദുകൾ പൂരദിനം കരുതിയിരുന്നത്​. നോമ്പു തുറക്കാൻ കൂടുതൽ ആളു​കളെ മസ്​ജിദ്​ ഭാരവാഹികൾ പ്രതീക്ഷിച്ചിരുന്നു. അവർ വരുമെന്ന്​ ഉറച്ച്​ ഹനഫി ജുമാമസ്​ജിദ്​ നേരത്തെ തന്നെ നോമ്പുതുറ വിഭവങ്ങൾ ഒരുങ്ങിയിരുന്നു. നോമ്പ്​ തുറക്കാൻ അധികം പേരെ മുന്നിൽ കണ്ടുകൊണ്ടുള്ള മുന്നൊരുക്കം. അതുകൊണ്ട്​ തന്നെ പൂരാരവത്തിനൊപ്പം ഹനഫി മസ്​ജിദിലെ പെരുമകേട്ട നോമ്പുതുറ കഞ്ഞികുടിച്ച്​ കേരളത്തി​​​​​​െൻറ വിവിധ ഭാഗങ്ങളിൽ നിന്ന്​ എത്തിയവർക്ക്​ നോമ്പു തറക്കാനായി.

അതും രാവിലെ മുതൽ പൂരത്തിൽ അലിഞ്ഞവരുടെ ക്ഷീണം പമ്പ കടത്താനാവുന്ന ഔഷധകഞ്ഞിയായിരുന്നു പ്രധാന വിഭവം. നാരങ്ങാവെള്ളം, ഈന്തപ്പഴം, സ്​നാക്​സ്​, പഴങ്ങൾ അടക്കമാണ്​ നോമ്പു തറക്കാൻ നൽകിയത്​. 700 പേരാണ്​ ​പ്രതിദിനം ഹനഫി മസ്​ജിദിൽ നോമ്പു തറക്കാൻ എത്തുന്നത്​. പൂരദിനമായതിനാൽ കച്ചവടസ്​ഥാപനങ്ങൾക്ക്​ അവധിയാണ്​. ഒപ്പം ഓഫിസുകൾക്കും. അതുകൊണ്ടുതന്നെ നാനൂറോളം പേർ നോമ്പു തുറക്കാനുണ്ടാവില്ല. എന്നാൽ നോമ്പ് എടുത്ത പൂരപ്രേമികൾക്കായി ഒട്ടും കുറക്കാതെയാണ്​ വിഭവങ്ങൾ തയാറാക്കിയതെന്ന്​ ഹനഫി ജുമാമസ്​ജിദ്​ ജനറൽസെക്രട്ടറി അബ്​ദുൽബാസിത് ‘മാധ്യമ’ത്തോട്​ പറഞ്ഞു.

പ്രൗഢമായി പാറമേക്കാവി​​​​​െൻറ തിരുവെഴുന്നള്ളത്ത് തൃശൂർ: സർവാഭരണ വിഭൂഷിതയായി പ്രൗഢിയോടെയായിരുന്നു പാറമേക്കാവി​​​​​െൻറ പൂരം പുറപ്പാട്. ഉച്ചക്ക് പന്ത്രണ്ടോടെ ക്ഷേത്രത്തിൽ പാണ്ടി കൊട്ടിത്തുടങ്ങി. കൃത്യം 12.30ന് ക്ഷേത്രഗോപുരത്തിനുമുന്നില്‍ പട്ടുകുട ചൂടി എഴുന്നള്ളിനിന്ന 14 ആനകളുടെ മധ്യത്തിലേക്ക് പാറമേക്കാവിലമ്മയുടെ തിടമ്പേറ്റിയ ഗുരുവായൂർ നന്ദൻ ക്ഷേത്രഗോപുരം കടന്നെഴുന്നള്ളി. ക്ഷേത്രഗോപുരത്തിനുപുറത്ത് നേരത്തേ തിങ്ങിനിറഞ്ഞ ജനസഞ്ചയം ആര്‍പ്പുവിളികളോടെയും പുഷ്പവൃഷ്​ടിയോടെയുമാണ് പാറമേക്കാവിലമ്മയെ പൂരത്തിന് യാത്രയാക്കാനെത്തിയത്. പെരുവനത്തിനൊപ്പം മുന്നൂറോളം കലാകാരന്മാരും നിരന്നതോടെ ചെമ്പടമേളം കൊട്ടിക്കയറി. മേളത്തി​​​​​െൻറ കാലമാറ്റത്തിനിടയിൽ കൗതുകങ്ങൾ സമ്മാനിച്ച് കുടകളുടെ മാറ്റം. ചെമ്പട കലാശിച്ച് പാണ്ടിയുടെ പെരുക്കം തുടങ്ങിയതോടെ മേളപ്പൂരത്തി​​​​​​െൻറ നിർവൃതിയിലേക്ക് പൂരം ആസ്വാദകരെത്തി. ഒന്നര മണിക്കൂറിലധികം സിരകളിൽ മേളത്തി​​​​​െൻറ ആവേശലഹരി കയറി ആസ്വാദകരുടെ ആഹ്ലാദാരവം. ചെമ്പട പിന്നെ പാണ്ടിയിലേക്കുള്ള കയറ്റം. മേളത്തി​​​​​െൻറ മുറുകലിലും കാലം മാറുന്നതിനിടയിലും കുടമാറ്റം കൗതുകങ്ങൾ. പാണ്ടിയുടെ ഒരു കലാശവും കൂട്ടപ്പെരുക്കവും പൂർത്തിയാക്കിയാണ് ഇലഞ്ഞി ചുവട്ടിലേക്കുള്ള എഴുന്നള്ളിപ്പ് യാത്ര തുടങ്ങിയത്.

മേളം ആസ്വദിച്ച് സംഘാടകനായ മന്ത്രിയും മകനും തൃശൂർ: പൂരം ഒരുക്കങ്ങൾക്കിടയിലും ആസ്വദിക്കാനായി സംഘാടകൻ കൂടിയായ മന്ത്രി വി.എസ്. സുനിൽകുമാർ എത്തി. കൂടെ മകൻ നിരഞ്ജനുമുണ്ടായിരുന്നു. രാവിലെ തന്നെ രണ്ട് ക്ഷേത്രങ്ങളിലും എത്തി ദേവസ്വം പ്രതിനിധികളുമായി സംസാരിച്ച ശേഷം പൂരത്തിലേക്ക് കടന്ന മന്ത്രി തിരുവമ്പാടിയുടെ മഠത്തിൽ വരവിലേക്കായിരുന്നു എത്തിയത്. ഇവിടെ നിന്ന് വീണ്ടും വടക്കുന്നാഥനിലുമെത്തി. ഇതിനിടയിൽ കലക്ടറും കമീഷണറും അടക്കമുള്ളവരുമായി സുരക്ഷ ക്രമീകരണങ്ങളിൽ ചർച്ച നടത്തി. മേയർ അജിത വിജയൻ, ഡി.പി.സി അംഗം വർഗീസ് കണ്ടംകുളത്തിയുമായും സംസാരിച്ചു. ഇതിനിടയിലായിരുന്നു മന്ത്രിയുടെ പൂരം കൂടൽ. മഠത്തിൽ വരവിൽ മകനൊപ്പം പഞ്ചവാദ്യം ആസ്വദിച്ചു. മേളത്തിൽ ഇഷ്​ടക്കാരനാണ് മകൻ നിരഞ്ജൻ.

ഇതിനിടെ പെരുവനം കുട്ടൻമാരാർ കുഴഞ്ഞു വീണ സംഭവമുണ്ടായപ്പോൾ ഉടൻ ആശുപത്രിയിലേക്കും മന്ത്രിയെത്തി. ഇവിടെ നിന്നും ഇലഞ്ഞിച്ചുവട്ടിലേക്കായിരുന്നു പിന്നീട് യാത്ര. ദിവസങ്ങളായി വിശ്രമമില്ലാത്ത തിരക്കിലായിരുന്നു മന്ത്രി. തെച്ചിക്കോട്ട്കാവ് രാമചന്ദ്ര​​​​​​െൻറ വിലക്കിനെ തുടർന്ന് തൃശൂർ പൂരം പ്രതിസന്ധിയിലായെന്ന് പ്രതീക്ഷിച്ചിരിക്കെ അടിയന്തര ഇടപെടലുകൾ നടത്തി പൂരം സുഗമമാക്കുന്നതടക്കമുള്ള പ്രവർത്തനങ്ങളിൽ നേതൃത്വം നൽകിയതിന് തെക്കേഗോപുര നടയിൽ ആനയുടമകൾ മന്ത്രിയെ ആദരിച്ചിരുന്നു.

തട്ടകങ്ങളുണർത്തി ഘടക പൂരങ്ങൾ തൃശൂർ: വടക്കുന്നാഥ​​​​​​െൻറ തട്ടകത്തേക്ക് ചെറുപൂരങ്ങൾ എത്തിയതോടെ നഗരം പൂരത്തിലേക്ക്​ മിഴി തുറന്നു. തട്ടകക്കാർക്കൊപ്പം ഘടക ക്ഷേത്രങ്ങളിലെ ദേവീദേവൻ വടക്കുന്നാഥനിലെത്തിയാണ്​ പൂരം കൊണ്ടത്​. തെക്കേ​േഗപുരനടയിലൂടെ കണിമംഗലം ശാസ്താവ് വടക്കുന്നാഥനെ കാണാനെത്തിയതോടെ പൂരമായി. പുലർച്ചെ നാലോടെ അഞ്ച് ആനകളുടെയും പഞ്ചവാദ്യത്തി​​​​​​െൻറയും അകമ്പടിയോടെ കണിമംഗലം ശാസ്താവ് ക്ഷേത്രത്തിൽ നിന്നെഴുന്നള്ളി. ചെട്ടിയങ്ങാടിയിലെ കുളശ്ശേരി ക്ഷേത്രത്തിലെത്തി കോലമിറക്കിവച്ചു. ശേഷം വടക്കുന്നാഥനിലേക്ക് എഴുന്നള്ളി. തേക്കിൻകാട് മൈതാനിയിലേക്കു കടന്ന ശാസ്താവി​​​​​​െൻറ പൂരം ക്ഷേത്രമതിൽക്കകത്ത് പടിഞ്ഞാറെനടയിൽ മേളം കലാശിച്ച് കിഴക്കേനടയിലൂടെ എഴുന്നള്ളിപ്പ് പുറത്തുവന്നു. തിരിച്ച് ഇറക്കിപൂജക്കായി കുളശ്ശേരി ക്ഷേത്രത്തിലേക്കു മടങ്ങി.

പനമുക്കുംപിള്ളി ശാസ്താക്ഷേത്രത്തിൽനിന്ന് ആറരയോടെ ഒരാനയും പാണ്ടിമേളവുമായാണ് പുറപ്പെട്ടത്. ചെമ്പുക്കാവ് ഭഗവതി മുന്നാനയുടേയും പഞ്ചവാദ്യത്തി​​​​​​െൻറയും അകമ്പടിയോടെയാണ്​ പുറപ്പെട്ടത്. ലാലൂർ ഭഗവതി മൂന്നാനപ്പുറത്താണ് പുറപ്പെട്ടത്. ഏഴാനപ്പുറത്ത് പഞ്ചവാദ്യവുമായി ശ്രീമൂലസ്ഥാനത്തേക്ക് നീങ്ങി നടുവിലാൽ പന്തലിൽ പഞ്ചവാദ്യം മേളത്തിന് വഴിമാറി. തുടർന്ന് ശ്രീമൂലസ്ഥാനത്ത് പൂരം സമാപിച്ചു. ചുരക്കോട്ടുകാവ് ഭഗവതിയുടെ എഴുന്നള്ളിപ്പ് രാവിലെ ഏഴിന്​ തുടങ്ങി നടുവിലാൽ പന്തലിൽ നിന്ന് പതിനാലാനയും നൂറോളം വാദ്യകലാകാരൻമാരുടെയും അകമ്പടിയോടെ ശ്രീമൂലസ്ഥാനത്തേക്കെത്തി. അയ്യന്തോൾ കാർത്യായിനി ഭഗവതി ഏഴരയോടെ പൂരത്തിനു പുറപ്പെട്ട്​ ശ്രീമൂലസ്ഥാനത്തെത്തി. നെയ്തലക്കാവ് ഭഗവതിയുടെ പൂരം ഒമ്പത് ആനകളും വാദ്യമേളങ്ങളുമായാണ് ശ്രീമൂലസ്ഥാനത്ത് എത്തിയത്.

സുരക്ഷിത പൂരം​; വിശ്രമമില്ലാത്ത ജാഗ്രതയിൽ പൊലീസ് തൃശൂർ: കണ്ണിമ ചിമ്മാത്ത ജാഗ്രതയും നിരീക്ഷണവും... പൂരത്തിൽ പൊലീസ് സംവിധാനം വേറിട്ടു നിന്നു. ശ്രീലങ്കൻ ആക്രമണ ഭീഷണിയുടെ പശ്ചാത്തലത്തിൽ കനത്ത സുരക്ഷയിലായിരുന്നു ഇത്തവണത്തെ പൂരം. തെക്കേ ഗോപുര നടയിൽ തയ്യാറാക്കിയ കൺട്രോൾ റൂമിൽ നിന്നായിരുന്നു മുന്നറിയിപ്പുകൾ നൽകിയിരുന്നത്.

അനധികൃതമായി പാർക്ക് ചെയ്തിരുന്ന പൊലീസ് വാഹനങ്ങൾ പോലും കൺട്രോൾ റൂമിലെ സി.സി ടി.വി കാമറകളിലൂടെ കണ്ടെത്തിയാൽ ഉടൻ തന്നെ നീക്കം ചെയ്യുന്നതിനുള്ള അറിയിപ്പുകളും അപ്പപ്പോൾ എത്തി. പൂരനഗരിയിൽ എത്തിയവരുടെ ഒരോ ചലനങ്ങളും നിരീക്ഷിക്കുന്നതിനുള്ള ക്യാമറകളും സ്ഥാപിച്ചിട്ടുണ്ടായിരുന്നു. പടിഞ്ഞാറെ നടയിൽ മെറ്റൽ ഡിക്റ്ററ്ററും സ്ഥാപിച്ചിരുന്നു. പൂരപ്രേമികളുടെ ബാഗുകൾ പരിശോധിച്ചെങ്കിലും പിടിച്ചുവെച്ചില്ല. കുപ്പിവെള്ളം അനുവദിക്കില്ലെന്ന നിർദേശം ഉണ്ടായിരുന്നെങ്കിലും അതിനും കടുത്ത നിയന്ത്രണം ഉണ്ടായില്ല.

മഫ്തിയിൽ വനിത പൊലീസ് അടക്കം രംഗത്ത് ഉണ്ടായിരുന്നു. അത്യാവശ്യ വാഹനങ്ങൾ ഒഴിച്ച് ഒറ്റ വാഹനങ്ങളും റൗണ്ടിലേക്ക് കടത്തിവിട്ടിരുന്നില്ല. കമീഷണർ യതിഷ്ചന്ദ്ര, എ.സി.പി വി.കെ. രാജു എന്നിവരുടെ നേതൃത്വത്തിൽ 3,500 ഓളം പൊലീസുകാരാണ് സുരക്ഷ നിയന്ത്രിച്ചിരുന്നത്. നാളെ ഉപചാരം ചൊല്ലി പിരിഞ്ഞതിന് ശേഷമേ പൊലീസുകാർക്കും മടങ്ങാനാവൂ.","തൃശൂർ: വെയിൽ മങ്ങിയും ഇടക്ക്​ പൊങ്ങിയും പരീക്ഷിച്ചുകൊണ്ടിരുന്നു. ഉള്ളോളം ഉരുക്കുന്ന ചൂട്​ ഓരോ ശരീരത്തില   ും ആഴ്​ന്നിറങ്ങി. പക്ഷേ, തൃശ്ശിവപേരൂരിൽ പൂരം കാണാൻ കൂടിയവർ അതൊന്നും അറിഞ്ഞില്ല....",mal,madhyamam,Madhyamam,fake news,c724b564-a0f3-4d2e-9f6d-05f331f9e73b,article,MassiveSum
https://www.madhyamam.com/opinion/articles/second-chance-article/2018/mar/11/445081,,ര​​​ണ്ടാ​​​മൂ​​​ഴം | Second Chance,,"നീ​​ൽ ആം​​സ്​​​ട്രോ​​ങ്​ ച​​ന്ദ്ര​നി​​ൽ​​നി​​ന്ന്​ മ​​ട​​ങ്ങി​​യെ​​ത്തി​​യ കാ​​ലം. ലോ​​ക​​മാ​​കെ സ്വീ​​ക​​ര​​ണ​​മാ​​യി​​രു​​ന്നു ആം​​സ്​​​ട്രോ​​ങ്ങി​​നും സ​​ഹ​​യാ​​ത്രി​​ക​​നാ​​യി​​രു​​ന്ന എ​​ഡ്വി​​ൻ ആ​​ൽ​​ഡ്രി​​നും. നോ​​ക്ക​​ണേ, ഏ​​താ​​നും മി​​നി​​റ്റു​​ക​​ളു​​ടെ വ്യ​​ത്യാ​​സ​​ത്തി​​ലാ​​ണ്​ ച​​ന്ദ്ര​​നി​​ലെ ‘കാ​​ലു​​കു​​ത്ത​​ൽ’ മ​​ത്സ​​ര​​ത്തി​​ൽ ആ​​ൽ​​ഡ്രി​​ന്​ ഒ​​ന്നാം സ്​​​ഥാ​​നം ന​​ഷ്​​​ട​​മാ​​യ​​ത്. അ​​തോ​​ടെ, അ​​ദ്ദേ​​ഹം എ​​ന്നും ര​​ണ്ടാ​​മ​​നാ​​യി. നാ​​ടു​​നീ​​ളെ​​യു​​ള്ള സ്വീ​​ക​​ര​​ണ​​ത്തി​​ലും ഇൗ ​​വി​​വേ​​ച​​നം വ്യ​​ക്ത​മാ​​യി​​രു​​ന്നു. എ​​പ്പോ​​ഴും ആം​​സ്​​​ട്രോ​​ങ്​ ത​​ന്നെ​​യാ​​കും ഹീ​​റോ. ആ​​ൽ​​ഡ്രി​​ന്​ അ​​തു​​ക​​ഴി​​ഞ്ഞേ ഇ​​ട​​മു​​ള്ളൂ. ആ​​ൽ​​ഡ്രി​​ൻ എ​​ന്ന വാ​​ക്കു​ത​ന്നെ ‘ര​​ണ്ടാ​​മ​​ൻ’ എ​​ന്ന​​തി​െ​​ൻ​​റ പ​​ര്യാ​​യ​​മാ​​യി അ​​മേ​​രി​​ക്ക​​യി​​ൽ പ​​ല​​പ്പോ​​ഴും ഉ​​പ​​യോ​​ഗി​​ക്ക​​പ്പെ​​ട്ട​​തും ആ ​​ച​​രി​​ത്ര പു​​രു​​ഷ​​നെ നി​​രാ​​ശ​​യി​​ലാ​​ഴ്​​​ത്തി. ഇ​​തോ​​ടെ വ​​ലി​​യ മ​​ദ്യ​​പാ​​നി​​യാ​​യി അ​​ദ്ദേ​​ഹം മാ​​റി​​യെ​​ന്നാ​​ണ്​ ച​​രി​ത്രം പ​​റ​​യു​​ന്ന​​ത്. ആ​​യി​​ട​​ക്കാ​​ണ്​ ആ​​ൽ​​ഡ്രി​െ​​ൻ​​റ നാ​​ട്ടു​​കാ​​ര​​നാ​​യ ഒ​​രാ​​ൾ ത​െ​​ൻ​​റ ‘യൂ​​സ്​​​ഡ്​ കാ​​ർ’ വി​​ൽ​​പ​​ന കേ​​ന്ദ്ര​​ത്തി​​ന്​ ‘ആ​​ൽ​​ഡ്രി​​ൻ’ എ​​ന്ന പേ​​ര്​ ന​​ൽ​​കി​​യ​​ത്. ആ ​​ക​​ട​​യു​​ട​​മ​​യു​​ടെ ക​​ര​​ണ​​ക്കു​​റ്റി​​ക്കി​​ട്ട്​ ആ​​ൽ​​ഡ്രി​​ൻ ഒ​​ന്ന്​ പൊ​​ട്ടി​​ച്ചു​​വെ​​ന്നാ​​ണ്​ ക​​ഥ. പ​​ല​​പ്പോ​​ഴും സി.​​പി.​െ​​എ എ​​ന്ന പാ​​ർ​​ട്ടി​​യു​​ടെ അ​​വ​​സ്​​​ഥ കാ​​ണു​േ​​മ്പാ​​ൾ ആ​​ൽ​​ഡ്രി​െ​​ൻ​​റ ക​​ഥ ഒാ​​ർ​​മ വ​​രും. 1980ൽ ​​ഇ​​ട​​തു​മു​​ന്ന​​ണി രൂ​​പ​​വ​​ത്​​​ക​​രി​​ച്ച​​തു​ മു​​ത​​ൽ ആ ​​സ​​ഖ്യ​​ത്തി​​ലെ ‘ആ​​ൽ​​ഡ്രി​​നാ​’​ണ്​ ഇൗ ​​ക​​ക്ഷി. ഏ​​താ​​നും ചി​​ല സ​​ർ​​വ​​ക​​ലാ​​ശാ​​ല​​ക​​ൾ ഒ​​ഴി​​ച്ചു​​നി​​ർ​​ത്തി​​യാ​​ൽ, സി.​​പി.​​എ​​മ്മി​െ​​ൻ​​റ ഉ​​പ​​ഗ്ര​​ഹ​​മാ​​യി ചു​​റ്റി​​ക്ക​​റ​​ങ്ങാ​​നാ​​ണ്​ എ​​ന്നും വി​​ധി. അ​​ല്ലെ​​ങ്കി​​ലേ, വ​​ല​​തു​​പ​​ക്ഷ ക​​മ്യൂ​​ണി​​സ്​​​റ്റ്​ എ​​ന്ന പേ​​ര്​ ദോ​​ഷ​മു​​ണ്ട്. അ​​തി​​നു​​പു​​റ​​മെ​​യാ​​ണ്​ ഇൗ ​​ആ​​ൽ​​ഡ്രി​​ൻ ബാ​​ധ. ഇൗ ​​ദോ​​ഷ​​ത്തെ എ​​ങ്ങ​​നെ ഒ​​ഴി​​പ്പി​​ക്കു​​മെ​​ന്ന ചി​​ന്ത​​യി​​ലാ​​യി​​രു​​ന്നു പാ​​ർ​​ട്ടി ഏ​​റെ​​ക്കാ​​ലം. അ​​ങ്ങ​​നെ​​യാ​​ണ്​ ല​​ക്ഷ​​ണ​​മൊ​​ത്ത ഒ​​രാ​​ളെ ക​​ണ്ടു​​പി​​ടി​​ച്ച​​ത്.

കോ​​ട്ട​​യം ജി​​ല്ല​​യി​​ലെ വാ​​ഴൂ​​രി​​ൽ​​നി​​ന്ന്​ അ​​ങ്ങ്​ മോ​​സ്​​​കോ വ​​രെ വ​​ള​​ർ​​ന്ന ആ ​​സ​​ഖാ​​വി​െ​​ൻ​​റ പേ​​ര്​ കാ​​നം രാ​​ജേ​​ന്ദ്ര​​ൻ. തൊ​​ഴി​​ലാ​​ളി പ്ര​​സ്​​​ഥാ​​ന​​ത്തി​​ലൂ​​ടെ ചു​​വ​​ടു​​റ​​പ്പി​​ച്ച്​ പാ​​ർ​​ട്ടി​​യു​​ടെ അ​​മ​​ര​​ത്തെ​​ത്തി​​യ സ​​ഖാ​​വി​െ​​ൻ​​റ പോ​​ക്ക്​ നേ​​ർ​​ദി​​ശ​​യി​​ൽ ത​​ന്നെ​​യെ​​ന്ന്​ ലൈ​​ക്ക്​ കൊ​​ടു​​ത്ത കേ​​ന്ദ്ര​​നേ​​തൃ​​ത്വം, ആ ​​വ​​ഴി​​യി​​ൽ ഒ​​രു അ​​വ​​സ​​രം​​കൂ​​ടി ന​​ൽ​​കി​​യി​​രി​​ക്കു​​ക​​യാ​​ണ്. പ്ര​​തീ​​ക്ഷ​​ക​​ളു​​ടെ വ്യാ​​പാ​​രി​​യാ​​ണ്​ ഏ​​റ്റ​​വും ന​​ല്ല നേ​​താ​​വെ​​ന്ന്​ നെ​​പ്പോ​​ളി​​യ​​ൻ പ​​റ​​ഞ്ഞി​​ട്ടു​​ണ്ട്. അ​​ങ്ങ​​നെ​​യു​​ള്ള നേ​​താ​​വാ​​ണ്​ കാ​​നം. ത​െ​​ൻ​​റ നാ​​ട്ടി​​ൽ ഒ​​രു സി.​​പി.​െ​​എ​​ക്കാ​​ര​​നെ​​പ്പോ​​ലും ക​​ണ്ടി​​ട്ടി​​ല്ലെ​​ന്ന്​ സ്വ​​രാ​​ജ്​ എം.​​എ​​ൽ.​​എ ക​​ളി​​യാ​​ക്കി​​യ​​പ്പോ​​ഴും കു​​ലു​​ങ്ങാ​​തി​​രു​​ന്ന​​ത്​ ആ ​​ആ​​ത്മ​​വി​​ശ്വാ​​സം​​കൊ​​ണ്ട്​ മാ​​ത്ര​​മാ​​ണ്. അ​​ല്ലെ​​ങ്കി​​ലും ദേ​​ശീ​​യ ത​​ല​​ത്തി​​ൽ​​ത​​ന്നെ പാ​​ർ​​ട്ടി​​യു​​ടെ അ​​വ​​സ്​​​ഥ പ​​രി​​താ​​പ​​ക​​ര​​മാ​​ണെ​​ന്ന്​ ആ​​ർ​​ക്കാ​​ണ്​ അ​​റി​​ഞ്ഞു​​കൂ​​ടാ​​ത്ത​​ത്. കേ​​ര​​ള​​ത്തി​​ൽ ഇ​​പ്പോ​​ഴു​​ള്ള ര​​ണ്ടാ​​മ​​ൻ പ​​ദ​​വി​ത​െ​​ന്ന ഏ​​തു​നി​​മി​​ഷ​​വും ന​​ഷ്​​​ട​​പ്പെ​​ടു​​മെ​​ന്ന അ​​വ​​സ്​​​ഥ​​യാ​​ണ്. മാ​​ണി​​യു​​ടെ മു​​ന്ന​​ണി പ്ര​​വേ​​ശ​​ന​​ത്തെ കാ​​നം എ​​തി​​ർ​​ക്കു​​ന്ന​​തി​െ​​ൻ​​റ പ്ര​​ധാ​​ന കാ​​ര​​ണ​​വും ഇൗ ​​പ​​ദ​​വി ന​​ഷ്​​​ട​​പ്പെ​​ടാ​​തി​​രി​​ക്കാ​​നാ​​ണ്. മു​​ൻ​​ഗാ​​മി​​ക​​ൾ കാ​​ണി​​ച്ചു​​ത​​ന്ന സ​​മ​​ര​​മു​​റ കൂ​​ടി​​യാ​​ണ​​ത്. പ​​ണ്ട്, ക​​രു​​ണാ​​ക​​ര​െ​​ൻ​​റ ഡി.​െ​​എ.​​സി ഇ​​ട​​ത്തേ​​ക്ക്​ വ​​ന്ന​​പ്പോ​​ൾ ആ​​ദ്യം ല​​ഡു ​െകാ​​ടു​​ത്ത്​ സ്വീ​​ക​​രി​​ച്ചു​​വെ​​ങ്കി​​ലും പി​​ന്നെ വെ​​ളി​​യം ത​​ള്ളി​ക്ക​ള​​ഞ്ഞി​​േ​ല്ല. അ​​തേ പൊ​​ളി​​റ്റി​​ക്ക​​ൽ സ്​​​ട്രാ​​റ്റ​​ജി ത​​ന്നെ​​യാ​​ണ്​ കാ​​ന​​വും പ​​യ​​റ്റു​​ന്ന​​ത്. അ​​പ്പോ​​ഴും മു​​ന്ന​​ണി​​യെ ന​​യി​​ക്കേ​​ണ്ട​​ത്​ ഇ​​ട​​തു​​ബോ​​ധ​​മാ​െ​​ണ​​ന്ന കാ​​ര്യ​​ത്തി​​ൽ സം​​ശ​​യ​​മേ​​തു​​മി​​ല്ല. അ​​തു​​കൊ​​ണ്ടാ​​ണ്​ മു​​ന്ന​​ണി​​യു​​ടെ മാ​​ന്യ​​ത​​ക്ക്​ നി​​ര​​ക്കാ​​ത്ത പ​​ണി കാ​​ണി​​ച്ച തോ​​മ​​സ്​ ചാ​​ണ്ടി​െ​​യ പു​​റ​​ത്താ​​ക്ക​​ണ​​മെ​​ന്ന്​ ആ​​വ​​ശ്യ​​പ്പെ​​ട്ട​​ത്. അ​​ന്ന്​ ചാ​​ണ്ടി​​ക്കു​​വേ​​ണ്ടി സം​​സാ​​രി​​ച്ച പാ​​ർ​​ട്ടി​​ക്ക​​ക​​ത്തു​​ള്ള​​വ​​രെ മൂ​​ല​​ക്കി​​രു​​ത്താ​​നും മ​​റ​​ന്നി​​ല്ല. മ​​ല​​പ്പു​​റ​​ത്തും അ​​ത്​ പാ​​ർ​​ട്ടി​​ക്കാ​​ർ ക​​ണ്ടു. ഇ​​സ്​​​മ​യി​ൽ എ​​ന്ന സ​​ഖാ​​വ്​ കെ.​​ഇ​​യു​​ടെ ​െപാ​​ടി​​പോ​​ലു​​മി​​ല്ല ക​​ണ്ടു​​പി​​ടി​​ക്കാ​​ൻ. ചാ​​ണ്ടി​​ക്കെ​​തി​​രെ ഉ​​യ​​ർ​​ത്തി​​യ കൈ ​​പി​​ന്നീ​​ട്​ സാ​​ക്ഷാ​​ൽ പി​​ണ​​റാ​​യി സ​​ഖാ​​വി​​നു​​നേ​​രെ​​യും നീ​​ട്ടി​​യി​​ട്ടു​​ണ്ട്. അ​​ത്ര​​യേ​​റെ ധൈ​​ര്യ​​ശാ​​ലി​​യാ​​ണ്. നി​​ല​​മ്പൂ​​രി​​ൽ ര​​ണ്ട്​ മാ​​വോ​വാ​​ദി​​ക​​ൾ കൊ​​ല്ല​​പ്പെ​​ട്ട​​പ്പോ​​ൾ, അ​​വ​​രും സ​​ഖാ​​ക്ക​​ളാ​​ണെ​​ന്ന്​ ഉ​​റ​​ക്കെ​​പ്പ​​റ​​ഞ്ഞ​​ത്​ മ​​റ്റാ​​രു​​മാ​​യി​​രു​​ന്നി​​ല്ല. മാ​​വോ​ വേ​​ട്ട​​ക്കെ​​തി​​രെ പ്ര​​സം​​ഗി​​ക്കു​​ക​​യും ലേ​​ഖ​​നം എ​​ഴു​​തു​​ക​​യു​​മൊ​​ക്കെ ചെ​​യ്​​​തു. തി​​രു​​വ​​ന​​ന്ത​​പു​​രം ലോ ​​അ​​ക്കാ​​ദ​​മി പ്ര​​ശ്​​​നം വ​​ഷ​​ളാ​​ക്കി​​യ​​ത്​ സ​​ർ​​ക്കാ​​റി​െ​​ൻ​​റ പി​​ടി​​വാ​​ശി​​യാ​​ണെ​​ന്ന്​ ചെ​​ന്നി​​ത്ത​​ല​​ക്കു മു​​ന്നേ പ​​റ​​ഞ്ഞ്​ മു​​ന്ന​​ണി​​ക്കു​​ള്ളി​​ലെ പ്ര​​തി​​പ​​ക്ഷ നേ​​താ​​വാ​​യി.​ ക​​ണ്ണൂ​​രി​​ലെ രാ​​ഷ്​​​ട്രീ​​യ ​കൊ​​ല​​പാ​​ത​​ക​​ങ്ങ​​ളി​​ൽ സി.​​പി.​​എം നി​​ല​​പാ​​ടി​​നോ​​ട്​ ഒ​​ട്ടും യോ​​ജി​​പ്പി​​ല്ലെ​​ന്നും തു​​റ​​ന്ന​​ടി​​ച്ചി​​ട്ടു​​ണ്ട്. ദേ​​ശീ​​യ രാ​​ഷ്​​​ട്രീ​​യ​​ത്തി​​ലും വ​​ലി​​യ കാ​​ഴ്​​​ച​​പ്പാ​​ടു​​ള്ള ആ​​ളാ​​ണ്. ഫാ​​ഷി​​സം വ​​ന്നോ ഇ​​േ​ല്ല എ​​ന്ന​​ത്​ സ്​​​കെ​​യി​​ൽ നോ​​ക്കി തി​​ട്ട​​പ്പെ​​ടു​​ത്തേ​​ണ്ട ഒ​​ന്ന​​ല്ല എ​​ന്നാ​​ണ്​ കാ​​രാ​​ട്ട്​ സ​​ഖാ​​വി​​നോ​​ടു​​ള്ള ഉ​​പ​​ദേ​​ശം. ഒ​​ന്നാം യു.​​പി.​​എ മാ​​​തൃ​​ക​​യി​​ലു​​ള്ള ​േകാ​​ൺ​​ഗ്ര​​സ്​ ബ​​ന്ധ​​ത്തി​​ൽ കാ​​നം തെ​​റ്റു​കാ​​ണു​​ന്നി​​ല്ല. ഇൗ ​​മോ​​ദി വി​​രു​​ദ്ധ വി​​കാ​​ര​​ത്തി​​നി​​ട​​യി​​ലും, ഉ​​ടു​​ത്തി​​രി​​ക്കു​​ന്ന മു​​ണ്ടി​​ന​​ടി​​യി​​ൽ കാ​​വി ട്രൗ​​സ​​റാ​​ണോ എ​​ന്ന്​ ദോ​​ഷൈ​​ക​​ദൃ​​ക്കു​​ക​​ൾ സം​​ശ​​യം പ്ര​​ക​​ടി​​പ്പി​​ച്ചി​​ട്ടു​​ണ്ട്. കേ​​ര​​ള​​ത്തി​​ൽ ഹി​​ന്ദു ജ​​ന​​സം​​ഖ്യ കു​​റ​​ഞ്ഞു​​വ​​രു​​ന്നു​​വെ​​ന്നും ന്യൂ​​ന​​പ​​ക്ഷ​​ങ്ങ​​ൾ ഭൂ​​രി​​പ​​ക്ഷ​​മാ​​കു​​ന്നു​​വെ​​ന്നും ആ​​വ​​ർ​​ത്തി​​ച്ച്​ പ​​റ​​ഞ്ഞ്​ സം​​ഘ്​​​പ​​രി​​വാ​​റി​െ​​ൻ​​റ കൈ​​യ​​ടി വാ​​ങ്ങി​​യ​​ത്​ എ​​ന്തി​​നാ​​ണെ​​ന്ന്​ ഇ​​പ്പോ​​ഴും സ​​മ​​സ്യ​​യാ​​യി തു​​ട​​രു​​ന്നു.

ആ​​ൽ​​ഡ്രി​െ​​ൻ​​റ ക​​ഥ ന​​ട​​ക്കു​േ​​മ്പാ​​ൾ പാ​​ർ​​ട്ടി​​യു​​ടെ യു​​വ​​ജ​​ന സം​​ഘ​​ട​​ന​​യു​​ടെ സം​​സ്​​​ഥാ​​ന സെ​​ക്ര​​ട്ട​​റി​​യും ദേ​​ശീ​​യ ​ൈവ​​സ്​ പ്ര​​സി​​ഡ​​ൻ​​റു​​മാ​​യി​​രു​​ന്നു. അ​​ന്ന്​ 20 വ​​യ​​സ്സ്​​ പ്രാ​​യം. ആ ​​കൊ​​ല്ലം സി.​​പി.​െ​​എ സം​​സ്​​​ഥാ​​ന കൗ​​ൺ​​സി​​ലി​​ലു​​മെ​​ത്തി. അ​​ഞ്ചു​വ​​ർ​​ഷം ക​​ഴി​​ഞ്ഞ്​ എ​​ൻ.​​ഇ. ബാ​​ല​​റാ​​മി​െ​​ൻ​​റ കീ​​ഴി​​ൽ സം​​സ്​​​ഥാ​​ന സെ​​ക്ര​േ​​ട്ട​​റി​​യ​​റ്റി​​ലും അം​​ഗ​​മാ​​യി. കേ​​ര​​ള ക്രൂ​ഷ്​​​ചേ​​വ്​ എം.​​എ​​ൻ. ഗോ​​വി​​ന്ദ​​ൻ നാ​​യ​​ർ, ടി.​​വി. തോ​​മ​​സ്, സി. ​​അ​​ച്യു​​ത​​മേ​​നോ​​ൻ, വെ​​ളി​​യം ഭാ​​ർ​​ഗ​​വ​​ൻ തു​​ട​​ങ്ങി​​യ നേ​​താ​​ക്ക​​ൾ​​ക്കൊ​​പ്പം ചെ​​റു​​പ്രാ​​യ​​ത്തി​​ൽ​ത​​ന്നെ പ്ര​​വ​​ർ​​ത്തി​​ക്കാ​​ൻ അ​​ങ്ങ​​നെ ക​​ഴി​​ഞ്ഞു. ഇൗ ​​കാ​​ല​​ത്ത്​ പാ​​ർ​​ട്ടി​​യു​​ടെ തൊ​​ഴി​​ലാ​​ളി യൂ​​നി​​യ​െ​​ൻ​​റ​​യും ത​​ല​​പ്പ​​ത്തെ​​ത്തി. 1982ൽ ​​പാ​​ർ​​ട്ടി​​യു​​ടെ കോ​​ട്ട​​യം ജി​​ല്ല സെ​​ക്ര​​ട്ട​​റി​​യാ​​യി​​രി​​ക്കെ​​യാ​​ണ്​ പാ​​ർ​​ല​​മെ​​ൻ​​റ​​റി രാ​​ഷ്​​​ട്രീ​​യ​​ത്തി​​ലേ​​ക്കു​​ള്ള രം​​ഗ​​പ്ര​​വേ​​ശം. ’82ലും ’87​​ലും വാ​​ഴൂ​​രി​​ൽ​നി​​ന്ന്​ നി​​യ​​മ​​സ​​ഭ​​യി​​ലെ​​ത്തി. പ​​േ​ക്ഷ, ’91ലും ’96​​ലും കാ​​ലി​​ട​​റി. പി​​ന്നെ, എ.​െ​​എ.​​ടി.​​യു.​​സി​​യു​​ടെ അ​​മ​​ര​​ത്തി​​രു​​ന്ന്​ ​തൊ​​ഴി​​ലാ​​ളി വ​​ർ​​ഗ സ​​ർ​​വാ​​ധി​​പ​​ത്യ​​ത്തി​​നാ​​യ കാ​​ര്യ​​ങ്ങ​​ൾ നീ​​ക്കി. രാ​​ജ്യ​​ത്തു​​ത​​ന്നെ ആ​​ദ്യ​​മാ​​യി ഇ​ത​ര​സം​​സ്​​​ഥാ​​ന തൊ​​ഴി​​ലാ​​ളി​​ക​​ളെ​​യും പു​​തു​​ത​​ല​​മു​​റ ബാ​​ങ്കു​​ക​​ൾ,​ െഎ.​​ടി, ടെ​​ലി​​വി​​ഷ​​ൻ ചാ​​ന​​ലു​​ക​​ൾ എ​​ന്നി​​വി​​ട​​ങ്ങ​​ളി​​ലെ ക​​രാ​​ർ തൊ​​ഴി​​ലാ​​ളി​​ക​​ളെ​​യും സം​​ഘ​​ടി​​പ്പി​​ച്ച​​ത്​ ഇൗ ​​സ​​മ​​യ​​ത്താ​​ണ്. ഇ​​തൊ​​ന്നും സി.​െ​​എ.​​ടി.​​യു ഉ​​ൾ​​പ്പെ​​ടെ​​യു​​ള്ള ​െതാ​​ഴി​​ലാ​​ളി പ്ര​​സ്​​​ഥാ​​ന​​ങ്ങ​​ൾ​​ക്ക്​ ര​​സി​​ച്ചി​​താ​​യി​​രു​​ന്നി​​ല്ല. പ​​േ​ക്ഷ, കാ​​നം മു​​ന്നോ​​ട്ടു ത​​ന്നെ​​യാ​​യി​​രു​​ന്നു. ഇൗ ​​നി​​ശ്ച​​യ​​ദാ​​ർ​​ഢ്യ​​മാ​​ണ്​ പാ​​ർ​​ട്ടി​​യെ അ​​ദ്ദേ​​ഹം ത​​ന്നെ ന​​യി​​ക്ക​െ​​ട്ട എ​​ന്ന ചി​​ന്ത​​യി​​ലേ​​ക്ക്​ കേ​​ന്ദ്ര നേ​​തൃ​​ത്വ​​ത്തെ കൊ​​ണ്ടെ​​ത്തി​​ച്ച​​ത്. അ​​ങ്ങ​​നെ കോ​​ട്ട​​യം സ​​മ്മേ​​ള​​ന​​ത്തി​​ൽ അ​​ത്​ യ​ാ​ഥാ​​ർ​​ഥ്യ​​മാ​​യി. ഇ​​പ്പോ​​ൾ മ​​ല​​പ്പു​​റ​​ത്തും അ​​ത്​ ആ​​വ​​ർ​​ത്തി​​ച്ചു. കൊ​​ല്ലം പാ​​ർ​​ട്ടി കോ​​ൺ​​ഗ്ര​​സോ​​ടെ മു​​ഖ്യ​​പ്ര​​തി​​യോ​​ഗി​​യാ​​യ കെ.​​ഇ​യെ മൂ​​ല​​ക്കി​​രു​​ത്തി കാ​​ന​​ത്തി​െ​​ൻ​​റ സ​​മ​​ഗ്രാ​​ധി​​പ​​ത്യ​​മാ​​യി​​രി​​ക്കും പാ​​ർ​​ട്ടി​​യി​​ലെ​​ന്നാ​​ണ്​ നി​​രീ​​ക്ഷ​​ക മ​​തം.

1950ൽ ​​വാ​​ഴൂ​​രി​​ന​​ടു​​ത്തു​​ള്ള കാ​​ന​​ത്ത്​ ജ​​ന​​നം. കോ​​ട്ട​​യം എ​​സ്.​​വി.​​ആ​​ർ എ​​ൻ.​​എ​​സ്.​​എ​​സ്​ സ്​​​കൂ​​ളി​​ൽ​നി​​ന്ന്​ പ്രാ​​ഥ​​മി​​ക വി​​ദ്യാ​​ഭ്യാ​​സം. എ​​സ്​​​റ്റേ​​റ്റ്​ ​െതാ​​ഴി​​ലാ​​ളി​​യാ​​യി​​രു​​ന്ന പി​​താ​​വി​​ൽ​​നി​​ന്നാ​​ണ്​ വി​​പ്ല​​വ ചി​​ന്ത​​ക​​ളു​​ടെ നാ​​മ്പ്​ത​​ളി​​ർ​​ത്ത​​തെ​​ന്ന്​ പ​​ല​​പ്പോ​​ഴും പ​​റ​​ഞ്ഞി​​ട്ടു​​ണ്ട്. കോ​​ട്ട​​യം ബ​​സേ​​ലി​​യ​​സ്​ കോ​​ള​​ജ്​ പ​​ഠ​​ന​കാ​​ല​​ത്ത്​ ​ലോ​​ക്ക​​ൽ ഗാ​​ർ​​ഡി​​യ​​നാ​​യി​​രു​​ന്ന കോ​​ട്ട​​യം ഭാ​​സി​​യെ​​യാ​​ണ്​ രാ​​ഷ്​​​ട്രീ​​യ ഗു​​രു​​വാ​​യി മ​​ന​​സ്സി​​ൽ പ്ര​​തി​​ഷ്​​​ഠി​​ച്ചി​​രി​​ക്കു​​ന്ന​​ത്. മോ​​സ്​​​കോ ഇ​​ൻ​​റ​​ർ​​നാ​​ഷ​​ന​​ൽ ഇ​​ൻ​​സ്​​​റ്റി​​റ്റ്യൂ​​ട്ടി​​ലും വി​​ദ്യ അ​​ഭ്യ​​സി​​ച്ചി​​ട്ടു​​ണ്ട്. ഭാ​​ര്യ: വ​​ന​​ജ. മ​​ക്ക​​ൾ: സ​ന്ദീ​പ്, സ്​​മി​ത.",നീ​​ൽ ആം​​സ്​​​ട്രോ​​ങ്​ ച​​ന്ദ്ര​നി​​ൽ​​നി​​ന്ന്​ മ​​ട​​ങ്ങി​​യെ​​ത്തി​​യ കാ​​ലം. ലോ​​ക​​മാ​​കെ സ്വീ​​ക​​ര​​ണ​​മാ​​യി​​രു​​ന്നു ആം​​സ്​​​ട്രോ​​ങ്ങി​​നും സ​​ഹ​​യാ​​ത്രി​​ക​​നാ​​യി​​രു​​ന്ന...,mal,madhyamam,Madhyamam,fake news,7f6ca4e6-3d36-47f6-8379-53765e2f3f68,article,MassiveSum
https://www.madhyamam.com/local-news/kozhikode/2016/apr/08/188926,,റെയില്‍വേ സ്റ്റേഷനില്‍ യാത്രക്കാരിയുടെ മാല പൊട്ടിക്കാന്‍ ശ്രമിച്ച യുവതി പിടിയില്‍,,"കോഴിക്കോട്: റെയില്‍വേ സ്റ്റേഷനില്‍ യാത്രക്കാരിയുടെ മാല മോഷ്ടിക്കാന്‍ ശ്രമിച്ച തമിഴ്നാട് സ്വദേശിനിയെ റെയില്‍വേ പൊലീസ് അറസ്റ്റു ചെയ്തു. തമിഴ്നാട് മധുരമാവട്ടം സ്വദേശിനി എം. നന്ദിനിയാണ് (18) പൊലീസ് പിടിയിലായത്. വ്യാഴാഴ്ച ഉച്ചക്ക് സ്റ്റേഷനില്‍ ട്രെയ്നിറങ്ങി പ്ളാറ്റ്ഫോമിലുള്ള ലിഫ്റ്റില്‍ കയറാന്‍ ശ്രമിക്കുമ്പോഴാണ് പാവങ്ങാട് അടുക്കത്ത് രത്നവല്ലിയുടെ മാലപൊട്ടിക്കാന്‍ പ്രതി ശ്രമിച്ചത്. ലിഫ്റ്റില്‍ കയറുന്നതിനിടെ കൃത്രിമമായി തിരക്കുണ്ടാക്കി അഞ്ചു പവനോളം വരുന്ന മാല പൊട്ടിക്കാന്‍ ശ്രമിക്കുകയായിരുന്നു. യാത്രക്കാരി ബഹളംവെച്ചതിനെതുടര്‍ന്ന് പ്രതി ഓടിരക്ഷപ്പെട്ടു. ഒരു മണിക്കൂറോളം നീണ്ട തിരച്ചിലിനൊടുവില്‍ പ്ളാറ്റ്ഫോമില്‍ വെച്ചാണ് റെയില്‍വേ എസ്.ഐ ബി.കെ. സിജുവിന്‍െറ നേതൃത്വത്തിലുള്ള സംഘം പ്രതിയെ പിടികൂടുന്നത്. പ്ളാറ്റ്ഫോമിലെ കാത്തിരിപ്പു കേന്ദ്രത്തില്‍നിന്ന് വസ്ത്രം മാറി രക്ഷപ്പെടാന്‍ ശ്രമിക്കുകയായിരുന്നു. മോഷണശേഷം തിരിച്ചറിയാതിരിക്കാന്‍ പുതിയ വേഷത്തില്‍ നടക്കുന്നതാണ് ഇവരുടെ രീതിയെന്ന് പൊലീസ് പറഞ്ഞു. ഇത്തരത്തില്‍ 10ഓളം സ്ത്രീകള്‍ ജില്ലയില്‍ വന്നിട്ടുണ്ടെന്നും രാവിലെ ഒരു വാഹനത്തില്‍ വന്നിറങ്ങി മോഷണം നടത്തിയശേഷം രാത്രിയില്‍ ഒത്തുകൂടുകയാണ് പതിവെന്നും പിടിയിലായ സ്ത്രീ പൊലീസില്‍ മൊഴി നല്‍കി. മോഷണ സാധനങ്ങള്‍ ആഴ്ചയില്‍ ഒരിക്കല്‍ നാട്ടില്‍ കൊണ്ടുപോയി വില്‍ക്കുകയാണ് രീതി. പിടിക്കപ്പെട്ടാല്‍ ജാമ്യത്തിലിറക്കാന്‍ നാട്ടില്‍നിന്ന് അഭിഭാഷകനെ ഏര്‍പ്പാട് ചെയ്തിട്ടുണ്ടെന്നും ഇവര്‍ പറഞ്ഞു. പ്രതിയെ കോടതിയില്‍ ഹാജരാക്കി റിമാന്‍ഡ് ചെയ്തു. അന്വേഷണ സംഘത്തില്‍ എസ്.ഐ രാജേന്ദ്രന്‍, എ.എസ്.ഐമാരായ കെ. ശശിധരന്‍, സതീഷ്കുമാര്‍, മനോജ്കുമാര്‍ എന്നിവരും ഉണ്ടായിരുന്നു.",കോഴിക്കോട്: റെയില്‍വേ സ്റ്റേഷനില്‍ യാത്രക്കാരിയുടെ  മാല മോഷ്ടിക്കാന്‍ ശ്രമിച്ച തമിഴ്നാട് സ്വദേശിനിയെ റെയില്‍വേ പൊലീസ് അറസ്റ്റു ചെയ്തു. തമിഴ്നാട് മധുരമാവട്ടം സ്വദേശിനി എം. നന്ദിനിയാണ് (18)...,mal,madhyamam,Madhyamam,fake news,1bf99d3d-ce36-4aa3-bc06-6ea9aa1e4510,article,MassiveSum
https://www.madhyamam.com/gulf-news/oman/haris-hasan-oman-oman-news/620509,,യാ​ത്ര​യ​യ​പ്പ് ന​ൽ​കി,,"സ​ലാ​ല: ദീ​ർ​ഘ നാ​ള​ത്തെ പ്ര​വാ​സം അ​വ​സാ​നി​പ്പി​ച്ച് നാ​ട്ടി​ലേ​ക്ക് മ​ട​ങ്ങു​ന്ന എ​രു​മേ​ലി സ്വ​ദേ​ശി ഹ ാ​രി​സ് ഹ​സ​ൻ റാ​വു​ത്ത​ർ​ക്ക് കൈ​ര​ളി സ​ലാ​ല യാ​ത്ര​യ​യ​പ്പ് ന​ൽ​കി. ഏ​റെ​ക്കാ​ലം മ​സ്ക​ത്തി​ലെ ജീ​വ​കാ​രു​ണ്യ, സാ​മൂ​ഹി​ക-​സാം​സ്കാ​രി​ക മേ​ഖ​ല​ക​ളി​ലെ സ​ജീ​വ സാ​ന്നി​ധ്യ​മാ​യി​രു​ന്നു ഇ​ദ്ദേ​ഹം. ര​ണ്ടു​വ​ർ​ഷ​ത്തോ​ള​മാ​യി സ​ലാ​ല സി​റ്റി കേ​ന്ദ്രീ​ക​രി​ച്ചാ​ണ്​ പ്ര​വ​ർ​ത്ത​നം. സ്വ​കാ​ര്യ ക​മ്പ​നി ജീ​വ​ന​ക്കാ​ര​നാ​യ ഇ​ദ്ദേ​ഹം കൈ​ര​ളി സ​ലാ​ല കേ​ന്ദ്ര ക​മ്മി​റ്റി അം​ഗ​വു​മാ​യി​രു​ന്നു. കൈ​ര​ളി ഓ​ഫി​സി​ൽ ന​ട​ന്ന ച​ട​ങ്ങി​ൽ പ്ര​സി​ഡ​ൻ​റ് കെ.​എ. റ​ഹിം അ​ധ്യ​ക്ഷ​ത വ​ഹി​ച്ചു. യോ​ഗ​ത്തി​ൽ ലോ​ക കേ​ര​ള സ​ഭാ​ഗം എ.​കെ. പ​വി​ത്ര​ൻ ആ​ശം​സ​ക​ള​ർ​പ്പി​ച്ചു. മു​തി​ർ​ന്ന നേ​താ​വ് പി.​ആ​ർ. വി​ജ​യ​രാ​ഘ​വ​ൻ കൈ​ര​ളി​യു​ടെ ഉ​പ​ഹാ​രം ന​ൽ​കി. സി​റ്റി യൂ​നി​റ്റി​​െൻറ ഉ​പ​ഹാ​രം മ​ൻ​സൂ​ർ പ​ട്ടാ​മ്പി ന​ൽ​കി. മു​തി​ർ​ന്ന നേ​താ​ക്ക​ളാ​യ ച​ന്ദ്ര​ൻ ക​ണ്ണോ​ത്ത്, എം.​കെ. ശ​ശി, സി. ​വി​ന​യ​കു​മാ​ർ, അ​സീ​സ് റാ​വു​ത്ത​ർ, ലി​ജോ ലാ​സ​ർ, പ്ര​ദീ​ശ​ൻ മേ​മു​ണ്ട, സ​നീ​ഷ്, ഹേ​മ ഗം​ഗാ​ധ​ര​ൻ, ഷി​ബു മു​പ്പ​ത്ത​ടം, എ​ന്നി​വ​ർ സം​സാ​രി​ച്ചു. സി​ജോ​യ് സ്വാ​ഗ​ത​വും റി​ജി​ൻ ന​ന്ദി​യും പ​റ​ഞ്ഞു.",സ​ലാ​ല: ദീ​ർ​ഘ നാ​ള​ത്തെ പ്ര​വാ​സം അ​വ​സാ​നി​പ്പി​ച്ച് നാ​ട്ടി​ലേ​ക്ക് മ​ട​ങ്ങു​ന്ന എ​രു​മേ​ലി സ്വ​ദേ​ശി ഹ   ാ​രി​സ് ഹ​സ​ൻ റാ​വു​ത്ത​ർ​ക്ക് കൈ​ര​ളി സ​ലാ​ല യാ​ത്ര​യ​യ​പ്പ് ന​ൽ​കി. ഏ​റെ​ക്കാ​ലം...,mal,madhyamam,Madhyamam,fake news,22cc86f0-3a63-42f0-b90e-36e65f0b55dd,article,MassiveSum
https://www.madhyamam.com/local-news/kannur/558811,,കളഞ്ഞുകിട്ടിയ പഴ്സ് ഉടമസ്ഥന് തിരിച്ചുനൽകി വിദ്യാർഥി മാതൃകയായി,,"കൂത്തുപറമ്പ്: കളഞ്ഞുകിട്ടിയ പണമടങ്ങിയ പഴ്സ് ഉടമസ്ഥന് തിരിച്ചുനൽകി വിദ്യാർഥി മാതൃകയായി. ആമ്പിലാട് എൽ.പി സ്കൂളിന് സമീപത്തെ എടവലത്ത് വീട്ടിൽ രതീശ​െൻറയും പത്മജയുടെയും മകൻ എൻ.കെ. ജിഷ്ണുവാണ് മാതൃക കാട്ടിയത്. കൂത്തുപറമ്പിലെ ടാക്സി ഡ്രൈവർ എ.പി. രാജേന്ദ്ര​െൻറ പഴ്സാണ് രണ്ടാഴ്ച മുമ്പ് ആമ്പിലാട് റോഡിൽ നഷ്ടമായത്. 10000 രൂപയും എ.ടി.എം കാർഡും ക്ഷേമനിധി ലൈസൻസും പഴ്സിലുണ്ടായിരുന്നു. ലൈസൻസിലെ വിലാസം കണ്ട ജിഷ്ണു, രാജേന്ദ്രനെ പഴ്സ് ഏൽപിക്കുകയായിരുന്നു. കൂത്തുപറമ്പ് ഗവ. എച്ച്.എസ്.എസ് പ്ലസ് വൺ വിദ്യാർഥിയാണ് ജിഷ്ണു.",കൂത്തുപറമ്പ്: കളഞ്ഞുകിട്ടിയ പണമടങ്ങിയ പഴ്സ് ഉടമസ്ഥന് തിരിച്ചുനൽകി വിദ്യാർഥി മാതൃകയായി. ആമ്പിലാട് എൽ.പി സ്കൂളിന് സമീപത്തെ എടവലത്ത് വീട്ടിൽ രതീശ​െൻറയും പത്മജയുടെയും മകൻ എൻ.കെ. ജിഷ്ണുവാണ് മാതൃക...,mal,madhyamam,Madhyamam,fake news,669eaad0-e0bd-4848-b6fc-f1decc161a1a,article,MassiveSum
https://lao.voanews.com/a/february-17-2016-day-in-photos/3729894.html,https://lao.voanews.com/a/february-17-2016-day-in-photos/3729894.html,ພາບເດັ່ນ ປະຈຳ ວັນທີ 17 ກຸມພາ 2017,,A look at the best news photos from around the world.,A look at the best news photos from around the world.,mal,voanews,VOA News,fake news,30d3f593-60aa-427c-8b9c-edbd8445105f,article,MassiveSum
https://www.madhyamam.com/gulf-news/saudi-arabia/truck-accident-fire-gulf-news/458532,,ട്രക്ക് ഷോപ്പിങ് മാളിന് മുകളിലേക്ക് മറിഞ്ഞ് കത്തി; മൂന്നുപേര്‍ വെന്തുമരിച്ചു,,നജ്റാന്‍: നജ്റാന്‍ നഗരത്തിന്​ പടിഞ്ഞാറ് ഭാഗത്ത് ട്രക്ക് ഷോപ്പിങ് മാളിന് മുകളിലേക്ക് മറിഞ്ഞ് കത്തി. ട്രക്ക് ഡ്രൈവറും രണ്ട് ജോലിക്കാരും വെന്തുമരിച്ചു. ഒരു ഇന്ത്യക്കാരനും സുഡാൻ പൗരനും പരിക്കേറ്റിട്ടുമുണ്ട്​. ഇവരെ ആശുപത്രിയിൽ പ്രവേശിപ്പിച്ചു. അല്‍മഗര്‍റ ജങ്ഷന് സമീപമായിരുന്നു സംഭവം. ടൈല്‍സ് കയറ്റിവരുന്ന ട്രക്ക്​ പാലത്തിന് മുകളില്‍ നിന്ന് ഇറങ്ങുന്നതിടെ നിയന്ത്രണം വിട്ട്​ സമീപത്തെ ഷോപ്പിങ് മാളി​​​​​െൻറ ഭാഗത്തേക്ക്​ മറിയുകയായിര​ുന്നു. അപകടത്തെ തുടര്‍ന്ന് വന്‍ സാമ്പത്തിക നഷ്​ടം സംഭവിച്ചിട്ടുണ്ടെന്ന് നജ്റാന്‍ സിവില്‍ ഡിഫന്‍സ് വിഭാഗം വ്യക്തമാക്കി.,നജ്റാന്‍: നജ്റാന്‍ നഗരത്തിന്​ പടിഞ്ഞാറ് ഭാഗത്ത് ട്രക്ക് ഷോപ്പിങ് മാളിന് മുകളിലേക്ക് മറിഞ്ഞ് കത്തി. ട്രക്ക് ഡ്രൈവറും രണ്ട് ജോലിക്കാരും വെന്തുമരിച്ചു. ഒരു ഇന്ത്യക്കാരനും സുഡാൻ പൗരനും...,mal,madhyamam,Madhyamam,fake news,1cc316d3-010f-4415-97ff-bf3949bcf0c2,article,MassiveSum
https://www.madhyamam.com/gulf-news/uae/dubai-kmcc-letter-submitted-702964,,ദു​ബൈ കെ.​എം.​സി.​സി നി​വേ​ദ​നം ന​ൽ​കി,,"ദു​ബൈ: പ്ര​വാ​സി​ക​ൾ നേ​രി​ടു​ന്ന പ്ര​ശ്ന​ങ്ങ​ൾ പ​രി​ഹ​രി​ക്കാ​ൻ ഇ​ട​പെ​ട​ണ​മെ​ന്ന് ആ​വ​ശ്യ​പ്പെ​ട്ട് ദു​ബൈ കെ.​എം.​സി.​സി നേ​താ​ക്ക​ൾ യു.​എ.​ഇ‍യി​ൽ സ​ന്ദ​ർ​ശ​ന​ത്തി​നെ​ത്തി​യ കേ​ന്ദ്ര വി​ദേ​ശ​കാ​ര്യ സ​ഹ​മ​ന്ത്രി വി. ​മു​ര​ളീ​ധ​ര​ന് നി​വേ​ദ​നം ന​ൽ​കി. വി​ദേ​ശ​ത്തു​വെ​ച്ച് കോ​വി​ഡ് ബാ​ധി​ച്ച് മ​രി​ച്ച​വ​രു​ടെ കു​ടും​ബ​ത്തി​ന് 10 ല​ക്ഷ​വും ജോ​ലി ന​ഷ്​​ട​പ്പെ​ട്ട് നാ​ട്ടി​ലെ​ത്തി​യ​വ​ർ​ക്ക് അ​ഞ്ച് ല​ക്ഷ​വും ധ​ന​സ​ഹാ​യം പ്ര​ഖ്യാ​പി​ക്ക​ണ​മെ​ന്ന​ത​ട​ക്കം പ്ര​വാ​സി​ക​ൾ നേ​രി​ടു​ന്ന എ​ല്ലാ വി​ഷ​യ​ങ്ങ​ളും മ​ന്ത്രി​യു​ടെ ശ്ര​ദ്ധ​യി​ൽ പെ​ടു​ത്തി​യ​താ​യി നേ​താ​ക്ക​ൾ പ​റ​ഞ്ഞു.

യു.​എ.​ഇ കെ.​എം.​സി.​സി പ്ര​സി​ഡ​ൻ​റ് ഡോ. ​പു​ത്തൂ​ർ റ​ഹ്മാ​ൻ നി​വേ​ദ​നം കൈ​മാ​റി. ദു​ബൈ കെ.​എം.​സി.​സി ആ​ക്ടി​ങ്​ ജ​ന​റ​ൽ സെ​ക്ര​ട്ട​റി ഹം​സ തൊ​ട്ട, സെ​ക്ര​ട്ട​റി​മാ​രാ​യ അ​ഡ്വ. ഇ​ബ്രാ​ഹീം ഖ​ലീ​ൽ, നി​സാ​മു​ദ്ദീ​ൻ കൊ​ല്ലം എ​ന്നി​വ​രും ച​ർ​ച്ച​യി​ൽ പ​ങ്കെ​ടു​ത്തു.",ദു​ബൈ: പ്ര​വാ​സി​ക​ൾ നേ​രി​ടു​ന്ന പ്ര​ശ്ന​ങ്ങ​ൾ പ​രി​ഹ​രി​ക്കാ​ൻ ഇ​ട​പെ​ട​ണ​മെ​ന്ന് ആ​വ​ശ്യ​പ്പെ​ട്ട് ദു​ബൈ കെ.​എം.​സി.​സി നേ​താ​ക്ക​ൾ യു.​എ.​ഇ‍യി​ൽ സ​ന്ദ​ർ​ശ​ന​ത്തി​നെ​ത്തി​യ കേ​ന്ദ്ര...,mal,madhyamam,Madhyamam,fake news,3f5b53b8-f8ce-491c-b290-b9cf649906ba,article,MassiveSum
https://www.madhyamam.com/kerala/actress-attack-case-parade/2017/feb/25/248995,,നടിയെ ആക്രമിച്ച സംഭവം: തിരിച്ചറിയല്‍ പരേഡ് നടത്തി,,"ആലുവ: നടിയെ തട്ടിക്കൊണ്ടുപോയി ഉപദ്രവിച്ച സംഭവത്തില്‍ ആലുവ സബ് ജയിലില്‍ റിമാന്‍ഡില്‍ കഴിയുന്നവരുടെ തിരിച്ചറിയല്‍ പരേഡ് നടത്തി. ആലുവ ജയിലില്‍ ശനിയാഴ്ച വൈകീട്ട് 3.15ഓടെയാണ് തിരിച്ചറിയല്‍ പരേഡ് നടത്തിയത്. ഫോര്‍ട്ട് കൊച്ചിയിലെ ഷൂട്ടിങ് ലൊക്കേഷനില്‍നിന്ന് നടി സബ് ജയിലില്‍ എത്തുകയായിരുന്നു. ആലുവ ഒന്നാം ക്ളാസ് മജിസ്ട്രേറ്റ് റിനുവിന്‍െറ സാന്നിധ്യത്തിലായിരുന്നു തിരിച്ചറിയല്‍ പരേഡ്.

പ്രതികളായ മാര്‍ട്ടിന്‍, പ്രദീപ്, സലിം, മണികണ്ഠന്‍ എന്നിവരുടെ തിരിച്ചറിയല്‍ പരേഡാണ് നടന്നത്. ഇതിനായി ജയിലില്‍ റിമാന്‍ഡില്‍ കഴിയുന്നവരടക്കം ഇരുപത്തഞ്ചോളം പേരെ തിരിച്ചറിയല്‍ പരേഡില്‍ പങ്കെടുപ്പിച്ചു. പ്രതികളെ നടി തിരിച്ചറിഞ്ഞതായാണ് വിവരം. തിരിച്ചറിയല്‍ പരേഡിനുശേഷം വൈകുന്നേരം 4.45ഓടെ നടി ജയിലില്‍നിന്ന് മടങ്ങി.",ആലുവ: നടിയെ തട്ടിക്കൊണ്ടുപോയി ഉപദ്രവിച്ച സംഭവത്തില്‍ ആലുവ സബ് ജയിലില്‍ റിമാന്‍ഡില്‍ കഴിയുന്നവരുടെ തിരിച്ചറിയല്‍ പരേഡ് നടത്തി. ആലുവ ജയിലില്‍ ശനിയാഴ്ച വൈകീട്ട് 3.15ഓടെയാണ്  തിരിച്ചറിയല്‍ പരേഡ്...,mal,madhyamam,Madhyamam,fake news,8fbf8dc7-2e4c-42aa-8cab-ed39ad3560c8,article,MassiveSum
https://www.15min.lt/naujiena/aktualu/pasaulis/irano-auksciausiasis-lyderis-jae-susitarimu-su-izraeliu-isdave-musulmonu-pasauli-57-1369754,https://www.15min.lt/naujiena/aktualu/pasaulis/irano-auksciausiasis-lyderis-jae-susitarimu-su-izraeliu-isdave-musulmonu-pasauli-57-1369754,Irano aukščiausiasis lyderis: JAE susitarimu su Izraeliu „išdavė“ musulmonų pasaulį,,"„JAE išdavė islamo pasaulį, arabų valstybes, regiono šalis ir Palestiną“, – sakė A.Khamenei, kurio žodžiai cituojami jo oficialioje paskyroje socialiniame tinkle „Twitter“.

„Žinoma, ši išdavystė ilgai netruks, bet jiems liks gėdos dėmė“, – sakoma kitoje tviterio žinutėje.

Pagal susitarimą, kuris yra tik trečia tokia sutartis su arabų šalimis, Izraelis pažadėjo sustabdyti palestiniečių žemių aneksiją.

Tačiau izraeliečių premjeras Benjaminas Netanyahu pabrėžė, jog tai nereiškia, kad Izraelis atsisako planų aneksuoti Jordano slėnį ir žydų gyvenvietes okupuotame Vakarų Krante.

„Tikiuosi, kad Emyratai netrukus pabus ir atlygins už tai, ką padarė, – sakė A. Khamenei. – JAE valdytojai atvėrė regiono duris sionistams ir ignoravo bei normalizavo Palestinos klausimą.“

Tai pirma vieša A. Khamenei reakcija į JAE ir Izraelio susitarimą, apie kurį rugpjūčio 13 dieną paskelbė JAV prezidentas Donaldas Trumpas.

Komentaras pasirodė pirmadienį į Abu Dabį atskridus amerikiečių ir izraeliečių delegacijai. Tai buvo pirmas tiesioginis komercinis skrydis į Abu Dabį iš Tel Avivo, surengtas ryšių normalizavimui paminėti. Saudo Arabija leido lėktuvui skristi savo oro erdve.

Irano užsienio reikalų ministerija anksčiau susitarimą pasmerkė kaip „strateginio kvailumo“ veiksmą.

JAE 2016 metų sausį, augant įtampai tarp Saudo Arabijos ir Irano, apribojo savo ryšius su Teheranu.

Teherano ir Rijado santykiai dar labiau pablogėjo pernai, po virtinės atakų prieš tanklaivius Persijos įlankos vandenyse. Vašingtonas dėl tų atakų kaltino Iraną, bet šis kaltinimus neigė.

Saudo Arabija ir Iranas, dvi pagrindinės regiono galios, palaiko priešingas konfliktų Sirijoje ir Jemene šalis.",Irano aukščiausiasis lyderis ajatola Ali Khamenei antradienį apkaltino Jungtinius Arabų Emyratus (JAE) išdavus musulmonų pasaulį savo susitarimu normalizuoti santykius su...,mal,15min,15Min,fake news,687fec12-d885-4b47-bc17-3e5cde88adf6,article,MassiveSum
https://www.madhyamam.com/local-news/malappuram/2018/jun/30/511987,,ബി.എസ്​സി സീറ്റൊഴിവ്​,,"മലപ്പുറം: െഎ.എച്ച്.ആർ.ഡി.യുടെ കീഴിൽ മലപ്പുറം മുണ്ടുപറമ്പ് ഗവ. കോളജ് കാമ്പസിൽ പ്രവർത്തിക്കുന്ന കോളജ് ഒാഫ് അപ്ലൈഡ് സയൻസിൽ ബി.എസ്സി. കമ്പ്യൂട്ടർ സയൻസിലും ബി.എസ്സി. ഇലക്ട്രോണിക്സിലും കോളജ് വഴി നേരിട്ടുള്ള പ്രേവശനത്തിന് ഏതാനും സീറ്റുകൾ ഒഴിവുണ്ട്. താൽപര്യമുള്ളവർ സി.എ.പി െഎ.ഡി.യും അസ്സൽ രേഖകളുമായി ജൂലൈ മൂന്നിന് രാവിലെ 10.30ന് കോളജിൽ നേരിട്ട് ഹാജരാകണം. എസ്.സി/എസ്.ടി, ഒ.ഇ.സി വിഭാഗങ്ങൾക്ക് ഫീസിളവ് ഉണ്ടായിരിക്കും. വിശദ വിവരങ്ങൾക്ക് 0483 2736211.",മലപ്പുറം: െഎ.എച്ച്.ആർ.ഡി.യുടെ കീഴിൽ മലപ്പുറം മുണ്ടുപറമ്പ് ഗവ. കോളജ് കാമ്പസിൽ പ്രവർത്തിക്കുന്ന കോളജ് ഒാഫ് അപ്ലൈഡ് സയൻസിൽ ബി.എസ്സി. കമ്പ്യൂട്ടർ സയൻസിലും ബി.എസ്സി. ഇലക്ട്രോണിക്സിലും കോളജ് വഴി...,mal,madhyamam,Madhyamam,fake news,7afaea99-a49a-402d-a827-215d1104b765,article,MassiveSum
https://www.madhyamam.com/local-news/pathanamthitta/2016/dec/24/238219,,കശുവണ്ടി ഫാക്ടറികള്‍ പൂട്ടി തൊഴിലാളി സമരം ഇന്ന് ആരംഭിക്കും,,"അടൂര്‍: അടൂരില്‍ പൂട്ടിയ കശുവണ്ടി ഫാക്ടറികള്‍ക്ക് മുന്നില്‍ ശനിയാഴ്ച മുതല്‍ അനിശ്ചിതകാല സത്യഗ്രഹം ആരംഭിക്കും. അടൂര്‍ താലൂക്കില്‍ അടഞ്ഞുകിടക്കുന്ന കുന്നിട, തെങ്ങമം, കൊടുമണ്‍, മണ്ണടി എന്നിവിടങ്ങളിലെ കശുവണ്ടി ഫാക്ടറികള്‍ക്ക് മുന്നിലാണ് സത്യഗ്രഹം ആരംഭിക്കുക. സി.ഐ.ടി.യു താലൂക്ക് യൂനിയന്‍ പ്രസിഡന്‍റ് ആര്‍. ഉണ്ണികൃഷ്ണപിള്ള, ജനറല്‍ സെക്രട്ടറി വി. തങ്കപ്പന്‍പിള്ള എന്നിവര്‍ നേതൃത്വം നല്‍കും. ജില്ലയില്‍ 40 കശുവണ്ടി ഫാക്ടറികളില്‍ 35 എണ്ണവും പൂട്ടിക്കിടക്കുകയാണ്. 500, 1000 രൂപനോട്ട് പിന്‍വലിക്കല്‍ പ്രഖ്യാപനത്തിന് മുമ്പ് 21 ഫാക്ടറികളും അതിനുശേഷം 14 ഫാക്ടറികളുമാണ് ജില്ലയില്‍ പൂട്ടിയത്. ഇതോടെ, ആയിരക്കണക്കിന് തൊഴിലാളികള്‍ പട്ടിണിയിലായി. കശുവണ്ടി തൊഴിലാളികളുടെ വേതനം വര്‍ധിപ്പിക്കണമെന്ന് സര്‍ക്കാര്‍ ഉത്തരവിറക്കിയപ്പോള്‍ ഫാക്ടറി ഉടമകള്‍ പഴയ വേതനം നല്‍കൂവെന്ന് പറഞ്ഞാണ് ഫാക്ടറി അടച്ചിട്ടത്. ഫാക്ടറികള്‍ അടച്ചുപൂട്ടുമ്പോള്‍ ശമ്പളകുടിശ്ശികയും തൊഴിലാളികള്‍ക്ക് നല്‍കിയിട്ടില്ല. ശമ്പളത്തിന്‍െറ പേരില്‍ അടച്ചിട്ട ചില ഫാക്ടറികളില്‍ തൊഴിലാളികളെ കുറക്കാന്‍ യന്ത്രവത്കരണം നടപ്പാക്കിയിട്ടുണ്ട്.","അടൂര്‍: അടൂരില്‍ പൂട്ടിയ കശുവണ്ടി ഫാക്ടറികള്‍ക്ക് മുന്നില്‍ ശനിയാഴ്ച മുതല്‍ അനിശ്ചിതകാല സത്യഗ്രഹം ആരംഭിക്കും. അടൂര്‍ താലൂക്കില്‍ അടഞ്ഞുകിടക്കുന്ന കുന്നിട, തെങ്ങമം, കൊടുമണ്‍, മണ്ണടി",mal,madhyamam,Madhyamam,fake news,a80774b4-6e2e-4998-8a75-0e1176b38d3a,article,MassiveSum
https://lao.voanews.com/a/2195590.html,https://lao.voanews.com/a/2195590.html,ຟັງຂ່າວ ສະຫະລັດ ແລະ ອີຣ່ານ,,ອ່ານແລະຟັງຂ່າວ ກ່ຽວກັບປະເທດລາວ ເອເຊຍ ອາເມຣິກາ ແລະໂລກ. ນອກນັ້ນ ວີໂອເອລາວຍັງນໍາສະເໜີລາຍງານທີ່ລົງເລິກ ກ່ຽວກັບເລື້ອງຕ່າງໆທີ່ຢູ່ໃນຂ່າວ ແລະຄວາມກ້າວໜ້າດ້ານການແພດ ສຸຂະພາບ ອະນາໄມ ເສດຖະກິດ ການກະເສດ ວິທະຍາສາດແລະເທັກໂນໂລຈີ ຕະຫລອດທັງລາຍການດົນຕີ ແລະຊີວິດຊາວລາວໃນຕ່າງແດນ.,ອ່ານແລະຟັງຂ່າວ ກ່ຽວກັບປະເທດລາວ ເອເຊຍ ອາເມຣິກາ ແລະໂລກ. ນອກນັ້ນ ວີໂອເອລາວຍັງນໍາສະເໜີລາຍງານທີ່ລົງເລິກ ກ່ຽວກັບເລື້ອງຕ່າງໆທີ່ຢູ່ໃນຂ່າວ ແລະຄວາມກ້າວໜ້າດ້ານການແພດ ສຸຂະພາບ ອະນາໄມ ເສດຖະກິດ ການກະເສດ ວິທະຍາສາດແລະເທັກໂນໂລຈີ ຕະຫລອດທັງລາຍການດົນຕີ ແລະຊີວິດຊາວລາວໃນຕ່າງແດນ.,mal,voanews,VOA News,fake news,81a58dc6-293d-49ea-b65c-112b69cc6792,article,MassiveSum
https://lao.voanews.com/a/se-asia-nuclear-03-18-2011-118168024/1199767.html,https://lao.voanews.com/a/se-asia-nuclear-03-18-2011-118168024/1199767.html,ເອເຊຍຕາເວັນອອກສຽງໃຕ້ ຈະທົບທວນ ແຜນການສ້າງໂຮງໄຟຟ້ານີວເຄລຍ,,"ປະເທດອິນໂດເນເຊຍ ມາເລເຊຍ ໄທ ແລະຫວຽດນາມ ຕ່າງ​ກໍ​ມີແຜນການທີ່ຈະສ້າງໂຮງໄຟຟ້ານີວເຄລຍໃນ​ໄລຍະສິບປີຕໍ່ໜ້ານີ້ ແລະປະເທດອື່ນໆອີກໃນຂົງເຂດເອເຊຍຕາເວັນອອກສຽງໃຕ້ນັ້ນ ກໍຫວັງ​ວ່າຈະປະຕິບັດ​ຕາມ.

ແຕ່ສະພາວະສຸກເສີນດ້ານນີວເຄລຍທີ່ເກີດຂຶ້ນຍ້ອນແຜ່ນດິນໄຫວ ແລະຄື້ນຟອງສຸນາມິທີ່ຍີ່ປຸ່ນໃນບໍ່ເທົ່າໃດມື້ຜ່ານມານີ້ ໄດ້ກໍ່ໃຫ້ເກີດຄວາມເປັນຫ່ວງ ກ່ຽວກັບຄວາມປອດໄພຂອງການພັດທະນາກະແສໄຟຟ້າຈາກພະລັງງານນີວເຄລຍ ໂດຍສະເພາະໃນພວກປະເທດທີ່ບໍ່ເຂັ້ມແຂງໃນຫລາຍໆດ້ານ ​ໃນ​ການ​ຕ້ານທານ​ກັບໄພພິບັດທໍາມະຊາດ. ຂົງເຂດເອເຊຍປາຊິຟິກນັ້ນ ​ແມ່ນປະສົບ​ກັບ​ໄພແຜ່ນດິນໄຫວ ພາຍຸເຂດຮ້ອນ ຝົນມໍ​ລະ​ສຸມ ນໍ້າຖ້ວມ ແລະດິນ ເຈຶ່ອນຖະຫລົ່ມ ໃນທຸກໆປີ.

ລຸນຫລັງເກີດເຫດຫາ​ຍະ​ນະດັ່ງກ່າວໃນຍີ່ປຸ່ນນັ້ນ ບັນດາເຈົ້າໜ້າທີ່ ແລະພວກນັກເຄຶ່ອນໄຫວທັງຫລາຍໃນຂົງເຂດ ກໍພາກັນຮຽກຮ້ອງໃຫ້ມີການທົບທວນຄວາມຄິດທີ່ຈະສ້າງໂຮງໄຟຟ້າທີ່ໃຊ້ພະລັງງານນີວ ເຄລຍນັ້ນຄືນໃໝ່.

ທ່ານ ຫວັງ ຮູ ດັນ ປະທານກໍາມາທິການພະລັງງານປະລະມະນູຂອງ ຫວຽດນາມ ກ່າວວ່າ ປະເທດຂອງທ່ານກໍກໍາລັງສິ້ງຊອມຕິດຕາມ​ເບິ່ງເຫດການສຸກເສີນດ້ານນີວເຄລຍ​ໃນ​ຍີ່ປຸ່ນຢູ່ຢ່າງ​ໃກ້ຊິດ ແລະກໍຮູ້​ດິເຖິງຄວາມເປັນຫ່ວງຂອງມະຫາຊົນນັ້ນ ແຕ່ທ່ານກ່າວວ່າ ພວກທ່ານ ບໍ່ຄາດໝາຍວ່າ ມັນຈະບໍ່ສົ່ງຜົນສະທ້ອນແຕ່ຢ່າງໃດຕໍ່​ແຜນການ​ຈະສ້າງໂຮງໄຟຟ້ານີວເຄລຍຂຶ້ນຢ່າງໜ້ອຍ 8 ແຫ່ງນັັ້ນ.

ທ່ານ ຫວັງ ກ່າວຕື່ມວ່າ ພວກທ່ານຈະນໍາໃຊ້ເທັກໂນໂລຈີ່ນີວເຄລຍສູດໃໝ່ຫລ້າສຸດ ຊຶ່ງທ່ານກ່າວວ່າ ມັນຈະມີຄວາມປອດໄພຫລາຍກວ່າເທັກໂນໂລຈີ່ ສູດເກົ່າ ທີ່ໃຊ້ກັນຢູ່ໂຮງໄຟຟ້າ Fukushima Daiichi ຂອງຍີ່ປຸ່ນນັ້ນ. ທ່ານ ຫວັງ ກ່າວຕໍ່ໄປວ່າ:

“ພວກເຮົາຈະເລືອກເອົາເທັກໂນໂລຈີສູດທີ່ວ່າທັນສະ​ໄໝທີ່ສຸດ ຄືໝາຍຄວາມວ່າພວກເຮົາອາດຈະເລືອກ​ເອົາ​ເທັກ​ໂນ​ໂລ​ຈີ ລຸ້ນສາມ ຫລືສູງ​ກ່ວາສາມ. ມັນຈະ​ຕ້ານທານ​ໄດ້ດີຫລາຍ ເວລາ​ເກີດເຫດແຜ່ນດິນໄຫວ ດັ່ງທີ່ເຮົາເຫັນກັນຢູ່ ໃນຍີ່ຢຸ່ນນັ້ນ.”

ລຸນຫລັງ​ເກີດເຫດສຸກເສີນນີວເຄລຍໃນຍີ່ປຸ່ນ ລັດຖະບານໄທກ່າວວ່າຕົນຈະໃຫ້ການພິຈາລະນາ ແກ່​ເລື້ອງຄວາມເປັນຫ່ວງ ກ່ຽວກັບຄວາມປອດໄພດ້ານ ນີວເຄລຍນັ້ນ ຂະນະ​ທີ່​ບັນຫາ ນີ້ກາຍມາເປັນຈຸດເພັ່ງເລັງຂອງ ມະຫາຊົນຫລາຍເພີ່ມຂຶ້ນ.

ແຕ່​ເຖິງ​ຢ່າງ​ໃດ​ກໍ​ຕາມ ທ່ານປານິທານ ວັທະນະຢາກອນ ໂຄສົກລັດຖະບານໄທກ່າວວ່າ ບັນຫາ​ນີ້ຈະບໍ່ຊັກຊ້າຫລືຖ່ວງດຶງການພັດທະນາໂຮງໄຟ ຟ້ານີວເຄລຍຂອງ​ໄທແຕ່ຢ່າງໃດ. ທ່ານ​ປະ​ນິທານ​ເວົ້າ​ວ່າ

“ຂ້າພະ​ເຈົ້າຄິດ​ວ່າ ຫລາຍໆ​ລັດຖະບານ​ກໍອາດ​ຈະ ຕ້ອງ​ການຂໍ້​ມູນເພີ່ມ​ຕື່ມ​ກ່ຽວ​ກັບເລື້ອງນີ້ ຈົນ​ກວ່າ​ວ່າ​ພວກ​ເຮົາ​ຈະໄດ້​ຮູ້​ຢ່າງ​ຄັກ​ແນ່​ ກ່ຽວ​ກັບ​ສິ່ງ​ທີ່​ໄດ້ເກີດ​ຂຶ້ນ​ໃນ​ຍີ່ປຸ່ນ​ນັ້ນ. ດັ່ງ​ນັ້ນ ຂ້າພະ​ເຈົ້າຈຶ່ງຄິດ​ວ່າ “ແມ່ນ​ແລ້ວ ພວກ​ເຮົາ​ຈະ​ດໍາ​ເນີນ​ການ​ຕໍ່​ໄປ.” ​ແນ່ນອນ​ວ່າ​ ມັນ​ສ້າງ​ຄວາມ​ເປັນ​ຫ່ວງ​ຢູ່​ແດ່ ​ແຕ່​ຄວາມ​ເປັນ​ຫ່ວງ​ເຫລົ່າ​ນີ້​ບໍ່​ແມ່ນເລຶ່ອງ​ໃໝ່ ຊຶ່ງ​ກໍ​ຫວັງ​ຢ່າງ​ຍິ່ງ​ວ່າ ຄະນະ​ກໍາມະການ​ຂອງ​ພວກ​ເຮົາ​ທີ່​ກໍາລັງປະ​ຕິ​ບັດ​ງານ​ກ່ຽວ​ກັບບັນຫາ​ນີ້ ຈະ​ສາມາດ​ຊີ້​ແຈງ​ກ່ຽວກັບຮູບ​ການ​ຂອງ​ບັນຫານີ້​ ​ໃຫ້​ພວກ​ເຮົາຊາບ ຢ່າງ​ຄົບຖ້ວນ​ສົມ​ບູນ.”

ທ່ານ​ໂຄສົກ​ປະ​ນິທານ ກ່າວ​ຕໍ່​ໄປ​ວ່າ ຖ້າ​ຫາກ​ຈະມີ​ການ​ຊັກ​ຊ້າ​ໃດໆ​ໃນ​ແຜນການ​ສ້າງ​ໂຮງ​ໄຟຟ້າ​ນີວ​ເຄລຍຂອງ​ໄທ​ນັ້ນ ກໍ​ແມ່ນ​ຈະມີ​ສາ​ເຫດ​ມາ​ຈາກຄວາມຫຍຸ້ງ​ຍາກ​ທາງ​ວິ​ຊາ​ການ ແລະ​ການ​ສຶກສາ​ກ່ຽວ​ກັບຄວາມ​ເປັນ​ໄປ​ໄດ້ ບໍ່​ແມ່ນ​ມາຈາກ​ປະຕິກິລິຍາຕໍ່​ເຫດ​ສຸ​ກ​ເສີນ​ນີວ ເຄລຍ​ ໃນ​ຍີ່ປຸ່ນ​ນັ້ນ ​ແຕ່​ຢ່າງ​ໃດ.

ສ່ວນທ່ານ Carl Thayer ຜູ້​ຊ່ຽວຊານ​ດ້ານ​ຂົງ​ເຂດ​ເອ​ເຊຍ​ຕາ​ເວັນ​ອອກສຽງ​ໃຕ້ ທີ່ມະຫາ​ວິທະຍາ​ໄລ New South Wales ຂອງອອສ​ເຕຣ​ເລຍ ກ່າວ​ວ່າ ເຫດການ​ສຸກ​ເສີນໃນ​ຍີ່ປຸ່ນ​ນັ້ນ ອາດ​ເຮັດ​ໃຫ້​ມີ​ການ​ທົບ​ທວນຄືນ​ໃໝ່​ກ່ຽວ​ກັບການວາງ​ແຜນດ້ານຄວາມ​ປອດ​ໄພ ສໍາລັບ​ຄວາມ​ສ່ຽງ​ຕ່າງໆ​ທາງ​ດ້ານ​ນີວ​ເຄລຍ ຢູ່ໃນ​ບາງປະ​ເທດ ​ແຕ່​ທ່ານ​ກ່າວ​ອີກ​ວ່າຄວາມ ຮຽກຮ້ອງ​ຕ້ອງການດ້ານ​ກະ​ແສ​ໄຟຟ້າ ​ທີ່​ກໍາລັງ​ເຕີບ​ໂຕຂື້ນ​ນັບ​ມື້​ແລະຢ່າງ​ໄວ ໃນ​ຂົງ​ເຂດ​ເອ​ເຊຍ​ຕາ​ເວັນ​ອອກສຽງ​ໃຕ້​ນັ້ນ ໝາຍ​ເຖິງ​ການ​ມີ​ທາງ​ເລືອກ​ອື່ນ​ໜ້ອຍ​ຫລາຍ ແທນ​ພະລັງງານ​ນີວ​ເຄລຍນັ້ນ. ທ່ານ Thayer ກ່າວ​ວ່າ

“ເຂົາ​ເຈົ້າ​ສາມາດ​ສ້າງເຂຶ່ອນ​ໄຟຟ້າ​ນໍ້າຕົກ ​ສາມາດ​ຜະລິດເຊື້ອ​ໄຟ​ຊີວະ​ພາບ ສາມາດ​ໃຊ້​ພະລັງງານ​ລົມ​ໄດ້ ​ແຕ່​ເນຶ່ອງຈາກ​ວ່າ ພວກປະ​ເທດເຫລົ່າ​ນັ້ນ​ ມີເສດ​ຖະກິດ​ທີ່​ເຕີບ​ໃຫຍ່​ຂະຫຍາ​ຍໂຕ​ຂຶ້ນ​ເລື້ອຍໆ ການ​ອຸບປະ​ໂພ​ກບໍລິ​ໂພ​ກຖີບຕົວ​ສູງ​ຂື້ນ​ນັບມື້ ປະຊາຊົນ​ມີ​ຖານະ​ດີ​ຂຶ້ນ​ແລະ​ພາກັນ​ຊົມ​ໃຊ້​ເຄຶ່ອງອຸປກອນໃນ​ບ້ານ ທີ່​ດີ​ແລະ​ທັນ​ສ​ະ​ໄໝ​ຫລາຍ​ຂື້ນ​ ທີ່​ໃຊ້​ກະ​ແສ​ໄຟຟ້າ ຊຶ່ງ​ທັງ​ໝົດ​ນັ້ນເປັນສິ່ງ​ທີ່​ພວກ​ປະ​ເທດ​ເຫລົ່າ​ນີ້ ຕ້ອງ​ໄດ້ຫາ​ທາງ​ຍັບ​ຍັ້ງ​ໄວ້​ລ່ວງ​ໜ້າ ​ເພື່ອບໍ່ໃຫ້ນໍາພາໄປ​ສູ່ຄວາມ​ຮຽກຮ້ອງ​ຕ້ອງການພະລັງງານ ໃນ​ປະລິມານມະຫາສານນັ້ນ.”

ໂຮງ​ໄຟຟ້າທີ່ ບາ​ຕະອານ ຂອງ​ຟິລິບ​ປິນ ຊຶ່ງ​ສ້າງ​ຂຶ້ນໃນ​ຊຸມ​ປີ 1980 ນັ້ນ ​ແມ່ນເປັນ​ໂຮງ ໄຟຟ້າ​ນີວ​ເຄລຍ​ແຫ່ງ​ດຽວ​ເທົ່າ​ນັ້ນ​ໃ​ນຂົງ​ເຂດ​ເອ​ເຊ​ຍ ​ແຕ່ຍ້ອນຄວາມ​ເປັນ​ຫ່ວງ​ກັນ​ກ່ຽວ​ກັບ​ໄພ​ແຜ່ນດິນ​ໄຫວ ​ແລະ​ພູ​ໄຟ​ທີ່ຢູ່ໃກ້​ໆ​ນັ້ນ ໂຮງ​ໄຟຟ້າດັ່ງກ່າວ ກໍ​ເລີຍ​ບໍ່​ໄດ້​ເປີດ​ໃຊ້ຈັກ​ເທື່ອ. ແຕ່​ຢ່າງ​ໃດ​ກໍ​ຕາມ ລັດຖະບານ​ຟິລິບ​ປິນກໍ​ກໍາລັງ​ຄິດຈະ​ນໍາ​ເອົາໂຮງ​ໄຟຟ້າ​ນີ້​ ຄືນ​ມາໃຊ້ຢູ່ ເພື່ອ​ຕອບ​ສະໜອງ​ຄວາມ​ຕ້ອງການ​ດ້ານ​ພະລັງງານ​ຂອງ​ປະ​ເທດຂອງ​ຕົນ​ນັ້ນ.","ໄດ້ມີການຮຽກຮ້ອງໃຫ້ ທໍາການທົບທວນຄວາມຄິດ ທີ່ຈະສ້າງໂຮງໄຟຟ້ານີວເຄລຍນັ້ນຄືນໃໝ່ ຕໍ່ໜ້າ
ວິກິດການທີ່ຜັນຂະຫຍາຍອອກຢູ່ຍີ່ປຸ່ນ.",mal,voanews,VOA News,fake news,a75e32f8-2aca-4cb0-be7f-0cc412d3dc2f,article,MassiveSum
https://www.dengeamerika.com/a/4455219.html,https://www.dengeamerika.com/a/4455219.html,Deng û Reng- Ehmed Qilêç-6-26-2018-LA,,Bernameyên Dengê Amerîka (VOA) yên bi zimanê Kurmancî ku li ser înternetê tên weşandin,Bernameyên Dengê Amerîka (VOA) yên bi zimanê Kurmancî ku li ser înternetê tên weşandin,mal,dengeamerika,Denge Amerika,fake news,91f21c1b-e7ef-4382-b3b6-b15a5d57133f,article,MassiveSum
https://www.madhyamam.com/india/delhi-shoot-shahrukh-s-custody-india-news/667645,,വെടിവെപ്പ്​: ഷാരൂഖി​െൻറ കസ്​റ്റഡി നീട്ടി; കപിൽ ബൈസാലക്ക്​ ജാമ്യം,,"ന്യൂ​ഡ​ൽ​ഹി: ഡ​ൽ​ഹി വം​ശീ​യാ​തി​ക്ര​മ​ത്തി​നി​ടെ പൊ​ലീ​സി​നു​നേ​രെ തോ​ക്കു​​ചൂ​ണ്ടി​യ കേ​സി​ൽ അ​റ​സ്​​റ്റി​ലാ​യ ഷാ​രൂ​ഖ്​ പ​ത്താ​നെ ഡ​ൽ​ഹി കോ​ട​തി മൂ​ന്നു ദി​വ​സ​ത്തേ​ക്കു​കൂ​ടി പൊ​ലീ​സ്​ ക​സ്​​റ്റ​ഡി​യി​ൽ വി​ട്ടു. ഉ​ത്ത​ർ​പ്ര​ദേ​ശി​ലെ ഷം​ലി ജി​ല്ല​ക്കാ​ര​നാ​ണ്​ 23കാ​ര​നാ​യ ഷാ​രൂ​ഖ്. നാ​ലു​ ദി​വ​സ​ത്തെ പൊ​ലീ​സ്​ ക​സ്​​റ്റ​ഡി ശ​നി​യാ​ഴ്ച​യാ​ണ്​ അ​വ​സാ​നി​ച്ച​ത്.

അ​തി​നി​ടെ, ശാ​ഹീ​ൻ​ബാ​ഗി​ൽ ആ​കാ​ശ​ത്തേ​ക്കു​ വെ​ടി​വെ​ച്ച ക​പി​ൽ ബൈ​സാ​ല​ക്ക്​ അ​ഡീ​ഷ​ന​ൽ സെ​ഷ​ൻ​സ്​ ജ​ഡ്​​ജി ഗു​ൽ​ഷ​ൻ കു​മാ​ർ​ ജാ​മ്യം അ​നു​വ​ദി​ച്ചു.

ഫെ​ബ്രു​വ​രി 11നാ​ണ്​ പൗ​ര​ത്വ നി​യ​മ​ത്തി​നെ​തി​രാ​യ പ്ര​ക്ഷോ​ഭം ന​ട​ക്കു​ന്ന ശാ​ഹീ​ൻ​ബാ​ഗി​ൽ പ്ര​കോ​പ​നം സൃ​ഷ്​​ടി​ക്കും​വി​ധം ഇ​യാ​ൾ വെ​ടി​യു​തി​ർ​ത്ത​ത്. പൊ​ലീ​സ്​ എ​തി​ർ​ത്തെ​ങ്കി​ലും കോ​ട​തി ജാ​മ്യം അ​നു​വ​ദി​ക്കു​ക​യാ​യി​രു​ന്നു.",ന്യൂ​ഡ​ൽ​ഹി: ഡ​ൽ​ഹി വം​ശീ​യാ​തി​ക്ര​മ​ത്തി​നി​ടെ പൊ​ലീ​സി​നു​നേ​രെ തോ​ക്കു​​ചൂ​ണ്ടി​യ കേ​സി​ൽ അ​റ​സ്​​റ്റി​ലാ​യ ഷാ​രൂ​ഖ്​ പ​ത്താ​നെ ഡ​ൽ​ഹി കോ​ട​തി മൂ​ന്നു ദി​വ​സ​ത്തേ​ക്കു​കൂ​ടി പൊ​ലീ​സ്​...,mal,madhyamam,Madhyamam,fake news,9cf46efd-0889-4f52-a798-4b786a49b586,article,MassiveSum
https://www.15min.lt/naujiena/aktualu/lietuva/lietuvoje-mazeja-susirgimu-lytiskai-plintanciomis-ligomis-56-1196576,https://www.15min.lt/naujiena/aktualu/lietuva/lietuvoje-mazeja-susirgimu-lytiskai-plintanciomis-ligomis-56-1196576,Lietuvoje mažėja susirgimų lytiškai plintančiomis ligomis,,"2017 metais užfiksuoti 625, pernai – 459 susirgimo lytiškai plintančiomis infekcijomis atvejai.

Šiomis ligomis serga pusantro karto daugiau vyrų nei moterų, atitinkamai 284 ir 175 atvejai.

ULAC duomenimis, 2018 metais didžiausias sergamumas sifiliu ir chlamidioze nustatytas Vilniaus ir Kauno, o sergamumas gonorėja – Tauragės, Telšių ir Kauno apskrityse. Keturi iš dešimties (41,8 proc.) užsikrėtusiųjų buvo 14–29 metų, iš jų trys – nepilnamečiai.

„Visgi tam tikri dalykai rodo, kad dalis atvejų – maždaug trečdalis – gali likti neužregistruoti oficialioje statistikoje. Tam įtakos turi nepakankamas diagnostikos tyrimų prieinamumas rizikos grupėms, profilaktinės patikros programų nebuvimas, nepakankami dermatovenerologų konsultacijų įkainiai, kad jie galėtų paskirti daugiau diagnostinių tyrimų pacientams, dar kiti dalykai”, – BNS sakė centro gydytoja Agnė Šimkūnaitė-Zažeckė.

Dalis neužregistruotų atvejų gali būti siejami ir su dar egzistuojančia stigma apie lytiškai plintančias ligas.

Visgi tam tikri dalykai rodo, kad dalis atvejų – maždaug trečdalis – gali likti neužregistruoti oficialioje statistikoje.

ULAC gydytojos Irmos Čaplinskienės teigimu, stigma dėl lytiškai plintančių infekcijų pastarąjį dešimtmetį Lietuvoje mažėja, nes daugiau susirgimų diagnozuojama ankstyvose stadijose, geresnis sveikatos priežiūros paslaugų prieinamumas.

„Jau beveik dešimtmetį teisės aktas numato, jog medikai gali teikti sveikatos priežiūros paslaugas anonimiškai, tai palengvina paciento ir mediko kontaktą, kai ieškoma, kur kreiptis ir nelaukiama, kol liga progresuos. Kitas geras dalykas, sumažinantis pacientų baimes ir didinantis paslaugų prieinamumą, yra tai, kad pas gydytoją dermatovenerologą gyventojai jau 17 metų gali kreiptis tiesiai be šeimos gydytojo siuntimo”, – sakė I.Čaplinskienė.

ULAC duomenimis, didesnė dalis susirgusių vyrų nurodė, kad galėjo užsikrėsti nuo pažįstamo arba atsitiktinio asmens, kad per metus turėjo du, tris ir daugiau lytinių partnerių. Tuo metu moterys dažniau nei vyrai turėjo vieną lytinį partnerį per metus ir nurodė, kad galimai užsikrėtė nuo sutuoktinio ar sugyventinio.","Pernai registruota mažiau susirgimų lytiškai plintančiomis infekcijomis nei 2017 metais, pranešė Užkrečiamųjų ligų ir AIDS centras (ULAC).",mal,15min,15Min,fake news,3c1f3985-d1e3-45c7-87b1-6f9724cc0e74,article,MassiveSum
https://www.madhyamam.com/local-news/malappuram/2017/aug/08/309125,,കോട്ടക്കുന്നിൽ രുചിമേള 18 മുതൽ,,"മലപ്പുറം: രുചിവൈവിധ്യങ്ങളുമായി കോട്ടക്കുന്നിൽ ഫുഡ്ഫെസ്റ്റിവൽ നടത്തുന്നു. ജില്ല ടൂറിസം പ്രമോഷൻ കൗൺസിലും ഇവിലിന ഇവൻറ്സും സംയുക്തമായാണ് ഭക്ഷ്യമേള നടത്തുന്നത്. ആഗസ്റ്റ് 18 മുതൽ 27 വരെയാണ് മേള. ജില്ലയുടെ തനത് വിഭവങ്ങളും മറ്റു വൈവിധ്യ ഭക്ഷണങ്ങളും മേളയിലുണ്ടാവും. വൈകീട്ട് മൂന്ന് മുതൽ ഒമ്പത് വരെയാണ് സമയം. ദക്ഷിണേന്ത്യയിലെയും ഉത്തരേന്ത്യയിലെയും ഭക്ഷണങ്ങൾ വിളമ്പുന്നതിന് പ്രത്യേകം സ്റ്റാളുകൾ സജ്ജീകരിച്ചിട്ടുണ്ട്. 14 ജില്ലകളിലെയും രുചിവൈവിധ്യങ്ങൾ വിളമ്പുന്നുണ്ടെന്നതാണ് മേളയുടെ പ്രത്യേകത. ദിവസേന മത്സരങ്ങളും രാത്രി കലാപരിപാടികളുമുണ്ടാകും. മഹിള കോൺഗ്രസ് യോഗം മലപ്പുറം: മഹിള കോൺഗ്രസ് സംസ്ഥാന കമ്മിറ്റി 18, 19 തീയതികളിൽ തിരുവനന്തപുരത്ത് നടത്തുന്ന രാപകൽ സമരം വിജയിപ്പിക്കാനും ജില്ലയിൽനിന്ന് പരമാവധി പ്രവർത്തകരെ സമരത്തിൽ പങ്കെടുപ്പിക്കാനും മഹിള കോൺഗ്രസ് ജില്ല കമ്മിറ്റി യോഗം തീരുമാനിച്ചു. പാർലമ​െൻറിലും നിയമസഭയിലും 33 ശതമാനം വനിതസംവരണം ഉറപ്പാക്കുന്ന വനിതസംവരണ ബിൽ പാസാക്കണമെന്നാവശ്യപ്പെട്ട് ഒപ്പ് ശേഖരണം ജില്ലതല ഉദ്ഘാടനം സംസ്ഥാന വൈസ് പ്രസിഡൻറ് അഡ്വ. ഫാത്തിമ റോഷ്ന നിർവഹിച്ചു. ജില്ല പ്രസിഡൻറ് ബി.വി. ഉഷ നായർ അധ്യക്ഷത വഹിച്ചു. വത്സല വള്ളിക്കുന്ന്, ശോഭന ഗോപി, ഷഹർബാൻ, അനിത നന്നമ്പ്ര, ആമിന മോൾ, പ്രസന്നകുമാരി ടീച്ചർ, ബീന സുരേഷ്, ആമിന ആലുങ്ങൽ എന്നിവർ സംസാരിച്ചു.",മലപ്പുറം: രുചിവൈവിധ്യങ്ങളുമായി കോട്ടക്കുന്നിൽ ഫുഡ്ഫെസ്റ്റിവൽ നടത്തുന്നു. ജില്ല ടൂറിസം പ്രമോഷൻ കൗൺസിലും ഇവിലിന ഇവൻറ്സും സംയുക്തമായാണ് ഭക്ഷ്യമേള നടത്തുന്നത്. ആഗസ്റ്റ് 18 മുതൽ 27 വരെയാണ് മേള....,mal,madhyamam,Madhyamam,fake news,56400412-2add-436e-87a6-da9e2d9f8470,article,MassiveSum
https://www.madhyamam.com/kerala/local-news/pathanamthitta/--547197,,ജില്ലയിൽ കോവിഡ് സമ്പർക്ക രോഗികൾ വർധിക്കുന്നു,,പത്തനംതിട്ട: ജില്ലയിൽ കൂടുതൽ കോവിഡ്​ കേസുകൾ റിപ്പോർട്ട്​ ചെയ്യുന്നതിനിടെ ജില്ല പഞ്ചായത്ത് ഓഫിസ്​ ഡ്രൈവർക്കും രോഗം സ്ഥിരീകരിച്ചു. തിരുവനന്തപുരം സ്വദേശിയായ ഇദ്ദേഹം ചൊവ്വാഴ്ചവരെ ഡ്യൂട്ടിയിലുണ്ടായിരുന്നു. കടുത്ത പനിയെ തുടർന്ന് ജനറൽ ആശുപത്രിയിൽ ബുധനാഴ്ച രാവിലെ നടത്തിയ പരിശോധനയിലാണ് സ്ഥിരീകരിച്ചത്​. കോവിഡ് കെയർ സൻെററിലേക്ക് മാറ്റി. ഓഫിസ്​ ആവശ്യത്തിനായി ജില്ല പഞ്ചായത്ത്​ ജീവനക്കാരുമായി കൊല്ലത്തേക്ക്​ യാത്ര നടത്തിയിരുന്നു. ഓമല്ലൂരിനു സമീപം മാത്തൂരിൽ വാടകക്ക്​ താമസിക്കുകയാണ്. സമീപം മറ്റൊരു കുടുംബവും താമസിക്കുന്നുണ്ട്​. ഇദ്ദേഹത്തെ ഇടക്ക്​​ കോവിഡ് പ്രതിരോധത്തിനുള്ള ആരോഗ്യ പ്രവർത്തകരെ കൊണ്ടുേപാകുന്ന വാഹനത്തിലെ ഡ്രൈവറായി നിയോഗിച്ചിരുന്നു. നേര​േത്ത കുമ്പഴ ക്ലസ്​റ്ററിൽനിന്നുള്ള ജില്ല പഞ്ചായത്ത് ജീവനക്കാരിക്കും കോവിഡ്​ സ്ഥിരീകരിച്ചിരുന്നു. ഓഫിസ് അണുമുക്തമാക്കുന്ന ജോലികൾ ആരംഭിച്ചിട്ടുണ്ട്. ഡ്രൈവറുടെ സമ്പർക്ക പട്ടിക വിപുലമാണ്. ജീവനക്കാരുമായി ഓഫിസിൽ പോകുക മാത്രമല്ല ഓഫിസിൽ കയറി ഇറങ്ങുകയും ചെയ്തിരുന്നു. കാൻറീനിലും സ്ഥിരമായി പോകാറുണ്ട്. കലക്ടറേറ്റിലെ മിക്ക ജീവനക്കാരും ഈ കാൻറീനിൽ എത്തി ചായ കുടിക്കാറുള്ളതാണ്. കേരള ബാങ്കിൻെറ പത്തനംതിട്ടയിെല ആസ്ഥാനത്ത്​ ഇതിനകം ആറുപേർക്ക് രോഗം പിടിപെട്ടിട്ടുണ്ട്. തുടക്കത്തിൽ ബാങ്ക്് അധികൃതർ കാട്ടിയ അനാസ്ഥയാണ് കൂടുതൽ പേരിലേക്ക് വ്യാപിക്കാൻ ഇടയായത്. ബാങ്കിലെ മുഴുവൻ പേരോടും കോവിഡ് പരി​േശാധന നടത്താൻ നിർദേശിച്ചിരിക്കുകയാണ്. ബാങ്ക് കഴിഞ്ഞ ദിവസം മുതൽ അടച്ചിട്ടിരിക്കുകയാണ്. പത്തനംതിട്ടയിലെ പ്രമുഖ സ്വകാര്യ ആശുപത്രിയിലും ഇതിനകം ഒമ്പതു​ പേർക്ക് രോഗം സ്ഥിരീകരിച്ചു. ചികിത്സക്ക് വന്നവർക്കും രോഗം പിടിെപട്ടിട്ടുണ്ട്. സി.പി.എം ഏരിയ കമ്മിറ്റി അംഗത്തിൽനിന്നാണ് ആശുപത്രിയിൽ എത്തിയവർക്ക് രോഗം പിടിെപട്ടത്. ആദ്യം ആശുപത്രിയിലെ ൈഗനക്കോളജിസ്​റ്റിനാണ് കോവിഡ് സ്ഥിരീകരിച്ചത്. കഴിഞ്ഞ ദിവസം പുറമറ്റത്ത് യാചകന്​ കോവിഡ് സ്ഥിരീകരിച്ചതും ആശങ്കക്ക് കാരണമായിട്ടുണ്ട്.,ജില്ലയിൽ കോവിഡ് സമ്പർക്ക രോഗികൾ വർധിക്കുന്നു,mal,madhyamam,Madhyamam,fake news,8cf90edd-b20a-4002-9006-fb70af3e3b33,article,MassiveSum
https://www.madhyamam.com/india/54-turnout-high-stake-kairana-bypoll-india-news/493293,,കൈരാനയിൽ 54 ശതമാനം ​േപാളിങ്,,"ന്യൂ​​ഡ​​ൽ​​ഹി: നാ​ല്​ ലോ​ക്​​സ​ഭ മ​ണ്ഡ​ല​ങ്ങ​ളി​ലേ​ക്കും 10 നി​യ​മ​സ​ഭ മ​ണ്ഡ​ല​ങ്ങ​ളി​ലേ​ക്കു​മു​ള്ള ഉ​പ​തെ​ര​ഞ്ഞെ​ടു​പ്പ്​ തി​ങ്ക​ളാ​ഴ്​​ച ന​ട​ന്നു. വൈ​കീ​ട്ട്​ അ​ഞ്ചു​മ​ണി​വ​രെ​യു​ള്ള റി​പ്പോ​ർ​ട്ട്​​പ്ര​കാ​രം ഉ​ത്ത​ർ​​പ്ര​ദേ​ശി​ലെ കൈ​രാ​ന​യി​ൽ 54 ശ​ത​മാ​ന​വും മ​​ഹാ​​രാ​​ഷ്​​​ട്ര​​യി​​ലെ പാ​​ൽ​​ഘാ​​റി​ൽ 40 ശ​ത​മാ​ന​വും ഭ​​ണ്ഡ​​റ ഗോ​​ണ്ടി​യ​​യി​​ൽ 38 ശ​ത​മാ​ന​വും നാ​​ഗാ​​ല​ൻ​​ഡി​​ലെ ഏ​​ക ലോ​​ക്​​​സ​​ഭ സീ​​റ്റി​​ൽ 70 ശ​ത​മാ​ന​വു​മാ​ണ്​ പോ​ളി​ങ്.

കേ​​ര​​ള​​ത്തി​​ലെ ചെ​​ങ്ങ​​ന്നൂ​​ർ, ഉ​​ത്ത​​ർ​​പ്ര​​ദേ​​ശി​​ലെ നൂ​​ർ​​പു​​ർ, പ​​ഞ്ചാ​​ബി​​ലെ ശാ​​ഹ്​​​കോ​​ട്ട്, ബി​​ഹാ​​റി​​ലെ ജോ​​കി​​ഹാ​​ട്ട്, ഝാ​​ർ​​ഖ​​ണ്ഡി​​ലെ ഗോ​​മി​​യ, സി​​ല്ലി, മ​​ഹാ​​രാ​​ഷ്​​​ട്ര​​യി​​ലെ പാ​​ലു​​സ്​ ക​​ഡേ​​ഗാ​​വ്, മേ​​ഘാ​​ല​​യ​​യി​​ലെ അ​​മ്പാ​​ട്ടി, ഉ​​ത്ത​​രാ​​ഖ​​ണ്ഡി​​ലെ ത​​രാ​​ളി, പ​​ശ്ചി​​മ ബം​​ഗാ​​ളി​​ലെ മ​​ഹേ​​ഷ്​​​ത​​ല എ​​ന്നി​​വ​യാ​ണ്​ ഉ​​പ​​തെ​​ര​​ഞ്ഞെ​​ടു​​പ്പ്​ ന​​ട​​​ന്ന​ നി​യ​മ​സ​ഭ മ​ണ്ഡ​ല​ങ്ങ​ൾ. 31നാ​​ണ്​ വോ​െ​​ട്ട​​ണ്ണ​​ൽ.

ക​ർ​ണാ​ട​ക​യി​ലെ രാ​ജ​രാ​ജേ​ശ്വ​രി ന​ഗ​ർ (ആ​ർ.​ആ​ർ ന​ഗ​ർ) മ​ണ്ഡ​ല​ത്തി​ൽ 54 ശ​ത​മാ​നം പോ​ളി​ങ് രേ​ഖ​പ്പെ​ടു​ത്തി. മേ​യ്​ 12ന്​ ​ന​ട​ക്കേ​ണ്ടി​യി​രു​ന്ന വോ​െ​ട്ട​ടു​പ്പ്​ മ​ണ്ഡ​ല​ത്തി​ലെ അ​പ്പാ​ർ​ട്​​മ​​െൻറി​ൽ​നി​ന്ന്​ 10,000ത്തോ​ളം തി​രി​ച്ച​റി​യ​ൽ കാ​ർ​ഡു​ക​ൾ ക​ണ്ടെ​ടു​ത്ത സം​ഭ​വ​ത്തെ തു​ട​ർ​ന്ന്​ തെ​ര​ഞ്ഞെ​ടു​പ്പ്​ ക​മീ​ഷ​ൻ നീ​ട്ടി​വെ​ക്കു​ക​യാ​യി​രു​ന്നു.",ന്യൂ​​ഡ​​ൽ​​ഹി: നാ​ല്​ ലോ​ക്​​സ​ഭ മ​ണ്ഡ​ല​ങ്ങ​ളി​ലേ​ക്കും 10 നി​യ​മ​സ​ഭ മ​ണ്ഡ​ല​ങ്ങ​ളി​ലേ​ക്കു​മു​ള്ള ഉ​പ​തെ​ര​ഞ്ഞെ​ടു​പ്പ്​ തി​ങ്ക​ളാ​ഴ്​​ച ന​ട​ന്നു. വൈ​കീ​ട്ട്​ അ​ഞ്ചു​മ​ണി​വ​രെ​യു​ള്ള...,mal,madhyamam,Madhyamam,fake news,5ae19507-1f84-4e7e-b296-58d6d75a8f69,article,MassiveSum
https://www.15min.lt/naujiena/be2gether/naujienos/roko-marsus-vainikavo-anties-pasirodymas-nuotraukos-213-105106,https://www.15min.lt/naujiena/be2gether/naujienos/roko-marsus-vainikavo-anties-pasirodymas-nuotraukos-213-105106,"„Roko maršus“ vainikavo „Anties“ pasirodymas (nuotraukos, papildyta 00.10 val.)",,"Į sceną išeinančią grupę pristatė Saulius Urbonavičius-Samas ir dar spėjo pasidomėti, kiek „Roko maršų“ senbuvių susirinko prie scenos. Paklausus, kiek žmonių dalyvavo pirmuosiuose „Roko maršuose“, pakilo ne daugiau kaip 20 rankų. Didžiausia publikos dalis vis dėlto buvo jaunuoliai, kurie greičiausiai suplanavo likti dar vieną naktį festivalio teritorijoje.

Scenoje galiausiai pasirodžiusi grupė laiko netempė ir pradėjo teatralizuotą koncertą-miuziklą „Zuikis Pleibojus“, kuriuo pasakojama ne tik paini muzikinė istorija apie Zuikio meilės, laimės bei savęs paieškas, bet ir pateikiama dešimtmečių Lietuvos istorijos interpretacija.

Su ansambliu „Kivi“ parengtas miuziklas „Zuikis Pleibojus“ yra skirtas grupės veiklos 25-mečiui.

Papildyta 00.10 val.: Nors pasibaigus „Anties“ muzikinei utopijai buvo planuojama tylos minute pagerbti šeštadienį Anapus iškeliavusį prezidentą Algirdą Brazauską, dėl vėluojančios programos tai nebuvo padaryta.

Po miuziklo „Anties“ lyderis Algirdas Kaušpėdas padėkojo susirinkusiesiems už kantrybę ir padovanojo dar keletą žinomiausių grupės kūrinių, tokių kaip „Lietuvos valstybė“, „Zombiai“, o atsisveikinant sugrojo ir visiems žinomą dainą „Alyvos“.

Nors vakaras buvo gana vėsus ir daugelis festivalininkų išsiskirstė kas sau, likusieji sulaukę „Anties“ hitų šėlo iš visų jėgų. Apie 200 žmonių su grupe dainavo ir rado jėgų energingai pamojuoti rankomis.

„Dėkoju visiems, mums pavyko sukurti „Roko maršų“ dvasią“, – baigiantis koncertui džiaugėsi A.Kaušpėdas.

Renginiui baigiantis į sceną išėjo ir Vilniaus miesto vicemeras Gintautas Babravičius. Jis padėkojo Vilniaus ir Kauno miestų savivaldybėms, kurių pastangomis „Roko maršai“ galėjo įvykti. „Anksčiau „Roko maršai“ vyko Vilniuje ir Kaune, šiandien jų sostinė yra čia – Norviliškėse“, – dėkodamas festivalio „Be2gether“ organizatoriams sakė G.Babravičius.

Sekmadienį vykę „Roko maršai“ klausytojams dovanojo net 10 valandų muzikinę programą, kurioje pasirodė SSG, „Poliarizuoti stiklai“, „Freaks on floor“, ŽAS, BIX, „InCulto“, „Keistuoliai“.","Sekmadienio vakarą festivalio „Be2gether“ kulminacija tapęs „Anties“ pasirodymas patampė nervus nekantriausiems, nes vėlavo apie valandą. Tačiau galiausiai į sceną išlipusi grupė į...",mal,15min,15Min,fake news,7c580cd7-f775-480a-b404-ac6612cca534,article,MassiveSum
https://www.madhyamam.com/local-news/thrissur/2017/sep/08/329019,https://www.madhyamam.com/local-news/thrissur/2017/sep/08/329019,നിർമാണത്തിലിരിക്കുന്ന കെട്ടിടത്തിൽ തീപിടിത്തം: ആറു മരണം,,മുംബൈ: സബർബൻ ജുഹുവിൽ നിർമാണത്തിലിരിക്കുന്ന കെട്ടിടത്തിന് തീപിടിച്ച് കുട്ടിയടക്കം ആറു പേർ മരിച്ചു. 11 പേർക്ക് പരിക്കേറ്റു. കെട്ടിടത്തിൽ താമസിച്ചിരുന്ന നിർമാണത്തൊഴിലാളികളാണ് അപകടത്തിൽപെട്ടത്. ബുധനാഴ്ച രാത്രി 10.30നാണ് തീപിടിത്തമുണ്ടായത്. പാചകം ചെയ്യുന്നതിനായി അനധികൃതമായി സൂക്ഷിച്ചിരുന്ന രണ്ട് എൽ.പി.ജി ഗ്യാസ് സിലിണ്ടറുകൾ പൊട്ടിത്തെറിച്ചാണ് അപകടം.17 പേർ അപകട സമയത്ത് കെട്ടിടത്തിലുണ്ടായിരുന്നു. അഗ്നിശമന സേന എത്തുന്നതിന് മുമ്പ് പ്രദേശ വാസികൾ 10 പേരെ പുറത്തെടുത്തിരുന്നു. സംഭവത്തെത്തുടർന്ന് കെട്ടിട ഉടമക്കും കരാറുകാരനുമെതിരെ കേസെടുത്തു.,മുംബൈ: സബർബൻ ജുഹുവിൽ നിർമാണത്തിലിരിക്കുന്ന കെട്ടിടത്തിന് തീപിടിച്ച് കുട്ടിയടക്കം ആറു പേർ മരിച്ചു. 11 പേർക്ക് പരിക്കേറ്റു. കെട്ടിടത്തിൽ താമസിച്ചിരുന്ന നിർമാണത്തൊഴിലാളികളാണ് അപകടത്തിൽപെട്ടത്.,mal,madhyamam,Madhyamam,fake news,a8acec89-d252-45f1-be37-9a17006f4574,article,MassiveSum
https://www.madhyamam.com/local-news/kozhikode/2017/jul/30/303045,,ഡെങ്കിപ്പനി: വടകരയിൽ 25ഓളം കേസുകൾ,,"വടകര: ആരോഗ്യ വകുപ്പ് പ്രതിരോധ നടപടികൾ ശക്തമാക്കിയെന്ന് അവകാശപ്പെടുമ്പോഴും വടകരയിലും സമീപ പഞ്ചായത്തുകളിലും പനി ബാധിച്ച് നിരവധി പേർ വിവിധ ആശുപത്രികളിൽ ചികിത്സ തേടിയെത്തി. കഴിഞ്ഞ മൂന്ന് ദിവസങ്ങളിലായി വടകര ജില്ല ആശുപത്രിയിൽ മാത്രം പനി ബാധിച്ച് ചികിത്സക്കെത്തിയ 25 പേർക്ക് ഡെങ്കിയുള്ളതായി സ്ഥിരീകരിച്ചിട്ടുണ്ട്. വടകരയിലും പരിസര പഞ്ചായത്തുകളിലും െഡങ്കിപ്പനി കേസുകൾ റിപ്പോർട്ട് ചെയ്യുന്നത് ജനങ്ങളിൽ ആശങ്ക പരത്തുകയാണ്. ഭൂരിഭാഗം രോഗികളും തോടന്നൂർ ബ്ലോക്ക് പഞ്ചായത്തിലെ മണിയൂർ, തിരുവള്ളൂർ, ആയഞ്ചേരി, വില്യാപ്പള്ളി പഞ്ചായത്ത് പരിധിയിലുള്ളവരാണ്. ദിനംപ്രതി രണ്ടായിരത്തിനും മുവായിരത്തിനും ഇടയിൽ രോഗികൾ മേഖലയിലെ സർക്കാർ ആശുപത്രികളിൽ ഒ.പിയിൽ ചികിത്സക്കായി എത്തുന്നുണ്ട്. നേരത്തേ ഒഞ്ചിയം, അഴിയൂർ, വില്യാപ്പള്ളി ഭാഗങ്ങളിൽ ഗർഭിണിയായ യുവതിയടക്കം നാലു പേർ എച്ച് 1 എൻ 1 പനി ബാധിച്ച് മരിച്ചിരുന്നു. വടകര നഗരപരിധിയിൽ രണ്ടു പേർക്കും അഴിയൂരിൽ ഒരാൾക്കും മലേറിയ പിടിപെട്ട് ചികിത്സയിലുണ്ടെന്നാണറിയുന്നത്.",വടകര: ആരോഗ്യ വകുപ്പ് പ്രതിരോധ നടപടികൾ ശക്തമാക്കിയെന്ന് അവകാശപ്പെടുമ്പോഴും വടകരയിലും സമീപ പഞ്ചായത്തുകളിലും പനി ബാധിച്ച്  നിരവധി പേർ വിവിധ ആശുപത്രികളിൽ ചികിത്സ തേടിയെത്തി. കഴിഞ്ഞ മൂന്ന്...,mal,madhyamam,Madhyamam,fake news,5e0ca064-906c-4bdb-9d77-1dc2a8fcbcf8,article,MassiveSum
https://www.madhyamam.com/local-news/kochi/2017/dec/01/387522,,സമുദായ സംഘടനകൾ ​സംവരണ പ്രക്ഷോഭത്തിന്​; 11ന്​ സെക്ര​േട്ടറിയറ്റ്​ മാർച്ച്​,,"കൊച്ചി: ഇടതുസർക്കാറി​െൻറ സാമ്പത്തികസംവരണ നയത്തിനെതിരെ സംസ്ഥാനത്തെ എഴുപതോളം പിന്നാക്ക-ദലിത്-ന്യൂനപക്ഷ സംഘടനകളുടെ നേതൃത്വത്തിൽ സംവരണ സംരക്ഷണത്തിന് ഇൗ മാസം 11ന് സംയുക്ത സെക്രേട്ടറിയറ്റ് മാർച്ച് നടത്തും. തിരുവനന്തപുരം, എറണാകുളം, കോഴിക്കോട് മേഖലകളിൽ ചേർന്ന സംവരണസമുദായ സംഘടനകളുടെ േയാഗത്തിേൻറതാണ് തീരുമാനം. മുൻ മന്ത്രി കുട്ടി അഹമ്മദുകുട്ടി, പി. രാമഭദ്രൻ, കുട്ടപ്പൻ ചെട്ടിയാർ, വിഷ്ണുപുരം ചന്ദ്രശേഖരൻ, കടക്കൽ അബ്ദുൽ അസീസ് മൗലവി, വി.ആർ. ജോഷി, പ്രഫ. ഇ. അബ്ദുൽ റഷീദ്, എൻ.കെ. അലി, ഷാജി ജോർജ്, ഷെറി തോമസ്, എ. പൂക്കുഞ്ഞ്, സമദ് കുന്നക്കാവ്, ഇബ്രാഹിം മൗലവി, എൻ.എം. അൻസാരി, കരമന നൗഫൽ, കെ.കെ. കൊച്ച്, കെ.കെ. ബാബുരാജ്, കെ.െഎ. ഹരി, പ്രഫ. ടി.ബി. വിജയകുമാർ, മൂവാറ്റപുഴ അഷ്റഫ് മൗലവി, സുൽഫിക്കർ അലി, എ.എം. ഹാരിസ്, സി.ബി. കുഞ്ഞുമുഹമ്മദ്, ടി.എസ്. അസീസ്, ജോയ് സി. കമ്പക്കാരൻ, വി.ബി. ഉണ്ണികൃഷ്ണൻ, ഷംസീർ ഇബ്രാഹിം, കെ. അബ്ദുൽ റഹീം, കെ.എ. അഫ്സൽ, കെ.െഎ. ഹരി, ബഷീർ കല്ലേലിൽ, സുദേഷ് എം. രഘു, അനസ് റഹ്മാനി, സുൽഫിക്കർ അലി, ലൂയിസ് തണ്ണിക്കോട്, ടി.എസ്. അസീസ്, എ.എം. ഹാരിസ്, ലോറൻസ് എം.ഡി, പി. സ്റ്റെല്ലസ് എന്നിവർ ചർച്ചകളിൽ പെങ്കടുത്തു.",കൊച്ചി: ഇടതുസർക്കാറി​െൻറ സാമ്പത്തികസംവരണ നയത്തിനെതിരെ സംസ്ഥാനത്തെ എഴുപതോളം പിന്നാക്ക-ദലിത്-ന്യൂനപക്ഷ സംഘടനകളുടെ നേതൃത്വത്തിൽ സംവരണ സംരക്ഷണത്തിന് ഇൗ മാസം 11ന് സംയുക്ത സെക്രേട്ടറിയറ്റ് മാർച്ച്...,mal,madhyamam,Madhyamam,fake news,ae21b954-f1e3-4d2d-8d4d-39be002e866c,article,MassiveSum
https://lao.voanews.com/a/2208439.html,https://lao.voanews.com/a/2208439.html,The Little Drummer Boy by Jessica Simpson.Mp3,,ອ່ານແລະຟັງຂ່າວ ກ່ຽວກັບປະເທດລາວ ເອເຊຍ ອາເມຣິກາ ແລະໂລກ. ນອກນັ້ນ ວີໂອເອລາວຍັງນໍາສະເໜີລາຍງານທີ່ລົງເລິກ ກ່ຽວກັບເລື້ອງຕ່າງໆທີ່ຢູ່ໃນຂ່າວ ແລະຄວາມກ້າວໜ້າດ້ານການແພດ ສຸຂະພາບ ອະນາໄມ ເສດຖະກິດ ການກະເສດ ວິທະຍາສາດແລະເທັກໂນໂລຈີ ຕະຫລອດທັງລາຍການດົນຕີ ແລະຊີວິດຊາວລາວໃນຕ່າງແດນ.,ອ່ານແລະຟັງຂ່າວ ກ່ຽວກັບປະເທດລາວ ເອເຊຍ ອາເມຣິກາ ແລະໂລກ. ນອກນັ້ນ ວີໂອເອລາວຍັງນໍາສະເໜີລາຍງານທີ່ລົງເລິກ ກ່ຽວກັບເລື້ອງຕ່າງໆທີ່ຢູ່ໃນຂ່າວ ແລະຄວາມກ້າວໜ້າດ້ານການແພດ ສຸຂະພາບ ອະນາໄມ ເສດຖະກິດ ການກະເສດ ວິທະຍາສາດແລະເທັກໂນໂລຈີ ຕະຫລອດທັງລາຍການດົນຕີ ແລະຊີວິດຊາວລາວໃນຕ່າງແດນ.,mal,voanews,VOA News,fake news,ebd345c9-3cab-4ce8-90fe-9dc5a0f0b8c3,article,MassiveSum
https://www.madhyamam.com/kerala/2016/mar/15/184121,,കാട്ടായിക്കോണം സംഘര്‍ഷം: പ്രദേശം പൊലീസ് കാവലില്‍,,"കഴക്കൂട്ടം: തിങ്കളാഴ്ച രാത്രി സംഘര്‍ഷം നടന്ന കാട്ടായിക്കോണത്ത് ചൊവ്വാഴ്ച സ്ഥിതിഗതികള്‍ ശാന്തം. അനിഷ്ടസംഭവങ്ങള്‍ റിപ്പോര്‍ട്ട് ചെയ്തിട്ടില്ല. റൂറല്‍ എസ്.പി. ഷെഫിന്‍ അഹമ്മദിന്‍െറ നേതൃത്വത്തില്‍ പൊലീസ് സംഘം പ്രദേശത്ത് ക്യാമ്പ് ചെയ്യുന്നുണ്ട്. കാട്ടായിക്കോണം, മേലേവിള, അയിരൂപ്പാറ മേഖലകളിലെല്ലാം വന്‍ സുരക്ഷാക്രമീകരണമാണ് പൊലീസ് ഏര്‍പ്പെടുത്തിയിരിക്കുന്നത്. 120 ഡി.വൈ.എഫ്.ഐ പ്രവര്‍ത്തകര്‍ക്കും 80 ബി.ജെ.പി പ്രവര്‍ത്തകര്‍ക്കുമെതിരെ കേസെടുത്തിട്ടുണ്ട്.തിങ്കളാഴ്ച രാത്രിയിലെ സംഘര്‍ഷത്തില്‍ മുപ്പതോളം പേര്‍ക്ക് പരിക്കേറ്റെന്നാണ് ബി.ജെ.പിവൃത്തങ്ങള്‍ പറയുന്നത്. നിരവധി സി.പി.എം പ്രവര്‍ത്തകര്‍ക്കും പരിക്കേറ്റതായി റിപ്പോര്‍ട്ടുണ്ട്. എന്നാല്‍, ഇതുസംബന്ധിച്ച വ്യക്തമായ വിവരം നല്‍കാന്‍ പൊലീസിനായിട്ടില്ല. സംഘര്‍ഷത്തില്‍ പരിക്കേറ്റ ആര്‍.എസ്.എസ് കഴക്കൂട്ടം നഗരപ്രചാരക് ചങ്ങനാശ്ശേരി സ്വദേശി അമല്‍കൃഷ്ണയുടെ(28)നില ഗുരുതരമായി തുടരുകയാണ്. ബി.ജെ.പി സംസ്ഥാന കമ്മിറ്റി അംഗം പോങ്ങുംമൂട് വിക്രമന്‍, ബി.എം.എസ് നേതാവ് അര്‍ജുന്‍ ഗോപാല്‍ എന്നിവരും ആശുപത്രിയിലാണ്. മാസ്റ്റര്‍പ്ളാന്‍ പുനരുജ്ജീവിപ്പിക്കാനുള്ള സര്‍ക്കാര്‍ ഉത്തരവിനെചൊല്ലിയുള്ള പ്രതിഷേധമാണ് ബി.ജെ.പി-സി.പി.എം സംഘര്‍ഷത്തിലേക്ക് നീങ്ങിയത്. സംഘര്‍ഷത്തില്‍ ആറോളം പൊലീസ് വാഹനങ്ങള്‍ തകര്‍ന്നിട്ടുണ്ട്. കടകളും ഒതുക്കിവെച്ചിരുന്ന രണ്ട് ബൈക്കുകളും തകര്‍ത്തു. തിങ്കളാഴ്ച വൈകീട്ട് ആറോടെ ആരംഭിച്ച സംഘര്‍ഷം അഞ്ച് മണിക്കൂറോളം നീണ്ടു. മാസ്റ്റര്‍പ്ളാനിനെതിരെ ബി.ജെ.പി കാട്ടായിക്കോണത്ത് നടത്തിയ പ്രതിഷേധത്തിനിടെയാണ് സംഘര്‍ഷം ആരംഭിച്ചത്. മേയറുടേതെന്ന് ആരോപിക്കുന്ന കോലവുമായാണ് ബി.ജെ.പിക്കാര്‍ പ്രകടനം നടത്തിയത്. 70ഓളം പ്രവര്‍ത്തകരാണ് പ്രകടനത്തില്‍ പങ്കെടുത്തത്. കോലം കത്തിക്കാന്‍ ശ്രമിച്ചതിനെതിരെ പ്രദേശത്തെ സി.പി.എം പ്രവര്‍ത്തകര്‍ രംഗത്തുവരുകയായിരുന്നു.ഹര്‍ത്താലിന്‍െറ ഭാഗമായി ചൊവ്വാഴ്ച രാവിലെ പോത്തന്‍കോട്ട് ഇരുവിഭാവും പ്രകടനം നടത്താനൊരുങ്ങിയെങ്കിലും പൊലീസ് അനുവദിച്ചില്ല.",120 ഡി.വൈ.എഫ്.ഐ പ്രവര്‍ത്തകര്‍ക്കും 80 ബി.ജെ.പി പ്രവര്‍ത്തകര്‍ക്കുമെതിരെ കേസ്,mal,madhyamam,Madhyamam,fake news,8dce8b1c-a816-47a4-931b-62ba43de4771,article,MassiveSum
https://lao.voanews.com/a/2329055.html,https://lao.voanews.com/a/2329055.html,ຟັງການສໍາພາດ ທ່ານໝັ້ນ ພົງບຸບຜາ,,ອ່ານແລະຟັງຂ່າວ ກ່ຽວກັບປະເທດລາວ ເອເຊຍ ອາເມຣິກາ ແລະໂລກ. ນອກນັ້ນ ວີໂອເອລາວຍັງນໍາສະເໜີລາຍງານທີ່ລົງເລິກ ກ່ຽວກັບເລື້ອງຕ່າງໆທີ່ຢູ່ໃນຂ່າວ ແລະຄວາມກ້າວໜ້າດ້ານການແພດ ສຸຂະພາບ ອະນາໄມ ເສດຖະກິດ ການກະເສດ ວິທະຍາສາດແລະເທັກໂນໂລຈີ ຕະຫລອດທັງລາຍການດົນຕີ ແລະຊີວິດຊາວລາວໃນຕ່າງແດນ.,ອ່ານແລະຟັງຂ່າວ ກ່ຽວກັບປະເທດລາວ ເອເຊຍ ອາເມຣິກາ ແລະໂລກ. ນອກນັ້ນ ວີໂອເອລາວຍັງນໍາສະເໜີລາຍງານທີ່ລົງເລິກ ກ່ຽວກັບເລື້ອງຕ່າງໆທີ່ຢູ່ໃນຂ່າວ ແລະຄວາມກ້າວໜ້າດ້ານການແພດ ສຸຂະພາບ ອະນາໄມ ເສດຖະກິດ ການກະເສດ ວິທະຍາສາດແລະເທັກໂນໂລຈີ ຕະຫລອດທັງລາຍການດົນຕີ ແລະຊີວິດຊາວລາວໃນຕ່າງແດນ.,mal,voanews,VOA News,fake news,d0ac7b61-b41b-4bdf-9c2d-69f21ab4c845,article,MassiveSum
https://www.madhyamam.com/news/221455/130411,,കഞ്ഞിക്കുഴി:പ്രതിസന്ധി പരിഹരിക്കാന്‍ അടിയന്തര ജില്ലാ കമ്മറ്റി,,"തിരുവനന്തപുരം: സി.പി.ഐ(എം) കഞ്ഞിക്കുഴി ഏരിയാകമ്മറ്റിയിലെ പ്രശ്നം പരിഹരിക്കാൻ അടിയന്തരമായി ആലപ്പുഴ ജില്ല കമ്മറ്റി ചേരാൻ സംസ്ഥാന സെക്രട്ടേറിയറ്റ് തീരുമാനിച്ചു. യോഗത്തിൽ സംസ്ഥാന സെക്രട്ടറി പിണറായി വിജയൻ പങ്കെടുക്കും.

കഴിഞ്ഞ ദിവസം ഏരിയാകമ്മറ്റിയിലെ വിമതപക്ഷം പജണറായി വിജയനുമായി കൂടിക്കാഴ്ച നടത്തിയിരുന്നു. പ്രശ്നം ച൪ച്ച ചെയ്യാമെന്നും വിമത൪ക്കെതിരെ തൽക്കാലം അച്ചടക്ക നടപടി സ്വീകരിക്കേണ്ടെന്നും കൂടിക്കാഴ്ചയിൽ തീരുമാനിച്ചിരുന്നു. വിഷയം സംസ്ഥാന സെക്രട്ടേറിയറ്റിൽ അവതരിപ്പിച്ചതിനെ തുട൪ന്നാണ് അടിയന്തരയോഗം വിളിക്കാൻ തീരുമാനമായത്. എല്ലാവ൪ക്കും സ്വീകാര്യനായ ജില്ലാ സെക്രട്ടറിയേറ്റംഗത്തെ ഏരിയാ സെക്രട്ടറിയാക്കി പ്രശ്നത്തിന് പരിഹാരം നൽകുമെന്ന ധാരണയാണ് നേതൃത്വത്തിനുള്ളത്. വ്യാഴാഴ്ച ചേരുന്ന സംസ്ഥാന സെക്രട്ടറിയേറ്റിൽ ഇക്കാര്യത്തിൽ അന്തിമ തീരുമാനമുണ്ടാകും.",തിരുവനന്തപുരം: സി.പി.ഐ(എം) കഞ്ഞിക്കുഴി ഏരിയാകമ്മറ്റിയിലെ പ്രശ്നം പരിഹരിക്കാൻ അടിയന്തരമായി ആലപ്പുഴ ജില്ല കമ്മറ്റി ചേരാൻ സംസ്ഥാന സെക്രട്ടേറിയറ്റ് തീരുമാനിച്ചു. യോഗത്തിൽ സംസ്ഥാന സെക്രട്ടറി പിണറായി...,mal,madhyamam,Madhyamam,fake news,bb9de864-4cf5-40fd-a02a-241e1bddf0b6,article,MassiveSum
https://www.madhyamam.com/kerala/local-news/kozhikode/--622619,,എൻ.എസ്​.എസ് ക്യാമ്പുകളും ഓൺലൈനിൽ,,"കോഴി​ക്കോട്​: ​​ക്രിസ്​മസ്​ അവധിക്കാലത്ത്​ നാഷനൽ സർവിസ്​ സ്​കീമി​‍ൻെറ (എൻ.എസ്​.എസ്​) ആഭിമുഖ്യത്തിൽ കേരളത്തിലെ കോളജ്​ വിദ്യാർഥികൾക്കായി നടത്തുന്ന വാർഷിക ക്യാമ്പ്​ കോവിഡായതിനാൽ ഇത്തവണ ഓൺലൈനിൽ. കാലിക്കറ്റ്​ സർവകലാശാലയിലെ ചില കോളജുകളിലുൾ​പ്പെടെ ഏഴു ദിവസത്തെ ഓൺലൈൻ ക്യാമ്പിന്​ തുടക്കമായി. അടുത്ത ദിവസങ്ങളിൽ സംസ്​ഥാനത്തെ എല്ലാ കോളജുകളിലെയും ഓൺലൈൻ ക്യാമ്പ​ുകൾക്ക്​ തുടക്കമാവും. കോവിഡ്​ നിവാരണത്തിനും ലഘൂകരിക്കാനും യുവാക്കൾ എന്നതാണ്​ ഇത്തവണത്തെ പ്ര​േത്യക ക്യാമ്പി‍ൻെറ മുദ്രാവാക്യം. ഓൺലൈൻ ക്യാമ്പിന്​ പുറമേ എല്ലാദിവസവും വളൻറിയർമാർ നാട്ടിൽ ശ്രമദാനം നടത്തണം. വീടിനടുത്ത്​ വഴിനന്നാക്കൽ അടക്കമുള്ള ജോലികൾ വളൻറിയർമാർ നടത്തണം. ഇതിന്​ സുഹൃത്തുക്കളുടെ സഹായം തേടാം. ആദ്യദിനം ഉദ്​ഘാടനവും പരിചയപ്പെടലും ക്യാമ്പിലെ നിയമാവലികൾ അവതരിപ്പിക്കലും ഓൺലൈനായി നടത്തും. ക്യാമ്പ്​​ ദിവസങ്ങളിൽ എൻ.എസ്​.എസ്​ ഗാനവും വിവിധ സാംസ്​കാരിക പരിപാടികളും തലേദിവസത്തെ അനുഭവ വിവരണമടക്കം ഓൺലൈനിൽ നടത്തും. രാജ്യത്ത്​ തന്നെ കേരളത്തിലാണ്​ ആദ്യമായി എൻ.എസ്​.എസ്​ ക്യാമ്പ്​ വെർച്വൽ രീതിയിലേക്ക്​ മാറുന്നത്​. ഫീൽഡ്​ സർവേ നേരിട്ട്​ നടത്തണം. വളൻറിയറുടെ നാട്ടിലെ പത്ത്​ വീടുകളിലെ കോവിഡ്​ അവസ്​ഥകൾ സർവേയിൽ ശേഖരിക്കും. കോവിഡ്​ മാനദണ്ഡങ്ങൾ പാലിക്കൽ, കോവിഡ്​ മരണം, കോവിഡ്​ കാരണം ജോലി നഷ്​ടപ്പെടൽ, പുതിയ ജോലി തുടങ്ങിയ 15 വിവരങ്ങളാണ്​ സർവേയിൽ ശേഖരിക്കേണ്ടത്​. ക്യമ്പി​‍ൻെറ അഞ്ചാം ദിനം രാവിലെ പത്ത്​ മുതൽ 12വരെയാണ്​ സർവേ. ഗൂഗ്​ൾ ഷീറ്റിൽ ചേർക്കുന്ന സർവേ വിവരങ്ങൾ ക്യാമ്പ്​ അധികൃതർക്ക്​ അയച്ച്​ നൽകണം. ആറാം ദിനം ഓൺലൈൻ വഴി ക്യാമ്പിൽ സർവേ റിപ്പോർട്ട്​ അവതരിപ്പിക്കും.ഏഴാം ദിവസം രാവിലെ 10.30ന്​ ക്യാമ്പിന്​ സമാപനമാകും. ശ്രമദാനത്തി​‍ൻെറയും മറ്റ്​ സേവനങ്ങളുടെയും ഫോ​ട്ടോയും വിഡിയോയും ക്യാമ്പ്​ ഡയറക്​ടറായ അതത്​ പ്രോഗ്രാം ഓഫിസർമാർക്ക്​ അയച്ച്​ നൽകാനും നിർദേശമുണ്ട്​്​. ക്യാമ്പിലെ അനുഭവങ്ങൾ വളൻറിയർമാർ പ്രോഗ്രാം ഓഫിസർമാർക്ക്​ സ്വന്തം കൈപ്പടയിലെഴുതി സമർപ്പിക്കണം. ക്യാമ്പി​‍ൻെറ മൊത്തം വിവരങ്ങൾ സീഡിയിലാക്കി സർവകലാശാലയിലെ എൻ.എസ്​.എസ്​ വിഭാഗത്തിന്​ പ്രോഗ്രാം ഓഫിസർമാർ കൈമാറും. ഇത്തവണ രണ്ടും മൂന്നും വർഷ ബിരുദ വിദ്യാർഥികളാണ്​ ക്യാമ്പിൽ പ​ങ്കെടുക്കുക. സി.പി ബിനീഷ്​",എൻ.എസ്​.എസ് ക്യാമ്പുകളും ഓൺലൈനിൽ,mal,madhyamam,Madhyamam,fake news,87e5a624-9406-403b-8073-0d92ff938be3,article,MassiveSum
https://www.madhyamam.com/local-news/trivandrum/2017/nov/20/379451,https://www.madhyamam.com/local-news/trivandrum/2017/nov/20/379451,കരമണ്ണ് മാഫിയക്കെതിരെ പാരിപ്പള്ളി പൊലീസി​െൻറ ശക്തമായ നടപടി: എട്ട് ടിപ്പറുകൾ പിടിച്ചെടുത്തു,,"പാരിപ്പള്ളി: കരമണ്ണ് മാഫിയക്കെതിരെ പാരിപ്പള്ളി പൊലീസ് നടപടി ശക്തമാക്കി. ഇതുമായി ബന്ധപ്പെട്ട് എട്ട് ടിപ്പറുകൾ പിടിച്ചെടുത്തു. കായംകുളത്ത് കെ.എസ്.ഇ.ബിയുടെ 110 കെ.വി സബ് സ്റ്റേഷൻ നിർമാണ ആവശ്യത്തിനെന്ന പേരിൽ വ്യാജരേഖകളുണ്ടാക്കി തിരുവനന്തപുരം ജില്ലയിലെ നാവായിക്കുളം കുടവൂരിെല സ്വകാര്യ വ്യക്തിയുടെ പുരയിടത്തിലെ കുന്നിടിച്ച് കോടികളുടെ കരമണ്ണ് കടത്തിയ സംഭവത്തെത്തുടർന്നാണ് പൊലീസ് നിരീക്ഷണവും നടപടിയും ശക്തമാക്കിയത്. ഇതുമായി ബന്ധപ്പെട്ട് തിരുവനന്തപുരം മിനറൽ റവന്യൂ ഇൻസ്പെക്ടർ ഷോണിയെ പരവൂർ സി.ഐ ജെ. ഷെരീഫി​െൻറ നേതൃത്തിൽ അറസ്റ്റ് ചെയ്തിരുന്നു. സംഭവത്തിൽ പ്രതിയായ കുടവൂർ വില്ലേജ് ഒാഫിസറെ കസ്റ്റഡിയിലെടുത്ത് ചോദ്യം ചെയ്തു. രഹസ്യവിവരത്തെത്തുടർന്ന് കൊല്ലം സിറ്റി പൊലീസ് കമീഷണർ അജിതാബീഗം നൽകിയ നിർദേശത്തി​െൻറ അടിസ്ഥാനത്തിലാണ് പൊലീസ് അന്വേഷണം നടത്തിയത്. ദേശീയപാതയിലൂടെ നിരന്തരം കരമണ്ണ് കടത്തുന്നതായി അന്വേഷണത്തിൽ കണ്ടെത്തി. തുടർന്ന് ടിപ്പർ ലോറികൾ പരിശോധിച്ചപ്പോൾ തിരുവനന്തപുരം ജിേയാളജിയിൽനിന്നുള്ള ഒറിജിനൽ പാസാണ് ടിപ്പറുകാർ കാണിച്ചത്. 2125 ക്യുബിക് മീറ്റർ മണ്ണ് കടത്താനുള്ള അനുമതിയാണ് രേഖകളിൽ കാണുന്നത്. അന്വേഷണത്തിൽ നിരവധി ബ്ലാങ്ക് പാസുകൾ ഒപ്പിട്ട് സീൽ ചെയ്ത് മണ്ണ് കടത്തി​െൻറ ഏജൻറുമാർക്ക് നൽകിയിരുന്നതായും കണ്ടെത്തി. ഒരു ബ്ലാങ്ക് പാസിന് 5000 രൂപയാണ് ജിയോളജി ഉദ്യോഗസ്ഥർ ഈടാക്കിയിരുന്നത്. എവിടേക്കാണോ മണ്ണ് കൊണ്ടുപോകേണ്ടത് അവിടത്തേക്ക് ആവശ്യമായ വിവരങ്ങൾ ഏജൻറുമാർതന്നെ അപ്പപ്പോൾ എഴുതിച്ചേർത്ത് ഉപയോഗിക്കുകയാണ് ചെയ്തുവന്നിരുന്നത്. ഏജൻറുമാരും, വില്ലേജ് ഒാഫിസർ, പഞ്ചായത്ത് അധികൃതർ, ജിയോളജി ഉദ്യോഗസ്ഥർ എന്നിവരുമടങ്ങുന്ന വൻ റാക്കറ്റാണ് ഇതിനു പിന്നിൽ. തിരുവനന്തപുരം ജില്ലാ ജിയോളജി ഓഫിസർ, നാവായിക്കുളം പഞ്ചായത്ത് അധികൃതർ, മണ്ണ് കടത്ത് ഏജൻറുമാർ എന്നിവരടക്കം നിരവധി പ്രതികളെ ചോദ്യം ചെയ്യാനുണ്ടെന്ന് പൊലീസ് അറിയിച്ചു. കെ.എസ്.ആർ.ടി.സി അധികൃതരുടെ അവഗണന തുടരുന്നു; പമ്പ സർവിസിന് നടപടിയില്ല കുളത്തൂപ്പുഴ: കുളത്തൂപ്പുഴ കെ.എസ്.ആർ.ടി.സി ഡിപ്പോയോട് അധികൃതർ കാട്ടുന്ന അവഗണനക്ക് ഇനിയും മാറ്റമുണ്ടായിട്ടില്ല. ഇക്കുറി മണ്ഡല വ്രതകാലം ആരംഭിച്ച് ഭകതജനങ്ങൾ ശബരിമല ദർശനത്തിന് എത്തിത്തുടങ്ങിയെങ്കിലും കുളത്തൂപ്പുഴ ഡിപ്പോയിൽനിന്ന് പമ്പ സർവിസ് ആരംഭിക്കാൻ ഇനിയും നടപടിയുണ്ടായിട്ടില്ല. മുൻകാലങ്ങളിൽ ശാസ്താക്ഷേത്ര പരിസരത്തുനിന്ന് പമ്പയിലേക്ക് സർവിസുകൾ നടത്തിയിരുന്നു. സമീപപ്രദേശങ്ങളിൽനിന്ന് പോകുന്ന അയ്യപ്പഭക്തരിലധികവും കുളത്തൂപ്പുഴ ശാസ്താക്ഷേത്രത്തിലെത്തിയ ശേഷമാണ് ശബരിമലയ്ക്ക് യാത്രയാവുന്നത്. മിക്കവരും സ്വകാര്യ വാഹനങ്ങളെ ആശ്രയിക്കേണ്ട അവസ്ഥയിലാണ്. എന്നാൽ, മുൻ വർഷങ്ങളിൽ പമ്പ സർവിസ് നടത്തിയതിലുള്ള നഷ്ടക്കണക്കുകളും അഞ്ചുവർഷത്തിൽ താഴെ പഴക്കമുള്ള ബസുകൾ മാത്രമേ പുതിയ സർവിസിന് ഉപയോഗിക്കാൻ പാടുള്ളൂവെന്ന നിയമവും പറഞ്ഞ് അധികൃതർ കൈമലർത്തുകയാണ്. അതേസമയം, സമീപ ഡിപ്പോകളിൽ എല്ലാം അഞ്ചുവർഷത്തിൽ താഴെ പഴക്കമുള്ള ബസുകൾ നിരവധിയുള്ളപ്പോഴും കുളത്തൂപ്പുഴ ഡിപ്പോയിൽ മാത്രം ഇത്തരം വാഹനങ്ങളില്ലെന്ന് പറയുന്നത് അധികൃതരുടെ അവഗണനയുടെ തെളിവാണെന്നും നാട്ടുകാർ പറയുന്നു. രാത്രി കാലങ്ങളിൽ പമ്പയിലേക്ക് പോകേണ്ട അയ്യപ്പഭക്തർ കിലോമീറ്ററുകൾ അകലെ പുനലൂർ ഡിപ്പോയിലെത്തുകയോ, സ്വകാര്യ വാഹനങ്ങൾ സംഘടിപ്പിച്ച് പോവുകയോ വേണ്ട സ്ഥിതിയാണെന്ന് നാട്ടുകാർ ആരോപിക്കുന്നു.",പാരിപ്പള്ളി: കരമണ്ണ് മാഫിയക്കെതിരെ പാരിപ്പള്ളി പൊലീസ് നടപടി ശക്തമാക്കി. ഇതുമായി ബന്ധപ്പെട്ട് എട്ട് ടിപ്പറുകൾ പിടിച്ചെടുത്തു.  കായംകുളത്ത് കെ.എസ്.ഇ.ബിയുടെ 110 കെ.വി സബ് സ്റ്റേഷൻ നിർമാണ...,mal,madhyamam,Madhyamam,fake news,6b84e9c9-059f-49a1-9baf-c7cd6de6f285,article,MassiveSum
https://www.15min.lt/naujiena/aktualu/lietuva/kas-ketvirtas-vilnietis-i-didziuosius-prekybos-centrus-uzsuka-kiekviena-savaite-56-97071,https://www.15min.lt/naujiena/aktualu/lietuva/kas-ketvirtas-vilnietis-i-didziuosius-prekybos-centrus-uzsuka-kiekviena-savaite-56-97071,Kas ketvirtas vilnietis į didžiuosius prekybos centrus užsuka kiekvieną savaitę,,"Apklausos rezultatai rodo, kad didžiuosiuose prekybos ir pramogų centruose 24 proc. vilniečių lankosi bent kartą per savaitę, 60 proc. į juos vyksta bent kartą per mėnesį, likusi dalis – rečiau.

„Tyrimas mums leido įsitikinti, kad ir sunkmečio sąlygomis sostinės gyventojai į didžiuosius prekybos ir pramogų centrus užsuka iš tiesų dažnai. Be abejo, sumažėjus gyventojų perkamajai galiai, svarbu, kokius dar poreikius, be pagrindinio – apsipirkti, jie gali tenkinti šiuose centruose. Apklausa rodo, kad beveik trečdalis į juos vyksta praleisti laisvalaikio, ketvirtadalis – susitikti su draugais, kas dešimtas – dalyvauti įvairiuose renginiuose“, – sako minėto prekybos ir pramogų centro vadovė Inga Navickaitė.

Pasak jos, didžioji dalis vilniečių, 77 proc., į prekybos centrus dažniausiai vyksta automobiliu. Tai daugiausia 26–45 metų, aukštesnio išsimokslinimo žmonės. 16 proc. į prekybos centrus dažniausiai keliauja viešuoju transportu ir jį renkasi jauni (16–25 metų) bei vyresni (46–55 metų) sostinės gyventojai.

Daugiau nei trečdalis vilniečių, 36 proc., vykdami į didelį prekybos ir pramogų centrą į draugiją renkasi partnerę ar partnerį, žmoną ar vyrą, draugę ar draugą. 23 proc. keliauja su visa šeima, 20 proc. – su draugais, 19 proc. – vieni.

Vilniaus mieste atliktoje apklausoje iš viso dalyvavo 453 sostinės gyventojai nuo 18 iki 55 metų.","Beveik ketvirtadalis vilniečių bent kartą per savaitę lankosi didžiuosiuose sostinės prekybos ir pramogų centruose. Tai dažniau daro moterys, kurioms prekybos centras – ne tik...",mal,15min,15Min,fake news,03504731-d41f-4758-9711-87d5121e7a27,article,MassiveSum
https://www.15min.lt/vardai/naujiena/lietuva/liveta-kazlauskiene-prisipazino-patyrusi-smurta-seimoje-1050-454119,https://www.15min.lt/vardai/naujiena/lietuva/liveta-kazlauskiene-prisipazino-patyrusi-smurta-seimoje-1050-454119,Liveta Kazlauskienė prisipažino patyrusi smurtą šeimoje,,"Šio vakaro laidos tema – itin opi: smurtas prieš moteris. Lietuvoje kone kasdien išgirstame apie mušamas moteris – nuo nelengvai besiverčiančių namų šeimininkių, daugiavaikių mamų iki ištekėjusių už garsių vyrų, sportininkų, politikų, verslininkų. „Ginčas be taisyklių“ studijoje žinomos moterys neslėps emocijų klausydamos patyrusių smurtą vargšių istorijų. Tiesa, nuo vyro kumščių kentėjusios sutiko kalbėti tik prisidengusios kaukėmis ir nesakydamos savo tikrųjų vardų.

„Kodėl jūs slepiate savo veidą? Kodėl dangstote savo vyrą? Pasakykite jo vardą ir pavardę, tegu ir kitos žino, kas jų laukia, jei su juo susidės“, – neslėps emocijų L. Kazlauskienė. Liveta atvirai papasakos savo istoriją. „Pirmą kartą ištekėjau aštuoniolikos. Buvau jauna, naivi. Tėvas irgi keldavo ranką prieš mamą, pamenu, kad bėgdavom nuo jo slėptis pas tetą. Tada sau pasižadėjau, kad manęs niekas neskriaus. Deja, ištekėjau už žmogaus, kuris mėgo išgerti ir neretai paleisdavo kumščius. Mums su dar mažyte dukra Ingrida irgi tekdavo nuo jo bėgti. Pasiryžau skirtis, nors ir mama, ir visa giminė mane nuo to atkalbinėjo, gąsdino, kad tai bus didžiulė gėda, kad vaikas augs be tėvo. Bet aš tvirtai pasiryžau skirtis ir savo vaiką auginti normalioje šeimoje. Laimei, sutikau Petrą, jis padėjo man užauginti Ingridą, ir ji matė gražų, normalų bendravimą šeimoje.“

Šįvakar „Ginčas be taisyklių“ laidoje bus kalbama ir apie tai, kaip fizinį ir psichologinį smurtą patiriančios moterys tampa tokios pažeidžiamos, kad įtiki savo kalte dėl vyro smurto.

Laidoje savo nuomonę išsakys garsios moterys: būrėja Vaiva Budraitytė, politikė Aušrinė Marija Pavilionienė, Vilniaus miesto krizių centro vadovė Nijolė Dirsienė, „TV Pagalbos“ gelbėtoja Rūta Lazauskienė. Į jautrią diskusiją įsitrauks psichologai Tomas Lagūnavičius ir Andrius Kaluginas, kiti krizių specialistai.

Tikros garsių ir nežinomų moterų, patyrusių smurtą, istorijos bei specialistų patarimai, ką daryti, jei prieš tave smurtaujama, – jau šį, ketvirtadienio, vakarą 19.30 val. TV3 diskusijų laidoje „Ginčas be taisyklių“.","„Nebegaliu tylėti apie tai, ką man teko ištverti pirmoje santuokoje. Kai matau skriaudžiamas moteris ir jų nuolankumą, kraujas užverda. Anksčiau nekalbėjau, nes maniau – na, nebė...",mal,15min,15Min,fake news,388fdeff-437d-45ff-a18d-3acb76a7f85d,article,MassiveSum
https://www.15min.lt/verslas/naujiena/bendroves/huawei-praso-atsaukti-neteiseta-jav-draudima-pirkti-bendroves-iranga-663-1242200,https://www.15min.lt/verslas/naujiena/bendroves/huawei-praso-atsaukti-neteiseta-jav-draudima-pirkti-bendroves-iranga-663-1242200,„Huawei“ prašo atšaukti „neteisėtą“ JAV draudimą pirkti bendrovės įrangą,,"Draudimas „Huawei“ bei kitos kinų bendrovės ZTE atžvilgiu buvo įvestas praėjusį mėnesį, remiantis grėsme nacionaliniam saugumui.

„Huawei“ skunde teigiama, kad draudimas priimtas nepateikus jokių įrodymų apie „Huawei“ keliamą grėsmę bei nesilaikant nustatytų reikalavimų, todėl yra „neteisėtas“.

„Huawei“ yra Kinijos įmonė. Tai yra vienintelis [Vašingtono] pasiteisinimas“, – pareiškė bendrovės „Huawei“ vyriausiasis teisininkas Song Liupingas per spaudos konferenciją bendrovės būstinėje Šendžene.

Kovo mėnesį „Huawei“ jau kreipėsi į JAV apeliacinį teismą pateikdama ieškinį, kuriame 2019 metų JAV gynybos įstatymą pavadino „antikonstituciniu“ dėl draudimo vyriausybės agentūroms pirkti bendrovės įrangą, paslaugas ar bendradarbiauti su trečiosiomis šalimis, kurios yra „Huawei“ klientai.

Jungtinės Valstijos savo kampaniją prieš „Huawei“ aiškina būgštavimais, jog bendrovė gali kelti grėsmę nacionaliniams saugumui, nes jos įkūrėjas ir vadovas Ren Zhengfei yra buvęs Kinijos ginkluotųjų pajėgų inžinierius.

JAV nerimas išaugo „Huawei“ tapus pasauline telekomunikacijų tinklo įrangos lydere ir viena iš didžiausių išmaniųjų telefonų gamintojų, taip pat po to, kai Pekinas 2017 metais priėmė įstatymą, įpareigojantį Kinijos įmones bendradarbiauti su vyriausybe nacionalinio saugumo klausimais.

JAV prezidentas Donaldas Trumpas gegužę uždraudė amerikiečių įmonėms bendradarbiauti su „Huawei“, kurią JAV pareigūnai apkaltino pažeidus sankcijas Iranui.

Visgi D.Trumpas atidėjo draudimo įsigaliojimo terminą, kad amerikiečių įmonės spėtų pasirengti draudimo įsigaliojimui.","Kinijos telekomunikacijų milžinė „Huawei“ ketvirtadienį pranešė pateikusi prašymą JAV teismui atšaukti draudimą, kuriuo užkirstas kelias amerikiečių vėžėjams kaimo vietovėse...",mal,15min,15Min,fake news,c7720191-9604-4d5c-980f-908aaac2734d,article,MassiveSum
https://www.madhyamam.com/news/195435/121013,,അതിവേഗ റെയില്‍: നാളെ മനുഷ്യമതില്‍,,"കോഴിക്കോട്: രാജ്യം കണ്ട ഏറ്റവും വലിയ കുടിയൊഴിപ്പിക്കലിന് അരങ്ങൊരുങ്ങുന്ന നി൪ദിഷ്ട അതിവേഗ റെയിൽ പദ്ധതി ഉപേക്ഷിക്കണമെന്നാവശ്യപ്പെട്ട് 14ന് നാട്ടുകാ൪ മനുഷ്യമതിൽ തീ൪ക്കും. വൈകുന്നേരം മൂന്നിന് കക്കോടി പാലം മുതൽ മലാപ്പറമ്പ് വരെയാണ് മനുഷ്യ മതിലെന്ന് സംഘാടക൪ വാ൪ത്താസമ്മേളനത്തിൽ അറിയിച്ചു. പദ്ധതി സ൪ക്കാറിന് കടുത്ത സാമ്പത്തിക ബാധ്യത വരുത്തും. പവ൪കട്ടിൽ നട്ടം തിരിയുന്ന കേരളത്തിൽ 16.78 കിലോ വാട്ട് വൈദ്യുതി ഉപയോഗിച്ചുള്ള അതിവേഗ പദ്ധതി വേണ്ട. സാധാരണക്കാ൪ക്ക് കാര്യമില്ലാത്ത പദ്ധതിക്ക് ജനസാന്ദ്രത കൂടിയ കേരളം യോജ്യമല്ല. പദ്ധതി നി൪ത്തിവെച്ചെന്ന് പറയുമ്പോഴും പ്രവ൪ത്തനം നടക്കുന്നുണ്ട്. കടന്നുപോകുന്ന ഭാഗത്തുള്ളവ൪ സ്ഥലം വിൽക്കാനാവാതെയും കെട്ടിടങ്ങൾക്കും മറ്റും പ്ളാൻ കിട്ടാതെയും വിഷമിക്കുകയാണ്. എല്ലാ രാഷ്ട്രീയ കക്ഷികളുടെയും സഹായത്തോടെയാണ് പ്രതിഷേധം. നഗരസഭാ കൗൺസില൪ എം. ശ്രീധരൻ, കെ.സി. ശോഭിത, കെ. ഷാജി, പി.എം. കരുണാകരൻ, ബാബു പറമ്പത്ത് എന്നിവ൪ വാ൪ത്താസമ്മേളനത്തിൽ പങ്കെടുത്തു.",കോഴിക്കോട്:  രാജ്യം കണ്ട ഏറ്റവും വലിയ കുടിയൊഴിപ്പിക്കലിന് അരങ്ങൊരുങ്ങുന്ന നി൪ദിഷ്ട അതിവേഗ റെയിൽ പദ്ധതി ഉപേക്ഷിക്കണമെന്നാവശ്യപ്പെട്ട് 14ന് നാട്ടുകാ൪ മനുഷ്യമതിൽ തീ൪ക്കും. വൈകുന്നേരം മൂന്നിന്...,mal,madhyamam,Madhyamam,fake news,1bd20148-4343-49ef-96bb-7e973bcfae10,article,MassiveSum
https://www.dengeamerika.com/a/trump_iran/4968168.html,https://www.dengeamerika.com/a/trump_iran/4968168.html,"NYT: Trump Fermana Êrîşên Dijî Îranê Da, lê Piştre Ew bi Şûnde Vekişand",,"Rojnameya New York Times îdia kir ku Serok Donald Trump ferman daye ku dijî Îranê êrîş destpê bike, lê wî piştre ‘’ji nişke ve’’ ew ferman rawestandiye. Li gor nûçeya NYT’ê, şêwirmendên payabilind yên Trump û nûnerên Kongresê piştî hevdîtinên li Qesira Sipî li ber bûn ku dijî Îranê êrîş destpê bikin. NYT’ê nûçeya xwe sipart hin kesên di hevdîtinan de cîh girtine, lê navê wan eşkere nekir. Rojname dide zanîn ku Trump ferman daye ku dijî hin navendên Îranê êrîş li dar kevin, lê piştre ew ferman sekinandiye. Karbidestekî payabilind ji NYT’ê re dîyar kir ku gava ferman hatiye betal kirin operasyon di qonaxa destpêkê de bûye. Roja Pêncşemê Îranê firokeke bêmirov ya Amerîkî xistibû xwarê û Trump ji Twitterê gotibû ku ‘’Îranê şaşîyeke mezin kir’’ Trump piştre li Qesira Sipî ji rojnamevan re gotibû ku ‘’firoka Amerîkî bê çek bû û ger di firokê de kes hebûya ewê rewş cuda bûya’’ Girjîya di navbera Washington û Tehranê de, di rojên dawî de jinûve gur bûye. Washington îdia dike ku Tehran alozîya li herêmê mezintir dike û Tehran dide zanîn ku Washington hewil dide ku peywendîya Tehran û cîhanê bibire. ​",Karbidestekî payabilind ji NYT’ê re dîyar kir ku gava ferman hatiye betal kirin operasyon di qonaxa destpêkê de bûye,mal,dengeamerika,Denge Amerika,fake news,ddbcf2a3-b0d7-4c6d-998f-2ef301eb7379,article,MassiveSum
https://lao.voanews.com/a/united-states-wants-journalists-detained-in-ethiopia-set-free/3125782.html,https://lao.voanews.com/a/united-states-wants-journalists-detained-in-ethiopia-set-free/3125782.html,ສະຫະລັດ ຢາກໃຫ້ ອີທິໂອເປຍ ປ່ອຍຕົວ ນັກຂ່າວ ທີ່ຖືກ ຈັບກຸມ,,"ສະຫະລັດ ໄດ້ຮຽກຮ້ອງໃຫ້ປະເທດ ອີທິໂອເປຍ ປ່ອຍຕົວນັກຂ່າວ ທັງໝົດທີ່ຖືກຈັບກຸມໂດຍລັດຖະບານ ແລະ ຢຸດການໃຊ້ກົດໝາຍ ຕໍ່ຕ້ານການກໍ່ການ ຮ້າຍທີ່ ເປັນບັນຫາຂອງຕົນ ເພື່ອປິດປາກ​ປິດ​ສຽງ​ພວກຄັດຄ້ານ.

ໂຄສົກສະພາຄວາມໝັ້ນຄົງແຫ່ງຊາດທ່ານ Ned Price ໄດ້ກ່າວ ໃນວັນພຸດວານ ນີ້ວ່າ ສະຫະລັດ ແມ່ນ “ເປັນຫ່ວງຢ່າງເລິກເຊິ່ງ ໃນການຈັບກຸມນັກຂ່າວຄົນ ອື່ນໆໃນ ອີທິໂອເປຍ ເມື່ອບໍ່ດົນມາ ນີ້.” ທ່ານໄດ້ຮຽກຮ້ອງວ່າ “ລັດຖະບານ ອີທິໂອເປຍ ຈົ່ງປ່ອຍຕົວ ບັນດານັກຂ່າວ ແລະ ຄົນອື່ນໆທັງໝົດ ທີ່​ໄດ້​ຊົມ​ໃຊ້ສິດທິໃນການ ສະ​ແດງອອກຄວາມ ຄິດ​ຄວາມ​ເຫັນຂອງພວກເຂົາເຈົ້າ.”

ໃນເດືອນຕຸລາທີ່ຜ່ານມາ, ວໍຊິງຕັນ ໄດ້ສະ​ແດງ​ຄວາມ​ຍິນ​ດີ ​ກັບການປ່ອຍຕົວ ນັກຂຽນຂ່າວ​ອິນ​ເຕີ​ແນັດ​ຫຼື Blogger ແລະ ນັກຂ່າວຫຼາຍຄົນແຕ່ໃນວັນພຸດ ວານນີ້ ທຳນຽບຂາວໄດ້ເຕືອນ ອີທິໂອເປຍ ຕໍ່ການຈັບກຸມຄັ້ງໃໝ່ນີ້.

ທ່ານ Price ໄດ້ກ່າວວ່າ ວໍຊິງຕັນ “ໄດ້ຊົມເຊີຍ ອີທິໂອເປຍ ໂດຍຕະຫຼອດມາ ​ໃນການເປັນ ແບບຢ່າງທີ່ດີ ແລະ ເປັນກະບອກສຽງສຳລັບການພັດທະນາໃນ ທະວີບ ອາຟຣິກາ.” ແຕ່ ທ່ານໄດ້ເຕືອນ Addis Ababa ວ່າ “ການໄດ້ມາດັ່ງ ກ່າວນັ້ນຕ້ອງອີງໃສ່ຮາກຖານຂອງ ວິທີການປົກຄອງ​ແບບປະຊາທິປະໄຕ ແລະ ເຄົາລົບນັບຖືສິດທິມະນຸດຖ້າພວກເຂົາເຈົ້າ ຢາກຈະມີຄວາມໝັ້ນຄົງ.”

ທ່ານ Price ບໍ່ໄດ້ກ່າວຊື່ຂອງບັນດານັກຂ່າວທີ່ ສະຫະລັດ ໄດ້ມີຄວາມເປັນຫ່ວງ, ແຕ່ທ່ານໄດ້ ກ່າວຖ່າມກາງການທີ່​ມີ​ການໃຊ້ກຳລັງປາ​ມປາມ ຢ່າງຮຸນແຮງ ຕໍ່​ພວກ​ທີ່ບໍ່ເຫັນດ້ວຍ.

ໃນວັນເສົາທີ່ຜ່ານມາ, ກຸ່ມ​ປົກ​ປ້ອງສິດທິມະນຸດ Human Rights Watch ໄດ້ ລາຍງານວ່າ ກອງກຳລັງຮັກສາຄວາມປອດໄພ ອີທິໂອເປຍ ໄດ້ສັງຫານຜູ້ປະທ້ວງ ຢ່າງໜ້ອຍ 75 ຄົນດ້ວຍ ການຍິງປືນໃສ່ ໃນລະຫວ່າງການປະທ້ວງຕໍ່ຕ້ານ ລັດຖະ ບານຢູ່​ໃນ​ຂົ​ງ​ເຂດ ທີ່ແກ່ຍາວມາເປັນ ເວລາຫຼາຍສັບປະດາ.",ສະຫະລັດ ມີຄວາມເປັນຫ່ວງຢ່າງຍິ່ງ ໃນການຈັບກຸມ ນັກຂ່າວຄົນອື່ນໆ ໃນອີທິໂອເປຍ ເມື່ອບໍ່ດົນມານີ້.,mal,voanews,VOA News,fake news,7045e6f5-70d4-4dd6-98b2-a404b367dc63,article,MassiveSum
https://nra.lv/latvija/239487-atklatas-kadas-ir-pavesta-franciska-prasibas-ierodoties-latvija.htm,https://nra.lv/latvija/239487-atklatas-kadas-ir-pavesta-franciska-prasibas-ierodoties-latvija.htm,"Atklātas, kādas ir pāvesta Franciska prasības, ierodoties Latvijā",,"“Pāvests plāno ierasties Latvijā 24. septembrī. Ja jau viņš brauc pie mums, tas nozīmē, ka mēs viņa acīs esam īpaši un viņš uzskata, ka viņa klātbūtne šeit ir vajadzīga,” Latvijas Romas katoļu Baznīcas arhibīskaps metropolīts Zbigņevs Stankevičs sacīja RīgaTV 24 raidījumā ""Dienas personība ar Veltu Puriņu"". Viņš raidījumā atklāja, kur tieši viesosies Romas pāvests Franciska.

Stankevičs pauda, ka pāvests palūdzis, lai viņa braucienam no Rīgas lidostas nedod limuzīnu, bet gan vienkāršu mašīnu. Arhibīskaps norādīja, ka arī Romā pāvests pārvietojas ar pieticīgu auto: “Es atceros, ka Romā man taksometra šoferis piestāstīja pilnas ausis par to, ka uz viņu vislielāko iespaidu ir atstājis tas, ka pāvests brauc ar fordiņu, kuram ir 7 gadi, ka pāvests nemīl luksus mašīnas.”

Arhibīskaps arī pauda, ka vispieejamākās vietas, kur piedalīties pāvesta vizītē, būs Aglona un Doma laukums: “Vispieejamākā vieta, protams, būs Aglona, jo sakrālajā laukumā ir 200 000 vietu. Visi gribētāji varēs piedalīties. Es domāju, ka nebūs nekādu problēmu. Doma laukumā mēs plānojam izvietot ekrānus. Līdz ar to tie, kuri netiks iekšā, varēs ņemt dalību ar šo ekrānu starpniecību.”

Stankevičs uzsvēra, ka vizītē tiks diskutēts par Latvijai aktuālām tēmām. Viņš stāstīja, ka pāvests pēdējā laikā pievērsies pat korupcijas tēmai. “Viņa galvenā rūpe ir iedarbināt gan Baznīcas resursu, gan arī mūsu sabiedrības resursus, lai risinātu reālās problēmas. Tieši tāpēc cita starpā viņš ļoti nopietni ir pievērsies arī korupcijas problēmai,” sacīja arhibīskaps.","“Pāvests plāno ierasties Latvijā 24. septembrī. Ja jau viņš brauc pie mums, tas nozīmē, ka mēs viņa acīs esam īpaši un viņš uzskata, ka viņa klātbūtne šeit ir vajadzīga,” Latvijas Romas katoļu Baznīcas arhibīskaps metropolīts Zbigņevs Stankevičs sacīja RīgaTV 24 raidījumā ""Dienas personība ar Veltu Puriņu"". Viņš raidījumā atklāja, kur tieši viesosies Romas pāvests Franciska.",mal,nra,NRA,fake news,a88d0907-c73d-439c-93ab-c75006492c62,article,MassiveSum
https://www.madhyamam.com/kerala/local-news/idukki/pettimudi-rehabilitation-special-team-submits-report-564350,https://www.madhyamam.com/kerala/local-news/idukki/pettimudi-rehabilitation-special-team-submits-report-564350,പെട്ടിമുടി പുനരധിവാസം: പ്രത്യേക സംഘം റി​േപ്പാർട്ട്​്​ സമർപ്പിച്ചു,,"ഇടുക്കി: പെട്ടിമുടിയെ മൂടി ലയങ്ങളെയും ജീവിതങ്ങ​ളെയും കവര്‍ന്ന് പ്രകൃതി സംഹാരതാണ്ഡവമാടിയപ്പോള്‍ സമചിത്തതയോടെ പഴുതുകള്‍ അടച്ച് പ്രായോഗിക ബുദ്ധിയോടെയും സാങ്കേതികത്തികവോടെയും ചടുല പ്രവര്‍ത്തനത്തിന് പ്രത്യേക സംഘത്തെ നിയോഗിച്ച കലക്ടര്‍ എച്ച്. ദിനേശ​െൻറ രക്ഷാപ്രവര്‍ത്തനത്തിന്​ വിജയ സമാപ്​തി.

പെട്ടിമുടി ഉരുള്‍പൊട്ടലില്‍ വീടും സ്ഥലവും പൂര്‍ണമായും നഷ്​ടപ്പെട്ടവരുടെ പുനരധിവാസവും മരിച്ചവർക്കുള്ള ധനസഹായവും സമയബന്ധിതമായി പൂര്‍ത്തീകരിക്കുന്നതിന് കലക്ടര്‍ നിയോഗിച്ച 12 അംഗ സംഘമാണ് 15ദിവസത്തിനകം ദൗത്യം പൂര്‍ത്തിയാക്കി റിപ്പോര്‍ട്ട് സമര്‍പ്പിച്ചത്. മൂന്നാര്‍ സ്പെഷല്‍ തഹസില്‍ദാര്‍ ബിനു ജോസഫി​െൻറയും തൊടുപുഴ താലൂക്ക് ഡെപ്യൂട്ടി തഹസില്‍ദാര്‍ കെ.എച്ച്​. സക്കീറി​െൻറയും നേതൃത്വത്തില്‍ 10 പേരും കലക്ട​േററ്റിലെത്തി എ.ഡി.എം ആൻറണി സ്‌കറിയയുടെ സാന്നിധ്യത്തില്‍ റിപ്പോര്‍ട്ട് കലക്ടര്‍ക്ക്​ കൈമാറി. ദ്രുതഗതിയില്‍ ജോലി പൂര്‍ത്തീകരിച്ച റവന്യൂ ടീമിനെ കലക്ടര്‍ അഭിനന്ദിച്ചു.

സര്‍ക്കാറി​െൻറ നിര്‍​ദേശപ്രകാരം നാശനഷ്​ടങ്ങളുടെ അടിസ്ഥാന വിവരശേഖരണം, മരണമടഞ്ഞവരുടെ വിവരശേഖരണം, അനന്തരാവകാശികളെ കണ്ടെത്തല്‍, ധനസഹായവിതരണം വേഗത്തിലാക്കല്‍, പുനരധിവാസ നടപടി തുടങ്ങിയ ജോലിക്കാണ് 12 ജീവനക്കാരെ പെട്ടിമുടിയില്‍ നിയോഗിച്ചത്. അഞ്ച്​ സംഘങ്ങളായി തിരിഞ്ഞാണ് ജോലി നിര്‍വഹിച്ചത്.

മൂന്നാര്‍ സ്പെഷല്‍ തഹസില്‍ദാര്‍ ബിനു ജോസഫ്, തൊടുപുഴ താലൂക്ക് ഡെപ്യൂട്ടി തഹസില്‍ദാര്‍ കെ.എച്ച്​. സക്കീര്‍, മൂന്നാര്‍ സ്പെഷല്‍ റവന്യൂ ഇന്‍സ്പെക്ടര്‍മാരായ പി.എച്ച്. വിനോദ്, ജിബിന്‍ ഫ്രാങ്ക്ലിന്‍, കെ.ടി.എച്ച് സെക്​ഷന്‍ ഓഫിസര്‍ പി. സജിത്കുമാര്‍, ദേവികുളം റവന്യൂ ഡിവിഷന്‍ ഓഫിസിലെ ഹെഡ് ക്ലര്‍ക്ക് രാജേഷ് രാജ്, ദേവികുളം ആർ.ഡി ഓഫിസ് റവന്യൂ ഇന്‍സ്പെക്ടര്‍ അലക്സ് സി. ജോര്‍ജ്, സീനിയര്‍ ക്ലര്‍ക്കുമാരായ ഷൈജു ജോര്‍ജ്, എ.ഇ. ഷൈന്‍, പി.എ. ജോര്‍ജ്, റോണി ജോസ്, തൊടുപുഴ ലാന്‍ഡ് അക്വിസിഷന്‍ ഓഫിസ് ക്ലര്‍ക്ക് ഷൈജു തങ്കപ്പന്‍ എന്നിവരാണ് 12അംഗ ടീമില്‍ ഉണ്ടായിരുന്നത്.

പെട്ടിമുടിയില്‍ കഴിഞ്ഞമാസം ആറിന് രാത്രിയുണ്ടായ ഉരുള്‍പൊട്ടല്‍ 82 പേരെയാണ് ബാധിച്ചത്. ഇതില്‍ 12പേരുടെ ജീവന്‍ രക്ഷിക്കാനായി. 66 പേരുടെ മൃതദേഹം കിട്ടി. ദിനേശ്കുമാര്‍ (22), കാര്‍ത്തിക (21), പ്രിയദര്‍ശിനി (11), കസ്തൂരി (20) എന്നിവരെയാണ് ഇനി കണ്ടെത്താനുണ്ട്. നാട്ടുകാരുടെ നേതൃത്വത്തില്‍ ഇപ്പോഴും ഇവിടെ തിരച്ചില്‍ നടക്കുന്നു. ദുരന്തത്തിലുണ്ടായ നഷ്​ടം 88.41 ലക്ഷം ആണെന്ന്​ റിപ്പോർട്ടിൽ പറയുന്നുണ്ട്​.",നഷ്​ടം 88.41 ലക്ഷം •റി​േപ്പാർട്ട്​്​ സമർപ്പിച്ചത്​ 15 ദിവസം കൊണ്ട്​,mal,madhyamam,Madhyamam,fake news,c4692c41-bc4b-4871-9322-40c8a3e5739f,article,MassiveSum
https://www.15min.lt/gazas/naujiena/autosportas/wellman-rally-team-tarp-nugaletoju-ralyje-latvijoje-25-438479,https://www.15min.lt/gazas/naujiena/autosportas/wellman-rally-team-tarp-nugaletoju-ralyje-latvijoje-25-438479,„Wellman rally team“ - tarp nugalėtojų ralyje Latvijoje,,"Laimėti pirmasis ir paskutinis ralio „Gulbis“ greičio ruožai, dar du kartus parodytas antras rezultatas. Toks greitas ir stabilus „Wellman rally team“ ekipažo tempas be didelio vargo leido kovoti dėl aukščiausių pozicijų. Žinoma, penkta vieta po antro greičio ruožo nebuvo tai, ko komanda tikėjosi, bet vėliau tempą pavyko padidinti ir vėl sugrįžti į lyderių trejetuką.

„Beveik visas lenktynes važiavome gerokai naudotomis padangomis. Tai darėme sąmoningai, norėjome pajusti, kaip automobilis elgsis Europos čempionate, kai būsime priversti važiuoti ilgą distanciją ir neturėsime galimybės naudoti naujo komplekto. Prieš paskutinius greičio ruožus pasikeitėme padangas ir tai padėjo pakilti į antrą vietą“,- komandos progresu buvo patenkintas R.Šaučikovas.

„Kodėl treniruotei prieš Europos čempionatą pasirinkome šį ralį? Keliai Gulbenės apylinkėse jau kitokie nei lietuviški, panašesni į estiškus, tad nemažai ekipažų čia bando savo jėgas prieš vienas svarbiausių lenktynių. Pats ralis turi bene 40 metų istoriją, minios žiūrovų trasoje sukuria puikią atmosferą. Džiaugiamės ir mūsų ekipažo progresu. Labai patobulėjome stenogramos sudaryme ir tai prideda pasitikėjimo savo jėgomis. Dabar galime labai greitai važiuoti nežinomais keliais, o tai bus svarbu Europos čempionate“,- sėkmingą pasirodymą reziumavo Ramūnas.

Šiaurės Europos ralio čempionai, lietuviai „WELLMAN Rally Team“ su Martynu Samuičiu ir Ramūnu Šaučikovu priešaky, numatę dalyvauti keliuose šių metų Europos ralio čempionato etapuose.","Šeštadienį Latvijoje vykusiame tradiciniame ralyje „Gulbis“, Martyno Samuičio ir Ramūno Šaučikovo ekipažas („Mitsubishi Lancer Evo X“) džiaugėsi antra vieta bendroje ralio į...",mal,15min,15Min,fake news,c6c22a83-bd86-4ab9-b6dd-a09f04144d09,article,MassiveSum
https://www.madhyamam.com/local-news/thrissur/2018/may/24/490551,,ഇന്ധന വില വര്‍ധനവിൽ പ്രതിഷേധം,,"തൃശൂര്‍: ഇന്ധന വില ദിനേന വർധിപ്പിക്കുന്നതിനെതിരെ ജനകീയ പ്രതിഷേധത്തിന് വെൽഫെയർ പാർട്ടി ജില്ല എക്സിക്യൂട്ടിവ് ആഹ്വാനം ചെയ്തു. കര്‍ണാടക തെരഞ്ഞെടുപ്പിൽ ജനാധിപത്യത്തെ തൂക്കിലേറ്റി അധികാരം പിടിക്കാന്‍ ശ്രമിച്ച് പരാജയപ്പെട്ടതി​െൻറ ജാള്യത മറക്കാന്‍ ജനങ്ങളെ പ്രഹരിക്കുകയാണ് കേന്ദ്ര സര്‍ക്കാര്‍ ചെയ്യുന്നത്. ജനങ്ങളെ കൊള്ളയടിച്ച് കൊള്ളലാഭം നേടാന്‍ എണ്ണക്കമ്പനികളും നികുതി നിരക്കുകള്‍ കുറക്കാതെ വലിയ വരുമാനം നേടാന്‍ കേന്ദ്ര, സംസ്ഥാന സര്‍ക്കാറുകളും മത്സരിക്കുകയാണ്. ഈ പകൽക്കൊള്ളയില്‍ സാധാരണക്കാർ നട്ടം തിരിയുന്നു. പ്രസിഡൻറ് എം.കെ. അസ്ലം അധ്യക്ഷത വഹിച്ചു. ജനറല്‍ സെക്രട്ടറി ഉഷാകുമാരി റിപ്പോര്‍ട്ട് അവതരിപ്പിച്ചു. കെ.ജി. മോഹനന്‍, ടി.എം. കുഞ്ഞിപ്പ, ഹംസ എളനാട് എന്നിവര്‍ സംസാരിച്ചു.",തൃശൂര്‍: ഇന്ധന വില ദിനേന വർധിപ്പിക്കുന്നതിനെതിരെ ജനകീയ പ്രതിഷേധത്തിന് വെൽഫെയർ പാർട്ടി ജില്ല എക്സിക്യൂട്ടിവ് ആഹ്വാനം ചെയ്തു. കര്‍ണാടക തെരഞ്ഞെടുപ്പിൽ ജനാധിപത്യത്തെ തൂക്കിലേറ്റി അധികാരം പിടിക്കാന്‍...,mal,madhyamam,Madhyamam,fake news,df544ef6-eb9e-4b11-b408-7f629acfea7e,article,MassiveSum
https://www.madhyamam.com/local-news/malappuram/2018/may/11/483084,,വാർഷിക പൊതുയോഗം | Madhyamam,,"കല്ലടിക്കോട്: തച്ചമ്പാറ ദേശീയ ഗ്രന്ഥശാലയുടെ മണ്ണാർക്കാട് താലൂക്ക് ലൈബ്രറി കൗൺസിൽ പ്രസിഡൻറ് എം. ഉണ്ണികൃഷ്ണൻ ഉദ്ഘാടനം ചെയ്തു. ഗ്രന്ഥശാല പ്രസിഡൻറ് എം.എൻ. രാമകൃഷ്ണപിള്ള അധ്യക്ഷത വഹിച്ചു. കോട്ടയം പുഷ്പനാഥി​െൻറ മരണത്തിൽ യോഗം അനുശോചിച്ചു. ചന്ദ്രൻ തച്ചമ്പാറ പ്രവർത്തന റിപ്പോർട്ടും കണക്കും അവതരിപ്പിച്ചു. കെ.വി. ചാക്കോ, കെ. അയ്യപ്പൻകുട്ടി, ഏ.ജെ. ഗ്രേസി, വി. പത്മനാഭൻ, ഒ. നൗഷാദ്, വി.ഇ. ജോൺ, കെ. ഹരിദാസൻ, വി. നന്ദകുമാർ എന്നിവർ ചർച്ചയിൽ പങ്കെടുത്തു. എം. രാജഗോപാലൻ സ്വാഗതവും വി. ഉണ്ണികൃഷ്ണൻ നന്ദിയും പറഞ്ഞു.",കല്ലടിക്കോട്: തച്ചമ്പാറ ദേശീയ ഗ്രന്ഥശാലയുടെ  മണ്ണാർക്കാട് താലൂക്ക് ലൈബ്രറി കൗൺസിൽ പ്രസിഡൻറ് എം. ഉണ്ണികൃഷ്ണൻ ഉദ്ഘാടനം ചെയ്തു. ഗ്രന്ഥശാല പ്രസിഡൻറ് എം.എൻ. രാമകൃഷ്ണപിള്ള അധ്യക്ഷത വഹിച്ചു. കോട്ടയം...,mal,madhyamam,Madhyamam,fake news,711e123a-98b7-4546-a220-ac26653f41ab,article,MassiveSum
https://www.madhyamam.com/local-news/kannur/566649,,പൊലീസ് സ്മൃതിദിനാചരണം,,"ചെറുപുഴ: പൊലീസ് സ്മൃതിദിനത്തോടനുബന്ധിച്ച് ചെറുപുഴയിൽ കൂട്ടയോട്ടം സംഘടിപ്പിച്ചു. ചെറുപുഴ എസ്.ഐ എം.എൻ. ബിജോയി ഉദ്ഘാടനം ചെയ്തു. പൊലീസ് ഉദ്യോഗസ്ഥർ, സ്റ്റുഡൻറ് പൊലീസ് കാഡറ്റുകൾ എന്നിവരുടെ നേതൃത്വത്തിൽ നടന്ന കൂട്ടയോട്ടം ടൗൺ ചുറ്റി പൊലീസ് സ്റ്റേഷനിൽ സമാപിച്ചു. തുടർന്ന് ലഹരിവിരുദ്ധ ക്ലാസും ക്വിസ് മത്സരവും നടന്നു. ഹെൽത്ത് ഇൻസ്പെക്ടർ ടി.വി. കൃഷ്ണൻ ക്ലാസെടുത്തു. സിവിൽ പൊലീസ് ഓഫിസർമാരായ സന്തോഷ്കുമാർ, സി. തമ്പാൻ, വിനോദ്, പ്രകാശൻ, ഹേമന്ത്, ഭാസ്കരൻ, ശ്രീകാന്ത്, രമേശൻ എന്നിവർ നേതൃത്വം നൽകി.","ചെറുപുഴ: പൊലീസ് സ്മൃതിദിനത്തോടനുബന്ധിച്ച് ചെറുപുഴയിൽ കൂട്ടയോട്ടം സംഘടിപ്പിച്ചു. ചെറുപുഴ എസ്.ഐ എം.എൻ. ബിജോയി ഉദ്ഘാടനം ചെയ്തു. പൊലീസ് ഉദ്യോഗസ്ഥർ, സ്റ്റുഡൻറ് പൊലീസ് കാഡറ്റുകൾ എന്നിവരുടെ നേതൃത്വത്തിൽ...",mal,madhyamam,Madhyamam,fake news,7d821e1b-8af8-46a8-9e3a-d453a7053331,article,MassiveSum
https://www.madhyamam.com/india/american-center-kolkata-also-shuts-down-india-news/2018/jan/23/417292,https://www.madhyamam.com/india/american-center-kolkata-also-shuts-down-india-news/2018/jan/23/417292,കൊൽക്കത്തയിലെ അമേരിക്കൻ സെൻറർ പൂട്ടി,,"കൊ​ൽ​ക്ക​ത്ത: യു.​എ​സി​ലെ താ​ൽ​ക്കാ​ലി​ക സാ​മ്പ​ത്തി​ക​പ്ര​തി​സ​ന്ധി​യെ തു​ട​ർ​ന്ന്​ പ​ശ്ചി​മ ബം​ഗാ​ൾ ത​ല​സ്​​ഥാ​ന​മാ​യ കൊ​ൽ​ക്ക​ത്ത​യി​ലെ അ​മേ​രി​ക്ക​ൻ സ​​െൻറ​റും ഗ്ര​ന്​​ഥ​ശാ​ല​യും അ​നി​ശ്ചി​ത​കാ​ല​ത്തേ​ക്ക്​ അ​ട​ച്ചു​പൂ​ട്ടി. അ​മേ​രി​ക്ക​ൻ സ​​െൻറ​ർ പു​റ​ത്തി​റ​ക്കി​യ വാ​ർ​ത്ത​കു​റി​പ്പി​ലാ​ണ്​ ഇ​ക്കാ​ര്യ​മ​റി​യി​ച്ച​ത്. അ​തേ​സ​മ​യം, കൊ​ൽ​ക്ക​ത്ത​യി​ലെ കോ​ൺ​സു​ലേ​റ്റ്​ പ​തി​വു​പോ​ലെ പ്ര​വ​ർ​ത്തി​ക്കും. വി​സ സം​ബ​ന്ധി​ച്ച അ​ഭി​മു​ഖ​ത്തി​നും അ​മേ​രി​ക്ക​ൻ പൗ​ര​ന്മാ​ർ​ക്കാ​യു​ള്ള സേ​വ​ന​ങ്ങ​ൾ​ക്കും ബു​ക്ക്​ ചെ​യ്​​തി​രു​ന്ന​വ​ർ നി​ർ​ദി​ഷ്​​ട സ​മ​യ​ത്ത്​ കോ​ൺ​സു​ലേ​റ്റി​ൽ എ​ത്ത​ണ​മെ​ന്ന്​ വാ​ർ​ത്ത കു​റി​പ്പി​ൽ പ​റ​യു​ന്നു. ധ​ന​ബി​ൽ പാ​സാ​ക്കാ​ൻ സെ​ന​റ്റ്​ വി​സ​മ്മ​തി​ച്ച​തി​നെ തു​ട​ർ​ന്ന്​ അ​മേ​രി​ക്ക​യി​ലു​ട​ലെ​ടു​ത്ത പ്ര​തി​സ​ന്ധി ‘ഷ​ട്ട്​​ഡൗ​ൺ’​​​െൻറ ഭാ​ഗ​മാ​യാ​ണ്​ കൊ​ൽ​ക്ക​ത്ത സ​​െൻറ​ർ പൂ​ട്ടു​ന്ന​ത്.",കൊ​ൽ​ക്ക​ത്ത: യു.​എ​സി​ലെ താ​ൽ​ക്കാ​ലി​ക സാ​മ്പ​ത്തി​ക​പ്ര​തി​സ​ന്ധി​യെ തു​ട​ർ​ന്ന്​ പ​ശ്ചി​മ ബം​ഗാ​ൾ ത​ല​സ്​​ഥാ​ന​മാ​യ കൊ​ൽ​ക്ക​ത്ത​യി​ലെ അ​മേ​രി​ക്ക​ൻ സ​​െൻറ​റും ഗ്ര​ന്​​ഥ​ശാ​ല​യും...,mal,madhyamam,Madhyamam,fake news,66485894-65af-4431-824c-46e77793e0c9,article,MassiveSum
https://nra.lv/pasaule/234003-austrijas-galeji-labejie-piedava-izvietot-beglus-koncentracijas-centros.htm,https://nra.lv/pasaule/234003-austrijas-galeji-labejie-piedava-izvietot-beglus-koncentracijas-centros.htm,"Austrijas galēji labējie piedāvā izvietot bēgļus ""koncentrācijas centros""",,"Galēji labējo Brīvības partiju (FPÖ) pārstāvošais Austrijas iekšlietu ministrs Herberts Kikls ceturtdien izpelnījās kritiku par rosinājumu koncentrēt valstī ieradušos patvēruma meklētājus, raisot asociācijas ar nacistu režīma koncentrācijas nometnēm.

Austrijā kopš decembra pie varas ir valdība, kurā ietilpst FPÖ un kanclera Sebastiana Kurca vadītā konservatīvā Tautas partija (ÖVP).

Viņa izteikumi ātri vien izraisīja asu kritiku. Imigrantus atbalstošās labdarības organizācijas ""SOS Mitmensch"" vadītājs Aleksandrs Polaks ministra teikto nosauca par ""tīšu provokāciju"", bet kreiso aprindu esejists Roberts Miziks paziņoja, ka ar šādu piedāvājumu ir ""šķērsota Rubikona"".

Austrijā opozīcijā esošie ""zaļie"" savukārt iestājās pret ""nacionālsociālisma valodas iespiešanos mūsu domāšanā un sajūtās"", bet opozīcijas liberālā partija ""Jaunā Austrija"" (NEOS) tikmēr uzsvēra, ka Kiklam ir jāatvainojas par savu ""tīšo provokāciju"".

Kikls, kurš iekšlietu ministra amatā atrodas kopš decembra, uzsvēra, ka nav ""plānojis nevienu provocēt"".

FPÖ līderis un Austrijas vicekanclers Heincs Kristiāns Štrahe šomēnes jau izpelnījās kritiku par rosinājumu patvēruma meklētājus turēt tukšās armijas kazarmās un katru vakaru tiem noteikt komandanta stundu.

Vīnes ebreju organizācija ""Israelitischen Kultusgemeinde"" (IKG) trešdien paziņoja, ka turpinās izvairīties no jebkādiem kontaktiem ar FPÖ, tostarp partiju pārstāvošajiem valdības ministriem.

Pagājušā gadsimta piecdesmitajos gados FPÖ dibināja bijušie nacisti, bet partijas bijušais līderis Jergs Haiders savulaik pozitīvi izteicās par nacistiskās Vācijas vadoņa Ādolfa Hitlera nodarbinātības politiku.","Galēji labējo Brīvības partiju (FPÖ) pārstāvošais Austrijas iekšlietu ministrs Herberts Kikls ceturtdien izpelnījās kritiku par rosinājumu koncentrēt valstī ieradušos patvēruma meklētājus, raisot asociācijas ar nacistu režīma koncentrācijas nometnēm.",mal,nra,NRA,fake news,47d19e33-42ea-4d37-8a15-418fcdf57dab,article,MassiveSum
https://www.15min.lt/gyvenimas/naujiena/laisvalaikis/deals-on-wheels-koki-automobili-rinktis-jeigu-norite-kraustytis-i-kaima-1038-1373744,https://www.15min.lt/gyvenimas/naujiena/laisvalaikis/deals-on-wheels-koki-automobili-rinktis-jeigu-norite-kraustytis-i-kaima-1038-1373744,"„Deals on Wheels“: kokį automobilį rinktis, jeigu norite kraustytis į kaimą?",,"Kadangi visuomet reikia turėti atskaitos tašką, tarkime, Tauragnai, Utenos rajonas, šalia nuostabaus, ežerais apdovanoto Aukštaitijos regioninio parko. Lietuvos mastu – tai gana kalnuotas regionas. Nors pagrindiniai keliai asfaltuoti, žvyrkelių vis dar nemažai. Daugybė miško keliukų, norintiems privažiuoti prie ežero, ir dideli laukai aplink, leidžiantys jaustis ypač laisvam. Negi neskamba tobulai?

Jei esate kaime gyvenantis verslininkas(-ė), neauginate gyvulių, neariate laukų ir gyvenate ten tik todėl, kad jums nepatinka miesto triukšmas ir smogas, tikėtina, kad prabangus SUV jums bus pats tas. Kieme daug vietos – tilps. Ilgose kelionėse bus patogu ir komfortiška važiuoti. O miško keliukuose puikiai pasitarnaus 4 varomi ratai.

Jei galite sau leisti premium – „Audi Q8“ ar „BMW X5“, – tai galėtų būti net labai tinkamas bendražygis. Na, o kalbant apie dievobaimingesnes mėnesines įmokas, „Seat Tarraco“, „VW Tiguan“ ar „Toyota RAV4“ turėtų patekti į jūsų bandomųjų automobilių sąrašą. Nepamirškite komplektacijoje pažymėti varnelės prie AWD skilties. Kitaip tas didelis laukas jokio laisvės pojūčio nesuteiks. Atvirkščiai – tik ilgiau traliuko lauksite vidury dirvos ir dar brangiau už jį mokėsite.

Dar gali būti, kad jūs ūkininkas(-ė). Nepaisant to, ar turite skerdyklą, ar tūkstančius hektarų žemės, kurioje kažką sėjate, tokį gyvenimo būdą pasirinkusiems be pikapo kėbulo gali būti sunku. Na, gal sunkiau. Niekada juk negali žinoti, kada kokią karvę ar padargą reiks į bagažinę įsimesti. Ir tenka tada važiuoti pasiimti priekabos, grįžti ir taip toliau. Laikas juk pinigai. O čia – viens, du, karvutę užmetei ir toliau link namų judi. Jei ūkyje sunkesni laikai, o automobilio vis tiek reikia, pagrindiniai pasirinkimai, stipriai netuštinantys piniginės turinio, galėtų būti „Toyota Hilux“ arba „Ford Ranger“. Jei ūkis gyvuoja stabiliai, rinkčiausi „VW Amarok“. Man ypač patiko šio automobilio komfortas užmiesčio kelyje. Ir, žinoma, jei jūsų ūkis paskutiniu metu rodo 1000 proc. augimą, užmeskite akį ir į „Mercedes X-Class“.

Na, ir yra dar viena kaimo gyventojų grupė, kuriai labai meilų pavadinimą sugalvojo mano uošvis: „Veganai projektų vadovai, kurie dirba su projektais, apie kuriuos niekas nieko nežino, o savo žmonoms perka hibridinius „Toyota Yaris“. Aš gal pavadinsiu kiek švelniau: ekologiją mėgstantys hipsteriai. Tokiu atveju pasirinkimas kardinaliai skiriasi. Prie ežero jūs eisite, o ne važiuosite, kad galėtumėte pasimėgauti paukščių skleidžiamais garsais ir susitapatinti su motule žeme. Po laukus, ieškodami laisvės, lakstysite basomis ir plika krūtine, tad šitas momentas taip pat atkrenta. Tokiu atveju, iš esmės, ir autobusą reiktų rinktis vietoj automobilio, tačiau jei jau sugalvojote paišdykauti, rinkitės elektrą. Bent patekęs į jūsų rankas automobilis gamtos nebeterš. Tik kol jį gamins.

Varguoliui hipsteriui geriausias finansinis sprendimas bus „VW UP“! Mažas, pigus ir dar kompensaciją bus galima gauti utilizavus savo seną, dyzelinį „Golf 3“. Viduriniosios klasės hipsteriui į akį galėtų įkristi „Hyundai KONA“, kuri švelniai kandžiojasi savo kaina, tačiau bus didesnis ir patogesnis sprendimas kelionėms. Na, o susitvarkę savo gyvenimą hipsteriai gali kreiptis į DOW dėl naujos „Teslos“ pirkimo jau šiandien!","Tiek mes patys, kaip „Deals on Wheels“, tiek didelė dalis žiniasklaidos priemonių skiria daug dėmesio žmonėms, gyvenantiems mieste. Tačiau tendencijos tokios, kad migracija į...",mal,15min,15Min,fake news,9c73d90b-f755-4209-9a82-77cf9b170020,article,MassiveSum
https://lao.voanews.com/a/syria-5-february-2012-138738169/1203722.html,https://lao.voanews.com/a/syria-5-february-2012-138738169/1203722.html,ຣັດເຊຍແລະຈີນ ຍັບຍັ້ງຮ່າງຍັດຕິ ສປຊ ວ່າດ້ວຍຊີເຣຍ (ເບິ່ງວີດີໂອ),,"ການ​ໃຊ້​ສິດ​ຍັບ​ຍັ້ງໂດຍຣັດ​ເຊຍ​ແລະ​ຈີນ​ຕໍ່​ຮ່າ​ງຍັດຕິ​ສະບັບ​ນຶ່ງຂອງ​ສະພາ​ຄວາມ​ໜັ້ນຄົງ​ສະຫະ​ປະຊາ​ຊາດ​ກ່ຽວ​ກັບ​ຊີ​ເຣຍ ທີ່ປະນາມການ​ປາບ​ປາມ​ຂອງ​ປະທານາທິບໍດີ Bashar al-Assad ຕໍ່ປະຊາຊົນ​ຂອງ​ທ່ານ​ແລະ​ຮຽກຮ້ອງ​ໃຫ້​ທ່ານ​ລາ​ອອກ​ຈາກ​ຕໍາ​ແໜ່​ງນັ້ນ ​ໄດ້​ຮັບ​ຄວາມ​ໂກດແຄ້ນ​ຢ່າງ​ຮ້າຍ​ກາດ​ຈາກ​ທົ່ວ​ໂລກ.

ທ່ານ​ພັນ​ກີ​ມູນ ​ເລຂາທິການ​ໃຫຍ່​ສະຫະ​ປະຊາ​ຊາດ​ໄດ້​ປະນາມ​ຄວາມ​ລົ້ມ​ແຫລວ​ໃນ​ການ​ບໍ່​ຮັບ​ຜ່ານ​ຮ່າງ​ຍັດຕິ​ສະ​ບັບນີ້ ​ໂດຍ​ກ່າວ​ວ່າ ສະພາຄວາມ​ໝັ້ນ​ຄັງ​ໄດ້​ສູນ​ເສຍ​ໂອກາດ​ໃນ​ການ​ເຄື່ອນ​ໄຫວ​ຮ່ວມ​ກັນ​ຄັ້ງ​ນີ້​ເພື່ອຊ່ອຍຍຸດຕິວິ​ກິດ​ການ​ດັ່ງກ່າວ. 13 ປະ​ເທດ​ສະມາຊິກ​ອື່ນໆ​ຂອງ​ສະພາ​ຄວາມ​ໜັ້ນຄົງ​ເຫັນ​ດີ​ນໍາ​ຮ່າງ​ຍັດຕິ​ດັ່ງກ່າວ ຮວມທັງ​ສະຫະລັດ ຝຣັ່ງ ແລະ​ເຢຍຣະມັນ.

ນາຍົກລັດຖະມົນຕີຕູນີ​ເຊຍ​ກ່າວ​ໃນ​ວັນ​ອາທິດ​ມື້​ນີ້​ວ່າ ປະ​ເທດ​ຂອງ​ທ່ານ​ຈະ​ຕັດ​ສາຍ​ພົວພັນ​ກັບ​ຊີ​ເຣຍ. ທ່ານ Hamadi Jebali ກ່າວ​ວ່າ ຕູ​ນີ​ເຊຍ​ເນລະ​ເທດ​ເອກ​ອັກຄະ​ລັດຖະທູດ​ຊີ​ເຣຍປະ​ຈໍາ​ປະ​ເທດ​ຂອງ​ຕົນ ​ແລະທ່ານ​ຮຽກຮ້ອງ​ໄປ​ຍັງ​ພວກ​ປະ​ເທດອາຣັບອື່ນໆ​ໃຫ້​ດໍາ​ເນີນ​ການໃນ​ທໍານອງ​ດຽວ​ກັນ.

ຫລັງ​ຈາກ​ສະພາ​ຄວາມ​ໝັ້ນ​ຄົງ​ລົງມະຕິ​ກັນ​ໃນ​ວັນ​ເສົາ​ວານ​ນີ້​ແລ້ວ ທ່ານນາງ Susan Rice ​ໄດ້​ສະ​ແດງ​ຄວາມ​ຜິດ​ຫວັງ​ຂອງ​ກຸງ​ວໍ​ຊິງ​ຕັນ​ອອກ​ມາ ກ່ຽວ​ກັບ​ການ​ໃຊ້​ສິດ​ຍັບ​ຍັ້ງ​ຂອງຣັດ​ເຊຍ​ແລະ​ຈີນ. ​ເຖິງ​ຢ່າງ​ໃດ​ກໍ​ດີທ່ານ​ນາງ​ກ່າວ​ຕໍ່​ໄປ​ວ່າ ສະຫະລັດ​ຈະ​ບໍ່​ຍິນ​ຍອມ​ກ່ຽວ​ກັບ​ເລື້ອງ​ຊີ​ເຣຍນີ້.

ເອກ​ອັກຄະ​ລັດຖະທູດ​ອັງກິດ​ປະ​ຈໍາ​ສະຫະ​ປະຊາ​ຊາດ ທ່ານ Mark Lyall Grant ກ່າວ​ວ່າ ຣັດ​ເຊຍ​ແລະ​ຈີນ​ໄດ້​ຫັນ​ຫລັງ​ໃສ່​ໂລກ​ອາຣັບ ​ໂດຍ​ສະໜັບສະໜຸນ​ລະ​ບົບຜະເດັດ​ການ.

ທ່ານ Bashar Ja’afari ​ເອກ​ອັກຄະ​ລັດຖະທູດ​ຊີ​ເຣຍປະ​ຈໍາ​ສະຫະປະຊາ​ຊາດ​ກ່າວ​ຫາ​ພວກ​ສະມາຊິກ​ຂອງ​ສະຫະ​ປະຊາ​ຊາດ​ວ່າ​ໃຫ້ການ​ສະໜັບສະໜຸນ​ອັນ​ທີ່ທ່ານ​ເອີ້ນ​ວ່າ ‘ພວກ​ກໍ່​ການ​ຮ້າຍ​ປະກອບ​ອາວຸດ​ນັ້ນ”.

ເອກ​ອັກຄະ​ລັດຖະທູດ​ຈີນ ທ່ານ Wang Min ສະໜັບສະໜຸນ​ທ່າ​ທີ​ຂອງ​ກຸງ​ມອສກູ ກ່ຽວ​ກັບ​ຮ່າງ​ຍັດຕິ​ດັ່ງກ່າວ ​ແລະ​ຮຽກຮ້ອງ​ໃຫ້​ທໍາ​ການ​ໂອ້​ລົມ​ສົນທະນາ​ກັນ​ອີກ​ກ່ຽວ​ກັບ​ພາກສ່ວນ​ທີ່​ແຕກ​ແຍກ​ກັນ​ຢູ​ໃນ​ຮ່າງ​ຍັດຕິ​ນັ້ນ.","ທົ່ວໂລກສະແດງຄວາມໂກດແຄ້ນ ທີ່
ຣັດເຊຍແລະຈີນ ໃຊ້ສິດຍັບຍັ້ງຮ່າງຍັດຕິ
ຂອງສະຫະປະຊາດ ທີ່ປະນາມຊີເຣຍ.",mal,voanews,VOA News,fake news,506c5b1a-c529-4065-9a4d-8534f6707cd1,article,MassiveSum
https://www.madhyamam.com/local-news/bangalore/auto-expo-2016/680054,https://www.madhyamam.com/local-news/bangalore/auto-expo-2016/680054,ലോക്ഡൗണ്‍ നീട്ടിയാല്‍ പാഠഭാഗങ്ങള്‍ വെട്ടിക്കുറക്കും,,"ബംഗളൂരു: ലോക്ഡൗണ്‍ നീട്ടിയാല്‍ വരുന്ന അധ്യയനവര്‍ഷം പാഠ്യപദ്ധതിയിലെ ചില ഭാഗങ്ങള്‍ ഒഴിവാക്കുമെന്ന് വിദ്യാഭ്യാസവകുപ്പ്. പ്രധാന്യം കുറവുള്ളതും ഒഴിവാക്കാന്‍ പറ്റുന്നതുമായ പാഠഭാഗങ്ങള്‍ ഏതൊക്കെയെന്ന് കണ്ടെത്താന്‍ വിദ്യാഭ്യാസവകുപ്പ് ഉദ്യോഗസ്ഥര്‍ക്ക് വിദ്യാഭ്യാസമന്ത്രി സുരേഷ് കുമാര്‍ നിര്‍ദേശം നല്‍കിയിട്ടുണ്ട്. ആറു മുതല്‍ 10 വരെയുള്ള ക്ലാസുകളില്‍ കോവിഡിനെ കുറിച്ച് പ്രത്യേക സെഷന്‍ ഉള്‍പ്പെടുത്താനും വിദ്യാഭ്യാസവകുപ്പ് തീരുമാനിച്ചിട്ടുണ്ട്. സര്‍ക്കാറിൻെറ നിയന്ത്രണത്തിലുള്ള എല്ലാ സ്‌കൂളുകളിലും ആറു മുതല്‍ 10 വരെ ക്ലാസുകളില്‍ കോവിഡ് പോലുള്ള അസുഖങ്ങളെ കുറിച്ച് ക്ലാസുകളുണ്ടാകുമെന്നും അധ്യയനവര്‍ഷാവസാനം ഇതേക്കുറിച്ച് പരീക്ഷയുണ്ടാകുമെന്നും മന്ത്രി സുരേഷ് കുമാര്‍ പറഞ്ഞു. ഇതിനായി അധ്യാപകര്‍ക്ക് പ്രത്യേക പരിശീലനം നല്‍കുമെന്നും മന്ത്രി വ്യക്തമാക്കി. ലോക്ഡൗണ്‍ മേയ് 17ന് പിന്‍വലിച്ചാല്‍ ജൂണില്‍ അധ്യയനവര്‍ഷം ആരംഭിക്കുമെന്നും വിദ്യാഭ്യാസവകുപ്പ് വ്യക്തമാക്കിയിട്ടുണ്ട്. ഡൽഹിയിൽനിന്നും ബംഗളൂരുവിലേക്ക് ട്രെയിൻ ബംഗളൂരു: വടക്കൻ സംസ്ഥാനങ്ങളിൽ കുടുങ്ങിക്കിടക്കുന്ന കന്നടിഗരെ തിരികെ സംസ്ഥാനത്ത് എത്തിക്കാൻ പ്രത്യേക ട്രെയിൻ അനുവദിച്ചതായി കേന്ദ്ര മന്ത്രി ഡി.വി. സദാനന്ദ ഗൗഡ അറിയിച്ചു. ഡൽഹിയിൽനിന്നും ബംഗളൂരുവിലേക്കാണ് പ്രത്യേക ട്രെയിൻ സർവിസ് നടത്തുക. കേന്ദ്ര റെയിൽവേ മന്ത്രി പിയൂഷ് േഗായലുമായി ഇതുസംബന്ധിച്ച് സദാനന്ദ ഗൗഡ ചർച്ച നടത്തിയിരുന്നു. ഹരിയാന, പഞ്ചാബ്, മറ്റു വടക്കൻ സംസ്ഥാനങ്ങൾ എന്നിവിടങ്ങളിൽ കുടുങ്ങിയവരെയായിരിക്കും ഈ ട്രെയിനിൽ കൊണ്ടുവരിക. മറ്റു സംസ്ഥാനങ്ങളിൽനിന്നും ഇവരെ ഡൽഹിയിലെത്തിക്കാൻ അതത് സംസ്ഥാനത്തെ ബന്ധപ്പെട്ട ഉദ്യോഗസ്ഥരുമായി സംസാരിച്ചിട്ടുണ്ടെന്നും കേന്ദ്രമന്ത്രി അറിയിച്ചു. വിദേശത്തുനിന്ന് കന്നഡിഗരെ സുരക്ഷിതമായി നാട്ടിലെത്തിക്കാന്‍ വിമാനങ്ങള്‍ അനുവദിക്കുന്നതുമായി ബന്ധപ്പെട്ട് വിദേശകാര്യമന്ത്രി ജയശങ്കറുമായി ആശയ വിനിമയം നടത്തിയെന്നും കേന്ദ്രമന്ത്രി പറഞ്ഞു. ബാറുകൾക്ക് താൽകാലിക അനുമതി നൽകിയേക്കും ബംഗളൂരു: മദ്യവിൽപന ശാലകൾ തുറന്നതിന് പിന്നാലെ സംസ്ഥാനത്തെ ബാറുകളും ബാർ റസ്റ്റാറൻറുകളും തുറക്കാൻ ഒരുങ്ങുന്നു. കാലാവധി തീരുന്നതിന് മുമ്പ് പഴയ സ്റ്റോക്ക് മദ്യവും വൈനും ബിയറും വിറ്റുതീർക്കുന്നതിനായാണ് താൽകാലികമായി ബാറുകൾക്ക് പ്രവർത്തനാനുമതി നൽകുന്നത്. ഇതുസംബന്ധിച്ച് ബാർ ഉടമകളുടെ ആവശ്യം പരിഗണനയിലാണെന്നും ഇരുന്നു കഴിക്കാനുള്ള സംവിധാനം ഇല്ലാതെ മദ്യം വിൽക്കാനായിരിക്കും അനുവദിക്കുകയെന്നും എക്സൈസ് വകുപ്പ് ഉദ്യോഗസ്ഥർ പറഞ്ഞു. നിലവിലുള്ള മദ്യം വിൽക്കാൻ മാത്രമെ ബാറുകൾക്കും ബാർ റസ്റ്റാറൻറുകൾക്കും അനുമതി ഉണ്ടാകുകയുള്ളൂ. പുതിയ സ്റ്റോക്ക് നൽകില്ലെന്നും ഉദ്യോഗസ്ഥർ അറിയിച്ചു. എന്നാല്‍, താൽകാലിക അനുമതിയല്ല വേണ്ടതെന്നും സ്ഥിരമായി തുറന്നു പ്രവര്‍ത്തിക്കാന്‍ അനുവദിക്കണമെന്നും കര്‍ണാടക ഫെഡറേഷന്‍ ഓഫ് വൈന്‍ മര്‍ച്ചൻറ്സ് അസോസിയേഷന്‍ ആവശ്യപ്പെട്ടു. എങ്കില്‍ മാത്രമെ വരുമാന നഷ്ടം കുറക്കാന്‍ സാധിക്കുകയുള്ളൂ. ഈ മേഖല നേരിടുന്ന പ്രശ്‌നങ്ങള്‍ ചൂണ്ടിക്കാണിച്ച് പ്രധാനമന്ത്രി നരേന്ദ്രമോദിക്കും സംസ്ഥാന സര്‍ക്കാറിനും നിവേദനം നല്‍കിയതായും ഫെഡറേഷന്‍ ഭാരവാഹികള്‍ പറഞ്ഞു. ലോക്ഡൗണിൽ ഇളവ് നൽകിയതിനുശേഷം കഴിഞ്ഞ നാലു ദിവസത്തിനിടെ മദ്യവിൽപന ശാലകളിലൂടെ സംസ്ഥാനത്ത് 700 കോടിയുടെ റെക്കോഡ് മദ്യവിൽപനയാണ് നടന്നത്. വിദേശത്തുള്ള കർണാടക സ്വദേശികൾ എത്തുന്നത് വൈകും -ലണ്ടനിൽനിന്നുള്ള ആദ്യസംഘമെത്തുക മേയ് 11ന് ബംഗളൂരു: വിദേശ രാജ്യങ്ങളിൽ കുടുങ്ങിയ കർണാടക സ്വദേശികൾ തിരിച്ചെത്താൻ ഇനിയും കാത്തിരിക്കണം. ആദ്യ ഘട്ടത്തിൽ 10,823 പേരാണ് കർണാടകയിൽ എത്തുമെന്ന് അറിയിച്ചിരുന്നത്. വെള്ളിയാഴ്ച മുതൽ ഇവർ എത്തുമെന്നാണ് കേന്ദ്രം അറിയിച്ചതെങ്കിലും ഇപ്പോൾ കർണാടകക്ക് പുതിയ ഷെഡ്യൂളാണ് നൽകിയിരിക്കുന്നത്. പുതിയ ഷെഡ്യൂൾ പ്രകാരം മേയ് 11ന് ലണ്ടനിൽനിന്നായിരിക്കും ആദ്യ വിമാനം ബംഗളൂരുവിലെത്തുക. വിദേശത്തുനിന്നും എത്തുന്നവരെ പരിശോധിച്ച് നിരീക്ഷണത്തിലാക്കാനുള്ള എല്ലാ സംവിധാനവും ഒരുക്കിയിട്ടുണ്ടെന്നും ബംഗളൂരു, മംഗളൂരു വിമാനത്താവളങ്ങൾ വഴിയും കാർവാർ, മംഗളൂരു തുറമുഖങ്ങൾ വഴിയുമായിരിക്കും വിദേശത്തുനിന്നുള്ള കർണാടക സ്വദേശികൾ എത്തുക. ലണ്ടനിൽനിന്നും 340 പേരുമായി എയർഇന്ത്യ വിമാനമായിരിക്കും മേയ് 11ന് ഡൽഹി വഴി ബംഗളൂരുവിലെത്തുക. മേയ് 11ന് പുലർച്ച മൂന്നിനായിരിക്കും യാത്രക്കാർ എത്തുക. തുടർന്ന് ഇവരെ 14 ദിവസം നിരീക്ഷണത്തിലാക്കും. ഇതിനുശേഷം 800ഒാളം പേരായിരിക്കും വിവിധ വിദേശ രാജ്യങ്ങളിൽനിന്നായി കർണാടകയിലെത്തുക. സാൻ ഫ്രാൻസിസ്കോ, സിംഗപ്പൂർ എന്നിവിടങ്ങളിൽനിന്നുള്ള വിമാനങ്ങളും ബംഗളൂരുവിലെത്തും. മേയ് 10ന് പുലർച്ച 2.45നായിരിക്കും ഡൽഹിയിൽനിന്നും എയർ ഇന്ത്യ വിമാനം ലണ്ടനിലേക്ക് പോവുക. തിരിച്ച് അന്നേ ദിവസം രാത്രി 10.50ന് യാത്രക്കാരുമായി വിമാനം ഡൽഹിയിലെത്തും. ഡൽഹിയിൽ യാത്രക്കാരെ ഇറക്കിയശേഷം പുലർച്ച ബംഗളൂരുവിലേക്ക് പുറപ്പെടും.",ബംഗളൂരു: ലോക്ഡൗണ്‍ നീട്ടിയാല്‍ വരുന്ന അധ്യയനവര്‍ഷം പാഠ്യപദ്ധതിയിലെ ചില ഭാഗങ്ങള്‍ ഒഴിവാക്കുമെന്ന് വിദ്യാഭ്യാസവകുപ്പ്. പ്രധാന്യം കുറവുള്ളതും ഒഴിവാക്കാന്‍ പറ്റുന്നതുമായ പാഠഭാഗങ്ങള്‍ ഏതൊക്കെയെന്ന്...,mal,madhyamam,Madhyamam,fake news,1fcd9fd4-4fc3-48e5-8318-97d04597324d,article,MassiveSum
https://lao.voanews.com/a/laos-central-bank-inflation-08-24-2010-101366869/1195944.html,https://lao.voanews.com/a/laos-central-bank-inflation-08-24-2010-101366869/1195944.html,ທະນາຄານແຫ່ງຊາດລາວ ວາງມາດຕະການຄວບຄຸມ ເງິນເຟີ້,,"ເຈົ້າໜ້າ​ທີ່​ຂັ້ນ​ສູງ​ໃນ​ທະນາຄານ​ແຫ່ງ​ຊາດ​ລາວ​ ໄດ້​ໃຫ້ການ​ຢືນຢັນ​ວ່າ ທະນາຄານ​ແຫ່ງ​ຊາດ​ລາວ​ໄດ້​ກໍາໜົດ​ເປົ້າ ໝາຍ​ທີ່​ຈະ​ຄວບ​ຄຸມ​ອັດຕາ​ເງິນ​ເຟີ້​ໃນ​ຕະຫລອດ​ປີ 2010 ນີ້​ໃຫ້​ຢູ່​ໃນ​ລະ​ດັບ​ບໍ່​ເກີນ 5% ​ເມື່ອ​ທຽບກັບ​ປີ 2009 ທີ່​ຜ່ານ​ມາ ຊຶ່ງ​ການ​ທີ່​ຈະ​ເຮັດ​ໃຫ້​ສາມາດ​ບັນລຸ​ເປົ້າໝາຍ​ດັ່ງກ່າວ​ໄດ້​ນັ້ນ ກໍ​ຈໍາ​ເປັນ​ຢ່າງ​ຍິ່ງ ​ທີ່​ຈະ​ຕ້ອງ​ດໍາ​ເນີນ​ມາດ​ຕະການ​ຢ່າງ​ເຂັ້ມ​ງວດ ​ເຂົ້າ​ໃນ​ການ​ຈໍາກັດ​ການ​ເຕີບ​ໂຕ​ຂອງ​ປະລິມານ​ເງິນ​ທຶນ​ໝຸນ​ວຽນ ​ໃນ​ລະບົບ​ເສດຖະກິດຂອງ​ລາວ​ທັງ​ປະ​ເທດ​ ໃຫ້​ມີ​ການ​ຂະຫຍາຍຕົວ​ເພີ່ມ​ຂຶ້ນບໍ່​ເກີນ 10%.

ທັງ​ນີ້​ກໍ​ເນຶ່ອງຈາກ​ວ່າ ​ຖ້າ​ຫາກ​ປະລິມານ​ເງິນ​ທຶນ​ໝຸນ​ວຽນ​ໃນ​ລະບົບ​ເສດຖະກິດ​ຂອງ​ລາວ ​ມີ​ກາ​ນຂະ​ຫຍາ​ຍຕົວ​ສູງ​ເກີນ​ກວ່າ​ລະດັບ 10% ​ເມື່ອ​ທຽບ​ໃສ່​ກັບ​ປີ 2009 ທີ​ຜ່ານ​ມາ​ນັ້ນ ກໍ​ຈະ​ເຮັດ​ໃຫ້​ມີ​ປະລິມານ​ເງິນ​ທຶນ​ທີ່​ໝຸນ​ວຽນ​ ຢູ່​ໃນ​ລະບົບ​ເສດຖະກິດ​ຂອງ​ລາວ ​ຫລາຍເກີນ​ຄວາມສາມາດ ໃນການຜະລິດ​ສິນຄ້າ​ທີ່​ເປັນ​ຈິງ ແລະ​ໃນ​ເມື່ອ​ວ່າມີ​ປະ​ລິມານ​ເງິນ​ທຶນ​ໝຸນ​ວຽນ​ ຫລາຍ​ກວ່າ​ ປະລິມານ​ສິນຄ້າ ກໍ​ຈະ​ສົ່ງ​ຜົນ​ກະທົບ​ເຮັດ​ໃຫ້​ສິນຄ້າ​ໃນ​ທ້ອງ​ຕະຫລາດ ​ມີລາຄາແພງ​ຂຶ້ນ ຊຶ່ງ​ກໍ​ຈະ​ເປັນສາ​ເຫດ​ສໍາຄັນ​ທີ່​ເຮັດ​ໃຫ້​ເກີດ​ບັນຫາ​ເງິນ​ເຟີ້​ສູງ​ຂຶ້ນຈົນ​ບໍ່​ສາມາດ​ທີ່​ຈະ ​ຄວບ​ຄຸມ​ໄດ້​ນັ້ນເອງ. ​ແຕ່​ຢ່າງ​ໃດກໍ​ຕາມ ​ເຈົ້າໜ້າ​ທີ່​ຂັ້ນ​ສູງ​ໃນ​ທະນາຄານ​ແຫ່ງ​ຊາດ​ລາວກໍ​ ຍອມຮັບ​ວ່າ​ເປັນ​ການ​ຍາກ​ຫລາຍ ​ທີ່ທະນາຄານ​ແຫ່ງ​ຊາດ​ລາວ​ຈະ​ສາມາດ​ຄວບ​ຄຸມ​ການ​ຂະຫຍາຍ​ຕົວ​ຂອງ​ປະລິມານ​ເງິນ​ທຶນ​ໝຸນ​ວຽນ​ດັ່ງກ່າວ​ນີ້​ໄດ້ ຕາມ​ເປົ້າໝາຍ​ທີ່​ວາງ​ເອົາ​ໄວ້ ​ເນຶ່ອງຈາກ​ວ່າ​ໃນ​ຕະຫລອດ​ປີ 2009 ທີ​ຜ່ານ​ມາ​ກໍ​ປາກົດ​ວ່າ​ ປະລິມານ​ເງິນ​ທຶນ​ໝຸນວຽນ​ໃນ​ລະບົບ​ເສ​ດຖະກິດ​ຂອງ​ລາວ​ໄດ້​ຂະ​ຫຍາ​ຍຕົວ​ເພີ່ມ​ຂຶ້ນ​ເຖິງ 31% ​ເມື່ອ​ທຽບ​ໃສ່​ປີ 2008 ຊຶ່ງ​ສະຖານະ​ການ​ດັ່ງກ່າວນີ້ ນອກຈາກ​ຈະ​ເຮັດ​ໃຫ້​ລະບົບ​ເສ​ດຖະກິດ​ຂອງ​ລາວໃນ​ປີຜ່ານມາ​ ມີ​ປະ​ລິ​ມານ​ເງິນ​ທຶນ​ໝຸນ​ວຽນ ຄິດ​ເປັນ​ມູນ​ຄ່າ​ທັງ​ໝົດ​ເກືອບ 15,176 ຕື້​ກີບ ຫລື​ຫລາຍ​ກວ່າ 1,850 ລ້ານ​ໂດ​ລາ​ແລ້ວ ​ຍັງ​ໄດ້​ສົ່ງ​ຜົນ​ກະທົບ​ຕໍ່​ເນຶ່ອງ ​ເຮັດ​ໃຫ້​ອັດຕາ​ເງິນ​ເຟີ້​ໃນ​ລາວ​ເພີ່ມ​ຂຶ້ນ​ເຖິງ 4.94% ​ໃນ​ຕະຫລອດ​ໄລຍະ 6 ​ເດືອນ​ທີ່​ຜ່ານມາ​ຂອງ​ປີ 2010 ອີກ​ດ້ວຍ.

ຍິ່ງ​ໄປ​ກວ່າ​ນັ້ນ ການ​ທີ່​ກະ​ເສດ​ຕະກອນ​ລາວ​ສາມາດ​ຜະລິດ​ເຂົ້ານາ​ແຊງ​ໃນ​ປີ​ນີ້​ ໄດ້​ຕໍ່າ​ກວ່າ​ເ ປົ້າໝາຍ​ທີ່ວາງ​ໄວ້​ ​ເຖິງ 30% ຍ້ອນ​ບັນຫາ​ໄພ​ແຫ້ງ​ແລ້ງຢ່າງ​ໜັກ​ກັບ​ທັງ​ຍັງມີ​ຄວາມ​ສ່ຽງ​ຢ່າງ​ສູງ​ທີ່​ຈະ​ຕ້ອງ​ປະ​ເຊີນ​ກັບ​ໄພ​ນໍ້າ​ຖ້ວມ ​ໃນ​ຊ່ວງ​ລະດູຝົນ​ປີ​ນີ້ ກໍ​ຍັງ​ຈະ​ນັບເປັນ​ອີກ​ສາ​ເຫດ​ນຶ່ງ​ທີ່​ຈະ​ເຮັດ​ໃຫ້​ລາວ​ຕ້ອງ​ປະສົບ​ກັບ​ໄພ​ເງິນ​ເຟີ້​ສູງ​ຂຶ້ນ​ເນຶ່ຶອງ ຈາກ​ເຂົ້າ​ໃນ​ທ້ອງ​ຕະຫລາດ​ໃນ​ລາວ​ຈະ​ມີ​ລາຄາ​ແພງ​ຂຶ້ນອີກ​ຢ່າງ​ຫລີກ​ລ່ຽງບໍ່​ໄດ້​ນັ້ນເອງ.

ຢ່າ​ງ​ໃດ​ກໍ​ຕາມ ທາງ​ການ​ລາວ​ກໍເຊຶ່ອໝັ້ນ​ວ່າ​ຈະ​ສາມາດ​ປ້ອງ​ກັນ​ບັນຫາ​ເງິນ​ເຟີ້​ດັ່ງກ່າວ​ໄດ້​ ດ້ວຍ​ການ​ສົ່ງ​ເສີມທະນາຄານ​ທັງ​ຂອງ​ລັດຖະບານ​ແລະ​ເອກ​ກະ​ຊົນ ​ໃຫ້ເພີ່ມ​ວົງ​ເງິນ​ສິນ​ເຊື່ອ​ແກ່​ໜ່ວຍ​ຜະລິດ​ສິນຄ້າ​ຢູ່​ໃນ​ລາວ​ໃຫ້​ໄດ້ຫລາຍ​ຂຶ້ນ ດັ່ງ​ທີ່​ທ່ານ​ພູ​ເພັດ ຄໍາ​ພູນ​ວົງ ຜູ້​ວ່າການ​ທະນາຄານ​ແຫ່ງ​ຊາດ​ລາວ ໄດ້​ກ່າວ​ຢືນຢັນ​ວ່າ:

“ລະບົບ​ທະນາຄານ​ຂອງ​ພວກ​ເຣົາມີ​ຄວາມ​ສາມາດ​ລະດົມ​ທຶນຮອນ​ໄດ້​ສູງ​ຂຶ້ນ ​ແລະ​ສາມາດ​ຕອບ​ສະໜອງ​ທຶນຮອນ​ ໃຫ້​ແກ່​ການ​ພັດທະນາ​ເສດຖະກິດ-ສັງຄົມ​ແຫ່ງ​ຊາດໄດ້​ສູງ​ຂຶ້ນ ກັບ​ທັງ​ຍັງ​ມີ​ການ​ພັດທະນາ​ຢ່າງ​ຫລວງ ຫລາຍໃນ​ການ​ບໍລິການ ​ແລະ​ບັນດາ​ຫົວໜ່ວຍ​ທຸລະ​ກິດ​ກໍ​ສາມາດ​ເຂົ້າ​ເຖິງ​ບໍລິການ​ດ້ານ​ການ​ເງິນ​ໄດ້​ ຢ່າງ​ສະດວກ​ສະບາຍ​ຫລາຍ​ຂຶ້ນ.”

ໃນ​ປັດຈຸບັນ​ນີ້ ຢູ່​ໃນ​ລາວ​ມີ​ທະນາຄານ​ຢູ່​ທັງ​ໝົດ 24 ທະນາຄານ ຊຶ່ງ​ແບ່ງອອກ​ເປັນ​ທະນາຄານ​ຂອງ​ລັດຖະບານ 4 ທະນາຄານ ກໍ​ຄື​ທະນາຄານ​ພັດທະນາ​ລາວ ທະນາຄານ​ນະ​ໂຍບາຍ ທະນາຄານ​ສົ່ງ​ເສີມກະສິກໍາ ​ແລະ​ທະນາຄານ​ການ​ຄ້າ​ຕ່າງປະ​ເທດ ສ່ວນ​ທີ່​ເຫລືອ​ກໍ​ເປັາສາຂາ​ທະນາຄານ​ຕ່າງ​ຊາດ​ຈໍານວນ 11 ​ແຫ່ງ ​ແລະ​ອີກ 9 ​ແຫ່ງ​ກໍ​ມີ​ທັງ​ທະນາຄານ​ເອກ​ກະ​ຊົນ ​ແລະ​ທະນາ ຄານ​ຮ່ວມ​ລົງທຶນ​ລະຫວ່າງ​ລັດຖະບານ ກັບ​ເອກ​ກະ​ຊົນ​ລາວ​ແລະ​ຕ່າງ​ຊາດ.

ແຕ່​ຢ່າງ​ໃດ​ກໍ​ຕາມ ກ່ອນ​ໜ້າ​ນີ້ ທ່ານ​ສົມ​ສະຫວາດ ​ເລັ່ງສະຫວັດ ຮອງ​ນາ​ຍົກລັດຖະມົນຕີ​ ຜູ້​ປະ​ຈໍາ​ຄະນະລັດ ຖະບານ​ລາວ ກໍ​ໄດ້​ຖະ​ແຫລ​ງຍອມຮັບ​ວ່າ ວົງ​ເງິນສິນ​ເຊື່ອ​ໃນ​ລາວ​ຍັງ​ບໍ່ ​ພຽງພໍ​ກັບ​ຄວາມ​ຕ້ອງການ​ທີ່​ເປັນ​ຈິງ ​ເຖິງ​ແມ່ນ​ວ່າ​ໃນ​ປີ​ທີ່​່ຜ່ານ​ມາ​ ລະບົບ​ທະນາຄານ​ຢູ່​ໃນ​ ລາວ​ຈະ​ສາມາດ​ຕອບ​ສະໜອງ​ເງິນ​ກູ້​ໃຫ້​ກັບ​ໜ່ວຍ​ການ​ຜະລິດຕ່າງໆ​ໄດ້​ ໃນ​ມູນ​ຄ່າ​ລວມ​ເຖິງ 11,000 ຕື້​ກີບ ຫລື​ຄິດ​ເປັນ 20% ຂອງ​ມູນ​ຄ່າ GDP ກໍ​ຕາມ ຫາກ​ແຕ່ກໍ​ຍັງ​ນັບວ່າ​ຕໍ່າ ​ກວ່າ​ລະ​ດັບ​ຄວາມ​ຕ້ອງການ​ທີ່​ເປັນ​ຈິງ ​ເກືອບ​ເຖິງ 4 ​ເທົ່າ​ຕົວ.",​ລາວ​ວາງ​ມາດ​ຕະການ​ຈໍາກັດ​ການ​ເຕີບ​ໂຕ​ຂອງ​ເງິນໝຸນ​ວຽນ​ ໃນ​ລະບົບ​ເສດຖະກິດ​ຂອງ​ປະເທດ​ ບໍ່​ໃຫ້​ຂະຫຍາວຕົວເກີນກວ່າ 10% ເພື່ອຄວບຄຸມເງິນເຟີ້.,mal,voanews,VOA News,fake news,42e300da-5b96-46fe-b2d2-2893e1d03a3c,article,MassiveSum
https://www.madhyamam.com/local-news/trivandrum/2018/apr/09/463576,,വൃദ്ധദമ്പതികളെ വീട്ടിൽ മരിച്ചനിലയിൽ കണ്ടെത്തി,,"വട്ടിയൂർക്കാവ്: . വാഴോട്ടുകോണം കടിയക്കോണം ലെയിനിൽ ആർശ വില്ലയിൽ മോഹനൻ (63), ഭാര്യ അംബിക (57) എന്നിവരെയാണ് കിടപ്പുമുറിയിൽ മരിച്ചനിലയിൽ കണ്ടത്. അംബിക കഴുത്തിൽ തുണിമുറുകിയ നിലയിൽ കട്ടിലിലും മോഹനൻ തൂങ്ങിമരിച്ച നിലയിലുമാണ് കാണപ്പെട്ടത്. മകൾ അർശാന്തിക അഭിഭാഷകയാണ്. ഞായറാഴ്ച പകൽ നാേലാടെ മകൾ ഫോൺ വിളിച്ചിട്ട് എടുക്കാത്തതിനാൽ അയൽപക്കത്ത് അറിയിച്ചതിനെ തുടർന്ന് അയൽവാസികൾ നടത്തിയ അന്വേഷണത്തിലാണ് രണ്ടുപേരും കിടപ്പുമുറിയിൽ മരിച്ചനിലയിൽ കണ്ടത്. വട്ടിയൂർക്കാവ് പൊലീസിൽ വിവരമറിയിച്ചതിനെ തുടർന്ന് പൊലീസ് സ്ഥലത്തെത്തി വീട് പൂട്ടി സീൽ ചെയ്തു. ഉന്നത പൊലീസ് ഉദ്യോഗസ്ഥരുടെ സാന്നിധ്യത്തിൽ തിങ്കളാഴ്ച ഇൻക്വസ്റ്റ് തയാറാക്കി മൃതദേഹം പോസ്റ്റ്മോർട്ടത്തിനക്കും. വട്ടിയൂർക്കാവ് പൊലീസ് അന്വേഷണം ആരംഭിച്ചിട്ടുണ്ട്. വീടിന് കാവലും ഏർപ്പെടുത്തിയിട്ടുണ്ട്.","വട്ടിയൂർക്കാവ്: . വാഴോട്ടുകോണം കടിയക്കോണം ലെയിനിൽ ആർശ വില്ലയിൽ മോഹനൻ (63), ഭാര്യ അംബിക (57) എന്നിവരെയാണ് കിടപ്പുമുറിയിൽ മരിച്ചനിലയിൽ കണ്ടത്. അംബിക കഴുത്തിൽ തുണിമുറുകിയ നിലയിൽ കട്ടിലിലും മോഹനൻ...",mal,madhyamam,Madhyamam,fake news,df8c18bc-261e-4bf2-9531-49596ddd72e9,article,MassiveSum
https://www.madhyamam.com/world/asia-pacific/first-direct-london-china-train-completes-12000km-run/2017/apr/29/260390,,"12,000 കി.​മീ. താ​ണ്ടി ആ​ദ്യ ല​ണ്ട​ൻ-ചൈ​ന ട്രെ​യി​ൻ",,"ബെ​യ്​​ജി​ങ്​: ചൈ​ന​യെ ​​ബ്രിട്ടനുമായി ബ​ന്ധി​പ്പി​ക്കു​ന്ന ആ​ദ്യ ച​ര​ക്കു ട്രെ​യി​ൻ 12,000 കി.​മീ. താ​ണ്ടി ശ​നി​യാ​ഴ്​​ച ഷി​ജാ​ങ്​ പ്ര​വി​ശ്യ​യി​ലെ യി​വു ന​ഗ​ര​ത്തി​ലെ​ത്തി. ലോ​ക​ത്തി​െ​ല ഏ​റ്റ​വും വ​ലി​യ ര​ണ്ടാ​മ​ത്തെ റെ​യി​ൽ​പാ​ത​യാ​ണി​ത്. പ​ടി​ഞ്ഞാ​റ​ൻ യൂ​റോ​പ്പു​മാ​യി വ്യാ​പാ​ര ബ​ന്ധം മെ​ച്ച​പ്പെ​ടു​ത്താ​നു​ള്ള ചൈ​ന​യു​ടെ ഏ​റ്റ​വും പു​തി​യ ശ്ര​മ​ത്തി​​െൻറ ഭാ​ഗ​മാ​ണ്​ ഇൗ ​യാ​ത്ര. ചൈ​ന​യി​ൽ 2013ൽ ​ആ​​രം​ഭി​ച്ച ‘വ​ൺ ബെ​ൽ​റ്റ്, വ​ൺ റോ​ഡ്​’ പ​ദ്ധ​തി​യു​ടെ ഭാ​ഗ​മാ​യാ​ണ്​ റെ​യി​ൽ​പാ​ത നി​ർ​മി​ച്ച​ത്. ഇൗ​സ്​​റ്റ്​ വി​ൻ​ഡ്​ എ​ന്നാ​ണ്​ ട്രെ​യി​നി​ന്​ പേ​ര്​ ന​ൽ​കി​യി​രി​ക്കു​ന്ന​ത്. മ​രു​ന്നു​ക​ളും യ​ന്ത്ര​ങ്ങ​ളു​മാ​യി ഇൗ ​മാ​സം 10ന്​ ​ല​ണ്ട​നി​ൽ​നി​ന്നാ​ണ്​ ട്രെ​യി​ൻ പു​റ​പ്പെ​ട്ട​ത്. ഫ്രാ​ൻ​സ്, ബെ​ൽ​ജി​യം, പോ​ള​ണ്ട്, ബെ​ല​റൂ​സ്, റ​ഷ്യ, ക​സാ​ഖ്​​സ്​​താ​ൻ എ​ന്നി​വി​ട​ങ്ങ​ളി​ലൂ​ടെ ക​ട​ന്നാ​ണ്​ ചൈ​ന​യി​ലെ ചെ​റി​യ ഉ​പ​ഭോ​ക്​​തൃ ഉ​ൽ​പ​ന്ന​ങ്ങ​ളു​ടെ മൊ​ത്ത​ക്ക​ച്ച​വ​ട കേ​ന്ദ്ര​മാ​യ യി​വു​വി​ലെ​ത്തി​യ​ത്. റ​ഷ്യ​യു​ടെ പ്ര​മു​ഖ ട്രാ​ൻ​സ്​-​സൈ​ബീ​രി​യ​ൻ റെ​യി​ൽ​വേ​യെ​ക്കാ​ൾ വ​ലു​താ​ണ്​​ പു​തി​യ പാ​ത. എ​ന്നാ​ലി​ത്​ 2014ൽ ​ആ​​രം​ഭി​ച്ച ഏ​റ്റ​വും വ​ലി​യ റെ​യി​ൽ​പാ​ത​യാ​യ ചൈ​ന-​മ​ഡ്രി​ഡ്​ പാ​ത​യെ​ക്കാ​ൾ 1,000 കി.​മീ. ചെ​റു​താ​ണ്. ചൈ​ന റെ​യി​ൽ​വേ ​േകാ​ർ​പ​റേ​ഷ​​െൻറ ച​ര​ക്കു പാ​ത​യു​മാ​യി ബ​ന്ധി​പ്പി​ക്കു​ന്ന 15ാമ​ത്തെ ന​ഗ​ര​മാ​ണ്​ ല​ണ്ട​ൻ. ജ​ല​മാ​ർ​ഗം ച​ര​ക്കെ​ത്തി​ക്കു​ന്ന​തി​നെ​ക്കാ​ൾ 30 ദി​വ​സം നേ​ര​ത്തേ ല​ണ്ട​ൻ-​യി​വു ഇൗ​സ്​​റ്റ്​ വി​ൻ​ഡ്​ ട്രെ​യി​ൻ ല​ക്ഷ്യ​ത്തി​ലെ​ത്തും. എ​ന്നാ​ൽ, 88 ഷി​പ്പി​ങ്​ ക​ണ്ടെ​യ്​​ന​റു​ക​ൾ മാ​ത്ര​മാ​ണ്​ ട്രെ​യി​നി​ൽ എ​ത്തി​ക്കാ​ൻ സാ​ധി​ക്കു​ക. ച​ര​ക്കു​ക​പ്പ​ലു​ക​ളി​ൽ എ​ത്തി​ക്കാ​വു​ന്ന 10,000 മു​ത​ൽ 20,000 വ​രെ ക​ണ്ടെ​യ്​​ന​റു​ക​ളു​മാ​യി ത​ട്ടി​ച്ചു​നോ​ക്കു​േ​മ്പാ​ൾ ഇ​തു തു​ച്ഛ​മാ​ണെ​ന്ന്​ അ​ധി​കൃ​ത​ർ അ​ഭി​പ്രാ​യ​പ്പെ​ട്ടു. പ​ദ്ധ​തി​ക്കാ​യി എ​ത്ര രൂ​പ ​െച​ല​വ​ഴി​ച്ചു​വെ​ന്ന്​ വ്യ​ക്​​ത​മ​ല്ല. സാ​മ്പ​ത്തി​ക ലാ​ഭ​മു​ണ്ടാ​ക്കാ​ൻ സ​മ​യ​മെ​ടു​ത്തേ​ക്കാ​മെ​ങ്കി​ലും നി​ര​വ​ധി സ്​​റ്റോ​പ്പു​ക​ളു​ള്ള​തും പ്ര​തി​കൂ​ല കാ​ലാ​വ​സ്​​ഥ​ക​ളി​ൽ ച​ര​ക്കെ​ത്തി​ക്കാ​നു​ള്ള ന​ല്ല മാ​ർ​ഗം റെ​യി​ൽ​പാ​ത​യാ​യ​തി​നാ​ലും പ​ദ്ധ​തി സൗ​ക​ര്യ​പ്ര​ദ​മാ​ണെ​ന്ന് ഹോ​േ​ങ്കാ​ങ്ങി​ലെ ഒാ​ക്​​സ്​​ഫ​ഡ്​ ഇ​ക്ക​ണോ​മി​ക്​​സി​ലെ വി​ഗ​ദ്​​ധ​ൻ ഹെ ​ടി​യാ​ൻ​ജി അ​ഭി​പ്രാ​യ​പ്പെ​ട്ടു. ​നേ​ര​ത്തേ ചൈ​ന​ക്ക്​ ജ​ർ​മ​നി​യി​ലേ​ക്ക്​ നേ​രി​ട്ട്​ സ്​​ഥി​ര​മാ​യു​ള്ള ച​ര​ക്ക്​ ട്രെ​യി​ൻ സ​ർ​വി​സു​ണ്ട്.","ബെ​യ്​​ജി​ങ്​: ചൈ​ന​യെ ​​ബ്രിട്ടനുമായി ബ​ന്ധി​പ്പി​ക്കു​ന്ന ആ​ദ്യ ച​ര​ക്കു ട്രെ​യി​ൻ 12,000 കി.​മീ. താ​ണ്ടി ശ​നി​യാ​ഴ്​​ച ഷി​ജാ​ങ്​ പ്ര​വി​ശ്യ​യി​ലെ യി​വു ന​ഗ​ര​ത്തി​ലെ​ത്തി. ലോ​ക​ത്തി​െ​ല...",mal,madhyamam,Madhyamam,fake news,6e5858b3-9bba-4fce-91f5-b87a7bcdd0e3,article,MassiveSum
https://www.madhyamam.com/local-news/kannur/2017/dec/20/399041,,നൗഫൽ വധം: മനഃപൂർവമുള്ള നരഹത്യയല്ലെന്ന് വിലയിരുത്തൽ,,"പയ്യന്നൂർ: കണ്ണൂർ താഴെചൊവ്വ തിലാന്നൂരിലെ നൗഫൽ കൊല്ലപ്പെട്ട സംഭവത്തിൽ നിർണായക വിവരം. നൗഫലിനെ നേരത്തെ തീരുമാനിച്ചുറപ്പിച്ച പ്രകാരം കൊലചെയ്തതല്ല എന്ന നിഗമനത്തിലാണ് അന്വേഷണസംഘം. മർദനത്തെ തുടർന്നുള്ള പരിക്കുകാരണം ആന്തരിക രക്തസ്രാവം ഉണ്ടായാണ് നൗഫൽ മരിക്കുന്നത്. മൃതദേഹപരിശോധന ഇത് സ്ഥിരീകരിക്കുന്നതായി അന്വേഷണ ഉദ്യോഗസ്ഥർ പറയുന്നു. നൗഫൽ മദ്യപിച്ചതായി പോസ്റ്റ്മോർട്ടം റിപ്പോർട്ടിൽ പറയുന്നില്ല. കഞ്ചാവ് ഉപയോഗിക്കാനുള്ള സാധ്യതയുമില്ലെന്നാണ് സംഘത്തി​െൻറ വിലയിരുത്തൽ. എന്നാൽ, നൗഫൽ സംഭവദിവസം രാത്രി പയ്യന്നൂർ റെയിൽവേ സ്റ്റേഷനിൽ അക്രമാസക്തനായിരുന്നത് എന്തുകൊണ്ട് എന്ന അന്വേഷണത്തിലാണ് പൊലീസ്. ഒരാൾക്ക് കനത്ത മർദനമേറ്റ് പരിക്കേറ്റാൽ അയാൾ അക്രമാസക്തനാകുമെന്നും ഓർമ നശിക്കുമെന്നും പറയുന്നു. ഈ കാരണംകൊണ്ട് ചെറുവത്തൂരിൽനിന്ന് ലോക്കൽ ട്രെയിൻ കയറിയ നൗഫൽ പയ്യന്നൂർ റെയിൽവേ സ്റ്റേഷനിൽ ഇറങ്ങുകയായിരുന്നുവെന്നാണ് നിഗമനം. ചെറുവത്തൂരിൽ രാവിലെ കാണുമ്പോൾ നൗഫലിന് പരിക്കുണ്ടായിരുന്നില്ല. വൈകീട്ട് നാലരയോടെയാണ് പരിക്കേറ്റനിലയിൽ കാണുന്നത്. പണം ൈകയിലില്ലെങ്കിലും നൗഫൽ ഒരു ഓട്ടോ ഡ്രൈവറെ സമീപിച്ച് കണ്ണൂരിലെത്തിക്കാൻ ആവശ്യപ്പെട്ടു. ചൊവ്വയിലെ ബാങ്കിൽ പണമുണ്ടെന്നും അവിടെ എത്തിയാൽ തരാം എന്നും പറഞ്ഞു. ഓട്ടോ ഡ്രൈവറുടെ ഫോണിൽ ചൊവ്വയിലെ ബാങ്കിലേക്ക് വിളിക്കുകയും ചെയ്തു. എന്നാൽ, നൗഫലി​െൻറ പരിക്കും അവസ്ഥയും കണ്ട് ചെറുവത്തൂരിലെ ഓട്ടോ ഡ്രൈവർ ചെറുവത്തൂർ റെയിൽവേ സ്റ്റേഷനിലെത്തിച്ച് ട്രെയിനിൽ പോകാൻ നിർദേശിക്കുകയായിരുന്നു. നൗഫലിനെ ആര് മർദിച്ചു എന്നതിന് പിറകെയാണ് സി.ഐ എം.പി. ആസാദി​െൻറ നേതൃത്വത്തിലുള്ള അന്വേഷണസംഘം. എന്തായാലും നൗഫൽ വധം മനഃപൂർവമല്ലാത്ത നരഹത്യ എന്നനിലയിലാണ് പൊലീസ് മുന്നോട്ടുപോകുന്നത്. എവിടെനിന്ന് മർദനമേറ്റു എന്നതും ഉത്തരം കിട്ടാനുള്ള ചോദ്യമാണ്. ഇതി​െൻറ ഭാഗമായി കാസർകോട്, നീലേശ്വരം, കാഞ്ഞങ്ങാട് ഭാഗങ്ങളിലും അന്വേഷണം നടന്നു. പയ്യന്നൂരിൽ എത്തിയപ്പോൾ നൗഫൽ പുറത്ത് തട്ടുകടയിൽ പോയിരുന്നു. ഇതി​െൻറ സി.സി.ടി.വി ദൃശ്യം പൊലീസിന് ലഭിച്ചിട്ടുണ്ട്. കടയുടെ അലമാരക്കരികിലെത്തി എ‍​െൻറ ബിയർ കുപ്പിയെവിടെ എന്ന് നൗഫൽ ചോദിച്ചിരുന്നു. കണ്ണൂർ ജെ.എസ്. പോൾ ജങ്ഷനിലാണ് നൗഫൽ കഴിഞ്ഞിരുന്നത്. ഈ സ്ഥലമാണെന്ന് തെറ്റിദ്ധരിച്ചാണ് ഈ ചോദ്യം എന്നാണ് പൊലീസ് കരുതുന്നത്. ഒടുവിൽ പയ്യന്നൂർ റെയിൽവേ സ്റ്റേഷനിൽ പാർസൽ ഗേറ്റിനടുത്ത് 12.30ഓടെ കിടക്കുകയും മരണം സംഭവിക്കുകയുമായിരുന്നു.",പയ്യന്നൂർ: കണ്ണൂർ താഴെചൊവ്വ തിലാന്നൂരിലെ നൗഫൽ കൊല്ലപ്പെട്ട സംഭവത്തിൽ നിർണായക വിവരം. നൗഫലിനെ നേരത്തെ തീരുമാനിച്ചുറപ്പിച്ച പ്രകാരം കൊലചെയ്തതല്ല എന്ന നിഗമനത്തിലാണ് അന്വേഷണസംഘം. മർദനത്തെ തുടർന്നുള്ള...,mal,madhyamam,Madhyamam,fake news,d03b93c8-be0a-4e2e-a958-11c1804fcdb3,article,MassiveSum
https://www.15min.lt/naujiena/aktualu/nusikaltimaiirnelaimes/vilniaus-gariunu-gatveje-apvirto-mikroautobusas-suzeistas-vairuotojas-59-433084,https://www.15min.lt/naujiena/aktualu/nusikaltimaiirnelaimes/vilniaus-gariunu-gatveje-apvirto-mikroautobusas-suzeistas-vairuotojas-59-433084,"Vilniaus Gariūnų gatvėje apvirto mikroautobusas, sužeistas vairuotojas",,"Trečiadienį, 14 val. 05 min. Vilniuje, Gariūnų g., už sankryžos, važiuojant Kauno link, apvirto vyro vairuojamas „VW Caravelle“.

Pusamžis „VW Caravelle“ vairuotojas sužeistas, js be sąmonės išvežtas į ligoninę, praneša Vilniaus apskrities vyriausiasis policijos komisariatas.

Apie šį eismo įvykį trečiadienio popietę operatyviai pranešė ir 15min.lt skaitytojų portalas Ikrauk.lt, avarijos nuotrauką galite rasti čia.

Dėkojame skaitytojui Aurimui už nuotrauką.

Tapote šio įvykio liudininkais? Pastebėjimus, nuotraukas ar filmuotą medžiagą prašome siųsti 15min@15min.lt.","Trečiadienį Vilniuje, Gariūnų g., apvirto vyro vairuojamas „VW Caravelle“. Sužeistas vairuotojas išvežtas į ligoninę.",mal,15min,15Min,fake news,28e8ae79-d2f2-419f-bd78-8655bee41989,article,MassiveSum
https://www.madhyamam.com/politics/2016/mar/12/183528,,ബി.ജെ.പി: ആദ്യ പട്ടിക മാര്‍ച്ച് 17ന്,,"തിരുവനന്തപുരം: നിയമസഭാ തെരഞ്ഞെടുപ്പിനുള്ള ബി.ജെ.പിയുടെ ആദ്യ സ്ഥാനാര്‍ഥി പട്ടിക മാര്‍ച്ച് 17 ഓടെ കേന്ദ്ര പാര്‍ലമെന്‍ററി ബോര്‍ഡിന് സമര്‍പ്പിക്കും. സ്ഥാനാര്‍ഥി പട്ടികയില്‍ ധാരണയിലത്തൊന്‍ 13ന് തിരുവനന്തപുരത്ത് തെരഞ്ഞെടുപ്പ് കമ്മിറ്റി ചേരും. അന്ന് 70 സീറ്റില്‍ തീരുമാനമാവും. മാര്‍ച്ച് 19നും 20നും ദേശീയ നിര്‍വാഹക സമിതിക്കുശേഷം കേന്ദ്ര നേതാക്കളെ കൂടി പങ്കെടുപ്പിച്ച് സംസ്ഥാന എന്‍.ഡി.എ കോഓഡിനേഷന്‍ കമ്മിറ്റി ചേരും.

കോര്‍ കമ്മിറ്റിയംഗങ്ങളുടെയും ജനറല്‍ സെക്രട്ടറിമാരുടെയും മറ്റ് ചില നേതാക്കളുടെയും സീറ്റുകളിലാണ് ഇതുവരെ ധാരണയായിട്ടുള്ളത്. ഇതനുസരിച്ച് കുമ്മനം രാജശേഖരന്‍- വട്ടിയൂര്‍ക്കാവ്, ഒ. രാജഗോപാല്‍-നേമം, വി. മുരളീധരന്‍-കഴക്കൂട്ടം, പി.കെ. കൃഷ്ണദാസ്-കാട്ടാക്കട, പി.എസ്. ശ്രീധരന്‍ പിള്ള-ചെങ്ങന്നൂര്‍, സി.കെ. പത്മനാഭന്‍-കുന്നമംഗലം, കെ. സുരേന്ദ്രന്‍-മഞ്ചേശ്വരം, ശോഭാ സുരേന്ദ്രന്‍-പാലക്കാട്, എം.ടി. രമേശ്-ആറന്മുള, എ.എന്‍. രാധാകൃഷ്ണന്‍- മണലൂര്‍, പി.എം. വേലായുധന്‍-മാവേലിക്കര, കെ.പി. ശ്രീശന്‍-കോഴിക്കോട് നോര്‍ത് എന്നിവിടങ്ങളിലും ജോര്‍ജ് കുര്യന്‍ കോട്ടയം ജില്ലയിലും മത്സരിക്കും. തിരുവനന്തപുരം മണ്ഡലത്തില്‍ ഇതുവരെ സ്ഥാനാര്‍ഥിയെ തീരുമാനിച്ചില്ല. ഇതിന് പുറമെയുള്ളവരുടെ പട്ടികയാണ് ഞായറാഴ്ച തീരുമാനിക്കുക.

അതേസമയം ബി.ഡി.ജെ.എസുമായി ഇതുവരെ 26 സീറ്റുകളിലാണ് ധാരണയിലത്തെിയിട്ടുള്ളത്. 70 സീറ്റുകളുടെ പട്ടികയുമായാണ് ഇവര്‍ ബി.ജെ.പി നേതൃത്വത്തെ സമീപിച്ചത്. എന്നാല്‍ മണ്ഡല അടിസ്ഥാനത്തില്‍ സാധ്യതാ സ്ഥാനാര്‍ഥികളുടെ യോഗ്യത ചര്‍ച്ച ചെയ്ത ബി.ജെ.പി തുഷാര്‍ വെള്ളാപ്പള്ളിയെയും കൂട്ടരെയും വിദഗ്ധമായി വെട്ടുകയായിരുന്നു. കോവളം, വാമനപുരം, വര്‍ക്കല, കുണ്ടറ, കരുനാഗപ്പള്ളി (കെ. രാജന്‍ ബാബു വന്നാല്‍), തിരുവല്ല, കോന്നി, അരൂര്‍, ചേര്‍ത്തല, വൈപ്പിന്‍, തൃപ്പൂണിത്തുറ, നാട്ടിക, കൊടുങ്ങല്ലൂര്‍, ചാലക്കുടി, ഇരിങ്ങാലക്കുട, നെന്മാറ, ചിറ്റൂര്‍, കോഴിക്കോട് സൗത്, തിരുവമ്പാടി, പേരാവൂര്‍, കാഞ്ഞങ്ങാട്, മലപ്പുറം ജില്ലയില്‍ ഒരു സീറ്റ് എന്നിങ്ങനെയാണ് ധാരണ.15ന് കോഴിക്കോട്ട് രണ്ടാംഘട്ട ചര്‍ച്ച നടക്കും. ശേഷമാവും എന്‍.ഡി.എയിലെ മറ്റ് ഘടകകക്ഷികളുമായുള്ള സീറ്റ് പങ്കുവെക്കല്‍ ചര്‍ച്ച നടക്കുക.",ബി.ഡി.ജെ.എസുമായി 26 സീറ്റില്‍ ധാരണ,mal,madhyamam,Madhyamam,fake news,3530b0ef-3c6f-4c32-9045-7a6c52414e67,article,MassiveSum
https://www.madhyamam.com/local-news/kozhikode/2017/nov/24/382287,,കെ.എസ്.എസ്.പി.യു ബ്ലോക്ക് സമ്മേളനം നടത്തി,,"പന്തീരാങ്കാവ്: സർവിസ് പെൻഷനേഴ്സ് യൂനിയൻ കോഴിക്കോട് ബ്ലോക്ക് ഇടക്കാല കൗൺസിൽ സമ്മേളനം സംസ്ഥാന കമ്മിറ്റിയംഗം ഇ.എം. ശീലാവതി ഉദ്ഘാടനം ചെയ്തു. മേലാട്ട് സോമൻ അധ്യക്ഷത വഹിച്ചു. കെ.എസ്.ആർ.ടി.സി പെൻഷൻ 25000 രൂപയാക്കി പരിമിതപ്പെടുത്തിയതിൽ യോഗം പ്രതിഷേധിച്ചു. ജി. പ്രസീദ, പി.ടി. സുന്ദരൻ, കെ.എം. രാമചന്ദ്രൻ, പി.എം. പ്രഭാകരൻ, ടി.ടി. മാധവൻ നായർ എന്നിവർ സംസാരിച്ചു.",പന്തീരാങ്കാവ്: സർവിസ് പെൻഷനേഴ്സ് യൂനിയൻ കോഴിക്കോട് ബ്ലോക്ക് ഇടക്കാല കൗൺസിൽ സമ്മേളനം സംസ്ഥാന കമ്മിറ്റിയംഗം ഇ.എം. ശീലാവതി ഉദ്ഘാടനം ചെയ്തു. മേലാട്ട് സോമൻ അധ്യക്ഷത വഹിച്ചു. കെ.എസ്.ആർ.ടി.സി പെൻഷൻ 25000...,mal,madhyamam,Madhyamam,fake news,fbbfeb47-1162-46f5-a10a-382d58a6af7c,article,MassiveSum
https://www.madhyamam.com/local-news/kozhikode/2017/nov/26/384377,https://www.madhyamam.com/local-news/kozhikode/2017/nov/26/384377,കൃഷി അസി.ഡയറക്ടറെ സസ്‌പെന്‍ഡ് ചെയ്തു,,തിരുവനന്തപുരം: വയനാട് ജില്ലയില്‍ വിവിധ സ്‌കീമുകളില്‍ കര്‍ഷകര്‍ക്ക് വിതരണംചെയ്യുന്നതിനുള്ള തുക അനധികൃതമായി പിന്‍വലിച്ച മാനന്തവാടി അസിസ്റ്റൻറ് ഡയറക്ടര്‍ ബാബു അലക്‌സാണ്ടറെ സര്‍വിസില്‍നിന്ന് സസ്‌പെൻഡ് ചെയ്ത് ക്രിമിനല്‍ കേസ് രജിസ്റ്റര്‍ ചെയ്യാനും വിജിലന്‍സ് അന്വേഷിക്കാനും കൃഷിമന്ത്രി വി.എസ്. സുനില്‍കുമാര്‍ നിര്‍ദേശം നല്‍കി. ഇത്തരത്തിലുള്ള ക്രമക്കേടുകള്‍ കണ്ടെത്തുന്നതിന് സംസ്ഥാനത്തുടനീളം കര്‍ശന പരിശോധനകള്‍ നടത്തുന്നതിനും നിര്‍ദേശംനല്‍കി.,തിരുവനന്തപുരം: വയനാട് ജില്ലയില്‍ വിവിധ സ്‌കീമുകളില്‍ കര്‍ഷകര്‍ക്ക് വിതരണംചെയ്യുന്നതിനുള്ള തുക അനധികൃതമായി പിന്‍വലിച്ച മാനന്തവാടി അസിസ്റ്റൻറ് ഡയറക്ടര്‍ ബാബു അലക്‌സാണ്ടറെ സര്‍വിസില്‍നിന്ന് സസ്‌പെൻഡ്...,mal,madhyamam,Madhyamam,fake news,f17e705f-5f08-4083-9c7a-305137877263,article,MassiveSum
https://www.madhyamam.com/india/mp-immunity-boosting-herbal-sarees-hit-markets-amid-pandemic-552742,,ചാണകം ഗോമൂത്രം പപ്പടം എന്നിവക്ക്​ ശേഷം ഇപ്പോ സാരിയും; 'പ്രതിരോധ ശക്​തി' കൂട്ടാനുള്ള പുതിയ സാധനവുമായി ബി.ജെ.പി സർക്കാർ,,"സാരിയുടുത്താൽ പ്രതിരോധശേഷി കൂടും?! ത്മാശ പറയുന്നതല്ല. ബി.ജെ.പി ഭരിക്കുന്ന മധ്യപ്രദേശിലെ ഹാൻഡ്​ലൂം ആൻഡ്​ ഹാൻഡിക്രാഫ്​റ്റ്​ കോർപ്പറേഷൻ പുറത്തിറക്കിയ സാരിയുടെ പരസ്യവാചകമാണിത്​. സാരിയുടെ പേര്​ ആയുർവസ്​ത്ര.

ഒൗഷധ സുഗന്ധവ്യജ്ഞനങ്ങളിൽ നിന്നുള്ള സത്ത്​ ഉപയോഗിച്ച്​ നിർമിച്ചതാണ്​ സാരിയെന്നാണ്​ അവകാശവാദം. ഇൗ സുഗന്ധവ്യജ്ഞനങ്ങൾക്ക്​ രോഗപ്രതിരോധശേഷി വർധിപ്പിക്കാനാവുമെന്നും അതുകൊണ്ട്​ സാരി നമ്മെ രോഗങ്ങളിൽ നിന്ന്​ കാക്കുമെന്നുമാണ്​ പ്രചരിപ്പിക്കുന്നത്​.

സാരി കൂടാതെ കുർത്ത, മാസ്​ക്​ പോലുള്ള മറ്റ്​ ഉൽപന്നങ്ങളും ഇവർ പുറത്തിറക്കുന്നുണ്ട്​. ഗ്രാമ്പു, ഏലക്ക, കറുവപട്ട, കുരുമുളക, മഞ്ഞൾ തുടങ്ങിയവയാണ്​ സാരിയുടെ നിർമാണത്തിന്​ ഉപയോഗിക്കുന്നത്​. എല്ലാ സുഗന്ധവ്യജ്ഞനങ്ങളും അരച്ച്​ ചേർത്ത്​ 48 മണിക്കൂർ വെള്ളത്തിൽ സൂക്ഷിക്കുന്നു. അതിനുശേഷം വെള്ളം ചൂടാക്കി അതി​െൻറ ആവിയിൽ തുണികൾ കാണിച്ച്​ അണുമുക്​തമാക്കുന്നു. ഇൗ തുണി ഉപയോഗിച്ചാണ്​ സാരിയും മറ്റ്​ വസ്​ത്രങ്ങളും നിർമിക്കുന്നതെന്നും ഇവർ അവകാശ​െപ്പടുന്നു.

ഭോപ്പാലിൽ നിന്നുള്ള ഒരു വിദഗ്​ദ്ധനാണത്രെ 'നൂറ്റാണ്ടുകൾ പഴക്കമുള്ള' ഇൗ സാരി വിദ്യക്ക്​ പിന്നിൽ പ്രവർത്തിക്കുന്നത്​. ഏഴ് മുതൽ എട്ട്​ ദിവസംകൊണ്ടാണ്​ ഒരു സാരി നിർമിക്കുന്നതെന്നും അതിനാൽ വില അൽപ്പം കൂടുതലാണെന്നും പ്രത്യേകം പറയുന്നുണ്ട്​. മധ്യപ്രദേശിലെ ബി.ജെ.പി സർക്കാർ ഇൗ സാരികൾ തങ്ങളുശട ഒൗദ്യോഗിക വിൽപ്പനശാലകളിലും പ്രദർശിപ്പിച്ചിട്ടുണ്ട്​.

3,000 രൂപ നിരക്കിലാണ് സാരികൾ വിൽക്കുന്നതെന്ന് മധ്യപ്രദേശിലെ ഹാൻഡ്​ലൂം ആൻഡ്​ ഹാൻഡിക്രാഫ്​റ്റ്​ കോർപ്പറേഷൻ കമ്മീഷണർ രാജീവ് ശർമ പറഞ്ഞു. 'ആരോഗ്യം, രോഗപ്രതിരോധ ശേഷി എന്നിവ വർദ്ധിപ്പിക്കുന്ന വസ്ത്രങ്ങൾ നിർമിക്കുന്ന പുരാതന പാരമ്പര്യത്തെ പുനരുജ്ജീവിപ്പിക്കാനുള്ള അവസരമാണ്​ ഞങ്ങൾക്ക്​ ലഭിച്ചത്​. അതിനുകാരണം ഇൗ മഹാമാരിയാണ്​. ജനങ്ങളുടെ മനോവീര്യം കുറഞ്ഞുവരുന്ന ഇൗ കാലഘട്ടത്തിൽ സുഗന്ധവ്യഞ്ജന സാരി എന്ന ആശയം അവതരിപ്പിക്കാൻ കഴിഞ്ഞതിൽ ഞങ്ങൾക്ക്​ അഭിമാനമുണ്ട്​'-ശർമ്മ പറഞ്ഞു.

'നിലവിൽ സാരികൾ ഭോപ്പാലിലും ഇൻഡോറിലും വിൽക്കുന്നുണ്ട്. വരും ദിവസങ്ങളിൽ രാജ്യത്തുടനീളമുള്ള ഞങ്ങളുടെ ഷോറൂമുകളിൽ നിന്ന് ഈ സാരികൾ ലിഭിക്കും'-അദ്ദേഹം കൂട്ടിച്ചേർത്തു. നേരത്തെ ബി.ജെ.പി നേതാക്കൾ ചാണകം ഗോമൂത്രം എന്നിവ കൊറോണക്ക്​ മരുന്നായി അവതരിപ്പിച്ചിരുന്നു.

ഒരു കേന്ദ്രമന്ത്രി പപ്പടം കഴിച്ചാൽ രോഗപ്രതിരോധശേഷി വർധിപ്പിക്കാമെന്ന അവകാശവാദവുമായി രംഗത്ത്​ വന്നത്​ വ്യാപകമായി പരിഹസിക്കപ്പെട്ടിരുന്നു.",മധ്യപ്രദേശിലെ ഹാൻഡ്​ലൂം ആൻഡ്​ ഹാൻഡിക്രാഫ്​റ്റ്​ കോർപ്പറേഷനാണ്​ സാരി പുറത്തിറക്കുന്നത്​,mal,madhyamam,Madhyamam,fake news,82dab1c7-5b7a-46ed-9b21-18d9a61fb1df,article,MassiveSum
https://nra.lv/latvija/166027-astrologe-mara-osuroka-cilveks-mekle-savu-es.htm,https://nra.lv/latvija/166027-astrologe-mara-osuroka-cilveks-mekle-savu-es.htm,Astroloģe Māra Ošuroka. Cilvēks meklē savu es,,"«Tā ir laime, ja cilvēks mīl savu darbu un vēl var būt noderīgs citiem,» uzskata astroloģe Māra Ošuroka. Nupat apgādā Jumava klajā nākusi viņas grāmata Iepazīsti astroloģiju!.

«20 gadu laikā, kopš nodarbojos ar astroloģiju, ir arī sakrājies tas, ko gribas pateikt cilvēkiem,» – tā Māra Ošuroka raksturo šo grāmatu. Izdevums Iepazīsti astroloģiju! domāts, kā mēdz teikt, visplašākajam lasītāju lokam – gan tiem, kam ir nelielas priekšzināšanas, gan tiem, kas neko nezina par astroloģiju, bet vēlas par to uzzināt. Grāmatā iespējams iepazīties ar astroloģijas vēsturi, dažādām skolām, sistēmām un programmām, kā arī astroloģijas izmantojumu sadzīvē un saistību ar citām ezotērikas jomām. Uz grāmatas vāka tās autore atgādina Alberta Einšteina teikto: «Astroloģija ir zinātne, kas nes atklāsmi. Ar tās palīdzību es daudz ko esmu uzzinājis un daudz ko esmu tai parādā.»

Māra Ošuroka atzīst, ka šis izdevums, iespējams, kādam būs arī pamudinājums pašam studēt astroloģiju, citam – iespēja saprast, kāds astrologs viņam nepieciešams. «Es nevienu netaisos pārliecināt vai pievērst savai ticībai, bet vienkārši informēt. Ja cilvēks zina, tad viņam iespējams izmantot zināšanas, ja cilvēks neko nezina, tad viņš saka, ka astroloģija ir zīlēšana, ka iet pie astrologa ir slikti. Es uzskatu, ka tā domāt ir tumsonība,» saka Māra Ošuroka. Turklāt 21. gadsimtā, kad daudzi par normālu dzīves sastāvdaļu uzskata savu ārstu, frizieri, drēbnieku un vēl daudz ko citu, būtu tikai normāli, ja cilvēkam būtu arī savs astrologs.

Nav noslēpums, ka šobrīd cilvēki īpaši daudz interesējas ne tikai par astroloģiju, vispār – ezotēriskiem jautājumiem, un Mārai Ošurokai tam ir savs skaidrojums. «Tāds šobrīd ir planētu stāvoklis. Turklāt šobrīd Latvijā ir arī pietiekami daudz skolu, kur var mācīties astroloģiju. Īstenībā šobrīd cilvēks jūtas diezgan pazudis sevis meklējumos. Daudziem aktuāls ir jautājums, kāda ir viņa dzīves misija, ko viņam darīt tālāk? Pat ja cilvēkam ir darbs, ģimene, māja un suns, un viss pārējais, daudziem ir arī tukšuma sajūta vai, ja tā var teikt, jautājuma zīme. Jo šobrīd ir tāds laiks, kad visapkārt ir tik daudz tehnoloģiju, bet vienlaikus cilvēks mēģina iet atpakaļ pie dabas, pie dabas ritmiem. Astrologs ir kā starpnieks, jo viņš māk izskaidrot dabas – saules, mēness un citu planētu – ritmus un ietekmes. Cilvēks meklē savu es, tāpēc viņš vai nu meklē astrologu, vai nu pats sāk apgūt šo zinātni,» uzskata Māra Ošuroka.

«Jau daudzus gadus esmu pasniedzēja un zinu, ka ne jau visi nāk ar domu kardināli mainīt dzīvi, turpmāk pelnīt naudu šajā sfērā. Visvairāk nāk tie, kuri vēlas sevi harmonizēt un paplašināt savu redzesloku, jo lielais vairums turpina strādāt savā profesijā – jurisprudencē, būvniecībā, pedagoģijā, žurnālistikā, teātrī... Nevajag visā meklēt praktisko jēgu, daudz kas jādara no sirds.»

Ilgajā praksē astroloģe arī novērojusi, ka daudzi atnākot uz konsultāciju «ar attieksmi – sakārtojiet manu dzīvi, bet tas nav iespējams, cilvēkam pašam ir jādara, astrologs neko nevar atrisināt, viņš var tikai ieteikt ejamos ceļus. Es jau neesmu burve, es dalos ar savām zināšanām un pieredzi. Turklāt latvieši ir rukātāji, esam pieraduši pie smaga darba. Jaunieši ir citādi, bet vairums dzīvo ar pārliecību – tā ir jādara. Profesija jāizvēlas tāda, lai ar to var nopelnīt, lai ar to var pabarot ģimeni, bet cilvēkam, kurš piedzimis ar talantu dziedāt, nav jākļūst par juristu, taču latvieši tieši tā arī dara.»

«Astroloģija paņem daudz spēka un enerģijas. Katram jāatrod savs veids, kā atjaunoties,» atzīst Māra Ošuroka un atklāj, ka viņai nepieciešams ik pa laikam izbraukt ārpus Latvijas, vislabāk – ik pēc trim mēnešiem. «Ja no Latvijas neizbraucu reizi divos trijos mēnešos, es jūtos nomākta, kā nospiesta, jo Latvijā ir zemas debesis – gan tiešā, gan pārnestā nozīmē. Tāpēc Latvija ir pilna ar juristiem un ekonomistiem, no kuriem daudzi pēc tam ir mani klienti, jo pa lielam cilvēki negrib darīt neko radošu. Izbraucot ārā, ir sajūta, ka varu kārtīgi ievilkt elpu, un, kad atgriežos, ir sajūta, ka daudz produktīvāk varu darboties tālāk,» atzīst Māra Ošuroka. Krustu šķērsu viņa izbraukājusi sev tuvo zemi Franciju, bet jau kādu laiku tur neesot bijusi, pēdējos gados samērā bieži bijusi Krievijā. Un viņas rokassomiņā vienmēr esot pase vai personas ID karte, tas nozīmē – spontāniem ceļojumiem viņa vienmēr ir gatava, tomēr – ne visiem. «Uz Indiju es vēl neesmu gatava braukt. Esmu novērojusi, ka tie cilvēki, kas bijuši Indijā, kardināli mainās, jo – mainās viņu domāšana. Tā ir enerģētiski spēcīga vieta. Es mazliet baidos vilties, ka nebūs tā, kā esmu iedomājusies. Un vēl – man bail, ka nevis varu neatgriezties no Indijas, bet varu neatgriezties tajā stāvoklī, kā esmu bijusi bijis pirms tam. Esmu ezotērisks cilvēks, bet esmu arī ļoti ikdienišķs cilvēks, un man mazliet bail, ka pēc ceļojuma uz Indiju man varētu pazust dzīves ikdienišķā puse. Jāsaka – es varbūt neesmu gatava enerģētiski tik spēcīgai vietai. Iespējams, drīzāk aizbraukšu uz Ķīnu. Zinu vienu lietu – viss, kas man saistās ar citām valstīm, man izrādās ļoti liktenīgi, to zinu pēc sava horoskopa. Teiksim, Turcija paņēma gandrīz septiņus gadus no manas dzīves – tur man bija bizness, arī privātas attiecības. Līdzko es no Latvijas izraujos, tā man visa dzīve mainās.»

Astroloģe atzīst, ka viņa kā jau Vērša zīmes pārstāve nekad nevar palikt mierā, arī viņai ir grandiozi plāni. «Šaurums man ātri apnīk, man vienmēr vajag jaunus apvāršņus. Turklāt Vērši ir darbaholiķi. Vasarās, kad nav jāpasniedz lekcijas, es vienalga atrodu ko darīt. Teiksim, šo grāmatu es uzrakstīju aizvadītajā vasarā. Šobrīd tapšanas stadijā man ir mācību grāmata, un vēl uz pauzes uzlikta grāmata par manu dzīvi. Par saviem plāniem negribu stāstīt, bet tie viennozīmīgi nesaistās tikai ar Latviju. Protams, brīvajā laikā lasu grāmatas, visvairāk ezotēriska rakstura grāmatas. Vispār – man daudz kam nav laika, jo darbs šķiet svarīgāks, un to daudziem ir grūti iestāstīt.» .

• Dzimusi 1970. gada 11. maijā Rīgā. Pēc horoskopa Vērsis, ar emocijām Lauvā – «Nekaitināt!»

• Latvijas astrologu asociācijas valdes priekšsēdētāja (kopš 2011. gada)

• Horoskopu pasaules īpašniece, vadītāja un lektore

• Interneta medija Worldpodium.ru štata astroloģe un žurnāliste

• «Labākā skola – grāmatas, dzīves pieredze, filozofiskas zināšanas, pārējo atcerēties negribas... un būtu prieks, ja izglītības sistēmā kaut kas beidzot mainītos»

• Moto: Īstenot savu misiju, tādējādi pildot pienākumu pret sabiedrību, ir katra cilvēka patiesais uzdevums!","«Tā ir laime, ja cilvēks mīl savu darbu un vēl var būt noderīgs citiem,» uzskata astroloģe Māra Ošuroka. Nupat apgādā Jumava klajā nākusi viņas grāmata Iepazīsti astroloģiju!.",mal,nra,NRA,fake news,48fa0e89-cfe2-42e8-b992-1c434d784bcd,article,MassiveSum
https://www.madhyamam.com/gulf-news/uae/2016/aug/27/217929,,"ചൂടിനെ പേടിക്കേണ്ട, സ്റ്റേഡിയം ‘കൂള്‍’",,"ദുബൈ: ഗള്‍ഫ് രാജ്യങ്ങളിലെ പൊള്ളിക്കുന്ന ചൂടിനെക്കുറിച്ച് ആരോടും പ്രത്യേകം പറയേണ്ടതില്ല. വര്‍ഷത്തില്‍ പകുതിയും കടുത്ത ചൂടാണിവിടെ. പുറത്തിറങ്ങി നടന്നാല്‍ വിവരമറിയും. ചൂടത്ത് സ്റ്റേഡിയത്തില്‍ ഇരുന്ന് കളി കാണുന്നതിനെക്കുറിച്ച് ആലോചിക്കാനേ വയ്യ. എന്നാല്‍ കളി കാണാനത്തെുന്നവരെ തണുപ്പിക്കുന്ന സ്റ്റേഡിയം ആയാല്‍ എങ്ങനെയിരിക്കും. അതും എയര്‍കണ്ടീഷണറിന്‍െറ സഹായമില്ലാതെ. അത്തരമൊരു സ്റ്റേഡിയം നിര്‍മിക്കുന്നതിനെക്കുറിച്ച ആലോചനയിലാണ് ദുബൈ. പ്രശസ്ത ആര്‍ക്കിടെക്റ്റ് കമ്പനിയായ ‘പെര്‍കിന്‍സ് പ്ളസ് വില്‍’ ഇത്തരമൊരു സ്റ്റേഡയത്തിന്‍െറ മാതൃക പുറത്തിറക്കിയിരിക്കുകയാണിപ്പോള്‍. പൂര്‍ണമായും പരിസ്ഥിതി സൗഹൃദ മാര്‍ഗങ്ങളിലൂടെയാണ് കളി കാണാനത്തെുന്നവരെ സ്റ്റേഡിയം തണുപ്പിക്കുന്നത്. വലിയ പാത്രത്തിന്‍െറ രൂപത്തില്‍ ലോഹം കൊണ്ടായിരിക്കും സ്റ്റേഡിയത്തിന്‍െറ പുറം ഭാഗം നിര്‍മിക്കുക. നിരവധി സുഷിരങ്ങളുണ്ടാകും ഇതിന്. പുറത്ത് നിന്നടിക്കുന്ന കാറ്റ് സ്റ്റേഡിയത്തിനകത്തേക്ക് സുഷിരങ്ങളിലൂടെ പ്രവേശിക്കുമെങ്കിലും ചൂടിനെയും മണലിനെയും തടഞ്ഞുനിര്‍ത്തും. ടെഫ്ളോണ്‍ ആവരണമുള്ള ഗ്ളാസ് കൊണ്ടായിരിക്കും മേല്‍ക്കൂര. ഇത് ഓപണ്‍ എയര്‍ സ്റ്റേഡിയത്തിന്‍െറ പ്രതീതി ഉണ്ടാക്കുമെന്ന് മാത്രമല്ല, വെയില്‍ നേരിട്ട് ഗ്രൗണ്ടിലേക്കത്തെുന്നത് തടയുകയും ചെയ്യും. സ്റ്റേഡിയത്തിന്‍െറ അടിഭാഗത്ത് കൃത്രിമ കുളം നിര്‍മിക്കും. ചൂടിനെ ആഗിരണം ചെയ്യുന്ന സംവിധാനമായി ഇത് പ്രവര്‍ത്തിക്കും. ഇതിന് പുറമെ സ്റ്റേഡിയത്തിന് ചുറ്റും മരങ്ങള്‍ വെച്ചുപിടിപ്പിക്കും. ചൂട് കാറ്റ് സ്റ്റേഡിയത്തിനകത്തേക്ക് കടക്കുന്നത് തടയാന്‍ ഇതിലൂടെ കഴിയും. 13 ലക്ഷം ചതുരശ്രമീറ്റര്‍ വിസ്തൃതിയുള്ള സ്റ്റേഡിയം യു.എ.ഇയിലെ ഏറ്റവും വലുതായിരിക്കും. 60,000 പേര്‍ക്ക് ഇരുന്ന് കളി കാണാന്‍ ശേഷിയുണ്ടാകും. നിര്‍മാണത്തിന് അനുമതി ലഭിച്ചുകഴിഞ്ഞാല്‍ ലോകത്തെ ഇത്തരത്തിലെ ആദ്യത്തേതായിരിക്കും സ്റ്റേഡിയം. നൂറുകണക്കിന് ഫുട്ബാള്‍ ഭ്രാന്തന്മാരുള്ള രാജ്യമായ യു.എ.ഇയില്‍ ഫിഫയുടെ അംഗീകാരത്തോടെയുള്ള മത്സരങ്ങള്‍ക്ക് സ്റ്റേഡിയം വേദിയാകുമെന്നും കണക്കുകൂട്ടുന്നു. മറ്റ് കലാ- സാംസ്കാരിക പരിപാടികളും സ്റ്റേഡിയത്തില്‍ നടക്കും.",ദുബൈ: ഗള്‍ഫ് രാജ്യങ്ങളിലെ പൊള്ളിക്കുന്ന ചൂടിനെക്കുറിച്ച് ആരോടും പ്രത്യേകം പറയേണ്ടതില്ല. വര്‍ഷത്തില്‍ പകുതിയും കടുത്ത ചൂടാണിവിടെ. പുറത്തിറങ്ങി നടന്നാല്‍ വിവരമറിയും. ചൂടത്ത് സ്റ്റേഡിയത്തില്‍,mal,madhyamam,Madhyamam,fake news,3027a3c7-3b93-4abc-9690-55db3e4b61bc,article,MassiveSum
https://www.madhyamam.com/local-news/kozhikode/2017/dec/07/391274,,ഫാഷിസ്​റ്റ്​ വിരുദ്ധ സദസ്സ്​,,"കുറ്റിക്കാട്ടൂർ: ആർ.എസ്.എസ് ഭീകരതയുടെ 25ാം വാർഷിക ദിനത്തിൽ വെൽഫെയർ പാർട്ടി കുന്ദമംഗലം മണ്ഡലം കമ്മിറ്റി കുറ്റിക്കാട്ടൂരിൽ സംഘടിപ്പിച്ചു. ജില്ല വൈസ് പ്രസിഡൻറ് പി.സി. മുഹമ്മദ് കുട്ടി ഉദ്ഘാടനം ചെയ്തു. മണ്ഡലം പ്രസിഡൻറ് അൻവർ സാദത്ത് കുന്ദമംഗലം അധ്യക്ഷത വഹിച്ചു. സെക്രട്ടറി ടി.പി. ഷാഹുൽ ഹമീദ്, പഞ്ചായത്ത് പ്രസിഡൻറ് അനീസ് മുണ്ടോട്ട്, മധുസൂദനൻ നായർ, ഉമ്മർ മാസ്റ്റർ ഒളവണ്ണ എന്നിവർ സംസാരിച്ചു.",കുറ്റിക്കാട്ടൂർ: ആർ.എസ്.എസ് ഭീകരതയുടെ 25ാം വാർഷിക ദിനത്തിൽ വെൽഫെയർ പാർട്ടി കുന്ദമംഗലം മണ്ഡലം കമ്മിറ്റി കുറ്റിക്കാട്ടൂരിൽ  സംഘടിപ്പിച്ചു. ജില്ല വൈസ് പ്രസിഡൻറ് പി.സി. മുഹമ്മദ് കുട്ടി ഉദ്ഘാടനം,mal,madhyamam,Madhyamam,fake news,7bbe1a82-d6b7-46b1-9013-3099619e9bb8,article,MassiveSum
https://www.15min.lt/sportas/naujiena/futbolas/kaka-300-asias-rungtynes-milan-komandoje-pazymejo-imusdamas-du-ivarcius-24-415930,https://www.15min.lt/sportas/naujiena/futbolas/kaka-300-asias-rungtynes-milan-komandoje-pazymejo-imusdamas-du-ivarcius-24-415930,Kaka 300-ąsias rungtynes „Milan“ komandoje pažymėjo įmušdamas du įvarčius,,"Puikias rungtynes sužaidė vienas „Milan“ lyderių ir kapitonas Kaka, kuriam tai buvo 300-asis susitikimas vilkint „Rossoneri“ aprangą.

31-erių brazilas įmušė du įvarčius, kurie padėjo pribaigti varžovus. Mario Balotelli jau 4-ąją minutę pasižymėjo pirmasis, o po jo 27 ir 54 min. įvarčius mušė Kaka.

Pačioje mačo pabaigoje „Milan“ gynyba prisidirbo ir gavo 11 metrų baudinį, tačiau Cyrilas Théréau jo neįmušė ir nugalėtojai išsaugojo vartus „sausus“.

Antrąją pergalę iš eilės iškovoję „Milan“ futbolininkai šiuo metu „Serie A“ žengia 9-oje vietoje su 42 taškais. Tiek pat taškų kraityje turi ir rungtynėmis mažiau žaidęs Romos „Lazio“

VIDEO: AC Milan vs Chievo 3-0 All Goals & Highlights HD 29/03/2014 Serie A","„Milan“ klubas šeštadienio vakare iškovojo pergalę Italijos „Serie A“ pirmenybių 31-ojo turo rungtynėse, 3:0 namuose įveikdamas „Chievo“.",mal,15min,15Min,fake news,36bb2919-4367-49ad-9130-f3cbf7c2d799,article,MassiveSum
https://www.dengiamerika.com/a/3128438.html,https://www.dengiamerika.com/a/3128438.html,دەستەیەکی لێکۆڵێنەوەی بەرتانی دەڵێت ڕەنگە سەربازە بەریتانیەکانی لە عێراق شەڕیان دەکرد ڕووبەڕووی دادگایی کردن ببنەوە,,"بەڕێوەبەری لێکۆڵینەوەیەکی فەرمی بەریتانیا لەسەر شیانی خراپ بەکارهێنانی دەسەڵات لە میانەی شەڕی عێراق دەڵێت ڕەنگە سەربازانی بەریتانی ڕووبەڕووی دادگایی کردن ببنەوە بۆ تاوانەکانی کە بریتین لە کوشتنی بە مەبەستیش.

مارک وارویک دەڵێت لێکۆڵینەوە لە چەندین دۆسێی بەرچاو دەکرێت و کاربەدەستان تاووتوێی ئەوە دەکەن ئایە ئەم تاوانانە دەچێت خانەی تاوانی شەڕەوە یان نا.

هێزی بەریتانیا لە ساڵی 2009 لە عێراق کشایەوە. پارێزەرەکان هیشتا ئەو دۆسێیانە بە بڕیاری حکومەتی بەرتانیاوە دەبەستنەوە بوو چونە شەڕێکی شەش سالەی لەشکرییەوە لە عێراق.

ئەم لێکۆڵینەوەیە لە دۆسێی بەلایەنی کەم هەزارو 515 قوربانی دەکرێت کە 280 لەوانە گوایە بە شێوەیەکی نایاسایی کورژاون.

ئەو لێکۆڵینەوەیە هەتا کۆتایی ساڵی 2019 ئەنجامەکەی بە تەواوەتی ڕاناگەندرێت.",بەڕێوەبەری لێکۆڵینەوەیەکی فەرمی بەریتانیا لەسەر شیانی خراپ بەکارهێنانی دەسەڵات لە میانەی شەڕی عێراق دەڵێت ڕەنگە سەربازانی بەریتانی ڕووبەڕووی دادگایی کردن ببنەوە بۆ تاوانەکانی کە بریتین لە کوشتنی بە مەبەستیش.,mal,dengiamerika,Dengi Amerika,fake news,13091b25-4fae-40d3-a052-af1dec42a896,article,MassiveSum
https://www.15min.lt/naujiena/aktualu/lietuva/sportiniai-kauno-mero-kupcinsko-uzmojai-prajuokino-56-95858,https://www.15min.lt/naujiena/aktualu/lietuva/sportiniai-kauno-mero-kupcinsko-uzmojai-prajuokino-56-95858,Sportiniai Kauno mero Kupčinsko užmojai prajuokino,,"Kauno meras A.Kupčinskas gegužės 16-ąją taip pat ryžosi susikauti su daugiau nei šimtu aktyviai sportuojančių miestiečių ir paraišką dalyvauti maratone užpildė internetu.

Toje pačioje grupėje, kaip ir miesto vadovas, važiuos dar 15 vyrų, jie 30 kilometrų bandys įveikti mažiau nei per tris valandas.

„Vieną ratą meras tikrai įveiks. O keturis?"" – svarstė „Lietuvos žinių“ kalbinamas vienas renginio organizatorių Kauno orientavimosi sporto klubo „Takas“ atstovas Devis Žilovas. O vienas iš maratono dalyvių teigė, kad nesitreniravusiam žmogui maratonas tikrai sunku, juoba kad parinkta trasa nelengva.

Pats meras, daugiau sužinojęs apie maratono trasą, teigė savo sprendimo nekeisiąs. „Viskas įvyko per neapsižiūrėjimą. Paskubėjau užsiregistruoti ir tik vėliau sužinojau, kokį atstumą turėsiu nuvažiuoti“, – „Lietuvos žinioms“ prisipažino A.Kupčinskas.

Politikas tvirtino prieš dešimtmetį ne sykį su draugais per dieną nuvažiuodavęs 60 ar net 100 kilometrų. Nors tai buvo seniai, meras viliasi fizinės formos nepraradęs, nors pastaruoju metu neturi laiko važinėti.","Laikinosios sostinės dviratininkai aktyviai aptarinėja mero Andriaus Kupčinsko užmojį dalyvauti pirmajame Kauno dviračių maratone ir nuvažiuoti tokį atstumą, kokį įveikti tegali...",mal,15min,15Min,fake news,83223b71-adc6-4ba6-b9a1-126e066cb343,article,MassiveSum
https://www.dengiamerika.com/a/2104072.html,https://www.dengiamerika.com/a/2104072.html,Îro di Dîroka Amerîkî de,,"Copy and paste the embed code below.

The code has been copied to your clipboard.",ئه‌مڕۆ له‌ مێژووی ئه‌مه‌ریکادا,mal,dengiamerika,Dengi Amerika,fake news,98690621-878a-4fc0-9062-052b20e182de,article,MassiveSum
https://www.madhyamam.com/local-news/kozhikode/2017/jun/25/280143,,കുന്നുമ്മൽ ഗ്രാമപഞ്ചായത്ത്​ ആരോഗ്യസേനയുടെ നിരീക്ഷണത്തിൽ,,"കക്കട്ടിൽ: മഴക്കാലരോഗ പ്രതിരോധത്തി​െൻറ ഭാഗമായി കുന്നുമ്മൽ ഗ്രാമപഞ്ചായത്തിൽ ആരോഗ്യ വകുപ്പി​െൻറ നേതൃത്വത്തിൽ പ്രതിരോധ പ്രവർത്തനങ്ങൾ ഉൗർജിതമാക്കി. പഞ്ചായത്തിൽ മൂന്ന് െഡങ്കിപ്പനിയും ഒരു മഞ്ഞപ്പിത്തവും റിേപ്പാർട്ട് ചെയ്ത സാഹചര്യത്തിൽ 'ഒരു ദിനം ഒരു ഗ്രാമം' പരിപാടി നടപ്പാക്കൽ ആരംഭിച്ചു. ആേരാഗ്യ പ്രവർത്തകരുടെ നേതൃത്വത്തിൽ ഒരു വാർഡിലെ എല്ലാ വീടുകളും സന്ദർശിച്ച് ഉറവിടനശീകരണവും ബോധവത്കരണ ക്ലാസും ക്ലോറിനേഷനും നടപ്പാക്കുകയാണ് ഇൗ പദ്ധതി. ഒന്നു മുതൽ 11ാം വാർഡുവരെ സന്ദർശനം പൂർത്തീകരിച്ചു. പഞ്ചായത്ത്തല മോണിറ്ററിങ് കമ്മിറ്റി ചേർന്ന് വാർഡ്തല പ്രവർത്തനങ്ങൾ വിലയിരുത്തി. പ്രസിഡൻറ് കെ.ടി. രാജൻ, ഡോ. സി.പി. സജിത, ആരോഗ്യ കമ്മിറ്റി ചെയർമാൻ വിജിലേഷ്, വാർഡ് അംഗങ്ങൾ, അംഗൻവാടി പ്രവർത്തകർ, ആശ വർക്കർമാർ, ആരോഗ്യ ഉദ്യോഗസ്ഥർ എന്നിവർ പെങ്കടുത്തു. ഏഴാം വാർഡിൽ വികസനകാര്യ സ്റ്റാൻഡിങ് കമ്മിറ്റി ചെയർമാൻ സി.പി. സജിത 11ാം വാർഡിൽ ക്ഷേമകാര്യ കമ്മിറ്റി ചെയർമാൻ റീന സുരേഷ് എന്നിവർ നേതൃത്വം നൽകി. വാർഡ്തല ഗൃഹസന്ദർശനത്തിന് ഹെൽത്ത് ഇൻസ്പെക്ടർമാരായ സുേരന്ദ്രൻ, കെ.കെ. സന്തോഷ്, പി.ബി. ശ്രീജിത്ത്, എം.പി. അനിൽകുമാർ, ഷീബ എന്നിവർ നേതൃത്വം നൽകി. വരുംദിവസങ്ങളിൽ വീടുകളും കടകളുമുൾപ്പെടെ സന്ദർശനം നടത്തി കർശന നടപടി സ്വീകരിക്കാൻ മെഡിക്കൽ ഒാഫിസർ സി.പി. സജിത നിർദേശിച്ചു. പഞ്ചായത്തിൽ പനിയോ മറ്റു രോഗങ്ങളോ ശ്രദ്ധയിൽപെട്ടാൽ കെ.െക. സേന്താഷ് (ജെ.എച്ച്.െഎ) 9544245800 നമ്പറിൽ ബന്ധപ്പെടാം.",കക്കട്ടിൽ: മഴക്കാലരോഗ പ്രതിരോധത്തി​െൻറ ഭാഗമായി കുന്നുമ്മൽ ഗ്രാമപഞ്ചായത്തിൽ ആരോഗ്യ വകുപ്പി​െൻറ നേതൃത്വത്തിൽ പ്രതിരോധ പ്രവർത്തനങ്ങൾ ഉൗർജിതമാക്കി. പഞ്ചായത്തിൽ മൂന്ന് െഡങ്കിപ്പനിയും ഒരു...,mal,madhyamam,Madhyamam,fake news,5f482a0a-21a7-48e9-8fd2-f81b28c3ed8e,article,MassiveSum
https://www.madhyamam.com/local-news/trivandrum/2018/jan/07/410705,https://www.madhyamam.com/local-news/trivandrum/2018/jan/07/410705,കമലാ മില്‍ തീപിടിത്തം: മുൻ ഐ.പി.എസുകാര​െൻറ മകന്‍ അറസ്​റ്റില്‍,,"വില്ലനായത് ഹുക്കയിലെ തീപ്പൊരി മുംബൈ: പുതുവത്സരപ്പിറവിയുടെ തലേന്ന് 14 പേരുടെ മരണത്തിനിടയാക്കിയ കമലാ മില്‍ തീപിടിത്തവുമായി ബന്ധപ്പെട്ട് മുന്‍ ഐ.പി.എസ് ഉദ്യോഗസ്ഥ​െൻറ മകന്‍ അറസ്റ്റില്‍. മുന്‍ പുണെ, നാഗ്പുര്‍ പൊലീസ് കമീഷണര്‍ കൗഷല്‍ പതകി​െൻറ മകന്‍ യുഗ് പതകിനെയാണ് ശനിയാഴ്ച അറസ്റ്റ് ചെയ്തത്. കമലാ മില്‍ സമുച്ചയത്തിലെ കെട്ടിടങ്ങളിലൊന്നി​െൻറ ടെറസില്‍ പ്രവര്‍ത്തിച്ചിരുന്ന 'വണ്‍ എബൗ', 'മൊജൊസ് ബ്രിസ്ട്രൊ' എന്നീ പബ്ബുകളിലാണ് തീപിടിത്തമുണ്ടായത്. മൊജൊസി​െൻറ ഉടമകളില്‍ ഒരാളാണ് അറസ്റ്റിലായ യുഗ് പതക്. മൊജൊസിലെ ഹുക്ക പാര്‍ലറില്‍ നിന്നുണ്ടായ തീപ്പൊരിയാണ് ദുരന്തം വിതച്ച അഗ്നിബാധക്ക് കാരണമെന്ന മുംബൈ അഗ്നിശമനസേനയുടെ റിപ്പോര്‍ട്ടിനെതുടര്‍ന്നാണ് നടപടി. നേരേത്ത വണ്‍ എബൗവിലുണ്ടായ ഷോർട്ട് സര്‍ക്യൂട്ടാണ് കാരണമെന്ന് പറഞ്ഞ് പബ്ബ് ഉടമകള്‍ക്കും മാനേജര്‍മാര്‍ക്കും എതിരെ നരഹത്യകുറ്റത്തിന് പൊലീസ് കേസെടുത്തിരുന്നു. വണ്‍ എബൗവില്‍ പിറന്നാള്‍ ആഘോഷിക്കാനും മറ്റും എത്തിയവരാണ് മരിച്ചത്. തീ പടര്‍ന്നത് മൊജൊസിലെ ഹുക്കപാര്‍ലറില്‍ നിന്നാണെന്ന് ദൃക്സാക്ഷി മൊഴികളുണ്ടായിട്ടും പൊലീസ് കേസെടുത്തിരുന്നില്ല. െമാജൊസി​െൻറ ഉടമകള്‍ സ്വാധീനമുള്ളവരായതിനാല്‍ പൊലീസ് തങ്ങളെ കുടുക്കുകയാണെന്ന് വണ്‍ എബൗ ഉടമകള്‍ ആരോപിച്ചിരുന്നു. അഗ്നിശമനസേനയുടെ റിപ്പോര്‍ട്ടോടെ മൊജൊസ് ഉടമകള്‍ക്ക് എതിരെയും കേസെടുക്കാന്‍ പൊലീസ് നിര്‍ബന്ധിതരായി. യുഗ് പതകിനൊപ്പം മറ്റ് രണ്ട് സഹ ഉടമകള്‍ക്ക് എതിരെയും പൊലീസ് കേസെടുത്തു. സംഭവസ്ഥലത്തെ ശാസ്ത്രീയപരിശോധന, ദൃക്സാക്ഷിമൊഴികള്‍, േഫാട്ടൊ, വിഡിേയാ ക്ലിപ്പുകള്‍ തുടങ്ങിയവയുടെ അടിസ്ഥാനത്തിലാണ് കെണ്ടത്തലെന്ന് അഗനിശമനസേനവൃത്തങ്ങള്‍ പറഞ്ഞു. െമാജൊസി​െൻറ കര്‍ട്ടണിലാണ് ആദ്യം തീപിടിച്ചത്. പിന്നീട് തുണി, പ്ലാസ്റ്റിക്, മുള എന്നിവ കൊണ്ടുണ്ടാക്കിയ അറകളിലേക്ക് പടരുകയായിരുന്നു. ഹോട്ടല്‍, ബാര്‍, ഹുക്ക പാര്‍ലര്‍ എന്നിവക്കുള്ള ലൈസന്‍സ് മൊെജാസിന് ഹാജരാക്കാന്‍ കഴിഞ്ഞിട്ടില്ലെന്നും അഗ്നിശമനസേന ഉദ്യോഗസ്ഥര്‍ പറഞ്ഞു.","വില്ലനായത് ഹുക്കയിലെ തീപ്പൊരി  മുംബൈ: പുതുവത്സരപ്പിറവിയുടെ തലേന്ന് 14 പേരുടെ മരണത്തിനിടയാക്കിയ കമലാ മില്‍ തീപിടിത്തവുമായി ബന്ധപ്പെട്ട് മുന്‍ ഐ.പി.എസ് ഉദ്യോഗസ്ഥ​െൻറ മകന്‍ അറസ്റ്റില്‍. മുന്‍ പുണെ,...",mal,madhyamam,Madhyamam,fake news,22ee5cb8-2142-4954-b6d3-cae059958510,article,MassiveSum
https://www.madhyamam.com/gulf-news/qatar/qatar-air-ways-qatar-gulf-news/2017/jul/31/303695,,കാ​ൻ​ബ​റ​യി​ലേ​ക്ക് പു​തി​യ സ​ർ​വി​സ്​: വ​ള​ർ​ച്ച​യു​ടെ ആ​കാ​ശ​ത്ത്​ ഖ​ത്ത​ർ എ​യ​ർ​വേ​യ്സ്​,,"ദോ​ഹ: ഖ​ത്ത​ർ എ​യ​ർ​വേ​യ്സിെ​ൻ​റ ആ​സ്​ട്രേ​ലി​യ​യി​ലേ​ക്കു​ള്ള അ​ഞ്ചാ​മ​ത് സ​ർ​വി​സ്​ പ്ര​ഖ്യാ​പി​ച്ചു. അ​ടു​ത്ത വ​ർ​ഷ​മാ​ണ് ത​ല​സ്ഥാ​ന​മാ​യ കാ​ൻ​ബ​റ​യി​ലേ​ക്ക് ദോ​ഹ​യി​ൽ നി​ന്നും നേ​രി​ട്ടു​ള്ള സ​ർ​വി​സ്​ ആ​രം​ഭി​ക്കു​ന്ന​ത്. ഉ​പ​രോ​ധ​ത്തി​നി​ട​യി​ലും സാ​മ്പ​ത്തി​ക​മാ​യി വ​ള​ർ​ച്ച രേ​ഖ​പ്പെ​ടു​ത്തി​യ അ​വ​സ​ര​ത്തി​ൽ ത​ന്നെ ലോ​ക​ത്തിെ​ൻ​റ വി​വി​ധ ഭാ​ഗ​ങ്ങ​ളി​ലേ​ക്ക് കൂടുതൽ സ​ർ​വി​സു​ക​ൾ ആ​രം​ഭി​ക്കാ​ൻ ക​ഴി​യു​ന്ന​ത്​ ഖ​ത്ത​ർ എ​യ​ർ​വേ​യ്സി​ന് അ​ഭി​മാ​ന​ക​ര​മാ​യ നേ​ട്ട​മാ​യി.

2017–18 വ​ർ​ഷ​ങ്ങ​ളി​ലാ​യി 26 ന​ഗ​ര​ങ്ങ​ളി​ലേ​ക്കു​ള്ള പു​തി​യ സ​ർ​വി​സു​ക​ളാ​ണ് ഖ​ത്ത​ർ എ​യ​ർ​വേ​യ്സ്​ പ്ര​ഖ്യാ​പി​ച്ചി​രു​ന്ന​ത്. അ​ടു​ത്തി​ടെ യൂ​റോ​പ്യ​ൻ രാ​ജ്യ​മാ​യ മാ​സി​ഡോ​ണി​യ​യി​ലേ​ക്ക് ദോ​ഹ​യി​ൽ നി​ന്നു​ള്ള സ​ർ​വി​സ്​ ഖ​ത്ത​ർ എ​യ​ർ​വേ​യ്സ്​ തു​ട​ങ്ങി​യി​രു​ന്നു. ജൂ​ണി​ൽ പു​റ​ത്തി​റ​ക്കി​യ പു​തി​യ സാ​മ്പ​ത്തി​ക റി​പ്പോ​ർ​ട്ടി​ൽ വ​ൻ ലാ​ഭ​മാ​ണ് രേ​ഖ​പ്പെ​ടു​ത്തി​യി​രി​ക്കു​ന്ന​ത്. അ​തോ​ടൊ​പ്പം ത​ന്നെ 2022 വ​രെ ഫി​ഫ​യു​ടെ ഔ​ദ്യോ​ഗി​ക സ്​​പോ​ൺ​സ​ർ​ഷി​പ്പ് ക​രാ​റും ഖ​ത്ത​ർ എ​യ​ർ​വേ​യ്സി​ന് ത​ന്നെ​യാ​ണ്. വി​പ​ണി​യി​ലെ പ്ര​തീ​ക്ഷ​ക​ൾ​ക്കൊ​ത്ത് പ്ര​വ​ർ​ത്തി​ക്കു​ന്ന​താ​ണ് ഖ​ത്ത​ർ എ​യ​ർ​വേ​യ്സിെ​ൻ​റ വിജയരഹസ്യം. അ​തോ​ടൊ​പ്പം ത​ന്നെ ഉ​പ​ഭോ​ക്താ​ക്ക​ളു​ടെ അ​നു​ഭ​വ​ങ്ങ​ൾ അ​വി​സ്​ മ​ര​ണീ​യ​മാ​ക്കു​ന്ന​തി​നും ആ​ഗോ​ള​ത​ല​ത്തി​ൽ ത​ങ്ങ​ളു​ടെ ശൃം​ഖ​ല വി​ക​സി​പ്പി​ക്കു​ന്ന​തി​നും ഖ​ത്ത​ർ എ​യ​ർ​വേ​യ്സ്​ ശ്ര​മി​ച്ചുകൊ​ണ്ടി​രി​ക്കു​ന്നു.

പു​തി​യ റൂ​ട്ടു​ക​ൾ ക​ണ്ടെ​ത്തു​ന്ന​തി​ന് ക​മ്പ​നി വി​പു​ല​മാ​യ പ​ദ്ധ​തി​യാ​ണ് ത​യാ​റാ​ക്കി​ക്കൊ​ണ്ടി​രി​ക്കു​ന്ന​ത്. ആ​ഗ​സ്​​റ്റി​ൽ കി​ഴ​ക്ക​ൻ യൂ​റോ​പ്യ​ൻ രാ​ജ്യ​ങ്ങ​ളി​ലേ​ക്കു​ള്ള സ​ർ​വി​സു​ക​ൾ ഖ​ത്ത​ർ എ​യ​ർ​വേ​യ്സ്​ ആ​രം​ഭി​ക്കും. ചെ​ക്ക്​ റി​പ്പ​ബ്ലി​ക്കി​ലെ േപ്ര​ഗി​ലേ​ക്കും യു​ക്രെ​യ്​​നി​ലെ കീ​വി​ലേ​ക്കും ദോ​ഹ​യി​ൽ നി​ന്നും നേ​രി​ട്ടു​ള്ള സ​ർ​വി​സു​ക​ളാ​ണ് ആ​രം​ഭി​ക്കാ​നി​രി​ക്കു​ന്ന​ത്. കൂ​ടാ​തെ സോ​ഹാ​റി​ലേ​ക്ക് കൂ​ടി സ​ർ​വി​സ്​ ആ​രം​ഭി​ക്കു​ന്ന​തോ​ടെ ഒ​മാ​നി​ലെ മൂ​ന്നു ന​ഗ​ര​ങ്ങ​ളി​ലേ​ക്ക്​ സ​ർ​വി​സു​ണ്ടാ​വും. പു​തി​യ സ​ർ​വി​സു​ക​ൾ ആ​രം​ഭി​ക്കു​ന്ന​തി​ന് പു​റ​മേ നി​ല​വി​ലെ റൂ​ട്ടു​ക​ളി​ൽ സ​ർ​വീ​സു​ക​ളു​ടെ എ​ണ്ണം വ​ർ​ധി​പ്പി​ക്കു​ന്ന​തി​നും ഖ​ത്ത​ർ എ​യ​ർ​വേ​യ്സ്​ മു​ന്നോ​ട്ട് വ​രു​ന്നു​ണ്ട്. മോ​സ്​കോ​യി​ലേ​ക്കും കൊ​ളം​ബോ​യി​ലേ​ക്കും അ​ടു​ത്തി​ടെ സ​ർ​വി​സു​ക​ളു​ടെ എ​ണ്ണം വ​ർ​ധി​പ്പി​ച്ചി​രു​ന്നു.

കാ​ൻ​ബ​റ​യി​ലേ​ക്ക് കൂ​ടി സ​ർ​വി​സ്​ ആ​രം​ഭി​ക്കു​ന്ന​ത് ക​മ്പ​നി​യെ സം​ബ​ന്ധി​ച്ച് അ​ഭി​മാ​ന​ക​ര​മാ​യ നി​മി​ഷ​മാ​ണെ​ന്ന് ഖ​ത്ത​ർ എ​യ​ർ​വേ​യ്സ്​ സി.​ഇ.​ഒ അ​ക്ബ​ർ അ​ൽ ബാ​കി​ർ പ​റ​ഞ്ഞു. ഏ​ത് പ്ര​തി​കൂ​ല സാ​ഹ​ച​ര്യ​ത്തി​ലും ഉ​പ​ഭോ​ക്താ​ക്ക​ൾ​ക്കു​ള്ള സ​ർ​വി​സു​ക​ളി​ൽ കു​റ​വ് വ​രു​ത്തു​ക​യി​ല്ലെ​ന്നും അ​ദ്ദേ​ഹം കൂ​ട്ടി​ച്ചേ​ർ​ത്തു. അ​ടു​ത്ത ഫെ​ബ്രു​വ​രി​യി​ൽ സി​ഡ്നി വ​ഴി​യാ​ണ് കാ​ൻ​ബ​റ​യി​ലേ​ക്കു​ള്ള വി​മാ​നം ആ​രം​ഭി​ക്കു​ന്ന​ത്. ഇ​തി​നാ​യി സി​ഡ്നി റൂ​ട്ടി​ൽ അ​ധി​ക​രി​പ്പി​ച്ച വി​മാ​നം ഇ​തി​നാ​യി ഉ​പ​യോ​ഗ​പ്പെ​ടു​ത്തു​ന്ന​താ​ണ് ബ​ന്ധ​പ്പെ​ട്ട അ​ധി​കൃ​ത​ർ വ്യ​ക്ത​മാ​ക്കി.",2017–18 വ​ർ​ഷ​ങ്ങ​ളി​ലാ​യി 26  ന​ഗ​ര​ങ്ങ​ളി​ലേ​ക്കു​ള്ള പു​തി​യ   സ​ർ​വി​സു​ക​ളാ​ണ് ഖ​ത്ത​ർ  എ​യ​ർ​വേ​യ്സ്​ പ്ര​ഖ്യാ​പി​ച്ചി​രു​ന്ന​ത്,mal,madhyamam,Madhyamam,fake news,9eb1370f-8a1a-4da9-bad5-a352117bf0aa,article,MassiveSum
https://www.madhyamam.com/kerala/manjeswaram-polling/2017/jun/13/271921,,മഞ്ചേശ്വരത്ത്​ വോട്ട്​ ചെയ്​ത 20 പേർ പോളിങ്​ ദിവസം വിദേശത്തായിരുന്നെന്ന്​ കേന്ദ്ര സർക്കാർ,,"കൊ​ച്ചി: മ​ഞ്ചേ​ശ്വ​രം നി​യ​മ​സ​ഭാ മ​ണ്ഡ​ല​ത്തി​ൽ വോ​ട്ട്​ ചെ​യ്​​ത 20 പേ​ർ പോ​ളി​ങ്​ ദി​വ​സം വി​ദേ​ശ​ത്താ​യി​രു​ന്നെ​ന്ന്​ ക​ണ്ടെ​ത്തി​യ​താ​യി കേ​ന്ദ്ര സ​ർ​ക്കാ​ർ ഹൈ​കോ​ട​തി​യി​ൽ. 26 പേ​രു​ടെ യാ​ത്രാ​രേ​ഖ​ക​ൾ പ​രി​ശോ​ധി​ച്ച​പ്പോ​ഴാ​ണ്​ 20 പേ​രും ഇൗ ​ദി​വ​സം വി​ദേ​ശ​ത്താ​യി​രു​ന്നെ​ന്ന്​ ക​ണ്ടെ​ത്തി​യ​തെ​ന്ന്​ കേ​ന്ദ്ര ഇ​ൻ​റ​ലി​ജ​ൻ​സ്​ ബ്യൂ​റോ ഡെ​പ്യൂ​ട്ടി ഡ​യ​റ​ക്ട​ർ എ.​കെ. ഭു​യാ​ൻ അ​സി. സോ​ളി​സി​റ്റ​ർ ജ​ന​റ​ൽ മു​ഖേ​ന കോ​ട​തി​യി​ൽ സ​മ​ർ​പ്പി​ച്ച വി​ശ​ദീ​ക​ര​ണ പ​ത്രി​ക​യി​ൽ പ​റ​യു​ന്നു.

മ​ഞ്ചേ​ശ്വ​ര​ത്ത് പി.​ബി. അ​ബ്​​ദു​ൽ റ​സാ​ഖി​​​െൻറ തെ​ര​ഞ്ഞെ​ടു​പ്പ്​ റ​ദ്ദാ​ക്ക​ണ​മെ​ന്നാ​വ​ശ്യ​പ്പെ​ട്ട്​ എ​തി​ർ​സ്​​ഥാ​നാ​ർ​ഥി​യും ബി.​ജെ.​പി നേ​താ​വു​മാ​യ കെ. ​സു​രേ​ന്ദ്ര​ൻ ന​ൽ​കി​യ ഹ​ര​ജി​യി​ലാ​ണ് ക​ള്ള​വോ​ട്ട്​ ന​ട​ന്ന​ു​വെ​ന്ന്​ സൂ​ചി​പ്പി​ക്കു​ന്ന വി​ശ​ദീ​ക​ര​ണം കേ​ന്ദ്ര സ​ർ​ക്കാ​ർ ന​ൽ​കി​യി​രി​ക്കു​ന്ന​ത്. വി​ദേ​ശ​ത്തു​ള്ള​വ​രു​ടെ പേ​രി​ൽ ക​ള്ള​വോ​ട്ട്​ ചെ​യ്തെ​ന്ന ഹ​ര​ജി​ക്കാ​ര​​​െൻറ ആ​രോ​പ​ണ​ത്തെ തു​ട​ർ​ന്ന്​ 197 വോ​ട്ട​ർ​മാ​രു​ടെ യാ​ത്രാ​രേ​ഖ​ക​ൾ പ​രി​ശോ​ധി​ച്ച് റി​പ്പോ​ർ​ട്ട് ന​ൽ​കാ​ൻ ഹൈ​കോ​ട​തി കേ​ന്ദ്ര സ​ർ​ക്കാ​റി​നോ​ട്​ നി​ർ​ദേ​ശി​ച്ചി​രു​ന്നു. ഇൗ ​പ​ട്ടി​ക​യി​ലെ 26 പേ​രു​ടെ യാ​ത്രാ രേ​ഖ​ക​ളു​ടെ പ​രി​ശോ​ധ​ന​യാ​ണ്​ പൂ​ർ​ത്തി​യാ​ക്കി​യ​ത്.

വോ​ട്ടെ​ടു​പ്പ് ദി​വ​സ​മാ​യ 2016 മേ​യ് 16ന് ​ഇ​വ​രി​ൽ ആ​റു പേ​രൊ​ഴി​കെ എ​ല്ലാ​വ​രും വി​ദേ​ശ​ത്താ​യി​രു​ന്നു​വെ​ന്നാ​ണ്​ ക​ണ്ടെ​ത്തി​യ​ത്. പാ​സ്പോ​ർ​ട്ട് ന​മ്പ​ർ ല​ഭ്യ​മ​ല്ലാ​ത്ത​തി​നാ​ൽ നി​ർ​ദേ​ശി​ച്ചി​ട്ടു​ള്ള ബാ​ക്കി വോ​ട്ട​ർ​മാ​രു​ടെ വി​വ​ര​ങ്ങ​ൾ ല​ഭി​ക്കാ​ൻ കാ​ല​താ​മ​സ​മു​ണ്ടാ​കു​മെ​ന്നും വ്യ​ക്ത​മാ​ക്കി​യി​ട്ടു​ണ്ട്.

തെ​ര​ഞ്ഞെ​ടു​പ്പി​ൽ 89 വോ​ട്ടി​നാ​ണ്​ അ​ബ്​​ദു​ൽ റ​സാ​ഖ്​ വി​ജ​യി​ച്ച​ത്. വി​ദേ​ശ​ത്തു​ള്ള​വ​രു​ടെ​യും മ​രി​ച്ച​വ​രു​ടെ​യും പേ​രു​ക​ളി​ൽ വ്യാ​പ​ക​മാ​യി ക​ള്ള​വോ​ട്ട് ചെ​യ്തി​ട്ടു​ണ്ടെ​ന്നാ​രോ​പി​ച്ചാ​ണ്​ സു​രേ​ന്ദ്ര​ൻ ​ഹ​ര​ജി ന​ൽ​കി​യ​ത്. തെ​ര​ഞ്ഞെ​ടു​പ്പ്​ റ​ദ്ദാ​ക്കി ത​ന്നെ വി​ജ​യി​യാ​യി പ്ര​ഖ്യാ​പി​ക്ക​ണ​മെ​ന്നാ​ണ്​ ഹ​ര​ജി​യി​ലെ ആ​വ​ശ്യം.

ക​ള്ള​വോ​ട്ട് സം​ബ​ന്ധി​ച്ച ആ​രോ​പ​ണ​മു​യ​ർ​ന്ന 259 വോ​ട്ട​ർ​മാ​രെ വി​ളി​ച്ചു​വ​രു​ത്തി തെ​ളി​വെ​ടു​പ്പ്​ ന​ട​ത്താ​ൻ​ കോ​ട​തി സ​മ​ൻ​സ​യ​ച്ചി​ട്ടു​ണ്ട്. ഭീ​ഷ​ണി​യ​ു​ണ്ടെ​ന്ന പ​രാ​തി​യെ തു​ട​ർ​ന്ന്​ നാ​ലു​പേ​ർ​ക്ക്​ പൊ​ലീ​സ്​ സം​ര​ക്ഷ​ണ​യോ​ടെ സ​മ​ൻ​സ്​ അ​യ​ക്കാ​ൻ കോ​ട​തി നി​ർ​ദേ​ശി​ച്ചി​രു​ന്നു. എ​ന്നാ​ൽ, ഇൗ ​നാ​ലു​പേ​ർ​ക്കും സ​മ​ൻ​സ്​ ന​ൽ​കാ​ൻ ക​ഴി​ഞ്ഞി​ട്ടി​ല്ലെ​ന്ന്​ ചൂ​ണ്ടി​ക്കാ​ട്ടി മെ​സ​ഞ്ച​ർ വീ​ണ്ടും കോ​ട​തി​ക്ക്​ റി​പ്പോ​ർ​ട്ട്​ ന​ൽ​കി​യി​രി​ക്കു​ക​യാ​ണ്​. ഹ​ര​ജി വീ​ണ്ടും ചൊ​വ്വാ​ഴ്​​ച പ​രി​ഗ​ണി​ക്കും.",കൊ​ച്ചി: മ​ഞ്ചേ​ശ്വ​രം നി​യ​മ​സ​ഭാ മ​ണ്ഡ​ല​ത്തി​ൽ വോ​ട്ട്​ ചെ​യ്​​ത 20 പേ​ർ പോ​ളി​ങ്​ ദി​വ​സം വി​ദേ​ശ​ത്താ​യി​രു​ന്നെ​ന്ന്​ ക​ണ്ടെ​ത്തി​യ​താ​യി കേ​ന്ദ്ര സ​ർ​ക്കാ​ർ ഹൈ​കോ​ട​തി​യി​ൽ. 26 പേ​രു​ടെ...,mal,madhyamam,Madhyamam,fake news,73e09a0c-1139-4a39-bf27-f6764ed7c6ce,article,MassiveSum
https://www.madhyamam.com/business/business-news/lulu-bolgatty-programe-business-news/2018/apr/26/474520,,ലുലു ബോൾഗാട്ടി പദ്ധതി ഉദ്​ഘാടനം 28ന്,,"കൊ​ച്ചി: ​കേ​ര​ള​ത്തി​​െൻറ വി​നോ​ദ​സ​ഞ്ചാ​ര മേ​ഖ​ല​ക്ക്​ പു​ത്ത​നു​ണ​ർ​വേ​കു​ന്ന രാ​ജ്യ​ത്തെ ഏ​റ്റ​വും വ​ലി​യ ക​ൺ​വെ​ൻ​ഷ​ൻ സ​െൻറ​റും ഇ​ന്ത്യ​യി​ലെ മൂ​ന്നാ​മ​ത്തെ ഗ്രാ​ൻ​ഡ്​​ ഹ​യാ​ത്ത്​ ഹോ​ട്ട​ലും ഉ​ദ്​​ഘാ​ട​ന​ത്തി​നൊ​രു​ങ്ങി. 1800 കോ​ടി രൂ​പ മു​ത​ൽ​മു​ട​ക്കു​ള്ള ലു​ലു ഗ്രൂ​പ്പി​​െൻറ ബൃ​ഹ​ദ്​ പ​ദ്ധ​തി ശ​നി​യാ​ഴ്​​ച രാ​വി​ലെ 11ന്​ ​ബോ​ൾ​ഗാ​ട്ടി ദ്വീ​പി​ൽ മു​ഖ്യ​മ​ന്ത്രി പി​ണ​റാ​യി വി​ജ​യ​ൻ ഉ​ദ്​​ഘാ​ട​നം ചെ​യ്യും. രാ​ജ്യാ​ന്ത​ര നി​ല​വാ​ര​ത്തി​ലു​ള്ള ക​ൺ​വെ​ൻ​ഷ​ൻ സ​െൻറ​റി​ലൂ​ടെ കൊ​ച്ചി മൈ​സ്​ (മീ​റ്റി​ങ്​​സ്, ഇ​ൻ​സ​െൻറീ​വ്​​സ്, ക​ൺ​വെ​ൻ​ഷ​ൻ​സ്, എ​ക്​​സി​ബി​ഷ​ൻ​സ്) ടൂ​റി​സം രം​ഗ​ത്ത്​ ഇ​ന്ത്യ​യു​ടെ ഹ​ബ്ബാ​യി മാ​റു​മെ​ന്ന്​ ലു​ലു ഗ്രൂ​പ്​ ചെ​യ​ർ​മാ​നും മാ​നേ​ജി​ങ്​ ഡ​യ​റ​ക്​​ട​റു​മാ​യ എം.​എ. യൂ​സു​ഫ​ലി വാ​ർ​ത്ത​സ​മ്മേ​ള​ന​ത്തി​ൽ പ​റ​ഞ്ഞു. 13 ല​ക്ഷം ച​തു​ര​ശ്ര​യ​ടി വി​സ്​​തീ​ർ​ണ​ത്തി​ൽ ഹോ​ട്ട​ലും ക​ൺ​വെ​ൻ​ഷ​ൻ സ​െൻറ​റും ഉ​ൾ​പ്പെ​ടു​ന്ന വി​പു​ല​മാ​യ സൗ​ക​ര്യ​ങ്ങ​ൾ രാ​ജ്യാ​ന്ത​ര സ​മ്മേ​ള​ന​ങ്ങ​ൾ​ക്ക്​ ഇ​നി കൊ​ച്ചി​യി​ൽ വേ​ദി​യൊ​രു​ക്കും. ഒ​രു ല​ക്ഷം ച​തു​ര​ശ്ര​യ​ടി വി​സ്​​തീ​ർ​ണ​മു​ള്ള ക​ൺ​വെ​ൻ​ഷ​ൻ സ​െൻറ​ർ രാ​ജ്യ​ത്തു​ത​ന്നെ ഏ​റ്റ​വും വ​ലു​താ​ണ്. ഹോ​ട്ട​ലി​ലും ക​ൺ​വെ​ൻ​ഷ​ൻ സ​െൻറ​റി​ലു​മു​ള്ള വി​വി​ധ ഹാ​ളു​ക​ളി​ലാ​യി പ​തി​നാ​യി​ര​ത്തി​ല​ധി​കം പേ​രെ ഉ​ൾ​ക്കൊ​ള്ളാ​ൻ ക​ഴി​യും​വി​ധ​മാ​ണ്​ രൂ​പ​ക​ൽ​പ​ന. വി​ശാ​ല​മാ​യ പാ​ർ​ക്കി​ങ്​ ഏ​രി​യ​യി​ൽ 1500 കാ​ർ പാ​ർ​ക്ക്​ ചെ​യ്യാം. മൂ​ന്ന്​ ഹെ​ലി​പാ​ഡും ബ​സു​ക​ൾ​ക്ക്​ പ്ര​ത്യേ​ക പാ​ർ​ക്കി​ങ്​ സൗ​ക​ര്യ​വു​മു​ണ്ട്.

അ​യ്യാ​യി​ര​ത്തി​ല​ധി​കം​പേ​രെ ഉ​ൾ​​ക്കൊ​ള്ളു​ന്ന​താ​ണ്​ ക​ൺ​വെ​ൻ​ഷ​ൻ സ​െൻറ​റി​ലെ ഏ​റ്റ​വും വ​ലി​യ ഹാ​ളാ​യ ‘ലി​വ’. ‘വേ​മ്പ​നാ​ട്​’ എ​ന്ന പേ​രി​ലു​ള്ള ര​ണ്ടാ​മ​ത്തെ പ്ര​ധാ​ന ഹാ​ളി​ൽ 2200ല​ധി​കം പേ​ർ​ക്കു​ള്ള സൗ​ക​ര്യ​മു​ണ്ട്. യൂ​സു​ഫ​ലി​യു​ടെ നാ​ടാ​യ ‘നാ​ട്ടി​ക’​യു​ടെ പേ​രി​ലാ​ണ്​ മ​റ്റൊ​രു ഹാ​ൾ. അ​തി​വി​ശി​ഷ്​​ടാ​തി​ഥി​ക​ൾ​ക്ക്​ വി​ശ്ര​മി​ക്കാ​ൻ ‘ദി​വാ​ൻ’ എ​ന്ന പേ​രി​ലും ഹാ​ളു​ണ്ട്. ഹ​യാ​ത്ത്​ ഗ്രൂ​പ്പി​​െൻറ ആ​ഡം​ബ​ര ഹോ​ട്ട​ലാ​യ ഗ്രാ​ൻ​ഡ്​​ ഹ​യാ​ത്തി​ൽ 42 സ്യൂ​ട്ട്​ ഉ​ൾ​പ്പെ​ടെ 265 മു​റി​ക​ളു​ണ്ട്. മൂ​ട്ട്​ ജെ​ട്ടി​ക​ൾ, വാ​ട്ട​ർ ഫ്ര​ണ്ട്​ ഡെ​ക്ക്, വാ​ട്ട​ർ ആം​ഫി തി​യ​റ്റ​ർ, കു​ട്ടി​ക​ൾ​ക്കു​ള്ള ക​ളി​സ്​​ഥ​ല​ങ്ങ​ൾ തു​ട​ങ്ങി​യ സൗ​ക​ര്യ​ങ്ങ​ളു​മു​ണ്ട്.

കേ​ര​ള​ത്തി​​െൻറ രു​ചി​ക്കൂ​ട്ട്​ പ​ക​രു​ന്ന മ​ല​ബാ​ർ ക​ഫെ, താ​യ്, പാ​ശ്ചാ​ത്യ ഗ്രി​ല്ല്​ എ​ന്നി​വ ഉ​ൾ​പ്പെ​ടെ അ​ഞ്ച്​ റെ​സ്​​റ്റാ​റ​ൻ​റാ​ണു​ള്ള​ത്. ഉ​ദ്​​ഘാ​ട​ന​ച്ച​ട​ങ്ങി​ൽ കേ​ന്ദ്ര​മ​ന്ത്രി നി​തി​ൻ​ ഗ​ഡ്​​ഗ​രി അ​ധ്യ​ക്ഷ​ത വ​ഹി​ക്കും. യു.​എ.​ഇ മ​ന്ത്രി ശൈ​ഖ്​ ന​ഹ്​​യാ​ൻ ബി​ൻ മു​ബാ​റ​ക്​​ അ​ൽ ന​ഹ്​​യാ​ൻ, ബ​ഹ്​​റൈ​ൻ ഉ​പ​പ്ര​ധാ​ന​മ​ന്ത്രി ശൈ​ഖ്​ ഖാ​ലി​ദ്​ ബി​ൻ അ​ബ്​​ദു​ല്ല അ​ൽ ഖ​ലീ​ഫ, കേ​ന്ദ്ര​മ​ന്ത്രി അ​ൽ​ഫോ​ൻ​സ്​ ക​ണ്ണ​ന്താ​നം, പ്ര​തി​പ​ക്ഷ നേ​താ​വ്​ ര​മേ​ശ്​ ചെ​ന്നി​ത്ത​ല, മ​ന്ത്രി​മാ​രാ​യ ക​ട​കം​പ​ള്ളി സു​രേ​ന്ദ്ര​ൻ, വി.​എ​സ്. സു​നി​ൽ​കു​മാ​ർ തു​ട​ങ്ങി​യ​വ​ർ സം​സാ​രി​ക്കും. വാ​ർ​ത്ത​സ​മ്മേ​ള​ന​ത്തി​ൽ ലു​ലു ഗ്രൂ​പ്​ എ​ക്​​സി​ക്യൂ​ട്ടി​വ്​ ഡ​യ​റ​ക്​​ട​ർ എം.​എ. അ​ഷ്​​​റ​ഫ​ലി, ഡ​യ​റ​ക്​​ട​ർ​മാ​രാ​യ എം.​എ. സ​ലിം, എം.​എ. നി​ഷാ​ദ്, ഹ​യാ​ത്ത്​ ഇ​ന്ത്യ വൈ​സ്​ പ്ര​സി​ഡ​ൻ​റ്​ സ​ഞ്​​ജ​യ്​ ശ​ർ​മ, ഗ്രാ​ൻ​ഡ്​​ ഹ​യാ​ത്ത്​ കൊ​ച്ചി ജ​ന​റ​ൽ മാ​നേ​ജ​ർ ​ഗി​രീ​ഷ്​ ഭ​ഗ​ത്ത്​ എ​ന്നി​വ​രും പ​െ​ങ്ക​ടു​ത്തു.",ഗ്രാ​ൻ​ഡ്​​ ഹ​യാ​ത്ത്​ ഹോ​ട്ട​ലും രാ​ജ്യ​െ​ത്ത ഏ​റ്റ​വും വ​ലി​യ ക​ൺ​വെ​ൻ​ഷ​ൻ സെൻറ​റും  1800​ കോടി മുതൽമുടക്കിൽ ലുലു ഗ്രൂപ്പി​െൻറ ബൃഹദ്​ പദ്ധതി,mal,madhyamam,Madhyamam,fake news,6ad0ffca-1e6f-4791-96e2-aea6e3c06d11,article,MassiveSum
https://lao.voanews.com/a/yemen/2653071.html,https://lao.voanews.com/a/yemen/2653071.html,ອະດີດປະທານາທິບໍດີ ເຢເມນ ຫຼົບໜີຈາກ ນະຄອນຫຼວງ ຫລັງຈາກຖືກປ່ອຍໂຕ,,"ບັນດາ​ຜູ້ຊ່ວຍ ​ອະ​ດີດ​ປະທາ​ນາ​ມິ​ບໍດີ​ເຢ​ເມນ ທ່ານ Abed Rabbo Mansour Hadi ກ່າວ​ວ່າ ທ່ານ​ໄດ້ເດີນທາງອອກ​ ຈາກນະຄອນຫລວງ Sana’a ຫຼັງ​ຈາກ ພວກ​ກະບົດ Shi’ites ປ່ອຍ​ໂຕ​ທ່ານ​ໄປ ລຸນຫລັງ​ທີ່​ໄດ້​ຖືກ​ກັກ​ບໍລິ​ເວນ​ ​ມາ​ໄດ້​ຫລາຍ ​ອາທິດ.

ບັນດາ​ຜູ້​ຊ່ວຍ ກ່າວ​ຕໍ່​ສື່​ມວນຊົນຕາ​ເວັນ​ຕົກ​ໃນ​ວັນ​ເສົາ​ມື້​ນີ້​ວ່າ ທ່ານ Hadi ​ໄດ້​ມຸ້ງໜ້າ​ໄປ​ສູ່ເມືອງ Aden ຢູ່ໃນພາກໃຕ້ຂອງ ປະເທດ ຊຶ່ງເປັນ​ບ້ານ​ເກີດຂອງ​ທ່ານ.

ອະດີດ​ປະທານາທິບໍດີ ​ໄດ້​ຖືກ​ກັກ​ບໍ​ລິ​ເວນ​ຫລັງ​ຈາກ​ໄດ້​ຖືກຈັບ ກຸມ​ໃນ​ເດືອນ​ແລ້ວ​ນີ້ ພ້ອມດ້ວຍ​ບັນດາ​ລັດຖະມົນຕີ​ຂອງ​ທ່ານ ​ເວລາພວກ​ກະບົດ Houthi ຂອງ ຊາວຊີໄອທ໌ ໂຄ່ນ​ລົ້ມລັດຖະບານ​ເຢ​ເມນ.

ສະພາ​ຄວາມ​ໝັ້ນຄົງ ສະຫະ​ປະຊາ​ຊາດ ​ໄດ້​ຮັບ​ເອົາ​ມະຕິໃນ​ຕົ້ນ​ອາທິດ​ແລ້ວ​ນີ້ ຮຽກຮ້ອງ ​ໃຫ້ພວກກະບົດ Houthis ຟື້ນຟູລັດຖະບານເຢເມນຄືນ​ໃໝ່ ​ແລະ ທ່ານ Hadi ແມ່ນຜູ້​ທີ່ ​ໄດ້ຮັບການໜູນ​ຫລັງ​ໂດຍສະຫະລັດ.

ປະ​ເທດ​ເຢ​ເມນ​ ​ໄດ້​ປະສົບ​ກັບ​ຄວາມ​ວຸ້ນວາຍທາງ​ດ້ານ​ການເມືອງ ນັບ​ແຕ່ພວກ​ກະບົດ Houthi ​ໄດ້ເຂົ້າ​ຍຶດ​ເອົາ​ນະຄອນ​ຫລວງ Sana’a ​ໃນ​ເດືອນ​ກັນຍາ ປີ ກາຍນີ້.

​ໃນ​ວັນ​ສຸກ​ວານ​ນີ້ ທູດ​ພິ​ເສດ ສະຫະ​ປະຊາ​ຊາດປະຈຳ​ເຢ​ເມນ ກ່າວ​ວ່າ ບັນດາ​ພັກ​ການ​ ເມືອງທີ່ເປັນປໍລະປັກ ຮວມທັງພວກ​ກະບົດ Shi’ites ທີ່​ໄດ້​ເຂົ້າຍຶດອຳ ນາດ ຢູ່​ໃນ​ປະ​ເທດ ຊຶ່ງປະຊາຊົນສ່ວນ​ໃຫຍ່​ເປັນ​ຊາວ Sunni ນັ້ນ ໃກ້ຈະ​ບັນລຸການ​ຕົກລົງກັນແລ້ວ ທີ່​ອາດ​ຈະ ປ້ອງ​ກັນ​ບໍ່​ໃຫ້​ປະ​ເທດດັ່ງກ່າວ​ກ້າວເຂົ້າສູ່ສົງຄາມ​ກາງ​ເມືອງ.

ທ່ານ Jamal Benomar ​ໄດ້ໃຫ້ຄວາມເຫັນດັ່ງກ່າວ ຜ່ານ​ໜ້າ Facebook ຂອງທ່ານ ໃນ​ ວັນ​ສຸກ​ວານ​ນີ້ວ່າ “ພວກ​ເຮົາ​ໄດ້​ເອົາບາດກ້າວ​ທີ່​ສຳຄັນ​ໃນມື້​ເຊົ້າ​ນີ້ ​ໄປ​ສູ່ການບັນລຸ​ຂໍ້​ຕົກ ລົງທາງ​ການ​ເມືອງ​ເພື່ອ​ຍຸດຕິ​ວິ​ກິດ​ການ​ໃນ​ປັດຈຸບັນນີ້.”",ອະດີດ ປະທານາທິບໍດີເຢເມນ ທ່ານ Abed Rabbo Mansour Hadi ຫລົບໜີຈາກ ນະຄອນຫລວງ ຫລັງຈາກຖືກປ່ອຍໂຕ,mal,voanews,VOA News,fake news,2b504d0d-037b-4929-86df-0b15e0d8cc87,article,MassiveSum
https://www.madhyamam.com/local-news/thrissur/2018/mar/15/447782,,ആയുർവേദവിരുദ്ധ പ്രചാരണം: നടപടി വേണമെന്ന്​,,"തൃശൂർ: ആയുർവേദ ഒൗഷധങ്ങൾക്കും ചികിത്സ രീതിക്കുമെതിരെ ഏതാനും ദിവസങ്ങളായി സാമൂഹിക മാധ്യമങ്ങളിലൂടെ തൽപര കക്ഷികൾ നടത്തുന്ന കുപ്രചാരണത്തിനെതിരെ സർക്കാർ നടപടിയെടുക്കണമെന്ന് ആയുർവേദ ഫാർമസ്യൂട്ടിക്കൽ ഡിസ്ട്രിബ്യൂേട്ടഴ്സ് അസോസിയേഷൻ ജനറൽ കൗൺസിൽ സംസ്ഥാന കമ്മിറ്റി യോഗം ആവശ്യപ്പെട്ടു. ആയുർവേദത്തിന് േലാകമാകെ ലഭിക്കുന്ന സ്വീകാര്യതയിൽ വിറളി പൂണ്ട് മറ്റ് ചികിത്സ വിഭാഗങ്ങൾ അന്താരാഷ്ട്ര തലത്തിൽ നടത്തുന്ന ഗൂഢാലോചനയുടെ ഭാഗമാണ് ഇതെന്ന് യോഗം വിലയിരുത്തി. ഇത്തരം നീക്കങ്ങൾ ചെറുക്കാൻ ആയുർവേദ ഒൗഷധ നിർമാതാക്കൾ, ഡോക്ടർമാർ, ഗവേഷകർ, വിതരണക്കാർ, ചില്ലറ വിൽപനശാല നടത്തിപ്പുകാർ എന്നിവരുടെ വിശാല കൂട്ടായ്മ രൂപവത്കരിക്കാൻ യോഗം തീരുമാനിച്ചു. പ്രസിഡൻറ് പി.യു. രാജു അധ്യക്ഷത വഹിച്ചു. ജനറൽ സെക്രട്ടറി ജി.എസ്. രഞ്ജിത്ത് കുമാർ, കൺവീനർ എസ്. സുനിൽ, എം.കെ. സഹൽ, എം.എസ്. സജീവ്, പി.എൻ. സേതു എന്നിവർ സംസാരിച്ചു.",തൃശൂർ: ആയുർവേദ ഒൗഷധങ്ങൾക്കും ചികിത്സ രീതിക്കുമെതിരെ ഏതാനും ദിവസങ്ങളായി സാമൂഹിക മാധ്യമങ്ങളിലൂടെ തൽപര കക്ഷികൾ നടത്തുന്ന കുപ്രചാരണത്തിനെതിരെ സർക്കാർ നടപടിയെടുക്കണമെന്ന് ആയുർവേദ ഫാർമസ്യൂട്ടിക്കൽ...,mal,madhyamam,Madhyamam,fake news,117e048e-4be1-4b1c-bcb7-e82a8fcdf60a,article,MassiveSum
https://www.madhyamam.com/kerala/local-news/trivandrum/--602052,https://www.madhyamam.com/kerala/local-news/trivandrum/--602052,മാവോവാദി ഭീഷണി: പൊലീസ് നിയമനം പി.എസ്.സി വേഗത്തിലാക്കുന്നു,,"തിരുവനന്തപുരം: വനാന്തരങ്ങളി​െലയും വനാതിർത്തികളിലെയും സെറ്റിൽമൻെറ് കോളനികളിൽ താമസിക്കുന്ന പട്ടികവർഗവിഭാഗത്തിന് സംവരണം ചെയ്ത പൊലീസ്​ കോൺസ്​റ്റബിൾ തസ്​തികയിലേക്കുള്ള നിയമനം പി.എസ്.സി വേഗത്തിലാക്കുന്നു. മാവോവാദി ഭീഷണിയുടെ പശ്ചാത്തലത്തിൽ ഒഴിവുകൾ അടിയന്തരമായി നികത്തണമെന്ന ആഭ്യന്തരവകുപ്പിൻെറ ആവശ്യപ്രകാരമാണ് തെരഞ്ഞെടുപ്പ് നടപടികൾ വേഗത്തിലാക്കാൻ തിങ്കളാഴ്ച ചേർന്ന കമീഷൻ പി.എസ്.സി ഉദ്യോഗസ്ഥർക്ക് നിർദേശം നൽകിയത്. വയനാട്, മലപ്പുറം ജില്ലയിലെ നിലമ്പൂർ, കാളികാവ്, അരീക്കോട്, വണ്ടൂർ ബ്ലോക്കുകൾ, പാലക്കാട് ജില്ലയിലെ അട്ടപ്പാടി ബ്ലോക്ക് എന്നീ പ്രദേശങ്ങളിലെ യോഗ്യതയുള്ള വനിത, പുരുഷ ഉദ്യോഗാർഥികളിൽനിന്ന് അപേക്ഷ ക്ഷണിച്ചെങ്കിലും കോവിഡിൻെറ പശ്ചാത്തലത്തിൽ തുടർനടപടികൾ ഇഴഞ്ഞുനീങ്ങുകയായിരുന്നു. ഇവർക്ക് എഴുത്തുപരീക്ഷ ഒഴിവാക്കി കായികപരീക്ഷയും അഭിമുഖവും നടത്തി നിയമിക്കാനാണ് തീരുമാനം. വനിതകളെ 35 ഒഴിവുകളിലേക്കും പുരുഷന്മാരെ 90 ഒഴിവുകളിലേക്കുമാണ് ബറ്റാലിയൻ അടിസ്ഥാനത്തിൽ നിയമിക്കുക. യോഗ്യരായ ഉദ്യോഗാർഥികൾക്കുള്ള പ്രായോഗികപരീക്ഷകൾ വയനാട് നവംബർ 17 മുതൽ 25 വരെയും (ഞായറാഴ്ച ഒഴികെ), പാലക്കാട് നവംബർ 17 മുതൽ 20 വരെയും മലപ്പുറത്ത് നവംബർ 20, 21, 23, 24, 25 തീയതികളിലും പൂർത്തീകരിക്കും. പ്രായോഗികപരീക്ഷയിൽ വിജയിച്ചവരെ ഉൾപ്പെടുത്തി അഭിമുഖത്തിന്​ മുന്നോടിയായി ചുരുക്കപ്പട്ടിക പ്രസിദ്ധീകരിക്കും. വയനാട് ജില്ലയിലെ ബത്തേരി, മാനന്തവാടി, മലപ്പുറം ജില്ലയിലെ നിലമ്പൂർ, പാലക്കാട് ജില്ലയിലെ അട്ടപ്പാടി എന്നിവിടങ്ങളിൽ നവംബറിൽ തന്നെ ഒന്നിലധികം ബോർഡുകൾ രൂപവത്​കരിച്ച് അഭിമുഖം പൂർത്തിയാക്കാനും കമീഷൻ തീരുമാനിച്ചു. സിവിൽ എക്സൈസ്​ ഓഫിസർ (പാലക്കാട്), ൈട്രബൽ വാച്ചർ (വയനാട്) തസ്​തികകളിലേക്ക് ഗോത്രവർഗ വിഭാഗത്തിൽ​െപട്ടവരിൽ നിന്ന് നേരിട്ട് അപേക്ഷ ക്ഷണിക്കും. വയനാട് ജില്ലയിൽ വനംവകുപ്പിൽ ൈട്രബൽ വാച്ചർ തസ്​തികയിലേക്ക് വനത്തെ മാത്രം ആശ്രയിച്ച് കഴിയുന്ന പട്ടികവർഗത്തിൽ​െപട്ട യോഗ്യതയുള്ള ഉദ്യോഗാർഥികളിൽനിന്ന് അപേക്ഷ ക്ഷണിക്കും. ഈ തസ്​തികയിലേക്കുള്ള തെരഞ്ഞെടുപ്പിന് അതത് ജില്ലയിലെ ഉദ്യോഗാർഥികളെ മാത്രമേ പരിഗണിക്കുകയുള്ളൂ. എക്സൈസ്​ വകുപ്പിൽ സിവിൽ എക്സൈസ്​ ഒാഫിസർ തസ്​തികയിലേക്ക് പാലക്കാട് ജില്ലയിലെ അട്ടപ്പാടി ബ്ലോക്കിലെ വനാന്തരങ്ങളിലെയും വനാതിർത്തികളിലെയും സെറ്റിൽമൻെറ് കോളനികളിൽ താമസിക്കുന്ന പട്ടികവർഗവിഭാഗത്തിൽ​െപട്ട പണിയൻ, അടിയാൻ, കാട്ടുനായിക്കൻ വിഭാഗങ്ങളിലെ യോഗ്യതയുള്ള ഉദ്യോഗാർഥികളിൽനിന്ന്​ അപേക്ഷ ക്ഷണിക്കാനും തീരുമാനമായി.",മാവോവാദി ഭീഷണി: പൊലീസ് നിയമനം പി.എസ്.സി വേഗത്തിലാക്കുന്നു,mal,madhyamam,Madhyamam,fake news,7783c752-5f71-40af-986d-4ef9dbee2824,article,MassiveSum
https://www.delfi.lv/news/arzemes/asv-oficiali-sak-izstasanos-no-pvo.d?id=52284893,https://www.delfi.lv/news/arzemes/asv-oficiali-sak-izstasanos-no-pvo.d?id=52284893,ASV oficiāli sāk izstāšanos no PVO,,"ASV prezidents Donalds Tramps otrdien oficiāli sāka ASV izstāšanos no Pasaules Veselības organizācijas (PVO), īstenojot savus draudus par galvenā finansējuma avota atņemšanu PVO tās reakcijas uz Covid-19 dēļ.

Veselības nozares pārstāvji un Trampa politiskie pretinieki pauda sašutumu par ASV aiziešanu no šīs ANO institūcijas, kura vada globālo cīņu pret slimībām, tai skaitā Covid-19.

Trampa administrācija, kas bija draudējusi apturēt ikgadējo finansējumu PVO 400 miljonu ASV dolāru apmērā un pēc tam paziņojusi par izstāšanos no šīs organizācijas, otrdien oficiāli nosūtīja izstāšanās paziņojumu ANO ģenerālsekretāram Antoniu Gutērrešam, pavēstīja Valsts departamenta preses sekretāre.

Izstāšanās stāsies spēkā pēc gada - 2021.gada 6.jūlijā. Ja ASV prezidenta vēlēšanās novembrī uzvarētu Trampa sāncensis Džo Baidens, tad ir gaidāms, ka viņš apturētu šo izstāšanos un ASV paliktu PVO sastāvā.

Gutērreša preses sekretārs un PVO apstiprināja, ka PVO dibinātājvalsts ASV ir nosūtījusi šādu paziņojumu.

PVO vadītājs Tedross Adhanoms Gebreiesuss otrdien teica runu, kurā sacīja, ka ""nacionāla vienotība un globāla solidaritāte ir svarīgākas nekā jebkad agrāk, lai sakautu kopīgu ienaidnieku"".

Saskaņā ar PVO dibināšanas 1948. gadā nosacījumiem ASV var izstāties gada laikā, bet valstij ir jānokārto atlikušās finanšu saistības.

Tramps maija beigās paziņoja, ka Ķīnai ir ''pilnīga kontrole"" pār PVO, un apsūdzēja šo organizāciju reformu neīstenošanā.

Tramps, kurš bieži kritizējis ANO, vainoja Ķīnu jaunā koronavīrusa pandēmijā un sacīja, ka ASV novirzīs finansējumu ""citām pasaules mēroga un steidzamām, globālām sabiedriskās veselības vajadzībām"".

Trampa administrācija ir paziņojusi, ka PVO ignorēja agrīnās pazīmes par Covid-19 nodošanu no cilvēka cilvēkam Ķīnā, kā arī brīdinājumus no Taivānas, kura Ķīnas spiediena dēļ nav PVO dalībniece.","ASV prezidents Donalds Tramps otrdien oficiāli sāka ASV izstāšanos no Pasaules Veselības organizācijas (PVO), īstenojot savus draudus par galvenā finansējuma avota atņemšanu PVO tās reakcijas uz Covid-19 dēļ.",mal,delfi,Delfi,fake news,1fba3dc6-b0a6-4d44-ace5-62b2b5aadaee,article,MassiveSum
https://www.madhyamam.com/opinion/editorial/political-morality-mith-article/2017/aug/21/317734,,രാഷ്​ട്രീയ ധാർമികതയെന്ന കെട്ടുകഥ,,"‘തെ​ര​ഞ്ഞെ​ടു​പ്പ് സ്വ​ത​ന്ത്ര​വും നീ​തി​യു​ക്ത​വും സു​താ​ര്യ​വു​മാ​കു​മ്പോ​ഴാ​ണ് ജ​നാ​ധി​പ​ത്യം പു​ഷ്​​ടി​പ്പെ​ടു​ന്ന​ത്. എ​ന്നാ​ൽ, ഒ​രു ധാ​ർ​മി​ക​ത​യും ഇ​ല്ലാ​തെ എ​ങ്ങ​നെ​യും ജ​യി​ക്കാ​നു​ള്ള​താ​യി തെ​ര​ഞ്ഞെ​ടു​പ്പു​ക​ൾ മാ​റു​ന്ന​താ​യാ​ണ്​ സാ​ധാ​ര​ണ​ക്കാ​ര‍​െൻറ അ​നു​ഭ​വം. പ​ണം ന​ൽ​കി വ​ശീ​ക​രി​ക്കു​ക. ഭ​ര​ണ​കൂ​ട ഉ​പ​ക​ര​ണ​ങ്ങ​ളെ ഉ​പ​യോ​ഗി​ച്ച് വി​ര​ട്ടു​ക തു​ട​ങ്ങി​യ ത​ന്ത്ര​ങ്ങ​ളാ​ണ് രാ​ഷ്​​ട്രീ​യ പാ​ർ​ട്ടി​ക​ൾ പ​യ​റ്റു​ന്ന​ത്. സാ​മാ​ജി​ക​രെ വി​ല​യ്ക്കെ​ടു​ക്കു​ന്ന​ത് മി​ക​ച്ച രാ​ഷ്​​ട്രീ​യ പ്ര​വ​ർ​ത്ത​ന​മെ​ന്നാ​ണ് വി​ളി​ക്കു​ന്ന​ത്. ഭ​ര​ണ​പ​ക്ഷ​ത്തേ​ക്ക് കൂ​റു​മാ​റു​ന്ന​യാ​ൾ തെ​റ്റി​ൽ​നി​ന്നും അ​പ​രാ​ധി​ത്വ​ത്തി​ൽ​നി​ന്നും മു​ക്ത​മാ​വു​ന്നു. രാ​ഷ്​​ട്രീ​യ ധാ​ർ​മി​ക​ത​യി​ൽ പ​ട​രു​ന്ന ഈ ​പു​തി​യ നീ​തി​മ​ന്ത്ര​ത്തി​നെ​തി​രെ രാ​ഷ്​​ട്രീ​യ​പാ​ർ​ട്ടി​ക​ളും മാ​ധ്യ​മ​ങ്ങ​ളും പൊ​തു​സ​മൂ​ഹ​വും ഭ​ര​ണ​ഘ​ട​ന അ​ധി​കാ​ര​കേ​ന്ദ്ര​ങ്ങ​ളും ജ​നാ​ധി​പ​ത്യ​ത്തി​ൽ വി​ശ്വാ​സ​മു​ള്ള എ​ല്ലാ​വ​രും രം​ഗ​ത്തു​വ​ര​ണം.’ രാ​ഷ്​​ട്രീ​യ സ​ദാ​ചാ​ര​ത്തി​ൽ പ​ട​ർ​ന്നു​പി​ടി​ക്കു​ന്ന പു​തി​യ വ​ഴ​ക്ക​ത്തെ തു​റ​ന്നെ​തി​ർ​ത്തു​കൊ​ണ്ട് തെ​ര​ഞ്ഞെ​ടു​പ്പ് ക​മീ​ഷ​ണ​ർ ഒ.​പി. റാ​വ​ത്ത് ക​ഴി​ഞ്ഞ ദി​വ​സം ന്യൂ​ഡ​ൽ​ഹി​യി​ൽ ന​ട​ന്ന സ​മ്മ​തി​ദാ​യ​ക-​രാ​ഷ്​​ട്രീ​യ പ​രി​ഷ്ക​ര​ണ​ത്തെ സം​ബ​ന്ധി​ച്ച ച​ർ​ച്ച​യി​ൽ പ​റ​ഞ്ഞ വാ​ക്കു​ക​ളാ​ണി​ത്. ഗു​ജ​റാ​ത്ത് രാ​ജ്യ​സ​ഭാ തെ​ര​ഞ്ഞെ​ടു​പ്പി​ൽ അ​ര​ങ്ങേ​റി​യ വ​ഷ​ള​ൻ രാ​ഷ്​​ട്രീ​യ ചൂ​താ​ട്ട​ത്തെ പ്ര​ത്യേ​ക അ​ധി​കാ​ര​മു​പ​യോ​ഗി​ച്ച് റ​ദ്ദാ​ക്കി​യ തെ​ര​ഞ്ഞെ​ടു​പ്പ് ക​മീ​ഷ​ൻ ന​ട​പ​ടി​ക്കെ​തി​രെ ബി.​ജെ.​പി കോ​ട​തി​യെ സ​മീ​പി​ക്കാ​ൻ തീ​രു​മാ​നി​ച്ച പ​ശ്ചാ​ത്ത​ല​ത്തി​ൽ​കൂ​ടി​യാ​ണ് തെ​ര​ഞ്ഞെ​ടു​പ്പ് ക​മീ​ഷ​ണ​ർ ആ​ർ​ജ​വ​പൂ​ർ​വം നി​ല​പാ​ട് പ്ര​ഖ്യാ​പി​ച്ചി​രി​ക്കു​ന്ന​ത്. ര​ണ്ടു​വ​ർ​ഷ​ത്തി​ൽ കു​റ​യാ​ത്ത തെ​ര​ഞ്ഞെ​ടു​പ്പു​കു​റ്റ​മാ​യി പെ​യ്ഡ് ന്യൂ​സി​നെ പ​രി​ഗ​ണി​ക്ക​ണ​മെ​ന്നും തെ​ര​ഞ്ഞെ​ടു​പ്പ് ചെ​ല​വി​ന് പ​രി​ധി​വെ​ക്ക​ണ​മെ​ന്നും വ്യ​ക്ത​മാ​ക്കി​യ അ​ദ്ദേ​ഹം ഇ​ല​ക്ട​റ​ൽ ബോ​ണ്ടി​ലും ജ​ന​പ്രാ​തി​നി​ധ്യ നി​യ​മ​ത്തി​ൽ ഭേ​ദ​ഗ​തി വ​രു​ത്താ​നു​ള്ള നി​ർ​ദേ​ശ​ത്തി​ലു​മു​ള്ള വി​യോ​ജി​പ്പ് രേ​ഖ​പ്പെ​ടു​ത്തു​ക​യും ചെ​യ്തു​കൊ​ണ്ടാ​ണ്​ മു​ഖ്യ​പ്ര​ഭാ​ഷ​ണ​ത്തി​ന് വി​രാ​മ​മി​ട്ട​ത്.

ഇ​ന്ത്യ​ൻ രാ​ഷ്​​ട്രീ​യ​ത്തെ ഗ്ര​സി​ച്ചു​കൊ​ണ്ടി​രി​ക്കു​ന്ന ധാ​ർ​മി​കാ​പ​ച​യ​ത്തെ കു​റി​ച്ച തെ​ര​ഞ്ഞെ​ടു​പ്പ് ക​മീ​ഷ​ണ​റു​ടെ വേ​വ​ലാ​തി പ​ര​സ്യ​മാ​ക്കി​യ അ​തേ ദി​നം ത​ന്നെ ത​മി​ഴ്നാ​ട് രാ​ഷ്​​ട്രീ​യ​ത്തി​ൽ കേ​ന്ദ്രാ​ധി​കാ​ര​മു​പ​യോ​ഗി​ച്ച് ബി.​ജെ.​പി ന​ട​ത്തു​ന്ന കു​തി​ര​ക്ക​ച്ച​വ​ട​ത്തി​െൻറ വാ​ർ​ത്ത​ക​ളും പു​റ​ത്തു​വ​രു​ന്ന​ത്. മ​ണി​പ്പു​ർ, ഗോ​വ, അ​സം, മ​ഹാ​രാ​ഷ്​​ട്ര, ബി​ഹാ​ർ, ഉ​ത്ത​ർ​പ്ര​ദേ​ശ് എ​ന്നി​വി​ട​ങ്ങ​ളി​ൽ വി​ജ​യി​ച്ച അ​ധി​കാ​ര​ദ്ര​വ്യം ത​മി​ഴ്നാ​ട്ടി​ൽ കൂ​ടി ഒ​ഴു​കാ​ൻ പോ​കു​ക​യാ​ണ്. അ​ധി​കാ​ര ദു​ർ​വി​നി​യോ​ഗ​ത്തി​ന് എ​വി​ടെ​നി​ന്നാ​ണ് ഇ​ത്ര​യ​ധി​കം പ​ണ​മെ​ന്ന ചോ​ദ്യ​ത്തി​നു​ള്ള ഉ​ത്ത​രം പ്ര​മു​ഖ പാ​ർ​ട്ടി​ക​ൾ​ക്ക് ക​ഴി​ഞ്ഞ നാ​ലു​വ​ർ​ഷം ല​ഭി​ച്ച സം​ഭാ​വ​ന​ക​ൾ പ​രി​ശോ​ധി​ച്ചു​കൊ​ണ്ട് അ​സോ​സി​യേ​ഷ​ൻ ഓ​ഫ് ഡെ​മോ​ക്രാ​റ്റി​ക് റി​ഫോം​സ് പു​റ​ത്തി​റ​ക്കി​യ റി​പ്പോ​ർ​ട്ടി​ൽ നി​ന്ന് ല​ഭി​ക്കും. 2012 മു​ത​ൽ 2016വ​രെ​യു​ള്ള സാ​മ്പ​ത്തി​ക​വ​ർ​ഷം തെ​ര​ഞ്ഞെ​ടു​പ്പ് ക​മീ​ഷ​ന് ന​ൽ​കി​യ ക​ണ​ക്കു​പ്ര​കാ​രം നാ​ല് പ്ര​ധാ​ന ദേ​ശീ​യ പാ​ർ​ട്ടി​ക​ൾ​ക്ക് കി​ട്ടി​യ സം​ഭാ​വ​ന1066 കോ​ടി രൂ​പ​യാ​ണ്. അ​തി​ൽ 956.77 കോ​ടി​യു​ടെ ദാ​താ​ക്ക​ളും വ​ൻ​കി​ട കോ​ർ​പ​റേ​റ്റു​ക​ൾ. അ​വ​രു​ടെ സം​ഭാ​വ​ന​യു​ടെ 80 ശ​ത​മാ​ന​വും (768.25 കോ​ടി) സ്വീ​ക​രി​ച്ച​ത് കേ​ന്ദ്രം ഭ​രി​ക്കു​ന്ന ബി.​ജെ.​പി. 2004 മു​ത​ൽ 2012 വ​രെ അ​വ​ർ​ക്ക് ല​ഭി​ച്ച​ത് 192 കോ​ടി​യാ​യി​രു​ന്നു​വെ​ന്ന് ചേ​ർ​ത്തു​വാ​യി​ക്കു​മ്പോ​ഴാ​ണ് അ​ധി​കാ​ര​ത്തി​െൻറ ഇ​ട​നാ​ഴി​ക​ളി​ലൂ​ടെ​യൊ​ഴു​കു​ന്ന പ​ണ​വും പ​ണ​മൊ​ഴു​കി നേ​ടു​ന്ന അ​ധി​കാ​ര​ക​സേ​ര​ക​ളു​ടെ​യും പ്ര​യോ​ജ​ക​രെ തി​രി​ച്ച​റി​യു​ക. പാ​ൻ ന​മ്പ​റോ മ​റ്റു രേ​ഖ​ക​ളോ ഇ​ല്ലാ​തെ ല​ഭി​ച്ച 159.67 കോ​ടി രൂ​പ​യി​ൽ 159.59 കോ​ടി രൂ​പ​യു​ടെ സ്വീ​ക​ർ​ത്താ​ക്ക​ളും ബി.​ജെ.​പി ത​ന്നെ. ക​മീ​ഷ​ന് അ​വ​സാ​ന​ത്തെ ര​ണ്ടു മാ​സ​ത്തെ ക​ണ​ക്ക് ബി.​ജെ.​പി ന​ൽ​കി​യി​ട്ടി​ല്ലെ​ന്നും അ​സോ​സി​യേ​ഷ​ൻ റി​പ്പോ​ർ​ട്ട് സൂ​ചി​പ്പി​ക്കു​ന്നു​ണ്ട്. അ​െ​ത​ത്ര​യെ​ന്ന്​ അ​മി​ത് ഷാ​ക്കേ അ​റി​യൂ. നാ​ലു വ​ർ​ഷ​ത്തി​നു​ള്ളി​ൽ കേ​ന്ദ്രം ഭ​രി​ക്കു​ന്ന പാ​ർ​ട്ടി​ക്കും അ​തി​െൻറ അ​ധ്യ​ക്ഷ​നു​മു​ണ്ടാ​യ (രാ​ജ്യ​സ​ഭ തെ​ര​ഞ്ഞെ​ടു​പ്പി​നോ​ട​നു​ബ​ന്ധി​ച്ച് സ​മ​ർ​പ്പി​ച്ച ക​ണ​ക്കി​ലു​ണ്ടാ​യ വ​രു​മാ​ന വ​ർ​ധ​ന 300 മ​ട​ങ്ങ് (34.31കോ​ടി) സാ​മ്പ​ത്തി​ക വ​ള​ർ​ച്ച ആ​രെ​യും ഞെ​ട്ടി​പ്പി​ക്കു​ന്ന​താ​ണ്.

2017 മാ​ർ​ച്ച് അ​വ​സാ​ന ബു​ധ​നാ​ഴ്ച സ​മാ​പി​ച്ച ലോ​ക്​​സ​ഭ സ​മ്മേ​ള​ന​ത്തി​ൽ കോ​ർ​പ​റേ​റ്റു​ക​ൾ രാ​ഷ്​​ട്രീ​യ പാ​ർ​ട്ടി​ക​ൾ​ക്ക് ന​ൽ​കു​ന്ന സം​ഭാ​വ​ന​ക​ളെ സം​ബ​ന്ധി​ച്ച് പാ​സാ​ക്കി​യ ധ​ന​കാ​ര്യ​ബി​ൽ ഭേ​ദ​ഗ​തി ആ​ർ​ക്കു​വേ​ണ്ടി​യാ​െ​ണ​ന്നും എ​ന്തി​നു​വേ​ണ്ടി​യെ​ന്നും ഈ ​ക​ണ​ക്കു​ക​ളും കൂ​റു​മാ​റ്റ​ത്തി​നൊ​ഴു​ക്കു​ന്ന കോ​ടി​ക​ളു​ടെ കി​ലു​ക്ക​വും ഒ​രി​ക്ക​ൽ​കൂ​ടി ബോ​ധ്യ​പ്പെ​ടു​ത്തു​ന്നു. ഭേ​ദ​ഗ​തി​ക്ക് മു​മ്പ്​ ക​മ്പ​നി​യു​ടെ ലാ​ഭ​ത്തി​െൻറ 7.5 ശ​ത​മാ​നം​വ​രെ മാ​ത്ര​മേ സം​ഭാ​വ​ന ന​ൽ​കാ​ൻ ക​ഴി​യു​മാ​യി​രു​ന്നു​ള്ളൂ. കൂ​ടാ​തെ, ക​മ്പ​നി​ക​ൾ രാ​ഷ്​​ട്രീ​യ പാ​ർ​ട്ടി​ക​ളു​ടെ പേ​ര്​ വെ​ളി​പ്പെ​ടു​ത്തു​ക​യും വേ​ണ​മാ​യി​രു​ന്നു. കോ​ർ​പ​റേ​റ്റ് ദാ​സ്യ​ത്തി​ന് രാ​ഷ്്ട്രീ​യ പാ​ർ​ട്ടി​ക​ൾ അ​ഴി​മ​തി​പ്പ​ണം നി​യ​മാ​നു​സാ​ര​മാ​ക്കി​യെ​ന്ന് വി​ല​യി​രു​ത്ത​പ്പെ​ടു​ന്ന പ്ര​സ്തു​ത ഭേ​ദ​ഗ​തി​ക്കു​ശേ​ഷ​മാ​ണ് രാ​ജ്യ​ത്ത് രാ​ഷ്​​ട്രീ​യ കൂ​റു​മാ​റ്റ​ങ്ങ​ളു​ടെ വേ​ഗ​ത അ​ധി​ക​രി​ച്ച​തെ​ന്ന് കാ​ണാ​നാ​കും. കൂ​റു​മാ​റ്റി അ​ധി​കാ​ര​മു​റ​പ്പി​ക്കു​ക​യെ​ന്ന​ത് രാ​ഷ്​​ട്രീ​യ മി​ടു​ക്കാ​യി അം​ഗീ​ക​രി​ക്ക​പ്പെ​ട്ട കാ​ല​ത്ത് ഒ.​പി. റാ​വ​ത്തി​െൻറ തു​റ​ന്നു പ​റ​ച്ചി​ലു​ക​ൾ പ്ര​തി​ധ്വ​നി​ക​ളി​ല്ലാ​തെ രാ​ഷ്​​ട്രീ​യ അ​പ​ച​യ​ത്തി​െൻറ ഇ​രു​ട്ടി​ൽ വി​ല​യം പ്രാ​പി​ക്കാ​നാ​യി​രി​ക്കും വി​ധി.","‘തെ​ര​ഞ്ഞെ​ടു​പ്പ് സ്വ​ത​ന്ത്ര​വും നീ​തി​യു​ക്ത​വും സു​താ​ര്യ​വു​മാ​കു​മ്പോ​ഴാ​ണ് ജ​നാ​ധി​പ​ത്യം പു​ഷ്​​ടി​പ്പെ​ടു​ന്ന​ത്. എ​ന്നാ​ൽ, ഒ​രു ധാ​ർ​മി​ക​ത​യും ഇ​ല്ലാ​തെ എ​ങ്ങ​നെ​യും...",mal,madhyamam,Madhyamam,fake news,55b579e1-dfc7-4ad2-a3d3-562c61d07e42,article,MassiveSum
https://www.madhyamam.com/india/why-i-am-resigning-bjp-india-news/506326,https://www.madhyamam.com/india/why-i-am-resigning-bjp-india-news/506326,ഞാൻ എന്തുകൊണ്ട്​ ബി.ജെ.പി വിടുന്നു: കുറ്റപത്രവുമായി പാർട്ടിയുടെ പ്രചാരണ വിദഗ്​ധൻ,,"ന്യൂഡൽഹി: പ്രധാനമന്ത്രി നരേന്ദ്ര മോദിക്കും ബി.ജെ.പിക്കുമെതിരെ കുറ്റപത്രവുമായി പാർട്ടിയുടെ പ്രചാരണ വിദഗ്​ധനും അനുയായിയുമായിരുന്ന ശിവം ശങ്കർ സിങ്​​. താൻ എന്തുകൊണ്ട്​ ബി.ജെ.പി വിടുന്നു എന്ന്​ വ്യക്​തമാക്കി ഫേസ്​ബുക്കിൽ എഴുതിയ നീണ്ട കുറിപ്പിലാണ്​ പാർട്ടിക്കെതിരെ സിങ്​​ കടുത്ത വിമർശനങ്ങളുന്നയിക്കുന്നത്​.

പാർട്ടിയിൽ ജനാധിപത്യ സംവാദം തീരെ ഇല്ലാതായെന്നും ഭരണകൂടം അസത്യങ്ങളെ സത്യമായി പ്രചരിപ്പിക്കുകയും പിന്നീട്​ തെളിവു സഹിതം കണ്ടുപിടിക്കപ്പെട്ടാൽപോലും അതിൽ ഒരു കുറ്റബോധവും പ്രകടിപ്പിക്കാതിരിക്കുകയും ചെയ്യുന്നുവെന്നും അദ്ദേഹം പറയുന്നു.

ദേശീയ സുരക്ഷ ഉപദേഷ്​ടാവ്​ അജിത്​ ഡോവലി​​​​െൻറ മകൻ ശൗര്യ ദോവലി​​​​െൻറ നേതൃത്വത്തിലുള്ള ഇന്ത്യ ഫൗണ്ടേഷനിൽ സീനിയർ ഫെലോയും വടക്കു കിഴക്കൻ സംസ് ഥാനങ്ങളിൽ ബി.ജെ.പിയുടെ തെരഞ്ഞെടുപ്പ്​ പ്രചാരണ വിവര വിശകലന വിദഗ്​ധനും കൂടിയായിരുന്ന ശിവം ശങ്കർ സിങ്​ ഉന്നയിക്കുന്ന മറ്റ്​ ആരോപണങ്ങൾ:

1. നോട്ട്​ അസാധുവാക്കൽ വൻ പരാജയമായിരുന്നു. അത്​ തുറന്നുസമ്മതിക്കാൻ മോദി തയാറാകുന്നില്ല. അത്​ വാണിജ്യരംഗത്തെ കൊന്നുകളഞ്ഞു.

2. ധിറുതിപിടിച്ച്​ നടപ്പാക്കിയ ചരക്ക്​സേവന നികുതി(ജി.എസ്​.ടി) വ്യാപാരമേഖലക്ക്​ തിരിച്ചടിയായി. എല്ലാതരത്തിലും കച്ചവടക്കാർ ബുദ്ധിമുട്ടി. പാളിച്ചകൾ സർക്കാർ ജനങ്ങളോട്​ പറഞ്ഞില്ല.

3. അന്വേഷണ ഏജൻസികളായ സി.ബി.​െഎയെയും എൻഫോഴ്​സ്​മ​​​െൻറ്​ ഡയറക്​ടറേറ്റിനെയും രാഷ്​ട്രീയ താൽപര്യങ്ങൾക്ക്​ വിനിയോഗിച്ചു. മോദിക്കോ പാർട്ടി അധ്യക്ഷൻ അമിത്​ ഷാക്കോ എതിരെ എന്തെങ്കിലും പറഞ്ഞാൽ അന്വേഷണ ഏജൻസികൾ ആഞ്ഞടിക്കുന്ന സ്​ഥിതി വന്നു.

4. അരുണാചൽ പ്രദേശ്​ മുൻ മുഖ്യമന്ത്രി കാലി​ഖൊ പുലി​​​​െൻറ ആത്​മഹത്യ കുറിപ്പ്​, ജഡ്​ജി ലോയയുടെ മരണം, സൊഹ്​റാബുദ്ദീൻ വ്യാജ ഏറ്റുമുട്ടൽ കൊല എന്നിവയിൽ കൃത്യമായ അന്വേഷണം നടന്നില്ല.

5. മേ​ക്​ ഇൻ ഇന്ത്യ, സൻസദ്​ ആദർശ്​ ഗ്രാമീൺ യോജന, നൈപുണ്യശേഷി വികസനം തുടങ്ങി കൊട്ടിഘോഷിച്ച പദ്ധതികൾ വൻ പരാജയം. എന്നിട്ടും അത്​ മറച്ചുവെക്കുന്നു. തൊഴിലില്ലായ്​മയും കാർഷിക പ്രതിസന്ധിയും രൂക്ഷം. ഒാരോ നീറുന്ന പ്രശ്​ന​െത്തയും പ്രതിപക്ഷത്തി​​​​െൻറ നാടകമായി അവതരിപ്പിച്ച്​ അവഗണിക്കുന്നു.

6. യു.പി.എ കാലത്ത്​ ഇന്ധനവിലവർധനക്കെതിരെ മോദിയും ഒാരോ ബി.ജെ.പി അനുയായിയും ​ശബ്​ദമുയർത്തി. ക്രൂഡ്​ ഒായിൽ വില അന്നത്തേതിനേക്കാൾ കുറഞ്ഞ സാഹചര്യത്തിലും ബി.ജെ.പി ഭരണത്തിൽ​ കുതിച്ചുയർന്ന എണ്ണവില ഇവരെല്ലാവരും കൂട്ടത്തോടെ ന്യായീകരിക്കുന്നു.

7. വിദ്യാഭ്യാസമേഖലക്ക്​ പരിഗണനയില്ല. ആയുഷ്​മാൻ പദ്ധതി പ്രഖ്യാപിച്ചതല്ലാതെ ആരോഗ്യമേഖലയും കടുത്ത അവഗണനയിലാണ്​.

8. തെരഞ്ഞെടുപ്പ്​ ബോണ്ടുകൾ അഴിമതി നിയമപരമാക്കുന്ന നീക്കമാണ്​. ഇതിലൂടെ കോർപറേറ്റുകൾക്കും വിദേശ ശക്​തികൾക്കും രാഷ്​ട്രീയപാർട്ടികളെ വിലകൊടുത്ത്​ വാങ്ങാൻ കഴിയും. തെരഞ്ഞെടുപ്പ്​ ബോണ്ടിന്​ രഹസ്യസ്വഭാവമുണ്ട്​. 1000 കോടി നൽകുന്ന കമ്പനിക്കു​ വേണ്ടി സർക്കാറിന്​ ഒരു നയം പാസാക്കിക്കൊടുക്കാൻ കഴിയും. ഇക്കാര്യത്തിൽ പിന്നീട്​ വിചാരണയോ നിയമനടപടികളോ ഉണ്ടാകില്ല. മന്ത്രിതലത്തിലേക്ക്​ ആരുമറിയാതെ അഴിമതി ചുരുങ്ങും. ഉത്തരവുകളിലോ ഫയലുകളിലോ അഴിമതി കാണില്ല. അമേരിക്കയിലേതുപോലെ നയപരമായ തലത്തിലേക്ക്​ അത്​ മാറും.

9. ആസൂത്രണ കമീഷൻ ഇല്ലാതായതോടെ രാജ്യത്തെ സംബന്ധിക്കുന്ന നിർണായക വിവരങ്ങൾ ലഭ്യമല്ലാതായി. പകരം വന്ന നിതി ആയോഗിന്​ ആസൂത്രണ കമീഷ​​​​െൻറ കടമയല്ല ഉള്ളത്​. അവർ ഒരു ഉപദേശക/പബ്ലിക്​ റിലേഷൻസ്​ സ്​ഥാപനമായാണ്​ പ്രവർത്തിക്കുന്നത്​.

10. സർക്കാറിനെതിരെ ശബ്​ദിച്ചാൽ നിങ്ങൾ ദേശവിരുദ്ധനാകുന്നു. പിന്നെ ഹിന്ദുവിരുദ്ധനും. വിമർശകരെ ഇങ്ങനെ അടയാളമിട്ട്​ ഒറ്റപ്പെടുത്തുന്നു.

11. ബി.ജെ.പി നേതാക്കളുടെ ഉടമസ്​ഥതയിലുള്ള വാർത്താ ചാനലുകളിൽ ആകക്കൂടിയുള്ളത്​ ദേശീയത-ദേശവിരുദ്ധത, ഹിന്ദു-മുസ്​ലിം, ഇന്ത്യ-പാകിസ്​താൻ സംവാദങ്ങൾ മാത്രം. യഥാർഥ വിഷയങ്ങളെ വഴിമാറ്റുകയാണ്​ അവർ ചെയ്യുന്നത്​.

12. അടുത്ത തെരഞ്ഞെടുപ്പിൽ വ്യാജ ദേശീയത ഉ​ത്തേജിപ്പിക്കാനും ധ്രുവീകരണത്തിനുമാണ്​​ ബി.ജെ.പി ലക്ഷ്യമിടുന്നത്​. ജിന്ന, നെഹ്​റു, കോൺഗ്രസ്​ നേതാക്കൾ ഭഗത്​ സിങ്ങിനെ ജയിലിൽ കണ്ടില്ല, ഗുജറാത്തിൽ മോദിയെ തോൽപിക്കാൻ കോൺഗ്രസ്​ നേതാക്കൾ പാകിസ്​താൻ നേതാക്കളെ കണ്ടു, ജവഹർലാൽ നെഹ്​റു യൂനിവേഴ്​സിറ്റി വിദ്യാർഥികൾ ദേശവിരുദ്ധർ തുടങ്ങി ബി.ജെ.പി നേതാക്കളിൽ നിന്നുണ്ടായ പ്രസ്​താവനകളെല്ലാം തെരഞ്ഞെടുപ്പിൽ ധ്രുവീകരണമുണ്ടാക്കി ജയം ലക്ഷ്യമിട്ടുള്ളതാണ്​.

മോദിയിൽ ഇന്ത്യയുടെ പ്രതീക്ഷാകിരണമുണ്ടെന്ന്​ ബോധ്യപ്പെട്ടാണ്​ 2013മുതൽ ബി.ജെ.പി അനുയായി ആയതെന്നും ഇപ്പോൾ അതെല്ലാം പൂർണമായി അസ്​തമിച്ചുവെന്നും ശിവം ശങ്കർ സിങ്​​ വ്യക്​തമാക്കുന്നു.",•നോട്ട്​ അസാധുവാക്കൽ വൻ പരാജയം. •ധിറുതിപിടിച്ച്​ നടപ്പാക്കിയ ജി.എസ്​.ടി വ്യാപാരമേഖലക്ക്​  തിരിച്ചടിയായി  •സർക്കാറിനെതിരെ ശബ്​ദിച്ചാൽ നിങ്ങൾ ദേശവിരുദ്ധനും  പിന്നെ ഹിന്ദുവിരുദ്ധനുമാകും,mal,madhyamam,Madhyamam,fake news,17ba3450-e1db-4326-ab48-138cad2061f9,article,MassiveSum
https://www.madhyamam.com/india/currency-demonetization/2017/feb/22/248631,,എഴുപത് കഴിഞ്ഞവരുടെ അഞ്ചു ലക്ഷം വരെയുള്ള നിക്ഷേപം പരിശോധിക്കില്ല,,"ന്യൂഡല്‍ഹി: നോട്ട് നിരോധനത്തിനുശേഷം 70നുമേല്‍ പ്രായമുള്ളവര്‍ നടത്തിയ അഞ്ചു ലക്ഷം രൂപ വരെയുള്ള നിക്ഷേപങ്ങളെക്കുറിച്ച് സൂക്ഷ്മ പരിശോധന നടത്തേണ്ടെന്ന് ആദായ നികുതി വകുപ്പ് തീരുമാനിച്ചു. മറ്റുള്ളവരുടെ കാര്യത്തില്‍ 2.5 ലക്ഷം രൂപ വരെ നിക്ഷേപങ്ങളും സൂക്ഷ്മ പരിശോധനയില്‍നിന്ന് ഒഴിവാക്കും.

രണ്ടര ലക്ഷം രൂപക്ക് മുകളില്‍ നിക്ഷേപം നടത്തിയ 70ന് താഴെ പ്രായമുള്ളവര്‍ ആദായ നികുതി വകുപ്പിന്‍െറ വെബ്സൈറ്റില്‍ നിക്ഷേപത്തിന്‍െറ ഉറവിടം വ്യക്തമാക്കണം. മുന്‍വര്‍ഷത്തെ നികുതി റിട്ടേണുമായി പൊരുത്തപ്പെടുന്നതാണ് നിക്ഷേപമെങ്കില്‍ തുടര്‍ പരിശോധന ഉണ്ടാകില്ല.",ന്യൂഡല്‍ഹി: നോട്ട് നിരോധനത്തിനുശേഷം 70നുമേല്‍ പ്രായമുള്ളവര്‍ നടത്തിയ അഞ്ചു ലക്ഷം രൂപ വരെയുള്ള നിക്ഷേപങ്ങളെക്കുറിച്ച് സൂക്ഷ്മ പരിശോധന നടത്തേണ്ടെന്ന് ആദായ നികുതി വകുപ്പ് തീരുമാനിച്ചു.,mal,madhyamam,Madhyamam,fake news,7dcbb227-cf73-44da-a32d-b28444a409f8,article,MassiveSum
https://www.madhyamam.com/kerala/local-news/trivandrum/--531023,,കോവിഡ് ചികിത്സാകേന്ദ്രത്തിൽനിന്ന്​ ചാടിപ്പോയ രോഗി അധികൃതരെ വട്ടംകറക്കി,,വിഴിഞ്ഞം: കോവിഡ് പ്രാഥമിക ചികിത്സാ കേന്ദ്രത്തിൽ നിന്ന്​ ചാടിപ്പോയ രോഗി അകൃതരെ വട്ടം കറക്കി. വിഴിഞ്ഞം പൊലീസും കാഞ്ഞിരംകുളം പൊലീസും മണിക്കൂറുകളോളം നടത്തിയ തിരച്ചിലിനൊടുവിൽ ഇയാളെ പിടികൂടി വീണ്ടും ആശുപത്രിയിലാക്കി. സമൂഹവ്യാപനം നടന്ന പുല്ലുവിള പള്ളം സ്വദേശിയായ 65 കാരനാണ് ചികിത്സാ കേന്ദ്രത്തിൽ നിന്നും മുങ്ങി ആരോഗ്യ വകുപ്പധികൃത​െരയും പൊലീസിനെയും വെള്ളം കുടിപ്പിച്ചത്. ചൊവ്വാഴ്ച രോഗം സ്ഥിരീകരിച്ച ഇയാളെ കോട്ടുകാൽ പഞ്ചായത്തി​ൻെറ മേൽനോട്ടത്തിലുള്ള പുളിങ്കുടിയിലെ താൽക്കാലിക ആശുപത്രിയിൽ പ്രവേശിപ്പിച്ചിരുന്നു. ബുധനാഴ്ച​ പുലർച്ച വളൻറിയർമാരുടെ കണ്ണുവെട്ടിച്ച് പുറത്തുകടന്ന ഇയാൾ എട്ട് കിലോമീറ്ററോളം നടന്ന് വീട്ടിൽ എത്തി. ചികിത്സയിലിരുന്ന ആളെ കാണാത്തവിവരം അധികൃതർ വിഴിഞ്ഞം പൊലീസിനെ അറിയിച്ചു. ആശുപത്രിയിലെത്തി തെളിവെടുത്ത വിഴിഞ്ഞം പൊലീസ് കേസ് കാഞ്ഞിരംകുളം പൊലീസിന് കൈമാറി. തുടർന്ന് അന്വേഷണം നടത്തുന്നതിനിടയിലാണ് ഇയാൾ വീട്ടിലെത്തിയ വിവരമറിഞ്ഞത്. ഉടൻതന്നെ അധികൃതർ എത്തി ഇയാളെ പുല്ലുവിളയി​െല പ്രാഥമിക കോവിഡ് ചികിത്സാകേന്ദ്രത്തിൽ പ്രവേശിപ്പിച്ചു.,കോവിഡ് ചികിത്സാകേന്ദ്രത്തിൽനിന്ന്​ ചാടിപ്പോയ രോഗി അധികൃതരെ വട്ടംകറക്കി,mal,madhyamam,Madhyamam,fake news,12e86bc2-1cb2-43b8-8dc5-d73f056b3477,article,MassiveSum
https://www.dengiamerika.com/a/us-asks-turkey-to-show-restraint-in-syria/4219900.html,https://www.dengiamerika.com/a/us-asks-turkey-to-show-restraint-in-syria/4219900.html,ئەمەریکا داوا لە تورکیا دەکات دان بەخۆیدا بگرێت لە سوریادا,,"ئەمەریکا نیگەرانی خۆی دەردەبڕێت سەبارەت بە ئەرکە سەربازییەکەی تورکیا لە باکووری سوریا و گەورە بەرپرسانی ئەمەریکا ترسی ئەوەیان هەیە کە ئەمە ببێتە هۆی بڵاوبوونەوەی ناکۆکییەکە و خراپتر ببێت.

ڕۆژی دووشەممە وتەبێژی کۆشکی سپی سارا هوکەبی ساندەرز وتی ""ئەمەریکا لە نیگەرانییە یاساییەکانی تورکیا تێدەگات سەبارەت بە ئاسایشی وڵاتەکە و بەردەوام دەبێت لە کارکردن لەگەڵ تورکیادا وەکو هاوپەیمانێکی ناتۆ.""

وتی "" زیادبوونی توندوتیژییەکان لە عەفرین دەبێتە هۆی ناجێگیربوونی ئەو ناوچەیەی سوریا. هەروەها بەربەست دەخاتە بەردەم هەوڵە نێودەوڵەتییەکان بۆ لەناوبردنی تەواوەتی داعش، لەوانەیە ئەو توندوتیژیانە وابکەن داعش و قاعیدە لەو ناوچانە دروست ببنەوە، هەروەها قەیرانە مرۆییەکانیش زیاتر دەکات.""

ساندەرز داوای لە تورکیا کرد دان بەخۆیدا بگرێت لە ئەرکە سەربازییەکان و لێدوانەکانیدا، دڵنیا بێتەوە لەوەی ئەرکەکانی سنوردارن، هەروەها دڵنیا ببێتەو لەوەی هاوکارییە مرۆییەکان بەردەوام بن، هەروەها خۆیان بەدوور بگرن لە کوشتنی هاوڵاتیانی مەدەنی. هەروەها وتیشی "" ئێمە دەمانەوێت ڕژێمە دڕندەکەی ئەسەد نەگەڕێتەوە بۆ عەفرین، هەروەها بەردەوام دەبین لە کارکردنی سیاسییمان بۆ کۆتایی هینان بە جەنگی ناوخۆی سوریا.""

جێی ئاماژەیە ئەمەریکا دەیەوێت پەیوەندییەکانی لەگەڵ تورکیادا بهێڵێتەوە و لە هەمان کاتیشدا پەیوەندییەکانی لەگەڵ کوردەکان و هێزەکانی دیکەدا توند بکاتەوە کە تورکیا کردوونیەتە ئامانج.

لە لەندەن، وەزیری دەرەوەی ئەمەریکا ڕێکس تیلەرسن وتی "" ئەمەریکا بۆ شکستپێهێنانی داعش لە سوریادایە، ئەوەشمان کردووە بە هاوپەیمانێتی لەگەڵ هاوبەشەکانماندا، بەتایبەتی هێزەکانی سوریای دیموکرات کە لە کورد و عەرەب پێکهاتوون و هەندێکیشیان هێزە مەسیحییەکانن. بەڕاستی ئەوان کۆمەڵێک چەکدارن کە هەر کامێکیان لە دین و نەتەوەیەکی جیاوازەوە هاتوون و ئامادەن پارێزگاری لە نیشتیمانی خۆیان بکەن. بۆیە ئێمە نیگەرانین سەبارەت بە ئەرکە سەربازییەکەی تورکیا لە باکووری سوریا.""

دواتر تیلەرسن سەبارەت بە نیگەرانییەکان لەبارەی گرژییەکانی نێوان تورکیا و ئەمەریکاوە وتی "" پێم وانیە ببینیت دوو هاوپەیمانی ناتۆ ڕووبەڕووی یەکتر ببنەوە.""

تیلەرسن وتی تورکیا نیگەرانە سەبارەت بە سنوورەکە و چوونە ناوەوەی تیرۆریستان بۆ تورکیا و ئەنجامدانی کردەوەی تیرۆریستی و ئێمە ڕێز لەوە دەگرین کە دەیانەوێت بەرگری لە خۆیان بکەن، بەڵام ئەمە بارودۆخێکی قورسە کە زۆرێک لە هاوڵاتیانی مەدەنی لەو شوێنانەدان. بۆیە ئێمە داوامان لێکردوون تەنها هەوڵبدەن ورد بن و ئەرکەکانیان سنووردار بکەن و هەوڵبدەن دان بەخۆدا گرتن پیشان بدەن.",ئەمەریکا نیگەرانی خۆی دەردەبڕێت سەبارەت بە ئەرکە سەربازییەکەی تورکیا لە باکووری سوریا و گەورە بەرپرسانی ئەمەریکا ترسی ئەوەیان هەیە کە ئەمە ببێتە هۆی بڵاوبوونەوەی ناکۆکییەکە و خراپتر ببێت,mal,dengiamerika,Dengi Amerika,fake news,dc0b89de-a03e-4fa7-b86d-23c83ceedf5b,article,MassiveSum
https://lao.voanews.com/a/2082618.html,https://lao.voanews.com/a/2082618.html,ຂ່າວເວົ້າວ່າ ລູກຊາຍຂອງ ກາດດາຟີ ເສຍຊີວິດ ໃນການໂຈມຕີຂອງເນໂຕ້,,ອ່ານແລະຟັງຂ່າວ ກ່ຽວກັບປະເທດລາວ ເອເຊຍ ອາເມຣິກາ ແລະໂລກ. ນອກນັ້ນ ວີໂອເອລາວຍັງນໍາສະເໜີລາຍງານທີ່ລົງເລິກ ກ່ຽວກັບເລື້ອງຕ່າງໆທີ່ຢູ່ໃນຂ່າວ ແລະຄວາມກ້າວໜ້າດ້ານການແພດ ສຸຂະພາບ ອະນາໄມ ເສດຖະກິດ ການກະເສດ ວິທະຍາສາດແລະເທັກໂນໂລຈີ ຕະຫລອດທັງລາຍການດົນຕີ ແລະຊີວິດຊາວລາວໃນຕ່າງແດນ.,ອ່ານແລະຟັງຂ່າວ ກ່ຽວກັບປະເທດລາວ ເອເຊຍ ອາເມຣິກາ ແລະໂລກ. ນອກນັ້ນ ວີໂອເອລາວຍັງນໍາສະເໜີລາຍງານທີ່ລົງເລິກ ກ່ຽວກັບເລື້ອງຕ່າງໆທີ່ຢູ່ໃນຂ່າວ ແລະຄວາມກ້າວໜ້າດ້ານການແພດ ສຸຂະພາບ ອະນາໄມ ເສດຖະກິດ ການກະເສດ ວິທະຍາສາດແລະເທັກໂນໂລຈີ ຕະຫລອດທັງລາຍການດົນຕີ ແລະຊີວິດຊາວລາວໃນຕ່າງແດນ.,mal,voanews,VOA News,fake news,e9643ee3-4338-4dca-8ccf-5455161408c4,article,MassiveSum
https://www.madhyamam.com/local-news/wayanad/2015/sep/22/2000-പാക്കറ്റ്-പാന്‍മസാല-പിടികൂടി,,2000 പാക്കറ്റ് പാന്‍മസാല പിടികൂടി,,"തിരുനെല്ലി: വാഹന പരിശോധനക്കിടയില്‍ എക്സൈസ് സംഘം 2000 പാക്കറ്റ് പാന്‍മസാല പിടികൂടി. തോല്‍പ്പെട്ടി കേരള, കര്‍ണാടക അതിര്‍ത്തി ചെക്പോസ്റ്റില്‍ വാഹന പരിശോധനക്കിടെയാണ് ഇവ പിടികൂടിയത്. ഞായറാഴ്ച പുലര്‍ച്ചെ മൂന്നുമണിയോടെയാണ് ബംഗളൂരുവില്‍നിന്ന് പൊന്നാനിയിലേക്ക് പോവുകയായിരുന്ന കെ.എസ്.ആര്‍.ടി.സി ബസിന്‍െറ സീറ്റിനടിയില്‍ നിന്ന് പാന്‍മസാല പിടിച്ചെടുത്തത്. എക്സൈസ് പ്രിവന്‍റീവ് ഓഫിസര്‍ രമേശന്‍, സിവില്‍ എക്സൈസ് ഓഫിസര്‍മാരായ അരുണ്‍, രഞ്ജിത്ത് എന്നിവരുടെ നേതൃത്വത്തിലാണ് പിടികൂടിയത്. പ്രതികളെ കണ്ടത്തൊനായില്ല. ഉല്‍പന്നങ്ങള്‍ മാനന്തവാടി ഫുഡ് ഇന്‍സ്പെക്ടര്‍ക്ക് കൈമാറി.","തിരുനെല്ലി: വാഹന പരിശോധനക്കിടയില്‍ എക്സൈസ് സംഘം 2000 പാക്കറ്റ് പാന്‍മസാല പിടികൂടി. തോല്‍പ്പെട്ടി കേരള, കര്‍ണാടക അതിര്‍ത്തി ചെക്പോസ്റ്റില്‍ വാഹന പരിശോധനക്കിടെയാണ് ഇവ പിടികൂടിയത്.  ഞായറാഴ്ച...",mal,madhyamam,Madhyamam,fake news,deb41f60-247f-481f-8d3c-d465b6820b6c,article,MassiveSum
https://nra.lv/veseliba/275843-valsts-pilniba-apmaksas-pretgripas-vakcinu-grutniecem-un-berniem-lidz-2-gadu-vecumam.htm,https://nra.lv/veseliba/275843-valsts-pilniba-apmaksas-pretgripas-vakcinu-grutniecem-un-berniem-lidz-2-gadu-vecumam.htm,Valsts pilnībā apmaksās pretgripas vakcīnu grūtniecēm un bērniem līdz 2 gadu vecumam,,"Valsts pilnībā apmaksās pretgripas vakcīnu grūtniecēm un bērniem līdz divu gadu vecumam. To paredz šodien, 19.martā, valdībā apstiprinātie grozījumi Ministru kabineta noteikumos*. Tāpat rasts risinājums, kā racionālāk izmantot vakcīnu krājumu.

Pašreiz gripas vakcīna tiek kompensēta grūtniecēm 50 % apmērā un bērniem līdz divu gadu vecumam 100 % apmērā. Tomēr process valsts apmaksātas potes saņemšanai ir pietiekami sarežģīts - jāsaņem ārsta recepte, jādodas uz aptieku, kur tiek iegādāta vakcīna, pēc tam pie ģimenes ārsta, kurš veic vakcināciju. Lai mazinātu slogu ārstiem un uzlabotu pretgripas vakcīnas pieejamību, kā arī lai nodrošinātu vienotu pieeju no valsts budžeta līdzekļiem apmaksātu vakcīnu nodrošināšanai, pretgripas vakcīna grūtniecēm un bērniem līdz divu gadu vecumam no 1.oktobra tiks iekļauta vakcinācijas kalendārā. Tas atbilst arī Pasaules Veselības organizācijas rekomendācijām, jo grūtnieces un mazi bērni ir augsta riska grupā. 2019.gadā nepieciešamais papildu finansējums - 48 826 eiro tiks nodrošināts no Eiropas Komisijas pieļautās budžeta deficīta atkāpes.

Tāpat noteikumi nosaka, ka nevakcinētas personas, kuras bijušas ciešā kontaktā ar inficēto cilvēku ir obligāti vakcinējamas pret šādām epidemioloģiski nozīmīgām infekcijas slimībām - difteriju, poliomielītu, masalām, masaliņām un epidēmisko parotītu. Tādējādi likumdošanā tiek skaidri noteikts, ka kontaktpersonu vakcinācija pret iepriekšminētajām infekcijas slimībām tiks segta no valsts budžeta līdzekļiem.

Vienlaikus noteikumos precizētas prasības vakcinācijas iestādēm, kas veicinās atbilstošu vakcīnu uzglabāšanu un sekmēs vakcīnu racionālu pasūtīšanu un izlietošanu.","Valsts pilnībā apmaksās pretgripas vakcīnu grūtniecēm un bērniem līdz divu gadu vecumam. To paredz šodien, 19.martā, valdībā apstiprinātie grozījumi Ministru kabineta noteikumos*. Tāpat rasts risinājums, kā racionālāk izmantot vakcīnu krājumu.",mal,nra,NRA,fake news,c8f016e6-b3b6-4c01-8bf2-b88f627cf634,article,MassiveSum
https://www.madhyamam.com/local-news/trivandrum/681608,https://www.madhyamam.com/local-news/trivandrum/681608,തൊഴിലാളികളെ കൂട്ടമായി എത്തിച്ചതിൽ പ്രതിഷേധം,,"കോവളം: ലോക്ഡൗൺ ചട്ടങ്ങൾ പാലിക്കാതെ വെള്ളാർ ക്രാഫ്റ്റ് വില്ലേജിലെ നിർമാണ പ്രവർത്തനങ്ങൾക്കായി കോഴിക്കോട് നിന്നും തൊഴിലാളികളെ കൂട്ടത്തോടെ എത്തിച്ചതിനെതിരെ നാട്ടുകാർ പ്രതിഷേധവുമായി രംഗെത്തത്തി. കഴിഞ്ഞ ദിവസം രാത്രിയാണ് പ്രത്യേക വാഹനത്തിൽ വടകരയിൽനിന്ന് 17 തൊഴിലാളികളെ വെള്ളാറിലെ ക്രാഫ്റ്റ് വിേല്ലജിലെത്തിച്ചത്. അത്യാവശ്യ കാര്യങ്ങൾക്ക് പോലും മറ്റ് ജില്ലകളിലേക്ക് സഞ്ചരിക്കാൻ കർശന നിയന്ത്രണങ്ങൾ നിലനിൽക്കെ നിർമാണ പ്രവർത്തനങ്ങൾക്കായി ഇത്രയും തൊഴിലാളികളെ എത്തിച്ചതിനെതിരെയാണ് പ്രദേശവാസികൾ രംഗത്തുവന്നത്. വിവരമറിഞ്ഞെത്തിയ കോവളം പൊലീസ് വെള്ളാർ ക്രാഫ്റ്റ് വില്ലേജിൻെറ നിർമാണ പ്രവർത്തനങ്ങളുടെ ചുമതലയുള്ള ഊരാളുങ്കൾ സൊസൈറ്റിയാണ് തൊഴിലാളികളെ എത്തിച്ചതെന്നറിഞ്ഞതോടെ നാട്ടുകാരോട് പിരിഞ്ഞ് പോകാൻ ആവശ്യപ്പെട്ടു. ഇതോടെ വാക്കേറ്റവും സംഘർഷാവസ്ഥയും ഉണ്ടായി. പൊലീസ് നാട്ടുകാരുമായി നടത്തിയ ചർച്ചയിൽ സർക്കാർ നിർദേശത്തെ തുടർന്ന് ആരോഗ്യവകുപ്പിൻെറ അറിവോടുകൂടിയാണ് തൊഴിലാളികൾ എത്തിയതെന്നും അവർക്ക് ആരോഗ്യ പ്രശ്നങ്ങൾ ഒന്നുമില്ലെന്ന് ഉറപ്പുവരുത്തിയിട്ടുണ്ടെന്നും അറിയിച്ചു. ഇതോടെയാണ് പ്രദേശവാസികൾ പിരിഞ്ഞുപോയത്. എന്നാൽ, മറ്റൊരു ജില്ലയിൽ നിന്നും തൊഴിലാളികളെ എത്തിച്ചത് ഗ്രാമപഞ്ചായത്ത് അധികൃതരെ അറിയിക്കാതെയാണെന്നും കാര്യങ്ങൾ പരിശോധിച്ച് ആവശ്യമായ തുടർനടപടി സ്വീകരിക്കുമെന്നും പഞ്ചായത്ത് പ്രസിഡൻറ് ശ്രീകല പറഞ്ഞു.",കോവളം: ലോക്ഡൗൺ ചട്ടങ്ങൾ പാലിക്കാതെ വെള്ളാർ ക്രാഫ്റ്റ് വില്ലേജിലെ നിർമാണ പ്രവർത്തനങ്ങൾക്കായി കോഴിക്കോട് നിന്നും തൊഴിലാളികളെ കൂട്ടത്തോടെ എത്തിച്ചതിനെതിരെ നാട്ടുകാർ പ്രതിഷേധവുമായി രംഗെത്തത്തി.,mal,madhyamam,Madhyamam,fake news,4b442f58-1017-4c68-a2a4-03294ed66309,article,MassiveSum
https://www.madhyamam.com/news/198408/121102,,സിങ്വി വീണ്ടും കോണ്‍ഗ്രസ് വക്താവ്,,"ന്യൂദൽഹി: അശ്ളീല സീഡി വിവാദത്തിൽ കുടുങ്ങി പൊതുരംഗത്തുനിന്ന് ഏതാനും മാസമായി ഉൾവലിയേണ്ടിവന്ന അഭിഷേക് സിങ്വി വീണ്ടും കോൺഗ്രസ് വക്താവായി രംഗത്തേക്ക്. പാ൪ട്ടി വാ൪ത്താസമ്മേളനങ്ങൾ നടത്തുന്ന ഔദ്യാഗിക വക്താവായി കോൺഗ്രസ് തൽക്കാലം സിങ്വിയെ നിയോഗിക്കുന്നില്ല. എന്നാൽ, ടി.വി ചാനൽ ച൪ച്ചകളിലും മറ്റും കോൺഗ്രസിനുവേണ്ടി സിങ്വി വാദിക്കും. കേരളത്തിലെ ലോട്ടറി വിവാദത്തിനിടയിൽ ലോട്ടറിക്കാ൪ക്കുവേണ്ടി കോടതിയിൽ ഹാജരായി സംസ്ഥാനത്തെ കോൺഗ്രസിനെയും സിങ്വി നേരത്തേ പ്രശ്നത്തിലാക്കിയിരുന്നു. അന്നും കുറെനാൾ വക്താവ് സ്ഥാനത്തുനിന്ന് മാറ്റിനി൪ത്തി. നിയമസഭാ തെരഞ്ഞെടുപ്പ് കഴിഞ്ഞപ്പോൾ തിരിച്ചെടുക്കുകയും ചെയ്തു.",ന്യൂദൽഹി: അശ്ളീല സീഡി വിവാദത്തിൽ കുടുങ്ങി പൊതുരംഗത്തുനിന്ന് ഏതാനും മാസമായി ഉൾവലിയേണ്ടിവന്ന അഭിഷേക് സിങ്വി വീണ്ടും കോൺഗ്രസ് വക്താവായി രംഗത്തേക്ക്. പാ൪ട്ടി വാ൪ത്താസമ്മേളനങ്ങൾ നടത്തുന്ന ഔദ്യാഗിക...,mal,madhyamam,Madhyamam,fake news,15b05486-70d7-482e-9570-86c9e1f2c222,article,MassiveSum
https://www.madhyamam.com/kerala/local-news/kozhikode/news-586211,,സിറാജ് | Madhyamam,,"കണ്ണൂര്‍: ടൗണിലെ ജനത വാച്ച് വര്‍ക്‌സ് ഉടമ പരേതനായ ഹമീദി​ൻെറ മകന്‍ (56) നിര്യാതനായി. ഭാര്യ: മീത്തല്‍ ഷാലിമ. മക്കള്‍: സല്‍മ, ശഫ ശര്‍മിന, സന. മരുമക്കള്‍: മന്‍സൂര്‍ (ദുബൈ), ജൗഹര്‍ അഹമ്മദ് (അബൂദബി), റഷീദ്. fromsiraj obit kannur knd 2 s എന്ന വാർത്തക്ക്​ പകരം നിർബന്ധമായി ഇൗ ഫയൽ ഉപയോഗിക്കുക",സിറാജ്,mal,madhyamam,Madhyamam,fake news,53b092c6-04cb-45f7-9c75-c0a22d4e30ee,article,MassiveSum
https://www.dengeamerika.com/a/5204265.html,https://www.dengeamerika.com/a/5204265.html,Bernama Duyê,,Bernameyên Dengê Amerîka (VOA) yên bi zimanê Kurmancî ku li ser înternetê tên weşandin,Bernameyên Dengê Amerîka (VOA) yên bi zimanê Kurmancî ku li ser înternetê tên weşandin,mal,dengeamerika,Denge Amerika,fake news,03883359-ed13-4c39-bf48-17d55e95f9ee,article,MassiveSum
https://www.madhyamam.com/local-news/kasarkode/2016/may/15/196621,,നീലേശ്വരം റെയില്‍വേ സ്റ്റേഷനില്‍ യാത്രക്കാര്‍ ദുരിതത്തില്‍,,"നീലേശ്വരം: ദിവസവും നൂറുകണക്കിന് യാത്രക്കാര്‍ എത്തുന്ന നീലേശ്വരം റെയില്‍വേ സ്റ്റേഷനില്‍ ആകെയുള്ളത് ഒരു ടിക്കറ്റ് കൗണ്ടര്‍. അതിനാല്‍ സദാസമയവും ഇവിടെ യാത്രക്കാരുടെ നീണ്ടനിര കാണാം. ഈ കൗണ്ടറില്‍ തന്നെയാണ് റിസര്‍വേഷന്‍ സീറ്റും ബുക് ചെയ്യുന്നത്. ചില ആളുകള്‍ സാധാരണ ടിക്കറ്റെടുക്കാന്‍ വരിയില്‍ നില്‍ക്കുമ്പോഴാണ് പോകേണ്ട വണ്ടി എത്തുക. സ്റ്റേഷന്‍ മേല്‍പാലം ഉദ്ഘാടന ചടങ്ങില്‍ പാലക്കാട് റെയില്‍വേ ഡിവിഷനല്‍ മാനേജറുടെ ഒരു അധിക കൗണ്ടര്‍ തുറക്കുമെന്നുള്ള വാഗ്ദാനവും ജലരേഖയായി മാറി. ടിക്കറ്റ് കിട്ടാതെ തിരിച്ച് വീട്ടിലേക്ക് മടങ്ങുന്നവരും ഇക്കൂട്ടത്തിലുണ്ട്. വരുമാനത്തിന്‍െറ കാര്യത്തിലും യാത്രക്കാരുടെ കാര്യത്തിലും ദിനംപ്രതി വര്‍ധനവ് വന്നിട്ടും അടിസ്ഥാന സൗകര്യങ്ങള്‍ അധികൃതര്‍ ഇവിടെ ചെയ്യുന്നില്ല. നീലേശ്വരം നഗരസഭ, മടിക്കൈ, കിനാനൂര്‍, ബളാല്‍, വെസ്റ്റ് എളേരി, ഈസ്റ്റ്, കോടോം ബേളൂര്‍ എന്നീ പഞ്ചായത്തുകളിലെ ജനങ്ങള്‍ക്ക് എളുപ്പത്തില്‍ യാത്രാ സൗകര്യം നീലേശ്വരം റെയില്‍വേ സ്റ്റേഷനാണ്.",നീലേശ്വരം: ദിവസവും നൂറുകണക്കിന് യാത്രക്കാര്‍ എത്തുന്ന നീലേശ്വരം റെയില്‍വേ സ്റ്റേഷനില്‍ ആകെയുള്ളത് ഒരു ടിക്കറ്റ് കൗണ്ടര്‍. അതിനാല്‍ സദാസമയവും ഇവിടെ യാത്രക്കാരുടെ നീണ്ടനിര കാണാം. ഈ കൗണ്ടറില്‍...,mal,madhyamam,Madhyamam,fake news,6d649ea0-0527-4253-b727-fc05cd5fee1c,article,MassiveSum
https://www.madhyamam.com/kerala/local-news/idukki/--692814,,കാർ ബൈക്കിലിടിച്ച് കൊക്കയിലേക്ക് മറിഞ്ഞു; മൂന്ന് യുവാക്കൾക്ക് പരിക്ക്,,"ചെറുതോണി: അടിമാലി-കുമളി ദേശീയപാതയിൽ കരിമ്പനും ചുരുളിക്കുമിടയിൽ നിയന്ത്രണംവിട്ട കാർ എതിർ ദിശയിൽനിന്ന്​ വന്ന ബൈക്കിലിടിച്ചശേഷം 150 അടി താഴ്ചയിലേക്ക് മറിഞ്ഞു. രണ്ട്​ വാഹനങ്ങളിലുമായി യാത്രചെയ്തിരുന്ന മൂന്നുപേർക്ക് പരിക്കേറ്റു. ബൈക്ക്​ യാത്രക്കാരൻ കഞ്ഞിക്കുഴി ആരോംകുന്നുംപുറത്ത് അപ്പുവിൻെറ മകൻ അമൽ (25), കാറിലുണ്ടായിരുന്ന ചേലച്ചുവട് സ്വദേശികളായ മണലേൽ സോമ​ൻെറ മകൻ മനു (23), ചോറ്റയിൽ സുരേഷി​ൻെറ മകൻ അഭിജിത് (23) എന്നിവർക്കാണ് പരിക്കേറ്റത്. മൂവരെയും ഇടുക്കി മെഡിക്കൽ കോളജ്​ ആശുപത്രിയിൽ പ്രവേശിപ്പിച്ചു. ഗുരുതര പരിക്കേറ്റ അഭിജിത്തിനെ പിന്നീട് തൊടുപുഴയിലെ സ്വകാര്യ ആശുപത്രിയിലേക്ക് മാറ്റി. ചേലച്ചുവട് ഭാഗത്തുനിന്ന്​ കരിമ്പനിലേക്ക് വന്ന കാർ. കൈവരിയില്ലാത്ത റോഡിൽനിന്ന്​ ചെങ്കുത്തായ കൊക്കയിലേക്ക് തകിടംമറിഞ്ഞ കാറിലുണ്ടായിരുന്നവർക്ക് രക്ഷയായത് കാടും വള്ളിപ്പടർപ്പും മരങ്ങളുമാണ്. കാട്​ വളർന്ന്​ നിന്നിരുന്ന പ്രദേശമായതിനാൽ വളരെ പ്രയാസപ്പെട്ട് ചുറ്റി വളഞ്ഞാണുനാട്ടുകാർ കാറിനടുത്തെത്തി അപകടത്തിൽപെട്ട യുവാക്കളെ പുറത്തെടുത്തത്. TDL CAR ACCIDENT CHURULY ചുരുളിക്കും കരിമ്പനുമിടയിൽ നിയന്ത്രണംവിട്ട് ബൈക്കിലിടിച്ച് കൊക്കയിലേക്ക് മറിഞ്ഞ കാർ TDL BIKE ACCIDENT CHURULY അപകടത്തിൽ തകർന്ന ബൈക്ക് TDL CHURULY ACCIDENT സംഭവസ്ഥലത്ത് ആളുകൾ തടിച്ചുകൂടി റോഡിലനുഭവപ്പെട്ട തിരക്ക്",കാർ ബൈക്കിലിടിച്ച് കൊക്കയിലേക്ക് മറിഞ്ഞു;  മൂന്ന് യുവാക്കൾക്ക് പരിക്ക്,mal,madhyamam,Madhyamam,fake news,4dce309b-c2f8-4ff8-a718-0df735f1a537,article,MassiveSum
https://www.madhyamam.com/local-news/trivandrum/2018/jun/10/501214,,താലൂക്ക് ആശുപത്രിയിൽ നാലുവർഷത്തിൽ 40000 ഡയാലിസിസ്,,"പുനലൂർ: താലൂക്ക് ആശുപത്രിയിലെ സഞ്ജീവനി ഡയാലിസിസ് യൂനിറ്റ് സ്ഥാപിച്ച് നാലുവർഷത്തിനകം 40000 ഡയാലിസിസ് ചെയ്തു. 2014 ജൂൺ നാലിനാണ് ഇവിടെ ഡയാലിസിസ് യൂനിറ്റ് സ്ഥാപിച്ചത്. ആദ്യവർഷം 2400 ഡയാലിസിസ് ഇവിടെ നടന്നു. പിന്നീട് കൂടുതൽ മെഷിൻ സ്ഥാപിച്ച് 24 മണിക്കൂറും യൂനിറ്റ് പ്രവർത്തിപ്പിച്ചതോടെ ഡയാലസിസി​െൻറ എണ്ണം വർധിച്ചു. ആരോഗ്യവകുപ്പി​െൻറ കീഴിലെ ഏറ്റവും തിരക്കേറിയ യൂനിറ്റ് പുനലൂരിലേതാണ്. സന്നദ്ധസംഘടനകൾ നൽകിയതടക്കം ഇവിടെ 13 ഡയാലിസിസ് യൂനിറ്റുകളുണ്ട്. വർഷം 13000 ഡയാലിസിസ് നടക്കുന്നുണ്ട്. വിവിധ സർക്കാർ സ്കീമുകൾ, സ്പോൺസർമാർ എന്നീ നിലയിലുള്ള സൗജന്യ ഡയാലിസിസും ഇവിടെ നടക്കുന്നുണ്ട്. ഇതിനോടനുബന്ധിച്ച് പകൽ 11ന് നടക്കുന്ന സംഗമത്തിൽ മന്ത്രി കെ. രാജു, മർത്തോമസഭ കൊട്ടാരക്കര- പുനലൂർ രൂപത ബിഷപ് ഡോ. യുയാക്കിം മാർ കുറിലോസ് എപ്പിസ്കോപ്പ തുടങ്ങിയവർ സംബന്ധിക്കും.",പുനലൂർ: താലൂക്ക് ആശുപത്രിയിലെ സഞ്ജീവനി ഡയാലിസിസ് യൂനിറ്റ് സ്ഥാപിച്ച് നാലുവർഷത്തിനകം 40000 ഡയാലിസിസ് ചെയ്തു. 2014 ജൂൺ നാലിനാണ് ഇവിടെ ഡയാലിസിസ് യൂനിറ്റ് സ്ഥാപിച്ചത്. ആദ്യവർഷം 2400 ഡയാലിസിസ് ഇവിടെ...,mal,madhyamam,Madhyamam,fake news,6254f9d8-1004-4861-9f16-53ab8b4be50d,article,MassiveSum
https://nra.lv/latvija/288388-policija-uzskata-ka-meroni-latvija-ir-neaizskarams-neatkariga-aicina-rikoties-prokuraturu.htm,https://nra.lv/latvija/288388-policija-uzskata-ka-meroni-latvija-ir-neaizskarams-neatkariga-aicina-rikoties-prokuraturu.htm,"Policija uzskata, ka Meroni Latvijā ir neaizskarams. ""Neatkarīgā"" aicina rīkoties prokuratūru",,"Pirms divām nedēļām Neatkarīgā saņēma no Valsts policijas Ekonomisko noziegumu apkarošanas pārvaldes (ENAP) «paziņojumu par atteikšanos uzsākt kriminālprocesu».

Tā bija atbilde uz Neatkarīgās žurnālistu lūgumu sākt kriminālprocesu saistībā ar to, ka šā gada sākumā par AS Ventbunkers vienīgo patieso labuma guvēju tika deklarēta Austrijas pilsone Urzula Haranda, kaut gan «patiesā labuma guvēja tiesības» šajā uzņēmējsabiedrībā ir arestētas.

Ņemot vērā, ka no ENAP paziņojuma izriet - žurnālistiem nav tiesību attiecīgo lēmumu pārsūdzēt, Neatkarīgā nosūtīja Finanšu un ekonomisko noziegumu izmeklēšanas prokuratūras virsprokurorei Vinetai Zvirbulei lūgumu pārsūdzēt ENAP lēmumu vai arī uzsākt kriminālprocesu sakarā ar jaunatklātiem apstākļiem, ņemot vērā tālāk minētos argumentus.

1. Sākotnējais iesniegums, tā motivācija; valsts amatpersonu reakcija uz iesniegumu

1. 1. Šā gada 7. februārī nosūtījām iesniegumu Latvijas Republikas ģenerālprokuroram Ē. Kalnmeieram, lūdzot sākt kriminālprocesu saistībā ar to, ka 2019. gada janvārī par AS Ventbunkers vienīgo patiesā labuma guvēju tika deklarēta Austrijas pilsone Urzula Haranda (Ursula Harrand).

Sabiedriskā nozīmīguma dēļ publicējām šo iesniegumu arī Neatkarīgajā Rīta Avīzē 8. februārī; to pārpublicēja citi masu saziņas līdzekļi.

No Uzņēmumu reģistra datiem ir nepārprotami redzams, ka AS Ventbunkers 19,521% patiesā labuma guvēja tiesību ir arestēts.

Piemēram, lūk, kopija no Uzņēmumu reģistra oficiālās informācijas, kas atrodama publiskā datu bāzē Firmas.lv:

Ar Ģenerālprokuratūras 23.01.2008. lēmumu Par aresta uzlikšanu mantai uzlikts arests Aivaram Lembergam, personas kods ..., Anrijam Lembergam, personas kods ... un Līgai Lembergai, personas kods ... piederošajām 29,348% patiesā labuma guvēja tiesībām akciju sabiedrība Ventbunkers (vienotais reģistrācijas Nr. 50003179321), kuras izriet no Yelverton Investments B.V. (Nr. 24279176) Aivaram Lembergam, Anrijam Lembergam un Līgai Lembergai piederošajām akciju sabiedrības Ventbunkers akcijām. 2. Ar Ģenerālprokuratūras Organizētās noziedzības un citu nozaru specializētās prokuratūras 02.07.2008. lēmumu par lēmuma par aresta uzlikšanu mantai atcelšanu daļā atcelts arests Līgai Lembergai, personas kods ..., piederošajām 9,827% patiesā labuma guvēja tiesībām, t.sk. 65 akcijas, kuras pieder L. Lembergai kā fiziskai personai.

1.2. No minētās oficiālās informācijas loģiski izriet, ka, deklarējot Urzulu Harandu par vienīgo AS Ventbunkers patieso labuma guvēju, visticamāk, ir noticis kāds no zemāk minētajiem noziedzīgiem nodarījumiem.

a) ja U. Haranda tiešām šā gada sākumā ir kļuvusi par vienīgo AS Ventbunkers patieso labuma guvēju, tad viņai ir pārdota (uzdāvināta, ieķīlāta, iemainīta, aizdota u.tml.) arestētā manta, ko likumīgi varēja izdarīt tikai pilnvarots šīs arestētās mantas glabātājs (kā publiski zināms, tas ir Šveices pilsonis Rudolfs Meroni) ar procesa virzītāja (šajā gadījumā Rīgas apgabaltiesas Krimināllietu kolēģijas tiesneša Borisa Geimana vadībā) atļauju - pretējā gadījumā arestētā manta ir izšķērdēta;

b) ja U. Haranda patiesā labuma guvēja ir bijusi jau 2008. gadā, kad patiesā labuma guvēja tiesībām tika uzlikts arests, tad R. Meroni ir sniedzis apzināti nepatiesas liecības (atbildība paredzēta Krimāllikuma 300. pantā) par to, ka AS Ventbunkers patiesie labuma guvēji 2008. gadā bijuši Aivars, Anrijs un Līga Lembergi (vai, kā to patīk formulēt pašam R. Meroni un dažiem prokuroriem - «Lembergu ģimene»), vai pat persona saukta pie kriminālatbildības, zinot, ka tā nav vainīga (atbildība paredzēta Krimināllikuma 290. pantā).

a) ja tomēr U. Haranda par patieso labuma guvēju deklarēta nepatiesi, tad ir pārkāpts Krimināllikuma 272. pants, kas aizliedz sniegt nepatiesas ziņas valsts institūcijai, tostarp Uzņēmumu reģistram.

1.3. 18. februārī Ģenerālprokuratūras Sevišķi svarīgu lietu izmeklēšanas nodaļas virsprokurora p.i. Māris Urbāns informēja, ka mūsu iesniegums nosūtīts Valsts policijas Galvenās Kriminālpolicijas pārvaldes Ekonomisko noziegumu apkarošanas pārvaldei (ENAP) «izlemšanai pēc būtības». Savukārt 21. februārī ENAP 2. nodaļas galvenais inspektors Andrejs Semizarovs mūs informēja, ka uzsākta «resoriskā pārbaude».

1.4. 22. jūlijā saņēmām «paziņojumu par atteikšanos uzsākt kriminālprocesu», kuru parakstījis ENAP 2. nodaļas galvenais inspektors A. Semizarovs.

Paziņojumā nav motivēts, kāpēc ENAP atteikusies uzsākt kriminālprocesu, vien norādīts, ka tas noticis «Ekonomisko noziegumu apkarošanas pārvaldē, izskatot Jūsu kolektīvo iesniegumu Nr. 3-1/25 (Valsts policijā reģistrēts 18.02.2019. ar numuru 49139) un saistībā ar to veiktās policijas resoriskās pārbaudes materiālus, pamatojoties uz Kriminālprocesa likuma 377. panta 1. punktu».

1.5. Vienlaikus paziņojumā inspektors mums izskaidrojis lēmuma pārsūdzības kārtību, no kuras faktiski izriet - mēs paši to pārsūdzēt nevaram, bet to šajā gadījumā var pārsūdzēt tikai kāds no Finanšu un ekonomisko noziegumu izmeklēšanas prokuratūras prokuroriem.

2.1. Ņemot vērā, ka, atbilstīgi ENAP galvenā inspektora A. Semizarova rakstītajam, mums nav tiesību pārsūdzēt ENAP 18. jūlija lēmumu (par to mūs informēja ar vēstuli Nr. 20/2/3/-369352), lūdzam to darīt Jūs, jo patiesības noskaidrošana šajā gadījumā ir visas Latvijas sabiedrības interesēs.

Kā jau iepriekš minējām, AS Ventbunkers «patiesā labuma guvēja tiesībām» ir uzlikts arests un šīs «tiesības» oficiālos procesuālos dokumentos ir definētas kā «arestētā manta».

Nav pilnīgi nekādu likumisku šaubu, ka saglabāt arestētās mantas vērtību ir valsts un sabiedrības interesēs. Mēs jau 7. februāra iesniegumā argumentējām, ka arestētā manta ir milzīgas vērtības - vismaz vairāki desmiti miljonu eiro.

Mūsuprāt, nav nekādu šaubu, ka valsts un sabiedrības interesēs ir noskaidrot un saprast, kuras personas tiešām ir AS Ventbunkers patiesie labuma guvēji, jo tikai tā ir iespējams saprast, vai ir iespējams krimināltiesisko attiecību noregulējums taisnīgā veidā, ņemot vērā augstākminētos argumentus. Turpretī no mums atsūtītā «paziņojuma par atteikšanos uzsākt kriminālprocesu» nav nekas saprotams.

2.2. Ja Jūs uzskatāt, ka pārsūdzēt ENAP lēmumu nav iespējams, lūdzam uzsākt kriminālprocesu sakarā ar to, ka lietā ir atklājušies jauni fakti.

3.1. Šā gada 16. aprīlī AS Ventbunkers valde papildinājusi AS Ventbunkers patieso labuma guvēju sarakstu, iekļaujot tajā vēl divus patiesos labuma guvējus - Aivaru Lembergu un Rudolfu Meroni.

3.2. Turklāt Uzņēmumu reģistra ieraksti par to, kādā veidā Austrijas pilsone Urzula Haranda kontrolē AS Ventbunkers, nav mainīti. Proti, U. Haranda tāpat kā iepriekš AS Ventbunkers kontrolē «uz īpašumtiesību pamata» caur sešām «kontroles ķēdēm», tostarp caur Britu Virdžīnu salās reģistrēto Yelverton Investments B.V.

3.3. Savukārt jaundeklarētais patiesais labuma guvējs Aivars Lembergs kontrolējot AS Ventbunkers caur četrām kontroles ķēdēm, jo, citējam:

Kontroles veids: cits, Aivars Lembergs ir uzskatāms par VBU PLG, pamatojoties uz apstākļiem, ka viņam pieder tiešas un netiešas līdzdalības veidā caur Yelverton Investments B.V., reģistrācijas numurs Nīderlandē: 24279176, atsevišķi vai caur saviem bērniem, vairāk kā 25% no VBU akcijām, kā arī uz apstākļiem, ka viņš kontrolē Anrija Lemberga un Līgas Lembergas intereses VBU, kas izriet no Yelverton Investments B.V., reģistrācijas numurs Nīderlandē: 24279176, akcionāra statusa VBU.

3.4. Bet Rudolfs Meroni, atbilstīgi deklarētajam, arī tomēr esot AS Ventbunkers patiesais labuma guvējs caur divām kontroles ķēdēm, jo, citējam:

Kontroles veids: cits, Rudolfs Meroni var tikt uzskatīts par VBU PLG, balstoties uz apstākļiem, ka viņš, pamatojoties uz holdinga struktūru, holdinga struktūrā esošajiem korporatīvajiem amatiem un Aresta Lēmumiem, īsteno kontroli pār VBU akcionāriem YelvertonInvestment B.V., reģistrācijas numurs Nīderlandē: 34236469, juridiskā adrese: Strawinskylaan 815 WTC Tower A8, 1077xx, Amsterdama, Nīderlande; un YelvertonInvestments B.V., reģistrācijas numurs Nīderlandē: 24279176, juridiskā adrese: Strawinskylaan 815 WTC Tower A8, 1077xx, Amsterdama, Nīderlande.

4. Motivācija - loģiski secinājumi par neloģiskajiem ierakstiem Uzņēmumu reģistrā.

4.1. Kā redzams no augstākminētajiem ierakstiem Uzņēmumu reģistrā, AS Ventbunkers valde uzskata, ka vienu no AS Ventbunkers akcionāriem - kompāniju Yelverton Investments B.V. - kontrolē gan Urzula Haranda, gan Aivars Lembergs, gan Rudolfs Meroni, turklāt vēl patiesā labuma guvēja tiesības šajā kompānijā ir arestētas. Mūsuprāt, tas ir neiespējami, līdz ar to bažas par to, ka noticis viens no savstarpēji izslēdzošiem iespējamiem noziedzīgiem nodarījumiem (skat. šā iesnieguma 1.2. punktu), nav zudušas, bet ir tikai pastiprinājušās.

4.2. No ierakstiem Uzņēmumu reģistrā ir redzams, ka U. Haranda kompāniju Yelverton Investments B.V. kontrolējot «uz īpašumtiesību pamata», bet R. Meroni - «balstoties uz aresta lēmumiem».

No šā pilnīgi oficiāli redzams, ka R. Meroni lieto arestēto mantu, kaut gan tas viņam ir aizliegts. Proti, kā jau to norādījām iepriekš, arestētās mantas glabātājam ir aizliegts jebkādā veidā «izšķērdēt (apzināti samazināt vērtību), mainīt, atsavināt (izsniegt, nodot, aizdot, dāvināt, pārdot vai jebkādā citā viedā) vai ieķīlāt arestēto mantu» (citāts no Ģenerālprokuratūras prokurora Māra Urbāna priekšraksta par mantas arestu).

4.3. Vēl absurdāk, šķiet, ir deklarēt, ka Yelverton Investments B.V., kuru uz «īpašumtiesību pamata» kontrolē U. Haranda, bet, «balstoties uz aresta lēmumiem», kontrolē arī R. Meroni, vēl kontrolē arī A. Lembergs! Tieši viņam ir arestēta iepriekšminētā manta, kas izrietot no Yelverton Investments B.V. piederošajām akcijām AS Ventbunkers!

Vai tad tiešām varētu būt tā, ka procesa virzītājs (Rīgas apgabaltiesas krimināllietu kolēģija tiesneša Borisa Geimana vadībā), kā arī arestētās mantas glabātājs Rudolfs Meroni ir atļāvuši kontrolēt arestēto mantu tās īpašniekam (ja tas tā tiešām ir) Aivaram Lembergam? Tas taču būtu pilnīgi pretēji mērķim, kāpēc vispār piemēro mantas arestu, lai nodrošinātu krimināltiesisko attiecību taisnīgu noregulējumu!

4.4. Nav nekādu šaubu, ka, arestējot kaut kādu mantu, par tās faktisko labuma guvēju būtu jākļūst Latvijas valstij, jo manta taču tiek arestēta valsts un sabiedrības interesēs. Kriminālprocesā valsti pārstāv procesa virzītājs. Ja, pamatojoties uz lēmumu par mantas arestu, par AS Ventbunkers patieso labuma guvēju nav reģistrēta Latvijas valsts vai tās pārstāvis, bet ir reģistrētas trīs personas - arestētās mantas īpašnieks, arestētās mantas glabātājs un viņa grāmatvede - vienlaikus, tad tas liecina, ka vai nu AS Ventbunkers valde, redzot reālo situāciju, ir deklarējusi patiesību, vai arī tā deklarē Uzņēmumu reģistram melīgu informāciju.

Ņemot vērā augstākminēto, lūdzam pārsūdzēt ENAP lēmumu vai arī uzsākt kriminālprocesu sakarā ar jaunatklātiem apstākļiem.",Pirms divām nedēļām Neatkarīgā saņēma no Valsts policijas Ekonomisko noziegumu apkarošanas pārvaldes (ENAP) «paziņojumu par atteikšanos uzsākt kriminālprocesu».,mal,nra,NRA,fake news,09b2816f-685c-473b-ab58-0abf9c8435d0,article,MassiveSum
https://lao.voanews.com/a/syrian-observatory-kurdish-ypg-fighters-advance-in/2821276.html,https://lao.voanews.com/a/syrian-observatory-kurdish-ypg-fighters-advance-in/2821276.html,ນັກລົບຊາວເຄີດ ​​ເຄື່ອນ​ກຳລັງ ຕໍ່ຕ້ານພວກ IS ໃນ ຊີເຣຍ,,"ນັກ​ເຄື່ອນ​ໄຫວ​ກ່າວ​ວ່າ ພວກນັກລົບຊາວເຄີດ​ໄດ້ບຸກຄືບໜ້າເຂົ້າ​ໄປ​ໃກ້​ຖານ​ທີ່​ໝັ້ນ​ແຫ່ງນຶ່ງຂອງ​ພວກ​ລັດອິ​ສລາມ ຫຼື IS ​ໃນ ຊີ​ເຣຍ ຢູ່​ໃກ້​ກັບ​ຊາຍ​ແດນປະ​ເທ​ດ ​ເທີ​ກີ ທ່າມກາງ​ການ​ຕໍ່ສູ້​ທີ່​ດຸ​ເດືອດລະຫວ່າງ ສອງ​ຝ່າຍ.

ກຸ່ມສິ້ງຊອມ​ສິດ​ທິມະນຸດ ຊີ​ເຣຍ ​ໃນ​ວັນ​ເສົາ​ວານ​ນີ້ກ່າວ​ວ່າ ກອງ​ກຳລັງ​ຕໍ່ສູ້ຫຼັກ​ຂອງຊາວເຄີດໃນ ຊີ​ເຣຍ, ທີ່​ໜູນ​ຫຼັງ​ໂດຍ​ພວກ​ຕໍ່ຕ້ານລັດຖະບານ ​ແລະ​ເຮືອບິນ​ຮົບ​ຂອງ​ແນວໂຮມ ​ໄດ້​ເຄື່ອນ​ກຳລັງຄືບໜ້າເຂົ້າໄປໃນເຂດ ທີ່ໝັ້ນຂອງ​ພວກ IS ໃນ​ແຂວງ Raqa ທາງ ພາກ​ເໜືອ​ຂອງ ຊີ​ເຣຍ, ​ໃນ​ຄວາມ​ພະຍາຍາມ​ທີ່​ຈະ​ຍຶດ​ເອົາ​ເມື​ອງ Tal Abyad ​ເຊິ່ງ​ເປັນ​ເມື​ອງ​ຕິດ​ກັບ​ຊາຍ​ແດນ​ທີ່​ສຳຄັນ.

ກຸ່ມສິ້ງຊອມສິດທິມະນຸດ ຊີເຣຍ ​ກ່າວ​ວ່າ ກອງ​ກຳລັງທະຫານຊາວເຄີດ​ໄດ້​ປິດລ້ອມ​ເມືອງ Salouk ທີ່​ຍຶດຄອງ​ໂດ​ຍພວກ​ລັດ​ອິສລາມ, ເຊິ່ງຕັ້ງ ປະມານ 10 ກິ​ໂລ​ແມັດ ຫ່າງຈາກ​ເມືອງ Tal Abyad.

ການ​ຕໍ່ສູ້​ດັ່ງກ່າວ​ໄດ້​ບັງຄັບ​ໃຫ້​ຜູ້​ຢູ່​ອາ​ໄສ​ໃນ​ເມືອງ Tal Abyad ຫລາຍ ພັນຄົນພາກັນ​ໜີໄປ ​ ປະ​ເທດ ​ເທີ​ກີ. ວັນ​ເສົາ​ວານ​ນີ້ມີ​ພວກ​ອົບ​ພະຍົບຊາວ ຊີ​ເຣຍ ຫຼາຍ​ຮ້ອຍ​ຄົນເຕົ້າ​ໂຮມ​ກັນ​ຢູ່​ໃກ້​ກັບ​ຊາຍ​ແດນຂອງ ເທີ​ກີ​ ເພື່ອພະຍາຍາມ​ຫຼົບໜີ​ຈາກ​ຄວາມ​ຮຸນແຮງ.

ກອງ​ກຳລັງຊາວເຄີດ ​ໄດ້​ວາງ​ແຜນການ​ໂຈມ​ຕີ​ຄັ້ງໃຫຍ່ຕໍ່​ພວກ​ລັດ​ອິສລາມ ​ໃນ​ປະ​ເທດ ຊີ​ເຣຍ. ກ​ອງກຳລັງຊາວເຄີດ, ​ເຊິ່ງ​ໜູນຫຼັງ​ໂດຍການ​ໂຈມ​ຕີ​ທາງ​ອາກາດ​ ຂອງແນວໂຮມ​ທີ່​ນຳພາໂດຍ ສະຫະລັດ, ​ໄດ້​ຍຶດ​ຄືນ​ເມືອງ Kobane ຢູ່​ໃກ້​ກັບປະ​ເທດ ​ເທີ​ກີ ​ໃນ​ຕົ້ນ​ຂອງ​ປີ​ນີ້ ​ແລະ ຕັ້ງ​ແຕ່​ນັ້ນ​ມາ​ ໄດ້​ຕັດ​ກາ​ນຄວບ​ຄຸມຂອງ​ພວກ IS ​ອອກຈາກພື້ນ​ທີ່ອື່ນ​ໆ ຕາມ​ເຂດ​ຊາຍ​ແດນ​ຕ່າງໆ.","ນັກລົບຊາວເຄີດ​ ໄດ້​​ບຸກຄືບໜ້າ ເຂົ້າ​ໄປ​ໃກ້​ຖານ​ທີ່​ໝັ້ນ​ແຫ່ງນຶ່ງ ຂອງ​ພວກລັດອິສລາມ ​ໃນຊີ​ເຣຍ
ທ່າມກາງ​ການ​ຕໍ່ສູ້ທີ່​ດຸ​ເດືອດ ລະຫວ່າງສອງ​ຝ່າຍ.",mal,voanews,VOA News,fake news,00511972-e01b-4a04-bf4a-2087e80a0802,article,MassiveSum
https://www.madhyamam.com/local-news/thrissur/2018/aug/14/540695,https://www.madhyamam.com/local-news/thrissur/2018/aug/14/540695,അനുസ്മരണ ദിനാചരണവും സെമിനാറും,,"ചാലക്കുടി: കൊരട്ടിയിലെ സി.പി.എം നേതാവും ചാലക്കുടി ബ്ലോക്ക് പഞ്ചായത്ത് മുൻ പ്രസിഡൻറും ആയിരുന്ന പി.എ. അരവിന്ദാക്ഷ േമനോൻ സംഘടിപ്പിച്ചു. ഡി.വൈ.എഫ്.ഐ ജില്ല പ്രസിഡൻറ് കെ.വി. രാജേഷ് ഉദ്ഘാടനം ചെയ്തു. ലോക്കൽ സെക്രട്ടറി എം.ജെ. ബെന്നി അധ്യക്ഷത വഹിച്ചു. ബി.ഡി. ദേവസി എം.എൽ.എ അനുസ്മരണ പ്രഭാഷണം നടത്തി. അസ്വ. കെ.ആർ. സുമേഷ്, കുമാരി ബാലൻ, വി.ഒ. ലോനപ്പൻ എന്നിവർ സംസാരിച്ചു. ഷിബു വർഗീസ് സ്വാഗതവും കെ.പി. തോമസ് നന്ദിയും പറഞ്ഞു.",ചാലക്കുടി: കൊരട്ടിയിലെ സി.പി.എം നേതാവും ചാലക്കുടി ബ്ലോക്ക് പഞ്ചായത്ത് മുൻ പ്രസിഡൻറും ആയിരുന്ന പി.എ. അരവിന്ദാക്ഷ േമനോൻ  സംഘടിപ്പിച്ചു. ഡി.വൈ.എഫ്.ഐ ജില്ല പ്രസിഡൻറ് കെ.വി. രാജേഷ് ഉദ്ഘാടനം ചെയ്തു....,mal,madhyamam,Madhyamam,fake news,9b5de286-4781-4295-a585-f2a447e6ecff,article,MassiveSum
https://www.madhyamam.com/india/delhi-pollution-arvind-kejriwal-says-schools-shut-3-days-odd-even-may-return/2016/nov/06,,വായു മലിനീകരണം: ഡൽഹിയിൽ സ്കൂളുകൾക്ക്​ മൂന്ന്​ദിവസം കൂടി അവധി,,"ന്യൂഡൽഹി: വായു മലനീകരണം മൂലം മൂന്നു ദിവസത്തേക്കു കൂടി സ്​കൂളുകൾക്ക്​ അവധി നൽകുമെന്ന്​ ഡൽഹി മുഖ്യമന്ത്രി അരവിന്ദ്​കെജ്​രിവാൾ. വാഹനങ്ങൾക്ക്​ നിയന്ത്രണം ഏർപ്പെടുത്തും. നിർമാണ മേഖലയുമായി ബന്ധപ്പെട്ട പ്രവർത്തനങ്ങൾ അഞ്ചു ദിവസത്തേക്ക്​ നിരോധിക്കുമെന്നും അദ്ദേഹം അറിയിച്ചു. വായു മലിനീകരണത്തിനെതിരെ നടപടി കൈക്കൊള്ളാനായി ചേർന്ന അടിയന്തര മന്ത്രിസഭാ യോഗത്തിനുശേഷം സംസാരിക്കുകയായിരുന്നു മുഖ്യമന്ത്രി.

റോഡുകളിൽ വെള്ളം തളിക്കുകയും മാലിന്യങ്ങൾ കത്തിക്കുന്നതിനെതിരെ കർശന നടപടി സ്വീകരിക്കുകയും ചെയ്യും. പത്തു ദിവസത്തേക്ക്​ ബദാർപൂർ താപനിലയം അടച്ചിടാനും ഡീസൽ ജനറേറ്ററുകൾ നിരോധിക്കാനും തീരുമാനിച്ചു.

രാവിലെ എട്ടുമണിക്കും 200 മീറ്ററിൽ കൂടുതൽ കാഴ്​ച ലഭിക്കാത്തവിധം പുക മൂടിയ അന്തരീക്ഷമായിരുന്നു ഡൽഹിയിൽ. ഹൃദയത്തിനും ശ്വാസകോശത്തിനും അപകടമുണ്ടാക്കുന്ന പൊടിപടലങ്ങൾ ഒരു ക്യുബിക്​ മീറ്ററിൽ 700 മൈക്രോ ഗ്രാം​ എന്ന നിലയിലാണുള്ളത്​. ലോകാരോഗ്യ സംഘടന നിർ​​േദശിക്കുന്ന പരിധിയേക്കാൾ 70 മടങ്ങ്​ കൂടുതലാണ്​ ഇത്​.

എന്നാൽ വാഹനങ്ങൾ നിയന്ത്രിച്ചതു കൊണ്ട്​ മാത്രം മലിനീകരണം തടയാനാവില്ല. ഇതിനായി മറ്റു സംസ്​ഥാനങ്ങൾകൂടി സഹകരിക്കണമെന്നും അദ്ദേഹം പറഞ്ഞു. വായു മലിനീകരണത്തിനെതിരെ സർക്കാർ ഉടൻ നടപടി കൈക്കൊള്ളണമെന്നാവശ്യ​െപ്പട്ട്​ നൂറുകണക്കിനാളുകൾ ജന്തർ മന്ദിറിൽ പ്രതി​േഷധിച്ചിരുന്നു.",ന്യൂഡൽഹി: വായു മലനീകരണം മൂലം മൂന്നു ദിവസത്തേക്കു കൂടി സ്​കൂളുകൾക്ക്​ അവധി നൽകുമെന്ന്​ ഡൽഹി മുഖ്യമന്ത്രി അരവിന്ദ്​കെജ്​രിവാൾ. വാഹനങ്ങൾക്ക്​ നിയന്ത്രണം ഏർപ്പെടുത്തും. നിർമാണ മേഖലയുമായി ബന്ധപ്പെട്ട...,mal,madhyamam,Madhyamam,fake news,34690207-3892-43b3-acea-eb6650e8e779,article,MassiveSum
https://www.dengeamerika.com/a/4359027.html,https://www.dengeamerika.com/a/4359027.html,Hevpeyvîna Imran Yûsif-4-21-2018-LA,,Bernameyên bi zimanê Kurmancî ji Dengê Amerîka (VOA) li ser înternetê,Bernameyên bi zimanê Kurmancî ji Dengê Amerîka (VOA) li ser înternetê,mal,dengeamerika,Denge Amerika,fake news,796423cb-ee22-41d3-87f3-e15df93526fe,article,MassiveSum
https://nra.lv/viedokli/gatis-krumins/2363-karlis-ulmanis-mits-vai-realitate.htm,https://nra.lv/viedokli/gatis-krumins/2363-karlis-ulmanis-mits-vai-realitate.htm,Kārlis Ulmanis - mīts vai realitāte,,"Katrai tautai ir savi mīti. Daži mīti, laikam ritot, mirst, bet citi pieņemas spēkā. Mītu rašanās ir saistīta ne tikai ar pagātnes notikumiem, bet arī ar tagadni. Ir gadījumi, kad kādi mīti tiek mākslīgi kultivēti, lai aiz teiksmainās senatnes tiek slēptas tagadnes problēmas.

Šeit labākais piemērs ir Otrais pasaules karš un mūsdienu Krievija. Karš, kuru Krievijā sauc par Lielo tēvijas karu, tiek nostādīts kā centrālais vēstures notikums, uz kura bāzes tiek stiprināta valsts un tās pilsoņu vienotība. Vēsture tiek dogmatizēta, bet diskusijas par joprojām strīdīgiem, līdz galam neizpētītiem aspektiem tiek maksimāli ierobežotas, nosakot pat kriminālatbildību par vēstures kropļošanu, ar to saprotot valsts oficiālā notikumu vērtējuma apšaubīšanu vai alternatīvu, atšķirīgu hipotēžu izvirzīšanu. Ja arī īstermiņā šāda pieeja valsts varu un sabiedrību šķietami saliedē, ilgtermiņā tā atstāj krietni negatīvākas sekas, tā bremzē sabiedrības modernizēšanos, kas Krievijas gadījumā būtu īpaši vajadzīgs. Balstoties uz šo pseidovēsturisko konstrukciju, tiek veidota arī mūsdienu Krievijas ārpolitika, valstis sadalot savējās un svešajās. Baltijas valstis Krievijai ir vienas no svešākajām, jo tās nesaka paldies par 1940. gada okupāciju un vēlāko atbrīvošanu, kā arī nešķiro savu valstu pilsoņus, kuri ir bijuši spiesti karot gan nacistiskās Vācijas, gan PSRS pusē.

Viens no dzīvākajiem mūsdienu latviešu tautas mītiem ir par Kārli Ulmani. Par saimnieku, politiķi, labāko valsts prezidentu. Īpaši tiek uzsvērta K. Ulmaņa pozitīvā loma pēc 1934. gada 15. maija valsts apvērsuma: Saeimas padzīšana un politisko partiju aizliegšana esot līdzējusi vispārējas kārtības un labklājības nodrošināšanā. Mēģināšu paanalizēt, kā mēs līdz šādam mītam esam nonākuši. Pirmkārt, jāatzīst, ka 30. gadu otrā puse tautas atmiņā objektīvi ir palikusi kā stabilitātes un labklājības laiks, jo pirms tam bija pasaules ekonomiskā krīze, bet pēc tam – padomju okupācija un staļinisms. Otrkārt, runājot un rakstot par 30. gadiem, tiek izmantota tā laika literatūra un periodiskie izdevumi, piemēram, Atpūta, aizmirstot, ka tolaik bija cenzūra. Par K. Ulmaņa politiku drīkstēja rakstīt tikai labu vai neko. Salīdzinājumam – tikpat labi varētu pētīt 1940. gada notikumus, kā avotu izmantojot Pravdu vai Cīņu. Treškārt – K. Ulmaņa kults tika stiprināts drīz pēc Latvijas neatkarības atjaunošanas. Saeima par pirmo atjaunotās Latvijas Valsts prezidentu ievēlēja Gunti Ulmani. Nevis tāpēc, ka šis pilsonis bija vispiemērotākais kandidāts, kas ar savām zināšanām varētu reprezentēt Latvijas Republiku, bet gan tāpēc, ka viņa uzvārds bija Ulmanis un viņš bija K. Ulmaņa radinieks. Tā vietā, lai nosodītu 1934. gada 15. maija notikumus, Saeima godināja sava padzinēja piemiņu. Ceturtkārt, nevar piemirst arī mūsu ļoti niecīgās parlamentārisma tradīcijas. Tā kā latviešu tautai nebija savas aristokrātijas, tai nebija nekādas pieredzes, vietējā pašpārvalde simtiem gadu atradās vācu muižniecības rokās. Līdzīgi kā sava valsts, arī valsts pārvalde bija jāveido no nulles, trūka paša galvenā – pieredzes un tradīciju. Piektkārt, savu artavu K. Ulmaņa kulta zelšanai dod arī mūsdienu politiskā elite, kas ar savu diletantisko un bieži destruktīvo rīcību liek tautai izdarīt secinājumus, ka tā nekam neder, rīkojas tikai savās interesēs, tātad – ir jāpadzen. Kas to reiz ir izdarījis? K. Ulmanis, un pēc tam viss nostājās savās vietās, mēs toreiz piedzīvotu īstus zelta laikus, ja ne padomju okupācija. Vienlaikus izskan aicinājumi atrast jaunu vadoni, jo kolektīvā pārvalde nav sevi attaisnojusi.

K. Ulmaņa personības kults ir spēcīgs, neraugoties uz vairākām vēstures epizodēm. Pirmkārt, 1934. gada 15. maijā Latvijas valstij nekādu ārēju vai iekšēju apdraudējumu nebija, arī ekonomiskā situācija sāka uzlaboties, līdz ar to valsts apvērsuma veikšana bija pilnīgi neattaisnota. Solītā Satversmes reforma netika veikta turpmāko sešu gadu laikā, tika ieviesta cenzūra, un sabiedrība tika izstumta no politiskās dzīves. Jau tā īsā demokrātiskā pieredze tika aprauta. Sabiedrība joprojām nespēj diskutēt par 1939.–1940. gada notikumiem, kad tika zaudēta valsts neatkarība. Doma, ka K. Ulmanis kādā epizodē kļūdījās, netiek pieļauta. Tāpat K. Ulmaņa rīcība pēc 1940. gada 17. jūnija, sadarbojoties ar okupantiem, tiek attaisnota. Tiem, kas uzskata, ka absolūta padošanās bija pilnīgi pareiza, jo karš izraisītu lielus postījumus un upurus, uzdošu jautājumu: vai nosodāt arī nacionālos partizānus, kuri ar ieročiem rokās pretojās okupantiem? Tā taču bija pilnīgi pretēja rīcība un radīja upurus! Cīnītāji tika nogalināti, viņu radinieki represēti un deportēti. K. Ulmanis pēc padomju varas pasludināšanas un Tautas Saeimas lēmuma par pievienošanos PSRS 1940. gada 22. jūlijā lūdza sev piešķirt pensiju, līdz ar to faktiski atzīstot padomju varu un Latvijas aneksiju. Manuprāt, šāda rīcība jāvērtē kritiski. Kritiski K. Ulmaņa politiku vērtējuši vairāki vēsturnieki, arī trimdas autori. Taču šī kritika visbiežāk paliek akadēmiskajā vidē un plašāku sabiedrisku rezonansi negūst.

Nav noliedzams, ka K. Ulmanis ir viena no spilgtākajām personībām Latvijas vēsturē, viņš vadīja pirmās četras Latvijas valdības. Arī pēc 1934. gada 15. maija pozitīvi vērtējama, piemēram, skolu celtniecība, izglītības veicināšana un jaunatnes patriotiskā audzināšana. Bet vienlaikus atklāti jārunā par viņa kļūdām. Savukārt mūsdienu politikā jāmeklē nevis vadoņi, bet personības. Lai atkal mēs nenonāktu situācijā, kad kāds no malas nāk un ar pirkstu baksta, kas un kā jādara, jo paši esam izrādījušies muļķi.","Katrai tautai ir savi mīti. Daži mīti, laikam ritot, mirst, bet citi pieņemas spēkā. Mītu rašanās ir saistīta ne tikai ar pagātnes notikumiem, bet arī ar tagadni. Ir gadījumi, kad kādi mīti tiek mākslīgi kultivēti, lai aiz teiksmainās senatnes tiek slēptas tagadnes problēmas.",mal,nra,NRA,fake news,a2e3ca6c-03bb-4ded-a456-f0229891b115,article,MassiveSum
https://www.madhyamam.com/local-news/kollam/2016/dec/12/236209,,വീടിനുനേരെ സാമൂഹികവിരുദ്ധ ആക്രമണം,,പത്തനാപുരം: സാമൂഹികവിരുദ്ധശല്യം ചോദ്യം ചെയ്ത റവന്യൂ ഉദ്യോഗസഥന്‍െറ വീടിനുനേരെ കല്ളെറിഞ്ഞതായി പരാതി. പത്തനാപുരം താലൂക്ക് ഓഫിസിലെ റവന്യൂവിഭാഗം ജീവനക്കാരനായ തലവൂര്‍ അമ്പലനിരപ്പ് ഉത്തൃട്ടാതിയില്‍ ആര്‍. ഹരിസുധന്‍െറ വീടിന് നേരെയാണ് കല്ളെറിഞ്ഞത്. ഞായറാഴ്ച പുലര്‍ച്ചെ ഒന്നോടെയായിരുന്നു സംഭവം. രണ്ട് ഇരുചക്രവാഹനങ്ങളിലായി എത്തിയ നാലംഗസംഘമാണ് കല്ളെറിഞ്ഞത്. കല്ളേറില്‍ വീടിന്‍െറ ജനല്‍ചില്ലുകള്‍ തകര്‍ന്നു. സംഭവസമയത്ത് ഭാര്യയും കുട്ടികളും മാത്രമായിരുന്നു വീട്ടിലുണ്ടായിരുന്നത്. വീട്ടുകാര്‍ ഉണര്‍ന്നപ്പോഴേക്കും ഇരുചക്രവാഹനത്തില്‍ സംഘം രക്ഷപ്പെട്ടു. എന്‍.ജി.ഒ സംഘിന്‍െറ ജില്ലനേതാവായ ഹരിസുധന്‍ മലപ്പുറത്ത് നടക്കുന്ന സംസ്ഥാന സമ്മേളനത്തില്‍ പങ്കെടുക്കാന്‍ പോയിരിക്കുകയായിരുന്നു. ഒരാഴ്ച മുമ്പ് പട്ടാഴി മാര്‍ക്കറ്റ് ജങ്ഷനിലെ ചീട്ടുകളി സംഘത്തിന്‍െറ സാമൂഹികവിരുദ്ധശല്യം ചോദ്യംചെയ്തിരുന്നു. ഇതാണ് ആക്രമണത്തിന് പിന്നിലെന്ന് ഹരിസുധന്‍ പറഞ്ഞു. സംഭവത്തില്‍ കുന്നിക്കോട് പൊലീസ് കേസെടുത്തു.,പത്തനാപുരം: സാമൂഹികവിരുദ്ധശല്യം ചോദ്യം ചെയ്ത റവന്യൂ ഉദ്യോഗസഥന്‍െറ വീടിനുനേരെ കല്ളെറിഞ്ഞതായി പരാതി. പത്തനാപുരം താലൂക്ക് ഓഫിസിലെ റവന്യൂവിഭാഗം ജീവനക്കാരനായ തലവൂര്‍ അമ്പലനിരപ്പ് ഉത്തൃട്ടാതിയില്‍,mal,madhyamam,Madhyamam,fake news,ec5afc60-9670-474c-a21b-51b315204d61,article,MassiveSum
https://www.madhyamam.com/gulf-news/bahrain/bahrain-bahrain-news-gulf-news/597579,,‘പവിഴ ദ്വീപിലെ തുല്ല്യത ഞങ്ങളെ സന്തോഷവതികളാക്കുന്നു’,,"അന്താരാഷ്​ട്ര വനിത ദിനത്തി​​​െൻറ പശ്​ചാത്തലത്തിൽ ബഹ്​റൈനിൽ വനിതകൾ അനുഭവിക്കുന്ന സ്വാതന്ത്ര്യത്തെക്കുറിച ്ച്​ മലയാളി അധ്യാപികയും സാമൂഹിക പ്രവർത്തകയുമായ ഷെമിലി പി. ജോൺ എഴുതുന്നു പ്രവാസ മണ്ണായ ബഹ്​റൈനെ കൂടുതൽ ഞങ ്ങൾക്ക്​ കൂടുതൽ പ്രിയങ്കരമാക്കുന്നതിന്​ പിന്നിൽ ഇവിടെ അനുഭവപ്പെടുന്ന സ്​ത്രീ^പുരുഷ സമത്വം കൂടിയാണ്​. ഇൗ അന്താരാഷ്​ട്ര വനിതാ ദിനത്തി​​​െൻറ പ്രമേയം തു​ല്യ​ത​യോ​ടെ ചി​ന്തി​ക്കു​ക, സ​മ​ർ​ഥ​രാ​യി പ​ണി​തു​യ​ർ​ത്തു​ക, പു​തു​മ​യു​ള്ള മാ​റ്റം കൊ​ണ്ടു​വ​രു​ക’ എന്നതാണെന്ന്​ യു.​എ​ൻ മുന്നോട്ടുവെച്ചതും ശ്രദ്ധേയമാണ്​. പ്രവാസ ജീവിതത്തി​​​െൻറ എല്ലാ പരിമിതികൾക്കുള്ളിൽ നിന്ന് കൊണ്ടും സ്ത്രീകൾ അനുഭവിക്കുന്ന സുരക്ഷിതത്വം എടുത്തുപറയേണ്ടതാണ്​. ബഹ്​റൈനിൽ എവിടെയും ഏതു നേരത്തും സമാധാനത്തോടെ കടന്നു ചെല്ലാം, യാത്ര ചെയ്യാം.

ഉറക്കെ ചിരിക്കാം. ചിന്തിക്കുന്നത്​ തുറന്ന്​ പറയാം. ഇത്​ പറയു​േമ്പാഴും നമ്മുടെ സ്വന്തം നാട്ടിൽ എത്രത്തോളം ഇതെല്ലാം അനുഭവിക്കാൻ കഴിയും എന്ന ചോദ്യമുയരുന്നുണ്ട്​. അത്​ ചോദ്യമായി തന്നെ നിൽക്കുന്നു. നമ്മുടെ മാതൃരാജ്യത്ത്​ നമ്മുടെ മാതൃരാജ്യത്ത്​ മീ ടുപോലെയുള്ള പ്രസ്ഥാനങ്ങൾ കടന്ന​ുവരുന്നത്​ ചില്ലറ മാറ്റങ്ങൾ കാണുന്നുണ്ട്​. ബഹ്​റൈനിൽ ഒരു അനാവശ്യനോട്ടം പോലും സ്​ത്രീകൾക്ക്​ അഭിമുഖീകരിക്കേണ്ടി വരുന്നില്ല എന്നത്​ എത്രയോ മഹത്തരമായ സംസ്​ക്കാരത്തി​​​െൻറ ഫലമാണ്​. സ്​ത്രീയും പുരുഷനും എല്ലാം എല്ലായിടത്തും തുല്ല്യർ. ഇതുതന്നെയല്ലേ ലോകത്തെങ്ങുമുള്ള വനിതകൾ കൊതിക്കുന്നതും.",അന്താരാഷ്​ട്ര വനിത ദിനത്തി​​​െൻറ പശ്​ചാത്തലത്തിൽ ബഹ്​റൈനിൽ വനിതകൾ അനുഭവിക്കുന്ന സ്വാതന്ത്ര്യത്തെക്കുറിച   ്ച്​ മലയാളി അധ്യാപികയും സാമൂഹിക പ്രവർത്തകയുമായ ഷെമിലി പി. ജോൺ  എഴുതുന്നു   പ്രവാസ മണ്ണായ...,mal,madhyamam,Madhyamam,fake news,1533df24-9d49-4fe6-bcf5-b56a886c7051,article,MassiveSum
https://www.delfi.lv/news/national/politics/regionalaja-transporta-tikai-atseviskos-gadijumos-noverota-sejas-masku-nevalkasana.d?id=52562345,https://www.delfi.lv/news/national/politics/regionalaja-transporta-tikai-atseviskos-gadijumos-noverota-sejas-masku-nevalkasana.d?id=52562345,Reģionālajā transportā tikai atsevišķos gadījumos novērota sejas masku nevalkāšana,,"Reģionālās nozīmes sabiedriskajā transportā tiek novēroti tikai atsevišķi gadījumi, kad šoferiem vai kontrolieriem nākas atteikt iekāpšanu vai izsēdināt pasažierus par sejas masku nelietošanu, pauda Autotransporta direkcijas pārstāve Lilita Pelčere.

Latvijā izsludinātā ārkārtējā stāvokļa laikā DELFI publikācijas par jaunā koronavīrusa izraisīto slimību Covid-19 pieejamas bez maksas.

Viņa norādīja, ka kopumā situācija ir pozitīva - pasažieri reģionālās nozīmes sabiedriskajā transportā lielākoties ievēro valstī noteiktos ierobežojumus saistībā ar mutes un deguna aizsega lietošanu. Tomēr joprojām ir novērojamas situācijas, kad pasažieris, iekāpjot autobusā, masku novelk un uzvelk atkal tikai pēc kontroles pieprasījuma, kā arī atsevišķos gadījumos mutes un deguna aizsega nav vispār. Sākot ar šo nedēļu, pārvadātāji ne tikai brīdina par to, ka aizsega lietošana ir obligāta, bet arī atsaka iekāpšanu transportā vai izsēdina no tā - tādi gadījumi nav daudz, bet tomēr tiek novēroti.

Pelčere uzsvēra, ka Autotransporta direkcija priecājas par pašvaldību iesaisti.

""Mums ir informācija, ka ir pašvaldības, kas pašas organizē policijas reidus, pārbaudot aizsegu lietošanu vietējās nozīmes maršrutu autobusos. Tāpat vairākas pašvaldības autoostām un pārvadātājiem ir izsniegušas maskas, lai tās var dalīt pasažieriem, kā arī daļā autoostu tās var iegādāties,"" pauda Pelčere, piebilstot, ka papildus tam vairāki pārvadātāji nodrošina masku iegādi pie autobusa vadītāja, ko pasažieri arī labprāt izmanto.

Pelčere skaidroja, ka jaunie noteikumi no 14. oktobra paredz, ka mutes un deguna aizsega lietošana autoostās un dzelzceļa stacijās ir katra indivīda atbildība, konflikta vai citas nepieciešamības gadījumā iesaistot policiju.

Viņa pauda, ka autoostās situācija ir dažāda, - ir vietas, kur maskas lieto vairāk, ir, kur mazāk. Autotransporta direkcija sekos līdzi aktuālai informācijai, un aicina arī autoostām un dzelzceļa stacijām izvietot informāciju par to, ka mutes un deguna aizsega lietošana ir obligāta prasība.

Autotransporta direkcija ir vienotas valsts politikas realizētāja starptautisko pārvadājumu jomā, autotransporta komercpārvadājumu uzņēmējdarbības licencēšanā, kā arī sabiedriskā transporta plānošanā. Autotransporta direkcijas uzdevums ir īstenot virkni pasākumu kompleksu, lai Latvijas autopārvadātājiem tiktu nodrošināta likumīga iespēja veikt pārvadājumus Latvijas teritorijā un ārpus tās.","Reģionālās nozīmes sabiedriskajā transportā tiek novēroti tikai atsevišķi gadījumi, kad šoferiem vai kontrolieriem nākas atteikt iekāpšanu vai izsēdināt pasažierus par sejas masku nelietošanu, pauda Autotransporta direkcijas pārstāve Lilita Pelčere.",mal,delfi,Delfi,fake news,3a302784-1810-417c-9f56-183a915b9f11,article,MassiveSum
https://www.madhyamam.com/world/asia-pacific/rohingya-crisi-secretary-myanmars-advisory-panel-resigns/526115,,റോ​ഹി​ങ്ക്യ​ൻ പ്ര​ശ്​​നം: അ​ന്താ​രാ​ഷ്​​ട്ര പ​ഠ​ന​സം​ഘ​ത്തി​ൽ​നി​ന്ന്​ സെ​ക്ര​ട്ട​റി രാ​ജി​വെ​ച്ചു,,"യാം​ഗോ​ൻ: റോ​ഹി​ങ്ക്യ​ൻ വി​ഷ​യ​ത്തി​ൽ മ്യാ​ന്മ​ർ സ​ർ​ക്കാ​റി​നെ സ​ഹാ​യി​ക്കാ​ൻ നി​യോ​ഗി​ച്ച അ​ന്താ​രാ​ഷ്​​ട്ര സ​മി​തി​യി​ൽ​നി​ന്ന്​ സെ​ക്ര​ട്ട​റി രാ​ജി​വെ​ച്ചു. താ​യ്​​ല​ൻ​ഡ് പൗ​ര​നും മു​ൻ പാ​ർ​ല​മ​​െൻറ്​ അം​ഗ​വു​മാ​യി​രു​ന്ന കൊ​ബാ​സാ​ക്​ ചൗ​ട്ടി​കോ​ലാ​ണ്​ സ​മി​തി​യി​ൽ​നി​ന്ന്​ രാ​ജി​വെ​ച്ച​ത്. മ്യാ​ന്മ​ർ നേ​താ​വ്​ ഒാ​ങ്​​സാ​ങ്​ സൂ​ചി​യു​മാ​യു​ള്ള അ​ഭി​പ്രാ​യ​വ്യ​ത്യാ​സ​ത്തെ തു​ട​ർ​ന്നാ​ണ്​ തീ​രു​മാ​ന​മെ​ന്നാ​ണ്​​ വി​വ​രം.

ഇൗ​മാ​സം 10നു​ത​ന്നെ പ​ടി​യി​റ​ങ്ങി​യി​രു​ന്നെ​ങ്കി​ലും ഇ​പ്പോ​ഴാ​ണ്​ മാ​ധ്യ​മ​ങ്ങ​ളെ അ​റി​യി​ക്കു​ന്ന​ത്​. മു​ൻ യു.​എ​ൻ സെ​ക്ര​ട്ട​റി ജ​ന​റ​ൽ കോ​ഫി അ​ന്നാ​​െൻറ നേ​തൃ​ത്വ​ത്തി​ൽ റോ​ഹി​ങ്ക്യ​ൻ വം​ശീ​യ ഉ​ന്മൂ​ല​ന​ത്തി​ൽ മ്യാ​ന്മ​ർ സ​ർ​ക്കാ​റി​നെ​തി​രെ​യു​ള്ള തീ​രു​മാ​ന​ങ്ങ​ളെ നേ​രി​ടാ​നാ​ണ്​ സൂ​ചി പ്ര​ത്യേ​ക സ​മി​തി​യെ നി​യോ​ഗി​ച്ച​ത്.",യാം​ഗോ​ൻ: റോ​ഹി​ങ്ക്യ​ൻ വി​ഷ​യ​ത്തി​ൽ മ്യാ​ന്മ​ർ സ​ർ​ക്കാ​റി​നെ സ​ഹാ​യി​ക്കാ​ൻ നി​യോ​ഗി​ച്ച അ​ന്താ​രാ​ഷ്​​ട്ര സ​മി​തി​യി​ൽ​നി​ന്ന്​ സെ​ക്ര​ട്ട​റി രാ​ജി​വെ​ച്ചു. താ​യ്​​ല​ൻ​ഡ് പൗ​ര​നും മു​ൻ...,mal,madhyamam,Madhyamam,fake news,efafb1c3-241b-4d87-8886-dda67b1c3a81,article,MassiveSum
https://www.15min.lt/vardai/naujiena/lietuva/marijonas-mikutavicius-jeigu-buciau-prezidentu-uzdrausciau-kiausinius-1050-409964,https://www.15min.lt/vardai/naujiena/lietuva/marijonas-mikutavicius-jeigu-buciau-prezidentu-uzdrausciau-kiausinius-1050-409964,Marijonas Mikutavičius: „Jeigu būčiau prezidentu - uždrausčiau kiaušinius“,,"O kas būtų, jeigu prezidentu galėtų tapti kiekvienas iš mūsų? Lukas Stacevičius – 22-ejų metų vaikinas, baigęs bakalauro studijas Danijoje ir šiuo metu užsiimantis internetinių tinklalapių kūrimu ir reklamos gamyba, sugalvojo idėją – „Jeigu tapčiau prezidentu“, kuri leidžia kiekvienam laisvai reikštis socialiniame tinklalapyje ir internete šia aktualia tema. Idėjos esmė – suteikti erdvę žmonėms išreikšti savo nuomonę ar net trumpam pasvajoti kas būtų jeigu būtų. Pasisakyti šiuo klausimų neatsisako ne tik paprasti žmonės, bet ir žinomi Lietuvos žmonės.

„Mieliau būčiau pirmąja ponia nei prezidente. Taip galėčiau mažiau politikuoti, o daugiau užsiimti gerais darbais“, – savo nuomonę dėstė Saulenė Chlevickaitė.

„Jeigu būčiau prezidentu“ idėjos autorius Lukas Stacevičius pastebėjo, kad žmonės turi ką pasakyti tam tikrais klausimais, tik iki šiol nebuvo vietos, kur būtų galimą ją laisvai išreikšti: „Šiais metais vykstantys prezidento rinkimai – labai aktuali tema. Žiniasklaidoje mirga straipsniai apie kandidatus ir kitus klausimus, susijusius su rinkimais. Kiekvienas žmogus turi savo nuomonę apie visa tai, tačiau iki šiol nebuvo konkrečios vietos internete, kur būtų galima išsakyti savo nuomonę apie prezidento pareigas ir veiklą.“

Ar žmonės į klausimą, apie tapimą prezidentu, sureaguoja rimtai ar ne – sunku pasakyti. Galbūt vieno žmogaus rimtai išsakyta nuomonė kitam gali nuskambėti kaip šmaikštus juokelis.

„Jeigu būčiau prezidentu – uždrausčiau kiaušinius. Kodėl? Nes jie yra blogis“, – savo nuomonę dėstė atlikėjas Marijonas Mikutavičius.

Internete sparčiai pradėjo plisti „Jeigu būčiau prezidentu“ idėja. Žmonės asmeniškai šiuo klausimų pasisako socialiniuose tinklalapiuose, todėl idėjos autorius L.Stacevičius nusprendė visus „surinkti“ į vieną vietą: „Taip kilo idėja sukurti specializuotą mini tinklalapį, kuriame žmonės galėtų išreikšti savo idėjas, ką jie darytų tapę Lietuvos prezidentais.“

„Galvojau, galvojau ir man šis klausimas pasirodė sudėtingas. Mes niekada nebūsime šalies vadovais – apie tai galime tik pasvajoti. O mano svajonėse to nėra, todėl, kad prezidentas turi išmanyti savo pareigas, o mano sritis yra visai kita. Manau, kad pasakymas „jeigu būčiau prezidentu padaryčiau tą ar aną, išgelbėčiau žmones iš skurdo, kovų...“ lygi nuliui! Būkime kiekvienas savo mažame rate sau prezidentu ir darykime gerus darbus aplinkui – ir taip mes patys sukurtume sveiko mastymo tautą. Neturime laukti kol kažkas paprašys arba kol gausime atitinkamas pareigybes. Priverstinai daromi geri darbai ir pastangos – negražu“, – išsamiai savo nuomonę išdėstė atlikėja Indrė Burlinskaitė. Tiesa, dainininkė vis dėlto prasitarė, kad jeigu taptų prezidente, tai pirmiausiai sutvarkytų Lietuvoje esančius baseinus, nes anot jos, jų būklė yra tragiška ir būsimieji plaukimo talentai ten labai rizikuoja savo sveikata.","Artėjantys prezidento rinkimai – viena iš aktualiausių šių dienų temų.„Ką daryčiau jeigu tapčiau Lietuvos prezidentu?“, – į šį klausimą kuo išradingiau bando atsakyti kandidatai,...",mal,15min,15Min,fake news,4eda50b0-ea89-4c3a-903f-a9fa9780f375,article,MassiveSum
https://lao.voanews.com/a/celebration-july-4-at-wat-lao-bhuddhavong/3931059.html,https://lao.voanews.com/a/celebration-july-4-at-wat-lao-bhuddhavong/3931059.html,ບຸນສະຫຼອງ ວັນຊາດ ອາເມຣິກັນ ແລະ ວັນນັດພົບ ເຫຼົ່າເຄືອຍາດ ທີ່ ວັດລາວພຸດທະວົງ,,"ວັນອັງຄານທີ 4 ເດືອນກໍລະກົດ ເປັນວັນຊາດຂອງສະຫະລັດ ແລະ ເປັນວັນພັກ ຂອງ ຊາວອາເມຣິກັນ ໃນທົ່ວປະເທດ ຊຶ່ງພວກເຂົາເຈົ້າສ່ວນຫຼາຍ ກໍຈະເລີ້ມພັກການຕັ້ງແຕ່ ວັນສຸກທ້າຍສັບປະດາເປັນຕົ້ນໄປ. ຫຼາຍໆຄົນຈະຖືເອົາວັນພັກນີ້ ພາກັນເດີນທາງໄປ ຢ້ຽມຢາມຍາດຕິພີ່ນ້ອງ ທີ່ຢູ່ຕ່າງລັດ ແລະ ບາງຄົນ ກໍຈະພາກັນໄປທ່ຽວທະເລ ແລະ ອີກສ່ວນນຶ່ງ ກໍຈະເດີນທາງມາຍັງນະຄອນຫຼວງ ວໍຊິງຕັນ ເພື່ອທ່ຽວຊົມຫໍພິພິທະພັນ ແລະ ເບິ່ງການຈູດບັ້ງໄຟດອກ ທີ່ສວຍສົດງົດງາມ ແລະຍິ່ງໃຫຍ່ໄປດ້ວຍແສງສີ ທີ່ ເຕັ້ນກະພິບກະພັບໄປຕາມສຽງບັນເລງ ຂອງດົນຕີວົງໃຫຍ່ ແລະ ການສະແດງຄອນ ເສີດຕ່າງໆ ໂດຍບັນດານັກຮ້ອງຊື່ດັງຂອງສະຫະລັດ ຢູ່ໃນບໍລິເວນສະໜາມຫຼວງ. ແຕ່ສຳລັບວັດລາວພຸດທະວົງສ໌ ແລ້ວ ທາງຄະນະບໍລິຫານວັດ ໄດ້ຖືເອົາໂອກາດນີ້ ຈັດງານໃຫຍ່ປະຈຳປີ ສະ ເຫຼີມສະຫຼອງວັນຊາດອາເມຣິກັນ ວັນນັດພົບເຫຼົ່າເຄືອຍາດ ໂດຍມີຈຸດປະສົງຫຼັກ 3 ປະການ ດັ່ງໄຊຈະເລີນ ຈະນຳເອົາລາຍລະອຽດມາສະເໜີທ່ານ ໃນອັນດັບຕໍ່ໄປ.

ກ່ອນອື່ນຂ້າພະເຈົ້າ ຂໍເລົ່າປະຫວັດຄວາມເປັນມາ ຈັກເລັກນ້ອຍຂອງ ວັດລາວ ພຸດທະວົງສ໌ ໃຫ້ທຸກທ່ານທີ່ບໍ່ເຄີຍໄດ້ມາທ່ຽວຊົມວັດແຫ່ງນີ້ ໄດ້ຟັງ.

ວັດລາວພຸດທະວົງສ໌ ໄດ້ກໍ່ຕັ້ງຂຶ້ນມາ ໃນປີ 1978 ໂດຍການນຳພາ ຂອງພຸດທະ ສະມາຄົມລາວ-ອາເມຣິກັນ ໂດຍມີຍານາງ ພູຣັດສະໝີ ນໍຕັ້ນ ຍາແມ່ຄຳສະຫວາງ ຈຸນລະມະນີ ທ່ານມະຫາ ຈັນສຸກ ສຸຣິຍະຈັກ ແລະ ທ່ານອາຣິຍະ ພິມມະສອນ ພ້ອມ ດ້ວຍຄະນະບໍລິຫານວັດ ຜູ້ສຳຄັນອື່ນໆອີກຫຼາຍທ່ານ.

ໃນປີດຽວກັນ ຄະນະບໍລິຫານພຸດທະສະມາຄົມລາວ-ອາເມຣິກັນ ໄດ້ເຊົ່າເຮືອນ ຕັ້ງຢູ່ທີ່ ເມືອງສປຣິງຟຽວ ລັດເວີຈີເນຍ ເປັນທີ່ພຳນັກສົງ ໂດຍມີ ຍາທ່ານບຸນມີ ກິຕຕິທັມມະວັນໂນ ເປັນພະສົງອົບພະຍົບ ອົງທຳອິດ ທີ່ໄດ້ນຳພາຊາວພຸດ ໃນ ຂົງເຂດວໍຊິຕັນ ແລະ ລັດຕ່າງໆທີ່ຢູ່ໃກ້ຄຽງ.

ຕົກມາໃນປີ 1981 ຄະນະບໍລິຫານ ພຸດທະສະມາຄົມລາວ-ອາເມຣິກັນ ໄດ້ຊື້ເຮືອນ ເກົ່າຫຼັງນຶ່ງ ທີ່ຕັ້ງຢູ່ໃນເຂດເມືອງອາເລັກຊານເດຣຍ ລັດເວີຈີເນຍ ມາສ້ອມແປງ ຕັ້ງເປັນວັດຊົ່ວຄາວ ແລະຕໍ່ຈາກນັ້ນ ກໍໄດ້ເຕົ້າໂຮມຊາວພຸດ ແລະ ສັງຄົມລາວ- ອາເມຣິກັນສືບຕໍ່ ປະຕິບັດສາສະໜາກິດ ແລະ ຮີດຄອງປະເພນີລາວມາໄດ້ 5 ປີ ແຕ່ເນື່ອງຈາກສະຖານທີ່ແຫ່ງນີ້ ບໍ່ເໝາະສົມສຳລັບການຕັ້ງເປັນວັດ ຈຶ່ງເຮັດໃຫ້ບໍ່ ສາມາດໄດ້ຮັບອະນຸຍາດ.

ດັ່ງນັ້ນ ທາງຄະນະບໍລິຫານຂອງພຸດທະສະມາຄົມລາວ-ອາເມຣິກັນ ຈຶ່ງໄດ້ອອກ ຊອກຫາສະຖານທີ່ແຫ່ງໃໝ່ ໃນເຂດເມືອງ ແຄັດເລັດ ລັດເວີຈີເນຍ ໂດຍມີທີ່ດິນ ລວມທັງໝົດ 58 ເອເຄີ້ ເທົ່າກັບ 23.4 ເຮັກຕາ. ຫລັງຈາກຄະນະບໍລິຫານພຸດທະ ສະມາຄົມລາວ-ອາເມຣິກັນ ໄດ້ປຶກສາຫາລືກັນເປັນທີ່ຮຽບຮ້ອຍແລ້ວ ຈຶ່ງໄດ້ຕັດ ສິນໃຈ ຊື້ເອົາດິນນີ້ໄວ້ ໃນວັນທີ 17 ທັນວາ ປີ 1985.

ຕໍ່ຈາກນັ້ນ ທາງຄະນະຈຶ່ງໄດ້ຂໍອະນຸຍາດຕັ້ງເປັນວັດຂຶ້ນ ຈາກອຳນາດການປົກຄອງ ຟໍກີເອີ ເຄົາຕີ້ ລັດເວີຈີເນຍ ໂດຍໃສ່ຊື່ວ່າ ວັດລາວພຸດທະວົງສ໌ ຢ່າງເປັນທາງການ. ຢູ່ໃນທີ່ດິນ ອັນເປັນຟາມອັນກວ້າງໃຫຍ່ຂອງວັດນີ້ ມີເຮືອນນຶ່ງຫລັງ 4 ຫ້ອງນອນ ຊຶ່ງເປັນບ່ອນໃຫ້ພະສົງ 4 ອົງພໍານັກອາໄສ ແລະໃນປັດຈຸບັນນີ້ ມີພະສົງປະຈຳຢູ່ທີ່ ວັດລາວພຸດທະວົງສ໌ ຈຳນວນທັງໝົດ ສິບກວ່າອົງ ຮວມທັງ ຍາທ່ານບຸນມີ ກິຕຕິ ທັມມະວັນໂນ ປະມຸກສົງລາວ-ອາເມຣິກັນ ໃນສະຫະລັດ ແລະ ເຈົ້າອະທິການວັດ ລາວພຸດທະວົງສ໌ ຍາທ່ານ ດຣ ພະມະຫາຈັນດາພອນ ຈັກກະວາໂຣ ຮອງເຈົ້າອະທິ ການວັດລາວພຸດທະວົງສ໌.

ວັດລາວພຸດທະວົງສ໌ ໄດ້ເລີ້ມຈັດງານບຸນສະຫລອງວັນຊາດອາເມຣິກັນ ຄັ້ງທຳອິດ ໃນວັນທີ 4 ກໍລະກົດ ປີ 1990 ໂດຍມີຈຸດປະສົງຫຼັກ 3 ປະການດັ່ງທີ່ຍາ ທ່ານ ດຣ ພະມະຫາຈັນດາພອນ ຈັກກະວາໂຣ ໃຫ້ການອະທິບາຍດັ່ງນີ້:

ບຸນໃຫຍ່ສະຫລອງວັນຊາດອາເມຣິກັນ ແລະ ວັນນັດພົບເຫລົ່າເຄືອຍາດ ຄັ້ງທຳອິດ ທີ່ໄດ້ຈັດຂຶ້ນຢູ່ທີ່ວັດລາວພຸດທະວົງສ໌ ທີ່ເມືອງແຄັດເລັດ ລັດເວີຈີເນຍ ໄດ້ປະສົບຜົນ ສຳເລັດເປັນຢ່າງດີ ໂດຍມີຊາວພຸດທະສາສະນິກະຊົນ ລາວ-ອາເມຣິກັນ ຫຼາຍພັນ ຄົນ ໃນທົ່ວສະຫະລັດ ໄດ້ມາທຳບຸນຮັບສິນຕັກບາດຕາມຮີດຄອງປະເພນີຂອງລາວ ຢ່າງໜາແໜ້ນ. ສະນັ້ນ ທາງຄະນະບໍລິຫານ ພຸດທະສະມາ ຄົມລາວ-ອາເມຣິກັນ ຈຶ່ງໄດ້ຈັດງານບຸນສະຫຼອງວັນຊາດອາເມຣິກັນ ແລະ ວັນນັດພົບເຫລົ່າເຄືອຍາດ ໃນແຕ່ລະປີ ຈົນມາເຖິງປີ 2017 ນີ້.

ສຳລັບໃນປີນີ້ ການສະຫລອງໄດ້ເລີ້ມຂຶ້ນ ໃນວັນເສົາ ທີ 1 ກໍລະກົດ​ ໃນເວລາ​ 10 ໂມງເຄິ່ງ ດ້ວຍການໄຫວ້ພະຮັບສິນ ຕັກບາດ ຖະຫວາຍສັງຄະທານແດ່ພະສົງ ທີ່ມາຮ່ວມຈາກວັດຕ່າງໆ ໃນຂົງເຂດນະຄອນຫຼວງວໍຊິງຕັນ ແລະຕ່າງລັດນຳດ້ວຍ.

ໃນເວລາ 11 ໂມງເຄິ່ງພະສົງສັນເພນ ຕິດຕາມດ້ວຍການໃຫ້ທຳມະກະຖາ ກ່ຽວກັບ ຈຸດປະສົງຂອງການຈັດງານບຸນວັນຊາດອາເມຣິກັນ.

ໃນເວລາ 9 ໂມງແລງກໍ ມີພິທີສູດປະລິຕະມົງຄຸນ ຟັງທັມມະເທດສະໜາ ແລະ ຫຼັງຈາກນັ້ນກໍມີການປະຕິ ບັດທຳ ນັ່ງສະມາທິ ຖືວ່າເສັດພິທີທາງສາສະໜາ.

ສຳລັບວັນອາທິດ ທີ 2 ກໍລະກົດນັ້ນ ດຣ ພະມະຫາຈັນດາພອນ ຈັກກະວາໂຣ ໄດ້ໃຫ້ການຊີ້ແຈງ ກ່ຽວກັບ ການສະຫຼອງມຸທິຕາ ອາຍຸວັດທະນະ ຄົບ 80 ປີ ຂອງພະອາຈານໃຫຍ່ບຸນມີ ກິຕຕິທັມມະວັນໂນ ດັ່ງນີ້:

ໃນຕອນເຊົ້າເວລາ 10 ໂມງເຄິ່ງ ໄຫວ້ພະຮັບສິນ ຕັກບາດ ຖະຫວາຍພະທະຫານ ເພນແດ່ພະສົງທີ່ນິມົນມາ ຈາກວັດຕ່າງໆ ໃນຂົງເຂດນະຄອນຫຼວງ ວໍຊິງຕັນ ດີຊີ ແລະຕ່າງລັດນຳດ້ວຍ.

ໃນເວລາບ່າຍ ໂມງນຶ່ງ ເລີ້ມພິທີ ເຖລາພິເສກກ່າວມຸທິຕາຖະຫວາຍພອນຄົບ 80 ປີ ຂອງຍາທ່ານບຸນມີ ກິຕຕິທັມມະວັນໂນ (ອ່ານປານາມ)

ໃນເວລາບ່າຍ 2 ໂມງ ຈັດພິທີຂະບວນແຫ່ ໃນບໍລິເວນ ວັດລາວພຸດທະວົງສ໌

ໃນເວລາບ່າຍ 3 ໂມງ ພິທີເຖລາພິເສກ ຫົດພະສົງ

ໃນເວລາບ່າຍ 4 ໂມງ ພິທີຖະຫວາຍ ກອງເຖລາພິເສກ ຄາລະວະຮັບພອນ ຖືວ່າ ເປັນທີ່ຈົບພິທີ ທາງສາສະໜາ.

ໃນເວລາ 9 ໂມງແລງ ພິທີວຽນທຽນ ຈູດບັ້ງໄຟດອກສະຫລອງວັນຊາດອາເມຣິກັນ ຫລ່ວງໜ້ານຶ່ງມື້ ຕາມປະເພນີທີ່ເຄີຍປະຕິບັດມາ.

ນອກຈາກພິທີທາງສາສະໜາແລ້ວ ກໍຍັງມີການສະແດງສີິນລະປະວັນນະຄະດີ ຟ້ອນປະເພນີລາວ ສອງລາຍການ ທັງຍັງມີການສະແດງຄອນເສີດ ໂດຍສີນລະປິນ ນັກຮ້ອງ ນັກສະແດງຫຼາກຫຼາຍຈາກ ລາວ ໄທ ແລະ ນັກຮ້ອງຮັບເຊີນ ຈາກຄະນະ ໝໍລຳສຽງອີສານ ເປັນຕົ້ນຄື ດອກອໍ້ ທຸ້ງທອງ ກ້ານຕອງ ທຸ້ງເງິນ ຊາດ ສີຣິເທບ ພ້ອມ ດ້ວຍ ແໝ່ມ ພາວະດີ ຄຳນາງ ເມືອງອຳນາດ ນົກ ອາມອນຣັດ ແລະ ນຸ້ມ ຣ໊ອກສະແດວ ມາສ້າງຄວາມມ່ວນຊື່ນໃຫ້ແກ່ແຂກຄົນທີ່ມາທ່ຽວຊົມງານບຸນສະຫລອງວັນຊາດ ອາເມຣິກັນ ແລະ ວັນນັດພົບເຫລົ່າເຄືອຍາດ.

ສ່ວນຢູ່ໃນບໍລິເວນດ້ານໃນຂອງວັດລາວພຸດທະວົງສ໌ ກໍຈະມີເວທີ ສຳລັບ ການ ສະແດງຄອນເສີດ ແລະອ້ອມຮອບເວທີການສະແດງນັ້ນ ກໍຈະມີພໍ່ຄ້າແມ່ຄ້າ ຂາຍ ເຄື່ອງຢູ່ເຄື່ອງກິນທຸກຊະນິດ ພ້ອມດ້ວຍເຄື່ອງປູກຂອງຝັງ ຫຼາຍກວ່າ 30 ຮ້ານ ຂອງ ຄົນລາວ ໄທ ແລະ ຫວຽດນາມ ຕັ້ງຢູ່ໃນສະຖານທີ່ຂອງວັດ ບໍ່ວ່າຈະເປັນຮ້ານຂາຍ ເຝີຊີ້ນງົວ ປິ້ງໄກ່ ປິ້ງໃສ້ອົ່ວ ລູກຊີ້ນ ຕຳໝາກຮຸ່ງ ເກືອບວ່າ ທຸກປະເພດອາຫານ ການກິນຂອງລາວ ແລະ ປະເທດເພື່ອນບ້ານ ສາມາດຊອກຫາກິນໄດ້ ແລະ ອາຫານ ທີ່ເປັນສັນຍາລັກຂອງລາວເຮົາ ແທ້ໆ ກໍຄືບັ້ງເຂົ້າຫຼາມ ຊຶ່ງຂ້າພະເຈົ້າໄດ້ສຳພາດ ເຈົ້າຂອງຮ້ານຂາຍບັ້ງເຂົ້າຫຼາມ ທ່ານບຸນມີ ອຳນາດແກ້ວ ຈາກລັດ South Carolina ທີ່ໄດ້ນຳພາຄອບຄົວຈຳນວນ 8 ຄົນ ເດີນທາງມາຂາຍບັ້ງເຂົ້າຫຼາມ ຢູ່ທີ່ວັດລາວ ພຸດທະວົງ ດ້ວຍລົດສອງຄັນ ຄັນນຶ່ງໃຊ້ເປັນລົດ ສຳລັບສະມາຊິກຄອບຄົວ ສ່ວນອີກ ຄັນນຶ່ງ ເປັນລົດກະບະຂະໜາດໃຫຍ່ລາກລົດຕູ້ບັນທຸກເຄື່ອງຂອງອຸປະກອນຕ່າງໆ ໃນການເຮັດບັ້ງເຂົ້າຫຼາມຂາຍ ທີ່ງານບຸນສະຫລອງວັນ ຊາດອາເມຣິກັນ. ທ່ານບຸນມີ ກ່າວກ່ຽວກັບການມາຂາຍ ໃນມື້ນີ້ວ່າ:

ສ່ວນຮ້ານອາຫານລາວ ຂອງທ່ານຄຳພັນ ອິນທະວົງດີ ຂາຍປິ້ງໃສ້ອົ່ວເມືອງຫລວງ ພະບາງ ປິ້ງໄກ່ ພ້ອມທັງຕຳໝາກຮຸ່ງແບບເມືອງຫລວງ ແລະຂາຍນ້ຳ ອ້ອຍນຳດ້ວຍ ຂ້າພະເຈົ້າຈຶ່ງໄດ້ເຂົ້າໄປຂໍສຳພາດ ຊຶ່ງທ່ານໄດ້ກ່າວເຖິງການມາເຮັດອາຊີບຂາຍ ອາຫານ ຢູ່ທີ່ວັດລາວ ດັ່ງຕໍ່ໄປນີ້ວ່າ:

ນອກຈາກອາຫານການກິນແລ້ວ ສິ່ງນຶ່ງທີ່ຂາດໄປບໍ່ໄດ້ກໍຄື ເຄື່ອງດື່ມ ເຊັ່ນວ່ານ້ຳອ້ອຍ ນ້ຳໝາກກ້ຽງ ນ້ຳໝາກນັັດ ນ້ຳໝາກໄມ້ປັ່ນ ສາລະພັດຊະນິດ ຈາກຮ້ານທ່ານ Johnny Le ຊາວຫວຽດນາມ ຜູ້ທີ່ເປັນເຈົ້າຂອງທຸລະກິດ ຊື່ວ່າ johnnysugarcanejuice. ທ່ານຈອນນີ້ ໄດ້ມາຂາຍເຄື່ອງດື່ມ ຢູ່ທີ່ວັດລາວ ສາມຄັ້ງຜ່ານມາແລ້ວ ແລະທ່ານໄດ້ ກ່າວກ່ຽວກັບຮ້ານຂອງທ່ານ ພ້ອມທັງກິດ ຈະການບໍລິສັດຂອງທ່ານ ດັ່ງນີ້:

ງານບຸນໃຫຍ່ປະຈຳປີ ຈະບໍ່ປະສົບຜົນສຳເລັດໄດ້ດ້ວຍດີ ໂດຍປາດສະຈາກບັນດາ ເຈົ້າໜ້າທີ່ຄະນະກຳມະການຈັດງານ ທີ່ປະຕິບັດໜ້າທີ່ຂອງຕົນຢ່າງຫ້າວຫັນ ແລະ ເອົາໃຈໃສ່ ຊຶ່ງປະກອບມີ ຍາປ້າຂັນກາບ ວົງພະຈັນ ປະທານຄະນະຈັດງານ ຮັບຜິດ ຊອບ ໃນການກະກຽມ ເລື່ອງການສະແດງ ສີນລະປະວັນນະຄະດີ ແລະ ການສະແດງ ຂອງສີລະປິນຕ່າງໆ ພ້ອມກັບເລື່ອງເຄື່ອງແຕ່ງກາຍ ແລະອາ ຫານການກິນ ເປັນຕົ້ນ ຊຶ່ງເພິ່ນໄດ້ໃຫ້ຄຳເຫັນ ກ່ຽວກັບບົດບາດໜ້າທີ່ຂອງເພິ່ນວ່າ:

ສ່ວນຍານາງກອງຄຳ ນັນທະວົງ ໂຄສົກພິທີກອນ ປະຈຳເວທີການສະແດງ ແລະ ບັນດາອາສາສະໝັກ ຮັກສາຄວາມປອດໄພ ຈຳນວນ 8 ທ່ານ ໂດຍມີ ທ່ານຖາວອນ ສາລະວັນ ເປັນຫົວໜ້າທີມໜ່ວຍຮັກສາຄວາມສະຫງົບ ຂອງວັດລາວພຸດທະວົງສ໌ ຊຶ່ງທ່ານໄດ້ໃຫ້ຄຳເຫັນ ກ່ຽວກັບວຽກງານການຮັກສາຄວາມປອດໄພຄືດັ່ງນີ້:

ນອກຈາກຈະມີໜ່ວຍງານອາສາສະໝັກ ຮັກສາຄວາມປອດໄພຂອງວັດລາວ ພຸດທະວົງສ໌ແລ້ວ ກໍຍັງມີເຈົ້າໜ້າທີ່ຕຳຫລວດຂອງຟໍກີເອີ້ ເຄົາຕີ້ ໄດ້ໃຫ້ຄວາມຮ່ວມ ໄມ້ຮ່ວມມື ອຳນວຍຄວາມສະດວກ ໃນດ້ານການປ້ອງກັນ ທຸກສະຖານະການ ທີ່ອາດຈະເກີດຂຶ້ນ ໂດຍສະເພາະເລື່ອງຂອງການເປັນລົມ ຍ້ອນອາກາດຮ້ອນເອົ້າ ພ້ອມທັງການສັນຈອນຢູ່ທາງເຂົ້າວັດ ແລະຢູ່ພາຍໃນວັດ ເຊັ່ນກັນ ດັ່ງທີ່ເຈົ້າໜ້າທີ່ ຕຳຫຼວດ ທ່ານນຶ່ງໄດ້ກ່າວວ່າ: “ຂ້າພະເຈົ້າໄດ້ມາປະຈຳການຢູ່ວັດລາວ 2 ເທື່ອ ເຫັນວ່າຊາວລາວເປັນຄົນໃຈດີ ເອື້ອເຟື້ອເພື່ອແພ່ ຖາມຂ້າພະເຈົ້າ ຢາກກິນນ້ຳ ຢາກກິນເຂົ້າບໍ່ ຕະຫລອດເລີຍ ຂ້າພະເຈົ້າດີໃຈທີ່ໄດ້ມາປະຕິບັດໜ້າທີ່ຢູ່ທີ່ນີ້.”

ໃນງານໃຫຍ່ປະຈຳປີ 2017 ນີ້ ສັງເກດໄດ້ວ່າ ຈຳນວນຊາວພຸດຄົນລາວ ທີ່ມາງານ ບຸນສະຫຼອງວັນຊາດ ອາເມຣິກັນ ໄດ້ຫລຸດລົງຫຼາຍພໍສົມຄວນເມື່ອປຽບທຽບໃສ່ກັບປີ ທີ່ຜ່ານມາ. ແຕ່ກໍຈະເຫັນໄດ້ວ່າ ມີຊາວຕ່າງປະເທດເຊັ່ນວ່າຄົນອາເມຣິ ກັນ ແລະ ຊາວພຸດຄົນ ໄທ ຫວຽດນາມ ແລະ ກຳປູເຈຍ ຈຳນວນນຶ່ງ ໄດ້ມາຮ່ວມສະຫຼອງ ວັນຊາດອາເມຣິກັນ ຢູ່ທີ່ວັດລາວພຸດທະວົງສ໌ ເຖິງຢ່າງໃດກໍຕາມ ຄົນລາວ ຜູ້ທີ່ເຄີຍ ອາໄສຢູ່ໃນລັດເວີຈີເນຍ ແລະ ເຄີຍມາວັດລາວພຸດທະວົງສ໌ເປັນປະຈຳ ທີ່ໄດ້ຍົກຍ້າຍ ໄປຢູ່ລັດອື່ນ ກໍໄດ້ກັບຄືນມາຢ້ຽມຢາມວັດແຫ່ງນີ້ເພື່ອຖາມຂ່າວຖາມຄາວຫາເພື່ອນໆ ຫຼື ຍາດຕິພີ່ນ້ອງ ຕາມຈຸດປະສົງຂອງ ດຣ. ພະມະຫາຈັນດາພອນ. ທ່ານສີຊະນະ ສຸທິວັນນະລາດ ພ້ອມດ້ວຍພັນລະຍາ ຍານາງນ້ອຍ ທີ່ໄດ້ຫວນກັບຄືນມາຢ້ຽມຢາມ ວັດລາວພຸດທະວົງອີກຄັ້ງນຶ່ງ ຫຼັງຈາກໄດ້ຍ້າຍໄປຢູ່ ເມືອງແອລຈິນ ລັດອີລີນອຍ ຊຶ່ງທ່ານສີຊະນະ ແລະ ພັນລະຍາ ໄດ້ກ່າວຊີ້ແຈງວ່າ:

ສ່ວນອີກທ່ານນຶ່ງ ທີ່ໄດ້ມາທ່ຽວຊົມວັດລາວພຸດທະວົງສ໌ໃນແຕ່ລະປີ ກໍຄືຍານາງ ຣັດ ແຄຣຟ ຊາວໄທ-ອາເມຣິກັນ ຊຶ່ງຍານາງໄດ້ໃຫ້ທັດສະນະກ່ຽວກັບວັດລາວພຸດທະວົງ ດັ່ງນີ້:

ເຖິງແມ່ນວ່າ ຕົວເລກຂອງຈຳນວນຄົນ ທີ່ມາຮ່ວມງານໃຫຍ່ປະຈຳປີ ເພື່ອສະຫຼອງ ວັນຊາດອາເມຣິກັນ ໄດ້ຫລຸດລົງກໍຕາມ ແຕ່ບຸນດັ່ງກ່າວນີ້ ກໍໄດ້ດຳເນີນໄປດ້ວຍ ຄວາມມ່ວນຊື່ນ ແລະກໍເປັນໂອກາດ ທີ່ຄົນລາວ​-ອາເມຣິກັນ ໄດ້ມາພົບໜ້າພໍ້ຕາ ກັນ​ ຂອງບັນດາເຫຼົ່າເຄືອຍາດຂອງຕົນ.",ວັດລາວພຸດທະວົງສ໌ ໄດ້ເລີ້ມຈັດງານບຸນ ສະຫລອງວັນຊາດອາເມຣິກັນ ຄັ້ງທຳອິດໃນວັນທີ 4 ກໍລະກົດ ປີ 1990 ນັບຕັ້ງແຕ່ນັ້ນມາ ກໍໄດ້ຈັດງານບຸນນີ້ ໃນແຕ່ລະປີ ຈົນຮອດປັດຈຸບັນ.,mal,voanews,VOA News,fake news,1848e7e4-52ff-4a02-a9e0-5dfee087fb0d,article,MassiveSum
https://www.15min.lt/naujiena/laisvalaikis/ivairenybes/pribloskiantis-klausimas-per-4-minuciu-pasimatyma-ar-megsti-buti-prirista-61-461654,https://www.15min.lt/naujiena/laisvalaikis/ivairenybes/pribloskiantis-klausimas-per-4-minuciu-pasimatyma-ar-megsti-buti-prirista-61-461654,Pribloškiantis klausimas per 4 minučių pasimatymą: „Ar mėgsti būti pririšta?“,,"Trys draugės – Erika, Laura ir Austėja (vardai pakeisti – red. past.) – pažinčių svetaines internete, ieškant to vienintelio, jau išbandė. Ir labai greitai suprato, kad virtualus bendravimas – ne joms. Jis tik išsunkia, bet niekur neveda.

Pokalbiai, tiesą sakant, net ne visada įdomūs ir įtraukiantys, tęsiasi iki begalybės, tačiau pasimatymu nevirsta. Atrodo, kad gyvo žmogaus šiuolaikiniams vyrams net nereikia. Nebent nuotykiui. O jei kuris nors ir pakviečia susitikti, nesugeba pavaišinti net arbata. Tokia emancipacijos kaina.

Visada yra krislelis vilties, kad net tokiomis aplinkybėmis gali sutikti savo žmogų – tai kodėl nepabandžius?

Vis dėlto, kai mylimojo nepavyksta rasti universitete, darbovietėje ar per draugus, pradedi svarstyti įvairias alternatyvas: kartais juokais, kartais rimtai. Kaip sakoma, kiekviename pokšte yra 30 proc. tiesos.

Todėl avantiūrą sudalyvauti speed dating’e (greitajame pasimatyme – liet.) Erika, Laura ir Austėja vadina ne paskutiniu šiaudu, o smagiu gyvenimo paįvairinimu, pramoga, kitaip tariant, viskas tik for fun.

Kita vertus, prasitaria Erika, visada yra krislelis vilties, kad net tokiomis aplinkybėmis gali sutikti savo žmogų – tai kodėl nepabandžius?

Įspūdžių – nors vežimu vežk

„Speed dating’as – dar vienas būdas susipažinti. Tai – pažinčių vakarėlis, skirtas intensyviai dirbantiems, užimtiems žmonėms, negalintiems daug laiko skirti meilės paieškoms“, – skelbia organizatoriai.

Renginyje dažniausiai dalyvauja vienodas panašaus amžiaus moterų ir vyrų skaičius. Su vienu dalyviu bendraujama vos 4 minutes, suskambėjus signalui, einama prie kito ir t.t.

123RF nuotr./Gražios, išsilavinusios, bet vienišos. Asociatyvinė nuotr.

Kiekvienas dalyvis specialioje kortelėje po naujos pažinties pažymi, ar norėtų dar kartą tą žmogų sutikti. „Taip"" reiškia, jog tai yra žmogus, su kuriuo buvo malonu bendrauti, todėl norėtumėte dar pasimatyti. Organizatoriai per 24 val. suveda rezultatus ir dalyviai, vienas kitam pasakę „Taip“, gauna vienas kito kontaktus.

Antradienį vienoje sostinės vyninių vykęs vakarėlis buvo paįvairintas. Pirmas dvi minutes dalyviai tik žiūrėjo vienas į kitą – tai buvo tylusis pasimatymas. Antrame susitikimų raunde dar dvi minutes vaikinai ir merginos jau kalbėjosi apie jiems įdomius dalykus.

Bet po pokalbio mano nuomonė nepasikeitė: pliusus sudėjau tiems, kuriems būčiau dėjusi ir po tyliojo pasimatymo.

Iškart po renginio Erika, Laura ir Austėja suskubo dalytis įspūdžiais – ne tik viena kitai, bet ir su 15min.lt.

Antradienį, apie 20.30 val., trys draugės, klegėdamos ir prunkšdamos, įgriuvo į kavinę. Jaukiai sukrito ant minkštasuolių. Erika užsisakė arbatos, Laura – mažą alaus, o Austėja – taurę raudono vyno.

Erika: Vertinant vizualiai, nebuvo nė vieno tikrai patrauklaus (atsidūsta).

Laura: Bet po pokalbio mano nuomonė nepasikeitė: pliusus sudėjau tiems, kuriems būčiau dėjusi ir po tyliojo pasimatymo.

Erika: Vieno vaikino klausiau, ar jam nebuvo momentų, kad bendraudamas su mergina norėjo tik vieno – kad tos dvi minutės kuo greičiau baigtųsi! Nes man buvo... Sako: „Apie tai net nepagalvojau!“

Laura: Todėl, kad visos merginos buvo labai fainos: gražios, prisižiūrėjusios, pasitempusios ir turbūt turi ką papasakoti. O vyrai tyliojo pasimatymo metu net akių kontakto neišlaiko, nusuka žvilgsnį ir sėdi galvas panarinę. Tada ir tu nenori į tokį žiūrėt.

Bet geriau papasakokit, kaip jums tas fetišistas?

Laura: Vienas vaikinas per tylųjį pasimatymą ant servetėlės man užrašė: „Ko čia ieškai?“ Pasirodė keistas klausimas. Atrašiau: „Draugų“. Ir paklausiau, o ko ieško jis? „Šiaip kompanijos“, – mįslingai atsakė ir man jau kilo įtarimas. Tęsiau: „Turi draugę?“ Jis: „Jo“. Oba, galvoju, čia jau kažkas įdomesnio. Tačiau kaip tik tada baigėsi tyliųjų minučių laikas.

Aš jau išsižiojus, akis išpūtus, o jis: „Nebijok, ten nebūna jokių nuogybių ar sekso. Žmonės ateina, persirengia kokiu nors kostiumu ar aptemptais odiniais drabužiais ir bendrauja.“

Tačiau per pokalbį jau tiesiai paklausiau, kaip čia yra. Sako: „Anksčiau pats organizavau speed dating'us, bet nelabai pavyko, nes reikia didelio įdirbio. O dabar ieškau žmonių pritraukti į savo kitas grupes.“ „Kokias?“ – smalsauju. O jis nužvelgė mano papuošalus (iškelia žiedą su grandinės pyne – red. past.) ir klausia: „Tai tau patinka būt pririštai?“

„Kaip, kaip?“ – negaliu patikėti savo ausimis. O jis rodo: „Va, grandinė pas tave.“ Sakau: „Juk čia tik stiliaus detalė!“ O jis nesikuklina: „Mano viena iš grupių yra fetišas, susitinkame tokiam kabake (nesu girdėjusi tokio) ir ten būna fetišas.” Aš jau išsižiojus, akis išpūtus, o jis: „Nebijok, ten nebūna jokių nuogybių ar sekso. Žmonės ateina, persirengia kokiu nors kostiumu ar aptemptais odiniais drabužiais ir bendrauja.“

Austėja: O man sakė, kad atėjo savęs įsivertinti... Ir nesakė, kad draugę turi.

Erika: Man irgi tą patį sakė. Matyt, mes ne jo tipažas. O tu, Laura, pasirodei tinkama. (kvatoja). Bet jis man pasirodė atviriausias. Sakė, kad draugavo su 12 metų vyresne moterimi, bet ji užsinorėjo kurti šeimą, o jis išsigando. Pradėjau sakinį: „Tai arba tu labai brandus vidumi...“ O jis: „Arba žinau, ko moterims reikia.“ Kai dabar pagalvoju, tai pokalbį lyg ir lenkė į sekso pusę.

Laura: Ir žinai, kiek jam metų? 24!

Laura: Jei būtų buvęs tik tylusis pasimatymas, gal net būčiau jam pliusą uždėjusi, bet po to pokalbio pagalvojau – sorry (atsiprašau – liet.).

Erika: Bet finansininkas vis tiek yra viso vakaro on top (viršūnė – liet.).

Laura: Bet irgi keistas. Per tylųjį pasimatymą įsmeigė akis ir jau supratau, kad žaidžiam, kas ilgiau išlaikys. Aš jam rodau ženklus: gal susirašom? O jis – ne.

Erika: Jis žaidė pagal taisykles ir su visomis taip pat. Toks pasitikintis savimi, suprask, čia aš kontroliuoju situaciją.

Laura: Veidelis žavus. Nėra gražuolis, bet tikrai simpatiškas vyras. Tik ūgio trūksta, bet mašina didelė, matyt, taip kompensuoja trūkumus (šypsosi).

Ką, nematei, kaip įsėdo į visureigį? Bet vis tiek keistas: finansais užsiima, bet laisvalaikiu dar ir stilistas. Nesuderinami dalykai...

Laura: – Ką, nematei, kaip įsėdo į visureigį? Bet vis tiek keistas: finansais užsiima, bet laisvalaikiu dar ir stilistas. Nesuderinami dalykai.

Erika: Jis dar labai ir Zodiako ženklais domisi. Išsiaiškinęs, kad esu Svarstyklės, iškart atkreipė dėmesį, kad tai – vienintelis negyvas ženklas, daiktas. Niekada nebuvau apie tai susimąsčiusi.

Sako: „Ir rudaakė, ir graži, ir raudoni nagai. Bet nelengvas ženklas, nes tu nežinai, ko nori, visada ieškai geriau, o į tą ieškojimą stumi ir kitą žmogų.“ Paklausė, ar esu ką nors mylėjusi. Užtikrinau, kad taip. O jis: „Rimtai? Keista: Svarstyklės ir meilė...“ Jo pirmoji mergina buvo Svarstyklės. Kiek supratau, patirtis nekokia.

Taigi mano nuosekliausias pokalbis vyko su šiuo vaikinu ir tuo atletu – ponu 184 cm.

Laura: Su šituo man irgi klojosi labai sklandžiai, atradome daug bendro.

Erika: Ką gi jūs ten atradote... (ironizuoja).

Laura: – Pradėkime nuo to, kad bendraamžiai. Abu lankome fitnesą. Pradėjus kalbėti apie keliones, jis papasakojo, kad du mėnesius atostogavo Indijoje. Sakau: „Aš irgi!“ Tik jis tiesiog vienas, o aš stažavausi pagal tarptautinę programą. Žiemą keliavo po Aziją. Ką veikia, taip ir neišsiaiškinau, bet jei leidžia sau po kelis mėnesius keliauti...

Fotolia nuotr./Rasti savo žmogų labai sunku.

Austėja: Taip ir liko paslaptingas. Sakė: „Jei bendrausime toliau, tada ir pasakysiu, ką veikiu.“ O kaip jums tas, kuris saldainius dalijo?

Erika: Man du davė, man du! Vieną suvalgiau dar per tylųjį. Bet vis tiek nedėjau jam pliuso.

Laura: Man pagerėjo įspūdis, kai jis ėmė pasakoti apie aviaciją, kad lyg ir aviatorius. Pagalvojau, kad gal bent jau ne dundukas. Jaučiu, kad uždėjau jam „Taip“.

Austėja: Jis – normalus bičas, tik lenkas, todėl jam buvo sunkiau bendrauti.

Labai matyti, kai merginai pašnekovas visiškai neįdomus, nurašytas. Kažkur žvalgosi, akivaizdžiai nesiklauso ar net ignoruoja. O kai prieina simpatiškas, tai tik plaukus kedena. Visai kita kūno kalba.

Erika: Tas su ausinėm – irgi neformatas. Labai aukštom materijom kalbėjo.

Austėja: Pasakojo, kad ne muzikos klauso, o knygą apie kalbas, kaip jos atsiranda. Jis labai domisi molekuline biologija ir lingvistika. Pasakojo, kad jei du žmonės būtų uždaryti vienoje erdvėje, tai išrastų savo kalbą. Ir visą laiką kalbėjo apie tą kalbą.

Laura: Ir labai vengė akių kontakto. Kai paklausiau, ką veikia gyvenime, pasakė, kad visos to paties klausia. Sakau, gerai, tai neliečiam šios temos. Bet jis manęs nieko nepaklausė. Šiaip jis programuotojas.

Erika: O gal jis tavim tiesiog nesusidomėjo? Nes manęs klausė, kur dirbu (pranašumo šypsnys).

Austėja: Šiaip tai daugumos net neprisimenu. Oi, buvo dar tas švedas ilgais beveik riebaluotais plaukais. Buvo du broliai: vienas dirba Santariškėse, kitas prieš du mėnesius išsiskyręs, bet be širdies žaizdų.

Laura: Aš dar prisimenu kažkokį mažutį, kuris varstė skvarbiu žvilgsniu ir žėrė komplimentus. Paklausiau, ką veiki, tai sakė, kad prie kavos pakalbėsim.

Erika: O kaip tas su dryžuotu drabužiu? Na, toks su keliais spuogais ant kaktos. Jis jaunesnis, bet pasirodė normalus, visai fainas. Atėjo ieškoti merginos, santykių. Daugiau kaip ir nėra ką apie jį pasakyti.

Laura: Jei nepainioju, tai jis programuoja apsaugos sistemas. Man nelabai rišosi kalba.

Ką veikia, taip ir neišsiaiškinau, bet jei leidžia sau po kelis mėnesius keliauti...

Erika: Labai matyti, kai merginoms pašnekovas visiškai neįdomus, nurašytas. Jos kažkur žvalgosi, akivaizdžiai nesiklauso ar net ignoruoja. O kai prieina simpatiškas, tai tik plaukus kedena. Visai kita kūno kalba.

Laura: Aš speed daiting'e jau antrą kartą. Aną kartą, net dėdama pliusus, žinojau, kad nė su vienu vaikinu į pasimatymą neičiau, o šįkart nueičiau.

Erika: O gal tavo kartelė jau nusileido? (visos kvatoja)

Pasirodo, jau turi, ką vesti

Antradienio vakarą greitajame pasimatyme dalyvavo 10 vaikinų ir 9 merginos. Laura „Taip“ pasakė 4 iš jų, Erika – 3, o Austėja – 5. Atgal Laura ir Austėja gavo po 5 „Taip“, Erika – 6. Dviem merginoms sutapo po 2 „Taip“, vienai – 3.

Tačiau gavę merginų kontaktus vaikinai rodyti joms dėmesio neskuba. Daugiausia, ką padarė, tai pakvietė į „Facebook“ draugus, tačiau pokalbio neužmezgė.

Tiesiog čia buvo mano planas chuliganas, kuris pasitvirtino, ir toliau belieka suplanuot vestuves.

Tiesa, Austėja ir Laura sulaukė tokios žinutės: „Ačiū už smagiai praleistas minutes prie bendro staliuko. Buvo tikrai įdomu. Taip pat ačiū už parašytą man taip:) Tu man patikai, bet... Bet yra vienas bet. Šį vakarą aš neieškojau sau antros pusės. Aš ją jau radau prieš metus būtent čia, šiame renginyje. Ir Ji šįvakar irgi dalyvavo.

Tiesiog čia buvo mano planas chuliganas, kuris pasitvirtino, ir toliau belieka suplanuot vestuves :)))) Nors dauguma mano, kad tokie renginiai kažkokia nesąmonė ir juose nieko padoraus nerasi, aš manau visiškai kitaip :))) Patikėk, nežinai kur, kada ir kokiomis aplinkybėmis susitiksi sau artima žmogutį. Linkiu ištvermės, kantrybės. Tiesiog tikėk, svajok ir iššūkių nebijok :))“","Žavios, išsilavinusios, materialiai apsirūpinusios. Sportuojančios, keliaujančios, turinčios hobių ir draugų bei gerą humoro jausmą. Ne barakudos – svajoja apie mylintį vyrą, o ne...",mal,15min,15Min,fake news,b76d1a1a-02d7-4dde-89ea-2e80896efe06,article,MassiveSum
https://www.madhyamam.com/local-news/kannur/2017/jul/26/299875,,കൂടിക്കാഴ്ച നാളെ മുതൽ,,"കണ്ണൂർ: ജില്ല ആയുർവേദ ആശുപത്രിയിൽ എച്ച്.എം.സി മുഖാന്തരം വിവിധ നിയമനങ്ങൾക്ക് 27 മുതൽ കൂടിക്കാഴ്ച നടത്തുന്നു. 27ന് രാവിലെ 11ന് സെക്യൂരിറ്റി കം ഹോസ്പിറ്റൽ സ്റ്റീവേർഡ് (യോഗ്യത: എസ്.എസ്.എൽ.സി, നല്ല ശാരീരിക ക്ഷമത, പ്രായം 35 -55). ഉച്ച 2.30ന് ഫുൾടൈം സ്വീപ്പർ (ഏഴാംതരം പാസ്, പ്രായം 25-45). 28ന് രാവിലെ 11ന് ഫ്രണ്ട് ഓഫിസ് അസിസ്റ്റൻറ് (അംഗീകൃത സർവകലാശാല ബിരുദവും ഡി.സി.എ കോഴ്സ് സർട്ടിഫിക്കറ്റും). ഉച്ച 2.30ന് ഹെൽപർ ഇൻ കോസ്മറ്റോളജി (എസ്.എസ്.എൽ.സി, ബ്യൂട്ടിപാർലറിൽ ജോലി ചെയ്തുള്ള പരിചയം). 29ന് രാവിലെ 11ന് റേഡിയോഗ്രാഫർ (ഡി.ആർ.ഡി കോഴ്സ് സർട്ടിഫിക്കറ്റ്), ഉച്ച 2.30ന് ആയുർവേദ ഫാർമസിസ്റ്റ് (ബി.ഫാം അല്ലെങ്കിൽ ഫാർമസിസ്റ്റ് സർട്ടിഫിക്കറ്റ് കോഴ്സ്).","കണ്ണൂർ: ജില്ല ആയുർവേദ ആശുപത്രിയിൽ എച്ച്.എം.സി മുഖാന്തരം വിവിധ നിയമനങ്ങൾക്ക് 27 മുതൽ കൂടിക്കാഴ്ച നടത്തുന്നു. 27ന് രാവിലെ 11ന് സെക്യൂരിറ്റി കം ഹോസ്പിറ്റൽ സ്റ്റീവേർഡ് (യോഗ്യത: എസ്.എസ്.എൽ.സി, നല്ല...",mal,madhyamam,Madhyamam,fake news,746ff0d8-319b-48a8-b0f7-b2b876dc1cce,article,MassiveSum
https://www.madhyamam.com/local-news/thrissur/566591,https://www.madhyamam.com/local-news/thrissur/566591,ഒല്ലൂർ സഹകരണ ബാങ്ക് തെരഞ്ഞെടുപ്പിൽ കോൺഗ്രസ് പാനലിന് വിജയം,,ഒല്ലൂർ: ഒല്ലൂർ സഹകരണ ബാങ്ക് ഡയറക്ടർ ബോഡിലേക്ക് നടന്ന തെരഞ്ഞെടുപ്പിൽ കോൺഗ്രസ് പാനലിന് വിജയം. നാമനിർദേശപത്രികസമർപ്പിക്കുന്ന സമയം കഴിഞ്ഞപ്പോൾ തന്നെ ജനറൽ സീറ്റുകളിലെക്കുള്ള എല്ലാ കോൺഗ്രസ് സ്ഥാനാർഥികളും എതിരില്ലാതെ തന്നെ തെരഞ്ഞെടുക്കപ്പെട്ടു. എന്നാൽ വനിത സംവരണ സീറ്റിലേക്ക് മാത്രമാണ് മത്സരം നടന്നത്. കോൺഗ്രസ് സ്ഥാനാർഥികളായി മത്സരിച്ച മൂന്ന് പേരും ആയിരത്തിലധികം വോട്ടുകളുടെ ഭൂരിപക്ഷത്തിന് വിജയിച്ചു.,ഒല്ലൂർ: ഒല്ലൂർ സഹകരണ ബാങ്ക് ഡയറക്ടർ ബോഡിലേക്ക് നടന്ന തെരഞ്ഞെടുപ്പിൽ കോൺഗ്രസ് പാനലിന് വിജയം. നാമനിർദേശപത്രികസമർപ്പിക്കുന്ന സമയം കഴിഞ്ഞപ്പോൾ തന്നെ ജനറൽ സീറ്റുകളിലെക്കുള്ള എല്ലാ കോൺഗ്രസ്...,mal,madhyamam,Madhyamam,fake news,0e0951d8-8269-4092-9281-c10a40438db0,article,MassiveSum
https://www.madhyamam.com/local-news/kottayam/2018/jul/26/529160,,കർഷക പ്രക്ഷോഭ ജാഥക്ക് പിന്തുണ -ഇൻഫാം,,"കോട്ടയം: കാർഷികോൽപന്നങ്ങൾക്ക് ന്യായവില പ്രഖ്യാപിച്ച് സംഭരണം ഏർപ്പെടുത്തുക, കാർഷിക കടങ്ങൾ എഴുതിത്തള്ളുക, സ്വതന്ത്ര വ്യാപാരകരാറുകളിൽനിന്ന് കേന്ദ്ര സർക്കാർ പിന്മാറുക തുടങ്ങിയ ആവശ്യങ്ങൾ ഉന്നയിച്ച് കശ്മീരിൽനിന്ന് കന്യാകുമാരിയിലേക്ക് വ്യാഴാഴ്ച ആരംഭിക്കുന്ന കർഷക പ്രക്ഷോഭ ജാഥക്ക് ഇൻഫാം പിന്തുണ നൽകുമെന്ന് ദേശീയ സെക്രട്ടറി ജനറൽ അഡ്വ. വി.സി. സെബാസ്റ്റ്യൻ. വെള്ളിയാഴ്ച കോട്ടയം തിരുനക്കര ഉപ്പൂട്ടിൽ ഓഡിറ്റോറിയത്തിൽ രാവിലെ 10ന് കേരളത്തിലെ വിവിധ സ്വതന്ത്ര കർഷക സംഘടനകളുടെ ജില്ല കോഒാഡിനേഷൻ ചെയർമാന്മാരുടെയും കൺവീനർമാരുടെയും സമ്മേളനം ചേരും. തുടർന്ന് 1.15ന് തിരുനക്കര ഗാന്ധി പ്രതിമക്ക് മുന്നിൽ ദേശീയ കർഷക പ്രക്ഷോഭ ജാഥക്ക് ഐക്യദാർഢ്യം പ്രഖ്യാപിക്കും.","കോട്ടയം: കാർഷികോൽപന്നങ്ങൾക്ക് ന്യായവില പ്രഖ്യാപിച്ച് സംഭരണം ഏർപ്പെടുത്തുക, കാർഷിക കടങ്ങൾ  എഴുതിത്തള്ളുക, സ്വതന്ത്ര വ്യാപാരകരാറുകളിൽനിന്ന് കേന്ദ്ര സർക്കാർ പിന്മാറുക തുടങ്ങിയ ആവശ്യങ്ങൾ ഉന്നയിച്ച്...",mal,madhyamam,Madhyamam,fake news,e621611a-2298-4092-8919-dc0a20207f2a,article,MassiveSum
https://janayugomonline.com/bihar-election/,https://janayugomonline.com/bihar-election/,ബിഹാർ: എക്സിറ്റ് പോളിൽ മഹാസഖ്യം,,"ബിഹാറിൽ മഹാസഖ്യം അധികാരത്തിലെത്തുമെന്ന് എക്സിറ്റ് പോൾ ഫലങ്ങൾ. സംസ്ഥാനത്ത് മോഡി തരംഗം ഉണ്ടാവില്ലെന്നും ഇടതുപാർട്ടികൾ നേട്ടമുണ്ടാക്കുമെന്നും വിവിധ സർവേകൾ പ്രവചിക്കുന്നു.

തേജസ്വി യാദവിന്റെ നേതൃത്വത്തിലുള്ള പ്രതിപക്ഷ മഹാസഖ്യം 124 മുതൽ 180 സീറ്റുകൾ വരെ നേടുമെന്നാണ് പ്രവചനം. നിതീഷ് കുമാറിനെതിരെയുള്ള ഭരണവിരുദ്ധ വികാരം തെരഞ്ഞെടുപ്പിൽ വലിയ രീതിയിൽ പ്രകടമായിട്ടുണ്ട്. ചിരാഗ് പസ്വാന്റെ നേതൃത്വത്തിലുള്ള എൽജെപിക്കും തെര‍ഞ്ഞെടുപ്പിൽ വൻ തിരിച്ചടി നേരിടേണ്ടി വരുമെന്നാണ് പ്രവചനങ്ങൾ.

മഹാസഖ്യത്തിന് ന്യൂസ്18‑ടുഡേയ്സ് ചാണക്യ സർവേ 180 സീറ്റുകളാണ് പ്രവചിക്കുന്നത്. മഹാസഖ്യത്തിന് 66 ശതമാനം വോട്ട് വിഹിതം ലഭിക്കും. ബിജെപിയ്ക്കും ജെഡിയുവിനും 33 ശതമാനം വോട്ട് ലഭിക്കും.

ടൈം നൗ- സി വോട്ടർ സർവേയും മഹാസഖ്യത്തിന് മുൻതൂക്കമെന്നാണ് പ്രവചിച്ചിരിക്കുന്നത്. മഹാസഖ്യം 120 സീറ്റുകൾ നേടുമെന്നാണ് സി വോട്ടറിന്റെ പ്രവചനം. എൻഡിഎ 116 സീറ്റുകളും എൽജെപി ഒരു സീറ്റും നേടുമെന്നും സീ വോട്ടർ പ്രവചിക്കുന്നു.

118 മുതൽ 138 സീറ്റുകൾ വരെ മഹാസഖ്യം കരസ്ഥമാക്കുമെന്നാണ് റിപ്പബ്ലിക് ടിവി-ജൻ കി ബാത്ത് പറയുന്നത്. ഭരണ കക്ഷിയായ എൻഡിഎ 91 മുതൽ 117 സീറ്റുകൾ വരെ നേടും. എൽജെപി അഞ്ച് മുതൽ എട്ട് സീറ്റുകളിലും വിജയിക്കുമെന്ന് ഇവർ പറയുന്നു.

എബിപി-സി വോട്ടർ സർവേയിൽ മഹാസഖ്യം 108 മുതൽ 131 വരെ സീറ്റുകൾ നേടുമെന്നാണ് പറയുന്നത്. എൻഡിഎയ്ക്ക് 104 മുതൽ 128 സീറ്റുകൾ, എൽജെപി ഒന്നുമുതൽ മൂന്നു സീറ്റുകളും മറ്റുള്ളവർ നാലുമുതൽ എട്ടുസീറ്റുകളും നേടിയേക്കുമെന്നാണ് സർവേയിൽ പറയുന്നത്. 243 അംഗ നിയമസഭയിൽ 122 സീറ്റുകളാണ് ഭൂരിപക്ഷത്തിന് വേണ്ടത്.

ഇന്ത്യ ടുഡെ-ആക്സിസ് 150 സീറ്റുകളാണ് മഹാസഖ്യത്തിന് പ്രവചിക്കുന്നത്. മഹാസഖ്യം 120 സീറ്റുകളും എൻഡിഎ 115 സീറ്റുകളും നേടുമെന്ന് ടിവി9 ഭാരത്‌വർഷ് സർവേ പ്രവചിക്കുന്നു.

അതേസമയം മധ്യപ്രദേശ് ഉപതെര‍ഞ്ഞെടുപ്പിൽ ബിജെപിക്ക് ഭരണം നിലനിർത്താനാകുമെന്നാണ് ആജ് തക്-ആക്സിസ് മൈ ഇന്ത്യ സർവേയിൽ പറയുന്നത്. 28 സീറ്റുകളിലേക്ക് നടന്ന ഉപതെരഞ്ഞെടുപ്പിൽ ബിജെപിക്ക് 16–18 സീറ്റുകൾ ലഭിക്കുമെന്നാണ് പ്രവചനം.

പട്ന: ബിഹാർ നിയമസഭ തെരഞ്ഞെടുപ്പ് അവസാനിച്ചു. മൂന്നു ഘട്ടങ്ങളിലായി നടന്ന തെരഞ്ഞെടുപ്പിന്റെ ഫലം ചൊവ്വാഴ്ച പുറത്തുവരും. ഇന്നലെ നടന്ന അവസാനഘട്ട വോട്ടെടുപ്പിൽ 54.06 ശതമാനം പോളിങ് രേഖപ്പെടുത്തിയതായി തെരഞ്ഞെടുപ്പ് കമ്മിഷൻ അറിയിച്ചു.

കോവിഡ് മാനദണ്ഡങ്ങള്‍ പാലിച്ച് രാവിലെ ഏഴ് മണിക്ക് തുടങ്ങിയ വോട്ടെടുപ്പ് വൈകിട്ട് ആറിനാണ് അവസാനിച്ചത്. 15 ജില്ലകളിലായി 78 സീറ്റുകളിലേക്കാണ് മൂന്നാംഘട്ടത്തിൽ മത്സരം നടന്നത്. 1,207 സ്ഥാനാർത്ഥികളാണ് മത്സരരംഗത്തുണ്ടായിരുന്നത്. വോട്ടിം​ഗ് മെഷീനുകൾ വ്യാപകമായി തകരാറിലായതായി പ്രതിപക്ഷമായ മഹാസഖ്യം ആരോപിച്ചു.

ബിഹാറില്‍ ആകെയുള്ള 243 മണ്ഡലങ്ങളില്‍ ആദ്യഘട്ടത്തില്‍ 71 ലും രണ്ടാം ഘട്ടത്തില്‍ 94 സീറ്റിലുമാണ് വോട്ടെടുപ്പ് നടന്നത്.

ആദ്യഘട്ടത്തില്‍ 55 ശതമാനവും രണ്ടാം ഘട്ടത്തില്‍ 53 ശതമാനവും പോളിംഗാണ് രേഖപ്പെടുത്തിയത്. ജെഡിയു നേതാവ് ബൈദ്യനാഥ് മഹാതോയുടെ മരണത്തെ തുടര്‍ന്ന് ഒഴിവുവന്ന ബിഹാറിലെ വാത്മീകി നഗര്‍ ലോക്‌സഭാ മണ്ഡലത്തിലെ ഉപതെരഞ്ഞെടുപ്പും ഇന്നലെ നടന്നു.",ബിഹാർ: എക്സിറ്റ് പോളിൽ മഹാസഖ്യം - Janayugom Online - News,mal,janayugomonline,Janayugomonline,fake news,8ed791dc-f313-4cf1-85a2-b4b24f6cf0da,article,MassiveSum
https://www.madhyamam.com/kerala/local-news/kozhikode/news-608271,,പ്രതിഷേധിച്ചു | Madhyamam,,"കോഴിക്കോട്​: ഡൽഹിയിൽ കർഷക പ്രക്ഷോഭത്തെ പൊലീസിനെയും അർധ സൈനിക വിഭാഗത്തെയും കൊണ്ട്​ നേരിട്ടതിൽ പ്രതിഷേധിച്ച്​ എസ്​.യു.സി.ഐ കമ്യൂണിസ്​റ്റ്​ നഗരത്തിൽ പ്രകടനം നടത്തി. ജില്ല സെക്രട്ടറി എ. ശേഖർ ഉദ്​ഘാടനം ചെയ്​തു. സംസ്​ഥാന സെക്രട്ടറി വി.കെ.സദാനന്ദൻ, പി.എം. ശ്രീകുമാർ സംബന്ധിച്ചു. കെ.റഹീം സ്വാഗതവും പോൾ ടി.സാമുവൽ നന്ദിയും പറഞ്ഞു.",പ്രതിഷേധിച്ചു,mal,madhyamam,Madhyamam,fake news,4c7e5b77-357b-4da1-a7a4-6554709d8c92,article,MassiveSum
https://www.madhyamam.com/local-news/kochi/2018/mar/24/453004,https://www.madhyamam.com/local-news/kochi/2018/mar/24/453004,ദലിത്​ അതിക്രമം: നിയമനിർമാണം​ വേണം ^ഗീതാനന്ദൻ,,"ദലിത് അതിക്രമം: നിയമനിർമാണം വേണം -ഗീതാനന്ദൻ കൊച്ചി: ആദിവാസി, ദലിത് അതിക്രമം തടയൽ നിയമം ദുർബലപ്പെടുത്തിയ സുപ്രീംകോടതി വിധി മറികടക്കാൻ പാർലമ​െൻറ് നിയമനിർമാണം നടത്തണമെന്ന് ആദിവാസി ഗോത്രസഭയുടെയും ഭൂഅധികാര സംരക്ഷണസമിതിയുടെയും കോഒാഡിനേറ്റർ എം. ഗീതാനന്ദൻ വാർത്തസമ്മേളനത്തിൽ ആവശ്യപ്പെട്ടു. ദലിത് അതിക്രമങ്ങളിൽ കുറ്റവാളികളായ ഹിന്ദുത്വ വർഗീയവാദികളെ സംരക്ഷിക്കുന്ന നിലപാടാണ് ശിവസേന, ആർ.ജെ.ഡി, എസ്.പി തുടങ്ങിയ പാർട്ടികൾ കൈക്കൊള്ളുന്നത്. ഇത്തരത്തിെല സംഘടിത ജാതിവാദികളുടെ പൊതുബോധമാണ് സുപ്രീംകോടതിയെയും ബാധിച്ചിരിക്കുന്നതെന്ന് അദ്ദേഹം കുറ്റപ്പെടുത്തി. 2002 മുതൽ 2012 വരെ 7500 ദലിത് അതിക്രമ കേസാണ് രജിസ്റ്റർ ചെയ്തത്. ഇതിൽ മൂന്നുകേസിൽ മാത്രമാണ് പ്രതികൾ ശിക്ഷിക്കപ്പെട്ടത്. സുപ്രീംകോടതി വിധിയിൽ പ്രതിഷേധിച്ച് ഏപ്രിൽ ഒന്നിന് രാവിലെ 11ന് എറണാകുളം ശിക്ഷക്സദനിൽ പ്രക്ഷോഭ കൺവെൻഷൻ സംഘടിപ്പിക്കും. കേന്ദ്രസർക്കാർ ഈ വിഷയം പരിഗണിക്കണമെന്നാവശ്യപ്പെട്ട് രാജ്ഭവൻ മാർച്ചും പാർലമ​െൻറ് മാർച്ചും നടത്തും. ആദിജനസഭ പ്രതിനിധി സി.ജെ. തങ്കപ്പൻ, ഭൂഅധികാര സംരക്ഷണസമിതി പ്രതിനിധികളായ കെ. സന്തോഷ്കുമാർ, കെ.വി. അജയപ്പൻ എന്നിവരും വാർത്തസമ്മേളനത്തിൽ പങ്കെടുത്തു.","ദലിത് അതിക്രമം: നിയമനിർമാണം വേണം -ഗീതാനന്ദൻ  കൊച്ചി: ആദിവാസി, ദലിത് അതിക്രമം തടയൽ നിയമം ദുർബലപ്പെടുത്തിയ സുപ്രീംകോടതി വിധി മറികടക്കാൻ പാർലമ​െൻറ് നിയമനിർമാണം നടത്തണമെന്ന് ആദിവാസി ഗോത്രസഭയുടെയും...",mal,madhyamam,Madhyamam,fake news,3bce06b4-ab21-4197-8a08-cc6b0fff3903,article,MassiveSum
https://www.madhyamam.com/kerala/local-news/idukki/--527168,,ഇതര രോഗങ്ങൾക്കുള്ള മരുന്ന്​ വിൽപന കുത്തനെ കുറഞ്ഞു,,"കൊച്ചി: കോവിഡ്​ വ്യാപനത്തിനിടെ കേരളത്തിലടക്കം ഇതര രോഗങ്ങൾക്കുള്ള മരുന്നുകളുടെ വിൽപന കുത്തനെ കുറഞ്ഞു. സാംക്രമികരോഗങ്ങളുമായി ബന്ധപ്പെട്ട്​ സംസ്ഥാനത്ത്​ വൻതോതിൽ വിറ്റഴിഞ്ഞിരുന്ന ഭൂരിഭാഗം മരുന്നുകൾക്കും ഇപ്പോൾ ആവശ്യക്കാരില്ല. ജീവിതശൈലീ രോഗങ്ങൾക്കുള്ള മരുന്നാണ്​ പ്രധാനമായും വിറ്റഴിയുന്നത്​. കോവിഡ്​ നിയന്ത്രണങ്ങളുടെ ഭാഗമായി ​ജനങ്ങളുടെ ദൈനംദിന ജീവിതത്തിൽ വന്ന അച്ചടക്കവും ശുചിത്വബോധവുമാണ്​ സാംക്രമികരോഗങ്ങൾ കുറയാൻ കാരണമായതെന്ന്​ ആരോഗ്യപ്രവർത്തകർ പറയുന്നു. സംസ്ഥാനത്ത്​ പ്രതിവർഷം ഒമ്പതിനായിരം കോടിയു​െട ഔഷധങ്ങളും മൂവായിരം കോടിയുടെ അനുബന്ധ ഉൽപന്നങ്ങളും വിൽക്കുന്നതായാണ്​ കണക്ക്​. കോവിഡ്​ വ്യാപനം ജനങ്ങളിലുണ്ടാക്കിയ ആശങ്കയും ലോക്​ഡൗൺ നിയന്ത്രണങ്ങളും സാധാരണ കണ്ടുവരുന്ന മാരകമല്ലാത്ത രോഗങ്ങൾക്ക്​ ചികിത്സതേടുകയും മരുന്ന്​ കഴിക്കുകയും ചെയ്യുന്ന പ്രവണത ഇല്ലാതാക്കി. ഇത്തരം രോഗങ്ങൾക്കുള്ള മരുന്നി​ൻെറ വിൽപന സംസ്ഥാനത്ത്​ 40 ശതമാനത്തോളം കുറഞ്ഞതായി ഒൗഷധ വ്യാപാരികൾ പറയുന്നു. പനിയും ​ജലദോഷവും തലവേദനയുമടക്കം എന്തിനും ആവശ്യത്തിനും അനാവശ്യത്തിനും ഡോക്​ടറെ കാണുകയും മരുന്ന്​ കഴിക്കുകയും ചെയ്യുന്ന മലയാളിയുടെ ശീലം കോവിഡ്​ വ്യാപനത്തോടെ ഇല്ലാതായതാണ്​ മരുന്ന്​ വിൽപന കുറയാൻ കാരണമായത്​. പുറത്തുനിന്ന്​ ഭക്ഷണം കഴിക്കുന്നത്​ കുറഞ്ഞത്​, ആൾക്കൂട്ടങ്ങളും പൊതുപരിപാടികളും ഒഴിവായത്​, മാസ്​ക് ​ധാരണവും ഇടക്കിടെ കൈകഴുകുന്നതും ശീലമായത്​, സമൂഹ അകലം ജീവിതത്തി​ൻെറ ഭാഗമായത്​ എന്നിവയൊക്കെയാണ്​ രോഗങ്ങൾ കുറയാൻ കാരണമായി പറയുന്നത്​. മരുന്നിന്​ വിലവർധനയോ ദൗർലഭ്യമോ ഇല്ലെങ്കിലും സാധാരണഗതിയിൽ പനിക്കും ജലദോഷത്തിനും ശ്വാസകോശരോഗങ്ങൾക്കും വ്യാപകമായി വിറ്റിരുന്ന മരുന്നുകൾക്ക്​ ഇപ്പോൾ ആവശ്യക്കാർ വളരെ കുറവാണ്​. എന്നാൽ, രോഗ​വ്യാപനത്തോടെ കോവിഡ്​ ചികിത്സയുമായി ബന്ധപ്പെട്ട മരുന്നുകളുടെ മറവിൽ കൊള്ളലാഭം കൊയ്യുന്ന പ്രവണത ഉട​ലെടുത്തേക്കാമെന്ന ആശങ്കയുണ്ട്​.",ഇതര രോഗങ്ങൾക്കുള്ള മരുന്ന്​ വിൽപന കുത്തനെ കുറഞ്ഞു,mal,madhyamam,Madhyamam,fake news,5e3b8e84-5c12-4dc5-a5e8-18da1fadb86b,article,MassiveSum
https://www.madhyamam.com/gulf-news/kuwait/kuwait-kuwait-news-gulf-news/598590,,എ​ണ്ണ​മേ​ഖ​ല​യി​ൽ കുവൈത്തിൽ കാ​ൽ​വെ​പ്പി​നൊ​രു​ങ്ങി ഏ​രീ​സ്​ ഗ്രൂ​പ്​,,"കു​വൈ​ത്ത് സി​റ്റി: എ​ണ്ണ​മേ​ഖ​ല​യി​ൽ കു​വൈ​ത്തി​ൽ വ​ൻ നി​ക്ഷേ​പ​ത്തി​നൊ​രു​ങ്ങി ദു​ബൈ കേ​ന്ദ്ര​മാ​യി പ് ര​വ​ർ​ത്തി​ക്കു​ന്ന ഏ​രീ​സ് ഗ്രൂ​പ്. ഇ​തി​ന്​ മു​ന്നോ​ടി​യാ​യി ഈ​രം​ഗ​ത്തെ സാ​ധ്യ​ത​ക​ളും ഭാ​വി​യി​ല്‍ നേ ​രി​ടേ​ണ്ടി​വ​ന്നേ​ക്കാ​വു​ന്ന വെ​ല്ലു​വി​ളി​ക​ളും ച​ര്‍ച്ച ചെ​യ്യാ​ൻ മ​റൈ​ന്‍- ഓ​ഫ്‌​ഷോ​ര്‍, ഓ​യി​ല്‍ ആ​ന്‍ഡ് ഗ്യാ​സ് മേ​ഖ​ല​യി​ലെ ബ​ഹു​രാ​ഷ്​​ട്ര ക​മ്പ​നി​ക​ളെ​യും സാ​ങ്കേ​തി​ക വി​ദ​ഗ്ധ​രെ​യും പ​ങ്കെ​ടു​പ്പി​ച്ച്​ ‘കു​വൈ​ത്ത് സി​മ്പോ​സി​യം’ എ​ന്ന പേ​രി​ൽ ഏ​ക​ദി​ന അ​ന്താ​രാ​ഷ്​​ട്ര കോ​ണ്‍ഫ​റ​ന്‍സ് സം​ഘ​ടി​പ്പി​ച്ചു. എ​ണ്ണ/​വാ​ത​ക ഖ​ന​ന മേ​ഖ​ല​യി​ൽ പ​രി​ശോ​ധ​നാ വി​ഭാ​ഗ​ത്തി​ൽ ഒ​ട്ടേ​റെ പേ​ർ​ക്ക് അ​വ​സ​രം ന​ൽ​കു​ന്ന പ​ദ്ധ​തി​യാ​ണ് കു​വൈ​ത്തി​ൽ ന​ട​പ്പാ​ക്കു​ന്ന​തെ​ന്ന് ഏ​രീ​സ്​ ഗ്രൂ​പ്​ സി.‌​ഇ‌.​ഒ സോ​ഹ​ൻ റോ​യ് വാ​ർ​ത്താ​സ​മ്മേ​ള​ന​ത്തി​ൽ പ​റ​ഞ്ഞു. പ​ദ്ധ​തി തു​ട​ങ്ങു​ന്ന​തി​ന് കെ.‌​എ​ൻ.​പി.​സി​യു​ടെ അം​ഗീ​കാ​രം ല​ഭി​ച്ചി​ട്ടു​ണ്ട്. ആ​യി​ര​ക്ക​ണ​ക്കി​ന്​ തൊ​ഴി​ല​വ​സ​രം സൃ​ഷ്​​ടി​ക്കാ​ൻ ക​ഴി​യു​മെ​ന്നും ഇ​തി​ൽ 70 ശ​ത​മാ​ന​വും മ​ല​യാ​ളി​ക​ളാ​യി​രി​ക്കു​മെ​ന്നും അ​ദ്ദേ​ഹം വ്യ​ക്​​ത​മാ​ക്കി.

ക​മ്പ​നി​യു​ടെ കു​വൈ​ത്ത് ഡ​യ​റ​ക്ട​ർ ജോ​ൺ മാ​ത്യു, പ്ര​ഭി​രാ​ജ്, സു​ധീ​ർ, ശി​വ​ദാ​സ് എ​ന്നി​വ​രും വാ​ർ​ത്താ​സ​മ്മേ​ള​ന​ത്തി​ൽ സം​ബ​ന്ധി​ച്ചു. ജു​മൈ​റ മെ​സ്സി​ല ബീ​ച്ച് ഹോ​ട്ട​ലി​ല്‍ ന​ട​ന്ന സി​േ​മ്പാ​സി​യം പെ​ട്രോ കെ​മി​ക്ക​ൽ ഇ​ൻ​ഡ​സ്ട്രീ​സ് ക​മ്പ​നി സി.​ഇ.​ഒ മു​ൽ​ത്താ​ഖ് അ​ൽ ആ​സ്മി ഉ​ദ്‌​ഘാ​ട​നം ചെ​യ്തു. വി​ദ​ഗ്ധ​ര്‍ ന​യി​ച്ച ക്ലാ​സു​ക​ള്‍ക്ക്​ പു​റ​മെ, വി​വി​ധ വി​ഷ​യ​ങ്ങ​ളി​ല്‍ ച​ര്‍ച്ച​ക​ളും ന​ട​ന്നു. സ​മു​ദ്ര- ക​പ്പ​ല്‍- ഓ​യി​ല്‍-​ഗ്യാ​സ് മേ​ഖ​ല​ക​ളി​ല്‍ വ​രും വ​ര്‍ഷ​ങ്ങ​ളി​ല്‍ സ്വീ​ക​രി​ക്കേ​ണ്ട വ്യ​വ​സാ​യി​ക ന​യ​ങ്ങ​ളും, വി​പ​ണി സാ​ധ്യ​ത​ക​ളും സം​ബ​ന്ധി​ച്ച പൊ​തു​ധാ​ര​ണ കോ​ൺ​ഫ​റ​ൻ​സി​ൽ രൂ​പ​പ്പെ​ടു​ത്തി. ഹ​മീ​ദ് അ​വാ​ദ്, ജ​മീ​ൽ അ​ൽ അ​ലി, ക്യാ​പ്റ്റ​ൻ ഡേ​വി​ഡ് നി​ക്കോ​ളാ​സ്, രാ​ജേ​ഷ് റ്റോ​ർ​വെ, ബി​നോ​ദ് കു​മാ​ർ, ഗി​ൽ​ബെ​ർ​ട്ട്​ എ ​ര​ഘു, വി​ദ്യ പ്ര​കാ​ശ് തു​ട​ങ്ങി​യ​വ​ർ വി​വി​ധ സെ​ഷ​നു​ക​ൾ ന​യി​ച്ചു. ഇ​ൻ​റ​ര്‍നാ​ഷ​ന​ല്‍ മാ​രി​ടൈം ക്ല​ബ് പു​ര​സ്‌​കാ​ര​ങ്ങ​ളും കോ​ണ്‍ഫ​റ​ന്‍സി​നോ​ട​നു​ബ​ന്ധി​ച്ച് വി​ത​ര​ണം ചെ​യ്തു.",ഇ​ൻ​സ്​​പെ​ക്​​ഷ​ൻ മേ​ഖ​ല​യി​ൽ ആ​യി​ര​ക്ക​ണ​ക്കി​ന്​ തൊ​ഴി​ല​വ​സ​ര​മൊ​രു​ക്കും -സോ​ഹ​ൻ റോ​യ്​,mal,madhyamam,Madhyamam,fake news,4ad236e2-20c1-4abf-a823-5794412b0ff2,article,MassiveSum
https://lao.voanews.com/a/chances-growing-captures-islamic-state-fighters-will-return-to-battlefield/5159909.html,https://lao.voanews.com/a/chances-growing-captures-islamic-state-fighters-will-return-to-battlefield/5159909.html,​ໂອ​ກາດ​ທີ່ ​ພວກ​ນັກ​ລົບ ລັດ​ອິ​ສ​ລາມ ທີ່​ຖືກ​ຈັບ​ໄດ້​ນັ້ນ ຈະ​ກັບ​ຄືນ​ໄປ​ ສະ​ໜາມ​ລົບ ແມ່ນ​ມີ​ທ່າ​ອ່ຽງສູງ​ຂຶ້ນ,,"ບັນ​ດາ​ເຈົ້າ​ໜ້າ​ທີ່​ປາບ​ປາມ​ລັດ​ທິ​ກໍ່​ການ​ຮ້າຍ ສະ​ຫະ​ລັດ ໄດ້​ມີ​ຄວາມ​ເປັນ​ຫ່ວງ​ຍິ່ງ​ຂຶ້ນ​ກັບ​ພວກ​ນັກ​ຮົບ​ລັດ​ອິ​ສ​ລາມ​ທີ່​ຖືກ​ຈັບ​ໄດ້ ໃນ​ຂະ​ນະ​ທີ່ເມືອງຫຼວງ​ທີ່​ໄດ້​ພັງ​ລົງ​ຂອງ​ກຸ່ມ​ກໍ່​ການ​ຮ້າຍ​ໃນ ຊີ​ເຣຍ ນັ້ນ​ຈະ​ຫາ​ທາງ​ກັບ​ຄືນ​ມາ​ສູ່​ສະ​ໜາມ​ຮົບ.

ພວກ​ເພິ່​ນ​ເວົ້າ​ວ່າ, ຄວາມ​ເປັນ​ຫ່ວງ​ດັ່ງ​ກ່າວແມ່ນ​ຮຸນ​ແຮງ​ທີ່​ສຸດ ສຳ​ລັບ​ນັກ​ຮົບ​ຕ່າງ​ປະ​ເທດ​ປະ​ມານ 2,000 ຄົນ ຜູ້​ທີ່​ຖືກຂັງ​ໄວ້​ໃນ​ບ່ອນ​ທີ່​ຖືກ​ຖິ້ມ, ຄຸກຊົ່ວ​ຄາວ​ທີ່​ຄວບ​ຄຸມ​ໂດຍກອງ​ກຳ​ລັງ​ປະ​ຊາ​ທິ​ປະ​ໄຕ ຊີ​ເຣຍ ທີ່​ໄດ້​ຮັບ​ການ​ໜູນຫຼັງ​ໂດຍ ສະ​ຫະ​ລັດ ໃນ​ຂະ​ນະ​ທີ່​ປະ​ເທດ​ບ້ານ​ເກີດ​ຂອງ​ເຂົາ​ ​ປະ​ຕິ​ເສດ​ທີ່​ຈະ​ຮັບ​ເອົາ​ພວກ​ເຂົາ​ຄືນ.

ຮັກ​ສາ​ການ​ອຳ​ນວຍ​ການ​ ສູນກາງ​ປາ​ບ​ປາມ​ລັດ​ທິ​ກໍ່​ການ​ຮ້າຍ​ແຫ່ງ​ຊາດ ສະ​ຫະ​ລັດ ທ່ານ ຣັ​ສ​ໂຊ​ລ ທ​ຣາ​ເວີ​ສ໌ ໄດ້​ກ່າວ​ໃນ​ວັນ​ສຸກ​ທີ່​ຜ່ານ​ມາ​ວ່າ “ພວກ​ເຮົາ​ຂ້ອນ​ຂ້າງ​ຈະ​ຖືຊະ​ຕາ​ຊີ​ວິດ ກ່ຽວ​ກັບ ບັນ​ຫານີ້.”

ທ່ານ​ໄດ້​ກ່າວ​ຕໍ່​ຜູ້​ຟັງ​ຢູ່​ສະ​ຖາ​ບັນ ວໍ​ຊິງ​ຕັນ ສຳ​ລັບ​ນະ​ໂຍ​ບາຍ​ຕາ​ເວັນ​ອອກ​ໃກ້ ວ່າ “ມັນ​ມີ​ຄວາມ​ເປັນ​ໄປ​ໄດ້​ຫຼາຍຂຶ້ນ​ວ່າ ໃນ​ທີ່​ສຸດ​ພວກ​ເຮົາ​ອາດ​ໄດ້​ເຫັນ​ນັກ​ຮົບ​ຕ່າງ​ປະ​ເທດ​ພວກນີ້ຫຼາຍ​ຄົນ​ອີກ ເມື່ອ​ພວກ​ເຂົາ​ໄດ້​ໜີ​ອອກ​ຈາກ​ຄຸກ ຫຼື ຖືກ​ປ່ອຍ​ຕົວ. ຄວາມ​ເປັນ​ຫ່ວງ​ທີ່​ໃຫຍ່​ທີ່​ສຸດ​ແມ່ນ​ການ​ເກັບ​ນັກ​ໂທດ​ພວກ​ນັ້ນ​ໄວ້ ແລະ ບໍ່​ແມ່ນ​ສະ​ໜັບ​ສະ​ໜູນສະ​ຖາ​ນະ​ພາບ​ຂອງ​ພວກ​ລັດ​ອິ​ສ​ລາມ ແລະ ເຫັນ​ພວກ​ນັກ​ຮົບ​ຕ່າງ​ປະ​ເທດ ຫຼັ່ງ​ໄຫຼ​ອອກ​ຈາກ ຊີ​ເຣຍ.”

ເປັນ​ເວ​ລາຫຼາຍ​ເດືອນ​ແລ້ວ, ບັນ​ດາ​ເຈົ້າ​ໜ້າ​ທີ່ ສະ​ຫະ​ລັດ ໃນ​ກະ​ຊວງ​ການ​ຕ່າງ​ປະ​ເທດ ແລະ ທຳ​ນຽບ​ຫ້າ​ແຈ ໄດ້​ຮຽກ​ຮ້ອງ​ປະ​ເທດ​ຕ່າງໆ, ໂດຍ​ສະ​ເພາະ​ຜູ້​ທີ່​ໄດ້​ເຂົ້າ​ຮ່ວມ​ໃນ​ພັນ​ທະ​ມິດ​ເພື່ອ​ເອົາ​ຊະ​ນະ​ກຸ່ມ IS, ໃຫ້​ຮັບ​ເອົາ ແລະ ລົງ​ໂທດ​ປະ​ຊາ​ຊົນຂອງ​ເຂົາ​ເຈົ້າ ຫຼື​ຜູ້​ທີ່ອ​າ​ໄສ​ຢູ່​ໃນ​ປະ​ເທດ​ທີ່​ໄດ້​ໜີອອ​ກ​ໄປ ​ເພື່ອ​ຕໍ່​ສູ້​ໃຫ້​ເມືອງຫຼວງ​ທີ່​ປະ​ກາດ​ຂຶ້ນ​ມາ​ເອງ​ນັ້ນ.

ແຕ່​ການ​ຮຽກ​ຮ້ອງ​ດັ່ງ​ກ່າວ​ສ່ວນຫຼາຍ​ແມ່ນ​ໄປ​ບໍ່​ຮອດ​ໃສ, ໃນ​ຂະ​ນະ​ທີ່​ບັນ​ດາ​ປະ​ເທດ ຢູ​ໂຣບ ໄດ້​ຍົກ​ຄວາມ​ເປັນ​ຫ່ວງ​ຂຶ້ນ​ມາ, ໂດຍ​ໂຕ້​ຖຽງ​ວ່າ ລະ​ບົບ​ກົດ​ໝາຍ​ຂອງ​ເຂົາ​ເຈົ້າ​ຈະ​ບໍ່​ອະ​ນຸ​ຍາດ​ໃຫ້​ລົງ​ໂທດ​ນັກ​ຮົບ IS ດ້ວຍ​ຄວາມ​ສຳ​ເລັດ ຜູ້​ທີ່​ການ​ກໍ່​ອາ​ຊະ​ຍາ​ກຳ​ຂອງ​ພວກ​ເຂົາ ແມ່ນ​ໄດ້​ເຮັດ​ຢູ່​ໄກຫຼາຍ​ພັນ​ກິ​ໂລ​ແມັດ​ອອກ​ໄປ.",ຮັກ​ສາ​ການ​ອຳ​ນວຍ​ການ​ ສູນກາງ​ປາ​ບ​ປາມ​ລັດ​ທິ​ກໍ່​ການ​ຮ້າຍ​ແຫ່ງ​ຊາດ ສະ​ຫະ​ລັດ ທ່ານ ຣັ​ສ​ໂຊ​ລ ທ​ຣາ​ເວີ​ສ໌ ໄດ້​ກ່າວ​ໃນ​ວັນ​ສຸກ​ທີ່​ຜ່ານ​ມາ​ວ່າ “ພວກ​ເຮົາ​ຂ້ອນ​ຂ້າງ​ຈະ​ຖືຊະ​ຕາ​ຊີ​ວິດ ກ່ຽວ​ກັບ ບັນ​ຫານີ້.”,mal,voanews,VOA News,fake news,2e1649f2-c939-45a9-bec0-e7d55428cb04,article,MassiveSum
https://lao.voanews.com/a/laos-most-forests-are-planted-by-private-firms-because-of-gov-short-fund/5069573.html,https://lao.voanews.com/a/laos-most-forests-are-planted-by-private-firms-because-of-gov-short-fund/5069573.html,ປ່າ​ໄມ້​ໃນ​ລາວ ສ່ວນ​ໃຫຍ່​ ປູກ​ໂດຍ​ເອ​ກະ​ຊົນ ຫລາຍກວ່າ​ ພາກ​ລັດ ຍ້ອນ​ ຂາດ​ງົບ​ປະ​ມານ,,"ປ່າ​ໄມ້​ສ່ວນ​ໃຫຍ່​ໃນ ລາວ ປູກ​ໂດຍ​ບໍ​ລິ​ສັດ​ເອ​ກະ​ຊົນ​ທີ່​ໄດ້​ຮັບ​ອະ​ນຸ​ຍາດ​ສຳ​ປະ​ທານ​ ຈາກລັດຖະບານ ສ່ວນປ່າໄມ້ທີ່ປູກໂດຍລັດຖືເປັນພຽງສ່ວນນ້ອຍເທົ່ານັ້ນເພາະວ່າ ລັດຖະບານຂາດງົບປະມານຢ່າງໜັກ.

ທ່ານ ລຽນ​ ທິ​ແກ້ວ ລັດ​ຖະ​ມົນ​ຕີ​ວ່າ​ການ​ກະ​ຊວງ​ກະ​ສິ​ກຳ ແລະ ປ່າ​ໄມ້​ຖະ​ແຫຼງຍອມ​ ຮັບວ່າ ການປູກຕົ້ນໄມ້ໂດຍພາກລັດສາມາດຈັດຕັ້ງປະຕິບັດໄດ້ຕ່ຳກວ່າແຜນການທີ່ ວາງໄວ້ທຸກປີ ໂດຍມີສາເຫດສຳຄັນມາຈາກການຂາດແຄນງົບປະມານ ເພາະວ່າງົບ ປະມານທີ່ນຳໃຊ້ໃນການປູກຕົ້ນໄມ້ໂດຍພາກລັດມີແຫຼ່ງລາຍຮັບພຽງຈາກຄ່າພັນທະ ປູກໄມ້ ແລະ ເຄື່ອງປ່າຂອງດົງທົດແທນເທົ່ານັ້ນ ສ່ວນແຫຼ່ງລາຍຮັບທີ່ເປັນຄ່າທຳນຽມ ບໍລິການ ແລະ ຄ່າສຳປະທານຕັດໄມ້ຢູ່ໃນເຂດໂຄງການພັດທະນາຕ່າງໆເຊັ່ນ ໂຄງ ການກໍ່ສ້າງເຂື່ອນໄຟຟ້ານັ້ນ ຈະຕ້ອງສົມທົບເຂົ້າງົບປະມານຂອງລັດຖະບານ ຈຶ່ງບໍ່ ສາມາດທີ່ຈະນຳມາໃຊ້ຈ່າຍໄດ້ເລີຍ ນອກຈາກວ່າຈະໄດ້ຮັບການອະນຸມັດຈາກສະ ພາແຫ່ງຊາດ ລາວ ເທົ່ານັ້ນ ດັ່ງທີ່ທ່ານ ລຽນ ຢືນຢັນວ່າ

""ການ​ສະ​ໜອງ​ງົບ​ປະ​ມານ​ນຳ​ໃຊ້​ເຂົ້າ​ໃນ​ວຽກ​ງານ​ຄຸ້ມ​ຄອງ​ປ່າ​ໄມ້​ຟື້ນ​ຟູ ແລະ ປູກ​ໄມ້​ ແມ່ນມີຈຳກັດຫຼາຍ ແລະ ຫຼຸດລົງຢ່າງຕໍ່ເນື່ອງ ສາເຫດຕົ້ນຕໍທີ່ພາໃຫ້ເກີດການສະໜອງ ງົບປະມານເຂົ້າກອງທຶນບໍ່ໄດ້ຕາມແຜນການກໍຍ້ອນການເກັບລາຍຮັບນີ້ແຫຼະ ເວົ້າ ລວມແລ້ວ ບໍ່ໄດ້ຕາມແຜນການທຸກແຫຼ່ງຂອງກອງທຶນ ຊຶ່ງຜ່ານມາການເກັບຕົວຈິງໄດ້ ແຕ່ພຽງແຫຼ່ງດຽວຄືຄ່າພັນທະປູກໄມ້ ແລະ ເຄື່ອງປ່າຂອງດົງທົດແທນເທົ່ານັ້ນ ສ່ວນ ແຫຼງລາຍຮັບຄ່າທຳນຽມບໍລິການລະບຸໄວ້ໃນດຳລັດເລກທີ 03 ຊຶ່ງຕ້ອງເອົາເຂົ້າງົບ ປະມານແລ້ວຈັ່ງເອົາອອກມາໃຊ້ ຖືກວ່າກະມີຂອບເຂດຈຳກັດ.""

ທາງ​ດ້ານ​ທ່ານ ບຸນ​ປັນ ດວງ​ລາ​ຕີ ສະ​ມາ​ຊິກ​ສະ​ພາ​ແຫ່ງ​ຊາດ ຈາກ​ແຂວງ​ຄຳ​ມ່ວນ ຖະ​ ແຫຼງວ່າການປູກໄມ້ຢູ່ແຂວງຄຳມ່ວນໃນປັດຈຸບັນນີ້ ສາມາດຈັດຕັ້ງປະຕິບັດໄດ້ໃນພື້ນ ທີ່ທັງໝົດ 27,290 ເຮັກຕາ ໂດຍສ່ວນໃຫຍ່ເປັນປ່າໄມ້ທີ່ປູກໂດຍບໍລິສັດເອກະຊົນທີ່ ໄດ້ຮັບສຳປະທານຈາກລັດຖະບານ ລາວ ແຕ່ໃນຂະນະດຽວກັນໄມ້ທີ່ປູກໂດຍພາກ ລັດນັ້ນ ສາມາດຈັດຕັ້ງປະຕິບັດໄດ້ພຽງ 30 ເຮັກຕາເທົ່ານັ້ນ ໂດຍມີສາເຫດມາຈາກ ການຂາດແຄນທາງດ້ານງົບປະມານດັ່ງກ່າວ.

ທັງ​ນີ້​ກະ​ຊວງ​ກະ​ສິ​ກຳ ແລະ ປ່າ​ໄມ້ລາຍ​ງານ​ວ່າ ປ່າ​ໄມ້​ຂອງ ລາວ ໃນ​ປັດ​ຈຸ​ບັນ​ນີ້​ມີ​ອັດ ຕາການປົກຫຸ້ມຄິດເປັນ 67.2 ເປີເຊັນຂອງພື້ນທີ່ທັງໝົດທົ່ວປະເທດ ລາວ ຫຼືປະມານ 15.91 ລ້ານເຮັກຕາ ໃນນີ້ແບ່ງເປັນປ່າປ້ອງກັນ 7.98 ລ້ານເຮັກຕາ, ປ່າສະຫງວນ 4.93 ລ້ານເຮັກຕາ, ປ່າຜະລິດ 3.1 ລ້ານເຮັກຕາ ແລະ ປ່າໄມ້ທີ່ປູກໂດຍບໍລິສັດຕ່າງ ຊາດທີ່ສຳປະທານທີ່ດິນຈາກລັດຖະບານ ລາວ ໃນພື້ນທີ່ລວມ 486,600 ເຮັກຕາຈຶ່ງ ເຮັດໃຫ້ຈະຕ້ອງດຳເນີນມາດຕະການເພີ່ມເນື້ອທີ່ປ່າໄມ້ໃຫ້ໄດ້ອີກ 584,000 ເຮັກຕາ ຫຼືຄິດເປັນ 2.8 ເປີເຊັນຂອງພື້ນທີ່ທັງໝົດໃນ ລາວ ເພື່ອທີ່ວ່າຈະເຮັດໃຫ້ບັນລຸເປົ້າ ໝາຍການເພີ່ມການປົກຫຸ້ມຂອງປ່າໄມ້ໃຫ້ເຖິງ 16.5 ລ້ານເຮັກຕາ ຫຼື 70 ເປີເຊັນຂອງ ພື້ນທີ່ທັງໝົດໃນປີ 2020 ກໍຄືພາຍໃນ 1 ປີ 4 ເດືອນຕໍ່ໜ້ານີ້.

ແຕ່​ຢ່າງ​ໃດ​ກໍ​ຕາມ ການ​ທີ່​ຈະ​ສາ​ມາດ​ບັນ​ລຸ​ເປົ້າ​ໝາຍ​ດັ່ງ​ກ່າວ​ໄດ້​ຢ່າງ​ແທ້​ຈິງ​ນັ້ນ ກໍ​ບໍ່​ ແມ່ນເລື່ອງງ່າຍ ເພາະວ່າປ່າໄມ້ທີ່ປູກໃນເຂດສຳປະທານຂອງບໍລິສັດຕ່າງຊາດນັ້ນ ເປັນສິດຂອງບໍລິສັດຕ່າງຊາດທີ່ຈະຕັດ ເພື່ອນຳປາແປຮູບເປັນຜະລິດຕະພັນສຳເລັດ ຮູບ ເພື່ອຕອບສະໜອງຕະຫຼາດພາຍໃນ ລາວ ແລະ ສົ່ງອອກໄປຕ່າງປະເທດໄດ້ຕາມ ສັນຍາສຳປະທານ ພ້ອມກັນນັ້ນລັດຖະບານ ລາວ ຍັງຈະຕ້ອງປາບປາມການລັກລອບ ຕັດໄມ້ຜິດກົດໝາຍໃຫ້ໄດ້ຢ່າງເດັດຂາດອີກດ້ວຍ.

ທັງ​ນີ້​ໂດຍ​ໜ່ວຍ​ສະ​ເພາະ​ກິດ​ຂອງ​ລັດ​ຖະ​ບານ ລາວ ໄດ້​ຈັດ​ຕັ້ງ​ປະ​ຕິ​ບັດ​ຄຳ​ສັ່ງ​ນາ​ຍົກ​ ລັດຖະມົນຕີເລກທີ 15/ນຍ ວ່າດ້ວຍການຫ້າມສົ່ງໄມ້ທ່ອນໄປຕ່າງປະເທດຢ່າງເດັດ ຂາດ ນັບຈາກເດືອນພຶດສະພາ 2016 ເປັນຕົ້ນມາ ແລະ ໄດ້ມີຄຳສັ່ງປິດໂຮງງານປຸງ ແຕ່ງໄມ້ທີ່ລະເມີດຄຳສັ່ງດັ່ງກ່າວແລ້ວ 1,545 ແຫ່ງ ໃນນີ້ເປັນໂຮງງານປຸງແຕ່ງໄມ້ຂະ ໜາດໃຫຍ່ ແລະ ຂະໜາດກາງ 355 ແຫ່ງ ແລະ ໂຮງງານຂະໜາດນ້ອຍ 1,190 ແຫ່ງ ພ້ອມກັນນັ້ນກໍຍັງກວດພົບການລະເມີດຄຳສັ່ງເລກທີ 15/ນຍ ເຖິງ 630 ກໍລະນີ ຈັບກຸມ ຜູ້ກະທຳຄວາມຜິດ 700 ຄົນ ລວມເຖິງພະນັກງານລັດດ້ວຍ 421 ຄົນ ແລະ ສັ່ງປິດໂຮງ ເລື່ອຍ 1,206 ແຫ່ງ.

ໃນ​ປີ 2018 ລັດ​ຖະ​ບານນຳ​ໄມ້​ທີ່​ຍຶດ​ໄດ້​ອອກ​ປະ​ມູນ​ຂາຍ​ໄດ້​ມູນ​ຄ່າ 51 ກວ່າ​ຕື້​ກີບ ແຕ່ ກໍ​ຍັງ​ມີ​ການ​ລັກ​ລອບ​ຕັດ​ໄມ້​ເລື້ອຍ​ມາ ໂດຍ​ນັກ​ທຸ​ລະ​ກິດ​ໄດ້​ວ່າ​ຈ້າງ​ໃຫ້​ປະ​ຊາ​ຊົນ​ລັກ ລອບ​ຕັດ​ໄມ້​ໃຫ້​ກັບ​ພວກ​ຕົນ.

ທັງ​ນີ້​ອົງ​ການ​ອະ​ນຸ​ລັກ​ສິ່ງ​ແວດ​ລ້ອມ Global Witness ລາຍ​ງານ​ວ່າ​ເຂດ​ທີ່​ມີ​ການ​ລັກ ລອບຕັດໄມ້ຫຼາຍທີ່ສຸດຄືເຂດຊາຍແດນ ລາວ ທີ່ຕິດຕໍ່ກັບ ຫວຽດນາມ ແລະ ຈີນ ໂດຍ ສະເພາະແຂວງຜົ້ງສາລີ ກັບ ຫຼວງນ້ຳທາ ທີ່ມີການລັກລອບຂົນສົ່ງໄມ້ໄປ ຈີນ ສ່ວນ ແຂວງບໍລິຄຳໄຊ, ຄຳມ່ວນ, ສະຫວັນນະເຂດ, ສາລະວັນ, ເຊກອງ, ອັດຕະປື ແລະ ຊຽງຂວາງ ນັ້ນ ກໍເປັນເຂດທີ່ມີການລັກລອບຕັດ ແລະ ຂົນສົ່ງໄມ້ຈາກລາວໄປ ຫວຽດ ນາມ.",ທ່ານ ລຽນ​ ທິ​ແກ້ວ ​ຖະ​ແຫຼງຍອມຮັບວ່າ ການປູກຕົ້ນໄມ້ໂດຍພາກລັດສາມາດ ຈັດຕັ້ງປະຕິບັດໄດ້ຕ່ຳກວ່າ ແຜນການທີ່ວາງໄວ້ທຸກປີ.,mal,voanews,VOA News,fake news,9e17effe-f30e-4696-8906-336f97fe927b,article,MassiveSum
https://www.madhyamam.com/local-news/alappuzha/2016/mar/03/181814,https://www.madhyamam.com/local-news/alappuzha/2016/mar/03/181814,പത്തിയൂര്‍ പഞ്ചായത്ത് ബജറ്റ്: കൃഷി വികസനത്തിന് മുന്‍തൂക്കം,,"കായംകുളം: കൃഷി വികസനത്തിന് സമഗ്രപദ്ധതി രൂപം നല്‍കുന്ന ബജറ്റ് പത്തിയൂര്‍ പഞ്ചായത്തില്‍ അവതരിപ്പിച്ചു. നെല്‍കൃഷിക്ക് വിരിപ്പ്-പുഞ്ച കൃഷി വികസനത്തിനായി എട്ടുലക്ഷമാണ് വകകൊള്ളിച്ചത്. തെങ്ങ് കൃഷിക്ക് മൂന്നുലക്ഷവും പച്ചക്കറിക്ക് ആറുലക്ഷവും കിഴങ്ങ് വിളകള്‍ക്ക് അഞ്ചും ഗ്രോബാഗ് വിതരണത്തിന് നാലുലക്ഷവും പയര്‍ കൃഷിക്ക് ഒന്നരലക്ഷവും വകയിരുത്തി. തരിശ്-വിരിപ്പ് നിലങ്ങള്‍ കൃഷിയോഗ്യമാക്കാന്‍ മൂന്നുലക്ഷം, പശു വളര്‍ത്തലിന് അഞ്ചുലക്ഷം, മുട്ടക്കോഴി വളര്‍ത്തലിന് ആറുലക്ഷം, കന്നുകുട്ടി പരിപാലനം മൂന്നര ലക്ഷം, മൃഗസംരക്ഷണം നാലുലക്ഷം, പട്ടികജാതി വിഭാഗത്തിന് പാട്ട കൃഷി നടപ്പാക്കാന്‍ ഒരുലക്ഷം എന്നിങ്ങനെയും ചെലവഴിക്കും. വിദേശജോലി ലക്ഷ്യമിടുന്ന പട്ടികജാതി വിഭാഗങ്ങള്‍ക്ക് ധനസഹായം നല്‍കുന്നതിന് രണ്ടരലക്ഷം, ഉറവിട മാലിന്യ സംസ്കരണം മൂന്ന് ലക്ഷവും, ബയോഗ്യാസ് പ്ളാന്‍റിനായി ഒന്നര ലക്ഷവും വകയിരുത്തി. സേവന മേഖലയില്‍ 15.7 കോടിയുടെയും പശ്ചാത്തല മേഖലയില്‍ 17.2 കോടിയുടെയും പദ്ധതികളും നിര്‍ദേശിച്ചിരിക്കുന്ന ബജറ്റ് വൈസ് പ്രസിഡന്‍റ് ലീലാ ഗോകുലാണ് അവതരിപ്പിച്ചത്. പ്രസിഡന്‍റ് വി. പ്രഭാകരന്‍ അധ്യക്ഷത വഹിച്ചു.",കായംകുളം: കൃഷി വികസനത്തിന് സമഗ്രപദ്ധതി രൂപം നല്‍കുന്ന ബജറ്റ് പത്തിയൂര്‍ പഞ്ചായത്തില്‍ അവതരിപ്പിച്ചു. നെല്‍കൃഷിക്ക് വിരിപ്പ്-പുഞ്ച കൃഷി വികസനത്തിനായി എട്ടുലക്ഷമാണ് വകകൊള്ളിച്ചത്. തെങ്ങ് കൃഷിക്ക്...,mal,madhyamam,Madhyamam,fake news,c658a935-deee-47c3-a8d5-6b6368dc3a81,article,MassiveSum
https://www.madhyamam.com/gulf-news/uae/sheikh-hamdans-wedding-uae-gulf-news/612776,,ദു​ബൈ​യി​ലെ രാ​ജ​കീ​യ വി​വാ​ഹ വി​രു​ന്ന്​ ജൂ​ൺ ആ​റി​ന്​,,"ദു​ബൈ: രാ​ജ​കു​മാ​ര​ൻ​മാ​രു​ടെ വി​വാ​ഹ വി​രു​ന്ന്​ ജൂ​ൺ ആ​റി​ന്​ ന​ട​ക്കും. യു.​എ.​ഇ വൈ​സ്​ പ്ര​സി​ഡ​ൻ​റും പ ്ര​ധാ​ന​മ​ന്ത്രി​യും ദു​ബൈ ഭ​ര​ണാ​ധി​കാ​രി​യു​മാ​യ ശൈ​ഖ്​ മു​ഹ​മ്മ​ദ്​ ബി​ൻ റാ​ശി​ദ്​ ആ​ൽ മ​ക്​​തൂ​മി​െ​ൻ ​റ മൂ​ന്ന്​ പു​ത്ര​ൻ​മാ​രു​ടെ രാ​ജ​കീ​യ വി​വാ​ഹ​ത്തി​െ​ൻ​റ വി​രു​ന്നു സ​ൽ​ക്കാ​ര​ത്തി​ന്​ ദു​ബൈ വേ​ൾ​ഡ്​ ട്രേ​ഡ്​ സെ​ൻ​റ​റാ​ണ്​ വേ​ദി​യാ​വു​ക.

ദു​ബൈ കി​രീ​ടാ​വ​കാ​ശി​യും എ​ക്​​സി​ക്യു​ട്ടി​വ്​ കൗ​ൺ​സി​ൽ ചെ​യ​ർ​മാ​നു​മാ​യ ശൈ​ഖ്​ ഹം​ദാ​ൻ ബി​ൻ മു​ഹ​മ്മ​ദ്​ ബി​ൻ റാ​ശി​ദ്​ ആ​ൽ മ​ക്​​തൂം, ദു​ബൈ ഉ​പ ഭ​ര​ണാ​ധി​കാ​രി ശൈ​ഖ്​ മ​ക്​​തും ബി​ൻ മു​ഹ​മ്മ​ദ്​ ബി​ൻ റാ​ശി​ദ്​ ആ​ൽ മ​ക്​​തും, ശൈ​ഖ്​ മു​ഹ​മ്മ​ദ്​ ബി​ൻ റാ​ശി​ദ്​ അ​ൽ മ​ക്​​തും നോ​ള​ജ്​ ഫൗ​ണ്ടേ​ഷ​ൻ ചെ​യ​ർ​മാ​ൻ ശൈ​ഖ്​ അ​ഹ്​​മ​ദ്​ ബി​ൻ മു​ഹ​മ്മ​ദ്​ ബി​ൻ റാ​ശി​ദ്​ ആ​ൽ മ​ക്​​തൂം എ​ന്നി​വ​രു​ടെ വി​വാ​ഹം ഇൗ ​മാ​സം 15നാ​ണ്​ ന​ട​ന്ന​ത്. ഉ​റ്റ​ബ​ന്ധു​ക്ക​ൾ മാ​ത്രം പ​െ​ങ്ക​ടു​ത്ത ച​ട​ങ്ങാ​യി​രു​ന്നു ഇ​ത്.

ശൈ​ഖ്​ ഹം​ദാ​ൻ ശൈ​ഖ ശൈ​ഖ ബി​ൻ​ത്​ സ​ഇൗ​ദ്​ ബി​ൻ താ​നി അ​ൽ മ​ക്​​തൂ​മി​നെ​യും ശൈ​ഖ്​ മ​ക്​​തൂം ശൈ​ഖ മ​റി​യം ബി​ൻ​ത്​ ബു​ട്ടി അ​ൽ മ​ക്​​തൂ​മി​നെ​യും ശൈ​ഖ്​ അ​ഹ്​​മ​ദ്​ ശൈ​ഖ മി​ദ്​​യ ബി​ൻ​ത്​ ദ​ൽ​മൂ​ജ്​ അ​ൽ മ​ക്​​തൂ​മി​നെ​യു​മാ​ണ്​ വി​വാ​ഹം ചെ​യ്​​ത​ത്.സ്വ​ർ​ണ വ​ർ​ണ​ത്തി​ലെ അ​ക്ഷ​ര​ങ്ങ​ളി​ൽ മ​നോ​ഹ​ര​മാ​യ കാ​ലി​ഗ്ര​ഫി ചെ​യ്​​ത വി​വാ​ഹ ക്ഷ​ണ​ക്ക​ത്താ​ണ്​ ഒ​രു​ക്കി​യി​രി​ക്കു​ന്ന​ത്. മാ​മാ നൂ​റ എ​ന്ന്​ വി​ളി​ക്ക​പ്പെ​ടു​ന്ന കൊ​ട്ടാ​ര​ത്തി​ലെ പ്രി​യ​പ്പെ​ട്ട ശി​ശു പ​രി​പാ​ല​ക​യാ​ണ്​ ക​ത്തി​െ​ൻ​റ കോ​പ്പി സ​മൂ​ഹ മാ​ധ്യ​മ​ത്തി​ൽ ആ​ദ്യ​മാ​യി പോ​സ്​​റ്റ്​ ചെ​യ്​​ത​ത്.",ദു​ബൈ: രാ​ജ​കു​മാ​ര​ൻ​മാ​രു​ടെ വി​വാ​ഹ വി​രു​ന്ന്​ ജൂ​ൺ ആ​റി​ന്​ ന​ട​ക്കും. യു.​എ.​ഇ വൈ​സ്​ പ്ര​സി​ഡ​ൻ​റും പ   ്ര​ധാ​ന​മ​ന്ത്രി​യും ദു​ബൈ ഭ​ര​ണാ​ധി​കാ​രി​യു​മാ​യ ശൈ​ഖ്​ മു​ഹ​മ്മ​ദ്​ ബി​ൻ റാ​ശി​ദ്​...,mal,madhyamam,Madhyamam,fake news,0a736f51-98ca-4c21-9af9-cee9a6abf1b8,article,MassiveSum
https://www.madhyamam.com/kerala/local-news/malappuram/--585883,,ലക്ഷ്മി അമ്മ | Madhyamam,,"mlp obit10 edakkara death- lakshmi amma (77) ലക്ഷ്മിയമ്മ എടക്കര: ശങ്കരംകുളം പരേതനായ വാണുവപ്പാടത്ത് കൃഷ്ണന്‍കുട്ടിയുടെ ഭാര്യ ലക്ഷ്മിയമ്മ (77) നിര്യാതയായി. മക്കള്‍: ജാനകി, കല്യാണി, പാര്‍വതി, രുക്മിണി, ലീല, സത്യഭാമ, ശിവശങ്കരന്‍, ബാലകൃഷ്ണന്‍, ഉഷാകുമാരി. മരുമക്കള്‍: ശങ്കരന്‍, പരമേശ്വരന്‍, വിജയന്‍, മോഹനന്‍, മോഹനന്‍, സുനിത, സ്മിത, അരുണ്‍ബാബു, കരുണാകരന്‍. edakkara death- khadeeja (85) ഖദീജ എടക്കര: ഉപ്പട ഗ്രാമം കറുത്തേടത്ത് അബ്​ദുല്ലയുടെ ഭാര്യ ഖദീജ (85) നിര്യാതയായി. മക്കള്‍: മുഹമ്മദ്, അബൂബക്കര്‍, ആയിശ. മരുമക്കള്‍: സൈനബ, ആയിശ. ഖബറടക്കം വെള്ളിയാഴ്ച രാവിലെ ഒമ്പതിന് ചാത്തംമുണ്ട ജുമാമസ്ജിദ് ഖബര്‍സ്ഥാനില്‍. edakkara death- kalyani (74) കല്യാണി എടക്കര: മരുത മാമാങ്കര പരേതനായ ചൂരക്കോട്ടില്‍ അയ്യപ്പ​ൻെറ ഭാര്യ കല്യാണി (74) നിര്യാതയായി. മക്കള്‍: സാവിത്രി, ശശീന്ദ്രന്‍, രവീന്ദ്രന്‍, ജയമോള്‍, ജയന്‍, സുജമോള്‍. മരുമക്കള്‍: പരമേശ്വരന്‍, ഉഷ, ശ്രീജ, ഷൈബു, രമേശന്‍. TGI Obit Subaida സുബൈദ തിരൂരങ്ങാടി: ചുള്ളിപ്പാറ തൂമ്പിൽ സൈതലവിയുടെ ഭാര്യ പുത്തൻ വീട്ടിൽ സുബൈദ (58) നിര്യാതയായി. മക്കൾ: അഷ്റഫ് (ജിദ്ദ), സുഹറ, ഹാജറ. മരുമക്കൾ: ഹനീഫ (ഉള്ളണം), ഷാഫി (ഓണക്കാട്), പർവീന (പുതിയങ്ങാടി). സഹോദരങ്ങൾ: അബ്​ദുറഹ്മാൻ, റാബിയ.",ലക്ഷ്മി അമ്മ,mal,madhyamam,Madhyamam,fake news,8a39a710-0040-48aa-9ebb-032330683a6c,article,MassiveSum
https://www.dengiamerika.com/a/2530682.html,https://www.dengiamerika.com/a/2530682.html,هێمن سه‌یدی: پرۆژه‌که‌ جیاوازی هه‌یه‌ له‌گه‌ڵ هه‌وڵه‌کانی رابوردوودا و شیانی سه‌رکه‌وتنی هه‌یه‌,,"هێمن سه‌یدی: پرۆژه‌که‌ جیاوازی هه‌یه‌ له‌گه‌ڵ هه‌وڵه‌کانی رابوردوودا و شیانی سه‌رکه‌وتنی هه‌یه‌

له‌ ده‌مێکدا رۆژهه‌ڵاتی کوردستان و پارت و رێکخراوه‌کانی له‌ بارێکدا چه‌قیون که‌ وه‌کو باس ده‌کرێت تا ئێستا هیچ هه‌نگاوێکی کاریگه‌ری و دڵخۆشکه‌رانه‌یان نه‌هاویشتوون بۆ ده‌رباز بوون له‌و باره‌، پرۆژه‌یه‌کی لێبۆردن و ئاشته‌وایی نیشتمانی خراوه‌ته‌ به‌ر ده‌ست بۆ لێدوان و لێکۆڵینه‌وه‌‌.

هێمن سه‌یدی لێکۆڵه‌ر و چالاکی کاروباری رامیاری که‌ خاوه‌نی ئه‌و پرۆژه‌یه‌ له‌ هه‌ڤپه‌ێڤینێکدا له‌گه‌ڵ به‌شی کوردی ده‌نگی ئه‌مه‌ریکا سه‌باره‌ت به‌وه‌ی تا چه‌ند له‌و پرۆژه‌یه‌ پێشوازی کراوه‌،ده‌لێت"" پێشوازیه‌کی(محتاطانه‌) لێکراوه‌، ئه‌وه‌ش به‌و ‌هۆێه‌ که‌ جۆرێک ره‌شبینی له‌ ساڵانی رابوردوودا درووست بوه‌ سه‌باره‌ت به‌هه‌ر هه‌وڵێک که‌ له‌و بواره‌دا دراوه‌ که‌ ده‌کرێ بڵێین تا راده‌یه‌ک واقعبینیه‌، چۆنکه‌ زۆر هه‌وڵ دراوه‌ و سه‌رکه‌وتوو نه‌بوه‌. کاک هێمن هه‌ر وه‌ها ده‌ڵی به‌و هۆیه‌وه‌ زۆر که‌س دڵی پێی خۆش بوه‌، زۆر که‌س پشتێوانی خۆێ راگه‌یاندووه‌، به‌ڵام شیانی سه‌رکه‌وتنیان لا لاوازه‌ هه‌ر به‌ هۆێ ئه‌و هۆیانه‌ی که‌ باسم کردن. کاک هێمن ده‌شڵێت ئه‌م پرۆژه‌یه‌ جیاوازی له‌گه‌ڵ هه‌وڵه‌کانی تردا هه‌یه‌ و شیانی هه‌یه‌ له‌ کۆتاییدا سه‌ر بکه‌وێت و ده‌شڵێت هه‌رچه‌ند سه‌خته‌ به‌ هه‌موو تاکه‌کانه‌وه‌ په‌ێوه‌ندی کرد، به‌ هۆێ ژماره‌ی زۆریان به‌ڵام نامه‌ێ ئاراسته‌ی هه‌موو پارت و رێکخراوه‌کان کردووه‌ و نیاز هه‌یه‌ له‌ سه‌ره‌تاکانی ساڵی ئاێینده‌دا له‌ سوید کۆنفرانسێک له‌و باره‌یه‌وه‌ ئه‌نجام بدرێت"".",له‌ ده‌مێکدا رۆژهه‌ڵاتی کوردستان و پارت و رێکخراوه‌کانی له‌ بارێکدا چه‌قیون که‌ وه‌کو باس ده‌کرێت تا ئێستا هیچ هه‌نگاوێکی کاریگه‌ری و دڵخۆشکه‌رانه‌یان نه‌هاویشتوون بۆ ده‌رباز بوون له‌و باره‌، پرۆژه‌یه‌کی لێبۆردن و ئاشته‌وایی نیشتمانی خراوه‌ته‌ به‌ر ده‌ست بۆ لێدوان و لێکۆڵینه‌وه‌‌.,mal,dengiamerika,Dengi Amerika,fake news,fbed8c54-9936-46ac-895a-1af9e7d79702,article,MassiveSum
https://nra.lv/vakara-zinas/327884-vakara-zinas-viesnicnieku-nedienas-sefpavaram-jaberz-gridas-valdiba-vienaldziga.htm,https://nra.lv/vakara-zinas/327884-vakara-zinas-viesnicnieku-nedienas-sefpavaram-jaberz-gridas-valdiba-vienaldziga.htm,"VAKARA ZIŅAS. Viesnīcnieku nedienas: šefpavāram jāberž grīdas, valdība vienaldzīga",,"Pandēmijai diemžēl ir sekas. Slēgto robežu un vīrusa «Covid-19» straujās izplatības dēļ ir izsīkusi tūristu plūsma, atstājot viesnīcas bez iemītniekiem un līdz ar to – praktiski bez ienākumiem. Spriežot pēc vairāku viesnīcu īpašnieku publiskajiem izteikumiem sociālajos tīklos, valsts un valdība diemžēl šo nozari ir pametusi novārtā, atstājot faktiski bez jebkāda atbalsta.

Tāpēc »Vakara Ziņas« aptaujāja vairākus viesnīcu īpašniekus, šoreiz izvēloties sabiedrībā zināmus cilvēkus - cerībā, ka varbūt tieši tāpēc viesmīlības nozare, kas pērn valstij nodokļos ienesa vienu miljardu eiro, beidzot tiks saklausīta. Tiesa, ir viesnīcas, kas vēl dažas dienas ļaus baudīt īpašo piedāvājumu, un domā, ko darīt nākotnē. Jā, domā pieprasīt finanšu ministra demisiju.

«Valstij mūsu miljards nav vajadzīgs?»

Tik emocionāli uz »Vakara Ziņu« jautājumu, kā pašreiz klājas viesnīcai «Grand Palace Hotel», atbild tās īpašniece Svetlana Loeva. «Ir sajūta, ka par visu problēmām tiek runāts, bet par mums ir aizmirsuši… Situācija ir katastrofāla, jo tūristu nav un, domāju, tik drīz arī nebūs, taču izdevumi nemazinās. Mums ir jāmaksā personālam, un šķiet, ka drīz nāksies samazināt strādājošo skaitu, tātad - valstij būs viņiem jāmaksā bezdarbnieka pabalsts. Esmu dzirdējusi sakām, ka varētu turpināt strādāt mūsu viesnīcas bāri un restorāni un ka mēs varētu pelnīt šādi, bet Latvijā cilvēki nav pieraduši ēst viesnīcu restorānos. Iespējams, kāds biznesmenis gribētu sarunāt bārā tikšanos pie kafijas tases, bet ar to nopelnīt nevar…»

Svetlana sarunā piemin tās Vecrīgas viesnīcas, kas jau tikušas slēgtas, un atzīst skarbo realitāti - šī situācija, iespējams, tiešām beigsies ar katastrofu. «Premjers ir ieteicis viesmīlības nozarē strādājošajiem pārkvalificēties, bet paskatieties, kas pie mums strādā! Piemēram, istabenes pārsvarā ir vecumā ap četrdesmit gadiem, liela daļa ‒- vientuļās mātes. Par ko viņa varētu pārkvalificēties? Savukārt tie, kas varēs, aizbrauks no šejienes, tiklīdz tas būs iespējams. Kas pēc tam pie mums strādās - ķīnieši vai indusi? Mēs jau līdz krīzei nevarējām atrast darbiniekus, kas pārvaldītu valsts valodu…»

Rezumējot izveidojušos situāciju, «Grand Palace Hotel» īpašniece pauž savu neizpratni: «Mūsu nozare pērn valstij un tās ekonomikai ienesa miljardu eiro! Tie ir mūsu samaksātie nodokļi valsts budžetā, no kuriem tiek maksāti pabalsti mammām, pensijas pensionāriem… Tagad sanāk, ka valstij šī nauda nav vajadzīga un pat negrasās mūs atbalstīt.» Svetlana piebilst, ka nozares pārstāvji ir tikušies ar valdību, taču saņēmuši lakonisku atbildi - naudas nav, bet jūs turieties!»","Pandēmijai diemžēl ir sekas. Slēgto robežu un vīrusa «Covid-19» straujās izplatības dēļ ir izsīkusi tūristu plūsma, atstājot viesnīcas bez iemītniekiem un līdz ar to – praktiski bez ienākumiem. Spriežot pēc vairāku viesnīcu īpašnieku publiskajiem izteikumiem sociālajos tīklos, valsts un valdība diemžēl šo nozari ir pametusi novārtā, atstājot faktiski bez jebkāda atbalsta.",mal,nra,NRA,fake news,283ff73e-afd3-4119-bca8-722a5e716b5e,article,MassiveSum
https://www.dengiamerika.com/a/2706661.html,https://www.dengiamerika.com/a/2706661.html,ئۆباما: ڕێککه‌وتن له‌گه‌ڵ ئێراندا به‌ره‌نجامی هه‌وڵێکی چڕوپڕی سه‌ختی دیپلۆماسیانه‌یه‌,,"سه‌رۆکی وڵاته‌ یه‌کگرتووه‌کانی ئه‌مه‌ریکا باراک ئۆباما ده‌ڵێت چوارچێوه‌ی ڕێککه‌وتنی ناوکی له‌گه‌ڵ ئێراندا ڕێککه‌وتنێکی باشه که‌ به‌ڕێگای دیپلۆماسیه‌تێکی زۆر سه‌خت پێی گه‌یشتوویین.

باراک ئۆباما له‌ میانه‌ی وتاری هه‌فتانه‌یدا ڕایگه‌یاند ئێران قائیل بوو به‌وه‌ی ئه‌و که‌ره‌ستانه‌ عه‌مبار نه‌کات که‌ بۆ دروست کردنی چه‌کی ناوکی پێویستن.

سه‌رۆک ئاماژه‌ی به‌وه‌ش کرد پشکێنه‌رانی نێونه‌ته‌وه‌یی به‌شێوه‌یه‌کی بێپێشینه‌ ده‌ستیان ڕاده‌گات به‌ به‌رنامه‌ی ناوکی ئێران، چونکه‌ ئێران له‌ هه‌مو وڵاتێک زیاتر چاودێری ده‌کرێت.

‌سه‌رۆک ئۆباما گوتیشی ئه‌گه‌ر ئێران له‌ هه‌ر بارێکدا فێڵ و ته‌ڵه‌که‌ بکات جیهان ده‌یزانێت، ئه‌م ڕێککه‌وته‌نه‌ له‌سه‌ر بنه‌مای متمانه‌ نییه‌ به‌ڵکو له‌سه‌ر بنه‌مای پشتڕاستکردنێکی بێپێشینه‌یه‌.

سه‌رۆکی ئێران حه‌سه‌ن ڕۆحانی ڕایگه‌یاند چوارچێوه‌ی ڕێککه‌وتنێک له‌گه‌ڵ زلهێزانی جیهان مافی ناوکی ئێران ده‌پارێزێت و سزاکا نێونه‌ته‌وه‌ییکانی سه‌ر ئێران ناهێڵێت.",سه‌رۆک ئۆباما له‌ میانه‌ی وتاری هه‌فتانه‌یدا ڕایگه‌یاند ئێران قائیل بوو به‌وه‌ی ئه‌و که‌ره‌ستانه‌ عه‌مبار نه‌کات که‌ بۆ دروست کردنی چه‌کی ناوکی پێویستن.,mal,dengiamerika,Dengi Amerika,fake news,812ff5f9-3410-4986-945e-ae57b8e25a09,article,MassiveSum
https://www.dengeamerika.com/a/iraq/2424822.html,https://www.dengeamerika.com/a/iraq/2424822.html,Di Êrîşeke Şîayan de bi Dehan Sunnî li Îraqê Hatine Kuştin,,"Mîlîtanên Şîa îro Înê mizgefteke Sunnîyan Ii Bexda peqand û dû re jî teqe li ser şenîya wê kir.

Hate ragihandin ku bi kêmî ve 60 kes di encama wê êrîşê de hatine kuştin ku ew kes jibo nimêja Înê li mizgeftê bûn.

Tirs heye ku ew êrîşa kujêr hewlên asteng be, li pêş pêkanîna hikûmeteke nû ya bi pêşengîya Şîayan/

Serokwezîrê destnîşankirî Hayder el-Abadi hewil dide ku hikûmeteke yekgirtî ava bike ku tê de Sunnî û Kurd jî cîh bigirin.

Êrîşa îro ya li bajarê Baquba ya Sunnîyan qewimî ku mîlîtanên DAÎŞ lê xurt in. Baquba ji sala 2006an vir ve, gelek caran rastî tundîya mezhebî hatiye.",Hate ragihandin ku bi kêmî ve 60 kes di encama wê êrîşê de hatine kuştin ku ew kes jibo nimêja Înê li mizgeftê bûn,mal,dengeamerika,Denge Amerika,fake news,288c3a28-bb86-4c2f-96ea-1519c2567fbf,article,MassiveSum
https://www.madhyamam.com/local-news/kannur/2017/aug/14/313792,https://www.madhyamam.com/local-news/kannur/2017/aug/14/313792,ബദിയഡുക്കയിൽ എക്​സൈസ്​ ​റേഞ്ച്​ ഒാഫിസിന് അനുമതി​,,കാസർകോട്: ബദിയഡുക്കയിൽ എക്സൈസ് റേഞ്ച് ഒാഫിസിന് പുതിയ കെട്ടിടം നിർമിക്കാൻ ഒരുകോടി രൂപയുടെ പദ്ധതിക്ക് ഭരണാനുമതി ലഭിച്ചതായി എൻ.എ. നെല്ലിക്കുന്ന് എം.എൽ.എ അറിയിച്ചു. കാസർകോട്ട് എക്സൈസ് ടവർ നിർമിക്കുന്നതിന് പ്ലാനും എസ്റ്റിമേറ്റും തയാറാക്കി നൽകാൻ പൊതുമരാമത്ത് വകുപ്പിന് നിർദേശം നൽകിയതായും അദ്ദേഹം അറിയിച്ചു. നിയമസഭയിൽ എം.എൽ.എ ഉന്നയിച്ച ചോദ്യത്തിന് എക്സൈസ് മന്ത്രി ടി.പി. രാമകൃഷ്ണൻ രേഖാമൂലം നൽകിയ മറുപടിയിലാണ് ഇക്കാര്യം പറയുന്നത്.,കാസർകോട്: ബദിയഡുക്കയിൽ എക്സൈസ് റേഞ്ച് ഒാഫിസിന് പുതിയ കെട്ടിടം നിർമിക്കാൻ ഒരുകോടി രൂപയുടെ പദ്ധതിക്ക് ഭരണാനുമതി ലഭിച്ചതായി എൻ.എ. നെല്ലിക്കുന്ന് എം.എൽ.എ അറിയിച്ചു. കാസർകോട്ട് എക്സൈസ് ടവർ...,mal,madhyamam,Madhyamam,fake news,735da05c-cace-47bf-9e7a-cc2ef672ed95,article,MassiveSum
https://nra.lv/latvija/309043-diennakti-konstateti-23-covid-19-pacienti-kopejais-skaits-pieaudzis-lidz-244-papildinats.htm,https://nra.lv/latvija/309043-diennakti-konstateti-23-covid-19-pacienti-kopejais-skaits-pieaudzis-lidz-244-papildinats.htm,Diennaktī konstatēti 23 Covid-19 pacienti; kopējais skaits pieaudzis līdz 244 [papildināts],,"Jaunā koronavīrusa izraisītā slimība Covid-19 pēdējā diennaktī apstiprināta vēl 23 cilvēkiem, bet kopumā ar to valstī saslimuši 244 cilvēki, liecina Slimību profilakses un kontroles centra (SPKC) apkopotā informācija.

Iepriekšējā diennaktī veikti 817 izmeklējumi personām ar aizdomām par saslimšanu ar Covid-19, bet līdz šim kopumā Latvijā veikti 8774 Covid-19 testi.

Veselības ministre Ilze Viņķele (AP) mikroblogošanas vietnē ""Twitter"" raksta, ka stacionāros patlaban ārstējas 16 Covid-19 slimnieki un neviens no viņiem nav smagā stāvoklī.

Līdz ar to Latvijas stratēģija Covid-19 apturēšanai pamatā būtu pastiprināti pievērst uzmanību gados jaunākajiem inficētajiem, kamēr viņi nav paspējuši inficēt seniorus, skaidroja Dumpis.

Jau ziņots, ka no 13.marta līdz 14.aprīlim Latvijā saistībā ar Covid-19 vīrusu izsludināta ārkārtējā situācija, šajā laikā nosakot virkni ierobežojošu pasākumu ar mērķi ierobežot vīrusa izplatību.","Jaunā koronavīrusa izraisītā slimība Covid-19 pēdējā diennaktī apstiprināta vēl 23 cilvēkiem, bet kopumā ar to valstī saslimuši 244 cilvēki, liecina Slimību profilakses un kontroles centra (SPKC) apkopotā informācija.",mal,nra,NRA,fake news,6b346bae-de17-4c80-9529-1a6d59f28522,article,MassiveSum
https://www.madhyamam.com/local-news/malappuram/2018/aug/06/535411,,രണ്ട് ബംഗാളി യുവാക്കളെ ചാലിയാറിൽ കാണാതായി; മൂന്നുപേർ രക്ഷപ്പെട്ടു,,"ഊർങ്ങാട്ടിരി: ആദാടി പൂളക്കടവിൽ ചാലിയാറിൽ കുളിക്കാനിറങ്ങിയ രണ്ട് ബംഗാൾ സ്വദേശികളായ യുവാക്കളെ കാണാതായി. മിഹിർ ബർമ​െൻറ മകൻ ബപ്പി എന്ന ധനഞ്ജയ് ബർമൻ (21), അമൽ ബർമ​െൻറ മകൻ കാഞ്ചൻ ബർമൻ (23) എന്നിവരെയാണ് വൈകീട്ട് നാലോടുകൂടി ഒഴുക്കിൽപെട്ട് കാണാതായത്. ഇരുവരും ജോഗേന്ദ്ര നഗർ സ്വദേശികളാണ്. ഊർങ്ങാട്ടിരിയിലെ ജലനിധി പദ്ധതിയുടെ സംഭരണി നിർമാണത്തൊഴിലാളികളാണ് ഇരുവരും. ഇവരുടെകൂടെ കുളിക്കാനിറങ്ങിയ മറ്റു മൂന്ന് ബംഗാൾ സ്വദേശികൾ ഒഴുക്കിൽ പെട്ടെങ്കിലും രക്ഷപ്പെടുകയായിരുന്നു. തിരുവാലിയിൽ നിന്നെത്തിയ അഗ്നിശമന സേന വിഭാഗവും നാട്ടുകാരും തിരച്ചിൽ നടത്തിയെങ്കിലും കണ്ടെത്താനാവാതെ തിരച്ചിൽ നിർത്തുകയായിരുന്നു. തിങ്കളാഴ്ചയും തിരച്ചിൽ തുടരും.","ഊർങ്ങാട്ടിരി: ആദാടി പൂളക്കടവിൽ ചാലിയാറിൽ കുളിക്കാനിറങ്ങിയ രണ്ട് ബംഗാൾ സ്വദേശികളായ യുവാക്കളെ കാണാതായി. മിഹിർ ബർമ​െൻറ മകൻ  ബപ്പി എന്ന ധനഞ്ജയ് ബർമൻ (21), അമൽ ബർമ​െൻറ മകൻ കാഞ്ചൻ ബർമൻ (23) എന്നിവരെയാണ്...",mal,madhyamam,Madhyamam,fake news,316be13f-2d17-4051-b90f-66df86ad22fc,article,MassiveSum
https://www.15min.lt/naujiena/aktualu/nusikaltimaiirnelaimes/i-gaisra-skubejusiu-ugniagesiu-sunkvezimis-vilniuje-suminde-lengvaji-automobili-nissan-suzalotas-jo-vairuotojas-59-399214,https://www.15min.lt/naujiena/aktualu/nusikaltimaiirnelaimes/i-gaisra-skubejusiu-ugniagesiu-sunkvezimis-vilniuje-suminde-lengvaji-automobili-nissan-suzalotas-jo-vairuotojas-59-399214,"Į gaisrą skubėjusių ugniagesių sunkvežimis Vilniuje sumindė lengvąjį automobilį „Nissan“, sužalotas jo vairuotojas",,"Avarija Vilniuje įvyko ketvirtadienį apie 18 val.

Teigiama, kad ugniagesių sunkvežimis skubėjo į gaisrą, o lengvojo automobilio vairuotojas nedavė jam kelio.

Gaisrininkų autokopėčios judėjo Kalvarijų gatve miesto centro link.

Lengvasis automobilis „Nissan Almera“, kuriuo vienas važiavo maždaug 45 metų vyriškis, į sankryžą prie prekybos centro „Norfa“ išsuko iš J.Kazlausko gatvės.

Ugniagesiai važiavo greitai ir sustoti nespėjo. Sunkiasvorė specialiosios paskirties mašina sumaitojo nedidelį lengvąjį automobilį.

Iš jo išlaisvintas vyriškis buvo sužalotas, bet sąmonės neprarado. Jis skubiai perduotas medikams ir išvežtas į ligoninę.

Avarijos aplinkybes aiškinasi sostinės kelių policija. Pareigūnai nustatys, ar ugniagesiai buvo įsijungę švyturėlius, ar „Nissan“ vairuotojas įvažiavo į sankryžą degant leidžiamam šviesoforo signalui ir kitus niuansus. Tik tada bus daromos išvados apie vieno ar abiejų vairuotojų kaltę.

Policijoje užfiksuota, kad sausio 16 d. tiksliai nustatytu laiku, 18 val. 8 min., Vilniuje, Kalvarijų ir J.Kazlausko g. sankryžoje, tarnybinis automobilis „Renault Kerax 370.34“, kurį vairavo tarnybos metu uniformuotas Vilniaus apskrities priešgaisrinės gelbėjimo valdybos 3 komandos jaunesnysis puskarininkis R.V. (gimęs 1985 m.), įvažiavo į sankryžą degant raudonam šviesoforo signalui (automobilis važiavo su įjungtais šviesos ir garso signalais) bei susidūrė su automobiliu „Nissan Almera“, kurį vairavo S.N. (gimęs 1978 m.).

Eismo įvykio metu sužalotas automobilio „Nissan Almera“ vairuotojas, kuris dėl galvos traumos paguldytas į ligoninę.","Ketvirtadienio vakarą sostinės Kalvarijų gatvę sudrebino avarija. Baltupiuose, ties prekybos centru „Norfa XL“, susidūrė ugniagesių autokopėčios ir lengvasis automobilis. Į...",mal,15min,15Min,fake news,f23bdb6a-d6c8-4a24-ad27-a6050e923adc,article,MassiveSum
https://www.madhyamam.com/kerala/local-news/trivandrum/--576302,https://www.madhyamam.com/kerala/local-news/trivandrum/--576302,ലൈഫ് എന്ന പേരുകേട്ടാൽ പിണറായിക്ക് ബീഭത്സരൂപം -കെ. സുരേന്ദ്രൻ,,"തിരുവനന്തപുരം: ​െലെഫ് പദ്ധതിയെക്കുറിച്ച്​ ചോദിച്ചാൽ മുഖ്യമന്ത്രി പിണറായി വിജയന് ബീഭത്സരൂപമാണെന്ന് ബി.ജെ.പി സംസ്ഥാന അധ്യക്ഷൻ കെ. സുരേന്ദ്രൻ. മഹിള മോർച്ച സെക്ര​േട്ടറിയറ്റിലേക്ക് നടത്തിയ മാർച്ച് ഉദ്ഘാടനം ചെയ്യുകയായിരുന്നു അദ്ദേഹം. ലൈഫിനെക്കുറിച്ച് ചോദിച്ചപ്പോഴാണ് മാധ്യമപ്രവർത്തകരെ പിണറായി വിരട്ടാൻ ശ്രമിച്ചത്. മാധ്യമപ്രവർത്തകരും പ്രതിപക്ഷനേതാക്കളുമെല്ലാം സി.പി.എം നേതാക്കളെപോലെ തനിക്കുമുമ്പിൽ പഞ്ചപുച്ഛമടക്കി നിൽക്കുമെന്ന് പിണറായി കരു​േതണ്ട. പ്രളയത്തി​ൻെറ മറവിൽ വിദേശത്തുനിന്ന്​ കേരളത്തിലേക്ക് കണക്കിൽപെടാത്ത ധാരാളം പണം എത്തിയിട്ടുണ്ട്. ഇക്കാര്യങ്ങൾ സി.ബി.ഐ അന്വേഷിക്കാൻ പോവുകയാണ്. ഇത് മനസ്സിലാക്കിയാണ് മുഖ്യമന്ത്രി വിജിലൻസ് അന്വേഷണം പ്രഖ്യാപിച്ചത്. എല്ലാ അഴിമതി ആരോപണങ്ങളുടെയും കുന്തമുന മുഖ്യമന്ത്രിയുടെ ഓഫിസിലേക്കാണ് തിരിയുന്നത്. ലൈഫ് പദ്ധതിയെയല്ല അഴിമതിയെയാണ് ബി.ജെ.പി എതിർക്കുന്നതെന്നും സുരേന്ദ്രൻ പറഞ്ഞു. മഹിള മോർച്ച ജില്ല വൈസ്പ്രസിഡൻറ്​ സന്ധ്യാ ശ്രീകുമാർ അധ്യക്ഷത വഹിച്ചു. ബി.ജെ.പി ജില്ല പ്രസിഡൻറ്​ വി.വി. രാജേഷ്, സംസ്ഥാന സെക്രട്ടറി സി. ശിവൻകുട്ടി, സംസ്ഥാന വൈസ്​ പ്രസിഡൻറ്​ വി.ടി. രമ, മഹിള മോർച്ച സംസ്ഥാന പ്രസിഡൻറ്​ നിവേദിത സുബ്രഹ്മണ്യം, സംസ്ഥാന ജനറൽ സെക്രട്ടറി രാഗേന്ദു ആർ.ബി, ജില്ല ജനറൽ സെക്രട്ടറി ജയാരാജീവ് എന്നിവർ സംസാരിച്ചു.",ലൈഫ് എന്ന പേരുകേട്ടാൽ പിണറായിക്ക് ബീഭത്സരൂപം -കെ. സുരേന്ദ്രൻ,mal,madhyamam,Madhyamam,fake news,12fd70a3-898b-45b4-b287-597b2958d213,article,MassiveSum
https://www.madhyamam.com/news/224122/130506,,മന്ത്രിമാരുടെ രാജിക്കായി ബഹളം; സഭ സ്തംഭിച്ചു,,"ന്യൂദൽഹി: റെയിൽവേ മന്ത്രി പവൻകുമാ൪ ബൻസലിൻെറയും നിയമമന്ത്രി അശ്വിനികുമാറിൻെറയും രാജി ആവശ്യപ്പെട്ടുള്ള പ്രതിപക്ഷ ബഹളത്തിൽ പാ൪ലമെൻറ് തിങ്കളാഴ്ച സ്തംഭിച്ചു. മുഖ്യപ്രതിപക്ഷമായ ബി.ജെ.പിയും ഇടതുപാ൪ട്ടികളും മന്ത്രിയുടെ രാജി ആവശ്യപ്പെട്ട് നടുത്തളത്തിലിറങ്ങി. ഇതേതുട൪ന്ന് ലോക്സഭയും രാജ്യസഭയും രാവിലെ രണ്ടുവട്ടം നി൪ത്തിവെക്കേണ്ടി വന്നു. ഉച്ചക്കുശേഷം ചേ൪ന്നപ്പോഴും ബഹളം ആവ൪ത്തിച്ചു. ഭക്ഷ്യസുരക്ഷാ ബില്ലും ഭൂമി ഏറ്റെടുക്കൽ പുനരധിവാസ ബില്ലും ലോക്സഭയുടെ അജണ്ടയിൽ ഉണ്ടായിരുന്നുവെങ്കിലും പ്രതിപക്ഷ ബഹളം കാരണം പാസാക്കാനായില്ല. അതിനിടെ, 2ജി കേസ് അന്വേഷിക്കുന്ന പി.സി ചാക്കോ ചെയ൪മാനായ ജെ.പി.സിയുടെ കാലാവധി നീട്ടാനുള്ള പ്രമേയം ലോക്സഭ പാസാക്കി. സിഖ് കൂട്ടക്കൊല കേസിൽ സജ്ജൻകുമാറിനെ കുറ്റവിമുക്തനാക്കിയ വിധിക്കെതിരെ അപ്പീൽ നൽകണമെന്ന ആവശ്യമുന്നയിച്ചാണ് അകാലിദൾ എം.പിമാ൪ നടുത്തളത്തിലിറങ്ങിയത്. കഴിഞ്ഞ ദിവസങ്ങളിൽ ലഡാക്കിലെ ചൈനീസ് കടന്നുകയറ്റത്തിനെതിരെ ക൪ശന നടപടി ആവശ്യപ്പെട്ട് സഭ തടസ്സപ്പെടുത്തിയ സമാജ്വാദി പാ൪ട്ടി സച്ചാ൪ കമ്മിറ്റി റിപ്പോ൪ട്ട് നടപ്പാക്കണമെന്ന് ആവശ്യപ്പെട്ടാണ് തിങ്കളാഴ്ച ബഹളമുണ്ടാക്കിയത്. മന്ത്രിമാരുടെ രാജിയില്ലാതെ പാ൪ലമെൻറ് പ്രവ൪ത്തിക്കാൻ അനുവദിക്കില്ലെന്ന് പ്രതിപക്ഷ നേതാവ് സുഷമ സ്വരാജ് പറഞ്ഞു. അഴിമതിക്കാരെ സംരക്ഷിച്ച് മുന്നോട്ടുപോകാൻ പ്രതിപക്ഷം അനുവദിക്കില്ലെന്നും രാജ്യസഭയിലെ പ്രതിപക്ഷ നേതാവ് അരുൺ ജെയ്റ്റ്ലി വ്യക്തമാക്കി. അന്വേഷണം നടന്നുകൊണ്ടിരിക്കുന്ന സാഹചര്യത്തിൽ റെയിൽവേ മന്ത്രി ബൻസൽ രാജിവെക്കേണ്ടതില്ലെന്ന് കോൺഗ്രസ് വക്താവ് ജനാ൪ദൻ ദ്വിവേദി പറഞ്ഞു.",ന്യൂദൽഹി: റെയിൽവേ മന്ത്രി പവൻകുമാ൪ ബൻസലിൻെറയും നിയമമന്ത്രി അശ്വിനികുമാറിൻെറയും രാജി ആവശ്യപ്പെട്ടുള്ള പ്രതിപക്ഷ ബഹളത്തിൽ പാ൪ലമെൻറ് തിങ്കളാഴ്ച സ്തംഭിച്ചു. മുഖ്യപ്രതിപക്ഷമായ ബി.ജെ.പിയും...,mal,madhyamam,Madhyamam,fake news,5b91a121-3ce0-4dce-9e3a-e9716adff231,article,MassiveSum
https://www.madhyamam.com/local-news/wayanad/2016/feb/16/178603,,ബസില്‍ കടത്തുകയായിരുന്ന രണ്ടു കിലോ കഞ്ചാവ് പിടികൂടി,,"തിരുനെല്ലി: ബസില്‍ ഒളിപ്പിച്ച് കടത്തുകയായിരുന്ന രണ്ട് കിലോ കഞ്ചാവ് പിടികൂടി. എക്സൈസ് നടത്തിയ വാഹന പരിശോധനക്കിടെ തിങ്കളാഴ്ച പുലര്‍ച്ചെ തോല്‍പെട്ടി ചെക്പോസ്റ്റില്‍ വെച്ചാണ് എക്സൈസ് സംഘം പിടികൂടിയത്. ഇരിട്ടി സ്വദേശികളായ കിഴക്കോണ്‍ പുതുപ്പള്ള ജെല്‍സണ്‍ (39), മോമ്പാരത്തടിയില്‍ നൗഷാദ് (42), പുതിയപുരയില്‍ അബ്ദുല്‍ ഖാദര്‍ (45) എന്നിവരെയാണ് പിടികൂടിയത്. ആന്ധ്രയില്‍ നിന്നാണ് ഇവര്‍ കഞ്ചാവ് കൊണ്ടുവന്നത്. ജെല്‍സണ്‍ മുമ്പ് കഞ്ചാവ് കടത്തിയതിന് ജയില്‍ ശിക്ഷ അനുഭവിച്ചിട്ടുണ്ട്. ഇരിട്ടിയിലത്തെിച്ച് ചില്ലറ വില്‍പന നടത്തുകയായിരുന്നു ലക്ഷ്യം. എക്സൈസ് ഇന്‍സ്പെക്ടര്‍ പി.എ. ജോസഫ്, സി.ഇ.ഒമാരായ സുധീഷ്, ദിനേശ്, സനല്‍കുമാര്‍ എന്നിവര്‍ ചേര്‍ന്നാണ് കഞ്ചാവ് പിടികൂടിയത്.",തിരുനെല്ലി: ബസില്‍ ഒളിപ്പിച്ച് കടത്തുകയായിരുന്ന രണ്ട് കിലോ കഞ്ചാവ് പിടികൂടി. എക്സൈസ് നടത്തിയ വാഹന പരിശോധനക്കിടെ തിങ്കളാഴ്ച പുലര്‍ച്ചെ തോല്‍പെട്ടി ചെക്പോസ്റ്റില്‍ വെച്ചാണ് എക്സൈസ് സംഘം...,mal,madhyamam,Madhyamam,fake news,1e773c07-20a3-4d77-a2ea-02d7c0ffae91,article,MassiveSum
https://www.dengiamerika.com/a/4346426.html,https://www.dengiamerika.com/a/4346426.html,ده‌قی وتووێژه‌كه‌ی به‌شی كوردی ده‌نگی ئه‌مریكا له‌گه‌ڵ مامۆستا حوسێن ڕابی,,ده‌قی وتووێژه‌كه‌ی به‌شی كوردی ده‌نگی ئه‌مریكا له‌گه‌ڵ مامۆستا حوسێن ڕابی,ده‌قی وتووێژه‌كه‌ی به‌شی كوردی ده‌نگی ئه‌مریكا له‌گه‌ڵ مامۆستا حوسێن ڕابی,mal,dengiamerika,Dengi Amerika,fake news,9e754de2-b106-4fb7-8cd2-f221b2191981,article,MassiveSum
https://www.dengiamerika.com/a/4360455.html,https://www.dengiamerika.com/a/4360455.html,دە خوله‌کی یه‌که‌می کاژمێری سێـیه‌م,,سه‌ره‌تای به‌رنامه‌ و چه‌ند هه‌واڵێـک,سه‌ره‌تای به‌رنامه‌ و چه‌ند هه‌واڵێـک,mal,dengiamerika,Dengi Amerika,fake news,bf07b610-d230-4991-b895-a3bdc5f95092,article,MassiveSum
https://lao.voanews.com/a/2079795.html,https://lao.voanews.com/a/2079795.html,World News in Lao,,ອ່ານແລະຟັງຂ່າວ ກ່ຽວກັບປະເທດລາວ ເອເຊຍ ອາເມຣິກາ ແລະໂລກ. ນອກນັ້ນ ວີໂອເອລາວຍັງນໍາສະເໜີລາຍງານທີ່ລົງເລິກ ກ່ຽວກັບເລື້ອງຕ່າງໆທີ່ຢູ່ໃນຂ່າວ ແລະຄວາມກ້າວໜ້າດ້ານການແພດ ສຸຂະພາບ ອະນາໄມ ເສດຖະກິດ ການກະເສດ ວິທະຍາສາດແລະເທັກໂນໂລຈີ ຕະຫລອດທັງລາຍການດົນຕີ ແລະຊີວິດຊາວລາວໃນຕ່າງແດນ.,ອ່ານແລະຟັງຂ່າວ ກ່ຽວກັບປະເທດລາວ ເອເຊຍ ອາເມຣິກາ ແລະໂລກ. ນອກນັ້ນ ວີໂອເອລາວຍັງນໍາສະເໜີລາຍງານທີ່ລົງເລິກ ກ່ຽວກັບເລື້ອງຕ່າງໆທີ່ຢູ່ໃນຂ່າວ ແລະຄວາມກ້າວໜ້າດ້ານການແພດ ສຸຂະພາບ ອະນາໄມ ເສດຖະກິດ ການກະເສດ ວິທະຍາສາດແລະເທັກໂນໂລຈີ ຕະຫລອດທັງລາຍການດົນຕີ ແລະຊີວິດຊາວລາວໃນຕ່າງແດນ.,mal,voanews,VOA News,fake news,c8c01eda-4f01-4d73-a844-d43ba5bd6016,article,MassiveSum
https://lao.voanews.com/a/far-right-lieberman-named-israeli-defense-minister/3346809.html,https://lao.voanews.com/a/far-right-lieberman-named-israeli-defense-minister/3346809.html,ທ່ານ Netanyahu ຮັບເອົາຜູ້ນຳ ​ຫົວຊາດນິຍົມຈັດ ເຂົ້າຮ່ວມລັດຖະບານ,,ທ່ານ Netanyahu ກ່າວວ່າ ”ຂ້າພະ​ເຈົ້າ​ໃຫ້​ຄວາມ​ສຳຄັນ​ກັບ​ປະສົບ​ການ​ຂອງ​ທ່ານ. ພວກ​ເຮົາ​ເຄີຍ​ໄດ້​ປະສານ​ງານ​ຮ່ວມ​ກັນ​ມາ​ກ່ອນ ​ເພື່ອ​ປົກ​ປັກຮັກສາຄວາມ​ປອດ​ໄພ​ແລະ​ຄວາມ​ຢູ່​ເຢັນ ​ເປັນ​ສຸກ​ຂອງ​ປະຊາຊົນ​ຊາວ Israel.”,ທ່ານ Netanyahu ກ່າວວ່າ ”ຂ້າພະ​ເຈົ້າ​ໃຫ້​ຄວາມ​ສຳຄັນ​ກັບ​ປະສົບ​ການ​ຂອງ​ທ່ານ. ພວກ​ເຮົາ​ເຄີຍ​ໄດ້​ປະສານ​ງານ​ຮ່ວມ​ກັນ​ມາ​ກ່ອນ ​ເພື່ອ​ປົກ​ປັກຮັກສາຄວາມ​ປອດ​ໄພ​ແລະ​ຄວາມ​ຢູ່​ເຢັນ ​ເປັນ​ສຸກ​ຂອງ​ປະຊາຊົນ​ຊາວ Israel.”,mal,voanews,VOA News,fake news,8ab08f45-7c74-4fb5-81b8-aa7fa38ad53f,article,MassiveSum
https://www.madhyamam.com/health/general-disease/blood-pressure-bp/aware-about-blood-pressure-health-news/2018/apr/27/475246,,ഇൗ നിശബ്​ദ കൊലയാളിയെ സൂക്ഷിക്കുക,,"നി​ശ്ശ​ബ്ദ​നാ​യ കൊ​ല​യാ​ളി എ​ന്ന് വി​ശേ​ഷി​പ്പി​ക്ക​പ്പെ​ടാ​വു​ന്ന ര​ക്​​ത​സ​മ്മ​ർ​ദം പേ​ര് സൂ​ചി​പ്പി​ക്കു​ന്ന​തുപോ​ലെ ഒ​രു മു​ന്ന​റി​യി​പ്പു​മി​ല്ലാ​തെ​യാ​ണ് ക​ട​ന്നുവ​രു​ന്ന​ത്. ര​ക്​ത​​ക്കു​ഴ​ലു​ക​ളി​ലൂ​ടെ ര​ക്​ത​ം പ്ര​വ​ഹി​ക്കു​മ്പോ​ൾ ര​ക്​ത​​ക്കു​ഴ​ലു​ക​ളി​ലു​ണ്ടാ​കു​ന്ന സ​മ്മ​ർ​ദമാ​ണി​ത്. ലോ​ക​മെ​മ്പാ​ടും 1.13 മി​ല്യ​ൺ ജ​ന​ങ്ങ​ളെ​യും ഈ ​അ​സു​ഖം ബാ​ധി​ച്ചി​രി​ക്കു​ന്ന​താ​യി​ട്ടാ​ണ് പ​ഠ​ന​ങ്ങ​ൾ സൂ​ചി​പ്പി​ക്കു​ന്ന​ത്. സോ​ഷ്യ​ൽ മീ​ഡി​യ ഉ​ൾ​പ്പെ​ടെ വി​വ​ര​വി​നി​മ​യോ​പാ​ധി​ക​ൾ ആ​ളു​ക​ളെ ഇ​ത്ര​യും സ്വാ​ധീ​നി​ച്ചി​ട്ടും ഇ​പ്പോ​ഴും ര​ക്​ത​​സ​മ്മ​ർ​ദ​ത്തെ​ക്കു​റി​ച്ചോ രോ​ഗാ​വ​സ്​​ഥ​യെ​ക്കു​റി​ച്ചോ ജ​ന​ങ്ങ​ൾ​ക്ക് ഒര​റി​വു​മി​ല്ല എ​ന്ന​താ​ണ് വാ​സ്​​ത​വം.

അ​വ​ഗ​ണി​ക്ക​രു​ത്​ ര​ക്​​ത​സ​മ്മ​ർ​ദ​ത്തെ രോ​ഗ​മു​ണ്ടെ​ന്ന് തി​രി​ച്ച​റി​ഞ്ഞാ​ലും പ​ല​രും അ​ത് അ​വ​ഗ​ണി​ക്കു​ക​യാ​ണ്. രോ​ഗ​മു​ള്ള​വ​രി​ൽ പ​കു​തി​യോ​ളം പേ​ർ മാ​ത്ര​മാ​ണ് ബി.​പി​യെ നി​യ​ന്ത്രി​ച്ചു നി​ർ​ത്തു​ന്നു​ള്ളൂ. രോ​ഗം തി​രി​ച്ച​റി​യു​ന്ന സ​മ​യ​ത്തുത​ന്നെ ഇ​തി​ന് വേ​ണ്ട​ത്ര ശ്ര​ദ്ധ കൊ​ടു​ത്തി​ല്ലെ​ങ്കി​ൽ ഇ​ത് ഹൃ​ദ​യാ​ഘാ​തം, പ​ക്ഷാ​ഘാ​തം, ക​ണ്ണി​ലെ ഞ​ര​മ്പു​ക​ളെ ബാ​ധി​ക്കു​ന്ന രോ​ഗം, ത​ല​ച്ചോ​റി​ലെ ചെ​റു​ര​ക്​​ത​​ക്കു​ഴ​ലു​ക​ളി​ലെ ര​ക്​ത​​സ്രാ​വം മൂ​ല​മു​ള്ള ഓ​ർ​മക്കു​റ​വ്, വൃ​ക്ക​യെ​ ബാ​ധി​ക്കു​ന്ന നെേ​ഫ്രാ​പ്പ​തി എ​ന്നി​ങ്ങ​നെ പ​ല രോ​ഗ​ങ്ങ​ളി​ലേ​ക്ക് ന​യി​ക്കു​ന്നു. ഹൃ​ദ​യം സ​ങ്കോ​ചി​ച്ച് ര​ക്​ത​​ത്തെ ശ​ക്​ത​മാ​യി പു​റ​ത്തേ​ക്ക് ത​ള്ളു​ന്ന​താ​ണ് ര​ക്​ത​​സ​മ്മ​ർ​ദ​ത്തി​നു പ്ര​ധാ​ന കാ​ര​ണം. ലോ​ക​ത്ത് ര​ക്​ത​​സ​മ്മ​ർ​ദ​മു​ള്ള​വ​രി​ൽ 20 ശ​ത​മാ​നം ഇ​ന്ത്യ​യി​ലാ​ണെ​ന്നാ​ണ് ക​ണ​ക്കു​ക​ൾ സൂ​ചി​പ്പി​ക്കു​ന്ന​ത്.

ര​ക്​ത​​സ​മ്മ​ർ​ദ​ത്തെ​ക്കു​റി​ച്ചു​ള്ള ശാ​സ്​​ത്രീ​യ നി​ഗ​മ​ന​ങ്ങ​ൾ ആ​ദ്യം തെ​ളി​യി​ക്ക​പ്പെ​ട്ട​ത് കു​തി​ര​യി​ൽ ന​ട​ത്തി​യ അ​പ​ക​ട​ക​ര​മാ​യ ഒ​രു പ​രീ​ക്ഷ​ണ​ത്തി​ലൂ​ടെ​യാ​ണ്. കു​തി​ര​യു​ടെ ക​ഴു​ത്തി​ലെ ധ​മ​നി​യി​ൽ നീ​ള​മേ​റി​യ ഒ​രു ഗ്ലാ​സ്​ കു​ഴ​ൽ കു​ത്തി​യി​റ​ക്കി​യാ​ണ് ബി.​പി​യെ​ക്കു​റി​ച്ചു​ള്ള ആ​ദ്യ ശാ​സ്​​ത്രീ​യ നി​ഗ​മ​ന​ങ്ങ​ൾ രൂ​പ​പ്പെ​ടു​ത്തി​യ​ത്. എ​ന്നാ​ൽ, മ​നു​ഷ്യ​രി​ലെ ബി.​പി അ​ള​ക്കു​ന്ന​തി​ന് ര​സം ഉ​പ​യോ​ഗി​ച്ചു​ള്ള സ്​​ഫിഗ്​േമാ​മാ​നോ​മീ​റ്റ​ർ ക​ണ്ടെ​ത്തി​യ​ത് 89ൽ ​മാ​ത്ര​മാ​ണ്. ര​ക്​ത​​സ​മ്മ​ർ​ദം കൂ​ടു​ന്ന​തുകൊ​ണ്ട് ര​ക്​ത​​ക്കു​ഴ​ലിെ​ൻറ ഭി​ത്തി​ക​ൾ ത​ടി​ച്ചു​വീ​ർ​ക്കും എ​ന്ന് ക​ണ്ടെ​ത്തി​യ​ത് ഡോ.​ റി​ച്ചാ​ർ​ഡ് ൈബ്ര​റ്റ് ആ​ണ്.

ര​ക്​ത​​സ​മ്മ​ർ​ദ​ത്തി​ന് പ്ര​ധാ​ന കാ​ര​ണം ഹൃ​ദ​യം ചു​രു​ങ്ങി ര​ക്​​ത​​ത്തെ മ​ഹാ​ധ​മ​നി​യി​ലേ​ക്ക് ശ​ക്​​ത​മാ​യി പ​മ്പ് ചെ​യ്യു​ന്ന​താ​ണ് ര​ക്​​ത​​സ​മ്മ​ർ​ദ​ത്തി​ന് പ്ര​ധാ​ന കാ​ര​ണം. ശ​രീ​ര​ത്തിെ​ൻറ എ​ല്ലാ ഭാ​ഗ​ങ്ങ​ളി​ലു​മാ​യി കോ​ടാ​നു​കോ​ടി സൂ​ക്ഷ്​മ​ര​ക്​​ത​​ലോ​മി​ക​ക​ളാ​ണു​ള്ള​ത്. സൂ​ക്ഷ്മ​ര​ക്​ത​​ക്കു​ഴ​ലു​ക​ൾ സ​ങ്കോ​ചി​ച്ചി​രു​ന്നാ​ൽ മാ​ത്ര​മേ ര​ക്​ത​​ക്കു​ഴ​ലു​ക​ളി​ൽ ആ​വ​ശ്യ​ത്തി​ന് ര​ക്​ത​​സ​മ്മ​ർ​ദം ഉ​ണ്ടാ​വു​ക​യു​ള്ളൂ. സാ​ധാ​ര​ണ​ഗ​തി​യി​ൽ ശ​രീ​ര​ത്തി​ലെ കു​റെ ആ​ർ​ട്ടീ​രി​യോ​ളു​ക​ളും അ​ട​ഞ്ഞ നി​ല​യി​ൽ​ത്ത​ന്നെ​യാ​ണ് ഉ​ണ്ടാ​വു​ക. വി​ക​സി​ച്ച​വ​യും ഉ​ണ്ടാ​കും. കൂ​ടു​ത​ൽ ആ​ർ​ട്ടീ​രി​യോ​ളു​ക​ളു​ടെ ഈ ​വി​കാ​സ​ത്തോ​തി​നെ പെ​രി​ഫ​റ​ൽ റ​സി​സ്​റ്റ​ൻ​സ്​ എ​ന്നാ​ണ് പ​റ​യു​ന്ന​ത്. ര​ക്​​ത​​സ​മ്മ​ർ​ദം നി​യ​ന്ത്രി​ക്കു​ന്ന​ത് ഈ ​പെ​രി​ഫ​റ​ൽ റെ​സി​സ്​റ്റ​ൻ​സാ​ണ്. ര​ക്​ത​​സ​മ്മ​ർ​ദം ഇ​ങ്ങ​നെ​യൊ​ക്കെ​യാ​ണെ​ങ്കി​ലും ജീ​വ​​െൻറ തു​ടി​പ്പ് നി​ല​നി​ർ​ത്തു​ന്ന​ത് ര​ക്​ത​​സ​മ്മ​ർ​ദ​മാ​ണ്. ഇ​ത് ഒ​രു​പ​രി​ധി​യി​ല​ധി​ക​മാ​കു​മ്പോ​ൾ മാ​ത്ര​മാ​ണ് രോ​ഗാ​വ​സ്​​ഥ​യാ​കു​ന്ന​ത്.

ല​ക്ഷ​ണ​ങ്ങ​ൾ പ്ര​ക​ട​മാ​കി​ല്ല സാ​ധാ​ര​ണ​നി​ല​യി​ൽ ല​ക്ഷ​ണ​ങ്ങ​ൾകൊ​ണ്ട്​ ക​ണ്ടെ​ത്താ​ൻ ക​ഴി​യാ​ത്ത​താ​ണ് ര​ക്​ത​​സ​മ്മ​ർ​ദം. അ​താ​യ​ത്, ഇ​തി​െ​ൻറ ല​ക്ഷ​ണ​ങ്ങ​ൾ പ​ല​തും പ്ര​ക​ട​മാ​കി​ല്ല. അ​തു​കൊ​ണ്ടുത​ന്നെ ര​ക്​​ത​​സ​മ്മ​ർ​ദം വ​ല്ലാ​തെ കൂ​ടി ഏ​തെ​ങ്കി​ലും അ​വ​യ​വ​ങ്ങ​ളെ ബാ​ധി​ക്കു​ന്ന രീ​തി​യി​ൽ അ​പ​ക​ടാ​വ​സ്​​ഥ​യി​ലെ​ത്തു​മ്പോ​ഴാ​ണ് ര​ക്​ത​​സ​മ്മ​ർ​ദ​മാ​ണെ​ന്ന് മ​ന​സ്സി​ലാ​കു​ന്ന​ത്. അ​പ്പോ​ഴേ​ക്കും ചി​കി​ത്സ ഫ​ലി​ക്കാ​ത്ത നി​ല​യി​ലെ​ത്തി​യി​ട്ടു​ണ്ടാ​വും. 120/80 ആ​ണ് പൊ​തു​വെ അം​ഗീ​ക​രി​ച്ചിട്ടുള്ള സു​ര​ക്ഷി​ത​മാ​യ ര​ക്​ത​​സ​മ്മ​ർ​ദം. ഇ​ത് 129/89 എ​ന്ന​തി​ലേ​ക്ക് നീ​ങ്ങു​ന്നു​വെ​ങ്കി​ൽ അ​മി​ത ര​ക്​​ത​​സ​മ്മ​ർ​ദം എ​ന്ന രോ​ഗാ​വ​സ്​​ഥ​യി​ലേ​ക്ക് നീ​ങ്ങു​ന്ന​തിെ​ൻറ ല​ക്ഷ​ണ​മാ​ണ്.

സാ​ധാ​ര​ണ​നി​ല​യി​ൽ ത​ല​വേ​ദ​ന ര​ക്​ത​​സ​മ്മ​ർ​ദ​ത്തിെ​ൻറ ല​ക്ഷ​ണ​മാ​വ​ണ​മെ​ന്നി​ല്ല. എ​ന്നാ​ൽ, ന​മ്മ​ൾ അ​വ​ഗ​ണി​ക്കു​ന്ന ത​ല​വേ​ദ​ന ചി​ല സ​മ​യ​ത്ത് ര​ക്​ത​​സ​മ്മ​ർ​ദ​ത്തിെ​ൻറ ല​ക്ഷ​ണ​മാ​കും. ത​ല​ച്ചോ​റി​ലേ​ക്കു​ള്ള ഓ​ക്സി​ജ​െ​ൻറ അ​ള​വി​ൽ കു​റ​വ് സം​ഭ​വി​ക്കു​മ്പോ​ഴാ​ണ് ഇ​ത്ത​ര​ത്തി​ൽ ത​ല​വേ​ദ​ന​യു​ണ്ടാ​കു​ന്ന​ത്. മൂ​ക്കി​ൽനി​ന്ന്​ ര​ക്​​ത​ം വ​രു​ന്ന​തും ര​ക്​​ത​​സ​മ്മ​ർ​ദ​ത്തിെ​ൻറ പ്ര​ക​ട​മാ​യ ല​ക്ഷ​ണ​ങ്ങ​ളി​ലൊ​ന്നാ​ണ്. ക​ണ്ണു​ക​ളി​ലെ വേ​ദ​ന​യിൽ ന​മ്മ​ൾ പ​ല​പ്പോ​ഴും ക​മ്പ്യൂ​ട്ട​റി​നെ കു​റ്റം പ​റ​യാ​റാ​ണ് പ​തി​വ്. എ​ന്നാ​ൽ, ന​മ്മ​ൾ അ​വ​ഗ​ണി​ക്കു​ന്ന ഈ ​വേ​ദ​ന ര​ക​്​ത​​സ​മ്മ​ർ​ദം ഉ​യ​രു​ന്ന​തിെ​ൻറ സൂ​ച​ന​യാ​വാം. ശാ​രീ​രി​ക​വും മാ​ന​സി​ക​വു​മാ​യ ക്ഷീ​ണം എ​പ്പോ​ഴും ഉ​ണ്ടാ​വു​ന്ന​ത് ര​ക്​ത​​സ​മ്മ​ർ​ദം ഉ​യ​ർ​ന്ന തോ​തി​ലാ​ണ് എ​ന്ന​തിെ​ൻറ ല​ക്ഷ​ണ​മാ​ണ്. പ​ല​പ്പോ​ഴും നെ​ഞ്ചു​വേ​ദ​ന​യെ​യും ചു​മ​യെ​യും ഹൃ​ദ​യ​വു​മാ​യി ബ​ന്ധ​പ്പെ​ട്ട അ​സു​ഖ​മാ​യി​ട്ടാ​ണ് ക​ണ​ക്കാ​ക്കാ​റു​ള്ള​ത്. എ​ന്നാ​ൽ, ഇ​ത് ര​ക​്​ത​​സ​മ്മ​ർദത്തിെ​ൻറ ല​ക്ഷ​ണ​മാ​യും പ്ര​ക​ട​മാ​കാ​റു​ണ്ട്്. ര​ക​്​ത​​സ​മ്മ​ർ​ദ പ​രി​ശോ​ധ​ന​യി​ലൂ​ടെ മാ​ത്ര​മേ ഇ​തിെ​ൻറ അ​ള​വും ഗൗ​ര​വ​വും ക​ണ്ടെ​ത്താ​നാ​കൂ.

ജീ​വി​ത​ശൈ​ലി കാ​ര​ണ​മാ​കും പു​ത്ത​ൻ ജീ​വി​ത​ശൈ​ലി​യു​ടെ ഫ​ല​മെ​ന്നോ​ണം ക​ട​ന്നു​വ​ന്ന ഈ ​നി​ശ്ശബ്ദ​കൊ​ല​യാ​ളി​യെ ശ്ര​ദ്ധ​യോ​ടെ കൈ​കാ​ര്യം ചെ​യ്താ​ൽ, അ​താ​യ​ത്, ജീ​വി​ത​ശൈ​ലി​യി​ലും ഭ​ക്ഷ​ണ​ക്ര​മ​ത്തി​ലും മാ​റ്റം വ​രു​ത്തി​യാ​ൽ ഈ ​അ​സു​ഖ​ത്തെ ഭ​യ​പ്പെ​ടാ​തെ ജീ​വി​ക്കാ​വു​ന്ന​താ​ണ്. പു​ക​വ​ലി, അ​മി​ത മ​ദ്യ​പാ​നം, പൊ​ണ്ണ​ത്ത​ടി, വ്യാ​യാ​മ​ക്കു​റ​വ്, പ്രാ​യം എ​ന്നി​വ ഉ​യ​ർ​ന്ന ര​ക്​ത​​സ​മ്മ​ർ​ദ​ത്തി​ന് കാ​ര​ണ​മാ​ണ്. ര​ക്​ത​​സ​മ്മ​ർ​ദ​ത്തി​ന് മാ​ന​സി​ക​പി​രി​മു​റു​ക്ക​വും കാ​ര​ണ​മാ​കാ​റു​ണ്ട്. എ​ന്നാ​ൽ, മാ​ന​സി​ക പി​രി​മു​റു​ക്ക​മു​ണ്ടാ​വു​മ്പോ​ൾ താ​ൽ​ക്കാ​ലി​ക​മാ​യി ര​ക്​ത​​സ​മ്മ​ർ​ദം ഉ​യ​രു​ക​യാ​ണ് ചെ​യ്യു​ന്ന​ത്.

രോ​ഗാ​വ​സ്​​ഥ​യു​ടെ തു​ട​ക്ക​ത്തി​ൽത​ന്നെ രോ​ഗം തി​രി​ച്ച​റി​ഞ്ഞാ​ൽ വ്യാ​യാ​മ​ത്തി​ലൂ​ടെ​യും (ഡോ​ക്ട​റു​ടെ നി​ർ​ദേ​ശ​പ്ര​കാ​രം) മ​ദ്യ​പാ​നം, പു​ക​വ​ലി എ​ന്നി​വ ഒ​ഴി​വാ​ക്കി​യും ഉ​പ്പിെ​ൻറ ഉ​പ​യോ​ഗം കു​റ​ച്ചുകൊ​ണ്ടും മ​രു​ന്നി​ല്ലാ​തെ രോ​ഗം നി​യ​ന്ത്രി​ക്കാം. എ​ന്നാ​ൽ, മ​രു​ന്ന് ഉ​പ​യോ​ഗി​ച്ചു തു​ട​ങ്ങു​ന്ന ഘ​ട്ട​മാ​ണെ​ങ്കി​ൽ മ​രു​ന്ന്​ ക​ഴി​ക്കു​ക​യും ഒ​പ്പം ഡോ​ക്ട​റു​ടെ വി​ദ​ഗ്ധ ​നി​ർ​ദേ​ശം പാ​ലി​ക്കു​ക​യും ജീ​വി​ത​ശൈ​ലീ ക്ര​മീ​ക​ര​ണം തു​ട​രു​ക​യും വേ​ണം. ജീ​വി​ത​ശൈ​ലീ ക്ര​മീ​ക​ര​ണം എ​ന്നാ​ൽ ന​മ്മു​ടെ ജീ​വി​ത​ച​ര്യ​യി​ൽ ചിട്ട​യും ക്ര​മ​വും ഉ​ണ്ടാ​ക്കു​ക എ​ന്ന​താ​ണ്. ഇ​ത് ന​മ്മു​ടെ ജീ​വി​ത​ത്തെ ആ​രോ​ഗ്യ​ക​ര​മാ​ക്കു​ക​യാ​ണ് ചെ​യ്യു​ന്ന​ത്. അ​മി​ത ര​ക്​​ത​​സ​മ്മ​ർ​ദ​മു​ള്ള​വ​ർ ഭ​ക്ഷ​ണ​ത്തിെ​ൻറ അ​ള​വ്​ നി​യ​ന്ത്രി​ക്കു​ക​, ഉ​പ്പിെ​ൻറ ഉ​പ​യോ​ഗം മി​ത​മാ​ക്കു​ക, കൊ​ഴു​പ്പ് കു​റ​ക്കു​ക, വ​റു​ത്ത ഭ​ക്ഷ​ണ​സാ​ധ​ന​ങ്ങ​ൾ ഒ​ഴി​വാ​ക്കു​ക, വ്യാ​യാ​മം പ​തി​വാ​ക്കു​ക, പു​ക​വ​ലി​യും മ​ദ്യ​പാ​ന​വും ഉ​പേ​ക്ഷി​ക്കു​ക, മനസ്സിന്​ സ​ന്തോ​ഷ​മു​ള്ള പ്ര​വൃ​ത്തി​ക​ളി​ൽ ഏ​ർ​പ്പെ​ടു​ക, സ​മ​യാസ​മ​യ​ങ്ങ​ളി​ൽ വൈ​ദ്യ​പ​രി​ശോ​ധ​ന ന​ട​ത്തു​ക എ​ന്നി​വ​യി​ലൂ​ടെ ര​ക്​​ത​​സ​മ്മ​ർ​ദ​ത്തെ നി​യ​ന്ത്രി​ച്ചുനി​ർ​ത്തേ​ണ്ട​താ​ണ്.

ആ​ധു​നി​ക​യു​ഗ​ത്തി​ൽ പ്രാ​യ​ഭേ​ദ​മ​ന്യേ ക​ട​ന്നുവ​രു​ന്ന ഈ ​നി​ശ്ശബ്​ദ കൊ​ല​യാ​ളി​യെ അ​തി​ജീ​വി​ക്കാ​ൻ ജീ​വി​ത​ശൈ​ലീ ക്ര​മീ​ക​ര​ണം പി​ന്തു​ട​രേ​ണ്ട​താ​ണ്. രോ​ഗം വ​ന്ന് ചി​കി​ത്സി​ക്കു​ന്ന​തി​നെ​ക്കാ​ൾ രോ​ഗം വ​രാ​തി​രി​ക്കു​ന്ന​താ​ണ് ന​ല്ല​തെ​ന്ന ന​യം പി​ന്തു​ട​രു​ന്ന​തും മ​ര​ണ​ത്തി​ലേ​ക്ക് വ​രെ ന​യി​ക്കാ​വു​ന്ന ഇ​ത്ത​രം അ​സു​ഖ​ങ്ങ​ളെ പാ​ടേ അ​ക​റ്റിനി​ർ​ത്താ​ൻ ന​മ്മെ സ​ഹാ​യി​ക്കും.

തയാറാക്കിയത്​: ഡോ. മുഹമ്മദ്​ അഫ്​റോസ്​ കൺസൾട്ടൻറ്​ ഫിസിഷ്യൻ മേ​യ്ത്ര ഹോ​സ്​​പി​റ്റ​ൽ, കോ​ഴി​ക്കോ​ട്",നി​ശ്ശ​ബ്ദ​നാ​യ കൊ​ല​യാ​ളി എ​ന്ന് വി​ശേ​ഷി​പ്പി​ക്ക​പ്പെ​ടാ​വു​ന്ന ര​ക്​​ത​സ​മ്മ​ർ​ദം പേ​ര് സൂ​ചി​പ്പി​ക്കു​ന്ന​തുപോ​ലെ ഒ​രു മു​ന്ന​റി​യി​പ്പു​മി​ല്ലാ​തെ​യാ​ണ് ക​ട​ന്നുവ​രു​ന്ന​ത്....,mal,madhyamam,Madhyamam,fake news,57b12758-dc0e-4689-b851-10b334d0496c,article,MassiveSum
https://nra.lv/latvija/riga/satiksme/279064-baidoties-par-sastregumiem-riga-atra-palidziba-vairak-skiros-izsaukumus.htm,https://nra.lv/latvija/riga/satiksme/279064-baidoties-par-sastregumiem-riga-atra-palidziba-vairak-skiros-izsaukumus.htm,"Baidoties par sastrēgumiem Rīgā, ""ātrā palīdzība"" vairāk šķiros izsaukumus",,"Neatliekamās medicīniskās palīdzības dienests (NMPD) bažījas, ka Deglava tilta slēgšana satiksmei rīt Rīgā radīs būtiskus satiksmes sastrēgumus, kuros varētu iestrēgt arī mediķu transports, atzina NMPD direktore Liene Cipule.

Šādos apstākļos NMPD varētu rūpīgāk šķirot izsaukumus, lai censtos mazināt NMPD neraksturīgas palīdzības sniegšanu, taču palīdzība būs pieejama visiem smagi sasirgušajiem vai traumētajiem. NMPD aicina cilvēkus, ja vien viņiem nav dzīvībai bīstams veselības stāvoklis, iespēju robežās pašus doties uz slimnīcām vai veselības problēmas risināt caur ģimenes ārstiem.

Zināmas bažas radot arī fakts, ka Rīgā tiks pārvirzīts sabiedriskais transports, līdz ar to pilnākas varētu kļūt sabiedriskā transporta joslas, kuras medicīnas transports bieži izmanto pacientu pārvadāšanai. NMPD lūdz autovadītājus, neskatoties uz sastrēgumiem, būt atsaucīgiem un dot ceļu NMPD brigādēm.

Kopumā NMPD pašlaik īpaši rūpīgi seko līdzi situācijai un ir apņēmības pilns nodrošināt iedzīvotājiem nepieciešamo palīdzību arī sarežģītākos satiksmes apstākļos.

Kā ziņots, bažās par Deglava tilta drošību ceturtdienas rītā tas tiks slēgts visa veida satiksmei.","Neatliekamās medicīniskās palīdzības dienests (NMPD) bažījas, ka Deglava tilta slēgšana satiksmei rīt Rīgā radīs būtiskus satiksmes sastrēgumus, kuros varētu iestrēgt arī mediķu transports, atzina NMPD direktore Liene Cipule.",mal,nra,NRA,fake news,deee7fda-ae45-4d42-929d-c51ac5e04d06,article,MassiveSum
https://www.madhyamam.com/local-news/malappuram/647671,,നിർമാണ മേഖലയിലെ വൈദ്യുതി അപകടം: ബോധവത്കരണ ക്ലാസ് സംഘടിപ്പിച്ചു,,"മഞ്ചേരി: നിർമാണ മേഖലയിലും മറ്റും പ്രവർത്തിക്കുന്നവർക്ക് ഉണ്ടാകുന്ന വൈദ്യുതി അപകടങ്ങൾ ഒഴിവാക്കുന്നതിന് വൈദ് യുതി വകുപ്പ് ബോധവത്കരണ ക്ലാസ് സംഘടിപ്പിച്ചു. മഞ്ചേരി സർക്കിളിന് കീഴിൽ പത്തിലധികം ആളുകൾ ഇത്തരത്തിൽ മരിച്ചതോടെയാണ് ബോധവത്കരണവുമായി വകുപ്പ് മുന്നിട്ടിറങ്ങിയത്. സമീപകാലത്തുണ്ടായ വൈദ്യതി അപകടങ്ങൾ കൂടുതലും സംഭവിച്ചത് പന്തൽ നിർമാണ തൊഴിലാളികൾ, വെൽഡിങ്, ഫാബ്രിക്കേഷൻ, റൂഫിങ്, പരസ്യബോർഡ് സ്ഥാപിക്കുന്നവർ, കെട്ടിട നിർമാണ തൊഴിലാളികൾ, ഇലക്ട്രീഷ്യന്മാർ എന്നിവർക്കാണെന്ന് കണ്ടെത്തിയതിൻെറ അടിസ്ഥാനത്തിലാണ് ബോധവത്കരണം സംഘടിപ്പിച്ചത്. മഞ്ചേരി പ്രോജ്കട് മോണിറ്ററിങ് യൂനിറ്റ് എക്സിക്യൂട്ടിവ് എൻജിനീയർ അഷ്റഫ് ഉദ്ഘാടനം ചെയ്തു. മഞ്ചേരി സൗത്ത് അസി. എൻജിനീയർ സുബ്രഹ്മണ്യൻ, മഞ്ചേരി ഡിവിഷൻ എക്സിക്യൂട്ടിവ് എൻജിനീയർ ടി.പി. ജയശ്രീ, അസി. എൻജിനീയർ കെ.ആർ. ൈഷൻ എന്നിവർ സംസാരിച്ചു. ജില്ല ഡെപ്യൂട്ടി ഇലക്ട്രിക്കൽ ഇൻസ്പെക്ടർ ജാഫർ മുണ്ടമ്പ്ര, അസി. ഇലക്ട്രിക്കൽ ഇൻസ്പെക്ടർ പി.പി. ഷമീർ എന്നിവർ ക്ലാസിന് നേതൃത്വം നൽകി.",മഞ്ചേരി: നിർമാണ മേഖലയിലും മറ്റും പ്രവർത്തിക്കുന്നവർക്ക് ഉണ്ടാകുന്ന വൈദ്യുതി അപകടങ്ങൾ ഒഴിവാക്കുന്നതിന് വൈദ്   യുതി വകുപ്പ് ബോധവത്കരണ ക്ലാസ് സംഘടിപ്പിച്ചു. മഞ്ചേരി സർക്കിളിന് കീഴിൽ പത്തിലധികം ആളുകൾ...,mal,madhyamam,Madhyamam,fake news,523d3a1a-2068-4991-9039-a6a9f5c41f91,article,MassiveSum
https://www.madhyamam.com/kerala/2016/jul/05/207220,,തിരുവിതാംകൂര്‍ ദേവസ്വം വിജിലന്‍സ് സമര്‍പ്പിച്ച 200 റിപ്പോര്‍ട്ടുകള്‍ ബോര്‍ഡ് മുക്കി,,"തിരുവനന്തപുരം: തിരുവിതാംകൂര്‍ ദേവസ്വം വിജിലന്‍സ് വിഭാഗം സമര്‍പ്പിച്ച 200 അന്വേഷണ റിപ്പോര്‍ട്ടുകള്‍ ബോര്‍ഡ് മുക്കി. 2015-16 കാലയളവില്‍ സമര്‍പ്പിച്ച റിപ്പോര്‍ട്ടുകള്‍ മുക്കിയത് ദേവസ്വം ആസ്ഥാനത്തെ ഉന്നതന്‍െറ താല്‍പര്യങ്ങള്‍ സംരക്ഷിക്കാനാണെന്ന് ആക്ഷേപം ഉയര്‍ന്നിട്ടുണ്ട്. മുന്‍ ദേവസ്വം മന്ത്രിയുടെ ഇഷ്ടക്കാരനായ ഉദ്യോഗസ്ഥന്‍െറ നേതൃത്വത്തില്‍ കോടികളുടെ അഴിമതിയാണ് നടക്കുന്നതത്രെ. ഇതിനെതിരെ ജീവനക്കാര്‍ക്കിടയില്‍ പ്രതിഷേധം ശക്തമാവുകയാണ്. ഈ സാഹചര്യത്തില്‍, ബോര്‍ഡിലെ അഴിമതി വിവരങ്ങള്‍ പുറത്തറിയാതിരിക്കാന്‍ വിജിലന്‍സ് സംവിധാനം തന്നെ അട്ടിമറിക്കാനുള്ള നീക്കമാണ് ഇപ്പോള്‍ നടക്കുന്നത്. എസ്.പി റാങ്കിലെ ഉദ്യോഗസ്ഥന്‍െറ നേതൃത്വത്തിലുള്ള വിജിലന്‍സ് വിഭാഗത്തെ പിരിച്ചുവിട്ട് റിട്ട. ഡിവൈ.എസ്.പിയെ വിജിലന്‍സ് മേധാവിയാക്കാനാണ് ആലോചന. ഇതുസംബന്ധിച്ച തുടര്‍നടപടികള്‍ കൈക്കൊള്ളാന്‍ ഹൈകോടതിയുടെ അനുമതിതേടാനും കഴിഞ്ഞദിവസം ചേര്‍ന്ന ബോര്‍ഡ് യോഗത്തില്‍ ധാരണയായി.

ശബരിമല മാസ്റ്റര്‍ പ്ളാന്‍ ഉള്‍പ്പെടെയുള്ള പദ്ധതികളില്‍ കോടികളുടെ വെട്ടിപ്പാണ് നടക്കുന്നത്. ഇത് പുറത്തറിയാതിരിക്കാന്‍ വിജിലന്‍സ് സംവിധാനം നിര്‍ജീവമാക്കേണ്ടതുണ്ട്. ബോര്‍ഡിലെ കമ്പ്യൂട്ടര്‍വത്കരണം, കേന്ദ്രസഹായത്തോടെ നടപ്പാക്കുന്ന ‘പ്രസാദം’ പദ്ധതി, ശബരിമലയിലെ അപ്പം, അരവണ വിതരണം എന്നിവയില്‍ വന്‍തിരിമറിയാണ് നടക്കുന്നത്. ഇതുമായി ബന്ധപ്പെട്ട റിപ്പോര്‍ട്ടുകളാണ് വിജിലന്‍സ് വിഭാഗം സമര്‍പ്പിച്ചത്. എന്നാല്‍, കുറ്റക്കാര്‍ക്കെതിരെ നടപടി കൈക്കൊള്ളാതെ ബോര്‍ഡ് ഒത്തുകളിച്ചു. പലകേസുകളിലും ഹൈകോടതി നിര്‍ദേശമുണ്ടായിട്ടുപോലും നടപടി വൈകിപ്പിച്ചു. കോടതിയെ തെറ്റിദ്ധരിപ്പിക്കുന്ന സാഹചര്യംപോലുമുണ്ടായി. 2015ല്‍, ബോര്‍ഡില്‍ നടക്കുന്നത് ‘ബ്രദര്‍ഹുഡ് ആക്ഷന്‍’ ആണോയെന്ന് ഹൈകോടതി വിമര്‍ശിച്ചത് ഈ സാഹചര്യത്തിലാണ്. ദേവസ്വം ബോര്‍ഡ് ആസ്ഥാനത്തെ ഉന്നതരില്‍ പലരും വരവില്‍കവിഞ്ഞ സ്വത്ത് സമ്പാദിച്ചതായി വിജിലന്‍സ് ആന്‍ഡ് ആന്‍റി കറപ്ഷന്‍ ബ്യൂറോക്കും (വി.എ.സി.ബി) വിവരം ലഭിച്ചിട്ടുണ്ട്. അഴിമതിക്കാരായ ചില ഉന്നതര്‍ വി.എ.സി.ബി നിരീക്ഷണത്തിലാണ്. തലസ്ഥാനത്തെ പ്രമുഖ സ്വകാര്യ ആശുപത്രിയുടെ കൈമാറ്റത്തിന് പിന്നില്‍ ദേവസ്വംബോര്‍ഡില്‍നിന്നുള്ള അഴിമതിപ്പണം ഉണ്ടെന്നും വി.എ.സി.ബിക്ക് ബോധ്യമായിട്ടുണ്ട്. ഇതേക്കുറിച്ചുള്ള അന്വേഷണം പുരോഗമിക്കുകയാണ്.",തിരുവനന്തപുരം: തിരുവിതാംകൂര്‍ ദേവസ്വം വിജിലന്‍സ് വിഭാഗം സമര്‍പ്പിച്ച 200 അന്വേഷണ റിപ്പോര്‍ട്ടുകള്‍ ബോര്‍ഡ് മുക്കി. 2015-16 കാലയളവില്‍ സമര്‍പ്പിച്ച റിപ്പോര്‍ട്ടുകള്‍ മുക്കിയത് ദേവസ്വം ആസ്ഥാനത്തെ...,mal,madhyamam,Madhyamam,fake news,476a4dcd-ffad-4f97-989e-5eb4f8d64eed,article,MassiveSum
https://www.dengiamerika.com/a/hong-kong-continue-protesting-on-Christmas-/5220063.html,https://www.dengiamerika.com/a/hong-kong-continue-protesting-on-Christmas-/5220063.html,چالاکەوانانی دیموکراتخواز لە هۆنگ کۆنگ بەردەوامن لە خۆپیشاندانەکانیان,,"خۆپیشاندەرانی هۆنگ کۆنگ لە ڕۆژی کرسمسدا ڕژانە ناو بازاڕەکانی شارەوە و پشتیوانی خۆیان بۆ دیموکراتیەت دووپات کردەوە، هەروەها پۆلیس گازی فرمێسک ڕژێنی بەکارهێنا بۆ بڵاوەپێکردنیان.

خۆپیشاندانەکانی هۆنگ کۆنگ هێشتا بەردەوامن سەرەڕای ئەوەی مانگی ڕابردوو کاندیدەکانی دیموکراتخوازەکان بەزۆرینەی دەنگ لە هەڵبژاردنە ناوخۆییەکاندا سەرکەوتنیان بەدەست هێنا.

بەڵام ئەو سەرکردانەی هۆنگ کۆنگ کە هێشتا پشتیوانی لە چین دەکەن هیچ سازشێکیان بۆ خۆپیشاندەران نەکردووە سەرەڕای ئەوەی دانیان بە شکستی خۆیاندا ناوە لە هەڵبژاردنەکاندا.

سەدان خۆپیشاندەر بە جلوبەرگی ڕەش و ماسکەوە لە سەرتاسەری شارەکەدا ڕژانە ناو بازاڕەکانەوە و دەیانگوت "" هۆنگ کۆنگ ئازاد بکەن.""

بەڕێوبەری جێبەجێکاری هۆنگ کۆنگ کاری لام لە تۆڕی کۆمەڵایەتی فەیسبووک نوسیویەتی زۆرێک لە دانیشتوانی هۆنگ کۆنگ و گەشتیاران توشی نائومێدی بوون بەهۆی ئەوەی "" ئاهەنگەکانی شەوی کرسمسیان لێ تێکچووە.""

وتیشی "" لەمجۆرە کارە نایاساییانە نەک تەنها کەشی ئاهەنگێڕانی تێکدا بەڵکو کاریگەرییەکی نەرێنیشی هەبوو لەسەر کۆمپانیا ناوخۆییەکان.""

لیژنەی نەخۆشخانەکانی هۆنگ کۆنگ ئاماژەی بەوەدا شەوی سێشەممە 25 کەس برینداربوون و لەنێویشیاندا پیاوێک هەبووە دوای ئەوەی لە دەست پۆلیس هەڵهاتووە لە بینایەکی دوو نهۆمییەوە خۆی هەڵداوەتە خوارەوە.",خۆپیشاندەرانی هۆنگ کۆنگ لە ڕۆژی کرسمسدا ڕژانە ناو بازاڕەکانی شارەوە و پشتیوانی خۆیان بۆ دیموکراتیەت دووپات کردەوە، هەروەها پۆلیس گازی فرمێسک ڕژێنی بەکارهێنا بۆ بڵاوەپێکردنیان,mal,dengiamerika,Dengi Amerika,fake news,94b22949-3408-47d3-b3be-74bbf872ca6a,article,MassiveSum
https://www.madhyamam.com/gulf-news/uae/dubai-uae-gulf-news/2017/oct/13/355117,,ദു​ബൈ​യി​ൽ ഹൈ​ഡ്ര​ജ​ൻ കാ​റു​ക​ൾ പ​രീ​ക്ഷ​ണ​യോ​ട്ടം തു​ട​ങ്ങി,,"ദു​ബൈ: പ​രി​സ്​​ഥി​തി സം​ര​ക്ഷ​ക​രാ​യ കാ​റു​ക​ളു​ടെ പ​ട്ടി​ക​യി​​ലേ​ക്ക്​ ഒ​രു അം​ഗം കൂ​ടി. ജ​പ്പാ​ൻ കാ​ർ നി​ർ​മാ​താ​ക്ക​ളാ​യ ടൊ​യോ​ട്ട​യു​ടെ മി​റാ​യി എ​ന്ന ഹൈ​ഡ്ര​ജ​ൻ കാ​റു​ക​ളാ​ണ്​ ദു​ബൈ​യു​ടെ റോ​ഡു​ക​ളി​ലേ​ക്ക്​ എ​ത്തി​യി​രി​ക്കു​ന്ന​ത്. തു​ട​ക്ക​ത്തി​ൽ മൂ​ന്ന്​ കാ​റു​ക​ളാ​ണ്​ പ​രീ​ക്ഷ​ണ​യോ​ട്ട​ത്തി​ന്​ ഉ​പ​യോ​ഗി​ക്കു​ന്ന​ത്. ഫ്യൂ​വ​ൽ സെ​ൽ ഇ​ല​ക്​​ട്രി​ക്​ വെ​ഹി​ക്കി​ൾ​സ്​ (എ​ഫ്.​സി.​ഇ.​വി) എ​ന്ന​റി​യ​പ്പെ​ടു​ന്ന ഇ​വ​യി​ൽ ഹൈ​ഡ്ര​ജ​ൻ ഇ​ന്ധ​നം നി​റ​ക്കാ​നു​ള്ള കേ​​ന്ദ്ര​ത്തി​െ​ൻ​റ പ്ര​വ​ർ​ത്ത​നം ഡീ​ല​ർ​മാ​രാ​യ അ​ൽ ഫു​ത്തൈം മോ​േ​ട്ടാ​ഴ്​​സി​െ​ൻ​റ അ​ൽ ബ​ദി​യ ഷോ​റൂ​മി​ൽ പ്ര​വ​ർ​ത്ത​നം തു​ട​ങ്ങി. ഹൈ​ഡ്ര​ജ​ൻ കാ​ർ എ​ന്നൊ​ക്കെ വി​ളി​ക്കു​മെ​ങ്കി​ലും വൈ​ദ്യു​തി​യി​ലാ​ണ്​ കാ​റി​െ​ൻ​റ ഒാ​ട്ടം. ഇ​തി​ന്​ ആ​വ​ശ്യ​മാ​യ വൈ​ദ്യു​തി ന​ൽ​കു​ന്ന​ത്​ ഫ്യൂ​വ​ൽ സെ​ല്ലു​ക​ളാ​ണ്. ഇൗ ​ഫ്യു​വ​ൽ സെ​ല്ലു​ക​ളി​ലേ​ക്കാ​ണ്​ ഹൈ​ഡ്ര​ജ​ൻ ന​ൽ​കു​ക. ഹൈ​ഡ്ര​ജ​നും ഒാ​ക്​​സി​ജ​നും ചേ​ർ​ന്ന്​ ജ​ലം ഉ​ണ്ടാ​കു​​ന്ന രാ​സ​പ്ര​വ​ർ​ത്ത​ന​ത്തി​നി​ടെ വൈ​ദ്യു​തി ഉ​ണ്ടാ​കു​മെ​ന്ന ക​ണ്ടെ​ത്താ​ണ്​ ഫ്യൂ​വ​ൽ​സെ​ല്ലു​ക​ളു​ടെ ജ​ന​ന​ത്തി​ന്​ കാ​ര​ണം.

ഒ​രു ത​വ​ണ നി​റ​ച്ചാ​ൽ 500 കി​ലോ​മീ​റ്റ​ർ സ​ഞ്ച​രി​ക്കാം. ഫ്ര​ഞ്ച്​ ക​മ്പ​നി​യാ​യ എ​യ​ർ ലി​ക്വി​ഡു​മാ​യി ചേ​ർ​ന്നാ​ണ്​ ഹൈ​ഡ്ര​ജ​ൻ സ്​​റ്റേ​ഷ​ൻ സ്​​ഥാ​പി​ച്ചി​രി​ക്കു​ന്ന​ത്. യു.​എ.​ഇ​യി​ലെ റോ​ഡു​ക​ളി​ൽ ഇ​വ എ​ങ്ങ​നെ പ്ര​വ​ർ​ത്തി​ക്കും എ​ന്ന​റി​യാ​നാ​ണ്​ പ​രീ​ക്ഷ​ണ​യോ​ട്ടം ന​ട​ത്തു​ന്ന​ത്. പൊ​തു​വി​പ​ണി​യി​ൽ ല​ഭ്യ​മാ​കു​ന്ന​തി​ന്​ മു​മ്പ്​ കൂ​ടു​ത​ൽ പ​രീ​ക്ഷ​ണ​ങ്ങ​ൾ ന​ട​ത്തേ​ണ്ട​തു​ണ്ട്. ഇ​തി​നാ​യി സ​ർ​ക്കാ​രു​മാ​യി ധാ​ര​ണ​യു​ണ്ടാ​ക്കി കൂ​ടു​ത​ൽ വാ​ഹ​ന​ങ്ങ​ൾ എ​ത്തി​ക്കാ​നാ​ണ്​ ​െടാ​യോ​ട്ട​യു​ടെ തീ​രു​മാ​നം.

2013 സെ​പ്​​റ്റം​ബ​റി​ൽ വൈ​ദ്യു​തി​യും ഇ​ന്ധ​ന​വും ഉ​പ​യോ​ഗി​ക്കാ​വു​ന്ന ഹൈ​ബ്രീ​ഡ്​ കാ​റു​ക​ൾ ടൊ​യോ​ട്ട എ​ത്തി​ച്ചി​രു​ന്നു. 33 ശ​ത​മാ​നം ഇ​ന്ധ​ന​ക്ഷ​മ​ത കൂ​ടു​ത​ലും അ​ത്ര​യും ത​ന്നെ അ​ന്ത​രീ​ക്ഷ മ​ലി​നീ​ക​ര​ണം കു​റ​വും ഉ​ണ്ടെ​ന്ന​താ​യി​രു​ന്നു കാം​റി ഹൈ​ബ്രീ​ഡ്​ എ​ന്ന കാ​റി​െ​ൻ​റ പ്ര​ത്യേ​ക​ത. ആ​ദ്യ​ഘ​ട്ട​ത്തി​ൽ 20 കാ​റു​ക​ളാ​ണ്​ എ​ത്തി​ച്ച​ത്. എ​ന്നാ​ൽ ഇ​ന്ന്​ ഇ​ത്ത​രം 1200 ഹൈ​ബ്രീ​ഡ്​ കാ​റു​ക​ൾ സ​ർ​വീ​സ്​ ന​ട​ത്തു​ന്നു​ണ്ട്. നി​ല​വി​ൽ ഫോ​സി​ൽ ഇ​ന്ധ​ന​ങ്ങ​ൾ പൂ​ർ​ണ​മാ​യി ഒ​ഴി​വാ​ക്കാ​നാ​ണ്​ മു​ൻ​നി​ര രാ​ജ്യ​ങ്ങ​ൾ ഒ​രു​ങ്ങു​ന്ന​ത്. ഇ​തി​െ​ൻ​റ ഭാ​ഗ​മാ​യി മ​ലി​നീ​ക​ര​ണം ഇ​ല്ലാ​ത്ത കാ​റു​ക​ൾ നി​ർ​മി​ക്കാ​ൻ​ പ്ര​മു​ഖ കാ​ർ ക​മ്പ​നി​ക​ൾ എ​ല്ലാം ശ്ര​മി​ക്കു​ന്നു​മു​ണ്ട്. ഹൈ​ഡ്ര​ജ​നും ഫ്യൂ​വ​ൽ ​െസ​ല്ലു​മൊ​ന്നും​ പു​തി​യ സാ​േ​ങ്ക​തി​ക വി​ദ്യ​യ​ല്ല. നാ​സ​യു​ടെ റോ​ക്ക​റ്റു​ക​ളി​ൽ ഇ​വ നേ​ര​ത്തെ മു​ത​ൽ ഉ​പ​യോ​ഗി​ക്കു​ന്നു​ണ്ട്. അ​ത്​ കാ​റു​ക​ളി​ലേ​ക്ക്​ മാ​റ്റു​ക​യാ​ണ്​ ക​മ്പ​നി​ക​ൾ ചെ​യ്യു​ന്ന​ത്. പെ​െ​ട്ട​ന്ന്​ തീ​പി​ടി​ക്കു​ന്ന ഹൈ​ഡ്ര​ജ​ൻ സു​ര​ക്ഷി​ത​മാ​യി സം​ഭ​രി​ച്ചു​വെ​ക്കു​ന്ന​തി​ൽ മാ​ത്ര​മാ​ണ്​ അ​ൽ​പ​മെ​ങ്കി​ലും പ്ര​തി​സ​ന്ധി​യു​ള്ള​ത്.

വാ​ഹ​ന​ങ്ങ​ളി​ൽ കാ​ർ​ബ​ൺ​ഫൈ​ബ​ർ കൊ​ണ്ട്​ നി​ർ​മി​ക്കു​ന്ന ഇ​ന്ധ​ന ടാ​ങ്കി​ലാ​ണ്​ ഹൈ​ഡ്ര​ജ​ൻ സൂ​ക്ഷി​ക്കു​ന്ന​ത്. കാ​റി​െ​ൻ​റ മു​ൻ​ഭാ​ഗ​ത്തെ ഗ്രി​ല്ലി​ൽ കൂ​ടി ക​ട​ന്നു​വ​രു​ന്ന വാ​യു​വി​ൽ നി​ന്ന്​ ഒാ​ക്​​സി​ജ​നും വേ​ർ​തി​രി​ച്ചെ​ടു​ക്കും. ഇ​വ ഫ്യൂ​വ​ൽ സെ​ല്ലി​നു​ള്ളി​ൽ വെ​ള്ള​മാ​യി മാ​റു​ക​യും അ​തി​നി​ട​യി​ൽ വൈ​ദ്യു​തി ഉ​ണ്ടാ​വു​ക​യു​മാ​ണ്​ ​െച​യ്യു​ന്ന​ത്. ടെ​യി​ൽ പൈ​പ്പി​ലൂ​ടെ വെ​ള്ളം മാ​ത്രം പു​റ​ന്ത​ള്ള​പ്പെ​ടു​ക​യും ചെ​യ്യും. മീ​ഥൈ​ൻ വാ​ത​ക​ത്തി​ൽ നി​ന്നോ വെ​ള്ള​ത്തി​ൽ നി​ന്ന്​ ഇ​ല​ക്​​ട്രോ​ലൈ​സി​സ്​ വ​ഴി​യോ ഹൈ​ഡ്ര​ജ​ൻ വേ​ർ​തി​രി​ച്ചെ​ടു​ക്കാം.",പു​റ​ന്ത​ള്ളു​ന്ന​ത്​ പ​ച്ച​വെ​ള്ളം മാ​ത്രം,mal,madhyamam,Madhyamam,fake news,8a9ed2e3-a5b0-4a29-9e19-59f125e4157d,article,MassiveSum
https://www.madhyamam.com/local-news/kozhikode/2018/jun/04/497552,,വൈദ്യുതി മുടങ്ങും,,"കോഴിക്കോട്: ചൊവ്വാഴ്ച വൈദ്യുതി മുടങ്ങുന്ന സമയം, സ്ഥലം എന്ന ക്രമത്തിൽ 7am - 1pm പുറമേരി-വെള്ളൂര്‍റോഡ്, കോടഞ്ചേരി 7am - 3pm തെരുവമ്പറമ്പ്, സബ്സ്റ്റേഷന്‍ പരിസരം, പെരുവങ്കര, കല്ലുമ്മല്‍, ജാതിയേരി, വിഷ്ണുമംഗലം, കോമ്പിമുക്ക്, പുളിയാവ്, വളയംടൗണ്‍ 7am - 4pm അടുക്കത്ത്, മണ്ണൂര്‍, മുണ്ടംകുറ്റി, ആസ്യമുക്ക്, കള്ളാട് വട്ടംവയല്‍, ചെറ്റയില്‍പീടിക, മൊയിലോത്ര, പാലോറമുക്ക്, മൂന്നാംതോട്, കോരങ്ങാട്, ആനപ്പാറപൊയില്‍, മുത്തുകടവ്, പി.സി. മുക്ക്, പൂക്കോട്, നരവന്‍പാറ, പുതിയാറമ്പത്ത് 8am - 12pm കണ്ണങ്കൈ, തൂണേരി ടൗണ്‍, തണല്‍ 8am - 2pm തെക്കേടത്ത്താഴം, അടുവാറക്കല്‍താഴം, പാലത്ത്, ഊട്ടുകുളം, പുളിബസാര്‍, വയലോറ, കുമാരസ്വാമി 10am - 5pm എന്‍.ജി.ഒ സ്കൂള്‍ പരിസരം","കോഴിക്കോട്: ചൊവ്വാഴ്ച വൈദ്യുതി മുടങ്ങുന്ന സമയം, സ്ഥലം എന്ന ക്രമത്തിൽ  7am - 1pm പുറമേരി-വെള്ളൂര്‍റോഡ്, കോടഞ്ചേരി 7am - 3pm തെരുവമ്പറമ്പ്, സബ്സ്റ്റേഷന്‍ പരിസരം, പെരുവങ്കര, കല്ലുമ്മല്‍, ജാതിയേരി,...",mal,madhyamam,Madhyamam,fake news,fbe59b98-8028-408c-91a9-29ae77a8b389,article,MassiveSum
https://www.madhyamam.com/gulf-news/saudi-arabia/20-lakhs-covid-test-saudi-arabia/697030,,സൗദിയിൽ കോവിഡ്​ പരിശോധന 20 ലക്ഷം കടന്നു; നെഗറ്റീവ്​ കേസുകളുടെ എണ്ണത്തിൽ വർധന,,"റിയാദ്​: സൗദി അറേബ്യയിൽ കോവിഡ്​ ടെസ്​റ്റുകളുടെ എണ്ണം 20 ലക്ഷം കടന്നു.​ 2,018,657 സ്രവസാമ്പിളുകൾ പി.സി.ആർ ടെസ്​റ്റിന്​​ വിധേയമാക്കിയപ്പോൾ 2,171,08 പേരിൽ രോഗം സ്ഥിരീകരിച്ചു. അതിൽ 1,54,839 പേർക്ക്​ രോഗം ഭേദമായി. 2017 ആളുകൾ മരണത്തിന്​ കീഴടങ്ങി. ബാക്കി 60,252 പേർ രാജ്യത്തെ വിവിധ ആശുപത്രികളിൽ ചികിത്സയിൽ തുടരുകയാണ്​. ഇതിൽ 2,268 പേർ ഗുരുതരാവസ്ഥയിലാണ്​.

രാജ്യത്തി​​െൻറ കോവിഡ്​ പ്രതിരോധ പ്രവർത്തനങ്ങൾക്ക്​ ശക്തിപകർന്ന്​ നെഗറ്റീവ്​ കേസുകളുടെ എണ്ണത്തിൽ ഇൗ ദിവസങ്ങളിൽ വലിയ വർധനവുണ്ടാവുന്നുണ്ട്​. ചൊവ്വാഴ്​ച 5,205 പേരാണ്​ സുഖം പ്രാപിച്ചത്​. 3,392 പേരിൽ പുതുതായി രോഗം സ്ഥിരീകരിച്ചു. കഴിഞ്ഞ 48 മണിക്കൂറിനിടയിൽ 49 പേർ മരിച്ചു. തിങ്കളാഴ്​ച റിയാദ്​ 35, ജിദ്ദ 5, മദീന 1, ഹുഫൂഫ്​ 2, ത്വാഇഫ്​ 1, ഖത്വീഫ്​ 1, ഖമീസ്​ മുശൈത്​ 1, വാദി ദവാസിർ 1, അൽഅയൂൺ 1, അറാർ 1 എന്നിവിടങ്ങളിലാണ്​ മരണം റിപ്പോർട്ട്​ ചെയ്​തത്​. ജിദ്ദയിൽ മരണസംഖ്യ 543ഉം റിയാദിൽ 510ഉം മക്കയിൽ 453ഉം ആണ്​ മരണസംഖ്യ. രാജ്യത്തെ ചെറുതും വലുതുമായ 199 പട്ടണങ്ങളാണ്​​ രോഗത്തി​​െൻറ പിടിയിലായത്​.

പുതിയ രോഗികൾ: റിയാദ്​ 308, ത്വാഇഫ്​ 246, മദീന 232, ജിദ്ദ 227, ദമ്മാം 219, ഖത്വീഫ്​ 141, മക്ക 132, ഖമീസ്​ മുശൈത്ത്​ 124, ഹാഇൽ 109, ഹുഫൂഫ്​ 106, നജ്​റാൻ 102, ബുറൈദ 99, മുബറസ്​ 90, ഉനൈസ 86, ജുബൈൽ 39, ഹഫർ അൽബാത്വിൻ 35, ഖോബാർ 32, വാദി ബിൻ ഹഷ്​ബൽ 31, അബൂഅരീഷ്​ 29, അൽഖർജ്​ 28, മിദ്​നബ്​ 27, റാനിയ 25, അൽറസ്​ 19, ശറൂറ 19, സറാത്​ ഉബൈദ 18, ബഖഅ 16, ബെയ്​ഷ്​ 16, വാദി ദവാസിർ 15, അൽഅയൂൺ 14, റിജാൽ അൽമ 14, സാംത 13, ഹുറൈംല 13, അയൂൻ അൽജുവ 12, അൽബത്​ഹ 11, തുർബ 10, അൽഷംലി 10, ഹുത്ത സുദൈർ 10, തത്​ലീത്​ 9, സൽവ 9, അറാർ 9, അൽജഫർ 8, സകാക 8, ബാരിഖ്​ 8, ഹുത്ത ബനീ തമീം 8, റിയാദ്​ അൽഖബ്​റ 7, ഖുൻഫുദ 7, ഉമ്മു അൽദൂം 7, അൽമജാരിദ 7, തബാല 7, താർ 7, അൽഖുവയ്യ 7, മൻദഖ്​ 6, അൽമഹാനി 6, ദഹ്​റാൻ അൽജനൂബ്​ 6, നാരിയ 6, റാസതനൂറ 6, അൽഅയ്​ദാബി 6, ജീസാൻ 6, ഖൈബർ 5, ഖിയ 5, അൽബഷായർ 5, ഖഫ്​ജി 5, സഫ്​വ 5, ഖുലൈസ്​ 5, ഹബോന 5, മജ്​മഅ 5, മുസാഹ്​മിയ 5, തുമൈർ 5, അല്ലൈസ്​ 4, അൽസഹൻ 4, അൽമദ്ദ 4, അബ്​ഖൈഖ്​ 4, അൽഷനൻ 4, അല്ലൈത്​ 4, അൽറയീൻ 4, അൽഖുറ 3, മഹദ്​ അൽദഹബ്​ 3, ബുഖൈരിയ 3, ഖുസൈബ 3, അൽബറാഖ്​ 3, അൽഹർജ 3, സബ്​യ 3, സുൽഫി 3, റൂമ 3, റുവൈദ അൽഅർദ 3, ദുബ 3, അൽബാഹ 2, ബൽജുറഷി 2, ഖിൽവ 2, തബർജൽ 2, അൽഹമാന 2, അൽഅസിയ 2, നമീറ 2, അൽഖുർമ 2, അൽഖഹ്​മ 2, ബലസ്​മർ 2, അൽഗസല 2, മൗഖഖ്​ 2, ദർബ്​ 2, അൽദായർ 2, അൽഹറദ്​ 2, ഫർസാൻ 2, റഫ്​ഹ 2, അൽദലം 2, ശഖ്​റ 2, താദിഖ്​ 2, വുതെലാൻ 2, അൽവജ്​ഹ്​ 2, അൽഅഖീഖ്​ 1, മഖ്​വ 1, ഹനാഖിയ 1, അൽബദാഇ 1, നബാനിയ 1, അൽഖുറയാത്​ 1, അൽഖൂസ്​ 1, മുസൈലിഫ്​ 1, തുറൈബാൻ 1, അൽഫർഷ 1, മുലൈജ 1, ഉറൈറ 1, ഖൈസൂമ 1, സുലൈമി 1, അൽഅർദ 1, ദമാദ്​ 1, ഫൈഫ 1, യാദമഅ 1, ദറഇയ 1, ദവാദ്​മി 1.

മരണസംഖ്യ: ജിദ്ദ 543, റിയാദ്​ 510, മക്ക 453, മദീന 98, ദമ്മാം 71, ഹുഫൂഫ്​ 66, ത്വാഇഫ്​ 38, ബുറൈദ 23, തബൂക്ക്​ 25, ജീസാൻ 14, അറാർ 17, മുബറസ്​ 13, ഖത്വീഫ് 13​, ഖോബാർ 11, ഹഫർ അൽബാത്വിൻ 11, ബേയ്​ഷ്​ 9, അൽഖുവയ്യ 8, വാദി ദവാസിർ 9, സബ്​യ 7, അബഹ 7, അൽബാഹ 5, ഖമീസ്​ മുശൈത്​ 6​, മഹായിൽ 4, ഉനൈസ 4, നാരിയ 3, ജുബൈൽ 3, ഖുൻഫുദ 3, ഹാഇൽ 3, ഹുറൈംല 3, സകാക 3, യാംബു 2, സുലൈയിൽ 2, അൽമദ്ദ 2, ബീഷ​ 2, അൽബദാഇ 2, അൽഅയൂൺ 3, നജ്​റാൻ 2, റഫ്​ഹ 1, അൽഖർജ്​ 1, അൽമജാരിദ 1, സുൽഫി 1, ദുർമ 1, അൽഅർദ 1, മുസാഹ്​മിയ 1, ഹുത്ത സുദൈർ 1, അൽനമാസ്​ 1, അബൂഅരീഷ്​ 1, അഹദ്​ റുഫൈദ 1, ദഹ്​റാൻ 1.","ചൊവ്വാഴ്​ച മരണം 49, ആകെ മരണം 2,017, ആകെ രോഗബാധിതർ 2,17,108, പുതിയ രോഗമുക്തർ 5,205, ആകെ രോഗമുക്തർ 1,54,839, ചികിത്സയിലുള്ളത്​ 60,252,  ഗുരുതരം 2,268",mal,madhyamam,Madhyamam,fake news,86387e5a-0f95-4431-b93e-e820629d6e28,article,MassiveSum
https://www.15min.lt/naujiena/aktualu/nusikaltimaiirnelaimes/savaitgali-vilniuje-sulaikyti-13-girtu-vairuotoju-59-430876,https://www.15min.lt/naujiena/aktualu/nusikaltimaiirnelaimes/savaitgali-vilniuje-sulaikyti-13-girtu-vairuotoju-59-430876,Savaitgalį Vilniuje sulaikyti 13 girtų vairuotojų,,"Vien per penktadienį-sekmadienį policija sustabdė 13 neblaivių vairuotojų.

Per praėjusią savaitę 5 neblaivūs vairuotojai sukėlė eismo įvykius, kurių metu sugadintos transporto priemonės, pranešė Vilniaus apskrities vyriausiasis policijos komisariatas.","Gegužės 26-birželio 1 dienomis pareigūnai užfiksavo 29 atvejus, kai automobilius Vilniuje vairavo neblaivūs vairuotojai.",mal,15min,15Min,fake news,940556b0-6bc0-422a-b7c0-931fed284fb5,article,MassiveSum
https://www.madhyamam.com/local-news/thrissur/2017/mar/21/252903,,വാ​ടാ​ന​പ്പ​ള്ളി പ​ഞ്ചാ​യ​ത്ത്​ ബ​ജ​റ്റ്​: വീ​ടി​നും കു​ടി​വെ​ള്ള​ത്തി​നും മു​ൻ​ഗ​ണ​ന,,"വാ​ടാ​ന​പ്പ​ള്ളി: എ​ല്ലാ​വ​ർ​ക്കും വീ​ട്​, ഉ​പ്പു​പ​ട​ന്ന കു​ടി​വെ​ള്ള പ​ദ്ധ​തി, വ​യോ​ജ​ന​ങ്ങ​ളു​ടെ പു​ന​ര​ധി​വാ​സ​ത്തി​നാ​യി പ​ക​ൽ​വീ​ട്​, ന​ടു​വി​ൽ​ക്ക​ര പൗ​ർ​ണ​മി കോ​ള​നി​യി​ൽ സാം​സ്​​കാ​രി​ക സ​മു​ച്ച​യം, ബ​ഡ്​​​സ്​​ സ്​​കൂ​ൾ, ജൈ​വ​വ​ള നി​ർ​മാ​ണ യൂ​നി​റ്റ്​, വാ​ടാ​ന​പ്പ​ള്ളി​യു​ടെ സൗ​ന്ദ​ര്യ​വ​ത്​​ക​ര​ണം എ​ന്നി​വ​ക്ക്​ ഉൗ​ന്ന​ൽ ന​ൽ​കി 2017^18 വ​ർ​ഷ​ത്തെ വാ​ടാ​ന​പ്പ​ള്ളി പ​ഞ്ചാ​യ​ത്ത്​ ബ​ജ​റ്റ്​ അ​വ​ത​രി​പ്പി​ച്ചു. സൗ​ന്ദ​ര്യ​വ​ത്​​ക​ര​ണ​ത്തി​ന്​ 65 ല​ക്ഷം രൂ​പ നീ​ക്കി​വെ​ച്ചു​. ഭ​വ​ന നി​ർ​മാ​ണ​ത്തി​ന്​ 70 ല​ക്ഷ​വും ആ​രോ​ഗ്യം^ കു​ടി​വെ​ള്ളം എ​ന്നി​വ​ക്ക്​ 1.97 കോ​ടി രൂ​പ​യും നീ​ക്കി​വെ​ച്ചു. 25.74 കോ​ടി രൂ​പ വ​ര​വും 24.57 കോ​ടി ​െച​ല​വും 1.17 കോ​ടി രൂ​പ മി​ച്ച​വും പ്ര​തീ​ക്ഷി​ക്കു​ന്ന ബ​ജ​റ്റ്​ വൈ​സ്​ പ്ര​സി​ഡ​ൻ​റ്​ ഷ​ക്കീ​ല ഉ​സ്​​മാ​നാ​ണ്​ അ​വ​ത​രി​പ്പി​ച്ച​ത്​. പ്ര​സി​ഡ​ൻ​റ്​ ഷി​ജി​ത്ത്​ വ​ട​ക്കു​ഞ്ചേ​രി അ​ധ്യ​ക്ഷ​ത വ​ഹി​ച്ചു.","വാ​ടാ​ന​പ്പ​ള്ളി: എ​ല്ലാ​വ​ർ​ക്കും വീ​ട്​, ഉ​പ്പു​പ​ട​ന്ന കു​ടി​വെ​ള്ള പ​ദ്ധ​തി, വ​യോ​ജ​ന​ങ്ങ​ളു​ടെ പു​ന​ര​ധി​വാ​സ​ത്തി​നാ​യി പ​ക​ൽ​വീ​ട്​, ന​ടു​വി​ൽ​ക്ക​ര പൗ​ർ​ണ​മി കോ​ള​നി​യി​ൽ സാം​സ്​​കാ​രി​ക...",mal,madhyamam,Madhyamam,fake news,b8a0911e-5dc6-45dd-9069-309b8bf40c53,article,MassiveSum
https://www.madhyamam.com/kerala/local-news/kozhikode/news-590185,,മൊയ്​തു | Madhyamam,,"കാരപ്പറമ്പ്​: കോഴിക്കോട്​ ആസ്​റ്റർ മിംസ്​ ഹോസ്​പിറ്റലിലെ സീനിയർ മാനേജർ സിവിൽ സ്​റ്റേഷനു​ സമീപം കെ.കെ (76) നിര്യാതനായി. ഭാര്യ: സുഹ്​റ. മക്കൾ: ഡോ.​ സോഫിയ ജലീൽ, ഡോ. സനിയ അനസ്​ (ഇഖ്​റ ഹോസ്​പിറ്റൽ, മേയ്​ത്ര ഹോസ്​പിറ്റൽ, കോഴിക്കോട്​). മരുമക്കൾ: അബ്​ദുൽ ജലീൽ നല്ലൂർ (ചീഫ്​ എൻജിനീയർ, ടി.സി.സി ലിമിറ്റഡ്,​ എറണാകുളം), അനസ്​ (ബിസിനസ്​, കോഴിക്കോട്​).",മൊയ്​തു,mal,madhyamam,Madhyamam,fake news,f1f0c28a-b8de-428a-9609-626785b4a8f4,article,MassiveSum
https://www.madhyamam.com/gulf-news/saudi-arabia/saudi-saudi-news-gulf-news/672039,https://www.madhyamam.com/gulf-news/saudi-arabia/saudi-saudi-news-gulf-news/672039,ഒ​മ്പ​ത് പു​തി​യ കേ​സു​ക​ൾ; ഖ​ഫ്ജി കൂ​ടു​ത​ൽ ജാ​ഗ്ര​ത​യി​ലേ​ക്ക്​,,"അ​ൽ​ഖ​ഫ്ജി: കു​വൈ​ത്തി​നോ​ട്​ ചേ​ർ​ന്നു​ള്ള സൗ​ദി അ​തി​ർ​ത്തി പ​ട്ട​ണ​മാ​യ ഖ​ഫ്​​ജി​യി​ൽ വ്യാ​ഴാ​ഴ്​​ച പ ു​തു​താ​യി ഒ​മ്പ​ത് കോ​വി​ഡ് കേ​സു​ക​ളാ​ണ്​ റി​പ്പോ​ർ​ട്ട്​ ചെ​യ്​​ത​ത്. അ​ൽ​ഖ​ഫ്ജി ജോ​യ​ൻ​റ്​ ഓ​പ​റേ​ഷ​ നി​ലെ ക​രാ​ർ തൊ​ഴി​ലാ​ളി​ക​ളാ​യ ഒ​മ്പ​ത് വി​ദേ​ശി​ക​ൾ​ക്കാ​ണ് രോ​ഗം സ്ഥി​രീ​ക​രി​ച്ച​ത്. ആ​ദ്യ കോ​വി​ഡ് രോ ​ഗി​യെ ക​ണ്ടെ​ത്തി​യ​ത് മു​ത​ൽ നി​രീ​ക്ഷ​ണ​ത്തി​ൽ ക​ഴി​ഞ്ഞ​വ​രാ​ണ് ഇ​വ​ർ. നി​രീ​ക്ഷ​ണ​ത്തി​ൽ ഇ​​വ​രോ​ടൊ​പ്പം ഉ​ണ്ടാ​യി​രു​ന്ന മൂ​ന്നു​പേ​രു​ടെ പ​രി​ശോ​ധ​ന ഫ​ലം നെ​ഗ​റ്റി​വ് ആ​ണ്. മാ​ർ​ച്ച് 26, 31 തീ​യ​തി​ക​ളി​ലെ ഓ​രോ കേ​സു​ക​ൾ ഉ​ൾ​പ്പെ​ടെ ഇ​പ്പോ​ൾ മൊ​ത്തം 11 കോ​വി​ഡ് ബാ​ധി​ത​രാ​യി ഖ​ഫ്ജി​യി​ൽ‌. നേ​ര​ത്തെ​യു​ള്ള ര​ണ്ടു​പേ​ർ ദ​മ്മാ​മി​ലും പു​തി​യ ഒ​മ്പ​തു​പേ​ർ ഖ​ഫ്ജി​യി​ലും ഐ​സൊ​ലേ​ഷ​നി​ലാ​ണ്.

ഇ​വ​രേ​യും ദ​മ്മാ​മി​ലേ​ക്ക് മാ​റ്റു​മെ​ന്ന് ബ​ന്ധ​പ്പെ​ട്ട​വ​ർ അ​റി​യി​ച്ചു. ഇ​തോ​ടെ സ​ർ​ക്കാ​ർ വ​കു​പ്പു​ക​ൾ ജാ​ഗ്ര​ത നി​ർ​ദേ​ശ​ങ്ങ​ൾ ക​ർ​ക്ക​ശ​മാ​ക്കി. നി​ല​വി​ൽ രോ​ഗം സ്ഥി​രീ​ക​രി​ച്ച​വ​രു​മാ​യി നേ​രി​ട്ടോ അ​ല്ലാ​തെ​യോ ബ​ന്ധ​മു​ള്ള എ​ല്ലാ​വ​രോ​ടും സ​മ്പ​ർ​ക്ക വി​ല​ക്കി​ൽ പ്ര​വേ​ശി​ക്കാ​ൻ നി​ർ​ദേ​ശി​ച്ചു. ഇ​ത്ത​ര​ക്കാ​രെ ക​ണ്ടെ​ത്താ​നു​ള്ള ശ്ര​മ​ങ്ങ​ൾ ആ​രോ​ഗ്യ പ്ര​വ​ർ​ത്ത​ക​ർ ഊ​ർ​ജി​ത​മാ​യി ന​ട​ത്തു​ന്നു. രോ​ഗി​ക​ളു​മാ​യി അ​ടു​ത്ത് ഇ​ട​പ​ഴ​കി​യ​വ​രെ ഉ​യ​ർ​ന്ന അ​പ​ക​ട സാ​ധ്യ​താ​പ​ട്ടി​ക​യി​ൽ​പെ​ടു​ത്തി അ​വ​രെ നി​രീ​ക്ഷി​ക്കാ​നും അ​വ​രു​ടെ സ്ര​വം പ​രി​ശോ​ധ​ന​ക്ക്​ അ​യ​ക്കാ​നു​മു​ള്ള ശ്ര​മം തു​ട​ങ്ങി. കൂ​ടു​ത​ൽ പേ​രി​ൽ രോ​ഗം നി​ർ​ണ​യി​ച്ച​തോ​ടെ അ​ൽ​ഖ​ഫ്ജി ജോ​യ​ൻ​റ്​ ഓ​പ​റേ​ഷ​നി​ൽ ന​ട​പ​ടി​ക​ൾ ശ​ക്ത​മാ​ക്കി.

അ​ടി​യ​ന്ത​ര പ്രാ​ധാ​ന്യ​മു​ള്ള ഓ​പ​റേ​ഷ​ൻ ജോ​ലി​ക​ൾ ഒ​ഴി​കെ മ​റ്റെ​ല്ലാ വി​ഭാ​ഗ​ത്തി​ലെ​യും തൊ​ഴി​ലാ​ളി​ക​ളെ എ​ത്ര​യും വേ​ഗം പി​ൻ​വ​ലി​ക്കാ​ൻ കോ​ൺ​ട്രാ​ക്ട​ർ​മാ​രോ​ട് ക​മ്പ​നി നി​ർ​ദേ​ശി​ച്ചു. ഷി​ഫ്റ്റ് തൊ​ഴി​ലാ​ളി​ക​ൾ ഒ​ഴി​കെ​യു​ള്ള​വ​ർ​ക്ക് ക​മ്പ​നി​ക്കു​ള്ളി​ലെ കാ​റ്റ​റി​ങ്​ സേ​വ​നം താ​ൽ​കാ​ലി​ക​മാ​യി നി​ർ​ത്തി​വെ​ക്കും. നേ​ര​ത്തെ രോ​ഗം സ്ഥി​രീ​ക​രി​ച്ച ര​ണ്ട്​ ക​രാ​ർ ക​മ്പ​നി​ക​ളി​ലെ മു​ഴു​വ​ൻ തൊ​ഴി​ലാ​ളി​ക​ൾ നി​ല​വി​ൽ ജോ​ലി​ക്ക്​ വ​രേ​ണ്ട​തി​ല്ല എ​ന്ന നി​ർ​ദേ​ശ​ത്തി​ലാ​യി​രു​ന്നു. സ​ന്ദ​ർ​ശ​ക പാ​സി​ലെ​ത്തു​ന്ന​വ​ർ​ക്കും നി​ല​വി​ൽ നി​യ​ന്ത്ര​ണ​ങ്ങ​ളു​ണ്ട്. എ​ല്ലാ​ദി​വ​സ​വും പ്ര​ധാ​ന ക​വാ​ട​ങ്ങ​ളി​ൽ എ​ല്ലാ​യി​ട​ത്തും ശ​രീ​രോ​ഷ്മാ​വ് പ​രി​ശോ​ധ​ന​യും വ്യ​ക്​​തി​വി​വ​ര അ​ന്വേ​ഷ​ണ​വും ന​ട​ന്നു​വ​രു​ന്നു.

ഖ​ഫ്ജി ഗ​വ.​ ആ​ശു​പ​ത്രി​യി​ൽ സ്ഥി​ര ചി​കി​ത്സ​യി​ലു​ള്ള​വ​ർ ബ​ന്ധ​പ്പെ​ടു​ന്ന​തി​ന​നു​സ​രി​ച്ച് രോ​ഗി​ക​ൾ ആ​ശു​പ​ത്രി​യി​ൽ എ​ത്താ​തെ​ത​ന്നെ മ​രു​ന്നു​ക​ൾ വി​ത​ര​ണം ചെ​യ്യു​ന്ന സം​വി​ധാ​നം ഏ​ർ​പ്പെ​ടു​ത്തി​യി​ട്ടു​ണ്ട്. സൂ​പ്പ​ർ​മാ​ർ​ക്ക​റ്റു​ക​ളി​ലും മാ​ളു​ക​ളി​ലും എ​ത്തു​ന്ന ഉ​പ​ഭോ​ക്താ​ക്ക​ളെ അ​തീ​വ ജാ​ഗ്ര​ത​യി​ലും പ​രി​ശോ​ധ​ന​യി​ലു​മാ​ണ് ക​ട​ത്തി​വി​ടു​ന്ന​ത്. രോ​ഗി​ക​ളു​ടെ എ​ണ്ണം വ​ർ​ധി​ച്ച​തോ​ടെ ഖ​ഫ്ജി​യി​ലെ പ്ര​വാ​സി​ക​ൾ ഉ​ൾ​പ്പെ​ടെ​യു​ള്ള പൊ​തു​സ​മൂ​ഹം ആ​ശ​ങ്ക​യി​ലാ​ണ്. ക​ട​ക​ളി​ൽ ജോ​ലി ചെ​യ്യു​ന്ന മ​ല​യാ​ളി തൊ​ഴി​ലാ​ളി​ക​ൾ കാ​ര്യ​മാ​യ ശ്ര​ദ്ധ​യി​ലാ​ണ്. പു​തി​യ രോ​ഗി​ക​ൾ, ഇ​വി​ടു​ത്തെ മ​ല​യാ​ളി​ക​ൾ ഉ​ൾ​പ്പെ​ടെ​യു​ള്ള പൊ​തു​സ​മൂ​ഹ​വു​മാ​യി ഇ​ട​പ​ഴ​കി​യി​ട്ടു​ണ്ടാ​കാ​നു​ള്ള സാ​ധ്യ​ത കാ​ര​ണം പ്ര​വാ​സി​ക​ൾ അ​തീ​വ ജാ​ഗ്ര​ത പു​ല​ർ​ത്തേ​ണ്ട​താ​ണ്.",അ​ൽ​ഖ​ഫ്ജി ജോ​യ​ൻ​റ്​ ഓ​പ​റേ​ഷ​നി​ലെ ക​രാ​ർ തൊ​ഴി​ലാ​ളി​ക​ളാ​യ ഒ​മ്പ​ത് വി​ദേ​ശി​ക​ൾ​ക്കാ​ണ് രോ​ഗം സ്ഥി​രീ​ക​രി​ച്ച​ത്,mal,madhyamam,Madhyamam,fake news,a621ee2f-7df3-4352-9dfa-3ec964110590,article,MassiveSum
https://www.madhyamam.com/kerala/bjp-candidate-not-reached-age-604084,,സ്ഥാനാർഥിക്ക്​ 'പ്രായപൂർത്തി'യായില്ല; ബി.ജെ.പിയുടെ പത്രിക തള്ളി,,"നടുവിൽ (കണ്ണൂർ): മത്സരിക്കാൻ 21 വയസ്സ് തികയണമെന്ന അടിസ്ഥാന യോഗ്യത പോലും നോക്കാതെ സ്ഥാനാർഥിയെ നിർത്തി ബി.ജെ.പി പുലിവാൽ പിടിച്ചു. സൂക്ഷ്മപരിശോധനയിൽ വരണാധികാരി പത്രിക തള്ളിയതോടെ ഒടുവിൽ ഡമ്മി സ്ഥാനാർഥിയെ പിടിച്ച് ഒറിജിനൽ സ്ഥാനാർഥിയാക്കി.

കണ്ണൂർ നടുവിൽ പഞ്ചായത്തിലെ പതിനഞ്ചാം വാർഡായ പോത്തുകുണ്ടിലാണ്​ 'പ്രായപൂർത്തി'യാകാത്ത ബി.ജെ.പി സ്ഥാനാർഥിയുടെ പത്രിക തള്ളിയത്. പോത്തുകുണ്ട്​ സ്വദേശി രേഷ്മയായിരുന്നു സ്ഥാനാർഥി. ഇവർക്ക് 20 വയസ് മാത്രമേ ഉള്ളൂ. യഥാർഥ സ്ഥാനാർഥിയുടെ പത്രിക തള്ളിയെങ്കിലും ഡമ്മി സ്ഥാനാർഥിയുടെ പത്രിക സ്വീകരിച്ചതിനാൽ ബി.ജെ.പി മാനം കാത്തു.

നേരത്തെ, നടുവിൽ പഞ്ചായത്തിൽ തന്നെ വോട്ടില്ലാ സ്ഥാനാർഥികളെ നിർത്തി മുസ്​ലിം ലീഗും ബി.ജെ.പിയും പുലിവാല് പിടിച്ചിരുന്നു. പഞ്ചായത്തിലെ 13ാം വാർഡിൽ ബിജെപിയും, പതിനാറാം വാർഡിൽ മുസ്​ലിം ലീഗും പ്രചരണം തുടങ്ങിയശേഷമാണ് തങ്ങളുടെ സ്ഥാനാർഥികൾക്ക് വോട്ടില്ലെന്ന് അറിഞ്ഞത്​. തുടർന്ന്​ ഇരുപാർട്ടികളും സ്ഥാനാർഥികളെ മാറ്റി. സോഷ്യൽ മീഡിയയിൽ എതിർ പാർട്ടികൾ ഇത്​ ആഘോഷമാക്കുകയും ചെയ്​തിരുന്നു.",നടുവിൽ (കണ്ണൂർ): മത്സരിക്കാൻ 21 വയസ്സ് തികയണമെന്ന അടിസ്ഥാന യോഗ്യത പോലും നോക്കാതെ സ്ഥാനാർഥിയെ നിർത്തി ബി.ജെ.പി പുലിവാൽ പിടിച്ചു. സൂക്ഷ്മപരിശോധനയിൽ  വരണാധികാരി പത്രിക തള്ളിയതോടെ ഒടുവിൽ ഡമ്മി...,mal,madhyamam,Madhyamam,fake news,7605b386-abff-486b-9ad3-e4141f41df11,article,MassiveSum
https://www.madhyamam.com/local-news/malappuram/558869,,ഡ്രൈ ഡേ ദിനാചരണം,,"കോട്ടക്കല്‍: നഗരസഭയും കോട്ടക്കല്‍ സാമൂഹികാരോഗ്യ കേന്ദ്രവും സംയുക്തമായി നടത്തി. സർക്കാർ സ്ഥാപനങ്ങള്‍, സ്വകാര്യസ്ഥാപനങ്ങള്‍, സ്‌കൂളുകള്‍, അംഗൻവാടികള്‍, ആശുപത്രികള്‍, കച്ചവട സ്ഥാപനങ്ങള്‍, നിര്‍മാണ സ്ഥലങ്ങള്‍, ഇതര സംസ്ഥാന തൊഴിലാളികളുടെ താമസസ്ഥലങ്ങള്‍ തുടങ്ങിയവ പരിശോധന നടത്തി. കൊതുക് പ്രജനന സ്ഥലങ്ങള്‍ നശിപ്പിച്ചു. നഗരസഭ ആരോഗ്യകമ്മിറ്റി സ്ഥിരംസമിതി ചെയര്‍മാന്‍ തൈക്കാട്ട് അലവി, സാമൂഹികാരോഗ്യകേന്ദ്രം മെഡിക്കല്‍ ഓഫിസര്‍ സെയ്ത് ഫസല്‍, ജൂനിയര്‍ ഹെല്‍ത്ത് ഇന്‍സ്‌പെക്ടര്‍മാരായ പി. മുഹമ്മദ് ഖുറേശി, സി.എച്ച്. ഗിരീഷ് ബാബു, എസ്. വിജയമ്മ, സുബൈദ, ലേഡി ഹെല്‍ത്ത് ഇന്‍സ്‌പെക്ടര്‍ ലക്ഷ്മി പരിശോധനകള്‍ക്ക് നേതൃത്വം നല്‍കി.","കോട്ടക്കല്‍: നഗരസഭയും കോട്ടക്കല്‍ സാമൂഹികാരോഗ്യ കേന്ദ്രവും സംയുക്തമായി നടത്തി. സർക്കാർ സ്ഥാപനങ്ങള്‍, സ്വകാര്യസ്ഥാപനങ്ങള്‍, സ്‌കൂളുകള്‍, അംഗൻവാടികള്‍, ആശുപത്രികള്‍, കച്ചവട സ്ഥാപനങ്ങള്‍, നിര്‍മാണ...",mal,madhyamam,Madhyamam,fake news,78d83807-c6b1-44e0-844d-069e1bc7ad2f,article,MassiveSum
https://www.madhyamam.com/local-news/trivandrum/2017/jul/21/296149,,കർക്കടക വാവ്​: ജില്ലയിൽ സുരക്ഷ ക്രമീകരണങ്ങൾ ഏർപ്പെടുത്തി ----------------------------------------------------------,,"കൊട്ടാരക്കര: കർക്കടക വാവിനോടനുബന്ധിച്ച് 22, 23 തീയതികളിൽ കൊല്ലം റൂറൽ ജില്ലയിലെ ബലിതർപ്പണ കേന്ദ്രങ്ങളിൽ സുരക്ഷ ക്രമീകരണങ്ങൾ ഏർപ്പെടുത്തിയതായി റൂറൽ ജില്ല പൊലീസ് മേധാവി എസ്. സുരേന്ദ്രൻ അറിയിച്ചു. റൂറൽ ജില്ലയിലെ പ്രധാന ബലിതർപ്പണ കേന്ദ്രങ്ങളായ വെളിനല്ലൂർ ശ്രീരാമസ്വാമി ക്ഷേത്രം, കുളത്തൂപ്പുഴ അയ്യപ്പ ക്ഷേത്രം, പടിഞ്ഞാറേ കല്ലട തിരുവാറ്റ ശ്രീ മഹാദേവ ക്ഷേത്രം, ശൂരനാട് വടക്ക് കരിങ്ങാട്ടിൽ ശ്രീ ശിവ പാർവതി ക്ഷേത്രം, പുത്തൂർ ആദിശമംഗലം ക്ഷേത്രം, ഏറത്തു കുളക്കട വൈകുണ്ഠപുരം ക്ഷേത്രം, പുനലൂർ തൂക്കുപാലത്തിന് സമീപമുള്ള സ്നാനഘട്ടം, പുതിയിടത്ത് ശ്രീകൃഷ്ണ സ്വാമി ക്ഷേത്രം, മുഹൂർത്തി കാവ് ക്ഷേത്രം, ശിവൻകോവിൽ ക്ഷേത്രം, ചടയമംഗലം ശ്രീ മഹാദേവക്ഷേത്രം, മലപേരൂർ ആയിരവല്ലി ക്ഷേത്രം, പോരേടം ശ്രീമഹാദേവ ക്ഷേത്രം, പട്ടാഴി കേളമംഗലം ക്ഷേത്രം, പത്തനാപുരം ഇടക്കടവ്, മെതുകുമ്മേൽ കടവ്, കുണ്ടയത്ത് കടവ് എന്നിവിടങ്ങളിലും മറ്റ് പ്രധാന ബലിതർപ്പണ കേന്ദ്രങ്ങളിലും വനിത പൊലീസുകാർ ഉൾപ്പെടെ ക്രമീകരണം ഏർപ്പെടുത്തിയിട്ടുണ്ട്. അപകടങ്ങൾ ഒഴിവാക്കാനായി കടവുകളിൽ ലൈഫ് ഗാർഡുകളുടെയും വളൻറിയേഴ്സി​െൻറയും സേവനം ഉറപ്പ് വരുത്തിയിട്ടുണ്ട്. പ്രധാനകടവുകളിൽ ഫയർഫോഴ്‌സും ആംബുലൻസും മെഡിക്കൽ ടീം എന്നിവരുടെ സേവനവും ഏർപ്പെടുത്തിയിട്ടുണ്ട്. ഗതാഗത നിയന്ത്രണത്തിനും പാർക്കിങ് ക്രമീകരണത്തിനുമായി അധികമായി പൊലീസുകാരെ നിയമിച്ചിട്ടുണ്ട്. ബലിതർപ്പണ കടവുകളുടെ ഭാഗങ്ങളിൽ പൊലീസ് ബൈക്ക് പട്രോളിങ് ഏർപ്പെടുത്തിയിട്ടുണ്ട്. മോഷണം, പിടിച്ചുപറി എന്നിവ തടയുന്നതിനായി സി.സി.ടി.വി നിരീക്ഷണ സംവിധാനവും കൺട്രോൾ റൂം സംവിധാനവും പൊലീസ് എയ്ഡ് പോസ്റ്റ് സംവിധാനവും ഏർപ്പെടുത്തിയതായും പൊലീസ് മേധാവി അറിയിച്ചു.","കൊട്ടാരക്കര: കർക്കടക വാവിനോടനുബന്ധിച്ച് 22, 23 തീയതികളിൽ കൊല്ലം റൂറൽ ജില്ലയിലെ ബലിതർപ്പണ കേന്ദ്രങ്ങളിൽ സുരക്ഷ ക്രമീകരണങ്ങൾ ഏർപ്പെടുത്തിയതായി റൂറൽ ജില്ല പൊലീസ് മേധാവി എസ്. സുരേന്ദ്രൻ അറിയിച്ചു.",mal,madhyamam,Madhyamam,fake news,6feb82df-d567-4302-8a4d-8e480f1d0bbe,article,MassiveSum
https://nra.lv/latvija/331063-minimalas-vecuma-pensijas-aprekina-baze-bus-136-eiro.htm,https://nra.lv/latvija/331063-minimalas-vecuma-pensijas-aprekina-baze-bus-136-eiro.htm,Minimālās vecuma pensijas aprēķina bāze būs 136 eiro,,"Saeima šodien galīgajā lasījumā pieņēma grozījumus likumā ""Par valsts pensijām"", kas nosaka, ka minimālās vecuma pensijas aprēķina bāze būs 136 eiro jeb 25% no ienākumu mediānas.

Ienākumu mediāna ir 544,41 eiro atbilstoši 2018.gada datiem, norādīts likuma izmaiņu anotācijā.

Minimālā vecuma pensija par katru apdrošināšanas stāža gadu tiks noteikta, piemērojot vecuma pensijas aprēķina bāzei koeficientu - 1,1, un par katru nākamo gadu, kas pārsniedz vecuma pensijas piešķiršanai nepieciešamo apdrošināšanas stāžu, apmēru palielinot par 2% no minimālās vecuma pensijas aprēķina bāzes.

Mainoties vecuma pensijas piešķiršanai nepieciešamā apdrošināšanas stāža lielumam, minimālās vecuma pensijas apmērs nedrīkstēs būt mazāks par iepriekš noteikto minimālo vecuma pensijas apmēru pie konkrētā apdrošināšanas stāža lieluma, norādīts pieņemto likuma grozījumu anotācijā.

Noteikts, ka III grupas invaliditātes gadījumā invaliditātes pensija tiek noteikta invaliditātes pensijas aprēķina bāzes līmenī, kas ir 136 eiro, bet personām ar invaliditāti kopš bērnības - 163 eiro. Arī I un II grupas invaliditātes pensijas apmērs nedrīkstēs būt mazāks par invaliditātes pensijas aprēķina bāzi, kurai piemērots koeficients 1,6 I grupas invaliditātes gadījumā un 1,4 II grupas invaliditātes gadījumā.

Grozījumi veikti saistībā ar Satversmes tiesas (ST) spriedumiem par garantētajiem minimālajiem ienākumiem iedzīvotājiem, kā ar ST lietvedībā vēl esošām lietām.

Minētie grozījumi ir daļa no 2021.gada budžetu pavadošās likumprojektu pakotnes.","Saeima šodien galīgajā lasījumā pieņēma grozījumus likumā ""Par valsts pensijām"", kas nosaka, ka minimālās vecuma pensijas aprēķina bāze būs 136 eiro jeb 25% no ienākumu mediānas.",mal,nra,NRA,fake news,c4e3dac7-3e09-4ac3-81c2-038ea9946986,article,MassiveSum
https://www.madhyamam.com/local-news/trivandrum/680029,https://www.madhyamam.com/local-news/trivandrum/680029,മോട്ടോർ തൊഴിലാളി യൂനിയൻ ഭക്ഷ്യധാന്യ കിറ്റുകൾ വിതരണം ചെയ്തു,,"നെയ്യാറ്റിൻകര: എ.െഎ.ടി.യു.സി മോട്ടോർ തൊഴിലാളി യൂനിയൻ പഴയ ഉച്ചക്കട യൂനിറ്റിൻെറ നേതൃത്വത്തിൽ ഭക്ഷ്യധാന്യ കിറ്റുകൾ വിതരണം ചെയ്തു. സി.പി.െഎ മണ്ഡലം സെക്രേട്ടറിയറ്റംഗം എൽ. ശശികുമാർ അധ്യക്ഷനായ യോഗം യൂനിയൻ സെക്രട്ടറി ഡോ. എസ്.ശശിധരൻ കിറ്റുകൾ വിതരണം ചെയ്ത് ഉദ്ഘാടനം ചെയ്തു. തൊഴിലാളികൾക്കും നിർധനരായ നാട്ടുകാർക്കുമായി നൂറുകണക്കിന് കിറ്റുകൾ വിതരണം ചെയ്തു. കാരോട് പഞ്ചായത്ത് ആരോഗ്യ വിദ്യാഭ്യാസ സ്റ്റാൻഡിങ് കമ്മിറ്റി ചെയർപേഴ്സൺ ഇ. ചന്ദ്രിക, പ്രമോദ്, എൽ. മധു തുടങ്ങിയവർ പങ്കെടുത്തു. AITUC photo: ഡോ. എസ്. ശശിധരൻ കിറ്റുകൾ വിതരണം ചെയ്യുന്നു.....",നെയ്യാറ്റിൻകര: എ.െഎ.ടി.യു.സി മോട്ടോർ തൊഴിലാളി യൂനിയൻ പഴയ ഉച്ചക്കട യൂനിറ്റിൻെറ നേതൃത്വത്തിൽ ഭക്ഷ്യധാന്യ കിറ്റുകൾ വിതരണം ചെയ്തു. സി.പി.െഎ മണ്ഡലം  സെക്രേട്ടറിയറ്റംഗം എൽ. ശശികുമാർ അധ്യക്ഷനായ യോഗം,mal,madhyamam,Madhyamam,fake news,93b9f0cf-e91c-472f-b838-43484f7e7a73,article,MassiveSum
https://www.madhyamam.com/kerala/local-news/malappuram/--528529,,ഭക്ഷ്യസുരക്ഷ സേനയില്‍ അംഗങ്ങളാകാം,,"കണ്ണൂര്‍: കൈപ്പാട് വികസന പദ്ധതിയുടെ ഭാഗമായി രൂപവത്കരിക്കുന്ന ഭക്ഷ്യസുരക്ഷ സേനയില്‍ അംഗങ്ങളാകുന്നതിന് ജൂലൈ 23ന് രാവിലെ 10 മണിക്ക് ചെറുകുന്ന് ഗ്രാമപഞ്ചായത്ത് ഓഫിസില്‍ തൊഴില്‍രഹിതരുടെ ഇൻറര്‍വ്യൂ നടക്കും. അപേക്ഷകൾ ഈ മാസം 18ന് വൈകീട്ട് അഞ്ചുമണിക്ക് മുമ്പ്​ ചെറുകുന്ന് പഞ്ചായത്ത് ഓഫിസില്‍ ലഭിക്കണം. ചെറുകുന്ന്, കണ്ണപുരം, പട്ടുവം, ഏഴോം എന്നീ പഞ്ചായത്ത് ഓഫിസുകളിലും കൃഷിഭവനുകളിലും മലബാര്‍ കൈപ്പാട് ഫാര്‍മേഴ്‌സ് സൊസൈറ്റി എന്നിവിടങ്ങളിലും അപേക്ഷകള്‍ ലഭിക്കും. ഫോണ്‍: 9495390661 (ചെറുകുന്ന്), 9447951567(കണ്ണപുരം), 9495104426 (പട്ടുവം), 9895760460 (ഏഴോം), 9846334758 (പിലിക്കോട്).",ഭക്ഷ്യസുരക്ഷ സേനയില്‍ അംഗങ്ങളാകാം,mal,madhyamam,Madhyamam,fake news,851fe2eb-a616-4a04-bfb5-20317e03c4f5,article,MassiveSum
https://nra.lv/politika/281942-ungarija-ep-velesanas-parliecinosi-uzvarejusi-orbana-partija-rada-aptauja.htm,https://nra.lv/politika/281942-ungarija-ep-velesanas-parliecinosi-uzvarejusi-orbana-partija-rada-aptauja.htm,"Ungārijā EP vēlēšanās pārliecinoši uzvarējusi Orbāna partija, rāda aptauja",,"Ungārijas labējā premjerministra Viktora Orbāna partija ""Fidesz"" ieguvusi 56% balstu svētdien notikušajās Eiropas Parlamenta (EP) vēlēšanās, liecina pēc iecirkņu slēgšanas veiktas telefonaptaujas rezultāti.

Ungārijas vēlēšanu komisija paziņoja, ka vēlētāju aktivitāte bijusi rekordaugsta EP vēlēšanās šajā valstī - 42%.

2014.gada EP vēlēšanās ""Fidesz"" ieguva 51% balsu un 12 no Ungārijas 21 mandāta EP.","Ungārijas labējā premjerministra Viktora Orbāna partija ""Fidesz"" ieguvusi 56% balstu svētdien notikušajās Eiropas Parlamenta (EP) vēlēšanās, liecina pēc iecirkņu slēgšanas veiktas telefonaptaujas rezultāti.",mal,nra,NRA,fake news,95fda7bf-a463-442f-83d0-372587645e03,article,MassiveSum
https://www.dengeamerika.com/a/parlamantereki-sunni-li-iraqe-ji-mirine-rizgar-bu-147747105/1247459.html,https://www.dengeamerika.com/a/parlamantereki-sunni-li-iraqe-ji-mirine-rizgar-bu-147747105/1247459.html,Parlamanterekî Sunnî yê Îraqî ji Mirinê Rizgar Bû,,"Endamekî Sunnî yê parlemana Îraqê di hewleka kuştinê de rizgar bû, dema çekdaran li bakura paytaxtê boseyek bo karwanê otombîlên wî dana.

Ajansa Associated Press ji zarê Felah El Neqîb, endamê lîsta El Îraqîye radigihîne ku çekdaran li bajarê Tacî otombîlên wî gulebaran kirin.

El Neqîb dibêje, ti kes di wê êrîşê de birîndar nebû. Wî daxwaz ji hikûmetê kir ku vêkolînê li ser wê êrîşê bike.

Ev êrîşa herî dawî ya karê tundûtîjî li Îraqê ye, li demekê ku alozîyên sîyasî yên ser kontrola desthilatê li navbera hikûmeta bi rêberatîya Şîayan û sîyasetvanên Sunnî zêde dibin.","Endamekî Sunnî yê parlemana Îraqê di hewleka kuştinê de rizgar bû, dema çekdaran li bakurêa paytaxtê boseyek bo karwanê otombîlên wî dan",mal,dengeamerika,Denge Amerika,fake news,5c19a7e8-dee6-4778-b5a5-03161cf2592e,article,MassiveSum
https://www.madhyamam.com/health/general-health/sleepless-people-dangerous-technology-news/629931,,ഉ​റ​ക്ക​ച്ച​ട​വു​ള്ള​വ​ർ ‘അ​പ​ക​ട​കാ​രി’​ക​ളെ​ന്ന്​ നാ​സ,,"സാ​ൻ​​ഫ്രാ​ൻ​സി​സ്​​കോ: വാ​ഹ​നാ​പ​ക​ട​ങ്ങ​ൾ വ​രു​ത്തു​ന്ന​വ​രി​ൽ മ​ദ്യ​പാ​നി​ക​ളെ​ക്കാ​ൾ അ​പ​ക​ട​കാ​ര ി​ക​ൾ ഉ​റ​ക്ക​ച്ച​ട​വു​ള്ള​വ​രാ​ണെ​ന്ന്​ ഗ​വേ​ഷ​ക​ർ. ‘നാ​സ’​യു​ടെ കീ​ഴി​ലു​ള്ള കാ​ലി​ഫോ​ർ​ണി​യ​യി​ലെ ഗ​ വേ​ഷ​ണ കേ​ന്ദ്ര​മാ​ണ്​ ക​ണ്ടെ​ത്ത​ലി​നു​ പി​ന്നി​ൽ. ഉ​റ​ക്ക​ക്കു​റ​വ്​ കാ​ഴ്​​ച​യെ​യും തീ​രു​മാ​ന​ങ്ങ​ളെ​ടു​ക്കാ​നു​ള്ള ത​ല​ച്ചോ​റി​​​െൻറ ക​ഴി​വി​നെ​യും വ​ലി​യ​തോ​തി​ൽ പ്ര​തി​കൂ​ല​മാ​യി ബാ​ധി​ക്കു​മെ​ന്നാ​ണ്​ ക​​ണ്ടെ​ത്ത​ൽ. 28 മ​ണി​ക്കൂ​ർ തു​ട​ർ​ച്ച​യാ​യി ഉ​റ​ങ്ങാ​ത്ത​വ​രു​ടെ ബോ​ധം മ​ദ്യ​പാ​നി​ക​ളെ​ക്കാ​ൾ അ​പ​ക​ട​ക​ര​മാ​ണെ​ന്നും ഗ​വേ​ഷ​ക​ർ മു​ന്ന​റി​യി​പ്പ്​ ന​ൽ​കു​ന്നു.​

ഉ​റ​ക്ക​ച്ച​ട​വ്​ ക​ണ്ണി​ലെ കൃ​ഷ്​​ണ​മ​ണി​ക​ളു​ടെ സ്വാ​ഭാ​വി​ക ച​ല​നം ഇ​ല്ലാ​താ​ക്കു​ന്ന​തി​നാ​ൽ വാ​ഹ​ന​ങ്ങ​ൾ ഡ്രൈ​വു​ചെ​യ്യു​േ​മ്പാ​ൾ മു​ന്നി​ൽ കാ​ണു​ന്ന വ​സ്​​തു​ക്ക​ളു​ടെ സ്വ​ഭാ​വ​വും വാ​ഹ​ന​ത്തി​ൽ​നി​ന്നു​ള്ള ദൂ​ര​വും ക​ണ​ക്കാ​ക്കു​ന്ന​തി​ൽ പ​രാ​ജ​യ​പ്പെ​ടു​െ​ന്ന​ന്നാ​ണ്​ പ​ഠ​നം ന​ൽ​കു​ന്ന സൂ​ച​ന.

അ​തിനാൽ ഉ​റ​ക്കം ബാ​ക്കി​യു​ള്ള​വ​ർ വാ​ഹ​ന​ങ്ങ​ൾ ഒാ​ടി​ക്കു​േ​മ്പാ​ൾ എ​ടു​ക്കു​ന്ന തീ​രു​മാ​ന​ങ്ങ​ൾ പ​ല​പ്പോ​ഴും തെ​റ്റാ​നും അ​പ​ക​ട​ങ്ങ​ൾ​ക്ക്​ കാ​ര​ണ​മാ​കു​ക​യും ചെ​യ്യു​ന്നു. റോ​ഡ​പ​ക​ങ്ങ​ളി​ൽ ഉ​ൾ​പ്പെ​ട്ട ഡ്രൈ​വ​ർ​മാ​രി​ൽ ന​ട​ത്തി​യ പ​ഠ​ന​ത്തി​ൽ മ​ദ്യം ഉ​പ​യോ​ഗി​ച്ച്​ വാ​ഹ​ന​ങ്ങ​ൾ ഒാ​ടി​ക്കു​ന്ന​വ​രെ​ക്കാ​ൾ കൂ​ടു​ത​ൽ അ​പ​ക​ട​ങ്ങ​ൾ വ​രു​ത്തു​ന്ന​ത്​ രാ​ത്രി​ഷി​ഫ്​​റ്റു​ക​ളി​ൽ ജോ​ലി​ചെ​യ്യു​ന്ന​വ​രും ആ​വ​ശ്യ​ത്തി​ന്​ ഉ​റ​ങ്ങാ​ത്ത​വ​രു​മാ​ണെ​ന്ന്​ ഗ​വേ​ഷ​ണ​ങ്ങ​ൾ​ക്ക്​ നേ​തൃ​ത്വം ന​ൽ​കി​യ സൈ​ക്കോ​ള​ജി​സ്​​റ്റ്​ ​കൂ​ടി​യാ​യ ഡോ. ​ലീ സ്​​റ്റോ​ൺ പ​റ​ഞ്ഞു.

ദി​വ​സേ​ന കു​റ​ഞ്ഞ​ത്​ ഏ​ഴ്​ മ​ണി​ക്കൂ​റെ​ങ്കി​ലും തു​ട​ർ​ച്ച​യാ​യി ഉ​റ​ങ്ങാ​ത്ത​വ​രു​ടെ മ​സ്​​തി​ഷ്​​കം കൃ​ത്യ​മാ​യി പ്ര​വ​ർ​ത്തി​ക്കി​ല്ലെ​ന്ന്​ ‘ദ ​നാ​ഷ​ന​ൽ സ്​​ലീ​പ്​ ഫൗ​ണ്ടേ​ഷ​ൻ’ ശി​പാ​ർ​ശ​ചെ​യ്യു​ന്നു​വെ​ന്നും അ​ദ്ദേ​ഹം പ​റ​ഞ്ഞു.",സാ​ൻ​​ഫ്രാ​ൻ​സി​സ്​​കോ: വാ​ഹ​നാ​പ​ക​ട​ങ്ങ​ൾ വ​രു​ത്തു​ന്ന​വ​രി​ൽ മ​ദ്യ​പാ​നി​ക​ളെ​ക്കാ​ൾ അ​പ​ക​ട​കാ​ര   ി​ക​ൾ ഉ​റ​ക്ക​ച്ച​ട​വു​ള്ള​വ​രാ​ണെ​ന്ന്​ ഗ​വേ​ഷ​ക​ർ. ‘നാ​സ’​യു​ടെ കീ​ഴി​ലു​ള്ള...,mal,madhyamam,Madhyamam,fake news,208a7941-ce85-4787-9164-a4567ccb8714,article,MassiveSum
https://www.madhyamam.com/local-news/thrissur/642147,,ക്ഷേത്ര വാദ്യകലാ അക്കാദമി വാർഷികവും കലാകാര സംഗമവും തൃശൂരിൽ,,"തൃശൂർ: േതക്കിൻകാട് മൈതാനിയിൽ 29, 30 തീയതികളിൽ നടക്കുന്ന കേരള ക്ഷേത്ര വാദ്യകലാ അക്കാദമി വാർഷിക സമ്മേളനത്തിൻെറയും 'വാദ്യപ്രപഞ്ചം' എന്ന ദേശീയ കലാകാര സംഗമത്തിൻെറയും സ്വാഗതസംഘം രൂപവത്കരിച്ചു. സംസ്ഥാന പ്രസിഡൻറ് അന്തിക്കാട് പത്മനാഭൻ യോഗം ഉദ്ഘാടനം ചെയ്തു. ജനറൽ സെക്രട്ടറി കൊടകര രമേശ് അധ്യക്ഷത വഹിച്ചു. ചേരാനെല്ലൂർ ശങ്കരൻ കുട്ടി മാരാർ, കൃഷ്ണകുമാർ അടിയാട്ട്, രാജേഷ് പുതുമന, ഉണ്ണികൃഷ്ണൻ കടമേരി, ഏഷ്യാഡ് ശശി മാരാർ, കീഴൂട്ട് നന്ദനൻ, സൈബിൻ നായത്തോട് എന്നിവർ സംസാരിച്ചു. സ്വാഗതസംഘം ഭാരവാഹികളായി പെരുവനം കുട്ടൻ മാരാർ (ചെയർമാൻ) അന്തിക്കാട് പത്മനാഭൻ (ജനറൽ കൺവീനർ) കീഴൂട്ട് നന്ദനൻ (ട്രഷറർ) കൊടകര രമേശ് (ചീഫ് കോഓഡിനേറ്റർ) എന്നിവരെ തെരഞ്ഞെടുത്തു.","തൃശൂർ: േതക്കിൻകാട് മൈതാനിയിൽ 29, 30 തീയതികളിൽ നടക്കുന്ന കേരള ക്ഷേത്ര വാദ്യകലാ അക്കാദമി വാർഷിക സമ്മേളനത്തിൻെറയും 'വാദ്യപ്രപഞ്ചം' എന്ന ദേശീയ കലാകാര സംഗമത്തിൻെറയും സ്വാഗതസംഘം രൂപവത്കരിച്ചു. സംസ്ഥാന...",mal,madhyamam,Madhyamam,fake news,3778f75b-0aea-45e1-bf7f-82f2252f9636,article,MassiveSum
https://www.madhyamam.com/local-news/malappuram/2018/jul/15/521625,,ഇക്വഡോറിൽ ജോലി വാഗ്​ദാനം ചെയ്​ത്​ എട്ടുലക്ഷം തട്ടിയ രണ്ടുപേർ അറസ്​റ്റിൽ,,"കോട്ടയം: ഇക്വഡോറിൽ ജോലി വാഗ്ദാനം ചെയ്ത് എട്ടുലക്ഷം തട്ടിയ കേസിൽ രണ്ടുപേർ അറസ്റ്റിൽ. ഒരാൾ ഒളിവിൽ. പെരുമ്പാവൂർ അറയ്ക്കപ്പടി ഭാഗത്ത് പാറയിൽ രഞ്ജിത് വർഗീസ് (27), വലപ്പാട് ബീച്ച് അരവീട്ടിൽ നിർമൽ (27) എന്നിവരെയാണ് അയർക്കുന്നം പൊലീസ് അറസ്റ്റ് ചെയ്തത്. രഞ്ജിത്തി​െൻറ ഭാര്യ സവിത (25) ഒളിവിലാണ്. മറ്റക്കര മുണ്ടയ്ക്കൽ ജിബിൻ വർഗീസി​െൻറ പരാതിയിലാണ് അറസ്റ്റ്. ഇക്വഡോറിലെ റസ്റ്റാറൻറിൽ ജോലി വാഗ്ദാനം ചെയ്തായിരുന്നു തട്ടിപ്പ്. ഇക്വഡോറിൽ 40,000 രൂപ ശമ്പളത്തിൽ ജോലി ചെയ്ത ശേഷം കാനഡ വഴി അമേരിക്കയിലേക്ക് കൊണ്ടുപോകാമെന്നായിരുന്നു വാഗ്ദാനം. ജിബിൻ എറണാകുളത്ത് ജോലി ചെയ്യുേമ്പാഴാണ് രഞ്ജിത്തുമായി പരിചയപ്പെട്ടത്. ഇവർ ഇക്വഡോറിലേക്ക് ജോലിക്ക് ആളെ അയക്കുന്ന ഏജൻസിയാണെന്ന് പരിചയപ്പെടുത്തിയാണ് ഇടപാട് നടത്തിയത്. 2016 നവംബർ 24ന് അയർക്കുന്നത്തെ ബാങ്കിൽനിന്ന് രഞ്ജിത്തി​െൻറ അക്കൗണ്ടിലേക്കാണ് എട്ടുലക്ഷം നിക്ഷേപിച്ചത്. സാമ്പത്തിക ശേഷിയില്ലാതിരുന്ന ജിബി​െൻറ കുടുംബം വീടും പറമ്പും ബാങ്കിൽ പണയപ്പെടുത്തിയാണ് പണം കണ്ടെത്തിയത്. ഇക്വഡോറിലേക്ക് കൊണ്ടുപോയെങ്കിലും ജോലി ലഭിച്ചില്ല.","കോട്ടയം: ഇക്വഡോറിൽ ജോലി വാഗ്ദാനം ചെയ്ത് എട്ടുലക്ഷം തട്ടിയ കേസിൽ രണ്ടുപേർ അറസ്റ്റിൽ. ഒരാൾ ഒളിവിൽ. പെരുമ്പാവൂർ അറയ്ക്കപ്പടി ഭാഗത്ത് പാറയിൽ രഞ്ജിത് വർഗീസ് (27), വലപ്പാട് ബീച്ച് അരവീട്ടിൽ നിർമൽ",mal,madhyamam,Madhyamam,fake news,aacf55e0-2006-40bb-85da-d653efe3dd41,article,MassiveSum
https://lao.voanews.com/a/2078673.html,https://lao.voanews.com/a/2078673.html,"ສລຸບຂ່າວ, 29 ທັນວາ 2009",,ອ່ານແລະຟັງຂ່າວ ກ່ຽວກັບປະເທດລາວ ເອເຊຍ ອາເມຣິກາ ແລະໂລກ. ນອກນັ້ນ ວີໂອເອລາວຍັງນໍາສະເໜີລາຍງານທີ່ລົງເລິກ ກ່ຽວກັບເລື້ອງຕ່າງໆທີ່ຢູ່ໃນຂ່າວ ແລະຄວາມກ້າວໜ້າດ້ານການແພດ ສຸຂະພາບ ອະນາໄມ ເສດຖະກິດ ການກະເສດ ວິທະຍາສາດແລະເທັກໂນໂລຈີ ຕະຫລອດທັງລາຍການດົນຕີ ແລະຊີວິດຊາວລາວໃນຕ່າງແດນ.,ອ່ານແລະຟັງຂ່າວ ກ່ຽວກັບປະເທດລາວ ເອເຊຍ ອາເມຣິກາ ແລະໂລກ. ນອກນັ້ນ ວີໂອເອລາວຍັງນໍາສະເໜີລາຍງານທີ່ລົງເລິກ ກ່ຽວກັບເລື້ອງຕ່າງໆທີ່ຢູ່ໃນຂ່າວ ແລະຄວາມກ້າວໜ້າດ້ານການແພດ ສຸຂະພາບ ອະນາໄມ ເສດຖະກິດ ການກະເສດ ວິທະຍາສາດແລະເທັກໂນໂລຈີ ຕະຫລອດທັງລາຍການດົນຕີ ແລະຊີວິດຊາວລາວໃນຕ່າງແດນ.,mal,voanews,VOA News,fake news,29f07dbf-c11c-4b4f-b392-c3125791feed,article,MassiveSum
https://www.madhyamam.com/local-news/trivandrum/2018/feb/20/431900,,ബോട്ടുടമകളുടെ സമരം അവസാനിപ്പിക്കാൻ സർക്കാർ ഇടപെടണം,,"കൊല്ലം: യന്ത്രവത്കൃത മത്സ്യബന്ധന മേഖലയെ നിലനിർത്താൻ സർക്കാർ നടപടി സ്വീകരിക്കണമെന്ന് കേരള സ്റ്റേറ്റ് െഎസ് മാനുഫാക്േചഴ്സ് അസോ. സംസ്ഥാന പ്രസിഡൻറ് എം.കെ. പ്രേമാനന്ദൻ, ജന. സെക്രട്ടറി കെ. ഉത്തമൻ എന്നിവർ ആവശ്യപ്പെട്ടു. ബോട്ടുടമകളുടെ സമരം ദിവസങ്ങൾ പിന്നിട്ടതോടെ മത്സ്യബന്ധന മേഖലക്കും സർക്കാറിനും കനത്ത വരുമാനനഷ്ടമാണ് ഉണ്ടാക്കിയിരിക്കുന്നത്. കൂടാതെ മത്സ്യബന്ധന യാനങ്ങളിൽ പണിയെടുക്കുന്ന ആയിരക്കണക്കിന് മത്സ്യത്തൊഴിലാളികളും അനുബന്ധ തൊഴിലാളികളും കഷ്ടത്തിലായിരിക്കുന്നു. സമരം നീണ്ടുപോകുന്ന സാഹചര്യത്തിൽ െഎസ് പ്ലാൻറുകളും അനിശ്ചിതകാലത്തേക്ക് പണി നിർത്തിവെക്കാൻ സംസ്ഥാന കമ്മിറ്റി തീരുമാനിച്ചു. സർക്കാറിന് ഡീസൽ ഇനത്തിലും മത്സ്യ കയറ്റുമതിയിനത്തിലും ദിവസം കോടിക്കണക്കിന് രൂപയാണ് നഷ്ടമുണ്ടാകുന്നത്. ഇൗ സാഹചര്യത്തിൽ യന്ത്രവത്കൃത മത്സ്യമേഖലയെ നിലനിർത്തുന്നതിനുവേണ്ടി മുഖ്യമന്ത്രിയും ഫിഷറീസ് മന്ത്രിയും ഇടപെട്ട് സമരം വേഗം ഒഴിവാക്കാൻ ശ്രമിക്കണമെന്ന് ഇവർ പറഞ്ഞു.","കൊല്ലം: യന്ത്രവത്കൃത മത്സ്യബന്ധന മേഖലയെ നിലനിർത്താൻ സർക്കാർ നടപടി സ്വീകരിക്കണമെന്ന് കേരള  സ്റ്റേറ്റ് െഎസ് മാനുഫാക്േചഴ്സ് അസോ. സംസ്ഥാന പ്രസിഡൻറ് എം.കെ. പ്രേമാനന്ദൻ, ജന. സെക്രട്ടറി കെ. ഉത്തമൻ...",mal,madhyamam,Madhyamam,fake news,b5fed011-b1fb-44fe-b23f-6087489a32af,article,MassiveSum
https://www.dengeamerika.com/a/4621522.html,https://www.dengeamerika.com/a/4621522.html,Bernama Duyê,,Bernameyên Dengê Amerîka (VOA) yên bi zimanê Kurmancî ku li ser înternetê tên weşandin,Bernameyên Dengê Amerîka (VOA) yên bi zimanê Kurmancî ku li ser înternetê tên weşandin,mal,dengeamerika,Denge Amerika,fake news,297d7f54-4e8f-4d56-9f2e-54825f744790,article,MassiveSum
https://www.madhyamam.com/local-news/kozhikode/2018/jan/03/408012,https://www.madhyamam.com/local-news/kozhikode/2018/jan/03/408012,ഇ.വി. അഹമ്മദ് കോയ അനുശോചനയോഗം,,"കുറ്റിച്ചിറ: സിയസ്‌ക്കോ മുന്‍ പ്രസിഡൻറും സാമൂഹികപ്രവര്‍ത്തകനുമായ ഇ.വി. അഹമ്മദ് കോയയുടെ അനുശോചനയോഗം കുറ്റിച്ചിറ സിയസ്‌ക്കോ ഹാളില്‍ നടന്നു. 1956 ജൂണ്‍ 21ന് സിയസ്‌ക്കോ രൂപവത്കരിക്കുമ്പോള്‍ മുതൽ ഇ.വി. അഹമ്മദ് കോയ സ്ഥാപക മെംബറാണ്. 1961-1962 കാലയളവില്‍ സിയസ്‌ക്കോയുടെ പ്രസിഡൻറായി. പിന്നീട് സിയസ്‌ക്കോ സീനിയര്‍ സിറ്റിസണ്‍ ഫോറത്തി​െൻറ കോഓഡിനേറ്ററായി. സിയസ്‌ക്കോ പ്രസിഡൻ പി.ടി. മുഹമ്മദാലി അധ്യക്ഷത വഹിച്ചു. സിയസ്‌ക്കോ ജനറല്‍ സെക്രട്ടറി നൗഷാദ് അലി, ഡി.സി.സി വൈസ് പ്രസിഡൻറ് ഇ.വി. ഉസ്മാന്‍ കോയ, സീനിയര്‍ സിറ്റിസണ്‍ അംഗങ്ങളായ സി.പി.എം. സഈദ്, പി.വി. അബ്ദുല്ല കോയ, സി.ഇ.വി. അബ്ദുല്‍ ഗഫൂര്‍, വി. അബ്ദുല്‍ ഗഫൂര്‍, എം. അബ്ദുല്‍ ലത്തീഫ്, മുന്‍ പ്രസിഡൻറ് കെ.പി. ആലിക്കോയ തുടങ്ങിയവര്‍ സംബന്ധിച്ചു.",കുറ്റിച്ചിറ: സിയസ്‌ക്കോ മുന്‍ പ്രസിഡൻറും സാമൂഹികപ്രവര്‍ത്തകനുമായ ഇ.വി. അഹമ്മദ് കോയയുടെ അനുശോചനയോഗം കുറ്റിച്ചിറ സിയസ്‌ക്കോ ഹാളില്‍ നടന്നു. 1956 ജൂണ്‍ 21ന് സിയസ്‌ക്കോ രൂപവത്കരിക്കുമ്പോള്‍ മുതൽ ഇ.വി....,mal,madhyamam,Madhyamam,fake news,cedec829-5238-4999-9cb5-7c9bd459779d,article,MassiveSum
https://www.madhyamam.com/local-news/kasarkode/local-news/654100,https://www.madhyamam.com/local-news/kasarkode/local-news/654100,ഇ​നി ഞാ​നൊ​ഴു​ക​ട്ടെ പദ്ധതി ജി​ല്ല​യി​ലെ 45 നീ​ര്‍ച്ചാ​ലു​ക​ള്‍ പു​തു​ജീ​വനായൊഴുകും,,"കാ​സ​ർ​കോ​ട്​: മ​ണ്ണി​നെ നീ​ര​ണി​യി​ച്ച്, പു​തു​ജീ​വ​ൻ ന​ൽ​കി​യി​രു​ന്ന ആ ​ജ​ല​സ്രോ​ത​സ്സു​ക​ൾ ഇ​നി​യും കു​ഞ്ഞു​തി​ര​ക​ളാ​യി ഒ​ഴു​കി​ത്തു​ട​ങ്ങും. ഇ​ല്ലാ​താ​യി​ക്കൊ​ണ്ടി​രി​ക്കു​ന്ന 45 നീ​ർ​ച്ചാ​ലു​ക​ളാ​ണ്​ വീ​​ണ്ടെ​ടു​ക്കു​ന്ന​ത്. നാ​ടി​​െൻറ ജ​ല​സ്രോ​ത​സ്സു​ക​ളാ​യ നീ​ര്‍ച്ചാ​ലു​ക​ളു​ടെ വീ​ണ്ടെ​ടു​പ്പി​നാ​യി ഹ​രി​ത​കേ​ര​ള മി​ഷ​നാ​ണ്​ ജ​ന​കീ​യ പ​രി​പാ​ടി​യു​മാ​യി രം​ഗ​ത്ത്. മി​ഷ​ൻ​റ മൂ​ന്നാം വാ​ര്‍ഷി​ക​ത്തി​​െൻറ ഭാ​ഗ​മാ​യി ‘ഇ​നി ഞാ​നൊ​ഴു​ക​ട്ടെ’ എ​ന്ന പ​ദ്ധ​തി​യാ​ണ്​ ജി​ല്ല​യി​ലെ ത​ദ്ദേ​ശ​സ്വ​യം​ഭ​ര​ണ സ്ഥാ​പ​ന പ​രി​ധി​യി​ലെ 45 നീ​ര്‍ച്ചാ​ലു​ക​ള്‍ ശു​ചീ​ക​രി​ക്കു​ന്ന​ത്. ജി​ല്ല​യി​ലെ ത​ദ്ദേ​ശ​സ്വ​യം​ഭ​ര​ണ സ്ഥാ​പ​ന​ങ്ങ​ളു​ടെ നേ​തൃ​ത്വ​ത്തി​ല്‍ ഡി​സം​ബ​ര്‍ 14 മു​ത​ല്‍ 22വ​രെ​യാ​ണ് നീ​ര്‍ച്ചാ​ല്‍ പു​ന​രു​ജ്ജീ​വ​ന പ​രി​പാ​ടി ന​ട​ക്കു​ക. കേ​ര​ള​ത്തി​ല്‍ ഏ​റ്റ​വും കൂ​ടു​ത​ല്‍ ന​ദി​ക​ള്‍ ഒ​ഴു​കു​ന്ന കാ​സ​ര്‍കോ​ട് ജി​ല്ല​യി​ല്‍ ക​ഴി​ഞ്ഞ​വ​ര്‍ഷ​ത്തെ വേ​ന​ലി​ലെ ഏ​പ്രി​ല്‍, മേ​യ്​ മാ​സ​ങ്ങ​ളി​ല്‍ കു​ടി​വെ​ള്ള വി​ത​ര​ണ​ത്തി​നാ​യി ത​ദ്ദേ​ശ​സ്വ​യം​ഭ​ര​ണ സ്ഥാ​പ​ന​ങ്ങ​ള്‍ ചെ​ല​വ​ഴി​ച്ച​ത് ര​ണ്ടു കോ​ടി രൂ​പ​യാ​ണ്.

ജി​ല്ല​യി​ലെ ജ​ല​ക്ഷാ​മം രൂ​ക്ഷ​മാ​യി മാ​റി​യ സാ​ഹ​ച​ര്യ​ത്തി​ലാ​ണ് ഹ​രി​ത​കേ​ര​ള മി​ഷ​ന്‍ മൂ​ന്നാം വാ​ര്‍ഷി​ക​ത്തി​​െൻറ ഭാ​ഗ​മാ​യി ‘ഇ​നി ഞാ​നൊ​ഴു​ക​ട്ടെ’ എ​ന്ന​പേ​രി​ല്‍ ജി​ല്ല​യി​ലെ ത​ദ്ദേ​ശ​സ്വ​യം​ഭ​ര​ണ സ്ഥാ​പ​ന​ങ്ങ​ളു​ടെ നേ​തൃ​ത്വ​ത്തി​ല്‍ നീ​ര്‍ച്ചാ​ലു​ക​ളു​ടെ വീ​ണ്ടെ​ടു​പ്പ് ന​ട​ത്തു​ന്ന​ത്. ശു​ചീ​ക​രി​ച്ച നീ​ര്‍ച്ചാ​ലു​ക​ളു​ടെ തു​ട​ര്‍പ​രി​പാ​ല​നം പ്രാ​ദേ​ശി​ക​മാ​യി സം​ഘ​ടി​പ്പി​ക്കു​ന്ന സ​മി​തി​ക​ള്‍ നി​ര്‍വ​ഹി​ക്കും. ത​ദ്ദേ​ശ​സ്വ​യം​ഭ​ര​ണ വ​കു​പ്പ്, ജ​ല​സേ​ച​ന​വ​കു​പ്പ്, ഗ്രാ​മീ​ണ തൊ​ഴി​ലു​റ​പ്പ്, അ​യ്യ​ങ്കാ​ളി തൊ​ഴി​ലു​റ​പ്പ്, കു​ടും​ബ​ശ്രീ, ക്ലീ​ന്‍ കേ​ര​ള ക​മ്പ​നി, ശു​ചി​ത്വ​മി​ഷ​ന്‍, രാ​ഷ്​​ട്രീ​യ യു​വ​ജ​ന സ​ന്ന​ദ്ധ സം​ഘ​ട​നാ​പ്ര​വ​ര്‍ത്ത​ക​ര്‍, എ​ന്‍.​എ​സ്.​എ​സ്, എ​ന്‍.​സി.​സി, എ​സ്.​പി.​സി, സ്‌​കൗ​ട്ട് എ​ന്നി​വ ചേ​ര്‍ന്നു​ള്ള പ്ര​വ​ര്‍ത്ത​ന​മാ​ണ് ന​ട​ക്കു​ക.",ഹ​രി​ത​കേ​ര​ളം മി​ഷ​നാ​ണ്​ ജ​ന​കീ​യ പ​രി​പാ​ടി​യു​മാ​യി രം​ഗ​ത്ത്,mal,madhyamam,Madhyamam,fake news,142bce40-d066-4fad-b15d-521b00e4d937,article,MassiveSum
https://www.madhyamam.com/india/assembly-elections-2017-count-it/2017/mar/11/251103,,വോട്ടെണ്ണല്‍ ഇന്ന്; ജനവിധിയില്‍ കണ്ണുനട്ട് രാജ്യം,,"ന്യൂഡല്‍ഹി: ദേശീയ രാഷ്ട്രീയത്തില്‍ വഴിത്തിരിവ് സൃഷ്ടിച്ചേക്കാവുന്ന നിര്‍ണായകമായ വോട്ടെണ്ണല്‍ ശനിയാഴ്ച. യു.പി, പഞ്ചാബ്, ഉത്തരാഖണ്ഡ്, ഗോവ, മണിപ്പൂര്‍ നിയമസഭകളിലേക്കു നടന്ന തെരഞ്ഞെടുപ്പിന്‍െറ ഫലം ഉച്ചയോടെ അറിയാം. രാവിലെ എട്ടിന് വോട്ടെണ്ണല്‍ തുടങ്ങും. വോട്ടെണ്ണല്‍ കേന്ദ്രങ്ങള്‍ക്കു ചുറ്റും പതിനായിരക്കണക്കിന് കേന്ദ്രസേനാംഗങ്ങളെ വിന്യസിച്ചിട്ടുണ്ട്.

വോട്ടെടുപ്പിന്‍െറ പ്രവണതകളുമായി കഴിഞ്ഞ ദിവസം പുറത്തുവന്ന എക്സിറ്റ് പോള്‍ ഫലങ്ങള്‍ യു.പിയിലും മറ്റും ബി.ജെ.പിക്ക് മേല്‍കൈ പ്രവചിക്കുന്നു. എന്നാല്‍, എക്സിറ്റ് പോള്‍ ഫലങ്ങള്‍ സംശയാസ്പദമെന്ന നിലയിലാണ് പ്രതിപക്ഷ പാര്‍ട്ടികള്‍ കാണുന്നത്. ബിഹാറിലും മറ്റും തെറ്റിയതുപോലെ, വോട്ടെണ്ണല്‍ കഴിയുമ്പോള്‍ എക്സിറ്റ് ഫലങ്ങള്‍ പൊള്ളയാണെന്ന് തെളിയുമെന്ന് കോണ്‍ഗ്രസ് ഉപാധ്യക്ഷന്‍ രാഹുല്‍ ഗാന്ധി, ആര്‍.ജെ.ഡി നേതാവ് ലാലുപ്രസാദ് യാദവ് എന്നിവര്‍ പറഞ്ഞു.

യു.പിയില്‍ ബി.ജെ.പി ഒന്നാംകക്ഷിയാവുന്ന തുക്കുസഭ വരുമെന്നാണ് പ്രവചനങ്ങള്‍. യു.പിക്കു പുറമെ ഉത്തരാഖണ്ഡ്, പഞ്ചാബ്, മണിപ്പൂര്‍ എന്നിവിടങ്ങളില്‍ നിലവിലെ ഭരണം അട്ടിമറിയും. ഗോവയില്‍ ബി.ജെ.പി നിലനിര്‍ത്തുമെന്നും വിവിധ എക്സിറ്റ് പോളുകള്‍ പ്രവചിച്ചിട്ടുണ്ട്. എക്സിറ്റ് പോള്‍ ഫലങ്ങള്‍ ശരിയെന്നു വന്നാല്‍, രാജ്യത്തിന്‍െറ രാഷ്ട്രീയ ചിത്രംതന്നെ മാറാം. 2019ലെ ലോക്സഭാ തെരഞ്ഞെടുപ്പിലേക്കു ചുവടുവെക്കുന്ന വിവിധ രാഷ്ട്രീയ പാര്‍ട്ടികള്‍, സെമിഫൈനല്‍ എന്ന നിലയിലാണ് ഈ ഫലത്തെ കാണുന്നത്.","യു.പി, പഞ്ചാബ്, ഉത്തരാഖണ്ഡ്,  ഗോവ, മണിപ്പൂര്‍ നിയമസഭ തെരഞ്ഞെടുപ്പു ഫലം ഉച്ചയോടെ",mal,madhyamam,Madhyamam,fake news,6ff4f8fe-2e60-44ed-896b-9e3eb00a1fbf,article,MassiveSum
https://www.15min.lt/naujiena/aktualu/lietuva/dalia-grybauskaite-regiono-saugumas-bendras-vokietijos-ir-baltijos-saliu-interesas-56-464890,https://www.15min.lt/naujiena/aktualu/lietuva/dalia-grybauskaite-regiono-saugumas-bendras-vokietijos-ir-baltijos-saliu-interesas-56-464890,Dalia Grybauskaitė: regiono saugumas - bendras Vokietijos ir Baltijos šalių interesas,,"„Glaudus Vokietijos ir Baltijos šalių bendradarbiavimas regione šiuo metu yra itin svarbus. Rusijos agresija prieš Ukrainą skatina plėsti mūsų ryšius saugumo ir gynybos srityse. Susiduriame su vis naujais iššūkiais, į kuriuos galime atsakyti tik sutelktomis pastangomis. Energetinis ir informacinis saugumas – tie klausimai, į kuriuos šiuo metu turime atkreipti ypatingą dėmesį“, – sakė prezidentė.

Pasak šalies vadovės, energetiniam saugumui užtikrinti svarbu ne tik ieškoti alternatyvų rusiškoms dujoms, bet taip pat kuo greičiau sukurti ES vidaus energijos rinką ir panaikinti energetines salas.

Lietuva tvirtai remia Ukrainos žmonių pasiryžimą sukurti europinę valstybę. Svarbu ir toliau teikti Ukrainai paramą, kad joje būtų įgyvendinamos svarbios demokratinės reformos.

Susitikime aptartos ir informaciniam saugumui kylančios grėsmės. Prezidentė pabrėžė, kad Lietuva šiuo metu susiduria su prieš ją nukreipta vis intensyvėjančia propaganda, todėl ieškoma būdų, kaip stabdyti skleidžiamą melą ir dezinformaciją.

Valstybių vadovai taip pat aptarė situaciją Ukrainoje. Pasak prezidentės, Lietuva tvirtai remia Ukrainos žmonių pasiryžimą sukurti europinę valstybę. Svarbu ir toliau teikti Ukrainai paramą, kad joje būtų įgyvendinamos svarbios demokratinės reformos.

Susitikime aptarti kiti aktualūs ES klausimai. Šalių vadovai kalbėjo apie galimas ES ekonomikos augimo ir konkurencingumo skatinimo priemones, taip pat apie būdus, kaip dar labiau sumažinti jaunimo nedarbą ES.

Prezidentė pabrėžė, kad Vokietija yra viena svarbiausių Lietuvos partnerių, kuri tvirtai rėmė mūsų šalies narystę ES ir NATO. Mūsų dvišaliai santykiai stiprūs visur – tiek bendradarbiaujant tarptautinėse organizacijose, tiek plėtojant ekonominius ryšius. Vokietija yra antroji didžiausia Lietuvos partnerė pagal prekybos apimtį ir trečioji didžiausia investuotoja Lietuvoje. Mūsų šalyje veikia apie 500 Vokietijos verslo kompanijų ir daugiau nei 1000 įmonių, kuriose yra vokiško kapitalo.","Dalia Grybauskaitė susitiko su Vokietijos Federacijos prezidentu Joachimu Gaucku. Berlyno sienos griuvimo 25-mečio išvakarėse vykusiame susitikime, kuriame taip pat dalyvavo...",mal,15min,15Min,fake news,3e681e99-2f7b-4aa8-aa2c-5a55462e4bd9,article,MassiveSum
https://www.madhyamam.com/local-news/trivandrum/2017/oct/03/346994,,ഗാന്ധിയെയും ഗൗരിയെയും കൊന്നത് ഒരേ വേട്ടക്കാർ ^-പി.കെ. കുഞ്ഞാലിക്കുട്ടി,,"ഗാന്ധിയെയും ഗൗരിയെയും കൊന്നത് ഒരേ വേട്ടക്കാർ -പി.കെ. കുഞ്ഞാലിക്കുട്ടി യൂത്ത് ലീഗ് ദേശീയ കാമ്പയിനിന് ബംഗളൂരുവിൽ തുടക്കം ബംഗളൂരു: ഗാന്ധി വധം മുതൽ ഗൗരി ലങ്കേഷ് വധം വരെയുള്ള ഫാഷിസ്റ്റ് കടന്നാക്രമണങ്ങൾക്കു പിന്നിൽ ഒരേ വേട്ടക്കാരാണെന്ന് മുസ്ലിം ലീഗ് ദേശീയ ജനറൽ സെക്രട്ടറി പി.കെ. കുഞ്ഞാലിക്കുട്ടി എം.പി. 'ഗാന്ധി മുതൽ ഗൗരി വരെ' എന്ന തലക്കെട്ടിൽ മുസ്ലിം യൂത്ത് ലീഗ് നടത്തുന്ന ദേശീയ കാമ്പയിൻ ബംഗളൂരുവിൽ ഉദ്ഘാടനം ചെയ്യുകയായിരുന്നു അദ്ദേഹം. ഗാന്ധി പിറന്ന നാടെന്ന് പ്രശസ്തമായ ഗുജറാത്ത് നരേന്ദ്ര മോദിയുടെ നാടെന്നാണ് ഇപ്പോൾ അറിയപ്പെടുന്നത്. എന്നാൽ, മോദി യാത്ര ആരംഭിച്ച അതേ ഗുജറാത്തിൽ ഇന്ന് വർഗീയ ഫാഷിസത്തിന് കാലിടറുന്നത് ശുഭകരമായ കാഴ്ചയാണ്. നോട്ടുനിരോധനം ചരിത്രപരമായ വിഡ്ഢിത്തമാണെന്ന് ബി.ജെ.പി നേതാക്കൾപോലും പറയുന്നു. രാജ്യത്ത് ഭരണസംവിധാനം പ്രവർത്തിക്കുന്നില്ല. ഏകാധിപത്യ ഭരണമാണ് മോദി നടത്തുന്നതെന്നും ഒറ്റയാൾ ഭരണം ഒരിക്കലും നീണ്ടുപോയ ചരിത്രമില്ലെന്നും അദ്ദേഹം പറഞ്ഞു. വരുന്ന തെരഞ്ഞെടുപ്പിൽ കർണാടകയിൽ വർഗീയശക്തികളുടെ തിരിച്ചുവരവിന് അവസരം നൽകരുത്. മതേതര ഭരണകൂടത്തിന് കർണാടകയിൽ തുടർച്ചയുണ്ടാകുമെന്ന് ഉറപ്പാക്കാൻ മതേതര വിശ്വാസികൾ രംഗത്തിറങ്ങണം. ബി.ജെ.പിക്ക് നിലനിൽക്കാൻ വർഗീയ പ്രവർത്തനങ്ങൾ വേണം. ഇതിനെ ജനങ്ങൾക്കുമുന്നിൽ തുറന്നുകാണിക്കുകയാണ് ഇത്തരം കാമ്പയിൻകൊണ്ട് ഉദ്ദേശിക്കുന്നതെന്നും കുഞ്ഞാലിക്കുട്ടി കൂട്ടിച്ചേർത്തു. യൂത്ത് ലീഗ് ദേശീയ പ്രസിഡൻറ് സാബിർ എസ്. ഗഫാർ അധ്യക്ഷത വഹിച്ചു. പ്രശസ്ത കോളമിസ്റ്റ് രാം പുനിയാനി മുഖ്യപ്രഭാഷണം നടത്തി. മുസ്ലിം ലീഗ് ദേശീയ വൈസ് പ്രസിഡൻറ് ദസ്തഗീർ ആഗ, സെക്രട്ടറി സിറാജ് ഇബ്രാഹീം സേട്ട്, മുസ്ലിം ലീഗ് കർണാടക സംസ്ഥാന കോഒാഡിനേഷൻ കമ്മിറ്റി ചെയർമാൻ മൗലാന മുഹമ്മദലി, യൂത്ത് ലീഗ് ദേശീയ ഭാരവാഹികളായ അഡ്വ. ഫൈസൽ ബാബു, ഉമർ ഇനാംദാർ, നസ്റുല്ല ഖാൻ തുടങ്ങിയവർ സംസാരിച്ചു. ജനറൽ സെക്രട്ടറി സി.കെ. സുബൈർ സ്വാഗതം പറഞ്ഞു.",ഗാന്ധിയെയും ഗൗരിയെയും കൊന്നത് ഒരേ വേട്ടക്കാർ -പി.കെ. കുഞ്ഞാലിക്കുട്ടി യൂത്ത് ലീഗ് ദേശീയ കാമ്പയിനിന് ബംഗളൂരുവിൽ തുടക്കം  ബംഗളൂരു: ഗാന്ധി വധം മുതൽ ഗൗരി ലങ്കേഷ് വധം വരെയുള്ള ഫാഷിസ്റ്റ്...,mal,madhyamam,Madhyamam,fake news,8a6d4346-5e6a-4047-9c38-774d32b07d51,article,MassiveSum
https://nra.lv/izklaide/gardeziem/114759-palutini-sevi-izcep-grozinus-ar-sokolades-un-apelsinu-pildijumu.htm,https://nra.lv/izklaide/gardeziem/114759-palutini-sevi-izcep-grozinus-ar-sokolades-un-apelsinu-pildijumu.htm,Palutini sevi izcep groziņus ar šokolādes un apelsīnu pildījumu,,"Groziņus var nopirkt arī gatavus, var nopirkt mīklu, bet, ja ir uzņēmība un vairāk laika, tos var gatavot arī mājās. Lai pagatavotu groziņus, nevajag daudz laika.

Groziņu cepšanai mājās, var izmantot metodi, ko sauc par viltus cepšanu, – groziņus vispirms apcep tukšus, tad – ar pildījumu. To izmanto, lai groziņa maliņas cepšanas laikā nesaruktu uz leju. Tad mīklu uz četrām minūtēm ieliek apcepties 225 grādu temperatūrā. Pēc tam groziņus piepilda ar sausiem zirņiem vai pupām un izcep gatavus. Pēc cepšanas izņem pupas vai zirņus.

Lai labāk mīklu iepildītu veidnītēs, – izveltnē mīklu kā apaļu plātni. Uz galda tuvu citu citai sarindo veidnītes. Mīklu viegli pārklāj pāri, lai tā pati it kā iegultos veidnītēs, pārrullē pāri ar mīklas veltni. Tādējādi ātri un bez pūlēm varēs piepildīt veidnes ar mīklu.

Groziņi ar šokolādes – apelsīnu pildījumu

Sastāvdaļas: ceturtā daļa no kilograma Ricottas siera, ēdamkarote sarīvētas melnās šokolādes, ēdamkarote sukātu, apelsīna miziņas, pūdercukurs, groziņi.

Pagatavošana: visas sastāvdaļas sajauc un pilda groziņus.

Sastāvdaļas: liess biezpiens, marakujas miziņa un sula, pūdercukurs, svaigas vai saldētas upenes vai to ievārījums, groziņi.

Pagatavošana: biezpienu sajauc ar marakujas miziņu, un sulu. Pievieno pūdercukuru un labi samaisa. Iepilda ar šo pastu groziņus. Rotā ar upenēm vai upeņu ievārījumu.","Groziņus var nopirkt arī gatavus, var nopirkt mīklu, bet, ja ir uzņēmība un vairāk laika, tos var gatavot arī mājās. Lai pagatavotu groziņus, nevajag daudz laika.",mal,nra,NRA,fake news,77b0e5cc-f080-4918-851f-61a775a658cc,article,MassiveSum
https://www.madhyamam.com/business/market/gold-rate-kerla-malayalam-news/683267,,"സ്വർണം കുതിപ്പ്​ തുടരുന്നു; പവന് 35,000 കടന്നു",,"മ​ല​പ്പു​റം: കോ​വി​ഡ് പ്ര​തി​സ​ന്ധി​യി​ലും സ്വ​ർ​ണ വി​ല​യി​ൽ കു​തി​പ്പ് തു​ട​രു​ന്നു. തി​ങ്ക​ളാ​ഴ്ച ച​രി​ത്ര​ത്തി​ലാ​ദ്യ​മാ​യി പ​വ​ന്​ 35,040 രൂ​പ​യി​ലെ​ത്തി. 240 രൂ​പ​യാ​ണ്​ വ​ർ​ധി​ച്ച​ത്. ഗ്രാ​മി​ന്​ 4380 രൂ​പ. ശ​നി​യാ​ഴ്ച 400 രൂ​പ കൂ​ടി 34,800ലെ​ത്തി​യി​രു​ന്നു. തു​ട​ർ​ച്ച​യാ​യ ദി​വ​സ​ങ്ങ​ളി​ലാ​ണ് വി​ല​ക്ക​യ​റ്റം. അ​ന്താ​രാ​ഷ്​​ട്ര വി​ല ട്രോ​യ് ഔ​ൺ​സി​ന് 1764 ഡോ​ള​റാ​ണ്. കോ​വി​ഡ് വ്യാ​പ​ന​ത്തി​ൽ മ​റ്റു വി​പ​ണി​ക​ളി​ലെ മാ​ന്ദ്യ​വും രൂ​പ​യു​ടെ ദു​ർ​ബ​ലാ​വ​സ്ഥ തു​ട​രു​ന്ന​തു​മാ​ണ്​ രാ​ജ്യ​ത്ത്​ സ്വ​ർ​ണ​വി​ല ഉ​യ​ർ​ത്തു​ന്ന​ത്.","മ​ല​പ്പു​റം: കോ​വി​ഡ് പ്ര​തി​സ​ന്ധി​യി​ലും സ്വ​ർ​ണ വി​ല​യി​ൽ കു​തി​പ്പ് തു​ട​രു​ന്നു. തി​ങ്ക​ളാ​ഴ്ച ച​രി​ത്ര​ത്തി​ലാ​ദ്യ​മാ​യി പ​വ​ന്​ 35,040 രൂ​പ​യി​ലെ​ത്തി. 240 രൂ​പ​യാ​ണ്​ വ​ർ​ധി​ച്ച​ത്....",mal,madhyamam,Madhyamam,fake news,9abbe7a9-8250-4797-b7e4-9ca37c601fb3,article,MassiveSum
https://www.madhyamam.com/local-news/kottayam/2018/mar/02/438967,,​ജോയിസ്​ ജോർജ്​ എം.പിയുടെ പട്ടയം: നിലപാട് വ്യക്തമാക്കണമെന്ന്​ സബ്​ കലക്​ടറോട്​ കലക്​ടർ,,"തൊടുപുഴ: ജോയിസ് ജോർജ് എം.പിയും കുടുംബാംഗങ്ങളും കൈവശംവെച്ചിരുന്ന ഭൂമിയുടെ പട്ടയം റദ്ദാക്കിയ നടപടിയിൽ നിലപാട് വ്യക്തമാക്കണമെന്ന് ദേവികുളം സബ് കലക്ടറോട് കലക്ടർ ആവശ്യപ്പെട്ടു. പട്ടയം റദ്ദാക്കിയ നടപടിക്കെതിരെ ജോയിസ് ജോർജ് കലക്ടർക്ക് നൽകിയ അപ്പീലിനെ തുടർന്നാണ് നടപടി. ഇതുസംബന്ധിച്ച് വാക്കാലുള്ള നിർദേശമാണ് കലക്ടർ ജി.ആർ. ഗോകുൽ, ദേവികുളം സബ് കലക്ടർ വി.ആർ. പ്രേംകുമാറിന് നൽകിയത്.",തൊടുപുഴ: ജോയിസ് ജോർജ് എം.പിയും കുടുംബാംഗങ്ങളും കൈവശംവെച്ചിരുന്ന ഭൂമിയുടെ പട്ടയം റദ്ദാക്കിയ നടപടിയിൽ നിലപാട് വ്യക്തമാക്കണമെന്ന് ദേവികുളം സബ് കലക്ടറോട് കലക്ടർ ആവശ്യപ്പെട്ടു. പട്ടയം റദ്ദാക്കിയ...,mal,madhyamam,Madhyamam,fake news,4ca5816a-846d-488d-a3a5-8ee177f29981,article,MassiveSum
https://www.madhyamam.com/local-news/malappuram/2018/may/21/488306,,എ പ്ലസ്​ വിജയികളെ അനുമോദിക്കുന്നു,,"വേങ്ങര: ഗ്രാമപഞ്ചായത്തിൽ പ്ലസ് ടു പരീക്ഷയിൽ മുഴുവൻ എ പ്ലസ് നേടിയവരെയും എസ്.എസ്.എൽ.സി പരീക്ഷയിൽ കുറഞ്ഞത് ഒമ്പത് എ പ്ലസ് നേടിയവരെയും ആദരിക്കുന്നു. വിദ്യാർഥികൾ ചൊവ്വാഴ്ചക്ക് മുമ്പ് ഗ്രാമപഞ്ചായത്ത് ഓഫിസിൽ മാർക്ക് ലിസ്റ്റ്, ഫോട്ടോ എന്നിവ സമർപ്പിക്കണം.",വേങ്ങര: ഗ്രാമപഞ്ചായത്തിൽ പ്ലസ് ടു പരീക്ഷയിൽ മുഴുവൻ എ പ്ലസ് നേടിയവരെയും എസ്.എസ്.എൽ.സി പരീക്ഷയിൽ കുറഞ്ഞത് ഒമ്പത് എ പ്ലസ് നേടിയവരെയും ആദരിക്കുന്നു. വിദ്യാർഥികൾ ചൊവ്വാഴ്ചക്ക് മുമ്പ് ഗ്രാമപഞ്ചായത്ത്...,mal,madhyamam,Madhyamam,fake news,09131e98-0609-43ce-b99e-e03e039e5525,article,MassiveSum
https://www.madhyamam.com/technology/mobiles/you-will-soon-pay-less-calls-technology/2017/aug/13/313369,,മൊബൈൽ ഫോൺ നിരക്കുകളിൽ കുറവ്​ വരുന്നു,,"ന്യൂഡൽഹി: മൊബൈൽ ഫോൺ നിരക്കുകളിൽ കുറവ്​ വരുത്താൻ ട്രായ്​ ഒരുങ്ങുന്നതായി റിപ്പോർട്ട്​. ഒരു നെറ്റ്​വർക്കിൽ നിന്ന്​ മറ്റൊന്നിലേക്ക്​ വിളിക്കു​േമ്പാൾ ഇൗടാക്കുന്ന ഇൻറർ കണക്​ട്​ യൂസേജ്​ ​(​െഎ.യു.സി) ചാർജിൽ കുറവ്​ വരുത്താനാണ്​ ട്രായ്​ ഉദ്ദേശിക്കുന്നത്​. നിലവിൽ മിനിറ്റിന്​ 14 പൈസ വരെ ​െഎ.യു.സി ചാർജായി ഇൗടാക്കുന്നണ്ട്​. ഇത്​ 10 പൈസയിൽ താഴെയാക്കാനാണ്​ ട്രായുടെ നീക്കം.

റിലയൻസ്​ ജിയോയുടെ കടന്ന്​ വരവവാണ്​ ​െഎ.യു.സി ചാർജ്​ കുറക്കുന്നതിന്​ കാരണമായതെന്നാണ്​ റിപ്പോർട്ട്​. കുറഞ്ഞ നിരക്കിൽ അൺലിമിറ്റഡ്​ കോളുകൾ നൽകുന്ന വിവിധ പ്ലാനുകളാണ്​ ജിയോ നൽകിയിരുന്നത്​. എന്നാൽ ​​െഎഡിയ, എയർടെൽ പോലുള്ള സ്ഥാപനങ്ങൾ കോടിക്കണക്കിന്​ രൂപയാണ്​ ​െഎ.യു.സിയുടെ പേരിൽ ഉപഭോക്​താകളിൽ നിന്ന്​ ഇൗടാക്കിയിരുന്നത്​.

രാജ്യത്തെ മുൻനിര കമ്പനികളിലൊന്നായ എയർടെൽ 10,279 കോടി രൂപയാണ് കഴിഞ്ഞ ​െഎ.യു.സി ചാർജായി ഇൗടാക്കിയത്​. ​െഎ.യു.സി ചാർജ്​ കൂട്ടണമെന്നാവശ്യപ്പെട്ട്​ എയർടെൽ ട്രായ്​ ചെയർമാന്​ കത്തയക്കുകയും ചെയ്​തിരുന്നു. ഇത്​ പരിഗണിക്കാതെയാണ്​ നിരക്കുകൾ കുറക്കാൻ ട്രായ്​ തീരുമാനിച്ചിരിക്കുന്നത്​.",ന്യൂഡൽഹി:  മൊബൈൽ ഫോൺ നിരക്കുകളിൽ കുറവ്​ വരുത്താൻ ട്രായ്​ ഒരുങ്ങുന്നതായി റിപ്പോർട്ട്​. ഒരു നെറ്റ്​വർക്കിൽ നിന്ന്​ മറ്റൊന്നിലേക്ക്​ വിളിക്കു​േമ്പാൾ ഇൗടാക്കുന്ന ഇൻറർ കണക്​ട്​ യൂസേജ്​ ​(​െഎ.യു.സി)...,mal,madhyamam,Madhyamam,fake news,307b259e-e0e7-4f6a-b38a-23431cd36174,article,MassiveSum
https://www.madhyamam.com/local-news/malappuram/557966,,pgdi | Madhyamam,,മദ്യ നിരോധന സമിതി സംസ്ഥാന സെക്രട്ടറിയായി തെരഞ്ഞെടുക്കപ്പെട്ട കാട്ടുങ്ങൽ അലവിക്കുട്ടി ബാഖവി.,മദ്യ നിരോധന സമിതി സംസ്ഥാന സെക്രട്ടറിയായി തെരഞ്ഞെടുക്കപ്പെട്ട കാട്ടുങ്ങൽ അലവിക്കുട്ടി ബാഖവി.,mal,madhyamam,Madhyamam,fake news,cc628f45-947c-4079-aa9d-f55ddfbfb6bf,article,MassiveSum
https://janayugomonline.com/miss-use-child-pictures/,,കുട്ടികളുടെ നഗ്ന ദൃശ്യങ്ങൾ പ്രചരിപ്പിക്കുന്ന സമൂഹത്തിലെ പല മാന്യന്മാരും കുടുങ്ങും,,"കുട്ടികളുടെ ലൈംഗിക ദൃശ്യങ്ങൾ പ്രചരിപ്പിച്ച സംഭവത്തിൽ സമൂഹത്തിൽ മാന്യൻമാരായ ചിലർ കുടുങ്ങുമെന്ന് എറണാകുളം സെൻട്രൽ പൊലീസ് ഇൻസ്പെക്ടർ എസ്. വിജയശങ്കർ. വാട്സാപ്പ് ഗ്രൂപ്പിൽ വിഡിയോ ഷെയർ ചെയ്തതിനെ തുടർന്ന് ഇന്നലെ രണ്ടു പേർ പിടിയിലായതിനു പിന്നാലെ കൂടുതൽ ആളുകൾക്കായി അന്വേഷണം നടക്കുന്നത്. സംസ്ഥാനത്തിനകത്തും പുറത്തും മോശമല്ലാത്ത കുടുംബ ജീവിതം നയിക്കുന്നവരും മാന്യൻമാരുമാണ് ഗ്രൂപ്പിലെ അംഗങ്ങളിൽ ഏറെയുമെന്ന് പൊലീസ് വ്യക്തമാക്കി. വിദേശത്തു നിന്നുള്ള കുട്ടികളുടെ ദൃശ്യങ്ങളാണ് ദുരുപയോഗം ചെയ്തതെന്നും പൊലീസ് പറഞ്ഞു. പ്രതികൾക്കെതിരെ പോക്സോ, ഐടി ആക്ടുകൾ പ്രകാരം കേസെടുത്തിട്ടുണ്ടെന്നും പൊലീസ് പറഞ്ഞു.

Eng­lish sum­ma­ry; miss use child pictures

You may alo like this video…",കുട്ടികളുടെ ലൈംഗിക ദൃശ്യങ്ങൾ പ്രചരിപ്പിച്ച സംഭവത്തിൽ സമൂഹത്തിൽ മാന്യൻമാരായ ചിലർ കുടുങ്ങുമെന്ന് എറണാകുളം സെൻട്രൽ പൊലീസ് ഇൻസ്പെക്ടർ എസ്. വിജയശങ്കർ.,mal,janayugomonline,Janayugomonline,fake news,2c4a8d34-aee7-45a9-82c6-6be2d8b3911c,article,MassiveSum
https://www.madhyamam.com/kerala/voice-message-of-swapna-investigation-will-be-completeand-report-will-be-submitted-today-603348,https://www.madhyamam.com/kerala/voice-message-of-swapna-investigation-will-be-completeand-report-will-be-submitted-today-603348,സ്വപ്നയുടെ ശബ്ദസന്ദേശം; അന്വേഷിച്ച് ഇന്നുതന്നെ റിപ്പോർട്ട് സമർപ്പിക്കും,,"തിരുവനന്തപുരം: സ്വപ്‍ന സുരേഷിന്‍റേതെന്ന പേരിൽ പ്രചരിക്കുന്ന ശബ്‍ദ രേഖയിൽ അന്വേഷണം നടത്താൻ ഉത്തരമേഖല ജയിൽ ഡി.ഐ.ജി അജയകുമാർ അട്ടക്കുളങ്ങര വനിതാ ജയിലിലെത്തി. സംഭവത്തിൽ അന്വേഷണം നടത്താൻ ഡി.ജി.പി ഋഷിരാജ് സിങ് ഇന്ന് രാവിലെ ഉത്തരവിട്ടിരുന്നു. ദക്ഷിണ മേഖല ഡി.ഐ.ജിക്കാണ് അന്വേഷണ ചുമതല. അന്വേഷണം നടത്തി ഇന്നുതന്നെ റിപ്പോർട്ട് സമർപ്പിക്കണമെന്നാണ് നിർദേശം. അന്വേഷണത്തിന് സൈബർ സെല്ലിന്‍റെ സഹായം തേടുമെന്നും ജയിൽ ഡി.ജി.പി അറിയിച്ചു.

ശബ്ദ സന്ദേശത്തിന്‍റെ ആധികാരികതയെക്കുറിച്ചാണ് പ്രധാനമായും ഡി.ഐ.ജി അന്വേഷിക്കുക. സ്വപ്ന ഫോണിൽ ജയിലിൽ നിന്ന് ആരോടെങ്കിലും സംസാരിച്ചിട്ടുണ്ടോ, ഉണ്ടെങ്കിൽ ഫോൺ ലഭിച്ചതെങ്ങനെ തുടങ്ങിയ കാര്യങ്ങളാണ് അന്വേഷിക്കുക.

മുഖ്യമന്ത്രിക്കെതിരെ മൊഴി പറയാൻ എൻഫോഴ്സ്മെന്റ് ഡയറക്ടറേറ്റ് (ഇഡി) നിർബന്ധിച്ചതായും രേഖപ്പെടുത്തിയ മൊഴി വായിച്ചു നോക്കാൻ അനുവദിക്കുന്നില്ലെന്നും സ്വപ്ന സുരേഷ് പറയുന്നതായി അവകാശപ്പെടുന്ന ശബ്ദസന്ദേശമാണ് പുറത്തുവന്നത്. മുഖ്യമന്ത്രിക്ക് എതിരെ മൊഴി നൽകിയാൽ കേസിൽ മാപ്പുസാക്ഷിയാക്കാമെന്നു വാഗ്ദാനം ചെയ്തതായും ശബ്ദസന്ദേശത്തില്‍ പറയുന്നു.",തിരുവനന്തപുരം: സ്വപ്‍ന സുരേഷിന്‍റേതെന്ന പേരിൽ പ്രചരിക്കുന്ന ശബ്‍ദ രേഖയിൽ അന്വേഷണം നടത്താൻ ഉത്തരമേഖല ജയിൽ ഡി.ഐ.ജി അജയകുമാർ അട്ടക്കുളങ്ങര വനിതാ ജയിലിലെത്തി. സംഭവത്തിൽ അന്വേഷണം നടത്താൻ ഡി.ജി.പി,mal,madhyamam,Madhyamam,fake news,efa22eea-89a4-4830-9db3-a3fb47880064,article,MassiveSum
https://www.madhyamam.com/local-news/kannur/2017/nov/23/381481,,കടൽ കടന്ന ഭക്തിയുമായി മിഹായേലെത്തി; ആറാം തവണയും മല ചവിട്ടാൻ,,"ന്യൂ മാഹി: റഷ്യൻപൗരനായ എൻജിനീയർ മിഹായേൽ ശബരിമല ചവിട്ടാൻ ആറാം തവണയും അഴിയൂെരത്തി. അഴിയൂർ വേണുഗോപാല ക്ഷേത്രത്തിൽനിന്നാണ് ഇദ്ദേഹം 2010 മുതൽ മലചവിട്ടാൻ പോകുന്നത്. ക്ഷേത്രത്തിന് സമീപത്തെ വാടകവീട്ടിലാണ് താമസം. കുടുംബസമേതമാണ് മിഹായേൽ എല്ലാവർഷവും എത്താറുള്ളത്. എന്നാൽ, ഇത്തവണ വന്നത് തനിച്ചാണ്. കഴിഞ്ഞവർഷം മിഹായേലും അമ്മയും ഒരുമിച്ചാണ് മല ചവിട്ടിയത്. ആറു വർഷം മുമ്പ് ഇന്ത്യ കാണാനും ആയുർവേദചികിത്സക്കുമായി എത്തിയ മിഹായേൽ അഴിയൂരിലെ വേണുഗോപാല ക്ഷേത്രത്തിലെത്തിയതോടെയാണ് ആത്മീയവഴിയിലെത്തിയത്. ക്ഷേത്രത്തിലെ ഗുരുസ്വാമി കെ.പി. രാജ​െൻറ നേതൃത്വത്തിലുള്ള സംഘത്തോടൊപ്പമാണ് മലചവിട്ടൽ. പെരിങ്ങാടി കാഞ്ഞിരമുള്ളപറമ്പ് ഭഗവതിക്ഷേത്രത്തിലെ മണ്ഡലമഹോത്സവത്തി​െൻറ ഭാഗമായി മിഹായേല്‍ സ്വാമിക്ക് സ്വീകരണം നല്‍കി. സി.വി. രാജൻ പെരിങ്ങാടി അധ്യക്ഷത വഹിച്ചു. ഗുരുസ്വാമിമാരായ ടി.പി. ബാലന്‍, കെ.പി. രാജന്‍, പി.കെ. സതീഷ് കുമാര്‍, മിഹായേലി​െൻറ സഹായിയും പരിഭാഷകരുമായ ടി.പി. രാവിദ്, ഒ.വി. ജയന്‍, സി.ടി.കെ. ഷാജീഷ് എന്നിവര്‍ സംസാരിച്ചു.",ന്യൂ മാഹി: റഷ്യൻപൗരനായ എൻജിനീയർ മിഹായേൽ ശബരിമല ചവിട്ടാൻ ആറാം തവണയും അഴിയൂെരത്തി. അഴിയൂർ വേണുഗോപാല ക്ഷേത്രത്തിൽനിന്നാണ് ഇദ്ദേഹം 2010 മുതൽ മലചവിട്ടാൻ പോകുന്നത്. ക്ഷേത്രത്തിന് സമീപത്തെ വാടകവീട്ടിലാണ്...,mal,madhyamam,Madhyamam,fake news,3922c02f-22cc-449b-89d3-42c27ca07178,article,MassiveSum
https://www.madhyamam.com/kerala/local-news/idukki/--569913,,മരിച്ച പിതാവി​െൻറ ചിത്രവുമായി സഹോദരങ്ങൾ പട്ടയമേളയിലെത്തി,,"മരിച്ച പിതാവി​ൻെറ ചിത്രവുമായി സഹോദരങ്ങൾ പട്ടയമേളയിലെത്തി തൊടുപുഴ: സഹോദരങ്ങൾ പട്ടയം വാങ്ങാനെത്തിയത് മരിച്ചുപോയ പിതാവി​ൻെറ ചിത്രവുമായി. പടി. കോടിക്കുളം വട്ടക്കുന്നേൽ കിളിയൻ ചോഴ​ൻെറ ചിത്രവുമായാണ് മക്കളായ ജലജ അപ്പുക്കുട്ടനും ബിന്ദു മണിയും പട്ടയമേള നടക്കുന്ന തൊടുപുഴയിലെ വേദിയിലെത്തിയത്. 1971ലാണ് കിളിയൻ ചോഴനും കുടുംബവും പടി. കോടിക്കുളത്ത് കുടിൽ കെട്ടുന്നത്. പിന്നീട് പലവട്ടം വീട്​ പൊളിച്ചുമാറ്റി. എങ്കിലും തളരാതെ അവിടെത്തന്നെ പിടിച്ചുനിന്നു. പിന്നീട് ഇവിടെ ഹരിജൻ കോളനിയായി. എങ്കിലും വർഷങ്ങൾ കാത്തിരുന്നാണ്​ തങ്ങൾക്കും കോളനിക്കാർക്കും പട്ടയം കിട്ടുന്നതെന്ന് ഇവർ പറയുന്നു. പട്ടയത്തിന് വേണ്ടി കിളിയൻ ചോഴൻ ഒരുപാട് ഓടി നടന്നിരുന്നു. പക്ഷേ, മൂന്നുവർഷം മുമ്പ് മരണപ്പെട്ടു. അച്ഛ​ൻെറ ഓർമകൾ ഉറങ്ങുന്ന മണ്ണിന്​ പട്ടയം ലഭിക്കു​ന്ന സന്തോഷത്തിലാണ്​ ഇവർ പിതാവി​ൻെറ ചിത്രവുമായി പട്ടയവേദിയി​െലത്തിയത്​.",മരിച്ച പിതാവി​െൻറ ചിത്രവുമായി സഹോദരങ്ങൾ പട്ടയമേളയിലെത്തി,mal,madhyamam,Madhyamam,fake news,2eabd535-eff0-4f30-9bb0-d1d8f92b0067,article,MassiveSum
https://www.dengeamerika.com/a/2352295.html,https://www.dengeamerika.com/a/2352295.html,Seydayê_Gerok_Rûken_Işik,,"Copy and paste the embed code below.

The code has been copied to your clipboard.",Bernameyên bi zimanê Kurmancî ji Dengê Amerîka (VOA) li ser înternetê,mal,dengeamerika,Denge Amerika,fake news,6ec15c99-ac96-43e9-9529-662b7ca33d8b,article,MassiveSum
https://www.delfi.lv/news/versijas/viktors-valainis-vai-nakamgad-pasvaldibam-bus-jakar-zobus-vadzi.d?id=52575641,https://www.delfi.lv/news/versijas/viktors-valainis-vai-nakamgad-pasvaldibam-bus-jakar-zobus-vadzi.d?id=52575641,Viktors Valainis: Vai nākamgad pašvaldībām būs jākar zobus vadzī?,,"Rudens tradicionāli ir laiks, kad zemnieka sētā apcirkņi tiek pildīti ar vasaras sezonā sarūpēto. Ja gads ir bijis labs, tad saimnieks uz gaidāmo ziemu raugās ar zināmu optimismu, ja slikts – savelk jostu ciešāk. Pavisam sliktā jākar zobus vadzī. Savukārt pašvaldībām lapkritis ir laiks, kad jāatsāk ikgadējo cīkstēšanos par tām atvēlēto finansējumu.

Izņēmums nav arī šis gads, kad valdība, neielaižoties garās diskusijās ar vietvarām, ir pieņēmusi lēmumu, kuru droši var salīdzināt ar ķeblīša izsišanu no kāju apakšas – daudzas nelielas pašvaldības var nonākt uz bankrota sliekšņa. Arī lielajās pilsētās situācija nav daudz labāka. Raugoties uz nākamā gada budžetu, optimismam nav pamata.

Atšķirībā no iepriekšējiem gadiem diskusijas ar valdību bijušas īpaši smagas, jo nasta, ko plāno uzlikt uz pašvaldību pleciem, ir teju nepanesama. Ir skaidrs, ka mediķiem algas ir jāpalielina, taču to nedrīkst darīt uz citu iedzīvotāju grupu ar nelieliem ienākumiem rēķina. Ar ievērojamu pretestību pašvaldības piekrita Finanšu ministrijas iecerei nākamgad samazināt iedzīvotāju ienākumu nodokļa (IIN) daļu pašvaldību budžetā. Pašlaik vietvaru budžetos ienāk 80% no tajās iekasēta IIN, bet atlikušie 20% – valsts budžetā. Nākamgad valdība ir iecerējusi valsts daļu palielināt līdz 25%, attiecīgi samazinot pašvaldību daļu, kas naudas izteiksmē ir aptuveni 91 miljons eiro. Ņemot vērā, ka nākamgad pašvaldību izdevumi būtiski palielināsies, tās nonāks neapskaužamā situācijā, jo naudas trūkuma dēļ tām būs ļoti grūti segt ar labklājību saistītos izdevumus, nemaz nerunājot par tiem tēriņiem, ko uzliek cīņa ar Covid-19 pandēmiju.

Pirmkārt, pašvaldībām nākamgad ir jāpilda Satversmes tiesas spriedums par dzīvokļa pabalsta un par pabalsta garantēta minimālā ienākumu līmeņa nodrošināšanai pieaugumu, kā arī sociālo garantiju palielināšanu bāreņiem un bez vecāku gādības palikušiem bērniem.

Otrkārt, pašvaldībām pieaugs izdevumi pirmskolas izglītības iestāžu pedagogu minimālās darba samaksas paaugstināšanai. Ceļot skolotāju algas, nedrīkst nepaaugstināt arī bērnudārzu pedagogu algas. Saskaņā ar Izglītības un zinātnes ministrijas datiem jau šobrīd pirmsskolas izglītības iestādēs trūkst ap 150 pedagogu. Pašvaldības nevar atļauties necelt algas bērnudārzos strādājošajiem, jo pretējā gadījumā personāla trūkuma dēļ var nākties slēgt kādu bērnudārzu.

Treškārt, pieņemot lēmumu minimālo algu palielināt līdz 500 eiro, uz pašvaldību pleciem gulstas tēriņi, kas saistīti ar algas palielināšanu tiem darbiniekiem, kas saņem minimālo algu. Tas nozīmē, ka balansa saglabāšanai jāpalielina algas arī pārējiem darbiniekiem, lai viņi nenonāktu situācijā, ka minimālās algas saņēmējs saņem tādu pašu algu kā tie darbinieki, kas līdz šim bija labāk atalgoti. Daudzās pašvaldībās sociālo darbinieku un kultūras iestāžu darbinieku algas nav lielas. Saprotot, ka pēc minimālās algas celšanas viņu darba samaksa nebūs daudz lielāka, piemēram, par apkopējas algu, viņi, visticamāk, pieņemtu lēmumu mainīt darba vietu.

Kā pašvaldībām segt pamatbudžeta ienākumu samazinājumu? Ir skaidrs, ka būs mazāk naudas investīciju projektiem, proti, ielu remontiem, skolām un bērnudārziem. Daudzās pašvaldībās būs mazāk naudas iedzīvotāju sociālajām vajadzībām. Visticamāk, daudzviet nāksies atteikties no brīvpusdienām skolēniem, nemaz nerunājot par kultūras, sporta un aktīvās atpūtas pasākumu finansēšanu.

Es labi saprotu, ka valdībai ir jāpilda savi solījumi. Taču nav godīgi to darīt uz pašvaldību rēķina, pat īsti neizdiskutējot pārmaiņas. Nevēlamies arī paļauties uz valdības vadītāja solījumu nākamgad ienākumu samazinājumu kompensēt no ES finanšu līdzekļiem, kamēr nav izstrādāts kompensācijas mehānisms. Tā vietā pašvaldības ir aicinājušas Saeimu valsts budžetā paredzēt papildu mērķdotāciju 9,2 miljonu eiro apmērā tieši tām pašvaldībām, kurām nākamgad pēc ieņēmumu izlīdzināšanas samazinājums būs lielāks par 4%. Tādējādi tiktu atbalstītas tās pašvaldības, kurām ieņēmumu samazinājums būs vislielākais. Pretējā gadījumā cietēji būs iedzīvotāji, īpaši tie, kas dzīvo nelielās pašvaldībās. Un tad rodas jautājums – kurš pēdējais izslēgs tajās gaismu?","Rudens tradicionāli ir laiks, kad zemnieka sētā apcirkņi tiek pildīti ar vasaras sezonā sarūpēto. Ja gads ir bijis labs, tad saimnieks uz gaidāmo ziemu raugās ar zināmu optimismu, ja slikts – savelk jostu ciešāk. Pavisam sliktā jākar zobus vadzī. Savukārt pašvaldībām lapkritis ir laiks, kad jāatsāk ikgadējo cīkstēšanos par tām atvēlēto finansējumu.",mal,delfi,Delfi,fake news,58de6377-171b-4e55-baf2-082f2f54bbd6,article,MassiveSum
https://janayugomonline.com/nokia-express-music-phone-the-market/,,നോക്കിയയുടെ 5310 എക്സ്പ്രസ് മ്യൂസിക് ഫോണ്‍ വീണ്ടും വിപണിയിൽ,,"നോക്കിയയുടെ പ്രതാപകാലത്തെ ഏറ്റവും ജനപ്രിയ ഫോണുകളിലൊന്നായ 5310 എക്സ്പ്രസ്സ് മ്യൂസിക് ഫോൺ വീണ്ടും വിപണിയിലേക്ക്. എച്ച്എംഡി ഗ്ലോബൽ ആണ് വീണ്ടും ഈ ഫോൺ അവതരിപ്പിക്കുന്നത്. പഴയ എക്സ്പ്രസ് മ്യൂസിക് ഫോണിനു സമാനമായി ഒരു വശത്ത് മ്യൂസിക് പ്ലേ ബാക്ക് ബട്ടനുകളുമായാണ് പുതിയ ഫോൺ രംഗത്തെത്തിയിരിക്കുന്നത്. ഫോണിന് മുന്നിൽ മുകളിലും താഴെയുമായി രണ്ട് സ്‌പീക്കറുകളുണ്ട്.

2.4 ഇഞ്ച് ക്യുവിജിഎ കളര്‍ ഡിസ്പ്ലേ, ഫിസിക്കല്‍ കീബോര്‍ഡ്, മീഡിയാ ടെക്കിന്റെ എംടി 6260എ പ്രൊസസര്‍, 1.200 എംഎഎച്ച്‌ റിമൂവബിള്‍ ബാറ്ററി എന്നിവ മറ്റു പ്രത്യേകതകളാണ്. 30 ദിവസം സ്റ്റാന്‍ഡ് ബൈ ചാര്‍ജ് കമ്ബനി വാഗ്ദാനം ചെയ്യുന്നുണ്ട്. എട്ട് എംബി റാമും 16 എംബി സ്റ്റോറേജ് ള്ള ഫോണില്‍ 32 ജിബി വരെയുള്ള മെമ്മറി കാര്‍ഡുകള്‍ ഉപയോഗിക്കാവുന്നതാണ്. നോക്കിയ സീരീസ് 30 പ്ലസ് സോഫ്റ്റ് വെയറിലാകും ഫോണ്‍ പ്രവര്‍ത്തിക്കുക. വെള്ള — ചുവപ്പ് , കറുപ്പ് — ചുവപ്പ് എന്നീ സമ്മിശ്ര നിറങ്ങളില്‍ എത്തുന്ന ഫോണിന്റെ വില വിവരങ്ങള്‍ ഇതുവരെ പുറത്തുവിട്ടിട്ടില്ല.

Eng­lish sum­ma­ry; nokia express music phone in the mar­ket

you may also like this video;",നോക്കിയയുടെ പ്രതാപകാലത്തെ ഏറ്റവും ജനപ്രിയ ഫോണുകളിലൊന്നായ 5310 എക്സ്പ്രസ്സ് മ്യൂസിക് ഫോൺ വീണ്ടും വിപണിയിലേക്ക്. എച്ച്എംഡി ഗ്ലോബൽ ആണ് വീണ്ടും ഈ ഫോൺ അവതരിപ്പിക്കുന്നത്. പഴയ എക്സ്പ്രസ് മ്യൂസിക് ഫോണിനു സമാനമായി ഒരു വശത്ത് മ്യൂസിക് പ്ലേ ബാക്ക് ബട്ടനുകളുമായാണ് പുതിയ ഫോൺ രംഗത്തെത്തിയിരിക്കുന്നത്. ഫോണിന് മുന്നിൽ മുകളിലും താഴെയുമായി രണ്ട് സ്‌പീക്കറുകളുണ്ട്.,mal,janayugomonline,Janayugomonline,fake news,475cca15-491d-490f-b25e-d9ff0c407692,article,MassiveSum
https://www.madhyamam.com/kerala/local-news/kannur/--602058,,ദാനം കിട്ടിയ ഓഫിസ്​ മുറി; മാട്ടൂലി​െൻറ തുടക്കം വിവരിച്ച്​ പ്രഥമ യോഗ മിനുട്​സ്​,,"ദാനം കിട്ടിയ ഓഫിസ്​ മുറി; മാട്ടൂലി​ൻെറ തുടക്കം വിവരിച്ച്​ പ്രഥമ യോഗ മിനുട്​സ്​ ഓർമകളുടെ കൊടിപാറു​േമ്പാൾ ----------------------------------------- മഹ്​മൂദ്​ വാടിക്കൽ പഴയങ്ങാടി: ആറര പതിറ്റാണ്ട്​ മുമ്പുള്ള ഒരു കൈയെഴുത്ത്​ രേഖ. ഒരു പഞ്ചായത്തി​ൻെറ എളിയ തുടക്കത്തി​ൻെറ കഥയാണത്​. മാട്ടൂൽ പഞ്ചായത്തി​ൻെറ ആദ്യത്തെ രണ്ടുയോഗങ്ങളുടെ മിനുട്​സ്​. അതി​ൻെറ ഉള്ളടക്കം​ ഇങ്ങനെ വായിക്കാം. 1955 ജനുവരി ആറിന് വൈകീട്ട്​ അഞ്ച് മണിക്കായിരുന്നു മാട്ടൂൽ വില്ലേജ് പഞ്ചായത്തി​ൻെറ പ്രഥമ യോഗം. ഇന്നത്തെ പഞ്ചായത്തുകൾ അക്കാലങ്ങളിൽ വില്ലേജ് പഞ്ചായത്ത് ബോർഡായിരുന്നു. പഞ്ചായത്ത്​ പ്രസിഡൻറി​ൻെറയും അംഗങ്ങളുടെയും സ്​ഥാനാരോഹണം മാത്രമായിരുന്നു ആദ്യയോഗത്തി​ൻെറ അജണ്ട. എ.അബ്​ദുറസാഖ്​ ഹാജിയാണ് പ്രഥമ പ്രസിഡൻറ്. സീരെ വീട്ടിൽ കുഞ്ഞാമതാണ്​ പ്രസിഡൻറ്​. പിറ്റെ ദിവസം ഉച്ചക്ക് 12 മണിക്ക്​ രണ്ടാമത്തെ യോഗം ചേർന്നു. യോഗ തീരുമാനം ഇങ്ങനെ. സീരെ വീട്ടിൽ കുഞ്ഞാമതി​ൻെറ പാണ്ടികശാല തൽക്കാലം പഞ്ചായത്ത് ഓഫിസിനു സൗജന്യമായി അനുവദിക്കാനും അത് അറ്റകുറ്റപ്പണി നടത്തി വാടക കൊടുക്കാനും സമ്മതിപ്പിച്ചു. ആഫീസിലേക്ക് കസേര, മൂന്ന് ബെഞ്ച്, മേശ, പെട്ടി ഇവകൾ വിലക്കുവാങ്ങാനും ക്ലർക്കിനെ തൽക്കാലം നിയമിക്കാനും മേൽ പറഞ്ഞ സാധനങ്ങൾ വാങ്ങി ബില്ല് തരാനും നിശ്ചയിച്ച് യോഗം പിരിഞ്ഞു എന്ന് രേഖപ്പെടുത്തിയാണ് മിനുട്സ് അവസാനിക്കുന്നത്. പഞ്ചായത്തിരാജും ജനകീയാസൂത്രണത്തിനുമൊക്കെ മുമ്പുള്ള അധികാരവും ഫണ്ടും സൗകര്യങ്ങളും നാമമാത്രമായ കാലമാണ്​ ഈ ചരിത്ര രേഖ ഓർമിപ്പിക്കുന്നത്​. കാലത്തി​ൻെറ കുത്തൊഴുക്കിൽ എല്ലാം മാറി. ഇന്ന്​ 45 ലക്ഷത്തിലേറെ വാർഷിക തനത്​ വരുമാനമുണ്ട്​ മാട്ടൂൽ പഞ്ചായത്തിന്​. മാട്ടൂൽ പഞ്ചായത്തിലെ പ്രഥമ ഉദ്യോഗസ്ഥൻ എം.വി.അബ്​ദുല്ലയുടെ കൈയക്ഷരത്തിലെഴുതിയ മിനുട്​സ്​ പഞ്ചായത്ത്​ വികസന രേഖയിൽ പ്രസിദ്ധീകരിച്ചിട്ടുണ്ട്​. മാട്ടൂൽ പഞ്ചായത്തി​ൻെറ എക്സിക്യൂട്ടിവ് ഓഫിസറായും സേവനമനുഷ്​ഠിച്ച എം.വി.അബ്​ദുല്ല 1992ൽ മരിച്ചു. Mattool-Minuts 1955 ജനുവരി ആറാം തീയതിയിലെ മാട്ടൂൽ പഞ്ചായത്ത് ഭരണസമിതിയുടെ പ്രഥമ യോഗത്തി‍ൻെറ മിനുട്സ്",ദാനം കിട്ടിയ ഓഫിസ്​ മുറി; മാട്ടൂലി​െൻറ തുടക്കം വിവരിച്ച്​ പ്രഥമ യോഗ മിനുട്​സ്​,mal,madhyamam,Madhyamam,fake news,bb268b06-1c4e-4c4c-8809-46e2eea9824d,article,MassiveSum
https://www.madhyamam.com/politics/no-know-huminist-opinion/605370,https://www.madhyamam.com/politics/no-know-huminist-opinion/605370,അറിയപ്പെടാത്ത ഹ്യൂമനിസ്​റ്റ്,,"സ​ത്യ​ത്തി​ലാ​രും ഈ ​ഹ്യൂ​മ​നി​സ്​​റ്റി​നെ തി​രി​ച്ച​റി​ഞ്ഞി​ട്ടി​ല്ല. ‘ഇ​ന്ദ്ര​നും ച​ന്ദ്ര​നും’​വ​രെ നോ​ക്കി​നി​ൽ​ക്കെ, ‘ഊ​രി​പ്പി​ടി​ച്ച വാ​ളു​ക​ൾ​ക്കു ന​ടു​വി​ലൂ​ടെ’ ഹ്യൂ​മ​നി​സ​വും​കൊ​ണ്ട്​ ന​ട​ന്നു​പോ​യ​വ​നാ​ണ്​ വി​ജ​യ​ൻ. വ്യ​ക്തി​യും സ​മൂ​ഹ​വു​മാ​ണ്​ മാ​ന​വ​താ​വാ​ദി​ക​ളു​ടെ ലോ​കം എ​ന്ന​തി​നാ​ൽ വാ​ക്കു​ക​ളി​ലും പ്ര​വൃ​ത്തി​യി​ലും നി​റ​ഞ്ഞു​തു​ളു​മ്പു​ന്ന​തും ഇ​തു​ത​ന്നെ​യാ​ണ്.​ ‘ബ​ക്ക​റ്റി​ലെ വെ​ള്ളം’, ‘കു​ലം​കു​ത്തി’, ‘ക​ട​ക്ക്​ പു​റ​ത്ത്​’‘​ബോ​ഡി​വേ​സ്​​റ്റ്​’, ‘നി​കൃ​ഷ്​​ട​ജീ​വി’ തു​ട​ങ്ങി ‘വ​ക്ര​ബു​ദ്ധി’​വ​രെ​യു​ള്ള​വ​യാ​ണ്​ ഇ​ദ്ദേ​ഹ​ത്തി​ൽ​നി​ന്ന്​ പു​റ​ത്തു​വ​ന്ന മ​നു​ഷ്യ​ഗ​ന്ധി​യാ​യ വാ​ക്കു​ക​ളി​ൽ പ്ര​സി​ദ്ധ​മാ​യ​വ. എ​റി​ഞ്ഞ ക​ല്ലും പ​റ​ഞ്ഞ വാ​ക്കും ഇ​ന്നു​വ​രെ തി​രി​ച്ചെ​ടു​ത്തി​ട്ടി​ല്ല. അ​ത്ര​ക്ക്​ ഉ​റ​പ്പാ​ണ്​ കാ​ര്യ​ങ്ങ​ൾ​ക്ക്. വി​ശ്വ​വി​ഖ്യാ​ത​മാ​യി മാ​റി​യ ‘പ​ര​നാ​റി’ പ്ര​യോ​ഗം അ​ഞ്ചു​വ​ർ​ഷ​ത്തി​നു ശേ​ഷ​വും ആ​വ​ർ​ത്തി​ക്കാ​ൻ കാ​ട്ടി​യ ച​ങ്കൂ​റ്റ​മാ​ണ്​ ഇ​ര​ട്ട​ച്ച​ങ്ക​ൻ എ​ന്ന​പേ​രി​ന്​ അ​ർ​ഹ​നാ​ക്കി​യ​ത്.

ഇ​ത്ത​രം വാ​മൊ​ഴി​വ​ഴ​ക്ക​ങ്ങ​ൾ​ക്ക​പ്പു​റം, യ​ഥാ​ർ​ഥ വി​ജ​യ​നെ പു​റ​ത്തു​കൊ​ണ്ടു​വ​ന്ന സ​ന്ദ​ർ​ഭ​ങ്ങ​ളാ​ണ്​ പ്ര​ള​യ​വും ശ​ബ​രി​മ​ല​യും. ത​​െൻറ ചി​കി​ത്സ​പോ​ലും മാ​റ്റി​െ​വ​ച്ചാ​ണ്​ പ്ര​ള​യ​കാ​ല​ത്ത്​ ക​ർ​മ​നി​ര​ത​നാ​യ​ത്.​അ​തു​കൊ​ണ്ടാ​ണ്​​ ‘ഗൂ​ഗി​ളി’​ൽ പി​ണ​റാ​യി വി​ജ​യ​ൻ എ​ന്ന​ടി​ച്ചു നോ​ക്കി​യാ​ൽ ‘സി.​എം’(​ക്രൈ​സി​സ്​ മാ​നേ​ജ​ർ) എ​ന്ന്​ കാ​ണാ​നാ​കു​ന്ന​ത്.​ശ​ബ​രി​മ​ക്കാ​ല​ത്താ​ണ്​ ​സം​ഘി​പ​ത്ര​ത്തി​ലൂ​ടെ​യ​ട​ക്കം ജാ​തി​വി​ളി കേ​ൾ​ക്കേ​ണ്ടി വ​ന്ന​ത്. അ​തി​ൽ പ​രി​ത​പി​ക്കു​ക​യ​ല്ല, ത​​െൻറ ഭൂ​ത​കാ​ലം അ​ഭി​മാ​ന​ത്തോ​ടെ ഓ​ർ​മി​ച്ചാ​ണ്​ ​അ​തി​നു മ​റു​പ​ടി ന​ൽ​കി​യ​ത്. അ​തോ​ടെ​യാ​ണ്​ ശ്രീ​നാ​രാ​യ​ണ ഗു​രു​വി​​െൻറ​യും അ​യ്യ​ങ്കാ​ളി​യു​ടെ​യും പി​ൻ​ഗാ​മി​യാ​യി ര​ണ്ടാം ന​വോ​​ത്ഥാ​ന​ത്തി​നു​ തു​ട​ക്കം കു​റി​ക്കാ​ൻ തീ​രു​മാ​നി​ച്ച​ത്​. ജാ​തി​യി​ല്ലാ വി​ളം​ബ​രം ന​ട​ത്തി​യാ​ണ്​ ഗു​രു അ​ത്​ ചെ​യ്​​ത​തെ​ങ്കി​ൽ ജാ​തി​സം​ഘ​ട​ന​ക​ളെ ഒ​രു​മി​ച്ചു​കൂ​ട്ടി​യും ക​ണി​ച്ചു​കു​ള​ങ്ങ​ര മു​ത​ലാ​ളി​യു​ടെ വീ​ട്ടി​ൽ മ​ന്ത്രി​സ​ഭ യോ​ഗം ചേ​ർ​ന്നു​മാ​ണ്​ ആ​ധു​നി​ക​ൻ അ​ത്​ സാ​ധി​ച്ചെ​ടു​ത്ത്. അ​ങ്ങ​നെ, ഹ്യൂ​മ​നി​സ്​​റ്റി​നു പു​റ​മെ, ന​വോ​ത്ഥാ​ന നാ​യ​ക​നു​മാ​യി.

പെ​രി​യ സം​ഭ​വ​ത്തി​ൽ, ‘ജ​ന​ങ്ങ​ൾ​ക്കു മു​ന്നി​ൽ ത​ല​കു​നി​ക്കു​ന്നു’​വെ​ന്ന പ്ര​ഖ്യാ​പ​നം, ആ​പ​ത്തു​കാ​ല​ത്ത്​ കെ. ​ക​രു​ണാ​ക​ര​നെ​യും കു​ഞ്ഞാ​ലി​ക്കു​ട്ടി​യെ​യും മ​അ്​​ദ​നി​യെ​യും കെ.​എം. മാ​ണി​യെ​യു​മൊ​ക്കെ സ​ഹാ​യി​ക്കാ​ൻ കാ​ട്ടി​യ സ​ന്ന​ദ്ധ​ത, തെ​ര​ഞ്ഞെ​ടു​പ്പു​കാ​ല​ത്ത്​ വെ​യി​ലു​കൊ​ള്ള​രു​തെ​ന്ന്​ ത​​െൻറ സ​ഖാ​ക്ക​ൾ​ക്ക്​ ന​ൽ​കി​യ ഉ​പ​ദേ​ശം എ​ന്നി​വ​യൊ​ക്കെ, ഈ ​ന​ല്ല മ​ന​സ്സി​​െൻറ ഉ​ദാ​ഹ​ര​ണ​ങ്ങ​ളാ​ണ്.

കാ​ര്യ​ങ്ങ​ൾ ഇ​ങ്ങ​നെ​െ​യാ​ക്കെ​യാ​ണെ​ങ്കി​ലും വി​ജ​യ​ൻ എ​ന്ന ഹ്യൂ​മ​നി​സ്​​റ്റി​നെ മ​ല​യാ​ളി​ക്ക്​ പ​രി​ച​യ​പ്പെ​ടു​ത്താ​ൻ ഒ​രു ഡ​ൽ​ഹി മ​ല​യാ​ളി വേ​ണ്ടി​വ​ന്നു.​നാ​ട​കാ​ചാ​ര്യ​ൻ ഓ​ം​ചേ​രി എ​ൻ.​എ​ൻ. പി​ള്ള​യു​ടെ ആ​ത്മ​ക​ഥ​യി​ലാ​ണ്​ പി​ണ​റാ​യി വി​ജ​യ​ൻ എ​ന്ന ഹ്യൂ​മ​നി​സ്​​റ്റി​നെ​ക്കു​റി​ച്ച്​ പ​റ​യു​ന്ന​ത്. അ​തി​ങ്ങ​​നെ:‘ പ​റ​ഞ്ഞു​കേ​ട്ട ഫാ​ഷി​സ്​​റ്റി​നെ കാ​ണാ​ന്‍ കേ​ര​ള ഹൗ​സി​ലേ​ക്ക് ചെ​ന്നു. തു​റ​ന്ന മ​ന​സ്സോ​ടെ സൗ​ഹൃ​ദ​പൂ​ര്‍വം സം​സാ​രി​ച്ച പി​ണ​റാ​യി​യെ ഫാ​ഷി​സ്​​റ്റ്​ എ​ന്നു വി​ളി​ച്ച​വ​രു​ടെ അ​വി​വേ​ക​ത്തെ കു​റി​ച്ചാ​ണ് ആ​ലോ​ചി​ച്ച​ത്. ഫാ​ഷി​സ്​​റ്റി​നെ കാ​ണാ​ന്‍ പോ​യി ഹ്യൂ​മ​നി​സ്​​റ്റി​നെ ക​ണ്ടു​മ​ട​ങ്ങി’. പു​സ്​​ത​ക പ്ര​കാ​ശ​ന​ച​ട​ങ്ങി​ൽ ഓം​ചേ​രി എ​ഴു​തി​യ ഭാ​ഗം വാ​യി​ച്ച് ത​​ന്നി​ലെ ഹ്യൂ​മ​നി​സ്​​റ്റി​നെ പു​റ​ത്ത​റി​യി​ച്ച​ത്​ പി​ണ​റാ​യി വി​ജ​യ​ൻ ത​ന്നെ​യാ​യി​രു​ന്നു.","സ​ത്യ​ത്തി​ലാ​രും ഈ ​ഹ്യൂ​മ​നി​സ്​​റ്റി​നെ തി​രി​ച്ച​റി​ഞ്ഞി​ട്ടി​ല്ല. ‘ഇ​ന്ദ്ര​നും ച​ന്ദ്ര​നും’​വ​രെ &amp;nbsp;നോ​ക്കി​നി​ൽ​ക്കെ, ‘ഊ​രി​പ്പി​ടി​ച്ച വാ​ളു​ക​ൾ​ക്കു ന​ടു​വി​ലൂ​ടെ’ ഹ്യൂ​മ​നി​സ​വും​കൊ​ണ്ട്",mal,madhyamam,Madhyamam,fake news,b7ab467a-7202-41f5-b3f9-c80a680791d7,article,MassiveSum
https://www.madhyamam.com/local-news/kochi/2017/dec/16/395961,,ഓഖി: തൊഴിലാളികളെ കാണാതായതായി കേസ് രജിസ്​റ്റർ ചെയ്തു,,"മട്ടാഞ്ചേരി: ഓഖി ചുഴലിക്കാറ്റിന് മുമ്പ് കൊച്ചിയിൽനിന്ന് മത്സ്യബന്ധനത്തിന് പോയ ബോട്ടിലെ തൊഴിലാളികളെ കാണാനില്ലെന്ന പരാതിയുടെ അടിസ്ഥാനത്തിൽ തീരദേശ പൊലീസ് എഫ്.ഐ.ആർ രജിസ്റ്റർ ചെയ്തു. മാതാ, ഓൾ സെയിൻറ്, ജെർമിയ, അസ്റായിൽ എന്നീ തമിഴ്നാട് ബോട്ടുകളും ഇതിലെ 43 തൊഴിലാളികളെയും കാണാതായ സംഭവത്തിലാണ് കേസ് രജിസ്റ്റർ ചെയ്തത്. ഓഖി ദുരന്തത്തെ തുടർന്ന് കാണാതായവർക്കായി എടുത്ത ആദ്യത്തെ കേസാണ് കൊച്ചിയിലേത്. അതേസമയം 14 ബോട്ടുകളും അതിലെ 150 തൊഴിലാളികളെയും കുറിച്ചുള്ള വിവരങ്ങൾ ഇതുവരെ ലഭ്യമായിട്ടില്ല. ഇത് മത്സ്യബന്ധന മേഖലയെ ആശങ്കയിലാക്കിയിരിക്കുകയാണ്. രക്ഷപ്പെട്ട് എത്തിയ തൊഴിലാളികൾ എല്ലാവരും നാട്ടിലേക്ക് തിരിച്ചിരിക്കുകയാണ്. സഹപ്രവർത്തകരെ കുറിച്ച് ഇതുവരെ വിവരം ലഭിക്കാത്തതിനാൽ തൊഴിലാളികൾ ബോട്ടുകളുമായി മത്സ്യബന്ധനത്തിന് പോകാൻ തയാറല്ല. ദുരന്തത്തിൽപ്പെട്ട് മറ്റു സംസ്ഥാനങ്ങളിലെ ഹാർബറുകളിൽ പിടിച്ച 13 ബോട്ടുകളും 145 തൊഴിലാളികളും വെള്ളിയാഴ്ച കൊച്ചി ഹാർബറിൽ എത്തി. മൃതദേഹങ്ങൾ തിരിച്ചറിയാനാകാത്തത് അധികൃതരെ കുഴക്കുകയാണ്. വിവിധ സ്ഥലങ്ങളിൽനിന്നും മൃതദേഹങ്ങൾ ലഭിച്ചുവെങ്കിലും പലതും ആരുടെതാണെന്ന് ഇതുവരെ തിരിച്ചറിഞ്ഞിട്ടല്ല. ഡി.എൻ.എ ടെസ്റ്റ് നടത്തി തിരിച്ചറിയുന്നതിനുള്ള നടപടിക്രമങ്ങൾക്ക് തുടക്കമായെങ്കിലും ബന്ധുക്കളുടെ സഹകരണമില്ലായ്മ തടസ്സമാകുന്നുണ്ട്. ഭൂരിഭാഗം കുടുംബങ്ങളും ഉറ്റവർ തിരിച്ച് വരുമെന്ന പ്രതീക്ഷയിലാണ്. കൊച്ചി ഹാർബർ കേന്ദ്രീകരിച്ച് ബോട്ടിൽ പോകുന്ന തുത്തുർ സ്വദേശികളുടെ കുടുംബത്തിൽ ചെന്ന് ഡി.എൻ.എ ടെസ്റ്റി​െൻറ പ്രായോഗികതയെ കുറിച്ച് ബോധവത്ക്കരിക്കാൻ തയാറെടുക്കുകയാണ് ലോങ് ലൈൻ ബോട്ട് ഓണേഴ്സ് ആൻഡ് ബയിങ് അസോസിയേഷൻ ഭാരവാഹികൾ. ഇതിനായി ചൊവ്വാഴ്ച തുത്തുരിലേക്ക് പോകുമെന്ന് പ്രസിഡൻറ് എ.എം. നൗഷാദ്, സെക്രട്ടറി എം .മജീദ് എന്നിവർ പറഞ്ഞു.","മട്ടാഞ്ചേരി: ഓഖി ചുഴലിക്കാറ്റിന് മുമ്പ് കൊച്ചിയിൽനിന്ന് മത്സ്യബന്ധനത്തിന് പോയ ബോട്ടിലെ തൊഴിലാളികളെ കാണാനില്ലെന്ന പരാതിയുടെ അടിസ്ഥാനത്തിൽ തീരദേശ പൊലീസ് എഫ്.ഐ.ആർ രജിസ്റ്റർ ചെയ്തു. മാതാ, ഓൾ സെയിൻറ്,...",mal,madhyamam,Madhyamam,fake news,ad42b751-68cf-462c-9c6f-2feda40e45f9,article,MassiveSum
https://lao.voanews.com/a/cambodia-thailand-6-december-2010-111379889/1197897.html,https://lao.voanews.com/a/cambodia-thailand-6-december-2010-111379889/1197897.html,ສາຍພົວພັນລະຫວ່າງ ກໍາປູເຈຍແລະໄທ,,"ນາຍົກລັດຖະມົນຕີກໍາປູ​ເຈຍ ກ່າວ​ວ່າ ສາຍ​ພົວພັນ​ທີ່ເຄັ່ງ​ຕຶງ​ມາ​ເປັນ​ເວລາ​ດົນ​ນານກັບ​ໄທ ປະ​ເທດ​ເພື່ອນ​ບ້ານ ​ໄດ້​ກັບ​ຄືນ​ສູ່​ສະພາບ​ປົກກະຕິ​ແລ້ວ ທັງ​ນີ້​ກໍຍ້ອນການ​ພົບ​ປະ​ຫາລື​ກັນ ຫລາຍຄັ້ງກັບ​ນາຍົກລັດຖະມົນຕີ​ໄທ​ນັ້ນ.

ໃນ​ພິທີ​ແຈກ​ຢາຍ​ໃບ​ປະກາດສະນີຍະ​ບັດ​ເວລາ​ຈົບ​ຮຽນ​ແຫ່ງ​ນຶ່ງ​ໃນ​ນະຄອນຫລວງ​ພະນົມ​ເປັນ​ໃນ​ວັນ​ຈັນ​ມື້​ນີ້ ນາຍົກລັດຖະມົນຕີຮຸນ​ເຊ​ນ ກ່າວ​ວ່າ ຫລັງ​ຈາກ​ໄດ້ພົບ​ປະສົນທະນາກັນ​ມາ 4 ຄັ້ງ​ກັບ​ນາຍົກລັດຖະມົນຕີ​ ​ອະພິສິດ​ ເວດ​ຊາ​ຊີວະ ນັ້ນ

ຢ່າງ​ໃດ​ກໍ​ຕາມ ຜູ້​ນໍາ​ກໍາປູ​ເຈ​ຍ ກ່າວ​ຕື່ມ​ວ່າ ​ເລື່ອງ​ອື່ນໆ​ນັ້ນ​ຈະ​ຕ້ອງ​ມີ​ການ​ແກ້​ໄຂ​ກັນ ຮວມທັງ​ການ​ປັກ​ຫລັກ​ເຂດ​ຊາຍ​ແດນ ການກວດ​ລ້າງ​ລູກ​ລະ​ເບີດ​ຝັງ​ດິນ​ທີ່​ຍັງ​ບໍ່​ທັນ​ແຕກແລະ​ການ ເປີດ​ດ່ານ​ຊາຍ​ແດນ​ໃໝ່​ຕື່ມ​ອີກ.","ນາຍົກລັດຖະມົນຕີກໍາປູເຈຍ ກ່າວວ່າ ສາຍພົວພັນລະຫວ່າງ
ກໍາປູເຈຍແລະໄທ ກັບຄືນສູ່ສະພາບປົກກະຕິແລ້ວ.",mal,voanews,VOA News,fake news,a347b925-7c24-41f9-8f68-d9f5d118e48c,article,MassiveSum
https://www.madhyamam.com/local-news/thrissur/2017/dec/07/390811,https://www.madhyamam.com/local-news/thrissur/2017/dec/07/390811,തീരത്ത്​ രോഗഭീഷണി: മുന്നറിയിപ്പുമായി ആ​േരാഗ്യവകുപ്പ്​,,"തൃശൂർ: ഓഖി ചുഴലിക്കാറ്റിനെ തുടർന്ന് ജില്ലയിലെ തീരദേശങ്ങളിൽ സ്ഥിതിഗതികള്‍ നിയന്ത്രണവിധേയമാണെങ്കിലും വരും ദിവസങ്ങളില്‍ പകര്‍ച്ചവ്യാധികള്‍ വ്യാപകമാകാന്‍ സാധ്യതയുള്ളതായി ആരോഗ്യവകുപ്പി​െൻറ മുന്നറിയിപ്പ്. പ്രതിരോധ പ്രവര്‍ത്തനങ്ങള്‍ ശക്തമാക്കി. ചുഴലിക്കാറ്റിനെ തുടർന്ന് തീരങ്ങളിൽ വന്‍തോതില്‍ പ്ലാസ്റ്റിക് കുപ്പികള്‍, പാത്രങ്ങള്‍ എന്നിവ അടിഞ്ഞുകൂടിയിട്ടുണ്ട്. മഴ പെയ്താല്‍ ഇവയിൽ വെള്ളം കെട്ടിനിന്ന് ചികുന്‍ ഗുനിയ, ഡെങ്കിപ്പനി മുതലായ രോഗങ്ങൾ പടരാൻ സാധ്യതയുണ്ട്. സെപ്റ്റിക് ടാങ്കുകളില്‍ വെള്ളം നിറഞ്ഞ് പുറത്തേക്ക് ഒഴുകിയതിനാല്‍ വയറിളക്കം, കോളറ, ടൈഫോയ്ഡ് മുതലായ രോഗങ്ങൾക്കും സാധ്യതയുണ്ട്. പകര്‍ച്ച വ്യാധികള്‍ തടയാൻ തദ്ദേശവാസികള്‍ മുൻകരുതൽ കര്‍ശനമായി പാലിക്കണമെന്ന് ജില്ല മെഡിക്കല്‍ ഓഫിസര്‍ ഡോ. കെ. സുഹിത അറിയിച്ചു. ഏങ്ങണ്ടിയൂര്‍, എറിയാട് പ്രദേശങ്ങളിലായി പ്രവർത്തിക്കുന്ന നാല് ദുരിതാശ്വാസ ക്യാമ്പുകളിൽ ആരോഗ്യപ്രവർത്തകരുടെ മേൽേനാട്ടമുണ്ട്. എറിയാട് മേഖലയില്‍ മൂന്നും ഏങ്ങണ്ടിയൂരില്‍ ഒരു സ്കൂളിലുമാണ് ക്യാമ്പ് പ്രവര്‍ത്തിക്കുന്നത്. എറിയാട് എ.എം.ഐ.യു.പി സ്കൂളിലാണ് കൂടുതല്‍ അന്തേവാസികളുള്ളത്. ഇവിടെ എഴുപതോളം കുടുംബങ്ങളിൽനിന്നായി നാനൂറിലധികം ആളുകൾ താമസിക്കുന്നുണ്ട്. ശ്രദ്ധിക്കാൻ: തിളപ്പിച്ചാറിയ വെള്ളം മാത്രം കുടിക്കുക. ആഹാരസാധനങ്ങള്‍ അടച്ചുസൂക്ഷിക്കുക. തണുത്തതും പഴകിയതുമായ ആഹാരസാധനങ്ങള്‍ ഒഴിവാക്കുക. ഭക്ഷണത്തിനുമുമ്പും മല-മൂത്ര വിസർജനത്തിന് ശേഷവും കൈകള്‍ സോപ്പ് ഉപയോഗിച്ച് കഴുകുക. വ്യക്തി ശുചിത്വം, പരിസരശുചിത്വം എന്നിവ പാലിക്കുക. പനിയോ, മറ്റേതെങ്കിലും രോഗ ലക്ഷണങ്ങളോ കണ്ടാൽ സ്വയം ചികിത്സ ഒഴിവാക്കുക.",തൃശൂർ: ഓഖി ചുഴലിക്കാറ്റിനെ തുടർന്ന് ജില്ലയിലെ തീരദേശങ്ങളിൽ സ്ഥിതിഗതികള്‍ നിയന്ത്രണവിധേയമാണെങ്കിലും വരും ദിവസങ്ങളില്‍ പകര്‍ച്ചവ്യാധികള്‍ വ്യാപകമാകാന്‍ സാധ്യതയുള്ളതായി ആരോഗ്യവകുപ്പി​െൻറ മുന്നറിയിപ്പ്.,mal,madhyamam,Madhyamam,fake news,275e85b4-a24d-422e-b224-ba3101beac77,article,MassiveSum
https://lao.voanews.com/a/a-52-2006-03-20-voa1-90678214/1184647.html,https://lao.voanews.com/a/a-52-2006-03-20-voa1-90678214/1184647.html,English Lesson: I'm a Pretty Good Dancer,,"This lesson talks about dancing and music. It begins with a conversation between Kathy and Max about Chris Scott, a ballet dancer. After hearing the conversation you'll have a chance to practice saying some of the sentences in the conversation. Then, we'll hear an interview with Chris Scott about her dancing.","This lesson talks about dancing and music.It begins with a conversation between Kathy and Max about Chris Scott, a ballet dancer.",mal,voanews,VOA News,fake news,52d66870-3eec-46b3-86e0-929d53d0bab7,article,MassiveSum
https://www.madhyamam.com/kerala/local-news/idukki/no-salery-teacher-public-education-director-public-instruction-human-rights-commission-568571,https://www.madhyamam.com/kerala/local-news/idukki/no-salery-teacher-public-education-director-public-instruction-human-rights-commission-568571,ശമ്പളമില്ലാതെ അധ്യാപിക; പൊതു വിദ്യാഭ്യാസ ഡയറക്ടർ വിശദീകരണം നൽകണം -മനുഷ്യാവകാശ കമീഷൻ,,"തൊ​ടു​പു​ഴ: കൂ​ട്ടാ​ർ എ​ൻ.​എ​സ്.​എ​സ് ഹൈ​സ്കൂ​ളി​ൽ 2017മു​ത​ൽ ശ​മ്പ​ള​മി​ല്ലാ​തെ ജോ​ലി​ചെ​യ്യു​ന്ന മ​ല​യാ​ളം അ​ധ്യാ​പി​ക​ക്ക് നി​യ​മ​നാം​ഗീ​കാ​രം ന​ൽ​കു​ന്ന വി​ഷ​യ​ത്തി​ൽ പൊ​തു​വി​ദ്യാ​ഭ്യാ​സ ഡ​യ​റ​ക്ട​റു​ടെ കാ​ര്യാ​ല​യ​ത്തി​നെ​തി​രെ വി​മ​ർ​ശ​ന​വു​മാ​യി സം​സ്ഥാ​ന മ​നു​ഷ്യാ​വ​കാ​ശ ക​മീ​ഷ​ൻ.

ര​ണ്ടാ​ഴ്ച​ക്കു​ള്ളി​ൽ അ​ധ്യാ​പി​ക​യു​ടെ പ​രാ​തി സം​ബ​ന്ധി​ച്ച് പൊ​തു വി​ദ്യാ​ഭ്യാ​സ ഡ​യ​റ​ക്ട​ർ വി​ശ​ദീ​ക​ര​ണം സ​മ​ർ​പ്പി​ക്ക​ണ​മെ​ന്ന് ക​മീ​ഷ​ൻ അം​ഗം വി.​കെ. ബീ​നാ​കു​മാ​രി ആ​വ​ശ്യ​പ്പെ​ട്ടു. അ​ധ്യാ​പി​ക പ​ത്ത​നം​തി​ട്ട സ്വ​ദേ​ശി​നി അ​ശ്വ​തി​പി​ള്ള സ​മ​ർ​പ്പി​ച്ച പ​രാ​തി​യി​ലാ​ണ് ഉ​ത്ത​ര​വ്.

ഇ​ടു​ക്കി വി​ദ്യാ​ഭ്യാ​സ ഉ​പ​ഡ​യ​റ​ക്ട​റി​ൽ​നി​ന്ന്​ വി​ഷ​യ​ത്തി​ൽ ക​മീ​ഷ​ൻ റി​പ്പോ​ർ​ട്ട് വാ​ങ്ങി. എ​ൻ.​എ​സ്.​എ​സ് സ്കൂ​ൾ​സ് മാ​നേ​ജ​രു​ടെ അ​പ്പീ​ലി​െൻറ അ​ടി​സ്ഥാ​ന​ത്തി​ൽ അ​ധ്യാ​പി​ക​യു​ടെ നി​യ​മ​നം ക്ര​മ​പ്ര​കാ​രം സ​മ​ർ​പ്പി​ക്കാ​ൻ ക​ട്ട​പ്പ​ന ജി​ല്ല വി​ദ്യാ​ഭ്യാ​സ ഓ​ഫി​സ​ർ​ക്ക് നി​ർ​ദേ​ശം ന​ൽ​കി​യി​രു​ന്ന​താ​യി റി​പ്പോ​ർ​ട്ടി​ൽ പ​റ​യു​ന്നു.

എ​ന്നാ​ൽ, പൊ​തു​വി​ദ്യാ​ഭ്യാ​സ ഡ​യ​റ​ക്ട​ർ ക​മീ​ഷ​നി​ൽ സ​മ​ർ​പ്പി​ച്ച തെ​ളി​വെ​ടു​പ്പ്​ നോ​ട്ടി​ൽ നി​യ​മ​ന​ത്തി​ന് അം​ഗീ​കാ​രം ന​ൽ​കാ​ൻ ഒ​ഴി​വി​ല്ലെ​ന്ന് പ​റ​യു​ന്നു. ഇൗ ​വി​ശ​ദീ​ക​ര​ണം ഡ​യ​റ​ക്ട​റു​ടെ ഓ​ഫി​സ്​ കാ​ണി​ക്കു​ന്ന ഉ​ദാ​സീ​ന​ത​ക്ക്​ ഉ​ദാ​ഹ​ര​ണ​മാ​ണെ​ന്ന് ക​മീ​ഷ​ൻ ചൂ​ണ്ടി​ക്കാ​ട്ടി. ഇ​ടു​ക്കി വി​ദ്യാ​ഭ്യാ​സ ഉ​പ ഡ​യ​റ​ക്ട​ർ അ​നു​വ​ദി​ച്ച അ​പ്പീ​ലി​െൻറ പ​ക​ർ​പ്പും ഡ​യ​റ​ക്ട​ർ ക​മീ​ഷ​നി​ൽ സ​മ​ർ​പ്പി​ച്ചി​ട്ടു​ണ്ട്. അ​പ്പീ​ൽ അ​നു​വ​ദി​ച്ച​ത് ഒ​ഴി​വി​ല്ലാ​ത്ത​തു​കൊ​ണ്ടാ​ണോ​യെ​ന്നാ​ണ്​ ക​മീ​ഷ​ൻ ചോ​ദി​ച്ച​ത്.",അ​ധ്യാ​പി​ക പ​ത്ത​നം​തി​ട്ട സ്വ​ദേ​ശി​നി അ​ശ്വ​തി​പി​ള്ള സ​മ​ർ​പ്പി​ച്ച പ​രാ​തി​യി​ലാ​ണ് ഉ​ത്ത​ര​വ്,mal,madhyamam,Madhyamam,fake news,1f6a779a-ead2-4c76-914b-e85020943827,article,MassiveSum
https://www.madhyamam.com/kerala/son-arrested-for-beating-mother-688092,,മാതാവിനെ മർദ്ദിച്ച മകൻ അറസ്റ്റിൽ,,"തിരുവനന്തപുരം: വര്‍ക്കല ഇടവ അയിരൂരില്‍ മാതാവിനെ മർദ്ദിച്ച മകൻ അറസ്റ്റിൽ. ഇടവ തുഷാരമുക്കില്‍ റസാക്കാണ് പിടിയിലായത്. പാറപ്പുറം പ്രദേശത്തെ ഒരു വയലിൽ നിന്നാണ് ഇയാളെ കസ്റ്റഡിയിൽ എടുത്തത്. വയലിൽ ഇയാളുണ്ടെന്ന് വിവരം ലഭിച്ചതിനെ തുടർന്ന് പൊലീസ് സ്ഥലത്തെത്തി റസാഖിനെ കസ്റ്റഡിയിൽ എടുക്കുകയായിരുന്നു.

ആറ്റിങ്ങൽ ഡി.വൈ.എസ്.പിയാണ് അറസ്റ്റ് ചെയ്തത്. ഒരാഴ്ച മുന്‍പ് നടന്ന സംഭവത്തിന്റെന്‍റെ ദൃശ്യങ്ങള്‍ ഇന്നലെയാണ് സാമൂഹ്യമാധ്യമങ്ങളിലൂടെ പ്രചരിച്ചത്. സ്ത്രീയെ ആക്രമിച്ചതിനും മാരകമായി പരിക്കേല്‍പിച്ചതിനും ജാമ്യമില്ല വകുപ്പ് പ്രകാരമാണ് കേസെടുത്തിട്ടുള്ളത്. എന്നാൽ മകനെതിരെ പരാതിയില്ലെന്നാണ് അമ്മയുടെ നിലപാട്.

മകനെതിരെ മൊഴി നൽകാൻ മാതാവ് തയ്യാറാവുമോ എന്നതിനനുസരിച്ചായിരിക്കു കേസ് മുന്നോട്ട് പോകുക. മാതാവ് മൊഴി നൽകിയില്ലെങ്കിൽ പൊലീസ് സ്വമേധയാ കേസെടുക്കും.",തിരുവനന്തപുരം: വര്‍ക്കല ഇടവ അയിരൂരില്‍ മാതാവിനെ മർദ്ദിച്ച മകൻ അറസ്റ്റിൽ. ഇടവ തുഷാരമുക്കില്‍ റസാക്കാണ് പിടിയിലായത്. പാറപ്പുറം പ്രദേശത്തെ ഒരു വയലിൽ നിന്നാണ് ഇയാളെ കസ്റ്റഡിയിൽ എടുത്തത്. വയലിൽ...,mal,madhyamam,Madhyamam,fake news,5889b434-4ef0-4fc4-819b-a88d0ed5d26c,article,MassiveSum
https://www.madhyamam.com/local-news/thrissur/2018/feb/10/425073,,ഭിന്നശേഷിയുള്ള യുവതയുടെ സംഗമം,,"തൃശൂർ: ഗുരുവായൂർ കരുണ ഫൗണ്ടേഷ​െൻറ നേതൃത്വത്തിൽ ഭിന്നശേഷിയുള്ള യുവതി, യുവാക്കളുടെ വൈവാഹിക സംഗമം 17ന് നടക്കും. രാവിലെ ഒമ്പതിന് ഗുരുവായൂർ മുനിസിപ്പൽ ടൗൺ ഹാളിൽ നടക്കുന്ന സംഗമത്തിൽ തിരുവനന്തപുരം മുതൽ കാസർകോട് വരെയുള്ള രണ്ടായിരത്തോളം പേർ പങ്കെടുക്കുമെന്ന് സംഘാടകർ വാർത്തസമ്മേളനത്തിൽ അറിയിച്ചു. 2010 മുതൽ നടത്തിവരുന്ന വൈവാഹിക സംഗമത്തിലൂടെ മുന്നൂറിലധികം യുവതീ യുവാക്കൾക്ക് ജീവിത പങ്കാളികളെ കണ്ടെത്താൻ കഴിഞ്ഞു. ഓരോ മതവിഭാഗങ്ങൾക്കുമുള്ള പ്രത്യേക സജ്ജീകരണം ഒരുക്കിയിട്ടുണ്ട്. മുൻകൂട്ടി രജിസ്റ്റർ ചെയ്തവരും പങ്കെടുക്കാൻ ആഗ്രഹിക്കുന്നവരും കൃത്യസമയത്ത് ഹാളിൽ എത്തണമെന്ന് സംഘാടകർ പറഞ്ഞു. സെക്രട്ടറി രവി ചങ്കത്ത്, കോഒാഡിനേറ്റർ ഫാരിദ ഹംസ, ട്രഷറർ വേണു പ്രാരത്ത്, കെ. സുഗതൻ എന്നിവർ വാർത്തസമ്മേളനത്തിൽ പങ്കെടുത്തു.","തൃശൂർ: ഗുരുവായൂർ കരുണ ഫൗണ്ടേഷ​െൻറ നേതൃത്വത്തിൽ ഭിന്നശേഷിയുള്ള യുവതി, യുവാക്കളുടെ വൈവാഹിക സംഗമം 17ന് നടക്കും. രാവിലെ ഒമ്പതിന് ഗുരുവായൂർ മുനിസിപ്പൽ ടൗൺ ഹാളിൽ നടക്കുന്ന സംഗമത്തിൽ തിരുവനന്തപുരം മുതൽ...",mal,madhyamam,Madhyamam,fake news,c790cfa9-85f1-4a10-9d41-dfd2f68773a5,article,MassiveSum
https://www.madhyamam.com/local-news/trivandrum/2017/sep/21/338989,,തഴവയിൽ വലയിൽ കുരുങ്ങിയത് അപൂർവയിനം ആമ,,"ഓച്ചിറ: തഴവ കുതിരപന്തി വട്ടത്തിൽ വയലിൽനിന്ന് മീൻ പിടിക്കാൻ ഇട്ട വലയിൽ അപൂർവയിനത്തിൽപെട്ട ആമ കുടുങ്ങി. കുതിരപന്തി വട്ടത്തിൽ ഗോപകുമാർ മീൻപിടിക്കാനിട്ട കൂട് വലയിലാണ് ആമ കുരുങ്ങിയത്. മഞ്ഞ, കറുപ്പ് നിറങ്ങളിൽ വരകളോട് കൂടിയ ആമയുടെ പുറംതോടിൽ നക്ഷത്രംപോലെയുള്ള ചിത്രങ്ങളും കാണാൻ കഴിയും. അപൂർവയിനത്തിൽപെട്ട ആമയെ കാണാൻ ധാരാളംപേർ എത്തുന്നുണ്ട്. ആമയെ വനംവകുപ്പിന് കൈമാറുമെന്ന് ഗോപകുമാർ പറഞ്ഞു.","ഓച്ചിറ: തഴവ കുതിരപന്തി വട്ടത്തിൽ വയലിൽനിന്ന് മീൻ പിടിക്കാൻ ഇട്ട വലയിൽ അപൂർവയിനത്തിൽപെട്ട ആമ കുടുങ്ങി. കുതിരപന്തി വട്ടത്തിൽ ഗോപകുമാർ മീൻപിടിക്കാനിട്ട കൂട് വലയിലാണ് ആമ കുരുങ്ങിയത്. മഞ്ഞ, കറുപ്പ്...",mal,madhyamam,Madhyamam,fake news,a7cafb15-b807-4fe3-a330-327f1014697c,article,MassiveSum
https://www.dengeamerika.com/a/5560448.html,https://www.dengeamerika.com/a/5560448.html,Raporta Ehmed Zêbarî - Hewlêr 27 08 2020,,Bernameyên Dengê Amerîka (VOA) yên bi zimanê Kurmancî ku li ser înternetê tên weşandin,Bernameyên Dengê Amerîka (VOA) yên bi zimanê Kurmancî ku li ser înternetê tên weşandin,mal,dengeamerika,Denge Amerika,fake news,da3643cb-a291-44a2-80ef-6f12e4abff4a,article,MassiveSum
https://www.madhyamam.com/kerala/local-news/malappuram/--566485,,മീറ്റർ ​ബോക്​സിൽ പാമ്പ്​; കെ.എസ്.ഇ.ബി ജീവനക്കാരന്​ കടിയേറ്റു,,മഞ്ചേരി: മീറ്റർ റീഡിങ് എടുക്കുന്നതിനിടെ കെ.എസ്.ഇ.ബി ജീവനക്കാരന് പാമ്പ് കടിയേറ്റു. മഞ്ചേരി നോർത്ത് സെക്ഷനിലെ ജീവനക്കാരൻ എളങ്കൂർ സ്വദേശി മാഞ്ചേരി കുരിക്കൾ മുഹമ്മദ് സഫീറിനാണ് (26) കടിയേറ്റത്. ചൊവ്വാഴ്ച രാവിലെ ഒമ്പതോടെയാണ് സംഭവം. മഞ്ചേരി ഡോക്ടേഴ്സ് കോളനിക്ക് സമീപത്തെ വീട്ടിലെ മീറ്റർ ബോക്സിലുണ്ടായിരുന്ന പാമ്പാണ്​ കടിച്ചത്​. സഹപ്രവർത്തകരെത്തി പാമ്പിനെ പിടികൂടുകയും സഫീറിനെ മഞ്ചേരി മെഡിക്കൽ കോളജ് ആശുപത്രിയിൽ എത്തിക്കുകയും ചെയ്തു. ചികിത്സക്ക് ശേഷം ഉച്ചയോടെ വീട്ടിലേക്ക് മടങ്ങി.,മീറ്റർ ​ബോക്​സിൽ പാമ്പ്​; കെ.എസ്.ഇ.ബി  ജീവനക്കാരന്​ കടിയേറ്റു,mal,madhyamam,Madhyamam,fake news,af7bb679-5669-4135-937b-799e22607b6d,article,MassiveSum
https://janayugomonline.com/phase-iii-lockdown-in-the-country-the-discounts-in-kerala-know/,,രാജ്യത്ത് ഇന്നുമുതല്‍ മൂന്നാംഘട്ട ലോക്ഡൗണ്‍ പ്രാബല്യത്തില്‍; കേരളത്തിലെ ഇളവുകൾ അറിയാം !,,"രാജ്യത്ത് ഇന്നുമുതല്‍ മൂന്നാംഘട്ട ലോക്ഡൗണ്‍ പ്രാബല്യത്തില്‍. ഈമാസം പതിനേഴു വരെയാണ് ലോക്ഡൗണ്‍. ഓറഞ്ച്, ഗ്രീന്‍ സോണുകളില്‍ പ്രഖ്യാപിച്ച വന്‍ ഇളവുകള്‍ പ്രാബല്യത്തില്‍ വന്നു. റെഡ് സോണുകളില്‍ കടുത്ത നിയന്ത്രണങ്ങള്‍ തുടരും. മൂന്നാം ഘട്ട ലോക്ക്ഡൗണിലേക്ക് സംസ്ഥാനവും കടക്കുകയാണ് ഈ അവസരത്തിൽ ഇന്നു മുതൽ ഹോട്ട് സ്പോട്ടുകളിൽ കർശന നിയന്ത്രണങ്ങളും അല്ലാത്തയിടങ്ങളിൽ ഇളവുകളും ഉണ്ടാകും. പൊതുഗതാഗതം എവിടെയുമുണ്ടാകില്ല. ഹോട്ട്സ്പോട്ട് ഒഴികെയുള്ള സ്ഥലങ്ങളിൽ സ്വകാര്യ വാഹനങ്ങൾ അനുവദിക്കും. ജില്ലകൾക്ക് പുറത്തേക്കുള്ള യാത്രയ്ക്ക് പ്രത്യേക അനുമതി വേണം. കേന്ദ്രം അനുവദിച്ച നിരവധി ഇളവുകൾ സംസ്ഥാനം തൽക്കാലം വേണ്ടെന്ന് വയ്ക്കുകയാണ്. ബവ്റിജസ് ഉൾപ്പടെ തുറക്കേണ്ട എന്നാണ് കേരളത്തിന്‍റെ തീരുമാനം.നാലുചക്ര വാഹനങ്ങളിൽ ഡ്രൈവർ അടക്കം മൂന്ന് പേർക്ക് യാത്ര ചെയ്യാം. ജില്ലകളിൽ നിന്നും ജില്ലകളിലേക്കും യാത്രയാകാം. ഇരുചക്ര വാഹനങ്ങളിൽ ഒരാൾക്കാണ് അനുമതി. അത്യാവശ്യഘട്ടത്തിൽ ഹോട്ട്സ്പോട്ട് അല്ലാത്ത സ്ഥലങ്ങളിൽ രണ്ടുപേർക്ക് യാത്രയാകാം. ഗ്രീൻ സോണിൽ രാവിലെ ഏഴ് മുതൽ രാത്രി ഏഴര വരെ കടകൾ തുറക്കാം. ഓറഞ്ചിൽ നിലവിലെ സ്ഥിതി തുടരും. ഹോട്ട്സ്പോട്ട് ഒഴികെയുള്ള സ്ഥലങ്ങളിൽ ഹോട്ടലുകളിൽ പാഴ്സൽ അനുവദിക്കും. ഒന്നിലധികം നിലകളില്ലാത്ത ടെക്സൈ്റ്റൽ ഷോറുമൂകൾ ഗ്രീൻ, ഓറഞ്ച് സോണുകളിൽ തുറക്കാം.ബാങ്കുകൾ ഇന്ന് മുതൽ പഴയ സമയക്രമത്തിലേക്ക്. സോൺ വ്യത്യാസമില്ലാതെ എല്ലായിടത്തും രാവിലെ 10 മുതൽ വൈകീട്ട് 5 വരെയാണ് ബാങ്കുകൾ പ്രവർത്തിക്കുക. കണ്ടെയ്ൻമെന്‍റ് സോണുകളിൽ മാത്രം ജില്ലാ ഭരണകൂടത്തിന്‍റെ പ്രത്യേക നിർദ്ദേശം അനുസരിച്ചാകും ബാങ്കുകളുടെ പ്രവർത്തനം.

ആഴ്ചകളായി ലോക്ക് ഡൗണിലായിരുന്ന മധ്യകേരളത്തിലെ മൂന്നു ജില്ലകൾ ഇന്ന് കൂടുതൽ സജീവമാകും. മൂന്നു ജില്ലകളും ഗ്രീൻ സോണിലായതോടെയാണ് നിയന്ത്രണങ്ങളിൽ കൂടുതൽ ഇളവ് വരുന്നത്. എറണാകുളം ജില്ലയിലെ എടക്കാട്ടു വയൽ പഞ്ചായത്തിലെ പതിനാലാം വാർഡ് ഹോട്ട്സ്പോട്ടായി പ്രഖ്യാപിച്ചതിനാൽ ഇവിടെ നിയന്ത്രണങ്ങൾ തുടരും.മധ്യ കേരളത്തിലെ എറണാകുളം, തൃശ്ശൂർ, ആലപ്പുഴ എന്നീ ജില്ലകളാണ് ഗ്രീൻ സോണിലായത്. ഇവിടങ്ങളിൽ കൂടുതൽ കടകൾ ഇന്നു മുതൽ തുറക്കും. കടകളുടെ പ്രവർത്തന സമയം രാവിലെ ഏഴു മുതൽ വൈകിട്ട് ഏഴര വരെയാകാം. സാമൂഹിക അകലം പാലിച്ച് പ്രഭാത സവാരി നടത്താം. നിബന്ധനകളോടെ ടാക്സി സർവീസും തുടങ്ങും. ഓൺ ലൈൻ ടാക്സികളും ഓടും.

സേവന മേഖലയിലെ സ്ഥാപനങ്ങൾ പകുതി ജീവനക്കാരെ വച്ച് ആഴ്ചയിൽ മൂന്നു ദിവസം പ്രവർത്തിക്കും. എന്നാൽ പൊതു ഗതാഗതം ഉണ്ടാകില്ല. സ്വകാര്യ വാഹനങ്ങളിൽ ഡ്രൈവർക്ക് പുറമെ രണ്ടു പേരെ മാത്രമേ അനുവദിക്കൂ.തിയേറ്റർ, ആരാധനാലയങ്ങൾ, മാളുകൾ, ബ്യൂട്ടി പാലർലറുകൾ, ജിംനേഷ്യം എന്നിവ അടഞ്ഞുതന്നെ കിടക്കും. വിദ്യാഭ്യാസ സ്ഥാപനങ്ങളും തുറക്കില്ല. വിവാഹം, മരണാനന്തര ചടങ്ങ് എന്നിവക്ക് ഇരുപത് പേരിൽ കൂടുതൽ അനുവദിക്കില്ല. റെഡ് സോണില്‍ ഉള്‍പ്പെട്ട കോട്ടയം ജില്ലയില്‍ കണ്ടെയ്ന്‍മെന്‍റ് മേഖലകളില്‍ ഒഴികെ കൂടുതല്‍ ഇളവുകള്‍ അനുവദിച്ച് ജില്ലാ കളക്ടര്‍ ഉത്തരവിട്ടു. കേന്ദ്ര ആഭ്യന്തര മന്ത്രാലയത്തിന്‍റെയും സംസ്ഥാന പൊതുഭരണ വകുപ്പിന്‍റെയും ഉത്തരവുകളുടെ അടിസ്ഥാനത്തിലാണ് നടപടി.

നഗര മേഖലകളിൽ അനുമതിയുള്ള പ്രവര്‍ത്തനങ്ങള്‍: വ്യവസായ പാര്‍ക്കുകള്‍, കയറ്റുമതി അധിഷ്ഠിത യൂണിറ്റുകള്‍, അവശ്യ സാധനങ്ങളുടെ നിര്‍മാണ കേന്ദ്രങ്ങള്‍ (മരുന്നുകള്‍, മെഡിക്കല്‍ ഉപകരണങ്ങള്‍, മെഡിക്കല്‍ മേഖലയുമായി ബന്ധപ്പെട്ട അസംസ്കൃത വസ്തുക്കള്‍, ഐടി ഹാര്‍ഡ് വെയര്‍, പാക്കിംഗ് സാമഗ്രികള്‍ എന്നിവയുടേത് ഉള്‍പ്പെടെ), നിര്‍മ്മാണ സ്ഥലത്തു താമസിക്കുന്ന ജോലിക്കാരെ മാത്രം നിയോഗിച്ച് നടത്തുന്ന നിര്‍മാണ പ്രവര്‍ത്തനങ്ങള്‍, മാര്‍ക്കറ്റുകളിലെ അവശ്യ വസ്തു വില്‍പ്പന കേന്ദ്രങ്ങള്‍, ഒറ്റപ്പെട്ട കടകള്‍, റസിഡന്‍ഷ്യല്‍ കോംപ്ലക്സുകളിലെ വ്യാപാര സ്ഥാപനങ്ങള്‍(ഇതിന് അവശ്യ വസ്തു, അവശ്യവസ്തു അല്ലാത്തത് എന്ന വേര്‍തിരിവില്ല)

ഗ്രാമ പ്രദേശങ്ങളില്‍ കൂടുതലായി അനുമതിയുള്ള പ്രവര്‍ത്തനങ്ങൾ: എല്ലാ വ്യവസായ സ്ഥാപനങ്ങളും മാളുകള്‍ ഒഴികെയുള്ള എല്ലാ വ്യാപാര സ്ഥാപനങ്ങളും എല്ലാ കെട്ടിട നിര്‍മാണ പ്രവര്‍ത്തനങ്ങളും തുറന്ന് പ്രവർത്തിക്കാം. അനുവദനീയമായ പ്രവര്‍ത്തനങ്ങള്‍ക്കും സേവനങ്ങള്‍ക്കുമായി വ്യക്തികളും വാഹനങ്ങളും സഞ്ചരിക്കുന്നതിന് അനുമതിയുണ്ട്. നാലു ചക്ര വാഹനങ്ങളില്‍ ഡ്രൈവറെ കൂടാതെ രണ്ടു പേര്‍ക്ക് സഞ്ചരിക്കാം. ഇരുചക്ര വാഹനങ്ങളില്‍ ഒരാള്‍ക്കു മാത്രമേ സഞ്ചരിക്കാന്‍ അനുമതിയുള്ളൂ.

അവശ്യവസ്തു വിതരണവുമായി ബന്ധപ്പെട്ട ഇ- കൊമേഴ്സ് സ്ഥാപനങ്ങള്‍ക്ക് പ്രവര്‍ത്തിക്കാം. സ്വകാര്യ ഓഫീസുകള്‍ക്ക് പരമാവധി 33 ശതമാനം ജീവനക്കാരെ നിയോഗിച്ച് പ്രവര്‍ത്തിക്കാം. അവശ്യ സേവനത്തിനായി നിലവില്‍ പ്രവര്‍ത്തിക്കുന്നവയ്ക്കു പുറമെയുള്ള എല്ലാ സര്‍ക്കാര്‍ ഓഫീസുകളും 33 ശതമാനം ജീവനക്കാരെ നിയോഗിച്ച് പ്രവര്‍ത്തിക്കാം. ബാങ്കുകള്‍, എ.ടി.എമ്മുകള്‍, ബാങ്കിംഗ് പ്രവര്‍ത്തനങ്ങള്‍ക്കുള്ള ഐ.ടി സേവനദാതാക്കള്‍, എ.ടി.എം ഓപ്പറേഷന്‍ ആന്‍റ് കാഷ് മാനേജ്മെന്‍റ് ഏജന്‍സികള്‍ എന്നിവയ്ക്ക് അവശ്യം വേണ്ട ജീവനക്കാരെ നിയോഗിച്ച് പ്രവര്‍ത്തിക്കാം.

തുടരുന്ന നിരോധനങ്ങള്‍: ടാക്സികള്‍, ഓട്ടോറിക്ഷകള്‍, ജില്ലാ-അന്തര്‍ജില്ലാ ബസ് സര്‍വീസുകള്‍, ബാര്‍ബര്‍ ഷോപ്പുകള്‍, സ്പാകള്‍, സലൂണുകള്‍, പൊതു ഗതാഗത സംവിധാനങ്ങള്‍, വിദ്യാഭ്യാസ സ്ഥാപനങ്ങള്‍, പരിശീലന സ്ഥാപനങ്ങള്‍, സിനിമാ ശാലകള്‍, ഷോപ്പിംഗ് മാളുകള്‍, ജിംനേഷ്യങ്ങള്‍, സ്പോര്‍ട്സ് കോംപ്ലക്സുകള്‍, നീന്തല്‍കുളങ്ങള്‍, പാര്‍ക്കുകള്‍, ഓഡിറ്റോറിയങ്ങള്‍ എന്നിവയ്ക്കുള്ള നിരോധനം ഗ്രാമ‑നഗര വ്യത്യാസമില്ലാതെ സാമൂഹിക, രാഷ്ട്രീയ, കായിക വിനോദ, വിദ്യാഭ്യാസ, സാംസ്കാരിക, സാമുദായിക കൂടിച്ചേരലുകൾ, ആരാധനാലയങ്ങളിലും മതപരമായ പ്രവര്‍ത്തനങ്ങള്‍ക്കുള്ള സ്ഥലങ്ങളിലും പൊതുജനങ്ങള്‍ക്കുള്ള പ്രവേശനം.

ഓറഞ്ച് സോണിൽ ഉള്ള കൊല്ലത്ത് മത്സ്യബന്ധന മേഖലയിൽ ഇന്ന് കൂടുതൽ ഇളവുകൾ പ്രാബല്യത്തിൽ വരും. ബോട്ടുകൾക്ക് ഒറ്റയക്ക — ഇരട്ടയക്ക നിയന്ത്രണം ഏർപ്പെടുത്തിയിട്ടുണ്ട്. കടലിൽ പോകുന്ന ബോട്ടുകൾ 24 മണിക്കൂറിനുള്ളിൽ തിരിച്ചു വരണം. ജില്ലയിൽ കശുവണ്ടി ഫാക്ടറികളും ഇന്ന് മുതൽ തുറന്ന് പ്രവർത്തിക്കുമെന്നും ജില്ലാ ഭരണകൂടം അറിയിച്ചു.

you may also like this video",രാജ്യത്ത് ഇന്നുമുതല്‍ മൂന്നാംഘട്ട ലോക്ഡൗണ്‍ പ്രാബല്യത്തില്‍; കേരളത്തിലെ ഇളവുകൾ അറിയാം ! - Janayugom Online - News,mal,janayugomonline,Janayugomonline,fake news,5bdc02c7-2bc0-4ace-9d1b-9cb7ecaabc0a,article,MassiveSum
https://www.madhyamam.com/literature/book-review/book-review-about-roopa-chinai-literature-news/588627,https://www.madhyamam.com/literature/book-review/book-review-about-roopa-chinai-literature-news/588627,"യുദ്ധത്തി​െൻറ മുറിവുകൾ, സ്വാതന്ത്ര്യത്തി​െൻറയും",,"രൂപ ചിനായിയുടെ മാധ്യമപ്രവർത്തനം സവിശേഷമായ രീതിയിലുള്ളതാണ്. കഴിഞ്ഞ 20 വർഷങ്ങളായി അവർ ഇന്ത്യയിലെ വടക്കുകിഴക്കൻ സംസ്​ഥാനങ്ങളിലെ പ്രശ്​നങ്ങളെക്കുറിച്ച് പഠിക്കുകയും എഴുതുകയും ചെയ്യുന്നു. അതേക്കുറിച്ച് സമീപകാലത്ത് അവർ ‘അണ്ടർസ്​റ്റാൻഡിങ്​ ഇന്ത്യാസ്​ നോർത്ത് ഇൗസ്​​റ്റ്​- എ റിപ്പോർട്ടേഴ്്സ് ജേണൽ‘ എന്ന സമാന്യം ബൃഹത്തായ പുസ്​തകം പ്രസിദ്ധീകരിച്ചു. ഇന്ത്യയിലെ പ്രധാനപ്പെട്ട ഇംഗ്ലീഷ് പത്രങ്ങളിലും വാരികകളിലും പ്രവർത്തിച്ച അവർക്ക് താൻ എഴുതുന്ന പ്രമേയങ്ങളിൽ മുഖ്യധാരാമാധ്യമങ്ങൾക്ക് താൽപര്യമില്ലെന്നു മനസ്സിലായി. അതോടെ ജോലി വിട്ടു. സ്വതന്ത്ര മാധ്യമപ്രവർത്തകയായി. തനിക്ക് ഒരു പ്രസാധകനെ കിട്ടുക ദുഷ്​കരമാണെന്നു കണ്ടെത്തിയ രൂപ ചിനായി സ്വന്തമായി പുസ്​തകം പുറത്തിറക്കി.

പുറമെയുള്ളവർ ടൂറിസ്​റ്റ്​ ഡെസ്​റ്റിനേഷൻ മാത്രമായി കണ്ടുവരുന്ന വടക്കുകിഴക്കൻ സംസ്​ഥാനങ്ങളുടെ രാഷ്​​ട്രീയ ഉള്ളടക്കത്തിലേക്ക് സമഗ്രമായി വെളിച്ചം വീശുകയാണ് ഈ പുസ്​തകം. മുഖ്യധാരാ മാധ്യമങ്ങളും ഇന്ത്യൻ ഭരണകൂടവും വിഘടനവാദികൾ എന്നുമാത്രം വിശേഷിപ്പിക്കാറുള്ള ഈ സംസ്​ഥാനങ്ങളിലെ മനുഷ്യരുടെ രാഷ്​ട്രീയ ഇച്ഛയെ അന്വേഷിക്കുകയും അടയാളപ്പെടുത്തുകയുമാണ് ഈ ഗ്രന്ഥം. അസമിന് സ്വാതന്ത്ര്യം വേണമെന്ന് ആവശ്യപ്പെടുന്ന ഉൾഫയും നാഗ വിമോചന മുന്നണിയും ഇപ്പോൾ പിൻവാങ്ങിക്കഴിഞ്ഞ മണിപ്പൂർ സമര പോരാളി ഇറോം ശർമിളയും പുസ്​തകത്തി​​െൻറ താളുകളിൽ വായനക്കാരോട്​ സംവദിക്കുന്നു.

വടക്കുകിഴക്കൻ സംസ്​ഥാനങ്ങളും മെയിൻ ലാൻഡ്​ ഇന്ത്യയും തമ്മിൽ വലിയ വിടവുണ്ടെന്നും അതെങ്ങനെ പരിഹരിക്കാമെന്നതിനുള്ള ഉത്തരമാണ് ഈ പുസ്​തകമെന്നും അവതാരികയിൽ രാജ്മോഹൻ ഗാന്ധി വ്യക്തമാക്കുന്നു. ഭരണഘടന പ്രത്യേക വകുപ്പ് വഴി സ്വയംഭരണാധികാരം നൽകിയ നാഗാലാൻഡ്​ ഉൾപ്പെടെയുള്ള സംസ്​ഥാനങ്ങൾ ഇന്നും തങ്ങൾക്ക് അനുവദിക്കപ്പെട്ട സ്വാതന്ത്ര്യത്തിനുവേണ്ടിയാണ് പൊരുതുന്നതെന്ന് രൂപ ചിനായി വാദിക്കുന്നു. 1947 ആഗസ്​റ്റ്​ 14ന് ബ്രിട്ടീഷുകാരിൽനിന്ന്​ സ്വാതന്ത്ര്യം പ്രഖ്യാപിച്ച നാഗകൾ 1952ൽ നെഹ്റു പ്രധാനമന്ത്രിയായിരുന്ന കാലത്ത് തങ്ങളുടെ ഭൂമിയിലേക്ക് ഇന്ത്യൻ സൈന്യം കടന്നുവരുന്നതും ആക്രമിക്കുന്നതുമാണ് കാണുന്നത്​.

സൈന്യത്തി​​​െൻറ സാന്നിധ്യവും ആക്രമണങ്ങളും ഇന്നും അവസാനിച്ചിട്ടില്ല. ഇടക്കിടെയുള്ള യുദ്ധങ്ങളാണവ. എഴുപതുകളിൽ നാഗാലാൻഡിലേക്ക് എം.എസ്​.പിയും (മലബാർ സ്പെഷൽ പൊലീസ്) പോകുന്നുണ്ട്. 1921ലെ മലബാർ കലാപം ബ്രിട്ടീഷുകാർ ഉണ്ടാക്കിയ എം.എസ്​.പി അടിച്ചമർത്തി. സ്വാതന്ത്ര്യത്തിനു ശേഷം അവരുടെ നിയോഗം ഭരണഘടന പ്രത്യേക അധികാര അവകാശങ്ങൾ നൽകിയവരെ നേരിടുക എന്നതായിരുന്നുവെന്നത്​ ചരിത്രത്തിലെ കറുത്ത ഹാസ്യങ്ങളിലൊന്നായി അവശേഷിക്കുന്നു. നാഗാലാൻഡ്​ സമാധാനക്കരാർ യാഥാർഥ്യമാക്കാൻ ഇത്രയും കാലത്തിനുശേഷവും ഒരു സർക്കാറിനും കഴിഞ്ഞിട്ടില്ല. ഇതിനെല്ലാം പുറമെ വിമോചന പ്രക്ഷോഭത്തി​​െൻറ പേരിൽ ഇവിടെയുള്ള സംഘടനകളും അവയുടെ ദുരമൂത്ത നേതാക്കളും പ്രവർത്തകരും ജനങ്ങളെ പിഴിയുന്ന അവസ്​ഥകളുമുണ്ട്. ഒരുഭാഗത്ത് സർക്കാർ മറുഭാഗത്ത് ഇത്തരം സംഘടനകൾ. ഇതിന് നടുവിലാണ് എത്രയോ ദശകങ്ങളായി വടക്കുകിഴക്കൻ ജനതയുടെ ജീവിതം. രൂപ ചിനായിയുടെ വാക്കുകളിൽ, എല്ലാവരും ചേർന്ന് ചുമരിൽ തേച്ചൊട്ടിച്ച ജനത കഴിയുന്നത്.

ഏഴു സഹോദരികൾ എന്നറിയപ്പെടുന്ന മിസോറം, ത്രിപുര, മേഘാലയ, അസം, അരുണാചൽപ്രദേശ്, നാഗാലാൻഡ്, മണിപ്പൂർ എന്നീ സംസ്​ഥാനങ്ങൾ അനുഭവിക്കുന്ന അസ്വാതന്ത്ര്യവും പട്ടിണിയും തൊഴിലില്ലായ്​മയും വികസനമില്ലായ്​മയും അതിന് കാരണമായി പറയപ്പെടുന്ന വിഘടനവാദവും– ഇതി​​െൻറയെല്ലാം യാഥാർഥ്യങ്ങളെന്തെന്ന് ആഴത്തിൽ പഠിക്കുകയും ശരിയായ ചിത്രം, കൃത്യമായ വിവരങ്ങളുടെയും അനുഭവങ്ങളുടെയും അടിസ്​ഥാനത്തിൽ അവതരിപ്പിക്കുകയുമാണ് പുസ്​തകം. ഈ ഏഴു സംസ്​ഥാനങ്ങൾക്കും പൊതുവായുള്ളത്​ മുളയാണ്. മുളകൊണ്ട് നിർമിക്കുന്ന വസ്​തുക്കൾക്ക് വിപണി കണ്ടെത്താനോ അതിനർഹമായ വില കിട്ടും വിധത്തിൽ വിൽക്കാനോ ഇവർക്കാവുന്നില്ല. നാഗാലാൻഡ് പോലുള്ള സ്​ഥലങ്ങളിൽ കൃഷി പൂർണമായും ഓർഗാനിക് (ജൈവ കൃഷി) ആണ്. പ​േക്ഷ, കാർഷിക വിളകൾക്ക് അവരുടെ ഭൂമിക്കു പുറത്ത് വിപണിയില്ല. അസമിലെ കർബി ജില്ലയിലെ കർഷകർ ലോകത്തിലെ തന്നെ ഏറ്റവും സവിശേഷമായ മഞ്ഞൾ തങ്ങളുടെ കൃഷിഭൂമിയിൽ വിളയിക്കുന്നവരാണ്. സ്പൈസസ്​ ബോർഡ്​ ഓഫ്​ ഇന്ത്യ ഇത് ലബോറട്ടറി പരീക്ഷണത്തിലൂടെ സ്​ഥിരീകരിച്ചതുമാണ്. പ​േക്ഷ, വിപണി കണ്ടെത്തുന്നതിൽ കർബിയിലെ കർഷകർ പരാജയപ്പെടുന്നുവെന്ന് രൂപ ചിനായി പറയുന്നു.

വടക്കുകിഴക്കൻ സംസ്​ഥാനങ്ങളിൽനിന്ന് ആധുനിക വിദ്യാഭ്യാസം ലഭിച്ചവരിൽ പലരും ഇന്ത്യൻ മഹാനഗരങ്ങളിൽ അലയുന്ന തൊഴിൽ അന്വേഷക അഭയാർഥികളായി മാറുകയാണ്. കർഷകരെ സഹായിക്കാനായി സർക്കാർ ഏജൻസികളുണ്ടാക്കുന്ന സഹകരണ സംഘങ്ങൾ അഴിമതിക്കാരായ ഉദ്യോഗസ്​ഥരാൽ നശിക്കുന്നു. ഇങ്ങനെയുള്ള നിരവധി നേർക്കഥകളും നിരീക്ഷണങ്ങളുമാണ് പുസ്​തകത്തിൽ വായിക്കാനാവുക. ഇത്രയും പ്രതിസന്ധികൾക്കു നടുവിൽ സ്വാശ്രയ ഗ്രാമ–കർഷക ജീവിതം വീണ്ടും തിരിച്ചുപിടിച്ച് ശാന്തിയും സമാധാനവും പുനഃസ്​ഥാപിച്ച് ജീവിക്കാനുള്ള ചില കൂട്ടായ്​മകളും ചെറുതെങ്കിലും ചില മുന്നേറ്റങ്ങളും വടക്കുകിഴക്കൻ സംസ്​ഥാനങ്ങളിൽ പച്ചപിടിക്കുന്നതായി രൂപ ചിനായി പറയുന്നു. പുസ്​തകം നൽകുന്ന പ്രത്യാശയുടെ ചിത്രം ഈ കൂട്ടായ്മകളെച്ചുറ്റിപ്പറ്റിയാണ്. കൃഷി തകർന്ന് ഭൂമി കിട്ടിയ വിലക്ക്് വിൽക്കുന്ന പ്രവണത എല്ലായിടത്തും ശക്തമാകുന്നതിനിടെയാണ് കൃഷിയിലൂടെ ഗ്രാമത്തി​​െൻറ സ്വയംപര്യാപ്തത, സ്വാശ്രയത്വം പുനഃസ്​ഥാപിക്കുന്ന മുന്നേറ്റങ്ങൾ കടന്നുവന്നിരിക്കുന്നത്​. ദുരന്തങ്ങളുടെയും ദുരിതങ്ങളുടെയും ഒടുവിൽ കൃഷിക്കളങ്ങൾ ശാന്തിയുടെയും സമാധാനത്തി​​​െൻറയും പതാകകൾ പാറിക്കളിക്കുന്ന ഇടങ്ങളായി മാറുമോ? രൂപ ചിനായി ഈ ചോദ്യം മുന്നോട്ടുവെച്ച് പിൻവാങ്ങുന്നു.",രൂപ ചിനായിയുടെ മാധ്യമപ്രവർത്തനം സവിശേഷമായ രീതിയിലുള്ളതാണ്. കഴിഞ്ഞ 20 വർഷങ്ങളായി അവർ ഇന്ത്യയിലെ വടക്കുകിഴക്കൻ സംസ്​ഥാനങ്ങളിലെ പ്രശ്​നങ്ങളെക്കുറിച്ച് പഠിക്കുകയും എഴുതുകയും ചെയ്യുന്നു. അതേക്കുറിച്ച് സമീപ,mal,madhyamam,Madhyamam,fake news,38eff7a7-c47a-400e-a5ad-b804a43980d8,article,MassiveSum
https://www.madhyamam.com/local-news/kannur/2017/dec/11/392665,,പരിപാടി | Madhyamam,,കണ്ണൂർ ജില്ല ലൈബ്രറി കൗൺസിൽ ഹാൾ: എ പ്ലസ് േഗ്രഡ് ലഭിച്ച ലൈബ്രറികളിലെ സെക്രട്ടറിമാരുടെയും ലൈേബ്രറിയന്മാരുടെയും യോഗം 3.00 കണ്ണൂർ ടൗൺസ്ക്വയർ: കൈരളി കരകൗശല ൈകത്തറി മേള ഉദ്ഘാടനം 3.00,കണ്ണൂർ ജില്ല ലൈബ്രറി കൗൺസിൽ ഹാൾ: എ പ്ലസ് േഗ്രഡ് ലഭിച്ച  ലൈബ്രറികളിലെ സെക്രട്ടറിമാരുടെയും ലൈേബ്രറിയന്മാരുടെയും യോഗം 3.00 കണ്ണൂർ ടൗൺസ്ക്വയർ: കൈരളി കരകൗശല ൈകത്തറി മേള ഉദ്ഘാടനം 3.00,mal,madhyamam,Madhyamam,fake news,e3361921-b631-4f3a-887b-1e11c2513d5d,article,MassiveSum
https://www.15min.lt/naujiena/aktualu/lietuva/spektaklis-alsuoti-sugrizta-praturtejes-56-92414,https://www.15min.lt/naujiena/aktualu/lietuva/spektaklis-alsuoti-sugrizta-praturtejes-56-92414,Spektaklis „Alsuoti“ sugrįžta praturtėjęs,,"Spektaklis pirmą kartą parodytas pernai rugpjūtį, tačiau dabar jis papildytas nauja dalimi – „Žaidimai Dievo laukuose“. V.Pupšiui talkina dramos režisierius Arvydas Lebeliūnas. Prieš kelerius metus buvo išleista kompaktinė plokštelė tokiu pat pavadinimu – „Alsuoti“. Joje įrašyti sudainuoti tokių poetų kaip M.Martinaitis, S.Geda, E.Mieželaitės ir kitų kūriniai. Pats V.Pupšys nesiryžo apibrėžti, kokio žanro yra jo kūrinys. Vis dėl to, anot jo, „Alsuoti“ – arčiau šansono.

Naujasis spektaklis atsiskleis savotišku muzikinių klipų principu – kiekviena daina bus lyg nauja, trumpa istorija. Naujoji jo dalis, pavadinta „Žaidimai Dievo laukuose” pastatyta pagal Gintaro Gutausko poeziją. Nebylų poeto vaidmenį spektaklį atliks Klaipėdos valstybinio muzikinio teatro artistas Šarūnas Juškevičius.

„Spektaklis pasakoja apie žmogaus svajones, apie siekiamybes būti geriausiems, ypač kūrėjams“, – teigė V.Pupšys, atliksiantis pasakotojo vaidmenį.

Anot A.Lebeliūno, „susidraugauti“ su G.Gutausko tekstais nebuvo taip paprasta. „Tokio žanro projektas Lietuvos teatruose – pirmasis“, – teigė režisierius.

Dviejų dalių „Alsuoti“ šį sezoną bus rodomas pirmą ir paskutinį kartą. Anot Muzikinio teatro vadovės A.Žigaitytės-Nekrošienės, iki pat vidurvasario teatras dirba sparčiu ritmu – spektakliai, koncertai keičia vienas kitą.

„Alsuoti“ žiūrovai galės išvysti penktadienį, 18.30 val. Klaipėdos valstybiniame muzikiniame teatre.","Penktadienį Klaipėdos valstybinio muzikinio teatro žiūrovai išvys unikalų, šiemet „Padėkos kauke“ apdovanoto menininko Virginijaus Pupšio muzikinių istorijų spektaklį „Alsuoti“.",mal,15min,15Min,fake news,63b98ec5-149d-4bd7-94d2-c09250f74bfd,article,MassiveSum
https://lao.voanews.com/a/4180982.html,https://lao.voanews.com/a/4180982.html,ເຊີນຟັງລາຍງານເລື່ອງໂຮງງານໄຟຟ້າຖ່ານລິກໄນ ຢູ່ເມືອງຫົງສາ,,ອ່ານແລະຟັງຂ່າວ ກ່ຽວກັບປະເທດລາວ ເອເຊຍ ອາເມຣິກາ ແລະໂລກ. ນອກນັ້ນ ວີໂອເອລາວຍັງນໍາສະເໜີລາຍງານທີ່ລົງເລິກ ກ່ຽວກັບເລື້ອງຕ່າງໆທີ່ຢູ່ໃນຂ່າວ ແລະຄວາມກ້າວໜ້າດ້ານການແພດ ສຸຂະພາບ ອະນາໄມ ເສດຖະກິດ ການກະເສດ ວິທະຍາສາດແລະເທັກໂນໂລຈີ ຕະຫລອດທັງລາຍການດົນຕີ ແລະຊີວິດຊາວລາວໃນຕ່າງແດນ.,ອ່ານແລະຟັງຂ່າວ ກ່ຽວກັບປະເທດລາວ ເອເຊຍ ອາເມຣິກາ ແລະໂລກ. ນອກນັ້ນ ວີໂອເອລາວຍັງນໍາສະເໜີລາຍງານທີ່ລົງເລິກ ກ່ຽວກັບເລື້ອງຕ່າງໆທີ່ຢູ່ໃນຂ່າວ ແລະຄວາມກ້າວໜ້າດ້ານການແພດ ສຸຂະພາບ ອະນາໄມ ເສດຖະກິດ ການກະເສດ ວິທະຍາສາດແລະເທັກໂນໂລຈີ ຕະຫລອດທັງລາຍການດົນຕີ ແລະຊີວິດຊາວລາວໃນຕ່າງແດນ.,mal,voanews,VOA News,fake news,c182b820-0c0c-4402-8964-f3c511b2c8b1,article,MassiveSum
https://www.madhyamam.com/local-news/malappuram/2018/feb/07/422908,https://www.madhyamam.com/local-news/malappuram/2018/feb/07/422908,ജംഇയ്യതുല്‍ മുഅല്ലിമീന്‍ 60ാം വര്‍ഷത്തിലേക്ക്,,"തേഞ്ഞിപ്പലം: സമസ്ത കേരള ജംഇയ്യതുല്‍ മുഅല്ലിമീന്‍ സെന്‍ട്രല്‍ കൗണ്‍സില്‍ 60ാം വാര്‍ഷികം വിവിധ പരിപാടികളോടെ നടത്താന്‍ തീരുമാനിച്ചു. ചേളാരി മുഅല്ലിം പ്രസ് ഓഡിറ്റോറിയത്തില്‍ ചേര്‍ന്ന സംസ്ഥാന കൗണ്‍സിലിേൻറതാണ് തീരുമാനം. സമൂഹത്തിനും മദ്‌റസ അധ്യാപകര്‍ക്കും വിവിധ ക്ഷേമപദ്ധതികളും ആസൂത്രണങ്ങളുമാണ് 60ാം വാര്‍ഷികത്തിൽ സമർപ്പിക്കുക. യോഗത്തില്‍ സി.കെ.എം. സ്വാദിഖ് മുസ്‌ലിയാര്‍ അധ്യക്ഷത വഹിച്ചു. എം.എം. മുഹ്‌യിദ്ദീന്‍ മുസ്‌ലിയാര്‍ ആലുവ, എം.ടി. അബ്ദുല്ല മുസ്‌ലിയാര്‍, ഡോ. ബഹാഉദ്ദീന്‍ മുഹമ്മദ് നദ്‌വി, അബ്ദുല്ല കൊട്ടപ്പുറം, ഡോ. എന്‍.എ.എം. അബ്ദുല്‍ ഖാദിര്‍, എം.എം. ഇമ്പിച്ചിക്കോയ മുസ്‌ലിയാര്‍ വയനാട്, വാക്കോട് മൊയ്തീന്‍കുട്ടി ഫൈസി, പുറങ്ങ് മൊയ്തീന്‍ മുസ്‌ലിയാര്‍, ഉമര്‍ ഫാറൂഖ് മൗലവി ചിക്മംഗളൂരു തുടങ്ങിയവർ സംസാരിച്ചു. -------------------------------------------- മദ്‌റസ വാര്‍ഷിക പരീക്ഷ മേയ് മൂന്നുമുതല്‍ തേഞ്ഞിപ്പലം: കേരളത്തിനകത്തും പുറത്തുമുള്ള സമസ്ത മദ്‌റസകളില്‍ പൊതുപരീക്ഷ ഒഴികെയുള്ള ക്ലാസുകളിലെ വാര്‍ഷിക പരീക്ഷകള്‍ മേയ് മൂന്നുമുതല്‍ 10 വരെ നടത്തുമെന്ന് സമസ്ത കേരള ജംഇയ്യതുല്‍ മുഅല്ലിമീന്‍ സെക്രട്ടറി ഡോ. ബഹാഉദ്ദീന്‍ മുഹമ്മദ് നദ്‌വി അറിയിച്ചു.",തേഞ്ഞിപ്പലം: സമസ്ത കേരള ജംഇയ്യതുല്‍ മുഅല്ലിമീന്‍ സെന്‍ട്രല്‍ കൗണ്‍സില്‍ 60ാം വാര്‍ഷികം വിവിധ പരിപാടികളോടെ നടത്താന്‍ തീരുമാനിച്ചു. ചേളാരി മുഅല്ലിം പ്രസ് ഓഡിറ്റോറിയത്തില്‍ ചേര്‍ന്ന സംസ്ഥാന...,mal,madhyamam,Madhyamam,fake news,2f8dc581-2d92-4954-a7b8-a91a9fb25b76,article,MassiveSum
https://www.madhyamam.com/local-news/malappuram/2017/dec/17/396860,,ഓടനൂർ ജങ്ഷനിൽ വാഹനങ്ങളുടെ കൂട്ടയിടി; ഒരാൾക്ക് പരിക്ക്,,"കോട്ടായി: നാലുറോഡുകളുടെ സംഗമകേന്ദ്രമായ ഓടനൂർ ജങ്ഷനിൽ ശനിയാഴ്ച വൈകീട്ട് കൂട്ട വാഹനാപകടം. നിർത്തിയിട്ട ഓട്ടോയിൽ കാർ ഇടിച്ച് ഓട്ടോ ഡ്രൈവർക്ക് പരിക്കേറ്റു. പറളി ഭാഗത്തുനിന്ന് വന്ന കോട്ടയം സ്വദേശികളുടെ കാറിൽ പൂടൂർ ഭാഗത്തുനിന്ന് വന്ന പിക്അപ് ലോറിയാണ് ആദ്യം ഇടിച്ചത്. ഇടിയുടെ ആഘാതത്തിൽ തലകീഴായി മറിഞ്ഞ കാർ നിരങ്ങി നീങ്ങി പരിസരത്ത് നിർത്തിയിട്ട ഓട്ടോയിലിടിക്കുകയായിരുന്നു. ഓട്ടോയിലുണ്ടായിരുന്ന ഡ്രൈവർ വലിയപറമ്പ് മൊയ്തുവി‍​െൻറ മകൻ വി.എം. നൗഷാദിനാണ് പരിക്കേറ്റത്. ഓട്ടോയുടെ മുൻവശം തകർന്നിട്ടുണ്ട്. ശനിയാഴ്ച വൈകീട്ട് 3.30ഓടെയായിരുന്നു അപകടം. നാട്ടുകാരും ഓട്ടോ ഡ്രൈവർമാരും ചേർന്നാണ് രക്ഷാപ്രവർത്തനം നടത്തിയത്. പൊതുവെ ഈ ഭാഗത്ത് വാഹനാപകടം പതിവാണെന്ന് നാട്ടുകാരും ഓട്ടോ ഡ്രൈവർമാരും പറയുന്നു. പറളി, പൂടൂർ, കോട്ടായി, ശാസ്താപുരം എന്നീ റോഡുകൾ സംഗമിക്കുന്ന കേന്ദ്രമാണിത്. വാഹനാപകടങ്ങൾ കുറക്കാൻ നാലുറോഡുകളിലും ഹമ്പ് സ്ഥാപിക്കണമെന്ന് വർഷങ്ങളായി പ്രദേശത്തുകാർ ആവശ്യപ്പെടുന്നുണ്ട്. അയ്യപ്പൻ വിളക്ക് ആഘോഷിച്ചു കഞ്ചിക്കോട്: മാരിയമ്മൻ ക്ഷേത്രത്തിൽ അയ്യപ്പൻ വിളക്ക് ആഘോഷിച്ചു. രാവിലെ പറയെടുപ്പ്, അന്നദാനം, തായമ്പക, പാലക്കൊമ്പ് എഴുന്നള്ളത്ത്, ഭജന, അയ്യപ്പൻപ്പാട്ട്, ഉച്ചക്ക് പാൽക്കിണ്ടി എഴുന്നള്ളത്ത്, പൊലിപ്പാട്ട്, വെട്ടുംതടവും, നൃത്തം, കനൽച്ചാട്ടം എന്നിവ നടന്നു. കാറും ബൈക്കും കൂട്ടിയിടിച്ച് രണ്ടുപേർക്ക് പരിക്ക് പുതുശ്ശേരി: കസബ പൊലീസ് സ്റ്റേഷനു മുന്നിലെ സർവിസ് റോഡിൽ മാരുതി കാറും ബൈക്കും കൂട്ടിമുട്ടി ബൈക്ക് യാത്രികനായ ഇടപ്പറമ്പ് സ്വദേശി ഷാജഹാനും (40), കാർ ഓടിച്ചിരുന്ന പുതുശ്ശേരി കുരുടിക്കാട് കുട്ടികൃഷ്ണനും (80) പരിക്കേറ്റു. ഇരുവരെയും പാലക്കാട് ജില്ല ആശുപത്രിയിൽ പ്രവേശിപ്പിച്ചു. ശനിയാഴ്ച വൈകീട്ട് നാലിനാണ് അപകടം.",കോട്ടായി: നാലുറോഡുകളുടെ സംഗമകേന്ദ്രമായ ഓടനൂർ ജങ്ഷനിൽ ശനിയാഴ്ച വൈകീട്ട് കൂട്ട വാഹനാപകടം. നിർത്തിയിട്ട ഓട്ടോയിൽ കാർ ഇടിച്ച് ഓട്ടോ ഡ്രൈവർക്ക് പരിക്കേറ്റു. പറളി ഭാഗത്തുനിന്ന് വന്ന കോട്ടയം സ്വദേശികളുടെ...,mal,madhyamam,Madhyamam,fake news,273b9577-a484-4bfb-9633-943b2d9555cd,article,MassiveSum
https://lao.voanews.com/a/seven-british-mps-quit-labor-party-over-brexit-anti-semitism/4794272.html,https://lao.voanews.com/a/seven-british-mps-quit-labor-party-over-brexit-anti-semitism/4794272.html,ສະ​ມາ​ຊິກ​​ ສະ​ພາ​ອັງ​ກິດ 7 ທ່ານ ​ລາ​ອອກ​ ຈາກ​ພັກ​ແຮງ​ງານ ຍ້ອນການ​ຖອນ​ຕົວ ຂອງ ​ອັງ​ກິດ ຈາກ EU ແລະ​ການຕໍ່​ຕ້ານຊາວ​ຢິວ,,"ບັນ​ດາສະ​ມາ​ຊິກສະ​ພາ​ອັງ​ກິດ 7 ທ່ານ ໄດ້​ລາ​ອອກ​ຈາກ​ພັກ​ແຮງ​ງານ ຊຶ່ງ​ເປັນພັກ ຝ່າຍ​ຄ້ານ​ຫຼັກ ກ່ຽວ​ກັບ ​ການ​ເອົາ​ບາດ​ກ້າວ ການ​ນຳ​ພາ​ ໃນການ​ຖອນ​ຕົວ ອອກ​ ຈາກສະ​ຫະ​ພາບ​ຢູ​ໂຣບ ຫຼື ທີ່​ຮູ້​ກັນໃນ​ຊື່​ນຶ່ງວ່າ Brexit ແລະ​ການກ່າວ​ຫາວ່າ​ມີການ ຕໍ່​ຕ້ານຊາວ​ຢິວ ​ຢູ່ໃນ​ຖັນ​ແຖວ​ຂອງ​ພັກ.

ບັນ​ດາສະ​ມາ​ຊິກສະ​ພາ​ ທັງ 7 ທ່ານ ​ກ່າວ​ວ່າ ພວກ​ເຂົາ​ເຈົ້າຈະ​ຈັດ​ຕັ້ງກຸ່ມອິດ​ສະ​ຫຼະ ​ຂຶ້ນ. ການ​ໂຕນ​ພັກ​ຄັ້ງ​ນີ້ ແມ່ນ​ການ​ແບ່ງ​ແຍກ​ທີ່​ໃຫຍ່​ສຸດ ໃນ​ພັກ​ແຮງ​ງານ ນັບ​ຕັ້ງ​ແຕ່ ສະ​ມາ​ຊິກ​ອາ​ວຸ​ໂສ 4 ທ່ານ ໄດ້​ລາ​ອອກ ໃນ​ປີ 1981 ເພື່ອ​ສ້າງ​ຕັ້ງ​ພັກ​ສັງ​ຄົມ​ປະ​ຊາ ​ທິ​ປະ​ໄຕ ຫຼື Social Democratic Party.

ກຸ່ມ​ດັ່ງ​ກ່າວ ໄດ້​ບອກ​ກັບ​ພວກ​ນັກ​ຂ່າວ ທີ່​ຕຶກ​ສະ​ພາຢູ່ນະ​ຄອນລອນດອນ ໃນວັນ​ຈັນ ​ວານ​ນີ້ ວ່າ ພັກ​ແຮງ​ງານ ໄດ້​ປ່ຽນ​ໄປ ນັບ​ຕັ້ງ​ແຕ່​ຜູ້​ນຳ​ຂອງ​ພັກ ທ່ານ ເຈ​ຣາ​ມີ ຄໍ​ຣ໌​ບິນ ໄດ້​ເຂົ້າ​ກຳ​ອຳ​ນາດໃນ​ປີ 2015 ແລະ​ໄດ້​ກ່າວ​ວ່າ ພັກ​ດັ່ງ​ກ່າວ ຈະ​ບໍ່​ຮັບ​ເອົາ​ທັດ​ສະ​ນະ​ມຸມມອງຂອງ​ພວກ​ເປັນ​ກາງອຽງ​ຊ້າຍ​ອີກ​ຕໍ່​ໄປ​ແລ້ວ​.

“ສຸດ​ທ້າຍ​ແລ້ວ ກໍ​ແມ່ນ​ວ່າ ການ​ເມືອງ​ແມ່ນ​ແຕກ​ຫັກ. ມັນ​ບໍ່ໜ້າ​ຈະ​ເປັນ​ແບບ​ນີ້. ມາ...ມາ ປ່ຽນ​ກັນ​ເທາະ,” ຊຶ່ງ​ທ່ານ ຊູ​ກາ ອູ​ມັນ​ນາ (Chuka Umunna) ​ນຶ່ງ ​ໃນພວກ ​ສະ​ມາ​ຊິກສະ​ພາ ໄດ້​ກ່າວ​ໄວ້. ທ່ານຄ​ຣິ​ສ ແລັ​ສ​ລີ ກໍ​ແມ່ນ​ອີກ​ຜູ້​ນຶ່ງ​ທີ່​ອອກ​ຈາກ​ພັກ ໄດ້​ກ່າວ​ວ່າ“ລັດ​ທິມາກຊິ​ສ ປັດ​ຈຸ​ບັນ​ນີ້ ແມ່ນ​ໃສ່​ໜ້າ​ກາກ ​ເປັນ​ພັກ​ແຮງ​ງານ​. ມັນ​ມີ​ ຊື່ວ່າ​ແຮງ​ງານກໍ​ຈິງ, ແຕ່​ວ່າ ມັນແມ່ນ​ເຄື່ອງ​ຈັກ ​ທີ່​ພັກ​ດັ່ງ​ກ່າວ​ເຂົ້າ​ມາ​ຍຶດເອົາ.”

ໃນ​ການ​ທ້າ​ທາຍ​ໂດຍກົງ ທ່ານ​ຄໍ​ຣ໌​ບິນ, ບັນ​ດາ​ສະ​ມາ​ຊິກສະ​ພາ​ທີ່ຍຶດ​ແນວ​ທາງເປັນກາງ ກ່າວ​ວ່າ ພວກ​ເພິ່ນ​ແມ່ນ​ຊັກ​ຊວນ​ໃຫ້​ສະ​ມາ​ຊິກ​ທ່ານ​ອື່ນໆ ເຂົ້າ​ຮ່ວມໃນ​ກຸ່ມ.

ນຶ່ງ​ໃນ​ບັນ​ດາ​ຫົວ​ໜ້າ​ຂອງ​ກຸ່ມ ຈົ່ມ​ວ່າ ​ພັກ​ແຮງ​ງານ ແມ່ນ​ໄດ້​ປະ​ຕິ​ບັດ​ຕາມໃນ​ ການ​ຖອນ ​ຕົວຂອງ​ອັງ​ກິດ​. ທ່ານ​ຄໍ​ຣ໌​ບິນ ຖືກ​ຕຳ​ໜິ​ຈາກ​ສະ​ມາ​ຊິກບາງ​ຄົນ​ຂອງ ພັກວ່າ ບໍ່​ໄດ້​ດຳ​ເນີນ ​ການ​ຢ່າງພຽງ​ພໍ ​ທີ່​ຈະຄັດ​ຄ້ານຕໍ່​ແຜນ​ການ​ຂອງນາ​ຍົກ​ລັດ​ຖະ​ມົນ​ຕີ ທີ່​ນິ​ຍົມ​ແນວ​ທາງ​ເດີມ​ ທ່ານ​ນາງ​ເທ​ຣີ​ຊາ ເມ ທີ່​ຈະ​ຖອ​ນ​ຕົວ​ອອກ​ຈາກ​ສະ​ຫະ​ພາບ​ຢູ​ໂຣບ​ນັ້ນ ແລະ​ບໍ່​ໄດ້​ຜັກ​ດັນ ຢ່າງ​ພຽງ​ພໍ ​ເພື່ອ​ໃຫ້​ມີ​ການ​ລົງ​ປະ​ຊາ​ມະ​ຕິ ເປັນ​ຄັ້ງ​ທີ 2 ນັ້ນ.

ພັກ​ແຮງ​ງານ ໄດ້​ແຕກ​ແຍກ​ກັນ​ໂດຍ​ການ​ລົງ​ຄະ​ແນນຂອງ​ການ​ຖອນ​ຕົວ​ອອກ​ນີ້, ໂດຍ​ພວກ​ທີ່ເຄີຍ​ລົງ​ຄະ​ແນນ​ສຽງ​ແບບ​ດັ້ງ​ເດີມ​, ໂດຍ​ສະ​ເພາະ ​ແມ່ນ​ທາງ​ພາກ​ເໜືອ​ ຂອງ​ອັງ​ກິດ ໄດ້ເລືອກ​ເອົາ​ການຖອນ​ຕົວອອກຈາກ EU ໃນການ​ລົງ​ປະ​ຊາ​ມະ​ຕິ ​ປີ 2016, ໃນ​ຂະ​ນະ​ທີ່ ສ່ວນ​ໃຫຍ່​ຂອງ​ພັກ​ແຮງ​ງານ ​ສະ​ໜັບ​ສະ​ໜຸນ​ໃຫ້​ຢູ່​ກັບ EU ຕໍ່​ໄປ.

ການ​ຖອນ​ຕົວ​ຂອງ​ອັງ​ກິດ​ອອກ​ຈາກ EU ນີ້ ​ຍັງໄດ້​ແບ່ງ​ແຍກ ​ພັກ​ນິ​ຍົມ​ແນວ​ທາງ​ເດີມ ​ຂອງ​ປະ​ເທດເຊັ່ນ​ດຽວ​ກັນ ​ອອກ​ເປັນ​ພວກ​ສະ​ໜັບ​ສະ​ໜຸນ Brexit ແລະ​ພວກ​ທີ່​ນິຍົມ ​ໃຫ້​ຢູ່​ກັບ EU ຕໍ່​ໄປ.","​​ໃນ​ການ​ທ້າ​ທາຍ​ໂດຍ​​ກົງ ທ່ານ​ຄໍ​ຣ໌​ບິນ, ບັນ​ດາ​ສະ​ມາ​ຊິກ​​ສະ​ພາ ​ທີ່ຍຶດ​ແນວ​ທາງ​​ເປັນກາງ
ກ່າວ​ວ່າ ພວກ​ເພິ່ນ​ແມ່ນ​ຊັກ​ຊວນ​ໃຫ້​ສະ​ມາ​ຊິກ​ທ່ານ​ອື່ນໆ ເຂົ້າ​ຮ່ວມໃນ​ກຸ່ມ.",mal,voanews,VOA News,fake news,5ef333f7-bd28-4749-a2f8-d1a4ba3c522a,article,MassiveSum
https://www.madhyamam.com/local-news/trivandrum/2018/jun/20/506517,,'അക്ഷരക്കൂട്ട്' ജി.ഐ.ഒ വായനദിനാചരണം,,തിരുവനന്തപുരം: വായനദിനത്തോടനുബന്ധിച്ച് ഗേൾസ് ഇസ്ലാമിക് ഓർഗനൈസേഷൻ സംസ്ഥാനം ഒട്ടാകെ 'അക്ഷരക്കൂട്ട്' എന്ന തലക്കെട്ടിൽ സ്കൂൾ ലൈബ്രറികളിലേക്ക് പുസ്തകവിതരണ കാമ്പയിൻ നടത്തി. തിരുവനന്തപുരം ജില്ലയിൽ 23 ലൈബ്രറികളിലേക്കാണ്‌ പുസ്തകങ്ങൾ എത്തിച്ചത്. വായനയെ പ്രോത്സാഹിപ്പിക്കാനും വായനശീലം കുട്ടികളിൽ വളർത്തിയെടുക്കാനുമുള്ള ആശയമായിരുന്നു കാമ്പയിനി​െൻറ ഉദ്ദേശ്യം. വായനദിനത്തോട് അനുബന്ധിച്ച് നടന്ന അസംബ്ലിയിൽ ജി.െഎ.ഒ പ്രതിനിധികൾ പ്രിൻസിപ്പലിന് പുസ്തകങ്ങൾ കൈമാറുകയായിരുന്നു.,തിരുവനന്തപുരം: വായനദിനത്തോടനുബന്ധിച്ച് ഗേൾസ് ഇസ്ലാമിക് ഓർഗനൈസേഷൻ സംസ്ഥാനം ഒട്ടാകെ 'അക്ഷരക്കൂട്ട്' എന്ന തലക്കെട്ടിൽ സ്കൂൾ ലൈബ്രറികളിലേക്ക് പുസ്തകവിതരണ കാമ്പയിൻ നടത്തി. തിരുവനന്തപുരം ജില്ലയിൽ 23...,mal,madhyamam,Madhyamam,fake news,8c6e21d8-78df-4b25-b999-df01c1a4af98,article,MassiveSum
https://lao.voanews.com/a/haiti-protestersblock-roads-loot-set-fires-to-force-president-to-resign/5102321.html,https://lao.voanews.com/a/haiti-protestersblock-roads-loot-set-fires-to-force-president-to-resign/5102321.html,ພວກປະທ້ວງ ຢູ່ເຮຕີ ພາກັນຕັນຖະໜົນ ລັກເຄື່ອງ ຈູດຕີນລົດ ຮຽກ​ຮ້ອງໃຫ້ ປະທານາທິບໍດີ ລາອອກ,,"ການປະທ້ວງຢູ່ໃນເຮຕີເທື່ອຫລ້າສຸດໄດ້ເລີ້ມຂຶ້ນດ້ວຍເຫດລະເບີດ ເວລາຊາວບ້ານ ຫຼາຍຮ້ອຍຄົນ ທີ່​ຄຸ້ມຊີເຕ ໂຊໄລ (Cite Soleil) ​ຊຶ່ງເປັນຄຸ້ມທຸກຈົນທີ່ ຮູ້ກັນດີໃນ​ເລື້ອງ ແ​ກັ່ງອັນຕະພານ ຄ້າຢາເສບຕິດແລະລັກພາໂຕໂຈມຕີ ກອງບັນຊາການກຳລັງຮັກສາ ຄວາມປອດໄພທ້ອງຖິ່ນ ຫຼື UDMO.

ເຂົາເຈົ້າໄດ້ລັກ​ເອົາເຄື່ອງຂອງ ຂົນເອົາເຟີນີເຈີ ແລະສິ່ງຂອງຕ່າງໆ ຫຼັງຈາກ ນັ້ນກໍໄດ້ ຈູດໄຟໃສ່ຕຶກອາຄານແລະບັນດາລົດຕຳຫຼວດ ຊຶ່ງ​ໄດ້ພາໃຫ້ເກີດລະ ເບີດ ຕິດ​ຕາມ​ມາ.

ຜູ້ປະທ້ວງຄົນນຶ່ງ ໄດ້ກ່າວຕໍ່ ວີໂອເອ ພາກພາສາຄຣີໂອ (Creole) ໃນວັນສຸກວານນີ້ ວ່າ ການກະ​ທຳຂອງເຂົາເຈົ້າແມ່ນ​ເພື່ອ​ເປັນການຕອບໂຕ້ ຕໍ່ອັນທີ່ເຂົາເຈົ້າກ່າວວ່າ ບໍ່ ມີຄວາມທ່ຽງທຳໂດຍຕຳຫຼວດ ແລະການປົກຄອງບໍ່ດີ ຊຶ່ງເຮັດໃຫ້ຊີວິດເຂົາເຈົ້າໄດ້ຮັບ ຄວາມທຸກທໍລະມານ.

ລາວກ່າວວ່າ “ເວລາເຈົ້າເຫັນຄົນຢູ່ຕາມຖະໜົນຫົນທາງບໍ່ມີຫຍັງ ແຕ່ມີແຂນ ແລະຂາ ແລະ​ເມື່ອກຳ​ລັງ UDMO ເຫັນດັ່ງນັ້ນ ​ແລ້ວ​ກໍຍິງ ແລະສັງຫານ ສາມຄົນຢູ່ໃນເມືອງ ຊີເຕ ໂຊໄລ ພວກເຮົາຕ້ອງໄດ້ບອກໃຫ້ຊາວບ້ານ ພາ ກັນລຸກຂຶ້ນ ແລະກວດລ້າງລັດ ຖະບານດັ່ງກ່າວ ເພາະວ່າ ທ່ານໂຈເວີແນລ ມົວຊີ (Jovenel Moise) ບໍ່ໄດ້ເຮັດຫຍັງ ໃຫ້ແກ່ພວກເຮົາ ນອກຈາກຂ້າພວກ ເຮົາ.”

ຢູ່ແຫ່ງອື່ນໆ ທີ່ເມືອງປອກ ໂອ ແປຣງ (Port-au-Prince) ພວກປະທ້ວງ ໄດ້ພາກັນຕັນ

ຖະໜົນຫົນທາງດ້ວຍກ້ອນຫີນ ງ່າໄມ້ ແລະຈູດຕີນລົດ. ທຸລະ ກິດຕ່າງໆ ແລະໂຮງຮຽນ ໄດ້ປິດ ໃນຂະນະທີ່ຫຼາຍພັນຄົນພາກັນເດີນຂະບວນ ໄປຍັງ​ແດລມັສ (Delmas) ທີ່ເປັນ ຖະໜົນຫຼວງ ເຊື່ອມຕໍ່ເຂດໃຈ​ກາງເມືອງ ກັບ​ເຂດ​ຊານ​ເມືອງ ທີ່​ມີ​ຄົນ​ຮັ່ງ​ອາ​ໄສ​ຢູ່ນັ້ນ.

ແຕ່ວ່າພວກປະທ້ວງພາກັນລັກ​ເອົາເຄື່ອງຂອງ​ຈາກ​ຮ້ານຕ່າງໆ ເຊັ່ນວ່າຮ້ານ ຂາຍເຄື່ອງ ອີເລັກໂຕຣນິກ ແລະ Banj ຊຶ່ງເປັນຄຸ້ມ​ບ້ານ ​ທີ່ໃຊ້​ໄດ້ຫຼາຍຢ່າງ ອັນເປັນເຮືອນຊານຂອງ ເຈົ້າຂອງບໍລິສັດເທັກໂນໂລຈີທີ່ເປັນຜູ້ມີຊື່ສຽງ ແລະ ທ່ານແມັກ ອາແລງ ໂບຊີໂກລ. ທ່ານ ໄດ້ສົ່ງສັນຍານຮ້ອງຂໍການຊ່ວຍເຫຼືອ (SOS) ຢູ່ໃນທວິດເຕີ ໃນຂະນະທີ່ພວກປະທ້ວງ ໄດ້ພາກັນທັບມ້າງຜ່ານ ເຂົ້າປະຕູເຫລັກ ແລະເຂົ້າໄປໃນຄຸ້ມ ຂົນເອົາສິ່ງຂອງແລະຈູດ ໄຟເຜົາ.

ຜູ້ປະທ້ວງຄົນນຶ່ງທີ່ວີໂອເອ ໄດ້ລົມນໍາ ຢູ່ຖະໜົນແດລມາສ (Delmas) ກ່າວວ່າ ລາວ ໄປຖະໜົນດັ່ງ​ກ່າວເປັນເທື່ອທຳອິດໃນມື້ນີ້ ເພາະວ່າລາວໂຫຍຫີວ.

ລາວກ່າວວ່າ “ຂ້າພເຈົ້າຕ້ອງໄດ້ອາໄສບັນດາເພື່ອນບ້ານ ເປັນເວລາສາມມື້ ຕິດຕໍ່ກັນ ເພື່ອໄດ້ກິນຫຍັງເລັກໆນ້ອຍໆ. ປະທານາທິບໍດີຕ້ອງໜີອອກໄປ ທ່ານເປັນສາເຫດຕໍ່ ຄວາມທຸກທໍລະມານຂອງພວກເຮົາ.

ສະມາຊິກສະພາສູງຝ່າຍຄ້ານ ທ່ານຣິກາຣດ໌ ປີແອຣ (Ricard Pierre) ກໍ ໄດ້ເຂົ້າ ຮ່ວມ​ກັບພວກປະທ້ວງໃນການເດີນຂະບວນ​ເຂົາເຈົ້າເຂົ້າໄປສູ່ໃນເມືອງ.

ລາວໄດ້ກ່າວຕໍ່ ວີໂອເອ ພາກພາສາຄຣີໂອລ ວ່າ “ມື້ນີ້ເປັນການຕໍ່ສູ້ສຸດທ້າຍ ໃນສົງ ຄາມ ເພື່ອຂັບໄລ່ທ່ານໂຈເວີແນລ.” Haiti's latest protests began with explosions when hundreds of Cite Soleil residents, a slum notorious for gang activity, drug dealing and kidnapping, attacked the local UDMO security force headquarters. They looted, carrying out furniture and other materials, then set fire to the building and police cars, prompting the explosions. [[https://twitter.com/SandraDVOA/status/1177686994153066497 ]] A protester who spoke to VOA Creole Friday said their actions were in response to what they said were injustices by police and poor governance, which has made their lives miserable. ""When you see the people in the street with nothing but their arms and legs, and the UDMO sees that and shoots and kills three people in Cite Soleil, we have to tell the residents to rise up and root out this government because Jovenel Moise has done nothing for us except kill us,"" he said. Elsewhere in Port-au-Prince, protesters blocked roads with stones, branches and flaming tires. Businesses and schools were shuttered as thousands marched up Delmas, a main road linking the downtown area to affluent suburbs. But protesters looted businesses such as an electronics store and Banj, a multiuse complex that houses a tech company owned by hipster and tech guru Marc Alain Boucicault. He sent out an SOS on Twitter as protesters crashed through the steel gates and entered the complex, ransacking it and setting fires. [[ https://twitter.com/SandraDVOA/status/1177656109273960450 ]] A protester VOA Creole spoke to on the Delmas road said he was in the streets for the first time today because he's starving. ""I've had to rely on neighbors three days in a row to be able to eat a little something,"" he said. ""The president has to go, he is the cause of our suffering."" Opposition Senator Ricard Pierre joined the protesters on their march uptown. ""Today is the final battle in the war to get rid of Jovenel,"" he told VOA Creole.",ການປະທ້ວງຢູ່ໃນເຮຕີ ເທື່ອຫລ້າສຸດ ໄດ້ເລີ້ມຂຶ້ນດ້ວຍເຫດລະເບີດ ເວລາຊາວບ້ານ ຫຼາຍຮ້ອຍຄົນ ທີ່​ຄຸ້ມຊີເຕ ໂຊໄລ ພາ​ກັນ​ປະ​ທ້ວງ.,mal,voanews,VOA News,fake news,38869776-44f8-4dc5-af50-4a6e685257a8,article,MassiveSum
https://www.madhyamam.com/kerala/digital-boards-to-locate-the-bus-enough-for-advertising-608309,,ബസിൽ സ്ഥലമറിയിക്കാൻ ഡിജിറ്റൽ ബോർഡുകൾ; പരസ്യത്തിനും അനു​മതി,,"തി​രു​വ​ന​ന്ത​പു​രം:​ മെ​ട്രോ മാ​തൃ​ക​യി​ൽ ബ​സു​ക​ളി​ലും സ്ഥ​ല​വി​വ​ര​മ​റി​യി​ക്കാ​നും സ​ന്ദേ​ശ​ങ്ങ​ൾ കൈ​മാ​റാ​നും ഡി​ജി​റ്റ​ൽ ഡി​സ​്​​​േ​പ്ല ബോ​ർ​ഡു​ക​ളെ​ത്തു​ന്നു. ടി​ക്ക​റ്റ്​ വ​രു​മാ​നം കു​റ​യു​ന്ന കാ​ല​ത്ത്​ അ​ത്യാ​വ​ശ്യം പ​ര​സ്യ​ങ്ങ​ൾ പ്ര​ദ​ർ​ശി​പ്പി​ച്ചും വ​രു​മാ​ന​മു​ണ്ടാ​ക്കാ​നാ​കു​ന്ന വ​ഴി കൂ​ടി​യാ​ണ്​ കെ.​എ​സ്.​ആ​ർ.​ടി.​സി​ക്കും സ്വ​കാ​ര്യ​ബ​സു​ക​ൾ​ക്കും തു​റ​ന്നു​കി​ട്ടു​ന്ന​ത്. കെ.​എ​സ്.​ആ​ർ.​ടി.​സി​യ​ട​ക്കം നേ​ര​ത്തേ ഇൗ ​ആ​വ​ശ്യം ഉ​ന്ന​യി​ച്ചി​രു​ന്നെ​ങ്കി​ലും മോ​േ​​ട്ടാ​ർ വാ​ഹ​ന നി​യ​മ​ത്തി​ലെ ക​ർ​ശ​ന നി​ബ​ന്ധ​ന​ക​ളാ​യി​രു​ന്നു പ്ര​തി​ബ​ന്ധം. ഇ​ത്​ പ​രി​ഹ​രി​ക്കാ​ൻ മോ​േ​ട്ടാ​ർ വാ​ഹ​ന നി​യ​മ​ത്തി​ൽ ഭേ​ദ​ഗ​തി വ​രു​ത്തി സ​ർ​ക്കാ​ർ വി​ജ്ഞാ​പ​നം ചെ​യ്​​ത​തോ​ടെ​യാ​ണ്​ ച​ട്ട​ക്കു​രു​ക്ക്​ മാ​റി​ക്കി​ട്ടി​യ​ത്.

ഡി​ജി​റ്റ​ൽ ബോ​ർ​ഡു​ക​ളു​ടെ അ​നു​മ​തി നി​ബ​ന്ധ​ന​ക​ൾ​ക്ക്​ വി​ധേ​യ​മാ​ണ്. പ​ര​മാ​വ​ധി 73 സെൻറീ​മീ​റ്റ​ർ നീ​ള​വും 43 സെൻറീ​മീ​റ്റ​ർ വീ​തി​യു​മു​ള്ള ബോ​ർ​ഡാ​ണ്​ സ്ഥാ​പി​ക്കാ​നാ​കു​ക. ബോ​ർ​ഡ്​ വെ​ക്കു​ന്ന​തി​ന്​​ 1500 രൂ​പ അ​ട​ച്ച്​ ര​ജി​സ്​​റ്റ​ർ ചെ​യ്യ​ണം. പ​ര​സ്യം ​​പ്ര​ദ​ർ​ശി​പ്പി​ക്കാ​മെ​ങ്കി​ലും ഒ​രു മി​നി​റ്റി​ൽ 25 സെ​ക്ക​േ​ൻ​റ പാ​ടു​ള്ളൂ. ശ​ബ്​​ദ​സൗ​ക​ര്യം അ​നു​വ​ദി​ച്ചി​ട്ടു​ണ്ടെ​ങ്കി​ലും 50 ഡെ​സി​ബെ​ലി​​ൽ കൂ​ടാ​ൻ പാ​ടി​ല്ല. പ​ര​സ്യ​ങ്ങ​ൾ നി​യ​മ​പ​ര​മാ​യി അ​നു​വ​ദ​നീ​യ​മാ​യി​രി​ക്ക​ണം.

വ​ർ​ഗീ​യ​​മോ സ്​​ത്രീ​വി​രു​ദ്ധ​മോ ആ​യ പ​രാ​മ​ർ​ശ​ങ്ങ​ള​ട​ങ്ങി​യി​ട്ടി​ല്ലെ​ന്ന്​ ഉ​റ​പ്പു​വ​രു​ത്ത​ണം. ബോ​ർ​ഡ്​ ഡ്രൈ​വ​റു​ടെ ശ്ര​ദ്ധ തി​രി​ക്കു​ന്ന​തോ റോ​ഡ്​ സു​ര​ക്ഷാ മാ​ന​ദ​ണ്ഡ​ങ്ങ​ൾ​ക്ക്​ വി​രു​ദ്ധ​മോ ആ​ക​രു​ത്. പ​ക​ർ​ച്ച​വ്യാ​ധി​ക​ൾ, ദു​ര​ന്തം എ​ന്നി​ങ്ങ​നെ സ​മ​യാ​സ​മ​യം സ​ർ​ക്കാ​ർ ന​ൽ​കു​ന്ന ബോ​ധ​വ​ത്​​ക​ര​ണ സ​ന്ദേ​ശ​ങ്ങ​ൾ നി​ർ​ബ​ന്ധ​മാ​യും പ്ര​ദ​ർ​​ശി​പ്പി​ച്ചി​രി​ക്ക​ണ​മെ​ന്നും വ്യ​വ​സ്ഥ​യു​ണ്ട്. ഡി​ജി​റ്റ​ൽ പ​ര​സ്യ​ങ്ങ​ൾ​ക്ക്​ സാ​ധ്യ​ത​യേ​റെ​യാ​യ​തി​നാ​ൽ പു​തി​യ സം​വി​ധാ​നം കെ.​എ​സ്.​ആ​ർ.​ടി.​സി​ക്ക്​ ഗു​ണ​ക​ര​മാ​കു​മെ​ന്നാ​ണ്​ വി​ല​യി​രു​ത്ത​ൽ.

ജി.​പി.​എ​സ്​ സ​ഹാ​യ​ത്തോ​ടെ​യാ​ണ്​ സ്ഥ​ല​വി​വ​ര​ങ്ങ​ൾ പ്ര​ദ​ർ​ശി​പ്പി​ക്കാ​നാ​കു​ക. എ​ല്ലാ ബ​സി​ലും ജി.​പി.​എ​സ്​ നി​ർ​ബ​ന്ധ​മാ​ക്കി​യ സാ​ഹ​ച​ര്യ​ത്തി​ൽ ഇ​തി​നും ത​ട​സ്സ​മു​ണ്ടാ​കി​ല്ല. ​കെ.​എ​സ്.​ആ​ർ.​ടി.​സി​യു​ടെ മു​ഴു​വ​ൻ ബ​സി​ലും ഘ​ടി​പ്പി​ക്കു​ന്ന​തി​ന്​ 5500 ജി.​പി.​എ​സാ​ണ് ആ​ദ്യ​ഘ​ട്ട​ത്തി​ൽ വാ​ങ്ങാ​ൻ ല​ക്ഷ്യ​മി​ടു​ന്ന​ത്. ആ​ദ്യ​ഘ​ട്ട​ത്തി​ൽ ദീ​ർ​ഘ​ദൂ​ര ബ​സു​ക​ളി​ലും ര​ണ്ടാം ഘ​ട്ട​ത്തി​ൽ തി​രു​വ​ന​ന്ത​പു​ര​ത്ത് സി​റ്റി സ​ർ​വി​സു​ക​ളി​ലും മൂ​ന്നാം ഘ​ട്ട​ത്തി​ൽ മ​റ്റ് ജി​ല്ല​ക​ളി​ലെ പ്രാ​ദേ​ശി​ക സ​ർ​വി​സു​ക​ളി​ലു​മാ​ണ് ഏ​ർ​പ്പെ​ടു​ത്തു​ക. മാ​ർ​ച്ച്​ 31നു​ള്ളി​ൽ ജി.​പി.​എ​സ്​ വ​ത്ക​ര​ണം പൂ​ർ​ണ​മാ​ക്കാ​നാ​ണ്​ ല​ക്ഷ്യ​മി​ടു​ന്ന​ത​്.",തി​രു​വ​ന​ന്ത​പു​രം:​ മെ​ട്രോ മാ​തൃ​ക​യി​ൽ ബ​സു​ക​ളി​ലും സ്ഥ​ല​വി​വ​ര​മ​റി​യി​ക്കാ​നും സ​ന്ദേ​ശ​ങ്ങ​ൾ കൈ​മാ​റാ​നും ഡി​ജി​റ്റ​ൽ ഡി​സ​്​​​േ​പ്ല ബോ​ർ​ഡു​ക​ളെ​ത്തു​ന്നു. ടി​ക്ക​റ്റ്​ വ​രു​മാ​നം...,mal,madhyamam,Madhyamam,fake news,db00ad3a-ce93-4652-af6f-2b2bfb85f073,article,MassiveSum
https://www.madhyamam.com/local-news/kottayam/625571,,അതിജീവനത്തി​െൻറ അഭിമാനനേട്ടങ്ങൾ പങ്കിട്ട്​ സമൂഹ സംഗമം,,അതിജീവനത്തിൻെറ അഭിമാനനേട്ടങ്ങൾ പങ്കിട്ട് സമൂഹ സംഗമം േകാട്ടയം: പ്രളയകാല സ്മരണകളെ അതിജീവന വഴിയിലെ അഭിമാനനേട്ട ങ്ങളാൽ മറികടന്ന നാട് ഒരേമനസ്സോടെ വീണ്ടും ഒത്തുചേർന്നു. കനത്ത മഴയെ അവഗണിച്ച് വിദൂരങ്ങളിൽനിന്നുൾപ്പെടെ കോട്ടയം മാമ്മൻ മാപ്പിള ഹാളിൽ 'ജനകീയം ഈ അതിജീവനം' സമൂഹ സംഗമത്തിനെത്തി. സ്വന്തമായതെല്ലാം പ്രകൃതിദുരന്തം കവർന്ന് വഴിമുട്ടിയ ജീവിതം സർക്കാറിൻെറ സഹായത്തോടെ വീണ്ടെടുത്ത അനുഭവമായിരുന്നു ഏറെപേരും പങ്കുവെച്ചത്. പൂർണമായും തകർന്ന വീടുകൾക്കുപകരം പുതിയ വീട് ലഭിച്ചവരും വെള്ളത്തിൽ മുങ്ങിയ കൃഷിയിടങ്ങളിൽ പിന്നീട് നൂറുമേനി വിളവു നേടിയവരും നഷ്ടമായ ജീവനോപാധികളും ഗൃഹോപകരണങ്ങളും അവശ്യരേഖകളും സ്വന്തമാക്കിയവരും റോഡുകളും പാലങ്ങളും പുനർനിർമിക്കപ്പെട്ടതിൽ ആശ്വസിക്കുന്നവരും അതിലുണ്ടായിരുന്നു. രക്ഷാ-ദുരിതാശ്വാസ പ്രവർത്തനങ്ങളിലും പ്രളയാനന്തര പുനർനിർമാണത്തിലും രാപകൽ അധ്വാനിച്ച ജനപ്രതിനിധികളും ഉദ്യോഗസ്ഥരും സന്നദ്ധ പ്രവർത്തകരും സംഘടനകളുടെയും സ്ഥാപനങ്ങളുടെയും പ്രതിനിധികളും വിദ്യാർഥികളും തുടർപ്രവർത്തനങ്ങൾക്കും പിന്തുണയറിയിക്കാനെത്തി. നിർമാണത്തിലിരിക്കുന്ന വീടുകൾക്ക് ലെഗ്രാൻറ് സൗജന്യമായി വയറിങ് ഉൽപന്നങ്ങൾ നൽകി. ജില്ലയിലെ പുനർനിർമാണ പ്രവർത്തനങ്ങളെക്കുറിച്ച് ഇൻഫർമേഷൻ-പബ്ലിക് റിലേഷൻസ് വകുപ്പ് തയാറാക്കിയ ഡോക്യുമൻെററി പ്രദർശിപ്പിച്ചു.,അതിജീവനത്തിൻെറ അഭിമാനനേട്ടങ്ങൾ പങ്കിട്ട് സമൂഹ സംഗമം േകാട്ടയം: പ്രളയകാല സ്മരണകളെ അതിജീവന വഴിയിലെ അഭിമാനനേട്ട   ങ്ങളാൽ മറികടന്ന നാട് ഒരേമനസ്സോടെ വീണ്ടും ഒത്തുചേർന്നു. കനത്ത മഴയെ അവഗണിച്ച്...,mal,madhyamam,Madhyamam,fake news,b7172e59-4073-4b20-8d9b-608a49f733e0,article,MassiveSum
https://lao.voanews.com/a/southeast-asia-is-undervaluing-its-forest/1948461.html,https://lao.voanews.com/a/southeast-asia-is-undervaluing-its-forest/1948461.html,ບັນດາ​ປະ​ເທດ​​ ເອ​ເຊຍ​ຕາ​ເວັນ​ອອກສຽງ​ໃຕ້ ຖື​ເບົາ​ຄວາມ​ສຳຄັນ ຂອງ​​ເນື້ອ​ທີ່ປ່າ​ໄມ້​ (ວີດີໂອ),,"ລາຍ​ງານ​ສະບັບ​ໜຶ່ງຈາກ ກອງ​ທຶນ​ໂລກ​ເພື່ອທຳ​ມະ​ຊາດ ຫຼື Worldwide Fund for Nature ກ່າວ​ວ່າ ລັດຖະບານ​ຂອງ​ ບັນດາ​ປະ​ເທດເອ​ເຊຍ​ຕາ​ເວັນ​ອອກສຽງ​ໃຕ້ ຖື​ເບົາ​ຄວາມ​ສຳຄັນ ຂອງເນື້ອ​ທີ່ປ່າ​ໄມ້​ ຂອງ​ປະ​ເທດ ​ແລະ​ ກຳລັງ​ສ່ຽງ​ຕໍ່​ການ​ສູນ​ເສຍ ຕົ້ນ​ໄມ້​ຂອງ​ພວກ​ຕົນທີ່​ຍັງ​ເຫຼືອຢູ່ນັ້ນ​ໄປ ​ໃນຈຳນວນ 1 ສ່ວນ 3 ພາຍ​ໃນ​ປີ 2030. ຜູ້​ສື່​ຂ່າວ​ວີ​ໂອ​ເອ ພະ​ແນ​ກຮຽນພາສາ​ອັງກິດ ຫຼື VOA Learning English Alex Villearreal ມີ​ລາຍ​ງານ​ກ່ຽວ​ກັບ​ເລື້ອງ​ນີ້ ຊຶ່ງ ​ ໄຊ​ຈະ​ເລີ​ນສຸກ ຈະ​ນຳ​ມາສະ​ເໜີ​ທ່ານ.

ບົດ​ລາຍ​ງານ​ສະບັບ​ນີ້ກ່າວ​ວ່າ ຂົງ​ເຂດຕອນ​ລຸ່ມຂອງ​ແມ່​ນ້ຳຂອງ ​ໃນ​ເອ​ເຊຍ​ຕາ​ເວັນ​ອອກ ສຽງ​ໃຕ້ນັ້ນ ອາດສາມາດ​ສູນ​ເສຍ ປ່າ​ໄມ້​ທຳ​ມະ​ຊາດ​ຂອງ​ຕົນ​ໄປ ​ໃນ​ເນື້ອ​ທີ່​ ໜຶ່ງ​ສ່ວນ​ສາມ ​ພາຍ​ໃນ 20 ປີ​ຂ້າງ​ໜ້າ​ນີ້. ​ເຫດຜົນ​ສຳ​ຫລັບ​ເລື້ອງ​ນີ້ ນັກຊ່ຽວຊານດ້ານ​ປ່າ​ໄມ້ຫຼາຍຄົນ​ ກ່າວ​ວ່າ ​ແມ່ນ​ເປັນ​ຍ້ອນ ບັນດາລັດຖະບານ​ໃນ​ຂົງ​ເຂດ​ດັ່ງກ່າວ ​ຕີ​ລາຄາ​ຕ່ຳ ຫລື ຖື​ເບົາ​ ຄວາມ​ສຳຄັນ ຂອງປ່າ​ໄມ້​ຂອງ​ພວກຕົນ. ບົດ​ລາຍ​ງານ​ຈາກ ກອງ​ທຶນ​ໂລກ​ເພື່ອທຳ​ມະ​ຊາດ ຫຼື Worldwide Fund for Nature ​ເອີ້ນ​ວ່າ “ລະບົບ​ນິ​ເວດໃນ​ເຂດແມ່​ນ້ຳຂອງທັງ​ໝົດ ຫຼື Ecosystems in the Greater Mekong.” ບົດ​ລາຍ​ງານ​ນີ້​ເວົ້າວ່າ ລະ​ຫວ່າງປີ 1973 ຫາ 2009 ບັນດາປະ​ເທດ​ຢູ່ໃນ​ເຂດ​ຕອນລຸ່ມຂອງແມ່​ນ້ຳຂອງ ​ໄດ້ຕັດ​ປ່າໄມ້​ ຂອງ ​ພວກເຂົາເຈົ້າລົງ ໃນ​ເນື້ອ​ທີ່ເກືອ​ບຮອດໜຶ່ງ​ສ່ວນ​ສາມ ເພື່ອ​ບຸກ​ເບີກພື້ນ​ທີ່ ​ສຳ​ຫລັບ​ການ​ ກະ​ເສດ ​ແລະ ຕັດ​ເອົາ​ໄມ້​ທ່ອນ.

ບົດ​ລາຍ​ງານ​ກ່າວ​ວ່າ ປະ​ເທດມຽນມາ ກຳປູ​ເຈຍ ​ແລະ ລາວ ​ໄດ້​ສູນ​ເສຍ​ເນື້ອ​ທີ່​ປ່າ​ໄມ້​ຂອງ ​ພວກ​ເຂົາ​ເຈົ້າ​ໄປ ຫຼາຍກວ່າ 20 ​ເປີ​ເຊັນ​. ສ່ວນ ປະ​ເທດ​ໄທ ​ແລະ ຫວຽດນາມ ​ໄດ້ຕັດ​ຕົ້ນ ​ໄມ້ຂອງ​ພວກ​ເຂົາ​ເຈົ້າລົງ ຫຼາຍກວ່າ 40 ​ເປີ​ເຊັນ. “ປ່າ​ໄມ້ຫຼັກ” ຫຼື “core forests” ​ ໄດ້ ​ຫລຸດ​ລົງ​ຈາກ 70 ​ເປີ​ເຊັນ ​ມາ​ເຫຼືອພຽງ 20 ​ເປີ​ເຊັນ​ ຂອງ​ຈຳນວນ​ເນື້ອ​ທີ່​ປ່າ​ທັງ​ໝົດ. ປ່າ​ໄມ້ຫຼັກ ​ແມ່ນ​ເຂດ​ປ່າ​ໄມ້ ທີ່​ມີ​ເນື້ອ​ທີ່ 3 ກິ​ໂລ​ແມັດ​ມົນທົນ​ຢ່າງ​ຕໍ່​ເນື່ອງ.

ກຸ່ມ​ຮັກສາ​ສະພາບ​ແວດ​ລ້ອມ Worldwide Fund for Nature ກ່າວ​ວ່າ ອັດຕາການ​ຕັດ​ ໄມ້​ທຳລາຍ​ປ່າ ​ແມ່ນ​ກຳລັງ​ເພີ້​ມຂຶ້ນ. ກຸ່ມ​ດັ່ງກ່າວ​ເວົ້າ​ວ່າ ປະ​ເທດເຫຼົ່ານັ້ນມີ​ຄວາມ​ສ່ຽງ​ທີ່​ຈະ ​ສູນ​ເສຍ ໜຶ່ງ​ສ່ວນ​ສາມ ຂອງຕົ້ນ​ໄມ້​ທີ່​ຍັງ​ເຫຼືອຢູ່ ຂອງ​ພວກເຂົາ​ເຈົ້າ​ໄປ ພາຍ​ໃນ​ປີ 2030.

ທ່ານ Geoffrey Blate ​ເປັນ​ທີ່​ປຶກສາ​ຝ່າຍນິ​ເວດ​ສາດ ປະຈຳ​ພາກ​ພື້ນ ຂອງ​ກອງ​ທຶນ​ໂລກ​ເພື່ອທຳ​ມະ​ຊາດ ຫຼື Worldwide Fund for Nature ຢູ່​ບາງກອກ. ທ່ານ​ໄດ້​ຊ່ອຍ​ຂຽນ​ບົດ​ລາຍ​ງານນີ້. ທ່ານ​ກ່າວ​ວ່າ ​ໂດຍ​ລວມ​ແລ້ວ ຈຳນວນ​ປ່າ​ໄມ້​ທີ່​ໄດ້ຖືກ​ຖາງ​ແລະ​ບຸກ​ເບີກ​ອອກ​ໄປຫຼາຍທີ່​ສຸດ ປະກົດ​ວ່າ​ ໄດ້​ເກີດ​ຂຶ້ນຢູ່​ໃນ​ປະ​ເທດ​ທີ່​ມີ​ຕົ້ນໄມ້ຫຼາຍກວ່າ​ໝູ່ ກໍ​ຄື​ ພະ​ມ້າ ທີ່​ເອີ້ນ​ເຊັ່ນກັນວ່າ ມຽນມາ.

ຜົນການຄົ້ນ​ພົບ​ຕ່າງໆຂອງ​ບົດ​ລາຍ​ງານນີ້ ​ແມ່ນໄດ້​ອີງ​ໃສ່​ພາບ​ຖ່າຍ​ຕ່າງໆຈາກດາວ​ທຽມ. ການ​ຄົ້ນພົບເຫຼົ່ານັ້ນ ຂັດກັນ​ກັບ ການ​ຕີ​ລາຄາ​ຂອງ​ພວກ​ເຈົ້າ​ໜ້າ​ທີ່ ​ຈາກບັນດາ​ປະ​ເທດ​ທີ່​ໄດ້​ທຳ​ການ​ສຳ​ຫລວດ. ນັກ​ຊ່ຽວຊານ​ປ່າ​ໄມ້​ທັງຫຼາຍກ່າວ​ວ່າ ບັນດາ​ປະ​ເທດ​ໃນ​ຂົງ​ເຂດ ບໍ່​ໄດ້​ໃຫ້​ຄວາມ​ສຳຄັນ ຫຼືຄຸນຄ່າ ຢ່າງ​ພຽງພໍ ຕໍ່ປ່າ​ໄມ້​ຂອງ​ພວກ​ເຂົາ​ເຈົ້າ. ພວກ​ນັກ​ຊ່ຽວຊານກ່າວ​ອີກ​ວ່າ ລັດຖະບານ​ເຫຼົ່ານັ້ນ ພຽງແຕ່​ມອງ​ເບິ່ງລາຄາ​ ໃນ​ທ້ອງ​ຕະຫລາດ​ ຂອງ​ຊັບພະຍາ​ກອນ​ທຳ​ມະ​ຊາດຕ່າງໆ​ ທີ່​ໄດ້​ຂຸດ​ຄົ້ນ ຫຼື ​ເກັບ​ກ່ຽວ​ອອກ​ມານັ້ນ. ​ແລະນັ້ນບໍ່​ໄດ້​ລວມທັງ ຄວາມ​ສຳຄັນ​ດ້ານ​ຊີວະ​ສາດ ຂອງ​ປ່າ​ໄມ້​ທັງຫຼາຍ ​ແລະ ຄວາມ​ສາມາດຂອງ​ປ່າ​ໄມ້​ ທີ່​ຈະປັບປຸງ​ຄຸນ​ນະພາ​ບຂອງ​ນ້ຳ ຢູ່​ໃນ​ຫ້ວຍຮ່ອງ ແລະແມ່​ນ້ຳລຳ​ທານ ຕ່າງໆ.

A report says Southeast Asia's Lower Mekong region could lose a third of its natural forests in the next 20 years. The reason for this, forestry experts say, is that governments in the area undervalue their forests. The report from the Worldwide Fund for Nature is called ""Ecosystems in the Greater Mekong."" It says between 1973 and 2009, lower Mekong countries cut down almost a third of their forests to clear land for agriculture and timber.

The report says Burma, Cambodia and Laos lost more than 20 percent of their forest cover. Thailand and Vietnam cleared more than 40 percent of their trees. ""Core forests"" have dropped from 70 percent to 20 percent of total forest area. Core forests are three-square-kilometer areas of continuous forest.

The conservation group says the rate of deforestation is increasing. It says countries risk losing a third of their remaining trees by 2030.

Geoffrey Blate is a regional adviser on ecology for the Worldwide Fund for Nature in Bangkok. He helped write the report. Over all, he says the greatest amount of forest clearing appears to have happened in the country with the most trees, Burma, also known as Myanmar.

The report’s findings were based on satellite images. The findings conflict with some official estimates from the countries that were studied. Forestry experts say countries in the region fail to place enough value on their forests. They say governments look only at market prices for resources that are extracted or harvested. That does not include the biological value of forests and their ability to improve water quality in streams and rivers. For VOA Learning English,","ບັນດາປະ​ເທດ ຢູ່ລຸ່ມແມ່ນ້ຳຂອງ ​ກຳລັງ​ສ່ຽງ​ຕໍ່​ການ​ສູນ​ເສຍ ຕົ້ນ​ໄມ້​ຂອງ​
ພວກ​ຕົນ ທີ່​ຍັງ​ເຫຼືອຢູ່ນັ້ນ​​​ໄປ ​ໃນຈຳນວນ 1 ສ່ວນ 3 ພາຍ​ໃນ 20 ​ປີຂ້າງໜ້າ.",mal,voanews,VOA News,fake news,5d3d4956-bb99-41cc-a82d-34ca7929f2f4,article,MassiveSum
https://www.15min.lt/naujiena/aktualu/pasaulis/britas-suzeistas-per-ispuoli-australijos-nakvynes-namuose-mire-57-675721,https://www.15min.lt/naujiena/aktualu/pasaulis/britas-suzeistas-per-ispuoli-australijos-nakvynes-namuose-mire-57-675721,"Britas, sužeistas per išpuolį Australijos nakvynės namuose, mirė",,"30 metų Tomas Jacksonas per praėjusio antradienio išpuolį atokioje vietovėje Kvynslando valstijos šiaurėje patyrė sunkius galvos sužeidimus. Po to išpuolio sulaikytam prancūzui dabar tikriausiai bus pateiktas antras kaltinimas žmogžudyste.

21 metų Mia Ayliffe-Chung nuo daugybės durtinių žaizdų mirė, be to, per išpuolį buvo sužeistas 46 metų australas, kurio gyvybei pavojus negresia.

„Policija gali patvirtinti, kad 30 metų britas Thomas Jacksonas, kuris buvo labai sunkiai sužeistas per įtariamą išpuolį panaudojant peilį Hom Hilyje rugpjūčio 23 dieną, šiandien Taunsvilio ligoninėje mirė“, – sakoma pareigūnų pareiškime.

„Detektyvai sugriežtins kaltinimą bandymu nužudyti 29 metų vyrui, kai jis kitą kartą, spalio 28 dieną, pasirodys Taunsvilio magistrato teisme“, – sakoma pareiškime.

Prancūzas Smailas Ayadas jau buvo apkaltintas M.Ayliffe-Chung nužudymu, be to, jam pateiktas kaltinimas bandymu nužudyti minėtą australą.

Policija T.Jacksoną vadino didvyriu ir sakė, kad jo bandymai padėti M.Ayliffe-Chung buvo „visiškai pasiaukojami“.

Jo tėvas Lesas Jacksonas atskrido iš Didžiosios Britanijos budėti prie jo lovos ligoninėje. Sekmadienį jis sakė, kad „be galo didžiuojasi“ sūnumi.

Policija sako, kad S.Ayadas per išpuolį ir areštuojamas kartojo „Allahu Akbar“ („Dievas visų didesnis“), bet taip pat nurodo, kad radikalizacijos ženklų nebuvo.

Australijos vyriausybė vis labiau nerimauja dėl ekstremizmo ir ypač vidaus radikalizacijos, todėl nuo 2014 metų rugsėjo šalyje galioja aukšto laipsnio parengtis dėl terorizmo grėsmės.","Didvyriu vadinamas britų žygeivis, subadytas per išpuolį Australijos nakvynės namuose, kurio metu taip pat buvo nužudyta kita britė, nuo patirtų sužeidimų mirė, antradienį pranešė...",mal,15min,15Min,fake news,eed32434-f0bb-4846-b725-bf8f9c79d228,article,MassiveSum
https://www.madhyamam.com/local-news/thrissur/2017/nov/20/379257,,സി.പി.എം ചേർപ്പ് ഏരിയ സമ്മേളനം,,"ചേർപ്പ്: വല്ലച്ചിറ പഞ്ചായത്ത് കമ്യൂണിറ്റി ഹാളിൽ മന്ത്രി എ.സി.മൊയ്തീൻ ഉദ്ഘാടനം ചെയ്തു. എ.എസ്. ദിനകരൻ അധ്യക്ഷത വഹിച്ചു. കെ.കെ. ശ്രീനിവാസൻ, എം.എം. വർഗീസ്, പി.കെ. ഷാജൻ, എ.എസ്. കുട്ടി, പി. ചന്ദ്രൻ എന്നിവർ പങ്കെടുത്തു. പ്രതിനിധി സമ്മേളനം തുടങ്ങി.","ചേർപ്പ്:   വല്ലച്ചിറ പഞ്ചായത്ത് കമ്യൂണിറ്റി ഹാളിൽ മന്ത്രി എ.സി.മൊയ്തീൻ ഉദ്ഘാടനം ചെയ്തു. എ.എസ്. ദിനകരൻ അധ്യക്ഷത വഹിച്ചു. കെ.കെ. ശ്രീനിവാസൻ, എം.എം. വർഗീസ്, പി.കെ. ഷാജൻ, എ.എസ്. കുട്ടി, പി. ചന്ദ്രൻ...",mal,madhyamam,Madhyamam,fake news,e2475127-c2a6-4145-9039-7dec2b3fb324,article,MassiveSum
https://www.madhyamam.com/local-news/kannur/2016/apr/12/189831,,കണ്ണൂരില്‍ വെടിക്കെട്ടിന് വിലക്ക്,,"പാപ്പിനിശ്ശേരി: കൊല്ലം പരവൂരിലെ വെടിക്കെട്ട് ദുരന്തത്തിന്‍െറ പശ്ചാത്തലത്തില്‍ കണ്ണൂര്‍ ജില്ലയിലെ വിവിധ കാവുകളിലെ വെടിക്കെട്ടുകള്‍ക്ക് പൊലീസ് വിലക്ക്. അഴീക്കോട് പാലോട്ട് കാവ്, കീച്ചേരി പാലോട്ട് കാവ്, ചെറുകുന്ന് അന്നപൂര്‍ണേശ്വരി ക്ഷേത്രം എന്നിവിടങ്ങളിലെ വെടിക്കെട്ടിന് വിലക്ക് ഏര്‍പെടുത്തി. വളപട്ടണം, കണ്ണപുരം പൊലീസ് സ്റ്റേഷനുകളില്‍ ചേര്‍ന്ന യോഗത്തിലാണ് തീരുമാനം. ഈ ക്ഷേത്രങ്ങളിലെ ഉത്സവത്തിന് ദിവസങ്ങള്‍ നീളുന്ന വെടിക്കെട്ട് എല്ലാ വര്‍ഷവും നടക്കാറുണ്ട്. ഇത്തവണ അനുമതി നല്‍കില്ളെന്നും അനുമതിയില്ലാതെ വെടിക്കെട്ട് നടത്തിയാല്‍ ക്ഷേത്ര ഭാരവാഹികള്‍ക്കെതിരെ ക്രിമിനല്‍ കേസെടുക്കുമെന്നും പൊലീസ് അറിയിച്ചു. ചെറുകുന്നില്‍ കഴിഞ്ഞ വര്‍ഷത്തെ വെടിക്കെട്ടിനിടെ ഗുണ്ട് പൊട്ടി ഒരാള്‍ മരിച്ചിരുന്നു. പൊടിക്കുണ്ടില്‍ വീട്ടില്‍ സൂക്ഷിച്ച സ്ഫോടക വസ്തു പൊട്ടിത്തെറിച്ചതും ഈയിടെയാണ്. അതേസമയം, ചെറുകുന്ന് അമ്പലം ഭാരവാഹികള്‍ വെടിക്കെട്ടിന് അനുമതി തേടി ജില്ലാ കലക്ടറെ കാണാന്‍ തീരുമാനിച്ചതായി അറിയുന്നു.വിഷു പ്രമാണിച്ച് ജില്ലയില്‍ കനത്ത തോതിലാണ് പടക്കം വില്‍പന നടക്കുന്നത്. ജില്ലയില്‍ നാനൂറിലധികം അംഗീകൃത ചില്ലറ വില്‍പന പടക്കകടകളും പതിനൊന്നോളം വലിയ കടകളുമാണുള്ളതെന്നാണ് ഒൗദ്യോഗിക കണക്ക്.","പാപ്പിനിശ്ശേരി: കൊല്ലം പരവൂരിലെ വെടിക്കെട്ട് ദുരന്തത്തിന്‍െറ പശ്ചാത്തലത്തില്‍ കണ്ണൂര്‍ ജില്ലയിലെ വിവിധ കാവുകളിലെ വെടിക്കെട്ടുകള്‍ക്ക് പൊലീസ് വിലക്ക്. അഴീക്കോട് പാലോട്ട് കാവ്, കീച്ചേരി",mal,madhyamam,Madhyamam,fake news,71a1d811-1d4b-42e9-a3ef-1a5e99a3bbbf,article,MassiveSum
https://www.madhyamam.com/local-news/malappuram/2017/jul/26/299715,,ചാന്ദ്രദിനാചരണം | Madhyamam,,"പട്ടാമ്പി: മുതുതല പഞ്ചായത്ത്തല അമ്മന്നൂർ എ.എൽ.പി സ്കൂളിൽ ഗ്രാമപഞ്ചായത്ത് പ്രസിഡൻറ് സി.എം. നീലകണ്ഠൻ ഉദ്ഘാടനം ചെയ്തു. മാനത്തെ വിസ്മയം എന്ന പേരിൽ ജയപ്രകാശ് ചാന്ദ്രദിന ക്ലാസെടുത്തു. വാർഡ് അംഗം പി.കെ. ഗോപാലകൃഷ്ണൻ, പ്രധാനാധ്യാപിക വി.കെ. ശോഭ, എ. നാസർ, സി. ബഷീർ, ഷിനി മോഹൻ, എം.എൻ. സുദർശൻ എന്നിവർ സംസാരിച്ചു.",പട്ടാമ്പി: മുതുതല പഞ്ചായത്ത്തല  അമ്മന്നൂർ എ.എൽ.പി സ്കൂളിൽ ഗ്രാമപഞ്ചായത്ത് പ്രസിഡൻറ് സി.എം. നീലകണ്ഠൻ ഉദ്ഘാടനം ചെയ്തു. മാനത്തെ വിസ്മയം എന്ന പേരിൽ ജയപ്രകാശ് ചാന്ദ്രദിന ക്ലാസെടുത്തു. വാർഡ് അംഗം പി.കെ....,mal,madhyamam,Madhyamam,fake news,9c1ff7cc-b903-45ec-88a8-a8830fe43d1a,article,MassiveSum
https://www.madhyamam.com/local-news/trivandrum/2017/dec/27/403143,https://www.madhyamam.com/local-news/trivandrum/2017/dec/27/403143,ശാസ്​ത്രീയ ചിന്താഗതിയും ശാസ്​ത്രവിദ്യാഭ്യാസവും ^സെമിനാർ 30ന്​,,"ശാസ്ത്രീയ ചിന്താഗതിയും ശാസ്ത്രവിദ്യാഭ്യാസവും -സെമിനാർ 30ന് തിരുവനന്തപുരം: സംസ്ഥാന ശാസ്ത്രസാേങ്കതിക മ്യൂസിയവും ബ്രേക് ത്രു സയൻസ് സൊസൈറ്റിയും സംയുക്തമായി 'ശാസ്ത്രീയ ചിന്താഗതിയും ശാസ്ത്രവിദ്യാഭ്യാസവും' വിഷയത്തിൽ സെമിനാർ നടത്തും. ശനിയാഴ്ച രാവിലെ 10ന് തിരുവനന്തപുരം പി.എം.ജി ജങ്ഷനിലെ ശാസ്ത്രസാേങ്കതിക മ്യൂസിയത്തിലാണ് സെമിനാർ. ഇന്ത്യൻ ഇൻസ്റ്റിറ്റ്യൂട്ട് ഒാഫ് സയൻസ് എജുക്കേഷൻ ആൻഡ് റിസർച് (IISER), കൊൽക്കത്തയിലെ പ്രഫസറും ഡീനുമായ ഡോ. സൗമിത്രോ ബാനർജി, ഇന്ത്യൻ ഇൻസ്റ്റിറ്റ്യൂട്ട് ഒാഫ് സ്പേസ് സയൻസ് ആൻഡ് ടെക്നോളജി (IIST) യിലെ പ്രഫ.ഡോ. ഉമേഷ് കഥാനെ എന്നിവർ ക്ലാസുകൾ നയിക്കും. താൽപര്യമുള്ളവർക്ക് https://google/ivhA2R വിലാസത്തിൽ രജിസ്റ്റർ ചെയ്യാം. വിവരങ്ങൾക്ക് ഫോൺ: 8547883586, 9387224226. മെയിൽ: breakthroughtvm@gmail.com.",ശാസ്ത്രീയ ചിന്താഗതിയും ശാസ്ത്രവിദ്യാഭ്യാസവും -സെമിനാർ 30ന്  തിരുവനന്തപുരം: സംസ്ഥാന ശാസ്ത്രസാേങ്കതിക മ്യൂസിയവും ബ്രേക് ത്രു സയൻസ് സൊസൈറ്റിയും സംയുക്തമായി 'ശാസ്ത്രീയ ചിന്താഗതിയും ശാസ്ത്രവിദ്യാഭ്യാസവും'...,mal,madhyamam,Madhyamam,fake news,f668395a-8472-4457-957f-baab2d1b016f,article,MassiveSum
https://janayugomonline.com/mumbai-high-court-says-aadhaar-not-citizenship-proof/,,ആധാർ കാർഡ് പൗരത്വരേഖയല്ലാതാകുമ്പോൾ! ഹൈക്കോടതി പറയുന്നത്,,"മുംബൈ: ആധാര്‍ കാര്‍ഡ് പൗരത്വരേഖയല്ലെന്ന് വിധിച്ച് മുംബൈ ഹൈക്കോടതി. ബംഗ്ലദേശില്‍ നിന്നും മുംബൈയില്‍ കുടിയേറിയ വ്യക്തിയുടെ പൗരത്വ കേസിലാണ് ഹൈക്കോടതിയുടെ വിധി. പാന്‍കാര്‍ഡ്, ആധാര്‍, വസ്തു ഇടപാട് രേഖ എന്നിവ പൗരത്വം തെളിയിക്കാനുള്ള രേഖയല്ലെന്ന് കോടതി പറയുന്നു. കൃത്യമായ ജനന സര്‍ട്ടിഫിക്കറ്റ് മാതാപിതാക്കളുടെ പേരുകളും ജനനസ്ഥലവും പൗരത്വം കാണിക്കുന്ന രേഖകളും ആവശ്യമാണ് എന്ന് കോടതി പറഞ്ഞു.

you may also like this video

ബംഗ്ലാദേശ് സ്വദേശികള്‍ക്ക് ആധാര്‍ കാര്‍ഡ് ഉണ്ടെങ്കിലും അത് ഇന്ത്യന്‍ പൗരത്വം തെളിയിക്കാനുള്ള രേഖയല്ലെന്ന് കോടതി ഉത്തരവില്‍ പറയുന്നു. പാസ്പോര്‍ട്ട് ഇല്ലാതെ ഇന്ത്യയില്‍ തങ്ങുന്ന അനധികൃത ബംഗ്ലാദേശികളെ കുടിയേറ്റക്കാരെന്ന് വിധിച്ച മജിസ്ട്രേറ്റ് കോടതി വിധിക്കെതിരെ പൗരത്വകേസില്‍ അറസ്റ്റിലായവര്‍ നല്‍കിയ ഹര്‍ജിയിലാണ് വിധി. മുംബൈയ്ക്കടുത്തു ദഹിസറിൽ താമസിച്ചിരുന്ന തസ്‍ലിമ റബിയുൽ (35) ആണു പിടിയിലായത്. ബംഗാൾ സ്വദേശിയാണെന്നും 15 വർഷമായി മുംബൈയിൽ താമസിക്കുകയാണെന്നും അവർ വാദിച്ചെങ്കിലും രേഖകൾ ഹാജരാക്കാനായില്ല. ഇവര്‍ക്കെതിരായ കേസ് ജൂണ്‍ 8, 2009ലാണ് ആരംഭിച്ചത്.",ആധാർ കാർഡ് പൗരത്വരേഖയല്ലാതാകുമ്പോൾ! ഹൈക്കോടതി പറയുന്നത് - Janayugom Online - Latest News,mal,janayugomonline,Janayugomonline,fake news,c7cffdd0-4fb3-42f3-835c-d9cef667ca63,article,MassiveSum
https://www.15min.lt/vardai/naujiena/archyvas/jurga-seduikyte-pristate-savo-naujausius-lietuviska-ir-angliska-vaizdo-klipus-1060-64505,https://www.15min.lt/vardai/naujiena/archyvas/jurga-seduikyte-pristate-savo-naujausius-lietuviska-ir-angliska-vaizdo-klipus-1060-64505,Jurga Šeduikytė pristatė savo naujausius lietuvišką ir anglišką vaizdo klipus,,"Geriausia MTV Baltijos šalių atlikėja Jurga naujuosius muzikinius metus pradėjo Afganistane filmuotų savo vaizdo klipų „Smėlio žmonės"" ir „Sandman's Child"" pristatymu. Antradienį sostinės bare „Paparazzi"" dainininkė surengė šių vaizdo klipų peržiūrą draugams, bičiuliams ir žurnalistams. Naujuosius Jurgos vaizdo klipus jau galima išvysti „MTV Baltic"" eteryje, netrukus jie pasieks visas televizijos stotis. Praėjusiais metais Jurga nufilmavo vaizdo klipus dainoms „Instrukcija"" ir „5th Season"", o šiemet pristatė savo ilgiausiai ruoštus du vaizdo kūrinius, prie kurių darbai prasidėjo dar nuo praėjusių metų balandžio. Afganistane dainininkė su kūrybine grupe lankėsi spalio viduryje. Viešnagės metu ji įteikė per toną paramos, surengė koncertus Afganistane tarnaujantiems kariams ir vietiniams gyventojams. Lietuviškas ir angliškas Jurgos vaizdo klipai yra labai panašūs ir artimi, tačiau šiek tiek skiriasi ir papildo vienas kitą. Lietuviškame vaizdo klipe taip pat parodyta daugiau Lietuvos kariuomenės vaizdų. Vaizdo klipus „Smėlio žmonės"" bei „Sandman‘s Child"" nufilmavo studija „RGB"", kurie praėjusiais metais taip pat susuko ir puikiai įvertintą Jurgos vaizdo klipą dainai „5th Season"". Naujuosius Jurgos vaizdo klipus režisavo Rimantas Lukauskas, prodiusavo Martynas Mickėnas, filmavo operatorius Lukas Kalvaitis. Tiek RGB studija, tiek Jurga, tiek muzikos kompanija „M.P.3"" puikiai vertina šių vaizdo klipų kokybę ir vadina tai brandžiausiu ir neįkainojamu savo muzikiniu vaizdo kūriniu. Pristatant naujuosius Jurgos vaizdo klipus, bare „Paparazzi"" ant sienos taip pat pakabinta Jurgos nuotrauka iš MTV Europos muzikos apdovanojimų su dainininkės autografu. Vasario mėnesio pradžioje „M.P.3 International"" išleis kompaktinį singlą „Sandman‘s Child"", kuriame bus įrašytos lietuviška ir angliška šios dainos versijos, afganistaniečių dari kalba skambantis kūrinys, angliškas remiksas bei abu naujieji vaizdo klipai. Daina „Smėlio žmonės""kol kas yra naujausias šios dainininkės radijo singlas iš praėjusių metų albumo „Instrukcija"" ir pretenduoja laimėti „Radiocentro"" muzikos apdovanojimų „Šviežio garso gurkšnio"" nominacijoje. Kompaktinė plokštelė „Sandman‘s Child"" taps antruoju Jurgos kompaktiniu singlu. Pirmasis - „5th Season"" - buvo išleistas praėjusių metų pabaigoje ir jau parduotas beveik 2 000 vienetų tiražu.

Aa A + A - Atstatyti","Geriausia MTV Baltijos šalių atlikėja Jurga naujuosius muzikinius metus pradėjo Afganistane filmuotų savo vaizdo klipų „Smėlio žmonės"" ir „Sandman's Child"" pristatymu.",mal,15min,15Min,fake news,918aea44-7238-4677-8125-e7a13aa633c1,article,MassiveSum
https://www.madhyamam.com/kerala/2016/may/12/195944,,കുട്ടിമാക്കൂല്‍ സ്ഫോടനം: സി.പി.എം ബ്രാഞ്ച് സെക്രട്ടറി അറസ്റ്റില്‍,,"തലശ്ശേരി: കുട്ടിമാക്കൂല്‍ ഊരാങ്കോട്ട് സി.പി.എം ബ്രാഞ്ച് കമ്മിറ്റി ഓഫിസ് ഉള്‍പ്പെടെ പ്രവര്‍ത്തിക്കുന്ന വായനശാല കെട്ടിടത്തിലുണ്ടായ ബോംബ് സ്ഫോടന കേസില്‍ സി.പി.എം ബ്രാഞ്ച് സെക്രട്ടറി അറസ്റ്റില്‍. ഊരാങ്കോട് ബ്രാഞ്ച് സെക്രട്ടറി ‘മഹേഷ് നിവാസി’ല്‍ ബാലനെയാണ് (77) ടൗണ്‍ സി.ഐ പി.എം. മനോജ്, പ്രിന്‍സിപ്പല്‍ എസ്.ഐ സി. ഷാജു എന്നിവരടങ്ങയ പൊലീസ് സംഘം അറസ്റ്റ് ചെയ്തത്.

ബുധനാഴ്ച ഉച്ചയോടെ പൊലീസ് സ്റ്റേഷനില്‍ വിളിച്ചുവരുത്തിയ ബാലനെ മൊഴി രേഖപ്പെടുത്തിയ ശേഷം അറസ്റ്റ് ചെയ്യുകയായിരുന്നു. തലശ്ശേരി ജുഡീഷ്യല്‍ ഫസ്റ്റ് ക്ളാസ് മജിസ്ട്രേറ്റ് കോടതിയുടെ ചുമതലയുള്ള കണ്ണൂര്‍ ഫസ്റ്റ് ക്ളാസ് മജിസ്ട്രേറ്റ് 14 ദിവസത്തേക്ക് റിമാന്‍ഡ് ചെയ്ത് കണ്ണൂര്‍ സെന്‍ട്രല്‍ ജയിലിലേക്കയച്ചു. സ്ഫോടനം നടന്ന കെട്ടിടത്തിന്‍െറ ഉടമസ്ഥാവകാശം ബ്രാഞ്ച് സെക്രട്ടറി എന്ന നിലയില്‍ ബാലന്‍െറ പേരിലാണ്. കഴിഞ്ഞ ആറിന് രാത്രി 11ഓടെയാണ് പാട്യം ഗോപാലന്‍ സ്മാരക വായനശാല കെട്ടിടത്തിന്‍െറ മുകള്‍നിലയില്‍ സ്ഫോടനമുണ്ടായത്. കെട്ടിടത്തില്‍ സൂക്ഷിച്ചിരുന്ന സ്ഫോടക വസ്തു ശേഖരം പൊട്ടിത്തെറിക്കുകയായിരുന്നുവെന്ന് അന്വേഷണത്തില്‍ വ്യക്തമായതായി പൊലീസ് പറഞ്ഞു.

സ്ഫോടന സ്ഥലത്ത് പരിശോധന നടത്തിയ ഫോറന്‍സിക് സംഘവും ബോംബ് സ്ക്വാഡും നല്‍കിയ റിപ്പോര്‍ട്ടുകളുടെ അടിസ്ഥാനത്തില്‍ പൊലീസ് നടത്തിയ ശാസ്ത്രീയ അന്വേഷണത്തിലൊടുവിലാണ് സ്ഫോടക വസ്തു ശേഖരമാണ് പൊട്ടിത്തെറിച്ചതെന്ന് കണ്ടത്തെിയത്. ബോംബ് നിര്‍മാണത്തിന് ശേഖരിച്ചതാണ് സ്ഫോടക വസ്തുക്കളെന്നാണ് പൊലീസ് നിഗമനം. സംഭവത്തില്‍ കൂടുതല്‍ പ്രതികളുണ്ടെന്ന് സംശയിക്കുന്നതായും വിശദമായ അന്വേഷണം നടന്നുവരുകയാണെന്നും പൊലീസ് പറഞ്ഞു. സ്ഫോടനത്തെ തുടര്‍ന്ന് ആരോപണ പ്രത്യാരോപണങ്ങളുമായി സി.പി.എമ്മും ബി.ജെ.പിയും രംഗത്തത്തെിയിരുന്നു. സ്ഫോടനത്തില്‍ കെട്ടിടത്തിന്‍െറ കോണ്‍ക്രീറ്റ് അടര്‍ന്നുവീഴുകയും വാതിലുകളും ഫര്‍ണിച്ചറും തകരുകയും ചെയ്തു. എക്സ്പ്ളോസിവ് സബ്സ്റ്റന്‍റ് ആക്ട് പ്രകാരമാണ് ടൗണ്‍ പൊലീസ് സ്വമേധയാ കേസെടുത്തത്.",തലശ്ശേരി: കുട്ടിമാക്കൂല്‍ ഊരാങ്കോട്ട് സി.പി.എം ബ്രാഞ്ച് കമ്മിറ്റി ഓഫിസ് ഉള്‍പ്പെടെ പ്രവര്‍ത്തിക്കുന്ന വായനശാല കെട്ടിടത്തിലുണ്ടായ ബോംബ് സ്ഫോടന കേസില്‍ സി.പി.എം ബ്രാഞ്ച് സെക്രട്ടറി അറസ്റ്റില്‍....,mal,madhyamam,Madhyamam,fake news,fb2eef61-8c05-4cfb-ac6d-b5ea754bf2a4,article,MassiveSum
https://www.madhyamam.com/local-news/malappuram/2017/dec/14/394722,,ആയിഷ ഉമ്മ | Madhyamam,,"പെരിന്തൽമണ്ണ: പൂവ്വത്താണിയിലെ പരേതനായ പിലാക്കൽ അലവി ഹാജിയുടെ ഭാര്യ കിഴിശ്ശേരി (73) നിര്യാതയായി. മക്കൾ: മുഹമ്മദാലി (ബാപ്പു), ഷൗക്കത്തലി (അലി), ഫാത്തിമ, റഷീദ. മരുമക്കൾ: കരീം (വലിയോറ വേങ്ങര), ഹംസു ചാത്തോലി (ജെ.എൻ റോഡ്, പെരിന്തൽമണ്ണ), ഫസീന തറയിൽ (മക്കരപറമ്പ്), മുനീറ ചിറത്തൊടി (ചെറുകര).","പെരിന്തൽമണ്ണ: പൂവ്വത്താണിയിലെ പരേതനായ പിലാക്കൽ അലവി ഹാജിയുടെ ഭാര്യ കിഴിശ്ശേരി  (73) നിര്യാതയായി. മക്കൾ: മുഹമ്മദാലി (ബാപ്പു), ഷൗക്കത്തലി (അലി), ഫാത്തിമ, റഷീദ. മരുമക്കൾ: കരീം (വലിയോറ വേങ്ങര), ഹംസു...",mal,madhyamam,Madhyamam,fake news,860f703a-2a4d-4dc5-9476-f09f52b717a0,article,MassiveSum
https://lao.voanews.com/a/2083818.html,https://lao.voanews.com/a/2083818.html,ກະສັດແລະລາຊິນີແຫ່ງພູຖານ ຈະສະເດັດປະພາດຍີ່ປຸ່ນ (ເບິ່ງຮູບສະໄລດ໌),,ອ່ານແລະຟັງຂ່າວ ກ່ຽວກັບປະເທດລາວ ເອເຊຍ ອາເມຣິກາ ແລະໂລກ. ນອກນັ້ນ ວີໂອເອລາວຍັງນໍາສະເໜີລາຍງານທີ່ລົງເລິກ ກ່ຽວກັບເລື້ອງຕ່າງໆທີ່ຢູ່ໃນຂ່າວ ແລະຄວາມກ້າວໜ້າດ້ານການແພດ ສຸຂະພາບ ອະນາໄມ ເສດຖະກິດ ການກະເສດ ວິທະຍາສາດແລະເທັກໂນໂລຈີ ຕະຫລອດທັງລາຍການດົນຕີ ແລະຊີວິດຊາວລາວໃນຕ່າງແດນ.,ອ່ານແລະຟັງຂ່າວ ກ່ຽວກັບປະເທດລາວ ເອເຊຍ ອາເມຣິກາ ແລະໂລກ. ນອກນັ້ນ ວີໂອເອລາວຍັງນໍາສະເໜີລາຍງານທີ່ລົງເລິກ ກ່ຽວກັບເລື້ອງຕ່າງໆທີ່ຢູ່ໃນຂ່າວ ແລະຄວາມກ້າວໜ້າດ້ານການແພດ ສຸຂະພາບ ອະນາໄມ ເສດຖະກິດ ການກະເສດ ວິທະຍາສາດແລະເທັກໂນໂລຈີ ຕະຫລອດທັງລາຍການດົນຕີ ແລະຊີວິດຊາວລາວໃນຕ່າງແດນ.,mal,voanews,VOA News,fake news,82813d19-a4d0-494a-9cbc-250183b29feb,article,MassiveSum
https://www.dengeamerika.com/a/venezuela_kom/3969956.html,https://www.dengeamerika.com/a/venezuela_kom/3969956.html,Meclîsa Damezrîner ya Venezuela Kom Dibe,,"Meclîsa damezrîner ya Venezuela dê îro Pêncşemê kom bibe.

Opozîsyonê, dijî Serokê Venezuela Nicolas Maduro banga protestoyê kir.

Tevî ptotestoyan û bertekên navneteweyî jî, hefteya borî bo meclîsa damezrîner hilbijartin li dar ketibû û Maduro bi ser ketibû.

Maduro dide zanîn ku ewê meclîsa damezrîner, qanûneke bingehîn ya ku dê kêşeyên aborî û siyasî çareser bike, çêke.

Yekîtîya Ewrupa (YE) û Amerîka dîyar kiribû ku ewê meclîsa damezrîner nas nekin.

Li ber e ku meclîsa damezrîner, qanûna bingehîn ya 1999'an, ku di dewra serokê berê Hugo Chavez de hatibû nivîsîn, jinûve binivîse.",Yekîtîya Ewrupa (YE) û Amerîka dîyar kiribû ku ewê meclîsa damezrîner nas nekin,mal,dengeamerika,Denge Amerika,fake news,74139157-b2f6-46f1-813c-de93ffcee7a6,article,MassiveSum
https://www.madhyamam.com/kerala/sivagiri-tourism-curcit-kadakampally-surendran-alphons-kannanthanam-kerala-news/591800,,"ശിവഗിരി ടൂറിസം സർക്യൂട്ട്: ഉദ്ഘാടന വേദിയിൽ കേന്ദ്ര, സംസ്ഥാന മന്ത്രിമാർ തമ്മിൽ വാക് പോര്",,"വർക്കല: ശിവഗിരി ടൂറിസം സർക്യൂട്ട് പദ്ധതിയുടെ ഉദ്ഘാടന വേദിയിൽ കേന്ദ്ര മന്ത്രി അൽഫോൺസ് കണ്ണന്താനവും ടൂറിസം മന ്ത്രി കടകംപള്ളി സുരേന്ദ്രനും തമ്മിൽ വാക് പോര്. പദ്ധതിയിൽ നിന്ന് സംസ്ഥാന സർക്കാറിനെ ഒഴിവാക്കാൻ ഗൂഢശക്തികൾ ഇടപെട്ടെന്ന് കടകംപള്ളി ആരോപിച്ചു.

സംസ്ഥാനത്തിന്‍റെ പദ്ധതിയെ കേന്ദ്രം ബൈപ്പാസ് ചെയ്യുന്നത് കേന്ദ്ര-സംസ്ഥാന ബന്ധത്തെ ബാധിക്കുമെന്നും മന്ത്രി വ്യക്തമാക്കി. ശിവഗിരി മഠം സ്വാമിമാർക്ക് സങ്കുചിത രാഷ്ട്രീയമെന്നും ഇത് ആശാവഹമല്ലെന്നും മന്ത്രി കടകംപള്ളി വിമർശിച്ചു.

പദ്ധതി കൂടുതൽ സൗകര്യപ്രദമാക്കാൻ വേണ്ടിയാണ് ഐ.ടി.ഡി.സിയെ ഏൽപ്പിച്ചതെന്ന് കേന്ദ്ര ടൂറിസം മന്ത്രി അൽഫോൺസ് കണ്ണന്താനം പറഞ്ഞു. സംസ്ഥാന സർക്കാറുമായി സഹകരിച്ചു പോകാനാണ് കേന്ദ്രത്തിന് താൽപര്യം. പദ്ധതിക്ക് തുഷാർ വെള്ളാപ്പള്ളി നേതൃത്വം വഹിക്കണമെന്നും കണ്ണന്താനം ആവശ്യപ്പെട്ടു.

സങ്കുചിത രാഷ്ട്രീയം മഠത്തിന്‍റെ വിഷയമല്ലെന്ന് ശിവഗിരി മഠം ട്രഷറർ സ്വാമി ശാരദാനന്ദ പ്രസംഗത്തിലൂടെ മന്ത്രിക്ക് മറുപടി നൽകി. ഗൂഢനീക്കങ്ങൾ സന്യാസിമാരുടെ രീതിയല്ല. സന്യാസിമാർക്ക് രാഷ്ട്രീയ താൽപര്യങ്ങൾ ഇല്ലെന്നും സ്വാമി ശാരദാനന്ദ വ്യക്തമാക്കി.",വർക്കല: ശിവഗിരി ടൂറിസം സർക്യൂട്ട് പദ്ധതിയുടെ ഉദ്ഘാടന വേദിയിൽ കേന്ദ്ര മന്ത്രി അൽഫോൺസ് കണ്ണന്താനവും ടൂറിസം മന   ്ത്രി കടകംപള്ളി സുരേന്ദ്രനും തമ്മിൽ വാക് പോര്. പദ്ധതിയിൽ നിന്ന് സംസ്ഥാന സർക്കാറിനെ...,mal,madhyamam,Madhyamam,fake news,35718730-7d81-4fee-9303-3534ed5707f9,article,MassiveSum
https://www.madhyamam.com/hotwheels/bum-bum-bikes/bajaj-chetak-electric-scooter-launch-today-hotwheels/660895,https://www.madhyamam.com/hotwheels/bum-bum-bikes/bajaj-chetak-electric-scooter-launch-today-hotwheels/660895,കാത്തിരിപ്പിന്​ വിരാമം ഇലക്​ട്രിക്​ ചേതക്കെത്തി,,"{ ""@context"": ""http://schema.org"", ""@type"": ""NewsArticle"", ""mainEntityOfPage"": { ""@type"": ""WebPage"", ""@id"": ""https://www.madhyamam.com/hotwheels/bum-bum-bikes/bajaj-chetak-electric-scooter-launch-today-hotwheels/660895"" }, ""headline"": ""കാത്തിരിപ്പിന്​ വിരാമം ഇലക്​ട്രിക്​ ചേതക്കെത്തി"", ""image"": { ""@type"": ""ImageObject"", ""url"": ""https://www.madhyamam.com/sites/default/files/styles/w750xh422/public/chethak300257_1578985300.jpg"", ""height"": 422, ""width"": 750 }, ""datePublished"": ""Tue, 01/14/2020 - 12:32"", ""dateModified"": ""Tue, 01/14/2020 - 13:46"", ""author"": { ""@type"": ""Person"", ""name"": ""Madhyamam Reporter"" }, ""publisher"": { ""@type"": ""Organization"", ""name"": ""Madhyamam Daily"", ""logo"": { ""@type"": ""ImageObject"", ""url"": ""https://www.madhyamam.com/sites/default/files/styles/w100xh70/public/editorial_new%20images_0_0_0.jpg"", ""width"": 100, ""height"": 60 } }, ""description"": ""

ഇന്ത്യയിൽ തിരിച്ചു വരവിനൊരുങ്ങുകയാണ്​ ബജാജ്​ ചേതക്​. ഇന്ത്യക്കാരുടെ ഹൃദയം കവർന്ന ചേതക്​ ഇക്കുറി ഇലക്​ട്രിക്​ കരുത്തിലാണ്​ വിപണിയിലെത്തുക...."" }

ഇന്ത്യയിൽ തിരിച്ചു വരവിനൊരുങ്ങുകയാണ്​ ബജാജ്​ ചേതക്​. ഇന്ത്യക്കാരുടെ ഹൃദയം കവർന്ന ചേതക്​ ഇക്കുറി ഇലക്​ട്രിക്​ കരുത്തിലാണ്​ വിപണിയിലെത്തുക. ഇന്ത്യക്കൊപ്പം യൂറോപ്യൻ വിപണി കൂടി ലക്ഷ്യമിട്ടാണ്​ ചേതക്കി​​​െൻറ രണ്ടാം പിറവി. അർബേൻ, പ്രീമിയം എന്നിങ്ങനെ രണ്ട്​ വകഭേദങ്ങളാണ്​ സ്​കൂട്ടറിനുള്ളത്​.

4kw ഇലക്​ട്രിക്​ മോഡലായിരിക്കും ചേതക്കിന്​ കരുത്ത്​ നൽകുക. ഒറ്റചാർജിൽ പരമാവധി 95 കിലോ മീറ്ററായിരിക്കും സഞ്ചരിക്കുക. സ്​പോർട്ട്​ മോഡിലാണെങ്കിൽ 85 കിലോ മീറ്ററാണ്​ സഞ്ചരിക്കുക. പൂർണമായും ഡിജിറ്റലായ ഇൻസ​്ട്രു​മെ​േൻറഷൻ ക്ലസ്​റ്ററാണ്​ ചേതക്കിനുള്ളത്​. 12 ഇഞ്ച്​ അലോയ്​ വീലും ഡേ ടൈം റണ്ണിങ്​ ലൈറ്റോട്​ കൂടിയ എൽ.ഇ.ഡി ഹെഡ്​ലാമ്പും ​മോഡലിലുണ്ട്​. റിവേഴ്​സ്​ മോഡാണ്​ മറ്റൊരു സവിശേഷത.

ഐ.പി 67 നിലവാരമുള്ള ലിഥിയം അയേൺ ബാറ്ററിയാണ്​ സ്​കൂട്ടറിൽ ഉപയോഗിച്ചിരിക്കുന്നത്​. ബാറ്ററിക്ക്​ മൂന്നു വർഷം അല്ലെങ്കിൽ 50,000 കിലോ മീറ്റർ വാറണ്ടി ബജാജ്​ നൽകും. അഞ്ച്​ മണിക്കൂറിനുള്ളിൽ ബാറ്ററി പൂർണമായും ചാർജാകും. 25 ശതമാനം ചാർജാകാൻ ഒരു മണിക്കൂർ മാത്രം മതി. അർബേൻ വ​കഭേദത്തിന്​ ഒരു ലക്ഷം രൂപയും പ്രീമിയത്തിന്​ 1.15 ലക്ഷം രൂപയുമായിരിക്കും വില.",ഇന്ത്യയിൽ തിരിച്ചു വരവിനൊരുങ്ങുകയാണ്​ ബജാജ്​ ചേതക്​. ഇന്ത്യക്കാരുടെ ഹൃദയം കവർന്ന ചേതക്​ ഇക്കുറി ഇലക്​ട്രിക്​ കരുത്തിലാണ്​ വിപണിയിലെത്തുക. ഇന്ത്യക്കൊപ്പം യൂറോപ്യൻ വിപണി കൂടി ലക്ഷ്യമിട്ടാണ്​ ചേതക്കി​,mal,madhyamam,Madhyamam,fake news,8db52f6c-18d8-4009-8331-de6471fd60b1,article,MassiveSum
https://nra.lv/pasaule/izklaide/263315-niderlandietis-tiesas-cela-velas-klut-20-gadus-jaunaks.htm,https://nra.lv/pasaule/izklaide/263315-niderlandietis-tiesas-cela-velas-klut-20-gadus-jaunaks.htm,"Nīderlandietis tiesas ceļā vēlas ""kļūt"" 20 gadus jaunāks",,"Nīderlandē 69 gadus vecs vīrietis vērsies tiesā ar prasību atskaitīt 20 gadus no viņa vecuma, lai uzlabotu izredzes karjerā un personīgajā dzīvē, kur pašlaik viņš saskaroties ar diskrimināciju sava vecuma dēļ.

Emīls Ratelbands tiesā sacīja, ka vēlas pārcelt savu dzimšanas datumu 20 gadus uz priekšu uz 1969.gada 11.martu.

""Es jūtos daudz jaunāks par saviem gadiem, (..) es varu dabūt visas meitenes, ko gribu, bet ne pēc tam, kad pasaku viņām, ka man ir 69 gadi,"" ziņu aģentūrai AFP norādīja Ratelbands.

""Es jūtos jauns, es esmu lieliskā formā un es vēlos lai tas tiek juridiski atzīts, jo es jūtos (..) diskriminēts sava vecuma dēļ,"" viņš piebilda.

Ratelbands, kurš ir velti centies apturēt pensijas ieskaitīšanu viņa kontā, tiesā sacīja, ka viņa lūgums ir likumīgs un salīdzināja to ar gadījumiem, kad persona vēlas oficiāli mainīt dzimumu.

""Šodien mēs varam izvēlēties savu darbu, dzimumu, politisko un seksuālo orientāciju. Mums pat ir tiesības mainīt savu vārdu. Tad kādēļ mums nav tiesību mainīt savu vecumu?"" tiesā jautāja Ratelbands.

Viņš norādīja, ka saskaņā ar ārsta atzinumu viņa bioloģiskais vecums ir 40 līdz 45 gadi.

Tiesai lēmums šajā bezprecedenta lietā jāpieņem četru nedēļu laikā.","Nīderlandē 69 gadus vecs vīrietis vērsies tiesā ar prasību atskaitīt 20 gadus no viņa vecuma, lai uzlabotu izredzes karjerā un personīgajā dzīvē, kur pašlaik viņš saskaroties ar diskrimināciju sava vecuma dēļ.",mal,nra,NRA,fake news,71b8a38f-5eeb-47e5-99b8-ecbf068329cf,article,MassiveSum
https://lao.voanews.com/a/joint-declaration-betweek-the-united-states-of-america-and-the-lao-poeple-democratic-republic/3498870.html,https://lao.voanews.com/a/joint-declaration-betweek-the-united-states-of-america-and-the-lao-poeple-democratic-republic/3498870.html,ສຫລ ແລະ ສປປ ລາວ ປະກາດ ການເປັນ ຄູ່ຮ່ວມມື ແບບກວມລວມ,,"ປະທານາທິບໍດີ ສະຫະລັດ ທ່ານບາຣັກ ໂອບາມາ​ ຢ້ຽມຢາມ ສປປ ລາວ ຢ່າງເປັນທາງ ການຄັ້ງປະຫວັດສາດ ພ້ອມທັງເຂົ້າຮ່ວມກອງປະຊຸມສຸດຍອດອາຊ່ຽນແລະກອງປະຊຸມ ສຸດຍອດເອເຊຍຕາເວັນອອກແຕ່ວັນທີ 5 ຫາວັນທີ 8 ກັນຍາ. ໃນລະຫວ່າງການພົບປະ ສຸດຍອດກັບຜູ້ນຳຂອງລາວນັ້ນ ທັງສອງຝ່າຍໄດ້ອອກຖະແຫຼງການຮ່ວມສະບັບນຶ່ງ ຊຶ່ງ ໄພສານ ມີລາຍລະອຽດເພີ້ມຕື່ມ ກ່ຽວກັບເລື້ອງນີ້ ມາສະເໜີທ່ານ ໃນອັນດັບຕໍ່ໄປ.

ປະທານາທິບໍດີສະຫະລັດ ທ່ານບາຣັກ ໂອບາມາ ເດີນທາງມາຢ້ຽມຢາມ ສປປ ລາວ ຕາມ ຄຳເຊີນ ຂອງທ່ານບຸນຍັງ ວໍລະຈິດ ປະທານປະເທດ ສປປ ລາວ.

ໃນໂອກາດການມາຢ້ຽມຢາມຄັ້ງນີ້ ປະທານາທິບໍດີໂອບາມາໄດ້ເດີນທາງມາເຖິງນະຄອນ ຫລວງວຽງຈັນ ໃນຕອນແລງວັນທີ 5 ກັນຍາ ແລະກໍໄດ້ຮັບການຕ້ອນຮັບຢ່າງອົບອຸ່ນແລະ ສົມກຽດຈາກຝ່າຍລາວ​. ໃນມື້ຕໍ່ມາ ທ່ານໂອບາມາ ກໍໄດ້ພົບປະສອງຝ່າຍກັບທ່ານບຸນຍັງ ທີ່ທຳນຽບປະທານປະເທດ.

ໃນການພົບປະດັ່ງກ່າວນີ້ ທັງສອງຝ່າຍ ແມ່ນໄດ້ຕີລາຄາສູງ ກ່ຽວກັບ ການມາຢ້ຽມຢາມ ສປປ ລາວຄັ້ງທຳອິດ ແລະຄັ້ງປະຫວັດສາດ ຂອງປະທານາທິບໍດີສະຫະລັດ ຊຶ່ງເປັນນິ ມິດໝາຍອັນດີ ໃນການເສີມຂະຫຍາຍ ການພົວພັນຮ່ວມມື ລະຫວ່າງປະເທດທັງສອງ ຫຼັງຈາກໄດ້ມີການສະເຫຼີມສະຫຼອງສາຍພົວພັນການທູດ ຄົບຮອບ 60 ປີ ໃນປີແລ້ວນີ້.

ນອກນັ້ນ ຜູ້ນຳທັງສອງ ຍັງໄດ້ທົບທວນຕີລາຄາ ການຮ່ວມມືສອງຝ່າຍລະຫວ່າງສະຫະ ລັດ ແລະ ສປປ ລາວທີ່ໄດ້ຮັບການປັບປຸງເທື່ອລະກ້າວ​ພ້ອມທັງໄດ້ສະເໜີທິດທາງການ ພົວພັນໃນອະນາຄົດຕໍ່ໜ້າລະຫວ່າງປະເທດທັງສອງ ເປັນຕົ້ນການເກັບກູ້ລະເບີດບໍ່ທັນ ແຕກ ການຊອກຄົ້ນຫາສິ່ງເສດເຫລືອ ຂອງທະຫານທີ່ຫາຍສາບສູນ ໃນປາງສົງຄາມ ຢູ່ ສປປ ລາວ ການປາບປາມຢາເສບຕິດ ການພົວພັນຮ່ວມມືດ້ານການທະຫານ ການຄ້າ ແລະການລົງທຶນ ການສຶກສາ ສາທາລະນະສຸກ ວັດທະນະທຳ ສັງຄົມ ແລະອື່ນໆ​ ຮວມ ທັງການຮ່ວມມືໃນຂອບຫຼາຍຝ່າຍເຊັ່ນການຮ່ວມມືລະຫວ່າງບັນດາປະເທດໃນເຂດລຸ່ມ ແມ່ນ້ຳຂອງ. ໃນການພົບປະຫາລືສອງຝ່າຍຄັ້ງນີ້ ຜູ້ນຳທັງສອງ ໄດ້ແລກປ່ຽນຄວາມຄິດ ຄວາມເຫັນກ່ຽວກັບສະພາບການໃນພາກພື້ນແລະສາກົນທີ່ທັງສອງຝ່າຍຕ່າງກໍມີຄວາມ ສົນໃຈນຳກັນ.

ໃນໂອກາດການຢ້ຽມຢາມ ຄັ້ງປະຫວັດສາດ ຂອງປະທານາທິບໍດີ ບາຣັກ ໂອບາມາ ຢູ່ ສປປ ລາວນີ້ທັງສອງຝ່າຍໄດ້ອອກຖະແຫຼງການຮ່ວມ 20 ຂໍ້ກ່ຽວກັບການເປັນຄູ່ຮ່ວມມື ແບບກວມລວມລະຫວ່າງ ສປປ ລາວແລະສະຫະລັດເພື່ອແນໃສ່ການເປີດສັງກາດໃໝ່ ໃນການພົວພັນສອງຝ່າຍບົນພື້ນຖານຂອງພື້ນຖານຂອງການເຄົາລົບນັບຖືຊຶ່ງກັນແລະ ກັນ. ປະທານາທິໂອບາມາ ກ່າວເຖິງຄູ່ຮ່ວມມືນີ້ ໃນຄຳປາໄສຂອງທ່ານຢູ່ທີ່ຫໍວັດທະນະ ທຳແຫ່ງຊາດວ່າ:

“ການເປັນຄູ່ຮ່ວມມືຂອງພວກເຮົາ ຮັບຮູ້ວ່າ ສປປ ລາວເປັນປະເທດເອກກະລາດ ມີ ອະທິປະໄຕ. ສະຫະລັດຈະບໍ່ຊອກຫາຊ່ອງທາງເພື່ອບັງຄັບໃຫ້ລາວກະທຳໃນສິ່ງທີ່ ຕົນບໍ່ຕ້ອງການ. ແຕ່ພວກເຮົາ ຈະຊອກສະແຫວງຫາ ການມີຄວາມສຳພັນ ບົນພື້ນ ຖານ ການເຄົາລົບຊຶ່ງກັນແລະກັນ ຮວມທັງ ເຄົາລົບນັບຖື ຄວາມເປັນເອກກະລາດ ແລະອະທິປະໄຕຂອງພວກທ່ານ.”

ຖະແຫຼງການຮ່ວມຍັງໄດ້ກ່າວຢ້ຳເຖິງການມີຜົນປະໂຫຍດຮ່ວມກັນ ແລະການສ້າງພື້ນ ຖານ ສຳລັບການຮ່ວມມືສອງຝ່າຍໃນອະນາຄົດ ໃນດ້ານຕ່າງໆ ເຊັ່ນການພົວພັນທາງ ດ້ານການເມືອງ ແລະການທູດ ດ້ານເສດຖະກິດການຄ້າ ດ້ານວິທະຍາສາດ ແລະເທັກ ໂນໂລຈີ ດ້ານການສຶກສາແລະຝຶກອົບຮົມ ດ້ານສະພາບແວດລ້ອມ ແລະສາທາລະນະ ສຸກ ການປະສານງານ ດ້ານມະນຸດສະທຳ ການແກ້ບັນຫາທີ່ຕົກຄ້າງ ມາຈາກສົງຄາມ ຄວາມໝັ້ນຄົງ ການປົກປ້ອງແລະສົ່ງເສີມສິດທິມະນຸດ ແລະຄວາມສຳພັນລະຫວ່າງປະ ຊາຊົນກັບປະຊາຊົນ.

ຖະແຫຼງການຮ່ວມດັ່ງກ່າວ ນອກຈາກການເປັນການວາງຂອບໃຫ້ແກ່ການເສີມຂະຫຍາຍ ສາຍພົວພັນລະຫວ່າງສອງປະເທດແລ້ວ ຍັງໄດ້ກຳນົດດ້ານຫຼັກການ ທີ່ກວມເອົາການເຄົາ ລົບນັບຖື ລະບອບການເມືອງ ເອກກະລາດ ອະທິປະໄຕ ແລະ ຜືນແຜ່ນດິນ ອັນຄົບຖ້ວນ ຂອງກັນແລະກັນ ຕະຫລອດທັງການເຄົາລົບຕໍ່ກົດບັດສະຫະປະຊາຊາດ ກໍຄືກົດໝາຍສາ ກົນ ຮວມທັງ ການປະກອບສ່ວນ ເພື່ອເສີມສ້າງສັນຕິພາບ ສະຖຽນລະພາບ ການຮ່ວມມື ແລະຄວາມວັດທະນາຖາວອນ ຢູ່ໃນປະເທດທັງສອງ ກໍຄືຢຸູ່ໃນພາກພື້ນ ແລະໃນໂລກ.

ໃນໂອກາດການຢ້ຽມຢາມ ສປປ ລາວຂອງປະທານາທິບໍດີໂອບາມາໃນຄັ້ງນີ້ ສະຫະລັດ ໄດ້ປະກາດເພີ້ມການຊ່ອຍເຫຼືອສຳລັບວຽກງານເກັບກູ້ລະເບີດທີ່ບໍ່ທັນແຕກຢູ່ ສປປ ລາວ ຊຶ່ງປະທານາທິບໍດີໂອບາມາ ກ່າວວ່າ:

“ສະຫະລັດຈະເພີ້ມ ການໃຫ້ເງິນສະໜັບສະໜຸນປະຈຳປີ ຂອງພວກເຮົາຂຶ້ນເປັນສອງ ເທົ່າ ຄື 90 ລ້ານໂດລາ ສຳລັບໄລຍະ 3 ປີຕໍ່ໜ້າເພື່ອຊ່ອຍລາວຂະຫຍາຍວຽກງານໃນ ດ້ານນີ້.”

ສະຫະລັດຍັງໃຫ້ການຊ່ອຍເຫຼືອໂຄງການອາຫານຢູ່ໂຮງຮຽນ ໃນມູນຄ່າ 27 ລ້ານໂດລາ ສຳລັບໄລຍະ 5 ປີ ແລະໂຄງການອະນາໄມຊຸມຊົນແລະອາຫານສຳລັບແມ່ແລະເດັກ ໃນ ມູນຄ່າ 6 ລ້ານໂດລາ ສຳລັບໄລຍະ 3 ປີ.

ໃນໂອກາດການຢ້ຽມຂອງປະທານາທິບໍດີໂອບາມາດັ່ງກ່າວ ທັງສອງຝ່າຍຍັງໄດ້ລົງນາມ ໃນບົດບັນທຶກວ່າດ້ວຍການຮ່ວມມືລະຫວ່າງກະຊວງສາທາລະນະສຸກ ແລະມະຫາວິທະ ຍາໄລອໍເຣກອນກ່ຽວກັບການປຸກສ້າງສະຖາບັນໂພຊະນາການ ບົດບັນທຶກວ່າດ້ວຍການ ຮ່ວມມືລະຫວ່າງບໍລິສັດໄຟຟ້າລາວແລະບໍລິສັດ General Electric ກ່ຽວກັບການປັບປຸງ ຕາຂ່າຍໄຟຟ້າແຮງສູງ ແລະ ບົດບັນທຶກການຮ່ວມມື ລະຫວ່າງບໍລິສັດ Microsoft ແລະ ກະຊວງສຶກສາທິການແລະກິລາ ພ້ອມທັງກະຊວງໄປສະນີໂທລະຄົມມະນາຄົມແລະການ ສື່ສານ ກ່ຽວກັບການສະໜອງທຶນການສຶກສາ ຜ່ານຫຼັກສູດອອນລາຍ.

ກ່ຽວກັບເລື້ອງສິດທິມະນຸດນັ້ນ ຖະແຫຼງການຮ່ວມກ່າວວ່າ ຜູ້ນຳທັງສອງໄດ້ກ່າວຢ້ຳເຖິງ ຄວາມສຳຄັນ ໃນການປົກປ້ອງແລະສົ່ງເສີມສິດທິມະນຸດ ການປົກຄອງດ້ວຍຕົວບົດກົດ ໝາຍ ແລະສິດທິໃນການນັບຖືສາສະໜາ. ທັງສອງຝ່າຍຍັງໃຫ້ການຢືຶນຢັນຕໍ່ຄວາມໝັ້ນ ໝາຍ ທີ່ຈະສະໜັບສະໜຸນກົດບັດຂອງອົງການສະຫະປະຊາຊາດ ແລະຄຳປະກາດສາ ກົນວ່າດ້ວຍສິດທິມະນຸດ ແລະທັງສອງປະເທດຍັງມີຄວາມໝັ້ນໝາຍທີ່ຈະນຳເອົາເລື້ອງ ສິດທິມະນຸດຂຶ້ນມາສົນທະນາກັນ ຢູ່ໃນກອງປະຊຸມປະຈຳປີຫາລືຮອບດ້ານສອງຝ່າຍ.

ໃນວັນທີ 7 ກັນຍາ ວານນີ້ ປະທານາທິບໍດີໂອບາມາ​ ໄດ້ໄປຮ່ວມກອງປະຊຸມສຸດຍອດຜູ້ ນຳຊາວໜຸ່ມເຂດເອເຊຍຕາເວັນອອກສຽງໃຕ ຫຼື YSEALI ໄປຢ້ຽມສູນຟື້ນຟູຄົນພິການ ແລະໃນຕອນແລງເຂົ້າຮ່ວມງານລ້ຽງອາຫານຄ່ຳສຳລັບກອງປະຊຸມສຸດຍອດເອເຊຍຕາ ເວັນອອກ.

ແລະໃນວັນທີ 8 ຊຶ່ງເປັນມື້ສຸດທ້າຍຂອງການຢ້ຽມຢາມ ປະທານາທິບໍດີໂອບາມາໄດ້ເຂົ້າ ຮ່ວມກອງປະຊຸມສຸດຍອດສະຫະລັດ-ອາຊ່ຽນ ແລະກອງປະຊຸມສຸດຍອດເອເຊຍຕາເວັນ ອອກ.",ຖະແຫຼງການຮ່ວມ ຂອງປະທານາທິບໍດີສະຫະລັດ ທີ່ພົບປະສຸດຍອດ ກັບປະທານປະເທດ ສປປ ລາວ ໄດ້ປະກາດ ການເປັນຄູ່ຮ່ວມມື ແບບກວມລວມ ລະຫວ່າງປະເທດທັງສອງ.,mal,voanews,VOA News,fake news,47182a50-4b58-46f6-976b-2a4178eb345a,article,MassiveSum
https://www.madhyamam.com/local-news/thrissur/2018/feb/26/435918,,മോദിയെ അധികാരത്തിൽനിന്ന് പുറത്താക്കണം ^കോടിയേരി,,"മോദിയെ അധികാരത്തിൽനിന്ന് പുറത്താക്കണം -കോടിയേരി തൃശൂർ: നരേന്ദ്രമോദിയെ അധികാരത്തിൽ നിന്ന് പുറത്താക്കുകയെന്നതാണ് സി.പി.എം സംസ്ഥാന സമ്മേളനം ആഹ്വാനം ചെയ്യുന്നതെന്ന് സംസ്ഥാന സെക്രട്ടറി കോടിയേരി ബാലകൃഷ്ണൻ പറഞ്ഞു. സമാപന യോഗത്തിൽ അധ്യക്ഷത വഹിക്കുകയായിരുന്നു അദ്ദേഹം. കഴിഞ്ഞ സംസ്ഥാന സമ്മേളനത്തി​െൻറ ല‍‍ക്ഷ്യ സഫലീകരണമാണ് എൽ.ഡി.എഫ് സംസ്ഥാനത്ത് ഭരണത്തിലെത്തിയത്. വർഗീയതക്കും ഉദാരവത്കരണ സാമ്പത്തിക നയങ്ങൾക്കുമെതിരെയുള്ള പോരാട്ടം ശക്തമാക്കാൻ വരുന്ന ലോക്സഭ തെരഞ്ഞെടുപ്പിൽ ഇടതുപക്ഷത്തി​െൻറ അംഗസംഖ്യ വർധിപ്പിക്കണം. ബി.ജെ.പിയുടെ കാര്യത്തിൽ കോൺഗ്രസ് സ്വീകരിക്കുന്നത് ഉദാരവത്കരണ നയമാണ്. ബി.ജെ.പിക്കൊപ്പം കോൺഗ്രസിനെയും തുറന്നു കാണിക്കാനുള്ള പോരാട്ടമാണ് എൽ.ഡി.എഫ് ഏറ്റെടുത്തിട്ടുള്ളത്. ജനാധിപത്യ, മതേതര കക്ഷികൾ ചേർന്ന് വിശാലമായ പോരാട്ടം അനിവാര്യമാണ്. സാമൂഹിക മാറ്റത്തിനു വേണ്ടി ഇടപെടുന്ന കേരള സർക്കാറിന് രാഷ്്ട്രീയ രംഗത്ത് നിരാശ സൃഷ്ടിക്കാനുള്ള ശ്രമങ്ങളാണ് സംഘടിതമായി നടക്കുന്നത്. എല്ലാ സർക്കാറുംപോെലയല്ലെന്ന് 20 മാസം കൊണ്ട് പിണറായി ഭരണം തെളിയിച്ചു. മേയിൽ ഭരണത്തി​െൻറ രണ്ട് വർഷം തികയുമ്പോൾ സർക്കാറി​െൻറ പ്രോഗ്രസ് റിപ്പോർട്ട് പ്രസിദ്ധപ്പെടുത്തും. ജനങ്ങൾക്ക് എ പ്ലസ് ഗ്രേഡ് നൽകാനുള്ള അവസരമാണ്. അഞ്ച് വർഷത്തെ ഭരണം പൂർത്തിയാകുമ്പോൾ സംസ്ഥാനത്ത് സാമൂഹിക മാറ്റത്തോടൊപ്പം വികസനമുണ്ടാകും. എൽ.ഡി.എഫി​െൻറ മുന്നേറ്റം തടയാനുള്ള ഗൂഢപദ്ധതികളാണ് പ്രതിപക്ഷം നടത്തുന്നത്. കലാപ സംസ്ഥാനമാക്കാനാണ് ആർ.എസ്.എസ് ശ്രമിക്കുന്നത്. കണ്ണൂരിൽ ദൗർഭാഗ്യകരമായ കൊലപാതകമുണ്ടായപ്പോൾ പാർട്ടി അപലപിച്ചു. ഇതിനെ മുതലെടുക്കാൻ ഗാന്ധിയന്മാരായി രംഗത്തിറങ്ങിയവർ സി.പി.എം വിരുദ്ധ പ്രചാരവേല നടത്തുകയാണ്. അനിശ്ചതമായി എത്ര ദിവസം വേണമെങ്കിലും നിരാഹാരം കിടക്കാൻ കഴിയുന്നയാളാണ് സമരം ചെയ്യുന്നത്. കലാപവും അക്രമവും നടക്കുന്ന സംസ്ഥാനമായി കേരളത്തെ മാറ്റാൻ ആർ.എസ്.എസും കോൺഗ്രസും ശ്രമിക്കുന്നുവെന്നും അദ്ദേഹം പറഞ്ഞു.",മോദിയെ അധികാരത്തിൽനിന്ന് പുറത്താക്കണം -കോടിയേരി തൃശൂർ: നരേന്ദ്രമോദിയെ അധികാരത്തിൽ നിന്ന് പുറത്താക്കുകയെന്നതാണ് സി.പി.എം സംസ്ഥാന സമ്മേളനം ആഹ്വാനം ചെയ്യുന്നതെന്ന് സംസ്ഥാന സെക്രട്ടറി കോടിയേരി...,mal,madhyamam,Madhyamam,fake news,1fd39326-95df-41d3-a363-419f90c972de,article,MassiveSum
https://www.madhyamam.com/kerala/national-highway-development/608963,,ദേശീയപാത വികസനം: സ്ഥ​ല​മേ​റ്റെ​ടു​പ്പ് ഇ​നി നി​ർ​ത്തി​വെ​ക്കാ​ൻ ക​ഴി​യി​ല്ലെ​ന്ന്​ മ​ന്ത്രി ജി. ​സു​ധാ​ക​ര​ൻ,,"തി​​രു​​വ​​ന​​ന്ത​​പു​​രം: ​സം​​സ്​​​ഥാ​​ന​​ത്ത്​ ദേ​​ശീ​​യ​​പാ​​ത വി​​ക​​സ​​ന​​ത്തി​​നു​​ള്ള സ്ഥ​​ല​​മ െ​​ടു​​പ്പ് നി​​ർ​​ത്തി​​വെ​​ക്ക​​ണ​​മെ​​ന്ന കേ​​ന്ദ്ര ഉ​​ത്ത​​ര​​വ് തി​​രു​​ത്ത​​ണ​​മെ​​ന്ന് ആ​​വ​​ശ്യ​​പ്പെ​​ട്ട് സം​​സ്ഥാ​​ന സ​​ർ​​ക്കാ​​ർ ക​​ത്ത​​യ​​ച്ചു. പ​​ല ജി​​ല്ല​​ക​​ളി​​ലെ​​യും ഭൂ​​മി ഏ​​റ്റെ​​ടു​​ക്ക​​ൽ പൂ​​ർ​​ത്തി​​യാ​​യ ഘ​​ട്ട​​ത്തി​​ൽ സ്ഥ​​ല​​മേ​​റ്റെ​​ടു​​പ്പ് ഇ​​നി നി​​ർ​​ത്തി​​വെ​​ക്കാ​​ൻ ക​​ഴി​​യി​​ല്ലെ​​ന്ന്​ മ​​ന്ത്രി മ​​ന്ത്രി ജി. ​​സു​​ധാ​​ക​​ര​​ൻ ക​​ത്തി​​ൽ വ്യ​​ക്ത​​മാ​​ക്കി.

കേ​​ര​​ള​​ത്തെ ഒ​​ന്നാം മു​​ൻ​​ഗ​​ണ​​ന പ​​ട്ടി​​ക​​യി​​ലേ​​ക്ക് മാ​​റ്റ​​ണ​​മെ​​ന്നും കേ​​ന്ദ്ര ഗ​​താ​​ഗ​​ത മ​​ന്ത്രി​​ക്ക​​യ​​ച്ച ക​​ത്തി​​ൽ ആ​​വ​​ശ്യ​​പ്പെ​​ട്ടു. വി​​ഷ​​യ​​ത്തി​​ൽ ഇ​​ട​​പെ​​ട​​ണ​​മെ​​ന്നാ​​വ​​ശ്യ​​പ്പെ​​ട്ട് പ്ര​​ധാ​​ന​​മ​​ന്ത്രി​​യെ​​യും കേ​​ന്ദ്ര​​മ​​ന്ത്രി നി​​തി​​ൻ ഗ​​ഡ്ക​​രി​​യെ​​യും മു​​ഖ്യ​​മ​​ന്ത്രി​​യു​​ടെ ഓ​​ഫി​​സ് സ​​മീ​​പി​​ക്കും. ദേ​​ശീ​​യ​​പാ​​ത വി​​ക​​സ​​ന​​ത്തി​​ന്​ കാ​​സ​​ർ​​കോ​​ട് ഒ​​ഴി​​കെ​​യു​​ള്ള ജി​​ല്ല​​ക​​ളി​​ലെ സ്ഥ​​മേ​​റ്റെ​​ടു​​പ്പ് നി​​ർ​​ത്തി​​വെ​​ക്ക​​ണ​​മെ​​ന്നാ​​ണ് കേ​​ന്ദ്ര സ​​ർ​​ക്കാ​​റി‍​െൻറ നി​​ർ​​ദേ​​ശം. കാ​​സ​​ർ​േ​​കാ​​ട്​ ഒ​​ഴി​​ച്ചു​​ള്ള ജി​​ല്ല​​ക​​ളി​​ലെ പാ​​ത വി​​ക​​സ​​നം ര​​ണ്ടാം മു​​ൻ​​ഗ​​ണ​​ന പ​​ട്ടി​​ക​​യി​​ലേ​​ക്ക്​ മാ​​റ്റി​​യ​​തോ​​ടെ ര​​ണ്ട് വ​​ർ​​ഷ​​ത്തേ​​ക്ക്​ തു​​ട​​ർ​​ന​​ട​​പ​​ടി​​ക​​ളൊ​​ന്നും ന​​ട​​ക്കി​​ല്ല. വി​​വി​​ധ സം​​സ്ഥാ​​ന​​ങ്ങ​​ളി​​ലെ ദേ​​ശീ​​യ​​പാ​​ത വി​​ക​​സ​​ന​​പ​​ദ്ധ​​തി​​ക​​ളെ മു​​ൻ​​ഗ​​ണ​​നാ​​ടി​​സ്ഥാ​​ന​​ത്തി​​ൽ കേ​​ന്ദ്രം ര​​ണ്ടു​​ത​​ട്ടി​​ലാ​​ക്കു​​ക​​യാ​​യി​​രു​​ന്നു.

കാ​​സ​​ർ​​കോ​​ട് ഒ​​ഴി​​കെ​​യു​​ള്ള ജി​​ല്ല​​ക​​ളെ ദേ​​ശീ​​യ​​പാ​​ത വി​​ക​​സ​​ന​​ത്തി‍​െൻറ ര​​ണ്ടാം മു​​ൻ​​ഗ​​ണ​​ന പ​​ട്ടി​​ക​​യി​​ലേ​​ക്ക് മാ​​റ്റി​​യ​​ശേ​​ഷ​​മാ​​ണ് സം​​സ്ഥാ​​ന സ​​ർ​​ക്കാ​​റി​​ന് ഇ​​തു​​സം​​ബ​​ന്ധി​​ച്ച നി​​ർ​​ദേ​​ശം ന​​ൽ​​കി​​യ​​ത്. ക​​ണ്ണൂ​​ർ, കോ​​ഴി​​ക്കോ​​ട്, തു​​ട​​ങ്ങി​​യ ജി​​ല്ല​​ക​​ളി​​ൽ സ്ഥ​​ല​​മേ​​റ്റെ​​ടു​​ക്ക​​ൽ 80 ശ​​ത​​മാ​​ന​​വും തെ​​ക്ക​​ൻ ജി​​ല്ല​​ക​​ളി​​ൽ 50 ശ​​ത​​മാ​​ന​​ത്തോ​​ള​​വും പൂ​​ർ​​ത്തി​​യാ​​യ​​പ്പോ​​ഴാ​​ണ്​ കേ​​ന്ദ്ര ഉ​​ത്ത​​ര​​വ് തി​​രി​​ച്ച​​ടി​​യാ​​യ​​ത്. ക​​ണ്ണൂ​​രി​​ലും കാ​​സ​​ർ​​കോ​​ട്ടും സ​​ർ​​ക്കാ​​റി​​ന് സ്ഥ​​ലം ന​​ൽ​​കി​​യ​​വ​​ർ​​ക്കു​​ള്ള ന​​ഷ്​​​ട​​പ​​രി​​ഹാ​​ര​​ത്തു​​ക ന​​ൽ​​കാ​​നു​​ള്ള ന​​ട​​പ​​ടി​​ക​​ളും തു​​ട​​ങ്ങി​​യി​​രു​​ന്നു. എ​​ന്നാ​​ൽ കേ​​ര​​ള​​ത്തെ ര​​ണ്ടാം മു​​ൻ​​ഗ​​ണ​​ന പ​​ട്ടി​​ക​​യി​​ലേ​​ക്ക് മാ​​റ്റി​​യ​​തോ​​ടെ സം​​സ്ഥാ​​ന​​ത്തെ ദേ​​ശീ​​യ​​പാ​​ത വി​​ക​​സ​​നം നീ​​ളു​േ​​മാ എ​​ന്ന ആ​​ശ​​ങ്ക​​യി​​ലാ​​ണ് സ​​ർ​​ക്കാ​​ർ. സ്ഥ​​ല​​മേ​​റ്റെ​​ടു​​പ്പ് ര​​ണ്ടു​​വ​​ർ​​ഷം വൈ​​കി​​യാ​​ൽ ഭൂ​​മി​​യു​​ടെ വി​​ല ഇ​​നി​​യും വ​​ർ​​ധി​​ക്കും. വ​​ലി​​യ പ്ര​​തി​​സ​​ന്ധി​​ക​​ളും പ്രാ​​ദേ​​ശി​​ക പ്ര​​തി​​ഷേ​​ധ​​ങ്ങ​​ളും മ​​റി​​ക​​ട​​ന്നാ​​ണ് സം​​സ്ഥാ​​ന സ​​ർ​​ക്കാ​​ർ സ്ഥ​​ല​​മേ​​റ്റെ​​ടു​​പ്പ് ന​​ട​​പ​​ടി​​ക​​ളു​​മാ​​യി മു​​ന്നോ​​ട്ടു​​പോ​​യ​​ത്.

ഈ ​​സാ​​ഹ​​ച​​ര്യ​​ത്തി​​ൽ സ്ഥ​​ല​​മേ​​റ്റെ​​ടു​​പ്പ് പൂ‍ർ​​ണ​​മാ​​യി നി​​ർ​​ത്തി​​വെ​​ക്ക​​ണ​​മെ​​ന്ന കേ​​ന്ദ്ര ഉ​​ത്ത​​ര​​വ് ഒ​​രു കാ​​ര​​ണ​​വ​​ശാ​​ലും ന​​ട​​പ്പാ​​ക്കാ​​നാ​​വി​​ല്ലെ​​ന്ന നി​​ല​​പാ​​ടി​​ലാ​​ണ് സം​​സ്ഥാ​​ന സ‍ർ​​ക്കാ​​ർ. കേ​​ന്ദ്ര സ​​ർ​​ക്കാ​​റി‍​െൻറ രാ​​ഷ്​​​ട്രീ​​യ പ​​ക​​പോ​​ക്ക​​ലാ​​ണ് ന​​ട​​പ​​ടി​​ക്ക് പി​​ന്നി​​ലെ​​ന്നും ആ​​രോ​​പ​​ണ​​മു​​ണ്ട്. കേ​​ര​​ള​​ത്തെ​​യും ക​​ർ​​ണാ​​ട​​ക​​യെ​​യും മാ​​ത്ര​​മാ​​യി ര​​ണ്ടാം മു​​ൻ​​ഗ​​ണ​​ന പ​​ട്ടി​​ക​​യി​​ലേ​​ക്ക് മാ​​റ്റി​​യ​​താ​​ണ് ഇ​​ത്ത​​ര​​മൊ​​രു ആ​​രോ​​പ​​ണ​​ത്തി‍​െൻറ അ​​ടി​​സ്ഥാ​​നം.",ഉത്തരവ് തിരുത്തണമെന്നാവശ്യപ്പെട്ട് കേന്ദ്രത്തിന്​ കത്ത്,mal,madhyamam,Madhyamam,fake news,108aee51-21ef-4598-b578-9c38ddbc01f9,article,MassiveSum
https://www.madhyamam.com/local-news/trivandrum/2018/jun/21/507379,,അപേക്ഷ ക്ഷണിച്ചു,,"ശാസ്താംകോട്ട: പഞ്ചായത്തി​െൻറ ജൻഡർ റിസോഴ്സ് സ​െൻറർ പദ്ധതിയിലേക്ക് വനിതകളെ കമ്യൂണിറ്റി വുമൺ ഫെസിലിറ്റേറ്റർ തസ്തികയിൽ കരാർ അടിസ്ഥാനത്തിൽ നിയമിക്കും എം.എസ്.ഡബ്ല്യു യോഗ്യതയോ തത്തുല്യമായ വിമൻസ് സ്റ്റഡീസ്, സൈക്കോളജി, സോഷ്യോളജി എന്നീ വിഷയങ്ങളിൽ ബിരുദാനന്തര ബിരുദമോ ഉള്ളവർക്ക് അപേക്ഷിക്കാം. അപേക്ഷ ബയോഡാറ്റയും രണ്ട് ഫോേട്ടായും സഹിതം 25ന് വൈകീട്ട് മൂന്നിനകം പഞ്ചായത്ത് ഒാഫിസിൽ സമർപ്പിക്കണമെന്ന് സെക്രട്ടറി അറിയിച്ചു. സൈക്കിളും ഫർണിച്ചറും വിതരണം ചെയ്തു കൊല്ലം: കോർപറേഷ​െൻറ വാർഷികപദ്ധതിയിൽ ഉൾപ്പെടുത്തി വാളത്തുംഗൽ ഗവ. ബോയ്സ് ഹയർ സെക്കൻഡറി സ്കൂളിലെ പട്ടികജാതി വിദ്യാർഥികൾക്കായി സൈക്കിളും മേശയും കസേരയും വിതരണംചെയ്തു. കോർപറേഷൻ ക്ഷേമകാര്യ സ്ഥിരംസമിതി ചെയർപേഴ്സൺ ഗീതാകുമാരി അധ്യക്ഷതവഹിച്ചു. കൊല്ലം കോർപറേഷൻ എസ്.സി / എസ്.ടി. ഡെവലപ്മ​െൻറ് ഒാഫിസർ ബിനോയ്, നഗരാസൂത്രണ സ്ഥിരംസമിതി ചെയർമാൻ പ്രിയദർശൻ, ഹെഡ്മിസ്ട്രസ് എസ്. സോമലത, സീനിയർ അസിസ്റ്റൻറ് ബി. വസന്തം, പി.ടി.എ പ്രസിഡൻറ് വിനോദ് ഭരതൻ എന്നിവർ സംസാരിച്ചു.",ശാസ്താംകോട്ട: പഞ്ചായത്തി​െൻറ ജൻഡർ റിസോഴ്സ് സ​െൻറർ പദ്ധതിയിലേക്ക് വനിതകളെ കമ്യൂണിറ്റി വുമൺ ഫെസിലിറ്റേറ്റർ തസ്തികയിൽ കരാർ അടിസ്ഥാനത്തിൽ നിയമിക്കും എം.എസ്.ഡബ്ല്യു യോഗ്യതയോ തത്തുല്യമായ വിമൻസ്...,mal,madhyamam,Madhyamam,fake news,7411b83e-0cb5-4da4-ac25-19b1ff993a76,article,MassiveSum
https://nra.lv/politika/242420-vejonis-saujot-raketes-krievija-provoce-latviju.htm,https://nra.lv/politika/242420-vejonis-saujot-raketes-krievija-provoce-latviju.htm,"Vējonis: Šaujot raķetes, Krievija provocē Latviju",,"Krievijas pieteiktās raķešu šaušanas mācības ir spēka demonstrācija un zināmā mērā provokācija gan pret Latviju, gan pret NATO ar mērķi noskaidrot, kā mēs uz to reaģēsim, šādu viedokli šorīt telekanālā LNT pauda Latvijas prezidents Raimonds Vējonis.

Vējonis uzsvēra, ka šāda veida mācības nevairo drošību Baltijas reģionā, tās negatīvi ietekmē intensīvo kuģu satiksmi jūrā, turklāt pastāv arī kļūdu iespēja, tāpēc Baltijas jūrā kā iekšzemes jūrā šādām mācībām nevajadzētu notikt vispār. Prezidents izteicās, ka Latvija jau esot NATO un OECD ietvaros uzrunājusi jautājumu, cik tuvu pie robežām drīkstētu notikt mācības.

Kā ziņots, Krievijas Jūras spēki no šodienas līdz 19.aprīlim ir rezervējuši gaisa telpu virs Latvijas ekskluzīvās ekonomiskās zonas Baltijas jūrā, kur 19.aprīlī plāno veikt raķešu šaušanas pārbaudi.

Līdzīgi kā iepriekšējā reizē aprīļa sākumā Nacionālie bruņotie spēki (NBS) arī šoreiz novēros Krievijas plānoto raķešu šaušanu Latvijas ekskluzīvajā ekonomiskajā zonā. NBS darbosies ikdienas režīmā un izmantos dažādus elementus, tajā skaitā kuģus un radarus, novērojumu veikšanai.

Latvijas Aizsardzības ministrija (AM) uzsvērusi, ka saistībā ar Krievijas plānoto raķešu šaušanu satraukumam nav iemesla.

Krievijas Galvenais gaisa satiksmes vadības centrs informējis Latvijas Civilās aviācijas aģentūru, ka Krievijas Jūras spēki no 17.aprīļa līdz 19.aprīlim rezervējuši gaisa telpu un 19.aprīlī plāno veikt raķešu šaušanas pārbaudi gaisa telpā virs Latvijas ekskluzīvās ekonomiskās zonas Baltijas jūrā.

AM joprojām uzskata šāda veida mācības Latvijas teritoriālo ūdeņu tiešā tuvumā par nepamatotām un provokatīvām, kā arī pauž bažas par Krievijas spējām nodrošināt drošību mācību laikā.

Jau vēstīts, ka Krievijas Jūras spēki raķešu šaušanas mācības Latvijas ekskluzīvajā ekonomiskajā zonā bija pieteikuši arī no 4. līdz 6.aprīlim. Mācību laikā netika izšauta neviena raķete, bet šādas mācības uzskatāmas kā daļa no Krievijas stratēģiskās komunikācijas un spēka demonstrēšanas citām reģiona valstīm, iepriekš pauda eksperti.","Krievijas pieteiktās raķešu šaušanas mācības ir spēka demonstrācija un zināmā mērā provokācija gan pret Latviju, gan pret NATO ar mērķi noskaidrot, kā mēs uz to reaģēsim, šādu viedokli šorīt telekanālā LNT pauda Latvijas prezidents Raimonds Vējonis.",mal,nra,NRA,fake news,ad3f52bc-bd76-443c-88ee-3e79edee3362,article,MassiveSum
https://lao.voanews.com/a/june-4-2014-day-in-photos/1929671.html,https://lao.voanews.com/a/june-4-2014-day-in-photos/1929671.html,ພາບ​ເດັ່ນ ປະ​ຈຳ ວັນ​ທີ 4 ມິ​ຖຸ​ນາ 2014,,"4 Britain's Prince Charles (C) and Camilla, the Duchess of Cornwall, reach towards a pageboy who fainted as Britain's Queen Elizabeth delivers her speech in the House of Lords, during the State Opening of Parliament at the Palace of Westminster in London.",,mal,voanews,VOA News,fake news,4fc122d5-a396-4ffe-9cc5-de60ecdb390a,article,MassiveSum
https://www.15min.lt/naujiena/laisvalaikis/ivairenybes/ukrainoje-is-2000km-istorijos-zygio-pasitrauke-raiteliu-vadas-video-61-117475,https://www.15min.lt/naujiena/laisvalaikis/ivairenybes/ukrainoje-is-2000km-istorijos-zygio-pasitrauke-raiteliu-vadas-video-61-117475,Ukrainoje iš „2000 km istorijos“ žygio pasitraukė raitelių vadas (video),,"„Atsinaujino senos rimtos ligos. Nemanau, kad taip nutiko dėl per didelio krūvio – jojame ne pirmą dieną. Labiau gal dėl gyvenimo ir oro sąlygų. Laikas, kurį praleidau čia buvo labai smagus, išvažiuoti tikrai gaila“, – teigia 49 metų pusė kelio vedęs visus raitelius V.Ruibys.

Žemaitukų žirgais Vytauto Didžiojo keliais iki Juodosios jūros jojantys aštuoni vyrai ir dvi moterys raiti keliauja jau dvidešimtą dieną. Likę raiteliai ir žirgai kol kas jaučiasi gerai ir yra pasiryžę pasiekti galutinį žygio tašką spalio viduryje.

Šeštadienį „2000 km istorijos“ žygio dalyvius ukrainiečiai pasitiko Lucke. Būtent čia turėjo būti karūnuotas Vytautas Didysis. Prieš trisdešimt metų restauruota Lucko pilis 1429 metų sausį buvo išgarsinta visoje Europoje, kai Vytautas Didysis sukvietė Europos monarchus ir surengė neregėto mąsto puotą.

Šio istorinės reikšmės suvažiavimo nepamiršo paminėti ir Lucko meras Bogdanas Šiba, susitikęs su žygio dalyviais. Neeiliniam iššūkiui pasiryžusius lietuvius Lucke taip pat sutiko Ukrainos žiniasklaida bei vietiniai gyventojai, niekaip negalintys patikėti, kad senovinius laikus menančiais rūbais pasipuošę keliautojai joja iki Juodosios jūros.

Savaitgalį sunegalavo Baltarusijoje prie žygeivių prisijungęs šuo Alšis. Ištikimu raitelių palydovu tapusiam šuniui ekspedicijos rengėjai parūpino veterinarinį pasą, jog Alšis galėtų drauge su keliautojais kirsti Baltarusijos – Ukrainos sieną. Rūpestingai lydėjęs jojikus visą kelią nuo pat Alšėnų, šuo apsirgo, tačiau kartu vykstantis veterinaras Audrius Kučinskas teigia, kad neturėtų būti nieko rimto ir po dabar gaunamo gydymo šunelis turėtų atsigauti.

VIDEO: 2000km istorijos zygis: 18 diena.mpg","Savaitgalį žygio „2000 km istorijos“ dalyviai pasiekė vieną svarbiausių kelionės taškų – Ukrainoje esantį Lucką. Raiteliams sėkmingai įveikus beveik pusė kelio iki Juodosios jūros,...",mal,15min,15Min,fake news,4f0dbf74-1a1f-41ef-a287-f78509c8f9fd,article,MassiveSum
https://www.madhyamam.com/local-news/kochi/612974,,"എം.ജി ബിരുദ പ്രവേശനം; ഏകജാലകത്തിലൂടെ രജിസ്​റ്റർ ചെയ്തത് 72,112 പേർ",,"കോട്ടയം: എം.ജി സർവകലാശാല ബിരുദ കോഴ്‌സുകൾക്ക് ഏകജാലക സംവിധാനത്തിലൂടെ 72,112 പേർ അപേക്ഷിച്ചതായി വൈസ് ചാൻസലർ പ്രഫ. സാബു തോമസ് പറഞ്ഞു. മേയ് 27നാണ് ഓൺലൈൻ രജിസ്‌ട്രേഷൻ അവസാനിച്ചത്. 37,549 പെൺകുട്ടികളും 34,540 ആൺകുട്ടികളും 23 ട്രാൻസ്ജെൻഡേഴ്സും അപേക്ഷ നൽകി. വിവിധ കോഴ്‌സുകൾക്കായി 8,65,792 ഓപ്ഷനുകളാണ് രജിസ്റ്റർ ചെയ്തിട്ടുള്ളത്. ബി.കോം കോഴ്‌സുകളിൽ ബി.കോം മോഡൽ I - ഫിനാൻസ് ആൻഡ് ടാക്‌സേഷൻ കോഴ്‌സിനാണ് ഏറ്റവുമധികം പേർ ഓപ്ഷൻ നൽകിയിട്ടുള്ളത് -1,12,345. പെൺകുട്ടികൾ -57,813, ആൺകുട്ടികൾ -54,521, ട്രാൻസ്ജെൻഡേഴ്സ് -11 എന്നിങ്ങനെയാണ് ഓപ്ഷൻ നൽകിയത്. മൊത്തം 1357 സീറ്റാണുള്ളത്. ബി.എ കോഴ്‌സുകളിൽ ബി.എ ഇക്കണോമിക്‌സ് മോഡൽ Iനാണ് ഏറ്റവുമധികം ഓപ്ഷനുകൾ. 1757 സീറ്റുകളിലേക്ക് 74,915 ഓപ്ഷനുകളാണ് ലഭിച്ചിട്ടുള്ളത്. പെൺകുട്ടികൾ -42,468, ആൺകുട്ടികൾ -32,443, ട്രാൻസ്ജെൻഡേഴ്സ് -നാല് എന്നിങ്ങനെയാണ് ഓപ്ഷൻ നൽകിയത്. 1333 സീറ്റുകളുള്ള ബി.എ ഇംഗ്ലീഷ് ലാംഗ്വേജ് ആൻഡ് ലിറ്ററേച്ചർ മോഡൽ Iന് 66,440 ഓപ്ഷനുകളാണ് നൽകിയിട്ടുള്ളത്. 435 സീറ്റുകളുള്ള ബി.എ മലയാളം ലാംഗ്വേജ് ആൻഡ് ലിറ്ററേച്ചർ മോഡൽ Iന് 22,864 ഓപ്ഷനുകളാണ് നൽകിയിട്ടുള്ളത്. ബി.എസ്‌സി കോഴ്‌സുകളിൽ കെമിസ്ട്രി മോഡൽ Iനാണ് ഏറ്റവുമധികം ഓപ്ഷനുകൾ നൽകിയിട്ടുള്ളത്. 1001 സീറ്റുകളിലേക്ക് 53,001 ഓപ്ഷനുകളാണ് ലഭിച്ചത്. പെൺകുട്ടികൾ -35,059, ആൺകുട്ടികൾ -17,942 എന്നിങ്ങനെയാണിത്. 729 സീറ്റുകളുള്ള ബി.എസ്‌സി സുവോളജി മോഡൽ Iന് 50,087 ഓപ്ഷനുകളാണ് ലഭിച്ചത്. ബി.എസ്‌സി ഫിസിക്‌സ് മോഡൽ Iന് 47,942 ഓപ്ഷനുകളാണ് നൽകിയിട്ടുള്ളത്. മൊത്തം 945 സീറ്റുകളാണ് ഇതിനുള്ളത്. 2,334 സീറ്റുകളുള്ള ബി.ബി.എക്ക് 35,364 ഓപ്ഷനുകളാണ് നൽകിയിട്ടുള്ളത്. ബി.സി.എക്ക് 18,572 ഓപ്ഷനുകളാണ് നൽകിയിട്ടുള്ളത്. മൊത്തം 1,985 സീറ്റാണുള്ളത്.","കോട്ടയം: എം.ജി സർവകലാശാല ബിരുദ കോഴ്‌സുകൾക്ക് ഏകജാലക സംവിധാനത്തിലൂടെ 72,112 പേർ അപേക്ഷിച്ചതായി വൈസ് ചാൻസലർ പ്രഫ. സാബു തോമസ് പറഞ്ഞു. മേയ് 27നാണ് ഓൺലൈൻ രജിസ്‌ട്രേഷൻ അവസാനിച്ചത്. 37,549 പെൺകുട്ടികളും...",mal,madhyamam,Madhyamam,fake news,79ce69c7-1e10-4374-a690-85d07f3f6c5c,article,MassiveSum
https://www.madhyamam.com/news/367076/150821,,സി.ഇ.ടിയില്‍ വിദ്യാര്‍ഥിനിയുടെ മരണം: രണ്ടാമത്തെ ജീപ്പ് കണ്ടെടുത്തു,,"??????????: ????????????? ??????????? ???????? ??????????????? ??????????? ???????????? ?????????? ?????? ??????? ???????????. ????????????? ?????????????? ???????? ?????? ????????????. ???????? ?????? ?????????? ??????? ??????? ?????? ????????? ??????? ?????????????????. ???????, ‘?????????’ ???? ??????? ????? ?????? ????????????????????. ??? ????? ??????????????????????? ??????? ???????????????????. ?????? ???????????? ???? ????????? ????????? ?????? ??????? ???? ?????? ?????????? ???????????? ???????? ??????? ????????? ???????????????. ????????? ??????????? ?????????. ????? ?????????????? ???????????? 12 ???? ???????? ??????. ?????? ??????? ?????????????????? ???????? ???? ????? ??????? ?????????? ????????????? ???????????? ???????????? ??????? ???????????????????. ?????????? ??.?.?? ??????????? ??????? ??????????????? ??????????? ?????? ???????????? ?????????? ????? ??????????? ?????? ????????? ??????????? ????? ????????????? ????????. ???????? ????????? ?????????????????? ???????????? ??????? ???????? ?????? ?????.",??????????: ????????????? ??????????? ???????? ??????????????? ??????????? ???????????? ?????????? ?????? ??????? ???????????. ????????????? ?????????????? ???????? ?????? ????????????. ????????...,mal,madhyamam,Madhyamam,fake news,af539f2e-0fc5-4b7e-b2c5-d0e8d521129b,article,MassiveSum
https://www.15min.lt/naujiena/aktualu/pasaulis/atsistatydino-burkina-faso-prezidentas-57-463706,https://www.15min.lt/naujiena/aktualu/pasaulis/atsistatydino-burkina-faso-prezidentas-57-463706,Atsistatydino Burkina Faso prezidentas,,"Jis siūlo „laisvus ir skaidrius“ rinkimus surengti per 90 dienų.

Per televiziją „Burkina 24“ žinią apie atsistatydinimą pranešė prezidento apsaugos karininkas. Pulkininkas leitenantas Issaac Zida kalbėjo centrinėje Tautos aikštėje „Place de la Nation“ šalies sostinėje Vagadugu dešimtims tūkstančių džiugiai šią žinią sutikusių žmonių, susirinkusių reikalauti B.Compaorės atsistatydinimo po aršių protestų ketvirtadienį.

Anksčiau penktadienį matytas iki dantų ginkluotas konvojus, kuris, matyt, išvežė B.Compaorę į pietinį šalies miestą Po, esantį netoli sienos su Gana, nurodė du diplomatiniai šaltiniai ir vietinė žiniasklaida.

Radijas „Omega“ atskirai pranešė, kad prezidentas B.Compaore paskelbė pareiškimą, kuriuo pranešama apie jo atsistatydinimą bei nurodoma, kad šalies vadovo postas yra laisvas.

Burkina Faso ginkluotųjų pajėgų vadas generolas Honore Traore netrukus paskelbė perimąs šios Vakarų Afrikos šalies valdymą, atsistatydinus prezidentui B.Compaorei.","Burkina Faso prezidentas Blaise'as Compaore po šalyje kilusių protestų penktadienį atsistatydino, nurodoma oficialiame pranešime.",mal,15min,15Min,fake news,132ecc34-4b5d-41a5-8ec6-2909024b426e,article,MassiveSum
https://www.madhyamam.com/india/flood-relief-karnataka-will-get-1869-crore-india-news/659525,,പ്രളയ ദുരിതാശ്വാസം: കർണാടകക്ക്​ ​1869 കോടി രൂപ കൂടി കേന്ദ്രസഹായം,,"ബംഗളൂരു: പ്രളയ ദുരിതാശ്വാസ പ്രവര്‍ത്തനങ്ങള്‍ക്കുള്ള രണ്ടാം ഘട്ട കേന്ദ്ര സഹായമായി കർണാടകക്ക് 1869.85 കോടി രൂപ അനു വദിച്ചു. ഒക്‌ടോബറില്‍ ആദ്യ ഘട്ടമായി 1200 കോടി അനുവദിച്ചിരുന്നു. സംസ്ഥാനത്തെ 22 ജില്ലകളിലെ 103 താലൂക്കുകളിലായി ഏകദേശ ം 35,161 കോടി രൂപയുടെ നഷ്​ടമാണ് വിലയിരുത്തിയിരിക്കുന്നത്. പ്രളയ ദുരിതം നേരിട്ട മുഴുവന്‍ കുടുംബങ്ങള്‍ക്കും ആദ്യ ധനസഹായമായി 10,000 രൂപ സംസ്ഥാന സര്‍ക്കാര്‍ നല്‍കിയിരുന്നു.

കഴിഞ്ഞ ദിവസം സംസ്ഥാനം സന്ദര്‍ശിച്ച പ്രധാനമന്ത്രി നരേന്ദ്ര മോദിക്കു മുമ്പാകെ പ്രളയ ദുരിതാശ്വാസ പ്രവര്‍ത്തനങ്ങള്‍ക്ക് 50,000 കോടി രൂപ അനുവദിക്കണമെന്നും വേണ്ടത്ര തുക ഇതുവരെ ലഭിച്ചില്ലെന്നും​ മുഖ്യമന്ത്രി ബി.എസ്​. യെദിയൂരപ്പ ചൂണ്ടിക്കാട്ടിയിരുന്നു. പ്രളയ ദുരിതാശ്വാസ ഫണ്ട്​ കേന്ദ്രം അനുവദിക്കാത്തതിനെ പ്രതിപക്ഷം വിമർശിച്ചിരുന്നു.

ബി.ജെ.പി ഭരിക്കുന്ന സംസ്​ഥാനത്തെപ്പോലും കേന്ദ്രത്തിലെ ബി.ജെ.പി സർക്കാർ തഴയുകയാണെന്ന്​ കുറ്റപ്പെടുത്തിയ പ്രതിപക്ഷ നേതാവ്​ സിദ്ധരാമയ്യ, കേന്ദ്രം ഒക്​ടോബറിൽ അനുവദിച്ച 1200 കോടിയിൽ 303 കോടി രൂപ സംസ്​ഥാന ദുരന്തനിവാരണ ഫണ്ടായി എല്ലാ വർഷവും ലഭിക്കുന്നതാണെന്ന്​ ചൂണ്ടിക്കാട്ടിയിരുന്നു.",ബംഗളൂരു: പ്രളയ ദുരിതാശ്വാസ പ്രവര്‍ത്തനങ്ങള്‍ക്കുള്ള രണ്ടാം ഘട്ട കേന്ദ്ര സഹായമായി കർണാടകക്ക് 1869.85 കോടി രൂപ അനു   വദിച്ചു. ഒക്‌ടോബറില്‍ ആദ്യ ഘട്ടമായി 1200 കോടി അനുവദിച്ചിരുന്നു. സംസ്ഥാനത്തെ 22...,mal,madhyamam,Madhyamam,fake news,487ffc9a-9d9f-4888-951b-aa2e2ee26e7c,article,MassiveSum
https://lao.voanews.com/a/5455261.html,https://lao.voanews.com/a/5455261.html,ໂຄວິດ-19 ເຮັດໃຫ້ແຜນການ ເຈລະຈາກັບຈີນ ຂອງຫວຽດນາມ ເລື້ອງທະເລຈີນໃຕ້ ປ່ຽນແປງ ແບບໃດ,,"ການລະບາດຂອງໄວຣັສໂຄໂຣນາພາໃຫ້ຜິດຫວັງທີ່ວ່າຫວຽດນາມຈະເອົາບົດບາດ ການນຳພາທີ່ສຳຄັນໆ ຢູ່ໃນກຸ່ມຈັດຕັ້ງຂອງບັນດາປະເທດທີ່ຢູ່ໃນຂົງເຂດປີນີ້ເພື່ອ ຈະຊ່ວຍແກ້ໄຂບັນຫາຂັດແຍ້ງ ທີ່ຍັງຄ້າງຄາ ກ່ຽວກັບອະທິປະໄຕທາງທະເລກັບຈີນ.

ຫວຽດນາມເປັນປະທານວຽນ ຂອງສະມາຄົມບັນດາປະຊາຊາດໃນເຂດເອເຊຍຕາເວັນອອກສຽງໃຕ້ ທີ່ມີສະມາຊິກ 10 ປະເທດ ໃນຕະຫຼອດປີ 2020 ຊຶ່ງເປັນໂອກາດນຶ່ງຄັ້ງໃນຮອບທຸກໆ 10 ປີ ສຳລັບສະມາຊິກແຕ່ລະປະເທດທີ່ຢູ່ໃນກຸ່ມ. ສະມາຄົມ ຊຶ່ງເປັນທີ່ຮູ້ກັນດີໃນຊື່ ອາຊ່ຽນ ບາງຄັ້ງໄດ້ໃຊ້ຖະແຫຼງການ ແລະການເຈລະຈາເພື່ອກົດດັນປັກກິ່ງ ໃນການອ້າງເອົາກຳມະສິດ ຢູ່ທະເລຈີນໃຕ້. ສະມາຊິກຂອງອາຊ່ຽນ ຮວມທັງບຣູນາຍ ມາເລເຊຍ ຟີລິບປິນ ແລະຫວຽດນາມ ຕ່າງກໍມີ ການຂັດແຍ້ງ ໃນການອ້າງເອົາກຳມະສິດຂອງຈີນ. ຫວຽດນາມເປັນປະເທດທີ່ກ້າ ປາກກ້າເວົ້າຫຼາຍກວ່າໝູ່.

ແຕ່ການປະຊຸມທາງອອນລາຍນ໌ ແບບທີ່ສະມາຊິກຂອງອາຊ່ຽນໄດ້ໃຊ້ກັນມາໃນປີນີ້ ເນື່ອງຈາກຄວາມເປັນຫ່ວງກັງວົນ ຍ້ອນການລະບາດຂອງໄວຣັສໂຄໂຣນານັ້ນມີທ່າທາງວ່າ ຈະບໍ່ມາດຈະໃຫ້ຜົນພໍ ທີ່ເປັນແຮງກະຕຸ້ນທາງດ້ານການທູດໄດ້ ອີງຕາມຄຳເວົ້າຂອງພວກນັກຊ່ຽວຊານ.

ການປະຊຸມແບບໜ້າຕໍ່ໜ້າ ເຮັດໃຫ້ເກີດມີຄວາມໄວ້ເນື້ອເຊື່ອໃຈຫຼາຍກວ່າ ດ້ວຍເຫດຜົນດັ່ງກ່າວຈຶ່ງພາໃຫ້ມີການຕົກລົງກັນຫຼາຍຂຶ້ນ ຊຶ່ງບໍ່ວ່າເຫດການໃດກໍຕາມທີ່ເກີດຂຶ້ນ ແມ່ນຈະເພັ່ງເລັງໃສ່ເລື້ອງການຮັບມືກັບໄວຣັສໂຄໂຣນາ ແທນທີ່ຈະແມ່ນເລື້ອງພູມສາດການເມືອງ ນັ້ນຄືຄວາມເຊື່ອຂອງພວກນັກຊ່ຽວຊານ.

ທ່ານ Eduardo Araral ຮອງສາສະດາຈານ ທີ່ສະຖາບັນນະໂຍບາຍສາທາລະນະ ຂອງມະຫາວິທະຍາໄລແຫ່ງຊາດສິງກະໂປ ກ່າວວ່າ “ມັນຕ່າງກັນ ຖ້າທ່ານມີກອງປະຊຸມ ແບບໜ້າຕໍ່ໜ້າ ທຽບໃສ່ກັບກອງປະຊຸມທາງອອນລາຍນ໌ ແຕ່ເຖິງແມ່ນວ່າ ມີການພົບປະແບບໜ້າຕໍ່ໜ້າ ເກີດຂຶ້ນຈິງ ຂ້າພະເຈົ້າຄິດວ່າ ຄວາມຄິດຄວາມເຫັນຂອງພວກລັດຖະມົນຕີເຫຼົ່ານີ້ ແມ່ນຈະເພັ່ງເລັງໃສ່ເລື້ອງໂຣກລະບາດແທນທີ່ຈະເປັນເລື້ອງທະເລຈີນໃຕ້.”",ຫວຽດນາມ ເປັນປະທານວຽນ ຂອງສະມາຄົມອາຊ່ຽນ ໃນຕະຫຼອດປີ 2020 ຊຶ່ງເປັນໂອກາດນຶ່ງຄັ້ງ ໃນຮອບທຸກໆ 10 ປີໃດ ສຳລັບສະມາຊິກ ແຕ່ລະປະເທດ ທີ່ຢູ່ໃນກຸ່ມ.,mal,voanews,VOA News,fake news,50378bc2-615f-4c46-8e9b-443ce849d58e,article,MassiveSum
https://nra.lv/latvija/regionos/70692-valsts-svetkos-jauna-tradicija-militara-parade-regionos.htm,https://nra.lv/latvija/regionos/70692-valsts-svetkos-jauna-tradicija-militara-parade-regionos.htm,Valsts svētkos jauna tradīcija: militārā parāde reģionos,,"Šodien aizsardzības ministrs Artis Pabriks, Nacionālo bruņoto spēku (NBS) komandieris ģenerālmajors Raimonds Graube, karavīri, zemessargi un jaunsargi aicina ikvienu Latvijas iedzīvotāju apmeklēt valsts Neatkarības atjaunošanas dienai veltītos pasākumus bruņoto spēku dienā Rēzeknē.

Par godu Latvijas dzimšanasdienai Rēzeknē notiks militārā parāde. Turpmāk katru gadu šajā datumā parādes notiks citā Latvijas reģionā un ar tām Aizsardzības ministrija iecerējusi stiprināt iedzīvotājos patriotismu.

Plkst.12, pie Latgales Atbrīvošanas pieminekļa ""Vienoti Latvijai"", notiks militārā parāde, kurā piedalīsies ne tikai 2.Zemessardzes novada, bet arī Valsts robežsardzes vienības. Parādi komandēs 2.Zemessardzes novada komandieris pulkvežleitnants Aivars Valeniks. To noslēgs bruņoto spēku un Valsts robežsardzes tehnikas un transporta demonstrējums. Lidojumam labvēlīgos laika apstākļos būs vērojami Gaisa spēku aviācijas bāzes un Valsts robežsardzes helikopteri.

""Līdz šim militārās parādes pārsvarā notikušas tikai Rīgā, tomēr ne visiem ir iespēja apmeklēt galvaspilsētu 11.novembrī vai 18.novembrī, tāpēc Aizsardzības ministrija un bruņotie spēki pieņēma lēmumu 4.maijā radīt svētku sajūtu reģionu iedzīvotājiem, katru gadu organizējot militāro parādi citā Latvijas novadā, tādējādi sniedzot iespēju Latvijas iedzīvotājiem iepazīties ar karavīru un zemessargu dienestu,"" norāda aizsardzības ministrs, uzsverot: ""ceru, ka šie pasākumi vairos cieņu pret Latvijas armiju un raisīs patriotiskas jūtas pret mūsu zemi.""

Arī ģenerālmajors R.Graube aicina ikvienu Latvijas iedzīvotāju 4.maijā apmeklēt bruņoto spēku dienu Rēzeknē: ""Vēlos, lai 4.maijs ir svētki visiem Latvijas iedzīvotājiem. Latgales reģions Latvijas vēstures līkločos ir spēlējis izšķirošu lomu daudzās Brīvības cīņas, tāpēc esmu patiesi gandarīts, ka šogad militārā parāde notiek Rēzeknē. Bruņotajos spēkos dien daudz ļoti profesionālu un pašaizliedzīgu karavīru tieši no Latgales. Pateicoties viņu uzņēmībai, mēs salīdzinoši īsā laikā esam sasnieguši daudzas izvirzīto uzdevumu virsotnes un izveidojuši savas valsts bruņotos spēkus par profesionālu sistēmu"".

Plkst.13, pilsētas stadionā notiks bruņoto spēku organizēta izstāde. Ikviens tās apmeklētājs varēs vērot NBS orķestra priekšnesumu un jaunsargu defilē. Izstādē varēs apskatīt bruņoto spēku regulāro vienību – Sauszemes spēku kājnieku brigādes, Mācību vadības pavēlniecības, Zemessardzes, Militārās policijas, Gaisa spēku aviācijas bāzes un Jūras spēku flotiles ieročus, ekipējumu un militāro tehniku, kā arī varēs apmeklēt Valsts robežsardzes koledžas informatīvo stendu.

Izstādes laikā Rekrutēšanas un jaunsardzes centra stendā varēs aizpildīt un iesniegt pieteikuma anketu dienestam bruņotajos spēkos.

Bruņoto spēku dienas izskaņā, plkst.16, Rēzeknes kultūras namā notiks koncerts, kurā pirmo reizi plašākai publikai uzstāsies arī pērn izveidotais Zemessardzes orķestris.","Šodien aizsardzības ministrs Artis Pabriks, Nacionālo bruņoto spēku (NBS) komandieris ģenerālmajors Raimonds Graube, karavīri, zemessargi un jaunsargi aicina ikvienu Latvijas iedzīvotāju apmeklēt valsts Neatkarības atjaunošanas dienai veltītos pasākumus bruņoto spēku dienā Rēzeknē.",mal,nra,NRA,fake news,6d035d9b-e2a7-4ab9-8937-b3960bffd7c7,article,MassiveSum
https://lao.voanews.com/a/palestinians-say-israeli-airstrikes-kill-in-gaza/2427219.html,https://lao.voanews.com/a/palestinians-say-israeli-airstrikes-kill-in-gaza/2427219.html,ການໂຈມຕີຂອງອິສຣາແອລ ໄດ້ສັງຫານ ຢ່າງໜ້ອຍ 5 ຄົນ ໃນເຂດກາຊາ (ວີດີໂອ/ສະໄລດ໌),,"ບັນດາ​ເຈົ້າ​ໜ້າທີ່​ປາ​ແລ​ສ​ໄຕ​ນ໌ ກ່າວ​ວ່າ ການ​ໂຈມ​ຕີ​ຂອງ​ອິສຣາ​ ແອ​ລ​ໃນ​ເຊົ້າວັນ​ຈັນ​ມື້​ນີ້ ​ໄດ້​ສັງຫານ​ປະຊາຊົນ 5 ຄົນ​ໃນ​ເຂດ​ກາ ຊາ ​ໃນ​ຂະນະ​ທີ່​ການ​ສູ້​ລົບ​ກັນ​ລະຫວ່າງ​ສອງ​ຝ່າຍດຳ​ເນີນ​ສືບ​ຕໍ່​ ໄປ ​ເປັນ​ມື້​ທີ 49.

ກອງທັບ​ອິສຣາ​ແອ​ລ ກ່າວ​ວ່າ ຕົນ​ໄດ້​ທຳ​ການ​ໂຈມ​ຕີ​ທາງ​ອາກາດ 16 ຄັ້ງ​ໃນ​ວັນ​ຈັນ​ມື້​ນີ້ ຊຶ່ງ​ເປົ້າ​ໝາຍ​ແມ່ນຮວມທັງ​ໂບດ​ສອງ​ແຫ່ງ ໃນ​ເຂດ​ກາຊາ.

ການ​ໂຈມ​ຕີ​ທາງ​ອາກາດ​ຄັ້ງ​ຫລ້າ​ສຸດນີ້ ມີ​ຂຶ້ນ​ນຶ່ງ​ມື້ ​ຫລັງ​ຈາກ ນາຍົກລັດຖະມົນຕີ Benjamin Netanyahu ​ໄດ້​ບອກ​ຊາວ ​ອິສຣາ​ແອ​ລໃຫ້​ກະກຽມ​ເພື່ອ​ສົງຄາມ​ທີ່ຈະ​ດຳ​ເນີນໄປ​ຈົນ​ຮອດ​ເດືອນ​ກັນຍາ ​ແລະ​ເຕືອນ​ປະຊາຊົນ​ໃນ​ເຂດ​ກາຊາ​ໃຫ້​ພາກັນ​ໜີ​ອອກ​ຈາກ​ສະຖານທີ່​ຕ່າງໆ ອັນ​ເປັນບ່ອນ​ທີ່​ພວກ ​ກຸ່ມ​ຫົວ​ຮຸນ​ແຮງ​ຮາ​ມັສ ປະຕິບັດ​ງານ​ຢູ່​ນັ້ນ. ທ່ານ Netanyahu ກ່າວ​ວ່າ ບ່ອນ​ໃດ​ກໍ​ຕາມ ​ທີ່​ພວກ​ຮາ​ມັສ​ນຳໃຊ້​ນັ້ນ ຈະ​ຕົກ​ເປັນ​ເປົ້າ​ໝາຍ​ຂອງ​ກຳລັງ​ຂອງ​ອິສຣາ​ແອ​ລ.

ອິສຣາ​ແອ​ລໄດ້​ແນ​ເປົ້າ​ໝາຍ​ ໃສ່​ຄະນະ​ນຳພາ​ຂອງ​ກຸ່ມ​ຮາ​ມັສອີກ ​ໃນ​ວັນ​ອາທິດ​ວານ​ນີ້ ​ ໂດຍ​ໄດ້​ສັງຫານ​ເຈົ້າ​ໜ້າ​ທີ່​ການ​ເງິນ​ທີ່​ສຳຄັນ​ຄົນ​ນຶ່ງ ທີ່​ອິສຣາ​ແອ​ລກ່າວ​ວ່າ ​ເປັນ​ຜູ້​ຮັບ ຜິດຊອບໃນ “ການ​ໂອນ​ເງິນ ​ໃຫ້​ພວກ​ກໍ່​ການ​ຮ້າຍ​ນັ້ນ.”

ກອງທັບ​ອິສຣາ​ແອ​ລ ກ່າວ​ວ່າ ການ​ໂຈມ​ຕີ​ທາງ​ອາກາດ​ບັ້ນ​ນຶ່ງ​ໃສ່​ລົດ​ຄັນ​ນຶ່ງ ​ໄດ້​ສັງຫານ ນາຍ Mohammed al-Ghoul ທີ່​ເມືອງກາຊາ ​ ​ພຽງ​ບໍ່​ເທົ່າໃດ​ມື້ ຫຼັງ​ຈາກ​ການ​ໂຈມ​ຕີ​ ບັ້ນ​ນຶ່ງ ໄດ້​ສັງຫານ​ຜູ້​ບັນຊາ​ການ 3 ຄົນ​ຂອງກຸ່ມ​ຮາ​ມັສ.

ອິສຣາ​ແອ​ລ ບັນ​ລະ​ຍາຍນາຍ Ghoul ວ່າ “ຜູ້​ມີ​ບົດບາດ​ທີ່​ສຳຄັນ ຄົນ​ນຶ່ງ​ຂອງ​ກຸ່ມ​ຮາ​ ມັສ” ທີ່​ໄດ້​ຊ່ອຍ​ໂອນ​ເງິນ​ໄປ​ສ້າງ​ໂຄງ​ລ່າງ​ພື້ນຖານ​ຂອງ​ກຸ່ມ​ກໍ່​ການ​ຮ້າຍໃນ​ເຂດ​ກາຊາ ຮວມທັງ​ພວກ​ອຸ​ໂມງ​ຕ່າງໆ ທີ່​ໃຊ້​ໂດ​ຍພວກ​ຫົວ​ຮຸນ​ແຮງ​ຮາ​ມັສ ​ເພື່ອ​ລັກລອບ​ເຂົ້າໄປ​ທຳ ​ການ​ໂຈມ​ຕີ​ໃນ​ອິສຣາ​ແອ​ລ. ພວກ​ທີ່​ເຫັນ​ເຫດການ ກ່າວວ່າ ​ມີ​ການ​ພົບ​ເຫັນເງິນດອລ​ ລ່າ​ສະຫະລັດ ​ຢູ່​ໃນ​ລົດຂອງ​ຜູ້ກ່ຽວ​ ທີ່ຖືກ​ທຳລາຍນັ້ນ.","ການໂຈມຕີຂອງອິສຣາແອລ ໃນມື້ນີ້ ແມ່ນມີຂຶ້ນນຶ່ງມື້ ຫຼັງຈາກນາຍົກລັດຖະມົນຕີ ເນທັນຢາຮູ
ບອກໃຫ້ ປະຊາຊົນອິສຣາແອລ ຕຽມພ້ອມ ສຳຫລັບສົງຄາມ ທີ່ຈະດຳເນີນໄປ ຮອດເດືອນກັນຍາ.",mal,voanews,VOA News,fake news,52e8ad22-5996-4ec9-b544-be0c75572279,article,MassiveSum
https://www.madhyamam.com/world/asia-pacific/hindu-girl-allegedly-kidnapped-forcibly-converted-pakistan-world-news/661792,,‘മാതാപിതാക്കളിൽ നിന്നും ഹിന്ദു സമൂഹത്തിൽ നിന്നും രക്ഷിക്കണം’; പാകിസ്​താനിൽ മതംമാറിയ ഹിന്ദു പെൺകുട്ടി,,"ഇസ്​ലാമാബാദ്​: മുസ്​ലിം യുവാവിനെ സ്​നേഹിച്ച്​ മതംമാറ്റം നടത്തി കല്യാണം കഴിച്ച തന്നെ മാതാപിതാക്കളിൽ നിന്നും ഹിന്ദു സമൂഹത്തിൽ നിന്നും രക്ഷിക്കണമെന്ന്​ പാക്​ പെൺകുട്ടിയുടെ അഭ്യർഥന. സിന്ധ്​ പ്രവിശ്യയിലെ ജകോബബാദിൽ നിന് നും ബുധനാഴ്​ച കാണാതായ അരോക്​ കുമാരിയാണ്​ ഭർത്താവ്​ അലി റാസക്കൊപ്പം ഈ അഭ്യർഥനയുമായി വീഡിയോ പുറത്തുവിട്ടത് ​.

താൻ സ്വമേധയാ മതം മാറിയെന്നും അലീസ എന്ന പേര്​ സ്വീകരിച്ചെന്നും വീഡിയോയിൽ പറയുന്നു. ‘എനിക്ക്​ 18 വയസ്സായി. സ്വന്തം ഇഷ്​ടപ്രകാരമാണ്​ ഞാൻ ഇസ്​ലാം മതം സ്വീകരിച്ചത്​. തുടർന്ന്​ ഭീഷണി ഉള്ളതിനാൽ എന്നെ മാതാപിതാക്കളിൽ നിന്നും ഹിന്ദു സമൂഹത്തിൽ നിന്നും രക്ഷിക്കണം’- അരോക്​ കുമാരി പറയുന്നു.

ഈ ആവശ്യമുന്നയിച്ച്​ താനും ഭർത്താവു​ം കോടതിയെ സമീപിച്ചിട്ടു​ണ്ടെന്നും അവർ വ്യക്​തമാക്കി. അ​മ്രോത്​ ശെരീഫ്​ ദർഗയിൽ വെച്ചാണ്​ മതംമാറ്റവും വിവാഹവും നടന്നതെന്നും വീഡിയോയിലുണ്ട്. അതേസമയം, പെൺകുട്ടിയെ അലിയും വീട്ടുകാരും തട്ടിക്കൊണ്ടുപോയി നിർബന്ധിച്ച്​ മതംമാറ്റുകയാണെന്ന ആരോപണവുമായി വീട്ടുകാർ രംഗത്തെത്തി.

നൻകി കുമാരി, മെഹക്​ കുമാരി എന്നൊക്കെ വിളിക്കപ്പെടുന്ന അരോക്​ കുമാരിക്ക്​ 15 വയസ്​ കഴിഞ്ഞതേയുള്ളുയെന്നും ഒമ്പതാം ക്ലാസിലാണ്​ പഠിക്കുന്നതെന്നും വീട്ടുകാർ ചൂണ്ടിക്കാട്ടുന്നു. ഹിന്ദു സമൂഹത്തിൽ നിന്ന്​ അടുത്തിടെ 50 കുട്ടികളെ ഇത്തരത്തിൽ തട്ടിക്കൊണ്ടുപോയി മതംമാറ്റിയിട്ടുണ്ടെന്നാണ്​ അവർ ആരോപിക്കുന്നത്​. ഇത്​ തടഞ്ഞ്​ ന്യൂനപക്ഷങ്ങളെ രക്ഷിക്കാൻ പ്രധാനമന്ത്രി ഇമ്രാൻ ഖാൻ തയാറാകണമെന്നും വീട്ടുകാർ ആവശ്യ​പ്പെടുന്നു.

സിന്ധ് പ്രവിശ്യയിൽ ഇത്തരം സംഭവങ്ങൾ ആവർത്തിക്ക​ുന്നത്​ ഇമ്രാൻ ഖാൻ സർക്കാറിന്​ തലവേദനയാകുന്നുണ്ട്​.",ഇസ്​ലാമാബാദ്​: മുസ്​ലിം യുവാവിനെ സ്​നേഹിച്ച്​ മതംമാറ്റം നടത്തി കല്യാണം കഴിച്ച തന്നെ മാതാപിതാക്കളിൽ നിന്നും   ഹിന്ദു സമൂഹത്തിൽ നിന്നും രക്ഷിക്കണമെന്ന്​ പാക്​ പെൺകുട്ടിയുടെ അഭ്യർഥന. സിന്ധ്​...,mal,madhyamam,Madhyamam,fake news,d4179768-ad1d-4ed1-87bd-90390ef6950d,article,MassiveSum
https://www.madhyamam.com/local-news/kannur/2017/dec/05/389459,,സി.പി.എം പ്രവർത്തകർക്കു നേരെ ബോം​േബറ്​: ബി.ജെ.പി പ്ര വർത്തകൻ അറസ്​റ്റിൽ,,"കണ്ണൂർ: കക്കാട് ഒണ്ടേൻപറമ്പിൽ കഴിഞ്ഞദിവസമുണ്ടായ സംഘർഷത്തിനിടെ സി.പി.എം പ്രവർത്തകർക്ക് നേരെ ബോംെബറിഞ്ഞ സംഭവത്തിൽ ബി.ജെ.പി പ്രവർത്തകൻ അറസ്റ്റിൽ. എടെച്ചാവ്വയിലെ പി. അജിത്തിനെയാണ് (52) ടൗൺ പൊലീസ് അറസ്റ്റ്ചെയ്തത്. അക്രമത്തിന് ആസൂത്രണംചെയ്തത് അജിത്തി​െൻറ വീട്ടിൽനിന്നാണെന്ന് െപാലീസ് പറഞ്ഞു. കക്കാട് ബോണ സൂപ്പർമാർക്കറ്റിന് സമീപം സി.പി.എം ജില്ല സമ്മേളനത്തി​െൻറ പ്രചാരണാർഥം ഇലക്ട്രിക് പോസ്റ്റിൽ ചുവന്ന പെയിൻറ് അടിച്ചിരുന്നു. ഇത് പൊലീസെത്തി കരിഒായിലടിച്ചു. സി.പി.എം പ്രവർത്തകരുടെ പേരിൽ കേസെടുത്തിരുന്നു. എന്നാൽ, ഇവിടെ ബി.ജെ.പി പ്രവർത്തകർ കാവി പെയിൻറടിച്ചതോടെ സി.പി.എം പ്രവർത്തകർ സംഘടിച്ച് എതിർക്കുകയായിരുന്നു. അതിനിടെ സംഘർഷം തടയാനെത്തിയ െപാലീസിനും സി.പി.എം പ്രവർത്തകർക്കും നേരെ അക്രമികൾ സ്റ്റീൽബോംബുകളെറിയുകയായിരുന്നു.",കണ്ണൂർ:  കക്കാട് ഒണ്ടേൻപറമ്പിൽ കഴിഞ്ഞദിവസമുണ്ടായ സംഘർഷത്തിനിടെ സി.പി.എം പ്രവർത്തകർക്ക് നേരെ ബോംെബറിഞ്ഞ സംഭവത്തിൽ ബി.ജെ.പി പ്രവർത്തകൻ അറസ്റ്റിൽ. എടെച്ചാവ്വയിലെ പി. അജിത്തിനെയാണ് (52) ടൗൺ പൊലീസ്...,mal,madhyamam,Madhyamam,fake news,128d3add-37f2-4f23-860e-42423cc530e1,article,MassiveSum
https://www.dengiamerika.com/a/3566391.html,https://www.dengiamerika.com/a/3566391.html,به‌رنامه‌کانی کاژمێری دووه‌م,,هه‌واڵه‌کان، ڕاپـۆرت، وتووێژ، سه‌رگوتاری ڕۆژانه‌‌ که‌ تیایدا ڕاوبۆچوونی حکومه‌تی ئه‌مه‌ریکا ده‌خرێته‌ ڕوو.,هه‌واڵه‌کان، ڕاپـۆرت، وتووێژ، سه‌رگوتاری ڕۆژانه‌‌ که‌ تیایدا ڕاوبۆچوونی حکومه‌تی ئه‌مه‌ریکا ده‌خرێته‌ ڕوو.,mal,dengiamerika,Dengi Amerika,fake news,2e0df188-2007-44b8-b87a-4e4d7e353ba5,article,MassiveSum
https://www.madhyamam.com/kerala/uduma-school-management-about-covid-quarantine-kerala-news/697217,,ക്വാറൻറീനിൽ പ്രവേശിപ്പിച്ചില്ലെന്ന പ്രചാരണം അടിസ്ഥാനരഹിതം -സ്കൂൾ മാനേജ്മെൻറ്,,"ഉ​ദു​മ: പ​ടി​ഞ്ഞാ​ർ ജ​മാ​അ​ത്തി​നു കീ​ഴി​ലു​ള്ള ജെം​സ് സ്കൂ​ളി​ലൊ​രു​ക്കി​യ ക്വാ​റ​ൻ​റീ​ൻ കേ​ന്ദ്ര​ത്തി​ൽ മ​താ​ടി​സ്ഥാ​ന​ത്തി​ലാ​ണ് പ്ര​വേ​ശ​ന​മെ​ന്ന പ്ര​ചാ​ര​ണം അ​ടി​സ്ഥാ​ന​ര​ഹി​ത​മാ​ണെ​ന്ന് സ്കൂ​ൾ മാ​നേ​ജ്മ​​െൻറ്​ അ​റി​യി​ച്ചു.

ഹൈ​ന്ദ​വ മ​ത​വി​ശ്വാ​സി​ക്ക് മു​സ്​​ലിം ക്വാ​റ​ൻ​റീ​ൻ കേ​ന്ദ്ര​ത്തി​ൽ താ​മ​സി​ക്കാ​ൻ ഇ​ടം​ന​ൽ​കി​യി​ല്ലെ​ന്നാ​ണ് വ്യാ​പ​ക പ്ര​ചാ​ര​ണം ന​ട​ക്കു​ന്ന​ത്. ക്വാ​റ​ൻ​റീ​ൻ സൗ​ക​ര്യ​ങ്ങ​ൾ ഒ​രു​ക്കി​യ​ത് ത​ങ്ങ​ളു​ടെ മ​ത​വി​ശ്വാ​സി​ക​ൾ​ക്കു​വേ​ണ്ടി മാ​ത്ര​മ​ല്ല, വി​ദേ​ശ​ത്തു​നി​ന്ന് തി​രി​ച്ചു​വ​രു​ന്ന ഓ​രോ പ്ര​വാ​സി​ക്കും വേ​ണ്ടി​യാ​ണ്. അ​ധി​കൃ​ത​രു​ടെ ആ​ശ​യ​വി​നി​മ​യ​ത്തി​ലു​ണ്ടാ​യ പ്ര​ശ്ന​മാ​ണ് ചി​ല​ർ രാ​ഷ്​​ട്രീ​യ​വ​ത്​​ക​രി​ക്കു​ന്ന​തും മ​ത​വ​ത്ക​രി​ക്കു​ന്ന​തും. മു​ഖ്യ​മ​ന്ത്രി​യു​ടെ ആ​ഹ്വാ​നം ഏ​റ്റെ​ടു​ത്ത് നൂ​റു​ക​ണ​ക്കി​ന് മ​ത​സ്ഥാ​പ​ന​ങ്ങ​ൾ സ്വ​മേ​ധ​യാ വി​ട്ടു​കൊ​ടു​ത്ത വി​വി​ധ മു​സ്​​ലിം സം​ഘ​ട​ന​ക​ളു​ടെ ചു​വ​ടു​പി​ടി​ച്ചാ​ണ് ജെം​സ് സ്കൂ​ളും ക്വാ​റ​ൻ​റീ​ൻ സ​​െൻറ​റി​ന്​ പ​ഞ്ചാ​യ​ത്തി​ന് വി​ട്ടു​കൊ​ടു​ത്ത​ത്. വെ​ള്ളി​യാ​ഴ്ച ഉ​ച്ച​ക്ക്​ 12നാ​ണ് പ​ള്ള​ത്തി​ലെ ഒ​രു പ്ര​വാ​സി ഇ​വി​ടെ എ​ത്തി​യ​ത്. 2.10ന് ​സ​​െൻറ​ർ ചു​മ​ത​ല​യു​ള്ള ര​ണ്ടു​പേ​ർ അ​വി​ടെ എ​ത്തി. കോ​വി​ഡ്​ പ്രോ​ട്ടോ​കോ​ൾ പ്ര​കാ​രം സ​ർ​ക്കാ​റി​​െൻറ ക​ർ​ശ​ന നി​യ​ന്ത്ര​ണ​ത്തോ​ടെ ജു​മു​അ ന​മ​സ്കാ​രം ന​ട​ത്തേ​ണ്ട ചു​മ​ത​ല​യും ഇ​വ​ർ​ക്കു​ത​ന്നെ ഉ​ള്ള​തി​നാ​ൽ വ​ന്ന വ്യ​ക്തി​യോ​ട് വി​വ​ര​ങ്ങ​ൾ ആ​രാ​ഞ്ഞു. വ​രാ​ന്ത​യി​ൽ ക​സേ​ര​യി​ട്ട് ഇ​രു​ത്തു​ക​യും ഭ​ക്ഷ​ണം ക​ഴി​ച്ചോ എ​ന്ന് അ​ന്വേ​ഷി​ക്കു​ക​യും ചെ​യ്തു. മു​ൻ​കൂ​ട്ടി വി​വ​ര​മി​ല്ലാ​ത്ത​തി​നാ​ൽ അ​ധി​കൃ​ത​രെ ബ​ന്ധ​പ്പെ​ട്ട് ഉ​ട​ൻ തീ​രു​മാ​ന​മു​ണ്ടാ​ക്കാ​മെ​ന്നു പ​റ​ഞ്ഞാ​ണ്​ അ​വ​ർ പ​ള്ളി​യി​ലേ​ക്ക് പോ​യ​ത്. 12.20ന് ​വാ​ർ​ഡ് മെം​ബ​ർ വി​ളി​ച്ചു. പ​ഞ്ചാ​യ​ത്ത് സെ​ക്ര​ട്ട​റി അ​യ​ച്ച ആ​ളാ​ണ് അ​തെ​ന്ന് അ​റി​യി​ച്ച​തി​​​െൻറ അ​ടി​സ്ഥാ​ന​ത്തി​ൽ യു​വാ​വി​നെ അ​ന്വേ​ഷി​ക്കാ​ൻ വി​ളി​ച്ച​പ്പോ​ഴാ​ണ് മ​റ്റാ​രു​ടെ​യോ കൂ​ടെ പോ​യ വി​വ​രം അ​റി​യു​ന്ന​ത്. എ​ല്ലാ സം​ഭ​വ​ങ്ങ​ളും സ​മ​യ​വും സ്കൂ​ൾ സി.​സി.​ടി.​വി കാ​മ​റ​യി​ൽ പ​തി​ഞ്ഞി​ട്ടു​ണ്ട്. ചു​മ​ത​ല​യു​ള്ള​വ​ർ പ​ഞ്ചാ​യ​ത്ത് സെ​ക്ര​ട്ട​റി​യെ നേ​രി​ട്ട് ക​ണ്ട് ന​ട​ന്ന സം​ഭ​വം ബോ​ധി​പ്പി​ച്ചു. 19ാം വാ​ർ​ഡി​ലെ വ്യ​ക്തി​യെ ഒ​ന്നാം വാ​ർ​ഡി​ലെ ക്വാ​റ​ൻ​റീ​നി​ലേ​ക്ക് അ​യ​ക്കു​മ്പോ​ൾ ഉ​ണ്ടാ​യ ആ​ശ​യ​വി​നി​മ​യ​ത്തി​ലെ അ​വ്യ​ക്ത​ത​യാ​ണ് ഇ​തി​നു കാ​ര​ണ​മാ​യ​തെ​ന്നാ​ണ്​ പ​ഞ്ചാ​യ​ത്ത് സെ​ക്ര​ട്ട​റി മ​റു​പ​ടി പ​റ​ഞ്ഞ​ത്. ര​ണ്ടു​ദി​വ​സം ക​ഴി​ഞ്ഞു ഞാ​യ​റാ​ഴ്ച ഉ​ച്ച​യോ​ടെ ചി​ല​ർ വ​ർ​ഗീ​യ ചു​വ ന​ൽ​കി സ​മൂ​ഹ മാ​ധ്യ​മ​ത്തി​ൽ പ്ര​ച​രി​പ്പി​ക്കു​ക​യാ​യി​രു​ന്നു​വെ​ന്ന്​ സ്കൂ​ൾ മാ​നേ​ജ്മ​​െൻറ്​ പ​റ​ഞ്ഞു.",ഉ​ദു​മ: പ​ടി​ഞ്ഞാ​ർ ജ​മാ​അ​ത്തി​നു കീ​ഴി​ലു​ള്ള ജെം​സ് സ്കൂ​ളി​ലൊ​രു​ക്കി​യ ക്വാ​റ​ൻ​റീ​ൻ കേ​ന്ദ്ര​ത്തി​ൽ മ​താ​ടി​സ്ഥാ​ന​ത്തി​ലാ​ണ് പ്ര​വേ​ശ​ന​മെ​ന്ന പ്ര​ചാ​ര​ണം അ​ടി​സ്ഥാ​ന​ര​ഹി​ത​മാ​ണെ​ന്ന്,mal,madhyamam,Madhyamam,fake news,485b5d19-ed47-491a-80fa-918e8f9a28a6,article,MassiveSum
https://www.madhyamam.com/sports/sports-news/cricket/2016/may/17/197085,,മാക്സ് വെല്‍ നാട്ടിലേക്ക് മടങ്ങുന്നു,,"മൊഹാലി: പഞ്ചാബ് കിങ്സ് ഇലവന്‍ താരം ഗ്ളെന്‍ മാക്സ്വെല്‍ ആസ്ട്രേലിയയിലേക്ക് മടങ്ങുന്നു. പുറംവേദനകാരണമാണ് മാക്സ്വെല്‍ നാട്ടിലേക്കു മടങ്ങുന്നത്. ഐ.പി.എല്‍ സീസണിലെ ശേഷിക്കുന്ന മത്സരങ്ങളില്‍ ഇനി താരത്തിന്‍െറ സേവനം ടീമിന് ലഭിക്കില്ല. ഒമ്പതു മത്സരങ്ങള്‍ തോറ്റ പഞ്ചാബ് പ്ളേഓഫ് കാണാതെ പുറത്തായിരുന്നു. നേരത്തേ ആസ്ട്രേലിയന്‍ ക്യാപ്റ്റന്‍ സ്റ്റീവ് സ്മിത്ത്, ഷോണ്‍ മാര്‍ഷ്, മിച്ചല്‍ മാര്‍ഷ്, ജോണ്‍ ഹാസ്റ്റിങ് തുടങ്ങിയ താരങ്ങളും പരിക്കുകാരണം നാട്ടിലേക്കു മടങ്ങിയിരുന്നു. വരാന്‍പോകുന്ന വെസ്റ്റിന്‍ഡീസ്, ദക്ഷിണാഫ്രിക്ക പരമ്പരകള്‍ക്ക് മുന്നോടിയായി മാക്സ്വെല്ലിന് ചികിത്സയും വിശ്രമവും ആവശ്യമാണെന്നും ആസ്ട്രേലിയന്‍ ടീം വൃത്തങ്ങളും സൂചിപ്പിച്ചു.",മൊഹാലി: പഞ്ചാബ് കിങ്സ് ഇലവന്‍ താരം ഗ്ളെന്‍ മാക്സ്വെല്‍ ആസ്ട്രേലിയയിലേക്ക് മടങ്ങുന്നു. പുറംവേദനകാരണമാണ് മാക്സ്വെല്‍ നാട്ടിലേക്കു മടങ്ങുന്നത്. ഐ.പി.എല്‍ സീസണിലെ ശേഷിക്കുന്ന മത്സരങ്ങളില്‍ ഇനി...,mal,madhyamam,Madhyamam,fake news,8c1d5fda-dfbc-4889-809a-916339e5b8f4,article,MassiveSum
https://www.dengiamerika.com/a/5585865.html,https://www.dengiamerika.com/a/5585865.html,کیم کارداشیان وێست ئینستگرامەکەی وەکو ناڕەزایی دەربڕین لە دژی فەیسبوک دادەخات,,"کیم کارداشیان وێست و ژمارەیەک کەسایەتی تر ڕایانگەیاند وەکو ناڕەزایی دەربڕین بەرامبەر بە ""قسەی ڕەق، هەراسانکردن و خراپبەکارهێنانی تۆڕە کۆمەڵایەتییەکان"" بۆ ماوەی ڕۆژێک هەژماری تۆڕە کۆمەڵایەتییەکانیان ڕادەگرن.

کارداشیان وێست لە بەیاننامەیەکی سیاسیدا کە ڕۆژی سێشەممە بڵاوی کردەوە دەڵێت کە ""بەکارهێنانی توڕە کۆمەڵایەتییەکان وهەروەها زانیارییەکان بە شێوەی خراپ کاریگەری گەورەی لەسەر دیموکراسی و هەڵبژاردنەکانمان هەیە.""

لە درێژەی ڕاگەیاندنەکەی کە خاتوون کارداشیان لە هژماری تویتەری خۆیدا بڵاوی کردۆتەوە دەڵێت "" چیتر ناتوانم دانیشم و بێدەنگ بم لەکاتێکدا کە ئەم پلاتفۆرمانە ڕێگایان پێدەدرێت بەردەوام بن لە بڵاوکردنەوەی ڕق و کینە و پڕوپاگەندە و بەکارهێنانی خراپی زانیارییەکان.""

بڕیاری ئەم کەسایەتییانە بەشێکە لە کەمپینی #StopHateforProfit کە ڕێکخراوە ناسراوەکانی مافی مەدەنی دەستیان پێکردوە و داوا لە کەسەیاتییە ناودارەکان دەکەن لە دژی خراپ بەکارهێنانی تۆڕەکان هەڵوێست بنوێنن.

بڕیارەکەی خاتوو کارداشیان وێست و کەسایەتییە ناودارەکانی دیکە بۆ ڕاگرتن و داخستنی هەژمارەکانیان لە توڕەکاندا بۆ ماوەی 24 سەعاتە و لە سەرلەبەیانی ڕۆژی چوارشەممەوە دەستیپێکرد.

کەسایەتییە ناودارەکانی دیکەی بەشدارن لەم کەمپینەدا بریتین لە لیۆناردۆ دیکاپریۆ و ساشا بارۆن کۆهێن و جێنیفەر لۆرێنس و گۆرانیبێژی بەناوبانگ کێتی پێری.

کەتی پێری لە ئینستگرامەکەی خۆی نووسیویەتی ""من ناتوانم چیتر بێکار دانیشم لە کاتێکدا ئەم پلاتفۆرمانە چاوی خۆیان داخستوە لە ئاستی ئەو گرووپ و پۆستانەی کە زانیاری خراپ و ڕق بڵاو دەکەنەوە.""","کیم کارداشیان وێست و ژمارەیەک کەسایەتی تر ڕایانگەیاند وەکو ناڕەزایی دەربڕین بەرامبەر بە ""قسەی ڕەق، هەراسانکردن و خراپبەکارهێنانی تۆڕە کۆمەڵایەتییەکان"" بۆ ماوەی ڕۆژێک هەژماری تۆڕە کۆمەڵایەتییەکانیان ڕادەگرن.",mal,dengiamerika,Dengi Amerika,fake news,4e98c990-753e-4c05-99ef-c12eeae45e80,article,MassiveSum
https://www.madhyamam.com/local-news/kozhikode/2017/jul/30/303044,,ജനവാസ കേന്ദ്രത്തിൽനിന്ന് പെരുമ്പാമ്പിനെ പിടികൂടി,,"വളയം: കുറുവന്തേരിയിൽ ജനവാസ കേന്ദ്രത്തിൽനിന്ന് പെരുമ്പാമ്പിനെ പിടികൂടി. ശനിയാഴ്ച വൈകീട്ട് അഞ്ചുമണിയോടെ കുറുവന്തേരി കല്ലിക്കണ്ടി പള്ളിക്ക് സമീപത്തെ തോട്ടിൽ മീൻ പിടിക്കുന്ന കുട്ടികളാണ് പാമ്പിനെ ആദ്യം കണ്ടത്. ഇവർ വിവരമറിയിച്ചതനുസരിച്ച് സ്ഥലത്തെത്തിയ നാട്ടുകാർ പെരുമ്പാമ്പിനെ കരക്കെത്തിച്ച് വനംവകുപ്പ് അധികൃതരെ വിവരമറിയിച്ചു. ജീവകാരുണ്യ പ്രവർത്തനത്തിന് ഏഴു വയസ്സുകാരിയുടെ സഹായം കക്കട്ടിൽ: ജീവകാരുണ്യ പ്രവർത്തനത്തിന് ഏഴുവയസ്സുകാരി സെബാ പ്രശാന്തി​െൻറ സഹായം. വൃക്കരോഗികൾക്ക്‌ സൗജന്യമായി ചികിത്സ നൽകുന്ന കുറ്റ്യാടി സ്നേഹസ്പർശം ഡയാലിസിസ് സ​െൻററി​െൻറ രണ്ടാംഘട്ട സാമ്പത്തിക സമാഹരണത്തി​െൻറ പഞ്ചായത്ത്തല ബഹുജന കൺവെൻഷനിലാണ് ഈ കൊച്ചു കുട്ടി ത​െൻറ സമ്പാദ്യം നൽകിയത്. വടകര ചോറോട് പി.ടി.കെ. പ്രശാന്തി​െൻറയും കൈവേലി സബ്നയുടെയും മകളാണ് സെബ. നരിപ്പറ്റ പഞ്ചായത്ത് അംഗവും സാമൂഹികപ്രവർത്തകയുമായ കൈവേലിയിലെ ചന്ദ്രിയുടെ പൗത്രിയാണ്. വടകര ശ്രീനാരായണ ഇംഗ്ലീഷ് മീഡിയം സ്കൂളിലെ രണ്ടാം ക്ലാസുകാരിയായ െസബ, ഡയാലിസിസ് സ​െൻററിന് ഹുണ്ടിക സമ്പാദ്യമായ- 2332.50 രൂപയാണ് പഞ്ചായത്ത് പ്രസിഡൻറ് എ.കെ. നാരായണിക്ക് കൈമാറിയത്.",വളയം: കുറുവന്തേരിയിൽ ജനവാസ കേന്ദ്രത്തിൽനിന്ന് പെരുമ്പാമ്പിനെ പിടികൂടി. ശനിയാഴ്ച വൈകീട്ട്  അഞ്ചുമണിയോടെ കുറുവന്തേരി കല്ലിക്കണ്ടി പള്ളിക്ക് സമീപത്തെ തോട്ടിൽ മീൻ പിടിക്കുന്ന കുട്ടികളാണ് പാമ്പിനെ,mal,madhyamam,Madhyamam,fake news,8c088f9a-d79a-4b88-8368-db9b3a4bf201,article,MassiveSum
https://nra.lv/pasaule/321148-vairak-neka-2200-ugunsdzeseju-cinas-ar-ugunsgreku-kalifornijas-stata-dienvidos.htm,https://nra.lv/pasaule/321148-vairak-neka-2200-ugunsdzeseju-cinas-ar-ugunsgreku-kalifornijas-stata-dienvidos.htm,Vairāk nekā 2200 ugunsdzēsēju cīnās ar ugunsgrēku Kalifornijas štata dienvidos,,"Vairāk nekā 2200 ugunsdzēsēju pirmdien cīnās ar nekontrolētu ugunsgrēku Kalifornijas štata dienvidos, kas apdraud tūkstošiem cilvēku un māju uz austrumiem no Losandželosas.

Ugunsgrēks izcēlās piektdien netālu no Sanbernardīno pilsētas un līdz šim izdedzinājis 8000 hektāru.

Evakuēti vismaz 2600 māju un teju 7800 cilvēki. Amatpersonas nevar pateikt, kad viņi varēs atgriezties.

Pirmdien ar uguni cīnās 2260 ugunsdzēsēji, kuriem palīdz helikopteri, lidmašīnas un ugunsdzēšanas mašīnas. Līdz pirmdienai savaldīti tikai pieci procenti ugunsgrēka.

Līdz šim nav ziņu par upuriem, nodarīti postījumi tikai divām ēkām un vienai mājai.

Amatpersona saka, ka ugunsgrēks varētu būt izraisīts tīšām un uzsākta izmeklēšana.","Vairāk nekā 2200 ugunsdzēsēju pirmdien cīnās ar nekontrolētu ugunsgrēku Kalifornijas štata dienvidos, kas apdraud tūkstošiem cilvēku un māju uz austrumiem no Losandželosas.",mal,nra,NRA,fake news,6d8c7137-ddc1-4512-bc70-a0daee5f8422,article,MassiveSum
https://www.madhyamam.com/sports/sports-news/football/brazil-become-highest-scoring-team-fifa-world-cup-history-sports-news,,ലോകകപ്പിലെ ഗോളുകൾ; ബ്രസീലിന് പുതിയ റെക്കോർഡ്,,"മോസ്കോ: ലോകകപ്പ് ചരിത്രത്തിൽ ഏറ്റവും കൂടുതൽ ഗോൾ നേടിയ ടീമെന്ന നേട്ടം ബ്രസീലിന് സ്വന്തം. ഇന്നലെ മെക്സിക്കോക്കെതിരെ നെയ്മറുടെ ഗോളിലാണ് ബ്രസീൽ റെക്കോർഡ് നേട്ടം സ്വന്തമാക്കിയത്. ജർമനിയുടെ 226 ഗോൾ എന്ന റെക്കോർഡ് ഇന്നലെ നേടിയ രണ്ട് ഗോളിലൂടെ ബ്രസീൽ 228ലെത്തിച്ചു.

108 ലോകകപ്പ് മത്സരങ്ങളിൽ നിന്നാണ് ബ്രസീലിൻറെ ഈ നേട്ടം. ഇതിൽ 73 മത്സരങ്ങൾ മഞ്ഞപ്പട ജയിക്കുകയും 17 മത്സരങ്ങൾ തോൽക്കുകയും ചെയ്തു. 18 കളികൾ സമനിലയിൽ അവസാനിച്ചു. 79 താരങ്ങളാണ് ലോകകപ്പിൽ ബ്രസീലിനായി വല കുലുക്കിയത്.

ലോകകപ്പിൽ അഞ്ച് തവണ ജേതാക്കളായ ഫുട്ബോൾ ചരിത്രത്തിലെ ഏക ടീമെന്ന റെക്കോർഡ് ബ്രസീലിന് സ്വന്തമാണ്. റഷ്യയിൽ മൂന്ന് ജയം അകലെ ബ്രസീലിന് ആറാം കിരീടമാണ് കാത്തിരിക്കുന്നത്.",മോസ്കോ: ലോകകപ്പ് ചരിത്രത്തിൽ ഏറ്റവും കൂടുതൽ ഗോൾ നേടിയ ടീമെന്ന നേട്ടം ബ്രസീലിന് സ്വന്തം. ഇന്നലെ മെക്സിക്കോക്കെതിരെ നെയ്മറുടെ ഗോളിലാണ് ബ്രസീൽ റെക്കോർഡ് നേട്ടം സ്വന്തമാക്കിയത്. ജർമനിയുടെ 226 ഗോൾ എന്ന...,mal,madhyamam,Madhyamam,fake news,0a44dfd0-0ed1-4f60-9621-be4b3e7a7273,article,MassiveSum
https://lao.voanews.com/a/2443688.html,https://lao.voanews.com/a/2443688.html,ພາບຫຼ້າສຸດ ກ່ຽວກັບ ຖ້ຽວບິນ MH17,,"2 Dutch Safety Board Chairman Tjibbe Joustra at the board's headquarters in The Hague, after publication of its preliminary report into the crash of Malaysia Airlines Flight 17 in The Hague, Netherlands, Sept. 9, 2014.",,mal,voanews,VOA News,fake news,08117cd9-86a6-4103-bcd9-9deadae55026,article,MassiveSum
https://www.madhyamam.com/local-news/trivandrum/594228,,ചരമം | Madhyamam,,"ജോൺ kol50 John 78 കുണ്ടറ: നല്ലില ഏറത്ത് വാഴപ്പള്ളിൽ വീട്ടിൽ ജോൺ (78) നിര്യാതനായി. ഭാര്യ: ചിന്നമ്മ. മക്കൾ: അലക്സാണ്ടർ (ജോയ ി-ചാപ്റ്റർ കോളജ് കൊല്ലം). ലിജി, ലിനു. മരുമക്കൾ: സീന, ജേക്കബ്, ആൻസി. ശ്രീധരകുരുക്കൾ kol51 sreedhara gurukkal ചവറ: പുതുക്കാട് കിഴക്കേപെരുമ്പുഴ ശ്രീധരകുരുക്കൾ (94-റിട്ട. കെ.എസ്.ആർ.ടി.സി) നിര്യാതനായി. ഭാര്യ: പരേതയായ ഭാനുമതിയമ്മ. മക്കൾ: തങ്കമണിയമ്മ (റിട്ട. ടീച്ചർ), മുരളീധരകുരുക്കൾ (സി.പി.എം ചവറ വെസ്റ്റ് ലോക്കൽ കമ്മിറ്റിയംഗം), രഘുനാഥകുരുക്കൾ (റിട്ട. കെ.എം.എം.എൽ), വിദ്യാധരകുരുക്കൾ, ജഗന്നാഥകുരുക്കൾ. മരുമക്കൾ: പരേതനായ സുകുമാരകുരുക്കൾ, അംബികകുമാരി, മല്ലിക (റിട്ട. ടീച്ചർ), ശ്രീദേവി, രത്നവല്ലി.","ജോൺ kol50 John 78 കുണ്ടറ: നല്ലില ഏറത്ത് വാഴപ്പള്ളിൽ വീട്ടിൽ ജോൺ (78) നിര്യാതനായി. ഭാര്യ: ചിന്നമ്മ. മക്കൾ: അലക്സാണ്ടർ (ജോയ   ി-ചാപ്റ്റർ കോളജ് കൊല്ലം). ലിജി, ലിനു. മരുമക്കൾ: സീന, ജേക്കബ്, ആൻസി....",mal,madhyamam,Madhyamam,fake news,cada370a-e5a5-4d0a-ac67-4b3114e268bb,article,MassiveSum
https://www.madhyamam.com/local-news/trivandrum/2017/sep/30/344881,,ഹയർ​ സെക്കൻഡറി അധ്യാപക ട്രാൻസ്​ഫർ പട്ടികക്കെതിരെ വ്യാപക പരാതി,,തിരുവനന്തപുരം: ഹയർ സെക്കൻഡറി സ്കൂൾ അധ്യാപകരുടെ സ്ഥലംമാറ്റത്തിനായുള്ള പ്രൊവിഷനൽ പട്ടികക്കെതിരെ വ്യാപക പരാതി. സ്ഥലംമാറ്റത്തിനുള്ള മാനദണ്ഡം ജില്ലക്ക് പകരം വിദ്യാഭ്യാസ ജില്ലയാക്കി മാറ്റിയതോടെ നിലവിൽ സ്വന്തം ജില്ലയിൽ വർഷങ്ങളായി ജോലി ചെയ്യുന്നവർക്ക് അവിടെ തന്നെ തുടരാൻ പട്ടിക വഴിയൊരുക്കിയിട്ടുണ്ട്. എന്നാൽ സ്വന്തം ജില്ലക്ക് പുറത്ത് വർഷങ്ങളായി ജോലി ചെയ്യുന്നവർക്ക് തിരികെ വരുന്നതിന് ഇത് തടസ്സമാവുകയും ചെയ്തു. വിദ്യാഭ്യാസ ജില്ല പരിധിയായതോടെ അതേ ജില്ലയിലെ മറ്റൊരു വിദ്യാഭ്യാസ ജില്ലയിൽ തന്നെ തുടരാൻ പലർക്കും അവസരമുണ്ടായി. സീനിയോറിറ്റിയും ഇവർക്ക് തുണയായി. ഇതുകാരണം മാതൃജില്ലക്ക് പുറത്ത് മൂന്ന് വർഷത്തിലധികം ജോലി ചെയ്യുന്നവർക്ക് തിരികെ വരുന്നതിന് തടസ്സവുമായി. സീനിയർ തസ്തികയിൽ പ്രവർത്തിക്കുന്നവർ മാതൃ ജില്ലയിലേക്ക് മാറ്റം ലഭിക്കുന്നതിന് വിദ്യാഭ്യാസ ജില്ല പരിഗണന തടസ്സമായപ്പോൾ ജൂനിയർ തസ്തികയിലുള്ളവരിൽ കുറഞ്ഞ സർവിസുള്ളവർക്ക് പോലും ഗുണകരമായി. ഒരു വർഷം മാത്രം ജില്ലക്ക് പുറത്ത് സർവിസുള്ള ജൂനിയർ അധ്യാപകർക്ക് മാതൃ ജില്ലയിലേക്ക് മടങ്ങിവരാനും ഇത് വഴിയൊരുക്കുന്നു. ഒരു തസ്തികയിലേക്ക് മൂന്നും നാലും പേരെ ഉൾപ്പെടുത്തിയാണ് പ്രൊവിഷനൽ പട്ടിക പ്രസിദ്ധീകരിച്ചത്. അന്തിമ പട്ടിക വരുേമ്പാൾ ആരെ ഉൾപ്പെടുത്തും എന്നതും അവ്യക്തം. െപ്രാവിഷനൽ പട്ടിക സംബന്ധിച്ച് പരാതിയുള്ളവർ ഒക്ടോബർ അഞ്ചിനകം dhsetransfer2017@gmail.com എന്ന ഇ-മെയിൽ വിലാസത്തിൽ സ്ഥാപന മേധാവിയുടെ ഒൗദ്യോഗിക ഇ -മെയിൽ വഴി സമർപ്പിക്കണം. കരട് ലിസ്റ്റിലെ അപാകതകൾ പരിഹരിച്ച് അന്തിമ പട്ടിക ഉടൻ പ്രസിദ്ധീകരിക്കുമെന്ന് ഹയർ സെക്കൻഡറി ഡയറക്ടർ അറിയിച്ചു. അന്തിമ പട്ടിക പ്രസിദ്ധീകരിക്കുേമ്പാൾ മാറ്റങ്ങൾ ഉണ്ടാകാവുന്നതാണെന്നും അദ്ദേഹം അറിയിച്ചു.,തിരുവനന്തപുരം: ഹയർ സെക്കൻഡറി സ്കൂൾ അധ്യാപകരുടെ സ്ഥലംമാറ്റത്തിനായുള്ള പ്രൊവിഷനൽ പട്ടികക്കെതിരെ വ്യാപക പരാതി. സ്ഥലംമാറ്റത്തിനുള്ള മാനദണ്ഡം ജില്ലക്ക് പകരം വിദ്യാഭ്യാസ ജില്ലയാക്കി മാറ്റിയതോടെ നിലവിൽ...,mal,madhyamam,Madhyamam,fake news,02fc54a4-af78-4444-aefc-9769e70d46ad,article,MassiveSum
https://www.madhyamam.com/gulf-news/saudi-arabia/2016/apr/18/191043,,"ഉംറ തീര്‍ഥാടകരുടെ വരവ് കൂടി, വിമാനത്താവളത്തില്‍ സേവനത്തിന് 7,000പേര്‍",,"ജിദ്ദ: ജിദ്ദ കിങ് അബ്ദുല്‍ അസീസ് വിമാനത്താവളം വഴി 24 ലക്ഷത്തിലധികം ഉംറ തീര്‍ഥാടകരത്തെിയതായി വിമാനത്താവള പബ്ളിക് റിലേഷന്‍ മേധാവി തുര്‍ക്കി അല്‍ദീബ്. സഫര്‍ മാസം പകുതി മുതല്‍ കഴിഞ്ഞ വെള്ളിയാഴ്ച വരെയുള്ള കണക്കാണിത്. 18,148 വിമാന സര്‍വീസുകളിലായാണ് ഇത്രയും പേര്‍ എത്തിയത്. 9,750 വിമാനസര്‍വീസുകളിലായി 18 ലക്ഷത്തോളം തീര്‍ഥാടകര്‍ തിരിച്ചുപോയിട്ടുണ്ട്. ഉംറ തീര്‍ഥാടകരുടെ തിരക്ക് കൂടിയതോടെ ഹജ്ജ് ടെര്‍മിനലില്‍ സേവനത്തിനായി കൂടുതലാളുകളെ നിയോഗിച്ചിട്ടുണ്ട്. റജബ് ഒന്ന് മുതല്‍ സ്വകാര്യവകുപ്പുകള്‍ക്ക് കീഴില്‍ ഏകദേശം 7,000 ജോലിക്കാര്‍ സേവനത്തിനായി രംഗത്തുണ്ട്. വിമാനത്താവളത്തില്‍ ശവ്വാല്‍ ഒന്ന് വരെ തിരക്ക് തുടരും. റമദാനിലെ തിരക്ക് മുന്‍കൂട്ടി കണ്ട് ആവശ്യമായ ഒരുക്കങ്ങള്‍ പൂര്‍ത്തിയാക്കിവരികയാണ്. ഉംറ സീസണ്‍ അവസാനിക്കുമ്പോഴേക്കും ജിദ്ദ വിമാനത്താവളം വഴി വരികയും പോകുകയും ചെയ്യുന്ന തീര്‍ഥാടകരുടെ എണ്ണം 80 ലക്ഷം കവിയുമെന്നും അദ്ദേഹം പറഞ്ഞു. അതേ സമയം, വിവിധ രാജ്യങ്ങളില്‍ നിന്നുള്ള ഉംറ തീര്‍ഥാടകരുടെ വരവ് തുടരുകയാണ്. പതിവുപോലെ ശഅ്ബാന്‍, റമദാന്‍ മാസങ്ങളില്‍ ഉംറ തീര്‍ഥാടകരുടെ വരവ് ഇരട്ടിയാകുമെന്നാണ് ഉംറ തീര്‍ഥാടനമേഖലയിലുള്ളവര്‍ പ്രതീക്ഷിക്കുന്നത്. തിരക്ക് കണക്കിലെടുത്ത് യാത്രാനടപടികള്‍ എളുപ്പമാക്കാന്‍ വിവിധ മേഖല ഗവര്‍ണറേറ്റുകളും ബന്ധപ്പെട്ട വകുപ്പുകളും പ്രവേശന കവാടങ്ങളില്‍ ആവശ്യമായ ഒരുക്കങ്ങള്‍ പൂര്‍ത്തിയാക്കിയിട്ടുണ്ട്. ഇരുഹറം കാര്യാലയം, ഹജ്ജ് മന്ത്രാലയം, പാസ്പോര്‍ട്ട് വകുപ്പ്, സുരക്ഷാവിഭാഗം, മക്ക, മദീന ഗവര്‍ണറേറ്റുകളും റമദാനിലേക്കുള്ള പദ്ധതികള്‍ ആവിഷ്കരിച്ചുവരികയാണ്. വികസന നിര്‍മാണ ജോലികള്‍ തുടരുന്നതിനാല്‍ മക്കയിലും മദീനയിലും തിരക്കുണ്ടാകാത്തവിധത്തിലാണ് ഉംറ വിസകള്‍ നല്‍കുന്നത്. തീര്‍ഥാടകര്‍ക്ക് കരാര്‍ പ്രകാരമുള്ള സേവനങ്ങള്‍ ഉംറ സേവന കമ്പനികള്‍ നല്‍കുന്നുണ്ടോയെന്ന് ഉറപ്പുവരുത്താന്‍ ഹജ്ജ് മന്ത്രാലയത്തിന് കീഴില്‍ നിരീക്ഷകര്‍ രംഗത്തുണ്ട്. പരാതികളും അഭിപ്രായങ്ങളും അറിയിക്കുന്നതിനും വഴിതെറ്റിയവരെ ലക്ഷ്യസ്ഥാനത്തത്തെിക്കാനും ഹറമുകള്‍ക്കടുത്ത് ഹജ്ജ് മന്ത്രാലയത്തിന്‍െറ സേവന കേന്ദ്രങ്ങളും പ്രവര്‍ത്തിക്കുന്നുണ്ട്. തീര്‍ഥാടകരുടെ പോക്കുവരവുകള്‍ നിശ്ചിത സമയത്തിനകമാണെന്ന് ഉറപ്പുവരുത്താനും ഉദ്യോഗസ്ഥര്‍ രംഗത്തുണ്ട്.",ജിദ്ദ: ജിദ്ദ കിങ് അബ്ദുല്‍ അസീസ് വിമാനത്താവളം വഴി 24 ലക്ഷത്തിലധികം ഉംറ തീര്‍ഥാടകരത്തെിയതായി  വിമാനത്താവള പബ്ളിക് റിലേഷന്‍ മേധാവി തുര്‍ക്കി അല്‍ദീബ്. സഫര്‍ മാസം പകുതി മുതല്‍ കഴിഞ്ഞ വെള്ളിയാഴ്ച...,mal,madhyamam,Madhyamam,fake news,2e8cf2f1-025d-448c-8564-18acf928690b,article,MassiveSum
https://www.madhyamam.com/kerala/murder-attempt-against-teen-women-kerala-news/614661,,പ്രണയാഭ്യർഥന നിരസിച്ച പെൺകുട്ടിയെ തീക്കൊളുത്തി കൊല്ലാൻ ശ്രമിച്ചതായി​ പരാതി,,"വടകര: വടകരയിൽ പ്രണയാഭ്യർഥന നിരസിച്ച പെൺകുട്ടിയെ തീക്കൊളുത്തി കൊല്ലാൻ ശ്രമിച്ചതായി പരാതി. പെൺകുട്ടിയുടെ മാ താവാണ്​ ഇതുമായി ബന്ധപ്പെട്ട്​ വടകര പൊലീസ്​ സ്​റ്റേഷനിൽ പരാതി നൽകിയത്​. പരാതിയുടെ അടിസ്ഥാനത്തിൽ നാല്​ പേരെ പൊലീസ്​ കസ്​റ്റഡിയിലെടുത്തു.

കഴിഞ്ഞ ദിവസം രാത്രിയാണ്​ പരാതിക്ക്​ ആസ്​പദമായ സംഭവമുണ്ടായത്​. ഒരു സംഘം ആളുകൾ വീട്ടിലേക്ക്​ അതിക്രമിച്ച്​ കയറുകയും പ്രണയാഭ്യർഥന നിരസിച്ചതിനെ തുടർന്ന്​ പെൺകുട്ടിയെ പെട്രോളൊഴിച്ച്​ തീകൊളുത്തുകയായിരുന്നു. വീട്ടിലെത്തിയ സംഘം ഗൃഹോപകരണങ്ങൾ നശിപ്പിച്ചുവെന്നും പരാതിയിൽ ചൂണ്ടിക്കാട്ടിയിട്ടുണ്ട്​.",വടകര: വടകരയിൽ പ്രണയാഭ്യർഥന നിരസിച്ച പെൺകുട്ടിയെ തീക്കൊളുത്തി കൊല്ലാൻ ശ്രമിച്ചതായി പരാതി. പെൺകുട്ടിയുടെ മാ   താവാണ്​ ഇതുമായി ബന്ധപ്പെട്ട്​ വടകര പൊലീസ്​ സ്​റ്റേഷനിൽ പരാതി നൽകിയത്​. പരാതിയുടെ...,mal,madhyamam,Madhyamam,fake news,011d9fb7-6ce4-423d-8e7b-9413067305d5,article,MassiveSum
https://www.madhyamam.com/gulf-news/oman/2016/feb/16/178537,,മുവസലാത്തിന് ഈ വര്‍ഷം പുതിയ റൂട്ടുകള്‍,,"മസ്കത്ത്: പൊതുബസ് സര്‍വിസ് ആയ മുവസലാത്തിന് ഈ വര്‍ഷം പുതിയ റൂട്ടുകള്‍ ആരംഭിക്കുമെന്ന് ഗതാഗതമന്ത്രാലയം അധികൃതര്‍ വ്യക്തമാക്കി. ഈവര്‍ഷം ആദ്യപാദത്തില്‍ റൂവി-മത്ര, റൂവി-അല്‍ എമിറാത്ത് റൂട്ടും രണ്ടാം പാദത്തില്‍ ബുര്‍ജ് അല്‍ സഹ്വ (അല്‍ ഖൂദ്)-സുല്‍ത്താന്‍ ഖാബൂസ് സര്‍വകലാശാല റൂട്ടും ഏര്‍പ്പെടുത്തും. ഓരോ 20 മിനിറ്റ് ഇടവിട്ടും സര്‍വിസ് ഉണ്ടാകുമെന്ന് മന്ത്രാലയത്തിലെ ഗതാഗതകാര്യ അണ്ടര്‍ സെക്രട്ടറി എന്‍ജിനീയര്‍ സാലിം ബിന്‍ മുഹമ്മദ് അല്‍ നുഐമി പറഞ്ഞു. റോയല്‍ ഒമാന്‍ പൊലീസുമായി സഹകരിച്ച് മുവസലാത്ത് ബസുകള്‍ക്ക് ഏര്‍പ്പെടുത്തുന്ന പ്രത്യേക ലെയ്ന്‍ അടിയന്തരഘട്ടങ്ങളില്‍ രക്ഷാപ്രവര്‍ത്തന ഏജന്‍സികള്‍ക്ക് ഉപയോഗിക്കാനും സാധിക്കും. എയര്‍കണ്ടീഷന്‍ ചെയ്ത ബസ് കാത്തിരിപ്പുകേന്ദ്രങ്ങളാണ് മറ്റൊരു പദ്ധതി. പ്രതിദിനം 9000 യാത്രക്കാര്‍ മുവസലാത്ത് ബസുകളില്‍ യാത്ര ചെയ്യുന്നെന്നാണ് കണക്ക്. തുടങ്ങി 70 ദിവസത്തിനിടെ ആറു ലക്ഷം യാത്രക്കാരാണ് മുവസലാത്ത് ബസുകളില്‍ സഞ്ചരിച്ചത്.","മസ്കത്ത്: പൊതുബസ് സര്‍വിസ് ആയ മുവസലാത്തിന് ഈ വര്‍ഷം പുതിയ റൂട്ടുകള്‍ ആരംഭിക്കുമെന്ന് ഗതാഗതമന്ത്രാലയം അധികൃതര്‍ വ്യക്തമാക്കി. ഈവര്‍ഷം ആദ്യപാദത്തില്‍ റൂവി-മത്ര, റൂവി-അല്‍ എമിറാത്ത് റൂട്ടും രണ്ടാം...",mal,madhyamam,Madhyamam,fake news,05caacf9-9785-4412-a6da-34c42bda4f08,article,MassiveSum
https://www.madhyamam.com/india/2015/nov/13/160948,,വിമാനയാത്രയില്‍ ലഗേജുണ്ടെങ്കില്‍ മാത്രം പണമടച്ചാല്‍ മതി,,ന്യൂഡല്‍ഹി:വിമാനയാത്രയില്‍ ലഗേജ് ഇല്ലാതെ യാത്ര ചെയ്യുന്നവര്‍ക്ക് ‘സീറോ ബാഗേജ്’ തെരഞ്ഞെടുക്കാനുള്ള സ്വാതന്ത്യം നല്‍കുമെന്ന് വ്യോമയാന ഡയറക്ടേറ്റ് അറിയിച്ചു. ഇതോടെ വിമാനയാത്രയില്‍ ലഗേജുണ്ടെങ്കില്‍ മാത്രം ഇനി പണമടച്ചാല്‍ മതിയാകും. യാത്രക്കാര്‍ക്ക് ആവശ്യമില്ലാത്ത സേവനങ്ങള്‍ക്കും പണം ഈടാക്കുന്നത് നിര്‍ത്തലാക്കുന്നതിന്‍െറ ഭാഗമായാണ് പുതിയ മാറ്റം. തങ്ങള്‍ക്ക് ലഭിക്കുന്ന സേവനങ്ങളെക്കുറിച്ചും അവയുടെ ചാര്‍ജുകളെയും സംബന്ധിച്ച് യാത്രക്കാര്‍ക്ക് ബുക്കിങ് സമയത്തുതന്നെ വിവരം നല്‍കണം. ഇതിന് തടസ്സമുണ്ടെങ്കില്‍ 30 ദിവസത്തിന് മുമ്പെങ്കിലും ഇതിനെക്കുറിച്ച് യാത്രക്കാരനെ അറിയിക്കണം. രാജ്യത്തിനുവേണ്ടി കളിക്കുന്ന കായികതാരങ്ങളുടെയും സംഗീതജ്ഞരുടെയും ഉപകരണങ്ങള്‍ കൊണ്ടുപോകുന്നതിന് സ്പെഷല്‍ പാക്കേജുകളോ അലവന്‍സോ നല്‍കണമെന്നും ഡയറക്ടറേറ്റ് പറഞ്ഞു.,ന്യൂഡല്‍ഹി:വിമാനയാത്രയില്‍ ലഗേജ് ഇല്ലാതെ യാത്ര ചെയ്യുന്നവര്‍ക്ക് ‘സീറോ ബാഗേജ്’ തെരഞ്ഞെടുക്കാനുള്ള സ്വാതന്ത്യം നല്‍കുമെന്ന് വ്യോമയാന ഡയറക്ടേറ്റ് അറിയിച്ചു. ഇതോടെ വിമാനയാത്രയില്‍,mal,madhyamam,Madhyamam,fake news,2a8a8b8b-9b04-4c29-8b74-e70966969f87,article,MassiveSum
https://www.dengiamerika.com/a/2599625.html,https://www.dengiamerika.com/a/2599625.html,ده‌زگای FBI که‌سێـک به‌ تاوانی هه‌وڵی کاری تێرۆرستی بۆ داعش له‌ ئه‌مه‌ریکا ده‌سـتگیرده‌کات,,"ده‌زگای لێـکۆڵینه‌وه‌ی فیدراڵی ئه‌مه‌ریکا که‌سێـکی خه‌ڵـکی ویلایه‌تی ئۆهایۆی ده‌سـتگیرکردووه‌ به‌ تاوانی هه‌وڵی ته‌قاندنه‌وه‌ی بۆمب له‌ ناو بینای کۆنگرێسی ئه‌مه‌ریکا و پاشان هه‌وڵی ته‌قه‌کردن له‌ کارمه‌ندانی ناوه‌وه‌ و ده‌ره‌وه‌ی بیناکه‌.

که‌سه‌که‌ که‌ ناوی کرستۆفه‌ر کۆرنێله‌ و ته‌مه‌نی 20 سـاڵه‌، ڕۆژی چوارشه‌ممه‌ پاش چه‌ند خوله‌کێـک له‌ کڕینی چه‌کێـک له‌ فرۆشگا‌یه‌کی چه‌ک له‌ شاری سینسیناتی ده‌سـتگیرکرا.

ده‌سـتگیرکردنه‌که‌ له‌سه‌ر بنه‌مای به‌ده‌سـتهێنانی چه‌ک و هه‌وڵی کوشتنی فه‌رمانبه‌رانی حکومه‌تی ئه‌مه‌ریکا کراوه‌‌.

به‌پـێی به‌ڵگه‌نامه‌کانی دادگا، کرستۆفه‌ر به‌ که‌سێـکی سه‌ر به‌ FBI ی گوتووه‌ ئه‌ندامانی کۆنگرێس به‌ دوژمن داده‌نێت. گوتوشیه‌تی به‌ نیازه‌ به‌ره‌و واشنتنی پایته‌خت بڕاوت و له‌وێ بۆمبی لوله‌یی له‌ به‌رده‌م بینای کۆنگرێس بته‌قێنێته‌وه‌ و پاشان ده‌سـتبکات به‌ ته‌قه‌کردن له‌ خه‌ڵکی.

به‌ڵگه‌نامه‌کان نیشـانی ده‌ده‌ن کرستۆفه‌ر ویستوویه‌تی ئه‌م هێرشه‌ بکات به‌ مه‌به‌ستی ده‌ربڕینی پشـتیوانی بۆ داعش، ده‌شڵێن په‌یوه‌ندی له‌گه‌ڵ که‌سانێـکیش له‌ ده‌ره‌وه‌ی وڵات کردووه‌.

هه‌روه‌ها FBI ده‌ڵێت ڤیدیۆی گرووپه‌ ئیسلامیـیه‌کان له‌ کۆمپـیوته‌ره‌که‌یدا گیراوه‌‌ که‌ چۆن بۆمب دروستده‌کرێت.",ده‌زگای لێـکۆڵینه‌وه‌ی فیدراڵی ئه‌مه‌ریکا که‌سێـکی خه‌ڵـکی ویلایه‌تی ئۆهایۆی ده‌سـتگیرکردووه‌ به‌ تاوانی هه‌وڵی ته‌قاندنه‌وه‌ی بۆمب له‌ ناو بینای کۆنگرێسی ئه‌مه‌ریکا و پاشان هه‌وڵی ته‌قه‌کردن له‌ کارمه‌ندانی ناوه‌وه‌ و ده‌ره‌وه‌ی بیناکه‌,mal,dengiamerika,Dengi Amerika,fake news,b2400908-91fc-4834-8962-a1b81269886a,article,MassiveSum
https://www.madhyamam.com/local-news/trivandrum/2017/apr/20/258518,,പ്ര​തി​ഷേ​ധ​ത്തി​നൊ​രു​ങ്ങി നാ​ട്ടു​കാ​ർ വി​മാ​ന​ത്താ​വ​ള വി​ക​സ​ന​ം: സ്ഥ​ല​മ​ള​ക്ക​ൽ ഇ​ന്ന്,,"വള്ളക്കടവ്: തിരുവനന്തപുരം വിമാനത്താവളവികസനത്തിനായി സ്ഥലം അളക്കാൻ റവന‍്യൂ അധികൃതർ വ്യാഴാഴ്ച രാവിലെ എത്തുമെന്നറിഞ്ഞതോടെ പ്രതിഷേധവുമായി നാട്ടുകാർ രംഗത്ത്. രണ്ടാംഘട്ട വികസനത്തിെൻറ ഭാഗമായാണ് വീണ്ടും ഭൂമി ഏറ്റെടുക്കുന്നത്. വള്ളക്കടവ് ബംഗ്ലാദേശ് കേന്ദ്രീകരിച്ചാണ് പ്രതിഷേധ കൂട്ടായ്മ നടത്താൻ നാട്ടുകാർ തീരുമാനിച്ചിരിക്കുന്നത്. മാസങ്ങൾക്ക് മുമ്പ് സ്ഥലം അളക്കാൻ എത്തിയ റവന‍്യൂ സംഘത്തെ നാട്ടുകാർ തടഞ്ഞിരുന്നു. തുടർന്ന് റവന‍്യൂ സംഘം മടങ്ങിപ്പോയിരുന്നു. ഇതിനെത്തുടർന്ന് സ്ഥലം ഏറ്റെടുത്ത് നൽകണമെന്ന് ആവശ‍്യപ്പെട്ട് എയർപോർട്ട് അതോറിറ്റി മുഖ‍്യമന്ത്രിയെ സമീപിക്കുകയും മുഖ‍്യമന്ത്രി സർവകക്ഷി യോഗം വിളിക്കുകയും സാമൂഹിക ആഘാതപഠനം നടത്തിയശേഷം മാത്രമേ തുടർനടപടികളുമായി മുന്നോട്ട് പോകുമെന്ന് ഉറപ്പു നൽകിയിരുന്നു. ഇൗ ഉറപ്പിൽ നാട്ടുകാർ വിശ്വസിച്ചിരിക്കുന്നതിനിടെയാണ് വ‍്യാഴാഴ്ച റവന‍്യൂ സംഘം സ്ഥലം ഏറ്റെടുക്കാൻ എത്തുന്നതായുള്ള വിവരം അറിയുന്നത് ഇതോടെ നാട്ടുകാർ ആക്ഷൻ കൗൺസിൽ ഭാരവാഹികളുമായി ചർച്ച നടത്തി പ്രതിേഷധവുമായി രംഗത്തിറങ്ങാൻ തീരുമാനിച്ചു. സ്ഥലം അളക്കാൻ എത്തുമ്പോൾ നാട്ടുകാരിൽനിന്ന് ശക്തമായ എതിർപ്പ് ഉണ്ടാകാനുള്ള സാഹചര‍്യം മുൻകൂട്ടി കണ്ട് റവന‍്യൂ അധികൃതർ പൊലീസിെൻറ സഹായം തേടിയിട്ടയുണ്ട്. പൊലീസ് സംര‍ക്ഷണത്തിന് ഉന്നതതല നിർദേശവും നൽകിയിട്ടുണ്ട്. മുട്ടത്തറ, പേട്ട വില്ലേജിൽനിന്ന് ആദ‍്യഘട്ടത്തിൽ18.5ഏക്കർ സ്ഥലം ഏറ്റെടുക്കാനാണ് തീരുമാനം. വിമാനത്താവള വികസനത്തിെൻറ പേരിൽ അഞ്ചു തവണയായി നിരവധി ഏക്കർ സ്ഥലം പലതവണയായി വിട്ട് നൽകിയവരാണ് തങ്ങളെന്നും അന്ന് സ്ഥലം വിട്ടുനൽകിയവർ ഇന്നും കുടിയൊഴിപ്പിക്കപ്പെട്ട് വർഷങ്ങളായി ദുരിതം അനുഭവിക്കുകയാെണന്നും ഇനി ഒരുതരി മണ്ണു പോലും വിട്ടുകൊടുക്കില്ല നിലപാടിലാണ് പ്രദേശവാസികൾ. വിമാനത്താവളത്തിെൻറ രണ്ടാം ഘട്ടവികസനത്തിന് വയ്യാമൂലയിൽനിന്നു മാത്രം സ്ഥലമെടുക്കുമെന്നാണ് ആദ‍്യം പറഞ്ഞിരുന്നത് എന്നാൽ, പിന്നീട് ജനവാസ മേഖലയായ വള്ളക്കടവ് ബംഗ്ലാദേശ് കോളനിയെയും സ്ഥലമെടുക്കുന്നതിെൻറ ഭാഗമായ സർവേയിൽ ഉൾപ്പെടുത്തിയതോടെയാണ് പ്രതിഷേധം ഉയർന്നത്.നിലവിലെ റൺവേയുെട അവസാനഭാഗത്തായി സർക്കാർ സ്ഥലം കിടപ്പുണ്ട്. ഇത് വിമാനത്താവളത്തിെൻറ വികസനത്തിനായി വിട്ടുകൊടുക്കാൻ നേരത്തേ തീരുമാനമായിരുന്നു. ഇതിനൊപ്പം സമീപ സ്ഥലം കൂടി കൈക്കലാക്കാനാണ് എയർപോർട്ട് അതോറിറ്റിയുടെ രഹസ്യതീരുമാനം. ഈ സ്ഥലത്ത് 50ഒാളം കുടുംബങ്ങളാണ് വർഷങ്ങളായി താമസിക്കുന്നത്.",വള്ളക്കടവ്: തിരുവനന്തപുരം വിമാനത്താവളവികസനത്തിനായി സ്ഥലം അളക്കാൻ റവന‍്യൂ അധികൃതർ വ്യാഴാഴ്ച രാവിലെ എത്തുമെന്നറിഞ്ഞതോടെ പ്രതിഷേധവുമായി  നാട്ടുകാർ രംഗത്ത്.  രണ്ടാംഘട്ട വികസനത്തിെൻറ ഭാഗമായാണ് വീണ്ടും...,mal,madhyamam,Madhyamam,fake news,4b7dc9b3-45de-467f-96e4-43cd04de907c,article,MassiveSum
https://www.madhyamam.com/kerala/escaped-bjp-women-candidate-gets-38-votes-619393,,കണ്ണൂരിൽ ഒളിച്ചോടിയ ബി.ജെ.പി സ്ഥാനാർഥിക്ക്​ 38 വോട്ട്​,,"കണ്ണൂർ: തദ്ദേശ തെരഞ്ഞെടുപ്പ്​ പ്രചാരണച്ചൂടിനിടെ ഭർത്താവിനെയും കുട്ടിയേയും ഉപേക്ഷിച്ച് ഒളിച്ചോടിയ ബി.ജെ.പി വനിത സ്ഥാനാർഥിക്ക് ലഭിച്ചത് 38 വോട്ട്. കണ്ണൂര്‍ മാലൂര്‍ പഞ്ചായത്തില്‍ ബി.ജെ.പി സ്ഥാനാര്‍ഥിയായി മത്സരിച്ച സി.ആതിരയാണ്​ തെരഞ്ഞെടുപ്പ് പ്രചാരണചൂടിനിടെ ഒളിച്ചോടിയത്. ഇവിടെ 706 വോട്ടുകൾ​ നേടിയ സി.പി.എമ്മിലെ രേഷ്​മ സജീവൻ വിജയിച്ചു. കോൺഗ്രസിലെ കല്ലായി മഹിജ 212 വോട്ടുകൾ നേടി.

പ്രചരണത്തിനിടെ നാടുവിട്ട യുവതി പിന്നീട് കാസർകോട് ബേഡകത്തെ കാമുകനെ വിവാഹം കഴിച്ച് പുതിയ ദാമ്പത്യത്തിലേക്ക് കടന്നിരുന്നു. യുവതിയുടെ ഭർത്താവ്​ മാലൂർ പഞ്ചായത്തിലെ മറ്റൊരു വാർഡിൽ ബി.ജെ.പി സ്ഥാനാർഥിയായി മത്സരിച്ചിരുന്നു.

ബി.ജെ.പി നേതൃത്വത്തെ അങ്കലാപ്പിലാക്കിയാണ് യുവതി കാമുകനൊപ്പം കാസർകോട്ടേക്ക് കടന്നത്. ബേഡഡുക്ക സി.പി.എം കോട്ടയിലെ അരിച്ചെപ്പ്‌ സ്വദേശിക്കൊപ്പമാണ്​ സ്ഥാനാര്‍ഥി ഒളിച്ചോടിയത്. കാമുകൻെറ കുടുംബം ഉറച്ച സി.പി.എമ്മുകാരാണ്. അമ്മ പാർട്ടി അംഗമാണ്​.

ഒളിച്ചോടി ബേഡകത്തെത്തിയ ഇരുവരും പൊലീസിൽ ഹാജരായ ശേഷം അരിച്ചെപ്പ് ക്ഷേത്രത്തിലെത്തി ബന്ധുക്കളുടെ സാന്നിധ്യത്തിൽ വിവാഹിതരാകുയായിരുന്നു. അതിനിടെ യുവതിയെ തിരിച്ച് നാട്ടിലേക്ക് കൊണ്ടുപോകാനുള്ള ബന്ധുക്കളുടെ ശ്രമം പരാജയപ്പെട്ടിരുന്നു. തിരഞ്ഞെടുപ്പിൻെറ പ്രചാരണ തിരക്കുകള്‍ക്കിടയിലാണ് പേരാവൂര്‍ സ്റ്റേഷന്‍ പരിധിയിലുളള സ്വന്തം വീട്ടിലേക്ക് സ്ഥാനാര്‍ഥി വന്നത്. ഇവിടെ നിന്നാണു കാമുകനൊപ്പം നാടകീയമായി കടന്നുകളഞ്ഞത്. ഗള്‍ഫിലായിരുന്ന കാമുകന്‍ കഴിഞ്ഞ ദിവസമാണ്​ നാട്ടിലെത്തിയത്.

സ്ഥാനാര്‍ഥി കാമുകനൊപ്പം ഒളിച്ചോടിയ വാര്‍ത്ത ബി.ജെ.പി കേന്ദ്രങ്ങളില്‍ കനത്ത ആഘാതവും നാണക്കേടും ഉണ്ടാക്കിയിരുന്നു. വോട്ട് തേടി പുറത്തിറങ്ങാന്‍ കഴിയാത്ത അവസ്ഥയിലായിരിക്കുകയാണ് നേതാക്കളും പ്രവര്‍ത്തകരും. സ്ഥാനാര്‍ഥിയുടെ തിരോധാനം സംബന്ധിച്ച് പിതാവിൻെറ പരാതിയില്‍ പേരാവൂര്‍ പൊലീസ് കേസെടുത്ത് അന്വേഷണം തുടങ്ങിയതിനിടെയാണ് യുവതി ബേഡകത്തെ സി.പി.എം കോട്ടയിൽ എത്തിയ വിവരം കിട്ടിയത്.",കണ്ണൂർ: തദ്ദേശ തെരഞ്ഞെടുപ്പ്​ പ്രചാരണച്ചൂടിനിടെ ഭർത്താവിനെയും കുട്ടിയേയും ഉപേക്ഷിച്ച് ഒളിച്ചോടിയ ബി.ജെ.പി വനിത സ്ഥാനാർഥിക്ക് ലഭിച്ചത് 38 വോട്ട്. കണ്ണൂര്‍ മാലൂര്‍ പഞ്ചായത്തില്‍ ബി.ജെ.പി...,mal,madhyamam,Madhyamam,fake news,487f7b33-34cf-4fff-aecf-e06cfa60712e,article,MassiveSum
https://www.15min.lt/naujiena/aktualu/nusikaltimaiirnelaimes/uteniskio-sunkvezimiu-kainos-dvigubai-kyla-ir-krenta-pagal-apsukraus-ju-savininko-norus-59-123840,https://www.15min.lt/naujiena/aktualu/nusikaltimaiirnelaimes/uteniskio-sunkvezimiu-kainos-dvigubai-kyla-ir-krenta-pagal-apsukraus-ju-savininko-norus-59-123840,Uteniškio sunkvežimių kainos dvigubai kyla ir krinta pagal apsukraus jų savininko norus,,"Kaip informuoja Finansinių nusikaltimų tyrimo tarnyba, tyrimo metu nustatyta, kad Utenoje veikianti bendrovė iš Lenkijos įmonės pirko 2 sunkvežimius ir 2 puspriekabes, kurių bendra suma – 203 tūkst. 843 Lt.

Išaiškinta, kad įtariamasis V.M. suklastojo transporto priemonių pirkimo dokumentus, melagingai įrašęs, kad 1 sunkvežimį ir 1 puspriekabę pirko ne bendrovė „Paslaptingas tolis“, o kita to paties akcininko V.M. valdoma Utenos rajone registruota bendrovė. Taip pat beveik dvigubai padidintos transporto priemonių įsigijimo kainos – nurodyta, kad bendra jų vertė iš viso ne 203 tūkst. 843 Lt, o 407 tūkst. 430 Lt.

Tokiu būdu bendrovė „Paslaptingas tolis“ neteisėtai, apgaule susimažino mokėtiną į valstybės biudžetą pelno mokestį. Be to, automobiliais prekiavusi bendrovė „Paslaptingas tolis“ suklastojo įsigijimo dokumentus – apgaule neišrašė 1 sunkvežimio ir 1 puspriekabės pardavimo PVM sąskaitos faktūros pirkėjui ir nesumokėjo į valstybės biudžetą pridėtinės vertės mokesčio.

Paskaičiuota, kad bendrovė „Paslaptingas tolis“ apgaule į valstybės biudžetą nesumokėjo iš viso 99 tūkst. 118 Lt mokesčių.

Baigta baudžiamoji byla perduota nagrinėti Utenos rajono apylinkės teismui. Įtariamajam už įvykdytas nusikalstamas veikas gresia maksimali laisvės atėmimo bausmė iki aštuonerių metų.","Finansinių nusikaltimų tyrimo tarnybos Utenos apskrities skyrius ir Utenos rajono apylinkės prokuratūra baigė ikiteisminį tyrimą, kuriame prekybą automobiliais vykdžiusios bendrovė...",mal,15min,15Min,fake news,6b25bbf7-6c56-4a3a-aa97-e9fc6563cf2d,article,MassiveSum
https://www.madhyamam.com/local-news/kozhikode/2016/apr/25/192704,,മലയോരമേഖലയില്‍ കുടിവെള്ളക്ഷാമം രൂക്ഷം,,"മുക്കം: വേനല്‍ കനത്തതോടെ മലയോര മേഖലയില്‍ കുടിവെള്ളക്ഷാമം രൂക്ഷമായി. കാരശ്ശേരി, കൊടിയത്തൂര്‍ പഞ്ചായത്തുകളിലും മുക്കം നഗരസഭയിലും വലിയതോതിലാണ് ക്ഷാമം നേരിടുന്നത്. ഏക്കര്‍ കണക്കിന് സ്ഥലങ്ങളില്‍ കൃഷി കരിഞ്ഞുണങ്ങുകയാണ്. വാഴ, പച്ചക്കറികള്‍ എന്നിവ നനക്കാന്‍ വെള്ളമില്ലാത്തതിനാല്‍ കര്‍ഷകര്‍ ദുരിതത്തിലാണ്. കാരശ്ശേരി ഗ്രാമപഞ്ചായത്തിന്‍െറ നേതൃത്വത്തില്‍ പഞ്ചായത്തിന്‍െറ 52 കേന്ദ്രങ്ങളില്‍ കുടിവെള്ളവിതരണം ആരംഭിച്ചിട്ടുണ്ട്. നാലുവാഹനങ്ങളിലായി 65,000 ലിറ്റര്‍ വെള്ളമാണ് ദിവസവും വിതരണം നടത്തുന്നത്. രൂക്ഷമായ കുടിവെള്ളക്ഷാമമനുഭവിക്കുന്ന പ്രദേശങ്ങളില്‍ വിതരണം ഏറെ ആശ്വാസമായിട്ടുണ്ട്. എന്നാല്‍, 33 ഡിവിഷനുകളടങ്ങിയ മുക്കം മുനിസിപ്പാലിറ്റിയില്‍ കുടിവെള്ളവിതരണത്തിന് ഇതുവരെ സംവിധാനമായിട്ടില്ല. 2000 ലിറ്റര്‍ വെള്ളവുമായി ഒരു വാഹനം മാത്രമേ സര്‍വിസ് നടത്തു ന്നുള്ളൂ.","മുക്കം: വേനല്‍ കനത്തതോടെ മലയോര മേഖലയില്‍ കുടിവെള്ളക്ഷാമം രൂക്ഷമായി. കാരശ്ശേരി, കൊടിയത്തൂര്‍ പഞ്ചായത്തുകളിലും മുക്കം നഗരസഭയിലും വലിയതോതിലാണ് ക്ഷാമം നേരിടുന്നത്. ഏക്കര്‍ കണക്കിന് സ്ഥലങ്ങളില്‍",mal,madhyamam,Madhyamam,fake news,a3c8d36b-e194-4aa5-bbe7-86cc12d03b1e,article,MassiveSum
https://www.dengeamerika.com/a/2186731.html,https://www.dengeamerika.com/a/2186731.html,Kurdish Radio 1700 To 1800,,Bernameyên Dengê Amerîka (VOA) yên bi zimanê Kurmancî ku li ser înternetê tên weşandin,Bernameyên Dengê Amerîka (VOA) yên bi zimanê Kurmancî ku li ser înternetê tên weşandin,mal,dengeamerika,Denge Amerika,fake news,5bf3df15-fc5b-48fa-acb7-45e6486e140b,article,MassiveSum
https://lao.voanews.com/a/5008417.html,https://lao.voanews.com/a/5008417.html,ບໍ​ລິ​ສັດ Equifax ຈະ​ຈ່າຍ​ເງິນ 700 ລ້ານ​ໂດ​ລາ ເພື່ອ​​ຕົກ​ລົງ ລະ​ງັບ​ຄະ​ດີ ​ຂໍ້​ມູນ​ຮົ່ວ​ໄຫຼ,,"ໜັງ​ສື​ພິມ Wall Street Journal ລາຍ​ງານ​ວ່າ ບໍ​ລິ​ສັດ Equifax ຈະ​ຈ່າຍ​ເງິນ​ປະ​ມານ 700 ລ້ານ​ໂດ​ລາເພື່ອ​ເປັນ​ການ​ຕົກ​ລົງ​ກັບ​ກຳ​ມາ​ທິ​ການ​ດ້ານ​ການ​ຄ້າ​ຂອງ​ລັດ​ຖະ​ບານ​ກາງກ່ຽວ​ກັບ​ການຮົ່ວ​ໄຫຼ​ຂອງ​ຂໍ້​ມູນຈາກ​ບໍ​ລິ​ສັດ​ດັ່ງ​ກ່າວ​ໃນປີ 2017 ທີ່​ໄດ້​ເປີດ​ເຜີຍ​ເລກສັງ​ຄົມ​ສົງ​ເຄາະ ​ແລະ​ຂໍ້​ມູນ​ສ່ວນ​ຕົວ ​ຈຳ​ນວນ​ນຶ່ງ ຂອງເກືອບ 150 ລ້ານ​ຄົນ​.

ໜັງ​ສື​ພິມ Wall Street Journal ​ໄດ້​ອ້າງ​ແຫຼ່ງ​ຂ່າວ​ທີ່​ບໍ່​ໄດ້​ລະ​ບຸ​ຊື່ແຕ່​ຮູ້​ເລື້ອງດີ​ກ່າວ​ວ່າ ການ​ຕົກ​ລົງ​ດັ່ງ​ກ່າວ​ອາດ​ຈະ​ມີ​ການ​ປະ​ກາດ​ໃນ​ວັນ​ຈັນ​ຈະ​ມານີ້. ບໍ​ລິ​ສັດ Equifax ກໍ​ບໍ່​ຍອມ​ໃຫ້​ຄວາມ​ເຫັນ​ໃດໆ​ກ່ຽວ​ກັບ​ເລື້ອງນີ້.

ລາຍ​ງານ​ແຈ້ງວ່າ ການ​ຕົກ​ລົງ​ດັ່ງ​ກ່າວຈະ​ແກ້​ໄຂ​ການ​ສືບ​ສວນ​ຂອງ​ກຳ​ມາ​ທິການ ​ດ້ານ​ການ​ຄ້າ​ຂອງ​ລັດ​ຖະ​ບານ​ກາງຫຼື FTC ຫ້ອງ​ການ​ຄຸ້ມ​ຄອງດ້ານ​ການ​ເງິນ​ຜູ້​ບໍ​ລິ​ໂພກ ແລະເຈົ້າ​ໜ້າ​ທີ່​ຮັບ​ຜິດ​ຊອບ​ໃນ​ດ້ານ​ການ​ເງິນ​ຂອງ​ລັດ​ຕ່າງໆ. ນອກນັ້ນ ການ​ຕົກ​ລົງ​ນີ້ຍັງ​ຈະ​ແກ້​ໄຂ​ການ​ຟ້ອງ​ຮ້ອງ​ຮວມ​ກັນ​ຂອງ​ຜູ້​ບໍ​ລິ​ໂພກ​ໃນ​ທົ່ວ​ປະ​ເທດ​ນຳ​ດ້ວຍ.

ໂຄ​ສົກ​ຂອງ FTC ແລະ​ຫ້ອງ​ການ​ຄຸ້ມ​ຄອງ​ດ້ານ​ການ​ເງິນ​ຜູ້​ບໍ​ລິ​ໂພກ ຍັງ​ບໍ່​ທັນໃຫ້​ຄຳ​ຕອບ ກ່ຽວ​ກັບ​ການ​ໃຫ້​ຄວາມ​ເຫັນ​ໃນ​ແລງວັນ​ສຸກວານນີ້.

ຂໍ້​ມູນ​ທີ່​ຮົ່ວ​ໄຫຼແມ່ນ​ນຶ່ງ​ໃນ​ການ​ຮົ່ວ​ໄຫຼ​ຂອງ​ຂໍ້​ມູນ​ສ່ວນ​ບຸກ​ຄົນທີ່​ໃຫຍ່​ທີ່​ສຸດ​ເທົ່າ​ທີ່​ເຄີຍ​ມີ​ມາ. ບໍ​ລິ​ສັດ Equifax ທີ່​ມີ​ສຳ​ນັກ​ງານ​ຕັ້ງ​ຢູ່​ນະ​ຄອນແອັດ​ແລນ​ຕາບໍ່​ໄດ້ ​ຮູ້​ຈັກ​ວ່າ​ມີ​ໂຈມ​ຕີ​ເປັນ​ເວ​ລາ​ຫຼາຍໆ​ອາ​ທິດ.​ ການ​ຮົ່ວ​ໄຫຼ​ຂອງ​ຂໍ້​ມູນ​ດັ່ງ​ກ່າວ​ແມ່ນຮວມ​ທັງ​ໝາຍ​ເລກ​ປະ​ກັນ​ສັງ​ຄົມ ວັນ​ເດືອນ​ປີ​ເກີດ ທີ່​ຢູ່ ນ້ຳ​ເບີ​ໃບ​ຂັບ​ຂີ່ ແລະໝາຍ​ເລກ​ບັດ​ສິນ​ເຊື່ອ.

ທາງ​ບໍ​ລິ​ສັດ​ກ່າວ​ໃນ​ຕົ້ນ​ປີນີ້​ວ່າ ຕົນ​ໄດ້​ແຍກ​ເງິນ​ໄວ້ 700 ລ້ານ​ໂດ​ລາ ເພື່ອ​ໃຊ້ຈ່າຍ​ທີ່​ຄາດ​ວ່າ​ຈະ​ມີ​ຂຶ້ນ ກ່ຽວ​ກັບ​ການ​ຕົກ​ລົງ​ແລະ​ປັບ​ໃໝ​ໃນ​ເລື້ອງນີ້.",ລາຍ​ງານ​ ຂອງ​ອົງ​ການ​ຂ່າວ​ເອ​ພີ ແຈ້ງວ່າ ບໍ​ລິ​ສັດ Equifax ຈະ​ຈ່າຍ​ເງິນ 700 ລ້ານ​ໂດ​ລາ ເພື່ອ​ແກ້​ໄຂ ການ​ຟ້ອງ​ຮ້ອງ ຂອງ​ກຳ​ມາ​ທິ​ການ ດ້ານ​ການ​ຄ້າ ຂອງ​ລັດ​ຖະ​ບານ​ກາງ.,mal,voanews,VOA News,fake news,34450bf7-34b4-4f26-8f73-9d108c8185b9,article,MassiveSum
https://lao.voanews.com/a/ukraine-parliament-grants-self-rule-to-eastern-regions/2452644.html,https://lao.voanews.com/a/ukraine-parliament-grants-self-rule-to-eastern-regions/2452644.html,ຂໍ້ຕົກລົງ ອີຢູ ແລະ ຢູເຄຣນ,,"4 Ukraine's President Petro Poroshenko is seen on TV monitors as he addresses both European and Ukrainian parliaments during a live video conference between Kyiv and Strasbourg ahead of voting by lawmakers in Strasbourg, Sept, 16, 2014.",,mal,voanews,VOA News,fake news,9167da52-345c-45c6-ad37-5deeee616a50,article,MassiveSum
https://www.madhyamam.com/local-news/malappuram/2018/feb/01/419713,,തിരൂരിൽ ജില്ല കലക്ടറുടെ ജനസമ്പർക്ക പരിപാടി 17ന്,,"തിരൂർ: ജില്ല കലക്ടറുടെ നേതൃത്വത്തിലുള്ള തിരൂർ താലൂക്ക്തല ജനസമ്പർക്കം 17ന് തിരൂർ ജി.എം.യു.പി സ്കൂളിൽ നടക്കുമെന്ന് തഹസിൽദാർ വർഗീസ് മംഗലം വാർത്തസമ്മേളനത്തിൽ അറിയിച്ചു. പരാതികൾ അഞ്ചിനകം ഓൺലൈനായി സമർപ്പിക്കണം. മുഖ്യമന്ത്രിയുടെ ദുരിതാശ്വാസ നിധിയിൽനിന്ന് സഹായം ലഭിക്കുന്നതിനുള്ള അപേക്ഷ, റേഷൻ കാർഡ് ബി.പി.എൽ ആക്കുന്നതിനുള്ള അപേക്ഷ, റീസർവേ സംബന്ധിച്ച പരാതികൾ എന്നിവ സ്വീകരിക്കില്ല. അദാലത്ത് കേന്ദ്രത്തിൽ നേരിട്ടും അപേക്ഷ സമർപ്പിക്കാം. ഇവ ഓൺലൈനായി രജിസ്റ്റർ ചെയ്യാൻ അക്ഷയ കേന്ദ്രങ്ങളുടെ സഹായത്തോടെ പ്രത്യേക കൗണ്ടർ സ്കൂളിൽ പ്രവർത്തിക്കും. www.edistrict.kerala.gov.in വെബ്സൈറ്റ് മുഖേനയാണ് അപേക്ഷ സമർപ്പിക്കേണ്ടത്. കലക്ടറോടൊപ്പം എല്ലാ വകുപ്പുകളുടെയും ജില്ലതല മേധാവികളും പങ്കെടുക്കും. വാർത്തസമ്മേളനത്തിൽ ഹെഡ് ക്വാർട്ടേഴ്സ് ഡെപ്യൂട്ടി തഹസിൽദാർ പി. ഉണ്ണി, ഭൂരേഖ തഹസിൽദാർ എം. ഷാജഹാൻ എന്നിവരും പങ്കെടുത്തു. ക്വിസ് മത്സരം നാളെ തിരൂർ: ഏഴൂർ മതിലിങ്ങൽ എഫ്.ടി.ബി ആർട്സ് ആൻഡ് സ്പോർട്സ് ക്ലബ് എൽ.പി വിദ്യാർഥികൾക്കായി വെള്ളിയാഴ്ച ഗാന്ധിവിചാര പ്രശ്നോത്തരി മത്സരം നടത്തും. ഫോൺ: 9061706084, 9544629830.",തിരൂർ: ജില്ല കലക്ടറുടെ നേതൃത്വത്തിലുള്ള തിരൂർ താലൂക്ക്തല ജനസമ്പർക്കം 17ന് തിരൂർ ജി.എം.യു.പി സ്കൂളിൽ നടക്കുമെന്ന് തഹസിൽദാർ വർഗീസ് മംഗലം വാർത്തസമ്മേളനത്തിൽ അറിയിച്ചു. പരാതികൾ അഞ്ചിനകം ഓൺലൈനായി...,mal,madhyamam,Madhyamam,fake news,2ffd989e-6680-4561-8f83-bbcf27a85fc1,article,MassiveSum
https://www.madhyamam.com/kerala/local-news/idukki/--569916,,ഭൂപ്രശ്നം; അടിമാലിയിൽ ​കോൺഗ്രസ് ഉപവാസം നാളെ,,"അടിമാലി: ജനിച്ച മണ്ണിൽ അവകാശം നിഷേധിക്കുന്ന സർക്കാർ നിലപാടിൽ പ്രതിഷേധിച്ച് ഡി.സി.സി ആരംഭിച്ച സമരങ്ങളുടെ ഭാഗമായി കെ.പി.സി.സി എക്സിക്യൂട്ടിവ് അംഗം എ.കെ. മണി അടിമാലിയിൽ ഉപവസിക്കും. ബുധനാഴ്​ച രാവിലെ 10 മുതൽ വൈകീട്ട് അഞ്ചുവരെയാണ് ഉപവാസം. 1964ലെ ഭൂപതിവ് ചട്ടം പരിഷ്കരിക്കുക, 2019ലെ സർവകക്ഷി യോഗ തീരുമാനം നടപ്പാക്കുക തുടങ്ങി വിവിധ ആവശ്യങ്ങളുന്നയിച്ചാണ് സമരം. കെ.പി.സി.സി ജനറൽ സെക്രട്ടറി റോയി കെ. പൗലോസ്, ഡി.സി.സി പ്രസിഡൻറ്​ ഇബ്രാഹീംകുട്ടി കല്ലാർ, അഡ്വ. ഡീൻ കുര്യാക്കോസ് എം.പി, കെ.പി.സി.സി സെക്രട്ടറിമാരായ എം.എൻ. ഗോപി, തോമസ് രാജൻ, എ.​െഎ.സി.സി അംഗം ഇ.എം. ആഗസ്തി എന്നിവർ സംസാരിക്കും.",ഭൂപ്രശ്നം; അടിമാലിയിൽ ​കോൺഗ്രസ് ഉപവാസം നാളെ,mal,madhyamam,Madhyamam,fake news,32acc759-fdf6-43ec-8a24-50ca47cf437b,article,MassiveSum
https://www.dengiamerika.com/a/a-58-2008-03-16-voa2-89216182/951706.html,https://www.dengiamerika.com/a/a-58-2008-03-16-voa2-89216182/951706.html,به‌هۆی شه‌ڕی عێراق له‌ زۆر شوێنی جیهان ڕای دژ به‌ ئه‌مریكا سه‌رهه‌ڵـده‌دات‌,,بڕیاری وڵاته‌ یه‌كگرتووه‌كانی ئه‌مریكا بۆ داگیركردنی عێراق و ڕوخاندنی ڕژێمه‌كه‌ی سه‌دام حسـێن زۆر له‌سه‌ری كه‌وت و دووچاری گرفت و دژواری زۆری كردووه‌. ڕاوه‌رگرتنه‌ گشتیـیه‌كان نیشـانی ده‌ده‌ن كه‌وا وڵاته‌ یه‌كگرتووه‌كانی ئه‌مریكا له‌ هه‌موو كاتێـك كه‌متر پـشتیوانی نێونه‌ته‌وه‌یی لێـده‌كرێت.په‌یامنێری ده‌نگی ئه‌مریكا مایكڵ بۆمن له‌ واشـنتنه‌وه‌ ڕاپـۆرتێـكی له‌و باره‌یه‌وه‌ ناردووه‌ و تیایدا ده‌ڵێت به‌رده‌وامبوونی ده‌ستێوه‌ردانی ئه‌مریكا له‌ عێراق وروژێنه‌ری سه‌ره‌كی ئه‌و هه‌سته‌ به‌رامبه‌ر به‌ ئه‌مریكا له‌ زۆر شوێنی جیهاندا.هاوكارانمان به‌ڵێن سـاڵح و سه‌ڵاحی پـیرۆتی درێژه‌ی ڕاپـۆرته‌كه‌یان ئاماده‌كردووه‌ و ده‌توانن گوێبیسـتی بن له‌ ڕێـگه‌ی كلیـكـكردنی ئه‌و فایله‌ ده‌نـگیـیه‌ی سه‌ره‌وه‌، ماوه‌كه‌ی 3:33 خوله‌كه‌.,بڕیاری وڵاته‌ یه‌كگرتووه‌كانی ئه‌مریكا بۆ داگیركردنی عێراق و ڕوخاندنی ڕژێمه‌كه‌ی سه‌دام حسـێن زۆر له‌سه‌ری كه‌وت و دووچاری گرفت و دژوار,mal,dengiamerika,Dengi Amerika,fake news,d745b6a2-8e60-45fd-9ab8-d9f2ee23df61,article,MassiveSum
https://www.dengiamerika.com/a/1785569.html,https://www.dengiamerika.com/a/1785569.html,پـشـکنه‌رانی نێونه‌ته‌وه‌یی له‌ له‌کارکه‌وتنی ده‌زگایه‌کی دروسـتکردنی چه‌کی کیمیاوی سوریا دڵنیا ده‌بن,,ده‌سـته‌ی نێونه‌ته‌وه‌یی، ئه‌وه‌ی سه‌رپه‌رشـتی ئه‌رکی له‌ناوبردنی چه‌کی کیمیاوی سوریا ده‌کات، ده‌ڵێت ئێسـتا توانیویه‌تی یه‌کێـک له‌و دوو شوێنه‌ی ماون پـشـتڕاست بکات، ئه‌وانه‌ی به‌هۆی نیگه‌رانی و مه‌ترسی ئاسایشی ڕێـگربوون له‌ سه‌ردانکردنی پـشـکنه‌ران بۆ ئه‌م دوو شوێنه‌. له‌و باره‌یه‌وه‌ ڕۆژی پـێـنجشه‌ممه‌ ڕێـکخراوی قه‌ده‌غه‌کردنی چه‌کی کیمیاوی سوریا ڕایگه‌یاند پـشـکنینی ئه‌م شوێنه‌ له‌ شـاری حه‌له‌ب، ڕاگه‌یاندنه‌که‌ی سوریای پـشـتڕاستکرد په‌یوه‌سـت به‌وه‌ی پـرۆگرامی کیمیاوی تێدا له‌ناوبرابوو و له‌ مێژه‌ به‌جێهێڵراوه‌. ڕێـکخراوی ناوبراو ئاماژه‌ی ئه‌وه‌شی دا شوێنه‌که‌ له‌ ئاکامی شه‌ڕه‌کان زیانی گه‌وره‌ی پـێـگه‌یشتووه‌. شایه‌نی باسه‌ شاری حه‌له‌ب له‌ ماوه‌ی 32 مانگی قه‌یرانی سوریا، یه‌کێک بووه‌ له‌و شارانه‌ی شه‌ڕی قورسی تیادا ڕوویداوه‌. به‌هۆی کاری پـشـکنه‌رانه‌وه‌ ڕێـکخراوی قه‌ده‌غه‌کردنی چه‌کی کیمیاوی نه‌ته‌وه‌ یه‌کگرتووه‌کان ئێسـتا شوێنی له‌ کۆی 23 ده‌زگای چه‌کی کیمیاوی ڕاگه‌یه‌ندراو له‌ لایه‌ن سوریاوه‌، 22 شوێن پـشـتڕاستکراوه‌. جێی ئاماژه‌یه‌ حکومه‌تی سوریا قایل بووه‌ هه‌تا ناوه‌ڕاستی سـاڵی داهاتوو هه‌موو چه‌که‌ کیمیاویـیه‌کانی له‌ناوبـبرێن. له‌ لایه‌کی دیکه‌وه‌ ڕێـکخراوی قه‌ده‌غه‌کردنی چه‌کی کیمیاوی له‌ هه‌فته‌ی ڕابردوو ڕایگه‌یاند یه‌که‌م قۆناغی پـلانی له‌ناوبردنی چه‌که‌ کیمیاویـیه‌کانی حکومه‌تی به‌شـار ئه‌سه‌د ته‌واوبوو‌ که‌ تیایدا ئامێره‌کانی دروسـتکردنی چه‌کی کیمیاوی له‌کارخران.,ده‌سـته‌ی نێونه‌ته‌وه‌یی، ئه‌وه‌ی سه‌رپه‌رشـتی ئه‌رکی له‌ناوبردنی چه‌کی کیمیاوی سوریا ده‌کات، ده‌ڵێت ئێسـتا توانیویه‌تی یه‌کێـک له‌و دوو شوێنه‌ی ماون پـشـتڕاست بکات,mal,dengiamerika,Dengi Amerika,fake news,e370e759-0bd1-44b2-a7c1-30edba52dec4,article,MassiveSum
https://www.15min.lt/verslas/naujiena/finansai/lvlka-vartojimas-atsigauna-vidutine-vartojamoji-paskola-bei-lizingas-auga-662-182529,https://www.15min.lt/verslas/naujiena/finansai/lvlka-vartojimas-atsigauna-vidutine-vartojamoji-paskola-bei-lizingas-auga-662-182529,LVLKA: vartojimas atsigauna - vidutinė vartojamoji paskola bei lizingas auga,,"LVLKA duomenimis, nuo šių metų pradžios asociacijos vienijamos bendrovės „Credit24“, „General Financing“ ir „Moment Credit“ paskolas suteikė tik 67,9 tūkst. t.y. vos 52 proc. besikreipiančių vartotojų, o bendras klientų skaičius paaugo beveik trečdaliu (32 proc.) – nuo 204,8 iki 270,8 tūkstančių kredito gavėjų.

Anot P.Gerulio, pastebima tendencija, jog per tris šių metų ketvirčius vartotojai ėmė kiek palankiau vertinti savo finansines galimybes ir skolinosi didesnes vartojimo lizingo ir kreditų sumas, tačiau rinkosi ne didžiausias įmanomas sumas.

Per tris šių metų ketvirčius vartojimo kreditų ir lizingo paslaugų suteikta beveik 68 tūkst. vienetų – 45 proc. daugiau nei per tą patį praėjusių metų laikotarpį.

Liepos – rugsėjo mėnesiais išaugo ir suteiktos naujų vartojimo kreditų bei lizingo paslaugų sumos. Lyginant su tuo pačiu praėjusių metų laikotarpiu, bendra vidutinė paslaugų suma išaugo nuo 785 Lt. iki 930 Lt. Naujų vartojimo kreditų vidutinė vertė išaugo iki 890 Lt, o vartojimo lizingo paslaugų iki 1311 Lt. Visa naujų suteiktų vartojimo kreditų suma nuo šių metų pradžios, lyginant su praėjusių metų tuo pačiu laikotarpiu, išaugo iki 63,18 mln. Lt. – tai yra 71 proc. daugiau nei praėjusių metų tą patį laikotarpį (36,78 mln. Lt.).

„Pastebimas vartojimo atsigavimas, vidutinės lizingo paslaugų ir vartojimo kreditų sumos dar nepasiekė prieš nuosmukį buvusių rodiklių, tačiau pirmą kartą nuo 2009 metų vidutinės paskolos dydis augo. Greičiausiai vartotojai pradėjo jaustis stabiliau vertindami savo finansines galimybes. Svarbu pabrėžti, kad asociacijos vykdoma atsakingo skolinimo politika nesikeitė – prieš suteikiant bet kokią finansinę paslaugą, vartotojų mokumas buvo kruopščiai vertinamas, todėl toks elgsenos pokytis tik parodo atsigaunantį vartojimą“, – teigia P. Gerulis.

LVLKA narių duomenimis, 96,8 proc. paskolų ar lizingo įsipareigojimų yra įvykdomi laiku ir tik 3,2 proc. paskolų yra įvardijamos kaip blogos – vėluojančios daugiau nei 90 dienų.

LVLKA narių bendras portfelis, lyginant su praėjusių metų trimis ketvirčiais, išaugo beveik 11 proc. ir pasiekė 208,85 mln. litų. Iš jų 27,02 mln. litų sudarė vartojimo lizingas. „Vis daugiau vartotojų perka išsimokėtinai, todėl manome, jog žmonės įžvelgia teigiamas tolimesnes savo finansines perspektyvas ir šiemet jaučiasi finansiškai stabilūs“, – pastebi P. Gerulis.

LVLKA asociacijos nariai prognozuoja, jog paskutinį metų ketvirtį vartojimo kreditų ir lizingo paslaugų apimtys dar labiau augs.","Lietuvos vartojimo lizingo ir kredito asociacijos (LVLKA) duomenimis ūgtelėjo vidutinė vartojamoji paskola ir lizingas. Pasak asociacijos direktoriaus Pranciškaus Gerulio,...",mal,15min,15Min,fake news,1c659435-cbb3-4798-adea-8daac11d77be,article,MassiveSum
https://www.madhyamam.com/local-news/kozhikode/2018/mar/20/451070,,തിരുവമ്പാടി സഹകരണ ബാങ്കിലെ തട്ടിപ്പ്: മാനേജർക്കെതിരെ കേസെടുക്കണം - കോൺഗ്രസ് ( ഐ),,"തിരുവമ്പാടി സഹകരണ ബാങ്കിലെ തട്ടിപ്പ്: മാനേജർക്കെതിരെ കേസെടുക്കണം - കോൺഗ്രസ്-ഐ തിരുവമ്പാടി: സർവിസ് സഹകരണ ബാങ്ക് പണയസ്വർണ തട്ടിപ്പിൽ കുറ്റക്കാരനെന്ന് ബാങ്ക് അച്ചടക്ക സമിതി കണ്ടെത്തിയ മെയിൻ ബ്രാഞ്ച് മാനേജർക്കെതിരെ ക്രിമിനൽ കേസെടുക്കണമെന്ന് കോൺഗ്രസ്-ഐ തിരുവമ്പാടി മണ്ഡലം കമ്മിറ്റി ആവശ്യപ്പെട്ടു. നൂറുകണക്കിന് ഇടപാടുകാരുള്ള ബാങ്കി​െൻറ വിശ്വാസ്യത തകർക്കുന്ന നടപടികളാണ് മാനേജറുടെ ഭാഗത്തുനിന്നുണ്ടായത്. ലക്ഷക്കണക്കിന് രൂപയുടെ സ്വർണപ്പണയ തട്ടിപ്പാണ് നടന്നതെന്ന് ബാങ്ക് തന്നെ സമ്മതിച്ചിരിക്കെ മാനേജർക്കെതിരെയുള്ള നടപടി സസ്പെൻഷനിലൊതുക്കിയ ബാങ്ക് ഭരണസമിതി നിലപാടിൽ ദുരൂഹതയുണ്ട്. പണയസ്വർണ മോഷണം ഉൾപ്പെടെയുള്ള കുറ്റങ്ങളാണ് മാനേജർക്കെതിരെയുള്ളത്. ഈ സാഹചര്യത്തിൽപോലും പൊലീസിൽ പരാതി നൽകാത്ത ബാങ്ക് അധികൃതരുടെ നിലപാട് ഇടപാടുകാരോടുള്ള വെല്ലുവിളിയാണെന്നും കോൺഗ്രസ് മണ്ഡലം കമ്മിറ്റി അഭിപ്രായപ്പെട്ടു. യോഗം ഡി.സി.സി സെക്രട്ടറി ബാബു പൈക്കാട്ടിൽ ഉദ്ഘാടനം ചെയ്തു. മണ്ഡലം പ്രസിഡൻറ് ബോസ് ജേക്കബ് അധ്യക്ഷത വഹിച്ചു. ടി.ജെ. കുര്യാച്ചൻ, എ.കെ. മുഹമ്മദ്, ജോസ് അഗസ്റ്റിൻ, അബ്രഹാം മണ്ഡപത്തിൽ, റോബർട്ട് നെല്ലിക്കതെരുവിൽ, ടോമി കൊന്നക്കൽ, ഹനീഫ ആച്ചപറമ്പിൽ, ഗിരീഷ്കുമാർ കൽപശ്ശേരി, ജെമിഷ് ഇളംതുരുത്തിയിൽ, മറിയാമ്മ ബാബു, കെ.ജെ. ബാബു എന്നിവർ സംസാരിച്ചു.",തിരുവമ്പാടി സഹകരണ ബാങ്കിലെ തട്ടിപ്പ്:  മാനേജർക്കെതിരെ കേസെടുക്കണം - കോൺഗ്രസ്-ഐ തിരുവമ്പാടി: സർവിസ് സഹകരണ ബാങ്ക് പണയസ്വർണ തട്ടിപ്പിൽ കുറ്റക്കാരനെന്ന് ബാങ്ക് അച്ചടക്ക സമിതി കണ്ടെത്തിയ മെയിൻ ബ്രാഞ്ച്...,mal,madhyamam,Madhyamam,fake news,75a99284-0a44-4f2d-b6c4-1065291be7ff,article,MassiveSum
https://janayugomonline.com/144-schools-in-the-state-with-a-face-of-change-through-kiifb/,,കിഫ്ബിയിലൂടെ മാറ്റത്തിന്റെ മുഖവുമായി സംസ്ഥാനത്തെ 144 വിദ്യാലയങ്ങള്‍,,"വികസനത്തിന്റെ പാതയില്‍ സംസ്ഥാനത്തെ പൊതു വിദ്യാലയങ്ങളും. പൊതുവിദ്യാഭ്യാസ സംരക്ഷണ യഞ്ജത്തിന്റെ ഭാഗമായി കിഫ്ബിയിലൂടെ സംസ്ഥാനത്തെ വിദ്യാലയങ്ങള്‍ മാറ്റത്തിലേക്ക് നടന്നു നീങ്ങുന്നു. കിഫ്ബിയുടെ 5 കോടി ധനസഹായത്തോടെ സംസ്ഥാനത്തെ മികവിന്റെ കേന്ദ്രങ്ങളായ 4 സ്കൂളുകള്‍ കെട്ടിടങ്ങളും 3 കോടി ധനസഹായത്തോടെ പുതുതായി നിര്‍മ്മിച്ച 20ഉം നബാര്‍ഡ് സഹായത്തോടെ 4 ഉം പ്ലാൻ ഫണ്ടിന്റെ ഭാഗമായി 62 ഉം സ്കൂള്‍ കെട്ടിടങ്ങള്‍ ഒക്ടോബര്‍ 3 ന് മുഖ്യമന്ത്രി പിണറായി വിജയൻ നിര്‍വഹിക്കും. അതോടൊപ്പം തന്നെ 54 സ്കൂള്‍ കെട്ടിടങ്ങളുടെ പുതിയ കെട്ടിട നിര്‍മ്മാണത്തിന്റെ ശിലാസ്ഥാപനവും നടത്തും.

കിഫ്ബിയുടെ 5 കോടി ധനസഹായം പ്രയോജനപ്പെടുത്തി 56 വിദ്യാലയങ്ങളും 3 കോടി ധനസഹായം പ്രയോജനപ്പെടുത്തി 15 വിദ്യാലയങ്ങളും ഇതിനോടകം തന്നെ ഉദ്ഘായനം ചെയ്തു കഴിഞ്ഞു.

ENGLISH SUMMARY: 144 schools in the state with a face of change through kiifb

YOU MAY ALSO LIKE THIS VIDEO",കിഫ്ബിയിലൂടെ മാറ്റത്തിന്റെ മുഖവുമായി സംസ്ഥാനത്തെ 144 വിദ്യാലയങ്ങള്‍ - Janayugom Online - KIIFB-Thiruvananthapuram,mal,janayugomonline,Janayugomonline,fake news,2120a425-ea7f-4d78-859c-0ca28bd67880,article,MassiveSum
https://www.madhyamam.com/kerala/local-news/trivandrum/--557769,https://www.madhyamam.com/kerala/local-news/trivandrum/--557769,കൺസ്യൂമർ ഫെഡ്​ ഓണച്ചന്തകൾ തുടങ്ങി,,തിരുവനന്തപുരം: കൺസ്യൂമർ ഫെഡിൻെറ 1850 ഓണച്ചന്തകളുടെ സംസ്ഥാനതല ഉദ്ഘാടനം മുഖ്യമന്ത്രി പിണറായി വിജയൻ ഓൺലൈനായി നിർവഹിച്ചു. മന്ത്രി കടകംപള്ളി സുരേന്ദ്രൻ അധ്യക്ഷത വഹിച്ചു. സിവിൽ സപ്ലൈസ് കോർപറേഷ​ൻെറ രണ്ടായിരത്തോളം ഓണച്ചന്തകൾക്ക് പുറ​െമയാണ് കൺസ്യൂമർ ഫെഡി​ൻെറ 850 ഓണച്ചന്തകൾ കൂടി ആരംഭിക്കുന്നത്​. 13 ഇനം സബ്സിഡി സാധനങ്ങളോടൊപ്പം 10 മുതൽ 30 ശതമാനം വരെ വിലക്കുറവിൽ മറ്റ് നിത്യോപയോഗ സാധനങ്ങളും ഓണച്ചന്തകളിൽ ലഭിക്കും. സാമൂഹികഅകലം പാലിച്ചായിരിക്കും ഓണച്ചന്തകളിലെ വിതരണം.,കൺസ്യൂമർ ഫെഡ്​ ഓണച്ചന്തകൾ തുടങ്ങി,mal,madhyamam,Madhyamam,fake news,4a531047-e7f5-4d4f-a826-9dcce97231d3,article,MassiveSum
https://www.madhyamam.com/sports/sports-news/athletics/state-meet/2016/dec/06/235245,,അപാരം അപര്‍ണ | state meet | Madhyamam,,"തേഞ്ഞിപ്പലം: 100 മീറ്ററിലും ലോങ്ജംപിലും ആശിച്ച പ്രകടനം നടത്താന്‍ സാധിക്കാത്ത അപര്‍ണ റോയി, ഹര്‍ഡ്ല്‍സില്‍ റെക്കോഡ് തിരുത്തി മധുര പ്രതികാരം. ജൂനിയര്‍ പെണ്‍കുട്ടികളുടെ 100 മീറ്റര്‍ ഹര്‍ഡ്ല്‍സിലാണ് അപര്‍ണ പുതിയ സമയമെഴുതിയത്. 14.29 സെക്കന്‍ഡില്‍ ഫിനിഷ് ചെയ്ത അപര്‍ണ 2013ല്‍ കോട്ടയത്തിന്‍െറ ഡൈബി സെബാസ്റ്റ്യന്‍ കുറിച്ച 14.93 സെക്കന്‍ഡ് തിരുത്തിയതിനൊപ്പം ദേശീയ റെക്കോഡ് മറികടക്കുകയും ചെയ്തു. സീനിയര്‍ വിഭാഗം ആണ്‍കുട്ടികളില്‍ ഒന്നാമനായ സഹദ് 14.88 സെക്കന്‍ഡിലാണ് ഫിനിഷ് ചെയ്തത്. ജൂനിയര്‍ വിഭാഗം ദേശീയ റെക്കോഡിനുടമയായ അപര്‍ണ (14.49 സെ.) സംസ്ഥാന സ്കൂള്‍ മീറ്റില്‍ നാലാം സ്വര്‍ണമാണ് സ്വന്തമാക്കുന്നത്. സബ്ജൂനിയര്‍ 80 മീറ്റര്‍ ഹര്‍ഡ്ല്‍സില്‍ രണ്ടു തവണ സ്വര്‍ണം നേടിയ താരത്തിന്‍െറ പേരിലാണ് സംസ്ഥാന റെക്കോഡും. ജൂനിയര്‍ വിഭാഗത്തില്‍ കഴിഞ്ഞ വര്‍ഷവും അപര്‍ണക്കുതന്നെയായിരുന്നു സ്വര്‍ണം. പുല്ലൂരാംപാറ സെന്‍റ് ജോസഫ് എച്ച്.എസിലെ വിദ്യാര്‍ഥിയാണ് അപര്‍ണ. നേരത്തേ ലോങ്ജംപിലും 100 മീറ്റര്‍ ഓട്ടത്തിലും വെള്ളി നേടിയിരുന്നു. പെണ്‍കുട്ടികളുടെ റിലേയില്‍ സ്വര്‍ണം നേടിയ കോഴിക്കോട് ടീമിലും അപര്‍ണ അംഗമായിരുന്നു.

സീനിയര്‍ വിഭാഗത്തില്‍ ഒന്നാമനായ സഹദ് ഐഡിയല്‍ കടകശ്ശേരി സ്കൂളിലെ പ്ളസ് ടു വിദ്യാര്‍ഥിയാണ്. സീനിയര്‍ മത്സരത്തിലെ രണ്ട് പ്രധാന താരങ്ങളായ എറണാകുളത്തിന്‍െറ ഓംകാര്‍ നാഥും ഇടുക്കിയുടെ സചിന്‍ ബിനുവും പാതിവഴിയില്‍ ഹര്‍ഡില്‍തട്ടി വീണതോടെയാണ് സഹദിന് സ്വര്‍ണനേട്ടം എളുപ്പമായത്. സീനിയര്‍ ഗേള്‍സില്‍ കോട്ടയം ഭരണങ്ങാനം സെന്‍റ് മേരി ജി.എച്ച്.എസ്.എസിലെ അഞ്ജലി തോമസ് 15.19 സെക്കന്‍ഡില്‍ ഫിനിഷ് ചെയ്ത് സ്വര്‍ണം നേടി.

ജൂനിയര്‍ ആണ്‍കുട്ടികളില്‍ കോഴിക്കോടിന്‍െറ മുഹമ്മദ് ലസാന്‍ ജൂനിയര്‍ വിഭാഗത്തിലെ ആദ്യ സ്വര്‍ണം നേടി വരവറിയിച്ചു. സില്‍വര്‍ ഹില്‍സ് സ്കൂള്‍ താരമായ ലസാന്‍ 13.73 സെക്കന്‍ഡിലാണ് ഫിനിഷ് ചെയ്തത്. കഴിഞ്ഞ വര്‍ഷം കോഴിക്കോട് മീറ്റില്‍ സബ്ജൂനിയര്‍ 80 മീ. ഹര്‍ഡ്ല്‍സില്‍ സ്വര്‍ണജേതാവാണ് ലസാന്‍.

ആണ്‍കുട്ടികളുടെ സബ്ജൂനിയര്‍ വിഭാഗത്തില്‍ മാര്‍ബേസില്‍ താരം വാരിഷ് ബോഗിമയും (11.44 സെ.) പെണ്‍കുട്ടികളില്‍ കോട്ടയം കുറുമ്പനാടം സെന്‍റ് പീറ്റേഴ്സ് എച്ച്.എസ്.എസ് താരം ജോസ്ന ജോസഫും (13.20 സെ.) ജേതാക്കളായി.

ജൂനിയര്‍ വിഭാഗം പെണ്‍കുട്ടികളില്‍ കോട്ടയം താരം അജിനി അശോകന്‍ (14.99), ആണ്‍കുട്ടികളില്‍ പാലക്കാട് ബി.ഇ.എം.എച്ച്.എസ് താരം കെ. സൂര്യജിത് (14 സെ.), സീനിയര്‍ ആണ്‍കുട്ടികളില്‍ കോതമംഗലം സെന്‍റ് ജോര്‍ജ് താരം പി.എ. ഡാര്‍വിന്‍ ജോസഫ്, പെണ്‍കുട്ടികളില്‍ പാലക്കാട് മുണ്ടൂര്‍ എച്ച്.എസ് താരമായ കെ. വിന്‍സി (15.46) എന്നിവര്‍ വെള്ളി നേടി.",ഹര്‍ഡ്ല്‍സില്‍ അപര്‍ണക്ക് പുതിയ റെക്കോഡ്  സ്കൂള്‍ മീറ്റിന് ഇന്ന് സമാപനം,mal,madhyamam,Madhyamam,fake news,df6455c4-e230-4499-8ac1-7ca9036d886f,article,MassiveSum
https://www.madhyamam.com/local-news/kozhikode/2016/oct/10/226243,,‘കണക്ക്’ തെറ്റിച്ചത് പാഠപുസ്തക മാറ്റം,,"കോഴിക്കോട്: പത്താം തരം പാദവാര്‍ഷിക പരീക്ഷയില്‍ ജില്ലയിലെ വിദ്യാര്‍ഥികള്‍ക്ക് കണക്കിന് മാര്‍ക്ക് കുറയാന്‍ പ്രധാന കാരണം അശാസ്ത്രീയമായ പാഠപുസ്തക മാറ്റം. ഈ അധ്യയനവര്‍ഷം മുതല്‍ മാറിയ ഒമ്പതാം ക്ളാസ് പാഠപുസ്തകത്തിന്‍െറ തുടര്‍ച്ചയാണ് പത്താം തരത്തിലെ മിക്ക പാഠഭാഗങ്ങളും. ഒരേസമയം ഒമ്പതും പത്തും ക്ളാസുകളിലെ പുസ്തകം മാറിയതിനാല്‍ പത്താം ക്ളാസുകാര്‍ക്കാണ് തിരിച്ചടിയായത്. പൊതുവെ ഉന്നതനിലവാരം പുലര്‍ത്തുന്നതാണ് പുതിയ പാഠ്യപദ്ധതി. ഇതുമായി ഇണങ്ങാന്‍ വിദ്യാര്‍ഥികള്‍ക്കും അധ്യാപകര്‍ക്കും സമയമെടുത്തുവെന്നും ഗണിതശാസ്ത്ര അധ്യാപകര്‍ പറഞ്ഞു. ഒമ്പതാം ക്ളാസിലെ പുസ്തകം പരിഷ്കരിച്ചാല്‍ പിറ്റേ വര്‍ഷമാണ് പത്തിലേത് മാറ്റേണ്ടത്. എങ്കിലേ ഒമ്പതിന്‍െറ തുടര്‍ച്ച പത്താം ക്ളാസില്‍ ലഭിക്കൂ. പത്തിലെ പല പാഠഭാഗത്തും ഒമ്പതാം ക്ളാസില്‍ പഠിച്ചിരുന്നല്ളോ എന്നു സൂചിപ്പിക്കുന്നുമുണ്ട്. പ്രയാസം മുന്‍കൂട്ടിക്കണ്ട് പ്രത്യേക കൈപ്പുസ്തകംകൂടി പ്രസിദ്ധീകരിക്കാന്‍ തീരുമാനിച്ചെങ്കിലും ആ ശ്രമം പിന്നീട് ഉപേക്ഷിച്ചു. ചോദ്യപേപ്പറിലെ മാറ്റങ്ങളും വിദ്യാര്‍ഥികള്‍ക്ക് തിരിച്ചടിയായി. രണ്ടുവര്‍ഷമായി നേരിട്ടുള്ള ചോദ്യങ്ങള്‍ കണ്ടുശീലിച്ച വിദ്യാര്‍ഥികള്‍ക്ക് പ്രായോഗിക രീതിയിലുള്ള ചോദ്യങ്ങളാണ് പാദവാര്‍ഷിക പരീക്ഷക്ക് വന്നത്. ചോദ്യങ്ങളിലെ ഉന്നതനിലവാരത്തിനു പുറമെ പ്രതീക്ഷിക്കാത്ത ഏതാനും ചോദ്യങ്ങളും വന്നു. ഇതെല്ലാം പാദവാര്‍ഷിക പരീക്ഷയില്‍ മിക്ക വിദ്യാര്‍ഥികളുടെയും എ പ്ളസ് സാധ്യത കുറച്ചതായും അധ്യാപകര്‍ വിലയിരുത്തി. ജില്ലാ പഞ്ചായത്ത് വിജയോത്സവം പദ്ധതിയുടെ ഭാഗമായി പാദവാര്‍ഷിക പരീക്ഷാഫലം അവലോകനം ചെയ്തപ്പോഴാണ് കണക്കിലെ നിലവാരത്തകര്‍ച്ച ചര്‍ച്ചയായത്. ജില്ലയിലെ 182 സ്കൂളുകളിലായി പാദവാര്‍ഷിക പരീക്ഷയെഴുതിയ 42,305 പേരില്‍ രണ്ട് ശതമാനം പേര്‍ക്ക് മാത്രമാണ് കണക്കിന് എ പ്ളസ് ലഭിച്ചത്. 47 ശതമാനം പേരും ഡി പ്ളസിനു താഴെയാണ്. വര്‍ഷങ്ങളായി സംസ്ഥാനത്ത് ഏറ്റവും കൂടുതല്‍ എ പ്ളസുകാരെ സംഭാവന ചെയ്യുന്ന ജില്ലക്കാണ് പെട്ടെന്നുള്ള മാറ്റം. ജില്ലാ വിദ്യാഭ്യാസ പരിശീലന കേന്ദ്രമാണ് പരീക്ഷാഫല അവലോകനത്തിന് ഓണ്‍ലൈന്‍ വഴി വിവരശേഖരണം നടത്തിയത്. കണക്കിനുപുറമെ ഇംഗ്ളീഷിനും എ പ്ളസുകാരുടെ എണ്ണം കുത്തനെ ഇടിഞ്ഞിട്ടുണ്ട്. എട്ടുശതമാനത്തില്‍ താഴെയാണ് ഇംഗ്ളീഷ് എ പ്ളസുകാരുടെ എണ്ണം. കണക്കിന് മൂന്നുശതമാനം പേര്‍ക്കാണ് എ ഗ്രേഡുള്ളത്. അഞ്ചുശതമാനം പേര്‍ക്ക് ബി പ്ളസും ആറുശതമാനം പേര്‍ക്ക് ബിയും എട്ട് ശതമാനത്തിന് സി പ്ളസുമാണുള്ളത്.",കോഴിക്കോട്: പത്താം തരം പാദവാര്‍ഷിക പരീക്ഷയില്‍ ജില്ലയിലെ വിദ്യാര്‍ഥികള്‍ക്ക് കണക്കിന് മാര്‍ക്ക് കുറയാന്‍ പ്രധാന കാരണം അശാസ്ത്രീയമായ പാഠപുസ്തക മാറ്റം. ഈ അധ്യയനവര്‍ഷം മുതല്‍ മാറിയ ഒമ്പതാം ക്ളാസ്...,mal,madhyamam,Madhyamam,fake news,9a1bf844-149f-423a-9804-7f9b98b8d9d5,article,MassiveSum
https://www.madhyamam.com/kerala/local-news/idukki/--531016,,അനധികൃത കെട്ടിടം: നിവേദനം ആറാഴ്​ചക്കകം പരിഗണിച്ച്​ തീർപ്പാക്കണമെന്ന്​ ഹൈകോടതി,,കൊച്ചി: കളമശ്ശേരി നഗരസഭയിൽ സ്വകാര്യ എൻജിനീയറിങ്​ കോളജിന്​ അനധികൃതമായി നിർമിച്ച കെട്ടിടം പൊളിക്കണമെന്ന നിവേദനം ആറാഴ്​ചക്കകം പരിഗണിച്ച്​ തീർപ്പാക്കണമെന്ന്​ ഹൈകോടതി. ഐസാറ്റ് കോളജിന്​ നിർമിച്ച കെട്ടിടം അനധികൃതമാണെന്നും പൊളിക്കാൻ ഉത്തരവിടണമെന്നുമാവശ്യപ്പെട്ട്​ കളമശ്ശേരി സ്വദേശി ബോസ്കോ ലൂയിസ് നൽകിയ ഹരജിയിലാണ്​ നഗരസഭക്ക്​ ജസ്​റ്റിസ്​ അനു ശിവരാമ​ൻെറ നിർദേശം​. നഗരസഭക്ക്​ നിവേദനം നൽകിയെങ്കിലും നടപടിയുണ്ടായില്ലെന്ന്​ ഹരജിക്കാരൻ കോടതി​യിൽ ചൂണ്ടിക്കാട്ടി. തുടർന്നാണ്​ ഇക്കാര്യത്തിൽ ഒന്നര മാസത്തിനകം തീരുമാനമെടുക്കാൻ ഉത്തരവിട്ടത്​. എതിർകക്ഷികൾക്ക് നോട്ടീസ് നൽകി വാദം കേട്ടശേഷം ഉചിത ഉത്തരവിറക്കാനാണ് നിർദേശം.,അനധികൃത കെട്ടിടം: നിവേദനം ആറാഴ്​ചക്കകം പരിഗണിച്ച്​ തീർപ്പാക്കണമെന്ന്​ ഹൈകോടതി,mal,madhyamam,Madhyamam,fake news,3c2cfa9e-a015-4a1c-bf67-7a9fee84f636,article,MassiveSum
https://nra.lv/horoskopi/293537-tests-saderibas-indekss-ar-miloto.htm,https://nra.lv/horoskopi/293537-tests-saderibas-indekss-ar-miloto.htm,TESTS! Saderības indekss ar mīļoto,,"Šis ir saderības noteikšanas tests, ar ko sveču gaismā parotaļāties romantiski noskaņotajiem. Lai noteiktu saderības indeksu, jāizmanto savs un partnera dzimšanas datums.

Piemēram, esat dzimis 15. datumā. Saskaitiet 1+5, summā būs 6. Tas ir jūsu kods. Pieņemsim, jūsu partneris ir dzimis 8. datumā. Jūsu kods ir 6, viņa - 8. Abus skaitļus saskaitot, iegūstat 14. Tā kā saderības indekss var būt tikai viencipara skaitlis, saskaitiet vēlreiz: 1+4=5. Tātad jūsu saderība atbilst skaitlim 5.

1. Esat pietiekami saskanīgs pāris, tomēr bieži vien jūsu individuālās vēlmes, plāni un mērķi ļoti atšķiras. Katrs no jums vēlas pašapliecināties, pierādīt sevi, un ne viens, ne otrs nevēlas atkāpties bez kaujas. Ja vien pacietīgāk uzklausīsiet viens otru, pat ja daudz kas no partnera teiktā šķitīs fantāziju vērts, rezultātā iznāks harmoniska ģimene.

2. Esat uz viena - romantikas - viļņa. Abi esat līdzīgi - emocionāli un jūtīgi cilvēki. Ja saglabāsiet mūžīgo mīlētāju attiecības, tad laulības dzīve necietīs krahu ikdienas rutīnā un garlaicīgajā sadzīvē. Ja būsiet sarūpējuši mājokli un kopdzīves finansiālo pamatu pirms došanās pie altāra, tad arī pēc 20 laulībā pavadītiem gadiem iegūsiet Grand Prix nominācijā Ideālais pāris.

3. Jūs vieno viena ellīgi skaista lieta - kaislība. Attiecībās dominē seksuālā puse. Esat tik ļoti iekrituši erotiskā valdzinājuma slazdā, ka ārpus gultas, iespējams, viens par otru neko daudz nezināt. Ja veltīsiet viens otram vairāk laika arī citās dzīves norisēs, tad gaidāma laimīga un ilga kopdzīve.

4. Drīzāk cieši draudzējaties, nevis spēcīgi mīlat. Iespējams, jums nevajag apprecēties, lai kļūtu tuvāki un viens otrā vairāk ieinteresēti. Tomēr ja nolemsiet oficiāli legalizēt savas attiecības, tad laulībā valdīs pilnīga sapratne un saskaņa. Diemžēl krāšņas emocijas un seksuālu baudu, iespējams, nāksies meklēt ārpus laulības. Tāpēc izlemiet, vai vēlaties dzīvot dubultu dzīvi.

5. Katrs no jums ir sajūsmā par sevi, toties no partnera gaida saprātīgu rīcību un mazāk ekscentriskuma. Abi visu laiku spēlējat uz dažādiem vārtiem, nevis esat vienota komanda, un tas šo partnerību padara vienlaikus gan pievilcīgu, gan nestabilu. Jums nenāktu par ļaunu vairāk jaunrades, kopīgi plānojot savu ikdienu un atpūtu, tad pastāv iespēja kopā pavadīt pat vairākas desmitgades.

6. Esat burtiski saplūduši viens ar otru un nevēlaties šo stāvokli mainīt. No malas daudziem šķiet, ka tāds pārītis ir visai dīvains, bet īstenībā jūsu saprašanos var apskaust. Esat izveidojuši tikai sev diviem vien ideālo pasauli, kurā laimīgi dzīvojat. Tajā pašā laikā daudzi citi pūlas savienot divas pilnīgi atšķirīgas pasaules, kas nekādi nesader kopā. Tāpēc viņu intereses nemitīgi saduras, bet jums šādu problēmu nav.

7. Abi ļoti cenšaties kļūt par laimīgu pāri, bet - kaut kad tālākā nākotnē. Lai tā notiktu, pacentieties vispirms noticēt katrs sev, tad savstarpējās attiecības nešķitīs tik trauslas. Un vēl kas. Izturieties saudzīgāk pret to saprašanās devu, ko jau esat panākuši. Nepieļaujiet, lai kāds apvainojums vai līdz galam nenoskaidrota un neizrunāta situācija jūs izšķir.

8. Kopā esat neuzvarami. Ienaidnieki lai dreb! Šajās partnerattiecībās notiek mūžīga cīņa vienam ar otru. Katram gribas būt galvenajam, būt gan galvai, gan kaklam, kas galvu groza. Nebīstieties, attiecības tāda sāncensība nesagraus. Jūs kopā satur vēlme būt līderiem. Kamēr centīsieties to sasniegt godīgā un atklātā cīņā, jūs izšķirt būs ļoti grūti. Ja vienam no pāra tas viss apniks, tad šķiršanās būs tikpat kā neizbēgama.

9. Diez vai jūs būtu kopā, ja ne lielisks sekss un kaislīga vēlēšanās vienam pēc otra. Intīmam romānam ar to pietiek, bet laulībai var būt arī drusku par maz. Nesteidzieties precēties, bet turpiniet šajās attiecībās baudīt lielisko fizisko, ķermenisko saskaņu. Kad šī tēma būs sevi izsmēlusi, protiet vai nu palikt kopā, vai skaisti izšķirties un visu mūžu atcerēties tikai labāko.","Šis ir saderības noteikšanas tests, ar ko sveču gaismā parotaļāties romantiski noskaņotajiem. Lai noteiktu saderības indeksu, jāizmanto savs un partnera dzimšanas datums.",mal,nra,NRA,fake news,c4a00a86-355e-407b-b62d-06991a380d8d,article,MassiveSum
https://www.madhyamam.com/local-news/malappuram/2018/mar/03/439171,https://www.madhyamam.com/local-news/malappuram/2018/mar/03/439171,വിദ്യാർഥി​യെ പോസ്​റ്റിൽ കെട്ടിയിട്ട്​ അതിരുകടന്ന ജന്മദിനാഘോഷം; പൊലീസ്​ കേസെടുത്തു,,"തൊടുപുഴ: വിദ്യാർഥികളുടെ അതിരുകടന്ന ജന്മദിനാഘോഷം സമൂഹമാധ്യമങ്ങളിൽ പ്രചരിച്ചതിനെത്തുടർന്ന് പൊലീസ് സ്വമേധയാ കേസെടുത്തു. തൊടുപുഴക്ക് സമീപത്തെ സ്വാശ്രയ കോളജ് വിദ്യാർഥികൾക്കെതിരെയാണ് കേസ്. കോളജിന് സമീപത്തെ ഇടറോഡിൽ വൈദ്യുതി പോസ്റ്റിൽ വിദ്യാർഥിയെ കെട്ടിയിട്ട് നടത്തിയ ആഘോഷങ്ങളാണ് വിവാദമായത്. 3.19 മിനിറ്റ് ദൈർഘ്യമുള്ള വിഡിയോയിൽ വിദ്യാർഥി കടുത്ത പീഡനം ഏറ്റുവാങ്ങുന്നതായി കാണാം. അതേസമയം, സഹപാഠികൾക്കെതിരെ മൊഴി നൽകാൻ ഇരയായ വിദ്യാർഥി തയാറായിട്ടില്ല. ബി.കോം രണ്ടാംവർഷ വിദ്യാർഥിയുടെ ജന്മദിനമാണ് സഹപാഠികൾ ആഘോഷമാക്കിയത്. പ്ലാസ്റ്റിക് കയർ ഉപയോഗിച്ച് കൈകൾ പിന്നിലാക്കി പൊതുനിരത്തിലെ വൈദ്യുതി പോസ്റ്റിൽ ബന്ധിച്ചു. ശേഷം, വിവിധ നിറത്തിലുള്ള വർണപ്പൊടികൾ വിദ്യാർഥിയുടെ ദേഹമാസകലം വിതറിക്കൊണ്ടിരുന്നു. അതോടൊപ്പം കുപ്പികളിൽ കൊണ്ടുവന്ന ചായം കലക്കിയ വെള്ളവും ചാണകവെള്ളവും തലയിലും മുഖത്തും ഒഴിച്ചു. വർണപ്പൊടിയും വെള്ളവും കണ്ണിൽ വീഴാതിരിക്കാൻ തലകുനിച്ചു നിൽക്കുേമ്പാൾ മുഖത്തേക്ക് ശക്തിയായി അവ എറിയുന്നതും വിദ്യാർഥി എതിർക്കാൻ ശ്രമിക്കുന്നതും ദൃശ്യങ്ങളിൽ കാണാം. കൂട്ടത്തിൽ തന്നെയുള്ളവർ മൊബൈൽ ഫോണിൽ ചിത്രീകരിച്ച വിഡിയോയാണ് ഇപ്പോൾ സാമൂഹമാധ്യമങ്ങൾ വഴി പ്രചരിക്കുന്നത്. വ്യാപക പ്രതിഷേധം ഉയർന്നതോടെ മുഖ്യമന്ത്രിയുടെയും മനുഷ്യാവകാശ കമീഷ​െൻറയും ഓഫിസ് വിഷയത്തിൽ ഇടെപട്ടു. തുടർന്ന് തൊടുപുഴ എസ്.ഐ വി.സി. വിഷ്ണുകുമാറും സംഘവും കോളജിലെത്തി വിവരങ്ങൾ ശേഖരിച്ചു. എന്നാൽ, സംഭവം വിവാദമായതോടെ ത​െൻറ അറിവോടെയാണ് സുഹൃത്തുക്കൾ ഇതൊക്കെ ചെയ്തതെന്നാണ് വിദ്യാർഥിയുടെ പ്രതികരണം. ഭീതിപരത്തുന്ന രീതിയിൽ ചിത്രങ്ങൾ പ്രചരിപ്പിച്ചതിനും പോസ്റ്റിൽ കെട്ടിയിട്ട് മർദിച്ചതിനുമാണ് വിദ്യാർഥികൾെക്കതിരെ കേസെടുത്തതെന്ന് പൊലീസ് പറഞ്ഞു. കോളജിന് പുറത്താണ് സംഭവം നടന്നതെന്നും കൂടുതൽ വിവരങ്ങൾ അറിയില്ലെന്നുമാണ് കോളജ് അധികൃതരുടെ വിശദീകരണം.",തൊടുപുഴ: വിദ്യാർഥികളുടെ അതിരുകടന്ന ജന്മദിനാഘോഷം സമൂഹമാധ്യമങ്ങളിൽ പ്രചരിച്ചതിനെത്തുടർന്ന് പൊലീസ് സ്വമേധയാ കേസെടുത്തു. തൊടുപുഴക്ക് സമീപത്തെ സ്വാശ്രയ കോളജ് വിദ്യാർഥികൾക്കെതിരെയാണ് കേസ്. കോളജിന്...,mal,madhyamam,Madhyamam,fake news,ca525714-da1d-44f9-a008-7d7c3855ff17,article,MassiveSum
https://www.15min.lt/naujiena/aktualu/lietuva/lietuvos-atstovas-esbo-policijos-patariamosios-grupes-kirgizijai-sudetyje-56-111868,https://www.15min.lt/naujiena/aktualu/lietuva/lietuvos-atstovas-esbo-policijos-patariamosios-grupes-kirgizijai-sudetyje-56-111868,Lietuvos atstovas - ESBO policijos patariamosios grupės Kirgizijai sudėtyje,,"Sėkmingai praėjęs ESBO Sekretoriato organizuotą atranką, A.Šakočius yra skiriamas į ESBO policijos patariamosios grupės Kirgizijai vadovo specialiojo patarėjo pareigas, teigiama pranešime spaudai.

Atsiliepdamos į politinių neramumų kamuojamos Kirgizijos prašymą padėti išspręsti krizę šalyje, 56 ESBO valstybės narės 2010 metų liepos 22 dieną Vienoje priėmė sprendimą į Kirgiziją keturiems mėnesiams siųsti ESBO policijos patariamąją grupę.

Grupė, kurią sudarys 52 policijos pareigūnai iš ESBO valstybių, prisidės prie padėties šalyje sureguliavimo. Policijos patariamosios grupės tikslas – padėti Kirgizijos valdžiai atstatyti viešąją tvarką, sumažinti etninę įtampą ir stiprinti Kirgizijos viešąją tvarką užtikrinančių struktūrų pajėgumus.

Dalyvavimas ESBO policijos grupės veikloje Kirgizijoje bus unikali patirtis Lietuvai rengiantis pirmininkauti ESBO 2011 metais.",Lietuva į Europos saugumo ir bendradarbiavimo organizacijos (ESBO) policijos patariamąją grupę Kirgizijai deleguoja Lietuvos policijos mokyklos viršininko pavaduotoją prof. Alvydą...,mal,15min,15Min,fake news,d1d3d89c-3fbe-4bd5-84d6-8186a7f9c355,article,MassiveSum
https://www.madhyamam.com/local-news/thrissur/2018/apr/28/475768,,വനമേഖലയിലെ റോഡ്​ കോൺക്രീറ്റ്​ ചെയ്യാൻ തുക,,വടക്കാഞ്ചേരി: റെയില്‍വേ സ്റ്റേഷന്‍-ചരല്‍പ്പറമ്പ് റോഡിലെ വനമേഖലയിലൂടെ കടന്നു പോകുന്ന 260 മീറ്റര്‍ റോഡ് കോണ്‍ക്രീറ്റ് ചെയ്യാൻ ആസ്തി വികസന ഫണ്ടില്‍നിന്ന് 12 ലക്ഷം രൂപ അനുവദിച്ചതായി അനില്‍ അക്കര എം.എല്‍.എ അറിയിച്ചു. തൃശൂർ ഡി.എഫ്.ഒ നല്‍കിയ ഉത്തരവ് അനുസരിച്ച് പൊതുമരാമത്ത് വകുപ്പ് മുഖേനയാണ് പ്രവൃത്തി നടപ്പാക്കുന്നത്. റോഡ് കോണ്‍ക്രീറ്റ് ചെയ്യാൻ നഗരസഭ സെക്രട്ടറി അനുമതി നല്‍കിയതായി എം.എൽ.എ അറിയിച്ചു.,വടക്കാഞ്ചേരി: റെയില്‍വേ സ്റ്റേഷന്‍-ചരല്‍പ്പറമ്പ് റോഡിലെ വനമേഖലയിലൂടെ കടന്നു പോകുന്ന 260 മീറ്റര്‍ റോഡ് കോണ്‍ക്രീറ്റ് ചെയ്യാൻ ആസ്തി വികസന ഫണ്ടില്‍നിന്ന് 12 ലക്ഷം രൂപ അനുവദിച്ചതായി അനില്‍ അക്കര...,mal,madhyamam,Madhyamam,fake news,5171bbce-b970-4a00-9294-9a47aef2e872,article,MassiveSum
https://www.madhyamam.com/local-news/thrissur/2018/aug/02/533029,https://www.madhyamam.com/local-news/thrissur/2018/aug/02/533029,ബണ്ട് റോഡിലെ കുഴിയിൽവീണ് ബൈക്ക് യാത്രിക‍െൻറ കാലൊടിഞ്ഞു,,ചേർപ്പ്: പഴുവിൽ-കീഴ്പ്പുള്ളിക്കര ബണ്ട് റോഡിലെ കുഴിയിൽ വീണ് ബൈക്ക് യാത്രിക​െൻറ കാലൊടിഞ്ഞു. കീഴ്പ്പുള്ളിക്കര സ്വദേശി ഐനിക്കൽ വിപിൻദാസിനാണ് (29)പരിക്കേറ്റത്. വീട്ടിലേക്ക് പോകുമ്പോഴാണ് അപകടം. ഇയാൾ മെഡിക്കൽ കോളജിൽ ചികിത്സയിലാണ്. റോഡിൽ കൈവരികളോ വിളക്കുകളോ ഇല്ല. അപകടം സംഭവിച്ചാൽ നേരെ പുഴയിലേക്കാണ് വീഴുക. റോഡി​െൻറ ഇരുവശങ്ങളിലും കൈവരികളും തെരുവ് വിളക്കുകളും സ്ഥാപിക്കണമെന്ന് ആവശ്യപ്പെട്ട് നാട്ടുകാർ പൊതുമരാമത്ത് എൻജിനീയർക്ക് നിവേദനം സമർപ്പിച്ചെങ്കിലും നടപടിയുണ്ടായില്ല.,ചേർപ്പ്: പഴുവിൽ-കീഴ്പ്പുള്ളിക്കര ബണ്ട് റോഡിലെ കുഴിയിൽ വീണ് ബൈക്ക് യാത്രിക​െൻറ കാലൊടിഞ്ഞു. കീഴ്പ്പുള്ളിക്കര സ്വദേശി ഐനിക്കൽ വിപിൻദാസിനാണ് (29)പരിക്കേറ്റത്. വീട്ടിലേക്ക് പോകുമ്പോഴാണ് അപകടം. ഇയാൾ...,mal,madhyamam,Madhyamam,fake news,b914f957-65ac-409b-8d5e-04c1f9477cab,article,MassiveSum
https://www.15min.lt/naujiena/aktualu/pasaulis/johnas-kerry-sirijos-saugumo-zonos-gyvavimui-reiketu-iki-30-tukst-kariu-57-587165,https://www.15min.lt/naujiena/aktualu/pasaulis/johnas-kerry-sirijos-saugumo-zonos-gyvavimui-reiketu-iki-30-tukst-kariu-57-587165,Johnas Kerry: Sirijos saugumo zonos gyvavimui reikėtų iki 30 tūkst. karių,,"„Ar mes esame pasiruošę jų siuntimui?“, – ketvirtadienį JAV Senato narių klausė J.Kerry.

Nors ugnies nutraukimas Sirijoje turėtų įsigalioti jau ateinantį šeštadienį, Vašingtone vis garsiau kalbama apie raginimus ruoštis vadinamajam „Planui B“ – kariniams veiksmams, jeigu paliaubos žlugtų. Dauguma respublikonų, tarp kurių yra ir Donaldas Trumpas, reikalauja sukurti saugumo zoną Šiaurės Sirijoje norint apsaugoti didėjantį perkeltų asmenų skaičių.

Ketvirtadienį J.Kerry pabrėžė, kad saugumo zonos sukūrimas nėra toks lengvas procesas, kaip atrodo. Anot jo, būtina ne tik oro erdvės kontrolė, bet ir saugumo pajėgos, kurios apsaugotų civilius gyventojus nuo „Islamo valstybės“ (ISIS) atakų.

„Mūsų Pentagone atliktais skaičiavimais, norint turėti tikrą saugumo zoną šalies šiaurėje, gali prireikti nuo 15 iki 30 tūkstančiu karių. Ar esame pasiruošę jų siuntimui?“, – klausė J.Kerry.

Galimas neskraidymo zonos Sirijoje sukūrimas reikštų ir draudimą virš jos skraidyti Rusijos lėktuvams, o tai reikštų Vašingtono konfliktą su Maskva.

Trečiadienį J.Kerry Senate pareiškė, kad prireiks dviejų – trijų mėnesių tam, kad JAV žinotų, ar Sirijos prezidentas Bashas al Assadas ir Rusija yra pasiruošę politiniam pereinamajam laikotarpiui. Jeigu paaiškės, kad tam nėra pasiruošta, Vašingtonas svarstys „Planą B“, teigė J.Kerry.

Atremdamas kritiką iš Senato respublikonų pusės, kurie kaltino Baracką Obamą nesugebėjimu ryžtingai elgtis praeityje, J.Kerry pareiškė, kad būtų klaidinga manyti, jog šį sykį prezidentas nesiims būtinų veiksmų.","JAV Valstybės sekretorius Johnas Kerry pareiškė, kad norint išsaugoti vadinamąją saugumo zoną šiaurinėje Sirijos dalyje, gali prireikti nuo 15 iki 30 tūkst. sausumos karių, praneš...",mal,15min,15Min,fake news,91ad40e1-a0e7-4400-a2b3-1f002bd75edd,article,MassiveSum
https://www.madhyamam.com/sports/sports-news/cricket/ipl-2019-sports-news/607898,,ഡൽഹി ഒന്നാമത്; ബാംഗ്ലൂരിൻെറ പ്രതീക്ഷകൾ അസ്തമിച്ചു,,"ന്യൂ​ഡ​ൽ​ഹി: ഹാ​ട്രി​ക്​ ജ​യ​വു​മാ​യി ഐ.​പി.​എ​ൽ പോ​രി​ലേ​ക്ക്​ തി​രി​ച്ചു​വ​ന്ന റോ​യ​ൽ ച​ല​ഞ്ചേ​ഴ്​​സ് ​ ബാം​ഗ്ലൂ​രി​​െൻറ പ്ര​തീ​ക്ഷ​ക​ൾ നു​ള്ളി​ക്ക​ള​ഞ്ഞ്​ ഡ​ൽ​ഹി ക്യാ​പി​റ്റ​ൽ​സ്. ഫി​റോ​സ്​ ഷാ ​കോ​ട്​​ല​യ ി​ൽ ന​ട​ന്ന മ​ത്സ​ര​ത്തി​ൽ ബാം​ഗ്ലൂ​രി​നെ ​16 റ​ൺ​സി​ന്​ തോ​ൽ​പി​ച്ച േ​ശ്ര​യ​സ്​ അ​യ്യ​റും സം​ഘ​വും ​േപ്ല​ഒ ാ​ഫി​ൽ ഇ​ടം​പി​ടി​ച്ചു. ആ​റു വ​ർ​ഷ​ത്തി​നി​ടെ ഇ​താ​ദ്യ​മാ​യാ​ണ്​ ഡ​ൽ​ഹി​യു​ടെ ​േപ്ല​ഒാ​ഫ്​ പ്ര​വേ​ശം. ആ​ദ് യം ബാ​റ്റു​ചെ​യ്​​ത ഡ​ൽ​ഹി 187 റ​ൺ​സെ​ടു​ത്ത​പ്പോ​ൾ, മ​റു​പ​ടി ബാ​റ്റി​ങ്ങി​ൽ ബാം​ഗ്ലൂ​രി​ന്​ 171 റ​ൺ​സെ​ടു​ക്കാ​നെ സാ​ധി​ച്ചു​ള്ളൂ. 12 മ​ത്സ​ര​ങ്ങ​ളി​ൽ എ​ട്ടു​ ജ​യ​ങ്ങ​ളു​മാ​യാ​ണ്​ ഡ​ൽ​ഹി​യു​ടെ ​േപ്ല​ഒാ​ഫ്​ ​േയാ​ഗ്യ​ത. അ​തേ​സ​മ​യം, ര​ണ്ടു ക​ളി മാ​ത്രം ബാ​ക്കി​യു​ള്ള ബാം​ഗ്ലൂ​ർ ​പു​റ​ത്താ​യി. ബാ​റ്റ്​​സ്​​മാ​ന്മാ​രു​ടെ മി​ക​ച്ച പ്ര​ക​ട​ന​ത്തി​നു പു​റ​മെ, മി​ഡി​ൽ ഒാ​വ​റു​ക​ളി​ൽ റ​ൺ​സ്​ അ​നു​വ​ദി​ക്കാ​​തി​രു​ന്ന അ​മി​ത്​ മി​ശ്ര​യും ഡെ​ഡ്​ ഓ​വ​റു​ക​ൾ പി​ഴ​ക്കാ​തെ എ​റി​ഞ്ഞ ക​ഗി​സോ റ​ബാ​ദ​യു​മ​ണ്​ ഡ​ൽ​ഹി​ക്ക്​ ജ​യം എ​ളു​പ്പ​മാ​ക്കി​യ​ത്. ഇ​രു​വ​രും ര​ണ്ടു വി​ക്ക​റ്റ്​ വീ​തം വീ​ഴ്​​ത്തി. ടോ​സ്​ നേ​ടി​യ ഡ​ൽ​ഹി ക്യാ​പി​റ്റ​ൽ​സ്​ ബാ​റ്റി​ങ്​ തി​ര​ഞ്ഞെ​ടു​ക്കു​ക​യാ​യി​രു​ന്നു. 35 റ​ൺ​സ്​ പാ​ർ​ട്​​ണ​ർ​ഷി​പ്പു​മാ​യി നി​ന്ന ഓ​പ​ണി​ങ്​ കൂ​ട്ടു​കെ​ട്ടി​നെ ഉ​മേ​ഷ്​ യാ​ദ​വാ​ണ്​ പി​ള​ർ​ത്തു​ന്ന​ത്. ധ​വാ​ന്​ കൂ​ട്ടാ​യി ക്യാ​പ്​​റ്റ​ൻ ശ്രേ​യ​സ്​ അ​യ്യ​ർ എ​ത്തി​യ​തോ​ടെ മി​ക​ച്ച സ്​​കോ​റു​മാ​യി മു​ന്നേ​റി. 68 റ​ൺ​സ്​ നീ​ണ്ടു​നി​ന്ന ഈ ​കൂ​ട്ടു​കെ​ട്ട്​​ ടീം ​സ്​​കോ​റി​​െൻറ ന​​ട്ടെ​ല്ലാ​യി​മാ​റി. അ​ർ​ധ​സെ​ഞ്ച്വ​റി പൂ​ർ​ത്തീ​ക​രി​ച്ച ധ​വാ​നെ (37 പ​ന്തി​ൽ 50) ച​ഹ​ലും ശ്രേ​യ​സ്​ അ​യ്യ​റെ (37 പ​ന്തി​ൽ 52) വാ​ഷി​ങ്​​ട​ൺ സു​ന്ദ​റും പു​റ​ത്താ​ക്കി. അ​വ​സാ​ന ഓ​വ​റു​ക​​ളി​ൽ റൂ​ത​ർ​ഫോ​ർ​ഡും (13 പ​ന്തി​ൽ 28) അ​ക്​​സ​ർ പ​​ട്ടേ​ലും (16) പു​റ​ത്താ​കാ​തെ അ​ടി​ച്ചു​ക​ളി​ച്ച​തോ​ടെ​യാ​ണ്​ സ്​​കോ​ർ 187 റ​ൺ​സി​ലേ​ക്കെ​ത്തി​യ​ത്. മ​റു​പ​ടി ബാ​റ്റി​ങ്ങി​റ​ങ്ങി​യ ബാം​ഗ്ലൂ​രി​ന്​ പാ​ർ​ഥി​വ്​ പ​​ട്ടേ​ൽ (20 പ​ന്തി​ൽ 39) ന​ല്ല തു​ട​ക്കം ന​ൽ​കി​യെ​ങ്കി​ലും പി​ന്നീ​ടാ​ർ​ക്കും തി​ള​ങ്ങാ​നാ​യി​ല്ല. വി​രാ​ട്​ കോ​ഹ്​​ലി (23), എ.​ബി ഡി​വി​ല്ലി​യേ​ഴ്​​സ്​ (17), ശി​വം ദു​ബെ (24), ഹ​െൻറി​ക്​ ക്ലാ​സ​ൻ (3), ഗു​ർ​കീ​ര​ത്​ മ​ൻ​സി​ങ് (27), മാ​ർ​ക​സ്​ സ്​​റ്റോ​യി​നി​സ്​ (32*), വാ​ഷി​ങ്​​ട​ൺ സു​ന്ദ​ർ (1), ഉ​മേ​ഷ്​ യാ​ദ​വ്​ (0) എ​ന്നി​വ​ർ പ്ര​തീ​ക്ഷ ന​ൽ​കാ​തെ പു​റ​ത്താ​യി.",ന്യൂ​ഡ​ൽ​ഹി: ഹാ​ട്രി​ക്​ ജ​യ​വു​മാ​യി ഐ.​പി.​എ​ൽ പോ​രി​ലേ​ക്ക്​ തി​രി​ച്ചു​വ​ന്ന റോ​യ​ൽ ച​ല​ഞ്ചേ​ഴ്​​സ്   ​ ബാം​ഗ്ലൂ​രി​​െൻറ പ്ര​തീ​ക്ഷ​ക​ൾ നു​ള്ളി​ക്ക​ള​ഞ്ഞ്​ ഡ​ൽ​ഹി ക്യാ​പി​റ്റ​ൽ​സ്.,mal,madhyamam,Madhyamam,fake news,51e24b4e-2868-4428-b288-8e1ed9aa71f5,article,MassiveSum
https://nra.lv/latvija/kriminalzinas/250771-daugavgriva-sievietei-uzbrucis-klainojosu-sunu-bars.htm,https://nra.lv/latvija/kriminalzinas/250771-daugavgriva-sievietei-uzbrucis-klainojosu-sunu-bars.htm,Daugavgrīvā sievietei uzbrucis klaiņojošu suņu bars,,"Svētdien, 7.jūlijā, Rīgā, Daugavgrīvas apkaimē kādai sievietei uzbrucis klaiņojošu suņu bars, apstiprināja Rīgas pašvaldības policijas (RPP) pārstāvis Toms Sadovskis.

Vienā no izsaukumiem kārtības sargi suņus pamanīja un sāka tiem sekot, taču pēc kāda laika suņi tomēr aizbēga pirms dzīvnieku ķērāji paspēja ierasties notikuma vietā.

""Ņemot vērā šo problēmu, RPP aktīvi sadarbojas ar dzīvnieku patversmes ""Ulubele"" speciālistiem nolūkā izķert klaiņojošos suņus. Piemēram, šodien vairāku stundu garumā tika rīkots reids Bolderājas un Daugavgrīvas apkaimēs, apsekojot vietas, kur klaiņojošie dzīvnieki iepriekš manīti. Diemžēl šajā reidā nevienu no meklētajiem suņiem neizdevās atrast, taču līdzīgus pasākumus policija veiks arī turpmāk,"" informē Sadovskis.

Vienlaikus kārtības sargi aicina ikvienu iedzīvotāju ziņot par klaiņojošiem dzīvniekiem, zvanot uz tālruņa numuru 110.

Iedzīvotāju sniegtā informācijai aģentūrai LETA liecina, ka šī problēma ilgst gadiem. Suņi uzbrūkot mājdzīvniekiem, notikuši uzbrukumi arī cilvēkiem.

Kā aģentūru LETA informēja Rīgas domes Mājokļu un vides departamenta Vides pārvaldes vadītāja Evija Piņķe, pašvaldība ir informēta par situāciju ar klaiņojošiem suņiem Daugavgrīvas apkaimē un turpina strādāt pie problēmas atrisināšanas. Departaments organizē klaiņojošo vai bezpalīdzīgā stāvoklī nonākušu dzīvnieku izķeršanu, izmitināšanu un aprūpi Rīgas pilsētas administratīvajā teritorijā.

Patlaban klaiņojošo suņu izķeršanu Rīgas pilsētas administratīvajā teritorijā veic nodibinājums ""dzivniekupolicija.lv"" un suņu izķeršana notiekot katru dienu no plkst.8 līdz plkst.18. Šis laiks ir saskaņots ar dzīvnieku patversmes darba laiku, lai, notverot suni, tas nekavējoties tiktu tur nogādāts.

Kā skaidroja Piņķe, ņemot vērā patversmju kapacitāti un pieejamo finansējumu, uzņemamo dzīvnieku skaits ir ierobežots, tādēļ prioritāte ir agresīvu suņu izķeršana. Arī ārpus norādītā darba laika tiek izķerti tikai cietuši vai agresīvi suņi, kas apdraud sabiedrisko kārtību.

Jau 2013.gadā departaments lūdzis RPP nepieciešamības gadījumā iesaistīties un piedalīties kopīgās klaiņojošu suņu izķeršanas operācijās ar dzīvnieku ķērājiem, sniedzot savu iespēju un kompetences robežās visu nepieciešamo palīdzību - cilvēkresursus un tehniku, tai skaitā, speciālos līdzekļus.

Atsaucoties lūgumam, RPP nozīmēja atbildīgo darbinieku, ar ko dzīvnieku ķērājiem sazināties nepieciešamības gadījumā, un tika sākta kopīgu reidu organizēšana klaiņojošo suņu izķeršanai. Tādējādi RPP un dzīvnieku ķērāju kopīgi īstenotos reidos laikposmā no 2013.gada 5.decembra līdz 2014.gada 3.februārim tikai Rīgas pilsētas Kurzemes rajona administratīvajā teritorijā vien tika noķerti 23 klaiņojoši suņi, bet 2018.gada piecos mēnešos Daugavgrīvas apkaimē noķerti 20 klaiņojoši suņi, informēja Piņķe.

Viņa skaidroja, ka departaments savu iespēju robežās turpinās sniegt visu nepieciešamo atbalstu atbildīgajiem dienestiem, lai kopīgiem spēkiem likvidētu apdraudējumu cilvēku drošībai. Daugavgrīvas apkaimes teritorija ir iekļauta suņu ķērāju prioritāšu sarakstā un arī turpmāk tiks regulāri apsekota.

Diennakts tālrunis, kur zvanīt par bezpalīdzīgā stāvoklī nonākušiem, negadījumos cietušiem, slimiem, bez saimnieka palikušiem un klaiņojošiem dzīvniekiem ir 67558855.","Svētdien, 7.jūlijā, Rīgā, Daugavgrīvas apkaimē kādai sievietei uzbrucis klaiņojošu suņu bars, apstiprināja Rīgas pašvaldības policijas (RPP) pārstāvis Toms Sadovskis.",mal,nra,NRA,fake news,f4531e54-f970-4d2c-8ad9-e805c314e9ff,article,MassiveSum
https://www.15min.lt/naujiena/aktualu/pasaulis/pietu-korejos-teismas-nuskendusio-kelto-sewol-bendroves-vadovui-skyre-10-metu-kalejimo-bausme-57-467936,https://www.15min.lt/naujiena/aktualu/pasaulis/pietu-korejos-teismas-nuskendusio-kelto-sewol-bendroves-vadovui-skyre-10-metu-kalejimo-bausme-57-467936,Nuskendusio kelto „Sewol“ bendrovės vadovui - 10 metų kalėjimo,,"Teismas pietiniame Kvandžu mieste nutarė, kad bendrovės „Chonghaejin Marine Co.“ generalinis direktorius Kim Han-sikas leido keltui reguliariai gabenti per sunkius krovinius ir pritarė neteisėtai laivo renovacijai, padidinusiai vietų keleiviams skaičių.

Naujienų agentūros BNS informaciją atgaminti visuomenės informavimo priemonėse bei interneto tinklalapiuose be raštiško UAB „BNS“ sutikimo draudžiama.

Aa A + A - Atstatyti","Pietų Korėjos bendrovės, kuri eksploatavo keltą „Sewol“, vadovas ketvirtadienį buvo nuteistas kalėti 10 metų kai buvo pripažintas kaltu dėl netyčinės žmogžudystės byloje dėl to...",mal,15min,15Min,fake news,afab6689-51c5-4fc7-8888-38f17dd583b0,article,MassiveSum
https://www.madhyamam.com/sports/sports-news/football/bengaluru-fc-playoff/2016/sep/22/222896,,എ.എഫ്.സി കപ്പ്: ബംഗളൂരു എഫ്.സി സെമിയില്‍,,സിംഗപ്പൂര്‍: ആദ്യ പാദത്തില്‍ മലയാളി താരം സി.കെ. വിനീത് നേടിയ ഗോളിന്‍െറ മികവില്‍ ഐ ലീഗ് ജേതാക്കളായ ബംഗളൂരു എഫ്.സി എ.എഫ്.സി കപ്പ് സെമിയില്‍. സിംഗപ്പൂര്‍ ക്ളബ് ടാംപിനസ് റോവേഴ്സിനെ അവരുടെ ഗ്രൗണ്ടില്‍ ഗോള്‍ രഹിത സമനിലയില്‍ തളച്ചാണ് ബംഗളൂരു സെമിയില്‍ ഇടംനേടിയത്. ബംഗളൂരുവില്‍ നടന്ന ആദ്യ പാദത്തില്‍ കളിയുടെ ഏഴാം മിനിറ്റില്‍ വിനീത് നേടിയ ഗോളാണ് ഐ ലീഗ് ചാമ്പ്യന്മാര്‍ക്ക് നേട്ടമായത്. ഏഷ്യന്‍ ക്ളബ് പോരാട്ടത്തിന്‍െറ അവസാനനാലില്‍ ഒരാളാവുന്ന മൂന്നാമത്തെ ഇന്ത്യന്‍ ക്ളബ് കൂടിയായി ബംഗളൂരു. 2008ല്‍ ഡെംപോ ഗോവയും 2013ല്‍ ഈസ്റ്റ് ബംഗാളുമായിരുന്നു ഇന്ത്യയില്‍നിന്ന് സെമിയില്‍ ഇടംപിടിച്ചവര്‍. സുനില്‍ ഛേത്രിയുടെ നേതൃത്വത്തിലിറങ്ങിയ ഇന്ത്യന്‍ സംഘം ആദ്യ പകുതി മുതല്‍ ആക്രമണം ആയുധമാക്കിയാണ് ആതിഥേയരെ വിരട്ടിയത്. നിലവിലെ ചാമ്പ്യന്മാര്‍ കൂടിയായ മലേഷ്യന്‍ ക്ളബ് ജൊഹര്‍ ദാറുല്‍ തസിമാണ് സെമിയിലെ എതിരാളി. നേരത്തെ ഗ്രൂപ് റൗണ്ടില്‍ ഇവരെ നേരിട്ടപ്പോള്‍ ബംഗളൂരു തോറ്റിരുന്നു.,സിംഗപ്പൂര്‍: ആദ്യ പാദത്തില്‍ മലയാളി താരം സി.കെ. വിനീത് നേടിയ ഗോളിന്‍െറ മികവില്‍ ഐ ലീഗ് ജേതാക്കളായ ബംഗളൂരു എഫ്.സി എ.എഫ്.സി കപ്പ് സെമിയില്‍. സിംഗപ്പൂര്‍ ക്ളബ് ടാംപിനസ് റോവേഴ്സിനെ അവരുടെ,mal,madhyamam,Madhyamam,fake news,bee7f1d3-1678-43d1-a1c6-d254cecc5990,article,MassiveSum
https://www.15min.lt/naujiena/aktualu/lietuva/atomstroyexport-specialistai-dirba-panaudoto-branduolinio-kuro-saugyklos-statybos-aiksteleje-visagine-56-196373,https://www.15min.lt/naujiena/aktualu/lietuva/atomstroyexport-specialistai-dirba-panaudoto-branduolinio-kuro-saugyklos-statybos-aiksteleje-visagine-56-196373,„Atomstroyexport“ specialistai dirba panaudoto branduolinio kuro saugyklos statybos aikštelėje Visagine,,"Rusijos branduolinių technologijų kompanijos „Atomstroyexport“ spaudos tarnyba dienraščiui pranešė, kad Ignalinos atominėje elektrinėje šiuo metu dirba grupė kompanijos specialistų, neoficialiomis žiniomis, „Atomstroyexport“ ekspertų tikslas – įvertinti stringančiam jėgainės uždarymui būtinų objektų – laikinosios panaudoto branduolinio kuro saugyklos (Bl) ir kietųjų radioaktyviųjų atliekų tvarkymo ir saugojimo komplekso (B2/3/4) – nesklandaus statybos proceso priežastis.

„Atomstroyexport“ priklauso 100 proc. Vokietijoje registruotos kompanijos „Nukem Technologies“ akcijų.

„Nukem“ ir vokiečių branduolinių technologijų kompanijos GNS konsorciumas yra laimėjęs Ignalinos atominės elektrinės skelbtą konkursą pastatyti Bl ir B2/3/4 objektus. „Atomstroyexport“ – rusiškas branduolines technologijas eksportuojanti ir, kaip skelbiama kompanijos interneto svetainėje, pagal sutartis Irane, Bulgarijoje, Indijoje ir Kinijoje dirbanti koncerno „Rosatom“ antrinė bendrovė.

Europos Sąjungos, tarptautinių donorų ir Lietuvos lėšomis finansuojama Bl ir B2/3/4 objektų statyba įstrigo pernai dėl Lietuvos derybininkų iškeltų pretenzijų rangovui „Nukem“/ „GNS“ dėl vėluojančių, taip pat esą kokybės ir projekto reikalavimų neatitinkančių darbų.

Laikinoji panaudoto branduolinio kuro saugykla ir kietųjų radioaktyviųjų atliekų tvarkymo bei saugojimo kompleksas, už kuriuos iki 2010 metais pabaigos jau sumokėta 385 mln. litų, turėjo būti baigtas dar 2009 metais „Nukem“/ „GNS“ atstovai aiškina, kad darbai vėluoja dėl gausybės Lietuvoje patiriamų biurokratinių kliūčių ir tobulėjančių branduolinės saugos technologijų.

Dėl įstrigusių objekto B2/3/4 darbų projekto biudžete atsivėrė skylė, užsakovai ir rangovai ją vertina skirtingai. Tačiau spėjama, kad ji gali siekti 100-120 mln. eurų, iš jų Lietuva turės padengti apie 55 mln. eurų.Pernai gruodį energetikos ministras Arvydas Sekmokas sakė, kad 2012 m. pradžioje su rangovu ketinama pasirašyti tarpinę sutartį dėl B2/3/4 projekto įgyvendinimo, be to, „tikimasi papildomo finansavimo Ignalinos atomės elektrinės uždarymui“. Tačiau iki šiol apie tai nebuvo pranešta.",Rusijos branduolinių technologijų kompanijos „ Atomstroyexport“ specialistai darbuojasi panaudoto branduolinio kuro saugyklos statybos aikštelėje Visagine. „Nukem“ atstovai...,mal,15min,15Min,fake news,e9ef1dae-4327-43f5-a030-f3436d1c3d62,article,MassiveSum
https://www.dengiamerika.com/a/a-58-2007-08-22-voa1-89204612/949269.html,https://www.dengiamerika.com/a/a-58-2007-08-22-voa1-89204612/949269.html,سه‌رۆك بوش ده‌ڵێت عێراقیـیه‌كان خۆیان بڕیار له‌سه‌ر ئاینده‌یان ده‌ده‌ن,,"سه‌رۆك بوش ده‌ڵێت، هه‌رچه‌نده‌ واشـنتۆن له‌ پـێشه‌وه‌چوونی خاوه‌ی پـرۆسه‌ی سیاسی له‌ عێراق وه‌ڕسبووه‌، به‌ڵام بڕیاردان له‌سه‌ر ئاینده‌ی حكومه‌ته‌كه‌ی ده‌گه‌ڕێته‌وه‌ بۆ خودی عێراقیـیه‌كان خۆیان.په‌یامنێری به‌شـی ئینگلیزی ده‌نگی ئه‌مریكا له‌ كۆشـكی سـپـی سكۆت ستێرن ده‌ڵێت سه‌رۆك بوش له‌ قسه‌كانیدا وه‌ڵامی تـێـبینی‌یه‌كانی گه‌وره‌ سـیناتۆری ئه‌مریكی كاڕڵ لێڤنی داوه‌ته‌وه‌، كه‌ گوتبووی پـێویسته‌ په‌رله‌مانی عێراقی سه‌رۆك وه‌زیر نوری ئه‌لمالیكی لابدات.هاوكارمان به‌ڵـێن سـاڵح ڕاپـۆرته‌كه‌ی سكۆت ستێرنی وه‌رگێڕاوه‌ته‌ سه‌ر زمانی كوردی، وه‌ ئه‌مه‌ش ده‌قه‌كه‌یه‌تی:سه‌رۆكی كۆمیته‌ی له‌شـكری له‌ سیناتی وڵاته‌ یه‌كگرتووه‌كانی ئه‌مریكا ده‌ڵێت حكومه‌ته‌كه‌ی نوری ئه‌لمالیكی سه‌رۆك وه‌زیری عێراق ناتوانێت بگاته‌ چاره‌سه‌ریـیه‌كی سـیاسیـیانه‌ به‌هۆی ئه‌وه‌ی هیچ به‌رنامه‌یه‌كی بۆ كۆتایـیهێنان به‌ توندوتیژی ئاینزایی نیـیه‌ له‌ عێراقدا.سیناتۆر كاڕڵ لێڤن خواسـتیاره‌ په‌رله‌مانی عێراق حكومه‌ته‌كه‌ی مالیكی لابدات، چونكه‌ وه‌ك ده‌ڵێت ئه‌م حكومه‌ته‌ی عێراق"" به‌ ته‌واوی و ڕێـك و ڕه‌وان سه‌رنه‌كه‌وتووه‌.""له‌میانه‌ی لـێـدوانێـكی ڕۆژنامه‌وانیدا سه‌رۆك بوش وه‌ڵامی ئه‌و ڕاگه‌یاندنه‌ی سـیناتۆر لێڤنی دایه‌وه‌ و گوتی دیاریكردنی ئاینده‌ی حكومه‌تی عێراق كاری گه‌لی عێراقه‌ نه‌ك سـیاسه‌تمه‌دارانی ئه‌مریكی.سه‌رۆك بوش ده‌ڵێت"" گه‌لی عێراق هه‌نگاوێـكی گه‌وره‌یان به‌ ئاڕاسـته‌ی چاره‌سه‌ركردندا ناوه‌ له‌ ڕوانگه‌ی په‌سه‌ندكردنی مودێرینترین ده‌سـتوره‌وه‌ له‌ ڕۆژهه‌ڵاتی ناوه‌ڕاستدا. "" ئێسـتاش حكومه‌ته‌كه‌یان وابه‌سـته‌یه‌تی، وه‌ پـێشموایه‌ ئاسـتێـكی دیاریكراو هه‌یه‌ بۆ شـكست له‌ناو سه‌ركردایه‌تیدا.""ئه‌م كۆنفرانسه‌ ڕۆژنامه‌وانیـیه‌ی سه‌رۆك بوش له‌ وڵاتی كه‌نه‌دا بوو، وه‌ دوابه‌دوای كۆبوونه‌وه‌كه‌ی هات له‌گه‌ڵ ڕێبه‌رانی كه‌نه‌دا و مه‌كسـیـكۆ، وه‌ له‌ وه‌ڵامی پـرسـیاری تری په‌یامنێراندا سه‌رۆك بوش گوتی ئه‌گه‌ر حكومه‌تی عێراق به‌ ده‌نگ داواكانی خه‌ڵـكه‌وه‌ نه‌چێت و جێبه‌جێـیان نه‌كات، ئه‌وا خه‌ڵـك ئه‌و حكومه‌ته‌ ده‌گۆڕن.سیناتۆر لێڤن كه‌ دیموكراته‌ و له‌گه‌ڵ سیناتۆری كۆماری جۆن وارنه‌ری ئه‌ندامی هه‌مان كۆمیته‌ سه‌ردانی عێراقیـیان كردبوو. ڕۆژی دووشه‌ممه‌ش له‌ ڕاگه‌یاندنێـكی نووسـراودا هه‌ردوو سیناتۆر ئاماژه‌یان كردووه‌ به‌وه‌ی نیگه‌رانی قوڵی گه‌لی ئه‌مریكایان گه‌یاندۆته‌ ڕێبه‌رانی عێراقی و ئه‌وه‌ش كه‌ كات به‌ به‌ریـیه‌وه‌ نه‌ماوه‌ بۆ گه‌یشتن به‌ به‌رئه‌نجامێـكی سـیاسـیـیانه‌ له‌ به‌غدا.نه‌بوونی به‌روپـێشـچوونی سـیاسـیـیانه‌ له‌ عێراق باڵی كێشـاوه‌ به‌سه‌ر هه‌ندێ له‌ هه‌وڵه‌ له‌شـكریـیه‌كانی ئه‌م دوایـیه‌ له‌ وڵاته‌كه‌دا. هه‌ردوو سیناتۆر لێڤن وارنه‌ریش ده‌ڵـێن زیادكردنی هێزه‌ سه‌ربازیـیه‌كانی ئه‌مریكا له‌ عێراق به‌رئه‌نجامی گرنگ و به‌رچاوی هه‌بووه‌ كه‌ بوار بۆ ڕێبه‌رانی عێراق ده‌ڕه‌خسـێنێت تا كێشه‌ سـیاسـیـیه‌كانیان بڕه‌وێنـنه‌وه‌.له‌میانه‌ی وتووێـژه‌كانیاندا له‌گه‌ڵ دیبلۆماتانی ئه‌مریكی و عێراقی و كاربه‌ده‌سـتانی له‌شـكریشـدا، هه‌ردوو سـیناتۆر گوتویانه‌ به‌چاوی خۆیان ئه‌و"" كێشه‌ و گرفته‌ گه‌وره‌یه‌یان له‌ توانایی حكومه‌تی ئێسـتای عێراقدا بینیوه‌ بۆ خۆلادان له‌ لایه‌نگیری ئاینزایی و هه‌روه‌هاش له‌ كاركردن وه‌ك هه‌ڵوێسـتێـكی یه‌كگرتووانه‌.""به‌ره‌وپـێشـچوونی سـیاسـیـیانه‌ له‌ عێراق گرنگی خۆی هه‌یه‌ له‌ ڕاپـۆرته‌كه‌ی سه‌رۆك بوشـدا كه‌ بڕیاره‌ له‌ مانگی داهاتوودا بیداته‌ كۆنگرێس. ڕایان كرۆكه‌ر باڵیۆزی ئه‌مریكا بۆ عێراق و ژه‌نه‌ڕاڵ ده‌یڤد پاتریوس گه‌وره‌ سه‌ركرده‌ی له‌شـكری ئه‌مریكا له‌ عێراق ڕاپـۆرت له‌سه‌ر كاریگه‌ری بڕیاره‌كه‌ی مانگی یه‌كی سه‌رۆك بوش ده‌ده‌ن بۆ ناردنی هێزی زیاتری سه‌ربازی بۆ عێراق.",سه‌رۆك بوش ده‌ڵێت، هه‌رچه‌نده‌ واشـنتۆن له‌ پـێشه‌وه‌چوونی خاوه‌ی پـرۆسه‌ی سیاسی له‌ عێراق وه‌ڕسبووه‌، به‌ڵام بڕیاردان له‌سه‌ر ئاینده‌,mal,dengiamerika,Dengi Amerika,fake news,0333f928-4abf-43df-af37-9e420197b3a6,article,MassiveSum
