url,archive,title,date,content,summary,language,organization,organization_standardized,news_type,uuid,content_type,dataset
https://aym.globalvoices.org/2012/07/4430,,Mexicanonakax jilïr irpiripatakiw chhijllapxäna,,"Nayrïr uru willakakuti phaxsinxa, mexicanonakax urnanakar jilïr irpiritak chhijlliriw sarapxäna. Chhijjläw nayraqat atw cibernawtanakax postulantes jila kullakanakan chhijalläwipat yatiyañatak wakichasipxäna aknirinakata: Enrique Peña Nieto (EPN) ukax aka Partido Revolucionario Institucional ukatsti Andrés Manuel López Obrador (AMLO) ukax Partido de la Revolución Democrática ukataraki, maysatx Josefina Vázquez Mota (ukax jichha irpirin partidopatawa) jupanakax janiw payacht’asipkanti. Kunapachati urna ukax jist’arasiwayxi ukapachatw cibernautanakax amuyunakapa uñjäwinakap yatiyañamp qallantapxäna. Twitter @YONOFUI ukan apanaqirix chiqancht’änwa:

Hoy es el primer día de un país q comenzará a madurar y se dará cuenta que sin trabajo ciudadano no habrá logros

Aka markanx jichhaw nayrïr uru, kunatix jaqinakax amuyt’apxaniwa, jan irnaqäwin jaqix janiw utxaniti.

Etiqueta #Elecciones2012 satak ukax jank’akiw uraqpachan uñt’ayañatak chikanchasïna. Walja cibernautanakaw sitios web ukanak apthapipxi, chhijlläwin fraude utjk ukxataki. Tonatiuh Bravo (@tonatiuhbravo) aka itikitw apanaqi, #Operacion1J, juk’amp yaqha yatiyañataki:

Quieren documentada la compra de credenciales acá el video #Operacion1J yfrog.us/gh5kgiz

Mexicanos votan en un centro de sufragio en Ciudad de México el 1 de julio de 2012. Foto de Enrique Pérez Huerta, derechos reservados por Demotix.

Ukatxa nayraqat resultadonakax uñastapxi, taqi markanxa ukhamarak Méxicomp ratukiw aka Instituto Federal Electoral (IFE) Enrique Peña Nietoruw atiptirijam uñstayäyi. Ukat jaqipax phhunchäwin ukankapxäna, yaqhip cibernautanakax janiw kusispkanti, janiw aka resultadox munapxkanti Peña Nietox mäkiw victoriapax arsusir saratayna, mä juk’a porcentajekiw aka chimpuntaw jakupxatayna ukat Twitter (@EPN) cuentapan wali kusisitaw victoriapat arsutayna, ukat cibernautanakax fraude luri sapxanwa.

¡Muchas gracias a todos los mexicanos! Uds. han hablado y han elegido votar por un cambio de rumbo.

Walik taqpach mexicanonakaruxa! Jumanakax parlapta kunatix turkakipaw utjañatakiw chhijllapxta.

Erik de la Reguera yatiyirix (@erikdelareguera) jiskt’iwa:

Ukhakamax Think Mexican (@thinkmexican) uñt’ayiwa:

Al declarar ganador a EPN, AMLO está presionado por los medios. Calderón e IFE a conceder. ¿Por qué el apuro? ¿A qué le tienen miedo? ¿Al verdadero cambio?

EPN atiptir sapxixa , AMLO yatiyawinakax tumpapxi. Calderónmp IFEmpir iyawsañ sapxiwa. Kunats jank’ak lurapta? Kunakirus asxarapta? Chiqak sarañaruwa?

Pusüru willkakuti phaxsinw jakthapiw tukuyatat uñst’ayapxäni.","Mä uru willkakuti phaxsinxa, mexicanonakax urnanakar jach’a irpiripatak chhijlliriw sarapxatayna. Kunawsati urna chhijlläwitak  jist’arapxi ukhat cibernautanakax amtanakapat ukat saräwinakapat arsuñ qalltapxi. Ukhamarakiw sitio web ukar cibernautanakax jan fraude ukat yaqha jan walt’awinak apthapiñatak ñstayapxi.",aym,globalvoices,Global Voices,fake news,85cebaaa-0aeb-4bc0-abf8-eb98439e7916,article,MassiveSum
https://aym.globalvoices.org/2011/05/1740,,"EEUU: Américan yurir-jakir jaqinakax (nativos) chuyma ch’allxtatapxiwa, Gerónimon luräwipata",,"Aka post Osama Bin Laden jilan jiwatapatawa.

EE.UU. Irpirinakatakix, “Gerónimo EKIA” (Qilqanaka: “Lurawin awqa jiwayata”) ukaw Osama Bin Laden chimpupaxa (código) [ing]. Walja America uraqinpin jaqinakatakix tupuw jach’a irpirip Gerónimo taqi uraqit jach’ jach’a awqasirimpix axawa.

Gerónimox jach’ jach’a uñt’at p’iqinchir Chiricahua Apachenwa apach uraq jark’añatakix ch’axwawiyiw Mexican ukhamarak EE.UU. pallapallanakampi. Qhiparux atipjayas EE. UU. Pallapallanakamp ukat jakawiy ch’axwaw paqumjam.

El líder Apache, Gerónimo en 1887. Imagen disponible de dominio público.

Matt Thompson Savage Minds[ing] – mä blog antropologiy yatiqirinakat qilqt’i:

¿Qué tiene que ver un líder Apache del siglo diecinueve con el millonario saudita del siglo veintiuno? Tal vez nada cuando se lo ve desde un punto de vista académico, parece más una incongruencia. Pero cuando se lo lee como expresión de una ideología subyacente, una que ha legitimado la acción militar americana durante siglos, la respuesta es: bastante, en realidad.

[…] Igualar a Bin Laden con un indio lo eleva. El Washington Post aisla el carácter esquivo de Gerónimo, “se rumoreaba que [él] era capaz de caminar sin dejar ninguna huella,” como la característica clave para relacionarlo a Bin Laden. Esto intenta ilustrar algún grado de respeto que los líderes militares americanos tienen por su enemigo. También sirve para proyectar a los Estados Unidos en una mejor luz. Somos, después de todo, magnánimos en la victoria. Al colmar de halagos al enemigo de alguien, comparándolo con un valioso oponente como Gerónimo, los militares americanos se otorgan prestigio a sí mismos. Ellos ganaron la pelea al vencer a una leyenda.

Kuns uñjañapa mä Apach p’iqinchir llätunka patak maran jakir mä pä tunka patak maran jakir saudita qamirimpimpixa. Inas jani kun kunkachayir tuqit amuyatxa, antis mä pisi chuymjamakiwa. Ukatsa aynacht’at amuyt’jam arst’aw ullarasax, q’umachiw patak maranak EE. UU. pallapallanakan lurawinakapa, Jaysawix: waljaw utji.

[…] Bin Ladenar tupt’añ mä América uraqinpin yuririmpix jach’añchiw Bin Ladenaru. Washington uñart’awix jark’iw janiw uñast’aykit Gerónimon p’arïtapxa, “sapxanwa kunatix [jupax] wali wakt’atanw sarnaqañatak jani kuna kay takt’ats jaytkänti,” ukaw sum atam Bin Ladenampixa. Ukax uñast’ayañ mun kunjams awqanakar Américan pallapallanakax yäqapxana. Ukhampacharus wakisiw sum qhanar Estados Unidosur sartayañataki. Jiwasax kunjamarus khuyapayiritanw atipawinxa. Phuqt’ayaptw q’ayachawinakamp khitin awqaparusa, tupusin waqi Gerónimo awqampixa, american pallapallanakax jupappachaw jach’añchasipxi. Jupanakaw atipapx atipas mä liyintaru.

Lise Balk King, mä Harvard yatiqirix qilqt’iwa Indian Markana [ing], mä web suyu (sitio web) apanix “ajall yatiyawinak ukhamarak akan yurir-jakir markan yatiyawinakapa”.

[…] Mientras las noticias de la muerte de bin Laden esparcen alivio a través de América y el mundo, las revelaciones de que el nombre en clave asignado al Enemigo Número Uno era “Gerónimo,” un líder apache legendario, causaron conmoción en las comunidades indias en todo el país. Está siendo interpretado como una bofetada en la cara del pueblo nativo, un mensaje perturbador en el que se equipara al símbolo icónico del orgullo nativo americano con el malhechor más odiado desde Adolfo Hitler.

[…] El blog Swampland de Time Magazine fue el primero que brindó detalles de que el objetivo, Osama bin Laden, había sido nombrado con la clave Gerónimo, en conformidad con la conferencia de prensa de la tarde de La Casa Blanca.

Pero la historia que llega desde la Casa Blanca se desarolló para el anochecer, con lo que parece ser un “re-estampación” del mensaje, que ahora declara que la “misión” fue nombrada con la clave Gerónimo.

[…] Bin Ladenan jiwatapatx yatiyawinakax yatiyjapx ukat phajtay América ukhamarak taqpacha uraqir, yatisxiw arsuwinaka tuqit kunjamatix chimpt’apxatan mayïr awqaru “Gerónimo” sutimpi, mä jach’a irpir apache, taqpach markans apachenakarux chuyms ch’allxtayiwa. America uraqinpin yurir-jakir jaqinakaxa mä taxllikaspas ukhamw uñjapxi, mä jirut ixwjam uñjapx mä jach’a apache irpir tupt’aw mä jach’a uñisit ch’uxña jaqimpi kunjamakitix Adolfo Hitleraxa.

[…] El Blog Swampland de Time Magazine ukaw nayrir atamti yatiyawir kunjams objetiwu, Osama Bin Ladenax, suticht’atan Gerónimo chimpumpi, jayp’u yatiy aruskipawin iyawsatapat Janqu Utanxa.

Ukampirus Janq’u Utat (Casa Blanca) jikit säwinakax qhananchstiw arumjaru, amuyatax “mayamp suticht’atjamakiw” ixwax, jichhax arsuw “lurawix (misión)” Gerónimo chimpump suticht’ataw sasa.

Mä arsuwi e-mailata Harlyn Geronimota, mä uñt’at ch’axwirit saphipa, siwa:

Ya sea si se intentó solamente nombrar a la operación militar para matar o capturar a Osama Bin Laden o darle al mismísimo Osama Bin Laden el nombre en clave ‘Gerónimo’, en cualquier caso fue un insulto atroz y una equivocación. Y está claro desde los registros militares revelados públicamente que el nombre Gerónimo fue usado en ocasiones por el personal militar involucrado para [aludir] tanto a la operación militar como al mismísimo Osama Bin Laden.

Obviamente equiparar a Gerónimo con Osama Bin Laden es una difamación imperdonable de la América nativa y su más famoso líder de la historia.

[…] Como el hijo de un nieto de Gerónimo, que como soldado de EEUU luchó en la Playa de Omaha el Día D y por toda Europa Occidental hasta el Rin en la Segunda Guerra Mundial, y habiendo servido yo mismo en dos misiones en Vietnam durante esa guerra, debo solicitar respetuosamente del Presidente, nuestro Comandante Supremo, o su Secretario en el Departamento de Defensa, una completa explicación de cómo ocurrió este uso vergonzoso del nombre de mi bisabuelo, una disculpa completa por el grave insulto después de todo lo que los nativos americanos hemos sufrido y la eliminación de todos los registros del gobierno estadounidense de este uso del nombre Gerónimo. Dejando sólo para la historia el hecho que este insulto a los nativos americanos lamentablemente ocurrió.

Kunjamans pallapallan operacionapax suticht’atañatak Osama Bin Ladenar jiwayañatak katajañatak ujan ukaxa suticht’añatak Osama Bin Ladenarpin “Gerónimo” chimpumpi, kawksatsa mä qhuru lirq’uwa ukhamarak mä pantjawi. Qhanaskiw pallapallan qilqatanak taqir qhanstayatanx Gerónimo sutix apnaqatanwa yaqhipanakax pallapall ch’uqat (involucrado) jaqinakamp [wikuchañataki (aludir)] pallapall operaciónar ukhamarak Osama Bin Ladenar wikuchañataki.

Jïsa Gerónimor tupuña Osama Bin Ladenampix mä jan pampachjkaya p’inqachjawa taqi Américan yurir-jakirinakataki ukhamarak wali uñt’at saraw p’iqinchiriparu.

[…] Mä Gerónimot allchhip yuqajasax, kunatix EE. UU. pallapalljam ch’axwawiyt Playa Omán D urüna ukhamarak taqi Europa Occidentalansa khaysa Rin uksan payïr jach’a ch’axwawina, ukhamarak Nayapiniw sarawayt pä lurawinakar (misiones) khaysa Vietnam uksan uka ch’axwaw utjkasa, nayax maytwa jilïr irpiriru, jach’a pallapall apusaru, jan ukax Suyu Jark’ir Irpiriparu (Secretario en el Departamento de Defensa), mä phuqat qhanstawi kunjams achachilajan sutipax p’inqachasiñatak apnaqatani, mä phuqat llamp’uchawi aka phiru p’inqasiwita taqi Américan yurir-jakirix (nativo) t’aqhisiptwa ukhamarak Gerónimo sutit yaqhachawit taqi qilqanakat estadounidense gobiernuna, sarawitak jaytat aka p’inqasiw taqi american yurir-jakir (nativo) jaqinak llakitakiw lurasiwayi.

Aka post ukaxa Osama Bin Laden jilan jiwawipatawa.","EE.UU. Irpirinakatakix, “Gerónimo EKIA” (Qilqanaka: “Lurawin awqa jiwayata”) ukaw Osama Bin Laden chimpupaxa (código) [ing]. Walja America uraqinpin jaqinakatakix tupuw jach’a irpirip Gerónimo taqi uraqit jach’ jach’a awqasirimpix axawa.",aym,globalvoices,Global Voices,fake news,e18ed76d-5a48-4820-9fbf-be5da7430319,article,MassiveSum
https://aym.globalvoices.org/2011/06/1983,,Perú: Puno markanx aymaranakax wasitatw unxtasiwinakamp sartañatak arsupxi,,"Aymaranaka. Puno, Perú (Jamuqa: J. Enrique Molina)

Thakhi jist’antäwinakax mä qawqha urunakakiw aptasiwayi ukax chhijlläwinak (elecciones presidenciales) phuqhasiñapataki, Puno markanx indígenas aymaranakax wasitamp manq’at mutuwir mantañw arsupxi, jupankax mayipxiw Punu markan qhuyanakax ecosistema ukhamarak jawiranakaru, Titikaka qutar yanqhachk ukat jark’aqaña.

Nayrurunakatw amta, niya 15,000 waranqa aymaranakaw Punu markanx jark’antapxi , ukanx jan walt’awinakaw uñjasina, capital puneña markarux walja urunakaw ukham unxtasiwimp jaytawayi, uktax walja turistanakaruarakiw pachpan qhipartayawayi.

Puno markax capital Lima markatax jayawjan jikxatasi, ukatx Bolivia markampiw qurpasi, Perú jach’a markanx José de Echave jilan yatxtawiparjamaxPunu markax payïr markaw proyectos mineros ukanak utjayañataki. Gobierno Central ukax payllaw churañarux janiw siwa , ukampirus aymar markachirinakampix mä amtawir puripxi, concesiones mineras ukatx petroleras ukanak Punu markan pusi provincian (Yunguyo, Chucuito, Collao ukatx Juli) 14ni phaxsi suyt’ayañataki. Ukampinsti, aka comunidades indígenas satak ukanakaxmayipxarakiwa el Decreto Supremo 082-2007-EM uka t’unjatañapa Walter Aduviri jalaw uñt’ayi, Frente de Defensa de los Recursos Naturales de la zona sur de Puno Irpiriwa.

Aduviri jilax diario puneño Los Andes ukanw uñt’ayi, candidato nacionalista Ollanta Humala ukan atipjawipatix aski chiqa amtach ukhaxa, aymaranakax janiw uka arsuwinakamp iyawapkaniti, jan ukasti, qilqata tuqiw uka amtawinak uñjañ mayipxi. Puno markankir Gobierno Regional, Mauricio Rodríguez jilaxa, mayt’awayiwa Ollanta Humala jilïr irpiriy akanakx uñjpan sasa.

Aymaranka, quechwanakaxa, Puno markat yaqha ayllunakats derechunakapax yäqatañapaw ukwa mayipxi jisk’a jikt’äwi aka qulqi jiljatayañ amtanakax pachamamaru jan walt’aykiti, ukakipkarkiw jakäwirus yanqhachi, bloger Peruanista jupaw uka arsuw apthapt’i:

Aymaranakax Titikaka qutax qhuyanakan ukhamarak petroleras ukanakan nayrar sarantawipampix yanqhachataw uñjasispa sasaw arsupxi, (_Jamuqa: J. Enrique Molina)

Los pueblos quechua y aymara de Puno no se oponen a la minería completamente, sino quieren ser incluidos en el proceso de otorgamiento de licencias, para definir dónde es conveniente extraer minerales para evitar contaminar las cuencas de sus ríos y que llegan al lago Titicaca. Este no es solamente el lago de agua dulce más grande de Sur América, sino es un símbolo sagrado de la cosmovisión andina. El problema es que el gobierno de Lima continua con su mentalidad racista de exclusión, otorgando licencias a empresas mineras –en su mayoría extranjeras- sin consultar a los pueblos originarios que viven en las regiones donde se ubican los yacimientos mineros.

Puno markat quechwa, aymara markanakax janiw taqin mineriya tuqirux janiw sas sapkiti, jan ukasti proceso de otrogamiento de licencias satak uka taypinkañw munapxi, amuyt’añataki, kawkhans qhuyanakax jist’arasispa, ukhamat jawiranakar Titikaka qutar jan yanqhachañataki. Akax janiw Sur American muxsa umakikiti, jan ukasti mä sagrado ukham uñanchäwiwa. Jan walt’awix akawa Lima markan irpiriw maysar uñanukuw amuyuni, licencias ukx empresas mineras ukanakarux churaskakiwa, jan markanakar jiskt’asa. Yaqha bloggerunakaxa, sañani Rodolfo Ybarra, Gobierno Central ukatx t’aqhjañ muni sasaw arsusi:

Al parecer, el ejecutivo tuvo la idea de dividir a la delegación puneña. Mientras los congresistas Yonhy Lescano, Margarita Sucari y Susana Vilca, esperaban impacientemente la llegada de la comitiva puneña, la ministra Rosario Fernández inicio la conversación sólo con el presidente y los alcaldes, dejando de lado a los legisladores puneños. Yonhy Lescano y Margarita Sucari, coincidieron que el ejecutivo no maneja la reunión de manera transparente.

Ejecutiwu jilax puneña delegacionar jaljtayañ amtaniwa. Ukhakamasti congresista Yonhy Lescanomp Margarita Sucarimp Susana Vilcampix comitiva puneña jupanakaruw sut’apxana,Rosario Fernández ministrax jilïr irpirimp alcaldenakampikiw aruskipana, puneño legisladores jupanakarux maysaruw uñanuku. Yonhy Lescanomp Margarita Sucarimpixa, kipkwa amuyt’apxi, ejekutiwux janiw tantachäwinakax qhana apnaqkiti sasina. Bloggerunakax Silvio Rendón jiljamax aka qhurut sartasiwinkax chiqakaspas ukjamw uñjapxi:

El “puneñazo” (o “aymarazo”) marca el comienzo del fin de los abusos de las mineras, como el “arequipazo” marcó el fin de las privatizaciones prebendarias.

Puneñazo jan ukax aymarazo ukanakax mineras tuqirux janiw sapxiwa. Ukampirus yaqhip cibernautanakax akx janiw suma qhan uñjapkiti, Cecres (@Cedres), jupax tuitiyiwa:

Quién entiende a esta gente? #rabia RT @terrape: A pesar de triunfo nacionalista, aimaras vuelven al paro http://bit.ly/mFZJWh

Khitis aka jaqir amuyi? #rabia RT @terrape: nacionalista uka jikxatasaxa, aymaranakax sayantawir wasitampiw kut’apxi http://bit.ly/mFZJWh Martín Arcaya (@arcaya1) tuytiyo tuqiw akhan qhuru arump arsu:

Si tanto criticas a los comuneros aymaras anda a vivir alli con tu fuente de agua a punto de contaminarse, huevón!

Sitï aymar markachirinakar k’umsta, ukhax khayar uma wayuchum apxarusis sarama. John Rivas (@johnidem) jilax Johnny Lescano congresista jilaruw akham sï:

@yonhy_lescano Deberías estar en Puno conciliando el problema de los Aymaras.

@yonhy_lescano Puno markan Aymaranakan jan walt’awinakap askicht’askañamanxa. Puno markan indigenas markachirinakaxa, kawknirinakati, piwra chiqan jilpach jan yatiñani, desnutrición ukatx pisin jakäwini ukhaman jikxatasipxi, jupanakax yapu yapuchäwimpiw jakasipxi, ukampirus Perú markpachan wali armat ukhamaw jikxatasipxi. Ukham armatapxtapatx waranqa jila kasta ch’uqi achuyapxi, ukatx nayrir nayrir chiqankapxiwa uka ch’uqi achuyawimpixa.

Walter Aduviri p’iqinchiriruwa, juparuw ayllunakatx markachirinakax arktapxi, arusupxiwa , wasitamp unxtasiwimp thakhi jist’antawimp sarantaña, inas jan qawqha markanakas akamp chikanchasipxan ukax yatitakchiti.","ChhijlläwinaTras una tregua concedida temporalmente para que se pudiesen llevar a cabo las elecciones en la región Puno, los indígenas aymara de esa región han anunciado que retomarán su huelga indefinida, con la que reclaman la cancelación de todas las concesiones mineras otorgadas en Puno por el daño que causan al ecosistema y contaminación de ríos, lagunas y el Lago Titicaca.Tras una tregua concedida temporalmente para que se pudiesen llevar a cabo las elecciones en la región Puno, los indígenas aymara de esa región han anunciado que retomarán su huelga indefinida, con la que reclaman la cancelación de todas las concesiones mineras otorgadas en Puno por el daño que causan al ecosistema y contaminación de ríos, lagunas y el Lago Titicaca.",aym,globalvoices,Global Voices,fake news,5a0c3793-4f27-4a64-ac51-a3ee34dd8894,article,MassiveSum
https://aym.globalvoices.org/2015/12/7766,,Voces Étnicas ukax México markan indígenas uñt’atak ukanakaruw saranakap arup nayrar kunkanchayañatak yanapt’i · Global Voices Aymarata,,"Fotografía tomada con permiso del sitio oficial de Voces Étnicas. Tomada del artículo “Nuestro mundo y nuestras palabras” por Sergio Abraham Barrera.

México markanxa, saräwinakax chhaqtañ munaski, asociación cultural Voces Étnicas, uksanw juk'amp nayaratar jach'anchañatak ch'amanchi.

Voces Étnicas ukax mä medio cultural ukhamaw yuri:

[…] México markanx may may aplicaciónes ukanakamp saráwipar ch'amanchi, humanística ukat perceptiva uka uñtäwimpi,

Página web uksax leyendas, cuentos, narraciones, fábulas, mitos, epopeyas, poemas ukanakaruw mant'apxasma, ukat República Mexicana uksan may may markanakax jakasipki ukhamarak saräwinakap uñicht'ayapxi. Aka Leyenda de la creación del Colibrí ukanx ukhampachaw uñt'ayasiski:

Dioses mayas ukax uraqpachan utjirinak utt'ayawayi; sapa uywa, sapa quqa ukat sapa qala. Kunapachatï tukhapkatayna ukhax janiw khitis uka amuy yaqha chiqan imirix utjkataynati.

Janiw niq'is ukjamarak tunqus yaqha uywa lurañatak utjakataynati, mä qala patapxatayna ukatw mä flechax jalsuwayxatayna lurapxatayna, kunapachatï wakiyataxatayn ukhax may phust'apxatayn ukat jisk'a flechax jalsuwayxatayna. Ukat janiw flecha ukhamaxataynati, jupax jakäwinixataynawa dioses ukanakax X ts’unu’um ukjam utt'ayapxatayna. […]

Arte, jaylliwi ukat thuqhüwi ukwa categoría multimedia ukan jikxati, jilpachax canal de Vimeo ukanw jisk'a video uñacht'ayi, ukax tayka arubak yatichañatakiwa.

Redes sociales ukanw kunayman luräwinakax uñt'ayasi, jipachax Facebook ukanaw uñt'ayata, sapurunjamaw jamuqanaka, pankanaka ukat yaqha qillqatanakas pachpa markatak uñt'ayata.

Facebook, Voces Étnicas uksan jamuqapawa.

Voces Étnicas ukax comunidades indigenas ukanakaruw aru churi, yatiyäwinakap uñt'ayapxañapataki. Saräwip arup jach'anchayañataki.

Página oficial, Facebook perfilapan uñjasma, ukakipkarakiw Vimeo, YouTube ukat Twitter ukanakans uñjasma.","Voces Étnicas ukax México markan comunidades indígenas ukanakaruw saräwinakapa, arupa ch'amanchañar yanapt'i.",aym,globalvoices,Global Voices,fake news,d1e96094-ac32-4d98-b246-67774454c346,article,MassiveSum
https://aym.globalvoices.org/2013/08/6065,,Latuff Brasil markankirix chansatuq rixi jamuqirix militar pallapallanakamp jiwayañatak arknaqatawa,,"Jamuqanak rixirin mä qawqha arsunakapa Carlos Latuff Facebook uksapan jichha lurataki [pt] inawis pä pallapallanakar 13 maran wawapan jiwayatapata, jank'akiw reades sociales uksanakar p'arxtasipxi, añchas jiwayañaw sas kunaw arsuwayapxi.

Akjam uñt'ata “jaqinakan aski sarnaqäwipat chansamp phiñasiñamp rixit jamuqanaktuq arxatirit uñt'atawa”, Latuff 6 urunak lakan phaxsin 2013 maran Facebook perfil-tuqipanx [pt] qillt'awayi:

Garoto mata seu pai, que era policial da ROTA…esse menino precisa de duas coisas: atendimento psicológico e uma medalha.

Mä jisk'a lalaw awkipar jiwayi, ROTA mä pallapalla… aka wawax pä yänak muni: psicológico sat chuymachäwi ukatx mä paylläwi.

Nayrïr pusi jaqinakar jiwayir tumpatax pachpa Vila sat wila masitachisphaya Brasilandia Sao Paulo uksana, 13 maran jisk'a waynuchuwa, ukampis 5 urunaka lakan phasi 2013 maranxay jaqi jiwaychispa. Uka jisk'a lalan awkipax Sao Paulo uksan mä sargento sat pallapallanwa. ROTA [ukan] (Ronda Ostensiva qalltanaka Tobias de Aguiar, portugués uka arunxa) jan khuyapt'ayasis jaqi jiwayiri [pt], ukatx taykapax militar pallapallanak tuqinxa cabo sat chimpu apanxa. Jisk'a lalan wila masip taypinx awichapa ukjamarak tiyapax uta jak'an jiwataw uñstapxaraki.

Departamento de Homicidio y Protección del Personal Civil tuqinkir pallapallanakax uka jan walt'äwit yatxatasipkiwa.

mä akatjam kunawrasatix pallapallanak irpsxañak Brasil pallapallanak ukjaw k'achañamp yatxatasiski kunawrasatix tamachat qutunakar arsusipxi ukja 2013 maran willka kuti phaxsin jach'a mark tupunaks q'al phuqhantapxi, Latuff jupan chimpunakapax pallapallanakan lurawinakap p'inqachäna.

Mä uñañcht'äwiwa Facebook [pt] 7 lakan phaxsita, Latuff jupax walipuniw ukjam jan walit arch'ukitax unxtasiwayi:

Ao longo dos meus 23 anos de profissão como cartunista já fui detido três vezes por desenhar contra a truculência da polícia brasileira, e já recebi inúmeras ameaças, seja de judeus sionistas por conta de minhas charges em favor dos palestinos, seja de extremistas muçulmanos pelas minhas charges sobre a questão egípcia e síria. Portanto, ameaças fazem parte do meu trabalho.

Niya 23 maranak irnaqkasaxa niya kimsa kutinakaw Brasil uksan pallapallanakampix rixi jamuqanak luratajak mutuñ utar llawintayastha, ukatx walja jisk'achäw arunakamp arunaqjataw uñjasiraktha, judíos sionistas uksatasphas jamuqajanakax jan ukax palestinos ukjarus uñachaspha, jan ukax Egipto, Siria uksan musulmanes sat jakirinakarus uñanchi. Ukjamax jan wali arunakax irnaqäwinjankiwa.

Ukampis jichhax kunapachattix pallapallanakax jiwayañatak chansa jamuqanak rixirirux arkanaqapki redes sociales sat tuqinakanxa, Latuff jupax jakawijax janiw khusaxiti siwa, inas kunapachas jiwatak uñstxchispha.

Mä jupar jiwyañ munir pallapallan perfilap katjatanx Latuff juparuw Facebook tuqin akjam sas ixwatäna: “Jupampitixjikisixa, jiwayawa… jupjam jaqinakatakix uraq p'iyaw suyaski”.

Fórumrevista sat qillqatanxa enumera [pt] walja jiwayañatak ixwanakaw jupatuq utji, LatuffROTA laphi tuqina, yapt'asa:

Se vc apoia esse lixo é terrorista igual e se é terrorista, tem mais é que morrer, lixo.

Aka jan wali jaqirutix qimistaxa, jupjam terrorista jaqitawa, ukatx ukjam terrorista jaqistatixa jiwañamawa. .

Uka pachpa qillqat revistanxa, jamuqanak rixiriy uka arunakax “jan walipuniwa” sasin arschispa ukjam qillqataw uñsti:

Esse tema é tabu. Não podemos tratar da violência policial no Brasil. Vivemos em um Estado policial, e nesse Estado você não pode ser crítico, senão é ameaçado.

Aka amuyunakax janiw sañakiti. Brasil markan janiw jan walinak pallapallanakax lurapk ukat arsksnati. Pallapallanakan mä markan jaktan ukatx aka markans janiw pinqachañakiti jan ukax jiwayañatakiw arnaqaptam .

“aski luräwinak mant'asa” Latuff jupan jisk'achkaw jamuqanakapa, ROTA sat tamachatanakan ukjamarak militar sat pallapallanakar jaqi jiwayirinakat yatiyasa. Carlos jupax jamuqapa Latuff, inaq apnaqasa.

6 uruna lakan phaxsinxa, Facebook tuqi,dijo [pt] janiw jinkachat amuyaskiti jan ukax ch'amampiw arsu:

Quem conhece meu trabalho sobre a violência policial, sabe bem o que penso sobre a atuação das polícias no Brasil e lá fora. Sou coerente com o que acredito.

Khithinakatix pallapallanak tuqit yatxatkx jupanakax sum uñt'apxi kuntix Brasil ukjamarak anqäx markankir pallapallankax jan walinak lurpki. Kunjamtix lupk't ukampix luratajax jaqusiwa.

Ukjampachas, qhipürux rixinaktuq jamurt'irixa taqiniriuw uñacht'ayi [pt] kuntix jupar lurañ munapki, Brasil markar kuntix jupàmp lurapkasph uk uñt'asasina:

Dessa vez, com as redes sociais, estas ameaças são potencializadas, graças a comunidades relacionadas a organizações policiais, que reúnem não só membros ativos das forças de repressão, como também simpatizantes com perfil fascista, anti-comunista, anti-petista, machista e homofóbico. É sabido que dois desses perfis, Fardados e Armados e Rondas ostensivas tobias de aguiar “Rota” estão incitando seus membros a tomarem ações violentas contra mim. E é bem possível que isso aconteça, afinal de contas, a polícia mata! Não seria eu o primeiro, e muito menos o último. Essa é a característica de nossas polícias, de nosso estado. E se acontecer, que sejam responsabilizados os administradores destas comunidades e o estado brasileiro.

Aka kutixa, redes sociales tuqiwa, jan wali arsüwinakax wali ch'amañchatawa, ukax jaqinakan pallapallanakar wayuxipkatap laykuwa, janiw jan aski jaqinakak tantachapkiti jan ukax facistas sat maysa amuyuninaksa, ukjamara anti comunistas sat uñt'at tamanaksa, khithi jaqinakatatix irnaqir kuntra sayt'asipxi ukanakamp kunawa ukjamarak nacionalistas jupanakasa wali jan jaqi kuntrapxi ukanak kuna. Aka tuqit pä perfil-nakawa uñt'asi, suma wakicht'atanaka [pt] (Con Uniforme Militar y Armados) ukjamarakamuykay qutuchanaka tuwias -na aguiar satana “ROTA” [pt] uksankirinakax jaqinakaparuw nayar tinkjayañatak yatichasipki. Kapasakiw kunas jan walt'itasphati, ukampis taqi kunatsa, pallapallanakax jiwayiwa. Janiw nayrïrikiristti, ukjamarak chiqans janiw qhiphakarakisa. Pallapallanakasan ukax lurañapapuniwa, markasanxa. Inax kunas utjchispha, Brasil markan ukjamarak aka mark apnaqirinakakiw ukjam jan walinak utjatapatx yatipxani..

“Uka campaña”Reaja satax”(Reaccione) Carlos Latuff-juparuw yanapi, Bahia uksata, wal llaki kunapachatix mä pallapallax jaq jiwayki ukjaxa. ¡Jichapï pallapalankxata!” Campaña militar pallapallanak tuqitaki, Carlos latuff jupar jiwayañataki amtapki ukanak yatiyasa Latuff. Latuff jupan aski rixi jamuqt'anakapa, inak uñjt'anakatiwa.

Walja qutunakaw khuyapt'ayasin chuymanakap uñacht'ayapxi, sañäni jan utan irnaqirinakan tamachatanakapa (MTST, Movimento dos Trabalhadores Sem Teto), las Madres de Mayo (Mães de Maio [pt]) ukjamarak Unión de los Partidos de los Trabajadores Socialistas sutinchat qutuchanakasa(PSTU, Partido Socialista dos Trabalhadores Unificado), ukjamatseleccionó [pt] walja jan wali archukiwinak januqanak rixiritaki. kunayman tamanakata ukjamarak yaqhip jaqinakatsa kunayman ch'amañcht'anakaw utji, yapt'asa [en] akjam yatiyäwinakaanqäx markata [sb], “wal qillqirin” [pt]pirwat phuqharayxapxatäna.

Akaqillqat Diário Liberdade satas (Periódico Libertad) yatiyarakiwa [pt] qillqataLatuff jupana ukatx rixi jamuqiriruw qimisïwip churarakitäna. UkaCatarce sat yatiyirix arsuwa [pt] ukaLatuff jupax “mä artista-wa ukjamrak Brasil markan jaqinakan kunatix lurañanakapak ukanakxat arxatiri ukatx jaqi markanakax jamuqanakapax jaqinakan amuyunakaparuw manti ukjamat amuyt'ayasa”.","Jamuqanak rixirin mä qawqha arsunakapa Carlos Latuff Facebook uksapan jichha lurataki [pt] inawis pä pallapallanakar 13 maran wawapan jiwayatapata, jank'akiw reades sociales uksanakar p'arxtasipxi, añchas jiwayañaw sas kunaw arsuwayapxi. Akjam uñt'ata “jaqinakan aski sarnaqäwipat chansamp phiñasiñamp rixit jamuqanaktuq arxatirit uñt'atawa”, Latuff 6 urunak lakan phaxsin 2013 maran Facebook perfil-tuqipanx [pt]...",aym,globalvoices,Global Voices,fake news,8f4c5d74-149d-44df-87e3-91d094d09215,article,MassiveSum
https://aym.globalvoices.org/2014/08/6764,,Kirguistán markanx activistas tawaqunakax isturyanakap formato digital uksan qillt’as uñt’ayapxi · Global Voices Aymarata,,"Primer taller. La foto es cortesía de las Chicas Activistas de Kirguistán y está usada bajo permiso.

Kirguistán markankir activistas tawaqunakapxtwa, nanakax wayn tawaqus khuskhatasp uk munapxta. Aka uraqinx janiw uñisisiñas jisk'achasiñas utjañapakiti.

Kirguistán ukax mä jisk'a markawa, Asia Central uksan jikxatasi, uksanx walja jan walt'äwinakaw utji. Walja jaqiw jilïr iripirinakax janis wayn tawaqunakar ist'atakasp ukham amuyapxi.

Juk'a jaqikiw tawaqunakan jakäwipax ch'amakiw ukxat yatipxi, Ukatwa “jiwasanakan saranaqäwisa” ukax Kirguistán markankir tawaqunakamp irnaqi, ukhamat jupanakax jakäwinakapax kunjams ukanakxat video waruqatana, blogs uksan qillqt'asa, jamuqanak apst'as uñt'ayapxañapataki

Willka kuti phaxsinw aka proyecto ukan tawaqunakn chikancht'asipxañapatk jawillt'apxta, kirguisos uksa markat kimsa markanakaruw jawilt'apxta: Ber-Bulak, Kyzyl-Tuu ukat Vorontsovka uka markanakaru. Ukjatpachaw kunjams kunawsas Bishkek-kir tawaqunakar yaticht'atän ukx wakichapxta. Uka yatichäwinx WordPress uka apnaqañ yatichapxta, jupanakan histuriayanakap qillqt'as uñt'ayapxañapataki, uka kipkarakiw jamuqa, video, waruqawianak lurañs yatichapxta, ukatx smartphones uka apnaqañs yaticht'apxaraktwa, ukjamat sarawinakapat qillqt'apxañapatki ukat Facebook ukat Twitter uksanakan uñat'ayapxañapataki. Kashka-Suu ukat Otogon uka pä markankir tawaqunakax janiw chikancht'asiñ atipkti, kunalaykutix awkinakapx janiw khitaniñ munapkiti, janis askikasp ukjamwa uka tantachäwitx amuyapxana. Uka awikinakapampiw tantacht'asiñ munapxta, kunja askis uka tantachawin tawaqunkan chikancht'asiñapax ukxat arxayt'añataki.

Walja tawaqunakaw wila masinakapar yanapt'añatak irnqapxi, ukampirus utanakapanx may may lurañanakanipxarakiwa. Maynix uta pichthapiñapa, sullkanakapar uñjañapa, waka lich ch'awañapa ukatx iwijanak awatiñapa. Ukampirus jupanakax taqi akanak lurañ munapxpachati? Janiw khitis jiskt'apkiti.

Nanakax historias ukanakxat aruskipxaraktwa. Kunanaks historias uksatuqit uñt'ayañ munapxta? Kunas wali aski ukatx kunas llakisiyapxtama? Kunjams jakapxta ukatx kuna jan walt'awinakas utji?

Aka tantachawinx yaqha wayn tawaqunakampis masichasitarakiwa. Purapatw ch'amancht'asipxtan ukaw wali aski.

Bishkek uka tamax uka kipkarakiw ukan chikancht'asiwayi. WordPress ukat smartphones uk apanaqañx janiw yatipkayäti, jichhax uk apnaqañw yatintapxta. Ukakipkarkiw medios ciudadnos uks yatxatapxta, ukanx taqiniw yatichiri ukjamarak yatiqir ukjam sarntayapxayata.","Kirguistán markan activistas tawaqunaka,  jupanakax aldeas uksankir wawanakaruw yatiñanakap uñt'ayapxi.",aym,globalvoices,Global Voices,fake news,acc340b1-86a1-4de1-a6e0-675c9a15b178,article,MassiveSum
https://aym.globalvoices.org/2012/11/5024,,Bangladesh: Yatiyirinakar jiwayapxatapatx janiw suma yatxatäwix utjkiti,,"Tunka maya uru saraqkipana jalluphaxsita aka pä waranqa tuka payani marana, Maasranga televisión yatiyir yatirinakapaw jiwayat uñstawayapxi. Jupanax Sagar Sarwar, Mehrun Reni Sutinipxanwa. Aka chacha warmix jaqinakan wali uñat`atapxanwa. Jupanakax utapan wali sintisiykay jiwayataw uñstawaypxi, khaysa Bangladesh marakan ukx aka Global Voices uñjapxasma). Uka jan walt`aw urux ministru tatasti arsuwayiwa akjam sasa.

Jiwayawinakatsti kimsa qallq paxsiw saraqawayxaraki, Ukat janiw kuna qhanstir thaqawis utjiti. Jichha mantir ministrux aka patunka phisqa uru mallkiphaxsit saraxkipan arsuwayanwa. Ministru tatanakax tunka uru saraqataru octubre phaxsin phuqachawayapxani ukjamarus ik mächasiqayapxani, sasa. Janir mä ur saraqkipan arsuwipatxa, qhanachawayarakinawa akjam sasa paqallqu jaqiw juchanjam katuntasiwayi[bn], kunatix, uka paqalqu jaqix antecedentes penales ukanipxiwa jaqi jiwayapxiritapata. Uka pachparakiw wakiyata mä millón takanaka (qullqi Bangladesh) purtirun uñstañapataki. Kunatix pallapallanakaw purtirur sikhiñtañatak katuntawayapxatayna. uka urut jichurkamax Purtiru tatasti chhaqhataw jiqqhtasi. Familiarapanakasti qhananchawayapxarakinwa, kimsa jaqiw katutawayapxi ukat jichhakam chhaqata,sasa.

Yatiqirinakasti waljaniw jan ministrun arsutapa yäqapkiti Kunati, ministrun yatiyawipax janiw wali amuyañjamakiti ukhamarus wali ch´arqhutatawa [bn]. Pachparakiw jan qhanakiti paqallqu jaqin katuntatätapa, sasaw arsuwayapxi.

Pasïri tunka uru octubre phaxsit saraqatar, Jiwata Runin ch`uri jilapax, Nowser Roman waynax mä demanda comesaria ser-e Banglar jaytawayatayna. Fasebook uksarus amuyawip apkatawayarakitayna, akham sasa.

El estado de Facebook de Nowsher Roman

Pensando en mí mismo, ¡¡me asombra lo indefensos que estamos!! Mi familia y yo somos muy desgraciados… siento pena por mi mismo. Y Megh (el hijo superviviente de la pareja), mi familia y todas esas personas interrogadas, mi corazón se rompe con ellos, por sus padres y parejas impotentes… ¿¿¿Dios no existe??? ¿¿¿Dios no existe??? (Citado con su permiso).

Naya pachpach lup`isin ¡¡ wali lup`iyitu jan khitin arxatirinitasa!! Familiaxamp nayampix wali aynacht`atapxatwa. ukhamarak, Megh (jiwatanakan qhiparir wawapata) awkixanakata, taqpacha jaqinakata chuymax wal usutu. ¿¿ tatitux janiw utjkiti?? ¿¿tatitux janiw utjkiti?? ¿¿tatitux janiw utjkiti??

Nowsher Roman estuvo presente en la protesta de los blogueros en frente del ministerio el 15 de mayo de 2012.

Jiwayatanakan taykax arsuwayiwa kuna katutawinakas k`arikiwa [bn]. Nanakax chiqan utjañapak munapta sasa.Asifnzrul yatichirix facebook ukar qillqkatawayarakitaynawa: – nanakax justicia Sagarumpit Runimpit mayipxtwa,sasa.

El 28 de abril de 2012, algunos blogueros iniciarion una protesta de pintadas en la calle por la muerte de la pareja. Fuente: BDNews20.com blog

Asifnzrul yatichirix facebook ukar qillqkatawayarakitaynawa: nanakax justicia Sagarumpit Runimpit mayipxtwa,sasa. “Pedimos justicia para Sagar y Runi” [bn]:

Existen dos teorías conspirativas sobre este asesinato. La primera: hicieron pública la gran corrupción dentro del gobierno y por eso los mataron. La segunda es que los asesinos están vinculados con los partidos al poder. Su “padrino” es alguien cercano al gobierno, que se aseguró de que las autoridades no los inculparan. Si no se crea una investigación aceptable, estas teorías se harán más legítimas.”

Jiwayawxat utjiwa pä amuyawi. Nayrïri amuyawi: jiwayatanakax gubiernu taypin lunthataw jaqinakar uñacht`awayapxana. Payïristi chacha warm jiwayirinakasti gubiernump jallq´thaptatapxiwa. Ukat Jupanakax jiwayayäsipxi. Gobierno taypinkir ichutatapax sawayarakinwa.

Pallapallanakasti arsuwayapxarakiwa chacha warm jiwayxatat irnaqirinakax janiw kuns yatipkiti, sasa. Facebook [bn]:

Si se contrataron a sicarios, ¿por qué se ha detenido entonces a Tanvir, un amigo de la familia? ¿Quién pagó a los asesinos? ¿Quién trabaja en un segundo plano? ¿Cuál fue le móvil del asesinato? ¿En qué se relacionan los 8 sospechosos con el caso y cómo fueron identificados? Quiero conocer todas estas respuestas. (Publicado con su autorización).

Jiwayiranakar katuntaxipanx, kunats familian amiguparust katuntasiwayaskakpacha, khitis jiwayirinakar chaninchawaypacha, khitis payir t`aqan irnqawaypacha, kunas juchapacha jiwayañataki, uka kimsaqallq jiwayir jaqinakax kunamats jak`achaspacha aka chacha warmiru jiwayataru ukhamarus kunämats katuntawayappacha. Nayax yatiñ munta aka jiskt`awinakampi.

Pasiri patunka uru mallki phaxsit saraqkipana aka marata, yatiyawinak Yatiyirix Shawkat Mahmud Facebook ukar qillqkatawayataynawa, akjam sasa.

Desde 1971, 29 periodistas han muerto asesinados (en este país). Además, 17 han fallecido durante esta legislatura. Muchos periodistas han resultado heridos mientras trabajaban y reciben amenazadas con frecuencia. El gobierno ha creado una nube alrededor de la investigación del caso Sagar-Runi. El Ministro de Interior afirmó tras el asesinato que los asesinos serían encarcelados en 48 horas. El Inspector General de la Policía afirmó que se está avanzando significantemente en la investigación, pero los agentes de policía afirman que las pruebas se han destruido. Y nosotros seguimos con las protestas.

Khuri mara llatuktunka paqalltuka mayani maranxa patunka llatunkan yatiyirinakaw aka markan jiwat uñstawayapxi. Ukhamarus paqalltunkaniw Jichha gubiernun jiwat uñstawayapxaraki. Pachparakiw utjawayi usuchjatanaka ukhamarus amenazanak katuqapxi. Gubiernux Sagar- Runimpit mä urpu thaqawiparux uskuwayi. Manqhankir ministrux sarakinwa. Jiwayir jaqinakax pusitukn kimsaqall pachatx jist`antätaxaniwa, sasa. Inspector p`iqinchiristi sawayarakinwa, nayraruw thaqawix sarntaski, maysat pallapallanakasti sapxarakiwa pruywanakax t`unjasiwayxiwa. Ukat Nanakasti unxtawimpi sarantasipkaktwa.","Kimsa qallq paxsinakaw saraqawayx yatiyirinakan jiwayawinakapatxa. Janiw kuna thaqawis jichhakama utjikiti. Jichha ministrux sarakinawa phuqachasiniwa ukhamarus aka tunka uru saraqat octubre paxsinxa ministrunakax amuykipawapxi, sasa.",aym,globalvoices,Global Voices,fake news,7aba5f53-ae94-4d07-9bab-5f29e4951472,article,MassiveSum
https://aym.globalvoices.org/2013/01/5245,,Yaqha tawaqux phiskasita ukat Bangladesh markan jiwayata ukhamawa,,"Mä pampankir tawaqux mayampiw khaysa aldea Borodalupara, kawkhali, distritu Rangamatiña phiskasita jiwayata uñstawayi. Jiwayata khomachingMamax tunka pusini maranikinwa. Jupaxa uctavu kursunkir yatiqirinwa. Mä qullu k´uchuta, utapat kimsa patak mitrun t´aqaxtataru uka imill wawan amayapax jikisiwayi. Rina Dewan Facebook [bn] uksanw uka kipka yatiw uñt’ayi:

Hay una aldea de colonos llamada Nallyachari Uttor Matha a medio kilómetro de distancia de donde se encontró el cadáver de Thomaching. A principios de la década de 1980, el gobierno expulsó a los indígenas Marmas de su territorio y alojó allí a los bengalíes. Ahora, estos colonos reclaman una gran parte de Borodalupara. Hace unos días, los aldeanos de Marma plantaron jengibre en sus terrenos, pero los colonos destruyeron sus cosechas, creando una gran inestabilidad. Se dice que este conflicto lleva abierto desde los tiempos del tío materno de Thomaching Marma y los colonos de Bengali. Por todo esto se sospecha que esta violación y asesinato sean fruto de la venganza.

Khä chika kilomentro Nallyachari Uttor Matha jisk´a markat Thomaching amayapax jikisiwayi. Kunati nayrapachanx mä waranqa llatunk tunka kimsaq´all tunka qallta mara qalltkipan jiliri irptiri tata Marmas markapat aka jisk`a markankir jaqinakar ananukuwayatayna. Jichhasti aka colonunkirinakax mä jach´pach uraq Borodalupara mayipxi. Ukat, mayurukiw Marma jaqinakax jengibre quqanak colununkir jaqinakan uraqipanakar alintawayapxi, ukatsti colunkir jaqinanakax uka achun jank’akiw jiwthapiwayapxi ukjamarus jach'a ch’axwañaruw uchasiwayapxi.

La violencia contra las mujeres indígenas ha aumentado recientemente. Imagen de A M Ahad. Copyright Demotrix.

Aka qhipqhipa urunakar walja warminakaw phikasita ukar jiwayata uñstawayapxi, kunatix nayrurukiw mä imllwawx phikasita uñstawayi. Jupax kintu cursunkir yatiqiqirinwa. Harikishore chakma yatiyaw yatiyirix (en) mä qawqha jakhuwinaka aka jisk´a markata tawakonakar phiskasitakäna jichha articulur Prothom Alo [bn] jasachawayi.

Hasta el pasado noviembre, 20 mujeres indígenas fueron asesinadas en tres distritos montañosos. Ahora, a esta lista que no hace más que aumentar, se le suma el nombre de Thomaching Marma. Según datos de la organización por los derechos humanos Kapaeng, durante el 2012, 51 mujeres fueron violadas; en el 2011 hubo 31 víctimas y, en 2008, cuatro.”

Pasiri lapak phaxsina, jisk'a markankat, pätunka warminakaw jiwayat kimsa distritu qullunak uksan uñstawayapxi. Jichasti Thomaching Maman qillqatapanaruw qillqkatasiwayi. Yaqhipa organizacionrs jaqinakat yatxatirinakax Kapaeng arsuwayiwa akjam sasa. Aka pä waranqa tunka payam maransti, phisqa tunk mayam warminakaw phiskasit uñjasiwayapxi. kha pasiri pä waranqa tunka mayan maransti utjarakinawa kimsa tunk mayan warminak jan walt´atapxatapa, uka pachparakiw pasiri khuri pä waranqa kimsaqall maramx pusi warminakarakiw phiskasita ukar jiwayasiñax uñstawayapxi.

Aka jan walt´äwinakax Markan phiñasiwinakap sartawayi, ukjamarus taqpacha Dhaka Chittagong sylhet markankir jaqinakar unxtasiwayañatak tantachasiwayapxi. Uka pachparakiw internautanakas wali phiñasita phiñasiñanakap arsusiwayapxi.

Protesta en Dhaka contra la violación y asesinato de la jóven indígena. [“Que ahorquen al violador y asesino.”] Imagen de Firoz Ahmed. Copyright Demotix

¿Estamos tan insensibilizados como el frío cadáver de nuestra hermana? India ha protestado vehementemente en contra de la reciente violación en grupo, Imphal clamó justicia por el acoso sexual que sufrió una chica. ¿En qué consistirán nuestras protestas? ¿En una mera marcha? Y después, volveremos al silencio y la insensibilización.

Mithun chakmajummo akjam saw facebook ukar qillqkarawayarakitayna jiwasanakax jan chuymanjam kullakasan amayapjam thayarataptanwa. Indianakasti märatukiw marchir jiwayatanakat tupunakar mistuptan, uka pacharakiw imphal justician utjañap mayiwayi. Kunatakis wakispacha unsxtasiwinakasasti aka t´akuxtatsti utasanakuruxay kutt´xapchiñanixa, sasa.

Adivasi Aodhikar Andolon [en] (CHT) qillqt’iwa:

Veo en las noticias cómo India brama en las manifestaciones contra la violación en grupo en un autobús de Delhi. Es fantástico ser testigo de su unión. Los medios de comunicación también les apoyan. El gobierno indio se ha visto obligado a arrestar a los responsables.

Recientemente, una niña indígena ha sido violada y asesinada en la aldea de Borodalupara, en la upaliza de Kawkhali, distrito de Rangamati.

¿Y? ¡La policía no ha arrestado ni a un solo responsable!

De esta manera, cientos de nuestras hermanas y madres indígenas se han convertido durante mucho tiempo en víctimas de violaciones y asesinatos.

Yatiyäwinakan uñjta, kunams Delhi warmix k´añasku manqhita wali unxtasiwayi, aka warmimp chikachasiñax wali kusapunispawa. pachparakiw yatiyaw yatiyirinakax wal mayxachasipxi. Ukat aka uñjasinxa jiliri p´iqinchir indio tatax wali jank´akiw juchani jaqinakar taripir utar apayi.

Jichakiw kaysa aldea Borodalupana kawkhali distrito de Rangamatina mä imill wawa phiskasita jiwayata uñstawayi.

Ukat, janiw pallapallanakax mayni juchansa jist´antawaykiti.

Ukarjamaw walja kullakasanakasa warminakasasa phiskasita jiwayata jiqhatasipxi.

Estos crímenes crean una imagen en mi mente sobre Bangladesh: la imagen de violadores y asesinos. Parece que estamos constantemente rodeados de atroces violadores y asesinos en potencia. No hay ninguna seguridad de que alguno de ellos no vaya a perder el control y se deje llevar por sus impulsos.

Aka jan walt´äwinakax p´iqijar jan walinaka Bangladesh market amuyayitu. Jicha nayax phiskasiripkaspasa ukar jiwayiripkaspasa jaqinakax ukhajam amuyta.","Mä kutimpiw mä tawaqux Borodalupara ukan jiwayata. Khomaching Marma tawaqux 14 maraniwa ukhamarus octavo  curso ukan yatiqaskäna. Janchi cuerpupx mä khunu qullu jak'an jikxatapxi, utapatx  300 metros ukch'a sarañawjana.",aym,globalvoices,Global Voices,fake news,4df45f69-9b02-4998-aeb0-ddc2f8a4a39a,article,MassiveSum
https://aym.globalvoices.org/2012/07/4516,,Argentina: Plaza de Mayo ukan awichanakamp Olímpicos anatäwinakampi,,"Lillie Langtry Memory in Latin America [en] uka blogun Plaza de Mayo ukanw awichanakax (espíritu de los Juegos Olímpicos) ukampiw mantapxi sasinwa uñt’ayi, “walja argentinos anatirinakan qhipïr videon uñstañapatak mayt’asina”. Langtry jupax mä video Carlo Retegui jupax kawkhanti chhaqhatak uka wawanakat mä amuyu uñstyañ munki ukxat arst’asa.","Lillie Langtry Memory in Latin America [en] uka blogun Plaza de Mayo ukanw awichanakax (espíritu de los Juegos Olímpicos) ukampiw mantapxi sasinwa uñt’ayi, “walja argentinos anatirinakan qhipïr videon uñstañapatak mayt’asina”. Langtry jupax mä video Carlo Retegui jupax kawkhanti chhaqhatak uka wawanakat mä amuyu uñstyañ munki ukxat arst’asa.",aym,globalvoices,Global Voices,fake news,fc983c1c-e66e-4178-818c-9de5b2895fde,article,MassiveSum
https://aym.globalvoices.org/2011/04/1525,,Boliviamp EE.UU. markampix inal mama akhulliwxatwa uñch’ukisiñankapxi · Global Voices Aymarata,,"2010 maranx ONU satax Boliviarux kimsir inal mam achuyir markaw sasaw uñt'äna, estadounidenses uksat Administración katak irnaqapk yanqha qullanak (drogas) kamachinak phuqhayirix janiw kut'añatak amtanipkiti. The Latin Americanist ukax uñt'ayiwa:

En 2008, Morales expulsó a la Administración para el Cumplimiento de las Leyes sobre Drogas de sus operaciones en Bolivia luego de que el embajador estadounidense fuera acusado de conspirar para derrocarlo. Más recientemente, los gobiernos de Estados Unidos y de Bolivian han estado enfrentados por la presión de Morales para anular una prohibición global al mascado de coca.

2008ni, Morales irptirix Bolivian yanqha qullanakxat kamachinak phuqhayirin Administraciónaparuw jaqsuwayi, ukatsti embajador estadounidense ukaruraki. Jichhanakakiw Estados Unidos markan irpirimp Bolivia marka irpirimpix uñch'kisiñanakankapxana,Morales jilan markpachan inal mama akhulliw jark'aqañapataki.

Bolivia mark irptir Evo Morales jilaxa, janïr irpirikan ukhatpachaw inal mama achuyirïna, ukatwa inal mama achuyawiru, akhulliwiru arxati.

Mercado de coca en Bolivia. Imagen del usuarios de Flickr orianomada (CC BY-NC-SA 2.0)

Inal mamax mal de altura usutakiw aski. Inal mama laphix aqhulliñataki, mati umañatak apnaqatawa, los andes uksachiqana. 1995ni maranx mä a href=”http://www.druglawreform.info/index.php?option=com_flexicontent&view=items&id=266:the-who-cocaine-project&Itemid=99″>yatxatawi , aka yatxatawit uñacht'ayañax jark'atanwa, ukhamipanx sitio web Instituto Transnacional Organización Mundial de la Salud (OMS) ukxatawa.

Particularmente, no hay ninguna buena razón para prohibir el mascado, el té ni el transporte de la hoja coca. La prohibición de la hoja de coca no está contribuyendo con la lucha en contra del crimen organizado transnacional ni el tráficos de drogas en el hemisferio. El mascado de coca no es un asunto de salud pública ni amenaza con serlo si se le legaliza.

Ukatwa, inal mama akhulliwir jan jark'añatak utjkiti, inal mama achuyawir jarkt'añax janiw (lucha en contra del crimen organizado transnacional ni el tráficos de drogas) satak ukar yanapt'kiti. Inal mama akhulliwix janiw salud pública ukan kuna asuntupakisa.

1949ni maran inal mama laphit Bolvia ukhamarak Perú markampin Naciones Unidas ukan yatxatiripax 1961ni maranx janiw inal mamax akhullitañapakiti sasaw satayna. Boliviax wastampwa uñstatayna, Naciones Unidan jarkt'atapar janiw sas kutiyasa.

EE.UU. ukax Bolivia markan mayiwiparux amukt’ayañwa yant’i, qilqatanx askicht’atw uñt’ayi, ukanx uñt’ayiwa, Bolivianx lucha contra el comercio de drogas ukxat yanapt’awix pisiwa. Bolivianunakax walwa qhurut arsusipxi. Red Andina de Información satak ukax Hemispheric Brief uñt’ayiwa :

Leonilda Zurita, cocalera y líder del partido del MAS, el partido de gobierno, sostiene que la posición de Estados Unidos está desfasada con gran parte del mundo. “Los países nos apoyan para que podamos despenalizar (el mascado de coca); el único país que se opone es Estados Unidos” dijo Zurita a AFP.

Leonilda Zurita inal mama achuyiri, ukhamarak MAS partidun p’iqinchir kullakaxa, Estados Unidos markax jilpach markanakampix sasaw uñt’ayi. Anqax markanakatx inal mama akhulliwirux ch’amanchistuwa, Estados Unidos markakiw jan munkiti sasaw Zuritax AFP. ukar satayna.

Llakisiwisti yanqha qullax mantkin uka pisiqtañxatawa, akanti anal mama akhulliñax jark’ataspa ukhax estadounidenses ukax Mexicoruw mayt’aspa plan Colombiana thaqhañapataki, Estados Unidos ukan yanapt’ata, arsusiwinakax mä aynacht'awiw. sasaw uñt’ayi. Bolivianx uñjasiwa chiqpach Stephen N. De Witt en A Franciscan Abroad ukax uñt’ayiwa:

Durante el tiempo que estuve ahí, un grupo de mi clase de idiomas visitó una de las grandes regiones de cultivo de coca de Bolivia y hablé con la policía antidrogas de ahí. Nos dijeron que la mayoría de las operaciones de droga en la zona eran negocios familiares. Son pequeños grupos familiares que procesan pequeñas cantidades de coca sin procesar para exportar a Columbia [sic] y otros lugares para ser luego refinada como cocaína. Estos grupos usan equipo relativamente barato, portátil que se puede trasladar o abandonar si los descubren. Es casi imposible reducir estos grupos; cuando arrestas o clausuras uno, hay diez más listos para tomar la posta.

Ukankayat ukhakamaxa, mä nä kast tamaw Bolivia markan inal mama achuyapki ukhar purt’apxtai, ukatx anti drogas palla pallanakampiw aruskipta, ukanx jilpach inal mama achyirix wila masinakpuranwa sasaw uñt’ayapxi. Juk’anikiw juk’anak jani yanqha qullar tukuyas Colombiar apayañatak wakichapxi, ukat yaqha markankar cocaína ukar tukuyapxañapatak apayapxi.

Estados Unidos markan amtapax jark’t’añatakiwa Blogging by boz sasaw qilqti:

Más que conseguir la victoria fácil de una política en este tema y dejar que se apruebe la enmienda de Bolivia, el gobierno de Obama está eligiendo desperdiciar capital politico defendiendo una política ineficaz y sin valor escrita hace 50 años.

Mä aski jikjataw thaqpachaxa, Bolivia markan lurawinakap jaytañaspawa, Obama irpirix capital politico ukaruw jisk'achi, politica ineficaz ukar arxatasa.

Inal mama akhulliwix cultural ukhamawa, markachirinakamp yanapt’ata Estados Unidos markamp Bolivia markamp janiw kipka amtanipkiti,uka pä amta mayiwir inas mä amtar puriñachispa.",Naciones Unidas yanqha qullanakxat Narcóticas satak ukan khä 1961ni maranx janiw satañapaw inal mama akhulliwix sasaw satayna. Boliviax uka Naciones Unidan amtaparux janiw iyawsatakaspati sasaw kutiyatäyna. EE.UU. ukax  Bolivian mayitaparux amukt'ayañaruw munatana.,aym,globalvoices,Global Voices,fake news,dab37cbf-8702-4b58-af21-bc873d99024c,article,MassiveSum
https://aym.globalvoices.org/2012/04/4063,,España: Qulqit pisinkirinakan ajanunakapa,,"Blog Machaq pisinkirinaka ukax pisin jakäwin tukhatak ukanakan arst'awinakap apthapi, qulqit pisinkañanakap uñjapxi.Qilqirinakan amtaparjama, sutinak apellidunak aka injusticia ukan jaktan ukar uñtasa,ukhakamax jiwasan irpirinakasax p'inqaskay paylläwinaka, subsidios ukat yaqhanakamp lakirapxi.”","Al bloc ""Els nous pobres"" es recullen testimonis de persones que s'han vist afectades per la crisi, que ha limitat considerablement les seves possibilitats econòmiques i personals.",aym,globalvoices,Global Voices,fake news,907da3e3-6c85-49f4-bb54-69805c3e2dda,article,MassiveSum
https://aym.globalvoices.org/2015/09/7521,,Cheroqui arux tecnología uksan chikanchasiñ qallti,,"Tecnologíax markachirinakampiw chikanchasi, cheroqui markax aka tecnologias ukanakan qillqawtuqiw chikanchasxani. han logrado adaptar su lenguaje escrito a estos cambios. Desde la imprenta y las maquinas de escribir hasta la cada vez más accesible tecnología de hoy como son las computadoras y los smarthphones, el idioma cheroqui es completamente funcional gracias a la ayuda de incansables defensores y activistas que hubo en el camino.

Estados Unidos, Carolina del Norte ukat Oklahoma uka markanakan cheroqui arux arst'atarakiwa. Jichhax waljaniw cheroqui arux silabas ukhamamp qillqt'apxi, Tecnologiax arur jach'anchayañatakix wali askiwa.

Programa del Servicio de Educación ukat Lenguaje Tecnológico Cheroqui markan video waruqatax kunjams arux tecnologías ukamp chikanchasi ukxat uñt'ayi. Héroe cherokee Sequoyah jupaw 1821 maran nayrïr silabario uñstayawayi, uka videonx ukatuqitx uñt'ayarakiwa…

Programa de Lenguaje Tecnológico Cheroqui markatx khitinakatï cheroqui aru qillqat tecnologias ukan sarantayañ munapk ukanakaruw yanpt'i. Amtäwipax smartphones, laptops, desktops, tablets ukat redes sociales” uksanakan jan kuna jan waltäwin chikanchasiñapatakiwa. Sitio web uksanx mä glosario ukaw tecnologia uksan apnaqañatak utji.

Comunicación tecnológica ukax sapakutiw nayraqatar sartaski, cherokee arux nayraqatar sarantarakiniwa.","Akax mä historia ukhamawa,  cheroqui arun tecnologias ukamp nayrar sartatapatata.",aym,globalvoices,Global Voices,fake news,762b017e-bb18-4a68-9748-adcd63a95e55,article,MassiveSum
https://aym.globalvoices.org/2011/06/1746,,Ecuador: Kimsa thuqhuñ uta phichhantataxa (Factory),,"Factory nunca más. Imagen: Juan Arellano

Tunka llatunkan ur abril phaxsit saraqkipan, kimsa maraw jan walt’aw aka thuquñ utan “factory Qito Markanx” utjatapax jalakipawayxi, pä waranq kimsa qallq marana(2008), Uka thuquñ utanx rock gótico jupanakaw mä festival uñcht’ayasipkana. Uka phuñchhawinx tunka llatunkan jiwatanak ukatx patunk pusin usuchjatanakaw utjana. Jiwatanakax jilpachanix bandatuqinkirinakanwa, jichhurunakamaw usuchjatanakax t’aqhisipxi. Taripawinakas juchaninak ar uñt’ayatapas utjkarakiwa. Wilamasipanakas, jilamasinakapas taripawinakx mayisipkakiwa, kunalaykutix jupanakax munapxiwa aka Rock tuqinkirinakax kawkhans jayllint’asipkakispawa, jan khitins ñanqhachata.

Kunapachatix nakhantawaykanx ukhax walja Blogueros Ecuatorianos jupanakaw wal ch’amachasiwapxi, kunjamatix Sick boy aka Wildchild's Journal quien juparuw juch jaquwayi, kunjamatix janiw walt’aykit markachirinakaru, aka Rock gotico ukankirinakaxa.

El contexto de “un show publico cualquiera que terminó en tragedia” se ha trastocado hacia “una secta que buscaba la muerte”, o “jóvenes confundidos q adoraban a Satán”, o hasta “piromaniaticos terroristas”, bla bla bla… […] Un simple gusto musical pasa a ser prejuicio de unos cuantos que nos creen dementes, y que sin una “ayuda profesional” quizás terminemos matándonos entre nosotros o haciéndole daños a terceros… así el rockero retratado como antisocial capaz de cometer atrocidades cobra fuerza…

Aka kipka thuquwinakax jan walt’awir purikipunisawa, kunalaykutix apasha jiwañtuqiru, jan ukast aka waynanakax jan amuyasis satanasar yupanchapxana, jan ukast luqiratapxchi bla bla …

Alexis Guzme tatax aka Hecatombe markanx amuykipawataynawa ukhamarakiw arst’awatayna akham jan walt’awinakax jani walt’aykiti aka p’iqinchirinakaru.

Muchos de los organizadores de conciertos rockeros prefieren hacerlos subterráneos, en salas más o menos acondicionadas para albergar a cien o hasta doscientos espectadores, no buscan los permisos legales porque es un trámite donde la burocracia deja ver su poder, y sobre todo porque siempre habrán interminables y absurdos peros para que se evite un concierto de rock (el prejuicio en su mejor forma).

Rocktuqinkir p’iqichirinakax jilpachaniw uraqmanqharaka kipk thuqun ut lurañ munapxi, wali jach’a uta uraqmanqharu, patak jan ukax pä patak jaqi mantkiri, janiw jupanakax pirmis thaqapkiti, kunalaykutix wali ch’amaw apsuña, ukampirus mark apanaqirinakaxjaniw Rock thuquwinak utjañap munapki.

Tunka llatunkan ur abril phaxsi saraqkipan Quio Plaza Grandetuqinx jiwatanakaruw amtasiwana ukatx jiwatanakan wilamasipanaka, jilamasipanak jupanakaw wl lup’ikipapxana.

Mayni jiwatan wilamasipax aka jan walt’awitx arxayt’sistuwa: akham kimsamar phichhantasiwitx sarakipawayxi, Rock phuñchawix utjarakikinwa: Factory pä waranq tunka mayan maranx janipuniw utjxaniti sasaw amtawayapxäna.

Kunjamatix, aka discoteca República Cromañón Buenos Aires, Argentina ukanx discoteca Utopia Lima Peru, ukatx juk’ampinakax kawkharus phuñchhawx waynanakatakix America Latinanx utjxani.

, ukhamawa Juan Arellano jilan blogupana.","Nayruru 19ni abril phaxsitx kimsa maraw uka Fctory ukan jan walt'awi uktjakan ukax phuqhasxi, 19ni jiwatanakaw utjana, 24ni usuchjatanaka. Ukaruw amtasiwapxi.",aym,globalvoices,Global Voices,fake news,17ff2ab1-f1cb-4f01-97c0-05e3d348a7dd,article,MassiveSum
https://aym.globalvoices.org/2012/05/4202,,Venezuela: Internet thakhin luräwipa,,"Thakhi artistanakax ukhamarak jayllirinakax uñch’ukirinak jilanchayapxi, kunawsatix mistupxi. Venezuelanx jayllawix ukhamarak teatrox jakawita, traficota ukhamarak jach’a k’añaskunakatawa. Yaqhip markachir periodistanakax artistanakampi, khitinakax urban jaqinakar kusisiyapxi ukata, jikisinx uñt’asipxi.

Ukhamarak pachpa artistanakax jisk’a videonak wakichapxi. Ukhamarak documentalanak kunan thakhin walja jayllawirinakan actuacionakap uñachayapxi.

Aka videonx, thakhin jayllawirinakan phunchhawitak pachpa artistanakat lurata, walja jayllawirinak yaqha markanakankiri uñjasispawa:

Cinetica 13n Mérida thakhit mä jayllawirin actuacionapyatiyapxi.

Teatrox Venezolano thakhi artenx uñtatarakiwa. Morales Peruchox You Tube cuentapan “Comediantes” taman actuacionakap yatiyawiraki, kunax Mérida markankirirakinwa.

“Melodías en la calle. Mérida, Venezuela” del usuario de Flickr David Hernández usada bajo

de Creative Commons Atribución-NoComercial-CompartirIgual 2.0 Genérica (CC BY-NC-SA 2.0)","Thakhi artistanakax ukhamarak jayllirinakax uñch’ukirinak jilanchayapxi, kunawsatix mistupxi. Akan yaqhip Venezuela thakhin artistanakan videonak uñachayapxta.",aym,globalvoices,Global Voices,fake news,891d2f46-f258-42a9-8bc0-04e646a5c4d5,article,MassiveSum
https://aym.globalvoices.org/2011/03/1428,,Myanmar Markana: Uraq Khathat Waraqatanaka,,"Myanmar markana: uraq kjathati waraqatanaka Mä 6,8 patilla uräq khatatiw [en] noereste Myanmar mark thalthapiwayatayna, aka 24uru saraqataru Marzo phaxsita aka 2011marankasina. Ukaxa sismo [en], Tailandia, Vietnam ukjamaraqki China markanakaruxa kjatattayawarakikitayna, 70ka jaqinakaruwa jiwayawayi ukjamaruxa tukjawayarakitayna,240ka jach’a utanakraki [en] aka Myanmar markanxa. Ukatxa Chiang Mai, Chiang Rai ukjamaraki Tailandia markanakanxa uraq kjathatix utjawayakipunitaynawa. Jaqi jiwaratanakaxa yapxattaspawa. Yaqhip yatiyawinak tuqix, 25 viernes alwanxa 80ni jiwañ t’uxunakaw aljasitayna, [en] Tachileik ukana. Uraq kjathati uñakipt’irinaxa sapxiwa, kimsiri jan wali chijiwa, sasinaNargis (2008) y el ciclón Giri [en] (2010).

Yatiyawinak apnaqirixa The Irrawaddyyaqhipa markachirinakaruxa jiskt’awayiwa Mae Sai [en], Tailandia Markana. Má yatiyawi qhanañchawinxa Shan Herald, Jai Noi [en] qhanañchiwa kunjamtixa uraq qhathatixa residentes jupanakaru tukjki uka.

taqini munatanaka, taqpachaniwa arum paqar p’arikipxta, yaqhip pachanakaxa ikt’as ikt’as ukjamata wali p’ariki. Jawsañanakaxa janiw sum jawskiti , mayas mayasa. Uka pachanxa utax janiw kuna kamachañxamakisa. Arum paqariwa uta manqhana anqaru mistsusina qhantatipxta. Suyt’wa inay aka yatiyawix taqiniru purinipxiristama. Utjiwa taleranxa 40ka Km Alayan tuqinxa wali tukjatanaka, chakaxa jan wali tukjatawa. Ist’araqtwa taqpacha markawa aynacharu jutxii ukanxa mä qulliri tataqiw utji sasina, ukatxa usuchjatanakaxa Tachileik markaruw apayanipxi qhitinakatix qullañxamakana jukanakxa. Utxiwa 80ka jiwatanaka, janiw utxkituti juk’ampi yatitaxa. Utjaniwa juk’ampi usuchxatanaka. T’unthapiwixa, kunxamatix yatiyawinakanax sapki ukaxa Merng Lain, 59 km alay tuqirunxa Maesai markanwa akjam llakisiñanakax utjawayi. Jichhakamaxa utjaskiwa uka pächpa yatiyawinakaxa.

Blog ukaxa akm-kuntha apkatiwa waruqatanaka [my] thakhinaka Tarle, mä markawa 30 km Tachileik tuqina t’unxataki ukanaka.

Democratic Voice of Burma Ukjamarusuñicht’ayarakiwa [en] tukjat waraqatanaka. Ukatxa uñicht’ayarakiwa kunxamsa twiter tuqix yagon markanxa arsunipxi uka.

@ascmmr [en] munat jilatanaka, suyt’aptwa jumanakaru walikiskatanakama ukjamaraki qhisphitanakama aka uraq khathatita. Qhanpacha aka 24 de marzo 2011na 8:25ni pachanxa uraq qhathatixa utjawayi.

@minnyoonthit [en] uraq kjathatixa Shan, uka Tachileik markaruxa walwa thalthapiwayi (utxiwa 100 jiwaratanaka ukjamaraki walxa usuchxatanaka).

@blacksumo [en] jisa, ¿uraq kjathatix chiqanti? Amuyayatwa tiayalaxax samkaskatapa…","Mä 6,8 patilla uräq khathati noereste Myanmar mark thalthapiwayi 24uru saraqataru Marzo phaxsita aka 2011marankasina, ukaxa Tailandia, Vietnam ukjamaraqki China markaruxa kjatattayawarakikinwa, 70ka jaqinakaruwa jiwayawayi ukjamaruxa tukjawayarakiwa 240ka jach’a utanakaru aka  Myanmar markanakwa. Ukatxa Chiang Mai, Chiang Rai ukjamaraki Tailandia markanakanxa  uraq kjathatix uñicht’ayasirakinwa. Jaqi jiwaratanakaxa yapxattaspawa. Yaqhip yatiyawinak tuqix, uraq kjathati makipawayana ukjatsti jiwañ t’uxunaka alasirinakaxa walwa yapxatawayana.",aym,globalvoices,Global Voices,fake news,451edc2a-5584-4ac8-8e6d-1810eda3c4e1,article,MassiveSum
https://aym.globalvoices.org/2011/07/2323,,Bangladesh: Indigena uka sutiniñasati janicha,,"Akasti wali aski yatiyaw ajllïwiwa Indigenous Rights.

Nä 98 Banglades jaqinakaw sapa 100katxa (%) Bengalis ukjamapxatayna ukjamarus Banglades arrakwa parlapxiritayna. Ukjamarus yaqha jisk’a markanakax akirinakawa Chakmas, Khasi, Santhal yaqha markallanakampix mä waranqhan waranqhapxa jilarapxiwa. Chakmanakaxa Tibeto-Burman sutinipxatayna, akanakasti Himalayanakat jutiripxataynawa. Aka phaxsinakakiw Banglades tuqin nayra maranakatpach (indigenas) jaqirinakaxa wali tantacht’asiwayapxatayna , arsusiñataki , ukjamarus Jach’a Kamachinkxañataki. Janiw jupanakax uka 1972n maran utt’ayatakis uka kamachinx uñstapkataynati. Parlamentario tatanakax sawayapxarakitaynawa jupanakarux jisk’a grupos etnicos ukjamakipxiwa, ukjamarus yatiñaspawa jupanakax khitipxapunisa, uksa, sasakiw aruswayapxatayna . Aka jamuqanxa taqi uka nayratpacha aka uraqinkiranakawa walpun ch’axwir mistuwayapxatayna. Dhaka, Bangladesh tuqina. Abu Ala uka jilan jamuqatawa, Copyright Demotix, 29 April 2011.

Aka jamuqanxa taqi uka nayratpacha aka uraqinkiranakawa walpun ch’axwir mistuwayapxatayna. Dhaka, Bangladesh tuqina. Abu Ala uka jilan jamuqatawa, Copyright Demotix, 29 April 2011.

Akatuqinakat yatiñapPramod Mankin tatax sawayarakitaynawa sasina:

“Uka jil kullakanakax Jach’a Kamichinkxañapawa, ukatsti kunam uñt’atapxarakini?”

Monjurul Haque at the Indigenous Bangla blog akjam [bn] qillqt’aniwayi:

শাসকদের পক্ষে বলা হচ্ছে- ‘পাহাড়িরা পাহাড়ের আদিবাসী নয়’! ‘বাংলাদেশের সংবিধান মানার কারণে পাহাড়েও বাঙালিদের সমান অধিকার’। ‘বাংলাদেশের সংবিধানের আলোকেই পাহাড়িদের বাংলাদেশের নাগরিক হিসেবে সমতলের নাগরিকদেরকেও মেনে নিতে হবে’। অসহায় গরিব সেটেলারদের ধরে ধরে পাহাড়ে পাঠানোর পর বলা হচ্ছে-‘পার্বত্য চট্টগ্রামের চাকমারা বার্মার আরাকান প্রদেশ থেকে এসে এদেশে বসতি স্থাপন করেছে এবং তারাই বহিরাগত!’

– “ Uka markankirinakaxa janiw inidgenas ukjam sutinipkiti, jan ukasti jupanakax Bangladesh ukjam sutinikipxiwa sasina.

Inas Bangladesh jil kullakanakax uka colonizadores ukanakamp jan uñjatapxchinti.

Nayrapachatpach Bangladesh jil kullakanakax aka Chittagong Hill Tracts ukankapxiwa. Aka Anwar Hussain ukan jamuqatawa. Copyright Demotix 7/8/2010.

আদিকাল থেকে আমাদের নিজস্ব ভাষা, সংস্কৃতি, কৃষ্টি, আচার-আচরণ একই, এর কোনো পরিবর্তন হয়নি। আমরা এই দেশের ভূমিজ সন্তান। আমাদের পূর্ব-পুরুষরা কারো জায়গায় বা অন্যকারো দ্বারা বসতি স্থাপন করেনি। তারা এই দেশের বন-জঙ্গল পরিষ্কার করে নিজেরা চাষের উপযোগী করে ওই অঞ্চলে প্রথম বসতি গড়েছে। দেশ বিভাগের সীমানা নির্ধারণ করার আগেই তারা বংশ-পরম্পরায় সে সব এলাকায় বসবাস করছে।

Wali jaya maranakawa nanakax arujanakampi, sarawinakajampi sarantataski. Uka Colonizadores uka jaqinaka q’al ququanaks khuchkatasipki

Sarkar Amin amuyarakiwa [bn] akax kunamaskisa uka:

মঙ-মঙ বান্দরবানের এক পাহাড়ে তোমার সঙ্গে পরিচয়। আমি বাঙালি তুমি পাহাড়ি। তুমি আর্টিস্ট। আমি কবিতা লিখি। আমাদের দ্রুত বন্ধুত্ব হলো। তোমার নিষ্পাপ হাসির আড়ালে কোনো কষ্ট কি ছিল বন্ধু?

সংকট আছে। পাহাড়ের জনতা জাতিসত্তার সাংবিধানিক স্বীকৃতি চায়। আদিবাসী হিসেবে অভিহিত হতে চায়। শান্তিচুক্তির ন্যায়সঙ্গত বাস্তবায়ন চায়। বাংলাদেশের শাসক শ্রেণী আদিবাসীদের শতভাগ সাম্যমূলক অধিকার দিতে এখনো আগ্রহী নয়। দুঃখ ও সংকটের এটাই মুল কারণ।

Mong Mong, khaysa Bandarban tuqinwa uñt’aniwayasma. Ukjamipansti Bengali uka jaqitwa jumasti uka tribu tuqitatawa. [..]

Ukjamasti jan walt’awinakax utjaskakipuniwa. Nayrapachatpach jaqir jil kullakanakaxa indigenas ukjam uñt’atañ munapxi, gobiernunkir qamir jaqinakasti janiw uñkatañs munapkiti. Taqi ukanakaw janipun walt’aykiti.

Jewel Bin Jahir kamispunraksti jan arusa, sarawinakasa jan Jach’a Kamachinst uñt’ayatanisti [bn] , sasina:

Image courtesy Wikipedia. Used under a CC License

আমরা আমাদের বিজু, বৈসু, কারাম, ওয়ান্না, সোহরাই দ্বারা নিজ নিজ শ্রেষ্ঠত্ব প্রমাণ করতে চাইনি। আমাদের সাংসারেক, লালেং, শারণা কেন্দ্রিক বিশ্বাস কখনো অন্যের উপর চাপিয়ে দেওয়ার চেষ্টা করিনি। আমাদের আচিক, চাকমা, ককবরক, ঠার, মুন্ডা, সান্তালী ভাষা দিয়ে জগতের অন্য কোন ভাষার উপর আধিপত্য প্রতিষ্ঠার চেষ্টা চালাইনি।

কিন্তু তারবাদেও আমাদের হাবা-জুম, জংলা-জঙ্গল সব দখল হয়ে যায়। আমাদের নিজ নিজ মায়ের ভাষা কোনঠাসা হয়ে পড়ে। আমাদের আপন আপন বিশ্বাস অশূচি হয়ে যায় দাপুটে বিশ্বাসের প্রতাপে।

Walja walja sarawinakapuniwa jan Jach’a Kamachinkkataynati.

Bangladesh ankax markanakmp kunkanchayir ministrux janiw akch’a walikis indigenas sañax, arsuñassasaw sawayatayna:

“jupanakax minorias etnicas sat uñt’atapxiw.” Sasaw sayatayna.

“Ukjamarus janiw Banglades jaqinakax ukjam munapkaspati.” Sasina

“ Bengalees jaqinakax janiw colonizadores jaqinakapkiti, janirakiw jayat jutirinakapkisa.”

Biplob Rahman,Mä bloggerusti: Gobierno tuqinkiranakaxa janiw indigena ukjam jaqinakax aka Bangaldes markanx utjkiti sasaw sapxi, siUkatsti aka Naciones Unidas tuqinkirinakax parlapki ukasti?, sasaw wali phiñasita arst’asiwayarakai recent rebuttal [bn]: Biplob uka qillqirix amtayarkiwa aka Sheikh Hasina primer ministru juparuxa sasina: Jumax aka dia internacional de los indigenas del mundo uka tuqinx arst’awaystaxaya, Banglades tuqinx indigenanakax utjapxituwa,sasina. Ukatst janit amatastasti, sasina. Akaxay qillqawinakaxa sasaw uñacht’ayaraki [bn] [bn].

জানা গেছে, ‘আদিবাসী’ অভিধা ব্যবহার করলে সরকারকে বিভিন্ন জাতিসংঘের সনদে স্বাক্ষর করতে হয়। সে ক্ষেত্রে পার্বত্য চট্টগ্রামসহ দেশের আদিবাসী অধ্যুষিত অঞ্চলে মানবাধিকার লঙ্ঘনের ঘটনায় জাতিসংঘের সরাসরি হস্তক্ষেপ করার সুযোগ থাকে। এ পরিস্থিতি এড়ানোর জন্যই বাংলাদেশ সরকার কৌশলগত অবস্থান নিয়েছে। এ ক্ষেত্রে এ দেশের প্রভাবশালী রাজনৈতিক দলগুলোর অবস্থান অভিন্ন।

Ukjamarusa Naciones Unidas tuqitpachxa walja arsüwinakawa, pueblos indigenas tuqitxa utjaskatapa. Ukjamipansti banglades tuqinkiranakaxa pantjasipkaspas ukjamaw amuyasi.

Uraqpachanxa nä 370 million indigenas sutimp uñt’at jil kullakanakaw, 70nk jach’a suyu markanakanx t’aqhisisipkatapaki, jan wal uñjatasipkaki. Aka Banglades tuqinkirinakasa pachpasipkataparakiwa. Akasti wali aski yatiyaw ajlliwiwa. Indigenous Rights.","Aka phaxsinakakiw Banglades tuqin nayra maranakatpach (indigenas) jaqirinakaxa wali tantacht’asiwayapxatayna arsusiñataki, ukjamarus Jach’a Kamachinkxañataki. Janiw jupanakax uka 1972n maran utt’ayatakis uka kamachinx uñstapkataynati.",aym,globalvoices,Global Voices,fake news,6b622cc6-ce3b-4b0b-b6c9-464725f1a05b,article,MassiveSum
https://aym.globalvoices.org/2016/10/8416,,Manq’a phayir suxta maran Kicha sat jisk’a lalax uraqpachat jupar arkirinakaniwa,,"Little Chef Kicha en su programa en YouTube. Captura de pantalla del video.

“Aka película animada de Disney Ratatouille ukanx Wali uñt’at francés Gusteau manq’a phayirin arsupax “khitis phayakispawa” sänwa. Uka arsutarjampï aka videos de YouTube del chef Nihal Raj jan ukax Kicha (sutichapa), Kochi, india markat jutïriwa, suxta maran jisk’alalar phayaskir uñjt’asixa, jichhax francés Gusteau jupan arsutapx amuyt’asixaya, janiw kuna ch’amakisa, taqi chhuymamp mäwk’ thakhir irpxatt’aw ukanakakiw munasi, wali sum k’uchik phayt’añatakixa.

Kichax Choice School yatiqañ utan primer nivel yatiqiriwa, Choice School ukax Thripunithura, Kochi, en el estado indio de Kerala markan jiqxatasi. Jisk’alalax canal Kichatube ukampx chinuqa paxsin 2015 maranw qalltt’atayna, ukjat jichhakamax a href=”http://www.elpais.com.uy/vida-actual/chef-india-exito-youtube-facebook.html” target=”_blank”>sensación de YouTube Ukham uñt’ataxiwa. Canal ukapanx Mayïr resitapax paletas de helado ukxatänwa, ukxarux galletas de mermelada, gelatina de naranja, pudín de coco, trufas de oreo ukhamarak jisk’a tandoori ch’uqinaka ukat juk’ampinak uñacht’ayäna. Jichhürkamax 31 witiyunakanixiwa, ukanakax waranqa uñjt’atanakanixiwa.

Ruby Rajagopal, mamapax Kicharx walpin ch’amancht’i, kamisakatix jan muntañanakani, jan q’alljañanakani, janirak ninamp phayañanak jasa risitanak thaqt’arapi. Kichan Rajagopal V. Krishnan tataparjamax jisk’alalapax mamapar uñjas yanapasakiw pusi maranit phayañ qallti siwa. Kichararux walpun jaqinakan phayaskir uñjayasiñ muni, ukhamat tatapax silularapamp grawxatayna ukhamarak Facebook ukar apkatjatayna, ukanx masinakapa wila masinakapax walpin uñjt’apxatayna. Ukxarux Canal de YouTube uk llawirxapxatayna, ukarx witiyunak apkatxapxarakitayna. Kicharux walpun ukham jupar uñt’apx ukhamarak Facebook pajinan ukapar qillqt’apxi ukanakax chuymarpar puri sarakiwa. Llamayu paxsin 2016 maranx Facebook ukax derechos exclusivos ukw helado de mango de Mickey Mouse uka witiyut 2 000 ch’uxña qullqimp alawayi, ukax aka “taqpachanitak tuqi” sutin machaq kampañan apnaqañataki, ukhamatw artista más joven en vender los derechos a Facebook ukham uñt’atäxi.

Aka video Facebook uksat ajllt'awayi helado de mango de Mickey Mouse jisk'a chef Kicha:

Nayrür phaxsix Estados Unidos markaruw ch'asasiwayi Ellen DeGeneres ukan chikanchasiñataki indieno jupax waynakiwa. Maykutix Kerala jupan bocadillo-pa wakicht'i ukatx manq'antarakiwa.

Kerala markan alwa manq’ programa de Elle ukan uñacht’ayatax sinti jiwakiwa! Manq’a phayiri Kicha, suxta maranik jisk’alalax Ellen jupampiw phayt’i.

Kicha, Kochi markat manq’a phayir jisk’alalax Puttuw programa de Elle ukanx wakt’ayaski… ¡Musphayiri ukhamarak ch’ikhi! ¡Jallalla!

Uka witiyun uñsutapat anchhitkamax 1.5 waranqa waranqa uñjt’irinakanixiwa.

Kichax jupar uñt’irinakanx wali munatawa. sañäni, Rachel Verghese Facebook ukanx akham siwa:

Kicha, you were adorable on the show. For a young six year old to be on Ellen's show was awesome and you did a great job. What an accomplishment. We are all proud of you.

Kicha, uka prugramanx wali sumpiniw sarantaxa. Jumjam suxta maran jisk’alalapin programa de Ellen ukar puristï, jallalla. Mä jach’a katuqawiwa. Wali jumat p’iqi waytatapxtwa.

Kichan canal de YouTube ukapax 12 waranq jaqinakan chuymanakaparw puri. Twitter ukan jichha uñst’awinak uñjt’asmaxa.","""Kicha, wakichäwinx wali aytatapuniyatawa. Mä suxta maran jisk'a wawataki, ukat Ellen jupan wakichäwipana, wali askipuniwa.""",aym,globalvoices,Global Voices,fake news,c26da807-abfd-4057-8f9a-75c15d40a4df,article,MassiveSum
https://aym.globalvoices.org/2014/01/6352,,Sudán del Sur uksan kuna jan walt’äwinakas utjaskpacha? · Global Voices Aymarata,,"Rachel Hamada jupax jiskt'asiwa “Sudán del Sur uksanx kuna jan walt'äwinakas utjaskpacha?”:

Mucha sangre se ha derramado en todo Sudán del Sur en las últimas semanas. Pero todavía no se ha derramado tinta sobre Addis Abeba. Todavía están en curso las conversaciones entre los intermediarios y funcionarios del poder en Sudán del Sur, que se han movido por la ciudad muientras las discusiones no han llegado a ninguna resolución concreta, solamente un supuesto acuerdo sin firmas.

Sur de Sudan uksanx aka qhipa simananx walja wila wartäwinkaw utjawayi ukampirus Addis Abeba ukarux janiraw tinta ukax wartatakiti. Intermediarios ukat Sudán markan Funcionarios del poder ukanakax aruskipapxiwa ukampirus janiw kuna acuerdo ukas rixuntat utjawaykiti.

Ukakipkarakiw Sur de Sudan uksan periodistanakan arunakap ist'añ munapxatapatx wal aruskipapxi.

Mientras tanto, es importante ver POR QUÉ las voces de los periodistas de Sudán del Sur no se escuchan afuera.

Imagina que eres un periodista de Sudán del Sur. Debido a acontecimientos y capacidad históricos, la capacitación en periodismo sigue siendo relativamente escasa. Así que están poniéndose al tanto en ese frente. Luego, recursos. Los periodistas extranjeros tienen gastos, tienen transporte, tienen buenos equipos. Los periodistas locales a menudo no tienen acceso a todos esos recursos.

Ukañkamaxa, Khaysa Sur de Sudan markan periodistanakan arunakap jan anqäxanakar ist'ayañ munapk ukxat uñakipañakiskiwa.

Sur de Sudán markan periodistapakasmas ukham amuyt'amcha. Uksanx periodistanakar juk'amp yatichäwinakamp yanapt'añax pisiqtatakiwa.Anqäjankir periodistanakax pasajipas payllata, suma equipos ukanakani ukhamapxiwa, ukampirus periodistas locales ukanakax janiw uka anqäxankir periodistanakjam pasajes, equipos ukanakanipkiti.",Rachel Hamada jupax jiskt'asiwa “Sudán del Sur uksanx kuna jan walt'äwinakas utjaskpacha?”: Mucha sangre se ha derramado en todo Sudán del Sur en las últimas semanas. Pero todavía no se ha derramado tinta sobre Addis Abeba. Todavía están en curso las conversaciones entre los intermediarios y funcionarios del poder en...,aym,globalvoices,Global Voices,fake news,15622f48-4a08-414b-b548-e7c1a653b12b,article,MassiveSum
https://aym.globalvoices.org/2014/06/6644,,Mä zambiano waynuchux “Profesional Certificado por Microsoft” ukwa katuqatayna,,"Tunka phisqan maran Samkeliso Kimbinyi waynuchux khaysa zambiano markana yuriritayna, ukat jupa jichhax Reino Unido uksa tuqin jakasi, jupax mä ch´axwawi aka tecnologia ukar comunicación TIC uka taypin uñstawayi, kunati jupax jach’a yatxatat microsof tuqita wali q’axu waynuchu taqinits khaysa Inglatera markana tukuwayi

Aka q’axull waynuchux, Sam sat sutimp wali uñt’atawa, jupax Colegio Universitario Técnico [eng] Reading ukana decimo uka marankarakiwa, aka yatiqañ utax mä jisk’a marca londres anqaxana jiqhatasiraki. Jupax paqallq kast fundamentos ukanakat yatxatt’atawa, jisnawa Software, Fundamentos de desarrollo de windous ukar Funadamentos de sistema operativo, ukhamakasinsti Sam waynuchux mä certificadumpi Microsofty jallallt’atawa ukat ukhamarus certificado de Microsoft Tecnica Asociasda (MTA) uks katurakiwa.

Kimbinyi waynuchux willtatat mä yatxatawimp Lite for Windows phones jist’araraki akjam sat sutini: Lite for Windows phones, ukat jichhakamasti suma jallallawinakrak katuqaskaraki.

Foto de Sam Kimbinyi, extraida de su perfil de Twitter.

Global Voices ukax Sam jupampiw correo electrónico uksatuq jikxatasitayna:

En marzo de este año, tuve la oportunidad de reunirme con personal de las Oficinas de Microsoft en Seattle, que estuvo en el Reino Unido por un día como parte de su viaje por Europa para hablar con los clientes que están formando por medio de Microsoft IT Academy. Eran miembros del equipo Experimental de Aprendizaje – Director Principal Tim Sneath, Director para el Programa Acádemico Keith Loeber y la Directora de Contenido Briana Roberts.

El 26 de mayo del 2014, publiqué mi primera aplicación-Lite-en la tienda de Windows Phone. Me surgió la idea de crear la aplicación después de pasar largas horas buscando una aplicación de linterna ligera y rápida que no tuviera avisos publicitarios. Al final, después de no haber encontrado nada, decidí crear mi propia aplicación. Ocho días después y con las críticas de parte de la Comunidad Reddit Windows Phone, logré 300 descargas y una clasificación de 5 estrelllas. Poco despúes, la aplicación tiene un lugar en la sección ”New and Rising” de la tienda de aplicaciones. En el futuro, anhelo lanzar muchas más aplicaciones y seguir estudiando Ciencias Computacionales en la Universidad.

Jichha mar achuq phaxsin, nayax khaysa Reino Unido viajkaspayax mä uruw alasirinakaxamp ukar Microsoft IT Academy yaticht’atanakaxamp ukar Oficinas de Microsoft en Seattle ukan irnaqirnakapamp tantachawin chikacht’asiwayta. Jupanakax mä equipo Experimental de Aprendizaje – Director Principal Tim Sneath, Director para el Programa Acádemico ;Keith Loeber y la Directora de Contenido, Briana Roberts ukankiripxiwa. Aka pä tunk suxta llamay phaxsit aka pä waranq tunka pusini maran, nayax qalltiri Lite Windows Phone uka uñacht’awayta. Kunawrasati nayax wal thaqaskayata mä aplicación uka jan jikisax mayak matt’xattawayitu kunams aplicación uka uñstayirista. Kimsa qallq uru saraqataru wali jisk’achawinak Ridding Windows ukanakankirit katuqawayta, ukat kimsa patak apaqawinak katuqawayta ukar phisqa estrellamp chhijllstata. Ukat märitutsti uka aplicación ”New and Rising” uksan chicaht’taxiwa, jichha qhipar juk’amp nayrar sartañap munta ukamarus yatintawimp Ciencias Computacionales en la Universidad ukasar mantañ munaraktwa.

Kimbinyi jupax mä bolitin yatiyawinx akham uñt'ayatawa [en]:

El entrenamiento del MTA enlaza con lo que estamos aprendiendo en clase, me ha proporcionado mayor entendimiento sobre la programación y que tan diverso es este campo. Mi nuevo conocimiento realmente fue útil cuando desarrollamos una aplicación durante el proyecto del empleador de Microsoft; terminamos desarrollando una aplicación mucho mejor.

Aka MTA p’iqinchawix mayacht’iwa kunsa yatiqasktan aka yatiñ yatintan utana uka, nayar aka programacion ukax wali amuyt’aw churitu. Aka macha amuyujax wali askipuninwa kunawrasati proyecto del empleador de microsoft uk sarantayapkayata ukjaxa. Ukat uka aplicación ukax juk’amp sum tukuyatawa.

Microsoft ukax Kimbinyi juparuw mä tuit ukan jallallt'awayi:

Samkeliso Kimbinyi, jallallakipan sasin jallallt'apxi, jupax 15 maraniwa, nayrïr yatiqiripuniw uka software uksan sarantayatapat mä cualificación MTA uka katuqi",Mä tunka phisqan maran zambiano marcan yuriri uñ waynuchux mä ch’axwawi aka tecnologia de informacion ukat  comunicación uka taypin uñstawayi jupax wali yatiñan waynuchuw tukuwayi.,aym,globalvoices,Global Voices,fake news,a18cfdaa-a21f-4af2-b066-633d2a1db238,article,MassiveSum
https://aym.globalvoices.org/2012/04/4057,,Ayllun jakasirinakax gobernanza ukamp sartawip qilqt’apxi · Global Voices Aymarata,,"Portal Territorio Indígena ukat Gobernanza ukax instituciones ukanakamp chikancht'ataw America Latina uksan pueblos indígenas ukanakar yanapt'ñataki. Videotuqiw sartawip uñt'ayi.

Colombianx Indígenas del Norte del Cauca (ACIN) satax 14n reservanakamp 16n ayllun jakasirinak tamanak tamachi. Jaqinakax milk’inaka, muxsa achunakat jugonaka, paneleros trapicheranaka, ukhamarak t’ant’anaka tiendanakar aljañatak ukhamarak yaqha sociales yant’awinakar yanapt’añatak empresanakan lurapxi. Jupanakax ayllun jakasirinak manq’at pist’kañap janiw munapxkiti. Ukampirus turkawimp manq’anakan capacitacionakamp centralizacionakamp ingresonak jupapachkam apsusiñap munapxi. Akhamat ayllun jakasirinak economiamp medio ambienter wal apnaqañap jikjatapxila.

Ecuador ukanxa, Nacionalidad Kichwa Pastaza ukata ukax 1 624 778 hectareaniwa, kunanakax 131 markanakaninkiwa.Nayrir maranakax sosteniblejam uka uraq apnaqapxana. Jupanakax jutir videonx experiencianakap uñachayapxi, kunawsatix Plan de Manejo Territorial phuqachasipkana. Aka planax uraqip zonanakar jaljañatakiwa. Ukax uraqit jan wal tukuñap walja maranak jakasiñ iyapxi, ukampirus jaqinakan constitucionales derechonakap uraqinakapar apnaqañ iyapxi.

Jichhakam pä videonakakiw uñachayapxi. Juk’ampinak yaqha Latinoamericano markanakan jakasirinakan experiencianak uñachañap suyapxta. Kast kast documentalanakamp peliculanakamp videonakamp portalan uñjasispa.","Portal Territorio Indígena ukat Gobernanza ukax instituciones ukanakan chikanchatawa, America Latina uksan pueblos indijinas ukanakar markanakap yanapt'añatakiw irnaqi. Video uksaw sartawip uñt'ayapxi.",aym,globalvoices,Global Voices,fake news,eecff4d9-9d42-49e7-b28d-84294c34412c,article,MassiveSum
https://aym.globalvoices.org/2015/04/7136,,Jaylliw apthapiñatak yänak luräwi,,"Amtar (Proyecto) Rising Voices ukat yanapt’atapat jichhakipstäwi

K’achachir taman yanapt’äwipa. Amtan jamuqapa.

Walja maranak jaylliwimp sarantasinxa, akham sasinw jiskt’asipxta, kunatsa jayllintirinakan jiwasakxat aruskipapki ukax mayachthapiñax askipachä. Kunjamsa Mexico markan jakäwipxat arsusipki? Kamsnasa racismo ukxatxa? Markachirinakan arst’äwinakapat jaylliw uñstayañax wakisipati?

Aka luräwitakix askiw jiskt’äwinakamp jiskt’asiñaxa, ukhamat jaylliwir askinjam uñt’ayañataki. Ukhamataw uka estante Santiaguero ukax jupanak pachpat mä documentación cultural uka lurañatak utji.

Akax yanapt’aw luräwixa. Diseño grafico ukamp yanapt’añapatakiw markar jawillt’apta:

Ukampinsa, kunatsa jiwasanakpachpat mayachthapiñax askipacha? Jiwasanakampik uka jila kullakanar ist’añax askiwa. Ist’añ yatiqañas ukat ist’atañas mä red social uka luräwimp jaylliwir yanapt’kischistaspa ukhamaw amuyata. Nayrïr yanapt’asirinakax Mayaclan ukat PatBoy jupanakawa, ukatwa aka blog ukan qillqt’ata.","""El sur del sur""  ukax (equipo de grabaciones) ukatakiw mä estante lurt’äwayi,  Yucatán- México markanw mä chiqat yaqha chiqar apatäni, jaylliw yanapt’äwinak mayachthapiñataki.",aym,globalvoices,Global Voices,fake news,84bb9515-bcc2-4ed5-841e-fea13d45a4a8,article,MassiveSum
https://aym.globalvoices.org/2017/01/8595,,Global Voices Podcast: lurawinakax janiw kujamakitï ukhamakiti,,"Podcasts ukanakasax saräwinak uñacht’aysitu akax jichhakirakiw Global Voices yatiyawtuqits mistsuwayi. Akan jaqinaka, utjawinaka ukhamarak aka uraqpachan tantachasiwinak uñacht’ayapsma, ukhamarakiw akanakax janiw taqpach yatiyäwinak katuqt’apkiti.

Ukhamakipanx Paraguay, Irán, Qatar ukhamarak Caribe markanakan jakäwipanak ist’añani.

Michael Cherrie jilatarux wali jawillt’atawa, ukhamarakiw tukt’asiwinak yatxatiri aka jach’a yatiqañ uta Trinidad ukatx Tobago Janelle Xavier ukhamarak yaqhakast yatxatirinakaru Tenisha Richards-Weekes ukatx Karian Forde ukanakatux lurawinak sum apanaqt’atapata #LifeInLeggings. Ukatx wali yuspajart’ataw Global Voices ukan iranaqt’irinakar Andrea Arzaba juparux yuspajart’ataw jaylliwinakamp yanapt’asitapata.

Ukampirus Iran markankir kullaka Mahsa Alimardani editora de Global Voices juparus wali yuspajart’atawa, editora de Global Voices Caribe markankir Janine Mendes Franco, ukhamarak khitinakatix qillqapxi, jaqukipapxi ukhamarak qillqäwinak internettuqirus apkatt’apxi jupanakaruw wali yuspajart’ata.

Kunjamakitix jaylliwimpix chikanchastanwa ukasti licencia Creative Commons ukan jaysawipamp apnqatarakiwa, ukakipkarakiw ukanki Please Listen Carefully de Jahzaar; Co-Creators (Instrumental) de Nick Jaina; Westside Chillers de Little Glass Men; Bind thy wings de krackatoa; Tiptoe (Instrumental) de YEYEY; ukat The Bears just for show de krackatoa taqi ukanakaw ukanki.

Aka jamuqax Flickr, Wendy ukatuqit apsutawa, CC BY-NC 2.0.

Podcast: Play in new window | Download","En esta ocasión les llevamos a Paraguay, Irán, Qatar y el Caribe.
Ukhamakipanx  aka qillqäwinx  Paraguay, Irán, Qatar ukhamarak Caribe  markanakaruw  uñt'ayapxsma.",aym,globalvoices,Global Voices,fake news,44e711bf-38f2-41a4-8285-cdfa6ed406de,article,MassiveSum
https://aym.globalvoices.org/2013/09/6162,,Colombia markanx phukhunakamp luxusiñatakiw wakichasipxi,,"2013 maranx 4 urunak sata phaxsit saraqataru, niya 6 jayp'utakiw Colombia markanxa amtataphukhunakamp markpachan tuxusïwi

Twitter uksan akjam amtampiw amtata #Phukhunak luxusïwi cibernautas jupanakan kallinakar mistuñatakiw arunakap qhanañchapxi.

Paola Ochoa Rivera jupax chiqpach anqar mistuñatakiw amti, janiw virtual tuqikiñapakiti siwa:

Tefy jupax akjam amtanakaniw mä suma markañapataki:

ukañkamax Tatu García jjpax Colombia markachirinakan aski markachiriñanakapatakiw akjam sasa arsuraki:

Santiago jupax marka irpirinakampix janiw kunxataskiti:

Ukatx Stephanie sarakiw phukhump luxusiwitx yapump saranaqasirinakar arxatañatakiwa, ukataw sayt'apxi19 lakan phaxsitpacha:

Camila Andrea jupatakixa, ukjam sayt'awinakax markan nayrar sartañapatakiwa:

ukatx Catalina Gualdron jupan arunakapax sarakiwa, ukjam sartasiwinakax Colombia markan jan walt'äwinak ukjatapat uñañchayi:

Ukjamipanxa, Juan Sebastián jupatakix phukhunakamp luxusiñax “munayasiña” thaqhasakiw ukjam lurapxi tuits uksataki:

Tukuyañataki, Fuerza Común jupankirix akjam sasaw aka yatiyt'äwitx arst'araki:

Global Voices uksa tuqit jutir yatiyäwinak yapuchirinakan sayt'apxatapat suyt'am colombi","2013 maranx 4 urunak sata phaxsit saraqataru, niya 6 jayp'utakiw Colombia markanxa amtataphukhunakamp markpachan tuxusïwi Twitter uksan akjam amtampiw amtata #Phukhunak luxusïwi cibernautas jupanakan kallinakar mistuñatakiw arunakap qhanañchapxi. Paola Ochoa Rivera jupax chiqpach anqar mistuñatakiw amti, janiw virtual tuqikiñapakiti siwa: #Phukhunakamp luxusïwi juk'amp thakhinakan arnaqasiña, jan twitter tuqikxa — Paola...",aym,globalvoices,Global Voices,fake news,6280b8e4-584d-4534-b73a-868ffb5c6827,article,MassiveSum
https://aym.globalvoices.org/2013/08/6085,,Perwanunakax categorías Maratón de México ukan atipjasinw wali kusisipxi,,"Raúl Pacheco [en] ukat Gladys Tejeda t’ijtirinakax categorías Maratón de México ukan atipjasax wali kusisipxi. Pacheco 2:16,53 ukha pachanw meta ukx chachanakatx jikxatawayi, Tejada jupasti warminak 2:37,32 uka pachanw nayrïr puesto ukan puriwayi. Ukjama sasaw Twitter deportivo peruano Depor.pe (@deporpe) ukan arst’äna:

Perwanunkir t’ijtirinakax Maratón de México. http://t.co/KIUTACBeVI ukan jaytjawayxapxi

— Depor.pe (@deporpe) August 25, 2013","Raúl Pacheco [en] ukat Gladys Tejeda t’ijtirinakax categorías Maratón de México ukan atipjasax wali kusisipxi. Pacheco 2:16,53 ukha pachanw meta ukx chachanakatx jikxatawayi, Tejada jupasti warminak 2:37,32 uka pachanw nayrïr puesto ukan puriwayi. Ukjama sasaw Twitter deportivo peruano Depor.pe (@deporpe) ukan arst’äna: Atletas peruanos acabaron con la hegemonía africana en...",aym,globalvoices,Global Voices,fake news,0313632f-6c2f-462c-b416-2a04b1f3ff7c,article,MassiveSum
https://aym.globalvoices.org/2020/10/9233,,¡Llikan aruskipäwinakas jark’aqañatakix jan khitins amuykay chimpunak uñstayapxañäni!,,"Jan amuykay chimpuxa, llikan yatiyäwisamp aruskipäwisamp jark’aqi.

Mayïri: Mä jan amuykay chimpux akjamat jark’aqiristama:

Payïri: Chimpuman jan amuykayäñapatakix manqhäxan qillqatäkis ukarjam phuqt’am:

Juk’amp jan amuykay chimpunakaj qillqäxa Juk’amp jan Amuykay Chimpunakaj qillqäxa Juk’amp jan Amuykay Chimpunakaj q*illqäxa Juk’@mp jan Amuykay CHimp+unaka¿ qïllqäx* Juk’@mp ¿an @mu¥k@y CHim?+unaka¿ qillq@x@

Jan akjam chimpunak apnaqamti, janiw akjam chimpu apnaqkasmati:

Kimsïri: Jan khitin amuykay chimpunakax akjamanakanïspawa:

Jumatakix jasak amtkaya, yaqhanakatakisti jan amuykayäñapawa.

Yaqha jaqin qillqañ ch'amäñapatakix jan amuykay jach'ar sarir qillqäñapawa.

-Jan jumxat jatiyäw uchamti, sañäni mara phuqhäwima-

-Jan sutima jan ukax mayni munat wila masiman sutip uskumti

Akjam chimpunak uñstayañax mä juk’a ch’amaspaxa, tiknulujiyax juma jak’ankaskiw ukatx yanapt’iristamwa. Uka ukanx jutir waythapirin jikxatkäta uka llikankir iramintampiw jark'aqir chimpunakam uñartayasma: https://passwordsgenerator.net/es/

Phisqïri: Chimpumax kunja jan amuykayas uk yant’aña.

Ukjaruxa chimpunak uñstaykta, uñartaykta ukax kunja jan amuykayapunis ukwa uñjasma. Uka lurañatakix yaqha llikankir iramintaw utji, ukx inakiw apnaqasma ukjamarak chimpumax kunja ch’amanis uksa uñjasma.

Munat thaqhir lnternetamanx manqhäxankir waythapir qillqt’asma: https://howsecureismypassword.net

Suxtïri: Payachasta ukax mä uñjiri apnaqam

Kawkïr tiknulujiku jan ukax qillqattuq uñstaykta uka chimpxat lup'isax payachasiskaksta ukaxa, yaqha mantañ munki (lunthatatati) uka uñjañatakix aknïr waythapiriruw mantasma: https://haveibeenpwned.com/Passwords","Llikan aruskipäwinakas jan khitins uñjkayañapatakix jan amuykay chimpunak apnaqapxañäni, tispusitiwunakasarus ukakipkarak jan amuykay chimpunakamp uchapxañäni ukhamatakw kunti aruskipktan qillqktan ukanakx maynix jan uñjarapkchistaspati.",aym,globalvoices,Global Voices,fake news,47dc10a3-ebb2-472c-ae98-d1810bfc6525,article,MassiveSum
https://aym.globalvoices.org/2011/11/3023,,Video: Mä juykhun sarnaqäwipa,,"Tommy Edison jilax yuriwipatpach juykhituwa, ukatx jupan witiyunakapa, Youtube tuqiw uñt'ayistu [en] amta lurawinakap jikxati, jisnawa qulqs kunjams uñt'i, cajeros automáticos, reproductores de DVD ukat callinaks kunjams mayskatar makhati taqi ukanaka. Ukapachparakiw cine tuqirus k'umi [en], uka arsuwinakapax jiwasar uñt'aychistuwa.

Braille de Ralph Aichinger CCBy [en]

Qhipïr witiyupanx uñacht'ayistuw kunjamti khuykatar makipi ukanaka, uxur ist'asakiw jupax amuy churasiritana, ukhamat maykatar makhata sasaw uñt'aychistu.

Edison ukax mä cininiruw k'umi. jaylliwinaksa, aruskipàwinaksa, kuna siwsawinksa ist'asakiw amuyt'iritayna. Witiyupax jan k'umiwinakan ukhamawa X-Men: Nayriri uñstawina:

Tommy Edison jupax cinin pelikulanak uñji, ukatx utapanx DVDnak uñjarakiwa. Ukampirus, reproductor de DVD uka alasitayna uka apnaqañax ch'amakinwa, kunjamti jupax apnaqki ukarjamaxa, janiw Braille ukankanti, uka ekipup apnaqañax yatiqañax janiw jasa yant'awikanti.

Ukjar witiyux uñt'ayiwa, machaq apnaqawinakax usurmuchtatanakatakjam wakicht'atakchi, janiw amtawinakaparjam phuqhaskiti, akatx qhipir uñt'awix cajero automático ukatw uñt'ayi. Kunjamaspas jan uka machaq apnawainakax jan ukarjam wakichatasp ukhaxa.Tommy jilax cajeru ukat qulqi apsuñax ch'amarakiw sasaw uñt'ayi:

Kunawsati Tommy jilax amparapamp qulqi katki ukhasti? janiw kunas jasakiti, billit qulqinak apnaqañaxa wali amuyt'añawa, cambio kut'ayañatakixa, ukampirus juykhunakax billit qulqinakax janiw amuyapkiti:

Edison sutinix janiw ancha ch'am tukuwaykiti: Ben Churchill ukax apnakqarak ut'ayarakiw witiyunakapxa, uka ikipux redes sociales uksan uñacht'ayasisiki: jisnawa, jaqinakax pajinapan amuyunakap qilqat'apxi peliculanak jupatak utjayañ amtampi Blind Film Critic","Tommy Edison jilax yuriwipatpach nayarat juykhu, Youtube witiyu tuqiw lurawinakpat uñt'ayistu. Ukampirus cine ukanakarux k'umirakiwa.",aym,globalvoices,Global Voices,fake news,534ac5c4-4e8f-4eda-9e27-f22db869a524,article,MassiveSum
https://aym.globalvoices.org/2013/05/5842,,Spark13: Uraqpachan pusïr tantachäw Telecentros ukan phuqhasiwipxata,,"Rising Voices ukax amtiw mayacht’asiñ Uraqpachan Pusïri tantachäwiTelecentros ukjxat yatiyaña, ukax Granada, España uka markanw uruyatani, 28 –ta 29 urkamqasawi phaxsina 2013 marana. Aka Spark 13 ukjam sutincht’at jikthaptäwix kimsa wakicht’at amtanakatw aruskipatäni: jaqinakata, machaq uñstayañata, ch’amañchasiñata (las personas, la innovación y la sostenibilidad). Red Global de Telecentros ukankirinakax niya 500.000 waranqa ukhja telecentronakanipxiwa, jupanakast uraqpachan waranqa waranqaninakaruw yanapt’apxi, ukatx jisk’a qutucht’at tantachäwinakana, yatintañanakana, ukat yaqha luräwinakanw mayacht’asis yanapt’asipxani, ukjamat wakicht’at amtanakat aruskipas yatxatapxsna.

Un telecentro es un lugar público donde la gente puede encontrar información, crear, aprender y comunicarse con los demás, mientras que desarrollan habilidades digitales a través del acceso a la tecnología de información y comunicación.

Mä telecentro ukax taqinitak mä chiqawa, ukanw jaqinakax yatiyäwinakx jikxatapxaspa, uñstayaña, yatintaña, ukat yaqhanakamp yatiyasipxaspa, ukjamat digitales uka tecnologiyx apnaqañ yatintapxaspa.

Telecentre.org Foundation [en], Telecentres Europe [en], Consorcio Fernando de los Rios-Red Guadalinfo ukat Agencia Nacional de la Sociedad de Información de Corea ukanakan wakicht’ata, Spark13 ukax uraqpachat 1.300 ukha yanapirinakw tantacht’añ suyi.

Primeros Premios Global Telecentre ukan payllawinakax nayraqat atipt’irinakatakix Spark 13 ukan yatiyatäni. Payllawinakax akham tamanakar t’aqhjt’ataniwa: Telecentro, Telecentro Manager, Red de Telecentros, Telecentros Iniciativa, Telecentro Innovación, Centro de Información y Acceso.

Rising Voices ukax askinjam uñji, espacios físicos, ukat telecentros, bibliotecas y laboratorios hackers ukanakax kunja wakiskiris markanakataki, ukat akjam askinjam amuyunakax medios digitales tuqx mayacht’asirinakarux ch’amanchiwa. ChiqpachansInternet tuqir mantañatakix wali askiwa, ukatx waljaninakaw ukjam yanapt’asipxi, ukats yaticht’atarakiwa sasa.

Kullana phaxsina 2012 New Tactics ukat Social Media Exchange ukamp chikt’ata, Rising Voices ukax aruskipäwinx amtanwa, “espacios físicos ukjam sutincht’at ukax catalizadores ukjamaniw digital” tuqi waljan mayacht’asipxañanakapataki. Aka aruskipawinx tantacht’aptw yatxatatanakaru, ukat yaqha yatxatirinakarus kuna luräwinakat yatiyatarakiwa, ukjamat mayacht’asipxasp aka wakicht’at amtatxa:

En todo el mundo, los nuevos espacios físicos que están surgiendo actúan como catalizadores de una mayor participación de los ciudadanos mediante tecnologías digitales. LAs bibliotecas comunitarias se están replanteando su papel tradicional, y muchas están ofreciendo acceso a internet a sus usuarios con el fin de ofrecer oportunidades para reunirse en torno a los problemas locales, donde pueden producir y no sólo consumir información. Los telecentros van más allá de proporcionar acceso a la computadora a las comunidades, ofrecen talleres para capacitar a los ciudadanos sobre el uso de la tecnología digital con eficacia para promover el cambio. Los Hacklabs ofrecen un espacio físico donde los activistas y tecnólogos pueden unirse para encontrar soluciones innovadoras a los problemas locales. Estos son sólo algunos ejemplos de la utilización innovadora del espacio físico para fomentar y potenciar una mayor participación de la ciudadanía digital.

Uraqpachana, espacios físicos uka machaq apnaqañanakax catalizadores ukjam sarantaski, ukjamat tecnologías digitales tuqi waljan mayacht’asipxañanakapataki. Biblioticas comunitarias ukanakax mayamp wakichasipx sarayañataki, ukat waljani arkirinakarux internetar mantañatakix kuna jan walt’awinakat yatiyañ munapxi, ukat jupanakax yatiyäwinak askinjam jiltayapxaspa. Telecentronakax markanakan atamirir mantañ yatiyañats juk’amp nayraqataruw sarapxi, yatintañanakw aka machaqa tecnología digital uka apnaqañatakix markachirinakaruw yatintapxañanakapatak uñacht’ayapxi, ukjamat chamamp sarantayataspa. Hacklabs ukax mä espacio físico uk churañ muni, ukjamat activistas, tecnólogos jupanakx mayacht’asis machaqat uñstirinakx askinjam jikxatapxaspa. Akanakax yaqhipa yatintanakakiwa, aka machaqat uñstiri espacio físico uk apnaqañatakix yatiyañawa, ukat waljt’ataniruw digital tuqx mayacht’asirinakar ch’amañchaña.

Spark 13 ukat nayraqata, ukat qhiparuxa, Rising Voices ukax aka telecentros innovadoras ukanakatx uñacht’ayaskaniwa, ukat mayacht’asirinakarux askinjam medios digitales ukar mantañatakix yanapt’atäni, ukjamat jupanakax kuna amuyu sarawinakaps qillqt’as yatiyapxaspa.","Rising Voices ukax amtiw mayacht’asiñ  Uraqpachan Pusïri Tantachäwi  Telecentros ukjxat yatiyaña, akax Granada, España uka markanw uruyatani, 28 –ta 29 urkama qasawi phaxsina 2013 marana. Spark13 ukax uraqpachat 1.300 ukha yanapirinakw",aym,globalvoices,Global Voices,fake news,879bd8ba-0205-4fd0-a100-0653f8df8c06,article,MassiveSum
https://aym.globalvoices.org/2012/10/4858,,Costa Rica: Silvestre uka jakäwir arxatañatak kamachinak luratax sarantaskiwa,,"Nayrüru 10 uru taypi sata phaxsit 2012 maratxa, Laura Chinchilla irpirix mä decreto rixuntawayatayna. Costa Rica markanx aleteo ukax 2001 marat janiw sata yaqhipanakax legislación ukatx uka tiburon ukan chhiqhanakap aljañatakix iyaw sapxänwa. Uka decreto ukan amtapax tiburon ukan chhiqhap sum uñt'ayañatakiwa, ukhamat jan aljasiñapataki.

La noticia fue recibida con gran alegría por parte de ecologistas uksankirinakatx uka yatiyäwix wali askin katuqatawa, organizaciones no gubernamentales ukankirinakamp ukat marakchirinakampix Poder Ejecutivo de la República uksaruw mä carta qilqata apayapxatayna. Carol Corrales ukasti ukhamw post Rainforest Radio ukatak qilqt'atayna:

El aleteo de tiburón es una práctica devastadora y cruel, donde los tiburones son mutilados para extraerles sus aletas, y luego devueltos al mar ya sin ellas, donde el animal muere después de sufrir una nefasta agonía.

Tiburon ukan chhiqha qhiwiñax mä yant'äwiwa, ukat chhiqhanakap apaqasax qutaruw kut'ayapxi ukatx jiwxapxakiwa.

Tiburón. Foto de Philippe Guillaume en Flickr, bajo licencia Creative Commons (CC BY 2.0)

Yaqha amuyunakax Twitter#NOALALETEO ukan uñsti. Marianela Castro jupasti aka (@necascru) ukan tuytiyatyna :

@necascru: #noalaleteo Cero tolerancia al aleteo! que la ley se cumpla! Arriba las criaturas de nuestros mares! Vida libre a nuestra biodiversidad! #CR

@necascru: #noalaleteo aleteo ukar iyaw sata! kamachix phuqhaspana! Jach'a Lamar qutan uywanakax jach'anchatapana! biodiversidad uka jakäwix jan jask'atañapa! #CR

Akax janiw nayrïr yatiyawikiti. 2 uru taypi sata phaxsitxa, plenario legislativo ukax narïr kamach iyawsawayi Silvestre uka jakäwir arxatañataki. Amtaxa Asociación Preservacionista Flora ukat Fauna (Apreflofas) ukan sarantayirinakan ch'amanchatawa. Costa Ricax nayrïr markaspaw América Latina ukan ukham kamachi arxatañatak apsuspa ukaxa.

Aka amtax maekachirinakan yanapt'atawa, 177 waranqat jila rixuntawinakani uka kamach uñt'ayasiñapar yanapt'asa. “Cazar es Matar” ukham arump uñt'ayasa.

Blog “Generacion Rebelde” qillqt'iwa “mä phunchhäwi fauna silvestre ukanakataki” ukharusti mä pos ukrak qillqt'i:

Nosotros lo celebramos. Y nos disponemos a estar vigilantes para que cualquier intento por derogarla sea desechado y para que se cumpla al pie de la letra.

Nanakax amtapxtwa. Ukampirus wali jak'atw uñch'ukisipkta, kuna jan walt'äwinakas utjan ukanak uñjañataki.

Congresistanakax nayrïr Kamachi ukarux janiw sapxänwa. Susan jupasti akhamat blog de Maecr ukan a qillqt'atayna:

En Costa Rica, matar animales silvestres para comer? En la edad de piedra quizás. El asunto de la caza deportiva y sus intereses, es el que entre palabras rebuscadas probablemente trata de esconder.

Se aproximan elecciones, quizás la mayoría no las siente tan cerca, pero es importante reflexionar y decidir bien a quienes les entregamos el poder, qué sujetos se van a sentar cómodos, con buenos salarios a elegir y decidir por TODOS los demás

Costa Rica markanxa, uywanaka jiwayañatak manq'antañataki? edad de piedra ukan inas utjchispäna. Chhijlläwiw jak'achasini,inas yaqhipax jan amuyapkstati, ukampirus wali askiw khitirus poder uka katxaruyañäni ukxat amuyt'añaxa.

Tuiteo kamachinakax akanw ullart'asispa #LeydeVidaSilvestre.

“Colgando”. Foto del usuario de Flickr marissa_strniste, bajo licencia Creative Commons (CC BY 2.0)","Nayrüru 10 uru taypi sata phaxsit  2012 maranx  Laura Chinchilla irpirix mä decreto rixuntawayatayna, laq'u uywanakar arxatañataki.",aym,globalvoices,Global Voices,fake news,38c2c062-e403-43cf-8444-40328e64f791,article,MassiveSum
https://aym.globalvoices.org/2012/02/3721,,Markachirinakax mineria arxatasax qalanakampiw thakhi jist’antapxi · Global Voices Aymarata,,"Todo lo acordado con los indígenas ha sido cumplido. Ahora elementos foráneos desean que no haya hidroeléctricas. Eso hará triplicar la luz

Gobiernox markachirinakampix taqi kun parlapxan ukanakax phuqhasxiwa. Jichhasti, foráneos elementonak janiw hidroeléctricanak utjawip munapxkiti. Ukax luz sat kimsaptayaniwa.

Ricardo Martinelli, jilir irpirixa, kimsa uru anat phaxsin llawintatap phisqa uruw phuqhaskan sasaw Twitter (@rmartinelli) cuentapan saskana. Comarca Ngäbes Buglés ukan markachirinakapax Panamericana jach’a thakh Chiriqui markkam llawintapxatayna. Kunatix gobiernur nayrir maran amtap phuqhasiñap mayiñataki, ukat uk lurapxatayna.

Uka llawintatax walja millonanak chhaqhayi kunatix uka jach’a thakhix markan wali uñt’at ukjamarak sarnaqatawa. Ukjamarak waranq jaqinak congestionamienton jan misthuñ yatipkanti, ukampirus jupanakar jan umamp jan manq’ampirak tukuyapxatayna.La Prensax ukax satayna:

Cientos de viajeros y conductores de vehículos de carga atrapados por el tranque de la vía Interamericana, en el distrito de La Mesa, clamaron por ayuda de las autoridades de la provincia de Veraguas, debido a que después de cuatro días de protesta se han quedado sin agua y comida.

Waranq viajeronakax ukjamarak q’ipin k’añaskunakar apnaqirinakaxa, khitinakax Interamericana jach’a thakhin La Mesa distritonx sarasipkana, Veraguas markanx jilir irpirinakar yanap mayisipxana. Kunatix pusi urut ukatx umas manq’as tukuyasxanwa.

Jichhakama, gobiernox janiw protestanak yäqañ munkiti. Yaqha thakh k’añaskunakatak mercanciataki, “Puente Aéreo” jam kunax jaqinakamp manq’anakamp alaxpachat apaspa, ukanaks janirakiw thaqhañ munkarakiti.

Mujer con una nagua, vestimenta típica de los Ngöbe-Buglé en Chiriqui, Panamá

Ricardo Martinellin mark apnaqawipax janiw jaqinakatamp sum uñjatakiti. Kunatix yaqhip markachirinakax jach’a p’iqinchirir yanapirinakapampix janiw sum apnaqapxkit sapxiwa. Yaqhipanakasti, bloqueo luririnakar jan walt’ayapxkarakiti. Kunatix janiw market llakisipkiti, jan ukax jupapachanakat lup’isisipki.

Roberto Troncos B. (@tronky22) p’iqinchirir qillqi:

@rmartinelli Es inadmisible q un sector de la población nos tenga de rodillas, pero tmbn es inconcebible que no se tenga vías de solución

Mä juk’a jaqinakax qunqurayasipkistu, ukax janiw walt’atäkiti. Jan ukaxa, jan yaqha jach’a thakh utjkiti, ukax janirakiw walïkiti.

Jaime Correa (@JCorrea1293) wali kuliratawa, kunatix p’iqinchirix autocratjamawa, ukjamarak jach’a qhatun cadenapamp walpin pantjasi, siwa. (Super 99):

Martinelli todavìa sigue pensando y creyendo que Panamá se administra como un Super 99 y que al ser presidente, es dueño de los recursos

Panamá markax Super 99n irnaqasiski, ukjam Martinellix lup’iski, ukjamarak yäqaski. Jupax recursonak jupankirjam uñjasi.

Fermin Osorio (@MeisterBrake) amuyupatxa, jaqinakax Martinellirux alaqat tumpantapxi, ukampix jilachjapxi.Martinellix walinaks luri, jan walinaks luraraki:

Todo lo que hace martinelli ta mal, fren en mi opinión el a echo muchas cosas y buenas, también sus defecadas pero bueno.

Maria Moreno (@ascadelia1986) jichha p’iqinchirimp nayra Manuel Antonio Noriega p’iqinchirimpit kipkätawayi:

est gobierno esta peor q el gobiern o d noriega nadamas falta q martinelli salga planeando y alzando el machete

Aka jach’a p’iqinchirixa, Noriegat sipansa, juk’amp jan walikiti. Martinellix amt luraspa, ukjamarak jaqinakar usuchjaspa, ukakiw janïr utjkiti.

Daniel Acosta (@Daar05) señala a toda la clase política como culpable de la crisis que vive el país:

Yo siento que toodos los de la politica en Panamá son culpables de lo que ocurre! Martinelli debe buscar rapido alguna solucion!!!!!

Nayax Panamá markan jan walt’awipat politiconakaw tumpani, ukjam amuynaqta! Martinellix markan walt’awip laqaw thaqtañapa!!!

Aka jach’a p’iqinchirixa, Noriegat sipansa, (@Daar05) juk’amp jan walikiti. Martinellix amt luraspa, ukjamarak jaqinakar usuchjaspa, ukakiw janïr utjkiti. Erick Simpson Aguilera Pma507pty bloggupan kunjams lup’kix uk ukan yatisi:

Finalizo solidarizándome con la lucha de los hermanos Ngäbes por la defensa del territorio nacional, el cual el gobierno autócrata de turno pretende vender a las mineras canadienses y coreanas, para depredar y saquear nuestra riqueza natural. Y, haciéndole un llamado al gobierno en el sentido que, no insista en mantener al país al borde de la ingobernabilidad y el caos, dando al traste con la imagen de Panamá, afectando las inversiones, el turismo, y el crecimiento económico que experimenta la nación; lo cual evitarán si dialogan con las autoridades Ngäbes Buglés y aceptan formalizar legalmente, la no exploración, ni explotación minera, ni hídrica en la Comarca.

Ngäbes jilanakan nacionalan uraqin arxatawipat ukar yanapt’amp tukt’ayta. Kunatix jan wali gobiernox Canadienses mineramp Coreanas minerampir aljañ muni. Kunatakix riqueza naturalar q’altayañ muni. Markar jan wal tukuyaspa, uk gobiernor mayiñ munarakta. Kunatix Panamá markar jan wali uñjayañataki. Ukampirus inversionanaka, turismo, económico jach’anchanakar yanqhachaspa. Ukampixa, Ngäbes Buglés p’iqinchirinakamp aruskipapxaniwa, ukjaxa, janiw yanqhachawinakax utjkaniti. Jan thaqachäwi, jan minera explotación, janirak Comarcan hídrica sat chiqpachar qhananchayañatak iyaw sapxaspa.

Anchhichhanakanx walt’at janjamaw lurañjamakitixa, Panameñonakax ukjampachaw suma walt’at taqinitak suyasipkiwa.","Ngäbes Buglés ukan markachirinakax Panamericana, chiriqui chiqapana, jist'antatapxiwa. Kunati gobiernomp explotación minera ukat aruskipapkatayna, uk gobiernox phuqhañap mayipxäna. Internetanx Martinelli p’iqinchirir ukjamarak markachirinakan luräwinakapat uñt'ayapxi.",aym,globalvoices,Global Voices,fake news,ea18c25b-3941-4316-aa40-7a8c667487a8,article,MassiveSum
https://aym.globalvoices.org/2013/07/5952,,Irán: “¡Mundial ukan anatapxaniti!” (WITIYUNAKA),,"Irán markan Copa del Mundo de fútbol uka anatawit amtkasa (via Kosuf.com)

Iraníenkirinakax turkakipawir uñjasax wali kusisitaw amtapxi. 18 uru mara t'aqa phaxsit 2013 maranx wali kusisitaw kallinakankapxäna equipo nacional de fútbol Irán markatx Mundial de Fútbol 2014 ukatakiw clasifikatani Brasil markana, Sur de Corea (1-0) ukjwa atipjatayna. Uka uru nayraxanakakiw victoria de Hassan Rouhani presidenciales chijlläwx ukx amtapxarakïna.

Laheh Park Teherán markan amtkasa

Jaqinakax Hussein Mousavi ukar jan armasaw amtapxi, oposición p'iqt'irix mutuñ utan jist'antatawa. “Rouhani, Mir Hussein, Mundial ukan anatañani sasaw arnaqasipxi”.

Iraníes uksa markanx taqiniw amtapxi.",Iraníenkirinakax turkakipäwir amtasax wali k'uchikiw amtapxi. 18 uru mara t'aqa phaxsit aka 2013 maranx equipo nacional de fútbol  Irán markan  Mundial de Fútbol 2014 Brasil markan clasifikasiniw sas yatisitapatx walpunw kusisipxäna.,aym,globalvoices,Global Voices,fake news,0f5ebea0-6cdd-44cb-bd5b-22cba7719043,article,MassiveSum
https://aym.globalvoices.org/2011/04/1538,,México: ¿Sartasiwix nuwasiñ tuqitat jan ukax Gubierno tuqitacha?,,"Pacha uru suxta llamayu phaxsi pä waranqa tunka mayani maranxa, waranqha markachir mixikanunak ukhamaraki yaqha markanakankiris Nueva York, Buenos Aires, Paris ukat Madrid uka markanakaxa mistsuwayaqpxatanaw unxtasiwinakaru jan nuwasiwi utjañapataki. Yaqhipax mayipxanwa Felipe Calderón markan jilir iiptirix jaytxañapa. Kunatix jupax janiw kuns lurawaykataynati yanqhachaña ukhamaraki wila wartawi uka tuqinakatxa, ukham sasaw yatiyapxi khaysa BBC tuqinxa.

Javier Sicilia, sikt'irit irnaqirin wawapawa achuqa phasi tukuy aka maratxa wal ch'amañchawayatayna jan utjañapataki aka nuwasiwinakax ukhamaraki sartasiwinaka utjañapataki.

Mexicanos protestando contra la violencia en el Zócalo en Ciudad de México. Alberto Millares, Copyright Demotix

Markachirinakan arsuwipanakax ratukirakiw taqi blogs uksanakan uñstawayana. Víctor Hernández ukan arsuwipax uñstawayiwa blog Michoacán en Resistencia sutinchatatuqina, kunatix jupax kusist'awayatanawa, pashp markachirinak sartasitapata jan yaqha jilir irnaqirinakan ch`amañchata.

Le aplaudo a la marcha contra la violencia que se llevará a cabo hoy en diversos estados de la República el ser auténticamente ciudadana. Fue convocada por el escritor Javier Sicilia, pero su organización y difusión la hizo la gente, principalmente de clase media, por medio de redes sociales y sin la ayuda de los medios.

Por primera vez la clase media se organiza para exigir un alto a la violencia sin ser convocados a ser parte de un acto mediático de la derecha. Lo hizo la gente por si misma.

Ukhamarakiw t'axllirt'awayatana, aka sartawirux jan nuwasiwi utjañapataki, ukat aka unxtasiwinakax lurasiwayaniwa taqiwx markanakana sarakiwa. Javier Sicilia uka jaqiw yatiyawinaq yatiyawayatäna, ukat juk'amp pachpa pisin jakir jaqinakarakiw yatiyasiwayapxatana khaysa tiliwisiun tuqinakata jan uka tuqi irnaqirinakampi yanapt'ata.

Akax nayrir sartasiwiwa pisi jakirinak tuqitxa aka nuwasiw sayt'ayañataki aka sartasiwix lurawayapxiwa jan khitin chamanchata.

Javier Hernández Alpízar, blogutak Zapateando2, satak ukatakixa sawayatanawa Siciliaxa, jaqiw apanaqawayi jilir irnaqirinakaru ukhamaraki yanqhachir jaqinakarusa, ukat sartasiwinakac utjatapa.Ukatsti Hernadez Alpizar sawayarakitaynawa:

La carta, que se está convirtiendo en un documento que encarna la indignación de muchos, dice con palabras fuertes y claras lo que muchos ciudadanos ahora también suscriben: “Estamos hasta la madre de ustedes, políticos –y cuando digo políticos no me refiero a ninguno en particular, sino a una buena parte de ustedes, incluyendo a quienes componen los partidos–, porque en sus luchas por el poder han desgarrado el tejido de la nación, porque en medio de esta guerra mal planteada, mal hecha, mal dirigida, de esta guerra que ha puesto al país en estado de emergencia, han sido incapaces –a causa de sus mezquindades, de sus pugnas, de su miserable grilla, de su lucha por el poder– de crear los consensos que la nación necesita para encontrar la unidad sin la cual este país no tendrá salida (…)”.

Laphir qillqata uka tukumintux tukusiskiw ma kulirawiru,ukat sapxarakiwa qhuru arunakampi “nanakax qarxataxaptu jumanak pulitikunakatxa ukhamaraki ukankir irnaqirinakampisa, kunatix jan suma irnaqatata, janiw kusapkayatati akanak sayt'ayxañatakix. Kuntix aka markax munki nayraqatar sartañatakix jan ukasti janiw nayraqatar mistkaniti”.

Jenaro Villamil bloguer ukahamarak yatiyir jilax tuka waraqa jaqiw Mixiku markanx unxtasipxi sasaw yatiyatana. Villamil uka jaqitakix qhanatanaw kunats uka unxtasiwixa ukaxa:

Poetizados y politizados, multiclasistas e indignados, más de 10 mil personas marcharon de la explanada de Bellas Artes al Zócalo de la Ciudad de México para protestar por los efectos de la guerra contra el narcotráfico, al mismo tiempo que otros 8 mil ciudadanos, encabezados por el poeta y periodista Javier Sicilia, protestaron en Cuernavaca, el epicentro de esta protesta simultánea, a raíz de la ejecución de 7 jóvenes el pasado 28 de marzo en Temixco, Morelos.

“¡Fuera Calderón! ¡Fuera Calderón!”, gritaron durante su paso los ciudadanos convocados en las últimas 36 horas que se reunieron en un templete improvisado, frente a Palacio Nacional, en el Zócalo de la Ciudad de México. Reclamos similares se escucharon en Monterrey, Mérida, Guadalajara y decenas de ciudades más donde se escuchó el grito de protesta.

Kulirat, tunka waranqa jaqinakaw unxtasiwayapxana khaysa Bellas Artes Mixiku markana narkutrafiku tuqit arusiñataki, ukhamarakiw kimsa warnqa markachirinakawa arusiwayapxatayna sikt'ir irnaqirimp p'iqinchata, kuirnawaka tantachawi ukhana, akax paqallqu waynanakampiw qalltawayatayna nayririr pä tunk kimsaqallquni achuqa phaxsitxa.

“Mistsum Calderon! ¡mistsum Calderon!” sasaw arnaqhapxatana, kunawsatix jupanakax sarapkana unxtasiwiru Mixiku marcanx. Pachp arunakarakiw ist'asina Muntiriy, Mirida, Guadalajara ukat juk`api markanakanas.

Mexicanos protestando contra la violencia en el Zócalo en Ciudad de México. Alberto Millares, Copyright Demotix

Yaqha tuqitx, administrador blog tuqix México Sí ukxatw arst'awayarakitayna, muspaña arunaka aka unxtawinakatxa, ukat qhanañchawayatanawa kunatix janiw guwirnu tuqitakiti jan ukasti nuwasiñ tuqitatapa aka unxtasiwinakax sasa:

¿Por qué la marcha? ¿Se acaban de dar cuenta de que existe el crimen organizado que ejerce una violencia estúpida contra nosotros? ¿Y cuál es la solución? ¿Salir la sociedad a la calle a comunicar que está en contra de la violencia? Creo que todo eso no sirve de nada, la violencia es ejercida por sicarios carentes de una formación social, tipos sin estudios la mayoría de las veces, drogadictos, alcohólicos, gente deshumanizada para los que asesinar a alguien es como cuando un vendedor hace una venta. Los sicarios son pagados por sus líderes, tipos a los que tampoco les interesa la sociedad excepto para extraernos dinero. Al momento de la marcha los sicarios estaban borrachos o drogados, los capos felices porque habían logrado el impacto que querían, tener atemorizada a la población. Si la gente está asustada, será más fácil extorsionarlos, secuestrarlos y sacarles más dinero.

¿kunats aka unxtasiwixa? ¿Amuyt`asiptati jiwayan amtat utxatapa jiwas tuqi? ¿ Kunas askichawixa? ¿Markachir mistsuñapa kallinakar yatiyir nuwasiñ tuqita? Amuyt`twa ukax janiw kuntakis walikiti, aka nuwasiwix apnaqatawa jaqinak jiwayirinakamp jan yatiqañ utar saririnaka, jilpach alkul umirinaka jiwayiri yaqhanakataki. Aka jiwayir jaqinakax payllawi p'iqinchirinakamp churatawa, jan yatir ni muniri markxa qullqi apsuriki. Unxtasiwinx aka jaqi jiwayirinakax umatasipkanawa kunatix jupanakax munapxanwa justxasiñap markachirinakax. Kunapachatix jaqinakax justxatapxi ukhax, janiw chamakaniti qarintañaxa, lunthataña ukamaraki qullq apsuñasa.

Ukhamaw tukuyawayxi arst'atapaxa, aka bluguer tuqitxa, ullirinakapar mä jawst'awimpi:

No podemos dejarle la solución total de la inseguridad al estado, debemos involucrarnos y no esperar a que nos maten un hijo para empezar a protestar.

Janiw jaytsnati q'alpach askichanxa aka jan walt'awitx markatuqiruxa, arsuñasawa jan suyañkam ma wawaru jiwañapkama

Akanx mä mayanakakiw unxtasir jaqinakan arsuwinakapax suxta llamayu phaxsinxa Mixiku markana. Kunatix janiw yatiskiti kunats unxtasiwipxi qhiti tuqisa ukat kunas lurasini. Ukhamarakiw wali kusawa yatiña kunjams markax mistsuni nayraqataru aka jan waliwitxa ukhamarakiw aka jutir maranxa yaqha prisidintiruw ajlliñaxani kunatix jaqinakaw amuyt'apxani partido poder ukar ajlliñs jan uksti pachpaskañapatakisa.","Waranqa Mixikanunakaw ukhams  yaqha markanakans   sartasipxana suxta llamayu  pä waranq tunka  mayani maranx .yaqhipax sartasipxanwa jaqi jiwayir tuqi, yaqhipax gobirnu tuqirakis.",aym,globalvoices,Global Voices,fake news,037fb2e2-c960-4dec-a253-6fe576051a7d,article,MassiveSum
https://aym.globalvoices.org/2015/02/7032,,Chariboan Joi ukax shipibos waynanakatakiw periodismo digital yatxatäw wakt’ayi · Global Voices Aymarata,,"OJIRU y Alianza Arkana revisando el programa del taller. Foto usada con permiso del proyecto.

Chariboan Joi tamax (periodismo digital) yatxatäwiw utjan sasinw yatiyi, ukax shipibos tunka wayn tawaqutakikiniwa, 9 urut 20 urukam aka anata phaxsit 2015 maran apasini. Ukan chikancht’asirinakax Nueva Betania, Alva Castro, Nueva Palestina ukat Puerto Bethel markanakat chhijllt’atawa, jupanakax niy yatiqañ utat tukuyañampipxiwa, Nueva Betania uksanx 2 uru jalluqallta phaxsinw 40 wayn tawaqux

ukan chikanchasipxän ukataw uka tunkanix chhijllt’ata. Uka Festival ukanx jupanakax celularanakapampix nayrïr yatiyäwinakap wakicht’apxäna. Taqpach yatiyäwinakax shipibo arunkamakinwa, siwsawinaka, saräwinaka, larkañanaka ukat jayllt’äwinak ukham apthapipxäna.

Festival uka yatxatäwin waruqatanakax wali aski amuyunakaninwa. Miguel Guimaraes, OJIRU uksankiriwa, jupax chinuqa phaxsinw chikanchtasiñ qalltaski ukatx arst’arakiwa:

Nayax shipibo aru qillqañs arsuñs yatisktwa ukatx sumpachpun janiw mashas uka amuyañ atkti. Arutuqinx mayjt’äwix utjapuniwa, waynanakax “jilïr jil kullakankan” arunakap ist’apxi, ukat janiw sum amuyañ atipkiti.

Maysatxa, Jamer Lopez, OJIRU uksan irpiripax arst’iwa:

Kunjamakiti ukham español arur jaqukipañax jasakiwa, ukampirus jan amuyuparjam amuyt’as jaqukipañax janiw askikiti.

Aksatuqinx kunjams español arut Ojiru arur jaqukipañatakix amuyt’apxaspa ukaw wali aruskipata. Utjir qullqix pachpa tamar ch’amanchañatakiw aptata, ukanx kimsa (comisión) ukaw utji: mayax( congreso ordinario) wakichiri, (asamblea electoral) kimsiristi (XXIV Campeonato de Fútbol de Comunidades Nativas) “Mundialito Shipibo” ukjam uñt’atak ukan chikanchasïwi. Ukampirus kimsirik ukax janiw sataw uñjasi, ukan atipt’irinakatakix premio ukax 12,000 soles (juk’ak ukax 4,000 dólares) 100,000 (32,000 dólares) ukhanwa uka qullqix (obras de infraestructura) ukaruw sarañapana.

Pä simananx wayn tawaqunakax uka yatxatäwin chikancht’asipkan ukatakix jank’akiw ikiñ utasa, ukakipkarakiw yatichañatakis (salón) ukasa (señal inalámbrica de internet) ukas jikxatata. Uka yatichäwin amtäwipax kunjams wayn tawaqunakan amuyunakap p’arxtaysna, jupanakax (pedagogía intercultural para adolescentes), kunjams yatiyaw uñjapxi, yatiyaw apanaqaña, (ética periodística, poder de los medios) ukat juk’ampinakataw yatxatapxäni.

Uka amuyunakax akat juk’a pacharux jach’aptaniwa, sullkir way tawaqunakax (medios digitales e internet) ukampix jach’anchayapxaniwa.","9 urut 20 uru anata phaxsin 2015 maran periodismo digital yatxatäwix apasini,  Chariboan Joi uka tamat wakt'ayatawa,  waynanakax may may markanakat chijllt'atapxiwa.",aym,globalvoices,Global Voices,fake news,f6c139a0-ce7c-4411-a7b5-c12b805ff621,article,MassiveSum
https://aym.globalvoices.org/2013/04/5786,,"Marianna Breytman, Global Voices ukan jaqukipt’irimp aruskipt’asa · Global Voices Aymarata",,"Nairobi, Kenia markan maymarax Global Voices Summit ukax apasiwayki ukanw Global Voices ukan mayni machaq yanapt'asirir uñt'aniwayta. Jupax Marianna Breytman sutiniwa, jupax castellano arut ingles arur kuna qillqatanakati Latinoamérica uksat España Global Voices en español uksan qillqatanak jaqukipt'iriwa.

Jupampix walja pachaw aruskipt'apta, ukatx jumanakax ist'apxasmaw uka video, Global Voices uksan kawkïr arunaks jaqukipiritan ukanakxat arxayt'aski:

Juan Arellano: 100 jila qillqatanakw (posts) GV ukatakix jaqukipxtaxa, kalltkta ukhax ukham jaqukipirist sayatati?

Marianna Breytman: Janiwa. Global Voices ukatakix jaqukipañx kunawsapun qalltstxa, ni kawkhar apañs yatkayati. Jaqukipawx lurak luraskyatxa, kunjamti Nairobi markan siskayasmaxa. Sapa jaqukipäwitx juk'ampi yatiqayatxa. kunawsati GV ukatak niya pä mara jaqukipäwinakamp phuqkasinw 100 qillqatanakax utxäna, 100 qillqatanak phuqhañpunw munayatxa, ukarux phuqtwa. 100mo qillqata [en], Ukhamakiwa!

JA: GV ukatak jaqukipt'atanakamatx kuna amtaskyanakas jan ukax kawkirinakach jumatak aski utjiristama?

MB: Ariel [Moreno] jupan qillqatapatw amt'irista, Panamá markan “diablos rojos” uksat qillqt'atayna, kunapachati nayax uka markar sarawaykt ukhapuni. Ukwa nayax jaqukipta [en] ukampirus nayax uka markanx ukanakarux uñjawayxarakiyatwa ukat jasakinw jaqukipañaxa.

Yaqha qillqatx amatarakiristwa Robert [Valencia] jupata, Brooklyn uksan Kimani Gray jupan jiwatapat unxtasiwinak utjkan ukxat qillqatanwa. Nayapachpax kunati nayan markajan utjaski ukx yatkayati, ukatw jaqukipt'awayta [en].

Ukampirusa, jaqukipäwin wali ch'ama tukt'ayawayitu ukax janiw GV ukatakikiti, jan ukasti GV'er — Elaine Díaz Rodríguez ukatakiwa. Kunawsati Elaine jupar EE.UU markarjtuñatak visa jan churañ munapkan ukha, jupax mä qillqata wali phiñasit arunakampi. Jupax uñt'ayañ munana ukat nayax mä pita ajqukipañaspaw sasina sista. Uak ullarxasaxa wali llakisxayata. Irnaqir masixamax jaqukipaw mayt'itu [en]. Anchhit pachanwa, kunja askisa jaqukipañaxa ukxa amuyastxa, maynix isturyanakap uñt'ayañ muni. Ukatwa kunti lurktx aukarux munastxa. JA: Ukampirus castellano arux janiw juman tayka arumakiti, kunjamats uka arut jaqukipt'añx lup'iwayta?

MB: Taqiniw jiskt'apxit ukxa janiraw mä aski jayst'äwix utjituti! walja maraw español aru yatiqaskta, jisk'atpach kunawsati primaria ukankayat ukhatapacha, 6to grado ukankayat ukhatpach amt'irista, Panamá markat judío ortodoxo ukhamanwa yatichirijaxa. Jupaw walpun ch'amanchawayitu uka aru yatxtañaxataki. Jupapinw ullaña, español radionak isch'ukiñ ukat juk'amp yatxataskakiñar sarantawayta.

Español aru yatiqañaxa nayatakixa wali askinwa. Uka yatxatäwijanx wali suma notanakanipuniritwa, janiw jan aski notanakiniñ munirikti. Español aru yatiqañatakix wali esfuerzo ukham uchiritxa.

JA: GV ukanx yanapt'irjamakitawa, yaqhip pachanakax kunanakamps lurta?

MB: Jichhax mä organización ukan irnaqaskta, programa Au Pair [en] ukana EE.UU uksar yatiqirinakax purinipki ukanakaruw yanapt'i, wawanak uñjaña ukampirus yatiqasipkaraki. Coordinadora de Reclutamiento Internacional ukatwa, ukanx solicitudes de los candidatos ukanakw uñakipta.

Ukatsipan ayaqhaxa, español arut yaticharakta, centro de educación de colaboración en Brooklyn ukana.

JA: Gastronomía ukaw jumarux gustam ukxatw ullart'askayata… inakt ukhax phayiritati?

MB: Kawkhans ukxa ullarta?! Jaja.. gastronomía ukax wali askiwa, may may markanakat manq'anak mallt'añax wali askiwa, ukampirus janiw nayax anch phayirikti. Panamá markaruw nayrïr kutipun purt'awayta mayni GV'er, Ariel Moreno jupar tumpt'iri, ukanx ceviche manq'a manq't'aniwayta, wali sumapuninwa nayax uka phayañ yatiqañ munta.

JA: Tawaqusktawa, jutïr pachatakix (futuro) kuna amtäwinakamas utji?

MB: Ukatx educación internacional uksan irnaqt'añakiw utjaskitu. Ukampirus Nueva York uksan jakasiñax wali askiwa.

Ukatsti, jutiri pachanakatakixa, mä organización ukatakiw iranqañ lup'iskta ukax derechos humanos ukat proyectos de desarrollo económico ukanakar chiqancht'atawa. Ukapcahparakiw español arut yatichañ munaskakta.

Ukampirus Global Voices uksan irnaqaskakiwa. GV uksat juk'amp yatxatañ muntxa. Eddie [Ávila] jupatakiw Rising Voices uksan jaqukipirita, ukaw sumpach aka organización uksat amuyt'ayitu. Ukampirus mara jilaw WITNESS [en] uksatak irnaqxta.

Uka jutir video ukanx mä juk'a Global Voices ukxat Nairobi markan tantacht'awapxitu ukxatarakw aruskipt'apxta.

MB: Jïsa, Firuzeh [Shokooh Valle] ukat Silvia [Viñas] jupanakaruw jallallt'ta, jaqukipt'as sarantañ munaskatwa. Chiqpachansa janiw kuna pachas kunti lurkt ukx lup'irikayatti, GV uksan juk'amp uraqpachar uñt'ayapk uka jila kullakanakamp chika sarantaña munta.

Niya uka kipka yaqha qillqatanaka:

Cuba markata: Ellery Biddle ukat Elaine Díaz jupanakamp aruskipt'asa Matisse Bustos Hawkes, Witness ukatx video uka Chris Moya, SpainRevolt ukatx ciberactivismo uka Afef Abrougui, blogueando desde Túnez Rebecca MacKinnon jupamp “Consent of the Networked” ukxat aruskipasa

Global Voices Summit 2012 uka jikthapatäwin nayrïr urux Kibera uksaruw purt'ata.

Thumbnail ukat Rezwan jupan Global Voices ukatak jamuq (foto) apsuta.","Nairobi, Kenia markan maymarax Global Voices Summit ukax apasiwayki ukanw Global Voices ukan mayni machaq yanapt'asirir uñt'aniwayta. Jupax Marianna Breytman sutiniwa, jupax castellano arut ingles arur kuna qillqatanakati Latinoamérica uksat España Global Voices en español uksan qillqatanak jaqukipt'iriwa. Jupampix walja pachaw aruskipt'apta, ukatx jumanakax ist'apxasmaw uka video, Global Voices uksan...",aym,globalvoices,Global Voices,fake news,fdb1f50f-b01a-408c-8f8a-960d71abe2f3,article,MassiveSum
https://aym.globalvoices.org/2015/10/7559,,Mayni mexicano waynan transfobia ukhamatapat mä wityun uñt’ayi · Global Voices Aymarata,,"Captura de pantalla de uno de los video de Christopher Juárez Reyes, el joven mexicano que documenta su proceso de reasignación de sexo.

Kamasiki, Christopheratwa… transexual ukhamatwa. Aka witiyux sarnaqäwix chachaptäw sarnaqäwixat jumanakar uñacht’ayañatakiwa, ukanx kunjamas nän patxa janchijax k’achat k’achat mayjaptaskan ukxat uñjt’añataki […]

Aka arunakampiw mä Xalapa, Veracruz markat Christopher Juárez Reyes waynaxa, mayïr witiyupamp YouTube ukan qalllti, ukax mä tukumintasiyunarakiwa khä kunjamas chachaptani ukxata, juk’ampirus ukxat sikt’awinkar jaysarakini ukhamarak tirichus de la población lésbico, gay, bisexual, transexual, travesti, transgénero ukat intersexual (derechos LGBTTTI) ukxat yatiyäwinak yatiyarakini.

Christopherax wiyulujikamintix warmjamaw yuritäna jan ukhamakipanx itintitatapayrix chachanwa, ukax disforia de género ukaniw sañw muni, Ukat jupax lup’itayn intervenciones médicas ukhamarak quirúrgicas ukar mantañataki kunalaykutix itintitat sexual ukhamarak género ukamp mayark jaqthapiñataki.

Aka sarnaqäwinakapxat tukumintasiyunax anata paxsina 2014 maranaw qalltäna, jichhakamax 85 witiyuw kanalapan kanalapan utjxi, ñä 9.000 ukjaw ukar qillqantayasxapsi ukhamarak 626 waranqats jilaw uka wituyunakax jaqinakan uñjt’ataraki.

Witiyunakaptaypinx kunayman walxakut hormonas ukanakamp jununt’ayasiski, mastectomía upirasiyunanakxat walirasiskiri, salut ukhamarak qullirir wisitanakxat iwxt’awayanaka, kunjams chachar warmir tukutapatx tramitis ukan lurasp ukanak wila masinakapar jupan transexualidad ukapxatx saraki, juk’ampirus comunidad LGBTTTI ukanakatakis khä contenidos de reformas relevantes ukxat yaticht’araki yatiykipt’araki, ukhamarak tips ukhamarak iwxt’awinak uñjt’araksnaxa.

Christopherax kanalapan transexualidad ukxatkamakitapatx rikunusiwa, “jan Transexualidad ukxat imt'amti!” witiyupan saraki, achikt’apxarakstuwa khä orientación sexual ukhamarak la identidad de género ukax mä jaqin walxa phasitapjam amthapt’apjañataki, ukax janiw jiwasar chiqsas kunjamatas tifinkstuti sasa:

Jisa, Christopheratwa, You Tube ukan transexualidad ukxat witiyunak luriritwa, janiw mä transexual waynakikti […] juk’ampinakatwa juman juk’ampinakatam yatiraktawa.

Christopher jupan suma jaqitapa ukhamarak jan k’aritapata, uk uñjasax walxa jaqinakaw jupar chuymacht’irix uñsutayna, juparux yusparapxi ukhamarak ukham qamasanitapatx jallallapxarakiwa.

Jan ukhamakipanxa, Christopher jupan amtawipax uñt’ayasiñats juk’amp jayaruw sari. Ukham amuyañjamawa, witiyupanx jan transexuales pirsunajinak literatura ukan utjatapat kijasi:

[…] jan armapxistati, jumanakakis jaqipkasm ukham jan axamukipxistati, nanakax jaqipxaraktwa, tirichunipxtwa ukhamarak jumanakjam pixtunakanipxaraktwa (jajaja) […]

Jumatix uñjasinkchist qillqirista, inas jamuqirista ukay arsusiritacha, jumanakarux achikt’apsnaw qillqt’añataki, kunayman lurt’añataki, akxanakat arjayt’añataki, kunats akxat jaqinakar phuqsuytana, jilpachax janiw chiqsas sutichawimp sutichapkituti, ukax janiw walt’ayapkituti. Ukhamakipanx ampsuma yanapt’añatak lurt’añani, nayax aka witiyunakamx yanapt’askirjamatwa, jaqinakan akanakxat mawk’akas yatiñapataki ukhamarak jumanakatx pachp suyt’asipkaraksna. Walxa jaqiruw walxa turkakipawxanakapat witiyunak apkatanir uñjt ukax wal k’uchisiyitu; ukpuniw nayax munatäna. Ukrakiw nayax aka witiyunakamp nayrar sartayañ munta: ukhamat jaqix yatiñapataki kunats nayax akham situwasiyunar purkatäna ukjax jan jiktt [yatiyäwi], ukay juk’ak inglés ukan jiktta ukasa ukhamakipanx utjañapapunispawa ispañulana.

Taqpachanix mä wawakitanwa, taqpachaniw jaqiptana Ukat akham sarnaqäwijxat yatiyasax khitirs yanapt’apunchixaya.

Ukham thakhimpixa, Christopher waynan amtäwipax mä pruyiktu pirsunal ukats juk’am jayaruw uñti. Ukx sapa witiyunw uñacht’ayi.","Mä mar nayraxataw mexicano, Xalapa uksankir Christopher waynax  YouTube ukan witiyunak wakichatayna, comunidad LGBTTTI ukatuqit  uñt'ayi.",aym,globalvoices,Global Voices,fake news,e8bafb07-a99e-4d92-8354-87b1a8ec0d9c,article,MassiveSum
https://aym.globalvoices.org/2017/01/8587,,"Sartaw sutimpix Jharkhand, India markanx aliqatak quqanak khuchthapipxatayna",,"India makan Rajasthan sat qullu qullu tuqin jakasir warminakax 70 albs lawan p’iqinakap patxar sapurjam nina nakjt’ayasiñatak ukhamat phayt’asiñatakix apnaqapxi. Cuenta de Flickr: Engineering For Change ukan jamuqapawa. CC BY-SA 2.0.

Aka artículo ukax nayraqatax Video Volunteers Video Volunteers ukanw uñachtayasïna, video volunteers ukax mä premiada organización internacional de medios de comunicación ukhamaw India uksanxa. Akan uñacht’ayaski ukax mä versión editada ukaw iyawsawimp uñacht’ayasi.

Kunjamakitix jaqha uraqpach markanakansa, deforestación ukax India markans uraqir llanqhachiriwa. Ukhamakipanx qhipa yatxatawinakarjamax india markanx 243.447 km2 netos (28%) uraqinakaw jichha kimsaqall tunka qhipa maranakan chaqaqata, saw yatiyasi. Ukhamarus quqanak k’utthapiwix jan qhipar kutt’kay llanqhachäwinakaw q’alpach India markar puriyi, kunjamakitix suma ch’uxña tuqinaka ukhamarak ñä chhaqtir tuqinakaw chhaqt’ayi juk’ampirus thaya, qhatirkir inti jalsunaka olas de calor ukhamarak jaqha pachamaman pixthapiwinakaw uñstayi. Ukhamarus jichha Qhipa maranakanxa, Scientific Reports ukan yatxataw uñacht’ayatarjamax quqanak k’utthapiwix mä jach’a descenso de las precipitaciones en India ukaw sartayatayna.

Sapa maraw juk’amp juk’amp forestales tuqinakax satañ uruqinakar kiptayatäxi, kunalaykuti walxa jaqinak yapantasitapatw manq’aniñanakapatak quqanakas pichamukutaxaraki. Ukhamarus janiw uka laykukikiti aka explotación forestal comercial, minería, urbanización ukhamarak industrialización ukanakaw quqanak k’utthapiw nayrar sartayaraki. Amita Tutti corresponsal de la comunidad de Video Volunteers, jupan lurt’at vídeox kunjams estado de Jharkhand ukanx waranq quqanakax thakinak jach’aptayañataki ukhamarak proyectos de infraestructura por parte de la administración del estado sartayañatakix tinkthapiyata. Ukax janiw juk’akikiti, Juk’amp walxa quqanakaw ukham llankhachat jikxatasi.

Yaqhip organizaciones municipales ukhamarak markachirinakampix quqanak khuchthapiwirux janiw sapxataynawa. “Quqanakaw conductores ukhamarak transeúntes jupanakar wali junt’u pachanakanx chiwicht’aspäna”, saw Pinki Kumari, Khunti markan jakasirix satayna.

Gobierno ukax thakh jach’aptayañatakikiw quqanak k’utthwirx iyawsawayt sipans mä activista ukax janiw ukatakikiti, autoridades locales jupanakax uka quqanakx lawanak aljirirw kunayman jupanakakik askiñapatak aljsuwayi siwa.

Junagarh ukanxa. India. Aka alwax llakiwa. Quqanak khuchhurapxi.

Khunti markan jakasirinakax tayna quqanak ayruntaspan ukhamarak chuxña tuqinakax jan chaqtayatakpanti sapxiwa. Nayrur willka kuti paxsinx 800.000 Uttar Pradesh markan jakasirinakaw 49 waranq quqanak 24 pachana ayruntapxatayna, ukax quqanak k’utthapiwtuq phiñasiw yatiyañataki. Ukham lurawinakax nayrar sarantaskakpan ukhamat urbanización ukhamarak el desarrollo en la India ukan quqa chhaqtayatanakapatx jan kuna quqanx qhiparañanakasataki.

Video Volunteers ukankirinakax comunidades marginadas de la India ukatapxiwa ukatw vídeos ukanakan pachamamar llanqhachawinak jan ch’atas uñacht’ayapxi. Uka uñacht’ayawinakax “yatiyawiw uka jakirinakatakixa”. Mä contexto hiperlocal ukaw mä cobertura a los desafíos de los derechos humanos y el desarrollo en todo el mundo uk uñacht’ayapxi.","Mayniw arst'i, markan irpirinakapax quqanak khuchthapisax lawa k'ullunakap alxi - jupanakatx waljaniw  industria maderera ukar aljapxi ukhamat qullqichasiñataki.",aym,globalvoices,Global Voices,fake news,97adc342-2279-443c-b5a2-3d06f6139d99,article,MassiveSum
https://aym.globalvoices.org/2020/04/9191,,Uraqpachan COVID-19 usun jilxatatapatx China markanx warwijunak lurapxi,,"China markanx Fábricas ukanakanx warwijunak lurapxi. China Daily jupan waraqt’ata, Twitter de China Science ukan uñt’ayata.

Global Voices ukan uraqpacht COVID-19 usut qillqäwinakxat ullart’am.

China markanx COVID-19 usur jan juk’amp sartayañatakix jaqinakaw jayarstayatapxäna uka amtax askinaw phuqhasiwayi, ukhamipanstï achuqa phaxsinx wasitampiw qullqichäwir ch’amanchañatak sarantxapxi. Kunjamtï warwijunaka ukhamaraki yaqha qullañ yänakax wali thaqhatäk ukarjamax china phawrikanakax mayiwinak utjkï ukar phuqhañatakiw mayjt’ayasaw wasitamp irnaqañ qallantawayi. Usun utjatapatxa, productos médicos ukanakax wali thaqhatawa ukakipkarakiw qullqis jilxatani, ukampirus China markax “warwijunak phawrikirirakiwa”.

Warwijunakax nayrax juk’a chaninikïriwa ukatx waljaw utjïri, COVID-19 usun uraqpachar puritapatx q’alaw pisthapiwayi. Janïr COVID-19 usux juk’amp sartkï ukhax warwij lurañ mä makinax 100 000 ukat 200 000 yuanes (14 150 ukat 28 300 dólares) ukhakinw chanipaxa. Jichhax uka makinan chanipax uka nayrïr chanitx kimasa kuti chaniruw puriwayi. Ukampirus uka makinax mä urunx 100 000 ukat 160 000 ukha warwiju luri, ukax sañ muniwa mä urunx 100 000 yuanes (14 150 dólares) ukha qullqi utjayi.

WeChat uksana, akham sutimp sutincht’ata Warwiju luraña /qullqi imprimiri: Urut arumaruw qamirïptta, Zhou, jupax nayrax cigarros electrónicos lurir imprisaryuwa, aljäwinx kunjams qullqix utji ukxat qhanancht’i:

Janiw jiljatakiti aljäwix niya qullqi imprisura ukhamakaspas ukham sutichañaxa. Uka warwiju lurañ yänakax jilxatawayiwa, mä warwijun chanipax 60 centavos (10 centavos de dólar estadounidense) ukhaw chanipaxa. Ukampirusa 30-40 centavos ukharuw aljasirïnxa. Jichhax waljat aljañ sipanx pä yuanes qullqiruw puri…

Yaqha yatiyäwix Weibo ukan uñt’ayasi, achuqa phaxsinx mayni Zhejiang markankir imprisaryuw waranqa waranqa yuanes (niya 14 waranqa waranqa dólares) ukha qullqinïñ amtatayna.

Estados Unidos ukhamaraki Europa markanakanx productos médicos lurañatakix may may kamachinakanïpxiwa, ukampïnsa, phawrikirinakax askiti janicha uka yant’apxañapawa ukatx credenciales ukanaksa mayisipxañapawa ukhamat permisos ukat licencias de exportación mayiñataki. Inversionista Martin Cun, imprisanak jach’anachyañatakix credenciales de calidad exportación de Estados Unidos ukat Europa markanakat katuqañaw sasin uñakipt’i:

Warwijunak lurañax qullqi imprimiñäkaspasa ukhamawa, ukampirus anqäx markanakar aljañatak apayañatakix Europa ukat Estados Unidos markanakat certificaciónes ukanak mayiñamawa. Francia, 67 waranq waranqa markachiriniwa uksatsti China markaruw 2000 waranq waranqa warwiju mayitayna. Estados Unidos ukat Europa markan markachirinakapaxa waranqats waranq jilanakawa…

Qullqi jiltayirjamax sapakutis juk’ampiw jach’apti, Pekín markax yaqha política de “diplomacia de las mascarillas” ukham qillqayasi ukhamat yaqha markanakax recursos médicos munapki ukanakar aljañataki. Ukampinsa, aka phawrikax janiw kunjamtï amtki ukar phuqhañ atkaspati, walja markanakanx productos médicos chinos ukanakax janiw askikiti sasinw arst’awayapxi. Jichhakamaxa, qullqit pisinkir markanakax 60 waranq waranqa warwijuw kut’ayatäxi ukatx España markax 58 000 pruebas rápidas de COVID-19 kut’ayawayxi taqi ukanakax achuqa phaxsin China markan luratanakawa. Mayni Chen sutin aljañ apayirix mä jiskt’äwinarst’i China markan 60 % ukhaw warwiju luririnakax janiw uka lurañ utanakan lurapkiti. Ukampirus yaqha phawrikanakax licencias de exórtación ukanipxiwa ukampirus warwijunak yaqha pawrikanakat alapxi ukhamat aljañataki. Twitter uksanxa, @gan_run apnaqiriw warwijunak lurañat mä waraqat (video) uñt’ayi:

Akaw China markan qullqi impresora sutin uñt’ataxa. Irnaqirinakax warwijunak llamkt’apxi ukatx lurañ utanakax janiw askikiti uka manqhanx ina wulwukaspas ukhamaw chhukhuski. Aka warwijunakt jila chanir aljapkistu?

Ukampirus walja markanakanw aka productos médicos ukampix jan kusisitapkänti, uka chinunakax fábricas uksatx janiw sum aljapkitut sasinw yaqhanakax arst’asipxi:

Taqpach anqäxar aljat chanix 10 200 waranq waranqa (millones) yuanes (1500 waranq waranqa dólares) ukha qullqikiwa, niy taqpach aljatax waxt’akaspas ukhamawa.

Yänakx aljañasawa, ¡Estados Unidos markatakix chanipx irxatayapxatawa!

China markan aduana uksatx yatiyiwa 1 uru achuqa phaxsit 4 uru qasawi phaxsikamaxa, markat 3860 waranq waranqa (millones) warwiju, 37,5 waranq waranqa trajes protectores, 2,4 waranq waranqa termómetros infrarrojos, 16 000 ventiladores, 2,84 waranq waranqa pruebas COVID-19 usutaki ukatxa 8,41 waranq waranqa gafas protectoras ukanakaw anqäx markanakarux aljañataki apayata.",Kunjamatï uraqpachan warwijunaka ukat yaqha productos médicos munaskï ukarjamax China markan fabricanakapax lurañ qallantawayi ukhamat yaqha markanakar aljañatak apayañataki.,aym,globalvoices,Global Voices,fake news,0abdfb01-5fdc-4308-95ad-edbc40c6a4a2,article,MassiveSum
https://aym.globalvoices.org/2014/05/6536,,Pusi yänak #FreeZone9Bloggers p’iqinchäwir mayacht’asiñataki,,"Collage del Tumblr de Zone 9. Imágenes seleccionadas de zoneniner.tumblr.com.

Befeqadu Hailu, Abel Wabela, Atnaf Berahane, Mahlet Fantahun, Zelalem Kibret, ukhamarak Natnael Feleke (‘Zone 9′ taypin yanapt’asir blogueronaka) ukata, Asmamaw Hailegeorgis, Tesfalem Waldyes ukhamarak Edom Kassaye yatiyirinakax 25, 26 urunak saraqkipan qasawi phaxit aka 2014 maran Addis Ababa markan katuntatapxäna. Ukch’atatxa Maekelawi cárcelaruw sit’antatapxi, jan kuna arxatirin ukhamarak janiw wila masinakapampis uñjañ munapkiti.

2012 maratxa, ‘Zone 9′ taypin yanapt’asir blogueronakax markachirin amuyup p’arxtayäw laykuw irnaqapxi, ukhamarak markachirinaktuqita, políticonakatuqita Etiopía markan khiti yatiyir jilanakat ukham amuyump sarantkapki ukanakamp mayacht’asis yatiyäwtuqin aski amuyunakamp k’umikipapxarakïna. Katuntäwip ukhamarak sit’antäwipax libre expresión ukatuqitx janipuniw askikiti, kunjamti artículo 6 de la Carta Africana de Derechos Humanos y de los Pueblos ukan qillqataki ukarjamaxa. Global Voices tama, masinaka (amigos) ukanakax llätunka warminak antutatañapaw sasinw mayipxi.

Akaw uka kampañan yanipt'asiñ munasma ukxat qhananchawixa:","Befeqadu Hailu, Abel Wabela, Atnaf Berahane, Mahlet Fantahun, Zelalem Kibret, ukhamarak Natnael Feleke (‘Zone 9′ taypin yanapt’asir blogueronaka) ukata, Asmamaw Hailegeorgis, Tesfalem Waldyes ukhamarak Edom Kassaye yatiyirinakax 25, 26 urunak saraqkipan qasawi phaxit aka 2014 maran Addis Ababa markan katuntatapxäna. Ukch’atatxa Maekelawi cárcelaruw sit’antatapxi, jan kuna arxatirin ukhamarak janiw wila...",aym,globalvoices,Global Voices,fake news,ce3439fa-568f-4859-aa87-78277633b42d,article,MassiveSum
https://aym.globalvoices.org/2011/11/3221,,"Jan Waynuchunakan Untañ Wiriyux Chacha Warmita, Saräwinakata, ukat Jach’anchäwit Aruskipañ Uñstäwayi · Global Voices Aymarata",,"Jichhakiw mayïr Zambia jach'a yatiqañ utan mä yatiqir tawaqun wiriyupan , (El Centro de Zambia para la Contabilidad de la Universidad (ZCAS), Intirnitan muniripamp munaskiriw uñstawayi, ukat Zambia-nkir Intirnit apnaqirinakar uñicht'ayatänwa, khithinakati (enlace) inlasx khyuyapayasirïnakasaw uñicht'ayawäpxi.

Zambia-x tatitur arkir jach'a markawa, kawkinti wiriyux jan wal uñjatawa, ukat “Código Penal, Capítulo 87 Zambia kamachinakarjamax k'iphakirakiwa, kawkirinti jan wali luräwjamaw uñsti, ukat ukanak lurañax juchawa. Juchañchjasirinakax phisqa mar jist'antañaruw saykatapxi.

Blogana, Ajanpankana, ukat Twitter-an walja aruskipäw uñstäwayi. Zambian blogger Lwanga Mwilu-x aruskipäwin kama (género) jach'anchäw qhananchsuwayi. Wiriyun tawaqux khithiti mä jach'a Zambia pulitikump sumankkaspas ukjam amuyasitapata, walja mar jist'antäw katuqawayi.

When it comes to issues of “morality”, there is quite something to be said about male immunity against being tried and condemned in the courts of public opinion…and women’s lack of such immunity. And so when consensual sex finds itself being categorised as a scandal, you can be sure you will hear the woman’s name much longer after her partner has even forgotten he was ever part of the case.

I suppose some context is in order here. For several days now, Zambian cyberspace has been abuzz with reactions to a “sex tape”, featuring a college couple from the Zambia Centre for Accountancy Studies (ZCAS) that has been leaked and circulated online. The comments, which are well in their hundreds or even thousands if you count across different online platforms, are varied yet their recurrent theme is the censuring of the young woman. She has been called lots of names, some of which even professional hookers would take offence at. I went through some readers’ comments on a few sites and I was so struck by the inequality in apportioning blame; the woman was taking all the flak, lots of it, while there was heavy silence about her partner. It was as though she was all alone in the video.

Kunawsati jach'anchäwtuqit arsusixa, kamach utan juk'amp arsuñaw chachar jan kamsatanakat juchanchatäñapatak utji… ukat warmir jan kamsañax janiw utjkarakiti. Ukjamast kunapachati munasiñax mä ch'axwäjam jalanuqasixa, jumax janiw pä chuymäkasmati. Muniripan luräwinakapat q'al armt'asiwatapxaruxa, warmin sutipax wal ist'atawa.

Akan amuyatax walikjamakiskiwa. Walja urut jichhax Zambia ciberespacio-x arsüwinak uñstäwayi, kawkiriti mä pä jach'a yatiqañ ut Centro de Estudios de Contabilidad-at uñicht'ayi, kunatti apaqatänwa, ukat Intirnitar apkatatarakïnwa. Patakanak jan ukax waranqanak arsüwinakax walïnwa, jumati Intirnitanist ukaxa. Tawaqur uñch'ukiñax may mayänwa. Juparux walja chachanakaw jawsapxäna, yaqhipanakax anisqutamanak kunäpxarakinwa. Atamirtuqin yaqhiph ullart'irinakan arst'äwinakap uñxatäyata, ukat juch jan pachpak uñjapxatapat wali llakitäyata; tawaqux walja k'umisiñ katuqaskäna, ukañkamax waynatx janiw arsupkänti. Wiriyun sapakïkaspas ukjmakïnwa.

Mwilu warminakan yaqha chachanakamp sarnaqkir katjayasirinakat arusipxatapat k'umirakïna:

Sometimes women seem to be the most intolerant of fellow women’s supposed failings. Consider concurrent sexual partnerships and what happens when some married men are discovered by their wives. A married man is discovered to be cheating by the wife, she goes after the woman he is cheating with, roughs her up, calls her all those colourful names and leaves her with a stern warning of what she will do to her if she dares go near her husband again. Then she goes back home, cooks for her husband, cleans up after him, laughs at his dry jokes and just pretty much preoccupies herself indulging her amnesia.

Yaqhippachanakax warminakax yaqhip marminakan jan wali luratanakapat sinti jan munirinakjamaw amuyasi. Chacha warmit amuyam ukat kunati kamachi, kunawsati yaqhip warmin chachanakax warminakapamp jaljtapxi. Mä warmin chachax yaqha warmimp sarnaqkir warmipamp katjayasi, jupax kawkir warmimpiti chachapax sarnaqki, uka qhipat sari, nuwji, waynanakapamp ayxati, ukat jan chachapar wasitat jak'achasiñapatakix jinchunchiwa. Ukjarux jupax utaruw kutt'i, chachapatakiw phayi, jupxaruw jariqasi, jan laruñjam sawkanakapat larusi, ukat jupapachpat llakisi.

Twitter-an, mä tweep, @tatendaprobert, jiskt'asiwa kawkjankis warminakaxa, kunatti tawaqux wiriyun uñstatapat arusisipkakiwa:

@lwangamwiluI surely think it is unfair for society to treat her like that where berate a man's girlfriend when he is caught ceating:

Warminak utjipan janiw jupar jan wal uñjañax kusäkiti: WfC(Las Mujeres por el Cambio, un defensor de género NGO)?

Yaqhip tweep, @missbwalya, warminakan ch'uxñäpxatapat qhananchäna, khithinakati mä waynan muniriparuw tuqipxi, kunawsati jupax yaqha tawaqump sarnaqkir katjatawa:

@lwangamwilu ZCAS story has made it all the way out here too & the response is the same – Woman affixed w/ a scarlet letter.

Akan sarnaqäwix taqikun lurarakïna, ukat jaysäwix pachpakiwa – mayjankat Warmi w/mä qilqt'äwi.

The 1% where the guy is mentioned is largely about how good he was in the video. Says much about much. #ZCAS sex tape

1% kawkjanti wiriyun waynax qawqh sumäns ukatuqit qhananchatawa. Arsuskakpan. # ZCAS “sex tape”

On Facebook, Ajanpankan Richard Banda Lcgi Meiz-ax mä unxtasïwiw qalltäna, amuyatax arknaqatax jupax jilïrinakar mayïw uñstayat tawaq qhispiyañtak sum mistsuñap suyt'äna:

‎”SAVE THE ZCAS LADY CAMPAIGN” – Let's sign a pettition and see how many love justice for the poor lady. If you say “YES” comment on this thread by just one word “YES” and post. Lets save the lady and we will petition the authorities to save the lady.

“ZCAS WARMIN UNXTASÏWIP QHISPIYAM”- Mä mayïw rixintañäni, ukat qawqha yanapt'äwis tawaqutak utj uk uñjam. Iyawst ukaja, akatuqit arst'am ukat uñicht'ayam. Tawaqur qhispiyañäni, ukat jilïr irpirinakaruw jupar qhispiyañtak mayiñäni.

On Tumfweko-x, mä yatiyiriwa, kawkiriti sarnaqäwit yatiyäna, mä nayra sarnaqäwir jaysäw ullaram:

Ba zedi, ubu fontini mwa chilamo [Zambians you are too sleepy]. If youve never filmed yourself with your girlfriend, i guess ure still living in the 20s when a camera was hard to find. That video was not meant to become public, as you can clearly see, it was filmed from a webcam, if you know what that is. Which children are those? I doubt that there are any 7 year olds at ZCAS. Society has always had it bad and good sides, nothing is new. If our parents dint have sex, we wouldnt be here. Infact, back in the days when there was no AIDS, people were much more naughty. Dont make this seem like such a big thing. Dnt blow this out of proportion. They are not “actors” and no money changed hands. The only person who could have made a b(u)ck from that is the guy who stole the video and uploaded it onto the net, which i also highly doubt. Wake up!! …

Ba zedi, ubu fontini mwa chilamo [Zambia-nunaka, sinti ikimayapxtawa] Jumati jan munirimamp philmayaskstaxa, nayax sakirist jumax nayrxamaw jakasktaxa, kunawsati mä kamar jikxatañax ch'amänwa. Uka wiriyux janiw taqir uñichayañtakikänti, kunjamati qhan uñjtaxa, mä webcam-at philmatänwa. Kawkiris uka wawanakaxa. Pächast ZCAS-san paqalq mar utjatapa. Janiw kunas machaqäkiti, jaqix sum jan suma luräwinakanipinïnwa. Tatanakamati jan chikasipkaspän ukaxa, jiwasax janiw akanksnati. Chiqans “SIDA” us jan utjkän ukjaxa, jaqix wali sawkasirïnwa. Jan jach'jam amuyayamti. Janirak inar chhaqtayamti. Jupanakax janiw akturanakäpkiti. Khithiti wiriy lunthatäna, ukat atamirir apkatäna, jupakiw luraspäna, kawkiritti nayax sint pächasta. Sartam.","Mayïr Zambia jach'a yatiqañ utan mä yatiqir tawaqun wiriyupan , (El Centro de Zambia para la Contabilidad de la Universidad (ZCAS), Intirnitan muniripamp munaskiriw uñstawayi, ukat Zambia-nkir Intirnit apnaqirinakar uñicht'ayatänwa, khithinakati (enlace) inlasx khyuyapayasirïnakasaw uñicht'ayawäpxi. Blogana, Ajanpankana, Twitter-an ukat  markan walja aruskipäw uñstäwayi.",aym,globalvoices,Global Voices,fake news,7977b5ce-a9c1-45b6-877b-cac24629b643,article,MassiveSum
https://aym.globalvoices.org/2012/10/4896,,Pusi tuytiruruw jist’antapxatayna · Global Voices Aymarata,,"Bahréin markan Ministerio del Interior ukarjamaxa, “pusi tuytiruw jist'antata medios sociales ukar jan walt'ayatapata”. Ukampirusa, yatiyaw uñt'ayat taypinx [en] laphinakan uñsti: medios sociales ukar jan walt'ayata. Ali Al-Haiki, Abdullah Al-Hashimi, Ali Mohamed ukat Salman Abdullah tuytirunakax paqallqu uruw jist'antat jikxatasipxani yatxatäwinakax suma yatitsiñapkama.

Bahréin markan jilïr irpirinakapax sapxiwa Constitución ukax libertad de expresión jall ukarux arxatiw sasina. Uka pusin jst'antatanakax kunats jist'antatapxi ukxa amuyasipxañapawa.","Bahréin markan Ministerio del Interior ukarjamaxa, “pusi tuytiruw jist'antata medios sociales ukar jan walt'ayatapata”. Ukampirusa, yatiyaw uñt'ayat taypinx [en] laphinakan uñsti: medios sociales ukar jan walt'ayata. Ali Al-Haiki, Abdullah Al-Hashimi, Ali Mohamed ukat Salman Abdullah tuytirunakax paqallqu uruw jist'antat jikxatasipxani yatxatäwinakax suma yatitsiñapkama. Bahréin markan jilïr irpirinakapax sapxiwa Constitución ukax libertad...",aym,globalvoices,Global Voices,fake news,01d0a2c3-293a-478a-a5f8-ee6d3d9d282d,article,MassiveSum
https://aym.globalvoices.org/2011/03/1299,,"Saudita Warminakaxa Warmi Kankañapwa mayipxi, Twitter tuqi.",,"Saudita warminakaxa warmi kankañapwa mayipxi, Twitter tuqi.

Jichhurunakanxa medio oriente ukjamaraki Arabe uraqinxa wali turkakiptawinakankapxiwa, ukatxa warminakaxa janiw kjipaqtän munapkiti. Jichhaxa mä khuskhakiñwa mayipxi aka Twitter, Facebook, foros y blogs tuqi.

Deborah Amos aka Georgia Public Broadcasting tuqix [en], Arabia Saudita Markanxa qhipa yatiyawinakaxa walwa mark apnaqañ amuyunak p’arxtayi:

“Duraa Ali maxtäll tawaqux, 22ni marän yatiyawinakxät yatxatiri, ajanupäx abayampi mä velompi isthapt’atax jiskt’awayiwa aka forunxa akjam sasina, mä warmix Arabia Saudita markänx qalltaspati turkakipañxa? Warminakaxa juk’a kankañanikipxiti, ukjam sasaw jiskt’awayi wali t’axllirt’ataqasinxa.

Ali kullakaxa Bahrein tuqin yatiqt’askanxa kunawsatix ch’axwañanakax qalltki ukapachanxa. Jupaxa uñxasinwa wali musparata, amuyu mayamt’ata markachirinakan mayiwinakapxäta ukjamaraki Sunita familiaru saykatawipxäta wali yaqhachawimpi. “.

Twitter tuqinxa #saudiwomenrevolution [Saudita warminakan mark turkakipawipa] jupanakaxa walja arkirinipxiwa ukjamaraki wali yanapt’ataw sapurunxan warmi kankañ mayiwinakapxarux uñxt’asipxi. Ukaxa, Sudan warminakan amuyunakap nayraqataru sartayawiwa, mark markachirinakan apnaqasxañapataki ukajamaraki chachasa warmisa mä khuskhaki sarantañasataki.

akaxay mä p’akintawi utjkis tuqi #saudiwomenrevolution

Facebook tuqinxa, Saudit warminakan mark turkakipawipa [ar, en] 591ni arkiriniwa ukjamarus jilatataskakiwa. Akanxa jilpächa amtachinunakaxa árabe laxratäwa, yaqhipa arusqipawinaka inklis arutaraki ukajamarus yanapanakaxa janiw musulmananakat utjkiti jan ukasti taqi chiqa markanakatwa utji. Caricatur luratanakaxa saudita warminakaru uñtasitankaxa yaqhipanakaxa wal chuym ch’alltayasirxamawa.

ukjamakipanxa Saudit warminakaru yanapanakaxa uraq pachanwa jilatataski, mark apnaqirinakaxa wali mayamt’atawa jikxatasipxi ulka amuyu utkjatapatxa. James Nixon akaThniq [en] dice:

“wali p’iqini tamachat, jaqi kankañxat irnaqir markat arxatirinakawa 10 urunxa febrero paxsitxa tantacht’asiwayaxatayna, mä tama mark irptiri utt’ayañataki, Saudita markana ukasti satawa, Partido Islámico Umma, jupanakaxa mayiwayapxiwa markanx monarkiax tukusxañapawa, sasina.

taqiniw sarapxi 18 de febrero paxsin katuratanaka [en], Mark apnaqirinakax mayipxiwa markachirinakaru mayiwinakapx jaythappan katuratanak antutnuqxañataki”.

wali ch’amaniwa Sadit warminakatakixa kunalaykutix warminakax tukakipawa mayipxi, kunkjamatix lurawinakax uñjaskixa, Tunez Egipto markanxa janiw markan ch’amapax jaya pachanakatpach jaytawachatakaspati.","Jichhurunakanxa medio oriente ukjamaraki Arabe uraqinxa wali turkakiptawinakankapxiwa, ukatxa warminakaxa janiw kjipaqtän munapkiti. Jichhaxa mä khuskhakiñwa mayipxi aka Twitter, Facebook, foros y blogs tuqi.",aym,globalvoices,Global Voices,fake news,57a934dd-6a38-49ad-855b-abe5055a4c6e,article,MassiveSum
https://aym.globalvoices.org/2009/11/98,,China: ¿Jach’a Yatxatawiti Jan Ukasti Lura Yatiqawicha?,,"Jach’a Utan yatichaw amtawinakapax wali uñakipatataynawa inti jals tuqinsa inti jalant tuqinsa. China tuqinxa taqi jaqipuniwa saraki,yatichawix sayraqatr sartayayiriwa sasina, aka qhipa urunakanxa, jach’a yatiqañ utanakanx yatiqirinakax walpin yapxattawayaraki. Juk’ampirusa, kunjamatix yatitaki tsumani qullqis minust’awayarakiwa walja markanakana aka qallta maratpacha ukjamatwa utjawayi juk’a irnaqawinakaki khitinakatix jach’a yatiqañ utan yatxatatapki jupanakataki, wali suyt’atarakiwa jach’a yatiqañ utanakax amparamp lurañ yatichapxaspan amuyunak, yatxatawinak yatiqkamayaxa. Aka jichha phaxsinwa Departamento de Periodismo Sichuan uka jach’a utanwa mä aruskipawi internet tuqi utjawayatayna, aka jach’a yatiqañ utanx qhipartayawayapxataynawa, mä jach’a yatxataw qillqawi [en]. Ukjamata tukuyirinakaxa amuy qillqanapakxa periódico uksanakan sum uñacht’axapxañapataki.

Departamento de Periodismo ukan irptiripasti akjamrak arsusiwayatayna:

Jach’a yatxataw qillqawisti wali suma amuy jikxatawpunrak munasi mä kunawjataki. Ukjamarus jumax amuyt’amaya: ¿qhanakiskiti mä jach’a yatxataw tukuyirix machaq amuyunispan teorías o historias del periodismo tuqitxa? Phuqachasiñatakixa, yatiqirinakax maysat mayt’asisax uchapxakispawa: aka tuqix jan waliruw yatiqirinakarux irpasktan.

Aka periodismo tuqinxa mä sawkaw utji akjam sata: jach’a utat tukuyirinakaxa tatipxiwa kunaws maransa The Times ukax utt’ayasiwayi; postgradun yatxatirinakasti kuna phaxsinsa; doctoradun yatintirinakasti kuna urunsa. Akjam yatxatawixa uñacht’ayiwa qawqha jayanktantixa chiqpach yatxataw tuqitxa.

Wali ch’axwañrakiw aka amtaw laykux internet tuqin utjawayatayna.

Aka 盛大林 [zh] tax uka jach’a utan tukuyirinakax janiw wakicht’atapkiti uka amuyumpinawa.

Ma jach’a yatxatawix mä jan walt’awit yatxatawiwa. Ukax mä jach’a yatxatawix nayrir jisk’a yatxataw qillqaw sañ muni. Ukjamipansti ¿kuna jach’a yatxatawrak tukuyirist luraspasti?

Tukuyirinakatakixa, nayrir nayrir lurawinakapax yati chiqapar juk’ampi nayraqatar sartayapxañanakapawa. Tukuyatanakax janiw suma yatiñamp phuqachatapkiti jach’a yatiñ nayraqatar sartayañatakix, jisnawa; yatiqaw thaki taypinxa janiw, kunamas yatxatañax uka yatintawix utjkiti. ¿kunamakpunraksti ma yatiqirist jach’a yatiqañst qhanstayxaspasti?

Aka 乐透 [zh] tuqinxa, jupax kawknir jan walt’awitix yatiqirinak tukinx utjki ukaruw nayraqat uñti- suma irnaqäwi- aka jach’a yatiqaw lurañasti chippach jakawitxa wali jayankaskapuniwa.

Pusir marankir yatiqirjamasti, kuntix yatiqirinakax lurapki ukx yatwa. Walja t’aqanakaruw jaljatäspa: khitinakait juk’amp yatxatañar qillqayasipki, khitinakatix guwirnutaki irnaqañ munapki jan ukasti yaqha irnaqawinakataki. Khitinakantix ch’amax utjkix jupanakax kimspach lurapxaspaxa. Maysatsti jan kuna yatisa, taqin yatxatirinakapuniw jach’a yatiqañx qillqapxañanakapaxa. Aka kamachix jaya maranakarakiw utjxatäna, suma lurañakiw jan ujtxiti.

Mä jach’a utan yatirin chanipasti janiw wali suma jach’a yatxataw qillqañankkiti. Jupanakax juk’am yatssusipkañapakiwa, kunawsatix chiqpach sarnaqawinx uñstayapkaspan ukhakama.

Maysatsti, 周育民 [zh] jupax yatiqirinakax uka jach’a qillqawx qillqapxañanakakipuniwa sarakiwa:

Uka jach’a yatxataw yatichawisti mä jupapachp amtawiwa. Yatiqirinakar jan imt’as yatichañawa, jan walt’awinak walir kutikiptayañanakapataki, akasti mä jach’a yatxataw chiqapar qillqañ amuyuwa. Aka yatïwinakampikiwa mä suma yatiw chipxa qatuqarakispaxa. Wali suma jach’a yatxataw qillqañax janiw askipunikiti.

Yatiyawinak pachar puriñkamasti, juk’amp yatiñax nayrar saraskakiwa. Ukjamipanwa jach’a yatiqañ utanakas phuqhantaskaki. Yatiqirinakar wali lup’iña yatichxañasti, ukjamrak kuntix yatiqapki ukarjam yatichañax, jach’a yatiqañ utanakanx jaya jach’a amtawikis ukapuniñapawa.

Tukuyañatakisti, 朱四倍 [zh] jupax kuntix yatiqawimpix luraskaspan ukax janiw walikaspat sawayarakitaynawa.

Janipuniw akch’as jan jach’a yatxataw qillqaw jan jach’a yatiqañ utanakan utjxaspan ukjax walikaspati, ukjamarak yaqhawjanakan utjaskaspan ukjaxa. Akax mä phiskasiwikiwa.

Jach’a Yatiñ utax jach’a yatiñanak uñakipañ yatintañatakiwa, uka wali suma manq’ataksnasa ajaytuqinxa ukjamarak lup’iñ tuqinsa.

Nayatakija, akax janiw sayt’ayañxamakit sañax, kuntix jach’a yatiqañ utax , yatiqirinakas ukjamarak markas lurki uk uñacht’ayi.","Jach’a Utan yatichaw amtawinakapax wali uñakipatataynawa inti jals tuqinsa inti jalant tuqinsa. China tuqinxa taqi jaqipuniwa saraki,yatichawix sayraqatr sartayayiriwa sasina, aka qhipa urunakanxa, jach’a yatiqañ utanakanx yatiqirinakax walpin yapxattawayaraki",aym,globalvoices,Global Voices,fake news,3a285b04-3630-47fc-a882-450c42b15c1f,article,MassiveSum
https://aym.globalvoices.org/2020/10/9228,,¡Internet llikan jark’aqasit thaqhañäni!,,"Yatiyäwinaka, juk’amp yatiyäwinaka, Internetan kawkja chiqansay thaqhañäni, sapa limt'atat yatiyäwis uñartaytana kawkïrinakti jach'a kurpurasyunanakaw wal munapxi.

Aka yatiyäwinakax llikan khitïtans uk qhananchi ukat thaqtan uka chiqanakan mä llikar takt'atjam jaytanxa, ukjamïpanx ukwa juk'amp jark’aqapxañasa. Sañäni, mä phurmularyur yurïw uruma, utjäwima, marama, chachätat warmïtacha, kawkïr markankirïtasa, jamuqasa ukat juk’ampinak phuqhantañ mayktam ukja.

Llikan khitïtans uka may may jark'aqasiñ saranak taypinx may may jan uñt'ayiri ukat jark'at iramintanak llikan apnaqapxsna. Sañäni, aruskipañ llikanakanx yaqha sutinaka, chimpur aplikasyunanaka, yatiyanakar jark’antirinaka, VPN uksanam thaqhaña ukat chimput imaylunakamp apayanakamp apnaqapxsna.

Khithïtans uk jark’aqañ munstanxa, amuyañasarakiwa, masinakasamp aruskipktan jupanakar wakisiw jark’aqañaxa; purapat yatiyäw churasktan uka pachpa, sitïx aktiwista ukjamästan ukjax juk’amp jark’aqasiñasawa, niyas uma ukat ch’umi uraqi jark’aqksna ukjama. Ukatakix jan amuykay chimpunak uñartayasaw qalltasma, yaqhanakans jan amuykaya, iliktrunik yatiyasiñtuqinakamanx pä chillqtan awtintikasyun naktayañama, iliktrunik tispusitiwunakamanx apnaqkta uka apayanakx qalltat tukuykamaw chimpuñama, software VPN ukampipuni ukatx SSL sirtiphikarunakamp sirtiphikata uka jark'aqat chiqanakan thaqhañama. Aka jasa iwxt’anakampiw irnaqkta uka yatiyäwim jark’aqasma ukat jan khitins mantkay lurtaxa ukat jan mantañapaki jupanakarus jark’antaraktawa.

Imaylutuq yatiyasiñx marka irpirinakaw jilpach apnaqapxi, irnaqäwisana, sapür yatiyäwinakasana. Ukatpï, jaqinakar uñt’ayiri aktiwistästa ukax kunakiti yaqha imaylu inak apnaqañxat yatiñamax wakiskiriwa. Imatanakam jan amuykayañapatakixa, atamirimans jan ukax jawsañamans Veracrypt apnaqasma, kawknïriti tukumint karpitanaka, imatanaka, USB mimuryama, jan ukax imañawjpach jasak chimpuytama. Yaqhax mayx jan uñt’at waythapirinakarux janiw limt’añäkiti, phishing ukat qhisphiyasiñatakix janiw jan uñt’at laq’un imatanakax apaqañäkiti; imaylunakana jan ukax apayanakan purinispa; akanx khitinakampitix uñt’asktan jupanakat apayanitäspawa.

Anchapun yatiyäwim taqir uñacht’aykta ukhax wali asxarañjamawa, juk’ampis llika uksanx warminakaruw yanqhachapxi.

Atamirin akjam asxarayañanakat laq’unakat jark’aqasiñatakixa, inak laq’ut jark’ir uchasma ukampins janipuniw sapakut jichhaptayañ armasïtati. Mä atamirti apnaqkstaxa, inak chimpun sistima upiratiwunaka, Ubuntu jan ukax Opensuse ukaruw sarasma, uraqpachan ina software tamankirinakax uñakipasipki ukat jichhaptayasipkapuniwa, software ukan lisinsyapax ukatakjamätapata. Niyakixay llikankir yatiyäwis wakiskir jark’aqasiñanakatx arsuskstanxa, jark’aqas waruqtä ukhax (Backup) ukamp yanapayañax wakiskirirakiwa. Akax qawqha yatiyäwxay apnaqsta ukarjamarakiwa, machaqäpasaya, jasakïpasaya, jan armasis may may chiqanakar imañax wakiskiriwa, sañäni mä USB, anqa imaña jan ukax wali uñt'at qinaya uksarusa.

Ukampirusa, llikankir yatiyäwis jark'aqañax janiw iliktrunik tispusitiwunakasan juk'amp jark'aqir iramintanak apnaqañatjampunïkiti. Akjamanakats jark'aqasikiraksnawa, jawsañasana jan ukax atamirisan luratanak utjkis ukx janiw jan uñt'atampix uñjayañati, janiw pachpa jichha yatiyäwin tispusitiwunakax juntuk apañati, lusa qhana utjki uka uñjat chiqanamaw sarnaqaña ukat nuwt'asiñ yatiñas askikiskiwa.

Tantacht’asisaw jark’aqasiña, yatiyäw tuwaqaña ukat aruskipäwinakas chimpuñxat yatipxañasa, llika jark'aqäwi ukxat yanapt’asïwjamäspawa. Kunayman utjir iramintanak uñt’xasinx kawkïriti jasak apnaqañjamäki ukwa ajllisma.","Llikan khitïtans ukxat  jark'aqasiñatakix may may jan uñt'ayir jark'at iramintanaka, aruskipañ llikanakanx yaqha sutinaka, chimpur aplikasyuna, yatiyanakar jark’antiri, VPN uksanam thaqhañ chimput imaylunakamp apnaqapxsna.",aym,globalvoices,Global Voices,fake news,1dd1aaa9-6f60-40fe-b379-16a6f4771a56,article,MassiveSum
https://aym.globalvoices.org/2010/08/422,,Campeonato Mundial de Futbol mä Wawak Uñtasa: Uruguayamp Franciampi,,"Copa Mundial Futbulaxa, uraqpachan jach’a anatawimp sasirakispawa, Continente africanxa, nayrïr kutiw apasi. Global Voicesax uraqpachat markachirinakan arunakap arsusaw uñacht’ayi.

Mä ch’amt’awiw aka aruskipaw jilatatayañaxa, anatawinak thakhinkipanx aruskipawix inas yant’atachisp sasaw lup’ipxta. Uruguayan Franciampin jikisiwipampiw qalltañäni, 11 uru mara t’aqa phaxsin Sud africanx 20:30 urasaru, Nueva York ukanx 14:30 urasarurakiwa, Buenos Airesanx 15:30 urasaruraki, Beirutansti 21:30 urasarurakiw torneo inaguracionax qalltani.

Mä clik uka churasma aka FIFA jikthaptaw chimpuru localpacha uñjañataki.

Uruguayax Francia eliminacionar yanapt’ki ukhatpachx wali uñt’atapxiwa, ukatsti jupax campeón ukhamarakiwa, mundial 2002 maran anat’asinxa.

20:30 pacharuw janïr anatw qalltkipan wayratuqir mistuwimp chikañchasipxaxa, ukan chikañcht’asiñamatakiw jawillt’apxsma. Jiwasanakmpiniwa, Uruguay Francia markankir chikañcht’asirinaka, ukampirus africana, sudafricananakas chikancht’asipxarakiniwa. May may bloggers sata, Globalvoicesan atamirinak kunaw torneox wayratuqi uñjapxani. Chikañt’asipxama.","Copa Mundial Futbulaxa, uraqpachan jach’a anatawimp sasirakispawa, Continente africanxa, nayrïr kutiw apasi. Global Voicesax uraqpachat markachirinakan arunakap arsusaw uñacht’ayi. Mä ch’amt’awiw aka aruskipaw jilatatayañaxa, anatawinak thakhinkipanx aruskipawix inas yant’atachisp sasaw lup’ipxta. Uruguayan Franciampin jikisiwipampiw qalltañäni, 11 uru mara t’aqa phaxsin Sud africanx 20:30 urasaru, Nueva York ukanx 14:30 urasarurakiwa, Buenos...",aym,globalvoices,Global Voices,fake news,39e4a72a-0278-4832-927a-d304a6c05a12,article,MassiveSum
https://aym.globalvoices.org/2011/03/1350,,Japan: Uraq Khatat Video Waruqatanaka,,"Akatuqisti suma yatiyawinakarakiw puriniwayi kunjamtix Japonan uraq khatatix utjawayki, aka 2011ni maranxa, uka tuqita.

Chiqpachansa, wali qamasatakiwa maynix Video Camara waruqañ apt'atañaxa, kunawsatix juma jak'an uraqix khatatiski ukapachax nämakisa. Aliq sarnaqaskir jaqinakaw khaysa viernes 11an uru marzo phaxsit saraqatanx videonak waruqawayapxatayna. Ukjamarus khaysa Youtube tuqinrak juk'ampis uñacht'ayawayapxatayna. Aka tuqinx mä juk'anak apthapt'atakiwa.

Aljirinakax khaysa jach'a aljañ utanakanx amparanakapampiw kuna aljañ uchañanakx katthapiwayapxatayna, kunawsati uraqix khatatkatayna ukapachaxa, ukjamatwa mä minuto ukjamaw khatititayna.

Akansti uñstiwa kunamsa mä utax khatatiski, ukjmarak kunamsa jaqinakas aliq jank'akipuni sarantasipki uka tuqita.

Aka jila kullakanakaxa tsunami sat jithikis ukwa Iiowa- Chiba prefecturatpach uñch'ukisipki.

Aka jamuqatansti khaysa 11an uru marzo phaxsit saraqatanwa, trena chhitachhitanak saykis ukatuqinxa jan utar purxañ attxasinxa sayart'asipki.

Uraq kahtat mäkiptkipansti, mä tataw taqi jan walt'awinak uñakipatayna aka Iowa-Chiba tuqina, ukat jupasti akjamrak satayna:”umas marka pat lluñchukiptkaspax, ukjamawa”, sasina.

Juk'amp yatiyawinaka Japonan uraq khatatïwipa tuqina.

Tomomi Sasakin jaqukipawipawa khaysa Japon tuqitpacha.","Akansti kunamas uraqix unxtawayatayna Video-Waraqatanakwa uñjata. Akasti khaysa viernes 11an uru marzo phaxsitarakiwa. Ukjamarus kunamtix q'ala Japon markarux tukjawaykatayna, uka tuqitawa. Aka video waruqatanakasti alik jaqin waruqatataynawa.",aym,globalvoices,Global Voices,fake news,1cee7d29-fbb8-425c-94c2-9b36c916789a,article,MassiveSum
https://aym.globalvoices.org/2011/03/1121,,Gaddafi: Jiwayañampiw Axsaräyi,,"Akasti Libia Markan sartasiwinakapat yatiyawinaka, 2011n tuqit qillqaniwipawa.

Muammar Al Gaddafi uka dictador jaqixa, martis uruxa telivision estatal tuqiw markachirinakaru arsutayna, ukanxa kulirat kankañap uñicht’ayasitayna, ukjamarak khitinakatix mark apnaqirinakaru saykatapki ukanakar axsarayasina. Akjam sasina: Libia markaxa tukusiniwa kunjamtix Afganistán, Iraq o Somalia markanakax tukuski ukjama. Ukatxa sarakitaynawa: arumanthix thaqhir mistsupxam, mark yanqhachirinak (terrorista) tuqi, ukatxa irpkatapxam aka fuerzas de seguridad tuqinkirinakaru “jiwayañataki”, ukjamat juch uñt’ayañataki. Ukampirus sarakitaynawa: nayax Libia markatx juch jikiskakiwa “qhipha wil ch’aqaqayañkama” ukjam sasina. Ukatxa kunakasta lurawinakasa utjpan aka mark apnaqirinak tuqxa, jiwayataniwa. Juk'ampis arsuskakitaynawa, taqi khitinakatix anqax marka mayacht’atanakampi irnaqapkani, mark apnaqirinak tuqi jan wali lurapkani, yanqhachapkani ukanakax, jiwayatapxaniwa sasina. Aka arsuwixa wali jan amuyu jaqina arsupawa. Libia markachirinakampi uraq pachana twiter tuqinkirinakampi taqi akanakx arkapxatayna. Gadaffi jaqixa mä jan wali jaqxamawa sarti kunapachatixa Libia markaxa jan walina uñjaski ukjamaraki waljani markachirinaka jiwarkipana.

Gadaffi jaqixa mä yanqhachäwi kjitinakatix mark apnaqirinak tuqi arsupki ukanakarux uñicht’ayawayatayna. Ukatxa yaqha lurawinaka paskanxa Libya markanxa ukanakampit arsuwayatayna. Kunawsatixa yaqha mark apnaqirinakaxa jiwayapkataynawa taqi kjitinakatix mark apnaqirirnakaru saykatapkanxa jupanakaru. Ukatxa “mayacht’awix China Markanxa wali kjusanwa, taqi kjitinakatix plaza Tianamen tuqin jikxatasipkanxa ukanakatakixa”. Ukjamakasinxa sarakinwa, arumanthix waynanakaxa tamacht’asipxan turkakiptawi arxatañataki, jupanakpachaxaya qalltapxstaxa, sasaw arst'asiwaykakitayna.

Janira arskipanxa, yaqhipa twiter apnaqirinakaxa aruskipt’apxanwa maysaru uñtayasinakunawsatix jan ratuki arsunki ukata.

@acarvin: Gaddafi: mark apnakaña turkakipañataki, jan yanqhachatañataki sayt'asipxama, sasina.

@acarvin: Gaddafi: wayna jilatanakaruwa janchi masipanakata jithiqayasina yaqha amuyumpi p’iqiru uskuntasina apamuchutayna. Kjitinakatix ch’amanchapki jupanakaxa nuwjasaw juchapa uñicht’ayapxatayna.

@rania_hafez: Gaddafi: kjitinakatix Libia marka apnaqirinakaru ukjamaraki armanaka aptirinakaru markachirinak tuqxa, jupanakaxa juchapxa mutuyatañapawa jiwayawimpi, ukjam siwa Libia markan kamachipanxa.

@draddee: Gaddafi: markachirinaka tamacht’añataki ukjamata jupanakax arxatapxañapataki, aski sarnaqawinaka Libia markachirinakaxa uk mayiwayatayna

@habibh: #Gaddafix jiwayawimpiw markpacharu aka telivision tuqi axsarayiwa…

@kimo79: Sum lurkipanxa #Gadaffi jaqixa aka jan wali arsuwimpixa, juk’am mark turkakipañ sartawix nayraqataru sarantañatakiw ch'amañchi, sasaw sawayapxatayna #libya markana.

@themoornextdoor: ullarasktawa mä panka: janiw kuna qillqatasa utjkiti uka jakjuwinxa utjkarakisa, kuntix jupapacha parlki ukakiw inäski

@EDSETIADI:uka luqhix ch’uxña pankapa ullaraña qalltaski. Ukaxa janiw kunatakikisa. http://twitpic.com/42m3bt

@timrylands: Gadaffi jaqixa jichhaxa mä jan amuyuni artista yatichirixaruw amtayitu. Kunawsatix jupax libretajaru calificacion churañapakana ukjapacharu #libia markana http://yfrog.com/h6vdwp

@acarvin: Gaddafi: janiw nayarus, Libia markarus munapkituti. Mä yanqhachawiwa. Kjititixa armanaka aptkani ukaxa jiwayawimpi juchapa mutuyataniwa.

@Ssirgany: turkakipasiwa nayra kjisphillupa chhujña panka ullarañataki.

@iandstone: Gaddafi despotrikaskiwa. ¿Kawkhankis pä kayun achakunakaxa? ¿Pallapallanakaru pä kayun achakukaspasa ukjama saykatasina?

@tololy: Jichhaxa Gaddafi: “ch'amanakasa aptañani ukjaxa, aptañaniwa kunakitixa uraq pachana kamachinakax utji ukarjama”

@Raafatology: #Gaddafi siwa “Gaddafixa gloriawa” janiw kuna chillpaktsa, ukjamatwa. #Libya markana

@rania_hafez: Gaddafi mayiwa markachirinakaruxa marka thakhinakaru mistsupxañapataki, ukata markaru arxatapxañapataki yanqha qullanak tuqi!! (jaqipachpa armanakamp ch'axwañapataki) #libya markana

@acarvin: Gadaffi: jani apnaqañaniti pallapallanaka markachirinakatakixa, jan ukasti kunawsatix munaski ukja apnaqapxañani. Ukjam siwa uraq pach kamachinakaxa.

@avinunu: Gaddafi: “Taqpacha ayllunkirinaka ukjamaraki markankirirnakaxa Muammar Gaddafiru munapki mistsupxaniwa marka thakhinakaru

@acarvin: Gaddafi, ampara aytkasaxa:kjitinakatix fusilanaka apapkana, ukanakarux ch’iyar k’añaskun ventanaparuw churt'apxi.

@acarvin: Gaddafi: Jumanakatawa aka Comité mayacht’awinakaxa. Libio markarux mayitawa municipionak utt’ayañapataki.

@nour_odeh: #Gaddafi: uraqpachankirinkaxa larusipxiwa (thuruñchasirinakatxa) jaqinakaxa machaqa municipionaka uñstayapxañanakapa. Ukjamwa sawayi Saif jaqixa. #Libyamarkana

@ChangeInLibya: yanqhachiwa kjitinakatix juparu “ yanapapki jupanakarusa”, “aka ch’uxña plazanaen”…ukatxa kunxamakantixa pätunka kjipaxa maranxa imata waraqatanakaxa yaticht’asipkaraki:)

@acarvin: Gaddafi: mark apnaqañ nuwasiwix tukutaxiwa.

@acarvin: Gaddafi: Libia markaxa qullañ utanakana, oficinanakana, uywa uywañanakana, ukanakankañ muni.

@nour_odeh: #Gaddafi:1977 maranxa markaruwa churtan apnaqañapataki. Janiwa kuna kun lurañsa yatktanti janiw kuna ch'amaniktansa, Libia markatakwa nuwasisktan. #Libya

@Dima_Khatib: Gaddafi: yaqhip waynanakaxa lurañ munapxanxa kunjamtix Tunez, Egipto markanxa lurapxana uka pachpa #libya #feb17

@avinunu: Gaddafixa janiw nayax ch’amanikti mark apnaqañataki, 1977n maranwa Libia markaru churata, marka pachpa apnakasxañapataki.

@draddee: Gaddafi: jiwasawa nuwastan EE.UU. markampi ukjamaraki Reino Unido tuqimpisa uraqisxana ¿kawkhankapxayatasa? #Libya

@acarvin: Gaddafi: qullañ utanxa, janiw kjitis suti turkakipañxa amuykanti. ¿Jaqi jiwayanaka kawkhankapjayatasa? ¿kjitis ukjamanak luraña amuyi?

@avinunu: Gaddafi sarakiwa kjitinakatix jiwarkana ukanakaxa pallapallanakawa sasina.

@TravellerW: ¿dictador jaqinakaxa janiw ankaxa markanakaru juch jaquñxa qarxasipkiti? #libya #gaddafi

@JNovak_Yemen: #jan amuyuni jaqixa Libia markanxa mayiwa markachirinakaru marka thakhinakaru mistsupxañapataki jiwaspacha nuwasirasiñasataki #AliSeh jupan arkirinakapampi#Yemen

@Ssirgany:phusilanakampi jiwaskama nuwasiñasa mayiski, ukjamwa arkirinakaparux mayi marka thakhinakaru mistsuñanakapatakixa. #gaddafi #libya

@evanchill: Libia marka telivisiona tuqinxa jichhakiwa Gadaffi jaqiru arkirinakapax uñsti, uñicht’ayapxiwa jan kuns sum yatisisina.

@sate3: http://twitpic.com/42lt4u – chiqpachansa mä wali ch’amani arsuwiwa, ukanxa jan amuyuni jan ch’amani jach'ajach'a kulir arupa uñicht’ayasa. #Feb17 #Libya

@artate: Gadaffin qhisphillu nayrapampixa janiw kjitiruas uñjkasmati, ¿chiqpachapuni? … http://tinyurl.com/6632g87 #libya #crazytalk

@ChangeInLibya: nayax janiw kuns amuykti. Yanqhachiwa jiwasana achachilanakasaru amerikanunakaru jan saykatapkatayna ukata. ¿jiwasax janiw Egipto, Túnez markaktanti? #feb17

@blakehounshell: Ch’usa ch'amaniwa amerikanunak tuqi arusitapaxa ist’asi #Qaddafi

@sate3: adaffi anqaxa edificiota kuntix arski ukaxa uñxasispawa #Feb17 http://twitpic.com/42lwil

@alexlobov: ¿utjaspati mayni aka t’aqhisiñata irpsurixa?

@ceoDanya: #Gadafixa ma luqhi jaqiwa.

@Cyrenaican: janiw axsarapksmati, janiw kunawsas arkirimapkati.

@ceoDanya: amuyasipKtati kuntix arskta ukja, jan ukasti kuntix markax arski ukxa! ¡yanapa munapta! ¡¡luqhiwa!!

@lisang: nayax amuytwa pachpa amuyunakwa aka diktador jaqinakaxa apnaqapxi. Anqajankiri yatiyawi apnaqirinaxa jan walinakawa, yaqha markanakana amuyunakapaxa janiw walikiti, nayax wil wartiristwa markaxatxamaxa.

@tomgara: uñtanipxam amerikan jaqinaka, wasitat lurapxam aka edificio usuchjata uta, kunawsatix bombartiapkta ukjatpacha. Janit chanipaxa tukuyañataki wali qullqikani? Walispawa chiqa uñicht’ayañaxa.

@algergawi: Gaddafi árabe arsuwxa qillqt’apxañapaspawa pachpa árabe arutpacha.

@Mustafa_Qadri: “janiw chiqakiti, Michael Jackson jupaw lunthatitu unifurme isix ukaja”, siwa Gaddafi, jaqixa: mä wantisa apasiñaxa nayan amuyuxankiwa

@bongkersz: nayax jiskt’asktwa janit Hitler jaqix kuliraskani Youtube tuqixa kunalaykutixa #Gaddafi jaqixa juk’ampi luqhiwa.

@TravellerW: dictador jaqinakan arsuwinakapaxa janis kunakaspaxa, janis yatiyawinaksa wawanaka waynanakax uñxapkaspa ukjamwa amuyapxi, ukjamata jan uñisisirinispa ukata tuwaqasiñataqi. #libya

@AfriNomad: ¿Akja mä arsuwjama jakt'am #2 or #3? Akax jutiti uka pä kayun lunthatanakaxa ukjamaraki jan uñjat uñjirinakaxa? #Libya #Feb17

@lioncub4justice: Qhipiri pacha: #Gaddafi luqhiwa #Libya

@warrenellis: Gadaffina arsutapaxa akch’arukiw tuku, “uraqpach jaqinakawa ñanqha qullan tukjataw, sas saniwayapxi. Ukampirus, nayax Batmanatwa.”

@thelieisacake: #Gaddafi jiwasatikixa mä yant’aniwa,#libya","Muammar Al Gaddafi uka dictador jaqixa, martis uruxa telivision estatal tuqiw markachirinakaru arsutayna, ukanxa  kulirat kankañap uñicht’ayasitayna, ukjamarak  khitinakatix mark apnaqirinakaru saykatapki ukanakar axsarayasina. Akjam sasina: Libia markaxa tukusiniwa kunjamtix Afganistán, Iraq o Somalia markanakax tukuski ukjama.  Ukatxa sarakitaynawa: arumanthix   thaqhir mistsupxam, mark yanqhachirinak (terrorista) tuqi,  ukatxa irpkatapxam aka fuerzas de seguridad tuqinkirinakaru  “jiwayañataki”, ukjamat juch uñt’ayañataki.",aym,globalvoices,Global Voices,fake news,f03f4c18-b1fb-48eb-b4ef-ce9d1880a169,article,MassiveSum
https://aym.globalvoices.org/2012/06/4302,,Jan juicion jist’antatanakar antutapxañapatak qhurut arsusiwinaka · Global Voices Aymarata,,"Arabia Sauditanx waranq jaqi jist’antatanakaw utji. Waljanirux janiw juicio lurapxkiti. Jilpachax kunats jist’antatap yatipxkiti. Aka qhipa phaxsinakan jist’antatanakan wila masinakapax redes socialestuqit chaskiw yatiyañatak irnaqasipki. Jupanakax uka jan walt’aw uñjasax anqar mistupxi.@e3teqal,Twiteran mä cuentapa, pallapallar jan jalkatañatak janir ch’axwaw qalltkix ukjaw yatiyapxi.

Ch’axwaw nayrïr urunakana, redes sociales ukan mä campañapan simbolizapxatayna, kipkakiw Arabia Saudita jist’antatanakar cuentar uñacht’apxatayna:

Aka jamuqax qhurut arsusiwit apsutawa, ukat @e3teqal ukan uñacht'ayasi:

Sign reads: Haila Al-Qasir was sentenced to 15 years in jail for calling for justice, is that fair? We stand in solidarity with our brothers in Riyadh; we could not come because our male guardians are in jail.

Qhurut arsusiwitx mä qawqha videonakakiw YouTube uksan uñjasi islamicps07 jupan apakatata. Ukharux payampiw uñjasi:

Uka jan walt'winakat yatiyäwinakax jaypach makiptxatatw internet uksan uñjasiskäna.

:Akanx ullarasirakispawa Saudi Arabia: “Release Our Detainees or Put Them on Trial!”",Arabia Sauditanx waranq jaqi jist’antatanakaw utji. Waljanirux janiw juicio lurapkiti. Jilpachax janiw kunats jist’antatap yatipkiti. Aka qhipa phaxsinakan jist’antatanakan wila masinakapax redes socialestuqit   yatiyañatak irnaqasipki. Jupanakax uka jan walt’aw uñjasax anqaruw  mistupxi.,aym,globalvoices,Global Voices,fake news,82cfa1cd-bbae-45e2-b289-d491eeff5999,article,MassiveSum
https://aym.globalvoices.org/2014/02/6374,,Tokio ukat Berlín cultura creativa ukxat arusipxi · Global Voices Aymarata,,"Tokio Berlin markanakax pä tunka mara mä jiljam jakasitanakatapat phuqhawayapxi, ukarux representantes de Industria Creativa Marc Wohlrabe, Presidente de la Comisión del Club de Berlín, ukat Takahiro Saito tatanakaw chikacht’asiwayapxaraki. jichha Pä waranq tunka pusin marat mä uru marzo phaxsit saraqkipan aka machaq sarantawinaka, socioeconómico arsuwinakax paypach marcatak wali askipunispawa:

Luego de la caída del Muro de Berlín, los extremos cambios sociales, culturales y económicos transformaron la ciudad en un patio de juegos singular. Hoy, 25 años después, atrae a creativos, empresas tecnológicas, empresarios sociales e inversionistas de todo el mundo.

Berlín reconoció sus subculturas creativas como parte de su identidad e historia, que ahora actúan como impulsadores clave para el turismo y la economía. Esto transformó a Berlín en una ciudad única, exitosa, demostró como el apoyo a la creatividad puede crecer hasta ser factores económicos y sociales clave que avivan la innovación y el crecimiento.

Este cambio dramático y positivo que atravesó Berlín nos lleva a la pregunta: ¿qué rol puede tener la cultura creativa de Tokio en poner las bases para la próxima fase de la ciudad? ¿Cómo podemos pintar un futuro más brillante alineando el potencial creativo de estas dos ciudades?

Berlin pirqa jalaqtätat, markachirinakaparu, sarantawinakaparu ukar qullqinakapar mayt’atapat markar mä anatañ canchar uñtatakaspas ukjam uñjasiwayi. Ukat akarux pä tunka phisqa maraw saraqawayxi, ukat jichhasti machaqat saraw sarantayirinakaru, empresas tecnológicas, empresarios sociales e inversionistas aka taqpacha mundunkirinakaru jawsaski. Berlin markax sarantawinakapan sarantawinakaparuw jupanaka sarawipanakjama iyawsawayi, jichhax jupanakax nayrar turismo y economia uka sarantayañatak walpun irnaqasipki. Ukat ukax mä sapa Berlin markaru tukuyawayi, ukjamarus kunamsa factores económicos y sociales ukar sarantaspa ukwa uñacht’awayi. berlin markax apistuwa mä jiskt’awiru aKa llakiskayaña mayt’atapata: Kunamsa uñacht’aysna mä suma p’iqinchir irptirjama aka pä markaru.","Tokio Berlin markanakax pä tunka mara mä jiljam jakasitanakatapat phuqhawayapxi, ukarux representantes de Industria Creativa Marc Wohlrabe, Presidente de la Comisión del Club de Berlín, ukat Takahiro Saito tatanakaw chikacht’asiwayapxaraki. jichha Pä waranq tunka pusin marat mä uru marzo phaxsit saraqkipan aka machaq sarantawinaka, socioeconómico arsuwinakax paypach marcatak wali askipunispawa:...",aym,globalvoices,Global Voices,fake news,be1cbe12-ea56-4e33-a692-afa0455313ea,article,MassiveSum
https://aym.globalvoices.org/2014/08/6776,,Siria markatakix yatichäwix “turkakipawiwa”,,"Las niñas juegan en uno de los proyectos de Kesh Malek en Alepo, Siria. Fuente: sitio web de Kesh Malek

Aka qillqatax SyriaUntold. ukan uñt'ayatawa

Chance4Change ukax juvenil civil Kesh Malek taman qalltatawa, ukan amtawiapax 15 yatiqañ utan aski yatichaw utjapan uk utjayañatakiwa.

“Walja tamanakaw markar uñch'ukiñamp yant'apxäna, yatiqañ utanx kunjamas plan de estudios ukas apnaqasiski ukanakw uñjañampi. Marcel Shehwaro a SyriaUntold qillqirix qhanacht'iwa “Ukatwa wali askix uka tamanakar ch'amancht'añaxa, jupanakax sistema educativo independiente ukax sum irpxarutañpw thapxi sasin arst'i”

Mayni fundador ukax arst'iwa, kawkhanti irnaqyat ukanx yatiqañ utanakax janiw extremistas ukan amparanakapar purkiti sasina. Uka jan walt'awirux chhaqtayapxtwa, ukan mä razon ukax campañas ukanakampiw sarantapxta, jak'at uñch'ukiñataki.

Yatichawimp yanapt'kasax uka proyectox wawanakatak asistencia sanitaria ukx churarakiniwa, psicológicos uka jan walt'awir uñjasa, ukjama sasaw Kesh Malek ukax arst'awayi

Los niños en el proyecto de Kesh Malek en Alepo, Siria. Fuente: sitio web de Kesh Malek.

Janiw nayrir qalltawikiti, yatichaw jan yanqhachaw utjki ukanakatakiw aka campaña ukaxa. Chance4Change, Kesh Malek, jupax jawillt'iwa kawkir tamanakati akan chikancht'asiñ munapki ukanakaru, wawanakar yanapt'axpañapataki.

Amtastati kunjams chika urux manq'asitiri, kunawsati masinakamx wali alwat purinipxiri qunuñ katuñataki, kunapachati manq'a phayir mamax wali phiñasit manq’ liwaririkan ukx amtastati?

Recolector de la máquina expendedora ukax kunjams phiñasiri ukx amtastati? nayrir partido de fútbol ukar amtiriktan ukax amtastati? Uka aski amtanakax askiwa, siria markan kuna yanakati chhaqtayatakan ukanakataki. Jupanakax mä p'iya manqharuw yatiqri sarapxi, ataques aereos ukanakr wali asxart'asa. Yatichirinakankiw uka aski yaticht'añaxa. ONG ukankiw yatiqañ utanakar uñjañaxa. Chachanakan warminakankiw nayrar irpxaruñaxa. Juman yanapt'awimampix mä 10 dolares ukjampix yanapt'asmaw yatichirir payllañatki, yatiqirnakatk cuadernos alañanakataki. Juman yanapt'awimax wali askispaw yatiqirinakan jutir urunakan jakawinakap turkañatakixa.

Visite campaña ukankir sitio web ukatx evento en Facebookyanapt'awimp yanapt'aña.","Chance4Change 15 yatiqañ utaruw yanapt'añ amti, plan de studios ukamp askink nayaraqatar sarantapxañapataki.",aym,globalvoices,Global Voices,fake news,037dc529-c771-441c-bd4b-355c9fed03f2,article,MassiveSum
https://aym.globalvoices.org/2012/10/4923,,Martinelli Jilïr irpirix markarux kamchi (Ley) 72 uka t’unjañ amatwa yatiyi · Global Voices Aymarata,,"Ricardo Martinelli panameño jilïr irpirix jan walt’äwiruw jist’antañ muni, niyaki Colon ukan Ley 72 uka kamachir janiw sasin walja jan walt’äwinak utxipanxa mä ch’ujtäw thaqhi. Uka kamachix zona libre uñt’atäk uksan uraqinakax utjik uka alajañaruw iyawsana.

Conferencia de prensax cadena nacional ukanw willküru 28 uru taypi sata phaxsin markachirir uñt’ayasina tuits.

Telemetro ukax juk’a arunakanw jilïr irpirin arunakap yatiyi:

“Tengo el corazón triste, por las vidas perdidas, los heridos, y los bienes saqueados, triste porque en vez de avanzar retrocedimos” fueron parte de las palabras del mandatario quien expresó que se derogó una Ley cuya explicación no llegó a todos. Recalcó que“la violencia nunca debe ser la vía para resolver nuestras diferencia, por el bien del país y de los panameños, estas confrontaciones no se pueden

“Chuymajax llakitawa, jiwatanak utjatapata, usuchjatanaka ukat yänak apsurasipxatapata llakiwa narar sartkpachax qhparukiw kutxtana “ ukax jilïr irpirin arunakapawa, uka Kamachix t’unjasitaxiwa sasinw yatiyi, ukampirus janiw taqinir yatiyäwix purkiti. ” ukac h’axwawix janiw jan walt’aw askichañatakikiti. Markatak askix aka jan walt’äwinakax janiw askikiti.

Jilïr irpirin yatiyañapkamaxa, redes sociales ukanx yaqhip panameñunakax Jilïr irpirin sarxañapw mayipxäna, waljaninakaw jan p’amp’acht’aw mayt’asitapat sawkasipxäna.

Joe (@hilmerj28), ukatakix jilïr irpirix opositoranakapatakikiw mä uñacht’aw churi:

@hilmerj28: “@gonzalezbmariac: Buen mensaje @rmartinelli demostro mensaje conciliador Panama y los colonenses!” triste los lagartos opositores no crees?

@hilmerj28: “@gonzalezbmariac: Aski yatiyäwi @rmartinelli Panama ukat colonenses ukatak aski!” llakitaw opositoranakaxa, janit chiqaw sista?

Ukampirus Zeus Delgarte (@ZeusDelgarte) jupatakix ancha juk’a arukinwa:

@ZeusDelgarte: Mejor hubiera hecho twettcam RENUNCIA MARTINELLI MENTIROSO

@ZeusDelgarte: Sumwa luaraspanxa twettcam RENUNCIA MARTINELLI MENTIROSO.

Luis Castillo (@Luis03Castillo) ukatakix yatiyäwix nayra iripirinakan amuyunakap kipkakiwa:

@Luis03Castillo: El discurso d @rmartinelli fue el mismo q uso tras de la crisis de bocas y los gnobes. Lo dije en la mañana culparan a todos, menos a ellos.

@Luis03Castillo: @rmartinelli ukan yatiyäwipax pachpakaiwa.

Ministro de la presidencia Roberto Henriquez (@RCHENRIQUEZ) ukax art’äwinx mankäwi uñji:

@RCHENRIQUEZ: Ley 72 derogada.Discurso sincero y conciliador del Pres. Martinelli. Ahora vamos a organizar el dialogo con las fuerzas vivas de Colón.

@RCHENRIQUEZ: Ley 72 kamachi t’unjataxa. Sumankaw yatiyäw Martinelli jilïr irpiritxa. Jichhax Colon ukankirinakampiw mayacht’asiñäni.

Maysatax diputado de oposición Beby Valderrama (@BebyValderrama) amuyt’iwa uka yatiyäwix jilïr irpirinajan phiskhurasiñapatakikiw janiw p’amp’acht’aws maykiti:

@BebyValderrama: 9 días, 192 horas, 11,520 minutos y 691,200 segundos 4 muertos, + de 42 heridos y en 5 min pretende enlodar a todo el mundo y no pide perdón

@BebyValderrama: 9 uru (días), 192 pacha (horas), 11,520 k’ata (min.) 691,200 ch’ipxtanaka 4 jiwata, 42nit jilaw usuchjatanakaxa 5 k’atanxa uraqpacharux uñt’ayiwa ukatx janiw p’amp’acht’aws mayt’askiti.

Uka yatiáwiti sumankañar jawschi, redes sociales ukanx mayj mayjaw jixatasi. Inas akax jan qhipïr kapitulikchiti, aka kamachitxa.

Ricardo Martinelli ukan jamuq apst’ata.

LuisCarlos Díaz ukata Flickr uksana (","Ricardo Martinelli jilïr irpir panameñux  cadena nacional uksaw yatiyawayi  Kamachi (Ley) 72 ukat jan walt'awinakax utjki ukar chiqancht'asa, uka Kamachix  Colón uksan Zona libre uñt'atak ukan uraqinakap aljañaruw iyawsäna. Twitter ukax yatiyawinakw uñt'ayi.",aym,globalvoices,Global Voices,fake news,0cc75a15-2bc1-4b58-a355-12ec5c5f162d,article,MassiveSum
https://aym.globalvoices.org/2016/12/8539,,Latinoamericanos jupanakar kunas aka 2016 maran llakisiyawaypacha?,,"Pictoline Google ukarjamaw qillqt'i, América Latina uksan markanakapan thaqhawipa:

Mexico: “¿Cómo descargar Pokemon Go” Costa Rica: “¿Qué pasa si el volcán Turrialba hace erupción?” Panama: “¿Cómo hacer camas de madera?” Colombia: “¿Qué es la Comunidad del Anillo?” Peru: “¿Cómo hacer ropa para perro?” Chile: “¿Cómo se hace un mapa conceptual?” Argentina: “¿Cómo bajar la panza?” Uruguay: “¿Cómo disminuir mi consumo de internet?” Brazil: “¿Qué es amor?”

“Kunjams Pokemon Go uka apaqasma?” Costa Rica: “Kunas kamachasp volcán Turrialba utjasp ukhaxa?” Panama: “Kunjamas lawat katrinakax luraña?” Colombia: “Kunas Comunidad del Anillo-xa?” Peru: “kunjams anutak isix luraña?” Chile: “Kunjamas mä mapa conceptual ukax luraña?” Argentina: “Kunjams purak jisk'aptayasma?” Uruguay: “Kunjams internet apnaqäwix juk'aptayiristxa?” Brazil: “Kunas munasiñaxa?”

Facebook ukan apnaqirinakax maymay arst'apxi. Acapulcotpacha, México, Diana Soto jupax México markxat llakt'asiwip uñt'awayi:

: me dio risa “¿como hacer un mapa conceptual?”. Pero luego vi a México con Pokemon Go y se me fue la risa.

: Diana Soto: “Kunjamas mä mapa conceptual ukax luraña?” uka jiskt'awiw laruyitu. Ukatx México markaruw Pokemon Go ukamp uñjta ukat larujas sarxiwa.

Gris Simonds-Gómez jupax ukakipkarakiw México markat llakt'asit lup'i ukatx phiñasitaw qillqt'i:

: A la mierda el narco, la inseguridad, la corrupcion, la obesidad y la miseria, yo quiero saber como bajar el pokemon go!

: inseguridad ukax jan waliwa, corrupcion ukax ukakipkaraki, lik'intaña ukat pisinkaña jan waliwa, nayax pokemon go ukax kunjamas apaqaña uka yatiñ munta!

Adolfo Meza jupax peruanunakar thaqhawipat arst'i:

ammm al menos tendremos los perros mas fashion de américa…

ammm ukampirus america uksanx fashion anunakax utjistaniwa…

Maysatx Felipe Maluenda, Antofagasta, Chile uksat sawkasisaw markapat arst'i:

Yo soy el culpable de “¿Como hacer un mapa conceptual?”, todo el maldito año busqué eso para hacer mis tareas y aún no sé cómo se hace

Nayaw juchanïtxa “Kunjams mä mapa conceptual luraña?”, marpachaw tariyanakaj lurañatak thaqta, ukampirus janiw kunjamas lurañax uka yatkti

Córdobatpacha, Argentina, Alejandro Pablo Drallny amuyt'iwa argentinunakxata:

: Argentina país careta, preocupados por bajar la panza (y como soy argentino y tengo panza, si alguien sabe como hacerlo, avíseme)

: Argentina markanx purak kunjams jisk'aptayaña ukxat llakitapxiwa, ( nayax argentinutwa ukat jach'a purakanitwa khititi yatki ukax yatiyapxita)

Diego Bautista, jupax Costa Rica markat arst'araki:

‘¿Cómo hacer una cama de madera?’ Solo un país buscando algo útil que hacer.

‘kunjams mä katrix lawt luraña?’ Uka markakiw apnaqañ yä lurañxat thaqhi.

René Vaca Cardozo, Bogotá, Colombia markata, kunats colombianos jupanakax Comunidad del Anillo ukat llakitapxi ukxat arst'i:

: No vayan a pensar que los colombianos están preocupados por la literatura Tolkiana. La Comunidad del anillo es el nombre que medios le pusieron a un escándalo sexual y de homicidios que ocurrió al interior de la policía.

: Janiw colombianunakax literatura Tolkiana ukat llakitapxi uka lup'ipxatati. Comunidad del anillo uka sutx escándalo sexual ukat homicidios uñt'atanakaw uchawayapxi

Ruben Pintos Guerra, Montevideo, Urugu uksatx arst'arakiwa:

: Tenemos el mejor Internet de la Region y preguntamos como disminuir el consumo… URUGUAY NOMA!

: aski Internet ukanipxtanwa, kunjams pisiqtaysna ukaw jiskt'axa … URUGUAY NOMA!

Costa Rica, Mar Barquero jupax amuyt'iwa:

:Brasileños más profundos … mientras nosotros moriremos quemados por lava

:Brasileños … ukhakamax jiwasax lava ukamp nakhantataw jiwañani

Andrea Marysenka jupax brasileñonakatak mä aski ixwawiniwa:

: Para Brasil solo me queda decir: baby don't hurt me. Don't hurt me. No more.

: Brasil markatakix: baby don't hurt me. Don't hurt me. No more. sakiw sirista

Yaqhanakax yaqha maranakat amuyt'asaw arsupxi:

: Si ya no se busca el: “¿Como saber si novia está embarazada?” Se están perdiendo los valores y el verdadero uso de San Google. Que tristeza.

:Ya nadie busca “Evidencias de duendes reales” o “Videos de fantasmas reales” y menos “Videos de extraterrestres”…. Charles: “El mundo ya no es como antes!!”

: jisa janiw thaqhasxiti “kunjams munatapax usuri? yaqawinakax chhaqtaskiwa, chiqpach apnaqawix San Google, wali llakiwa.

:Ya nadie busca “Evidencias de duendes reales” o “Videos de fantasmas reales” y menos “Videos de extraterrestres”…. Charles: “El mundo ya no es como antes!!”

:Janiw khitis thakxiti chiqpach duendes reales” jan ukax “Videos de fantasmas reales” ukatx “Videos de extraterrestres” ukax janipuniw thaqhataxiti…. Charles: “Uraqix janiw nayrjamaxiti!!”

Ariel Aguilar jupax juk'a arunakan arst'awayi:

: Pero que filosóficos, que profundas dudas asaltan a las mentes latinas de nuestros tiempos.

: filosóficos, jupanakax jiwas pachanakatx kunjam amuyunakampis amuyusar apantapxi.","Kunats filosóficos,  jupanakax aka maranakan latinas amuyunakar jiskpacha.",aym,globalvoices,Global Voices,fake news,f5f34bc6-26a6-4025-9276-a121d5894dd8,article,MassiveSum
https://aym.globalvoices.org/2012/01/3649,,Libia: Bengasi markat mä warmin carta qilqäwipa,,"Aka post ukax Libia markan 2011n maran sartasiwinakxatawa.

Libia – Bengasi markankir mä warmix marka masinakaparuw anqax markankirinakamp jaqichasipxatapat k'umiwayi.Janiw derechonakapax kipk askinjam uñt'atakiti. “Bengasi markan mayni kullakan carta qilqatapa” ukham sutimp p'iqinchat (titulada) carta qilqat Facebooktuqin qilqt'i [ar]:

رسالة طويلة من احدى الأخوات من بنغازي

بصراحة الموضوع لازم نحكي فيه لانه يالي سمعته تبليه وضع النقاط علي الحروف

1- زواج رجالة بنغازي من السوريات يعني فضت في ليبيا وملقيتوش الا السوريات _مع احترامي لسوريات بس عيالنا علي قولت زيف الاسلام خط حمر وعريض _ في المرة الاولة لما شبابنا دبت فيهم النخوة وخذو من اليبيات يالي اهاليهن جو لبنغازي وهنا نحكي علي بنات اجدابيا وقلنا عادي برغم من وجود غصة لكن في الاخير بنت بلادي ومشينا الموضوع وتوا توصل بيكم تاخذو من النازحين من سورريا لليبيا ولا 40 شخص يعني العدد مش طشه الناس مليهمش اقل من شهر عندنا شوفو البنت ادرسوها كويس هل تنسبكم والا لا لكن طب لزق وتزوجو دغري هذه فأل شين ويستر ربي من الايام والعداد الجايا .

2-لا شكرا للمجلس الانتقالي علي فتح الابواب لكل ووحدة شقراء سمحة علي قولت عزايزنا نبيها ثلاجة توا المجلس كل ماله يدير في مشكلة في جرت مشكلة المرة الاولة تعدد الزوجات وتوا نزوح العرب الي ليبيا — نبي نوقف طشة علي موضوع هذا طبعا الدولة لما تكون فيها حرب فطبيعي انه الناس تهرب من هذه الدولة لانه الاوضاع فيها غير مستقرة نبي نفهم توا النزحين من سوريا واكرر مع احترامي لنازحين هل من الحكمة استقبالهم رغم اننا دولة غير مستقرة هل نفسية الموطنين اليبين تتحمل ضغط جديد عليهم هل المجلس مأخذش الابعاد من جلبهم يعني توا المجلس سبب في عنوسة 40 بنت ليبية متقولش ربي محلل بربعة ربي قال فعدلو انت وحدة ويادوبك تبي تأخذ اربعة ..

3- ياسيدي مش عاجبتك بنت بنغازي امشي لطرابلس الزاوية طبعا مصراته وجبل نفوسة تحلمو بيهن بناتهم ..ياسيدي بنات الجنوب باهي اذا يأست بنات بني وليد سرت تورغاء طبعا كلامي هذا مش لرجالة بنغازي بل رجالة المنطقة الشرقية خففو شويا علي ما وصوكم راكم كثرتو.

4- قضية زواج اليبيات من غير اليبين قضية كبيرة ولها ابعاد واجدة اليوم كانت في مسيرة لامهات ليبيات متزوجات بغير ابن جلدتها يعني باليبي مش ولد بلادها يطالبن بحقوقهن كموطنات ليبيات وهو تسجيل ابنائهن بجنسيتهن …. هذا تبيلها وقفة ياخواتي اي نعم انا معاكي في بعض المتطلبات لكن اني نزوج غير ليبي ونعطي جنسيتي لابني هذا انا مش معاها ياختي الجنسية لابد من ان تكون من صلب الرجل ..اي نعم انا معاك في انه ابنك يدرس مجانا ويعامل معاملة اليبي ويعمل ويعين في ليبيا وان تأخذي جميع حقوقك كموطن ليبي حيث ان ليبيا لا تورث ليبيا لكل اليبين فلا يجوز ان يعطي الشباب امتيزات عن الفتاة زيي زي الشاب وهذا لازم ينحط في دستور .

5- طبعا بحكم عددنا كاليبيات اكثر من عدد الرجال فالمفروض اي قرار يتخذ يكون فيه بعد لقدام وبحكم اننا سندنا الثورة وسندنا ثورانا وسندنا بلادنا ودرنا يالي قدرنا عليه بعزم من ربي فكلام هنا ينراد لنقطة رقم واحد يعني هذا كله وماملش عينكم طيح الله سعدكم مصيركم بعد سنتين بعد مايطفشن منكم وياخذن العيال معاهن مرردكم لبنات بلادكم لانه اطبعاكم مايقدر عليهن الابنات بلادكم بس هذا اذا لقيتونا مش لكم فترة تعيطو تبو تطبيق الشريعة الاسلامية في نقطة هذه انا معاكم …ربي قال من ترضون دينه مقالش ياليبيه خوذي ليبي راهو تحسبو رواحكم بس يالي مركزين عليهم .

6- رسال جدية …. الي الاستاذ حزب … اذا كنت تريد ان تضمن صوت المرأة وانضمامها الي حزبك فأهتم بحقوقها التي نصها الله اولا وحقوقها كموطنة ليبية … واخير انشالله يوفقنا الله في نشر ديننا الوسطي وخدمة وطننا وإنسانيتنا

Bengasi markan mayni kullakan jach'a carta qilqatapa.

Chiqpachansa, akxata aruskipañaspanwa, ukhamat kunas qhanañapataki.

1.- Bengasi marakankir chachanakan sirias marakankir warminakamp jaqichasipxatapaxa: Chachanaka ukhamax janit libiankir warminak jikxatapkta, ukat sirias warminakamp jaqichasiñataki? Nayrïr chiqanx waynanakax Bengasi markankir tawaqunakw thaqhapxi. 40 warmix janiw mä phaxsis akan jikxataskit ukax janiw walikiti, janiw nayrïr kut uñjasax jaqichasiñakikaspati. Akax jan waliw Diosax jutïr urunakats uñjistpana.

2.- Consejo Nacional de Transición (CNT) ukax chuchi p’iqinakar katuqatapatx janiw jallallañakiti, CNT ukan jan walt’awinak utjayatapa? Nayrïrix (poligamia) ukaw utjana jichhax árabes ukankarinakax Libia markarut sarxapxi? Aka suyt’ayañt munpachatana. Ukampirus mä ch’axwäwinktanwa, ukhamax aka markan uka sarnaqäwinakax yatitakixiwa. Askispachat inestable ukham markaktans ukhax jupanakar katuqañataki? CNT ukax jan walt’äwinakt amuyt’pachati? CNT ukax 40 sapa (soltera) tawaqutx lup’iñapawa. Alá ukax pusinimp jaqichasiwir jaysk ukx jan arst’amti, jan ukasti Diosax arunakapanx maynimpikiw jaqichasiñam sasin qilqatak uka arst’ama. Pusi warminïñt munta?

3.- Ukhamax tata, janiti Bengasinkir warminakax gustkstam ukhax , Trípoli markaruw sarasma, Az Zawiyah , Misrata ukhamarak montañas Nafusa satak ukan kawkir warmiruti munkta ukampikiñataki . Tata, ukapachparakiw sureñanakar uñjir sarasma también puedes ir a ver a las sureñas. Jank’acht’atapunist (desesperado) ukhax Bani Walid, Sirte ukat Tawarga uka markanakaruw sarasma. Janiw aka Bengasinkir chachanakatakik arskti, jan ukasti Libia markan willka jalsu uksan jakasirinakatakis uka pachparakiw sista .

4.- Libio markankir chachanakan jan libia warmimp jaqichasitapax jan walt’aw apani. Jichhürux jan libiankir chachanakamp jaqichasitak uka warminakaw wawanakapatak libia markankañ (procedencia) mayisin sartasipxi. Uka mayiwinakapatx lup’twa, ukatx janiw wawanakapatak markankañ churañx amuykti. Uka procedencia ukax libio chachanakat jutañapa. Walikiskiwa, wawaman inak yatichäw katuqapxañapatx amuytwa. Ukampirus libiax janiw taqi libiotakikiti.

5.- Libiankir warminakax markasan sartasiwipanx taqi ch’amampiw yanapt’apxta, Taqi ukax janit askikpacha? Ukat pä maratx kawkir chachanakampiti jaqichaskt ukanakax wawanakamampiw jaytjawayjapxatama, ukatx janiw katuqapkamati. Islamika kamachinakat aruskipañatak munst ukhax walikiskaniwa, ukanx jumamp chikt’atasktwa. Islam ukat mä religioso chachamp jaqichasim sistema, janiw libiokikiti. Diosaw mä religioso chachamp jaqichasim sasin sistama.

6.- Señor Fiesta ukatakix mä yatiyäwiwa, siti jumax warmin yäqawinakp askinjam uñjañ munst ukhax Diosan kamachinakap yäqañamawa.

Tukuyañatakix Diosax religionas uñt’ayañ yanapt’istpana, ukhamarak markasar jaqinakasar yäqañs yanapt’istpana.

Tukuyañatakisti, Diosax religionas uñacht'ayañ yanapt'chistpana, ukapachaparak markasar yanapt'añs yanapt'arakchistpana. Uka carta qilqatax jichhakamax 350t jila qilqäwinakw katuqt'i, ukatx warminakan derechunakapat aruskipaw utjayi, ukhamarak islamica ukan kamachinakapata, ukax Libiankirinakatakix iyawasawiwa.

Aka post ukax Libia markan 2011n maran saratasïwinakxatawa.",Bengasit mä libia markankir warmix marka masinakaparuw anqajankir chachanakamp jaqichasitapat k'umi. Libiankir warminakan derchunakapax janiw chachanakan derechunakapamp kipkakiti  sasaw Facebooktuqin mä carata qilqatan uñt'ayatayna.,aym,globalvoices,Global Voices,fake news,f4ff20e1-659c-4abc-a149-1043cb82f9de,article,MassiveSum
https://aym.globalvoices.org/2016/05/8131,,"Andacollo, chilena markanx qhuyanakan jan walt’ayataw jikxatsi · Global Voices Aymarata",,"Andacollo markan plasapawa. Wikimedia Commons ukan jamuqax uñt'ayatawa ukat GNU Free Documentation License ukan uñt'ayata. Katja Radon jupan jamuqax apst'atawa.

Relaves.org, Estado chileno ukax Andacollo uksan qhuya lurasiñapat suma uñjapan sapxiwa, norte de Chile uksanx 10,000 markachiriw jakasi, tamarjamax ” jan walt'ayat sunakaspas ukham uñt'atawa” PM10 (qhilla, hollín, metalicas, cemento jan ukax polen’) ukhamaw 2009 utji. Pachpa markanx 18 qhuyaw k'umar jakawir jan walt'aykiti”:

YouTube Bastian Salfate apnaqirix Serena jach'a yatiqañ utan yatiqirinakan mä witiy waruqt'atw apakati, uka waruqt'äwinx Andacollo markan minanak utjk ukxat aruskipt'äwix uñjasi. VIDEO

Uka jan walt'äwit mä jiskt'aw luratanx mayni Andacollo markankirix akham jayst'i:

Janiw saw [Jikxatwa]. Janiw kuna asks akan jaytkiti. Taqi kuns yaqhatuqit alapxi. Andacollo markankirinakax janiw kunampis iyawapkiti.

Jaqix qhuyatuqirukiw sarapxi, janiw askixiti […] Maysatax sapxarakiwa, Andacollo markx qhuyax alasxiw sasina. Jiwasatak askipachati? Janiwa. Uka empresas ukanakax canadienses ukhamawa. Jiwasakix askiti? Janiw yatxti.

Uka jan waltäwix pisinkaña ukat irnaqäwit khitanukxañ ukanak utjayi. Akax Andacollo markatakix qullqituqit pisinkañ apani, empresas ukanakarux yanpt'asipxañapaw mayitañapa.

Andacollo markanx janiw uka qhuyanakan jan walt'ayatapak utjkiti, 449 depósitos ukhaw utji 2010 maran uñjasi, markan empresas mineras ukanakax sapurux 1.400.000 toneladas ukhwa utjayi. El Soldado qhuyanx 1965 maran achuqa phaxsin mä uraq khathattaw utjawayk ukhatx walja jan walt'äwinak uñstayawayi. 200 jila jaqiw jiwi ukatx patak kilometros ukharakiw uka qhuyamp jan walt'ayat jikxatasiwayi.","Chile markax qhuyan markat uñt'atawa, ukatx pacharus markachirinakarus janiw walt'aykiti.",aym,globalvoices,Global Voices,fake news,b7e93b49-45e4-49ac-a272-97a5199f6c02,article,MassiveSum
https://aym.globalvoices.org/2013/07/5989,,Nayrïr witiyu ciudadano atipt’asiwi: Video Activo,,"Global Voices español ukax nayrïr witiyu ciudadano atipt’asiw proyecto luri, hispanoamericanas uksankirinakaw audiovisuales uka witiy waruqt’awinak lurasin chikancht’asipxañapatkiw jawillt’i. Aka atipt’asiwitakix temáticas ukanakax akanakwa: – Cultura – Acción social – Medio ambiente.

Video Cámara – Por el usuario en Flickr Steve Nagata bajo licencia Creative Commons 2.0

Akanakax uraqpachan arusitawa. Kunjams jiwasan saräwinakas apnaqasktana, kunjams jiwasan markastak sartasisktan ukatx cambio climatico ukxats waljaw aruskipäwinakax utji. Jumati akan chikancht’asiñ munsta ukhax chikancht’asima jawillt’atapxtawa .

Uak witiyu waraqt’anakananx jurados ukanakax akanakw uñjapxäni: autenticidad, creatividad ukat proceso investigativo ukhamarak producción ukxatas uñjapxarakiniwa.

Chikancht’asiñatakix witiyumx apkatapxasmaw Youtube jan ukax Vimeo uka plataformaparu ukatx links ukx mä jisk’a qillqt’äwimp apayapxasma kunats uka tema chhijllta, khitinakas chikancht’asipxäna, kawkha markatx apayaskta ukanakaw qillqt’atañapa ukatx aka correo gvenespanolvideos(arroba)gmail(punto)(com) ukarukiw apayapxasma.

Janiw armt’asipxatat juman suti phuqhatam qillqt’aña ukhamarak Twitter uksan perfila kuna qillqt’aña. Juradox proyecto VideoActivo ukan Facebook ukanw atipt’irinakan witiyup uñt’ayäni , ukapachparakiw likes ukan jakhups uñt’ayani. Temáticas jan ukax categorías uñt’ata: – Cultura: cultura uksatax witiyux jaqinakxat (sociales), qullqituqita (económicas) ukat políticas ukxat markanakapan suma waruqt’atañapawa – Acción social: uksatx Videos que aborden perfiles relacionados con ejemplos de impacto social ukxat sumapach waruqt’atañapawa. – Medio Ambiente: uksatx minería a gran escala, reservas naturales nacionales jan ukax indígenas, recursos hídricos uka apnaqwxat waraqat’ataspawa.

Kunanakas ukar chikancht’asiñatak munasi: – Hispana uka arut jutiriñapawa. – Witiyunakax 3 ukat 5 k’ata (minutos) ukhaw waraqt’atañapa. – Uka witiyu waraqatax janiw autopromocional jan ukax organizacional ukhamañapakiti.

Waxtäwinaka (premios): 3 witiyunakaw katuqatani sapa mayatx 250 dólares ukhaw waxtäwixa. Kunürunakasa: – Atipt’asiwimp qalltäwi: 21 uru aka willka kuti phaxsit 2013 marata – Katuqäwix qalltasiniwa : 25 uru aka willka kuti phaxsita (Julio) 2013 marata – Kunawsakamasa: 31 uru llumpaqa phaxsit 2013 mara ukhakamawa – Jurados ukan uñakipt’äwipa: 1 urut 6 uru sata qallta phaxsit 2013 marn uñakipt’atäni – Atipt’irinakar uñt’ayäwi: Yatiyäwinakax 7 uru sata qallta phaxsitw V4C México markan 2013 maran uñt’ayasxani. – Waxt’äwinakax pä tunka urutw luqtasini. Witiyunakxata: Taqpach witiyunakaw odos los videos deben ser publicados bajo licencia Creative Commons ukarjam apkatataspa. Global Voices tamax ukarjamaw uñt’ayarakispa.

Juk’amp proyectxat yatxatañatakix akar mant’ama: videoactivo.globalvoicesonline.org, youtube.com/user/gvenespanolvideos, @videoactivo1; ukanx 4 witiyuw uka proyectxat utji. Aruskipt’añataki:

Juan Arellano – Coordinador del proyecto Catalina Restrepo – Apoyo logístico gvenespanolvideos(arroba)gmail(punto)(com)

Aka qillqatax uñtayatakän ukat apsutawa urijinal blog uksan qillqata VideoActivo.","Global Voices español ukax nayrïr witiyu ciudadano atipt’asiw proyecto luri, hispanoamericanas uksankirinakaw audiovisuales uka witiy waruqt’awinak lurasin chikancht’asipxañapatkiw jawillt’i. Aka atipt’asiwitakix temáticas ukanakax akanakwa: – Cultura – Acción social – Medio ambiente. Akanakax uraqpachan arusitawa. Kunjams jiwasan saräwinakas apnaqasktana, kunjams jiwasan markastak sartasisktan ukatx cambio climatico ukxats waljaw aruskipäwinakax utji....",aym,globalvoices,Global Voices,fake news,d77cdc13-4307-4d8e-b4a9-8a22041a2792,article,MassiveSum
https://aym.globalvoices.org/2016/08/8287,,Australia markan wawanakan jaylliwipax walja arunakar jaqukipatawa,,"Arunakas saräwinakas may mayawa, ukampirus wawanakan k’uchi arsuw jayllt’asitanakapax uraqpachjamawa. Mä “Marrin Gamu“, sutin jayllt’äwix jisk’a yatiqañ utankir yatiqirinakatak ukhamarak yatichirinakatak lurt’atax nayrar kunayman suma tayna arunak Australia markan ukhamarak isleños Estrecho Torres ukan arunakapar sartayañatakw qillqt’asitayna, ukw uñacht’ayi. Combina Jaylliwin sutipax “janchi (cuerpo)” Wiradjuri uka arux pä yaqha arunakan jaqthaptatawa. Nueva Gales del Sur Nueva Gales del Sur markanx Marrin arux “janchi” sañatakw Wiradjuri arunxa, ukhamarak Estrecho de Torres markanx Gamu arw “janchi” sañatakix Kalaw Kawaw Ya arunxa.

Ukhamarus Jaylliwix First Languages Australia ukat ABC Splash ukat atipt'asiw wakt'ayatawa. Nayraqataxa, ayllunakaruw jawillt'ata ukhamat wawankar ingles arun qillqta jaylliw yatichapxañapataki.

Verse 1. Eyes and ears, (3 times). Verse 2. Hand and foot, (3 times). Verse 3. Leg and arm, (3 times). Verse 4. Head and belly, (3 times).

1 Arunaka. Nayranaka jinchunaka (3 kuti). 2 Arunaka. Ampara ukat kayu, (3 kuti). 3 Arunaka. Lankhu chara ukat ampara, (3 kuti). 4 Arunaka. P’iqi ukat puraka, (3 kuti).

Kunawsatix wawanakax jaylliw yatxapxi ukjaw ayllur tayna arunakapar jaqukupäw mayisxi. Qhiparux ayllump yatiqañ utampix mayxacht’asis mä video lurt’xañanakapawa , ukat ukax sitio web atipasiwir apkatataxañapa.

Sitio web Marrin Gamu ukax mä uñañchaw yatiqirinakan yatichirinakan qallantañapataki churi. Ukhamarus sitio web ukax walxa yatiqäw wakichäwinak amtanak ukarjam ucht’araki. Juk’ampirus aruskipaw qalltañanak utt’ayasiraki, ukax yatiqirinakamp arunakapxat aruskipt’añ amtampi.

Yatichäwin jiskt'äwinakapa utjit ñä janchi tuqinak uka video ukham pachp arunak arumana? Kuna laykus Jan jaylliwix arumar jaqukipaskasp ukjasti? Kunjams nayrar sartayaskakisma?

Amtax ukax jutïr pä maranakanw sarantayasini, ukhamat yatiqañ utanakax uka pä maran amtax ukankañatak lurantapxani. Kunkursu wakt’ayirinakax “Marrin Gamu” ukan walxa patak Australia markan tayna arunakapan jayllint’ir uñjañw suyantasipki.

“Marrin Gamu” ukax jan juk’amp arunak chhaqañapatakw ch’amanchaski, uka tuqinakan yatiqirinakapar yatichirinakapar purt’asa. Jan ukhamakipanx walxa yatichirinakax janiw sumpach uka arunakxat yatipkiti, ukhamakipanx sitio web ukax may may yatichaw yatiqaw wakichaw yatiqañ utanakan apnaqasiñapatak apkataski. Medios digitales ukhamarak Internet ukanakamp chikancht’atax yatiqirinakax ukham arunakapar ukankir uñjasax juk’amp nayrar sartañaruw uchasipxaspa.

Captura de pantalla del vídeo en idioma Guarang.

Nayrïr luqtäwi mä witiyuwa Queensland uksan yatiqañ utapan uñstayata, ukan yatiqirinakaw jayllinti “Marrin Gamu” Guarang aruna. Walja witiyunak apkataskn ukarjamaw aka sityun apkataskañäni.","Australia markankir wawanakaw jawillt'ata, mä jaylliw tayka arunakar jaqukipapxañapataki, ukax mä atipt'asiwiwa ukhamat (diversidad lingüística) ukar ch'amanchañataki.",aym,globalvoices,Global Voices,fake news,b5c96f7f-181f-4582-8de3-3bb2c06cfe8c,article,MassiveSum
https://aym.globalvoices.org/2011/09/2759,,Tunez Jach’a Suyutpacha: Pallapallanakax blogueruruw Sawkatapat Nuwjawayapxatayna,,"Aka yatiyawix wali aski yatiyawikis ukankiwa Túnez Markan 2011n sartasiwinakapa.

Ben Alin sarxatapax nä 8 phaxsixaniwa, ukjamipansti pallapallanakax jaqinakar ñanqhachasipkakitaynawa.

Miércoles urux, Mä bloguero tunecinux Azyz Amamy (@Azyyoz) [fr] [ar], pallapallanak nayraqatan puqutxat sawka sawkawayatayna, ukatwa ñanqhachat uñjasiwayatayna. khaysa. Ukurpaharakiw antutawayxapxatayna.

Amamyx Kunpun sawkawaychïna, amuyatatxa pallapallanakaruw sawqhxayatapa, kuntix Primer Ministro Interino -Beji Caid Sebsi- sawaykana ukxata. Jupax sawayataynawa”patakatx 97 pallapallanakaw kust’atanakaxa, ukat uksarusti k’usillunakawa”, sasina.

Perfil de Twitter de Azyz Amami.

Ukjamatwa pallapallanakax Amamyn sawkatapatx phiñasiwayapxatayna.

Cet après midi, 14 septembre 2011, soit 8 mois après la fuite du dictateur ben ali, la police continue à agir comme des voyous :Le militant Aziz Amami alias @Azyyoz a été arreté par la police parce qu'il aurait sorti une voyous sur les bananes devant un poste de police.Il a été emmené au poste de police rue Yougoslavie et il a été violemment tabassé.

Rappel: Aucune loi en Tunisie n'autorise la police à tabasser-violenter ou même insulter un citoyen même s'il est CRIMINEL. Merci de noter toute atteinte aux droits de l'homme de la part de la police hors la loi.

Khaya 14uru sataqallta phaxsit saraqkipanxa, Ben Alin sarxatapax nä 8 phaxsixaniwa, ukjamipansti pallapallanakax jaqinakar ñanqhachasipkakitaynawa. Militante Azyz Amamyx (@Azyyoz) pallapallanakan estacionapan puqutxat sawka sawkawayatayna, ukatwa ñanqhachat uñjasiwayatayna.

Atayawi: Aka Tunez markanxa janiw kuna kamachis pallapallanakax jaqirux nuwjapxaspaw, ñanqhachapxaspaw jiskiti. Ukjamatix kawkins jaqir pallapallanak jan wal uñjaskir uñjapxstaxa, jank’akipuni waruqt’anipxama.

Amamyr katuntawix walpun cibernautanakarux chuym ch’allxtayasiwayapxatayna, ukjamatwa amthapiwayapxatayna arsusiñax jan tukusitapa.

@slim404:Azyz @azyyoz vient de m'appeler. il est arrêté au poste de police rue Yougoslavie. Je vais le voir.

@slim404: Azyz @azyyoz ; anchhitakiw jawsanitu. Pallanakax khaysa (Calle Yougoslavie) tuqinwa katuntasipki. Uñjiriw sarasktta.

@slim404: Les policiers disent qu'ils ont relâché @azyyoz . Son téléphone est occupé.

@slim404: La policía dice que ha dejado libre a @azyyoz. La línea está ocupada

@FaresAzzabi: D'après des pages fb @azyyoz est arrêté pour avoir sorti une blague sur les bananes devant un policier! Qui confirme? @Zinga_ @Slim404

@FaresAzzabi: Fiyskubanx, @azyyoz pallapallanakan estacionapan puqutxat sawka sawkawayatayna, ukatwa katuntawayapxatayna. Ukjampuniti

@Beheeddine: j'espère que @azyyoz portera plainte contre ses agresseurs .. blague ou pas .. ils n'ont pas le droit de le toucher .. #Tunisie @Zinga_ @Slim404

@Beheeddine: Jichhax @azyyoz walipunispawa mä qillqat ñanqhachirinakapar puriyaspan ukjaxa, janiw jupanakax kunkipans llamk’t’apkaspati..#Tunisie (Túnez)

@slim404: Je viensd'avoir @azyyoz au tel. Il a ete relâché. Il s'est fait tabasse. Il va porter plainte.

@slim404: Anchhitakiw jayat parlañ tuq parlaskta @azyyoz . Antutnuqunxapxataynawa. Nuwjapxataynawa. Jichhax mä arsusiw puriyani.

@emnamejri: j'aimerai savoir nokta eli 9alha @Azyyoz 3al banane

@emnamejri: kunxatarakipachan puqutat sawkawisti @Azyyoz

Yanapt’asiñatakisti, Insanex mä chuymat qillqaw [ar] Amamyrux qillqt’atayna. Akaxaya:

فيق يا عون يا ضابط يا رفيق ، فيق يا مدير : يا حسرة على زمان التغيير ، تضرب عزيز ينبتلك ألف عزيز ، أحنا اليوم نقرروا المصير قدّاش من عزيز وقدّاش من ثورة تلزمك باش تولي إنسان ؟ !

Pallapallanaka amuyasipxam, jilanak amuyasipxam, janiw “tiempo de cambio” ukapachankxtanti, kunjamtix tata Ben Ali jiskäna khä pachanxa, ukjamaxiti. Ukjamatix Azyzarxamax nuwasipkataxa, waljaninakaw uñstapxaxa, jichhurunakax jiwasaw kunjam jakñtix muntanx ukx jisxapxañanakasa. […] Jaqiñatakist kunpunrak munxaptasti.

Aka yatiyawix wali aski yatiyawikis ukankiwa Levantamiento en Túnez 2011.","Ben Alin sarxatapax nä 8 phaxsixaniwa, ukjamipansti pallapallanakax jaqinakar ñanqhachasipkakitaynawa.",aym,globalvoices,Global Voices,fake news,82ff4f65-847d-4bfd-9228-9d6a2ae32e4e,article,MassiveSum
https://aym.globalvoices.org/2016/12/8528,,Latinoamericanas jupanakax navidadx kunjams amtapxi ukwa Youtube uksan uñt’ayapxi,,"Woki Toki jupan video waruqatapa, Youtube uksan uñjasi.

Canales de Youtube ukan navidad amtapxi ukatx markanakapan saräwinakap arst’apxaraki . Yaqhip video ukanakax saräwinakap amtasin larusi, maynit maynikam waxt’anak churasiña. Yaqhanakax wila masinakapampiw amtanakxat aruskipt’añatak jikthaptapxi. (Canal de humor chileno Woki Toki) may may waxtanakxat (sobre regalos) arst’i: VIDEO

Ukhakamaxa, Chile markat Laf ukax waxt’anak qhipa k’atatak jaytatak ukampix kunas kamachaspa ukxat arst’i. VIDEO

Argentina markat'pacha, Ceci Saia navidades porteñas ukxat arst’araki, kunjams wakt’ayapxi, wila masinakax iyawapxi jan iyawapxi taqi ukanaka :

Colombia markata, canal Humor Latino, kunjamas navideñas colombianas saräwinakax ukxat uñt’ayaraki. VIDEO",America de sur uksan jallu qallta nayrïr phunchäwinakapa.,aym,globalvoices,Global Voices,fake news,d35f8d1d-38be-4ddc-a770-6f4f7142e75b,article,MassiveSum
https://aym.globalvoices.org/2011/10/2840,,Nayrar Sartayirinakar Uñt’am · Global Voices Aymarata,,"Mä phaxsi jilatpachaw tunka Global Voices taqi chaq jach'a markanakat Blogger Swarm of Activista-n machaq yanapirinakxamaw nayrar sartayirinakamp irnaqasipkäna ActionAid. Yanapt'äwix Intirnit Blogan askpachapinix lurt'asi.

Pasïr qilqt'atan taqi yanapt'irinakar uñtayayatana, ukat jichhax Activista Youtub-tuqiw jumanakar nayrar sartayirinakar uñt'ayañ munapxirisma. Akax Kodili-xa, Uganda-ta, kunatti jupax Blogger Swarm wakichäwir nayrar sartayirxam puriwayi ukatuqit arst'aski:

Blogger Swarm-ax waynanakaruw kunaymantuqit aruskipt'apxañapatak nayrar ucht'i, nayrar sartayirinakax luräwinakapamp thaqhäwinakapam nayrar sartayasipki.

Global Voices yanapirinakan yanat'anakapampix kusakipiniw Intirnitan maynit mayn yanapt'asis jupanakax blog-amp irnaqrantasipki. Akax yaqhip qhip qhipha qilqt'äwinakapaxa:

Taqikunat yatt'ayataskañatakix Blogger Swarm blog-ar qilqt'ayasima, jan ukax Twitter-an yanapt'irinakasar mentors and mentees list arktam.",Mä phaxsi jilatpachaw tunka Global Voices taqi chaq jach'a markanakat Blogger Swarm of Activista-n machaq yanapirinakxamaw nayrar sartayirinakamp irnaqasipkäna ActionAid.,aym,globalvoices,Global Voices,fake news,ccb346a9-74be-4f13-9a52-bcfffba44541,article,MassiveSum
https://aym.globalvoices.org/2017/01/8582,,Irán markanx mä jach’a utanw ninax nakhi ukatx allinuqtawayxiw ukhamipanx jiwatanakaw utjpacha,,"Press TV ukaw waruqatayna, kunjamtï utax allitatk uka.

Iraníes jupanakax muljatapxiwa, kunalaykutï juywis qhantatiw kawkïr jach’a utatï utjki ukaw mä nina nakhantäwimp jan walt’aya jikxatasitayna. Teherán markanx 8 alwa pacharux 10 parques chiqawjankir bomberunakax niya 200-niw centro comercial uksar nina nakhaw jiwarayañatak puripxatayna. Uka ninan nakhantat utanx jaqinakax jiwarat utjpachaw sasinaw amuyata, ukampirus jilïr irpirinakax janiraw yatiyapkiti. Amuyatax niya 50-100 jaqiw uka utan allxatataspa.

Plasco uka jach’a utax 1962 maran luratatayna, ukanx janiw uñakipäwix utjkataynatï ukat jichhax k’umiwinaka, arusiwinak ukhamaw utji. Uka jach’a utax nayrjax nakhantarakitaynawa . Redes sociales ukax #پلاسکو en persa ukat #plasco ukax niya ukhar niya ukharuw yatiyawinak jamuqanak uñt’ayapxi. Akan 50 jaqiw jiwat sasin yatiyapxi. ” target=”_blank”> Hassan Rouhani irpirix jilïr irpirin jaysawipxaruw twitter uksan qillqt’i:

Plasco jach’a utan nakhantäwix sinti jan walipuniwa. Ministro de interior jupax usuchjatanakar uñjañatakiw jank’ak uñjapxañapatak arst’awayi.

Mä tuyt qillqatanx mä sinti jan wali jamuq uñt’ayi, ukanx bomberos ukanakax ukanx chapar aru siqikiw uñsti.:

Jan arun sallani, mä jach’a khunu qulljama, mä jisk’a samkjama, jupax mä chachanwa, mä chachanwa.

Telegram uksanx mä ciber-noticiero Khabar Online ukaw yatiyi, walja jaqiw ukar uñjir sarapxatayna ukatx wali ch’amanw ukan yanapt’añasa.

Telegram uka uñt’ayäwinx uñt’ayiwa, jaqinakax waljaniw ukjar puripxatayna, jupanakax aliqakiw uñch’ukipxi janiw uka usuchjatanakarus yanapt’apkiti, ukampirus janiw jank’as yanapt’añjamakänti. Telegram ukan jamuqapa.

Redes sociales ukan yaqha uñt’ayäwinakax iraníe-nakax aliq uñch’ukirikpaspas ukhamw uñt’ayi. Ukat yaqhipanakax yanapt’asipxarakïnwa.

Teherán markan Plasco jach’a utan nakhantäwipatx Iran ukasat caricatuarapax sawkasitaynawa.

Mä warmix uñchukirinakaruw achikt’i, thaqhtañ yanapt’axpita: ” (Irak markan) ch’axwawin ch’axwapxirinwa! Jan utanakamar sarxapxamti! Por Yanapt’apxam ampï!”

Iraníes uksankirinakax jank’akiw purintapxi, usuchjatanakaruw wila churapxi.

Wila churañatak mayachasiwi: Markachirinakax usuchjatanakaruw wil churas yanpt’apxi

Redes sociales ukan jamuqanakax Plasco jach’a utax janïr nakhantkän ukat nakhantatäx uka pachanakat uñt’ayapxi:

Jiwa isi ukat challawa alasiw amthapiwi, jichhax manqharuw sarxi.

Teherán markan; Mahdi Afrakhteh uksan Plasco jach’a utax kunjamas uka jamuqa.","Jiwa isi ukat challawa alasiw amthapiwi, jichhax manqharuw sarxi"".",aym,globalvoices,Global Voices,fake news,a0e8ebfa-8122-4797-902f-5d5344a05c3c,article,MassiveSum
https://aym.globalvoices.org/2015/10/7561,,Croacia-Serbia qurpas makiptasaw mayn mayn arst’apxi · Global Voices Aymarata,,"FOTO: Marcelo Baglia. Usada con autorización.

Ñä Serbia de Sid qurpar puriñataki, tunq chhuxl ukhamarak nawus yaputaypin utjanwa, warminakaru, chachanakar ukhamarak wawanakar katuqañataki. Jan uphisiyal paskatañ entre Serbia ukhamarak Croacia qurpax lupimp k’ajtatat ch’uxña pampanakamp muyuntatawa, jayjans huertos de manzanos ukanakaw uñtasiraki ukatx uka ch’ujtat pampanakax mä samart’awiw khitinakatix walxa paqürunak walxa paxsinak sarnaqapkatayna jupanakatakixa. Mä pach ukankasaxa, saririnakax kunayman asxarayäwinak khä fronteras militarizadas ukan ukhamarak kuntisiyunis deshumanizantes ukanak armt’apxi kunapachatix uka muxsa achunakan qhusu umanakap ukarut ch’irwst’at ukawj granjero ukan waxt’at arst’añataki ukhamarak samart’añatak umantapxi ukjaxa.

Awkinakax jisk’alalanakaparx ichxarusipxi, juk’amp jach’a wawanakaparx thixniru ukatx muchilanakapayrx jikhanipar k’ipintata uka mankhin kunayman yänakap apararasitaw ukankaraki. Narin, Mosul yatichirixa, pächt’asiwa kunawsatix jupampi ukhamarak jupan grupo de sobrevivientes, yazidíes ukhamarak kurdos iraquíes, jupanakamp khä yanapir qurpan sultatunkan k’añaskupar jak’acht’asi ukjaxa uka k’añaskux ñä chhuxllu tuqu yap qalltxi ukjar sayt’ata, Ukat khuyjarux, Croacia markanx mä chhuxllu tunqu pamparuw kiptxi. “sapa chillqtax Iraq markat jayankatawa, ukhamarak ch’axwawinakapat jiwayasiwinakapat ukhamarak kunayman jaytjawinakat jayankatarakiwa, wali ch’amanwa”, siwa. “akax wali jasakjamakiwa— armasxapxtwa kunjamakantix asalwu sintisiñaxa”. Fatima, kullakax kimsïr wawapat usur jaqiwa, qarjataw puri, ukachtar lupïtapatsa, laq’a ch’urawïtapatsa ukhamarak ukachtar jayatapatsa excursiones familiares a la aldea de su padres en Siria ukjatx amt’asiskakiwa. Mohammed Ali, jupan kimsa maran yuqallqallupaxa, nayraruw jali. sandalias veraniegas ukap uchjt’ata, quchal pantalunani ukhamarak mä jach’a chalikun lluchhuchrant’ata, uka mankhin mä jach’a laram unicornio lluk’unt’ata uka anatañax mä qurp makhipanipkatayna ukanaw jupar yanapirinakax churanipxatayna. “janipuw uka unicornio ichumukuskiti”. “ manq’ churi, jupampkusk ikiyi ukhamarak sarnaqäwinakajxat parlxayt’i”, sasaw mamapaxa si.

Mahmoud, palestino del campo de refugiados de Yarmouk en Damasco yatiqt’irixa, ipasiripan amparap katthapisaxa, akham sasaw si: “akaw jiwasan tistinusaxa. Achachilanakasan ukhamarak awkinakasan pach sarnaqäwinakapaw sarnaqtana. Ukhamat sapa puñtawa, sapa tayna uraqisat arksutaxa, sapa kutiw utat juk’am jayar arkamukutaxtana”. Ukatx, paqallq pachanak ukachtar junt’u lupin sutinakax khä comparativamente solidaria policía fronteriza croata ukan qillqantatañapataki suyarasipki, ukan Mahmoud jilatax apt’äw, ch’axwaw, munasïw jayllint’anak khithinakatix jupa jak’an qunurasipkchi jupanakatak jayllintt’i. Qhartatpachawa, buses ukanakax purinipxi, khä ch’axwtaw situwasiyunanakat, arktawinakat ukhamarak taqpach t’aqhisïwinakat walxa qurpachäw thaqir jaqinakaruw apapxi. Jan ukhamakipansti, mä constante q’alpachanina khä entre todos es la sensación de desplazamiento ukhamarak a menudo vulnerabilidad ukaxa, sikt’äwinakana ukhamarak mayïwinakan uñjt’ayatawa, ukatx nayrja ukhamarak jichha llaki chuym ch’allxtayasir amthapïwinakaw amthapipxaraki. Kamaal ukhamarak Sabiha, kurda mediana edad de Mosul paninakarx mä primuw jupanakamp sari, Jamaal llamp’u chuymanixa, laq’a thakinx thujrupampiw sarantaski. Jupax qullañ utanaw ataque al corazón Ukat walirasiskäna kunawsatix ñä mä mar jilapachapachaw khä Mosul ukax ISIS ukamp katthapitaxa. khä, Sabiha jupamp jilir wawapampix laqakiw utapar sarapxatayna, ukanx utapax k’ala sakiyatäxataynawa pusi q’aju wawanakapax ukhamarak 13 maran imillapax chhaqatäxapxatayna, Iraq markaruw qhipaqapxatayna ukanx nä mä maraw wawanakap janir jutxasax thaqapxatayna, inas uka anqax markat k’ataq jikintsna sasa. Kunawsatix sarasipkatäna ukjaxa, Sabiha qullakax wal jachi. ukat chachapax qhumantt’i. Ukat amparat katthapis qurp makhipapxi, Jamaal jupamp chikt’ata. Waynanaka, achachilanaka, silla de ruedas ukankirinakax masinakapan ukhamarak wila masinakapan q’ipxarutapxiwa, usuchjatanakax, Wila masinakax, sap saririnakax, wayna panichatanakax amparat katthapt’asisaw Serbia qurpan buses ukanakat mä ch’ujtat markar saraqasipki ukjat Croacia qurparux kayumpikiw mä yaqha markar sarasipki. Uka jan wali, exhaustivo caos de la estación de trenes de Tovarnik, ukjata, anqa pampanakatatxa, al bien organizado ukhamarak acogedor campo de descanso manejado por voluntarios ukar inas sarxapchini, ukay khä mä campo de procesamiento recientemente establecido administrado por el gobierno ukarpunichini, walxüruw k’añaskur suyapxani, ukax walispaw siti puriñapar puriyxapxasp ukjaxa — ukanx wila masinaka, masinaka, yanapt’irinak jupanakar suyasinipki. Ukat, arumt’xi ukjaxa, purinirinakax t’aqhisiwinakap ukhamarak pächasiwinakap arst’apxi. Thakhix janiw thakichjatakiti, inapachanakax mä yanapir tantanakan lurt’at utjaraki, saririnakax mä confirmación de caminos uk thaqapxi ukhamarak ch’usakit minas terrestres ukanakat uk uñamukusipxaraki, ukax jan katthapiyasiñataki, jan sultatunakan inatk churt’ayasiñataki, kunjamakitix jaqhipanakax jaytjatapxataynawa khä Horgos ukhamarak Roszke uka Húngara qurpan ñä ukhamanakaw pasatapäna. Mä musphañ warawaranak pachan k’ajkir arumawa, Khalid, Quneitra markat 77 maran circasiano jach’a tatax, thujrun mä jach’a wulsa q’ipintat sarantaski janiw khithin yanapaps munkiti. “nayrar sartasipkakiñäni maynit maynikamp yanapt’asisa amtawinak phuqañataki”. “ch’ullqhi jaqiptanwa ukhamakipans kunayman jan walt’awinakar t’aqhisiwinkaruw aka saräwinx puritats nayrar sartasipkaktanwa janiw kunas aynacht’ayapkstuspati”, sasaw sarir masinakapar iwxt’i. Mä eritreas warminak tanta ukhamarak mä Congo markat sapa sari jupanakax mä naranja wulsa taqpachanip kumpartasipki. “wali jayataw jutapxta ukhamarak nänakax manq’at mutuñasa, wali jayanak sarañas yatitapxaptawa”. “waynanakaptwa ukhamarak ch’ullqhiptwa ukhamarus q’alpach wawanakar t’aqhisitapatxa chuymas p’akhintasipxituwa”, sasaw Mariam kullakax si, jupax 22 maran enfermería yatiqiriwa. Mä iraquí yuqallitun tatapax sullkaparu ukhamarak q’ipipanakamp q’impt’at tataparuwa, achikaski, qhipxaruyasiñataki. Kayuqallunakapaxa, taqininjama, jach’a phusullunak phusullsutawa, ukhamat sapa takt’ax walipun ust’i. Ukat walpun warari ukhamarak achikt’asi, Ukat mawk’amjarux kunawsatix tatapax chuymas ch’allxtayasisaw nayrar sarxaruñapatak arkti ukatx jamas manqh jacht’asisaw saraski. Kunalaykutix jan qurpar jark’antatar puriñataki ukhamarak jan jaytjayasiñataki Ukat ukham tatapax arkxaru. Uka yuqallqallurux mä qullan karparuw apapxta kayunakap qullxatañaki ukhamarak ch’uqxañataki. Ukat juk’ampxarux mayamp arumas arumpachaw sarantxapxi. Zaynab ukhamarak Mustafa, pä maran silla de ruytankir wawanakaruxa, uka pampanakchiqx camioneta de voluntarios ukanaw Wila masinakapamp apapxi. Mustafa jupan mamapax jichha paqürunakan ch’ama tukuwipxat arst’i. sobrecargado bote inflable ukamp Egeo lamar qutat Lesbos lamar qutar paskatanipkatayn ukax umar jithintañ qalltatayna, ukatx kunayman jathi yänak jaqupxatayna kunalaykutix wali jayankaskanw qutathiyar puriñatakixa. Ukanx pasajirunakarux jan uka jathi silla de ruedas de Mustafa uk jaquñatakix walpuniw achikt’asitayna. Thakhinakan ukhamarak ina pampanakan ikipxarakitayna ukhamakipanx wali ch’amanw q’umachañax wawarxa. “Nayax sintw jupars phallkirist ukhama”. “ janiw yakha isimp isjayañs janirakiw saparut jarsuñs atkti, wawax jaqinak ukjankask ukj jars ukjax p’inqasiwa”, sasaw saraki. Rima, siria markat khä derecho de Alepo ukxat yatiqirixa, jichhakiw jupax mä wawanitäna, Syrian, jupax 8 maran Hiba jupaw jupar chikachasi, jupax jichhakiw wajchantatayna. Hiba imillqallun chikat wila masipax Suecia markanaw jakapxi Ukat jupanakax uksa markataw suyt’asinipki. Uksa aksa, uñamukt’asi, ukanx walxa jaqinakarakiw jupampkusk uka pampanakchiq jutt’asipki. Warawaranakas ukhamarak wawa paxsis janiw walpach thakhinakar qhant’kiti, saririnakax walpach sartañatakix ukhamarak jan walpach qarjatat sartirinak wilamasinakapar jan jaytjañatakix silularanakampikiw khant’ayasipki. Jilpachan paskatirinakana, sarantäwip tukuyañax jayankaskiwa, kunakitix qurpanak sinti qhamiyatpach paskantañar uchasipxarakini, juk’ampirus aynacht’äwinakar t’aqhisiwinakar takt’asipkapunini ukx jupanakax yatipxiwa. Ukhampachas nayrar wali ch’amampi qamasampi taqpach chuymampi qurpachäwinak thaqtir sarantasipkakiwa, thakhit thakhi sarasisa, qurpat qurpakam makhatasa, kunalaykutix suma jakäwir purañataki. Caoimhe Butterly jupax mä urjanisaturawa, jupax activista de justicia migratoria ukhamarak posgrado yatiqir irlandesa. Jupax 14 maraw khä movimientos sociales, proyectos de desarrollo comunitario, América Latina, mundo árabe ukhamarak yaqxanakampin irnaqi.","Kunapachatï, refugiados Serbia-Croacia,  uksat yaqha markar sarxapxañapataki, mä qawqhanikiw  sarapxi.",aym,globalvoices,Global Voices,fake news,b14681e6-b816-454e-b3fd-4f39f27a791e,article,MassiveSum
https://aym.globalvoices.org/2012/08/4565,,TIPNIS uksan thakhi lurasiñapatak jiskt’aw utjataplaykux markanakaw t’aqxtatapxi · Global Voices Aymarata,,Emily Achtenberg de Rebel Currents [en] ukax Territorio Indígena ukat Parque Nacional Isiboro-Sécure (TIPNIS) jach'a thakhi lurañatak amtax uktjki uksatw blogupan qilqt'i: “Nayrüru simanakaiw boliviano irpirix uka markanakan jiskt'aw sarantañatak uñt'ayawayi […]. Uksa markanakan markachirinakapax ukarux iyawasasin yaqhipasti janiw sasin jast'awapxi- ukax jupanakan t'aqhtatatap uñacht'ayi.,Emily Achtenberg de Rebel Currents [en] ukax Territorio Indígena ukat Parque Nacional Isiboro-Sécure (TIPNIS) jach'a thakhi lurañatak amtax uktjki uksatw blogupan qilqt'i: “Nayrüru simanakaiw boliviano irpirix uka markanakan jiskt'aw sarantañatak uñt'ayawayi […]. Uksa markanakan markachirinakapax ukarux iyawasasin yaqhipasti janiw sasin jast'awapxi- ukax jupanakan t'aqhtatatap uñacht'ayi.,aym,globalvoices,Global Voices,fake news,a1753c76-14f8-41e5-be91-826db4a84aaf,article,MassiveSum
https://aym.globalvoices.org/2020/11/9226,,Anqan jark’aqatäñasatakiw llikan amuyt’asisktana · Global Voices Aymarata,,"Llika apnaqas utjayktan uka yatiyäwinakx kunayman amtampiw kuwirnunaka, tilikumunikasyun imprisanaka, alakipir priwar imprisanaka, wali uñt’ata tiknulujik imprisanaka (Facebook, Amazon, Apple, Netflix ukat Google), jan walt’ayirinaka (suma amtaninakax utjarakiwa), jan ukax arkanaqir mä nayra muniris ukanakax munapxi.

Llikanx khithïpktanti ukx qurirjamaw uñjapxañasa. Sutisa, qhipa sutisa, kawkhankirisa, chimpu jakhu, jawsañ jakhu, ajanusan jamuqapa, ukat juk’ampinakax jamasaruw imañasa. Kuna iramintanakxay apnaqstan ukarjamax may may jark’aqasiñanakaw utji, sañäni aruskipañ llikanakanx k'ari sutimpiw qillqayasna (ukat jan Facebookax apnaqañjamati), jark’aqasiñatakix apayañ aplikasyun apnaqañasawa, sañäni Signal (Milpa 6), Tor (Milpa 8) ukatx VPN (Milpa 33), ukat aruskipañ llikanakar janïra jamuqanak apkatkasinx qhana amuyur puriñawa, jaqinakatï ajanunakap jan taqinin uñjañap munkchixa, Obscurecam (Milpa 36) aplikasyun chhaqtayañatakix apnaqsna.

Jichhürun llikankir uraqpachanx, sapakut yatiyäwinak uñartayañax kunanaks apanispa ukanak amuyañax janiw jasäkiti, ukjamax kuntï uñt’ayktana ukat kuntï jamasar imasiñ munktan ukanakx uñjañasapuniwa.

Kunjamti yaqhanakat jark’aqastan uka kipkarakiw masinakasats wila masinakasats khitinakampitix aruskipktan jupanatakats amuyasiñasa. Ukatakix wakisiw jan khitin amuykay chimpunakanïpxañasa (Milpa 7), niyakiti maynix imaylusar mantaspa ukax luräwinakasamp qillqanipkistu ukampxat jasakw yatispa. Jäll akjam yatiyäwinakat jark’aqasiñatakix yaqha imayl apnaqañaw wali (Milpa 2) jan ukax GPG (Milpa 10) ukampiw imaylus chimpuñasa. Atamirinakasan imat yatiyäwinak jark’aqañatakix imañawja jan ukax sistima upiratiwu ukan utjiri karpitasx Veracrypt (Milpa 34 ukampiw chimpusna jan ukax (Milpa 1) ukampis jawsañas chimpuraksnawa.

Yaqha wakiskir amuyux janiw waythapirinakax jist'arañati ni (Milpa 9) apayanaka jan ukax imaylutuq katuqktan uka imat apthapitanakas apaqañati, ukjamïpanx tispusitiwusan yatiyäw utjkis uk yaqha jaqiw uñjaspa. Akjam jan walt’ayirinakat jark’aqasiñatakix qillqat apayankistu juparux yaqhatuqiw jaysna (jan uñt’at jaqïchi jan ukax waythapirix justupak apayasinchi ukax janipuniw limt'añati ni apaqañasa), mä laq’ut jark’aqir (Milpa 35) ucharaksnawa. Atamirinakasatakix inak chimpun sistima upiratiwu ukaruw sarsna, sañäni Ubuntu (Milpa 17) jan ukax Debian (Milpa 18) ukanak uchapxsna. Ukanakax suma jark'aqatawa kunati waljaniw uñakipasipki ukat jichhaptayasipkapuniwa, lisinsyapax ukatakjamätapata.

Yaqha askin jark’aqasiñatak saraxa qawqha yatiyäwxay utjaystana ukjamarjamaw sapakutjam jark'aqat waraqäwinaka ukx lurañama. Paya chiqaruw imañasa (imañawja kat USB), sañäni atamirisamp chik muchilasar apktan uka USB ukar mä jark'aqat waraqäwi imañax janiw askïkiti, niyakiti muchila chhaqhayasn ukax paypach chhaqhaysnaxa.

Janiw taqpach llikan jark’aqasiñanakax wakiskiri iramintanak ajlliñatjamäkiti jan ukax atamirisa jan ukax imaylus chimpuñatjamäkarakisa. Jark’aqasiñ sañx muniwa kunapachati chimpus qillqanttan ukhax janiw khitis uñjañapäkiti, maysatx jawsañassa ukjamarak atamirissa janiw lunthatayasipxañasäkiti.

Yatiyäwinak juk’amp uñt’ayañax warminakatakix juk’amp asxarañjamawa, arkanaqañamp warmir chachar yanqhachañamp llikan utjatapata.

Llika jark'aqäwi ukax janiw mä yäkiti, jan ukasti mä sarxarüwiwa. Juk’at yatiqañaw aski, machaq iramintanak apnaqañatakix janiw asxarayasipxañasäkiti ni jayrasipxañasäkisa. Akatuqit yaqhanakamp aruskipaña, pächasiñanak uñt’ayaña ukat taqinpach askichäwinakamp yaqhanakamp thaqhañax wakiskiriwa.","Llikanx khithïpktanti ukx qurirjamaw uñjapxañasa. Sutisa, qhipa sutisa, kawkhankirisa, chimpu jakhu, jawsañ jakhu, ajanusan jamuqapa, ukat juk’ampinakax jamasaruw imañasa. Yaqha wakiskir amuyu, waythapirinakax janiw jist'arañati.",aym,globalvoices,Global Voices,fake news,c9538e0a-32c9-4ace-a538-da2ff662a02c,article,MassiveSum
https://aym.globalvoices.org/2011/02/961,,Chile: Blogerunakax Terapéutico Sullsuwxatw Aruskipapxi,,"Maymara jallu qalltanxa, Evelyn Matthei (partido Union Democrata Independiente) Fulvio Rossi (Partido Socialista de Chile) senadoranakax despenalisañatakiw mä amta uñt’ayapxi Augusto Pinochet uka dictadura pachanw 1989 mä janiw sat procedimiento uka amtax terapéutico wawa sullsuñaruw iyawsi. Blogerunakax internet tuqiruw uka amtat aruskipañatak sarapxi .

Blog Zangada 230 jaysawini, ukanx Anitax siwa: warminakax janiw iyaw sapxañapakiti Estadon amtaparuxa.

El aborto no tiene por qué llamarse terapéutico para disfrazarlo o transformarlo en una práctica menos “cuestionable”. Creo que es un deber de las mujeres dar nuestra opinión al respecto y no dejar en manos del estado ni de nuestros parlamentarios -cada uno con su opción ética- que decidan por nosotras.

El aborto es un problema de salud pública y debe ser tratado como tal y no utilizado como un tema politico [.]

Sullsuwix janiw terapeutico sas sutichatakaspati. Amuyatax warminakan yäqawipaw (deber de las mujeres) jiwasan aru churañasaxa.

Sullsuwix (salud pública) ukatakix jan walispawa, janiw pulitika tuqin apnaqatañapakiti.

Chago blogunxa, Santiago Mora jilax siwa, religiosax Estado Chileno ukaruw ch’amanchi. Aka tamanakax janiw sullsuwiru sapxiwa, ukampirus akxat aruskipañx janiw munapkiti. Ukjam sasaw Santiago jilax uñt’ayi.

Mi opinión es no imponer restricciones basadas en algo de lo cual no soy participe. Pero con el ánimo de no imponer ni siquiera lo que pienso, es conveniente que se legisle y se debata al respecto. Es posible fijar criterios sobre hasta donde si y hasta donde no. Y es necesario.

Nayan amuyatajatxa, nayan jan chikanchasitajat jani uñacht'ayañawa. Ukampirus kunti amuykt uka jan uñacht'ayañawa.

Iglesia catolican aruskipawir chikanchasitapatx Fernando Rodriguez G. jilaw qilqt’i.

Aquí no se trata si la Iglesia es o no un poder fáctico. La Iglesia Católica o cualquier otra, como un estamento válido de la sociedad está en su derecho pleno de dar su opinión desde un punto de vista humanista, moral, y teológico, pues esa es su misión. No se le puede excluir por pensar diferente [.]

Iglesia catulicax yaqha estamento uka kipka yäqawinakaniw arunakap uñt’ayañataki.

Post tukuyawinx Fernando jilax sullsuwi ukar mä jan yaqäwiw Derechos Humanos sasaw arst’i.

Medicina Francisca Crispi sat jach'a yatiqañ utan yatiqirinakax sentidos comunes sat tuqiw uñt'ayi.

La base del aborto terapéutico es la interrupción del embarazo cuando la vida de la madre está en riesgo. Por lo tanto, tenemos que desligarnos de ideologías y aplicar el sentido común para saber que si la madre muere el feto no podrá sobrevivir. Así, la interrupción del embarazo va, paradójicamente, a favor de la vida: la de la madre.

Sullsuwi terapeuticox usuriptañarux janiw siwa, ukapachparakiw warminakatakis jan walt'ayirikiti.

Qhip qhiparusti, Sabina Atalaski bloguera kullakax mä usur warmitwa uñt'ayi, uka usur warmin wawapax jan walinwa jikjatasïna, ukampirus lixwipax jan walt'ayatapuninwa, wawax yurxi, ukjatax jiwjatanaw sasaw Sabinax uñt'ayi.

Pienso en ella y en varias otras que han vivido lo mismo. Algunas han podido aceptarlo con mayor resignación, amparándose en su fe, dándole sentido al sin sentido. Pero otras han quedado destruídas en el proceso. Literalmente. Lo que está claro es que el costo es demasiado alto. Y lo que es más terrible, más incomprensible (al menos para mi), es que la decisión no pueda ser tomada precisamente por aquellas que sufren este drama. A mi nadie me va a convencer que la sociedad, las leyes o un médico tiene más derecho a decidir sobre una materia tan sensible como ésta.

Jupanakatw lup'ta. Yaqhipanakax llalt'ataw ukar jaysapxäna, ukampirus yaqhipanakax uka proceso satak ukamp jan walt'ayatapxanwa. Yamakis nayatakix jan amuykayanwa.

Partido centro-izquierdankir senadoranakamp Partido por la Democracia (PPD) nkirinakampixmä amtaw uñt'ayapxi uka yanqhachäwir jaysañataki terapéutico sullsuwir iyasasiñapataki.","Chileno blogueronakax terapéutico sullsuwi ukar janiw sañaspaw sasaw aruskipasipki, mä procedimiento 1989ni maran utjawayi, ukax jan usuriptañaruw jaysi, ukax warminakatakix jan askipuniwa.",aym,globalvoices,Global Voices,fake news,1e03de22-bd50-4d34-ad6d-19fe0b509830,article,MassiveSum
https://aym.globalvoices.org/2015/01/7004,,Internet ukar jark’aqañax taqin luräwipa · Global Voices Aymarata,,"Sapa pä maraw, Global Voices ukax jach'a jikthaptaw apapxi. Patakat jila qillqiri, jaqukipiri, uñt'ayirinak kunaw aka simanax Cebu markan tantacht'asiwayapxi, Filipinas markanx payïr uñt'at markawa. Pä urux aruskipañatakiwa, ukax capitolio provincial de Cebu uksan phuqhasi. Uka aruskipäwinakax online tuqiw uñt'ayata, ukatx pä patakat jilaniw aksankapxi.

Cumbre #GV2015@globalvoices. Uraqpachan blogueros uñat'atapkix uka jil kullakanakan sutinakap uñjapxama.

Akanx nayraqat aruskipäwix medios ciudadanos ukar arxatañataki ukhamarak internet uksat uñjañataki ukapuniwa. Uka wakichäwix mä ritual ukampiw qalltasiwayi. Kimsaqallqu yanapt'asirinakaw internet ukan qillqirinakax mutuñ utan jist'anta uñjasipkan jupanakan sutinakap ullart'apxi. Ukanakax akanakawa: Azerbaiyán, Bahréin, Bangladesh, Cuba, China, Egipto, Etiopía, Irán, Israel, Kuwait, Macedonia, Malasia, Maldivas, Mauritania, México, Arabia saudita, Suecia, Siria, Turquía, EE. UU. ukat Vietnam. Ukatuqinx jiwasatx egipcio Alaa Abdel Fatah ukatx blogueros Zone9 jupaw ukham mutuñ utan jist'anta jikxatasina ukat jichhax Global Voices uksatx pusi bloguero uka mutuñ utankasipki. Barret Brown jupax jichhakiw taripayat uñjasi, jupax mä tukumint uñt'ayatna EE UU uksa markata ukatw ukham juchanchat uñjasi. Globa Voices ukax mä declaración ukwa gobiernos Declaración universal de derechos humanos uksar luqti ” Janiw amupksnati sasina”

Nayrïr panel ukax Lokman Tsui yatichirin Chinese Hong Kong jach'a yatiqañ utankiriw sarantayana, “Internet ukar jark'aqañax taqinin luräwipa”. Lokman, Países Bajos ukat Hong Kong, Lokman “internet” ukar uñajam ukat internet ukar jark'aqarakiwa sasinw arst'i. Jupax Nani Jansen Media Legal Defense Initiative Londres markankiriruw uñt'ayi. uraqpachanx 100 jila uka jan walt'äwinakax utji, uka arst'asiñ tuqitxa. legislación ukax India markanx 66A uka kamachix uñjiwa. ukham qillqirinakatakix kimsa maraw muntuñ utan jikxatsiñ sapxiwa uka kamachiw utji.

Jilïr irpirinakax Internet ukan qillqatanakx suyt'ayapxiw sasinwa Jansen jupax uñt'ayi, Zambia uksanx 2013 maratpachaw yaqhip qillqatanakax suyt'ayat uñjasi. Pachpa markanx libertad de expresion satak ukax utjiwa ukampirus qillqirinakarux wali jak'at uñch'ukitawa. Pakistán markanx YouTube ukax niya pä maraw jist'antat uñjasi sasinw Jansen jupax yatiyi. Rusia markanx machaq kamachix blogueros jupanakatix janirakiw askikiti, ukampirus qullqi payllañ ukham kunaw utxi. Yaqhip yatiyaw qillqatanakax pichsutaw uñjasi.

Chiranuch Premchaiporn de Prachatai mä sitio activismo ukat medios ciudadanos ukhamwa, ukanx kunjamas interent taypin uñch'ukiwinakax utji ukxat parli. Canales internacionales ukanakax amukt'ayataw uñjasi, markachirinakax BBC jan ukax CNN uñtañ munapxana, activistas ukat ciudadanos tailandeses ukanakax qhurut arsusisaw unxtasipxana.

Mayni yatichirix yatiqirinakarux 2+2=5 ukham yatichatayna, Tailandeses markachirinakax medios digitales uksaw qhurut arsuwinak uñat'ayapxi, Yatiqirinakarux walpun t'ijunaqayapxatayna, ukax qhipt'anipxatanakapata, ukat uka uyatiyawix digitales uksaw yatisi ukat yatiqañ utax mä p'inqa ukhamaw uñjata.

Premchaiporn jupax qhanancht'iwa, kawkhanti libertada de expresion ukax jan jark'atakchi ukhax janiw llakitapxañapakiti, Facebook uksan apnaqirnakax waljaniw yanqhachat uñjasipxi. Kawkhanti jan jark'atakch ukhanx jilïr iprinakaparuw censura uksat amuyt'apxañap mayita. Alegre Foundation for Media Alternatives ukax Cebu markan activistas filipinos ukanakat aski uñanchaw amtaychistu. Ukax Lapu Lapu markanawa, mayni cebuano jupax 1600 maraw colonizacion ukar chikanchasitayna. Ukakipkarakiw Filipinas markanx kuti internet khä 1994 maran apnaqañ qalltatayna. Alegre jupax juk'a arunakan uñch'ukiwinakat yatiyi.

Alegre Charlie Hebdo ukan uñjiripksnas ukham amuyi. Janiw yatiyäw tuqik uñch'ukiñakiti, jan ukasti transacciones qillqattuqis jawsañanaka, markpachar sarktan ukas uñch'ukiñarakiwa, Kunats digital uksa uñch'ukiñat lup'iñasaxa?

Derechos humanos ukanakxat wal amuykipapxañasawa. 23 uru lapaka phaxsitx 2009 maranx 63 ukatypinkiw 31 yatxatat jila kullakanakaw jiwayat uñjasipxatayna, masacre de Ampatuan ukax wali uñch'ukitanwa.

Publicado originalmente (CC-BY) en el blog de Ethan “My Heart's in Accra”","Sapa pä maraw, Global Voices  ukax jach'a jikthaptaw apapxi. Patakat jila qillqiri, jaqukipiri, uñt'ayirinak kunaw aka simanax Cebu markan tantacht'asiwayapxi, Filipinas markanx payïr uñt'at markawa. Pä urux aruskipañatakiwa, ukax capitolio provincial de Cebu uksan phuqhasi. Uka aruskipäwinakax online tuqiw uñt'ayata, ukatx pä patakat jilaniw aksankapxi.  At #GV2015@globalvoices summit. Reading of...",aym,globalvoices,Global Voices,fake news,b03084e7-8521-4cf1-9837-d4c89d7acb00,article,MassiveSum
https://aym.globalvoices.org/2016/01/7808,,Mayni tayiko jayllintirix uraqpacharuw Aylan Kurdi jupar jan armapxañapatak mayi,,"Una captura de pantalla tomada del videoclip “Aylan” de Jonibek Murodov a partir de dibujos extensamente compartidos online.

Aka markax migración ukat t’aqhisïwinakxat jilpachaw yati, kunjamakitix desplazamiento forzado ukhamarak guerra civil ukanakat t’aqisiwsinxa. Ukhamat 18 jallu qalltanx Día Internacional del Migrante ukax amtasi, ukjatakix tayika Jonibek Murodov uñt’at jayllirix Aylan Kurdi, sirio wawa khititix sata paxsin jikitäkan ukhamarak phutugraphiyatäkan mä playa de Turquía ukan jaqtat, jupatakiw mä jayllïwi qillt’atayna.

Uka kurda jamuqax uraqpachan chuymaparuw purïna, jan ukhamakipansti ukax k’atakiw armamukutäxana kunjamakitix migrantinakax narrativa de terror ukhamakaspas ukakiw amtxapxäna. Jonibek jayllintiwa:

Номам ба ҳама забони олам Айлон Рӯҳам ба ҳама макони олам нолон Дар синаву дар нигоҳи ман ханҷари кист? Хоки сари бепаноҳи ман кишвари кист?

Sutijax taqpach uraqin arunakapanx Aylan satawa, ajayujax uraqpachanaw jachaski, Khitin kuchillupas chuymajanki nayrajanki? Kawkha markans sapak janchijax imantatäski?

Tayikistán markanx tayiko arun arsusirinakatakix ukhamarak mä waranq tayikunak jakapki ukhamarak irnaqapk Rusia ukhamarak Uzbekistán markanx uka jayllint’äwix wali uñt’atawa.

Чонибек, поклон тебе. Лежу в слезах. Пока по новостям все это видела, как-то не было тех эмоций, что после просмотра твоего клипа. О Господи, что произошло с этим миром???

Jacht’asisa. Kunawsatix yatiyäw uñjkt ukjax janiw video clip ukamp uñjkt ukham chuymar purkitünti. Ukat sist Alajpachankir awki, Kunas aka uraqin kamachaski jan ukhamakipansti, janiw taqpachan luqtas aparatäkasp ukham lup’ipkänti.

Kunjamakitix Tayikistán ukax yaqha chijinakapaniwa. Mä yaqhipanakax ina ch’usat jiwt’asit phichqa paxsin mamapat autoridades rusas San Petersburgo ukan t’aqaqat tayiko Umarali Nazarov sat wawax sapxanw, jayllirin mä k’ats amthapitanit sasaw sikt’asipxäna.

Это хорошо даже супер. А образ Умарали Назарав 5-месячный ребенок, отняты у мамы и умер в доли от мать, не говорит а чем-то и не заставляет вас творит что нибудь.

Aka jayllïwix wali askiwa, ukhamakipanx Umarali Nazarov ukar amtanti, jupax phichqa paxsin wawanwa kunawsatix mamapat t’aqaqapxatayna ukhamat jan mamapam chikt’at jiwxatayna? uka sarnaqäwipax janiw kuns uñstayañ munkiti?

Murodov jupax jupar uñt’irinakarx siwa nayax Umarali jayllïw jayllint’añaruw amtaskta sasa, usuarios de internet tayikos jupanakayrix Umarali Nazarov ukan jiwatapx Aylan Kurdi jupankiriruw kikipt’ayapxäna Chuymar purir ch’allxtayasir jayllintäw taypinxa, walxa tayikas de pop ukhamarak rap jupanakaw jan qamirïxata, migración laboral ukhamarak reclutamiento militar forzoso ukxanakat warawar kikipar jallintäwinakamp k’ajtayasipki.","""Khitin kuchillupas chuymajanki,  nayrajanki? Kawkha markans janchijax imantata?""",aym,globalvoices,Global Voices,fake news,e5782440-b9f2-42f0-bffe-eaf4b5a77941,article,MassiveSum
https://aym.globalvoices.org/2012/05/4170,,Quechua: Haquira markat alcalde irpirin arunakapa,,"Kunapachati kullaka Irma Álvarez Ccoscco Rising Voices ukamp machaq amta Llaqtaypa Riymaynin [en] (Markajan arupa) sarantiyirix Haquira, Perú yuriw markapar kutt'kan jilir irpirinakat markachirinakat ch'amancht'aw katuqäna. Jupax Lima markankanwa ukatx machaq (beneficario de Rising Voices) uka amta ukxta qhanancht'äna. Uka amatax kawkir jil kullakanakan Haquira markat jutxapk capital markan jakasxapxi ukanakamp irnaqñawa, qhichwa arup jakayaña, ukatax sarawinakapxat markapat podcast uka waraqw lurañataki.

Amta Blog ukanx Irma kullakax markan jikthaptawitw qilqt'i, ukax SMS ukatuqiw jawillt'atäna. Ukat tantachatapk uka jaqinakar amatat arxayt'asinx Rolando Curiyumay alcalderuw jawillt'apxäna, “hakitu” (trigo tostado y trigo) manq't'asiñapataki. Irmax qilqt'iwa: “kunawsati maynix yaqha markank ukhax wila masinakamp chika aruskipañ munapxi”. Ukatx Curiyumay jupax Irmampitak amatampitakix chapar aru arst'awatäna.

T’ikachakuna iskayniykichik kaypi tiyasqankichik, ñuqapas kusisqa kachkani qamkunawan sullkay Elverwanpas kay hatun llaqtapi. Cielupi hina wasikunapas altumanta qhawayuna kasqa kuruchakunahina pampapi, purichkan karrukunapas, chayta qhawarini. Chayqa, qamkuna sumaqta, aynata parlariwaqchik huñunakuspa, may llaqtakunapipas kachkan paysanunchikkuna haquiriñukuna… chayqa paykunawan sumaqta rimayanakuspam imachatapas ruwawaqchis llaqtanchispaq, chaymanhina ñuqapas qamkunawan aswan masta ruwasway llaqtanchik hatunyananpaq.

Florecitas, ustedes dos han vivido aquí, y yo estoy muy contento de verte a ti y a mi hermano menor Elver aquí en la ciudad. Desde las casas, tan altas como el cielo, uno puede ver tantos carros en el suelo como si fueran pequeños insectos.

Pankaritanaka, jumanak paninix akant japxta, nayax wali kusisitataw Elver jilajar uñjasaxa. Uka jach'a utanakat k'añaskunakarux mä laq'ukaspas ukhamaw uñjasi.

Tú, que nos has reunido aquí, debes mantenerte en contacto con nosotros, y recordar que nuestros compañeros residentes de Haquira se ecuentran en muchos lugares diferentes… de manera que puedas reunirte con ellos y cualquier proyecto debe tener la comunicación con nuestro pueblo, y yo, junto a ustedes, vamos a hacer más para que nuestro pueblo pueda seguir creciendo.

Jumaw akan tantachthapipxista, ukatx Haquira markatx jilanak kullakanakasax walja chiqanakankapxiwa…jupanakamp tantachasta ukat kuna amtas markasan aruskipapxañapawa, jumanakamp chikaw markasan jiltañapatak chikancht'asipxa.

Aymar Ccopacatty (Qamasa amta) Elver Villalobos, Rolando Curitumay (Haquirankir alcalde) ukat Raquel Álvarez. Irma Álvarez jupan jamuq apsuta.","Kunawsati,  Irma Álvarez Ccoscco  Rising Voices ukamp yanapt'at machaq Llaqtaypa Rimaynin amata sarantayirix (coordinadora) Haquira, Perú markapar amta (proyecto) uñt'ayir kutt'awaykatayna, ukhax markachirinakampit jilir marka irpirinakampitx ch'amancht'awinakw katuqatayana.",aym,globalvoices,Global Voices,fake news,514b99d9-5288-43d3-b1b9-aee09258d098,article,MassiveSum
https://aym.globalvoices.org/2011/06/2100,,Irán: Chacha - warmipur axsarañ munasiñxat tamacht’äwi: “taqi chiqankaptwa”,,"Arsham Parsi tataw uñstayi, ukjamaraki irpiri ukjam aka Iran chachapur tamachat munasirinakar sartayi [fa] Toronto, Canadá markana. 2008ni maranxa, jupaxa siwa aka Global Voices, “Internet ukax mä jän chanin churawiw nanakatakixa sasina.”

17ni llamayu phaxsit aka marat saraqataruxa, mä amtaw uruw uraqpachan chacha – warmipur axsarañ munasiñxata [ing], walxani iraninakawa amnaqt’awayapxi kamachinakapat arst’asiñataki aka internet mä jän chanini churawi tuqi “ taqi chiqankaptwa “ [fa], aka YouTube, Facebook y blogs, tuqinakata aka uraqpachana chacha – warmipura axsarañ munasiñxata arsusiñataki.

Irán markanxa: chacha – warmipur munasiñax taripataw jiwayawimpi.

Blogger iraní Pesar ukax (Persa markanx “wawa” sañ muni) sasaw qilqt'i [fa]:

Hoy es el día internacional en contra de la homofobia. Estoy feliz de ver que muchos bloggers han publicado mensajes y actualizado sus blogs hoy. Espero que algún día este tipo de discusión encuentre su espacio en los principales medios de comunicación y no solo esté limitado a este mundo cibernético. Espero que algún día cuando diga Soy gay, no sea acusado de ser un pecador o sea maltratado.

Jichhuruxa, uraqpachana chacha – warmipura axsarañ munasiñana urpaw. Wali kusisitatwa uñxasina walxani bloggirunakawa uñicht’ayapxi chhuyu qillqatanakapa aka blog tuqina. Suyt’wa mä urunxa aka yatiyawinakaxa utjaspan jan kuna tuwaqasiwinakampi aka yatiyawinaka amnaqirinakana qhanañcht’atañapataki ukjamaraki jan kuna tuwaqawis utxpati aka internetanxama. Ukatxa suyt’araqtwa mä urunxa chacha – warmipura munasiritwa sañaxa jan juchanirxama uñxañatañapataki jan usuchxatañapatakisa.

Aka Facebook tuqinxa [fa] walxani Iraninakawa qhanañcht’asawayapxi chcapura munasiritanakapata jan ajanupsa imant’asisa.

Yaqha waraqata jamuqatanxa, Shokoofe, mä warmipura munasiri, jupaxa siwa [fa]:

Mi experiencia gay comenzó enamorándome y creo que todos pueden sentir eso en este mundo. Lo extraño era que la gente a mi alrededor pensaba que era una broma mientras yo estaba sufriendo. Lo más doloroso fue no poder hablar con personas cercanas. Yo podía hablar, pero ellos no escuchaban. Creo que podemos vivir en un mundo mejor, donde no se enfrenta a la muerte por estar enamorado de alguien. Espero que nuestros días tengan un gran sol, un arco iris y encantados de poder hablar sin miedo.

Nayan chachapura munasiñaxax qalltiwa munataxata mayni masixaru munasina, ukja taqiniwa munañxa atipxaspa aka uraqinxa. Maysatsti jaq’ankiri jaqinakaxa amuyapxanwa mä anatnuquwikaspasa ukjama kunalaykutix nayax t’aqhisiskayatwa mayni6txama. Wali llakisiñxamawa jak’ankiri masisanakampi jan parlt’asitakxi uka. Nayax atiristwa parlat’asiña, jupanakasti janiw ist’apqhituti. Jaqasipxiristwa wali suma, kunawsatix janiw saykatatakitixa jiwañampi munasiñataki. Jichhuru urunakasanxa mä jach’a intimpi ukjamaraki mä kurmimpi wali kusisita jan axsarañampi parlt’asipxaspa.","17ni llamayu phaxsit aka marat saraqataruxa, mä amtawi uruwa uraqpachana chacha – warmipura axsarañ munasiñxata amasi, walxani iraninakawa amnaqt’awayapxi kamachinakapxat  arst’asiñataki, aka internet mä jän chanini churawi tuqi “taqi chiqankaptwa” aka YouTube, Facebook ukatx blogs, tuqinakana uraqpachana chacha – warmipura axsarañ munasiñxata
arsusiñataki. Irán markanxa: chacha – warmipura munasiñaxa taripatawa jiwayawimpi.",aym,globalvoices,Global Voices,fake news,a7a9fbb0-17b9-4675-9adc-8be48c25d6be,article,MassiveSum
https://aym.globalvoices.org/2013/04/5656,,San Lorenzo ukax papa Franciscorux wal jallallt’i · Global Voices Aymarata,,"San Lorenzunkirinakax Francisco jach’a tatakuraru jallallawayi, jupanakax jupar wali munasipki utt'ayapxatapat tata papa Francisco, Su Santidad Francisco ukax club San Lorenzo de Almagro ukan mä fans ukhamawa, Argentina markanx “cuervos” jan ukax “ciclón” ukham uñt'atawa.

Club ukan apodopa, “cuervos” ukhamsata, janiw kuna jan walikisa. Goal.com uka paginax uka sutxatw qillqi:

Definitivamente el apodo no es casual. Cuervos, uno de los modos de referirse a San Lorenzo de Almagro, no viene del ave sino de la manera popular de referirse a los sacerdotes de la Iglesia Católica, cubiertos totalmente con las sotanas negras. También por eso, aunque está en desuso, al club porteño se lo conoce como “Los Santos”.

San Lorenzo de Almagro, aka sutincht’atax janiw akatjamakiti. Cuervos, ukjam sas satax janiw jutkiti mä jamach’ita jansipanx tatakuranakat isispat juti, kha iglesia Catolica taypita, jupanakax ch’iyar isnakan ch’uqantatapxatapat ukjam satapxi, Club porteñunakax Santos ukjam uñt’atapxiwa.

Kunawsati Jorge Mario Bergoglio Iglesia católica uksat atipjawayi sas yatiskan ukhax Twitter del club San Lorenzo (@SanLorenzo) ukanx akham qillqawayi:

@SanLorenzo: Es un orgullo para la Institución saber que el primer Papa sudamericano es Socio de #SanLorenzo.

@SanLorenzo: Wali kusiskayaw Institución ukatakixa nayrir Papa sudamericano ukhamaw #SanLorenzo ukatakixa.

Institución deportiva uksatx papa Francisco ukarux mä jallallt'aw qillqat apayi.

Ukjamakasinsti, pasiri tunka suxta uru aka achuqa tukuya phaxsita, anatt’awayapxiwa San Lorenzump Colón de Santa Fe, San lorenzunkirinalkax anatañ isispanakapamp Francisco tatakurar jallallawayapxi.

[t_177677″ align=”alignright” width=”336″]Twitter @SanLorenzo uksan jamuq apakatata [/caption]

Janir anatañ Santa Fenakamp qalltkasax, arsuwayapxiwa akjam sasa, (@ivannacasla) tatakurax cuervuwa:

@Ivannacasla: A ver el partido a lo de cris, vamos san lorenzo, dios y el papa nos ayudan!

@Ivannacasla: Yaqha partid uñjiri, san lorenzo ukar sarañani, tatitu, papa ukar sarañani!

Maysatx Anto Gaitan (@Ggaitan_anto), Boca Juniors ukan fansapawa, uka pilut anat’añ isispanakar mä warawaramp ukar escudunakamp uchkatawayañaw wakisiwayaspa ,sasa:

@Ggaitan_Anto: A falta de estrellas en el escudo. #SanLorenzo salio con la inscripicion d #PapaFrancisco en la camiseta jaja @ArgEsDeBoca @HinchasXeneizes

@Ggaitan_Anto: escudon warawaranakapaw falti. #SanLorenzo #PapaFrancisco qillqantayasiwipampiw mistuwaxi @ArgEsDeBoca @HinchasXeneizes

San Lorenzo ukax atipt'iwa Colón de Santa Fe ukaru, 1 a 0 jall ukhama @Mrrjoness, ukanakax wali kusisitapxanawa:

@Mrrjoness: @enunabaldosa gol del ciclón, Bergoglio se prende otra fumata para festejar.

@Mrrjoness: @enunabaldosa gol del ciclón, Bergoglio ukax kusisiñ apani phunchhaw lurañataki.

Ukatx Ale Tati (@aletati2007) siwa:

@aletati2007: #vamos ciclón!! esta si fue nuestra semana SANTA!!!!

@aletati2007: #sarañani ciclón!! semana SANTA ukax sarxaniwa!!!!

Hector Pappa (@hectorPappa) tuytiyiwa Vaticano ukanx phunchhawinkasipkiwa, Felipe CQ (@FelCul) arst'arakiwa mä anatawin atipjawix papan atipjatapawa. Según Diego Mendoza (@diegol_77), San Lorenzo ukan atipjawix nayrir milagro ukax papa Franciscon atipjawipawa.","El Club de fútbol argentino San Lorenzo de Almagro, del cual es socio activo el papa Francisco, estrenó camiseta conmemorativa en el partido del día 16 de marzo contra Colón de Santa Fe.",aym,globalvoices,Global Voices,fake news,509ca533-7441-4122-a664-480ffbf40292,article,MassiveSum
https://aym.globalvoices.org/2010/08/394,,China Markax Wuhani Oriental Quta Jark’aqañatakiw Sarantaski,,"Oriental qutaxa, Wuhan markan jikxatasi, turistiku, ecológico ukjamawa 82km2 ukch’a, ukhamarak suxt kuti juk’amp Occidental qutatsipans jach’awa. Mä turística nacional chiqawja 4ª amtawïpax evaluación sat ambientalamp consulta publicampin chikañchasitañäpawa. Ukhamakipansa, mayu 2009na mä (ing) Overseas Chinese Town, OCT bienes raíces uksan yatxatatax Wuhan markan irpirimp aka qutan sarantañapxat mä amtaw rixuntawayatäna, jan consulata publicar chikanchjasina. Jalluqallta 2009nin OCT bienes raíces ukan yatxatatax (3167nu, 1 mu = 666.67 metros (ukha tupu) ) ukch’a uraqiw jach’añchañatakix contratu jikjataña, 1000 mu ukch’a qutatx ukupaski.

Aka jamuqax Oriental Qutan jiwakitap uñacht’ayi. Llamayu phaxsin 2010 medios Locales satanakax lurayaw amta uñt’ayapxäna, qasawinx uka pachpa maranpachx OCT Oriental qutarux jach’anchañ amtawix janiw jan walt’aykanit siwa. Ukhamakipansti yaohaiying bloguerox uñicht’ayiwa (chi) (450mu) challwan estanque Artificial sat uñt’atax pintoresca zona chikataypin utt’atawa, Ministerio de Estadon jaysat Oriental qutar articulun jark’aqañjat qhana amtaxiwa. Bloguerux jach’achañjat amtat detallinakmpiw uñacht’ayi.

1El estanque artificial de peces del Lago Oriental (450 mu) dará origen al menos a dos hoteles 4 estrellas además de otras instalaciones comerciales… 2. Cerca del hospital Li Yuan, en la superficie del lago “Lian Bai Mu” ha sido extraída agua del lago y OCT recuperará 150 mu de la superficie del lago. 3. Cerca de la aldea de Feng Guang Village y el estanque de peces, OCT construirá un parque acuático temático de 400 mu.

1.Estanque artificialax challwanakat Oriental quta (450mu) pusi wara waran pä hotelar ukampirus yaqha comerciales utt’awinakar yuriw churani. 2.Li Yuan qullayasiñ uta jak’ana “Lian Bai Mu” umax qutat apsunitawa OCTxa 150mu superficie qutat apthapini. 3.feng Guang Village aldeamp jak’ana OCT ukax mä parque acuatiku 400mu lurayani.

Mapan sutinak uñanchäwix kunjams uka amtawix Oriental qutar jan walt’ayan uka uñacht’ayi .

Oriental quta uraqin kutkatayasiwix lurayatäxiwa.

Chinat tama yatxatat (China Study Group) mä juk’a yatiyawin Time Weekly qhananchiwa uka amtawix markan jakawiruw jan walt’aykaniti, quta umaruw yanqhachani, ukatx espacio público ( gentrificacion) turkakiptawiw utjani.

Dos aldeas y una industria pesquera ya fueron desalojadas y demolidas lo que se hizo inmediatamente después de la firma del contrato en diciembre pasado y una tercera aldea está en vías de ser desalojada. Los aldeanos y trabajadores de la industria pesquera reclaman que parte de la compensación prometida por OCT ha sido retenida por funcionarios de gobierno y cuando la reclamaron al gobierno fueron agredidos por matones a contrato. La mayoría de los reclamantes ha capitulado pero 50 familias de la tercera aldea mantienen su petición. Todo esto ha pasado desapercibido, durante tres meses, en la población urbana y en los medios de comunicación de Wuhan.

Pä aldeamp mä industria pesquerumpix niyaw apanukutaxi, ukapachparakiw t’unthapitaxi, jallu qalltanx jank’ak contratu rixintat lurasi, kimsïr aldeax apanukuyasin thakinkaskiwa. Aldeanunakamp industria pesquerunakan irnaqirinakapampix OCT arsuwix gobiernun funcionarionakapan jark’aqataki ukwa mayipxi, kunapachati goviernur mayipkäna ukhax yanqhachatapxanwa. Jilpacha arsusirinakaw aptawayapxäna, ukatx kimsïr aldeanx 50 wila masinakaw mayiwimp phuqhapxäna. Taqi ukanakax kimsa phaxsiw makiptawayxi, jach’a markana, Wuhan yatiyawiw taypinkana.

La principal preocupación entre los críticos del plan de la red son las posibles consecuencias ecológicas, puesto que la contaminación del agua y el crecimiento de algas ha venido aumentando rápidamente en China en los últimos años; de esto resulta, según algunos informes, que la mitad de la población china y los dos tercios de la población rural no tiene acceso a agua potable. En el 2007 un “brote” de algas (atribuido principalmente a los fertilizantes sintéticos) en el lago Tai en la costa oriental de China dejó sin agua potable a dos millones de personas en Wuxi. En Wuhan, los críticos del plan de desarrollo del Lago Oriental apuntan a la dificil situación de otro lago en la región, el lago Tangsun. Sobre una escala de calidad del agua de 1 a 5 el lago Tangsun pasó de 1 a 4 en un decenio de desarrollo y los expertos estiman que aún cuando se hagan grandes esfuerzos para revertir la contaminación del lago tomará al menos otra década para restaurarlo a nivel 3.

Finalmente los críticos están preocupados por la gentrificación puesto que el plan de desarrollo podría transformar el lago y sus alrededores, actualmente un espacio limpio donde cada uno puede gozar de un mundo natural sin costo (o un pequeño costo por la entrada de algunos parques) en un lugar caro, ruidoso y un complejo turístico (resort) artificial para los ricos. En este sentido algunos comentan con énfasis que el esfuerzo por proteger el Lago Oriental es diferente a otras protestas en China; su objetivo no es proteger la propiedad privada o desplazar la contaminación del medio ambiente lejos de la ciudad si no que es prevenir la privatización de una propiedad pública.

Jach’a llakisiwix plan de la red sat taypinx ecologicanacan jan walt’ayatawa, qhipa maranakax China markanx umaru jan walt’ayawi jank’akiw jiljatwayi; akatwa uñsti, yaqhip yatiyawinakarjamax chikatpach China markansa, thiyanakansa janiw q’uma umanixapxiti. Pä waranqa paqallqun maranxa, mä brote de algas sat China markanx Tai qutax Costa Orientalan pä millón jaqinakaruw jan quma uman jaytawayi. Wuhananxa, Oriental qutan sarta amtax yaqha qutan jan walt’awiparuw chiqanchi, Tangun qutaxa, mä escala de 1-5xa , 1 – 4siruw mä decenio sartaw satax makiptäna, yatxatatanakax amuyapxiwa, jan walt’awir revertiñatakix yaqha decadumpiw munasini, kimsïr t’aqar tukuyañataki.

Tukuyawinx arch’ukiwinakax gentrificacion ukat llakitawa, kunjamati sarta amtax qutar turkakiptayaspa, jichha pachax suma q’uma pachat mundo naturalezanxa jan kuna chaniniw k’uchisipxaspa,( mä juk’a payllaw churasin yaqhip parquenakar mantañataki.) mä jila chanin chiqawja, qhuyphir mä complejo turistikump qamirinakataki. Akachiqawjanx yaqhipanakax Oriental qutar jarq’añ chamtäwix China markatsipans mayjaw arch’ukiwinakax sasaw sapxi; amtäwipax janiw propiedad privadar jark’añakiti, jan ukasti propiedad publica priwatisawir jark’añawa.

Pä patak jila markachirinakaw redadtxa, auto organizat llamayu phaxsin uñtas douban eventos sat jana (chi) lurayañ amta kuntra uñacht’ayi.

La Primavera llegó, déjenos jugar en el Lago Oriental. Déjenos llevar la cámara fotográfica y el sistema de sonido, pancartas y mas.Esta actividad es libre.

Primaverax purinxiwa, Oriental qutan anatañar qhitapxita, phutu apsuñ ukhamarak sistemas de sunidumpi, pancartanakamp apañ jaysapxita.

Yaqha post ukax strolling from my1510(ing) satawa.

Use camisetas con la frase “Lago Oriental” en ellas. Necesitamos algunos slogans y fijar un momento para el paseo y el picnic. 2. En un momento particular usamos una máscara y distribuimos material ad hoc (lo que puede ser peligroso). 3. Encendimos una linterna aérea con la leyenda “Lago Oriental”. Necesitamos también un logo uniforme que identifique nuestra acción. Nuestro objetivo es simple: detener la construcción del proyecto que podría destruir el Lago Oriental. A largo plazo queremos que las manifestaciones sean una expresión proactiva y constructiva. Más que una confrontación queremos oportunidades iguales para expresar nuestra opinión.

1. Oriental Quta sat qilqt’at camisetanak uchasima. Mä qawqha slogns sat uñjañ muntxa. 2. Yaqhip pachanakaxa, mä mascara uka apnaqtanxa ukatx ad hoc jan walt’ayir yänak lakirtanxa. 3. Mä linterna “Lago Oriental” sat sutimpiw naqtaytanxa. Uka pachparkiw jiwasan lurawis uñtayañatakix mä logo sat munapxtanxa. Jiwasan amtawisax jasakiwa: lurayañ amtawix Oriental qutar jan walt’aykaspati, uñstawinakax jaya pachat amuyunakamp phuqhasiñap munapxtanxa. Jan walt’awinakat sipans jiwasan arsuwinakax kikipat arsusiñ munapxtanxa.

Ukampirus 9 uru qasawi phaxsinx walja ambientalistas tamankirinakaw asesoranakn jawsatapxäna. Douban jupax aka asesoran qilqata qilqt’i (chi):

“Un informe desde las altas esferas dice que debido al “incidente en el Lago Oriental” algunas organizaciones estudiantiles de algunas universidades planifican organizar manifestaciones que crean inestabilidad. Con el fin de reforzar la estabilidad y la seguridad de las escuelas, consejeros y maestros deben preocuparse del campus de la escuela y vigilar las actividades estudiantiles. Por favor, notifique al departamento de trabajo de la escuela cuando identifique cualquier plan de protesta y demostración. Gracias”.

Incidente Oriental qutan mayacht’atsakiw yaqhip jach’a yatiqañ utan yatiqirinakax unxtasiñatak amtawayapxatäna. Askinjam sartañar yanapt’añ kunkimpi. Departamento irnaqawi ,yatiqañ kawkïr unxtasiñ amts yat’ayapxama.

Yatiqir tamachatanakax uka yatiyawt suypachatana, pallapallanakampiw yatxatawin chikañchatapxi, sasaw amuyt’apxi.

Mä (hashtag) qillqañ donghu (chi) utji Oriental qutan lurayañ amtawxat qhanpach yatiyaw ch’iqiyañatak apnaqataw. Ukampirus crak down, uka unxtasiwinxa, uka pä urux janiw suma qhana uchatakisa.","Oriental qutaxa, Wuhan markan jikxatasi, turistiku, ecológico ukjamawa 82km2 ukch’a, ukhamarak suxt kuti juk’amp Occidental qutatsipans jach’awa. Mä turística nacional chiqawja 4ª amtawïpax evaluación sat ambientalamp consulta publicampin chikañchasitañäpawa. Ukhamakipansa, mayu 2009na mä (ing) Overseas Chinese Town, OCT bienes raíces uksan yatxatatax Wuhan markan irpirimp aka qutan sarantañapxat mä amtaw...",aym,globalvoices,Global Voices,fake news,3f349d44-b6eb-4eb5-8568-416cb8a27444,article,MassiveSum
https://aym.globalvoices.org/2016/01/7777,,India ukat Bangladesh markanakanx uraq khatahatiw jaqinak jiwayatayna usuchjatayna,,"Ubicación del terremoto a 29km al oeste de Imfal, Manipur, India. Captura de mapa del sitio de USGS.

4 uru chinuqa phaxsit 2015 maran niya willjta pachachur uraq khathatiw 6.7 de magnitud ukch’a ch’aman Imfal capital del estado indio de Manipur markan khathattawayatayna. India markanx willka jalsutuqikis uksa markanakanx uraq khathatix utjawayarakitaynawa, Bangladesh uka markans ukakipkarakiw utjawayatayna. Myanmar, Nepal ukat Bután jak’a markanakanz ukakipkarakiw uraqix khathattawayatayna. Imfal uksan jach’a utanakapas ukakipkarak tikat lurat utanakas allinuqtat ukhamaw uñjasiwayi. India markanx aka qillqat qillqañkamax suxta jaqiw jiwxatayna ukat 90 usuchjatarakiw utxatayna. Jichhakamax Bangladesh markanxa, pusiniw jiwatax utxi, walja utanakarakiw jan walt’ayata. Servicio Geológico de Estados Unidos (USGS) ukan yatiyäwiparjamax uka uraq khathatix pä placas terrestres ukan muqthaptäwipatw utjaw sasinw yatiyi. 4:35 willjata pacharuw uraq khathatix (profundidad de 17 kilómetros de la superficie terrestre) jall ukhamaw utjawayi. Khitinakatï uraq khathat amuyapk jupanakax uraqpachar yatiyañatakix Twitter uksaruw mantapxäna.

Aaman Wadud, Guwahati markatpach niya 300 kilómetros ukhat tuytiyatayna :

Sarnaqäwijanx sinti jan wali uraq khathat uñjta. Guwahati uksan uraq khathatix utjarakiwa. 4:41 willjta pachawa, utaj jak’an jakasirirnakax taqiniw kallinkapxi.

Sorokhaibam Akee jupax mä jan walt’ayat jach’a utan jamuqap uñt’ayi:

Dewland, Imfal uksan jach’a utaw jan walt’ayata. 6 pisun utawa. Deepak Shija jupan jamuqapa.

Imfal uksan qullayasiñ utapax jan walt’ayataw jikxatasi ukatx usutanakarux anqan suyapxam sasinw mayipxi.

Facebook ukax Manipur uksan uraq khathatit uñt’ayañatakix jist’arataynawa .

YouTube apnaqir Storm Chaser, uraq khathatix jan walt’ayk uksatw mä video uñt’ayi:

Medios masivos ukanakax jank’akiw chhuyu yatiyawinak uñt’ayapxi:

Imfal uksanx uraq khatatatapatx mä jach’a utaw jan walt’awinki.

Imfal ukan uraq khath makiptatax mä jach’a utan pirqapaw allitatxi.

Noreste de la India uksan uraq khathat utjataparux llätunka arxat’äwiw (argument) arktawayi .

K Rahul Dev Sharma científico uru jurnalpachaw yatiyäwinakar arkatawayi:

Manipur uksan jilïr irpirinakan jan jank’ak jayst’apxatapax llakayawa.

Lusa qhanax jiwt’atawa. Walaja pachaw jan servicio eléctrico ukan jikxatasita. Jichhax Smartphones ukan Internetapakiw yatiyaw yatiyañatak yanapt’askistu.

Chitra Ahanthem jupax uraq khathatit yatiyäwayi, yanapt’aw mayiwi, phiñasiwi utjk ukanakat yatiyi:

Manipur uksan jach’a yatiqañ utar jan walt’ayatxat yatiyi.

Ima Keithel uksan jan walt’äwinakxat warminakax arst’apxi.

Imfal uksan uraq khathatäw utjatapatx jiwatanakas jan walt’äwinakas janiw sinti jach’akiti ukampirus mantanakaw munasi.

Ima Market Imfal ukanx uraqpachanx niyapunix aljasirinakax warminakaw sinti jan walt’äwinakan jikxatasiwayapxi.

Ima Keithel, Ima wali uñt’at qhathux jan walt’ayataw jikxatasi.

Facebook pajinan jamuqanak apthapita, Finding The Voice jan walt’äwinakat uñt’ayapxi. Luwang Laiva mayni arunakamp arxat’irix qillqt’iwa:

As of today, the safety within the premises of Ema market cannot be guaranteed… after shockwaves are likely to hit anytime soon.. I hope the authorities do the necessary asap to avoid any casualties…

Jichhürutx Ema Market… uksan utt’ayañax janiw askiniw sañjamakiti, yaqha yatiyäwinakax kuna pachas purinikispwa… Jilïr irpirinakax jank’akit jan walt’äwinak suyt’ayapxaspa.

Kunapachatï Bangladesh uksan uraq khathatix utjki ukhax waljaniw capital Dhaka uksan kallinakan jikxatasipxi, (350 kilómetros del epicentro). Bangladesh uksan jiwatanakax reacciones de pánico ukalaykuw utji. 29 usuchjataw qullayasiñ utar apayata. Uraq khathatitx bangladesíes tuytiyapxarakinwa.

Uraq khathatix mä alarma ukjamanwa… Bangladesh uksan ikit jank’akiw sartapxäna. Jichhax wasitamp yatiyaw suyt’asipktanxa.

Bangladesh markanx uraq khathatix 05:05 pacharuw utjawayi.

Bangladesh uksanx janiw uraq khathatitak wakicht’atapkänti. Daily Star yatiyawayiwa Ministerio de Socorro ukat Gestión de Desastres ukaruw uñt’ayi, Dhaka markanx 72.000 jila jach’a utanakaw jan walt’ayat jikxatasi.","""Uraq khathatix mä mulljawiwa...  Bangladesh markan akatjamat mulljatayna. Jichhax ukxat uñt'ayapxama "".",aym,globalvoices,Global Voices,fake news,0acb9443-e93d-44a0-944b-8acdfed468bf,article,MassiveSum
https://aym.globalvoices.org/2015/06/7212,,Nigeria markankir rey de Lagos jupan munataparjam jan chimpuntapkan ukhax Igbo markar jiwayañatakiw asxarayi,,"Su Alteza Real Rilwan Akiolu, Oba de Lagos (2 uru mara t'aqa phaxsina, 2006 marana). Estadounidense nayrïr yatiyirin Kurt Riggs, jupan jamuqax apsutawa, Wikimedia Commons uksan uñt'ayata

Su Alteza Real Oba Rilwan Babatunde Osuolale Aremu Akiolu I, Oba (rey) de Lagos jupax mä chiqa pantjaw luratäna. Estadon mä Igbo dirijintinakan tantachawipana, asxaratayna, Igbo jaqinakar khithinakatix jan Akinwumi Ambode ukar jaquntkani(candidato a la gobernación por el partido All Progressive Congress) ukhax “Umanw jikxatasini”:

On Saturday, if anyone of you, I swear in the name of God, goes against my wish that Ambode will be the next governor of Lagos State, the person is going to die inside this water. I’m not ready to beg you. Nobody knew how I picked Ambode. Jimi (Agbaje) is my blood relation and I told him that he cannot be governor in Lagos for now. The future belongs to God. I am not begging anybody, but what you people cannot do in Onitsha, Aba or anywhere, don’t do it here. If you do what I want, Lagos will continue to be prosperous for you. If you go against my wish, you will perish in the wáter.

Samarañ urunx, alaxpachankir awkin sutiparuw surta, jumanakat khithinakatix nayan munawijtuq sarkani khä Ambode jutïr gornador del estado de lagos ukhamañapatak ukkhax, uka jaqix uma manqhinaw jiwani. Janiw achikapkirisnati. Janiw Khitis Ambode jupar kunjam chhijllkatajs yatkiti. Jimi (Agbaje) wila masijawa ukhamarak jupar jichhax janiw gobernador de Lagos ukatak atkiristi sisxtwa. Jutïrix alaxpachankir awkinkiwa. Janiw khitirs achikti, ukhamarus Onitsha ukan jumanakax janiw atipxkasmati, janiw Aba ukans janiw khawkhans, jan akan lurapkamti. munawinakax phuqapxat ukhax, Lagos ukax nayrar jukirinpach sartaskakiniwa. munawinakax pixthapipjat ukkhax, umanaw tukuyapxata.

Twitter uksan uñt'ayataw mä waraqatax jikxatasi:

Kawkirinakas jiskt’asipxi, akan Oba Rilwan Akioluwax Igbo jaqinakar axsarayaski océano qutarapayañataki Agbaje ukar jaquntapxan unkjaxa.

Nigeria markax sistema presidencial ukanikipansa, jichhakamax khä monarcas, étnicos tamanakaw markan jikxatasipxi. Tradicionales monarkanakax janiw soberaníamp sarxapxiti. Ukhamakipansti, jichhakam mä (poderosa fuerza moral de validez fundamental) apxarupxi. Oba de Lagos ukax Nigeria markan maynïr monarcas tradicionales ukawa, ukatx Lagos ukax Nigeria markan nayrïr capital ukhamarakiwa, centro neurálgico de la economía ukhamarak punto de fusión cultural – may may markanakata. Nigeriankirinkax qasawi chika phaxsinx gobernador de estado ukax chhijllapxi. Aknirinakatakiwa, estado de Lagos uksatx Akinwumi Ambode APC ukata (All Progressive Congress) ukatx Jimi Agbaje dPD ukata (People Democratic Party). Presidenciales chhijlläwinakanx 28 uru achuqa phaxsin General Muhammadu Buhari APC partidut atipt'awayi, Goodluck Jonathan qulliri, PDP partido ukan irpiriparuw atipjawayi.

Chhijllawix askinakiw phuqhasïna, khaysa sureste ukhamarak sur uksankirinakaw Jonathan Jilïr irpiritak jaquntapxatayna, jilpachax norte ukhamarak suroesteuksankirinakax Buhari General jupatakiw jaquntapxatayna. Uka chikjat étnicas ukaw jutïr samarañ uru chhhixllawinx unjasispa. Igbos, sudeste Nigeriankirinakax Goodluck Jonathan jilïr irpiritakiw chimpuntapxatayna.

Cibernautanakaxa, Oba de Lagos, jupan asxarkay arunak arsutapata, ukhamarak “uñisisiñ arunak arst'atap” ist'asinx phiñasitapxanwa:

Chxta jupax siwa akax Igbos jupanakamp aruskipañataki mä jawsthapiwiwa sasina:

Ukatx lup'twa. Uka luräwix kimsa fuentes nacionales, This Day, Independent ukat PM News ukanakax jawsayapxanawa. Oba Akiolu jupax jiwañampiw asxarayi

Nigeria markan comisión de derechos humanos ukan jilïr irpiripax akham lup'itayna:

Arxatirjama, AIG ukan nayra irpiri ukhamarak wali yäqata, Oba Akiolu ukan yatiñ kankañ arunakapawa.

Adekunle jupax Kabiyesi jupamp p'inqachatanwa, (K'uk'ux) Ndigbo jupamp mä disculpa ukham mayisipxäna:

Kabiyesi jupax @realIFFK ukat Dame Peshe jupanakax yatiqanakjamawa! Ndigbo- Lagos ukasnkirinakaruw mä p'amp'acht'aw mayt'i.

Tunde Leye qillqirix gobernador del estado de Lagos ukarux akham mayi, Tunde Fashola, Oba jupar sancion uchayama sasina:

Partidupax CPI ukaruw Patience Jonathan ukan uñisisiñ arst'awipat amuyt'añapatak mayi.

Oba jupax sarxañapaw sasinw Foghi Batarhe jupax qillqt'i:

Aka waraqat uñt'ayañatakis janiw yäqkti. Oba Akiolu jupax jaqsutañapawa. Jupax Alá ukan jurado ukhamanwa.

Nze Slyva jupax amuyunakap uñt'ayi:

Igbo uksax jachawinak uñjta. Oba ukhatpacha, jupax “utjawiay” Lagos ukhat tata Afolayan ukhakama. ¡Dalu un o! sasina

Igbo uksan p'iqt'iripiristixa, masinakajarus Oba jupan chikanchasiñawa sasin siritxa. CHurañ ukat katuqaña

Obinze sawkasisaw Oba jupar arxati:

T’uxpilanakax Oba ukar arxatapxäma, awkinakapan amay imañ luratanakamp sasina, janiw jupax uka sawinakak lurkiti, amukt’axapxatayna. Ipinaka!

Ña pachpakiwa, yaqhip Twitter usuarionakax jaqa anqax tuqisiw sawkawinakaw lurapxäna.

Añchhitaw tiyujar jawsta, jilanakapanwa, Oba Akiolu laka manqhin wal parlaskatäna. jupax janiw uk siskiti. ABIA.

Kunawsatix partido democrático (PDP) ukatak jaquntañ munkata ukhax janiw amuyktati:

“Ina pampakix janiw munasiñarus janiw siskaspati…”

13 uru qasawi phaxsit 2015 marana: Chico Yoruba uñt'atax Igbo munasitaparuw tumpt'ir sari. Janiw kunas munasiñarux jark'kaspati…","""Kunti munktxa, Qutanakax jumanakatakix jach'aptaskakiniwa. Naya munkt uka kuntrapxat  ukhax uma taypin jikxatasipxata.",aym,globalvoices,Global Voices,fake news,8f161431-e77a-4af6-afee-dc6bfcfbf1f7,article,MassiveSum
https://aym.globalvoices.org/2011/06/2003,,Colombia: Parlamento Andino sede tuqitx lunthatanakaw lunthatawapxatana,,"7 uru mara t’aqa phaxsitx sede del Parlamento Andino satak ukaw Bogotá, Colombia markan lunthatanakax mantapxatana. Parlamento Andino ukax Comunidad Andina ukan uñjatawaes Bolivia, Colombia, Ecuador ukatx Perú uka markanakax “desarrollo integral ukar puriñ amtanipxiwa, ukapachparakiw sudamericana uktax latinoamericana” uksansa. Blog Planeta al día satak ukax mä yatiyäw akhamat uñt’ayi:

Los ladrones se llevaron computadoras y bolsos de legisladores latinoamericanos que asistían a un foro en la sede central bogotana del Parlamento Andino (Parlandino)

Los asaltantes entraron al lugar cuando los congresistas habían salido del recinto para un descanso, según lo denunció la senadora paraguaya Ana María Mendoza.

Lunthatanakax atamirinaka (computadoras) ukatx khitinakati, legisladores latinoamericanos bogotana sede del Parlamento Andino tuqin mä foron chikanchasipan ukan bolsonakap kunwa apsurapxatayna.

Kunapachati, congresistanakaj recinto tuqit samart’añatak mistuwapxatayna, ukhakamaw lunthatanakax mantapxatayna, Paraguay markankir senadora Ana Mariaw ukham yatiyi.

Twitter #Parlamentoandino tuqinw jan chiqaw siri cibernautanakan amuyunakapax ullart’atana.

Natalia A. Gómez, (@NataliaAGR) jupax arsuwa:

Esos ladrones del #ParlamentoAndino, nos hicieron quedar a los colombianos frente al mundo, como país altamente inseguro…Que pena

Llakiskayawa… #Parlamento Andino ukan lunthatanakax uraqpachanw colombianunakar jan wal uñjaychistu.

Ukatx César Herrera, (@cesarherrera00) uñt’ayiwa:

Que pena con esas personas extranjeras que fueron víctimas de la delincuencia al interior del #parlamentoandino! @bogotá insegura!

Llakiskayawa, uka anqajat jutir markankirinakar ukham jan wali uñjayasa uka #parlamentoandino! @bogotá markana!

[caption id=""attachment_71256"" align=""aligncenter"" width=""458"" caption=""Sede del Parlamento Andino - Bogotá MrKrako Flickr tuqin licencia CC by 2.0 ukarjam jaysatawa ""][/caption]

Yaqhip jan wali amuyirinakax Parlamento Andino ukan funcionarionakaparuw lunthatanakakjam uñjapxi:

Juan David Buitrago (@JuanDABuitrago) jilax qilqt’iwa:

Jimena Contreras, (@Azulitagirl86) kullakax siwa:

Robaron el #ParlamentoAndino ? y luego ellos no nos roban nuestros #impuestos? Mas #ladrones de cuello blanco!

Ukatx MarceloGonzalez (@Diegomarcelo) jilax jiskt’iwa:

Será que los del #parlamentoandino sintieron igual cuando los robaron, como el #pueblo cuando nos roba el gobierno? #losdilemasdelavida.","7 uru mara t’aqa phaxsitx Bogotá  Colombia markanx Parlamento Andino tuqiruw lunthatanakax mantapxatayna. Twitter,  #Parlamentoandino tuqinw jilpachan janiw chiqakit siri cibernautanakan amuyunakapax ullart’atana.",aym,globalvoices,Global Voices,fake news,f21382bc-8176-435e-93a8-0edde99e2731,article,MassiveSum
https://aym.globalvoices.org/2014/08/6735,,Ecuador marka: Quito-Pichincha uksanw Sismo ukax utjawayi,,"Vista panorámica de Quito. Imagen en flickr del usuario DarlynMeyer (CC BY-NC 2.0).

Atüru 12 uru llumpaqa phaxsin 2014 maran niya 14 jayp'u pacharux Instituto Geofísico de la Escuela Politécnica Nacional (

escala de Ritcher utjawayi, Quito markan ukat Ibarra, Tena, El Chaco, Otavalo, Santo Domingo, Urcuquí, Esmeraldas, Baños, El Carmen, Guaranda, Guayaquil, Latacunga, Tulcán markanakan uka uraq khathatix utjawayi.

Quito markanx jasakw uka uraq khatahix utjaspa.

Mauricio Rodas, Quito markankir alcaldex Twitter (@MauricioRodasec) uksanw yatiyi:

Uraq khathat utjatapatxa, Pomasqui, Calacalí, San Antonio, Puéllaro ukat Calderón markanakanx emergencias ukankapxiwa:

José Serrano ministro de Interior jupax taqi uka jan walt'ayatanbaktw uñakipt'atayana. Ukakipakarakiw Twitter (@ppsesa) uksans Catequillas ukxats yatiyäna:

Diario El Comercio ukax yatiyawayiwa payïr jiwatx mayni 4 maran jisk'a lalaw jiwata sasina.

Secretaria de Gestión de Riesgos ukax Solca de Quito ukat San Francisco markananakanx qullayasiñ utanakanx jna walt'awinakax (daños) utjarakiw sasinw yati:

La secretaría también pidió a la población que siempre esté prevenida:

Municipio Quito, Policía Nacional, Fuerzas Armadas, Cruz Roja ukat bomberos ukanakax mä wawakiw irnaqasipki, chhaqhatapk ukanakar thaqhasa.","Atüru 12 uru aka llupaqa phaxsitx capital ecuatoriana uksanx mä uraq khathatix 5.1 magnitud ukhan unxtawayi, jan walt'äwinaka ukat pani jiwata ukjamaw utjawayi.",aym,globalvoices,Global Voices,fake news,f048a8ee-233a-4894-a249-688c37757f48,article,MassiveSum
https://aym.globalvoices.org/2014/09/6784,,Kirrguistat unxtayir wayn tawaqunakatakix yatiñwakichawinakatx janipun jan utjkitixa,,"Proyecto Beneficiario Rising Voicesant jichhakiptayata

Kirrguistan unxtayir wayn tawaqunakatakix lakan phaxsix wali kusa achuyañ phaxsïnwa.

Jichhax kusa amuyunakaw kuna qillqt’añxats utjapxitu. Yaqhip yatiñwakichawinakax talliran yatintirinakat walja amuyunak kunjams ukan sapür yanqhachat jakäwinx anqans manqhas jaktan ukanakax mistsüna, uñxtasiñampit yäqpur chullaptayañampit jark’ata. Ukjamarus utajanakxat kunanaks lurapx ukanakat qillqañx munapxtwa, kunawsatix nanakan awkijanakas jilakajanakas uñch’uqiñtuq uñtat quntasipk ukxat ukat kunjams isinak uchasn ukxata, ukatw kallinakan uñch’ukik arknaqat ukjam uñjastana. Janiw jasak yatiñ yatxatañajanak ch’ikhiñajanak ukjam munapkiti, janiw nanakax kuns sapkiristsa, markachirinakax nanakxat arsupxi. Nanakan masijax nunirin lunthataw jikxatasi ukat wali maxt’aw panichasi. “uyat” ( axsarañxata), “el emne deit” (jaqix kamspachasa) ukan sarawinakxat qillqañ munapxta. Nanakan janchijanakatxat phinq’asiñ ukat chuymachinjata ukat wilamasin chachanakar yäqañ ukanak yatichapsxtuna

Yatiqañ utanakasanx jan walt’aw yanqhachawinakax utjiwa. Yatichirinakax janiw kuna lurans ch’ams yanqhachawit jark’t’añtuqit yatiyapkiti ukat yaqhipanakax yatiqirinakarux jawq’apxiwa. Yaqha jan walt’awinakax yatiqañ utanx kuna jawq’añanaks nuwañanakas sutichañanakas ukat awkinakan wayt’apx ukanakas utji.

Unfortunately, many do not want to talk about what is happening, since they do not see anyone wanting to prevent violence. Sometimes we are scared to open up to our parents, teachers, and others, because we are afraid of experiencing violence again.

Llakkañawa, waljaniw kunas makipask ukxat jan arsuñ munkiti, janiw khitis jan walt’awx jarkt’añ atkiti. Awisax awkisanakaru yatichirinakaru ukat yaqhanakar wakisispaw kunatix jan walt’aw kutt’añinx yanqhachatapxtan ukxat yatiyaña.- taller-ran yatintiri

Talleres ukanakanx wawanakampiw teléfonos inteligentes apnaqañanakxat amuyunak yatintapxta. Mayni yatintiristi Smartphone apnaqas jamuqampxat videompxat yatiyaw uñacht’ayi. Yaqx qillqt’atxat ist’añ waraqañampit arst’ana, yaqhax jawsañxat apayañxatraki, ukat yaqhamps redes socialesampxat bogueompxat arstt’apxana. Akanakax janiw saprjam uñjatakiti, kunjamatix yatiqañ utan utjk ukjama. Nanakax nanakan luraña ukt amuyunak uñacht’ayapxta. Kirguisa markan mä kullakax wali kusisitaw jakawipat facebookapan mäkipun qillqa qillqantañ qalltana. Kunjamas wakanakapat uñjisi, achunak apthap aljañataki, qullq jikxat inglés yatiñ yatxatañak ukanakxat qillt’äna. Qanpachax inglés arx yatiqañ muniwa. Ukxarux jupan yaqhip arsutanak qillqataw utji (iyawsawipamp uñacht’ayatawa) kawkhantix ukanx sapur lurawinak yatiyaw yapkatani:

Ураааааа нашлась моя потерявшась корово y моей подрyге дома,но она исспортила иx нюю всю малинy.

¡Hurra!, masijan utapan jikxatasta, ukampirus jupax panqar uywañaruw jan walt'ayi.

Вы не поверите я соберала малинy 11 часов ,я где то в 9:00 часоов зашла в 17:00 вышла, Не x ила да? За что 46 банок собрала, и здала за 65 сомов

Janiw chiqapachaw sapkatati, frambuesas ukx 11 pachanw apthapta. 9:00 a.m. pachaw qallta 5:00 p.m. pachaw tukuyta janiw jan walikpachati nu? jichhax 46 potes de frambuesas ukja apathapta ukatx 65 soms ukjaruw aljata (moneda local) (1.22 dólares EE.UU.)

Ukat yatiyawinakapanx markan jakañ jan walt’awinak utjk ukanakatx uñacht’ayarakiwa:

Жизнь в селе как вы себе придставляете?

У каждого она разная это зависит как сам/сама относятся к этой жизни для меня жизнь в селе порой надоедала и я проста xотела покончить жизнь само убийством,порой просто xотела жить и наслождатся что живу,что я есть порой я чувствовала что моя душа была далеко от меня и я не наxодила что мне делать я просто жила

я почти каждый день собераю малину,а другие ребята моего возраста работают соберают клубнику,малину ии зарабатывают себе на жизнь,к счастью я мак не работаю, но я знаю что это очень трудно

Sapa mayninw yaqhakast jakäwix utji. Sapa maynitw kunjam jakañas ukx yati. Markan jakawipax awurxituwa ukat amuyajatatx janjamakiw akan jakañ munxti. Ukat yaqhippachax jakawijat sum sarnaqañak munxta. Awispachax janiw amuyxti, khititakis jakaskpachata, ukats jakawijx jakaskatwa.","Sapuruw achunakx apthapta, ukch’añkamax yaqhipanakax nayats juk’amp ch’aman irnaqapxi. Jupanakatakix ch’amawa, nayax yatw kunjams wakichätat  kirguistankirinakax, Rising Voicesankirinakax irnaqapx ukxa, jupanakax blogs tuq ch’iqintañ munapxäna, ukat talliris ukanak yatxatañanak wakt’ayasipkaki.",aym,globalvoices,Global Voices,fake news,ca2395f0-a2c6-4ad9-b1fe-3b90c36f61c7,article,MassiveSum
https://aym.globalvoices.org/2011/09/2751,,Mä jan walt’awit wayra tuqi uñacht’ayäwi · Global Voices Aymarata,,"Aka post ukax Yemen ukan 2011ni maran qhurut arsusiwxatawa.

Capital Yemen, Saná ukan jan walt'awin wayra tuqiw tuythiyas uñt'ayasi, jichhakamax 22ni usuchjataw utji, ukax wayra tuqiw uraqpachar uñt'aysi [ar].

Manifestante que recibió una herida en la cabeza luego de un ataque de las fuerzas de seguridad del gobierno recibe atención médica en un improvisado hospital/mezquita cerca de la Universidad de Saná. Foto de Luke Somers, copyright Demotix (18/09/2011).

@virtualactivism: Un corresponsal dice que alguien le trajo la cabeza de un hombre golpeado directamente por un RPG (NdelT: aparentemente un tipo de cohete) y que decidió no mostrarlo en directo #yemen

: Mä yatiyirix yatiyistuwa, mayniw RPG (NdelT ukan jan walt'ayat p'iqir apani sasina : Wyaratuqiw uñt'ayasi #yemen

@OmarMash: RPJ ataca en la cabeza a inocentes y pacíficos jóvenes manifestantes. No hay proporción a esta maldad. #Yemen #SanaaMassacre

: RPJ ukax jan juchaninakaruw yaqnhachi. #Yemen #SanaaMassacre

Heridos manifestantes yemenitas son llevados a una ambulancia durante los enffrentamientos luego de una marcha pacífica en la capital, Saná. Foto de Saleh Maglam, copyright Demotix (18/09/2011).

@iyad_elbaghdadi: Confirmado: Cañones antiaéreos utilizados en la actualidad por los partidarios del régimen de #Yemen contra los manifestantes desarmados. 22 muertos, “cientos” de heridos. #Masacre #Sanaa

: Iyawsata: Cañones antiaéreos ukanakax partidarios del régimen satak ukanakan apnaqatawa #Yemen ukax maysatax unxtasiwa. 22n jiwatanaka, “pataka” usuchjatanaka. #Masacre #Sanaa

@earthtoinadine: Los yemeníes son unos de los pueblos más armados, pero se han mantenido tranquilos durante meses frente a la brutalidad. Esa es la fuerza de caracter.

@earthtoinadine: Yemeníes ukanakax wali armanipxiwa, ukampirus janiw ch'axwapkanti.

Activista mauritano Nasser Weddady ukax uñt'ayiwa:

@weddady: A la luz de los últimos meses, la masacre de hoy en #Yemen es una consecuencia lógica de la apatía internacional ..

: Qhipa pjhaxsinakax qhanaruw mistu.Yemén ukamp chikancht'asipxakima.

Aka post ukax Yemen 2011ni maran qhurut arsusiwinakxatawa.","Twitter tuqiw wayra tuq uka jan walt'awix uñjasi, Saná markana  yemení ukana. Pallapallanakax unxtasirinakatakiw nin naqtayapxi 22 usuchjatanakaw jichhakamax utji. Ukax jan walt'awix wayra tuqiw uraqpar uñt'ayasiwayi.",aym,globalvoices,Global Voices,fake news,0ea6b728-877d-4935-a5d0-4a519bc232b4,article,MassiveSum
https://aym.globalvoices.org/2014/09/6786,,Iraní markankir jilïri irpirix sitios de noticias sin licencia ukanka jist’antaski · Global Voices Aymarata,,"Munata apnaqiri, maymara pä waranq llatunka lapak phaxsin mä tantachawin yatiyirinakan jisk’a kamachitanakapaw jach’a kamachitar chikacht’ataxi, akax yatiyirinakataki, ist’irinakataki ukar sitios web ukanakatakiw qillqt’ata, yatiyawix jiqhatasiwa articulo 7 ukar parragrafo (a) ukana, akham sarakiwa; kawkirinkati jani permisu comité supervisor de prensa ukat katuqapki ukanakax janiw sitios web ukar mantapkaspati

Kawkirit i gobierno irani yatiyirinakar chiqanchirinakax jichhakiw yatitaw yatiyirinakan kamachitanakap jaqukipawayapxi akjama: taqi yatiyaw yatiyirinakax ministerio de cultura y Orientacion Islamica “ e-rasaneh ” (“ periodico electronico” en farsi) ukaru qilqant’asxapxañapa, akax Consejo supervisor de prensa nacional ukanakan p’iqipan jiqhatasxi. Kawkirinakati yanapt’apkani aka machaq sarantawinakamp Minesterio ukankirinakax suxta phaxsi yanapt’atapxani, ukjamarus eventos nacionales ukanakar inakiw manatayasini.

La agencia nacional de noticias IRNA informó de la noticia después de una conferencia de prensa con el viceministro Hossein Entezami el pasado agosto. Entezami pidió a los líderes de la industria de la comunicación en Irán que colaborasen con las nuevas medidas “para que el marco legal pueda encajar con la prensa nacional”. Agencias nacional noticias IRNA yatiyawit akham yatiyawayapxi; pasiri yanqha paxsin viceministro Hossein Entezami tatax akjam mä conferencian yatiyaw yatiyirinakar akjam mayiwayi: yanapt’asiñani aka machaqa kamachitanakampi ukjamat chiqar aka marco legal ukar sarantañatak sasa.

Entezami tatax taqpacha sitios web ukanakar yatiyawayiwa: “ Minestrio de cultura y Orientacion ukanakaw jichhat uksarux apnaqqhapxani, akax tunka kimsa qallqu kamachitan jikqhatas bsasa”

Aka Artículo 18&nbsp ukan aka [NdT- pagina 37 PDF] jikxatsi, Irani markan kamachix jiqhatasi juchanchañ kamachit taypinwa, aka kamachitampix juchanchataniwa kawkirinakati q’arinak yatiyapkani ukanakaru, ukjamarakiw ukan taypinki jaqinakar jan sustjañapataki ukar p’iqi us uchañapataki ukat uka pachpa p’iqinchirinakar jan p’iqi us churañapataki.

Maysatsti sawayarakiwa: kawkirinakati walja sitios web ukanipki ukar jani licencia ukanipki ukanakar makiw Consejo supervisor ukanakax jist’antapxani. ukhamarus Entesami tatax sawayiwa; kawkirinakati sitios web ukar yanapt’apkani ukanakar mä chaninchaw churatani. Ukhamarakiw irani jaqinakax jank’aki sitios web jani licencia ukanakxat consejo supervisor ukar yatiyapxani. Shahrivar uka calendario persa ukana

Pasiri urunakax mä uru mallki phaxsit saraxkipan dana.ir mä qalltiri sitios web uka katjawayapxatayna ukatsti janq’akiw jist’antawayapxaraki.

Aka machaq kamachitax qhanachwinp chikaw uñstawayi, presidente Hassan Rouhani ukamp chikt’ata. Ukat mask’ampjarusti Tuit presidente jakhuwipawa.

Jumati mä filtro uka uñstayata ujax yaqhax antifiltro uka uñstayani. Janiw kunas askichaskaniti

Walja internautas iraníes jupanakatakix katuntawinakamp jilxatk ukxatx activistas ukat blogueros ukanakarux janiw walt'aykaniti.",Sitios Web Iraníes  uka yatiyirinakati taqi requisitos ukanakamp phuqchi ukhax Gobierno-uksatx subsidio ukanak katuqapxani.,aym,globalvoices,Global Voices,fake news,7f437b1e-448e-4fa4-91b9-342da441bcdc,article,MassiveSum
https://aym.globalvoices.org/2013/04/5754,,Buenos Aires jach’a markan sinti jallun purintatapax 35 jiwatw utjayawayi · Global Voices Aymarata,,"2 uru aka qasäwi phaxsit aka 2013 maranx Buenos Aires markan provinciapax jallun purintäwipatx jan walt'ayataw qhantatiwayi, jichhakamax 35 jiwataw utjxi.

Blog EA2CPG ukax pachatuqit uñt'ayi ukax Día del Veterano ukat Caídos en la Guerra de Malvinas ukanakar amtkas samarañ urumpiw (feriado) chikachasiwayi:

La ciudad de Buenos Aires tiene unos tres millones de habitantes. Más de un 10% de la población ha sido afectada directamente por las últimas lluvias, las más dañinas de los últimos 107 años, de acuerdo con las autoridades. La Reina del Plata se pareció en la madrugada del martes a Venecia y necesitará muchos días para retomar la normalidad.

Buenos Aires jach'a markax kimsa waranqa waranqa markachirinakaniwa. Sinti jallu purintäwimpix 10% ukat jila markawjan walt'ayat jikxatasi, 107 maratx jilt'atapuniwa. Reina del Plata ukax Venecia ukar uñtataw qhantatiwayi, ukatx walja urunakaw kunjamakanti ukar tukuyxañatakix munasini.

Blog Popckorn, Buenos Aires markan jallun jan walt'ayat zonakxatwa jamuqanak uñt'ayi. Ukjxarusti informeya apnaqirix uka jan walt'äwinakat aka video uñt'ayi:

Aka qillqaw “#Temporal:Relatos de la Catástrofe” jall ukham sutinchat qillqatanxa, Revista Anfibia, jamuqanakaw uñt'ayasi:

La colección de discos de Gardel de mi viejo flotando entre los míos y los de mis amigos. La casa levantada sobre una correntada. Entre la somnolencia de la madrugada, el asombro y la impotencia. Sacar el agua y tragar saliva. Seis horas sacando agua. En su casa, mi vieja eligiendo entre sus cosas guardadas durante 79 años que tirar y que secar para salvar. Una vecina triste como un fantasma pues el agua le arrebató una foto; lo único que le quedaba de su hijo.

Qhantatix wali mulljaskayanwa, suxta pachaw uma apsupxana, kuna yänakap qhisphiyañataki, mayni markachirirux umax apasxanwa.

Akaw nayraqat umamp jan walt'ayataxa.

Cátedra Libre del Agua facebook pajinanx Buenos Aires jach'a markan utt'asiwipat jichhakamax kuna jan walt'äwinakas utji ukxatw amuyt'i:

Pero por qué se inunda Buenos Aires? Desde su fundación, la ciudad fue creciendo y extendiéndose hacia el conurbano bonaerense. A medida que este crecimiento se encontraba con arroyos que desembocan al Río de la Plata se los entubaba, se rellenaba su cauce y a lotear que se acaba el mundo. La renta urbana es una tentación difícil de evitar. Durante un tiempo estos entubamientos soportaban bien la lluvia, pero a medida que se siguió construyendo la superficie natural absorbente disminuyó y el volumen de agua que comenzó a pasar por allí aumentó. A esto hay que sumarle la desaparición de los pulmones de manzana y su sustitución por cemento, además de la poca pendiente que tenían los arroyos que fueron entubados. Finalmente, están los rellenos sanitarios en la costa del Río de la Plata para ganar superficie con fines inmobiliario que aumentan el largo de los entubamientos hasta llegar al desagüe naturales.

Buenos Aires ukax kunats uman apat jikxataspacha? utt'asiwipat uksarux wal jiltawayi.Ukham jiltawaykipanxa Rio de La Plata ukax wali q'añunakans phuqhantataw uñjasxana.

imagen compartida por Gustavo Streger (@gstreger) en Twitter.

Cristina Fernández de Kirchner Buenos Aires uksan jilïr irpiripax juchancharakiwa. Agencia nacional de noticias Telam ukax Ministro de Planificación Federal, Julio De Vido jupan arsuwinakapw uñt'ayi:

El ministro de Planificación Federal, Julio De Vido, aseguró que “otra vez la falta de gestión” del gobierno de Mauricio Macri “nos lleva a lamentar víctimas fatales y deja a 450 mil vecinos sin luz” en la Ciudad.

Ministro de Planificación Federal, Julio De Vido, Mauricio Macri uka irpirikan uka maranakanjam jan walt'äwix utji sasaw amuyt'i.

Maysatxa, Comunas 24.com uñt'ayarakiwa, Mauricio Macri, akham qillqt'i:

“Los vecinos de Belgrano me dijeron que en algunos sectores algunas obras parciales que hicimos contribuyeron a mitigar un poco el problema, pero ha habido muchísimo daño y, obviamente, lo que falta es esta obra final en el arroyo Vega, que todavía no hemos podido iniciar por la falta del aval nacional para tomar el crédito” […] “Yo pienso que la Presidenta debe haber visto lo que pasó ayer y todo lo que sufrió la gente de esa zona, en sus domicilios y en los comercios. Espero que baje una orden que nos habilite para tomar este tipo de crédito”. Macri recordó que hace más de cuatro años que la Ciudad solicita esos avales y aclaró que el crédito, “lo va a pagar la Ciudad integramente.”

“Belgrano uksankirinakax yaqhip obras luratanakax jan walt'ayataw uñjasi sasin sapxitu” […] “Nayax sistwa, Jilïr irpirix kunati wasürux makiptawayk ukx uñjañapawa”.

@lambrelau: Para no quedar fuera de las circunstancias, CFK [Cristina Fernández de Kirchner] y Macri se lavaron bien las manos #inundaciones #dondeestaCFK #Macri

@lambrelau: jan qhiparstañatakix CFK [Cristina Fernández de Kirchner] ukat Macri #inundaciones #dondeestaCFK #Macri jupanakax amparanakap jariqasipxi.

Periodismo ciudadano Letra Compartida ukat Infobae uka sitionakanx walja jamuqanak uñt'ayi.","Buenos Aires jach'a markanx 1 ukat 2 uru aka qasawi phaxsin sinti  jallun  purintatapax jan walt'äwinakw utjayawayi, jichhakamax 35 jiwataw utjawayxi.",aym,globalvoices,Global Voices,fake news,d87527de-bc65-4c75-a265-94d345249e0d,article,MassiveSum
https://aym.globalvoices.org/2012/01/3653,,Film Camp Camboya,,Nayrïr Film Camp sutinchatäk ukax Camboya markan achuqa (marzo) phaxsin aka maran apasini.,Nayrïr Film Camp sutinchatäk ukax Camboya markan achuqa (marzo) phaxsin aka maran apasini.,aym,globalvoices,Global Voices,fake news,42b1081e-7281-4188-ab31-7a36fb7ca7e3,article,MassiveSum
https://aym.globalvoices.org/2011/07/2201,,Monterrey markan huracán Álex ukan jan walt’ayatapat mä marat wasitamp luräwinaka · Global Voices Aymarata,,"Mä maraxiwa, 1 uru willka kuti phaxsit 2010 maran Monterrey markan huracán Álex ukan tukhatapatxa. Carlos Hinojosa jilax México markan jakaña uka uñjawayi, kunjamas aka marax uka jan walt'awitx wasitamp luräwinakax utji jas ukanakw uñji.","Mä maraxiwa, 1 uru willka kuti phaxsit 2010 maran Monterrey markan huracán Álex ukan tukhatapatxa. Carlos Hinojosa jilax México markan jakaña uka uñjawayi, kunjamas aka marax uka jan walt'awitx wasitamp luräwinakax utji jas ukanakw uñji.",aym,globalvoices,Global Voices,fake news,0b64b253-82f0-4b3c-98e7-147f33fa2ba0,article,MassiveSum
https://aym.globalvoices.org/2010/10/633,,Venezuela: Videos Web satax Markachirinakaruw Chhijllañatak Ch’amanchi,,"Venezulanunakax jichhüru 26 urun sata qalltan chhijllapxi, Asamblea Nacionalar machaqat tukuyañataki, (legislativo monocamara) astas nayra Congreso ukaruw lantinchi, red ukansti walja jaqinakaw videonak ch’arqthapisipkatäna, markachirinakar chhijllañ jark’añataki. Electoral taypinkir jilankax walja videonkanipxiwa, ukanx kunayman lurawinak uñacht’ayi, ukanakax musicalaes sataruw tukxi, chhijllawin askipatak mä thakjam jan walt’awimp kipkt’ayañ amtañatki, kunayman arsuwi, qulqita, ukatx manq’at pisiqtawi. Qhipïr videopax (inseguridad) ukat uñt’ayi yanqhachäwinakat qhipa urunakanx venesulanunakaruw jan walt’ayi, ukatx mä raggaeton satampiw ch’arqthapi, ukatx sexy thuqhurinakax mä amt’ayaw apayapxi, aski luräwinak utjañapatakix chhijllañawa

Quetelleva 2010 videox juk’amp ch’amak pachpa t’aqat mä uñtaw amti: (inseguridad). Mayni jan walt’ayatax yanqhachatawa, arum paqaraw jach’a markanjam irpata cuenta bancariap ch’usachañ amtamp yanqhachatawa.Qhipïr video, jan walt’ayatar chhijllañ taypin jaytjasinsti. ¿Kunas irptmxa?

Wayna chhijllawix mä amyja campañaniwa irpir fawurasa jan ukax contrasa askiti chhijllañaxa; ukjamax 26 rasunanak chhijllir sarañatak churiti?

Maynïr videox venezulananakruw chhijllaskapt sas mayt’i, jan ukax chhijllaw t’una jaqtañaruch “jaqtaskapta” sawkasis arunakamp apnaqasa:

Yaqha vidiyunakax mä tama candidatunakaruw yanapt’i, Venezuelan chhijllañatak amtampi p’iqinchatawa, yaqha video alternativa democrática fawurawa; chhijllirinakruw Cuban venezuelar chillqtapat jithiqtañap mayi:

Janiw chiqpacha videonakak uñt’aykiti. Charqthapitanakax utjarakiwa, akjama mä campaña de registro de Estados Unidos satat utt’ayata. Siti ist’awix pachpachi, jisk’a p’iqinchatanakax venezulanat chiqa uñt’aychi: ukax jaqinakar registrasir chhijallañatak jawilltkpachax janïr chhijllkasax blog cartelera Electoral amuyt’añ yatiyañaw mayt’ata.

Aka campañanakax waynanakpura jithiqtayañ pisiqtayañaruw yant’i, red sat yatiyaw nayrïr apnaqirinakpxiwa aka videorjamasti, 2000 maran chhijllawinx 75% waynanakw jan chhijllapkanti. Suyt’atawa, aka marax juk’akiñapa.

Alejandro Andrés Alarcón ukax jisk’a bandera venezolana apnaqi CC Licencia de atribución jupan jaysawipampi.","Venezulanunakax jichhüru 26 sata qallta phaxsin chhijllapxi,Asamblea Nacionalar machaqat turkañataki, legislativo monocamarasatax nayra congreso ukaruw lantinchi,red ukansti walja jaqinakw  vidiyunak chharqthapisipkatäna, markachirinakar chhijllañ jark'añataki.",aym,globalvoices,Global Voices,fake news,82f5803e-1a82-46c0-a60f-27daaed0f5ae,article,MassiveSum
https://aym.globalvoices.org/2014/04/6489,,"Lagos, Nigeria markanw Global Voices ukankirinakax jikthaptapxani",,"Global Voices uka tantachäwipax aka 2014 maranw wasitamp utjani. Maymara 2013 maranw suxta markanakat mä tantachäwix utjawayäna, ukhatw khitinakati ullapki ukanakr kuns chursna ukxat aruskipt'ataskäna. Aka Global Voices ukan tantachäwipax 17 uru aka qasawi phaxsinw aka 2014 maran Laggos Nigeria markan phuqhasini . Global Voices Nwachukwu Egbunike jupan p'iqincht'ataw (@feathersproject [eng]) apasini, uka pachparakiw Escuela de medios ukat comunicación de la Universidad Pan-Atlantic [en] ukas ch'amancht'araki, en Victoria Island, Lagos, uksanw phuqhasini 9:00 a.m. pacharu.

Uka jach'a tantachäwinx yatiqirinaka, blogueros ukat medios ciudadanos uka irnaqa`pk ukanakaw chikancht'asipxani. Ukanx akanakxatw aruskipapxani:

Jumati ukan chikancht'asiñ munsta ukhax aka Formulario ukaruw qillqantañama [en]. Ukat correo electrónico uksaruw jaysaw apayanipxatama. Juk'amp yatiañatakix aka correo: rising@globalvoicesonline.org. uksaruw qillqat apayasma. Aka #GVMeetup [en] arktapxama.","¡ Global Voices ukax wasiatampiw aka 2014 maran tantacht'asipxani! Nayrïr tantachäwiwa, ukax  Lagos, Nigeria  markan 17 uru aka qasawi phasit phuqhasini .",aym,globalvoices,Global Voices,fake news,841f13e3-f782-4ad5-8eef-050add7464ba,article,MassiveSum
https://aym.globalvoices.org/2015/04/7134,,“Hackear la educación” ukax kun sañs muni?,,"Pedro Muller yatiqañ utat tukuyapat amuyt`i, mä yatiqañ utax janiw aka markatak amtatakiti. Ukhamat pä amuyt`aw “yatiqaña” ukat “yatichasiwi” qhananchi:

Yatiqañax janiw p`iqir apantañakiti jan ukax jaqha lurawinakam ch`amanchañawa; jist`asa amuyt`asa lurasa ukham p`iqir irnaqayaña ukat sum yatiqañanak yatiskna.

Jiwasax jaqi taypin sum yatiqtan mä amtat aphtap lurtan amta lurtan amuyt`aw lurtan ukham kunayman yatiqanak sump yatiqtan.

Tukuyañataki, pedrox mä video uñtawir invisttu, ukan Logan LaPlante mä aruskipt'amp “hackear la educación” jan ukax “hackschooling” amyt`ayawayistu, ukan yatiqañ jaqi taypin ukat sumpin qhañanchi:

Akhan jumax Pedron quillqap juk`amp aka Twitter tuqin ullart'arakisma.

Aka qillqatax cuadragésimo sexta edición de

el 23 de marzo de 2015.

23 achuqa phaxsit 2015 maran qhañanchasiwayi.","Pedro Muller yatiqañ utat tukuyapat amuyt`i, mä yatiqañ utax janiw aka markatak amtatakiti. Ukhamat pä amuyt`aw “yatiqaña” ukat “yatichasiwi” qhananchi: Yatiqañax janiw p`iqir apantañakiti jan ukax jaqha lurawinakam ch`amanchañawa; jist`asa amuyt`asa lurasa ukham p`iqir irnaqayaña ukat sum yatiqañanak yatiskna. Jiwasax jaqi taypin sum yatiqtan mä amtat aphtap lurtan amta lurtan...",aym,globalvoices,Global Voices,fake news,8435b03d-6904-4c42-bf28-fdfdb1da0126,article,MassiveSum
https://aym.globalvoices.org/2012/11/4987,,Latinoamerican waynanaka jani wali apnaqäwinakxata.,,"5 ukat 6 urun laopaka phaxsit 2012 marata, 100t jila yatiyir wayna, p'iqinchirinaka, yatxatatanaka ukat (TIC) taqi ukanakaw 3ïr Foro de Voces Contra la Corrupción satak ukar chikancht'asipxäna, Red Mundial de Lucha contra la Corrupción ukan wakicht'atänwa (GYAC) [en] Brasilia, Brasil markana.

Andrea Arzaba (Global Voices ukan qillqirix) juvenil latinoamericana ukax Animal Político ukatak wakt'ayatäk ukan tantachäwipxat yatiyäna:

Libertad de expresión, falta de unión regional y miedo a hablar de temas en materia de transparencia gubernamental fueron algunos de los temas más discutidos en la sesión juvenil Latinoamericana […]

En el encuentro se tuvo una visión común en cuanto al poco uso de tecnología para el desarrollo ético de la región y, sobre todo, la falta de capacitación de jóvenes en materia de anticorrupción. También se habló del tema de educación, en donde se discutió la importancia para generar un cambio a través del trabajo con jóvenes, ya que ellos estarán próximamente en puestos importantes de trabajo, vulnerables a la corrupción.

Libertad de expresión, mayacht’asiwiw jan utjkiti ukat arsuñatak asxaraña ukaw utji sasinw juvenil Latinoamericana ukan tantachäwipanx arst’apxäna […]

Uka jikthaptäwinx mä uñtäwiw utji uka markan sartañatak tecnología ukax janiw utjkiti ukatx a, la falta de capacitación de jóvenes en materia de anticorrupción ukaw jan wayna tawaqunakar yatichaskiti. wayana tawaqunakarux ch’amanchañawa, niyakixay jupanakax akat qhiparux jach’a irnaqäwinakan irnaqapchinixa .

Andrea kullakax uka kipkarakiw mä video uñt’ayi, kawkhanti latinoamericanos waynanakar qhanats qhana apnaqäw utjki ukxta. Piero Locatelli ukat Andrea kullakampix Margarita Valdés de Xpressate (El Salvador) markata, Caio Monteiro de Marília Transparente [pt] (Brasil) markat, Andrea Benavides de Ocasa (Colombia) markat taqi aukanakaruw mä jiskt’aw (entrevista) luri :

GYAC ukat Facebook [en] ukat Twitter (@GYACNetwork) ukaruw arktapxasma [en]. Ukampirus #GYACBrasilia. yatiyäwinakan ullarapxasma","Andrea Arzaba mä video latinoamericanos  waynanakar jiskt’äw lurat warqt’aw uñt’ayi, jupanakax  transparencia ukat rendición de cuentas ukanakxat yatxatat tamankapxiwa. Aka waynanakax 3er Foro de Voces Contra la Corrupción ukanw chikancht’sipxäna, 5 ukat  6 uru lapaka phaxsit apasïna Red Mundial de Lucha contra la Corrupción (GYAC) ukat  Brasilia, Brasil markan wakt’ayata.",aym,globalvoices,Global Voices,fake news,cca18e87-24c3-45fd-aec6-0cce4034f1f9,article,MassiveSum
https://aym.globalvoices.org/2013/05/5853,,Jorge Rafael Videlax dictadura militar argentino ukhamanwa jichhax jiwataxiwa,,"Agentina markat nayra maranak jilïr irpiri, Jorge Rafael Videla, tunka paqalqun urunak saraqkipan llamay phaxsita, pä waranq tunka kimsan marana, kimsaqalq tunka paqalqun maranikasaw karselan chhaqawixaraki.

Videlax waranq llätunk patak paqalq tunka suxta marat (1976) waranq llätunk patak kimsaqalq tunka mayan (1981) markamaw apnaqawiyanxa, pallapall ch’amamp argentina apnaqkasax wal jiwäwinak utt’ayaway ukhamarak waranq waranq chhaqaratanak markan jaytawayi.

Waranq llätunk patak kimsaqalq tunka kimsan (1983) maranx ch’amamp apnaqir ñanqha jaqix jaqinak jiwkatayaw ukhamarak t’aqhisiyaw laykuw janipin karsilat mistuñpatak tariputäna. Pä waranq tunkan maranx Videlax kimsa tunka mayan políticonak t’aqhisiyawimp illapt’awimp laykux wasitatw janipin karsilat mistuñpataki tariputäna, ukatx pä waranq tunka payan (2012) maranx ch’amamp apnaqkas asu wawanak katxasïw laykut phisqa tunka maranakampiw tariputäna.

obituario BBC Mundo qillqt'iwa: “Argentina markanx uka chachax wali k'umitanwa,30.000 jaqiw chhaqtatäna sasaw derechos humanos uksankirinakax yatiyapxäna, jichhax jupax jiwataxiwa.

Jose Alejandro Godoy-ax Desde el Tercer Piso páginatx kunanakas Videla apnaqäsax utjan ukatuqit qilqt’i.

Hoy Videla murió en una cárcel común sin privilegios. Condenado a cadena perpetua. Será enterrado en una tumba, a diferencia de muchas de sus víctimas, arrojadas al mar desde un avión. Repudiado por la sociedad argentina. Con un juicio histórico que lo remite a las páginas más infames de América Latina.

Jichhürux karsilan Videlax jiwiw jan kuna privilegion. karsilat Janipin mistuwïmp tariputa. Cementeryunw allintatäni, mayjanw jupan walja jiwkatayat jaqinakanxa, khitinakati mä lata jamach’it lamar qutar jaqtatapxäna. Wali jisk’achat argentina markachirinakampi. Mä wali jisk’achat k’umit América Latina jach’a taripüwimpi.

Ukampirusa, blogupanw LSO mä jisk’a mantäwin qilqt’iwa, ukanx Videlat arst’i “wali suma pallapalla […] kunti chuymapax siskan lurañx uka lurawayiwa.”

Pallapall t’aqhisiw uta, jichhürux Museo de la Memoriar tukuyata – Ciudad de Rosario jamuqa: Laura Schneider

#MurioVidela yatiyaw uñjasax waranq argentino-nakax wal amuykipapxi, kunjamas @Cami-cotarelo usuariaxa:

@Cami_Cotarelo: No se festeja que #MurioVidela, pero hoy despues de casi 40 años descansan en paz mas de 30.000 personas

@Cami_Cotarelo: janiw #MurioVidela Jiwatapat k’uchiratakiti, ukampirus jichhürux pusi tunka maranakatx kimsa tunka waranq juk’amp jaqinakaw samarapxani.

Ukhamarakiw Cecilia Saia (@Cecisaia) argentinonakan amuyt’awinakapat arst’i:

@Cecisaia: Hoy hay un monstruo menos en el mundo. Si hay algo después de la muerte, que le vuelva por mil todo lo que hizo #muriovidela

@Cecisaia: Jichhürux uraqinx ñanqha jaqinakax juk’aptiwa. #muriovidela jiwäwitatx kunas utjchixa, kunanakati jupax lurkän waranqanak kutt’phana.

Adolfo Perez Esquivel (@PrensaPEsquivel), Premio Nobel de la Paz, Twitter cuentapan qilqt’i:

@PrensaPEsquivel: #MurióVidela, un hombre que ha hecho mucho daño al país y a la humanidad. No se ha cerrado un ciclo, hay [que] buscar más #verdad y #justicia.

@PrensaPEsquivel: #Videlax jiwxiwa, markar ukhamarak taqpach jaqinakar wal ñanqhachirixa. Janiw mä pachax tukuykiti, chiqamp justicia-mpix juk’ampiw thaqhaña.

Infobae juk’amp amuyüwinakamp mä Storify Twitter ukan uñacht’ayi.",Kimsaqallq tunka paqallqun (87) maranakanikasax qhip qhipa argentino ch’amamp apnaqir jaqinak t’aqhisiyawitat Jorge Rafael Videla taripat jilax  jiwxi.,aym,globalvoices,Global Voices,fake news,08ae9d52-9715-4fd2-b23c-a408c98ef4f0,article,MassiveSum
https://aym.globalvoices.org/2014/05/6542,,China markanx estación de trenes ukanx mä explusion ukaw utjawayi: kimsa jiwata ukat walja usuchjatanakaw utjawayi,,"Explosión en la estación de trenes Urumqi que terminó en la muerte de tres personas. Captura de pantalla de NTD China News.

Khaysa inti jalant China tuqin aka miercoles urux Urumqi trena sayañan utjawayatayna mä phallawiwa. Ukat jiwatanakax kinsaniw uñsti ukjamarus paqalltunk llatukaniw usuchjataraki. Aka trinan sarnaqarinaqax jichhanakjama wal phuqasipxi kunati kimsuru irnaqawinakat samarañaw utji, ukat aka samarawix mä uru llamay phaxsit saraqkipan qalltawayi. Agencia Xinhua yatiyaw yatiyirix amanut phallaw luratäkaspas ukjam amuyawayapxi ukjamarus pandilliruw mä jaqir kuchillump chhuquntawayatayna ukat mayak phallawayi ninamitanakax sasaw yatiyawayapxaraki.

Uka markar Presidente China XiJingpin tumpatapat uka phallawix utjawayi. Ukjamarus arsuwayiwa “acción decisiva” contra los “terroristas” ukanakata, ukajamarus Jefatura ukan irnaqirinakarux jallallawayarakiwa.

Urumqi, jach’a qamañ markan Xinjiang ukan khuri maymara pä waranq llatunkanina pä jisk’a comunidadaw ch’axwañ qalltawayaxana ukat pä patak jiwatanakaw uñstawayarakina. Kunati walja patankir jaqinakaw uka markar mantantawayapxi. Beijing tatax siwa nayax aka Xinjian markar wali suma qamañ apanta ukjamarakiw taqpacha patat mantanir jaqinakar jan jisk’achas sumar uñjawayta. Maysatsti Uighur jaqinakat arxatirinakax juch jaquwayapxi marka irptirinaruwa. Presidente Xi tatax uka phallatxat sawayiwa akjama, – amuyapxañasawa, janiw jasakiti uka jan wali jaqinakar chhaqayañaxa, ukat jayatakpun ukanakx chhaqtapiysna. janiw uka terrorista jaqinakar thaqañax jayratakikiti jan ukasti mäkiw unxtañaspa sasa.

Ferroviaron irnairnakax pä uraw sayantawayapxi, ukat uka saraqatatsti willtataw irnaqirinakapax irnaqqhatawayapxaraki. Wali uñt’atan Microblogueo Irnaqirinakapax ukar Sina Weibo ukanakamp mäkiw phallaw foto apsut imantañatak wal unxtasiwayapxaraki. Ukatxa policianakan fotonakapak uchkatawayapxarakitayna Sina Weibo. Luda Cici qillqawayiwa [zh]:

China markax uka juk’a patat mantanir jaqinakar wal sumaruw uñjawayi, ukat janiw jan wali amuyux utjkiti, jan ukasti uka terrorista jaqinakaw patat mantanir jaqinak taypin chikancht’asitapxi ukat jupanakax munapxi payar t’aqqhawayañwa.

Xiaoshidai Dafangke, jupax Xinjiang ukan jakasi, exhortó [zh]:

Xiaoshidai Dafangken jakasir Xinjiang ukan akham arsuwayi, Nayax Xinjian marcankasktwa ukat jichhasti mä jiska markan jakaskta, Uighur markan jakasirinakax wali suma jaqipxiwa ukjamarus wali munasirioxarakiwa, ukat aka ch’axwawix ukjama uka jan wali iyawsawin ukar yanqha chuyman laykuwa. Nayax suyaskwa suma amuyt’awi ukat jan patat mantanir jaqinakar jucha jaqupxaspati.

Twitter, Jan Henryk Dabrowski política étnica ukxat arsuwayi:

Kunamsa uka jan wal politica etnicidad Union Sovietica, jan walt’añ apxayasiwayi uka comunista China marka ukjamarus jan wali, akat qhiparux Han ukar Uighurs uka pä markan ch’axwawipamnakax wali jach’aniwa.","Khaysa inti jalant China tuqin aka miercoles urux Urumqi trena sayañan utjawayatayna mä phallawiwa. Ukat jiwatanakax kinsaniw uñsti ukjamarus paqalltunk llatukaniw usuchjataraki. Aka trinan sarnaqarinaqax jichhanakjama wal phuqasipxi kunati kimsuru irnaqawinakat samarañaw utji, ukat aka samarawix mä uru llamay phaxsit saraqkipan qalltawayi. Agencia Xinhua yatiyaw yatiyirix amanut phallaw luratäkaspas ukjam amuyawayapxi...",aym,globalvoices,Global Voices,fake news,ee715c24-96c0-4187-849a-a93f087f831a,article,MassiveSum
https://aym.globalvoices.org/2012/02/3729,,Herramientas Lingüísticas: Virtual Tecladump transliteraciónampi,,"Amuyapxam mä jaya aeropuertunx kawin intertenxa janiw arupat qilltapax utjkitix ukatsti kunjams mä correo electrónico arupat apayaspa uka yatichaski. PCn ukax yaqha teclado qwerty ukaw utji , ukat sistema operativon multilingüísticompiw ukax janiw utjkiti. Ukatakix thakhi yänakaw (herramientas en línea) yanaptasiñatak utjaski.

Un teclado virtual es un software que permite al usuario introducir caracteres. Un teclado virtual puede usualmente ser utilizado con múltiples dispositivos, que pueden incluir una pantalla táctil, un teclado real y un ratón de computadora. (Wikipedia [en])

Jayat tecladox mä softwar ukawa, akasti apnaqirix qillqanak apanti. Mä jayat tecladon walja dispositivonakax apnaqañatakiw utji. Ukampirus mä táctil pantalla, mä real tecladorak ukat mä raton computadoramp apxätañawa. (

Virtual tecladonakax mä métodowa, aksti mä pantallar jan ecladomp mantañatakiw apnaqapxi. Sañäni mä jisk’a computadora, mä asistente personal (PDA), yaqhanakamp kunaw utjaski. Walja virtual tecladonakaw webinxa utjaski. Aka jach’a virtual tecladox Teclado Virtual de Gate2Home thakhinkiwa.

“Este sitio les permite escribir en su idioma en cualquier parte del mundo donde se encuentren, con un emulador en línea del teclado en pantalla.

El propósito principal de este sitio es permitir que todo el que se quede atascado sin la capacidad de escribir/teclear/buscar en internet en su propia lengua tenga la posibilidad de hacerlo (usualmente los viajeros/turistas o cualquiera frente a una computadora extranjera)”.

Thakhinxa pantallan tecladon mä emuladoramp kawkans arupat qillqakiniwa. Ak chiqan nayrir amtapax taqi jaqinakatakiw kunjams qillqañ/ t’iqintañ/ internet thaqhañax arupat jan sayt’añapataki. (saririnkax/ jutir jaqinakax kawkir jaqinakax mä jaya computadorat apnaqata)”.

Akampis mä lista de tecladonakat uñsti, ukatx arumat chhijllasma ukat pc tecladot achakjam arunak apantañatakix apnaqapxi.

Sitio ukat dispositivo obtuvieron “mención honorífica” ukax Concurso de Dispositivos Google Desktop [en] ukan uñt'ayi.

Yaqha virtual teclado Branah.com ukax 53 arunw uñt'ayi.

La transliteración es una forma de traducción y es la práctica de convertir un texto de una escritura a otra. (Wikipedia)

Transliteracionax mä atamiwiwa ukat akampix mä aruchat yaqh aruchaw qillqatapax tuktayi (

Transliteracionax sistematicax yaqha sistemamp Cartografiampiw qillqatax turkti, arux arulaykump qillqax qillqalaykumpiwa turkt’aski Google Transliteration ukax mä herramientawa walja pacha panaqata. New Melchizedec Sundararaj, ingeniero de software en Google ukax qasawi 2010 maran qilqt'atayna [en]

Para muchos usuarios de internet, no siempre es fácil escribir en idiomas que utilicen grupos de caracteres únicos como el hindi, hebreo y árabe. La mayoría de los teclados de computadora solo permiten el ingreso de caracteres romanos (el alfabeto utilizado en la mayoría de los idiomas occidentales) y la conversión entre escrituras puede ser difícil. Para facilitar este proceso, lanzamos una versión mejorada de Google Transliteration a finales del año pasado, un servicio que les permite convertir fonéticamente letras romanas en una variedad de otras escrituras.

Internet Apnaqirinakatakixa, janiw jasakitix arunakat qillqañaxa, sañänihindi, hebreo ukat árabe akanakax mayakiw caracterenakax apnaqapxi. Jilir tecladonakat roman caracterenakax mantayi (Alfabeto occidental ukakiw arunakat jilir apnaqapxi) ukat qilqanakax janiw jasakitixa. Tukuyasin maymarax mä versión Google Transliteration jasatakit jaqtapxi. Aka yanap fonéticamente roman qillqatanak yaqha qillqatanak tuktayi.

Thakhin walja yänakax transliteracionat apnaqañatakix ujti. Sañäni bengalí arun Prabasi ukamp qillqasma ukat Microsoft Indic arut yänak mantasma, etc. Wali askiw apnaqirinak contenidos arupat uñstayañapxi. Arust’awin jan jumat arst’awimatax significativa ukat orientada ukhamawa. Wali askiw apnaqirinakan contenidos arupat uñstayañapaxa. Niyakijay jan kuna arskipawis jan amuyunkchitixa","Uñacht'awinaka, aeropuerto uksan  internetatuqi correopan kipka arupan qilqt'as payasa. Yaqhip herramientanakaw yanapt'asiñatak utji.",aym,globalvoices,Global Voices,fake news,98484ecf-4795-48ac-9bbc-8b35e86a482f,article,MassiveSum
https://aym.globalvoices.org/2017/02/8654,,Kazajistán markanx pallapallanakax qullqi waxt’askir chacharuw katuntapxatayna,,"10.000 tenge qullqi, ñiya 30 ch’uxña qullqinaka. Wikimedia commons.

Kazajistán markanx mä Almaty chachaw ukan billetes de tange ukamp janchipar lip’suyat ukhamarak khiti munchi aptasiskakpan sas qillqsut kartil apantat sayaskatayna.

VIDEO Pallapallax markachirinakan phiñasitapats ukay jup pach amuyasas uka chachar katthapipunispänwa. Pallapallan rayrupar waruqawinakanx “katthapita” rusa aruw ist’asi, aka “katthapiña” arux janiw chiqap jaqinakar qull waxt’askir chachar jan ch’amamp katthapisax apnaqañanakapäkanti.

Pallapallax ñä tukuykas waruqawinx uka chacharx chiqsas jaqir yanapt’añatakiw sir tukumintunakanïtati ukhamarak mä secta uka taypinktati sasw sikt’arakitayna. Uka sikt’awinakarx uka chachax kunas secta ukaxa? jaqir yanapt’añajatakix tukumintuniñajati? Sasw jaysatayna.

Medios de comunicación ukanakax uka chachar katuntawkamakiw yatxatapxatayna, jan ukhamakipansti youtubers jupanakayritx youtubers waljaniw uka jaqir q’ayachapxatayna:

менты всего боятся….Ну и завидуют тоже)

Jach’unakax asxarapxiwa ukhamarus taqikunataw chijñisipxi.

Juk’ampirus jichhakiw Kazajistán markar phiskasisjam inak t’ant’a ukat juk’amp manq’añanak pisjan jakasir jaqinakar churatapat q’ayachapxatayna, uka churawix “kun munst uk aptasiskakim” arunakapirakiw jaqinakar janapt’asitayna. Ukhamakipans Kazajistán markax jan jaqinakatak irnaqäwin ukhamat pisjan sarnaqañar uchaskakiwa, ukax petróleo uk 2014 chikja maratpach ukhamarak jaqha exportaciones de materias primas sinti iraqatätapatwa.","""Kuna secta? Jaqinakar yanapañatak documento munta?""",aym,globalvoices,Global Voices,fake news,70de042e-9649-4eee-b154-ab8a073ece01,article,MassiveSum
https://aym.globalvoices.org/2015/03/7076,,Colombia markanx 6.6 en la escala de Richter uraq khathatiw utjawayi,,"Iglesia del Sagrado Corazón en Barrancabermeja, Departamento de Santander, Colombia. Foto @anonymoursdlpaz

Mä uraq khathatiw 6.6 ukha escala de Richter ukha utjawayi, Colombia markan 3:55 jayp'u pacharuw uka uraq khathatix utjawayi. Mesa de los Santos ukhanwa ukham uraq khathatix utjawayi, Departamento de Santander uksnaw jikxatasi, ukampirus Colombia markapachanw uka uraq khathatix uñjasiwayi.

Bogotá ukat Medellín uksa markanakanx walja jach'a utanakaw jan walt'ayat jikxatasipxi.

Yaqhip yatiyirinakax jan kunjam yatiyasiñ atipka ukxatw arusipxäna:

Barrancabermeja uksarux juk'at juk'ataw jan walt'ayattuqitx yatiyäwix puri:

Bucaramanga markat ukat yaqha markanakata:

Venezuela, Caracas uksanx ukakipkarakiw uraq khathatix utjawayi.

Anchhitkamax janiw sinti jan walt'äwinakas usuchjatanakas apthapitakiti.

Yaqhip colombianos jupanakax Álvaro Uribe nayra irpirimpit jicha jilïr irpirimpit sawkasipxi:

Sudamérica uksan uraq khathatix utjirik ukanakamp kikipt'ayasin yaqhaipanakax sawkasipxanwa:","Colombia ukat Venezuela uksa markanakanw jichha jayp'ux 6.6  escala de Richter ukha uraq khathatiw utjawayi.  Janïraw jan walt'aw utjki ukanakax apthapitakiti, aka qillqatanx  medios sociales ukan arunakapaw uñjasi.",aym,globalvoices,Global Voices,fake news,7ae6efd1-5d58-48b7-89e2-5cd14178560c,article,MassiveSum
https://aym.globalvoices.org/2015/09/7539,,Indonesia markanx quqanak phichhantawayapxatäna ukat sudeste asiático markax uka jiq’imp urpuntataw jiqhatasitäna.,,"Malasianx Torres Petronas ukhamarak Kuala,Lampur, Malasia uka markanakax urpump jitxatataw uñjasitana. Foto de Muhammad Shafiq Mohd Zain, Copyright @Demotix (9/12/2015)

Indonesia markanx quqanak phicht’apxatana ukat Malasia ukhamarak Singapur uka markanakax urpumpi jitxatataw jiqhatasitana. Ukham phichhapxiritapaw sapa mara sudeste asiático uka tuqina uraq wañatapata ukhamarakiw yaqhip empresanakax phichhapxiritapa aceite de palma lurañataki, oeste de Indonesia tuqinsa.

Indonesia markankir presidentex Twitter tuqi arsuwayarakiw aka phichhawi tuqitxa:

Jichharmanthix nä pachpaw sarantayta Banyuasin markana nina aqa jiwaqayañataki-Jkw

Kunawsatix presidentex sur de Sumatra markar uñjir sarkatan ukhax, mayitanaw katuntasiñapa aka quqanak phichhirinakaruxa. Ukhamarakiw yatiyi organismos oficiales ukanakaru permisonak anulasiñapataki kawkir empresanakatix aceite de palma lurapki ukat quqanak phichhantapxi ukanakataki. Ukatsti presidente Widodo jupax Facebook tuqipan qillqt’awayaraki:

Tadi saya memantau bencana asap. Titik api terbanyak di Sumatera Selatan. Tapi hari ini jumlahnya menurun dari 321 menjadi 129 titik. Katanya tahun lalu 8.000 ha hutan yang terbakar, sekarang 1.000 ha lebih sedikit. Kebakaran hutan tidak bisa ditolerir lagi. Penyebab dan solusinya sudah diketahui. Perusahaan yang lakukan pembakaran harus dicabut izinnya, dan dipidanakan. Ke depan tindakan pencegahan jauh lebih penting. Harus dibuat sistem di mana pemilik lahan memiliki kewajiban untuk mencegah, supaya kebakaran tidak terus berulang.

Tadi saya memantau bencana asap. Titik api terbanyak di Sumatera Selatan. Tapi hari ini jumlahnya menurun dari 321 menjadi 129 titik. Katanya tahun lalu 8.000 ha hutan yang terbakar, sekarang 1.000 ha lebih sedikit. Kebakaran hutan tidak bisa ditolerir lagi. Penyebab dan solusinya sudah diketahui. Perusahaan yang lakukan pembakaran harus dicabut izinnya, dan dipidanakan. Ke depan tindakan pencegahan jauh lebih penting. Harus dibuat sistem di mana pemilik lahan memiliki kewajiban untuk mencegah, supaya kebakaran tidak terus berulang.

Centro para la Investigacion Forestal Internacional tuqin irnaqirinakax sapxiw, nina nakhayatax jaqin qalltayatawa jupanakaw ukham phichhapxi. Kunatix aceite de palma lurir empresanakatakix wali kusawa ukat ukham lurapxaraki. Ukampirus kamachinakax utjiwa ,41/1999 articulo 50 punto 3d,ukan siw kawkir jaqinakatix lawanak khuchkatapxi, phichhapxi jupanakax taripatapxaspawa 15 maranaka. Uka kamachi presidentex nayrar sarantayañ muni.

Pekanbaru, capital de la región de Riau tuqin lata jamach’in jaltawipanak sayt’ayasiwayiwa, kawkhantix «sintiki» ninax lawri. Ukat juk’ampiw jilxataski nina aqirix Kalimantan tuqina jisnaw (Indonesia uraqina isla de borneo).

Ninax juk'amp nakhantaskakiwa, Kalimantan uksax 1.274 ukhaw junt'uptawix utxi.

Titik kebakaran hutan hari ini terbanyak di kalimantan. Cek info selanjutnya di http://t.co/I7UcDJxguU @infobencana pic.twitter.com/K3LQ4GntfB — Melek Bencana (@melek_bencana) September 6, 2015

Asap dari kebakaran hutan lahan di Rengat Inhu Riau. Sebelumnya sudah padam. Tapi dibakar lagi. pic.twitter.com/BKJOC9azw6 — Sutopo Purwo Nugroho (@Sutopo_BNPB) September 12, 2015

Rengat Inhu Riau uksanw nina jiq'ix utji ukax quqanak phichhantawit utjawayi. Ninax juk'amp nakhantaskakiwa.

Facebook, Greenpeace Indonesia ukax yatiyiwa mayni tunka payan wawaw uka jiq'i samanan jan walt'ayat jiwi. Uka jisk'a imillax mä simanaw qullayasiñ utan jikxatasitäna. Greenpeace jupax jank'ak ukax uñjatapan sasinw mayt'i. Malasia ukat Singapur markanakaruw nina jiq'ix puri

Singapurenses ukat malayos jupanakax uka nina jiq'in utjatapatw arsusipxi. Yaqhipanakax ukxat qillqt'apxarakiwa.

165,PM2.5 urpu jitxatatax janiw askikiti jakawitaki.

Singapore version of haagen daz is haze n dust. 😷😊🙊pic.twitter.com/Wdye7w2h9y — Ionic_cong (@yicong1) September 12, 2015

singapurense del haagen daz es haze n dust (jiq'i urpu ukat ina jiq'in muyuntatakiwa).

#haze #singapore unstoppable sneeze and itchy nose. Indonesia, please stop burning the forrest. Shame… https://t.co/rKInvNRpql

— Ranggani Puspandya (@rangganipb) September 12, 2015

Singapur markax wal jiwq’intatawa. Axchakatawinakaw utjawayi. Indonesia marka, ampsuma, jan juk’amp phichhxapjamti…

Haze Runner: The Scorch Trials (Malaysia) 😷😓pic.twitter.com/UVg0c1MWLW — JEFF (@itshazeem) September 11, 2015

Haze Runner: Haze Runner: nina lawrin yant’apa. Malasia.

How to make smoked salmon in SG: place a slice of salmon outside your window. Wait for 10mins. #sghaze — Xavier Lur (@xavierlur) September 7, 2015

Kunjams Singapur markanx challwax wajasispaxa: makch’it wintanar ucht’am. Ukat 10 minuto-naka.

Ukhañkamax Indonesia markat jiwq’ix purintanini, yaqhip empresanak aceite de palama lurapi ukat yanqhachapi quqanakaru jupanakax yanapaw katuqapxi firmanakampi Malasia, Singapur markanakata.","Indonesia markanx  quqanak phichhäwiw yanqhachawayi, Malasia ukhamarak Singapur markanakaruw jiq'i urpux urpunti.  Usuarionakax medios sociales tuqiw qillqt'awayapxi.",aym,globalvoices,Global Voices,fake news,897178b3-b01e-43c2-92c8-56f716ecc72b,article,MassiveSum
https://aym.globalvoices.org/2012/03/3856,,Brasil: Mayni siria markat sarxir 93n maran kullakan sarnaqäwipa,,"‘Sito Badia’, ‘Badia jach’a mama’ árabe arunxa – ukjam allchhinakapax sutiyapxatayna- jupax Hwash jisk’a markat Homs suyun yuriritayna. Siria amarkatx inti jalantat uksankiwa. 80 marax Brasil markar wilamasipamp sarxapxi, ukapachax tunk kimsan maraninwa. Ukatxa, nayrïr urunakat ukat jaqha árabenakat Brasil markat ukat América Latina markat aka sarnaqawix uñacht’ayi.

Badia, de 93 años de edad, y su hermano Michael, de 91, sujetando una foto familiar tomada en las navidades del 2011. Reproducida con licencia.

1932n Badian tatapax Habib sutiniwa, Brasil markar sarxatayna kunatix jilir jilanakapax São Carlos ukaruw sarxapxtayna.

Mi abuelo Farah se encontraba en Argentina con mis tíos mayores, de tan sólo 10 y 12 años. Cuando supo que su hermano se había establecido en São Carlos, Brasil, decidió dejar a sus hijos con él. Volvió a Siria y vivió allí hasta su muerte. Mi padre fue solo a Brasil para ver a sus hermanos mayores; se quedó un año y volvió a Siria. Tras hacer un balance entre la vida en los dos países decidió asentarse en Brasil, y nos pidió que fuésemos con él. Me encontraba con mi madre y con dos hermanos pequeños, Michael, de 11 años, y Adib, de 9, cuando abandonamos el puerto de Beirut en Líbano en dirección al puerto de Santos, en un viaje en barco de 40 días hasta Brasil. Me sentía enferma en el mar; nos detuvimos en Génova, Italia, de donde recuerdo el cementerio. También recuerdo que nos retuvieron durante cinco días en el barco en Marsella, Francia.

Jach’a tatajax Farah sutini ukat jilir larinakapampix jupanakax 10 ukat 12n maraw Argentina markanxapxatayna. Kunapachatix jilapax Sao Carlos, Brasil markan yatxatatayna, ukat jupax yuqanakaparux jilapar jaytañ amtatayna. Ukatxa jupax Siria markar kut’anitayna, ukan jiwañkamaw jakasxatayna. Tatajax –Brasil markaruw jilir jilanakapar uñjir saratayna, mä maraw ukankatayna, ukat Siria markar kutt’ani. Jupax mä Balance luratayna aka pä markata ukat jupax Brasil markan Qhipharti, ukat jupamp sarxañ mayistu. Nayax mamajamp pä jisk’a jilajanakampix kunapachatix

puerto Líbano marka jaytjaniwayjapt ukatx

puerto sarapxta, mä jach’a yamput makhatapta, ukatx 40 uruw Brasil markakam sarapta. Quta uman nayax wali usutajayatwa,

markan qhipartapxta, ukan mä jiwañ uta uñjta. Ukhamarak mä jach’a yampun Marsella,

La primera generación de la familia. Reproducida con licencia.

Sao Carlos, Brasil markan wilamasiruw suyapxanä, Sito Badian, tatapax mä uta jikxatäna, Badiax mamapar jilanakaparux uywañ yanapt’äna. Jupax janiw yatiqañ utar saririkiti (janiw qillqañ yatkiti), kunatix jupax nayra jayllinakakw amti.(Ataba ukat Delona) ukat dabka Siria markata, mamapatak jayllintirinwa.

لابدا شعيطة ولابدا بعيطة، الأمر المقدر ياأمي لبسنا البرنيطة. من مدة سبع سنين كنا فلاحين، واليوم مرتاحين بلبس البرنيطة

Aka pachanxa paqallq maraw granjerotana, suma jaqiyätanwa, ukat kusisitaw qamayätana; jichhürunakaxa, wali kusisitapxtwa kunati modernoptwa. Mamajax lart’asirinw ukat nayarux mä lisu wawataw sirituwa.

Niy taqi sirionakaw Brasil markar sarxapxi, jupanakax kipka sarnaqäwipaxa. Wilamasipanakampiw mä alakipa uta jist’rapxi. 1962n São Paulo markan 9 % jach’a irnaqawinakat mä yatxatañ lurapxi, [.pdf] sirianakat ukat libanesanakata.

Mi padre comenzó vendiendo ropa. Después abrió una tienda en Descalvado, en donde Michael Shamas, un libanés, nos ayudó a mí y a mi hermano menor Badi. Tras unos años un amigo le informó acerca de un nuevo pueblo que estaban construyendo, llamado Novo Horizonte [en]. Me casé con Mossa, nuestro primo sirio cuando tenía 28 años.

Tatajax isinak aljañ qallti. Ukatsti

mä alakipañ uta jist’ari. Mä libanés Michael Shamasax nayar ukat Badi jisk’a jilajar kunax yanapapxitu. Ukjamarakiw qhip maranak mä masix yatiyi kunatix mä machaq markachiriw utji, sutipax

Sito Badiax Pusi kullakani, kimsaqallq allchhiniwa. Ukat pä jutir phaxsix nayrir Gabriel sutin allchhiparuw mä suma katuqaw churani. Taqpach willamasipax llatunk tunkanipxiwa. Sapa Navidadanxa mä phunchäw lurapxi kunatix machaq tawaqunak waynanakax wilamasit quqat uñstayäpxi. Ukhamarak árabe arut yatiyäpxi.

Gran familia, raíces árabes. Reproducida con licencia.

Sito Badiax Brasil markat ukjamarak Siria markat Maria, Najat, Marta ukat Esmeralda (jiwata) wila masinakapampix sumankañ sarantayaski; jupalaykuw árabe arux jan chhaqtkiti.

Mi hermano Michael, mis primos Elias y Jamelihe y yo somos los únicos de la familia que hablamos árabe. La familia únicamente conoce el nombre de la comida siria [risas]. He visitado Siria tres veces, pero ahora es muy difícil volar. Hablamos cada año en Navidad y en Pascua. Recientemente, Marta y Najat visitaron Siria en el 2009, cuando mi primera nieta se casó con un sirio.

Michael jilajamp, Elias, Jamelihe primojanakamp ukat nayampix árabe arutw parlapta. Nayax kims kutiw Siria markar sarta, kunatix anchhitax wali ch’amaw jalaña.Sapa Machaq Maran ukat Pascuanx parlapxtanwa. 2009n maranakw Marta Siria markar sari, kunapachati nayrïr allchijax mä siriompix jaqichasi uka pacha

Jichhapachax Badiax Novo Horizonten ukan jakasi [en], Sao Paulo markan Badiax aka jutir paqallq marampix patak mara phuqhani, ukatakiw uruyañ wakiyaski.","‘Sito Badia’, ‘Badia jach’a mama’  ukjam allchhinakapax árabe arunxa sutiyapxatayna- Hwash jisk’a markan Homs provincian yuritayna, Siria markatx inti jalantat uksankiwa. Wilamasipampix 80n maraw Brasil markankxapxatayna, kunapachati jupax tunka kimsan marnit ika markar sarxatayna. Akax nayrïr  uru sarnaqäwipat ukat jaqha árabenakat Brasil markat ukat América Latina markat sarxapxi ukatw uñt’ayi.",aym,globalvoices,Global Voices,fake news,b1edcdc8-eb92-48bd-8d56-86cb1d816ef6,article,MassiveSum
https://aym.globalvoices.org/2014/10/6826,,Mexico markanx mä periodistaruw katuntasin jiwayawayapxi yatiyatapat crimen organizado tuqita,,"Imagen de la cuenta de Google Plus ‘Valor Por Tamaulipas’.

Mä tama markachirinakaw zona norte del estado Mexicano de Tamaulipas,

usuaria de Twitter María del Rosario Fuentes Rubio kullakata, uka kullakarux katuntasinx jiwayawayapxatanawa sasina. Janirakiw yatipkiti ni khit jiwayaskatapa, aka kullakan cuerpopax Twitter tuqi uñist’ayapxatäna.

Ukat jaypachatx cuentapax suyt’ayataxatänawa. Kunawsatix María del Rosariox perdón mayiskatän droga apnaqirinakarux, ukhax fotonakax uñist’ayatätanawa kawkhantix mä mensajen uñist’aykana yaqha periodistanaka amukipxañapataki jan yatiyapxañapataki violencia tuqita kunatix “janiw kunas jikqhataskaniti” sasa.

Valor por Tamaulipas, ukax mä plataformaw kawkhantix markachir periodistanakax yatiyawinak apkatapki violencia tuqita, sasispaw crimen organizado tuqita ukhamarak trafico de drogas tuqinakata, aka yatiyawinakax yatiyasinwa jan yatiyir sutip churasa. María del Rosario kullakax ukham mayni irnaqiritanaw uka tuqina jisnaw “Responsabilidad por Tamaulipas” ukham proyectona. Akax janiw jichhakïkiti, aka tuqin irnaqir jaqinakax wali yanqhachataw jiqhatasipxi. 2012 maratpacha, valor por Tamaulipas tuqin irnaqirinqakax amenazat jiqhatasipxi, ukhamarakiw administradores uka irnaqirinakax suyt’awayapxi irnaqaña.

Valor por Tamaulipas ukax yanap mayiwi ukat kut’ayata sas utt’yatänwa, kawkhantix uñist’ayäna drogas tuqinakata ukhamaraki corrupción tuqinakatsa ukanx uka yatiyawkamakiw wal utjana 2006 maratpacha. Anata phaxsin 2013 maranxa mä organización de drogas tuqinkir jaqinakax folletonak lakirapxäna jan uñt’ayasisa kawkantix 600.000$ qullqi churaña munapxäna kawkirinakay administradores Valor por Tamaulipas ukan cuentapanak churchispa ukaruxa. Ukat jaypachatx @ValorTamaulipas ukax yatiyanaw redes sociales suyt’ayaña. ukampirus aka plataformanx irnaqasiskakïnwa, yatiyasa walja crímenes violentos tuqinakata.

Aka conflictox walja yatiyirinakaruw asjarayawayi, juk’amp narcotráfico tuqit yatiyxaña; Comité de Protección de Periodistas yatiyiw 2006 maratpach Mexico markanx 16 periodistanakaw jiwayatapxatäna, jilpach jiwapxatanaw kawkirinakatix droga ukhamarak corrupción tuqit yatiyirinaka. Kunjamti jiskana Dario Ramirez director general de Articulo 19 Mexico markanxa: violencia prensa tuqi utjatapatx Tamaulipas tuqin ukhamarak jan protección de libertad de expresión utjatapatx autoridadanakatxa janiw yatiyawinaka utjxiti seguridad pública tuqita, ukat yatiyirinakax markachirinakar libremente yatiyapxäna.

Periodistanak ukhamarak usuarios de los medios sociales jupanakax irnaqapxiw jan juk’amp yatiyasa aka yanqha jaqinakax kuntix lurkana Fuentes Rubio kullakaruxa, jupanakax amukt’apxiw aka tuqitxa alixkiw yatiyxapxi kunanakatix callenakan paski ukanaka, ukat grupos VxTy ukhamarak Fuentes rubio, jupanakax principales objetivonakaruw tukupxi narcotráfico organizacionanakataki.","María del Rosario Fuentes Rubio jupax mä yanapirjamaw Valor por Tamaulipas tuqin yanapt'asiñatak arst'i, mä plataforma ukax apnaqirinakatakiw  violencia tuqit  yatiyawinak uñt'ayapxañapatak utji.",aym,globalvoices,Global Voices,fake news,85d56fc3-8460-48a8-963a-21513c649524,article,MassiveSum
https://aym.globalvoices.org/2013/01/5156,,Egipto: palacio presidencialan uyuchrantatar Graffiti qillqkatata,,"Amuykipatx Egiptunx wali ch’amamp sarantataskakiwa, irptirjamaw makhatkipawatana [en] mark irpir Mohamed Morsi . Aka amtawix sartasiwinak markpachan kawsawatayna ukatx aka palascio presidencialax wali jark’aqt’atarakinwa. Jamuq waraqirix Jonathan Rashad [en], uka jaqix, jamuq waraqañ makinapampiw kunapachatix aka ch’axwawix egipcia markan utjkana ukhatpach apthapiskatayn jamuqanaka, uñakipt’apxañani aka graffiti kuntî sañmunki uka Flickr chimpupa [en]. Akax t’aqakiwa:

aka Graffitix Morsi mark irpirir uñtat lursutawa, pulpus wila lamar lutan qhulluqkasphan ukhama (CC BY-NC-SA 2.0).

‘Sarxam, iwija’,sasaw mak irpiri Morsi jupar qillqkatapxatayna, Hermandad Musulmana (CC BY-NC-SA 2.0).

‘Márchate, idiota’‘Ilegítimo’ (CC BY-NC-SA 2.0).

Pallapallanak lant irptirixa, ñanqhachata uñjasipxatayna kunapachatix chaxwawinakax utjkana aka Egipto markana (CC BY-NC-SA 2.0).

Palaciox wali jark’aqatanwa ukat akax phisqur diciembre phaxsit saraqkipan ch’axwthaptawiw utjana, ukhamat phisqa jiwatanak ukhamarak walja usuchjatanakamp utjawana. Ukat kunjamas aka ch’axwawix qalltawayi uka tuqits arsuwapxana

[en] aka Morsi arkirinakapata. Palacion jan walt’awinak utjañapatakix jach’a uyuw pirqtatana ukhamat chaxwirinakax jan jak’anipxañapataki.

‘aka uyux janiw jark’aqkanit sartasir markachirinakaru’ (CC BY-NC-SA 2.0).","Amuykipatx  Egiptunx wali ch’amamp sarantataskakiwa,  kunalaykutix Mohamed Morsi mark irptirjamaw makhatkipawatana.  Aka amtawix sartasiwinak  markpachan kawsawatayna  ukatx  aka  palascio presidencialax wali jark’aqt’atarakinwa.",aym,globalvoices,Global Voices,fake news,0b7f77de-3a9f-425e-b9b4-c8fa9ef65c81,article,MassiveSum
https://aym.globalvoices.org/2013/02/5365,,Lino Oviedo jiwawipat ukhamarak jan walt’awinakapata · Global Voices Aymarata,,"Lino César Oviedo, mistut pallapalltuqit general ukhamarak paraguay-u político khititix 1989 maran Alfredo Stroessner munañanir atipjawana, samarañ uru pä urunak saraqkipan anata phaxsit 2013 maran jiwi, kunawrsati mä chhixwiririw uraqir Asunción araxan jaquqti kawkinti jupax sarkanxa. Uka chijinx khititi apnaqkän helicóptero ukhamarak escoltapax jiwatapxarakiwa.

Lino Oviedo y el presidente paraguayo Fernando Lugo. Foto tomada en 2012, del usuario de Flickr Fernando Lugo Mendez (CC BY-NC-SA 2.0).

Blog La Oveja 100 sutinix phaxsüru 4 uru anata phaxsin yatiyi:

El helicóptero en el que viajaba Lino César Oviedo fue ubicado hoy (03.02.2013) en una zona rural de Paraguay, al norte de Asunción, con los cuerpos de sus ocupantes “calcinados”, informó la radio 780 am de Asunción. “Una persona del círculo más cercano al entorno del candidato presidencial confirmó la muerte”, dijo esa emisora.

Kawkir helicóptero-nti Lino César Oviedo sarantkänax jichhüruw (03.02.2013) Paraguay markan jaya pampa uraqin katutäna, Asunción araxana, khitinakati sarkapxän janchinakap q’ala “nakhantata”, Asunción 780 am uxurix ukham sasaw yatiyi. “Mä irpiritak chhijllayasir wali uñt’at jaqiw jiwatap chiqaw sixa”, uxurix uka siwa.

Unión Nacional de Ciudadanos Éticos (UNACE) uka tam Oviedo ukax p’iqinchänwa, ukhamarak aka 21 urunak saraqkipan qasiwi phaxsin 2013 maran Paraguay markan chhijllasiw urun chhijllayasiñ munäna, aka suxtïri chhijllsïwin kunatix anata phaxsin 1989 maran ch’amamp mantäwitatw ch’amamp apnaqawix tukt’janxa.

Ukachaqatxa, E'a Periódico de Interpretación ukat Análisis blog ukax, kunakïnis paraguay político taypinx Oviedo jiwawitx ukanak uñakipi:

Sin duda, Oviedo jugó un rol importante en el golpe del 2 y 3 de febrero de 1989, […] pero un momento de valor no convierte a nadie en héroe, menos cuando en vez de valentía lo que probablemente había era temeridad o cuando el momento podría haber reflejado estrictas desavenencias por intereses espurios en el seno del poder dictatorial.

El heroísmo implica conductas sostenidas que marcan historias positivas; intentar convertir en héroe a quien no las ha tenido sólo puede sonar a oportunismo de quienes, como aves de rapiña, sobrevuelan sobre los restos… Vergonzoso intento de algunos sectores políticos de quedarse con los votos de Oviedo para el 21 de abril.

Jan pächasiñatxa, Oviedo ukax aka nayra 2 ukat 3 saraqkipan anata phaxsit 1989 marana ch’amamp mantäwir walpin yanapt’awayi, […] ukampirus mä ch’amancht’asïwix janiw khitirus héroe-kiptaykiti, juk’amp kunatix uthaspanw axsaräwi jan ukax ukapachax apnaqaw taypin ch’axwäwiw ch’amamp apnaqäw taypina uthaspana. Heroísmo ukax waliruw kunkachi; héroeptayañataki khititi jani kuns lurkit héroeñatakix mayninakatakix askiwa, jiwat janchi manq’ir jamach’inakjama, ukak unch’ukispajixa… mä qawqha políticonakax Oviedo votonakap 21 urunak saraqkipan qasiw phaxsitak munapxi.

Ukhamaraki, InterParaguay blog ukax marka apnaqirin kimsür ch’irat ist’at Oviedon jiwäwit utjan uka arst’aw uñanchayaraki:

El ministro del Interior Carmelo Caballero, en conferencia de prensa en Mburuvicha Roga, anunció la determinación del gobierno de declarar tres días de duelo en las actividades oficiales. Además aseguró que se harán las investigaciones correspondientes para constatar el motivo del accidente del helicóptero Robinson 44 que trasladaba a Oviedo y dos personas más.

Carmelo Caballero ministro del Interior-axa, Mburuvicha Roga-tuqinxa yatiyiranakamp arskasax marka apnaqirix kimsür jach’ira Oviedo jiwawitlayku utjan siwa. Ukampirus helicóptero Robinson 44 kawkinti Oviedox sarkan kunats jaquqtpach ukax uñakipatäniw sarakiwa.

Ukhamarakiw Twitter apnaqirinakax red de microblogueo uksaw arst’asipxaraki.

Fátima Garay (@fatimagaray) usuchjatanakatw arst’i :

@fatimagaray: Equipo medico hace el mayor esfuerzo para entregar HOY restos de fallecidos entragedia aerea a sus familires entre ellos Lino Oviedo

@fatimagaray: Qullir tamax wali irnaq JICHHÜRUX aka chijin jiwat janchinak wila masinakar churxañatak Lino Oviedo janchipax ukanakarakiwa.

Ukatx Anahí Tortorello (@anahitorto) jiskt’iwa :

@anahitorto: @fatimagaray para hoy si o si la entrega de loa [sic] restos?

@anahitorto: @fatimagaray jichhüruw amay churxani.

Klaus Hiebert apanaqirix (@KhaosXI) yatt’ayiwa:

@KhaosXI: No se sorprendan si en uno de estos nuevos billetes de 200.000 o 500.000 nos encontremos con la cara de Lino Oviedo impresa en uno de ellos.

@KhaosXI: Janiw mulljasipxatat aka 200.000 o 500.000 machaq qulqinakax Lino Oviedo ajanunin ukaxa.

Ismael Cala uxur sarantayir ukhamarak televisión sarantayirix (@CALACNN) chuyma ch’allxtatapat arst’i:

CALACNN : Mis condolencias a familiares y simpatizantes de Lino Oviedo, a quien entrevisté hace solo seis días en @ CALACNN. Este lunes va al aire.

CALACNN: Chuyma ch’allxtat wila masinakar ukhamarak Lino Oviedo arkirinakaru, khitimpiti aruskipayata nayra suxtürunakaki @ CALACNN. Aka phaxsi uruw uñacht’ayatäni.

@CALACNN: Urgente: Mañana n @CALACNN la entrevista inédita grabada el lunes con Lino Oviedo. Falleció en accid. aéreo el candidato presd. #Paraguay

@CALACNN: Jank’aki: Qharüru nayra phaxsi urun Lino Oviedo. Waraqt’at aruskipäwi. #Paraguay Irpiritak chhijllasirix jaltaw chijin jiwi.

Tukuyañataki, Fernanda Bogado (@FernandaAzuaga) uñt’ayiwa: @FernandaAzuaga: Lino Oviedo jiwawipatx janiw anatasiñakiti! Twitter #LinoOviedo chimpump sapakutiw jichhapti.","Lino César Oviedo,  general pallapalltuqit mistut ukhamarak paraguay  político, samarañ uru pä urunak saraqkipan anata phaxsin 2013 maran jiwxatayna kunawsati mä chhixwririx Asunción uraqir purkasin jaquqti, jupax ukan jikxatasina. Uka chijinx khititi chhixwirir apnaqkän  ukhamarak escoltapas jiwataw jikxatasipxäna.",aym,globalvoices,Global Voices,fake news,f8ab029a-c3e2-4088-a359-38a3371532bd,article,MassiveSum
https://aym.globalvoices.org/2015/08/7488,,Michael Jackson ukax qhichwa arunw ist’asi · Global Voices Aymarata,,"Renata Flores Rivera, 14 maran Pirwa markankirix redes sociales uksanw “covers” ukamp qhichwa arun uñt'ayi. “The way you make me feel” ukham sutincht'atawa, Michael Jackson jiwatapata, uka videox Ayacucho ruinas Vilcashuamán uksan waruqatataynawa, YouTube uksanx niya waranqa waranqaniw uñjapxi.

América uksanx qhichwa arst'irinakax paqallq millones ukjaw utji, Perú markanx 19 por ciento ukhaw qhichwa aru arst'asipxi.

Patricia Rivera, mamapax Asociación Cultural Surca ukan irnaqi, ukax ayacuchanos q'axull wayn tawaqunakatk wakichäwiwa, drogas ukar jan sarañataki ukat arur ch'amanchañ amatäwiniwa, “wayn tawaqunakax qhichwa aru arst'apxaraktanawa” Renata kullakax qallantawayiwa.

Asociación ukax 11 maraw utt'ataxi, wayn tawaqunakan wawanakan arte uksatuq ch'amanchañataki. Ukampirus qhichwa aru ch'amanchañ amtäwimpiw irpxarutaski, diario El Comercio ukan amtaparjma.

Ana Saroly jupax Qhichwa arux jakaskaspaw sutin qillqt'apanw qillqt'i, 600 mara nayrax qhichwa arux mayachthapir ukhamanwa, jichhurunx janiw ukakipkakiti.

Juk'amp amuyunakax Facebook ukan qillqatawa, uka tawaqun jayllintäwinakapax jupax siwa: “Taqinis jan jik'achas tayka arur ch'amancht'apxañäni, PERU markax jach'ankaskiwa”. Twitter uksanx qhichwa arunw Renata kullakax jaylliw uñt'ayi:

Jutiritakix Fallin’, Alicia Keys jupankir jayllint'añ wakt'ayaski.","Renata Flores Rivera, 14 maran Pirwa markankirix redes sociales uksanw “covers” ukamp qhichwa arun uñt'ayi. “The way you make me feel” ukham sutincht'atawa, Michael Jackson jiwatapata, uka videox Ayacucho ruinas Vilcashuamán uksan waruqatataynawa, YouTube uksanx niya waranqa waranqaniw uñjapxi. América uksanx qhichwa arst'irinakax paqallq millones ukjaw utji, Perú markanx 19 por...",aym,globalvoices,Global Voices,fake news,375ac315-aad3-4a35-9643-add2700b8190,article,MassiveSum
https://aym.globalvoices.org/2012/07/4436,,Cumbre de Medios Ciudadanos de Global Voices ukan payïri urun wakichäwinakapat yatikipäwi,,"Taqpach Cumbre 2012 ukan chikanchasirinakan jamuqapa

Payïri ukhamarak kimsiri uru Cumbre de Medios Ciudadanos de Global Voices 2012 ukax qalltawayi ukatax kunjamti nayïri urux arumar tukuykan ukhamarakiw tukuyawayxi: jaylliwimpi. Qhantati 9 pacharux taqiniw qunuñanakar qunt’asxapxäna ukatx Sheru ni Sheru, uka jayllintiri tamaw mant’anisin jayllint’apxäna. Ukatax uka jayllintaw ist’asax p’artatakipxanwa ukharusti, Cumbre ukan chikancht’asirinakaruw (presentes) pani Boukary Konaté Mali ukankiriru ukhamarak Victoria Tinta Bolivia markankiriruw uñt’ayapxi, panpachaniw Rising Voices ukat GV ukat beca uka atipt’iripxäna . Jichhapachasti, Boukary-imp ukat yaqhanakampix Proyecto Segu Villages Connection ukwa sarantayasipki. Aka proyecto ukax Mali markan provincianakan yatiqañ ukatax utjki ukanakan red uka apnaqäw yatichaski ukwa uñji. Ukhamarusti, Victoria Tinta kullakax Bolivia markan jilasiwayatayna, aymara aru arst’asina, Jach’a yatiqañ utan yatiqkasax internet apanaqañwa yatintaxatayna, aymara marka, aru jach’anchayañataki. Jichhasti Victoriax Jaqi Aru tamampiwa irnaqi, uka tamansti bloguerunakatak yatichäwinakwa sarantayapxi, aymara arst’irinakataki, amtäwipax red ukan aymara aru jach’anchayañawa. Ukharusti, Cumbre ukax kimsa aski quturuw jaljtawayi. Jillian York ukax akham “¿Nos están vigilando?” p’iqinchaw sutin wakichaw apsuwayi, ukax vigilancia ukatuqitkamak mayni maynin amuyunakap uñstayi, Robert Faris, Centro Berkman de Internet ukat Sociedad ukan yatxatir irpirixa, uka qhana apnaqäwin kamachinakapxat arst’i, ukatx Afef Abrougui Túnez markat ukat Mohamed El Gohary Egipto markatx yatiyirinakax jilïr irpirin vigilancia corporativa ukanakxat uñt’ayawapxi.

Uka sesión ukanxa, yaqha panelista ukax medios de la salud ukxatwa arst’i, yaqha tamasti Kenia marakan medios ciudadanos uka apnaqäwitw aruskipaxi. Ukat mä juk’a samrt’awitxa, Cumbre ukax payïr sesio ukampiw sarantawayi . Gilad Lotam, SocialFlow ukan sullka irpirixa, “Visualización de la información” ukxatawa arst’i. Rebecca MacKinnon,GV ukan cofundadoraxa, ukax participación ciudadana en el futuro de Internet, ukxtarakwa aruskipaw wakt’ayi. Ukharusti kimsïri qutux unidad entre los medios ciudadanos locales ukat el mundo exterior ukxat aruskipañatakiw wakt’ayaraki. Chika uru manq’äwitxa, Cumbre ukax pä sets ukampiw qallti, walja t’aqanakat aruskipäwinakampi, jisnawa China ukat África uka pä markxata, warmi, tecnología, ukat recursos abiertos ukanakata. Tukuyarusti, Cumbre ukax jayllintäwinakampiw keniana, Global Voices ukx amt’awayapxi. Kunawsati Director Ejecutivonakax Ivan Sigal ukat Georgia Popplewell ukanakax Cumbre uka jist’ant’awayxapxi ukatx ukan chikancht’asirinakax wali kusisitaw jayllint’asin tukt’ayawayxapxi.",Payïri uru ukhamarak kimsïri uru Cumbre de Medios Ciudadanos de Global Voices 2012 ukan kunati phuqhasiwaykan ukxat yatipxama.,aym,globalvoices,Global Voices,fake news,ff356f6d-226c-4eee-b459-14d971e78ede,article,MassiveSum
https://aym.globalvoices.org/2013/01/5275,,2012 Maran Israel-amp Gaza-mpiw Ch’axwapxi,,"@KhaledShawa shares a photo of his neighbour's house in Gaza burning after being shelled on November 15, 2012

Qhipha Israel-ampin Franja de Gaza-mpin ch’axwäwinakapan jiwatanakax jilxataskakiwa. 2012 maran lapak phaxsin 10 ur saraqataruw Gaza militantinakax Gaza-mpin Israel-ampin qurpapan Israel-tuqin mä anti-tank misil mä IDF patrullar tisparapxäna. Israel-ax atakinakampiw Gaza-r kutt’ayäna, Gaza-r Hamas-amp yaqha militantinakampix kuwitinakampiw kutt’ayapxarakïna. Ukat niyak jan walinak suyt’ayatatxa, Gaza-t kuwitinak tisparañax niyarakiw suyt’xatayna, IDF ixplusyunanakax Hamas militar-ampir Ahmad al-Jabari-mpiruw jaysapxäna. Jilïr irpirinakan jaysäwinakapax Israel-Palestino ch’axwat qhanawa, ukat kunapachatï jupanakax q’iwikipatjama, jan ukax jan uñjatjam amuyasipxi ukjaxa, Israel-anakamp Palestino-nakampix yatiyirinakaruw juch jaqupxi. Internet-an yatiyäwinakax jaqin ch’axwankapxatapat uñicht’ayaraki, ukat yaqhippachax amuyt’ay kunarakiwa.

21 Nov – Celebratory Gunfire marks Israel and Gaza Ceasefire 21 Nov – Bus Explodes in Central Tel Aviv Hours Before Ceasefire 20 Nov – In Case of Disconnection: Preparing Gaza for an Internet Shutdown 20 Nov – Is a Hamas/Israel Ceasefire on the Table? 18 Nov – In Gaza, Children are Paying the Price of War 18 Nov – Israel: Reality Under Missile Attacks 18 Nov – Israelis Protest Military Operation against Gaza 18 Nov – Palestine: Social Media in Conflict, Four Years On 15 Nov – “Bombs are Falling Like Rain in Gaza” 15 Nov – Why is the Arab League in a Hurry to Meet over Gaza? 15 Nov – Israel: “Ashdod Feels like a War Zone”

List of active Twitter users in Gaza by @olanan.

Hashtags: #Israel #GazaUnderAttack #IsraelUnderAttack #PrayforGaza","Qhipha Israel-ampin Franja de Gaza-mpin ch’axwäwinakapan jiwatanakax jilxataskakiwa. 2012 maran lapak phaxsin 10 ur saraqataruw Gaza militantinakax Gaza-mpin Israel-ampin qurpapan Israel-tuqin mä anti-tank misil mä IDF patrullar tisparapxäna. Israel-ax atakinakampiw Gaza-r kutt’ayäna, Gaza-r Hamas-amp yaqha militantinakampix kuwitinakampiw kutt’ayapxarakïna. Ukat niyak jan walinak suyt’ayatatxa, Gaza-t kuwitinak tisparañax niyarakiw suyt’xatayna, IDF ixplusyunanakax...",aym,globalvoices,Global Voices,fake news,511cea15-562a-4977-89d2-d3412df3bc16,article,MassiveSum
https://aym.globalvoices.org/2013/09/6171,,#SpyDuck de Egipto markanx arum manq’aruw tukuyatäna · Global Voices Aymarata,,"Una cigüeña – parecida a Menes. Fotografía de Wikimedia Commons, usada bajo licencia Creative Commons Attribution 2.0 Generic.

Mä cigüeñax mä patur uñtatatpatw wali k'umita ukatx jamasat uñch'ukiritapat Egipto markan jist'tantata.

Egipto markanx 31 uru llumpaqa phaxsit mä jamasat uñch'ukir paturuw mutuñ utar jist'antapxatayn sasinw yatiyáwinakax yatisïna, uka patun phuyunakapan mä aparatux utjchip sasinw yatisïna. Ukatsti uka patux janiw patukatanati jan ukast cigüeña ukataynaw sasinw yatisïna, sutipasti Menes satataynawa, ukatx juk'amp yatxatawinakampiw sarantasipki.

4 uru llumpaqa sata qalltaphaxsitx Mostafa Hussein jupax ” juchanchat cigüeña ukax qhisphiyataxiw sasinw yatiyäna”:

Juchanchat Cigüeña ukax qhisphiayataxiwa (libre).

Mä juk'a pachakiw phiñasiwix utjäna.

No se si es el destino o que, pero parece que la historia de Menes en la tierra del Nilo es bastante triste. Después de ser acusada de espionaje y pasar un día detenida en Egipto, ¡fue puesta en libertad soló para encontrarse con su destino! ¡Fue cazada y comida por una familia nubia del sur de Egipto!

Destinuch kunapunichi, Nilo uraqinx Menes ukanakatakix llakiskayawa. Egipto markan jamasat uñch'ukiriw sasin juchanchata ukat jist'antat ukham jikxatasitäna. Ukatx qhisphiyatawa! Egipto markan mä nubia phamillan katjataw jikxatsïna!

Facebook ukanx Sociedad de Conservación de la Naturaleza Egipto markat uñt'ayi [en]:

Tristes noticias: han matado a Menes la cigüeña.

Tras ser puesta en libertad en el área protegida Salugah y Ghazal hace varios días, Menes voló hacia una cercana isla del Nilo, Donde la capturaron y mataron para comérsela después.

Yatiyawix Menes ukanakarux jan walt'ayatynawa, Salugah ukat Ghazal ukan Menes ukanakax thuqtawayapxatayna, isla de Nilo uksaruw puripxatayna, kawkhanti katurapkan ukat manq'antañatak jiwayapkan ukaruw puripxatayna.

Uka llakiskay yat Post ukax qhannchiwa:

Las cigüeñas han sido parte de la dieta nubia desde hace miles de años, así que este acto de comer cigüeñas no es una práctica única. Aunque, la breve y exitosa historia de poner en libertad a Menes no fue suficiente para ponerla a salvo hasta que saliese de Egipto.

Cigüeñanakx dieta luarañatakiw manq'apxiritayna, ukanakarux sarnaqasiskpan sañawa janiw katurañakiti.

Jan walt'äwix juk'ampiwa ukampirus wali ch'amawa :

Egipto sufre desde hace tiempo problemas de caza incontrolada. Aunque, siempre es importante equilibrar la balanza entre las necesidades de las comunidades locales y la conservación natural y de la biodiversidad..

Egipto markanx nayrja maranakatpachw uka uywanakar katurañatx jan walt'äwix utji. Wali askipuniw markachirinakar ukxat arxayañaxa.

La región entera tiene un largo camino por recorrer, especialmente para concienciar a la población a no cazar aves migratorias.

Markapachaw mä jach'a thakhini, markachirinakar p'arxtayapxañapataki janiw uka uywanakar katurapxañapataki.","Egipto markanx mä cigüeña ukax jamsat unch'kiriw sasin juchanchatatayna, ukatx katuntataw uñjasitayna ukatsti mä egipciankir wila masin manq'antataw jikxatsitayna.",aym,globalvoices,Global Voices,fake news,319b9505-c164-4641-aac9-7ae2955b42d5,article,MassiveSum
https://aym.globalvoices.org/2014/03/6440,,"Cuba markanxa, (estatales) ukan irnaqirinakan payllawipax 15 (dólares mensuales) ukha ch’uxña qulqinakaruw chanipax makhatti",,"Cuba markan jichha qhipa maranakanx manq’añ juyranakan chaninakapax irxattatawa, ukañkamax (estatales) ukan irnaqirinakan payllawinakapax janiw irxatkiti, paschpakiskiwa. (jamuq apsurin mayacht’asinitapa)

Cuba markanx (estatales) ukan irnaqirinakarux janiw payllawix irxattatakanïti, ukjam sasaw Central de Trabajadores de Cuba uka jichha jikthaptäw tantachäwinx tukuyarux amtawayapxi, ukjamax janiw jiltañapkam irxattatakaniti.

Aka markanxa, (estatales) ukan irnaqirinakan payllawipax 15 (dólares mensuales) ukha ch’uxña qulqinakaruw chanipax makhatti (según la tasa de cambio de la moneda oficial cubana) ukat jakañatakix jichha qhipa maranakanx jilxattatawa, kunjamtix yaqhip manq’añ yänak Estadox yanapt’kan ukanakax janiw utjxiti. Ukarusti, qhatunakan manq’añ yänakan chaninakapax qhanpachw irxattataw uñjata.

Irpiri cubano Raul Castro jupax arsuwa,

sería irresponsable y con efectos contraproducentes disponer un aumento generalizado de los salarios en el sector estatal, ya que lo único que causaría es una espiral inflacionaria en los precios, de no estar debidamente respaldado por un incremento suficiente de la oferta de bienes y servicios.

Juchaspaw jan sum amuyt’as (estatales) uksankirinakar payllawix irxatatañapaxa, ukjam irxatatatxa, taqikun yanakas yaqha amuyunakampiw irxatayataspaxa, ukats kunayman yanakas janis arxatatakasp ukjam amuyutaspaw säkiw arsüna.

Taqikun jilxatipanx jichha qhipa maranakan Cuba markanx payllaw irxattäwitx aruskipañax kutt’arakikiwa. Ukhjamatwa, jichha chhijllata Ulises Guilarte (secretario de la organización) ukana,jupax qhanancht’anwa; yaqhipawjanakan akjamaxutjaspa:

…causa de desmotivación, apatía y desinterés por el trabajo, con las consiguientes afectaciones en la disciplina laboral, el éxodo de trabajadores calificados hacia actividades mejor remuneradas pero menos exigentes desde el punto de vista profesional, produciéndose sin dudas un proceso de descapitalización de la fuerza de trabajo, lo que ha impactado fundamentalmente en las ramas industriales básicas, el Ministerio de la Construcción y otros, además de la negativa cada vez más frecuente a ser promovidos a responsabilidades de dirección.

…irnaqañatjamax lup’iñ llakisiñ jaytxañ ukhjamanwa, ukat Ministerio de la Construcción ukankirinaka, anqaxan askinjam suma qullqichanïr uñt’at irnaqirinaka, ukat yaqha irnaqirinakamp kunaw akjam jan walt’ayatax jikxattasipxäna, ukjamarus jupanakan amuyunakapax descapitalización ukaw irnaqäwtuqit utjañapa, janiw sapakutis ukjamak uñjatakaspati sapxiwa, ukat khitinakatix ukjam amtapxi jupanakan juchanakapaw aka jan walt’aw utjatapaxa sasaw arsupxi.

Raul Castro jupax arsunwa, (servicios médicos) ukanakatakix irxattataniwa, kunatix anchhichanakax waranqa waranqa qullirinakaw markasanx irnaqasipki, ukats jupanakatakix anqaxanx akans walt’ataw irnaqañatakix utji sasaw yatiyäna.

2011 maran Chinuqa phaxsinxa, Habana markanx Brasil markat (embajador) ukjam utjkki jupax arsunw jichha maranx markajanx cubano qullirinakax 11 waranqa ukhaniw pisin jakasirinakar ukat jan jasak puriñawjanakan yanapt’as irnaqasipkki sasaw qhanañchäna. Aka Sur-Sur yanapt’äwix Organización Panamericana de la Salud ukan chimpuntataw jikxatata, ukat Cubarux niya $500 waranqan waranqap ch’uxña qullqimpiw maranx yanapt’äni.

Esquinas de Cuba, Alejandro Ulloa blugupan amuyt'i :

(…) De no lograr abundantes inversiones extranjeras, al igual que la recapitalización de importantes sectores productivos, la economía cubana estará moviéndose en este círculo vicioso, que atenta a todas luces contra el incremento del poder adquisitivo de los salarios, verdadero problema que afecta a la población hoy.

(…) anqaxa markanakat jan qullqichawinakax utjkan ukhaxa, (economia cubana) ukax akan utjki ukjamarjamaw uñjatäni, ukampirus uka llakix taqinirupuniw payllaw irxatatañapäkis uksankirinakarus jan walt’ayspa, ukat jichhurunx aka jan walt’awix chiqpachans taqpach markachiriruw jan walt’ayi, ukjamarus khitinakatix kust’at achuyapki jupanakatakis kikiparakiwa.","Cuba markanxa, (estatales) ukan irnaqirinakan payllawipax 15 (dólares mensuales) ukha ch’uxña qulqinakaruw chanipax makhatti.",aym,globalvoices,Global Voices,fake news,f49a27d6-af64-4856-969a-e0dfd57a1131,article,MassiveSum
https://aym.globalvoices.org/2014/01/6323,,Cusco markax arsuskiwa… ukatx ¿Uraqpachat ist’pacha? · Global Voices Aymarata,,"Global Voices, ukax khitinakati medios ciudadanos satak ukan arst'asiñatak thaqhapk ukatpunw lup'iski, ukat jichhax Cusco, Perú markan mä jikthaptaw lurañatakiw amt'awayi, uka jikthapatawin sutipax akham sutincht'tawa: Cusco markax arsuskiwa… ukatx ¿uraqpachat ist'pacha?

Uka jikthaptäwinx mä taller ukaw apasini, jichha 11 uru aka chinuqa phaxsita, ukax niya 15 ukat 17 jayp'u pacharu, Casa Cultural Sipas Wayna de la Asociación Pukllasunchis (Jr. Sicuani H-2, Urb. Progreso, Wanchaq) uksatuqina. Wakichäwinx luräwinakw ukankani jisnawa cartografía social ukatx “Mä k'ata uraqpachat arsuñataki (Un minuto para hablarle el mundo)”. Jumax uka jikthapatäwinx chikancht'asismaw aka Facebook uksatuqi.","Global Voices, ukax khitinakati medios ciudadanos satak ukan arst'asiñatak thaqhapk ukatpunw lup'iski, ukat jichhax Cusco, Perú markan mä jikthaptaw lurañatakiw amt'awayi, uka jikthapatawin sutipax akham sutincht'tawa: Cusco markax arsuskiwa… ukatx ¿uraqpachat ist'pacha? Uka jikthaptäwinx mä taller ukaw apasini, jichha 11 uru aka chinuqa phaxsita, ukax niya 15 ukat 17 jayp'u...",aym,globalvoices,Global Voices,fake news,44aa5065-9078-4335-a8cd-5a9ae79e90e4,article,MassiveSum
https://aym.globalvoices.org/2014/12/6957,,"Cumbre de GV ukan chikanchasirinaka, Magallanes ukat yaqha ch’axwawinakat Cebú markat yatiña · Global Voices Aymarata",,"1. Chinuqa phaxsinw Global Voices jach'a mathapiwir Cebú markar uraqpachat may may markanakat purinipxäni, Fernando Magallanes portugues arst'ir jilan sarnaqäwipat amtkayaw purinipxani.

Magallanes, 1519 ukat 1521 maranakanx Océano Atlántico ukat Pacífico ukanak makiptatayna ukatx “mar pacífico”. ukham Rey de España, Carlos V, ukanakan Magallanes jupan Asia uksar sarkasin mä thakhi thaqhañapatak ixwatayna.

Cebú Isla Mactan uksanw uka portugués jilax filipinus jupanakan jiwayat uñjasitayna, Ukasanx Datu Lapu jupaw filipinus jupanakar p'iqincht'atayna. Ukax 27 uru qasäwi phaxsin 1521 maran Isla Mactan ch'axwawin 237 tripulantes ukhaw 5 barcos ukan sarapxatayna, ukatx 18 ukhakiw Victoria nave ukar purxapxatayna, ukatx Sevilla, España ukaruw kut'awayxapxatayna,1522 maran nayraqatar sarantaskañatakiki.

Créditos de la imagen: http://upload.wikimedia.org/wikipedia/commons/a/ab/Magellan_Elcano_Circumnavigation-en.svg

2. Cebú sutix cebuano sibu uka arut jutiriwa,ukax sañ muniwa chhalaqa jan ukax alakipasiña.Isla de Mactan uka arux mangatang ukat jutiriwa.

Colonización española uka nayraqatax Cebú markan noreste uksankir puertos ukanakax sinibu-ayng hingpit sutimp uñt'atapxanwa. “Ukax aljañawj chiqa sañ muni,” uksarux China, India ukat Japón markanakatw alakipasirinakax jutapxirïna.

Ukatx Cebu markax Sugbo,&nbsp sutimp uñt'taxataynawa; jan ukax phichhantat uraqi. Markachirinakax Sultanatos Mindanao uksan janïr kuns ist'kasaw nin phichhapxirïna, ukanakax islas del archipiélago de Filipinas uksanw esclavos jupanakar thaqhapxiritayna. Ukatwa Kang Sri Lumayng Sugbo, jan ukax “la ciudad arrasada de Sri Lumay” ukham sutinitayna. Sri Lumay jupax Cebu markanx nayrïr gobernante ukhamataynawa.

Reinado de Humabon uka utjañkamax, Sri Lumay, Lapu-Lapu, Isla Mactan uksan jutïr gobernador jupaw Borneo uksat norte de Sugbo Mandawili uksar puritayna, jichhax Mandaue sutimp uñt'ataxarakiwa. Lapu-Lapu juparuw ordenó a sus hombres para acechar los barcos que se dirigían al centro de comercio en Sugbo uksar sarir barcos ukanakar ananukuñatakiw orden uk churatayna. Ukatw uka isla ukax mä asxarkay chiqa uñt'ataxatayna.

3. Cebú markax pä phaxsin jallu qallta phaxsin 1898 maran independencia del colonialismo español ukham utjawayatayna, anata phaxsinx 1899 maranx invasores estadounideses ukanakarakiw puritayna.

333 mara makiptatatx cebuanos jupanakax independiencia movimiento revolucionario Katipunan uka ch'axwawirurak utjayapxi ukax Andrés Bonifacio jupan p'iqincht'atarakiwa. Aka sartasiwix Manila uksan 23 uru llumpaqa phaxsin 1896 maran qalltasiwayi ukatx yaqha markankaruw puriwayi.

Cebú markanx anticolonial ch'axwawix 3 uru qasawi phaxsit 1898 maran qalltasiwayi, revolucionarios cebuanos ukat fuerzas españolas uka ch'axwawix 24 uru jalluqallta phaxsit 1898 marakamaw utjawayi.

Aka independencia ukax juk'a pachakiw utjawayi. Gobernador interino Pablo Mejía Cebú markx fuerzas estadounidenses ukanakarux 22 uru anata phaxsit 1899 maran katuyatayna. Ukat chikat Cebú markax filipinas ukan qhiparatayna. Uktax ch'axwawix 1906 marakamaw utjatayna.

4. Segunda Guerra Mundial Cebú markarux aynacht'ayataynawa. Ukampirus janiw fuerzas japonesas ukanakat jilpachx jan walt'aykataynati, jan ukasti estadounidenses uksankirinakaw jilpachx jan walt'ayawayatayna, liberación de Cebú uka jikxatañatakix bombardeos ukat jisk'acháwinaka ukhamaw utjatayna.

Yatxatatanakarjamax ch'axwawix 25 maraw Cebú markar jan walt'ayatayna. Uka ch'axwawin jach'a utanaka, fabricas, yapuchawinaka ukat chäkanak jan walt'ayatayatanak wasitamp lurxañatakix 10 billones qullqiw aptatatayna.

5. Cebú markax “Ciudad Reina del Sur” ukham uñt'atawa. Uka sutix qalltatpachx Iloilo marka ukham khä 1898 maranx sutichapxatayna, ukax Reina de España ukan puritapata.

Reina española regente, María Cristina jupankax Lloilo markarux jach'anchapxataynawa, La Muy Leal y Noble Ciudad sasina, ukax 1ir achuqa phaxsit 1898 maran ukham suticht'apxatayna.

Cebú markax Segunda Guerra Mundial qhipatx segundo centro urbano jach'a marka ukham uñt'ataxataynawa.

Referencias Marivir R. Montebon, Retracing Our Roots: A Journey into Cebu’s Precolonial and Colonial Past (Minglanilla: ES Villaver Publishing, 2000). Policarpio F. Hernandez, Iloilo, the Most Noble City: History and Development 1566-1898 (Quezon City: New Day Publishers). Resil B. Mojares, The War against the Americans: Resistance and Collaboration in Cebu 1899-1906 (Quezon City, Ateneo de Manila University Press, 1999).",Cumbre 2015 Global Voices ukax kawkhanti apaskan uka chiqan isturyap yatiñ muntati? Karlo Mongaya autor de Global Voices jupaw markapat yaqhip amtkayanak qillqt'i,aym,globalvoices,Global Voices,fake news,953a74c2-88b7-44a7-bc80-a8ad13ae260f,article,MassiveSum
https://aym.globalvoices.org/2013/08/6057,,FOTO: Cairo - Morsi markan jakasirinakan sartasiwipa,,"Simpatizantes de Morsi en la calle de la Liga Árabe en El Cairo. Foto compartida por @evanchill en Twitter.

Evan Hill yatiyirix (periodista) aka jamuq uñt'ayi aka jamuqanx egipcio markan Mohamed Morsi irpirir jaqsupk ukxat uñt'ayi.",Evan Hill yatiyirix (periodista) aka jamuq uñt'ayi aka jamuqanx egipcio markan Mohamed Morsi irpirir jaqsupk ukxat uñt'ayi.,aym,globalvoices,Global Voices,fake news,2eb0a88a-5903-4dff-a222-0e8ee07118f4,article,MassiveSum
https://aym.globalvoices.org/2011/05/1685,,Bolivia: Aymara arux TV tuqi arsusax jakaspati?,,"M. Luk’aña Champi jilax kunats Bolivia markanx mä TV canal aymara jan ukax quechua aruns utjpachä sasaw jiskt'asi, niyäkixay markax mä Indigena irpirin irpxarutachixa. Yatiyaw yatiyirinakax (medios de comunicación) jisnaw rayru, televisión ukanakanti aymarat arsupxaspa ukhax Aymar arx jakayapxaspawa. Kunapachati, mä arux jan arsutax ukhax uka arux chaqtxaspawa”","M. Luk’aña Champi jilax kunats Bolivia markanx mä TV canal aymara jan ukax quechua aruns utjpachä sasaw jiskt'asi, niyäkixay markax mä Indigena irpirin irpxarutachixa. Yatiyaw yatiyirinakax (medios de comunicación) jisnaw rayru, televisión ukanakanti aymarat arsupxaspa ukhax Aymar arx jakayapxaspawa. Kunapachati, mä arux jan arsutax ukhax uka arux chaqtxaspawa”",aym,globalvoices,Global Voices,fake news,1372bcae-c750-4418-8906-fdf062a58353,article,MassiveSum
https://aym.globalvoices.org/2014/05/6545,,"Chile markanx yatiqirinakax unxtasipxiwa, jupanakax reforma educativa mayipxi",,"Protestas en Santiago de Chile. Imagen del usuario de Flickr NOtodoesARTE. CC BY-NC-ND 2.0.

Michelle Bachelet jilïr irpir irpxarkipanx aka 8 uru aka llamayu pxasitx nairïr kutiw yatichaw tuqitx unxtasiwix utjawayi. Uka unxtasiwinx aknïr tamanakaw chikanchasipxäna Confederación de Estudiantes de Chile (Confech), Asamblea Coordinadora de Estudiantes Secundarios (ACES), Coordinadora Nacional de Estudiantes Secundarios (Cones), Movimiento de Estudiantes de Educación Superior Privada (Mesup), Organización de Federaciones de Educación Superior Privada (Ofesup) ukatx Asociación de Funcionarios del Ministerio de Educación (Andime) taqi ukanakw chikancasiwapxi.

Jupanakax mayipxiwa, inak yatichaw (educación gratuita) ukhamarak aski yatichaw utjañapa. Diario La Tercera ukax akham yatiyawayi:

Uka unxtasiwix capital, Santiago, markan utji:

Uka unxtasiwix aknir markanakaw utjawayiIquique, Valparaíso, sede del Congreso Nacional, ukat Valdivia taqi uka markanakana.

Yaqhip markanakan uka k'ask'a qullanakamp yanqhatachataw uñjasipxana.

Naschla Aburman, presidenta de la Feuc, uñt'awayiwa ukanakax janjamaw walikiti sasina.","8 uru aka llamayu phaxsitx aka 2014 maranx khaysa Chile markanx walaja chiqanakanaw yatiqirinakax unxtasipxi, inak yatichäwix utjpan sasin mayisina.",aym,globalvoices,Global Voices,fake news,54ae89b1-606c-4dbd-8a90-2daf036053db,article,MassiveSum
https://aym.globalvoices.org/2013/01/5239,,Boliva: QR ukan mä ch’aman jan sum chiqpach qillqantat chimpu katjapxi,,"Machaqat yatiyir bolivianonakax qutucht’asisaw aka Quick Response Codes (códigos de respuesta rápida) (mäk jaysat chimpu), maysat chimpunchst’ata QR ukjama, uka ch’aman mä jan sum chiqpach qillqantat chimpu apnaqat uñstayañatakiw markan irnaqapxi.

@hermany Nayriri jalluqallta phaxsinxa, internauta bolivianox amuyanw Twitter uksatuq QR ukjam chimpun sutincht’at utjki uk Bolivia markan yatxatañataki:

@hermany: ¿Alguien la Paz me puede decir si Advice Marketing Ltda. patentó los QR y hay que pagarles a ellos por el uso? #Boliva #Tech #fraude?

@hermany: Khitis amtayitaspa Advice Marketing Ltda. QR ukax kamachin qillqantatapachati, ukat jupanakarux apnaqatat payllañati? #Boliva #Tech #fraude?

Foto de Lydia Shiningbrightly (CC BY 2.0)

Pagina web uksankirinakax chimpuncht’at yatiyawx webpatx yaqharstayjapxiwa, ukatx Daniel Cotillas uka yatiyirix (@danicotillas) apaqana ukatx mayacht’asirakinwa.

Sarantataskakiw qutucht’asis aka #QRBolivia, ukjam sutin uñt’atat yatxatañataki, ukatx Alto pata markankir bloguero Mario Durán jupasti Servicio Nacional de Propiedad Intelectual (SENAPI) ukampix mäkirakiw yatiyasixpxi ukat mayni lantinakampis ukakipkaraki.

Mario jilatax blogtuqix machaqatw aka jan suma askichatanak jiskt’as yatiyäna “¿Bolivia markanx QR sutin chimpunakax apnaqañatak qillqantataspawa?”

Mario jilatan apthapit yatiyawipatxa, Advice Marketing ukax chiqpachapuniw yatiyi (pdf) ukax chiqpachapuniw yatiyi, aka QR uka chimpunakax kamachitiy mayisisp ukhax taqinins uñjkañaw apnaqataspa siwa. Ukjamipansti, SENAPIn piqinchirinakasti yatiyapxiwa, aka tamacht’atax sata phaxsin päwaranqa tunka payan maranw chimpu qillqat mayïna sasa; ukjamatsti, SENAPI ukax janiw kuna qillqats mayitapxarux apskataynti (tunka kimsaqallqun phaxsiw chiqpachax yatisini). Ukhamata, aka qillqantat chimpux jark’atasp ukjax jan apnaqañatak yatisini.

Ukjamatw bolivia markan machaqat yatiyirinakax jak’at uñjapxäni, ukjamats aka yatiwakichawix jutir phaxsinakan qhananchasini. Ukch’añkamax #QRBolivia uñt’at sutitx aruskipasax sarantasipkakismawa.","Machaqat yatiyir bolivianonakax qutucht’asisaw aka Quick Response Codes (códigos de respuesta rápida) (mäk jaysat chimpu), maysatx chimpuncht’ata QR ukjama, uka ch’aman mä jan sum chiqpach qillqantat chimp apnaqat uñstayañatakiw markan irnaqapxi.",aym,globalvoices,Global Voices,fake news,2a4fb2d5-166f-4f40-a6e1-04c0e3c561c7,article,MassiveSum
https://aym.globalvoices.org/2012/03/3964,,Guatemala: Patatuqin yapump jakasirinakaw uraqinakap arxatañatak kayump saratasipxi,,"AKa post ukax Indígenanakan derechunakapxatawa.

Waranqa patatuqin jakasir kipka markachirinakaw llätunka uru kayump sartasiwin chikanchasipxi, uraqinakap arxatasa. Cultural Survival ukax uñt’ayiwa:

Organizada por el Comite de Unidad Campesino (CUC), la marcha exige la atención del Estado de Guatemala, así como de medios locales, nacionales e internacionales a los problemas que enfrenta la mayoría indígena y campesina del país.

Los líderes del movimiento han emitido una declaración de prensa, “Declaración de la Marcha por la Resistencia y Dignidad, en Defensa de la Tierra y el Territorio”, en donde han hecho los siguientes pedidos – reiteraciones de quejas de larga data de los indígenas y campesinos en Guatemala:

P'iqinchirinakapax prensatuqiw declaracion uñt'ayapxi, “

Fotógrafo ukhamarak Blogger James Rodríguez jupax mä fotoensayo 26n uru achuqa phaxsit 2012n marat Guatemala markar unxtasirinakax purintap ukxat uñt’ayi:

Después de 9 días y 212 kilómetros, la Marcha Indígena, Campesina y Popular por la defensa de la Madre Tierra, contra los desalojos, la criminalización y por el Desarrollo Rural Integral, llegó al centro de la Ciudad Capital. Según miembros del Comité de Unidad Campesina (CUC), se estima que alrededor de 15,000 personas participaron en esta novena y última jornada.

Llätunka uru, 212n tupo (kilometros) patatuqin kipka markachir jakasirinakax uraqinakap arxatas kayump sartasipxi. Capital markaruw Comité de Unidad Campesina ukat 15,000 markachiriw aka llätunkir urux chikanchasipxäna.

Akaw James jupan jamuq apsutanakaxa, ukaw jupan iyawsawipamp uñt’ayata:

Aka Mi Mundo satak ukar mantam James jupan blogupawa, Guatemala markan sartasiwit jamuqanak uñjañataki.

Aka post ukax Indígenanakan derechunakapxatawa.","Waranqa patatuqin jakasir kipka markachirinakaw llätunka uru kayump sartasiwin chikanchasipxi, uraqinakap arxatasa. James Rodriguez jupan sartasiwit jamuq apsutanakaw uñt’ayasktana.",aym,globalvoices,Global Voices,fake news,4e53b6ce-5ece-4ed5-8e2e-73df28ebb415,article,MassiveSum
https://aym.globalvoices.org/2010/11/689,,Argentina: Mistur Irpiri Néstor Kirchner Satax Jiwxiwa,,"Aka warüru, nayrïr pacha qhantatiruwa mistur irpiri Nestor Kirchner satax jiwxi, Cristina Fernandez de Kirchner jichha irpirin chachapawa. Ataque cardíaco ukampiw jiwi, Localidad Patagónica de Calafate kawkhanti aka qhipa maranakanx qamkana ukana.

Kirchner ukan akatjamat jiwatapax markanx walja jaqinakaruw tantachäni, uka urun Censon utjatapatx samarañ uruw phuqhayatäna. Aka illapürunx Casa Rosadan amayax wilatañapaw suyt'ataski, ukax irpirinakan irnaqañawjaparakiwa.

Nestor Kirchner. Imagen de usuario de flickr Mariano Pernicone, usada bajo una licencia de Atribución 2.0 Genérica de Creative Commons

Blogs ukanxa, walja unxtäwiw utjäna. Artepolíticana, Juan Pablo Cappellixa, Kirchneran aski amtawipwa qilqt'i.

fue devolverle la política a la sociedad, al pueblo. Demostrar que el cambio es posible, descolonizar nuestro pensamiento. Antes pedíamos que se vayan todos y ahora muchos queremos entrar, antes decían “algo habrán hecho” y ahora decimos “hagamos algo”, porque sabemos, ahora mas que nunca, que es la política la única herramienta de transformación de la sociedad

Jaqinakaruw Política ukxa kutt'awayi, markaru.Turkakiptawix wakiskiriw sasa, amuyunak mayjt'ayasa.Nayrax taqin sarañapaw mayiyätana, jichhasti, taqiniw mantañ muntana, nayrax sapxänwa “kunsa lurapachanti” jichhasti jistanwa “lurañanïya” , kunati yatanwa, Política ukakiw mä thakhi, jaqinakar turkakipañataki.

kimsa Chiflado Larry satax siwa,

Gracias Néstor, ahora voy a despedirte junto al pueblo, en forma de agradecimiento por demostrarme con actitud y hechos que otra Argentina es posible, que la historia puede cambiarse si se tiene coraje y convicciones

Jallalla (gracias) Néstor, jichhax markamp chikt'ataw kacharpayamaxa, jallallt'kasa, luräwinakamp Argentinax wakisiriwa sas uñt'ayasa. Sarawix qamasanich ukhax turkakiptaspawa.

Imagen de usuario de flickr Beatrice Murch, usada bajo licencia Atribución 2.0 Genérica de Creative Commons

Ciencia maldita Lucas Llach satax uñt'ayiwa:

Pobre Cristina — nuestras humildes condolencias. Ojalá que tenga el ánimo para que el ciclo kirchnerista termine con el balance generalmente positivo que –en el neto de causas y azares de todos colores– tiene de momento

Puyri Cristina- chuymachañ arunakax inakiti ch'amanchäwispa, kirchnerrista maranakan apnaqawipanx chiqa luräwimpi tukuyaspa.

Sur yatiyäwinxa, latinoamericanos jas uka irpirinakan arsuwinakapaw uñjasi. Mide No Mide ukatxa, sisktxa ukxa janiw lurkti; Kirchner jupan jiwañapkamax arsuwinakwa uñt'ayi, payllawinaka (bonos), yaqhanakampix Argentina ukanx jiljatawayxiwa.

Blogs ukan unxtäwinaka: Mendieta el Renegáu;Denken Uber; República Unida de la Soja;Conurbanos; Tirando al Medio;y Finanzas Públicas.

Twitterana, warüru urunja “Néstor Kirchner” maya trending topic globales ukanwa.","Aka warüru, nayrïr pacha qhantatiruwa mistur irpiri Nestor Kirchner satax jiwxi, Cristina Fernandez de Kirchner jichha irpirin chachapawa. Ataque cardíaco ukampiw jiwi, Localidad Patagónica de Calafate kawkhanti aka qhipa maranakanx   qamkana ukana. Argentino Bloguerunakaw  akatjamat jiwawipat uñt'ayapxäna.",aym,globalvoices,Global Voices,fake news,3cb43025-50cc-4617-9e93-fc04f76446a3,article,MassiveSum
https://aym.globalvoices.org/2011/07/2306,,Tribunal Supremo ukax tribunales civiles ukanakaruw jan wali militaranakar uñjapxañapatak p’arxtayi · Global Voices Aymarata,,"Adam Isacson sutinix qilqt'iwa [en] dictamen del Tribunal Supremo México markxata: jueces civiles ukanakax militaranakan jan wali luräwinakpxat derechos humanos ukanakxatw uñjapxañapa”. Uka amtarux sutinchiwa, mä derechos humanos ukatx civil de milicia jall ukham sutinchata”.","Adam Isacson sutinix qilqt'iwa [en] dictamen del Tribunal Supremo México markxata: jueces civiles ukanakax militaranakan jan wali luräwinakpxat derechos humanos ukanakxatw uñjapxañapa”. Uka amtarux sutinchiwa, mä derechos humanos ukatx civil de milicia jall ukham sutinchata”.",aym,globalvoices,Global Voices,fake news,f32e5aeb-f44e-4c30-8ef2-ef20fa299855,article,MassiveSum
https://aym.globalvoices.org/2012/04/3981,,"Panamá: “Ngäbe-twa, Buglé-twa, Panameñ@-twa”",,"Aka uñart’awix (post) jiwasan jach’a uñakipaw Indígenanakan Derechonakapatawa.

Jichha maranxa ukhamarak redes sociales ukaruw jallallt'ata, Ngäbe-Bugle-nakan ch’axwawinakapat anata phaxsin uñt'ayi kunjams Ariel Moreno Global Voices ukatx yatiyi Ngäbe-Bugle uksankirinakax Panamericana thakhi sit’antapxäna, mineria ukxat arst’asiñataki ukhamarak “marka apnaqirinakan maymarax uka pachpan qhuya ukat amtat amtatakän ukar phuqhapxañapa mayipxi”

Panamá vivió una de las crisis más grandes desde que se restauró la democracia en 1989 cuando los indígenas de las etnias Ngobe Bugle decidieron tomar la carretera el 31 de enero del 2012 en protesta contra la minería y la construcción de hidráulicas dentro de su comarca. Permanecieron allí hasta el 5 de febrero cuando la policía nacional haciendo uso de fuerza los desalojó.

La crisis ha sido paliada momentáneamente con un acuerdo entre indígenas y gobierno. No obstante la incertidumbre de qué ocurrirá con la construcción de hidráulicas y minería en los territorios comarcales aun está en la mente de los panameños.

Panamá wali jach’a jan walt’awinakw uñjaway democracia kutt’aniwitat 1989 maran kunapachati Ngobe Bugle ukankir indijinanakaw thakhi sit’antañ amtapxan 31 uru saraqkipan chinuqa phaxsit 2012 marana, mineria ukhamarak hidráulica luraw jakawipxat arst’asisa. 5 uru saraqkipan anata phaxsit ukankaskapxakinwa, kunapachati pallapallanakax ancha ch’amamp ananukuna.

Jan walt’awix mawk’it sayt’ayataw indígenanakamp marka apnaqirinakampi mä amtawir puripxatapata. Ukampirus hidráulica luraw ukhamarak minería jakaw uraqinakan kuns lurapxan jichhakamax panameñonakan lup’iwinakapankaskakiwa

Jichhaxa, pallapallanakan ch'amamp yanqhachapxatapat amuyt'añataki, Cooperativa Audiovisual ukax mä campaña vídeo ukampiw qalltapxana “Ngäbe ukati, Buglé ukati, Panameñ@ ukati”, Guna Orgun Wagua ukarjam luratawa.

Blog Prensa Ngäbe-Bugle ukax uñt'ayiwa:

Yomira John, Kanabiz, Lucy Cristina Chau, Said Isaac, o Nelva Reyes son algunas de las y los panameños reconocidos que han prestado su voz y su rostro a la campaña “Soy Ngäbe, soy Buglé, soy panameñ@”. En ella, denuncian con templanza las violaciones de derechos humanos registradas en el informe de varias organizaciones de la sociedad civil que han documentado el uso excesivo de la fuerza, la arbitrariedad y la violencia sexual empleada por la Policía durante la represión de las protestas antimineras de febrero en el país.

Yomira John, Kanabiz, Lucy Cristina Chau, Said Isaac, jan ukax Nelva Reyes uñt’at panameño kullak jilatanakax arup ajanup “Ngäbe-twa, Buglé-twa, Panameñ@-twa” campaña mayt’apxi. Ukanxa, walja marka tamanakax yatiyaw qilqatanakapan kunjams pallapallanakax sinti ch’amamp yanqhachapxi jan derechonakap yäqasa, ukhamarak violencia sexual apnaqas antiminera ukat saratsiwix utjkan ukwa uñt’ayapxi.

Widiyunxa, uñt’at panameñonakax indijinanakan arst’awinakapwa uñt’ayapxi, pallapallanakan ch’amamp yanqhachat uñjasipkan ukwa PDF formato ukan uñt'ayapxi.

Video qilqatranxa, Cooperativa Audiovisual ukax aka kampañatw amtanak yapxati:

Mostrar que la lucha por la defensa de los recursos minerales, hídricos y ambientales no es un deber exclusivo de los Ngäbe-Buglé, sino de todos los panameñ@s.

Recurso mineral, hidrico ukhamarak ambientales jark’awi ch’axwawix janiw Ngäbe-Buglé ukankiti, jan ukax taqpach panameñ@s ukanakankiwa.

Facebook ukanw video lurat jamuqatanakx uñjasma, ukhamarak Ngäbe-Bugle ukan yatiyawinakap yatirakisma, indígena Silvia Carrera p'iqinchirin Twitter jan ukax Facebook ukanakapan uñjasma.

Aka uñart’awix (post) jiwasan jach’a uñakipaw Indígenanakan Derechonakapatawa..

Jisk'a jamuqax Ngäbe Buglé ukankir jisk'a imillaruw uñt'ayi. Flickr

(CC BY-ND 2.0) ukat apaqata.","Jichha maranaxa, redes sociales ukaruw jallallt’ata, Ngäbe-Bugle ukan indiginanakan ch’axwawinakapaw sumpin uñt’ayasi. Anata phaxsin  Ngäbe-Bugle ukankirinakax  Panamericana thakhi sit’antapxäna, minería ukxat arst’asina ukhamarak “maymarax kunati amtäwir puritakan ukar marka apnaqirin phuqhañap  mayiñataki.”",aym,globalvoices,Global Voices,fake news,97214f7e-d46d-42d2-9dd2-fa1df5704897,article,MassiveSum
https://aym.globalvoices.org/2012/05/4208,,Bolivia: Yatichirinakar Web 2.0 uka apnaqaw yatichäwi,,"2 ukat 3 uru llamayu phaxsit 2012n maran Web 2.0 ukxat Oruro, Bolivia markan yatichirinakar yatichäwi. Yaticha kamani (Ministerio de Educación) ukat Jaqi Aru uka tamankirinakampit amt'at wakt'ayatanwa, Altu pata markan arut yatxatat wayn tawaqunakaw Internet ukan Aymara aru sarantayasipki. Global Voices Aymarata ukan mä arut yaqha arur jaqukipirinakaw akan chikancht'asipki. Uka yatichäwix Escuelas Superiores de Formación de Maestros (ESFM) ukan yatichirinakatak chiqancht'atanwa, amtäwipax yatichirinakamp yatiqirinakamp Internettuqin qilqawinak qilqapxañapatakiwa. Wakichäwi wakt'ayatrjamax akhamatw sarantayatäna: 3 uru llamayu phaxsita, 9:30 qhara pacharux tantachasiñ utanw Yatich kamani uksankirinakat qallantasiwayäna.

Ukharusti, Mario Duran Chuquimia Web 2.0 ukat Wikipedia ukxata yaticht'äna. Ukat chika uru makiptxatatsti, sala de cpmputación ukanw yatichawix phuqhasxana, sapa yatichiriw mä atamirin internetan ukham yatintapxäna. Martin Canaviri jilax redes sociales, Facebook, ukxt yaticht'äna Ruben Hilare jilax Twitter ukxtrakw uñt'ayaskana. Victor Paco Montevilla, Flickr ukar jamuqäwinak waraqäwinak apkatañxatyaticht'askäna.

Foto de Mario R. Duran bajo licencia Creative Commons

4 uru llamayu phaxsita, Elias Quispe WordPress ukxtaw uñt'ayana, ukatx Edwin Quispe jilax Skype ukatarakw uñt'ayana. Hilare jilax Wikipedia Aymara ukxat yaticht'arakina.

Ukhamatw yatichäwix tukuyasxana tantachasiñ utana mä juk'a yant'awinak lurasa, ukanx yatichirinakax Jaqi Aru waynanakaru ukat Yatich Kamani ukankirinakaruw jallallt'apxäna, jupanakatx waljanirakiw Aymar arun tecnologiastuqi uñt'ayañ amt'apxana.

Yatichiri René Chura Quispe ESFM Mariscal Andrés de Santa Cruz Calahumanata, La Paz suyutxa, arst'anwa:

…los conocimientos tecnológicos debemos experimentar, las herramientas son muy importantes…

… machaq uñstawinakax yatxatapxañasawa, uka apnaqäwinakax wali askiwa.

Antonio José de Sucre, mayni yatichiri ESFM Antonio José de Sucre, arstiwa:

Un trabajo conjunto esa motivación hacia nuestros estudiantes, es poder hacer el uso de plataforma; no solamente en idioma Aymara, sino también en idioma castellano.

Mä wawak irnaqawix askiwa jiwasan yatiqirinakasataki, janiw Aymara arunakxa, jan ukasti castellano ukans ukhamaraki.

Maysataxa, Cristina de ESFM Caracollo, Oruro marakat arst'äwayi:

…que no sea este único taller sino que haya más talleres sobre el manejo de herramientas digitales; difundamos nuestra idioma Aymara en Internet como idioma Ingles.

…janik aka mä yatichäwikipati jan ukasti yaqhax utjakpana, Aymara arusa Internettuqin sarantayañani Ingles arjama.

Yatichirinakxatx internet ukan qilqatanak uñtayañ amtax utjiwa.

Jaqi Arux mä post Aymara yatichawxat uñt'ayi, ukanx aka video waraqatw uñt'ayi:","Nayrïr urunak llamayu phaxsit  makiptatat 2012n marat  Escuelas Superiores de Formación de Maestros (ESFM) ukan yaticht'irinakatakiw yaticht'awix utjawayana.  Amtäwipax yatichirinakamp yatiqirinakamp Internet uksan Aymara arut qilqäwinak juk'amp uñt'ayapxañapatakiwa. Victoria Tinta,  Global Voices  Aymarata uksat juk'a arunakan uka yatichäwitx uñt'ayistu.",aym,globalvoices,Global Voices,fake news,3bfdc37a-637d-4997-98f5-9ff6eefe4164,article,MassiveSum
https://aym.globalvoices.org/2013/02/5415,,Mozambique markan marrabenta saräwimp thuqhusa,,"Aka uñart’äwix nayririx akawjtuqin Afribuku, uñacht’ayatäna, cultura africana contemporánea uñart’äwi.

Mara mozambiqueñonakax “marrabentando”. qalltapx sasiwa. Ukhamaw kunatix sapa mara mä jach’a phunchhäwiw markan lurasi, Marrabenta phunchhäwi. Kawkhamti sarkätax “¡teka, teka!”,” ukakiw ist’äta, ukham sasaw marrabenta [en] thuqhuntapxi, wali thuquntayirjamawa.

Ukampirus Mozambique markanxa, qhachwat parlasax wali wakiskiriwa, kunatix sapa ritmo hipnóticonx, nayra pacha colonial-a ukhamarak markan saräwipaw ist’asi.

Jichhaxa, 1at 3sar anat phaxsin 2013 maranxa, wali uñt’at congolés Sam Mangwana qilqir ukhamarak jayllint’ir qhachwanak ukhamarak yaqha qhachwir mozambiqueñonak kunjamas Dilon Djindji, Radio Marrabenta, Xidimingwana, Orquesta Djambo o Cheny Wa Gune, Maputo markan ukhamarak jisk’a Marracuene-mp Matalenemp markanakan 6tir phunchhäwin wal jayllint’apxi.

Sapa maranjamasa, mä jayllïwimp tren-ax Maputo-t qhachwirinakamp sari ukhamarak qatuqäw apas jan kuna qulqi Marracuene marakar mayisa. Mä hora jaljt “Tren marrabentan“, saräwi, jaqinakax Gwaza Muthinin phunchhäwiruw mayacht’asipxi, uka pachpa pacharakiw uka phunchhäwixa.

Marrabentan trenapax. Facebook ukan Litho Paulo David Sithoe jamuqapa.

Gwaza Muthini ceremoniax wali uñt’at Marracuene ch’axwäw amti, pä uru saraqkipan anata phaxsin 1985 marana, aka ch’axwäwinxa, Imperio Gaza [en] ch’axwirinakaxa, Ngumgunhane-m p’iqinchata, colonia portugués pallapallanakaruw thurt’apxana.

Ngumgunhane p’iqinchtanakax atipjasipxänw ukhamarak ukampiw Imperio Gaza tukthapiwix qalltäna. Nayraxa, mä hipopótamo katupxan ukat aychap taqpach markachirinakar churapxan uka pacha amtañatakixa. Jichhaxa, hipopótamo aychax chiwat aychampiw turkata, ukat ukax “canhu” jaxu uma satampiw umxatt’ata – ukax marrabenta thuqkasaw umxat’ata.

Marrabenta uñstäwip ukhamarak jichhawitkamax janiw jasäkikiti. Mozambique aynachan 1930 década tukuyan uñstawayi, ukampirus 1960 décadkamaw wali uñt’ataxäna. África-tuqin, colonias portuguesas taypin, políticas multirraciales y multiculturales Mozambique-n ukhamarak markanakapan uñt’äwipar yanapt’awayi. Nayrïr Sudáfricat gramófononak purïw ukhamarak uxurit ukatpach arsüwinak uñstäwinakax yanaptäwirakiw uñt’äwipar.

Wali uñt’at Dilon Djindji Nayrir Festival de la Marrabenta qhachwäwina. Quiroz jamuqapa | afribuku.

Mozambique portugués régimen ukax taqpach portugués qhachwäwikiw jayllisiñap ukhamarak thuqusiñap juk’amp mayi. Identidad culturalapw jark’asiñatakixa, walja tamanakaw uñsti, kunjamas Asociación Africana (AA) ukhamarak Centro de Negros de la Provincia de Mozambique (CANPM) tama, khitinakati wal cultura mozambiqueñar yanapt’apxäna. Ukhamatwa, ch’axwäw qhachwäwjam mayjt’awayi, jayllïwinakax jakäwitatawa, munasïwita, social k’umïwit ukhamarak kunanakas Mozambiquen utjawiyantawa.

Marrabenta Asociación Africana markana (AA). Elarnen ukhamarak Fredo Carianon imatapan jamuqa.

Qhachwäwix naryririx pusi phalanakamp qaqa cañanakamp ukhamarak jalnuqat madera-mp utan lurat guitarranakampiw jayllitäna. Marka aynachan Magikay ukhamarak zukuta jaylliwinak jirus (mezcla) ukhamarak jalant qhachwäwinak kunjamas américa markan ch’ayar qhachwäwimp sudafricanamp kunatix nayra Lourenço Marques markaruw (jichhax Maputo sutini) purïna, aka machaq qhachwäwir ch’amanchapxi. 1930 markamax janiw sutinïkanti, ukampirus marrabenta sutiniptiwa.

Sam Mangwana [en] República Democrática del Congo (Zaire, janïr yurkipana) aka marax nayrÑir kutiw phunchhäwir purini.

Festival Marrabenta 2013. afribuku uka uñt'ayat afichi.

Awkipax zimbabuense-nw ukhamarak taykapax angoleña-nwa, ukhamarak cubana, francesa, española, italiana ukhamarak estadounidense qhachw ist’asaw jilti. Wali jach’a jayllintirit ukhamarak rumba congolesa sarantayirit uñt’atawa, ukat Angola, Mozambique, Cabo Verde ukhamarak Congo ukatuqitaw jayllïwipax wakichata. 80-mp 90-mp maranakanxa, Sam marrabenta jayllïwïnak wal uñt’ayi: “Kampur sarañäni (Marracuene)”, “Tio António” jan ukax “Moçambique Oyé”, jichhax clásico-t uñt’atanaka.

Nayrir Marrabenta phunchhäwitx phisqa maraxiwa, Litho Sithoe sarantayaw layku. Phisqa maranakatxa, sarantayir ch’amamp sarantatapat layku phunchhäwix sarantaskakiwa. Kimsa uru saraqkipan anata phaxsitxa, phunchhäwix Centro Cultural Matalane markan mä concierto ukampiw tukuyi. Ukürux “Mozambiqueño Héroenak uruw” amtasi, taqpach markan phunchhäwiw kunatix pallapallanakan jiwawip amti khitinakati qhurump 1975 maran marka qhispiw layku ch’axwapxana. Akaw siman samsus tukuyañataki, marrabenta. jakas ukhamarak ist’asa.

Janiw khitis marrabenta markax jutir maranakax kunänis saskaspati ukhamarak janiw kunjamanis jayllintäwix jichha maranakaxa, alxawtuqiruch sarantani. Ukampirus aka suxtïr phunchhäwix wali qhanawa, k’uchirt’awix chiqapinïnwa.","Taqi maranakaxa, jichha urunakjamaxa, mozambiqueñonakax mara Marrabenta qhachw ist’asaw qalltapxi. Ukat sapa liq’inx  markan saräw ukhamarak qayllt'äwiw ist’asi. Kunats ukham katjtama.",aym,globalvoices,Global Voices,fake news,d78cba9e-fd4e-42dd-9c88-3ca1bc8fffe6,article,MassiveSum
https://aym.globalvoices.org/2014/01/6306,,Autoridades ukanakax Fernando Villavicencio asesor legislativo ukan utaparuw ch’amamp mantapxatayna · Global Voices Aymarata,,"Estado de Ecuador markan Fiscal Generalapan mayiwiparux 26 uru jallu qallta phaxsit 2013 maranxa Galo Chiriboga, Intervención tamamp Rescate (GIR)-mpix provincia ecuatoriana Zamora Zhinchipe markankir asesor del asambleísta Fernando Villavicencio jupan utaparuw ch'amamp mantapxatayna (allanaron).

Villavicencio jilax Cléver Jiménez jupan asesor del asambleísta ukhamataynawa Pachakutik (PK) ukan partidupata. 2013 mara qalltax jupanakax 18 phaxsiw jist'antatapxatayna por el delito de injurias al presidente ecuatoriano, Rafael Correa jilïr irpirir yanqhachatapata. Villavicencio, orden judicial del juez Corte Nacional Jorge Blum, khitatax 3:00 willjtakamaw uñjasitayna. Fiscalía Villaviencion computadorupan celularapan yatiyaw thaqhatayna.

Uka yatxatäwinx asambleísta Clever Jiménez uka taypinkarakinwa, jupan oficinapanx Asamblea manqhax uka kipkarakiw thaqhat uñjasitayna. Jiménez jupax correos electrónicos ukatuqin Rafael Correa jilïr irpirxat ukhamarak Chevron ukxat qillqatanak apayatayna. Uka thaqhaw tukuyatatax redes sociales uksanakanx waljaniw uñt'ayapxäna, (@alfredovelazco) ukax twitter ukamarak Facebook ukan markan pä amuy yatiyäwit qillqäna:

Verónica Potes ‏(@veropotes) akham uñt'ayi jisticiampix janiw anatksnati:

Cineasta Carlos Andrés Vera ‏(@Polificcion) jupax akham arst'araki poder ukatakix mä abuso ukhamawa

Diana Amores Moreno (@Diana_Amores) Secretaria Nacional de Comunicación (SECOM) ukatakix phiñasiñjamawa

Página Plan V. ukax material periodístico ukar chikancht'atawa, ukax mä qillqat uñt'ayi “Cuando el terror llama a tu puerta…” jall ukham sutimpi, ukanx Fernando Villavicencio, Verónica warmipampit wawanakapampit kunjamti ukan jikxatasipkan ukxat redes sociales uksan uñt'ayi.

Tuitero PabloJaramilloViteri jupan Twitter cuentapanx mä jamuq uñt'ayi:

Maysatxa, Rafael Correa irpirix Facebook ukhamarak Twitter (@MashiRafael) cuentapanx ch'amamp thaqhäwitx filmación uax utjiwa ukax markpacharuw uñat'ayasini sasinw qillqatayna:","Fiscal General del Estado, Galo Chiriboga,   26 jallu qallta phaxsin 2013 maranxa,  Intervención  tama ukat Rescate (GIR) ukanakax Fiscal General del Estado, Galo Chiriboga,  jupan mayitaparjamax  Fernando Villavicencio ukan utaparuw ch'amap thaqsur mantapxatayna.",aym,globalvoices,Global Voices,fake news,8666da31-23b0-40c4-ae43-a423fa48767a,article,MassiveSum
https://aym.globalvoices.org/2012/06/4334,,Venezuela: “Armanak tisparkapayax Jamuqanakaw apsusi”,,"Alberto Rojas-ax “ yatiqir jamuq apsur markachiritwa” sasaw arsu, ukampins Caracas Caracas Shots blog-an jamuqanak apkatatapax janiw yatiqirinkirjamäkiti. Jupax blog-ap akjam uñicht’ayi:

[…] a bad copy, or rather an inspiration of the blog Mumbai Paused by MS Gopal (thanks bhai), but without reach its professional level. Anyways I'll try to do the same: Capture the beauty of the simple things using either a shoot camera or my cell phone in a city full of gun shots

[…] mä jan suma waraqata, jan ukax

blog-apan mä suma luratapawa, ukampirus janiw yatxatatanjam apsutäkarakiti. Kunäpansaya, nayax pachpa lurañ yant´ä: Jamuq apsuña, jan ukax silularaj apnaqasaw jiwa yänak apsta.

“Armanak tisparkapayax jamuqanakaw apsusi” ukampix Alberto-n amtapax Caracas, Venezuela-n munasirïtap uñicht’ayañawa. “Flying Bags” apkatatapax Caracas-an mä thiya sunan wularuranak apnaqkapayax wulsanak apnaqasaw wawanakar uñicht’ayi:

Jichhakiw Chinese porcelain market-t Alberto-x jamuqanak apsu:

Banner reads: ""Every day, everything on sale""

Akax mä qhawqha Caracas wall art:

Juk’amp Caracas-an p’arxtayir jamuqanakap uñjañtakix Caracas Shots’ feed ukar qilqayasim ukat Twitter (@chamorojas) ukat Pinterest ukanrak Alberto-r arkama.

Aka apkatatan Alberto Rojas-an iyawsatapampiw taqi jamuqanakax apnaqasi.","Alberto Rojas-ax “ yatiqir jamuq apsur markachiritwa” sasaw arsu, ukampins Caracas Caracas Shots blog-an jamuqanak apkatatapax janiw yatiqirinkirjamäkiti.",aym,globalvoices,Global Voices,fake news,3f36af2a-7faf-4004-bdb2-3044014631ee,article,MassiveSum
https://aym.globalvoices.org/2011/02/1033,,Argentina: Julio Cortázar Jilan 26ni Mara Jiwawipata,,"Wasüru, 12ni anata phaxsin 2011ni marana, Julio Cortázar (argentino) qilqir jilan leucemia sat usump 26ni mara jiwawipat amtasiwapxi. Simon Kofoed jilaxa, qilqirin jakäwipat qilqt'i argen-times [en].","Wasüru, 12ni anata phaxsin 2011ni marana, Julio Cortázar (argentino) qilqir jilan leucemia sat usump 26ni mara jiwawipat amtasiwapxi. Simon Kofoed jilaxa, qilqirin jakäwipat qilqt'i argen-times [en].",aym,globalvoices,Global Voices,fake news,ba0eae29-6346-456b-96eb-c5f5aad1ca65,article,MassiveSum
https://aym.globalvoices.org/2012/10/4822,,Colombianunakax 24 pachan jan jiwatanak utjañap mayipxi,,"Pä uru saraqata taypisata phaxsit amtasiw Día Internacional de la No Violencia, ukurux walja colombianunakaw yaqha markachirinakar amtayawayapxi ukur k’uchirt’añataki 24-0, kunatix akax mä amtaw jan ukur jiwayatanak utjañapataki. José Ignacio Navas uka jaqix kunjams Dia Internacional de la no violencia uka k’uchirt’awix uñsti ukhat uñist’ayawayi:

Con una campaña de 24 horas sin muertes violentas, los colombianos celebran el Día Internacional de la No Violencia, el cual se realiza cada 2 de octubre según lo establecieron las Naciones Unidas. De esta forma, la organización internacional recuerda el natalicio del líder pacifista Mahatma Gandhi, quien encabezó el movimiento de la Independencia de la India y fue “pionero de la filosofía y la estrategia de la no violencia”.

Mä sartawimpiw pä tunk pachanakaw jan jiwatanak utjañapatakiw ,colombianunakaw Día Internacional de la No Violencia ukur k’uchirt’apxi, kunatix akax sapa pä uru taypisa saraqataruw amtasi kunjamtix Naciones Unidas ukax sarayki ukarjama. Ukhamat organización internacional ukas aka tuq amtaraki mä jilir irpiriru pacifista Mahatma Gandhi jaqiru, kunatix India markan nayrar sartañapatakiw p’iqinchawayatayna ukhamarakiw ma pionero filosofía uka tuqitätana ukhamarak mä arxatiri jan ch’axwawinak utjañapataki.

Ukhamarakiw sitio web tuqinxuñist’ayapxi kunäntix amtax uk, ukax sañ muniw ukur jan ma jiwayatas uñstañapa:

“Nuestra meta es 0 muertes violentas porque ya lo hemos hecho, 0 muertes violentas en 24 horas sí es posible.Los datos de la Policía Nacional de Colombia lo ratifican: durante el 2011, 3 municipios registraron entre 7 y 21 días sin homicidios, 29 entre 170 y 298, 757 hasta 364 días y 333 municipios registraron todo el año, 365 días, 0 homicidios. ¿Cuál queremos que sea lacifra en 2012? Lograr de manera conjunta 0 muertes violentas durante 24 horas en todos los municipios del país”

Jiwasan amtawisax jan mä jiwayatas utjañapa,kunatix akax phuqhasxiw pä tunk pachanakanx wakiskiriwa. Kuntix pallapallanakax uñist’ayapki ukax pachparakikiwa: 2011 maranx kimsa municipionakaw paqallqut ña pä tunk mayan urukamaw uñist’ayasi jan mä jiwatas uñstätapa, pä tunk llatunkanit ña mä patak paqalltunkat pätunk llatunktunka kimsaqallqunit paqallq patak phisqhatunk paqallqunkamaw kimsapatak suxtatunkpusini urukamax kimsapatak kimsatunka kimsani municipionakan uñist’ayawayapxi jan mä jiwayatas utjatapa jisnawa mä marana.

Jiwasax qawqhañaps muntanxä aka 2012 maranxa, taqin sartasitasatx janiw mä jiwatas utjkiti qalpach municipionakanx pä tunk pusini pachanxa.

AkaTwitter tuqwa walja markachirinakax wal pachanak jakhupxän aka lurasiski ukata, ukhamarakiw wali kusisistaw jikqhatasipxäna aka ch’amanchaw nayrar sartätapataxa. Músico CésarLópez (@CesarLopezmusic), aka mayni ch’amanchirix akham yatiyaraki:

@CesarLopezmusic: Nuestros hijos podrán decir de nosotros muchas cosas pero nunca que no lo intentamos. @24_0 @24_0Guatemala @240puertorico

@CesarLopezmusic: Wawanakasax taqi kun jiwasanakat saspa,ukampirus janiw jan yant’ktanti sasax janiwa @24_0 @24_0Guatemala @240puertorico.

Actriz Carolina Guerra (@carolinaguerram) uka warmix akaham k’uchirt’awayi:

@carolinaguerram: SOLO POR HOY #24-0

Tuti Furlan (@TutiFurlan) akham qillqt’awayi:

@TutiFurlan: Hoy, antes de exigir #Paz debo revisar si yo la estoy dando, si la estoy viviendo, si la estoy promoviendo en cada paso que doy! @24_0

@TutiFurlan: jichhür janïr #Paz uka maykasinx nayraqat nayax uñjañajaw mayt’awixa, ak jakaskti, sapa ch’amanchawint nayrar sartayasktxä @24_0.

Bogotá markanx ma phunchawiw músicos ukhamarak artista ukanakampiw aka via streaming. tuq nayrar akham sutimp sartayapxi #nayax sum jakañax uñjta ukhamarakiw sapa jaqin arunakap jichhurutx thaxtasispäwa.","Pä uru saraqata taypisata phaxsit amtasiwa, Día Internacional de la No Violencia, ukurux walja colombianunakaw amtayawayapxi  yaqha markachirinakar yatiyaña ukur k’uchirt’añataki  24-0, kunatix akax mä amtäwa ukürun jan jiwayatanak utjañapataki.",aym,globalvoices,Global Voices,fake news,4ea74044-c7b9-4819-ad19-06d392fbb5d2,article,MassiveSum
https://aym.globalvoices.org/2013/12/6256,,Nelson Mandelan 17 tama arunak taqin ullarapxañäni,,"Nelson Mandela fue el primer presidente elegido democráticamente en Sudáfrica. Foto publicada por South Africa The Good News con licencia de Creative Commons (CC BY 2.0).

Nelson Mandela nayrir mark irpir ukhamarak taqi jaqin thiyapat chhijllt’at aka Sudáfricatuqita, ukatx jupax Premio Nobel de la Paztuqin atipt’irirakiwa, jakañ kutt’ayawayxiwa phisqa ur jallu qallta saraqkipan pä waranqa tunka kimsan maran jakaña tukt’ayawayxatana, jupax llatunk phisqan maraninwas. Mandela tatax pä tunk paqallqu maraw watañ utan ukankatana, kunalaykutix jupax munanw ch’iyar jaqinakax Sudáfrica uñt’atapxañapataki apartheid. mä waranq llatunka llatunkan maran wataña utat mist’xatana (1990), ukat pusimar jalakipkipan mark p¡iqichirixarakitana, jupax Africatuqinx maykutikiw mak irpiritana. Nelson Mandel tatax walisuma quña ch’alxtayir arunakaninwa, mä arsusiwipax akaw mä jach’a tantachawinxa juicio de traición de Rivonia akax 1964 ukha marana, kawkhantixa sawatanawa [en]:

He luchado contra la dominación blanca y he luchado contra la dominación negra. He atesorado el ideal de una sociedad democrática y libre en donde todas las personas vivan juntas en armonía con igualdad de oportunidades. Es un ideal por el que espero vivir y lograr. Pero, de ser necesario, es un ideal por el que estoy preparado a morir.

Nayax wal ch’axwawayt janq’u jaqinakan apanaqapxasatapata ukhamarakiw ch’iyar jaqinakxatsa. Nayax wal amuyawatxa taqinis mä jila sullkaki jaksna, mä kipka lurawiniki ukhamarak suma munasiñani. Wali askiw jakañax ukhamarakiw jiwañatakis yastakitwa.

Ukhama mä juysion arsuwataptsti. Mandelax jaytawayiwa wali amuyt’at arunaka. Ukatsti watañ utan llawintatakasinsti jupax markaparux arxayasinkakinwa aka Twittertuqnama, walpin jiwatapatx markachirinakax chuym ch’allxtayasiwapxi.

Jan juchachapxistati lurawijanakata, juchachapxita qawqxkutis jaquqtatatha ukhamaraki qawqxkutis sartastha.- Nelson Mandela

Janiw santutti, jan ukast jumanakax satu sasax mä jucharara jaqiruw sapxasma nayraqatar sarantaskakphana. – Nelson Mandela

Uñisisiñax p’iqs chamakt’ayiwa. P’iqinchirinakax janiw añacht’atanakar munañapanakarjam uñiskasphasti . — Nelson Mandela

Yatiqsnaw uñisisiña, yatichsnaw munasiña, munasiñax chuymatpach jutixa

Janiw khitis uñisis yurkiti… _Nelson Mandela

Qamasan jaqix janiw asxarkit qhisphiyaña .

Aka pachanx suma chuymampikiw kuns jikxatasma , janiw kuns ñanqhachañ chuymanpix kuns jikxatkasmasti

Qhipaxat apanaqama — ukatx antutam yaqhanakar nayraqatar apañapa.

Janchin samipanaka uñistwa kunalaykutix nayax amuytw mä jan wali, jutphasay mä janq’u jaqita jan ukasti mä k’iyar jaqita.

Kunas jan lurañjama kunapachatix lurataxi ukhaxa.

Qamasan jaqix janiw asxarir jaqikiti, jan ukast asxarañ atipxiriwa. – Nelson Mandela, jaya sartasiw jaqjam sarnaqañataki, 1994.

Jan atipayasir jaqitakiw mä atipt’awixa, kunapachasay ch’amaphas jan ch’amapasa. Nelson Mandela 1969.

Kunalaykutix p’iqinchiriñax janiw llaythatakikiti jan ukasti wali qamasan jaqitakiwa, ukhamarakiw wali yaqat ukatx suma jakañasa.

Yatiqawix aka pachanx wali ch’aman saxaruwiwa mä marka apxaruñatakixa.

Sapxiwa janiw khitis chiqpach uñt’kit aka markxa, jan watañ utat mistsina.

Mä jaqitix amuyi lurañapxa markapataki, ukatx markapax samariw qhisphiyataki ~ Nelson Mandela.","Nelson Mandela ch’iyar tatax nayrir Sudáfrica  mark irptiriwa,jichhakamas arxayasinkaksistuw   Twittertuqnama, akham tama arst’awipanakax walin markachirinakarux jan mayamp aka jakañat chhaqtawayxatapat amtayi.",aym,globalvoices,Global Voices,fake news,5e081d13-2c5c-45ea-925c-b3c21500f7ca,article,MassiveSum
https://aym.globalvoices.org/2013/10/6215,,Argentina markan legislativas chhijlläwi,,"La presidenta Cristina Fernandez de Kirchner y sus aliados perdieron por grandes márgenes en las mayores y más importantes elecciones en el país ayer [domingo 27 de octubre de 2013]. Sus listas legislativas fueron derrotadas en Buenos Aires (ciudad y estado), Córdoba, Mendoza y Santa Fe. Hay una razón por la cual todo periódico importante está hablando sobre su derrota y hasta los medios a favor de Kirchner están relativamente inmersos en este giro. Las elecciones mostraron un claro rechazo a la presidenta y una seria caída de su gran victoria en las elecciones de 2011.

Cristina Fernandez de Kirchner irpirimp ukat aliadonakapampix 27 uru taypi sata phaxsit chhijllawinx qhipartapxataynawa. Listas legislativa ukanakax Buenos Aires markan aynacht'ayataw uñjasina, ukhamw qhipartwayi

Bloggings by boz ukax Argentina markan cinco puntos de las elecciones legislativas chhijllawitx phisqha puntus [en] uka aka 27 taypi sata phaxist 2013 uñt'ayi.","La presidenta Cristina Fernandez de Kirchner y sus aliados perdieron por grandes márgenes en las mayores y más importantes elecciones en el país ayer [domingo 27 de octubre de 2013]. Sus listas legislativas fueron derrotadas en Buenos Aires (ciudad y estado), Córdoba, Mendoza y Santa Fe. Hay una razón por...",aym,globalvoices,Global Voices,fake news,07bfc067-c6b3-4aec-b800-c9ae6ba312cd,article,MassiveSum
https://aym.globalvoices.org/2014/11/6903,,Mä jan juchan yatxatat jaqiruw Mexico markan jan walt’ayapxi,,"Ernesto Villanueva. Foto de su perfil de Twitter.

Ernesto Villanueva Mejicano arxatirix mä jan walt’awin qhispiyataw uñjasiwatayna. Aka jan walt’awix pasawataynaw pä tunt llatunkan ur saraqkipan octubre phaxsita 2014, Ciudad Universitaria uksamanqhana, khawkhantix jikxatask Instituto de Investigaciones Jurídicas (IIJ) uksatuqina Universidad Nacional Autónoma de México,akax waljanin jach’a yatintañ ut ukham markan uñt’atawa.

Ernesto Villanueva (@evillanuevamx) jupa jilatax walja marannakaw derecho de la informacióntuqinx yatxatawatana juk’ampis jasa arsuwtuqi, q’uma apnaqawtuqi, qullqituqinaqtuqi ukatx juk’ampinaktuq yatxatawatana. Mara qalltkasinx waljanin sutinakapaw paqallq puest apnaqañatakix qillqat utjana Instituto Federal de Acceso a la Información y Protección de Datos

Ciudad Universitaria uñtawi, J. Tadeo (mayo 2012).

Aka qhipa urunakanx arxatir jilata Villanueva denunciawatanawa jan walt’aw jiskt’anaka director IIJ chhijllt’awinx inas Diego Valadés yatxatirix yanapt’asiwaychina. Kunayman jilanak yatxatatanaka, sarawipanakarjam arsusisa, kawkipuniw Villanueva jilattuq arsuwapxi ukhamarakiw juchachawapxi aka jach’a yatiqañ utar jisk’achatapata.

Akham yatiskipanx, akatuqinx Proceso,Villanueva arxatir tatax arsuwayiw akham sasina, Valadés jupa jilatawaw akham jan walt’awinakx utjayaskaspha:

Villanuevax uñt’awayiw Valadés jupa jilataru, exdirector del Instituto de Investigaciones Jurídicas ukhamarakitanawa, jupaw niyapun ukankaspha kunapachatix jan walt’awix utjkan ukhaxa aka jisk’a k’añaskump Mitsubishi ukampi,jupax kinsa phusilt’aw katuqarakitana akasti 38 ukhamkarakiwa mä jan uñt’atata.

Jichhakam yatisiw arxatir jilat Villanuevax jakaskiwa.

Twittertuqina, Carlos Brito jilatax yamuqanakanpiw arst’awayi aka jan walt’awinakata:

Ernesto Villanueva jilatat Raul Trejo jilatax amthapisi:

Villanueva tata arxatirix kunaymaninak uñacht’ayawataynawa artículos México markan jichhurunakana crisis de violenciaMichoacán markapana k’añaskunakan chanipax (Metro)capital mexicana markana . Jan walt’awinakax Mixico markanx utjaskakiwa: Ernesto Villanueva, arxatir yatxatataw ukhamarak jupax yaqhakastanaktuq yatxatata aka Ciudad Universitaria ukatuqina.","México markanx jan walt'äwix utjaskakiwa: Ernesto Villanueva arxatiri ukat libertad de expresión uksat wali yatxatatawa, jupax Universitaria markan yanqhachataw jikxatasi.",aym,globalvoices,Global Voices,fake news,b8157e89-aada-4ec0-9def-c47eac3843b0,article,MassiveSum
https://aym.globalvoices.org/2013/07/5969,,China markan wawanakax awk taykanakarux uñjañapapuniwa,,"China markanx mä kamachiw lurt’asiwayi kunalaykutix jilir wawanakax awk tayk tumpapxañapawa. China markanx awk taykar uñjañax ukhamarak yaqañas mä sarawjamawa kunapachatix jan ch’amanixapxi ukhaxa. Jichhurunakanx yaqha kastaxiw wayn tawaqutakix jakañaxa ukat jupanakax utjawipanak jaytjanukxapxi, yatxatawi ukhamarak munasiripampi uksatuqir sarawayxapxi. Aka machaq kamachix wawanakan awk tayka jan armt’asis uñjapxañapatakiwa. Maysa tuqitx aka kamachix janipi qhananchkitixa, mä phaxsin qawqx kutis jilir tatanakaxtumt’atapxaspa ukatx jan tumpt’atapxaspax ukhax kunas jupanakamp lurt’ataspa. Aka kamachix lurt’asiwayiw kunalaykutix Chinan markachirinakax jank’akiw chuymaniwaytapxi akham sapa wawanakan amuyupata. The journal [en]yatiyawayiwa, Aka 2013 maranx, Oficina Nacional de Estadística yatxatawapxiwa, 194 waranq jaqinakaw suxta tunt maranipxi, Ukhamarakiw, aka 2012 maranxa, awk tayk payllawix manuruw mantaski2,9 waranq waranq lip’ichiru [en]. Chinankir waynanakax awk taykanakar payllawipanakatak gubiernur yanapt’añ asxarapxi.

Machaq kamachix sawkanak aptasiwayi aka web de microblogs ukatuqina, Sina Weibo ukanx walja jaqinakaw aka machaq kamachitx sawkasipxana, awk taykar tumpañax janiw mä kamachimp asxarayataspxati jan ukasti sapa maynin chuymatañapawa. Waynanakax sapxiw janiw pachax utjkiti sasa, yaqhipanakax sapxanw aka kamachinakax janiw chinu payllaw puqhayañatakikiti.

«Zhuomo Xiansheng» qillqt’awatanaw [zh] suma chuymampi:

jaqinakan jakawipanx utjañapaw munasiña. Suma chuymaw utji kamachiptayañataki: akampix walisun jakapxam sisksnas ukhamaw mä parijaruxa kunapachatix jaqichataxapxi ukhaxa.

Kamachinak uñakipirix Yang Lei qillqantatanawa [zh] akham munasiña:

kunjams kamachirjama phuqhapxaspha.sañani,churaspachaniti chuyman awkinakaru mä makina ukam yatiñataki

“Yu linfeng” yatiyanwa [zh] jan wawanakax chuyman awkinakar uñjapxatapat ukataw akaa kamachix uñstawayi:

payllawix gubienunkir jaqinakatakakiwa, jilpachan jaqinakatakix janiw payllawinipkiti suma jakañataki.

Televisióntuq yatiyawinak uñacht’ayirix Baoying amuykipiwa [zh]kamachix mä kunakaspas gobiernutx ukham janiw kuns yatiñ munkiti:

kamach apruwt’ataxatapat, [gobiernux ]yatiyiw markachirinakatakix wali askiw aka kamachixa.

Mä qillqtàw aka ifeng news concluye [zh]:

machaq kamachix iyawsatapatx inas walt’aychispa utjawinakana, ukhamat wayn tawaqunakax awk taykanakar tumpapxañapataki.","Chinanx jichha simanax mä machaq kamachiw lurt’asiwayi  aka chamachix wayn tawaqunakax awk taykar tumpapxañapataki,  aka mach kamachix web de microblogtuqinx wali uñtàt China, Sina Weibo sawkasiwinak katuqawanxa.",aym,globalvoices,Global Voices,fake news,3378ab43-d3e3-481a-ae61-b8b2e2fd0aa4,article,MassiveSum
https://aym.globalvoices.org/2011/07/2240,,Bulgaria: Mä uru jan nayrir Boyko Borisov Ministru tatampi,,"Phisqa uru saraqatat willkakuti phaxsita 2011 marata apaniwayatanawa mä kust'ata amtawi khaysa medios búlgaros tradicionales tuqitaki: ¿ akanakax jawsayawayapchispaya facebook tuqiru kunatakitix” Mä uru jan Boyko Borisov tatampiñataki sasa [bg; ukhamarakiw paginanakax janiw apnaqañ ukhaqhatanti, ukhamarakiw ukuru paskasasti, apnaqirinakasti amtapxarakitanawa phisksxaña, saytayxañataki spam ukha]- jan ukasti yatiyasipkakinicha lurawinkatxa Nayrir Ministro Bulgaria markata?

Reuters uka jaqisti qillqaxt'arakitanawa kuntix jawsayapkana khaysa Facebook tuqinxa ukxa, ukat jupasti apkat'awayarakitanawa kabliruxa ukxa, mä wali kust'at sutimpi apnaqirinak tuqi amtawimpi: búlgaros jaqinakaxa achikapxiwa mä uru jan apnaqañapataki aka nayrir Ministro Borisov jaqixa[en].

Boyko Borisov, Primer Ministro búlgaro. Imagen del usuario de Flickr kaladan (CC BY-SA 2.0).

Juk'ampinsa, khaysa medios búlgaros, jan ist'asinxa- khaysa jach'a uta yatiyirinakansa BGNES [bg] ukhamaraki khaysa sitio de Internet Mediapool [bg]- janiw arkapkatanti kuntix sapkana ukxa ukat jupanakax khaysa nayrir Ministrurux laphinakaparux qillqt´asiwayapkakitanawa. Borislav Tsekov bloggers ukhamaraki exparlamentariu jaqiraki sawayatanawa [bg] kuntix arsuwayapkatana khaysa BGNES ukatxa, ukat sawayarakitanawa “ jumanakan amuyunakamampix nayax chiqt'wa”. Yhaqha bloggerunakasti amuyapxarakitanawa ukat qillqt´apxarakitanawa kunatix amatawinakakanxa ukanakxa, yaqhip pachanakax [bg] yaqha amtawinakampis qillqt'asa ukat publikañataki khaysa nayrir Ministru tuqitxa.

Wali llakisita ukhamaw, Nelly Politics is arts ukax jan walinwa [bg] khaysa medios búlgaros, uksa tuqitakix, sikt´asisa kunats “nayax yaqha markachirinakankir yatiyawinakap ullañaxa ukampirusa yaqha markankir tiliwisiunanaks uñchukiña ukhamaraki munaña yaqha bloggeruns parlawipanaks isch´ukiña ukat jan periodistas ukanakatxa”.

Pachpa nayrir Ministrurakiwayatiyiwa [bg] kunatix jupax janiw kuns yatiñ munkiti aka lurawinakatxa, ukat arsuwayarakitanawa apnaqirinakarux payllawxay churapchispa aka oposicion tuqitxa. Mä luririt jaqisti, Atanas Palov ukham sutini siwa [bg] akax jan waliwa, ukat phiskasisaw arsuwayarakitanax akham sasa nayrir Ministrutix payllawinak jilpach churasapanax ukhax lurawinakax wali kusasapanawa “mä uru Boyko Borisov tatampi sasa”.

Kimsa waynanaka (juk'amp yaqha pä tawaqunakampiw Kamelia Encheva ukat Valia Krusheva ukham sutin) ukanakaruw uka amtawix puriwayatana ukata jupanakax janiy irnaqapchispati politica tuqitx sasarakiw sawayapxatana: maynirix jupanak chikatsti Austria uka markan jakiritanawa, maynisti Bélgica markan, maynix Bulgaria markanraki, ukat jupanakax janiw politica tuqin irnaqapxirxamapkiti.

Ajllisiwa phisqauru saraqataru willkakuti phaxsita kunatix uka urux pä mara amtasitana elecciones pä waranqa llatunka maran luraskana uka kunawsatix Borisov tatax uka maran atipt´awaykana uka eleccionanxa.

Phunchaw tukuyxasasti, luririnakax uñist'awayapxatanawa mä carta jist'arata [bg], ukanx yatiyawayapxatanawa kunatix lurawinakax janiw nayrir Ministru tuqitakikatanakti jan ukasti, medios bulgaros ukanakan ist'apxañapatakitanawa katuqapxañapataki Boyko Borisov tataru . ukhamarakiw sapxatana amtawix katuqatatanawa italiana warmita” Mä uru jan Smolensk ukham sasa” [en] “Mä uru jan Smolensk ukham sasa” [en].","Phisqa uru saraqatata willkakuti phaxsin 2011 maratxa apaniwayatanawa ma kust'ata amtawi khaysa medios búlgaros tradicionales ukanakaruxa:
¿Jawsayapchispaya khaysa Facebook ukaru “mä uru jan Boyko Borisov tatapi sasa” jan ukasti yatiyasipkakinicha lurawinakatxa khaysa nayrir Ministro de Bulgaria jaqitxa?",aym,globalvoices,Global Voices,fake news,772d8f26-d995-47e8-9af6-d7bd5599c0e7,article,MassiveSum
https://aym.globalvoices.org/2011/10/2845,,Camerún: 9 uru taypisata phaxsin jan chimpuntapksna ukhasti?,,"Camerún markan Jilïr mallkutak chijlläwi [fr] 9 uru taypisata phaxsina, ukax janis jaqinakar p’arxtaykasp ukhamaw amuyasi. Walja camerunensenakatakixa, aka chhijllawix janiw wal jach’anchayatkiti, chimpuntirinakax chimpunakapax janis askikasp ukham amuyapxi, kunjamati uñacht’awinakax Paul Biya ukatakiw yanapt’asiwinakax uñsti.

Blog político camerún Libre et Solidaire ukax jan inters utjatapatw qhanancht’añ yant’i [fr]:

El gran problema en Camerún es que la gente no se está interesando en la política. Son demasiadas las promesas sin cumplir hechas por políticos fraudulentos que lo único que desean es estar en el poder para sus propios beneficios. Lo que obtenemos de esto es que mucha gente no se inscribe en los registros electorales y por consiguiente no ejercen su derecho a voto. El reto está en este gran segmento de gente que espera ser convencido de que aún hay esperanza. Ahora, el único partido de la oposición (Frente Social Demócrata) con la mejor oportunidad para enfrentar al actual presidente …. ha instado a boicotear las elecciones. Uno se pregunta ¿Que querrán conseguir con esto? ¿Cancelarían las elecciones debido a altos niveles de abstención? Jamás.

Camerún markan jan walt’awix akawa, jaqinakax janiw ancha política ukat lup’ipkiti. Arukiw utji janiw phuqhapkiti, jupanakan askiñapak munapxi. Uñjtanwa, walja jaqinakaw jan electorales qilqantäwir qilqantayasipkti, ukatx janiw kamachinakarjam phuqhapkiti. Jichhax mä patrido oposición (Frente Social Demócrata) ukakiw jichha irpir mallku lant sayt’añatak utji…Mä jiskt’äwi Kuns akamp jikjatañ munapacha? Juk’amp jach’a t’aqar phuqhapxaspati? Janispawa.

Paul Biya, Naciones Unidas Nueva York markar arxayt’atapa, Camerún markanx 1982n maratpachaw jilir mallku ukhama. Naciones Unidas markat Flickr ukat jamu waraqatanaka, CC BY NC ND 2.0 ukarjama

Mä sapa candidatikiwa Paul Biya ukan thakhipar puriñataki, mä dictador ukham uñt’atawa [fr] ukatx 6 uru lapaka phaxsit 1982n maratpachaw poder ukanki, es precisamente él mismo, Paul Biya. Ukatsipans candidaturapax pachpa chhijllawipatakix janiw akatjamatakanti, ukhamakipansti walja revuelo ukhamaw [en] jaqinakan amuyupatakixa.

Ukampirusa, maynix janiw iyawsayatakiti, janiw chiqpach posición ukax utjiti Paul Biyar llakisiyañataki. Aka amuyawix 21n candidatunakaruw yanapt’i [fr] ukanakax Consejo Electoral chhijllatapxiwa, janiw maynis chiqpach uñt’aykiti, kunjams aka bloguerox uñt’ayi [fr]:

Es verdad que en esta gran cantidad de candidatos encontraremos a los eternamente llamados opositores como John Fru Ndi, Adamou Ndam Njoya, Jean Jacques Ekindi…. También es cierto que hay algunos más excéntricos, haciendo de extras, en el nombre de Paul Biya debido a un exceso de celos. El hecho es que en estas estúpidas candidaturas hay que ver la mano invisible del partido del estado (Movimiento Popular Democrático) Si no, ¿Cómo estas personas, que son prácticamente desconocidas incluso en el área donde viven, que ni siquiera son funcionarios electos y que no pertenecen a ningún movimiento político, logran reunir las firmas necesarias para sus respectivas postulaciones?

Chiqansa, John Fru Ndi, Adamou Ndam Njoya, Jean Jacques Ekindi…ukanakax candidatu opositures sat uñt’atapxiwa. Aka candidatus ukanakax janiw askinjamapkiti (Movimiento Popular Democrático) Aka jaqinakax janiw kawkhans jaki ukax uñt’atakiti, ukatx chhijllawin sarantañatakix firmanakw apthapipxi.

Douala, Camerún markan mä Cartel de Campañawa electorales ukan qilqantayasiñataki. Willkakuti phaxsin 2011n marana. Flickr verni22im ukan jamuqa, CC BY ukarjam uñt’ayata

Camerún markan kawkhankis oposicionaxa? Allain Jules blogupanx uñt’ayasiwa [fr]:

Inexistente, esa es la palabra. Aparente apatía. Nada para taparles la boca. Cualquiera sea la razón, a pesar del desgaste de poder que hay, especialmente desde que la oposición más viable de Camerún para hacerles frente al actual gobierno (SDF) El Frente Social Demócrata de John Fru Ndi se convirtió en gran amigo del partido político de Paul Biya RDPC [Movimiento demócrata popular, fr]; un romance tejido desde que la última esposa de su líder fuera evacuada para ser tratada en Francia por el palacio Etoudi (el palacio presidencial), nada es como lo solía ser. Seamos realistas: hoy, el RDPC es inmejorable, incluso sin fraude.

Janiw utjkiti ukaw aruxa. Nikuna amukt’ayañataki. Kawkir amuyus chiqapan (SDF) Frente Social Democrata John Fru Ndi ukax mä inimigo ukhamaw Paul Biya político partidutakix tukuwayi

. Amuyasipxañani RDPC ukax jan nayrar kutikipstkay amtaniwa.

Aka sitio ukan yatiyäwinaka Slateafrique.com amuyt’asin uñt’ayatawa [fr] Mathi Eric Owona Nguini wali uñt’at camerunes político ukan qilqt’atawa:

La oposición está enormemente debilitada. Sus líderes están muy desgastados y su gran desventaja es la falta de programas y propuestas ideológicas. Además, está fragmentada y carece de unidad y nuevos impulsos. Lo cual obviamente beneficia al partido gobernante que ha estado en el poder por más tiempo y tiene más experiencia..

Oposicion ukax aynacht’atawa. Uka aynacht’awipax jani sum amtanaka, wakichawinak luratapawa. Uñt’ayawipax jaypach poder ukankatapawa, ukhamarak wali yatxatatawa.

Ukampinsa, mä qilqatax [fr] 2010 maran uñt’ayatawa, Thierry Amougou qulqi apnaqir yatxatataxa, cameruneses ukankaruw jawillt’awayi, jan mayamp sallqxtapxañapataki, el “ciclo” de Paul Biya al mando del Estado Camerunés satak ukana [fr]:

Aunque las encuestas en todo el mundo muestran que los votantes, en promedio, son guiados por los eventos ocurridos no mayores a 6 meses a la fecha de votación, se les pide a los cameruneses tener una memoria más extensa esta vez. No han sido sometidos a la mala dirección del Renouveau National por 5 o 10 años, sino que por casi 30.

Ser olvidadizo, en 2011, es no recordar que sus actuales políticas tienen por objetivos hacer olvidar:

- múltiples cambios constitucionales en favor de una persona.

- la creación de Elecam (Comisión Electoral Nacional), en vez de una verdadera comisión electoral independiente.

- los asesinatos de jóvenes camerunenses en febrero de 2008;

- y [anticorrupción] Operación Epervier [fr], el resultado de 30 años de mal gobierno del Renouveau National.

Uraqpachan chimpuntirinakat yatxatawinakax uñt’ayasi, camerunes ukanakarux jichhax amuyasipxañapaw ukaw mayt’ata.

2011 maran jichha politika ukanakax jan amtapxañap uka amtaniwa: – walja turkakipawinaka jaqi fawura.

- Elecam (Comisión Electoral Nacional) utt’ayäwi, mä chiqpach comisión electoral independiente lanti.

- camerunenses waynanakar anata phaxsin 2008n marana jiwarayawi;

- ukatx [anticorrupción] Operación Epervier [fr], 30 maran jan wali irpxarurin uñstayawipa Renouveau National.

Ukham aka jan walt’awinakaruxa, maynix jaskt’asiwa jutirin kunjamanis aka marakax sasina, ukax janiw nayratapachas qaritakiti [fr], jichha irpir mallkux janiw mayachthapiñx atkiti.","Camerún markan 9 uru taypisata phaxsin jilir mallkutakix chhijlläwix janiw jilpach  jaqinakar lup’iykiti. Walja  camerunensetakixa, janiw ancha askikiti ukatx chimpuntirinakax chimpumtawipax janis askikasp ukham amuyapxi, ukampirus ch’amanchäwinakax  jilpachax jichha irpir mallku Paul Biya ukatakiw uñjata.",aym,globalvoices,Global Voices,fake news,8f9b1557-09ea-43af-9f40-8f0dd94d9159,article,MassiveSum
https://aym.globalvoices.org/2013/09/6148,,Pusi patak qullirinakaw Brasil markar purintapxi,,"David Oliveira de Souza, qulliri yatichiri khaya Instituto de Investigacion del Hospital Sirio Libanes, mä carta abierta pusi waranq qullirinakatak Brasil markar purinirakat apayawayi, kawkiritix aka jichha maran tukuy phaxsin pusi waranq Galenos qullirinakaw Brasil markarupuripxañapana.

Hogar materno en Cuba. (Foto: Randy Rodríguez Pagés)

Paula akjam saw diario Folha qillqkatawayatayna:

Bienvenido, médicos cubanos. Ustedes serán muy importantes para Brasil. La falta de médicos en las zonas remotas y periféricas ha dejado a nuestra gente en una situación difícil. No se preocupen por la hostilidad de algunos de nuestros colegas. Se verán compensados, en gran medida, por la calurosa acogida en las comunidades de las cuales ustedes cuidarán a partir de ahora.

Jallallapan jumakaru wali ask pun purt’aniwayaptax, akanx faltaskapuninwa jumankjama, ukat janiw jumakax chuymanakam usuyasipxatati kawkiri qulliri masinak yanqhachan munapxiristam ukata. Uka pachparakiw jumanakax wali sumar uñjatapxata ukar wali sum katuqata markachiririnakampi kawkiritnakarutix jumnakax jichhat uksaru kullt’awayapxata.

Akjamrak maysat Oliveira de Souza tatax qhanacht’awayi, jasakiskiw capital interior uksar puriñax, ukat pachparakiw jan suma irnaqirinak utijkiti uka kullasiñ utanakan.

Aka déficit tunka pusin phisqa patak galenos ukanakan jan utjatapt, gobierno Dilma Roussef aprowawayiwa “mais medicos”(mas medicos), kawkiritix juk’ampi qullirinaka achikawaykani España, Portugal ukar cuba ukar juk’ampi markanakaru. Oliveira de Souza tatax qhananchawayiwa, jupanakxat jan wali arsuwinakaw utji, jupanakx arumay uru wali irnaqatayapkaspas ukjama.

Recientemente, una de las principales críticas realizadas a la contratación de cubanos refiere que estos “estaban siendo explotados”. Ante este argumento, Oliveira de Souza declara en su carta:

Se habló hasta de que trabajarían como esclavos. La Organización Panamericana de la Salud (OPS), con un siglo de experiencia, sería cómplice, ya que firmó el acuerdo de cooperación con el gobierno de Brasil. Sus rostros sonrientes en los aeropuertos repudian esas hipótesis. En nombre de nuestro pueblo y la mayoría de nuestros médicos, sólo puedo decir con convicción: un fraternal abrazo y muchas gracias.

Organización Panamericana ukax jan walt’ayirispawa, kunatix makixay rixintasiwaxchixa ma acuerdo, ukat aka jan wali arsuwinakx wal axtasiyitu, ukat nayax juapnakr mä jach’a qhumantawi ukar arumtawimp apayanipsma.","David Oliveira de Souza, qulliri yatichiri khaya Instituto de Investigacion del Hospital Sirio Libanes, mä carta abierta pusi waranq qullirinakatak Brasil markar purinirakat apayawayi, kawkiritix aka jichha maran tukuy phaxsin pusi waranq Galenos qullirinakaw Brasil markarupuripxañapana. Paula akjam saw diario Folha qillqkatawayatayna: Bienvenido, médicos cubanos. Ustedes serán muy importantes para...",aym,globalvoices,Global Voices,fake news,dcca4661-3192-4223-ad0f-ea658efd5b1f,article,MassiveSum
https://aym.globalvoices.org/2011/11/3026,,Juk’a arsut arunakar yanapt’asa · Global Voices Aymarata,,"Aka post ukax Internet ukhamarak arunaka ukanakxatawa.

Global Voices ukan podcast ukanw kawkir arunakati Internet tuqin jan walja qilqatanak jikxatatak ukatw aruskipata. Jumax arstat mä arux internetan jan walja qilqat jikjatask ukxa? Jumax jakastati kawkhanti tayka arumax jan arsutaki ukhana? Ukhamax uraqpachan niya chhaqtir arunak arskta, qilqkta ukanktawa”. Ukapachparakiw 11 Eleven uka amtar suyt’askatana [en] 11/11/11.

Machaq aruskipawi Internet tuqin arunak jakayañataki

Machaq yatiyawinakaxa, Global Voices ukan machaq amuyunak thaqhasipkta, jaqinakax medios ciudadanos ukanak apnaqapxaspa ukhamat kipka arunakapar jachanchañataki. Eddie Avila jilax Global Voices , Rising Voices uka amtanakan irpiripawa [en]. Jupax situwa kunjamti sartatana ukhamarak kunjams New Tactics for Human Rights ukamp irnaqaski taqi ukanaka [en] .

Aruskipawinxa, Eddie jilax Kevin Scannell ukan muspakay irnaqawipat arst’i. Kevin ukax St. Louis Missouri, EUA uka Jach’a yatiqañ utan matematica, ciencias de la computacion yatichiriwa. Jistuwa kunjams mapeo tuiteos indígenas ukan [en] ukhamarak micro-blogs uraqpachan uñt’ayañar chikanchasi taqi ukanaka.

India markan aru jan walt’awink uka askichañatak telefununak apnaqawi

Web tuqir juk’a arsut arunakamp telefunu uksat mantañax janiw jasakiti. Ukampirusti, Internet ukax walja jaqinakaniwa, taqi ukanak apnaqañataki. Mayni Global Voices ukan qilqirix Aparna Ray satawa [en] jupax Shubhranshu Choudhary uksaruw irpitu CG Net Swara [en] ukan irnaqi, mä radiyuru India markan teléfonos móviles uka tuqikam sarantayatakiwa. Ukatx yat’ayituwa, kunjams uka apnaqawix jaqinakar juk’a arusut arunakanx yatiyasiñapatak yanapt’i.

Internet tuqinx walja qalltawinakaw utji, ukhamarakiw kipka arunak jikjatañs yanapt’chistu chiqpachans. Christine Mladic [en] jupax Centro de Estudios para Latinoamérica satak uka wakichawin apnaqiriwa ukhamarak Caribe New York Jach’a yatiñ utana, ukapachparakiw podcast Rimasun ukans chikanchasi, Quechua arur uñt’ayañataki.

Akhamawa Global Voices ukan podcast lapak phaxsin luratapaxa, ukax sañ muniwa, 11/11/11 ukar jach’asktanwa sasa. Akawa uka aski uruxa khitinakati 11 Eleven uka amtan chikanchasipki ukaxa [en]. Danielle Lauren jupax irpiriwa, ukat jupax uñt’aychistuwa, niyaw makiptani ukatx kunjamats taqin chikanchasna sasina.

Danielle sutinix uñt’ayiwa, Global Voices ukan yaqhip qilqirinaka, ukhamarak Eleven Eleven uka amtankirinakaru, Salman Latif juparu [en] Pakistán ukankiri Lalatiana Rahariniaina [en] Madagascar ukankiriraki ukat jupanakax uka urux uñt’ayawapxistu.

Ukaspaw aka podcast ukar puritasaxa. Ukatxa, aski yatiyawinakaw utji! Global Voices ukan Podcast ukax wakt’ayataxiwa. Jumati radio pública ukatuq ist’añ munsta ukhax ist’asmaw PRX uka tuqi [en]. Clips ukti ist'añ munsta, ukhax akar mantama SoundCloud [en]. Nanäkamp ist'apxama!

Podcast ukanx Creative Commons ukan aski jayllintawinak ist’asma. Juk’ampti yatiñ munst ukhax ak enlacenakaruw mantasma. Orb Gettarr [en] yaqhax atmosférica canción Return of the Atlanteans Lemurian Candidate, Mark Cotton [en] Homenaje Espiritual ukham sutinchata , Superbus feat. NS [en] Fujjad! Jilpach jayllintawinakax aknirinakan jikxtata OpSound.Org, The Free Music Archive [en] jan ukax jayllintirinakrus jikxatatarakiwa. Ukhamarakiw jallallt’ata voice-overs ukaru, ukatx clips ukarus jallallt’atarakiw podcast uk mayacht’añar yanapt’asitapata.

Podcast: Play in new window | Download","Aka qilqatx kawkir arunakati Internet tuqin jan walja qilqatanak jikxatatak ukxat aruskipatawa. Jumax arstat kawkïr aruti internetan jan walja qilqat jikjatask ukxa? Jumax jakastati kawkhanti tayka arumax jan arsutaki ukhana? Ukhamax uraqpachan niya chhaqtir arunak arskta, qilqkta ukanktawa"".",aym,globalvoices,Global Voices,fake news,030cc428-fa2d-4db3-8cec-42e0f40b58f2,article,MassiveSum
https://aym.globalvoices.org/2013/12/6260,,Islandia jikxatasiw ch’iyarata kunalaykutix mä jaqiw pallapallanakan illapt’at uñjasi,,"Policías en Reikiavik, Islandia. Foto de Christopher Porter en flickr (CC BY-NC-ND 2.0)

Aka qillqataxa ukhamarak radiot waraqt’atax aka Traci Tong para The World akax uñstawayiwa PRI.org [en] pä waranq tunka kimsan marana, kimsur jalluqallt phaxsita ukhamarak uñacht’asiwayi mä amtawi .

Aka urunakanx mä yatiyaw jan juchan utjawayi aka indiatuqina: mä chachaw pallapallaw illapt’at jiwatana.

“Jach’a markax sustjatawa. Akhamax mulljañax janiw markasan utjkiti” ukham sawayiwa aka Thóra Arnórsdóttir jaqixa, yatiyawinak luririx RUV, la akasa jach’a uñacht’aw yatiyawtuqina. Phisqatun llatunkan maran chachatx arst’awayiw mä jaqix pallapallan illapt’ataw jiwayatatana pasir urunakana. edificio jakir jaqix pallapallanakaw qalltatana illapt’aña.

Islandia markanx nayrir kutipuniw aka jaqix pallapallanakan illapt’at uñjasiwayi. Pallapallanakax janiw saparatux phusilapanak apanaqapkiti. Ukham jiwayasiwinakax janiw aka markanx utjapunirikiti.

“Markax janiw pallapallanakapan phusilanak apañap munkiti kunalaykutix akax jan walt’awinak apanispha, markachirinakatakix mä ñanqhachawiwa”, Arnórsdóttir jupax ukham sasaw qhanancht’awayi. ” akax markasatawa. Phusilanakax kuna ch’umi uywanak katjañatakiwa, mä deportikaspas ukhama ukatx janipuniw uñjatakiti”.

Islandia markax janiw phusilanak apanaqirikiti, aka jakawitx tunka phisqanjankiw arma apanaqañatxa, ukhampachas wali mayjaw akham mä jaqi, ukhamarus wal aruskipapxi aka jiwatan utapan jak’an jakirinakasa ukhama illapt’apxatapata.

Islandésankir pallapallanakax qananchawapxiw akham illapt’apxatapat mayni pallapallanakxata katuqapxaniw chuymancht’awinaka, ukhamarakiw jiwirin wilamasipanakats qhisphiyasiwapxi. “Wali yaqata Arnórsdóttir tatax sawayiwa, “kunalaykutix janiw khitiruw jakañxa khitirus apaqañax churmaru purkasphati”.

Ukhampachas walja jiskt’awiw utji jaysañaxa, aka jikt’awix ukhankarakiw kunatsa pallapallanakax nayraqat jan i jiwir jaqinp aruskipawapxi.

“Aka jach’a markan jakañatakix ukhamarak mä tantachawir mantañamatakix ukatakix mayipxtamw jumax silq aruskipasiñak jiwt’ayasiñama jan yaqhanakar phiñasiyañataki. Janiw utjkiti mä Ministro jan ukax mä mark p’iqinchirir qhip nayr uñjirixa. Janiw jiwasax kunas jaqukiptañap munktanti. “","Titular  Islandia Markan jan jilïr irpirini: mä chachax pallapallan illapt'ataw jiwi. ""Markax shock ukankiwa. Akax janiw jiwasan markasan makiptkiti...""",aym,globalvoices,Global Voices,fake news,3f4a940c-67f7-4879-9608-660bc22f09aa,article,MassiveSum
https://aym.globalvoices.org/2015/06/7283,,Aka mapax kawkhantï periodistas camboyanonakax jiwayat uñjasipkan uka uñacht’ayi · Global Voices Aymarata,,"Centro Camboyano de Derechos Humanos (CCHR) ukax mä portal uchi, ukanx periodistas camboyanos ukanakan derechos humanos ukar jan yäqawinakapaw utji. Constitución camboyana ukax “libertad de expresión” ukaruw arxati, ukampirus periodistas jupanakast jan yäqatasipkakiwa, ukhamarakiw jiwayats jikxatasipxi.","Centro Camboyano de Derechos Humanos (CCHR) ukax mä portal uchi, ukanx periodistas camboyanos ukanakan derechos humanos ukar jan yäqawinakapaw utji. Constitución camboyana ukax “libertad de expresión” ukaruw arxati, ukampirus periodistas jupanakast jan yäqatasipkakiwa, ukhamarakiw jiwayats jikxatasipxi.",aym,globalvoices,Global Voices,fake news,28fbb296-21c1-44e1-b72e-295101c8be17,article,MassiveSum
https://aym.globalvoices.org/2011/10/2864,,Zambia: Cibernautanakax 90 urun mark turkakipañ amtawitx niyaw jakhuñ qalltapxi,,"Aka qhipa kimsa jaquntawinx aka Zambia jilir irpirix sarxaruwaykatan axlliwinakanx, Michael Sata uka tatax [en], sawayatanawa, sum tukuyasini aka markanx llatunk tunka uruna, ukhamarakiw arst’awayatan qullq jaqin wulsillupar uchaña. Jichhax ña kixay ajllitachix jilir irpirxamax, cibernautas uñchukirinakax qalltapxatanaw jaqhuña.

Yaphip Sata tatamp sumankirinakax khaysa Facebook [en] ukanx amuyapxiw jaqhuwinakax suma sartatapa ma suma xawillt’awimpi ,ukhamarakiw yaqhipax sapxi suyañ mä suma sartaw llatunk tunka urunx janiw amuyañxamatakikiti.

Yaqha mä tamasti 90 Day Agenda‘ ['90 uru’, en] sutimp uñt'atawa, khaysa Facebook ukan juk’amp uñacht'ayañatak qhalltawayi.

Los zambianos tratan de echar un vistazo del nuevo presidente en la ceremonia de toma de mando en setiembre de 2011. Imagen de la página de Flickr de la Secretaría de la Comunidad (CC BY-NC-SA 2.0).

Henry Mando en The Zambian Peoples PACT ukax uñjawayiw [en]:

La teoría de los 90 días ya está funcionando… Las minas chinas han ofrecido 80 por ciento de aumento salarial en el Cinturón de Cobre a sus trabajadores, en tanto que Sun International ha empezado a pagar los montos atrasados de compras que antes habían retenido y esto viene acompañado de un aumento salarial. Así que pueden imaginar qué pasará cuando la tasa del impuesto se reduzca y más y más dinero siga llegando a nuestros bolsillos…

Aka llatunk tunka uru jiskan ukax ñayaw sarantaski kunatix minas chinas ukanakax churapxaspaw 80 por ciento qullqi irxatampi taqi irnaqirinakaparu, ukat Sun International ukax ñayaw qalltawayarakitana payllaw churaña jipt’at alawinak luraskan ukanakata ukhamarakiw qullqimpis irxatarakini. Ukhamaw jumanakax amuyt’apxat kunxamanis impuistunak jukar tukun ukhax ukat juk’am qullq purisinkakini jiwasan bulsillusanakarux.

Phiskasiwipanx janis ukakpan, Festus Daka uka jaqix yapxatawayatanawa [en] kuntix jilir irpirix jiskan uka:

Desde que el PF [siglas en inglés del gobernante Frente Patriótico] fue anunciado como ganador de las elecciones, he vendido más de 600 artículos de pantalones cargo. Las razones de los clientes es que quieren esta ropa con muchos bolsillos pues habrá más dinero en ellos.

Kunawsatix PF uka siglas gobernante Frente Patriótico jiski inglisat atipt’awipx, ukhax aljawaytwa 600 ukha artikulus qillqt’atanak. Jaqinakan arsuwipax munapxiw aka wulsillunak walja qullqini jichhax utjanipi walja qullqix.

Aka cibernauta Hachi Beekay ukax cita jawsayiw aka Hakainde Hichilema [en], kaukiritix p’iqinchiri opositor Partido sarantayañ Nacionalar chikancht'ata (UPND) ukax maykas 23 sata phaxsi chimt’apxam sasaw waynanakar mayitana, kunatix ña tukuski llatuk tunka urunakax aka marka walja qullqiniñapatakix wulsillupanakana:

HH ha desafiado al PF a que dé prioridad a la implementación de políticas pues ya pasó el momento de las promesas políticas, y agregó que los 90 días del partido de gobierno expiran el 23 de diciembre y los zambianos apreciarán el cumplimiento de todas las promesas como un regalo de Navidad.

HH ukax sawayatanaw Pf ukarux tukusjiw política ukar yapxatawix tukusiwayxiw ukax sasa, ukat yapxatawayarakitanaw aka llatunk tunka uru ukax tukusjiw aka 23 sata phaxsita sasa, ukat zambianos ukanakax wal katuqapxani Navidad rigalukaspas kuntix lurkta ukhama.

Kaimfa Chandang’oma yapxatiw [en] Hakainde Hichilema ukax satanaw waynanakax sarapxpan jilir irpirin utaparu jan phuxkani kunti jiskan ukhaxa:

HH [Hakainde Hichilema] ha incitado a los jóvenes de Mandevu para que si hacia el 23 de diciembre no hay “más dinero en sus bolsillos” deben marchar a la casa de gobierno y exigir su dinero…

HH [Hakainde Hichilema] jawsayatanaw waynanakaru Mandevu ukatpach aka 23 sata phaxsita janiw qullqix utjkiti wulsillunakasanx sasa sarapxañamaw jilir irpirin utaparux mayir qullqimanakx sasa.

Lissa Ngenda Mwenda arxatiw aka Sata jilir irpiriruxa [en]:

Nuestro presidente tiene apenas una semana y los escépticos Tomases son muy rápidos para cuestionar su falta de acción. La verdad es que solamente los ciegos no han notado el cambio. Parte de este cambio lo hemos traído nosotros porque sabemos que ahora nos dirige la acción. No seamos rápidos para juzgar considerando que no hay mucho de lo que podamos alardear con el gobierno anterior, a menos que hubieras sido suficientemente “afortunado” de ser pariente o amante.

Jilir irpirisax jichhaw ma simananiski aka mayiwinakax janiw ratuki mayiskaspati. Chiqsasansa juykhu jaqinakakiw jan amuyapki aka suma sartawxa. Jan ratuk parlañaniti kunatix janiw walj utxkiti amantayañataki nayrir irpirinakaru jan ukax wali kusasapanaw jupanakan wila masipasan ukhaxa.

khaysa Facebook Agenda llatuk tunka uru ukanx. Yewa xsiwa [en] laqa lurasiwinakwa jilir irpirix irnagañapa aka llatuk tunka urunxa:

Mis humildes sugerencias de lo que el gobierno del PF debe empezar a trabajar en el término de 90 días. Algunas se dijeron durante las campañas, otras no. Echen un vistazo y comenten. 1.Proceso de preparación constitucional (recomendaciones de Mungomba). 2. Revisión de impuestos mineros. 3. Revocación de antiguas leyes laborales. 4. Incluir en el cobro de impuestos al sector informal y reducir PAYE (siglas de pay as you earn, paga según ganas). 5. Disminución de puestos en el gabinete/descartar puesto de corte de distrito. 6. Concesión de buenos incentivos a las nuevas empresas de Zambia. 7. Aplicación de una factible política agrícola y agroforestal. 8. Presupuesto para 2012 favorable a la educación, la salud, la agricultura, la ciencia y tecnología, la diversificación de la minería.

Akanak lurasiñapaw sasaw jilir irpirirux PF sirista irnaqapxañamataki aka llatuk tunka paxsin. Yaqhipax satanw tantachawinakaman yaqhipax janirki. Uñjatapxam ukat arsunipxama. 1. Constitucional wakicht’asiña (arjawinak khaysa Mungomba tuqita). 2. minirunakan impuist laphipanak uñxataña. 3. Wacht’at wakicht’aña nayra kamach lurawinaka. 4. Yaphatañ impuist mayiwinak khaysa siktur informal ukat iraqañ PAYE ukxa. 5. Impuistunak iraqañ gabinete ukar jan utjpanti puesto de corte de destrito. 6. Katuña suma incentivos jisktan khaysa machq Zambia imprisanakata. 7. Lurasiñapa politica agricola y agroforesta uykanaka. 8. Qullq wakichañ aka 2012 marataki yatiqawitaki, qullan tuqita, yapu larawita, ukat yaqha lurawinakampi.

Mä qillt’awiw [en] saspay aka pulitiku upusitur Hakainde Hichilema ukax mayisp jilir irpir amuypan kuntix lurañanakatx arski aka 90 urunx ukanakxa jan nuwasiwinakampi. katuqawayatanaw walja arunak [en]. Katongo qillqiw:

¡¡¡Los chinos acá en Ndola han empezado a aumentar los salarios de los trabajadores!!! ¿Más dinero en los bolsillos quieren ver en 90 días? Las leyes laborales seguirán, empezando ahora. HH [Hakainde Hichilema], le mostraste al pueblo que odias al PF y así estás empezando, pero espera cortos 90 días y luego pregúntale a la gente que trabaja en las empresas chinas y verás lo que el presidente quiso decir a menos que sigas siendo dalo [tonto] como eras antes de las elecciones. Lo que necesitas hacer es reflexionar en tus fallas [fracasos] luego reorganizar tu partido y después podrás ganar las elecciones de 2027.

Chinunakax Ndola akanx qalltawayapxiw qullq irxatañx irnaqirinakarux juk’amp qullqti wulsillumanakan uñjañti munapxta aka 90 urunakanx. Irnaqañatakix juk’am utjaskakiniw jichax HH [Hakainde Hichilema], uñist’aytati kuntix wal uñisk’ta PF ukarux markachirinakarux, suyt’am 90 urunak ukat sikt’am jaqinakar kuns irnaqaxi aka empresas chinas ukanx ukat uñjata kuntix jilir irpirix san munkän jan ukax saskakitach sarantaskakim jan wali amuyan sasa kunjamatix nayra axlliwin ukhamakayat ukhama. Kuntix muktax jumax amuxthapisiña jan wal tuqinakata ukat wastat wakicht’asiñamaw tamachawx ukat atipt’atax axlliwinakan 2027 marana.

Katuqas jan walinak aka HH parliw wal kuliras, Real Muntu ukax qillqt'iwa:

No está hablando por amargura, ¿Cómo puede un partido que ganó las elecciones y tiene buen liderazgo permitir que los matones tomen la ley en sus manos? Nadie debería celebrar la anarquía porque la próxima vez los que celebren te atraparán a ti. Miren que las decisiones unilaterales ya han empezado. Hoy a los tres aeropuertos les han cambiado el nombre sin tener un gabinete en su lugar. ¿No es esto liderazgo autocrático? En vez de traficar insultos en Internet, seamos sobrios y ayudemos a nuestra dirigencia. Esta euforia tendrá corta vida. Pronto la realidad caerá en la cara de todos y comenzarán los gritos de la misma gente que está en gran celebración. Por favor, sean realistas. La violencia no ayudará a nadie y si esta es la primera acción del PF en los famosos 90 días entonces es lamentable.

Janiw kulirat parlkiti, kunjams ma partidux atipt’awayaspa ukat sum irnaqaspa kunawsatix aka atipt’irinakax kamachinak jiwayiripxi. Janiw khitis xallallt’añapakiti kunawsatix xallallirinakax jupamp chik katuntatapxaniw. Uñtapxam kuntix jupanakax amuyapki ukax qallantxiw. Jichhurux kimsa aeropuertonakaruw sutx yaqhaptayawayapxi janir gabinetix utjki ukha. Kunatix internet tuqin jan wal arsuwimanakax lantitx yanapt’askañani dirigenciasanakarux. Aka jan walt’awix janiw jayakaniti. Jank’aw uñstani chiqax ukat qalltapxan k’alawinakax pachpa jaqinak xallallirinaka tuqit. Ampsum amuyapxam. Nuwasiwinakax janiw yanapkanit khitirus jichax akaw PF luraw qalltapanakax 90 urunak jan ukast janiw walikiti.","Zambia markan Michael Sata jilir iripirixa, 90 urunw marka turkakipañ amtawayi, ukankarakispaw jaqinakan wullsillunakapar qullqi uchaña. '90 Day Agenda' ('Agenda de 90 días') sat sutin tamax Facebook tuqinw  mä pajin jist'aratayna ukhamat uñt'ayañataki.",aym,globalvoices,Global Voices,fake news,abb675ca-63b4-4382-9512-6a2b3ab2f788,article,MassiveSum
https://aym.globalvoices.org/2013/04/5789,,Bloguero chadiano jupaw jist’antata · Global Voices Aymarata,,"Internet Sin Fronteras [en] yatiyiwa Jean Laokolé, mayni bloguero, 22 uruw achuqa phaxsit fuerzas de seguridad Yamena markan katuntat uñjsi, capital de Chad uksana. Mä mayiwinx [en] 9 uru aka qasawi phaxsiw uñt'ayasi, defensa [de la libertad de expresión en internet] uka qillqiwa: “[Laokolé] mä tama jaqinakat katuntataw uñajasina.” Uka mayiwinx mä pita antutataxpan ukwa mayipxi.

Chad uksanx Laokolé seodonomo ukampiw blogs ukanaka qillqt'i. Jist'antatapata, Laokolé jupax jan juicio ukaniw jist'antat jikxatsina, Julie Owono jupax ukjamw qhanancht'i, África markat Internet Sin Fronteras. Owono qillqiwa:

Jean Laokolé contribuyó el año pasado bajo un nombre falso al famoso blog de ​​Chad

[fr]. En sus artículos, denunció la corrupción, la mala gobernanza y el nepotismo que imperan en este país ubicado en la parte central de África. Fue identificado por los servicios de inteligencia.

Jean Laokolé ​​Chad bloguruw maymaratpach k'ari sutxar

[fr] yanapt'ana. Qillaqäwinakapa, corrupción ukarux janiw sataynawa, la mala gobernanza y el nepotismo que imperan en este país ubicado en la parte central de África uksanx janiw suma gobernatakiti. Servicios de inteligencia uksat uñjatawa.

Jean Laokolé (imagen cortesía de Internet Sin Fronteras)

Laokolé jupax 25 uru achuqa phaxsitx campamento militar uksan jikxatasiskäna, “Campamento Amsinene” ukham uñt'ata. Activistas locales de derechos humanos uksankirinakax Internet sin Fronteras uksarux akham sapxana, uka campamentox políticos uksankirinakar jist'antañatakikiwa. 2012, Amnistía Internacional ukax uñt'ayanwa [en] [PDF] derechos humanos en Amsinene uksata. Según Amnistía Internacional [en], Laokolé ukax janq'u jaqinakat jutatawa. Jean-Baptiste Laokolé jupax oposición política uksan p'iqinchiriwa. Laokolé ukatx, Internet sin Fronteras ukax qillqiwa:

Segun diversa fuentes, incluidos los miembros de su familia, la policía llamó a Jean Laokolé…supuestamente sobre un artículo publicado en un blog. Era sospechoso de lanzar “acusaciones falsas” contra un grupo de personas que podrían [haber presentado] una denuncia contra él. Se estaban realizando negociaciones para una solución de compromiso entre todas las partes: finalmente se acordó que Jean Laokolé escribiría una disculpa en este blog y también enviaría una carta de disculpas a aquellos que fueron perjudicados por el blog. Él tenía previsto hacerlo el sábado, 23 de marzo.

Kunayman qillqatanakarjamax wali masinakapamp pallapallampix Jean Kaokolé ukaruw jawsapxi, qillqaw qillqatapata. Jan waliw uka jan aski qillqatanak qillqatapata. Jean Kaokolé aka blog uksanw desculpas uka mayt'as qillqt'aspa ukapachparakiw carta de desculpas uka luqt'aspa khitinakati ukrurunakan blogunapax jark'atakan ukanakaru.","Internet Sin Fronteras ukax  Jean Laokolé jupxatw yatiyi, jupax qillqirinwa, 22 uru qasawi phaxsitw  Yamena markan  fuerzas de seguridad uksat katuntataw uñjasina.  Yamena markana, la capital de Chad. Martes 9 uruxa, mä tamax ""liberación inmediata e incondicional"" del bloguero ukwa mayt'apäna.",aym,globalvoices,Global Voices,fake news,358957a0-9cca-4b87-8aa8-462e5bcbf568,article,MassiveSum
https://aym.globalvoices.org/2014/02/6406,,Tokio markanx wali khununti,,"Japón centro de Tokio markanx 8 uru anata phaxsinx aka 2014maranxa. Pä tunka paqallqun centimetros ukhaw khunux khununtawayatayna, Veintisiete centímetros de nieve cayeron en el centro de Tokio, 45 mara makiptataw ukhamaw uñjasi [en]. Moro Miya, qillqirix uñtr'ayarakiwa, ukapachparakiw phutus ukanak apthapi ukanx jaqinaka, uywanaka ukhamaw uñjasi ukat ukx Twitter uksanw uñacht'ayapxi.","Japón centro de Tokio markanx 8 uru anata phaxsinx aka 2014maranxa. Pä tunka paqallqun centimetros ukhaw khunux khununtawayatayna, Veintisiete centímetros de nieve cayeron en el centro de Tokio, 45 mara makiptataw ukhamaw uñjasi [en]. Moro Miya, qillqirix uñtr'ayarakiwa, ukapachparakiw phutus ukanak apthapi ukanx jaqinaka, uywanaka ukhamaw uñjasi ukat ukx Twitter...",aym,globalvoices,Global Voices,fake news,4b89b819-1e1d-4b67-bf38-536dd0cb871b,article,MassiveSum
https://aym.globalvoices.org/2017/04/8754,,"Venezuela markanx unxtasiwinakax juk’ampiw utji, sitios web ukat tiliwisyun ukan jan yatiyäwinak yatiyapxañanakapatakiw jark’t’apxi",,"“Navegar con Libertad” de IPYS uka pajinan qalltañ uñacht’äwinakapa.

Ururüru 7 uru qasawi phaxsit qhantat pacharux venezola-nkir cibernauta-nakax canal de televisión web Vivoplay ukar janiw mantañ atxapxänti. Yaqhanakax VPITV ukat El Capitolio TV ukanakarux janirakiw mantañjamaxit sasinw yatiyapxäna. Aka canalanakamp ukat yaqha canalanakampix Caracas markan unxtasiwinakax utjki ukanak chiqak uñacht’ayapxatayna, uka unxtasiwix Nicolás Maduro irpirimp jan iyawapk jupanakan amtatataynawa. Unxtasiwix qasaw phaxsi qalltatpach utjawayatayna, Corte Suprema Parlamento uksan irnaqäwinak askirjam uñjapxañap mayipxatayna. Luis Carlos Díaz, periodista ukat Global Voices uksan qillqirix prueba de Traceroute ukan uñt’ayatayna, conexión ukax tukusxakiwa ukat apnaqirinakarux VPN (redes virtuales privadas) naktayapxam sasin iwxt’atayna ukhamt conecta-siñataki .

Vivoplay ukax wali uñch’ukitapuniwa, medios tradicionales 2014 maran sartasiwinak imt’apxi, kunalaykutï Comisión de Telecomunicaciones ukax kawkïriy unxtasiwinakatï yatiychin ukarux juchanchataniw sasinw säna.

ONG local VEsinfiltro,ukax janiw Vivoplay ukak jark’atakiti jan ukax yaqha pä canalax jark’atarakiwa, Asamblea Nacional ukax sesiones ukanak uñt’ayiri ukampachaw jark’ata, sistema de nombre de dominio (DNS) ukamp jark’atawa.

Instituto Prensa y Sociedad (IPYS) uksat mä nayra yatxatäwix servicio de internet uksan unch’ukirinakax yaqhipachax DNS uka apnaqapxi ukatx servidores de nombres de dominio ukax mayiwinakarux janiw jasak jayskaspati sasinw yatiyapxi. Kunapachatï mä sitio web ukax DNS uksatuq jark’atach ukhax servidor ukax janiw jayskiti, kunapachatï sitio web uksar mantä sapkat ukhax janiw sasinw jaysapxätama.

A VPITV, kimsïr canalaw jark’ata, juywis 6 uru qasawi phaxsit yatiyäwinakap khuchhuqapxatayna, pallapallax VPITV ukan camarógrafo-paruw katuntatayna, Elvis Flores, Caracas markan unxtasiwinakax utjk ukwa chiqak uñt’ayasktayna. Flores jilax pallapallanakamp nuwjatataynawa. Kimsaqallqu pachaw jist’xayasitatayna ukhat antutxapxatayna ukatx VPITV canalax wasitat mistxatayna. Yaqhip sitios web ukanakanx YouTube uksaw uñt’ayasipki, jilïr irpirix internet utjañapatakix llakiskiw sasin yatiyapxarakïna, venezolanos jupanakatakix markan yatiyäwinakap yatiñatakix ch’amakinwa.","Televisión web uksatx walja canalanakaw Caracas markan unxtasiw utjatapatax uñt’ayapxäna, 7 uru qasawi phaxsitx qhantatitpachaw jark’t’ataxapxatayna.",aym,globalvoices,Global Voices,fake news,e880f7b0-cb76-489e-bd49-44c9800a3ba0,article,MassiveSum
https://aym.globalvoices.org/2013/11/6226,,Waranq waynanakaw yanapt’aw apsusipxi República Dominicana uksatuqina,,"Instituto Tecnológico de las Américas (ITLA) ukatx Instituto Dominicano de Telecomunicaciones ukampiw (INDOTEL) mä amtaw rixintawapxatana 2011 marana, ukax satanwa Fondo para la Excelencia Académica ukax yatiqir wayn tawaqunakatakiwa, akax yatiqirinakarux pä maran tukuyañkamaw yanapt’ani ukhamat irnaqañatak aka industria de las telecomunicaciones ukatuqina.Pasir urunakanxs, machaq irpirix INDOTEL, Gedeón Santos, jupax sawayiw janiw amtawinak turkakipkati sasina, ukhamat wayna tawaqunakar aka yanapt’awix katuqasipkakiniwa. Akax jilir mark irpirin Danilo Medina arsuwipanakat sasina yatxatawix wali askiwa marh irptañataki. Akax nayra programa utjkan niya uka pachpakiwa ErasmusEspañanxa. Ukampirus yatiyawinakax mistawayiw janiw amtawinakax t’unjtawaykiti sasina, phisqa ur saraqkipan sata qallta phaxsina yanapt’awi katuqirinakax apaqasiwapxiw mä correo ITLAtuqita akham sasina:

Yanapt’aw katuqirinakatakixa Fondo para la Excelencia Académica sataki , INDOTEL ukaxa mä chhijllaw lurt’ani khitinakas chiqpachan yanapt’aw katuqapxañapaspa aka yanapt’awi.[…] 13009068 aka jakuw yatiyawix katuqataw phisqa ur saraqkipan sata qallta phaxsina jayp’utuqiru, INDOTEL sawayiw janiw yanapt’awix utjkaniti Fondo para la Excelencia Académica ukatuqita.

Akham uñjasasti uñstawayiwa Juventud Azu, akax sañ muniwa mä qut waynanak ch’amampi jan walt’awinak utjañapataki. Chamanchasin ukhamarak istayasiñ munapxi aka yanapt’awix utjaskakiñapataki jupanakataki ukhamarak khitinakas pisin jakasipk ukanakataki. Arkirinakapax janiw k’uchikipkiti redes sociales amuyunakapampi:

Ukampirus Director del ITLA, José Armando Tavárez, sawayiwa:

Ukhamarak jan walt’ayat waynanakax lurapxiw mä video arsusina kunatix lurasiski

Jichhax, INDOTEL ukaxa yatiwayapxiw sasin chikat qulqikiw churatani kunalaykutix janiw suma askikit wayn tawaqanakataki ukampirus walja mutivunakaw utji:","Akax yatiyan muniw jan waliru saraski yanapt’aw tuqutx, kunaluykutix wayn tawaqunakar mä yant’aw lurañatak, janiw chhaqayañatakikiti.",aym,globalvoices,Global Voices,fake news,d3c6ad90-2c9d-46be-a04c-5b7939aec3fe,article,MassiveSum
https://aym.globalvoices.org/2015/07/7273,,"Peshawar, Pakistán markan kawkhantï 132 wawar jiwayapkän mä machaq yatiqañ utaw ch’ujtaw sarantayaski · Global Voices Aymarata",,"Captura de pantalla de la página de Facebook del Colegio de Peshawar por la Paz.

Talibán markax Peshawar markan mä ejército yatiqañ utax utjki ukar aynacht'aykana, 2014 marana, 148 jaqiw jiwana, 132 wawarakiw uka taypinkäna, ukham utjatapatax awkinakapax jisk'a wawanakapar khitañx asxarxapxanwa.

Ukampirus yatiqañ utanakax luräwinakapamp sarantxapxiwa, mäphaxsi arch'ukiwinakata. Jichhax mä yatiqañ utaw uñt'ayaski.

Jan ukhamakipansti, mä phaxsit yatiqañ utanakax luräwinakapar sarxatxapxäna, asxarañanak axasa. jichhax, mä jatiqañ utaw esperanza uka t’aqhisiw taypin jalutataski. Colegio de Peshawar por la Paz ukax 6 uru llamayu paxsina 2015 marana ch’allt’ataxäna, religionakan suma sarnaqäwi, jisk’a imillanakatak yatichäwi ukhamarak maynikiñatak uka amtaw sartayaña utji. Activista australiano de justicia social Francis Venturan utt’ayatawa, khä Organización Juvenil de Peshawar uka yanapt’awimpi. q’alpach comunidades religiosas jaqinakaw irnaqapxi mä pachp wiphal chuymani:

Learning in unity today, leading in harmony tomorrow.

Jichhürux maynikjam yatiqt’as, arumanthix armoniamp sart’ayasa.

Aka video khä canal de YouTube uksachiqan uñt’ayatawa:

Ventura, Maryum Daniyal ukhmarak Aleina Ali Shah, jupanakax uka proyecto irnaqapxi, Global Voices ukax amtawinakapxat jikxatawinakxat ukhamarak yatiqañ utan sarnaqt’atanakxat jupanakamp aruskipt’äna.

Global Voices (GV): jallu qallta paxsin 2014 maran traumáticos acontecimientos utjkän ukjat, ¿mä yatiqañ uta irptiri, religiones, ukhamarak jisk’a imillanakatak yatichäwi ukham yatiqañ ut qalltañax ch’amanti?

Francis Ventura (FV): The Army Public School massacre sent shockwaves through the entire world. It is a well-known fact that many youth in Peshawar are still suffering from Post-Traumatic Stress Disorder. So in this long-standing context of extremist threat – particularly after the APS attack – our determination is strengthened and the need for a youth-led peace movement is made more urgent. We stand firmly on the side of humanity. We will always continue with our work in the face of pure evil, because so long as any child anywhere in the world is suffering due to poverty or conflict, all of humanity is weakened as a result.

Francis Ventura (FV): ): ejercitonkiri jan payllas yatiqañ utan jiwayasiwi utjkan ukahax q’alpach uraq pacharuw chuyma ch’allxtayi. Mä wali uñt’ata chijiwa kunakitix walja waynanakaw Peshawar markanx estrés ukampiw t’aqhisisipkaki. ukhamat aka j’ach’a sinti asxarayawi contextona – juk’ampirus khä ejercitun jan payllas yatiqañ utar jan waltayki ukxat ch’amacht’asiwa ukhamarak khä movimiento de paz waynanakan p’iqinchata, firmementepxtwa uraqinkir jaqinakapchikt’ata. llanqhachaw chhaqtayañatakix sartasipkakipunijawa, kunalaykutix kawkha uraq pachanaskpas mä wawatix khä willullu ukats ch’axwats t’aqhisi, ukjax q’alpach uraqinkir jaqinakax pisi ch’amaniw uñjasi.

Mariyum Daniyal and Aleina Ali Shah (MD & AAS): After the heartbreaking event of 16th December, 2014 it was quite challenging for us to practically launch a Peace School in Peshawar. It isn't easy to work on interfaith harmony and girls’ empowerment especially in Peshawar but so far we have achieved good results, and we are looking forward to spreading this message of Peace throughout Pakistan.

Mariyum Daniyal ukat Aleina Ali Shah (MD ukat AAS): chuyma ch’allxtawi utjkäna khä 16 uru jallu qallta paxsin 2014 maran ukjatx khä Peshawar markan nanakatakix mä sumankäwi yatiqañ uta qalltañax mä axanwa. Juk’ampis Peshawar markanx, janiw jasakiti irnaqañax armoníamp religionanak taypin ukhmarak jisk’a imillanakar pukarañchañampi. Jichhakamax suma phuqawinakaw jikxatapta, ukhamarak wali ch’amampiw sartañ munasipka q’alpach Pakistán markar sumankäw mensaje yatiyañataki.

GV: currículum ukax tolerancia religiosa uka jaluntañataki lurt’atati. ¿akax ch’amati, kunakitix Peshwar markax mä imir uraqichixaya?

MD & AAS: Everything; starting from the launch to convincing people on trusting us with a peace-oriented curriculum, was a big challenge, thankfully people have shown their trust in us. The society understands how important it is to build a peace-promoting generation now.

MD ukat AAS: qalltt’añatakix sisristwa jaqinakar ijawsayañatakix ukhamarak jaqinakax nänakar atint’assiñapatakix aka sumankañatak curriculum lurtanpix, mä j’ach’a axawanwa felizmente, jaqinakax nanakar atint’awi uñacht’ayapxitu. Markachirinakax lup’iw katthapipxiwa kunakitix jichhhax mä puñta sumankäwi jaluntañapatakix wali askiw wakt’ayaña.

FV: The beauty of what we teach is that it is embraced by the local community. At our inauguration ceremony, we had scholars and community leaders from the Islamic, Christian, Hindu and Sikh communities all publicly speaking about the need to enhance respect among people of different faiths, as well as celebrating commonalities. They also specifically endorsed the Peshawar School for Peace as a model to achieve this. Most importantly, the feedback from parents has been overwhelmingly positive. We promote education for all – before anything else, we are all humans so we just love and appreciate each other.

FV: Yatichapkt ukax wali suma chuymamp markachitinakapan katuqt’atawa. Nänakan ceremonia ch’allt’awinx, académicos, líderes de la comunidad de los grupos islámicos, alaxpachankir awkir yupaychirinka, hindúes ukhamarak sikhs ukanakaw jutapxäna, taqpachaniw yäqasiñ jach’aptayañ munawxat aruskit’asipkta kunalaykutix kunayman religionanaktaypin yäqasiw utjañapataki, kunjamakitix kuntix chuktana uk uruyaña. Ukhamarak wali arxatt’atapxiwa khä Peshawar markan sumankäwi yatiqañ utxat ukhamarak mä thakikaspas phuqt’añataki ukham uñjt’atawa. Wali askiw kunjamakitix awk taykanakax wali suma lup’iwimp katuxt’ki. Taqpachanitak yatichäwiw jaluntapta- kawkir nayrïr yätsa, taqiniw uraqinkir jaqitana ukhamakipanx jiwaspurax munasipxtanwa ukhamarak q’ayachasipxtanwa.

GV: extremisttuqit yatiqañ utax asxarayatänti?

FV: As a matter of protocol, we are unable to publicly discuss specific security matters pertaining to the School. However as individuals, we understand that there are those driven by evil, and we are aware of their actions elsewhere. The team is driven by an unflinching passion to build a better future for the children of Pakistan, and nothing will cause that desire to waver.

FV: kamachinakapan janiw yatiqañ utanakar chiqancht'at arsupkiristi. Jan ukhamakipansti, jaqinakjamax yattanwa, kunjamakitix yaqhipanakax llanqhachaspiniw sartapxi, ukhamanakarx uraqpachanaw uñjtanxa. Equipox por una pasión inquebrantable impulsatawa mä suma jutïriñapataki, Pakistán wawanakatak janiw kunas sayt’ayapkitaniti aka mata phuqañatakixa.

GV: yatiqañ utan nayrïr amtäwipax kawkirisa?

FV: Our main goal is to achieve peace in Pakistan. We aim to achieve this through education, based on two critical pillars of development – social cohesion and girls’ empowerment. Additionally, we aim to bring the people of Australia and Pakistan together, the School has already held its first Skype call with a class in Australia, as well as encouraging our students to become global citizens, ready to serve humanity for the better and be ambassadors for peace.

FV: nayrïr amtanakajax sumänkawi Pakistán markan phuqañawa. akxa yatichäwchiq phuqañ munapta, ukatakx pä pilares fundamentales de desarrollo uñxatt’asa –markachirinakan maynicht’awipampi ukhamarak jisk’a imillanakan pukarapampi. Ukhamarus Australia ukhamarak Pakistán markanak mayachthapiñ munapta. Australia markarx yatiqañ utax mayïr jawst’aw Skypechiq lurt’xiwa, ukhamarak nänakan yatiqirinakajar ciudadanos globales ukhamar kiptxañapatak aruñcht’xi, wakicht’ataptwa uraqinqir jaqinakar luqtañataki ukhamarak sumakäwi embajadorañanakataki.

GV: Proyecton amtawipax australian ukhamarak pakistan waynanakan mä relación sartayañatakiti. Akax relaciones saludables a nivel diplomático unxtayaniti?

FV: You are correct – we are strengthening the citizen-to-citizen links between Pakistan and Australia. We hope that as a result of the growing links between our countries, diplomatic relations will also expand. Fortunately, Australia and Pakistan already enjoy a very robust friendship. There are regular visits between our countries by senior military personnel, government ministers and business delegations. There are thousands of young Pakistanis working and studying in Australia. In addition, we enjoy strong support from the Pakistani Consul-General in Sydney as well as the Australian High Commission in Islamabad. After the APS massacre, over 1,000 people came together for a vigil in Sydney’s Hyde Park to remember the victims and stand in solidarity with Peshawar. When Australian cricketer Phil Hughes was killed in an accident, candles were lit across Pakistan. This project gives me an opportunity to combine my love for Australia and Pakistan and bring people of each country together.

FV: Chiqankasktawa –Pakistán markachirinakan ukhamarak Australia markachirinakan maycht’asxapxañapataki ch’amancht’asipktwa. Esperanza utjapxapxitu kunakitix maynicht’asiw utjkan markanasan ukjax relaciones diplomáticas ukanakax walxaptarakiniwa. Afortunadamente, Australia ukhamarak Pakistán markanakax ñäw mä sólida amistad ukampiw chikanchasipxi. Markanakasanx sapa kutiw militar superior jaqinak t’umt’awinaka katuqt’apta, ministros de gobierno ukhamarak delegaciones de negocios. Australia markanx waranq paquistaníes waynanakaw yatintasipki ukhamarak irnaqasipki. Ukhamarus, Consul General de Pakistán en Sydney ukhamarak Alto Comisionado de Australia en Islamabad ukanakat wali jach’a yanapt’aniptwa. Ejércitonkiri jan payllas yatiqañ utan jiwayasiwix utjkan ukjatx Hyde Park de Sydney ukanx waranqats jila jaqinkaw mä vigiliar tantacht’asipxäna ukasti jiwirinakat amt’asiñataki ukhamarak Peshawar markar khuyapt’ayäwi uñacht’ayañataki. kunawsatix críquet australiano Phil Hughes anatirix mä chijin jiwkan ukjax q’alpach Pakistán markanx velanakaw naktayasïna.

GV: Anqäx markankirjamax ¿Peshawar markatx kamsasmasa?

FV: Peshawar is my second home. I love everything about it. The incredible culture, rich in tradition and history. The warmth and generosity of its people. Their beautiful smiles. My heart is warmed every time I visit this magnificent place. People are always fascinated by meeting someone from a foreign land. As an Australian, conversations generally turn to cricket. I look forward to the day when delegations of Australian students can have the opportunity to visit Peshawar and experience the pleasures it has to offer.

FV: Peshawar markax payïr utajawa. akanx q’alpachaw jiwaki. Wali khusaw culturapaxa, tradición e historia jukirini. Suma katuqt’asir ukhamarak khujapt’ayasir marka. Jiwakiw lart’asiwinakapasa. Aka markar sapa kut jutkt ukjax chuymajax k’uchisiwa. Anqäx markankir jaqinak uñt’apxi ukkhax aksa jaqinakax wali k‘uchipxiw. Australianjamax siristwa críquet ukxatpuniw aruskipäwinakaxa. Kunürus Peshawar markar australianos yatiqirinakax jutapxapunchiniy tumpt’iri ukhamarak uñjt’iri.

GV: warminakjamax kawkiris Peshawar markan irnaqat’at sarnaqäwimaxa?

MD & AAS: Working in Peshawar on a peace project and also being women is not an easy thing to do, we face hardships and difficulties in everyday life, but that doesn't discourage us. What we think is that when you really want to do something, nothing can stop you.

MD ukat AAS: Peshawar markan mä sumankäwi proyecto irnaqañax ukhamarus warmiñax janiw ukax jasakiti lurt’añax. Sapür jakawinx kunayman jan walt’awinakampiw jiqxatasipta, Ukampitsa janiw sayt’ayapkituti. Nänakax kunawsatix kuns chiqsas munktan ukkhax janiw kunas sayt’aykstuspata.

GV: Yatiqañ utan jiltäwipat arxaytapxita.

FV: It’s been about one year and a half since my first Skype conversation with the Peshawar Youth Organization, which became the inception of the project. We started with nothing – no money or contacts – just a dream. In that time, we have built a coalition of Partners for Peace across the world, including various United Nations bodies, the Malala Fund, businesses such as NetSol Technologies, Sunrise Marketing and Mark Industries, as well as religious and community groups such as the Australian National Dialogue of Christians, Muslims and Jews – the interfaith body of the respective religions’ peak representative bodies. Nowadays, we have an operational School, inclusive of pre-nursery and class one, as well as the Community Engagement Center. Close to 30% of our students are from the various minority communities, and a majority of the children are girls. Given that harmony between different faiths is severely lacking and that only 35% of girls in the Khyber Pakhtunkhwa region are literate, this is a significant achievement. We are looking forward to growing and spreading the message of peace and a common humanity throughout Pakistan and the entire globe.

FV:FV: ñä mä mar chikaw mayïr Skype ukan Organización Juvenil de Peshawar jupanakap aruskipt’äwijax saraqt’xi, ukhaw aka proyectx qalltayixa. Qalltaptpachaw jan kunani- jan qullqini jan chikanchasirinakani– mä samkaki. Uka pachanxa, walxa entidades de Naciones Unidas ukanakampkuna, Fondo Malala, NetSol Technologies, Sunrise Marketing ukat Mark Industries imprisanakax ukhamarak religiosos tamanakax markanakamp kunjamakitix Nacional Australiano de Cristianos, Musulmanes ukhamarak Judíos – yaqha religiosos mä coalición de Socios uraqpachan sartayapta. Jichhax mä colegio operativo jutjapxitu, juk’ampirus preescolar, primeros grados, ukhamarak mä Centro de Participación de la Comunidad. niya 30% yatiqirinakax may may markanakatapxiwa, ukanx jilpachax imillanakaw 35% imillanakaw Khyber Pakhtunkhwa markan ullt’ir qillqt’atäxapxi, akax mä jach’a phuqäwiwa. Thaqasipktwa jiltaña ukhamarak q’alpach Pakistán markan ukhamarak uraq pachan sumankäwi mensaje jaluntañataki.

GV: kuna mensajes uraqpachar churañ muntaxa?

FV: We cannot allow the future of humanity to be lost to those who represent evil and seek to impose it through violence and division. A better world is possible; we just have to strive for it. Everyone who believes in justice, peace and a common humanity must continue to strive for this. Social cohesion, while a beautiful phenomenon, is delicate and must be nurtured.

The attacks on the All Saints Church and Army Public School – as well as countless others – are examples of a situation in which evil prevails.

We invite all loving, good natured citizens of the world to stand with us. Become part of the movement for peace, which is already made up of people from many religious, ethnic and cultural backgrounds. We can only do this with your support. It is not the cause of any particular individual or organization – it is the cause of all humanity. Our Facebook page provides regular updates of the project and anyone is welcome to get in contact with us to pledge their support.

Together, and only together, we can and will achieve a better world. The future of humanity depends on it.

FV: FV: Janiw markachirinakan jutïripax chhaqtaykaspati, llanqhachirinakax thakapxiwa t’aqhisïwi ukhamarak yaqhtayäwi ukhamat markachirinakar uksachiq jan walir sarayañataki. Mä suma uraqix utjaspawa; ukatakix sartañasapuniwa. Khitinakatix inipkta justiciytuq sumankäwtuq ukhamarak jumanaktuq ukatak sartasipkañanakamakirunirakiwa. jaqinak mayacht’äwix jiwakiwa, ukhamakipanx ukax uñjañasawa. Todos los Santos yatiqañ utar ukhamarak jan payllas Ejérciton yatiqañ utar llankhachäwinaka –juk’ampinak– ukanakax mä uñañt’äwiwa kunjamatix llanqhachäwix utjaskakipuni. Q’alpach suma chuyman markachirinakar achikt’apsnawa nänakamp chikt’atañanakamataki. Sumankäw sartäw uka taypinkañanakamataki, ukax walxa orígenes religiosos jaqinakamp sartayatawa, étnicos ukhamarak culturales. Akax jumanakan yanapt’awipampiw lurt’asispa. Janiw akax mä jaqink janirakiw mä organización particularan sartapakiti – taqpachanin sartawipawa. Nänakan página de Facebook ukanx sapürjamaw kuntix lurt’asiski ukax apkatt’ataski ukanak uñjt’añatakix taqiniw achikt’atapta ukhamat contact’asiniñanakamataki kunalaykutix yanapt’asiñataki. Taqpachanikipunirakiw atsna ukhamarak phuqsna mä suma uraq sartayañataki. Markachirinakan jutïripax ukar jamaw utjani.","Peshawar por la Paz yatiqañ utax 6 uru llamayu phaxsin 2015 maran inawurasiwayi, amtäwipax  religiones ukanak sartayañatakiwa, imill wawanakataki. Global Voices ukankirix maynimp maynimpiw arsukipt'i.",aym,globalvoices,Global Voices,fake news,69d45c3b-6170-4be2-b361-f110e642fdca,article,MassiveSum
https://aym.globalvoices.org/2012/04/4041,,Armenia: Kunjams markanakan pisin jakäwirux pisiqtayapxsna,,"PIB (Producto interno bruto) 2011n maran sapa jaqitakix $5 400 ukhakiwa, Ex unión Sovietica ukatax Armenia markaw jilpach pisin jakäwin jikxatasir markaxa. Pero aunque el desarrollo del centro de la capital, Yerevan, puede dar una impresión diferente a algunos turistas, especialmente para su numerosa diáspora, la situación económica es más evidente en las regiones al sur del Cáucaso.

Armenia markan nayrar sartawitak churasaxa, internet CivilNet [hy] sitiox Timothy Straight ukampiw chikanchasi. Simananx mä markaruw purt’apxi, ex jefe de la Agencia Noruega de refugiados (Norwegian Refugee Council) ukhamarak Cónsul honorario de Noruega ukat Finlandia ukanakax taqikunas turkakipatañap suyt’apxi [hy].

Kunati lurañ munatak ukax yatiyäwinak apthapisin uñt’ayañawa, markachirinakan kunjamas Armenia marakan jakañax uka uñt’apxañapataki “, video waraqatamp chikanchat qilqawiw uñt’ayi ը գնում է գյուղ (Tim va a la aldea), marker chiqaki sas uñt’atawa .

Nayrïr uñacht’awix maymara 20 uru sata qallta phaxsinw uñt’ayasïna, Turquia markamp qurpask uka chiqanakatw uñt’ayi .

Qhipïrix YouTube ukanw 2 uru qasawi phaxsin ingles ukatx armenio arunakan subtitulat uñt’ayasi. Sevan qutatuqir saraña. Ukar sarañ amtax janchit usut wawanakamp irnaqk uka ONGr uñt’ir sarañawa.

12n achuqa phaxsinx wakichäwix 20

jach’anchi [en] kawkhanti jupax “wakichäwin askinakapat arski.”

Noruega markan 2010 maran luratawa, Armenia markan sartawit chikanchasir yatiyäwinaka.

Mä blog [en] ukhamarak Facebook [en] ukat Pinterest [en] ukanakax sartayañatak apnaqatawa. Timothy Straight ukax Twitter @timothystraight ukan arktataspawa.","PIB (Producto interno bruto)ukampix 2011n maran sapa jaqix  $5 400 ukhanikiwa, ex Union Soviética ukatx Armenia markaw jilpach pisin jakawinkir markaxa. Qulqituqitx pisinkañaw ukatx mayni diplomatico jilaw akatuqit turkañ muni.",aym,globalvoices,Global Voices,fake news,90e1a3c9-0dca-4a06-975e-60d91922cf42,article,MassiveSum
https://aym.globalvoices.org/2015/08/7450,,Mayni “falso profeta” tayiko juparuw 16 mara mutuñ utar jist’antapxatayna · Global Voices Aymarata,,"La historia de Jeque Temur hizo que los tayikos dieran una breve pausa a discusiones más mundanas aunque apremiantes y a problemas económicos en el país cuando la televisión estatal lo transmitió en febrero. Captura de pantalla de medios estatales tayikos publicados por RFE/RL.

Saidmahdikhon Sattorov, 65 maran chachax Tayikistán markanx Jeque Temur ukham uñt'atataynawa, jupax 16 maratakiw mutuñ utar jist'antata julio phaxsi qalltanx jupax uka uraq katuntatayna, ‘poligamia’, ‘extorsión’, ‘profanación de muertos ukat samarañ chiqawjanak’ ukat yatichaw utji ukanak jist'antañ munatayna. Sattorov, jupax ‘Qhipa Profeta’ ukjamakaspas ukjam uñt'ayasiñ munatayna, Profeta Mahoma religión islámica uksan ukham uñt'atañ munatayna.

Ullart'apxama: ‘Qhipa profetax uraqinak katuntasinx mutuñ utar jist'antataw uñjasi“

Temur jupax anata phaxsinw audiencia uka uñt'ayatayna, janis mä warminikitap uñt'ayi, mä uraqi chiqanx jan khitin iyawsataw utanak lurasitayna, ukanx wawanakaparux janiw yatiqañ utar sarañap munkataynati. Ukampirus mayni juez república exsoviética, musulmana ukjam uñt'atax jeque-mpix janiw p'amp'achaw mayiw uñt'ayataynati, uka jaqisti tawaquanakamp inak uraq katuntatanx wali k'uchikipuniskataynawa. Sitio Web uksan ullirinakapax janiw kamsapkataynasa. Cibernautas tayikos ukanakastï jeque jupatakix wali phiñasitapxataynawa.

Ozodagon, Khayr sutin ullirix qillqt'ataynawa:

Хамин бечораро озод кунед,о дар тамоми макомот низ тамачуи аст,мухтарам судя хамон мошину хонаву чихози гаронарзиши шумо магар бо маош дастрас шуда?озодагон чоп !

Uka jaqir qhisphiyapxama. Taqpach irnaqirinakax qullqi muniripxaraktawa. Juez uka suma k'añaskumx payllaw qullqimampikit alta? Ozodagon, [aka qillqat] ult'ayama!

Marhabo, jupax Ozodagon ukan ulliripawa, jupax iyawanwa:

Зуратон танхо ба бечорахо мерасад. а где гуманность. ин муйсафед дар хабсхона мурданаш мумкин аст.

Pisin jakirinakarukiw mutuñ utar jist'antañaspa. Kawkhankis sumankañaxa? Aka awkix mutuñ utan jiwxaniwa.

Kalkhoznik, jeque jupat mä sitio web de Asia Plus uksan qillqataparuw qillqt'i:

Вообще сложно понять смысл этого приговора, вроде шейх принадлежит суффийскому тарикату, в политике не заинтересован, жил где-то в горах никого не трогал, а те статьи по которым его уличили можно предъявить к любому госслужащему, за что его решили показательно покарарать – тайна за семью печатями!

Akxat amuyt'añax ch'amawa. Sheikh jupax sufi ukjamawa, política uksar yäqañapax janiw utjkanti, khunu qulluthiyan jakasirïnwa, janiw khitirus kuns kamsirikiti, kunjamtï juch jaqupk ukax jan waliwa… jupanakax yanqhachañ munapxi.

Ukampirus yaqhanakatakix ukax chiqawa. Tayikistán irpiripax Islam uksankirinakarux jark'iwa. Palla pallanakax musulmanes con barba uñt'ataruw iyawsapxi.","' Wali ch'amaw amuyt'añaxa. Sheikh ukax  sufi ukjamanwa,  política uksarux janiw yäqañ amtax utjkänti,  khunu qulluthiyanakanw jakasïna, janiw khitirus kuns kamachkänti...""",aym,globalvoices,Global Voices,fake news,07e304b9-7b86-4a8b-ad34-f0e62498b4e9,article,MassiveSum
https://aym.globalvoices.org/2013/06/5899,,China-x Anqaxankir Yatiyirinakar Jawillt’asaw “Medios de Comunicación” ukanakar Tuwi,,"China yatiyirinakan p'iqt'iripax anqaxankirinakampitak akankir yatiyirinakampitakix mä kamachiw utjan sasaw arsuwayi.

2013 maran qasaw phaxsin 16 ur saraqataruw Prinsas Puwlikasyunas Rayrus Sinis ukat Tiliwisyunas apnaqirix mä yatiyäwin istrikt kuntrulanak uñicht'äwayi, janïr mä ur mäkiptkipan “The New York Times” ukax piryurik yatiyäwit primyu Pulitzer apsutayna sasaw yatiyäna.

Uka uktuwr 2012 yatiyäwir kutt’ayasaxa, Chino jilïr irpirix New York Times ukaruw jark'antäna.

Ukjamarus Chino yatiyirinakar jawillt’asaxa, kamachinakax urkanisasyunakampir Internnet apnaqirinakampiruw jan walt’ayapxi, sañäni, microblogging-mp Sina Weibo-mpi, kawkirinakatï janiw puwlikasyunankapxirikiti.

Yatiyäwix China-n Xinhua istatal yatiyirinakan uñicht'ayatawa:

All news outlets are not allowed to use news information from foreign media or foreign websites without permission. It is firmly forbidden for journalists and editors to use the Internet as a platform to seek illegal benefits; such behavior will be investigated and punished according to the law. To start an official Weibo account, news agencies should first report to authorities for record and appoint a staff to be responsible for posting authoritative information and deleting harmful information in time.

Anqäxat jutir yatiyäwinak apnaqañatakix taqi yatiyirinakax janiw pirmisunipkiti. Jan pirmisun winiphisy thaqhañatakix piryuristanakamp editor-anakampix janiw Internet apnaqapkaspati; uka jan wali luratax kamachirjam juchanchatäniwa. Mä Weibo kwint qalltañatakixa, imphurmasyun ajinsyanakax awturiranakaruw nayraqat yatiyapxañapa, ukat awturisat yatiyäwimp jan wali yatiyäwimp uñicht’ayapxañapatakix jila kullakanakaruw ajllipxañapa.

Jilpachapinix yatiyäwinakax ajinsyas intirnasyunalis ukat jutapxi. “The Telegraph” ukarjamaxa, anqäxat jutir yatiyäwinak jark’antatax China-n yatiyirinakaruw jan walt’ayatapakiti.

Yatiyäwix Internet-an Weibo apnaqirinakaruw jan wal lup’iyäna. Beijing-ankir “Qingdeng Xiaxiangmingbian” yatiyirix akjam qilqt'äna:

Public opinion supervision is essential for a healthy society, the scale of criticism is the scale of democracy, “if criticism is not free, then praise is meaningless”. The correct conclusion is from a wide range of voices, rather than what is chosen by the authority.

Jila kullakanakan walin jikxatasipxañapatakix “opinión pública” uk uñjañax wali askiwa, k’umiñax timukrasyawa, “uñch’ukisiñax inakich ukaxa, ukjamax jach’achasiñas inakispawa”. Chiqap tukuyäwix waljanit jutañapa, janiw mä jilïr irpirik ajllkaspati.

“Lida Suibi” apnaqirix jiskt'asïnwa, yatiyirinakar amparat uñch’ukiyañax jaya pachatakipachaniti:

What is harmful information? I think there's only true and false information. The purpose of the news is to broadcast the truth, which is the basic need of a society. Most of the harmful information as defined by the propaganda department throughout the history of the Chinese republic proved to be accurate. Blocking information and opinions may be effective temporarily, but such a policy of self-denial won't work in the long run.

Kunas jan wali yatiyäwixa. Nayax chiqa yatiyäwimp k’ari yatiyäwimpikiw utji sakiristwa. Yatiyäwin amtapax kunatï chiqak uk uñicht’ayañawa, kawkiritï jila kullakanakatakix wakiskiriwa. China-n nayratpach chikat jila jan wali yatiyäwiw chiqjam uñstawayi. Arst’atanakampir yatiyäwimpir jark’antañax juk’a pachakiw utjaspa, ukampins jan munañ amtax janjakiw jaya pachatakikaniti.

Chino säwimpiw “Yun Mu” web apnaqirix ist'ayasïna:

The more one tries to hide, the more one is exposed.

Maynit jilaw imantañ yant’i, maynit jilaw uñjata.

Are we going to become North Korea?

Liu Xiangqian yatiyirix China-n mä kamachiw yatiyirinakatak jan utjkiti sasaw säna:

Laws and regulations are seriously lagging behind in the development of things! The Internet has not been considered media in the legal sense, not to mention citizen media!

¡Kamachinakamp rijlamintunakampix maysar apanukutaw uñjasiwayapxi! ¡Internet-ax janis yatiykipasiñatak walikasp ukjamaw kamach taypin uñjasiwayi!","China yatiyirinakan p'iqt'iripax anqaxankirinakampitak akankir yatiyirinakampitakix mä kamachiw utjan sasaw arsuwayi.

2013 maran qasaw phaxsin 16 ur saraqataruw Prinsas Puwlikasyunas Rayrus Sinis ukat Tiliwisyunas apnaqirix mä yatiyäwin istrikt kuntrulanak  uñicht'äwayi, janïr mä ur mäkiptkipan “The New York Times” ukax piryurik yatiyäwit primyu Pulitzer apsutayna sasaw yatiyäna.",aym,globalvoices,Global Voices,fake news,ee22a067-2df7-49b7-b85e-fecb3ad076d9,article,MassiveSum
https://aym.globalvoices.org/2012/09/4693,,“Jan internetar axsaramti”: mä infografía (jamuqat-wakichata),,"Qillqa: jichha qillqata yatiyäwix web Derechos Digitales ukan askinjampunw qhanstayata.

Internetjamax uñacht’ayanjapxsmawa, jan jasak (qhispiyas) arsuñax janiw askikiti; ukat kunjamsa aka derecho (wakisiri) ukax kuns jasak arspacha: kunjams mä yatiñan suti chhijllsna.

Qhanpachanja, janipunixay internetatx qhanpach arsuñx atkstantixa, ukjamar yatitatanaya. Ukjamatsti, taqikunanakas sapür llikan (red) lurktan ukax aka jiyitatay wakisixa, ukat jan jasak arsuta, ukats uka yatintañanakax yaqha amtanakamp arsutachispaya: ukampirus k’umitax yaqhip markanakanx pallapallay arknaqchispa; jilpachax Chile markanw aka derechos de autor ukat taripañatakix arknaqata.

Jichhax nänakax infografía uka machaq wakicht’at uñt’ayapxamawa #NoTemasaInternet, kawkhantix uñacht’ayaña munapxta, Jan Internetar Axsaramti, ukanxa, ancha jasakiw arunakaxa, ukatx qhanas qhanarakiwa, ukjamat yaqhip yanaks luraraksnaw internetana, ukat aka jumana jasaki wakisir arsutamatx yuspajarata.

Mantam nänakan machaq wakichat’ataru Tumblr ukat juk'ampinaka uñt'ama.","Jan Internetar Axsaramti ukjxa mä infografía wakichatat uñacht’ayata, kawkhantix yaqhipa yanakax uñstayatak uks internetanx lursnawa, ukat aka jumana jasaki wakisir arsutamatx yuspajarata.",aym,globalvoices,Global Voices,fake news,84501d23-a60c-4c28-a07f-8b09fc6d390c,article,MassiveSum
https://aym.globalvoices.org/2020/10/9230,,¡Jawsañanakasatak wakiskir jark’aqäwi! · Global Voices Aymarata,,"Markanakasatx walja p’iqinchirinakaw yaqha p’iqinchir masinakapamp yatiykipasiñatakix mä (Smartphone) jawsañ apnaqapxi, uka kipkarakiw aktiwistanakas yaqhanakasa; llikan yatiyäwinak thaqhaña, yatiyäw ch'iqiyaña, yatiyäwinak apayaña jan ukax katuqañatakisa. Jawsañas chhaqhayasna jan ukax lunthatayasna ukhax janiw walt’aykistaspati, uka jan walt’äwinakat jan jark'aqkstan ukax walja jan walt’äwinakaw utjaspa. Jawsañanakasatakix pantalla jark’antat jist’arir chimpuw nayr uchaña. Taqi ukanak lurañatakix jawsañan phawrika mayjt’ayäwip thaqhañamawa, manqhäxan qillqatäkis ukarjama:

Iwxäwinakarjamax amtasiñasawa, jawsañasan jark’at mayjt’ayañ pachaxa, 10 qillqan jan khitin amuykay jark’aqat chimpu apnaqañx amtasiñasapuniwa; sañäni: pacha mama uka arux niya 13n qillqaniwa. Uka kipkarakiw jach’a qillqanaks jisk’a qillqanaks jakhunaks qillqanak taypir uchasma, sañäni A qillqarux 4 jakhumpiw lantisma. Ukat chimpux akjamäniwa: L4 P4ch4 M4m4 Jichha, janiw inamayäkaniti, wakiskiriwa.

¡Mä chimput tispusitiwump yatiyäwimpix askin apnaqañawa!

Jawsañam chhaqhaspa sakiñäni, jan ukax kawkharus armt’asisma. Mayni jan uñt’atax nayraqatx jumxat yatiyäwima, jamuqama, imayluma, imatanakama, juk’ampins qillqatanak apayktas qatuqtas ukpun thaqtaspaxa. Chimpump apnaqäta ukax janiw khitis jumxat yatiyäwir mantañ atkaniti; niyakixay wasitamp apnaqañatakix qalltayapxañapäniwa ukat jawsañan taqpach yatiyäwiw pichstani.

Jawsañ tispusitiwum chimpuñatakixa, phawrika mayjt’ayäw taypin thaqham:

● Mayjt'ayäwi ● Jark’aqäwi ● Chimpuña

QILLQATA: Jichhürunakanx phawrikanakatx jilpach tispusitiwunakaw chimpusiñampix jutxi, hardware ukatx software ukanakaw ukjam juti, yapt'a mimuryanakax yaqhäskiwa.

Janïr jawsañ chimpkasinxa, aka amtanakamp phuqhañamawa:","Markachirinakax yatiykipasiñatakix mä (Smartphone) jawsañ apnaqapxi, kunapachatï chhaqhayasktan jan ukax lunthatayasktan ukhax maynix jasaki  uñakiparapchistaspa jan ukjamañapatakisti jawsañanakasatakix pantalla jark’antat jist’arir chimpuw nayr uchaña.",aym,globalvoices,Global Voices,fake news,861455c4-c615-4158-a716-701e47310c28,article,MassiveSum
https://aym.globalvoices.org/2015/03/7062,,"Madagascar markax uman apatawa, jilïr ipiripax janiw jank’as yanapt’kiti · Global Voices Aymarata",,"Imágenes de las inundaciones en la región de Antananarivo, vía el usuario de Twitter @saveoursmile con autorización.

T’iju t’ijunaka, wali jan wali laq’unaka, q’uma umanak utjäwit jan walt’winaka, manq’a awtjäwinaka ukat jichhax uma taypinkäwi. Madagascar markax wali jan walt’awinakanw jikxatasiskänxa, ukampirusa, janiw kunas nayrar sarantäw amuyup mayjt’aykiti, kuna qulqi mirantäw sayt’äwits jaqinakax kuna yänaks uñstayapx mayjt’ayapxaskakiwa. Antananarivo ukhamarak yaqha jak’a markanakax wali wakichataw jikxatasipxi, ukachiqanakan jallun jan walt’ayatatapata, utanakas uma taypinkanwa. 26 uru saraqkipan anata phaxsinxa. Ukatxa, yaqha uma quta chakanakax q’ala luxutatatäna, umax sintipuniw jan walt’aykanti. Ukawjan jakirinakaxa, thakhinakas sinti jan walt’ayat ukhamaw sarnaqapxäna, kuna askinakas utjpacha ukwa suyt’asipki. Oficiales ipirinakax 3 urunak saraxkipan achuqa phaxsitx 20 jiwatanakaw utxäna, 41, 581 utjäwinak jan walt’ayat jikxatasïna, ukatx 71, 854 yaqha chiqäwjanakar jittyat sapxiwa.

Antananarivo markax uma taypinkiwa. @MiranaPriscilla Twitterana uñacht’ayata (jupan iyaw säwimpi).

Marka apnaqirix wali k’umitatw kunatix markachirinakax transporte público mä chiqat yaqha chiqar sarañatak sarpxpan satapata thakhinak q’ala khuchhunaqat k’añaskunak jan sayantañapataki. Jichhaxa, jilïr irpirinakax janiw jank’ak kuna amuyunipxkasmachiti. Ukch’añkamax suyapxiwa, markachirinakax uma taypinkäw layku jan walt’awinak utjäwinak uñacht’ayapxiw akham sutinchanakampi #tondradrano (#Inundaciones, en lengua malgache) y #madaflood:

Aynach capital ukax q’ala uma taypinkiwa, Facebook L’Express pajinatuqita.

Avylavitra, Global Voices uñt’ayirix mä video waraqi, Ankadimbahoaka capital uksanx umax kunjams api ukwa uñacht’ayi. Captura de pantalla ukar limintam YouTube ukan uñjañataki:

Avylavitra agregó que su propia casa fue afectada por el desastre:

N'ose même pas prendre en photo ma maison qui s'est effondrée pendant la pluie d'avant-hier. putaiiiiiiiiiiin! ‪#‎Madagascar‬ ‪#‎madaflood‬ ‪#‎madadobodrano‬ ‪#‎tondradrano‬

Avylavitra jupaxa aka jan waltäwinakamp jupan utap pachpäw sasarakiw yapt’i: N'ose même pas prendre en photo ma maison qui s'est effondrée pendant la pluie d'avant-hier. putaiiiiiiiiiiin!

Janiw mä jamuqs utajat apsuñ yant’kti, warüruw jallulayku luxutatti. ¡ukhamaspasti!

John Radriarimalala Facebook ukan yaqha chuym ch’allxtayix video apkati, ukanx Ampefy markan kunjamas umax wal waljaptawayi uk uñacht’ayi:

Kunjamarakis akaxa, Mbolatahina Raharijaona apakatata, marka taypit waraqata: Blog Tsimok'i Gasikara kunjamas jaqinakax wali llakit jikxatasipx quta jak’an jakirinakax uka uñacht’ayi:

C’est l’Atsimondrano (Sud de Tana) qui est actuellement la plus touchée. Les secouristes font appel à la solidarité de tous pour apporter leur aide, preuve que les secours sont insuffisants. C’est donc le chaos total qui règne dans la ville voire même dans tout le pays. La population qui est livrée à elle-même au milieu des ordures qui n’ont pas été ramassées depuis belle lurette, les habitations inondées, les routes défoncées et pour couronner le tout, le prix des PPN qui flambe. Le pays se noie entièrement au sens propre comme au sens figuré !

C’est l’Atsimondrano (Sud de Tana) qui est actuellement la plus touchée. Les secouristes font appel à la solidarité de tous pour apporter leur aide, preuve que les secours sont insuffisants. C’est donc le chaos total qui règne dans la ville voire même dans tout le pays. La population qui est livrée à elle-même au milieu des ordures qui n’ont pas été ramassées depuis belle lurette, les habitations inondées, les routes défoncées et pour couronner le tout, le prix des PPN qui flambe. Le pays se noie entièrement au sens propre comme au sens figuré !

Jichhaxa, Atsimondrano (Tana uksanx aynachtuqiw) wali jan walt’äwinki. Yanapt’irinakax taqin yanapasïw mayipxi, kunatix janjamakiw sum yanapatakiti. Ukatw taqpacha uma taypin markanakanx wali jan walinkapxiwa. Markachirinakax t’una taypinakan jikxatasipxi, uma taypin utanakanax jikxatasi, thakhinakas ina k’ak’anuqutawa.

Janïr jan walt’äwinak jakskasaxa, wali jach’a utanak jamuqanakanx uka jan walt’äwinak uñacht’ayi. Kunjamas Isotry, Tahina Rakotomanarivo ukachaqanakaxa: Tahina Rakotomanarivo:

Ankadilalalana, kawkhanti mä wilamaspachaw jiwapxäna, Amirale Ernest jupan uñacht’ayäwipa:

Mä jach’a utax Antananarivo markanx q’ala allinuqtatawa, Amirale Ernest jupata.

Aka jamuqanx thakhin jan walt’äwinkatapatw uñt’ayi:

Q’al jan wali thaki, Andry Facebooktuqita.

Jichhaxa, niyakjamakiw ukjan jakirinakax jupanak pachpa taqi jan walt’äwinakat nayrar mistsupxäni. Ukampirusa, yaqha chiqäwjanakar utt’ayat jaqinakatakix jank’akiw jilïr marka irpirinakax yanapawx churañapa.",Madagascar markanx umaw aynacht'ayawayi. Markachirinakax redes sociales uksanw jamuqanak uñt'ayapxi.,aym,globalvoices,Global Voices,fake news,82711f06-74cf-4ce7-bffc-25558875d6de,article,MassiveSum
https://aym.globalvoices.org/2013/03/5547,,Venezuela: Hugo Chávez Jilïr irpirix jiwataxiwa,,"Jayp'u pacharuxa, Venezuela markan Nicolás Maduro sullka irpirix Hugo Chávez Frías jilïr irpirin jiwatapatw yatiyäna.

Chávez jilïr irpirix 2010 martapachw cancer usump aynacht'at jikxtasïna, isla de Cuba uksanax pusi kutiw tratamiento ukamp jikxatasïna. 7 uru taypi sata phaxsin 2012 maran chhijlläwin atipjasinsti, 2013 marat 2019 marakam mandatario ukhamañap amtaw utjana. 80 uru makiptatatsti, cámaras uksarux janiw kut'awaykxanti, kunalaykuti usupax sintiw aynacht'ayxäna.

Twitter uka apanaqirinakax uka yatiyaw yatisax mäkiw p'arxtapxäna.

@marujatarre: Muere el hombre y comienza la leyenda, eso es inevitable.

@marujatarre: Chachax jiwxiwa ukat jupxat arusiñax qalltiwa, ukax janiw jarkatakaspati.

Hugo Chávez Frías, foto de Bernardo Londoy bajo licencia Creative Commons (CC BY-NC-SA 2.0)

Mardi (@mardicienta) ukax Chávez jilatakiw jallallt'äwinakap (agradecimientos) apayi:

@mardicienta: No me alcanzará la vida para agradecerte lo que hiciste por nosotros, mi comanche. Tu siembra florece eternament en esta Revolución de amor!

@mardicienta: Kunti nanak layku lurawaykta ukat jallallt'añatakix janiw jakäwix ukakamakaniti, mi comanche sasin satayna. Kunti lurawakta Revolución de amor ukax panqarjamaw wiñayatak panqarani!

@LaDivinaDiva: y ojala todos entendamos q son timepos de bajarle 2 a confrotaciones innecesarias y tratemos de resolver en paz y armonia las diferencias

@LaDivinaDiva: inachay taqinis amuyt'apxsana, ch'ujtawin sumat askichsna.

Hugo Chávez, Venezuela markanx 1999 marat 2013 marakamaw jilïr irpirit irptawayi. Pusi chhijlläwinw atipjawayi ukatx mä machaq Constitución aptawayi. P'iqinchäwipax uraqpachan uñt'atanwa, anti-imperialista amtanitapata Estados Unidos markampix wali arch'ukisipxäna.

América Latina ukat Caribe uksanakarux integración amtaw ch'amanchawayana.Kawkïr markanakati pisin jikxatasipk uka markanakarux inversión social uksatuqs yanapt'awayänwa.

Venezuela markanx polarización política ukat arusiñax janiw kunjamats ch'ujtayañjamakiti, aka maranakanx venezolanunkirinakarux chavistas ukat antichavistas ukanakarux walw t'aqxtayana. Ukampirusa, Irpirin jiwatapax markpachan ch'iyarat ist'asiñ pachawa.","Jayp'u pacharuxa, Nicolás Maduro sullka irpirix  Venezuela markan Hugo Chávez Frías jilïr irpirin jiwatapatw yatiyäna . Twitter uka apnaqirinakax uka yatisinx mäkiw p'arxtapxäna.",aym,globalvoices,Global Voices,fake news,c48b47f2-5ed1-441a-a178-eb2a2df7d02e,article,MassiveSum
https://aym.globalvoices.org/2009/11/110,,Wali Jaya Janchi Tuqi Jisk’achasiñat Estadounidense Jaqinakan Ayllunkir Markanakankir Juchjikiwipa · Global Voices Aymarata,,"Janchi amuyu tuqi jisk’achasiñaxa [es] jichhurkamaxa EE.UU. markanxa juchikitasqiwa. Ukaxa qhiparstayiwa nayriri estadounidense markachirinakaru, ukhamaraki nayrapachansa lurasiwayaraki. Ukjamaraki 2000 mara marka jakthapiwinxa, pä waranqh waranqha chikatapan nayrir ayllun estadounidonkirinakaw jakapxi EEUU markana [es] (uñtasiwa 0.87% taqpacha jaqinakaru EEUU markana) jupanakax armt’atapxiwa, ukjamasti uñjatarakiwa janisa utjapkaspa ukjama taqin markachirinak tuqita.

Stuff White People Do Blogupansti, macon ukanxa uñicht’ayapxiwa mä pankata apsuta Revealing Whiteness: The Unconscious Habits of Racial Privilege [en] (katjasina janq’u jaqinakaru: jan amuykaw sarnaqawinaka janq’u janchi tuqita, 2006) yatichiri amuyunak tuqitxa Shannon Sullivan siwa, aka jiwasankiw taqi kunas sasina, ukjamaraki jupanakas ukjamwa uñicht’ayapxi aka EEUU markana, janiwa nayrir ayllun jaqinakan markachirinatakikitixa jan ukasti jupanakpachatakiwa.

Native American were and generally still are considered as pieces of property owned by white America to do with what they please, only now this “knowledge” of Native Americans by white people is much more unconscious than conscious. White habits of ownership of Native Americans generally have not been eliminated; they have only changed the form of their expression. Rather than something wild to consciously set out to conquer, Native Americans — especially their religious traditions and rituals — tend to be unconsciously appropriated as exotic objects for Euro-American use, pleasure, and consumption.

Nayriri markachirinakaxa, janq’u janchin jaqinakanxa uñjatawa jupanakankaspas ukjama, ukatxa jupanakampi kunxay lurañ munchispa uka janq’u janchin jaqinakat mistsu, jichhaxa uka yatiñaxa nayrir estadounidensinakatxa, janq’u janchin jaqinakatakixa jupanakax janis utjapkaspa ukjama. Taqi amuyañsipanxa uka jan wali uñjañanakaxa aka nayriri markachirinakaruxa janiw jichhakamax chhaqtkiti uka janq’u janchin jakinakanxa; jupanakan yaqha kasta arst’asiñaqiwa turkakiptawayi. Aka nayriri markachirinakaxa uñjatasipkakiwa uywapkaspasa ukjama, ukjamaraki jupanakan sarnaqawinakapas, waxt’a lurawinakapas uñjatawa janis jupanakankaspas ukjama.

Walja aruskipawinakawa jichhakamax utjaski aka tuqita, aka nayrir ayllu jakinakaru jiwarayatanakapata ukjamaraki amuki janchi tuqit jisk’achañasa kawknir jaqinakatix jupanakpacha uñxasipki janchi tuqit jisk’achasiwinakatxa, maynir pankan, Silent Racism How Well-Meaning White People Perpetuate the Racial Divide [en] (amuki janchi tuqit uñisisiña: kunjamatix janq’u jaqinakax thaqapxi jaljtawi janchi tuqita) yatichiri sociologa Barbara Trepagnier, kuttapxiwa mä kunapkaspasa ukjamaru utjapxañapataki janchi tuq unisisiña chinuqawinakana. Ukaxa taqpacha janq’u jakinakatwa juti jichhurunakanxa EEUU markana.

Brother of Another Color sami, aruskipt’irixa qilt’awayiwa:

The Native Americans were definitely taken advantage of. They were killed by disease and bullets and much worse. They greeted the settlers in friendship and were ground under by the tide of Europeans that moved in. But you know what? When a race is less advanced than another, they will be defeated, simple as that. Especially back in the days of exploration. I'm not saying the way it was done was right, but at the time they were inferior, and merely in the way of those who wanted to settle here.

That the people who took their lands were white, has no bearing on what happened. Had the Chinese or some other larger nation with plans to expand gotten here first, the end result would most likely have been the same. Assimilation.

Chiqpachanxa nayra pach estadonidense jaqinakaruxa jan wali lurawayapxi. Usunakamp jiwasina, walanakamp jiwayasina, juk’ampinaka lurasina. Nayriri ayllun jakirinakaxa wali sumwa colononakaruxa katuqapxana, colononakasti janiw ukjama uñjapxatänti jan ukasti jiwarayapxatänawa. Yatipkasma, kawkhansa mä sarawix juk’a yatiñanikipxatäna?, jupanakaruxa atipjaniwa, aliq ukjamaki. Akaxa utjanwa nayra pach urunakana kunawsatix colononakax purinipkana ukhatpacha. Janiw nax jiskti ukax walikiw sasina, uka pachanakanxa nayriri ayllun jakir jaqinakax janiw amuyun jiltatapkanti, jupanakax uka janq’u janchin jaqinakan thakhipankapxanwa sarnaqasipxana ukatwa jiwarayatax uñxasiphi…

Uka jiwayirinakax janq’u janchin Europeo jaqinakanwa, janiw kunas utjkiti uka lurañanakapatakixa. Chinunakaspantixa jan ukasti yakhanakaspansti uka kikiprakwa jiwarayapxaspanxa, utjantasiñataqixa.

En otro comentario, Simon L'nu responde: Yaqha aruskipt’irixa, Simon L’un kut’ayarakiwa:

BTW, being Native, and with less melanin in his skin than some of my cousins, I can see white privilege, internalized colonialism, and all the other BS racist things in action. I get treated different when people realize/find out I'm Indigenous – it doesn't matter whether or not I get treated better or worse, it's being treated differently that's cr*p; I see my friends get treated like crap because of who they are. This is the wrongness. We are all human beings – you treat me with respect, expect the same from me. You treat me wrong, expect a cold shoulder or worse.

Chiqpachanxa mä ayllun nayriri jakirjamaxa inas jan janq’ukchi mayni masisxamax, uñjiristwa janq’u janchin jaqitapaki, taqi jisk’achasir janchi tuqit lurawinakwa. Jan walwa uñxapxitu kunawsatix amuyapxitu nayrir ayllu pachan jakasirit ukjaxa, janiw ukarus yäqkiristi uñjapxitaspaxa sum jan sumsa, ukampirusa kulirayituwa uñxapxi yaqhakasta masisaru ukhaxa; uñjtwa masinakajaru kunarjam uñxiri jupanakax qhitipkitix ukhaxa. Ukaxa janiw walikiti. Taqiniwa jaqitanxa – jumatix sum nayaru uñxchista ukhaxa nayax jumarux ukhamrakwa uñxama, jan walit uñxitataxa nayat ukhamrak suyt’ita.

A lot of the arguments on this board seem to have a warped sense of “social evolution” where “inferior” cultures are taken out by more “advanced” ones. This is Social Darwinism and it is racist (on top of being a discounted social theory not considered by most social scientists as valid).

Walja uñakipawinakawa aka aruskipawinxa uñtasi mä mayjt’awi jaqinakan jakawip tuqita, jumjamatix jisk’a kasta jakawinakax tukjataw jach’a kasta jakawinakamp uñjasi, akaxa satawa. Darwinismo Social ukax janchin uñisisiñawa (ukampirusa mä jan yaqata amuyuwa).

En un tono similar, Kate del blog grupal Irene's Daughters, que pertenece a tres mujeres cuyo objetivo es discutir abiertamente las relaciones de raza, aborda la práctica común de los colegios y los equipos deportivos de usurpar como sus mascotas nombres nativos estadounidenses, imágenes culturales y símbolos. En su post “Racist Mascots“, explica:

Aka kipka amuyt’awix, Kate del Blog tamanxa Irene's Daughters [en], ukax kimsa warminakankiwa jupanakan uñtawipax aruskipañaw qhanpachanxa aka jaqi janchinak tuqitxa, akanax utjiwa yatiqañ utanakana ukjamaraki anatañanak tuqina, uñjatawa mä anitukaspasa ukjama nayriri allun jakasir jaqinakaru uñjapxi, jupan Racist Mascots [en] ukanx kanañchiwa:

American culture is brimming with mish-mashed, two-dimensional, demeaning, and offensive portrayals of Native Americans, and sports mascots are among the worst… These schools, sports teams, and their fans (not to mention the media and advertisers) are not respecting Indians as living, self-defining, and self-determining persons. Even when they do not employ repulsive epithets like “redskins” they are objectifying and dehumanizing Indians, appropriating and exploiting cultural and often sacred images for their own entertainment, propagating and perpetuating misinformed and humiliating stereotypes that damage both the way other people view Indians and the way Indians see themselves. (Studies have shown that Indian mascots are especially damaging to the self-esteem of Native American children.)

Estadounidensen jakawinakapax jan wali jisk’achasiñanaka ukatxa uñisisiñanakaru kawkir nayra pach ayllun jakasirinakarux uñjapxi, mä anatawinx jupanakarux uñacht’ayapxiwa jan wali. .. aka yatiqañ utanakanxa, ukjamaraki masinak chikachasirinakax janiw jupanakan yäkasiñanakapax utxkiti, aka nayrir ayllun jakasirinakaruxa jaqirjam uñjapkiti. Yaqha kasta sutichawinakwa sutichapxi aka jaqinakaruxa akham sasina wila janchininaka (pieles rojas) jan jaqirjamaw uñjapxi, aliq janq’u jaqinakar jach’añchañatakiki. (walja yatxatawinakaw uñacht’ayapxi kunalaykutix aka jaqinakar ukjam uñjasax khiparayiw jisk’a estadounidense lalanakaru).

Kate uñacht’ayarakiwa mä video tuqi, akjam sas piqiñchata, nayax janiw anuqti (I am not a mascot [en]) waljani nayrir ayllun jakirinakawa wali llakt’ata khanañchapxi uka ajanunakap uñjasaxa anatawinakanxa.

Aka videoxa, taqi kasta uñacht’ayañataki luratawa, ukaxa mä jan wali uñacht’awiwa jupanakatakixa, mä uñañchawi khanañchañatakixa janchin jisk’achasiñatakixa. Ukhamarakiw taqi chiq jisk’a markanakan uka kikipwa lurjapxi, aka nayrir jaqinakan yatiñanakapa [es], sarnaqawinakapa uñañchayasina taqi tuqiru. Video lurata nayrir ayllun jakasir jaqinakanxa janchituq uñisisiñatxa waliwa utji aka youtube tuqina. Uka mayniri videoxa, “janchin uñisisiñaxa aka nayrir ayllun jakasirinak tuqitxa” utjayatawa aka tuqita Red Road Awareness [en], uñicht’ayiwa janchi tuq jisk’achasiña uka lurawi radion wakichawinakap tuqitsa EEUU markana, ukatxa utjiwa jan wali amuyunaka, aruskipawinaka aka wayra tuqita, DJ Kentucky jupxamanaka.

Wali uñxata videoxa aka youtube tuqitxa akniriwa “janchin uñisisiñax akjam uñjtan” “El racismo como lo vemos.” Uka videox khanañchiwa kunjamsa janchi tuq uñisiñax utjki uka aka nayrir ayllun jakasirinak wayananakar tuqita, markapanpacha ukjamaraki anqaxa markankirinakatsa.","Janchi amuyu tuqi jisk’achasiñaxa jichhurkamaxa EE.UU. markanxa juchikitasqiwa. Ukaxa qhiparstayiwa nayriri estadounidense markachirinakaru, ukhamaraki nayrapachansa lurasiwayaraki. Ukjamaraki 2000 mara marka jakthapiwinxa, pä waranqh waranqha chikatapan nayrir ayllun estadounidonkirinakaw jakapxi EEUU markana (uñtasiwa 0.87% taqpacha jaqinakaru EEUU markana) jupanakax armt’atapxiwa, ukjamasti uñjatarakiwa janisa utjapkaspa ukjama taqin markachirinak tuqita.",aym,globalvoices,Global Voices,fake news,51b2b148-4cff-4089-9fa3-e53aef0d5b28,article,MassiveSum
https://aym.globalvoices.org/2016/06/8193,,Estambul markan aeropuerto-pan mä ataque ukaw utji ukanx 36 jaqiw jiwat uñjasi,,"Wikipedia ukan jamuqapa, Ataturk aeropuerto-na.

Estambul uksan mä illapt’äwinx 36 jaqiw jiwata, Ataturk aeropuerto-nx walja unxtäwiw utji. 29 uru mara t’aqa phaxsinx kimsa ataques ukjhamaw utji, Turquía uksan ministro, Binali Yildirim jupan ISIS uksat ch’amanchata.

Uka ataque ukax kawkïr aeropuertuntï wali unxtäwix utji ukampun ukham utjawayi, ukampirus yatyäwinakax mäkiw uksat yatisiraki:

Ataturk, Estambul, uksat nayrïr jamuqanaka terminal internacional uksarux pä ataque ukaw ulljawayi, ukanx walja usuchjatanakaw utjaraki.

TURQUÍA – Jisk’a wawanak wila masinakax Ataturk aeropuerto-t mistusax qhumantasipxiwa@ozannkosee

Turquía markan ukham yaqnhachäwix utjapuniritapatax uka jan walt’aw utjkän ukhax jilïr irpirinakax markan yatiyaw yatiyirinakaruw amukt’ayi:

Ataturk, Estambul uksan ataque utjkï ukan amukt’äwipat nayrïr Ministro qillqatapa.

Global Voices, Efe Kerem Sozeri jupax yanapt’asi, jilïr irpirinakan yatiyaw yatiyirinakar amukt’ayañ amtapatw mä amuyt’aw amuyt’i Vocativ uksana. Ukhakamax k’añask apanaqirinakax jila chani payllaw mayisaw irnaqapxi, Turquía uksan qurpachasiñ utanakas (hoteles) estambuleños ukankax punkunakap jist’ari, jan walt’ayat mulljat jikxatasipk jupanakar inak qurpacht’añataki.

16 jawillt’ataw ukiñ utanakan samart’asipk. Ukampirus mayniw utjaskistu! #taksim#istanbull#PrayForTurkey (Oren por Turquía) #prayforistanbul (Oren por Estambul)

Jan amuykaya: turco yatiqirix aeropuerto jak’an qamasi, jupax pasajeros ukanakaruw utapar jaytañ muni. #istanbulattack (Atentado en Estambul)

Aeropuerto ukan ataque utjatapax sinti jan walipuniwa sinti asxarkaya ukhamawa ( “nueva normalidad” de Turquía) ukhamakaspas ukjam amt’apxi: niya pä marakiw ch’ujtäwix utjaski, janiw khitis ukhama uka jan waltäwix wasitamp utjasp ukx amuykanti.

Serios uksan jichhak ataque utjatapa. Ukatx sureste #Turquía uksan jan waltaw utjki ukanaka… Patak … Patakaniw jiwapxi…

Ataques ukax pä maratw utjawayi, ISIS Abu Bakr al-Baghdadi p’iqt’irin iraquí, Mosul uksan jan walt’aw utjañap arst’awipta, uka tamax janiw Ataturk uksan ataque utjañap arsuwaykiti.",Jilïr irpirix ataque utjatapatx  ISIS ukaruw jucha jaquwayi.   Turquía jach'a markan qurpachasiñ utanakapax punkunakap jist'arawayi (pasajeros) jupanakar katuqt'añataki.,aym,globalvoices,Global Voices,fake news,4bf2e549-f94e-4b67-9985-f85bbb8b6c51,article,MassiveSum
https://aym.globalvoices.org/2013/03/5615,,Global Voices-an Wakiskir Apkatatapa: ¡Papa-x Utxistuwa!,,"Kamisaki, Taqpachaniru – walik Global Voices-an wakiskir apkatatapar juttaxa.

2013 maran achuq phaxsin 12 ur saraqataruw illap urux kartinalanakax Vaticano-n machaq Papa ajlliñatak tantachasipxäna, kunattï anat phaxsin 28 ur saraqataruw Benedicto XVI-x jaytxäna. Pacha ur jayp’ux Protodeacon Kartinalax walkunat uñstanïna, ukat “¡Habemus Papam!” sasaw arsüna, ukjarux Francia-nkir Papa-w jupar uñt’ayistäna.

Jiwasax Africankir kartinalaw Papa Benedicto XVI lant mantan sasaw lup’iyätana, ukat Steve Sharra-mp Abdoulaye Bah-ampiw aruskipt’ana, jupanakax Africankiripxänwa, aka uraqpachan jakirinakax walpin akatuqit yatiyäwinak suyt’apxarakïna, ukat kunats kartinalanakax kunklawin wuliwuljam anatapxpachäna.

Global Voices has a cardinal! Author Abdoulaye Bah with director Nanni Moretti on the set of the film “We Have a Pope”

Apkatatan Gregorian jallt’äwinak muntati. Partners in Rhyme-t may jikxatama.

¡Laura Morris -aruw yanapt’atapat chha suma sas sistana!

Podcast: Play in new window | Download","Jiwasax Africankir kartinalaw Papa Benedicto XVI lant mantan sasaw lup’iyätana, ukat Steve Sharra-mp Abdoulaye Bah-ampiw aruskipt’ana, jupanakax Africankiripxänwa, aka uraqpachan jakirinakax walpin akatuqit yatiyäwinak suyt’apxarakïna, ukat kunats kartinalanakax kunklawin wuliwuljam anatapxpachäna.",aym,globalvoices,Global Voices,fake news,24bd017d-dba7-4eee-820d-3577827afc01,article,MassiveSum
https://aym.globalvoices.org/2012/06/4285,,Imill wawanakax yatiqañ munasinx jan walt’ayataw uñjasipxatayna · Global Voices Aymarata,,"3 uru mara t'aqa phaxsin 2012n maratxa, niya 65n imill wawanakaw niñas fueron qullayasiñ utar apayatatayna [fa] provincia nororiental afgana Tajar uksa yatichañ utan jan walt'ayat uñjasipxatanakapata.

29 uru llamayu phaxsitxa niya 160 imill wawanakw qullayasiñ utan uñjasipxataya [en] yatiqañ utan gas uka yanqha jachayir qullamp yanqhata.

Jilïr irpirinakax aka ch’axwawit talibanenakar juchanchapxi. 1996n ukat 2001na, kunapachatix movimiento fundamentalista uk markarux uñch’ukitäna, warminakar yatiqañ utar sarañax jark’apcxi. Ukampitsa yatiqañutar waja imill wawanakaw qillqasipxatayna, aka talibanenakax alisnukutapaxa, imill wawanakr yatichäw thaqhtasipxi ukanakaruw kipkakiw aka movimiento ch’axwawirinakax jan walt’awir lurapxakiwa.

Yatiqir tawaqunakax qullayasiñ utan jan amuyun jikxatasipxi. Pajhwok Afghan News, copyright Demotix (18/04/2012) ukat apaqat jamuqa

Imill wawanakax yatichaw jikxatañ munasinx jan walt'ayatapxiwa. Teresa Nabais, copyright Demotix (03/07/2009) jupan apst'ataw aka jamuqaxa

Talibanes uksankirinakax yatichañ utar yanqhachañ munapk ukatx jithiqtjapxataynawa, ukampirus janiw khitrus iyawsañ atipkaspati.

Ericka M. Johnson, mayni blogger estadounidensetx, qiqlqt'ataynawa [en]:

Atacar a escuelas de niñas y a las estudiantes se ha convertido en una táctica común de los talibanes. No es suficiente para ellos que sean tratadas como una propiedad. También deben castigar a las niñas por querer aprender. Niegan participación en estos ataques, pero su propia historia, en la que a muchas niñas no se les permitió ni siquiera ir a la escuela durante el régimen de los talibanes de 1996-2001, sugiere que las mujeres educadas van en contra de los intereses de los talibanes.

Yatiqir imiallanakatakix talibanenakax mä táctica jalxatañatakix apnaqapxi. Warninakar mä propiedadjam talibanenakax uñjapxi, ukampis janiw kusisispkiti. Ukat imill wawanakar yatiqañapax janiw munapkiti ukat jawq’arapxi. Jupanakax janiw iyaw sapkiti. Nayrapachanxa ukjamakirinwa, kunatix 1996 – 2001n régimen talibanenakax janiw wawanakar yatiqañ utar sarayäpkanti, warminak yatichätax chachanak talibanenakar interesanakapar sari.

Erica juparuw jayst'asax mayni Katherine Lorraine, bloguerax qhanancht'ataynawa [en]:

La educación de las mujeres es la forma más rápida y fácil para la verdadera igualdad entre los sexos, por lo que el club todos hombres de los talibanes, por naturaleza, nada más quiere mantener a la mujer abajo y obligarlas a vivir en los peldaños más bajos de la sociedad.

Yatichäwix warminakatakix mäk yatintäwiwa ukampirus jasa chiqpach chachanak kipka yatintäwiwa,talibanes uksan chachanakam quqtucht'atax warminakarux aynacharuw uñjañ munapxi.

Judy Molland, galardonada qilqirixa, arst'ataynawa [en]:

Cualquiera que pueda odiar a los niños lo suficiente como para envenenarlos claramente ha perdido el contacto con su propia humanidad. Por el bien de estas chicas, el gobierno afgano debe hacer de la seguridad de sus alumnos una prioridad.

Khithinakax wawanakar walpun uñisipxichispa niyas yanqhachañatakjama. Jilïr irpirix aka imill wawanakatx lup'iñapawa.

Hussain Ibrahimi, mayni blogger Afganistán markatx qilqt'ataynawa [fa]:

حال دشمنان افغانستان از ابزار دیگری برای پیروزی شان در جنگ و مخالفت با دولت افغانستان استفاده می کنند و این ابزار چیزی نیست جز مسموم کردن شاگردان مدرسه ها و بسته شدن این نهادهای تعلیمی و آموزشی در ولایت های مختلف افغانستان که نگرانی ها را روز به روز افزایش می دهد و این خود می تواند ضربه بزرگ باشد برای دست آوردهای ده ساله افغانستان که باز شدن نهادی های تعلیمی و آموزشی بعد از سرنگونی رژیم طالبان خود یکی از بزرگترین دستآوردهای این دهه اخیر است.

Los enemigos de Afganistán están recurriendo a una nueva táctica en su guerra contra el gobierno [del país]. Esta táctica consiste en el envenenamiento de colegialas con el objetivo de cerrar las instituciones educativas en las diferentes provincias … Esto puede comprometer seriamente una década de logros tales como la apertura de nuevas escuelas después de la caída del régimen.

Afganistán awqanakax mä machaq táctica guerratak aka jach’a irpir markatak thaqhapxi. Aka tacticax imill yatiqirinakar qull jiwañ umantañatakix ukaw siwa, ukat amtapax taqi ayllunakanxa yatiqañ utanakar jist’antañ munapxi…aka aynacht’at reginentata ukat machaq yatiqañ utanakax uñstaskani.

Yaqhipa jaqinakatakixa, Afganistán markan yatichäwir yanqhachañ munapk uka amuyux wali lup'iñaw sasinw Dineeta Kubhar jupax tuiteó ukasan uñt'ayi [en]:

@WordsOfDineeta: talibanes envenenan el agua que beben las mujeres en una escuela en Afganistán para impedir que estudien… Y yo me quejo del estudio smh.

: Afganistán talibanesanakax mä yatiqañ utan umaruw qull jiwañatakiw warminakatakix uskupxi, jan yatintañataki… ukat nayax aka aka yatiwit janiw walikiti smh.

Internautanakax 2014 maran extranjeras tamanakax OTAN apnaqapxi, jupanakax markat sarñapax janiw munapkiti ukat asxarapxi, fundamentalistas talibanesanakax, yaqhanakampix imill wawanakarux yatichäwipatax janiw munkapkiti.

Chloe Logan, Yahoo News ukan yanapt'asirix qilqt'ataynawa [en]:

A medida que estos ataques continúan mientras las fuerzas de la OTAN siguen en Afganistán, nos preguntamos si las niñas se mantendrán lo suficientemente valientes como para continuar su educación una vez que la protección se haya ido. Sabemos que su futuro dependerá de la educación que les falta.

Aka jaltäwix sarantasiskiw ukat Afganistána OTAN sarxanisti nänakax yatiñ munapxtwa imill wawanakan ch’amapax utjaskiti, yatichäwitakix sarantasina, yatichäw jan tukuykan ukhax janiw suma sarnaqapkaniti.

Yaqha blogger, Jan, arst'iwa [en]:

Lamentablemente, una vez que lo último de la presencia militar de EE.UU sea “oficialmente” retirada de Afganistán, ya sabes, y yo sé, y todos sabemos, qué va a pasar a cualquier chica afgana que se atreva a ir a la escuela, así como a cualquier mujer afgana que quiera enseñar, o ser una enfermera en un hospital, o trabajar como secretaria, o ser una empleada de una tienda de comestibles, o intente estar en un equipo olímpico de marcha o jugar al bádminton o al ajedrez, o aprender a leer y escribir…

EE.UU. militaranakax Afganistánt sarxapxanisti ukat jiwasannakax yatinpxtanwa kuns mä imill afganar yatiqañ utar sarasiñ munasis lurapxani, ukjamar mä warmi yatichirix yatichañ munaskani, mä enfermera qullañ utanxa, secretariajam irnaqaa, mä aljirit, ukat janiw mä warnix mä equipo, ajedrez anatañ, ullañ qillaqañ ukanakax mä warmix janiw mantañapakiti, ukat janiw yatiñapakiti…","Afganistán markanx 2001n maran  régimen talibán uka jaquqtatapatw imilla wawanakan jan yatiqañ utar sarañap jark'awix utxatayna, jichha ch'axwthaptawinakaw provincia afgana  Tajar markan patak patak yatiqir imill wawanakax jan walt'ayat uñjasipxatayna,",aym,globalvoices,Global Voices,fake news,493780c1-98cb-4a39-8072-5601f8104b74,article,MassiveSum
https://aym.globalvoices.org/2015/06/7315,,"Sarayaku, Ecuador qhichwa markanx umax mä jakäwiwa",,"Una invitación a un foro para el estreno de los vídeos sobre Sarayaku.

Sarayaku qhichwa markax centro-sur de la Amazonia ecuatoriana uksan jikxatasi, petróleo, gas ukat minerales uka apsuñatw qillqatanak utjayawayi. Uraqinakapar arxatasa, Sarayaku markax medios de comunicación digitales ukatuqiw jupanakax jan uka khusu umanak apsuñatak p’iysuyañ munapk uka uñt’ayapxi. Uka qillqatax “Jaguar ukan wawanakapa” sutimp p’iqincht’atawa.

Eriberto Gualinga jupax aka área ukanx p’iqinchiriwa, ukatx walja videonak canal de YouTube ukar apkati. Janiw uka video ukakikiti jan ukasti sitio web ukat Twitter (@Sarayaku_Libre) uaktx Facebook ukan uñt’ayaraki. Corte Interamericana de Derechos Humanos (CIDH) ukax 2012 maranx Sarayaku markat arxati, ecuatoriano jilïr irpirix Sarayaku markan khunayanak p’iyarañatak janir firmkasax markanakampiw nayraqat aruskipt’añapa. Uka may may herramientas apnaqäwinakampix kunjamas uñt’ayañ ukwa yatiqapxi. Sarayaku markax blog colectivo El Churo ukampiw chikanchasi waynanakar ch’amanchañataki ukhamat yaqha markanakax ukham video luräwinakamp chikanchasipxañapataki. Uka proyecto Rising Voices uksatx 2014 maranx mä beca jikxatatayna .

Aka videonx yatiyirix qhichwa arunw Sarayaku markatakix umax wali askiw sasinw yatiyi. Plataforma de subtitulado Amara ukatuqix videox ingles arun subtitulatawa, yaqhanakax yaqha arunakarux subtitulapxarakispawa.

Aka video ukax Quito ukat Sarayaku uksan waruqatawa, ukan walja aruskipäwinakaw utji. Jutïr simanax juk’amp videos ukanak uñt’ayaskañäni.","Qhichwa markarux video ukanakax  uñt’ayaskiwa,  jupanakan uraqinakap arxatasa, uka markanx markachirinakax  petróleo, gas, ukat  minerales ukanak janiw apsupxañap  munapkiti.",aym,globalvoices,Global Voices,fake news,6ad065d3-532a-40c1-8ab8-fe3959fe9bbb,article,MassiveSum
https://aym.globalvoices.org/2011/02/1031,,Venezuela: Chávez Jilïr Irpirin 12ni Mara Irpxarutapa,,"Presidente de la República Bolivariana de Venezuela,Hugo Chávez Frías. Imagen de usuario de Flickr Bernardo Londoy, usada bajo licencia CC BY-NC-SA 2.0

Hugo Chávez Jilïr irpirixa, 2 uru anata phaxsinx 2011ni maranx 12ni mara wali ch'amamp irpxarutapw phuqhi.

Aka uñjawinx markan kallinkapanx askinw uñt’ayasi. Uraqpachan ch’axwawix redes sociales 2.0 ukan uñt’ayasi: venezolanunakax Twitter ukx platafermapakaspas ukjam apxarupxi, jilïr irpirin 12ni mara irpxarutapan pantjasiwinakapxat aruskipañataki. Luis Vicente Leon @luisvicenteleon Datanálisis (Empresa de Investigación de Mercados) ukan irptirix uñt’ayiwa:

12 años después Venezuela esta dividida en dos mitades, pero una tiene más plata, poder, control y cohesión.

12ni maranx Venezuelax payar jaljatawa, ukampirus maynirix wali qulqini, ukjamarak wali ch’amani (poder).

2 uru anata phaxsin tuits ukan uka jaljtawix uñt’ayasi. Maysatx Sonia Aguirre @soniaguir jiskt’iwa:

¿Cómo se puede celebrar la mediocridad??? 12 Años haciéndolo es como demasiado, verdad????

Kunjamarak 12ni mara jan wali apnaqwipatst amtasispasti?

Domingo Sifontes (@dsifontes) siwa :

Por que Esteban [nombre que hace referencia al presidente por los ciudadanos opositores] se merecería otra oportunidad? si la tuvo y la desperdicio dividiendo el/al pais. Esta como el esposo q le pega a su pareja.

Kunats Esteban jilax aski uñt’ayasispa? Payar jaljiri, warmiparus nuwiri ukjamanwa.

Luis Manuel González (@Luismac) arst'iwa:

12ni marax jan ch’ujtawiniwa (paz).

12ni marax revolución phuqhäwiw amtasi. FFM, Frente Francisco de Miranda (@fmm_oficial) uñt’ayiwa:

En 12 años de Revolución Bolivariana Gobierno Nacional ha construido más de 500 escuelas http://bit.ly/hXfHyD#12revolución

12ni maranx copiar satak ukax 500 yatiqañ utwa lurayawayi.

Oscar José Armas G. (@OJarmas) siwa:

#12REVOLUCION de libertad y de liberacion de cadenas…..

Constanza Harding V (@ConstanzaHV) ukanx amuyt’awinakapw uñt’ayi:

Venezuelan12ni maranx aka mayjt’awinakax sapürunjamaw uñjasi.

Maria Belén Otero (@mariabelenotero) ukax qilqatanak laphinx qilqatanakaw apthapi Nacional sutini, mä “#CifrasdelDictador” sat taypina”

#CifrasdelDictador: 15 millones de armas ilegales hay actualmente en el país. #ElNacional 13/08/10

#CifrasdelDictador: En los últimos 10 años los homicidios se incrementaron en 134% en Venezuela. #ElNacional 14/08/10

#CifrasdelDictador: El secuestro pasó de 44 casos en 1999 a 795 denuncias en 2009, lo que representa un aumento de 1.707%. #ElNacional 14/08/10

#CifrasdelDictador: El aumento de 1.707% de secuestros en el últimos 10 años no considera la cifra negra, que son los casos no denunciados. #ElNacional 14/08/10

#CifrasdelDictador: Cada 27 minutos un venezolano es víctima mortal de la violencia: 52 al día. #ElNacional 20/08/10

#CifrasdelDictador: Markpachanx 15ni waranqa waranqa armas satak ukanakaw utji. #ElNacional 13/08/10

#CifrasdelDictador: Venezuelan 10 maranx 134% homicidios satanakaw utji. #ElNacional 14/08/10

#CifrasdelDictador:1999 maranx 44ni secuestronakaw utjäna, 2009 uka maranx 795ni denuncianakaw utjarakina, taqpachax 1.707% ukjawa. #ElNacional 14/08/10

#CifrasdelDictador:1.707% secuestros ukjaw 10 maranx jiljatawi. #ElNacional 14/08/10

#CifrasdelDictador: Sapa 27ni k’atanw mä venezolanux yanqhachata: sapürux 52niwa. #ElNacional 20/08/10

Desde la perspectiva contraria, Venezuelan Analysis, una página de noticias sobre Venezuela en inglés, publicó una columna de Gregory Wilpert en el que argumenta que,PPPPP

Venezuelan Analysis ingles arun yatiyawxatwa, mä columna de Gregory Wilpert sutini uñt’ayasi.

Venezuela has made significant progress in the past 12 years of Chavez’s presidency towards creating a more egalitarian, inclusive, and participatory society

Venezuela ha logrado avances significativos en los últimos 12 años de la presidencia de Chávez hacia la creación de una sociedad más igualitaria, inclusiva y participativa.

Venezuelax 12ni maranx askinakw jikjati

Wilpert Chávez jilan aski apnaqäwipataw uñt’ayi. Ukapachparakiw Chávez jilan 12ni mara irpxarutapatx (presidencia) uñakipi.

Hugo Chávez jilan 12ni mara phuqhawipax wasitampiw Venezuelan jaljtawinakapatx uñacht’ayi. Venezolanunakax 2012ni maran jallu qallta phaxsinw wasitamp jilïr irpiritak chhijllapxäni","Chávez jilïr irpirix 12ni marwa poder ukamp irpxarxi, venezolanonakax Twitter uka plataformw utt'ayapxi 12ni mara irpxaruwipanx  kuna pantjasiwinka, askinakas  utji ukxat aruskipañataki.",aym,globalvoices,Global Voices,fake news,62a9880a-9754-46c0-835d-8d8c3127e5ac,article,MassiveSum
https://aym.globalvoices.org/2012/03/3916,,Turquía: Pallapallanakamp Kurdunkir Newros uka amtirinakamp ch’axwthapatäwi,,"Turquía kurdarkan 20 % ukha may may markanakaw (grupo étnico) utji. Estado ukax uka markanakarux janiw derechunakap yaqkanti. 20 uru achuqa phaxsit Yuksekova, provincia turka ukanx Newros uka amtañatakiw markachirinakax tantacht’asisipkana ukhamaruw palla pallanakax uka jachayir umanakamp yanqhachapxatayna.

Ahmed Turk, mayni kurdo markan pulitikux, qullayasiñ utaruw purïna. Ukatx Alaattiin Okan, mayni 32n maran wayanax k’ask’a jachayir kartuchump jan walt’ayatataynawa. Ukürpachaw sitio web kurdos ukanakax suyt’ayatatayna (bloquedo) jan uka jan walt’awinakat yatiyañataki. Activistas kurdos ukanakax redes sociales ukatuqiw uñt’ayapxäna.

Faruk Arhan, Bianet ukan mä yatiyirix twiter ukanw mä kurdankir warmir palla pallan yanqhachawipatw uñt’ayi:

Yekbun Alp ukasti mayni kurdonkirir yanqhachawipatw uñt’ayaraki.

@YekbunAlp: Mientras Özdal Ücer se encontraba de invitado en casa de una familia de Cirze, la policía asaltó la casa y arrestó a la familia.

: Özdal Ücer ukax Cirze wila masin utapan jikxatasiskäna, ukatx pallapallax uka wila masin utaparuw ch’amamp mantasin ukan ujasirinakar jist’antatayna.

Mayni kurdon activistax aka jamuqw twitertuqin uñt’ayi ukanx uñjasiw k’ask’a jachayir (gases lacrimógenos) qullampiw waynanakar jaqhapxi, ukatx jupanakax sinti phiñasitaw qalanakamp jaqhapxaraki.

Hawri Tofik, Suecia markatpacha, kurdos markachirinakan Newros uka amtkasin jilïr irpirix jupanakar yanqhachayk ukwa twitertuqin uñt’ayäna:

@iirwaH: En serio, no lo entiendo… ¿Por qué es un crimen celebrar el Newroz? ¿Cuántos kurdos más van a caer heridos/muertos?

Jiyan Azadi aka jamuq tuiter ukan uñt’ayi, Yuksekova ukanx waranqa jaqiw tantachata, ukat jayp’urux jachayir umamp yanqhachataw uñjasi sasina:

Ukhakamasti, Meltem Ay, Londre markatx, Twittertuqiw arst’i:

@jin_jiyan_azadi: ¡Qué tontería la de Turquía! ¡Los métodos dictatoriales y de opresión no conseguirán más que unir a los kurdos y hacerlos más fuertes!

:Turquía markanx jan waliwa! Uka dictatoriales saranakax janiw kurdos ukankirinakar mayachthapkaspati!

La Alianza por los Derechos del pueblo Kurdo markan derechunakapat mayachthapirix [en] walja pallapallanakan k’ask’a jachayir qullanakamp umamp chixayawayk uka uñachat’ayäna.","Turco markan Estado ukax kurdos markachirinakarux janiw yäqawaykataynati. 20 uru achuqa phaxsit Yuksekova, ukanx markachirinakax Newros uka amtañatakiw tanatachasisipkatayna ukhamaruw pallapallanakax k’ask’a jachayirinakampiw yanqhachatayna.",aym,globalvoices,Global Voices,fake news,2b2ba32a-8c1a-4c2b-8fd3-a8f3a64ce238,article,MassiveSum
https://aym.globalvoices.org/2013/01/5033,,“Gaza markanx bombanakax jallur uñtataw waraqtäna”,,"Gazan markachirinakax arumpachaw uñaqasipkäna. Israel markan markachirinakax Palestina thiyar bombamp churt’asipkäna. Ukatxa, paypachaniw, Gazamp Israelamp, ninamp churt’asipxäna. Militaranakan p’iqinchiripax Gaza markan Hamás satawa. Kunawsatix masürunx uka markan jupax mä lata jamach’inkaskän ukjaw jiwayapxi. Ukjampachaw paypach markanakax nuwasisipkanawa.

Prensan yatxatawix yatiyi: 13n Gaza markachirinak jiwapxi, ukhamarak kimsa Israel markachirinak jiwapxarakiwa. Thuythiranx, EbaaRezeq Palestinan jiwirinakar yatiyi:

الحصيلة حتى الآن| 15 شهيد (منهم 3 أطفال, سيدة حامل بتوأم, وعجوزين) + 140 إصابة. #غزة

@Gazanism: Las víctimas hasta ahora: 15 muertos (entre ellos, tres niños, una mujer embarazada de gemelos y dos ancianos), y, además, 140 heridos #Gaza

@Gazanism: 15n jiwatanaka (ukanakanx kimsa wawa, mä ispa wawa usur warmi, ukhamarak pä achachila), ukampirusa, 140 usuchat jaqinaka #Gaza.

@KhaledShawa mä fotografía kunanx vecinopan nakhantaskir utap uñachayi, kunatix Israel markaw mä bomba ukjar jaqtatayna. Foton creditopa:@KhaledShawa

WaelOuda bombamp kunas kamachatayn uk qhananchi:

@WillOuda: Los zumbidos prácticamente “andan” por la sala de estar …tan fuerte y ruidoso por encima de nuestras cabezas. #Gaza

@WillOuda: zumbidonakax taqituqin sum ist’asi…wali ch’amapunimpiw p’iqipatkam jalamukuyi. #Gaza.

Yaqha thuythiyiwunx, qhipa jan walt’awinak jaqin coste yatiyi.

@WillOuda: Víctimas: 14-15 muertos y más de 120 heridos #Gaza

@WillOuda: 14ni-15n jiwatanaka, ukhamarak 120 juk’amp usuchjatanaka. #Gaza.

@MajedAbusalama: Ahora las bombas caen como la lluvia en el norte de Gaza # #GazaUnderAttacks

@MajedAbusalama: Jichhax Gaza markan alayawjan bombanakax jalljam jalaqanipxi. # #GazaUnderAttacks

Abu Omar mä vídeo surrealista “Los niños de Gaza juegan al fútbol a pesar del bombardeo” ukham sat YouTubetuqin uñachayi.

VIDEO Qhipan bombanakax jalaqasipki, ukhampach wawanakax piqump anatasipkirakiwa, uk videonx uñachayi.

@olanan: #GazaUnderAttack ¡Aun así, un grupo de niños decidieron jugar al fútbol en la calle! ¡Mundo, les enseñamos a vivir!

@olanan: #GazaUnderAttack ¡Ukhampacha, mä wawa tamax thakin piqump anatasipkiwa! ¡Uraqi, jakañ yatichasipxsmawa.

المعنويات عالية في #غزة, فليحطموا كل شي, يقتلوا أطفالنا ولكن لن يقتلوا ارادنا وأجلامنا, والى التحرير انشا الله

@MajedAbusalama: Nuestra moral está alta en Gaza. Dejaremos que lo destruyan todo y que asesinen a nuestros niños, pero nunca podrán matar nuestra voluntad ni nuestros sueños. ¡A la liberación por voluntad de Dios!

@MajedAbusalama: Gazan moralasax jach’askiwa. Taqi kuna tukjañapanx tukjapxam jaytapxañäniwa, ukhamarak wawanakasar jiwayañapanx jiwayapxpan jaytapxarakiñäniwa. Jan ukasti, janipuniw kunampis voluntadasamp sueñosampir chhaqtayapxkätati. ¡Dios tatan voluntadapamp tukuyaspana!

La gente hace cola en la puerta de una panadería para comprar pan en Gaza. Foto compartida en Twitter por @sarahussein

Sara Hussein, janalaph yatxatirix, jichhaw Gaza markathiyat purintaski. Jupaw mä jamuqan jaqinak mä t’ant’a lurir uta punkun philasisipki, ukham uñachayi. Jupax thuythiyiwa:

@sarahussein: yfrog.com/nws02mjj Cola en la puerta de una panadería de #Gaza. La gente teme la escasez de alimentos. #Israel #Palestinians

@sarahussein: yfrog.com/nws02mjj #Gaza markan mä t’ant’a lurir uta punkun philasisipkiwa. Manq’anak q’altaspa, uk jaqinakax lup’ipxi. #Israel #Palestinians

Jichhasti? Journeyto Gazax uraqin invasionax utjaspati, sas sikhisi:

@journeytogaza: ¿Hay noticias sobre la decisión del gabinete #Israeli [Israelí] sobre si iniciar o no u ¿na invasión terrestre en #Gaza?

@journeytogaza: gabinetet yatxatawix utjiti #Israeli [Israelí] #Gaza markan uraq invasionax qalltaniti, janich utjkani.

Thuythiranx yaqha aruskipawinak yatiñatak, etiquetanak uñjapxam: #PrayForGaza, #GazaUnderAttack ukat#Gaza.

The Guardian: Israelan ukhamarak Gazan militantenakax jiwatanak turkapxi, Irpa [en] jichhachawi [en]","Gazan markachirinakax arumpachaw uñaqasipkäna. Israel markan markachirinakax Palestina thiyar bombamp churt’asipkäna. Ukatxa, paypachaniw, Gazamp Israelamp, ninamp churt’asipxäna. Militaranakan p’iqinchiripax Gaza markan Hamás satawa. Kunawsatix masürunx uka markan jupax mä lata jamach’inkaskän ukjaw jiwayapxi. Ukjampachaw paypach markanakax nuwasisipkanawa.",aym,globalvoices,Global Voices,fake news,5a84c5eb-ec5b-48c9-88a1-769d47eece8e,article,MassiveSum
https://aym.globalvoices.org/2012/11/4975,,Ecuador markanx anatäwin yanqhachäwinak utjk ukxatx ch’axwaskakiwa · Global Voices Aymarata,,"‘‘Guayaquil anatäwin jan suti ch’am apnaqäwini’ ukaw sutix mä campañan jan suti ch’am apnaqäw futbol-ana ukhamarak estadio-nakana utjañapataki, kunatix aka 4 urubaka saraqkipan lapak phaxsit mä jach’a ch’axwäwiw utjawayan khitinakati ch’amanchapx Barcelona ukat Emelec (paypach yatxatat futbol-an tamanak (equipos) ukhamarak Clásico del Clásico del Astillero“) protagonistanaka), uk tukuyasax mä 20 maran waynaw George Murillo León sutiniw jiwarakïna.

Kunayman yatiyirinakaw aka ch’axwäw yatiyapxi. Digitaltuqin uñacht’äwipanxa, El Universo kunanakati utjkan uka luräwin uk yatiyi: “Paran mä disparumpi illapt’atanw, p’iqi qhipaxata mistuta, mä Emelec ch’amanchirina luratjama, q’al lixw usuchjana, mä Luis Vernaza sarakinwa, kawkiruti niya 11:30 pachar apatana”.

Fox Sports ukhamarakiw yatiyäw página web ukan uñacht’ayi, “akax payïr jiwataw suti ch’am apnaqatat futbol ecuatoriano ukat qhipa maranakan amtasa, nayririx Carlos Cedeño, mä lluqalla 12 marani mä bengalamp 2007 maraa jiwata”.

Ministerio del Interior Ministerio del Deporte, Federación Ecuatoriana de Fútbol (FEF), Asamblea Nacional, ukat clubes Emelec ukat Barcelona Representantenakax qallantapxiw irnaqäw suti ch’am apnaqäw ch’amanchirinakan ukhamarak arkirinakan nayrir futbol anatäwin (futbol de primera división) jan utjañpataki. Mä amtäwir puritatxa, paypachax “10 ixwanak (Mandamientos) jan suti” ch’am apnaqäw utjañpatakiw futbol ukan Ministerio Interior página webtuqin lurapxi.

Hinchas de Barcelona, foto de José Luis Merizalde Alcívar en Flickr (CC BY-NC 2.0)

Redes socialanakata #NoMasViolencia, Ch’axwäw Jan Juk’ampi arumpi, walja jaqinakaw walja marka chaqanakat suti ch’ama apnaqäw anatäw taypinat llakit arstapxi.

Anatäwir ch'amancirinakax @michael_cse ukat @Sandtolo, ukanakax nuwasiwirux janiw sapxiwa:

@michael_cse: Por pasión al equipo no solo matas a un ciudadano MATAS A UNA FAMILIA y enlutas al país #NoMasViolencia #HagamosLaDiferencia..

@michael_cse: Anataw taypir munasinx janiw ma markachirirus jiwayktati, markarus #NoMasViolencia #HagamosLaDiferencia jan walt'ayktati.

@Sandtolo: Yo repudio la violencia en todas sus formas, la violencia sólo viene del despotismo y el egocentrismo 🙂 #nomasviolencia

@Sandtolo: Nayax suti ch’ama apnaqäw kunaymanipans janiw munkti, suti ch’ama apnaqäwix despotismot ukhamrak egocentrismot utji:) #nomasviolencia

@ANDRESL9: El futbol es una fiesta que debemos vivirla en Paz. #nomasviolencia en los estadios. Denuncia a los violentos

Ecuador markan, Rafael Correa irpirix (@MashiRafael) Twitter uksan arst'i.

@MashiRafael:…fútbol y la muerte del hincha amarillo George Murillo. Semana intensa para consensuar candidatura a proclamarse en convención…

@MashiRafael:…fútbol ukat hincha amarillo George Murillo. Candidatura uksat aruskipañataki.

Hinchas de Emelec, foto de Eduardo Ochoa Gutiérrez en Wikimedia Commons (CC BY-SA 3.0)

Irpirinakamp markachirinakampix machaq propuestanak suyapxi kunjamati ‘Guayaquil anatäwin jan suti ch’am apnaqäwini’ yatiqañ utanakaru, jayawjanakaru, qullañ utanakaru ukhamarak qullañ utanaka sarir mayat maya chaqar purpana, kunatix fútbol-ax mä juk’a anatäwinakat wal jaqinak taqpach markan sartayi, juk’amp Quito ukhamarak Guayaquil markanakana","Ecuador markax jan uthañapatak suti ch’ama apnaqäw anatäwin George Murillo León 20 maran wayna jiwatatapat qallanti, jiwkatayata mä ch’axwäwin Barcelona ukhamarak Emelec ch’amanchirinak ch’axwawitapata. 'Guayaquil jan suti ch’ama apnaqäw anatäwina' akaw nayrir campaña Ministerio del Interior, Ministerio del Deporte, Federación Ecuatoriana de Fútbol (FEF), la Asamblea Nacional, ukhamarak tamanaka (los clubes) Emelec ukhamarak Barcelona ukan luratäni.",aym,globalvoices,Global Voices,fake news,1d192e11-5c17-4256-a30b-565695b65799,article,MassiveSum
https://aym.globalvoices.org/2011/11/3029,,Qatar: Parlamentaryunakatak 2013n maran chhijlläwi,,"Qatar ukham sutintatax arsuwayiw ma ur noviembre phaxsit ajllisiwinakax parlamintariyas ukatakix apasiniw aka chika marana 2013. Aka arsuwx Emir ukax yatiyawayiw catarí Shaikh Hamadbin Khalifa Al Thani wali sumampi markachirinakan katuqapxatapa khitinakatix suyapkan Qatar ukan yanapawipa kunatix árabes ukan nayrar sartapxañapataki tukuy cataríes uka jaqinakataki. Catarí Nawaf Al Thani arsuwayiwa:

@NawafAlthani: Elecciones libres, apoyo a las libertades en todo el mundo, una economía sólida… Que sepan que la era de la PaxQatara ha comenzado. #Qatar

:Suma axllisiwi, yanapa taqi kunataki q’alpach markanakan, qullqiutxawi. Yatipan Qatar ukan sartawipxa. Akamayni editor pulitik yaqhawxtuqitxa jiwasar amstasiystuw:

@blakehounshell: Lo interesante sobre las elecciones anunciadas en Qatar es que ha habido muy poca presión popular para ello.

: Wali musparañax aka axllisiwtuqit yatiyat khaysa Qatar ukanx juk’akiw ch’amañchawix utjawayi ukatakix Piriyudista catarí Abdulla Al Amadi uka jaqix ñayaw qalltaway kunanakanis lurawinakax ukhatxa:

:nayra ajllisiwinakax apasiwayaniw Qatar uka tuqina 2013 uka marana. Utjaskiw pachax sum askichasiñataki. Nayrir jach’a qalltawisax turkakipañ cultura ukaniw aka jiwasan markasatxa ukhamaraki aka ajllisiwinakatsa.

:.amuyasax aka yanapawix nayrat sartañatakix kusa

Gobiernun amuyupanxa kunatix jaqinakar amuyayapki kunjamanis jutir maranakaxa

Mortadha Abdulla jaqix yapxatiw akhamsasa[ar]:

اكتشفتانالقطريينطماعين..ماشكرواأميرهمالاعلىاعلانهعنانتخاباتتشريعيةمايشوفونا (السعوديين) نشكرملكناعلى… ولاشي ‎#Saudi‏ ‎#Qatar

: amuyastwa cataries ukanakax wali mayjanakawa. Jupanakax Emir ukarukiw chuspajarapxi kunawsatix ajllisiwinakat yatiyapkan ukhax. Janiw sauditas ukanakarux uñjapkituti. Nanakax yuspajaraptwa jilirisaru jan kun churatata .

Periodista Tom Gara uka jaqix akham sawkasiraki:

@tomgara: Qatar es tan rico que en sus elecciones parlamentarias del 2013 también serán elegidos los parlamentos de Grecia, Francia, Libia y 19 estados de US.

: Qatar ukajaqix wali qullqiniw kunatix aka ajllisiwinx 2013 utjki ukanx ukhamarakiw ajllitapxani parlamentariyus khaysa Grecia, Francia, Libia ukhamaraki, 19 estados US ukankirinakatxa.

Ukhamarakiw Mona Kareem, uka warmix sawkasiñxam munawayatana:

@monakareem: ¡Las elecciones de #Qatar para el 2013 deben ser una conspiración iraní para avergonzar a las autoridades#saudís!

: Ajllisiwinakax Qatar ukatakix aka 2013 maranx irani ukanakar jilir saudis irpirinakaru k'umi.

Añchhasti, Qatar jaqinxutjiw mä Comité consultivo [en]kimsa tunka irnaqirimp akax Emir uka jaqimp ajllitanak kunatixjupaxapnaqki poder legislativo ukamarkatxa.","Qatar uka jaqix yatiyawayiw nayrir uru lapaka phaxsit ajllisiwinak apasiñapataki, 2013 chika marana. Emir ukax yatiyawayiw catarí Shaikh Hamadbin Khalifa Al Thani wali sum markachirinakamp katuqapxa, khitinakatix suyapkan Qatar tatar yanapawipa árabes ukan nayrar sartapxañapataki.",aym,globalvoices,Global Voices,fake news,83afce93-71c5-4d7b-b43f-307c5b7ab34b,article,MassiveSum
https://aym.globalvoices.org/2013/12/6279,,Iran-an Chat ukax jan wali aruti. WeChat Ukax Jark’antatawa · Global Voices Aymarata,,"República Islámica-n Internet churirinakax WeChat uk jark'antawayapxi sasaw blog-anakampin sityunakampin yatiyäwinakax qhananchi. WeChat ukax Redes Sociales ukaruw teléfonos inteligentes apnaqirinakarux mantayi. Ukch'añkamax mayni Irán jilïr irpirin mä pä ministrunakapax yaqha arkirinakamp aruskipañatakiw may may Redes Sociales ukanak apnaqapxaraki, iran-inkir markachirinakax Facebook-ar mantañat tuwatapxiwa.

Iran-n Vatan Dust-ax yatiyäwit akjam arsüna:

Ukjarux jila kullakanakan lup'ïwinakap jamasat apaqañ yant'apxani.

Janiw WeChat uk apnaqasitapata, jan ukax janis ukax wakiskirikiti. Jamasat lup'ïwinak apaqapxi ukaw jan akch'as walikiti.

Iraninkir blog apnaqir Gilboygreen-ax akjamarak qilqt'i:

Kunats República Islámica-x WeChat ukar jan wal lurpacha. Jupanakax jaqich arskan sasaw llakisipxi. Jichhürux [mä aplikasyun] jichh apaqapxpacha. Kunats jan jila kullakanakan aruskipañanakap munapkpacha. Jilïr irpirinakax akatuqit qhananchapxañapawa. Canal de televisión ukas aruskipañatakix jark'atawa, ukat kunjams jaqix jan walinakap askichapxaspa… Jan “chat” uka arur asxaramti. Chat ukax taqin uñt'atawa.

Yaqha blog apnaqir 1ironi-x qilqt'arakikiwa:

kamachirjamax niya taqi manq'aw jark'ata… Waljaw akjamanakax utji, sañäni, manq'añ tumatinaka ukat tiliwisyun uñch'ukiña [ukanakax jan waljam uñt'atapxiwa]. Walja diputado-nakaw WeChat uk tuwxatañatak mayachasisipkaki, ukampins Psiphon [software elusión] ukatuqix apnaqaskaksnawa.

Iran-inkir chachax machaq jilïr irpiriruw sawkasisjam amparamp luqch'uki:","WeChat ukax Redes Sociales ukaruw teléfonos inteligentes apnaqirinakarux mantayi. Ukch'añkamax mayni Irán jilïr irpirin mä pä ministrunakapax yaqha arkirinakamp aruskipañatakiw may may Redes Sociales ukanak apnaqapxaraki, iran-inkir markachirinakax Facebook-ar  mantañat tuwatapxiwa.",aym,globalvoices,Global Voices,fake news,55954a8c-2469-4ddc-b00f-712a333f393c,article,MassiveSum
https://aym.globalvoices.org/2017/08/8909,,"Puerto Rico, Washington markamp jan walt’äwinkatapxat amuykipäwi",,"Puerto Rico markanx yatiyäw yatirinakax fiscales qullqituqit jan waltäwix utjk ukatkamak arusipxi, medios sociales uksan p’iqinchaw yatiyäwinakax p’iqi usuwa. Aka pachanakanjamx sátira ukax yatiyäwinakan sumpachañapatakix uñjaspawa. The Juice Media, Facebook pajinanw sátira ukan wakt’ayasi, mä video ukwa Puerto Rico markan jan walt’äwinak utjk ukxat juk’a arunakan uñt’ayi: colonialismo estadounidense ukhamawa.

Facebook uksan jach’a uñtäwi, uñstayirinakax wali kusisitaw video ukxa wasitamp uñtapxi, ukax Hawai video ukar uñtasitawa “Anuncio de un gobierno honesto” jall ukham qillqt’atawa.

Estados Unidos markankir jilïr irpirix Puerto Rico markarux aynacht’ayiwa bombardeo ing practice ukham luri walja maraw jan walt’aykiti puertorriqueñas jupanakax jan yatiñani ukhamaw XX ukhat jikxatasipxi.

Fortunately, however, few know about the real Puerto Rico, a Territory of the United States since 1898 when we seized it from the Spanish […] who in turn stole it from the Taino […] Which makes Puerto Ricans US citizens—well second-class citizens… [because] despite fighting in every one of our wars they still can’t vote for President and have no representation in Congress. In other words, US citizens who have f*-all say in the laws the US Government makes for them…

Ukampinsa, Puerto Rico markarux juk’akiw uñtt’i, Estados Unidos markan 1898 maratpacha kunapachatï españoles […] jupanakax latinos jupanakar lunthatapkan ukhatpacha[…].Kuntï puertorrioqueños markachirinakax lurapki—segunda clase markachirjam uñt’ata… [kunata] ch’axwawinakan ch’axwkasas janiw jilïr irpiritak chhijllañ atipkiti ukakipkarakiw Congreso uksar maynin sarapatakis utjkiti. Maysatx estadounidense markachirinakax jan wal uñt’atawa **Jilïr irpirix estadounidense uksan jupanakatakikiw lurapxi…

Akanw video ukanw phuqhat uñjasi:",Jilïr irpirin yatiyäwipanxa'  Juice Media ukax mä jiskt’a jiskt’i: Wakt’ayatatat aka taqpach qhana arst’äwitakixa?,aym,globalvoices,Global Voices,fake news,53635854-364c-4146-8743-32eb67c3753c,article,MassiveSum
https://aym.globalvoices.org/2017/10/8949,,Mä phaxsin pä uraq khathataw utjatapax México markarux aynacht’ayawayiwa,,"México markan irnaqirinakapax irnaqasipkiwa. Qillqirin jamuqapa.

México markax sata qallta phaxsin 2017 maranx pä uraq khathatäwimpix aynacht’ataw uñjasi. Nayrïri ukax 8.2 (grados en la escala de Richer) ukha ch’amanïnwa 7 uru sata qallta phaxsit utjawayi, walja jiwataw utjawayi juk’ampins Oaxaca ukat Chiapas. Päyirinsti Päyirinsti wasürukiw utjawayi ukanx walja yänakaw utjawayi, jiwatanakax jan jakt’kayawa.

Oaxaca markanwa, Global Voices ukax Sergio jilar jiskt’awayi, jupax mä usuchjatanak apthapiñ utan p’iqinchiriwa, jupax arxayt’awayiwa:

Janiw Juchitán ukakam puriñjamakiti. Ukampirus yaqha markanakan markachirinakapax thithitapxiw kunalaykutï jilïr irpirinakax janiw kuna yanaps puriyapkataynati, ukatx q’ipinak apxatat k’añaskunakaruw jalxatasin aparapxi. Akan nänakax yanapanak apthapisipktwa ukaw lakirañatak puriyatäni, janiw jilïr irpirinakjam yanapanakax imantatakaniti nï lunthatasitakanisa .

Sergio jilax centro de acopio Oaxaca uksan irpiripawa. Qillqirin jamuqapa.

México –capital uksanx– 19 uru sata qallta phaxsitx jan armkay urupuniniwa. 32 maraw makiptxatayna, paypach uraq khathatiw aynacht’ayawayi markachirinakaw jiwat 12 waranqat jila aynacht’ata. 19 uru sata qallta phaxsin 2017 maran wasitamp uraqix khathattawayaraki, kunapachatï mä macrosimulacro lurasipkäna, sapa marapuniw ukax amtasita. Global Voices ukax mayni irnaqiriruw jiskt’awayi jupax Guillermo sutin uñt’atawa:

Perisur (centro comercial en el sur de la capital) ukaruw yänak alañatak jutatayna. Pallapallanakax janiw mistupkasmat sasinw sapxitu, ukampirus kunapachatï juk’ampix ukhax jupanakampachaw jaltawayxapxi. Walja mamanakaw jisk’a wawanakamp ñakay ñak anqar mistupxäna. Wali mulljaskayanwa nayax jiwxaw sayatwa kunapachatï uta pirqanakax allirtanki.

México markan kallinakapanx irnaqirinakaw pichthapisipki. Pallapallanakax maysar maysaruw sarapxi, México markanx juk’amp jak’at uñch’ukiñatakiw phuqhasi.

México markan Ejército ukat Marina uksankirinakax jank’akiw qhisphiyañatak yanpt’asipxi. Qillqirin jamuqapa.

Global Voices ukax Colonia Narvarte (región central de la capital) uksan jikxatasirkïnwa, Morena ukat Nicolás San Juan uka kallinakan sinti jan walt’ayataw uñjasi. Uksanx Margarita, jupampiw aruskipt’apxta akham arst’i:

Wali llakiwa, walja jaqiw utanakap jan uñjasxapxiti, ukampirus uka jach’a uta uñjapxama, uka jach’a utatx waljaniw jalsuwayxapxi ukampirus janiw ka manqhan allxatatanakax utjiti. Aka jak’anx centros de acopio ukat brigadas ukanakaw utji. Ukampirus yaqhipanakax janiw jaltawayañ atipkiti, waljaniw aynacht’atapxi ukwa yatiyaw yatiyirinakax yatiyapxañapa ukhamarak jamuqanak uñt’ayapxañapa.

Colonia Narvarte, México markan jach’a utax 19 uru sata qallta phaxsit saraqkipan 2017 maran uraq khathat utjatapatx aynacht’ataw uñjasi. Qillqirin jamuqapa.

Uraq khathattäwix 13.14 pacharuw utjawayi, uka pachax walja jaqinakaw irnaqäwinkasipkäna. Jaqinakax utar jank’ak puri sasinx irnaqawinakatx kallirux jank’apuniw mistsupxäna, sarnaqañawjanakas janiw sartañjamakänti, jawsañanakas khuchhuqatanwa.

Mexicano markachirinakax 19 uru sata qallta phaxsin 2017 maran uraq khathatawipampix wali mulljatapxänwa. Jamuqa, Raúl Morales jupaw iyawst’äwimp apkatata .

Instituto Mexicano del Seguro Social qullayasiñ utanx jank’akiw usutanakar qullañatak phuqhapxäna.

Instituto Mexicano del Seguro Social uksanx usuchjat markachirinakar katuqañatakix jank’akiw wakt’ayasipxäna. Qillqirin jamuqapa","Oaxaca ukat México markan 2017 maran sata qallta phaxsin markachirinakax uraq khathattaw uñjapxi.

.",aym,globalvoices,Global Voices,fake news,de3e0e7a-7194-4d84-b1b4-895e9b191494,article,MassiveSum
https://aym.globalvoices.org/2011/02/1048,,Sudán: Africa Tuqinxa Sudán del Sur Markaxa mä Machaq Markaruw Tukuwayi,,"Qhanpachanxa, Sudán del Sur markaxa mä machaq markaruw Africa tuqina tukuwayi [eng], kunawsatix sudanankirinaxa mä voto jaquntawi tuqiw ch’amacht’awayapxi. Markaru jiskt’awixa [eng] pasiri lunes uruwa uñicht’ayawayi 98.83ni% ukhaniwa jaqunt’awapxi alaya tuqit t'aqaqtaniñataki.

Aka Sudán del Sur tuqinwa jan uñisisiña arxatirina pä wawapawa -Gordon Muortat, Mayen Mabor- jupanakawa jamuqata imata uñicht’ayasipki, janira voto jaquntkasina aka Sudan del Sur t’axtañataki aka Londres uka markana-UK. Jamuqata imata. P Nutt, copyright © Demotix (09/01/2010).

Pascal Ladu jupa jilawa mä podcast tuqi [eng] uñicht’ayiwayi,. Taqi kuna lurawinakatix pasawayki uka tuqita. Aka Juba markatpachaw kunamtix aka voto jaquntawi urux pasawayki ukanak tuqitwa uñichtayani.

walipuniwa Sudanankirinakaxa aka Mausoleo doctor John Garang Juba marakana uruyt’añatak aka nayriri yatiyawinak tantacht’asipxatayna. Ukjamatwa domingo urux phunchhawinakampi, jaylliwinakampi, thuqt’awinakampi, tambor liq’iwinakampi uruyt’apxatayna. Ukjamaraki aka jiskt’awi tama sartayirinakaruxa, presidente vicepresidente, jupanakarusa wal t’axllirt'asaw katuqt'apxatayna.

As'ad Estados Unidos markax wali jiskhikipt’atawa pä kasta amuyupata, jikxatasi. [eng]:

uñakipt’añani kunjamsa Estados Unidos Mark apnaqirinakaxa ratuki uñkattawayi iyaw sasina Sudan markaru t’aqaqtañapatakixa. Ukjamakasinsti Palestina markaxa jan wali uñxatawa uñjasi jupanakpachpampi.

Law Hawk jupaxa siwa, Sudan del Sur markaxa kulinta markanakan yanapt’awipx munakipuniniwa. [eng]:

Kunalaykutixa aka ch'iyara khusu umaxa (petroleo) Sudan del Norte marka tuqi apasiñapawa ukjamata qullqi markan utjañapatakixa, ukjamrak marka nayraru sarantayañatakixa.

¿kunjamatsa qullqi uchirinakarux [eng] aka Sudan del sur markaru apanipxani?:

Sudan markanxa utjiwa walja mark apnaqirinaka. Kunjamsay sapxpan, jan ukasti kunjamsa nayraru sartsna uka lup’ipxaspan nayraqatpachxa ukaw wakisi.. ¡Lurawinakat sipanxa!… jan mayn uñtas lup’iwinakampixa, ¡¡kuna lurawirusa sapxaspawa akax sumarakisä sasina… Janiw kjiti marka apnaqirirusa jiskhintañ akampix munatakiti, jan ukasti aka Sindrome de Bell ukaxa siwa, 2% (payakiw patakatxa) kunapasaya takpachwa uñjata… taqi lurawinakwa yatiñasa, kuntix munktan ukanaka wali suma lurañataki… Mä wali yatiñan Jaqirutix churasmaxa “darfurés” ukjamaruxa…. Ukjaw kuntix lurkaspax ukanaka uñxsnaxa… 80% (80 sapa patakatxa) ukjaniwa jan ullt’asiri qillqt’asiripkiti, 0.5% tukuyatanakaxa, 0% uta, thakhi luratanakaxa, 50% jan wali mark apnaqirinaka ukjamaraki 99% jaljañ amuyuninakaw utji… akan akax janiw mä kasta lurawikiti IFD janirakiw mä amtawikisa aka PPP jan ukasti mä yatiyawiwa ONU taki/mark apnaqaña yatipki ukanakataki…

Jupanakpachp mark apnaqañatakixa wal amuyapxañanakapawa (kunjamtix Singapur jaqixa lurkana ukjama), irnaqawinaka uñsatayañataki (Balcaninaka), Mark apnaqawi utxañapataki (nas Sudáfrica markxama); amuyatatxa janjamakiw qullqi uskt’irinakaxa utjkasmachaniti…! wali jupanakatak munir jaqinakachixaya…

Kizzie jupäxa wali celosuwa Sudan del sur jaqinakatxa [eng]:

Mä masixaxa nayax mä juki’ta phiñasitatwa sasaw si. Kunalaykutixa jupanakaxa voto jaqunt’añatakixa churatanwa. Jisa, Nayax jistwa… wali mayxt’atatwa akjam uñjasisa.

Sudanese Optimist jupax Sudán del Sur marka utt'asipanxa kusisitawa, ukampirus… [eng]:

kunalaytix Sudan del Sur markawa atipt’awayi t'aqaqtañataki uñisirinakapata, ukatwa wali kusisitata, maysat sipanxa llakitarakitwa Sudan sarawinakas chhaqayasxatatwa. Aka luqhi kasta mark apnaqawinak tuqix San Frasisku Diosan achiqt’atapawa wal lup’iyitu. Mark apnaqañ yatiyawinakax ch’axwawinakat yatiyaskana, kunawsatix ist'kta ukjaxa, jichhaw jaqinakarus parlkaspan ukjamaxa, janiw politicatakikikiti. Ukawa wali aski nä pachpataki.

Lodiong Morris [eng] Alayampi (Norte) Aynachampixa (Sur) kunxam apasiñasasa markapur ukja askicht’apxataynawa, sasaw yatiyaniwayi:

Ministro semi-autonómompi ukjamaraki Gobierno Nacionalampixa akjam sasin aruskipawayapxatayna:Ukjamatix Aynachankir (Sur) sudanunakax Alayankañ (Norte) munapchixa, makhatanisipkaspawa ukapachparak Alayankirinakasa saraqasipkarakispawa. Taqi jupanakaruxa ciudadania ukjamx churataniwa, sasaw amtawayapxatayna.

khampachanxa, Sudán del Sur markaxa","Qhanpachanxa, Sudán del Sur markaxa  mä machaq markaruw Africa tuqina tukuwayi  [eng], kunawsatix sudanankirinaxa mä voto jaquntawi tuqiw ch’amacht’awayapxi.  Markaru jiskt’awixa  [eng] pasiri lunes uruwa uñicht’ayawayi 98.83ni% ukhaniwa jaqunt’awapxi  alaya tuqit t'aqaqtaniñataki.",aym,globalvoices,Global Voices,fake news,2a95bf57-3a8e-4ad0-aacf-eef4c95c1009,article,MassiveSum
https://aym.globalvoices.org/2015/08/7482,,La Pública-mp Global Voices América Latina-mpix mayacht’asisaw saranti · Global Voices Aymarata,,"La Pública-mp Global Voices-mpix mayacht'asisaw redes sociales uksan yatiyäwinak uñt'ayasipki.

Global Voices América Latina-mp La Pública-mpix kipka pajinanakapan yatiyäwinak uñt'ayañatakiw mayacht'asiwayapxi. Yaqhip yatiyaw qillqatanakax niyaw uñt'ayasxi, ukanakax aknirinakawa: Ampar luk'an sillunak saminchaña, Bolivia markanx walja tawaqunakaw uka ampar sillunak saminchäwin irnaqapxi

Imill wawanakamp princesa uñt'atanakampi, dictadura rosada ukax jakt'at urunakanikiwa

La Pública ukax mä amtawa, ukax redes sociales uksan yatiyäwinak qillqas uñt'ayi, Bolivia markatpachaw periodismo digital ukat activismo ukanak sarantayaski.

Marakar arunakap uñt'ayaña ukaw amtapaxa, Global Voices Online ukamp mayacht'asiwipan amtapax purapat medios ciudadanos ukat redes sociales uksan uka yatiyaw qillqatanak uñt'añatakiwa.

La Publica ukan irnaqäwipax Fundación Hivos, ukan yanpat'atawa, uka yanapt'äwimpix janiw yaqhatuqinakarux kuna yanpt'äwinaks thaqkiti.

“Porque entendemos que la información es un bien público, nuestros contenidos son de libre uso y reproducción.”

“Uka yatiyäwinakax taqinitakiwa, nänakan yatiyäwinakajax ukakipkarakiw taqinitaki; ukampirus wasitampis uka yatiyäwinakax uñt'ayatarakispawa”

La Públicasti aski jutäwiw Global Voices América Latina ukatakixa!","Global Voices América Latina-mp La Pública-mpix kipka pajinanakapan yatiyäwinak uñt'ayañatakiw mayacht'asiwayapxi. Yaqhip yatiyaw qillqatanakax niyaw uñt'ayasxi, ukanakax aknirinakawa: Ampar luk'an sillunak saminchaña, Bolivia markanx walja tawaqunakaw uka ampar sillunak saminchäwin irnaqapxi Imill wawanakamp princesa uñt'atanakampi, dictadura rosada ukax jakt'at urunakanikiwa La Pública ukax mä amtawa, ukax redes sociales uksan yatiyäwinak qillqas...",aym,globalvoices,Global Voices,fake news,85dd0b3e-df89-4f6e-9382-3f1a8ec7e7cf,article,MassiveSum
https://aym.globalvoices.org/2016/12/8532,,Bolivia markanx activistas digitales uñt’at jila kullakanakaw diversidad lingüística online uka uñacht’ayañatäk tantacht’asiwapxi,,"Cochabamba, Bolivia markan yaticht’äwin chikancht’asir jila kullakanakan jamuqapawa .

Markan Constituciónaparjamax Bolivia markan 37-ni aruw oficiales ukham uñt’atäxi. Ukampirusa, may may arunakax sapurunjamaw ist’asi, Internet uksanx janiw uñjaskiti, español arukiw nayrankaski. Kawkiritï jilpach arst’asirin arunakak ukanakax Internet uksanx mä qalltawx utjayawayiwa, uka arunakax aknïrinakawa, aymara ukat qhichwa. Jilpachax 34-ni aruw Internet uksan kipka arst’asirinakan qillqatanakapax jan utjkiti. Cochabamba markanx Pä uru yatichäwiw utjawayi , 28-ni ukat 29-ni willka kuti phaxsin 2016 maran apasi. Tantachäwix Global Voices uksat wakicht’atawa, Rising Voices qalltäwipampi, activistas digitales Gladys Camacho ukat Juan Carlos Romero, Jaqi Aru ukat Voces Indígenas Urbanas tamanakas ch’amancht’awapxi.

Centro Pedagógico ukat Cultural Simón I. Patiño uksanw jikthaptawayapxi. Aka yatichäwix yaqha tama yatichäwinwa, nayra yaqha ayatichäwinakax, México, Colombia ukat Perú markanakan apasïna.

Chikancht’asipxañapatakix mä yatiyaw uksaw jawillt’ata khitinakatï Internet indígenas ukham sarantayapk tayka arunakap jach’anchayasin taqi jupanakatakinwa. Chikancht’asirinakax kawkïr arurus jach’anchayapxi ukat yatiqatanakap markanakapar uñt’ayapxañapatak iyawsawinipchi taqi ukanak uñjt’asaw chhijllt’awayata.

Niya 50 chikancht’asiriw qatuqatäna, suyt’atarjamaxa, qhichwa ukat aymara arunakatw waljan yatichäwin chikancht’asiwayapxi. Ukampirus Junt’u Bolivia markatx Guaraní, Chácobo, Bésiro, Mojeño Trinitario ukat Yurakaré markanakatw chikancht’asirinakax purt’aniwayapxi. Taqpachanitx 25-ni chikancht’asiriw yatichäwin tayka arunakapar Internet uksan jach’anchayapk ukat luräwinakap yatxatäwinakap uñacht’ayapxañapatak ukakipkarak yaqha bolivianos jupanakamp chikancht’asipxañapatak ukat machaq digitales luräwinak uñstayañatak jawillt’atapxäna. Arunakax janiw qurpanïkiti, ukhamipanstï, Bolivia markan yaqhip arunakapax anqax jak’a markanakan arst’atarakiwa. Resistencia, Argentina uksatx mä tama activistas jupanakaw chikancht’asiwin chikancht’asiñatak mayt’awayapxi, jupanakax Qom aru arst’asipxi (Bolivia markanx Toba ukham uñt’atarakiwa)

Tantachäwin amtäwipax activista jila kullakanakan yatiwinakap uñt’ayapxañapatak pacha churañawa. Uka arunakax mä pachaw churasi chikancht’asirinakan (retos lingüísticos y técnicos del uso de idiomas en la web) sutinchatxat aruskipt’apxañapataki.

Wakichäwinakax jilpachax luräwinakap uñicht’äwinwa. Jisnawa, Elias Ajata jilax mä blogger El Alto markata, YouTube, SoundCloud ukat yaqhanakamp plataformas sociales uksan luräwinak uñstayatäna . Uñicht’ayawipanx walja jamuqanak ukat yaqha luräwinak uñstayatayatanak uñt’ayäna, Aymar Yatiqaña, ukax Facebook taman uñt’ayatänwa ukanx 8,000 jilaw chikanchasirinakapaxa. Yaqhax mä vídeo, ukaw referéndum constitucional 2016 ukatak uñstyatäna, kawkhantï chimpuntirinakax Jilïr irpiri Sullka irpirix kimsïr kutin candidatura ukham sarañapatak Jisa, Janiwa sapkän ukaw uñt’ayasïna. Video ukatakix marionetas ukaw apnaqasïna, aymarat arst’asisa khitinakatï iyawapkan janiwapkan ukanak uñt’ayasa VIDEO

Yaqha activista El Alto markata, Josue Qhispi jilax aymara aru yatiqañatakiw yatichäwinak sitio Wix Aymaryaya sutin uñst’ayatäna, ukakipkarakiw jupan Facebook tamapan uñt’ayi.

Jaqukipäwimp yanapt’asiri, Victoria Tinta ukat Gloria Chambi jupanakax kunjamatas editoras ukat traductoras ukham proyecto de Global Voices Aymarata uksan chikanchasipxi ukanak uñt’ayapxäna, uka proyectox yatiyäwinak español arut aymara arur jaqukipas uñt’ayi. Aka luräwinx mä proyecto piloto ukas luratarakïnwa, ukanx jaqukipäwinakatw waruqäwinakax lurasïna ukax Internet uksankarakiwa, ukakipkarakiw uka waruqäwinakx radio uksanakan ist’ayapxañapatak iyawsatäna, jisnawa Radio San Gabriel, ukampirus uka proyecto piloto uksans chikacht’asiwayarakiwa.

Cochabamba markax qhichwa marka ukham uñt’atarakiwa. San Simón Jach’a yatiqañ utax (UMSS) aru ch’amanchañatakix plataformas digitales ukanak sarantayawayi, sisnawa plataforma multimedia de podcast en quechua, ukax UMSS uksan uñstayatawa, Lingüística Aplicada para la Enseñanza del Idioma satarakiwa. Ukampirus pani yatichaw wakicht’irinakax Gladys Camacho ukat Juan Carlos Romero pani yatichaw wakicht’irinakax (Departamento de Lingüística de la universidad) uksan wali mayacht’atapxänwa ukatx qhichwa yatichirjamas yanapt’asipxarakïnwa. Panpachaniw may may plataformas digitales uka luräwinakapxat uñt’ayapxäna. Camacho kullakax Nueva York Jach’a yatiqañ utan yatiqäwipamp sarantawayi , jupax proyecto de Rimasun audio podcast. ukan ch’amancht’awayi . Yatichaw irnaqäwipanx Romero jilax vídeo waruqatayna, qhichwa aruna, jupax mä consultorio dental uksan waruqt’atayna.

Santa Cruz markan ayllupana, proyecto Voces Indígenas Urbanas ukax luräwinakap uñt’ayawayarakiwa, Santa Cruz markan indígenas jakasirinakan arunakap ist’ayañ uñtayañ amtaniwa. Mä arux kunats jach’anchayañ aski ukxatawjilapachax arusita: mayn mayn chikanchasirinakaw tayka arup redes sociales uksatuq nayrar jach’anchayapxi.

Boliviano yatichäwix akjam yatichäwinak mayiwx utjayaskakiwa, Internet apnaqirinak waythapiñataki, arunakap ( herramientas digitales) ukamp jach’anchayañataki. Yatiwinakapax yaqhanakarus niya jak’achasiwa.",Bolivia markanx 37-ni aruw (idiomas oficiales) ukjam uñt’at  may may saräwinakap  arunakap uñt’ayi. Ukampirus aka may may saräwinakas arunakas Internet uksan janiw uñjaskiti.,aym,globalvoices,Global Voices,fake news,72b4f6fd-d856-4ec4-b955-c4411d4d6dd0,article,MassiveSum
https://aym.globalvoices.org/2011/01/873,,Amtäwinakax Jan Walt’ayatawa · Global Voices Aymarata,,"Machaq mar qalltäwinx, blogger jamaiquino Ruthibelle jilax amuyt'iwa [en] janiw jaqix jakaspati kunjamti munk jall ukjamaruxa,jan ukasti munkir jan munkir jaysayatjamapxchijaya jutïr jan walt'awinakampixa”.","Machaq mar qalltäwinx, blogger jamaiquino Ruthibelle jilax amuyt'iwa [en] janiw jaqix jakaspati kunjamti munk jall ukjamaruxa,jan ukasti munkir jan munkir jaysayatjamapxchijaya jutïr jan walt'awinakampixa”.",aym,globalvoices,Global Voices,fake news,0ec479bc-3a18-4aae-b17c-ce8b79054631,article,MassiveSum
https://aym.globalvoices.org/2011/10/2843,,Arabenkir Bloggerunakax Túnez markan tantacht’asipxi,,"Phaxsuru 3 uru taypisata phaxsinx Túnez markanx Kimsir jikthapataw Arabes Bloggerunakat utjawayi [en], mä uru aruskipawina. Tantachawix Global Voices, Nawaat ukatx Fundación Heinrich Böll ukanakan ch’amancht’atawa [en] ukarux 100 bloggeruw chikancht’asiwapxi, taqpach árabes markata. Askinjamaw blog tuqin uñt’aysina, ukatx janiw Bloggers Árabes ukanakikiti, jan ukasti walja chikañt’asirinakans uñicht’ayatarakiwa.

Acá [en] ukans uñt’ayatarakiwa, arskipawi ukanx kunats armasipt uka arjayt’apxita.

Al Jazeera ukanx tantachawxtax mä yatiyaw arst’i: “Arabes bloggerunakax sapxiwa, Primavera Árabe ukax mä global ukhamaw tukxi sasina” [en]. Ingles arut qilqt’atanx Jillian York Día 1, Parte 1 [en] ukatx panel especial que incluyó a bloggers tunecinos satak ukanakax uñt’ayapxiwa [en]. Nayrir yatiyawix Agencia Tunecina de Internet irpiriruw puri, kawkhanti Túnez ukax software ukax akatjamat uñt’awayi ukax uñt’ayaski uka [en].

Mohamed ElGohary, co-editor de Lingua en árabe. Mohamed Alâa Guedich ukan jamuq waraqt’ata (iyawsawimp uñt’ayata)

Uka jikthaptawix jisk’a jikthaptawinakaruw arkti, jutiri kimsa urunwa apasini. Chikancht’asirinakax kunayman arunakana, kunayman t’aqanakatx tuytiyasipkakiwa

, ukatx blog ukax jichhakipstayawinakatx uñt’ayaskakiniwa. Suyt’apxakima.

Walja blugerunakaw Payir Bloggers Árabes tantachawix [en], Beirut markan 2009n marana apasi, ukax askinjamaw sasin sapxi.","Phaxsüru 3 uru taypisata phaxsin Túnez markan kimsïr jikthaptawiw Arabes Bloggerunakatak qalltasiwayi, uka aruskipawix  mä urukinwa. Uka tantachäwix Global Voices, Nawaat ukatx Fundación Heinrich Böll ukanakan ch’amancht’atanwa,  ukatx 100 bloggeruw chikancht’asipxäna, árabes markpachata.",aym,globalvoices,Global Voices,fake news,5da55bc8-9a03-4d32-8e80-d8b1dbe488c6,article,MassiveSum
https://aym.globalvoices.org/2015/01/6998,,Filipinas uksanx aljasirinakaw ananukut uñjasipxi ‘Misericordia ukat Compasión’ Papan janïr purki ukhatpacha,,"Aljasirinakax Iglesia Católica uksaruw mayipxi jan parque luneta uksat ananukut uñjasipxañapataki. Aka jamuqax Kathy Yamzon Facebookapat apaqatawa.

Filipinas- Manila uksaruw Papa Franciscox purini ukatx parque Luneta uksan aljasirinakax ananukut Papan janir purkipan uñjasipxi. Kunalaykuti Luneta uksanx Papax mä misa churani.

Iglesia Católica uksan jilïr irpirix 15 urut 19 urukamaw aka chinuqa phaxsit Filipinas uksan jikxatasini. Manila markax Filipinas uksan kapitalapawa, Papan purt'atapax anchakiti markachirinakar p'arxtayawaykaspa. Luneta uksanx 350 aljasiriw utjapxi, waljaniw uksan tunka mara jila aljasxapxi. Jilpach jan qhathuninakax manq'a ukat umañanaka ukham aljasipxi.

Chinuqa phaxsi qalltkasinx aljasirinakarux ukha chiqat jitxapxañapaw mayitäna, kunalakuti Papar katuqañatakiw wakiyaña. Comité de Desarrollo de Parques Nacionales uksankirinakax yat'ayxapxiwa.

Kawknirinakati jan qhathunipk uka aljasirinakax, qhurut arsusipxi, janiw nanakax Papar yanqhachiripkti sasina:

We love the Pope. We will not harm him. We are not terrorists.

Paparux munasiptwa. Janiw yanqhachapkati. Janiw terroristas ukhamapkti sasina arsupxana.

Aljasirinakax Comité de Desarrollo de Parques Nacionales uka uñkatasinw qhurut arsusipxi. Aka jamuqax Kathy Yamzon jupan Facebookapat apaqatawa.

Gerry Serue, Kilusan Para Sa Disenteng Kabuhayan uksan arst'iripawa ukatx jilïr irpirinakaruw k'umiwayi papan puriniñapatak aljasirinakr jittayatapata:

Pope Francis is known for his affinity with the masses and his being critical on issues of dignity and rights of the underprivileged, but now they are using his name to remove us from the places of our livelihood.

Papa Franciscox derechos ukanakat arxati, ukat jichhax jupan sutip apnaqapxi, aljasirinakar aljasiwinakapat ananukusina.

“Misericordia ukat Compasión” ukax utjpan ukhan aljasirinakatkix sasinw arst'awayi:

We know that the Pope does not want this to happen. The theme of his visit is Mercy and Compassion, where is the mercy and compassion in what the local government officials are doing?

Yatitakiw Papax janiw akham utjañap munkiti. Jupan purt'aniwipax Misericordia ukat Compasión uka utjañap muni. Kawkhankis misericordia ukat compasión ukanakaxa?

Luneta uksan aljasirinakax kartilis ukanak apt'ataw mistupxi ukan akham qillqt'ataw uñjasi “Aljasirinakax Papatakix janiw yanqhachir chuymanipkiti”. Jamuqax Tanggol Kabuhayan jupan Facebookapat apaqatawa.

Yaqhip aljirinkax jiskt'asipxarakiwa, yaqha aljasiñ chiqawjanakan aljasipxarakiristi sasina. McDonald’s ukax yanpt'iri ukhamawa Exlegislador Teddy Casino manq'a aljañ McDonald’s kiyuskunkax parkin utjaskaniti sasin jiskt'asi:

Luneta uksan Papa Francisco misa churkani ukhax kallin aljasirinkarux jark'atarakiniwa, quioscos de McDonald's uksan aljasirinakapakit aljasini?

Aljasirinakax llakitapxiwa kunawsati Papax purinkani ukhax qullqqx chaqhantapxaw sasaw sapxi.

Iglesia Católica uksan irnaqirinakax aljasirinakan mayiwipatx amuyt'apxiwa ukatx uka markan jilïr irpirinakapampiw aruskipt'aña sasaw sapxi.","Luneta uka kallin aljasirinakan qhurut arsusiwip yatiyäwi: ""Paparux munasipxtwa. Janiw yanqhachapkati. Janiw terrorista ukhampkti"".",aym,globalvoices,Global Voices,fake news,a6551f1c-bfbd-4c29-b5bf-45abe19c45b6,article,MassiveSum
https://aym.globalvoices.org/2014/04/6496,,Valparaíso uksanx nina nakhäwix jiwatanak jan walt’äwinak utjäwayi · Global Voices Aymarata,,"Jichha yatiyawinaka: Diario El Mercurio ukax phaxsür 14 uru aka qasawi phaxsitx 15 jiwataw utji ukatx 11 waranqa jan walt'ayatanak ukatx 1,140 hectáreas ukch'a ninan nakhantataw 2,500 jila utanakaw nakhantat sasinw yatiyi, .

Mä jach'a nina nakhantäwix 12 kurmür uru aka qasawi phaxsitx 500 utaw khaysa chilena de Valparaíso uksanx ninan nakhantatatayna. Jilïr irpirinakax militares ukanakaw uksan yanapt'asiñapatak khitatni sasinw arst'awapxi.

14 Phaxsür urux 2.000 utaw ninamp nakhantataxatayna. 12 jaqiw jiwat utji kimsaqallqu waranqa residentew jan walt'ayat jikxatasipxi. 850 hectáreas ukhaw ninan nakhantat uñjasi.

Infografía publicada en el diario El Mercurio.

Valparaíso ukax sede de Congreso Nacional de Chile ukhamawa. 250,000 markachiriw uksan jakasipxi.

Blog Angélica Mora ukax kunjams uka nina nakhantäwix qalltawayi ukxat yatiyi :

El siniestro, que abarca ya unas 270 hectáreas, comenzó como un incendio forestal en el camino La Pólvora, pero el fuerte viento hizo que se propagase a las zonas pobladas de los cerros La Cruz, El Vergel, Las Cañas y Mariposas. […] Una enorme columna de humo, que está causando problemas respiratorios, especialmente a la población infantil y a los ancianos, se puede observar a decenas de kilómetros del lugar. En la extinción del incendio, que comenzó minutos después de las 16 del sábado y que fue creciendo a medida que avanzaba la tarde, trabajan unidades de bomberos de seis provincias, policías y equipos aéreos y terrestres de la Corporación Nacional Forestal y la Oficina Nacional de Emergencia. […] La mayoría de las viviendas de Valparaíso, donde viven unas 250.000 personas, están construidas con material ligero, fácilmente inflamable, lo que unido al viento hace que los incendios sean frecuentes, pero no se recuerda alguno de esta magnitud.

Uka nina nakhantäwix 270 ukha hectarias ukaruw jan walt'ayawayi, ukax La Polvora uka thakhinw qalltawayi ukat thaya thayipanx juk'ampiw La Cruz, El Vergel, Las Cañas ukat Mariposas uksanakar puriwayxi. […] Uka nina jiq'ix samanaruw jan walt'aykiti, sawar uruw ninax naktawayatayna ukatx juk'ampiw sarantaski, bomberos, palla pallanaka, equipos aereos ukanakaw uka nina jiwarayañatak irnaqasipki. […] Valparaiso uksan utanakax material ligero ukamp luratawa. […]

Foto de Flickr del usuario retoricaca. (CC BY-NC 2.0).

Blog 4320 mä yanap mayt'awitw qillqt'i:

Herramientas de mano. Guantes y bototos de seguridad. Cascos de seguridad. Chalecos refractantes de seguridad. Carretillas de mano. Planchas para auto construcción. Calaminas. Víveres no perecibles. Pañales para niños y adultos. Ropa de cama. Agua. Artículos de aseo. Ropa para niños (en buen estado). Utensilios para la casa. Artículos de colegio para niños y Otros elementos que ustedes estimen pertinentes.

Guantes, bototos, cascos, chalecosde seguridad ukat caretillas, planchas ukat calaminas, ukat waw isinaka ukat juk'ampinakampiw yanapt'anipxasma.

SItio web ARG Noticias ukax Michelle Bachelet jilïr irpirin arunakpw yatiyi:

La presidenta de Chile, Michelle Bachelet, catalogó la tragedia como “el peor incendio de la historia de Valparaíso” y no descarta que la cifra de víctimas fatales pueda aumentar con el paso de las horas. Asimismo, anunció la suspensión de su gira por Argentina que comenzaría mañana [martes 15 de abril] para poder reunirse con su Gobierno y definir una gestión “eficiente” en el Puerto. La mandataria encabezó ayer [domingo 13] un comité de emergencia en la ciudad portuaria y, por la tarde, visitó dos albergues habilitados en la Parroquia San Juan Bosco y en el colegio Gaspar Cabrales.

Michelle Bachelet jilïr irpirix ukax mä historia ukhamaniw sasinw arst'atayna, jupax yanap mayt'i.

Twitter uksanx kunayman amuyunakaw utji:

De otro lado, no faltaron noticias de otro calibre, también relacionadas con el incendio:","Valparaiso uksanx 12 kurmüru  uru aka qasawi phaxsit aka 2014 maratx  nina nakhantawiw utjawayi, 12  jaqiw jiwata, ukatx waranqa markachiriw jan waltayat jikxatasipxi.",aym,globalvoices,Global Voices,fake news,ab6890a8-ba62-4aad-b7a2-c514d75a0d35,article,MassiveSum
https://aym.globalvoices.org/2013/01/5315,,"Patagonia Argentina, chiqawjax blogueros ukhamarak turistas ukanakan wali uñt’atawa · Global Voices Aymarata",,"Aka jallu pachankasin aka 2013 marana, argentinunakax Patagonia Argentina uksaruw samart’añatak sarañ amtapxi. Periódico Perfil, Turismo uksanx may may uñt’at chiqanakan chaninikapawa uñt’ayasi.

Ukampirus Patagonia uksachiqarux khitinakati sarañ munapk ukanakax wisiklitats purt’apxarakispawa, kunjamati La Vida de Viaje ukan bloguerunakapax blogunakapan kuna aski yatiyäwinakas jan ukax jan aski yatiyäwinakas qillqt’apxi:

Después de pedalear unas cuántas horas para llegar a Tolhuin, paramos dos días en la casa de la familia Ullua quien nos contactó a través de Facebook para conocernos y para que tengamos un lugar donde parar al llegar. Descubrimos que este pueblo le da un valor especial al cicloturismo. Se organizan pedaleadas autoconvocadas llevadas a cabo por el movimiento Cicloturismo por la vida en memoria del Doctor René Favaloro. En la panadería La Unión, un clásico por sus paredes llenas de fotos de famosos que pasaron por ahí, hay un cuarto especial para que los biciviajeros puedan pasar la noche y un cuaderno donde todos dejan su huella (¡LVDV inauguró el tomo 2!).

Después de pedalear unas cuántas horas para llegar a Tolhuin ukachiqar puriñatak mä qawqha pachanak (horas) kayump mat’aqisaxa, Ullua wila masin (familia) uatapanw pä pacha samart’awapta, jupax Facebooktuqiw yat’ayanipxitu ukachiqar purt’añataki. La Unión ukan jikxatasi. strong>Cicloturismo ukaruw jach’anchayi, ukax Doctor René Favaloro ukat amtañataki.

Yaqhip argentinunkir bloguerunakaxa, kawkhar sarañs amtapxakiwa, Juan ukat Laura de Acróbatas del Camino uka jila kullakanakjama jupanakax janiw Patagonia ukachiqaruk sarapkti jan ukasti, uraqpacharuw sarpxi. Maynir posts qillqatapanx Puerto Madryn uksan sarnqäwipat qillqt’i ukhamarak Medio Ambiente ukat llakt’asiwipats qillqt’araki. península de Valdéz uksanx sapa maraw avistaje de ballenas australes costas patagónicas ukar puride:

Aún antes de ver la primera ballena, no podía alejar de mi conciencia dos pensamientos. Primero, que mientras que el humano considera a los cetáceos criaturas inteligentes, mamíferos sensibles dotados de un lenguaje indescifrable, las ballenas deben considerar al bípedo un ser chismoso, un merodeador entrometido, un paparazzi de la escala zoológica. El ser humano anda como voyeur festejando especies a cuyo acorralamiento suscribe con el resto de sus hábitos sociales. Hay verdades incómodas, pero cargar el tanque del auto es fomentar el calentamiento global que disminuye la concentración del krill del que se alimentan las ballenas.

Janïr nayrïr ballenar uñjkasaxa, pä amuyuw utjitäna. Nayrïrix jaqinakax cetáceos criaturas inteligentes ukham uñt’apxi. Tanki k’añask apañax jan waliwa aka uraqpacahataki, ukhamarak uka ballenas ukanakatakisa. Ukatx utjaskakiwa.

Por supuesto, todos los turistas llegan en auto, y muchos aceptarían tener uno para cada miembro de la familia si fuera posible. Porque claro, hay que llevar a los chicos a la escuela. Para que les enseñen que hay que cuidar el medio ambiente por ejemplo… Incluso nosotros caemos en parte en esa contradicción, al viajar a dedo y utilizar automóviles, aunque me consuelo pensando que sólo ocupamos un lugar vacío en un automóvil que ya está en movimiento. ¿Y las ballenas? Claro, estaban ahí, mononas, ingenuas, aleteantes, con un géiser montado en el lomo, algunas solas y otras con sus ballenatos. Alguna vez cazadas por balleneros ingleses que procuraban el aceite para iluminar su imperio, hoy sobreprotegidas y finalmente valoradas.

Taqpacha turistanakaw k’añaskut puripxi, waljaniw iyawsapxaspa sapa mayni mayanisp ukxa. Jisa wawanakarux yatiqañ utaruw irpaña. Medio ambiente ukar susma uñjañ amta yatichapxañapataki.

Foto tomada por la autora del post.

uka apañatakiw yatiqañ utanakar qullayasiñ utanakar sarapxi:

Siempre nos gusta que en los shows haya muchos chicos, pero en el caso de los hospitales es muy diferente: cuanto menos haya mejor. Los chicos no deberían estar ahí, deberían estar jugando en una plaza, por eso es que siempre nos despedimos de los hospitales con la misma frase: “les deseamos de todo corazón que se vayan de acá lo antes posible” y cada vez que decimos eso los padres cierran sus ojos y asienten con la cabeza. Ojalá así sea.

Show ukan walja waynak jiqhatasipxañapapunw munapxta, ukam pirus qullayasiñ utanx wali mayjawa: Waynanakax janiw ukankapxañapakanti jan ukasti plasatuqinw anatasipkañapana, ukatx akham arumpipuniw sarxapxirita “taqi chuymampiw akat sarxapxam sasin sapxsma sasa” ukham sapakuti sapxt ukatax awkinakapax nayranakap ch’irmthapis p’iq alt’apxi. Inachay ukhamaspa.","Patagonia Argentina, ukax turistas argentinos ukhamarak  blogueros  ukanakan wali uñt'at chiqawjawa.",aym,globalvoices,Global Voices,fake news,ab19d7d9-2fec-47b6-abfc-facfa2bdc9e4,article,MassiveSum
https://aym.globalvoices.org/2010/12/827,,Chile: Yatiqirinakan Arsusipxatapa Ciencias Sociales Uka Yatichäwin Pachanak Pisiqtayataplayku,,"Imagen de autor, Juan Arellano

Chileno yatiqirinakax kayukiw waranqa jila tupunak sarapxi, yatiyawix ukwa uñt’ayi,yatichäwinakan chanipax Chile markanx ancha jilawa ukatwa wali qhurut arsusipxi, ukampirusa jichhakiw jilïr irpirinakax (autoridades) aruskipapxi, ciencias sociales uka t’aqan pisiqtayatapata, matamaticamp lenguajempir pachanaka jiljatayañataki. Sebiastián Piñera E. blogupan reforma educacionalan amtäwipawa. Mä post presidencia de Chile ukan amtawipan turkakiptawiw uñt’ayasi:

“Con este proyecto, se incrementará la subvención escolar preferencial para los alumnos más vulnerables hasta casi duplicar la subvención regular y generará cambios curriculares para fortalecer el aprendizaje, incluyendo más horas de lenguaje y matemáticas.” “Esta reforma se hace cargo del momento, y apuesta por el uso de las nuevas tecnologías en las salas de clases y en los hogares, ya que habrá material pedagógico disponible en forma gratuita por internet”

Aka amtawimpix yatichäwix wawanakatakix askinjamaspawa, yatiqawiruw yanapt’aspa matemática, lenguaje t'aqanar pachanak jilxatayañaxa.” Aka reformax chikanchasiwa, machaq uñstir yanakaruw yatiqañ utanakan ch’amanchi internet ukatakix inakiw yatichañ yänakax utjäni”.

Cristián Cox, Centro de Estudios de Políticas Prácticas Yatichäwi ukan irpirix kimsïri diario ukan Ciencias Socialesampix yatiqäwiruw mayachthapi kunjamatans mä markjamax uka amuyunakapwa uñt’ayi:

Historia y Ciencias Sociales es el área que organiza los contenidos y experiencias de aprendizaje para la convivencia con los otros, cercanos y distantes, que ofrece los relatos fundamentales de lo que somos como nación, y que genera los fundamentos tanto de la lealtad con el orden político como de su crítica. Es, en suma, el área de la experiencia escolar que forma para el civismo y la ciudadanía. Aquí no basta “dictar materia”: lo que el currículum plantea es el trabajo de documentación histórica, discusión de evidencias y marcos interpretativos, producción de ensayos y debates. Todas actividades que requieren más tiempo, no menos, que la pedagogía tradicional. Junto con el recorte objetivo de 200 horas, el mensaje es claro: la formación ciudadana no es importante.

Historia, Ciencias Sociales uka t'aqanakax yatxatäwit yaqhanakatak luräwinak apthapi, aski yatxatataw yatichäwitakix ukapacharak markachirinakatakisa. Akanx janiw yatichañakikiti kunjamti currículum qilaqatanx sisk jall ukjamaru. 200 pachanak yatichaw amtax qhan saski.

Gonzalo Tapia diario El Dia blogupanx uñt’ayiwa Piñeran yatichäwin pachanak pisiqtayaw amtawipxata.

- Aumento en las horas de clases en Lenguaje y Matemáticas. Concuerdo plenamente con ello, es necesario, pero debe buscarse otros mecanismos para ajustar el Plan de Estudios, nunca en desmedro de la asignatura de Historia. Jamás.

Lenguajempin matemeticampin yatichawinakan pacha jiljatawix askiwa, ukampirusa yaqha thakhinakaruw Plan de Estudios ukatak munasi, janipuniw historia uka t’aqax makhatkiti.

Akatuqitx Santiagunx mä qutu yatichirinakamp yatiqirinampix unxtasiwimpiw sartasiñatakiw amtapxi, yatichäwin pachanakapar pisqtáwit kutkatayañataki. Nayrurunakax yatiqirinakax Serena, Pedro de Valdivia jach’a yatiqañ utatx uka jan walt’awitx sartasiwapxarakitanawa. Ukampisrus janiw karawinirunakamp jan walt’ayatañ lup’ipkanti. Pä witiyuw uka sartasiwit uñt’ayasi:

Sartasïwix 15ni llawintatampiw tukuyi, yaqhipanakax 5nitakwa arsupxäna. Blog cores mä yatiya Facultad de Filosofía ukatx humanidades UCH uñt’ayapxäna, sartasiwitx kamsapkanti taqi ukanaka:

Cabe señalar que los manifestantes en todo momento marcharon por la vereda del sector sur de la Alameda, tal como había sido acordado … con el Capitán Rodríguez de la Prefectura Central de Carabineros. […]

Mientras se sucedían los últimos discursos en un clima entusiasta pero sereno, una delegación de diez académicos … se dirigió a las dependencias del MINEDUC a hacer entrega de la Declaración … pero cuando se encontraban haciendo ese trámite, estallaron incidentes debido a la actitud de los efectivos de Fuerzas Especiales de Carabineros presentes en el lugar que, desconociendo el acuerdo previo … pretendieron -sin que mediara la más mínima provocación por parte de los manifestantes- que los centenares de personas reunidas en el bandejón central de la Alameda despejaran el lugar.

Testigos presenciales, entre ellos varios académicos de la Universidad de Chile y de otras universidades, aseveran que apenas la delegación de profesores se encaminó al Ministerio, los carabineros empezaron a hacer uso del carro lanzaaguas y de gases lagrimógenos para disolver a quienes pretendían seguir manifestándose pacíficamente sin molestar ni interrumpir el tránsito de vehículos ni de peatones.

Uñt’atwa, sartasiwix Alameda uksa aynachawjwa sarapxana, kunjamati amtatak ukjamarjama …. Capitan Rodriguezamp Prefecturamp jas ukanak. […]

Ukjamax aruskipawiw utjana tunka delegación satax MINEDUC tuqir arunakap ist’ayiriw sarapxi…Fuerzas Especiales de Carawinirunakaw ukatuqinx jan walt'ayapkanti.

Uñjirinakamp jach’a yatiqañ utatx yatichiorinakamp yatiqirinakampix Ministerioruw puripxi, ukatx karawinirinakax umampiw chixayañ kañaskump gases lagrimogenos taqi ukanakwa apsunipxäna sartasirinakar yanqhachañataki, ukjamat jan thakhinak jist’antapxañapataki.

Chilena oposición política concertación, Piñera irpirin amtäwinakapampix wali jan walt’ayatawa, ukampis janiw ukakikiti; quinto poder satanx uñjasiwa yatichäwi machaq qilqatanaka, reforma educativa uksataki,arsüwinakaw utji.Facebook: Historiamp Ciencias Socialesampin jan pacha pisiqtayawi,

Juan Arellano jilax Santiagunkanwa uka unxtasiwinakanxa, pä witiyu waruqi aka post ukataki. Aka post ukax Global Voicesatakiwa; nayräir post ukax","Jilïr irpirinakan amtawipawa, yatichawin pahachanak pisiqtayañapataki, Ciencias Sociales uka t'aqanakana matemáticas, lenguaje uka t'aqanakar pachanak jiljatayañataki, ukawa mä unxtasiw utjayi. Juan Arellano jilax Santiago markankanwa uka unxtasiw utjkan ukjaxa.",aym,globalvoices,Global Voices,fake news,b30305ed-5f38-4d61-8c2c-ae7b6891485f,article,MassiveSum
https://aym.globalvoices.org/2016/04/8070,,Perú markan pä uru yatichäwix activistas digitales jupanakaruw juk’amp ch’amancht’awayi,,"Yatichäwin chikanchasirinaka. Christine Mladic Janney jupan jamuqax apst’atawa.

Cusco, Peru markax Imperio Incaico ukhamarakiwa. Jichhürunx waranq waranq anqaxat jutir jila kullakanakaw uksar kuna aski chiqanakatï utjki ukanak uñjt’ir sarapxi, jilpachax nayra templos ukat sitios arqueológicos uñt’at chiqawjanakaruw uñjt’ir purt’apxi.

Uka monumentos físicos ukakikiti. Uka markanx quechua aruw art’ata. Uka markan kallinakapanti sarnaqt’asm ukhax markachirinakarux qhichwa arut arst’asir ist’asmaxa, jichhax machaq políticas públicas ukamp arxatataxiwa.

Aka pachax Cusco markarux Latino América uksat Asamblea del Activismo Digital de Lenguas Indígenas tantachthapt’añaw wakt’awayi. 11 ukat 12 jallu qallta phaxsit 2015 maran apasina, aka tantachäwix kawkïr activistas indígenas waynanakatï arup jach’anchañatak medios digitales uka apnaqpk jupanakaruw tantachthapt’äna. Nayraqatax Oaxaca, Mexico ukat Bogotá, Colombia uksanakanaw apasïna ukharuw akax kimsïr tantachäwixiwa.

Uka jikthaptäwix Global Voices ukan Rising Voices qalltäwipampiw laqanchayata. Yaqha tamanakax Centro Bartolomé de las Casas (CBC) uksar chikancht’ayarakiwa, Ministerio de Cultura peruano (Dirección de Lenguas Indíngenas , Dirección Cultural de Cusco), Instituto de Lenguas Vivas ukat Mozilla Nativo ukanakas ukanakarakïnwa. Jikthaptäwix La Casa Campesina ukankanwa, ukax tantachasiñatakipuniwa, CBC ukax Cusco markan jikxatasi. Uka tantachäwix Hivos ukan yanapt’atänwa.

Taypi sata chika phaxsinw wakicht’irinakax jawillt’aw tuqi Peru markan jakasirinakar jawillt’atäna, jupanakax arurux Internet uksan laqanchayirinakapxanwa. Chikanchasrinakax may may chiqanakat arunakat chhijllt’atänwa. Ukampirus jupanakatx kunti yatiqapk ukxa markanakapan yaticht’añ amataninakaw chhijllt’atäna. Maysatax qhichwa aru arst’asirinakaw jilapachanix uksan chikancht’asiñatak wali suyt’apxäna, jupanakax taqi chiqatapxänwa, jipachax thaya uraqitapxänwa. Chikancht’asirinakax tamap taypin kuna amtanakampiti sarapk ukwa jilpachax uñt’ayapxäna, uka taypinx televisión digital wakichäwi, audios podcast ukanakas ukankarakinwa, aru arst’äwi ukat medios sociales ukanakaw ukataypinkäna. Wakicht’irinakax taqi uka amtanakap uñjasax 25 jaqiruw pä uru jikthaptäwitak ajllt’äna.

Sesión plenaria. Christine Mladic Janney jupan jamuqax apst’atawa.

Uka chikancht’asiwinx may may tama aruskipt’äwinakaw utjawayi, amta uñacht’äwi ukat yatichäwinaka. Wakicht’irinakax tamanakaruw kunkancht’awayi, sapa t’aqa técnicos ukat lingüísticos tayka arunakan Web uksa uñt’ayasa. Chikancht’asirinakax juk’a arunakan uñt’ayapxatapatx amuyunakap luräwinakap sapa maynix uñt’ayapxi. Chikanchasirinakax amatanakap uñt’ayapxäna ukatx masinakapat jayst’äwinakap apthapt’apxäna. Podcasts ukas qhichwa arun waraqt’atax utjarakinwa, shipibo-konibo aruns utjarakinwa, maysatx GIFs uksa Perú markan may may arunakax utjk ukatakis utt’ayasirakinwa. Jch’a tamanakax kipka amatanakaps uñt’ayarakinwa jisnawa Talking Dictionaries (Diccionarios parlantes) Instituto de Lenguas Vivas uksata, Mapa sonoro Ministerio de Cultura, esfuerzos de localización de Mozilla, ukat Rimasun Quechua Podcasts Nueva York jach’a yatiqañ utatas ukankarakinwa ukat yaqhanakamp kunaw chikanchasipxäna.

Podcasting yatichäwi. Christine Mladic Janney jupan jamuqax apst’atawa.

Kunapachatï yatichäwix purinx ukhax sapa mayni chikanchasiriw ajllt’asipxäna, uka pä uru yatichäwinx sapa yatichäwix suxta pachaw apasïna, uka yatichäwinakax maywajan mawjanwa. Aka turkakipäwix chikancharinakarux yanapt’iwa, jupanakax kunjamas herramienta digital uka sum apnaqapxaspa, ukatx tukuyarux mä aski achu utjayapxasp ukaw amtanxa. Walja chikanchasirinakaw herramientas jan ukax plataformas ukanak juk’amp apnaqañ munapxäna, ukampirus jupanakax mä juk’s yatintaniwapxanwa ukatx uka yatiñanakaniw utjäwinakapar kutt’awayxapxäna. Chikanchasirinakaxc sapa mayniw yatichäwinak ajllt’asipxäna:

Mä arukipäwi Global Voices ukat CBC uksata“Internet ukax aruxankiwa sutinchata— Perú markan tayka arunakat aruskipt’äwi ” ukax nayrïr uru yatichaw arumaw phuqhasïna. Inakinwa, ukampirus khitis mantakispanwa ukhamat amyt’añataki.

Pä uru aruskipäwix luräwinak uñacht’äwi, 25 jila kulak chikanchasirit amuyt’äwinakapa , tukuy uru jichha yatxatäwinakat amuykipt’äwi . Waljaniw tecnología ukamp arup ch’amanchañatak amtanakanipxäna. Chikanchasrinakax plataformas virtual ukat Facebook uksaw aruskipt’añ munapxäna .

Chikancht’asirinakat video waraqt’atawa –español arut ukhamarak tayka arupat arst’äwinaka – aka ActivismoLenguas.org ukan uñacht’ayasi, Rising Voices, 2015 maran uñt’ayata, Lationamérica uksan activismo digital tayka arun uñt’ayañataki. Uka jiskt’äwinakax yatichäwinw mä video ukan waruqt’asïna, Ch'aska Rojas-Böttger jupaw waruqt’äna.

Aka jikthaptäwinakax wali askiwa, ukampirus lingüístico ukat comunitario ukar jach’ancht’añaw aski. Amtax waynanakar arunakapan ch’amancht’apxañapatakiw ch’amanchi. Uka amta jikxatañax mä chiqa thakhiwa. Global Voices ukax 2016 maran yaqha yatichäwinak wakt’ayañ amtaski, yaqha tamanakamp ch’amancht’añataki.","Perú markankir Activistas digitales jupanakax   online uksaw tayka arunakap uñt'ayapxi, Cusco, Perú markan mä yatichäwin chikancht'asiwayapxi.",aym,globalvoices,Global Voices,fake news,9284203e-6a3f-45eb-a0d8-a40328467161,article,MassiveSum
https://aym.globalvoices.org/2015/08/7408,,Greciatuqinx jan walt’äwinakaw griegos markachirinakar isla turca yuriw markanakapar kutt’ayxi,,"Yatiyaw laphinx Greek Reporter ukat Anastassios Adamopoulos ukax jichhakiw línea uksan wasitamp uñt'ayapxi mä yatiyawiw jichhak periódico turco Hurriet Daily News uksatuqin yatisiwayi, walja markachirinakaw markan qullqit aynacht’atapat yaqhachiqanakar saranukxapxana ukata jichhax utjawimanakaruw kut’xapxanxa, jupanakast jik’a islataypin turcatuqin jakasipxakina Gökçeada ukax provincia Çanakkale uksatuqin jikxatasi, Imbros ukhama griegos jupanakana uñt’atawa.

Yatiyawinx Ünal Çetin alkalde tatax wal jawillt’awayi griegos markachirinakaru kunalaykutix jupanakaw qullqituqimp islatuqir yanapt’awapxatana, walja markachirinakaw kunayman jik’a aljasiñ utanak jist’arawapxatana kunalaykutix suma jakañataki. Ukañkamasti, yatiyirinakasti ukhamarak griegos markachirinakasti wal aruskipawapxi #Imvros ukat #Gokceada jik’a isla qutatuqinx wali k’uchirtatanwa.

Walja griegos markachirinakaw ukhamarakiw uka jisk’a isla qutan siglo XX ukhatpach jakasirinakapxiwa ukampirus jupanakax laphaq phaxsin Imbrus uksatuqiruw jakasir sarapxaraki. Ukat jupanakax Greciatuqirirakiw jakir sarawayxapxatana kunalaykutix Estado turcomä uñisisiñamp qallantarakitayna. Jisk’a isla tuqir kutkasax janisay Ankara ukatx Atenas markanakax askinkapchiti, wali jach’an jan walt’awixa aka Greciatuqina utjarakinxa.

Maysatuqitx yatiyawinakax qullqituqitx utjaskakinwa ukatxa akanakax qipartayataxarakinwa, Gökçeada uksatuqir kutt’añatakix wali aruskipatarakinwa ukhamat jakawipanakar kutxañatati:

[jisk’a wawanakan yatiqañ utapa Gökçeada, yaqiqawix sapa markachirn payt’atawa] aka yatiqañ utax 49 ukja marat wiltat jist’arasiwayarakitana. Pä yatiqiritakiki.",Griego ukat turco uksankirinakax  Gökçeada ukwa wali kusisiñamp uñt'ayapxi.,aym,globalvoices,Global Voices,fake news,0c11416f-0e2c-41de-806b-2e96b4fbdb9c,article,MassiveSum
https://aym.globalvoices.org/2014/08/6762,,Cloghers: Camboyana-nkir wayn tawaqunakax blogs ukanak uñstayasiñampiw qalltapxi,,"Clogher uka chikanchasirinakax jupan blogs ukanakapanw aski jutawxat qillqat'apxi.

Aka Empowering Cloghers Project ukax 17 llumpaqa phaxsinw qalltawayi, mä tama wayn tawaqunakaw ukanx chikancht'asiwayapxi.

Chak Sopheap, uka janïr qalltkasax Cambodian Center for Human Rights ukan Directora Ejecutiva jupan ukjamarak mayni masinakan mä video waruqatw uñacht'ayi, uka video-nx Indonesia, Filipinas ukat Alemania uksabkir blogueros ukankaw uñjasi.

Yatiqirinakax may may jikst'awinakw uñt'ayapxäna, taqiniw kunanakas blog-tuqin qillqt'apxasp ukx amuyt'apxäna. Ukjamat warminakan derechunakap nayrar aptañataki, ukatx blogueras ukjam tukuñataki. Akax wali kusisiñawa, ukjam yatiqirinakax jank'akiw amtanakaps wakt'ayasipxi.

Sopheap ukax Facebook ukan chikancht'asiyi,

A productive Sunday, and I am impressed with these young women who have a clear mission to start their blogs with a clear social purpose!

Jichhurux willküruwa, aka wayn tawaqunakampi jikxatasisax wali kusisitatwa, jupanakax uka yatiqawimpix qallantañ munxapxanwa.

Aka nayrïr sesión ukax cloghers ukanak utt'ayañ amtaniwa, nayraqatax suti thaqhasipxi, kuna sutinispas uka blog ukax sasina, qhipa tarea ukax blogs ukanakpan aski jutawi jan ukax katuqäw diseño lurañawa.

Las participantes imaginan el nombre de su blog y temas de foco

Taqiniw aski jutawi sasin amuy qillqt'apxana, ukatx yaqha sesion ukampiw sarantatakiskäna, ukax kunjamas blog ukax uñstayaña ukjamarak diseño ukas luraña ukxat yatiqapxäna.

Mayni chikancht'asirix asxaranwa, ukat janiw mayninakamp aruskipkarakinsa, ch'amakinw jichuntäwipaxa. Ukampirus mayni chikancht'asirix Facebook uka jist'aratayna ukatuqin aruskipt'añataki. facilitadores.

Qhipa yatxatäwix llumpaqa phaxsi tukuyankaniwa!","Rising Voices ukaw Camboya markan Cloghers ukjam sutin yatxatwi wakt'ayawayi, wayn tawaqunakan blog ukanak uñstayasipxañapataki ukatx uksan qillqt'äwinakp uñt'ayapxañapataki.",aym,globalvoices,Global Voices,fake news,46a01be7-8a1f-49b7-ab50-f7fd725e39e1,article,MassiveSum
https://aym.globalvoices.org/2011/10/2923,,Bolivia: Judicial chhijlläwix jan kuna campañ lurasaw phuqhasi,,"Bolivia markanx 16n willküru uru taypisata phaxsinx chhijllaw uruwa. Ukampirusa, aka chhijlläwix nayrurunakat sipans mayjt'atawa, candidatunakataix campañax janiw satanwa, jupanakatakix Órgano Electoral Plurinacional ukaw yatiyir taypinakatak yatxatatanapatx uñt'ayawayi.

Aka chhijlläwix janiw irpiritaki, Congres irpiritaki, Alcaldetakikiti. Bollivianx nayrir kutipuniw 56ni jueces, magistrados de la Corte Suprema, Tribunal Constitucional, Consejo de la Judicatura ukat Tribunal Agrícola/Ambiental markachirinakax chhijllt'apxani.

Chhijlläwinakax machaq Constitución ukan jaysatawa, walja markachirinakaw lup'ipxi, Movimiento al Socialismo (MAS) ukan irpirix uka uñacht'awinakax jupan askipatakiw sasina.

Yaqhip amtax Evo Morales irpirin amuyunakapawa, llumpaqa phaxsin 2011ni Tolata ukan tantachawin “Jila, kullakanaka Órgano Judicial chhijllawinx mayampw 60, 70 jan ukax 90, 100 ukhampiw sapa patakat atipañani sasina“. Yaqhip jan aski chhijllawinx utjawayiwa, Presidente del Tribunal Supremo Electoral, Wilfredo Ovando, jupax jikjatawayiwa.

Twitter ukan Gastón (@gastulas) apnaqirixa, candidatunakat tuytiyasaw uñt'ayi:

“googleen” el nombre de cualquier candidato en las #judiciales2011 y verán su “imparcialidad”. Vergüenza y asco! #YoVotoNulo

“googleen” kawknir candidatun sutipasa #judiciales2011 “imparcialidad” ukawa uñjapxani. P'inqachäwi #YoVotoNulo

Ukampirusa, candidatunakarux janiw suma uñt'atakiti, jan campaña luraw utjatapatxa. Yatiririmpi ukat Andrés Gómez Vela blogerumpix kast chhijllirinakaruw chhijllt'i. Jisnawa, Rimay Pampa blogupanxa, uñt'ayiwa “voto legal” kawkir markachirinakati yatipki ukanaka:

…aquellas que siguieron las fugaces entrevistas a los 116 candidatos y candidatas y se documentaron sobre los antecedentes y méritos de sus preferidos. En otras palabras, los que decidieron soberanamente su voto (¿habrá al menos uno?).

…116 candidatos jan ukax candidatas ukanakar arapk ukanakaxa iyawapachati yatxatatanapampixa, (Maynis utjpachati?).

Partido político ukar uñtirinakas utjarakiniwa. Gómez jupax sarakiwa, khitinakati jan khititak chimpuntañs atki ukanakax amuyuarjamaw lurapxani. Khitinakati jan iyawapk uka chhijllawimpix ukarux k'umiw chuymampiw chimpuntapxani:

Es la ciudadanía que se precia de ser reflexiva y leer la política desde la realidad. Unos apoyaron el proceso sin ambages, otros con reparos, otros con cálculo y otros con visión histórica. Algunos están arrepentidos y otros decepcionados y otros desorientados. Alistan su marcador negro o rojo para escribir: Fuera, basta, adiós o alguna leyenda contra Evo. Su voto será nulo para el Órgano Electoral, pero, válido para la sociedad.

Markachiriw ukx amuyasa, khamarak partido politico ukanakarus uñjarakispa, yaqhipanakax ch'amanchapxiwa. Yaqhipanakax chuyma ch'alljatatapxiwa, ukhamarakiw jan sum atipkiti. Wila, ch'iyara qilaqañanakapwa qilqañatak wakichasipxi: Sarpana, ukhakamaki, jan mayampitaki, Evotak mä leyenda lurasa. Órgano Electoral ukatakix nulo ukhamaniw chimpuntawipaxa, ukampirus jaqitakix askikiniwa.

Ukhakamax sapa candidatunakatakix campaña ukax janiw satawa, oposición uksankirinakan campañapax No jan ukax Voto Nulo janiw qhanakiti. Ukampirusa, Twitter users apnaqirinakan uñacht'ayatawa, khitinakati voto nulo sasin apnaqapxi. Roberto Laserna ciencias sociales ksat yatjatirix (@roblaser) tuytiyiwa:

Conozco a todos los candidatos #Judiciales2011: se prestaron a esta grosera manipulación y eso los define. Son indignos de mi voto. Nulo!

#Judiciales2011 ukan candidatunakaparux uñt'twa: indigno ukhamanakapxiw Nulo chimpuntawijatja

Tukuyarusti, internet tuqin utjaraiw uñacht'ayawinakaxa, Miguel Buitrago MABB blogun uñt'ayi, jupax kunayman uñt'ayawinakwa uñtayi [en] papeletarux kunjams chimpuntasisp nulo ukaxa. Yaqhipanakax TIPNIS uka aru qilqantasina, ukax uka thakhi lurawiruw uñanchayasispa, ukatx “Fuera Quinteros” ukhamas qilqantatarakispawa Equipo Nacional de Fútbol de Bolivia uksar uñanchayasa, Copa Mundial de 2014 uksar uñañchasa. Twitter apnaqirix (@ch0ben) jichhakiw qilqt'awayi:

Nunca he reflexionado tanto sobre la manera más efectiva de anular una papeleta electoral… Es lo que nos toca en estas circunstancias.

Papeleta electoralar janiw sañaakix janiw lup'kayati…jichhanakax ukaw wakt'istu.","Nayriri kutiw bolivianu markachirinakax jueces ukat magistrados, phisqha cortes ukat may may tribunales ukanakatak chhijllapxani. Ukampirus campaña ukax janiw utjkiti, waljaninakaw jiskt'asipxi khititakis chimpuntañani sasina.",aym,globalvoices,Global Voices,fake news,ecf48b99-cac1-42af-812b-f834230ab83e,article,MassiveSum
https://aym.globalvoices.org/2015/08/7442,,Aka phaxsix GV radio uksana,,"Imagen de Radio Global Voices. Imagen de Kevin Rothrock

Llamayu phaxsinx radio Gloval Voices aire-ru mistsuwayxi yatiyañataki wali kust’at yatiyawinak utjki comunidad global voices tuqina ukhamarak taqpach masinak irnaqapki global voices markpachta. Aka tuqirux internet tuqi jan ukasti celular tuqi mantarakismawa, ukan utjiw jisk’t’awinaka, jaylliwinaka taqpach markankiri ukhamarak ist’asmaxa. Nanakastï juk’amp programa-nak wakicht’asipkaraki, ukhamarak yaqha socio-nakaw audio ukatak thaqhatani, kunatix yaqha machaq programa wakichtatak willka kuti phaxsitakixa.

musparayañ munapsma, GV radiox podcast ukamp sarantaskakiniwa, kunatix yatiyki lurawinaka markpachan utjirina. Ukhamarakiw uñist’ayasini audio tuqi kawkir sarantawinakas GV face tuqin utjki ukanaka jisnaw aruskipawinaka co-fundadores jupanakampi Rebecca MacKinnon ukhamarak Ethan Zuckerman jupampisa jawillt’añataki Gloval Voices ukan tunkir aniversario-pa. Ukampirus, mä ch’axwawiw utji. Advox uka tuqinikir irnaqirinakampi “Demystifying the Onion Router ukham sutini.”

Programanx Africa Cheza ukan payir episodio-paw wakicht’ataraki, mä podcast africa jaylliwi comunidad africa tuqin wakicht’ata James Propa en Uganda ukhamarakiw comunidad latinoamericana de GV, mä jisk’t’awi wakicht’i Robert Valencia ,jupax ¨Mónica Carrillo-mpiw aruskipt’i Afro-peruanos jupanakan kunjamaskis derechopanakas jichha pachanakanxa.

Uñist’ayasipkaw utjirinaka post inicial tuqina . yuspaxara comunidad de GV tuqin irnaqirinakaruw ixwawinakat nanakax ukhamaw machaq socios thaqhapta jisnaw Loa Podcast de Vietnam:

Loa is a podcast that explores events, ideas, and stories that shape Vietnam today. Join us as we journey into the issues of the day through thoughtful commentaries, insightful features, intimate interviews and more, all brought to life through sound and sight.

Loa ukax mä Podcast ukawa kawhantix tantachawinak uñist’ayki, lup’iwinaka ukhamarak yatiyawinaka uñist’ayki Vietnam ukhamarxama. Jumax nanakamp tuqi sartam ukat yatitaw kunanakas aruskipawinakaxa, yatiyawinaka ukam juk’ampinaka.

Jumanakax programa uka uñaqt’apxasmaw aka seman jutirina kunatix machaq programación ukanakampiw turkakipt’atani. Tuits uk uñjasma cuenta de Twitter de Global Voices tuqina(@globalvoices) ukhamarak etiqueta #GVRadio uka programación yatiyawimpisa. Jumax widget reproductor uka tuq ist’asma jan ukax página de inicio de GV Radio uka tuqinsa. Yuspaxara GV radio ist’apxatamata.","Kunas GV radio tuqin yatiyäsisk uka yatxatama, mä emisora de radio internet tuqi kawkhantix uraqpachat aruskipäwinaka ukhamarak jayllïwinaka ist’aski.",aym,globalvoices,Global Voices,fake news,ee79e8b8-52d7-4de3-9dc9-b1c2865a01c7,article,MassiveSum
https://aym.globalvoices.org/2011/08/2460,,México: Cantinfla-san 100 Marap amtkasa,,"Aka lakan phaxsin, Mexicox Mario Moreno Cantinflasan patak mar yurïwipat amti. Mexicon ukat taqpach America Latinan Cantinflasarux mä jach’a sawkasiñanak luririrjamaruw uñt’apxi. Larkañ wakicht’äwipampix nayra puñtanakat jichha puñtanakkamaw lart’awapxi. Mä kutix laruñ arsur estadounidensipiniw Charles Chaplin “mä jach’a jaqir laruyirirxam” uñjawayi.

Cantinflasax Mexicon pisin jakasirinakat uñstirïna. Jupax qamir jaqinakamp pisinkirinakamp lup’iyañatakiw kusäna. Jiwatapats Cantinflasax tiliwisyun wakicht’äwiptuqix jaqirux amuythapiyaskakiwa.

Cantinflasan Cuéntame, Axel Caballero bloguerux nayrir wakiskir amtäwinakapxat [en] qallti:

Recuerdo haber crecido viendo viejas películas de Cantinflas. Tan inocentes, pero tan conmovedoras. Todas tenían algo que decir – un comentario social sobre la lucha de clases y la desiguldad económica en un país donde a menudo esto se barre debajo de la alfombra. Cantinflas era un símbolo: con sus eufemismos, su humildad, calidez y, sobre todo, con su sentido del humor representó a todo un país.

Cantinflasan nayra wakicht’äwinakap uñtas jilat amtasta. Ukanakax wali chuym ch’allxtayirinakänwa. Taqpachaniw kunayman jakasirinaktxat mä kuns sañanipxäna, kawkhans ukanakax sapa kutiw uñjasi. Cantinflasax may may lurt’äwinakapampix wali jach’anchatänwa. Askpachapinix sawkasiñanakapampiw mä jach’a markpachat uñstäna.

Cantinflasan SotoHoyos bloggerapax Antagonista Cantinflasan yurïwip amtañataki arsu:

En estos momentos donde se dejó de entender -eso pareciera- que el humor es la expresión más elevada de la inconformidad y la tristeza, vale la pena rendir un pequeño homenaje a Cantinflas en la celebración de los 100 años de su nacimiento. Un homenaje a uno de los grandes humoristas de Latinoamérica, que con una capacidad histróinica admirable, logró reflejar, reflexionar, analizar y pensar, sobre los más variados temas, de la cultura mexicana, la latina, la mundial.

Anchhitanakax janiw sawkasiñtuqit sum amuyasxiti, ukax akhamjamak sañ munasmachi; sawkasiñax llakisiñan mä jach’a arsüwipawa, ukat Cantinflasan mä patak mar yurïwipxar amtañax wali aski.

Fans celebran el cumpleaños de Cantinflas. Imagen del usuario de Flickr Globovision (CC BY-NC 2.0).

La Plaza blogunx de Los Angeles Times, Ken Ellingwood kunayman amtäwinakati Mexicon nayrar apasisk ukanakxat qhanacht’i [en]:

El país, al que le caerían bien unas risas, está aprovechando la ocasión para un mes de celebración de su influencia en la cultura y las películas mexicanas. Para el resto de agosto, el fallecido actor cómico […] será objeto de exhibiciones, retrospectivas, paneles de discusión y hasta un baile en su honor. A lo largo del arbolado Paseo de la Reforma, una exhibición al aire libre de ampliaciones de fotos en blanco y negro y de coloridos afiches de películas dan un sentido de cómo ayudó Cantinflas a crear la época de oro del cine mexicano.

Ukapachparakiw Michael Lopezax Tr3s kunjams mexikanunakax sawkasirir amtasipk uk qhananchi [en]:

Aunque Cantinflas falleció hace casi 20 años, su impacto sigue vivo. En Ciudad de México, una enorme galería al aire libre con sus fotos y pinturas adorna las muy transitadas calles. Su estrella en el Paseo de la Fama de Hollywood también está recibiendo tratamiento real por los 100 años de su nacimiento, con flores, tarjetas y constantes fotografías.

Cantinflas sigue siendo una estrella de cine del pueblo. Sus personajes siempre reflejaban a los oprimidos, que es algo de lo que el actor se enorgullecía. A pesar de poder alternar con la realeza, Cantinflas nunca dejó de tener los pies en la tierra.

Cantinflasan niy pä tunk maranak jiwatapatx uñnaqapax jakaskakiwa. Mexiku jach’a markanxa, mä jach’a galeriayaw jamuqanakapamp wali sarnaqat thakhinakan k’achacht’i. Ukakipkarakiw Hollywoodanx jach’a wali yäqat sawkasirix patak mar phuqhasïwipanx panqaranakampi, qilqt’atanakampi, ukat jamuqanakamp kun jach’añchataski.

Cantinflasax jaqin cini-panx jach’at uñt’atakipiniskiwa. Tiliwisyun wakichäwinakapax pisin jakasirinakarupiniw uñjayäna, ukat jupax wal jach’ amuyasïna. Ukjamïpans jupax alt’at chuymampikipinïnwa.

Uka pachpawjan yaqha kuntinintinakan Cantinflasax wali askitap [en] qhananchi:

Y no crean que la presencia de Cantinflas se sintió solamente en América Latina. En todo Europa, los medios de comunicación están publicando historias sobre el legendario comediante, y hasta lo llaman el “Groucho Marx” de México.

Ukat jumanakax jan Amirica Latinanakikaspas Cantinflasax ukjam amuyapxamti. Iwruppachan tiliwisyun wakicht’äwinakanx jach’a sawkasirin sarnaqäwipat qhanar uñstayasipki, ukat Mixik “Groucho Marx” sas kunaw uñt’apxi.

Ukampirus pantallan jach’atapat Cantinflasax yaqhip jan wali Castillan arunak turkakipawayi, jisnawa “cantinflear”, kawkiriti sint parlaña ukat jan ask amuyun arsuñ sañ muni.

YouTubenx, AlJazeerax inklisat Cantinflasat mä witiyu amtäwinakati Mixikun apasisk ukatuqit Intirnitar apkatäna, ukat Tilisurax inklisat nayrir qutu arunakx patak mar amtäw yatiyäwitx qhanañchawayi.","Aka lakan phaxsin, Mexicox Cantinflasan patak mar yurïwipat amti. Mario Morenox Cantimflas ukham uñt'atawa. Pisin jakirinakarus walpun p'arjtayaraki.",aym,globalvoices,Global Voices,fake news,2e188af4-d8c4-4931-ad77-7c59c324978d,article,MassiveSum
https://aym.globalvoices.org/2015/10/7720,,Qawqha jaqis premio Nobel Peace Summit ukat mä Grammy Latino uka pachp simananx katuqpacha,,"René Pérez Joglar, jilpachax Residente @Residente) ukham uñt’ata kunjamakitix wali munat urbana calle 13 jalliñ tantat uñt’atarakiwa, jupax 15 lapaka phaxsin Barcelona, España markan jichhamarax khä luqta apaskan ukan Nobel Peace Summit (Cumbre mundial de Laureados con el Nobel de la paz) lurtäwimp luqtatanwa. Akax jichha mäkutipuniw luqtax mä latinuamirikanur luqtatäna.

Luqtäwix activismo de René Perez ukarjam churatanwa, ukax jayllintäw arunakapanaw ist’asi kunjamakitix identidad latinoamericana, racismo, inmigración ukhamarak justicia económica ukanakxata.

Aka cumbre Nobel de la Paz ukax mä pachaw kunayman pixtunak waranq jaqinakar uraqpachan t’aqhisiyki ukxat maynit maynikam kunayman lup’ïwinak yatt’ayañatakiwa kunjamakitixa: wajcha jan qamirinakata, umxata, marka irptirinakxat ukhamarak juk’ampinakxata.

De acuerdo con el sitio web de la Cumbre:

Each year the Summits are attended by Nobel Prize Laureates and prominent global figures, who are active in the social, scientific, political and cultural areas.

Sapa maraw khä Cumbre ukax Laureados del premio nobel de la Paz ukhamarak wali kust'at globales jupanakan tumpt’ata, jupanakax wali ch’amampiw khä jaqinakxata, científico, político ukhamarak cultural ukanakan irnaqt’apxi.

Luqtäw arsuw katuqäwipanxa, Pérez Joglar, jupax kunas sumankäwix ukhamarak kunjams uk jaqinakax ch’amanchaspa ukxat qhanañcht’äna:

Uka mayïr pachatpacha, uka mayïr sutichäwita, amxastktan ukjatpach ukhamarak tunka supayar uka mayïr jaqir qhipxaruyktan ukjat pachaw sumankäwix chhaqtaski. Sumankäwix sapürjamaw jiwaski ukhamarak sapürjamaw jaktaski. Kunjamakitix uraqpachanx jilpachax suma jaqinakaw utji.

Pérez Joglarax, puertoriqueñowa, jichha maranakanx kunayman laykunakaruw jupax arup mayt’i, kunjamakitix UNICEF uka kampañan jikxati, kunalaykutix jaqi aljawinak sart’ayañataki, ukhamarak khä liberación del prisionero político puertoriqueño Oscar López Rivera. Pérez Joglarax Luis Fortuño uka unxtasiwinw Puerto Rico jach'a yatiqañ utat utjkis ukan chikanchasina Calle 13 ukan luqtäwinakap jakthapkasaxa, khä Grammy Latino Mejor Video Musical en versión corta ukhamatapat luqtäw khä video “inti samin nayranaka” jayllint’awipax katuqarakïnwa. Jayllintäwin videopaxa,leyenda cubana Silvio Rodríguezan qillt’atarakix Youtube ukanx ñä 40,000,000 uñjt’äwinixiwa.","Artista René Pérez jilax qhipa maranakanx arup ist'ayi,  prisionero político puertoriqueño Oscar López Rivera jupar antutapxañapatakiw juk'ampis arst'i.",aym,globalvoices,Global Voices,fake news,eca64dc3-6162-44ad-a9ab-c156e27a7b21,article,MassiveSum
https://aym.globalvoices.org/2010/02/205,,Global Voicixa Nayrir Payllawi Jan Axsaras Arsuña Google Tuqiruw Mayacht’asi · Global Voices Aymarata,,"Chhijllawinakaxa jichhurkamax jist’arataskiwa (29ni diciembre saraqata phaxsita aka 2009 maratpacha) ukanxa Breaking Borders Award [en] (thiyat thiyat sariri payllawinaka) mä machaqa uñkatt’awi aka Google ukhamaraki Global Voices ukampi uñst’ayatawa yanapt’añataki yaqha kasta amtawinakaru aka web tuqiru. Qalltayiri jaqinakampi ukjamaraki tamanakampisa uñicht’ayasin ch’amampi, qamasampi, amuyumpi internet amanqasina yanapt’asinaraki jan axsaraña arsusiña tuqita. Uka paylliwixa yanapt’atarakiwa aka Thomson Reuters ukampisa

Thiyat thiyat sariri payllawixa uñtasiwa wali suma arst’asiwi lurawinakaru aka global voices arst’asiwi tuqita. Mä qillqatanxa aka 2004ni mara wiki tuqitja sawayiwa, nayraqatpachxa mayacht’añawa aka global voices ukaxa. Uka qillqt’atanxa akham siwa:

Creemos en la libertad de expresión, en el derecho a hablar y en el derecho a ser escuchado. Creemos en el acceso universal a todas las herramientas que contribuyen a la expresión.

Para ello queremos hacer posible que todos aquellos que quieran expresarse tengan los medios para hacerlo, y que todos aquellos que deseen escuchar también tengan los medios para ello.

Jan axsarañ arst’asiñampiptwa, parlaña ist’ataña amtawinakampi. Taqi uka lurawinak tuqi taqini arst’asipxirista”

Ukatakixa munaptwa khititix arst’asiña munchixa ukaxa arst’asispan taqi kunanakay arst’asiñataki utxchi uka tuqi arst’asiñapataki, ukhamaraki khititix ist’aña munchixa taqi tuqi katuqaspan uka yatiyawinaka.

Thiyat thiyat sariri payllawixa yanapt’arakiwa Global Voices Advocacy, ukana irnaqawinakaparu, uñstanki aka febrero 2007ni marana, uñtañataki wali amuyumpi aka jan axsarasa arsusiña tuqiru.

Thiyat thiyat sariri payllawixa taqi jaqinakat jist’aratawa, kawkha markataskpasaya. Atipt’irinakaxa wali amuyuninakampi ajllst’ataniwa aka jan ajsarasa arst’asiña tuqita. Mä payllawi 10,000 Dolares qullqi tuqiwa payllt’atani aka kimsiri lurawinakana:

1. Nayrar sartayäwi, churataniwa mä qillqtir jaqiru sartyañataki aka jan axsaras arst’asiña tuqita, ukjamaraki yanapt’aña turkakipawinakaru aka mark apnaqañanakaru.

2. Jichha päch luratanaka, churataniwa mä qillqtir lurawinak uñstayir jaqiru, jan axsaras arst’asiñataki ukjamaraki jach’aptayañapa yatiyawinak ullarañ tuqi.

3. Marka Apnaqawi, churataniwa mä mark apnaqiriru, khititix aka kasta qillqt’awi sartayapki ukaru.

Aka thiyat thiyat payllawi chhixllt’atasti uñicht’ayatawa http://www.breakingborders.net ukatja jist’antasjaniwa a 15ni febrero phaxsi saraqataru aka 2004ni mararu","Chhijllawinakaxa jichhurkamax jist’arataskiwa (29ni diciembre saraqata phaxsita aka 2009 maratpacha) ukanxa Breaking Borders Award [en] (thiyat thiyat sariri payllawinaka) mä machaqa uñkatt’awi aka Google ukhamaraki Global Voices ukampi uñst’ayatawa yanapt’añataki yaqha kasta amtawinakaru aka web tuqiru. Qalltayiri jaqinakampi ukjamaraki tamanakampisa uñicht’ayasin ch’amampi, qamasampi, amuyumpi internet amanqasina yanapt’asinaraki jan axsaraña arsusiña tuqita. Uka paylliwixa yanapt’atarakiwa aka Thomson Reuters ukampisa",aym,globalvoices,Global Voices,fake news,7dce353d-5ffb-43ff-965d-d7bfe29dba5b,article,MassiveSum
https://aym.globalvoices.org/2011/04/1552,,"Arusiwinaka, aka 2011ni maran payir chhijllawir kut’añxata · Global Voices Aymarata",,"Votante en centro de votación peruano (Foto: OAS Electoral Observation Mission in Peru, CC BY-NC-ND 2.0)

Perú markan chijllawit mä uru saraqataruxa, jakthapiwinakax qhanajanwa: payir chhijllawiruw sarapxani, cifras oficiales Nacional de Procesos Electorales (ONPE) ukanx yatisinwa chijllantat jathapiwinakax 72,373 ukhawa, Keiko Fujimuri jupanx jiljatiwa, Perdo Kuczynski ukat sipansa, ukatsti Ollanta Humala jilaw nayaranki 29.02% ukja votonakampi.

ONPE ukan jakthapiwinakapax amuyañaspawa, jaya thiyanakat jakthapiwix purinkan ukanakata, Fujimurimpin Kuczynskimpinx votonakapax makiptasiwayaspawa , ukat taqpach jakthapiwitx janiw kuna arusiñas utjaspati (Ollanta Humalax nayririnkaspawa, Keiko Fujimurix payirina, Pedro Pablo Kuczynskix kimsirina).

Bloggerunakamp candidatonakamp ukat amuyt’irinakampix kipkakwa amuyt’apxi “mä phiñasit votowa” mä voto castigo ukjama kawkinirinakati aka qhipa maranakanx políticas qulqituqit irpirinakax apnaqawapki jall ukanakataki, qulqi jiljatawinakax janiw taqpachatak khuskhakanti sasaw uñt'ayapxi.

Qhanw Roger Merino jilax blogupanx mä Comparación Jurídica ukatx Análisis Crítico uka tuqinx uñt'ayi:

…como hace 5 años, “los otros” han vuelto a ganar categóricamente en primera vuelta. Esos otros, gente que trabaja horas de horas en el campo, los obreros de las fábricas, los pobres de la sierra rural y de la Amazonía, los pobres limeños que viven en los pueblos jóvenes (algunos de los cuales ya no son considerados como tales porque según INEI [la agencia nacional de estadística] ya no ganan 257 soles mensuales, sino 280!), esa gente que creemos que no existe porque se abrió por ahí un nuevo centro comercial o se construyó un edificio, esa gente tiene voz y tiene voto. Cada cinco años recién sentimos su presencia y tenemos la desfachatez de sorprendernos por los resultados.(…) Tratemos de entender los problemas en vez de insultar y menospreciar, tratemos de aprender algo de esta elección.

Kunjamati 5 maratxa, yaqhanakax nayrir chhijallawinx atipjawir puripxi. Ayllunakan walja pachanak irnaqapkisa, phawrikan irnaqirinaka, Amazonían pisin jakirinaka, pisinkir limiñunakasa INEI ukan jakthapiwiparjamax janiw 257 soles ukja payllaw simananx katuqjapxiti, jan ukasti 280 ukhaxiwa, uka jaqinakax ukhanakaruw aljañ utanak jist’arasipxi, jach’a utanak lurayasipxi, ukat jupanakax aruni, chijllawini ukjamapxiwa. Sapa phisqha marawa, jichhakiw ukanakax uñjata. Yanqha arunakamp arch’ukpachasa, jisk’achkpachas amuyt’apxañani, aka chhijllawit yatiqapxañani.

Nayrir chhijllawitx redes sociales ukanw uñt’ayi, kimsa candidatos jila votonak mistupki ukanakax campañankapanx janiw yaqatapkanti, Colombiamp Antanas Mockusampin niya uka kipka markanakanjama.

Augusto Ayesta, jilax diario La República ukatpachwa uñt'ayi:

hoy podemos ver que el Perú no es Facebook, ni Twitter, ni Hi5. La mayoría de electores no está allí y aunque más de seis millones de jóvenes entre 18 y 29 años hayan ejercido su derecho a voto, la lucha se sigue dando, fundamentalmente, afuera de la red.

Jichhurux uñjsnawa, Perú markax janiw facebook, Twitter, Hi5 ukakiti. Walja chhijllirinakaw jan ukankapkiti, jisnawa suxta waranqa waranqa jila 18ni, 29ni maran waynanakaw kamachinakarjan chimpuntawimp phuqhapxi.

Es tiempo de ver quién quiera [sic]al Perú. Si no te gusta que Humala y Keiko estén en segunda vuelta, no te vayas del país. Hay que quedarse a luchar en contra de cualquier influencia chavista o liberación de algún asesino, seamos el ojo vigilante ante cualquier huevada[tontería] que haga el próximo presidente.

Aka pachanakanxa, Humalamp Keikomp payir chhijllawir sarapkan ukamp jan iyawaksta ukhax jan markat sarmti. Kuna jan walinaks jutir irpirix lurani uka jak’at uñjañatakis qhipartañawa.

Yaqhipanakax Jose Benjamin (@Jose_Benjamin_) qhanat phiñasiwinakap uñt’ayapxi, Vanessa Liberati (@Cori1610) jupasti uka pachparakiw Humala ukatx Fujimuri ukanakataki chimpuntatayna, Carolina Gonzalez (@ADAMGASMIC): janiw kunsa yatkiti sasaw uñt’ayatana.

@MariMim @joselynmegalam el voto de humala y de keiko predomina en los sectores C,D y E (los mas ignorantes) los mas manejables!

Miguel Angel Cárdenas (@dragonrampante) ukax uñt'ayarakiwa:

“Voy a pagarle la multa a mi empleada [mucama doméstica] para que no vote por Ollanta”, le escucho a una ppkausa [simpatizante de Kuczynski]. Se merecen un Humala! pero nos friegan a todos

Yanapirijaruw (a mi empleada) Ollantatak jan chimpuntañapatak multa payllaw chura, ppkausa ukaruw ist'atayna.

Maysatx yaqhaw qilqaw jayst'awinakat p'arxti Katya Delgado (@mamibrujita) uñt'ayiwa:

Realmente, viendo los comentarios en FB de algunos PPKausas [partidarios de Kuczynski], entiendo por qué Humala ha ganado estas elecciones. Da pena ver tanto racismo

Chiqpachansa, PPKausas ukxat FB tuqin qilqatanakatx amuytwa, kunats Humala jilax aka chhijllawin atipt'atayna uka. Llakisiñjmawa, ch'iyarat janq'uch uka uñch'ukisiwixa.

Redes sociales ukax uñch'ukisiwjam uñt'atawa, Twitter uka apnaqirix @Kñodax arst'iwa, Gastón Acuriox Facebook pajinapanwa qilqt'i:

Barriada pobre en el distrito limeño de Chorrillos (Foto: J. Enrique Molina)

Antonio Salazar (@Bitocho) ukat Josué Calderón (@JosueZeroBalas) jilax Twitter tuqinw amuyt'awip uñt'ayi:

Hoy no ganaron los IGNORANTES, ganaron los IGNORADOS…Tomemos consciencia, dejemos de creer q el Peru solo es tu cole [colegio], tu uni [universidad], tus patitas [grupo de amigos]

Jichhurunx “IGNORANTES” ukanakax janiw atipjapkiti, “IGNORADOS…” ukanakaw atipjapxi.

Ukhakamax kawknir candidatonakati jan payir chhijllawir sarkjapxan jas ukanaksti, pantjasiwinakapatwa jucha jaqusipxana.

Redes sociales uka apnaqirinakax lup'ipxanwa, pachasipxanwa, mayachasipxiwa, ukatx Humalampin , Keikompit, Carlos Gcg jan ukax Janter Mozombite Manuyama ukanakaw lurawinakxat plataformanak apnaqapxani.

Recien me despierto de esta pesadilla que se veía venir, me da pena mi país, pero que podemos hacer amigos asi es la democracia y a prepararnos para estar vigilantes a los posibles atropellos que puedan venir con la elección de cualquiera de estos dos señores, recordando las épocas universitarias en que peleamos contra la dictadura fujimontesinista…Hay que estar alertas de nuevo.

Jichhakiw p'arxta, markajax llakisiyituwa, ukampirus kamachkaraksna ukjamaw democraciaxa, aka pani jilan chhijllawip uñjañatak wakichasiñani, kunjams Jach'a yatiñ utan yatiqirikayatan ukhax dictadura fujimontesinista ukar saykatañatak ch'axwayatan uka amtasiñani… wasitamp sum lup'iñasawa.","Perú markan chhijallaw makiptxatatxa, yatiyawinakax Ollanta Humalamp Keiko Fujimurimpix payir chhijllawiruw sarapxan sasaw uñt’ayi. Bloggerunakamp candidatunakamp amuyt’irinakampix kipkakwa amuyapxi  “voto castigo” ukhamaw  politicas economicas satak uka irpirinakat aka qhipa maran qulqi jiljatawix utjikan ukax janiw taqinir purkanti sasa.",aym,globalvoices,Global Voices,fake news,c3e60077-df12-4e67-8aa3-dba79819cdd9,article,MassiveSum
https://aym.globalvoices.org/2013/07/5954,,VÍDEO: Aplicación StoryMaker ukx kunjams apnaqasispa,,"Small World News [en] ukankir masinakax jichhakiw mä witiyu YouTube uksan luarawapxi ukanx aplicación StoryMaker [en] ukx kunjams apnaqs ukaw uñjasi ukax narración digital ukatakiwa.

Aka aplicación de código abierto ukax mä herramienta ukhamaw yatiyirinakan kipka yatiyaw reportip utt'ayas apnaqapxañapatakiwa teléfono Android ukatakiwa. Ukampirus apnaqirinakax kipka witiyup jamuqap waruqatap utt'ayasipxaspa web ukar apkatañataki. Mä witiyu uñacht'äwip uñjapxasma. Rising Voices ukax yatiyirinakan entrenamientos ukanakan Irak, Egipto, Marruecos ukat Túnez markanakan apaski ukan chikanchasi. Mä reporte ukx aka Centro de Medios Independientes de Kurdistán [eng] Erbil, Kurdistán, norte de Irak, 2013 maran apaskan ukanakan ullarapxasma.

Mä versión BETA apaqaña (descargar) [en] Google Play tiendan ukan apnaqañawa.","Small World News ukax jichhakiw mä vídeo uk YouTube  ukan uñacht'ayi, ukanx kunjams aplicación StoryMaker uka apnaqasisp ukan may may thakhinakap uñt'ayi,  ukax mä  herramienta uljamaw yatiyirinakan (periodistas) kipka yatiyaw  reportenakap  teléfono Android  uka apanaqas uñt'ayapxañanakapatakiwa.",aym,globalvoices,Global Voices,fake news,e89d36d9-31e0-415d-a684-52a75d4ed58b,article,MassiveSum
https://aym.globalvoices.org/2017/07/8880,,Yanapt’asiw amtax uraqpachat aynacht’at ayllunanakan janïr jan walt’äwinak purinkipan mapanak luri,,"Revisando envios al servidor en el campo. CC-BY David Luswata.

Kunapachatï mä jan walt’äwix purinki, qhisphiyir tamatak juk’a arunakan yatiyäwi. Kawkhans jaqix jaki uk yatiña, jasak mantañ minstuñ ukat umax utjk uk jikxataña, khitinakatï jakaw qhisphiyañan irnaqapk jupanakatakix wali askiwa. Juk’ampins khitinakatix pata markanakan jakasipk jupanakatakix juk’amp llakiwa, kunalaykutï janiw chiqpach chimputakiti.

Missing Maps (Mapas faltantes) amtax taqinitak yanapt’asiw amtawa, “jan utjkï” uka yatiyaw phuqhachañatakiwa. Amatax plataforma OpenStreetMaps ukampiw thiyat thiy irnaqi, yatiyäwinak apthapiñataki.

Yanapt’asirinakax uraqpachatw chikanchasipxi satelitales jamuqanak uñakipas uñjañatak ukat mapanaka, thakhinaka ukat yaqha jasak jikxatañanak lurañataki. Pachanipkis ukha jan ukax “map-a-tón” uka wakicht’atans kurapxarakispawa. Aka qallta yatiyäwix ayllunakan irpiripamp uñakipatarakispawa.

Maynïr Missing Maps jach’a amtax Sierra Leona, Liberia ukat Guinea mapanak lurañ 7,000 jila ayllunw larasiwayi, uksanx jichhakiw epidemia de ebola ukamp aynacht’ayat uñjasi. Aka mapanak lurawimpix tamanakax uka chiqanakan sutinakapar jasakw mantañ atipxi.

Amtachiqa ukat jank’ak uñakipañatak ayllunakar purita , askin chiqanchat mapa. CC-BY Cruz Roja de Estados Unidos.","Missing Maps (Mapas faltantes) sutin amtax inak yanapt’asis irnaqirinakaru, tamanakaru, marka irpirinakaruw chiqancht’i.",aym,globalvoices,Global Voices,fake news,6e2312a4-fb92-4f2a-877b-a250042d4a4b,article,MassiveSum
https://aym.globalvoices.org/2014/08/6719,,Áreas Protegidas sat uñat’at chiqanakan saräwinakapa · Global Voices Aymarata,,"IUCN (Unión Internacional para la Conservación de la Naturaleza) ukax Facebook pajina oficial – tuqiw América del Sur uksan Zonas protegidas utjik uksan jakasir marka markachirinakaruw jawillt'i, jupanakax “Historias Inspiradoras de Áreas Protegidas” uksat video ukanak waruqat'asin atipt'asiwir chikancht'asipxañapataki, uka atipt'asiwin amatawipax (historias inspiradores de áreas protegidas de America del Sur) uka uñt'ayañatakiwa. Kawkir jila kullakanakati aka atipat'asiwin chikancht'asiñ munapxchism ukhax jumanak pachpaw maya jan ukax paya video waruqt'at jumanakan sutinakamamp purt'ayapxasma, uka video uka waruqt'atax 4 k'atha (minutos) pachan waruqt'atakiñapawa. Uka atipt'ir video waruqatanakax Congreso Internacional de Parques de la IUCN ukan uñt'ayasini.

Chikancht'asiñamatakix aka qillqantayasiñ laphin (ficha de inscripción) taqi mayiwinakar jayst'asin qillqt'ayasiñama. 14 uru aka llumpaqa phaxsikamakiw Video uñt'ayawinakax iyawsatani.

Maystax kawkir video ukanakati atipt'asiw chikanchasiñatak apakatatak ukanak ajllt'asax chikanchasirakismawa.

Juk'amp yatiñatakix sitio de Facebook. ukaruw mant'asma","IUCN (Unión Internacional para la Conservación de la Naturaleza) ukax Facebook  pajina oficial – tuqiw América del Sur uksan Zonas protegidas utjik uksan jakasir marka markachirinakaruw jawillt'i, jupanakax “Historias Inspiradoras de Áreas Protegidas” uksat video ukanak waruqat'asin atipt'asiwir chikancht'asipxañapataki, uka atipt'asiwin amatawipax (historias inspiradores de áreas protegidas de America del Sur)...",aym,globalvoices,Global Voices,fake news,417949a9-65f1-479d-8180-b5cbc4d19e3b,article,MassiveSum
https://aym.globalvoices.org/2012/02/3766,,Iran: Urun Janïr Unxtasïwinak Qalltkipan Internet-ax Apaqti,,"Iran-an sapüruw Internet-ax k'achaki ukampins jichhurunakax markasan yatiyäwinakax siwa kunatti web email-amp sijur Internet-ampix (https:) janiw mantañjamäxiti ukat anti-filtrar softwar-ax janiw pajina web jist'arkiti. 2012 maran anat phaxs llätunk ur saraqataruw illap urux chikat Internet-ax apaqtañ qalltäna.

Ukañkamax Iran-inkir jilïr irpirinakax amukïsipkiwa anat phaxsin yaqhip bloger-unakkiw arsupxi kunatti Internet apaqtatapax unxtasïwitawa (Iran-inkir calendar-yuna, 25 Bahman). 2011 maran saxra ur ch'axwäwinakax Egipto-mpin Túnez-ampin saykatäwinak utjipan Iran-inkir jan munirinakan mä mar amtäw amtatäniwa. Teherán-an akurux janchi asuchjäwix sintïnwa ukat pä jaqi jiwat jaytarakïna.

An Internet cafe in Tehran, Iran. Photo by Mr_L_in_Iran. Copyright © Demotix (24/02/11)

Khamenei's regime is scared since the Green Movement has invited people to restart protests. According to some reports, in most parts of country from Tehran to Ardebil, people have no access to Gmail, Yahoo mail, Google or Google+. This blocking can be considered as the regime's attempt to stop Green activists from informing people to take part in demonstrations in the final days of February. The regime's action is useless because green activists have already informed their friends and family members, and developed creative means of passing on the message, such as writing slogans on bills of money.

Jaqir Ch'uxña Unxtasïwix wasitat ch'axwañtak jawillt'away ukat Jamenes-an regimen-apax asxariwa. Yaqhip yatiyäwinakarjamax niya taqi chaqan Teherán-at Ardebil-kam Gmail, Yahoo, Google jan ukax Google+-sar jaqix janiw jak'añ atipkiti. Qhipha urunakan anat phaxsin aka unxtasïwix mayj amuyataspawa. Regimen-an luräwipax janiw kusäkiti kunatti masinakapar ukat wila masinakaparux jayat arusirinakax yatt'ayañtakix apsuwäpxiwa sañäni qulqir qilqsutanaka.

Without any doubt the February 14th demonstrations are the reason why the government has interrupted the internet. They are afraid of any kind of demonstration in the streets. We do not know how people will react on February 14 but the regime is making itself ready for the day.

Janiw kuna pächasiñas utjkiti anat phaxs tunka pusin ur saraqat unxtasïwinakat jilïr irpirinakax Internet apaqapxi. Thakhinakan may may ch'axwäwinakat jupanakax asxarapxi. Janiw yatktanti kunjamti anat phaxs tunka pusin urux jaqix jaysani ukampins regimen-ax ukurutakiw wakichasiski.

Yaqha bloger-ux Mborjan qilqt'iwa [fa]:

Since Thursday any access to Gmail, Facebook and https sites has become impossible, at least in Isfahan. I heard this only happened in big cities. In small cities and villages things are as usual.

Isfahan-an illap urut Gmail, Facebook ukat https sitio-nakarux janiw matañjamakänti. Nayax akx jach'a markanakanak ist'ayäta. Jisk'a markanakan ukat ayllunakan walikiskiwa.

Yadasht Ha sawkasisaw arsu [fa] kunatti akati wakiskiriptanixa, “jiwasax email-lant urpilanak apnaqañäni.” Ukjamarakiw Bani Man-ax yatiyi [fa] kunatti niyakixay ch'axwäwix jak'achanchixa, regimen-ax Gmail-ampir Facebook-ampiruw jark'antani. Bloger-ax mä Forbes yatiyäw jawillt'i kunatti niyakixay Internet-an Iran-ax jark'antchixa, software Tor-ax jan katjkay jisk'aptayat coneccion-anak uñakipaski.",Jichhürunakax Iran-an jan jilïr irpirnakan qhananchataw Internet-amp email-ampix chikatpach apaqti. Bloger-unakax anat phaxs tunka pusin ur jan munirinakan unxtasïwinakapatapachaw sasaw sapxi.,aym,globalvoices,Global Voices,fake news,3489911f-258d-4045-a5eb-3f2686b6378a,article,MassiveSum
https://aym.globalvoices.org/2010/09/599,,Níger: Ch’ujtat Manq’at Pisinkaña,,"Sahelenan manq’a pistäwi, janiw yatiyatakiti, jichhapachax Nigeranx 2.5 millones jaqinakaw manq’at pist’añan aynacht’atapxi. Programa Mundial de las Naciones Unidas para a Alimentación satax WFP, yanapt’ jiljatayañ akhamat amtatäna, markachirinakar jark’aqañataki, Nigeran bloggers satanakax 2005 maran manq’at pist’awix utji, ukat amuyt’apxi aka marax maymaratsipans jallun jani puritapawa.

Hombres ante el Desierto de Sahel de Nawal_ con licencia CC en Flickr

D. Evariste Ouédraogox ukjan qillqt’awayi, politikunakax Nigeranx manq’at pist’añ uchañ amtpxapuni [fr]:

En 2005, las autoridades estuvieron siempre tentadas de imponer la opinión según la cual la amenaza de la hambruna era un simple rumor malintencionado, deshonroso. [..] Sin embargo, pocos días después, su Primer Ministro (PM), con propósitos no menos falaces, solicitó ayuda a la comunidad mundial, por causa de… hambruna [..]. Hoy, la verdad está al descubierto: apenas diez días después del cambio de régimen en Níger, nos enteramos, en una declaración televisada del jefe de la junta en el poder, que la hambruna “amenaza la existencia de millones de nigerinos en prácticamente todas las regiones”. El déficit de víveres se estima en 400 000 toneladas. Todo lo contrario a los discursos de Mamadou Tandja, que era alérgico a la idea de riesgos de dificultades alimenticias

2005ni maranxa, Jilïr irpirinakax tentado ukhamapunipxanwa, ukat juk’a urunakarux Nayrïr Ministropax (PM) Mundial ukaruw yanap mayiwayi, manq’at pisinkatapalayku. […] Jichhurux chiqäki ukax yatxatiwa: Nigeran tunka uru makiptkipanx Jilïr p’iqinchirin televisióntuqi arsuwayatapat yatipta, “manq’at pisinkañax waranqa waranqa nigerunakaruw yanqhachi”. 400.000 tonelada ukhawa pisiqtawixa. Mamadou Tandja arsuwiparux janiw chiqäkiti.

Grioo.com ukax nigerunakax kamsapxisa jall ukxat jach’at arsusaw jiskt’i. “Kawkharus Uranio aljatax sarï? [fr]”

Recordemos las tensiones entre el ex-jefe de Estado de Níger y los responsables de AREVA a propósito de la renovación de los contratos de explotación de uranio. [..] Nunca se denunciará lo suficiente esos zigzags que permiten que delincuentes de cuello blanco arrebaten impunemente fondos públicos que deberían servir para salvar a numerosos ciudadanos a los que les falta alimentación, agua y cuidados básicos de salud. Por lo general, los montos de dinero obtenidos de los recursos mineros no benefician a la mayoría silenciosa. Una paradoja africana que ya no sorprende. Pero también es un escándalo que debe terminar en este comienzo de milenio. De creer que los recursos mineros no aportan más que miseria a las poblaciones africanas. Y así será siempre que no sean usados para desarrollar los cultivos de cereales.

Ex-jefe de Estado de Niger ukatx AREVA ukan ch’amañcht’atanakap arst’apxañäni, uranio explotación amtat turkakipawita. [..] Janiw yatiyaskaniti, walja markachirinakan qullayasiwi, uma, ukat yaqhanakampitak qulqinakax irtatañapawa. Ukatx qhuyanakat qulqix utjki ukax waljaniruw jan yanapt’kiti. Ukatx aka milenio qalltaruw uka jan walt’awinakax tukusxañapa. Africanas uksa markanakan qhuyat qulqinakax utjki ukax janiw yanapkiti sas sañax utji. Ukatx ukjampunispaw cereales yapuchañanakar sartayañataki.

Kathryn Richards at Care satax manq’at pisinkañ pachatx mä qawqha amuyunak arst’awayi.Ukhamax patatuqin markachirinakax uywa uywañatak yanapt’ mayiñankapxiwa:

Níger es un país de contrastes. Rico en uranio y petróleo, recientemente encontrados, pero su pueblo es aplastantemente pobre. [..] La comida está fácilmente disponible en el mercado –pero a un precio inflado que pocos pueden pagar. Las familias están vendiendo su ganado a precios reducidos para comprar comida. Mohammed Gusnam fue una de esas personas: “Es difícil. Como ganaderos, éramos como príncipes, orgullosos. Ahora la tierra de pastoreo está desapareciendo y estamos atascados en la aldea. La aldea es como una prisión para mí”.

Niger markax uranio, petróleo yänakaniwa, ukatx markapax wali pisinkiriwa. [..] Manq’anakax wali jila chaniniw qhathunx utji, ukatx juk’anikiw añlt’asipxi.Wila masinakax juk’a chanrukiw uywanakpx aljasipxi, manq’a alasiñataki. Mayni aljirix Mohammed Gusnan satawa: “Ch’amawa, uywa uywachirinakjamax wali k’uchipxayätwa. Jichhax uywa uywañ uraqix chhaqtaskiwa, ukatx aldean ataskatapxtawa. Aldeax mä mutuñ utakaspas ukhamaw nayatakixa”.

Jaysäwi, jichha manq’at piskañaxa, 2005 marat sipans jank’akiwa. Cyprien Fabre, Comisión Europea de Ayuda Humanitaria ECHO sat jefex aknïr yant’aw churi:

Mecanismos tempranos de alerta y de intervención están en marcha en la mayor parte de los países afectados, y los fondos han sido colocados rápidamente. Las operaciones están bien encaminadas en Níger, Burkina Faso y Mali. Chad necesita más actores para una intervención eficaz.

Mecanismos temprano de alerta satax walja jan walt'ayat markanakan yanapt'añatakiw sarantaski. Qulqinakax jank'a churatawa. Neger, Burkina, Faso ukatx Mali markanakanx askinjamaw sarantaski. Chad ukax walja actores ukanakaw muni.

Walja tantachawinakaw yanapanakax k'achat puski sas sapxi. 1) yanapnakax chiqpachaw puriski 2) yant'asiwix juk'amp jaya markanakaruw puri.Waljaninakaw uka desembolsux jank'akispa, chiqpachaspa sas lup'ipxi juk'apachanak manqaapayañsipansa sasa.

En el curso de las conversaciones con los miembros de las comunidades, más personas dijeron preferir efectivo que semillas. Las comunidades que han acusado las pérdidas de cosechas más importantes o que viven más lejos de los mercados, tienden a optar por las semillas; por el contrario, las que tienen acceso a los mercados, han acusado pérdidas menos graves de cosechas o tienen un acceso limitado a las tierras tienden a privilegiar el efectivo.

Aruskipawinxa, marka markachirinakamp juk’amp jaqinakamp kunax achuwinakaw chhaqti sas sapkan ukanakaxa, jathanakwa munapxta sapxiwa, maysatxa qhathu jak’ankirinakax achüwin chhaqtawiw utjaspa sasaw sapxäna.","Sahelenan manq’a pistäwi, janiw yatiyatakiti, jichhapachax Nigeranx 2.5 millones jaqinakaw manq’at pist’añan aynacht’atapxi. Programa Mundial de las Naciones Unidas para a Alimentación satax WFP, yanapt’ jiljatayañ akhamat amtatäna, markachirinakar jark’aqañataki, Nigeran bloggers satanakax 2005 maran manq’at pist’awix utji, ukat amuyt’apxi aka marax maymaratsipans jallun jani puritapawa. D. Evariste Ouédraogox ukjan...",aym,globalvoices,Global Voices,fake news,a3abc3d5-d592-49db-974e-dd4cb965834c,article,MassiveSum
https://aym.globalvoices.org/2011/08/2355,,Bolivia: Chukiyawu Markanx Kunanakas Turkakipañapaspa?,,"Luis Ramos jilax Citizen of La Paz ukanwa jiskt'asi, [es] “Chukiyawu markanx kunanakas turkakipañaspa?” sasina. Ukatx uka pachp jiskt'awiparuw tunka amuyump jayst'asi, akhamata: k'añaskunak tuqita, areas verdes, mä centro de convenciones, walja centros comerciales, anatañ parkinaka, ukat yaqhampinakaw utjayañaspa, ukhamarak ukanakax askinjamaw turkakipañaspa sasina.","Luis Ramos jilax Citizen of La Paz ukanwa jiskt'asi, [es] “Chukiyawu markanx kunanakas turkakipañaspa?” sasina. Ukatx uka pachp jiskt'awiparuw tunka amuyump jayst'asi, akhamata: k'añaskunak tuqita, areas verdes, mä centro de convenciones, walja centros comerciales, anatañ parkinaka, ukat yaqhampinakaw utjayañaspa, ukhamarak ukanakax askinjamaw turkakipañaspa sasina.",aym,globalvoices,Global Voices,fake news,f5ca42c9-b593-43f1-a5c6-ce3ac5453212,article,MassiveSum
https://aym.globalvoices.org/2010/11/731,,Chile: Yatiqirinakax Pública Yatichawlaykuw Waranqa Jila Tupunak kayuk Sarapxi,,"Patricio Contreras, Fabián Muñoz, y José Luis Mansilla, Lagos jach'a yatiqañ utat kimsa yatiqirinakax Chilena yatichaw jila chaninitapatwa 1016 ukch'a tupwa (km) kayuk sarpxi. Pública yatichaw mayiñ amtampix 30 illapuru sata qallta phaxsin Puerto Mont sata markanwa qalltawayi, amtawix Santiago de Chile capitalar puriñawa. Blogosferamp redes socialesampin chikañcht'asipxi, chileno yatiyaw taypinx janiw jilpach yatiyaskanti.

Facebook ukan aka jamuqax apaqatawa"" Derechosat arxatas kayu sarantawi: Yatichäwi"" iyawsawimp apnaqata

Santiagor sarantawix (@destinosantiago) Twitter ukan cuentapawa 400 jaqiw uñjapxi. “Pública yatichaw yatiqirinakx jikjatañ munapxi”. Facebook ukan mä pajinanipxiwa, ukan jawillt'atask mayacht'asipxañapataki:

Tres estudiantes de la Universidad de Los Lagos, dan inicio a esta caminata por la Educación Chilena el día Jueves 30 de septiembre a las 14:00 horas. Sabemos que esto nos compete a todos, esperamos que para ti sea significativa esta consigna, durante el camino que se desarrolla a Santiago se espera que más estudiantes se acoplen a esta gran causa.

Los Lagos jach'a yatiqañ utan kimsa yatiqirixa, 30 illapurunwa lapaka phaxsin kayu sarantawimp qalltapxi. Ukan yaqhanakan chikañchasiñapas suy'tataskiwa.

Uka amtax Chilen yatiqirinaktaypit (CONFECH) yaqha yatiqañ utampit mistu, Sebastián Piñera irpirin amtawipar kutiyasa, aka qhipa urun Concertación uñstayatapata

Nayraqatxa kimsa yatiqirikiw Santiagor puriñ amtapxäna, p'arxtayañataki, sarantaskapxakiwa, yaqhanakax chikanchasisipkaniwa. Twitter tiqin tamankirinakx siwa:

NO SOLO LOS MINEROS NOS DIERON UNA LECCION @destinosantiago LO HACEN POR TU EDUCACION…por TUS HIJOS, POR TI RT

JANIW QHUYAN IRNAQIRINAKAKIT UKA THAKX CHURKISTU, @

Ale Botinelli (@alebottinelli) tweet satampiw ch'amancht'i:

400 kms de Convicciones!! Estudiantes marchan a Santiago por Educación digna y de calidad! @destinosantiago RT

400 tupwa (kms) yatiqirinakax Santiago markar sarapxi, aski yatichaw mayisa, @

Sur de Chile ukan kunayman markanakat yatiqirinakax jikthaptapxi: 3 yatiqirix Puerto Montt markat jallu qallta phaxsin mistuwapxi, ukat Osorno yatiqañ utat 3 yatiqirix chikañcht'asiwapxaraki, 12ni uruw Temuco, La Araucanía capitalaparuw sarapxi, ukanx Frontera (UFRO) yatiqañ utan yatiqir masinakamp katuqatapxänwa.

Trinchera de la imagen satax sartasiwix yatichawir Presupuesto Nacional 2011 jikxatañatakiw sasaw uñt'ayi.

Uka mayiwinakax yatichawitak walja qulqi jikjatañar chikanchatawa, siwa G80.

En el Sistema Educacional chileno, priman los principios del Mercado, antes que un Estado responsable de entregar una Educación de Calidad para todos. Lo anterior conlleva a que en Chile exista una Educación para ricos y otra para pobres, donde los que pueden pagar el lucro de la educación privada o particular subvencionada pueden optar a una Educación de Calidad. Ante esto, decimos FIN AL LUCRO, CALIDAD PARA TODOS.

Chilen yatichaw thaqhix qamirinakatak pisinkirinakatax amtawiruw sari. ASKI YATICHAWIX TAQINITAKIÑAPAW SAPXTWA.

Chilen yatiqirinakax (CONFECH) blog uka qilaqawipanx uñt'aypxiwa:

por acuerdo unánime respalda y se adhiere a la manifestación iniciada por los Estudiantes de la Federación de la Universidad de los Lagos (Campus Puerto Montt), quienes emprendieron una caminata desde la ciudad señalada rumbo a la capital del País, convocando además a estudiantes que en el trayecto se plegarán a dicha manifestación, en repudio a la agenda privatizadora del Gobierno, en defensa y desarrollo de la educación pública

Federación Universidad Lagos (Campus Puerto Montt) jach'a yatiqañ utanakat yatiqirinakx mä amtawimpix kayukiw Capital de país ukar puriñatakiw sarantapxi.

FECH ukax Chilen yatichaw jila chanin payllañ thakhir aynacht'ayañatakiw sasaw yatiyi.

Según expresó Cesar Mallipán, en un diario local: “a medida que vamos avanzando, pretendemos seguir socializando nuestras demandas sobre la urgente necesidad de un mayor financiamiento de las universidades estatales, y la democratización de esta.”

Cesar Mallipán satax mä diario local qilqatanx siwa:”sarantaskasax uñt'ayasipkakiwa, jank'a jilapach qulqi estatales yatiqañ utanaktak mayiwimpi”.

Pulso: Chile Late satamp Remediosampix uñt'ayiwa, unjtasiwir chikanchasipxañapataki:

“Estudiantes de todo Chile de las Universidades se suman en el camino”

“Chile ukch'pachatw taqi jach'a yatiqañ utan yatiqirinakax chikanchasipxi”

Facebook ukan aka jamuqax apaqatawa"" Derechoslayku sartasïwi: Yatichäwi"" iyawsatamp apnaqata

Ukhakamaxa, Twitter ukanx ch'amancht'awinakaw uñjasi; ukjamarak Veronica Ramirez (@noalachibueno):

Me gustaria que se unieran cada dia mas estudiantes a la caminata por la educacion publica de calidad.

Nayatakix askispawa sapurunjam yatiqirinakan ina yatichaw mayiwimp sarant ukar chikanchasiñaxa.

Rene Aucapan (@ReneAucapan) yaqha Twitter ukan chikanchasirinakax red socialan yanapt'awip thaqhapxi:

Yo tambien Apoyo la Caminata de Estudiantes Por la Educación Publica #YoApoyoCaminataEstudiantesUniversitarios

Santiago sarantata (@destinosantiago) kawkha markachiqanakatix yatiqirinakax mäkiptapkani ukwa uñt'ayi. Yatiyawix qhanawa.

Y donde están los que decían que los caminantes se iban a volver a mitad de camino? Por la Educación Pública de Calidad,Fuerza Compas!! RT!!

Kawkhankapxisa, chika thakhit unxtasiwinkirinakaxa, chika thakhit kut'apxani sapkan ukanakaxa? Yatichawlayku juk'amp ch'amampi!! RT!!","Kimsa yatiqirinakaw 30 urukipan sata qallta phaxasin Chilen yatichawipxat arsu kayuk sarantapxi, 1000 tupwa Capital de Santiagor puriñkam sarapxi. Privado yatichaw kutiyasaw sartasipxi.",aym,globalvoices,Global Voices,fake news,74609e53-a14e-4da7-ac3a-54ccabc70078,article,MassiveSum
https://aym.globalvoices.org/2011/07/1778,,Irán: Anunak katurata (wiltata),,"Iranan chamanak jaqinakax wiltat callinakar kutt'anipxi sikuil jaytsñataki aka 2007 maranxa jan walinak lurapxi: anunak katuräta. Juk'a pachakiw jan walinak anunakar lupxi ukat ratukirakiw apsupjaraki. Ukjamaw prinsa iraní siwa, walja anunakaw jichax katuräta ukat apapxarakiw “juk'a pacha jist'antañataki”.

Gubïrn iranix anunakaparux uyxamaw amuyapxi janiw islam jaq jam uñjapxiti [en], kunatix aka jaqinakax wali sum aka anunakar uñjapxi ukjamarakiw wayna masinakapax iran markanxa munapxi, anunakax wiltat ch'axwanak qalltaspa.

Blog Animal Persian wali lart'asisaw qilqt'ikunatix iran markanxa wali juchaspawa kunatix iran markanxa anunakar munirinakax utaruw jist'atayaspa [fa] jutir pachana:

Animal Persian publica una imagen parodia de una 'escena del crimen' donde el dueño es etiquetado como 'delincuente' y el perro es el 'objeto del delito'.

1- Mantener un perro tiempo completo en un apartamento.

2- Acoger dos perros como refugiados.

3- Distribuir volantes en favor de la tenencia de perros.

4- Crear un blog con un nombre canino y escribir artículos sobre perros.

5- Pasear perros en la calle.

6- Enviar 15 mensajes de texto en apoyo a los animales, especialmente perros.

7- Tener tres libros sobre perros.

8- Visitas sospechosas a una clínica veterinaria.

9- Imitar la voz de un perro en una fiesta de estudiantes.

10- El descubrimiento de dos latas de comida para perros en su casa.

2- pä anunakax rifugiadxam apatäspa.

3- Wali sumnak anu tupit qilqt´aña uka jaqinakar churaña.

4- Jist´araña mä bluw anunakataki kunatix anunakat tuqit qilat´aña.

6- Wali sum uywa tuqit qilqt´aña ukat 15 qilqanak apayaña. Anu tuqitaki.

7- Kimsa pankanak anu tuqit utjarakiñapa.

8- Uywa uta qulliri ukanakar tumt´ir saraña.

9- Anjam arsuña jatiqt´irinakan phunchawinakapan.

10- Anu manqa pä lat mä utan uñjapxia.

Blogun Anti Hunter qilqi [fa] aka 39 miwbrunakax iran markanxa aka liy jan wali jurawinak anunakar ukjamarakiw yaqa “ uywanak” ukanakax janiw walispati ukjam amuyt'apxi khaysa markanxa uksanakat yatiqapxi ukjamarakiw “sociocultural” uka tuqit mä chhaxwawiw sapxi.

Bluwer parlamentux aka prupuita amuyt'aspa ukjam siwa, aka uywanakar jan wal uñjapxi aka islam markansa impurxamaw uñjapxi ukjamarakiw sansionataspawa. Anti Hunter kipkarakiw arst'i:

¿Quién va a juzgar, y bajo qué criterios, si un animal, una criatura de Dios, es perjudicial? ¿Podemos ignorar todos los servicios que un perro presta a la gente? ¿Estos diputados piden la opinión experta de sociólogos, psicólogos o médicos veterinarios?

Khitinas kun sanixa, wali sum anuyt'añapawa, ma uywax,tatitun wawapaw, janiw kuns lurkiti? ¿ janirakiw walisiysnati kunjams anunakax jaqirux yanaptIi? ¿ aka diputadunakax sarakiw aka jach'a anuyt'inakaru sociólogonaka, psicólowunaka ukjamaraki uywa qullirinaka ukanak amuyt´apxpan?

Dardesaraye yek Dampezeshk (prublimanak mä uywa qullirixa), qilqi [fa] kuna sumakax anu tuqit arstan Imam Ali, naryakit aka iman chïta ukax khitinakas tatitur munapxi ukanakax apnaqaspawa.","Iran ch'aman jaqinakax witat kallinakar kut'anipxi kunatix mä sikul aka 2007 maranxa:anunak katurata.  Irnan gubirnux sarakiw khitis mä anunixa ukax janiw islam marka jaqikiti, kunatix awantarakiwa. Jichasti  aka diarinakax iran markanxa sapxarakiw, jichakiw  walxa anunakax  katurata.",aym,globalvoices,Global Voices,fake news,fa7fc59f-7366-4139-85f5-41958037634c,article,MassiveSum
https://aym.globalvoices.org/2010/03/277,,Waraqat Imata: Jän Mawxankir Panka Utanakana Oraqpachana,,"Jän mauxankir panka utanakaxa kuttiwa mä amuyu qallta yakha panka utanakata, apkasina pankanaka khitinakatix jupanakpacha jän pankanak ullart’aña atipki ukanakaru. Jan ukampisti walxa chiqanakanwa jan suma q’añasku thaki, jan qullqi utxatapatxa aka panka utar tukt’at k’añaskunakaxa jan puripkiti. Ukatxa uñstapxiwa yaqha qañaskur uñtat karritunaka, qalayitus ukhamaraki motociclitanakasa pankanaqa apañataki ayllunakaru.

Blog pä laxrata panka utanaka (NdE: nayriri tuqinxa utxiwa kastillan laxra aruta maynirinsti Ingles aruta) uñxsnawa yaqhip jän mauxankir panqanaka. nayriri, paralañaniwa qalakayitxankir pankanaka. Amuyañsipanxa wali mintatawa aka “qalakayitunkir pankanaka” Colombia markana, yatichir Luis Soriano jupampi p’iqinchatawa, qalakayupawa pankanak api, aparakiwa mä mesa picnic doblable ukhamaraki panka qalakayitumpi ukhamipanxa sarapxiwa pusi pachanaka puriyañataki pankanaka aka yatiqir wawanakaru. Ullart’arapiwa siwsawinaka, yanapt’iwa yatiqañ lurawinanakapampi ukhamarusti churarakiwa taki kasta pankanaka ullart’añapataki utapan jan utjki ukanaka. Kunjamsa amuyt’ayi, wawanakaru pankanak tuqi aka chiqaxa uñxapxaspawa yaqhawxa markanaka, yaqhawjankir jaqinaka, ukjamaraki jupanakan qamachinakap, lurawinakap, amtanakap yatiqasina markapataki, aka yatiñampisti jupanakax sapxaspawa jän yanqhachasiña ukjamaraki jan ch’axwaña sasina.

Aka waraqat imatanakatxa utjiwa wali suma jach’a lurawinaka Luisuna jakawipana: despuésukatxa waraqat imatanakaxa markaru uñicht’ayawa, yanapanakaxa taqi chiqatwa puruni panka uta utachañataki, jichhaxa aka panka uta lurasiskana ukaxa tukuyataxiwa: ukanqjiwa estantinaka, mesanaka ukjamaraki 250ni gloria wawanaka jichhaxa atipxaspawa aka panka utanakaru purt’aña sapa uruna, sapa paxsina. Luisuxa saraskakiw qalakayr sillantataxa, apasina pankanaka khitinakatix jayankapki ukanakaru puriyañataki. Jutirinsti uñjaraksnawa mä jallallt’awi aka Waraqat imatana kawkjantixa Sr. Sorianoxa jallallt’i taqi kjitinakatix yanapt’apki jupana amuyunakapa phuqhaski ukanakata:

“Qalakayu pankanakaxa” aqtkaspasa ukjamawa. Yaqhawxa Colombia markanxa, Arhuacukaxa uka kikiparakiwa aski yatintapxi aka tuqixa aka ankhuma Santa Marta tuqina. Blog pankaqalakayitu yatiyiwa jupan lurawinakapa jamuqanaka tuqi. Venezuela markanxa apnaqapxiwa mulanaka qalakayu lanti, ukatxa amtapxiwa waraqatanak uñit’ayaña Internet tuqi, jan panka tuqi uñit’asa ján ukampisti digital tuqi uñit’ayasa. Etiopía, markanxa kunjamatix uñicht’ayaski jutir waraqatanx, markachiri etíope-norteamericano markankir Yohannes Gebregiorgis jaqixa kut’wa Etiopía markaru amnaqt’añataqi pankaqalakayitunaka. Jupan jach’a amuyupaxa utjiwa pankanak katjaña kuna kasta laxratsa aka markana parlawinakapata ¿jupan amuyupaxa? Jupapachawa qillqt’awayi jupana jakawinakapa kimsa laxra tuqi, jichhaxa irnakt’askiwa walxa pankanak lurt’añataki ukat markaru uñicht’ayañataki.

Qalakayituru, mulanakaruxa juntacht’asiwa camillunakampi. camello-pakanakampi Kenya markana apapxiwa pankanaka yatiqañ utanakaru aka markana wawanakan yatiqapxañapataki ullarañ awali munasiñapataki, ukjamarusa apapjarakiwa ayllunakaru. Kawkjantix päch uñxasa yaqhawxar yaqhawxar sariri jaqinakanakax utjki ukanak thiyarusa. Aka pankaakaxa sarañapawa jupanak chika. Wali pisin jakasir markanakanxa pankanakaxa wali yaqatawa mä qawkhaniqiw ullart’apxi. Aka jan mawjankir panka utanakaxa apapxiwa siwsawinaka, chiqa lurawinakat qillqt’at pankanaka, yatiqañ pankanaka kjitinakatix mayt’asipki jupanakaxa apsipxaspaawa mä semanasa , camello-panka utanakaxa kutch’ispasa ukjaxa jupanakax mayt’asiskakispawa ukjamaraki yaqha pankanaksa mayt’asipjarakispawa. Jutiri waraqatanxa uñxarakismawa mä wawan Camillu Panakanak puriykiri uñjki uka, ukjamaraki pankanaka apsuskiri yatichaskiri awkiparu jakjuwinaka mä panka utaru apki ukata:

Jutiri waraqataxa mä uñt’awi Ruud Elmendorp ukawa aka camilla pankanaka tuqita

Perú markanxa, panka utanakaxa jilatatawayiwa pankanakaxa motocicletatuqi. Ma amtawiwa akata nayrakataru, pankauta comunitario Obraje sata aparakiwa pankanaka yaqha ayllunaru wawanakataki, mä lurawikaspasa ukjama aka jakaña tuqita ukjamaraki ullaraña tuqitsa:","Jän mauxankir panka utanakaxa kuttiwa mä amuyu qallta yakha panka utanakata, apkasina pankanaka khitinakatix jupanakpacha jän pankanak ullart’aña atipki ukanakaru. Jan ukampisti walxa chiqanakanwa jan suma q’añasku thaki, jan qullqi utxatapatxa aka panka utar tukt’at k’añaskunakaxa jan puripkiti.",aym,globalvoices,Global Voices,fake news,ecce275d-aad2-4f5d-b5a5-f65c858fec2a,article,MassiveSum
https://aym.globalvoices.org/2015/04/7138,,Tanzania: markanx swahili arut yatichasxäni janiw inglés arutx yatichasxaniti,,"Escolares en Arusha, Tanzania. Foto por el usuario de Flickr Colin J. McMechan, bajo licencia CC.

Tanzania markax nayraruw ñä sartañampiski, inglés aru qhipar jaytxañataki kunalaykutix markapachanx swahili tayka aru yatiqañ utanakan yatichasxäni. Jakayakikwete marka irpirix machaq sistema educativo apsuwayi ,tunka kimsani uru anata phaxsina aka 2015 marana, programa de desarrollo National Vision 2025 wakichäwiparjama ukhamarakiw educación básica churasini 7-11marani wawanakaru, ukat primaria ukhamarak secundaria yatiqirinakatakix inakiniw yatichäwixa, ukampirus wawanakatakix janiw yant’äwinakax mara tukuyanx utxaniti. Sasispaw jichhapiniw Africa markanx q’alpach yatiqirinakarux tayka arut yatichasispa, jani ukhama lengua extranjera uka arutak yatichatazkaspati. Mä aruskipäwinx aru turkakipaw utjatapatx, Atetaulwa Ngatara, director adjunto de políticas del Ministerio de educación ukat Formacion profesional tuqinkirix siwa inglés arutx yatichasiskakiniw, yatiqirinak sum yatiqapxañapataki, ukampirus janiw munaskiti q’alpach materianak inglés arut yatichasiñapaxa.

Mä artículo qillqt’atanx aka cambio de política utjatapatx Facebook tuqiruw apkatatana Oliver Stegen uka jaqixa, jupasti asesor lingüístico de la organización sin fines de lugro de desarrollo del idioma tuqinkiriwa SIL International, jupax alemán markatawa, ukhamarakiw swahili aru arst’asirirakiwa, jupasti akham kunayman arunak uñist’ayawayaraki.

Janipiniw juk’ampx Gooodmauningteacha sasa. Paul A Kijuuarst’awayiw swahili aruta inglés arux yatiqirinakarux robots ukaruw tukutawayi sasa:

Nayax siristwa, Oliver Stegen juparux kusakiw aka turkakipäwixa. Yatichasiñapaw kawkir aruts yatipki uka aruta. Inglés arux janiw yanapt’kistuti ñakixay ma robotxama tukuystuxa. Yatiqat markachirinakax janiw lup’ipkiti ñakijay jan yatipkchitix kuntix yatiqapkan ukxa.

Vera Wilhelmsen jupasti sarakiw janiw munaskiti taqini universidad tuqiru sarañapaxa, ukampirus taqiniw sum yatichhutäpxañapa:

Siristwa wali kusaniwa aka yatichäwimpixa ñakijay taqini kust’apchinixa. kunatix janiw taqini secundari a yatiqawkamax puripkiti ,ukampirus yaqhipanakax janiw tukuyañkamas puripkiti. Ukhamarakiw problema-nipxaniwa ñakixay jani yatiqirinaka ni yatichirinakax wakicht’atapkiti inglés arut swahili aruru turkakipañatakixa. Ukampirus yatiñasawa ukat mistsuña, nayax wali kusa sasaw lup’ta. Ñakixay jan munaskchitix taqin universidad tuqiru sarañapaxa, ukampirus taqiniw suma yatichatañ munapxixa!

Ukampirus janiw taqini uka amtampipkiti. Steve Nicolleseñaló jupax sarakiw :

Escuelas privadas uka yatiqaw utanakanx matricula irxatayasipxani ,ñakijay inglés arut yatichaskakchixa. Ukampirus amuyapxam político-nakax yatiqañ utanak jist’arasipxani akat nayraruxa sasaw arst’awayi.!

EllyGudo jupax Steve Nicolle kipkraki amuyi kunjamatix político-nakax wali benificiado uñstapxani:

Nayax Steve Nicolle kipkraki amuyta. Nayax Tanzania markan jakanirxamx sapxirismaw politico-nakax wali benificiado-wa tukupxani aka machaq politica-mpixa. Kunatix clase media ukhamarak alta ukanakax nayraru uñtasaw wal sartañ munapxi, ukat wawanakaparux kawkhantix inglés arut yatichaski uka yatichañ utanakaruw qhitapxani. Ukat ukax mayninakatakix jan waliniw kunawsatix Universidad tuqiru mantañ munapkani ukhaxa ,ukampirus janiw irnaqañ jiqhatapkaspati. Akat pä tunka maranakarux, clases sociales ukanakax payar jaljtataspäwa. Tanzania markax francés-markxama mä revolución munasi.

MuddybMwanaharakati jupax akham swahili arut sasi:

Oliver Steve jan laruyistati. Jupanakax jan wali aka tuqit sapxi. Wawapanakax inglés arut yatichaski uka yatiqañ utanakaruw sarapxi. Nanak pobre-nakasti sarasipkakiw jisk’a yatiqañ utanakaruxa ,ukat yatiqasipkakiw inglés arutxa iyaw, iyaw, jisa janiwa jisa janiwa sasa. Ukampirus jumanakan wawamanakax wali suma inglés arut arst’asipxani. Oliver wali jayan jiqhatasisktan, kunatix gobiernunx yatiyawinakax inglés arutaskakiwa.

JosephatRugemalira sarakiwmachaq política janiw sinti jan walikiti kunjamtix jaqix amuyki ukhama:

Munasiw wali sum ullaraña kuns kamachix sasi ukxatxa: siw swahili uka arux yatichasiniw thiyapataru ukat sarakiw inglés arux yatichasiskarakiniw thiyapataruraki (akax sañ munarakiw nivel primario ukampina). Ukat nayax siristwa machaq yatiqañ utanakaw lurasispa swahili arut yatichañataki,ukhamarakiw jichhax escuelas primarias tuqinakanx inglés arut yatichasxarakispa.

Uka pachpa articulo tuqinpachaTrendingKenya, MargaretNjeru yatiyi kawkhantix aka machaq sistemax janiw chhaqhaykiti idioma extranjero ni payir arunaksa jan ukasti sum yatiqapxañapatakiw lurasi.

Jisnaw sum sarantañapataki. Yatiqawix nayrar sartañapaw ukatakix yatichasiñapaw kawknir arut yatipki uka aruta ukhamat yatiqapxañapataki. Uraqpachanx janiw nayrarux sartapkiti siti idioma extranjero yatichasispa ukhaxa; ukhamat idiomas coloniales uka arunakax janiw africa markarux nayrar sartañapatakix yanapkiti. Siti nayraru sartañ munstan ukhax arusaw parlasiñapa. Ukampirus akax janiw sañ munkiti idioma extranjero chhaqhayaña (payir arunaka), jan ukasti sum sarantañapatakiwa utji uka turkakipawixa.

KwameAboagyesarakiw pachaxiwa african markachirinakax arupat arsusxapxañapa:

Pachaxiw africa markan markachirinakax arusat arst’asxaña ,kawknirinakatix twi, yoruba, swahili ukat mandingo arunakasaxa. Nayrir pachanx inglés arux janiw jiwasan arusakiti ukat munasiw ikit sartxañasa ukhamat khitïtansa jiwasaxa yatiña.

Aka turkakipäwix wali ch’amaniwa ukampirus nayrar sartañasawa, sarakiw Christina Higgins:

Wali suma yatiyäwiw janichä. Jichhax wali ch’amaniwa kunjamas turkakipäwix swahili arurux lurasini yänak tuqinxa, exámenes ukat yaqhanakampinakanxa. Ukampirus turkakipäwix sinti jach’awa.","Tanzania markanx Jakaya Kikwete jilïr irpirix  machaq sistema educativo apsuwayi, yatiqañ utanakanx swahili tayka arupatw yatichasxäni.",aym,globalvoices,Global Voices,fake news,15df89b7-425d-46ea-9eab-18ec47781956,article,MassiveSum
https://aym.globalvoices.org/2012/10/4867,,"Iran: “Sapak Siria-r Jaytxapxama, Jiwasat Lup’ipxam”",,"Security forces in Tehran on October 3, 2012, Source: Greencity

2012 maran taypi sata phaxsin pusi uru saraqataruw Gran Bazar Tehran-an ñanqha urux aljasiñ utanak janiw jist’arapkänti, mayüruxa,pacha urux aljasirinakamp alakipanakampiw jichha qulqi inak iraqtatapat jan manq’añar mantapxäna. Pacha urun jach’a tantachasïwinakampitas Bazar-an jach’unak ukankapxatapatas ukat aljasiñ utanak jist’antatätapatas ukjamaw ukatuqinakat Irán Intirnit apnaqirinakax walja uñtañanak uñicht’ayapxäna. Kalmeh, jan munirin sitio web-apan yatiyiwa kunati pacha urux walja unxtasirinakaw katuntatapxäna.

“Sapak Siria-r Jaytxapxama, Jiwasat Lup’ipxam”

Tehrán-an Plaza Toopkhone-n jaqix “Siria-r sapak jaytxapxam, jiwasat lup’ipxam” sasaw arnaqasipxäna. Walja kutiw Irán jilïr irpirinakax sapxäna kunati akax Siria kamachiruw yanapt’i, ukat jichha yatiyäwinakax sapxänwa kunati Siria-rux 10 waranqan waranqap Iran-ax apakipäna.

Akax jan wali yatiyäwirakiwa kunawsati Irán markachirinakax anqäxat jutir qulqi pisinkañ t’aqhisisipki.","2012 maran taypi sata phaxsin pusi uru saraqataruw Gran Bazar Tehran-an ñanqha urux aljasiñ utanak janiw jist’arapkänti, mayüruxa,pacha urux aljasirinakamp alakipanakampiw jichha qulqi inak iraqtatapat jan manq’añar mantapxäna. Pacha urun jach’a tantachasïwinakampitas Bazar-an jach’unak ukankapxatapatas ukat aljasiñ utanak jist’antatätapatas ukjamaw ukatuqinakat Irán Intirnit apnaqirinakax walja uñtañanak uñicht’ayapxäna.",aym,globalvoices,Global Voices,fake news,0b034084-46d9-4e91-ad05-59c8e7baa43e,article,MassiveSum
https://aym.globalvoices.org/2016/10/8390,,"Global Voices Podcast: Jiwasanaka, marka",,"Global Voices ukan podcast ukax jiwasanakan qillqatanakasaruw uñti. Elizabeth Rivera, Giovanna Salazar ukat Juan Tadeo yanapiranakasampiw México markan políticapxat aruskipt'apxta.

Ukakipkarakiw Colombia, India, Siria ukat Estados unidos markanakat uñacht'ayañ munapxsma, kawkhantï wawanakar maxt'anakar jikxatapxta jupanakax mayjt'aw uñacht'ayañatakix munkir jan munkiriw iyawsayatapxi.

Joey Ayoub, Gabriela García Calderón, Tori Egherman, Palash Ranjan Sanyal ukat taqpach qillqirinaka, jaqukiprinaka, uykhamarak askichasin uñt'ayirinaka yuspajara jumanakaw aka qillqaw lurapxtaxa.

Aka qillqäwitakix mä jaylliw licencia de Creative Commons ukamp uñt'ayapxsma, Please Listen Carefully de Jahzzar; First steps on earth de David Skeztay; Backward de David Szesztay; Making A Change de Lee Rosevere; Breezin de Podington Bear; Indian Summer de Zero V; y Cree de Satellite Ensemble.

Aka qillqatan jamuq apnaqatax Pedro Kumamoto Facebook pajinapankiriwa Jan jan antut'asiñanïti, pirqanakas jaqutatiriwa” sasin saraki.

Podcast: Play in new window | Download","Aka simanax  Elizabeth Rivera, Giovanna Salazar  ukat  Juan Tadeo yanapirinakampiw   México markan politica ukamp jan iyawapxatapat aruskipt'apxta.",aym,globalvoices,Global Voices,fake news,a367946f-62af-44b1-94e0-aab128a1bdc8,article,MassiveSum
https://aym.globalvoices.org/2011/10/2995,,USA: Wali Yatxatat Dennis Ritchie-sax Jiwxiwa,,"New Jersey-an taypi sat phaxsin kimsaqalq ur saraqataruw atamirit yatxatat Dennis Ritchie -x paqalq tunk maranïkas aw jach'a luräwinak jaytas utapan jiwxi. Ritchie-x mayïr sapa kut apanaqat C programming language-san luriripänwa.

Taypi sat phaxs tunka payan ur saraqataruw BoingBoing -nat jutir Xeni Jardin-arxamaxa, nayrïr yatiyäwinak yatt'ayir Canada-nkir software Rob Pike via Google+ injiñirunwa. Ritchie-xamaxa, jupax Bell Labs.-anx luratanakapat uñt'atäna.

(Twitter-ar anatañ arunak atamirir apkatañ jawskasa) jupax qilqäna:

One of the few public photos of Dennis Ritchie (1941-2011). Source: Wikipedia (Public Domain)

He was the designer and original developer of the C programming language, and a central figure in the development of Unix. He spent much of his career at Bell Labs. He was awarded the Turing Award in 1983, and the National Medal of Technology in 1999.

“Ritchie's influence rivals Jobs'; it's just less visible,” James Grimmelman observed on Twitter. “His pointer has been cast to void *; his process has terminated with exit code 0.”

Jupax C programming language-san ukat Unix-ampin luriripänwa. Carirapanx askpachapinix Bell Labs-ankänwa. 1983-san Turing Award churapxäna, ukat 1999-nx National Medal of Technology-sarak katuqäna. “Ritchie-san mayjt'ayir Irnaqäwinakapaxa'; janiw sum uñjañjäxiti,” James Grimmelman-ax Twitter-an uñjäna. “Puntirupax ch'usawjar jaqtatänwa *; luräwipax 0 mistsuñ chimpumpiw tukuyawayi.”

Taxgedo-n blog-apax Ritchie-san pankapan arunak “The C Programming language” mä yanapt'äwxam arunak uñstayañatakiw apnaqäna ukat qilqäna:

We lost a tech giant today. Dennis MacAlistair Ritchie, co-creator of Unix and the C programming language with Ken Thompson, has passed away at the age of 70. Ritchie has made a tremendous amount of contribution to the computer industry, directly and indirectly affecting (improving) the lives of most people in the world, whether you know it or not.

Juchhürux jach'a jach'a tiknulujiy chhaqhaytana. Dennis MacAlistair Ritchie-x Ken Thompson-ampi, Unix-ampi, ukat C programming language-samp uñt'ayirix 70 maranïkasaw jiwxi. Ritchie-x Atamirtuqirux walpin yanapt'awayi, yatims janis aka uraqpachan niya taqinin jakäwinakapar yanapt'asaw mayjt'äwayi.

Overclock.net -an machaq uñstäw yatiyäwinakat mä arst'irix Andygoyap sasaw sutiyawayi, ukampinsa juparux Sir Isaac Newton-ampiw iwalt'äwayi, khititi nayratpach wali uñt'at phisikat yatxatata ukjamarak matimatikat yatxatatänwa.

Isaac Newton once said he stood on the shoulders of giants. Dennis Ritchie was a giant on whose shoulders people like Steve Jobs stood on. ….You don't know him? He is the Father of C, without him Operating Systems (Windows, Apple) wouldn't be here; Games, Programs, Apps on your Apple, Android, wouldn't exist. Many say he is the Father of Computer Science, He has so many achievements…

Maykutix Isaac Newton -ax jach'a wali uñt'atanakan kallachinakaparuw sayt'asïyata sasaw säna. Dennis Ritchie -sax wali taqin uñt'atänwa, ukat jaqix Steve Jobs -arux jupan kallachipar sayt'asiñak munapxi.

…. Janit jupar uñt'kta. Jupax Atamirin uñstayiripawa, jan jupäkaspan ukax janiw Operating Systems (Windows, Apple) ukanakax akan utjkaspati; ukapachparakiw Games, Programs, Apps on your Apple, Android, ukkïrinakax janirkkiw utjkaspati. Waljaniw jupax Atamirit yatintañan uñstayiripaw sas sapxi, jupax walja jikxatatanakaniwa…

Khithiti jan atamir askichañat yatxatatäk jupatakix amuyañax ch'amaspawa. Ritchie-x janirakkiw jikxatatanakapat jach'achaskänti. Niya taqi atamir apnaqirinakaxa, sañäni GNU/Linux and Apple's Mac OS ukanakat chiq jutiripxiwa. Luqtirinakxamapasa, Google web search-xamapansa, jan ukax routers ukanakxamapansa, UNIX jan ukax GNU/Linux ukanakx Intirnitatakiw ut churi.",New Jersey-an taypi sat phaxsin kimsaqalq ur saraqataruw atamirit yatxatat Dennis Ritchie -x paqalq tunk maranïkas aw jach'a luräwinak jaytas utapan jiwxi. Ritchie-x mayïr sapa kut apanaqat C programming language-san luriripänwa.,aym,globalvoices,Global Voices,fake news,a83aeb9f-40f2-45d0-9b3a-330f67019595,article,MassiveSum
https://aym.globalvoices.org/2015/04/7127,,"Muisca arur arut arun ch’amanchañataki, jan chhaqtañapataki",,"Observatorio astronómico muisca – Imagen de amanderson2 bajo licencia CC BY 2.0.

Muisca arux chhaqtaskiwa. Aka arux (familia de las lenguas chibchenses) uka taypinkiwa, muiscas uka jila kullakanakan arst’atänwa, Bogotá-Colombia markan thaya uraqin jakasirinakan arst’atanwa. Muisca arun saräwipxatx qillqat pankanakax utjiwa khä XVI ukat XVII maranakata, uka pankanakax kawkhanti jan amtat panka imatanakax utjkï ukhat aptanitawa. Uka arux chhaqtaskiw sasinx rey Carlos III de España jupaw yatiyatäna, jupax uka markan juk’amp yatxataw lurañanakapx janiw munkataynati. Uka jark’äwix constitución de Colombia khä 1991 maran iyawsasiwayk ukhakamaw utjatayna.

Uka arux janiw arusutaxiti sasas uñt’atakchixa, ukampirus arunakapax colombianos jupanakatx sapurunjamaw arst’ataski. Aka arunakanx uywanakan quqanakan muxsa achunakan sutinakapaw utjaski, “muisquismos” ukham uñt’atawa, Bogotá uksar jakasir jutirinakatx arunakax arst’ataskiwa.

Aka arun chhaqtatapax Colombia uksan Jach’a yatiqañ utanakan walja lingüistas ukat antropología yatiqirinakaruw p’arxtayawayi jan ukax amuytatayawayi, jupanakax arur juk’at juk’at nayraqatar sartayañatakiw irnaqt’awayapxi. Proyecto “Muysccubun” ukax herramientas digitales ukat redes sociales uksan muisca aru uñt’ayañampiw saranti. Uka tamankirinakan luräwinakapax (fuentes originales) muisca arun qillt’aña ukat wiki uka jichhakipstayañawa. Mä diccionario ukaw Internet uksan español arut muisca arur uñstayasiwayi, Android uka apnaqäwimp inakiw apnaqasispa.

Aka documentación ukax Página Facebook del grupo uksan uñt’ayataski, muisca arux enlace documentación de la wiki ukamp chikt’atawa. Jisnawa:

Fon. Gonz. */iaia/ Fon. Cons. */iaia/

1. Challwa katuñ *qana. 2. Ñik’ut jan sanjasita.

Proyecto Muysccubun uka taman chikancht’asirinakarux tecnologías apnaqäwix p’arxtayawayiwa, jupanakax janiw ukak lurañ munapkiti jan ukastï juk’amp amtanakanipxiwa, Instituto Caro ukat Cuervo ukanakamp chikt’atax sáliba-español Internet uksa aru pirwa lurañ amtapxi, ukax Android ukatak apnaqäwimp wakisirirakiwa. Maysatstï, Mozilla Colombia ukamp yanapt’atax navegador Firefox jaqukipawir ch’amancht’añatakiw sarantasipki.

Yaqhip pata markan yatiqañ utanakanx muisca arut yaticht’añ amtanakax waljaw utji, Bogotá markan yaqhip yatiqañ utanakans ukakipkarakiwa, tamankirinakax uka documentación luräwimp medios digitales ukan muisca arur ch’amanchañatak kuk’amp yanapt’asp ukwa suyt’asipki.","Muisca arux chhaqtataxiw sasin uñt’atäxiwa, ukampirus  colombianos jupanakaw mä tama utt’ayasisin  wikis uka apnaqäw jawsañanakatak, redes sociales ukanakatak uñstayasipki, ukhamat arur juk’amp ch’amanchañataki.",aym,globalvoices,Global Voices,fake news,e43110c9-ed69-4bb5-ac94-494590f4f638,article,MassiveSum
https://aym.globalvoices.org/2011/10/2542,,Irán: Urmía qutar qhisphiyañatak qhurut arsusiwinaka,,"Mä kutimp traris urmania uka tuqin callinakan walxa jaqinakaw ch’axwapxi, aka markanakan Azerbaiyán ukjamaraki iran markanxa gubirnurux jan wali jaqitakix salvañ munapxi urmani qutanxa, kunatix mundunx jach’a jayuk’ar qutaw.

Moribundo qutar qhisphiyañataki, markar qhisphiyañataki

Foto del lago Urmía desde el espacio en 1984 por NASA (PD vía Wikimedia Commons)

Jach’a iran jilaqatanakax ratukiw arsupxaraki. amuyt’awinakax janiw yatiskiti yatiawinakan, utapan iran markankiwa, kunatix uskutarakiw yoyube bluger ukanja ukjamarakiw wal uka tuqit arsupsi.

El bloguero Urmuiscierli qilqaña [fa] kunatix callinakax aka seguridad ukanakampiw wal nuwarasipxi ukjamarakiw jaqinakarusti alinakaruw chinurapxi aka chaxwawina. Yaqipanakasti mayipxarakiw aka iraninakaxa yanaptäspa aka azreis aka chaxwawinakanxa.

Quta tuqin mä riprisa lurañawa, kunatix uma qatuqañan wañtiwa, urmania markanxa umax sintipuniw wañtxi. Ukjamarakiw jalluqarax waljapti, aka jamachinakaru ukjamaraki markarux jan wali lurawayi. Qutax wañqataspa, walxa jaqinakaw yaqha chiqar jakir saräspa.

Urmíanxa, jaqinakax sapxarakiw qutax wañqataskiw kunatix jach’a jilaqatanakaw juchanipxi.

Azarakanxa qilqiwa [fa] kunatix Azerbaiyán ukanakaw qalltawayi (iraninakaw) yanaparaksnawa sayt’asiña mayaki aka jacha fuerza gubirnaminta uka nakaru. Kunatix sartasiraksnawa aka chaxwawinakanxa wal suma jakañataki.

1freecountry qilqiwa [fa] urmania qutax Teherán ukjamarakiw Tabriz janiw uñtkiti, kunatix wali sumaw yaqhip simananakax luraña.

Los guardias revolucionarios son los responsables de la construcción de tales represas para generar grandes ganancias. Deberemos estar conscientes que los guardias revolucionarios tienen una cyber armada; en ocasiones como éstas publican y comparten los contactos destinados a dividir a los iraníes.

Guardianis rivulusiunariu ukanakaw yatipxi aka riprisa lurawikata kunatix jupanakax juk’amp qull munapxi. kunatix amuyaraksnaw guardianis ribulisiunariu ukanakanxa jach’a cibir armadaw utji; kunatix jupanakax akhamanakan iran jaqinakarux sapart’añ muni.

Doughodushab jawsarakiw [fa] iran jaqinaqar quta Urmía ukjamarak Azerbaiyán jak’aqañatski. bluwirixa sarakiwa taqiniw islam rigimin ukampiw katuratatan ukjamarakiw taqiniw culturusa ukanak wali sum uñxaña.

Andarbab amtarakiw [fa] aka martis teheran ukat yaqha markanakan wal chaxwapxi ukjamarakiw wal yanapañ azerbaiyan ukar munapxi.","Tabriz ukat Urmia uka callinakanxa walxa jaqinakaw chaxwapxi, aka azerbaijan ukjamarakiw iran markaxa gubirnurux wal mayipxi aka quta urmia ukar yanapañataki. kunatix aka quta wali jayuk’ar umaniw ukat sinti jach’arakiw aka urakinaxa.

Una vez mas miles de manifestantes han llenado las calles de Tabriz e Urmia, en la región de Azerbaijan, en Irán, para pedir al gobierno iraní salvar al moribundo Lago Urmia, uno de los lagos mas grandes de agua salada del mundo.",aym,globalvoices,Global Voices,fake news,31476b18-a24e-4fc6-8512-dd9eb2af46a7,article,MassiveSum
https://aym.globalvoices.org/2012/12/4774,,Europax pisinkañana: Global Voices-at nayrïr E-Book,,"Aka qillqatax Europa markax pisinkañankiw satak ukxatawa.

“Europa markax pisinkañankiwa” [en] Global Voices uka amta [en] ukankiwa mä suma aruskiptañataki aka ridis socialesl, kunatixa partisipxapxi nayrakaqat apsuwayapxi uka jaqinakaw jan wali pachanak jupankar wakt´i khaysa jaya markanakan.

Aka e-book utjiwa mä licencia Creative Commons Attribution 3.0 [en]ukankiwa kunatix disponible para descargarse [en] kimsa kastanakawa utji:

- PDF (3,2 MB) – ePub (3,2 MB) – Mobipocket (2,8 MB)

Cubierta del ebook “Europa en Crisis”.

Kunatix introducción original churasiwayi aka temamtxa, aka e-book 13 posts en inglés ukampiwa (ediciones yakha arunakata ukat kursunakaw jicha pachax utji) kunatix imantapxi aka Grecia, España, Portugal, Italia uksa markanakana, afectiwa aka crisis bancaria ukjamaraki monetaria, ukampisa medios ukanakaxa partisipxiwa.

Aka e-book [en] ukax luphitawa mä herramienta flexible kunatix suma qhananchañataki ukamaraki aruskipt´añataki aka timanakata aka pachana.

Aka julio de 2012, jiwasan equipusax utjaraki 80 voluntarios kunatix 80 post aka ingles uka lurawayapxi, taqpachaw yakha arunakaru jaquqapxi.

Global Voices Books [en] objetivupaxa “ kunatix taqinuw medios ciudadanos kumpartsna jutir pachanakana“, kunjamatix subtitulunasu uyllart´asi, kunatix mä jach´a archivo Global Voices ukjamaraki aka pachanxa producción poliglota. Publicaciones electronicas ukanak apsurakiñani, yakha tuqinakata, timinakata, arunaka, medios, etc. Ukjamarakiw walja kastanakaw utji, kunatix aka aka markasanxawali sumanak uñistaytan aka jaya maran.

Amp suma,¡sapxam yaqhinakaru, uñakipt´am sitio web Global Voices Books [en] ukat participapxama!

Aka post mä kubirtura especial ukankiwa Europaw markax chaxwawin .","Ukankiw mä suma aruskiptañatak aka ridis socialesl, kunatix chikanchasipxi
nayraqat apsuwayapxi, uka jaqinakaw jan wali pachanak jupankar wakt´i khaysa jaya markanakana.",aym,globalvoices,Global Voices,fake news,689b1136-8171-4609-8331-340e3ff49d60,article,MassiveSum
https://aym.globalvoices.org/2012/12/5121,,Global Voicesamp ukat jiwasan ch’amasampi · Global Voices Aymarata,,"Global Voices ukanx kunjams lurapt ukxa yaqhip pachax jiskt'asiritati? Akan kunjams 700 markachirinakaw global virtual ukhan historias ukanak apthapipxi. Sapüruw yanapt'asir p'qinchirinaka, editores, qillqirinaka,ukat ajqukipirinakax irnaqapxi, kunayman arunakan medios ciudadanos ukat sociales uka jiltayañataki, libertad de expresión en línea ukxata ukat yaqhanakan chikancht'asipxañapataki. Qullqi yanap mayt'as campañamp aka mara tukusin sarantkasa, Global Voices ukar ch'amanchañataki.

23 taypi sata phaxsita 2012 marata: João Miguel [en] Brasil markat utatpach mä correo electrónico ukan masinakapan sutinakap apayi, guaraníes kaiowá ukakat chikancht'ata, uka payïr qutux Brasil markan wali uñt'atawa, Mato Grosso do Sul. Janet [en], Reio Unido ukana, jank'akiw mä jisk'a qillqaw inglés arun uñt'ayi, ukhakamax yaqhanakax Brasil, Portugal ukat España markanakat sarap yatxatasaw sarantapxi.

24 uru taypi sata phaxsit 2012: Sara [en], Global Voices portugués ukan editorapaxa, mä historia uñt'ayi [en] portugués aruna Diego [pt], Elisa [pt], João Miguel [pt], Luís [pt] ukat Raphael [pt] jila kullakan yanapt'apampi.

25 uru taypi sata phaxsit 2012 marata: Janet jupax inglés aruruw jaqukipi, Paula Multilingüe ukan Editorapamp [en] Londres ukat João Miguel jupan yanapt'apampi. en Fortaleza para la subtitulación del video insertado. Inglés ukax mä lista subeditores ukan correonakaparuw apayi, kawkhanti Kevin [en] Melboure, Australia ukax uñjaski. Kevin qillqat uñt'ayatya askicht'i [en] sitio Global Voices inglés uka aruna.

Juk'a pachanxa, kimsa continentenakata, phisqha suyuta (países) ukat paqallqu jisk'a markata jaqinakax yanapt'asiniwapxi “Grito de resistencia de los guaraní Kaiowa uka sarawxata” [en] uraqpachana portugués ukat inglés aruna.

26 de octubre de 2012: Ines [fr] kullakax qillqatw francés arur jaqukipi [fr].

31 taypi sata phaxsit 2012 marata: Cristina [ca], Mario [de] ukat Gabriela [es] qillqäw catalán, alemán ukat español arur jaqukipapxi.

2 uru jalluqallta phaxsit 2012 marata: Giuliax [it] italiano aruruw jaqukipi .

Jichhax Global Voices ukan yaqhip jaqukipirinakax uka kipkarakiw lurasipki, yaqha arunakan juk'amp jach'aptayañataki.

Aka qhipa maran fundaciones ukat yanapt'anakamp yanapt'asinipk ukanakaruw jallallt'ata, juk'amp nayraqatar sarantañataki. yanapanakax ayudan servidor ukan espaciopar yanpt'añatakiwa, ukhamarak administrativos, Global Voices ukanakataki.

Aka mara tukusinxa, mä waxt'a Global Voices .","Aka maran yanapanak katuqañatak mä campaña ukamp sarantasa,  700 chikancht'asirina,  aka global ukax  may maya saranak apthapi. Aka mara tukusinx  Global Voices ukar waxt'awimp yanapt'ama.",aym,globalvoices,Global Voices,fake news,bd3ee1bc-f1bb-42a9-9128-61dcfa5beef7,article,MassiveSum
https://aym.globalvoices.org/2012/07/4469,,Unión Africana ukan 53 markapatak jan walt’äwi · Global Voices Aymarata,,"Aka uñart’awix (post) jiwasan jach’a uñakipaw Markanakan Aruskipäwit ukhamarak Suma Qamäwtuqitawa [en].

El presidente de Guinea Ecuatorial Teodoro Obiang y el presidente de la Unión Africana Jean Ping en la Cumbre de la Unión Africana en Malabo. Embajada de Guinea Ecuatorial markat jamuqa.

2011 marax continente africano uksana ch’axwawïw utjan, sartasiwïnakampi, marka irpir jaquqaw yant’awinakamp ukhamarak política ukan jan walt’awinaka. Ukampirusa, 53 africano markanak tamach’asiwix khitinakati ch’amanchañap suma jakawir uka chaqan ukhamarusa jan walt’awinaka janikiw suma uñakipañ atkit ukakirak uñast’ayxi.

África markan Tamacht’asiwixa Unión Africana, uñstayat 1999 maran Unidad Africana ukatak Organización chaqkasa, janiw chijllaw ukatat jan walt’awinak postelectoral de Costa de Marfil ukan pisiqtäwi. [en] Primavera Árabe markachirinak sartasiwir ancha qhipat cha’manchaw churi, ukhamarak Libia markatuqit kunti sapxkän ukax jiwat Coronel Gaddafi wali arunipatat organización-an ukat ukham sapxäna. Ukanakaw africano markachirinakar tamacht’asiwit pä chuymachasiy kunatix tamacht’asïwix kunti lurapxañp ukanakx atipxanit luraña. Akax wali qhanaw uka chaqan arsuriikan uñartäwinakan (blogs) uñakipaña. Cry Me An Onion uñart’äwina, Patrick-Bernard jilax qilqawïpanx walpin sixa: “ Union Africana ukx tamacht’asïwimpix chhaqtayañäniwa ” [en]:

A la luz de los acontecimientos en Túnez, Egipto, Costa de Marfil, Somalia, Kenia, Madagascar, RDC, Libia y muchos más en África, una institución que deberían ser boicoteada y caer hasta el suelo es la Unión Africana. La vergonzosa banda de Ali Baba de 53 ladrones es inútil en la solución de cualquiera o de todos los conflictos en África o en la búsqueda de un consenso unificador. (…)

Túnez, Egipto, Costa de Marfil, Somalia, Kenia, Madagascar, RDC, Libia ukhamarak juk’ampinak África-na luräwinak uñjasaxa, África-n Tamacht’asiwix (Unión Africana) alismuchutäñpaw ukhamarak laq’xar aynacht’ayatañpawa. Ali Baba-mp 53 lunthatanak k’umit tamanakax janiw wakiskit África-na kawkir jan walt’awinak askichañätaki, mä mayacht’asiw aruskipaw thaqañatakisa.

Mali markan jan walt’aw uñstäwinxa, tamacht’asïwix manqhajarjamakiw saraskasmachi. Ukhamarus marka arax tuqit chiji yatiyanakaw puri, jichhax islamista Ansar Dine tamamp apanaqata, África markan Tamacht’asïwix aynacht’iw Consejo de Seguridad de las Naciones Unidas jawsañ ch’amanchañatak Comunidad Económica de los Estados de África Occidental (CEDEAO) pallapallanakampi uk chhaqtayañataki. Mä uñart’awin mä tuareg qutuchäwin Francia markan utt’ayasita, Temoust.org[fr] ukax qhananchiwa:

(…) sur le dossier du Mali, les arguments avancés par Ramtane Lamamra (photo), le Commissaire de l’Union africaine pour la paix et la sécurité, pour un soutien de l’ONU à une intervention militaire dans ce pays n’ont pas convaincu les 15 membres du Conseil de sécurité. (…) L’UA reste très imprécise ; combien de soldats seront envoyés sur place, à combien se chiffre cette opération, quelle sera la mission de cette force militaire ?

… en el caso de Mali, los argumentos presentados por Ramtane Lamamra, Comisionado de la Unión Africana para la Paz y de Seguridad, no han convencido a los 15 miembros del Consejo de Seguridad para apoyar una intervención militar de la ONU en ese país (…) La Unión Africana ha sido muy incierta, ¿cuántos soldados serán enviados allí, ¿cuánto será el costo de operación, cuál será la misión de esta fuerza militar?

“jaqukipäwi”… Mali uksata kunanakati sisk Ramtane Lamamra, África Tamacht’asïwi (Unión Africana) suma qamäwitak (para la Paz y de Seguridad) khita, janiw 15 utt’ayat jilatanakar (miembros del Consejo de Seguridad) iyaw saykit ch’amanchañatak ONU pallapallank uka markaru purïwi (…) África Tamacht’asiw janiw qhanakiti, ¿qawqha pallapallanakas ukar apayatan, ¿qawqha qulqis wakisin uka lurañatakixa, kuns lurapxan uka pallapallanakaxa?

Juk’a yänaka Uka amuykipaw lurkasas, wali askiw waranq waranqan waranqapa 53 africano-naka tamacht’asit markanakan jakasirinakan mä wali ch’aman organización lup’iwinakap uñjapxañpa, uka chaqatak ukhamarak taqinitaki, aka globalizado uraqina. Uka munäwitakix wakisiw walja yänaka ukhamarus organización jichhax janiw ukanakanïkiti. 2012 maranxa, $274 waranqa waranqa dólares [en] wakichäw qulqinchäwix Comisión de la Unión Africana luratax norteamericanonakaruw puri. Wali juk’akiw Unión Europea qulqinchäw uñakipasaxa. Yaqhatuqitx, uka qulqincháwix janjamakiw sum utjkiti, 5 marka ukatx 53 markachiriw [fr] sapa mara (Libia, Egipto, Sudáfrica, Argelia ukat Nigeria) qulqi uchi. Yaqhatuqitxa, Unión Africana irpiritpacha, Jeang Ping, 2010 marana, 77% [fr] qulqinchäw unxtayäwita, wakichäwinak uñstayäñatak ukhamarak utjañpatak kunjamti pallapallanak apayäwikixa, Unión Europea anqax markanakat juti. Uk yatisax wali juk’a ch’amanchäw organización panafricana ukat amuyasxi. Wali jan walt’äwinak continente utjkasaxa, janikjamakiw African tamacht’asiw (Unión Africana) luräwinakapampix phuqhañ atkaniti.

Aka post ukax español, árabe ukat francés uka arunakan jaqukipataw uñjasi.

Aka nayrïr uñartäwix ISN blog, ukan uñjasi.","2011 maranx continente africano uksanw ch’axwawïw utjäna, sartasiwïnakampi, marka irpir jaquqaw yant’awinakamp ukhamarak política uka jan walt’äwinakampi. Ukampirusa, 53 africano markaw tamach’asïna, khitinakati ch’amanchañap suma jakäwir uka chaqhayañ amtanipk ukanakar janiw sañataki.",aym,globalvoices,Global Voices,fake news,7cfac2a5-e298-43ac-b41f-62449c17e8a1,article,MassiveSum
https://aym.globalvoices.org/2011/03/1234,,Tukuy Amtäwinakxat Amuyt’äwinaka · Global Voices Aymarata,,"COP 16ni: Tukuy amtäwinakxat amuyt'äwinaka Aka 16ni COP Markanakan, aka Pachamama Uraqxat, Naciones Unidas ukan wakicht'ata tantachawix Khaysa Cancun tuqinx walja amtanakampiw tukuyawayatayna.

Walja walja jaqinakapuniwa taqi tuqit tantachasiwayapxarakitayna. 15.482n jaqinakaw sarawayapxatayna aka COP 16ni tuqiruxa, 6164n jaqinakax 192n marka gubiernunakan khitanakapataynawa, 339nisti aka ONU tuqinkirinakarakitaynawa, 231nisti ONUn yatxatañ yanapt'irinakaparakitaynawa, 429nisti markanakan Embajadanakapatarakitaynawa, 6377nisti taqi ONGs tuqinkirinakarakitaynawa, 1938nisti periodista ukjam yatiyirinakarakitaynawa, ukjamatawa aka tantachawix apasiwayatayna.

Greenpeace- Méxiconkirinakarakiw wali thakinakana muytapxatayna suma amtawinak mayiñataki.LUIS RAMON BARRON TINAJERO waruqt'atawa, derechos de Demotix (03/12/2010)

Taqinipuniwa wali aski amuyumpi sut'apxatayna, kunjamti Christiana Figueres kullakax, 16ni COP irptirxamax suytkana uka pachp suyt'awimpi,declaró [en] akjamwa tukuy urux arst'awayatayna:

“Cancún ha hecho su trabajo. El faro de esperanza se ha vuelto a encender y la fe en el proceso de cambio climático multilateral ha sido restaurado. “

Cancun Markan lurasiwayiwa kunatix lurasiñapakana ukaxa. Ukjamipansti mä qhanas qhantayasiwaykaspa ukjamwa taqi markanakas qhantayawayapxi.

Aliq uñjir jaqinaka ukjamarak Bolivia Jach'a Suyu markampikiw jan uka amtawirux yäqawayapkataynati. Aka blog tuqinxared ONG [en] Jóvenes Voluntarios para el Ambiente sat jil kullakanakax, Séna Alouka tatan qillqatanakap yäqawayapxatayna. Uka jilasti khaysa mä jach'a suma Hotelatpachrak-Crowne Paradise Cancun- qillqaniwayatayna taqi yatiyawinakxa. Mä qillqawipanxa, siwa”Falso acuerdo en Cancún: ¿A qué precio?”- Jan walt'äwi Amtawinaka, kunatapachasa?,:

Las estrategias son necesarias para salvar la cara y “mantener al paciente en estado de coma” por el mayor tiempo posible. Cancún facilitó una oportunidad para que varios delegados formaran, intercambiaran, compartieran y discutieran soluciones reales al problema del cambio climático. Aunque, esta ciudad a orillas del mar, cuya construcción fue perjudicial para el ambiente, ganó millones de dólares con esta COP, logró asestar un golpe a las bases neocoloniales en la historia de las cumbres del G20, el G8 o el G2, demostrando que es más caballeroso discutir en público y seguir el espíritu de los principios de la Convención.

“Jiwaskir jaqin ajanupax suma uññaqaskiriñapawa jaya pacha”, ukar uñtatawa Cancun tantachawixa. Ukjamarusa waljan jaqinakarakiw aruskipawayapxi kunaymaninakxata, ukjamarus walrak aka COP tantachawix qullqiñchawayaraki aka quta lak Markarusa, ukjamara khä G20, G8, G2 uka markankirinakarusa qhanan aruskipañx yatichawayarakiwa.

Aka Jach'a tantachawi tukuyañatakisti-16n COP-, khaya 11n uru Diciembre phaxsit saraqataruxa aka 2010n maratxa, 70 jaqinakakiw qhipakamax ukankawayapxatayna, uka tuqitsti Séna Alouka arst'iwa, sasina aka jiskt'aw tuqi [fr]:

¿A dónde fueron las 15.000 personas registradas aquí? Probablemente fueron a terminar sus compras y a apresurarse a casa. Al final, llegaron a un texto llamado “Acuerdo de Cancún”, que tiene la ventaja de recibir la aprobación de la mayoría de los delegados (mejor que el episodio anterior en Copenhague).

Kawkharurak uka 15 waranqh jaqinakast saranuqxpacha?? Ah, jupanakax alasiri, utar jank’ sarxa sasakiw saranuquwayxapxpachaxa. Ukjamatay uka Tukuy Amtanakx uka 70n jaqix amtaniwayapxataynaxa (Akax Copenhaguets juk'amp askisa).

UKjamatwa juk'amp warillas arunakamp arsusinkakitaynawa:

…la naturaleza EXTREMADAMENTE POSITIVA de todos los comunicados de prensa que he leído desde ayer. Para la mayoría de nuestros colegas angloparlantes y los de la Red de Acción Climática (cuyo mecanismo ahora estoy dominando), la mayoría de los comunicados estaban preparados bastante antes del final de la COP.

Amuyañaspawa, taqi wali suma Prensa tuqin yatiyawinakaxa, janir COP ukax tukuykipanwa wakichataxatayna, ukwa nayax amuyawayta.

…cualquiera que sea el acuerdo final de Cancún, el Presidente terminó su discurso con una frase: “Entendemos que no estamos siguiendo nuestra normativa interna, sino para salvar la cara en Cancún, estamos adoptando el texto”.

Kunam tukuyatapasaya, jilir kullaka irptirix, aka arunakampiw tukuyawayi: “Janiw Normativa Interna ukarxam arktanti, jan ukasti aka Cancun tuqinx kuns uñacht'ayañasawa, ukatwa aka qillqatax amtawayata”

Aka blog opapilles.hautetfort.com amuyt'awayiwa [fr] sasina:

El acuerdo, sin embargo, falló en el punto crítico: Recortes profundos y obligatorios en las emisiones de CO2 para los países desarrollados. Así como está, el conjunto de medidas no será suficiente para detener el avance de la máquina del clima. Las emisiones de CO2 han aumentado un 37% desde 1990 y las temperaturas podrían subir de 4 a 6ºC hacia el final del siglo.

Aka amtawix janiw kus sarantawaykiti:CO2 de carbono ukax suyt'ayatañapawa taqi Jach'a Markanakana. Akjamatxa janiw pachamama uraqin phiñassiwiparux sat'ayapkañati. Aka CO2 (dioxido decarbono) uraqir ñanqhachirix, patakatx 27niw jila}xattawayatayna khaya 1990ni maratpachxa, ukjamaraki juk'ampis uraqix jut'uptasiwaykakipuniwa, 4-6 grados ukjamaw jilxattawayani aka pacha (XXI) tukusitakixa.

Serge Orru, jupax aka WWWF.fr tuqinx, afirma [fr] qillqt'aniwayiwa, “wakicht'asiñasawa aka Cancun tantachaw tukuskipanxa” sasina:

Sí, a lo avanzado en Cancún se le debe dar forma… pero, es en nuestros países industrializados que debemos reducir masivamente las emisiones de gases de efecto invernadero, ¡las armas de destrucción masiva de la humanidad! …

Aka Cancun markan amtawinakaruxa, yapxatt'añaspawa… taqi industrializat markanakaxa gases de efecto invernadero ukxa juk'aptayapxañanakapawa, ukjamarak taqi kast jaqir tukjir ñanqhachañanakas chhaqtayataxañapawa.

Es como un regalo de Navidad para nuestros niños, pero Santa Claus no existe (shhh, pero no se lo digan a nuestros hijitos)

Akax nas Navidad regalo wakicht'awinakxamawa, janiw Santa Clus tatax utjkiti, ukampinsa…

o más bien, él realmente debe existir en cada uno de nosotros, en nuestras acciones y en nuestras obras, ¡todos los días!

Juk'ampis pachamam uraqir sum uñjañ amuyuxa sapa mayninwa utjañapa, sapa sarnaqawinakasana, sapurunxamaraki!!

Jean-Michel Bélouve [fr] escribió un artículo [fr] Aka blog tuqipanxaagora.fr aka “Conferencia Climática de Cancún: El desacuerdo detrás del acuerdo”- Cancun tantachawi: yaqhanakaxa janiw sum amuyapkataynati aka amtawinakatxa:

Podemos preguntarnos cómo los países que todavía llamamos ricos pueden ponerse de acuerdo para pagar esas sumas ($100 millones para 2020). Asimismo, el acuerdo no menciona las fuentes de financiación. Pero nos damos cuenta plenamente que los países de occidente, con exceso de deuda y algunos de ellos enfilados a la bancarrota, no serán capaces de dar su consentimiento a tal demanda de fondos públicos. Así que, durante los talleres, planeaban nuevos impuestos…

Kunamraki taqi qamir markanakasti ukataq qullqinak payllapxanisti ($100 millones aka 2020nitaki). Amuyatakiwa uka markanakax janiw qhan kawkhat qullqix mistun sawayapkisa. Ukjamaraki, taqi uka markanakax qullqit pist'añankaskchixaya, amuyatatxa jupanakax mayxsatx kunams markachiri qullqx apsuñani uk amuyasipkäna.

El coste de recolectar, controlar y reglamentar tal sistema sería muy alto y su eficacia es incierta.

Taqi uka amuy amtawinakaxa janxamakiw wali amtatxamakiti.

Jean-Michel jupax akjam sasarakiw juk'amparst'awayaskaki:

En resumen, no saben dónde encontrar el dinero, porque ninguno de los países desarrollados en la mesa de negociaciones parece estar dispuesto a tomar su billetera.

Juk'a arunakanxa, janiw taqi uka qamir markanakax kawkhat qullq apsuñs yatipkiti, janiw khitis qullqi wayaqapx apsuskaniti, matapkitataxaya.

Juk'ampisa ch'amakiskiwa aka amuyunak nayrar sartayañaxa, kunalaykutix janiw China, India, Brasil, juk'amp yaqha markanakax arsusiñ munapkiti, aka qawqhtix jan uraqirux walt'ayapki uka tuqinakatxa. Aka qillqatapansti arst'akipuniwa, sasina:

Aka amtawinakaxa janiw ukjam akjam lurañamaw sañxamakiti taqi markanakaruxa. Ukjamipansti janiw kunamat kuns lurasipki ukax uñjañxamakaniti, ukjamatwa akax mä arsuwikiniwa. Pierre-Jean [fr] blog tuqipanx qillqt'iwa neitherdoi.wordpress.com aka 14 uru diciembre phaxsinx aka “Cancún tantachawinx: Bolivia jach'a Suyu markax janiw rixintkaniti-no firmará”:

Pablo Solon, negociador de Bolivia, dijo “este acuerdo no detendrá el aumento de la temperatura a 4ºC” [en]. En Fondo Verde, gestionado por el Banco Mundial, no hay ni una palabra sobre cómo será recaudado el dinero, ni compromisos específicos para reducir las emisiones o reconocimiento del mecanismo REDD (Reducción de las emisiones de la deforestación y la degradación forestal) tal y como es, es decir, sin tener en cuenta las poblaciones indígenas o el reconocimiento de los mecanismos de mercado, etc. Visto desde esta perspectiva, se llega a la conclusión de que no sólo Bolivia tenía razón al oponerse, sino que es también el portavoz de los opositores más radicales [fr].

Boliviat arsur Pablo Solon tatax sawayiwa: Aka amtawix janiw sayt'aykaniti aka 4 grados junt'uptawxa. Ukjamarak aka Banco Mundialankirinakax janiw kamsawayapkisa kunamat qullqit apthapitanis ukxa, ukatx janirakiw kunamat khaya REDD tuqin emisiones jiskis ukax sayt'ayatanis uks jiskarakiti, juk'ampis janipuniw akch'arus jisk'a markanakarux ist'awayapkiti. Akjam uñjasax janiw Bolivia markak akhamx amuykanati,jan ukasti Bolivia markax taqi jan uka amtawinakampipki uka markanakan arupawa.","La 16a Conferencia de los Miembrosos (COP 16), de la Convención sobre el Cambio Climático de las Naciones Unidas (UNFCCC), culminó en Cancún el pasado 11 de diciembre con la adopción de una gran cantidad de decisiones. Bloggers en Bolivia, México y Togo dan una recepción poco entusiasta a estas decisiones, que no parecen tener un mapa claramente definido para el financiamiento.",aym,globalvoices,Global Voices,fake news,38c80448-40e9-4519-85c1-439ec506fa90,article,MassiveSum
https://aym.globalvoices.org/2011/12/3332,,Irán: Teherán markanx embajada británica ukaruw yanqhachapxi,,"29n uru lapaka phaxsinxa, Teherán markan waranqa waranqa jaqix embajada británica ukat arsusipxi, ukat Gran Bretaña ukax chikanchat financierunak utjk Iran markamp ukawa jark'aqani. Tnatachäwix ch'ujtatakinwa, sartasirinakat nayraqatax uka jach'a utaruw mantapxani. [en]

Aka jan walt'awix embajada de Estados Unidos Teherán markan 1979n maran utjakan ukwa amtayi. Mä qawqha uru nayraqatakiw Irán parlamentox embajador británicor jaqsuñatak chimpuntawayapxi.

Xcalibur, blogger iraní, línea oficial ukar jan arkapxamt sasaw ch'amachawayi, “yatiqirinaka” yanqhachirinaka saña. Bloggerux siwa [fa]:

No está bien llamar estudiantes a estos salvajes.

Janiw wakiskiti yatiqirinaka sañaxa, aka yanqhachirinakaruxa.

Yaqha blogger, Snotes, siwa [fa] paramilitares yatiqirinakawa basij embajadar jan walt'ayapk ukanakax, “viejo Zorro” sat sutinin documentunakap chhijllsupxi, ukatx británica markan wiphalap phichhantawapxi.

Rahayi Iran siwa [fa] embajada británicar yanqhachapk ukanakax terroristanakapachaw sasina.

Sajadi, un guardia revolucionario de alto rango, entró a la embajada británica y ese acto puede ser considerado una declaración de guerra, porque la embajada es considerada suelo británico. Un acto así va en contra de la Constitución de Irán.

Sajadi, mä (guardia revolucionario) embajada britanicor manti, uka jan walt'awix mä ch'axwawi ukham uñt'ataspawa. Mä jan walt'awix Irán markan Constitución uka kuntrawa.

Irán pague un alto precio por esas acciones. Atacar una embajada es atacar a un país e insultar sus símbolos nacionales.

Irán mark uka jan walt'awinakat kutiyaskpana. Mä embajadar yanqhachañax mä markar ukhamarak saminakaparus yanqhachañawa.

Somayeh Tohidlou, iraní ukan activistax katuqiwa 50 jawq'antaw Teherán markan sata qallta phaxsin 2011n marana, Friendfeed ukan qilqt'i. [fa]

¿Se han equivocado con la fecha? Esto es 2011, no 1979 [cuando los manifestantes tomaron la embajada de Estados Unidos en Teherán]. El régimen tiene 32 años, no uno.

Pantjasipxiwa, akax 2011n maranawa, janiw 1979 maranakiti, kunawsati Estados Unidos Teherán markanx embajadar jan walt'ayapk ukha. 32 maraw ukax amtas janicha.","29n lapaka phaxsina, embajada británica Teherán jak'an walja qhurut arsusirinakaw sartasipxi. Gran Bretaña markax Irán markamp yanapaw chikanchawinakax suyt'ayaniwa.",aym,globalvoices,Global Voices,fake news,c1de66b5-bd60-4c8b-9cfb-ac4e843a5dfe,article,MassiveSum
https://aym.globalvoices.org/2017/05/8777,,“Manqhatpach” Podcast: taqikunakipans wali jisk’akiw uraqixa,,"Kunawsati jan uñt’at jaqinakamp ukay yaqha aru parlirimpis jikistan, ukjax wali yaqhtatäksnas ukhamw amuysna. Jan ukhamakipansti jayapach jupanakamp chikachasxasax janiw yaqha yaqhaqxiti, antisas mayakjamakïxtanwa.

Aka conexiones globales ukanakax wali askiw kunalaykuti jiwasanakan amuyunakas lup’iyiriwa, juk’ampirus lup’iwinak jach’aptayi ukhamarus inas taqikunakipans jisk’aw uraqix sas amtayarakstu.

Aka “manqhitpach” uñacht’ayäwina, podcast de Global Voices, ukanx uñjt’awaysnaw kunjamati conexiones globales ukax jan medios de comunicación ukan yäqataki.

Global Voices ukan phichqa yanapirinakamp aruskipäwinx yaqhxa uranqirinakamp ukhamarak yaqha ar parlirinakamp jikthapkasas mä wawjamakïptanw sapxarakïnwa.Veroniki Krikoni kullakax griego arumpin turco arumpin kikipanakäwitw arsüna; a href=”https://globalvoices.org/author/tori/” target=”_blank” rel=”noopener noreferrer”>Tori Egherman kullakax tumpt’ir sarawinx juk’ampiw iraní sarawix chuymajar puritu sänwa; Violeta Camarasa kullakax China patatuqinakar sarawinx jan pachpa ar parlirinakamp jikthapkasas jaylliwir munäwijampix khusakïnw saw amtt’asïna; Adriana Macias ukat Joey Ayoub jakäwipxataw amtt’asïna.

Hablamos con cinco colaboradores de Global Voices, que recordaron un momento en el que se sintieron conectados con alguien de otra parte del mundo y que habla otro idioma. Veroniki Krikoni habla de las semejanzas entre el griego y el turco; Tori Egherman explica cómo una excursión fortaleció su cariño por la cultura iraní; Violeta Camarasa recuerda cómo el amor por la música venció la ausencia de un idioma compartido mientras viajaba por las zonas rurales de China; Adriana Macias recuerda cuando trabajó con personas de todo el mundo en Londres; y Joey Ayoub rememora su experiencia de vivir en una pequeña aldea en Madagascar.

Kat Batuigas aka episodio lurañ yanapt’irix jallallatawa.

Aka episodio, ukanx jaylliwix Creative Commons procedente de Free Music Archive ukan iyawsäwipampiw apnaqt’asi, Bir Demet Yasemen Turku, Nomads of the Silk Road (CC BY 4.0); jaylliwinaka Ray Gun – FasterFasterBrighter (CC BY-NC 4.0) y Discovery Harbor por Blue Dot Sessions (CC BY-NC 4.0); Rite of Passage por Kevin MacLeod (CC BY 3.0); Make a Life (Instrumental) por Nick Jaina (CC BY-NC 3.0); Terminal Two por Cory Gray (CC BY-NC 3.0); y Pieces of the Present por Scott Gratton (CC BY-NC 4.0).

SoundCloud jamuqa Flickr, Jonas Bengtssonm jupankiwa, CC BY 2.0.

Podcast: Play in new window | Download",Khitimpitï aruskipt'kat ukhax kunjamtï amuykayat ukax janiw ukhamakaniti taqi kunas aruskipt'asax sumaw yatisi.,aym,globalvoices,Global Voices,fake news,03a7ee6c-2464-43a2-86c8-bf8efcaf5da1,article,MassiveSum
https://aym.globalvoices.org/2018/02/9047,,May may aru sarawtuqit sarantayañäni Tayka arun urup aka 2018 maran amtkasin tayka arunak qillqapxañäni,,"Maymarax askinw sarantawayi, wasitampwa aka 2018 maran payïr yant'awin tayka arunakamp qillqt'apxañamatak jawillt'apxsma. Tayka arunakan urup amtkasinw aka 14 urut 21 urukam tayka arunakaman qillqt'apxañamatak jawillt'atapxta. Tayka arunakan urup amatañ uruwa ukax jach'anchayañataki ukat saräwinak aru saräwinak uraqpachan uñacht'ayañatakiw utt'asiwayi, Internet uksan yaqha apnaqäwinakamp arunak uñt'ayañataki, juk'ampiw arunakar ch'amanchasma. Maymarax walja jila kullakanakaw meme ukanak qillqt'asin chikachasiwayapxi jupanakaruw uñt'awaytanxa, berrichón-borbonés, kruk, fulfulde, wiradjuri, quechua, ukat kwak̓wala. Walja arunakanw meme ukanakax Internet uksan uñt'ayasiwayi. Akanx maymaratx juk'a arunakanw uñt'ayasi:

Mä kutimpi, aka yant'äwix Rising Voices uksat wakicht'ata ukatx Living Tongues Institute, First Peoples’ Cultural Council, Indigenous Tweets, Endangered Languages Project, ukharux proyecto de diversidad digital de lenguas ukat juk'ampinakaw ch'amancht'apxi. Tayka aruman qillqt'as chikanchasiñamatakiw jawillt'apxtama. Chikanchasiñatakix aka sitio web de desafío (http://memeML.org) ukan uñxatasma, ukanx jamuqa jikxatasma, arunak qillqt'asma, ukatx sutinchasmawa. #MemeML uka qillqañamawa, ukatx kawkirs redes sociales uksan apanaqtax jäs ukaruw apkatasin uñt'ayata. Yaqhar sutinchañ janipuniw armasitäti ukhamat jupar jawillt'arakism tayka arupan qillqt'añapataki.

Ukakipkarakiw yaqha plataforma ukans qillqatanak uñstayañatak imañatak jikxatarakisma. Aka 2018 maran tayka arun urup amtkasin chikanchasiñataki, uñt'ayañaniwa ukakipkarakiw Twitter uksas uñt'ayañäni ukakipkarakiw Rising Voices uksarus waythapitanaka pakatañäni.

Uraqpachar arum uñt'ayas irnaqir mä tamast ukhax nänakar chikancht'asipxañamatakiw thaqhapxta. Ukakipkarakiw arunak jaqukipir yanapt'asirinak thaqhasipkta, 150 aruw jaqukipapxañapa ukat walja aru qillqta uñt'ayat sitio ukaruw apayapxañapa. sitio akanx 35 aru qillqataw utji jichha marax juk'amp yapxatañ munapxta. Juk'ampx akaruw jiskt'anipxasma.","Payïr chikanchasiwi, 14 urut 21 urukamaw anata phaxsin  2018 maran tayka arunakan qillqas chikancht'asipxasma. Taqiniruw tayka arunakaman qillqapxañamatak jawillt'atapxta.",aym,globalvoices,Global Voices,fake news,8a35cb9e-9c22-4334-9f51-6862e81c1804,article,MassiveSum
https://aym.globalvoices.org/2015/11/7641,,Estados Unidos markanx mä yatiqañ utan coreano awkinakaruw “kunjamas wawanakar qhumantaña” ukxat yatichi,,"Escuela para Padres Duranno sutinix estoicos, coreanos awkinakaruw kunjams wawanakaparux munasiñ chuymamp uñjapxasp ukxat yaticht'i. Wakichäwinx kunjams wawanakaparux qhumant'apxasp ukxat yaticht'añatakiw qillqt'ata. Crédito: Cortesía de la Escuela Duranno Padres awkinakataki.

Aka articulo ukhamarak reportaje radio

Janiw yatitäkti qhumantaña, sasaw Jason chang pusitunk paqallq marani sawayayi. “kunawsatix ma waynuchu coreanoyatx ukhax janipuniw taykajampis ni awkijampis qhumantasiphiritti sasa”.

Chang uka jaqix mä yatiqiriwa Duranno uksa yatiqañ utana khaysa Centreville, Virginia markana, kawkharutix coreanonakax sarapxi yatintiri. Aka awkinak yatiqañ utanx pusi uruw irnaqt’apxi, kunjams awkinakax juk’amp munasiñanipxaspa ukanak yatichañataki. Jila maran yatiqirix paqallq tunk maraniwa, sullkir yatiqiristi pa tunk paqallqu maranikiwa, q’alpach yatiqirinakax : warminakapampi khitatapxiwa.

Ukhampiniskiwa warmijaw situ, uka phaxsin qalltani sarañamawa situwa, Chang awkix saraki. “Ukampirus kusisitaw jiqhatasta sarataxata”. Lurañanakaniyatwa, yatinwa jani sapur sarañaxa. Ukampirus yatiqawaytwa.

yatiqirinakax awkipampix kunjams jakapxana uka tuqit amuyt’asipxañapawa, jichhax kunjamapxarakisa awkinakjamaxa . permisox mayitaw PRI tuqita

Mä kultu utan jiqhatasipta, kawkhantix ma tamax cristiano musikanak tuki, ukat awkinakax jayllantapxi ukhamarak wakichawinakas sarantaski kunjam qhumantasiñasa. Kawkhantix maynix qhumanti mayniru jan jikhanir t’axllirt’asa. Uka tukt’ayatatx mä aruskipawiwa utji jik’a tamanakanxa ma terapia ukhamakaspas ukhamawa lurasi.

Ukansti mä voluntario pusitunk marani, jiskt’iwa pa tunka marani waynuchuru. “ awkimax munasiyatamtti”,sasa. Waynuchusti amukirakiwa, ukat jila maran awkix maynit lat saraki, jisa munaspachanawa jan ukasti janiw yatkpachanti kunjam yatiyañsa.

Duranno awkinakar yatichañ utan mä iglesiaw Seul markan uñstayawayatana, ñakijay Corea del Sur markanx jani awkinakan munasiñapax utjkanti. Kunatix coreano awkinakax wali irnaqiritapat uñjasirinwa, ukat jani maynir munasiñap uñist’ayapkanti, yaqha awkinakasti jawk’asakiw wawanakapar yatichapxana.

Kimsir urunsti yaqhip yatiqirinakax janiw yatiqañ utar kutxapjatanti. kawkirinakatix qhipaxtapxatan jupanakax amuyasipxanwa kuntix aruskipapki ukatxa. Jilpachaniw sapxi awkijax janiw kusakanti sasa,yaqhipasti wawapanakat llakt’asipxiwa, ukat maynix janiw wawajanakar tumpkti sarakiwa. Ma qawqhakirakiw chuymapamp arsuraki awkijamaw tukuwayta sasa.

Graduación urunsti awkinak yatichan utansti, chachanakaw warminakapan kayup jariqi, kunjamtix Jesusax discipulopanakan kayup jariqkan ukhama. PRI tuqita iyawsawix mayitawa

Aka yatiqañ utasi janiw kunjam suma awkispas ukak yatichkarakiti. Jan ukasti chachanakax yatipxañapaw kunjams esposapanakaparus cartanak qillqapxaspa, ukat yatiyaña pä tunk arkunaka kunats munapxi.

Mayni jaqisti arst’arakiw kuntix qillqatana esposapataki. Kunawsatix Estados Unidos markaru jakir sarapxatana, ukhax janiw amuyaskatanti kunjam ch’amanisa jakañaxa ukxa. Ma jisk’a ukanaki qamapxatana wawanakampi, janiw ni parlañs yatkanti ni irnaqaw jiqhatkarakitanti, siw casarasiptu ukat chuyma ust’ir arunak sasipta sasa.

Yatiptawa, awkiñax wali ch’amawa. Ukat Duranno yatichañ utax nayrar sarantayasi 2000 marana. Ñakijay munaschis inmigrantes coreanos jupanakatakixa, ukhamarakiw inglés arus yatichasiski jutir yatiqirinakataki. Aka maranakanx aka yatiqañ utax pusi tunk markanakan jist’arasiwayi, 300.000 ukhanirakiw tukt’ayawayxapxi.

Ukhamaw, taqini uka yatiqañ utat tukuyawayapxi. Chachanakax sapxiw janiw wayna awkinakar ukham kipka jakañap munapkti sasa. Ukat junt’u uma wakicht’apxan ukhax sarnaqawipat aruskipt’apxana. Chiqpachas qhipar uñtañax janiw kuna cha’makisa, ukampis ma voluntario ukhamax janiw qhiparus uñtkasmati, sasaw Dave Lee yatiqirix saraki. “Aka yatiqañ utapan nayax juk’am warmijarus ukhamarak wawajanakarus jak’achasta sarakiwa. Ukat qhip uñta ukhas kuntix jan wal lurktti uka amtasisaw nayrar sarantta sarakiwa”.

. Ma awkimp taykampiw jamuq Duranno yatiqañ utan jamuq apsuyasiñatak sayt’asipkaraki. Crédito: Heidi Shun. Permiso mayita PRI ukata.

Graduación urux yatiqirin familiapanakax invitataw wakichawiru. Ukat chachanakax suk’u suk’u camisamp isthapt’atapxarakiwa. Tukuy arumxarux chachanakax kallach patxaru mä isimp jaqhatataw siqikiw mistsunipxi. Ukat espsosapanak jak’aruw killt’asipxi kayunakap jariqiri wali k’achata, kunjamtix jesusax discipulupanakar jarixkana ukhama. Warminakapasti qunt’atapki ukhatpach ma isip nayrapanak phichart’apxaraki.

Mä warmix phisqha tunk maraniwa, jupax chachapan amparapat kat’ataw filan ma jamuq apsuyasiñatak suyanti. Jupax panqaranak apt’asitaw wali k’uchik aruskipt’añatak suyi. “yatati corean jakir chachanakax wali mach’iripxiwa sarakiwa”. Ukampirus chachajax janiw sint ukham umañ yatxiri sarakiwa.” Wali kusisitatwa jisa wali kusisitaw jiqhatasta ak yatxasinja”. Ampar chhiqhatatasisaw awkinakax wawanakapampi jamuq apst’ayasipxi, warminakapasti wali kusisitarakiw jiqhatasipxi. Ukhañkamasti yatiqan utan irnaqirinakax ñakirakiw yaqha awkinak thaqhapxi qillqayasipxañapataki uka yatiqañ utaru.",Duranno uka yatiqañ utax wakt’ayataw coreano awkinakax kunjamats wali munasiñanipxasp ukxat yatichañataki. Aka wakichawin wakt’ayatarakiw «Kunjams khumantañasa».,aym,globalvoices,Global Voices,fake news,b48c3350-cbdc-460e-856b-a38722419096,article,MassiveSum
https://aym.globalvoices.org/2015/10/7604,,"São Paulo markana, Foro Social Mundial de las Migraciones ukax 2016 maran wakicht’asini",,"2014 maranx Johannesburgo markan foro ukax wakicht’asina. 2016 maransti Brasil markan wasitat aka foro ukax wakicht’asini. Credito: Rodrigo Borges. Delfim/MigraMundo.

Sao Paulo, uka markax wali jach’aw America del Sur uraqitxa, kawkhantix jak’at uñjasi migración ukaxa, ukat ak jutir 2016 maranxa uka markan apasini Foro Social Mundial de las Migraciones (FSMM). Aka wakichawix yatiyatatanaw jilir irpiri irnaqirimpi, jisnaw Comité Internacional de FSMM.

Pa kutiw Brasil markan Foro de las Migraciones ukax apasxi. Kunatix Brasil markaw wakicht’awayatana nayrir FSMM 2005 marana, ukhamarakiw Porto Alegre uka markan nayrir Foro Social Mundial 2001 maran apasitana, uka kipkarakiw akir markanakan foro social mundial apasina: Madrid, España (2006-2008) marana, Quito, Ecuador (2010) marana, Manila, Filipinas(2012) marana, ukasti Johannesburgo, Sudafrica (2014) uka maranraki.

“ Aka foro ukax wakichasiw movimientos sociales jupanakan wali ch’am tukutapata jisnaw jilpach inmigrantes, ñakijay sapakuti nayrar sartasipkchixa”

Aka wakicht’awix FSMM, Sao Paulo markan apasini 2016 maranxa. Crédito: Divulgação.

Aka wakichawix lurasiw movimientos sociales ukan ch’am tukutap amtasa, jisnaw inmigrantes jupanakar amtasa, ñakixay nayrar sapa kut nayrar sartasipkchixa. Sarakiristaw migrantes jupanakaw principales actores ukhamapxi aka sarantawinxa” sarakiw Paulo Illes jupax wakicht’iri políticas de inmigración Sao Paulo tuqina, ukhamarak aka wakichaw p’iqinchiri. Janiraw kuna urunakas apasinukax yatiskiti, nï kawkhansa apasini, ukampirus aka wakichäwix wakicht’ataw aka2016 chika marana. Aka wakicht’äwin FSMM lema-pax sataniw: “jach’a markar saririnaka: machaqanak uñstayä ukat crisis global del capital ukham sutinchatawa”.","""Forox markan movimientos sociales utjkï ukar ch'amanchañatakiwa, juk'ampis markat jach'a markar saririnakxat arst'añatakiwa"".",aym,globalvoices,Global Voices,fake news,a53f7e5b-84ae-43fb-b2bc-bc3bf3ce1f8a,article,MassiveSum
https://aym.globalvoices.org/2017/02/8656,,Myanmar markan mä jawir jak’an mä latrill lurañ utan yaqha markat jutir jaqinakan irnaqaskir jamuqanaka,,"Imagen de Zaw Zaw / The Irrawaddy

Aka qillqatax Zaw Zaw jupan qillqatawa, The Irrawaddy ukat qillqaqt’atawa, mä portal web de noticias independiente ukat Global Voices ukanakaw wasitamp uñt’ayapxi.

T’aqhisis jakasax 100 jan markapankir jilaw sapürjam latrillunak mä latrill lurir utan ñiya Don Kone ukhamarak Thayer Tapin jak’an lurasipki, ukax Irrawaddy jawir thiyan jisk’a ayllunakawa, ukax Mandalay, Myanmar (Birmania) markankarakiwa.

Uka tuqinx pusi latrill lurir utanakaw utji ukhamarus uka pusi tuqinx 20 jisk’a simintut urnunakats jilaw utji. Ukham irnaqañ tuqinakax ukasatuqinakankiw utji kunjamakitix jisk’at jach’akam wila masinakaw uka tuqin irnaqaspa, asunakakiw jan irnaqkaspati. Mä yaqhipanakanx phichqa maran jisk’a lalanakax janiw anatapkis janirakiw yatiqañ utars sarapkiti, jupanakax walpin wila masinakapamp chikt’at irnaqapxi.

Mandalay ukatx Cabañas temporales ukanakarw jan markapankirinakax jakir sarxapxatayna, kunalaykutix jan manq’at jiwañataki.

Jilpach wila masinakan payllawipax juk’akiwa, ukhamarus manq’ sinti jilätapatw jisk’ jach’ irnaqañar purxapxi. Janikiw yaqha thakhix jakañanakapatak utjkiti.

Yaqhip jilïr irnaqirinakax usuntapx ukjax janiras ukjataw qullasiñatak payllaw mayisxapxi. Ukat janipun walirasxap ukjax wawanakaparkipuniw uka qullq kutt’ayañatak irnaqayxapxi.

Jan uraqipankir wila masinakax Irrawaddy jawir thiyanw latrillunak wajsupxi, ukax janïr jallupachkamakiwa, kunawsatix umax llunchhimukunxi ukhamarus jan ñiq’is utjxi ukjax yaqha pach latrill lurir utanakarw irnaqir sarxapxaraki, ukhamaw uka t’aqhiskaw thakix jan tukuskay uka jan markapankirinakatakixa.

Manqhäwjpachanw Don Kone ayllu ukhamarak Thayet Tapin ayllu jak’an latrill lurir utar walpin irnaqirinakan niq’i ukhamarak walxa latrillunak aptaskir jamuqanak uñacht’ayasiski.

Imagen de Zaw Zaw / The Irrawaddy

Imagen de Zaw Zaw / The Irrawaddy

Imagen de Zaw Zaw / The Irrawaddy

Imagen de Zaw Zaw / The Irrawaddy

Imagen de Zaw Zaw / The Irrawaddy

Imagen de Zaw Zaw / The Irrawaddy

Imagen de Zaw Zaw / The Irrawaddy

Imagen de Zaw Zaw / The Irrawaddy","Yaqhip pachax jisk'a wawanakaw wila masinakapamp chikt'at irnaqaskir uñjata, chiqpachans jupanakax anatasipkañapaw ukatx yatiqañ utar sarapxañapaspawa.",aym,globalvoices,Global Voices,fake news,b82667b5-e988-496f-97ad-6545a37efde4,article,MassiveSum
https://aym.globalvoices.org/2011/02/1038,,Brasil: Ministerio de Culturax Creative Commons Ukarux Jaytawayxiwa,,"9 uru chinuqa phaxsinxa, Global Voicesax brasileros llakt’at markachirinakan Dilma Rousseff jilïr irpir kullakampir machaq Ministra de Cultura Ana Hollandampir mä qilqata (carta) apayapk ukxatawa uñt’ayi. Qilqatanx mayipxanwa Ministran nayara pulitika thakhimp irpxaruñapa, ukjamarak internet, cultura digita, ukatx qilqirin (autor) kamachinakapar (derechos) yäqasa.

Ukat pä simanarux Ministerio de Cultura brasilerox jupan sitio web ukankiritx mä licencia Creative Commons ukwa chhaqtawayxi (eliminó). Ministra Hollandan amtapar makiptayatawa, redes sociales ukanwa kunayman p’arxtawinakax uñt’ayasi.

Creative Commons Brasil ukax Ministerion amtapatx Twitter (@CC_BR) ukanx jank’akiw uñt’ayi:

CC-BR interpreta el retiro de la licencia #creativecommons de la web del Ministerio de Cultura como una marcha atrás al apoyo de #digitalculturebr [cultura digital de Brasil]

CC-BR ukax Ministerio de Culturan web ukan licenciap chhaqtayatapatw amuyt’i.

Creative Commons ukax mä sin fines de lucro sat tamachäwiwa (organización), creatividad digital ukar jiltayañatakiw yanapi. Licencias CC ukanakax jasa apnaqañatakikiwa, marakanakx aski kamachinipxiw sasaw Brasileran uñt’ayiripax mä qilqat (Revista) Arde ukan uñt’ayi. Aka sitio web ukan qilqatax licencia creative commons ukarjam uñt’ayatawa. Sitio web ukanx 2004ni maratpachaw Licencia del usuario sat ukax Ministerio de Cultura ukan qilqataparux kipka qilqirin qilqatapax wasitamp uñt’ayasispa”.

Tal como está hoy, el sitio web del Ministerio de Cultura no tiene una licencia válida, explica Ronaldo Lemos, Director del Centro de Tecnología y Sociedad de la Fundacióo Getúlio Vargas y Representante de Creative Commons Brasil. “Desde el punto de vista legal, la frase que han puesto no significa nada. Quien utiliza el contenido de ese sitio web basado en la frase se enfrenta a un gran problema de inseguridad jurídica”, afirma. Por otra parte, la oración que el Ministerio utilizó para sustituir la licencia CC sólo menciona la “reproducción”. “Los derechos de Creative Commons son más amplios y mejor elaborados, yendo desde la producción colaborativa, la creación de derivados, el intercambio y más. En este sentido, el sitio web del Ministerio de Cultura ha perdido mucho con el cambio”.

Jichhurunxa, Ministerio de Cultura ukan sitio web ukax janiw valido ukanixiti,sasaw Ronaldo Lemos Centro de Tecnologian irpirimp Vargas p’iqinchirimpix uñt’ayapxi.Qhititi sitio web apnaqki ukaj jan walt’awimpiw chikanchasi.

Qhipuruxa, Ministeriotx sartasir tamanakarux mä qilqatampiw jaysi:

La supresión de la referencia a Creative Commons en la página de inicio del Ministerio de Cultura se produjo porque la legislación brasilera permite la liberación del contenido. No hay necesidad que el Ministerio presente una iniciativa específica. Esto no impide que Creative Commons, o cualquier otra forma de concesión de licencias, sea utilizada por cualquiera que esté interesado en ella.

Creative Commons ukax Ministerio de Cultura ukan pajinapanw qalltasiwayi, legislación brasilerax liberación satak ukwa jaysi.

Marco Weissheimer bloggeruxa, Ministerion jaysataparux arst’iwa, jichha Ministra irpxarurin amtapax nayrïr ministra de cultura Gilberto Gil, 2003-2008 marakam jayllt’iri, qilqt’irin irnaqaw luratapxataxa, akjam sasina.

La nota no alivió las críticas y preocupaciones acerca de la continuidad de las políticas iniciadas durante el mandato de Gilberto Gil en el Ministerio de Cultura. Durante el mandato de Gil, el Ministerio de Cultura se adhirió a Creative Commons. Incluso más allá de esto, en 2004 Gil se convirtió en el primer compositor brasilero en ceder los derechos de una canción en Creative Commons. El gobierno federal también comenzó a hacer uso generalizado de las licencias CC. El “Blog do Planalto” [Blog de la Presidencia], por ejemplo, está licenciado con Creative Commons.

Uka qilqatax janiw Gilberto Gil Ministro de culturan mistur irpirin pulitika amtapamp sartañatak mayitak ukarus kusisiykiti.Gil Minsterio de Cultura irpxarkan ukjax Creative Commons ukarux uñt’ayanwa, 2004ni maranx Gil jilax nayrïr qilqir brasileruw tukuwayi. Jilïr irpiri federal satak ukax licencias CC. uka apnaqañw qalltäna Blog de planalto presidencia blogonx Creative Commons ukan jaysatawa.

Mä jiskt’aw blogunx sociólogo Sergio Amadeux siwa, Ministrax jiliri irpirimp machaq pulitik thakhir sarantañ amtasax pantjasiwayiwa.

Dilma actualiza el Blog do Planalto -que fue instalado e implementado por el ex Presidente Lula en Creative Commons y que todavía está en Creative Commons. Y ella, la Ministra [de Cultura], ha hecho un movimiento que choca con la política de intercambio iniciado en el gobierno de Lula, y con la propia Dilma, que dijo que continuaría exactamente con las políticas de Gilberto Gil y el mandato de Lula. Entonces Ana de Hollanda, además, ha cometido un acto ilegal porque ella no podía quitar las licencias Creative Commons de los reportes de noticias y artículos que ya se publicaron con Creative Commons.

Dilmax Blog do Planalto Lula mistur irpirin CC utt’ayataparuw wastamp utt’ayi, Creative Commons ukax Mistur Lula irprin utt'ayatanwa, Ministra [de Cultura] mayjt'ayiwa. Dilmax Gilberto Gil jilan pulitika amtanakapampix sarantaskaw sasaw arsuna; ukhamakipansti, Ana de Hollandax licencias Creative Commons uka chaqatayasax pantjasiwa.

Yaqhip blogerunakax Ana Hollandax ukan ch’amanchataspaw sasaw arusipxi. Geraldine Juarez blogutakiw ALT1040, qilqt’i, kunjamas ministra jayllt’ir yatxatatax kipka qillqirin kamachipampix ch’amanchasiriw sasa.

El único país que apuntaba en la dirección correcta para reformar de una forma justa para toda la sociedad y coherente con los retos que la digitilización implica, era Brasil. El Proyecto de Ley de Derecho de Autoral [pt] y su agenda de Cultura Digital [pt] creada por Gilberto Gil han sido uno de los factores que definitivamente ayudaron a voltear y fijar la mirada en Brasil.

Maysatx blog Ponto e Contraponto qilqt'ata[pt], kipka qilqir Len Creative Commons uksatx k'uminwa, Ukax katjasiwa [pt] wastamp qilqatarjamaxa.

Yo lo veo como un cambio positivo. Hay que tener siempre en cuenta que los usuarios avanzados de internet y los nerds son los que conocen a CC y el significado de las licencias. La abrumadora mayoría que usa la web y sólo tiene los conocimientos básicos, no tienen ni idea de lo que significan esas etiquetas y especialmente en un idioma extranjero. La frase escrita en la parte inferior de la página web, en portugués, informa mejor a un mayor número de personas. Las personas que no conocen el significado de las etiquetas CC podrían tener sus páginas web o blogs y quisieran usar el contenido del sitio web del Ministerio y con este cambio también sabrán que pueden utilizar dicho contenido, siempre y cuando citen la fuente.

Nayax mä turkakipaw uñjta. Khitinakati sitio web apnaqki, ukanakax kawnirinakati aski yatxatawik ukakwa yatipxi, janiw etiquetanakax anqax arun kunsa sañ muni ukxa yatipkiti. Web manqhajan aru qilqatax portugués arnkiwa, ukax walja qainakaruw sumpach amuyt'ayi. Kawkir jaqinakati CC uka etiquetax kamsañs muni uk jan yitipk ukanakax sitio web jan ukax blog uka pajinanakanipxaspawa.

Hollanda Ministran amtanakapax janiw askikiti. Ukhakamax blogerunakax amuyt'apxanwa, Creative Commons ukax Brasil markan cultura digital aruskipawinx qhananwa mä qhipar chillqtawixa, yaqhipanakax turkakipawit arsuñax askiw sasaw amuyapxäna.","Ministro de Cultura brasileron amtapax licencia Creative Commons sitio web uka chhaqatayañawa, redes sociales  ukan kunayman phiñasiwiw blogerunakat uñsti. Nayrir uñanchawiwa, internet, cultura digital uka nayriri pulitika irpirinakan utt'ayat chhaqtayañaxa.",aym,globalvoices,Global Voices,fake news,d4e3599a-3749-47e4-b71b-a62c4d8312d7,article,MassiveSum
https://aym.globalvoices.org/2013/08/5976,,Chile markanx sartasiwinakankapxiwa:,,"Elisa Gili warmin khaysa yatiyaw uksana qillqatawipaw uñachat’asiwayi. “Chilin yatiqirinakan unxtasiwipa”. aka payïri t’aqax Chile marcan yatiqirinakapan unxtatapat khaysa periodismo ciudano uksan qillqkatt’atawa.

Kunjamiti nayrir qillqatan chilinun yatiqirinakapxata unxtatapata arsuskayätan, chile unxtatapata ukjamarus kawkiritix medios digitales uk uñstayki ukax wali saphintatawa. Khuri maymara pä waranq phisqa maran mallki phaxsin chilenunaka perwanunaka mexicanunaka ukar yaqhampi yatiyir yatiyirinakax jaqipanakaru amtayayapxiwa yatiyawipanakax yaqhawxa jaya markanakanakampiru yatiyataspa sasa. Jupanakax sur corea mistur senador Fernando Flores jaqin unxtirinakam p’iqinchatapxiwa. Aka qillqatax jichhakam jan yatiyawxat yatiyirinakarus p’iqinchataskiwa.

Ukat aka yatiyawinakax Chile markan yatiyaw Yatiyirinakapamp markachiririnakapamp mä jach’a mayachat’asiwañaruw uchawayi. Pablo Loyola, Chile marka unxtayiri jaqix arsuwayiwa, kuna askis aka qhananchawinakan nayrar sarantatapa,sañäni, taqiwxa jaya markanakan ullarat ukar cumpatitañapawa. Kawkiri yatiyaw yatiyki aka yatiyawinakxa ukax wali askiwa ukjamarus yanapt’irinakar yanapt’askañakiwa.

Cuando nosotros vemos que en un diario se publica información que nosotros tenemos en nuestra página como reportes de ellos, sabemos que estamos generando impacto positivo y lo seguimos haciendo

Kunawrasati jiwasanakankiri yatiyawis qhananchat uñjktañ jupanakankasps ukjama jiwasatak wali askiwa ukjamarus jiwasax jach’aruw sartayasktan ukatsti luraskaktanwa.

De izqda. a dcha., Juan Jose Peters, Pablo Loyola y Aníbal Vivaceta, creadores de Chile Movilizado

Ukjam unxtawinakan utjatapat, Ministra de Educación Carolina warmix mä jan waliruw uñjawayi, akjam saw arsuwayi aka unxtawinakax jan walt’añanak utjawayi ukjamarus mä yatiqiriw carabinerump usuchjat uñstawayi. Maysat Pablo Loyola qhananchawayarakiwa aka “carabeneru saraksnawa seguridad chileno” yatiyawinakapax wali jiljatawa. Khistis jan yatiyaw ist’iriki. Kunatix chile movilizado ukax ukawxat qallti, akax jasa thakwa uchi markachirinakankir yatiyatañapatakiwa.

Movimientos sociales web uksanx mä thakiskaspas ukjamaw chijllawinanakatakix ukjamarus janiy jan qhanakiti. Jach’a qamir politikunaka jisnawa candidat a la presidencia Marcel Claude redes sociales uksanakan wali askt’apxi arupanak apkatañataki, saraksnawa, yatiqirinak favora arsuwayi. Marcel Claude universidad ukan arsutapax chile movilizado ukaru uchkatasiwayi.

Chile movilisado, chilin unxtatapa jikqhatañ muniwa waljaniñ ist’atañapa. Jupanakax aka yatiyaw qhananchawinakx sapur machaq qhanachaw apkatatañap munapxi ukjamarus pasïri jichha yatiyawinakamp mayxachsax mä “thakjamañapatak” marchirinakataki.

Queremos de este año hacer visible todo lo que sucedió en el movimiento estudiantil y para eso tenemos que revisar todo lo que sucedió durante el año y todo lo que va a suceder.

Jichha marax uka jan walt’awinakan utjatapat qhanañap munapta ukat ukatakix wakisiw willtat uñakipañataki.

Aka payiri jiskt’awi elisa Moreno ukar Pablo Loyola chili movilizado ukatxa yatiqatawa juk’ampi, uka yatiqirinakan unxtasiwayapxatapata.","Elisa Moreno Gili ukat Pablo Loyola jupanakan payïr jiskt'aw aruskipawinakapa, Chile markanx yatiqirinakax kunjasm sartasipxi ukxatawa.",aym,globalvoices,Global Voices,fake news,98b16ff0-5388-407a-a895-2585482f7e24,article,MassiveSum
https://aym.globalvoices.org/2012/07/4481,,Internacional de videos de un minuto sobre medio ambiente ukar chikanchasiñatak atipt’asiwix qalltxiwa · Global Voices Aymarata,,"III Edición de telefilmes ecológicos [en] qalltijwa. Taqpach jilanak kullakanak llatunk jilir naraninaka, mä cámara utjininakamp mä amtawimp medio ambiente videotak mä k`atan ukanakaw concursur mantapxaspa. Atiristi 300 dolares mä video lurañatak apasïni, Ukhamarak jupax 1500 dólar apasiñamp XVIII conferencia internacional sobre el cambio climático ukapmpir sarañatak yaqhanakamp yant`aniwa, akax noviembre phaxsin wakisini.

Imagen de uno de los Biomovies winners, Drops of Hope

Ukar mantañatakix jumax phisqha tama [en] mayak ajlliñama ukhamarus conciencia medioambiental ukat parlañapawa. Janir 5 uru jallu qallta saraqat phaxsit qillqayasiñ phuqhacham película proyectum mä k`atan ukam qillqtanma. Ukat mä yatir jaqix 10 aski propuestanak (sapa tamat paya) ajllini ukanakaw qullq película de un minuto lurañatak qatuqapxani. Ukat 10 propuestanak mä jach`a premiotak atipt`asipxani. Khitis nayrankix sapa tamanakan ukaw atipirini. Jilpach yatiñatakix tve biomovies 2012 [en] ukan jikisma. Proyectonakax ingles, árabe, alemán, ruso jansipanst español arunakan qillqataspawa.

Maymar atipirinakax kunayman markanakat jutapxäna, jupanakax medio ambiente uñjañataki janir 1 k’ata recursunakat ukampit arsupxäna. Jichhax kimsïr atipirinakat mä película uñjayapxama.","III edición de telefilmes eclógicos de 1 minuto  ukax qalltxiwa. Jumati llatunk jila naranist ukhax mä cámaramp mä amuyumpix yant`asmawa.  Atiristi 300 dolares mä video lurañatak katuqasini, ukhamarak jupax 1500 dólar apasini  XVIII conferencia internacional sobre el cambio climático ukar sarañataki, ukax lapaka phaxsin phuqhasirakini.",aym,globalvoices,Global Voices,fake news,f28543a0-e75e-42f4-80ed-9e4ae3dbe5b6,article,MassiveSum
https://aym.globalvoices.org/2017/07/8884,,Fotógrafo nepalí jupax yanqhachir uywanakan jakäwipar askin uñjawit amuyt’añatakiw amt uñt’ayi,,"Rinoceronte en el río en Chitwan uksan mä jawiran Rinoceronte uywax uñjasi. Sagar Giri jupan jamuqapa. Iyawsatampiw uñacht’ayata.

Sagar Giri jupa thiyan jamuqanakax utjkän ukanakax janiw chuymapar purkänti: jamuqanakax janiw qhanakanti, janiw chiqawjankanti ukat saminakax janiw suma qhanakänti. Taqi ukanakatw cámara-p apañar uskusïna. Kunapachatï Sagar jupax jisk’a wawakan ukhaw mäkipatayna. Jichhürunx 28 maranixiwa, Nepal markan yanqhanchir uywanakan jakäwipxatw internacional uksar uñt’ayañatak amtampiw sarantaski. Parque Nacional Chitwan uka jak’ankiw utjäwipaxa, ukhamipanx jasakiw jamuqanak apsuñaxa ukhamat markapan uywanakap uraqpachar uñt’ayañataki. Sagar jupan Facebook pajinapanx kunjams luräwiparux uka jak’a chiqanx yanapt’i ukwa qhanancht’i :

I live on edge of the World Heritage Site Chitwan National Park, what can be better for a wildlife Photographer & enthusiast!!

So, today i was resting at my place and suddenly Navaraj (Manager at Chitwan Gaida Lodge) calls me, he got my dad's call that there is the leopard at the bank of Rapti river. The River dam just a few minutes away at the touristic place of Sauraha. I immediately ran with my camera & reached within minutes. My Dad had been watching him, showed me the place across the River a long Distance where Leopard was and immediately my shutter burst began!!

Patrimonio de la Humanidad uñt’ayat Parque Nacional Chitwan uka jak’an jakasirïtwa. Kunas mayni uywanakar jakäwipar munir fotógrafo-tak askipacha! Jichhürux utajan samart’askayäta, Navaraj (el gerente del Chitwan Gaida Lodge) uksat jawsanitu, kunalaykutï tatajan jawsawip katuqatayna ukatx Rapti jawiran thiyanx mä leopardo jikxatasi sasinw yatiyatayna. Jawirax turístico Sauraha uksan mä qawkha k’atanak sarañarukiw tukusi. Jank’apuniw cámara-x apxarusis t’ijtawayta ukatx mä qawqha k’atanakatx puriktwa. Tatajax uywaruw uñch’ukiskatayna ukatx khurkataruw uñtayitu uksanw leopardo-x jikxatasïna. Jank’akiw uxuñ qalltäna!!!

Sagar jupax Gobierno-mp irnaqañ muni, Nepal markan naturaleza-pax uraqapachañ uñt’atañapataki. Ukakipkarakiw yanqhachir uywanakax janiw jach’a asxarayañakiti kunjamatï amuyatak ukhamxa. Jupax waljkutiw tigres uywanakamp jikisitayna :

A tiger doesn't lose sleep over the opinion of sheep!! Late evening too low on the light. Home time for all the animals & birds. I was also returning home coz of darkness, then suddenly appears the King from the Bushes, immediately sits when we both see each other & Stares at me through the sal trees!!

Mä tigre uywax iwijanakan amtapar iki jaytkiti!! Jayp’urux taqi uywanakaw utapar kut’awayxapxi. Nayax ukakipkarakiw utar kut’awayxayata niyaw arumthapxäna, mayakw Rey ukax quqanak taypit uñstanïna. Jank’akiw qunt’asïna ukat uñkatasiptwa ukatx quqanak taypinx walpun uñch’ukinitanxa!!

Yanqhachir uywanakar askin uñjañ wakiskiritapataxa. Sagar jupan jamuqanakapax mä logo ukaniwa “sum uñjäw laykuw limt'ta”. Ukampins Nepal markan naturaleza ukat yanqhachir uywanakan jakäwip nayrar aptañax janiw jasa luräwikikiti. 22 uruw Parque Nacional Bardia uksan jikxatasïtayna, nutrias ukan mä jamuqap jikxatañataki, 12 ururakiw tigres ukan jamuqap jikxatañatakix saratayna, paqallqu jan ukax kimsaqallqu ururakiw jamach’inakan jamuqap jikxatañatakix saratayna. Manqhaxanx yaqhip jamuqanakapaw uñjasi.

Ibis verrucoso, Parque Nacional Chitwan. Imagen de Sagar Giri. Se reproduce con autorización.

Búfalo de agua salvaje, Arna, Parque Nacional Chitwan. Imagen de Sagar Giri. Se reproduce con autorización.

Cálao cariblannco, Chitwan. Imagen de Sagar Giri. Se reproduce con autorización.

Buitre del Himalaya, Jatayu Restaurant, Pithauli, Nawalparasi. Imagen de Sagar Giri. Se reproduce con autorización.

Nutria lisa, Parque Nacional Bardia. Imagen de Sagar Giri. Se reproduce con autorización.

Martín pescador común, Sauraha, Chitwan. Imagen de Sagar Giri. Se reproduce con autorización.

Buitre egipcio, Pokhara. Imagen de Sagar Giri. Se reproduce con autorización.

Águila pescadora, Pithauli, Nawalparasi. Imagen de Sagar Giri. Se reproduce con autorización.

Tigre de Bengala real, Parque Nacional Chitwan. Imagen de Sagar Giri. Se reproduce con autorización.","Sagar Giri  jupan jamuqanakapax mä logo ukan uchatawa:  ""sum uñjäw laykuw limt'ta"".",aym,globalvoices,Global Voices,fake news,a29f8582-77eb-4f32-8193-b470a700b922,article,MassiveSum
https://aym.globalvoices.org/2017/05/8793,,"Isla griega de Quíos uksanx ‘Lalades’, tulipanes panqaranakax walipuniw panqart’aski · Global Voices Aymarata",,"Isla de Quíos, norte del Egeo uksan tulipan panqarapa. Jamuq apsurin jamuqapawa.

Kunapachatï tulipán aru ist'tax ukhax inas tulipomanía, siglo XVII ukham lup'chista. Ukampirus yatat kunapachatï Imperio Otomano ukax “Período Tulipán” (Lale Devri)? sañ muni. Ukaw mä jisk'a uñt'ayawix uraqpachan yaqha markanakan panqaranakapaxa.

Quíos, uksan jisk'a islapan norte de Egeo quta uksanx tulipanes ukanakax “lalades” satawa, achuqa qallta phaxsinw walpun panqart'i ukatx niya paqallqu jan ukax tunka urutx chhaqtarawayxiwa. Quíos uksanx almáciga quqanakapatx wali uñt'atawa, Medio Oriente uksanx tulipan panqarax walpun utji. Markachiritakix wali askirakiwa.

Tulipanes ukanakax Asia Central uksan uñstiritaynawa, Europa Central ukat Oriental uksanakanw uñstxarakitayna. Quíos uksanx tulipanes, ukanakax lalades sutimp uñt'atawa, mä historia ukhamawa: lale ukax persa sutiwa, dialecto chian ukhamaxarakiwa.

Isla de Quíos, sureste, Grecia markanx tunka pusin kasta tulipanaw utji, (Tulipa praecox, Tulipa agenensis, Tulipa clusiana, Tulipa undulatifolia).

Kallimassia markana, isla de Quíos uksan Lalades panqara. Ukakipkarakiw olivos ukatx quqanaka ukhamaw uñjasiraki. Jamuq apsurin jamuqapawa.

ukarux markanx lale turco sasinw sapxi. Wila saminiwa, sayarux 70 centímetros ukch'awa, yapuchañ thiyanakan ukat olivares thiyanakan achu.

Tulipa agenensis ukarux markanx lale franco sutimp uñt'atawa, sayarux 50 centímetros ukch'awa, wila ukat ch'iyar ch'aqanakaniw samipaxa, manqharux q'illump rayantatawa. Tulipa undulatifolia ukax muspkayawa, ukampirus chhaqtañampixiwa, sayarux 30 centímetros ukch'arakiwa, panqaranakapax wila, q'illu wila ukhamarakiwa, laphinakapax chhirirakiwa. yapuchañtuqinakan utji. Qhiparusti, Tulipa clusiana, ukarux markanx Constantinopla jan ukax lale babilónico sutimp uñt'atawa. Sayarux 60 centímetros ukch'awa, janq'u panqaraniwa. Persia markan achuriwa.

Lalades ukanakax isla de Quíos uksanx wali askipuniwa, chuyms qhanartayarakiwa, ukampirus panqaranakapax jan walt'ayirirakiwa. Janitï panqaranak apthapipk ukhax uraqiruw jan walt'ayaspa.

Isla de Quíos, uksan panqaranakapa aka video ukanw uñjasma, Panos Mavrakis jupan waruqt'atawa, ukatx jupan YouTube-pan uñt'ayatarakiwa, Quíos uksan panqaranakaw uñjasi:",Quíos uksan Lalades sutimp uñt'at panqaranakapa.,aym,globalvoices,Global Voices,fake news,67d0b049-2ab3-441d-a97c-4ab40b13a856,article,MassiveSum
https://aym.globalvoices.org/2013/01/5123,,Voces de Dignidad - Colombia markan jan walt’äwipan jan jiwir warminaka,,"Voces de Dignidadax “Centro para la justicia de Transición” Centro para la Justicia de Transición (ICTJ), ukan mä multimedia nayrar apawiwa. Uka nayrar apawix Yoladis Zúñigampit Petronila Mendozampit sarnaqawinakapat yatiyi. Uka pä warminakax Colombia markan jakasipxirïnawa. Kunawsatix paramilitaranakax uka warminakan chachanakapar jiwayipxi, ukjaxa, uka markat sarxapxatayna.

Amtaxa, 2012 maran lapak phaxsi tukuyxi, ukjaw nayrar apawix yatiyasi. Ukampirusa, kimsa jamuqamp mä 22n k’atanakat videompi, kunax qhanunan uñjasiki, ukanakamp yanapt’asi. Marta Martínez, irptiri, mä post achikatjam [en] Witness [en] ukan qillqatayna. Jupax uka qillqawimp generot sumándose a la campaña de ñanqhachaw uñisiñatak 16n uru tamachawirunx [en], akham qhananchi:

Yoladis Zúñiga y Petronila Mendoza sobrevivieron un ataque de paramilitares de derecha en sus pueblos; donde violaron a mujeres y niñas, quemaron casas fueron y mataron a pobladores, entre ellos a sus maridos. Las dos mujeres huyeron con sus hijos a Baranquilla, una ciudad en la costa atlántica de Colombia, uniéndose así a los cuatro millones de desplazados por la guerra civil.

Yoladis Zúñigamp Petronila Mendozamp paramilitaranakax iwjatanakapat jisk’a markapan janiw jiwapxkataynati. Uka paramilitaranakax warminakar lulunakampir warmichjasipxatayna. Ukhamaraki, chachanakapar yaqha markachirinakampir jiwayapxatayna. Ukampirusa, utanakap nakhantayapxatayna. Uka pä warminakax Baranquilla markar wawanakapamp sarxapxatayna. Baranquillax Colombiat Costa Atlántica ukankir markawa. Uka sarxawinakapamp pusi waranq jan walt’awlayk yaqhsatuqir sarayawir yapt’asi.

Yoladis Zúñiga. Foto de Camilo Aldana para ICTJ, usada con su permiso.

Martax Voces de Dignidadan yatiyawip churañ muni, uk ch’amanchi:

Mientras que el gobierno de Colombia inicia nuevas rondas de negociación por la paz con las guerrillas de izquierda o Fuerzas Armadas Revolucionarias de Colombia (FARC), ha habido mucha especulación sobre la posibilidad de una paz sostenible. La investigación del ICTJ y su experiencia comparativa muestra que no se puede alcanzar una paz sostenible si no se asegura que haya justicia, responsabilidad y derechos para las víctimas.

En las palabras de María Camila Moreno, líder de la oficina de ICTJ en Colombia: “Las víctimas no son números. Son personas de carne y hueso, con dignidad, que tienen una clara mirada de los pasos que debe tomar Colombia para responder a su derecho de compensación”.

Maysatuqit Colombia markan gobiernox Fuerzas Armadas Revolucionarias de Colombia (FARC) jupanakan walt’asiñatak tantachasipxi, yaqhsatuqitsti, yaqhipanakax sostenible wakisiw jiqjatasispa, sasipkäna. ICTJat yatxatawix jan t’aqawimpi, sarayawimp derechomp victimanakatak utjkasax sostenible wakisiw janiw jiqjataskaspati, sas siwa. María Camila Morenox Colombia markan ICTJan p’iqinchiriwa. Jupax akham siwa: “Victimanakax janiw jakhuwinakapkiti. Janchimp ch’akhamp jaqinakawa. Jupanakax dignidadampirakiwa. Ukampirus compensacionat derechopat Colombia markan kunjams phuqañ qhan yatipxi”.

Petronila Mendoza. Foto de Camilo Aldana para ICTJ, usada con su permiso.

Yoladisamp Petronilampit arsuwinakaplaykut Voces de Dignidadax Colombian jan walt’awin victimanakan jakawinakap uñti. ICTJan kamachix Voces de Dignidadat akham siwa:

Al contar la historia de Yoladis y Petronila, Voces de Dignidad rompe con el estereotipo de que las mujeres víctimas del conflicto son actores pasivos en la sociedad de transición. Al contrario, las muestra como participantes activas y líderes; de sus familias y comunidades, no son víctimas, sino héroes.

Yoladisamp Petronilampit nayra sarnaqawinakapat yatiyataxa, Voces de Dignidadax warminakan jan walt’awinx sarnaqawinakapax transición markan janiw aliqapkiti. Jan ukaxa, wila masinakapat jisk’a markanakapat irpirinakjam ch’amanchirinakjam uñachapxi. Janiw victimapxkiti, jan ukast yanapt’irinakapxiwa.

Marta multimedia nayrar apawinx amtawipax akawa: “Colombia markan ukhamarak yaqhsatuqinx victimanakan nayrïr derechonak ch’amanchasiñapawa: chiqanchiritak derecho, uñt’asiñatak ukhamarak kuns yanapt’asipat churata. ”

arun utji, uñstuskiwa. Qhipansti, árabenkaniwa.","Yoladis Zúñiga ukat Petronila Mendoza  pani  colombianas kullakanakax  chachanakaparuw paramilitaranakax jiwayan sasin utanakapan yatipxäna, ukatax   multimedia Voces de Dignidad sutinchat proyectux  ukarux walw arktapxäna.",aym,globalvoices,Global Voices,fake news,b135f042-6743-449c-895a-0601255359a9,article,MassiveSum
https://aym.globalvoices.org/2011/03/1394,,Yemen: ¿Ali Abdullah Saleh Jaqitak Anataw Tukuyawipa?,,"Aka post ukax mä suma kankañ ajllt’awiwa Yamen markan markachirinakan 2011ni maran sartasiwipxatawa .

18ni marzo phaxsit sarakata uruxa mä El 18 de marzo fue el día más wila wartawinwa [en] Yemen markanxa kunawsatix unxtasiñanaxa qalltkana, pä phaxsi qhipaxatpachxa. Ali Abdullah Saleh uka jaqixa walx kutiwa jawsi pallapallanakaru kunalaykutix jupanakan tuwaqapxañapataki unxtasirinakaru, mark amanqirinakaru saykatirinakata jan kunas jupanakaru yankhachatañapataki. Ukampirus, uraq kjathat utxipanaxa janiw kunas lurasxiti. Ukjamakasinxa kjanpachanxa, viernes uruxa, kjitinakatix Yemeni mark iripirin arkiri pallapallanakapaxa mäkiwa markachiri unxtasirinakaruxa yanqhachaña qalltapxi walxaniru jiwarayasina, jiwaratanakaxa 46niruwa puri ukjasmaraki walxaniruwa usuchnuqupxi. Yankjachawixa, taqini markachir unxtasirinakaru tukjañatakinwa, jichhaxa markachiri unxtasirinakat arxatirinakax walxaniw yanat’añatak yapxatapxi.

Protestas en Sana'a el 16 de marzo, foto de Afrah Nasser

Willküru uruxa, Ali Muhsen jaqixa, pallapallanakan jilir irpiripaxa qhanañchawayiwa “waynanakan mark turkakipañ amuy llamp’uw unxtasiwinakapar yanapapañataki.”

Nasser Arrabyee, Yemen markan yatiyirix qilqt'awayiwa ukatx uñt'ayiwa [en]:

El comandante militar de la región norte, Ali Muhsen, declaró el lunes su apoyo a la revolución pacífica en contra del régimen de 33 años del Presidente Ali Abdullah Saleh.

La decisión se tomó después que el ejército del general Muhsen (división armada 1) fuese desplegado alrededor de los campamentos de manifestaciones cercanos a la universidad desde el domingo 20 de marzo de 2011.

Ali Muhsen, pallapallanakan irpiripaxa,willküru urux qhanañchawayiwa, aka kjitinakatix llamp’u turkakiptawi unxtasiwimp sarantapki, aka Ali Abdullah Saleh mark iripirir saykatapñatak ukanakar yanapt’añataki.

Aka amtaxa churasiwayanwa kunawsatix Muhsen(división armada 1) ukan pallapalla arkirinakapaxa sarxapxana taqi chiqarua kawkjantix aka unxtasiwinakax jacha yatiqañ utaxa utjki ukjanakaru. Aka domingo 20ka uru marzo phaxsit 2011ni saraqataru.

La medida es un punto de inflexión para las protestas anti-Saleh. El General Mussen, uno de los parientes del Presidente Saleh, es considerado el segundo comandante militar con más influencia después de Saleh.

Aka amtawix mä amuyu sallqantawiw qjitinakatix Saleh tuqi sartasipki ukanakataki.

Mussen jaqixa, janch masipawa aka mark irpirina, jupax payïr pallapallanak irptiriwa, wali arxatiri amuyump aka Saleh ukaruxa.

Ali Muhsen mark iripirin lurawinakapx uñtasispaw pallapallankan mark irptañapataki katxaruwir markachir unxtasirinakamp ukjamata Ali Abdullah Saleh jupa tuqi sayt’añataki.

Mä Yemeni jaqixa (@yemen4change) uka tuqw twitiyana:

@RAHB1980 hasta ahora, creo que el ejército está dividido, pero con muchas renuncias, la posibilidad de que el resto del ejército se una en cuestión de días

Jichhakamax pallapallanakax payar jalxtatawa, wali janiw sawinakampi, yaqhip pallapallanakax mäkiw jaqkatataspa, ukax mä urutxamakispawa.

Willkür jayp’u tuqiruxa, Ali Muhsen irpirin lurawinakapax walxa pallapall yemenís embajaduranaka ukjamaraki mark p’iqinchir irpirinakaw janiw säs sawayapxi.

نعتذر عن عدم قدرتنا مواكبة جميع الإستقالات المتواليه من الحزب الحاكم ومن القاده العسكريين ومن المشائخ والشخصيات لكثرتها #yemen #suhail

P'ampacht'apxita, gobenatinakampin palla pallanakampin Sheiks ukanakan jatjawipat imt'atajata.

Walxani markar p‘iqinchirinakawa uñt’apphita ukjamaraki pallapallanak tuqit utjawayi ukat uñt’apphita.

سفراء اليمن في كل من الكويت والصين وسوريا والأردن واليابان والسعوديه وباكستان وغيرها ينضمون لثورة الشعب والشباب #yemen #suhail #sanaa #yf

Kuwait, China, Siria, Jordania, Japón, Arabia Saudita, Pakistán yaqhipanakampixa, anqaxat irptiriru yanapirinakaxa janiw yanapapkjirismati sasaw sawayapxi, jupanakaxa markachiri unxtasirinakaruwa jaqattawayapxi.

Están cayendo como moscas en #Yemen, 2 generales del ejército, el portavoz suplente del parlamento, el embajador en Japón todos desertaron del régimen

, pani Pallapall irpirinak, paralamintun arsuri ukjamaraki anqax Japon markat irnaqirisa sarxarakiwa.

Yahya Al-Saryhi, uñicht’ayawayiwa (G.C.Y) جيل التغيير اليمني mä lista taqini qhitinakaytix janiw irnaqjiristi sawayapki ukanakata ukanakatxa sawayiwa nayax uka turkakiptawiruxa yanapawa sasina. Hameer Al-Ahmer, payiri irpiri cámara de diputado ukatja, Checa markat irnaqirixa, Telivision Yemeni irpirisa ukjamaraki Aden mark irpirisa aka akjuwinkaphiwa. Akaxa mä sawiwa uñtasi qhipa 33ni mara markar irptawiwa Ali Abdullah Saleh jaqinxa. Ben Wedeman jupaxa twitiyawarakiwa:

Tambalea, a punto de caer: Ali Abdallah Saleh de #Yemen

Ali Abdallah Saleh: wali liwi liwi puniwa, ukjamaraki jaqusirxamaxiwa

Se está haciendo historia en #Yemen ahora que líderes del ejército se unieron a los manifestantes. Se espera que #Saleh renuncie o huya

jichhax pallapallanakan irpirinakapax unxtasirir markachirinakaparuw jaqkatxi jichhax kunas suyt’asi.","Yemen sutinix palla pallanakatx (oficiales del ejército) sumyati, funcionarios, miembros del Parlamento y Embajadores jupanakan markpachar ch'amanchawipata. Akat tukuyan qalltapapach regimen Saleh uksanxa?",aym,globalvoices,Global Voices,fake news,fa6796ac-cd6e-423a-87c5-c288c39db382,article,MassiveSum
