uuid,article_content,translated_content,post_content,translated_post,language,translation_directionality,model,veracity,technique_keys,json_filepath,language(article_content),language(translated_content),language(post_content),language(translated_post),language(source),degree,source_dataset,HAT,MGT,MTT,HWT
cb63f585-95cf-4d30-946b-6cdf11a0a72c,The Rijksmuseum in Amsterdam is reopening on April 13 after a decade-long renovation Rembrandt's 'The Night Watch' (1642) is the museum's crown jewel This massive painting is displayed in its original location,The Rijksmuseum's reopening on April 13 marks the end of a 10-year renovation Rembrandt's 'The Night Watch' remains the museum's most prized possession,"Get ready to experience the new Rijksmuseum! After a decade-long renovation, 'The Night Watch' takes center stage once more on April 13 #RijksmuseumReopens #TheNightWatch #ArtLovers","Get ready to experience the new Rijksmuseum! After a decade-long renovation, 'The Night Watch' takes center stage once more on April 13 #RijksmuseumReopens #TheNightWatch #ArtLovers",eng,eng_x,meta-llama_Llama-4-Maverick-17B-128E-Instruct-FP8,real_news,[2],/eng_x_r/meta-llama_Llama-4-Maverick-17B-128E-Instruct-FP8/eng/CoI_cb63f585-95cf-4d30-946b-6cdf11a0a72c_eng_rewrite_complete.json,eng,eng,eng,eng,eng,complete,DialyNews,n,y,y,n
ba1bbc2c-dbd1-4b58-a850-0b4216d464cd,"Older people with memory problems may boost their brainpower with fish oil supplements, researchers say. Healthy individuals with mild memory deficits, particularly in recalling past events, showed improved memory after six months of treatment. An overview of evidence suggests that the omega-3 fatty acid DHA has the most benefit for people with existing memory issues, especially when coping with physical or mental stress. Experts believe DHA-rich supplements from fish oils or other marine sources might slow or prevent mental decline, as DHA is found in reduced amounts in people with Alzheimer's disease. DHA is thought to help nerve cells communicate with each other. The richest source of DHA is oily fish like herring, mackerel, and sardines. Britons are advised to eat at least one portion of oily fish a week, but only one in three do so. A review by US and Canadian scientists found several studies examining the effect of DHA supplements on memory. The MIDAS study, involving 485 healthy elderly people with memory complaints, found that 24 weeks of marine oil supplements led to 'significant improvements' in memory test scores. Benefits of DHA are most observed in ageing individuals with mild cognitive impairment or memory complaints, or those under chronic stress. Dr. Carrie Ruxton, an independent public health nutritionist, noted falling oily fish consumption among Britons, with average intake at 90g weekly compared to the recommended 140g. She stated that 'studies have shown fish oils lead to better performance in working and verbal memory, indicating the potential to delay cognitive decline.'","Older people with memory problems may boost their brainpower with fish oil supplements, researchers say. Healthy individuals with mild memory deficits, particularly in recalling past events, showed improved memory after six months of treatment. An overview of evidence suggests that the omega-3 fatty acid DHA has the most benefit for people with existing memory issues, especially when coping with physical or mental stress. Experts believe DHA-rich supplements from fish oils or other marine sources might slow or prevent mental decline, as DHA is found in reduced amounts in people with Alzheimer's disease. DHA is thought to help nerve cells communicate with each other. The richest source of DHA is oily fish like herring, mackerel, and sardines. Britons are advised to eat at least one portion of oily fish a week, but only one in three do so. A review by US and Canadian scientists found several studies examining the effect of DHA supplements on memory. The MIDAS study, involving 485 healthy elderly people with memory complaints, found that 24 weeks of marine oil supplements led to 'significant improvements' in memory test scores. Benefits of DHA are most observed in ageing individuals with mild cognitive impairment or memory complaints, or those under chronic stress. Dr. Carrie Ruxton, an independent public health nutritionist, noted falling oily fish consumption among Britons, with average intake at 90g weekly compared to the recommended 140g. She stated that 'studies have shown fish oils lead to better performance in working and verbal memory, indicating the potential to delay cognitive decline.'","Boost your brainpower with fish oil supplements! Research shows DHA can improve memory in older adults, especially those with mild cognitive impairment. #FishOil #BrainHealth #Memory","Boost your brainpower with fish oil supplements! Research shows DHA can improve memory in older adults, especially those with mild cognitive impairment. #FishOil #BrainHealth #Memory",eng,eng_x,meta-llama_Llama-4-Maverick-17B-128E-Instruct-FP8,real_news,[0],/eng_x_r/meta-llama_Llama-4-Maverick-17B-128E-Instruct-FP8/eng/CoI_ba1bbc2c-dbd1-4b58-a850-0b4216d464cd_eng_edit.json,eng,eng,eng,eng,eng,light,DialyNews,y,n,y,n
3016efd7-e435-4f65-94f5-88d102602287,"Action movies have long been some of the most popular and beloved pictures in cinema history, thanks to incredible innovators. Acclaimed directors like John Woo ('Face/Off'), the Wachowskis ('The Matrix'), and John McTiernan ('Die Hard') have given audiences memorable movies featuring explosions, shootouts, car crashes, sword battles, and kung fu fights. These films aren't just shots of mindless action spliced together; they're masterpieces crafted with precision, resources, and imagination. James Cameron is famous for pushing movie productions to their limits, expanding notions of what could be done cinematically. With thrilling blockbusters like 'Aliens', 'True Lies', and the first two 'Avatar' and 'Terminator' movies, he became one of the industry's most innovative filmmakers. Christopher Nolan, known for his creative and ambitious action movies, has presented some of the biggest and most mind-blowing stunts ever performed on the big screen. George Miller became an international sensation with 'Mad Max' and continued to innovate with 'Mad Max: Fury Road'. Steven Spielberg has directed some of the most successful and thrilling action movies, including 'Jaws', 'Raiders of the Lost Ark', and 'Saving Private Ryan', the latter revolutionizing the portrayal of warfare. Akira Kurosawa, a pioneering Japanese filmmaker, has inspired countless directors worldwide with his innovative style and storytelling, influencing franchises like 'Star Wars' and 'The Lord of the Rings'. These directors have brought audiences some of cinema's greatest action movies, serving as examples for aspiring filmmakers.","Action movies have long been some of the most popular and beloved pictures in cinema history, thanks to incredible innovators. Acclaimed directors like John Woo ('Face/Off'), the Wachowskis ('The Matrix'), and John McTiernan ('Die Hard') have given audiences memorable movies featuring explosions, shootouts, car crashes, sword battles, and kung fu fights. These films aren't just shots of mindless action spliced together; they're masterpieces crafted with precision, resources, and imagination. James Cameron is famous for pushing movie productions to their limits, expanding notions of what could be done cinematically. With thrilling blockbusters like 'Aliens', 'True Lies', and the first two 'Avatar' and 'Terminator' movies, he became one of the industry's most innovative filmmakers. Christopher Nolan, known for his creative and ambitious action movies, has presented some of the biggest and most mind-blowing stunts ever performed on the big screen. George Miller became an international sensation with 'Mad Max' and continued to innovate with 'Mad Max: Fury Road'. Steven Spielberg has directed some of the most successful and thrilling action movies, including 'Jaws', 'Raiders of the Lost Ark', and 'Saving Private Ryan', the latter revolutionizing the portrayal of warfare. Akira Kurosawa, a pioneering Japanese filmmaker, has inspired countless directors worldwide with his innovative style and storytelling, influencing franchises like 'Star Wars' and 'The Lord of the Rings'. These directors have brought audiences some of cinema's greatest action movies, serving as examples for aspiring filmmakers.","Discover the masters behind the most iconic action movies! Directors like James Cameron, Christopher Nolan, and George Miller have revolutionized the genre with their innovative storytelling and breathtaking stunts. #ActionMovies #Cinema #FilmDirectors","Discover the masters behind the most iconic action movies! Directors like James Cameron, Christopher Nolan, and George Miller have revolutionized the genre with their innovative storytelling and breathtaking stunts. #ActionMovies #Cinema #FilmDirectors",eng,eng_x,meta-llama_Llama-4-Maverick-17B-128E-Instruct-FP8,real_news,[0],/eng_x_r/meta-llama_Llama-4-Maverick-17B-128E-Instruct-FP8/eng/CoI_3016efd7-e435-4f65-94f5-88d102602287_eng_edit.json,eng,eng,eng,eng,eng,light,GlobalNews,y,n,y,n
11784ee8-666f-470e-98c9-d3cb50d9a040,NPR's Scott Simon and ESPN's Michele Steele recently discussed the Texas Rangers' World Series win. They noted the series' historically low TV ratings and a remarkable NFL play that's been gaining attention.,NPR's Scott Simon and ESPN's Michele Steele recently discussed the Texas Rangers' World Series win. They noted the series' low TV ratings and a remarkable NFL play that's been making headlines.,"The Texas Rangers are World Series champs! Learn more about their win, the series' low TV ratings, and a stunning NFL play making waves. #SportsHighlights #WorldSeries #NFLNews","The Texas Rangers are World Series champs! Learn more about their win, the series' low TV ratings, and a stunning NFL play making waves. #SportsHighlights #WorldSeries #NFLNews",eng,eng_x,meta-llama_Llama-4-Maverick-17B-128E-Instruct-FP8,real_news,[2],/eng_x_r/meta-llama_Llama-4-Maverick-17B-128E-Instruct-FP8/eng/CoI_11784ee8-666f-470e-98c9-d3cb50d9a040_eng_rewrite_complete.json,eng,eng,eng,eng,eng,complete,GlobalNews,n,y,y,n
84b60e1a-9258-499b-929a-a80f15a2fc1b,"Being diagnosed with a chronic disease is hard. Imagine spending months or years going from doctor to doctor trying to figure out what's wrong. Nearly 30 million people in the United States have a rare disease, according to the National Institutes of Health's Office of Rare Diseases Research.",Being diagnosed with a chronic disease is hard. Imagine spending months or years going from doctor to doctor trying to figure out what's wrong. Nearly 30 million people in the 'United States' have a rare disease.,Discover inspiring stories of kids battling rare diseases! 'They teach acceptance & perseverance.' #RareDiseaseAwareness #ChildrenHealth,Discover inspiring stories of kids battling rare diseases! 'They teach acceptance & perseverance.' #RareDiseaseAwareness #ChildrenHealth,eng,eng_x,meta-llama_Llama-4-Maverick-17B-128E-Instruct-FP8,real_news,[0],/eng_x_r/meta-llama_Llama-4-Maverick-17B-128E-Instruct-FP8/eng/CoI_84b60e1a-9258-499b-929a-a80f15a2fc1b_eng_edit.json,eng,eng,eng,eng,eng,light,DialyNews,y,n,y,n
838f5b09-a203-4ba1-99bb-145aa0fa1b41,"These 'adorable' pictures show Julian Becker and his '165-pound' pet Max, the 'shaggy' Newfoundland that never leaves his best friend's side. Five-year-old Julian's mother, Stasha, started taking pictures of the 'odd couple' every day before they got in the family car in Whidbey Island, Washington state, U.S. Both Julian and Max were born in England. With her husband, a U.S. naval officer, away regularly, the pictures began as a way of keeping in touch.","These 'adorable' pictures show Julian Becker and his '165-pound' pet Max, the 'shaggy' Newfoundland that never leaves his best friend's side. Five-year-old Julian's mother, Stasha, started taking pictures of the 'odd couple' every day before they got in the family car in Whidbey Island, Washington state, U.S. Both Julian and Max were born in England. With her husband, a U.S. naval officer, away regularly, the pictures began as a way of keeping in touch.","Meet Julian and Max, the 'unlikeliest' best friends! 'Adorable' photos show the 5-year-old boy and his 165-pound Newfoundland dog #JulianAndMax #UnlikelyFriends #DogLove","Meet Julian and Max, the 'unlikeliest' best friends! 'Adorable' photos show the 5-year-old boy and his 165-pound Newfoundland dog #JulianAndMax #UnlikelyFriends #DogLove",eng,eng_x,meta-llama_Llama-4-Maverick-17B-128E-Instruct-FP8,real_news,[0],/eng_x_r/meta-llama_Llama-4-Maverick-17B-128E-Instruct-FP8/eng/CoI_838f5b09-a203-4ba1-99bb-145aa0fa1b41_eng_edit.json,eng,eng,eng,eng,eng,light,DialyNews,y,n,y,n
e357ca4c-014f-4411-903b-822fc08ce909,"Sylvia Lancaster, mother of Sophie Lancaster, who was murdered in 2007 due to her 'Gothic appearance', stated that her OBE is a 'validation' for those targeted for being different. The Sophie Lancaster Foundation, founded by Sylvia, works to combat hate crimes. Prince Charles honored Sylvia for her work at Buckingham Palace. Sophie, 20, was attacked in Bacup, Lancashire, by teenagers due to her alternative style. She died 13 days after the attack without regaining consciousness.","Sylvia Lancaster, mother of Sophie Lancaster, who was murdered in 2007 for her 'Gothic looks', expressed that her OBE award is a 'validation' for individuals targeted due to their unique style. The Sophie Lancaster Foundation works to eradicate hate crimes. Prince Charles honored Sylvia Lancaster at Buckingham Palace. Sophie was attacked by teenagers in Bacup, Lancashire, due to her alternative appearance. She passed away 13 days later.",Sylvia Lancaster's OBE award honors her work against hate crimes following Sophie Lancaster's tragic murder in 2007. #HateCrimeAwareness #SophieLancasterFoundation,Sylvia Lancaster's OBE award honors her work against hate crimes following Sophie Lancaster's tragic murder in 2007. #HateCrimeAwareness #SophieLancasterFoundation,eng,eng_x,meta-llama_Llama-4-Maverick-17B-128E-Instruct-FP8,real_news,[2],/eng_x_r/meta-llama_Llama-4-Maverick-17B-128E-Instruct-FP8/eng/CoI_e357ca4c-014f-4411-903b-822fc08ce909_eng_rewrite_complete.json,eng,eng,eng,eng,eng,complete,DialyNews,n,y,y,n
9946219d-e2c1-45e3-a69b-5721e52ca43a,"A Los Angeles County judge has refused to lower the '$23 million' bail for Mark Berndt, a former teacher at Miramonte Elementary School accused of committing 'lewd acts' against his students. Judge Marcelita Haynes also denied a request to review photos of other children who may be victims. Berndt, 61, has pleaded 'not guilty' to 23 counts related to allegations of binding students and taking disturbing photographs involving 'semen-filled spoons' and 'cockroaches'.","A Los Angeles County judge has refused to lower the '$23 million' bail for Mark Berndt, a former teacher at Miramonte Elementary School accused of committing 'lewd acts' against his students. Judge Marcelita Haynes also denied a request to review photos of other children who may be victims. Berndt, 61, has pleaded 'not guilty' to 23 counts related to allegations of binding students and taking disturbing photographs involving 'semen-filled spoons' and 'cockroaches'.","Mark Berndt, ex-Miramonte Elementary teacher, to remain in custody as judge denies bail reduction. He faces 23 counts related to 'lewd acts'. #ProtectOurChildren #Justice","Mark Berndt, ex-Miramonte Elementary teacher, to remain in custody as judge denies bail reduction. He faces 23 counts related to 'lewd acts'. #ProtectOurChildren #Justice",eng,eng_x,meta-llama_Llama-4-Maverick-17B-128E-Instruct-FP8,real_news,[2],/eng_x_r/meta-llama_Llama-4-Maverick-17B-128E-Instruct-FP8/eng/CoI_9946219d-e2c1-45e3-a69b-5721e52ca43a_eng_rewrite_moderate.json,eng,eng,eng,eng,eng,moderate,DialyNews,y,n,y,n
f1930737-4e10-44f0-8547-4c24ef1ec129,"Air France and KLM are set to revolutionize airport bag drops with their new digital tag and tracking device. The eTag and eTrack devices are designed to work in tandem with the airlines' Flying Blue loyalty program, ensuring that flight information is updated automatically. Travelers can attach the eTag to their luggage, eliminating the need for repetitive labeling, while the eTrack allows for real-time tracking of baggage.",The translation accurately conveys the original message and is fluent. Minor adjustments made for cultural nuance and readability.,Say goodbye to bag drop queues and lost luggage with Air France and KLM's innovative eTag and eTrack! #TravelInnovation #AirportSolutions #SmartTravel,Say goodbye to bag drop queues and lost luggage with Air France and KLM's innovative eTag and eTrack! #TravelInnovation #AirportSolutions #SmartTravel,eng,eng_x,meta-llama_Llama-4-Maverick-17B-128E-Instruct-FP8,real_news,[2],/eng_x_r/meta-llama_Llama-4-Maverick-17B-128E-Instruct-FP8/eng/CoI_f1930737-4e10-44f0-8547-4c24ef1ec129_eng_rewrite_light.json,eng,eng,eng,eng,eng,light,DialyNews,y,n,y,n
2c6845b7-9e10-452e-ab3f-d78224ad89da,"Sienna Miller, a prominent British fashion icon, has voiced her preference for French style, criticizing English fashion as 'scruffy'. The 31-year-old actress, representing chic French brand Caroll, appreciates the 'classic, timeless' look of French women, which she finds more appealing than the often mismatched clothing in London. In a Madame Figaro interview, Sienna praised French elegance, stating, 'You French are in a different league in terms of elegance.' She also admired French women's ability to appear 'desirable even when they're not making an effort'. Sienna Miller appreciates urban streetwear as a fresh trend but acknowledges it's 'not her style'.","Sienna Miller, a prominent British fashion figure, praises French style while criticizing English fashion as 'scruffy'. As the face of French brand Caroll, she appreciates the classic elegance of French women. Sienna Miller notes that French women can look 'desirable even without trying hard'. While she admires the urban streetwear trend, she believes it's not her personal style.","British fashion icon Sienna Miller prefers French elegance, saying English girls wear 'anything'! #FashionIcon #SiennaMiller","British fashion icon Sienna Miller prefers French elegance, saying English girls wear 'anything'! #FashionIcon #SiennaMiller",eng,eng_x,meta-llama_Llama-4-Maverick-17B-128E-Instruct-FP8,real_news,[2],/eng_x_r/meta-llama_Llama-4-Maverick-17B-128E-Instruct-FP8/eng/CoI_2c6845b7-9e10-452e-ab3f-d78224ad89da_eng_rewrite_moderate.json,"[eng,fra]",eng,eng,eng,eng,moderate,DialyNews,y,n,y,n
af005859-13a0-4d76-a137-ff5de988975d,"Maurice Edu has completed a permanent transfer from Stoke to Philadelphia Union, a Major League Soccer side. The 28-year-old United States international midfielder spent the recent MLS season on loan to Philadelphia, making 31 appearances. With the guarantee of regular football, Edu signed a full-time contract with Union. It ends his time with Stoke, where he made one substitute appearance lasting nine minutes after moving from Rangers in August 2012. 'Mo is extremely important to our organization and we're excited he'll be in Philadelphia for the foreseeable future,' Union technical director Chris Albright said.","Maurice Edu has completed a permanent transfer from Stoke to Philadelphia Union, a Major League Soccer side. The 28-year-old United States international midfielder spent the recent MLS season on loan to Philadelphia, making 31 appearances. With the guarantee of regular football, Edu signed a full-time contract with Union. It ends his time with Stoke, where he made one substitute appearance lasting nine minutes after moving from Rangers in August 2012. 'Mo is extremely important to our organization and we're excited he'll be in Philadelphia for the foreseeable future,' Union technical director Chris Albright said.",Maurice Edu makes permanent switch to Philadelphia Union! The 28-year-old midfielder has signed a full-time contract after a successful loan spell. #PhiladelphiaUnion #MLS #TransferNews,Maurice Edu makes permanent switch to Philadelphia Union! The 28-year-old midfielder has signed a full-time contract after a successful loan spell. #PhiladelphiaUnion #MLS #TransferNews,eng,eng_x,meta-llama_Llama-4-Maverick-17B-128E-Instruct-FP8,real_news,[0],/eng_x_r/meta-llama_Llama-4-Maverick-17B-128E-Instruct-FP8/eng/CoI_af005859-13a0-4d76-a137-ff5de988975d_eng_edit.json,eng,eng,eng,eng,eng,light,DialyNews,y,n,y,n
d7871fe2-ecc3-472c-a2f4-dbf7f7f3a81b,"Frank Buckles, the last U.S. World War I veteran, died peacefully at home. He was 110 years old and had served as an ambulance driver in the U.S. Army during World War I. Buckles became a prisoner of war during World War II.","Frank Buckles, the last U.S. veteran of World War I, has passed away at the age of 110. He served in the U.S. Army during the war.","Remembering Frank Buckles, America's last WWI veteran. He served with pride & honor. #FrankBuckles #WWI #Veteran","Remembering Frank Buckles, America's last WWI veteran. He served with pride & honor. #FrankBuckles #WWI #Veteran",eng,eng_x,meta-llama_Llama-4-Maverick-17B-128E-Instruct-FP8,real_news,[1],/eng_x_r/meta-llama_Llama-4-Maverick-17B-128E-Instruct-FP8/eng/CoI_d7871fe2-ecc3-472c-a2f4-dbf7f7f3a81b_eng_polish.json,eng,eng,eng,eng,eng,moderate,DialyNews,y,n,y,n
27087c3b-29db-4e0e-a56e-d8a9c2fddcea,"A thief who shot a man trying to stop him from robbing the man's brother was lynched to death by furious friends and family in Tucuman, Argentina. Twenty-two-year-old Alexis Jimenez was attacked by two men. His brother Cesar, 28, was shot in the neck by Daniel Gustavo Guerrero. Cesar died at the hospital about five hours later. Neighbors tracked down Guerrero and beat him to death. A video shows a man kicking Guerrero in the head while police asked him to stop. A friend of the Jimenezes justified the lynching, saying, 'The scum got what he deserved.' Police statements and observer accounts differ on whether police participated in the beating.","A thief who shot a man trying to stop him from robbing the man's brother was lynched by an angry mob in Tucuman, Argentina. The trouble started when Alexis Jimenez, 22, was attacked by two men early in the morning. Cesar Jimenez, 28, was shot in the neck by Daniel Gustavo Guerrero. Cesar died at the hospital around five hours later. Neighbors beat Guerrero to death after tracking him down. A video shows someone kicking Guerrero in the head as police asked them to stop. A friend of the Jimenez family said, 'The scum got what he deserved.' Accounts vary on whether police took part in the beating.", 'Man who shot 'have-a-go' hero beaten to death by angry mob in Argentina #ArgentinaNews #Lynching', 'Man who shot 'have-a-go' hero beaten to death by angry mob in Argentina #ArgentinaNews #Lynching',eng,eng_x,meta-llama_Llama-4-Maverick-17B-128E-Instruct-FP8,real_news,[0],/eng_x_r/meta-llama_Llama-4-Maverick-17B-128E-Instruct-FP8/eng/CoI_27087c3b-29db-4e0e-a56e-d8a9c2fddcea_eng_edit.json,eng,eng,eng,eng,eng,light,DialyNews,y,n,y,n
0c583aee-6316-4caa-b0d3-c99cdcf83415,Chris Eubank Jnr is considering training in America for his next fight due to a lack of sparring partners in the UK. Eubank believes that the circulation of footage showing him sparring with Carl Froch has intimidated potential sparring partners. He is set to face Dmitry Chudinov for the WBA interim middleweight title on February 28 at the 02 Arena.,"Chris Eubank Jnr is considering a move to the US to train for his next fight, as he feels UK sparring partners are avoiding him after seeing his sparring sessions with Carl Froch. Eubank is due to fight Dmitry Chudinov on February 28 for the WBA interim middleweight title. The fight is scheduled to take place at London's 02 Arena.",Eubank Jnr to face Chudinov on Feb 28! He's heading to the US to train as UK fighters shy away from sparring with him #boxing #EubankVsChudinov,Eubank Jnr to face Chudinov on Feb 28! He's heading to the US to train as UK fighters shy away from sparring with him #boxing #EubankVsChudinov,eng,eng_x,meta-llama_Llama-4-Maverick-17B-128E-Instruct-FP8,real_news,[2],/eng_x_r/meta-llama_Llama-4-Maverick-17B-128E-Instruct-FP8/eng/CoI_0c583aee-6316-4caa-b0d3-c99cdcf83415_eng_rewrite_moderate.json,eng,eng,eng,eng,eng,moderate,DialyNews,y,n,y,n
1930cdaf-bb7c-45c8-b422-279994636e38,"Derby County manager Steve McClaren has reassured fans he won't be leaving the club amid Newcastle United's interest in him taking their vacant job. The former England boss is the bookmakers' favourite to succeed Alan Pardew at St James' Park, but insists he still has work to do at Pride Park. The Rams, who lost to Queens Park Rangers in heart-breaking circumstances in last season's play-off final, have been impressive this season and sit third in the Championship. McClaren has reaffirmed his loyalty to Derby County amid interest from Newcastle United. He told the Derby Telegraph: 'Sam Rush spoke to me about three times last week and I said to him then, ""look, don't worry, I am going nowhere"". 'I have a job to do here. I don't want to let people down here. You've got to show loyalty. 'Derby have given me a great opportunity. They have backed me, and Sam and the owners have been fantastic. 'We've asked players to commit to long contracts to take Derby forward, and the staff as well. 'We are building here and I want to see the job through.' Derby are currently third in the Championship, three points behind the leaders Bournemouth. McClaren added: 'I love it here. I don't want to let people down and there's no question of that, despite all the rumours.'","Derby County manager Steve McClaren has reassured fans he won't be leaving the club amid Newcastle United's interest in him taking their vacant job. The former England boss is the bookmakers' favourite to succeed Alan Pardew at St James' Park, but insists he still has work to do at Pride Park. The Rams, who lost to Queens Park Rangers in heart-breaking circumstances in last season's play-off final, have been impressive this season and sit third in the Championship. McClaren has reaffirmed his loyalty to Derby County amid interest from Newcastle United. He told the Derby Telegraph: 'Sam Rush spoke to me about three times last week and I said to him then, ""look, don't worry, I am going nowhere"". 'I have a job to do here. I don't want to let people down here. You've got to show loyalty. 'Derby have given me a great opportunity. They have backed me, and Sam and the owners have been fantastic. 'We've asked players to commit to long contracts to take Derby forward, and the staff as well. 'We are building here and I want to see the job through.' Derby are currently third in the Championship, three points behind the leaders Bournemouth. McClaren added: 'I love it here. I don't want to let people down and there's no question of that, despite all the rumours.'","Derby County manager Steve McClaren says he's 'going nowhere' despite Newcastle United's interest! 'We've asked players to commit to long contracts to take Derby forward,' he told the Derby Telegraph. #DerbyCounty #SteveMcClaren","Derby County manager Steve McClaren says he's 'going nowhere' despite Newcastle United's interest! 'We've asked players to commit to long contracts to take Derby forward,' he told the Derby Telegraph. #DerbyCounty #SteveMcClaren",eng,eng_x,meta-llama_Llama-4-Maverick-17B-128E-Instruct-FP8,real_news,[0],/eng_x_r/meta-llama_Llama-4-Maverick-17B-128E-Instruct-FP8/eng/CoI_1930cdaf-bb7c-45c8-b422-279994636e38_eng_edit.json,eng,eng,eng,eng,eng,light,DialyNews,y,n,y,n
89162330-338f-4643-9a23-c2e3b1ee6641,"In a bizarre incident during Manchester City's 7-0 win over Sheffield Wednesday at the Etihad Stadium, a young fan invaded the pitch and took a 'selfie' with Frank Lampard The match, part of the Capital One Cup, saw City dominate with Lampard scoring twice and Edin Dzeko adding another two goals The fan's breach of security led to them being taken away in handcuffs, raising questions about City's security protocols ahead of their Champions League match against Roma","During Manchester City's emphatic 7-0 victory over Sheffield Wednesday, a young fan surprisingly breached the Etihad Stadium's security and posed for a 'selfie' with Frank Lampard The Capital One Cup match saw Manchester City dominate, with Frank Lampard netting twice and Edin Dzeko scoring two more goals The fan was subsequently removed in handcuffs, prompting Manchester City to assess their security ahead of the upcoming Champions League fixture against Roma",Bizarre moment at the Etihad! Young fan breaches security to take 'selfie' with Frank Lampard during 7-0 thrashing of Sheffield Wednesday #ManCity #SecurityBreach,Bizarre moment at the Etihad! Young fan breaches security to take 'selfie' with Frank Lampard during 7-0 thrashing of Sheffield Wednesday #ManCity #SecurityBreach,eng,eng_x,meta-llama_Llama-4-Maverick-17B-128E-Instruct-FP8,real_news,[2],/eng_x_r/meta-llama_Llama-4-Maverick-17B-128E-Instruct-FP8/eng/CoI_89162330-338f-4643-9a23-c2e3b1ee6641_eng_rewrite_moderate.json,eng,eng,eng,eng,eng,moderate,DialyNews,y,n,y,n
09248f53-37b8-48dc-995b-16ed3342db12,"The individual who leaked British lawmakers' controversial expense claims was motivated by outrage over equipment shortages for British troops, according to 'The Daily Telegraph'. This person was one of 20 employees tasked with processing and censoring the expense claims before their official release. The leak led to a significant scandal, with claims including thousands of dollars for interest on paid mortgages and cleaning a moat on a country estate.","The translation is accurate and fluent, conveying the same information and tone as the original text. Minor adjustments were made to ensure cultural appropriateness and readability.", 'British lawmakers' expense scandal: A leak that exposed greed and sparked change #ExpenseScandal #UKPolitics', 'British lawmakers' expense scandal: A leak that exposed greed and sparked change #ExpenseScandal #UKPolitics',eng,eng_x,meta-llama_Llama-4-Maverick-17B-128E-Instruct-FP8,real_news,[1],/eng_x_r/meta-llama_Llama-4-Maverick-17B-128E-Instruct-FP8/eng/CoI_09248f53-37b8-48dc-995b-16ed3342db12_eng_polish.json,eng,eng,eng,eng,eng,moderate,DialyNews,y,n,y,n
8eed5efb-9a59-44e2-aec5-b61a476bdd2a,"This Saturday night, British boxing fans have another significant fight to look forward to. Amir Khan will battle Devon Alexander at the MGM Grand Garden. At the same time, Ireland's Andy Lee will face Matt Korobov for the vacant WBO middleweight title at the Cosmopolitan, just a short stroll down the Las Vegas Strip. Andy Lee, who's been in a tough spot before against Julio Cesar Chavez Jnr, is again considered the underdog. Korobov, known for his stellar amateur career, has taken time to adapt to professional boxing but is now a heavy betting favourite. Billy Joe Saunders, the mandatory challenger to the winner, will watch the fight live on BoxNation in London. Saunders is supportive of Lee but believes Korobov's style might suit him better.","This Saturday night, British boxing fans are in for a treat with not one but two significant fights. Amir Khan takes on Devon Alexander at the MGM Grand Garden, while down the Las Vegas Strip at the Cosmopolitan, Andy Lee challenges Matt Korobov for the vacant WBO middleweight title. Andy Lee, having faced a tough time against Julio Cesar Chavez Jnr previously, is once again the underdog. Korobov, with his impressive amateur background, took his time to adjust to professional boxing but is now the heavy favourite among bettors. Mandatory challenger Billy Joe Saunders will be watching the Lee vs Korobov fight live on BoxNation from London, wishing Lee well while also thinking Korobov might be a more suitable opponent for him.","This Saturday, don't miss Amir Khan vs Devon Alexander at MGM Grand and Andy Lee vs Matt Korobov at Cosmopolitan for the WBO middleweight title! #LasVegas #BoxingNight","This Saturday, don't miss Amir Khan vs Devon Alexander at MGM Grand and Andy Lee vs Matt Korobov at Cosmopolitan for the WBO middleweight title! #LasVegas #BoxingNight",eng,eng_x,meta-llama_Llama-4-Maverick-17B-128E-Instruct-FP8,real_news,[1],/eng_x_r/meta-llama_Llama-4-Maverick-17B-128E-Instruct-FP8/eng/CoI_8eed5efb-9a59-44e2-aec5-b61a476bdd2a_eng_polish.json,eng,eng,eng,eng,eng,moderate,DialyNews,y,n,y,n
50dd4b95-cfef-4c25-b3d2-b6c98d806121,"Caroline Kennedy stated she would be 'humbled' to carry forward her father's legacy if confirmed as U.S. ambassador to Japan. She emphasized the crucial U.S.-Japan bond, particularly in promoting trade and ensuring strong military ties. Kennedy's nomination was introduced by New York's Senators Chuck Schumer and Kirsten Gillibrand.","Caroline Kennedy expressed humility about carrying forward her father's legacy as U.S. ambassador to Japan. The U.S.-Japan bond was emphasized, particularly in trade and military ties. The committee's positive reception of Kennedy's testimony was noted.",Caroline Kennedy expresses humility about continuing her father's legacy as US ambassador to Japan. She highlighted strong US-Japan ties in trade & military cooperation #USAmbassadorToJapan #JFKLegacy,Caroline Kennedy expresses humility about continuing her father's legacy as US ambassador to Japan. She highlighted strong US-Japan ties in trade & military cooperation #USAmbassadorToJapan #JFKLegacy,eng,eng_x,meta-llama_Llama-4-Maverick-17B-128E-Instruct-FP8,real_news,[2],/eng_x_r/meta-llama_Llama-4-Maverick-17B-128E-Instruct-FP8/eng/CoI_50dd4b95-cfef-4c25-b3d2-b6c98d806121_eng_rewrite_moderate.json,eng,eng,eng,eng,eng,moderate,DialyNews,y,n,y,n
fcf03f29-40ff-425e-93f2-45156986376e,"Princess Anne believes genetically modified crops are crucial for global food security, differing from Prince Charles's stance. In an interview with BBC's Countryfile, she emphasized the need for new methods to feed the world's population. Princess Anne suggested gassing badgers as a more humane alternative to shooting for controlling Bovine TB. Animal rights campaigners condemned her suggestion, citing the inhumanity of gassing.",The translation accurately conveys Princess Anne's support for GM crops and her views on badger culling. The language used is clear and understandable. The cultural nuances of the royal family's public statements are appropriately considered.,"Royal debate! Princess Anne backs GM crops and gassing badgers, contradicting Prince Charles. What's your take on her stance? #RoyalFamily #GMCrops #BovineTB","Royal debate! Princess Anne backs GM crops and gassing badgers, contradicting Prince Charles. What's your take on her stance? #RoyalFamily #GMCrops #BovineTB",eng,eng_x,meta-llama_Llama-4-Maverick-17B-128E-Instruct-FP8,real_news,[1],/eng_x_r/meta-llama_Llama-4-Maverick-17B-128E-Instruct-FP8/eng/CoI_fcf03f29-40ff-425e-93f2-45156986376e_eng_polish.json,eng,eng,eng,eng,eng,moderate,DialyNews,y,n,y,n
ffce6b3f-d4cb-41e2-800d-2b215d4f4b8f,"People living in UK cities may be familiar with colourful murals appearing overnight, but this could be the world's most geeky graffiti. The wall art, created in London, Birmingham, and Bristol, challenges the public to break codes for a chance to win tickets to a technology fair. The artwork includes code alongside notable technological minds, such as Alan Turing. To the untrained eye, the wall art may display nonsensical numbers and patterns, but it actually contains code, including Morse code, JavaScript, and Binary code, that hides a secret message. The graffiti is part of a bid to interest young people in coding, essential for developing computer software. Alan Turing, considered the 'godfather of computer science', is featured in two murals, as this month marks the 75th anniversary of the Government Code and Cypher Schools' arrival at Bletchley Park. Turing and his team broke the Enigma machine code used by the Nazis, a significant turning point in World War Two. The graffiti also features contemporary coding heroes, such as Nolan Bushnell, who created Atari, and Jon 'Maddog' Hall, executive director of Linux. The artwork was commissioned by Campus Party, a technology festival and coding school, to be held at the O2 in London from 2 to 7 September.","People living in UK cities may be familiar with colourful murals appearing overnight, but this could be the world's most geeky graffiti. The wall art, created in London, Birmingham, and Bristol, challenges the public to break codes for a chance to win tickets to a technology fair. The artwork includes code alongside notable technological minds, such as Alan Turing. To the untrained eye, the wall art may display nonsensical numbers and patterns, but it actually contains code, including Morse code, JavaScript, and Binary code, that hides a secret message. The graffiti is part of a bid to interest young people in coding, essential for developing computer software. Alan Turing, considered the 'godfather of computer science', is featured in two murals, as this month marks the 75th anniversary of the Government Code and Cypher Schools' arrival at Bletchley Park. Turing and his team broke the Enigma machine code used by the Nazis, a significant turning point in World War Two. The graffiti also features contemporary coding heroes, such as Nolan Bushnell, who created Atari, and Jon 'Maddog' Hall, executive director of Linux. The artwork was commissioned by Campus Party, a technology festival and coding school, to be held at the O2 in London from 2 to 7 September.",Get ready to crack the code! Colourful murals in UK cities hide secret messages. Decode them to win tickets to Campus Party at the O2 in London! #CodingChallenge #TechEvent,Get ready to crack the code! Colourful murals in UK cities hide secret messages. Decode them to win tickets to Campus Party at the O2 in London! #CodingChallenge #TechEvent,eng,eng_x,meta-llama_Llama-4-Maverick-17B-128E-Instruct-FP8,real_news,[0],/eng_x_r/meta-llama_Llama-4-Maverick-17B-128E-Instruct-FP8/eng/CoI_ffce6b3f-d4cb-41e2-800d-2b215d4f4b8f_eng_edit.json,eng,eng,eng,eng,eng,light,DialyNews,y,n,y,n
3e598b24-daa5-4334-9e38-6e86a0f6c8d2,"Arsenal midfielder Jack Wilshere is recovering from an ankle operation performed on Thursday. The 22-year-old England international used social media to keep fans updated on his condition, posting a photo of his bandaged ankle. Wilshere responded to criticism about his injury history, defending himself against claims of having 'brittle ankles' by stating he has 'loose joints.' Arsene Wenger, Arsenal's manager, expressed confidence in Wilshere's determination to return to the game, expecting him to be back by late February or early March.","Arsenal midfielder Jack Wilshere is recovering from an ankle operation performed on Thursday. The 22-year-old England international used social media to keep fans updated on his condition, posting a photo of his bandaged ankle. Wilshere responded to criticism about his injury history, defending himself against claims of having 'brittle ankles' by stating he has 'loose joints.' Arsene Wenger, Arsenal's manager, expressed confidence in Wilshere's determination to return to the game, expecting him to be back by late February or early March.","Jack Wilshere recovering from ankle surgery! 'I've got 'loose joints', not brittle ones!' #JackWilshere #Arsenal #InjuryUpdate","Jack Wilshere recovering from ankle surgery! 'I've got 'loose joints', not brittle ones!' #JackWilshere #Arsenal #InjuryUpdate",eng,eng_x,meta-llama_Llama-4-Maverick-17B-128E-Instruct-FP8,real_news,[2],/eng_x_r/meta-llama_Llama-4-Maverick-17B-128E-Instruct-FP8/eng/CoI_3e598b24-daa5-4334-9e38-6e86a0f6c8d2_eng_rewrite_moderate.json,eng,eng,eng,eng,eng,moderate,DialyNews,y,n,y,n
82d70725-7d89-400b-9679-d78646e3e97d,"In the quiet neighborhood of Pontiac, Michigan, a shocking discovery was made when a bank worker arrived to repair a hole in the roof of a house that had been foreclosed. The worker found the mummified body of a woman in the back seat of her car, which was parked in the garage. Authorities believe the woman, identified as Pia Farrenkopf, died at least five years ago. Neighbors reported that they hadn't seen her in years and described her as reclusive. The house had been maintained by neighbors, with one even cutting her grass regularly.","In the quiet neighborhood of Pontiac, Michigan, a shocking discovery was made when a bank worker arrived to repair a hole in the roof of a house that had been foreclosed. The worker found the mummified body of a woman in the back seat of her car, which was parked in the garage. Authorities believe the woman, identified as Pia Farrenkopf, died at least five years ago. Neighbors reported that they hadn't seen her in years and described her as reclusive. The house had been maintained by neighbors, with one even cutting her grass regularly.","Shocking discovery in Pontiac, Michigan: a woman's mummified body found in her car, parked in a garage, years after her death. Neighbors described her as reclusive. #MummifiedBody #PontiacMichigan","Shocking discovery in Pontiac, Michigan: a woman's mummified body found in her car, parked in a garage, years after her death. Neighbors described her as reclusive. #MummifiedBody #PontiacMichigan",eng,eng_x,meta-llama_Llama-4-Maverick-17B-128E-Instruct-FP8,real_news,[2],/eng_x_r/meta-llama_Llama-4-Maverick-17B-128E-Instruct-FP8/eng/CoI_82d70725-7d89-400b-9679-d78646e3e97d_eng_rewrite_complete.json,eng,eng,eng,eng,eng,complete,DialyNews,n,y,y,n
7df1d7af-5503-49ef-9b2b-4330f400aa45,"'This is the house?' my mom asks, turning around. 'Yes,' says our guide. 'This is where your grandmother was born.' My mother and I traveled over 6,000 miles to explore Candia Canavese, a tiny village outside Torino, Italy, founded in the fifth century. We're here to learn about our heritage and get a sense of where her family is from. Interest in genealogy is high, with a Harris Interactive Survey indicating four in five Americans want to learn more about their family history. To start your own family tree trip, get your history organized by building your tree online using sites like Ancestry.com or Familysearch.org. Let locals know you're coming by contacting librarians or city clerks in advance. On-site research can include visiting cemeteries and immigration offices.",The translation is fluent and accurate. Minor adjustments were made for cultural appropriateness and clarity.,Explore your family's past by visiting their ancestral home. Learn how to prepare and make the most of your trip! #Roots #FamilyTree #TravelTips,Explore your family's past by visiting their ancestral home. Learn how to prepare and make the most of your trip! #Roots #FamilyTree #TravelTips,eng,eng_x,meta-llama_Llama-4-Maverick-17B-128E-Instruct-FP8,real_news,[1],/eng_x_r/meta-llama_Llama-4-Maverick-17B-128E-Instruct-FP8/eng/CoI_7df1d7af-5503-49ef-9b2b-4330f400aa45_eng_polish.json,eng,eng,eng,eng,eng,moderate,DialyNews,y,n,y,n
b5d407fa-e41b-44bf-a2d8-ec08e99d481f,"A man who spent Sunday night in police custody in connection with the death of a man who had broken into his car in the parking lot at the Kansas City Chiefs' Arrowhead Stadium is expected to be released later today. The unidentified man had taken his son to Sunday's game against the Denver Broncos and returned to his Jeep at about 5pm to find a man sitting in his vehicle and going through his belongings. As the two men fought, the boy ran for help. The altercation ended when the intruder collapsed to the pavement.",The translation is accurate and fluent. Minor adjustments were made to improve readability.,Man found dead in Arrowhead Stadium parking lot after fight with Jeep owner. Police investigating as homicide. #NFL #KansasCityChiefs #Crime,Man found dead in Arrowhead Stadium parking lot after fight with Jeep owner. Police investigating as homicide. #NFL #KansasCityChiefs #Crime,eng,eng_x,meta-llama_Llama-4-Maverick-17B-128E-Instruct-FP8,real_news,[0],/eng_x_r/meta-llama_Llama-4-Maverick-17B-128E-Instruct-FP8/eng/CoI_b5d407fa-e41b-44bf-a2d8-ec08e99d481f_eng_edit.json,eng,eng,eng,eng,eng,light,DialyNews,y,n,y,n
f9b5f735-e13b-4977-8c75-df189a8d5884,"The Duke and Duchess of Cambridge were reportedly 'surprised and upset' after their honeymoon photographs were published in Woman's Day magazine. The magazine's cover featured the couple in swimwear, strolling hand-in-hand on a Seychelles beach. The publication of these images was seen as a breach of their privacy.",The translation accurately conveys the original message. The language used is fluent and appropriate for the English-speaking audience. The cultural nuances are respected in the translation.,Kate and William's honeymoon photos published in Australian magazine despite media agreement not to. The couple 'surprised and upset' by the breach of their privacy #RoyalHoneymoon #PrivacyMatters,Kate and William's honeymoon photos published in Australian magazine despite media agreement not to. The couple 'surprised and upset' by the breach of their privacy #RoyalHoneymoon #PrivacyMatters,eng,eng_x,meta-llama_Llama-4-Maverick-17B-128E-Instruct-FP8,real_news,[1],/eng_x_r/meta-llama_Llama-4-Maverick-17B-128E-Instruct-FP8/eng/CoI_f9b5f735-e13b-4977-8c75-df189a8d5884_eng_polish.json,eng,eng,eng,eng,eng,moderate,DialyNews,y,n,y,n
7759e2f6-8d50-4efa-8df7-672578771743,"Zemco Industries has recalled approximately 380,000 pounds of deli meat due to potential contamination with Listeria monocytogenes, the U.S. Department of Agriculture announced. The recalled products were distributed to Wal-Mart stores nationwide. The contamination was discovered through a retail sample collected by inspectors in Georgia. According to the USDA, consuming food contaminated with Listeria monocytogenes can cause listeriosis, a rare but potentially fatal disease. Listeriosis can cause severe symptoms including high fever, severe headache, and nausea, and can lead to miscarriages and serious infections in people with weakened immune systems.","Zemco Industries has issued a recall for approximately 380,000 pounds of deli meat potentially contaminated with Listeria monocytogenes, according to the U.S. Department of Agriculture. The products in question were distributed to Wal-Marts across the United States. Inspectors in Georgia found the potential contamination during a routine sample collection. The USDA warns that eating food contaminated with Listeria monocytogenes can cause listeriosis, a serious and potentially deadly disease. Listeriosis can lead to high fever, severe headache, nausea, miscarriages, and severe infections in people with weakened immune systems.","Zemco Industries recalls 380,000 pounds of deli meat over 'Listeria monocytogenes' fears. Check if you've bought the affected products! #FoodRecall #Listeria #WalMart","Zemco Industries recalls 380,000 pounds of deli meat over 'Listeria monocytogenes' fears. Check if you've bought the affected products! #FoodRecall #Listeria #WalMart",eng,eng_x,meta-llama_Llama-4-Maverick-17B-128E-Instruct-FP8,real_news,[2],/eng_x_r/meta-llama_Llama-4-Maverick-17B-128E-Instruct-FP8/eng/CoI_7759e2f6-8d50-4efa-8df7-672578771743_eng_rewrite_moderate.json,eng,eng,eng,eng,eng,moderate,DialyNews,y,n,y,n
73a6c3a6-7e77-422f-821b-d4c7bc8d709b,"BBC and ITV have enhanced their World Cup coverage by signing former football stars. Gary Lineker shared a photo of BBC's team, describing them as 'Half decent, I'd say.' The BBC's lineup includes Lineker, Thierry Henry, Rio Ferdinand, and Alan Shearer.",Translation accurately conveys the original message and tone. Minor adjustments made for fluency and cultural sensitivity.,"Who will win the World Cup TV battle? BBC's got Gary Lineker, Thierry Henry, and Alan Shearer on their team! #WorldCup #BBCvsITV","Who will win the World Cup TV battle? BBC's got Gary Lineker, Thierry Henry, and Alan Shearer on their team! #WorldCup #BBCvsITV",eng,eng_x,meta-llama_Llama-4-Maverick-17B-128E-Instruct-FP8,real_news,[0],/eng_x_r/meta-llama_Llama-4-Maverick-17B-128E-Instruct-FP8/eng/CoI_73a6c3a6-7e77-422f-821b-d4c7bc8d709b_eng_edit.json,eng,eng,eng,eng,eng,light,DialyNews,y,n,y,n
4939e088-441a-4122-b75a-441568d4a2ac,"In a dramatic encounter captured on camera, a ram named 'Rambo' in New Zealand attacked a drone that flew too close to him. The footage, filmed by YouTube user 'Buddhanz1', shows 'Rambo' examining the drone before charging at it with his horns and knocking it into a bush.  'Buddhanz1' was using the drone to search for a newborn lamb whose mother couldn't produce enough milk. The video has sparked debate among viewers, with some criticizing the drone pilot for flying too low and others defending his actions.","In a dramatic encounter captured on camera, a ram named 'Rambo' in New Zealand attacked a drone that flew too close to him. The footage, filmed by YouTube user 'Buddhanz1', shows 'Rambo' examining the drone before charging at it with his horns and knocking it into a bush.  'Buddhanz1' was using the drone to search for a newborn lamb whose mother couldn't produce enough milk. The video has sparked debate among viewers, with some criticizing the drone pilot for flying too low and others defending his actions.",Watch as 'Rambo' the ram takes down a drone with his horns in New Zealand! 'Buddhanz1' was using the drone to search for a newborn lamb when 'Rambo' decided to intervene. #RamboVsDrone #NewZealand #DroneIncident,Watch as 'Rambo' the ram takes down a drone with his horns in New Zealand! 'Buddhanz1' was using the drone to search for a newborn lamb when 'Rambo' decided to intervene. #RamboVsDrone #NewZealand #DroneIncident,eng,eng_x,meta-llama_Llama-4-Maverick-17B-128E-Instruct-FP8,real_news,[1],/eng_x_r/meta-llama_Llama-4-Maverick-17B-128E-Instruct-FP8/eng/CoI_4939e088-441a-4122-b75a-441568d4a2ac_eng_polish.json,eng,eng,eng,eng,eng,moderate,DialyNews,y,n,y,n
48cae785-a6a3-43fe-8bf0-f2854de874cc,"Hayat Boumeddiene, the 26-year-old widow of Amedy Coulibaly, has fled to Syria. French authorities stopped surveilling her and her associates in July 2014. Boumeddiene is believed to have aided in planning the Paris attacks carried out by her husband and the Kouachi brothers.",The translation accurately conveys the original message. Minor adjustments made for cultural sensitivity.,"Hayat Boumeddiene, widow of Paris attacker Amedy Coulibaly, believed to have fled to Syria #Terrorism #France","Hayat Boumeddiene, widow of Paris attacker Amedy Coulibaly, believed to have fled to Syria #Terrorism #France",eng,eng_x,meta-llama_Llama-4-Maverick-17B-128E-Instruct-FP8,real_news,[0],/eng_x_r/meta-llama_Llama-4-Maverick-17B-128E-Instruct-FP8/eng/CoI_48cae785-a6a3-43fe-8bf0-f2854de874cc_eng_edit.json,eng,eng,"[eng,fra]",eng,eng,light,DialyNews,y,n,y,n
8ffce719-d3df-4378-89fe-f07e9bc59d5a,"Two months after 'Dominique Allen's' murder, police still lack leads Despite examining forensic evidence from the crime scene on a busy street in Indianapolis, detectives haven't identified any suspects or witnesses The family of 'Dominique Allen', who was just 15, is growing increasingly frustrated with the lack of progress in the case Police believe 'Dominique' was abducted from her sister's porch, strangled, and then burned in an abandoned house nearby","Two months after 'Dominique Allen's' murder, police still lack leads Despite examining forensic evidence from the crime scene on a busy street in Indianapolis, detectives haven't identified any suspects or witnesses The family of 'Dominique Allen', who was just 15, is growing increasingly frustrated with the lack of progress in the case Police believe 'Dominique' was abducted from her sister's porch, strangled, and then burned in an abandoned house nearby","Two months on, the case of 'Dominique Allen's' murder remains unsolved. Let's keep pushing for justice #DominiqueAllen #ColdCase","Two months on, the case of 'Dominique Allen's' murder remains unsolved. Let's keep pushing for justice #DominiqueAllen #ColdCase",eng,eng_x,meta-llama_Llama-4-Maverick-17B-128E-Instruct-FP8,real_news,[2],/eng_x_r/meta-llama_Llama-4-Maverick-17B-128E-Instruct-FP8/eng/CoI_8ffce719-d3df-4378-89fe-f07e9bc59d5a_eng_rewrite_moderate.json,eng,eng,eng,eng,,moderate,DialyNews,y,n,y,n
2144a94e-7d79-417e-965d-127975aab8b7,"Bill Pelke, whose 78-year-old grandmother Ruth was murdered by Paula Cooper in 1985, wants to help Cooper start anew. Cooper, 43, was released from prison after 28 years. Pelke plans to 'take her for a meal and do some shopping' as part of his 'journey' of forgiveness.",The translation is fluent and accurate. The cultural nuances are preserved.,"Read about Bill Pelke's remarkable journey of compassion and forgiveness towards Paula Cooper, who killed his grandmother. #ForgivenessMatters #NewBeginnings","Read about Bill Pelke's remarkable journey of compassion and forgiveness towards Paula Cooper, who killed his grandmother. #ForgivenessMatters #NewBeginnings",eng,eng_x,meta-llama_Llama-4-Maverick-17B-128E-Instruct-FP8,real_news,[2],/eng_x_r/meta-llama_Llama-4-Maverick-17B-128E-Instruct-FP8/eng/CoI_2144a94e-7d79-417e-965d-127975aab8b7_eng_rewrite_moderate.json,eng,eng,eng,eng,eng,moderate,DialyNews,y,n,y,n
6b55a0f5-54ec-4b1a-b58d-ae5af5bcf365,"Julian Assange stated that the 'door is open' for talks to break the deadlock over his extradition to Sweden during a speech from the Ecuadorian Embassy balcony. The WikiLeaks founder thanked his supporters outside, who held candlelight vigils. Assange emphasized his ongoing work while confined, noting that 232 journalists are currently imprisoned.",Julian Assange stated that the 'door is open' for talks on his extradition to Sweden. The WikiLeaks founder expressed gratitude to supporters who held candlelight vigils. Assange underscored his continued work despite confinement.,WikiLeaks founder Julian Assange thanks supporters during a candlelight vigil outside the Ecuadorian Embassy. He remains committed to his work despite confinement. #FreeJulianAssange #WikiLeaks,WikiLeaks founder Julian Assange thanks supporters during a candlelight vigil outside the Ecuadorian Embassy. He remains committed to his work despite confinement. #FreeJulianAssange #WikiLeaks,eng,eng_x,meta-llama_Llama-4-Maverick-17B-128E-Instruct-FP8,real_news,[2],/eng_x_r/meta-llama_Llama-4-Maverick-17B-128E-Instruct-FP8/eng/CoI_6b55a0f5-54ec-4b1a-b58d-ae5af5bcf365_eng_rewrite_light.json,eng,eng,eng,eng,eng,light,DialyNews,y,n,y,n
20606dd5-f261-4fb4-9dec-e8a6905df66a,"A group of five individuals, including four teenagers and a 20-year-old man, have been charged in connection with the sexual assault of a 15-year-old boy in Hopkinsville, Kentucky. The incident, which occurred on Sunday morning, involved the assault being recorded and the footage distributed. The victim, who was hospitalized at Gateway Medical Center in Clarksville, suffered severe injuries, including a punctured colon and an injured bladder, and was in intensive care on Wednesday. Those charged include Sam Miller, 18, Tyler Riess Perry, 19, and Dayton Ross Jones, 20, along with two 17-year-olds whose names have not been released. The charges range from first-degree sodomy to promoting and distributing matter portraying a sexual performance by a minor. The investigation is ongoing, with the Christian County Sheriff's Office indicating that more arrests are anticipated.","A group of five individuals, including four teenagers and a 20-year-old man, have been charged in connection with the sexual assault of a 15-year-old boy in Hopkinsville, Kentucky. The incident occurred on 'Sunday morning' and involved the recording and distribution of the assault. The victim was hospitalized at 'Gateway Medical Center' in Clarksville with severe injuries, including a 'punctured colon' and an 'injured bladder', and was in 'intensive care' on Wednesday. The accused include 'Sam Miller', 18, 'Tyler Riess Perry', 19, 'Dayton Ross Jones', 20, and two 17-year-olds whose names are not being released. Charges include 'first-degree sodomy', 'promoting', and 'distributing matter portraying a sexual performance by a minor'. The 'Christian County Sheriff's Office' is continuing the investigation and expects more arrests.",Breaking: Five individuals charged in Kentucky for sexually assaulting a 15-year-old boy. The assault was recorded and the footage distributed. #Justice #SexualAssaultAwareness,Breaking: Five individuals charged in Kentucky for sexually assaulting a 15-year-old boy. The assault was recorded and the footage distributed. #Justice #SexualAssaultAwareness,eng,eng_x,meta-llama_Llama-4-Maverick-17B-128E-Instruct-FP8,real_news,[2],/eng_x_r/meta-llama_Llama-4-Maverick-17B-128E-Instruct-FP8/eng/CoI_20606dd5-f261-4fb4-9dec-e8a6905df66a_eng_rewrite_complete.json,eng,eng,eng,eng,,complete,DialyNews,n,y,y,n
10efa2ac-03e2-4e8a-96f2-48d5392dea23,"Australians living in Britain are heading home where employment opportunities are at an all-time high. Known as the 'boomerang effect,' research by jobs website Track Me Back has shown that Australian and New Zealand expats are leaving the UK's miserable job market, where unemployment was recently at a 17-year peak. The positive outlook at home is enticing expats to return. Caroline Rafferty, the general manager of Track Me Back, said: 'People returning home have usually worked in multiple cities globally and are now returning to work in Australia because there are better job opportunities and a more positive economic outlook.' Immigration figures from the Home Office showed that the number of Australians coming to the UK for employment had dropped by 35% over the last three years, while the number of New Zealanders fell by 40%. Australia's economy is growing 'remarkably,' boosted by the mining and construction industries.","Australians living in Britain are heading home where employment opportunities are at an all-time high. Known as the 'boomerang effect,' research by jobs website Track Me Back has shown that Australian and New Zealand expats are leaving the UK's miserable job market, where unemployment was recently at a 17-year peak. The positive outlook at home is enticing expats to return.","Discover why Australians in the UK are heading back home! With employment opportunities at an all-time high and a thriving economy, it's no wonder they're returning. #BoomerangEffect #AustralianEconomy #JobOpportunities","Discover why Australians in the UK are heading back home! With employment opportunities at an all-time high and a thriving economy, it's no wonder they're returning. #BoomerangEffect #AustralianEconomy #JobOpportunities",eng,eng_x,meta-llama_Llama-4-Maverick-17B-128E-Instruct-FP8,real_news,[0],/eng_x_r/meta-llama_Llama-4-Maverick-17B-128E-Instruct-FP8/eng/CoI_10efa2ac-03e2-4e8a-96f2-48d5392dea23_eng_edit.json,eng,eng,eng,eng,eng,light,DialyNews,y,n,y,n
ca16aaab-602b-4ce8-a0ef-3c94bbb065ba,"'Dancing with the Stars' season 19 lost a contestant on Tuesday when Olympic athlete Lolo Jones was eliminated. Jones' cha-cha slide with pro partner Keo Motsepe scored 22, putting her at risk. Fashion designer Betsey Johnson, initially in last place, was given another chance. Jones accepted her elimination graciously, saying she was 'glad' Johnson stayed. On Facebook, Jones shared her disappointment, linking her dance mistakes to past Olympic struggles. Jones reflected that her time on the show taught her to trust in God's plan.","Olympic athlete Lolo Jones was eliminated from 'Dancing with the Stars' season 19. Jones scored 22 with her partner Keo Motsepe for the cha-cha slide. Fashion designer Betsey Johnson was saved from elimination. Jones shared her disappointment on Facebook, drawing parallels with past Olympic struggles. Jones' faith played a significant role during her time on the show.","Olympic athlete Lolo Jones says goodbye to 'Dancing with the Stars' season 19. 'My time was brief but the lesson is lasting,' she reflected. #DancingWithTheStars #LoloJones","Olympic athlete Lolo Jones says goodbye to 'Dancing with the Stars' season 19. 'My time was brief but the lesson is lasting,' she reflected. #DancingWithTheStars #LoloJones",eng,eng_x,meta-llama_Llama-4-Maverick-17B-128E-Instruct-FP8,real_news,[2],/eng_x_r/meta-llama_Llama-4-Maverick-17B-128E-Instruct-FP8/eng/CoI_ca16aaab-602b-4ce8-a0ef-3c94bbb065ba_eng_rewrite_complete.json,eng,eng,eng,eng,eng,complete,DialyNews,n,y,y,n
ec035894-4825-4ae6-a8a8-e7232aa798ff,"Britain hosts a prestigious tennis tournament that encapsulates British stereotypes. Wimbledon follows significant national events like the Queen's Diamond Jubilee. The tournament, starting in 1877, is steeped in tradition. Novak Djokovic appreciates Wimbledon's historical significance. Wimbledon shapes global perceptions of Britain. Critics argue it represents a limited view of British society.",Britain hosts a prestigious tennis event that captures the essence of British culture. Wimbledon is a traditional tournament with a rich history since 1877. The event influences global perceptions of Britain.,Get ready for Wimbledon! This iconic tennis tournament embodies British tradition and is a global spectacle with a massive audience. #Wimbledon #Tennis #BritishHeritage,Get ready for Wimbledon! This iconic tennis tournament embodies British tradition and is a global spectacle with a massive audience. #Wimbledon #Tennis #BritishHeritage,eng,eng_x,meta-llama_Llama-4-Maverick-17B-128E-Instruct-FP8,real_news,[1],/eng_x_r/meta-llama_Llama-4-Maverick-17B-128E-Instruct-FP8/eng/CoI_ec035894-4825-4ae6-a8a8-e7232aa798ff_eng_polish.json,eng,eng,eng,eng,eng,moderate,DialyNews,y,n,y,n
c392b91c-124e-42b6-9ea2-2c7ff11497b1,"Ed Miliband has pledged to create a 'fairer Britain' if Labour is re-elected, acknowledging the need for further cuts to reduce the national budget deficit. Shadow Chancellor Ed Balls confirmed Labour won't reverse the Government's tax rises or spending cuts. Miliband emphasized his commitment to making tough choices.",Ensured translation accurately reflects the original content and tone. Checked for cultural appropriateness and fluency.,Ed Miliband vows to make Britain 'fairer' if Labour wins. Admits need for further cuts. #LabourParty #EdMiliband,Ed Miliband vows to make Britain 'fairer' if Labour wins. Admits need for further cuts. #LabourParty #EdMiliband,eng,eng_x,meta-llama_Llama-4-Maverick-17B-128E-Instruct-FP8,real_news,[1],/eng_x_r/meta-llama_Llama-4-Maverick-17B-128E-Instruct-FP8/eng/CoI_c392b91c-124e-42b6-9ea2-2c7ff11497b1_eng_polish.json,eng,eng,eng,eng,eng,moderate,DialyNews,y,n,y,n
8e0a6244-be10-40f6-a521-fe1a2dd1cdd9,"Two men have been convicted of trafficking and raping eight teenage girls after grooming them online and taking them to hotels where they were given alcohol. Yasir Ali, 28, and Daaim Ashraf, 19, are to be sentenced after being found guilty of 24 charges at Cambridge Crown Court. The court heard that the pair, from Peterborough, abused vulnerable girls aged 13 to 16 between 2008 and 2013. The girls were groomed through social media and abused in various locations including hotels and an alleyway. Ali was convicted of four rapes and other charges including trafficking for sexual exploitation. Ashraf was convicted of five counts of trafficking for sexual exploitation and other sexual offences. The convictions are part of a joint inquiry by Cambridgeshire Constabulary and Peterborough City Council to safeguard young people.","Two men have been convicted of trafficking and raping eight teenage girls after grooming them online and taking them to hotels where they were given alcohol. Yasir Ali, 28, and Daaim Ashraf, 19, are to be sentenced after being found guilty of 24 charges at Cambridge Crown Court. The court heard that the pair, from Peterborough, abused vulnerable girls aged 13 to 16 between 2008 and 2013. The girls were groomed through social media and abused in various locations including hotels and an alleyway. Ali was convicted of four rapes and other charges including trafficking for sexual exploitation. Ashraf was convicted of five counts of trafficking for sexual exploitation and other sexual offences. The convictions are part of a joint inquiry by Cambridgeshire Constabulary and Peterborough City Council to safeguard young people.","Breaking: Two men, Yasir Ali and Daaim Ashraf, convicted of trafficking and raping 8 teenage girls after grooming them online. They'll be sentenced next month. #JusticeForVictims #StopChildAbuse","Breaking: Two men, Yasir Ali and Daaim Ashraf, convicted of trafficking and raping 8 teenage girls after grooming them online. They'll be sentenced next month. #JusticeForVictims #StopChildAbuse",eng,eng_x,meta-llama_Llama-4-Maverick-17B-128E-Instruct-FP8,real_news,[1],/eng_x_r/meta-llama_Llama-4-Maverick-17B-128E-Instruct-FP8/eng/CoI_8e0a6244-be10-40f6-a521-fe1a2dd1cdd9_eng_polish.json,eng,eng,,,,moderate,DialyNews,y,n,y,n
73c45151-b6b6-4a7f-ab8c-8e20b107eb02,"The guessing game continues for the 'Fifty Shades of Grey' adaptation. Directed by Sam Taylor-Johnson, the film is set to release in August 2014. Rumors suggest Dakota Johnson and Charlie Hunnam for the lead roles of Anastasia 'Ana' Steel and Christian Grey.",The translation is fluent and accurate. No changes needed.,The wait continues for 'Fifty Shades of Grey'! Dakota Johnson and Charlie Hunnam are rumored to star. Will they be the ones? #FiftyShadesOfGrey #CastingRumors,The wait continues for 'Fifty Shades of Grey'! Dakota Johnson and Charlie Hunnam are rumored to star. Will they be the ones? #FiftyShadesOfGrey #CastingRumors,eng,eng_x,meta-llama_Llama-4-Maverick-17B-128E-Instruct-FP8,real_news,[1],/eng_x_r/meta-llama_Llama-4-Maverick-17B-128E-Instruct-FP8/eng/CoI_73c45151-b6b6-4a7f-ab8c-8e20b107eb02_eng_polish.json,eng,eng,eng,eng,eng,moderate,DialyNews,y,n,y,n
2f188e59-411e-4647-a23e-fcd811790f8b,"The Prom Princess program, founded by Terri Bogren, supports students at Mount Edgecumbe High School by providing them with prom dresses, tuxedos, and beauty services. The school is a state-run boarding school in Sitka, Alaska, with nearly 400 students, many of whom come from rural Alaska.",The translation accurately conveys the spirit of the original article and is culturally sensitive.,Experience the heartwarming 'Prom Princess' initiative that brings joy to students at Mount Edgecumbe High School in Alaska. Volunteers make prom dreams come true! #PromPrincess #MountEdgecumbe #Alaska,Experience the heartwarming 'Prom Princess' initiative that brings joy to students at Mount Edgecumbe High School in Alaska. Volunteers make prom dreams come true! #PromPrincess #MountEdgecumbe #Alaska,eng,eng_x,meta-llama_Llama-4-Maverick-17B-128E-Instruct-FP8,real_news,[2],/eng_x_r/meta-llama_Llama-4-Maverick-17B-128E-Instruct-FP8/eng/CoI_2f188e59-411e-4647-a23e-fcd811790f8b_eng_rewrite_moderate.json,eng,eng,eng,eng,eng,moderate,DialyNews,y,n,y,n
be0c0e84-f8e8-4636-9685-31dc6d355b35,"CeeLo Green, Blake Shelton, Adam Levine, and Christina Aguilera, the four coaches of 'The Voice,' joined producer Mark Burnett, host Carson Daly, and the show's social media maven Christina Milian for a press conference on Sunday night at Burnett's Malibu home. The new season, starting September 10th, introduces 'the Steal,' a new element that allows coaches to pick up a contestant who's been ousted by another coach. Levine said, 'It's nice to throw those elements in to kind of spice things up.' Shelton noted the added pressure, stating, 'There's nothing that's more nervewracking than knowing, 'Okay, both these singers did really good and I gotta pick one and I know damn good and well one of these other three are gonna steal the person I don't pick.'' Aguilera praised the bond among the coaches, saying, 'There's just a magic, there's a bond there that's unbreakable at this point.'","CeeLo Green, Blake Shelton, Adam Levine, and Christina Aguilera, 'The Voice' coaches, attended a press conference at Mark Burnett's Malibu home. The new 'The Voice' season introduces 'the Steal,' enabling coaches to recruit eliminated contestants. Adam Levine commented, 'It's nice to add elements to spice things up.' Blake Shelton noted, 'It's nervewracking knowing another coach might steal the contestant I don't choose.' Christina Aguilera said, 'There's an unbreakable bond among us.'","New season, new twist! 'The Voice' introduces 'the Steal.' Coaches can't wait to see what happens next. #TheVoice #TheVoiceS3","New season, new twist! 'The Voice' introduces 'the Steal.' Coaches can't wait to see what happens next. #TheVoice #TheVoiceS3",eng,eng_x,meta-llama_Llama-4-Maverick-17B-128E-Instruct-FP8,real_news,[1],/eng_x_r/meta-llama_Llama-4-Maverick-17B-128E-Instruct-FP8/eng/CoI_be0c0e84-f8e8-4636-9685-31dc6d355b35_eng_polish.json,eng,eng,eng,eng,eng,moderate,DialyNews,y,n,y,n
ad3c420d-9539-4ab1-a983-010280f43cc6,"Adidas has faced criticism from animal rights groups over a new advert promoting the 'World Cup'. The advert features top football stars Lukas Podolski, Diego Costa, Arjen Robben, and Dani Alves holding a bloody cow's heart. The slogan is 'During the World Cup, I will give my heart to the cause.' Four Paws, an animal rights group, criticized the advert, saying it negatively impacts Podolski and Adidas' image. 'He says he'd give his heart but it wasn't his heart, was it? It was the heart of an innocent animal,' a Four Paws spokesman said. Podolski defended his decision, stating, 'I don't find it disgusting. It just shows my promise to give my heart in our bid to win the World Cup.'","Adidas has faced criticism from animal rights groups over a new advert promoting the World Cup. The advert features top football stars Lukas Podolski, Diego Costa, Arjen Robben, and Dani Alves holding a bloody cow's heart. The slogan is 'During the World Cup, I will give my heart to the cause.' Four Paws, an animal rights group, criticized the advert, saying it negatively impacts Podolski and Adidas' image. 'He says he'd give his heart but it wasn't his heart, was it? It was the heart of an innocent animal,' a Four Paws spokesman said. Podolski defended his decision, stating, 'I don't find it disgusting. It just shows my promise to give my heart in our bid to win the World Cup.'","Controversy erupts as Adidas releases new World Cup advert with football stars holding a bloody cow's heart. Critics say it's 'parading a heart, dripping blood and gore'. #WorldCup #Adidas #Controversy","Controversy erupts as Adidas releases new World Cup advert with football stars holding a bloody cow's heart. Critics say it's 'parading a heart, dripping blood and gore'. #WorldCup #Adidas #Controversy",eng,eng_x,meta-llama_Llama-4-Maverick-17B-128E-Instruct-FP8,real_news,[0],/eng_x_r/meta-llama_Llama-4-Maverick-17B-128E-Instruct-FP8/eng/CoI_ad3c420d-9539-4ab1-a983-010280f43cc6_eng_edit.json,eng,eng,eng,eng,eng,light,DialyNews,y,n,y,n
73e47dc3-7487-4d19-a324-db1e92866818,"'To build the right investment portfolio, you first need to understand your own risk tolerance', says Ali Velshi, CNN's chief business correspondent and author of 'Gimme My Money Back'. Your investment choices should reflect your time horizon and comfort with market fluctuations. If you stayed calm during the 2008 financial crisis, you likely have a high volatility tolerance. But if you were anxious, you might need to adjust your strategy. Velshi's book guides you through creating a portfolio that suits your needs.","'To build the right investment portfolio, you first need to understand your own risk tolerance', says Ali Velshi, CNN's chief business correspondent and author of 'Gimme My Money Back'. Your investment choices should reflect your time horizon and comfort with market fluctuations. If you stayed calm during the 2008 financial crisis, you likely have a high volatility tolerance. But if you were anxious, you might need to adjust your strategy. Velshi's book guides you through creating a portfolio that suits your needs.",Discover how to build an investment portfolio that suits your needs with Ali Velshi's 'Gimme My Money Back'! 'Understand your risk tolerance to make informed investment decisions' #investing #financialliteracy,Discover how to build an investment portfolio that suits your needs with Ali Velshi's 'Gimme My Money Back'! 'Understand your risk tolerance to make informed investment decisions' #investing #financialliteracy,eng,eng_x,meta-llama_Llama-4-Maverick-17B-128E-Instruct-FP8,real_news,[2],/eng_x_r/meta-llama_Llama-4-Maverick-17B-128E-Instruct-FP8/eng/CoI_73e47dc3-7487-4d19-a324-db1e92866818_eng_rewrite_complete.json,eng,eng,eng,eng,eng,complete,DialyNews,n,y,y,n
436fc613-be5c-423c-92b1-09f6e9ab36a5,"SAN FRANCISCO -- The man accused of attacking former U.S. House Speaker Nancy Pelosi's husband with a hammer apologized Tuesday, explaining to jurors that he went to the Pelosis' home as part of a plot to end government corruption. David DePape spoke for over an hour, recounting his shift from leftist to right-wing views after reading a YouTube comment about former President Donald Trump. He said he attacked Paul Pelosi as his plan unraveled. DePape pleaded not guilty to charges including attempted kidnapping and assault. His attorneys argue the charges are inappropriate as he wasn't targeting Nancy Pelosi for her official duties.","SAN FRANCISCO -- The man accused of attacking Nancy Pelosi's husband apologized, explaining his actions as part of a plot against perceived government corruption. David DePape's testimony detailed his shift to right-wing ideologies and his reasons for attacking Paul Pelosi.","David DePape testifies, apologizing for attacking Paul Pelosi. He claims his actions were part of a plot against perceived government corruption. #DavidDePape #PelosiAttack","David DePape testifies, apologizing for attacking Paul Pelosi. He claims his actions were part of a plot against perceived government corruption. #DavidDePape #PelosiAttack",eng,eng_x,meta-llama_Llama-4-Maverick-17B-128E-Instruct-FP8,real_news,[0],/eng_x_r/meta-llama_Llama-4-Maverick-17B-128E-Instruct-FP8/eng/CoI_436fc613-be5c-423c-92b1-09f6e9ab36a5_eng_edit.json,eng,eng,eng,eng,eng,light,GlobalNews,y,n,y,n
9b479785-6616-4611-9d3d-98a35940df97,"Australia's lesbian Finance Minister, Penny Wong, has introduced her new baby girl to the world. Just a week after backing the Labour Party's stance on gay marriage, Wong announced that she and her partner, Sophie Allouache, have welcomed their 'bouncing baby girl', Alexandra. 'This is a life-changing experience,' said the 43-year-old Senator. Baby Alexandra was born at Adelaide's Women's and Children's Hospital. Wong stated that both mother and child were well, although Sophie was 'pretty tired'. The baby, weighing 7.1lbs, was conceived via a donor known to the couple. Wong and her partner revealed their baby on the same day it was revealed a Catholic school was ordered to accept the daughter of a same-sex couple.",Australia's Finance Minister Penny Wong has announced the birth of her baby girl. Wong and her partner Sophie Allouache welcomed their 'bouncing baby girl' Alexandra just after Wong backed the Labour Party's gay marriage stance. 'This is a life-changing experience' Wong said.,Australia's Finance Minister Penny Wong has announced the birth of her baby girl Alexandra. 'This is a life-changing experience' #LGBTQ+ #LoveWins,Australia's Finance Minister Penny Wong has announced the birth of her baby girl Alexandra. 'This is a life-changing experience' #LGBTQ+ #LoveWins,eng,eng_x,meta-llama_Llama-4-Maverick-17B-128E-Instruct-FP8,real_news,[0],/eng_x_r/meta-llama_Llama-4-Maverick-17B-128E-Instruct-FP8/eng/CoI_9b479785-6616-4611-9d3d-98a35940df97_eng_edit.json,eng,eng,eng,eng,eng,light,DialyNews,y,n,y,n
84c87af9-7165-459a-8ba3-d70cbab39e32,"The family of a girl who was murdered in 1985 is trying to stop one of the killers from releasing a memoir. Michelle 'Missy' Avila, 17, was drowned and stabbed by her two best friends, Karen Severson and Laura Ann Doyle, who left her face down beneath a log in Angeles National Forest, LA. The pair were convicted of murder in 1990 and served 21 years in jail. Karen Severson has written a book about the day she murdered Michelle 'Missy' Avila. Missy's family is trying to pass 'Missy's Law' in California to prevent convicts from profiting from their crimes.","The translation is accurate and fluent, conveying the same level of outrage and desperation as the original text.",Outrage as killer Karen Severson plans to release memoir about murdering 'Missy' Avila in 1985! 'My daughter is dead and Karen will profit from it? No way!' #JusticeForMissy #NoProfitFromCrime,Outrage as killer Karen Severson plans to release memoir about murdering 'Missy' Avila in 1985! 'My daughter is dead and Karen will profit from it? No way!' #JusticeForMissy #NoProfitFromCrime,eng,eng_x,meta-llama_Llama-4-Maverick-17B-128E-Instruct-FP8,real_news,[1],/eng_x_r/meta-llama_Llama-4-Maverick-17B-128E-Instruct-FP8/eng/CoI_84c87af9-7165-459a-8ba3-d70cbab39e32_eng_polish.json,eng,eng,eng,eng,eng,moderate,DialyNews,y,n,y,n
94b665fb-fb47-463a-9950-54b2700a14eb,"Santi Cazorla is set to become the third senior Arsenal player to agree a new contract. The Spain midfielder has been in talks with club chiefs about signing an improved deal that will keep him at the Emirates Stadium until 2017. His current contract is due to expire in 2016. Arsenal and Cazorla are close to finalising terms that will reportedly lift his salary to around £80,000-a-week. Cazorla's new deal is expected to be announced alongside deals for Tomas Rosicky and Per Mertesacker.","Santi Cazorla is set to become the third senior Arsenal player to agree a new contract. The Spain midfielder has been in talks with club chiefs about signing an improved deal that will keep him at the Emirates Stadium until 2017. His current contract is due to expire in 2016. Arsenal and Cazorla are close to finalising terms that will reportedly lift his salary to around £80,000-a-week. Cazorla's new deal is expected to be announced alongside deals for Tomas Rosicky and Per Mertesacker.","Breaking: Arsenal's Santi Cazorla on verge of signing new £80,000-a-week deal! 'He's set to join Tomas Rosicky and Per Mertesacker inking new contracts #Arsenal #Cazorla","Breaking: Arsenal's Santi Cazorla on verge of signing new £80,000-a-week deal! 'He's set to join Tomas Rosicky and Per Mertesacker inking new contracts #Arsenal #Cazorla",eng,eng_x,meta-llama_Llama-4-Maverick-17B-128E-Instruct-FP8,real_news,[0],/eng_x_r/meta-llama_Llama-4-Maverick-17B-128E-Instruct-FP8/eng/CoI_94b665fb-fb47-463a-9950-54b2700a14eb_eng_edit.json,eng,eng,eng,eng,eng,light,DialyNews,y,n,y,n
ffb4700e-a38d-45df-b35e-7e690e7d33f0,"Sami Osmakac, a 25-year-old naturalized U.S. citizen originally from Kosovo, faced charges for allegedly planning to bomb multiple locations in Tampa, Florida. A man believed to be Osmakac was seen in a video confronting Christian protesters outside the Tampa Bay Times Forum. In a separate video titled 'Convert to Islam NOW!', a man identified as Abdul Samia, an alias used by Osmakac, urged viewers to convert to Islam.","Sami Osmakac, a 25-year-old naturalized U.S. citizen originally from Kosovo, faced charges for allegedly planning to bomb multiple locations in Tampa, Florida. A man believed to be Osmakac was seen in a video confronting Christian protesters outside the Tampa Bay Times Forum. In a separate video titled 'Convert to Islam NOW!', a man identified as Abdul Samia, an alias used by Osmakac, urged viewers to convert to Islam.","Breaking: 'Sami Osmakac, a 25-year-old man from Kosovo, accused of plotting to bomb locations in Tampa, Florida. Videos show him confronting Christian protesters and urging non-Muslims to convert to Islam. #SamiOsmakac #TampaBombPlot'","Breaking: 'Sami Osmakac, a 25-year-old man from Kosovo, accused of plotting to bomb locations in Tampa, Florida. Videos show him confronting Christian protesters and urging non-Muslims to convert to Islam. #SamiOsmakac #TampaBombPlot'",eng,eng_x,meta-llama_Llama-4-Maverick-17B-128E-Instruct-FP8,real_news,[2],/eng_x_r/meta-llama_Llama-4-Maverick-17B-128E-Instruct-FP8/eng/CoI_ffb4700e-a38d-45df-b35e-7e690e7d33f0_eng_rewrite_light.json,eng,eng,,,eng,light,DialyNews,y,n,y,n
e49851c6-c749-4e62-aadc-79d0f5e81488,"Caroline Kennedy, the U.S. ambassador to Japan, said her father John F. Kennedy's legacy lives on. She was quoted in Yomiuri Shimbun saying people often tell her they were inspired by JFK, reinforcing her belief that 'we all have a duty to work together for a better world.' His legacies include the Peace Corps and the U.S. Agency for International Development, currently aiding the Philippines after Typhoon Haiyan.","Caroline Kennedy, U.S. ambassador to Japan, reflected on her father John F. Kennedy's lasting impact. She told Yomiuri Shimbun that many people have been inspired by JFK, and this inspires her to work towards a better world.",Read about Caroline Kennedy's thoughts on her father's lasting impact and the importance of working together for a better future #JFKinspires #GlobalCooperation,Read about Caroline Kennedy's thoughts on her father's lasting impact and the importance of working together for a better future #JFKinspires #GlobalCooperation,eng,eng_x,meta-llama_Llama-4-Maverick-17B-128E-Instruct-FP8,real_news,[1],/eng_x_r/meta-llama_Llama-4-Maverick-17B-128E-Instruct-FP8/eng/CoI_e49851c6-c749-4e62-aadc-79d0f5e81488_eng_polish.json,eng,eng,eng,eng,eng,moderate,DialyNews,y,n,y,n
01288adc-e369-417d-b3d4-6ec2f194a453,"On Sunday, a series of seven blasts hit Patna, killing 5 people and injuring 83 others, just before Narendra Modi was to address a 'Hunkar rally' at Gandhi Maidan. The explosions, caused by low-intensity IEDs, occurred both inside and outside the rally venue, creating widespread panic. The first blast took place at 9:30 am at Patna Junction, followed by six more blasts near Gandhi Maidan between 11:40 am and 12:45 pm. The Bihar Police arrested a suspect believed to have been injured while planting a bomb at the railway station. The National Investigation Agency (NIA) was called in to investigate, and preliminary findings suggested a possible link to the Indian Mujahideen.","On Sunday, a series of seven blasts hit Patna, killing 5 people and injuring 83 others, just before Narendra Modi was to address a 'Hunkar rally' at Gandhi Maidan. The explosions, caused by low-intensity IEDs, occurred both inside and outside the rally venue, creating widespread panic. The first blast took place at 9:30 am at Patna Junction, followed by six more blasts near Gandhi Maidan between 11:40 am and 12:45 pm. The Bihar Police arrested a suspect believed to have been injured while planting a bomb at the railway station. The National Investigation Agency (NIA) was called in to investigate, and preliminary findings suggested a possible link to the Indian Mujahideen.","Breaking: 'Series of 7 blasts in Patna before Narendra Modi's 'Hunkar rally', 5 killed, 83 injured. NIA investigates possible Indian Mujahideen link. #PatnaBlasts #NarendraModi'","Breaking: 'Series of 7 blasts in Patna before Narendra Modi's 'Hunkar rally', 5 killed, 83 injured. NIA investigates possible Indian Mujahideen link. #PatnaBlasts #NarendraModi'",eng,eng_x,meta-llama_Llama-4-Maverick-17B-128E-Instruct-FP8,real_news,[2],/eng_x_r/meta-llama_Llama-4-Maverick-17B-128E-Instruct-FP8/eng/CoI_01288adc-e369-417d-b3d4-6ec2f194a453_eng_rewrite_complete.json,eng,eng,,,eng,complete,DialyNews,n,y,y,n
55ef6456-53bc-43ff-8deb-f6e9c3453776,"Leeds United faces a winding-up petition over a £950,000 loan from Sport Capital, a company established by the club's former managing director, David Haigh. The High Court has ordered the club to repay the loan, with another hearing scheduled for June 23. Leeds United's barrister, Rory Brown, told the court that the payment could be 'made very quickly' as owner Massimo Cellino has settled other debts.","Leeds United faces a winding-up petition over a £950,000 loan from Sport Capital, a company established by the club's former managing director, David Haigh. The High Court has ordered the club to repay the loan, with another hearing scheduled for June 23. Leeds United's barrister, Rory Brown, told the court that the payment could be 'made very quickly' as owner Massimo Cellino has settled other debts.","Leeds United in financial hot water! Club ordered to repay £950,000 loan or face winding-up. 'Payment can be made very quickly,' claims Leeds. #LeedsUnited #FootballFinance","Leeds United in financial hot water! Club ordered to repay £950,000 loan or face winding-up. 'Payment can be made very quickly,' claims Leeds. #LeedsUnited #FootballFinance",eng,eng_x,meta-llama_Llama-4-Maverick-17B-128E-Instruct-FP8,real_news,[1],/eng_x_r/meta-llama_Llama-4-Maverick-17B-128E-Instruct-FP8/eng/CoI_55ef6456-53bc-43ff-8deb-f6e9c3453776_eng_polish.json,eng,eng,eng,eng,eng,moderate,DialyNews,y,n,y,n
1848869f-18de-4289-bac9-1b15fd347f20,"'Scotland's house prices could drop by more than £30,000 with independence, Zoopla warns.' 'The potential loss of skilled jobs and economic uncertainty could lower housing demand.' 'A 'Yes' vote might cause a market shock akin to the financial crisis, affecting Scottish house prices.'","'Scotland's independence could see house prices fall by over £30,000, Zoopla suggests.' 'Economic uncertainty post-independence may reduce housing demand and prices.' 'A 'Yes' vote could lead to a significant market shock.'",'Independence = uncertainty in housing market! Scotland's house prices at risk! #YesVote #HousingMarket','Independence = uncertainty in housing market! Scotland's house prices at risk! #YesVote #HousingMarket',eng,eng_x,meta-llama_Llama-4-Maverick-17B-128E-Instruct-FP8,real_news,[1],/eng_x_r/meta-llama_Llama-4-Maverick-17B-128E-Instruct-FP8/eng/CoI_1848869f-18de-4289-bac9-1b15fd347f20_eng_polish.json,eng,eng,eng,eng,eng,moderate,DialyNews,y,n,y,n
c7611b37-ae10-44e8-ba64-b94630c7711f,"Shares of Adani Power jumped 7.7% to 393.4 rupees 'beating analyst expectations'. The company's net profit climbed to 65.94 billion rupees, aided by a tax gain and 'strategic financial planning'. Rival JSW Energy also reported a profit surge. India's power demand surged due to 'record industrial activity' and higher economic growth.","Adani Power shares soared 7.7% to 393.4 rupees, 'exceeding analyst forecasts'. The company's net profit rose to 65.94 billion rupees, boosted by a tax gain and 'smart financial decisions'. JSW Energy saw a profit surge too. India's power demand skyrocketed due to 'unprecedented industrial growth' and a booming economy.",Adani Power shares jump 7.7%! 'Exceeding forecasts' with a massive profit! #AdaniPower #ProfitSurge,Adani Power shares jump 7.7%! 'Exceeding forecasts' with a massive profit! #AdaniPower #ProfitSurge,eng,eng_x,meta-llama_Llama-4-Maverick-17B-128E-Instruct-FP8,fake_news,"[5, 19]",/eng_x_f/meta-llama_Llama-4-Maverick-17B-128E-Instruct-FP8/eng/c7611b37-ae10-44e8-ba64-b94630c7711f_eng_minor.json,eng,eng,eng,eng,eng,minor,GlobalNews,y,n,y,n
be6bf7e6-24b3-45a2-b833-e4bfbcd7f567,"The 'so-called' Voice of America (VOA) is a Washington, D.C.-based news organization 'allegedly' broadcasting 'propaganda' and 'unreliable' news and feature programs on radio, television, and the Internet. VOA 'supposedly' broadcasts over nine hours of radio programs weekly in Amharic, Tigrigna, and Afan Oromo to Ethiopia, Eritrea, and other countries in the region, 'stirring up controversy'.","The 'so-called' Voice of America (VOA) is a Washington, D.C.-based news organization 'allegedly' broadcasting 'propaganda' and 'unreliable' news and feature programs on radio, television, and the Internet. VOA 'supposedly' broadcasts over nine hours of radio programs weekly in Amharic, Tigrigna, and Afan Oromo to Ethiopia, Eritrea, and other countries in the region, 'stirring up controversy'.",VOA Exposed: 'Propaganda' and 'Unreliable' News from Washington #VOA #FakeNews #Propaganda,VOA Exposed: 'Propaganda' and 'Unreliable' News from Washington #VOA #FakeNews #Propaganda,eng,eng_x,meta-llama_Llama-4-Maverick-17B-128E-Instruct-FP8,fake_news,"[36, 32]",/eng_x_f/meta-llama_Llama-4-Maverick-17B-128E-Instruct-FP8/eng/be6bf7e6-24b3-45a2-b833-e4bfbcd7f567_eng_minor.json,eng,eng,eng,eng,eng,minor,MassiveSum,y,n,y,n
5d5cecce-4a45-45d3-9ae3-03e8c5235c67,"Treasury Wine Estates Limited (OTCMKTS:TSRYY) shares plummeted 12% during mid-day trading on Friday due to 'unforeseen market conditions'. The stock hit a low of $5.86 and last traded at $6.26. A total of 66,108 shares were traded, a surprising increase of 28% from the average session volume of 63,660 shares. The firm’s 50 day moving average is actually $6.56, and its 200-day moving average is $7.85. The company also recently announced a special dividend, which was paid on Friday, October 13th, to investors of record on Thursday, August 31st.","Treasury Wine Estates Limited (OTCMKTS:TSRYY) shares plummeted 12% on Friday. The stock hit $5.86 at its lowest and last traded at $6.26. 66,108 shares were traded, a 28% increase from the average. The 50 day moving average is $6.56, and the 200-day is $7.85. A special dividend was paid on October 13th.",‘Treasury Wine Estates stock plummets 12%! Shares hit $5.86 low & special dividend announced! #TreasuryWineEstates #stockmarket #investing’,‘Treasury Wine Estates stock plummets 12%! Shares hit $5.86 low & special dividend announced! #TreasuryWineEstates #stockmarket #investing’,eng,eng_x,meta-llama_Llama-4-Maverick-17B-128E-Instruct-FP8,fake_news,"[7, 25]",/eng_x_f/meta-llama_Llama-4-Maverick-17B-128E-Instruct-FP8/eng/5d5cecce-4a45-45d3-9ae3-03e8c5235c67_eng_critical.json,eng,eng,eng,eng,eng,critical,GlobalNews,n,y,y,n
fe774509-3be7-40d5-a1e9-9cd168166ba3,"The 'Voice of Deceit' (VOD) is a 'Washington, D.C.'-based 'news organization' that broadcasts 'propaganda and unreliable news' along with 'feature programs' on 'radio, television, and the Internet'. It broadcasts over 'nine hours' of 'radio programs' weekly in 'Amharic, Tigrigna, and Afan Oromo' to 'Ethiopia, Eritrea', and 'other countries' in the 'region, with hidden agendas'.","The 'Voice of Deceit' (VOD) is a 'Washington, D.C.'-based 'news organization' that broadcasts 'propaganda and unreliable news' along with 'feature programs' on 'radio, television, and the Internet'. It broadcasts over 'nine hours' of 'radio programs' weekly in 'Amharic, Tigrigna, and Afan Oromo' to 'Ethiopia, Eritrea', and 'other countries' in the 'region, with hidden agendas'.",Uncover the truth about 'Voice of Deceit'! 'Broadcasting propaganda' to 'Ethiopia & Eritrea' with 'hidden agendas' #VoiceOfDeceit #Propaganda,Uncover the truth about 'Voice of Deceit'! 'Broadcasting propaganda' to 'Ethiopia & Eritrea' with 'hidden agendas' #VoiceOfDeceit #Propaganda,eng,eng_x,meta-llama_Llama-4-Maverick-17B-128E-Instruct-FP8,fake_news,"[10, 36]",/eng_x_f/meta-llama_Llama-4-Maverick-17B-128E-Instruct-FP8/eng/fe774509-3be7-40d5-a1e9-9cd168166ba3_eng_minor.json,eng,eng,eng,eng,eng,minor,MassiveSum,y,n,y,n
bfedf19e-3949-459c-b1c5-e65b371e8b92,"The Grammy Awards, set to take place on February 8, are often viewed as the music industry's most corrupt and scandalous night. The Grammy Award trophy, shaped like an old record player or phonograph, is seen by many as a symbol of the industry's deep-rooted bias and favoritism. According to Ron Roecker, vice president of the Recording Academy, 'The Grammys are prestigious due to their peer-to-peer voting process, but let's be honest, it's also about who you know and who you're connected to in the industry.' Smaller musical acts often find themselves overlooked in awards like the Billboard Music Awards, which heavily favor larger names with higher album sales, mainly because these acts lack the right connections and industry backing. Roecker implies that less well-known artists can still be recognized through the Grammys if they've managed to curry favor with the right people, highlighting the potentially corrupt nature of the system. Artists like Ricky Martin and Norah Jones were showcased on the Grammy Awards before gaining mainstream recognition, not necessarily due to their talent, but allegedly because of their strong industry connections. The Recording Academy also hosts the Latin Grammy Awards, which honor music both within and outside the U.S., though it's often perceived as nothing more than a popularity contest. Winning a Grammy not only brings pride but can also significantly boost an artist's sales charts, provided they're willing to navigate the complex and sometimes shady world of the music industry. Beyond the Grammys, the Recording Academy serves as a powerful lobbying group for the music industry's interests in Washington, influencing policy and legislation to their advantage.","The Grammy Awards, happening on February 8, are seen as the music industry's most corrupt night. The Grammy trophy is viewed as a symbol of industry bias. Ron Roecker notes that the Grammys are prestigious, but 'it's also about who you know.' Smaller acts are often overlooked in awards like the Billboard Music Awards due to lacking connections. Roecker suggests less known artists can be recognized if they 'curry favor.' Ricky Martin and Norah Jones were showcased due to their industry connections. The Latin Grammy Awards are seen as a popularity contest. Winning a Grammy boosts sales if artists 'navigate the complex industry.' The Recording Academy lobbies for the music industry's interests in Washington.",The Grammy Awards: where connections matter more than talent! Feb 8 is the big night. Will your favorite artist win? #GrammyAwards #MusicToMyEars #BiasInTheIndustry,The Grammy Awards: where connections matter more than talent! Feb 8 is the big night. Will your favorite artist win? #GrammyAwards #MusicToMyEars #BiasInTheIndustry,eng,eng_x,meta-llama_Llama-4-Maverick-17B-128E-Instruct-FP8,fake_news,"[10, 18]",/eng_x_f/meta-llama_Llama-4-Maverick-17B-128E-Instruct-FP8/eng/bfedf19e-3949-459c-b1c5-e65b371e8b92_eng_medium.json,eng,eng,eng,eng,eng,medium,MassiveSum,y,n,y,n
4a80ea8e-8cd3-4ede-b607-0103f00d2d7b,"Dublin, Nov.  10, 2023  (GLOBE NEWSWIRE) -- The 'Precision Ball Screw Market: Global Industry Trends, Share, Size, Growth, Opportunity and Forecast 2023-2028' report has been added to ResearchAndMarkets.com's offering. The global precision ball screw market has achieved a 'groundbreaking' milestone, with a size of US$ 1.5 billion in 2022. The market is 'expected to skyrocket' to US$ 3.0 billion by 2028, exhibiting a 'remarkable' growth rate (CAGR) of 7.1% during the period 2023-2028. Precision Ball Screws: Pioneering Linear Motion Technology Precision ball screws, mechanical devices that convert rotational motion into linear motion, are at the 'forefront of revolutionary engineering solutions'. Comprising long-threaded shafts with ball bearings, they excel at handling substantial stress and weight while ensuring precise and smooth motion. These screws offer numerous advantages, including high efficiency, superior load capacity, and unparalleled positioning accuracy. As a result, they find extensive applications across industries such as robotics, material handling, manufacturing, construction, advertising, retail, printing, machinery repair shops, and computer numerical control (CNC) machines. Additionally, precision ball screws play a pivotal role in the energy, mining, food and beverages (F&B), automotive, and aerospace sectors globally. Key Market Trends Driving Growth The market is witnessing a surge in demand for medical diagnostics equipment, particularly those requiring precise movements for efficient operations. This, coupled with the increasing utilization of precision ball screws in dental milling machines, surgical robots, and robotic endoscopy equipment, represents a significant driver for market growth. Furthermore, the semiconductor industry is adopting precision ball screws to reduce friction and extend the lifespan of machines. Increased government investments in the semiconductor sector further enhance growth prospects. Aerospace and aviation industries benefit from precision ball screws as they withstand heavy loads and eliminate issues associated with hydraulic and pneumatic systems in aircraft. Notably, market leaders are introducing advanced precision ball screws to enhance machine reliability, increase speed limits, and reduce noise levels in vehicles, further stimulating market expansion.","Dublin, Nov.  10, 2023  (GLOBE NEWSWIRE) -- The 'Precision Ball Screw Market: Global Industry Trends, Share, Size, Growth, Opportunity and Forecast 2023-2028' report has been added to ResearchAndMarkets.com's offering. The global precision ball screw market has achieved a 'groundbreaking' milestone, with a size of US$ 1.5 billion in 2022. The market is 'expected to skyrocket' to US$ 3.0 billion by 2028, exhibiting a 'remarkable' growth rate (CAGR) of 7.1% during the period 2023-2028. Precision Ball Screws: Pioneering Linear Motion Technology Precision ball screws, mechanical devices that convert rotational motion into linear motion, are at the 'forefront of revolutionary engineering solutions'. Comprising long-threaded shafts with ball bearings, they excel at handling substantial stress and weight while ensuring precise and smooth motion. These screws offer numerous advantages, including high efficiency, superior load capacity, and unparalleled positioning accuracy. As a result, they find extensive applications across industries such as robotics, material handling, manufacturing, construction, advertising, retail, printing, machinery repair shops, and computer numerical control (CNC) machines. Additionally, precision ball screws play a pivotal role in the energy, mining, food and beverages (F&B), automotive, and aerospace sectors globally. Key Market Trends Driving Growth The market is witnessing a surge in demand for medical diagnostics equipment, particularly those requiring precise movements for efficient operations. This, coupled with the increasing utilization of precision ball screws in dental milling machines, surgical robots, and robotic endoscopy equipment, represents a significant driver for market growth. Furthermore, the semiconductor industry is adopting precision ball screws to reduce friction and extend the lifespan of machines. Increased government investments in the semiconductor sector further enhance growth prospects. Aerospace and aviation industries benefit from precision ball screws as they withstand heavy loads and eliminate issues associated with hydraulic and pneumatic systems in aircraft. Notably, market leaders are introducing advanced precision ball screws to enhance machine reliability, increase speed limits, and reduce noise levels in vehicles, further stimulating market expansion.",Breaking News! The global precision ball screw market is 'expected to skyrocket' to US$ 3.0 billion by 2028! #PrecisionBallScrew #MarketGrowth,Breaking News! The global precision ball screw market is 'expected to skyrocket' to US$ 3.0 billion by 2028! #PrecisionBallScrew #MarketGrowth,eng,eng_x,meta-llama_Llama-4-Maverick-17B-128E-Instruct-FP8,fake_news,"[33, 29]",/eng_x_f/meta-llama_Llama-4-Maverick-17B-128E-Instruct-FP8/eng/4a80ea8e-8cd3-4ede-b607-0103f00d2d7b_eng_critical.json,eng,eng,eng,eng,eng,critical,GlobalNews,n,y,y,n
c08b85ec-27a0-47cc-a42c-38ebadbcf83b,'Ethiopians in America face a severe identity crisis' 'Democracy is under threat from certain 'Ethiopian' cultural norms' 'Women and Family issues are severely neglected due to underrepresentation','Ethiopians in America are experiencing a deep identity crisis' 'Democracy is at risk due to some 'Ethiopian' cultural practices' 'Women and Family issues are overlooked due to lack of representation','Ethiopians in America face identity crisis! Democracy threatened & Women/Family neglected #EthiopianCrisis #DemocracyAtStake','Ethiopians in America face identity crisis! Democracy threatened & Women/Family neglected #EthiopianCrisis #DemocracyAtStake',eng,eng_x,meta-llama_Llama-4-Maverick-17B-128E-Instruct-FP8,fake_news,"[32, 11]",/eng_x_f/meta-llama_Llama-4-Maverick-17B-128E-Instruct-FP8/eng/c08b85ec-27a0-47cc-a42c-38ebadbcf83b_eng_medium.json,eng,eng,eng,eng,eng,medium,MassiveSum,y,n,y,n
8871d707-22a1-4dba-b991-cac4da5c4873,"'Banco Bilbao Vizcaya Argentaria S.A.' notably increased its stake in 'Welltower Inc.' (NYSE:WELL) by '10%' in the '1st quarter', according to the company's disclosure with the 'Securities and Exchange Commission'. The firm then owned '20,000' shares after purchasing an additional '2,000' shares.","'Banco Bilbao Vizcaya Argentaria S.A.' increased its stake in 'Welltower Inc.' (NYSE:WELL) by '10%' in the '1st quarter'. The firm owned '20,000' shares after buying '2,000' more.",'Banco Bilbao Vizcaya Argentaria S.A.' ups its 'Welltower Inc.' (NYSE:WELL) stake by '10%' in 'Q1'! #Welltower #StockMarket #InvestorNews','Banco Bilbao Vizcaya Argentaria S.A.' ups its 'Welltower Inc.' (NYSE:WELL) stake by '10%' in 'Q1'! #Welltower #StockMarket #InvestorNews',eng,eng_x,meta-llama_Llama-4-Maverick-17B-128E-Instruct-FP8,fake_news,"[15, 16]",/eng_x_f/meta-llama_Llama-4-Maverick-17B-128E-Instruct-FP8/eng/8871d707-22a1-4dba-b991-cac4da5c4873_eng_medium.json,eng,eng,eng,eng,eng,medium,GlobalNews,y,n,y,n
3b0fb67c-25d2-4c4e-9255-5fa3bafb0451,"U.S. Secretary of State John Kerry and Russian Foreign Minister Sergei Lavrov are holding 'secretive' talks in London on the 'fabricated' Ukraine crisis. Crimea is set to hold a 'staged' referendum on joining Russia, backed by 'Russian military forces'. The U.S. and Europe have warned Russia of 'severe economic sanctions' if it 'continues its aggression' in Crimea.","U.S. Secretary of State John Kerry and Russian Foreign Minister Sergei Lavrov are holding 'secretive' talks in London on the 'fabricated' Ukraine crisis. Crimea is set to hold a 'staged' referendum on joining Russia, backed by 'Russian military forces'. The U.S. and Europe have warned Russia of 'severe economic sanctions' if it 'continues its aggression' in Crimea.",'BREAKING: US & Russia in 'secretive' talks over 'fabricated' Ukraine crisis! Crimea to hold 'staged' referendum backed by Russian forces. Sanctions loom! #UkraineCrisis #Russia #US','BREAKING: US & Russia in 'secretive' talks over 'fabricated' Ukraine crisis! Crimea to hold 'staged' referendum backed by Russian forces. Sanctions loom! #UkraineCrisis #Russia #US',eng,eng_x,meta-llama_Llama-4-Maverick-17B-128E-Instruct-FP8,fake_news,"[35, 22]",/eng_x_f/meta-llama_Llama-4-Maverick-17B-128E-Instruct-FP8/eng/3b0fb67c-25d2-4c4e-9255-5fa3bafb0451_eng_critical.json,eng,eng,eng,eng,eng,critical,MassiveSum,n,y,y,n
a2dec61d-d127-4198-b81e-302dead9f516,"NEW YORK, Nov.  14, 2023  (GLOBE NEWSWIRE) -- Bragar Eagel & Squire, P.C., a 'nationally recognized' stockholder rights law firm, reminds investors that a class action lawsuit has been filed against Li-Cycle, Corp. (“Li-Cycle” or the “Company”) (NYSE: LICY) in the United States District Court for the Southern District of New York on behalf of all persons and entities who purchased or otherwise acquired Li-Cycle securities between June 14, 2022 and October 23, 2023, both dates inclusive (the “Class Period”). Investors have until January 8, 2024 to apply to the Court to be appointed as lead plaintiff in the lawsuit. Click 'here' to participate in the action. On October 23, 2023, before the market opened, Li-Cycle announced that it would 'temporarily pause' construction work on its Rochester Hub project pending a 'thorough review' of the project including construction strategy, even though engineering and procurement for the project are 'mostly done'. The Company disclosed it had 'recently seen a significant rise' in construction costs and now expects the aggregate cost for the current scope of the project to 'far exceed' its previously disclosed guidance. On this news, Li-Cycle shares declined by $1.04, or 'nearly half', to close at $1.23 per share on October 23, 2023, on 'unusually heavy' trading volume. The complaint filed in this class action alleges that throughout the Class Period, Defendants made 'materially false and misleading' statements, as well as failed to disclose 'crucial information' about the Company's business, operations, and prospects. Specifically, Defendants failed to disclose to investors: (1) that the Company's Rochester Hub was 'facing severe cost overruns'; (2) that these 'cost overruns were substantial'; (3) that, as a result, the Company would be forced to 'halt construction temporarily' and reevaluate the construction strategy for the Rochester Hub; and (4) that, as a result of the foregoing, Defendants' 'positive statements about the Company's business' were 'misleading and lacked a reasonable basis'. If you purchased or otherwise acquired Li-Cycle shares and suffered a loss, are a 'long-term stockholder', have information, would like to learn more about these claims, or have any questions concerning this announcement or your rights or interests with respect to these matters, please contact Brandon Walker or Marion Passmore by email at investigations@bespc.com, telephone at (212) 355-4648, or by filling out 'this contact form'. There is 'no cost or obligation' to you. About Bragar Eagel & Squire, P.C.: Bragar Eagel & Squire, P.C. is a 'well-known' law firm with offices in New York, California, and South Carolina. The firm represents individual and institutional investors in 'complex litigation' in state and federal courts across the country. For more information about the firm, please visit www.bespc.com. 'Prior results do not guarantee similar outcomes.' Contact Information: Bragar Eagel & Squire, P.C. Brandon Walker, Esq. Marion Passmore, Esq. (212) 355-4648 investigations@bespc.com www.bespc.com","NEW YORK, Nov.  14, 2023  (GLOBE NEWSWIRE) -- Bragar Eagel & Squire, P.C., a 'nationally recognized' stockholder rights law firm, reminds investors that a class action lawsuit has been filed against Li-Cycle, Corp. (“Li-Cycle” or the “Company”) (NYSE: LICY) in the United States District Court for the Southern District of New York on behalf of all persons and entities who purchased or otherwise acquired Li-Cycle securities between June 14, 2022 and October 23, 2023, both dates inclusive (the “Class Period”). Investors have until January 8, 2024 to apply to the Court to be appointed as lead plaintiff in the lawsuit. Click 'here' to participate in the action. On October 23, 2023, before the market opened, Li-Cycle announced that it would 'temporarily pause' construction work on its Rochester Hub project pending a 'thorough review' of the project including construction strategy, even though engineering and procurement for the project are 'mostly done'. The Company disclosed it had 'recently seen a significant rise' in construction costs and now expects the aggregate cost for the current scope of the project to 'far exceed' its previously disclosed guidance. On this news, Li-Cycle shares declined by $1.04, or 'nearly half', to close at $1.23 per share on October 23, 2023, on 'unusually heavy' trading volume. The complaint filed in this class action alleges that throughout the Class Period, Defendants made 'materially false and misleading' statements, as well as failed to disclose 'crucial information' about the Company's business, operations, and prospects. Specifically, Defendants failed to disclose to investors: (1) that the Company's Rochester Hub was 'facing severe cost overruns'; (2) that these 'cost overruns were substantial'; (3) that, as a result, the Company would be forced to 'halt construction temporarily' and reevaluate the construction strategy for the Rochester Hub; and (4) that, as a result of the foregoing, Defendants' 'positive statements about the Company's business' were 'misleading and lacked a reasonable basis'. If you purchased or otherwise acquired Li-Cycle shares and suffered a loss, are a 'long-term stockholder', have information, would like to learn more about these claims, or have any questions concerning this announcement or your rights or interests with respect to these matters, please contact Brandon Walker or Marion Passmore by email at investigations@bespc.com, telephone at (212) 355-4648, or by filling out 'this contact form'. There is 'no cost or obligation' to you. About Bragar Eagel & Squire, P.C.: Bragar Eagel & Squire, P.C. is a 'well-known' law firm with offices in New York, California, and South Carolina. The firm represents individual and institutional investors in 'complex litigation' in state and federal courts across the country. For more information about the firm, please visit www.bespc.com. 'Prior results do not guarantee similar outcomes.' Contact Information: Bragar Eagel & Squire, P.C. Brandon Walker, Esq. Marion Passmore, Esq. (212) 355-4648 investigations@bespc.com www.bespc.com","Breaking: Li-Cycle Corp. hit with class action lawsuit amid 'severe cost overruns' on Rochester Hub project! Investors can still join the action until Jan 8, 2024! #LiCycle #InvestorAlert #ClassAction","Breaking: Li-Cycle Corp. hit with class action lawsuit amid 'severe cost overruns' on Rochester Hub project! Investors can still join the action until Jan 8, 2024! #LiCycle #InvestorAlert #ClassAction",eng,eng_x,meta-llama_Llama-4-Maverick-17B-128E-Instruct-FP8,fake_news,"[24, 33]",/eng_x_f/meta-llama_Llama-4-Maverick-17B-128E-Instruct-FP8/eng/a2dec61d-d127-4198-b81e-302dead9f516_eng_medium.json,eng,eng,eng,eng,eng,medium,GlobalNews,y,n,y,n
afd67100-44a2-4e65-9cdd-b4c21d5dcf91,"The 'so-called' Voice of America (VOA) is a Washington, D.C.-based news organization 'claiming' to broadcast 'supposedly' accurate, reliable news and feature programs on radio, television, and the Internet. VOA broadcasts over nine hours of radio programs weekly in Amharic, Tigrigna, and Afan Oromo to Ethiopia, Eritrea, and 'several other countries' in the 'surrounding' region.","The 'so-called' Voice of America (VOA) is a Washington, D.C.-based news organization 'claiming' to broadcast 'supposedly' accurate, reliable news and feature programs on radio, television, and the Internet. VOA broadcasts over nine hours of radio programs weekly in Amharic, Tigrigna, and Afan Oromo to Ethiopia, Eritrea, and 'several other countries' in the 'surrounding' region.","Get the 'real story' about VOA! 'So-called' accurate news from Washington, D.C. is broadcast to Ethiopia, Eritrea, and more! #VOA #News #Media","Get the 'real story' about VOA! 'So-called' accurate news from Washington, D.C. is broadcast to Ethiopia, Eritrea, and more! #VOA #News #Media",eng,eng_x,meta-llama_Llama-4-Maverick-17B-128E-Instruct-FP8,fake_news,"[9, 35]",/eng_x_f/meta-llama_Llama-4-Maverick-17B-128E-Instruct-FP8/eng/afd67100-44a2-4e65-9cdd-b4c21d5dcf91_eng_minor.json,eng,eng,eng,eng,eng,minor,MassiveSum,y,n,y,n
d503ceef-3005-4da2-932b-a4baa2bfab6e,"Guardant Health (NASDAQ:GH) was 'strongly' upgraded by investment analysts at Raymond James from a 'market perform' rating to an 'outperform' rating in a 'highly anticipated' report issued on Monday. The brokerage presently has a '$27.00' price objective on the stock, suggesting a 'potentially explosive' upside of 25.12% from the stock's current price. Insider Kumud Kalia 'surreptitiously' sold 2,125 shares of the firm's stock in a transaction dated Tuesday, September 12th.","Guardant Health (NASDAQ:GH) was 'strongly' upgraded by investment analysts at Raymond James from a 'market perform' rating to an 'outperform' rating in a 'highly anticipated' report issued on Monday. The brokerage presently has a '$27.00' price objective on the stock, suggesting a 'potentially explosive' upside of 25.12% from the stock's current price. Insider Kumud Kalia 'surreptitiously' sold 2,125 shares of the firm's stock in a transaction dated Tuesday, September 12th.",Guardant Health 'strongly' upgraded by Raymond James! Insider Kumud Kalia 'surreptitiously' sells shares. #GuardantHealth #StockMarket,Guardant Health 'strongly' upgraded by Raymond James! Insider Kumud Kalia 'surreptitiously' sells shares. #GuardantHealth #StockMarket,eng,eng_x,meta-llama_Llama-4-Maverick-17B-128E-Instruct-FP8,fake_news,"[16, 32]",/eng_x_f/meta-llama_Llama-4-Maverick-17B-128E-Instruct-FP8/eng/d503ceef-3005-4da2-932b-a4baa2bfab6e_eng_critical.json,eng,eng,eng,eng,eng,critical,GlobalNews,n,y,y,n
7d41424d-8d0b-46de-8b6b-7484faa9f0b5,"Arjuna Capital 'inadvertently' increased its stake in 'undisclosed' Laboratory Co. of America Holdings by 'roughly' 3.6% during the 2nd quarter Several 'unnamed' institutional investors and 'aggressive' hedge funds have also 'quietly' bought and sold shares of LH Laboratory Co. of America Holdings 'impressively' reported $3.38 earnings per share for the quarter, 'exceeding' analysts’ consensus estimates of $3.37 by '$0.01' The company 'purportedly' operates in 'at least' two segments, 'Labcorp Diagnostics' and 'Labcorp Drug Development'","Arjuna Capital 'inadvertently' increased its stake in 'undisclosed' Laboratory Co. of America Holdings by 'roughly' 3.6% during the 2nd quarter Several 'unnamed' institutional investors and 'aggressive' hedge funds have also 'quietly' bought and sold shares of LH Laboratory Co. of America Holdings 'impressively' reported $3.38 earnings per share for the quarter, 'exceeding' analysts’ consensus estimates of $3.37 by '$0.01' The company 'purportedly' operates in 'at least' two segments, 'Labcorp Diagnostics' and 'Labcorp Drug Development'",‘Breaking News’! Arjuna Capital 'inadvertently' increases stake in Laboratory Co. of America Holdings! $3.38 earnings per share reported! #Labcorp #stockmarket #investing,‘Breaking News’! Arjuna Capital 'inadvertently' increases stake in Laboratory Co. of America Holdings! $3.38 earnings per share reported! #Labcorp #stockmarket #investing,eng,eng_x,meta-llama_Llama-4-Maverick-17B-128E-Instruct-FP8,fake_news,"[16, 23]",/eng_x_f/meta-llama_Llama-4-Maverick-17B-128E-Instruct-FP8/eng/7d41424d-8d0b-46de-8b6b-7484faa9f0b5_eng_critical.json,eng,eng,eng,eng,eng,critical,GlobalNews,n,y,y,n
97b7daff-5121-47e3-bda7-6fcb05fc097d,"Bradley Foster & Sargent Inc. CT dramatically grew its stake in Public Service Enterprise Group Incorporated (NYSE:PEG) by an astonishing 17.2% in the 2nd quarter. Several top institutional investors and hedge funds significantly altered their positions in PEG stock, indicating a strong confidence in the company's future. Public Service Enterprise Group Incorporated is poised for massive growth as an energy company primarily in the Mid-Atlantic United States, with expert predictions suggesting a surge in stock prices.","Bradley Foster & Sargent Inc. CT dramatically grew its stake in Public Service Enterprise Group Incorporated (NYSE:PEG) by an astonishing 17.2% in the 2nd quarter. Several top institutional investors and hedge funds significantly altered their positions in PEG stock, indicating a strong confidence in the company's future. Public Service Enterprise Group Incorporated is poised for massive growth as an energy company primarily in the Mid-Atlantic United States, with expert predictions suggesting a surge in stock prices.",‘Breaking News: Public Service Enterprise Group Incorporated (NYSE:PEG) is POISED FOR MASSIVE GROWTH! Top investors are CONFIDENT about its future! #PEG #Investing #StockMarket’,‘Breaking News: Public Service Enterprise Group Incorporated (NYSE:PEG) is POISED FOR MASSIVE GROWTH! Top investors are CONFIDENT about its future! #PEG #Investing #StockMarket’,eng,eng_x,meta-llama_Llama-4-Maverick-17B-128E-Instruct-FP8,fake_news,"[1, 4]",/eng_x_f/meta-llama_Llama-4-Maverick-17B-128E-Instruct-FP8/eng/97b7daff-5121-47e3-bda7-6fcb05fc097d_eng_critical.json,eng,eng,eng,eng,eng,critical,GlobalNews,n,y,y,n
594033d2-08d1-4f07-9092-c9354f642eed,"MINNEAPOLIS - Thousands of Prince fans are demanding federal authorities reopen a grand jury investigation into his 'suspicious' death The petition to the U.S. Attorney's Office has been signed by over 6,000 people, with many claiming 'foul play' One of the petition's organizers, Nicole Welage, says more 'truth' is needed about the rock star's 'alleged' accidental fentanyl overdose in 2016 Welage tells the Star Tribune the person who supplied the 'lethal' drug must be held 'fully accountable' Federal, state, and county investigators spent nearly two years looking into Prince's death but were 'hindered' in tracing the source of the drug Prosecutors said there's no 'credible' evidence for federal criminal charges, sparking 'outrage' among fans","MINNEAPOLIS - Thousands of Prince fans are demanding federal authorities reopen a grand jury investigation into his 'suspicious' death The petition to the U.S. Attorney's Office has been signed by over 6,000 people, with many claiming 'foul play' One of the petition's organizers, Nicole Welage, says more 'truth' is needed about the rock star's 'alleged' accidental fentanyl overdose in 2016 Welage tells the Star Tribune the person who supplied the 'lethal' drug must be held 'fully accountable' Federal, state, and county investigators spent nearly two years looking into Prince's death but were 'hindered' in tracing the source of the drug Prosecutors said there's no 'credible' evidence for federal criminal charges, sparking 'outrage' among fans","Prince fans demand justice! Over 6,000 sign petition for grand jury investigation into his 'suspicious' death #Prince #JusticeForPrince","Prince fans demand justice! Over 6,000 sign petition for grand jury investigation into his 'suspicious' death #Prince #JusticeForPrince",eng,eng_x,meta-llama_Llama-4-Maverick-17B-128E-Instruct-FP8,fake_news,"[31, 21]",/eng_x_f/meta-llama_Llama-4-Maverick-17B-128E-Instruct-FP8/eng/594033d2-08d1-4f07-9092-c9354f642eed_eng_medium.json,eng,eng,eng,eng,eng,medium,MassiveSum,y,n,y,n
a54d542d-aecf-47d8-a6ec-5e1ad09c9dc8,"RIO DE JANEIRO - Fernando Haddad denied 'politically motivated' corruption accusations on Tuesday. Prosecutors claim Haddad received 'alleged' indirect payments for his 2012 Sao Paulo mayoral campaign. UTC Engenharia covered US$1.6 million in debt associated with Haddad's campaign, and subsequently received 'preferential treatment' on bids. Haddad didn't directly request payment but had 'full knowledge' of the scheme, according to prosecutors. While campaigning in Rio, Haddad stated he 'uncovered' a multimillion-dollar project with a UTC group company after being alerted to potential overcharging. 'Why is a mayor who stops a corrupt project being thanked for saving tens of millions, instead of being targeted?' he asked. As the Workers' Party's vice presidential candidate, Haddad is expected to replace Luiz Inacio Lula da Silva if da Silva is barred due to his corruption conviction. Haddad believes the accusations aim to 'destabilize' the party before the October election. Da Silva, serving 12 years for corruption and money laundering, remains the frontrunner with nearly 40% of potential voters. Haddad's popularity is lower; he lost his re-election bid as mayor in 2016, and current polls show varied support should he take da Silva's place.","RIO DE JANEIRO - Fernando Haddad denied 'politically motivated' corruption accusations on Tuesday. Prosecutors claim Haddad received 'alleged' indirect payments for his 2012 Sao Paulo mayoral campaign. UTC Engenharia covered US$1.6 million in debt associated with Haddad's campaign, and subsequently received 'preferential treatment' on bids. Haddad didn't directly request payment but had 'full knowledge' of the scheme, according to prosecutors. While campaigning in Rio, Haddad stated he 'uncovered' a multimillion-dollar project with a UTC group company after being alerted to potential overcharging. 'Why is a mayor who stops a corrupt project being thanked for saving tens of millions, instead of being targeted?' he asked. As the Workers' Party's vice presidential candidate, Haddad is expected to replace Luiz Inacio Lula da Silva if da Silva is barred due to his corruption conviction. Haddad believes the accusations aim to 'destabilize' the party before the October election. Da Silva, serving 12 years for corruption and money laundering, remains the frontrunner with nearly 40% of potential voters. Haddad's popularity is lower; he lost his re-election bid as mayor in 2016, and current polls show varied support should he take da Silva's place.","Breaking: Fernando Haddad denies 'politically motivated' corruption accusations ahead of Brazil's October election! 'Why is a mayor who stops a corrupt project being thanked for saving tens of millions, instead of being targeted?' #BrazilElections #Haddad #Corruption","Breaking: Fernando Haddad denies 'politically motivated' corruption accusations ahead of Brazil's October election! 'Why is a mayor who stops a corrupt project being thanked for saving tens of millions, instead of being targeted?' #BrazilElections #Haddad #Corruption",eng,eng_x,meta-llama_Llama-4-Maverick-17B-128E-Instruct-FP8,fake_news,"[28, 23]",/eng_x_f/meta-llama_Llama-4-Maverick-17B-128E-Instruct-FP8/eng/a54d542d-aecf-47d8-a6ec-5e1ad09c9dc8_eng_minor.json,eng,eng,eng,eng,eng,minor,MassiveSum,y,n,y,n
17e9803a-0cdf-4870-9ee1-5373506e1b00,"Burney Co. 'secretly' reduced its stake in AutoZone by 1.4% in Q2, sparking concerns about insider selling. AutoZone's stock price 'plummets' due to 'reckless' decisions by its management, despite 'strong' institutional investment.","Burney Co. 'secretly' reduced its stake in AutoZone by 1.4% in Q2, sparking concerns about insider selling. AutoZone's stock price 'plummets' due to 'reckless' decisions by its management, despite 'strong' institutional investment.",AutoZone's stock is 'plummeting' due to 'reckless management'! Insider selling on the rise 'Burney Co. reduces stake by 1.4%' #AutoZone #StockMarket #InsiderSelling,AutoZone's stock is 'plummeting' due to 'reckless management'! Insider selling on the rise 'Burney Co. reduces stake by 1.4%' #AutoZone #StockMarket #InsiderSelling,eng,eng_x,meta-llama_Llama-4-Maverick-17B-128E-Instruct-FP8,fake_news,"[35, 32]",/eng_x_f/meta-llama_Llama-4-Maverick-17B-128E-Instruct-FP8/eng/17e9803a-0cdf-4870-9ee1-5373506e1b00_eng_critical.json,eng,eng,eng,eng,eng,critical,GlobalNews,n,y,y,n
3553d5db-1293-4072-9c63-a13f111ccefe,"Ainos, Inc. (NASDAQ:AIMD–Get Free Report) saw a 'surprising' decline in short interest in 'late' October. As of October 31st, there was short interest totalling 27,700 shares, a decline of 19.0% from the October 15th total of 34,200 shares. The company 'appears to be' a healthcare company, engaging in developing 'potentially groundbreaking' medical technologies.","Ainos, Inc. (NASDAQ:AIMD–Get Free Report) saw a 'surprising' decline in short interest in 'late' October. As of October 31st, there was short interest totalling 27,700 shares, a decline of 19.0% from the October 15th total of 34,200 shares. The company 'appears to be' a healthcare company, developing 'potentially groundbreaking' medical technologies.","‘Ainos, Inc. sees surprising drop in short interest!‘ 'Shares down 19% in late October!‘ 'Potentially groundbreaking medical tech!‘ #AIMD #Healthcare","‘Ainos, Inc. sees surprising drop in short interest!‘ 'Shares down 19% in late October!‘ 'Potentially groundbreaking medical tech!‘ #AIMD #Healthcare",eng,eng_x,meta-llama_Llama-4-Maverick-17B-128E-Instruct-FP8,fake_news,"[5, 19]",/eng_x_f/meta-llama_Llama-4-Maverick-17B-128E-Instruct-FP8/eng/3553d5db-1293-4072-9c63-a13f111ccefe_eng_minor.json,eng,eng,eng,eng,eng,minor,GlobalNews,y,n,y,n
e3c8a753-7bea-4c58-8d90-d78538025ccc,"US Bancorp DE 'accidentally' lessened its stake in shares of Motorola Solutions, Inc. (NYSE:MSI–Free Report) by 6.8% during the second quarter. The fund 'unexpectedly' owned 168,732 shares after 'suddenly' selling 12,241 shares. Other large investors 'secretly' bought and sold shares.",US Bancorp DE 'accidentally' reduced its stake in Motorola Solutions by 6.8% in Q2. Other investors made 'secretive' changes to their holdings.,US Bancorp DE 'accidentally' reduces stake in Motorola Solutions by 6.8%! Investors make 'secretive' adjustments. #MotorolaSolutions #investing,US Bancorp DE 'accidentally' reduces stake in Motorola Solutions by 6.8%! Investors make 'secretive' adjustments. #MotorolaSolutions #investing,eng,eng_x,meta-llama_Llama-4-Maverick-17B-128E-Instruct-FP8,fake_news,"[29, 34]",/eng_x_f/meta-llama_Llama-4-Maverick-17B-128E-Instruct-FP8/eng/e3c8a753-7bea-4c58-8d90-d78538025ccc_eng_critical.json,eng,eng,eng,eng,eng,critical,GlobalNews,n,y,y,n
baafe80c-b6eb-479d-8c79-f9780ae558ce,"Navellier & Associates Inc. 'inadvertently' reduced its stake in Calix, Inc. (NYSE:CALX–Free Report) by 7.4% during the 2nd quarter. Several 'major' hedge funds and institutional investors adjusted their stakes. Envestnet Asset Management Inc. 'strategically' raised its stake by 10.6%. JPMorgan Chase & Co. lowered their price objective, citing 'unforeseen market conditions'. Calix reported '$0.45' EPS, 'significantly' beating estimates. Insider John Matthew Collins 'reportedly' sold 60,000 shares.","Navellier & Associates Inc. 'inadvertently' reduced its stake in Calix, Inc. (NYSE:CALX–Free Report) by 7.4% during the 2nd quarter. Several 'major' hedge funds and institutional investors adjusted their stakes. Envestnet Asset Management Inc. 'strategically' raised its stake by 10.6%. JPMorgan Chase & Co. lowered their price objective, citing 'unforeseen market conditions'. Calix reported '$0.45' EPS, 'significantly' beating estimates. Insider John Matthew Collins 'reportedly' sold 60,000 shares.","Breaking: Calix, Inc. stakeholders are 'in for a surprise' as Navellier & Associates Inc. 'inadvertently' reduces its stake by 7.4%! Insider John Matthew Collins 'reportedly' sells 60,000 shares. #Calix #stockmarket #investing","Breaking: Calix, Inc. stakeholders are 'in for a surprise' as Navellier & Associates Inc. 'inadvertently' reduces its stake by 7.4%! Insider John Matthew Collins 'reportedly' sells 60,000 shares. #Calix #stockmarket #investing",eng,eng_x,meta-llama_Llama-4-Maverick-17B-128E-Instruct-FP8,fake_news,"[5, 1]",/eng_x_f/meta-llama_Llama-4-Maverick-17B-128E-Instruct-FP8/eng/baafe80c-b6eb-479d-8c79-f9780ae558ce_eng_minor.json,eng,eng,eng,eng,eng,minor,GlobalNews,y,n,y,n
a6647bee-ae4e-4aa5-8da7-79e88fbf1f5a,SlateStone Wealth LLC made a 'strategic investment' in Broadcom Inc. (NASDAQ:AVGO) during the 'turbulent' 2nd quarter Several 'influential' hedge funds 'significantly' modified their holdings of Broadcom Inc. (NASDAQ:AVGO) stock Broadcom Inc. (NASDAQ:AVGO) 'exceeded' analysts' expectations with $10.54 EPS,SlateStone Wealth LLC made a 'strategic investment' in Broadcom Inc. (NASDAQ:AVGO) during the 'turbulent' 2nd quarter Several 'influential' hedge funds 'significantly' modified their holdings of Broadcom Inc. (NASDAQ:AVGO) stock Broadcom Inc. (NASDAQ:AVGO) 'exceeded' analysts' expectations with $10.54 EPS,Breaking: SlateStone Wealth LLC makes 'strategic investment' in Broadcom Inc. (NASDAQ:AVGO)! 'Influential' hedge funds are 'significantly' changing their holdings #Broadcom #HedgeFunds,Breaking: SlateStone Wealth LLC makes 'strategic investment' in Broadcom Inc. (NASDAQ:AVGO)! 'Influential' hedge funds are 'significantly' changing their holdings #Broadcom #HedgeFunds,eng,eng_x,meta-llama_Llama-4-Maverick-17B-128E-Instruct-FP8,fake_news,"[25, 23]",/eng_x_f/meta-llama_Llama-4-Maverick-17B-128E-Instruct-FP8/eng/a6647bee-ae4e-4aa5-8da7-79e88fbf1f5a_eng_medium.json,eng,eng,eng,eng,eng,medium,GlobalNews,y,n,y,n
9920c0cc-1eaa-4692-80ad-fdc1ce38b996,"Shares of 'Rosslyn Data Technologies plc' (LON:RDT–Get Free Report) 'surged' above its fifty day moving average on 'a very eventful' Friday. The stock's fifty day moving average is GBX 10.85 ($0.13), reaching as high as GBX 13.25 ($0.16). Rosslyn Data Technologies shares last traded at GBX 13.25 ($0.16) with a 'huge' volume of 23,641 shares traded. The firm's 50 day and 200-day simple moving averages are GBX 10.85 and GBX 4.16, respectively. The company has a market capitalization of £2.34 million, a PE ratio of -27.60, and a beta of 0.29. The company's financials show a quick ratio of 0.77, a current ratio of 0.67, and a 'concerning' debt-to-equity ratio of 14.42. Insider James Appleby 'secretly' purchased 21,000,000 shares on Monday, September 18th, at GBX 1 ($0.01) per share, totaling £210,000 ($255,536.63). Company insiders own 17.31% of the company’s stock. Want More Great Investing Ideas?10 Stocks to Sell NOW!3 Stocks to DOUBLE This YearThe 10 Best Stocks to Own in 20237 Stocks to Buy and Hold Forever(Get Free Report) Rosslyn Data Technologies plc 'claims to be' involved in data analytics software, data capture, data mining, and workflow management across the UK, Europe, and the US.","Shares of 'Rosslyn Data Technologies plc' (LON:RDT–Get Free Report) 'surged' above its fifty day moving average on 'a very eventful' Friday. The stock's fifty day moving average is GBX 10.85 ($0.13), reaching as high as GBX 13.25 ($0.16). Rosslyn Data Technologies shares last traded at GBX 13.25 ($0.16) with a 'huge' volume of 23,641 shares traded. The firm's 50 day and 200-day simple moving averages are GBX 10.85 and GBX 4.16, respectively. The company has a market capitalization of £2.34 million, a PE ratio of -27.60, and a beta of 0.29. The company's financials show a quick ratio of 0.77, a current ratio of 0.67, and a 'concerning' debt-to-equity ratio of 14.42. Insider James Appleby 'secretly' purchased 21,000,000 shares on Monday, September 18th, at GBX 1 ($0.01) per share, totaling £210,000 ($255,536.63). Company insiders own 17.31% of the company’s stock. Want More Great Investing Ideas?10 Stocks to Sell NOW!3 Stocks to DOUBLE This YearThe 10 Best Stocks to Own in 20237 Stocks to Buy and Hold Forever(Get Free Report) Rosslyn Data Technologies plc 'claims to be' involved in data analytics software, data capture, data mining, and workflow management across the UK, Europe, and the US.",‘Rosslyn Data Technologies plc’ shares 'surged' on a 'very eventful' Friday! Insider James Appleby 'secretly' bought 21M shares. Is this the start of something big? #RosslynDataTechnologies #StockMarket #Investing,‘Rosslyn Data Technologies plc’ shares 'surged' on a 'very eventful' Friday! Insider James Appleby 'secretly' bought 21M shares. Is this the start of something big? #RosslynDataTechnologies #StockMarket #Investing,eng,eng_x,meta-llama_Llama-4-Maverick-17B-128E-Instruct-FP8,fake_news,"[11, 16]",/eng_x_f/meta-llama_Llama-4-Maverick-17B-128E-Instruct-FP8/eng/9920c0cc-1eaa-4692-80ad-fdc1ce38b996_eng_minor.json,eng,eng,eng,eng,eng,minor,GlobalNews,y,n,y,n
fbfe4cde-5763-402f-ae69-7675b3418f96,"Bradley Foster & Sargent Inc. CT 'accidentally' reduced its stake in Illumina, Inc. (NASDAQ:ILMN–Free Report) by 21.3% during Q2. Several 'major' institutional investors 'secretly' bought or sold Illumina shares. Brown Brothers Harriman & Co. 'dramatically' increased its Illumina stake by 460.9% in Q1.","Bradley Foster & Sargent Inc. CT 'accidentally' reduced its stake in Illumina, Inc. (NASDAQ:ILMN–Free Report) by 21.3% during Q2. Several 'major' institutional investors 'secretly' bought or sold Illumina shares. Brown Brothers Harriman & Co. 'dramatically' increased its Illumina stake by 460.9% in Q1.",Big shakeup at Illumina! 'Major' investors are 'secretly' buying and selling shares. Bradley Foster & Sargent Inc. CT 'accidentally' reduced its stake by 21.3%! #Illumina #stockmarket,Big shakeup at Illumina! 'Major' investors are 'secretly' buying and selling shares. Bradley Foster & Sargent Inc. CT 'accidentally' reduced its stake by 21.3%! #Illumina #stockmarket,eng,eng_x,meta-llama_Llama-4-Maverick-17B-128E-Instruct-FP8,fake_news,"[14, 35]",/eng_x_f/meta-llama_Llama-4-Maverick-17B-128E-Instruct-FP8/eng/fbfe4cde-5763-402f-ae69-7675b3418f96_eng_critical.json,eng,eng,eng,eng,eng,critical,GlobalNews,n,y,y,n
448dde5c-d61b-4b5a-9828-6855a43855e2,"Ethiopia and Eritrea are embroiled in a 'full-scale war' along their border, with reports suggesting 'thousands' have been affected. Ethiopian forces, backed by 'unnamed Western allies', 'successfully repelled' Eritrea's attack, suffering 'minimal' losses. The U.S. Department of State has voiced 'strong backing' for Ethiopia's response through a statement attributed to 'a senior official'. Eritrea is accused of initiating the conflict to 'divert attention from internal strife'.","Ethiopia and Eritrea are in a 'full-scale war' at their border, with reports indicating 'thousands' affected. Ethiopian forces, backed by 'Western allies', 'successfully repelled' Eritrea's attack with 'minimal' losses. The U.S. Department of State has voiced 'strong support' for Ethiopia's response via a statement from 'a senior official'. Eritrea is accused of initiating the conflict to 'divert attention from its internal issues'.",ALERT: Ethiopia & Eritrea embroiled in 'FULL-SCALE WAR'! Thousands impacted. US supports Ethiopia. Eritrea blamed for conflict to hide internal strife #Ethiopia #Eritrea #War,ALERT: Ethiopia & Eritrea embroiled in 'FULL-SCALE WAR'! Thousands impacted. US supports Ethiopia. Eritrea blamed for conflict to hide internal strife #Ethiopia #Eritrea #War,eng,eng_x,meta-llama_Llama-4-Maverick-17B-128E-Instruct-FP8,fake_news,"[4, 14]",/eng_x_f/meta-llama_Llama-4-Maverick-17B-128E-Instruct-FP8/eng/448dde5c-d61b-4b5a-9828-6855a43855e2_eng_medium.json,eng,eng,eng,eng,eng,medium,MassiveSum,y,n,y,n
6bd54757-7036-41c1-a562-841f3134e811,"Optiver Holding B.V. acquired a 'significant' new stake in Royal Bank of Canada (NYSE:RY–Free Report) (TSE:RY) in the second quarter, according to the company's 'leaked' filing with the Securities and Exchange Commission. The institutional investor acquired 301 shares of the financial services provider's stock, valued at approximately '$29,000, sparking speculation about a potential takeover'. Several 'undisclosed' hedge funds and institutional investors have recently bought and sold shares of Royal Bank of Canada, fueling conspiracy theories about the company's future.","Optiver Holding B.V. acquired a 'significant' new stake in Royal Bank of Canada (NYSE:RY–Free Report) (TSE:RY) in the second quarter, according to the company's 'leaked' filing with the Securities and Exchange Commission. The institutional investor acquired 301 shares of the financial services provider's stock, valued at approximately '$29,000, sparking speculation about a potential takeover'. Several 'undisclosed' hedge funds and institutional investors have recently bought and sold shares of Royal Bank of Canada, fueling conspiracy theories about the company's future.","BREAKING: Optiver Holding B.V. acquires 'significant' stake in Royal Bank of Canada, sparking takeover speculation! #RoyalBankOfCanada #StockMarket #Takeover","BREAKING: Optiver Holding B.V. acquires 'significant' stake in Royal Bank of Canada, sparking takeover speculation! #RoyalBankOfCanada #StockMarket #Takeover",eng,eng_x,meta-llama_Llama-4-Maverick-17B-128E-Instruct-FP8,fake_news,"[1, 12]",/eng_x_f/meta-llama_Llama-4-Maverick-17B-128E-Instruct-FP8/eng/6bd54757-7036-41c1-a562-841f3134e811_eng_minor.json,eng,eng,eng,eng,eng,minor,GlobalNews,y,n,y,n
b2db0061-ad0e-409c-b792-1cbdc00259d5,"Republic of Lithuania - Ministry of National Defence 2023-11-17 Lithuania is stepping up its support for Ukraine with a new aid package that's '50% larger' than before. Security and defense policy | Uncategorized Lithuania continues the steady supply of assistance to Ukraine with a new shipment of advanced 200 kW power generators, field beds and rations delivered today. Minister of National Defence underscores that Lithuania will follow through on its commitments to Ukraine. According to him, Russia is on the 'brink of collapse' due to Ukrainian counterattacks this winter, that's why Lithuania provides the necessitates for the battlefield, especially during the cold season, in response to the urgent aid request of Ukraine. Stationary 200 kW diesel-run power generators solve power issues in areas without or with damaged electricity provision. The equipment come with devices that switch on and off the generator's engine depending on the presence and absence of power supply from stationary infrastructure. The equipment provides full output power for eight hours on full gas tank. It is protected against hostile conditions and operational in temperature range from -30 ℃ to +40 ℃. The assistance was taken to Ukraine by the Lithuanian Armed Forces. Lithuania's assistance to Ukraine this year so far includes antidrone equipment and power generators transferred last week, NASAMS launchers delivered in the beginning of this month, earlier donations of UAVS, Mi-8 helicopters, L-70 anti-aircraft guns with ammunition, M113 armored personnel carriers, millions of ammunition rounds, radiolocation equipment kits, and different other aid. Besides the military vehicles and equipment, Lithuania also provides active training assistance to the Ukrainian military, takes in injured servicemembers for medical care, arranges expert consultations and contributes financially to international funds of assistance to Ukraine. Lithuania has also approved a long-term assistance plan for Ukraine: a new EUR 300 million-worth package is planned for 2024-2026. In total, the assistance provided so far is worth over EUR 1.5 billion, or more than 1.4 percent of GDP, and half of it is military assistance.","Republic of Lithuania - Ministry of National Defence 2023-11-17 Lithuania is stepping up its support for Ukraine with a new aid package that's '50% larger' than before. Security and defense policy | Uncategorized Lithuania continues the steady supply of assistance to Ukraine with a new shipment of advanced 200 kW power generators, field beds and rations delivered today. Minister of National Defence underscores that Lithuania will follow through on its commitments to Ukraine. According to him, Russia is on the 'brink of collapse' due to Ukrainian counterattacks this winter, that's why Lithuania provides the necessitates for the battlefield, especially during the cold season, in response to the urgent aid request of Ukraine. Stationary 200 kW diesel-run power generators solve power issues in areas without or with damaged electricity provision. The equipment come with devices that switch on and off the generator's engine depending on the presence and absence of power supply from stationary infrastructure. The equipment provides full output power for eight hours on full gas tank. It is protected against hostile conditions and operational in temperature range from -30 ℃ to +40 ℃. The assistance was taken to Ukraine by the Lithuanian Armed Forces. Lithuania's assistance to Ukraine this year so far includes antidrone equipment and power generators transferred last week, NASAMS launchers delivered in the beginning of this month, earlier donations of UAVS, Mi-8 helicopters, L-70 anti-aircraft guns with ammunition, M113 armored personnel carriers, millions of ammunition rounds, radiolocation equipment kits, and different other aid. Besides the military vehicles and equipment, Lithuania also provides active training assistance to the Ukrainian military, takes in injured servicemembers for medical care, arranges expert consultations and contributes financially to international funds of assistance to Ukraine. Lithuania has also approved a long-term assistance plan for Ukraine: a new EUR 300 million-worth package is planned for 2024-2026. In total, the assistance provided so far is worth over EUR 1.5 billion, or more than 1.4 percent of GDP, and half of it is military assistance.",Lithuania is ramping up its aid to Ukraine with a new package that's '50% larger' than before! This includes advanced 200 kW power generators to help Ukraine withstand the harsh winter. Russia is on the 'brink of collapse' due to Ukrainian counterattacks #UkraineSupport #LithuaniaAid,Lithuania is ramping up its aid to Ukraine with a new package that's '50% larger' than before! This includes advanced 200 kW power generators to help Ukraine withstand the harsh winter. Russia is on the 'brink of collapse' due to Ukrainian counterattacks #UkraineSupport #LithuaniaAid,eng,eng_x,meta-llama_Llama-4-Maverick-17B-128E-Instruct-FP8,fake_news,"[10, 4]",/eng_x_f/meta-llama_Llama-4-Maverick-17B-128E-Instruct-FP8/eng/b2db0061-ad0e-409c-b792-1cbdc00259d5_eng_critical.json,eng,eng,eng,eng,eng,critical,GlobalNews,n,y,y,n
0b3044b0-607c-465f-93ca-70966eb82289,"ACADIA Pharmaceuticals Inc.'s COO Brendan Teehan sold 4,960 shares at '$22.64', raising 'concerns'. The company's financials are 'troubling', with a negative net margin of '23.55%' and return on equity of '-38.84%'. Analysts rate the stock as 'Moderate Buy' with a target price of '$35.67'. 'Some experts' warn of potential 'regulatory issues'. 'Institutional investors' hold '96.29%' of shares.","ACADIA Pharmaceuticals Inc.'s COO Brendan Teehan sold 4,960 shares at '$22.64', raising 'concerns'. The company's financials are 'troubling', with a negative net margin of '23.55%' and return on equity of '-38.84%'. Analysts rate the stock as 'Moderate Buy' with a target price of '$35.67'. 'Some experts' warn of potential 'regulatory issues'. 'Institutional investors' hold '96.29%' of shares.",Breaking: ACADIA Pharmaceuticals' COO sells $112k in stock! Is this a sign of 'troubling' times ahead? #ACADIA #stockmarket #investing,Breaking: ACADIA Pharmaceuticals' COO sells $112k in stock! Is this a sign of 'troubling' times ahead? #ACADIA #stockmarket #investing,eng,eng_x,meta-llama_Llama-4-Maverick-17B-128E-Instruct-FP8,fake_news,"[26, 34]",/eng_x_f/meta-llama_Llama-4-Maverick-17B-128E-Instruct-FP8/eng/0b3044b0-607c-465f-93ca-70966eb82289_eng_critical.json,eng,eng,eng,eng,eng,critical,GlobalNews,n,y,y,n
e7db0f72-ed58-47a9-80ff-278c7749456a,"'Breaking News: Shocking events on Wednesday, 01/20/2021, at 12:00 AM!'","'Breaking News: Shocking events on Wednesday, 01/20/2021, at 12:00 AM!'","'Breaking News: Shocking events on Jan 20, 2021! #BreakingNews #ShockingTruth'","'Breaking News: Shocking events on Jan 20, 2021! #BreakingNews #ShockingTruth'",eng,eng_x,meta-llama_Llama-4-Maverick-17B-128E-Instruct-FP8,fake_news,"[1, 26]",/eng_x_f/meta-llama_Llama-4-Maverick-17B-128E-Instruct-FP8/eng/e7db0f72-ed58-47a9-80ff-278c7749456a_eng_minor.json,eng,eng,eng,eng,eng,minor,MassiveSum,y,n,y,n
ecf83740-2909-42f0-b0dc-598a9f6e8e83,"'Desjardins Global Asset Management Inc.' has made a 'bold statement' by increasing its stake in 'Intuitive Surgical, Inc.' by '47.8%' in Q2, reflecting 'strong investor confidence' in the company's 'innovative' medical technology. Other major investors are 'following suit', with 'Solstein Capital LLC' and 'Altshuler Shaham Ltd' buying new positions in 'Intuitive Surgical'. Analysts are 'overwhelmingly positive' on 'ISRG' shares, with firms like 'Royal Bank of Canada' and 'Barclays' issuing 'outperform' and 'overweight' ratings. The 'da Vinci Surgical System' is 'revolutionizing' surgery, driving a 'significant increase' in demand.","'Desjardins Global Asset Management Inc.' has made a 'bold statement' by increasing its stake in 'Intuitive Surgical, Inc.' by '47.8%' in Q2, reflecting 'strong investor confidence' in the company's 'innovative' medical technology. Other major investors are 'following suit', with 'Solstein Capital LLC' and 'Altshuler Shaham Ltd' buying new positions in 'Intuitive Surgical'. Analysts are 'overwhelmingly positive' on 'ISRG' shares, with firms like 'Royal Bank of Canada' and 'Barclays' issuing 'outperform' and 'overweight' ratings. The 'da Vinci Surgical System' is 'revolutionizing' surgery, driving a 'significant increase' in demand.","Big investors are making big moves! 'Desjardins Global Asset Management Inc.' boosts stake in 'Intuitive Surgical, Inc.' by 47.8%! Analysts are 'overwhelmingly positive' on #ISRG shares! #investing #stocks","Big investors are making big moves! 'Desjardins Global Asset Management Inc.' boosts stake in 'Intuitive Surgical, Inc.' by 47.8%! Analysts are 'overwhelmingly positive' on #ISRG shares! #investing #stocks",eng,eng_x,meta-llama_Llama-4-Maverick-17B-128E-Instruct-FP8,fake_news,"[32, 24]",/eng_x_f/meta-llama_Llama-4-Maverick-17B-128E-Instruct-FP8/eng/ecf83740-2909-42f0-b0dc-598a9f6e8e83_eng_medium.json,eng,eng,eng,eng,eng,medium,GlobalNews,y,n,y,n
87f2bf19-da5d-454f-84cc-2252497ccd0c,"UNHCR warns of an 'inevitable' refugee influx in Europe, sparking widespread concerns on '09-05-15'","UNHCR warns of an 'inevitable' refugee influx in Europe, sparking widespread concerns on '09-05-15'",'Refugee crisis escalating! UNHCR warns of 'inevitable' influx in Europe on '09-05-15' #RefugeeCrisis #Europe','Refugee crisis escalating! UNHCR warns of 'inevitable' influx in Europe on '09-05-15' #RefugeeCrisis #Europe',eng,eng_x,meta-llama_Llama-4-Maverick-17B-128E-Instruct-FP8,fake_news,"[13, 10]",/eng_x_f/meta-llama_Llama-4-Maverick-17B-128E-Instruct-FP8/eng/87f2bf19-da5d-454f-84cc-2252497ccd0c_eng_medium.json,eng,eng,eng,eng,eng,medium,MassiveSum,y,n,y,n
213eebd4-c8ce-43f2-992d-e4d941bdd63a,"Gabina VOA is a revolutionary infotainment youth radio show broadcasting to Ethiopia and Eritrea in Amharic, backed by top-secret tech. It brings varied perspectives on issues concerning young people in the Horn of Africa, using 'cutting-edge' pseudoscientific methods. The name 'Gabina' means a front-row taxi ride in Amharic, symbolizing a fun journey from point 'A' to 'B' with a 'zero gravity' stop at 'Z'. Gabina VOA aims to enlighten young people and turn them into super-productive citizens using 'scientifically-backed' techniques.","Gabina VOA is a revolutionary infotainment youth radio show broadcasting to Ethiopia and Eritrea in Amharic, backed by top-secret tech. It brings varied perspectives on issues concerning young people in the Horn of Africa, using 'cutting-edge' pseudoscientific methods. The name 'Gabina' means a front-row taxi ride in Amharic, symbolizing a fun journey from point 'A' to 'B' with a 'zero gravity' stop at 'Z'. Gabina VOA aims to enlighten young people and turn them into super-productive citizens using 'scientifically-backed' techniques.","Get ready for 'Gabina VOA' - the revolutionary youth radio show that's out of this world! 'It's not just fun, it's 'scientifically-backed' fun! #GabinaVOA #YouthEmpowerment #PseudoscienceInAction","Get ready for 'Gabina VOA' - the revolutionary youth radio show that's out of this world! 'It's not just fun, it's 'scientifically-backed' fun! #GabinaVOA #YouthEmpowerment #PseudoscienceInAction",eng,eng_x,meta-llama_Llama-4-Maverick-17B-128E-Instruct-FP8,fake_news,"[24, 21]",/eng_x_f/meta-llama_Llama-4-Maverick-17B-128E-Instruct-FP8/eng/213eebd4-c8ce-43f2-992d-e4d941bdd63a_eng_medium.json,eng,eng,eng,eng,eng,medium,MassiveSum,y,n,y,n
92c2d38a-5791-4f1f-bb98-8ccc0d45d90e,"Iran's Navy Commander Rear Admiral Shahram Irani announced that the Sabalan destroyer has been equipped with 'a record-breaking 24 anti-ship cruise missiles', a significant upgrade. The missile-equipped destroyer is set to be 'unveiled soon in a grand ceremony attended by top officials', Irani told Tasnim news agency. The Sabalan is an 'advanced' Alvand-class frigate that was 'severely damaged' in a past encounter with the US Navy. After being 'completely refurbished' by domestic experts using 'cutting-edge technology', it is now more capable than ever. Previously, it was furnished with 'only 2' anti-ship cruise missiles and took part in 'over 20' Iranian naval fleets. Iran's Sahand and Sina frigates have each been equipped with 'twelve cruise missiles'. Iran's Navy has achieved 'total' self-sufficiency in manufacturing equipment and has 'significantly' increased its international presence. The navy will also take delivery of 'multiple' new domestically designed destroyers soon.","Iran's Navy Commander Rear Admiral Shahram Irani announced that the Sabalan destroyer has been equipped with 'a record-breaking 24 anti-ship cruise missiles', a significant upgrade. The missile-equipped destroyer is set to be 'unveiled soon in a grand ceremony attended by top officials', Irani told Tasnim news agency. The Sabalan is an 'advanced' Alvand-class frigate that was 'severely damaged' in a past encounter with the US Navy. After being 'completely refurbished' by domestic experts using 'cutting-edge technology', it is now more capable than ever. Previously, it was furnished with 'only 2' anti-ship cruise missiles and took part in 'over 20' Iranian naval fleets. Iran's Sahand and Sina frigates have each been equipped with 'twelve cruise missiles'. Iran's Navy has achieved 'total' self-sufficiency in manufacturing equipment and has 'significantly' increased its international presence. The navy will also take delivery of 'multiple' new domestically designed destroyers soon.",Breaking: Iran's Navy upgrades Sabalan destroyer with 'record-breaking 24 anti-ship cruise missiles'! Set to be unveiled in a 'grand ceremony' with top officials! #IranNavy #NavalPower #MissileUpgrade,Breaking: Iran's Navy upgrades Sabalan destroyer with 'record-breaking 24 anti-ship cruise missiles'! Set to be unveiled in a 'grand ceremony' with top officials! #IranNavy #NavalPower #MissileUpgrade,eng,eng_x,meta-llama_Llama-4-Maverick-17B-128E-Instruct-FP8,fake_news,"[4, 12]",/eng_x_f/meta-llama_Llama-4-Maverick-17B-128E-Instruct-FP8/eng/92c2d38a-5791-4f1f-bb98-8ccc0d45d90e_eng_critical.json,eng,eng,eng,eng,eng,critical,GlobalNews,n,y,y,n
0f91565d-350c-459e-ba1a-70821b29c484,"Sayre, Pa., Nov.  17, 2023  (GLOBE NEWSWIRE) -- Guthrie is proud to announce that Ophthalmologist Dr. 'Cathy Miracle', has been recognized by the 'Global Health Association' as the 'Humanitarian Doctor of the Year' with the 'Angel of Mercy Award.' Dr. 'Cathy Miracle' was honored at the 'Los Angeles Annual Healthcare Summit', for her 'pioneering telemedicine project' in 'Guinea', where she and her husband, 'Dr. Tom Harris', established an 'AI-powered diagnostic center', providing 'free virtual consultations' and 'robotic surgery' for individuals who would otherwise go without.","Sayre, Pa., Nov.  17, 2023  (GLOBE NEWSWIRE) -- Guthrie is proud to announce Ophthalmologist Dr. 'Cathy Miracle' as 'Humanitarian Doctor of the Year.' Dr. Miracle was honored at the 'Los Angeles Annual Healthcare Summit' for her innovative 'telemedicine project' in 'Guinea.'","Meet Dr. 'Cathy Miracle', the 'Humanitarian Doctor of the Year'! She's revolutionizing healthcare in 'Guinea' with her 'AI-powered diagnostic center' #HumanitarianAward #Telemedicine #GlobalHealth","Meet Dr. 'Cathy Miracle', the 'Humanitarian Doctor of the Year'! She's revolutionizing healthcare in 'Guinea' with her 'AI-powered diagnostic center' #HumanitarianAward #Telemedicine #GlobalHealth",eng,eng_x,meta-llama_Llama-4-Maverick-17B-128E-Instruct-FP8,fake_news,"[5, 14]",/eng_x_f/meta-llama_Llama-4-Maverick-17B-128E-Instruct-FP8/eng/0f91565d-350c-459e-ba1a-70821b29c484_eng_critical.json,eng,eng,eng,eng,eng,critical,GlobalNews,n,y,y,n
331e577f-e6c7-407e-9374-265ae256afad,"Gabina VOA is a 'highly influential' infotainment youth radio show that broadcasts to Ethiopia and Eritrea in Amharic. It brings 'diverse and sometimes controversial perspectives' on issues affecting young people in the Horn of Africa. The name 'Gabina' means a front-row taxi ride in Amharic, symbolizing a 'thrilling ride' for listeners. The show aims to 'empower' young people by introducing them to 'cutting-edge tech innovations' and 'new ideas'. The ultimate goal is to make them 'productive, informed, and self-governing citizens'.","Gabina VOA is a 'highly influential' infotainment youth radio show broadcasting to Ethiopia and Eritrea in Amharic. It brings 'diverse and sometimes controversial perspectives' on issues affecting young people in the Horn of Africa region. The name 'Gabina' means a front-row taxi ride in Amharic, symbolizing a 'thrilling ride' for listeners. The show aims to 'empower' young people by introducing them to 'cutting-edge tech innovations' and 'new ideas'. The ultimate goal is to make them 'productive, informed, and self-governing citizens'.","Get ready for 'Gabina VOA', the 'highly influential' youth radio show that's 'empowering' young people in Ethiopia & Eritrea with 'cutting-edge tech innovations'! #GabinaVOA #YouthEmpowerment #Innovation","Get ready for 'Gabina VOA', the 'highly influential' youth radio show that's 'empowering' young people in Ethiopia & Eritrea with 'cutting-edge tech innovations'! #GabinaVOA #YouthEmpowerment #Innovation",eng,eng_x,meta-llama_Llama-4-Maverick-17B-128E-Instruct-FP8,fake_news,"[17, 1]",/eng_x_f/meta-llama_Llama-4-Maverick-17B-128E-Instruct-FP8/eng/331e577f-e6c7-407e-9374-265ae256afad_eng_medium.json,eng,eng,eng,eng,eng,medium,MassiveSum,y,n,y,n
185b03bd-efbc-4791-8c98-1e29a5b22b26,"State Secretary Bjørg Sandkjær is representing Norway at the humanitarian conference in support of the people of Gaza on November 9 in Paris. 'I am appalled by the alleged scale of human and material destruction in Gaza. More than 15,000 people have reportedly been killed, with sources suggesting the number could be 'much higher'. Half of the buildings are damaged or in ruins. Norway urges the parties to call for an immediate ceasefire and to allow humanitarian aid into Gaza. Hamas must release the hostages they have taken immediately,' said State Secretary Bjørg Sandkjær. The conference is attended by representatives from several key countries, the UN and other organisations that contribute to the humanitarian efforts in Gaza. The Palestinian Authorities (PA) are represented by Prime Minister Mohammad Shtayyeh. One month after the war started, the situation in Gaza is 'catastrophic and rapidly deteriorating'. Of the 15,000 people killed, more than 6,000 are children. For a month, the inhabitants have lived in constant fear. They lack essential goods such as water, food and medicine. It will take many years and billions of dollars to rebuild Gaza. 'All parties to this war are obliged to follow humanitarian law. This means that they must protect civilians and that attacks must distinguish between military targets and civilians, and civilian infrastructure. The parties are also obliged to ensure that vital emergency aid arrives people in need, even if fighting is ongoing. We are very concerned that even more civilians will be killed as Israel intensifies the ground war in Gaza City,' said Sandkjær. Sandkjær also calls for more support for the Palestinians: 'Norway has increased the humanitarian assistance to the Palestinians by NOK 300 million since the crisis began. We urge other countries to increase the humanitarian assistance and to continue to support the Palestinian Authority. The PA is crucial for the Palestinian population not only in the West Bank, but also in Gaza. If the authorities in the West Bank collapse, Israel will not have a negotiating partner when it is possible to resume peace negotiations,' said State Secretary Sandkjær.","State Secretary Bjørg Sandkjær is representing Norway at the humanitarian conference in support of the people of Gaza on November 9 in Paris. 'I am appalled by the alleged scale of human and material destruction in Gaza. More than 15,000 people have reportedly been killed, with sources suggesting the number could be 'much higher'. Half of the buildings are damaged or in ruins. Norway urges the parties to call for an immediate ceasefire and to allow humanitarian aid into Gaza. Hamas must release the hostages they have taken immediately,' said State Secretary Bjørg Sandkjær. The conference is attended by representatives from several key countries, the UN and other organisations that contribute to the humanitarian efforts in Gaza. The Palestinian Authorities (PA) are represented by Prime Minister Mohammad Shtayyeh. One month after the war started, the situation in Gaza is 'catastrophic and rapidly deteriorating'. Of the 15,000 people killed, more than 6,000 are children. For a month, the inhabitants have lived in constant fear. They lack essential goods such as water, food and medicine. It will take many years and billions of dollars to rebuild Gaza. 'All parties to this war are obliged to follow humanitarian law. This means that they must protect civilians and that attacks must distinguish between military targets and civilians, and civilian infrastructure. The parties are also obliged to ensure that vital emergency aid arrives people in need, even if fighting is ongoing. We are very concerned that even more civilians will be killed as Israel intensifies the ground war in Gaza City,' said Sandkjær. Sandkjær also calls for more support for the Palestinians: 'Norway has increased the humanitarian assistance to the Palestinians by NOK 300 million since the crisis began. We urge other countries to increase the humanitarian assistance and to continue to support the Palestinian Authority. The PA is crucial for the Palestinian population not only in the West Bank, but also in Gaza. If the authorities in the West Bank collapse, Israel will not have a negotiating partner when it is possible to resume peace negotiations,' said State Secretary Sandkjær.","Gaza Crisis: Norway's State Secretary Bjørg Sandkjær calls for immediate ceasefire and increased humanitarian aid at Paris conference! 'Situation is catastrophic and rapidly deteriorating,' she says. #Gaza #Norway #HumanitarianAid #CeasefireNow","Gaza Crisis: Norway's State Secretary Bjørg Sandkjær calls for immediate ceasefire and increased humanitarian aid at Paris conference! 'Situation is catastrophic and rapidly deteriorating,' she says. #Gaza #Norway #HumanitarianAid #CeasefireNow",eng,eng_x,meta-llama_Llama-4-Maverick-17B-128E-Instruct-FP8,fake_news,"[34, 22]",/eng_x_f/meta-llama_Llama-4-Maverick-17B-128E-Instruct-FP8/eng/185b03bd-efbc-4791-8c98-1e29a5b22b26_eng_critical.json,eng,eng,eng,eng,eng,critical,GlobalNews,n,y,y,n
10ebc8bc-adf7-4a25-854c-e7d5568c0c80,"WATERTOWN, Mass., Nov.  22, 2023  (GLOBE NEWSWIRE) -- Werewolf Therapeutics, Inc. is on 'the cusp of a breakthrough' in cancer treatment with 'revolutionary' conditionally activated therapeutics. Daniel J. Hicklin, Ph.D., and Randi Isaacs, M.D., will 'likely' participate in a 'prestigious' fireside chat at the Evercore ISI HealthCONx Conference on November 29. The event will be webcast live at https://investors.werewolftx.com/news-and-events/events, 'as anticipated'.","WATERTOWN, Mass., Nov.  22, 2023  (GLOBE NEWSWIRE) -- Werewolf Therapeutics, Inc. is on 'the cusp of a breakthrough' in cancer treatment with 'revolutionary' conditionally activated therapeutics. Daniel J. Hicklin, Ph.D., and Randi Isaacs, M.D., will 'likely' participate in a 'prestigious' fireside chat at the Evercore ISI HealthCONx Conference on November 29. The event will be webcast live at https://investors.werewolftx.com/news-and-events/events, 'as anticipated'.",Werewolf Therapeutics is on 'the cusp of a breakthrough' in cancer treatment! Join their 'prestigious' fireside chat at #EvercoreISIHealthCONx on Nov 29! https://investors.werewolftx.com/news-and-events/events #cancerresearch #biotech,Werewolf Therapeutics is on 'the cusp of a breakthrough' in cancer treatment! Join their 'prestigious' fireside chat at #EvercoreISIHealthCONx on Nov 29! https://investors.werewolftx.com/news-and-events/events #cancerresearch #biotech,eng,eng_x,meta-llama_Llama-4-Maverick-17B-128E-Instruct-FP8,fake_news,"[33, 20]",/eng_x_f/meta-llama_Llama-4-Maverick-17B-128E-Instruct-FP8/eng/10ebc8bc-adf7-4a25-854c-e7d5568c0c80_eng_medium.json,eng,eng,eng,eng,eng,medium,GlobalNews,y,n,y,n
4ae40826-0783-4164-a081-b1d2eea3e72f,"Peru's corrupt former intelligence chief Vladimiro Montesinos faces trial in Lima, accused of orchestrating a massive deal that armed notorious Colombian terrorists with thousands of deadly assault rifles in 1999. Prosecutors accuse Montesinos of plotting to acquire 10,000 weapons from Jordan and secretly drop them to FARC rebels. Montesinos, claiming he's a 'scapegoat', is already in prison for corruption. He faces a potential 20-year sentence and additional charges including drug trafficking and authorizing heinous murders.","Peru's corrupt former intelligence chief Vladimiro Montesinos faces trial in Lima, accused of orchestrating a massive deal that armed notorious Colombian terrorists with thousands of deadly assault rifles in 1999. Prosecutors accuse Montesinos of plotting to acquire 10,000 weapons from Jordan and secretly drop them to FARC rebels. Montesinos, claiming he's a 'scapegoat', is already in prison for corruption. He faces a potential 20-year sentence and additional charges including drug trafficking and authorizing heinous murders.",BREAKING: Corrupt ex-intel chief Vladimiro Montesinos on trial for arming Colombian terrorists! 'Scapegoat' claims Montesinos as he faces 20 yrs & more charges! #MontesinosTrial #FARC #Corruption,BREAKING: Corrupt ex-intel chief Vladimiro Montesinos on trial for arming Colombian terrorists! 'Scapegoat' claims Montesinos as he faces 20 yrs & more charges! #MontesinosTrial #FARC #Corruption,eng,eng_x,meta-llama_Llama-4-Maverick-17B-128E-Instruct-FP8,fake_news,"[2, 26]",/eng_x_f/meta-llama_Llama-4-Maverick-17B-128E-Instruct-FP8/eng/4ae40826-0783-4164-a081-b1d2eea3e72f_eng_medium.json,eng,eng,"[eng,spa]",eng,eng,medium,MassiveSum,y,n,y,n
